;('LV4.101 Bus 1', 'L1');('LV4.101 Bus 10', 'L1');('LV4.101 Bus 11', 'L1');('LV4.101 Bus 12', 'L1');('LV4.101 Bus 13', 'L1');('LV4.101 Bus 14', 'L1');('LV4.101 Bus 15', 'L1');('LV4.101 Bus 16', 'L1');('LV4.101 Bus 17', 'L1');('LV4.101 Bus 18', 'L1');('LV4.101 Bus 19', 'L1');('LV4.101 Bus 2', 'L1');('LV4.101 Bus 20', 'L1');('LV4.101 Bus 21', 'L1');('LV4.101 Bus 22', 'L1');('LV4.101 Bus 23', 'L1');('LV4.101 Bus 24', 'L1');('LV4.101 Bus 25', 'L1');('LV4.101 Bus 26', 'L1');('LV4.101 Bus 28', 'L1');('LV4.101 Bus 29', 'L1');('LV4.101 Bus 3', 'L1');('LV4.101 Bus 30', 'L1');('LV4.101 Bus 31', 'L1');('LV4.101 Bus 32', 'L1');('LV4.101 Bus 33', 'L1');('LV4.101 Bus 34', 'L1');('LV4.101 Bus 35', 'L1');('LV4.101 Bus 36', 'L1');('LV4.101 Bus 37', 'L1');('LV4.101 Bus 38', 'L1');('LV4.101 Bus 39', 'L1');('LV4.101 Bus 4', 'L1');('LV4.101 Bus 40', 'L1');('LV4.101 Bus 41', 'L1');('LV4.101 Bus 42', 'L1');('LV4.101 Bus 43', 'L1');('LV4.101 Bus 44', 'L1');('LV4.101 Bus 5', 'L1');('LV4.101 Bus 6', 'L1');('LV4.101 Bus 7', 'L1');('LV4.101 Bus 8', 'L1');('LV4.101 Bus 9', 'L1');('MV1.101 Bus 52', 'L1');('metainfo', 'in the first', 'few indices')
2016-01-17 00:00:00;0.9999487961112733;0.9998610475917874;1.000000065741915;0.9999568350287446;0.9999849678891675;0.9999642106567246;1.0001992819031504;1.0000000565419707;0.9999527251758923;1.000000053369657;0.9999590977399949;1.0000000508547138;1.0000000507702889;0.9999803245187177;1.000000057038819;0.9999994993068904;1.0000000568894853;1.0000000668510287;1.0000000522968735;0.999967799963877;0.9999501365778258;0.9999006307778237;0.999999859278757;1.0001854032131205;1.0002051721865854;0.9999567864374845;0.9999162387746541;0.9999771663424849;0.9978666710475318;0.9970243086836614;0.9962279887512141;0.9958851170187007;0.9999598409858488;0.9953863767095393;0.9951957819441032;0.9957685334326262;0.9957362650498677;0.9957138269376691;1.0000000506086342;0.9999654151718463;0.9999531126266709;0.9999845171266575;0.9999973081602911;1.024999976158142;simulation#404
2016-01-17 00:15:00;0.999954185089312;0.99988819604453;1.000000063607673;0.9999599198510708;0.9999855476413486;0.9999649204248918;1.0001955832560543;1.0000000555728754;0.9999503299434626;1.0000000529218673;0.9999635131668135;1.0000000507550297;1.000000050681063;0.9999841002572839;1.0000000558735274;0.9999997299149127;1.0000000557888529;1.0000000646598262;1.0000000520092585;0.9999669486586975;0.999953370381515;0.9999100757708175;0.9999999049151231;1.0001821508130802;1.0002012532740612;0.9999584959613911;0.9999240472205189;0.99997832866477;0.9977799124808151;0.9969000397068349;0.9960797417050817;0.9957234346119663;0.9999637825358765;0.9952261616812125;0.995019426360459;0.9955879354469337;0.9955552145551753;0.9955337178378609;1.0000000505528361;0.9999690606125802;0.9999553531726837;0.9999823984103489;0.9999985327141944;1.024999976158142;comment data format: active and reactive powers in Watts
2016-01-17 00:30:00;0.9999491656578581;0.999888176212385;1.0000000649370804;0.9999548153301839;0.9999846217223016;0.9999603149211631;1.0001967037576485;1.000000056108216;0.9999450922982619;1.0000000531266038;0.9999605827764163;1.0000000507021736;1.0000000506362263;0.9999836069074113;1.0000000564328944;0.9999994863388084;1.0000000563611784;1.0000000660934285;1.0000000521321384;0.9999624350373401;0.9999470188297096;0.9999049260286389;0.9999998224001991;1.000183020155778;1.0002026072332377;0.999952194323781;0.9999192212504527;0.9999758114917303;0.9978551640593294;0.997004636331155;0.9962094440463894;0.9958652790124299;0.9999622696809259;0.9953712871533794;0.9951729675274542;0.9957437283406007;0.9957125987591181;0.9956918157330553;1.0000000505567748;0.9999678979061055;0.9999488000597251;0.9999797046312925;0.9999988882319991;1.024999976158142;step time in minutes: 15
2016-01-17 00:45:00;1.00027708169088;1.0002502727919322;1.000305487066288;1.0002809657915797;1.0002993733924195;1.0002856269822078;1.0004875015903283;1.000304962582291;1.0002840809280342;1.0003048774873942;1.0002856354251837;1.0003049136507443;1.000304921181027;1.0002962652413845;1.0003049973679428;1.0003042424747397;1.0003049913678488;1.0003055640050134;1.0003048860827797;1.0002880499198923;1.0002755886008756;1.0002618926370412;1.000304735802839;1.0004746052802178;1.0004930832428875;1.00027912984345;1.0002676307393843;1.0002930113691821;0.9981727088290397;0.9973513097631208;0.9965823638646089;0.9962613588054208;1.0002893602487182;0.9958021104298151;0.995611580722167;0.9961469613829224;0.9961150770772838;0.996094346794015;1.000304947864134;1.0002917327257155;1.0002768035007572;1.0002972591252854;1.000304112829983;1.024999976158142;start time of simulation: 2016-01-17 00:00:00+00:00
2016-01-17 01:00:00;1.000285572321833;1.000256514993176;1.0003050216242002;1.000288610923641;1.0002997813997105;1.0002915258635978;1.0004856143304954;1.0003048797951666;1.0002881016811482;1.0003049440223295;1.000290063288665;1.0003050336493995;1.0003050486390597;1.0002979088685058;1.0003048776375933;1.0003046010914882;1.000304877948736;1.0003050582899036;1.0003049894024933;1.0002929028483976;1.000285495211394;1.0002694730349397;1.0003047760307302;1.0004732001457377;1.0004907640458167;1.0002881151265113;1.0002747942180168;1.000296460064564;0.9982277420057798;0.997437298781601;0.9966924718696406;0.996387597801152;1.0002910466867765;0.9959561329491825;0.9957759951422919;0.9962757345630786;0.9962450860197108;0.9962248922358148;1.000305099404731;1.0002930134276393;1.000286565452091;1.000299226558748;1.0003041434324187;1.024999976158142;end time of simulation: 2016-01-31 00:00:00+00:00
2016-01-17 01:15:00;1.0002830331158417;1.0002596103708425;1.0003049637769639;1.0002873847548117;1.000300820383524;1.0002914928458346;1.0004869360688011;1.0003048985181875;1.0002915220833275;1.000305017370937;1.000290399575302;1.0003051371110527;1.0003051594868115;1.0002980229177807;1.0003048873498401;1.0003044857270893;1.000304889597857;1.0003049921460323;1.0003050856331988;1.0002929801837877;1.000281193581902;1.0002719982433383;1.0003047143600807;1.0004743777835579;1.0004922919114725;1.0002852412396561;1.0002760724346824;1.000296485350335;0.9983630862516255;0.9976292664309427;0.9969212207414274;0.9966349919907074;1.000293311833821;0.9962376388112986;0.9960814317602954;0.9965246941689824;0.996495603549303;0.9964808003447632;1.000305243355475;1.0002949554738996;1.0002825598189062;1.00029993863148;1.0003042867546272;1.024999976158142;"[""terminal(s) with malfunction: ['LV4.101 Bus 5']"", 'type of malfunction: EVSE without P(U) control']"
2016-01-17 01:30:00;1.0002826721714666;1.0002664576104565;1.000304878094275;1.000287096538995;1.0003013484128438;1.000291429896534;1.0004866763268714;1.0003050040780288;1.0002925348850897;1.0003051966157617;1.0002911168275652;1.0003053517303628;1.0003053770374963;1.0002988652270441;1.0003049764658993;1.0003044864256356;1.000304981343512;1.0003048816110567;1.000305284171487;1.000292646601555;1.0002796437703363;1.0002749737755618;1.000304763627997;1.000474096270732;1.00049212040116;1.0002838670821412;1.000278120212775;1.0002966768048829;0.9984667018492612;0.9977842549175662;0.9971303013442385;0.9968770851595036;1.000295090681865;0.9965259252278783;0.9963776020617374;0.9967792566609882;0.9967567373145787;0.9967475148263613;1.0003054715788946;1.0002965265554677;1.0002808838580293;1.0002997388850066;1.0003047729066559;1.024999976158142;terminals with PVs: ['LV4.101 Bus 16', 'LV4.101 Bus 5', 'LV4.101 Bus 24', 'LV4.101 Bus 2', 'LV4.101 Bus 11', 'LV4.101 Bus 18', 'LV4.101 Bus 20', 'LV4.101 Bus 25', 'LV4.101 Bus 22', 'LV4.101 Bus 26']
2016-01-17 01:45:00;1.0002861184123184;1.0002633624451078;1.0003049217814308;1.0002892549592828;1.000300828511939;1.0002928294033255;1.0004874049811676;1.0003052140286708;1.000291805775303;1.0003055132233583;1.0002912498891527;1.0003057321373086;1.0003057670542133;1.000298893230674;1.0003051621071213;1.0003046544184713;1.000305172107226;1.0003049084480693;1.000305636769553;1.0002941118924749;1.0002855072252848;1.0002748415837428;1.000305000554487;1.0004747347770206;1.0004927555119596;1.000288008095291;1.0002788886786953;1.000297499951338;0.9986270750720944;0.9979992791655141;0.9973839569911578;0.997143593845031;1.0002936885587501;0.9968213711509227;0.9966940704967869;0.9970431417873018;0.9970206914111414;0.9970114621282038;1.0003058861179734;1.0002952633537203;1.0002864377405947;1.0003001958060296;1.0003049540033724;1.024999976158142;terminals with EVSE: ['LV4.101 Bus 5', 'LV4.101 Bus 7', 'LV4.101 Bus 10', 'LV4.101 Bus 8', 'LV4.101 Bus 34', 'LV4.101 Bus 1', 'LV4.101 Bus 23', 'LV4.101 Bus 25', 'LV4.101 Bus 6', 'LV4.101 Bus 44']
2016-01-17 02:00:00;1.0002843715258993;1.000261644341156;1.0003050055074567;1.000288205126193;1.0003009412818338;1.0002922625778128;1.000486782631379;1.0003053617013213;1.0002919423058385;1.0003056693370371;1.0002906947164083;1.0003058744689037;1.0003059108683767;1.0002987306247813;1.0003053064750371;1.0003047933296305;1.0003053172031369;1.0003049832558442;1.000305792524927;1.000293522964286;1.0002830107092964;1.000273546976821;1.0003051256096216;1.000474177681683;1.0004921571969072;1.0002862612819532;1.0002775097799026;1.0002972128029772;0.9986566429440911;0.9980414495502532;0.9974386783986795;0.9972049222948387;1.0002937015968487;0.9968884980507678;0.9967636203327779;0.9971093193701648;0.997087167621791;0.9970779368088499;1.0003060374558412;1.0002952899255635;1.000284127547349;1.0003001576913035;1.0003050702492968;1.024999976158142;
2016-01-17 02:15:00;1.0002792912326377;1.0002453091785843;1.0003048775515315;1.0002837373575892;1.0002990433362478;1.0002884086569335;1.0004896466881654;1.0003051019200513;1.0002864510892004;1.0003054107611475;1.0002860934684792;1.0003056818661442;1.0003057172907825;1.0002962572168799;1.0003050548305188;1.0003044892235324;1.0003050646593592;1.0003048788195064;1.0003055499450024;1.0002901810031242;1.000278632615218;1.0002623577618435;1.0003048648318946;1.0004767887514936;1.0004951264333797;1.000282302630349;1.0002682547209127;1.0002946101825365;0.998681567450636;0.998078625754802;0.9974785144244024;0.99724729345763;1.0002888082736874;0.9969442001152882;0.9968279873979771;0.9971459672540126;0.9971237145508894;0.9971148529219895;1.0003058404471517;1.0002910456376726;1.0002800392926319;1.0002984292386388;1.0003045205388412;1.024999976158142;
2016-01-17 02:30:00;1.0002765458634775;1.0002527927239873;1.0003049495320118;1.0002820052035033;1.0002996918871392;1.0002872425404374;1.000490575041525;1.000305435787234;1.0002866002659758;1.0003058784477217;1.0002864509718403;1.0003062405812322;1.0003062845857393;1.0002973386747693;1.00030536682629;1.0003048158052277;1.0003053798259935;1.000304924770896;1.0003060654671831;1.0002883561955416;1.0002729245243507;1.000263708038193;1.00030512664799;1.0004777553112143;1.0004961838765756;1.0002779906802926;1.0002684335554661;1.0002943503494959;0.9988826729999954;0.998371966490051;0.9978380272690055;0.9976449025033026;1.0002908596676283;0.9974080369329534;0.997326683505215;0.9975491440968378;0.9975271805490136;0.9975187104485767;1.000306448765282;1.0002929269074774;1.0002744134941512;1.0002975760677895;1.0003055056751826;1.024999976158142;
2016-01-17 02:45:00;1.00028344275561;1.0002613640043905;1.0003050898184316;1.0002873572953064;1.0003005316328428;1.0002912830478827;1.0004901897907583;1.0003056532610162;1.000289659309662;1.0003061150869812;1.0002900398960597;1.0003064530243797;1.0003065007277672;1.0002990163471277;1.0003055761639572;1.000305131964929;1.000305590058459;1.000305051819952;1.0003063003118118;1.0002920986693606;1.0002814398491429;1.0002712939443104;1.0003054051145168;1.0004774552395712;1.0004956224968269;1.0002848299721299;1.0002755372897036;1.0002968774839023;0.9989119807174697;0.9984220203057302;0.9978991038813696;0.9977157408014241;1.0002929666963287;0.9975086301851512;0.9974376361670981;0.997612677268779;0.9975901772509117;0.9975817057065888;1.000306670535648;1.0002947163776295;1.0002825042847228;1.0002991871636326;1.000305789228164;1.024999976158142;
2016-01-17 03:00:00;1.0002875368629838;1.000260488150775;1.000305558107705;1.0002907173973747;1.0003009586158655;1.0002940177427209;1.0004909836605074;1.0003063105377998;1.0002912422980135;1.0003068266784678;1.000291536388977;1.000307166683464;1.000307224464327;1.0002997799747393;1.0003062190613798;1.0003058495846384;1.000306239870659;1.0003054984160031;1.0003070282247017;1.0002947522169847;1.000287262243802;1.000273378665811;1.000306108088141;1.0004782657856113;1.000496292881707;1.000289623856005;1.0002780161807165;1.0002986599826424;0.9990752507954144;0.9986565193489357;0.9981781960058691;0.9980186006570042;1.0002931308353882;0.9978502913513989;0.997810431018233;0.9979207282428717;0.997898515883299;0.9978900380196515;1.0003074128563683;1.0002948470909356;1.0002881923916502;1.0003006778050962;1.000306305005302;1.024999976158142;
2016-01-17 03:15:00;1.0002892320634558;1.0002631798782378;1.0003056322130097;1.0002924058287481;1.0003012187340476;1.0002952488253019;1.0004920747098194;1.0003064750804584;1.0002919008563351;1.000306985284027;1.0002928197341279;1.00030732353007;1.0003073846549455;1.0003004851901989;1.0003063924592295;1.0003061977928391;1.0003064149160446;1.0003055599567017;1.000307193698036;1.000295571181255;1.0002886977108116;1.0002750875960151;1.0003063236953464;1.000479435557064;1.0004973065301397;1.0002911752344055;1.0002795272225935;1.0002994931289702;0.9991314240150438;0.9987373297031036;0.998284323886095;0.9981389679199002;1.000293830774777;0.9979979588883657;0.9979623037789989;0.9980414362866055;0.9980182409483669;0.9980089894668974;1.0003075932217338;1.0002954590166375;1.0002896312961147;1.0003009934630607;1.0003065296193074;1.024999976158142;
2016-01-17 03:30:00;1.000278458105287;1.0002578118717025;1.0003052867203646;1.0002836553547878;1.000300969161672;1.0002892674221724;1.000493071928383;1.0003059714048717;1.0002905405202864;1.0003065721356867;1.0002880447964584;1.0003069840948824;1.0003070421564626;1.0002983372153655;1.0003058554666535;1.000305095642717;1.0003058738843214;1.0003052403121189;1.000306799435836;1.0002905564437903;1.000275231304148;1.000269011241361;1.0003055755175074;1.0004799546344518;1.0004988435505968;1.0002797759996673;1.0002728714936608;1.0002958045392418;0.9991304452964928;0.9987316698547876;0.9982708815152282;0.9981192701715819;1.000293267823897;0.9979787954495121;0.9979443236501832;0.9980130334115687;0.9979895854924247;0.9979811064373965;1.0003072497083065;1.0002950097189884;1.0002765713433766;1.0002992045909935;1.0003062385950492;1.024999976158142;
2016-01-17 03:45:00;1.000281643902075;1.000254842861922;1.0003053082695357;1.0002863680278204;1.0003007206805978;1.0002911987717247;1.0004931035613405;1.0003060254910596;1.000290824693688;1.0003066080937888;1.0002889145859084;1.0003070215195224;1.0003070785583128;1.0002983883054577;1.0003059147881888;1.0003053581366252;1.000305936142057;1.000305258616213;1.0003068340847832;1.000292339776877;1.000279869821703;1.000269143324432;1.0003057172198104;1.0004801190584867;1.0004986834031222;1.000283809074855;1.0002736352534287;1.000296835556357;0.999123823271824;0.9987279497514976;0.9982754539401953;0.9981315734421761;1.0002924361962775;0.9979845886200007;0.997947089824434;0.9980400902464469;0.9980171905503324;0.9980079395449746;1.0003072767539087;1.0002942285886391;1.0002812024182963;1.0002999615072234;1.0003060615038344;1.024999976158142;
2016-01-17 04:00:00;1.0002876547364976;1.0002611145099944;1.000305477052875;1.0002911144683813;1.0003012209530617;1.0002945475922822;1.0004910578809347;1.0003062043713082;1.00029253006751;1.0003067118430906;1.000291976519239;1.00030705695911;1.000307111179121;1.0002997828693294;1.0003061126326782;1.0003057669681032;1.0003061332145358;1.0003054200981192;1.0003069112370082;1.000295298761986;1.0002871753814724;1.0002744983903737;1.0003060014411558;1.0004783518675795;1.000496370987507;1.000289852179684;1.0002788452987121;1.0002989066465586;0.9990554064622755;0.9986282280061769;0.9981429340620708;0.9979796841447927;1.0002937260620726;0.9978151435244675;0.9977727148985388;0.9978743650630255;0.9978525232811708;0.9978436454208889;1.0003072954337668;1.0002953315353411;1.0002882008918081;1.0003010956731015;1.0003061592721225;1.024999976158142;
2016-01-17 04:15:00;1.000282845960914;1.0002455060221571;1.000305134096594;1.0002874067279857;1.0002995381395776;1.0002915402856463;1.0004917339680721;1.0003058016132012;1.000288578800566;1.0003062918911934;1.0002880234517182;1.000306657014553;1.0003067115407058;1.0002973800566903;1.000305715940965;1.0003054166262562;1.000305738582557;1.0003050892621854;1.0003064982105752;1.0002926268121977;1.0002826205883943;1.0002645987426702;1.0003056115416995;1.0004789972699424;1.0004970624270098;1.000286280034928;1.0002705057867496;1.0002967199810886;0.9989969680392353;0.998542554418332;0.9980459973248225;0.9978763442651671;1.0002894983282054;0.997684663658346;0.997626502438511;0.9977810228333128;0.9977584201322528;0.9977495444567579;1.0003069041412584;1.0002916069787988;1.0002840954337457;1.000299811206252;1.0003053645960018;1.024999976158142;
2016-01-17 04:30:00;1.0002849042273882;1.0002556332013852;1.0003051791370576;1.0002892773856908;1.000300484934215;1.0002929892922638;1.0004898047188924;1.000305806038878;1.0002907527616662;1.000306233084323;1.000290487142475;1.0003065415849888;1.0003065902266273;1.000298747441248;1.000305734707843;1.0003055240842997;1.0003057536152824;1.0003051326668215;1.0003064123228562;1.000293688783104;1.000283642918767;1.0002702158801522;1.000305635195615;1.0004772774691788;1.0004950593309012;1.000287417090483;1.0002749890603564;1.0002977472814834;0.9989105500500002;0.9984295571332829;0.9979124551385106;0.9977370669235773;1.0002921989707365;0.9975328934641605;0.9974657119158619;0.9976426309108813;0.9976211897889978;0.997612717609572;1.0003067643430075;1.0002939812525462;1.0002849927263038;1.0003002349969594;1.000305556811867;1.024999976158142;
2016-01-17 04:45:00;1.0002790831592627;1.0002563248338048;1.0003050756255223;1.0002841180777415;1.0003007791432628;1.000289580671258;1.0004904396584315;1.000305573279306;1.0002909102712376;1.00030604914208;1.0002880993947914;1.000306395689044;1.0003064409973508;1.0002978297278646;1.0003054813659122;1.0003047428938203;1.0003054969445289;1.0003050462582828;1.0003062333825827;1.0002911207865197;1.0002765096050887;1.000269144467425;1.0003052160582062;1.000477467950019;1.000496115529866;1.0002808760504425;1.0002731586546882;1.0002957227779314;0.9989183827105987;0.998444646661155;0.9979274365006994;0.997753985842354;1.0002929006001195;0.9975616157419366;0.9975006746038068;0.997654071818222;0.9976323220428368;0.997623449329515;1.000306600631605;1.0002946333363607;1.000277886251752;1.0002994396278937;1.000305531500105;1.024999976158142;
2016-01-17 05:00:00;1.0002760664071706;1.0002490023232;1.0003050487104372;1.0002816040393883;1.0003000630926637;1.000287627657428;1.0004907151581102;1.0003055612953446;1.0002887780926575;1.0003060396812966;1.0002858222717006;1.0003063860780765;1.0003064346283501;1.0002967367255948;1.0003054731015237;1.0003046558005362;1.0003054884086404;1.000305018309428;1.0003062286229762;1.000289423706205;1.0002734998456069;1.0002640763666548;1.0003051826661193;1.000477668057248;1.0004964583513678;1.0002782656758338;1.0002688076139166;1.0002944713653998;0.99893180986025;0.9984636021918256;0.9979532958055555;0.9977835935727455;1.000290946261592;0.9975925091491643;0.997531712258135;0.997687799419686;0.9976645858139194;0.9976557124953278;1.0003066074535432;1.0002929439049948;1.0002750425179054;1.000298700930827;1.0003053702331637;1.024999976158142;
2016-01-17 05:15:00;1.0002877165780553;1.0002632851716295;1.0003054294580207;1.0002909358102956;1.0003013223828974;1.000294328293044;1.0004882013248169;1.0003060079039885;1.0002926701463213;1.0003064108384112;1.0002921731680854;1.0003066584288447;1.0003067059581081;1.0002997925567452;1.0003059342713274;1.0003055284933324;1.0003059501168372;1.0003053833938615;1.000306566690622;1.0002952394658768;1.0002872067416495;1.0002755390043225;1.0003058052834954;1.0004756166229838;1.000493480384387;1.0002897068181207;1.0002796725379044;1.0002987142672237;0.9988904580014687;0.9984046910962682;0.9978691750192847;0.9976849247283498;1.0002941470184301;0.9974813795643025;0.997422324902365;0.9975782423652304;0.9975534672202029;0.9975407644745183;1.000306865634581;1.0002957050438475;1.0002881548367406;1.0003009996679475;1.0003058368629172;1.024999976158142;
2016-01-17 05:30:00;1.0002874218327815;1.000260433778763;1.0003052610117353;1.0002910448575426;1.0003007487683493;1.0002941639814225;1.0004910006490968;1.0003059663681966;1.0002912128536114;1.0003064324554771;1.000291822470307;1.0003067754623371;1.000306827125057;1.000299622758067;1.0003058916426617;1.0003057088558986;1.0003059116636859;1.0003052067823928;1.0003066268463614;1.0002946331231088;1.0002865557112635;1.0002731151290845;1.0003058139735022;1.0004784165262488;1.0004962328922227;1.0002895628209127;1.0002776663811048;1.0002985969087057;0.9989914778939646;0.9985338601007694;0.9980239138362217;0.9978459421492349;1.0002930558296887;0.9976579322079395;0.9976059055914691;0.9977370216217406;0.9977060960090911;0.997685297273075;1.0003070052062089;1.0002947408589185;1.0002876535931031;1.0003004678615433;1.0003059222253294;1.024999976158142;
2016-01-17 05:45:00;1.0002844265144772;1.0002636239582912;1.0003051174566737;1.0002887340750124;1.0003011316821235;1.0002926758601847;1.0004906991488345;1.0003057319713096;1.0002918913325698;1.000306188534224;1.0002913084441252;1.0003065161155946;1.0003065668848932;1.0002994809064356;1.0003056584377032;1.0003053132859492;1.0003056739031446;1.0003050735794683;1.0003063769673473;1.0002933162915129;1.0002820044049299;1.0002737663437036;1.0003055035870425;1.000478022738658;1.0004961041217928;1.0002858754239872;1.000277497494694;1.0002977224814884;0.9989419249854264;0.9984616329280591;0.99792425636134;0.9977304635933609;1.0002942476983696;0.9975337020855227;0.9974805399632386;0.9976064258593652;0.9975730117943171;0.997551151107215;1.00030675407735;1.0002957990802064;1.0002831978891906;1.000300018068384;1.0003058380659442;1.024999976158142;
2016-01-17 06:00:00;1.0002801540441277;1.0002516724237382;1.0003050400006077;1.0002848054293474;1.0002999361665175;1.0002896369208696;1.0004926689161808;1.0003056055148203;1.0002886258970654;1.0003061284157122;1.000287545025752;1.000306537629448;1.0003065871900623;1.0002975360804531;1.000305511122226;1.0003049337693908;1.0003055292163774;1.000305007849691;1.0003063386170024;1.0002909554363146;1.000278535528847;1.0002661838914892;1.0003053084250484;1.0004796634467126;1.0004982562833875;1.0002824253690639;1.000271165251527;1.00029571119465;0.9990071584692674;0.9985571622117712;0.9980463011632912;0.9978684058656168;1.0002909544001797;0.997705455675297;0.9976605147171232;0.9977424728830655;0.9977102415139452;0.9976883746107786;1.0003067578833738;1.0002929332047;1.0002798734223595;1.0002990003575332;1.0003055576488593;1.024999976158142;
2016-01-17 06:15:00;1.0002638385702722;1.000213979005868;1.000305662007889;1.000267247323194;1.0002926230697196;1.0002714606969443;1.0005004979220549;1.000304890293397;1.000258334862721;1.0003052158595422;1.000272240456565;1.0003058567325227;1.000305896777485;1.000291430984682;1.000304881600366;1.000304197941364;1.0003048828008376;1.000305881911708;1.0003054404411404;1.0002738659845996;1.0002632292582165;1.0002265165857558;1.0003046632426253;1.0004868215493448;1.0005063195192734;1.0002661961895702;1.0002387300123847;1.0002846678779709;0.9990378711101369;0.9985994881475687;0.9980935275034043;0.9979190043672376;1.000273767584691;0.9977661578289035;0.9977278713936066;0.9977906676779231;0.9977577052253299;0.9977369043252742;1.0003059764692606;1.000278574517943;1.0002643526558472;1.0002881091342377;1.0003050108144798;1.024999976158142;
2016-01-17 06:30:00;1.0002565321782255;1.0001975076302125;1.0003074710468938;1.0002598713267035;1.0002910401256773;1.0002637307825648;1.0005057094233407;1.0003049559667492;1.0002462313006835;1.0003049641900972;1.0002670093253188;1.0003055829894016;1.0003056156704702;1.0002890051819362;1.0003049811400346;1.0003044099104716;1.00030497580622;1.000308022601685;1.0003051353442625;1.0002673049570963;1.0002558534587789;1.0002093359032294;1.0003047806227336;1.0004917615797058;1.0005116176489341;1.0002594395611184;1.0002247951554664;1.0002800343000624;0.9990822724789095;0.9986577713232041;0.9981609275433303;0.9979895951639417;1.0002676091784786;0.9978430231068937;0.9978105185107863;0.9978612276499377;0.9978286855992227;0.9978073568398674;1.0003056597830533;1.0002737181296641;1.0002572206269487;1.0002846232733558;1.000304781044383;1.024999976158142;
2016-01-17 06:45:00;1.0002731975317383;1.000229538208497;1.000304956153806;1.0002772274303835;1.0002949440475464;1.00028063850407;1.000498171874806;1.0003051851012317;1.000269875431785;1.0003057022533401;1.0002796525678157;1.0003063550680749;1.000306401791212;1.0002945835156847;1.000305149319842;1.000304955530675;1.0003051593409567;1.0003050227493357;1.0003059649674817;1.0002814709805905;1.0002719526840207;1.0002425639807186;1.0003050505324982;1.0004850822769664;1.0005036359515775;1.0002755349618917;1.0002521035626444;1.0002902653392565;0.9990933767402095;0.9986818074519185;0.998197946883194;0.9980361592070243;1.0002801296290926;0.9979003529129987;0.9978702603764135;0.9979131651652325;0.9978815495529225;0.9978602185486212;1.0003065206713089;1.000283789933714;1.0002732258772533;1.0002922652462178;1.0003054757503076;1.024999976158142;
2016-01-17 07:00:00;1.000265467717619;1.0002197673426467;1.0003053278001093;1.0002703011244456;1.0002942899321128;1.0002752437318543;1.0005000805210962;1.0003049357879645;1.000265954157618;1.0003053315078871;1.0002751915021986;1.0003059536648078;1.000305996461842;1.0002923480560961;1.000304912613182;1.0003043293646887;1.0003049169046339;1.0003054788628225;1.000305567033315;1.0002773023054439;1.0002636198375447;1.0002341295964963;1.0003046899211225;1.0004865467766981;1.0005058990819273;1.0002680396818666;1.0002445109881903;1.0002868728810346;0.9990629628944715;0.9986372481076301;0.9981337455487117;0.9979610312653109;1.0002776410685303;0.997818720730244;0.9977895923458456;0.9978279106273692;0.9977955613083239;0.9977747587820252;1.0003061076361939;1.0002817648160978;1.0002651379541856;1.0002906448535116;1.0003049796695687;1.024999976158142;
2016-01-17 07:15:00;1.0002290874634792;1.0001008049441225;1.0003162680543003;1.000238959026221;1.0002913162369624;1.0002474230497485;1.0005191556271271;1.0003070448458358;1.0002301873859667;1.0003053131687643;1.0002505135578805;1.000304887394094;1.000304894629368;1.0002766728323642;1.0003073541452214;1.000306806092185;1.0003072447098293;1.0003177855702372;1.0003049973150104;1.0002588481709869;1.0002317894543953;1.0001527375202484;1.0003070506994722;1.0005043701389078;1.0005254464147308;1.0002430021102524;1.0001789434351382;1.0002689921530066;0.9990331561325069;0.9985787557229097;0.9980398205706277;0.9978436579433251;1.0002498176240129;0.9976469053811534;0.9976168263689135;0.9977164520286913;0.997682932651111;0.9976626789336235;1.000304920512132;1.0002595092159519;1.0002368817018938;1.0002866073909737;1.0003012843594525;1.024999976158142;
2016-01-17 07:30:00;1.000233407960338;1.0000897062484997;1.0003155820359635;1.0002447756432695;1.000292745036505;1.0002548751141804;1.0005175032338887;1.0003071759331579;1.0002433000519373;1.0003054227998915;1.0002525459046974;1.0003048785969082;1.000304877474636;1.0002755663265637;1.000307578546626;1.000306839388786;1.0003074299500867;1.0003168423274702;1.0003050688221948;1.0002671655718378;1.0002393802183829;1.000159901941042;1.0003072373981445;1.00050266697777;1.0005237580725725;1.0002509669767599;1.000185322704767;1.0002727013205828;0.9989088945451834;0.998399828612272;0.9977880453777151;0.9975505931467004;1.0002516775569088;0.9972765411807989;0.9972481708879987;0.997421123895993;0.9973897109665179;0.9973689260623251;1.0003048857385466;1.0002605862384497;1.0002451772720131;1.0002926925935727;1.0003000074133506;1.024999976158142;
2016-01-17 07:45:00;1.0002496208457585;1.0001450695908438;1.0003098392124097;1.0002574318409687;1.0002917053546672;1.0002642741020267;1.0005100825339674;1.0003054794468984;1.0002508305663573;1.0003048963592112;1.000262011324324;1.0003050753386868;1.000305099653677;1.00028258956062;1.000305623693079;1.0003051960279976;1.0003055734480624;1.000310584263536;1.0003048888827581;1.0002712908896838;1.0002530860423398;1.0001910679523258;1.0003054437569106;1.000495931990147;1.0005159689037133;1.0002606515088683;1.0002105049038892;1.0002789594048944;0.9989768656857425;0.9985041693860522;0.9979467985122615;0.9977416088120425;1.0002609617080624;0.9975266475667282;0.9974932036935175;0.9976148027414429;0.9975832055107274;0.997561887478596;1.0003051647731953;1.0002678698997167;1.000256797209521;1.0002905353421658;1.0003018997808426;1.024999976158142;
2016-01-17 08:00:00;1.0002542756430792;1.0001734661468573;1.0003082444286677;1.0002613313479756;1.0002926445574387;1.0002674531773164;1.0005037682043838;1.0003052139999957;1.0002554391956773;1.0003048786399165;1.0002666989361;1.0003050827772133;1.0003051056810754;1.0002862383778313;1.0003052939767436;1.0003048981591827;1.0003052692207608;1.0003088013179502;1.0003049075730348;1.0002725035879083;1.000254801800247;1.0002058896162909;1.0003051051648315;1.0004900878512215;1.0005095574676883;1.0002618163027752;1.0002219116238653;1.0002813898001173;0.998805592546623;0.998252132872525;0.9976465464700237;0.9974113341058498;1.0002671779434542;0.9971465349886385;0.9970762147177761;0.9972785350536744;0.9972449719899875;0.9972236688342848;1.000305171448859;1.0002731081678977;1.0002577902013337;1.000289992637215;1.0003028518953863;1.024999976158142;
2016-01-17 08:15:00;1.000254535040555;1.0001878909454138;1.0003082317141414;1.000260373728186;1.00029326338318;1.0002664330845317;1.0005003423669172;1.0003053352956266;1.0002553259339457;1.0003048972182806;1.0002676879638897;1.0003049867594354;1.0003050018798871;1.0002877238167067;1.0003054318940934;1.0003046914451332;1.000305407805094;1.0003087299350297;1.0003048806510746;1.00027142730923;1.0002540743255366;1.0002114835285385;1.0003051510623404;1.0004866166705142;1.0005062715947644;1.0002599710193953;1.0002261814910474;1.0002811735997228;0.9986354532423849;0.9980050225406144;0.9973435711361585;0.9970761761424395;1.000269812679978;0.99674115973145;0.9966422875935591;0.9969484209487993;0.9969159114163698;0.9968944798544334;1.0003050418565531;1.0002754996849768;1.0002564359403439;1.0002890216519633;1.000303359079741;1.024999976158142;
2016-01-17 08:30:00;1.0002606568394585;1.0001890858835423;1.0003090505098748;1.0002652239651748;1.0002935136575022;1.000269245770549;1.0004994295027203;1.0003055947455644;1.0002544814712864;1.000304996903089;1.0002704592115625;1.0003048920240742;1.000304897592671;1.0002887752533394;1.0003056738802294;1.0003053988524873;1.0003056482305044;1.0003096558594957;1.0003049010846743;1.0002739336662625;1.000261797739555;1.0002128335253297;1.0003055473817741;1.000486095221524;1.00050495607794;1.0002667029683565;1.0002284550953853;1.000282891435256;0.9984388206634532;0.9977175814305012;0.9969929787994565;0.9966888662302771;1.0002695279726976;0.9962602758304829;0.9961257975282111;0.996576055884219;0.9965446158248483;0.9965238671106694;1.0003049115196745;1.0002753595457032;1.000264017796007;1.0002898798358084;1.0003032511246877;1.024999976158142;
2016-01-17 08:45:00;1.0002487229925812;1.0001623961168276;1.0003129773435382;1.0002549270190424;1.0002942619768098;1.0002606762290547;1.0005070407945127;1.0003066055751393;1.0002464374092552;1.0003053132265818;1.0002643291841897;1.0003048797079976;1.0003048779708297;1.0002850815459192;1.000306789072066;1.0003062719520552;1.0003067309495766;1.0003140355274853;1.0003050460821419;1.0002685758307206;1.0002498927074175;1.0001931519036624;1.0003065508818316;1.0004930450054121;1.0005129685007785;1.0002571756639853;1.0002121960717285;1.0002777020094886;0.9985671870504716;0.9978993552389374;0.9972262127477035;0.9969508009351846;1.0002644262353348;0.9965936938748987;0.9964705998501905;0.9968274410971388;0.9968020605673811;0.9967910755581557;1.0003048783427095;1.0002716337550048;1.0002531015201115;1.0002893141344447;1.0003027432943619;1.024999976158142;
2016-01-17 09:00:00;0.9999098979988966;0.9997594130137382;1.0000001021541791;0.9999206101919617;0.9999698999115251;0.9999306181203076;1.0002186053270827;1.000000070795393;0.9999001739343468;1.0000000613723081;0.9999253002225343;1.0000000534487736;1.0000000533020637;0.9999658601882965;1.0000000718656414;0.9999993148177924;1.0000000715063975;1.0000001061441879;1.0000000581324393;0.9999358282891024;0.99991287034006;0.9998156767807569;0.9999998270241706;1.0002032592385883;1.0002251362371544;0.9999214723397005;0.9998457333406013;0.99995649866941;0.9978624363464556;0.9970042392287339;0.9961859093819002;0.9958279744189489;0.9999233542109179;0.9952863182730273;0.9950968157035577;0.9957206151744943;0.9956971598631257;0.9956884707950433;1.0000000532335458;0.9999342960911447;0.9999169231296753;0.9999661198583879;0.9999961504638374;1.024999976158142;
2016-01-17 09:15:00;0.9998997742886419;0.9997376259348508;1.0000001238721277;0.999912069840616;0.9999667612240145;0.9999228428949731;1.0002256212937453;1.0000000793520019;0.9998887886207782;1.0000000662751134;0.9999182325609256;1.000000055082983;1.0000000549112131;0.9999627219651059;1.0000000807077707;0.9999994805957634;1.0000000802463453;1.000000129554654;1.0000000617441083;0.9999281229320889;0.9999016698845069;0.9997965582353293;0.9999998454716145;1.0002099520291599;1.0002323126217765;0.9999120057514977;0.9998294979383708;0.9999517295050897;0.9978227188389355;0.9969468977254388;0.9961254950481946;0.9957678466832421;0.9999157639042435;0.9952214777361528;0.9950189658751529;0.9956640880506703;0.9956409373099631;0.9956322487344047;1.0000000549359682;0.9999278485673503;0.9999062595495362;0.9999618595771627;0.9999959635688686;1.024999976158142;
2016-01-17 09:30:00;0.9998967859867213;0.9997232527679086;1.0000001316818778;0.9999099499184003;0.9999655847022968;0.9999212045799066;1.0002276669458734;1.0000000821501929;0.9998861532974221;1.0000000679327898;0.9999154685315795;1.0000000556193462;1.0000000554351856;0.9999608662548014;1.0000000836040814;0.999999564821254;1.000000083065482;1.0000001380066192;1.000000062941448;0.9999268165319655;0.9998994939845871;0.9997886836568644;0.9999998746325026;1.0002119204070932;1.0002343480240838;0.999910497516136;0.9998231362720957;0.9999504710013477;0.9978372357427876;0.996983004155209;0.996150833267608;0.9957946136273712;0.9999121931730782;0.9952516493532715;0.9950748073224468;0.9956904364251162;0.9956685375076921;0.9956602281777066;1.0000000554649746;0.9999247083460527;0.9999044956894487;0.9999614515195661;0.999995511240551;1.024999976158142;
2016-01-17 09:45:00;0.9999068494177709;0.9997333388431723;1.0000001180260887;0.999919249735033;0.9999675538755031;0.9999291483914061;1.000224142641899;1.0000000768917205;0.999894880875464;1.0000000650946905;0.9999216519295949;1.0000000548597547;1.000000054682258;0.9999630008646938;1.000000078166709;0.9999998922134844;1.000000077660559;1.0000001232734035;1.0000000609145707;0.9999342709647088;0.9999111387851412;0.9998012994733197;0.9999999863657854;1.0002088679067418;1.0002304440319958;0.9999213265652104;0.9998344157273449;0.9999551031036157;0.9977629322891917;0.9968799883701619;0.9960052056411818;0.9956261380806767;0.9999165523134487;0.9950350541630961;0.9948619929718365;0.9955243574704752;0.9955018976803135;0.9954927993546429;1.0000000546212966;0.9999283094347968;0.9999160693605047;0.9999654569279428;0.9999953357569357;1.024999976158142;
2016-01-17 10:00:00;0.9998731240984289;0.9996459470022109;1.0000001739415465;0.9998886082675752;0.9999553855372928;0.9999013825345072;1.000238721758571;1.000000098496137;0.9998530874166106;1.0000000773878026;0.9998935535168134;1.0000000587875193;1.000000058538603;0.9999504135122643;1.0000001005005084;0.9999997414396766;1.000000099714434;1.000000183531874;1.000000069882589;0.9999081478815712;0.999878624149576;0.999730808536429;0.9999999586819471;1.0002223291639023;1.0002455410796711;0.9998912244428373;0.9997757582402832;0.9999378533782847;0.9978374779953503;0.9969816948539562;0.9961423524164091;0.9957836860013839;0.9998864649104685;0.9952367930444329;0.9950633998830773;0.9956789287241457;0.9956546289214183;0.9956451497199025;1.0000000587171243;0.999902607789056;0.9998847512911262;0.9999509419132675;0.9999941711940972;1.024999976158142;
2016-01-17 10:15:00;0.9999100542729511;0.9997834756552842;1.0000001019290308;0.9999180308213618;0.9999687214487595;0.9999257038171805;1.0002165571126045;1.000000070409627;0.9998895043573244;1.0000000610853865;0.9999258213608847;1.000000053190965;1.0000000530652422;0.9999688733895119;1.0000000711766892;0.9999993929278064;1.0000000709643284;1.000000106154769;1.0000000579136996;0.999929280342733;0.9999098784217395;0.9998166237135572;0.999999822345383;1.000201433089576;1.0002230382381845;0.9999166760315668;0.99984616783137;0.9999545518783319;0.9978735748978097;0.9970506369263203;0.9962256479669176;0.9958780487891427;0.9999240317195504;0.9953627971056647;0.9952079276249716;0.9957664394923785;0.9957406657933517;0.995731565280485;1.0000000531120736;0.9999352962306658;0.9999126545875967;0.9999603069740173;0.9999977540596888;1.024999976158142;
2016-01-17 10:30:00;0.9999211611261494;0.9998223906127045;1.0000000908361357;0.9999276566698314;0.9999736311545584;0.9999346463431212;1.000212140738611;1.0000000661372301;0.9999050486729261;1.0000000585393818;0.9999362167593328;1.0000000521728682;1.0000000520863108;0.9999739492456954;1.0000000667329922;0.9999991986435762;1.0000000666123465;1.0000000941489366;1.000000056022881;0.9999378388652262;0.9999197609615572;0.9998449956779907;0.9999997628078984;1.000197168732469;1.0002186396299666;0.99992538197956;0.9998694097445359;0.9999603055856439;0.9979524797446272;0.9971678627944733;0.9963616377519245;0.9960247189504998;0.9999365685539657;0.9955140639399356;0.9953794338845753;0.9959242100007071;0.9959016852409195;0.9958929943843879;1.0000000522050971;0.9999460902903714;0.9999218487611404;0.9999650683455227;0.9999984878734538;1.024999976158142;
2016-01-17 10:45:00;0.9999425918483582;0.9998577741980779;1.0000000770064752;0.9999472206733513;0.9999786313557694;0.9999510823058725;1.000203997038991;1.000000060511298;0.9999240430307585;1.000000055727218;0.9999513486344598;1.000000051556132;1.0000000514705065;0.9999800163624185;1.0000000607914685;0.9999998977067215;1.0000000606980912;1.0000000793192207;1.0000000540533072;0.9999527848063665;0.9999425309891491;0.9998771966890961;0.9999999759565905;1.000190102154483;1.000209735376374;0.9999466055993708;0.9998973526963785;0.9999702048142862;0.9977936862561844;0.9969263165987974;0.996046795605311;0.9956608394292715;0.9999487488202066;0.9950783746953278;0.9949217254565914;0.9955439877179948;0.9955207317565837;0.9955128346336553;1.0000000514628737;0.9999563809051069;0.9999442032562004;0.9999727905138696;0.9999987036741073;1.024999976158142;
2016-01-17 11:00:00;0.9999299111107353;0.9998360288156206;1.0000000910677105;0.9999343406105504;0.9999739508968692;0.9999387424802288;1.000210221550193;1.0000000662160797;0.9999054381681838;1.000000058954507;0.9999409169192631;1.0000000525973722;1.0000000525070065;0.9999764639812941;1.000000066617257;0.9999996416466924;1.0000000665107838;1.0000000945175436;1.0000000564576728;0.9999408090082063;0.9999294201036284;0.9998527768557683;0.9999999108847922;1.000195700074333;1.0002163054627642;0.9999332531886809;0.9998768276283404;0.9999629764977358;0.9977149622858267;0.9967990734258521;0.9958918046243355;0.9954853890365581;0.9999384731718721;0.9948420444073435;0.9946623457872841;0.9953828347375606;0.9953605298038153;0.9953522230471381;1.0000000526371275;0.999947762944931;0.9999309192488113;0.9999654406806096;0.999998889329037;1.024999976158142;
2016-01-17 11:15:00;0.9999323459853321;0.9998407002719384;1.0000000862324434;0.9999387393844402;0.9999767103883067;0.9999442799964078;1.0002067948365012;1.0000000649885374;0.9999169231228345;1.000000058596344;0.9999449295228733;1.0000000529967128;1.0000000528940405;0.9999772542770107;1.0000000654093977;0.9999997271069765;1.0000000652955996;1.0000000891607352;1.0000000563741491;0.9999464830674685;0.9999308688859206;0.9998627262398075;0.9999998963613688;1.000192607718781;1.0002128106406754;0.9999367100678835;0.9998845388075202;0.9999660567809141;0.9974321977370894;0.9964072576995864;0.9953677615893334;0.9948945647432983;0.9999437832415352;0.9941474255731334;0.9939624410978412;0.9947738554051788;0.9947496619248971;0.9947401913503013;1.0000000529032422;0.9999521715274453;0.9999330345251745;0.9999698324539733;0.9999985273897827;1.024999976158142;
2016-01-17 11:30:00;0.9999333283372557;0.9998449530862772;1.0000000821959947;0.9999388568839697;0.9999776224423347;0.999945090025981;1.0002033260083933;1.0000000639213582;0.9999204442026298;1.000000057934436;0.9999453217396183;1.0000000528390802;1.0000000527450186;0.9999773692240463;1.0000000644582605;0.9999992226696646;1.0000000643423876;1.000000084601057;1.0000000559205213;0.9999481537275711;0.9999331062613214;0.9998677750935124;0.9999997940860484;1.0001889478485346;1.0002095071304866;0.9999376394800226;0.9998887719012031;0.9999665151997379;0.9973092971332984;0.9962733314185519;0.9952362250838744;0.9947863005532211;0.9999456672605674;0.9940980859454963;0.9939021168464427;0.9946563771841278;0.9946347197839124;0.9946264190944868;1.0000000527608182;0.9999537562713332;0.9999349410804165;0.9999711040706613;0.9999984733495516;1.024999976158142;
2016-01-17 11:45:00;0.9999070358515718;0.9998587150759426;1.0000000884503535;0.9999130784561239;0.9999830425802401;0.9999315825064414;1.000209152171017;1.0000000729089298;0.9999365268912069;1.0000000613408622;0.999934437119502;1.0000000541799048;1.0000000540582095;0.9999729172461548;1.0000000760211594;0.9999945436568637;1.0000000757350713;1.0000000891913037;1.0000000585011608;0.9999426872709237;0.9999060152476951;0.9998809554826218;0.999998581513219;1.0001906600915091;1.000218555348938;0.9999086124945015;0.9998953407582017;0.99995848335662;0.997287291984448;0.9961888318699179;0.9951157321023537;0.994621350744524;0.9999560675553788;0.9938470843026713;0.9936216386473695;0.9944909188683694;0.9944666243727017;0.9944579460616593;1.0000000540842753;0.9999627864263491;0.9999069141160405;0.9999733262912733;0.9999985110139605;1.024999976158142;
2016-01-17 12:00:00;0.9999109607193546;0.9998526427294879;1.0000000892959973;0.9999172561925119;0.9999813702621987;0.9999331981535569;1.0002093421753213;1.0000000713297874;0.999931096726641;1.000000060800682;0.9999357302686644;1.000000053789568;1.0000000536749651;0.9999734578006632;1.0000000737687817;0.9999956179273882;1.0000000735147478;1.0000000906418707;1.0000000580235127;0.9999424794666951;0.99990967336386;0.9998749538882382;0.9999988497349611;1.0001917015173942;1.0002180703269468;0.9999131408439468;0.9998911881399275;0.9999594430817519;0.9974011771486598;0.9963385546366977;0.9952552529506433;0.9947463640999659;0.9999526730207615;0.9939436602324458;0.9937556625581997;0.9946160096811938;0.994592057195396;0.9945825881239758;1.0000000537191154;0.9999598691350942;0.9999108887822591;0.9999720551026189;0.999998504542894;1.024999976158142;
2016-01-17 12:15:00;0.9999254842804218;0.9998187841296732;1.0000000834316067;0.9999359915820669;0.9999806102871532;0.9999481182077662;1.0002066851712599;1.0000000658408128;0.9999378566338669;1.000000058854817;0.9999427240026315;1.0000000535192215;1.0000000533748907;0.9999728710780147;1.0000000671665525;0.9999983612183244;1.0000000668504025;1.000000085294566;1.0000000566315033;0.999954435806609;0.9999268411194944;0.9998689099818534;0.9999995519528238;1.0001914139619847;1.0002135646612793;0.9999350757295813;0.9998885816615463;0.9999671606460376;0.9973421311333932;0.9962509247397183;0.9951269835564199;0.9945928484537865;0.9999479140829914;0.9937402882980693;0.9935549064729154;0.9944628815588733;0.9944396312150663;0.9944309531391374;1.000000053146471;0.9999552151820158;0.9999304755365824;0.9999786985860777;0.999996575988835;1.024999976158142;
2016-01-17 12:30:00;0.9998751551026223;0.9996276178354341;1.0000001457769008;0.9998974443302079;0.9999621763912434;0.9999159995817917;1.0002310015018125;1.0000000901435293;0.999887405186918;1.0000000732905412;0.9998990023862593;1.0000000589044322;1.0000000586113815;0.9999481381797611;1.0000000926888257;0.9999993963775294;1.0000000917238894;1.0000001523035782;1.0000000673126521;0.9999254228641206;0.9998821496821467;0.9997482430712057;0.9999998198592087;1.000214906746283;1.000237926945787;0.9999003887053707;0.9997891596500906;0.9999450999921469;0.9973717743069126;0.9962829417827738;0.9951856408087982;0.9946670108140011;0.9998962167206059;0.9938697954181416;0.9936687494974993;0.994519919568846;0.9944979315260974;0.9944904215744459;1.000000058234556;0.9999102396498234;0.9998908679212667;0.9999656937671662;0.9999917007710615;1.024999976158142;
2016-01-17 12:45:00;0.9998081195763178;0.9994165043458179;1.0000003329558418;0.9998405523721327;0.9999392324050964;0.9998677262478867;1.0002649982858831;1.0000001663814302;0.9998183012060828;1.0000001179352405;0.9998427384788546;1.0000000746112;1.0000000740177055;0.9999184214646994;1.0000001726864962;0.9999992669693106;1.0000001702535894;1.0000003520513985;1.000000100409346;0.9998826887695383;0.9998224712860643;0.9996052916029651;0.999999878180126;1.000246407358184;1.0002729046214764;0.9998482422942186;0.9996710911187715;0.9999133815294179;0.9974079200859414;0.9963260565086909;0.9952168537126145;0.9946944188300392;0.9998342062904998;0.9939133031389787;0.9937261335707401;0.9945312595770943;0.9945075951902829;0.9944989165297521;1.0000000741494295;0.9998566525150685;0.9998355287849381;0.9999449536204126;0.99998699915301;1.024999976158142;
2016-01-17 13:00:00;0.9998850282224364;0.9996797435036306;1.0000001635867957;0.9998999652607348;0.9999617341288836;0.9999134817782009;1.00023285264592;1.000000097082202;0.9998764230944875;1.0000000773021902;0.9999047608815348;1.0000000600032253;1.000000059738008;0.9999546283326803;1.0000000993711045;0.9999992772337191;1.000000098539249;1.0000001717155262;1.0000000703206942;0.999920926307925;0.9998908099337707;0.9997634469181651;0.999999846413761;1.0002164831671532;1.000239791420946;0.9999026402471943;0.9998025481825995;0.9999450883335383;0.9973261817371816;0.9962202832199494;0.9951011282476266;0.9945722240417815;0.9999008123064046;0.9937287346620283;0.9935276426271384;0.9944430359613642;0.9944204605779295;0.9944117826736354;1.000000059766847;0.9999147635678457;0.9998966676121035;0.9999592426281958;0.9999942474927453;1.024999976158142;
2016-01-17 13:15:00;0.9999120134829333;0.9997839394789699;1.0000001099285263;0.999921315266194;0.9999706078767548;0.9999298970009534;1.000213980695446;1.0000000751788876;0.9998981420179156;1.0000000646385072;0.9999285012178227;1.0000000554341117;1.000000055286598;0.999968988889019;1.0000000761270076;0.9999994233163484;1.0000000758374774;1.0000001144749655;1.000000060975851;0.9999338798404123;0.9999119893548786;0.9998233708882038;0.9999998236214404;1.0001990612239933;1.000220398296525;0.9999199795516432;0.9998516098934654;0.999956766283041;0.9972598994722092;0.9961286010671372;0.9949850080452647;0.9944401266461166;0.9999273002525629;0.993541468191508;0.9933349811801793;0.9943273123002869;0.9943042893027387;0.9942952019409355;1.0000000553252752;0.9999379497590645;0.9999152872008878;0.9999638644464638;0.9999973186507077;1.024999976158142;
2016-01-17 13:30:00;0.9998664654642345;0.9997354560343468;1.0000001585690779;0.9998795005005471;0.9999579597021897;0.9998903712863698;1.0002255807323097;1.0000000942160965;0.9998419064536012;1.000000075902687;0.9998993142728468;1.0000000593296636;1.0000000591949996;0.9999607130961008;1.0000000951578476;0.9999994446341642;1.0000000949830237;1.0000001675865604;1.0000000694873712;0.9998929328772461;0.9998553277000642;0.9997509732474859;0.999999632356954;1.0002100760684698;1.00023278847976;0.9998688040333336;0.9997880031356767;0.9999342816412078;0.9971880273990521;0.996017745936505;0.9948340838248756;0.9942659806496775;0.9999012699352137;0.9933243936935624;0.993111236405782;0.9941515220880488;0.9941291774658617;0.9941200917105039;1.0000000595921275;0.9999165202916068;0.999859023857132;0.9999392880428001;0.9999989803616539;1.024999976158142;
2016-01-17 13:45:00;0.9998875114890073;0.999764078993194;1.0000001280707906;0.9998959992141006;0.9999617103030858;0.9999041155707966;1.0002172314506639;1.0000000824237563;0.9998573670122448;1.0000000688939692;0.9999105760599225;1.0000000568608616;1.0000000567423246;0.99996527873854;1.0000000832040983;0.9999992907884114;1.000000083066866;1.0000001343864615;1.000000064241727;0.9999067736319269;0.9998818249426741;0.9997795993255865;0.9999997132150331;1.000202056692763;1.000224012228371;0.9998900678394788;0.9998138138389682;0.9999424771641318;0.9971662302275376;0.9959968883349862;0.9948227047210018;0.9942635593418228;0.9999103316790129;0.9933420727595684;0.993123402439558;0.994147316096389;0.9941238543536635;0.9941136004579596;1.000000057048489;0.9999241024725251;0.999884272292395;0.9999461784803982;0.9999989802304903;1.024999976158142;
2016-01-17 14:00:00;0.9998783231043642;0.999744725393118;1.0000001658626383;0.9998880963078648;0.9999589158814043;0.9998969312666403;1.0002278616832256;1.0000000972299856;0.9998472628411107;1.0000000774659075;0.9999043309318103;1.0000000596405012;1.000000059501879;0.9999623405993373;1.0000000982156791;0.9999994154517647;1.0000000980382042;1.0000001753333498;1.0000000705932386;0.9998998595112158;0.9998719572992897;0.9997628472116975;0.9999997356428644;1.0002120729511128;1.0002349082884339;0.9998815823898493;0.9997996729576872;0.9999380281648267;0.9972161137831363;0.9960598288314082;0.9949101664170507;0.9943628177134578;0.999903529655256;0.9934598023949845;0.9932359364429603;0.994249689649834;0.9942265956221881;0.9942171300405925;1.0000000600799945;0.9999183235466539;0.9998748580805784;0.9999423788571311;0.999998803727331;1.024999976158142;
2016-01-17 14:15:00;0.9998657174375132;0.999674401923638;1.000000192606417;0.9998752038765514;0.9999497647621686;0.9998839231850035;1.000233770096043;1.0000001074595544;0.9998201459241223;1.0000000835716614;0.9998869473658321;1.0000000617912335;1.0000000615972924;0.999953355822482;1.0000001088253627;0.9999995454690993;1.000000108381009;1.0000002040120124;1.0000000751130413;0.9998881965047242;0.9998663999723602;0.9997158512010977;0.9999998959419295;1.0002175662393797;1.0002406295263224;0.9998744015733942;0.9997628666744479;0.9999293206898754;0.9971958007396745;0.9960488914858543;0.9948771927021498;0.9943275006550397;0.9998800257881815;0.9934009538911504;0.9931997953695693;0.9942273183154723;0.9942053787952329;0.9941967027726889;1.000000062323513;0.9998979739340206;0.9998698133001263;0.9999352583830798;0.9999971844374317;1.024999976158142;
2016-01-17 14:30:00;0.9998683773865098;0.9996572820487719;1.000000198356602;0.9998829421699991;0.9999557720343172;0.9998968738196147;1.0002392967128328;1.000000110894225;0.9998513516822812;1.0000000850785782;0.9998919286959334;1.0000000623186842;1.0000000620503244;0.9999506974751939;1.0000001134420675;0.99999902081644;1.0000001125991353;1.0000002092121716;1.0000000760375134;0.9999044281541105;0.9998725307700589;0.9997331126543442;0.9999997709982531;1.0002222942187693;1.0002466296817258;0.999884186236032;0.9997768367355137;0.9999355179605767;0.997349043472162;0.996292390876504;0.9952107140579114;0.9947240834284575;0.9998882903411124;0.9939404604225548;0.9937564864577514;0.9946103756085295;0.9945878806066383;0.9945792012400906;1.000000062437748;0.9999043584357313;0.9998780396199745;0.9999489248540595;0.9999947984300607;1.024999976158142;
2016-01-17 14:45:00;0.9998871882514072;0.999744715242749;1.0000001528095148;0.9998984223906142;0.9999626739947207;0.9999081816222588;1.0002284685359266;1.000000091153646;0.999866002719126;1.000000073445787;0.9999110111762841;1.0000000577245147;1.0000000575733132;0.9999628487598432;1.0000000923183645;0.999999507217569;1.00000009201241;1.0000001611338007;1.0000000672823404;0.9999119840676988;0.9998834951310768;0.9997788007747677;0.9999997829334427;1.000212690540262;1.0002354048366715;0.9998939860166067;0.9998134600343075;0.9999440313781004;0.9975371927477693;0.9965283206573335;0.9955170477754501;0.9950493993324607;0.9999098227662708;0.994288411220662;0.994098456567282;0.9949455429075398;0.9949232775427292;0.9949145952416782;1.0000000579375026;0.9999233288257657;0.9998872043330331;0.9999508120798472;0.9999976932872526;1.024999976158142;
2016-01-17 15:00:00;0.9999073524281161;0.9997870532574328;1.0000001217587917;0.999914327789481;0.9999684841476899;0.9999225543355975;1.0002196236089698;1.0000000800545743;0.9998872913081922;1.0000000668171523;0.9999241527884872;1.000000055583548;1.0000000554507151;0.999968566323035;1.0000000812324017;0.9999989209619818;1.00000008099045;1.0000001271202807;1.0000000624156182;0.9999268780664505;0.9999073983218723;0.9998163730031997;0.9999997227406465;1.0002038922066177;1.0002264680868749;0.9999130185031463;0.9998457894125439;0.9999527979989069;0.9974592070613826;0.9964195457872196;0.9953969259305642;0.9949233510525464;0.9999239177204008;0.9941546648365588;0.9939459452960016;0.9948168499573599;0.9947934030505281;0.9947843112112988;1.0000000557188702;0.9999352869251897;0.999909723627022;0.999958896607401;0.9999980224040687;1.024999976158142;
2016-01-17 15:15:00;0.9998979890310707;0.999726908558893;1.0000001249388617;0.9999116698929672;0.9999665680488559;0.9999231379272185;1.0002226063985744;1.0000000805286495;0.9998897931730368;1.0000000675367768;0.9999170071253055;1.0000000562072993;1.0000000560190005;0.9999615153013462;1.000000081859954;0.9999996022505797;1.0000000813802108;1.0000001306514759;1.0000000629526404;0.9999285958012779;0.999900017739973;0.9997924917166733;0.9999998661479694;1.0002072491664094;1.0002291632339304;0.9999116305156907;0.9998260368690937;0.9999516440208881;0.9974612520868398;0.9964190886401333;0.9954051909763293;0.9949356317464644;0.9999143488342775;0.9941864572700637;0.9939697885032922;0.9948211598049331;0.9947978533332575;0.9947891721274065;1.000000055970039;0.9999265355174298;0.9999051578394961;0.9999627198819439;0.9999955089701756;1.024999976158142;
2016-01-17 15:30:00;0.9998946414702606;0.9997313772131123;1.0000001289959122;0.9999098038271225;0.9999672618025148;0.9999220542779926;1.0002259361968815;1.000000081895715;0.9998908713866278;1.0000000682032744;0.9999173062255201;1.000000056247149;1.000000056069128;0.9999618578321057;1.00000008332862;0.9999996730942634;1.000000082827244;1.0000001350936571;1.0000000633686645;0.9999272081534849;0.9998938765002932;0.9997933430374788;0.9999998262141179;1.0002104638808358;1.0002326731115996;0.9999074182808569;0.9998257890266914;0.9999511356264021;0.9975779508514551;0.9966075278297937;0.9956487464356415;0.9952205955694944;0.9999161719722041;0.9945312550759828;0.9943392258782779;0.9951204723547356;0.9950993341412342;0.9950906503005545;1.0000000560054112;0.9999281719503295;0.9998993438464882;0.9999623427754113;0.9999957543184128;1.024999976158142;
2016-01-17 15:45:00;0.999892733128128;0.9997765038315051;1.0000001238264438;0.9999065346365226;0.9999699293271034;0.9999189120717682;1.000221356710667;1.0000000804862519;0.9998918983677666;1.0000000672897036;0.9999212255275837;1.00000005592007;1.0000000557851059;0.999966644387643;1.00000008170123;0.9999990997576194;1.0000000814207612;1.0000001295741408;1.0000000627823977;0.9999231287560375;0.9998854173100841;0.9998094326740067;0.9999995846488113;1.000205826881436;1.0002285475338684;0.999898711776834;0.9998370400026243;0.9999504938764753;0.9974987047204976;0.9964772150216082;0.9954462032654526;0.9949680832286939;0.9999258285479748;0.9942023400546609;0.9940147422300314;0.9948535121218016;0.9948314071864189;0.9948219358336191;1.00000005584231;0.9999369348828165;0.9998896825014165;0.9999592930802339;0.9999977696892782;1.024999976158142;
2016-01-17 16:00:00;0.9999274900184959;0.9998384254609299;1.0000000850124364;0.9999370297668349;0.9999791917818763;0.9999456942661634;1.0002072137940867;1.0000000647294345;0.9999271452339743;1.0000000582971884;0.9999452549092394;1.0000000528347561;1.0000000527347241;0.9999763017464605;1.0000000654137842;0.9999993592720589;1.0000000652366061;1.000000087687711;1.0000000560954647;0.9999489713796964;0.9999241274433768;0.9998674547930635;0.9999997406316904;1.0001927652351452;1.0002136143636806;0.9999329707106591;0.9998870972033427;0.999966599129396;0.9975073889469644;0.9965095412656464;0.9955380758976188;0.9951008635706541;0.9999479000944164;0.9944065330060164;0.9941994723436648;0.9949920662664461;0.9949705603731422;0.9949610876909283;1.000000052639754;0.9999555751494434;0.9999272172169319;0.9999732943293171;0.9999980371137603;1.024999976158142;
2016-01-17 16:15:00;0.9999012913646381;0.9998144382317377;1.0000001027758774;0.999916003615558;0.9999759620648779;0.9999288736307917;1.0002129560193909;1.0000000724940787;0.9999116586237586;1.0000000630030148;0.9999322282782795;1.0000000548543175;1.0000000547448085;0.9999717060641204;1.0000000734058085;0.9999990614710931;1.0000000732347845;1.0000001069037692;1.0000000597604324;0.999932421819819;0.999890287735167;0.999838701877116;0.9999994981803412;1.0001980391243557;1.000220096042585;0.9999051072847767;0.9998600667817126;0.9999568087422115;0.9972955529958217;0.9962267342407171;0.9951639578246475;0.9946885535761187;0.9999403893302808;0.9939280711801805;0.9937211268509486;0.9945740108759993;0.9945530595546638;0.9945443804881883;1.0000000546277525;0.9999494331572003;0.9998945642787674;0.9999653526621259;0.9999983727319038;1.024999976158142;
2016-01-17 16:30:00;0.9999052573938123;0.9998165259797931;1.0000000949251833;0.9999212718975682;0.9999782216510403;0.9999347691539077;1.00020984482971;1.0000000695754885;0.9999219718268215;1.0000000613781157;0.9999360621167901;1.0000000544673353;1.000000054348803;0.999972306008809;1.0000000705079446;0.9999991821602098;1.000000070318474;1.0000000983179034;1.000000058582216;0.9999384904143294;0.9998945113064553;0.9998475830446341;0.9999995179863099;1.000195243859186;1.0002168427188722;0.999910518534023;0.9998673762149697;0.9999600371418047;0.9972545812333256;0.9961525283945339;0.9950817588702375;0.994594053757429;0.9999444910311626;0.9938034226735625;0.9935734334282448;0.9944836988982793;0.9944614872874667;0.9944528090208689;1.000000054114353;0.9999527753928668;0.999899324819923;0.99996969810857;0.9999979036277509;1.024999976158142;
2016-01-17 16:45:00;0.999895283301077;0.999805581227927;1.0000001242620666;0.9999063579400417;0.9999720622088502;0.999918863926385;1.0002188559258018;1.0000000831355111;0.9998956676369567;1.0000000688851172;0.9999242340765386;1.0000000570563405;1.0000000569326735;0.9999694538027445;1.000000084702554;0.9999982564210933;1.0000000844980717;1.0000001294486194;1.0000000642770877;0.999923620463639;0.9998872986061415;0.9998243520969782;0.9999993848620774;1.0002028052865088;1.000226492418388;0.999897821992003;0.9998489266913344;0.9999510526998745;0.9971440164501477;0.9959829410016424;0.9948261801334097;0.99428685899593;0.9999324740402346;0.9934107674669453;0.9931875547348239;0.9941660478374085;0.9941437646865092;0.9941346787966334;1.0000000571007648;0.9999428368089437;0.9998903034054413;0.9999591547583038;0.9999987539999664;1.024999976158142;
2016-01-17 17:00:00;0.9999059683925782;0.9997890949023113;1.00000010741528;0.9999167688815368;0.9999725665226032;0.9999282384556002;1.0002163235367896;1.000000074400382;0.999904278464055;1.0000000636005768;0.9999275665136234;1.0000000546292984;1.0000000544946057;0.999968536065193;1.0000000756531102;0.9999986746815785;1.0000000753637874;1.0000001115607984;1.0000000600157986;0.9999334670390794;0.9999039454424187;0.9998280222841159;0.9999995838062996;1.0002006954653213;1.0002233916080356;0.9999132715000191;0.9998540176663853;0.9999557998306158;0.9974787062565603;0.9964698957049465;0.9955027101404696;0.9950714087177658;0.9999312865305653;0.9944198220796093;0.9942005842770046;0.9949413020156801;0.9949167972731829;0.9949056596444982;1.0000000545048797;0.99994138942584;0.9999074590164427;0.9999650941172327;0.9999973543711983;1.024999976158142;
2016-01-17 17:15:00;0.9999173473011079;0.9997928043612763;1.0000000950211798;0.9999281794400336;0.9999757620882083;0.9999394743876117;1.0002105993850523;1.000000069982025;0.9999202788964504;1.0000000613610043;0.9999345594799537;1.0000000542735656;1.000000054137634;0.9999697696800216;1.0000000711924821;0.9999987976852379;1.0000000708780457;1.0000000980190538;1.000000058495905;0.9999452039093143;0.9999187152388164;0.9998442348530906;0.9999996652610713;1.0001954094588095;1.0002173105912908;0.9999274734936716;0.999868472013922;0.9999619691368625;0.9972541029447103;0.9961751630325745;0.99515909316461;0.9947148099437579;0.9999369595103837;0.994031401654356;0.9937847158052062;0.9945891258371679;0.9945583911729924;0.9945372217056454;1.0000000540428584;0.9999459195989387;0.9999225655683981;0.9999725603121741;0.9999964918356293;1.024999976158142;
2016-01-17 17:30:00;0.9999138430042742;0.9998234945462355;1.000000086865942;0.9999279181647711;0.9999798592364699;0.999940851305303;1.0002055746478797;1.0000000668591065;0.9999299514881282;1.0000000598566932;0.9999400323731487;1.0000000541202445;1.0000000540027743;0.9999733826298544;1.0000000678384662;0.9999989055263881;1.0000000676363974;1.0000000894031311;1.0000000575151744;0.9999452798114978;0.9999067539760211;0.9998592492139619;0.9999995216994068;1.000190972975633;1.000212458946993;0.999920143116905;0.9998781234346544;0.999963463526837;0.9971603300359798;0.9959980060683586;0.9948807757925888;0.994356996525768;0.9999477531906484;0.9935360039092127;0.9932853760086102;0.9942192781105954;0.9941884529579269;0.9941678606756138;1.0000000537460503;0.9999554145495245;0.9999110979434002;0.9999735407450483;0.9999975789041139;1.024999976158142;
2016-01-17 17:45:00;0.9998874048948628;0.9997943307961656;1.0000001079076875;0.9999078654737303;0.999977503207086;0.9999260051673737;1.0002167336380967;1.000000075890649;0.9999194774498815;1.0000000649850205;0.9999275688926575;1.0000000560691735;1.0000000559192577;0.9999680068347313;1.0000000774706523;0.999998578664017;1.0000000771594235;1.0000001120002813;1.0000000613373918;0.9999312730103915;0.9998731993383592;0.9998322450064638;0.9999992697171409;1.0002012754597303;1.0002245316863556;0.9998935519825873;0.999852461134971;0.9999545300842324;0.9972498642422833;0.9961247056092186;0.9949917595589686;0.9944593123881511;0.9999411350985435;0.99363428512217;0.9934258991496189;0.9943127929596637;0.9942808420911685;0.9942597833789079;1.0000000555069612;0.9999499029729428;0.9998792251423955;0.9999679007643978;0.9999974241346846;1.024999976158142;
2016-01-17 18:00:00;0.9997989887771467;0.9996486375736936;1.0000002309849625;0.9998362210588129;0.9999621835560193;0.999869500214545;1.0002469644500798;1.000000128971858;0.9998632229540181;1.0000000958062494;0.9998747278622158;1.0000000677771466;1.0000000674993819;0.9999440886142481;1.000000133528865;0.999997324526897;1.000000132646313;1.0000002437135218;1.0000000845662278;0.9998791793186744;0.9997718731801456;0.9997122611646524;0.9999986267221519;1.0002287651622452;1.000257238632568;0.9998091180377038;0.9997457204404268;0.9999197803022891;0.9971739802403938;0.9960124733150976;0.9948838976181283;0.9943609881471238;0.9999004150143092;0.9935362301858879;0.9932938521210626;0.9942270014685928;0.9941960251594105;0.9941751271292003;1.0000000669661182;0.9999153318160932;0.9997827116837328;0.9999444247128757;0.9999956518473282;1.024999976158142;
2016-01-17 18:15:00;0.9998384206279358;0.999723291971222;1.0000001529224167;0.9998699785775625;0.9999714643925162;0.9998976755863416;1.0002312516528804;1.0000000955638602;0.9998967045578314;1.0000000762292507;0.9999013233637458;1.0000000604072898;1.0000000601977588;0.9999559793238227;1.0000000984665165;0.9999978658489008;1.0000000979214392;1.0000001601289783;1.000000069783743;0.9999052275771461;0.9998144510785945;0.9997743511377291;0.9999988408827294;1.0002144752347468;1.0002405039513211;0.9998462909710796;0.9997993877700313;0.9999371208849184;0.9972659489613283;0.9961311231182501;0.9950226026641791;0.9944996600699801;0.999924012200248;0.9936898255339698;0.9934569121031417;0.9943554372498835;0.9943233865746692;0.9943027914922161;1.0000000595833027;0.9999353936470915;0.9998235895708598;0.9999573805927913;0.9999965167198637;1.024999976158142;
2016-01-17 18:30:00;0.9998337403345213;0.9997133059488653;1.000000161130236;0.9998643823157615;0.9999695760416972;0.9998925931218974;1.0002342211580064;1.000000099759846;0.9998897906414119;1.0000000782152259;0.9998964800430793;1.0000000608421533;1.0000000606384132;0.9999540929241182;1.000000103126214;0.9999974422593326;1.0000001025354184;1.0000001685521847;1.0000000712014656;0.9999009880577266;0.9998111870320532;0.9997653041775482;0.9999987679510074;1.0002168701640648;1.0002437579341636;0.9998416900621604;0.9997920756508824;0.9999340489849513;0.9973218026035646;0.996212697232112;0.9951289238122465;0.994620992809725;0.9999195989201255;0.9938269469943937;0.993599510256983;0.9944860031624099;0.9944543272866676;0.9944326342877812;1.000000060193631;0.9999316510115519;0.9998200121967755;0.9999548526948491;0.9999964526221129;1.024999976158142;
2016-01-17 18:45:00;0.9998044793258103;0.9996898728741958;1.0000001865558192;0.9998441949177622;0.9999693640673061;0.9998792445044299;1.0002408720684697;1.0000001110994505;0.9998864669135646;1.0000000847587631;0.9998859485624843;1.0000000635265058;1.000000063289247;0.9999493014389094;1.0000001153129516;0.9999971770402291;1.0000001146265094;1.000000195793527;1.0000000761431835;0.9998883170546528;0.999771361982439;0.9997436757409859;0.9999984522178912;1.0002230926334017;1.0002513469084162;0.9998119503206774;0.9997695268545785;0.9999260249413682;0.997351139071584;0.9962537162465254;0.995161047642229;0.9946486801643385;0.9999174913875014;0.993860590123322;0.9936490391962749;0.9945037074862036;0.9944715678452143;0.9944509696879937;1.0000000625337915;0.9999300057267778;0.9997825842655554;0.9999511218296552;0.999996329900299;1.024999976158142;
2016-01-17 19:00:00;0.9998719809657058;0.9997548339826521;1.0000001318866483;0.9998918616209631;0.9999716767286628;0.999911753908333;1.0002240443115813;1.0000000870898924;0.9998995408103325;1.0000000711150998;0.9999129470388884;1.0000000582363655;1.0000000580562525;0.9999616480810726;1.0000000894791854;0.9999978164128429;1.0000000890320844;1.0000001372323928;1.000000065941082;0.9999189999127004;0.9998608586979499;0.999800839032199;0.9999991402872176;1.0002074197016553;1.0002324097174466;0.99987965749352;0.9998267524108405;0.9999457004383596;0.9971950988874944;0.9960350018289831;0.9949047009811693;0.9943710012800732;0.9999267660296257;0.993529699663035;0.9932896282954896;0.9942339261544643;0.9942020138933428;0.9941814213291487;1.0000000578499337;0.999937623755358;0.9998667627109086;0.9999610163654435;0.9999968663684691;1.024999976158142;
2016-01-17 19:15:00;0.999887747794139;0.9997953646310175;1.0000001038682518;0.9999083737535394;0.9999790504304396;0.9999279516929526;1.000215539082164;1.0000000750914124;0.9999263632039337;1.0000000642863722;0.9999282588722228;1.0000000558194715;1.000000055666125;0.9999676624376548;1.0000000769514188;0.9999980779296385;1.0000000766033896;1.0000001072540292;1.0000000608154778;0.999934372597329;0.9998746848348792;0.9998381925084833;0.9999991576673719;1.0001997455270009;1.0002235897483076;0.9998946899174372;0.9998572493268569;0.9999554834580625;0.9972505012111849;0.9961117544788473;0.9949606095898418;0.9944105444855986;0.9999437946284543;0.9935421699233904;0.9933342324213079;0.9942701382875261;0.9942385460841773;0.9942179527626551;1.0000000552867223;0.9999520744418706;0.9998807667145994;0.999970586778088;0.9999970843095582;1.024999976158142;
2016-01-17 19:30:00;0.9998710633111139;0.9997596512324354;1.0000001205008107;0.999894151700418;0.9999746446897869;0.9999159246542935;1.000221843297353;1.0000000820769266;0.9999109739249111;1.000000068303184;0.99991627631447;1.0000000573062222;1.0000000571339966;0.9999623041126688;1.0000000843484536;0.9999979205618819;1.0000000839021532;1.0000001251184298;1.0000000638127668;0.9999231328723653;0.9998569881953338;0.9998093401964454;0.9999990835240103;1.0002055315716705;1.0002302573269395;0.99987930616038;0.9998325291975605;0.9999480440334744;0.9972545617545163;0.9961373247930478;0.9950046201614768;0.9944764167020319;0.9999325860889869;0.9936559183591532;0.9934540936588989;0.9943324623684736;0.9943011957408446;0.9942800317563748;1.000000056706477;0.9999425139183084;0.9998638507365692;0.9999649004003228;0.9999966094073486;1.024999976158142;
2016-01-17 19:45:00;0.9998551612566497;0.999735779539011;1.00000015199929;0.9998791631011509;0.9999702239514537;0.9999024323953299;1.000229639248426;1.0000000969338319;0.9998931680257784;1.0000000769453568;0.9999050337195294;1.0000000608564732;1.0000000606521444;0.9999581501113627;1.000000100075021;0.9999976101759546;1.000000099519639;1.0000001585000446;1.000000070489766;0.9999102660590669;0.9998395969092356;0.9997837316869016;0.9999989845417372;1.0002125659960097;1.0002385471843334;0.9998628621076366;0.9998104964776882;0.9999400604617465;0.9970680307827144;0.9958661753975432;0.9946497519831156;0.9940757562902278;0.9999225613312552;0.9931599481757603;0.9929414754399021;0.9939358379497061;0.9939040154401602;0.993882713266225;1.000000060343938;0.9999341143435655;0.9998466000636098;0.9999575905905251;0.9999967314077818;1.024999976158142;
2016-01-17 20:00:00;0.9998836577835;0.9997879331538835;1.000000104444394;0.9999036830994081;0.9999780962548835;0.9999242992122619;1.0002173670806533;1.0000000753835325;0.9999231686325913;1.000000063858306;0.9999244570909664;1.0000000551254142;1.000000054975676;0.9999660014382835;1.0000000775461941;0.9999975272795006;1.0000000771520325;1.000000107633412;1.0000000602872117;0.9999318184413353;0.9998719604295585;0.999832925505746;0.9999990450097344;1.0002009836061012;1.00022575832031;0.9998908529596322;0.999852895681936;0.9999532174896494;0.9974611632201928;0.9964201955470668;0.9953906274037039;0.9949117508858587;0.9999412477361677;0.9941823675820586;0.9939770651566897;0.9947713397867352;0.9947392226181361;0.9947173644233899;1.0000000546923882;0.9999498920317026;0.9998778157163899;0.9999694071999221;0.9999969308394624;1.024999976158142;
2016-01-17 20:15:00;0.9998652253936603;0.9997170058948591;1.0000001522526714;0.9998859929279835;0.9999674277522491;0.9999061023237628;1.0002334534576827;1.0000000944208909;0.9998878678188466;1.0000000747242042;0.9999048473397648;1.0000000587312954;1.0000000585232032;0.9999568564996856;1.0000000973437173;0.9999980789605061;1.0000000967008305;1.0000001590961294;1.0000000682659598;0.9999140199424348;0.999857195042101;0.9997773807245629;0.9999992563092542;1.0002163523098255;1.0002418154049806;0.9998763383367376;0.9998082606422476;0.99994169482182;0.9975525786032599;0.996549751744338;0.9955627254831237;0.9951101299569131;0.9999153223946379;0.9944272706016539;0.9942262862087413;0.9949729876550283;0.99494095650415;0.9949196320706161;1.0000000583660291;0.9999276626289247;0.999863755967961;0.9999582915325775;0.9999958661503109;1.024999976158142;
2016-01-17 20:30:00;0.9998808280518803;0.9997585158030687;1.0000001113828867;0.9999006669125585;0.9999730266393644;0.9999191588969618;1.0002204480775305;1.0000000766153523;0.9999065988416449;1.0000000646854548;0.9999181659024012;1.0000000551375343;1.0000000549843469;0.9999631905132396;1.0000000783859242;0.9999983555837486;1.000000078015535;1.0000001156311182;1.0000000607927249;0.9999256583287841;0.9998709967949545;0.9998092213455568;0.9999992911057225;1.0002044845675993;1.000228316328927;0.9998897935886313;0.9998345188400146;0.9999499309521404;0.9975957090021618;0.9966178421194564;0.9956535151715347;0.9952134524311894;0.9999294563870996;0.9945581269371657;0.994363424395118;0.9950742169708621;0.9950419676937041;0.9950213577050515;1.0000000547453805;0.9999397719706773;0.9998771199132086;0.999964608828536;0.999996542027596;1.024999976158142;
2016-01-17 20:45:00;0.9998690764104258;0.9997168308335284;1.0000001306607489;0.9998917525071455;0.9999696214755939;0.9999124266391024;1.0002274991614215;1.0000000846729542;0.9998982002379386;1.0000000694919728;0.9999086256688682;1.0000000570439727;1.0000000568619447;0.9999574996418719;1.0000000869113308;0.9999983602242344;1.0000000863773542;1.0000001363052806;1.0000000644184595;0.9999201496491658;0.9998607030114064;0.9997848019418993;0.9999992955704202;1.0002110610259307;1.0002355657510789;0.9998817651553134;0.9998142305680366;0.9999451895846103;0.9975345673379877;0.9965201329999374;0.9955510966586383;0.9951060050909177;0.999919193562765;0.9944317871714768;0.9942089372065777;0.994972966603792;0.9949437086186935;0.9949245756105022;1.000000056558919;0.9999307956650637;0.9998680009437367;0.9999627085809;0.9999953488967828;1.024999976158142;
2016-01-17 21:00:00;0.9999199317584515;0.999863017322697;1.0000000812300236;0.9999314312390415;0.9999823725426656;0.9999429249907363;1.0002059193691828;1.0000000638322195;0.9999336353946598;1.000000057463125;0.9999465518388716;1.0000000524524215;1.000000052365499;0.9999781842522832;1.0000000646900862;0.9999986823561157;1.000000064585656;1.0000000834583593;1.0000000554415702;0.9999464219916794;0.9999101937045508;0.9998781060784636;0.9999994436974112;1.000191133600268;1.0002129983146968;0.9999216798431236;0.9998932460515154;0.9999655446661255;0.9976013968987801;0.9966316111956836;0.9956979239439281;0.9952748995477588;0.9999562924682706;0.9946316996130673;0.9944235835187013;0.9951501008135312;0.9951273339372778;0.9951186498485801;1.0000000522178571;0.9999630214460753;0.9999133039647238;0.9999730354957107;0.9999990062343436;1.024999976158142;
2016-01-17 21:15:00;0.9998581032487434;0.9997258586430049;1.0000001408447987;0.9998821538365336;0.9999691988476418;0.9999042861515014;1.0002298495056827;1.0000000887080838;0.9998915432878849;1.000000071544581;0.9999051910484777;1.0000000575192325;1.0000000573317525;0.9999576252599033;1.0000000910914262;0.9999980873551577;1.000000090577706;1.0000001472629167;1.0000000658618002;0.9999116200803755;0.9998440982180872;0.9997795908269541;0.9999991260834011;1.000213127810978;1.0002383899988951;0.999867349814428;0.9998079214461134;0.9999409315162943;0.9976236937480355;0.9966535936563087;0.9957166919577114;0.9952923417952695;0.9999197274210307;0.9946422884765739;0.9944360016404017;0.995170455716891;0.9951474695183186;0.9951387852574974;1.0000000571067411;0.9999315756583369;0.9998513635879493;0.9999579955259977;0.9999963284575244;1.024999976158142;
2016-01-17 21:30:00;0.9998846905341463;0.9997903655709364;1.0000001020293507;0.9999052157958084;0.9999766793783883;0.999923586126836;1.0002166121795848;1.0000000724468943;0.9999161207089992;1.0000000624901113;0.9999254712679863;1.000000054425058;1.0000000542980458;0.9999673456160107;1.000000073862824;0.9999984946907068;1.0000000735807202;1.00000010579262;1.000000059199734;0.9999289067241928;0.9998702022063932;0.9998276298939451;0.9999992410516307;1.0002011020562407;1.0002244687343833;0.9998906117040139;0.9998484902994775;0.9999531333011655;0.9975724491180038;0.9965834471632291;0.9956423716200649;0.995214856209474;0.9999393388746847;0.9945611289249424;0.9943414417232097;0.9950912587046988;0.9950699022771116;0.9950612186923835;1.0000000540161755;0.9999484021050208;0.9998762125147947;0.9999665065332393;0.9999974681218026;1.024999976158142;
2016-01-17 21:45:00;0.9998942939277468;0.9997879384467616;1.0000000998842513;0.9999138932395328;0.9999773092576248;0.9999306827193756;1.0002187253018007;1.000000070896973;0.9999218041042486;1.0000000614874358;0.9999296537521947;1.0000000538498448;1.0000000537122753;0.9999679452919426;1.0000000722531903;0.9999989205650107;1.000000071930495;1.000000103588161;1.0000000583251116;0.9999358748372916;0.999883397612858;0.9998338715222458;0.9999994155918558;1.0002033490462192;1.0002262151666046;0.9999025172497159;0.9998551638692985;0.9999569702205022;0.9977713793186672;0.9968764894853656;0.9960263978888814;0.995653004158635;0.9999399487234646;0.9950907512601103;0.9948909935703768;0.9955390985900572;0.995515720324907;0.9955058314728156;1.0000000533828464;0.99994870215172;0.9998894725442198;0.9999701784265996;0.9999968657696341;1.024999976158142;
2016-01-17 22:00:00;0.9998819598782852;0.999765984936553;1.0000001149708995;0.9999037648785213;0.9999743642955637;0.9999219666781586;1.0002251051062285;1.0000000766773383;0.9999107097983804;1.0000000646233849;0.999921851680905;1.0000000547264027;1.0000000545773098;0.9999646276868073;1.0000000782893377;0.9999989820627543;1.0000000779104166;1.0000001199181867;1.0000000605578099;0.9999273100378127;0.9998690252358322;0.999814011420561;0.999999382988606;1.000209389896963;1.000232852759338;0.9998905649950719;0.9998378470306694;0.9999516827664542;0.9979002397849548;0.9970622272893669;0.9962575239712034;0.9959105463422572;0.9999327529546586;0.9953992994884174;0.9952179972430139;0.9957970296469065;0.995773785992538;0.9957643056523238;1.0000000542732614;0.9999426155285318;0.9998757571838811;0.9999657310351127;0.9999967207470221;1.024999976158142;
2016-01-17 22:15:00;0.9999151351986106;0.9998244754116574;1.0000000826733983;0.999931122678648;0.9999812765702533;0.9999443915687315;1.0002112233582277;1.0000000633870414;0.9999360665476221;1.0000000571922163;0.9999428506099246;1.0000000521510939;1.0000000520497292;0.9999738711997427;1.0000000642356188;0.999999293588941;1.000000064029781;1.0000000852055997;1.00000005509617;0.9999484054832877;0.9999066528351447;0.9998635503182584;0.9999995778762623;1.0001965887052866;1.0002181019770227;0.9999222634860531;0.9998813243694858;0.9999654120875056;0.9978886012671468;0.9970531319995531;0.9962738933247609;0.9959423034731828;0.9999504094070097;0.9954386537243128;0.9952425725663471;0.9958441149807462;0.9958225668324784;0.9958138766674345;1.0000000517957501;0.999957602671407;0.9999116820389715;0.9999759365741661;0.9999973436255444;1.024999976158142;
2016-01-17 22:30:00;0.9999191747250905;0.9998440043314137;1.0000000744991067;0.9999355838048544;0.9999847778204749;0.999949663632757;1.000207161480045;1.0000000602855137;0.9999480001360994;1.0000000554087962;0.9999483901126613;1.0000000516121186;1.0000000515141692;0.9999762184183104;1.0000000610667037;0.999999053459541;1.0000000609013266;1.0000000763386048;1.0000000537886367;0.9999538178929186;0.9999092829238375;0.9998801201747212;0.9999994860101648;1.000192640727597;1.0002141441646444;0.9999254154895801;0.9998943789816975;0.9999686785890279;0.9979042736500459;0.9970879365811993;0.996319974148557;0.9959998391355971;0.9999585191997665;0.9955375366969339;0.9953502992747507;0.9958886867698664;0.9958652710086231;0.9958565804697731;1.000000051188118;0.9999645353864826;0.9999142900670551;0.9999797262267737;0.9999975505273396;1.024999976158142;
2016-01-17 22:45:00;0.9999320023084185;0.999869515417795;1.0000000681022818;0.9999455112254982;0.9999866233497295;0.9999567852756758;1.0002025142623485;1.0000000575097732;0.9999534839745362;1.0000000538661291;0.9999562690233855;1.0000000510012697;1.0000000509253841;0.9999802454899471;1.000000058068933;0.9999993420587828;1.000000057950695;1.0000000694878566;1.0000000526490813;0.9999598698380346;0.9999232904902696;0.9998972487043036;0.99999960461819;1.000188493961552;1.0002090794593341;0.9999367448435266;0.9999096218202107;0.999973257463056;0.9979269559334939;0.9971384587212021;0.9963890239349384;0.9960869785661222;0.9999642413470867;0.9956393277758702;0.995463562211822;0.9959899395002215;0.9959687827922784;0.9959600913483674;1.0000000506812152;0.9999694794244213;0.9999273906183204;0.999981805450934;0.9999981288325406;1.024999976158142;
2016-01-17 23:00:00;0.9999246981529123;0.9998599994628914;1.0000000755979785;0.9999360337432156;0.9999817540370363;0.9999457812086374;1.0002081619414431;1.0000000600249486;0.9999325511153749;1.000000055172021;0.9999484402146129;1.0000000511875629;1.00000005111411;0.999978735616249;1.0000000604970738;0.9999993278705037;1.0000000604139083;1.000000077768684;1.0000000535470976;0.9999482684359702;0.9999157209883931;0.9998771116322618;0.9999996205388734;1.0001937301317996;1.0002148502224266;0.9999272622465348;0.999893222655337;0.9999671639441998;0.9980999479709173;0.9973832571042789;0.9966714021691696;0.9963882459131016;0.9999549251575727;0.9959851198013437;0.995845720027529;0.9962859855897263;0.9962631014019272;0.996254407386625;1.0000000509950577;0.999961789808334;0.9999189847132702;0.9999734029174544;0.9999988651982276;1.024999976158142;
2016-01-17 23:15:00;0.9998988498101071;0.9998320353191065;1.0000000817640768;0.9999179167271616;0.9999811751355311;0.9999340401128514;1.0002121219793427;1.0000000626765246;0.9999296761091546;1.0000000565604972;0.9999377222803784;1.000000051664166;1.000000051581178;0.9999735439924773;1.00000006343923;0.9999988937288614;1.0000000633094301;1.000000084363033;1.0000000545413865;0.9999376878518131;0.999882238824778;0.9998557216646925;0.9999993145457241;1.0001972611702927;1.0002196418266864;0.9999019818876678;0.9998717572273087;0.9999599278019823;0.9981502627801797;0.9974559122721353;0.9967605012711712;0.996487482411537;0.9999515553292164;0.9961278065155095;0.9959965542160651;0.9963690652609244;0.9963407659744352;0.9963242119415541;1.0000000513622667;0.9999589595306206;0.9998876199466341;0.999970653444173;0.9999984098137801;1.024999976158142;
2016-01-17 23:30:00;1.0002445284017352;1.0002023722551774;1.000309190905563;1.0002563123604953;1.0002978905287108;1.0002658127442172;1.000501431811357;1.000305769542567;1.0002657551091116;1.000305076807321;1.0002706375422121;1.000304877578481;1.0003048775440653;1.0002892551578044;1.000305887080694;1.000305311331274;1.0003058651799466;1.0003097982465103;1.0003049446458812;1.0002705192640664;1.000234658185583;1.0002185728141857;1.0003054385288246;1.0004879534517201;1.0005077671109495;1.000248060919264;1.000228742045043;1.0002812181911775;0.9984788229388629;0.9977915744693499;0.9971118951026109;0.996842114684641;1.000279033063404;0.9964741997424823;0.9963387431032112;0.9967336424201437;0.9967031613873574;0.9966824059587973;1.0003048853085377;1.000283707104862;1.0002385462073704;1.0002910528840316;1.0003037554008976;1.024999976158142;
2016-01-17 23:45:00;0.9999320823458038;0.9998273219003252;1.000000068199137;0.9999447760584143;0.9999832186197324;0.9999562599001047;1.000205299561625;1.0000000573441448;0.9999484919915016;1.0000000536478202;0.9999496039088024;1.0000000508215905;1.0000000507225282;0.9999750812343896;1.0000000580381698;0.999999177927823;1.0000000578253052;1.0000000694783373;1.0000000524046764;0.9999612223811608;0.9999314050567707;0.9998799792681452;0.9999997003870955;1.0001908331926173;1.0002117318305095;0.9999424463656578;0.9998975307255467;0.9999719093001251;0.9981666838107512;0.9974670441506353;0.9967688613319329;0.9964860917698054;0.9999534854670915;0.9961168978876103;0.9959829743370787;0.9963611741866752;0.9963275159927127;0.9963052115528352;1.0000000504654234;0.9999598689994396;0.9999358590525144;0.9999829684653373;0.999996400147148;1.024999976158142;
2016-01-18 00:00:00;0.9999210870321409;0.9997799910469606;1.0000000864374012;0.9999343012970526;0.9999770348124282;0.9999460892346884;1.0002173638826855;1.0000000644533924;0.9999295256007604;1.0000000575011643;0.9999373032865544;1.0000000519324366;1.000000051804166;0.9999688438812178;1.000000065595515;0.9999993071608306;1.0000000652115573;1.000000089054369;1.0000000551455321;0.9999519391916137;0.9999238959584592;0.9998467994277427;0.999999792006824;1.0002021263742582;1.0002239271607711;0.9999348007198876;0.9998710391113871;0.9999652411216651;0.9982443546546695;0.9975680275902212;0.9969011913088107;0.9966331760068261;0.9999377385925587;0.9962722090217275;0.996137431875115;0.996522312398978;0.9964910283295676;0.9964692908422488;1.0000000515911869;0.9999462725086415;0.9999288757389625;0.9999775122657275;0.999995413416039;1.024999976158142;
2016-01-18 00:15:00;1.0002537652212307;1.0001805969793975;1.0003080431756866;1.0002640129098035;1.0002960224790793;1.0002724963354928;1.0005018220381818;1.0003053706702063;1.000269469574326;1.0003049254000316;1.0002706233130536;1.0003049109637496;1.0003049211380064;1.000287030796558;1.0003054947455396;1.0003050150520802;1.000305453701239;1.0003084767430424;1.0003048785501096;1.0002777344728797;1.0002516890780526;1.0002176898796795;1.0003052004380732;1.000488274346013;1.000507769593562;1.000261960247964;1.0002303675530038;1.0002842155051117;0.9986050947804751;0.9979607748105815;0.9973223699299048;0.9970688866214527;1.0002741283643077;0.9967365902516415;0.9966103956974721;0.9969578195816099;0.99692588204631;0.9969051169787155;1.0003049681944343;1.0002788885104088;1.0002555927734764;1.0002947181948223;1.000302338955677;1.024999976158142;
2016-01-18 00:30:00;1.000274688291204;1.0002509487204942;1.0003049934986954;1.0002806749545015;1.0003000685603427;1.0002865005890629;1.0004910667545328;1.000304911528531;1.0002879532151323;1.0003051012054591;1.0002860773347564;1.000305325534029;1.000305350685385;1.0002963606635267;1.0003048936292345;1.000304248078202;1.0003048964125714;1.0003050337810009;1.000305206396047;1.0002883898673123;1.0002708962083569;1.0002635506953195;1.0003046112021996;1.000478091820164;1.000496793187316;1.0002766497406848;1.000268059644228;1.0002935477117547;0.9985949888410577;0.9979519876683084;0.9973231011608451;0.9970756178669916;1.0002912294317912;0.9967619835787068;0.9966306073650563;0.996959805920795;0.9969291750114475;0.9969089525074879;1.0003054521477934;1.000293237368235;1.0002726392428953;1.0002980311302554;1.0003044634974554;1.024999976158142;
2016-01-18 00:45:00;1.0002697942078027;1.0002515320657768;1.0003049355369626;1.0002776954070673;1.0002999272373059;1.0002841041627204;1.0004917660289858;1.000304980034633;1.0002858740918545;1.000305224032202;1.0002850711984643;1.0003054741181945;1.0003055028718728;1.0002965092493832;1.0003049544819136;1.0003045597217695;1.0003049579303522;1.000304973491802;1.0003053490462845;1.0002851550984742;1.0002624081498523;1.0002597683135397;1.0003046610073436;1.0004790249463613;1.0004975179239477;1.000270673995447;1.0002638303297147;1.000292358114932;0.9986873886426588;0.998087520488377;0.9974828778989292;0.9972497273427577;1.0002913744245936;0.9969543127486539;0.9968436478955824;0.9971405831457979;0.9971082330780021;0.9970874600666843;1.0003056398788825;1.000293462047417;1.000264586130078;1.000296395024309;1.000304919085806;1.024999976158142;
2016-01-18 01:00:00;1.000248839169989;1.0001970831176008;1.0003106424535415;1.0002533421220519;1.0002933279065787;1.0002580402917465;1.0005057804234072;1.0003057268535125;1.0002426145664267;1.0003049589187636;1.0002659968580234;1.0003049882291222;1.0003049995324558;1.0002886668157966;1.0003058045514817;1.0003051679337385;1.00030579464088;1.000311571729131;1.0003048799764218;1.0002633832902208;1.000245123943923;1.0002031293814204;1.0003055144440107;1.0004918024632226;1.0005119036771302;1.000251209086447;1.0002189542899893;1.000276974545921;0.9987708369263689;0.9982038988748738;0.9976160746329462;0.9973930933556937;1.0002687613602603;0.9971450338573908;0.9970513611985444;0.9972651689429946;0.9972345180659469;0.9972142829590083;1.0003050145394075;1.0002753969201226;1.0002470147950415;1.0002840230042702;1.0003045748711215;1.024999976158142;
2016-01-18 01:15:00;1.0002766601151625;1.0002601399625108;1.0003048786539581;1.0002812338801148;1.0003001532414895;1.0002865469793214;1.0004893800336747;1.0003050476755317;1.0002873195902506;1.0003053494569363;1.0002869169451536;1.0003056277416358;1.0003056577103728;1.0002975636379163;1.0003050064693566;1.000304164244892;1.0003050111431442;1.000304883736287;1.0003054811946748;1.000288194016819;1.0002730869612677;1.0002673894606706;1.0003046931174429;1.0004763652130966;1.0004951385354062;1.0002773162849719;1.000271363221381;1.000293890195096;0.9986676926015493;0.9980580090814511;0.9974508322478879;0.997215356915964;1.0002924150731742;0.9969259973317616;0.9968086960357907;0.9970989784892315;0.9970669798209915;0.9970452843519833;1.0003057638273736;1.000294311145359;1.0002742363544983;1.0002973667872148;1.0003051415233897;1.024999976158142;
2016-01-18 01:30:00;1.0002665384282003;1.0002447995373827;1.0003050216320257;1.0002741782586404;1.0002989840259915;1.0002810693297428;1.0004910488321617;1.0003049223520106;1.0002822551079107;1.000305148587671;1.0002821368869128;1.0003054293389035;1.0003054556511304;1.0002952427182716;1.0003049030587583;1.0003042553536863;1.0003049053798185;1.0003050776722426;1.0003052729439479;1.0002827323819616;1.0002597925501913;1.000254164167606;1.0003045564368527;1.0004781403969774;1.0004969160157018;1.000267606595161;1.0002591995328258;1.0002904852251138;0.9986509171637769;0.998032037231033;0.9974137284039871;0.9971714952204711;1.0002889204154493;0.9968649938805325;0.996747294440027;0.9970578140217152;0.997026617420291;0.9970058478906026;1.0003055667147418;1.0002913888825877;1.0002618942230375;1.0002951125164823;1.0003047952225572;1.024999976158142;
2016-01-18 01:45:00;1.0002609690182107;1.0002325802296572;1.000305959259474;1.0002679217153714;1.0002969921313878;1.00027442105909;1.0004953835006758;1.000304910514023;1.0002713181550036;1.000304928497835;1.0002772300257212;1.000305190255073;1.000305211573661;1.0002933262860596;1.0003049313834134;1.0003042435526903;1.0003049282712257;1.000306185438809;1.0003050163448721;1.0002768256899557;1.0002546386492759;1.000240317358018;1.000304580376919;1.0004821285393826;1.000501374528868;1.0002620676238185;1.0002480242652534;1.0002865395768659;0.9986565436588136;0.9980413130632556;0.9974317995165014;0.9971962143677205;1.0002833110506355;0.9969019880785296;0.9967815639651979;0.9970830137198345;0.9970499690491482;0.9970286744707352;1.0003052891849369;1.0002868474440973;1.0002566485300817;1.0002915405585322;1.0003046643758153;1.024999976158142;
2016-01-18 02:00:00;1.0002802338212045;1.0002702620796897;1.0003051919751613;1.000285848405217;1.000301692719764;1.0002905399057078;1.0004909174561276;1.0003058667311302;1.0002914244301424;1.0003063420359533;1.000291122151688;1.0003067058360016;1.0003067486805977;1.0003001870620105;1.0003058010325143;1.0003054626201378;1.0003058089353303;1.000305135982351;1.0003065340920114;1.0002906735782156;1.0002743514012369;1.0002738478408812;1.000305574181504;1.000478312850323;1.0004964689952196;1.0002800628043165;1.0002764237018864;1.000296792990369;0.9989943502008851;0.998542910191472;0.9980443305680559;0.9978754101236412;1.0002960887306607;0.997702772237289;0.9976484522211093;0.9977680600071012;0.9977368656529967;0.9977151401991872;1.000306928505317;1.000297521541559;1.000275726480762;1.000298788505433;1.0003064789421545;1.024999976158142;
2016-01-18 02:15:00;1.000280409246423;1.0002669857507578;1.0003051795687732;1.0002852067631873;1.0003014383908713;1.0002901419162995;1.0004900818837172;1.0003057636687005;1.0002913099006288;1.0003062449020412;1.0002900683510303;1.0003065789615864;1.0003066270382348;1.000299437641248;1.000305682281652;1.000305049859444;1.0003056935231356;1.0003051366229065;1.000306430361778;1.0002910158998302;1.0002763054062558;1.0002733209468204;1.0003054187960767;1.0004772559084398;1.0004957220228523;1.0002807944062013;1.0002763534587562;1.00029640333012;0.9989512796230632;0.9984753720303514;0.9979480471153558;0.9977600429842516;1.000295166364671;0.997569517911688;0.9975134113978786;0.9976394641498246;0.9976076708369558;0.9975874196503796;1.000306802020556;1.000296685761776;1.0002774750118368;1.0002990544457682;1.0003061644144764;1.024999976158142;
2016-01-18 02:30:00;1.0002583212037224;1.0002312616002622;1.000305396479456;1.000265305874634;1.0002960424259264;1.0002723497941681;1.0004985922860115;1.0003048969971347;1.0002689266967337;1.0003052078542238;1.0002750862787404;1.0003057389112244;1.000305771667549;1.0002929629785882;1.0003048837429949;1.0003039896056416;1.0003048848664176;1.0003055525127524;1.0003054063178987;1.0002744960037715;1.000251559506586;1.000237588067376;1.0003044779290566;1.000484995396429;1.0005048016854134;1.0002587520298307;1.0002454016677782;1.0002854540806936;0.998986442093273;0.9985234122719102;0.9980158429628045;0.9978397153693814;1.0002820833827772;0.9976497242407074;0.9975914965989874;0.9977346070096778;0.9977030930425036;0.9976824372917087;1.0003058925510742;1.0002857482501255;1.0002533969960414;1.0002900333590927;1.0003053161436832;1.024999976158142;
2016-01-18 02:45:00;1.0002771125876098;1.0002617711600683;1.000304993851739;1.0002828221838762;1.0003008812294727;1.0002883154121625;1.0004914299175958;1.0003055236775575;1.0002897619572566;1.000305996507169;1.0002883179673132;1.0003063612669798;1.000306406185232;1.000298461490131;1.0003054478492621;1.0003048405871946;1.0003054584506001;1.0003049616518223;1.000306190129584;1.0002892503389709;1.000272188597616;1.0002691624773423;1.00030516786864;1.0004785398209861;1.0004971467251684;1.0002776858842983;1.0002725133866768;1.000295176403674;0.9989462184914889;0.9984662274565167;0.9979398402777415;0.9977518671366796;1.0002938795226766;0.9975573544845591;0.9974971508320061;0.9976340533854028;0.9976014485896779;0.9975802843752396;1.000306594040441;1.0002955641068685;1.0002736335472817;1.0002982551683923;1.0003058715915025;1.024999976158142;
2016-01-18 03:00:00;1.000287918086917;1.0002735028230423;1.0003054421697768;1.0002900689376435;1.000300888216172;1.0002925628024941;1.0004910229415358;1.0003062298396184;1.0002884891772827;1.0003067457734112;1.0002924598252811;1.0003071288637169;1.0003071812804425;1.0003012871805945;1.0003061723629338;1.0003057829346056;1.0003061797758042;1.0003053727093372;1.0003069469288628;1.0002926364577336;1.0002860385781522;1.000276172983577;1.000306030463675;1.0004783081762536;1.0004963751096865;1.0002877789650682;1.0002800348972662;1.0002981890684148;0.9990640337818983;0.9986445714124098;0.9981716314396963;0.9980173947172362;1.0002945639949785;0.9978734386354472;0.997829368152544;0.9979100346502604;0.9978776051260287;0.9978566445835164;1.0003073342861926;1.0002962312545933;1.000286442304177;1.0002986770370954;1.000306970989109;1.024999976158142;
2016-01-18 03:15:00;1.000266942216944;1.0002341929887917;1.0003050787834327;1.0002716558724205;1.0002952950027089;1.0002764085042217;1.0004976848294218;1.0003050207714375;1.000268366062708;1.000305465110261;1.0002776911823605;1.0003060809444144;1.0003061179898807;1.000294270773896;1.0003049911994126;1.0003044097743465;1.000304995042759;1.0003051777440382;1.000305698424275;1.000277720807824;1.0002631626928984;1.000241230339583;1.000304739619821;1.0004843510237869;1.0005034987069383;1.000267744028606;1.000249860343226;1.0002879218086724;0.9990277413218303;0.9985996331479241;0.9981029871764944;0.9979405890922008;1.0002812333392193;0.9977855843042246;0.9977498688603578;0.9978298932560634;0.99779896101051;0.9977781583314458;1.0003062166655659;1.0002849018798707;1.0002644229112834;1.0002905934008839;1.0003056134688633;1.024999976158142;
2016-01-18 03:30:00;1.000269900556388;1.0002372598046296;1.0003049401320143;1.0002736598105064;1.0002950538793554;1.0002776231988846;1.0004960977996813;1.000305118482715;1.0002679692395524;1.0003055953598272;1.0002786525160667;1.0003061804515894;1.0003062196356602;1.000294966089294;1.0003050805172489;1.0003045545719917;1.0003050856453497;1.000304991385306;1.0003058263772007;1.0002785684658029;1.000266975501209;1.0002431673150907;1.0003048679449584;1.0004828983155771;1.0005017777744385;1.0002704733286205;1.0002518950701318;1.0002887404060434;0.9990033120912368;0.9985629399046329;0.9980618053471125;0.9978959711596932;1.0002812214539905;0.9977394380642512;0.9976962527889549;0.9977817377023204;0.9977506330684472;0.9977302332699713;1.0003063210641754;1.000284866510659;1.000267930897391;1.0002905686358419;1.0003057908792174;1.024999976158142;
2016-01-18 03:45:00;1.0002748311569576;1.0002401784668935;1.0003048886692496;1.000279013287174;1.0002965280482075;1.000282830359195;1.0004959980883974;1.0003052453246415;1.0002751940082621;1.000305751038262;1.0002822457930447;1.0003063187679262;1.0003063637791654;1.0002958542779345;1.0003052001619301;1.0003048713625935;1.0003052093037064;1.0003049132880888;1.0003059901721343;1.0002836299785018;1.0002726721724435;1.000250668904856;1.0003050500352746;1.0004829606225398;1.000501527268588;1.0002764588614255;1.0002584204885538;1.0002916925953131;0.9990318661381893;0.9986055121037295;0.998115652388831;0.9979566825900237;1.0002840793659629;0.9978057008031288;0.9977669908530883;0.9978478103580765;0.9978155446291379;0.9977942165288504;1.0003064898302019;1.000287171909758;1.0002738764903356;1.0002937665797413;1.0003056151668874;1.024999976158142;
2016-01-18 04:00:00;1.0002760389201641;1.000250324517201;1.0003049451296016;1.0002806564772377;1.000298332969845;1.0002851454833555;1.0004940894538037;1.00030552328405;1.0002810729606926;1.00030606496079;1.0002847945273765;1.000306555412209;1.0003066014979844;1.000297222365366;1.000305453047556;1.0003049631829959;1.000305463290385;1.0003049174795344;1.000306291339619;1.0002858889524289;1.000272754210825;1.000258772626601;1.0003052406265627;1.0004810884417454;1.0004997140126783;1.0002769821788116;1.00026463598822;1.0002932770697495;0.9990462413260122;0.9986246957237456;0.9981322827273007;0.9979704813681195;1.0002882725588425;0.9978280547697029;0.9977951309251447;0.9978519908098562;0.9978202088615018;0.9977988805755713;1.0003067524485005;1.00029077319186;1.0002739518953367;1.0002955286817816;1.0003059949621862;1.024999976158142;
2016-01-18 04:15:00;1.0002818274472278;1.0002657764911218;1.0003051956567777;1.0002854464920028;1.0003005844506816;1.0002896401855867;1.0004923519343085;1.0003058947635932;1.0002882164615894;1.000306478418803;1.0002894077474667;1.0003069271482838;1.000306979341039;1.0002995174875493;1.0003058055531893;1.000305153665988;1.0003058169472;1.0003051456464611;1.0003067030941435;1.0002903860041141;1.0002789782982273;1.0002714066896328;1.0003055692972234;1.0004793496004265;1.0004979847081712;1.000282093899871;1.0002753018649662;1.0002962185960882;0.9990828189768669;0.9986604460256097;0.9981802704622253;0.99801647389676;1.0002934865278408;0.9978603147377445;0.9978185764335967;0.997904701846;0.9978727209893178;0.9978524586980015;1.0003071477344347;1.0002952620793122;1.0002797884726708;1.0002981571343736;1.0003065637591149;1.024999976158142;
2016-01-18 04:30:00;1.0002710244357496;1.000238100124625;1.0003049262830517;1.0002757696974451;1.0002962263072754;1.0002802529707322;1.000496959239558;1.0003051604517197;1.0002731917707608;1.0003056648691078;1.00028041783512;1.0003062569846;1.000306299914072;1.0002952175918347;1.0003051157516576;1.0003046631586168;1.000305122669872;1.000304973873739;1.0003059095061708;1.0002812480403027;1.0002677972352032;1.0002472518755194;1.0003049088368858;1.0004837781195635;1.0005026469723604;1.000272263171489;1.0002550930580547;1.0002901865654021;0.9990560490934935;0.9986229167867205;0.9981294390053781;0.9979597876900276;1.0002833645840543;0.997801538182884;0.9977594554303161;0.9978416371542206;0.9978094021200798;0.9977882288648948;1.0003064383819706;1.000286621327827;1.0002690990995018;1.0002926440707056;1.0003056458652086;1.024999976158142;
2016-01-18 04:45:00;1.0002808411395516;1.0002531253403242;1.0003051591930854;1.0002846563877232;1.0002989142633736;1.0002883726910183;1.0004924316607173;1.000305929213401;1.0002835430822203;1.0003064905116887;1.0002870779668276;1.0003069586136166;1.0003070094215658;1.00029826937206;1.000305856675166;1.0003054686591721;1.0003058696793998;1.0003051028021355;1.0003067203174902;1.0002888966538293;1.0002789525306375;1.0002630534801005;1.0003057031897686;1.000479622030333;1.0004978656988823;1.0002821766334307;1.0002688334543635;1.0002952996601977;0.9990777788042402;0.9986563805925875;0.9981812892178398;0.9980220584856818;1.0002893162099549;0.9978731456678499;0.9978289008968975;0.9979114257191682;0.9978802575775866;0.9978594513678856;1.000307175337699;1.0002916346394888;1.0002799674447258;1.0002970585726283;1.0003062995980143;1.024999976158142;
2016-01-18 05:00:00;1.0002839549405198;1.0002534981388784;1.000304984061144;1.0002867912790114;1.0002985063301861;1.0002895722666487;1.0004936394326098;1.0003056831454604;1.0002830365095008;1.0003062367504896;1.0002879007791208;1.0003067466155853;1.00030679860259;1.0002983584145395;1.0003056197544384;1.0003053495809062;1.000305634628862;1.0003049461714604;1.0003064755475608;1.0002900257912741;1.0002834681712947;1.0002640615428475;1.0003055297795944;1.0004807955130262;1.0004989658962171;1.0002856332843117;1.0002702827192604;1.0002958752130984;0.9990571771347723;0.9986280380953622;0.9981382416608844;0.9979715926230345;1.0002886914348799;0.9978150955895001;0.9977739722411822;0.9978562480692097;0.9978248858081193;0.9978046255368012;1.0003069476786957;1.0002910457311995;1.0002842807167969;1.0002971748999587;1.0003060404274646;1.024999976158142;
2016-01-18 05:15:00;1.000233355494753;1.0001787236242532;1.0003106173707432;1.0002450956347249;1.0002954589166224;1.000255535664739;1.0005098405450965;1.0003057522654704;1.0002523165943238;1.0003049423813173;1.0002620753453153;1.0003049990862567;1.0003050144401322;1.0002853082733605;1.0003059219963364;1.000304979601527;1.0003058928458364;1.0003114905032546;1.0003048775142585;1.000262141680556;1.0002243104899198;1.0001974458944891;1.000305383211396;1.0004955057499894;1.000516612244683;1.0002377771197546;1.000211326903285;1.0002749590477777;0.9989726442514503;0.9984920932663588;0.9979625092586857;0.997770808491039;1.0002709450303915;0.9975725877981394;0.997514044173434;0.9976505557730899;0.9976128076735502;0.997585202209256;1.0003050790635581;1.0002771049499566;1.0002283599434862;1.0002868800369642;1.0003037079876649;1.024999976158142;
2016-01-18 05:30:00;0.9998921821784138;0.9997334188423546;1.0000000963034685;0.9999167050110246;0.9999770502102376;0.9999366104615799;1.000227527233564;1.0000000682317058;0.9999324892390111;1.0000000594484815;0.9999259000112519;1.0000000526337116;1.0000000524576333;0.9999615126273211;1.0000000699201042;0.999999213184851;1.000000069377755;1.0000000996441794;1.0000000564600382;0.9999440199235278;0.9998870370970834;0.9998211747970805;0.9999995343491772;1.0002117481682093;1.0002349631644007;0.9999096183849882;0.9998456700535625;0.9999587313938558;0.9986262703631306;0.9981210560627838;0.997557402776784;0.9973486525199378;0.9999335100212675;0.9971412581279379;0.9970842024128355;0.997211930820488;0.9971752163225436;0.9971528419819108;1.0000000519416226;0.9999424666101782;0.9998955102555972;0.9999778539424925;0.9999939621067312;1.024999976158142;
2016-01-18 05:45:00;1.0002215517909185;1.0001168139186023;1.0003144469420344;1.000239595141963;1.0002975743471598;1.0002548113137877;1.0005160457033169;1.0003070727613808;1.000259177764466;1.0003054102080209;1.00025570826961;1.0003048892624855;1.0003048828696712;1.000277805535945;1.000307516129761;1.0003064696220996;1.000307386767451;1.0003155673778084;1.000305074975661;1.0002661267994148;1.0002160337674755;1.00017544584622;1.0003068630668561;1.0005012844850742;1.0005230277522221;1.0002353833730746;1.0001935096486798;1.0002731368190805;0.998907330032079;0.9983939727886841;0.9978130289043909;0.9975916717243365;1.000264584136651;0.9973988057330994;0.9973463387200902;0.997428219630525;0.9973903249025988;0.9973678993353532;1.0003048833073258;1.0002716582039828;1.000223111289025;1.0002945169326167;1.0003008149644441;1.024999976158142;
2016-01-18 06:00:00;0.9998823225366045;0.999740266772306;1.0000001023554046;0.9999080478104347;0.9999759399335936;0.9999285869238919;1.0002266753703954;1.0000000707033654;0.999923397483317;1.0000000609959958;0.999922371710137;1.000000053309012;1.000000053126225;0.999961803247125;1.0000000723375944;0.9999992083771626;1.0000000718485322;1.000000106329536;1.0000000576678296;0.999935062686449;0.9998715910592811;0.9998133579059293;0.999999433716144;1.000211044122089;1.0002343209916058;0.9998963393215156;0.9998374549924477;0.9999545843776587;0.9983918106954334;0.9978030230429478;0.9971232848191913;0.9968592756201419;0.9999326873809538;0.996678866076848;0.9966275443626528;0.9966304458022035;0.9965917102717865;0.996568822459189;1.0000000525719484;0.9999420962394913;0.9998800220896353;0.999972460092743;0.9999949793191842;1.024999976158142;
2016-01-18 06:15:00;0.9999144542348825;0.9998007193294957;1.000000087770056;0.9999264178610383;0.999977362544366;0.999939213823933;1.0002141286240196;1.0000000658537158;0.999924852659032;1.0000000580555313;0.9999353168593093;1.0000000521802577;1.0000000520390573;0.9999702062963347;1.0000000671572788;0.9999984871741501;1.0000000668523619;1.0000000902971986;1.0000000555845343;0.9999452927904434;0.9999136756857694;0.9998493986958502;0.9999995366117915;1.000198498428626;1.0002212372617418;0.9999237080374022;0.9998717012842686;0.9999619201580984;0.9980852345828518;0.9974243512421977;0.9966523602141556;0.99636620906449;0.9999406315047215;0.9961962112134016;0.9961446007497431;0.9961007456201186;0.9960620398368555;0.9960398496872743;1.0000000518323167;0.9999491103275467;0.9999176914674364;0.999973403445234;0.9999966740838988;1.024999976158142;
2016-01-18 06:30:00;0.9999027134177482;0.9998322232559262;1.000000087432931;0.9999175261484647;0.999979850285853;0.9999326791280103;1.0002137637174604;1.0000000660898392;0.999925379871115;1.0000000581831878;0.9999359196187757;1.0000000526795387;1.0000000524609258;0.9999730547720465;1.0000000673039906;0.9999981722050405;1.0000000671416636;1.0000000900617196;1.0000000557437383;0.9999376517599237;0.99989138250196;0.9998559822433906;0.9999992577543306;1.0001980948887834;1.0002215124794593;0.9999058750818949;0.9998734980738474;0.999959093840303;0.9979944455430328;0.9973226505886196;0.9965277602266724;0.9962436815639756;0.9999488669398813;0.9960839719928408;0.9960382349845446;0.9959739547985927;0.9959160934812912;0.995894697286697;1.0000000519451495;0.9999566493084374;0.9998954695619153;0.9999696877297328;0.9999984057082667;1.024999976158142;
2016-01-18 06:45:00;0.9998707423673509;0.9997439930628181;1.0000001163191599;0.9998949813100237;0.9999740667728269;0.9999171096427097;1.0002301951113828;1.0000000787413368;0.9999118689618304;1.0000000657416772;0.9999150293468728;1.0000000581324413;1.0000000572705756;0.9999606175635646;1.0000000808942768;0.9999981375190139;1.00000008042115;1.0000001208220257;1.0000000615032774;0.9999246218943305;0.9998581756519994;0.9998040868667741;0.9999991505762641;1.0002134798897586;1.0002386633070373;0.9998813514345614;0.999828599870716;0.9999483114098621;0.997783571443412;0.9970041541527737;0.9960567650673217;0.9956830854968818;0.9999299087450476;0.9955022106146199;0.995465857161936;0.9953083460419844;0.995176733834723;0.9951414382208946;1.000000054922086;0.9999400456797903;0.9998656511458952;0.9999662670804054;0.9999958867647343;1.024999976158142;
2016-01-18 07:00:00;0.9999047141596921;0.9998211759075557;1.0000001017271347;0.9999186216603166;0.9999779170468872;0.9999323607744601;1.0002170372901882;1.0000000735628962;0.9999198785246617;1.0000000637212212;0.9999345543406424;1.0000000589844218;1.0000000579716297;0.99997214532479;1.0000000748367857;0.9999985244157177;1.0000000746013071;1.0000001052604337;1.0000000604781962;0.9999370498359202;0.9998956624892554;0.9998489037371109;0.9999994003362607;1.0002013795057945;1.0002245462949289;0.9999090872620674;0.9998687278914323;0.9999587299707038;0.9971336146324274;0.9960927949295526;0.9948441380227496;0.9943118637855582;0.9999442564872273;0.9939855064824629;0.9939260973984653;0.9938250219881817;0.9936684711996797;0.9936295904270691;1.000000055333971;0.9999526392434464;0.9998996950338016;0.9999686124012667;0.9999981266482866;1.024999976158142;
2016-01-18 07:15:00;0.9999045770380323;0.9997647494514567;1.0000001220517163;0.9999199059308383;0.9999754894957196;0.9999353013322746;1.0002235356430067;1.0000000861778482;0.9999222672519005;1.0000000727308553;0.9999282055472243;1.0000000696716307;1.00000006732974;0.9999652747126777;1.0000000885280818;0.9999984798358008;1.0000000879119817;1.0000001260053661;1.0000000682230545;0.9999426881029276;0.9999048247105545;0.9998315590584209;0.9999995354886327;1.0002072491182312;1.0002309566370042;0.9999176759108455;0.9998566405453414;0.9999588256527889;0.9963674403776143;0.9950586904677803;0.9934720981202186;0.9927877647348525;0.9999336077017843;0.9925194272478998;0.9924557169266338;0.9920585602136884;0.9917159709217855;0.991534482659201;1.0000000610360282;0.9999428640889233;0.9999101801619799;0.9999735992246053;0.9999954162987814;1.024999976158142;
2016-01-18 07:30:00;0.99989729600338;0.9997473179575567;1.0000001336682875;0.9999127009079739;0.9999728051351978;0.9999287549960114;1.0002234826099476;1.0000000926285884;0.9999127200515154;1.000000077013188;0.9999216956938651;1.0000000726851572;1.0000000701858;0.9999626146712907;1.0000000952822643;0.9999982678210236;1.0000000946244387;1.0000001381623072;1.0000000718186108;0.999936702358863;0.9998981731370258;0.9998166598679228;0.9999994960862523;1.0002070161566812;1.0002310202740472;0.9999108420722562;0.9998442770070424;0.9999548339865238;0.9961141999451606;0.9947116755919009;0.993008854385292;0.9922685932388784;0.999927146691056;0.9920148825845598;0.9919483053112093;0.9914548270125808;0.9910593607634463;0.9908023091408205;1.0000000635338282;0.9999373671780775;0.999903558827278;0.9999701728471415;0.9999952484048117;1.024999976158142;
2016-01-18 07:45:00;0.9998563861547862;0.9996278645633725;1.000000238790289;0.9998774688418243;0.9999581275073456;0.9998974504939048;1.0002495821980437;1.0000001380759689;0.9998652552355571;1.0000001049072542;0.999887887005801;1.0000000891801166;1.0000000852689548;0.9999459541084773;1.0000001426484992;0.9999985137481235;1.0000001412735544;1.0000002503828387;1.0000000933303865;0.9999075342403178;0.9998594396375017;0.9997283264095134;0.9999995811558987;1.000231511289236;1.0002577325881454;0.9998768963335941;0.9997710299455828;0.9999348314890186;0.9960526120157472;0.9946133773765942;0.9928591807809423;0.9920911139580187;0.9998893206829478;0.9917474330873394;0.9916836535461928;0.991301726746746;0.9909167303597602;0.9907207980660027;1.0000000752741716;0.9999048644011614;0.9998671670418935;0.9999547513075274;0.9999930936598099;1.024999976158142;
2016-01-18 08:00:00;0.9998653249737603;0.9996233580297528;1.000000221740336;0.9998872912370107;0.9999609332561505;0.999907784205126;1.0002482560189403;1.000000131740835;0.999880845571315;1.0000001015606848;0.9998932339208894;1.0000000902992185;1.0000000859162865;0.9999460095087095;1.0000001365888056;0.9999986124371332;1.0000001349992076;1.0000002316680403;1.000000090950612;0.9999186990661729;0.999871965587728;0.9997405722883584;0.9999996498450091;1.0002303041699514;1.0002561982670315;0.9998895766063077;0.9997820889622746;0.9999402816914846;0.9959868332888256;0.9945399728385194;0.9927690679432667;0.9920021557854517;0.9998934530093658;0.9917666894647712;0.9917074574709313;0.9911404006000062;0.9907357442790632;0.9905432416406866;1.0000000743625985;0.9999080155971563;0.9998803609641245;0.9999623230075779;0.9999919222582347;1.024999976158142;
2016-01-18 08:15:00;0.9999235141455316;0.9998142313190066;1.0000001114402652;0.9999345700479624;0.9999802921459355;0.9999470812077644;1.0002124740022749;1.0000000856382791;0.9999369061865101;1.0000000746139368;0.999941559678117;1.0000000780614478;1.000000074553669;0.9999722121165563;1.0000000877245676;0.9999983876668126;1.0000000872302222;1.0000001140941552;1.0000000709610628;0.9999535241077342;0.9999246635024224;0.9998659448899906;0.9999995653318419;1.0001967975661563;1.0002195382426742;0.9999334414210665;0.9998859860080205;0.9999664778295586;0.9955727516596714;0.9939456107234973;0.9919432268616575;0.9910391508885813;0.9999468849737955;0.9907421995077259;0.9906827914393623;0.9900364969364014;0.9895722655200023;0.9893048247681434;1.0000000649643987;0.9999543258562307;0.9999284868306728;0.9999783987599236;0.9999964608778069;1.024999976158142;
2016-01-18 08:30:00;0.9999386399603611;0.9998454590922888;1.0000000981035773;0.9999458660924204;0.9999812588253687;0.9999538018386654;1.0002071621506543;1.000000076970614;0.9999376491445703;1.0000000688176076;0.9999504151457596;1.0000000711249089;1.0000000684975596;0.9999774778885767;1.0000000781669653;0.9999990840452174;1.0000000778585252;1.0000001005267527;1.0000000660151729;0.9999580284131363;0.9999402015988861;0.9998820013453071;0.9999997803886386;1.0001923784855147;1.0002135252584077;0.9999458428037052;0.9999006365533174;0.9999711047794186;0.9958022250255744;0.9942622981796878;0.9923709662497351;0.9915206600784965;0.9999517882053798;0.9912772276938313;0.9912185303857635;0.9905531566451401;0.9901510274979284;0.9899179068681236;1.000000061421003;0.9999586818605796;0.99994279580105;0.9999784929886313;0.9999975129651659;1.024999976158142;
2016-01-18 08:45:00;0.9999431138752072;0.9998644176744008;1.000000094263071;0.9999504061485658;0.9999845714326815;0.9999590087374204;1.0001994587836815;1.0000000778915774;0.9999490272088867;1.0000000706955525;0.9999557850102587;1.0000000730518073;1.0000000707107186;0.9999797465690249;1.000000079158347;0.9999988142211775;1.0000000788689405;1.0000000959923574;1.0000000682773051;0.9999634514377888;0.9999437874878152;0.9998982890917969;0.9999996961278832;1.0001850031794584;1.0002058189445011;0.9999495082953671;0.9999136364239091;0.9999743216209304;0.9952599030372211;0.9934551094260655;0.9914293012249317;0.9904929109437789;0.9999594658230784;0.9899224114095411;0.9897268783945102;0.9896340105785297;0.9893017692321967;0.9891170672095458;1.0000000642328153;0.9999652395748815;0.9999462670787933;0.9999821873491782;0.9999977072327757;1.024999976158142;
2016-01-18 09:00:00;0.9999225881891676;0.9998208821965965;1.0000001125157136;0.9999314960228908;0.9999769006301247;0.9999408274314397;1.000211294977078;1.0000000831758786;0.9999200369946281;1.0000000724975104;0.9999394575418108;1.0000000710559545;1.0000000688092796;0.9999735872731684;1.0000000844884767;0.9999989859731567;1.000000084179884;1.0000001160667746;1.000000068828199;0.9999451613203428;0.999921581422473;0.9998554754062617;0.9999997035147519;1.000196209292095;1.00021796123807;0.9999291759531374;0.9998775985881677;0.9999634813314713;0.9957725297769485;0.9941906933361242;0.9923753068075492;0.9915566275856486;0.9999419491241567;0.9911818360504489;0.9910369323320747;0.9907210062595545;0.9903813185801017;0.9901858158039962;1.000000062856453;0.9999504439576854;0.999924552750525;0.9999712022325047;0.9999976558878768;1.024999976158142;
2016-01-18 09:15:00;0.9999241844078145;0.9998388515108446;1.0000001101599867;0.999931041114264;0.9999778213448508;0.9999401841867307;1.0002117617057877;1.0000000840766055;0.9999206247470392;1.0000000735307835;0.9999408934265651;1.0000000764352193;1.0000000731347554;0.9999753560891144;1.0000000855267954;0.9999984623595966;1.0000000852639517;1.0000001131595813;1.000000070045469;0.9999447233244911;0.9999228882392361;0.9998635453531028;0.9999995843848556;1.0001961991861934;1.000218751220704;0.9999283991998026;0.9998840867819112;0.9999635236975388;0.9956040640808717;0.9939437496550415;0.9920458764578247;0.991179284272636;0.9999453530224778;0.99078631432212;0.990629215735872;0.9902922013588573;0.9899090184190964;0.989745425551304;1.0000000643307592;0.999953513969157;0.9999249492454465;0.9999704672134067;0.9999983345418054;1.024999976158142;
2016-01-18 09:30:00;0.9998795253170344;0.9997188388248198;1.0000001927699316;0.999887027933692;0.9999567304653135;0.9998962534966434;1.0002295802634031;1.0000001198498152;0.9998442069703789;1.0000000956496327;0.9998990638659389;1.0000000859309295;1.000000082485731;0.9999588059729861;1.0000001219702888;0.9999987630878554;1.0000001215064818;1.000000201944211;1.0000000872791417;0.9999012835492215;0.999880571358351;0.9997535722510943;0.9999997260343333;1.0002129957162955;1.0002367952239724;0.9998863033618959;0.9997938126573925;0.9999369737389264;0.9954559998624349;0.9937253116074138;0.9917462495188462;0.9908357445132174;0.9998965299812922;0.9904245773106258;0.9902613310461107;0.9899025342291438;0.989523456653166;0.9893303822717664;1.0000000739891142;0.9999120627315486;0.9998831092760045;0.9999433896324218;0.9999976535498554;1.024999976158142;
2016-01-18 09:45:00;0.9998864263354925;0.9997379721001104;1.000000193394347;0.9998931576337112;0.9999589385227192;0.9999014157917;1.0002286832682332;1.0000001225970871;0.9998511675567961;1.0000000989344051;0.9999048536270715;1.0000000916481757;1.000000087615509;0.9999616214241699;1.000000124540037;0.9999989063887759;1.0000001241319811;1.0000002023984103;1.0000000906769335;0.9999058296847785;0.9998868422280072;0.9997672157505405;0.9999997612345503;1.0002122700107505;1.0002357935422723;0.9998920917737522;0.9998051814675417;0.9999402758347912;0.9951102116577845;0.9932103631233004;0.991134650730888;0.9901636402362074;0.9999023523256646;0.9896073365919478;0.9893638711817545;0.9892488907744615;0.9888667133986286;0.9886912136758413;1.0000000774204827;0.9999170763113064;0.9998890739244432;0.9999456486037088;0.9999980359594133;1.024999976158142;
2016-01-18 10:00:00;0.9999225973809016;0.9998224499593584;1.000000128117629;0.9999293671079686;0.9999746138256089;0.9999368618376373;1.0002143736775546;1.0000000919072456;0.9999096421056511;1.0000000793169046;0.9999374361399184;1.0000000808024656;1.000000077203625;0.9999739235007774;1.000000093018937;0.9999991173781922;1.0000000927775543;1.0000001327293482;1.0000000749036935;0.9999405046666193;0.9999219428092032;0.9998488827338883;0.9999997703927475;1.0001991389759;1.0002209894876741;0.9999276150268039;0.9998727008364875;0.9999614648383305;0.9953764585855773;0.9936036223234713;0.9916179440697267;0.9906975139931816;0.9999381659038844;0.9902340291887018;0.9900391985634505;0.9897867989126152;0.9893759458432102;0.9891774248197355;1.0000000676925167;0.9999473763721023;0.9999241751298484;0.9999670769235222;0.9999982227086788;1.024999976158142;
2016-01-18 10:15:00;0.9999142238239694;0.9998154161576744;1.0000001347787508;0.9999208779621139;0.9999737537276815;0.9999305411291068;1.000215898055711;1.0000000974651821;0.9999057320698314;1.000000082741019;0.9999317749523415;1.0000000838788747;1.0000000800371547;0.9999718051723157;1.0000000992178966;0.999998243117334;1.0000000989511542;1.0000001391675308;1.0000000778758766;0.9999356961299597;0.9999137436370077;0.9998419958529022;0.9999995544511301;1.0001998539158736;1.0002231136011055;0.999918788714282;0.999866306141827;0.9999577093399475;0.9952205314981294;0.9933921785961279;0.9913734019903682;0.99044252482578;0.999935889437935;0.989938469345543;0.9897182501374615;0.9895455935330228;0.9891398340880795;0.9889545043793021;1.0000000699373006;0.9999454912475931;0.9999157467969084;0.9999650252343585;0.9999982172009654;1.024999976158142;
2016-01-18 10:30:00;0.9999051971487408;0.9997622402881583;1.0000001364186033;0.9999175113205186;0.9999730706735015;0.9999314726724627;1.000218335301506;1.0000000985568593;0.9999125154756006;1.0000000832051674;0.9999250118178178;1.0000000820944477;1.0000000787532284;0.9999648967948283;1.0000001011998165;0.9999982359593054;1.000000100561118;1.0000001404343326;1.0000000780793583;0.9999389502002993;0.9999079070866519;0.9998247926434379;0.9999995509587125;1.0002021268302412;1.0002256272412113;0.9999174011586182;0.9998519897334678;0.999956760038809;0.9952795418761181;0.9935229190785195;0.9915087007422717;0.9906026210079749;0.9999290090791316;0.9902044874210714;0.9900423865545461;0.9896664142850127;0.9892818912164153;0.9890760767682616;1.0000000697460987;0.9999390312360505;0.9999122886037657;0.9999701725188369;0.9999957237958683;1.024999976158142;
2016-01-18 10:45:00;0.9998798142540699;0.9996557608894904;1.0000002141053832;0.9998991448606169;0.9999640257840754;0.9999170358094976;1.0002361600072787;1.0000001353980175;0.999890476982463;1.0000001081592345;0.9999030273317192;1.000000099504363;1.0000000949566443;0.9999510773824398;1.0000001398843523;0.9999988648093555;1.000000138355562;1.000000222747833;1.0000000983602537;0.9999267106976859;0.9998868134993927;0.9997631528032791;0.9999997461673852;1.0002192046888694;1.0002435448993754;0.99990211059072;0.999801515038111;0.9999462410488718;0.9949270722488842;0.9929818623328165;0.9907934807098387;0.9897780192009857;0.9999021233302947;0.9892821258487343;0.9890747402035026;0.9887627448877377;0.9883832440241999;0.9881984694809417;1.0000000826252273;0.9999154862317501;0.9998943130017909;0.9999657222375169;0.9999926143929382;1.024999976158142;
2016-01-18 11:00:00;0.9998853726004827;0.9997351078382428;1.0000001793757276;0.9999003555568233;0.9999686757676436;0.9999165615519532;1.0002328600593904;1.000000115465362;0.9998944918577207;1.0000000923500754;0.9999130215745966;1.000000084829981;1.0000000812931447;0.9999601910629686;1.0000001187903778;0.9999981056852243;1.0000001179911413;1.0000001867161339;1.0000000845015946;0.9999244937031675;0.9998846106597985;0.9997962060599141;0.9999994512347565;1.000215625972055;1.0002408193446317;0.9998971377695653;0.9998268221277276;0.9999478902414374;0.9956555562287399;0.9940061875333595;0.9921234662921881;0.9912643587749274;0.9999188156141152;0.9908455357007179;0.990687652201071;0.9904049042791766;0.9900272971454264;0.9898348805132263;1.0000000719571116;0.9999305036617122;0.9998896567785769;0.9999624317961252;0.9999958189360338;1.024999976158142;
2016-01-18 11:15:00;0.9998697843274651;0.9996714621625667;1.0000002221414868;0.9998878566645811;0.9999616155665587;0.999905156571897;1.0002427777216767;1.0000001330382997;0.9998738933690199;1.0000001037228117;0.999898363033377;1.0000000925277226;1.0000000882177307;0.9999521475473414;1.0000001367637257;0.9999986514765696;1.0000001356486465;1.0000002327209967;1.0000000933598174;0.999913713759437;0.9998713685736623;0.999753868034914;0.9999996156877934;1.0002252765361717;1.0002506435107714;0.9998864891010373;0.999792380941715;0.9999401966143112;0.9956290415156535;0.9939590716977121;0.992061357579986;0.9911917165242409;0.9998999493410051;0.9907723220915888;0.9906068322892978;0.9903186126120547;0.9899330557387986;0.9897585343885759;1.00000007694831;0.9999141569503076;0.9998778810069339;0.9999568121345436;0.9999943453024256;1.024999976158142;
2016-01-18 11:30:00;0.999881280939522;0.9997116888645912;1.0000002073307095;0.9998966794793744;0.9999636231006908;0.9999103912133406;1.0002342842855885;1.0000001278056962;0.999876078000467;1.000000102446533;0.9999074195960599;1.0000000948962289;1.0000000904010664;0.9999582807810675;1.0000001302961463;0.999999219383462;1.0000001295488246;1.000000217386419;1.0000000932754596;0.999916444945858;0.999879933374334;0.9997723584365296;0.9999997341756887;1.000217835199545;1.0002416025538183;0.9998935332125128;0.999807806164356;0.9999442531612286;0.9952250393187444;0.9933744434830803;0.991277003781322;0.9902925575106019;0.9999078300873322;0.98972358480551;0.9895366271262962;0.9893685367218483;0.9889501290240118;0.9887445885541009;1.0000000785145053;0.9999211915518293;0.9998853239646753;0.9999562804537229;0.9999958587645147;1.024999976158142;
2016-01-18 11:45:00;0.9998838257758003;0.9997153558101363;1.0000002056108999;0.9998987144161434;0.9999631255641933;0.999911027205235;1.0002327183584234;1.0000001267310568;0.9998735159065876;1.0000001023726885;0.9999086816155878;1.0000000954718307;1.000000090934943;0.9999592685406388;1.0000001287928728;0.9999996122765902;1.0000001281081796;1.0000002158212415;1.000000093408523;0.999916131506853;0.9998820173323895;0.9997721965342814;0.99999983168256;1.0002166908428987;1.000239746200726;0.9998954574588343;0.99980796928519;0.9999448005807778;0.9951548151704813;0.9932628927035854;0.9911082125245111;0.9900857548875402;0.9999074164995045;0.989581288799833;0.9893970100459745;0.989067002752397;0.9886326537750636;0.9884079854187042;1.00000007894814;0.9999208934994237;0.9998872663045572;0.999955332034527;0.9999961242783937;1.024999976158142;
2016-01-18 12:00:00;0.9998968685816513;0.9997783990729363;1.0000001837853565;0.999905401891322;0.999965844324682;0.999913921588278;1.0002257056935908;1.0000001178071087;0.9998746140988809;1.000000096614632;0.9999184208784633;1.000000091845173;1.000000087635894;0.9999672508968251;1.0000001191285348;0.9999992200477653;1.0000001188592382;1.0000001925371975;1.000000089040341;0.9999173365763587;0.9998929262974225;0.9998002052753093;0.9999997494707324;1.0002098290242794;1.0002327298480156;0.9999008639322792;0.9998312878175754;0.9999480017259976;0.9950886377209922;0.9931822568484966;0.9910037876936517;0.9899738457121163;0.9999187304524064;0.9893940520973138;0.9892132480763618;0.9889965648162626;0.9885780137624006;0.9883717352553058;1.0000000767616946;0.9999310831360103;0.9998955410357744;0.999953137086406;0.9999985522039214;1.024999976158142;
2016-01-18 12:15:00;0.9999394760077503;0.9998593595597907;1.0000001038803596;0.999946850459375;0.9999817317806927;0.9999538081584572;1.0002055875648894;1.0000000823560489;0.999936451805319;1.0000000744579116;0.9999527822100007;1.0000000810178344;1.0000000772407887;0.9999795868468161;1.0000000832391631;0.999999451053191;1.0000000830096814;1.0000001065507398;1.000000071622694;0.9999566940459799;0.9999378969217622;0.9998855004701613;0.9999998262076618;1.0001912359207425;1.0002117980851026;0.9999444799777221;0.9999029554905362;0.9999715599031141;0.9951444378089255;0.9932724723133517;0.9912062383017335;0.990241118801716;0.9999542754375189;0.9896955218825045;0.9894695371722664;0.9893269085750644;0.988920158926176;0.9887417152750568;1.0000000668584839;0.9999609861466414;0.9999403538276567;0.9999770917473441;0.9999982370659354;1.024999976158142;
2016-01-18 12:30:00;0.9999579708599065;0.9998941700806097;1.0000000876180515;0.999962107057061;0.9999854685336185;0.9999659821592133;1.0001980012582268;1.0000000732830798;0.9999495767220734;1.0000000680713452;0.9999649147901325;1.0000000741030017;1.0000000711225627;0.9999850402779247;1.0000000737589865;0.9999997558380114;1.0000000736267989;1.0000000894333219;1.0000000661769115;0.9999678406679808;0.9999583098267288;0.9999131607882771;0.9999999588243931;1.0001843640996007;1.0002036617335301;0.9999617852131587;0.9999271971314884;0.9999790808927312;0.9953020141068413;0.9935243946119241;0.9915836920249056;0.9907001528888131;0.9999641681832208;0.9901857389115245;0.9899568974168379;0.9898734097270795;0.9895038033937533;0.9893361442291466;1.000000062989561;0.9999694221099806;0.9999598029873181;0.9999822277905284;0.9999987340445858;1.024999976158142;
2016-01-18 12:45:00;0.9999371973694143;0.9998483367957832;1.0000001165384922;0.9999428849886475;0.9999779556364273;0.9999479625426824;1.000203718397174;1.000000087953638;0.9999217835855587;1.000000078333251;0.9999480861141081;1.0000000803868931;1.0000000772910285;0.9999784377083633;1.0000000886468419;0.9999997430697033;1.000000088445732;1.0000001202848063;1.000000074806863;0.9999501740536584;0.9999366382835027;0.9998705769647853;0.9999999387819136;1.0001897038484986;1.0002096120212973;0.9999416638090273;0.9998914067326498;0.9999682447022836;0.9949389047965086;0.9929822110695363;0.990861335910422;0.989869271483635;0.9999466060501996;0.9892537351978439;0.9889917826754022;0.9889668804471041;0.9885778224906857;0.9883615237390059;1.0000000689450745;0.9999545451051869;0.9999386203866815;0.999971878346548;0.9999985168542169;1.024999976158142;
2016-01-18 13:00:00;0.999948152617214;0.9998759445329108;1.0000000990980678;0.999953868936884;0.9999834029213683;0.9999593169448261;1.0001995951284086;1.0000000798383188;0.9999422079994288;1.0000000729395497;0.9999583868841655;1.0000000782961103;1.0000000750655031;0.9999821571739685;1.0000000805003604;0.999999581847543;1.0000000803136209;1.0000001015343039;1.0000000704238665;0.9999617306342821;0.999947539465882;0.999898329092864;0.9999998890070608;1.000185735514922;1.0002054820713626;0.999952522608918;0.9999142373784615;0.999974983159343;0.9950597370349735;0.9931542785631428;0.9910690595891488;0.9900943692164945;0.9999587960828928;0.9894699593333848;0.9892280737541629;0.9892212047775997;0.9888193149182323;0.9886099214060281;1.0000000661930004;0.9999648482982076;0.9999494963686298;0.9999793297921481;0.9999985008309776;1.024999976158142;
2016-01-18 13:15:00;0.9999343137837754;0.9998452791216416;1.0000001066933895;0.999941443145965;0.9999792020897548;0.9999484490948695;1.0002037083498028;1.0000000822404274;0.9999273365457676;1.0000000734329704;0.9999475892818573;1.000000074938402;1.0000000722945908;0.9999775707040123;1.0000000831686846;0.9999993813552402;1.0000000829400648;1.000000109754194;1.0000000703118124;0.9999515673222696;0.999933405116615;0.9998726497717728;0.9999998219031303;1.0001894318679878;1.0002098747957795;0.9999395955468579;0.9998924774698089;0.9999683233833663;0.9952894523290963;0.9934882820257661;0.9915085642432141;0.9905950573888586;0.99994843833123;0.9900301713611458;0.989807201433719;0.9897628143995573;0.9893970279334483;0.9891917679011267;1.0000000651307828;0.9999560280420462;0.9999358108235386;0.9999738693564839;0.9999981591617864;1.024999976158142;
2016-01-18 13:30:00;0.9999462067476051;0.9998688214429727;1.0000000999229541;0.9999511416999969;0.9999816562166383;0.9999561608665578;1.0002030109401625;1.0000000794813808;0.9999357398150627;1.0000000720480904;0.9999554435653482;1.0000000767274584;1.0000000735587586;0.9999811907561076;1.000000080180975;0.9999995484343948;1.0000000800104347;1.0000001024973948;1.0000000694006645;0.9999586273086942;0.9999464572372754;0.9998908471678886;0.9999999019140241;1.0001888718136769;1.0002089642504919;0.9999505477382608;0.999908376671784;0.9999731238053021;0.9952554600724837;0.9934267816875453;0.9914357864100521;0.9905097927901927;0.9999550100898928;0.9899236089084894;0.9896846371215927;0.9896754580715438;0.9893015299806032;0.9891329117476947;1.0000000649894303;0.9999616456922465;0.9999481892210396;0.9999770792907102;0.9999985263466201;1.024999976158142;
2016-01-18 13:45:00;0.9999246107319862;0.9998024138483701;1.0000001429863563;0.9999324894649964;0.9999733438947472;0.9999392888066968;1.000217949095168;1.0000000995302394;0.9999089186333874;1.0000000854363895;0.9999368541450352;1.0000000865060092;1.0000000824920663;0.999972168473511;1.0000001007745427;0.9999997681432439;1.0000001003377401;1.0000001485330026;1.0000000802425257;0.9999427167133629;0.9999262234443035;0.9998414806395465;0.9999999697152595;1.0002029561572794;1.0002241901149218;0.9999328088167797;0.9998675722395034;0.9999623593295524;0.995077548882295;0.9931914043241263;0.9911355930337823;0.9901876773859637;0.9999337703591702;0.989641675349008;0.9893967211035768;0.9892966759472168;0.9889038914675471;0.9887319291015333;1.0000000717662765;0.9999433892766966;0.9999292143523499;0.9999684600616315;0.9999973423782166;1.024999976158142;
2016-01-18 14:00:00;0.9999348100121415;0.9998201859273392;1.000000113194619;0.9999444262404367;0.999979509242424;0.9999528078419817;1.000206189532663;1.000000086624865;0.9999344354819356;1.000000077287967;0.9999469343455932;1.000000080304647;1.0000000770731208;0.999974764238085;1.0000000878692197;0.9999996117136475;1.0000000874413806;1.0000001163867334;1.0000000738421888;0.9999569218336586;0.9999368230619374;0.9998687215631225;0.9999999075849951;1.0001918972829484;1.000212227989385;0.9999448038542923;0.9998898134527453;0.9999700214260583;0.9950296380337581;0.9931286884339628;0.991075783959588;0.9901305325236155;0.999946184294514;0.9895444044987948;0.9892849131640485;0.9892704750828425;0.9888858538027381;0.9886810802075298;1.0000000681130907;0.9999537180717891;0.9999404597904786;0.9999784422066725;0.9999966900713342;1.024999976158142;
2016-01-18 14:15:00;0.9999446243199084;0.9998582527436685;1.0000000931079065;0.9999524372515731;0.9999831479978839;0.9999593710429063;1.0001986179422793;1.0000000766061554;0.9999441533268375;1.0000000704326224;0.9999559661479309;1.0000000754238707;1.0000000725110911;0.9999798998950962;1.000000077425831;0.999999604098504;1.0000000771813764;1.0000000950868058;1.00000006819338;0.9999624262269258;0.9999446230222567;0.999892054548805;0.9999998820217719;1.0001848554267965;1.0002044856024541;0.9999513709354085;0.9999088781619657;0.9999745500671402;0.9951703882420622;0.9933442563124344;0.9913564788289793;0.9904519480286161;0.9999565017666641;0.9899056654498846;0.989666744667284;0.9896189730357646;0.9892452901852289;0.9890533298340091;1.000000064420278;0.9999627093955512;0.999947414520921;0.9999808384964841;0.9999977110887311;1.024999976158142;
2016-01-18 14:30:00;0.9999505249498878;0.9998749701961943;1.0000000844365167;0.9999568945487873;0.9999846260760424;0.9999628369400076;1.0001931150603878;1.0000000715249253;0.9999483632691082;1.0000000665390643;0.9999602183806198;1.000000069590379;1.0000000675133969;0.9999822083534431;1.0000000721605944;0.9999995743061694;1.00000007199187;1.0000000859869793;1.0000000647619656;0.9999655369646104;0.9999506395444467;0.9999029956275293;0.9999998859405309;1.0001797004924626;1.0001988101787114;0.9999560532377767;0.9999181880159572;0.9999768506276261;0.9953142097683523;0.9935822976954183;0.9916845202788631;0.9908444661672127;0.9999607575163748;0.9903493614123551;0.9901310228542867;0.9900625010487746;0.9897210458308741;0.9895130387496476;1.000000061764502;0.9999664016040344;0.9999528986086043;0.9999820976370701;0.9999981162548646;1.024999976158142;
2016-01-18 14:45:00;0.9999058743400769;0.999790755472105;1.0000001381155879;0.9999171981084666;0.9999712958819655;0.9999269506399117;1.0002107041478239;1.000000096502757;0.9998976862910461;1.0000000827787388;0.9999278263993563;1.0000000782228486;1.0000000758844603;0.9999696001743882;1.0000000975994088;0.9999994656615202;1.0000000973261096;1.0000001435729602;1.0000000778449967;0.9999303192968504;0.9999011379448187;0.9998225359368909;0.9999997547813557;1.000196110303077;1.0002172372252167;0.9999118714436255;0.9998493029241428;0.9999553751180243;0.9951223191792565;0.9932796933386233;0.9912211477276259;0.9902811024428284;0.9999295148057474;0.9896858617760969;0.9894798165523374;0.9894342118437119;0.989102203519288;0.988893080212561;1.0000000697423637;0.9999400199709676;0.9999047839161793;0.9999623023148411;0.9999978662177736;1.024999976158142;
2016-01-18 15:00:00;0.9999197406032888;0.9998198118986126;1.0000001264974818;0.9999249105096799;0.9999706592337599;0.9999298023908633;1.0002073159078875;1.0000000890555765;0.9998919362164773;1.0000000770665973;0.9999334459131498;1.0000000713301611;1.0000000697219247;0.9999740409086798;1.0000000896912746;0.9999996583586959;1.0000000895518906;1.0000001315761031;1.0000000727705876;0.9999316978742858;0.9999176401374031;0.9998340320913279;0.999999899712217;1.0001930202916094;1.0002133975055576;0.9999224338372835;0.9998607326117844;0.9999577944163743;0.9954005071786943;0.9936786295932362;0.9917451325730954;0.9908728088541879;0.9999312319171466;0.990245882967011;0.990059863571472;0.9901378463036764;0.9898607029121825;0.9896764787060075;1.0000000657825894;0.999941715991724;0.9999192661525759;0.9999599920333839;0.999999076579615;1.024999976158142;
2016-01-18 15:15:00;0.9999058087273;0.9997773541549252;1.0000001602931845;0.999913403246827;0.9999664584342582;0.9999204325000974;1.0002184976962674;1.000000102211645;0.9998798230341057;1.000000084420523;0.999922369901594;1.0000000725548746;1.0000000710906756;0.9999679422066516;1.0000001032782995;0.9999995814955898;1.0000001029738357;1.0000001680484174;1.0000000780250358;0.9999236782202592;0.9999050538155478;0.9998063834361567;0.999999890793928;1.0002033746536407;1.000224937744768;0.9999117348478804;0.9998377585639684;0.9999515550700034;0.9956395439880013;0.9939870485751623;0.9921374468850058;0.9912961662321421;0.9999195016796557;0.9906500149673964;0.9904674819851181;0.9906157246948659;0.9903719927260928;0.9902070991064995;1.0000000678465044;0.9999315474515611;0.9999076840135871;0.999956423514461;0.9999980522148593;1.024999976158142;
2016-01-18 15:30:00;0.9999129361596554;0.9997878272776135;1.0000001383398989;0.9999201193524786;0.999968789873696;0.9999268873398736;1.0002156096922503;1.0000000914516858;0.9998894843954439;1.0000000769981359;0.9999274164547213;1.0000000678334293;1.000000066547212;0.9999696217344276;1.0000000924060632;0.9999995626757079;1.000000092121974;1.000000144571038;1.0000000718311914;0.9999302113876444;0.9999132724156228;0.9998191694596746;0.9999998983640807;1.0002006566374089;1.0002219300451956;0.9999193624114425;0.9998486966764432;0.9999553081339598;0.9959357805462294;0.9944099390131862;0.9927103358715884;0.9919502908407998;0.9999245395752402;0.9914326992838152;0.9912586114088886;0.9912903589585124;0.9910317464407139;0.9908434755245743;1.0000000636300033;0.999935746951524;0.9999158425691146;0.9999603844508841;0.9999978883261667;1.024999976158142;
2016-01-18 15:45:00;0.9998776930971554;0.9997062088220547;1.0000002042338447;0.999884851330092;0.9999527370816702;0.999891452846731;1.0002244260946758;1.0000001199348487;0.9998287604392222;1.0000000952902552;0.999895668019409;1.000000076879845;1.0000000753291185;0.9999580689479423;1.000000121063371;0.9999996998703082;1.0000001207130391;1.0000002156610104;1.0000000863694298;0.9998946885070789;0.9998780642225551;0.9997367541872916;0.9999999604476295;1.000208958155434;1.0002309030592151;0.9998841212088586;0.9997805842176037;0.9999342833953927;0.9955859660063171;0.9939013590616109;0.9919976602831103;0.9911227079499888;0.9998884626616948;0.990509478307588;0.9903354812786791;0.9903748775283581;0.9900761150688391;0.9898360957163405;1.0000000723396663;0.9999052845060333;0.9998806217001128;0.9999379568051059;0.9999979526807893;1.024999976158142;
2016-01-18 16:00:00;0.9998805407843361;0.9996851953607767;1.0000002112186497;0.9998937051596205;0.9999586198375969;0.9999052907316986;1.0002330692216548;1.0000001219592711;0.9998602022005868;1.0000000955468777;0.9999011239722841;1.0000000762024899;1.0000000745447166;0.9999552582548626;1.0000001241157588;0.9999995246286951;1.0000001233363598;1.000000222655282;1.0000000859672893;0.9999113858610438;0.9998838948895428;0.9997523635632233;0.9999999078207623;1.0002168839742822;1.0002399162453328;0.9998947297823481;0.9997932084026653;0.9999409059781534;0.9959285614855481;0.9943899761547794;0.9926950601200142;0.991937273557234;0.9998961688777945;0.9913783069466066;0.9911902623876829;0.9913086064551774;0.9910624476674404;0.990893914758777;1.0000000710489687;0.9999111505488415;0.9998889309216908;0.999951956491399;0.9999954104838767;1.024999976158142;
2016-01-18 16:15:00;0.9998977109979339;0.9997314000556642;1.000000158824793;0.9999099451524573;0.9999661854572856;0.9999212126129291;1.000223303867708;1.0000001004069812;0.9998871867257791;1.00000008213248;0.9999162548016514;1.0000000700623715;1.0000000686471149;0.9999616692551306;1.0000001023094343;0.9999993094789988;1.000000101676083;1.0000001661318927;1.0000000756054643;0.9999270392226784;0.9999004384450171;0.9997929336671733;0.9999998316386608;1.0002076294258722;1.0002300215421578;0.9999104583679314;0.9998265788054459;0.999950648871239;0.9960446277910319;0.9945512913798654;0.992858284478969;0.9920950280733747;0.9999140315600301;0.9915850600646106;0.9914343567303764;0.9914256009873628;0.9911617375149132;0.9909648880156393;1.0000000653398848;0.9999263448361062;0.9999050348895416;0.999961445523702;0.9999957930893753;1.024999976158142;
2016-01-18 16:30:00;0.9998941862334388;0.9997480582543294;1.0000001771997105;0.9999038390823918;0.9999631518362443;0.9999123723216863;1.0002255687326882;1.0000001081551058;0.9998690554632045;1.000000087348385;0.9999138266663055;1.000000072667844;1.0000000712225134;0.9999637425871013;1.000000109521943;0.9999995975642355;1.0000001091177564;1.0000001863628192;1.000000079884245;0.9999161870128871;0.999893122262415;0.9997846712838387;0.9999998761256518;1.0002099963776825;1.0002322476457914;0.9999017173946797;0.999819372686445;0.9999464287927388;0.995872196708793;0.9942917534722963;0.9925741357353938;0.9917937415680866;0.9999107944165647;0.9911084223094687;0.9908996865581194;0.9912212281261569;0.9910427192795715;0.9909582782864528;1.0000000681200112;0.9999240706248035;0.9998964907607183;0.9999527494217039;0.9999975260070207;1.024999976158142;
2016-01-18 16:45:00;0.9999167968953975;0.9998221881835144;1.0000001267754182;0.9999235079705466;0.9999725191930879;0.9999304575912676;1.0002113971136337;1.0000000871177115;0.9998990066214244;1.0000000741926045;0.9999340055494527;1.000000066208357;1.0000000650799572;0.999973682503429;1.0000000880202824;0.9999992752741175;1.0000000878550974;1.0000001320446186;1.0000000696986537;0.9999332881402612;0.9999136104811436;0.9998391541811616;0.9999997679923619;1.0001965531311625;1.0002179066479284;0.9999198202914447;0.9998641025159316;0.999958037269448;0.9959125157884139;0.9943663137907359;0.9927068461336775;0.9919646645291205;0.9999347194193628;0.9912327466023544;0.9910147045284627;0.9914749197835688;0.9913449949093373;0.9913143069597137;1.0000000624961285;0.999944649617805;0.9999156392031152;0.9999621591386785;0.9999988844271109;1.024999976158142;
2016-01-18 17:00:00;0.9999082562556693;0.9998083878539442;1.000000120119833;0.9999171847925811;0.999976146201702;0.9999309570717233;1.000213060111344;1.0000000877741484;0.9999167891234269;1.000000073630152;0.9999301584923845;1.0000000664545532;1.000000065224326;0.9999696067195031;1.0000000902435946;0.9999972768647462;1.0000000898294619;1.0000001234624165;1.0000000692354154;0.9999385124076717;0.9999082218206783;0.9998463752123061;0.9999992842430695;1.0001964850925233;1.0002208376177617;0.999914709965021;0.9998688524058449;0.9999574565203526;0.9959728670767964;0.9944503900832888;0.9928161854841417;0.9920872545570811;0.9999391614453067;0.9914085549031778;0.9911939812906025;0.9915788333472217;0.9914445688986764;0.9914138778608046;1.0000000622011695;0.9999480997885739;0.9999108952326273;0.999969092378291;0.9999974243930819;1.024999976158142;
2016-01-18 17:15:00;0.9998957688265406;0.9998161229733442;1.0000001302755033;0.9999045400997336;0.999976527725497;0.9999217569893597;1.0002141207625503;1.0000000941439118;0.9999141697224586;1.0000000759524377;0.9999244984582819;1.0000000641030522;1.0000000635055375;0.9999683867337397;1.0000000977010308;0.9999958507792729;1.000000097301576;1.0000001336075317;1.0000000707217476;0.9999312743164711;0.999893334098103;0.9998447929647941;0.9999988862556687;1.0001963653398922;1.000222935419023;0.999899389485577;0.9998656727473383;0.99995234858955;0.9960765869393476;0.9946545554647058;0.9931378561580736;0.992503399669138;0.9999406659010771;0.9918980652339675;0.9916911301953695;0.9920708350181685;0.9919944645066872;0.9919672844526812;1.0000000624243286;0.9999496305052693;0.9998954218956791;0.9999659777882434;0.9999980742620622;1.024999976158142;
2016-01-18 17:30:00;0.9998987315405654;0.999825286153396;1.0000001062128452;0.9999105653136205;0.9999793576651599;0.999928105486794;1.000206375624615;1.0000000812294494;0.9999247013935997;1.0000000687780326;0.9999301846757147;1.0000000604943007;1.0000000601006023;0.9999703919840591;1.0000000837870973;0.9999964928057006;1.0000000834564355;1.000000108595435;1.0000000651304028;0.9999363312131462;0.9998926503880384;0.9998546770399397;0.9999989517077625;1.0001897535301167;1.00021475669747;0.9999024984038294;0.9998729037759451;0.9999561441745949;0.9961479910159855;0.9948001511873761;0.993379823459802;0.992819711210472;0.9999467902055796;0.9922862350110997;0.9920785941904918;0.992437196594534;0.9923777775591589;0.9923513748521274;1.0000000592392024;0.9999548086969166;0.9998956996460141;0.9999696670099016;0.9999980196927961;1.024999976158142;
2016-01-18 17:45:00;0.9998664300629664;0.9997697133310001;1.0000001606591895;0.9998817512910786;0.9999705019950311;0.999902444831029;1.0002211841532838;1.0000001050061778;0.9998904637383966;1.0000000827523017;0.9999078056386295;1.0000000661152852;1.0000000656042851;0.9999615580159918;1.0000001083990715;0.9999962460375063;1.000000107936594;1.000000166841427;1.0000000758110135;0.9999115189707911;0.9998567099962776;0.9998006175117974;0.9999988183057987;1.0002034313795634;1.0002303373562833;0.9998702718372733;0.9998263676001543;0.9999407787833856;0.99612107705703;0.9947563065750878;0.9933106315949849;0.9927371337785382;0.9999260305171683;0.9922016051865139;0.991996314776417;0.9923381739307191;0.9922756560455951;0.9922496656889093;1.0000000648532188;0.9999373133009154;0.9998606845705744;0.9999559485880603;0.9999979179419518;1.024999976158142;
2016-01-18 18:00:00;0.9998797883421672;0.9998103133251878;1.0000001328429118;0.9998923213112678;0.999977568816042;0.9999144258041281;1.000214961430096;1.0000000965406983;0.9999162398836174;1.0000000767760224;0.9999186830253979;1.0000000634901418;1.0000000630941812;0.9999658823492182;1.0000001008354635;0.9999949194539902;1.000000100369512;1.0000001358901554;1.0000000712666242;0.9999255434208828;0.9998728162523788;0.9998392689304141;0.9999985401282282;1.000196508641799;1.0002246457129955;0.9998826298298414;0.9998584274199758;0.9999479825098985;0.9961250726614332;0.9947628415228548;0.9933076945031979;0.9927277082455542;0.9999420934439174;0.992128672702214;0.9919318903669654;0.9923634666925549;0.9923089696843572;0.9922833566403049;1.00000006251859;0.9999509382625766;0.9998757014055658;0.9999650523454977;0.9999980516639626;1.024999976158142;
2016-01-18 18:15:00;0.9998819842178942;0.9997920499615459;1.0000001396467857;0.9998934819560663;0.9999739837233429;0.9999129780852948;1.000220845388792;1.0000000974294323;0.9999050064921123;1.0000000771219202;0.9999161004607557;1.0000000628981527;1.0000000624946133;0.9999645654136102;1.0000001013750166;0.9999957106338504;1.0000001008925643;1.0000001436129033;1.000000071241276;0.999923085586421;0.9998775177823482;0.9998251957046865;0.9999987950217982;1.0002025734004987;1.0002300666060113;0.9998863427916714;0.9998483165614899;0.9999469335495108;0.9964135489687735;0.9950834210049423;0.9936522010466533;0.9930373837327425;0.9999339292589233;0.9923711715396712;0.9921859432185235;0.9926725787987389;0.9926192885920457;0.992596441502748;1.0000000620036351;0.9999438994274474;0.9998804121129207;0.9999622496458435;0.9999977607999897;1.024999976158142;
2016-01-18 18:30:00;0.9998897411268433;0.9998248438879553;1.0000001139817736;0.999901777779964;0.9999785732787516;0.9999210223625304;1.0002150575117135;1.0000000844576944;0.9999193884673291;1.0000000693391633;0.9999254889060843;1.0000000592394915;1.0000000588987532;0.9999691583949226;1.0000000875468489;0.9999958650141327;1.0000000872344808;1.0000001167165526;1.0000000650778267;0.9999300820784224;0.9998818447663514;0.9998485291651598;0.9999987625919352;1.0001973695747983;1.0002241531373708;0.9998919074718124;0.999866738319572;0.9999521436319412;0.9966766399476922;0.9954164788532986;0.9940832931672489;0.9934985766259238;0.9999454749813182;0.9929018032194822;0.9927111153451289;0.993126483376744;0.9930831745025527;0.9930745082898171;1.0000000583209896;0.9999538496894937;0.9998846771398667;0.9999664677456295;0.9999984159593601;1.024999976158142;
2016-01-18 18:45:00;0.9998588368906217;0.9997218703065238;1.0000001876526805;0.9998730950421073;0.9999650151744226;0.9998944867786623;1.000232747524188;1.0000001184817116;0.9998758373157781;1.000000089060075;0.9998960277139652;1.0000000669468305;1.0000000665250177;0.9999548794721529;1.0000001235885654;0.9999958514317263;1.0000001228322646;1.0000001945758301;1.0000000801685553;0.9999057729839983;0.9998561213917974;0.9997726418866831;0.9999988526145059;1.000213757913553;1.0002422052584905;0.9998671529691288;0.9998049515022376;0.99993515650902;0.9964753412778019;0.9951160151103798;0.9937250667099439;0.9931081823093483;0.9999111187686274;0.9924049259283547;0.9921679716370232;0.992765918333776;0.9927302931758674;0.9927224182378809;1.000000066408555;0.9999243103514023;0.9998602209846016;0.9999528000751863;0.999996544070642;1.024999976158142;
2016-01-18 19:00:00;0.9998806740272024;0.9997699932735765;1.0000001375057712;0.9998920755481914;0.9999705760262348;0.999910166094063;1.0002231117806222;1.0000000926813073;0.9998945867638509;1.0000000737905437;0.9999119286791852;1.0000000598549035;1.0000000595510403;0.9999624471859228;1.0000000958764086;0.9999962683334545;1.0000000954289028;1.0000001421653328;1.0000000681265586;0.9999196996921157;0.999878056595294;0.999809210737023;0.9999989659743654;1.0002051072982223;1.0002319580484893;0.9998867235839055;0.9998360971759105;0.9999450172295891;0.9968811811419352;0.995720892137165;0.9945148565049767;0.9940082991622585;0.9999257336979899;0.9935157464793555;0.9933258342773278;0.9936692411075745;0.9936347131747527;0.9936268310441716;1.0000000593725766;0.9999368209536407;0.99988119592284;0.9999595372687715;0.9999973410124634;1.024999976158142;
2016-01-18 19:15:00;0.9998772795136338;0.9997898031196151;1.0000001225202109;0.9998904386400057;0.9999764845573731;0.9999136278291016;1.0002215739659006;1.0000000890547402;0.99991569354001;1.00000007090985;0.9999150607417613;1.000000058731271;1.0000000584682096;0.999963110698708;1.0000000932361333;0.9999947156589477;1.0000000927109416;1.0000001251785455;1.0000000659363493;0.999925873456936;0.9998730563098267;0.9998312580693832;0.9999985204344681;1.0002024813102421;1.0002314769015392;0.9998827775265295;0.9998522745812862;0.9999469864027104;0.9969413397878449;0.995828580515282;0.9946945610469747;0.994239419073497;0.9999379277649236;0.993757525602158;0.9935603115467632;0.9939616365072913;0.9939307311798515;0.9939216472421347;1.0000000582062334;0.999947178882507;0.9998763643436522;0.999965983426143;0.9999971818990908;1.024999976158142;
2016-01-18 19:30:00;0.9998722393404648;0.9997711538805817;1.000000143923584;0.9998843943164001;0.9999718654924213;0.9999059695139033;1.0002280198804168;1.000000098367469;0.9998983509513059;1.0000000760597192;0.9999085295155876;1.0000000603007453;1.0000000600466987;0.9999608920562107;1.000000102949148;0.9999951145705843;1.0000001023721063;1.0000001479651863;1.000000069755401;0.999917600846479;0.999868865985106;0.9998108723172301;0.9999986548737397;1.0002087728495515;1.0002377950145318;0.9998777460530457;0.9998361338068974;0.9999424699465895;0.9969968118768411;0.9958484931480086;0.9946889487006618;0.9941903385726353;0.9999280056629939;0.9936794883094746;0.9934688703184427;0.9938743753036424;0.993846151522635;0.9938366895710948;1.0000000600413184;0.9999387982054322;0.9998719650965355;0.9999599128631749;0.9999973020192935;1.024999976158142;
2016-01-18 19:45:00;0.9999016600774815;0.9997969409571158;1.0000001100401033;0.9999127936609173;0.9999747200785596;0.9999270795080256;1.000217502108124;1.0000000780158442;0.9999112664980933;1.00000006560723;0.999926920388895;1.0000000561288156;1.0000000559240232;0.9999682150822001;1.000000080004448;0.9999976554391736;1.0000000796504582;1.0000001136220034;1.0000000617376905;0.999934038370418;0.9998990952425099;0.9998354329751205;0.9999993125628167;1.0002009905140972;1.0002252902195523;0.9999082752514652;0.9998590643812114;0.9999551219251535;0.997178163425767;0.9961217900383739;0.9950229166046419;0.9945604569396481;0.9999357437524757;0.9941207739366069;0.993948403830581;0.9942440906899984;0.994216366506436;0.9942072799510964;1.000000055732702;0.9999452188069816;0.9999024570232552;0.9999667765971182;0.9999973837555021;1.024999976158142;
2016-01-18 20:00:00;0.999913380207068;0.9998045426413603;1.0000000951855954;0.9999245697545838;0.9999762036243688;0.9999363766823766;1.0002146767983144;1.000000069628981;0.9999185428397432;1.00000006076397;0.9999343696690303;1.0000000538142306;1.000000053640573;0.9999707655065877;1.0000000708892092;0.9999986394237858;1.0000000706030903;1.000000098278738;1.00000005787283;0.9999417374698122;0.9999114719133377;0.9998457815528812;0.9999995680160106;1.0001991385001823;1.000221727742585;0.9999211110529097;0.9998686533985602;0.9999605468592925;0.9975245589793433;0.9966121823392776;0.9957096735519112;0.9953523887639137;0.9999391209274655;0.9949104485073081;0.9947305435557284;0.9951777962802182;0.9951505021476147;0.9951414070386202;1.0000000533968023;0.999947968541947;0.9999151341335123;0.9999705278891377;0.9999971923197071;1.024999976158142;
2016-01-18 20:15:00;0.9998935359201082;0.9997754504475895;1.0000001208479476;0.9999055514662573;0.9999721051258443;0.9999208476981495;1.000222486286832;1.00000008239954;0.9999027324524209;1.000000067787525;0.9999202629185622;1.000000056562509;1.0000000563526654;0.9999650434118132;1.0000000846900894;0.9999975376314121;1.000000084277641;1.0000001251409463;1.0000000632358752;0.9999284513334902;0.9998914817861791;0.9998194340068259;0.999999286507115;1.0002055380573818;1.0002304875834342;0.9999012910293216;0.9998457118293766;0.9999511736775704;0.9973062148214497;0.9962996494444771;0.9953265870664186;0.9949338741377847;0.9999289876457715;0.994423725728422;0.9942102376642624;0.9947586258928629;0.9947318963417453;0.9947232157138644;1.0000000562486717;0.9999394192554226;0.9998951895096128;0.999963901189764;0.9999970051131881;1.024999976158142;
2016-01-18 20:30:00;0.9999251915014302;0.9998536616886403;1.0000000811475163;0.999934650298088;0.9999814298329711;0.9999451601892368;1.0002065970042353;1.0000000639724809;0.9999331976356607;1.0000000574669692;0.9999462320236185;1.0000000525238042;1.000000052398654;0.999977254255403;1.000000064924384;0.9999985790198873;1.0000000647750578;1.0000000832134193;1.000000055427342;0.9999493853401853;0.9999203007748024;0.9998770592091194;0.9999995155111969;1.0001915899045892;1.0002135396850984;0.9999289450701372;0.9998939683832482;0.999966521068131;0.9975241872386847;0.9966244486289819;0.9957464385887969;0.9954078499204573;0.9999533683278747;0.9949313647059089;0.9947460151952134;0.9952817773919755;0.995256402308798;0.9952477170926285;1.0000000522203325;0.9999603485032771;0.9999230532409519;0.9999743133719972;0.9999984303129443;1.024999976158142;
2016-01-18 20:45:00;0.999894104376874;0.9997695662542839;1.0000001266128025;0.999906115086179;0.9999707822802025;0.9999202886169402;1.0002254834573943;1.0000000834357832;0.9998982802958976;1.0000000681436971;0.9999197258619781;1.000000055949039;1.0000000557924644;0.9999647417134641;1.0000000855946536;0.9999979942514159;1.0000000851684239;1.000000131632408;1.0000000632789057;0.9999272290714992;0.9998922555736257;0.999814052686115;0.9999994086029743;1.0002086891849071;1.0002332649635686;0.9999022800575097;0.9998417125029381;0.999950798499423;0.9975558052368093;0.9966625688345558;0.9957976057093906;0.9954670971860214;0.9999261098004416;0.9950019745901769;0.9948135105329982;0.9953440386327901;0.995324355144304;0.9953156693370265;1.0000000558920787;0.9999369555260742;0.999896085809047;0.9999626342673589;0.9999969673874725;1.024999976158142;
2016-01-18 21:00:00;0.999926723918022;0.9998387506383806;1.000000081438727;0.999936336425201;0.9999808726223942;0.9999470188437498;1.0002091241040123;1.0000000638365203;0.9999346243128365;1.0000000572857548;0.9999452355962118;1.0000000522218446;1.0000000521145003;0.9999755488172954;1.0000000649158562;0.9999986145130025;1.0000000646841916;1.0000000834737401;1.0000000552064863;0.9999519397887621;0.9999249109358374;0.9998736297688705;0.9999995727896496;1.000193929570531;1.0002160029156046;0.9999331086391475;0.999891982258154;0.9999671363678285;0.9977116747574322;0.9968400052966144;0.9960063966751196;0.9956652537164274;0.9999506476414541;0.9951803830734963;0.9949895453378105;0.9955415023963206;0.9955220523629346;0.9955133648246574;1.0000000519758092;0.9999578113796013;0.9999279947163048;0.9999761691259434;0.9999976284273745;1.024999976158142;
2016-01-18 21:15:00;0.9998969425890929;0.999782070858056;1.0000001107300511;0.9999102170906335;0.9999742170708413;0.9999257816657224;1.0002226314180838;1.0000000768661461;0.9999112009062229;1.0000000643373526;0.9999243759762649;1.0000000546242775;1.0000000544764527;0.9999662234383127;1.00000007890026;0.9999977620667098;1.0000000784917875;1.0000001145367157;1.0000000604117585;0.9999330993984284;0.9998939581741374;0.9998282903917864;0.9999993123498104;1.0002058828254718;1.0002305502291589;0.9999052094041883;0.9998527789749063;0.9999540149259025;0.9977040841166374;0.9968124924332641;0.9959718811834997;0.995621956682531;0.9999333786745936;0.9951192792775796;0.994916025786205;0.9954986575334626;0.9954789709812412;0.9954702838220162;1.0000000544234295;0.9999430912138387;0.9998981081008266;0.9999671265786881;0.9999968444602132;1.024999976158142;
2016-01-18 21:30:00;0.9999055605169791;0.9997938294518394;1.0000001017046931;0.9999171419336582;0.9999747777375563;0.999930444364254;1.000218638569286;1.0000000727833382;0.9999129862196285;1.000000062113533;0.9999289872344974;1.0000000538204428;1.0000000536909646;0.999968568193286;1.0000000744591357;0.999998175223966;1.0000000741304897;1.0000001050194598;1.0000000587685198;0.9999367384387774;0.9999035084501603;0.9998361515960116;0.9999994458958802;1.0002024611330356;1.0002261131827872;0.9999132767730274;0.9998601734511089;0.9999569633497889;0.9976930734313292;0.9968167209226012;0.9959632360059675;0.995614751849034;0.9999355359440143;0.9951200391666392;0.9949383998305933;0.9954879336715227;0.9954675606176768;0.995457672245231;1.0000000536489648;0.9999449465135474;0.9999072005575353;0.9999681268136363;0.9999971172644794;1.024999976158142;
2016-01-18 21:45:00;0.9999116802705025;0.9998168387187643;1.0000000894775938;0.9999226498452257;0.999977312307378;0.9999352128674597;1.0002131315492984;1.0000000675460454;0.9999202916739266;1.0000000592070124;0.9999349588488948;1.000000052823947;1.000000052712061;0.9999717838787097;1.000000068889478;0.9999982418979988;1.0000000686475246;1.0000000919960708;1.0000000566222385;0.9999407587338965;0.9999080367543092;0.9998510707312306;0.9999994383332076;1.0001974038370651;1.0002204566515063;0.9999175971209201;0.9998722473410441;0.9999601568196609;0.9977148642774123;0.9968398321337584;0.9960034453230987;0.9956593244099112;0.9999423858738969;0.9951527480057641;0.9949608703293986;0.9955464257784062;0.9955259113428102;0.9955164333654493;1.0000000526301491;0.9999508868518697;0.9999113780464944;0.9999701364922766;0.9999976777392491;1.024999976158142;
2016-01-18 22:00:00;0.9999272301879115;0.9998499593030623;1.0000000749286182;0.9999369536865064;0.9999814708958467;0.9999471459067004;1.0002064035425593;1.000000060629037;0.999934637331743;1.0000000554033686;0.9999470338152854;1.000000051372469;1.0000000512865022;0.9999771516027365;1.0000000614105706;0.999998784893393;1.0000000612641353;1.0000000766623782;1.0000000537517284;0.999951208673317;0.9999230735996419;0.9998771854538847;0.9999995750007292;1.0001915677124873;1.000213185084669;0.9999319164657344;0.9998944102656001;0.9999675512136079;0.9979101245922416;0.9971205636554178;0.9963586171961611;0.9960535257659197;0.9999530237369213;0.9956134992742709;0.9954451717120584;0.9959472179378488;0.9959269872106861;0.9959178849916472;1.000000051176023;0.9999599722405657;0.9999260335401053;0.9999753933793618;0.9999981633402146;1.024999976158142;
2016-01-18 22:15:00;0.9999349195194718;0.9998564750146887;1.0000000718639153;0.999943794470312;0.9999831844565712;0.9999533754690619;1.0002039161721965;1.0000000596894132;0.9999426584703334;1.000000055002762;0.9999515263021803;1.0000000514434921;1.0000000513489813;0.999978366732898;1.0000000604873822;0.9999988191732508;1.0000000603210621;1.0000000732645515;1.0000000535209166;0.9999576293975738;0.9999329700224469;0.9998878905387738;0.9999996263921053;1.0001892359393556;1.0002105099002252;0.9999406372890671;0.9999040532489549;0.999971073765568;0.9977244110127931;0.9969001340138021;0.9960980552242747;0.995794311313281;0.9999564772276932;0.9953491407272964;0.9951777660710076;0.9956933132658407;0.9956731664722672;0.9956644776129558;1.000000051189976;0.9999627874063045;0.999935813850209;0.9999791131346034;0.999997871620102;1.024999976158142;
2016-01-18 22:30:00;0.9999351434794373;0.9998535309866053;1.0000000718355482;0.9999445816061773;0.999983276084311;0.9999542339320261;1.000204871733308;1.000000059487923;0.9999437210251627;1.000000054895429;0.9999517961535571;1.0000000513700253;1.000000051276179;0.9999781391458411;1.000000060273502;0.9999989524662358;1.0000000600928478;1.0000000732770955;1.0000000534185884;0.9999584258692947;0.9999332240156927;0.9998874732193977;0.9999996554604117;1.00019023845396;1.0002114163404947;0.9999414654881355;0.9999037369118033;0.9999714753467355;0.9978040036570139;0.9969858611981324;0.9962061748598314;0.9959005514943603;0.9999563337303407;0.9954573085920143;0.9952762758004585;0.9957957312391919;0.9957762762305474;0.9957675864700227;1.0000000510971474;0.9999626166888357;0.9999363093177279;0.9999797484642621;0.9999976944925763;1.024999976158142;
2016-01-18 22:45:00;0.9999412194214911;0.999876102808731;1.00000006438558;0.9999505696148142;0.9999862014152888;0.9999597242311503;1.0002001733146166;1.0000000560295412;0.9999527971033306;1.0000000529205992;0.9999582833102149;1.0000000505624544;1.0000000504912299;0.9999813259920787;1.000000056523841;0.9999990747053424;1.0000000564257174;1.0000000654072847;1.0000000519241408;0.9999632100117324;0.9999374491303952;0.9999033337946198;0.9999996546057974;1.0001859866509895;1.0002065754661675;0.9999460443937955;0.9999164863426776;0.999975028062291;0.9980050538411467;0.9972786546929616;0.9965679468158474;0.9963004676312733;0.9999638380080547;0.9959358718499054;0.9957873863382697;0.9961927959991201;0.9961728766103103;0.996164183382787;1.0000000503370443;0.9999690910491654;0.999940371809803;0.9999824352266384;0.9999981664481424;1.024999976158142;
2016-01-18 23:00:00;0.9999488985377039;0.9998756920612263;1.0000000641380797;0.9999567802418664;0.9999857833826566;0.9999638269583868;1.0001982759106087;1.000000055848911;0.9999529009292157;1.0000000530042552;0.9999610012731689;1.0000000507444642;1.000000050665138;0.9999821263548684;1.0000000562459872;0.9999995324322121;1.0000000561376323;1.0000000651804302;1.0000000520404513;0.999966714376494;0.9999477134364821;0.9999056665718979;0.9999998279039151;1.0001845293051317;1.000204205841171;0.9999547345275546;0.9999197692689855;0.9999773448041922;0.997823192963025;0.9970199689324925;0.996243289891902;0.9959406938642127;0.9999629241507112;0.9954990330194411;0.9953287670500723;0.995838829615403;0.9958180716974613;0.9958085909324091;1.000000050504574;0.9999682148179636;0.9999504198389334;0.9999835418105818;0.9999979743467534;1.024999976158142;
2016-01-18 23:15:00;1.0002616704084124;1.0001987809045287;1.0003086548618998;1.0002683809217836;1.0002964030188528;1.0002741367362293;1.0004996952786571;1.0003056593761799;1.000266852734924;1.0003050514483285;1.0002744206650607;1.0003048775389949;1.0003048776636925;1.000289900128446;1.0003057731923097;1.0003053836970186;1.0003057386160474;1.0003091419503087;1.0003049348415896;1.0002788490102452;1.000260901471397;1.000225108429551;1.0003055603377413;1.0004863042621797;1.0005054119768284;1.0002679175291957;1.000237609187332;1.0002857043633604;0.9983841716779065;0.9976734494811407;0.9969813749369162;0.996713916188502;1.0002760195184806;0.9963446901150453;0.9961974661950759;0.9966094345062054;0.9965902165377175;0.9965813704261646;1.0003048834078456;1.0002807504193556;1.0002636751037903;1.000293880939971;1.000303049743508;1.024999976158142;
2016-01-18 23:30:00;0.9999407874784433;0.9998646182346962;1.000000066284878;0.9999517232096949;0.9999865532231988;0.9999617653684658;1.0002018558031036;1.0000000567843865;0.9999568120338165;1.0000000534088826;0.9999581069837262;1.0000000508247744;1.0000000507357925;0.9999799814080689;1.000000057388073;0.9999991978878726;1.0000000572257632;1.0000000674212584;1.0000000522848407;0.9999657112601957;0.9999379127041405;0.9999018127269461;0.9999996860731256;1.000187655198186;1.0002082254421463;0.9999478306595773;0.9999153189221305;0.9999758125770307;0.9979620260553766;0.9972136800462565;0.9964814277096805;0.996200841997827;0.9999631888293092;0.9957978516414051;0.9956449700594403;0.9961019156175654;0.9960816817416764;0.9960725781059597;1.0000000505004407;0.9999683554917309;0.9999415325018787;0.9999847367369515;0.9999974690658576;1.024999976158142;
2016-01-18 23:45:00;0.9999462496085209;0.9998765803794006;1.0000000633296067;0.9999558492300642;0.9999878945961399;0.9999652531295092;1.0001990030266796;1.000000055707059;0.9999614475330326;1.0000000528176411;0.9999616062185822;1.0000000506742837;1.0000000505883062;0.9999815945898881;1.0000000562766105;0.9999990800741274;1.0000000561285187;1.0000000641966533;1.0000000518697536;0.9999692242750069;0.9999443516019022;0.9999114622917101;0.9999996832942694;1.000184876208267;1.000205306164355;0.99995280985711;0.9999237010662264;0.9999779807175974;0.9979404558662704;0.9971588367264471;0.9964137822483993;0.9961137129535025;0.9999666365641154;0.9956761156806545;0.9955032978267085;0.9960124423052572;0.9959916807617064;0.9959821983407288;1.0000000503554785;0.9999712991601174;0.9999475315000209;0.9999864713267826;0.9999976284553063;1.024999976158142;
2016-01-19 00:00:00;1.0002665098500383;1.000227603398751;1.000306142732428;1.0002734611987572;1.0002982075705564;1.0002799668752946;1.000493089576719;1.0003050534037825;1.0002788044820254;1.0003048820979594;1.0002799091384005;1.0003049168120495;1.0003049254326934;1.0002930992257562;1.0003051092512927;1.0003044632658875;1.0003050955195438;1.0003063190727781;1.0003048810231607;1.0002830608939084;1.0002631518298712;1.0002459014745766;1.0003048086609205;1.0004799662659503;1.0004988858887136;1.0002700712542165;1.0002535398254095;1.0002893880598691;0.9983524313565222;0.9976281878088165;0.9969190728694473;0.9966408119475267;1.0002845532656168;0.9962655348007503;0.9961180952277204;0.996526059901444;0.9965063989561894;0.9964975531543941;1.0003049615365853;1.0002876975501358;1.0002654535060718;1.0002956962826222;1.000303649368142;1.024999976158142;
2016-01-19 00:15:00;1.0002645113344149;1.000205241134298;1.0003066545149524;1.0002724676957377;1.0002974683907437;1.0002797249880568;1.00049676371848;1.0003051714307065;1.0002783092891487;1.0003048995417678;1.000276992840703;1.0003048987682828;1.0003049064035014;1.0002904079174768;1.0003052626573739;1.000304646556538;1.0003052371495895;1.0003068791170326;1.0003048774862822;1.0002839353434239;1.000263687089231;1.0002369453481956;1.0003049904486452;1.0004833947070095;1.0005025683205684;1.0002711679716558;1.0002467435121942;1.000288703676081;0.9984300774971351;0.9977378160343295;0.9970757728488117;0.9968237545831373;1.0002803606333504;0.9964678639701526;0.9963164625458854;0.996730752890773;0.9967101966951475;0.9967013474717085;1.0003049442265077;1.0002839833371153;1.000266641756098;1.0002971085653412;1.0003027059612943;1.024999976158142;
2016-01-19 00:30:00;1.0002652293522964;1.0002080880967423;1.0003063776506915;1.0002736524074411;1.0002978966998424;1.0002810347862887;1.0004954176571754;1.000305088180749;1.0002806644390125;1.000304884740531;1.0002780944785021;1.0003049160293684;1.0003049256373047;1.0002908069334762;1.0003051638249405;1.0003046236845614;1.000305141334456;1.0003065780948452;1.0003048804350916;1.000284952645574;1.0002638118140512;1.0002397150404427;1.0003049001557272;1.0004822118495365;1.0005011677953473;1.000271800436731;1.0002488280985609;1.0002894693651878;0.9984229950117833;0.9977163318320084;0.9970430143742405;0.9967786822205511;1.0002816802985577;0.9964079649444506;0.9962517933201611;0.9966793880182284;0.9966602404776838;0.9966517912261194;1.000304971554701;1.0002850563858985;1.0002668787378892;1.000297739087752;1.0003027279285466;1.024999976158142;
2016-01-19 00:45:00;1.0002639687160906;1.0002158381921944;1.0003057324323468;1.0002727709878345;1.0002981804070281;1.00028072696301;1.000493681831286;1.0003049430460687;1.000282180597452;1.0003048848291265;1.000278416979257;1.0003049835956104;1.0003049992032158;1.0002915017052971;1.0003049842924439;1.00030430445588;1.0003049731844769;1.0003058647588106;1.0003049217303803;1.000284192445647;1.000260857016485;1.0002431795927929;1.000304664175694;1.0004805074438408;1.0004995439360005;1.0002692553062666;1.000250964738362;1.0002894561981475;0.9984685031638364;0.9978085561514992;0.997166539055672;0.9969325557146582;1.0002836648943005;0.9966126314987493;0.9964755733059891;0.9968390385960659;0.9968179599301686;0.996808738297464;1.0003050686839894;1.0002867233065458;1.0002638110220186;1.0002972226479467;1.0003030991630633;1.024999976158142;
2016-01-19 01:00:00;1.0002743744248066;1.0002416034009805;1.0003051595657468;1.0002804171171493;1.00029956923565;1.0002863541514075;1.0004910996785092;1.0003048774773529;1.0002872507408826;1.0003049698599413;1.0002848075599466;1.0003051310721633;1.000305152280646;1.0002951624612333;1.0003048815277213;1.0003042331100276;1.0003048800079215;1.0003052174399851;1.000305044613989;1.000288781873567;1.0002720777036096;1.0002597757653364;1.00030461792632;1.0004780877365125;1.0004967810261938;1.000277665591785;1.0002653483792734;1.0002931864749376;0.9984920926372881;0.9978188177899664;0.9971680200615413;0.9969164010154254;1.000289157533015;0.9965745870042455;0.996431980222506;0.9968143189084546;0.9967904346738632;0.9967766892920439;1.0003052369678829;1.000291402671733;1.0002740030608792;1.0002984906352765;1.0003038824485349;1.024999976158142;
2016-01-19 01:15:00;1.0002743885169658;1.000245015225497;1.000305034472659;1.0002803714921529;1.0002996204406729;1.000286246364903;1.0004898594045115;1.0003048913088421;1.0002871356732497;1.0003050385224566;1.000285106116753;1.0003052213927741;1.00030524556741;1.0002956132886787;1.0003048809781125;1.000304230468405;1.0003048824659642;1.000305078663217;1.0003051278695534;1.0002884039800133;1.0002715069180612;1.0002608633231145;1.00030461075831;1.000476942863402;1.0004955254770669;1.0002770996058257;1.0002660832052515;1.0002932432229177;0.9985109146045801;0.9978572699735441;0.9972069293025334;0.9969605961425231;1.0002897523489964;0.9966496711602602;0.9965235606884991;0.9968444679890908;0.9968148357453213;0.9967939207119598;1.000305342060997;1.0002919304426405;1.0002733360463625;1.000298125911813;1.000304136038309;1.024999976158142;
2016-01-19 01:30:00;1.0002726387126608;1.0002414162232423;1.0003049700906088;1.0002793375513876;1.0002991294847405;1.0002853321645835;1.0004935930264547;1.0003049618573059;1.0002854532976522;1.0003052313365752;1.0002841445636583;1.0003055292490717;1.0003055619469026;1.0002953339147065;1.0003049314254997;1.000304429163283;1.0003049371572739;1.0003050136853233;1.0003053737541718;1.000287115767424;1.0002689450411772;1.0002574738398393;1.0003046830517366;1.0004805778884114;1.0004993032532252;1.000275354814409;1.000263055185933;1.000292756604667;0.9987548555789414;0.998222843612378;0.9976558563899601;0.9974628690280228;1.0002886651551703;0.9972450574041258;0.9971673669342727;0.997354278888355;0.997324546772091;0.9973036098039533;1.0003056994061814;1.0002910014799105;1.0002709739637001;1.0002974122948365;1.000304432724631;1.024999976158142;
2016-01-19 01:45:00;1.000272651162663;1.0002293820683588;1.0003049264152757;1.0002789292542906;1.0002972978722788;1.00028420616266;1.0004933482937928;1.000305045713276;1.000280275969225;1.0003053728012692;1.0002818209485136;1.0003057272213007;1.0003057648924425;1.0002942158647454;1.000305007249175;1.0003047033647328;1.0003050171437977;1.0003049623892697;1.0003055404031251;1.0002858008356044;1.0002706242957362;1.0002495298628282;1.0003048447133205;1.0004804884975456;1.000498849188144;1.0002763819197242;1.0002571733938102;1.000291973792504;0.998802601166666;0.9982784332996951;0.9977135676661242;0.9975146699434829;1.0002842321452854;0.9973050614990664;0.9972326693232209;0.9973925984262343;0.9973606971351253;0.9973392462553462;1.0003059063379032;1.000287146406248;1.000272665424526;1.0002962233094086;1.000304351199283;1.024999976158142;
2016-01-19 02:00:00;1.0002795438017724;1.0002494153202544;1.0003048975023596;1.0002838624666668;1.0002992447919643;1.0002884355721677;1.0004911138876165;1.0003052703668172;1.0002864114871823;1.0003056595766493;1.0002865997352024;1.0003059860895491;1.0003060285650434;1.0002969247438038;1.000305211366941;1.000304638721268;1.0003052235436332;1.0003048858492796;1.0003058289612976;1.000289915503321;1.0002782934227974;1.0002637844948938;1.0003050135794227;1.0004781784996393;1.0004966476968022;1.000281900500471;1.000269301728519;1.0002948294124203;0.9988217365547907;0.9983263185081416;0.9977759740869118;0.9975947386201967;1.0002896122415827;0.9974040048653643;0.997346534574575;0.9974833270593145;0.9974501855494267;0.9974281757072206;1.0003061766842156;1.0002917781832663;1.0002795740431332;1.0002981573057559;1.000305012886234;1.024999976158142;
2016-01-19 02:15:00;1.0002888074182197;1.0002705711148387;1.000305362858572;1.000290827900797;1.0003016167115126;1.0002940914688803;1.0004889698428245;1.000305871462561;1.0002929392361881;1.0003063450764096;1.0002927005681599;1.000306643654953;1.0003066911805087;1.0003003462519158;1.0003057766083936;1.0003050877707609;1.000305790465808;1.0003053311594956;1.0003065124820798;1.0002952773983067;1.0002887684419657;1.0002792322057457;1.0003055925043778;1.000476088717249;1.0004944092272108;1.0002899507876588;1.000282805706406;1.0002986865936414;0.9989139120797256;0.9984482210904868;0.9979284454185062;0.9977580566902391;1.0002953840338438;0.9975949340905528;0.997542533467127;0.9976422504909426;0.9976104262710881;0.9975894772002116;1.0003068303503055;1.0002968086070376;1.000289250479988;1.0003007529015187;1.0003060690892378;1.024999976158142;
2016-01-19 02:30:00;1.0002904067129157;1.0002777340626787;1.0003058765938573;1.0002928240610507;1.0003027765511499;1.0002957982336453;1.0004886397378283;1.0003064901792553;1.0002949599194098;1.000306947793366;1.0002950770280983;1.0003071908464845;1.0003072440429726;1.0003019824971418;1.0003064029208502;1.0003059119084643;1.0003064153628205;1.00030582594476;1.0003071103610863;1.000296357405843;1.0002889473008905;1.000283083774737;1.0003062420874913;1.0004760026965818;1.0004939862261915;1.000290846112271;1.0002858046582979;1.0003000828528643;0.9990161223419713;0.9985823389932804;0.9980918340284473;0.9979307277810728;1.0002978137515577;0.9977785017761299;0.9977338945594707;0.9978198573499413;0.9977872261218602;0.9977657568371509;1.0003074206393594;1.000299003892939;1.000289486777794;1.0003014919848772;1.0003068481977695;1.024999976158142;
2016-01-19 02:45:00;1.000291583279117;1.000276556598173;1.0003056775734274;1.0002938417913672;1.0003025591400172;1.0002965074419292;1.000487960807155;1.0003062491426837;1.0002952355708492;1.0003066424355664;1.000295389906194;1.0003068455832904;1.0003068964684;1.0003017609057985;1.0003061768163293;1.00030577260825;1.000306189935391;1.0003056290530445;1.00030678860335;1.0002970711211574;1.0002907173215858;1.0002833162470859;1.0003060495486769;1.0004754052701228;1.0004932180783455;1.0002924305733294;1.0002862220526338;1.000300325907394;0.9989237430725211;0.9984697385995684;0.9979540352086572;0.9977892233668717;1.000297444211677;0.9976287791799989;0.9975836470887093;0.9976790242416169;0.9976471799382681;0.9976267845187624;1.0003070677767687;1.0002986255027573;1.0002912788795923;1.000301734823307;1.0003064037831793;1.024999976158142;
2016-01-19 03:00:00;1.0002932209182493;1.0002724240255079;1.0003058868117551;1.0002955214178462;1.0003026493466205;1.000298036039691;1.0004893467616123;1.0003065594239196;1.0002962664796022;1.000307006949829;1.0002957771413798;1.0003072530644492;1.0003073101709097;1.0003017186284;1.0003064724695145;1.0003061675558;1.0003064930105836;1.00030583273844;1.000307176160907;1.000298606536586;1.0002933769474593;1.0002829917920224;1.0003063928610323;1.0004767825752756;1.0004945339598192;1.0002949414532671;1.0002863519287828;1.0003012148045871;0.9990374124700545;0.9986142577167152;0.9981315147872354;0.9979754030670934;1.0002969469274896;0.997832763509742;0.9977920613917813;0.9978646446079525;0.9978334926169625;0.9978130893850913;1.000307491642894;1.0002981537771574;1.0002940501805666;1.0003027506600046;1.000306550649912;1.024999976158142;
2016-01-19 03:15:00;1.000292263140361;1.0002751510043228;1.000305614753882;1.0002945742859204;1.0003026749306216;1.0002972996219968;1.0004884151855935;1.000306162945415;1.0002964401769059;1.0003065868549221;1.0002956417070588;1.0003068225120304;1.0003068721682067;1.0003015593505467;1.000306076730599;1.0003056785572857;1.0003060925999039;1.0003055745121434;1.0003067404782031;1.0002980040866838;1.0002919080006956;1.0002839549108093;1.000305960886281;1.000475820913145;1.0004936669071074;1.0002935750261832;1.000286875594282;1.0003006831802543;0.9989280509798986;0.9984754881068686;0.9979565470536436;0.9977896710023588;1.0002975090050927;0.997632392543887;0.9975906317097246;0.9976745578995663;0.9976433422037576;0.9976227925324023;1.0003070303264983;1.0002986303089492;1.0002925378288496;1.0003023580384296;1.0003062384798573;1.024999976158142;
2016-01-19 03:30:00;1.0002903738568476;1.0002761734132006;1.0003056052681527;1.000293230815089;1.0003026796484193;1.0002962591921183;1.0004891076982145;1.0003062280996822;1.0002957654006932;1.0003066625081745;1.0002951999186962;1.0003069219033849;1.00030697172339;1.0003016561504339;1.000306151255414;1.00030576393708;1.0003061649622091;1.0003055530173077;1.0003068255499672;1.000296757336479;1.0002887938171128;1.0002830041022146;1.0003060118373648;1.0004765077459414;1.000494422422869;1.0002911763285396;1.0002856744350885;1.000300178978247;0.9989722230927963;0.9985425970364842;0.9980440336078579;0.9978903625338132;1.000297730666564;0.9977504021091856;0.9977146815560968;0.9977810287304266;0.9977499250419977;0.9977295253047497;1.0003071383326685;1.0002988628797116;1.000289514152797;1.0003017392552322;1.0003064741946766;1.024999976158142;
2016-01-19 03:45:00;1.0002891430020961;1.0002765273253633;1.0003055353669223;1.0002916621335487;1.0003027183517597;1.0002952038423447;1.000488500452003;1.000306051633375;1.000295885800575;1.000306493496232;1.0002943195829128;1.0003067448022995;1.000306792170347;1.0003012068136483;1.0003059606289781;1.0003052803193913;1.0003059737699038;1.0003054990281843;1.0003066489476127;1.0002962573337093;1.0002879564384373;1.0002832865569677;1.0003057547601206;1.0004756887598703;1.0004939701770768;1.0002898239982316;1.0002858045508662;1.000299488085005;0.9989273134147768;0.9984834207899858;0.9979698693126097;0.9978106124888467;1.0002978257422577;0.9976673970182891;0.9976294585402313;0.9976960539001278;0.9976646986555526;0.9976437472499476;1.000306946399779;1.000298944999289;1.0002885293077808;1.000301600016365;1.0003063010942803;1.024999976158142;
2016-01-19 04:00:00;1.0002925018433084;1.0002788686068866;1.0003055697416998;1.000294251841875;1.0003029076663488;1.0002970786054184;1.0004882122798535;1.0003060818452132;1.0002969315861727;1.0003065004788483;1.000295808791138;1.0003067192545798;1.0003067702880686;1.0003017510864767;1.0003059947880173;1.000305397663744;1.0003060098348182;1.0003055341266633;1.0003066496132282;1.0002980420656662;1.0002923866083258;1.0002860532403728;1.0003058362789001;1.0004754604361334;1.0004935667906978;1.000293404558226;1.0002885940492157;1.00030058408174;0.9989086008225928;0.9984574742166558;0.9979428199243098;0.9977835580482568;1.0002982882515308;0.9976326226918679;0.9975892495112832;0.9976742649415247;0.9976412491103192;0.9976196316622499;1.0003069305431938;1.0002993151845962;1.0002927872007008;1.0003023281001178;1.0003062467256134;1.024999976158142;
2016-01-19 04:15:00;1.0002932631610046;1.0002799902243489;1.00030561952409;1.000295111355029;1.0003027500015373;1.0002974030909297;1.0004879559368294;1.0003062038657922;1.0002959238328535;1.0003066109630112;1.000296403907627;1.0003068168853013;1.0003068724875357;1.0003022454748103;1.0003061308416292;1.0003057620588558;1.0003061448758985;1.0003055716323086;1.0003067628666342;1.0002978346935587;1.0002925945450247;1.0002856256699095;1.0003060206233354;1.0004754192326162;1.000493175557504;1.0002939173579262;1.000288279484888;1.0003008862442175;0.9989179640606297;0.9984569862696826;0.9979299897371536;0.9977564885539394;1.0002981571622032;0.9975989653264352;0.9975553974408666;0.9976327096719403;0.9975986262353501;0.9975773808258809;1.0003070500235682;1.0002992325403839;1.0002930287576908;1.0003019586210955;1.000306453282993;1.024999976158142;
2016-01-19 04:30:00;1.000283378745274;1.0002637339757745;1.0003051274973693;1.0002873135395467;1.0003007819524627;1.0002912622703828;1.0004885050013377;1.0003056321509687;1.0002900771367016;1.0003060175173215;1.0002904234254038;1.000306255844298;1.0003063047360519;1.0002992390311451;1.0003055688356979;1.0003051099309315;1.0003055806416448;1.0003050904953614;1.0003061708492806;1.000292084434408;1.0002809888505038;1.000272395075341;1.0003053858537665;1.0004758684662751;1.0004939194372564;1.0002845009933141;1.0002763331074827;1.0002968882648635;0.9988191555146416;0.998321884874608;0.9977755632284461;0.997595737197929;1.0002936308083303;0.9974135616566161;0.9973518691884591;0.9974803602519661;0.9974459300833108;0.9974251425204992;1.0003064738736498;1.000295311276375;1.0002820417134954;1.0002991991505876;1.0003056810307713;1.024999976158142;
2016-01-19 04:45:00;1.0002828288024663;1.0002578747120516;1.0003051024387237;1.000287228119288;1.0003003696493413;1.0002912650515094;1.0004900600981512;1.0003056893819904;1.0002895011488464;1.00030612632776;1.000289661308326;1.0003064215194402;1.0003064753652702;1.000298678136664;1.0003056185542263;1.000305268400674;1.0003056344003172;1.0003050614144078;1.0003063072402836;1.0002920312578107;1.0002807262505784;1.0002695673285067;1.0003054670090599;1.0004774126868885;1.0004954437364733;1.0002846229075606;1.0002740833640418;1.0002968014190956;0.9989041889690408;0.9984172441695324;0.9978841105188747;0.9976979941028565;1.0002923372810568;0.9975119444026285;0.9974503159373518;0.9975768763419959;0.9975430280129661;0.9975227795332691;1.000306666780135;1.0002941532749767;1.0002819855408258;1.0002992789823617;1.0003056386792069;1.024999976158142;
2016-01-19 05:00:00;1.0002815310491486;1.0002539920806273;1.0003049273419082;1.0002853788279447;1.0003001094976465;1.0002900954283516;1.0004907568547576;1.0003052944475381;1.0002896899031475;1.0003057306525285;1.0002880098934002;1.0003060581637833;1.0003061059769334;1.0002974171037686;1.0003052137889248;1.0003044679523097;1.0003052283196814;1.000304913220061;1.0003059072143343;1.0002918907272107;1.0002809645690125;1.000268713806808;1.000304989011031;1.0004776942172577;1.0004963579401467;1.0002839119341325;1.0002735087623924;1.0002958191243716;0.9988399265135925;0.9983326380933362;0.9977823506317222;0.9975911384305597;1.0002914739035984;0.9973790924291346;0.9973115065895635;0.9974809802128852;0.9974473353952391;0.997426547775307;1.0003062625450307;1.0002933479431777;1.0002820889274453;1.0002994263101637;1.000305061416686;1.024999976158142;
2016-01-19 05:15:00;1.0002772231506725;1.0002366304419592;1.0003048793350173;1.0002828391401546;1.000298511107197;1.0002878419941381;1.0004924138146323;1.000305138697303;1.000285424098836;1.0003055020801819;1.0002847913334523;1.000305827726297;1.000305873463121;1.0002953341394887;1.0003050846637742;1.0003047230129785;1.0003050986918751;1.0003048872989373;1.0003056744097913;1.00028948677602;1.0002762121574849;1.000257481885827;1.0003049337015943;1.0004795531449362;1.0004978736777712;1.000281097553605;1.000264101782515;1.0002941446017066;0.998812938128347;0.9982993031121523;0.9977288636071366;0.9975292834986068;1.0002870374930803;0.9973218037708345;0.99726215245287;0.9974048488441966;0.9973637921895973;0.9973334720855895;1.0003060352532933;1.0002894810004512;1.0002780649829617;1.0002983223632889;1.0003044052208185;1.024999976158142;
2016-01-19 05:30:00;1.00027021768973;1.0002012638883966;1.0003050922335521;1.0002777871826907;1.0002960595509913;1.0002840994157174;1.000497429106261;1.0003049576695229;1.0002800238490976;1.0003052771160184;1.0002779826501516;1.000305653759688;1.000305703536398;1.0002906482775753;1.0003049219180462;1.0003046455354372;1.0003049327173543;1.0003051677481647;1.0003054647936702;1.0002869671140133;1.0002714951129825;1.000238748438859;1.0003048073195802;1.0004842724799345;1.0005029346339722;1.000277860118696;1.000248975348068;1.000291147212203;0.9989066571863637;0.9984194984226747;0.9978731159553261;0.997680305538872;1.000278827092499;0.9974836908434106;0.9974306448970883;0.9975574766686115;0.997522150619315;0.9975007816695332;1.0003058878505744;1.0002822743552475;1.0002743427717435;1.00029788445227;1.0003030826966368;1.024999976158142;
2016-01-19 05:45:00;1.0002748192124837;1.0002340631397515;1.0003048835892001;1.0002810164127456;1.000298504714095;1.0002866816235234;1.0004918372644833;1.0003050786122312;1.0002853682813235;1.0003053981025287;1.000283705973471;1.0003056621838118;1.0003057078846787;1.0002947415921677;1.0003050304775005;1.0003045616185742;1.0003050422440594;1.0003048945398103;1.0003055509537961;1.0002886092373764;1.0002733223425058;1.0002557623348223;1.0003048365653708;1.0004789346678302;1.0004973838829867;1.0002787925520795;1.0002623528493644;1.0002933873321316;0.99875516210922;0.998223541770975;0.9976263260374998;0.9974153838436354;1.0002867849666828;0.9972110276653824;0.9971537991517023;0.997273665681463;0.997236115659452;0.9972138469555122;1.0003058756209207;1.0002892672530563;1.0002753358305903;1.00029816145516;1.0003041830247725;1.024999976158142;
2016-01-19 06:00:00;1.000279587701358;1.0002482376456767;1.000305075780205;1.0002840670242792;1.000300049596903;1.0002891379097292;1.000488458913363;1.0003048784237374;1.000289627525317;1.0003049764311918;1.0002871361125527;1.00030511118752;1.0003051344750924;1.0002961614110755;1.0003048786345696;1.0003041578213656;1.0003048778834547;1.0003051155037854;1.000305046850237;1.0002916077904505;1.0002790976496707;1.0002659843548556;1.0003046414210282;1.0004755254629574;1.0004940150249926;1.000282859579752;1.0002711778810092;1.0002948535199458;0.9984054241021333;0.9977520071385312;0.9969713586203911;0.996672758999491;1.000290608274518;0.9964198947829804;0.9963804792264516;0.9964472895557628;0.9964109449795578;0.9963884197117377;1.0003052201581115;1.0002925974256613;1.0002805705145257;1.0002996482872297;1.0003038916632754;1.024999976158142;
2016-01-19 06:15:00;0.9999343655110174;0.9998698410488934;1.0000000726515224;0.999939406966391;0.9999822096834774;0.9999484163989388;1.0002032273383155;1.0000000601152077;0.9999357237001797;1.0000000549582895;0.9999494004039473;1.000000051216837;1.0000000511190945;0.9999791579303303;1.0000000609341162;0.9999979705454937;1.0000000608200796;1.0000000740511878;1.0000000534231768;0.9999533528650527;0.9999337130248436;0.9998891206366096;0.9999994667196439;1.0001878662111612;1.0002102150722474;0.9999372137505776;0.9999053396770436;0.9999686357327878;0.9978674764518937;0.9971472551888596;0.9962715333259633;0.9959429949632101;0.9999560365830876;0.99565066447988;0.995617276950327;0.9957045584251845;0.995665632660391;0.995643145322043;1.0000000510506712;0.9999626398487664;0.9999350503030995;0.9999755421752566;0.9999987147200873;1.024999976158142;
2016-01-19 06:30:00;0.9999383724064552;0.9998776651524953;1.0000000714426949;0.9999437943948015;0.9999838266100686;0.9999525653694665;1.0002036489402106;1.0000000596665992;0.999941934820639;1.0000000546892978;0.999953177861769;1.0000000514522007;1.0000000512708085;0.999980466595108;1.000000060503405;0.9999981672786208;1.000000060390079;1.0000000727421883;1.000000053217727;0.9999571984157949;0.999937326322941;0.9998972341952177;0.9999995065141487;1.0001884251539757;1.000210546323377;0.9999413617105875;0.9999120520656416;0.9999710799251735;0.997875991555855;0.9971804319463955;0.9963314764162934;0.996028747807673;0.9999596565041656;0.9958024755526943;0.9957723519486121;0.9957796115499856;0.9957228486287767;0.9957009182628731;1.0000000509315294;0.9999656904711024;0.9999388164403646;0.9999779086149755;0.9999986947740241;1.024999976158142;
2016-01-19 06:45:00;0.999932563286628;0.9998654894361284;1.0000000716765414;0.9999390242989038;0.9999832651699038;0.9999495535428117;1.0002070532972973;1.0000000603498356;0.9999409078676171;1.0000000551623947;0.9999492753053811;1.0000000533301732;1.000000052741843;0.9999783470897001;1.000000061360906;0.9999977754720027;1.0000000612105802;1.0000000728248926;1.0000000536487426;0.9999551736054186;0.9999318199216679;0.9998906931376982;0.9999994013218719;1.000191295424949;1.0002143048123575;0.9999365003807485;0.9999062075794277;0.9999690682597054;0.9977572758909115;0.9969876638043134;0.996044983697963;0.9956792878982195;0.9999573846000848;0.9954862418066276;0.9954551430249277;0.995323505012958;0.9952047202837647;0.9951837502264148;1.000000051275339;0.9999636908434136;0.9999336285050072;0.999977629863404;0.9999983017351949;1.024999976158142;
2016-01-19 07:00:00;0.9999147720120369;0.9997940326074862;1.0000000988482396;0.9999248875640511;0.9999757186543572;0.9999370771221578;1.0002180623681607;1.0000000724375107;0.999919459320763;1.0000000627081815;0.9999327557302765;1.0000000583514768;1.0000000572994443;0.999969208818819;1.0000000740089565;0.9999982557230331;1.0000000736291976;1.0000001018204758;1.0000000595608107;0.9999436741024504;0.9999166914071262;0.999844155498515;0.999999543928718;1.000201921546249;1.000225289278243;0.9999243998590206;0.999868211266775;0.999960589855972;0.9972498075559698;0.996281362295958;0.9951307011183151;0.994664661717229;0.9999369050611545;0.9944146393360905;0.9943519406266105;0.994214000131094;0.9940617137950234;0.9940346551198735;1.000000054678433;0.9999459120659443;0.9999201997613971;0.9999719078851441;0.9999965722693893;1.024999976158142;
2016-01-19 07:15:00;0.9999423923469493;0.9998810460429796;1.000000078050211;0.9999480394385701;0.9999850322995787;0.9999565746689275;1.0001987196523523;1.0000000655431682;0.9999473516360614;1.0000000597598835;0.9999561478035297;1.0000000586019284;1.000000057624815;0.9999812482127142;1.0000000665700202;0.9999983352849191;1.0000000664097917;1.0000000793570796;1.0000000579737576;0.9999610751511131;0.99994182600213;0.9999033595817262;0.99999955952657;1.0001839547000388;1.0002053663701869;0.9999460557672118;0.9999173613823884;0.9999733531702436;0.9964660267520536;0.995264769102208;0.9938284631976706;0.9932560489709661;0.999962037355639;0.9929772108899618;0.9929054943260281;0.9926832352947302;0.9924536919920113;0.9923194814261591;1.0000000550636918;0.9999676431044723;0.9999434790785168;0.9999803093447746;0.9999985049917569;1.024999976158142;
2016-01-19 07:30:00;0.9999182803071271;0.999878039246129;1.0000000911096887;0.9999238727018017;0.9999855621951371;0.9999403258597275;1.0002113488212245;1.000000076110377;0.9999456850979063;1.0000000646226839;0.9999429653051434;1.0000000626920391;1.0000000611199387;0.9999764803679482;1.0000000791193935;0.9999952149504711;1.0000000788611136;1.0000000918609155;1.0000000617317175;0.9999500709275257;0.999916868527785;0.9998970305524558;0.9999987539615565;1.0001932396175068;1.0002203890287076;0.9999195121484469;0.9999091967189057;0.9999638152741083;0.9965557983516642;0.9953618434566103;0.9939199499760579;0.9933308085524338;0.9999624591205162;0.9930640588755896;0.9930022643898417;0.992727443035062;0.9924594585815049;0.9923294683564201;1.0000000571088041;0.9999682166118885;0.9999177215527182;0.9999769492247876;0.999998735456102;1.024999976158142;
2016-01-19 07:45:00;0.999911819728851;0.9998540764657805;1.0000000935918256;0.999919070607949;0.9999828154165875;0.9999358588503545;1.000207705250819;1.000000077282376;0.9999372240076136;1.0000000662375343;0.9999373371732954;1.0000000646205975;1.0000000629421193;0.9999736806125736;1.000000080017255;0.9999955485125008;1.0000000797355448;1.0000000946385994;1.000000063306187;0.9999453955465145;0.9999102755863557;0.9998798602931837;0.9999988226449572;1.0001901293558089;1.0002164678346719;0.9999145945848247;0.9998949556527239;0.9999609079482042;0.9962332386739415;0.9949233885092312;0.9933390636744033;0.9926827812572784;0.9999553193787022;0.9924141877859342;0.9923480452916265;0.9919911499103603;0.9916924008196669;0.9915237797904011;1.000000058572369;0.9999620566018584;0.9999118013807429;0.9999744345098597;0.9999982677347167;1.024999976158142;
2016-01-19 08:00:00;0.9999135109716536;0.9998664791202464;1.0000000969273564;0.9999196628703085;0.9999834929124543;0.9999360540348904;1.0002084671812312;1.000000080279334;0.9999378815569346;1.0000000686060733;0.9999389925672392;1.0000000684953418;1.0000000662920645;0.9999750852490922;1.000000083135305;0.9999953820069332;1.0000000828743996;1.0000000979751842;1.0000000655226495;0.9999454513435282;0.9999114298214177;0.9998855421988023;0.9999987839776477;1.0001906987259177;1.0002173572297994;0.999914776201685;0.9998995513493759;0.9999613025328827;0.995975263477328;0.9945801279353443;0.9928907236617049;0.9921904160548725;0.9999577745335589;0.9919199115572642;0.9918507534619587;0.9914413939657106;0.9911044312004206;0.9909274441278031;1.0000000605080854;0.9999642590351888;0.9999124624124495;0.999974074383303;0.9999987310972648;1.024999976158142;
2016-01-19 08:15:00;0.9999320428645769;0.9998846241067949;1.0000000882613307;0.9999361225679392;0.9999840935924152;0.9999469903670576;1.0002017892977475;1.0000000749651483;0.9999403868334441;1.0000000666568893;0.9999494600267888;1.0000000694418818;1.0000000669960707;0.9999798462653597;1.0000000767509218;0.9999969680644959;1.0000000765835246;1.0000000893258187;1.000000064328972;0.9999532397284702;0.9999309127808905;0.9998981236597553;0.999999221770096;1.0001857020515508;1.0002093975261497;0.9999330717913008;0.999911942445869;0.9999680442806584;0.9957416008088228;0.9942508695182073;0.9924537222515734;0.9916952528712732;0.9999607177437635;0.9914112502353832;0.9913320666446339;0.9908779038843653;0.9905290607352173;0.9903627998352021;1.0000000604857189;0.9999667505309231;0.9999316141524383;0.9999761402005829;0.9999991143039935;1.024999976158142;
2016-01-19 08:30:00;0.9999385153750957;0.9998756930473959;1.0000000917387164;0.9999440899139934;0.9999838332683433;0.9999529467214865;1.0001970202329427;1.0000000770924926;0.9999423073996688;1.0000000696902596;0.9999530468774082;1.00000007256763;1.0000000701434875;0.999980317897359;1.0000000784214786;0.9999981924392825;1.0000000782371066;1.0000000932071629;1.0000000673870266;0.9999575866513829;0.999937674086508;0.9998967807040936;0.9999995278993158;1.000182241018038;1.0002037328881437;0.999941793371431;0.9999117147336892;0.9999712694658358;0.9952335558278409;0.9935173909708175;0.9915642926525571;0.9907191137312193;0.9999594269260353;0.9902683893045494;0.9901002692641615;0.989900010889222;0.9895651201070585;0.9893913727944786;1.0000000635298094;0.9999654724102593;0.9999392357269632;0.999978236755647;0.9999985958882089;1.024999976158142;
2016-01-19 08:45:00;0.999903090541309;0.999859156841215;1.000000120261394;0.9999104916874956;0.9999835707086753;0.9999301287659542;1.0002136541370823;1.0000000982675041;0.999937600864366;1.0000000804481395;0.9999336839426456;1.0000000796163178;1.0000000765503918;0.9999726660015565;1.0000001029412335;0.9999944798036258;1.0000001025515528;1.0000001212747944;1.0000000758891825;0.9999413481530478;0.9999000873640305;0.9998803161521912;0.9999985400215619;1.0001948146824056;1.0002233463877876;0.9999042556841957;0.9998939653016765;0.9999576686695195;0.9953265840218992;0.9936334033599706;0.9916331438160282;0.9907549431057909;0.9999571330208051;0.9903795103448507;0.9902623054270523;0.989840406437452;0.9894843166949118;0.9893146283552177;1.0000000684223194;0.9999637425397785;0.9999013043539393;0.999973161204493;0.9999985936537542;1.024999976158142;
2016-01-19 09:00:00;0.9999138937679624;0.9998741629724271;1.0000001094466764;0.9999194227728245;0.999985072153144;0.999936976672953;1.0002127617541858;1.0000000904183104;0.9999434836579124;1.0000000752105327;0.9999400177555562;1.0000000751281586;1.0000000723279863;0.9999753321586392;1.000000094408838;0.9999947828742409;1.0000000940526146;1.000000110324942;1.0000000713106194;0.9999475191304388;0.9999126237111211;0.9998932955714798;0.9999986572635174;1.0001941901435705;1.0002221243350422;0.9999149411496678;0.9999057729854699;0.9999618171825875;0.9956210830696173;0.9940476634721294;0.9921474474424044;0.9913187783674039;0.999961153335479;0.9910183967026835;0.9909369646241347;0.9904190301537572;0.9900709167180222;0.9899055636823366;1.0000000649567178;0.9999671316724853;0.9999133655869724;0.9999758466283767;0.999998726419808;1.024999976158142;
2016-01-19 09:15:00;0.9999412815526665;0.9999141768008775;1.0000000871561536;0.9999453608300194;0.9999890729561199;0.9999564022965651;1.0001995140848987;1.0000000759177636;0.9999578596320225;1.0000000682252688;0.9999591025356883;1.0000000729897673;1.0000000701644365;0.9999837178852303;1.0000000776482654;0.9999968720931349;1.00000007749934;1.0000000879823028;1.0000000660910422;0.9999625789090097;0.999939056509893;0.9999238460732107;0.9999991795980039;1.000183519383504;1.0002071636972905;0.9999413963710954;0.9999328715318123;0.9999737831857046;0.9954458644271579;0.9937763843183766;0.9918691047484403;0.9910259063848659;0.9999723703725675;0.9906037454066302;0.9904450558612052;0.990189953541893;0.989849269377276;0.9897109448485765;1.000000062515817;0.9999766795092775;0.9999396498491632;0.9999820589786521;0.9999993793953325;1.024999976158142;
2016-01-19 09:30:00;0.9999510675196862;0.9999053154770237;1.0000000860170917;0.9999550303894045;0.9999864846715932;0.9999611682923766;1.0001979157409022;1.000000073288518;0.9999501345636987;1.0000000675887142;0.9999626319039651;1.0000000732550534;1.00000007038413;0.9999850716864327;1.0000000740485258;0.9999987737272455;1.000000073952522;1.0000000874793957;1.0000000657217087;0.9999641545933777;0.9999493287697391;0.9999162146395185;0.9999996747683851;1.0001835355665527;1.0002042762017476;0.999952510580945;0.9999283394144213;0.9999765683296912;0.995378352743916;0.9936582457752957;0.9916945956890314;0.990808495046066;0.9999671309857772;0.990365785842628;0.9902012828884201;0.9899293754252698;0.9895729924091401;0.9894181363593283;1.000000062569995;0.9999721360658048;0.9999503521070552;0.9999808129080399;0.9999992956069552;1.024999976158142;
2016-01-19 09:45:00;0.9999526350161994;0.9998948683575837;1.000000084127148;0.999956779583755;0.9999848117458647;0.9999614714915857;1.0001954376457047;1.0000000721034892;0.9999452585616728;1.000000067253309;0.9999619470157527;1.0000000729082068;1.000000070189518;0.9999845623672416;1.000000072641555;0.9999994049548832;1.000000072546963;1.0000000856059148;1.000000065570204;0.9999635341565182;0.9999515368950241;0.999908875586871;0.9999998444017114;1.0001817218469722;1.000201304594872;0.9999550876678645;0.9999229432555139;0.9999766284177388;0.9952894724027516;0.9935401913856563;0.9915356155789785;0.990630945035517;0.9999631825651791;0.9901966165070759;0.9900343982447133;0.9897213422942021;0.9893728130949817;0.9892132856870157;1.0000000627060759;0.9999687103587455;0.9999528186930586;0.9999798234064731;0.9999990830429403;1.024999976158142;
2016-01-19 10:00:00;0.9999476508955812;0.9998841094581077;1.0000001017464117;0.9999514331104407;0.9999817750592722;0.9999553013323663;1.000199049825699;1.0000000818842103;0.9999330485740521;1.0000000747009512;0.9999571347870377;1.000000078963688;1.0000000759606484;0.999983215103922;1.0000000823829909;0.99999963596258;1.000000082293232;1.0000001043464855;1.0000000721271878;0.9999568470642025;0.9999460705785624;0.9998946473078195;0.9999999074855881;1.0001852701298566;1.0002048801214354;0.9999495244331527;0.9999112819740592;0.9999731022620724;0.9948703506993686;0.9929546754391383;0.9908192297460369;0.9898531572400212;0.9999569139315241;0.9893208663947956;0.9891035683304246;0.9889285967539693;0.9885899273968308;0.9884393033061875;1.0000000677875576;0.9999634688344413;0.999947231424249;0.9999751492478088;0.999999328715233;1.024999976158142;
2016-01-19 10:15:00;0.9999191275070815;0.999828003891623;1.0000001537020586;0.9999237760676922;0.9999712120260751;0.9999288725698952;1.000218238978492;1.0000001031552979;0.9998925069491306;1.000000086745902;0.9999340759257461;1.000000083326121;1.0000000799861921;0.9999746326886695;1.0000001039872912;0.999999448585741;1.0000001038604804;1.0000001604997777;1.0000000809256542;0.9999310386057124;0.9999164424676793;0.9998376002880951;0.999999852961984;1.0002030149393606;1.0002247755523923;0.9999207971841697;0.9998634416718043;0.9999573909826109;0.9951755072506323;0.9933865586036327;0.9913608155749428;0.9904557081013967;0.9999330211289023;0.9899925927979814;0.9898105676705912;0.9895651771425035;0.9892134088925282;0.9890574211861393;1.0000000714866777;0.9999433278697037;0.9999177866814842;0.9999595716954365;0.999999395189423;1.024999976158142;
2016-01-19 10:30:00;0.9999277906436407;0.9998651449365347;1.0000001216752172;0.9999357514798353;0.9999789644253636;0.9999423567560576;1.000205704531901;1.0000000899509838;0.9999198073470451;1.0000000793846635;0.9999474073457213;1.0000000802762221;1.0000000772868705;0.9999798250546219;1.000000090543452;0.9999996594629577;1.0000000904694113;1.0000001260609062;1.0000000755607892;0.9999436997011848;0.9999198970807686;0.9998712014012183;0.9999997786384821;1.0001916199934908;1.0002120235449274;0.9999283673631706;0.9998894539193856;0.9999655877368335;0.9949806214253091;0.99309265347042;0.9909891265046151;0.9900317623712754;0.99995056875767;0.9894448647878649;0.9892299868858623;0.9891560799767144;0.9887917114446224;0.988601056259001;1.0000000691232154;0.9999582714542625;0.999922070185431;0.9999685670173084;0.9999996401783118;1.024999976158142;
2016-01-19 10:45:00;0.9999203468029217;0.9998413430309921;1.0000001311166877;0.9999284795933687;0.9999760290025106;0.9999360423472884;1.0002078160010164;1.0000000951040289;0.9999106395944302;1.0000000828541549;0.9999400350312383;1.0000000836596472;1.0000000802850835;0.9999763247781296;1.0000000959506676;0.9999993761245729;1.0000000958110538;1.0000001359407331;1.0000000784694298;0.9999383454410704;0.9999142581834194;0.9998544806758745;0.9999997379537471;1.000193329930302;1.0002143151557665;0.9999223595898928;0.9998758306974819;0.9999615463918747;0.9948956459606035;0.9929456544407405;0.9907908814546923;0.9897932198315187;0.9999429279374217;0.9891557734089186;0.9889220901226934;0.9888983331824738;0.9885285830028755;0.9883501302613303;1.0000000711486807;0.9999516866923884;0.9999165826212301;0.9999657426861134;0.9999991506751607;1.024999976158142;
2016-01-19 11:00:00;0.9999049708710461;0.9998323052284729;1.0000001233304796;0.9999179408735422;0.9999759836735035;0.9999289189644679;1.0002085521269173;1.0000000907999613;0.9999083192091147;1.0000000796371622;0.9999347517805319;1.0000000812232188;1.0000000779796498;0.9999743789361754;1.0000000917143552;0.9999992829155758;1.0000000915952298;1.000000127771118;1.0000000756547784;0.9999311420178256;0.9998923596790454;0.9998434920243949;0.9999995588721274;1.0001940867927583;1.000215472415246;0.9999060162412723;0.9998640455385573;0.9999574260777876;0.9951232084990618;0.9932571119021056;0.9911361245043884;0.9901476018918239;0.9999423713533118;0.9895657367995215;0.9893812290438903;0.9892269524957167;0.9888735370215165;0.9887174796592991;1.0000000688937483;0.9999513435807427;0.9998958880498228;0.9999633093411688;0.9999992836518841;1.024999976158142;
2016-01-19 11:15:00;0.9999252703299479;0.9998422383612439;1.0000001227169686;0.9999328971813707;0.9999761192903718;0.9999392390598096;1.0002055536404055;1.000000089776413;0.9999119657678676;1.0000000790191692;0.9999423269234995;1.000000079375889;1.0000000764431263;0.999977052199625;1.0000000903819197;0.999999724293436;1.0000000902502513;1.0000001272012176;1.0000000750961757;0.9999410245553816;0.9999202542066556;0.9998570383789507;0.9999998454816658;1.0001914845899826;1.000211712524125;0.9999278824004387;0.9998786319585368;0.9999633783990458;0.9950722901590313;0.9931859733276085;0.991044540673258;0.9900449571693194;0.9999431364922761;0.9894557785193653;0.9892675840172944;0.9891145396220561;0.9887522865503772;0.9885624475327358;1.0000000685702022;0.999951802205523;0.9999225656314626;0.9999668290069884;0.9999990347153002;1.024999976158142;
2016-01-19 11:30:00;0.999919805511272;0.9998102731649979;1.0000001359778934;0.9999268266815364;0.9999726262044332;0.9999339268925942;1.0002154741720812;1.000000095261867;0.9999029058160515;1.0000000816625305;0.9999343321831048;1.0000000810194778;1.0000000776833866;0.9999725190509553;1.0000000964267948;0.9999993608075971;1.0000000961173108;1.0000001412195492;1.0000000767979638;0.9999373232184915;0.9999194843344553;0.9998387948233283;0.9999998387788461;1.0002003581442802;1.0002219554902911;0.9999254450349587;0.9998646041460719;0.9999596273816734;0.9953099106412593;0.9935218369923394;0.9914877652873496;0.9905470203268383;0.9999334650826636;0.989994448907093;0.9898187470138301;0.989670062523473;0.9893098169622098;0.9891479687658787;1.0000000688635695;0.9999433536114881;0.9999218899493117;0.9999649565461093;0.9999980762940653;1.024999976158142;
2016-01-19 11:45:00;0.999889327888733;0.9997065346233965;1.000000195848773;0.9999055162607459;0.999965659250972;0.9999192539395916;1.0002322854882106;1.0000001228689566;0.9998881736376143;1.0000000994123481;0.9999121029353657;1.0000000915483052;1.0000000876020352;0.9999583034760164;1.0000001257238342;0.9999994836265799;1.0000001247342312;1.0000002047230594;1.0000000908346562;0.9999257540864352;0.9998910586452452;0.9997815698265355;0.9999998398395304;1.0002161512221357;1.0002392817158847;0.9999049202572337;0.9998163755649437;0.9999489116003218;0.9952237908193243;0.993387282067451;0.991281195665849;0.9902983315095157;0.999910588135669;0.9897171718858885;0.9895479573720796;0.9893847413761339;0.9890222467039606;0.9888510766304104;1.000000077044663;0.9999232213920132;0.9998970767415339;0.9999624304849324;0.9999948542061257;1.024999976158142;
2016-01-19 12:00:00;0.9999053600703894;0.9997702248612217;1.0000001648984265;0.9999172231736471;0.9999704828628845;0.9999277469844061;1.0002192245884214;1.0000001100902662;0.9998988384443207;1.0000000921940264;0.9999255399877958;1.0000000866931682;1.0000000835041147;0.9999668993343395;1.000000111804592;0.9999994132014265;1.0000001112771602;1.0000001718667089;1.0000000856735538;0.9999323314601666;0.9999041805061173;0.9998165910224038;0.9999998044317404;1.0002039466767465;1.0002259140893373;0.9999146901590769;0.999845226670764;0.9999551950792244;0.9949448183804676;0.9930349882383218;0.990853082706815;0.9898506169436354;0.9999256995624836;0.9891513081911429;0.9889699145307591;0.9889915805948372;0.9886656861857881;0.9885054626494897;1.0000000750299292;0.9999365084875798;0.999908324890849;0.999964197279821;0.9999968509178849;1.024999976158142;
2016-01-19 12:15:00;0.9999197067358127;0.9998275943006543;1.0000001374709688;0.9999301828622579;0.9999766499495354;0.9999388760314829;1.000208565571634;1.0000000996225582;0.9999161591222038;1.0000000869807677;0.9999401157224295;1.0000000867179488;1.0000000834720908;0.999974848371304;1.0000001006275412;0.9999996158143758;1.0000001003759447;1.0000001425034168;1.0000000823249435;0.9999415591264098;0.9999141365552829;0.9998527970545921;0.9999997885350966;1.0001942334414378;1.0002149644793163;0.9999243752371455;0.9998743922606341;0.9999627248528082;0.9946775088520382;0.9926227303377156;0.9902729101734051;0.989160066207185;0.9999425553372014;0.9883265944944655;0.9881330872361443;0.9882455036826356;0.9879225422535014;0.9877772276686254;1.000000074489128;0.9999511528345374;0.9999174310672944;0.9999687207334945;0.9999983204489126;1.024999976158142;
2016-01-19 12:30:00;0.9998497989973312;0.999798704287125;1.0000001725132022;0.9998836150701;0.9999801780161997;0.9999101338519553;1.0002200805476187;1.0000001188921035;0.9999195205350343;1.0000001000692087;0.9999201470330364;1.0000000986515862;1.0000000945064202;0.9999666115650143;1.0000001212876601;0.9999987354290583;1.0000001210289138;1.0000001799840943;1.0000000933175928;0.9999139415777444;0.9998138423396032;0.9998176941116099;0.9999988629665624;1.0002049102147192;1.000228991680213;0.9998505319129519;0.9998323070856034;0.9999459360945886;0.994582114854862;0.9924598539179198;0.9901140167140189;0.9889954771819692;0.999947653786836;0.9880538945398355;0.9878002142142905;0.9881471414775944;0.9877979840038736;0.9876503636709887;1.0000000813814935;0.9999560378878747;0.9998229717770919;0.99996218809535;0.9999987595624378;1.024999976158142;
2016-01-19 12:45:00;0.9998956504492198;0.9998495499332358;1.0000001234240734;0.9999172915308965;0.999984324861146;0.9999352612636242;1.0002096551082926;1.000000093550513;0.9999383567454965;1.0000000823290585;0.9999410469681269;1.000000085958205;1.0000000823148818;0.9999753684565356;1.0000000950513779;0.9999988336873308;1.0000000948594328;1.0000001273993324;1.0000000783790315;0.9999386030407728;0.9998738916203456;0.9998662270527334;0.9999992136061951;1.0001949671657833;1.0002174235330352;0.9998969185318974;0.9998785300429881;0.9999609571396545;0.9949112835011119;0.9929717587909421;0.990788375867476;0.989776261713577;0.9999590724018488;0.9891001768316355;0.9888944662315744;0.9888885093853856;0.9885341888583558;0.9883880498904051;1.0000000714270485;0.9999655119185756;0.9998797602484011;0.9999723127584852;0.9999989048264557;1.024999976158142;
2016-01-19 13:00:00;0.9998974090894591;0.999861447226046;1.0000001108795906;0.9999190297192134;0.9999860034386546;0.9999373205934314;1.0002048184103782;1.0000000864922045;0.9999435162936054;1.0000000770267494;0.9999437259674685;1.0000000801076798;1.0000000770585125;0.9999767475700403;1.0000000877965176;0.9999986685317741;1.000000087650595;1.0000001140856378;1.0000000737490158;0.9999406612273943;0.9998746604806179;0.9998746571641298;0.9999991502872136;1.0001903535536156;1.0002125890766234;0.9998977757059213;0.9998851145564982;0.9999623338729032;0.9951087804378805;0.9932299279560031;0.991096950037114;0.9900978307223257;0.9999632513354408;0.9893692153480533;0.9891818228088959;0.9892632719534858;0.9889192684096374;0.9887601842105456;1.0000000679713592;0.9999691195942203;0.999880408432439;0.9999737001146851;0.9999991438300988;1.024999976158142;
2016-01-19 13:15:00;0.999859948498351;0.9998154153040393;1.0000001553671078;0.9998913785392585;0.9999817383155793;0.9999161129055921;1.0002218309580118;1.0000001082318775;0.9999252497579685;1.0000000916266591;0.9999258820761944;1.0000000926571175;1.0000000884319928;0.9999691986324323;1.0000001103461185;0.9999987794523048;1.000000110136301;1.0000001619551664;1.0000000857287212;0.9999196307391762;0.9998260340299071;0.9998312983667385;0.9999989215072582;1.0002065261965833;1.0002306329529058;0.9998602165314697;0.9998445726823948;0.9999496072326308;0.995009352999801;0.9930885312254968;0.9909102347710259;0.9898909149902217;0.9999519291959643;0.9891917417061349;0.9889985990869551;0.989009318503044;0.9886266469661459;0.9884653413151072;1.000000075350716;0.99995966860122;0.9998344674033246;0.9999646275619346;0.9999989644872049;1.024999976158142;
2016-01-19 13:30:00;0.9999497297225923;0.9998989827915419;1.0000000963702615;0.9999569512484123;0.9999869213067424;0.9999632254781695;1.0001942575775868;1.0000000803073679;0.999952601654468;1.0000000743088053;0.9999640725477662;1.0000000810338872;1.000000077716544;0.9999850017615944;1.0000000809106013;0.9999996048191513;1.0000000807812834;1.000000098438637;1.0000000721224422;0.9999650585252412;0.9999450556445263;0.9999136372013451;0.9999998146068197;1.000180852353846;1.0002001678374908;0.9999522024859832;0.9999255648517446;0.9999776315993558;0.9947586383859379;0.9927313905781041;0.9904667431096459;0.9893952215580498;0.9999674845591107;0.9886948280278917;0.9884681250173107;0.9884448415154043;0.9880197896010048;0.9877760461050556;1.0000000683393246;0.9999723752497234;0.9999472254560997;0.9999818879059227;0.9999990406837801;1.024999976158142;
2016-01-19 13:45:00;0.9999327567495476;0.9998593212011924;1.0000001035993098;0.9999406483537517;0.9999804772390778;0.9999480303540218;1.000198918446583;1.0000000825651487;0.9999291684070833;1.0000000749290716;0.999949330520308;1.0000000797328716;1.0000000764965236;0.999979216243408;1.0000000832844298;0.9999993758569767;1.0000000831298321;1.000000106308467;1.0000000721843028;0.9999504981106565;0.9999283874217189;0.999877878181139;0.9999997571162094;1.0001850160223669;1.0002051036720543;0.9999359257522855;0.9998957217024902;0.9999684651890589;0.9949918610143108;0.993036892549475;0.9908119825727327;0.9897469897668508;0.999952312369024;0.9891050215695727;0.9889135823071431;0.9887654103477774;0.9883286073228361;0.9880692759566446;1.0000000675260554;0.9999594975799068;0.9999307721230991;0.9999733428461971;0.999998770681378;1.024999976158142;
2016-01-19 14:00:00;0.9999259806133524;0.9998489487851702;1.0000000968248597;0.9999359438723817;0.9999806091268896;0.9999455486097155;1.0002022428398463;1.000000076982262;0.9999304818254977;1.0000000695867184;0.9999462088880973;1.000000071772523;1.0000000693505973;0.9999773138399454;1.0000000778312117;0.9999990696634484;1.0000000776639397;1.000000099326993;1.0000000670074702;0.9999488795559437;0.9999205833311877;0.9998729272714932;0.9999996380009312;1.000187918060386;1.000208790359631;0.9999300205064274;0.9998907366699389;0.9999667659514081;0.995503069804399;0.9937962555628583;0.9918942995299861;0.9910233464810996;0.9999515392154162;0.9903637492110897;0.9901696624904635;0.9903125297363264;0.9900739690767572;0.9900283538733563;1.0000000626675167;0.9999587814017332;0.9999235820619501;0.9999736490696733;0.999998395553735;1.024999976158142;
2016-01-19 14:15:00;0.999931811818922;0.999875128117884;1.0000000966836657;0.9999417941829732;0.9999847983369564;0.9999519976217575;1.0001957682927558;1.0000000781016554;0.9999444690722356;1.0000000705898124;0.9999534946159648;1.0000000704044416;1.0000000686471626;0.9999804180970874;1.0000000791448045;0.9999988120505968;1.000000078969119;1.0000000989357372;1.0000000680316852;0.9999554822579387;0.9999249951772894;0.9998941169650761;0.9999995489941369;1.0001817059484794;1.0002023570274277;0.9999346052539649;0.9999076706278442;0.9999707856980116;0.9952831956697018;0.9934790321927925;0.9914525691123858;0.9905100420487601;0.9999614865406875;0.98986488126999;0.9896703576941944;0.9896939210136495;0.9893772439970034;0.9891609936577774;1.0000000636782906;0.999967300740179;0.999927824513401;0.999978028623474;0.9999987425864502;1.024999976158142;
2016-01-19 14:30:00;0.9999490530204524;0.9998865702762729;1.0000000879049924;0.9999553327547009;0.9999850591229975;0.9999612083517164;1.0001939608488604;1.0000000721671323;0.999947271656757;1.0000000663139823;0.9999610107974173;1.0000000662749822;1.0000000648036491;0.9999834068548613;1.0000000728330516;0.9999995372054056;1.0000000726756175;1.0000000898685035;1.000000064242285;0.9999634732290589;0.9999468465168154;0.9999057740638599;0.9999998404869951;1.000180498713667;1.0001997832159528;0.9999526302400357;0.9999198355543285;0.9999762335612301;0.9955327135343875;0.993842683617355;0.9919313037435475;0.9910542561583238;0.9999628395251084;0.9904494163812508;0.9902758738102507;0.9902979059049493;0.9900142526106351;0.9898257217783863;1.0000000607639155;0.9999683402958012;0.9999488671784299;0.9999806484374739;0.9999987231177905;1.024999976158142;
2016-01-19 14:45:00;0.9999426698621715;0.9998875953199098;1.0000000833916252;0.9999505571940348;0.9999855396237671;0.9999581423878652;1.0001928647563052;1.0000000697199403;0.9999475194596705;1.000000064422756;0.999959153614972;1.0000000641190496;1.0000000628940935;0.9999829541384092;1.0000000703871865;0.9999992646865578;1.0000000702579352;1.0000000850928348;1.0000000625838663;0.9999606363187592;0.9999376931151559;0.999904054922291;0.9999997084102972;1.0001793212225942;1.000198965479276;0.999945306374562;0.9999171489972956;0.9999745412282955;0.9956625910391976;0.9940419056404333;0.9922150524288811;0.9913914205243589;0.9999639464424971;0.9908806205898292;0.9907101215499574;0.9906420713231819;0.9903868212725091;0.9902146283814383;1.0000000594637175;0.9999693728024515;0.9999400066932842;0.9999797952781369;0.9999989142128997;1.024999976158142;
2016-01-19 15:00:00;0.9999476160308336;0.9999025073510645;1.0000000793095498;0.9999536954195559;0.9999865465686231;0.9999603487502303;1.0001911721517993;1.0000000674288092;0.9999499149643563;1.0000000625311918;0.9999622955274647;1.0000000620959701;1.0000000610369013;0.9999848654878433;1.0000000680648014;0.999999121462305;1.0000000679736472;1.0000000807602252;1.0000000608906445;0.999962701205597;0.9999431845076402;0.9999130427353679;0.999999695817967;1.0001776064577421;1.0001972595024102;0.9999489891678383;0.9999249190844549;0.9999760947135534;0.9958016800208436;0.9942537910245346;0.9924999002527248;0.9917223313683767;0.9999671591326363;0.9912366473973098;0.9910798473502411;0.9910172454258787;0.9907679039395082;0.9905922365022329;1.0000000581119193;0.9999721854873778;0.9999448397969704;0.9999803803032979;0.9999993241823361;1.024999976158142;
2016-01-19 15:15:00;0.9999418893944442;0.9998819510499868;1.000000086728366;0.9999500847416476;0.9999848226190319;0.9999574752605186;1.0001923982147;1.0000000716494974;0.9999453682046247;1.000000065899432;0.9999581649385509;1.0000000641486892;1.0000000631860129;0.9999824018110719;1.000000072369426;0.9999994366195301;1.0000000722277467;1.0000000886309968;1.0000000638850817;0.9999597980819226;0.9999370104706673;0.9999000729727661;0.9999997524739157;1.000179023131616;1.00019838096444;0.9999449725336842;0.9999139664072889;0.9999740738366674;0.9955402377486331;0.9938658970635563;0.9919763293577123;0.9911176273050428;0.9999621379916925;0.9905909140060494;0.9904162622831643;0.9903323870823351;0.9900922148668975;0.9899035873673779;1.000000060453093;0.9999678087221631;0.9999394805661863;0.999979239074936;0.9999988019436001;1.024999976158142;
2016-01-19 15:30:00;0.9999282214106885;0.9998486216362122;1.0000000943022074;0.9999396716483817;0.9999828467220516;0.9999505008976404;1.0001958829091122;1.00000007559093;0.9999409517690021;1.0000000682536179;0.9999491018811734;1.000000065316081;1.0000000643138471;0.999977291347709;1.0000000766590749;0.9999990229351238;1.000000076437021;1.0000000965477898;1.0000000657366106;0.9999544698380227;0.9999233105492057;0.9998808369848422;0.9999996182551891;1.0001819694555374;1.0002022985633363;0.9999339764556189;0.9998971341467485;0.9999693506487244;0.9954708852519238;0.9938380285341601;0.991996669491611;0.9912030210368294;0.9999553120729056;0.99069013102068;0.9905188783426351;0.9904950727480407;0.9902717231176377;0.9901032172643819;1.0000000615023465;0.999961826772161;0.9999268981726089;0.9999780149034846;0.9999978315024464;1.024999976158142;
2016-01-19 15:45:00;0.9998948518158395;0.9998301600407353;1.0000001134074346;0.999916093928;0.9999827016747505;0.9999343445462396;1.000205423688658;1.0000000844408659;0.9999356965936098;1.0000000737575288;0.9999375578994228;1.0000000682120422;1.000000067134638;0.9999728383507204;1.0000000859899938;0.9999986734506568;1.0000000857334779;1.0000001171549935;1.000000070062389;0.9999386962121342;0.9998767200110245;0.9998578913439166;0.9999992283466904;1.000190869913055;1.0002130207083575;0.9998985942001607;0.9998725619661364;0.9999599381449509;0.9955340019601189;0.993903574854633;0.9920901475867836;0.9913020586464135;0.9999540382905879;0.9907792705987977;0.9905915637079342;0.9906082876820909;0.9903847780835577;0.9902157712098917;1.000000063751688;0.999961028138631;0.9998827196961633;0.9999725889217977;0.9999981412296027;1.024999976158142;
2016-01-19 16:00:00;0.9998271946921841;0.9997643365797851;1.0000001792060302;0.9998670563419443;0.9999790199285403;0.9998995312769212;1.0002252957649216;1.0000001156498342;0.9999167908844128;1.0000000931716317;0.9999090797766659;1.0000000784264456;1.0000000770830804;0.9999604279951999;1.0000001190538812;0.9999980760953295;1.0000001185924645;1.0000001876406872;1.0000000854252522;0.9999054904551985;0.9997876155860747;0.9997963977435619;0.9999985766450559;1.0002093851549179;1.0002350193354705;0.9998301165426371;0.9998121221901112;0.9999390381131643;0.995514099652495;0.993818817072697;0.9919353156050503;0.9910842253278305;0.9999422963259408;0.9904267325331129;0.9902302607626684;0.9903984442922644;0.9901728423461322;0.9900013959813141;1.0000000722623;0.9999513744224351;0.9997985396730427;0.999960489838019;0.9999978479863978;1.024999976158142;
2016-01-19 16:15:00;0.9998257052316045;0.9997447043147869;1.0000001861755543;0.9998669157801938;0.9999771422007488;0.9998989401380927;1.0002278131012252;1.0000001175489204;0.9999123893388502;1.0000000947212009;0.9999067013491851;1.0000000792623207;1.0000000778741132;0.9999585420511486;1.0000001208108098;0.9999986624680667;1.0000001202573263;1.0000001954682516;1.0000000866087415;0.9999044705514758;0.9997868865121173;0.9997852157799948;0.9999987283721117;1.000212197017205;1.0002372295886497;0.9998307676489963;0.9998033540404189;0.9999383305760512;0.9955271960516098;0.9938502238013402;0.9919718047312976;0.9911301339532288;0.999937023295723;0.9905324528087441;0.990348192391088;0.9904160656633996;0.9901791106240838;0.9899929059251221;1.0000000728653617;0.9999467406709516;0.9997985083624437;0.9999599164993068;0.9999972613557189;1.024999976158142;
2016-01-19 16:30:00;0.9998942743524374;0.999838147364325;1.0000001117278583;0.9999162584280872;0.9999827118947414;0.9999337181897046;1.000208904640816;1.000000081978248;0.9999334875401286;1.000000071756849;0.9999389572121319;1.000000066375157;1.0000000653264056;0.9999741867486025;1.000000083256437;0.9999991398764679;1.0000000830590203;1.000000115808073;1.0000000681463124;0.9999367841100173;0.9998730566504956;0.9998580734464294;0.9999992891519869;1.000194540579015;1.000216424487083;0.9998964645209967;0.9998721381792273;0.9999598857076174;0.9958417943081112;0.9942740435027436;0.992573230356499;0.9918121589957637;0.9999551170417362;0.9912138765191996;0.9910048700523688;0.9912059728908862;0.991029301261467;0.9909253981731906;1.0000000619723646;0.9999620908714907;0.9998791690639671;0.9999710161478526;0.9999986778488374;1.024999976158142;
2016-01-19 16:45:00;0.9998957250014273;0.9998377916791389;1.0000001106607397;0.9999168291571864;0.9999825270661826;0.9999340233729949;1.0002089119323438;1.0000000807498723;0.9999332605406942;1.000000070418929;0.9999389163329012;1.0000000642930247;1.000000063435224;0.9999740937705173;1.0000000820514354;0.9999990191402877;1.0000000818521142;1.0000001147187865;1.0000000668158189;0.999937381963351;0.9998758614265751;0.9998586577060564;0.9999992876746745;1.000194424346591;1.0002164397761744;0.9998981521028326;0.9998730401749331;0.9999600200043187;0.9960021547637764;0.994519463450499;0.9929075654913873;0.9922034040461248;0.9999546636335295;0.9916467100892612;0.9914512584382457;0.991644688739191;0.9915236770331017;0.9914744697407158;1.0000000607209352;0.999961678555216;0.999881738855349;0.9999711785372695;0.9999986122361788;1.024999976158142;
2016-01-19 17:00:00;0.9998827133388338;0.9998241524646989;1.0000001211161134;0.9999061685573029;0.9999809353128114;0.9999256878495764;1.0002150602927897;1.0000000845973813;0.9999261369091283;1.0000000720882483;0.9999321098089567;1.0000000637136837;1.000000062979987;0.9999714277033593;1.0000000861804499;0.9999987362795536;1.0000000859651432;1.000000126074801;1.000000067792855;0.9999295817929617;0.9998598761902616;0.9998445122157097;0.999999148014256;1.0001999949139655;1.0002230972851882;0.9998847142397187;0.9998598731860942;0.9999550754682293;0.9962364280322559;0.9948663150300608;0.9933848398984836;0.9927599181922928;0.9999506995654582;0.9922360058550797;0.9920499683065935;0.9922844667243347;0.9921862535865432;0.9921519758165396;1.000000060622708;0.999958394374031;0.9998663042666078;0.9999676088418396;0.999998647364913;1.024999976158142;
2016-01-19 17:15:00;0.9999185754117128;0.9998314221048308;1.0000000992985068;0.9999311502941087;0.9999793038413688;0.9999419685906166;1.0002044036524234;1.000000073811149;0.9999267836279699;1.0000000652641157;0.999942272905234;1.000000058553978;1.0000000582245154;0.9999749359645723;1.0000000747795186;0.9999993256500793;1.000000074557399;1.0000001026339216;1.0000000622814147;0.9999453702808448;0.9999116881229879;0.9998611753483603;0.9999996528280398;1.0001901942787632;1.0002109494191036;0.9999239286939503;0.9998803844162123;0.9999643617712599;0.9963296941703095;0.9949894438810245;0.993572425569514;0.9929756942091784;0.9999476058045863;0.9924061822709415;0.9922027816921675;0.9925689669201433;0.9925245440788915;0.9925123209459082;1.0000000574154086;0.9999553686047035;0.9999155900728436;0.9999723866542252;0.9999979936173694;1.024999976158142;
2016-01-19 17:30:00;0.9999413334427601;0.9998914505514535;1.0000000855432518;0.9999498054219496;0.9999850304613636;0.999956643989356;1.0001902203732616;1.00000006948902;0.999943825581789;1.0000000639985256;0.9999593887980677;1.000000059414969;1.0000000591983982;0.9999837362446762;1.0000000699118916;0.9999996823256035;1.0000000698421978;1.0000000877478574;1.0000000620262515;0.9999580568834838;0.9999338583315464;0.9999015544898918;0.9999997696634604;1.0001772301501328;1.0001960845363367;0.9999427278484566;0.9999146527343189;0.9999739109865027;0.9957406929415592;0.994180449595358;0.9924491509724236;0.9916923342542463;0.9999636883615421;0.9907810025635662;0.9905986826337505;0.9913056108363447;0.9912745702625737;0.9912655106497612;1.0000000586820592;0.9999692766690369;0.9999362706863233;0.9999778178424282;0.9999993586467988;1.024999976158142;
2016-01-19 17:45:00;0.999933491608476;0.9998535775262473;1.0000000983424395;0.999943654637885;0.99998219273334;0.9999522810883722;1.0001958602696952;1.0000000762709882;0.9999381492549976;1.0000000686770512;0.9999514175708085;1.0000000625447938;1.000000062204704;0.9999786105711658;1.0000000771078472;0.9999995374022886;1.0000000768866288;1.0000001011992814;1.0000000659347934;0.9999551931958193;0.99992915744702;0.9998820303914212;0.9999997725189801;1.000182336633109;1.000201895327552;0.9999388468796908;0.9998989383345501;0.99997054592386;0.9955261008815781;0.9938812931301468;0.9921077755479818;0.9913352085834797;0.9999546794888203;0.9904245261779999;0.9901980324181;0.9909270385525393;0.9908893608595748;0.9908799271175739;1.0000000613482163;0.9999613218232561;0.9999324334820111;0.9999772704105444;0.999998087370303;1.024999976158142;
2016-01-19 18:00:00;0.9999270014141154;0.9998305367816975;1.0000000929690318;0.9999367719233506;0.9999789085588112;0.9999458791805033;1.0001976326344724;1.0000000721424;0.9999275420157262;1.000000064859501;0.9999440280778963;1.0000000588191489;1.0000000585865674;0.9999753124208052;1.000000073055785;0.9999992738533555;1.0000000728079224;1.0000000955642847;1.0000000622997176;0.9999495778360316;0.9999248232403871;0.999864913038381;0.9999997409488222;1.000183744974827;1.0002037943873647;0.9999335726976727;0.9998851969411078;0.9999665096326712;0.9960261245545661;0.994575620711593;0.9929749316273312;0.9922846840975643;0.9999465038563528;0.9915052994839513;0.991329845214035;0.9918965985746835;0.9918679764319497;0.991858533348624;1.0000000581075812;0.9999542957675618;0.9999280757047571;0.9999739734731307;0.999997672870778;1.024999976158142;
2016-01-19 18:15:00;0.9998950277656142;0.9997911832829847;1.000000114307254;0.9999103631838083;0.9999738219337546;0.9999245215165886;1.0002082052020498;1.000000081864561;0.9999060655997768;1.0000000703124203;0.9999259846662998;1.000000060664298;1.000000060448959;0.9999683636891514;1.0000000833888079;0.9999987792840909;1.0000000830828941;1.0000001183452945;1.0000000664059605;0.999929119421228;0.9998859279365178;0.999824980475555;0.9999994580135697;1.0001933519015942;1.0002153498086568;0.9999007509140748;0.9998488685953542;0.9999538474944749;0.9961645957951942;0.9947163090079901;0.9931272176303793;0.9924159220257517;0.9999341476579597;0.9915788576141876;0.9913976090443368;0.9920391620588717;0.9920140765218239;0.9920042225228696;1.0000000600598895;0.9999439885737763;0.999890531101304;0.9999640554155895;0.9999977150710929;1.024999976158142;
2016-01-19 18:30:00;0.9998975799842309;0.9997936303092395;1.0000001161277707;0.9999151567272765;0.999976725691846;0.9999306311021626;1.0002102620362718;1.000000082522948;0.9999188114029048;1.000000070774289;0.9999302386577682;1.0000000608484703;1.000000060636978;0.9999688048871423;1.000000084160726;0.9999988940476576;1.0000000837842216;1.0000001202925413;1.0000000667402966;0.9999355969519262;0.9998879363593903;0.999835228350664;0.9999994575469673;1.0001953896365579;1.000217457465333;0.9999049678131419;0.9998569403489758;0.9999571298237692;0.9961965533942045;0.9947609434871997;0.9931950761846436;0.9924967225414085;0.9999394287800015;0.9916628016725301;0.9914769599579245;0.9921350709204597;0.9921128079433325;0.9921033625266878;1.0000000601833834;0.9999483219236542;0.9998933621714281;0.9999691100812418;0.9999971727971069;1.024999976158142;
2016-01-19 18:45:00;0.9998824926493611;0.9997687858566947;1.0000001290496647;0.9999012345014826;0.9999725027999015;0.9999181962593079;1.0002157918163086;1.0000000871196018;0.9999022422254211;1.000000072790069;0.9999193849031446;1.000000060617085;1.0000000604276673;0.9999647485931032;1.0000000889563745;0.9999986343059042;1.0000000885692342;1.0000001342822704;1.0000000679420964;0.9999236619391642;0.9998713938809579;0.9998100961690606;0.9999993613225316;1.0002003652028533;1.0002233824041855;0.999889604084414;0.9998353186464648;0.9999497478291031;0.9964474473578242;0.9950964513967286;0.9936508279548611;0.9930081715510829;0.9999296926719479;0.9922415334669953;0.9920480122873238;0.9926748306227058;0.9926546665001977;0.9926455942479849;1.0000000601996721;0.9999401353380392;0.999877064725624;0.9999624119738375;0.9999971946898322;1.024999976158142;
2016-01-19 19:00:00;0.9998649376307354;0.9996932432493355;1.000000178769276;0.9998837075860768;0.9999629567113127;0.999901810657472;1.0002288146851768;1.000000108527373;0.9998735745284001;1.0000000852516977;0.9998991737565522;1.0000000653014076;1.0000000650184189;0.9999543521888952;1.0000001114838633;0.9999983935449244;1.0000001107453038;1.000000187210267;1.0000000773316857;0.9999095818328455;0.9998609462536814;0.9997591837606131;0.9999994337119477;1.0002121869944347;1.0002366617223097;0.9998776413474012;0.9997949151047767;0.9999389236380685;0.9964300231719011;0.9950832656491987;0.9936348829946237;0.9929996846273319;0.999904926876561;0.9922899970231742;0.9921019729175172;0.9926373936952259;0.9926158654118961;0.9926067935175525;1.000000064997258;0.9999187201133346;0.9998671780060258;0.9999544203499855;0.9999954913604301;1.024999976158142;
2016-01-19 19:15:00;0.9998695537384173;0.9997126396804649;1.000000161610134;0.9998844836777614;0.9999605415044739;0.9998984738437524;1.000224285278907;1.0000000995983722;0.999859501179047;1.000000079960501;0.9999000983415844;1.000000062756165;1.0000000625416883;0.9999575687002868;1.000000101571162;0.9999988678507497;1.0000001011111013;1.0000001695684033;1.0000000732055268;0.9999039003638046;0.9998642170439195;0.9997571990355959;0.9999995627894809;1.0002083352054776;1.0002316657043089;0.9998779568152405;0.99979392904449;0.9999378785733938;0.99655766237324;0.9952115340367068;0.9937859952058335;0.9931342256031586;0.9999029251419571;0.9923019362704651;0.9920993199176009;0.9928335701295237;0.9928130262523273;0.9928043624040608;1.0000000626472245;0.999917380281103;0.9998689959039446;0.9999482142212133;0.9999969719291277;1.024999976158142;
2016-01-19 19:30:00;0.9998710240706131;0.9997441741778106;1.0000001530377134;0.9998874535719179;0.9999653715154103;0.9999029846425922;1.0002229410118624;1.0000000960770004;0.9998738438599816;1.000000077585013;0.9999070505917388;1.000000061630491;1.0000000614401767;0.9999611081249368;1.0000000979974355;0.9999985887193014;1.0000000976352892;1.0000001603855082;1.000000071318826;0.9999082202074995;0.999860920103611;0.9997784763293729;0.9999993962888374;1.000206949801372;1.0002306701485022;0.9998768153673723;0.9998097508056528;0.9999409808248145;0.9966423707654776;0.9953542086363811;0.9939709019993275;0.9933525605624628;0.9999147933415201;0.9926174336692921;0.9924362215739315;0.993030119342134;0.9930087465503427;0.9929992925863409;1.0000000614718505;0.9999276575484501;0.9998657910053826;0.999951685374036;0.9999976819514824;1.024999976158142;
2016-01-19 19:45:00;0.9998563793084957;0.9997092244988611;1.0000001914632564;0.999878076917792;0.9999642670060005;0.9998975926899707;1.0002323574080487;1.0000001129332494;0.999873224906799;1.0000000878674062;0.9998996073055648;1.0000000659905208;1.0000000657424344;0.9999558372112197;1.0000001157534324;0.9999985465806203;1.0000001151256046;1.0000002014145866;1.0000000792300185;0.9999042720581134;0.9998447905290015;0.9997607159980677;0.9999993255811928;1.0002157514304295;1.0002405443770994;0.9998657133554139;0.9997937386038265;0.9999369980635956;0.9965618712873721;0.9952165626369303;0.9938006912933846;0.9931560257350257;0.9999093249116104;0.9923469895093441;0.9921386059975735;0.9928489602928218;0.9928291079044097;0.9928204439172564;1.0000000656893964;0.9999227799148098;0.9998514880943862;0.9999519046986797;0.9999964918918387;1.024999976158142;
2016-01-19 20:00:00;0.9998743446597224;0.9997729281336507;1.0000001425144198;0.9998925031495316;0.9999703485095705;0.9999093392527865;1.0002267876986948;1.0000000895406984;0.9998899330431016;1.000000072649217;0.9999149831007861;1.000000058327049;1.0000000581704531;0.9999645110299459;1.0000000913373253;0.9999984851194469;1.0000000910226843;1.0000001494534;1.000000066966774;0.9999143698220222;0.9998602601962577;0.999800580261547;0.9999992830623063;1.000210537524654;1.0002348667738457;0.9998784722657933;0.9998265915468443;0.9999450064394088;0.9973206292648957;0.9962245861461179;0.9951201732292781;0.9946048242475296;0.9999265660782476;0.993914651406905;0.9937121509609901;0.994389004039469;0.9943679606426731;0.9943580832144401;1.0000000581160702;0.9999377733912537;0.9998654179555617;0.9999562818863221;0.9999981351715388;1.024999976158142;
2016-01-19 20:15:00;0.9998968988041145;0.9997976326643208;1.0000001042101083;0.9999137186558904;0.9999760548842003;0.9999286101552752;1.0002153863758194;1.0000000731551428;0.9999148418824024;1.0000000632008992;0.999929628747572;1.0000000548825094;1.0000000547466767;0.9999692497218243;1.000000074360299;0.9999988860246193;1.0000000740963764;1.0000001082938996;1.0000000598214116;0.9999332326295836;0.9998866387811391;0.999833669805512;0.9999994453791797;1.0002001736035515;1.0002227241048411;0.999903111751661;0.9998556018780932;0.9999561546123469;0.997436809994243;0.9963775975425307;0.9953245216334891;0.9948278788372236;0.9999387453589441;0.9941407282173789;0.993935559003544;0.994634936593235;0.9946138879752915;0.9946040080963342;1.000000054494819;0.9999478448945895;0.9998917227471306;0.9999671906303671;0.9999975544318788;1.024999976158142;
2016-01-19 20:30:00;0.9999041838264967;0.9998158503180371;1.000000093091923;0.9999188410448747;0.9999786233911596;0.9999336799091935;1.0002112288668605;1.000000069276859;0.9999241111031875;1.000000060676355;0.9999342727527613;1.0000000538447908;1.0000000537296307;0.9999713264646272;1.0000000705450582;0.9999983117345975;1.0000000703224048;1.0000000960208342;1.00000005791085;0.9999390865095839;0.9998959568688801;0.9998499417883198;0.9999993478096344;1.000195792104061;1.0002187026882243;0.9999097720048985;0.9998694990962946;0.9999592597621992;0.9974626984722421;0.9964449067167719;0.9953979472996204;0.9949182920098862;0.9999448728198846;0.9942351028251417;0.9940612697192346;0.9947452943302135;0.9947252523738306;0.9947157820316247;1.0000000535446698;0.9999530526157171;0.9999002856032424;0.9999705612622986;0.9999976925461626;1.024999976158142;
2016-01-19 20:45:00;0.9999090370318257;0.999826632943756;1.0000000901499069;0.9999223007862227;0.9999791667388868;0.9999359318793155;1.0002100637613542;1.0000000681254;0.9999252657505876;1.000000060046215;0.9999371015377715;1.0000000536498033;1.0000000535390072;0.9999729630753459;1.000000069322157;0.9999983937902666;1.0000000691186437;1.0000000928449915;1.0000000574607808;0.999940892192634;0.9999012548693477;0.99985624317314;0.9999993883677716;1.0001947516149494;1.0002174074108188;0.9999137748600628;0.9998751402275027;0.9999607851841549;0.997434943702119;0.9963954183787431;0.9953649242151954;0.994890283651653;0.9999468837332682;0.9942211632413556;0.9940177637152489;0.9947143643402208;0.9946949304951879;0.9946862501875945;1.0000000533697566;0.999954815807621;0.9999051229711748;0.9999709236836709;0.9999980007507626;1.024999976158142;
2016-01-19 21:00:00;0.9998979956597035;0.9998163772602828;1.0000000937778102;0.9999130421215504;0.9999782118568599;0.9999290694119732;1.0002134222523427;1.0000000698826659;0.999920752938844;1.000000060712924;0.9999313003566961;1.0000000536867557;1.000000053569146;0.9999706706469645;1.000000071373253;0.9999979272006541;1.0000000711435186;1.0000000965904876;1.000000057864688;0.999934847982656;0.9998880618970013;0.9998460580644997;0.9999992186474924;1.000197557699146;1.0002212749578803;0.9999023464024177;0.9998654172348003;0.9999567055468183;0.9975819672824787;0.9966033557916557;0.9956272290804858;0.9951814401881579;0.999944297507012;0.9945529974833999;0.9943654800086585;0.995016210098372;0.9949961499185408;0.9949878462083219;1.000000053391271;0.9999526815320022;0.9998923009358153;0.9999684244647715;0.999997994676691;1.024999976158142;
2016-01-19 21:15:00;0.9999035597208616;0.9998357857837954;1.0000000886253555;0.9999171071205399;0.99998041813746;0.9999328252128261;1.0002105766040394;1.0000000676252945;0.9999275987657263;1.0000000593668956;0.9999358038253926;1.000000053084624;1.0000000529837543;0.9999729973118636;1.0000000689737893;0.9999976141228836;1.0000000687842896;1.00000009107537;1.0000000568350083;0.9999387628558283;0.9998939206701745;0.9998600481936082;0.9999991552287683;1.0001946425431327;1.0002185070481118;0.9999066343391563;0.9998770705602715;0.9999591641392414;0.9976161981076475;0.9966728432433606;0.9957161918979053;0.9952905609903188;0.9999500467426476;0.994702989098976;0.9945326651612301;0.995124296186012;0.9951045383221537;0.9950954436328653;1.0000000528554678;0.9999576390102891;0.9998975602672905;0.9999704986944472;0.9999983694025019;1.024999976158142;
2016-01-19 21:30:00;0.9999099006889589;0.999838435612012;1.000000086035742;0.9999234314708019;0.9999810305358885;0.9999377266048177;1.0002125767356926;1.0000000657894026;0.9999310474892672;1.0000000582328425;0.9999396532084631;1.0000000524500117;1.0000000523513473;0.9999741806831105;1.0000000669833164;0.9999981821953684;1.0000000667973639;1.000000088486987;1.0000000558749864;0.9999428514928606;0.9999008964583119;0.9998648652748885;0.9999993096481989;1.000196949343879;1.0002201742470687;0.9999137902421392;0.9998817194757407;0.9999619758337822;0.9978721694898135;0.9970242638753397;0.9961678881263876;0.9957894306981506;0.999951365864799;0.9952382028943293;0.995082765084783;0.9956612438246106;0.9956413350837613;0.9956326465032292;1.0000000521832846;0.9999586820197301;0.9999047127602341;0.9999724537316109;0.9999982183334301;1.024999976158142;
2016-01-19 21:45:00;0.9999058040471029;0.9998029462722867;1.0000000887819542;0.9999219911968119;0.9999780476393109;0.9999362471431297;1.000214946744495;1.0000000661450188;0.9999246184252626;1.0000000586076707;0.9999347373993327;1.0000000525970851;1.000000052481105;0.9999705136205156;1.0000000672231826;0.9999989871263744;1.0000000669801332;1.0000000916466922;1.0000000561230151;0.9999410257924897;0.9998980370468696;0.999845344913983;0.9999995118437037;1.0001998027457641;1.00022210269663;0.9999135074011332;0.9998661481253928;0.9999604380313498;0.9979122840360118;0.9970956504118226;0.9962752625863833;0.995924379749325;0.9999425755172388;0.9954180159153302;0.9952653703265207;0.9958023201880238;0.9957819521913553;0.9957732623819835;1.000000052256864;0.9999509334047028;0.999903130598398;0.9999718037296441;0.999997114609743;1.024999976158142;
2016-01-19 22:00:00;0.9999125811249815;0.9998144435029828;1.0000000877765767;0.99992562477056;0.9999779855572761;0.9999380575561138;1.0002131405048147;1.0000000659453898;0.9999236458069732;1.0000000585215882;0.9999370696024363;1.0000000526055315;1.0000000524917416;0.9999721299055151;1.0000000669887057;0.9999988488980268;1.0000000667597881;1.000000090499614;1.0000000560952846;0.9999427433751916;0.9999072385995661;0.9998517104576986;0.9999995453821491;1.0001979440531468;1.0002201794927783;0.9999193320415248;0.999872490307563;0.9999617238760219;0.9978018383496433;0.9969640095520604;0.996121307440895;0.9957717903747174;0.9999434650149657;0.9952517022191508;0.9950957854192266;0.995660924594369;0.9956405594944393;0.9956318709209342;1.000000052326473;0.9999517426811653;0.9999113415213919;0.9999716132702522;0.9999974678452427;1.024999976158142;
2016-01-19 22:15:00;0.9999329820796091;0.9998382150953207;1.0000000719934294;0.9999439489094033;0.999982125983666;0.9999537061902533;1.0002058419382358;1.000000059039245;0.9999414046406953;1.0000000547000776;0.9999498186003424;1.0000000512777067;1.0000000511750546;0.9999765818763592;1.0000000597272027;0.999999349323448;1.0000000595292524;1.000000073589108;1.000000053237167;0.9999576570213815;0.9999311437840604;0.9998790926305516;0.9999997438014423;1.0001914733008137;1.0002121858945336;0.9999409571918537;0.9998969073228953;0.9999708763502726;0.997940294312627;0.997158117749288;0.9963769455871727;0.9960571389431203;0.9999528094106948;0.9955833722828246;0.9954341045312101;0.9959542530124372;0.9959333281698105;0.9959242258924279;1.0000000509454392;0.9999595027316586;0.9999348933208766;0.9999795816631775;0.9999972134470407;1.024999976158142;
2016-01-19 22:30:00;0.9999367967963483;0.9998685530388618;1.0000000676797247;0.9999467260251401;0.9999864772617802;0.99995790875601;1.0002024350125207;1.000000058078703;0.9999549214201989;1.0000000539950795;0.9999555596076563;1.0000000510551896;1.0000000509671738;0.9999795460740221;1.0000000589162241;0.9999984660436303;1.0000000587542464;1.0000000687010602;1.0000000527467738;0.9999628417609123;0.9999339719052986;0.9999015592924619;0.9999995096233117;1.0001876000163659;1.000209269855622;0.9999425699503071;0.9999146562171634;0.9999736990133768;0.9978747750565047;0.9970681030577748;0.9962670013636441;0.9959378665841715;0.9999634086802405;0.9954538380847356;0.9952968743211349;0.9958295510171105;0.9958090307345084;0.9957995500557404;1.0000000507680915;0.9999686461953572;0.9999370532704278;0.9999832754193541;0.9999977618580624;1.024999976158142;
2016-01-19 22:45:00;0.9999506584996002;0.9998801516597801;1.0000000625966787;0.9999590484749418;0.9999872633161886;0.9999666210534829;1.0001956147564968;1.0000000553211992;0.9999588333327828;1.000000052766427;0.9999632211294534;1.0000000507696334;1.000000050687854;0.9999826696978024;1.0000000557237003;0.99999946478677;1.0000000556084017;1.0000000634871402;1.0000000518941834;0.9999697294666731;0.9999493712217731;0.99991200337706;0.999999803392905;1.0001820025945418;1.000201529809019;0.9999568337406578;0.999924849911166;0.9999789245762553;0.9977785529135559;0.9969257826204689;0.9960883734585181;0.9957357011020882;0.9999659188100535;0.9952017501557323;0.9950295832222188;0.9956300956163339;0.9956096339442008;0.9956005346288807;1.000000050492768;0.999970717907464;0.999952243734452;0.9999857677093471;0.9999978429088625;1.024999976158142;
2016-01-19 23:00:00;0.9999498014313464;0.999878321374308;1.0000000617787963;0.9999586344915654;0.9999875675112159;0.9999667724071096;1.0001956797399385;1.0000000549564618;0.9999603878165739;1.0000000524957955;0.9999629513299473;1.000000050611698;1.0000000505340385;0.9999823226953181;1.0000000553680748;0.9999993681999242;1.000000055257673;1.0000000626021528;1.0000000516692507;0.9999701679147911;0.9999485249514269;0.9999121991419052;0.9999997740878628;1.0001819906376772;1.0002016679698384;0.9999563294598731;0.9999248571152015;0.9999789326011055;0.9978934957043897;0.9970642619121818;0.9962562030650755;0.9959059829879747;0.9999662530441813;0.9953776636824848;0.9952061401425887;0.9957998012260219;0.9957796522706296;0.9957709624789722;1.000000050341534;0.9999709716931877;0.9999515398638171;0.9999863797672119;0.9999977053103388;1.024999976158142;
2016-01-19 23:15:00;0.9999559936805734;0.999893839178475;1.000000061334742;0.9999634909300794;0.9999887564621284;0.9999702954669221;1.000195759724079;1.0000000548198038;0.9999636140205842;1.0000000524360724;0.9999673249860754;1.0000000506236688;1.0000000505449187;0.9999846130909492;1.0000000552191513;0.999999512776058;1.0000000551156984;1.0000000621228895;1.0000000516358099;0.999973092104318;0.9999547656145114;0.9999220053791984;0.9999998244463991;1.0001821662546395;1.0002016282636161;0.9999614430835247;0.9999333353767128;0.9999812521065551;0.9978496258529493;0.9970252467564564;0.9962138584592463;0.9958740610166122;0.9999698797876303;0.9953591232227379;0.9951939112345525;0.9957726374859852;0.9957520326644689;0.9957433431144836;1.0000000503429207;0.9999741236256927;0.9999573195460038;0.9999873869406933;0.9999980972535146;1.024999976158142;
2016-01-19 23:30:00;1.0002572087417372;1.0002073988534503;1.0003090181070609;1.000264940776299;1.0002987162138246;1.0002731725587923;1.0004989844610717;1.000306029590421;1.0002732199031592;1.0003051770713092;1.0002745892146105;1.0003048943380861;1.000304889075749;1.0002901923836058;1.0003062491273216;1.0003051341503126;1.0003062050837588;1.0003094263529877;1.0003050105624813;1.0002790771156083;1.0002546016043068;1.0002316817596455;1.0003058026404468;1.0004851084750943;1.0005052346895662;1.000262549525664;1.0002418156951574;1.000285292482203;0.9983251577079921;0.9975465955833757;0.996791094023409;0.996466903586215;1.0002807117985533;0.9959842622258539;0.995821353198589;0.9963642341175036;0.9963443518361267;0.996335510237671;1.0003048788270879;1.0002848530320732;1.000257451809909;1.000295406777877;1.0003032052256962;1.024999976158142;
2016-01-19 23:45:00;1.0002684342209927;1.0002222195169872;1.0003067854185577;1.0002748621732633;1.0002984168796882;1.0002810059651708;1.0004951974150789;1.0003052415225264;1.0002791751674134;1.0003049206439785;1.0002801817323128;1.0003048864178117;1.0003048910711427;1.0002926521527096;1.0003053342922903;1.0003047102244194;1.0003053116923692;1.0003070181094835;1.00030488171825;1.0002847415232832;1.0002669758960248;1.0002449596365197;1.0003050663226771;1.0004819197916626;1.000500958313838;1.000273237308327;1.000253469246861;1.0002898450506539;0.9983421440076187;0.9975752397338014;0.9968452794152234;0.9965368400576093;1.00028365450682;0.9960683079748262;0.9958983684806876;0.9964455362139165;0.9964257433286441;0.9964172989424895;1.0003049142578846;1.000286947114636;1.000269319594041;1.000296870785692;1.000303310066063;1.024999976158142;
2016-01-20 00:00:00;1.0002689913300047;1.0002305666522735;1.0003059027224441;1.0002757367415716;1.000297986724585;1.0002813308948812;1.000492569210391;1.0003049702692974;1.0002784488042686;1.0003048780287345;1.0002812624346615;1.0003049518180935;1.0003049637028418;1.000293848778541;1.0003050037503047;1.0003046595150364;1.0003049952617415;1.0003060739955256;1.0003048987619936;1.0002836661210812;1.0002654055333386;1.000247182004763;1.0003047833388161;1.0004797202256597;1.0004981630827199;1.0002722836356535;1.0002547938396178;1.0002902570726466;0.9983770070626611;0.997639636044747;0.9969222224255054;0.9966269522939397;1.000284720621829;0.9962052337130095;0.9960521701585221;0.9965212375323735;0.9965006880063972;0.9964918416536713;1.0003050135416574;1.000287818469385;1.0002676492429587;1.0002955093490822;1.0003038048172166;1.024999976158142;
2016-01-20 00:15:00;1.0002633142437385;1.000217064442968;1.000305615659169;1.0002696466248815;1.000295873838661;1.0002762584071516;1.0004956911989296;1.0003048905284968;1.0002721329546944;1.000304953613531;1.0002755500531466;1.0003052066120237;1.0003052311584493;1.0002915026364525;1.0003049110705207;1.0003040794937141;1.0003049059986222;1.0003057557297335;1.0003050486952416;1.000279410007568;1.0002611521614186;1.0002369263859248;1.000304596177565;1.0004822333825507;1.0005016132329279;1.0002670047196793;1.0002463063217315;1.0002871332059435;0.9986710734039572;0.9980547651275679;0.9974547847912739;0.9972209719325841;1.0002798426343225;0.9969009042328364;0.9967731385918988;0.9971277800195663;0.9971076452988782;0.9970987862420256;1.0003053147342786;1.0002835947034423;1.0002632109814122;1.0002931454841633;1.0003038426970665;1.024999976158142;
2016-01-20 00:30:00;1.0002686645402017;1.0002277300080489;1.000305770998931;1.0002744296138688;1.0002972063722644;1.0002800417661166;1.00049456629142;1.0003049277414067;1.0002762602491346;1.000304896839285;1.0002796465964303;1.000305048066772;1.0003050661674284;1.000293249792617;1.0003049587471535;1.0003043560831337;1.0003049515584033;1.000305925172422;1.0003049500833465;1.0002827814614013;1.000266505271534;1.0002451226949427;1.0003047057349976;1.0004813517795001;1.000500304240833;1.000272035684116;1.000253403849484;1.0002894613745417;0.9985276557785058;0.9978661710767576;0.9972158977278346;0.996963041387311;1.0002830965589111;0.9966141971647934;0.9964812409144406;0.9968641104770858;0.996843030060792;0.9968338076621931;1.000305132091498;1.0002864018447928;1.0002684293571102;1.0002947919288152;1.0003038510878697;1.024999976158142;
2016-01-20 00:45:00;1.0002651675844272;1.0002271521325667;1.000305834552753;1.000271857434175;1.0002972522293414;1.0002781561690182;1.0004957085481883;1.0003049239891293;1.0002753879438557;1.000304903908979;1.0002785482718055;1.0003050860635194;1.0003051047349194;1.0002929509311422;1.0003049540397984;1.0003043159443785;1.0003049474446952;1.000306008628185;1.0003049667460167;1.0002808954267042;1.00026141835048;1.0002429215735078;1.0003046576675947;1.0004824237552157;1.0005015776420716;1.0002680924069502;1.0002509662631776;1.000288413100458;0.9985938180997581;0.9979427118605396;0.9973121558806302;0.997061091725713;1.0002831580611007;0.9967105955725296;0.9965733882997345;0.9969656782255761;0.9969457653665597;0.9969369101694355;1.000305176114372;1.0002865176797637;1.0002635490301883;1.000294033425542;1.0003040012447615;1.024999976158142;
2016-01-20 01:00:00;1.0002688154535668;1.0002379972274293;1.0003052191940487;1.0002745308809127;1.0002974483664353;1.000280142895656;1.0004942880191359;1.0003048919516513;1.0002769880429638;1.0003050995254583;1.0002806680258263;1.0003054337367685;1.0003054615455516;1.000294527998751;1.0003048823072418;1.0003042426039048;1.000304883593815;1.0003053191132116;1.000305232709635;1.0002821072655603;1.000264985932835;1.0002492621467836;1.000304601898968;1.0004811066701447;1.0005000904601486;1.0002705786524881;1.000256288603463;1.000289834973096;0.9987272181357197;0.9981465725540868;0.9975642124740547;0.9973449660320267;1.0002851893949587;0.9970577034049859;0.9969486756248851;0.9972487929186735;0.9972288915289304;0.9972204296250614;1.0003055528589204;1.0002882010513736;1.0002666576487569;1.000294018613891;1.0003046675586953;1.024999976158142;
2016-01-20 01:15:00;1.000279067473955;1.0002563150308874;1.0003048882672332;1.0002836237939154;1.0002997211768379;1.0002880603915172;1.0004903873784383;1.000305044949277;1.0002867037446643;1.0003053274854299;1.000287646388842;1.0003056011404905;1.000305633097858;1.0002975625064172;1.0003050119129888;1.0003045245235722;1.0003050174420811;1.0003049034566596;1.0003054605552233;1.0002892943514259;1.0002762148448296;1.0002660311972584;1.0003048019972487;1.0004775734384839;1.0004959200010033;1.00028049335946;1.0002707421319506;1.0002946753285893;0.9986740557566399;0.9980786693159135;0.9974772035900873;0.997250772372139;1.0002912431782727;0.9969636048025541;0.9968547011599458;0.9971449554799432;0.9971221699784725;0.9971133089779131;1.000305747825969;1.0002932559498336;1.000277504424144;1.0002976945491582;1.0003049446964218;1.024999976158142;
2016-01-20 01:30:00;1.0002765216608216;1.000253190281667;1.0003048924883957;1.0002813156941628;1.000299256235847;1.0002861709858721;1.0004911055501842;1.0003050473639226;1.0002847360809843;1.0003053535634703;1.0002859910419901;1.000305663720212;1.0003056955741918;1.0002969738155085;1.0003050115585983;1.000304421101766;1.0003050171888068;1.0003049105410526;1.000305497844162;1.0002875556436406;1.0002733388996548;1.0002627651216458;1.0003047677029546;1.0004781726394896;1.0004967389969812;1.0002778319384922;1.0002678187654892;1.000293570800842;0.9987207643338308;0.9981275340351047;0.9975385617141854;0.997310017889446;1.0002901355474465;0.9970077833350492;0.9968924199893932;0.9972116735795753;0.9971899391525264;0.997181477033956;1.0003058107123322;1.0002923327384778;1.0002746616659353;1.0002968153732616;1.0003050168207763;1.024999976158142;
2016-01-20 01:45:00;1.000278238546144;1.0002583768453912;1.0003049140455416;1.000282071160246;1.0002992511288789;1.0002862927447298;1.000490110979001;1.0003049968886302;1.0002839241306258;1.0003052684942024;1.000286782821142;1.0003055542939034;1.0003055848966176;1.0002976046438927;1.0003049689619197;1.0003043566217495;1.0003049728835944;1.0003049405290916;1.0003053999004838;1.0002875792416817;1.0002753506496846;1.000264777126421;1.0003047319346507;1.0004772087740768;1.0004957025176284;1.0002789405037462;1.0002697073006672;1.000293742347474;0.9986506042823259;0.9980432382890737;0.9974317750394494;0.997198953337939;1.0002906085809022;0.9969043726160864;0.9967919145262428;0.9970896790641428;0.9970668910055792;0.9970584311376719;1.0003056870547833;1.0002927870059655;1.000276349280032;1.00029640258596;1.000305125110828;1.024999976158142;
2016-01-20 02:00:00;1.0002763405629074;1.0002617529841538;1.0003051251079949;1.0002820563951025;1.0003006882007281;1.0002875421599682;1.0004925313169573;1.0003057925111525;1.000288298289281;1.0003063407793638;1.0002878065057135;1.000306774618191;1.000306820798431;1.0002986857345275;1.0003057087987888;1.000305099387242;1.000305718930092;1.000305077007644;1.0003065577141257;1.0002882604932541;1.0002710066138607;1.0002677348220965;1.0003054221155774;1.0004795980052266;1.0004982814434795;1.0002765348495182;1.0002712506163156;1.000294911273074;0.9990654257689634;0.9986366897351521;0.998156075150456;0.9979929450695063;1.000293487494402;0.9978303681594622;0.9977834982568783;0.9978864441202807;0.9978572620463877;0.9978387360184535;1.0003070003795616;1.0002952793411535;1.0002723987680253;1.000297640345075;1.000306384519004;1.024999976158142;
2016-01-20 02:15:00;1.000269954617843;1.0002461710307375;1.0003048783548252;1.000275584483187;1.0002978181723319;1.000281180657952;1.0004932257080705;1.0003052018805427;1.0002783773107733;1.0003056511716255;1.0002818993963198;1.000306101692352;1.000306141893384;1.0002959282926924;1.0003051518634618;1.0003044792930365;1.0003051577530067;1.0003048871857358;1.0003058525797235;1.0002823612583989;1.0002650865513685;1.0002534212572531;1.000304852988984;1.000480145906318;1.000499034717491;1.0002705319259497;1.0002594166774674;1.0002908209635373;0.9989247738180741;0.998447648056517;0.9979152912612224;0.997730551909884;1.0002870900757035;0.9975431681596488;0.9974893592549037;0.9976121807805476;0.9975803070441062;0.9975600570885435;1.0003062820778654;1.0002898209490763;1.0002665220634137;1.000293916381664;1.0003056220296687;1.024999976158142;
2016-01-20 02:30:00;1.0002822894874503;1.0002631942915392;1.0003050282883323;1.0002857574317905;1.0003004177345645;1.0002899114392212;1.0004893906288859;1.0003054943219885;1.0002887601820625;1.0003059090509032;1.0002892824453928;1.0003062192812033;1.0003062614048575;1.0002988194183788;1.0003054281139598;1.0003047612932545;1.0003054384597714;1.0003049990443196;1.0003060726259665;1.000291067416456;1.0002803159883196;1.0002712907358;1.000305201747439;1.0004765164716152;1.0004949378208245;1.0002832189104063;1.0002754141644394;1.0002960639561471;0.9988330892427859;0.998339564692463;0.99779165530923;0.9976097887183465;1.000292985858307;0.997415564769041;0.9973580940541543;0.9974999189197239;0.997467876814356;0.997446718479628;1.0003063974996675;1.0002947653073622;1.0002811859836556;1.0002985517962133;1.0003056801476828;1.024999976158142;
2016-01-20 02:45:00;1.0002845293212959;1.0002567317862927;1.0003049977587484;1.0002867870393313;1.0002987900703084;1.0002895899026192;1.000490601063332;1.000305563678998;1.0002837397435977;1.000306023818875;1.0002882396591908;1.0003064109622708;1.000306458264032;1.0002984847009448;1.0003055056819936;1.0003050635257866;1.0003055176603457;1.000304964429034;1.0003062154640232;1.0002903773330338;1.0002844472954298;1.0002662378395362;1.0003053808445888;1.0004777952936943;1.0004959363804802;1.0002859730000624;1.00027214072433;1.0002958557445052;0.9988984005699515;0.9984096812997125;0.9978701522253028;0.9976808675091825;1.000289447505207;0.9974845995851036;0.997425668360139;0.9975625033969419;0.9975299262098009;0.9975089805964128;1.0003065907000315;1.0002917089107242;1.0002850636446483;1.000297348367208;1.0003057767288936;1.024999976158142;
2016-01-20 03:00:00;1.0002811027261171;1.0002459815198044;1.0003049025382125;1.0002834879817737;1.0002970752968499;1.0002863225103586;1.0004918624126569;1.0003053916624354;1.0002780602159713;1.0003058468571144;1.0002848258223813;1.0003062865503187;1.0003063306092492;1.000296932620686;1.000305344492975;1.0003049321799624;1.0003053547149807;1.0003048866628237;1.0003060461144948;1.0002872272887686;1.0002813756883335;1.0002573200680502;1.0003052304131899;1.0004789833203367;1.0004972053658572;1.0002829853892925;1.0002648346934335;1.0002937746822635;0.9988974801861361;0.9984140978471453;0.997880159032485;0.9976972432558623;1.0002854527180653;0.9975093196288081;0.9974512272389747;0.9975816720172122;0.9975505555907981;0.9975306040172617;1.0003064421077759;1.0002882848503467;1.0002820868593656;1.0002953830678687;1.0003055258898876;1.024999976158142;
2016-01-20 03:15:00;1.0002882388086853;1.0002685732986083;1.0003054781891634;1.0002908710467255;1.0003013542482457;1.0002939157605755;1.0004893420972119;1.000306103753091;1.0002916029265176;1.000306559049428;1.0002925979605708;1.000306852227272;1.0003069014617016;1.0003005132893188;1.0003060254013858;1.0003055807309487;1.0003060391676344;1.000305428099027;1.000306730453093;1.0002945836931716;1.0002873478976986;1.000276881852848;1.0003058846547452;1.0004766633642543;1.0004946717392305;1.0002893496660286;1.0002807576296369;1.0002986873703823;0.9989639768234521;0.9985076569010078;0.9979950535038671;0.9978220781615983;1.0002947293687414;0.9976447571216696;0.997595575501079;0.9977125196557195;0.9976821036738522;0.9976623738431876;1.000307058820594;1.000296276223856;1.000288025631234;1.0003003182856276;1.0003063030750579;1.024999976158142;
2016-01-20 03:30:00;1.0002777849469906;1.0002469222137786;1.000304908824185;1.000281180257078;1.0002976325230009;1.0002851559337116;1.000493756408255;1.000305437814002;1.0002794485126905;1.0003059870584756;1.000284110610136;1.0003065087262175;1.0003065558639248;1.0002967472019657;1.0003053688038295;1.0003047713153854;1.0003053797916384;1.0003048909176184;1.0003062197448134;1.000286259362062;1.000276600225153;1.000257485322988;1.000305174722731;1.000480646639611;1.0004993395694166;1.0002792704908305;1.0002642481413508;1.0002931617268747;0.9990220355416551;0.9985684151819337;0.9980629362279663;0.9978832671675835;1.0002865918552661;0.9977047604934277;0.9976531586888949;0.9977655936062344;0.9977343837766671;0.9977144244488305;1.0003066904375537;1.0002892895300493;1.0002775045185535;1.00029539760393;1.0003058029910499;1.024999976158142;
2016-01-20 03:45:00;1.0002825880648314;1.0002563121654549;1.0003049789161829;1.0002850570439539;1.0002987602154827;1.000288385692382;1.0004933048866111;1.000305566032792;1.0002833168581997;1.0003061225387213;1.0002872856769611;1.0003066221653094;1.0003066692111722;1.0002982174318849;1.0003054902102793;1.0003048964477612;1.0003055021780747;1.0003049484566275;1.000306347952731;1.0002893479597659;1.0002820887121422;1.0002652540879156;1.000305317974378;1.000480215902297;1.0004988258302154;1.0002837791812709;1.0002710459449895;1.0002951946516718;0.9990275492659313;0.9986003935059934;0.9981058587652575;0.9979441364221031;1.0002893900423289;0.9977936759273492;0.9977573813518186;0.997831237937311;0.9978008143221351;0.9977810797446317;1.0003067926587481;1.0002916797578132;1.0002827035526949;1.0002969407914584;1.0003060271411148;1.024999976158142;
2016-01-20 04:00:00;1.0002905289542252;1.0002707997660216;1.0003058090858596;1.000292174548863;1.0003010532917544;1.0002942501149585;1.0004901462981017;1.0003065821984904;1.0002892469505191;1.0003071026030739;1.0002931651977853;1.000307438173814;1.000307495868432;1.000301443990861;1.00030650295736;1.0003061696023219;1.0003065171485048;1.0003057430887627;1.0003072970521818;1.0002944407389474;1.0002901643355897;1.0002766446256026;1.00030640983526;1.0004775231111505;1.0004953687055278;1.0002911775600427;1.0002810319251294;1.0002992018418915;0.9990919413453264;0.9986751933546514;0.9981999537823473;0.9980391107825569;1.0002941524820614;0.9978853365742812;0.9978451266633009;0.9979296481677502;0.9978981867517995;0.997878077692931;1.0003076607540966;1.0002958651612632;1.0002905219714249;1.0002997423203426;1.0003070628151542;1.024999976158142;
2016-01-20 04:15:00;1.0002810603039873;1.000249854676297;1.0003048930236222;1.000283242224273;1.000296848857789;1.00028563560743;1.000494203193854;1.0003054852976032;1.0002761351739735;1.0003060363013256;1.0002850233951033;1.0003066197132944;1.0003066664181743;1.0002975954635458;1.0003054415547172;1.0003051291943168;1.0003054504094384;1.0003048797190182;1.000306281764867;1.000286017284195;1.0002804458172976;1.0002571037326113;1.0003053403900029;1.0004812790358453;1.0004995627055813;1.0002820606933254;1.0002645388015765;1.0002936008600394;0.9990374962807403;0.9986048077957413;0.998109631248658;0.9979427302413972;1.0002855434461546;0.9977915348379501;0.9977509503026738;0.9978234289358003;0.9977923001776138;0.9977720412982805;1.0003067722030707;1.0002884346572367;1.000281010435269;1.000294322029039;1.0003061415850207;1.024999976158142;
2016-01-20 04:30:00;1.000281963174514;1.0002537290980704;1.0003050648670986;1.0002845946043042;1.0002978907091007;1.0002873118680187;1.0004923974097755;1.0003057898409529;1.0002795248347385;1.0003063301390263;1.000286544767904;1.0003068129462727;1.0003068618931765;1.0002983577858382;1.000305735446526;1.0003054129731161;1.0003057447158192;1.0003050162723544;1.0003065537976426;1.0002875942217333;1.0002807795790563;1.000260978841646;1.0003056188316313;1.000479612498057;1.0004977393263252;1.000282858639862;1.0002675456804917;1.0002947193031209;0.999033479190358;0.9986036516635514;0.9981122995034698;0.9979495300210405;1.0002876496060116;0.9977938852251755;0.9977532175895452;0.9978387760951171;0.997806821838514;0.9977857912645428;1.0003069908476883;1.000290244639506;1.0002814410688738;1.000295574492075;1.0003063381052233;1.024999976158142;
2016-01-20 04:45:00;1.0002716094927169;1.0002357859793567;1.0003048784156021;1.0002765464847698;1.000297501177452;1.0002825019735007;1.0004960574926276;1.0003052269815074;1.0002800177710558;1.0003057948995577;1.0002807808071073;1.0003063724163184;1.0003064219626314;1.0002945559543668;1.0003051470148565;1.0003042101601805;1.0003051607887972;1.0003048854907326;1.0003060463764695;1.0002846917080823;1.0002701870392021;1.0002521974848022;1.00030484884723;1.0004825289743309;1.000501969292747;1.0002741564210598;1.0002592414081382;1.0002912630464822;0.9990778733180051;0.9986476191589304;0.9981569999997091;0.9979852932736142;1.0002852197456917;0.9978242307135863;0.9977827162859679;0.9978663233372916;0.9978347403946816;0.9978140788391173;1.000306568611642;1.0002880503507554;1.0002715917868303;1.0002955713473314;1.0003052604690208;1.024999976158142;
2016-01-20 05:00:00;1.0002807225605193;1.000245911718851;1.0003048860265316;1.0002836446752945;1.0002974453810969;1.0002868238987341;1.0004951973076361;1.0003054152535948;1.0002796196826798;1.0003059578477072;1.0002851372680932;1.0003065022278417;1.0003065535648894;1.0002969303790759;1.0003053547752192;1.0003049589762802;1.0003053689991592;1.0003048779409711;1.000306201827418;1.0002877267243644;1.0002806144599512;1.0002581641159076;1.0003052368641545;1.0004821278664577;1.0005006418085591;1.0002827667903078;1.0002653532834425;1.0002940631783879;0.999051933858658;0.9986248421167079;0.9981343906427179;0.9979699379647173;1.000286114072812;0.9978133353908836;0.9977743936856656;0.9978575937496074;0.9978259048476394;0.9978057991240593;1.0003066941003471;1.0002888298478867;1.000281485554043;1.0002959151467272;1.0003056776310424;1.024999976158142;
2016-01-20 05:15:00;1.0002806657733252;1.0002326697891677;1.0003049381671227;1.0002847151726348;1.0002973154648138;1.0002884649872898;1.000493942108506;1.0003055338737987;1.0002818560488584;1.0003060392491143;1.000284353534468;1.0003064850555559;1.000306540695905;1.0002955664583244;1.0003054596845111;1.0003051951334823;1.0003054822055513;1.0003049128563308;1.0003062652622459;1.0002897438807694;1.0002819533876794;1.0002548637027027;1.0003053935138568;1.000481044284196;1.0004992464277394;1.0002848933745099;1.000262935311431;1.0002946638521912;0.9990128276599749;0.998563681681743;0.998050567176027;0.9978707069120797;1.0002844129393669;0.9976927574980309;0.9976500638990049;0.9977523975349502;0.9977174036383195;0.9976929966612953;1.000306711766118;1.0002872074161429;1.0002833858389448;1.0002977248706397;1.0003049772131745;1.024999976158142;
2016-01-20 05:30:00;1.0002677268904212;1.0001952040747604;1.0003051113648214;1.0002740840680309;1.0002938993451236;1.0002797482077173;1.0004997642116638;1.000305006059148;1.0002712269913525;1.0003054339563813;1.0002743465414252;1.0003059791906164;1.0003060337655532;1.0002898551451225;1.0003049645118958;1.0003046120134431;1.0003049768064354;1.0003052064716096;1.0003056740631946;1.0002824969728288;1.0002696749559201;1.0002298091257373;1.000304854478705;1.0004863885463442;1.0005053218164535;1.000274742576743;1.0002418966178979;1.0002887445029092;0.9990626173045019;0.998624836242824;0.99811389034189;0.9979308830307665;1.0002744331782494;0.9977774316008617;0.997742971536566;0.9977916468262692;0.9977562746539341;0.9977342784881965;1.000306202673238;1.0002786104347603;1.0002720980342978;1.0002945812470587;1.000303615705448;1.024999976158142;
2016-01-20 05:45:00;1.0002667087925607;1.0002044101141523;1.0003052599975442;1.000272764617141;1.0002946786228606;1.0002786948650375;1.0004987240811007;1.000304908710378;1.000271853313613;1.0003052113630186;1.0002750172877626;1.0003056365649228;1.000305684799306;1.000290545804701;1.0003048887416879;1.000304314284343;1.000304892844863;1.000305368285893;1.0003053997636242;1.0002816653586721;1.0002674406247247;1.0002333756297441;1.0003046977684527;1.0004852403257345;1.0005044420420968;1.0002724555023177;1.0002443880318506;1.0002882769469654;0.9989390725623019;0.9984628619740976;0.9979112274587835;0.9977136557690802;1.0002766429722036;0.9975472085149646;0.9975069779717465;0.9975638753747474;0.9975262951672168;0.9975050812931754;1.0003058370129057;1.000280625420308;1.0002696376206015;1.0002941572315782;1.000303659138187;1.024999976158142;
2016-01-20 06:00:00;1.00027270022536;1.0002310762792108;1.0003060181978107;1.0002779805494886;1.0002984662822827;1.0002834543650267;1.0004910783496714;1.0003050424637772;1.0002813677287623;1.0003048792312803;1.000282210937543;1.0003049187521544;1.000304930149939;1.0002938147458738;1.0003051073712343;1.0003044413323658;1.0003050919079892;1.0003061594235332;1.0003048847863265;1.0002866504118295;1.000271994220832;1.0002514884871891;1.0003048593676132;1.0004780191561444;1.0004967004657503;1.000276844104311;1.0002591416026034;1.000291360213633;0.9983046100317098;0.9975811567310345;0.9967375823404356;0.9963916268099103;1.0002852924243326;0.9960698215480471;0.9960124552863445;0.9961500977261565;0.9961134039334039;0.996092767330381;1.0003049753076778;1.0002882257179686;1.0002738823207493;1.000297262667259;1.0003035059667036;1.024999976158142;
2016-01-20 06:15:00;0.9999428262985901;0.9998767448336909;1.0000000708511074;0.9999486521865699;0.9999833155548505;0.9999554797737658;1.0002011554424417;1.0000000588531943;0.9999406194352107;1.000000054485585;0.9999557215034863;1.0000000511644571;1.0000000510639406;0.999981433164333;1.0000000594307155;0.9999990380068622;1.0000000593274798;1.000000072327243;1.0000000531004951;0.9999586226916944;0.9999412894632969;0.9998963123665024;0.9999997178896002;1.0001868024980618;1.0002074519426754;0.9999462642251423;0.9999118378655699;0.9999728107781884;0.9978333580662921;0.997076059749765;0.9961842604320105;0.9958353714293703;0.9999587796199914;0.9955083104943322;0.995453975338559;0.995593519581192;0.995554327919762;0.9955327072692266;1.0000000509402363;0.9999649148083138;0.9999430880480527;0.9999779672227883;0.9999986933353492;1.024999976158142;
2016-01-20 06:30:00;0.9999339688248103;0.999879007823034;1.0000000714790658;0.9999389517723762;0.999983841546573;0.9999490917921157;1.0002023626886598;1.0000000602400083;0.9999408778725961;1.0000000548809296;0.9999505750136817;1.0000000514681913;1.0000000513043137;0.9999797700572695;1.0000000612433342;0.9999975002532081;1.0000000611366937;1.000000072603562;1.0000000533765017;0.9999547054477627;0.999932817083131;0.9998963394034931;0.9999993382622046;1.0001866922009492;1.000209648663573;0.9999361077511424;0.9999107815902704;0.9999691167464162;0.9978225553237701;0.9970767916035728;0.9962018601346929;0.9958714184591679;0.9999597844734853;0.9956075619160057;0.9955518786232791;0.9956109997481002;0.995554576229841;0.9955286975387562;1.0000000510416345;0.9999658694246687;0.9999339828789935;0.9999768793909282;0.9999988522167232;1.024999976158142;
2016-01-20 06:45:00;0.9999316847122596;0.9998742930333167;1.0000000714424633;0.9999394682836742;0.9999843813368616;0.9999501916383015;1.0002041095431629;1.0000000599759618;0.9999433559948376;1.0000000550425296;0.9999512843437772;1.000000052535229;1.00000005216269;0.9999795817049194;1.0000000608249577;0.9999980179093737;1.0000000607165997;1.0000000727187293;1.0000000535737954;0.9999550754917131;0.9999278778699731;0.9998944424323021;0.9999994011008773;1.000188802886809;1.0002112650632415;0.999934489840718;0.9999084613251631;0.9999696594858263;0.9977362940956553;0.9969235960549405;0.9959586781154008;0.9955630432183278;0.9999604513704485;0.9952980838116834;0.9952450135656329;0.9952164532253336;0.9951160503868391;0.9950750679255579;1.0000000512513318;0.9999663984043453;0.999929972121102;0.9999777489435998;0.9999986565315265;1.024999976158142;
2016-01-20 07:00:00;0.9999179204925783;0.9998709278349281;1.0000000816081818;0.9999293065342756;0.9999841386082299;0.999942705109939;1.0002061219443341;1.0000000659506487;0.9999393929421927;1.0000000590475877;0.9999466455597339;1.000000055753357;1.0000000551658124;0.9999782648008408;1.0000000671703493;0.9999978948072328;1.0000000670367832;1.0000000833846217;1.0000000569624434;0.999947455400753;0.9999080765571515;0.9998852199077793;0.9999992422260632;1.0001906988766114;1.000213714663224;0.9999190420087279;0.9998984486735144;0.9999654551253472;0.997087136454561;0.996041335649588;0.9948442109876824;0.9943477015616847;0.9999600764848472;0.9939973214526691;0.9938994527329554;0.9939249504733846;0.9938126506954462;0.9937773302271924;1.000000053569486;0.999966270438822;0.9999109559523262;0.999974532417349;0.9999990597985269;1.024999976158142;
2016-01-20 07:15:00;0.9999353234739877;0.9998628540603743;1.000000079453929;0.9999447146732041;0.9999841538502607;0.9999544737565185;1.0001983775589462;1.0000000656161858;0.99994542750083;1.0000000600110084;0.9999531397263933;1.0000000576395822;1.0000000569688474;0.9999792276295405;1.0000000665138322;0.9999988737440652;1.0000000663448991;1.0000000810725413;1.0000000581719044;0.9999584696063633;0.9999320403966616;0.9998918899905508;0.9999996179930833;1.0001841409320789;1.0002048480448038;0.9999404596235653;0.9999069523608541;0.9999718342268348;0.9964783312241987;0.995250313271735;0.9937739715149735;0.9931622007691646;0.9999588993753232;0.9928297134234474;0.9927617117863988;0.9925735500275432;0.992365018074106;0.9922043433342573;1.0000000551366541;0.9999648929810497;0.9999349690219936;0.9999797576368659;0.9999980443251243;1.024999976158142;
2016-01-20 07:30:00;0.9998974718684146;0.9997331874374388;1.0000001360855402;0.9999132267261011;0.9999733630130043;0.9999309083688053;1.0002273044467924;1.00000009341534;0.9999187965172862;1.0000000765233645;0.9999205267308077;1.0000000692129167;1.0000000673177103;0.9999603738483722;1.0000000967416556;0.9999978048124415;1.0000000958795092;1.0000001403728351;1.000000071017285;0.9999406644035705;0.9999020591195011;0.9998170422242156;0.9999994346884201;1.0002101639155856;1.000235113205003;0.9999140766640926;0.9998451642904264;0.9999554762287854;0.9963770088223167;0.9950719218755846;0.9934864196017996;0.9928032767575828;0.99992633321732;0.9924466915466053;0.9923853809405669;0.9921359254911865;0.9918560112106103;0.9916939997358686;1.000000062364882;0.9999364055988779;0.9999077978871971;0.9999736467836413;0.9999942378509957;1.024999976158142;
2016-01-20 07:45:00;0.9999349648366129;0.999839040556142;1.0000000865338496;0.9999434766695694;0.9999818902513232;0.999953246939663;1.0002044693748395;1.0000000703033411;0.9999410512028909;1.0000000634274009;0.9999487591989522;1.0000000636838375;1.0000000620099652;0.999976216814537;1.0000000715209714;0.9999987173923487;1.0000000712496848;1.0000000882648519;1.000000061182105;0.999958382626406;0.9999364370032161;0.9998810811756359;0.999999667203725;1.0001896038841502;1.0002110190184446;0.99994304223744;0.9998993211215592;0.9999705613267057;0.996210315068086;0.9948685742179042;0.9932372249107153;0.9925419053466354;0.9999522195754221;0.9922339200159588;0.9921717600077092;0.9918251261728893;0.9915174050933959;0.9913366097877975;1.000000057521629;0.9999589732752318;0.9999394167417265;0.9999797679966479;0.9999971402879321;1.024999976158142;
2016-01-20 08:00:00;0.9999470615223273;0.9998756433285214;1.0000000830746631;0.9999525356554249;0.999983783827762;0.9999588543967238;1.0002016914666336;1.0000000685790376;0.9999439108722971;1.0000000628274635;0.9999575872203564;1.000000065107655;1.0000000630901384;0.9999816819022501;1.0000000693450126;0.9999991743107278;1.0000000691867517;1.0000000847850643;1.000000060892471;0.9999620370599607;0.999947175242813;0.9998996200126281;0.9999997899955625;1.0001873684842495;1.0002078565983372;0.9999515759217668;0.9999152000035356;0.9999746403097363;0.9960830944387236;0.9946976977301223;0.9930210288764828;0.9923061957612557;0.999959355049767;0.9919570513233155;0.9918877415234887;0.9915915085820842;0.9912626500615642;0.9910973763270919;1.0000000577051094;0.9999653011285539;0.99994901380475;0.9999799048309659;0.9999983873134104;1.024999976158142;
2016-01-20 08:15:00;0.9999370659733355;0.9998509075346904;1.0000001053857686;0.9999437690474964;0.9999797957488119;0.9999502931044546;1.000204212380482;1.0000000810161347;0.9999293637034019;1.000000072303636;0.9999495518375897;1.000000072546717;1.0000000702616305;0.9999784288263718;1.00000008192608;0.9999994527312447;1.0000000816963037;1.000000108435329;1.0000000692183935;0.999953228196922;0.9999363268213396;0.9998769755944108;0.9999998461992725;1.0001899564319912;1.000210329079626;0.9999421481484668;0.9998962418883803;0.9999694637477001;0.9954017588437688;0.9936958222992207;0.9917296981702208;0.9908451299153079;0.9999500251469621;0.9904013003177108;0.9902504933713254;0.989968800711938;0.9896247937809435;0.9894226241855444;1.0000000641191282;0.9999573839062028;0.9999386088198472;0.9999746298889245;0.9999982480599373;1.024999976158142;
2016-01-20 08:30:00;0.9999037837487613;0.9997905003760735;1.000000136403282;0.9999084150612407;0.9999648491870631;0.9999143896947947;1.000216472294601;1.0000000923878376;0.9998693922851476;1.000000077845839;0.9999197136156798;1.0000000727531695;1.0000000704680319;0.9999691740579492;1.0000000933681867;0.9999991028586322;1.0000000932199715;1.000000142239208;1.0000000728359342;0.9999171904293164;0.9999020806152986;0.9998035647160902;0.9999997723771655;1.0002010941530017;1.0002231360958154;0.9999059805105959;0.9998352168685563;0.9999486909178037;0.9958047733753329;0.9942706662710475;0.9924333756112144;0.9916190524876237;0.9999181516324681;0.9912921283709335;0.9912025032815747;0.9907565421627516;0.9904148441323107;0.9902208041110353;1.000000064807981;0.9999307061701724;0.999903399854977;0.999951271061223;0.9999991516882929;1.024999976158142;
2016-01-20 08:45:00;0.9999202704883826;0.9998291245372781;1.0000001353867083;0.9999245906625049;0.9999720752494548;0.9999303667925377;1.0002157430763674;1.000000094210861;0.9998964918558529;1.0000000801641848;0.9999345396840639;1.0000000775885791;1.0000000747221962;0.999974553812181;1.0000000951990269;0.9999990890755758;1.0000000950476062;1.0000001407650707;1.0000000752962683;0.9999332217111526;0.999918754218158;0.9998416107530355;0.9999997751511763;1.0002003923855378;1.0002223879745902;0.9999223767838269;0.9998668238957716;0.9999581773788553;0.9954916239571645;0.9938036632821955;0.9918044130527626;0.990891580166214;0.9999345303129678;0.9905055216881247;0.9903921186095682;0.9899381279188645;0.9895886246722332;0.9894170522380115;1.0000000674070564;0.9999445520079586;0.9999199915437247;0.9999612410663448;0.9999991914442324;1.024999976158142;
2016-01-20 09:00:00;0.999938471522686;0.9998606942393835;1.000000110980517;0.9999415060022359;0.999977143804288;0.9999452904454683;1.0002063032543198;1.0000000832863627;0.9999159435144547;1.0000000738857964;0.9999478867311583;1.0000000744669584;1.0000000718615323;0.999979762484339;1.0000000838465122;0.9999994927081999;1.000000083738818;1.00000011465997;1.0000000705453145;0.9999472249709299;0.9999380704687321;0.9998718804457795;0.9999998991419282;1.0001918964124217;1.000212359162949;0.9999405448005079;0.9998927577412621;0.9999671148439423;0.9953856077196964;0.993647103033635;0.9916558791049248;0.9907449037057122;0.9999464598466691;0.9902800901477566;0.9901181834694985;0.989847708983478;0.9895072465553799;0.98933667307362;1.0000000650559726;0.9999546149835926;0.9999390220644934;0.9999689701830357;0.9999992802355585;1.024999976158142;
2016-01-20 09:15:00;0.9999506551853378;0.9998940695804321;1.0000000901887858;0.9999543214931665;0.9999832122763666;0.9999580702677296;1.0001980265214139;1.000000073281495;0.9999378826567257;1.0000000673300502;0.9999601842081709;1.0000000703207845;1.0000000679676453;0.9999845390127876;1.000000073662808;0.9999996305813045;1.0000000735944934;1.0000000924360013;1.0000000652059933;0.9999594820051976;0.9999486248752829;0.9999025111025341;0.9999998934314326;1.0001843283243803;1.0002038390074146;0.9999520720791754;0.9999176955215395;0.9999748260382472;0.995523764686607;0.9938272406874179;0.9918800909735763;0.9909819542853754;0.9999604457045382;0.990542328682556;0.9903869882172048;0.9900846642279948;0.9897263109997145;0.9895313478164449;1.0000000616542057;0.9999664917998408;0.9999497087083243;0.9999767108503914;0.9999994673982899;1.024999976158142;
2016-01-20 09:30:00;0.9999570368259657;0.9999003167843934;1.0000000855618802;0.9999608797657092;0.9999859083496435;0.9999651032000618;1.0001957146514566;1.0000000721097955;0.9999499645957046;1.000000066984508;0.9999650099567158;1.0000000724068665;1.0000000696458617;0.999985499883373;1.0000000726264044;0.9999995190997959;1.000000072512856;1.0000000872418477;1.0000000651686067;0.9999671105313709;0.9999566773029036;0.9999155498787095;0.9999998885644669;1.0001820556157117;1.0002014826161865;0.9999598938565538;0.9999288281900278;0.9999787168911547;0.9954172067029057;0.9936567545790381;0.991631886731211;0.9906809276270824;0.9999655837597372;0.9902174363859011;0.9900592116389831;0.9897295060978449;0.989343642986531;0.9891430596345513;1.0000000621050493;0.9999707016077451;0.9999579448769077;0.9999818441329374;0.9999989940148285;1.024999976158142;
2016-01-20 09:45:00;0.99995532618868;0.999901236231662;1.0000000895516945;0.9999607693663379;0.9999871240162098;0.999966128104853;1.000194122810484;1.0000000765311217;0.9999545438256027;1.000000071363064;0.9999658008831808;1.0000000788432977;1.0000000755544292;0.9999855005177535;1.000000077133679;0.9999995032777833;1.0000000770042072;1.000000091151005;1.0000000695201123;0.9999682507720086;0.9999534697328997;0.9999182044324973;0.9999998480761392;1.0001805887818394;1.000199952164517;0.9999584037376975;0.9999303318780793;0.9999792603577387;0.9949303353239599;0.9929705481450098;0.9907600842496399;0.9897139824106594;0.9999678614876243;0.9891074689978812;0.9889024235954341;0.9887333922751305;0.988343595056093;0.9881546716475355;1.0000000663519373;0.9999726204556098;0.9999551969335599;0.9999832968436043;0.9999988785519054;1.024999976158142;
2016-01-20 10:00:00;0.9999546086591079;0.9998901645484314;1.0000000925545802;0.9999603415073292;0.9999865256833977;0.9999660827822914;1.0001930770055367;1.000000078891409;0.999954293498262;1.0000000734033292;0.9999641354910012;1.000000080690886;1.0000000773752622;0.9999841247269088;1.0000000795569812;0.9999994680175373;1.0000000794020738;1.000000094192106;1.0000000714481074;0.9999687158183632;0.9999543141410312;0.9999140011462018;0.999999863350643;1.0001795644327944;1.0001988504387813;0.9999591821391981;0.9999272017669907;0.9999789509939137;0.994732024002742;0.992720313950964;0.9904548103583776;0.9893961142356225;0.9999655978234039;0.9888384567536705;0.9886256415332387;0.988365367329883;0.9879621784456082;0.9877488959344978;1.0000000681055703;0.9999705742308219;0.9999562776672742;0.9999838840445803;0.9999984096913331;1.024999976158142;
2016-01-20 10:15:00;0.9999474152471081;0.9998529952988215;1.000000086405596;0.9999544538540486;0.9999827085717166;0.9999608148758212;1.0001964878411844;1.0000000731162189;0.9999441080706745;1.0000000681336372;0.9999558928866819;1.0000000741435096;1.0000000712492203;0.9999795791057124;1.0000000736443622;0.9999996375215235;1.0000000735010166;1.0000000880502216;1.0000000663340916;0.9999640285465276;0.999949477513192;0.99989107947793;0.9999999282698788;1.000182861445317;1.0002021821004299;0.9999551354255263;0.9999087923330677;0.9999752496471083;0.9952430714509982;0.993461546164896;0.9914542632071559;0.9905430444320079;0.9999551217104131;0.9900487115116641;0.9898608481041806;0.9896656853566178;0.9892776470884701;0.9890759370858032;1.0000000632937844;0.9999614458477099;0.9999521634446161;0.9999815380161508;0.9999974306119476;1.024999976158142;
2016-01-20 10:30:00;0.9998921398467728;0.9996959474719419;1.0000001938367036;0.9999073117486328;0.9999646465615903;0.9999204150012885;1.000232733070264;1.0000001225486805;0.9998869133949535;1.0000000997799021;0.9999110957316767;1.0000000953167623;1.000000090579885;0.9999572842395904;1.000000125231164;0.9999994970249861;1.000000124245469;1.000000202504075;1.0000000913913585;0.9999273097944588;0.9998970920150624;0.9997781404286649;0.9999999045569129;1.0002165126157365;1.0002395966058226;0.9999094036462715;0.9998146008836792;0.9999493188096458;0.9951519845691761;0.993282009270158;0.9911399458909803;0.9901361715421121;0.9999075669622026;0.9896286844444716;0.9894548449627895;0.9891443882073545;0.9887010431940246;0.9884786451583804;1.0000000779056337;0.9999205043090501;0.9999030099696166;0.999963082431378;0.999994361144663;1.024999976158142;
2016-01-20 10:45:00;0.9998573931446096;0.9996702386393499;1.0000002615962564;0.9998704234558599;0.9999509606991271;0.9998818256447776;1.0002384192956735;1.000000151050554;0.9998238592295614;1.0000001177537494;0.9998853073587991;1.000000101921778;1.0000000974181584;0.9999522946392291;1.0000001532747358;0.9999994761794346;1.0000001526068372;1.0000002761988813;1.0000001055697139;0.9998864344472436;0.9998542770062728;0.9997136364363599;0.9999998152489409;1.000221886072372;1.0002457006266554;0.9998661609379125;0.9997593080255583;0.9999280089759257;0.9950057011173515;0.9930409283133181;0.9908074034921387;0.9897386824140717;0.9998818397785246;0.989018918263719;0.9888249499583485;0.9888052738761929;0.9883885856950647;0.9881642782678255;1.000000086070521;0.9998995436390989;0.9998586574160689;0.9999358508465895;0.9999970620514823;1.024999976158142;
2016-01-20 11:00:00;0.9998925661931441;0.9997683751128579;1.0000001784997807;0.9999077904065486;0.9999700441305529;0.9999204613283206;1.000221920800576;1.0000001191510275;0.9998937999155112;1.0000000997944183;0.9999212869295824;1.000000098347508;1.0000000936833087;0.9999660126486699;1.0000001208959959;0.9999994205508873;1.00000012040746;1.000000186213288;1.0000000926722585;0.9999245191959697;0.9998851379065475;0.9998072273039151;0.9999996803247446;1.000206567662334;1.0002289916653144;0.9998998809697542;0.9998351956543952;0.9999512016156001;0.9946926644843522;0.9925871640314488;0.9901486647337412;0.9889590897036076;0.999925176140266;0.9882186988886168;0.9880407034865514;0.9878786491892518;0.9874343622917121;0.9872051683873616;1.000000080854214;0.9999362812479587;0.9998899869364808;0.9999605648646969;0.9999973716829981;1.024999976158142;
2016-01-20 11:15:00;0.9998721402405613;0.9996632889325875;1.0000002443850107;0.9998923440529256;0.9999619205813276;0.9999091381638121;1.0002436412183828;1.000000144161851;0.999877265702186;1.000000112846248;0.9999006780600215;1.0000000990067393;1.0000000945932093;0.999951976782709;1.000000147896571;0.999999472045834;1.000000146566479;1.000000256568351;1.0000001013098612;0.9999168631058323;0.9998732427742388;0.9997530561403412;0.9999998069077688;1.000226753989434;1.0002510717785547;0.9998908329943814;0.9997919313231036;0.9999422358672434;0.9952774040720773;0.9934053064671543;0.9912674601770749;0.9902391796926675;0.9998996744895724;0.9896095879712159;0.9894311042868786;0.9892981285460526;0.9889125690559798;0.9887168774602098;1.000000082883398;0.9999137728578982;0.9998806960148671;0.9999589338245582;0.9999938374367411;1.024999976158142;
2016-01-20 11:30:00;0.9999288808671917;0.999835135269136;1.000000103619888;0.9999386555160643;0.9999795112265061;0.9999474591649236;1.000209809265811;1.000000079744462;0.9999295430681145;1.0000000711917147;0.9999457779708363;1.0000000734907482;1.0000000707104368;0.9999760449135977;1.0000000808129337;0.9999993996253279;1.0000000805187592;1.000000106549073;1.0000000681514476;0.9999509162061254;0.9999264035771817;0.9998684253983101;0.999999774333633;1.0001951788662948;1.0002162443376619;0.9999352898124537;0.9998881295465827;0.9999674873686595;0.9956571345767659;0.9939980007359324;0.9921049726598093;0.9912291258851472;0.999948026014322;0.9906904157781173;0.9905311025627958;0.9904292435438031;0.9900910850661382;0.9899416017690504;1.0000000631186046;0.9999555995744029;0.999929664902464;0.9999746707178833;0.9999977398638977;1.024999976158142;
2016-01-20 11:45:00;0.9998964779419149;0.9998064073957452;1.0000001405775996;0.9999124629139974;0.9999748866673386;0.999925731266468;1.0002189349662483;1.000000096181994;0.9999073137822307;1.000000081571626;0.9999296412032459;1.000000078569008;1.0000000756997982;0.9999706448128513;1.0000000975293761;0.9999992738002944;1.0000000972774274;1.0000001465647324;1.0000000763635242;0.9999290246686677;0.9998839875266671;0.999830814609083;0.9999995346563294;1.000203783315032;1.0002262041190817;0.9999003543155753;0.9998530806267983;0.9999549335830544;0.9955581333437428;0.9938375313798206;0.991924257757179;0.9910314091014794;0.9999377931309338;0.9904403517190439;0.990241973677416;0.9902445868454017;0.9899064964503151;0.9897425200260418;1.0000000677223466;0.9999472554723954;0.9998886519386798;0.9999635677209291;0.9999983671995923;1.024999976158142;
2016-01-20 12:00:00;0.9998732576731592;0.9997929091326159;1.000000154960679;0.9998999012432397;0.9999781390598588;0.9999205742583864;1.0002242667571861;1.0000001058353503;0.9999182081030664;1.0000000895167092;0.9999253948726645;1.0000000907677997;1.0000000863822642;0.9999676365296736;1.0000001077245015;0.9999992042340432;1.0000001073706513;1.0000001616617484;1.0000000835802205;0.9999243897172636;0.9998495130112321;0.9998238892996474;0.9999992398806822;1.000208936266367;1.0002323836355809;0.9998776288957324;0.999842411948666;0.9999516108839253;0.9952248413994964;0.9933476463223957;0.9912381407383034;0.9902316221863563;0.999942752435788;0.9895726778746715;0.9893709868228292;0.9893396147971069;0.9889551191263408;0.9888089266200015;1.0000000734192598;0.9999514987740529;0.9998571490722497;0.9999653919689462;0.999997910731516;1.024999976158142;
2016-01-20 12:15:00;0.9998244249353486;0.9997467590172229;1.0000002461355133;0.9998596855526987;0.9999708968511287;0.999887321769481;1.000237114271131;1.000000149029176;0.9998843327073823;1.0000001177811424;0.9999002593231708;1.000000104295534;1.0000001001093783;0.9999587835831198;1.0000001520852668;0.9999987755438914;1.000000151721308;1.0000002596415185;1.0000001065088462;0.9998915665589241;0.9997873004147777;0.9997669007882459;0.9999988677743402;1.0002208304596958;1.0002465435174517;0.9998255466310338;0.9997897416866546;0.9999322554639807;0.9948670228457388;0.992838852949969;0.9905523521051628;0.989453515261042;0.9999263222468502;0.9885758269517105;0.9883629309888786;0.9885878195876248;0.9882618355276502;0.988130110650917;1.000000087442334;0.9999380235066124;0.999796873004246;0.9999488512091552;0.9999986841224378;1.024999976158142;
2016-01-20 12:30:00;0.9998649765590087;0.9997640049225572;1.0000001832984282;0.9998833233299338;0.9999665033584929;0.999899424316486;1.0002252965311667;1.0000001189715495;0.9998722289778866;1.0000000973312513;0.9999080531344263;1.0000000918158232;1.0000000879206292;0.9999634369535575;1.0000001209284863;0.9999987874967938;1.0000001206859297;1.0000001919611152;1.0000000897292225;0.9999031411111367;0.9998476066438828;0.9997810428329285;0.9999993275904867;1.0002093957086389;1.0002332938672605;0.9998667370305662;0.9998096941363541;0.9999396317733741;0.9950878053419612;0.9931503559186878;0.9909465702795696;0.9898870331968271;0.9999192771437674;0.9890809884385645;0.9888905483276694;0.9890247904721148;0.9886769860566196;0.9885379713739314;1.0000000770701118;0.9999318338899869;0.9998525914519056;0.9999487608056581;0.9999988865414524;1.024999976158142;
2016-01-20 12:45:00;0.9999119906916235;0.9998440892336352;1.00000013013361;0.9999212790963786;0.9999772729155926;0.9999319668789839;1.0002112127868767;1.0000000942527811;0.9999137447313097;1.00000008046837;0.9999372027108189;1.0000000791256418;1.0000000761802907;0.999975240849582;1.0000000957874104;0.9999984481903242;1.000000095616838;1.0000001346002636;1.0000000758710916;0.9999358099730009;0.999904094778645;0.9998557803427126;0.9999994590499087;1.0001957982011334;1.000218491871369;0.9999130916458308;0.9998754191222111;0.9999591700837531;0.995312841633166;0.9934870751154609;0.9914141865482776;0.9904309587039041;0.9999453976094159;0.9897442674765059;0.98956215558143;0.9895889345297675;0.9892346735041819;0.9890572290603167;1.0000000682543224;0.9999538660831918;0.9999064848131646;0.9999656947025155;0.9999992476113331;1.024999976158142;
2016-01-20 13:00:00;0.999915626039518;0.9998088733310037;1.0000001425734362;0.99992343964848;0.9999735131646993;0.9999325416061215;1.000211346930686;1.000000101775413;0.999906243228696;1.0000000866421468;0.9999327273745391;1.000000085582266;1.000000082104015;0.9999715894236876;1.0000001034699704;0.9999987997723855;1.000000103119401;1.000000147505058;1.000000081425177;0.9999370522737825;0.9999149748597049;0.9998397822203624;0.9999996867842191;1.0001960703967259;1.000218111763908;0.9999214021106805;0.9998647108647344;0.9999587106311645;0.9949190372850854;0.9929286490666756;0.9906867358594259;0.9896140763784937;0.9999348302908526;0.9887926111945343;0.9885823399908669;0.9887448529067066;0.9883573388369724;0.9881515545987356;1.0000000728585408;0.9999445002957154;0.999917520467002;0.9999658244843662;0.999997919342891;1.024999976158142;
2016-01-20 13:15:00;0.9999056314170724;0.9998150347138056;1.0000001489362118;0.99991715878297;0.9999741722880635;0.9999279432184881;1.0002131643961913;1.0000001040353919;0.9999048067711434;1.0000000885277205;0.9999315696584365;1.0000000873364447;1.0000000837249867;0.9999720161981754;1.0000001054230045;0.9999990658102313;1.000000105168939;1.0000001547917368;1.0000000830269786;0.9999313819373457;0.9998977079136252;0.9998362621733144;0.9999996037557669;1.0001981182647335;1.0002201536479107;0.9999090479990745;0.9998594079967957;0.9999563870666554;0.9949163198288425;0.9929152415273748;0.9906476453739987;0.989555867552373;0.9999371145000125;0.9887040453861832;0.988501752527765;0.9886818925833862;0.9883001625111082;0.9881091181183894;1.0000000738705157;0.999946682293294;0.9999010631471261;0.9999633456182884;0.9999985912811042;1.024999976158142;
2016-01-20 13:30:00;0.9997989382109025;0.999687221076286;1.0000002997888504;0.9998319157720817;0.9999596541624198;0.9998607202478107;1.0002467968986586;1.0000001693255416;0.9998429036152592;1.0000001266831566;0.9998755360316658;1.0000001022827734;1.0000000983983177;0.9999491965334252;1.0000001734769115;0.9999978067864919;1.0000001729933052;1.0000003169201466;1.0000001118880097;0.9998671071167247;0.9997658526828163;0.9997110468951778;0.9999987274212856;1.0002289894781953;1.0002569136651907;0.9998006679176268;0.9997441901175664;0.999916243027223;0.9953267496582504;0.99349595469623;0.9914546476725197;0.99049295787701;0.9999004252001424;0.989730886771382;0.989523589038153;0.9897311533552655;0.9894211657834984;0.9892948875289926;1.0000000878426778;0.9999160807133879;0.9997746918813004;0.9999337952414186;0.9999984297031203;1.024999976158142;
2016-01-20 13:45:00;0.9997309776930174;0.9996268155743772;1.0000004116491035;0.9997813215041663;0.9999565142056177;0.9998250054944062;1.0002581372139123;1.0000002195807467;0.9998253664580004;1.0000001557451264;0.9998468818980735;1.0000001126666207;1.0000001089142778;0.9999367221746401;1.0000002265493648;0.9999966480722622;1.0000002259338596;1.0000004363553394;1.0000001339393336;0.9998339559037082;0.9996776363997468;0.9996536798373827;0.9999979810135575;1.0002390599454007;1.0002704426534503;0.9997313599120846;0.9996872730181614;0.9998948182380066;0.9954364089254967;0.993648504061472;0.9916624181887653;0.9907320216426078;0.9998899469499375;0.9900862189899048;0.9898788188910482;0.9899325136750958;0.9896037247030568;0.9894206706201081;1.0000000986089277;0.9999075395194992;0.9996909008918693;0.9999219141657715;0.9999982390141041;1.024999976158142;
2016-01-20 14:00:00;0.9998040608560166;0.9996662892235296;1.0000003060641822;0.99982955251696;0.9999523081917511;0.9998535526373532;1.000248046801087;1.0000001717031055;0.9998171667935605;1.000000127418068;0.9998677395302127;1.0000001017470312;1.0000000978465646;0.9999470129807264;1.00000017590469;0.9999977390318914;1.0000001754363812;1.00000032358721;1.0000001121975186;0.99986001775034;0.9997799662662531;0.9996891765505672;0.9999989286987305;1.0002298955779387;1.0002577526991907;0.9998062322021192;0.9997297112632302;0.9999120281618606;0.9953968986838393;0.9935699862169604;0.9915545663269552;0.9905941118796076;0.9998850011495567;0.9898593482053608;0.9896381512247163;0.9898152975427263;0.9894866235755915;0.9893391533388511;1.0000000876644088;0.999902944857608;0.9997867664268952;0.9999262279324292;0.9999984949074523;1.024999976158142;
2016-01-20 14:15:00;0.9998657469567448;0.9997500225568334;1.0000002170009734;0.9998820853451493;0.9999645698211087;0.9998977381924127;1.0002307650045088;1.0000001328500294;0.9998675813151975;1.0000001049995315;0.9999050362952733;1.0000000925920414;1.000000088958713;0.9999613196646674;1.000000135279996;0.9999985207981325;1.000000134894066;1.000000227952366;1.0000000952623862;0.9999026857297322;0.9998531000695025;0.9997745712779247;0.9999993676517699;1.0002141858389417;1.0002388666095818;0.9998693796575356;0.9998057709094567;0.9999382430487881;0.9951960847881712;0.993285880358056;0.991132502752419;0.990092316855455;0.9999141105833513;0.9893232422825513;0.9891226468785337;0.9892306232231302;0.9888529498669467;0.988648160600251;1.0000000794549333;0.9999272950066219;0.9998577007095475;0.9999481603041193;0.999998367891415;1.024999976158142;
2016-01-20 14:30:00;0.999824614621277;0.9996876146992227;1.0000002559345063;0.9998502722948099;0.999956898449845;0.9998713943944526;1.0002393782577597;1.0000001475220304;0.9998370815873006;1.0000001138267411;0.999882043490078;1.0000000956946713;1.0000000920816543;0.9999519583754791;1.0000001502308054;0.9999988829200063;1.0000001498359388;1.000000270743015;1.000000101817831;0.9998759966616952;0.9998015888545184;0.9997155621381965;0.9999992168920071;1.0002227312581895;1.0002480667076394;0.9998284307332561;0.9997528051567035;0.9999224670745075;0.9953300763946781;0.9935016114503326;0.9914676005320413;0.9905085485269512;0.9998951923175784;0.9898355938316917;0.9896254587913773;0.9896893870628856;0.9893570520445015;0.989199724930495;1.0000000822601365;0.9999113918341247;0.999808809465329;0.9999350237766109;0.9999981416314923;1.024999976158142;
2016-01-20 14:45:00;0.9998712114555014;0.9998174458208672;1.0000001358212578;0.9998992496487574;0.9999823298268996;0.9999224747099581;1.0002140416656864;1.0000000970433336;0.9999306250525231;1.0000000828715703;0.9999292381144892;1.000000079288863;1.0000000768995483;0.9999698213408895;1.000000099045791;0.9999985012875919;1.0000000987963917;1.0000001410215966;1.0000000779429568;0.9999268923556687;0.9998435032794141;0.999840699407212;0.9999989742025537;1.0001989528063457;1.0002224925944203;0.999873268731614;0.9998544011114291;0.9999530776901713;0.9953127757496614;0.9934683518965995;0.991422787309721;0.9904473225930478;0.9999527289639242;0.9896884017768;0.9894723185711971;0.9896649870402093;0.989358589198173;0.9891851768287876;1.0000000693827749;0.9999601434976483;0.9998511551145064;0.999968189867389;0.9999984559179116;1.024999976158142;
2016-01-20 15:00:00;0.9999060147160153;0.9998558272192186;1.000000105500952;0.9999238711576556;0.9999852264273208;0.9999407267400384;1.0001986650654267;1.0000000825876814;0.9999440422226901;1.0000000730150431;0.999944224165128;1.0000000694154265;1.0000000681636076;0.9999761559474846;1.000000084189604;0.999998289033729;1.0000000839591037;1.0000001082610919;1.0000000698283578;0.9999452955923981;0.9998902971402002;0.9998774880263486;0.9999991992489883;1.0001841961075546;1.0002061652687302;0.9999084437124377;0.9998896886074757;0.9999639853881138;0.9953456098250134;0.9935613644626813;0.9915527856902946;0.9906170823940323;0.9999608135882001;0.9898788358999433;0.9896894744181691;0.9898736268361379;0.989606414282264;0.9893984949068753;1.0000000643409015;0.9999668371478396;0.9998951634756842;0.9999756249266112;0.9999985598731584;1.024999976158142;
2016-01-20 15:15:00;0.9999404956149968;0.999872964814116;1.0000000883170008;0.9999484878814603;0.9999845893255246;0.9999568737920073;1.0001939929426054;1.0000000721065743;0.9999463225153506;1.0000000656535142;0.999956101714104;1.0000000631377344;1.0000000622388698;0.9999808321786023;1.0000000730492375;0.999999030752317;1.000000072850181;1.0000000902322093;1.0000000634533281;0.99996036738385;0.9999377965886375;0.9998978770288972;0.9999996860895171;1.0001801524003273;1.0002001949769415;0.9999449333018483;0.9999124388324095;0.9999734247529075;0.9956885543478369;0.9940521905069047;0.9922245574680546;0.9913871952181303;0.9999606341845877;0.9907708870879799;0.9905875315639424;0.9906915866262905;0.9904644602469161;0.9902860399053371;1.0000000597719874;0.9999664121383826;0.9999402931326904;0.9999801133899358;0.9999983294217475;1.024999976158142;
2016-01-20 15:30:00;0.9999399613590344;0.999868788475018;1.0000000836969594;0.9999480371895848;0.9999839212278089;0.9999561885045263;1.0001942605544571;1.0000000688262143;0.9999441563329821;1.0000000629372183;0.9999552144344229;1.0000000606924033;1.0000000598710896;0.999980433258498;1.0000000697092688;0.9999991473391732;1.0000000695195848;1.0000000854516442;1.0000000609420743;0.9999595166453795;0.9999373996474631;0.9998945676767086;0.9999997150372295;1.0001804943845514;1.000200390634531;0.9999446435307019;0.9999098214140457;0.9999729848804902;0.9959785576788781;0.9944785844334528;0.9928005369156627;0.9920510705059109;0.9999590574853959;0.9915785065775968;0.991412182911446;0.9913744839257244;0.991134398745728;0.9909383373510792;1.00000005762273;0.9999650575556508;0.9999399641111074;0.9999794892954453;0.9999982670396473;1.024999976158142;
2016-01-20 15:45:00;0.9999341732611524;0.9998625745513886;1.0000000868699188;0.9999445738255991;0.9999846962335879;0.9999548892963602;1.0001929394592153;1.0000000716871946;0.9999474717734618;1.0000000653155685;0.9999534550261145;1.0000000629117012;1.0000000620427263;0.9999791871431521;1.000000072712867;0.999998930137156;1.0000000725202471;1.0000000886194278;1.000000063188976;0.999958850178696;0.9999298997591902;0.999892551341984;0.9999996114883304;1.0001791345485351;1.0001992882160802;0.9999394499930232;0.9999071067337942;0.9999720479533027;0.9956706165866369;0.9940412315351267;0.9922411657976034;0.9914271761852831;0.9999598728949706;0.9908133913028828;0.9906176872351444;0.990761004785488;0.9905372607822178;0.9903602949384225;1.0000000596081153;0.9999657127560312;0.999933132986521;0.9999803854509313;0.9999979853823314;1.024999976158142;
2016-01-20 16:00:00;0.9999408410032768;0.9998939589406997;1.0000000808883565;0.9999500461416868;0.9999866632940864;0.9999583316425197;1.0001893757393077;1.0000000678461267;0.9999504119200018;1.0000000627775505;0.9999603332241218;1.0000000610774913;1.0000000602970982;0.9999836573524735;1.0000000684781223;0.9999993173095294;1.000000068384345;1.0000000825593593;1.0000000610372142;0.9999605297869626;0.9999333377496168;0.9999072419498667;0.999999666823723;1.0001761624931473;1.0001954684197178;0.9999426645564172;0.9999189167428472;0.9999747851443744;0.9957994972328983;0.9942226749463968;0.9924741657529412;0.9916857181688491;0.9999667183395485;0.991126229515696;0.9909411459334393;0.9910165201982148;0.9907789366738519;0.9905822364422238;1.0000000580586084;0.999971801394618;0.9999359338614259;0.9999801649501135;0.9999991370437558;1.024999976158142;
2016-01-20 16:15:00;0.9998988931182359;0.9998268287374767;1.0000001071996139;0.9999169562371681;0.9999812842778787;0.9999340033845676;1.0002045748302006;1.0000000800503515;0.9999316755586526;1.0000000697030285;0.9999362944180799;1.000000064095034;1.0000000631631007;0.9999723136770312;1.0000000816415224;0.9999983197171907;1.0000000813520382;1.000000110493119;1.000000066237953;0.9999390949446274;0.9998852349928682;0.9998565066422727;0.999999237848874;1.0001897029980278;1.0002121395245165;0.9999031800446456;0.9998728853691862;0.9999596464922651;0.9959699870525515;0.9944382270115386;0.9927447449250124;0.9919753841715052;0.9999509209400573;0.9914482789864552;0.9912650959738835;0.9913095196941965;0.991077159397183;0.9908911331643678;1.0000000604873898;0.9999583124775788;0.9998903682136963;0.9999719312565599;0.9999979982829946;1.024999976158142;
2016-01-20 16:30:00;0.9998718942980698;0.9998172704384125;1.0000001261397486;0.9998884801144693;0.9999803977136306;0.9999138525514996;1.0002169025529861;1.0000000936338693;0.9999249057029924;1.000000075392413;0.9999192979624828;1.0000000654985863;1.000000064556933;0.999966073768466;1.000000097789236;0.9999946724995954;1.0000000973499628;1.000000128844907;1.0000000703251455;0.9999251778498268;0.9998593937255316;0.9998444195776168;0.9999983459042677;1.0001982506156062;1.0002270828592992;0.9998737922936609;0.9998602926184916;0.9999477420847716;0.9962187923331689;0.9948017845944213;0.9932615105408185;0.9925843053131729;0.9999480449418812;0.9920840755409212;0.9918970548481328;0.9920229699276853;0.9918561131462948;0.9917520724817236;1.0000000621688645;0.9999560837466097;0.9998632512537494;0.9999667674459561;0.9999981753954534;1.024999976158142;
2016-01-20 16:45:00;0.9998790533509349;0.9997982889283982;1.0000001330191621;0.9998926579272527;0.9999767134724993;0.9999146606837421;1.0002188753002836;1.0000000963010234;0.9999148368572872;1.0000000769082051;0.9999175101364056;1.0000000657401815;1.000000064825988;0.9999647791326365;1.0000001004733403;0.9999952731103143;1.0000000999928744;1.0000001362257787;1.000000071419873;0.999925542696362;0.9998724432432157;0.9998332441672132;0.9999986260483319;1.0002004450028366;1.000228448221952;0.9998833364786129;0.9998536575443128;0.9999478802972652;0.996210378114499;0.9947989438224739;0.9932706989236763;0.9926054657349086;0.9999393967242973;0.9920722533530885;0.9918819931262959;0.9920826134665199;0.991965537064861;0.9919209022485572;1.0000000626711636;0.9999485390412798;0.9998758328256719;0.9999652082982045;0.9999976388498291;1.024999976158142;
2016-01-20 17:00:00;0.9999028836392914;0.9998138607066215;1.000000108362802;0.9999127225565517;0.999973978830669;0.9999249260448069;1.0002097526912794;1.000000079002882;0.9999041389823589;1.0000000676927918;0.9999282752546395;1.0000000604247214;1.0000000597775232;0.9999708147064565;1.0000000805474152;0.9999980355559848;1.0000000803259288;1.0000001118778687;1.0000000640727436;0.9999300496327082;0.9998972588281977;0.9998360272208305;0.9999993732435326;1.0001941068884344;1.0002171688695212;0.9999060547209608;0.9998592428650089;0.9999545664481811;0.9964165680015408;0.9950913488700565;0.9936595540370351;0.9930431734197069;0.9999364586887818;0.992523429152886;0.9923426765942809;0.9925762592727198;0.9924715506582253;0.9924277348953973;1.0000000582680009;0.9999461216667926;0.9998999472234781;0.9999629425168516;0.9999985195853252;1.024999976158142;
2016-01-20 17:15:00;0.9998360638910947;0.9996941822430855;1.000000222619915;0.9998541220180827;0.9999623173082278;0.9998801297985266;1.0002382978121969;1.000000135129648;0.9998647547991383;1.0000000987272075;0.9998834176451944;1.0000000716401838;1.0000000710071602;0.9999494650539715;1.0000001413633626;0.9999950860170151;1.0000001404544256;1.0000002315298608;1.0000000876173;0.9998930746584612;0.9998296840989522;0.9997481299929197;0.9999985747776706;1.0002184055915637;1.0002486173234195;0.9998444246177706;0.9997823623582762;0.9999264649476064;0.9963655243560032;0.9950327656735641;0.9936076170549577;0.9930102220258498;0.9999037732925156;0.9924352781039701;0.9922436986543041;0.9926063180223015;0.9925381097395868;0.9925050208028544;1.0000000703834149;0.99991814502421;0.9998346979684809;0.999947430011268;0.9999963270819543;1.024999976158142;
2016-01-20 17:30:00;0.9998580302475992;0.9997525078037586;1.000000175687218;0.9998754675701963;0.9999699053948007;0.9998986003529051;1.0002255698307918;1.0000001143321757;0.9998897201554257;1.000000088150536;0.9999029447088561;1.000000069121442;1.0000000685150139;0.9999586451876032;1.000000118817025;0.9999959100791974;1.0000001182337324;1.0000001821575348;1.0000000801535407;0.9999088776543831;0.9998480111161363;0.9997915064416873;0.9999987142453067;1.0002072641763222;1.0002351260771083;0.9998633629537687;0.9998180804888094;0.999938134321828;0.9960316936178798;0.9945852963636104;0.993039269356129;0.9923887951499853;0.9999232159278434;0.9917225058496683;0.9915142537733563;0.9919765038045135;0.9919099170493488;0.991883936298697;1.0000000674805833;0.9999348251230133;0.9998526704788153;0.9999557661969456;0.9999973631384174;1.024999976158142;
2016-01-20 17:45:00;0.9998378369147807;0.9997548270386145;1.0000001932673164;0.9998565702599954;0.9999740642401443;0.9998894363505277;1.0002294507156877;1.0000001360249777;0.9999037866936886;1.0000000991103954;0.9998942858585722;1.0000000752850073;1.0000000746475817;0.9999543216503354;1.0000001452359604;0.9999924806292184;1.0000001442825115;1.0000001968887287;1.0000000893089451;0.999906093159745;0.9998278097355829;0.99979960470583;0.9999978385133298;1.0002081376675043;1.0002413734101563;0.9998424826449628;0.9998215798982573;0.9999323959086721;0.9956800527497329;0.9940614322159419;0.9923452808726398;0.9915929209007434;0.999930326604039;0.9907133379109497;0.9904711615794356;0.9911904573038297;0.9911284547954504;0.9911012985539173;1.0000000737116157;0.9999409026904875;0.9998321898235994;0.9999586966438015;0.9999969683014442;1.024999976158142;
2016-01-20 18:00:00;0.9998524423522932;0.999731725658393;1.0000001799898703;0.9998761770258562;0.9999682669552943;0.9998985044377459;1.0002250543205025;1.000000111963161;0.9998846204395359;1.0000000883639133;0.9999025448367161;1.0000000693362696;1.000000068815257;0.999957834414217;1.0000001149045437;0.9999979053641298;1.0000001144309154;1.0000001885068255;1.0000000804487352;0.9999055958974552;0.9998358882455937;0.9997749925971203;0.9999990590696062;1.0002085305224182;1.0002336826110034;0.9998592578499655;0.9998032893687493;0.9999379291168948;0.9959854228700257;0.9945066739710465;0.9929054926775981;0.9922172470993758;0.9999188766020646;0.9914789828062948;0.9912798355390094;0.991803748661262;0.9917346780303946;0.9916956953835345;1.0000000677533811;0.9999310868282155;0.9998427679641255;0.9999541382453327;0.9999970743849153;1.024999976158142;
2016-01-20 18:15:00;0.9998731243854141;0.9997547221986742;1.0000001620149774;0.9998908465327658;0.9999682556508305;0.9999074850719089;1.0002226435315618;1.0000001029552839;0.9998845741979961;1.0000000831380658;0.9999111893248632;1.0000000670262752;1.0000000665145947;0.9999623419173631;1.000000105182217;0.9999985030615329;1.0000001047540894;1.0000001695103193;1.0000000763746018;0.9999129775156813;0.999861770442243;0.9997902503486813;0.9999993465764865;1.0002066323725805;1.0002304976145457;0.9998790400298481;0.9998188675209352;0.9999435958013585;0.9960673879978692;0.9945729949686014;0.9929818916877918;0.9922724895432967;0.9999209016927211;0.9914782722825757;0.9912590298858969;0.9918689956928326;0.9918092222319553;0.9917844095516208;1.000000065566893;0.9999328206113279;0.999867001451641;0.9999553642131024;0.9999975990551183;1.024999976158142;
2016-01-20 18:30:00;0.9998422368885365;0.9997070930688762;1.0000002237842558;0.9998637680108676;0.9999608895146641;0.999883966561187;1.0002359251302813;1.000000127442554;0.9998554508768527;1.00000009666011;0.9998912756449264;1.000000070651017;1.0000000701302543;0.999954379338929;1.0000001304346848;0.9999981893261887;1.0000001298955965;1.0000002360317486;1.000000086141014;0.9998903954008821;0.999826625502307;0.9997432692003367;0.9999991843526103;1.0002188393370002;1.000244584572886;0.9998479695582758;0.9997779294977646;0.999929519100359;0.9963571969247582;0.9949582888970624;0.9934890085300788;0.9928345362493113;0.9999035012169337;0.9920995249843049;0.9918808440080327;0.9924638435374417;0.9924190478142195;0.9924095994810942;1.000000069704419;0.9999181944188321;0.999832828631763;0.9999432861180346;0.999997557175119;1.024999976158142;
2016-01-20 18:45:00;0.9998244351208221;0.9997268189196099;1.0000002214361727;0.9998468804658653;0.9999661160552801;0.999875940112325;1.000237965908186;1.0000001359802693;0.9998707009122775;1.0000000989444295;0.9998858426925571;1.0000000714401929;1.0000000709412171;0.9999525293415477;1.0000001423020168;0.9999949214747588;1.0000001416523392;1.0000002302320936;1.0000000878839166;0.9998877297804177;0.9998063567669138;0.9997585196277017;0.9999983025348089;1.0002181752650214;1.0002489094701545;0.999827259932981;0.99978687652376;0.999924905453126;0.9963894554159551;0.9950206253918136;0.9935485459306166;0.9929007691414644;0.999914466820624;0.9922105256632154;0.9920193933485904;0.9925084290110465;0.9924652869282621;0.9924562164164623;1.0000000705672447;0.9999277237716517;0.99981196255596;0.9999456980848874;0.9999978711288512;1.024999976158142;
2016-01-20 19:00:00;0.9998522120732184;0.9997625135761286;1.0000001597508599;0.9998727746017079;0.999971986032341;0.9998978429615902;1.0002281575388439;1.0000001046298717;0.9998948904746767;1.0000000810892045;0.9999041586062398;1.000000063998513;1.0000000635748731;0.9999595355256067;1.0000001087954535;0.9999959259647565;1.0000001082994732;1.000000165625533;1.0000000740038608;0.9999076677522926;0.9998367245231361;0.999795803845092;0.9999985922882334;1.0002098069136516;1.0002380368363035;0.9998559728888257;0.9998196310793324;0.9999379294786703;0.9966667855235456;0.9953952919883507;0.9940546202740556;0.9934654129812063;0.9999282128233629;0.9928269455278121;0.9926315704174631;0.9931158053898879;0.9930727881349627;0.9930645005111662;1.0000000628315364;0.9999392149339404;0.9998420791202761;0.9999561808687887;0.9999977527687374;1.024999976158142;
2016-01-20 19:15:00;0.9998605535202042;0.9997911282262626;1.000000141616801;0.9998779340423085;0.9999768896308161;0.9999047081485118;1.0002229652877237;1.00000010095868;0.9999127750226696;1.000000078551696;0.999910126811343;1.0000000637434416;1.0000000633204476;0.9999619687216893;1.0000001060334893;0.9999943882948945;1.0000001054991758;1.000000144983282;1.0000000723694884;0.9999170011598543;0.9998486092073231;0.9998234795394855;0.9999982809409921;1.0002036628430724;1.0002334979880119;0.9998634662958898;0.9998427160768982;0.999942057878882;0.9964832409422089;0.9951141398136449;0.993673795922945;0.9930195285721679;0.9999392483742503;0.9922456662569588;0.9920331663326161;0.9926756423948828;0.9926327411573512;0.9926248669934871;1.000000062558758;0.9999485742325287;0.9998527444919995;0.9999624318414372;0.999997817081812;1.024999976158142;
2016-01-20 19:30:00;0.9998946102699668;0.9998144423609887;1.000000113927015;0.9999077017381088;0.9999778974241157;0.9999252580994715;1.0002156731442455;1.0000000820611508;0.9999196080389564;1.000000068365671;0.9999276319956041;1.0000000586246465;1.0000000582883444;0.9999691137052736;1.000000084486277;0.9999968415449855;1.000000084152503;1.0000001173303001;1.0000000642207896;0.9999331221153167;0.9998875004955436;0.9998454225650305;0.9999990140363931;1.000198724580032;1.000224145547243;0.9998988940016281;0.9998650577789857;0.9999543547861397;0.996808194513957;0.9955658995523536;0.9942682801752893;0.9936830729032394;0.9999432596902386;0.9929454265862174;0.9927463963450376;0.9934065313356213;0.9933649643642569;0.9933570843770978;1.0000000576593133;0.99995179771319;0.9998910141393246;0.9999678324335427;0.999997907789897;1.024999976158142;
2016-01-20 19:45:00;0.9998334343259556;0.9997012216659845;1.0000002088598334;0.9998551422234958;0.999964086766177;0.999881841800578;1.000243428846903;1.0000001238833645;0.9998697818480189;1.0000000912506688;0.9998864655602191;1.000000066302818;1.0000000658406043;0.9999507714894219;1.0000001290314315;0.9999957428249978;1.0000001282707351;1.0000002181687109;1.0000000810804484;0.9998934123335113;0.9998215646687699;0.9997515583090228;0.9999986108460928;1.0002238386577496;1.0002537357984782;0.9998410345574091;0.999783663131351;0.9999276328818922;0.9971664152347695;0.9960075092374684;0.9947700455294727;0.9941857944351978;0.9999079766532195;0.9934187304165418;0.9932509489555691;0.993930618394166;0.9938893335930119;0.9938806603361324;1.0000000654132855;0.9999218002416289;0.9998276118048808;0.9999483470913366;0.9999965728672833;1.024999976158142;
2016-01-20 20:00:00;0.9998626428328893;0.9997771022097215;1.0000001490529098;0.9998772960149613;0.9999726650996984;0.999901062349775;1.00023199448186;1.0000001000477299;0.9998980208396554;1.000000076499715;0.9999065641138578;1.000000060348088;1.0000000599913925;0.9999607932673182;1.0000001047247384;0.9999948759486089;1.0000001042217888;1.0000001536013983;1.0000000698599962;0.9999126653100383;0.9998540654930312;0.9998091646529802;0.999998487152283;1.0002123903769753;1.0002422746317579;0.9998660945403873;0.9998326698071478;0.9999398603982141;0.9972969533209579;0.9962009162467508;0.9950945541542481;0.9945851498193624;0.9999303315663611;0.99385633799748;0.9936550981630559;0.9944036440810723;0.9943621753324487;0.9943538769267808;1.0000000596368421;0.9999409770643142;0.9998575914715037;0.9999580119550656;0.999997834306466;1.024999976158142;
2016-01-20 20:15:00;0.9998637973741867;0.9997417199776575;1.0000001329927486;0.999883470003015;0.999970392137742;0.9999055762309552;1.000228951866401;1.0000000890450471;0.9998952522725091;1.000000071365957;0.9999064482089355;1.000000058607597;1.000000058257542;0.9999587762429807;1.0000000922365666;0.9999969198312364;1.000000091721899;1.0000001377377854;1.0000000659689057;0.9999146265588671;0.9998540629563354;0.9997917717142281;0.9999989362073098;1.0002112545483732;1.0002379764008162;0.9998719052571587;0.9998188757125787;0.9999418585736521;0.9973813266276447;0.9963313032238166;0.9952515914134704;0.9947600071746074;0.999923047361631;0.994043056227758;0.9938633970466193;0.9945941618088293;0.9945533052364182;0.9945446261707026;1.0000000575972956;0.9999344382996868;0.9998598036290149;0.9999592973569734;0.9999965873547588;1.024999976158142;
2016-01-20 20:30:00;0.9999042525954291;0.9998193906951477;1.0000000944921537;0.9999194266709707;0.999978871240282;0.9999340099232641;1.0002137478292377;1.0000000700480707;0.999924262013831;1.000000061254701;0.999935275443248;1.000000054792946;1.0000000545299332;0.9999719526606303;1.000000071318308;0.9999985384005539;1.0000000711011832;1.000000097531111;1.0000000584118096;0.9999388751621358;0.9998946630985877;0.9998508802843097;0.9999993797212315;1.000198345213899;1.000221206579869;0.99990933781031;0.9998700082710096;0.9999595612362103;0.9974097672928737;0.9963646640900998;0.9953006635576996;0.9948103471463297;0.9999457677558273;0.9940674343921573;0.9938815426749954;0.9946639224549912;0.9946226615503418;0.9946143609631242;1.0000000539010487;0.9999538609251875;0.9998991191500697;0.9999703423339202;0.9999978722029381;1.024999976158142;
2016-01-20 20:45:00;0.9998949775649377;0.9997806779059586;1.0000001090831752;0.9999119017622013;0.9999752170651658;0.9999278518224298;1.0002191319591027;1.0000000765755674;0.9999147582370435;1.0000000652458307;0.9999263954892171;1.000000056652492;1.000000056337571;0.9999667914247101;1.0000000782637894;0.9999985648415386;1.0000000778974816;1.0000001130481742;1.000000061502649;0.9999337623683964;0.9998876837829197;0.9998276966585811;0.9999994127306531;1.0002033614591421;1.0002266758925797;0.9999034909777403;0.9998511736783622;0.999955239818775;0.9972754458507124;0.9961573948537067;0.9950233429058785;0.9944883754576217;0.9999353279300233;0.9936638974430935;0.993462295243837;0.994338120675827;0.994296958899863;0.9942878716068185;1.0000000556087025;0.9999447487668072;0.9998929918377336;0.9999681615563992;0.9999967950940176;1.024999976158142;
2016-01-20 21:00:00;0.9998963822471875;0.9998098083220317;1.000000102848009;0.9999154546138831;0.9999788365267617;0.9999316196729869;1.0002158060761155;1.0000000734102166;0.9999239399824644;1.0000000637304354;0.9999333437429648;1.0000000562354445;1.0000000559463396;0.999970721265216;1.0000000746681768;0.9999989603832946;1.00000007440718;1.0000001067189683;1.0000000604314043;0.9999359413977034;0.9998826592182259;0.9998434606449805;0.9999993867402746;1.0002006975506668;1.000223284095155;0.9999018848721175;0.9998624452795664;0.9999580441958185;0.9972196721707233;0.9960958769724806;0.9949648955241274;0.9944408501967842;0.9999450202867882;0.9936364264481369;0.9934278437125544;0.9942914617049433;0.9942507575799375;0.9942416707094589;1.0000000551394255;0.9999532311326984;0.9998883024118373;0.9999697174885507;0.9999977193064706;1.024999976158142;
2016-01-20 21:15:00;0.9998969406943594;0.9998008736553543;1.0000000940464755;0.9999149479174578;0.999976919126989;0.9999300622443371;1.0002129607707508;1.0000000688372783;0.9999176818965138;1.000000060674881;0.9999311046664336;1.0000000544162215;1.0000000541666827;0.9999699112222437;1.0000000698666913;0.9999990922161073;1.0000000696431153;1.0000000973703078;1.0000000579102095;0.9999341731600345;0.9998849322703974;0.9998361182560027;0.9999994552858473;1.000198116336247;1.0002201882400308;0.9999029158490548;0.9998571279202662;0.9999570767337534;0.9974981325375172;0.9964792148647836;0.9954622202086862;0.9949917587363011;0.9999407189481198;0.9942921227884014;0.9940974309066738;0.994842251229445;0.9948028067986582;0.9947945047044603;1.0000000535224043;0.9999495390711052;0.9998903548979764;0.9999680051561413;0.9999976105063875;1.024999976158142;
2016-01-20 21:30:00;0.9998924227364308;0.9997812056194343;1.0000001050272351;0.9999113234834058;0.9999755016446186;0.9999275461372295;1.000217391166794;1.0000000738498236;0.9999149499393087;1.0000000636639699;0.9999268598688859;1.000000055767954;1.0000000554775152;0.999967098738344;1.0000000752516154;0.9999989600895834;1.0000000749053803;1.0000001089732633;1.0000000602088188;0.9999326038178786;0.9998821272250832;0.9998261976677668;0.9999994451647892;1.0002021188042984;1.0002247823688881;0.9999005108873658;0.999849129113795;0.9999551533209445;0.9973708957043926;0.9963149023123242;0.9952744908725105;0.9948022985894399;0.9999361054771236;0.9940858103188391;0.9938749759499995;0.9946619922966121;0.9946224034864535;0.9946133132125029;1.0000000547742498;0.9999454604198664;0.9998880042136289;0.9999677628726841;0.9999969309334532;1.024999976158142;
2016-01-20 21:45:00;0.9999001675070011;0.9997965332888596;1.0000000992294937;0.999916321730975;0.9999759166553224;0.9999304697441233;1.000215400889225;1.000000071092142;0.9999152830712918;1.0000000619755904;0.9999305626443655;1.0000000549123311;1.0000000546504542;0.9999694510645465;1.000000072247723;0.99999900913871;1.0000000719826698;1.0000001028887555;1.000000058888861;0.9999349720790416;0.9998912901212977;0.9998346657117818;0.9999995040165864;1.000200259755119;1.0002225945636871;0.9999069538788041;0.9998570210742135;0.9999571813850469;0.9974574907097333;0.9964309752396733;0.9954302765844689;0.9949754204165532;0.9999383131161224;0.9943027379619528;0.9940906804477994;0.9948283127773726;0.9947887173334511;0.9947796255362693;1.0000000540247682;0.9999474188156714;0.9998962737841687;0.9999678892863612;0.9999974088478241;1.024999976158142;
2016-01-20 22:00:00;0.9998981348352697;0.9997865560720771;1.0000001026238967;0.9999152476160659;0.9999749948843399;0.9999294611175892;1.0002169825021798;1.000000071897538;0.9999128988394858;1.0000000624401237;0.999928943296694;1.0000000549083647;1.0000000546482228;0.9999683640568217;1.0000000729770393;0.9999992609254952;1.0000000726910325;1.0000001066817068;1.000000059175848;0.9999338077490787;0.9998891571436267;0.9998284448214673;0.9999995592509198;1.0002019435086948;1.0002240801166533;0.9999058422080419;0.9998519102344275;0.999956419903691;0.99753042027524;0.9965411314237872;0.9955707673706156;0.9951355150594873;0.9999357285147126;0.9944589230502031;0.9942585500656422;0.9950172159355305;0.994978841017539;0.9949701582289253;1.000000054073774;0.9999451614830354;0.9998945508613056;0.9999673495432806;0.9999971482521419;1.024999976158142;
2016-01-20 22:15:00;0.9999284043650872;0.9998268140237717;1.0000000738264143;0.9999400629993622;0.9999810273512081;0.999950652934668;1.0002035378685383;1.0000000603658334;0.9999380089367098;1.000000055710867;0.9999462316643921;1.0000000523763612;1.000000052170771;0.9999749355557136;1.0000000610489828;0.9999992203359527;1.0000000608763642;1.0000000755039162;1.0000000541480936;0.9999550182906143;0.9999266188227963;0.9998711002114365;0.9999997058342855;1.0001892288260879;1.0002099153057398;0.9999369648397883;0.9998900717751973;0.999968938976412;0.9975746623158566;0.9966192655097713;0.9956793053004338;0.9952650398939227;0.9999497780605285;0.9946506044313419;0.9944589428684449;0.9951322750414466;0.99509322072511;0.9950845369344926;1.0000000516607803;0.999956893661406;0.9999305968857338;0.9999784181824612;0.9999969910479508;1.024999976158142;
2016-01-20 22:30:00;0.999950361418318;0.9998774538808503;1.000000064634225;0.9999582191691119;0.9999863006043052;0.9999652608233707;1.0001968008017128;1.000000056434998;0.9999551310587446;1.0000000535154603;0.9999620762518794;1.0000000515247967;1.0000000513558926;0.9999824106633672;1.0000000568784226;0.9999995331837338;1.0000000567602387;1.0000000656460035;1.0000000525224293;0.999968202165593;0.9999494683357483;0.9999083675350693;0.9999998331726958;1.0001831514059971;1.0002026795997878;0.9999564080771152;0.9999220867836353;0.9999781558069917;0.9976152309512876;0.996659893570142;0.995726868397401;0.995305778994629;0.9999639666140091;0.9946575348627906;0.9944613251142753;0.9951870043078171;0.995150282972604;0.995141977971713;1.0000000509179785;0.9999690764590913;0.9999521871377859;0.9999844888717179;0.9999979093861989;1.024999976158142;
2016-01-20 22:45:00;0.9999424415597491;0.9998594748245713;1.0000000665996838;0.9999527731912984;0.999985272259241;0.9999616097633878;1.0002014553692125;1.0000000569592826;0.9999526659292497;1.00000005367219;0.9999575605873567;1.0000000513866438;1.000000051211501;0.9999797919662168;1.0000000574940668;0.9999995184170325;1.0000000573329562;1.0000000677801621;1.0000000525444188;0.9999650439644147;0.9999405081119296;0.9998973924113129;0.9999997897597328;1.000187517122423;1.0002075603296248;0.9999498692295519;0.9999122924876184;0.9999756948083148;0.9978069276420357;0.9969671507456139;0.9961292648127984;0.9957775661803668;0.9999604194874481;0.9952836314240325;0.9951228459490511;0.9956459304843561;0.995608584151098;0.995599484846073;1.000000050747625;0.9999659756433469;0.9999440576996035;0.9999837015238796;0.999997419842722;1.024999976158142;
2016-01-20 23:00:00;0.9999417960566256;0.9998773655918565;1.0000000627952654;0.9999512483266021;0.9999866352393834;0.9999605774889789;1.0001986082635828;1.0000000555022348;0.9999545499864555;1.0000000527372248;0.9999588868625044;1.0000000509356486;1.0000000507884836;0.9999814793989134;1.0000000559782913;0.9999990304970409;1.0000000558769677;1.0000000636773005;1.0000000518378496;0.999964137638529;0.9999380763808867;0.9999052455232411;0.9999996423581258;1.0001844970311726;1.000204994678842;0.9999467196307021;0.9999180273089313;0.9999755136809301;0.9978949020597239;0.9970986610035733;0.9963117876376042;0.9959904866007065;0.9999646950431565;0.9955390483967629;0.9953815500653145;0.9958703590363458;0.9958336978335378;0.9958245964677256;1.0000000503820814;0.9999698057296462;0.999941025714622;0.9999831215711207;0.9999981200777367;1.024999976158142;
2016-01-20 23:15:00;1.0002629672158871;1.0002197231875087;1.0003077296588112;1.0002704661472845;1.0002986822113504;1.000277299742929;1.0004968694597152;1.000305563279092;1.0002759505118737;1.0003050509395772;1.0002783581639327;1.0003049047387007;1.0003048931662388;1.0002922253878606;1.0003056737787075;1.0003050380374516;1.0003056489056121;1.0003080694223774;1.0003049480377517;1.0002813718779022;1.000259339133682;1.0002394393044955;1.0003053534929505;1.0004835188609125;1.0005027876443002;1.0002672132040882;1.000248233464732;1.0002878499165713;0.9982741412393967;0.9975006196222926;0.996743460959596;0.9964318139959386;1.0002831459006005;0.9960030724436845;0.9958454954012183;0.9963090589546936;0.9962731672719931;0.9962639587858627;1.0003048775514802;1.0002867649956952;1.0002619862664075;1.0002955614967106;1.0003035306150043;1.024999976158142;
2016-01-20 23:30:00;1.0002654565971971;1.0002290006064065;1.0003065426552942;1.0002726849657373;1.0002984768907452;1.0002791490746221;1.0004932057661355;1.0003052161628794;1.000277879427793;1.0003049318417576;1.000279991228263;1.00030487955802;1.0003048775196417;1.0002933782115493;1.0003052846674796;1.0003047144388328;1.0003052700681156;1.000306753573965;1.0003048889377149;1.000282180001029;1.0002611138487012;1.000245056024852;1.0003049833276536;1.0004801512499262;1.0004990016005968;1.0002686128327931;1.0002526376807603;1.0002890315626698;0.9982435373895004;0.9974792272195904;0.9967080201891367;0.9963987814452216;1.0002848813230187;0.9959907629889865;0.9958503813852431;0.9962650852844341;0.9962297843901198;0.9962213438449234;1.0003048923959594;1.000288092005795;1.0002634900182612;1.000295301026569;1.0003037648580944;1.024999976158142;
2016-01-20 23:45:00;1.0002727227992427;1.000241680101276;1.000305396496697;1.0002796611898714;1.0002996080229292;1.0002854769584093;1.000493209777065;1.0003048896865738;1.0002858746130485;1.0003049105455033;1.0002848774997966;1.0003049766271899;1.0003050022201105;1.000295303082915;1.0003049041482122;1.0003045237896055;1.0003049002412645;1.000305499786924;1.0003049617907234;1.0002874953402145;1.0002687182014602;1.0002576595402854;1.0003046705926666;1.0004802968192363;1.0004988612484256;1.000275681606804;1.0002632337593829;1.0002927398952328;0.9984742089079239;0.9977914273333596;0.997115778399554;0.9968495534049214;1.000289137214636;0.9965012076176654;0.996366920107112;0.9967324565938273;0.9966980022645958;0.9966895518691232;1.0003051178873177;1.0002914775092773;1.0002709258724358;1.0002978135011145;1.0003038797460493;1.024999976158142;
2016-01-21 00:00:00;1.0002712322002838;1.000242986340016;1.0003051887016448;1.0002772627108432;1.000299306495001;1.0002836916951217;1.0004921964925695;1.0003048777247545;1.0002849483879486;1.0003049653494513;1.0002832458832216;1.0003050626588306;1.0003050969887306;1.0002949619767794;1.0003048839290547;1.0003040184190384;1.0003048822095353;1.0003052517113946;1.000305040029298;1.0002862827834085;1.0002679988138288;1.0002577744010865;1.000304549380509;1.0004789512856567;1.0004980804428592;1.000273648081913;1.0002632529356084;1.0002917502540876;0.9985323891681037;0.9978606519222754;0.9971937589783184;0.9969246115787177;1.0002888718364824;0.9965802793603465;0.9964496383743323;0.9968008774201434;0.9967659707949534;0.9967575183570121;1.0003052347889634;1.00029124619733;1.000269792903079;1.0002971076643246;1.0003040551945073;1.024999976158142;
2016-01-21 00:15:00;1.0002813329005795;1.000256852767513;1.0003049247584292;1.000285840413403;1.0003004806020235;1.0002903172771507;1.0004900979211715;1.0003049347053032;1.00029039785466;1.0003051075187595;1.0002891401829366;1.0003051904137563;1.0003052333171547;1.0002975753543129;1.000304914447024;1.0003044122325073;1.0003049184343182;1.0003049476892563;1.0003051969600825;1.0002919279161573;1.0002794353863786;1.0002697384712704;1.0003047147049835;1.0004772535258368;1.0004956070091078;1.0002835416598368;1.0002740687127234;1.0002958010977232;0.9985293423074975;0.9978814384986807;0.9972338462675164;0.9969877333963124;1.0002924863697913;0.9966700156165281;0.9965468955616651;0.9968765363308401;0.9968422795870177;0.9968338253125922;1.0003053971881324;1.0002942483755992;1.0002808142944606;1.0002994432083039;1.0003043186871132;1.024999976158142;
2016-01-21 00:30:00;1.0002649838131263;1.0002369628599002;1.0003054816681884;1.000274191827315;1.0002998197695037;1.0002819382610904;1.0004942091877702;1.00030489992212;1.0002855243415345;1.0003049062245641;1.0002821705727318;1.0003049785077673;1.0003050037968373;1.0002941788714668;1.0003049219853135;1.0003043767541422;1.000304917495393;1.0003055978223159;1.0003049584821637;1.0002842704249337;1.0002581370817656;1.0002528127694081;1.000304577587842;1.000481161842662;1.0005001474046422;1.0002676305075686;1.0002579260800328;1.0002906525611965;0.9985271582237103;0.9978511575055559;0.9971913782899291;0.9969259596459803;1.000289132089809;0.9965859975537451;0.9964469557940558;0.9968042125737505;0.9967700362401433;0.9967619535175013;1.0003051288571678;1.0002915392010965;1.0002609135598783;1.0002969687431915;1.0003038943933957;1.024999976158142;
2016-01-21 00:45:00;1.0002753831791658;1.0002473785246184;1.0003050830799527;1.0002819803202458;1.0003001376710823;1.0002876143518742;1.0004912125327536;1.000304883417664;1.0002887772216835;1.000304991011491;1.0002866304830886;1.0003050686367787;1.0003051030904844;1.0002961463309583;1.0003048782271666;1.0003044802732477;1.0003048790033233;1.0003051394076616;1.000305064833751;1.0002893727110358;1.0002716130743685;1.0002627284836716;1.0003046518735903;1.0004784168676888;1.0004968020647174;1.000278101957766;1.0002675040831568;1.0002940573808983;0.9984938390604482;0.9978165141260923;0.9971503592747953;0.9968874031750278;1.000290909062776;0.9965481995394658;0.9964123008838628;0.9967684216396246;0.9967335831120424;0.9967243622851877;1.0003052491224684;1.0002929258637654;1.0002736647255028;1.0002987195818565;1.000304021066232;1.024999976158142;
2016-01-21 01:00:00;1.0002707296731828;1.000242028797405;1.0003051069899103;1.0002778722185295;1.000299697534848;1.0002846253676025;1.0004926889016454;1.0003048854970453;1.0002869031473962;1.0003050357714816;1.0002838414467319;1.0003051739609448;1.0003052136080222;1.0002950001289614;1.000304878137474;1.0003041883762802;1.0003048789562974;1.000305166923201;1.000305134109346;1.000286929253025;1.000266529894208;1.0002582243629976;1.000304564724493;1.000479579989388;1.0004985305420198;1.0002734282654662;1.0002633172444446;1.0002922652459678;0.9986128708241359;0.9979917119112405;0.9973656030398975;0.997126733318937;1.0002895949488604;0.9968321392734496;0.9967176364949063;0.9970094026103196;0.996976455979168;0.9969668294960453;1.0003053767814805;1.000291824965361;1.0002686786204258;1.0002977720386865;1.0003040706682442;1.024999976158142;
2016-01-21 01:15:00;1.000270307864223;1.0002432165949366;1.0003050198135812;1.0002768554694594;1.000299383762626;1.0002836341295678;1.000490987492275;1.000304898281206;1.0002855773208736;1.0003050762891283;1.0002831036216013;1.0003052217639057;1.0003052622143702;1.0002950052083155;1.0003048841426387;1.0003040194181316;1.0003048859734953;1.000305062293539;1.0003051786005144;1.0002860411553243;1.000266391437258;1.0002578682454297;1.0003045372139354;1.0004778477132221;1.0004968699635326;1.000272561908009;1.0002630397579875;1.0002917597738772;0.9985904725706105;0.9979409598581204;0.9973060668816579;0.9970529489797046;1.0002892366149227;0.9967260909558089;0.9965932719425338;0.9969386551574793;0.9969072863581753;0.9968988301466549;1.000305421658555;1.0002915364626879;1.0002682864746477;1.000297090446319;1.0003042290517075;1.024999976158142;
2016-01-21 01:30:00;1.0002684748569999;1.0002318323142287;1.0003052629965543;1.0002760846484822;1.0002986956817537;1.000282901723148;1.0004933827833993;1.0003048774745127;1.0002835947929183;1.00030498179297;1.0002816447371554;1.0003051185613114;1.000305153868722;1.0002937630651354;1.000304881464309;1.0003043056066279;1.000304879954045;1.0003053497483607;1.0003050699263383;1.0002853514803105;1.000264628331386;1.0002513462000944;1.0003045961771557;1.0004803138381066;1.0004991696097973;1.0002719962897582;1.0002577520763292;1.000291090792101;0.9985930882241203;0.9979640241487111;0.9973307651267745;0.9970885152610461;1.0002866685317913;0.9967848176184029;0.9966683555236888;0.9969728949760059;0.996940626747784;0.996931001192276;1.000305301897929;1.0002893162501394;1.0002670297912841;1.000296976923567;1.000303785714539;1.024999976158142;
2016-01-21 01:45:00;1.000247805726671;1.0001519613503163;1.0003097847488827;1.0002602853429639;1.000296425454888;1.00027074576511;1.000506103117104;1.0003058942224334;1.0002701089477029;1.0003050779744707;1.0002667237020184;1.0003048788326525;1.0003048774947685;1.0002833796910156;1.0003061398418986;1.000305520522835;1.0003060566870876;1.0003103513265892;1.0003049312389503;1.000278261666078;1.000247726134313;1.0002058073139042;1.0003057844580072;1.0004921762600585;1.0005122203771044;1.0002599944803459;1.0002208332612517;1.0002825733157288;0.9986353293417674;0.9980104271633854;0.9973906112729468;0.9971515915984815;1.0002701787403194;0.9968455262767518;0.9967237191733986;0.997041895793119;0.9970130345862168;0.9970049484400729;1.0003049015757708;1.0002755444976672;1.000252789176577;1.000297203458399;1.0003011376349302;1.024999976158142;
2016-01-21 02:00:00;1.000270888274055;1.0002337083307564;1.00030488822257;1.0002782574538942;1.0002985345766888;1.0002847221804865;1.0004958693798964;1.0003051559764595;1.0002844603023489;1.0003056021992212;1.0002825230777608;1.0003060042885703;1.0003060587215233;1.0002945705072779;1.000305091534858;1.0003046097472754;1.000305105408876;1.0003049065704128;1.000305815563781;1.0002864473180564;1.0002673884653637;1.0002533608213622;1.000304852540131;1.0004827460749441;1.0005016239694435;1.0002742503947446;1.0002596097655483;1.0002923774795223;0.9989906355705822;0.9985276265680024;0.9980246120436058;0.9978494707187684;1.0002869327567854;0.9976569376702717;0.997595718785475;0.9977474128528335;0.9977236064048292;0.9977151334976042;1.0003062786828527;1.000289455535793;1.0002696378793823;1.0002972642665129;1.0003046694709365;1.024999976158142;
2016-01-21 02:15:00;1.0002817374905035;1.0002710263447265;1.0003051726445047;1.0002864005035013;1.0003017822484497;1.0002910071679088;1.000489161629397;1.0003057137627376;1.0002922205006572;1.0003061410132794;1.0002912795885806;1.0003063837082398;1.0003064383107265;1.0003000031045544;1.0003056431630144;1.0003050937245592;1.0003056525456995;1.0003051308273272;1.0003063065099485;1.00029168485282;1.0002773435033183;1.0002757406664609;1.0003053959180004;1.0004764563940007;1.0004947356678748;1.0002818388594077;1.0002783673838855;1.0002969461546818;0.998886061064448;0.9984062952466247;0.9978792375452022;0.9977041446012805;1.0002961974468192;0.9975123620176424;0.9974528073643572;0.9976016394775331;0.9975745909530076;0.9975664899009418;1.000306640118466;1.0002975836879195;1.0002784665272855;1.0002992959936523;1.0003060845057783;1.024999976158142;
2016-01-21 02:30:00;1.0002854870109565;1.0002680277949434;1.0003055008493658;1.0002897536873867;1.0003019806530722;1.0002937059401238;1.000489864147132;1.000306162229124;1.0002935873896919;1.000306641561569;1.0002925774670195;1.0003068939776754;1.000306955857709;1.0003004195961465;1.0003060759262536;1.000305706594712;1.0003060895767861;1.0003054455278053;1.0003068232580403;1.0002942319229533;1.0002826804521208;1.0002766875811626;1.0003059079428671;1.0004772571212865;1.0004952636508535;1.0002865552527573;1.0002798685845495;1.0002985800395747;0.9990072696833476;0.9985600305281976;0.9980532148558233;0.9978783212538932;1.000295877636823;0.9977103585975126;0.9976651044271335;0.9977598146548402;0.9977329939000504;0.9977241181987516;1.0003071815705218;1.000297266469199;1.000283811659906;1.0003007142874343;1.000306328272806;1.024999976158142;
2016-01-21 02:45:00;1.0002817396619705;1.00026320258892;1.0003051936467853;1.0002858497136138;1.0003008941145908;1.0002904046591146;1.0004922221771797;1.0003058132119715;1.000290114269859;1.000306369574936;1.0002895575867845;1.0003067278817204;1.0003067886676686;1.0002991196096762;1.0003057130933297;1.0003050666782864;1.000305726979453;1.0003051517621981;1.0003065801579245;1.0002913963532347;1.0002791157561775;1.000271793060145;1.0003054786210428;1.0004792190706038;1.0004978585680249;1.000282656271861;1.0002755983331826;1.000296507274204;0.9990492584309429;0.9986215561143643;0.998140891108283;0.9979818264257552;1.0002937280721338;0.997816151344661;0.9977702003488469;0.9978828621756383;0.9978557319973036;0.9978468545646968;1.000306999234732;1.0002954154256019;1.0002801389095497;1.0002990645796512;1.0003061648169764;1.024999976158142;
2016-01-21 03:00:00;1.0002834263093159;1.0002668129851147;1.0003051425715552;1.0002873550463052;1.00030111036457;1.0002914247918342;1.0004909916018607;1.0003057358711986;1.0002907983749232;1.000306226016798;1.000290840499738;1.00030654231089;1.000306599993614;1.0002996700130644;1.0003056547335798;1.0003051421386893;1.0003056674421817;1.0003051009049564;1.0003064178057266;1.0002921510175797;1.0002806347772215;1.0002739944936203;1.0003054526076627;1.0004781679597332;1.0004965151369296;1.0002841450140123;1.0002775106278639;1.0002971171107775;0.9989671040501719;0.9985178636373498;0.9980020319086367;0.9978303404947264;1.0002945293548664;0.9976619223885901;0.9976209275193522;0.9977164146253747;0.9976893822395307;0.9976805081009775;1.0003067996590185;1.00029610384965;1.000281617995502;1.0002992676462197;1.0003060734321034;1.024999976158142;
2016-01-21 03:15:00;1.0002892959944745;1.0002678046262161;1.0003057536155884;1.0002924926131118;1.000301984744168;1.000295621529238;1.000490530156644;1.0003064983709873;1.0002938216516952;1.000307005672163;1.000293664542989;1.000307258339315;1.000307329561412;1.000300936194705;1.0003064043920087;1.0003060928506926;1.000306424212281;1.0003056924125664;1.0003071992036474;1.000296105720478;1.0002882902070642;1.000278159853232;1.000306295572605;1.0004779077377892;1.0004958140075284;1.0002908486680444;1.0002818569054972;1.000299787854693;0.9990896869566526;0.9986817264351296;0.998211701032189;0.9980588092644137;1.0002955333515666;0.9979090772625036;0.9978728916707705;0.9979571876058901;0.9979298222226989;0.9979209423973899;1.0003075683996983;1.0002969570478177;1.0002891795838107;1.0003014980971185;1.0003065785231064;1.024999976158142;
2016-01-21 03:30:00;1.0002940361324444;1.0002822003584693;1.0003060765560325;1.0002962193203748;1.0003037218749185;1.0002987114640296;1.0004889752683042;1.0003066829106806;1.0002982946565298;1.0003071085882913;1.0002976186833556;1.0003072538855524;1.0003073215367175;1.0003029663314391;1.0003065995282305;1.000306240181919;1.0003066128925833;1.0003060245291517;1.0003072610170727;1.0002991082022237;1.0002930027974226;1.0002880438166886;1.000306482119319;1.00047641653101;1.0004942245958026;1.000294690995315;1.0002902145858255;1.0003018550233482;0.9990416278846024;0.9986265702354149;0.9981431342091617;0.997989542438764;1.0002997091473556;0.9978531944369977;0.9978198482819194;0.9978778467954389;0.9978509087289646;0.9978428019306422;1.0003075512406203;1.0003006162393866;1.000293525622501;1.0003030628837533;1.000306885044177;1.024999976158142;
2016-01-21 03:45:00;1.0002891226104502;1.0002716447504358;1.0003057983497587;1.0002923294181754;1.0003023564496958;1.0002955205759325;1.0004900074566854;1.000306473018484;1.0002943635365498;1.000306961085329;1.0002941717324325;1.0003071870105613;1.0003072537110282;1.0003013251373516;1.0003063804170544;1.0003060305722928;1.0003063951080995;1.0003057417905754;1.0003071398419396;1.0002959697600158;1.00028748059914;1.000279811153153;1.0003062472208053;1.000477398011036;1.0004953255299398;1.0002901761783656;1.0002830204545534;1.0002998041679318;0.9990624857756026;0.9986489567924433;0.9981752020155588;0.9980235035721813;1.00029656584108;0.9978817839620334;0.9978433349418293;0.9979180011495764;0.9978914625223877;0.9978833549311609;1.0003074850929818;1.0002978853635098;1.0002883186375073;1.0003014395557297;1.0003066580139255;1.024999976158142;
2016-01-21 04:00:00;1.0002831545911757;1.0002694371749457;1.000305235772448;1.000287072312487;1.000301946231995;1.0002918407055807;1.0004910592919316;1.0003057822392456;1.0002935815686504;1.0003063247634776;1.0002911910565988;1.000306640885973;1.0003067012450817;1.000299747182915;1.0003056717085048;1.0003048859817307;1.0003056862314896;1.000305201807713;1.0003065218430112;1.0002930715429403;1.0002805136494213;1.0002771129740906;1.0003054031867846;1.0004780164881777;1.000496753608385;1.0002838340073712;1.0002799165570004;1.00029737740048;0.9990043996589194;0.9985607459865921;0.9980578317647099;0.997887960171207;1.000296115163099;0.9977266834622661;0.9976818896672132;0.9977715832072585;0.9977446249382975;0.997736150419759;1.000306913002909;1.0002974624578795;1.0002814430648193;1.0003002082167245;1.0003061393761272;1.024999976158142;
2016-01-21 04:15:00;1.000291864360024;1.0002751325349188;1.0003054098156603;1.000294290193838;1.0003023328894736;1.000296862046956;1.0004886674642521;1.0003059642280994;1.0002955071692563;1.0003063613657721;1.0002954388673715;1.0003065513109792;1.0003066093939332;1.0003014437415667;1.0003058918571464;1.000305577909453;1.0003059060474486;1.0003053657268217;1.0003065129802438;1.0002973746368482;1.000291135083698;1.0002830911632334;1.0003057891163374;1.0004761142351195;1.000493894028414;1.00029302878378;1.00028607406776;1.0003003691035501;0.998885708419353;0.9984208578788768;0.9978901090198337;0.9977200391624415;1.000297123424526;0.9975611226199302;0.997516722767652;0.9976017861577668;0.9975749798085323;0.9975665086783025;1.0003068047735144;1.0002982871214214;1.0002917943019674;1.0003018200806442;1.00030602940343;1.024999976158142;
2016-01-21 04:30:00;1.0002856920747585;1.0002606258314501;1.000305347114829;1.0002896458562525;1.0003011794389183;1.000293516261675;1.0004900890423163;1.000305993231269;1.00029238455666;1.000306450517513;1.0002913122073465;1.000306685476196;1.0003067518332471;1.000299377006594;1.0003059087988038;1.0003055155875322;1.0003059275652704;1.0003052971113249;1.0003066322718963;1.0002943887353142;1.0002844871742897;1.0002735872137425;1.0003057672174174;1.0004774049954839;1.000495452258166;1.000287758373891;1.0002777413093715;1.0002982127138478;0.9989719686290871;0.9985247855052407;0.9980169847698912;0.9978496342922052;1.000293749413024;0.9976780089187889;0.9976334754128333;0.99774368657454;0.9977155808545368;0.9977071067014015;1.0003069873687227;1.0002953519008655;1.0002856369518;1.0003007379108277;1.0003058231425481;1.024999976158142;
2016-01-21 04:45:00;1.0002799597710308;1.0002435099724187;1.0003049526214554;1.0002847376222406;1.000299445460007;1.0002897354368645;1.0004913287236097;1.0003054070261885;1.0002885912990243;1.0003058256550912;1.000286468897156;1.0003061079275253;1.0003061638837112;1.0002963549992832;1.0003053324361635;1.0003047468943047;1.0003053499328531;1.0003049305550413;1.0003060037712048;1.000291525859382;1.0002796843642354;1.0002633781958061;1.0003051469104185;1.0004783638763028;1.0004968492111697;1.0002834717676885;1.0002691584752716;1.000295436886082;0.9988744984482876;0.9983916631732325;0.9978616068346566;0.997686379208843;1.0002892473295082;0.9975064146657603;0.99744621523941;0.9975756229596736;0.99754837295655;0.9975399030298401;1.000306362479137;1.0002913721984361;1.0002812035317223;1.0002995023416215;1.000304762979614;1.024999976158142;
2016-01-21 05:00:00;1.0002779847127885;1.000251720746924;1.0003049456188975;1.0002833190072917;1.0002999851853192;1.0002885806003077;1.00049120158719;1.0003054042723387;1.0002885460791273;1.0003058324602403;1.000287050585937;1.000306129546746;1.0003061840649208;1.0002972203339733;1.000305332760809;1.000304754589401;1.0003053473491623;1.0003049231506789;1.0003060136120996;1.0002899460525088;1.0002752698798618;1.0002653149736973;1.0003051024295382;1.0004782958511969;1.0004968128335725;1.0002800425987417;1.0002700081912517;1.0002950136851256;0.9988826236225853;0.9983990619621207;0.9978667400324277;0.9976879765875389;1.0002911885070411;0.9975010028270129;0.9974417116227152;0.9975772932752092;0.9975498236071783;0.9975409527952336;1.0003063835162316;1.0002931486839592;1.0002767892063238;1.0002986106369653;1.0003052151383502;1.024999976158142;
2016-01-21 05:15:00;1.0002459168622397;1.0001290542962795;1.0003052471711333;1.000257936202524;1.0002895942727894;1.0002685856016575;1.0004984158110048;1.0003049044036392;1.000261366944779;1.000305208245949;1.0002583354541068;1.0003056234063978;1.0003056732642586;1.000280533638458;1.0003048834612946;1.0003041975390246;1.0003048874480203;1.0003053424553983;1.0003053995010278;1.0002738146280616;1.0002487292863889;1.000191919988634;1.0003046404691887;1.0004848854067474;1.0005042500833705;1.0002585972105438;1.0002095283746095;1.0002809113030033;0.9989427439157471;0.9984613397987162;0.9979248063470678;0.997732628702807;1.0002601190119884;0.9975377364334441;0.9974830727380464;0.9976094670737528;0.9975743346655033;0.9975557266291413;1.0003058469763968;1.0002660762592122;1.000253286510279;1.0002924850773474;1.0003013341103288;1.024999976158142;
2016-01-21 05:30:00;1.0002671243305545;1.0001953060028779;1.0003055379171157;1.0002748612709842;1.0002954783220686;1.0002813167168345;1.0004988972128235;1.0003048796120917;1.0002763563010066;1.0003050671757714;1.0002759434753326;1.0003053923336993;1.0003054385396717;1.00028960802426;1.0003048782304862;1.0003045799651749;1.0003048774788637;1.0003056916259927;1.0003052212418635;1.0002846552369145;1.00026827109447;1.0002329923647921;1.0003047439285586;1.000485619881869;1.0005044692359024;1.0002749942364186;1.0002441765280017;1.0002894143845644;0.9988564880611155;0.9983481668591255;0.9977746414036912;0.997567432394814;1.0002767930400536;0.9973689513682248;0.997315873583734;0.9974266796072522;0.9973874830197724;0.9973658748968798;1.0003056068882907;1.000280637429532;1.0002712455637737;1.0002967300092167;1.0003028026364278;1.024999976158142;
2016-01-21 05:45:00;1.000277679844483;1.0002307462777558;1.000305015916295;1.0002823080072836;1.0002979287810712;1.0002871825493729;1.0004952105648626;1.000304952998917;1.0002839542995363;1.0003052688777128;1.0002835073857652;1.000305580999526;1.0003056357536773;1.0002942685548293;1.0003049176481025;1.0003043623323924;1.000304925684191;1.0003050645612555;1.000305440482216;1.000289646851128;1.0002788934353066;1.0002551134699844;1.000304756604374;1.000481952869492;1.0005007748078238;1.000282459046361;1.000262755050714;1.0002935105995048;0.9988299634081015;0.9982991097837789;0.9977074228139633;0.9974838090144428;1.0002851157838282;0.9972834823762073;0.9972232552488183;0.9973224438516268;0.9972803034542795;0.9972590997804439;1.0003058201089619;1.0002878042775343;1.0002805708160694;1.0002983713631357;1.0003039168188679;1.024999976158142;
2016-01-21 06:00:00;1.0002742385867487;1.0002274851766433;1.0003053047117823;1.0002787768942965;1.0002966147925292;1.0002831438551982;1.0004940401019757;1.0003048874156335;1.0002768161777864;1.0003050875714126;1.0002811360854196;1.0003053736548977;1.0003054173616104;1.0002937523442974;1.0003048792516624;1.0003044692690894;1.0003048808204298;1.0003054174814108;1.0003052266532926;1.0002853642624439;1.0002743361937085;1.0002474786992148;1.0003047323767245;1.000480985425475;1.0004995218769392;1.0002782533432613;1.0002562928008683;1.000291239400842;0.9987044897601778;0.9981320268417772;0.9974810139031235;0.9972307490043858;1.0002823296685008;0.9970398141583161;0.9969834471273697;0.997027434844355;0.9969852487745551;0.9969635036493834;1.0003055602142228;1.0002855880539943;1.0002759718843597;1.0002955142584369;1.0003040068439168;1.024999976158142;
2016-01-21 06:15:00;0.9999439541099562;0.9998836358831709;1.0000000675555527;0.9999490114670171;0.9999834603848071;0.9999553814333076;1.0002008506523123;1.000000057208102;0.9999399780139726;1.0000000534998965;0.9999565029289449;1.0000000507563884;1.0000000506521713;0.9999823094192505;1.0000000576550605;0.999998984478134;1.000000057585749;1.0000000688675503;1.0000000523278811;0.9999582832671129;0.9999420801313664;0.9998987258086884;0.999999704573315;1.000186477712706;1.0002071665075525;0.9999463940002423;0.999913825451074;0.9999729491278339;0.9980027022167249;0.9973456036016701;0.9965660803115779;0.9962930004856636;0.9999597624172631;0.9961421202472274;0.9960987564988381;0.9960319090567049;0.9959873626202653;0.9959657325523797;1.0000000504997624;0.9999658275135739;0.9999435479668992;0.9999773930678879;0.9999990051653567;1.024999976158142;
2016-01-21 06:30:00;0.9999425622294764;0.9998927290690391;1.000000068946948;0.9999480337673473;0.9999854929104239;0.9999560869262156;1.0002018826214898;1.0000000584160507;0.9999467117196691;1.0000000540663874;0.9999576865629188;1.0000000513675014;1.0000000511630645;0.999982725529476;1.0000000591138767;0.9999984294413368;1.0000000590232623;1.000000070152471;1.0000000527645652;0.9999599051530609;0.999939905037725;0.9999068047485492;0.9999995461767586;1.0001870135058302;1.0002086227732192;0.9999444496653301;0.9999197541505517;0.999973398611947;0.9979097527183084;0.9972056041353417;0.9963543622115252;0.9960379600138155;0.9999641900435848;0.995775285781757;0.9957393718624016;0.9957954519486704;0.9957278933907279;0.9957016848212117;1.000000050727092;0.9999696222195236;0.9999413359666464;0.9999792240930441;0.9999990727721146;1.024999976158142;
2016-01-21 06:45:00;0.9998852007720039;0.9997335598841448;1.0000001123147564;0.9999052158818363;0.9999742200232881;0.99992578527373;1.0002284055303359;1.0000000784734586;0.9999190906359952;1.000000065628843;0.9999177073945889;1.000000059368085;1.0000000582352175;0.9999597927120304;1.0000000809972405;0.9999977330636555;1.0000000804026674;1.0000001159437681;1.0000000615431945;0.9999351788759135;0.9998829790135222;0.999812078102668;0.9999992532668922;1.0002112930701965;1.0002366195898675;0.9999001106496695;0.9998384091800523;0.9999526894317277;0.9975792829360786;0.9967174642254018;0.9956646032872417;0.99523521801392;0.9999283650780983;0.9949756717681802;0.9949390409462707;0.9948399302999622;0.9946859600304071;0.9946571040749941;1.0000000552244073;0.9999383081946126;0.9998896878355691;0.9999719318849095;0.9999946113410216;1.024999976158142;
2016-01-21 07:00:00;0.999899169998764;0.9997511839223945;1.0000001086769226;0.9999148866340609;0.9999731807614446;0.9999303821326346;1.0002235509978734;1.000000076744228;0.9999138125618193;1.0000000656892785;0.9999233965915131;1.0000000617134124;1.0000000601813495;0.9999635261900796;1.0000000784804302;0.9999985297513374;1.0000000780061156;1.0000001124159927;1.0000000619765286;0.9999376416272179;0.9998991300174712;0.9998187954172006;0.9999995328265329;1.0002073294592904;1.0002309460094205;0.9999123937513419;0.9998459759041793;0.9999558962071061;0.9971128299264119;0.9961050684836531;0.9948975029229745;0.9944115525462399;0.9999283113147714;0.9941481333008579;0.9940896537873098;0.9939434939334149;0.9937564963087656;0.9937279728063739;1.000000056168259;0.9999383762130526;0.9999046080060305;0.9999705078730242;0.9999953664076221;1.024999976158142;
2016-01-21 07:15:00;0.9999461092657455;0.9998811154397607;1.0000000805517422;0.9999524977823868;0.999985352599745;0.9999600013416333;1.0002015723060904;1.0000000674822043;0.9999493640534585;1.0000000621188094;0.999958855125967;1.0000000653629624;1.0000000631927013;0.9999820378212106;1.0000000682990733;0.9999989428304451;1.0000000681237182;1.0000000820429835;1.0000000603217571;0.9999635594280158;0.9999451204569562;0.9999051608067662;0.9999997030062123;1.0001870977916825;1.0002079425687105;0.9999504329067208;0.9999191397844527;0.9999753191654819;0.9961583537846067;0.994770074373122;0.9930781087756045;0.99233582419233;0.9999626601811127;0.9919713458882955;0.9919097383899494;0.9915950119926712;0.991265922383646;0.9911232934146312;1.000000057346025;0.999968117352872;0.9999471525944924;0.9999815157568215;0.9999983768298204;1.024999976158142;
2016-01-21 07:30:00;0.9999441911037792;0.9998772103941316;1.0000000822123971;0.9999507060310874;0.9999852974894617;0.9999589922700496;1.0002015449710222;1.0000000684929515;0.9999496556650597;1.0000000625718382;0.999957441152855;1.0000000657181443;1.0000000634782427;0.9999812101885944;1.0000000694867113;0.999998684456765;1.0000000692911606;1.0000000837164942;1.0000000606383024;0.9999631682444609;0.9999437430805841;0.9999037131227215;0.999999644851163;1.0001868570763097;1.0002080657457697;0.9999489215031803;0.9999178426480062;0.9999746140464416;0.9961550321597962;0.9947764454600898;0.9930952413286545;0.9923647615731201;0.9999621089877008;0.9920163711357439;0.9919558609360781;0.9916286895522197;0.9912569064932701;0.991066158825473;1.0000000574434018;0.9999676157678282;0.9999458078840024;0.9999816740976889;0.9999982069670648;1.024999976158142;
2016-01-21 07:45:00;0.9999264113106678;0.9998431756640015;1.0000000938483424;0.9999360311125189;0.9999814522353263;0.9999470453362096;1.000203778582661;1.000000073670431;0.9999360496303265;1.0000000654680026;0.9999456781503538;1.0000000647195837;1.000000063004822;0.9999759740272336;1.0000000749797286;0.9999984788472795;1.0000000747181867;1.0000000961205462;1.0000000627845336;0.9999520507012781;0.9999240023605911;0.9998761081876889;0.9999995357218587;1.000188837264292;1.0002106281837562;0.9999322405257387;0.9998937498431182;0.999967250788816;0.9961260392681065;0.9947588014254489;0.9930978629442896;0.9923919422845736;0.9999521332727278;0.9920953870588779;0.9920311095867588;0.9916532153121818;0.9913187763444807;0.991110956267226;1.0000000584076196;0.9999591171818174;0.999927006569677;0.9999763667815137;0.9999977681277316;1.024999976158142;
2016-01-21 08:00:00;0.9999206898027682;0.9998625058619045;1.0000000969905218;0.9999330984800789;0.999983648813534;0.9999454584989803;1.0002064729738516;1.0000000765277453;0.9999394856214726;1.0000000681181263;0.9999478910944658;1.0000000704742382;1.000000067889256;0.9999780863032549;1.0000000778239733;0.9999986134481491;1.0000000776285016;1.0000000994347311;1.0000000653484389;0.9999493647860269;0.9999111426358681;0.9998822877692728;0.9999994299417196;1.0001915750262147;1.0002136392110819;0.9999233619733712;0.9998965465662923;0.9999668636029141;0.9958595118847906;0.9943917363642476;0.9926130605688478;0.9918507105909379;0.9999583881235454;0.9915526424260926;0.9914807607314409;0.9910377811079573;0.9906544915870541;0.990447338502979;1.0000000606906831;0.9999647165498355;0.9999145925001404;0.9999754594304083;0.9999986756218454;1.024999976158142;
2016-01-21 08:15:00;0.9999278744983939;0.9998481939463737;1.0000000945584846;0.999938718962203;0.9999826244696964;0.9999496959982148;1.0002057544794425;1.0000000760863266;0.9999401287264187;1.0000000683431924;0.9999483113989123;1.0000000718243964;1.0000000690675601;0.99997699223461;1.0000000774022026;0.9999988095667692;1.0000000771343487;1.000000096639716;1.0000000657590342;0.9999540384176051;0.9999237499868529;0.9998804762272253;0.9999995824382863;1.0001909634306037;1.0002125442292076;0.999933595822632;0.99989696569466;0.9999688650830781;0.9957138759465016;0.9941829340494338;0.9923300122220946;0.9915263940004845;0.999954794577031;0.9912119635218777;0.9911354696596357;0.9906696257102524;0.9903108344316289;0.9901432088476702;1.0000000614314941;0.9999613865175326;0.9999271298247214;0.9999777423689721;0.9999978101695381;1.024999976158142;
2016-01-21 08:30:00;0.9999350359635429;0.9998754150702616;1.0000001018717284;0.9999432130303783;0.9999840236259764;0.9999522872839733;1.0002048840278692;1.0000000823589237;0.9999419107762485;1.0000000741571617;0.9999535319291938;1.000000082390741;1.0000000782202847;0.9999806214539596;1.0000000834776415;0.9999987855844236;1.0000000833065565;1.0000001041791533;1.0000000714020376;0.999955802747747;0.9999302885578361;0.999893900573564;0.9999995962624855;1.0001900973256923;1.0002116412742366;0.9999378526624155;0.999908333494487;0.9999709796732585;0.9951718303104841;0.9933707327966843;0.9912186603023252;0.9902317733385944;0.9999600413277259;0.9897821855471105;0.9896737654238206;0.9892229634856412;0.9887792708660081;0.9885844182501735;1.0000000667280307;0.9999660622175105;0.9999326192511521;0.9999774937859767;0.9999987668297583;1.024999976158142;
2016-01-21 08:45:00;0.9999321885450676;0.9998615262587223;1.0000001096341804;0.999940173750916;0.9999822058201028;0.9999493601948044;1.0002048503237424;1.000000086660152;0.9999364677101185;1.000000077105302;0.9999497928762084;1.0000000803251288;1.0000000771711697;0.9999787338429009;1.0000000880008155;0.9999987257477628;1.0000000877630282;1.0000001122984927;1.0000000738864347;0.999953313786754;0.9999289899803844;0.9998845608681429;0.9999996114226598;1.0001900095336393;1.0002115776301976;0.9999360427793018;0.9999010032735087;0.9999690460705002;0.9949985310691799;0.9931034787240318;0.9909599554832573;0.989971608461961;0.9999553690701435;0.9892327262478736;0.9890384760824871;0.9891584333489194;0.9888137080830854;0.9886604174404073;1.0000000684738968;0.9999620199692221;0.9999313689279573;0.9999760149252824;0.9999984605800802;1.024999976158142;
2016-01-21 09:00:00;0.9999068541811607;0.9998123336589377;1.0000001468917714;0.9999152723055074;0.999971789061504;0.9999245480169255;1.0002207216982724;1.0000001029475418;0.9998955409580264;1.0000000869385606;0.9999287180608517;1.000000089096505;1.000000084564724;0.9999715633762901;1.0000001045402904;0.9999988286538922;1.0000001042917215;1.0000001524128337;1.0000000814580832;0.99992817217536;0.9999018060584849;0.9998301641138345;0.9999996187534003;1.0002048865641335;1.0002279039999689;0.9999096467047358;0.9998554563391568;0.9999545121172595;0.9951662251625751;0.9933064017015539;0.9911851295863052;0.9901925305864725;0.9999325185423106;0.9896121638665183;0.9894331777187723;0.9892654300358047;0.9888440166664652;0.9886738148855485;1.0000000724429048;0.999942826552912;0.9999041969102506;0.9999602182918681;0.9999988157640747;1.024999976158142;
2016-01-21 09:15:00;0.9998756590687521;0.9997349803374831;1.0000001913135343;0.9998879479780656;0.9999620761212338;0.999900860820628;1.0002312810418614;1.0000001203352156;0.9998628004475612;1.000000096352;0.9999041691402242;1.0000000893682732;1.0000000853035362;0.9999602905503937;1.0000001225119994;0.9999985639952266;1.0000001221255002;1.0000002003375734;1.0000000880935926;0.9999062628330688;0.999870843678232;0.9997700124283018;0.9999995340701024;1.0002145471069241;1.0002389931162092;0.9998819458640613;0.999804852750062;0.9999396958894351;0.9954046172109985;0.9936673141636653;0.9916774111837507;0.990769535799309;0.999907804304516;0.9902992478114145;0.9901375339301636;0.9898802113521347;0.9895044862790892;0.98935078069768;1.0000000748274724;0.9999216764148251;0.9998746205282176;0.9999487842371998;0.9999976392571686;1.024999976158142;
2016-01-21 09:30:00;0.9999133737614109;0.9998391771307085;1.0000001294481777;0.9999239499311602;0.9999796311846871;0.9999367389576926;1.000215193083576;1.0000000967799312;0.9999257434611204;1.0000000829331805;0.999938820645688;1.0000000867742267;1.00000008251365;0.9999742964130702;1.0000000988481261;0.9999980221245588;1.0000000985321342;1.0000001331402966;1.0000000784043899;0.999942091630287;0.9999074053388083;0.9998634378609544;0.999999370144762;1.0001991327064577;1.0002228222886318;0.9999169481236562;0.9998817129013611;0.9999614837091018;0.9951218565015718;0.9932623805957195;0.9911309326515088;0.9901415043446435;0.9999487751013655;0.989658835480398;0.9894868875472744;0.9891519136750403;0.988740715241664;0.9885696927615775;1.0000000708692045;0.9999565018724049;0.9999103496859992;0.9999709230957151;0.9999983696180115;1.024999976158142;
2016-01-21 09:45:00;0.9999275167887226;0.9998552734277387;1.0000001152106517;0.999936887195763;0.9999801778402587;0.9999452070129263;1.0002089691659173;1.0000000870638792;0.9999274151520217;1.000000077423722;0.9999473916245855;1.0000000825369413;1.0000000786735197;0.99997840455113;1.0000000878036968;0.9999994073077144;1.0000000876556934;1.0000001189657943;1.0000000739419612;0.9999476966652133;0.9999211909954085;0.999873181704105;0.9999997233873621;1.000194441271918;1.0002155158661206;0.9999304805881404;0.9998910815238055;0.9999667948058907;0.9951447726591186;0.9933075830471418;0.9912311299627451;0.9902777869082393;0.9999515269282361;0.9897619008335901;0.98957244329362;0.9893589915142665;0.9889679182705223;0.9888126536735151;1.0000000680848062;0.9999588717214014;0.9999239704836277;0.9999721801439051;0.9999988130176294;1.024999976158142;
2016-01-21 10:00:00;0.999902725076788;0.9997979246908107;1.0000001453114282;0.9999165006689986;0.999973673361011;0.9999281869229828;1.0002154034789832;1.0000001013882498;0.9999055891391702;1.0000000868116663;0.9999296594583802;1.0000000867422887;1.0000000829993794;0.9999701262402546;1.0000001025820409;0.9999993493547549;1.0000001023078995;1.0000001511106362;1.0000000815448655;0.9999317467337652;0.9998948084727761;0.9998291285900045;0.9999996535388459;1.0002004508165658;1.0002223177552345;0.9999083175979228;0.9998533822639931;0.9999561288415859;0.9949798450283713;0.9930409498796415;0.9909309392236855;0.9899474646729505;0.9999345477978716;0.9893265167094247;0.9890725663133835;0.9890602390878227;0.988688042176141;0.9885228480759148;1.0000000728020784;0.9999443333810716;0.9998990687810282;0.9999643746606682;0.9999979035799443;1.024999976158142;
2016-01-21 10:15:00;0.9998926697751743;0.9997868258444815;1.000000181044493;0.9999047046587308;0.9999686617605722;0.9999154573323474;1.0002256905984617;1.0000001165696573;0.9998837709921403;1.000000095958373;0.9999208128709992;1.0000000930125623;1.0000000884847273;0.9999680150746878;1.0000001179555174;0.9999992498803469;1.0000001176813582;1.0000001896974262;1.0000000885472502;0.9999187247283918;0.9998840506905907;0.9998073294789728;0.9999996466563337;1.0002099361669656;1.000232944689129;0.9998960808669811;0.9998353450773291;0.9999489680350283;0.9950770296769317;0.9931961993724872;0.9910625842455262;0.9900739799752952;0.9999247618208186;0.9895029224925924;0.9893141983786004;0.9891458386974785;0.9887438498467509;0.9885810317353535;1.0000000764286368;0.9999362638610586;0.9998875732846081;0.9999554335025332;0.9999986380781942;1.024999976158142;
2016-01-21 10:30:00;0.9998736903917377;0.9997277475793817;1.000000235866671;0.9998818584198935;0.9999559566465139;0.9998908482123481;1.000236378051423;1.0000001384121489;0.9998371567685289;1.0000001084852463;0.999897927664805;1.0000000963369484;1.0000000918498546;0.9999596085620462;1.0000001400327412;0.9999990037083;1.0000001396988492;1.0000002488866544;1.0000000977788661;0.9998948609307365;0.9998703884879168;0.9997494782541958;0.9999997267496192;1.0002195768277682;1.0002438030229253;0.9998777188483359;0.9997893464029554;0.9999342591546736;0.995264441704652;0.9934380019114996;0.9913237881479153;0.9903328736005794;0.9998963689930737;0.9898550989135556;0.9896998829018305;0.9893379579724945;0.9889560800215269;0.9888031718787591;1.0000000807175917;0.9999122023029448;0.9998728529357469;0.9999391901806861;0.9999985587906869;1.024999976158142;
2016-01-21 10:45:00;0.9999167882970921;0.9998159784279798;1.0000001234292237;0.9999264291735244;0.9999742503874618;0.99993471243384;1.0002106008148526;1.000000090724667;0.9999075943383957;1.0000000797633017;0.9999357785704849;1.0000000826947326;1.0000000790648442;0.9999733502338799;1.000000091579961;0.9999995479008759;1.000000091383192;1.0000001277975943;1.000000075785058;0.9999374614554538;0.9999124110205858;0.9998419086606076;0.9999997916611093;1.000196048131261;1.0002170358438538;0.9999216058529213;0.9998657803331688;0.9999602447595947;0.9951305737438707;0.9932455691062073;0.9911252192800698;0.9901265144763132;0.9999371772428919;0.9895283276963097;0.9893271806439616;0.9892034393112319;0.9888306893152853;0.9886753196183939;1.0000000691313111;0.9999465820898416;0.9999154742696057;0.9999658488499594;0.9999982636832443;1.024999976158142;
2016-01-21 11:00:00;0.9999281407099346;0.9998502994000338;1.0000001053297636;0.9999379704178344;0.9999801464463375;0.999946357791732;1.0002078943547237;1.0000000817894346;0.9999285030147405;1.000000073499963;0.9999474156354557;1.0000000791204975;1.000000075490266;0.9999779734924847;1.0000000825981268;0.9999995146885335;1.0000000824125714;1.0000001083877679;1.0000000705198888;0.999948855697222;0.999922371339611;0.9998722509161827;0.9999997514065804;1.0001935227771281;1.0002143313260925;0.9999320122394417;0.9998904767171585;0.9999673194479481;0.9953477611658164;0.9935874526902274;0.9915652831841211;0.9906346763335487;0.9999509246821312;0.9900953345886114;0.9899354195796222;0.9897622092056898;0.9893894122254238;0.9892571336689646;1.000000065499493;0.9999582807953522;0.9999253913731707;0.9999730433925473;0.9999985275101263;1.024999976158142;
2016-01-21 11:15:00;0.9999303044530875;0.9998594671577449;1.0000001123034465;0.9999396635883538;0.9999811503848608;0.9999478911989926;1.0002099380805631;1.0000000867754877;0.9999314067880135;1.0000000775578637;0.999949558668494;1.0000000856525761;1.0000000811374044;0.9999790791282165;1.0000000876884572;0.9999994449350132;1.000000087498567;1.0000001155860119;1.0000000742630346;0.9999503570910205;0.9999242713242349;0.999878382809679;0.9999997374610186;1.0001953560787824;1.0002164839109509;0.9999335109713834;0.9998954989051615;0.9999683476009485;0.9951446433438998;0.9932614180270245;0.9910671338177015;0.9900228293449452;0.9999535947083851;0.9893902941315759;0.989239806649095;0.9890624243937824;0.9886409629343692;0.9884895183053778;1.0000000686914585;0.9999605953896121;0.9999270802250256;0.9999738268970739;0.9999987349792169;1.024999976158142;
2016-01-21 11:30:00;0.9999160809587649;0.9998157383327978;1.0000001222625745;0.9999318698642568;0.9999802048850149;0.9999444922519396;1.0002142695061778;1.0000000900166375;0.9999334453906061;1.000000078959829;0.9999419620026877;1.000000081071254;1.000000077689463;0.9999730778629853;1.0000000914683047;0.999999549533556;1.0000000910435811;1.000000126328378;1.0000000749027518;0.9999484195808945;0.9999090428037546;0.9998589249572903;0.9999996893570978;1.000199566190699;1.0002210347518241;0.9999243230528483;0.9998781325321393;0.9999652997202058;0.9953048643411049;0.9935090599201775;0.9914275260912875;0.9904562432801999;0.9999475350717828;0.9898019800469102;0.9896512065376951;0.9896080277922927;0.9892610375623191;0.9891183689265095;1.0000000680828736;0.9999550787714973;0.9999141795087853;0.9999756976210908;0.9999970577263613;1.024999976158142;
2016-01-21 11:45:00;0.9999275261446033;0.9998474790495134;1.0000001176867095;0.9999363829089541;0.9999793162177535;0.9999446538201178;1.0002048066566744;1.000000090618471;0.9999254665615493;1.0000000806767928;0.9999457493249405;1.0000000839616887;1.0000000805684652;0.9999774092713645;1.0000000916635037;0.9999993164010578;1.000000091442144;1.000000121115165;1.0000000771313071;0.9999475244777852;0.9999229697995461;0.9998694298621985;0.9999997360035802;1.0001904630609215;1.0002112230330649;0.9999313833631926;0.9998884559957282;0.9999663063302945;0.9948410765062564;0.992828077770874;0.9904896236177531;0.989365744046212;0.9999490947930406;0.9886403557939298;0.9884748815542986;0.988362661103265;0.9880158191332906;0.9878667311155901;1.0000000711303167;0.9999567294211094;0.9999256822228134;0.9999720415149855;0.9999985385135929;1.024999976158142;
2016-01-21 12:00:00;0.9999411269604654;0.9998922580619583;1.0000000926550656;0.9999510515949085;0.9999873026162133;0.9999598067968893;1.0001992093041936;1.0000000773106454;0.9999536091402608;1.0000000713173358;0.999961018036665;1.0000000791877113;1.0000000756106255;0.9999834868773886;1.000000078058494;0.9999993461698802;1.0000000779260432;1.0000000946050722;1.000000069191703;0.999962183916568;0.999933671060164;0.9999088650228101;0.9999996751054941;1.0001853232567945;1.0002055825780756;0.9999436493042485;0.999920176021763;0.9999755259673165;0.995136387887071;0.9932731853170716;0.9911426231466491;0.990144670402947;0.9999676312319544;0.9895670364740926;0.989391275678975;0.9892085563814226;0.9888207738419102;0.9886634054904392;1.000000065489446;0.9999725172618263;0.9999365451760103;0.9999815542511137;0.9999988999483977;1.024999976158142;
2016-01-21 12:15:00;0.9999121399468552;0.9998229207669882;1.0000001465703738;0.9999192027805361;0.9999733791824265;0.9999282508306742;1.000214308597654;1.0000001035354749;0.9999016341068057;1.0000000874190684;0.9999319946367974;1.0000000861130913;1.0000000825107775;0.9999728501984452;1.0000001051329621;0.9999985575050947;1.0000001049227603;1.0000001519127701;1.0000000819696704;0.9999323445185623;0.9999086535595462;0.9998404671614716;0.9999995874648314;1.0001986725080292;1.0002213980595167;0.9999148332454553;0.9998644125979108;0.9999567167574572;0.9949681997392162;0.9930217631832586;0.9908641348160632;0.989851640599543;0.9999362287706314;0.989179924299444;0.9889510928147603;0.9889603814169725;0.988581168934625;0.9884016411269071;1.0000000730110976;0.9999459580407863;0.9999106185058338;0.9999625766503607;0.9999988478597525;1.024999976158142;
2016-01-21 12:30:00;0.9998802294822482;0.9998209856638401;1.0000001769223872;0.9998890928792316;0.99997568433249;0.9999094526456983;1.0002251949034882;1.000000127901879;0.9999058274167619;1.0000000993461804;0.999916844816481;1.000000093067457;1.0000000889744607;0.9999668400879184;1.000000133749152;0.9999946199229567;1.000000133283857;1.0000001809454424;1.000000091351712;0.9999204109274256;0.999874119471765;0.9998368663734452;0.9999985372068608;1.0002057144910788;1.0002352714860092;0.9998803033181557;0.9998569997325596;0.9999455542191042;0.995016990096773;0.9930747431718099;0.9908914018709661;0.9898580082938765;0.9999398291301432;0.9891840880959498;0.9889759242356707;0.9889403918804038;0.9885606144859459;0.9883915655196541;1.0000000783586915;0.9999492557613044;0.9998756451667089;0.9999604414527395;0.99999896442174;1.024999976158142;
2016-01-21 12:45:00;0.999885090423614;0.9998129472760935;1.0000001664524076;0.9998953091869991;0.9999760493061578;0.9999148426739835;1.0002181591758947;1.000000122521315;0.9999100548785744;1.0000000992349882;0.9999194375397632;1.0000000991183968;1.0000000941939389;0.999967010925993;1.000000126872218;0.9999953114375367;1.000000126462616;1.0000001705544488;1.0000000923400214;0.9999249580026194;0.9998796351977901;0.9998373598264139;0.9999987067773428;1.0001997138060554;1.0002275978655284;0.9998872508137175;0.9998579685843233;0.999948465491434;0.9946368048912956;0.9925049516600775;0.9900858526560141;0.9889071475588361;0.9999396797865883;0.9880284127184479;0.9878151504894801;0.9879356679920522;0.9875182800372491;0.9873433671282905;1.0000000809287815;0.999948943359509;0.9998818637861018;0.9999631788777409;0.9999983788737216;1.024999976158142;
2016-01-21 13:00:00;0.9998901929055637;0.9998017061202892;1.0000001800377931;0.9998998331135964;0.9999711211659539;0.9999136809624767;1.0002180075815503;1.000000124159863;0.9998913772462533;1.0000001025283296;0.9999194797608959;1.000000102924117;1.0000000975893826;0.9999679583180645;1.000000126587121;0.9999973707089248;1.0000001262791827;1.0000001867902664;1.0000000952518497;0.9999198718013098;0.9998837033742403;0.9998196098738935;0.9999992259939772;1.0002012198305539;1.0002261381891662;0.9998921132599529;0.9998448649342307;0.9999480548740978;0.9944769912667344;0.992294284912323;0.9898098404164573;0.9886042160334376;0.999930248421972;0.9877351077214772;0.9875218045108823;0.9875902571958616;0.9871289536425669;0.9869142861182115;1.0000000831822884;0.9999410012740094;0.9998860850715166;0.9999572364795756;0.9999988248492614;1.024999976158142;
2016-01-21 13:15:00;0.9999074420056829;0.9998245567735409;1.000000168676352;0.9999172654205168;0.9999740159815995;0.9999271636390825;1.0002136047814407;1.0000001175541968;0.9999024824332482;1.0000000995061369;0.9999322890070167;1.0000001008554409;1.0000000959058295;0.9999731177912088;1.0000001190297245;0.9999989473438207;1.0000001188084022;1.0000001753104353;1.0000000931088024;0.999930430923214;0.9998997168600553;0.9998389927731529;0.9999996032933072;1.00019839406537;1.0002206510283893;0.9999094220868187;0.9998619005065364;0.9999562025704057;0.9943732085235523;0.9921230182263975;0.9895831394637884;0.9883346199247979;0.9999377832924651;0.9873218628960087;0.9870878743778627;0.9873615751229128;0.986924352813828;0.9867210519408484;1.0000000823976813;0.9999473673162206;0.9999024291607769;0.9999620617987915;0.9999990663583914;1.024999976158142;
2016-01-21 13:30:00;0.9999069146294451;0.9998206178572111;1.0000001751544412;0.9999165679671139;0.999973061955231;0.9999259708025021;1.000214283979616;1.0000001203192195;0.999899011835072;1.000000101278382;0.9999312467960341;1.0000001009340265;1.0000000961544622;0.9999727477013054;1.0000001217913919;0.9999991063891672;1.0000001215674834;1.0000001823285607;1.0000000944970386;0.9999290026650177;0.9998993831259488;0.9998349091732002;0.9999996512165271;1.0001991491675202;1.0002212362744745;0.9999089873071114;0.999858735296388;0.9999554914252352;0.9943450229435628;0.9920920951365975;0.9895599383721199;0.9883211297301594;0.999935727372417;0.98730087363878;0.9870594016170429;0.9873661480916623;0.9869286734727284;0.986711999674951;1.0000000831672964;0.9999456238919985;0.999902084299806;0.9999609194266971;0.9999990784246178;1.024999976158142;
2016-01-21 13:45:00;0.9998489072863822;0.9996885817964758;1.000000279015576;0.9998603178742436;0.9999489168225555;0.9998710289554578;1.0002364942318152;1.000000161131114;0.9998085482737474;1.0000001248894397;0.9998813125352977;1.0000001093954354;1.0000001041231399;0.9999538183134565;1.0000001630603244;0.9999992031086593;1.0000001627375952;1.0000002949538576;1.0000001118365816;0.9998744835006426;0.9998406511373735;0.9997066281731622;0.9999996856113736;1.0002199217901169;1.000244060439371;0.9998519215609859;0.9997521116454259;0.9999226662198761;0.9947355987820733;0.9926458948938535;0.9902842780062384;0.9891409561015884;0.9998805377832177;0.9882971594420333;0.988081678019088;0.988192771598037;0.9877412769007652;0.9875136737482417;1.0000000907816677;0.9998989570874904;0.9998439116584474;0.9999274968678714;0.9999988256350746;1.024999976158142;
2016-01-21 14:00:00;0.9999099349541792;0.9998215462550635;1.0000001379433714;0.9999212718762575;0.9999761008317133;0.9999324313385237;1.000211301437086;1.000000099829862;0.9999129547253472;1.0000000855997122;0.9999347852831726;1.0000000861280387;1.000000082494835;0.99997286184934;1.0000001014887472;0.9999988745931097;1.0000001012022925;1.0000001426956548;1.0000000806841338;0.9999363478349907;0.9999031002990978;0.9998459529726826;0.9999995701058706;1.0001962107582651;1.0002183217078093;0.9999139510987244;0.9998675904213178;0.9999589259212327;0.994943194029175;0.9929612167300786;0.9907161182092254;0.989640257504969;0.9999410144682165;0.9888496605862458;0.988648701219115;0.9887456873033956;0.988335020378404;0.9881148044243063;1.0000000724595524;0.9999499169589868;0.9999064345439068;0.9999666575277508;0.9999983687740046;1.024999976158142;
2016-01-21 14:15:00;0.9999110238573049;0.9998377896425558;1.0000001244028418;0.9999243520745438;0.9999795659331399;0.9999368192920542;1.0002073373609977;1.0000000926850847;0.9999246118664777;1.000000080607583;0.9999397304728114;1.0000000806663756;1.000000077711216;0.9999748406055907;1.0000000941391016;0.9999988524515718;1.0000000939081966;1.0000001283495055;1.0000000764654147;0.9999405436459397;0.9999009560457585;0.9998595971255124;0.9999994875991394;1.00019257703431;1.00021441799028;0.9999142284872492;0.9998776632401045;0.9999616492359681;0.9950695234966497;0.9931567902506955;0.99097457391413;0.9899395469463739;0.999948882667291;0.9891681706140225;0.98898445924367;0.9890862958430499;0.9887081805013251;0.9884914726296495;1.0000000694968192;0.9999566518856345;0.9999047576801924;0.9999700934433438;0.9999985502552335;1.024999976158142;
2016-01-21 14:30:00;0.9999135190102075;0.999843459207648;1.0000001092612685;0.9999280999325293;0.9999824861049109;0.9999420653683139;1.00020061411794;1.0000000851506499;0.9999368032223326;1.0000000751427454;0.9999432897698085;1.0000000732487946;1.0000000714029813;0.9999754459807696;1.0000000866598124;0.9999986042786421;1.000000086432677;1.0000001121233222;1.0000000718075435;0.9999465005974981;0.9999034547707287;0.9998709795970226;0.9999994053460469;1.0001861396334744;1.0002076918344682;0.9999177169381464;0.9998866673272885;0.9999645379826011;0.9951849289645618;0.99333717198284;0.9912538226108119;0.9902804002781025;0.9999544862463001;0.989520091845265;0.9893261544612467;0.9895017236249919;0.9891769310878414;0.9889477152804536;1.000000066145224;0.9999613018102013;0.9999076662335376;0.9999747443373924;0.9999981607434193;1.024999976158142;
2016-01-21 14:45:00;0.999931820317823;0.9998644421743742;1.0000000974979055;0.999943018057715;0.9999841588035262;0.9999529512247083;1.0001955961108018;1.0000000777375353;0.9999438575265003;1.000000070240357;0.9999530928694524;1.0000000685507056;1.000000067154128;0.9999795843424694;1.0000000787072676;0.9999992724904229;1.0000000785224903;1.0000000999907608;1.0000000676168566;0.9999560400922326;0.9999251352442455;0.9998892145577016;0.9999996572419162;1.000181921824645;1.000201906249851;0.9999360665274409;0.999903834299506;0.9999711078660869;0.9953537527108572;0.9935702274663951;0.9915437168541441;0.9905950791125381;0.9999593239091217;0.9898921055224249;0.9897152331408763;0.989810288896175;0.9894982994536533;0.9892530736816963;1.000000063143158;0.9999653547517684;0.9999285296046604;0.9999784764395744;0.9999983464292898;1.024999976158142;
2016-01-21 15:00:00;0.9998863499713778;0.9997833672999432;1.000000146707744;0.9998973911241628;0.9999672686598878;0.9999092461679607;1.0002125408740106;1.0000000978820858;0.999877185989273;1.0000000811224021;0.9999156111965186;1.0000000698799854;1.0000000687776172;0.9999666909381056;1.0000000994622082;0.9999985038170472;1.000000099236632;1.0000001530407712;1.000000075421403;0.9999133668103986;0.9998778782502108;0.9998002581966372;0.9999994521709176;1.0001971177063698;1.0002198677915932;0.9998885500828227;0.9998290403156432;0.9999454648145674;0.9956668231903598;0.9940260867572394;0.9921872040290118;0.9913505732696843;0.9999219813314986;0.990798569852716;0.9906189216162105;0.9906120206864258;0.9903080470005182;0.990035017138256;1.0000000661958646;0.9999340018801766;0.9998808619098583;0.9999523705559619;0.9999988920072407;1.024999976158142;
2016-01-21 15:15:00;0.9999104998294991;0.9998246989167793;1.0000001220569643;0.99992138614588;0.9999757816271321;0.9999319456675996;1.0002055373638365;1.0000000867099896;0.9999110282487849;1.0000000745783115;0.9999350864111685;1.0000000671374973;1.000000066103376;0.9999733384827674;1.0000000879204254;0.9999989618617299;1.0000000876939013;1.0000001266589955;1.0000000703629768;0.9999354970178039;0.999903328681986;0.9998458522078297;0.9999995816959582;1.0001909423151916;1.0002123261729667;0.9999138972161109;0.9998675803228287;0.9999587629295025;0.9956503551339142;0.9940240320175455;0.9922191009056998;0.9914113520504944;0.9999408302687494;0.9908691982263279;0.9906793046581351;0.9907045804044063;0.9904223832456498;0.9901764967075148;1.000000063452269;0.9999498120494333;0.9999064893658137;0.9999657477269704;0.9999985929871436;1.024999976158142;
2016-01-21 15:30:00;0.9998895330824965;0.9997999136925151;1.000000146115113;0.9999001110470683;0.9999726290167404;0.9999155950954245;1.0002152227996102;1.000000101020983;0.9998985242328832;1.0000000816084151;0.9999200483337393;1.0000000695930624;1.0000000685019164;0.999967242470803;1.0000001040854607;0.9999970018852261;1.0000001037240223;1.0000001510184722;1.0000000756225862;0.9999228866066416;0.9998837073285317;0.9998242472510848;0.9999991157295381;1.0001983707190691;1.0002234917371775;0.9998926656234897;0.9998484126803864;0.9999488800457996;0.9957688668030827;0.9941702385431362;0.9923966083702909;0.9915962053479298;0.9999325988181094;0.9910703920513532;0.9908833254076629;0.9908880691274826;0.9906004310564022;0.9903463125561697;1.0000000660134467;0.9999428829752403;0.999886425841029;0.9999600708402349;0.9999983766753007;1.024999976158142;
2016-01-21 15:45:00;0.99987872652362;0.9998018428060971;1.0000001468694248;0.9998951567817539;0.9999758272538202;0.9999148806458964;1.0002134712565993;1.000000102420742;0.9999090886139539;1.0000000833840563;0.9999201470092551;1.000000072166918;1.0000000709202637;0.9999667521418346;1.0000001055178733;0.9999968695566588;1.0000001051528609;1.0000001518246076;1.0000000774271733;0.9999224274894486;0.9998660622498455;0.9998275500235136;0.9999989159226751;1.0001967917793722;1.000222152543738;0.9998815488809527;0.9998481863894622;0.9999484166282049;0.9955526768855011;0.9938926602802904;0.991993609516358;0.9911389604959524;0.9999387668103978;0.9905764679805658;0.9904203357065519;0.9903835450422277;0.9900684235810275;0.9897886599517677;1.0000000676880287;0.9999481728149433;0.9998703365520336;0.9999624307678353;0.9999982844115485;1.024999976158142;
2016-01-21 16:00:00;0.9999178370512879;0.9998168825194153;1.00000011502037;0.9999258199420594;0.9999744598423739;0.999934578564283;1.0002055617288967;1.00000008301671;0.9999090696668178;1.0000000720086808;0.9999351614616271;1.000000065226517;1.0000000642824494;0.9999728517841239;1.0000000840818728;0.9999989345574507;1.0000000838541299;1.0000001191171932;1.0000000681976475;0.9999385784048407;0.9999161314057604;0.9998449045614176;0.9999996879251087;1.0001908381605253;1.0002121032347144;0.9999229940495834;0.9998687603404419;0.9999600499515507;0.9957598010687414;0.9941960191606073;0.992474058158743;0.9917202720291513;0.9999373994752294;0.9910847242695583;0.9908931244062555;0.9911492381988762;0.990948243270912;0.9908023869443249;1.0000000620181346;0.9999467230892314;0.9999186781739676;0.9999665986182449;0.9999981204794681;1.024999976158142;
2016-01-21 16:15:00;0.9998668003625758;0.9997785061428325;1.000000159642467;0.9998907436348534;0.9999738543439246;0.9999108946729417;1.0002202503401096;1.0000001028159196;0.9999015576207758;1.00000008419529;0.9999172120320438;1.0000000710674986;1.0000000700118565;0.9999650083394839;1.0000001048544687;0.9999987032731167;1.0000001045214475;1.000000167298843;1.0000000776740776;0.9999155134754527;0.9998456281542912;0.9998064509388154;0.999999177829234;1.0002047708880886;1.000228404979534;0.9998705463499176;0.9998287080781508;0.9999459493373825;0.9958138322075243;0.9942567148929348;0.9925227540700402;0.9917566372527749;0.9999336732618797;0.9911522268361002;0.9909742977185023;0.9911478951766066;0.990933050028496;0.990764462723014;1.0000000669394533;0.9999438668269552;0.9998523674378964;0.9999592124424932;0.999998127895481;1.024999976158142;
2016-01-21 16:30:00;0.9998580499913448;0.9997462110454989;1.000000164010631;0.9998847134419322;0.9999723875284586;0.9999075360529615;1.000222309582265;1.0000001053200689;0.9999003132723161;1.000000085667903;0.9999104847125233;1.0000000717663426;1.000000070715489;0.9999604823328996;1.0000001077333278;0.9999984619010395;1.0000001073074962;1.0000001717344866;1.0000000788414363;0.9999136666949268;0.9998383470256158;0.9997913590234425;0.999999115673623;1.0002064990478696;1.00023068178042;0.999865278001796;0.9998159527864168;0.9999432473883663;0.9957902069466275;0.9942347875164873;0.9925415694093956;0.9918059485239209;0.9999277391643945;0.9912067829218962;0.9910032615360593;0.9912342888842751;0.9910527911254625;0.9909231285201584;1.0000000676239333;0.9999385591045025;0.999846165975459;0.9999598084445193;0.9999969460477652;1.024999976158142;
2016-01-21 16:45:00;0.9998930553421742;0.9997956676694854;1.000000116009374;0.999911362440289;0.9999770021092746;0.9999280069582241;1.0002093038024364;1.0000000827135231;0.9999184584020185;1.0000000709411776;0.9999287165452112;1.0000000626921768;1.000000062070477;0.9999685615172745;1.000000084320333;0.9999986048132405;1.0000000839927572;1.000000120182585;1.0000000669316493;0.9999332445816441;0.9998816375599082;0.9998342357489368;0.9999993476079806;1.000194304143354;1.0002167373270825;0.9998995104937947;0.9998552599043571;0.9999557083447386;0.996102808996703;0.9946743584495313;0.993134364822283;0.992475798155135;0.9999402311507087;0.9919221004841329;0.9917251354423963;0.9919758235297726;0.9918649323081309;0.9917975947143413;1.0000000603822614;0.9999490898008169;0.9998871129396276;0.9999682074831869;0.9999973873332326;1.024999976158142;
2016-01-21 17:00:00;0.9999085465535149;0.999830671734043;1.0000001009088877;0.9999245054735598;0.9999812435022584;0.9999391589188793;1.0002035373888487;1.0000000759848344;0.9999330104169065;1.0000000667563875;0.9999400974732063;1.0000000603872936;1.0000000598973273;0.9999736804971107;1.0000000773853146;0.9999987138113521;1.0000000771069528;1.0000001039829822;1.0000000636375688;0.9999436835510108;0.9998979437029765;0.9998620112044808;0.9999994048029748;1.0001889866407032;1.0002106633199261;0.9999136168810415;0.9998789648139821;0.9999626319723971;0.9961528312964125;0.9947420186217493;0.9932363952176184;0.9925937278170965;0.9999510606882204;0.9920189992725446;0.9918142687631832;0.9921293126143376;0.9920512202262468;0.9920144290499996;1.0000000584855857;0.9999583413577418;0.9999026435775439;0.9999735003868845;0.9999978815212582;1.024999976158142;
2016-01-21 17:15:00;0.9998885736311385;0.9997932491981699;1.0000001077298502;0.9999093103941069;0.9999766479292272;0.9999261878698086;1.0002061994802174;1.0000000771942286;0.9999159279241432;1.0000000672567375;0.9999280168352513;1.000000058928531;1.0000000586954862;0.9999685612652606;1.0000000784132164;0.9999991262160739;1.0000000781251823;1.0000001117654023;1.0000000637596484;0.9999302648379257;0.9998733284526428;0.9998288513590249;0.9999993923901669;1.0001919078920591;1.000213401718103;0.9998944104946316;0.9998497979174705;0.9999547689947118;0.9963544817264776;0.9950426128174916;0.9936381497658072;0.9930575297652374;0.9999396767188123;0.9924443212544958;0.992256862252106;0.9927021217736454;0.9926554301097502;0.9926219274515078;1.0000000580386958;0.9999486971237181;0.9998794936156024;0.9999666832692172;0.9999975871304231;1.024999976158142;
2016-01-21 17:30:00;0.9999229153568825;0.9998364708621105;1.000000084069111;0.9999386287031988;0.9999837210285056;0.9999513839062419;1.0001939121546664;1.0000000676598726;0.9999458895359509;1.000000061847081;0.9999486079172515;1.0000000572384433;1.0000000570178949;0.9999758966804811;1.0000000685683168;0.9999994211063586;1.0000000683221735;1.000000086114525;1.0000000597799128;0.9999551780954123;0.9999151315286187;0.999877063057511;0.9999996272559455;1.0001805361720264;1.000200210580336;0.9999304155891758;0.9998928608076777;0.9999695248698853;0.9961766542876263;0.9947915150219543;0.99332287539674;0.9927065218633638;0.9999557921270298;0.9919922423835483;0.991784870117901;0.9923724926643595;0.9923255676313465;0.9922936517744478;1.000000056319925;0.9999621104836873;0.9999201499316674;0.9999799534918278;0.9999972428640053;1.024999976158142;
2016-01-21 17:45:00;0.9999285284955014;0.9998402630063908;1.0000000897425783;0.9999415172357342;0.9999827642335459;0.999952289821412;1.0001945406711785;1.000000070554504;0.9999423776301445;1.0000000639215822;0.9999496061982464;1.0000000584001785;1.0000000581888695;0.9999766911409641;1.0000000714665827;0.999999479125305;1.0000000712122659;1.0000000921712453;1.0000000615475402;0.9999558813548151;0.9999234129822936;0.9998783253572027;0.9999997134848364;1.0001811011239692;1.0002006641755004;0.9999357616296947;0.9998951390531792;0.9999701547111501;0.995988885515472;0.9945435571834389;0.9930211567665529;0.992386906529272;0.999954349943833;0.9916479893554625;0.9914249497802565;0.9920458404583444;0.9919933909222538;0.9919512478397203;1.0000000576006047;0.9999608948671941;0.9999276596979504;0.9999791390298619;0.9999974180197456;1.024999976158142;
2016-01-21 18:00:00;0.9999064727972338;0.999818250245774;1.0000001098463325;0.9999234465016176;0.9999796221831089;0.9999375890550629;1.0002027021832267;1.0000000800057574;0.9999279540734696;1.0000000697811848;0.9999380659108572;1.0000000609974293;1.0000000608010282;0.9999725458743124;1.000000081327427;0.9999992097950582;1.0000000810323673;1.0000001137098011;1.0000000661942947;0.9999415190966352;0.9998955225725012;0.9998526978535531;0.9999995201431082;1.0001886112741316;1.0002095241589108;0.9999124505087604;0.9998714116387963;0.9999615640564801;0.995921727623282;0.9944390483741526;0.9928565782628369;0.992186342634687;0.9999470578024082;0.9913635001581688;0.9911485190691531;0.9918546122388006;0.9918192360596629;0.9917940451074486;1.0000000602582904;0.9999548908900572;0.9999006807893661;0.9999720693013945;0.9999976698738067;1.024999976158142;
2016-01-21 18:15:00;0.9999107413673061;0.9998168107245266;1.0000000934613522;0.9999266479945178;0.9999819865291919;0.9999426817941959;1.0001994577007607;1.0000000734235421;0.9999402552065478;1.0000000651657774;0.9999394580021805;1.0000000588168865;1.0000000585977002;0.999971749082621;1.0000000749771578;0.9999982263051148;1.000000074657351;1.0000000956974677;1.0000000624569092;0.9999489709630522;0.9999045252520687;0.9998637644335332;0.9999993485297407;1.0001847304645686;1.0002066243354437;0.9999190127299558;0.9998812132800561;0.9999640910242577;0.9961353631311981;0.9946909614201254;0.9931327330981021;0.992446023564353;0.9999506034379514;0.9915832190198978;0.9913847576363443;0.9921196189136978;0.9920877851401247;0.992074780025515;1.0000000579747859;0.9999576566409027;0.9999094730289015;0.9999776439835351;0.9999968077319092;1.024999976158142;
2016-01-21 18:30:00;0.9998759430111247;0.9997955332099263;1.0000001198610253;0.9998960282618283;0.9999791864039664;0.9999194070352494;1.0002121726750497;1.000000087334594;0.9999246274467948;1.0000000724152167;0.9999214847017022;1.0000000613517235;1.0000000611280218;0.9999654645189975;1.0000000903696409;0.9999964340215858;1.0000000899463894;1.000000123220478;1.0000000679049283;0.9999284575378743;0.9998626460038269;0.9998351849600928;0.999998746163865;1.0001952911596217;1.0002211929561133;0.9998813008002784;0.9998533559942813;0.9999505428943514;0.9962335175617474;0.994880594699482;0.993423813541405;0.9928219327821751;0.999943931781538;0.992081597863541;0.9918938178276905;0.9925249945509877;0.9924969117163523;0.9924866746374947;1.000000060569922;0.9999523280346071;0.9998681254129298;0.999968495639196;0.9999973123929203;1.024999976158142;
2016-01-21 18:45:00;0.999881106312807;0.99981170329303;1.000000116231666;0.9999003735270225;0.9999800199174271;0.9999220861932837;1.0002090362204936;1.0000000859232785;0.9999257145583489;1.0000000718163724;0.9999257266500302;1.000000061254128;1.0000000610611692;0.9999680531575547;1.0000000887436935;0.9999968287626135;1.000000088374447;1.0000001193586843;1.0000000675660554;0.9999298969882325;0.9998664015546561;0.9998428272226494;0.9999988318242474;1.0001926910685985;1.0002177533857133;0.9998848162138209;0.9998597751205865;0.9999524922961579;0.9961123266881778;0.9947164339003192;0.9932339073025427;0.9926228379690807;0.999947146968365;0.9918359488469617;0.9916285764152287;0.9923454414753664;0.9923212341699398;0.9923121649710223;1.0000000606294845;0.9999551870004144;0.9998715515203044;0.9999684341656371;0.9999979003253162;1.024999976158142;
2016-01-21 19:00:00;0.9998903752450373;0.9998316259518526;1.0000001011166304;0.9999090547228489;0.9999830748656735;0.9999299314378158;1.0002021870939628;1.0000000781289586;0.9999368280967509;1.0000000676220269;0.9999331209124008;1.0000000596908205;1.0000000595191656;0.9999711359623522;1.000000080241672;0.9999969596536552;1.0000000799425173;1.0000001035757524;1.0000000643804547;0.999937234892239;0.9998756882305527;0.9998604375296833;0.9999988641009685;1.0001864190760192;1.000210611571744;0.9998936357668274;0.999874581839974;0.9999572738083224;0.9961103362832429;0.9946786694092444;0.9931657060499074;0.9925182354080565;0.9999544659952431;0.9917170822024297;0.9914993887534804;0.9922020447763406;0.9921788345021885;0.9921697666058374;1.0000000589978444;0.9999614000064225;0.9998806475973792;0.9999725658434653;0.9999980583325279;1.024999976158142;
2016-01-21 19:15:00;0.9998875463037349;0.9997885754879566;1.000000129095755;0.9999023586086091;0.999973292296826;0.9999185187683524;1.0002144217514959;1.000000088631136;0.999902968102825;1.000000073333303;0.9999213187742335;1.0000000608636859;1.0000000606761612;0.9999666377500588;1.0000000908652977;0.99999787070937;1.000000090499922;1.000000133870265;1.000000068398657;0.999924741101787;0.9998787444324696;0.9998208532575641;0.9999992405097612;1.0001984085770577;1.0002223009187334;0.9998925626608175;0.9998448417072784;0.9999503025734291;0.9963728303017483;0.9950078024967709;0.9935562803272991;0.9929200865190778;0.9999328558260393;0.9921076772381906;0.9919060930216123;0.9926266190592875;0.9926034117209912;0.9925947497037612;1.0000000605263475;0.9999429633016731;0.999882977060619;0.9999621451879926;0.9999978186298697;1.024999976158142;
2016-01-21 19:30:00;0.9998795045246245;0.9998093963788585;1.0000001227831141;0.9999005899920345;0.9999786765578992;0.9999207743686616;1.0002148947013172;1.0000000859704796;0.9999193710914224;1.000000071781708;0.9999260674506069;1.0000000603904615;1.000000060223999;0.9999686639055994;1.000000088204713;0.9999978919542489;1.0000000879038737;1.0000001272607737;1.0000000672196452;0.9999265107188104;0.999861163111028;0.9998353178015219;0.9999990286806514;1.0001990712786453;1.0002232580019983;0.9998825207266309;0.9998531663362139;0.9999519139048475;0.9964651075408263;0.9951323577618728;0.9936921401502509;0.9930575012782868;0.999944920334522;0.9922676238631476;0.9920861163442098;0.9927507209112026;0.9927280437690347;0.9927189708444475;1.0000000597862344;0.9999533950211361;0.9998669114934216;0.9999657648352942;0.9999982596148923;1.024999976158142;
2016-01-21 19:45:00;0.9998757488871047;0.9997989850880113;1.0000001206585472;0.999899819219808;0.99998076102745;0.9999231345066653;1.0002140510642836;1.0000000861016813;0.9999300554768953;1.0000000718729474;0.9999257088625532;1.0000000608637272;1.0000000606499007;0.9999667957718329;1.0000000887973746;0.9999975104724986;1.0000000883472597;1.0000001244990924;1.0000000673669374;0.9999303483127925;0.9998574250996134;0.9998380509165152;0.9999989030691889;1.0001980072698837;1.0002227002729078;0.9998812551865642;0.9998546253703249;0.9999527675619531;0.9963887362179492;0.9950224715426556;0.9935808070782984;0.9929462210468757;0.9999473967583952;0.9921043395234862;0.9918951254466727;0.992675027778462;0.9926500371579304;0.9926405866154647;1.000000060035806;0.9999552824575155;0.9998642108380171;0.9999701323608777;0.9999973444135477;1.024999976158142;
2016-01-21 20:00:00;0.9998994874270906;0.9998039047172649;1.000000109724948;0.9999150778150661;0.9999775090506839;0.9999307283431943;1.0002117572215397;1.000000078636822;0.9999207818283667;1.0000000671204805;0.9999309847469047;1.000000057812432;1.0000000576365093;0.9999695310978215;1.000000080393949;0.9999982801908857;1.0000000800559523;1.0000001134249596;1.0000000633575066;0.999936536346261;0.9998912888591175;0.9998419639477931;0.9999993391758187;1.0001962581950516;1.0002192905653877;0.9999059244071898;0.9998627188811222;0.9999573235483487;0.9966879845913791;0.9954430847292087;0.9941241898711253;0.9935515803968555;0.9999416929238009;0.9927336272380574;0.9925465448406761;0.9933466787482874;0.9933220424542044;0.9933125854988437;1.0000000573441294;0.999950301992337;0.9998959635722252;0.9999694988085988;0.9999974159680568;1.024999976158142;
2016-01-21 20:15:00;0.9998576100945413;0.9997529736520856;1.0000001428709024;0.9998823596254006;0.9999728128224493;0.9999059752694696;1.0002239056757036;1.0000000928025619;0.9999010841698375;1.0000000751984524;0.9999095068411696;1.0000000607883404;1.0000000605896795;0.9999604326277685;1.000000095345509;0.9999976177392055;1.0000000949160683;1.0000001490792532;1.0000000694030817;0.9999133483723541;0.9998395559417798;0.9997955859877756;0.9999989349032734;1.0002072816919425;1.000232753865137;0.9998639813123146;0.9998195147438805;0.9999424163098671;0.9968311701939957;0.9956022517045431;0.9943327264606282;0.9937671723378969;0.9999289898442519;0.9928937225225507;0.9926874228183081;0.9936095797560767;0.9935861124868012;0.9935774418780712;1.0000000601694103;0.9999396682726508;0.9998466209157563;0.9999596999708491;0.99999710675762;1.024999976158142;
2016-01-21 20:30:00;0.9998599794679432;0.9997464896665785;1.0000001424379656;0.9998819204424851;0.9999693969504748;0.9999027539113754;1.0002220387981104;1.0000000914000577;0.9998881637544428;1.0000000740886803;0.999906869794367;1.0000000596839;1.0000000595135699;0.9999601802975985;1.0000000935411015;0.9999979569938717;1.0000000931966628;1.0000001488983612;1.0000000683764;0.9999092841948753;0.9998442535039765;0.9997851330231121;0.9999990864343444;1.000205747569188;1.0002304709831393;0.999865866980561;0.9998122632945794;0.9999406761191165;0.9969260777943934;0.995748883489292;0.9945202426163035;0.9939816786021841;0.9999223320621096;0.9931756601873543;0.9929864411844498;0.993814020034645;0.9937904020105426;0.9937805303296948;1.0000000593809806;0.9999340615665228;0.9998505502123227;0.9999554794447044;0.9999973853870302;1.024999976158142;
2016-01-21 20:45:00;0.9998624259737852;0.9997580080123498;1.0000001523700106;0.999881995786358;0.9999688800385456;0.9999014574252993;1.0002243552741767;1.000000095938083;0.9998840612237083;1.0000000766642982;0.9999076323049031;1.0000000605877066;1.0000000604208028;0.9999614984630106;1.00000009824146;0.9999978424977167;1.000000097911065;1.0000001595025336;1.0000000703385121;0.9999077156671349;0.9998471776249821;0.9997877608453016;0.9999990911658175;1.000207782628725;1.0002328584902713;0.9998665181718817;0.9998148638279268;0.99994024824875;0.996906432009446;0.9956996696074641;0.9944612748759742;0.9939075959144149;0.9999225513555664;0.9930795777771163;0.9928715769510249;0.9937348085243907;0.9937116423634241;0.9937021816931523;1.0000000604055017;0.999934395814622;0.9998526089502988;0.9999534828979664;0.9999979977772832;1.024999976158142;
2016-01-21 21:00:00;0.999856812463037;0.9997335569000672;1.0000001679611867;0.9998745248008903;0.9999639042021266;0.9998930017107897;1.0002330353614033;1.0000001001097445;0.999866662202526;1.0000000779416405;0.9998992815957498;1.0000000594877287;1.0000000593157112;0.9999581171264816;1.0000001025540564;0.9999977860655316;1.000000102163911;1.0000001765076278;1.0000000706612284;0.9998996829959917;0.9998447428217626;0.9997660510033395;0.999999150900499;1.0002157600156372;1.0002416525073876;0.999861755227442;0.9997980355643273;0.999935071984561;0.9975125555504593;0.9965059066693895;0.9955035681938623;0.9950492608391945;0.9999112142609101;0.9944223721764615;0.9942283998667798;0.9948716120773019;0.9948479450895765;0.9948388527530028;1.000000059525244;0.9999247319667631;0.999849742074029;0.9999478060598608;0.999997803629691;1.024999976158142;
2016-01-21 21:15:00;0.9998693345318006;0.9997623280328983;1.0000001265712133;0.9998915743720993;0.9999732835972116;0.9999124501354429;1.000223308565487;1.0000000835900982;0.9999039627428506;1.0000000689578605;0.9999148183712515;1.0000000570711147;1.000000056905428;0.9999625953539298;1.0000000856734685;0.9999980217716783;1.0000000852789535;1.0000001319284129;1.0000000641455264;0.9999190819542961;0.9998543096260506;0.9998047926086612;0.9999991042789653;1.0002069835680683;1.0002317117460373;0.9998761103264264;0.9998287402182559;0.9999462685405786;0.9973883446896855;0.9963286395903904;0.9952817318416071;0.9948015417882616;0.999930587918653;0.9941269776539385;0.9939172974000255;0.9946219413734564;0.9945988386849561;0.994589369550523;1.0000000566060623;0.9999409556710209;0.9998607992338359;0.999961751866792;0.9999971098336788;1.024999976158142;
2016-01-21 21:30:00;0.9999099835286291;0.9998153372934834;1.0000000934755724;0.9999246469054908;0.9999784005479515;0.9999375766321765;1.0002127857320366;1.000000068419978;0.9999244219584327;1.0000000602847672;0.9999373544320733;1.0000000535896385;1.000000053462531;0.9999722703162058;1.0000000694471027;0.9999990769279575;1.0000000692105666;1.0000000967278564;1.0000000575415324;0.999941816631171;0.9999022488839916;0.9998510857932738;0.9999995517012282;1.0001978451398694;1.0002197911612176;0.9999164010668121;0.9998712431402924;0.9999614929224933;0.9975776945042174;0.9966046679605627;0.9956456703314612;0.995213245235448;0.9999444449256606;0.9945593461063;0.9943652557788796;0.9950832189440424;0.9950592551891593;0.9950497816615659;1.0000000532334192;0.9999526192932214;0.9999067997004776;0.9999714361770414;0.9999975728780116;1.024999976158142;
2016-01-21 21:45:00;0.9999031703188379;0.9997991986104048;1.0000001067053006;0.9999169148647008;0.999974636697735;0.9999294506195278;1.0002179800898519;1.0000000737418646;0.9999100084622098;1.000000063120475;0.9999303368554002;1.0000000543508107;1.000000054216115;0.9999698571046314;1.000000074968145;0.9999990077510026;1.0000000747088884;1.0000001109654433;1.0000000595816436;0.9999338358119376;0.9998962309357643;0.9998335017963559;0.9999995608760172;1.0002026046380326;1.0002251247388008;0.9999093653663177;0.9998569946732133;0.999956704845749;0.9976590251485776;0.9966984029709411;0.9957582249644921;0.9953255196968077;0.9999362423565062;0.9946548213198592;0.9944588504167201;0.9952065931268474;0.9951829855521338;0.9951746802800069;1.0000000541109557;0.9999457075214923;0.9999004922913832;0.9999661104894698;0.9999976739148547;1.024999976158142;
2016-01-21 22:00:00;0.9999147234866359;0.9998264710543913;1.0000000851388968;0.9999286825841572;0.9999797468693464;0.999941017988428;1.0002098618508808;1.0000000646064744;0.9999289618233017;1.0000000579638455;0.9999408374014617;1.0000000525261121;1.0000000524203225;0.9999739294794724;1.0000000654312033;0.9999990984715806;1.0000000652462286;1.0000000878398712;1.0000000557308397;0.9999449918209725;0.9999070960747206;0.9998596940630704;0.999999562286087;1.0001951324673701;1.0002167528829515;0.9999206025373869;0.9998785367169467;0.9999636555253929;0.9977338828272327;0.9968475870529858;0.9959718895408711;0.9955941517783032;0.9999479132662492;0.9950101684089465;0.9948347968249003;0.9954892952826669;0.9954667803730181;0.9954580933175794;1.0000000522196015;0.9999555888705755;0.9999113987535754;0.9999730421962977;0.9999977496836028;1.024999976158142;
2016-01-21 22:15:00;0.9999234193941179;0.999861458674688;1.0000000737131574;0.9999375745551152;0.9999851115839563;0.9999501568549447;1.0002053562800988;1.0000000601017016;0.999946659797759;1.0000000552798858;0.9999509972469534;1.000000051532192;1.0000000514442837;0.9999784630795382;1.0000000608492892;0.9999989956961848;1.0000000607089865;1.0000000754505034;1.0000000537090663;0.9999537427109225;0.9999133600704261;0.9998870939111509;0.9999994902435818;1.000190891710769;1.0002122851375945;0.9999274709957565;0.9999004365116212;0.9999694039159714;0.9978732221765574;0.9970349442915373;0.9962159390204904;0.9958619558414692;0.9999608794564159;0.9953280545834055;0.9951559821480418;0.9957545696015733;0.9957319699121356;0.9957228694776306;1.0000000511953273;0.9999667085596258;0.9999175061573784;0.9999785940029197;0.9999982721027698;1.024999976158142;
2016-01-21 22:30:00;0.9999132530574656;0.9998271760948801;1.000000084654955;0.9999275261375564;0.999979253635497;0.9999395772768545;1.000212278037864;1.000000063990975;0.9999261528502459;1.0000000574206882;0.9999403416936601;1.0000000520826748;1.0000000519828367;0.999974099663888;1.0000000647842162;0.999999279171423;1.0000000646136515;1.0000000874135069;1.0000000552231525;0.999943040263839;0.9999043358438382;0.9998571465074435;0.9999995845085135;1.0001975496337479;1.0002191733645525;0.9999184763198132;0.9998761722798563;0.9999629335974588;0.9979794622396518;0.9971945938875043;0.9964200342273792;0.9960954336463173;0.9999472353478238;0.9956166725045832;0.9954606984413541;0.9959895675096703;0.9959658009302902;0.9959563187572339;1.000000051791895;0.9999550798992312;0.9999086837155796;0.9999716804118849;0.999997973333867;1.024999976158142;
2016-01-21 22:45:00;0.9999271338642637;0.9998728846703945;1.0000000687456612;0.9999410483807352;0.9999869242917696;0.9999536472135302;1.0002029164394228;1.0000000578760861;0.9999529708987804;1.0000000539992897;0.9999545150983814;1.0000000510382838;1.0000000509555067;0.9999799505581369;1.000000058511392;0.9999989059323281;1.0000000583879147;1.0000000701328118;1.0000000527328585;0.9999572299227093;0.9999168819252711;0.9998968569724891;0.9999994642913871;1.000188551048208;1.0002098358797686;0.9999307631535755;0.9999084360598023;0.9999715516910799;0.9979802167151104;0.9972067374230505;0.9964394760446025;0.9961223993809417;0.9999651702746082;0.9956462208666639;0.9954951377362715;0.9960248012204269;0.9960015381207155;0.9959920556058003;1.0000000506917193;0.9999703676972265;0.999920901604639;0.9999807476403091;0.9999983855419643;1.024999976158142;
2016-01-21 23:00:00;0.9999329208767228;0.9998649954927663;1.000000071527201;0.9999446437052874;0.9999846273514262;0.9999545470469785;1.0002043782214523;1.0000000587664382;0.9999460882741252;1.0000000546218402;0.9999543220959651;1.0000000512783083;1.0000000511902836;0.9999798107243099;1.0000000593114469;0.9999994090041968;1.000000059179351;1.0000000732215142;1.000000053212665;0.9999574528618791;0.9999259964530464;0.9998911351095652;0.9999996692096321;1.0001902414119423;1.0002108458225054;0.9999375324452817;0.9999054077141472;0.9999719874904692;0.9979151366471446;0.9971001698565317;0.996291836167803;0.9959455840488672;0.9999602202264808;0.9954238530888295;0.99526459514282;0.9958401939945397;0.9958167596745039;0.9958072789219569;1.0000000509676241;0.9999660791000091;0.9999296031247767;0.9999794245669155;0.999998235331416;1.024999976158142;
2016-01-21 23:15:00;0.9999445233537151;0.9998806117122377;1.0000000644295564;0.9999554481208158;0.999987935493568;0.9999645387532118;1.0001999976593432;1.0000000559701434;0.999959961170315;1.000000053061353;0.9999623766891047;1.0000000508127633;1.0000000507255677;0.9999824003448249;1.0000000564522926;0.9999995267735363;1.000000056322845;1.000000065496692;1.0000000520677828;0.9999674219254889;0.999939538456257;0.9999102912695714;0.999999735664957;1.0001862164322328;1.0002061829658817;0.999950042511529;0.9999220425362186;0.9999777722315513;0.9979138937907298;0.997122478929163;0.9963484846399265;0.9960330004824234;0.9999673692903817;0.9955659703974493;0.995403988491919;0.9959312775918816;0.9959072090870814;0.9958977274716315;1.0000000504623077;0.9999720274974665;0.999943045499966;0.9999852861974943;0.9999979886807462;1.024999976158142;
2016-01-21 23:30:00;0.9999468115021828;0.9998988962300644;1.0000000619584115;0.9999567338348909;0.9999890480815025;0.9999651927488514;1.0001952556574303;1.0000000550527264;0.9999612413783755;1.0000000526054618;0.9999652096481356;1.0000000507137905;1.0000000506408444;0.9999846658375942;1.0000000554256472;0.9999994514547679;1.0000000553443715;1.0000000628563073;1.0000000517767793;0.9999675098927592;0.9999401646183906;0.9999183904296834;0.9999996981717965;1.000181752951122;1.0002013989993448;0.9999500484818522;0.9999283945106925;0.9999785927077462;0.9978053640625031;0.9969728909984671;0.9961517389090292;0.9958123320489682;0.9999712706778476;0.9953014332464383;0.9951357511024812;0.9957086720224844;0.9956857516858685;0.9956766516734739;1.0000000504113493;0.9999755219068504;0.9999431359965817;0.9999848038380809;0.9999986967560693;1.024999976158142;
2016-01-21 23:45:00;1.000265051013574;1.0002289267085067;1.0003068100080763;1.0002722648255813;1.000299143775982;1.0002793225388507;1.0004941034446992;1.0003053017069892;1.0002799398784792;1.0003049384262992;1.0002800401735592;1.0003048800589098;1.0003048826766332;1.000293130498854;1.0003054105752023;1.000304607786873;1.0003053892730263;1.0003070287523685;1.0003048887082207;1.0002830231835536;1.0002612154771846;1.0002466588563892;1.0003050517242265;1.0004807989369635;1.0005000547550627;1.0002685460005718;1.0002539413610392;1.0002890686702643;0.9982990923659784;0.9975354594200809;0.9967741779247059;0.9964586618023972;1.0002857302174983;0.9959943096919077;0.9958479383400585;0.9963550691456116;0.9963324328243282;0.9963235903103269;1.000304900288546;1.000288827958691;1.000263602530663;1.000296245792704;1.0003036487410721;1.024999976158142;
2016-01-22 00:00:00;1.0002654524674066;1.0002356015892349;1.0003066487986232;1.0002726346452953;1.0002995402988106;1.0002795855318722;1.0004936023156294;1.000305227364191;1.0002807484417942;1.000304918434815;1.0002810678968943;1.0003048857901349;1.0003048897920728;1.0002939279447187;1.000305312004652;1.000304527287924;1.0003052971697708;1.0003068715141534;1.0003048818164078;1.000282946588277;1.000260598525542;1.0002496077493392;1.000304946831736;1.0004803579291783;1.0004995665316825;1.0002680763885197;1.0002560999173633;1.000289367113635;0.9983082363199886;0.9975669327422426;0.9968130612776245;0.9965105760146766;1.0002873060463915;0.9960648847399263;0.9959326074724703;0.9964116136999842;0.9963891234404646;0.9963802798751054;1.0003049114434925;1.0002902107593756;1.0002628759412897;1.0002960258854976;1.000303915437772;1.024999976158142;
2016-01-22 00:15:00;1.0002594073737656;1.000220419395917;1.0003065365515558;1.0002680391560936;1.0002973104027333;1.000275155553;1.0004937123537445;1.0003051115460193;1.0002729484022896;1.0003048900700267;1.0002766808375687;1.0003049113674811;1.000304919170816;1.0002920705636256;1.0003051673672043;1.000304710329104;1.0003051545373627;1.0003067879219478;1.0003048781425754;1.0002780072336974;1.000253250094282;1.0002361129646336;1.0003048536929076;1.0004807539794314;1.0004995461609238;1.000262442616689;1.0002445884581028;1.0002866567049098;0.9983653066030429;0.9976255671954862;0.9968937548815875;0.9965919081567556;1.0002821052521644;0.9961528098555147;0.9960072566049427;0.9964892946233972;0.9964670952538219;0.9964582496180325;1.0003049550580196;1.0002857774000904;1.0002560232949138;1.000293130079166;1.0003038251576375;1.024999976158142;
2016-01-22 00:30:00;1.000265853389925;1.000226687772635;1.0003058173273298;1.0002728884301468;1.0002976116550855;1.0002793117110824;1.0004924943296534;1.0003049477417731;1.0002773153394087;1.000304884190899;1.0002792069552566;1.000304997763667;1.00030501197038;1.0002929956192697;1.000304980758576;1.0003043916280048;1.0003049733272729;1.0003059757088966;1.000304920524926;1.0002820631410643;1.0002621620231977;1.0002442293876417;1.0003046941144171;1.0004794625948585;1.0004982515695764;1.0002691602275278;1.0002520510483097;1.000289024583041;0.9984297631977292;0.9977059684324253;0.9970112598097307;0.9967238775784412;1.0002837581479749;0.9963056843557434;0.9961491208587789;0.9966262731094306;0.996604067046806;0.9965952181442943;1.0003050670732136;1.0002869874121465;1.0002644390208035;1.000294882904558;1.0003037907328407;1.024999976158142;
2016-01-22 00:45:00;1.000259967685048;1.0002174291500157;1.000306560698291;1.000267479863464;1.0002968496604614;1.0002746520805765;1.0004935549154688;1.0003051732607346;1.0002720040476236;1.0003049023375146;1.0002755381300912;1.0003048961419954;1.0003049023014774;1.0002914967171284;1.0003052533511967;1.000304486604019;1.0003052354482085;1.0003067762106947;1.0003048778551034;1.000278142696003;1.0002558058077333;1.0002352993579742;1.000304899278212;1.000480323441108;1.000499483704824;1.000263419787178;1.0002443916574504;1.0002862779813264;0.9983358409018419;0.9975943640660976;0.9968741893770775;0.9965849822647411;1.0002808452877625;0.9961682531899367;0.9960135216673606;0.9964839450008679;0.9964607892695178;0.9964508067876393;1.0003049307307208;1.0002846607239733;1.0002582597137373;1.0002931462818128;1.000303656282942;1.024999976158142;
2016-01-22 01:00:00;1.0002638299371944;1.0002321745690592;1.0003055466088258;1.000271102640836;1.000297826610818;1.0002781061485184;1.000493941480718;1.0003048943087636;1.0002775165837496;1.0003049332931386;1.0002789015224016;1.000305132000643;1.000305152267203;1.0002933663472515;1.0003049153895451;1.0003041435517432;1.0003049114722065;1.0003056763922404;1.0003050100606405;1.0002807118337436;1.000258737935465;1.0002457660581148;1.0003045601528662;1.0004806962122406;1.0004999087655169;1.000266029436222;1.0002527050509742;1.00028848316852;0.9985879721253919;0.997945840479441;0.997319941123876;0.997076937246816;1.000285016927698;0.9967465823034266;0.9966140269230941;0.9969785168693813;0.9969554839631845;0.9969462583857398;1.0003052372707641;1.0002880979341244;1.0002608974528224;1.000294151626122;1.0003042009386285;1.024999976158142;
2016-01-22 01:15:00;1.0002644849286846;1.0002311777903907;1.0003054458333491;1.0002696777760018;1.0002955405405192;1.0002749887305893;1.0004943427363142;1.0003048780443744;1.0002681821298227;1.0003050370136835;1.0002767853535928;1.000305375790025;1.0003054009119114;1.0002934496407014;1.00030487798942;1.0003042004583425;1.0003048777365366;1.0003055931142586;1.0003051620882657;1.0002769757114067;1.0002604102194654;1.0002392716707698;1.0003045869139788;1.0004811251837749;1.0005001707435746;1.0002656301266026;1.0002480202771629;1.0002868953664295;0.9987033343293331;0.9981142203226494;0.99752604276611;0.9973047288723934;1.0002810033537126;0.997022932753848;0.9969105939071924;0.9972020670098197;0.9971801532698121;0.9971712916996717;1.0003054810565908;1.000284766171938;1.000261883746559;1.0002906488126073;1.0003048283849267;1.024999976158142;
2016-01-22 01:30:00;1.000277851922036;1.0002589159323476;1.0003048863025243;1.0002831072794496;1.0003001596275016;1.000287888000278;1.0004897938211341;1.0003050307228745;1.0002876757289745;1.000305292486289;1.000288033806057;1.000305535429221;1.0003055657621975;1.0002978138120204;1.0003049982295216;1.0003045506219397;1.0003050033345708;1.0003048994009358;1.0003054152530415;1.0002889598731752;1.0002736856330254;1.0002670089279797;1.0003047702812342;1.0004770730262338;1.0004953500689813;1.0002788794757813;1.0002711076873754;1.0002946285923295;0.9986376173831915;0.9980357592336218;0.9974302516166575;0.9972064742606784;1.0002923536014676;0.9969164083903092;0.9968047044401118;0.9971061753779976;0.997083732793619;0.9970748726509184;1.0003056833633328;1.0002942371353287;1.0002751345210916;1.000297706898605;1.0003049890164093;1.024999976158142;
2016-01-22 01:45:00;1.0002763483311563;1.000262924798385;1.0003048775244672;1.000281949123969;1.0003009000409382;1.0002875458619873;1.0004894194607186;1.0003050838246892;1.0002897552277334;1.000305387757563;1.0002881307275342;1.0003056482381918;1.0003056807056223;1.0002980411738092;1.0003050411624677;1.0003043537851697;1.0003050463665613;1.0003048807859654;1.0003055223135806;1.0002888614902474;1.000271337445221;1.0002695386273117;1.0003047348164114;1.0004765582668635;1.0004951537030733;1.0002768462787033;1.0002727103480398;1.0002945224123483;0.9986844133550147;0.9980879989629415;0.9974969359952055;0.997273541143221;1.0002940940564884;0.9969822617617762;0.9968656394219204;0.9971745813153343;0.9971521300333122;0.9971436682369117;1.0003058162381209;1.0002957524789255;1.0002727727449443;1.0002980298361004;1.0003052061233668;1.024999976158142;
2016-01-22 02:00:00;1.000275503001707;1.000258439564283;1.0003050610056226;1.000282128669989;1.0003009354028056;1.000288088063905;1.0004929300829906;1.0003056966679318;1.0002900795327079;1.0003062099725577;1.0002878015272578;1.0003065982090795;1.0003066487913417;1.000298196932136;1.0003056129426215;1.0003050750494147;1.0003056271598505;1.0003050183762947;1.0003064221484674;1.0002889217571924;1.0002698923210742;1.0002673827534754;1.0003053342327046;1.0004800257276112;1.0004986817958863;1.000276348494028;1.0002707768845545;1.0002950601134126;0.9990467654488878;0.9986187663384744;0.9981292653102325;0.9979656556439287;1.000293639148932;0.9977984069414245;0.9977580537228065;0.997861706204931;0.9978389136698662;0.9978300368750226;1.0003068603675076;1.0002953491235083;1.0002716218923149;1.0002984015106795;1.0003060030635413;1.024999976158142;
2016-01-22 02:15:00;1.0002805187504533;1.00026449073184;1.0003050238825923;1.0002853429867158;1.000300993662083;1.00029005970953;1.0004923744157175;1.000305593051767;1.0002904270322497;1.0003060681168578;1.0002897348333963;1.0003064293787505;1.000306476906311;1.000299094723612;1.0003055195981776;1.0003049855941182;1.000305530955115;1.0003049870852614;1.0003062633259725;1.0002908476202719;1.0002766667745855;1.0002718118670375;1.0003052848775582;1.0004794586426808;1.0004980097126388;1.0002811873197908;1.0002752197892495;1.000296239926419;0.9989811693061881;0.9985395127297857;0.9980435475546292;0.9978842904480821;1.0002942602591378;0.9977162275111413;0.9976685238724098;0.9977867000018591;0.997763609093515;0.9977547342105255;1.0003066653251376;1.0002958722648976;1.0002778867589135;1.0002988092263319;1.0003059454108687;1.024999976158142;
2016-01-22 02:30:00;1.000277410222178;1.0002653526563987;1.000305144240565;1.0002826943433203;1.0003014429568984;1.0002885057351052;1.0004921799085236;1.0003057264056812;1.0002911076995136;1.000306284175603;1.0002886394789672;1.0003066781593761;1.0003067280568345;1.0002988730233842;1.0003056238849228;1.0003047759454495;1.0003056352979076;1.0003051053189687;1.0003064938762989;1.000289712452419;1.0002727269345408;1.0002717578888498;1.000305291117972;1.00047906004686;1.000498045037988;1.0002776285729333;1.000274626596345;1.0002954392308767;0.9990472370545558;0.9986171887155456;0.9981329744731695;0.9979711947037776;1.0002950591602735;0.9978055223295823;0.9977599194805489;0.9978686083115603;0.9978441564506709;0.9978337371060259;1.0003069215613873;1.0002966074481694;1.000273967535097;1.0002986738911455;1.0003062603034163;1.024999976158142;
2016-01-22 02:45:00;1.0002811288989386;1.0002572368985;1.000305191226932;1.0002859643282354;1.0003006361289828;1.000290650356402;1.0004923410513675;1.0003058359220762;1.0002901153104375;1.000306340556567;1.0002890509234768;1.0003066890488461;1.0003067418999556;1.000298535220283;1.0003057464288256;1.000305256950827;1.0003057623858;1.0003051441148438;1.0003065415720673;1.000291590656814;1.0002785607256788;1.0002692102855515;1.000305547552413;1.0004794573025764;1.0004978952883496;1.0002828271562432;1.000273484971941;1.0002965074321064;0.9990355485897529;0.9986122492626431;0.9981298853304423;0.9979751143468844;1.0002926883610639;0.9978213829316974;0.9977803003677916;0.9978737178684948;0.9978501180165368;0.9978404698941991;1.0003069462928846;1.0002944715362776;1.0002798916552;1.0002993774038187;1.0003058885238303;1.024999976158142;
2016-01-22 03:00:00;1.0002693629012807;1.0002346078398001;1.0003048986321466;1.000273633127752;1.0002954135498567;1.0002782695883707;1.0004962495819003;1.000305193182377;1.0002702554017002;1.000305698854989;1.0002784726664546;1.0003062648332575;1.000306310237349;1.0002945863923283;1.0003051454266585;1.0003045069013528;1.0003051533451361;1.0003049288156785;1.0003059367274616;1.0002795178802815;1.0002667192604586;1.0002437586633997;1.0003049060537843;1.0004829561527273;1.000502003707636;1.0002705159666512;1.000252281480456;1.0002890290462287;0.9990408788463225;0.9986177199385428;0.9981359981999193;0.9979813914405241;1.0002815903515925;0.9978280361890889;0.9977866460372827;0.997879956733836;0.9978564949883397;0.9978472487305042;1.0003064385358649;1.0002851150808025;1.0002678461479628;1.0002915498185447;1.0003056540469382;1.024999976158142;
2016-01-22 03:15:00;1.0002886828707458;1.0002680416066505;1.0003055177622668;1.0002915301706898;1.0003011514102687;1.0002942456720185;1.000491560046487;1.0003063343981577;1.000290769171067;1.000306843204728;1.0002928491521763;1.0003071931312544;1.0003072520388814;1.000300856553549;1.0003062587485418;1.0003060036866602;1.0003062774611273;1.0003054482803757;1.000307049670334;1.0002944278259867;1.0002874290938064;1.0002759340851732;1.0003061632139694;1.0004789094698479;1.0004968371941265;1.0002897326444133;1.0002800153592926;1.0002990067444026;0.9990944852570695;0.9986797777629944;0.9982089265587364;0.9980513957285057;1.0002943477374733;0.9978918907651557;0.9978504976055709;0.9979502624022467;0.9979275470593626;0.9979186677501269;1.0003074466207869;1.0002959576644326;1.0002881707962161;1.000300084634236;1.0003066736961348;1.024999976158142;
2016-01-22 03:30:00;1.0002897720412787;1.0002764676357903;1.0003055989059366;1.0002923426781485;1.000302658514496;1.0002956100412748;1.0004906843639712;1.0003061839794962;1.000295529474204;1.0003066723599217;1.0002946542459679;1.0003069525371915;1.0003070050504272;1.0003014765957445;1.000306085001868;1.000305528607124;1.0003060994563489;1.0003055563740537;1.0003068458165876;1.0002963769580235;1.0002884665458884;1.00028301690127;1.0003059098250704;1.0004778374743084;1.0004961346555592;1.0002904403415998;1.0002856594636713;1.0002998042700155;0.999030292705181;0.998622611069779;0.9981471345871549;0.998004811927251;1.0002976869051552;0.9978757495606396;0.9978434020355266;0.9979031654427147;0.9978805139681752;0.99787163641756;1.0003071789770173;1.0002988355070486;1.0002890627380312;1.0003015686511354;1.0003065254545385;1.024999976158142;
2016-01-22 03:45:00;1.0002819831462555;1.0002637717804452;1.000305084041041;1.0002855708384328;1.0003004604549488;1.0002897959322166;1.0004931175341636;1.0003056873944507;1.0002885388603577;1.0003062345717029;1.0002892119396374;1.0003066555624485;1.0003067056527315;1.000299090446398;1.000305602174264;1.0003049377681472;1.0003056124952965;1.0003050447401036;1.0003064465922877;1.0002907532795413;1.0002796415391275;1.000271092234844;1.000305369851845;1.0004800277309445;1.0004987684373743;1.0002826574032126;1.0002751480292356;1.0002961454169466;0.999046807599967;0.9986373906421367;0.9981542050634769;0.9980033711219829;1.0002931166981757;0.9978691674674189;0.9978404579885393;0.9978938876771019;0.9978673054838038;0.9978540822341948;1.000306871183738;1.000294900368339;1.0002804936592136;1.0002983902410578;1.0003061760333893;1.024999976158142;
2016-01-22 04:00:00;1.0002786590377193;1.0002498756483988;1.0003048824795855;1.0002818901888106;1.0002977540415632;1.0002855134649387;1.0004937036676318;1.000305322431161;1.0002795578864148;1.0003058053402942;1.0002848945168716;1.0003062758248455;1.0003063220276849;1.0002970994192635;1.000305270974232;1.0003047569317352;1.0003052795016019;1.0003048774858747;1.000306018400007;1.0002864664531483;1.0002772226239098;1.000258817028295;1.0003050935615565;1.0004806533768698;1.0004992426676995;1.0002798865439226;1.0002653713763465;1.000293372835668;0.9989621863306246;0.9985175176576951;0.9980096822044837;0.9978466333230308;1.0002871387944774;0.9976892369809931;0.9976468259930888;0.9977367028402091;0.9977034015611871;0.9976819356742893;1.0003064544539948;1.0002897764051397;1.0002780819126047;1.000295329045463;1.000305681364502;1.024999976158142;
2016-01-22 04:15:00;1.0002892690287324;1.0002675662469618;1.0003052195875055;1.0002920766446097;1.000301238978586;1.0002948300314212;1.0004880451777052;1.0003057317435962;1.0002923846394371;1.0003060938338686;1.0002932000674356;1.0003063124095146;1.0003063594883908;1.0003002510824215;1.000305671212388;1.0003053946849132;1.0003056844024978;1.0003051800329605;1.0003062375790568;1.0002954329059355;1.0002885815550742;1.0002773554336066;1.0003055742516278;1.0004755504973617;1.0004932439180796;1.000290849276175;1.0002812674012838;1.000298986209021;0.9988022849730384;0.9982955586510197;0.9977403160597904;0.9975543539512599;1.0002946255958167;0.9973645444595475;0.9973006878922454;0.9974360089212043;0.9974030514322942;0.9973817414624866;1.0003065157356201;1.000296115188591;1.0002894035872874;1.000300681294666;1.0003056588847796;1.024999976158142;
2016-01-22 04:30:00;1.0002748907702137;1.0002411425025604;1.0003048995702593;1.000279629469394;1.0002973981305285;1.000284022979574;1.0004940771496886;1.000305149974417;1.0002787889323543;1.0003055771193268;1.0002831200182183;1.0003060354744413;1.000306080009708;1.0002957741797822;1.0003051070884985;1.000304705981676;1.0003051162644296;1.0003049283719025;1.0003057832837148;1.0002851762002791;1.0002726014537877;1.0002536060390768;1.000304930318658;1.0004811018095463;1.000499625835144;1.0002769223269472;1.0002606573485404;1.0002922545038437;0.9989148664112497;0.9984289152782879;0.9978963564181554;0.9977095806218843;1.0002856573751429;0.9975126230698832;0.9974514540596197;0.9975950327331684;0.9975624458551101;0.9975417959854573;1.0003062206820195;1.0002884804717707;1.0002740045702763;1.000295115913344;1.0003051943656147;1.024999976158142;
2016-01-22 04:45:00;1.000264688487133;1.0002136081758206;1.0003054662293378;1.0002695764521545;1.0002938899060287;1.0002746377989395;1.000498559130909;1.0003048918395432;1.0002649359759137;1.0003051724998497;1.0002740759191908;1.0003056866068902;1.0003057223463732;1.0002914830718848;1.0003048814416808;1.0003042782069596;1.0003048831829064;1.0003056294729447;1.0003053629556564;1.0002770831019472;1.0002636418683395;1.0002310739214055;1.0003046632451658;1.000485085284524;1.0005043289125757;1.0002680134441595;1.0002421845087892;1.000286335020838;0.9989334573898164;0.9984610355745713;0.9979400037920142;0.9977633991582722;1.0002761364083013;0.9975828869495158;0.9975255830176518;0.9976511809835685;0.9976200031387964;0.9975988382501005;1.00030581840994;1.0002804561036023;1.0002652737623463;1.000290681327077;1.0003044947678368;1.024999976158142;
2016-01-22 05:00:00;1.0002728537189975;1.0002236901451749;1.0003049338173682;1.0002772561924533;1.0002957759108286;1.000282036479609;1.0004949832717374;1.0003050567654377;1.000275153585219;1.0003054682537944;1.0002792442210713;1.0003059221502677;1.0003059677837993;1.0002933437593498;1.00030500973282;1.0003044153823593;1.0003050196722845;1.0003049705583185;1.0003056707293272;1.0002841503549595;1.0002733883414439;1.000244757971438;1.000304832280344;1.0004817384831663;1.0005005755937915;1.0002767745763772;1.0002539902929548;1.0002906805793188;0.998909923784638;0.9984238930270596;0.9978876938574114;0.997700097206317;1.0002808382444281;0.9975136376672198;0.9974548061670683;0.997577285238751;0.9975433622791194;0.9975212755983313;1.0003061024655149;1.000284242653662;1.0002748777876986;1.0002947376767979;1.0003044895310258;1.024999976158142;
2016-01-22 05:15:00;1.0002588051197918;1.0001751454838823;1.000305743192274;1.000267674134135;1.0002936903136581;1.0002756792094238;1.0005013348396874;1.0003048777495838;1.0002703221436504;1.0003050572384917;1.0002696524139671;1.0003054526405681;1.000305497356947;1.0002865202858158;1.0003048882590737;1.000304307172617;1.000304883400024;1.0003059237603649;1.0003052250027418;1.0002800172411872;1.0002602950180224;1.0002190517105862;1.0003046723871158;1.0004876801087754;1.0005071639809047;1.000267866957511;1.000232317347131;1.0002858176679101;0.9989571951669192;0.998475860093735;0.99793756721319;0.997741766864395;1.0002714327879245;0.9975512628690736;0.9974977974849607;0.9976107774495577;0.9975667730226323;0.9975337600170406;1.0003056582049128;1.0002760505660688;1.000263677973014;1.0002948174593473;1.0003024376859129;1.024999976158142;
2016-01-22 05:30:00;1.0002595096089861;1.0001770040569187;1.0003074354253383;1.0002675293199432;1.0002945005443113;1.0002744143645328;1.0005047124510684;1.0003050818516057;1.0002672773505605;1.000304881225263;1.000270743183903;1.0003051117474777;1.0003051418871287;1.000286844589755;1.0003051645423415;1.0003047615159213;1.000305135540517;1.0003078494549469;1.0003049442525689;1.0002794640465191;1.0002611162769812;1.00021742181742;1.0003049810699176;1.0004909586874633;1.0005105050237162;1.0002685576758317;1.0002315054606898;1.0002851636036696;0.9988712439057991;0.9983735230893901;0.9978059207965643;0.9976053599069865;1.0002714197009728;0.997431192930846;0.9973832046314475;0.9974568658887908;0.9974176878229172;0.9973921266381527;1.0003052471479408;1.0002763909473409;1.0002644634502713;1.000294586548429;1.0003023221066751;1.024999976158142;
2016-01-22 05:45:00;1.000265836873627;1.000196746076189;1.000305247697137;1.000272682586614;1.0002944388322623;1.0002789695092327;1.0004989021164803;1.0003049182229597;1.000272304483079;1.0003052320156984;1.0002741988506438;1.0003056547109925;1.0003057063570415;1.0002896915147697;1.0003048950733664;1.0003044143987796;1.0003049006327323;1.000305357467187;1.0003054260745716;1.0002820716518286;1.0002669404774154;1.0002305090179497;1.0003047278427881;1.0004854832412182;1.0005045676725974;1.0002726360125909;1.000242064743395;1.0002882491386025;0.9989518749666202;0.9984846080823062;0.9979364783150214;0.9977424299250653;1.0002754410861718;0.9975926193151312;0.9975576760891175;0.9975859850808294;0.9975471306893554;0.9975245900999692;1.0003058733065804;1.0002795186129538;1.0002694824770435;1.0002947226040657;1.0003033489594257;1.024999976158142;
2016-01-22 06:00:00;1.000271242445253;1.0002426531439867;1.0003053437309748;1.000276306712852;1.0002998233919782;1.000283557803629;1.00049165911855;1.0003049066526586;1.0002871968216644;1.0003049290899222;1.0002825878639374;1.000305088496677;1.0003051137127559;1.000294349460086;1.0003049522738954;1.0003035225009558;1.0003049437433558;1.0003053909230815;1.0003050000106315;1.0002874219343802;1.0002700006746843;1.0002602529929157;1.0003045086923263;1.0004779645487458;1.0004977974009854;1.0002741362456575;1.000265552575845;1.0002915395499101;0.9985194337124008;0.9979327931064446;0.9972313046108288;0.9969864170472319;1.0002894223556171;0.9968345137330183;0.9967995069970507;0.9967636156222283;0.9967249683706445;0.9967030944915177;1.0003052009953364;1.0002916841767853;1.0002715041264059;1.0002981952203287;1.0003038787690766;1.024999976158142;
2016-01-22 06:15:00;0.9999406441356397;0.9998827687992992;1.0000000707456072;0.9999450322643704;0.9999834893874618;0.9999527347455395;1.0002029635616079;1.000000059258975;0.9999398384203251;1.000000054488576;0.9999540753073358;1.00000005105501;1.0000000509596085;0.9999813321719178;1.0000000600116776;0.9999982939182601;1.0000000599156453;1.0000000720407796;1.0000000530728534;0.9999568846132881;0.999939731251977;0.9998982909748956;0.9999995508452922;1.00018787358551;1.0002097342772243;0.999942878909002;0.9999132444355808;0.9999713503947952;0.9978987197243309;0.9971940163462925;0.9963501177691889;0.9960404997583295;0.9999595989119413;0.9958831161462053;0.9958418532353073;0.995735132325653;0.9956958567021762;0.9956736747225143;1.0000000508758222;0.9999657014179691;0.9999408768487311;0.9999770481045579;0.9999989743608324;1.024999976158142;
2016-01-22 06:30:00;0.9999400909704913;0.9998740215206727;1.0000000717823219;0.9999454764286715;0.9999820620471922;0.9999521459578009;1.000202109609658;1.0000000593124359;0.9999350649651471;1.000000054808891;0.9999532662255506;1.000000051893435;1.0000000516486582;0.9999809361957841;1.0000000598528558;0.9999989679629001;1.0000000597690317;1.000000073352586;1.0000000533771218;0.999955199092631;0.9999382557107329;0.9998906288203496;0.9999996996916725;1.0001876401376737;1.0002084764804193;0.9999428461119122;0.9999070589358076;0.9999709632928531;0.9977552055539197;0.9969657776228067;0.9960142353364079;0.99563283029753;0.9999563692365545;0.9953012959987443;0.9952591919477902;0.9953506782304711;0.9952813591660071;0.9952591864331488;1.0000000511337162;0.999962935978129;0.9999398439826067;0.9999756457386675;0.9999989007123679;1.024999976158142;
2016-01-22 06:45:00;0.9999082043726302;0.999850154905192;1.0000000812037346;0.9999220060646836;0.9999833609148376;0.9999382448413263;1.0002122768938553;1.0000000648806635;0.9999384010396501;1.0000000576984946;0.9999407735463507;1.0000000545781953;1.0000000539382106;0.9999748440811326;1.0000000662464121;0.9999974650933475;1.0000000660847037;1.0000000830024904;1.0000000555837478;0.9999443714615035;0.9998981347984144;0.9998742053911865;0.9999991044903184;1.000196121923855;1.0002203717528158;0.9999110812504121;0.9998884969018862;0.9999623996326802;0.9976885210558133;0.9968788558603164;0.9958920403822308;0.9954980760253959;0.9999566098271627;0.9952453534524884;0.9952093838524009;0.9951453558295554;0.9950216719272565;0.9949933322525212;1.0000000522188872;0.999963202013912;0.999901796066699;0.9999742948435947;0.9999983859805021;1.024999976158142;
2016-01-22 07:00:00;0.9999462073187102;0.9998906836230462;1.000000070736573;0.9999522342281327;0.9999856468117534;0.9999593564370839;1.0002010473092773;1.0000000604237569;0.9999484773736683;1.0000000562675888;0.9999598378074172;1.0000000566767884;1.0000000555919184;0.9999832153948064;1.0000000610260456;0.9999989535864297;1.0000000609237387;1.0000000719581703;1.00000005492583;0.999962424054679;0.9999436971555286;0.9999077945666558;0.999999679255675;1.0001866522452965;1.0002074357262525;0.9999489903787433;0.9999209732004488;0.9999752266757893;0.9970405145870085;0.9959888106242206;0.9947344213919252;0.994210803316695;0.9999642670605842;0.9939096550038847;0.9938447834227997;0.9937182864837845;0.9935374464886876;0.9935062578167946;1.0000000527389101;0.9999696108440643;0.9999454653911025;0.9999804911216172;0.9999988601771808;1.024999976158142;
2016-01-22 07:15:00;0.9999406677361112;0.9998723072871952;1.000000083443464;0.9999472772996151;0.9999830709872352;0.9999545535436284;1.0002016306444428;1.0000000683381016;0.999939888980527;1.0000000623902505;0.9999546028594608;1.0000000643402154;1.0000000623772298;0.9999808514582117;1.000000069135189;0.9999990813693017;1.000000068983266;1.0000000852518505;1.000000060400913;0.999957694496913;0.9999385640503657;0.9998933195671479;0.9999997194332257;1.0001872816188446;1.00020795886046;0.9999443644990421;0.9999091024935687;0.9999722139755874;0.9962225678825769;0.9948554584203514;0.9932022419682671;0.9924782959341312;0.999957930707071;0.9921806349456929;0.9921113700493998;0.9917162973146575;0.9913742313010171;0.9912003118984744;1.0000000571194738;0.9999641820064344;0.9999406095279867;0.9999777035444856;0.9999985902493431;1.024999976158142;
2016-01-22 07:30:00;0.9999335697647536;0.9998501402477911;1.000000088735673;0.999941194426611;0.9999816704142702;0.9999505377993758;1.0002033261431162;1.0000000717768762;0.9999372422650216;1.0000000646163063;0.9999486235124719;1.0000000660194952;1.0000000639626752;0.9999773520863228;1.0000000729618765;0.9999985987959452;1.000000072719185;1.0000000905896185;1.0000000622782395;0.9999552157160018;0.9999332826979752;0.9998819895234765;0.9999996180961461;1.0001884575770401;1.0002099676228682;0.9999393675191642;0.9998996353008132;0.9999693789032867;0.9960920971554578;0.9946679178692847;0.9929411252451471;0.9921765472222797;0.9999530820647706;0.9918494029914543;0.9917802801153524;0.9913805062218938;0.9910023901102726;0.9907675149005513;1.000000058448905;0.9999599016904359;0.9999357521203226;0.9999773441562241;0.9999978405783014;1.024999976158142;
2016-01-22 07:45:00;0.9998765063236615;0.999633577245365;1.000000200667708;0.9998962022050928;0.999961549132021;0.9999140996901857;1.000240775137668;1.0000001216590666;0.9998839272616478;1.000000095675713;0.9998984299901409;1.0000000854231292;1.000000081705009;0.9999483549230244;1.0000001256481144;0.9999990049282793;1.0000001242648795;1.000000209571321;1.0000000864330023;0.999924159049339;0.9998855485066434;0.9997497156003982;0.9999998021558854;1.0002236031602192;1.0002481168389241;0.9999008591391886;0.9997910272463479;0.9999441079679252;0.9959164761011513;0.9944304535840764;0.9926420669708094;0.9918600224132317;0.9998954816190069;0.9915268281196853;0.9914458368858066;0.9910448276984715;0.9906568024296473;0.9904543449570361;1.0000000719604147;0.9999096929104169;0.9998933941961196;0.9999642719718916;0.9999920045092288;1.024999976158142;
2016-01-22 08:00:00;0.9998103610387847;0.9995064040990904;1.000000461608307;0.9998293905303213;0.9999333654078235;0.9998469187998876;1.0002665441797294;1.000000233239059;0.9997726600758065;1.000000165461633;0.9998431372881162;1.0000001193223433;1.0000001141237607;0.9999290582458857;1.0000002392909397;0.9999991819658084;1.0000002372672219;1.0000004896475156;1.000000140769672;0.9998567089294453;0.9998167283879162;0.9996074288700768;0.9999999084664024;1.0002477061317674;1.0002745944858575;0.9998319497635899;0.9996727912400354;0.9999046476570044;0.9953868483729368;0.9936824415573813;0.9916472071061135;0.9907410897778125;0.9998336580290005;0.9902803933287153;0.9901768764133189;0.9898475386525879;0.9894092324554382;0.9891446559396965;1.0000001024624934;0.9998577962069475;0.9998240712468491;0.9999215532213204;0.9999930806021794;1.024999976158142;
2016-01-22 08:15:00;0.9998136418803336;0.9995800074130697;1.0000004307388155;0.9998372595751597;0.9999448075005263;0.9998581693821862;1.0002643149496215;1.000000221035679;0.9998065954218702;1.0000001582761702;0.9998601911398923;1.0000001188908394;1.0000001133209049;0.9999377079751086;1.0000002263118208;0.9999988879330212;1.0000002248534348;1.0000004572944614;1.0000001355165622;0.9998668585217804;0.9998073440970048;0.9996564859734128;0.9999995725758738;1.0002456337865058;1.0002730550824803;0.9998290895170516;0.9997089140873409;0.9999123510351496;0.9953885300185755;0.9936964897850837;0.9916982094660315;0.9908189587080346;0.9998618304936294;0.9904285820955184;0.9903110784762956;0.9899132076792602;0.989482980603863;0.9892676225610378;1.0000000998099936;0.9998821959484414;0.9998152589830244;0.9999297145601722;0.9999947835784236;1.024999976158142;
2016-01-22 08:30:00;0.9998844253167833;0.9997644180349847;1.0000001788302697;0.9998975182375804;0.9999674886842875;0.9999109208178881;1.0002261293637191;1.000000113590518;0.9998820512327862;1.0000000914573288;0.9999143502849143;1.0000000825341846;1.0000000794804738;0.9999641579690053;1.0000001157919518;0.9999985555704194;1.000000115375988;1.0000001870699855;1.0000000838428271;0.9999161845026994;0.9998778157116485;0.9997965529917927;0.9999994892779597;1.0002097885534615;1.000233782911768;0.999890027294741;0.9998262049166108;0.9999457659083176;0.9955238148634158;0.9939044692332479;0.9919756546830109;0.9911326965401911;0.9999202456088494;0.9907736736634556;0.9906721120924863;0.9902539226797691;0.9898660278125608;0.9896417371744063;1.0000000716139572;0.9999322579319282;0.9998817501285461;0.999955320364094;0.9999978339070799;1.024999976158142;
2016-01-22 08:45:00;0.9998503488291575;0.9997496217215183;1.000000210000377;0.9998749270165684;0.9999690518958617;0.9998968529665825;1.0002359865733863;1.0000001304057242;0.9998830955206984;1.000000103267445;0.9999046691787473;1.0000000951471202;1.0000000907446596;0.9999601211607627;1.0000001334374047;0.9999982318348267;1.000000132990005;1.0000002203818046;1.0000000938566231;0.9999025337167261;0.9998288228541113;0.9997787219638375;0.9999990680048831;1.0002190214655522;1.000244926770225;0.9998541071695846;0.9998051339988908;0.9999375390408006;0.9953261096705923;0.9935747412713559;0.9915447848765799;0.9906258900329703;0.9999223754452043;0.9901699680373568;0.990022851413789;0.9897120581925166;0.9892959553687798;0.9891001135688624;1.000000078340456;0.9999343389695966;0.9998356540082051;0.9999519661915107;0.9999980476013973;1.024999976158142;
2016-01-22 09:00:00;0.9997881688331078;0.9996975497060846;1.0000003180624513;0.9998285501367022;0.9999667265575085;0.9998644352606832;1.0002499563425087;1.0000001848135431;0.9998687498072435;1.000000137968609;0.9998788464364203;1.0000001153153888;1.000000110267887;0.9999489456334245;1.000000190824936;0.9999970162248831;1.0000001901411248;1.0000003351566964;1.0000001219408436;0.9998727457411928;0.9997480311435712;0.9997286715993361;0.9999983492424956;1.0002314561300947;1.000261107586657;0.9997905110775169;0.9997548988794213;0.9999181267287948;0.9949754302887472;0.9930479041963853;0.9908013980720646;0.9897536563720079;0.9999140557491772;0.9890963161507095;0.9889427486461324;0.9888055912591357;0.9883930182627295;0.9881823757373993;1.0000000953208517;0.9999276162432185;0.9997588458456054;0.9999415693701638;0.9999979303341389;1.024999976158142;
2016-01-22 09:15:00;0.999881035368895;0.9997877598530306;1.000000184476865;0.9998959538088417;0.9999707839018369;0.9999112313982585;1.0002263395395576;1.0000001190378365;0.9998902582442137;1.0000000960142674;0.9999176777587611;1.0000000872123853;1.0000000839510867;0.999966429089165;1.0000001214087084;0.9999982395202457;1.0000001210663143;1.0000001927641342;1.000000088149305;0.9999163365116841;0.9998691135918253;0.9998090569905284;0.9999993084381779;1.0002098266300894;1.0002344398572431;0.9998838454784461;0.9998345183941925;0.9999464050551876;0.9952387009491235;0.9934480342759187;0.9913725853256332;0.9904254630970831;0.9999286475279802;0.989961690713288;0.989811234741748;0.9894793657071621;0.9891268697392651;0.9889468378006403;1.0000000753178662;0.9999396279960587;0.9998731987567229;0.9999563554699987;0.9999985883441016;1.024999976158142;
2016-01-22 09:30:00;0.999817077441997;0.999743504284995;1.0000002419111111;0.9998509863934756;0.9999703718982323;0.9998809976701136;1.0002408806439715;1.0000001452614178;0.9998816575596277;1.0000001112117405;0.9998947656922121;1.000000093309662;1.000000090111282;0.9999566644936824;1.000000149568871;0.9999974949827711;1.0000001491397785;1.0000002545307924;1.000000099687374;0.9998875304631737;0.999781626561101;0.9997635004654;0.999998576792502;1.0002232952995465;1.0002511408157042;0.9998176513503638;0.999786506953026;0.9999284632952401;0.9954569035241065;0.9937556679481783;0.9918009169773019;0.9909220221807848;0.9999248614124252;0.990474115575914;0.9903198259954358;0.9900560490807451;0.9897200599065085;0.9895345987704653;1.0000000806041875;0.9999368285972386;0.9997905559204501;0.9999472361086076;0.9999986878856593;1.024999976158142;
2016-01-22 09:45:00;0.9998329280284817;0.9996792443444258;1.0000002878067287;0.9998587307290455;0.9999603347769063;0.9998817218573333;1.0002441804712474;1.0000001665966853;0.9998566092106514;1.0000001265239715;0.9998864647815884;1.0000001053692513;1.0000001010969903;0.9999506464735262;1.0000001708973796;0.9999983435727986;1.000000170083373;1.0000003032429396;1.0000001124406668;0.9998890089878801;0.9998163499612764;0.9997305239398864;0.9999991961537259;1.0002266625355885;1.0002531291759142;0.999841813465945;0.999766487780079;0.9999275583679313;0.9950020170920516;0.9930714639415871;0.9909483746375651;0.9899633035318346;0.9998997055545615;0.9893811491576627;0.989142898448542;0.9890474450110225;0.9886617275478373;0.9884532319308713;1.0000000895815258;0.9999147568561156;0.9998240824842437;0.999944420059628;0.9999965302027068;1.024999976158142;
2016-01-22 10:00:00;0.9997446902623995;0.9993347321669083;1.000000659236069;0.999784701264412;0.9999318980464471;0.9998262092665342;1.0002890840129897;1.0000003414733725;0.9997895812076696;1.0000002294303272;0.9998051121239817;1.0000001562492087;1.0000001487598111;0.9999011985741751;1.0000003595798177;0.9999959968633393;1.0000003547714784;1.000000691573003;1.000000190974534;0.9998489245897628;0.9997548102193076;0.9995400479820176;0.9999990401669163;1.0002662066796713;1.000300187333339;0.9997864284744152;0.9996117914659532;0.9998878217878866;0.995157608593441;0.9932739037807288;0.9911359826842806;0.9901404399531457;0.9998127736151274;0.9896490466405401;0.9894606639235469;0.9891486269893012;0.9886998841592483;0.9884532873276376;1.0000001309265028;0.9998385517023296;0.9997695657803036;0.9999315651683258;0.9999859044211101;1.024999976158142;
2016-01-22 10:15:00;0.9997875520801007;0.9995079084845202;1.000000479728967;0.9998158325813266;0.9999460587639146;0.9998500837790627;1.0002725324070842;1.0000002640407433;0.9998236166816682;1.000000180680691;0.999841421553942;1.0000001302482358;1.0000001244381087;0.9999238170462114;1.0000002784886488;0.9999952126817723;1.0000002752740125;1.0000005008611754;1.0000001533241916;0.9998688728703705;0.9997910441876043;0.9996394836979114;0.9999987776877628;1.0002502241522135;1.0002836412665457;0.9998130859317491;0.9996935401693842;0.9999051583099189;0.9952286759236958;0.993376279264868;0.9912735099401546;0.9902938207768957;0.9998555570314369;0.9897493640062501;0.9895643589856994;0.9893593865603812;0.9889570165317428;0.9887396260108512;1.0000001104985288;0.9998760182727615;0.9998007303377975;0.9999383545380276;0.9999909701948467;1.024999976158142;
2016-01-22 10:30:00;0.9998415628338296;0.9996560638689012;1.000000273242584;0.9998618261335409;0.9999614764532164;0.999887684234464;1.000243262938622;1.0000001669140155;0.9998707507776764;1.0000001242787566;0.9998833826838637;1.0000001044461282;1.0000000999305578;0.9999459608323663;1.0000001742633071;0.999995918511168;1.0000001727263577;1.0000002840413895;1.0000001104080858;0.9999012146204277;0.9998409847364755;0.9997401279392462;0.9999988859696306;1.000223584749555;1.00025304379807;0.9998570004922741;0.9997776822149085;0.9999297052158818;0.9950759986879062;0.9931847511975849;0.9909912294067241;0.9899674011966572;0.9998980066905957;0.9894316354100623;0.9892737573899401;0.9889681872175392;0.9885719847387662;0.9883548975076804;1.0000000883282418;0.9999126562632559;0.9998475058613983;0.999953158993609;0.9999942440594591;1.024999976158142;
2016-01-22 10:45:00;0.9998446364734439;0.9996537785079692;1.0000002655484101;0.999865086570896;0.9999604061917262;0.9998890139832052;1.0002398493118514;1.000000161413504;0.9998669385937117;1.0000001220859165;0.9998846004041927;1.0000001040526139;1.000000099555572;0.9999467263286907;1.000000167538623;0.9999967076194377;1.00000016617158;1.000000276810729;1.0000001089298183;0.9999010170588138;0.9998434078524062;0.9997364747953174;0.9999990715130623;1.000221047203059;1.0002490531828132;0.9998601338164954;0.999775126209512;0.999930584274275;0.9949750497859371;0.9930193439170756;0.9908006812091468;0.9897527973328194;0.9998960635018677;0.9891119374797651;0.9889157080552812;0.9887932770129703;0.9883989847945838;0.9881860155707911;1.0000000878949034;0.9999110086132063;0.999850113265469;0.9999521471365815;0.9999943433011295;1.024999976158142;
2016-01-22 11:00:00;0.9998633896431672;0.9997084227776817;1.0000002194352573;0.9998848971852025;0.9999679505009684;0.9999065015463716;1.0002334939487731;1.0000001423875995;0.9998915500965148;1.0000001121797073;0.9999034570188023;1.0000001045575042;1.00000009948251;0.9999554466352258;1.0000001473533928;0.9999977738702008;1.0000001463179435;1.000000227951154;1.0000001020425833;0.9999155327293396;0.9998566243219931;0.9997766758502302;0.9999992277168929;1.0002160629610042;1.0002420715235574;0.9998759982448288;0.9998076016059813;0.9999416248360657;0.994767107271093;0.9927467912269149;0.9904137917201888;0.9893133789587211;0.9999151853737654;0.9885470178025845;0.9883716780587248;0.9883695342929869;0.9879496948537713;0.9877465796753764;1.000000085439227;0.9999274260123017;0.9998634951770236;0.9999601380801001;0.9999953397779198;1.024999976158142;
2016-01-22 11:15:00;0.9998481487092645;0.9997139714043367;1.0000002418595004;0.9998650645840245;0.9999679218192418;0.999892371490948;1.0002377489314227;1.0000001625002355;0.9998881154715161;1.0000001206790108;0.9998921127117786;1.0000001056667682;1.0000001009451962;0.9999517883318818;1.0000001715335425;0.9999943277732628;1.0000001702400185;1.0000002482906076;1.0000001084086598;0.9999071260101965;0.9998454527171567;0.9997765155330303;0.9999984701242678;1.0002171734323129;1.0002484228407151;0.9998580337021892;0.9998063715438168;0.9999334040766208;0.9948534682254792;0.9928366391062324;0.9905006043977415;0.9893819238352562;0.9999151354523735;0.9885804719227221;0.9884100725550974;0.9884376844123874;0.9880200200618099;0.9877924816289612;1.0000000886597442;0.9999275889168385;0.9998501987482485;0.9999568419962669;0.9999957389151508;1.024999976158142;
2016-01-22 11:30:00;0.9998587666318175;0.9997270114832798;1.0000002097882357;0.999881024408136;0.9999702655495825;0.9999046306855525;1.0002298359442445;1.0000001379141465;0.9998964700793946;1.0000001087798016;0.9999043299012702;1.0000000999943937;1.0000000956052184;0.9999568222374974;1.00000014272732;0.9999971140477113;1.000000141877556;1.0000002177302973;1.0000000991945703;0.9999140930489065;0.9998482473015168;0.9997853730928074;0.9999989866359736;1.0002122069391408;1.0002388832859324;0.9998686715786679;0.9998130833794093;0.9999409390780711;0.9948325314048378;0.9928174463955306;0.9905007086633439;0.9893967364753059;0.9999213178104353;0.9885892769095755;0.988407617826484;0.9884762075504196;0.9880626327590726;0.9878401969100171;1.000000083428336;0.9999328549208035;0.9998549230128783;0.9999600998212405;0.9999960306398921;1.024999976158142;
2016-01-22 11:45:00;0.9999329149368222;0.9998744231940592;1.0000001118380446;0.9999417612153824;0.9999840295504302;0.9999512811578102;1.0002001835060552;1.0000000894681058;0.9999415636461315;1.0000000799862738;0.9999528848470522;1.0000000852670197;1.0000000816048897;0.9999803729321314;1.000000090792464;0.9999987941639054;1.0000000905953816;1.000000114486778;1.0000000767813852;0.9999547862159505;0.9999272385720706;0.9998924738356176;0.9999995822885781;1.0001857500852207;1.0002068552782837;0.9999355898654101;0.9999067835727633;0.9999703973791957;0.9947337269816038;0.9926700133473929;0.9902674248116433;0.9891048333729539;0.9999600012502973;0.9883262192267313;0.9881601063029234;0.9880864587070056;0.9876755735224916;0.9874657918711397;1.0000000712929118;0.999966050025199;0.9999297355996576;0.9999771375639913;0.9999988083705166;1.024999976158142;
2016-01-22 12:00:00;0.9999306467797419;0.999870228909669;1.0000001056775107;0.999938466160972;0.999983116613549;0.9999484440189206;1.0001984483716584;1.0000000868700907;0.9999381792585711;1.0000000777768872;0.9999499924694473;1.0000000826519453;1.000000079292728;0.9999793688232026;1.0000000884044868;0.9999983409832881;1.0000000882024764;1.0000001076886933;1.000000074865861;0.9999526842839134;0.9999263112689778;0.9998886414191052;0.9999994956607342;1.0001837468493453;1.000205290777255;0.999933210362682;0.999903757849058;0.9999687116912724;0.9947767302447299;0.9927452063470881;0.990420011592208;0.9893081339237514;0.9999578752786397;0.9883849091022129;0.9881948567911945;0.988456129462798;0.9880754897270856;0.9878915828413796;1.0000000699053637;0.9999642500112697;0.999928435501078;0.9999758993100616;0.9999987838051451;1.024999976158142;
2016-01-22 12:15:00;0.9999306502190103;0.9998794423144324;1.0000001068948356;0.9999400972120511;0.999985332897362;0.9999510590258254;1.0001999196537879;1.000000087233354;0.9999457233741028;1.000000078084899;0.9999530493507357;1.000000083898201;1.000000080253482;0.9999804390043341;1.000000088737864;0.9999983753927147;1.0000000885291316;1.0000001090616537;1.0000000751066256;0.9999552038622744;0.9999240193131167;0.9998967688247585;0.9999994521003516;1.0001851914526634;1.000206900195511;0.9999328681127282;0.9999096248889876;0.9999702994461018;0.9947945719669172;0.992774098663745;0.9904805849178197;0.9893888894776689;0.9999627892539701;0.9885463001093782;0.9883445986192333;0.9885087256180166;0.9881142158670339;0.987930497914711;1.0000000700121967;0.9999684493234582;0.9999265669244148;0.9999781185148;0.9999988549483501;1.024999976158142;
2016-01-22 12:30:00;0.9999208012362911;0.9998408495884593;1.0000001268015053;0.9999290390677283;0.9999770649601255;0.9999376015052064;1.000209175553691;1.0000000921303487;0.999915634862354;1.0000000796777389;0.999940542128787;1.0000000786472774;1.0000000758126162;0.9999759054435501;1.0000000933408608;0.9999990350344751;1.0000000931296762;1.0000001312213944;1.000000075353973;0.9999408113254196;0.9999158819065214;0.9998585358956821;0.9999996660693973;1.000194315233656;1.000215887966483;0.9999236719911162;0.9998792026859625;0.9999622671975145;0.995224799660841;0.9933928688275643;0.9913017095560634;0.990324243823184;0.9999445428251257;0.989651461041805;0.9894762035504239;0.9894804120911587;0.9891168974335037;0.9889165548702594;1.0000000682000005;0.9999529732321634;0.9999182734806934;0.999967824761267;0.9999988311275487;1.024999976158142;
2016-01-22 12:45:00;0.9998976957417528;0.9997777039608166;1.0000001778836325;0.9999075809710123;0.9999674544313741;0.9999171701125308;1.0002182681667648;1.000000118405068;0.9998819393892636;1.0000000982332762;0.9999200766374204;1.000000093897062;1.0000000898935746;0.9999672290702478;1.0000001200320052;0.9999991744311828;1.0000001197129622;1.0000001855752714;1.0000000910784392;0.999920939894504;0.9998935926731992;0.9998050752394255;0.9999997216672359;1.0002028753474166;1.0002251581972943;0.9999027465077077;0.9998349952048318;0.9999497217416913;0.9946940765157833;0.9926460163900641;0.9902575730646426;0.9891240337005613;0.9999214514638367;0.9883634341759312;0.9882011920783529;0.9881320868026532;0.9877422251940238;0.9875519290789112;1.000000079327893;0.9999332934110005;0.9998966837991741;0.999956117656641;0.9999981743506221;1.024999976158142;
2016-01-22 13:00:00;0.9999201212319364;0.9998430739390779;1.0000001267254577;0.9999307685108535;0.999980746459695;0.99994243903269;1.0002040236684968;1.0000000975531882;0.9999311880857417;1.0000000850633624;0.999943094651386;1.0000000876675885;1.000000084029828;0.9999756240532542;1.000000099444339;0.9999984902981178;1.0000000991359328;1.0000001300448007;1.0000000808997764;0.9999471201694934;0.9999148339917604;0.9998702278726879;0.9999995004303848;1.0001890930179602;1.0002110232815704;0.9999245560870998;0.9998879036380063;0.9999647628778897;0.9946193201876284;0.992534528706819;0.9901461415205256;0.9890085183610903;0.9999510845026414;0.9880983426368165;0.9879047920016266;0.9881132635242561;0.9877221438552879;0.9875277484461166;1.000000073860449;0.9999583746475013;0.99991796507424;0.9999736236770468;0.9999981820420942;1.024999976158142;
2016-01-22 13:15:00;0.9999137561826853;0.9998672860096366;1.000000121708531;0.9999224068419642;0.9999839128090645;0.999938118702799;1.0002042553406885;1.0000000980037815;0.9999389950843025;1.0000000831728226;0.9999415846058697;1.0000000830576128;1.0000000800740707;0.9999760270031753;1.0000001013299191;0.9999963266444685;1.0000001009933768;1.0000001235868623;1.000000078949915;0.9999459063268288;0.9999082729437083;0.9998850436776792;0.9999989613429168;1.000187577196766;1.0002126175008055;0.9999150570407779;0.999898585122698;0.9999625744643696;0.9948062423350886;0.9927922042670055;0.9905409955359716;0.9894757747716537;0.9999588494783513;0.98857100321352;0.9883467160740411;0.9886733657822265;0.9883281217133079;0.9881483672874968;1.0000000718746234;0.9999651959753781;0.9999101556260825;0.9999743480452216;0.9999988300338608;1.024999976158142;
2016-01-22 13:30:00;0.999869270794677;0.9998233619704613;1.0000001544380444;0.9998814871671142;0.9999810328923869;0.9999094357249033;1.000219761626209;1.000000119766671;0.9999267710404868;1.0000000917766951;0.9999149957057899;1.0000000817424652;1.0000000793635608;0.9999645056992948;1.0000001273049623;0.9999925525502745;1.0000001266704712;1.0000001559350165;1.0000000847093338;0.9999245691044152;0.9998621695161434;0.9998506600422686;0.999997951222113;1.0001990714582079;1.000231122060243;0.9998704345615338;0.9998658064559566;0.9999450701118384;0.9952459247129822;0.9934566441510352;0.9914804073393547;0.9905894665541646;0.9999492044679533;0.9898120307012515;0.9895968963651366;0.9899324684742375;0.9896804450201943;0.9895659986927106;1.0000000732364012;0.9999570941602758;0.9998643909913496;0.9999670593944459;0.9999981775004836;1.024999976158142;
2016-01-22 13:45:00;0.9999129691253543;0.9998326618370785;1.0000001162370329;0.9999255391815497;0.9999799749594186;0.99993862165926;1.0002049778869657;1.0000000878764068;0.9999283277651684;1.0000000765684758;0.9999394756951369;1.0000000735037986;1.0000000716362256;0.9999739634399942;1.0000000894947398;0.9999984400200261;1.0000000892306615;1.0000001196478352;1.000000072773257;0.9999434943254514;0.999905893323764;0.9998618415526053;0.9999994327428209;1.0001900145219456;1.0002121266109687;0.9999176674699279;0.9998801088716734;0.9999624129495497;0.9952481739997562;0.9934251092326607;0.9914637840612949;0.9905602258087052;0.9999488303949583;0.9896367708137714;0.9893829472227831;0.9899861266403491;0.9897916291681266;0.9897316310693556;1.000000066400854;0.9999564619920334;0.999909569108053;0.9999722339270883;0.999998043844646;1.024999976158142;
2016-01-22 14:00:00;0.9999002114753759;0.9998134110942879;1.000000129762508;0.9999109202586348;0.9999754511082414;0.9999251526483558;1.000211150109745;1.0000000925141626;0.9999102615030148;1.0000000771053932;0.9999279534775898;1.0000000683199872;1.0000000671628968;0.9999700073712015;1.0000000947775611;0.9999975123569659;1.0000000944846943;1.0000001339892246;1.0000000722323092;0.999931594890749;0.999894759067438;0.9998399162750566;0.9999992440932077;1.000194986123583;1.0002189625906495;0.9999040397162355;0.9998619173918308;0.9999544923323358;0.9957264665921042;0.9941214565893225;0.9923776637248075;0.9916001663589923;0.9999388850591294;0.9908128677372063;0.9906006037106606;0.9911011536812652;0.9909656292498419;0.9909214207760227;1.000000064345975;0.999948125987603;0.9998976770941304;0.9999650144211456;0.9999982281673551;1.024999976158142;
2016-01-22 14:15:00;0.9998289487704933;0.9997253085785435;1.000000230019668;0.9998483110743471;0.9999657163094099;0.999876910050233;1.0002342342368205;1.0000001443974815;0.9998708274968868;1.000000104813279;0.9998852202685693;1.0000000767301664;1.0000000759247254;0.9999520577432531;1.0000001515158918;0.999994317176406;1.000000150819305;1.0000002384227966;1.0000000931702664;0.9998900089763865;0.9998157509668009;0.9997609881487964;0.999998261375979;1.0002141097671546;1.0002452270179758;0.9998325976403865;0.9997902339775816;0.9999253175150575;0.9958612681454152;0.9943271977995849;0.9926786811511678;0.991966704267784;0.9999132541853095;0.9912151567284236;0.9910001473702749;0.9915306325204971;0.9914354918175056;0.9913844606980353;1.0000000747940745;0.9999265964230558;0.9998204914447072;0.9999466048644935;0.9999976051625822;1.024999976158142;
2016-01-22 14:30:00;0.9997685687209674;0.9995907204883134;1.000000404834865;0.9998060585549281;0.9999520563736806;0.9998418618601506;1.0002578637648323;1.0000002115425404;0.9998247838302559;1.000000146916212;0.999850764026228;1.0000000919030956;1.000000091100998;0.9999341994530272;1.0000002196099103;0.9999966035143982;1.0000002181910266;1.0000004278902384;1.0000001249421986;0.9998537650659478;0.9997424222295517;0.999657445950847;0.9999985259151467;1.0002382627970348;1.0002689084816019;0.9997793054712865;0.9996999735961344;0.9999030579183226;0.996000119465078;0.9944950070788385;0.9928711545452551;0.9921614867003125;0.9998766262370478;0.9913866373417702;0.991179955485375;0.99174440628409;0.9916637082874594;0.9916057772727533;1.000000090451281;0.9998952392521863;0.9997532720855073;0.999929786460369;0.9999954592376941;1.024999976158142;
2016-01-22 14:45:00;0.9997652144991502;0.9994651645039763;1.0000004852377031;0.9998010557842734;0.9999366494921639;0.999832453593777;1.000267674918427;1.0000002369626522;0.9997848316394053;1.0000001631401096;0.9998295104020527;1.00000009596041;1.0000000951437054;0.9999204243567688;1.0000002452739423;0.9999982776588008;1.000000242744232;1.0000005151173894;1.000000136455845;0.999845170007012;0.9997563977736186;0.9995850278399596;0.9999992754577012;1.0002484423474038;1.0002772419878867;0.9997892304077627;0.9996465322922509;0.9998952033455214;0.9961913478871979;0.9947960890292361;0.9932786242882075;0.9926430363562592;0.9998359304876872;0.9920002145938844;0.9918166311418181;0.9922345610633727;0.9921682733733365;0.9921113636306811;1.0000000952820698;0.9998596606347946;0.999768476082031;0.9999229082576679;0.9999917678419133;1.024999976158142;
2016-01-22 15:00:00;0.9997563602610434;0.9994894835800647;1.0000005085277945;0.999800811767897;0.9999442970554083;0.9998376324940856;1.0002729736493208;1.000000247174346;0.9998100717133398;1.0000001692993934;0.9998370890155316;1.000000098158325;1.0000000973978964;0.9999227012429305;1.0000002561518153;0.9999984180081326;1.0000002536330732;1.000000540443358;1.0000001410560655;0.9998501651341262;0.9997361814284282;0.9996063906272138;0.9999990528790218;1.0002537346839868;1.0002832054261177;0.9997791468810453;0.9996597898963614;0.9998983404921351;0.9963195401317834;0.994959631358644;0.9935123257624703;0.9929070991742803;0.9998523312802177;0.9922900913388507;0.9920900316950612;0.9925214772712665;0.9924612818575178;0.9924078533861214;1.0000000971515657;0.9998737273547283;0.9997505397643903;0.9999295592810467;0.9999919776864196;1.024999976158142;
2016-01-22 15:15:00;0.9997494619577459;0.9994286435259035;1.000000616671334;0.999789955498564;0.9999359339494882;0.999826318350943;1.0002824463661393;1.0000002952776652;0.9997862774596579;1.0000001969613534;0.9998215029845742;1.000000108425303;1.0000001072594058;0.9999140613949975;1.0000003072490335;0.9999977966644849;1.0000003037564218;1.0000006535530988;1.0000001616669942;0.9998418991667919;0.9997411433750935;0.9995694430528766;0.9999991653992555;1.0002618101491978;1.0002928374428826;0.9997778444583746;0.9996326220534684;0.9998905021371615;0.9963368091156556;0.9949859935434354;0.9935369476980376;0.9929334087389126;0.99983060567034;0.9923466449088387;0.9921555138370183;0.9925293831921177;0.992465982228443;0.9924240702036505;1.0000001074084996;0.9998548576957775;0.999754903384069;0.9999240708497079;0.9999903238884328;1.024999976158142;
2016-01-22 15:30:00;0.9997955055648093;0.999577137226091;1.0000003724626991;0.9998212883755003;0.9999495015574006;0.9998520867581081;1.0002576090186912;1.0000001992480205;0.9998247959448213;1.0000001365197888;0.9998526145694181;1.0000000845288142;1.0000000839518057;0.9999331225513953;1.0000002084792796;0.9999955924637751;1.0000002067142704;1.0000003910795034;1.0000001160493308;0.9998671568536986;0.9997898875034442;0.9996658207361439;0.9999987000303443;1.0002368103753805;1.000268292346004;0.9998116924600584;0.9997136151802756;0.9999081842649922;0.9963326369086736;0.9949987681450574;0.9935744859797088;0.9929890350782257;0.9998693994466598;0.9924099175044943;0.992216811532175;0.9926039046317356;0.9925529068227387;0.9925158776880632;1.0000000845774903;0.9998885201186523;0.9997979440924321;0.999934793639064;0.9999939306411455;1.024999976158142;
2016-01-22 15:45:00;0.9997763647736976;0.9994816526668784;1.000000495244484;0.999803360143866;0.9999405404364737;0.9998375915113149;1.0002701315264506;1.000000257924554;0.9998030521755198;1.0000001704986314;0.9998305748847913;1.0000000979622823;1.0000000970595662;0.9999195250978767;1.0000002719305008;0.9999949234006288;1.0000002688056295;1.0000005187347296;1.000000141841758;0.9998571413853686;0.9997817445558278;0.9996135840185486;0.9999987453242047;1.0002477421912108;1.0002812395195992;0.9998020988035671;0.9996726335621893;0.999897626656795;0.9961905010119705;0.9947671417174321;0.9932885256422463;0.9926629917937447;0.9998431207035408;0.9920190722376837;0.9917856753680084;0.992268671236916;0.9922136865653888;0.9921803959490617;1.0000000980763377;0.9998654970268827;0.9997910472470528;0.9999308519102511;0.9999909378758324;1.024999976158142;
2016-01-22 16:00:00;0.9998251252350283;0.9995879633753542;1.0000003286922317;0.9998457787360067;0.9999495428169619;0.9998690327881365;1.0002511689620837;1.000000174797628;0.9998296315941191;1.0000001230005036;0.9998651614477226;1.0000000788528227;1.0000000783097147;0.9999377349857996;1.0000001816030495;0.9999971986665932;1.0000001799592828;1.0000003458275721;1.0000001055586616;0.9998815181907508;0.9998272070552007;0.9996818450408205;0.9999992660901851;1.0002319392215075;1.0002602381529657;0.9998437574575348;0.9997312517762906;0.9999180725609109;0.996403282388747;0.9950925371406133;0.9937052487734291;0.9931347621062669;0.9998702284035584;0.9925623270712026;0.9923644491852689;0.9927650196301431;0.9927133681105836;0.9926787129640783;1.0000000789737007;0.9998889393543207;0.9998343889538202;0.9999398187296359;0.9999935609566918;1.024999976158142;
2016-01-22 16:15:00;0.9998750682038554;0.9997678471288135;1.000000167897091;0.9998846106803754;0.9999644840673684;0.9998985749626882;1.000220977258409;1.0000001052292842;0.9998664708137737;1.0000000822963102;0.9999062009719175;1.000000063456969;1.0000000632434507;0.9999628679338023;1.00000010787045;0.999997330895084;1.0000001075777234;1.0000001753889665;1.0000000750080882;0.9999050642290713;0.999868876463732;0.9997858223079868;0.9999992104474728;1.000203984672278;1.00022917734411;0.9998771421811875;0.9998169729856787;0.9999390006285945;0.9963696835834465;0.9950685140910457;0.9936744101648917;0.9931051977232087;0.9999153155795193;0.9925416969444549;0.9923565280711215;0.99273105357437;0.9926827033419863;0.9926438036536037;1.0000000636757405;0.9999283795844348;0.9998712470235476;0.9999479657114521;0.999998814951931;1.024999976158142;
2016-01-22 16:30:00;0.9998063945546926;0.9996930203225061;1.000000272238077;0.9998299567170563;0.9999581173061719;0.9998580053550229;1.0002408281251707;1.000000154053533;0.9998383949684635;1.0000001101816445;0.9998718640780522;1.0000000742540704;1.0000000739811876;0.9999481093234841;1.000000159699495;0.9999956284388105;1.0000001592048142;1.0000002861297634;1.000000096284491;0.9998683071518081;0.9997850393187804;0.9997172844931308;0.9999984364248484;1.000221454383365;1.0002515387992768;0.9998079500184653;0.9997522661134838;0.9999145345438301;0.996340845503838;0.9949914896497329;0.9935798246221388;0.9929884883735526;0.9998974357391498;0.9923750259289721;0.9921603144342505;0.9926189650940506;0.9925705669715581;0.9925310108928689;1.0000000745642181;0.9999134836607164;0.9997909125720928;0.9999330830825909;0.9999983950854151;1.024999976158142;
2016-01-22 16:45:00;0.9997883106794441;0.9996877796679957;1.0000003136317681;0.9998161652450671;0.999957590189978;0.9998476911805287;1.0002463977357838;1.0000001710967539;0.9998326239111022;1.000000120110641;0.9998655997683892;1.000000077508258;1.0000000772553495;0.9999460456431476;1.0000001771993479;0.999995394468115;1.00000017670131;1.0000003306883918;1.0000001037056852;0.9998581373060965;0.9997598653898496;0.9997051037539229;0.9999982362492771;1.0002265941805106;1.0002577645128092;0.9997878944427251;0.9997393467473624;0.99990864696793;0.9963991841216032;0.9950854806507269;0.993697825180165;0.9931260394029694;0.9998963695445204;0.9925314821026743;0.9923312243926823;0.992769672408681;0.9927197358736829;0.9926752257043554;1.0000000780954321;0.9999128165492451;0.9997666676834747;0.9999287330350956;0.9999988746289392;1.024999976158142;
2016-01-22 17:00:00;0.999824305778895;0.9996958941428331;1.000000283446803;0.9998470253047679;0.9999560761376889;0.9998676445945331;1.0002430821655808;1.000000150034161;0.9998322553930609;1.0000001095001703;0.9998810794070789;1.0000000730733773;1.0000000728457292;0.9999519356494581;1.000000153113748;0.9999983336632637;1.0000001527242617;1.0000003011886314;1.0000000954440582;0.9998732430640755;0.9998032701263766;0.9997171184678447;0.9999991417599151;1.0002256989638443;1.0002520759243783;0.9998268519437384;0.9997547163146513;0.9999203651252749;0.9965106290971444;0.9952514273259089;0.9939036704069587;0.9933551065118096;0.9998943339309491;0.9928082513664404;0.9926280747422032;0.9929971250507102;0.9929616081517975;0.9929340737991961;1.0000000735788421;0.9999107841269748;0.9998094702718205;0.9999326898331419;0.9999985989686864;1.024999976158142;
2016-01-22 17:15:00;0.9998476633858634;0.9997274768639788;1.0000002113020752;0.9998637527794078;0.9999597383394516;0.9998814702108049;1.0002325482364223;1.0000001222824153;0.9998475337057761;1.0000000923640802;0.9998916931539973;1.0000000667843965;1.0000000665954216;0.9999566731713065;1.00000012529363;0.9999976443239041;1.0000001249453707;1.000000222526215;1.000000082507004;0.9998878083784998;0.999834327826595;0.9997480521776102;0.9999991281719022;1.0002151748150359;1.0002412679210406;0.9998500461153175;0.9997829237541065;0.9999286909731074;0.9965086531403007;0.995251742271975;0.9939248730323246;0.993387597897742;0.9999034431067595;0.9927971744033351;0.992605032462589;0.9930744227535736;0.9930410599785298;0.9930154280050463;1.0000000671796412;0.9999183996907465;0.9998385755887407;0.9999396640678704;0.9999986383146605;1.024999976158142;
2016-01-22 17:30:00;0.9998637351216648;0.9997393289352842;1.0000001898854716;0.9998806341630396;0.9999634357890215;0.9998963484174805;1.0002257593972022;1.0000001123834619;0.9998645993272676;1.0000000880454611;0.999902956049897;1.0000000664194395;1.0000000662114974;0.9999600379206254;1.0000001144321167;0.9999986533890131;1.0000001140976453;1.0000002001564658;1.0000000796607669;0.9999013398160408;0.999851565226793;0.9997679265181724;0.9999993888914963;1.000209650911367;1.0002336151658302;0.9998683409183274;0.9998004347188105;0.9999372292751721;0.9961982815692603;0.9948679528120887;0.9934543820411555;0.9928996050679978;0.9999110643440711;0.9923019201952792;0.9921046832468058;0.9925680531329969;0.9925368282568364;0.9925151493621092;1.000000066460876;0.9999246366530079;0.9998564475571741;0.9999474522974934;0.9999980849059631;1.024999976158142;
2016-01-22 17:45:00;0.9999112821458003;0.9998225162793888;1.0000001186548602;0.9999203307888772;0.9999736281145157;0.9999291930307687;1.0002057601986698;1.0000000821326722;0.9999023418883211;1.000000070214344;0.9999333073366864;1.00000005962667;1.000000059482398;0.9999732781467676;1.0000000830824827;0.9999991287669605;1.0000000829226845;1.0000001235251625;1.0000000661198234;0.9999322327865957;0.9999051929471361;0.9998394096058298;0.9999996570870081;1.0001912469299743;1.000212366379696;0.9999139937670399;0.9998630016082358;0.99995729376024;0.9961541922053887;0.9948083260070397;0.993367134877968;0.9927938591224668;0.9999368548450489;0.9921350309373638;0.99194289850002;0.9924793975802655;0.9924512184807542;0.992432314683427;1.0000000595739411;0.9999465009658215;0.9999078058318609;0.9999626419682707;0.9999988872319471;1.024999976158142;
2016-01-22 18:00:00;0.9999189042761965;0.9998309764405232;1.0000001074584044;0.9999269667403252;0.9999755462351636;0.9999353598886428;1.0002033727573905;1.0000000770458886;0.9999108559260143;1.0000000669149844;0.9999378710114623;1.000000058046517;1.0000000578997226;0.9999746478209633;1.0000000779612466;0.9999990565971596;1.0000000777768308;1.0000001114119592;1.0000000634521533;0.9999386786206441;0.9999149285141747;0.9998511910832982;0.9999996778352921;1.0001889276879938;1.0002098594042703;0.9999223905374622;0.9998734457185184;0.9999608237070526;0.9963135021187295;0.9949845749449463;0.9935674058302487;0.9929795650400143;0.9999408747212988;0.9922724086784154;0.992078776447209;0.992678688160049;0.9926494421761576;0.9926297464862405;1.0000000579316688;0.9999498128480365;0.9999173460784836;0.9999664059878799;0.9999986531001024;1.024999976158142;
2016-01-22 18:15:00;0.9999164405833495;0.9998271540055435;1.0000001119251658;0.999924882200106;0.9999755307489765;0.9999341469626494;1.0002074353636183;1.0000000791439718;0.9999111494947212;1.0000000679687702;0.999936452678966;1.0000000583076614;1.0000000581637967;0.9999738040118532;1.00000008026851;0.9999988322890895;1.0000000800596136;1.0000001161178165;1.0000000642024287;0.9999380392231252;0.9999126300580006;0.9998495365791297;0.99999962086066;1.0001925358239543;1.000214180512846;0.9999202844268232;0.9998718624171821;0.9999600007851575;0.9964044276348163;0.9950824145252498;0.9936986146640214;0.9931138957479081;0.9999404222305113;0.992408496838365;0.9921986102501252;0.9928159810330353;0.99279188527596;0.9927777043037317;1.000000058213331;0.9999494037410498;0.9999151513088183;0.9999664789690573;0.9999985037251086;1.024999976158142;
2016-01-22 18:30:00;0.99990086241508;0.9998033813284575;1.0000001143354431;0.9999128941476264;0.9999731918165566;0.9999248398471482;1.0002102302237537;1.000000079775153;0.9999022036854956;1.00000006806485;0.999927753800532;1.0000000580350221;1.0000000578966108;0.9999700882043598;1.0000000809729723;0.999998742170484;1.0000000807759524;1.0000001188100944;1.0000000641442635;0.9999290618212164;0.9998935621077744;0.9998290927623457;0.9999995080020824;1.0001951540338139;1.0002173136565655;0.9999050589516129;0.9998532958996207;0.9999543540412011;0.9965441846289905;0.9952875038423492;0.9939937459767605;0.9934623548017131;0.9999342116269615;0.9927696558003031;0.992555688142187;0.9932268701432926;0.9932064035963892;0.993196947744341;1.0000000579080714;0.999944155392016;0.9998970888407679;0.9999625135208909;0.9999982787249917;1.024999976158142;
2016-01-22 18:45:00;0.9998994274531413;0.9998162876390765;1.0000001149362352;0.9999134719111767;0.9999750746448365;0.9999260073654801;1.0002083970498294;1.000000080143023;0.999906879559345;1.000000068781496;0.9999307360080254;1.0000000588316866;1.0000000586903373;0.9999717778312325;1.0000000811563803;0.999999001715668;1.0000000809999636;1.0000001196265158;1.00000006488335;0.9999293574009485;0.9998878206866879;0.9998354953444915;0.9999994858425082;1.000193736400864;1.000215464046693;0.9999021204477787;0.999857304305225;0.9999553206755527;0.9963984091289511;0.9950569925363936;0.9936825953470213;0.9930955520425617;0.999939086982564;0.9922941409569419;0.9920614806781233;0.9928601072064923;0.9928398538495435;0.9928315681705345;1.0000000585989195;0.9999484309555858;0.9998917844407307;0.9999631286161937;0.9999987284640651;1.024999976158142;
2016-01-22 19:00:00;0.9998780189623211;0.9997620310191019;1.0000001473847966;0.9998929094598559;0.9999661178995382;0.9999062468813631;1.000219423502922;1.0000000923451373;0.9998746588749216;1.0000000753764489;0.9999118352054956;1.0000000603477894;1.0000000601957513;0.999964043549202;1.0000000936502336;0.9999989907235198;1.000000093433056;1.0000001548327815;1.0000000695370044;0.9999101950434388;0.9998671975137756;0.9997871637492669;0.9999994996309862;1.0002039904177484;1.0002267885878455;0.9998820772470707;0.9998173543947028;0.9999433045161412;0.9966951330892383;0.9954346395573753;0.9941065625706914;0.9935210676343064;0.9999180166297813;0.9927405976187841;0.9925463290043756;0.9932733857478562;0.9932529726086892;0.9932438948760223;1.0000000603700046;0.9999305253472419;0.9998715278473619;0.9999516239277623;0.9999983212959483;1.024999976158142;
2016-01-22 19:15:00;0.9999110156342723;0.9998153247081863;1.0000001063438588;0.9999214552845325;0.9999749832684576;0.9999319672743525;1.0002083934609716;1.0000000763032726;0.9999099190077853;1.0000000659488826;0.9999335855147627;1.000000057141994;1.0000000570068077;0.9999722126546198;1.000000077414457;0.9999988848151944;1.0000000772242115;1.0000001101974538;1.0000000624917467;0.9999359970265091;0.9999059681233815;0.9998421930381455;0.9999995928286045;1.000193508874059;1.0002152192079337;0.9999156780078287;0.9998651463314872;0.9999585381076469;0.9966522624217062;0.9953752709734405;0.9940181293821253;0.9934147375134627;0.9999383789321437;0.9925926801528445;0.9924036002722064;0.9931715957902437;0.9931517912877847;0.9931435029996222;1.0000000569823226;0.9999476181565529;0.9999091318077803;0.999966049775465;0.9999981980507605;1.024999976158142;
2016-01-22 19:30:00;0.999915773798793;0.9998299925908235;1.000000101622094;0.9999247213506036;0.9999757430226032;0.9999340006449307;1.0002070362832132;1.0000000735738106;0.9999111460008471;1.0000000641310318;0.9999368397615748;1.0000000560474214;1.000000055925419;0.9999742600498188;1.0000000745098756;0.9999989342729827;1.000000074343465;1.0000001052683485;1.0000000609628292;0.9999374816236285;0.9999106173243894;0.9998499194116846;0.9999996159595492;1.000192274351189;1.000213762213705;0.9999190367838836;0.9998718111254363;0.9999600333090229;0.9967754374420309;0.9955509394146188;0.994301349622586;0.9937579626595141;0.9999411917804888;0.9930573048761945;0.9928415216357389;0.993511918957661;0.9934919562793006;0.9934828763559309;1.0000000559363882;0.9999501074960707;0.9999132305342053;0.9999661554530668;0.999998672447842;1.024999976158142;
2016-01-22 19:45:00;0.9998507528841499;0.9997097466758993;1.0000002352119575;0.9998589670234503;0.9999546427830877;0.9998747135548309;1.0002406373217032;1.0000001322935335;0.9998311938582702;1.0000000957741775;0.9998836632492588;1.0000000655950634;1.0000000654169776;0.9999533741122727;1.0000001362789657;0.9999964164925694;1.000000135827391;1.0000002471111256;1.0000000842205443;0.999883728272196;0.999848594880227;0.999735235802255;0.9999990795051512;1.0002214837595953;1.0002497908044294;0.9998543755289695;0.999775664167689;0.9999243914834488;0.9971021794221219;0.99598130296998;0.9948232847155647;0.9943177124691545;0.9998919508822536;0.9936476129814943;0.9934595248708504;0.9941012192058932;0.9940814817065479;0.9940723963912033;1.0000000667948645;0.999908514679529;0.9998506096331554;0.9999353456865498;0.9999982983470489;1.024999976158142;
2016-01-22 20:00:00;0.9999240501452346;0.9998474370093325;1.0000001022389;0.9999288785139444;0.9999766579522938;0.9999367970314582;1.0002084080746625;1.0000000742661277;0.9999137662141239;1.000000064034697;0.9999401178057264;1.0000000556012507;1.0000000554869466;0.9999762032095443;1.0000000754031058;0.9999983642326036;1.0000000752551363;1.0000001056731764;1.00000006076905;0.9999409921536769;0.9999225024029067;0.9998621626982743;0.9999995678541541;1.00019300479425;1.0002153193706118;0.9999262164450299;0.9998831379175998;0.9999618879980632;0.9968914056056526;0.9957265324213999;0.9945215181673128;0.9940071997642822;0.9999442641244793;0.9932717034959715;0.9930772532249396;0.993823706187089;0.9938035972934541;0.9937949247795493;1.000000055659226;0.9999527671350535;0.9999237728934316;0.999967191445517;0.9999990328754302;1.024999976158142;
2016-01-22 20:15:00;0.9999344470088222;0.9998699921760309;1.0000000779099714;0.9999409985530975;0.9999830943603571;0.9999503405554542;1.0001997939191305;1.0000000635469;0.9999393822673517;1.0000000575398327;0.9999509717315711;1.0000000529185873;1.0000000528241704;0.9999794149083218;1.0000000645116012;0.9999982535357398;1.0000000643698526;1.000000079523856;1.000000055694736;0.9999549420604291;0.9999324720437599;0.9998911499334321;0.9999995060214819;1.0001849192264531;1.0002065920169727;0.999937750243009;0.9999066432413115;0.9999696942926265;0.9971646438986134;0.9961141990280988;0.995032929847154;0.9945824726262382;0.9999576761769636;0.9938818239725837;0.9937028668474427;0.9944603296145694;0.9944411194391574;0.9944324413491411;1.0000000527617217;0.9999640002027356;0.9999343211125701;0.9999769045959782;0.9999985858007543;1.024999976158142;
2016-01-22 20:30:00;0.9999239839742818;0.9998317448898424;1.000000092217099;0.9999295326866403;0.9999752884279186;0.9999370790685268;1.0002072381632372;1.0000000685717274;0.999911132272883;1.000000060369858;0.9999383544154234;1.0000000536075213;1.0000000535031484;0.9999747544417509;1.0000000694690874;0.9999987286296357;1.0000000693073163;1.0000000951722008;1.0000000577123591;0.9999410550651489;0.9999237178822588;0.9998542739855574;0.9999996707674477;1.000192196681272;1.0002138478757059;0.9999280076627755;0.9998771510702107;0.9999617532918149;0.9972847513404607;0.9962698446879839;0.9952325599820097;0.9947994116778215;0.9999402471090082;0.9941188663106626;0.9939410129278073;0.9946866185454195;0.9946672396879733;0.9946589387267177;1.0000000535931266;0.9999492058543221;0.9999254441427536;0.9999672367995406;0.9999984907307853;1.024999976158142;
2016-01-22 20:45:00;0.9999377984377242;0.999868534360147;1.0000000805909912;0.9999417094966538;0.9999800861576267;0.9999479215590574;1.0002025362742397;1.000000063656651;0.9999272754672538;1.000000057520057;0.9999497871774875;1.0000000525345096;1.0000000524472112;0.999979928684389;1.0000000643477942;0.99999876239013;1.000000064242067;1.0000000826950182;1.0000000555601014;0.9999512702514852;0.9999372538954606;0.9998831156983531;0.9999996857918484;1.0001878341432362;1.0002089706596142;0.9999401573620261;0.9999012617645134;0.9999685261198209;0.9973443806048351;0.9963616699034643;0.9953733086481059;0.9949697314061012;0.9999522967925792;0.9943525070903497;0.99416958691103;0.9948531223524849;0.9948334485811495;0.9948247670617966;1.000000052496115;0.9999595205322388;0.9999383603848597;0.9999727638439575;0.9999990397025373;1.024999976158142;
2016-01-22 21:00:00;0.9999036516550721;0.9997929424051255;1.0000001202944677;0.9999111944368712;0.9999688119636281;0.9999201324613896;1.0002192760260313;1.000000079148762;0.999886448464884;1.0000000660758803;0.9999234475198048;1.0000000550232864;1.0000000549140131;0.999968937407583;1.0000000802145066;0.9999987562458106;1.0000000800443665;1.0000001256534956;1.0000000617792175;0.9999243497268216;0.9999013482524416;0.9998164874303667;0.9999996366397056;1.0002034781087652;1.0002263136831562;0.9999078471819588;0.9998450071337975;0.9999516076378013;0.9975154092097108;0.9965910749995457;0.9956551200159893;0.9952756165462453;0.9999252575112361;0.9946976591723735;0.9945298108895947;0.9951642893797922;0.995144001688069;0.9951345273540385;1.0000000552571922;0.9999365565520854;0.999903645416855;0.999957619064165;0.999998426937593;1.024999976158142;
2016-01-22 21:15:00;0.9999159339907681;0.99981813249027;1.0000001025459175;0.9999219701737342;0.999972463879468;0.9999297444501414;1.0002161459794499;1.000000071779961;0.999899830651321;1.0000000617622495;0.9999324020795501;1.0000000534552604;1.0000000533558777;0.9999726790478789;1.000000072701632;0.9999987776716963;1.0000000725468097;1.000000106516155;1.0000000585062732;0.9999336350218914;0.999914628375228;0.9998388561028194;0.9999996655296233;1.0002005561302183;1.0002230143306348;0.9999195941029881;0.9998640656238234;0.9999574500970535;0.9977176658190477;0.9968145202958413;0.9959380438002594;0.995556733811825;0.999934063789817;0.9949853220108155;0.9947960070712528;0.9954385278858551;0.9954183075123741;0.9954092099516733;1.0000000535546512;0.9999440254422477;0.9999164583080545;0.9999627102482329;0.9999986167216217;1.024999976158142;
2016-01-22 21:30:00;0.9999131164466356;0.9998097225889627;1.0000000989930011;0.9999197200362082;0.9999720380885564;0.9999283640749241;1.0002160448263777;1.0000000700903005;0.9998992166922089;1.0000000606015982;0.9999301720477767;1.0000000528305164;1.0000000527435287;0.999971400670522;1.000000071012237;0.9999986008861275;1.0000000708617605;1.0000001026983538;1.000000057553368;0.9999327856655773;0.9999122653398452;0.9998346409595493;0.9999996206035542;1.0002003217049902;1.000223018330137;0.9999175464089087;0.9998604520682893;0.9999564677661231;0.9979058511765745;0.9970732039916734;0.9962639083755022;0.9959133464855198;0.9999324417294106;0.9953985952804936;0.9952248688775832;0.9957974428895702;0.9957780551231686;0.99576857474163;1.0000000529407582;0.999942587106367;0.9999143021036299;0.9999626872359938;0.9999983298002907;1.024999976158142;
2016-01-22 21:45:00;0.9999171931757154;0.9998151278732016;1.0000000947423393;0.9999245871034722;0.999973514036471;0.9999328876148229;1.0002134157004983;1.0000000681328143;0.9999052922681577;1.000000059710824;0.9999339691314278;1.0000000526911375;1.000000052596667;0.9999725932015248;1.0000000689051955;0.9999989436196228;1.0000000687451986;1.000000098220785;1.0000000569351208;0.9999367842414632;0.9999157842866699;0.9998415604339548;0.9999996902449879;1.0001981619669227;1.0002201332883636;0.999922075114313;0.9998661956413261;0.9999590963994685;0.9978136165997229;0.9969687867224203;0.9961542481713818;0.9958150495383131;0.9999355943190386;0.9953112074432636;0.995130622642523;0.9957068470397413;0.9956873937720787;0.995678704789181;1.0000000527111197;0.9999452153983531;0.9999181475599066;0.9999651611798884;0.9999982216951345;1.024999976158142;
2016-01-22 22:00:00;0.9999112169541883;0.9997895625649905;1.0000001143784885;0.9999191438584757;0.9999704517817588;0.9999278069158325;1.0002217217630203;1.000000076057301;0.999896294902829;1.0000000641685407;0.9999277334682175;1.0000000541659597;1.0000000540419185;0.9999691335114302;1.0000000771975506;0.9999990216634147;1.0000000769147848;1.0000001192803782;1.000000060201414;0.9999323194167553;0.9999117186262391;0.9998246580467057;0.9999997435271384;1.0002059346568317;1.0002285596592146;0.9999181697998394;0.9998527111435727;0.9999556711182961;0.9978183809469721;0.9969475331061513;0.9961387222288153;0.9957909809705767;0.9999275301076938;0.9952570070253333;0.9950503708931336;0.9956919661237158;0.9956723628026632;0.9956640534407959;1.000000054229054;0.9999382286562264;0.9999144661120196;0.9999627095016274;0.9999976167308079;1.024999976158142;
2016-01-22 22:15:00;0.9999016404550165;0.9997302409996405;1.000000108294902;0.9999163767038742;0.9999706812874144;0.9999306052727717;1.0002245546107627;1.0000000741655208;0.9999083513984455;1.000000063007655;0.9999209308925869;1.0000000540350384;1.0000000538587441;0.9999613511445332;1.0000000760041077;0.9999988433572014;1.0000000754263276;1.0000001122106679;1.0000000592756875;0.9999381279149337;0.9999059930081874;0.9998088209515428;0.9999996925354295;1.0002084419304735;1.0002315906600283;0.9999176929738044;0.9998393629377389;0.9999555372099834;0.9979352031405594;0.997130119675227;0.9963742299716963;0.9960635651113947;0.9999215386878595;0.9956014167493572;0.9954157953574984;0.9959649344044463;0.9959434748974837;0.9959347836773147;1.0000000536588116;0.9999323916387426;0.9999115601005414;0.9999702682779903;0.9999945987386932;1.024999976158142;
2016-01-22 22:30:00;1.0002654275987086;1.0002325610400256;1.0003070625257595;1.0002710326068436;1.0002988662564505;1.0002777124210442;1.000494890484799;1.0003053753426294;1.0002773046520856;1.0003049467033436;1.0002793857748824;1.0003048840622877;1.000304887418156;1.0002933432994248;1.000305493485398;1.000304399274236;1.0003054744048006;1.0003073005147702;1.0003048904634637;1.0002818618507872;1.0002625789865762;1.0002467762301552;1.0003050923136438;1.0004812705350563;1.0005009814924182;1.0002681827204325;1.0002543583830497;1.0002882696643658;0.9983311746785114;0.9975878603713524;0.9968768905460147;0.9965935569005692;1.0002853227213688;0.9961873398491834;0.9960248952326534;0.9964931715765555;0.9964719961753061;0.9964635509571347;1.0003049011205958;1.0002885851580776;1.0002644192079149;1.0002952144467578;1.0003038985479473;1.024999976158142;
2016-01-22 22:45:00;1.0002654725421856;1.0002109930718217;1.0003065674453655;1.000270767003887;1.0002953266610235;1.0002760123799832;1.0004943275227403;1.0003051204254367;1.000268125587759;1.000304887950863;1.0002754450514668;1.0003049236022334;1.0003049326048243;1.000291222097849;1.0003051814785762;1.0003046129193336;1.0003051667748921;1.0003068071574384;1.0003048790372673;1.0002794382008326;1.0002650215768105;1.0002324170518744;1.0003049615737636;1.0004811243569551;1.0004999687592226;1.000270030073239;1.0002435558308653;1.000286927327958;0.9983784907565458;0.9976394340203952;0.9969374037298738;0.9966503622056518;1.0002773161315068;0.9962291383294811;0.996064413479007;0.9965552814931784;0.9965334886924944;0.9965250415589402;1.0003049632683103;1.000281565075544;1.000267016279257;1.0002928660200026;1.0003034462291382;1.024999976158142;
2016-01-22 23:00:00;1.0002767858593062;1.000237087398125;1.0003061323019309;1.0002802110767024;1.000297762013127;1.0002837382400271;1.0004942706100237;1.0003050118284227;1.0002773571490462;1.000304877488111;1.000283491592822;1.0003049633725276;1.000304974824612;1.0002949768108353;1.000305053019517;1.000304641091779;1.0003050425976636;1.0003063244913042;1.0003048939072694;1.0002862723281263;1.0002768414599625;1.000252070042165;1.0003049037386176;1.0004811685885797;1.000499750526634;1.0002800569375276;1.000260366344475;1.000291747457921;0.9984099953117754;0.9976986705424535;0.9970100429825269;0.9967371315168412;1.0002845358598595;0.9963473103219291;0.9961972936283389;0.9966394452500714;0.99661827549129;0.9966094274756879;1.0003050084115819;1.0002876808030783;1.0002781796998337;1.0002958951133925;1.0003039263933025;1.024999976158142;
2016-01-22 23:15:00;1.0002677862167801;1.0002095707742176;1.0003066939235756;1.0002734290969106;1.0002960841626234;1.0002786247525013;1.0004980075007726;1.0003050787185541;1.0002718102815653;1.0003048782625692;1.000277081009546;1.0003049838271676;1.0003049976428304;1.0002912168474882;1.0003051400253093;1.0003047047382998;1.0003051224138166;1.000306969832728;1.0003048938830321;1.000282239483377;1.0002680946085032;1.0002351375835496;1.0003049606540464;1.0004846588370768;1.0005036411626755;1.0002734032973863;1.0002460927488876;1.0002882859511015;0.9985492667635208;0.9979102866027016;0.9972717054098292;0.9970325002560694;1.000278293228465;0.9967011455538941;0.9965796186032901;0.9969398272265962;0.9969189392393932;0.9969100851974889;1.0003050419454962;1.0002823289897076;1.000270341577174;1.0002947615066842;1.000303218272385;1.024999976158142;
2016-01-22 23:30:00;1.0002619338791943;1.0001838404086956;1.0003083121872864;1.0002692066517667;1.0002954552017007;1.0002753041100696;1.000498630521196;1.0003056200540517;1.0002674666301141;1.0003050553415922;1.0002727291215738;1.0003048792368254;1.0003048778770645;1.0002882573344878;1.0003057314761017;1.000305408320104;1.000305696048006;1.0003087381382103;1.000304942060646;1.0002803036851702;1.0002633001812198;1.000220384321068;1.00030556501752;1.0004853362488673;1.0005042078945205;1.000270330764317;1.0002342053882707;1.0002859792538579;0.9983235465896646;0.9976049492543969;0.9969017476328377;0.9966374823784125;1.0002730695512583;0.9962606062523538;0.9961140340360006;0.9965424836177937;0.9965213063326065;0.9965128611691032;1.0003048793717468;1.000277992672202;1.0002664375975268;1.0002949939606267;1.0003023555409891;1.024999976158142;
2016-01-22 23:45:00;0.9999452841662759;0.9998713433739211;1.0000000687952508;0.999951478160234;0.9999831722940207;0.99995775698877;1.0002023171556356;1.000000057554679;0.9999416986077594;1.0000000538024603;0.9999566336591513;1.0000000507742817;1.000000050702024;0.9999812475041794;1.0000000580123227;0.9999993706714843;1.000000057899743;1.0000000702346297;1.000000052559955;0.9999606099805932;0.9999446172197117;0.9998956058119327;0.9999998126701088;1.0001881429577673;1.0002084055893734;0.9999499311950246;0.9999117183966818;0.9999739698535959;0.9979864144527937;0.9972467258138256;0.9965190983814906;0.9962399261609637;0.9999579390351072;0.9958427921275723;0.9956942484395687;0.9961388858418951;0.9961174225829675;0.9961087298398287;1.0000000506247642;0.9999640975612353;0.9999467015410815;0.9999790723110915;0.9999983663339285;1.024999976158142;
2016-01-23 00:00:00;0.9999474244488157;0.9998703268395485;1.0000000652910253;0.9999549084263107;0.999984989281571;0.9999621234327649;1.0002000973660174;1.0000000562607296;0.9999503747109298;1.0000000531168327;0.9999590397546411;1.0000000506289768;1.0000000505577376;0.9999812644595086;1.0000000567015674;0.9999993724828901;1.0000000565932108;1.0000000664192;1.000000052077649;0.9999654009579947;0.9999471566073415;0.9999018213038239;0.99999980573453;1.0001860820605677;1.0002061380561171;0.999953552375782;0.9999167623396114;0.9999762687169671;0.9979576942167139;0.9972012956501857;0.9964705595384367;0.996187433840415;0.9999609443713138;0.9957814311929221;0.9956206403713951;0.9960871784384707;0.9960657162951821;0.996057024003978;1.0000000504391697;0.9999665121280422;0.9999497556334153;0.9999827618063737;0.9999978717623893;1.024999976158142;
2016-01-23 00:15:00;1.0002670581829864;1.0002135678957527;1.0003058428381768;1.0002746305404393;1.00029704888367;1.000280981290403;1.0004939814056564;1.0003049498971233;1.0002779903914298;1.0003048814171203;1.0002785652844397;1.00030497666773;1.0003049908112165;1.0002916981040846;1.0003049859491766;1.0003046128696378;1.0003049747596262;1.0003060010438807;1.0003049130101014;1.0002839656954892;1.000265308901408;1.0002403390325092;1.0003047780754892;1.0004809976742188;1.0004995797274359;1.0002725326228974;1.0002494648594558;1.00028962880302;0.9984450074202056;0.9977602030606808;0.9970863392985062;0.9968269873069784;1.0002812992698644;0.9964669188703421;0.9963297114901756;0.9967270614305945;0.9967052608174901;0.9966968103134879;1.0003050502319553;1.000284722083068;1.000268004523627;1.000296242675096;1.0003031291059812;1.024999976158142;
2016-01-23 00:30:00;1.000273380194329;1.0002305311310915;1.000305325537751;1.000279510994468;1.0002985090828311;1.0002852987318056;1.0004911736001236;1.0003048872211648;1.0002842340252576;1.0003049153976886;1.0002828449389052;1.000305039657167;1.0003050563632967;1.0002938837063418;1.0003049024599222;1.0003043564774576;1.0003048978565627;1.0003054055508238;1.0003049682223668;1.0002879802825495;1.000272283696511;1.0002533568712402;1.0003046810194705;1.0004782177658145;1.0004967500082989;1.0002778331447013;1.000260457219557;1.0002923543388278;0.9984177908027743;0.9977182588260248;0.9970438911306316;0.9967826063411024;1.0002859745847434;0.9964125566799031;0.9962631226526886;0.9966869196704108;0.9966659372543184;0.9966578561969744;1.0003051198143686;1.0002886435065967;1.000274397106529;1.0002980622875035;1.0003034670136968;1.024999976158142;
2016-01-23 00:45:00;1.0002726643865845;1.000221701667584;1.0003054152464537;1.0002796514660928;1.0002981256352403;1.0002855410646616;1.000490424184859;1.0003048978374007;1.0002839122376026;1.0003048957947267;1.0002820521707767;1.000304986948636;1.000305001833605;1.000293001750187;1.0003049161291946;1.0003045791738743;1.0003049100539214;1.0003055106866785;1.0003049354548277;1.0002882408926392;1.000271873987024;1.000249401153833;1.000304743633098;1.0004776863923637;1.0004958547061096;1.0002782776256642;1.000257311752804;1.000292293227917;0.9983489243145919;0.9976023244661287;0.9969002734122165;0.9966153327192856;1.0002843253173423;0.9962049912553849;0.9960338355475873;0.9965156213307134;0.9964927134761808;0.9964834979188423;1.0003050630785344;1.0002871719955682;1.0002743915971029;1.0002984775925643;1.000303079334023;1.024999976158142;
2016-01-23 01:00:00;1.000278310713357;1.0002393833066356;1.0003052716626928;1.0002832448159813;1.000299171782452;1.000288074200967;1.0004888283991045;1.000304889372497;1.0002866144204732;1.0003049041843737;1.000285670927418;1.0003050007506975;1.0003050147448633;1.0002952479169702;1.0003049047639387;1.0003044093947269;1.0003049003825293;1.0003053391831083;1.0003049458031557;1.0002904930639376;1.000278048865748;1.0002599544383093;1.000304721322945;1.0004760448798422;1.0004942541112536;1.0002823702005788;1.0002663850329951;1.0002940879494446;0.9983105580977724;0.9975482321102247;0.9968336644602295;0.9965421149982282;1.0002880147703532;0.9961144307865775;0.9959381909496459;0.996445435924226;0.9964239905293607;0.9964147761078923;1.0003050689045754;1.0002903812349793;1.0002797910085268;1.0002990171784214;1.0003035830434845;1.024999976158142;
2016-01-23 01:15:00;1.0002774502390563;1.00024296674344;1.0003051399198002;1.000282155491498;1.0002995109946404;1.0002875579055281;1.0004907224056192;1.0003048774744319;1.000287711092547;1.0003049705937854;1.0002854507025474;1.000305136396251;1.000305157275026;1.000295356722756;1.0003048823654417;1.0003040973034767;1.0003048804994994;1.0003051886980043;1.0003050451469835;1.0002902726994063;1.0002770821115619;1.00026212184445;1.0003046274413825;1.0004775869766036;1.0004963810165244;1.000281007431518;1.0002679266473722;1.0002938569655824;0.9984784862468316;0.9978029828508631;0.9971545301434824;0.9969062007171784;1.0002890711631265;0.9965639092580401;0.9964178379232019;0.9968088313307811;0.9967873464682161;0.9967788933940501;1.0003052328561466;1.0002912877271906;1.0002786430735637;1.000299031043394;1.0003038177087957;1.024999976158142;
2016-01-23 01:30:00;1.0002828863561768;1.000253278925409;1.0003048959463883;1.0002866513885613;1.0002999516657145;1.0002907577947306;1.0004887754867133;1.0003049826034838;1.0002894811687557;1.0003052204382876;1.0002887236885467;1.0003054524725274;1.0003054813884766;1.0002972651432864;1.0003049492840328;1.0003044162326316;1.0003049561855206;1.0003049094671146;1.0003053349860072;1.0002925087376915;1.0002826031730185;1.0002686306549955;1.0003047774341347;1.0004759761607767;1.000494189257366;1.0002856683664674;1.0002736909623928;1.0002959968085974;0.998565113948537;0.9979111455899187;0.9972731863272278;0.9970212734999965;1.0002911247643083;0.9966729446965326;0.9965383543044355;0.9969232511194;0.9969023753791519;0.9968939184838655;1.0003055806154193;1.0002930290033418;1.0002838225523152;1.0002995613883894;1.0003044010233229;1.024999976158142;
2016-01-23 01:45:00;1.000283298007411;1.0002535083463961;1.0003048957957839;1.0002876880677969;1.0003001076298803;1.0002915604529106;1.0004874785640396;1.0003049665696857;1.0002900614744092;1.000305145150175;1.0002895659004523;1.0003053115864573;1.0003053365046999;1.000297530694319;1.000304943046469;1.000304663852159;1.0003049487049613;1.000304909925813;1.0003052341149583;1.0002929038893298;1.0002822150777642;1.0002687926308873;1.0003048164926143;1.0004749779108686;1.0004927400303782;1.000286158399332;1.0002737185775203;1.0002964534647611;0.9984576719183232;0.9977780758005572;0.9971251858896901;0.9968761823469047;1.000291492803467;0.9965231549391503;0.9963765750753901;0.9967852463474199;0.9967640572400805;0.996755603707011;1.000305426251241;1.0002933413347728;1.0002836652876348;1.0002997825931688;1.0003042650762022;1.024999976158142;
2016-01-23 02:00:00;1.0002776566633007;1.0002510028766969;1.0003048777811892;1.0002830095449855;1.0002997945852918;1.000288115187646;1.0004881939599628;1.0003050546574557;1.0002879388600623;1.0003053191755444;1.0002869082375228;1.0003055423120149;1.0003055743595517;1.0002968285007328;1.000305016088688;1.000304496371347;1.000305022934735;1.0003048813513362;1.0003054385998968;1.000289628606856;1.0002748854679822;1.0002645273583604;1.0003047927003843;1.0004755030639683;1.0004937045570619;1.000279839072921;1.0002693586390887;1.0002945512912296;0.9985961190783443;0.9979671742479648;0.9973419340800576;0.9971024927301162;1.0002908308507803;0.9967838378877178;0.9966621518924482;0.9970008340979291;0.9969777910968284;0.9969693325399329;1.0003056930382863;1.0002928416411039;1.0002764705887368;1.0002983503866252;1.0003046238562823;1.024999976158142;
2016-01-23 02:15:00;1.0002757219319032;1.0002352616973185;1.000304949700194;1.0002811928392918;1.0002985324666154;1.0002866681804516;1.0004920377573117;1.0003049700824294;1.0002852751386835;1.0003052443192844;1.0002838223386699;1.0003055591295733;1.000305590377149;1.0002946927080971;1.000304936121044;1.0003043459730205;1.0003049439515974;1.0003049832259;1.0003053873090377;1.0002889393024612;1.00027506870298;1.0002567458978815;1.0003047279444461;1.0004790012094884;1.0004976238313588;1.0002797201800058;1.0002634182977324;1.0002933267214982;0.998707308666543;0.9981210972150116;0.9975384019918055;0.9973202215494786;1.0002868136336294;0.9970306784609411;0.9969172108326696;0.9972270285191126;0.9972085492524005;0.9972004564175245;1.0003057019382953;1.0002893027146555;1.0002768833232683;1.0002982353241394;1.000304085145873;1.024999976158142;
2016-01-23 02:30:00;1.000284488573757;1.0002566721968045;1.0003049899199625;1.0002883828132458;1.0003002843860491;1.0002921570886512;1.0004892079096255;1.0003054611034652;1.0002902342142788;1.0003058454636777;1.0002899943429027;1.0003061775202184;1.000306212048195;1.0002983854472784;1.0003053975124954;1.000305028371468;1.0003054129559474;1.0003049624804916;1.0003060082494217;1.000293202568957;1.0002836045363483;1.0002704785464636;1.0003052647723087;1.000476562466014;1.000494533533846;1.0002868446455255;1.00027521387537;1.0002971315937619;0.9987981671384654;0.9982782464533363;0.9977259717431939;0.9975365271384454;1.0002920597788343;0.9972967304393908;0.9972196785256516;0.9974476766518667;0.9974311828177613;0.997422314349231;1.0003063323030956;1.0002938525079546;1.0002847962145318;1.0002998357434474;1.000305237359671;1.024999976158142;
2016-01-23 02:45:00;1.0002790642079207;1.0002447607133638;1.000304903213722;1.000283744794541;1.0002990602785649;1.0002885474750502;1.0004925144568986;1.0003053273025408;1.000286516236985;1.0003057986489823;1.0002860016026658;1.000306249352326;1.0003062868099155;1.0002964286514937;1.0003052488347757;1.0003047044434246;1.0003052654172158;1.0003048900855014;1.000306001220382;1.000290113468396;1.0002781909737062;1.0002620192935776;1.0003050646872258;1.0004795152687778;1.0004980588093493;1.0002820330362596;1.000267910792254;1.0002948208282119;0.9989216537269274;0.9984288788346901;0.9979099861461148;0.9977259460286368;1.0002887883340223;0.9975054219867571;0.9974293702092714;0.9976311394301484;0.9976148586460499;0.9976063873220529;1.0003064135982445;1.0002910269777028;1.000279633871292;1.0002984581701901;1.000305071306634;1.024999976158142;
2016-01-23 03:00:00;1.0002827632959108;1.0002543198599028;1.0003051131603307;1.0002869922032063;1.0003003284382037;1.0002913848964015;1.000492389150475;1.000305722252014;1.000290164118262;1.000306253586665;1.0002889799644952;1.000306697216319;1.0003067392396416;1.000298150827452;1.0003056255370821;1.0003051120496471;1.0003056445982488;1.000305075560919;1.0003064644320125;1.0002925826064486;1.0002817206407655;1.0002690431012948;1.0003054534377016;1.0004794496965905;1.000497894225118;1.000285139926441;1.000273831981566;1.0002967875548008;0.9990204728468867;0.9985911922169961;0.9981101226740371;0.9979566212054525;1.0002918096435622;0.9977836710300456;0.9977366476186512;0.9978700426295254;0.9978529994066164;0.9978441224398867;1.0003068797404917;1.000293651875122;1.0002829603485612;1.0002998012903932;1.000305699240054;1.024999976158142;
2016-01-23 03:15:00;1.0002800227834616;1.0002468639387923;1.000304988303041;1.0002848623454865;1.0002993256109824;1.000289448951807;1.0004934946697022;1.0003055931928988;1.0002871212907927;1.0003061115518326;1.0002868956442328;1.0003065858398936;1.0003066282937834;1.0002970968793419;1.0003055098294225;1.0003050894229704;1.0003055295395764;1.0003049561466353;1.0003063323206163;1.0002906042753437;1.0002786941903925;1.0002632079373464;1.0003053516861946;1.0004805573683768;1.0004989960218418;1.0002827742871998;1.0002688757167937;1.0002955163296734;0.9990271567461757;0.9986054891694677;0.9981232090611791;0.9979714491178578;1.0002894510147347;0.997810948208381;0.9977712050830605;0.997878690653021;0.9978616474318119;0.9978527705039839;1.0003067737206948;1.0002916121276773;1.0002801597588262;1.0002986889388172;1.0003054742755335;1.024999976158142;
2016-01-23 03:30:00;1.000279650022147;1.000245377279209;1.0003050966158216;1.0002853152427156;1.0002996747319144;1.0002901926391037;1.0004946815655507;1.0003058546313657;1.0002884692231597;1.0003064193243123;1.000287227606178;1.0003069274292997;1.0003069721433886;1.000297245415798;1.0003057614164512;1.0003054546727523;1.0003057851728858;1.0003050475136035;1.0003066614450518;1.000291120220071;1.0002776999611438;1.0002631318197546;1.0003056179531988;1.0004817916796014;1.0005001743499464;1.0002826481297051;1.0002686266139984;1.000296019414744;0.9991353037387825;0.998741584815518;0.9982880399512076;0.9981423217604727;1.0002898774826494;0.9979930079770687;0.9979580388743279;0.9980499783774388;0.99803398452547;0.9980255050265631;1.0003071469006097;1.000291966087632;1.0002794187703894;1.0002992881639874;1.0003057201710743;1.024999976158142;
2016-01-23 03:45:00;1.0002854468363547;1.0002544330991412;1.0003053224640444;1.0002894040751216;1.000300535680448;1.0002931988915504;1.0004908174808689;1.0003059900116256;1.0002909867219283;1.0003064605964584;1.000290254954441;1.0003068124844035;1.0003068583766004;1.0002986825776647;1.0003059030796793;1.0003055597123374;1.0003059246816652;1.0003052728595667;1.0003066502742306;1.0002941622555748;1.0002850693412528;1.0002703542593272;1.0003057899254946;1.000478115017747;1.0004961373054035;1.0002881979225193;1.0002753286008115;1.0002979050053546;0.9989944843942162;0.9985626411626767;0.9980637766301699;0.997904163334998;1.0002919776177959;0.9977316447387216;0.9976942391229086;0.9978091417448941;0.9977915940513827;0.9977834889807928;1.0003070170639385;1.0002937877356841;1.0002862999552227;1.0003005851996274;1.0003057346413575;1.024999976158142;
2016-01-23 04:00:00;1.0002761807747673;1.0002407498812322;1.0003049898464798;1.0002813644884914;1.000299129692991;1.0002872468427486;1.000493722657272;1.0003055360253332;1.0002868300098915;1.00030610015107;1.0002843073706282;1.00030659542142;1.0003066384890817;1.0002957558650192;1.0003054306182906;1.0003046060675698;1.000305450937183;1.000304963704139;1.0003063286358866;1.00028928445349;1.000275251655941;1.000260054056148;1.000305172109016;1.0004804464813803;1.0004994828418752;1.0002793411185822;1.0002659668034635;1.0002940823747133;0.9990534720294829;0.9986308811637986;0.9981554867495316;0.9980014058518224;1.0002884267870036;0.9978383729618622;0.9977932944897279;0.9979072819176238;0.9978905459554546;0.9978820693715016;1.0003067869134952;1.000290712716189;1.0002767875525085;1.0002985287417259;1.0003052818604408;1.024999976158142;
2016-01-23 04:15:00;1.0002818931207003;1.0002552015730501;1.0003051885107326;1.000286455646259;1.0003007131768777;1.0002912510059838;1.0004898893817282;1.0003057705272405;1.000291192544924;1.0003062409329346;1.0002890189996483;1.0003066079159704;1.000306647716627;1.0002981612640498;1.0003056803295807;1.000305091046691;1.0003056987881789;1.0003051488885923;1.0003064266143058;1.0002925960229114;1.0002803944456329;1.0002697835273449;1.000305477478761;1.0004770656438426;1.0004954000243624;1.000284179267974;1.000274211133603;1.000296717988111;0.9989359950930706;0.9984665157808281;0.9979487402779028;0.9977728629944934;1.00029252401675;0.9975616881287467;0.9975047634359031;0.9976825563765541;0.9976657329361671;0.9976568591830437;1.000306792492988;1.0002942797369696;1.000281708716951;1.0003000669653905;1.0003056193444737;1.024999976158142;
2016-01-23 04:30:00;1.0002777462479882;1.0002444738305103;1.0003049403066495;1.0002828241136084;1.0002988555672945;1.000287678791602;1.0004921439686167;1.0003054834558127;1.0002851769997192;1.000305955438426;1.000285509941916;1.0003064088512121;1.0003064467741642;1.0002965502396122;1.0003054147760833;1.0003049433507814;1.000305431255076;1.000304915117923;1.000306161510271;1.0002889335623257;1.000275961048474;1.000260253330937;1.0003052312025316;1.0004792583759288;1.0004976656805276;1.00028034503858;1.0002662089472936;1.000294434839506;0.9989490796818493;0.9984861600321281;0.9979872902794777;0.9978231836370863;1.000288465005007;0.9976412154908901;0.9975773459894451;0.9977286236829013;0.9977122575876252;0.997703784403177;1.0003065777216376;1.0002907911652363;1.0002774759114623;1.0002977686328716;1.000305335224611;1.024999976158142;
2016-01-23 04:45:00;1.0002664273139679;1.0002090899127958;1.0003052386089828;1.0002728117988229;1.0002952438922361;1.0002789477783802;1.0004983531647669;1.000304937729446;1.0002732206517233;1.0003053006167022;1.0002758394641182;1.0003058707946915;1.0003059057779091;1.0002910976442847;1.0003049090916527;1.0003043298325918;1.000304916024762;1.0003053557264803;1.0003055179909495;1.0002817398213282;1.0002661384108533;1.0002357873311838;1.000304699659085;1.000484922898606;1.0005041022330665;1.0002716251712305;1.000246048031031;1.000288546270691;0.9989872019677778;0.9985223407739521;0.9980169176349988;0.9978408152929468;1.0002781704227517;0.9976214791703994;0.9975602951480135;0.9977557814588938;0.9977401131784411;0.9977316403771386;1.0003060159396877;1.0002819646592889;1.0002683596014637;1.0002942923566212;1.000304037898686;1.024999976158142;
2016-01-23 05:00:00;1.0002815258147109;1.0002471144437666;1.0003049492538518;1.00028569671294;1.0002991317269672;1.0002898562391807;1.0004925402921703;1.000305480608273;1.0002867573281995;1.000305955478889;1.0002871504411148;1.0003063953012494;1.0003064360318616;1.0002970927071226;1.0003054065380652;1.0003049776900577;1.0003054245215381;1.0003049242534976;1.0003061598823593;1.0002911133216907;1.00028109800813;1.0002637398907452;1.0003052655365021;1.0004796299996341;1.0004979786302939;1.000284426828646;1.0002696567186111;1.0002956867119162;0.9989514331934508;0.9984948236966947;0.997996637651354;0.9978355481996787;1.000289105627819;0.9976575586811055;0.9975985961201569;0.9977422937784144;0.9977247720963379;0.9977158980210968;1.00030656805782;1.00029129895827;1.0002824033002093;1.0002987334473976;1.0003052636575616;1.024999976158142;
2016-01-23 05:15:00;1.0002878378358209;1.000267670260471;1.000305387734533;1.0002911945474808;1.000301701097639;1.0002945777058023;1.0004888077103902;1.0003059741169187;1.0002934718623997;1.0003064131675814;1.0002929837663543;1.0003067335024718;1.0003067718854675;1.00030031263491;1.000305890162941;1.0003055147418576;1.0003059066102293;1.0003053431829156;1.0003065809825704;1.0002952755384;1.0002865176460907;1.0002776020302748;1.0003057551459664;1.000476221683731;1.0004941159670961;1.0002893087059173;1.0002811550414172;1.0002989526531405;0.9989175294667435;0.9984314493853098;0.9979009817048877;0.997713499235119;1.0002953319640833;0.9974807424683155;0.9974180866942992;0.9976224567115831;0.9976059553327787;0.9975970826465187;1.0003069060955878;1.0002967478562226;1.0002874503596821;1.0003009877552804;1.000306064589697;1.024999976158142;
2016-01-23 05:30:00;1.0002776138823948;1.0002504631981373;1.0003049248325921;1.000281850314214;1.0002985882505078;1.0002862897240012;1.0004938956379366;1.0003054661827289;1.0002826947929846;1.0003060069319023;1.0002854009776816;1.0003065422752386;1.0003065800993334;1.0002971855548706;1.0003053904450183;1.0003048323498558;1.0003054037544155;1.0003049030293223;1.0003062355337176;1.0002873095924576;1.0002753250099947;1.000260743594029;1.0003051823652072;1.0004808314855753;1.0004995166897779;1.0002789900100957;1.0002665408583735;1.0002938519037528;0.9990298520858494;0.998597632502066;0.9981110237937871;0.9979510841587007;1.0002886565916997;0.9977760883819706;0.9977302458775544;0.997857318014527;0.9978404074935356;0.9978315310639818;1.0003066995938825;1.0002910536013636;1.0002764569248945;1.0002963754204923;1.0003058475818034;1.024999976158142;
2016-01-23 05:45:00;1.0002715426351225;1.0002387267129893;1.0003049858945547;1.0002764191999407;1.0002972716553271;1.000281654093055;1.0004955878877035;1.0003050044826458;1.0002777270720167;1.0003053996714042;1.000281237146287;1.0003059163521006;1.0003059475827858;1.0002948733195738;1.0003049654167606;1.0003042687444201;1.0003049717663084;1.000305038924925;1.0003055991681884;1.000283491702348;1.0002691071944958;1.0002512586084162;1.0003047062586323;1.0004822703120124;1.0005013807974914;1.000273496129273;1.0002583987573805;1.0002907775642371;0.9989204106381357;0.9984642927085317;0.9979370099632612;0.9977670270735491;1.0002850890099768;0.9975829349438984;0.9975436932433307;0.9976660827193535;0.9976491869252598;0.9976407160934995;1.000306036193217;1.0002880327737322;1.0002705151912077;1.0002945079674668;1.0003050627548051;1.024999976158142;
2016-01-23 06:00:00;1.000276307241689;1.0002360372348287;1.0003049086343987;1.0002808258426956;1.0002970035604828;1.000284869894041;1.0004953091786448;1.0003051320805283;1.000278525732158;1.000305553760088;1.0002829752120128;1.0003060619745106;1.0003060961311099;1.0002953256464961;1.0003050896334422;1.000304789225751;1.0003050995661218;1.0003049418244403;1.0003057600790064;1.0002861111813857;1.0002752953818663;1.0002520980874015;1.0003049618908304;1.00048230827232;1.0005007766010694;1.0002792317706874;1.0002598806268936;1.00029259785028;0.9989352169793356;0.9984664798536103;0.9979198922409366;0.9977289592079263;1.0002843669457642;0.9975759561348393;0.9975387487913947;0.9975788482897882;0.9975617360082479;0.9975528660225855;1.0003061970459897;1.0002873102580174;1.0002767531971901;1.0002955705422198;1.0003049681373628;1.024999976158142;
2016-01-23 06:15:00;1.0002624285076127;1.0002061691459216;1.0003085560647065;1.0002648053668144;1.0002928638824338;1.0002673672358497;1.0005028491722443;1.0003052522967228;1.0002497917655906;1.0003048810573358;1.0002713886286136;1.000305098150682;1.000305116317491;1.0002906334467558;1.000305295953956;1.0003049679089497;1.0003052863902389;1.0003092017924524;1.0003048990118177;1.0002711600511163;1.0002625136608574;1.000216514744026;1.0003051728280288;1.0004892385747053;1.0005084953874694;1.0002655452124758;1.0002314505286092;1.0002822545271997;0.9987509408712405;0.9982213418162538;0.9976026710847834;0.9973836862718607;1.0002706134486425;0.9972218311327538;0.997180548185643;0.9972022187760625;0.997179596632444;0.9971711367523313;1.0003051381500672;1.0002764466965233;1.00026377959954;1.000286821703807;1.000304390539632;1.024999976158142;
2016-01-23 06:30:00;1.0002579211175397;1.0002013598924069;1.0003102784812488;1.0002602574049329;1.0002931235310688;1.0002630180656298;1.000501520279431;1.0003057743828607;1.0002446007532755;1.00030500990304;1.0002692361016323;1.0003049183230162;1.0003049259318295;1.0002899498178648;1.0003058387489043;1.0003054036704324;1.000305827365727;1.0003111072863782;1.0003048990079368;1.0002678414773296;1.0002574101933401;1.000209383276196;1.0003056730549722;1.0004879166100207;1.0005072336817666;1.0002609013895984;1.0002255096309765;1.0002798674369437;0.9985429954130072;0.9979843262531631;0.997324791108461;0.9971148393551515;1.0002690238123695;0.9969538880930057;0.9969149207102319;0.9969447984977227;0.9969210108338028;0.9969106181481516;1.0003049333278298;1.0002754576422206;1.000258766200017;1.0002855473153816;1.0003043665942835;1.024999976158142;
2016-01-23 06:45:00;1.0002550910677772;1.0002026144900764;1.0003094785745388;1.0002600916981885;1.0002946886180804;1.000265246042356;1.000500236728459;1.0003057334020546;1.000253681388001;1.0003050091382146;1.0002700338753616;1.0003049036351412;1.0003049089101652;1.0002897494589473;1.0003058406586531;1.000305182348203;1.000305822700326;1.0003101245375778;1.0003049028059612;1.0002701537102296;1.0002525710965018;1.0002152206508965;1.0003055569248653;1.000486597087319;1.0005061827626656;1.00025848895503;1.0002290688472215;1.0002809982819298;0.9985019381653152;0.9979306640995436;0.9972540003931383;0.9970370052304965;1.0002727722172131;0.9968701845229845;0.9968318331385629;0.996861580962888;0.9968443281122307;0.9968362445503861;1.0003049191304578;1.0002784305179657;1.0002545949303765;1.0002881167687658;1.000304033433432;1.024999976158142;
2016-01-23 07:00:00;0.9999470952199467;0.9998945882134636;1.0000000642885583;0.9999530962044015;0.999985054766605;0.9999590034576823;1.0001900920192317;1.0000000562676423;0.9999449594759972;1.0000000534126605;0.9999606243814653;1.0000000510297504;1.0000000509777518;0.9999841967422999;1.000000056575943;0.999999387397614;1.0000000565240994;1.0000000653417451;1.0000000524630268;0.9999609227817761;0.9999430717750682;0.9999062816865494;0.9999997633166055;1.000176809084655;1.0001959558183382;0.9999488686765732;0.9999196824065544;0.9999752547063698;0.9973756321709957;0.996548212897038;0.9955913457601444;0.9952719533461769;0.9999637937574678;0.9948904248079266;0.9948194650736497;0.9951066275287023;0.9950898396433571;0.9950807450853834;1.0000000509218545;0.9999693019797701;0.9999447958051948;0.9999789151629552;0.9999992403979817;1.024999976158142;
2016-01-23 07:15:00;0.999956103943027;0.9999000288956121;1.0000000625616912;0.9999600318162137;0.9999853294490814;0.999963920938945;1.0001896907484198;1.0000000552393637;0.9999472184962552;1.000000052749204;0.999964394249993;1.000000050639801;1.0000000505897808;0.9999855705798351;1.0000000554734711;0.9999996421321797;1.0000000554236783;1.000000063536531;1.0000000519064942;0.9999654987090499;0.9999549745164017;0.9999129506365545;0.9999998943521573;1.0001765753059364;1.0001952296394114;0.9999584839552703;0.9999265647764045;0.9999781149411497;0.9975153523574543;0.9967575727331147;0.9958918855352851;0.9956277252696891;0.9999646401428114;0.9953656315193514;0.9952935481354315;0.9954544789307571;0.9954373498782702;0.9954278727412689;1.0000000505531381;0.9999699442637925;0.9999562358953685;0.9999806469862356;0.9999991549286199;1.024999976158142;
2016-01-23 07:30:00;0.9999639929946791;0.99991636905481;1.0000000607420363;0.9999673681464977;0.999988196638455;0.9999708732441512;1.000187737523785;1.0000000545674104;0.9999581052449764;1.0000000524148986;0.9999707621905346;1.0000000506284794;1.0000000505716775;0.9999879018029226;1.000000054785326;0.9999996427536638;1.0000000547367782;1.0000000615523175;1.000000051682254;0.9999724475935953;0.999963473867691;0.9999290736930958;0.9999999087245444;1.000174742284774;1.0001931887442386;0.9999663783999022;0.9999401821341577;0.9999822409650809;0.9974678320728307;0.9966955937749905;0.9958044133376964;0.9955286793335594;0.9999711946452098;0.9952551556316888;0.9951876449849749;0.9953478080290536;0.9953290721382358;0.9953203862834427;1.000000050495757;0.9999754773579557;0.9999645862684454;0.9999847852149916;0.9999991693107934;1.024999976158142;
2016-01-23 07:45:00;0.9999605268564739;0.999918824745445;1.0000000624474168;0.9999641430165385;0.9999881751509037;0.9999683352028274;1.0001884483770593;1.000000055364676;0.9999566564528725;1.0000000528788406;0.9999694442899967;1.0000000507859603;1.0000000507349045;0.9999877828454685;1.0000000556061595;0.9999994174696061;1.000000055561596;1.0000000633813484;1.0000000520433558;0.9999700773618598;0.9999587060005655;0.9999279154092419;0.9999998283011258;1.0001752480105246;1.000194115607716;0.9999619636131147;0.999938633728652;0.9999808840438704;0.9974085633891439;0.9966082175840913;0.9957026520224697;0.995418507536813;0.9999714870396903;0.9951476931768348;0.9950657650979475;0.9952245711577883;0.995206808500239;0.9951969227169921;1.000000050692291;0.9999758127440797;0.9999597468744081;0.9999835869705666;0.9999994186423478;1.024999976158142;
2016-01-23 08:00:00;0.9999611874517031;0.9999201627336302;1.0000000612552815;0.9999658741852088;0.9999890486232194;0.9999702993691509;1.0001857058780947;1.0000000549349215;0.9999601973987061;1.000000052756976;0.9999710472275573;1.000000050896656;1.0000000508453553;0.9999881617746197;1.0000000551384862;0.9999996120960878;1.0000000550956283;1.0000000621017535;1.000000052005456;0.9999717788525138;0.9999584221553209;0.9999306271644006;0.9999998523799326;1.000172870202005;1.0001912312570644;0.9999629345504293;0.9999406107115858;0.9999819955064729;0.997299305251573;0.9964480136281092;0.9954794608609444;0.9951579093981935;0.9999732036025482;0.9948635056912315;0.9947799158251234;0.9949302078786535;0.9949136954830962;0.994905013258719;1.0000000507736;0.9999772446697758;0.999959825334033;0.9999849111442154;0.9999993245812436;1.024999976158142;
2016-01-23 08:15:00;0.9999359185464198;0.999864844600794;1.0000000835640455;0.9999398669692611;0.9999779173723974;0.9999445585609787;1.0002000352810336;1.000000064062367;0.9999178351495037;1.0000000579236517;0.9999479783662086;1.0000000525330461;1.0000000524699537;0.9999799714759454;1.0000000644465656;0.9999993431179005;1.0000000643855844;1.0000000862433198;1.0000000558534738;0.999946556495379;0.9999337386841638;0.9998737189493127;0.9999998089213994;1.000185989812191;1.0002060866390703;0.9999373117185216;0.9998935258264869;0.9999667708908931;0.9972372039551274;0.9963531515551676;0.9953418127376144;0.9949968216266071;0.9999483547401933;0.9947298684579312;0.9946467221777647;0.9947191187594531;0.9947022885020789;0.9946936081278679;1.0000000526185469;0.9999562809901998;0.9999348477133023;0.9999690313790803;0.9999994363680517;1.024999976158142;
2016-01-23 08:30:00;0.9998864897980885;0.9997459655709258;1.0000001807594618;0.999891219500879;0.9999563107022176;0.9998966218332542;1.0002255090079535;1.000000102988882;0.9998379399517423;1.0000000808983063;0.9999041852364272;1.0000000606006298;1.0000000604898984;0.9999628978382433;1.0000001037938484;0.9999994422114845;1.000000103635054;1.0000001914430614;1.0000000731924377;0.999899409543069;0.9998854350792048;0.999760691282438;0.9999998822735581;1.0002097676433943;1.0002321721247742;0.9998895008941625;0.9998002261413961;0.9999379546458945;0.9969270656510295;0.9958631358283856;0.9947174783613338;0.9942828318906376;0.9998987851069145;0.9938617198654828;0.9937140698700507;0.9939908664320406;0.9939739461773496;0.9939656510157233;1.0000000615210394;0.9999142988182357;0.999886927794079;0.9999398991151062;0.9999990394867666;1.024999976158142;
2016-01-23 08:45:00;0.9999046177935599;0.9997927617266297;1.0000001344699057;0.9999085179803796;0.9999642600932017;0.9999136332195601;1.0002155050379504;1.0000000849636046;0.9998666747543665;1.0000000702324683;0.9999200432187169;1.0000000569636953;1.0000000568812182;0.9999694639620069;1.0000000856410174;0.9999992486241165;1.0000000855442421;1.0000001412596733;1.0000000652071994;0.9999161912741357;0.9999030990606241;0.9998029373125513;0.9999998158945146;1.0002003040961363;1.000222016765173;0.9999064216574342;0.99983502989039;0.9999483028475598;0.9969833401791772;0.9959404685689387;0.9948047459411747;0.9943710503227473;0.999917365395803;0.9939429475567323;0.9938066834037569;0.99408512746452;0.9940690550415533;0.9940607590825316;1.000000057526346;0.9999300798774449;0.9999042100489719;0.9999501396325727;0.999999351932464;1.024999976158142;
2016-01-23 09:00:00;0.9999131350033376;0.9998305707983985;1.0000001005539159;0.9999177651628223;0.9999725131325187;0.9999259308340785;1.0002054340800786;1.0000000727351257;0.9998966883259806;1.0000000629536878;0.999931101369854;1.000000054723636;1.0000000546497148;0.9999735494097078;1.0000000736767167;0.9999981841565744;1.0000000735743426;1.0000001040921678;1.000000059821153;0.9999300410806501;0.9999105444506369;0.9998407458534512;0.9999995059571042;1.0001901069929926;1.0002124088324593;0.9999141490751011;0.999864991727302;0.9999556573339238;0.9969689425512617;0.9958888402684521;0.9947460304324284;0.994291098253052;0.9999354764212012;0.9938154308776243;0.9936520396348882;0.9940093427059022;0.9939929800909793;0.9939843059192754;1.0000000549395287;0.9999454409773451;0.9999115954036338;0.9999603145056363;0.9999993489213965;1.024999976158142;
2016-01-23 09:15:00;0.9999057437808906;0.9998062305521699;1.0000001127741194;0.9999096965974043;0.9999670033693832;0.999916373518578;1.000208921226083;1.0000000776827276;0.9998760578079449;1.0000000660781292;0.99992254431096;1.000000056015789;1.0000000559349076;0.9999706657389661;1.0000000785754368;0.9999986051905355;1.000000078472364;1.000000117381338;1.00000006226586;0.9999197198328129;0.9999036599992628;0.9998150317406616;0.9999996336827381;1.0001936721001234;1.0002156887386973;0.9999067666522952;0.9998443069779143;0.9999500379953964;0.9968735095793725;0.9957285756209515;0.9944875510510718;0.9939661229901953;0.9999234831554581;0.993397492050727;0.9932439803560756;0.9936591931935248;0.9936423022998238;0.9936332209989885;1.0000000563477842;0.9999353058191057;0.9999045886599652;0.9999530402546959;0.9999994443820296;1.024999976158142;
2016-01-23 09:30:00;0.9999046802615389;0.9997973219443447;1.0000001160824201;0.9999095913836461;0.9999667774625326;0.9999167152754853;1.0002105382140036;1.0000000788553736;0.9998767885877956;1.0000000667502178;0.9999216942790206;1.0000000562508249;1.0000000561529614;0.9999696175951256;1.0000000798009339;0.9999987174515444;1.0000000796598558;1.0000001209604308;1.0000000627385608;0.9999202775105838;0.999903061698742;0.9998119028739142;0.9999996620313513;1.0001952694420688;1.0002172813349304;0.999907004351975;0.9998417855868026;0.9999499914637981;0.9968852251656721;0.9957628774717793;0.9945628805849854;0.9940741231072395;0.9999221519295369;0.9935615926923403;0.993400103333117;0.993772441414913;0.9937540503407214;0.993744968016697;1.0000000565305585;0.9999340730602334;0.9999044149817636;0.999953786846634;0.9999990442323856;1.024999976158142;
2016-01-23 09:45:00;0.9999159855833328;0.9998142270822264;1.000000118292948;0.9999206236787465;0.9999698993560245;0.9999264341071763;1.0002105307942006;1.0000000794052042;0.9998893616745206;1.0000000672278537;0.9999303499513611;1.0000000563761096;1.0000000562917446;0.9999725871435802;1.0000000801820863;0.9999991738464011;1.0000000800531963;1.0000001234914238;1.0000000631113903;0.9999293976052189;0.9999150355288802;0.9998299663671187;0.9999997929426067;1.000195610663021;1.0002169518473218;0.9999188886510403;0.999857376152721;0.9999556842798099;0.9968621218438906;0.9957262176744147;0.9945019956071466;0.993997668567087;0.999929246503128;0.9934577328578242;0.99330074130163;0.9936939433598191;0.9936747905012542;0.9936617835105955;1.0000000567495342;0.9999400180618112;0.9999164639381194;0.9999589232645809;0.9999989661751368;1.024999976158142;
2016-01-23 10:00:00;0.9999213288397452;0.9998260153089823;1.0000001155933291;0.9999255861244339;0.9999713186231698;0.9999305199133989;1.0002075341944947;1.0000000791410522;0.9998941117653437;1.0000000677761955;0.9999345634476475;1.0000000574196959;1.0000000573286854;0.9999745248442239;1.0000000797711899;0.9999993953046741;1.0000000796642428;1.0000001205402609;1.0000000638667041;0.9999328761050559;0.9999200039960171;0.9998388643287455;0.9999998465770791;1.0001929966370804;1.0002137376879894;0.9999237102216414;0.9998648909080214;0.9999582414510105;0.9965432232997031;0.9952515957917855;0.993917273963482;0.9933445512747712;0.9999329431747073;0.9927135269908411;0.9924966708834045;0.9930118391958658;0.9929872517635759;0.9929681564391749;1.00000005774141;0.9999431841370281;0.999921308837579;0.999960629136745;0.9999991670033652;1.024999976158142;
2016-01-23 10:15:00;0.9999369710250148;0.9998698815777741;1.0000000864708587;0.9999419314387967;0.9999803888029922;0.9999481834062662;1.0001964933012832;1.0000000676747234;0.9999278652356243;1.0000000609648123;0.9999504655913274;1.0000000551406292;1.0000000550576285;0.9999803070696983;1.000000068308138;0.9999990170007389;1.0000000682185375;1.0000000888944256;1.0000000587340327;0.999951002759151;0.9999347340138063;0.9998830931425478;0.9999997166613732;1.0001824355734548;1.0002026866804279;0.9999390508527796;0.9999008185035646;0.9999687462589071;0.9965402266521672;0.9952422088396149;0.9939247962428335;0.9933569850535853;0.9999530969584356;0.9926908469920858;0.9924573025147476;0.9930548017951751;0.9930292920116227;0.9930098174067559;1.0000000551448696;0.9999602331955617;0.9999361406245473;0.9999727224751579;0.9999991404381127;1.024999976158142;
2016-01-23 10:30:00;0.999920747575874;0.9998245871509266;1.0000001140696757;0.999924376171029;0.9999703712071173;0.9999288211498577;1.0002059044301155;1.0000000777903293;0.9998901548462475;1.0000000667060578;0.99993334935028;1.0000000565922516;1.0000000565086553;0.9999743538177888;1.0000000783426888;0.9999994108689747;1.0000000782486513;1.0000001190490497;1.0000000628860355;0.999931014952121;0.9999196563099882;0.9998354845281583;0.9999998593981373;1.0001914823189235;1.0002120296764299;0.9999227548792073;0.9998622738734274;0.9999573160749966;0.9966789585434799;0.9954509424250862;0.9941430915992441;0.9935855903636508;0.99993115142111;0.993001888637452;0.9928218092901103;0.993240858318965;0.9931754845912601;0.9931028606922999;1.0000000569300023;0.9999416984196108;0.9999207476151696;0.9999591328919469;0.9999993006423844;1.024999976158142;
2016-01-23 10:45:00;0.9999199350976401;0.9998246382311505;1.000000107646202;0.9999247973965298;0.9999722535528817;0.999931071046179;1.0002038323002793;1.0000000759218644;0.9998982961124494;1.0000000655366172;0.9999342415815851;1.000000056347477;1.0000000562569265;0.9999739719495243;1.0000000767234452;0.9999990354684739;1.0000000765866315;1.0000001118129627;1.0000000620420644;0.9999342113858531;0.999918872864186;0.999841171178475;0.9999997497086525;1.0001892645124324;1.0002101688504463;0.9999228666687093;0.9998664598323984;0.9999584280608231;0.9966415967517286;0.9954059258815575;0.9940860314874707;0.9935258549214838;0.9999343694362698;0.9929119244396761;0.9927332886609476;0.9931982034096579;0.9931209773188371;0.9930331751536755;1.0000000565674712;0.9999443393269084;0.9999203416031407;0.9999621941436809;0.999998909885667;1.024999976158142;
2016-01-23 11:00:00;0.999914678463868;0.9998309379797009;1.0000001059896575;0.999920699263098;0.9999732345348842;0.9999286132945874;1.0002000815315966;1.0000000764377728;0.9998998421947225;1.0000000661366804;0.9999333162920208;1.0000000571961531;1.000000057103347;0.9999741291668237;1.0000000773548203;0.9999986626362994;1.0000000772553055;1.0000001098329474;1.0000000627400096;0.9999320225481052;0.9999108138635362;0.9998427051416279;0.9999995973928067;1.0001855252365754;1.00020668456583;0.9999161851340699;0.9998664358528272;0.9999571848430242;0.9963925721069612;0.9950868534032994;0.9936580740911249;0.9930560805261422;0.999936877675383;0.992359505678065;0.9921934515980115;0.9927291135460261;0.9926504422054026;0.992562449700976;1.0000000573322112;0.9999465958983937;0.9999123799252688;0.9999616377785236;0.999999243547488;1.024999976158142;
2016-01-23 11:15:00;0.9999028149172906;0.9998174429133279;1.0000001151987035;0.999914810414786;0.9999739264888213;0.9999257930553357;1.0002060334462546;1.0000000798097848;0.9999025120052957;1.0000000683044286;0.9999307261568349;1.0000000581030246;1.0000000580050985;0.9999721602390677;1.0000000808213692;0.9999990659420139;1.0000000806710976;1.0000001199877855;1.0000000643703846;0.9999289086424682;0.9998931013126791;0.9998343370603632;0.9999995519906519;1.0001915361725358;1.0002128827337464;0.9999052235052449;0.999857252293409;0.9999552819208134;0.996479400108101;0.9951773277680837;0.9937637758199037;0.993154081080919;0.9999370948139694;0.9924614408315487;0.9922883771378621;0.9928141575320849;0.9927363808695164;0.9926475507483563;1.0000000580576287;0.9999467574579298;0.9998964753723921;0.9999618666176389;0.9999988865591782;1.024999976158142;
2016-01-23 11:30:00;0.9999138987233163;0.9998178806060046;1.0000001116431736;0.999922662963422;0.9999734129345882;0.9999310362274266;1.0002051331417934;1.0000000776072235;0.9999031117132708;1.0000000667775955;0.9999338187831573;1.000000057128783;1.0000000570212342;0.9999730034873829;1.000000078487404;0.9999992647934671;1.0000000783130862;1.000000116203098;1.0000000630514394;0.9999341152338244;0.9999093999083487;0.9998391810664394;0.9999997167280948;1.000190747470833;1.0002115684255906;0.9999177085907593;0.9998634127368988;0.9999582029109152;0.9965938068018367;0.9953365155780651;0.9939768418380491;0.9933941025424389;0.9999359129457334;0.9927499019404091;0.9925793515903835;0.993057039114283;0.9929846319151987;0.9929040859749797;1.0000000571533352;0.9999456017774785;0.9999120737447384;0.9999636244217223;0.9999985793797477;1.024999976158142;
2016-01-23 11:45:00;0.9999270622779357;0.9998241511036992;1.0000001005879353;0.9999332426684691;0.9999735415724832;0.9999383664707128;1.0001987171307483;1.0000000728037906;0.9999054013483687;1.000000064361251;0.9999392733692374;1.0000000565060994;1.0000000564101945;0.9999751358347779;1.0000000732754941;0.9999998556804426;1.0000000731431655;1.000000104414944;1.0000000613584263;0.9999404441150479;0.9999261174711105;0.9998470455566851;0.9999999464726083;1.0001851615908404;1.0002044111509987;0.9999317210331969;0.9998718391469246;0.9999625116694651;0.9964452392093551;0.9950996164708485;0.9936949634237928;0.9930750506593087;0.9999366025649028;0.9923276250622263;0.9921114974499899;0.9927589174446798;0.9926939672217782;0.9926221171548192;1.000000056584952;0.9999460794652381;0.999928272763216;0.999965828060617;0.9999984724991635;1.024999976158142;
2016-01-23 12:00:00;0.9999234971366266;0.9998306910451318;1.0000000922027084;0.9999314927326213;0.9999772095253556;0.9999404344016858;1.0001985887814897;1.0000000703771423;0.9999194567638463;1.00000006248491;0.9999403508370049;1.0000000557995437;1.0000000556884188;0.9999747383654404;1.0000000713479151;0.999998845929526;1.000000071154017;1.0000000948863106;1.0000000598659884;0.9999445129941577;0.9999217868413076;0.9998589292511075;0.9999996548387017;1.0001842703017416;1.0002049960604824;0.9999286172154891;0.9998802978612489;0.9999635246227226;0.9965642711127882;0.9952762275944776;0.9938755392091888;0.993259078998162;0.999943550137464;0.9925187827096005;0.9923492233131332;0.9929426798315736;0.9928763014142346;0.9928042916615415;1.0000000556784314;0.9999519167074039;0.9999243229344071;0.9999704150643804;0.9999980986768475;1.024999976158142;
2016-01-23 12:15:00;0.9999261019803583;0.9998713256891094;1.0000000835180385;0.9999389515098313;0.9999861701421242;0.999951551887379;1.0001906811439967;1.0000000684836945;0.9999498725329493;1.0000000623558494;0.9999526726744585;1.0000000573165906;1.000000057212541;0.9999794803261165;1.0000000694595141;0.9999986316225229;1.0000000693087219;1.000000085343711;1.0000000603282917;0.9999555636992413;0.9999168578565163;0.9998942920625816;0.9999994283686902;1.000176892001198;1.000197392335455;0.9999294265747978;0.9999065196332411;0.9999703568389252;0.9961087024519739;0.9946070527948684;0.9929891457384862;0.9922436509299196;0.9999636287711845;0.991304186179434;0.9910965882427017;0.9918912222204344;0.9918259981373116;0.9917540646305641;1.000000056896469;0.9999690853773382;0.9999205019685878;0.9999795615939465;0.9999984672096616;1.024999976158142;
2016-01-23 12:30:00;0.9999180846422286;0.9998443680112251;1.0000000979047774;0.99993044703548;0.9999808836587496;0.999942111178135;1.0001959937212699;1.00000007470129;0.9999307685377559;1.0000000663036874;0.9999436857359557;1.0000000589832831;1.000000058868415;0.9999760788818299;1.0000000757234526;0.9999989013582782;1.0000000755395733;1.0000001008582198;1.0000000634381874;0.9999458464819305;0.9999098948079832;0.9998687050188093;0.9999995253643993;1.0001820319830343;1.0002026282652474;0.999921964237775;0.9998859333055603;0.9999646842556119;0.996037742878254;0.9944965202171167;0.9928165348047641;0.9920328487925437;0.9999517191876873;0.9910275073852066;0.9908274267597019;0.9916744876298846;0.9916084250173611;0.9915350060061233;1.000000058701428;0.9999589731070024;0.9999135104250086;0.9999729744441631;0.9999983723503647;1.024999976158142;
2016-01-23 12:45:00;0.999893776052067;0.9997944619751349;1.0000001263002938;0.9999060735122397;0.9999696675344975;0.999916930944887;1.000208505540286;1.0000000847638917;0.9998867144150076;1.0000000717621926;0.9999225043540864;1.0000000599575105;1.0000000598419077;0.9999690915549343;1.0000000857426572;0.9999992113090661;1.0000000855697098;1.000000131977064;1.0000000672261289;0.9999198495765329;0.9998839361556044;0.9998120763300731;0.9999995893170474;1.0001939569533893;1.0002153392098094;0.9998964101236848;0.9998388617646561;0.9999499971001705;0.9963418380701271;0.9949114418723715;0.9933727453174193;0.9926592543715268;0.9999274166439606;0.9917590324563303;0.9915596489931368;0.9923226947678283;0.9922730018635859;0.9922216879440229;1.0000000599607282;0.9999385640877483;0.9998874375961312;0.9999561504732265;0.9999988367003961;1.024999976158142;
2016-01-23 13:00:00;0.9998289353474796;0.9996718825163742;1.0000002587244643;0.9998409009520397;0.9999492352929686;0.9998590185734262;1.0002385794287703;1.0000001450073663;0.9998102333517838;1.0000001054435566;0.9998693681737844;1.0000000715957464;1.0000000714205994;0.9999478661259966;1.000000149249591;0.9999964912624948;1.0000001487201937;1.000000272292795;1.0000000925972652;0.9998678984578853;0.9998227047984477;0.999699174040723;0.9999990069230845;1.0002197156817982;1.000247861903679;0.9998326319112827;0.9997441027562612;0.9999150501239128;0.9964072424302741;0.9950019646051336;0.9935017820925722;0.9928155203698091;0.9998790133129474;0.9919006765013978;0.9916970979604905;0.9925252546205422;0.9925085470042823;0.9924990978182605;1.0000000728015743;0.9998976104303264;0.9998257475983747;0.999926925540946;0.999998176678418;1.024999976158142;
2016-01-23 13:15:00;0.9998420828323621;0.9997061401765213;1.0000002532958465;0.999854137989288;0.9999549454455775;0.9998716082527515;1.0002347464760917;1.0000001450844067;0.9998306234258335;1.0000001067988713;0.9998818232498897;1.0000000737630126;1.0000000735809396;0.999952874831572;1.0000001491227954;0.9999967367747982;1.0000001486735886;1.0000002662576513;1.0000000943295961;0.9998798248270897;0.999834500020251;0.9997292450287958;0.9999990460829431;1.0002163581585974;1.0002438225730683;0.9998449473041278;0.9997688266674276;0.9999226952172122;0.9960496692102635;0.9944736878587227;0.992802021736784;0.9920128610976362;0.9998924907348761;0.9908981365209933;0.990662834381163;0.9917219073703887;0.9917032873095678;0.9916930584437994;1.000000074905667;0.99990907449732;0.9998375328452906;0.9999340990959648;0.9999984713838168;1.024999976158142;
2016-01-23 13:30:00;0.9998539249455902;0.9996956803013404;1.0000002023002665;0.9998671765654151;0.9999540289613403;0.9998807147129612;1.0002289607458357;1.0000001173229842;0.9998310459930149;1.0000000907986821;0.9998872597363357;1.0000000669313402;1.0000000667639377;0.999954344007687;1.000000119450154;0.9999985832608134;1.0000001190657561;1.0000002134083414;1.0000000816830785;0.9998859530066977;0.9998470458184546;0.9997269485140282;0.9999994968006273;1.0002124592364723;1.0002366763738164;0.999859402449712;0.9997684971135317;0.9999278552961987;0.9963404332822974;0.9948932774971811;0.9933885000708145;0.9926917759958199;0.9998900101974794;0.9917522811466065;0.99151598550139;0.9924043947573337;0.9923874288696563;0.9923787687456098;1.00000006747369;0.9999067343824216;0.999850988721775;0.9999363628542283;0.9999978993430984;1.024999976158142;
2016-01-23 13:45:00;0.9998818530134095;0.9997661842339849;1.0000001360734643;0.9998956139791896;0.9999668775672165;0.9999087742008455;1.0002156398661;1.000000089058937;0.9998781039252893;1.0000000737887285;0.9999133576448102;1.0000000603394577;1.0000000602146197;0.9999646178004805;1.0000000904798008;0.9999987524917554;1.0000000902474315;1.000000142300148;1.0000000685976893;0.9999131001968038;0.9998727454918526;0.9997926890890583;0.9999994732086465;1.000200241075349;1.0002229692762845;0.9998861305691545;0.9998223664461352;0.9999447762605059;0.9965042695778773;0.9951508353918188;0.9937264957745562;0.9930820425760206;0.9999196289853401;0.9922604624759256;0.9920507897338076;0.9927838258970004;0.9927672285425589;0.9927589434718216;1.0000000603563308;0.9999318500687845;0.9998767435090894;0.9999532420599789;0.999998225598703;1.024999976158142;
2016-01-23 14:00:00;0.9998284159350567;0.9996939712414197;1.0000002370422907;0.9998525145766636;0.999957424203488;0.9998731385013279;1.000235124247599;1.0000001322189214;0.9998392618183729;1.0000001003210663;0.9998838311685714;1.000000071276318;1.0000000711095984;0.9999525879603357;1.0000001348019534;0.9999986635393424;1.0000001344174905;1.0000002512479598;1.0000000891524583;0.9998781832437962;0.9998072334655387;0.9997214104672474;0.9999991943609103;1.0002185751507817;1.0002437191213116;0.9998322243365898;0.999758249703058;0.9999234752132939;0.9962226775437056;0.9947811887002901;0.9932828121835895;0.992621012483504;0.9998965985390463;0.9917558211704828;0.9915201215685475;0.9923294507765188;0.9923126495836695;0.9923027926190052;1.0000000714718669;0.9999125693909945;0.9998139950903996;0.9999359874837598;0.9999981688399077;1.024999976158142;
2016-01-23 14:15:00;0.9998625699300051;0.9997406968889146;1.0000001601006077;0.9998804524986301;0.999963373798943;0.9998960423244952;1.0002190634139814;1.0000001001679755;0.9998633758060487;1.0000000813128458;0.9999029051465266;1.0000000642707103;1.000000064140641;0.9999606273965884;1.000000101780449;0.999998901561813;1.0000001015177407;1.0000001682143347;1.0000000747666538;0.9999001013036444;0.9998481652930638;0.9997661159271576;0.9999993962036184;1.0002036597593984;1.0002266760776128;0.9998663559410437;0.999798347933434;0.9999372591632885;0.9961635061378387;0.9946871033479286;0.9931814965428347;0.9925080223356022;0.9999113257945074;0.9916476173728013;0.9913869157180698;0.9921976267406001;0.9921820287253336;0.9921733703958544;1.0000000642875164;0.9999249238929433;0.9998532616263587;0.999946655420003;0.9999983031914008;1.024999976158142;
2016-01-23 14:30:00;0.999862521267734;0.9997296100157017;1.0000001796053466;0.999879669506224;0.9999603537229249;0.9998931643321084;1.0002253658934293;1.0000001052662484;0.9998525159366461;1.0000000839084617;0.9999006268247511;1.000000063967528;1.000000063848051;0.9999597990680062;1.000000106489756;0.9999995605252023;1.0000001062383415;1.0000001900233795;1.0000000762727446;0.9998962343106954;0.9998489366865865;0.9997543055487546;0.9999995912903846;1.0002100346727676;1.0002326788057778;0.9998666785502937;0.9997895044484109;0.9999355357506104;0.9964771837365414;0.995131151695458;0.9937189368817657;0.9930935510032028;0.9999049426769374;0.9922991881349764;0.9920877353939572;0.992802169797923;0.9927881626807452;0.9927802872808231;1.0000000642592315;0.9999195041760909;0.9998539825418736;0.9999431915222522;0.9999983522694178;1.024999976158142;
2016-01-23 14:45:00;0.9998460143352439;0.9996883795628475;1.0000002085748625;0.9998606783322779;0.9999509302236581;0.999873254985923;1.0002288430873458;1.0000001172303883;0.999816689628746;1.0000000909039195;0.9998828409242331;1.0000000663915827;1.0000000662555986;0.9999537514341282;1.0000001185693077;0.9999992912502895;1.0000001183137002;1.0000002211365804;1.000000081597992;0.9998766561211662;0.9998348252811975;0.9997104013553291;0.9999995969929772;1.0002129890928997;1.0002362833499;0.999849650710521;0.9997540031354871;0.9999238246816783;0.9963967897979559;0.9950088676589031;0.9935875026288261;0.9929554511579308;0.9998842715002826;0.9921561830485112;0.991915034856381;0.9926585327075497;0.9926418099494916;0.9926319497054656;1.0000000671419578;0.9999020676642543;0.9998390721372001;0.9999301226507596;0.9999985400502788;1.024999976158142;
2016-01-23 15:00:00;0.9998595034735314;0.9997200685732887;1.0000001916208137;0.9998759566029486;0.9999596106209543;0.9998905860772115;1.0002293790439754;1.0000001111834047;0.9998510580099096;1.0000000868500245;0.9998972001602748;1.0000000647916427;1.0000000646494627;0.9999578475876306;1.0000001130085143;0.9999989778814149;1.0000001126663003;1.0000002023943184;1.0000000783859484;0.9998951024180892;0.9998483218569921;0.9997501095996384;0.9999994925949407;1.0002132628377713;1.0002370762528754;0.9998646559462141;0.9997863119966436;0.9999337523256452;0.9965454443815139;0.9952177655273599;0.9938573069179417;0.9932565356389357;0.999902452850011;0.9925131269663461;0.9922829449628727;0.9929631758522568;0.9929475094996647;0.9929384345681009;1.0000000651844339;0.9999173073864891;0.9998531894099016;0.9999429935995177;0.9999979823087032;1.024999976158142;
2016-01-23 15:15:00;0.9998734321342901;0.9997478557416533;1.0000001501191091;0.9998862104477598;0.9999616792270429;0.9998981386975534;1.000219122211164;1.0000000941416913;0.9998573156142673;1.0000000768734407;0.9999048476925075;1.0000000613506772;1.0000000612192623;0.9999621790171356;1.0000000954339268;0.9999989699885875;1.0000000952064363;1.000000157691183;1.0000000709106462;0.9999017816550272;0.9998640857617808;0.9997689371644433;0.9999995400676092;1.0002036500315044;1.0002263927933612;0.9998767277331877;0.9998029890613742;0.9999386836563104;0.9964868544850826;0.9951437831726628;0.9937846685281179;0.9931880769208332;0.9999088074344483;0.9924472742265537;0.9922030670167964;0.9928985102588754;0.9928811058419375;0.9928728198199108;1.0000000615248317;0.9999227917744945;0.9998677376129474;0.9999453719665332;0.9999985980167528;1.024999976158142;
2016-01-23 15:30:00;0.9998507717835543;0.9997424718548884;1.000000180940485;0.9998736378868384;0.9999657367302301;0.9998931278868541;1.0002275799919695;1.0000001069652287;0.9998703202531344;1.0000000844473549;0.9999020043978297;1.000000064199438;1.0000000640612614;0.9999597444657081;1.0000001088753356;0.9999987028438379;1.0000001085615868;1.0000001910021308;1.0000000765979393;0.9998977042321172;0.9998301823099037;0.9997672361745263;0.9999992041321417;1.000211576587445;1.000235884441618;0.9998539946536783;0.99979660453791;0.9999354936026894;0.9965947042000433;0.9952578345556727;0.9939075871984137;0.9932967998798052;0.9999159273926717;0.9925315858337515;0.9922868241858782;0.9930049766871456;0.9929888322505407;0.992979756939707;1.0000000641776026;0.999928921586132;0.9998365649183379;0.9999475448171307;0.9999983440364685;1.024999976158142;
2016-01-23 15:45:00;0.9998038650429313;0.9996965526644327;1.0000002356198774;0.9998393975717742;0.9999626096093848;0.9998682500515385;1.0002397316057212;1.0000001306126876;0.9998546926144202;1.0000000985805488;0.9998819984601865;1.000000069974996;1.0000000698104163;0.9999512088283947;1.0000001336820485;0.9999984226874712;1.0000001332779067;1.0000002500098522;1.0000000874049029;0.9998736178255873;0.9997682877675627;0.9997227612923727;0.9999987891318719;1.0002230042280154;1.0002493782197157;0.9998062661883517;0.9997533069030017;0.999920620722089;0.9965847984416385;0.9952650202028972;0.993953114719099;0.9933783746987803;0.9999067442110929;0.9926871141745252;0.9924314225957803;0.9930841095194471;0.9930682173634087;0.9930595512869822;1.0000000695853546;0.9999213739726918;0.999778007311362;0.9999382236873187;0.9999982502887628;1.024999976158142;
2016-01-23 16:00:00;0.9998044189421763;0.9996903365028829;1.0000002281803262;0.9998365404241247;0.9999590669770202;0.9998632481711387;1.0002392387588988;1.0000001274749721;0.9998408641540433;1.0000000961631481;0.9998777513803179;1.0000000685549995;1.0000000684023242;0.9999505378606498;1.0000001304618822;0.9999983404496966;1.0000001301404164;1.000000241915583;1.0000000854161044;0.9998683771267345;0.999771646223317;0.9997117077741381;0.9999988436162488;1.0002224054858542;1.0002487490612693;0.9998059402719764;0.9997454059732335;0.9999178731099256;0.9966978728464706;0.9954122971113973;0.9940921971763207;0.99350347878567;0.9998998355872779;0.9928116582150747;0.9925906187283009;0.9931909584248121;0.993173456524212;0.9931640009926006;1.0000000683507861;0.9999155817479434;0.999780311059048;0.9999334612059596;0.9999985870235076;1.024999976158142;
2016-01-23 16:15:00;0.9998401531165143;0.99969457890199;1.0000002011868026;0.9998672769538277;0.9999638292073999;0.9998902342293826;1.0002346172910728;1.0000001165941046;0.9998702055853216;1.000000089992663;0.9998937878281775;1.0000000666219941;1.0000000664027229;0.9999532536794635;1.000000119581726;0.999998634853625;1.000000118948438;1.0000002121000362;1.0000000807800409;0.99989683020131;0.9998221410426464;0.9997468663098201;0.999999195947227;1.0002180712536757;1.0002431621394305;0.9998492426018;0.9997796790402353;0.9999325964069565;0.9966016604383962;0.9952788778262671;0.9939451367482826;0.9933509307569884;0.9999075052921595;0.9926387657133683;0.9923950172132592;0.9930449874786194;0.9930277555400322;0.9930194682941494;1.0000000662813329;0.9999213174190851;0.999830316692803;0.9999494532231077;0.999996439462678;1.024999976158142;
2016-01-23 16:30:00;0.9999061562136122;0.9998267331438098;1.0000001113300212;0.9999171273955351;0.9999748216610506;0.9999277001039086;1.0002097934939207;1.000000077661343;0.999905281668792;1.0000000666197895;0.9999329687449816;1.000000056941246;1.000000056851159;0.999973320747114;1.0000000786250718;0.9999989401693987;1.0000000784967031;1.000000115855359;1.0000000628948114;0.9999308644880608;0.9998969408908616;0.9998409543034941;0.9999995360211413;1.0001949257316933;1.000216784139056;0.9999079827314679;0.9998629373851745;0.999956521266077;0.9967624337146062;0.9954806752350307;0.9941938513770203;0.9936044246323389;0.9999395507232232;0.9928911217103327;0.9926512244374875;0.993305630639878;0.9932889642151512;0.993279886151114;1.0000000569626797;0.9999488751410128;0.9998999539904783;0.9999627535342394;0.9999990707811078;1.024999976158142;
2016-01-23 16:45:00;0.9998624443948306;0.9997022702024835;1.0000001695855611;0.9998846140804636;0.9999655345703004;0.9999041734060922;1.0002325159171093;1.0000001014490305;0.9998819148764649;1.000000080084868;0.9999025000387126;1.000000061580109;1.0000000613739115;0.9999555132423361;1.000000104048482;0.9999986970855981;1.0000001033637185;1.0000001780803478;1.0000000727214773;0.9999113124412163;0.9998537485989054;0.9997662575972643;0.999999397418113;1.0002159887533624;1.0002405080524832;0.9998746082362566;0.9997991847263935;0.9999403964732562;0.9970590837676376;0.9958965165156936;0.9947183803904562;0.9941884061218802;0.9999106282665187;0.9935493216053188;0.99333898863171;0.9939181959994822;0.9939021262866823;0.993893831727312;1.0000000613381752;0.9999236189897058;0.9998609117218082;0.9999565596056997;0.9999956198879791;1.024999976158142;
2016-01-23 17:00:00;0.9997981664351355;0.9996824713406077;1.0000002454155335;0.9998340322141106;0.999961610878295;0.9998645269112376;1.0002454945203108;1.0000001352641466;0.9998523768883285;1.0000001003087937;0.9998773951601901;1.0000000698733718;1.00000006968307;0.9999486455558076;1.000000139113431;0.9999979162904787;1.0000001385972603;1.0000002599650153;1.0000000883722653;0.9998712756949961;0.9997640534241442;0.9997151813166463;0.9999986838739446;1.000227948812833;1.000255580717897;0.9998017760143311;0.9997469419081741;0.9999181101301866;0.9968862290136615;0.995615047857986;0.9943208437101048;0.9937129074931351;0.999903418181677;0.993030834607455;0.9928048473984488;0.9933681073902026;0.9933496932079052;0.9933394473210513;1.0000000694956572;0.9999184610554926;0.9997739115950932;0.9999376315905015;0.9999977996329844;1.024999976158142;
2016-01-23 17:15:00;0.9997795739326741;0.9996627697171954;1.0000002456141968;0.9998237128584293;0.9999633239820273;0.9998600614402892;1.0002469863868013;1.000000136619364;0.9998592523852406;1.0000001019498743;0.9998723476235759;1.0000000718075988;1.0000000715922583;0.9999452272178574;1.0000001409196029;0.9999978307709623;1.0000001402739613;1.000000260093502;1.0000000899989243;0.9998674787608941;0.9997380228885044;0.9997053026894697;0.9999984630334501;1.0002294618540748;1.0002576188762258;0.999784576200099;0.9997352599011599;0.9999150823613105;0.9967322457041569;0.9954056202822634;0.9940720689719883;0.9934496224804423;0.9999048519840021;0.992706941777522;0.9924597505110383;0.9931268719423088;0.9931100014449131;0.9931005465225741;1.0000000708238117;0.9999196153949523;0.9997502873829442;0.9999390173816367;0.9999971200671353;1.024999976158142;
2016-01-23 17:30:00;0.9998021047852261;0.9996508645684489;1.000000275640631;0.9998268460567266;0.9999516550278085;0.9998523189089155;1.0002484452394385;1.0000001498341193;0.9998180067432517;1.0000001076873717;0.9998641809983577;1.0000000716651396;1.0000000714615853;0.999944210757395;1.0000001545651966;0.99999701993037;1.0000001539443504;1.000000291149843;1.0000000937679745;0.999860862895453;0.9997822553252538;0.999685307282618;0.9999988048104282;1.0002296508972526;1.0002584327119288;0.9998066491466592;0.9997272116895992;0.9999107479175705;0.9968660941098312;0.9955967988579378;0.994294314346152;0.9936877028638937;0.9998819465021836;0.9929034750499803;0.9926845832268114;0.9934144330452445;0.9933967631064253;0.9933876840644627;1.000000072212499;0.9999001395068917;0.9997889949942362;0.9999274922647826;0.9999976813836066;1.024999976158142;
2016-01-23 17:45:00;0.9998122657463283;0.9997168114172781;1.0000002302590019;0.9998376352807009;0.9999658354432281;0.9998696657777384;1.000243938942919;1.000000138398124;0.9998687467557715;1.0000000987736755;0.9998807456257366;1.0000000684705552;1.0000000682811396;0.999950184394843;1.0000001453361202;0.999994545494877;1.0000001446439124;1.0000002397328152;1.000000087002215;0.9998822948077801;0.9997909930726163;0.9997496671663848;0.9999981284206457;1.0002235161020896;1.0002554689671075;0.9998149700585781;0.9997778517740273;0.9999210933272533;0.9969595625021402;0.9957071032242443;0.9944158438810414;0.9938020431416306;0.9999131171631201;0.9930423810581591;0.992830457103574;0.9935024103523078;0.9934848679314964;0.9934765768645307;1.0000000686948982;0.9999266296510723;0.9997973255652597;0.9999440109225458;0.9999977883509429;1.024999976158142;
2016-01-23 18:00:00;0.9997328222821962;0.9996444572004105;1.0000004266664622;0.9997729758071061;0.9999569331164831;0.9998188530378511;1.000270803547365;1.0000002298717912;0.999826056085034;1.000000150349575;0.9998419674145449;1.0000000867450756;1.0000000865159957;0.9999349857198366;1.0000002423317385;0.9999931578096032;1.000000241371605;1.0000004479438478;1.0000001258549684;0.9998342632577356;0.9996913943441191;0.9996682792881963;0.9999973836960098;1.0002478171326623;1.000285055398357;0.9997319049675278;0.999701283581235;0.9998910517185516;0.9970374577443771;0.9957885701430885;0.9945276563310533;0.9939222947313924;0.9998912915470956;0.9931183425541746;0.9928892673045633;0.9936641616090777;0.9936460922026016;0.9936358432598142;1.0000000875974626;0.9999087327741389;0.9997011666287716;0.9999219078149799;0.9999984310923369;1.024999976158142;
2016-01-23 18:15:00;0.9998220918222933;0.9996757128856897;1.000000216361319;0.9998504015490733;0.9999634749237021;0.9998794132600411;1.0002434325940044;1.0000001260869935;0.9998693364545191;1.0000000932974882;0.9998828565626402;1.0000000666185849;1.0000000663785016;0.9999479338858788;1.0000001311982152;0.9999966333813579;1.00000013031844;1.0000002266734154;1.0000000827380655;0.9998901112351031;0.999805022938512;0.9997363041747597;0.9999986942564777;1.0002246843774745;1.0002535022232188;0.9998319252530521;0.9997692684491417;0.9999257736108532;0.9970840817197271;0.995868455860579;0.994615701615842;0.9940135382109888;0.9999047051533682;0.993188450872295;0.9929824053741751;0.9937741032152716;0.9937529608092355;0.9937391448414461;1.0000000663366444;0.999918896806486;0.9998132724218229;0.9999482476381352;0.9999958612163439;1.024999976158142;
2016-01-23 18:30:00;0.9998748967600976;0.9997594925830552;1.0000001384170962;0.9998924807876447;0.9999715155332128;0.9999118087917944;1.0002241445828757;1.000000090862419;0.9998988283468119;1.0000000731907426;0.9999131490936797;1.0000000590015299;1.000000058837736;0.9999619459903233;1.0000000935931852;0.999997437112112;1.0000000931144248;1.0000001438910524;1.0000000675684997;0.9999196826841922;0.9998661978260871;0.9998039793995785;0.9999991071726401;1.000207149145435;1.0002326217031055;0.9998822604181017;0.9998300746727641;0.9999457747664676;0.9970871395878597;0.9958904452890542;0.9946848265804988;0.9941139615894192;0.9999267583243778;0.9932896965901584;0.9930684893451454;0.9939156958180848;0.9938986912953006;0.9938911858773564;1.0000000588093587;0.9999376278309782;0.9998713751098243;0.9999609027271006;0.9999969712521702;1.024999976158142;
2016-01-23 18:45:00;0.9998677452075886;0.9996971435608376;1.0000001617886447;0.9998901679465785;0.9999674008287064;0.9999105649568247;1.0002308852206072;1.0000000997676695;0.9998927360924639;1.0000000793529844;0.9999051328250574;1.0000000620040022;1.0000000617645755;0.9999550021647559;1.0000001027869647;0.9999984920925348;1.0000001019603062;1.0000001691514362;1.0000000723670421;0.999918852013627;0.9998623840487066;0.9997742034318822;0.9999993938304643;1.0002142597204617;1.0002388506640352;0.999882711264618;0.9998064518238489;0.9999436534648732;0.9969361944264055;0.9956778562054027;0.9944033877608813;0.9937980504745879;0.9999130695373883;0.9929204330165027;0.9926923273600782;0.9935902583654914;0.9935743750680914;0.9935664934182807;1.0000000615066043;0.999925424028829;0.9998698857580633;0.9999618804853276;0.9999947115744086;1.024999976158142;
2016-01-23 19:00:00;0.9998499885457967;0.9997263633057984;1.0000001728622472;0.9998748802165786;0.9999696266464241;0.9998994358454525;1.000231774515849;1.0000001070465379;0.9998915114587233;1.0000000833077531;0.9999019347196195;1.0000000637923445;1.0000000635890036;0.9999564171769283;1.0000001106752194;0.9999973803109917;1.0000001100277918;1.0000001806164929;1.0000000755709348;0.9999080290992509;0.9998344116631686;0.9997779276800516;0.9999989252985527;1.0002143747919132;1.0002409116270419;0.9998583656194671;0.9998053479533986;0.9999380998941543;0.9968048382311097;0.9954879565166803;0.9941757980954072;0.9935502705973328;0.9999205213045199;0.9926319886891853;0.9923789405814768;0.993343330418295;0.9933265962623832;0.9933183065167618;1.000000063387742;0.9999323455050004;0.9998416951596903;0.9999569393142707;0.99999648443787;1.024999976158142;
2016-01-23 19:15:00;0.9997992186795698;0.9996392396890674;1.0000002630956186;0.9998293377708434;0.999961023650538;0.9998647404415187;1.0002513916293037;1.0000001514646875;0.9998620411707458;1.0000001065187718;0.9998674807739293;1.000000071281849;1.000000070997364;0.9999402384669737;1.000000159510278;0.999994722978592;1.0000001582414968;1.0000002744836027;1.000000092646273;0.9998798703892436;0.9997839022309307;0.999713555620486;0.9999982368789787;1.000230551146101;1.0002628948369565;0.9998110544190838;0.9997489743200251;0.9999164064381095;0.9970466697678065;0.9958392303796408;0.9946156530542967;0.9940451789184762;0.9998964073661127;0.993218486761535;0.9930000816965074;0.9938490925182449;0.9938322097252773;0.9938227479115039;1.0000000712474468;0.9999117322457893;0.9997925488934091;0.9999451448509697;0.9999949162234097;1.024999976158142;
2016-01-23 19:30:00;0.9998515750994814;0.9997347022736669;1.0000001668965965;0.9998688711374929;0.999969315023661;0.9998948501064182;1.000231100006169;1.0000001096989726;0.9998901915148167;1.0000000829208828;0.999897013410748;1.0000000630899348;1.000000062896592;0.9999550519453579;1.0000001151145281;0.9999948142094415;1.0000001143727704;1.0000001721558751;1.0000000751520242;0.9999077676318381;0.9998449779263088;0.9997851843470398;0.9999984863553625;1.0002114935050797;1.000241383448202;0.999858937107702;0.9998128665985467;0.9999354046340799;0.9968770044130183;0.9955736360032399;0.994244893192569;0.9935999583203581;0.9999200487168883;0.9926527320189208;0.9924223101702407;0.9933869098082975;0.9933692641079159;0.9933593966223019;1.000000063102464;0.9999319586769946;0.9998496363536354;0.9999564938288266;0.9999965597447392;1.024999976158142;
2016-01-23 19:45:00;0.9998638552241406;0.9997193733821559;1.0000001506760359;0.9998847186543037;0.9999708724057566;0.9999087618254152;1.0002283084462609;1.000000099011888;0.9999027508763343;1.0000000778473292;0.9999049557501206;1.0000000614978042;1.000000061266852;0.9999556481645407;1.000000103195682;0.9999965993246621;1.0000001023584288;1.0000001558757505;1.000000071272386;0.9999198159990677;0.9998585438420028;0.9997900776563569;0.9999989221994291;1.0002103356566305;1.0002373905195803;0.9998764288309188;0.9998182263765315;0.9999428525134062;0.9969082853606374;0.9956354381262611;0.9943488192698835;0.9937353360400335;0.9999212000684904;0.9928350516904008;0.99260269836079;0.9935321626423546;0.9935150133180493;0.9935067219953774;1.0000000610375244;0.99993248627643;0.9998650458968938;0.9999638728230275;0.9999951517198495;1.024999976158142;
2016-01-23 20:00:00;0.9998963617432578;0.9997894142989691;1.0000001098438431;0.999910346077761;0.9999748499594967;0.9999258899348737;1.0002133671371176;1.0000000785184238;0.9999119029151394;1.0000000665772018;0.9999255633881654;1.0000000569606018;1.0000000568242617;0.9999673233928694;1.000000080427727;0.9999979184673611;1.0000000800672038;1.0000001134343477;1.0000000627607206;0.9999325007816325;0.9998910001571679;0.9998305079256578;0.9999993077909889;1.000197412960861;1.000221037871849;0.9999034224280412;0.9998539658102763;0.9999543279926638;0.9969347472204868;0.9956583020883106;0.9944023869536045;0.9937953055235145;0.9999354114978866;0.9928368985956574;0.9925811104389949;0.9936403626655282;0.9936235507004252;0.9936148797616954;1.0000000567342366;0.9999449214895247;0.9998952352431121;0.9999667518384387;0.9999972055422395;1.024999976158142;
2016-01-23 20:15:00;0.9998466265399416;0.9997278901627551;1.000000174047562;0.9998622236386617;0.9999652516046504;0.999886468028478;1.000231314096503;1.0000001112087353;0.9998726334808938;1.0000000836924334;0.9998913339513974;1.0000000628111656;1.0000000626405257;0.9999542038262226;1.0000001161244554;0.9999950079985069;1.0000001155044003;1.0000001802562986;1.0000000755907374;0.9998984416591764;0.9998394656094972;0.9997688375089933;0.9999985456681236;1.0002118387045233;1.0002414591054456;0.9998520899148124;0.999799633868362;0.9999308307029565;0.9969500007189811;0.9956820595860641;0.9944125256179696;0.9938028273683011;0.9999124130890664;0.9928399175236546;0.9926003894434586;0.9936474703597511;0.9936304831768105;0.9936218121814773;1.0000000631058703;0.9999256667168583;0.999843479252545;0.9999495047231794;0.9999972220248193;1.024999976158142;
2016-01-23 20:30:00;0.9998876291822162;0.9998375587666887;1.000000100510153;0.9998991078533586;0.9999810132841793;0.9999207973884942;1.000211321764961;1.000000079228351;0.9999271408609914;1.0000000654397405;0.9999257750498437;1.0000000562760025;1.0000000561775575;0.9999695098972279;1.0000000826370554;0.9999947281751239;1.0000000823403883;1.0000001019660414;1.0000000618780915;0.9999315629785349;0.999879746484327;0.999859077811188;0.999998471612043;1.00019297789469;1.000221035200341;0.9998886722846958;0.9998745879291242;0.9999521160731256;0.9970002333088689;0.9957637283824412;0.9944998931923473;0.9938927733610307;0.9999508998843304;0.9929228521566379;0.9927064011353485;0.9937456439916329;0.993729151301987;0.9937204794401782;1.0000000562436202;0.9999585213127231;0.9998821130994057;0.9999684136417465;0.9999985649028342;1.024999976158142;
2016-01-23 20:45:00;0.9999241763721095;0.9998400018112045;1.0000000903818869;0.9999322829496463;0.9999780185286946;0.9999410495613753;1.0002065993578608;1.000000068228922;0.9999210201834383;1.0000000604634456;0.9999422089237033;1.0000000539610552;1.0000000538748561;0.9999759131196126;1.0000000691350128;0.9999989210381269;1.0000000689775046;1.000000093188841;1.0000000579192339;0.9999447323130572;0.9999209663719204;0.9998633270223525;0.9999996470825637;1.0001918223663648;1.0002132330549782;0.9999282465369164;0.9998835725142103;0.9999640791994772;0.9972038748921144;0.9960656408520863;0.994925763229466;0.994390791562878;0.9999460069858097;0.9935589077268381;0.993343939505855;0.9942455868591176;0.9942290858529257;0.994220409617842;1.000000053900823;0.9999540919980547;0.9999234326859241;0.9999704277467358;0.9999984372291004;1.024999976158142;
2016-01-23 21:00:00;0.9999214653903798;0.9998391643428375;1.0000000889328222;0.9999296719945509;0.999978066289736;0.9999393265512663;1.0002075514291036;1.0000000673822318;0.9999208856006572;1.0000000596990886;0.9999407397174602;1.0000000533990252;1.000000053312348;0.9999753563840109;1.0000000683302175;0.9999985944167799;1.000000068170877;1.0000000916145173;1.0000000572232188;0.999943550722226;0.9999181112648372;0.9998624168990041;0.999999559443648;1.0001924553108257;1.0002144262018762;0.9999253284934455;0.9998824868001371;0.9999630614797399;0.9973678954956849;0.9963117707256555;0.9952692363343998;0.9947940630125519;0.999945991216025;0.9940269664843299;0.9938173931181419;0.9946843444481743;0.9946668835788738;0.9946582035165152;1.0000000533411524;0.9999540963783213;0.9999205293583558;0.9999700974605731;0.9999984411979549;1.024999976158142;
2016-01-23 21:15:00;0.9999086441826492;0.9998150251640048;1.000000095137618;0.9999206800404059;0.999976169886505;0.9999326199566885;1.0002114465166694;1.0000000695134925;0.999914613954805;1.000000060862988;0.9999338704401993;1.0000000536818179;1.0000000535905036;0.99997189516034;1.000000070568263;0.9999987447638404;1.0000000703629062;1.0000000984001927;1.0000000580183004;0.9999370115112113;0.9999023685311151;0.9998444894888687;0.9999995164742954;1.0001962836753924;1.0002185193451025;0.9999136776123124;0.9998663321379548;0.9999588190091369;0.9974903867616594;0.9964814451210374;0.995463382000377;0.994998556090579;0.9999404581189059;0.9942512812927188;0.9940657900548203;0.9948890972177461;0.9948721125005013;0.9948626407580009;1.0000000535723268;0.9999493515802442;0.9999059898562576;0.9999675602677739;0.9999980099332981;1.024999976158142;
2016-01-23 21:30:00;0.999895530043992;0.9998175445372485;1.0000001013464113;0.9999103358486513;0.9999763452686485;0.9999250268822937;1.0002145519592065;1.0000000723761833;0.9999114715666271;1.000000062337405;0.9999296810087807;1.0000000541442842;1.0000000540586618;0.9999710691279246;1.0000000736441097;0.999998354205388;1.0000000734625316;1.0000001050599576;1.0000000591002065;0.9999295731907842;0.9998834981491418;0.9998385548103789;0.9999992990926904;1.0001989784251577;1.0002222316125982;0.9998982143789009;0.9998590350438309;0.9999546576069845;0.9975251257878551;0.9965429429243863;0.9955566607304409;0.9951163810842212;0.9999413784345396;0.9944271849146677;0.9942434200883208;0.9949999871317824;0.9949831759097723;0.9949737031085176;1.0000000540175118;0.999950370389247;0.999887560266928;0.9999643588029351;0.9999985953829085;1.024999976158142;
2016-01-23 21:45:00;0.9999156472611217;0.9998472285694804;1.000000088136901;0.9999256071241435;0.9999787378157391;0.9999363360148988;1.000210174607249;1.0000000662205422;0.9999204075664079;1.0000000586340272;0.9999403525343592;1.0000000524647452;1.0000000523965364;0.999975963173393;1.0000000671064904;0.9999985917165162;1.0000000669799225;1.0000000909374482;1.0000000562114542;0.9999400616990131;0.9999078975667302;0.9998624582615745;0.9999994705294759;1.0001949810515691;1.0002173194527537;0.9999175581411873;0.9998810250805792;0.9999616159063129;0.9977524558539388;0.9968582952374416;0.9959705851545582;0.9955778858917251;0.9999482731942517;0.994959174282615;0.9947850479169464;0.9954767966442228;0.9954597106617349;0.9954502333150806;1.0000000524488089;0.999956218766668;0.9999105918948216;0.9999684982060698;0.9999989933166079;1.024999976158142;
2016-01-23 22:00:00;0.9999286954987727;0.9998554098569976;1.00000007616675;0.9999399594885456;0.9999826063978049;0.9999498858542608;1.0002051899792312;1.000000060975515;0.9999384340387214;1.0000000558847641;0.9999500994728401;1.000000051704092;1.0000000516296;0.9999783310875938;1.0000000616225333;0.9999992874065644;1.000000061483922;1.0000000781413763;1.000000054191191;0.999953018035326;0.9999222654115558;0.9998812622311927;0.9999996526981653;1.0001908847252092;1.000211731831558;0.999933224373679;0.999897338991567;0.9999692304351071;0.9977628524502102;0.9968932991881948;0.9960105756966181;0.9956291677935066;0.9999557276389651;0.9950269946552501;0.994870575115486;0.9955318393776013;0.995514425493817;0.9955057380216212;1.0000000515139484;0.9999622877407687;0.9999257185574592;0.9999765812898028;0.9999982579097917;1.024999976158142;
2016-01-23 22:15:00;0.9999141749439122;0.9998408311828103;1.0000000869041925;0.9999246992891083;0.9999788408421599;0.9999363048058568;1.0002105049434933;1.0000000661110682;0.9999219859130682;1.0000000585028586;0.9999392086358859;1.0000000524837276;1.0000000524112052;0.9999749776002353;1.0000000671480898;0.9999984203958814;1.0000000670072433;1.0000000894825736;1.0000000561219111;0.9999406206121669;0.9999070946542306;0.999860977493395;0.9999994312971323;1.0001951474909905;1.000217758944285;0.9999170322234948;0.9998797305831267;0.9999613973081936;0.9977587000544127;0.9968609962976467;0.9959598695682327;0.9955562867955075;0.9999477398425225;0.9949061416290184;0.9947379309906017;0.9954621531248687;0.9954453102782852;0.9954366234110438;1.0000000524059398;0.9999556862129123;0.9999100114259227;0.9999693796341387;0.999998656075284;1.024999976158142;
2016-01-23 22:30:00;0.9999235947898367;0.9998473609315959;1.0000000733017584;0.9999353058110857;0.9999817740982208;0.999946350934963;1.0002029577254203;1.0000000600819334;0.9999353901501274;1.0000000553153843;0.9999464629195091;1.000000051503808;1.0000000514405276;0.9999768746288255;1.0000000607567245;0.9999989670678785;1.0000000606417603;1.0000000749762876;1.0000000537815061;0.9999500623059655;0.999917014691789;0.9998748102707484;0.9999995628110953;1.0001885558397412;1.0002096601573176;0.9999282109810707;0.9998915975371139;0.9999670871801944;0.9977492073362223;0.996871129056397;0.995980938415519;0.995593647142795;0.9999534780171425;0.994980892948417;0.9948221855788631;0.9954957003013233;0.9954795505411339;0.9954708633734936;1.0000000513385041;0.9999603795911053;0.9999205404006828;0.9999752968961859;0.9999981545834371;1.024999976158142;
2016-01-23 22:45:00;0.9999226865244258;0.9998685757529391;1.0000000700388831;0.9999366059577887;0.9999848765163931;0.9999486335085429;1.0002034944020788;1.000000058208542;0.9999436992509312;1.0000000541410325;0.9999511907979892;1.0000000509198161;1.000000050861191;0.999979441708737;1.0000000587533484;0.9999991069033046;1.0000000586731008;1.0000000716278894;1.0000000528198543;0.9999515104856637;0.9999108294674104;0.9998869182172709;0.9999994905922301;1.0001892705149176;1.000210360430575;0.9999251350418425;0.9998999308658527;0.9999688184158366;0.99806374372254;0.9973107899305187;0.9965516883244285;0.9962304773888283;0.9999613562323082;0.9957451314908472;0.9956061841077594;0.9961336274625266;0.9961155932003315;0.9961069004731112;1.0000000507015012;0.9999672539792669;0.9999147561274835;0.9999768082671681;0.9999987814305059;1.024999976158142;
2016-01-23 23:00:00;0.9999460056022846;0.9999000976829481;1.0000000642105202;0.9999548030346996;0.9999877674550627;0.9999624210227487;1.000197160304048;1.0000000559558158;0.9999551745718803;1.000000053091868;0.9999637293434002;1.0000000507549076;1.0000000507033635;0.9999847928057772;1.0000000563204705;0.999999463978559;1.00000005625606;1.0000000653193308;1.0000000521335728;0.9999644095368746;0.9999392880313555;0.9999143907751235;0.999999711799396;1.0001835272254829;1.000203326860746;0.99994818241941;0.9999252551553324;0.9999771618275204;0.9978186316048773;0.9969800191691235;0.9961517821990936;0.9958026520118516;0.9999692083713736;0.9952542435231518;0.995088095166655;0.9957116430857673;0.9956953366802486;0.9956866476261019;1.0000000505682345;0.9999738672631362;0.9999418353903127;0.9999822654866644;0.999999058522278;1.024999976158142;
2016-01-23 23:15:00;0.9999391238530848;0.9998828799142371;1.000000066971083;0.9999502741197687;0.999986941308253;0.9999595715833851;1.0002005404881598;1.0000000570312273;0.9999536745973695;1.0000000536532034;0.9999597902523485;1.000000050912917;1.0000000508524447;0.9999823447282534;1.0000000575002925;0.9999994670919483;1.0000000574017482;1.0000000682882195;1.0000000525176198;0.9999620652746367;0.9999316467213123;0.999904686892583;0.9999996788729493;1.0001867127554633;1.0002068757778866;0.999942809826218;0.9999166220066651;0.9999751544521167;0.997891917705186;0.9970627040088756;0.9962635404838329;0.9959200650656997;0.9999660767824097;0.9953956559064409;0.9952181727797328;0.9958202061074196;0.9958029864664053;0.9957935058448467;1.0000000506811246;0.9999711057077487;0.9999350061829575;0.9999819308676642;0.999998537463576;1.024999976158142;
2016-01-23 23:30:00;0.9999421901126083;0.9998992869440252;1.000000065916792;0.9999517351095999;0.9999877536268519;0.9999602359670356;1.0001977941217182;1.000000056839959;0.999954366923952;1.0000000536064433;0.9999622500713787;1.0000000509848155;1.0000000509314049;0.9999843290499465;1.0000000572638372;0.9999993088464215;1.0000000571965806;1.0000000671178515;1.0000000525398476;0.9999624201462362;0.9999341939546872;0.9999122789297352;0.9999996450722093;1.0001840196560636;1.0002041407374769;0.9999439297269951;0.9999228991112739;0.9999759182952733;0.9977361240765111;0.9968497268190446;0.996004093729611;0.9956404542856973;0.9999691806508596;0.9950648094761484;0.9948693368134643;0.9955487000231674;0.995531296669524;0.995521407660029;1.0000000507995253;0.9999738903824192;0.9999368769608643;0.9999814868797597;0.9999991483863871;1.024999976158142;
2016-01-23 23:45:00;0.9999372808519246;0.9998921892513417;1.0000000660807868;0.9999474223871577;0.9999874293638599;0.9999573972410355;1.000199545836808;1.000000056934891;0.9999534925551736;1.0000000534709819;0.9999591755546843;1.0000000507925995;1.0000000507365931;0.9999828239388426;1.0000000574836732;0.9999989009337552;1.0000000573984558;1.0000000672293374;1.00000005237007;0.9999604542143798;0.9999293517389909;0.9999079982548288;0.9999995357237641;1.0001853336127113;1.0002062122559825;0.9999393817146002;0.9999189213194656;0.999974117034436;0.9979138446932603;0.99710610929937;0.9963198765991925;0.9959892942443157;0.9999678569605954;0.9954815966668186;0.9953138876772664;0.9958952133717531;0.9958782719309864;0.9958695812778464;1.0000000505911684;0.999972742834062;0.9999321665311302;0.9999810279421564;0.9999989521565597;1.024999976158142;
2016-01-24 00:00:00;0.9999347075691755;0.9998758198934602;1.0000000675579102;0.9999454795418093;0.9999852407850397;0.9999549777042765;1.0001996983283419;1.000000057242184;0.999946803202696;1.000000053760459;0.9999558641148072;1.0000000509123965;1.0000000508539835;0.9999811252643265;1.0000000576839099;0.9999992800472582;1.0000000575934005;1.0000000689230357;1.0000000525971324;0.9999576800319643;0.9999272858859537;0.9998961824621437;0.9999996360846082;1.0001857749854977;1.0002061184750821;0.9999379889258063;0.9999095018172446;0.9999724973449899;0.997870349764102;0.9970409857152035;0.9962286785193504;0.9958822084916649;0.9999624211333418;0.9953425569969975;0.9951737235177849;0.9957887660399072;0.9957721550903564;0.9957634653648278;1.0000000507313629;0.9999680486627771;0.99993046930842;0.9999791906994819;0.9999986385464333;1.024999976158142;
2016-01-24 00:15:00;0.9999535779575757;0.999908446464015;1.0000000611736053;0.9999615264556698;0.999989760578235;0.9999687109032181;1.000194562212941;1.0000000548038162;0.9999640077788985;1.0000000524560928;0.9999684557643774;1.0000000506053124;1.0000000505501438;0.9999861454508854;1.0000000551628416;0.9999994251786426;1.0000000550923847;1.0000000619897704;1.0000000516747978;0.9999709817575141;0.9999489025626724;0.9999263530528903;0.9999997416651423;1.0001810371094366;1.0002005902827769;0.9999566128196808;0.9999358340103909;0.9999807418204811;0.9978052842627573;0.9969503228582902;0.9961361674836485;0.995789681203244;0.999973337290154;0.9952468843489826;0.9950573588331036;0.9956983651811933;0.9956811238926817;0.9956724349624632;1.0000000503875626;0.9999772692157518;0.9999513021242865;0.9999861558885998;0.9999988084094636;1.024999976158142;
2016-01-24 00:30:00;0.9999438399818341;0.9998903509132353;1.0000000643103357;0.9999513689132634;0.9999856468842194;0.9999586411243363;1.0001968179542924;1.0000000560011566;0.9999476963884424;1.0000000530398385;0.9999597989987318;1.0000000506563;1.0000000506055786;0.9999833814156827;1.0000000563748228;0.9999992717414755;1.0000000563143563;1.0000000653995835;1.0000000520735453;0.9999609978008124;0.9999389191072217;0.9999055136189858;0.9999997039546409;1.000183015886309;1.000203005095483;0.9999462050634157;0.9999184421894157;0.9999748904513106;0.9978712051594246;0.9970330504309008;0.9962294135237263;0.9958828005053832;0.9999644343345492;0.9953713420359986;0.9951891937644737;0.9957699139176313;0.9957438227437448;0.9957233451259462;1.0000000505163456;0.9999698034988452;0.9999411041803028;0.9999798133467932;0.9999990007345432;1.024999976158142;
2016-01-24 00:45:00;0.9999555758348765;0.9999131491111846;1.0000000595471756;0.9999633500231389;0.9999903000876247;0.9999702062961356;1.0001915291276415;1.0000000541078293;0.9999657788378185;1.0000000521014984;0.9999700633998644;1.0000000505048376;1.0000000504536588;0.9999868873700645;1.0000000544034546;0.9999994992283995;1.0000000543416607;1.000000060238749;1.0000000514281346;0.999972257850418;0.9999507568721043;0.999929827306406;0.9999997598444722;1.000178268635984;1.0001974276910883;0.9999583828128354;0.999938772594796;0.9999816836249904;0.9977569177429348;0.9968981196082984;0.9960602983114083;0.9957084387675245;0.9999747614445347;0.9951778919521898;0.9950008357659668;0.9956015927644094;0.995575398477685;0.9955543664394736;1.0000000503173376;0.9999784911688059;0.9999531037977865;0.9999867717580581;0.9999988934123993;1.024999976158142;
2016-01-24 01:00:00;0.999950814438714;0.9999035217466397;1.0000000620221394;0.9999589963053631;0.9999894227468048;0.9999669598336127;1.000195752845848;1.000000055210893;0.9999630809515507;1.000000052599205;0.99996651430483;1.0000000505682667;1.0000000505136204;0.9999851682426447;1.0000000556513113;0.9999991926210011;1.0000000555617825;1.000000062846623;1.0000000517514713;0.9999697685005505;0.999946414906639;0.999923376550475;0.9999996848591228;1.0001819590928565;1.0002019573554901;0.9999541567217055;0.9999332112156736;0.9999796193189328;0.9978536163178915;0.997028989947197;0.9962330242186048;0.9959012690442992;0.9999722118477371;0.9954146689225045;0.9952389570425819;0.9957912163973448;0.99576544236762;0.9957442471720999;1.00000005037585;0.999976291477722;0.9999488778710379;0.9999857980379158;0.9999986708108086;1.024999976158142;
2016-01-24 01:15:00;1.0002594454506935;1.0002270873561332;1.000306309793264;1.0002684822450898;1.0002986454446485;1.0002766065012914;1.0004921720800726;1.0003051076825271;1.0002783742083228;1.0003048898681106;1.0002780462655454;1.000304909929152;1.000304916327267;1.0002925697722969;1.0003051753549403;1.0003044254787286;1.0003051607815139;1.0003065007705312;1.0003048778831232;1.0002797943298474;1.0002527484839443;1.0002426314431834;1.000304773497135;1.0004790967917345;1.000498177637613;1.000262189948065;1.0002495019384898;1.000287521285302;0.9983231007787056;0.9975954792257008;0.9968708874683879;0.9965884733070742;1.0002853299994934;0.996192632770419;0.9960526641688208;0.9964822284381414;0.9964546558621394;0.9964328449595201;1.000304944819844;1.0002884793234348;1.000255538899086;1.0002946620485167;1.0003038310141947;1.024999976158142;
2016-01-24 01:30:00;1.0002564993557708;1.000207977438325;1.0003071685647766;1.0002645650839055;1.0002963181068825;1.0002719813933365;1.0004991153206226;1.0003051388118445;1.0002684684318899;1.0003048787387192;1.0002732531179754;1.0003050259910697;1.0003050386523582;1.0002901530864003;1.0003052140731343;1.0003045115231874;1.000305196436927;1.00030752591359;1.000304896667724;1.0002760143615599;1.000252292202592;1.0002280354287223;1.0003048687958829;1.0004855741915615;1.000505168469889;1.000260660546006;1.0002383942695923;1.000284583610247;0.9986387091296542;0.9980258081034339;0.9974015984115607;0.9971634999499095;1.000278372191575;0.9968534643887287;0.9967447334887041;0.9970577440336414;0.9970319591164222;0.9970104200763432;1.000305081883432;1.0002826503953866;1.000255050325182;1.00029228111122;1.0003036391406526;1.024999976158142;
2016-01-24 01:45:00;1.000255634038721;1.000196077163589;1.000306874191946;1.0002650945603526;1.000296322888869;1.0002736521309041;1.0004969394432017;1.000305164811825;1.0002722142788671;1.0003048875281693;1.0002722873143932;1.0003049449485337;1.0003049548084806;1.0002887104694036;1.0003052598745434;1.00030452026663;1.0003052348224954;1.0003071451936576;1.0003048810024704;1.0002781229391553;1.0002525313850614;1.0002262252911516;1.0003049047567196;1.0004835114489952;1.0005029434715533;1.0002618100035363;1.0002369069291184;1.0002851669673662;0.9985095609476561;0.9978520890053634;0.997184256370346;0.9969278456004294;1.0002773877672235;0.9965750799839981;0.9964573154497743;0.9968268554060515;0.996801672636748;0.9967812105909619;1.0003049988216512;1.0002815765065556;1.0002558506468282;1.0002942943259558;1.000302860063578;1.024999976158142;
2016-01-24 02:00:00;1.000263863754014;1.000204231069158;1.0003067615535493;1.0002701968605032;1.0002952806424397;1.0002757178449095;1.0004987140116886;1.0003050045514033;1.0002680298089661;1.0003048859953345;1.0002748004775548;1.0003051220179553;1.0003051408009593;1.0002903781665282;1.000305048840397;1.0003046673483393;1.0003050354606087;1.0003070974057844;1.0003049462396616;1.0002792772973805;1.0002631140388634;1.0002290246446868;1.0003048626150142;1.000485390324787;1.0005043837922454;1.000269310758536;1.0002406737566851;1.0002865883635936;0.9986760602428738;0.9980651579960232;0.997446864317036;0.9972045081385066;1.0002763479935939;0.996885103717863;0.9967741749608309;0.9970994740932044;0.9970714180236364;0.9970494052309918;1.000305196824021;1.0002807306086674;1.0002655511689098;1.0002931427553814;1.0003034133132047;1.024999976158142;
2016-01-24 02:15:00;1.0002523080209016;1.000204585486122;1.0003071897738596;1.0002625861313765;1.0002979563768168;1.0002724935172573;1.0004983598066999;1.0003052242262795;1.0002755080644694;1.0003048893561526;1.0002727960388467;1.000304959560508;1.0003049697760102;1.000289197847607;1.000305340001934;1.0003042587930722;1.0003053143457572;1.0003075044138712;1.0003048814669417;1.0002774987425447;1.0002470191228352;1.0002304975123635;1.000304852240333;1.000484609317359;1.0005047201752308;1.0002573724116268;1.0002394525743592;1.0002846576223765;0.9985916544599714;0.9979634229364268;0.9973307261412895;0.9970908081590696;1.0002808983230915;0.9967768690374371;0.9966607720475005;0.99698529325098;0.9969602137598871;0.996939590093991;1.0003050209858615;1.0002847164686273;1.0002504127610847;1.0002947040111336;1.000303166809984;1.024999976158142;
2016-01-24 02:30:00;1.0002398567068385;1.00014808834515;1.0003077513895937;1.0002502149720243;1.0002908034697764;1.0002600509808726;1.0005039075808755;1.000305142889503;1.0002515072967775;1.0003048805438883;1.0002579048809428;1.0003051939030363;1.0003052150297764;1.0002820048044734;1.000305237686266;1.0003042959090631;1.0003052149716598;1.00030821290859;1.000304946456321;1.000266212220599;1.0002387965720116;1.0001895373728116;1.0003048545256903;1.000489842367192;1.0005101747255594;1.000248623222953;1.000206851941696;1.0002766409782642;0.9988993181218563;0.9983960346295193;0.9978648136480023;0.9976762965393271;1.000262000036398;0.9974552754571026;0.9973784494616326;0.9975758601435054;0.9975498896946853;0.9975293955376977;1.0003052788086066;1.000268539300554;1.000242684295944;1.0002880041528424;1.0003023539783762;1.024999976158142;
2016-01-24 02:45:00;1.000248750998751;1.0001564497542432;1.000305440081152;1.0002603927677376;1.0002921599601604;1.0002705524255626;1.0004959533814703;1.0003048777717525;1.0002663179368763;1.0003050414871757;1.000263700008234;1.000305389250853;1.0003054152361086;1.000283820924725;1.000304880938232;1.000304207710565;1.0003048790785285;1.0003055666202822;1.0003051759824364;1.0002751100139455;1.0002482508249686;1.000205776572155;1.000304585723872;1.000482635752896;1.0005018306960098;1.000258544116601;1.000220190075285;1.0002825783650444;0.9987663460020055;0.998217271694006;0.9976439846301881;0.9974369483459077;1.000267359504564;0.9971956676500886;0.9971077162160554;0.9973256560498553;0.9973000608393293;0.9972795770131755;1.0003055215214287;1.0002724998992982;1.0002524260301362;1.0002929657329738;1.0003020144919321;1.024999976158142;
2016-01-24 03:00:00;1.000256202242974;1.0001961480572976;1.0003066373518867;1.0002642149287142;1.0002941850899398;1.0002709453472938;1.0005028754553762;1.00030492175737;1.0002633451859473;1.0003049560139585;1.0002708452789317;1.0003053979597614;1.000305425341045;1.0002889544149198;1.0003049525956307;1.0003045383880318;1.0003049436448177;1.000307004198915;1.000305095047214;1.000274404167203;1.0002531447204601;1.0002200171466096;1.0003047083232333;1.000489310474401;1.00050879351115;1.0002612344890576;1.0002322513317363;1.0002838092574367;0.9989547923322172;0.9984755433370514;0.9979526692270257;0.9977678083785206;1.0002738718231;0.997565330779777;0.997503432790877;0.9976595828311048;0.9976320760798585;0.9976109107206658;1.0003055220423387;1.000278672503317;1.0002559753475346;1.000290750577436;1.0003037558956642;1.024999976158142;
2016-01-24 03:15:00;1.0002576319820613;1.0001963161387688;1.0003061810624452;1.000266665868823;1.0002952463683006;1.0002742845374522;1.0005022833505965;1.0003048912660828;1.0002701357663526;1.0003050009036933;1.0002724628136739;1.000305449182494;1.0003054793445731;1.0002890007794956;1.0003049148303245;1.000304448710963;1.0003049071811592;1.0003064570977631;1.000305156689529;1.0002778331375615;1.0002547805936153;1.0002253962909338;1.0003046531427984;1.0004887243487246;1.0005082296430556;1.0002635755257037;1.0002364988960988;1.0002855820146592;0.9989691259976466;0.9985050242027895;0.9979933231981559;0.9978189883940541;1.0002761389176151;0.99763154280189;0.9975751483454296;0.9977145316102723;0.9976890241277091;0.9976694373966898;1.000305597622161;1.0002804132583745;1.0002579390410238;1.0002932992338815;1.0003034458981186;1.024999976158142;
2016-01-24 03:30:00;1.0002641752754013;1.0002171771832864;1.0003053021913453;1.0002716873636506;1.000296930952288;1.000279115610502;1.0004991250959931;1.0003049006365954;1.000278037881104;1.0003052043533216;1.000277037524206;1.0003056990007055;1.000305732833147;1.0002916339427514;1.000304882471591;1.000304072660914;1.0003048854107275;1.0003054175160506;1.0003053984966732;1.0002822176349855;1.0002617676942218;1.0002412615810488;1.0003045650374598;1.0004854934129181;1.000505149542583;1.0002686012685122;1.0002496187928072;1.0002887191916756;0.9989793801420119;0.9985242460485929;0.9980203578616953;0.9978519254400597;1.000281967840684;0.9976643293257235;0.9976103888205595;0.9977554412543218;0.9977372910106712;0.9977274925812816;1.0003058644703473;1.0002852672685312;1.0002641881730083;1.0002953247108264;1.0003040445348612;1.024999976158142;
2016-01-24 03:45:00;1.0002595574328896;1.0002063056164079;1.000306099911345;1.0002664738889024;1.000294851123409;1.0002731604756172;1.0005019661966863;1.0003048880736214;1.000267110373848;1.0003050322045386;1.0002727843849;1.0003055529856397;1.000305582127644;1.0002901164767666;1.0003049096028942;1.0003042182329915;1.000304904125198;1.0003063567981403;1.0003052042752119;1.0002765587316518;1.0002572212108805;1.0002279954030417;1.0003046206891746;1.0004882255146939;1.000507983037844;1.0002638562873054;1.0002389396766336;1.0002852323591709;0.9989926227498009;0.9985351363853839;0.9980308496430298;0.9978586630184773;1.0002765217058733;0.9976529249600129;0.9975972558994176;0.9977695631392525;0.9977521248892991;0.997743252112245;1.0003056726703259;1.000280848320166;1.0002595721511711;1.0002916849693364;1.0003040639302385;1.024999976158142;
2016-01-24 04:00:00;1.0002799360189976;1.0002648328326187;1.000305107600446;1.0002855031808155;1.0003013334495072;1.0002903995948202;1.0004911063116968;1.0003057047559223;1.0002913266640965;1.0003061725995275;1.0002901824826231;1.00030655771063;1.0003065939382083;1.0002993115559677;1.000305629786012;1.0003052208316126;1.0003056411138478;1.0003050638405397;1.0003063613249634;1.0002909465871632;1.0002751246081507;1.000272013455295;1.000305404830635;1.0004784029358336;1.0004966753799407;1.0002805653197617;1.0002751242581627;1.0002964919449981;0.998961838225675;0.9985020721949691;0.9980022265106127;0.9978359567280575;1.000294891541056;0.9976503566522458;0.9975897937578192;0.997740992713257;0.9977241808518611;0.9977157072689011;1.0003067478500733;1.0002964276532489;1.000276567327251;1.0002990696296525;1.0003060781688218;1.024999976158142;
2016-01-24 04:15:00;1.0002526673036587;1.0002115334688557;1.0003061682523626;1.0002596350889974;1.0002934576861873;1.0002662490776657;1.0005006404692236;1.0003048838766655;1.0002575536817566;1.0003050432623803;1.0002695292670727;1.0003056066166436;1.000305629327347;1.0002903999092694;1.0003048949757252;1.0003041778574715;1.0003048931456133;1.0003064778566064;1.0003052185193921;1.0002688830119886;1.0002466745181036;1.0002204723974446;1.0003045426611414;1.0004870280959488;1.000506770870182;1.000254066072631;1.0002316754911285;1.000281678116894;0.9989739527210376;0.9985038348556695;0.9979907651132407;0.9978112597387375;1.0002748267324355;0.9975921362033231;0.9975315324955651;0.9977215431918196;0.9977051669200291;0.9976962947819213;1.000305697300084;1.0002797011664808;1.000248724565775;1.0002866837484938;1.0003049993656652;1.024999976158142;
2016-01-24 04:30:00;1.0002767442246607;1.000261006743825;1.0003051847502826;1.000282709539686;1.0003013792772646;1.0002887371694558;1.0004914133417115;1.000305810641929;1.000291467707713;1.0003063286697558;1.0002883149268227;1.0003067439117357;1.0003067824016139;1.0002984784288647;1.0003057175957057;1.0003049781503908;1.0003057318697146;1.000305139650617;1.0003065308713794;1.0002899184620921;1.0002719571560301;1.0002700207128437;1.0003054068364066;1.000478442008535;1.0004972049457497;1.0002775491271205;1.0002731490163754;1.0002954913733275;0.9990258416457366;0.9985999380640604;0.9981233280047775;0.9979726995195232;1.0002944930506028;0.9978128565112553;0.9977657794723407;0.9978810004260156;0.9978641702104515;0.997855292897221;1.0003069398450062;1.0002960867161113;1.0002734687818258;1.0002990292723113;1.0003061388978938;1.024999976158142;
2016-01-24 04:45:00;1.0002584342087986;1.0002143895793745;1.0003057651950689;1.0002655997592484;1.0002947902951629;1.0002721345282153;1.0005012831989295;1.0003048834032195;1.00026574138778;1.0003051686574445;1.000273172725209;1.0003057863666838;1.000305817903701;1.0002911855760412;1.0003048779699417;1.000304278275068;1.000304878580051;1.000306009591244;1.0003053822774133;1.0002746434111143;1.0002538440863997;1.0002291746675267;1.0003045798024812;1.0004877112060737;1.0005073015547028;1.000261068192664;1.000239297160689;1.0002849562539886;0.9990539054490005;0.9986248687947821;0.9981401259333236;0.9979791222266221;1.0002777059722363;0.9978024542691158;0.9977580709517606;0.9978850797490756;0.9978670206955385;0.9978581452243708;1.0003059170410107;1.0002819360085349;1.0002560613679277;1.0002901874513446;1.0003047774799305;1.024999976158142;
2016-01-24 05:00:00;1.0002656885021426;1.000230096496711;1.0003049420982546;1.0002724254653486;1.000297255187734;1.000279474478797;1.0004969371630281;1.0003050670253868;1.0002783109795716;1.0003055369393798;1.0002785262452594;1.0003061098430532;1.0003061445171548;1.0002934260961895;1.000305011975992;1.0003041120531349;1.0003050210360824;1.0003049838970883;1.0003057656840628;1.0002817893985798;1.0002620695543516;1.0002465794945603;1.0003046660503532;1.0004834145367398;1.0005029745910716;1.0002681975050656;1.0002537130875764;1.0002893734346336;0.9990351680220575;0.9986112564925228;0.9981352315782238;0.9979851070059904;1.0002842946269215;0.9978270322504286;0.9977812565293412;0.9978928720767266;0.9978760993412615;0.9978676240237884;1.0003062664807811;1.0002873127913827;1.0002639976144023;1.0002945041347542;1.0003049865108355;1.024999976158142;
2016-01-24 05:15:00;1.000252281514182;1.0002007668079345;1.0003061570033578;1.0002599100384701;1.0002931101259884;1.0002669466485326;1.000503379937401;1.0003048789467763;1.0002584314408483;1.0003050928711483;1.0002684656286127;1.0003057181022819;1.0003057487909215;1.0002891356052674;1.0003048874292104;1.0003042190677036;1.0003048851093235;1.0003064658191085;1.0003052983792122;1.0002699627473377;1.0002475882117976;1.0002171696857955;1.0003045622420677;1.0004896150926061;1.0005095161736381;1.0002553356091788;1.000229232919204;1.0002817919889173;0.9990943237193616;0.9986748423576163;0.9981972676200986;0.998036406671284;1.0002730464978917;0.9978615987354353;0.997820614795716;0.9979412835011849;0.9979234292600551;0.9979141829813698;1.0003058416559054;1.0002780489718377;1.0002500054448062;1.0002877217397568;1.0003045959959889;1.024999976158142;
2016-01-24 05:30:00;1.000266281130878;1.0002326749981238;1.0003048847886096;1.000274032328864;1.0002979181181944;1.0002811432283112;1.000496472601394;1.0003051821178628;1.0002808600054272;1.0003056653358864;1.0002800943369419;1.000306194632804;1.0003062294365825;1.0002940980467458;1.0003051158086593;1.0003044597172381;1.0003051277230843;1.0003049012829612;1.0003058905493878;1.0002828911509039;1.0002613524520134;1.0002489460210695;1.000304804208633;1.0004832072367416;1.000502409286371;1.0002687231772753;1.0002553509045207;1.0002904235410042;0.999043789458156;0.9986232883595898;0.9981390165883515;0.9979836496816458;1.00028586694114;0.9978185357010515;0.9977811208930306;0.9978892316697342;0.997872563490702;0.9978633171065162;1.0003063791762026;1.0002886386879215;1.0002635740777848;1.0002953117837905;1.0003050852683428;1.024999976158142;
2016-01-24 05:45:00;1.0002718534159178;1.0002397274137258;1.000304894297889;1.0002767277737634;1.0002969069465464;1.0002815998877033;1.0004967054668115;1.0003052133731782;1.000276253313261;1.0003057448223809;1.000281279454425;1.0003063706511415;1.0003064082777082;1.0002953828014411;1.0003051564266088;1.0003045962214656;1.0003051667052951;1.000304921274667;1.0003059944668673;1.0002828173610392;1.0002689107735412;1.000250426472158;1.0003049282617131;1.0004834567928267;1.0005024457351432;1.0002733490524531;1.000257689391004;1.0002909481810245;0.9990729669492208;0.9986493498438304;0.9981658131189692;0.9980027091172984;1.000284708752031;0.9978317795971349;0.9977912229113991;0.9979019468763626;0.9978845013562012;0.9978756244240519;1.000306523278617;1.000287722858343;1.000270252444857;1.0002938257364553;1.000305646115751;1.024999976158142;
2016-01-24 06:00:00;1.000273023243069;1.0002305318144171;1.00030509566809;1.000276601146129;1.0002949812451631;1.0002799519893502;1.0004971285322957;1.0003050092286911;1.0002692949831336;1.0003054140353766;1.0002794892279194;1.0003060087962103;1.0003060419813234;1.0002943838271807;1.0003049814222076;1.000304684671135;1.0003049881789259;1.000305195924945;1.0003056347892292;1.0002811667962312;1.0002721034785138;1.000242705689968;1.0003048620632315;1.0004839968897454;1.000502620272143;1.0002752755371396;1.0002523008341857;1.0002897863361215;0.9989657201449781;0.9985145707864718;0.9979986267570575;0.9978276428534306;1.0002801122047;0.9976503131164405;0.9976077781983976;0.9977207452516093;0.9977036276878051;0.9976947549218127;1.0003061193007032;1.000283817830834;1.0002732608450784;1.0002920680016403;1.000305178761902;1.024999976158142;
2016-01-24 06:15:00;1.0002605285361867;1.0002088063625465;1.000307466579534;1.000264256563856;1.000292808258624;1.0002677510196445;1.0005049559682384;1.00030497305444;1.0002523447266818;1.000304942530355;1.0002712907581623;1.0003054971999867;1.0003055272506203;1.0002907541850405;1.0003050004979623;1.0003046664742827;1.000304995315235;1.000308007207762;1.000305092682643;1.0002708186945044;1.0002587730852657;1.0002185168786584;1.0003048397097838;1.000491258234528;1.0005107448347386;1.0002630675536546;1.0002322402479027;1.0002824956281766;0.9990226698783924;0.9985837867628364;0.9980846198423804;0.9979182916192447;1.0002719071733563;0.9977577289653549;0.9977145282607731;0.9978061509783696;0.9977831029138309;0.9977742298598765;1.0003055733013844;1.0002773867854549;1.0002602530216813;1.000286693207076;1.0003048397218106;1.024999976158142;
2016-01-24 06:30:00;1.000252059449021;1.000194200870842;1.0003092438400492;1.000256426291454;1.0002929730800842;1.0002616849630437;1.0005068532043537;1.0003053956456727;1.0002480999686205;1.0003048833729489;1.000266459088219;1.0003051449216944;1.0003051649085142;1.000288162192063;1.0003054942670557;1.0003046405837641;1.0003054774515219;1.0003099413875667;1.0003049011984833;1.000267020263403;1.000250643135273;1.0002078557284384;1.000305185572182;1.000492603855873;1.000513043033828;1.0002556624583678;1.0002231725663766;1.0002787594300528;0.9989275375468435;0.9984680963136093;0.9979369333885159;0.9977640952334987;1.0002690262114402;0.997600044813423;0.9975605334928306;0.9976456567227906;0.9976230972703336;0.9976138588285116;1.000305194061031;1.0002752124686194;1.0002524802044042;1.0002860325564367;1.0003042084801954;1.024999976158142;
2016-01-24 06:45:00;1.0002439808827535;1.0001712184614868;1.0003160771748807;1.0002474456157335;1.0002945168428716;1.0002516268358206;1.0005117235607692;1.0003072558334913;1.0002326302172213;1.000305471649686;1.000262251730037;1.000304877568666;1.0003048775847507;1.00028589720065;1.0003074080003556;1.0003067217879464;1.0003073790053774;1.0003176207195286;1.0003051119560769;1.0002607623169604;1.0002437024905455;1.0001847468354443;1.0003071427213825;1.0004972596109014;1.0005179159611173;1.0002495613150324;1.000205502078859;1.0002731549911077;0.9987043389618281;0.9981267998365303;0.9974613853474231;0.9972044618266385;1.0002629012024093;0.9968730723315172;0.9968219233387247;0.997088188099774;0.9970643473781339;0.9970554920532898;1.0003048778993355;1.0002712324139218;1.000246077720391;1.000284506571772;1.0003039414464887;1.024999976158142;
2016-01-24 07:00:00;1.0002639317885096;1.000211016760443;1.0003072252166592;1.000267476054869;1.000293759820473;1.0002712500791366;1.0004997487872458;1.0003050513581966;1.00025810387777;1.000304881677573;1.000273231027241;1.000305135920573;1.0003051559453002;1.0002911294952437;1.0003050859469775;1.0003046042266248;1.00030507765855;1.0003076580609376;1.0003049373686899;1.0002746064455306;1.0002635257389294;1.0002248214463607;1.0003049088831766;1.0004862443827964;1.0005054423013946;1.0002672270382853;1.000237712883351;1.0002844007649057;0.9987036905177726;0.9981398402373979;0.9974880220052162;0.997243028210554;1.0002739473476605;0.9969555276360963;0.9969070183944935;0.9971126884735406;0.9970815622311652;0.9970618576230366;1.000305194172988;1.0002789750842576;1.0002649872201188;1.0002891341603533;1.0003041907472678;1.024999976158142;
2016-01-24 07:15:00;1.0002600674269129;1.0002012218350593;1.0003073545687855;1.0002637188405292;1.000292021947875;1.0002673428212783;1.0005025800445653;1.0003049900939602;1.000251056901574;1.0003049124001375;1.0002697729941656;1.000305337569905;1.0003053653363343;1.0002898082037288;1.000305018377484;1.0003046281011496;1.0003050106091493;1.000307853332311;1.000305025120132;1.0002706457985115;1.0002595522028037;1.0002150095887992;1.0003048623745137;1.0004889727381305;1.0005082929201232;1.0002634576834484;1.0002296311538217;1.0002820841447693;0.9988899365331093;0.9983919684975502;0.9978259869012831;0.9976214878890267;1.000269807838886;0.9974104674461404;0.9973611880208086;0.9974929119799656;0.9974604526306471;0.9974394376788632;1.000305413989546;1.000275505068571;1.0002610804444796;1.000286636231028;1.0003043939391205;1.024999976158142;
2016-01-24 07:30:00;1.000244090786621;1.0001746297673908;1.0003123474923719;1.0002481312669227;1.0002917052497378;1.0002526457052026;1.0005111860571705;1.0003060012345035;1.0002331176817667;1.0003049876948764;1.0002608702071825;1.00030501387243;1.0003050297242622;1.000285748818925;1.0003061203068895;1.0003054610288145;1.0003060975689264;1.0003135102263105;1.000304881397693;1.0002595522202944;1.0002427699548924;1.0001869990576515;1.0003058534634075;1.0004967975484909;1.0005173764776638;1.000248441138239;1.0002065256431785;1.00027353777441;0.9989488991165572;0.9984631394454212;0.9979055067937024;0.9977004768071807;1.0002618892037964;0.997493660051028;0.9974492394127145;0.9975683217684409;0.9975345672864557;0.997513251374585;1.0003050489616379;1.0002697590221252;1.0002448912102135;1.0002823135501155;1.0003041617508899;1.024999976158142;
2016-01-24 07:45:00;1.0002599122192244;1.0002095838173317;1.0003068318565982;1.0002639321740032;1.0002934940939225;1.000269028594582;1.0005010598692738;1.000304987487558;1.0002579729050483;1.000304916500812;1.0002710372946688;1.0003053089170157;1.000305334933288;1.0002903655731865;1.000305035377213;1.000304161874145;1.0003050269007743;1.0003071823000205;1.0003050249318488;1.0002727642563456;1.000258921864933;1.0002233834753003;1.0003047448004627;1.0004871771150443;1.0005070664970828;1.0002628216041591;1.0002358985081068;1.0002830873138229;0.9988566684706783;0.9983432156412901;0.997761774434401;0.9975479902173865;1.0002737432724675;0.9973212312564635;0.9972690112442494;0.9974177824983881;0.9973858120296953;0.9973648003224372;1.0003053877193817;1.0002787535946642;1.0002603671672192;1.000288456115426;1.0003043661311775;1.024999976158142;
2016-01-24 08:00:00;1.0002593374347504;1.0002011776048076;1.0003098322803283;1.0002613928801534;1.0002931842020029;1.0002643816002084;1.000502446937258;1.000305577393531;1.0002470308564366;1.0003049308807765;1.000269563936948;1.0003049996725173;1.0003050132143034;1.0002897308722625;1.0003056510653812;1.0003050663072013;1.0003056365723575;1.000310614297043;1.0003048775339454;1.000269432462346;1.0002599521425428;1.0002119416987711;1.000305466475169;1.000488649270942;1.0005082280060684;1.0002627969430782;1.0002278021734639;1.000280511175137;0.9986702579821155;0.9980628312469862;0.9974188244803849;0.9971653617172871;1.000269426971628;0.9968537931158943;0.9967630038375307;0.9970401698572786;0.9970085353079325;0.9969881666742074;1.0003050255355255;1.0002756652598466;1.000261229279093;1.0002864635596977;1.0003042598565333;1.024999976158142;
2016-01-24 08:15:00;1.0002549848796436;1.0001926926385956;1.0003093760683288;1.0002589801892163;1.000292581967223;1.0002631243209328;1.0005026814946865;1.0003055212369676;1.0002468528956063;1.0003049305437408;1.0002674443687187;1.0003049698258664;1.0003049830073252;1.0002885741569538;1.0003055991761145;1.0003050848680863;1.0003055808973382;1.000310078222002;1.0003048777727872;1.000267922307224;1.0002542146028988;1.000207044098714;1.0003053904452175;1.0004889618738801;1.000508511280121;1.0002589670453197;1.000223051993135;1.0002796196292352;0.9986609292685897;0.9980649791981382;0.9974033222964973;0.9971473522426784;1.000268061656735;0.9968404247958066;0.9967710910490593;0.9970156458387818;0.9969825325443867;0.9969613957081598;1.0003050063398542;1.0002743822227589;1.0002560509121072;1.0002861098194245;1.0003039799398727;1.024999976158142;
2016-01-24 08:30:00;1.0002559407776666;1.0001944512243865;1.0003087717517831;1.0002602914139398;1.0002930528440042;1.0002650989879773;1.000501492631342;1.0003054388610955;1.0002512012033227;1.000304913457104;1.0002682416527249;1.0003049790738776;1.0003049923522818;1.0002886738935737;1.0003055315939775;1.0003048612781658;1.0003055112225903;1.0003093577654236;1.000304877701552;1.0002699121114695;1.00025543717112;1.0002113423316104;1.0003052835950996;1.0004877290576375;1.000507384029835;1.000260195325422;1.0002264204605116;1.0002806728428977;0.9986454425303233;0.9980270675003968;0.9973406729105299;0.9970625833579508;1.0002696124707038;0.9967031478148528;0.996631073578347;0.9969372436548538;0.9969059206956172;0.9968854540957603;1.000305020084946;1.0002755395698513;1.0002573191066169;1.0002874735217986;1.0003038135783293;1.024999976158142;
2016-01-24 08:45:00;0.9999405939190008;0.9998707967586247;1.0000000770086284;0.9999446359712818;0.9999795963468558;0.9999492487789492;1.0002027223587027;1.0000000610909197;0.9999249820499844;1.0000000560666509;0.999951564648753;1.0000000517891798;1.0000000517108936;0.9999810056561779;1.0000000614402875;0.9999994031178091;1.0000000613792148;1.000000079197099;1.0000000543760743;0.9999512694694638;0.9999390013510516;0.9998822732872159;0.9999998299933832;1.0001885383071676;1.0002087880245432;0.9999425762390985;0.9999008044141556;0.9999694520048862;0.9976294654063397;0.996683991823515;0.9957834777745223;0.9953843227443446;0.9999518185464625;0.9947810900152528;0.9945715486794051;0.9952640559913765;0.9952313567216373;0.9952105837534302;1.0000000517322276;0.9999591528922623;0.9999402080704407;0.9999720069931674;0.9999992563032615;1.024999976158142;
2016-01-24 09:00:00;0.999962455870285;0.9999209092793487;1.0000000613010889;0.9999654183654887;0.999988346303817;0.9999693072938016;1.0001925330374977;1.0000000548731058;0.9999574737805672;1.000000052540199;0.9999701938665502;1.0000000506804234;1.0000000506170097;0.9999880895072545;1.000000055123844;0.999999364846411;1.0000000550814758;1.00000006213133;1.0000000517718117;0.9999711382680239;0.9999614543333214;0.9999300725960312;0.9999998337672151;1.000178996122751;1.0001983013810214;0.9999639320481648;0.9999407069754179;0.9999814575985846;0.997730759093884;0.9968382521496263;0.9959172260354267;0.9955065042182774;0.9999719320483441;0.9948763654407862;0.9947257847385128;0.995389190202766;0.995356899555182;0.9953361239639282;1.0000000505339697;0.999976178974332;0.9999623086349392;0.9999840408036953;0.9999994139524186;1.024999976158142;
2016-01-24 09:15:00;0.999948883734052;0.9998893247342707;1.000000069484821;0.9999515970208938;0.9999823126179734;0.9999556827588981;1.0001996137035465;1.0000000579608417;0.9999348936658952;1.0000000540521792;0.9999576527278378;1.000000050887714;1.0000000508191038;0.9999834974522878;1.0000000583267719;0.999999242113025;1.0000000582674164;1.0000000709957713;1.000000052786552;0.9999578202349289;0.9999483703348484;0.9998989199952419;0.9999998159914983;1.0001854850500143;1.0002056306684888;0.9999504539835661;0.9999149716997724;0.9999733498016327;0.9978943021451899;0.9970726399733328;0.9962509001944385;0.9958971214077149;0.9999582910554421;0.9953809448616338;0.9952249189386719;0.9957779039583721;0.9957452666847012;0.9957246421095728;1.0000000508199403;0.999964644358699;0.9999491434238845;0.9999757108885838;0.999999382977041;1.024999976158142;
2016-01-24 09:30:00;0.9999424948388794;0.9998751449386701;1.0000000794994466;0.9999465399003196;0.9999802273258157;0.9999508850040912;1.000206477163216;1.0000000615631153;0.9999272524356937;1.0000000561001028;0.9999533689775287;1.000000051473544;1.0000000513972942;0.9999816553914139;1.0000000619242433;0.9999995138378331;1.0000000618544493;1.0000000819797954;1.0000000542651615;0.9999527567455332;0.9999407529719235;0.9998859684874997;0.9999998566592735;1.0001921276261727;1.0002125795108174;0.999944440011953;0.9999039243841987;0.9999704285556249;0.9979290081072195;0.9971268956296103;0.9963216772500689;0.9959807623646201;0.9999533615834456;0.9954753125480761;0.9953250016969277;0.995871370513952;0.995846193026554;0.9958356152350821;1.000000051444107;0.999960463578522;0.9999419808396675;0.9999728191312064;0.9999992984613785;1.024999976158142;
2016-01-24 09:45:00;0.9999338386714088;0.9998585445732562;1.0000000796068262;0.9999386272810619;0.999977970429746;0.9999442157608923;1.0002055919885506;1.000000062102804;0.9999190013681071;1.0000000563984426;0.9999467775992359;1.0000000516979175;1.0000000516167085;0.999979002989552;1.000000062600365;0.9999992327034928;1.0000000625192875;1.0000000819388193;1.0000000545324923;0.9999466566468695;0.999931818346017;0.999871681584043;0.9999997734673929;1.0001910880254627;1.0002118782330833;0.9999360503471795;0.9998916434030067;0.9999663920119988;0.9978153093079549;0.9969511619153307;0.996084309976859;0.9957028792142776;0.9999477776966194;0.995107139977854;0.9949448333737008;0.9956011269356044;0.9955772616125318;0.9955685735909197;1.0000000516496386;0.9999557249187115;0.9999332263497693;0.9999696571053145;0.9999991399329318;1.024999976158142;
2016-01-24 10:00:00;0.9999200302868247;0.9998354600962411;1.0000000955075172;0.9999242368306551;0.9999740893665785;0.9999318186469864;1.0002140633616978;1.000000069231714;0.9999042874528469;1.0000000599397394;0.9999354301589347;1.0000000525995965;1.0000000525107056;0.9999745545513402;1.0000000702770044;0.999998333424153;1.0000000701440162;1.000000098743861;1.0000000570581755;0.9999360523867563;0.9999192617775174;0.9998501856115308;0.9999995751076175;1.0001982371092202;1.000221103164658;0.9999222367324722;0.9998735101492359;0.9999589333548641;0.9978887832321751;0.9970834547675382;0.9962626090394072;0.9959221237065888;0.9999385669570624;0.9954105910255356;0.9952679771509341;0.9958174593583697;0.9957942262703668;0.9957851252671049;1.0000000526982684;0.99994794292289;0.9999203570678084;0.9999638474932442;0.999999029884711;1.024999976158142;
2016-01-24 10:15:00;0.9999271772900192;0.9998486626085984;1.0000000903179642;0.9999308311554077;0.9999756775358607;0.9999371327272351;1.0002111589399336;1.000000066633198;0.9999099014310572;1.0000000586552933;0.9999407038818307;1.0000000522214165;1.0000000521348107;0.9999768535664806;1.0000000674043932;0.9999986671508071;1.000000067299456;1.0000000933544222;1.0000000561234084;0.999940589217889;0.9999263158325713;0.9998607142635836;0.9999996621431758;1.0001957957042014;1.0002178942590814;0.999928998912914;0.9998825855800574;0.999962205946986;0.9978885708071091;0.9970901959708636;0.9962618981496026;0.9959197827905811;0.9999426888708666;0.9954028456670408;0.995271156338724;0.9958166367393502;0.9957930581858814;0.9957847478129502;1.000000052279248;0.9999514546658308;0.9999272749619218;0.9999660187333984;0.9999992141033184;1.024999976158142;
2016-01-24 10:30:00;0.99993353198145;0.9998601482293971;1.0000000844078518;0.9999370091419253;0.9999770853675497;0.9999420682946729;1.0002067784022093;1.0000000638792899;0.999914838046555;1.0000000573051633;0.9999455967436173;1.00000005180483;1.0000000517387508;0.9999790077881394;1.0000000643750657;0.9999990847932781;1.000000064307752;1.0000000871626666;1.0000000551646533;0.9999445961691263;0.9999321375033544;0.9998696732100854;0.9999997599625822;1.0001920533882735;1.0002131403522496;0.9999349957394794;0.9998902482760443;0.9999652537092639;0.9978494275548357;0.9970215649559127;0.996168174956423;0.9958048497999695;0.9999463693063413;0.9952463549039472;0.9951061684152329;0.9957018060791066;0.9956807173959161;0.9956720284696374;1.0000000518928143;0.9999545938399673;0.9999330813032672;0.9999679178748183;0.9999993907911288;1.024999976158142;
2016-01-24 10:45:00;0.9999289435604869;0.9998529032411756;1.000000082276259;0.999935094826857;0.9999780416992173;0.9999421474878157;1.0002047632437423;1.0000000633964579;0.9999194013092555;1.0000000572372227;0.9999446542060401;1.0000000520873678;1.0000000520111108;0.9999778616583412;1.0000000639383466;0.9999990273075425;1.0000000638492577;1.000000084785752;1.0000000552124289;0.9999450952884429;0.9999258997705275;0.999868353779876;0.999999692307701;1.0001901806117268;1.0002112245702275;0.9999314459407577;0.999888208109228;0.9999650688836864;0.9976751534019387;0.996750971584302;0.9958142225375106;0.9953944799712419;0.9999473834571314;0.9947290374201417;0.9945619488072246;0.9952892479774166;0.9952680036422791;0.9952596976577496;1.0000000520708612;0.9999553772823652;0.9999276810842419;0.9999695331192144;0.9999989816050552;1.024999976158142;
2016-01-24 11:00:00;0.9999191916408783;0.9998438128290017;1.0000000892241905;0.9999283299213246;0.9999767483306248;0.9999364476892902;1.0002064807534568;1.0000000656894599;0.9999130267119006;1.0000000586350057;0.9999407497580579;1.0000000525323478;1.0000000524557537;0.9999765536165406;1.000000066153356;0.9999993890919149;1.0000000660728736;1.0000000925211598;1.0000000562370654;0.9999386379826749;0.9999117046783336;0.999856371872583;0.9999996873332739;1.0001921619934495;1.0002129822526598;0.9999210082505806;0.9998768831500302;0.9999617987176118;0.9976962720901982;0.9967774656953726;0.9958186796782107;0.9953843014729222;0.9999445554763633;0.9947652535997894;0.9946174248109043;0.995227879736823;0.9951666580633576;0.9951062071076425;1.0000000525152286;0.9999530814928964;0.999914295512567;0.9999662759363763;0.999999181068308;1.024999976158142;
2016-01-24 11:15:00;0.9999263754972061;0.9998422751733911;1.0000000885403262;0.9999335910137164;0.9999765344079639;0.999940244282055;1.0002026670392101;1.0000000663507715;0.9999143021247996;1.0000000595071585;0.9999426092922913;1.000000053476763;1.0000000533901858;0.9999768936390108;1.0000000668166809;0.9999994805441569;1.000000066722265;1.0000000916052583;1.0000000571514551;0.9999425463572744;0.9999225269109694;0.9998594605492428;0.9999997879010374;1.000188606440731;1.000208833767509;0.9999294319967887;0.999880830919032;0.9999638677201536;0.997250414346251;0.9961161632340003;0.9949945031268045;0.9944605144278265;0.9999437883997477;0.993696619939562;0.993472908109655;0.9942702027046513;0.9941886961757077;0.9941014420470535;1.0000000534404296;0.999952302093675;0.9999247334619523;0.9999678970569406;0.9999988637393018;1.024999976158142;
2016-01-24 11:30:00;0.999914537705243;0.9998281598674459;1.0000000973066268;0.9999251828300334;0.9999760766669015;0.9999346844412365;1.0002062458092351;1.0000000702686582;0.9999124648790129;1.0000000617583205;0.9999374861762689;1.0000000544229009;1.0000000543153313;0.9999743214576118;1.0000000710082702;0.9999992943571885;1.000000070870731;1.000000100990505;1.0000000588541258;0.9999375993863402;0.9999075346909032;0.9998489563220665;0.9999996594996589;1.0001918708010316;1.0002128209754781;0.9999180435383721;0.9998705309157593;0.9999604036164459;0.9972286526303985;0.9960882542174249;0.9949345211263034;0.9943846911612231;0.9999417418920297;0.9936185654530111;0.9934109883600569;0.9941747847530181;0.9940750343151811;0.9939662955590461;1.0000000542669572;0.9999505667754615;0.9999106987875448;0.9999665441848311;0.999998613146317;1.024999976158142;
2016-01-24 11:45:00;0.9999007510043205;0.999815253596303;1.0000001090602828;0.9999147343729097;0.9999746613863989;0.999926541787168;1.0002098319366104;1.0000000752406353;0.9999055598229217;1.0000000647655567;0.9999312405698129;1.0000000556362134;1.0000000555287167;0.9999719573132443;1.000000076123115;0.9999992724860686;1.00000007597719;1.0000001137298513;1.000000061170639;0.9999294519852177;0.9998892276715633;0.9998343874736833;0.9999995534184336;1.0001952910466172;1.0002167572627838;0.9999036125897546;0.99985665056555;0.9999556284083126;0.9971524350660168;0.9959743524402405;0.9948009884855555;0.9942395661700087;0.9999382804445348;0.9934429798236625;0.993216292621099;0.9940350065568493;0.9939406152193112;0.9938371434810024;1.0000000554786435;0.999947735980287;0.9998932352820598;0.9999628500867833;0.99999872908951;1.024999976158142;
2016-01-24 12:00:00;0.9998704210409213;0.9997796395080698;1.0000001226245092;0.9998926963714275;0.9999726062111935;0.9999110241965615;1.0002177524951668;1.0000000804792004;0.9998967581503836;1.0000000674498122;0.9999174669861619;1.0000000563333467;1.0000000562118463;0.9999656661420773;1.0000000818125663;0.9999989364720699;1.0000000815955894;1.0000001284135032;1.0000000630079797;0.9999149150206135;0.9998503973863744;0.9998045511720376;0.9999992555573386;1.0002026086600173;1.0002255985524564;0.9998737052197966;0.9998279409456804;0.99994617141542;0.9974007547329016;0.9963433312883336;0.9952628945319202;0.9947600566656902;0.9999316273384493;0.9940515257234563;0.9938661661379138;0.9945734743515069;0.9944906807065076;0.9944021772068342;1.0000000559930688;0.9999421544893157;0.999856669777925;0.9999577415576172;0.9999983278206283;1.024999976158142;
2016-01-24 12:15:00;0.9998921807523602;0.9998044575018539;1.0000001071850921;0.9999078688151511;0.9999736577286206;0.9999213841040636;1.0002119639167968;1.0000000737234038;0.9999014721152297;1.0000000634636457;0.999926568885615;1.0000000546457384;1.0000000545447205;0.9999700103470905;1.0000000746290916;0.9999990522601697;1.0000000744746351;1.0000001117953297;1.000000059971336;0.9999247126035193;0.9998789108221223;0.999824818613893;0.999999451668125;1.0001971478552087;1.0002191858627558;0.9998950371529381;0.9998477798238387;0.999952524436642;0.9974627613840958;0.9964309061478147;0.9953590736103868;0.9948581506540484;0.9999355526817417;0.9941483666524952;0.9939790797915351;0.9946749764967259;0.9945931941212179;0.9945054710323304;1.0000000544934673;0.9999454442442608;0.9998833492418837;0.9999608593676671;0.9999986422318504;1.024999976158142;
2016-01-24 12:30:00;0.9998947259180472;0.9997907592443432;1.0000001335689477;0.9999066995067514;0.9999690551732676;0.9999169957447364;1.0002158898755076;1.0000000849967823;0.9998852106477403;1.0000000706870398;0.9999224152794934;1.0000000578238724;1.0000000576950079;0.9999687261837168;1.000000085855629;0.9999993751806514;1.0000000856860451;1.0000001402765373;1.0000000656951342;0.9999199155298012;0.9998858664204101;0.9998101813303837;0.9999996519350208;1.0002009518594592;1.0002227729323363;0.9998979721497536;0.9998377815439843;0.9999499157274057;0.9970149075279258;0.9957812578585115;0.9945583999161326;0.9939736626602311;0.9999259188208411;0.9931275962232998;0.9928862391442248;0.993771805599651;0.9936796084084731;0.9935802771055267;1.0000000579290895;0.9999372480120138;0.9998893812527041;0.9999559345863859;0.9999987107127075;1.024999976158142;
2016-01-24 12:45:00;0.9999101726479925;0.999808521969821;1.000000110637733;0.9999197022795894;0.9999716647691188;0.9999277717152646;1.0002081065585133;1.000000076051715;0.9998964471236571;1.0000000656486494;0.9999309743959834;1.000000056287493;1.0000000561738296;0.9999720269057005;1.0000000767054509;0.9999995834395718;1.0000000765652073;1.0000001154264737;1.0000000620132714;0.999930258829205;0.9999046078552974;0.999829391532715;0.9999997733287105;1.0001937968496604;1.0002144708073823;0.9999139786346977;0.9998551632724199;0.9999562914087486;0.9968982318043009;0.9956392899474522;0.9943826067332944;0.9937904742368663;0.9999320559893594;0.9929086476004549;0.9926681927188994;0.9936031772435071;0.9935205371676449;0.9934324986838287;1.0000000562918876;0.9999423502349953;0.9999075445099886;0.9999611387830121;0.999998611259236;1.024999976158142;
2016-01-24 13:00:00;0.9999089443700063;0.9997924657838994;1.000000099313088;0.9999183686712344;0.9999702992433511;0.999926780103021;1.0002048411062094;1.0000000716716777;0.9998938263170889;1.0000000630089383;0.9999277065493892;1.0000000553747859;1.000000055262929;0.99997004815072;1.0000000724051101;0.9999994485666265;1.0000000722347286;1.000000103045216;1.0000000600125913;0.9999298861493716;0.9999058059603946;0.9998217178715775;0.9999997747405287;1.0001906120551136;1.00021111165032;0.9999145001595842;0.999849360888992;0.999955390011637;0.9969179419051788;0.9956757124053449;0.9944260657907695;0.9938409442260814;0.9999278958970564;0.9929750203909095;0.9927441637408929;0.9936521349447274;0.9935706770040545;0.993483190799173;1.0000000552686032;0.9999386668347966;0.9999088691399719;0.9999611404644613;0.9999980314785901;1.024999976158142;
2016-01-24 13:15:00;0.9999270875125684;0.9998652211753237;1.0000000781381064;0.9999353852254127;0.9999813218729958;0.9999447091709012;1.0001961754457647;1.0000000632892816;0.9999304530446561;1.0000000576563879;0.9999475742634965;1.0000000531355744;1.0000000530480069;0.9999789169072216;1.000000064037568;0.9999986817077016;1.0000000639393467;1.0000000800011877;1.0000000558508588;0.9999480878425118;0.999921074338399;0.9998796593280365;0.999999533719293;1.0001819654299007;1.000202783742616;0.9999289309991491;0.9998960859905076;0.9999666490112175;0.9971350366315616;0.9959729473964771;0.9947902740402272;0.9942320139087852;0.9999544511860854;0.9934306166934528;0.993223748587073;0.9940349561060206;0.9939439397092498;0.9938453291530892;1.0000000529313195;0.9999614245355992;0.9999233092769836;0.9999726999910624;0.9999990517531712;1.024999976158142;
2016-01-24 13:30:00;0.9998988856191101;0.9998279484721609;1.0000001081875454;0.9999074099096878;0.9999773256254065;0.9999237027621579;1.0002118375361242;1.0000000798674045;0.9999156446665106;1.0000000660032002;0.9999275188073458;1.0000000560182423;1.0000000558938922;0.9999702501117437;1.0000000825792046;0.9999960954206729;1.0000000822875967;1.00000011085118;1.00000006209437;0.9999323163636066;0.9998950224339083;0.9998505475095202;0.999998917057861;1.0001944586411262;1.0002204723165364;0.9999012660912766;0.9998703042971083;0.999953770570941;0.9971257926839853;0.9959428657405763;0.9947363836983423;0.9941601821987615;0.9999433840960796;0.9932763512098595;0.9930675673712122;0.9939954896892966;0.9939305586815499;0.9938665939574166;1.0000000560146185;0.9999520323902175;0.999896950348095;0.9999660941989941;0.9999984862605438;1.024999976158142;
2016-01-24 13:45:00;0.9998606859838474;0.9997571263020284;1.000000145607424;0.9998709014433931;0.999964779819557;0.9998901320614518;1.0002255316521524;1.0000000965558786;0.9998673678770407;1.000000074788424;0.999897523432082;1.000000058627168;1.0000000584956226;0.9999590674598152;1.0000001002750858;0.9999954399543535;1.0000000999116299;1.000000150550893;1.0000000685337214;0.9999000332964537;0.999854975565395;0.999780014754593;0.9999987190610898;1.0002067302117463;1.000235067466538;0.9998626976920155;0.9998105400991272;0.9999338029259535;0.9972520409479493;0.9961353736912125;0.9950184575736094;0.9945014249191075;0.9999145810702982;0.9936695292920543;0.9934577564445977;0.9943801480280403;0.9943483858541285;0.9943259057190255;1.0000000589668232;0.9999277552077748;0.9998572039110033;0.9999473213444443;0.9999984706877679;1.024999976158142;
2016-01-24 14:00:00;0.9999054637561333;0.9998111676185925;1.00000010420975;0.9999156051970344;0.9999743779935166;0.9999275630252649;1.0002134996854024;1.000000073654083;0.9999071881931217;1.0000000630656032;0.999929801284761;1.0000000544123657;1.0000000543063436;0.9999707449360402;1.0000000749262172;0.9999982387433484;1.0000000747158277;1.000000108019413;1.000000059655843;0.9999327312611832;0.999900807354245;0.9998379596257279;0.9999994345585937;1.0001977506514579;1.0002208542231157;0.9999098225456615;0.999861251606324;0.999955909887731;0.9974591843104167;0.9964227160455659;0.9953937163616469;0.9949167112763598;0.9999368268841919;0.9941487057271948;0.9939470243584229;0.9948051724367087;0.9947748339820837;0.9947538188799918;1.0000000543765748;0.9999463310015592;0.9999037484359786;0.9999646180740415;0.9999981967881046;1.024999976158142;
2016-01-24 14:15:00;0.9999023439202095;0.9998082284166995;1.0000001120586974;0.9999138265657469;0.9999733157352108;0.9999252780208143;1.00021256668536;1.0000000773132296;0.9999020762282843;1.0000000660421378;0.9999287890175995;1.0000000563397322;1.0000000562163425;0.9999707299914663;1.0000000784032106;0.9999987780084618;1.000000078193856;1.0000001165981902;1.0000000622406615;0.9999292945950577;0.9998950270959642;0.9998313320957258;0.9999995206807086;1.000197359304865;1.0002196753327075;0.9999060591556009;0.9998552788055278;0.9999547101130912;0.9970204634362153;0.9957947260396891;0.9946237463006768;0.9940711484782443;0.9999349076917364;0.9931639061464622;0.9928948714484906;0.9939539083213603;0.9939238565795552;0.9939039000560882;1.0000000562744795;0.9999447829451378;0.9998983600415782;0.9999623392713717;0.9999984508604038;1.024999976158142;
2016-01-24 14:30:00;0.9998998727881679;0.9997975646871702;1.0000001156329728;0.9999097555968848;0.9999713725529433;0.9999213294636669;1.0002160266980884;1.0000000785517527;0.9998956978308585;1.0000000659488468;0.9999244277332053;1.0000000555411304;1.0000000554176907;0.999968875482501;1.0000000799516262;0.9999983356386115;1.0000000797213375;1.0000001202814428;1.0000000618622118;0.9999263426083091;0.9998953036733508;0.9998233437840285;0.9999994681284736;1.000200173329712;1.000223380985117;0.9999041186328907;0.9998493002848847;0.9999522368238163;0.997348953146244;0.9962671917068061;0.995204435521611;0.9947113099712399;0.999930246768509;0.993915954177892;0.9936980542684263;0.9945969558738517;0.9945651902789562;0.9945444312352881;1.0000000555618882;0.9999407843175221;0.9998981768343972;0.999960382584244;0.9999982670012547;1.024999976158142;
2016-01-24 14:45:00;0.9998874573935396;0.9997682653236405;1.0000001169927573;0.9998989045773032;0.9999676014899267;0.9999119554744347;1.0002167480427466;1.00000007953797;0.9998826642546557;1.0000000663494886;0.999914655229952;1.0000000556504773;1.000000055528417;0.9999646452888483;1.0000000812129457;0.9999982010182462;1.000000080934134;1.0000001215432976;1.000000062143328;0.9999175021875512;0.9998825684164856;0.9997997515466324;0.9999994147282206;1.0002007539173976;1.0002242558381738;0.9998927461592657;0.9998292887142247;0.9999464542638535;0.9973572792583537;0.9962845600690772;0.9952304817620684;0.9947451419506649;0.9999207637439547;0.9939673581821761;0.9937514294590333;0.9946291701680892;0.9945990687240231;0.9945784679232024;1.0000000556658564;0.9999326880144521;0.9998859536755489;0.9999557414305426;0.9999978720790227;1.024999976158142;
2016-01-24 15:00:00;0.9999058585124219;0.9998119130769494;1.0000001103069576;0.9999144842714446;0.9999722105869082;0.9999244801562582;1.0002137923405738;1.0000000759281533;0.9998975164356892;1.0000000645929001;0.9999284634761323;1.0000000550583168;1.0000000549496253;0.9999711819013135;1.0000000770314708;0.9999985834572915;1.000000076852945;1.000000114752567;1.0000000608678787;0.9999286261448371;0.9999010483080202;0.999831405548917;0.9999995375026018;1.0001982829968994;1.0002209063438185;0.9999089164675002;0.999856332085354;0.9999543778761492;0.9973253218731866;0.9962421793429618;0.9951947826014191;0.9947147624940786;0.9999332009851604;0.9939474839974463;0.9937181173920928;0.9945987073171282;0.9945679886296828;0.9945474618281327;1.0000000551067263;0.9999433759242243;0.9999034891496185;0.9999608673165498;0.9999987010961449;1.024999976158142;
2016-01-24 15:15:00;0.9999099507890825;0.9998187764212373;1.0000001137693768;0.999918235696282;0.9999731625242555;0.99992760283823;1.0002121408796345;1.0000000784209646;0.9999010950229037;1.00000006674623;0.9999314106875566;1.000000056586449;1.0000000564927465;0.9999723582953767;1.0000000795045993;0.9999987385032711;1.0000000793209396;1.0000001183630665;1.0000000628418775;0.999931450283168;0.999905354061491;0.9998375457930689;0.999999585666967;1.0001968583665053;1.0002190973449478;0.9999129647008617;0.9998616642613773;0.9999562598979055;0.9969531245586053;0.9956862203813459;0.9944504408104048;0.9938551390807916;0.9999355338603639;0.9928556600934101;0.9925946127273544;0.9937439526639854;0.9937165092122034;0.9936933277350036;1.000000056722173;0.9999453493817617;0.9999077236544368;0.999962312347055;0.9999987520360184;1.024999976158142;
2016-01-24 15:30:00;0.9999011095184857;0.9998059915337497;1.000000108764694;0.9999125972983314;0.9999741141883826;0.9999254721077447;1.0002142287670313;1.0000000763019135;0.9999060328597273;1.0000000648610297;0.9999279590060107;1.000000055386411;1.0000000552951034;0.9999698757060665;1.0000000777506963;0.9999982425481693;1.0000000775101845;1.000000112779884;1.000000061166062;0.9999307001070236;0.9998950550963854;0.9998336486819855;0.9999994021669738;1.0001984633644276;1.0002216834667237;0.9999055546980761;0.9998570724265781;0.9999546312495284;0.9972377546485504;0.9961211933815924;0.9950267699200731;0.9945231140690642;0.9999359269649204;0.993698800517501;0.9934721570622257;0.9944144945632593;0.9943890772203663;0.994366669507156;1.000000055395622;0.9999455762504462;0.9998983750942648;0.9999639322111027;0.9999981362417703;1.024999976158142;
2016-01-24 15:45:00;0.999890700971802;0.9997714888332272;1.0000001186110083;0.9999030531316124;0.9999698550720848;0.999916965343699;1.000217303476133;1.0000000801036963;0.9998926897923933;1.0000000669928342;0.9999180580004537;1.0000000560578404;1.000000055944632;0.9999650821577837;1.0000000817245367;0.9999981270006822;1.0000000814012797;1.0000001233383473;1.0000000627081598;0.9999230558093707;0.9998864171239178;0.9998090426083494;0.9999993970103516;1.0002012167591006;1.0002248678211134;0.9998972630424748;0.9998369487252842;0.9999491662217599;0.997273820803135;0.9961478654853025;0.9950870242334439;0.994590881739919;0.9999249198944665;0.9937749093025806;0.9935179407695007;0.9944865835837441;0.994461837098296;0.9944413124905818;1.000000056089952;0.999936092265293;0.9998901804751628;0.9999598218776281;0.9999974508455948;1.024999976158142;
2016-01-24 16:00:00;0.9998762734313592;0.9997573870304757;1.0000001304491253;0.9998921572910858;0.9999681636316627;0.9999082901443022;1.0002210509998049;1.0000000844199761;0.9998846511977294;1.0000000693746438;0.9999114576383852;1.0000000566649236;1.000000056556476;0.9999626160665677;1.0000000861057243;0.9999981877057058;1.0000000857821765;1.0000001362571838;1.0000000644069376;0.9999142052864022;0.9998671275569535;0.9997929179199532;0.9999993049197374;1.0002048597651423;1.000228931542635;0.999882129451083;0.9998217360540174;0.9999440894943035;0.9973499328332324;0.9962811638639592;0.9952692901242643;0.9948132377079613;0.9999208905378728;0.994078270726203;0.993837582374095;0.9947070725937884;0.9946819958308442;0.9946600340120397;1.000000056757761;0.9999327884387346;0.9998717974310459;0.999955665030571;0.9999975920176932;1.024999976158142;
2016-01-24 16:15:00;0.9998921220009512;0.9997859191019218;1.000000120883233;0.9999048579081862;0.9999703604870906;0.9999174961470501;1.0002193252226632;1.000000079651846;0.9998916763981011;1.000000066639658;0.999921185512768;1.0000000554943589;1.0000000554008457;0.9999673661382156;1.0000000809037286;0.999998679533588;1.0000000806681337;1.000000126293411;1.0000000622897904;0.9999220202517051;0.9998844273364489;0.9998129250690982;0.9999994799564212;1.0002035957985087;1.0002267214901392;0.999896604910051;0.999839641061959;0.9999499072331915;0.9974758784139818;0.9964422961198334;0.9954798267338476;0.9950405776202426;0.99992754248683;0.9943339954333862;0.9940904861778244;0.9949374319226509;0.9949128168399494;0.9948920505290211;1.0000000555886464;0.9999385068491063;0.9998881665135901;0.9999585069263391;0.9999981811719089;1.024999976158142;
2016-01-24 16:30:00;0.9999048770597126;0.999810925112321;1.0000001088278632;0.9999154927869255;0.9999738172484891;0.999926839940383;1.0002160012545207;1.0000000749833486;0.9999044632014356;1.0000000639517466;0.999929855859157;1.0000000546051055;1.0000000545202636;0.9999709901514947;1.0000000761288415;0.9999985976066997;1.0000000759218683;1.0000001132213594;1.0000000603038657;0.9999312787339111;0.9998989837373322;0.9998352580567609;0.9999995034694807;1.0002003903511294;1.0002232480676347;0.9999088695802245;0.9998589069576332;0.999955573024417;0.9974440716576569;0.9964476011470773;0.9954949729747322;0.9950860552785193;0.9999359364470499;0.994444995793681;0.9942265697094564;0.9949786042552181;0.9949543292730709;0.9949337211022163;1.0000000546578198;0.9999456203385267;0.9999020757452186;0.9999634559113605;0.9999983648747;1.024999976158142;
2016-01-24 16:45:00;0.9998820345288693;0.9997803690348477;1.0000001240176035;0.9998964822571499;0.9999709785562292;0.9999125671429063;1.0002226773142686;1.0000000820929127;0.9998934398796673;1.000000067393541;0.9999167149867738;1.000000055499229;1.0000000554024873;0.9999652517539818;1.0000000839875154;0.9999977933752934;1.000000083697776;1.0000001291096392;1.0000000627361691;0.9999187887683034;0.999872889363368;0.9998096868262546;0.9999992149620978;1.0002060484017556;1.0002308277851275;0.9998864084102044;0.9998355144684938;0.9999468727978075;0.9976093601704522;0.9966667620118519;0.9957598655731235;0.9953680074157348;0.9999280643418373;0.9947679661141307;0.9945652167617336;0.9952552900671151;0.9952300062231971;0.99520860218274;1.00000005560585;0.999938971614102;0.9998769433399328;0.9999582805127002;0.9999980208552857;1.024999976158142;
2016-01-24 17:00:00;0.9998689740539211;0.9997478534295346;1.000000150726525;0.999884636697128;0.9999657900946678;0.9999011714865333;1.0002303462492776;1.000000092453259;0.9998747566802945;1.000000073235315;0.9999060229120833;1.0000000572851715;1.000000057170556;0.9999607421119442;1.0000000945864425;0.9999979952675148;1.0000000942416105;1.0000001579846503;1.0000000669998246;0.999907458504837;0.9998594737807655;0.9997807836792916;0.9999992594800045;1.0002133641955036;1.0002386166589967;0.9998742600656735;0.9998114654570098;0.9999399173294102;0.9976813646197759;0.9967599364953902;0.9958668303973977;0.9954787245332217;0.9999158010337904;0.994892716970392;0.9946988578550789;0.9953614267215294;0.9953354188991556;0.9953140859988648;1.0000000575365289;0.9999285509492248;0.9998639896158927;0.9999515638930763;0.9999977734656086;1.024999976158142;
2016-01-24 17:15:00;0.9998730492534691;0.9997255862651004;1.0000001532354172;0.9998872189034016;0.9999629024468367;0.9999018983000543;1.0002296925077718;1.0000000930455144;0.9998681572080484;1.0000000740833157;0.9999035216590306;1.0000000579055535;1.0000000577738917;0.9999587478670603;1.0000000949662342;0.9999983928176623;1.0000000945635448;1.0000001608667293;1.0000000677535321;0.9999082110284503;0.9998685636686869;0.9997697884618159;0.999999457252223;1.0002129835618938;1.0002374721370306;0.9998812251372641;0.9998043277443355;0.9999398898155427;0.9975164935537141;0.9965177911570783;0.9955605129002227;0.995134524480843;0.999908235304359;0.9944911888852062;0.9942739603184053;0.9950058665345646;0.9949804158986962;0.9949592374333591;1.0000000581412305;0.9999218822630387;0.9998730393371205;0.9999511537859335;0.9999969953903204;1.024999976158142;
2016-01-24 17:30:00;0.9998769378647635;0.9997759012473977;1.0000001384318298;0.99989086352188;0.9999686626944708;0.9999064860654848;1.000225165025231;1.0000000884292555;0.9998830126659786;1.0000000713115005;0.9999126794226791;1.0000000571829328;1.00000005707564;0.9999644316643702;1.0000000904124187;0.9999978251459412;1.0000000901386346;1.0000001446646893;1.0000000658092654;0.999912350062777;0.9998668101908893;0.9997992217054399;0.9999992176295375;1.000208398367599;1.0002333893570778;0.9998800694152671;0.9998266892248032;0.9999434957467201;0.9974436195465336;0.9963938546900509;0.99537004552944;0.9948959698093252;0.9999236685829267;0.9941617041088658;0.9939451459291895;0.9947652937838308;0.9947387016706871;0.9947167385975973;1.0000000573457657;0.9999353732090128;0.9998705861582804;0.9999538875499616;0.9999984373142183;1.024999976158142;
2016-01-24 17:45:00;0.9997932255909446;0.9996988995109641;1.000000258683416;0.9998235755700041;0.9999638064188812;0.9998585689053312;1.0002497691723118;1.0000001473687972;0.9998588313659528;1.0000001039671833;0.9998725897479742;1.000000069519914;1.0000000693478255;0.9999470347894178;1.0000001540956471;0.999994703137338;1.0000001534258751;1.0000002711442617;1.000000090570095;0.9998708807513722;0.9997652301768339;0.9997291529754357;0.9999980208882927;1.000229223296613;1.0002617046984223;0.9997950823095002;0.9997583459902993;0.9999145860889798;0.9972233858361584;0.9960876412621197;0.9949382278971706;0.994405506927062;0.9999082009954875;0.9935535817548833;0.9933470725869066;0.994276990988349;0.994252029076139;0.994231814406081;1.000000069767072;0.9999226117726687;0.9997728594197851;0.9999387647581903;0.9999979687004806;1.024999976158142;
2016-01-24 18:00:00;0.9997075031635976;0.9996262905918749;1.0000004213468825;0.9997605514603125;0.9999601946225074;0.9998140370932397;1.0002721740406482;1.0000002220849238;0.9998372434763221;1.0000001466911395;0.9998379439964097;1.0000000852111735;1.0000000849984152;0.9999318553796871;1.0000002336813074;0.9999935787304743;1.0000002326785196;1.0000004442303554;1.000000122781056;0.9998291053762265;0.9996524903451838;0.9996581310036968;0.9999971422495645;1.0002497687442369;1.000286954714231;0.9997074642815015;0.9996873821906735;0.9998879017144309;0.9973017843889059;0.9961723369635008;0.995072127462049;0.9945590819617481;0.9998960013339108;0.9937363494325706;0.9935025173051285;0.9944368626977663;0.9944141472938435;0.994395024480516;1.0000000851722861;0.9999127463000531;0.9996659650095866;0.9999237704659012;0.9999978742235995;1.024999976158142;
2016-01-24 18:15:00;0.999808557731226;0.9996484573034679;1.0000002580654885;0.9998376398978656;0.9999584703819886;0.9998671499421122;1.0002484172772776;1.0000001433270853;0.9998501915290953;1.0000001035138142;0.9998722916148357;1.000000070073203;1.0000000698531883;0.9999438632418821;1.0000001487597914;0.9999966890550345;1.0000001478334692;1.000000271474535;1.0000000904653679;0.9998779432490793;0.9997906630564332;0.9997090504716923;0.9999987039832142;1.000229378525636;1.0002586373002866;0.999818432281151;0.9997464180305413;0.9999184495925462;0.99700942425552;0.995767310540104;0.9945329580185617;0.9939467691726397;0.9998932951253647;0.9929828594411574;0.9927419384099256;0.993823442831525;0.9938011658770466;0.9937818960495286;1.0000000702949339;0.9999092745941381;0.9997991339755115;0.9999409386777699;0.999995867840784;1.024999976158142;
2016-01-24 18:30:00;0.9997845251327703;0.999548659908071;1.0000003502270765;0.9998222621215542;0.9999518222411486;0.9998566784030745;1.0002638992043318;1.0000001814097186;0.999837387329619;1.0000001265315785;0.9998539701046399;1.0000000788996142;1.00000007849329;0.9999308629791047;1.0000001890125725;0.9999973948712474;1.0000001872042867;1.0000003698147455;1.0000001076919347;0.9998697875987662;0.9997696219959573;0.9996565550263625;0.9999988839441061;1.0002443733403847;1.0002741795271226;0.999804976990541;0.999702969052925;0.9999101462737832;0.9970507269114448;0.9958066354488082;0.9945641045102545;0.9939663144959439;0.9998712513689353;0.9929873814643752;0.9927502571064434;0.9938377784836402;0.9938132084354911;0.9937933081719861;1.0000000786704444;0.999889804283396;0.9997817261386266;0.9999397652926919;0.9999925943434602;1.024999976158142;
2016-01-24 18:45:00;0.9998041362402365;0.9997023473556306;1.0000002430436508;0.9998302164476719;0.9999642799374409;0.999863883501613;1.0002459214876929;1.0000001452049736;0.999863344635216;1.0000001021791411;0.9998749822756324;1.0000000693975368;1.000000069233337;0.999947555787452;1.000000152936396;0.999994123926014;1.0000001521756599;1.0000002529298315;1.0000000894929715;0.9998775338958824;0.9997830015758028;0.9997386721315326;0.9999980213070734;1.000225026817858;1.0002577915236537;0.9998073638289388;0.9997682965770933;0.9999174950649599;0.9970029149537889;0.9957394876762978;0.9945301235975803;0.9939494083633131;0.9999088974562194;0.9930015314993975;0.9927258922164609;0.9938224274216555;0.9937986892274803;0.9937779462052955;1.0000000697884828;0.9999230280261513;0.9997895129508573;0.999941898053248;0.9999975508198651;1.024999976158142;
2016-01-24 19:00:00;0.9998615057862498;0.9997444646963219;1.0000001600063846;0.9998747285738298;0.9999648895694526;0.9998937420313978;1.0002266172413425;1.0000001031535402;0.9998704264665688;1.0000000800407698;0.9998991312392782;1.000000061767337;1.0000000616386922;0.9999584309744315;1.0000001068302649;0.9999963792724388;1.0000001063548367;1.000000166177298;1.0000000730021796;0.9999026950220655;0.9998547342083992;0.9997765246013621;0.999998919286273;1.0002085291084477;1.000235685415075;0.9998658907910303;0.9998076663130763;0.9999355539439417;0.9967950850420007;0.995489671482683;0.9942293136248905;0.9936406457095439;0.9999135787080605;0.9926798053910492;0.9924021705188988;0.993511915591545;0.9934891663509382;0.993469113815518;1.0000000620662655;0.9999267278476627;0.9998582013731351;0.9999493885482071;0.9999978348491867;1.024999976158142;
2016-01-24 19:15:00;0.999859383531442;0.9997508491132505;1.0000001696491563;0.9998791255692986;0.9999670060930056;0.9998979612380016;1.0002284247789852;1.0000001032810235;0.9998765971687111;1.0000000814070107;0.9999050997631767;1.0000000625105074;1.0000000623740923;0.9999606862772575;1.000000105637935;0.9999981481284324;1.0000001052799454;1.0000001781747112;1.0000000740792938;0.9999036894539829;0.9998434917745194;0.9997787922418874;0.9999991641627953;1.000211823133871;1.0002368723464383;0.9998632845473658;0.9998074996711961;0.9999382234632346;0.9968601917013609;0.9955473732861235;0.9942028669620594;0.9935469239347828;0.9999186217633727;0.9924491772771259;0.9922212133555265;0.9934219949021651;0.9933970001273772;0.9933764242652041;1.0000000625694836;0.9999311034856168;0.9998490005958474;0.9999506757898463;0.9999981220325471;1.024999976158142;
2016-01-24 19:30:00;0.9998836542981842;0.9997773415241531;1.00000013636555;0.9998999317281613;0.9999711385289389;0.9999152571811307;1.0002187237903113;1.0000000890409766;0.9998947562303807;1.0000000734474497;0.9999188456326138;1.0000000598358612;1.0000000597155583;0.9999657416610568;1.0000000907193394;0.9999985901167705;1.0000000904004127;1.00000014243627;1.0000000681725632;0.9999202546718328;0.9998728565295903;0.9998087536540609;0.9999993804832741;1.0002030346486068;1.0002263572533865;0.9998887775900139;0.9998346674726386;0.9999483915487779;0.9967109000710472;0.9953787028475278;0.9940504136267104;0.9934260773118686;0.9999281884034024;0.9923942912952181;0.9921389406863474;0.9932982428780484;0.9932744149401052;0.9932534315870528;1.0000000598436838;0.9999390290326139;0.9998776267391116;0.9999591086184547;0.9999978792973164;1.024999976158142;
2016-01-24 19:45:00;0.9998818471182801;0.9997510815168054;1.0000001366248985;0.9998978674553108;0.9999682974688217;0.9999129677831837;1.0002237396326659;1.0000000871171033;0.9998879265430357;1.000000071202573;0.9999138832051853;1.0000000575788797;1.0000000574555474;0.9999625750796918;1.0000000889073701;0.9999986846803757;1.0000000885180267;1.0000001429039445;1.0000000658572834;0.9999186296766349;0.999874781515366;0.9997944869653432;0.9999994665747705;1.0002077270704475;1.0002313054202099;0.9998897895111097;0.9998240044458165;0.9999465165354842;0.9972816755650412;0.9961762509784561;0.9950841758549748;0.9945795154226034;0.9999203503615154;0.9937794099058134;0.9935607010667694;0.9944530235492869;0.9944301126859216;0.994410451639891;1.0000000576055539;0.9999321502610128;0.9998797971926191;0.9999581075262267;0.9999970474497312;1.024999976158142;
2016-01-24 20:00:00;0.999876967931735;0.999757195923112;1.000000132575201;0.9998945008302225;0.999970043701537;0.9999118463650105;1.0002221523233572;1.0000000870239072;0.9998930419375331;1.000000071228556;0.999913573784508;1.000000058086775;1.0000000579563832;0.999962584601043;1.0000000891119516;0.999998180664387;1.0000000887232765;1.0000001381245287;1.0000000660685169;0.999918186849384;0.9998674664858223;0.9997987238969942;0.9999992829916221;1.0002058962271743;1.0002301226108286;0.9998840310182829;0.9998261539334268;0.9999459443553295;0.9971195467571917;0.9959344002011493;0.9947678066767646;0.9942173934271898;0.9999241238996656;0.9933206652470604;0.9930833395042509;0.994095884775901;0.9940712355215096;0.9940509512186386;1.0000000580283086;0.9999354268792542;0.9998727214484298;0.9999590027717853;0.9999971786262577;1.024999976158142;
2016-01-24 20:15:00;0.9998658494005707;0.9997176666577331;1.0000001664330032;0.9998841714546645;0.9999637087206543;0.9999009064500533;1.0002282053613105;1.0000001004455559;0.9998712956967141;1.0000000797802528;0.9999024615771356;1.0000000615677491;1.0000000614198383;0.9999576799625061;1.0000001025234886;0.99999870511519;1.0000001020629277;1.0000001749291658;1.0000000726934675;0.9999069419556276;0.999857321298074;0.9997656255811742;0.9999994379941611;1.0002119389212483;1.000235985932917;0.9998746787214962;0.9997993436418404;0.9999391488144336;0.9969138511023813;0.9956602103596452;0.9943836267612295;0.993783788275942;0.9999090966618656;0.9927952177265722;0.9925725888196676;0.9936591019677936;0.9936352870881165;0.9936144427147952;1.0000000616837363;0.9999225917997273;0.9998630613478141;0.9999518436420847;0.9999967392512109;1.024999976158142;
2016-01-24 20:30:00;0.999888173345341;0.9997596687210175;1.0000001328896215;0.9999024807594608;0.9999687445058669;0.9999161406437511;1.0002228833399944;1.0000000848588952;0.999889583222426;1.0000000698551617;0.9999169550645225;1.0000000568676282;1.0000000567518832;0.9999640383515416;1.0000000864237142;0.9999987841525441;1.0000000860519487;1.000000139061302;1.000000064762415;0.9999214929166926;0.9998826301814195;0.9998009769246391;0.999999531191411;1.000206973200808;1.0002302663271296;0.99989585802304;0.9998301725064939;0.999948485517704;0.9973930845070792;0.9963207693160611;0.9952349440873683;0.9947244792315921;0.9999219007735984;0.9939100321954766;0.9937154735425314;0.9946000422988224;0.994576347374023;0.9945549574130934;1.0000000569336385;0.999933467737739;0.9998871644062266;0.9999590219776512;0.9999971895091603;1.024999976158142;
2016-01-24 20:45:00;0.9998859894198587;0.9997620964444345;1.0000001213934764;0.9999031992173734;0.9999728490298058;0.9999206676721052;1.0002209315977582;1.0000000816146841;0.9999066322782643;1.0000000678845515;0.9999191916626289;1.0000000565827492;1.0000000564461677;0.9999635606589816;1.0000000836141973;0.9999980805318762;1.0000000831782196;1.000000126178579;1.0000000633741584;0.9999277651946026;0.9998795879270275;0.9998133039747834;0.9999993049870216;1.0002046387897443;1.000228808754952;0.9998952110675892;0.9998390475823352;0.9999507794993582;0.99731414371742;0.9962272129428822;0.9951489073201529;0.9946533452844606;0.9999292358231864;0.9938732416354203;0.9936611235388672;0.9945253249615147;0.9945014476966214;0.9944819441738693;1.0000000563644473;0.999939543010448;0.9998849695113238;0.9999651727102216;0.9999965047005824;1.024999976158142;
2016-01-24 21:00:00;0.9998949325948744;0.9998035186318373;1.0000001105495426;0.9999123364142852;0.9999769970655363;0.9999280806855547;1.0002159639404347;1.0000000769031783;0.9999171837534278;1.0000000655436148;0.999930068599528;1.0000000559752757;1.000000055874501;0.9999696129295153;1.000000078367067;0.9999986998130903;1.0000000780944438;1.0000001148683908;1.0000000617562022;0.9999329059279257;0.9998831927421752;0.9998368111639389;0.9999993711216091;1.00020058513394;1.0002235085479108;0.9999003915042494;0.9998575374365933;0.9999559409400245;0.9972231701810116;0.9960790631293541;0.994925134496033;0.9943770400002828;0.9999410517986554;0.9934861408420363;0.9932755224814706;0.9942546422504458;0.9942309535211481;0.9942105070618035;1.000000055752135;0.9999498705499769;0.9998883286885075;0.999967414871602;0.9999977463190103;1.024999976158142;
2016-01-24 21:15:00;0.999870400916554;0.9997538586760578;1.000000126057316;0.9998934042835694;0.9999733852343073;0.9999145103530576;1.0002255090161782;1.0000000829677615;0.999906581146064;1.0000000683751327;0.9999150453564211;1.000000056443716;1.0000000563074225;0.9999617426884929;1.0000000851669895;0.9999981756678241;1.0000000846980899;1.0000001313242395;1.0000000635682127;0.9999213914659196;0.9998565899140606;0.9998039052351012;0.9999991559141641;1.0002091442087122;1.0002338457959135;0.999878928020747;0.9998283494243182;0.9999471657663225;0.997557539326839;0.9965804997100582;0.99560896918201;0.9951750683333994;0.9999298076841487;0.9945132779090048;0.9943240697924821;0.9950484635897545;0.9950243622994733;0.995003752675669;1.0000000560959743;0.9999401443978769;0.9998635082099712;0.9999635020402298;0.9999965804409356;1.024999976158142;
2016-01-24 21:30:00;0.9998809538582147;0.9997645756394951;1.0000001274454773;0.9998995742276382;0.9999720848962913;0.9999169207143811;1.0002239920506129;1.0000000831624145;0.9999011778355201;1.0000000686736674;0.9999180230396383;1.000000056504773;1.0000000563854188;0.999963903290925;1.0000000850182118;0.9999984693920154;1.0000000846224235;1.000000133022866;1.00000006384234;0.9999228972104592;0.9998706281520129;0.999807833809714;0.9999993297559651;1.0002078703897535;1.0002318766096527;0.9998885073343645;0.999833541683924;0.9999488735681864;0.9974782321799307;0.9964494111558081;0.9954355651509504;0.994969302573588;0.9999284587201387;0.994238053340573;0.9940327588417746;0.9948469839842468;0.9948226755722115;0.9948011213186867;1.0000000563544922;0.9999390566766008;0.9998762836910089;0.9999621263935876;0.9999970531256068;1.024999976158142;
2016-01-24 21:45:00;0.9998784269743065;0.9997658163621542;1.000000119080777;0.99989864582778;0.9999727600889518;0.999916785486975;1.0002216582984975;1.0000000803517834;0.9999029986335776;1.0000000673181932;0.9999181746311412;1.0000000564800307;1.0000000563579534;0.9999640802566431;1.0000000821858281;0.9999985590403705;1.0000000818082884;1.0000001239541567;1.0000000629829482;0.9999224287055816;0.9998657998818075;0.999808062935019;0.9999992973190851;1.0002058174926665;1.000229541535086;0.999885600685429;0.999832895299443;0.9999488651991932;0.9973389184667698;0.9962628890094026;0.9951920866906405;0.9947007408798689;0.9999299226652828;0.9939161234892872;0.9937083622278153;0.9945814264048061;0.9945580967875214;0.9945382864538771;1.000000056164371;0.999940337352915;0.9998718640499905;0.9999623611663893;0.999997122984131;1.024999976158142;
2016-01-24 22:00:00;0.9999023971483292;0.999812548177441;1.0000000959390862;0.9999185032064539;0.9999782676472453;0.9999331996409913;1.0002137845408825;1.0000000701319602;0.9999226016835429;1.0000000612092017;0.9999341674636435;1.0000000538946987;1.0000000538027543;0.9999712140547584;1.000000071380636;0.9999987555037171;1.0000000711399468;1.0000000991817313;1.0000000582863415;0.9999378637483921;0.9998923351807663;0.9998463466894856;0.9999994194285916;1.000198564459365;1.0002211425367926;0.9999080611891383;0.9998661609401598;0.9999589783153462;0.9975180272661728;0.9965157442662919;0.9955067278871208;0.995044726327433;0.9999440679361685;0.9943048459800831;0.9941190317710471;0.9949339851476996;0.9949093806177196;0.9948885094734332;1.0000000536820408;0.9999523816951469;0.9998971492812141;0.9999698993722121;0.9999977093022947;1.024999976158142;
2016-01-24 22:15:00;0.9998898031421533;0.9997767193447026;1.0000001020754763;0.9999100691354081;0.9999761910230155;0.9999276548714292;1.0002186832341005;1.0000000721371003;0.9999183406687593;1.0000000621753793;0.9999261783983052;1.0000000540078793;1.0000000539052865;0.9999662773501117;1.0000000736119123;0.9999988042884479;1.000000073282701;1.0000001058524637;1.0000000588667428;0.9999332638627974;0.9998790307442358;0.9998260522232505;0.9999993824746858;1.000203218530303;1.0002262584001325;0.9998986553964333;0.9998485080721933;0.9999550357104519;0.9977044129467664;0.9967993113867865;0.995913351562214;0.9955293184255091;0.9999368690164748;0.9949324616077527;0.9947478741750023;0.9954248588927049;0.9954005180864872;0.9953786994586734;1.0000000536926226;0.9999460486755435;0.9998853353863879;0.9999690179947954;0.9999966351933959;1.024999976158142;
2016-01-24 22:30:00;0.9999033742032889;0.999800368781525;1.0000000823804454;0.9999230425024815;0.9999804698240137;0.9999395468835591;1.000209216663627;1.0000000638390945;0.9999349754041845;1.00000005760788;0.9999364525267576;1.0000000525226442;1.0000000524347818;0.9999701709284872;1.0000000648412404;0.999999039785537;1.0000000645978049;1.0000000847347081;1.0000000555073623;0.9999446042844851;0.9998933190153995;0.9998500682866571;0.9999994524956578;1.0001945734323232;1.000216340497153;0.999912388521643;0.9998688958601463;0.9999621170060032;0.9976743275715415;0.9967698724323895;0.9958841827957439;0.9955052223975396;0.9999466520661222;0.9949211986552324;0.994737018051305;0.9953987629472482;0.9953756547998815;0.9953559750319331;1.0000000521558696;0.9999542852258824;0.9998995193400262;0.999975586205928;0.9999966125413271;1.024999976158142;
2016-01-24 22:45:00;0.999907298377785;0.999821275274423;1.0000000813908219;0.9999223110305702;0.9999800494196954;0.9999372367144932;1.0002093921213608;1.0000000635344686;0.9999298461069508;1.0000000571855638;0.9999370857063368;1.0000000521561965;1.0000000520741108;0.9999722311929551;1.00000006457143;0.9999983581007694;1.0000000643571585;1.0000000835903589;1.000000055128675;0.9999425365751985;0.9998989925327169;0.9998567346683266;0.9999993499063766;1.0001941294557959;1.0002167919682714;0.9999131541754223;0.9998750844615737;0.9999613341130339;0.9977840654943164;0.9969344861709535;0.9961171038676636;0.9957798988307122;0.9999478816238142;0.9952698083882684;0.9950870214437699;0.9956786218487441;0.995653986400284;0.9956335106317726;1.000000051878362;0.9999555678044926;0.9999034520981178;0.9999728285582387;0.9999975912950131;1.024999976158142;
2016-01-24 23:00:00;0.9999188497672323;0.9998620447523259;1.0000000703776704;0.9999307197820791;0.9999861308425333;0.9999466214094365;1.0002008785724559;1.0000000595245404;0.9999508262296553;1.0000000548324415;0.9999467078752338;1.0000000513675011;1.0000000513015457;0.9999765219221969;1.000000060490056;0.9999970868678871;1.0000000603263903;1.0000000715443085;1.000000053412629;0.9999536282123381;0.9999126702682878;0.9998915822492238;0.9999990836383092;1.0001851324366229;1.0002087123238574;0.9999229011256703;0.9999039727594576;0.9999671617432071;0.9977509327752981;0.9968883071020502;0.9960333531972263;0.9956735630451651;0.9999622874528106;0.9951266778818336;0.9949577922838337;0.9955673007756306;0.9955435074870617;0.9955234134220187;1.0000000511407956;0.9999678669635748;0.999915862203603;0.9999798063606266;0.9999980023299206;1.024999976158142;
2016-01-24 23:15:00;0.9999420256279006;0.9998847321004353;1.0000000650403609;0.9999505845322892;0.9999857854260639;0.9999586336579243;1.0001971593759957;1.0000000564124334;0.9999491161560604;1.0000000533482403;0.9999590569678102;1.0000000508434577;1.0000000507926483;0.9999825742757178;1.0000000568404384;0.9999992580001088;1.000000056751526;1.0000000661453559;1.0000000523316284;0.9999612692012843;0.9999369712333341;0.9999038649337789;0.999999688852154;1.0001833349796798;1.0002033911025725;0.9999452021780613;0.9999168610048034;0.9999747190269451;0.9977717454037874;0.9969169428362171;0.9960508587654324;0.9956824365092952;0.9999640924152251;0.9951165248086064;0.9949617213641533;0.9955776593509699;0.9955537765918003;0.9955333763165378;1.000000050689992;0.9999694494700195;0.9999395270677994;0.9999805133853445;0.9999987220225984;1.024999976158142;
2016-01-24 23:30:00;0.9999424316298285;0.9998792204275103;1.0000000696046247;0.9999494279648169;0.9999834603184732;0.9999558643239518;1.0002010993547195;1.000000057810394;0.9999402865917505;1.000000054028522;0.9999568534414564;1.000000050815695;1.0000000507717133;0.9999821503197339;1.000000058176625;0.9999994787667911;1.0000000581027209;1.0000000712143284;1.0000000527593362;0.9999580411760869;0.9999386362404172;0.9998958989480342;0.9999997822569586;1.0001871482507443;1.0002072169362397;0.9999453458507797;0.9999110569957478;0.9999731657599159;0.9979365433335488;0.997145132546958;0.996373358769793;0.9960542472029853;0.9999594775074265;0.9955794019375998;0.9954160504081901;0.9959530252072146;0.99592915726098;0.9959079585759111;1.0000000507583677;0.999965563787279;0.9999407703584259;0.9999775251170104;0.9999988945229534;1.024999976158142;
2016-01-24 23:45:00;1.0002609367243505;1.0002212405253612;1.0003067643794934;1.0002697372522087;1.000298983720637;1.000277862600322;1.0004961732369353;1.0003051857493834;1.0002799368746438;1.0003048944477615;1.0002782150864833;1.000304924918343;1.0003049319021138;1.0002919214572148;1.000305281438122;1.0003044939297636;1.0003052610224876;1.000307013852265;1.0003048779325783;1.0002817795886583;1.0002560864565369;1.00024228850126;1.0003048954939442;1.0004827738962847;1.000502241022922;1.0002650627596381;1.0002497827457248;1.000288039104091;0.9984604748727313;0.9977506303797832;0.9970587862781595;0.996773801331555;1.0002847592898418;0.9963724702661622;0.9962259086326397;0.9966678775849354;0.9966429076723158;0.9966217857389711;1.0003049672065298;1.0002879631218442;1.0002589842751763;1.0002961622338782;1.0003034669185327;1.024999976158142;
2016-01-25 00:00:00;1.0002501366128225;1.0001940496966057;1.0003099905581356;1.0002585091366405;1.0002969550412435;1.000266583080479;1.000503107979717;1.0003060459195068;1.000262658511103;1.0003051349069438;1.0002698783035238;1.0003048775998933;1.0003048781482857;1.0002883917333445;1.000306231946435;1.0003053439278478;1.000306195052078;1.0003106170593963;1.0003049678011735;1.0002726980146175;1.0002462445656712;1.0002165174798439;1.0003058191391092;1.000489156222447;1.000509395835064;1.0002554426509784;1.000229092753043;1.0002814500125807;0.9985121153367268;0.9978458261148888;0.9971857648330028;0.9969304613280552;1.0002754516141386;0.9965706715745135;0.9964401304195263;0.9968357427302158;0.9968125838235526;0.9967931354184653;1.0003048828893646;1.00028063621523;1.0002493935723213;1.000291803674297;1.0003033206739054;1.024999976158142;
2016-01-25 00:15:00;1.0002647728630298;1.0002320157128521;1.000305980123437;1.00027251113805;1.00029864798208;1.0002794699564415;1.0004940333162669;1.0003049724398858;1.0002797459986126;1.0003048816060993;1.000280230590461;1.00030501885815;1.0003050290800162;1.000293500346246;1.0003050156089668;1.0003043879806885;1.000305006489394;1.0003061604174561;1.0003049167377156;1.0002822643431901;1.0002595949204711;1.000247286736615;1.000304686476642;1.000480897450764;1.0004999272988708;1.0002675503630896;1.0002540448046902;1.0002892090215032;0.9984849724266084;0.99778727480424;0.9971153197763993;0.9968417640153092;1.000286026175538;0.9964598995538717;0.9963104659483337;0.9967377846825112;0.9967144766387391;0.9966944180570356;1.0003050739067807;1.0002889925110254;1.000262017791007;1.0002953843057407;1.0003039627646435;1.024999976158142;
2016-01-25 00:30:00;1.000257474361127;1.0002017964342471;1.0003078343365652;1.0002656385141901;1.00029656735253;1.0002728859781962;1.000497442855737;1.0003054554522186;1.0002688642187032;1.0003049770486616;1.0002734062442502;1.0003048831499246;1.0003048859877095;1.0002897609983958;1.000305559705897;1.0003049609265688;1.0003055325844314;1.0003082197950006;1.000304900032946;1.0002773256448776;1.0002543648121425;1.0002262362324394;1.0003052491759488;1.00048408003757;1.000503348161735;1.0002628102802151;1.0002373722911935;1.0002850055594046;0.9983834510149079;0.9976533761588541;0.99694956478901;0.9966655055253911;1.000277524214479;0.9962653037983805;0.9961093725960154;0.9965600442119104;0.996534166875539;0.996512793300307;1.0003048991638175;1.0002819505495033;1.00025733912454;1.0002933880974163;1.0003031903184112;1.024999976158142;
2016-01-25 00:45:00;1.0002704936974356;1.000242579283057;1.000305458171476;1.0002760733579694;1.0002985389569803;1.0002817525595482;1.0004911006076778;1.0003048901517015;1.000280365217886;1.0003049264160233;1.000282425690177;1.0003051171410022;1.0003051315299738;1.0002950135643505;1.0003049049127444;1.0003041969494229;1.0003049020046482;1.0003055732328625;1.0003049922841167;1.0002840699741542;1.0002668482839456;1.000253912758216;1.0003046068215427;1.00047805879408;1.0004968600167878;1.0002723542788026;1.0002601804036966;1.000290733090771;0.9984686050180857;0.9977708007311789;0.9970946520576582;0.9968216301163504;1.0002872963977172;0.9964412904447587;0.9962946037539248;0.9967173216608081;0.9966918368573351;0.9966717790208881;1.0003051825968459;1.0002900217442203;1.0002685142022258;1.000295393839477;1.0003043384744457;1.024999976158142;
2016-01-25 01:00:00;1.0002641076030598;1.0002367798925846;1.0003051811505386;1.0002719795825874;1.0002984636329162;1.0002794073059325;1.0004927784484083;1.00030488449837;1.0002806643475985;1.000305059707017;1.0002800421261642;1.000305361044307;1.0003053807633575;1.000293968654246;1.0003048779753254;1.0003040972591564;1.0003048784942559;1.0003052620899295;1.000305175426757;1.0002816831837962;1.0002580526085787;1.000249597972339;1.000304504179142;1.0004796348977631;1.000498760548508;1.0002659384422;1.0002554712778773;1.0002893251295502;0.9986630075433407;0.9980652644784568;0.9974550841766345;0.9972255823110165;1.0002869966556074;0.9969298061242607;0.9968246869695908;0.9971215507821064;0.997096564484155;0.9970767044088744;1.0003054620845493;1.0002897312741186;1.0002603013709874;1.0002948443184598;1.0003044838978703;1.024999976158142;
2016-01-25 01:15:00;1.0002612518860476;1.000220745155404;1.0003054469304014;1.0002694877636273;1.0002964792565652;1.0002764762816607;1.0004953723649994;1.000304878285137;1.0002736626778888;1.0003050329330432;1.0002765624141292;1.0003053876855195;1.0003054056166973;1.0002921829334326;1.0003048780358552;1.0003043876111437;1.0003048776509431;1.0003055946539747;1.0003051572501815;1.0002787226990841;1.0002559047031254;1.0002376572825455;1.0003045852273504;1.0004822798458635;1.000501221016327;1.0002642228214362;1.0002459909650796;1.0002874100397259;0.9987308268159764;0.9981523537082304;0.9975690170473055;0.9973497002168547;1.0002816536357475;0.9970643107153063;0.996957795674562;0.9972521547458332;0.9972289146551548;0.9972086796086029;1.0003054791061246;1.0002851777199049;1.0002584495022686;1.0002929906243585;1.0003042282573296;1.024999976158142;
2016-01-25 01:30:00;1.0002656535930936;1.0002297048592108;1.0003051715095863;1.0002726468953658;1.0002976692074808;1.0002797138942228;1.000492447342573;1.0003048873682323;1.0002793166387007;1.0003050784328653;1.0002790267454145;1.000305410341116;1.00030542866268;1.00029317767093;1.000304878701769;1.0003040325054613;1.0003048795970069;1.000305250077595;1.0003052016955243;1.0002823701470622;1.0002619439913998;1.0002470403664738;1.0003045344861863;1.0004792345768894;1.0004983566094638;1.000268529003618;1.0002540842596208;1.000289326079302;0.9986668934611306;0.998062456253459;0.9974492078186229;0.9972136712828388;1.0002847522625804;0.9969108506254005;0.9968021132891348;0.9971064053945528;0.9970817312805232;0.997059522948293;1.0003055028107284;1.0002877285957643;1.0002640444497095;1.0002950594004572;1.0003042223136187;1.024999976158142;
2016-01-25 01:45:00;1.000266321625694;1.0002376035207847;1.0003051136271568;1.000272634402016;1.0002975634606377;1.0002790560562236;1.0004928923798326;1.0003049053288169;1.0002774042987408;1.000305144989102;1.000279732553412;1.0003055218653174;1.0003055420786173;1.0002942304751867;1.0003048893877466;1.000304087204024;1.00030489127787;1.0003051883971705;1.0003052846736158;1.0002811671001228;1.0002616903227048;1.0002486600208456;1.0003045494135647;1.0004796979702164;1.0004988011014755;1.0002678386009303;1.0002553191402024;1.0002892179877387;0.9987210161656501;0.9981464786158892;0.9975613124829085;0.9973445384592113;1.0002854973623214;0.9970634862691125;0.9969615979555848;0.997247422352543;0.9972230893483012;0.9972029266525579;1.0003056145876412;1.0002884632953215;1.0002634570666125;1.0002938141745066;1.0003047673540864;1.024999976158142;
2016-01-25 02:00:00;1.0002719280909929;1.0002423455164968;1.0003048826329162;1.0002781211744687;1.0002980756183693;1.0002836037718097;1.0004950913111639;1.0003053783548377;1.0002807960043683;1.0003059243527594;1.0002829326835814;1.000306535251871;1.0003065657503898;1.0002959535148963;1.0003053115193792;1.0003048641574408;1.000305323195678;1.0003048774746317;1.0003061684643908;1.0002845589104736;1.0002676444187253;1.000254106071977;1.000305079573877;1.000482082367766;1.000500788702561;1.000273537154627;1.0002602540528218;1.0002921664411035;0.9990631951904092;0.9986358315712758;0.9981483937991565;0.9979830341707538;1.0002871245435896;0.9978020030522364;0.9977608384250466;0.9978861641840655;0.9978630104243215;0.9978429031361462;1.0003066801818188;1.0002897532499961;1.0002693633747475;1.0002953548387705;1.0003057364206394;1.024999976158142;
2016-01-25 02:15:00;1.000269431348119;1.0002401160361152;1.0003049285939358;1.0002755143583348;1.0002976540468633;1.0002812960162428;1.0004946302733992;1.0003050708760521;1.0002786346772548;1.0003054729294638;1.0002813230191328;1.000305977586002;1.0003060034007976;1.0002950891794884;1.0003050284329196;1.0003044237949856;1.0003050352383076;1.00030496887077;1.0003056698809412;1.0002827721776013;1.00026510817681;1.0002512409367104;1.0003047513176428;1.0004814955409371;1.0005004301077998;1.0002709572769508;1.0002577382960187;1.0002906568897334;0.9989141863602297;0.9984469604006766;0.9979264896117186;0.9977562556752061;1.0002860843435604;0.9975746984316943;0.9975214537168784;0.9976532454705106;0.9976294513203453;0.997609199366606;1.0003061035563094;1.0002889086473126;1.0002668004249728;1.000294399895189;1.000305219889111;1.024999976158142;
2016-01-25 02:30:00;1.0002692384669771;1.0002302995933336;1.0003050603721746;1.0002750243866552;1.0002962588463953;1.0002800956810873;1.0004965109970816;1.0003050150044017;1.0002740704675241;1.0003054183197044;1.0002795679695304;1.0003060008608338;1.0003060287486827;1.0002940568062277;1.0003049812247158;1.0003045969336626;1.0003049885725375;1.0003051489578727;1.0003056359914755;1.0002815433190895;1.0002661321829123;1.0002443791629307;1.0003047831988896;1.0004834041621316;1.00050217046841;1.0002716574778279;1.0002526389806512;1.0002897956390733;0.9989618186165823;0.9984874934074552;0.9979720112916785;0.9977907601980767;1.0002824665780465;0.997579563756772;0.9975169738404385;0.9976933026761369;0.997670843935733;0.9976520282619021;1.0003061229334826;1.0002858028368022;1.0002678950634702;1.0002933639208693;1.0003050369471636;1.024999976158142;
2016-01-25 02:45:00;1.000272147313379;1.0002423171546515;1.000304920358588;1.0002765935080027;1.0002981119643397;1.0002825497469243;1.0004949148264897;1.0003050403728337;1.000281253424184;1.000305487950567;1.0002817328423124;1.000306029680447;1.0003060602625902;1.0002949977501987;1.0003049839816007;1.0003038961971102;1.0003049924048721;1.000304946847314;1.000305698229101;1.000285016028783;1.00027052220091;1.0002558344998227;1.0003046433136127;1.000481322471371;1.000500898909288;1.0002741021052428;1.0002621429468808;1.0002912965185584;0.9989477344876798;0.9984747829614893;0.9979594358198561;0.9977818556282056;1.0002868814595616;0.9975740215998782;0.9975125068691281;0.9976869963524063;0.9976705327911368;0.9976608895018891;1.0003061512663602;1.0002895229785826;1.0002717295128725;1.0002957261471166;1.0003051056009116;1.024999976158142;
2016-01-25 03:00:00;1.0002836059979423;1.0002647485353187;1.000305111863701;1.0002872651925603;1.0003006043879827;1.0002910360798853;1.0004902702465925;1.00030572423098;1.0002891985034859;1.0003062054727856;1.0002903322058987;1.0003066460851728;1.0003066772728506;1.0002994776974974;1.0003056526746545;1.0003051875271731;1.0003056649805533;1.0003050688676949;1.0003063984741523;1.0002916918263791;1.000281225067922;1.0002722115110971;1.0003054717484954;1.000477529456781;1.0004957202971125;1.0002844357301337;1.0002762283268822;1.000296868132795;0.9989397846645293;0.9984694440554204;0.9979587193912963;0.9977857428996469;1.0002934537431298;0.9975728652779128;0.9975105117349421;0.9977004657799351;0.9976857304700913;0.997677257342974;1.000306780843447;1.0002951771467419;1.0002821536075013;1.0002987994856252;1.000306143582956;1.024999976158142;
2016-01-25 03:15:00;1.000282546214572;1.0002552330768841;1.0003049079548259;1.000285213819977;1.0002981969840745;1.0002879627296506;1.000492311472021;1.0003054411554695;1.0002811570474717;1.0003059390991778;1.0002872314405646;1.0003064829779196;1.0003065140764047;1.0002982220915684;1.0003053888083764;1.0003050675123313;1.0003053986222257;1.000304889442752;1.0003061552234704;1.0002884528631468;1.0002814712925594;1.0002629754162928;1.0003052735205262;1.000479507587959;1.0004976594913235;1.0002836359138485;1.000269184406713;1.000294924163232;0.9989452044288522;0.9984718384503836;0.9979527708025969;0.9977726542541443;1.0002884223730446;0.9975574624368395;0.9974980593183659;0.9976794377714441;0.99766386840054;0.9976549951472838;1.0003065886260338;1.0002908680850027;1.0002821858176763;1.0002961016214569;1.000305961285073;1.024999976158142;
2016-01-25 03:30:00;1.0002803472665924;1.0002476896881152;1.0003049099092123;1.0002831544559934;1.0002970674246452;1.0002859532081505;1.0004945222259274;1.000305540213931;1.0002773384724741;1.0003060922076048;1.0002849379863452;1.0003067104495875;1.0003067453948034;1.0002973539685058;1.0003054882616869;1.000305193250406;1.000305500124396;1.0003048887540307;1.0003063376386945;1.0002863951041272;1.0002795020746258;1.00025684197364;1.0003053841091198;1.0004816023652892;1.0004999007697961;1.0002817167920026;1.0002641721305932;1.0002937327600083;0.9990591324114675;0.9986458517706854;0.9981743595712789;0.9980259105692376;1.0002857004301553;0.9978620537953662;0.9978223065412586;0.9979398581584853;0.9979238961831516;0.9979150180774815;1.0003068288850796;1.0002885392337713;1.0002802755377356;1.0002948485026222;1.0003060928897685;1.024999976158142;
2016-01-25 03:45:00;1.0002761492666365;1.0002516415349758;1.0003049624588392;1.000280513292952;1.000298686533203;1.000285363590797;1.0004943685145913;1.0003056106031514;1.000282419613511;1.0003062156352276;1.000284830593812;1.0003068321363822;1.0003068676905733;1.0002972736700726;1.000305530362592;1.0003048347202876;1.000305542997297;1.0003049306346443;1.000306467187751;1.0002864238780742;1.0002733026953488;1.000260512878233;1.0003052767317713;1.0004811933397142;1.0005001033847163;1.000277073963727;1.0002660738130846;1.0002934414262477;0.9991091766034454;0.9987077379912792;0.9982454343898843;0.9980967742053337;1.0002889617178448;0.9979352605403372;0.9978995262037852;0.998008840628668;0.99799304635064;0.9979841665715834;1.000306974629679;1.000291352693366;1.0002743854928087;1.0002960008499764;1.0003062350917815;1.024999976158142;
2016-01-25 04:00:00;1.0002701522393678;1.000224365813977;1.0003050283784534;1.0002754568800298;1.0002961363323146;1.0002808788706743;1.000497721065876;1.0003050341012043;1.000275441320726;1.0003054775999465;1.0002788204032926;1.0003060890892428;1.0003061223680314;1.000293207694385;1.0003049906872845;1.0003043733632142;1.0003050005922904;1.0003051024253156;1.0003057111443614;1.0002830409213468;1.0002692227961092;1.0002440867371272;1.0003047746764415;1.0004843151343512;1.0005034707628533;1.0002737347138744;1.0002528742593133;1.0002900447367604;0.9990266686857302;0.998595044475432;0.9981040364148153;0.9979434495478983;1.0002815201406956;0.9977645112407697;0.9977220830187339;0.997851513820746;0.9978366150030802;0.997828510478994;1.0003062237681797;1.000284881918907;1.0002709317110206;1.0002944627277832;1.0003047384595112;1.024999976158142;
2016-01-25 04:15:00;1.000280147967565;1.0002568406031078;1.0003050435496394;1.0002838655766575;1.0002993930999837;1.0002880686727866;1.0004929997159653;1.00030570604332;1.0002850879321887;1.0003062866317456;1.000287220659335;1.0003068396913917;1.0003068753139175;1.0002982520421495;1.0003056205928833;1.0003050099012456;1.0003056340683636;1.00030500330199;1.0003065209672972;1.0002889729746922;1.000278054799918;1.000265571801104;1.000305407565088;1.0004799668707893;1.0004986027575928;1.000281140311931;1.0002706634290122;1.000295080647657;0.9990670670852647;0.9986447628611766;0.9981716170688659;0.9980156898885348;1.0002905933606305;0.9978406355369331;0.9977943259017868;0.9979273146067714;0.9979113523430322;0.9979024738874118;1.0003069896959635;1.000292731188284;1.000278978111372;1.000297267397846;1.0003062522668529;1.024999976158142;
2016-01-25 04:30:00;1.000280020978373;1.0002532355624587;1.0003049148447036;1.0002828261732257;1.0002979697333554;1.0002861932369134;1.0004926605216173;1.0003054589105975;1.0002800337331677;1.0003059796457228;1.000285673263359;1.0003065351399465;1.000306567837484;1.0002976888232653;1.0003054025144613;1.0003048707549131;1.000305411323618;1.0003048942773367;1.00030620123562;1.0002870017259629;1.000278730299591;1.0002608376537065;1.00030522769596;1.0004796758006094;1.000498160785116;1.0002809345768948;1.0002671545899886;1.0002938985637309;0.9989773202958507;0.9985353176946861;0.9980337531948448;0.9978719723179557;1.0002878284530676;0.9976942278241345;0.9976499637571633;0.9977776293167012;0.9977615360634519;0.9977530619100752;1.0003066457231262;1.0002903823662885;1.0002794249223346;1.0002954826161352;1.0003060259329943;1.024999976158142;
2016-01-25 04:45:00;1.000274193246848;1.0002322713468934;1.0003048870004352;1.0002788794390158;1.0002967822796418;1.0002837616052187;1.0004959929225326;1.0003054430953493;1.0002781654585604;1.0003060311974585;1.0002812667455676;1.0003066937047924;1.000306729685661;1.0002948422612628;1.0003053677448535;1.0003047971804566;1.0003053855262485;1.0003048782220574;1.0003062956961641;1.0002852661912474;1.0002734745462203;1.0002500938292307;1.000305181058303;1.0004827656492095;1.0005016277775107;1.000277211375196;1.0002580588508387;1.000292046816995;0.9991168680537367;0.9987130020517258;0.9982604931089798;0.9981149555545665;1.0002836130792354;0.9979538712360548;0.9979095841381012;0.9980308917795672;0.9980160871231172;0.9980068368840784;1.0003068338969445;1.0002866405121111;1.000274899733991;1.0002954152347756;1.0003054774459006;1.024999976158142;
2016-01-25 05:00:00;1.000247103107299;1.000146954536903;1.000310073523193;1.000254573359345;1.0002912557600243;1.0002614221133705;1.0005098779177122;1.0003055623061519;1.0002470026882695;1.0003049126808055;1.0002606352111465;1.0003050479592859;1.000305066669425;1.0002826014152395;1.0003057187521065;1.000305169622156;1.0003056648643274;1.0003108353925387;1.0003048807396417;1.0002684456124082;1.0002497114036475;1.0001883247172934;1.0003054938297775;1.0004956565690877;1.000515859564748;1.0002571187307279;1.0002079814536602;1.000277474681317;0.9989468450438714;0.9984907737372317;0.9979746997217016;0.9978085567494119;1.0002602090277946;0.9976249115985056;0.9975782717374545;0.9977124271287415;0.9976955171640887;0.9976862777045845;1.0003051157521545;1.000267367278035;1.0002532129372517;1.0002887492801436;1.0003021815466098;1.024999976158142;
2016-01-25 05:15:00;1.0002677527618027;1.0002033367108545;1.00030531474782;1.0002750409530023;1.0002954636606731;1.0002810641496354;1.000499411732177;1.0003049163654392;1.0002753995728717;1.0003052152272738;1.0002767387129639;1.0003057125995398;1.0003057465229441;1.0002907063452453;1.0003048944599824;1.0003046255170327;1.0003049008753793;1.0003054452164317;1.0003054098371076;1.0002837694051154;1.0002678488349013;1.0002353113248734;1.000304761519133;1.0004861482055762;1.0005050011011496;1.000274288718917;1.0002458831781846;1.000289550282187;0.9989581621527708;0.9984976123030981;0.9979746759466391;0.9977972804046932;1.0002778703234523;0.9976166844345739;0.9975707779978912;0.9976840635042589;0.9976619340270777;0.9976443093122142;1.0003058647874195;1.0002816167425246;1.0002705304132329;1.0002957364488345;1.0003035101886733;1.024999976158142;
2016-01-25 05:30:00;1.0002674048362201;1.0002112538183114;1.0003054903537947;1.0002743756204269;1.0002963853958857;1.0002807337218607;1.0004986483767684;1.0003048785189226;1.0002770646036203;1.0003050691211575;1.0002776064480796;1.0003054644640932;1.000305495721171;1.000291314104899;1.000304879423732;1.00030436802598;1.0003048780145676;1.0003056278150881;1.0003052214733992;1.0002837939859746;1.000266816023666;1.0002394216317345;1.0003046694302835;1.0004852393106705;1.000504396603487;1.0002730631982895;1.000248963525326;1.0002894637184379;0.9988592088482565;0.9983678638753595;0.9977976786682833;0.9976000772095942;1.0002801416584979;0.9974060436895115;0.9973652126270764;0.9974690966145904;0.9974404868268153;0.9974182099799614;1.000305602149785;1.000283649819886;1.0002693032074728;1.0002959104914522;1.0003035246469494;1.024999976158142;
2016-01-25 05:45:00;1.0002526097976738;1.000166341427131;1.0003090531361858;1.00026043466597;1.0002940416030535;1.0002680914468207;1.0005077664915965;1.0003054554435593;1.0002602928352835;1.000304896626784;1.0002663350815473;1.0003050371231919;1.0003050581007724;1.000284955305641;1.0003056248986113;1.0003048503163674;1.0003055755937884;1.0003096214199343;1.000304885626104;1.0002747864076311;1.0002544581474702;1.0002066766420492;1.000305332342734;1.000493515150849;1.0005138701545577;1.0002619303144717;1.0002225953579138;1.0002814544050345;0.9989016636438592;0.9984159752170886;0.9978486912317897;0.9976480284427216;1.0002680278960314;0.9974714387875349;0.9974335073915263;0.9975010529688176;0.9974695084020502;0.9974472320502902;1.0003051215429635;1.0002738202698096;1.0002578592263964;1.0002926910410994;1.0003022470161336;1.024999976158142;
2016-01-25 06:00:00;0.9999300736901029;0.9997974442919619;1.0000000754045393;0.9999418372101211;0.9999782718951613;0.999951406020233;1.0002086888103185;1.0000000597009473;0.9999329873201122;1.000000054972248;0.999943096856729;1.000000051107993;1.0000000510057205;0.9999719639719739;1.0000000603696377;0.99999974400151;1.0000000601228107;1.0000000773869466;1.000000053330471;0.9999559702648874;0.999932716521044;0.9998576894001664;0.9999999110567017;1.0001943794510209;1.000214708838025;0.9999425796158937;0.9998806243563382;0.9999687023405477;0.9982077015079097;0.9975847509238285;0.9968677924849435;0.9966028844421403;0.9999417422305661;0.9963965281398928;0.9963407702329574;0.9963905764130622;0.9963591617718369;0.9963372173717875;1.0000000508308104;0.9999497481398646;0.9999372396975027;0.9999787698706557;0.9999958778265834;1.024999976158142;
2016-01-25 06:15:00;0.9999338348124981;0.9998595046632182;1.000000074186519;0.9999426547321958;0.9999813846434225;0.9999503355284259;1.0002031127123012;1.000000059450661;0.999933456589746;1.0000000548667902;0.9999510164967401;1.000000051151355;1.0000000510574654;0.9999793326276025;1.000000059914615;0.9999995037678493;1.0000000598054624;1.0000000761892138;1.000000053320685;0.9999528206263345;0.9999292183412055;0.9998810935726606;0.9999997597933937;1.0001890735404118;1.0002093375944978;0.9999377401077595;0.9998982898233915;0.99996967456668;0.9979561148185367;0.9972952311001175;0.996535150274203;0.9962826881093713;0.9999539394368799;0.9960780982869673;0.9960186110447452;0.9960857690824307;0.9960486219635123;0.9960268435916775;1.0000000509126505;0.9999608121236878;0.9999319653707792;0.999975085238765;0.9999985520184718;1.024999976158142;
2016-01-25 06:30:00;0.9999077186897048;0.999809693885005;1.0000000984459079;0.9999211318099006;0.9999748871128061;0.9999318513443162;1.0002135092243332;1.0000000694043247;0.9999095368995417;1.0000000608491386;0.9999337512038599;1.0000000546582692;1.0000000542395373;0.9999719945357932;1.0000000701074059;0.9999995844454397;1.0000000699336435;1.000000102473196;1.000000057884704;0.9999347344459576;0.9998992910562343;0.999837424620847;0.999999684592111;1.0001989233647368;1.0002202030286547;0.9999127250137363;0.9998603888362483;0.999958429026864;0.9975522181404788;0.9967808818960178;0.9958752943250594;0.9955785006798774;0.9999379175642844;0.9953812293036264;0.9953240662539485;0.9953174731366166;0.9952394941705104;0.9952221367926793;1.0000000532766626;0.9999472249757133;0.9999034301976656;0.9999657148332805;0.9999981300203398;1.024999976158142;
2016-01-25 06:45:00;0.9999420489452647;0.9998813749594205;1.0000000695969438;0.9999492551571999;0.9999845876279636;0.9999567763974198;1.0001987763806983;1.0000000588296885;0.9999447771803047;1.0000000549710384;0.999957254208462;1.0000000536349016;1.000000053075886;0.9999820574958895;1.000000059286223;0.9999991123922268;1.000000059202779;1.0000000709799275;1.000000053692132;0.9999596701440221;0.9999385335071815;0.9999000787431183;0.9999996913776157;1.000184693937406;1.0002050586048707;0.9999451711869674;0.9999142491672299;0.9999736333024413;0.9973303201245558;0.996440103740034;0.9953795027691883;0.9949812803557081;0.999961591556183;0.9946865250699433;0.9946308185912422;0.9946515888272396;0.9945447651792589;0.994526611029533;1.0000000516279788;0.9999673301518913;0.9999406887047458;0.9999790951210037;0.9999987555210336;1.024999976158142;
2016-01-25 07:00:00;0.9999367874457881;0.9998604774426386;1.0000000816350003;0.9999428341852693;0.9999801754548702;0.9999493128200709;1.000203317232268;1.0000000644830938;0.999928917030354;1.0000000587109972;0.9999500662968083;1.0000000564871836;1.0000000556656363;0.9999793909049479;1.0000000650329481;0.9999992412358486;1.0000000649102978;1.0000000838699887;1.000000056746477;0.999952128251097;0.9999350267964159;0.9998801164323874;0.9999997692058513;1.0001889867498654;1.0002095524421102;0.9999403453775536;0.9998985025829081;0.9999691533106299;0.9969390547512468;0.9958886015954638;0.9946765037104272;0.9942017813239004;0.9999517431545111;0.9938363548021428;0.9937445244063557;0.9938183550290437;0.993694604725947;0.9936792116713395;1.0000000536128404;0.9999589626954885;0.9999369307870029;0.9999737439538862;0.9999986882322024;1.024999976158142;
2016-01-25 07:15:00;0.9999144174156653;0.9998039708043345;1.000000105260457;0.9999248000363314;0.9999770015171197;0.9999375367378046;1.0002140090887195;1.0000000785481746;0.9999226972855958;1.000000067812701;0.9999342277473336;1.0000000659617367;1.0000000639892324;0.999970242593226;1.000000080361279;0.9999980889885067;1.0000000799707502;1.0000001081611674;1.0000000643479219;0.9999441133980913;0.999914752108113;0.9998497614127143;0.9999994773819171;1.000198022818448;1.0002213058592466;0.9999229151976591;0.9998722230011632;0.9999610565100467;0.9963349136704874;0.9950720826123562;0.993574901235416;0.9929703846560942;0.9999402290682308;0.9926784799550876;0.9925946421322931;0.9923636930617761;0.992070869224717;0.9919348746971717;1.0000000588158149;0.9999488251303117;0.9999181846607607;0.9999724111523377;0.9999968746717779;1.024999976158142;
2016-01-25 07:30:00;0.9998990386087375;0.9997052888993806;1.0000001428129999;0.9999163051213422;0.9999701405287799;0.9999318306803444;1.0002285614834947;1.0000000950209698;0.999910815221254;1.0000000789862935;0.9999185848631909;1.0000000754561793;1.00000007241797;0.9999584190908652;1.0000000976986811;0.9999991142827636;1.0000000967520504;1.0000001481860668;1.0000000732765715;0.9999400569768734;0.9999050118631381;0.9998005532460412;0.9999997804487821;1.0002123559277254;1.0002355479150904;0.999918813975221;0.9998327730218709;0.9999555625340163;0.9960932427316554;0.994771299505147;0.9931714901833868;0.992536489481464;0.9999179151721189;0.99226813893095;0.9922019618421095;0.9918730721269198;0.9915447690836975;0.9914084722933308;1.0000000642622295;0.9999290213127088;0.9999117232022252;0.9999726072665921;0.9999934394979318;1.024999976158142;
2016-01-25 07:45:00;0.999897893756081;0.9997103739082418;1.00000015404303;0.9999122294621003;0.9999673866576082;0.999925765443998;1.000232461828092;1.000000099660554;0.9998974063176371;1.0000000818077677;0.9999156603283628;1.000000076644358;1.0000000735672452;0.9999589275623292;1.0000001021826552;0.9999990747709795;1.0000001013177113;1.0000001603983146;1.0000000754735765;0.9999333165139067;0.999903976532077;0.9997930697276222;0.9999998043642229;1.0002159311016678;1.0002395118104437;0.9999150970907971;0.9998270591901542;0.9999524744114257;0.9961395316741181;0.9947707333406584;0.9931069039586919;0.9924020199712087;0.9999136818765992;0.9920369760886418;0.9919733270284302;0.9917114635260322;0.9913780299351649;0.9912354579238564;1.0000000655098804;0.9999256577097976;0.9999095934594917;0.9999669509572726;0.9999943131872133;1.024999976158142;
2016-01-25 08:00:00;0.9999461170407201;0.9998803549533916;1.0000000862874252;0.9999533186594695;0.999986364664071;0.9999616661518992;1.0001985677574063;1.000000072197853;0.999953980459341;1.0000000661950414;0.999959660110266;1.0000000690649604;1.0000000668624802;0.9999818381942225;1.0000000731937453;0.9999988477792708;1.0000000729769296;1.0000000878529556;1.0000000641692344;0.9999656395921822;0.9999451828696131;0.9999081579426743;0.999999674927423;1.0001842279682713;1.0002049350688644;0.9999511633340612;0.9999214158948746;0.9999761500945901;0.9956057664463025;0.9940117530380743;0.99212192772809;0.9912888554229152;0.9999643044988427;0.9908772797710803;0.9907713954397813;0.9904591622667205;0.9901181464271099;0.9899295644807878;1.0000000607677084;0.999969449015723;0.9999474981307346;0.9999833603404205;0.9999981234383655;1.024999976158142;
2016-01-25 08:15:00;0.9998555651154427;0.9996053201304796;1.0000002285361047;0.9998793441094744;0.9999578604660267;0.999900179930822;1.0002409921119448;1.000000136579502;0.9998685895278363;1.000000106623901;0.9998864965092347;1.0000000923750747;1.0000000886550422;0.9999438753155914;1.000000140683087;0.9999989412835206;1.0000001393490756;1.0000002393568137;1.0000000958963218;0.9999103225602632;0.999859483603461;0.9997211834913202;0.9999996762306966;1.0002238632276013;1.0002486598680056;0.9998793966011856;0.9997652504045286;0.9999358826957093;0.995416157432187;0.9937485097846767;0.9917410135310251;0.9908564332549957;0.9998866057654276;0.9904354927580274;0.9903449354074879;0.9899644669699383;0.9896038797246065;0.9894120043898872;1.0000000788525503;0.999902281928202;0.9998683725260558;0.9999573856273075;0.9999920506937875;1.024999976158142;
2016-01-25 08:30:00;0.9998919206021932;0.9997914799709406;1.0000001246240506;0.9999104847715691;0.999977076047594;0.999927792110388;1.000215842330737;1.000000089782952;0.999919484290804;1.0000000764609447;0.9999277835253303;1.000000073574106;1.0000000712203663;0.9999678470293168;1.0000000918114635;0.9999984379892528;1.0000000914340015;1.000000128799951;1.0000000719959932;0.9999335374123519;0.9998810830772693;0.9998333019487278;0.999999316968002;1.0002002407136967;1.0002235578360923;0.9998989783564346;0.99985444880355;0.9999554487709961;0.9957415595099677;0.9942061297866444;0.9923492495443673;0.9915373343431549;0.9999398739528582;0.9911006723629012;0.9910229829669027;0.9907529774037724;0.9904286105333381;0.9902511288314051;1.0000000646121368;0.9999487363181051;0.999886664952731;0.9999687689089922;0.9999971625592171;1.024999976158142;
2016-01-25 08:45:00;0.9998478457880206;0.9997404947778942;1.0000001902727185;0.9998757620865107;0.9999718353397778;0.9999009859470908;1.0002331115260652;1.0000001233278413;0.9998967875752138;1.000000098408246;0.9999053801578386;1.0000000922116852;1.0000000880474487;0.999958584785689;1.0000001270264622;0.9999978681177489;1.0000001264174647;1.0000001984096716;1.0000000900177741;0.9999081042909964;0.9998262126260328;0.9997841164169047;0.9999989352236404;1.000216086413574;1.000242283863605;0.9998543135458219;0.9998087020434728;0.999939410504106;0.995372233931007;0.9936279740696532;0.991576916922298;0.9906380844690926;0.9999262377901104;0.9901245720395562;0.9899975437997456;0.9897369966671367;0.9893446881527173;0.9891648491695693;1.0000000761332406;0.9999373737048362;0.9998342007544465;0.9999575450862213;0.9999970400656915;1.024999976158142;
2016-01-25 09:00:00;0.9998919488087349;0.9998208930763457;1.0000001350161911;0.9999101062840539;0.9999800644555626;0.9999282938190477;1.0002196607862799;1.0000000987334585;0.9999260435702392;1.0000000834218459;0.9999317670289036;1.0000000860814338;1.0000000818822534;0.9999707961936486;1.0000001012493347;0.9999979191641034;1.000000100890707;1.0000001391929163;1.0000000784371095;0.9999340647135352;0.9998776747658182;0.9998486943925982;0.9999991387729597;1.0002034036575738;1.0002279487870895;0.9998956058260215;0.9998658659520061;0.9999563218041021;0.9953378362306844;0.9935754553012773;0.9915241299431546;0.99058086028007;0.9999482045193602;0.9901788915070839;0.9900365211848755;0.9895976853561187;0.9891821144174979;0.9890106089562067;1.0000000700644305;0.9999560828244825;0.9998826946358293;0.9999692850841402;0.9999981246570164;1.024999976158142;
2016-01-25 09:15:00;0.9998569708619178;0.9997784911189725;1.0000001831093097;0.9998819706274329;0.999973745334557;0.9999044645243824;1.0002277955768057;1.000000120769164;0.999898716689617;1.0000000977627803;0.9999128042474615;1.0000000926789103;1.0000000886004963;0.999963863369193;1.000000123651743;0.9999980534737738;1.000000123318196;1.0000001910240783;1.0000000899922858;0.999909896037975;0.9998330968469965;0.9998015991622499;0.9999989720081437;1.0002112917662034;1.0002367200844138;0.9998591215898093;0.9998232077348619;0.9999423464825232;0.9951560736014147;0.9932928743102206;0.9911518931573142;0.9901504650222103;0.9999336200872779;0.9896570677918924;0.989488202587525;0.9891521909421419;0.988764644294496;0.9885884264130864;1.0000000770053978;0.9999439758900599;0.9998398514870119;0.9999568110120207;0.9999984664026227;1.024999976158142;
2016-01-25 09:30:00;0.9998697215111667;0.9997531030665083;1.0000001945387431;0.9998865229433561;0.9999677630951581;0.9999040723609585;1.000226988524179;1.0000001252640847;0.999882130368131;1.0000001002471754;0.9999082623966271;1.0000000934606204;1.0000000892432572;0.9999614237588509;1.000000128133705;0.9999979197567669;1.000000127682415;1.0000002030638686;1.0000000917761291;0.9999105580347433;0.9998592136647387;0.9997876990674093;0.9999992365601909;1.0002101561342864;1.0002353089057219;0.9998751586426282;0.9998166293020455;0.999941615286977;0.9950433589487726;0.9932316247510783;0.9911315017898438;0.9902043501156252;0.999919781966836;0.9897412358222403;0.989589120491598;0.9892844200268014;0.9888817318820365;0.9886889860381081;1.000000077967852;0.9999319133466991;0.9998640402151046;0.9999541438560738;0.9999976712946849;1.024999976158142;
2016-01-25 09:45:00;0.9998859871788243;0.9997629139301525;1.0000001635556062;0.9998992934599326;0.9999700234682892;0.9999150792952821;1.0002242543116109;1.0000001099134261;0.9998942684185043;1.0000000892831844;0.9999153990317885;1.0000000832492355;1.0000000800077264;0.9999633307668676;1.000000112793972;0.9999977101489779;1.0000001122746334;1.000000169737356;1.0000000824749045;0.9999223812162659;0.9998821344268819;0.9998061052492478;0.9999993107109452;1.000207329490529;1.0002323069815342;0.9998935269787248;0.9998340979580095;0.9999478000347742;0.9954329658017882;0.9937014124159024;0.9917423646488496;0.9908473330340022;0.9999242288322447;0.990378638577181;0.9902012929938714;0.9899740379475332;0.9896104485476435;0.9894224482571575;1.0000000714704838;0.9999354374503674;0.9998861945845792;0.9999604600990665;0.9999970693132064;1.024999976158142;
2016-01-25 10:00:00;0.9999009310595128;0.9997773532874631;1.00000014676618;0.9999143102583286;0.9999738140935613;0.9999286151719576;1.000221057579544;1.0000001034766317;0.9999111051401749;1.0000000866687968;0.9999258405221867;1.0000000862124336;1.0000000823055295;0.9999664781390845;1.0000001060763972;0.9999983244730478;1.000000105479923;1.0000001516324806;1.0000000809824146;0.9999351873272276;0.9998988021702433;0.9998271851698864;0.99999948944753;1.0002048071954848;1.0002285710893255;0.999910262619412;0.9998525433397055;0.9999555787061367;0.9952247068239585;0.9934135998887396;0.9913620877234502;0.9904208145534751;0.9999321546574952;0.9899488603460804;0.9897650645410043;0.9894880980025402;0.9890800864872366;0.9888773269812405;1.000000071686384;0.9999419654067397;0.9999031843588744;0.9999679349144154;0.9999965989160436;1.024999976158142;
2016-01-25 10:15:00;0.9998577429096049;0.9997146439196859;1.000000250558586;0.9998693006977989;0.9999600362535644;0.9998872335956903;1.0002353588158426;1.000000157957534;0.9998549576717246;1.000000121312758;0.9998912548935391;1.0000001082580747;1.0000001031413002;0.9999546976293865;1.0000001629212503;0.9999964812486688;1.0000001621564403;1.000000260853103;1.0000001093550714;0.9998967451541367;0.9998553686428149;0.9997547229038066;0.999999076075715;1.0002166173853786;1.0002444378176538;0.999864187671811;0.9997911807908472;0.9999313459825716;0.99467252453069;0.9925843376723785;0.9902172786953987;0.9890859233674518;0.9999017830841925;0.9884385465244873;0.98822788849579;0.9880195864664512;0.9875838836909102;0.9873572296892705;1.0000000900702928;0.9999165780937194;0.9998586080549875;0.9999450948140479;0.9999972972983471;1.024999976158142;
2016-01-25 10:30:00;0.9999001116414761;0.999805087067106;1.0000001472923516;0.9999118549078804;0.9999766933583211;0.9999277891858254;1.0002171149273145;1.000000107677707;0.9999176823264188;1.0000000894686942;0.9999279517862611;1.0000000887628364;1.000000084861093;0.9999686576601877;1.0000001109329482;0.9999971863468387;1.00000011041997;1.0000001513348726;1.0000000837218355;0.9999355123396371;0.9998964954183498;0.9998426412425072;0.9999991915111704;1.0002002331032387;1.0002252764337618;0.9999061595907842;0.9998642154092392;0.9999556010443875;0.9949579706048297;0.9930322798726636;0.9908324585623312;0.9898086762511267;0.9999399802965002;0.9892558945947847;0.9890728366113776;0.988821147495896;0.9883992067576363;0.988169866495962;1.0000000742469808;0.9999488586533719;0.9998998825348423;0.9999685311499328;0.9999974572180399;1.024999976158142;
2016-01-25 10:45:00;0.9999033874048524;0.9998017520914589;1.0000001459486498;0.9999153455672086;0.9999738795901248;0.9999274380624501;1.000216226914297;1.0000001030469476;0.9999061680637931;1.0000000872207435;0.9999289525009106;1.0000000862932679;1.0000000826570945;0.9999699909732875;1.0000001048285896;0.9999987135281466;1.000000104517959;1.0000001512693049;1.0000000817880723;0.999932070749038;0.9998975297602349;0.9998323048284933;0.9999995419241522;1.0002006637038876;1.0002234614613439;0.999908655784596;0.9998563219679321;0.9999557013829298;0.995000878586813;0.9931080980773935;0.9909868011252679;0.9900147129038719;0.9999350956322288;0.9893778749043564;0.9891707697536687;0.9891535162334426;0.9887819016949619;0.9886090457749965;1.000000072799156;0.9999448091228302;0.9999011447454087;0.9999645417685686;0.9999979482780534;1.024999976158142;
2016-01-25 11:00:00;0.9998626276527363;0.9997210117390336;1.0000002359239288;0.9998798456532875;0.9999615555230195;0.9998952364781402;1.0002354471685173;1.0000001391906883;0.9998600825520637;1.0000001086351655;0.9999001138720977;1.0000000943444738;1.0000000904330117;0.9999580134808718;1.0000001416669682;0.9999989468450684;1.0000001411591186;1.0000002486372395;1.0000000977666887;0.9999003768334852;0.9998524529689811;0.9997579157582249;0.9999995144572634;1.0002188507772756;1.000243333890764;0.9998692729573138;0.9997928872650798;0.9999362152958841;0.9952433933902955;0.9934498441221017;0.9914359531329371;0.9905243222601632;0.9999057770090534;0.9900095116342794;0.9898157814847277;0.9896603874699665;0.9893039613659391;0.9891408197311988;1.000000080285369;0.9999199974822416;0.9998576893110872;0.999946866868099;0.9999975135090556;1.024999976158142;
2016-01-25 11:15:00;0.9998605852842318;0.9997189660515734;1.0000002334160702;0.9998745521723078;0.9999571206243248;0.9998871838199082;1.0002369851483945;1.0000001364875457;0.9998405837121748;1.0000001068265878;0.9998950551485738;1.0000000939576852;1.0000000898106365;0.9999579259598311;1.0000001383551596;0.9999991072419457;1.0000001379980445;1.0000002465168158;1.000000096209289;0.9998911462110965;0.999850823267772;0.9997430809657754;0.999999591786658;1.0002203770325553;1.0002447216914812;0.9998646920506176;0.9997813908427068;0.9999319912670016;0.9953638646637676;0.9936022396459572;0.9916180062177513;0.9907121556547402;0.9998979213885936;0.9902172676671129;0.9900310798095604;0.9898423328120977;0.9894930875371843;0.9893626194260096;1.0000000791843893;0.9999135595717962;0.9998549068864384;0.9999392345644587;0.9999983944090883;1.024999976158142;
2016-01-25 11:30:00;0.9998771949416113;0.9997413904235939;1.0000001850427702;0.9998882451990398;0.9999598690233545;0.9998982656063085;1.0002263910326368;1.0000001154853435;0.9998516679801185;1.000000093832283;0.9999042543298067;1.0000000849587816;1.000000081770542;0.9999619424796437;1.0000001167737094;0.999999301892135;1.000000116539862;1.0000001945163808;1.0000000861060852;0.999901523392058;0.9998704086956175;0.9997639944181006;0.999999699441534;1.000210610387934;1.0002335317587003;0.9998811693423819;0.9998001602416271;0.9999386973699346;0.9953633656685943;0.993598202333056;0.9916069353034925;0.9906928160040251;0.999904859579055;0.990205388453661;0.9900208495139724;0.9898068772888043;0.9894898092377068;0.9893582523624987;1.0000000736277812;0.9999193875950786;0.9998737096391261;0.99994416636536;0.9999985023840641;1.024999976158142;
2016-01-25 11:45:00;0.9998801528087335;0.9998162528371571;1.0000001498623252;0.9999014868384648;0.9999775926019027;0.9999195827435197;1.000222317677073;1.000000102992214;0.9999126526307845;1.0000000864652434;0.9999273164305423;1.0000000844021146;1.0000000809659138;0.9999703794921331;1.000000104825832;0.9999987404986526;1.0000001046239753;1.0000001561607361;1.000000080733568;0.9999232250888187;0.9998585991485898;0.9998318466198695;0.9999992049938525;1.0002066854975566;1.0002304775248272;0.9998812641906748;0.9998500846927825;0.9999516546069037;0.9953626834984894;0.9935716295106645;0.9915780942340672;0.9906494688796812;0.9999440359237893;0.9900564055079663;0.9898512178379075;0.9898163298005057;0.9894816705909398;0.9893507037118198;1.0000000710315944;0.9999528317044665;0.9998643457679963;0.9999626500890714;0.9999989809358854;1.024999976158142;
2016-01-25 12:00:00;0.9998483155825733;0.9997849469032091;1.0000001920701023;0.9998770304504931;0.9999745277006903;0.9999009179762702;1.0002323690579948;1.000000123194497;0.9998980401394478;1.000000099656469;0.9999124766312032;1.000000093565718;1.0000000895193832;0.9999644890006316;1.0000001257317337;0.9999984410677374;1.0000001255013062;1.000000201497227;1.0000000914437606;0.9999051502616048;0.9998174055059956;0.9997990954968581;0.9999989232611983;1.0002160051449445;1.0002415065147694;0.9998483740254944;0.9998189042907807;0.9999406079623753;0.9952306103618856;0.993398896895793;0.9913415145909564;0.990388350115403;0.9999361207845191;0.9897840878220748;0.9895866743799471;0.9895301501427559;0.9891985557618668;0.9890863413382771;1.0000000775530073;0.9999463213519223;0.9998250117002337;0.9999547996265062;0.9999990880849593;1.024999976158142;
2016-01-25 12:15:00;0.9998967594100004;0.9998551344435238;1.0000001175087454;0.99991815607774;0.9999846009210288;0.9999357071412357;1.0002130994477862;1.0000000884446454;0.9999385497460688;1.0000000775939477;0.9999422084579922;1.0000000804911877;1.0000000771571653;0.9999761619087496;1.0000000898649062;0.9999989159797886;1.0000000897229113;1.000000121448123;1.000000073829408;0.9999387200479583;0.9998743906600533;0.9998685624840089;0.9999992230626674;1.000198253791369;1.0002209243293867;0.9998973715559633;0.9998804029857239;0.9999613475776195;0.9953351500078798;0.9935781996825019;0.991639472796773;0.9907635623252357;0.9999601770553835;0.990209056947201;0.9899965971316953;0.9899743793058939;0.9896526400822079;0.9895481564649785;1.000000067238755;0.9999665043333449;0.99988013235041;0.999972125519563;0.999999127069604;1.024999976158142;
2016-01-25 12:30:00;0.9997793997999006;0.999746767318871;1.0000002367655294;0.9998301968149709;0.9999766643245588;0.9998713755492252;1.0002378728595518;1.000000145611085;0.9998978702773519;1.0000001136693757;0.9998906307821472;1.0000000992681717;1.0000000956859996;0.9999550566909966;1.0000001498716828;0.9999974745337074;1.0000001495904292;1.0000002492897417;1.000000102695865;0.9998772108539319;0.9997209493480821;0.9997592540536685;0.9999980383158511;1.0002209701908464;1.000249272086158;0.9997766201992621;0.9997738466425737;0.9999231374902556;0.9951146370853095;0.9932608298488685;0.9912211263350892;0.9902956542417735;0.9999376462942942;0.9897223784429932;0.9894943448043961;0.9894532091724338;0.989175148779949;0.9890777825101059;1.0000000838472642;0.9999480763498665;0.9997341602503964;0.9999477367768275;0.9999992165800091;1.024999976158142;
2016-01-25 12:45:00;0.9999287675637075;0.9998862814630491;1.0000000983191237;0.9999391465861402;0.9999852670532611;0.9999496417233938;1.0002017216713266;1.0000000795637485;0.9999431284848709;1.0000000717172473;0.9999536966857755;1.0000000740263157;1.0000000715692063;0.9999815414462726;1.000000080606513;0.9999987538746659;1.0000000805028646;1.000000100648557;1.000000069104953;0.9999526124120378;0.9999187879165045;0.999895807297938;0.9999994801475547;1.000187251449934;1.000208639483427;0.9999293417417348;0.999908077273667;0.9999697854802891;0.9952799547749822;0.9934804282170512;0.9915207519026986;0.9906216000983689;0.9999636562699905;0.9900491393437784;0.9898142626129174;0.9898136879104102;0.9895343940423722;0.9894298691975526;1.0000000646102432;0.9999693406588316;0.9999214747183441;0.999976281758394;0.9999993977679595;1.024999976158142;
2016-01-25 13:00:00;0.999955142411076;0.9999150074632868;1.0000000845255406;0.9999599317635168;0.9999878751606958;0.9999652452956411;1.0001922160573835;1.0000000730118368;0.9999547339282041;1.0000000681834065;0.9999670140214111;1.0000000747734565;1.0000000718379942;0.9999869401813141;1.0000000735739252;0.9999992987713197;1.0000000734978498;1.000000085939699;1.0000000665294042;0.9999671439674727;0.9999516454248739;0.9999233044841951;0.9999997727167137;1.0001786725305615;1.0001981676655136;0.9999562028883293;0.9999340396630788;0.9999790977251051;0.995068190666901;0.9932692550269772;0.9912827822756723;0.9904140939839015;0.999970665178668;0.9898945217693234;0.9896779163032658;0.989610676503969;0.989293130356865;0.9891868293782905;1.0000000636832294;0.9999751660131424;0.9999529419903394;0.9999823894915523;0.9999994766929373;1.024999976158142;
2016-01-25 13:15:00;0.9999396795409199;0.9998739003128584;1.0000000899197703;0.9999475180215043;0.9999836950845397;0.9999551501223474;1.000202738120014;1.0000000737578283;0.99994181173875;1.0000000676749654;0.9999554270096397;1.000000073275404;1.0000000702416272;0.9999811823036183;1.0000000744499005;0.9999992599348498;1.0000000743034076;1.0000000919494632;1.0000000655339807;0.9999579225627752;0.9999358831251687;0.9998943366354741;0.999999730016672;1.0001884797110001;1.0002090765929514;0.9999432134144642;0.9999094275476974;0.9999726041273098;0.9955601644515254;0.9938907483746432;0.9920362467461618;0.9911983013922869;0.9999592978933372;0.9907037694345662;0.9905100770793674;0.9904187776894501;0.9900719224606365;0.9899507295606086;1.0000000619156804;0.9999653637248728;0.9999382781915783;0.9999781500122639;0.999998632099229;1.024999976158142;
2016-01-25 13:30:00;0.9999352845860339;0.9998585635034208;1.0000000976851424;0.9999447008555096;0.9999823203836694;0.9999528089487826;1.0002058241809904;1.0000000771132551;0.9999380200407528;1.0000000698408984;0.9999523267367437;1.0000000729549612;1.0000000702648015;0.9999793312927432;1.0000000778988334;0.9999995279488176;1.0000000777028983;1.000000100331473;1.0000000672244114;0.9999555303183146;0.999931089782282;0.9998843450683306;0.9999997800954391;1.0001915932123093;1.0002121223243172;0.9999400686878774;0.9999010082629868;0.9999709809933292;0.9955323822054012;0.9938379986549885;0.9920109332215585;0.9911838211619476;0.9999554043453859;0.9906098802434244;0.9903766359881906;0.990472965168217;0.9901515412434735;0.9900198926717462;1.0000000628223156;0.9999619781179999;0.9999340976768746;0.9999771205402782;0.9999982653149776;1.024999976158142;
2016-01-25 13:45:00;0.9999360300138936;0.999872396104602;1.0000001006320762;0.9999455802340868;0.9999843550975008;0.9999544514279182;1.0002048228621265;1.000000080455449;0.9999440599084694;1.0000000728426284;0.9999549717929209;1.0000000782610134;1.0000000749156617;0.999980722863175;1.0000000813836931;0.9999992402766426;1.0000000811903038;1.0000001031647967;1.0000000701504628;0.9999573902333277;0.9999304647209741;0.9998939134955215;0.9999996850139634;1.000190442969527;1.0002113377718367;0.9999396782142537;0.999908284215241;0.9999721329711369;0.995221570440153;0.9934308014974131;0.9914427298904711;0.9905451790052815;0.999960385378737;0.9898818246001305;0.9896732762797227;0.9898014757989477;0.9894435546976909;0.9893028041814471;1.0000000655662007;0.9999662911345952;0.9999333388807099;0.9999786058589608;0.9999985591528608;1.024999976158142;
2016-01-25 14:00:00;0.9999341905425388;0.9998668410474069;1.0000000951569512;0.9999438992248212;0.9999840886617041;0.9999534474126454;1.0002043622032204;1.0000000767164732;0.9999438033604952;1.0000000694909714;0.9999533453444625;1.0000000732554375;1.0000000704876197;0.9999797685061788;1.000000077729872;0.9999990275888428;1.0000000775240567;1.0000000973986467;1.000000066992656;0.9999569259946909;0.9999293003963238;0.9998914655430358;0.9999996369217244;1.0001898447337474;1.0002109752602022;0.9999384024218293;0.9999062335892215;0.999971409680562;0.9955212502152186;0.9938114620896871;0.991947913941649;0.991094277965497;0.9999592972660509;0.9904768503604654;0.9902547286780734;0.9903777542777814;0.9900472869507155;0.989910506382747;1.0000000627607863;0.9999653196495226;0.999932241161299;0.9999786783345885;0.9999983436882011;1.024999976158142;
2016-01-25 14:15:00;0.9999438596123318;0.9998855008240669;1.000000086638343;0.999950944821718;0.9999852724507231;0.9999583810284621;1.0001980695400254;1.0000000726483969;0.9999472320330017;1.0000000670790896;0.9999587628315765;1.0000000718653292;1.000000069210623;0.9999826455223252;1.0000000733797294;0.9999991235430503;1.0000000732289014;1.0000000883308908;1.0000000651445322;0.9999612364495752;0.9999404154578753;0.9999039112240464;0.9999997067966403;1.0001840142620566;1.0002043367290063;0.9999469248042541;0.9999174632688361;0.9999746048799178;0.9954463524264886;0.993718004768662;0.9918581086799556;0.9910130877081994;0.9999631513107122;0.9904391623861287;0.9901988244037903;0.9902783374934592;0.9899396506089789;0.9897899102706844;1.0000000618606162;0.9999686541613279;0.9999425300248813;0.9999800349822223;0.9999987728410312;1.024999976158142;
2016-01-25 14:30:00;0.9999419161603493;0.9998797916653284;1.000000092290218;0.9999498619574066;0.9999842207606331;0.9999568601676874;1.0002008940235574;1.0000000751059748;0.9999432101886996;1.000000068828833;0.9999576072166511;1.0000000725062586;1.0000000699277931;0.9999822268153622;1.0000000757801688;0.9999995291000624;1.0000000756276914;1.000000094490459;1.0000000665807118;0.9999590416546831;0.9999373144966959;0.9998977679843716;0.9999997860700849;1.0001869938538857;1.0002070394949887;0.9999450527565393;0.9999122592534497;0.9999737134734336;0.9954512468747055;0.9936903627661797;0.9917411947519521;0.9908277034925848;0.9999608692214447;0.9901319301709043;0.9899231413025079;0.9900848743610192;0.9897493048198663;0.9895909486299667;1.000000062766077;0.9999667308094442;0.9999397419936462;0.9999785517373619;0.9999988047001885;1.024999976158142;
2016-01-25 14:45:00;0.9999447116089022;0.9998829815383734;1.0000000849260284;0.9999524846004986;0.999985737606569;0.999960129774315;1.000194671549621;1.0000000713490018;0.9999500124897096;1.000000065972863;0.9999596021472031;1.000000066361222;1.000000064927525;0.9999824787239018;1.0000000721089986;0.9999992417659981;1.0000000719314712;1.0000000865407899;1.0000000640932387;0.9999630274657008;0.9999414636989188;0.9999050752344288;0.9999997328416658;1.0001809582420909;1.0002007715960743;0.9999486221282019;0.9999184715315123;0.9999754851650257;0.9955165801832545;0.9938070698167644;0.9919141354024014;0.9910422226946136;0.9999636828224173;0.9902965861416548;0.9900942921505795;0.9903888876759089;0.9901325891602579;0.9899734375610308;1.00000006091195;0.9999690325385557;0.999943881507149;0.9999813881218416;0.9999985230717008;1.024999976158142;
2016-01-25 15:00:00;0.9999200452424791;0.9998603081906109;1.000000099258174;0.9999293623431218;0.999982909367684;0.9999424961663688;1.0002016649171985;1.0000000794099189;0.999937252505244;1.000000069885316;0.9999443969140135;1.0000000669637572;1.0000000656413812;0.9999767561999581;1.0000000811543641;0.9999975046433365;1.0000000809225242;1.000000101322916;1.0000000669399027;0.9999484024269629;0.9999147816813201;0.9998818253227097;0.9999992462508865;1.0001861356776847;1.0002091822531871;0.9999227632789247;0.9998969016476412;0.9999650352688039;0.9956122147220051;0.9939640657535147;0.9921642401979828;0.9913567622212455;0.9999565129939358;0.9907076954663394;0.9904959037432308;0.9907233815652907;0.9904632297900957;0.9902826031547535;1.0000000620359044;0.9999630959880648;0.9999171965269428;0.9999748574404376;0.9999985668366682;1.024999976158142;
2016-01-25 15:15:00;0.999943596617829;0.9998887073487888;1.0000000876434947;0.9999509597852053;0.9999860662085457;0.999958932330965;1.0001953283854559;1.0000000725569134;0.999949982096269;1.0000000663613022;0.9999594571770531;1.0000000649747458;1.0000000638530975;0.9999828519899672;1.0000000734117835;0.999998989672273;1.000000073269334;1.000000089455454;1.0000000642723237;0.9999620571992351;0.9999397755601603;0.9999069755220745;0.999999663459075;1.0001813755655002;1.0002016215852232;0.9999465469880792;0.9999197327603974;0.9999749265928766;0.9955148794163997;0.9938729198158909;0.9921001833070667;0.991331950955532;0.9999648704623877;0.9906824955367569;0.9904579514806863;0.9907511671798935;0.990533846311819;0.9903929757039954;1.0000000607392683;0.9999701213762864;0.9999419315415911;0.9999808298981417;0.9999987933311271;1.024999976158142;
2016-01-25 15:30:00;0.9999314458562578;0.9998696702835298;1.000000095910347;0.9999398529767655;0.9999832508204478;0.9999495535478805;1.000196552627941;1.00000007727666;0.9999390225242446;1.0000000694212903;0.9999509392779719;1.0000000666334319;1.0000000655174366;0.9999795673463745;1.0000000784116216;0.9999985995788552;1.000000078239022;1.0000000980898693;1.0000000668302031;0.9999534216634955;0.9999266284410177;0.9998888772320313;0.9999995414779111;1.0001822270751335;1.0002031903523882;0.9999343090715331;0.999903958542845;0.9999693256728154;0.995358830375714;0.9936997263056861;0.9918565688055314;0.9910747507795453;0.9999581178534503;0.9904672222947084;0.9902747929596362;0.9904472160159971;0.9902221943066852;0.9900635951446977;1.000000062479467;0.999964433141928;0.9999289952643645;0.9999763133449101;0.9999987300994828;1.024999976158142;
2016-01-25 15:45:00;0.9999082008761182;0.9998162796341757;1.000000126055327;0.9999175280878301;0.999974634643411;0.9999288372363889;1.0002044034140054;1.000000091550061;0.9999077019409159;1.000000078200934;0.9999311205246868;1.0000000711261945;1.0000000698099216;0.9999716191001067;1.0000000931779331;0.9999982781400408;1.0000000929315394;1.0000001302056618;1.000000073775075;0.9999337574397421;0.9999039003417836;0.9998409788168137;0.9999994714567484;1.0001892777895154;1.000211466544964;0.9999121140007938;0.9998640012680237;0.9999567843889549;0.9952397583913556;0.9935256027498712;0.9916238485401806;0.9908099661894866;0.9999377611795397;0.9901323549739975;0.9899318900383318;0.990187536350443;0.9899348591723234;0.9897479355766505;1.0000000665255704;0.9999471537462963;0.9999065733906389;0.9999648467041057;0.9999983556763204;1.024999976158142;
2016-01-25 16:00:00;0.9998911290330901;0.9997855169837713;1.0000001420971747;0.9998997741962439;0.9999676978512226;0.9999114322831353;1.0002120049976266;1.0000000965641258;0.999880181094995;1.0000000801967721;0.9999163595152947;1.0000000696907274;1.0000000685456238;0.9999667265769406;1.000000098222869;0.9999979600211869;1.0000000979912316;1.0000001477741407;1.0000000747515363;0.9999166786274395;0.9998865403726858;0.9998058794947121;0.9999993972483895;1.0001961082491737;1.0002194706419476;0.9998939961959791;0.9998347020238694;0.9999466240628733;0.9955981008781868;0.9939930775671744;0.992217556830517;0.9914508650368477;0.9999226546515846;0.9908679273774227;0.9906767117610908;0.9908267015529045;0.990600143329024;0.9904331045551238;1.000000066000821;0.9999344831922944;0.999888849643779;0.9999541172279993;0.9999986545398833;1.024999976158142;
2016-01-25 16:15:00;0.9999041434161824;0.9998814552734927;1.0000000957576567;0.9999178236343057;0.9999885218228338;0.9999382514142404;1.0002052063037465;1.0000000794326336;0.9999535511346224;1.0000000681403074;0.9999434130221322;1.000000063704275;1.0000000627586552;0.9999766157592063;1.0000000823255448;0.9999957508449612;1.0000000820811281;1.0000000969223344;1.0000000651206868;0.9999467623787665;0.9998916652423862;0.999896469914415;0.9999986374698152;1.0001881865266697;1.0002143115891766;0.9999040404795921;0.9999048061437714;0.9999627703973764;0.99598540506018;0.9944849607357187;0.9928703047725806;0.9921591846930065;0.9999686932254294;0.9915301742112971;0.9913213826427443;0.9916405790871667;0.9914439551341911;0.9913118048406243;1.0000000600719243;0.9999736796677913;0.9998946873051606;0.9999775966158976;0.999999016561038;1.024999976158142;
2016-01-25 16:30:00;0.9998395611441558;0.9997375321015014;1.0000001897300277;0.9998587307291058;0.9999631380039132;0.9998805461769599;1.0002311196922677;1.0000001159582823;0.9998581665810982;1.0000000892195668;0.9998915503799177;1.000000069374603;1.0000000685858457;0.9999567808319656;1.0000001192131145;0.9999967912128016;1.0000001188925705;1.0000001987965612;1.0000000806348386;0.9998879786083581;0.9998217777572471;0.9997562305817467;0.9999988013599161;1.0002132742041392;1.0002405731044433;0.9998406449900146;0.9997872134020989;0.9999282830916052;0.9963145086299935;0.994960509591483;0.993507418300516;0.9928931264307073;0.99991062292941;0.9923581785933909;0.9921670617169869;0.9924393804288422;0.9923166559802894;0.9922443296468508;1.0000000670562026;0.9999245943323521;0.9998265863061131;0.9999419548011188;0.9999987703289577;1.024999976158142;
2016-01-25 16:45:00;0.9998320169282686;0.9997522828097608;1.000000195103555;0.9998545099317725;0.9999692281171;0.9998825798809766;1.000233696441627;1.000000123430262;0.9998801802637854;1.000000092092881;0.9998934800938036;1.0000000700009932;1.0000000693137174;0.9999564325569431;1.0000001288169664;0.9999952440754526;1.0000001283332638;1.0000002027107942;1.0000000827664124;0.9998931139253774;0.9998114548561705;0.9997756771078818;0.9999983330440037;1.000214504167871;1.0002444025989963;0.999833064044017;0.9998006569214206;0.9999292401588504;0.9963375266468302;0.9950175398543167;0.9936152550043699;0.9930428542387613;0.9999226753260214;0.9924849910865076;0.9922891332824005;0.9926606104560066;0.9925761753733523;0.9925391453499216;1.000000068019373;0.999934812778054;0.9998169327415829;0.9999485141349526;0.999998445554767;1.024999976158142;
2016-01-25 17:00:00;0.9998464180294304;0.9997601103154168;1.0000001996009966;0.999859945859487;0.9999664074988008;0.9998834828235033;1.000234992849328;1.0000001263084928;0.9998704464377789;1.0000000930124981;0.999893922813754;1.0000000702601433;1.0000000694286686;0.9999575739169104;1.000000131944815;0.9999946575435145;1.000000131471824;1.0000002069348581;1.0000000833241347;0.9998948285659552;0.9998356670682251;0.9997790969647792;0.9999984296338631;1.0002150129626335;1.000245560295593;0.999846977089737;0.9998071749368926;0.9999299297381004;0.9963901463111514;0.9950682172577285;0.9936715474223434;0.9930897497401762;0.9999178989905452;0.992524696498827;0.9923234448377186;0.9926998890318124;0.992602257524523;0.9925652265277163;1.0000000682404522;0.9999307421792555;0.9998385300094362;0.9999464037526098;0.999998749753404;1.024999976158142;
2016-01-25 17:15:00;0.9998614560021519;0.9997741033486335;1.000000162015361;0.999877927288245;0.99997097686226;0.9998997568250144;1.0002248593154528;1.0000001061587886;0.9998902700217335;1.0000000822960127;0.9999068400734226;1.000000064553535;1.0000000641904274;0.9999615985188925;1.0000001101211926;0.9999960912835715;1.000000109693282;1.0000001679889345;1.0000000751239582;0.9999088658155095;0.9998489838896839;0.9998002420239108;0.9999987241202631;1.0002067763745819;1.0002343462015788;0.9998640547028217;0.9998249589349212;0.9999393592457396;0.9963959257452645;0.9951004280658513;0.9937647127790947;0.9932275294882128;0.9999274732783886;0.9926774536422404;0.9924582579533584;0.9928869225590904;0.9928302896471036;0.9927971909369907;1.000000063840819;0.9999386603237864;0.9998531180187435;0.9999548785339312;0.9999982496727278;1.024999976158142;
2016-01-25 17:30:00;0.9998621908861457;0.999733287279162;1.0000002083808726;0.9998750854885611;0.9999608301519819;0.9998904358712443;1.0002352240846075;1.0000001204723155;0.9998549001591932;1.0000000908308748;0.9998977107227822;1.0000000663166524;1.0000000659412487;0.999958205862564;1.0000001235503768;0.9999977761012876;1.0000001231092326;1.000000219198782;1.0000000810927419;0.9998970874579145;0.999854772650906;0.9997608680205768;0.9999992868276028;1.0002176565174508;1.0002436465000182;0.9998665574149469;0.9997958156391045;0.9999336918444918;0.9966738294230243;0.9954870795272257;0.9942523890195536;0.9937660870845066;0.9999055110555254;0.9932922051810852;0.9930987331767777;0.9934412871453343;0.9933858244012005;0.9933530857322377;1.0000000661093003;0.9999199400075535;0.9998583870493721;0.9999441423018249;0.99999814958555;1.024999976158142;
2016-01-25 17:45:00;0.9998225730788678;0.9996993175637432;1.000000247146492;0.999841995274717;0.9999628177098251;0.9998714797122429;1.000241540627772;1.0000001505117262;0.9998627052332535;1.0000001065967088;0.9998783072448134;1.0000000741410044;1.0000000736508425;0.9999482049119756;1.0000001585527436;0.9999940679413245;1.0000001576393218;1.00000025639463;1.0000000936952305;0.9998858194778574;0.9998122139520628;0.9997449614687727;0.9999982488925832;1.000220671255713;1.0002527932229521;0.9998284349487128;0.9997775261284295;0.9999216226863321;0.9962638424933927;0.9949174527297447;0.9935500113109603;0.9930037410849439;0.9999053319543728;0.9924339350268357;0.9921923154759622;0.9926644942429371;0.992609226189736;0.9925773012361001;1.0000000736469388;0.9999197116156779;0.9998171699621857;0.9999445268958078;0.9999969091266846;1.024999976158142;
2016-01-25 18:00:00;0.9997660420373256;0.9996107338436749;1.0000003871814167;0.9997955671509808;0.999957786692853;0.9998396495873667;1.0002577879296461;1.0000002291748096;0.9998474955516783;1.0000001502914233;0.9998456293484751;1.0000000929515704;1.0000000921932535;0.9999312015439321;1.0000002457322805;0.9999913016533822;1.0000002436983428;1.000000400135937;1.000000127601869;0.999861441307674;0.9997523417215665;0.9996875783720266;0.9999974547597265;1.0002336886557524;1.0002716493152632;0.9997768285111341;0.9997250160927853;0.9999012267800801;0.9958338299786518;0.994398214627854;0.9929300816472246;0.9923837112787208;0.9998873776610905;0.9917939906550122;0.9915431680697765;0.9920579295184918;0.9920026283156237;0.991971510509737;1.000000092251608;0.9999042277571816;0.999760151933578;0.999937553250646;0.999994763881392;1.024999976158142;
2016-01-25 18:15:00;0.9998123075750144;0.9996714272371431;1.000000248952489;0.9998367493459678;0.9999640162769619;0.9998710061478362;1.0002459252765998;1.0000001538550873;0.9998717690951628;1.0000001082220102;0.9998738253881305;1.0000000754372702;1.000000074856328;0.9999438377339067;1.0000001632442879;0.9999936229856932;1.0000001620118413;1.000000257313018;1.000000094999199;0.9998874478081423;0.9998016475606722;0.9997380201758098;0.9999980846526745;1.0002244508018203;1.000257706980966;0.9998221947196623;0.999770476169143;0.9999204656128174;0.9963135191595149;0.9949515473415742;0.9935764367967911;0.9930078777612447;0.9999045182313238;0.992387344899413;0.992137557526047;0.992673555189565;0.9926151146737762;0.9925820231782214;1.0000000744247939;0.9999186990230645;0.9998083479209059;0.9999485957250706;0.9999954591438553;1.024999976158142;
2016-01-25 18:30:00;0.9998590550028531;0.9997392723880925;1.0000001625597696;0.9998753890050175;0.99996693701271;0.9998965912432425;1.0002254411226816;1.000000105521618;0.9998798115762302;1.0000000826932658;0.9999001781716866;1.0000000652412926;1.0000000648525014;0.9999576988223341;1.0000001091618733;0.9999963708728714;1.0000001086394923;1.000000168876917;1.000000075586308;0.999906056935304;0.9998508216546527;0.9997798606691379;0.9999988649417656;1.0002074831315717;1.000234600271123;0.9998650525562635;0.9998095075542024;0.9999369093516945;0.9963221406846752;0.9949527852616036;0.9935875304974925;0.9930138945302952;0.9999166829855836;0.992355591317071;0.9920929785524856;0.992698596072226;0.9926444838265541;0.992613755571937;1.000000064382396;0.9999292294184771;0.9998553160510235;0.9999529819489839;0.9999972505435379;1.024999976158142;
2016-01-25 18:45:00;0.9998567647314669;0.9997156070087143;1.0000001857893852;0.9998703050394618;0.9999579868053406;0.9998855074532497;1.0002296869381009;1.0000001098695914;0.9998448422569743;1.0000000853060282;0.9998922094029565;1.0000000645447993;1.000000064227854;0.9999562772806327;1.0000001121569144;0.9999979745636568;1.0000001117909643;1.0000001954952824;1.0000000770808175;0.9998916366249407;0.9998489789733715;0.999745069328924;0.9999993167007359;1.000212678574924;1.0002378480870493;0.9998614592232572;0.9997826872015234;0.9999307736684238;0.9966187037684586;0.9953506068286933;0.99406559435963;0.9935214343036892;0.9998989055922747;0.9928943357208425;0.9926649001384347;0.9932241248089391;0.9931834694810265;0.9931649302454769;1.0000000643369396;0.9999143179045159;0.9998528226668577;0.9999407055909005;0.9999980211524356;1.024999976158142;
2016-01-25 19:00:00;0.9998374090205582;0.9997619967604044;1.00000019474145;0.9998521647230875;0.9999703487915407;0.9998819926883168;1.0002352809174195;1.0000001288501315;0.9998859739432348;1.0000000922512025;0.999891087051229;1.0000000672097473;1.0000000668770348;0.9999551587812303;1.0000001367237605;0.9999925522405134;1.000000136041224;1.0000001998992867;1.0000000823816473;0.9998975878993883;0.9998276954782104;0.9997901586473481;0.9999978957409188;1.0002135952842879;1.0002472072728772;0.9998387853820615;0.9998145917461112;0.9999286248449548;0.9966293038644738;0.995344187728472;0.9940730701494442;0.9935284239966025;0.9999246477623879;0.9928781678127359;0.9926249409111222;0.9932462809587491;0.9932080637069534;0.9931915111268121;1.0000000671121945;0.9999363748785364;0.9998306419484277;0.9999512778050351;0.9999981126869845;1.024999976158142;
2016-01-25 19:15:00;0.9998326555841881;0.9997390337701366;1.0000002146189617;0.9998468410392218;0.9999664922455529;0.9998760037319354;1.0002419164324097;1.000000136265183;0.9998731616464674;1.000000095582496;0.9998846927049341;1.0000000671940519;1.0000000668633309;0.9999522017409597;1.000000144542819;0.9999927215828791;1.0000001437803692;1.0000002210871086;1.0000000844159707;0.9998917851930565;0.9998250621799467;0.9997718911148101;0.9999979861370623;1.0002198693885112;1.000253827698287;0.9998353266769452;0.9998002936125076;0.9999248258381392;0.9969384989828199;0.9957837235678958;0.9946325455324321;0.9941526153880923;0.9999154843600431;0.993595979898067;0.99337431696301;0.9938928242879648;0.9938603737805338;0.9938505014090857;1.0000000673410967;0.9999285213449217;0.9998280200583212;0.99994733241723;0.9999977875251509;1.024999976158142;
2016-01-25 19:30:00;0.999844055199089;0.9997619643231699;1.0000001715813613;0.9998604278298647;0.9999742646073243;0.9998919741902372;1.0002349587533643;1.0000001188455527;0.9999049053307514;1.0000000857447622;0.9998965849719876;1.0000000640114732;1.0000000637552529;0.9999553410448754;1.000000127048434;0.9999923625454757;1.0000001262218345;1.0000001749078498;1.0000000771606792;0.9999088175662366;0.9998366473771607;0.999805659531111;0.9999978596800684;1.0002131279278363;1.000246950981445;0.9998486498955185;0.9998276176787508;0.9999339130349425;0.9968936345118478;0.995711246313643;0.994552874530866;0.9940639111820396;0.9999312318842739;0.9934630770114552;0.993222576339907;0.993822260584562;0.9937966510439252;0.9937879785964823;1.0000000639204307;0.9999416510966221;0.9998403593616528;0.9999595125318536;0.9999970339083034;1.024999976158142;
2016-01-25 19:45:00;0.9998642961005338;0.9997083194276186;1.0000001685456656;0.9998845290299015;0.9999681812145647;0.9999066458176634;1.00023429886697;1.0000001050443668;0.9998934227034542;1.0000000812102374;0.9999030142226438;1.0000000624638352;1.0000000621559568;0.9999548462077849;1.0000001091342117;0.999997223398708;1.0000001082749927;1.0000001753987657;1.0000000736036665;0.9999168308190853;0.9998599705148372;0.9997794576554092;0.9999991102813766;1.0002163888278643;1.0002430947917618;0.9998774527024643;0.9998103538662414;0.9999415386620124;0.996989785692461;0.995838881670622;0.9947070666776594;0.9942261909147464;0.9999153864927102;0.9936503161736286;0.9934190478029492;0.9939782783781642;0.9939525006219323;0.9939442056419651;1.0000000618825093;0.9999275282785818;0.9998664683844709;0.999961063536393;0.9999951236352791;1.024999976158142;
2016-01-25 20:00:00;0.9998672030902709;0.9997624850627346;1.0000001352150742;0.9998858832312036;0.999975053566293;0.9999106336779181;1.0002316013962875;1.0000000921317866;0.9999125358041511;1.000000072042576;0.9999110183569774;1.0000000579198207;1.0000000576898063;0.9999600288504354;1.0000000964475433;0.9999956365084023;1.0000000958256687;1.0000001392052096;1.0000000662798885;0.9999221354367893;0.9998591972391462;0.9998142685736391;0.9999986459888762;1.0002126629157368;1.0002414457370328;0.999875154151565;0.9998370384036593;0.9999447358985804;0.9975572157382553;0.9965770348155005;0.9956236836983632;0.9952006532852125;0.999932960663085;0.9946833356149418;0.9944793039541812;0.9949898772784872;0.9949627191971228;0.9949544157693649;1.000000057420601;0.9999428219088463;0.9998644442603984;0.9999651512656114;0.9999964639722615;1.024999976158142;
2016-01-25 20:15:00;0.9997746276545428;0.9995451877319437;1.000000383080625;0.9998026592471797;0.9999510932520362;0.9998431299666097;1.0002737039119478;1.0000002112093107;0.9998353308021415;1.0000001368541573;0.999839880423012;1.0000000803791107;1.0000000798111135;0.9999248547812113;1.0000002257999254;0.99999254523905;1.0000002232662941;1.0000003978034433;1.000000114465936;0.9998653340509839;0.9997734595639992;0.9996592883949724;0.9999979794406313;1.000249327188771;1.0002866846806635;0.9997948093653104;0.9997064234617087;0.9999016759434511;0.9974894790608446;0.9964812410096414;0.9955054470044353;0.9950813682515054;0.9998682737946983;0.9945234633890638;0.9943104029023461;0.9948969127278893;0.9948709651196289;0.9948622832854366;1.0000000806964275;0.9998872274642447;0.9997820774221332;0.9999386783152674;0.9999921592203191;1.024999976158142;
2016-01-25 20:30:00;0.9998307937476887;0.9996507995648678;1.0000002110039836;0.9998533059784266;0.9999602015778204;0.9998805741988724;1.0002475753890145;1.000000121951616;0.9998637396155128;1.00000008916438;0.9998787701778199;1.0000000634274273;1.0000000631125194;0.9999446901977889;1.0000001273628087;0.9999958888606717;1.0000001262777005;1.0000002204282608;1.0000000788178456;0.9998937329704597;0.9998259306390226;0.9997293015088916;0.9999987539160319;1.0002277221373872;1.0002576569893478;0.9998448052387453;0.9997671750932556;0.9999256900485085;0.9976573815595331;0.996716518388794;0.9958145669801071;0.9954216032960377;0.9998956121955505;0.9949060839705237;0.994701485524968;0.9952496886085261;0.9952251550959599;0.9952168494770075;1.0000000632166535;0.9999107759265831;0.9998329130962056;0.9999492682664215;0.9999946132732818;1.024999976158142;
2016-01-25 20:45:00;0.9998775397568211;0.9997306723509175;1.0000001455853704;0.9998915398342998;0.9999665444519288;0.99990849982711;1.000232625904095;1.0000000916176601;0.9998846099292644;1.0000000723632065;0.9999070688561642;1.000000057082725;1.0000000569154834;0.9999586534487339;1.0000000944613996;0.99999750673545;1.000000093897937;1.0000001516882115;1.000000066278877;0.9999170845137989;0.999876378074525;0.9997859949233191;0.9999992832151837;1.0002149601960397;1.0002409349353478;0.9998877795443984;0.9998179206403669;0.9999433211737544;0.9977536163044952;0.9968590587059318;0.9960086315664697;0.9956426087663489;0.9999147159536759;0.9951466653898651;0.9949474036996836;0.9954932462934936;0.9954751563988519;0.9954672596421803;1.0000000571169942;0.9999271649348728;0.9998808912066016;0.9999579055780615;0.9999962186908614;1.024999976158142;
2016-01-25 21:00:00;0.9999081869855303;0.9998350130753987;1.0000000879676516;0.9999195347202333;0.9999801842635392;0.9999345469151217;1.000211979097003;1.000000067303388;0.9999282051482896;1.0000000588811744;0.9999362366406976;1.0000000525432693;1.0000000524656;0.99997287647541;1.0000000687646762;0.9999973331622027;1.0000000685561843;1.0000000902691957;1.0000000563596214;0.9999412128546014;0.9999022143020319;0.999862671881169;0.9999991629390048;1.0001956506529666;1.0002199476488374;0.999912081552163;0.9998803734501236;0.9999600345296864;0.9978028013278724;0.9969157682906655;0.9960691806604118;0.9956930747365964;0.9999492906261084;0.9951905234214204;0.9949951147935429;0.9955347809586566;0.9955184169950368;0.9955089390886772;1.0000000524485713;0.99995690564043;0.9999052885725553;0.9999715017935091;0.9999981341729639;1.024999976158142;
2016-01-25 21:15:00;0.9998942696398513;0.9998289969004109;1.0000000966364428;0.9999090312526854;0.9999797926436625;0.9999268914144731;1.0002156142148946;1.0000000715942021;0.9999242371437631;1.0000000613188076;0.9999310023766466;1.0000000535809102;1.0000000534994702;0.9999711305127484;1.0000000733961592;0.9999971015449182;1.0000000731743406;1.0000000994789053;1.0000000582429136;0.999933742517326;0.9998830183409304;0.9998526805275767;0.9999989889953418;1.0001989626163352;1.000224099907419;0.9998968650151993;0.9998698736780676;0.9999556466514645;0.9976690206876492;0.9967606385277782;0.9958730463827485;0.9954940303588811;0.9999483345498356;0.9950239779662847;0.9948375802923454;0.9953096625680504;0.9952938314300183;0.9952847350084929;1.0000000534244164;0.9999562505404614;0.9998868490312207;0.9999684599988655;0.999998409449614;1.024999976158142;
2016-01-25 21:30:00;0.9999102103101619;0.9998523531141331;1.0000000801748603;0.999923691647717;0.9999837527254476;0.9999397065071957;1.000208069583094;1.0000000644142777;0.9999401544655792;1.0000000573185424;0.9999419342238913;1.0000000521929104;1.0000000521177765;0.9999752011701911;1.0000000658265096;0.999997473777513;1.000000065653135;1.0000000818581711;1.0000000552535722;0.9999458668003339;0.9999007029573203;0.9998769796485683;0.9999991184873688;1.0001921902394164;1.0002160199509385;0.9999132590490306;0.9998910086682945;0.9999632376954277;0.9977398417822999;0.9968375764620335;0.995947904822167;0.9955526805640419;0.9999574628947643;0.9950863800790529;0.9949066401456156;0.9953441395649342;0.9953266908420518;0.9953172147629777;1.0000000519845036;0.9999639044957923;0.9999042971532632;0.9999751054982634;0.9999983458293549;1.024999976158142;
2016-01-25 21:45:00;0.9998925614485502;0.9998063204664289;1.0000001088694817;0.9999051672606822;0.9999739708537185;0.9999199239240977;1.000219434888487;1.0000000754303286;0.9999033223633946;1.0000000634491775;0.9999244283873057;1.0000000539307519;1.0000000538505485;0.9999689733017252;1.0000000769985247;0.9999977758927715;1.0000000767962345;1.0000001129653449;1.0000000597156156;0.9999256833457325;0.9998838241219926;0.9998292835805713;0.9999992281488351;1.0002029960549939;1.0002274521295018;0.9998956046828925;0.999852137094946;0.9999515228571427;0.9977964497164903;0.9969198150014741;0.9960795556876237;0.9957153889839417;0.9999358720648187;0.9952172683542152;0.995026617581053;0.995569988546981;0.9955541407957105;0.9955454529782518;1.0000000539895324;0.9999456681644235;0.999887224241017;0.9999617058061825;0.9999984622892377;1.024999976158142;
2016-01-25 22:00:00;0.99990731085872;0.9998235630037786;1.0000000854341387;0.9999212353363077;0.9999796089541323;0.9999358721926435;1.0002119153434348;1.0000000657658703;0.999927541783324;1.000000058164343;0.9999364121286107;1.000000052339769;1.000000052262429;0.9999723045263026;1.0000000670615097;0.9999981867628757;1.0000000668509212;1.0000000877285256;1.0000000558228914;0.9999413740703677;0.9998995964405989;0.9998563528207102;0.9999993280804612;1.0001963172750878;1.0002194552587833;0.9999125822878538;0.9998749592546036;0.9999606185955522;0.9978300639247168;0.9969669502313678;0.9961610305403872;0.9958140171442995;0.9999473114847699;0.99530449507679;0.9951025484293412;0.9956992737937851;0.9956831315550481;0.9956732410363561;1.0000000521649117;0.9999551326041047;0.9999036695053216;0.999971803414883;0.9999977799747164;1.024999976158142;
2016-01-25 22:15:00;0.9999020182013364;0.9998026815563058;1.0000000917762033;0.9999175234039653;0.9999783413980748;0.9999335065828162;1.0002148189026734;1.0000000686581114;0.9999254455502786;1.000000059819377;0.9999321561563432;1.0000000530383637;1.0000000529378632;0.9999694231666398;1.0000000702479013;0.9999981383433089;1.0000000699422493;1.000000094402599;1.0000000570649712;0.9999398119410466;0.9998953309645501;0.9998458710664445;0.9999993197770429;1.0001989821307322;1.0002224663853847;0.9999095112124804;0.9998662593884802;0.9999587680848986;0.9977659618727079;0.9968711675731997;0.9960496010449612;0.9956932794339517;0.9999428968718225;0.9951577350048886;0.9949391439869935;0.9955838970381179;0.9955679647945793;0.9955592768554727;1.0000000527831487;0.9999512165112274;0.9999000708263213;0.9999717598819402;0.9999970565398527;1.024999976158142;
2016-01-25 22:30:00;0.9999203149532012;0.9998619434708662;1.0000000739720758;0.9999339347957299;0.9999852326471736;0.999947733502763;1.0002056556087802;1.0000000607462436;0.9999466017501764;1.000000055491394;0.999948936546906;1.0000000515125576;1.0000000514435181;0.999977759094075;1.000000061694937;0.999998373926775;1.0000000615423057;1.0000000755243177;1.0000000538660407;0.99995234436707;0.99991076711252;0.9998870727168342;0.9999993445896344;1.000190662172344;1.0002129627989544;0.9999239523099714;0.9999001149980358;0.9999679878094994;0.99782612354172;0.9969852463495383;0.996205547819951;0.9958841175847415;0.9999610545199005;0.9954086777439557;0.995208259935815;0.9957802100735399;0.9957643476287623;0.9957560374959241;1.0000000512750706;0.999966886969284;0.9999146178004217;0.9999781966994377;0.9999983070976384;1.024999976158142;
2016-01-25 22:45:00;0.9999268626393245;0.9998695740171177;1.0000000697055225;0.9999386359508542;0.9999867535841457;0.999952234665591;1.0002038515443619;1.0000000593615856;0.999953464233523;1.0000000545039527;0.9999520287846123;1.0000000510715914;1.000000051008772;0.9999786526406638;1.0000000604334267;0.9999979797409054;1.000000060277833;1.0000000707550003;1.00000005309755;0.999957692504612;0.9999203880618491;0.9998976686429875;0.9999993090927466;1.000188602171975;1.0002112138579853;0.9999310919094018;0.9999096979222469;0.9999705355060936;0.9979254540762003;0.9971223267132602;0.996368716888254;0.9960579120754924;0.9999642084353138;0.9956019756078532;0.9954164873387416;0.9959548522411777;0.9959393270838115;0.9959306358974462;1.0000000508621314;0.9999694790454329;0.9999237258804868;0.9999812928171238;0.999998103869355;1.024999976158142;
2016-01-25 23:00:00;0.9999380683098652;0.9998869532168205;1.0000000640023559;0.9999485670339682;0.9999878857687766;0.9999591182029597;1.0001985007962626;1.0000000560744897;0.9999569378036327;1.0000000529447013;0.9999592873612988;1.0000000505553208;1.000000050506427;0.9999821610148916;1.0000000566220373;0.9999987970245297;1.000000056531806;1.000000064958525;1.0000000519631131;0.9999627310194399;0.9999314228542241;0.9999089801902146;0.9999995256036422;1.0001842612700511;1.0002051660168465;0.9999414630879476;0.9999199414198146;0.9999748851665643;0.99797359360086;0.9971950617178339;0.9964561240217129;0.9961535458472114;0.9999680165453269;0.9957055264318824;0.9955313330382293;0.9960560480993678;0.9960403695998068;0.996030886714469;1.0000000503781492;0.999972761504628;0.9999344591223915;0.9999828445072859;0.9999985250473314;1.024999976158142;
2016-01-25 23:15:00;0.9999294481983099;0.9998482520323857;1.000000071344963;0.9999416558017676;0.9999832111319951;0.9999522814441159;1.000205775653741;1.0000000584845645;0.9999428890921989;1.0000000542978897;0.9999504794085716;1.0000000508825757;1.0000000508209457;0.9999775385093499;1.0000000590735254;0.9999992937368072;1.0000000589241527;1.0000000730136824;1.0000000528946629;0.999955871658264;0.9999240777656847;0.999882052644836;0.9999996600988534;1.0001914328054775;1.0002123085478443;0.9999356755565291;0.9998981348994593;0.9999703279741724;0.9981330691000363;0.9974063959793098;0.9967124364466712;0.9964267090355509;0.999955961629364;0.9960168065578842;0.9958569626794834;0.996325648000738;0.996305729790443;0.9962908003282592;1.0000000506942441;0.9999623369187496;0.9999279723938922;0.9999789096846633;0.9999977070852635;1.024999976158142;
2016-01-25 23:30:00;1.0002600732661877;1.0002185483279675;1.0003070735677153;1.0002690219667452;1.000298390740868;1.000276580428654;1.0004951777852964;1.0003052838852369;1.0002763863064859;1.0003049331410703;1.0002775544801636;1.0003048891323811;1.0003048924168734;1.0002918741966844;1.0003053693337087;1.0003048360686984;1.0003053508695703;1.0003073725883085;1.000304885257064;1.0002801303307005;1.000254596554529;1.0002380604161054;1.0003050379304228;1.000482055488479;1.0005010848165106;1.000264042155848;1.0002463385022786;1.0002873699711752;0.9983467173194837;0.9976029866714196;0.99688192635596;0.9965889853050682;1.0002832388354714;0.9961734213844798;0.996017314137099;0.9964821733061869;0.9964586058352926;0.9964385581591856;1.0003049111708828;1.0002867585682236;1.0002575841016699;1.000294995206155;1.0003035390247528;1.024999976158142;
2016-01-25 23:45:00;1.00025450036268;1.0002176086769041;1.000306404423953;1.0002645021139167;1.0002981341168513;1.0002738249697525;1.000495978468346;1.0003050800573565;1.0002766653112038;1.000304878337793;1.000274962917592;1.0003049738020975;1.0003049828618151;1.0002909832846532;1.0003051579359166;1.0003042081105222;1.0003051440080177;1.000306623650938;1.0003048914106516;1.000277635706602;1.0002475436331857;1.000236490076769;1.000304690692258;1.0004825046982775;1.0005022472359981;1.000257815970087;1.000244011496201;1.000285729122064;0.998528100106036;0.9978364934283723;0.9971767445425249;0.9969039897361046;1.000283393121271;0.9965245913882425;0.9963722228378855;0.9967993940714864;0.9967755006964554;0.9967553376191417;1.0003050306160135;1.0002868213962672;1.0002506250549363;1.0002940504084177;1.0003036713575673;1.024999976158142;
2016-01-26 00:00:00;1.000265178426214;1.0002325964799659;1.0003064124475198;1.000272816511425;1.0002987946463975;1.0002793291448648;1.0004947618294648;1.0003050921330505;1.0002786849536263;1.0003048856312735;1.0002806865527434;1.0003049283206369;1.0003049346008277;1.0002937695294274;1.0003051500242492;1.0003046618176241;1.0003051383306274;1.0003066437149606;1.0003048795757052;1.000282069112905;1.0002597681095555;1.0002465986312914;1.0003048505500962;1.0004816867440236;1.0005005970062582;1.0002678732576542;1.0002535981460106;1.0002891914391963;0.9984042783289974;0.9976901865068368;0.9969995967217034;0.9967256863495709;1.0002859640053032;0.9963430387879838;0.9961919367657301;0.9966217689994175;0.9965976555239963;0.9965773454144541;1.0003049656084553;1.0002890348568707;1.0002622110592723;1.000295223710463;1.0003039584030196;1.024999976158142;
2016-01-26 00:15:00;1.000267292729979;1.0002345139937903;1.0003057910937119;1.000274817390235;1.0002993937786449;1.0002819553092934;1.0004925000223186;1.0003049666863695;1.0002839332356268;1.0003048798335674;1.0002817473503778;1.000304981209016;1.0003049909801127;1.0002938222248838;1.0003050124859332;1.0003042687161208;1.0003050021970066;1.0003059277501942;1.0003049070871097;1.000284965442128;1.0002630675845352;1.0002522517039916;1.0003046705164536;1.000479358157757;1.0004983862000576;1.0002705214476315;1.000258335766314;1.000290578596762;0.99841389045414;0.9976800243143891;0.9969847967482239;0.9966958355229509;1.000287673160541;0.9962891594539347;0.9961242949305781;0.9965882601639006;0.9965641482890096;0.9965436963702714;1.0003050360411738;1.0002902982584814;1.0002654421985695;1.0002970920609022;1.0003037536436226;1.024999976158142;
2016-01-26 00:30:00;1.0002548189254383;1.0002258712057241;1.000306807159393;1.0002659526580837;1.0003001629112498;1.0002758248966541;1.0004963410107828;1.0003052245482131;1.0002822150720532;1.0003049082036457;1.0002777853144904;1.0003049031041684;1.0003049077534227;1.0002920621807747;1.0003053254607621;1.0003044412138857;1.0003053064713932;1.00030706424359;1.0003048782165105;1.0002796483770882;1.0002459854940036;1.000242967557133;1.0003048288783674;1.0004829340374202;1.000502671980873;1.000257793036971;1.000248784563328;1.000287007066182;0.9984490723395364;0.9977375345872668;0.9970672709909513;0.9967967420107324;1.000287486220139;0.9964208604564393;0.9962584661870516;0.9966927122876368;0.9966686795472555;0.9966474548097791;1.0003049402384165;1.0002904011999354;1.0002493865726985;1.0002958631139223;1.0003037165797017;1.024999976158142;
2016-01-26 00:45:00;1.0002676744594508;1.0002430065012657;1.0003053634081291;1.0002753754262774;1.0002994651926749;1.0002821542532179;1.0004921499932098;1.0003048827590166;1.0002837973976615;1.0003049371365331;1.0002829456593567;1.000305121492504;1.0003051352949972;1.000295012260732;1.0003048943744517;1.0003043154045068;1.0003048917248565;1.0003054660729656;1.0003050056693457;1.0002842124831464;1.0002616027418754;1.0002549668109477;1.000304570331484;1.0004791950931478;1.0004979894911465;1.0002695315593133;1.0002601335711467;1.0002909470564767;0.9985113659734566;0.997835968253726;0.9971773157804542;0.9969159595724557;1.0002891876139146;0.9965649777279433;0.9964257068458799;0.9968071558778787;0.9967828774665397;0.9967627136826746;1.0003052014309635;1.0002916197167437;1.0002638641590138;1.0002962058726192;1.0003042962279753;1.024999976158142;
2016-01-26 01:00:00;1.000248524951445;1.0002193527462566;1.0003059213113528;1.0002615202060972;1.0002988489028077;1.0002725861585906;1.0004968375611745;1.0003049296235058;1.0002793731045405;1.0003049084928155;1.0002744811810187;1.0003051270819534;1.0003051422874363;1.0002908775502832;1.0003049712849295;1.0003041178498957;1.0003049627742167;1.000306112770518;1.000304981061566;1.0002758025586937;1.0002373595012903;1.0002363121844038;1.0003044379574417;1.0004834792656816;1.0005032800490286;1.000251069960688;1.0002422356460487;1.000285068070519;0.998694425075815;0.9980873840927466;0.9974843381851561;0.9972483233790191;1.0002855169309146;0.9969459624400703;0.9968280997192671;0.9971401038400141;0.9971155792893217;0.9970951037328475;1.000305232502855;1.0002886196854965;1.000241162560394;1.0002938040712945;1.0003039556443885;1.024999976158142;
2016-01-26 01:15:00;1.0002696378717972;1.0002478046529406;1.0003049194433478;1.0002781171978001;1.0003001799991569;1.000284991936716;1.0004922989676512;1.0003050160636004;1.0002878898306173;1.0003053053314597;1.000285060643201;1.0003056440625924;1.0003056669636277;1.0002960580946356;1.000304979618266;1.0003045789906775;1.0003049868048097;1.0003049506847632;1.0003054517933188;1.000286264764521;1.0002626299780029;1.0002598397091553;1.000304688558206;1.0004795233992287;1.0004980648139632;1.0002713189637806;1.000263896670015;1.000292750109436;0.9987526286265909;0.9982126882060783;0.997641719069661;0.9974427614766891;1.000291410048717;0.9972116910110187;0.9971298793564424;0.9973352666105418;0.9973109901697708;0.9972895811628804;1.0003057832055804;1.0002934180868324;1.0002650510516877;1.000297410241947;1.0003048172480644;1.024999976158142;
2016-01-26 01:30:00;1.000271160775072;1.0002346217315583;1.0003048802089578;1.0002788089434098;1.0002988546843574;1.0002853608665994;1.0004937338206836;1.0003051613506555;1.000285743517431;1.0003055597175632;1.0002830872998536;1.0003059866844224;1.0003060179372358;1.0002947279035053;1.0003051031176087;1.0003046593928808;1.0003051161906897;1.0003048907275116;1.000305748455173;1.0002870440893679;1.000267384616493;1.0002545592293801;1.0003048662416758;1.000480789379922;1.0004994224563917;1.000274581009554;1.0002605139065843;1.0002927351330002;0.9988964771330905;0.9983969262364876;0.9978577553748679;0.9976646163619576;1.0002876150500448;0.9974446614776777;0.9973761991755979;0.9975572884940574;0.9975331451859948;0.997512793923559;1.000306154832334;1.00029002741208;1.000269728552306;1.0002977157478377;1.0003046220299185;1.024999976158142;
2016-01-26 01:45:00;1.000270427946518;1.0002513916820128;1.0003048820050306;1.0002771455422301;1.0003003223402742;1.0002843994034194;1.0004914636945914;1.0003050427842048;1.0002884460040657;1.0003053841145721;1.0002843538286232;1.0003057383252185;1.0003057628524148;1.0002960116186772;1.0003049914296545;1.000303973338407;1.0003049980859895;1.0003048900151204;1.0003055361850703;1.0002866025784525;1.000265411632997;1.000262869724767;1.0003045905496792;1.0004782149625095;1.0004974890005174;1.0002717472456186;1.0002667157383307;1.0002924523329915;0.9987749667696924;0.9982486413830008;0.9976794704102355;0.997482994299877;1.0002918917933328;0.9972503714280841;0.9971789876545775;0.9973798687522972;0.9973556591726022;0.9973357160618938;1.000305869677814;1.0002938272038464;1.000267190924513;1.0002975573237058;1.0003049554860992;1.024999976158142;
2016-01-26 02:00:00;1.0002731855781677;1.0002436084831556;1.0003048943946755;1.000279503505271;1.0002992648353888;1.000285724917367;1.0004932120668828;1.0003053048563895;1.0002861689111315;1.000305769982502;1.0002841656782173;1.0003062314584161;1.0003062639851936;1.000295822690638;1.0003052286651737;1.0003045433834497;1.000305243607356;1.0003048835311585;1.0003059723177612;1.0002874162237996;1.0002698214105314;1.000259174939447;1.0003049511616304;1.0004801076430285;1.0004989905083723;1.0002755523189621;1.0002644767473372;1.0002932104801125;0.998950185796044;0.9984841259785636;0.9979677642740279;0.9977919633480451;1.000289193064142;0.9976096366182895;0.9975546396867245;0.9976820557260797;0.9976577428279721;0.9976368734741432;1.0003063938555246;1.0002914372311535;1.0002716286910194;1.000297576836471;1.0003051678120882;1.024999976158142;
2016-01-26 02:15:00;1.0002672780851858;1.0002444302125157;1.0003048785975697;1.000275706915515;1.0002995679866;1.0002830461392211;1.00049286039303;1.000305158305082;1.0002856341427024;1.0003055514631045;1.0002830663287057;1.0003059645055337;1.0003059922892086;1.0002955380969452;1.0003051021724234;1.0003045070215844;1.0003051116282107;1.0003048868583513;1.0003057332088157;1.0002844602586953;1.0002603227917097;1.0002564711539945;1.0003047648682477;1.000479911585137;1.000498753618467;1.0002687627417066;1.0002609654512788;1.0002916904319938;0.9988807238668658;0.9983919064075624;0.9978595345705193;0.9976790496039478;1.000290055150178;0.9974787844693813;0.9974150266832603;0.9975751479331076;0.9975510922589493;0.9975307402069736;1.0003061327735483;1.0002922715811866;1.0002626476837475;1.000296440818574;1.0003051430796475;1.024999976158142;
2016-01-26 02:30:00;1.000277629346465;1.0002606470517041;1.0003050815321255;1.000283830573464;1.000301111327811;1.000289306425045;1.0004908228319747;1.0003057037701606;1.0002908093288445;1.0003061703673815;1.0002889055148403;1.0003065750917677;1.0003066087281713;1.0002986383992862;1.000305628430557;1.0003051661575029;1.000305641966155;1.0003050367305375;1.0003063655628504;1.0002900211145318;1.000272479686779;1.0002693790331165;1.0003053798259063;1.00047810870996;1.000496443844273;1.0002785160107326;1.000272692979538;1.0002957794526133;0.9989635794756381;0.9984834399678905;0.9979629780208663;0.9977742722838652;1.000294122141788;0.9975674813796129;0.9975032211973339;0.9976638667282286;0.9976401520624192;0.9976209673121932;1.000306770317229;1.0002957541892181;1.0002741105351118;1.0002988343774284;1.0003059856017142;1.024999976158142;
2016-01-26 02:45:00;1.0002762546385058;1.0002489208282976;1.000304936421164;1.000281582560604;1.0002996216997218;1.0002872115369197;1.0004916005589535;1.0003053944688214;1.000287234560291;1.000305857945355;1.0002856683398111;1.0003062936451235;1.0003063253325817;1.0002966727876244;1.000305315773134;1.0003045936398183;1.000305330138038;1.000304915685453;1.0003060517961846;1.000288830634054;1.0002736839635893;1.0002630083712698;1.0003050506376214;1.0004785601450177;1.000497306150046;1.0002783316288424;1.0002680122745051;1.0002941897745887;0.9989165507848518;0.998430966035139;0.9979028588095391;0.9977179469091546;1.0002902656487933;0.9975109712974793;0.9974471377154437;0.9976127257152644;0.9975888472530923;0.9975686478501447;1.000306450546019;1.0002923644939128;1.0002751737862798;1.0002980746848964;1.0003053337290395;1.024999976158142;
2016-01-26 03:00:00;1.000287468044428;1.0002657774381774;1.000305390768624;1.0002907201111813;1.0003015054592386;1.0002942222287308;1.000489543562209;1.0003060305460991;1.000292984625382;1.000306512884958;1.000292371614031;1.0003068934346706;1.0003069298069902;1.0003000770482136;1.0003059431022625;1.00030549715672;1.0003059591099732;1.0003053417202292;1.000306697133498;1.0002950391478214;1.0002865081227585;1.000276552560551;1.0003057966143278;1.0004768564555455;1.0004948964772196;1.0002890707409677;1.000280345652601;1.000298743992333;0.9989710738996923;0.9984994422740034;0.9979862779979296;0.9978039278747741;1.0002947817277816;0.997603602823157;0.9975417516015618;0.9976975805613724;0.9976727386723019;0.9976518682460006;1.0003070548921777;1.0002962668266568;1.0002874053043649;1.0003008836113405;1.0003061669559057;1.024999976158142;
2016-01-26 03:15:00;1.0002833029733604;1.0002662719843902;1.0003052585817702;1.0002866991539587;1.0003010302092572;1.0002909061359038;1.0004902257051704;1.0003058786790149;1.0002902524689417;1.0003064011698006;1.0002902009135237;1.000306837057167;1.0003068700803184;1.0002995662536922;1.00030578842856;1.0003050801819604;1.000305800204001;1.000305213082466;1.0003065974523961;1.0002919303357203;1.0002812153032046;1.0002736634929608;1.0003055518211383;1.000477302116197;1.0004958084480176;1.0002839804959165;1.0002773727095602;1.0002968718167349;0.9989905106317065;0.9985383144347314;0.9980310915532821;0.9978574826800389;1.0002941849533251;0.9976824535351452;0.9976332267198165;0.997745514818474;0.9977209615098581;0.9977003047136824;1.000306985875889;1.000295826753366;1.000282006075724;1.0002991689512606;1.0003063429050125;1.024999976158142;
2016-01-26 03:30:00;1.0002833116659706;1.0002651493063728;1.000305440647968;1.0002873548944917;1.000301261690517;1.0002915746824392;1.000491494985602;1.0003061600311758;1.000290823313306;1.0003067069779519;1.000290653079329;1.0003071417414662;1.000307180212689;1.0002998384804358;1.0003060651205147;1.0003055288285108;1.000306079121609;1.0003053829833863;1.0003069141600542;1.000292274546087;1.0002806260879167;1.0002732460749288;1.000305858928558;1.0004786555441005;1.0004970298598534;1.0002841500180408;1.0002769390635797;1.0002973609001127;0.9990868120108208;0.9986736933165935;0.9981967846396728;0.9980382894099099;1.0002943822878034;0.9978792093110757;0.9978431825674489;0.9979355803628445;0.9979101879450859;0.9978895230562125;1.0003073228488044;1.0002960079504783;1.0002816316234273;1.0002995354366977;1.0003066016012245;1.024999976158142;
2016-01-26 03:45:00;1.000289355732624;1.0002698327178845;1.0003057796987813;1.0002920979392833;1.0003019940743068;1.0002951906649458;1.0004902383577379;1.000306480707944;1.0002933681925579;1.0003070112894124;1.000293569821038;1.000307409599202;1.0003074480173697;1.0003010688111214;1.0003063772128828;1.0003059516834871;1.000306395204203;1.0003057255824666;1.0003072046766577;1.000295790958084;1.0002885108225874;1.0002787776534807;1.0003062446070432;1.0004775463329312;1.000495568662256;1.0002905727972293;1.0002823939391365;1.000299591421228;0.9990859307923012;0.9986648960985168;0.998182160655584;0.9980162643327936;1.0002957086408322;0.9978550218947367;0.9978161206241015;0.9979051642160329;0.9978802727481166;0.9978587644751501;1.0003075726189;1.0002971373455973;1.0002892212204735;1.0003012233207027;1.0003068098075896;1.024999976158142;
2016-01-26 04:00:00;1.000288279946548;1.0002681034155467;1.0003053782326805;1.0002914346094367;1.0003016463322774;1.0002947063657541;1.0004905060412679;1.000306021759979;1.000293299357734;1.0003065083231455;1.000293057168028;1.000306890943754;1.0003069286309003;1.0003004313833463;1.0003059299283041;1.0003055468447846;1.000305948335053;1.000305330343723;1.0003066958682008;1.0002953530944476;1.0002871572591199;1.0002778258215648;1.0003057997682685;1.0004778028262147;1.0004958502714238;1.0002896966660921;1.000281422663601;1.000299069440927;0.9989964382718575;0.9985568308183114;0.9980585849387354;0.9978950251910333;1.0002952780673824;0.9977270711289555;0.9976826245587666;0.997791623740604;0.9977673914869051;0.9977474306841442;1.000307059450763;1.0002967005642247;1.0002880182458638;1.0003009473465856;1.0003062344277132;1.024999976158142;
2016-01-26 04:15:00;1.0002843553586571;1.0002652675215926;1.0003053107213826;1.0002882964328828;1.000300870055656;1.0002919086788944;1.0004910333612953;1.0003060667719432;1.0002897182408603;1.000306586156891;1.0002910559663938;1.0003070027230219;1.0003070484746197;1.0003000167344491;1.0003059931664913;1.0003056661726235;1.0003060068905643;1.000305249489355;1.0003067945095272;1.0002922101895375;1.000281605765173;1.0002726611326664;1.0003058407159624;1.0004783826476602;1.0004964243147336;1.0002851676021614;1.0002766140237502;1.0002975396005631;0.9990428157479954;0.9986018972478717;0.9981037771571678;0.9979292093183247;1.0002938531939427;0.9977567171111312;0.9977110784469366;0.9978142302747393;0.9977865625016633;0.9977666007483671;1.0003072033754996;1.0002955419532442;1.0002826183910123;1.0002991455704107;1.0003065134109665;1.024999976158142;
2016-01-26 04:30:00;1.000283288801964;1.0002600046434924;1.0003052130795569;1.0002874855971329;1.0003006467850326;1.0002915433607902;1.0004910483722205;1.0003058724215899;1.0002900153083867;1.000306366674518;1.0002900174354288;1.0003067414575249;1.0003067885859729;1.0002990762383228;1.0003057924049084;1.00030537625476;1.000305807545786;1.0003051639872618;1.0003065637503334;1.000292292700722;1.0002811899052928;1.0002708505370257;1.000305625702681;1.0004783002850972;1.000496487585333;1.0002848350251425;1.000275149316319;1.0002970942124412;0.9989956057807855;0.998553010544119;0.9980538675875453;0.997888660600771;1.0002929485895282;0.9977274016523334;0.9976810282087505;0.9977784910169877;0.9977503903916747;0.9977308004005769;1.0003069526405866;1.000294702896107;1.000282345318304;1.0002994488940342;1.0003060155240202;1.024999976158142;
2016-01-26 04:45:00;1.0002830069551183;1.0002592282721767;1.00030526606804;1.0002869166108201;1.000300990015003;1.0002915721259409;1.0004917511508138;1.0003058867120154;1.000291573820605;1.0003064638728165;1.000289579061304;1.0003069016832826;1.0003069470029147;1.0002987112371797;1.0003057700182103;1.0003050586603177;1.000305789238824;1.0003052275283655;1.0003066790067958;1.0002929470508133;1.0002818189457379;1.000272048593831;1.0003055479845766;1.0004787109698534;1.000497358620414;1.000284854428664;1.0002761931488622;1.000297059040443;0.9990558551451523;0.9986193799107573;0.9981289894655617;0.9979583437189901;1.0002933161872711;0.9977929818806265;0.9977460006322476;0.997843724339225;0.9978167460184509;0.9977963821405498;1.000307100019799;1.0002949917684283;1.000282874596362;1.0003001428302072;1.0003060374739046;1.024999976158142;
2016-01-26 05:00:00;1.0002777233419375;1.0002417617978576;1.0003048824306664;1.0002824779845965;1.0002984488425144;1.0002872283201034;1.0004932240638962;1.000305283383005;1.000284201475755;1.000305748533672;1.0002848538020899;1.0003062277109764;1.0003062642141827;1.000296009548795;1.000305216593236;1.0003047087050947;1.0003052312912668;1.0003048776263679;1.0003059563308667;1.0002887386648107;1.000276697924626;1.0002588088985824;1.0003050371944666;1.0004802096129677;1.0004987702815737;1.0002806678752405;1.0002652247281238;1.0002940290614741;0.9989332781897403;0.9984596015793231;0.9979210509685669;0.9977323852643122;1.0002874632258043;0.9975537655993606;0.9975070266181053;0.9976027942213499;0.9975771826988683;0.9975566866725966;1.0003063834333845;1.000289909237301;1.0002781680738164;1.0002975660850086;1.0003050650199117;1.024999976158142;
2016-01-26 05:15:00;1.0002649176309166;1.0001867659633785;1.0003051486142878;1.000273226176914;1.0002944508948879;1.000280233310986;1.0004995404535073;1.000304968495155;1.0002746786749592;1.0003053487291098;1.0002736299243538;1.0003058796708175;1.0003059227233915;1.0002886399468092;1.000304928718566;1.000304595786949;1.000304940568781;1.0003052430204598;1.000305571988982;1.0002834455836687;1.0002663515380783;1.0002280640812835;1.0003047960588871;1.0004862132875127;1.0005051443820852;1.000273317333557;1.0002400052482614;1.0002887238737288;0.9990247553458845;0.9985744080432193;0.9980665371236543;0.9978877745466723;1.0002745155105546;0.997695813894645;0.9976486058448831;0.9977804971629336;0.9977533974660316;0.997732072058822;1.000306073839597;1.0002785801305134;1.0002694755698092;1.000296134103444;1.0003030448839552;1.024999976158142;
2016-01-26 05:30:00;1.00027217112967;1.0002061056950466;1.000305467816041;1.000279153149071;1.0002966523786092;1.0002848598721343;1.0004946448654763;1.0003048800544942;1.0002806585968735;1.00030495463563;1.0002795676233076;1.0003051630255102;1.000305186895497;1.000291213179904;1.000304891246893;1.0003046712236239;1.000304886316001;1.0003055850350282;1.0003050417573798;1.000287897711812;1.0002735954258906;1.0002415415187316;1.00030478554718;1.0004816912598298;1.0005000301431353;1.0002796298076735;1.000251518723528;1.0002915770886678;0.9985886809986042;0.9979561246972639;0.9972276744147894;0.9969293632258781;1.000279983237008;0.9965604618794252;0.9965042295582875;0.996783523534395;0.996755965753098;0.9967355053833695;1.0003052761022955;1.0002833472800532;1.0002763322046786;1.0002982932019464;1.0003027186708575;1.024999976158142;
2016-01-26 05:45:00;1.000268021297538;1.000214213024737;1.0003053653904084;1.000274932608193;1.0002967346284062;1.0002814116764993;1.000496586876179;1.0003048840584547;1.0002785684083844;1.000305092223049;1.0002782363995644;1.0003054523632848;1.0003054872069082;1.0002916591915763;1.0003048775412453;1.0003042990527198;1.0003048782838702;1.0003054846226354;1.0003052433702733;1.0002844411784904;1.0002673431855205;1.000241819373877;1.0003046512793763;1.000483264982346;1.0005023233332195;1.0002734699669844;1.0002508622065356;1.0002898983812798;0.9988086024610813;0.9982583740370133;0.9976391804409942;0.9973952690202394;1.0002811631469715;0.9971340916868188;0.9970755763756063;0.9972483966202351;0.9972189207335042;0.9971987376606978;1.000305613856362;1.0002845042208464;1.0002697636562585;1.0002963023976792;1.0003035538251255;1.024999976158142;
2016-01-26 06:00:00;1.0002647027669773;1.0002138045089553;1.0003054248674939;1.000271761241673;1.0002964675291888;1.0002788257862822;1.0004945837599615;1.0003048776880281;1.0002765113661656;1.0003050062721763;1.000276501672435;1.0003052958089216;1.000305322047272;1.000291242581779;1.000304884617451;1.0003040970050066;1.0003048821136253;1.0003055415549706;1.000305120503476;1.0002821199193384;1.0002632060888765;1.000239242659114;1.000304587261253;1.000481236892697;1.000500436081192;1.0002695416301102;1.0002483043208121;1.0002884378183936;0.9986841309637552;0.9980982641106384;0.9974314924197231;0.9971703336128168;1.0002806678373546;0.9969197837449614;0.9968624388684988;0.9969932060308145;0.9969640429888906;0.9969431015427677;1.000305416061333;1.000284153812782;1.0002655762252561;1.0002951279902155;1.0003035492320385;1.024999976158142;
2016-01-26 06:15:00;1.0002507661913977;1.0001929790618265;1.0003106593715771;1.0002556562015414;1.000296717359584;1.0002642642936574;1.0005001005616496;1.0003066262509939;1.0002609764852968;1.0003052903612992;1.0002672745812977;1.0003048885209473;1.0003048841007256;1.0002875857232365;1.0003069735783747;1.0003049589469986;1.0003069241681233;1.0003111510161031;1.0003050562665419;1.00027265668319;1.000251643521477;1.0002172456023515;1.0003063715292138;1.0004853609921682;1.0005067775220267;1.0002562673574287;1.0002307234496093;1.0002801056374713;0.9983882695376473;0.9977442952180918;0.9970023086204959;0.9967377010518521;1.0002740866955542;0.9965128246536819;0.9964558246277373;0.9965384430384188;0.9965041786354039;0.9964840271950485;1.0003048787603253;1.0002795227061192;1.0002537023760611;1.0002919158528603;1.0003032102208587;1.024999976158142;
2016-01-26 06:30:00;0.999945834401006;0.9998800555022214;1.000000069968929;0.9999495356742066;0.9999830564108247;0.9999557349836522;1.000201806400372;1.0000000585626496;0.9999397391000606;1.000000054192402;0.9999558351548693;1.0000000514255631;1.0000000512035274;0.9999817052511766;1.0000000591743754;0.9999987201116427;1.0000000590769047;1.0000000713190735;1.0000000528474249;0.9999593591069189;0.9999466406131103;0.9998986848577275;0.9999996940688682;1.0001871051245674;1.0002081920686188;0.9999490686478177;0.999914525288446;0.9999730008520896;0.9978961408301296;0.9971883537471817;0.99636667812387;0.9960687630323602;0.9999584905497942;0.9958195923276512;0.9957609558307323;0.9958416850231574;0.9957760991105244;0.9957559268973227;1.0000000507666937;0.9999646688159682;0.9999477767595524;0.9999778782370623;0.9999987589662429;1.024999976158142;
2016-01-26 06:45:00;0.9999424859357224;0.9998896417974749;1.0000000727442095;0.9999478108943795;0.9999853075512776;0.9999560089131393;1.000205869495662;1.0000000613807691;0.9999466206453255;1.0000000563599543;0.9999570737381742;1.0000000564201013;1.0000000552919601;0.9999822843846812;1.0000000622219907;0.9999983468942828;1.0000000621068863;1.0000000739863237;1.000000054836221;0.9999600943424147;0.9999405925821415;0.9999058129848332;0.9999995410394867;1.000190647095545;1.0002127428310243;0.9999448049212144;0.9999190950937284;0.9999732697122079;0.9973065640739059;0.9963308416820953;0.9951623658890056;0.9946665821279079;0.999963490224179;0.9943338244956833;0.9942767660976262;0.9942327625793836;0.994047743704231;0.9940177260226226;1.0000000523941701;0.9999689899442866;0.9999420156427818;0.99997941928674;0.999998923416084;1.024999976158142;
2016-01-26 07:00:00;0.9999341780527671;0.9998582091490857;1.0000000838668934;0.9999403006871929;0.999981043888272;0.999948660836525;1.000209141981094;1.0000000676587302;0.9999328714497813;1.0000000610499684;0.9999485386314523;1.0000000631183896;1.0000000610093813;0.999978330567692;1.0000000686067507;0.999998544942956;1.0000000684527164;1.0000000857420268;1.0000000589364264;0.9999529206215613;0.999933492213646;0.9998821152002644;0.9999996090613115;1.0001938286689536;1.0002159569192084;0.9999382780783713;0.9998998327657938;0.9999685955601124;0.9966539103174104;0.9954841947927423;0.9940961429408289;0.9935269060295269;0.9999528784803141;0.9932283224225478;0.9931514952885242;0.9929718160865282;0.9927229908646494;0.9926949260984355;1.0000000555186808;0.9999598707799888;0.9999353546898498;0.9999751652918133;0.9999983884470488;1.024999976158142;
2016-01-26 07:15:00;0.9999444774351296;0.9998852964487891;1.00000007771589;0.9999500173999392;0.9999846588897515;0.999957212171152;1.0002002364380345;1.0000000652950658;0.9999450117002667;1.0000000600495351;0.9999576195950796;1.000000060659629;1.0000000592702984;0.999982352394253;1.0000000660667654;0.9999988082557938;1.0000000659449515;1.0000000791508805;1.0000000583565112;0.9999605961452129;0.9999427936488419;0.9999032034737927;0.9999996636536387;1.0001857585884355;1.0002066594282366;0.999947401756295;0.9999173476231609;0.9999739222741887;0.9963974488695843;0.9951334081070549;0.9936312308954026;0.9930056243107251;0.9999619469831014;0.9926326508059977;0.992551123614273;0.9924261808297298;0.9921698555275028;0.9920469377504486;1.0000000555668065;0.9999676342280971;0.9999444151277562;0.9999793264294818;0.9999988089573062;1.024999976158142;
2016-01-26 07:30:00;0.9998941596172128;0.9997172826805665;1.0000001337679623;0.9999102791113027;0.999971408561363;0.9999280456269428;1.0002288588794395;1.0000000911244047;0.9999129784896909;1.0000000751462277;0.999916651371129;1.000000069438305;1.000000067250255;0.9999584326421929;1.0000000941596394;0.9999978864181817;1.0000000932948583;1.000000138202236;1.0000000698235365;0.9999379287051912;0.9998997239395537;0.9998061933981369;0.9999994662696123;1.0002116683560274;1.000236625582753;0.9999119027568836;0.9998364637986619;0.9999535822262081;0.9964976920134178;0.995262486107289;0.9937809056377012;0.9931653926471753;0.9999212837711828;0.9928648720305165;0.9927942343255189;0.9925499289405499;0.9922586334627667;0.9921156877303497;1.0000000614876008;0.9999320361404989;0.9999056936449336;0.9999720645304513;0.9999938841827282;1.024999976158142;
2016-01-26 07:45:00;0.9999254169726098;0.999830010999778;1.0000000942541996;0.9999340416190211;0.9999807304111805;0.9999460720065807;1.000212586791968;1.0000000738578858;0.9999360475247773;1.0000000647474503;0.9999424983787519;1.0000000635959225;1.000000061880591;0.9999737394683478;1.0000000756214098;0.9999978730773459;1.0000000752768754;1.0000000962954234;1.0000000619104408;0.9999527582309645;0.9999269133846139;0.9998724072965043;0.9999994529239989;1.0001964975733173;1.0002199026873997;0.9999331587085453;0.9998913993939552;0.9999662659319306;0.9964847971400195;0.995252087240143;0.9937689769217132;0.9931529150822967;0.9999492187188167;0.9928541716044624;0.9927866744617039;0.9925355097234517;0.9922538685658182;0.9921136326105178;1.0000000573603272;0.9999564704807544;0.9999297453442353;0.9999772800822386;0.9999971098068017;1.024999976158142;
2016-01-26 08:00:00;0.9999462884853132;0.999887593974288;1.0000000813490593;0.9999513514340128;0.9999855079373057;0.9999589233034741;1.000202652802101;1.0000000682926544;0.9999488357357951;1.0000000623546534;0.9999586461579296;1.0000000644986682;1.0000000625575793;0.9999824448590541;1.0000000692860394;0.9999985507645095;1.0000000691254955;1.000000082753595;1.0000000604701649;0.9999629220443402;0.9999458501741276;0.9999078112547123;0.9999996244049929;1.0001877750549992;1.0002092562612992;0.999949647511522;0.9999213632745949;0.9999748348692256;0.9961571047988174;0.994810850594147;0.9931808904120288;0.9924958863915664;0.9999635262735188;0.9921962827711674;0.9921293805938838;0.9917871494325474;0.9914704175434622;0.9913167876235953;1.0000000573590677;0.9999689249277411;0.9999473445672434;0.9999809399060549;0.9999986456663398;1.024999976158142;
2016-01-26 08:15:00;0.999945405946415;0.9998838205465023;1.0000000843690946;0.9999514465167558;0.9999852725183014;0.999958968651202;1.0002007719573554;1.000000070806254;0.9999482342805093;1.0000000650789427;0.9999584725557568;1.0000000689290243;1.000000066520787;0.9999822439254554;1.000000071650095;0.9999988306987502;1.0000000714906814;1.0000000859262421;1.0000000631640966;0.9999625336485661;0.9999440787396336;0.9999051950482524;0.9999996743944333;1.0001862626228222;1.0002071992825308;0.999949076845512;0.9999190314534541;0.9999748245638181;0.995719851862249;0.9941980228144747;0.9924291591768014;0.9916764473365675;0.9999628184826971;0.9912890884011707;0.9911644952842986;0.9909373702217864;0.9906100693346379;0.990470370620361;1.000000059956514;0.9999683075333536;0.9999459221437397;0.9999808030772874;0.9999985676736127;1.024999976158142;
2016-01-26 08:30:00;0.9999559645776963;0.9999018398379741;1.0000000801853801;0.9999603190458263;0.9999865669782584;0.9999652543685714;1.0001989258168866;1.0000000682243908;0.9999522899757922;1.0000000635441346;0.9999651901409877;1.0000000676413376;1.0000000653677885;0.9999854747348284;1.000000068760535;0.9999993703938957;1.0000000686512986;1.0000000816543815;1.0000000619204925;0.9999675251079005;0.9999550733438715;0.999917434305343;0.9999998339498468;1.0001849517600059;1.0002049024772957;0.9999587745313091;0.9999300334725637;0.9999787909611618;0.9957922887404259;0.9942772584216779;0.9924671863962432;0.9916767322850545;0.9999669007505587;0.991353618660636;0.9912622341990808;0.9908434656024525;0.9905165683686152;0.9903731102779779;1.0000000591912943;0.9999718217421739;0.9999564528555107;0.9999824941333484;0.9999989676793707;1.024999976158142;
2016-01-26 08:45:00;0.9999426596469096;0.9998642574569011;1.0000000900354866;0.9999495727490882;0.9999831543017367;0.9999569157870095;1.000207852494749;1.0000000728654215;0.9999425847894183;1.000000066188489;0.9999549589883233;1.0000000705173222;1.0000000677009702;0.999980066420574;1.0000000737957768;0.9999991819075699;1.0000000735753234;1.0000000920565484;1.0000000638942745;0.9999604191334842;0.9999423908196937;0.9998930717077682;0.9999997753515533;1.0001931239751807;1.0002142316575118;0.9999481625074869;0.9999094375005112;0.999973285552636;0.9959175978350217;0.9944168526501354;0.9926456717517118;0.9918584890443347;0.9999571194112524;0.9915193909016813;0.9914143605694077;0.9910404946397231;0.9906826620279521;0.9905414658011913;1.0000000600957357;0.9999633363754594;0.9999447319164209;0.9999795897293712;0.9999980466718361;1.024999976158142;
2016-01-26 09:00:00;0.9999499578006703;0.9998904625116398;1.000000084673647;0.9999555549775123;0.9999857363119015;0.9999618447119777;1.0001998483446473;1.0000000710279628;0.9999497631803227;1.0000000655326393;0.9999614756681636;1.0000000696306508;1.0000000671777118;0.99998360768179;1.0000000717559785;0.9999991894333146;1.0000000716038968;1.0000000862921556;1.000000063646981;0.9999646756440415;0.9999485909642591;0.9999097401095036;0.9999997702933531;1.0001856820092423;1.0002060128840324;0.9999534006375973;0.9999231674420492;0.999976614248876;0.9956557561274816;0.9940557255880182;0.9922166930367616;0.9913991827526519;0.999964320428842;0.9909625617985056;0.9908178061812037;0.9906073557862219;0.990270803239742;0.9901174671356842;1.0000000604823458;0.9999695950269435;0.9999503505429355;0.9999815125570026;0.9999987117955108;1.024999976158142;
2016-01-26 09:15:00;0.9999424012858081;0.9998849623094169;1.0000000873231198;0.9999505115939724;0.9999854629153984;0.9999582165363295;1.0002018480817252;1.0000000719161255;0.9999477189261098;1.0000000660390036;0.9999588908125976;1.0000000698758214;1.0000000673862093;0.9999826289065114;1.0000000726309866;0.9999992903497515;1.000000072485578;1.0000000892438723;1.000000063989073;0.9999608141670441;0.9999376483728958;0.9999031560266316;0.999999718304714;1.0001876988560656;1.000208180491381;0.9999454391308805;0.9999164525002272;0.9999745074456899;0.9957058668850145;0.9941020918263674;0.992307146644123;0.9915026272683197;0.9999635331833757;0.9910282639218262;0.9908510721893262;0.9907538965671113;0.99044405045335;0.9903257091804689;1.0000000605256993;0.9999689904880489;0.9999400736434938;0.9999800114415105;0.9999987869101158;1.024999976158142;
2016-01-26 09:30:00;0.9999343376767227;0.9998688851178615;1.0000001027684406;0.9999432349800662;0.9999826803440737;0.9999513206381456;1.000205002455;1.0000000812152503;0.9999370396373707;1.0000000732560281;0.9999527391964301;1.0000000777733988;1.0000000745641984;0.9999803641338078;1.000000082027226;0.999999364491337;1.0000000818790449;1.0000001055385521;1.0000000704482042;0.9999538431886803;0.9999286363929291;0.9998870820655257;0.9999997219430208;1.0001907062398208;1.0002114323915965;0.9999373551553086;0.9999028035445359;0.9999704164866114;0.9952459117391088;0.9934543957017201;0.9914305187282784;0.9905062000904062;0.9999571775752186;0.9900147299159483;0.9898293964195624;0.9896094394982405;0.9892477971857704;0.9890949239126435;1.0000000656922234;0.9999636333733131;0.9999312846480918;0.9999758898633146;0.999998793565137;1.024999976158142;
2016-01-26 09:45:00;0.9999088232313121;0.9998296638488801;1.0000001304894321;0.9999215392724853;0.9999774214237729;0.9999332307810826;1.0002151427373653;1.0000000939105953;0.9999164847418633;1.0000000809501364;0.9999366715922245;1.00000008054506;1.0000000774331368;0.9999738836404402;1.000000095215248;0.9999989983252286;1.0000000950028847;1.0000001352533632;1.0000000764197574;0.9999366808846207;0.9998992248913458;0.9998503156757039;0.9999995395247117;1.0001999561487704;1.0002223106870387;0.9999119348048393;0.9998703309125618;0.9999595570338348;0.9953110214447118;0.9935233133198227;0.9914730845748622;0.9905229075044891;0.9999443360795085;0.990063387350846;0.9898988213282395;0.9895698608231012;0.9892268151220669;0.9890714315760983;1.00000006884738;0.9999528175090184;0.9999028659958766;0.9999672234465367;0.9999986286452378;1.024999976158142;
2016-01-26 10:00:00;0.9999085710601942;0.9998164699794809;1.000000138681839;0.9999201990635904;0.9999743249185156;0.999930124019058;1.000219085613532;1.0000000956551995;0.9999057792265742;1.0000000816499501;0.9999334801102572;1.0000000800088091;1.0000000768554576;0.9999726715005643;1.0000000967414222;0.9999994258539796;1.000000096511195;1.00000014446155;1.0000000766232158;0.9999329736149002;0.9999006163029351;0.9998379861573288;0.9999996884834068;1.0002039349686354;1.0002260009349915;0.9999122605855796;0.9998611281425215;0.9999576604518002;0.9954634586639687;0.9937276016398493;0.9917933117428802;0.9909022405263348;0.9999375603611627;0.9903811598404262;0.9901838061250549;0.9900700259152002;0.9897220756198576;0.9895664680839509;1.0000000683429195;0.9999470354888067;0.9999040919948947;0.9999639699184252;0.9999985648570745;1.024999976158142;
2016-01-26 10:15:00;0.9998910330685311;0.9997874784822439;1.00000016757725;0.9999064404042238;0.999971908130949;0.9999198692426152;1.00022455494722;1.0000001113624837;0.9998973200428203;1.000000092680986;0.999923401540851;1.0000000897515229;1.0000000858064646;0.9999678977103502;1.0000001130301235;0.999999108002023;1.0000001127101081;1.000000175026368;1.0000000860141887;0.9999238100608154;0.9998804407059947;0.9998159327607729;0.9999995407968242;1.0002088360802424;1.0002320122162254;0.9998958175734969;0.9998412323195914;0.9999512729125007;0.9951005261323784;0.9932351677096237;0.991141049109668;0.9901774634853356;0.9999305618930706;0.9895903979407351;0.9893886619912887;0.9892936279868901;0.9889257770102464;0.9887736121076874;1.0000000749776043;0.9999410644741059;0.999885014340351;0.9999603518823813;0.9999980926784483;1.024999976158142;
2016-01-26 10:30:00;0.9999103371449556;0.999827059924285;1.0000001303444597;0.9999214486588924;0.9999760279891957;0.9999320154940111;1.000216797253498;1.0000000927870156;0.999911436921616;1.0000000796938993;0.9999355189124076;1.000000080516091;1.0000000770347377;0.9999736822785594;1.0000000940171077;0.9999990158561023;1.0000000938218931;1.000000135276534;1.000000075126453;0.9999353884899754;0.9999024422262985;0.9998467008913638;0.9999995861170625;1.0002014663954772;1.0002239039047143;0.9999133840782801;0.9998680859010998;0.9999588728971153;0.9954670722548659;0.9937352901440523;0.9917664876445611;0.990855975254214;0.9999415575426811;0.9903090235664556;0.990137999748992;0.9900154891948042;0.9896449465833649;0.9894949757520309;1.0000000675484042;0.9999504624414534;0.9999056347125447;0.9999656922022042;0.9999986941907408;1.024999976158142;
2016-01-26 10:45:00;0.9999097562387484;0.99980485250535;1.0000001423204856;0.9999206631587599;0.9999732971278925;0.9999304020261018;1.0002114725795335;1.0000000992941047;0.9999043078854932;1.0000000849704491;0.9999317689215526;1.000000082249;1.0000000792780273;0.9999713115484301;1.0000001005201167;0.9999993488734896;1.0000001002191723;1.0000001479414493;1.0000000798066733;0.9999338275201651;0.999904727692983;0.9998336659300693;0.9999997256614763;1.0001967273397232;1.0002181081667867;0.9999150949486967;0.9998584062984576;0.99995753163631;0.9950543556648006;0.9931425198881051;0.9909612557325069;0.9899315168899662;0.9999343914277742;0.98931778534063;0.9891342115418673;0.9889776569376065;0.9886271349206933;0.9884407356777258;1.0000000712812953;0.9999441993556866;0.999908168302358;0.9999644272761259;0.9999980654435906;1.024999976158142;
2016-01-26 11:00:00;0.9999048640084489;0.9998088826974212;1.0000001339089954;0.9999160791862193;0.9999727228062587;0.9999261752853479;1.0002163899552086;1.000000092839183;0.9998996327281876;1.0000000793724069;0.9999298118313269;1.0000000776610831;1.0000000746879794;0.9999714504634744;1.0000000938841775;0.9999992422463979;1.000000093675692;1.0000001394006435;1.0000000745888478;0.9999292613822223;0.999897298807622;0.9998300391651772;0.9999996497321214;1.0002012700556218;1.0002233233479583;0.9999083790032197;0.9998545662910883;0.9999553454900404;0.9955565953245487;0.9938693370628426;0.9919470824030273;0.9910649580794002;0.9999339988855575;0.9904908918229579;0.9903269640946598;0.9902808289055912;0.9899520985472472;0.9898178172811394;1.0000000667447546;0.9999440347495303;0.9999006089305121;0.9999616482335315;0.9999985899948383;1.024999976158142;
2016-01-26 11:15:00;0.9999026568545925;0.9997944799747459;1.0000001319085425;0.9999185195204687;0.9999753618899903;0.9999315895339944;1.00021621083698;1.0000000929250878;0.9999137164591011;1.0000000799645306;0.9999313159042398;1.0000000796838713;1.0000000764630739;0.9999696910528922;1.0000000943490293;0.9999993839360527;1.0000000939690759;1.0000001369577671;1.0000000752774725;0.9999355531260489;0.9998943486692938;0.9998333338238804;0.9999996290774562;1.0002012639360718;1.000223180455106;0.9999098363533996;0.9998564379943117;0.999957822608533;0.9954601128686833;0.9937192569465516;0.991739843800684;0.9908201415714744;0.9999371071151323;0.9901875770365539;0.9900158625398762;0.990025852788316;0.9896625538542575;0.9894905039810049;1.0000000675087344;0.9999463678309354;0.9998993584256323;0.9999677505636089;0.9999973607533007;1.024999976158142;
2016-01-26 11:30:00;0.9998686977516856;0.9996818468292443;1.0000002402544277;0.9998859368735311;0.9999593074672711;0.9999004533885494;1.0002408672100322;1.0000001399367675;0.999860701047592;1.0000001092840554;0.9998980941440067;1.0000000959360813;1.0000000915800356;0.999954091374583;1.0000001427427374;0.9999994541845556;1.0000001418294706;1.000000253050296;1.000000098099002;0.9999065711399795;0.9998664584096728;0.9997468435910366;0.9999997740197056;1.0002241803552099;1.000248286972384;0.9998820101653801;0.9997863465529505;0.9999381274165609;0.9953725594488769;0.9935885203969083;0.991581080337436;0.99064958224944;0.9998973426003563;0.9900215970140027;0.9898316124579508;0.9898364421952691;0.9894722756306128;0.9893214611509201;1.0000000802967874;0.9999122652323835;0.9998725061521638;0.9999507359113982;0.9999955565544261;1.024999976158142;
2016-01-26 11:45:00;0.9999134628063739;0.9998300534673367;1.000000121696039;0.9999277525837666;0.9999802955789052;0.9999405969798845;1.0002106257278431;1.000000090935898;0.999930133564406;1.0000000795996726;0.9999410201546715;1.0000000827868698;1.0000000791395076;0.9999741770836983;1.0000000924007655;0.9999990017998913;1.0000000920898433;1.000000125535486;1.0000000756095941;0.9999446661764615;0.9999049017692163;0.9998613961087515;0.9999995391522523;1.0001957394985526;1.0002176690538094;0.999918825693802;0.9998795350414441;0.9999634929474341;0.9951446513284445;0.9932729421874787;0.9911948588013936;0.9902242539686926;0.9999492424561526;0.9895866932624858;0.9893687881048259;0.9893655114710088;0.9889946348891818;0.9888401543604273;1.0000000688755801;0.9999567676042111;0.9999092220488792;0.9999731001490746;0.9999978821218866;1.024999976158142;
2016-01-26 12:00:00;0.9999059748434984;0.9998122590735901;1.000000127844785;0.9999202331067479;0.9999765217309281;0.9999326828015622;1.0002131346105185;1.0000000911821654;0.9999157219037632;1.0000000786357353;0.9999341327670271;1.0000000776087368;1.0000000747308004;0.9999717921475184;1.0000000924845511;0.9999991548027961;1.0000000921991767;1.0000001325926688;1.000000074189246;0.9999364722344505;0.9998971732781756;0.9998424465932454;0.9999995762421806;1.0001982132836895;1.0002201480946158;0.9999111958703312;0.9998639210464247;0.9999588344057517;0.9954514611560007;0.9937088266418816;0.9917369984628329;0.9908221325823044;0.9999409596899508;0.9902005007816761;0.9900222079503567;0.9900268281066977;0.9896940795166924;0.9895415680888132;1.0000000668215343;0.9999497853317804;0.9999014956033173;0.9999677410606892;0.9999979651762764;1.024999976158142;
2016-01-26 12:15:00;0.9999023162857366;0.9997928417009543;1.0000001510532117;0.9999141744218828;0.9999707064603182;0.9999239152540909;1.0002183766678183;1.000000100546756;0.9998936885474112;1.000000084701867;0.9999267769204265;1.0000000794422443;1.000000076727094;0.999969663500943;1.000000101635358;0.9999996011683651;1.0000001013555357;1.0000001578550515;1.0000000789562222;0.9999268279559309;0.9998954688069615;0.9998191254834744;0.9999997541588068;1.0002034005462364;1.0002251217200833;0.9999071872698627;0.9998459342547739;0.9999537682724827;0.9953562212314121;0.9935892203323214;0.9916665199139371;0.9907912191651391;0.999928835793031;0.9900703323577358;0.9898386081442155;0.9901164572974138;0.9898585799380939;0.9897794934967871;1.0000000695932778;0.9999395622119435;0.999899163904772;0.9999601086850423;0.999998238976555;1.024999976158142;
2016-01-26 12:30:00;0.9999210413366014;0.9998410997886005;1.0000001168343406;0.9999310384186618;0.9999784639412973;0.9999403710300953;1.0002090176110816;1.00000008617371;0.9999216198080095;1.0000000754634444;0.9999424378662742;1.0000000751400266;1.0000000725309721;0.9999761178264629;1.0000000872348491;0.9999992002438103;1.0000000870176753;1.0000001208052702;1.0000000716872226;0.9999434702500171;0.999914932432136;0.9998623263138695;0.999999667506453;1.000194339874085;1.0002156969144902;0.9999246278124775;0.999881867567396;0.9999637720395124;0.9954369626827012;0.9936892353209389;0.9917453598992799;0.9908466038584908;0.9999470761435808;0.9900574660383915;0.9898563325048652;0.9901871748973377;0.9899344571876102;0.9898740753859633;1.000000065415794;0.9999550614463317;0.9999179134874941;0.9999701014352533;0.9999985830560771;1.024999976158142;
2016-01-26 12:45:00;0.9998728405446071;0.999822698770208;1.0000001438216448;0.9998992550928597;0.9999817984518321;0.9999215957875084;1.0002146205266755;1.0000001022013671;0.9999276082736951;1.0000000869589536;0.9999293002709052;1.0000000853181328;1.0000000821464827;0.9999704347670035;1.000000104268384;0.9999984048999646;1.0000001040238755;1.0000001494028932;1.0000000816457864;0.9999259125842361;0.9998458694686678;0.999841398181859;0.9999989808564923;1.0001993782392968;1.0002230931972529;0.9998739767637829;0.9998553666872086;0.9999527415612925;0.9950577404565867;0.9931385679041835;0.9910071369095531;0.9900032603960608;0.9999522811705063;0.989234423116704;0.9890114812432637;0.9891898016797643;0.9888285724791853;0.9886363693536512;1.0000000724078204;0.9999598364182128;0.999852957149053;0.9999669223033401;0.9999987689830151;1.024999976158142;
2016-01-26 13:00:00;0.9998898650522146;0.9998159828145766;1.0000001365529887;0.9999083830164998;0.9999768027739835;0.9999239089633932;1.0002137160493847;1.000000096417897;0.9999117219951684;1.0000000826962432;0.9999297300165877;1.0000000816029329;1.0000000784958312;0.9999712372812242;1.0000000977841041;0.9999990072517012;1.0000000975929642;1.0000001420141231;1.0000000778279432;0.9999271768200797;0.9998725581986616;0.9998345398721429;0.9999993636214066;1.0001988004547158;1.000221247408676;0.9998919873232276;0.9998541827968364;0.9999541239719879;0.9952305877690112;0.9933988701659955;0.9913646245415134;0.990420379111483;0.9999423970133677;0.9897185796730648;0.9895057511525482;0.9896406496174228;0.98929805238214;0.9891412677817472;1.0000000695683842;0.9999513229380007;0.9998776818493426;0.9999636547396777;0.9999987762803235;1.024999976158142;
2016-01-26 13:15:00;0.9999153012897107;0.999850874394466;1.0000001170988362;0.9999279296665656;0.9999816372499546;0.9999405649611909;1.0002048989613155;1.0000000894130434;0.9999319245792448;1.0000000782370615;0.9999434051676938;1.0000000786531857;1.0000000759002032;0.9999763738422716;1.0000000909959907;0.9999985848255714;1.0000000907630555;1.000000120464094;1.0000000744768973;0.9999446152652413;0.9999056562026961;0.9998711629540006;0.9999994288665399;1.0001900835626818;1.0002120542642823;0.9999180705343512;0.9998872344250068;0.9999639355568692;0.9950801806526166;0.9931969915590132;0.9911195364391449;0.9901570980439823;0.999953729403475;0.9894521023538992;0.9892240262862636;0.989355287640539;0.9890134271618062;0.9888338422901095;1.0000000680952705;0.9999607784075422;0.9999091662692625;0.9999726336756065;0.9999986529121258;1.024999976158142;
2016-01-26 13:30:00;0.9999192343132424;0.99986025248822;1.0000001101750615;0.9999303551703068;0.9999834962468515;0.9999436530385458;1.000205836744309;1.0000000867907355;0.9999393433355073;1.0000000759605505;0.9999456957134463;1.0000000763198895;1.0000000737853494;0.9999770646731033;1.0000000886755012;0.999997929532314;1.0000000884125517;1.0000001126967686;1.0000000725171228;0.9999489097975145;0.999911866159908;0.9998821298373457;0.9999993099822414;1.000190392508033;1.0002133209084518;0.9999221240601498;0.9998966382775517;0.999965700768436;0.9951859619634786;0.9933763268525468;0.9914063436888674;0.9905186954304845;0.999957683268371;0.9897987792129621;0.9895620900191308;0.989826814925312;0.9895470136415084;0.989434448838062;1.0000000667260243;0.999964089826718;0.9999148720566383;0.9999754778518092;0.9999985410834396;1.024999976158142;
2016-01-26 13:45:00;0.9999382614663541;0.999881551206328;1.0000000908564606;0.9999472677036599;0.9999856179725463;0.9999563009845169;1.000201124637946;1.0000000746356041;0.9999482074373202;1.000000067848694;0.9999570595220492;1.000000070623149;1.0000000682698513;0.9999817179971261;1.0000000756458594;0.999999017472123;1.0000000754733118;1.0000000927643726;1.000000065573815;0.9999594712826289;0.9999327969757488;0.9999011179719898;0.9999996302885522;1.0001868247895316;1.0002076607799404;0.9999413818437736;0.9999141798907295;0.9999733111235759;0.9955547406173642;0.9938751841111269;0.9920256283839775;0.9911865347425466;0.999963473965464;0.9905505961369925;0.9903449194086305;0.9905020386112833;0.9902165583328292;0.9901085826860959;1.0000000617236147;0.9999689412682019;0.9999354306319234;0.999979898326907;0.9999986953015032;1.024999976158142;
2016-01-26 14:00:00;0.9999084385752595;0.9998548848631796;1.000000122684006;0.9999171142929156;0.999982527468096;0.999933903275459;1.000211505680385;1.0000000955155603;0.9999346713566594;1.0000000793571109;0.9999370345614957;1.000000076949344;1.0000000743270883;0.9999738258680717;1.0000000990846671;0.9999959378703659;1.0000000987150632;1.0000001248839945;1.0000000747967377;0.9999426951071086;0.9999040633032905;0.9998765447906207;0.9999988777554523;1.0001940137926315;1.0002202720056772;0.9999104560039969;0.999891516233208;0.9999598829068215;0.9953782995504424;0.9936279067185217;0.9916876001150337;0.9908040213150336;0.999955095550232;0.9901561479353564;0.9899503190042457;0.9900683494918314;0.9897619368225408;0.9896208440106744;1.0000000673094818;0.9999619614869464;0.9999059673980544;0.9999728719243803;0.9999985553989639;1.024999976158142;
2016-01-26 14:15:00;0.9999188039175002;0.9998605610626352;1.0000001097753086;0.9999269364195454;0.9999835161320468;0.9999415011116977;1.0002057279226952;1.0000000873201302;0.9999400323594452;1.0000000747395819;0.9999429175969087;1.0000000740574033;1.0000000716164783;0.9999758357957765;1.0000000899704282;0.9999966637456889;1.0000000896602874;1.0000001117361812;1.0000000710782717;0.9999491309710022;0.9999158059270702;0.9998848967007663;0.9999990846874925;1.0001891892922548;1.0002138010070432;0.9999218313504636;0.9998995356663969;0.9999643034409137;0.9954169346047312;0.9936920726608697;0.9917584142765276;0.9908809132255654;0.9999573547123187;0.9902898680166016;0.9901014236912445;0.990114535216638;0.9898027427736639;0.9896498299858173;1.0000000650388157;0.9999637702424657;0.9999177912190591;0.9999758711376288;0.9999983700993419;1.024999976158142;
2016-01-26 14:30:00;0.9998970215604689;0.9998157616173919;1.0000001383512904;0.9999068585342777;0.9999766291004138;0.9999234443739039;1.000213652670792;1.0000001019345515;0.9999146161962978;1.00000008355989;0.9999259519571552;1.0000000786297403;1.000000076030178;0.9999690056725871;1.0000001053670329;0.9999963779795705;1.0000001049844733;1.0000001418279139;1.0000000781148186;0.999931981003544;0.9998932050012751;0.9998443631520486;0.9999989948636836;1.000196364187676;1.0002221980041046;0.9999007577454443;0.9998652071953914;0.9999533877688364;0.9952845685379779;0.9935129240559983;0.9915787752278001;0.9907101905892801;0.9999409462823194;0.9901000157274448;0.989871985853979;0.9899687652461644;0.9896657990659888;0.9895190179339802;1.0000000692528406;0.9999498654038421;0.9998956847573137;0.9999662568696985;0.9999980835101635;1.024999976158142;
2016-01-26 14:45:00;0.9999376762564891;0.9998760391780642;1.0000000942364504;0.9999458105341146;0.999984865669167;0.9999549931851064;1.000199567338055;1.0000000762886687;0.9999462207913236;1.000000068699805;0.9999551776056547;1.0000000694597841;1.000000067467505;0.9999807599991373;1.0000000774420108;0.9999987473430701;1.000000077243768;1.000000096301376;1.0000000661854749;0.9999588272017429;0.999934031933909;0.9998982070735425;0.9999995999978664;1.0001851274176388;1.0002061474025135;0.9999413301340875;0.9999121820497824;0.9999724197186597;0.995504857450146;0.9938056218120019;0.9919735204100112;0.9911460297933554;0.999961470825319;0.9905365160631442;0.9903025057053216;0.9904589492813277;0.9901793100862087;0.9900426400728577;1.000000061969921;0.9999671927660814;0.9999364366386617;0.9999794906185402;0.9999985181781691;1.024999976158142;
2016-01-26 15:00:00;0.9999258942633114;0.9998590105944242;1.0000000948813321;0.9999366445397684;0.9999827468306626;0.9999474311039332;1.0002010157423562;1.0000000748382838;0.9999376645872816;1.0000000670136442;0.9999486081743059;1.0000000649096392;1.0000000636075226;0.9999781653752381;1.000000075938343;0.9999988081675026;1.0000000757462149;1.0000000973313483;1.000000064379544;0.9999511834071336;0.999919196597024;0.9998816840742737;0.9999995404354085;1.0001866038526646;1.0002077588598401;0.9999294705842078;0.9998972746531809;0.9999679151550929;0.9958062085737918;0.9942518784357279;0.9925631152643658;0.9918217663803499;0.9999563023232196;0.9912522232499569;0.9910466878861345;0.9912222436268106;0.9910000506441355;0.9908756570368543;1.0000000599741257;0.9999628567775324;0.9999223184849109;0.9999757239025061;0.9999984845258333;1.024999976158142;
2016-01-26 15:15:00;0.9999382613520156;0.9998606263726632;1.0000000902112376;0.9999465720937043;0.9999826622000856;0.9999544337314594;1.0001986894507973;1.0000000716306836;0.9999399996139909;1.0000000648827516;0.9999533023024038;1.0000000625350638;1.000000061483883;0.9999795349763321;1.0000000724690405;0.9999993390342881;1.0000000722680924;1.000000092525802;1.0000000625285013;0.9999575912761696;0.9999358829890155;0.9998879956973337;0.9999997673498358;1.0001847732920721;1.000204815373453;0.9999434144409858;0.9999045558865494;0.9999718692102781;0.9959021104584403;0.9944053684557779;0.9927717794671511;0.9920682398949899;0.9999560635268013;0.9915373973628957;0.9913443921885486;0.9914926975352851;0.991298881997171;0.9911874942154164;1.000000058632858;0.9999624902374769;0.9999385958223341;0.9999781937357826;0.9999981579242847;1.024999976158142;
2016-01-26 15:30:00;0.9999207907882609;0.9998649053523033;1.000000097825205;0.9999344511304736;0.9999839050769298;0.9999463586986418;1.0002007017400454;1.0000000758131018;0.9999397925726901;1.0000000676716359;0.9999494309868113;1.0000000639633373;1.0000000629879013;0.9999788323032373;1.0000000768604238;0.9999991096233674;1.0000000766927524;1.0000001006725838;1.0000000648752518;0.9999492940991503;0.9999090886764321;0.9998824474348204;0.9999995098431688;1.0001866529422314;1.0002074890032004;0.9999231359337852;0.9998963043048891;0.999967485954428;0.9957923470884447;0.9942354442029643;0.992566878356448;0.9918391547736192;0.9999592619637178;0.9912085723238429;0.9909874319639909;0.9912994820352764;0.9911129364863897;0.9909962089900526;1.0000000601511267;0.9999654991146766;0.999912930176826;0.999975332004097;0.9999988403426611;1.024999976158142;
2016-01-26 15:45:00;0.9999190475041855;0.9998821366652765;1.0000000966567024;0.9999284871092469;0.9999866971716428;0.9999441250018073;1.0001984217516002;1.000000079955221;0.999949053571298;1.0000000693849211;0.9999474493786878;1.000000065282448;1.0000000642725901;0.999978291547296;1.0000000824263102;0.9999965292413453;1.000000082185651;1.0000000979693662;1.0000000664430395;0.9999514012644114;0.9999121730819217;0.9998985232801753;0.9999989689474181;1.0001823563422296;1.0002065459214136;0.9999200602692286;0.9999094234265189;0.9999662006841222;0.9955960722880866;0.9939674899318733;0.9922280902583119;0.9914685119458212;0.9999652934083643;0.9908239589689302;0.990588693781417;0.9908959036140107;0.9906816385201418;0.9905285359344459;1.0000000615474711;0.9999706693176558;0.9999142796381035;0.9999778435353773;0.9999989222344134;1.024999976158142;
2016-01-26 16:00:00;0.9998767958299077;0.9998549237791563;1.0000001313345703;0.9998864079153382;0.9999841034655762;0.9999138217703538;1.0002149681540715;1.0000001056786767;0.9999353078185796;1.000000081220558;0.9999212640425829;1.0000000699881513;1.0000000688142234;0.999968140187885;1.0000001126859144;0.9999919995827644;1.000000112186861;1.0000001318709089;1.0000000754207736;0.9999291404849979;0.9998697505964375;0.9998711661163603;0.9999978237552868;1.000194152759428;1.0002264872743998;0.999875373673927;0.9998827678937788;0.9999481293970078;0.9957657406447732;0.9941918941331963;0.9924966260026086;0.9917554326205538;0.9999576908084205;0.9911507298384239;0.9909328713354851;0.9911801259924938;0.9909789347771739;0.9908472836531296;1.0000000661218833;0.9999644701052122;0.9998708908171574;0.9999692361037714;0.9999989372595117;1.024999976158142;
2016-01-26 16:15:00;0.9998472420721966;0.9997590699035956;1.0000001881378118;0.9998592385793608;0.9999663959625422;0.99988326577335;1.000224127399575;1.0000001274348647;0.9998710336553931;1.000000095518468;0.999892487061935;1.0000000765701385;1.0000000751739615;0.9999571255203518;1.0000001336085944;0.9999940489630612;1.000000133115253;1.0000001935215275;1.0000000865525374;0.9998955656896488;0.9998388341132277;0.9997801551569651;0.9999983255343909;1.0002043493648998;1.0002346772610062;0.9998479327457394;0.9998083988800415;0.9999297802381328;0.9956098417989889;0.9939612572822182;0.9921835586060807;0.9913951460097541;0.999917608515512;0.9907642896868315;0.9905373843749743;0.9907747346336475;0.99052005425764;0.9903247068586316;1.0000000723181162;0.9999304558165352;0.9998411791255655;0.9999469080167085;0.999998611424607;1.024999976158142;
2016-01-26 16:30:00;0.999902876124274;0.9998305602752435;1.0000001192745105;0.9999134333639704;0.9999777372969728;0.9999279916507134;1.000207086638903;1.0000000883735543;0.999917079286819;1.0000000746660196;0.9999317237674655;1.0000000672481388;1.0000000661813082;0.99997203897699;1.0000000905612785;0.9999973000649678;1.0000000903182977;1.0000001226709625;1.0000000704313152;0.9999343628747525;0.9998960360412155;0.9998516469970443;0.999999164804342;1.000191052588824;1.0002149714891049;0.9999053319874289;0.9998710901610625;0.9999564210902824;0.9956509540611018;0.9940441880042634;0.9923401554979886;0.9916012812256373;0.999944665919703;0.9909484862779397;0.9907082866512135;0.9910619089195751;0.9908712595468;0.9907491651817314;1.000000063517295;0.9999531286679602;0.9998987291081617;0.999966812423158;0.9999986028743881;1.024999976158142;
2016-01-26 16:45:00;0.9998899305946543;0.9997716724497681;1.0000001669838794;0.9998983893947905;0.9999638186211671;0.9999073517822379;1.0002207699681176;1.0000001034984534;0.9998656918661594;1.0000000837406873;0.9999135039984437;1.0000000693565116;1.0000000682356351;0.9999658451244279;1.000000104691676;0.9999990009551062;1.0000001045011404;1.0000001755291057;1.0000000768663975;0.9999109071341828;0.9998850223108685;0.999789579257672;0.9999996682846731;1.0002051016315805;1.0002278132125155;0.999892964918277;0.9998220587371777;0.999944246713481;0.99595438563496;0.9944507392191505;0.9928438073820534;0.992145783841415;0.9999146199291731;0.9915286401609364;0.9913120047567482;0.9916365326822214;0.9914717841144413;0.9913846194972658;1.0000000660136692;0.999927696524525;0.9998874737310977;0.9999492275360471;0.9999988252445257;1.024999976158142;
2016-01-26 17:00:00;0.9998975496691347;0.9997906981142256;1.000000133129272;0.9999086501427624;0.9999689171721893;0.999918338405052;1.0002120131913976;1.0000000874030026;0.9998852886872711;1.0000000735753747;0.9999229583950122;1.0000000622779341;1.0000000617747586;0.9999689756613193;1.0000000882467213;0.9999993797954477;1.000000088062231;1.000000139417921;1.0000000686832453;0.999921217773522;0.9998900160160279;0.9998112036078403;0.999999684013856;1.0001973165834996;1.0002187213529525;0.9999010598285775;0.9998391304143311;0.999950698925499;0.996207341999145;0.9948220269190835;0.9933800163121667;0.9927763401392652;0.9999255921742881;0.9921346367671486;0.9919094370101176;0.9924096518878657;0.9923319616919007;0.9922968943246059;1.0000000609103659;0.9999369349151203;0.9998933159369602;0.9999563774490376;0.9999986387614697;1.024999976158142;
2016-01-26 17:15:00;0.9999070886026534;0.9998059478347945;1.0000001007292025;0.9999231824492343;0.999977802190909;0.9999365857267403;1.0002017042057112;1.0000000746978082;0.999922967630234;1.000000066082045;0.9999356368369948;1.0000000588704483;1.0000000586296143;0.9999712602135152;1.0000000757747018;0.9999992823925636;1.0000000754840628;1.000000104093029;1.0000000630238794;0.9999406173266605;0.9998985552339492;0.9998452360788574;0.9999995826388411;1.0001876997581651;1.0002083389715526;0.9999142392463416;0.9998661149731758;0.9999607868603113;0.9961698311992971;0.994781064438018;0.993348974277533;0.9927555798987271;0.9999425179049196;0.9921135061740635;0.9918787494345972;0.9924028526932374;0.9923555983154925;0.9923219472139797;1.0000000580163;0.9999509345462727;0.9999036117813243;0.9999711090488829;0.999997332558961;1.024999976158142;
2016-01-26 17:30:00;0.9998986939815687;0.9997942554927756;1.000000113792868;0.9999140687662971;0.9999755798062653;0.9999287639603749;1.0002076962610744;1.0000000808763174;0.9999141648299509;1.000000069176073;0.9999287701855563;1.0000000596887002;1.000000059429148;0.9999686950321208;1.00000008248887;0.9999986068640537;1.000000082148167;1.000000117829171;1.0000000652446717;0.9999340566626431;0.9998910441567528;0.9998333268804822;0.9999994359498684;1.000192721148256;1.0002148842885343;0.9999055437514431;0.9998560330236161;0.999956126600991;0.9962909637962839;0.9949226650414287;0.9935373280081655;0.9929551187877277;0.9999373729062503;0.9922857776361692;0.992037494915732;0.9926359260965442;0.9925910544885443;0.9925622819545461;1.000000058921887;0.999946612808756;0.9998957559692172;0.9999674863087573;0.9999973485263459;1.024999976158142;
2016-01-26 17:45:00;0.999895036628467;0.9998037379216027;1.000000122815607;0.99990762866301;0.9999751779453678;0.9999232075400148;1.0002100994649978;1.0000000869071857;0.9999099330012696;1.0000000724147513;0.9999255798810915;1.0000000611162294;1.00000006086116;0.9999685220677601;1.0000000891838703;0.999997495982213;1.0000000888389604;1.0000001268717003;1.000000067845509;0.9999299299146585;0.999888456473339;0.9998343556274116;0.9999991995312735;1.0001940301472063;1.000217972655241;0.9998996413387657;0.9998566799837842;0.9999531609903228;0.9961846230887546;0.9947859188451654;0.9933505508695775;0.9927492151954412;0.9999374860989693;0.9920264436721459;0.9917853880975964;0.9924410103520827;0.992401063064451;0.9923778113294809;1.0000000605373505;0.9999468889679394;0.999891973166758;0.9999648570805979;0.999997934974031;1.024999976158142;
2016-01-26 18:00:00;0.9998733519370017;0.9997700764031807;1.0000001567533692;0.9998899440924011;0.9999706952765495;0.9999082944531552;1.0002181618166748;1.000000102947095;0.9998922932594527;1.0000000825183681;0.9999126398141361;1.0000000660192272;1.0000000657140427;0.9999632305738555;1.0000001058372647;0.9999975099734265;1.0000001054151737;1.000000163105911;1.0000000759243661;0.9999152759454784;0.9998624531470706;0.9998024279303939;0.9999991090740181;1.0002016446824893;1.0002264961880802;0.9998780857230632;0.9998283990896465;0.9999442048854564;0.9959569606529927;0.9944651594452986;0.9929196190960984;0.992262313127934;0.9999265812737079;0.9914336334875714;0.9911863014180153;0.9919518118032293;0.9919072864035485;0.9918789435108449;1.0000000653710537;0.9999377128063779;0.9998670815183163;0.9999574139560332;0.9999978205795316;1.024999976158142;
2016-01-26 18:15:00;0.9998514661050225;0.9997728835873566;1.0000001492111672;0.999876288810736;0.9999739402270476;0.9999012078415472;1.0002226656749151;1.0000000981679464;0.999900067039179;1.0000000786228285;0.9999090208280644;1.0000000634729014;1.0000000631559924;0.999961902913147;1.0000001011946276;0.999997050589321;1.0000001008188586;1.0000001553369275;1.0000000724040303;0.9999085785283872;0.999829011086335;0.9998001770146294;0.9999987218392499;1.0002057350992088;1.0002320128708582;0.9998540571796064;0.9998215988074033;0.9999402211476965;0.9964832381910169;0.995138905054108;0.9937454491263178;0.9931303057214232;0.9999332197132388;0.9924062080212706;0.9921837411941719;0.9928045960952797;0.9927496379878894;0.9927133896216948;1.0000000623942231;0.9999435872561427;0.9998355962182264;0.9999571080287605;0.9999981673807512;1.024999976158142;
2016-01-26 18:30:00;0.9998690874516842;0.9997556192505828;1.000000133117972;0.9998918949951529;0.999974693140194;0.9999147321901801;1.0002165636318112;1.0000000923039194;0.9999117729791281;1.0000000759792964;0.9999143896927092;1.0000000633682127;1.0000000630567838;0.9999613093081435;1.0000000951955994;0.999997452659448;1.0000000946977816;1.000000137730757;1.0000000707503551;0.9999229426723931;0.9998561819533024;0.9998084226248274;0.9999989928655166;1.0002002071746539;1.000225094757039;0.9998777538982564;0.9998317258609808;0.9999472180345067;0.9961945327256915;0.994721008925892;0.9932213642768906;0.9925453472751903;0.99993215552448;0.991696306332604;0.991434105911182;0.9922238014375792;0.9921832684392534;0.9921604314071871;1.000000062276353;0.9999421080998505;0.9998629352097108;0.9999652714096827;0.9999964072005786;1.024999976158142;
2016-01-26 18:45:00;0.9998613243092921;0.9997643421257112;1.000000139843214;0.9998856445473245;0.9999755206946453;0.9999103165393532;1.0002197819649012;1.0000000952171981;0.9999115077884335;1.000000077080848;0.9999129306416418;1.0000000630306964;1.0000000627824739;0.9999614995388463;1.0000000984693747;0.999997095899493;1.0000000979899906;1.000000144910614;1.0000000713703467;0.9999186748236111;0.999844247290388;0.9998087624453728;0.9999988216716095;1.000202997560868;1.0002288177724012;0.999867817514314;0.9998302966624455;0.9999449232097142;0.9963718516411587;0.9949681381308093;0.9935352674258269;0.9928927737742193;0.9999347143497858;0.9920382756730443;0.9917913451604066;0.9926196510302253;0.9925925601822438;0.9925815340441057;1.000000062131696;0.9999444866029963;0.9998511215279277;0.999963505328769;0.9999969851182455;1.024999976158142;
2016-01-26 19:00:00;0.9998760112215991;0.9997684777573344;1.0000001348568617;0.9998949903024918;0.9999742110493167;0.9999156294109325;1.0002199145802237;1.000000091665276;0.999908815460302;1.000000074326244;0.9999164737769927;1.0000000608075181;1.0000000605906787;0.9999629577344865;1.0000000946913385;0.9999972870672618;1.0000000941922447;1.0000001396304201;1.000000068892705;0.9999237911138468;0.9998659083354399;0.9998142667436724;0.9999990323160491;1.0002031188814489;1.000228459294496;0.9998834208400021;0.9998378340810384;0.9999480031430393;0.9966212083016817;0.9953115947482116;0.9939826831050088;0.9933899270881554;0.9999324116509778;0.9926057567570146;0.9923700646926695;0.9931350912873855;0.993111287742639;0.9931014228216415;1.0000000602771761;0.9999424094959001;0.999871450016328;0.9999642673693638;0.9999968840979468;1.024999976158142;
2016-01-26 19:15:00;0.9999034669903331;0.9998235156101227;1.0000001089472192;0.999917416778256;0.999980084028333;0.9999336633891261;1.0002067773800203;1.00000008125702;0.9999289231929281;1.0000000693748;0.9999345466957208;1.0000000601426167;1.0000000599513494;0.9999714443041536;1.0000000833753968;0.9999975832096739;1.0000000830512656;1.0000001119857764;1.0000000656528782;0.9999403267481004;0.9998959174580831;0.9998568814362738;0.9999991874678327;1.000191035040789;1.0002145688536015;0.9999085688708463;0.9998749125692334;0.9999592693191067;0.9961787663325697;0.994704139708628;0.993229847460906;0.9925692823794979;0.9999480409896434;0.9916468135879947;0.9913668528729785;0.9923184851365336;0.9922952609079441;0.9922869797842402;1.0000000595932843;0.9999557691233945;0.999899877177396;0.9999719018508233;0.9999977457915631;1.024999976158142;
2016-01-26 19:30:00;0.9999142754346673;0.9998358905304;1.0000000950153944;0.9999247255890888;0.9999800052656922;0.9999380371293818;1.0002029485926598;1.0000000729854133;0.9999285610309727;1.0000000639615092;0.9999387462396158;1.000000056908696;1.000000056745036;0.9999737673476513;1.0000000744823938;0.999997774072291;1.0000000742302464;1.0000000975019878;1.0000000611018465;0.9999440041089814;0.9999097831931021;0.9998649197807679;0.9999993126832806;1.0001875497189778;1.0002103178627328;0.999918783101625;0.9998831642940488;0.9999620623829435;0.9965190659075138;0.9951916536043219;0.9938337092382968;0.993234455058454;0.999948987117141;0.9924242245365639;0.9921926367276467;0.9929887520566246;0.9929656256909942;0.9929573389586126;1.0000000564861433;0.9999565859836803;0.9999127469305966;0.9999723967739341;0.999998041096331;1.024999976158142;
2016-01-26 19:45:00;0.9998666525415276;0.9997428629680576;1.0000001495905848;0.9998817329504667;0.9999667941794571;0.9999007359999724;1.0002240830915137;1.0000000968818248;0.9998801623679655;1.0000000766618613;0.9999035856499615;1.0000000607065647;1.0000000604925916;0.9999590505358854;1.000000099976252;0.9999968999332741;1.0000000994940565;1.0000001555287925;1.0000000703387943;0.9999092895988081;0.9998599818583935;0.9997835216161067;0.9999990314547208;1.0002066060082642;1.0002327774981166;0.9998730747746057;0.9998136382752282;0.9999393640029876;0.996855346776139;0.9956230810033304;0.9943639268041253;0.9937973011454099;0.9999167431374675;0.9930749380313764;0.9928589931673322;0.9935350955603705;0.9935120757295532;0.9935041945734951;1.0000000605118955;0.99992922942896;0.9998642694150977;0.999953861264593;0.9999972395438951;1.024999976158142;
2016-01-26 20:00:00;0.9998846929814208;0.9997984856379468;1.000000120272633;0.9998994146692655;0.9999746604224764;0.999917094041238;1.0002136068515879;1.0000000840636296;0.9999062533955003;1.000000069839696;0.9999211413505399;1.0000000585649766;1.0000000584081945;0.9999670748156327;1.0000000862065435;0.9999972107132833;1.0000000859204157;1.0000001244695125;1.0000000653926169;0.9999241049785927;0.9998747003921182;0.9998262889987108;0.9999990490206536;1.0001971475234461;1.0002219247699062;0.9998883078018512;0.9998484703488677;0.9999496538521808;0.9967149026984473;0.995425230748644;0.9941109827048281;0.9935136900005901;0.999936288523044;0.9926427345605298;0.9924143694242614;0.9933120740322534;0.9932900199399213;0.9932809418675991;1.000000058340138;0.9999459849093004;0.9998786481301125;0.999962361100217;0.9999981309886671;1.024999976158142;
2016-01-26 20:15:00;0.9998946881761231;0.9998231781710252;1.0000001055650167;0.9999092384026481;0.999980487594382;0.9999283027753069;1.000211577583884;1.000000079305059;0.9999289725101249;1.000000066464207;0.9999304313209648;1.000000057220116;1.0000000570618572;0.9999699574662642;1.0000000820093913;0.9999966299256804;1.0000000816682835;1.0000001080948078;1.0000000627493482;0.9999365300151685;0.9998859632084773;0.9998549537014604;0.9999989168204609;1.00019477182873;1.0002201708032807;0.9998988700076612;0.9998720696725276;0.9999561365318661;0.9968109976552524;0.9955633438718732;0.9943204140704062;0.9937629688600829;0.9999487068297233;0.9929500146185923;0.9927101195767908;0.9935748712150471;0.9935537879495114;0.9935462851396377;1.0000000568231084;0.999956419183066;0.9998898317624118;0.999970848904674;0.9999978522860411;1.024999976158142;
2016-01-26 20:30:00;0.9998593834863728;0.999786029484835;1.0000001461629173;0.9998757143152414;0.9999754445973531;0.9999020693160504;1.000225508877148;1.0000001014618511;0.9999074699336593;1.000000077548612;0.999907823140658;1.0000000609254838;1.0000000607362174;0.9999611179793534;1.0000001067569666;0.9999942915574653;1.0000001062129107;1.0000001499214777;1.0000000709890904;0.9999146269295855;0.9998487038133481;0.9998180913591914;0.9999982873910939;1.000205923318989;1.0002361066712993;0.9998623357017337;0.9998386903077077;0.9999404669038084;0.9969254606363307;0.9957016663781437;0.994476117460085;0.9939180225234129;0.999936131236594;0.9930847218508579;0.9928536655032638;0.9937429539982665;0.9937214483415374;0.9937135655217922;1.000000060752939;0.9999459338283946;0.999852539480098;0.999960626479623;0.9999978346699547;1.024999976158142;
2016-01-26 20:45:00;0.9998608085398815;0.9997981651598837;1.0000001400305214;0.9998733649394315;0.9999773191608041;0.999901766492071;1.0002245286727824;1.000000102152398;0.9999142969711885;1.0000000768288422;0.9999070753149973;1.0000000605390265;1.0000000603364234;0.9999608972558043;1.0000001085928836;0.9999924880195148;1.0000001079939356;1.0000001422316955;1.0000000704097796;0.9999174248723168;0.999854820225733;0.9998305904862482;0.9999979366000118;1.0002034680353764;1.000236009681478;0.9998631570769565;0.9998494027684866;0.9999402601299311;0.9969387025683927;0.9957354127432743;0.9945312294144164;0.9939925751382997;0.9999401565288725;0.9931835870392456;0.9929558109967428;0.9938268237152384;0.9938034578210506;0.9937959531244859;1.0000000604752468;0.9999493471998826;0.9998572555491066;0.9999628720249236;0.9999978107182186;1.024999976158142;
2016-01-26 21:00:00;0.9998584293845577;0.9997748746800657;1.00000015150878;0.9998729201141457;0.9999743019393498;0.9998999590124543;1.0002264320533383;1.0000001059407435;0.9999052251310274;1.0000000797930484;0.9999040801281857;1.0000000619481224;1.0000000617459304;0.9999590423042346;1.0000001119887438;0.999993581973724;1.0000001113631474;1.0000001549154658;1.0000000727875749;0.9999142074125937;0.999851914761204;0.999813731297934;0.9999981940206598;1.000206134339946;1.000237322931241;0.9998626863860469;0.999835918742157;0.9999389189913158;0.9968119872800375;0.9955633945540208;0.9942871495222956;0.9937134889854321;0.9999326866663939;0.9928724398326922;0.9926539034901709;0.9935229586867482;0.9934994624087431;0.9934892149691037;1.000000061909013;0.9999428868461364;0.9998552678239516;0.9999605420571599;0.9999973685209946;1.024999976158142;
2016-01-26 21:15:00;0.9998730841119843;0.9998035268873009;1.00000012502371;0.9998863170073532;0.9999765815835532;0.9999096190496622;1.000219781217665;1.0000000903148931;0.9999118704827067;1.000000071333992;0.9999146616217093;1.0000000582718518;1.0000000581165394;0.9999644316544475;1.0000000944892116;0.9999946273858525;1.0000000940915765;1.0000001279096853;1.0000000661980393;0.9999211991313969;0.9998650450277038;0.9998317652107271;0.9999984364738458;1.000200793030836;1.0002298368539546;0.9998755407030924;0.9998515492202495;0.9999451510250033;0.9970298078751969;0.9958517977696724;0.9946667865596958;0.9941295014588534;0.9999397709275597;0.9933260572625348;0.9931071525202305;0.9939617898023947;0.993939575339298;0.9939304913190252;1.000000058194555;0.999949016919215;0.9998680304169776;0.9999629335358583;0.9999981018533888;1.024999976158142;
2016-01-26 21:30:00;0.9999169702761057;0.9998388339732037;1.0000000881122117;0.9999267866648387;0.9999800004445095;0.9999392841876389;1.0002083252564793;1.0000000680945993;0.9999285491810433;1.0000000598198477;0.9999400376091134;1.0000000535749858;1.0000000534571778;0.9999743860144313;1.0000000695070759;0.9999979257014507;1.0000000692922657;1.0000000903234287;1.0000000573041248;0.9999449571278901;0.9999129492067984;0.9998667813240789;0.9999993619097128;1.0001926670038745;1.0002157136485184;0.9999213817426459;0.9998850716735436;0.9999628355802667;0.9973831491178111;0.9963131566370174;0.9952682226082276;0.9947816942535087;0.9999492691532047;0.9940743488081524;0.9938545780642672;0.9946160296692808;0.9945947856412173;0.9945868958769842;1.0000000533554767;0.9999568282308342;0.9999157594036128;0.999972534630025;0.999998114592519;1.024999976158142;
2016-01-26 21:45:00;0.9998758442011374;0.9998050928790861;1.0000001249449042;0.9998883690470285;0.9999765772184086;0.9999109960255965;1.000222267410926;1.0000000901268546;0.9999122247228004;1.0000000709710366;0.9999157679064641;1.0000000578842583;1.0000000577241248;0.9999648080374754;1.0000000944050917;0.9999947133544299;1.000000093972188;1.0000001277550006;1.000000065810592;0.9999224802921088;0.9998687759250463;0.9998336161371204;0.99999848111896;1.000203155451884;1.0002322861737531;0.9998784987662157;0.9998535415194634;0.9999459441805774;0.9971648006680356;0.99602031360258;0.9948818824819445;0.9943579463129414;0.9999398491022967;0.9936230814788467;0.9934018635322412;0.9941611980097113;0.9941395921902808;0.9941317060466259;1.000000057818171;0.9999490597661832;0.9998716060308447;0.999963354966228;0.9999980778231654;1.024999976158142;
2016-01-26 22:00:00;0.9998892963486242;0.999815880046163;1.000000104230155;0.9999007155938524;0.9999783586790398;0.9999208919435514;1.0002140658415;1.0000000778720397;0.9999207156807813;1.000000064802542;0.9999234865968201;1.0000000555854234;1.0000000554415451;0.9999676155439883;1.0000000806158553;0.9999953558043911;1.0000000802754483;1.000000106622996;1.000000061126522;0.9999312342645847;0.9998842728824019;0.9998470767386982;0.9999986789207594;1.0001960030322496;1.0002233328167565;0.9998929266228923;0.9998660075396102;0.9999517645808175;0.9972463143455224;0.9961305290180645;0.995035176085061;0.9945297780349557;0.9999439578138638;0.9937147332099827;0.9934893982490863;0.9944125052043568;0.9943901053631987;0.994381017216793;1.0000000554026809;0.999952422113093;0.9998870060397387;0.9999676321399565;0.9999978901517217;1.024999976158142;
2016-01-26 22:15:00;0.9999147481342264;0.9998279250374753;1.0000000816128711;0.9999272988924818;0.999980383192623;0.9999407634133505;1.000206535552763;1.0000000644087015;0.9999318436463893;1.000000057795958;0.9999398201933491;1.0000000527511113;1.0000000526332684;0.9999733709767029;1.0000000655185854;0.999998290135043;1.0000000653118988;1.0000000836154868;1.0000000557113002;0.9999462162802082;0.9999094839717367;0.9998635336703187;0.9999994060139229;1.0001913392356478;1.0002137406357603;0.999920805983842;0.9998819025473702;0.9999634172130868;0.997548261975885;0.996559357585246;0.9955780203566701;0.9951301314733355;0.9999489346949323;0.99441722921269;0.9942244962521514;0.9950197815323988;0.994997603807562;0.9949893000842007;1.0000000524178314;0.9999564171491712;0.9999132825358295;0.9999741861428411;0.9999975858009154;1.024999976158142;
2016-01-26 22:30:00;0.9999162457184902;0.999826873612014;1.000000082144887;0.9999285028323549;0.9999788205434659;0.9999400250198941;1.000209019994364;1.0000000634353892;0.999925321661712;1.00000005714266;0.9999400023827817;1.0000000521325823;1.0000000520252121;0.9999739616925137;1.0000000642772064;0.9999989591749845;1.0000000640973905;1.0000000845334323;1.0000000550756165;0.9999440865838811;0.9999101941325934;0.9998582887904676;0.9999995674710461;1.0001941970582342;1.0002158835207287;0.9999217745730118;0.999877966951321;0.9999631484635737;0.9978238762597743;0.9969678315918838;0.9961323075549738;0.9957720764607157;0.9999462387932082;0.9952284439428605;0.9950522769256441;0.9956630047799919;0.9956412200928021;0.9956333220130189;1.0000000518456857;0.9999541882352128;0.999913966158376;0.9999718716259063;0.9999978730791046;1.024999976158142;
2016-01-26 22:45:00;0.9999257316228729;0.9998430190190679;1.0000000785565306;0.999937092078101;0.9999811381873799;0.9999473135352207;1.00020761354619;1.0000000617139608;0.9999341432222036;1.0000000562344118;0.9999467886988597;1.0000000518112107;1.0000000517077712;0.9999766220495971;1.0000000624074543;0.9999992225555915;1.0000000622396132;1.000000080742601;1.0000000543980985;0.999950848178711;0.9999204090464074;0.9998731322193215;0.9999996538209669;1.0001930781849455;1.0002142227852788;0.9999311986390506;0.9998908408754646;0.9999675223330895;0.9978813037497775;0.9970218706660399;0.9961915266724491;0.9958191859661423;0.9999518454193164;0.9952622387007847;0.9950796776491584;0.9957030610591457;0.9956804918912132;0.9956718029674758;1.0000000515255818;0.9999589233490431;0.9999239771800065;0.9999754155198267;0.9999979608211539;1.024999976158142;
2016-01-26 23:00:00;0.9999031599398074;0.9997870571302618;1.000000106916252;0.9999146648121652;0.9999714731832485;0.9999256690477879;1.000220709703347;1.0000000726522205;0.9998990437963511;1.0000000622459584;0.9999262746467241;1.000000053540016;1.0000000534155866;0.999968467817251;1.0000000736668284;0.9999990251900482;1.000000073418059;1.0000001114338628;1.000000058742672;0.9999300611680292;0.9998992000086138;0.9998220822562929;0.9999996347711908;1.0002051009426014;1.0002277548889436;0.9999097304649874;0.999848753207724;0.9999544335687232;0.9979568717190066;0.9971527640012927;0.9963760978111592;0.9960479690122994;0.9999293543309944;0.9955579437518559;0.9953869685835035;0.9959450904196682;0.9959227402981687;0.9959136381199406;1.0000000534237607;0.9999398324146552;0.9999028852161366;0.9999627727334153;0.9999976229695683;1.024999976158142;
2016-01-26 23:15:00;0.9999195295645907;0.9998267859645984;1.000000086365169;0.9999298278051151;0.9999769682092137;0.9999391091525439;1.000212632880959;1.0000000643506817;0.9999180228288953;1.0000000575776289;0.9999398071263078;1.0000000519859034;1.0000000518870749;0.9999744441571047;1.0000000650371328;0.999999314293757;1.0000000648746534;1.0000000893185002;1.0000000553024475;0.9999423793686371;0.999914812291664;0.9998542264035919;0.9999997001789447;1.0001978085077456;1.0002192743044065;0.9999245725223703;0.9998756041495432;0.9999627544408601;0.998033977980387;0.9972581346559951;0.9965247072268234;0.9962161070410214;0.9999429758919183;0.9957659012084765;0.9955903546216056;0.9961120729047723;0.9960893426857205;0.9960798593348619;1.0000000518055314;0.9999514624954141;0.9999180529934024;0.9999694932857539;0.9999981471670294;1.024999976158142;
2016-01-26 23:30:00;0.9999370852248907;0.999868053787581;1.0000000673565401;0.999948343735981;0.9999859733069886;0.9999584190288052;1.0002024297046572;1.000000057139067;0.9999524663206282;1.0000000535751032;0.9999567418598916;1.0000000508298312;1.0000000507461217;0.9999802374175257;1.0000000577163217;0.9999992365904737;1.0000000575784023;1.0000000686317396;1.0000000523977448;0.9999618667039919;0.9999319071862743;0.9998984570874195;0.9999996561142208;1.0001882575737435;1.000208881777278;0.9999425874501014;0.9999118824986523;0.9999741106934807;0.9980487033954082;0.997283057716696;0.9965512720087463;0.9962428860625195;0.9999627113108553;0.9957922693562946;0.9956243138023911;0.996139418421117;0.9961183663823573;0.9961100532894559;1.0000000505286566;0.9999680962588441;0.9999354548419781;0.9999822816589953;0.9999979401201913;1.024999976158142;
2016-01-26 23:45:00;1.0002593280346028;1.0002163463693783;1.000306817591387;1.0002688402087363;1.0002982863827485;1.000276719591086;1.0004978319625364;1.0003051332887287;1.000277106253296;1.0003048861795836;1.0002772642384627;1.0003049301086988;1.0003049413893055;1.0002914873686766;1.0003052066139382;1.0003047055035006;1.00030518789426;1.0003071103720556;1.0003048812062196;1.0002802174089163;1.0002536499000716;1.0002375257239158;1.0003048753712473;1.0004845675819949;1.0005038061006466;1.000263611772349;1.0002457433648388;1.0002873481735075;0.9985266345557643;0.9978475298701737;0.9971816410136071;0.9969120948498928;1.0002830596851418;0.9965310067778215;0.9963933478362885;0.9968129309519033;0.9967915686579535;0.9967838859366122;1.0003049957789745;1.0002865376515078;1.000256819248205;1.0002951743172104;1.0003034631390522;1.024999976158142;
2016-01-27 00:00:00;1.000264418987693;1.0002305832905287;1.000305360024496;1.000273293215196;1.000298959617618;1.000281089122931;1.0004934418691145;1.0003048785596136;1.0002835879130325;1.0003049634761245;1.0002805314003207;1.0003051459703205;1.0003051705101624;1.0002933139983063;1.0003048864494393;1.0003042507610336;1.0003048840091928;1.0003054670777605;1.0003050480799236;1.000283664961507;1.0002588069158522;1.0002493145597438;1.0003045442951788;1.0004803624755843;1.0004993587857274;1.0002676635068395;1.00025533702658;1.0002900435804578;0.9985928199577987;0.9979268756494944;0.9972753790695534;0.9970045748026354;1.0002870158527117;0.9966212680378672;0.9964853302767754;0.9969052490862126;0.9968829151257975;0.9968748294165711;1.000305279888139;1.0002896676527897;1.0002615305643343;1.0002965449716048;1.000303858955462;1.024999976158142;
2016-01-27 00:15:00;1.0002626664018532;1.0002365392202717;1.000306379676377;1.000268879803209;1.000300094869804;1.000277952888579;1.0004963824738866;1.0003052571892654;1.000284141664115;1.0003048905526921;1.0002788273811465;1.000304925126881;1.000304934695495;1.0002928645785165;1.000305433171238;1.0003035697877827;1.0003054091122605;1.0003064798394914;1.000304878809519;1.0002831255362576;1.0002597393040864;1.0002531485914106;1.000304825215713;1.0004820586801038;1.0005030194682303;1.000265290507931;1.0002587712165072;1.000288280545524;0.9985086087275575;0.99782236074947;0.9971507867659941;0.996878363872644;1.0002884521241604;0.9964869420402218;0.9963469892142868;0.9967824218031981;0.9967608478383235;0.9967516278511528;1.000304972812243;1.0002910967467733;1.0002615423954677;1.0002969103614283;1.0003037760804665;1.024999976158142;
2016-01-27 00:30:00;1.0002719994465064;1.0002492532598422;1.000305251896954;1.000277968817269;1.0003000832547637;1.0002844350333115;1.0004917474845445;1.0003048823723604;1.0002869169033997;1.0003049441229608;1.0002846036195505;1.0003051031391101;1.0003051225219617;1.0002956785480221;1.00030489725979;1.0003039881841693;1.0003048941978723;1.0003053190782734;1.000305012965591;1.0002870056961588;1.0002681731265823;1.000261639125182;1.0003045411534703;1.0004785070137543;1.0004976685456934;1.0002738853042143;1.0002662697950224;1.0002922811998554;0.9985058466650973;0.997810797570039;0.9971381981137433;0.9968602869773665;1.0002908252584355;0.9964602204630496;0.9963134209263178;0.996762930725279;0.9967421491230923;0.9967340663281992;1.0003052019710839;1.0002929576137574;1.0002698922565785;1.0002975746827025;1.0003042520489152;1.024999976158142;
2016-01-27 00:45:00;1.000266461232895;1.0002294290573357;1.0003052693633891;1.000274893449016;1.0002988171625888;1.0002823204082056;1.0004957587506886;1.000304880424535;1.0002840940034254;1.000305037217739;1.0002810053726925;1.000305282273062;1.0003053135142146;1.0002933472363933;1.0003048777059467;1.0003042859154163;1.000304877474692;1.0003053659296954;1.0003051535498495;1.0002848613078186;1.0002619355166982;1.0002500609785359;1.00030457051272;1.0004825434988582;1.0005016591425238;1.0002701605404998;1.0002563528129884;1.0002907130247882;0.9987311748997267;0.998149164240733;0.9975591993242644;0.9973343024688867;1.000286660255662;0.9970426427636824;0.9969374636723611;0.9972335983024848;0.9972107332243945;0.997202272021296;1.0003054507662252;1.000289302026081;1.0002645774702388;1.0002970574003138;1.000303866003335;1.024999976158142;
2016-01-27 01:00:00;1.000258275229072;1.0001943685703985;1.0003063733370965;1.0002686975264956;1.0002968187751902;1.0002772941861495;1.0005008716700055;1.0003049572629295;1.0002770532215113;1.000304901135925;1.0002742087653593;1.000305119910168;1.0003051470691433;1.0002887635875266;1.0003050129253634;1.0003045474067636;1.0003049943302482;1.0003066284018225;1.0003049804163613;1.0002813739461613;1.0002554600330897;1.000229635323191;1.0003047298004293;1.0004874074978012;1.000506811867567;1.0002655742359234;1.0002398226035165;1.0002870850159253;0.9987867704276076;0.9982128249913367;0.997629449491817;0.9974008468670611;1.0002784819889807;0.9970957194496216;0.9969930740602334;0.9973043995364975;0.9972826515827199;0.9972741894907237;1.0003052655068987;1.0002823152251596;1.0002591735618531;1.000296317631615;1.0003026826191084;1.024999976158142;
2016-01-27 01:15:00;1.0002634211956354;1.0002139015358067;1.000305228400209;1.0002726528792416;1.0002973129199495;1.0002804085145935;1.0004963621301581;1.0003048955329177;1.0002803351731966;1.000305119405819;1.0002777567164178;1.0003054457450127;1.000305481158951;1.0002915052785113;1.000304881655232;1.0003044086895312;1.0003048843177353;1.000305325553594;1.0003052669083632;1.0002830838059886;1.0002596522483584;1.0002407434293419;1.0003046124606425;1.0004832035944717;1.000502188353138;1.0002684820295997;1.0002488110539207;1.0002893515105602;0.9988108944372639;0.9982661526115096;0.9976970561257517;0.9974845046685125;1.0002824857387982;0.9972207737737561;0.997133593165187;0.9973811886141082;0.9973597910525818;0.9973513263601311;1.0003056242560175;1.000285648351275;1.0002626760569717;1.000296231895262;1.0003036044604239;1.024999976158142;
2016-01-27 01:30:00;1.0002687598686184;1.000227616744556;1.0003049712090795;1.0002764006335385;1.0002979948520856;1.000283137740836;1.000495081064881;1.0003050032786849;1.0002826123485353;1.00030535517978;1.0002808785371111;1.0003057475098536;1.0003057885678226;1.0002935395441348;1.000304961307081;1.0003044494392073;1.0003049703698834;1.0003050186712616;1.000305538559196;1.0002852448849682;1.0002654777278543;1.0002492433571204;1.0003047112201997;1.0004819716124642;1.0005008378663758;1.0002726208319435;1.0002561915119492;1.0002912670861925;0.9988787022774237;0.9983525713896009;0.9978038185820384;0.997596473930996;1.0002852769777262;0.9973359054980553;0.9972511565652764;0.9974979412869396;0.9974759381937012;0.997466299378669;1.0003059480574907;1.0002880401517082;1.0002678830363938;1.000296741886879;1.0003042701540763;1.024999976158142;
2016-01-27 01:45:00;1.0002709950376028;1.000237019882229;1.000304908586932;1.0002779721291148;1.000298863717403;1.000284553131249;1.000494157435416;1.0003050376706728;1.000285185967882;1.0003054039300354;1.0002827936083039;1.0003057681657153;1.000305808218541;1.0002946968885433;1.0003049873738499;1.0003043443613027;1.0003049961523292;1.0003049324350055;1.0003055801797474;1.0002865849890414;1.0002675877840894;1.0002553364302416;1.000304707807588;1.000481002937376;1.000499963372658;1.0002740493850037;1.0002611947162203;1.0002922627400594;0.998862960351116;0.9983461814521433;0.997800378104862;0.997602712838118;1.0002877993298218;0.9973623233224099;0.9972836039310009;0.9975033052444783;0.9974820711957629;0.99747360330013;1.0003059694127314;1.0002902218613865;1.0002696873494386;1.0002973655504057;1.0003045210685941;1.024999976158142;
2016-01-27 02:00:00;1.0002683590752537;1.0002390672809731;1.0003048895538587;1.0002764990195754;1.000299094939828;1.000283675990648;1.0004959141645937;1.0003053833495927;1.0002850898231563;1.0003059225369317;1.00028250206076;1.0003063749468122;1.0003064339233025;1.0002952128475795;1.0003053009974745;1.000304721312272;1.0003053172149776;1.0003048794919762;1.0003061630833592;1.0002851033372921;1.0002627568638316;1.0002546333686277;1.000304998447819;1.0004827720653866;1.000501814069221;1.0002705861537133;1.000259891901048;1.0002920509109126;0.9990957161027497;0.9986697504711071;0.9981862323977821;0.9980166613656961;1.000288611519712;0.997836747356929;0.9977941666292257;0.9979134125991028;0.99788973327515;0.9978816270017016;1.0003066722128795;1.0002909705452072;1.0002650575119436;1.000296756469492;1.0003053256578944;1.024999976158142;
2016-01-27 02:15:00;1.0002741698552573;1.0002570085094726;1.000304981786203;1.0002808399054282;1.0003007164555113;1.0002870616213622;1.0004921794509323;1.000305508497834;1.0002893860469693;1.0003059977496143;1.0002869339705354;1.000306373821553;1.000306421425125;1.0002977061231009;1.000305429196477;1.0003047982876452;1.000305440512848;1.000304951597617;1.0003061978988868;1.0002881442823088;1.0002685360111376;1.000266091424484;1.0003051232814142;1.0004792388646837;1.0004979783551746;1.0002750245713512;1.000269594706409;1.0002943636317583;0.9989759582044984;0.9985083243394405;0.9979964553047027;0.9978164019780582;1.0002931701372895;0.9976056595664176;0.997546366209325;0.9977202304864823;0.9976989560067921;0.9976908530286488;1.0003066142842516;1.0002949457546437;1.0002702756798276;1.0002980186407249;1.0003057695303754;1.024999976158142;
2016-01-27 02:30:00;1.0002829272830798;1.0002586427975884;1.0003051485631205;1.0002870037912555;1.0003005738292527;1.0002913024159603;1.000491644537272;1.0003058065410433;1.0002901954295829;1.0003063361902862;1.0002895214798935;1.0003067287619587;1.0003067830185814;1.0002987248897524;1.000305715478998;1.000305181995329;1.000305733884207;1.000305104412681;1.0003065489197114;1.0002923213349468;1.000281305559985;1.0002706180990788;1.0003055299726908;1.0004787524484553;1.0004971567280403;1.000284677008739;1.0002749955331027;1.0002968859930244;0.9990203688275474;0.9985568330262179;0.9980497795614858;0.9978642292125385;1.0002926874898082;0.9976477912479566;0.9975888011988256;0.9977646186658169;0.997743786078443;0.9977356815772905;1.0003069689077306;1.0002944521827077;1.0002824276077487;1.0002995503521923;1.0003059259019191;1.024999976158142;
2016-01-27 02:45:00;1.0002846294740733;1.0002565171556188;1.000305029216677;1.0002877647736088;1.000299427626331;1.0002909296074651;1.0004925278485572;1.0003056807328206;1.0002864371863958;1.0003061957951644;1.0002891185501341;1.00030661324523;1.0003066681755481;1.000298656268552;1.0003056097199468;1.0003052705124562;1.0003056255866813;1.0003049896045384;1.0003064124408763;1.0002915897310893;1.000283970182593;1.0002677861601095;1.0003054967656049;1.0004797007206447;1.0004978859583595;1.0002864199761434;1.0002732154921634;1.0002966377140647;0.9990065802562256;0.9985498201684925;0.9980516863569391;0.9978779603584956;1.000290547106516;0.9976814184449783;0.9976222744547892;0.9977805272253607;0.9977579266151184;0.9977486811505843;1.0003068404474529;1.0002926149631706;1.0002848713632948;1.0002984063263578;1.000305859727811;1.024999976158142;
2016-01-27 03:00:00;1.000281016928958;1.0002483594609568;1.0003050590654279;1.0002854824815082;1.000299441301686;1.000289863273315;1.0004914380775936;1.0003056462670339;1.000287325976255;1.0003061253790273;1.0002873262678278;1.0003064568134474;1.000306514791466;1.000297354949315;1.0003055644731351;1.0003051215306786;1.0003055825716034;1.0003050224136878;1.0003063232403075;1.0002910384132637;1.0002800171708812;1.0002642801638302;1.0003054079779023;1.0004786084565023;1.0004968801619847;1.0002836910879431;1.0002699068425218;1.0002957921864217;0.9989559761954301;0.998474069719609;0.9979502386937523;0.9977605335283821;1.000289721794705;0.9975408390881016;0.9974773087210166;0.9976576066899134;0.9976335887652166;0.9976243457753572;1.0003067165938822;1.0002918560622513;1.0002813682646554;1.0002988509110091;1.0003053855417905;1.024999976158142;
2016-01-27 03:15:00;1.0002801525347969;1.000259049463438;1.0003051783459493;1.0002842583189724;1.000300324079614;1.0002890162892848;1.00049066490688;1.0003057797000816;1.0002882515039142;1.000306302764935;1.0002880745571485;1.0003066711037827;1.0003067234404772;1.0002984391313283;1.0003056877417547;1.0003049636863408;1.0003057019843047;1.000305137731808;1.0003065028852245;1.0002902225322803;1.0002778102137033;1.0002686268185277;1.000305438207167;1.0004776978796082;1.0004962991355637;1.0002812601342688;1.0002729848789274;1.000295622277191;0.9989871900724917;0.9985190221264879;0.9980063928104187;0.9978226925003004;1.0002923107085375;0.9976064897564987;0.99754723990036;0.997725388079489;0.9977035687875498;0.9976950950198731;1.0003068974277978;1.0002941988106688;1.0002788450844182;1.0002984257892447;1.0003060353026;1.024999976158142;
2016-01-27 03:30:00;1.0002713629454008;1.0002369942931963;1.0003048815866573;1.0002767479952446;1.0002975019341094;1.0002825182595194;1.000494088500594;1.0003052834509754;1.000279569042931;1.00030578838062;1.0002811714134239;1.0003062666793159;1.0003063131129502;1.0002949055990555;1.000305211093257;1.0003044535920476;1.0003052240908525;1.0003048775096914;1.0003060093922898;1.000284265056897;1.0002689442469967;1.0002518564798368;1.0003049380072542;1.0004808493702377;1.0004998794008375;1.0002736004190842;1.0002587656085633;1.0002913457471365;0.9989928715835125;0.9985326047612728;0.9980243058853719;0.9978465149227659;1.0002854301972293;0.9976351771235259;0.9975797886626154;0.9977537669431532;0.9977330081780319;0.9977245347655032;1.000306467688133;1.0002882590057425;1.0002704652358823;1.0002952543623993;1.0003052615406343;1.024999976158142;
2016-01-27 03:45:00;1.0002860774106581;1.0002579884494025;1.0003053228373064;1.000289211785142;1.000300060930365;1.0002923713537049;1.0004915598055257;1.000306101124769;1.0002882913799171;1.0003066298667382;1.0002901817018544;1.0003069804532807;1.0003070472110536;1.0002992779275068;1.0003060212260695;1.000305689585968;1.000306040701075;1.0003052628981262;1.000306845088112;1.000292963455436;1.0002856108205673;1.0002699641105546;1.000305916506518;1.0004788248711396;1.0004968696520242;1.0002879813463832;1.0002751369868124;1.0002976401102188;0.9990622762724628;0.9986151943710687;0.9981159038582857;0.9979333053215995;1.000291545832629;0.9977281165123304;0.9976780017867125;0.9978299479699901;0.9978054746357081;0.9977962273646396;1.0003072594217641;1.0002934864309116;1.0002865126975333;1.0002993769566861;1.0003061854031308;1.024999976158142;
2016-01-27 04:00:00;1.0002793991148482;1.0002460038211478;1.0003049535936421;1.0002834870912576;1.0002982466535157;1.0002874509904611;1.000492830748452;1.0003055303934023;1.0002825323810156;1.0003060234171643;1.0002855880695818;1.0003064363139584;1.0003064897578582;1.0002969644363988;1.000305465346575;1.0003050719378759;1.000305479602656;1.0003049248941651;1.0003062352308874;1.0002883907548867;1.0002781931298554;1.0002595275679782;1.000305319173905;1.0004799465856768;1.0004982763428096;1.0002815998813992;1.0002660024677892;1.0002944197353136;0.9989804733992179;0.9985232986757885;0.9980137453483632;0.9978391935843323;1.00028753591654;0.9976530139871845;0.9976011020043613;0.997733582798843;0.997706264534755;0.9976915768368628;1.0003066593686862;1.0002900338666822;1.000279399872974;1.000296873718022;1.000305528608147;1.024999976158142;
2016-01-27 04:15:00;1.0002801509969768;1.0002486196040348;1.0003051121129052;1.0002852630625956;1.0002997204892428;1.0002899354200476;1.0004920459208586;1.0003057909889936;1.0002880502390818;1.0003063198254316;1.0002874757750322;1.0003067166591744;1.0003067735069944;1.0002975240311227;1.000305702350488;1.0003053166036604;1.0003057225214473;1.0003050674966423;1.0003065386684928;1.0002909261305697;1.0002782995388533;1.0002643294428966;1.0003055426654845;1.0004792542620575;1.0004975062590742;1.0002827200361941;1.000269671078842;1.0002959169132968;0.9990286499502159;0.99856416654311;0.9980535272246444;0.997863611736081;1.0002902578076387;0.9976573778314745;0.9975999566268229;0.9977512121886694;0.9977207022704953;0.9977008164218008;1.0003069725007663;1.0002923277235016;1.000279818616092;1.0002989950806587;1.000305658633811;1.024999976158142;
2016-01-27 04:30:00;1.000273766208208;1.0002355509531224;1.0003048816088893;1.0002787902705679;1.0002975565261598;1.0002841047768882;1.0004937203808044;1.0003051487001093;1.000280716026132;1.0003055877173648;1.0002820580836684;1.0003060126266605;1.0003060589564927;1.000294803055334;1.0003050878095998;1.000304428518184;1.0003050997319947;1.0003048924940685;1.0003057889718474;1.0002859861844247;1.0002725281989762;1.0002530205752673;1.0003048610053842;1.000480546511182;1.000499395824527;1.0002767387223948;1.0002601886754585;1.0002920999295573;0.998911296963665;0.9984201733278018;0.997878134826368;0.9976840605065791;1.0002852853065578;0.997468605569859;0.9974093175978658;0.9975724138665997;0.9975420109908227;0.9975225331789747;1.000306212171349;1.0002880749861065;1.0002740618900972;1.0002961377219286;1.0003048265213443;1.024999976158142;
2016-01-27 04:45:00;1.000277885411737;1.0002467852466395;1.000304923630635;1.000282085325528;1.0002987828344716;1.0002869854781813;1.0004942017495215;1.000305460765476;1.0002845609536768;1.0003060231560996;1.000285074815663;1.0003064925803802;1.000306551205347;1.00029659898587;1.0003053747484232;1.0003046486981582;1.0003053908819552;1.0003049031515547;1.0003062604200001;1.0002885555444656;1.0002767895430589;1.0002611543206004;1.0003051450998648;1.0004809631058342;1.0004998961013076;1.0002800908877063;1.0002670697535756;1.0002940980637431;0.9990524390184764;0.9985996107261079;0.9981008239467452;0.9979186435627971;1.0002885209317591;0.997727748433978;0.9976724158973829;0.9978060819154223;0.9977739591381953;0.997754071128833;1.0003067412392603;1.000290862083915;1.0002779697731696;1.0002974167776153;1.0003055271229242;1.024999976158142;
2016-01-27 05:00:00;1.0002816286856375;1.0002432339193292;1.0003049090569884;1.0002859273654638;1.0002987480389385;1.0002899048353926;1.0004921903888089;1.0003053580202819;1.0002860557832678;1.0003057750830309;1.0002867941395088;1.000306116794267;1.000306167252833;1.0002966238245474;1.0003052945205997;1.0003049804051394;1.0003053115390006;1.0003048929885823;1.0003059611426135;1.0002911718845209;1.000281597799825;1.0002618325147614;1.0003051870484;1.0004793734341766;1.000497541365552;1.0002850618149235;1.0002682494945168;1.0002955664846067;0.9988799461920799;0.998399615696511;0.9978544110928067;0.9976704851720204;1.0002880535493013;0.9974843717834866;0.9974363747605575;0.9975523309671227;0.9975193682411462;0.9974971399753525;1.0003063361316542;1.0002903619537133;1.0002830252453663;1.00029872363125;1.0003048542141626;1.024999976158142;
2016-01-27 05:15:00;1.0002720396623266;1.0002170981081966;1.0003052454311585;1.0002778315237877;1.0002964401736725;1.000283150490621;1.0004975984991442;1.000304913466271;1.0002780537712017;1.0003052092876614;1.0002796356203019;1.0003056388915308;1.0003056818086238;1.0002924310974566;1.0003048916515211;1.000304478233662;1.0003048968740291;1.000305352405204;1.0003053948261729;1.000285726249273;1.0002725065592208;1.000243857159949;1.0003047410054284;1.000484319612282;1.0005031874851624;1.000277430956339;1.000253178825112;1.000290998978569;0.9988981767344209;0.9983983747170694;0.9978311165881599;0.9976219374954401;1.0002809935896844;0.9974079183809498;0.997357966962658;0.9974891703849381;0.9974492539491489;0.997417020102981;1.000305825890592;1.0002843301376607;1.0002746209654965;1.0002963762065398;1.0003038022513289;1.024999976158142;
2016-01-27 05:30:00;1.0002690212756766;1.0002123920441057;1.0003054040577242;1.0002758002743268;1.0002963810679166;1.0002817590459714;1.000498812609003;1.000304886018082;1.00027745136109;1.0003051107288028;1.0002783873835681;1.0003054763484744;1.0003055185162737;1.0002916608576429;1.0003048778731136;1.0003044751856036;1.0003048791628357;1.0003055361186368;1.0003052734308229;1.0002845541772374;1.0002686721574716;1.0002405576900604;1.0003047036784192;1.0004854744201346;1.0005044823066451;1.0002747204676672;1.0002500836383872;1.0002900840220676;0.9988830255745;0.9983932320481537;0.9978191079562201;0.9976145572356987;1.0002803140011358;0.9974352328098811;0.9973983398731028;0.9974642658230579;0.9974196546239469;0.9973838492838107;1.0003056711219525;1.0002837725037501;1.0002711146954424;1.0002961437167752;1.0003035415061658;1.024999976158142;
2016-01-27 05:45:00;1.0002617086443146;1.0001875585111422;1.0003055950690647;1.0002700032856897;1.0002946687578511;1.0002775567841198;1.0005006374726058;1.0003048795609526;1.0002730735246435;1.0003050952786126;1.000272396345399;1.0003054733154355;1.0003055238127947;1.0002881515929518;1.0003048787313342;1.0003042995647202;1.0003048775693189;1.0003057591175146;1.0003052697758485;1.0002814601063976;1.0002624863667648;1.000226376353217;1.0003046606382502;1.0004870371998884;1.000506459059466;1.000269634855948;1.0002382693814882;1.0002871502373731;0.9989543936774015;0.9984774538096038;0.9979184133267487;0.9977131304395652;1.000274564050218;0.997523558193711;0.9974876183356465;0.9975688613758439;0.997535064118487;0.9975176194266231;1.0003057058314018;1.0002787640413855;1.0002655750497274;1.0002953197577125;1.0003028090813715;1.024999976158142;
2016-01-27 06:00:00;1.0002689077528988;1.000216425621426;1.0003054574533454;1.0002739967645091;1.0002959160785319;1.0002797244311752;1.0004960036386399;1.0003048775040246;1.00027454068026;1.000305044130245;1.0002772964846738;1.000305374780218;1.000305411189241;1.0002917914671947;1.000304881889589;1.000304099472569;1.0003048799590897;1.0003055816046607;1.0003051807821186;1.000282960729304;1.0002694869782653;1.0002405902849165;1.0003046387241052;1.0004825199126814;1.0005017716799003;1.0002736529111724;1.0002503266949472;1.0002890293530793;0.9987603929171757;0.9982507664955974;0.9976485813607643;0.99744528704513;1.0002798115750444;0.9972705544276379;0.9972353590742318;0.9972935345130022;0.9972690937310985;0.9972606306723201;1.000305522122538;1.000283428209791;1.0002713070084897;1.0002948084671897;1.0003037201913019;1.024999976158142;
2016-01-27 06:15:00;0.9999324710055384;0.9998654417607122;1.0000000751395905;0.9999376674129378;0.9999815071992751;0.9999467766620397;1.0002058171849948;1.0000000611713626;0.9999331705135599;1.000000055503473;0.9999478673530651;1.0000000513908849;1.0000000512848324;0.9999785236397074;1.000000062060051;0.9999979798479345;1.0000000619365539;1.0000000767120893;1.0000000538128762;0.9999517542024624;0.9999317665778074;0.9998851545939721;0.9999994677277996;1.0001902886620484;1.0002128755772657;0.9999354238354564;0.9999020208816394;0.9999676382265382;0.9979016195995505;0.9971838300286867;0.996319995677716;0.9959924021073273;0.9999543801957791;0.9956843839177101;0.9956452046738794;0.9957659390852288;0.9957310766577394;0.9957146603836768;1.000000051207887;0.9999612336418645;0.9999331584468727;0.9999746063784789;0.999998684457324;1.024999976158142;
2016-01-27 06:30:00;0.9999375219916891;0.9998689387944647;1.0000000751651006;0.9999424482739225;0.9999813404413129;0.9999496928725229;1.0002063698168606;1.0000000607214174;0.9999326350012335;1.0000000554324502;0.9999507773197108;1.0000000521426626;1.000000051844393;0.9999798334420784;1.0000000614103697;0.9999986342395577;1.0000000612984488;1.0000000769283564;1.0000000537775302;0.9999534510736655;0.9999366728285889;0.999886915819287;0.9999996356403512;1.000191327447345;1.0002130204426545;0.9999404783820527;0.9999040467147111;0.9999694382449998;0.9978767983565469;0.9971438687669282;0.9962550438244807;0.99591116444876;0.99995450600251;0.9956050379870037;0.9955695185183171;0.9956616950534728;0.9955843864760475;0.9955622069827433;1.000000051218194;0.9999613398589136;0.9999381006848828;0.999974772168147;0.9999988024620379;1.024999976158142;
2016-01-27 06:45:00;0.9999417563928829;0.9998885880912057;1.0000000679288237;0.9999478279478797;0.9999861135014694;0.9999569316117145;1.000202204262098;1.00000005858072;0.9999502457239736;1.0000000544159109;0.9999573062463532;1.0000000533707976;1.000000052754707;0.9999819898595502;1.0000000593312215;0.999998193914757;1.000000059223073;1.0000000689343016;1.0000000531683406;0.9999614320124226;0.9999397808676969;0.9999077954046418;0.9999994908516674;1.0001871249321;1.0002090907029269;0.9999445925089597;0.9999204620374597;0.9999736980087717;0.997603507687811;0.9967863058527382;0.9957906026470952;0.995404580395045;0.9999647663012338;0.9951501109180381;0.995113623334136;0.9950636433586346;0.9949308604050288;0.9949003129024495;1.0000000511794673;0.999970025352718;0.9999414379674488;0.9999808007235236;0.999998716966965;1.024999976158142;
2016-01-27 07:00:00;0.9999460883346953;0.9998896753693022;1.000000071583072;0.999950857102868;0.999985538777083;0.9999584695834081;1.0001988816151703;1.000000061279608;0.9999485127684159;1.0000000567331013;0.9999585176487963;1.0000000566774965;1.000000055666276;0.9999826029700541;1.0000000620318328;0.999998437852959;1.0000000619157907;1.000000072713836;1.0000000553197632;0.9999625225539339;0.9999455719672513;0.9999083766852129;0.9999995915560302;1.0001841833352934;1.0002054421552211;0.999949056387638;0.9999217679297908;0.9999746334545891;0.9969054753764022;0.9958381738948984;0.9945770189267513;0.9940721538857903;0.9999638019528285;0.9937446450747268;0.993670981488243;0.9936226417681223;0.9934451169468012;0.9934052974555015;1.0000000530266029;0.9999691880800666;0.9999469240635982;0.9999806470860632;0.9999987520209516;1.024999976158142;
2016-01-27 07:15:00;0.9999257040932162;0.9998306460663157;1.0000000976177885;0.9999329221835956;0.9999781962683787;0.999942584558685;1.0002094513170314;1.0000000740118935;0.9999246642184173;1.000000064969686;0.999941086191768;1.0000000625705452;1.0000000610899342;0.9999743602087696;1.0000000753040694;0.9999983906982934;1.0000000750346283;1.0000001003475552;1.0000000620112368;0.999947834859563;0.9999264750620482;0.9998642279399277;0.9999995881848371;1.0001939893935818;1.0002163401982642;0.9999318794221709;0.999885109677135;0.999964564237547;0.9964411872634296;0.9952017756374784;0.993736856878061;0.993137271695722;0.9999450229438225;0.9927928216712172;0.992707560719014;0.9925730376417968;0.9923095781239684;0.9921776002049576;1.000000057287446;0.9999530583871864;0.9999288369431852;0.9999728168945445;0.9999977221813762;1.024999976158142;
2016-01-27 07:30:00;0.99992432545089;0.9998259254362433;1.0000000935888538;0.9999323634301466;0.9999796389474852;0.999944112835774;1.0002068801472384;1.0000000733741896;0.9999319534559015;1.0000000646881253;0.9999406442616446;1.0000000628265089;1.0000000613567752;0.9999731912129913;1.0000000749580005;0.9999978205564435;1.0000000746292437;1.0000000956777781;1.0000000619329017;0.9999508200698014;0.9999264157069688;0.9998678884595958;0.9999994543273979;1.0001911284287792;1.000214035107949;0.9999319775210769;0.9998878770790606;0.9999651330269268;0.9963202620640367;0.9950380691649757;0.993508374041494;0.9928771095122692;0.9999468838247833;0.9925148043781135;0.9924360081710368;0.9922828297226108;0.9920293764175155;0.9919081298679726;1.0000000575113743;0.9999544985200621;0.9999290655786103;0.9999758512189253;0.9999971423555474;1.024999976158142;
2016-01-27 07:45:00;0.9999322525912656;0.9998522783115807;1.0000000904310444;0.9999401801084435;0.9999816266451528;0.9999495443930909;1.0002049496015486;1.0000000717157733;0.9999361948618106;1.0000000641677973;0.9999484982841875;1.000000063450844;1.000000061871135;0.9999775682416738;1.0000000728593557;0.9999986597038959;1.0000000726373828;1.0000000925743715;1.0000000616969429;0.9999539836871579;0.9999308369225923;0.9998813824019767;0.9999996126675507;1.0001900451805033;1.000211640959241;0.9999374583460023;0.9998988248852131;0.9999688941973779;0.9962157484798746;0.9948901565031738;0.9933021270901703;0.992638879973642;0.999953314174282;0.9923289072542499;0.9922518071005856;0.9919662227818511;0.9916953100061034;0.9915612977505821;1.000000057670104;0.9999601566595128;0.9999333371223855;0.9999765803367143;0.9999980338084653;1.024999976158142;
2016-01-27 08:00:00;0.9999208345068137;0.9998162767698058;1.0000001151665436;0.9999271270089585;0.9999732412148552;0.9999343637183902;1.000213425044234;1.0000000819270567;0.9999046699914127;1.0000000706797088;0.9999350422250655;1.0000000670199454;1.0000000652041883;0.9999730811933927;1.000000082898625;0.9999990872272698;1.0000000827005495;1.0000001194480836;1.0000000668227789;0.9999380515349372;0.9999207910908844;0.9998427838190266;0.9999997698616132;1.0001982428809164;1.000219987015002;0.9999258979025245;0.9998678768166447;0.9999599750299928;0.9961134146044974;0.9947331010562726;0.9930898667814868;0.9923928845685607;0.9999351460320935;0.9920339490494028;0.9919468186831796;0.9917086910887806;0.9914422205004412;0.9913167806882919;1.0000000606549864;0.9999448145062821;0.999922891472947;0.9999653514643739;0.9999982211438929;1.024999976158142;
2016-01-27 08:15:00;0.9999310257185037;0.9998469390158833;1.0000001051280116;0.9999353513479872;0.9999764037568151;0.9999411965520699;1.0002085390042124;1.0000000778433202;0.9999141662524152;1.0000000684490493;0.9999431767654858;1.0000000665064497;1.000000064673553;0.9999772736354906;1.0000000786048753;0.9999990493411748;1.0000000784652008;1.0000001086667225;1.000000065222929;0.9999442645659412;0.9999306411280473;0.9998637616290573;0.9999997694540798;1.0001936499211708;1.0002149607975306;0.9999340317717224;0.9998854496073443;0.9999644423411023;0.996055785529868;0.9946129720874354;0.9929089000631631;0.9921578797619406;0.9999437508438361;0.9917923003714042;0.9916921952755159;0.9914061750064026;0.9911169182554638;0.990970577682747;1.000000060016316;0.9999522510173627;0.9999319740985289;0.999968268823647;0.9999988878014994;1.024999976158142;
2016-01-27 08:30:00;0.999910989269335;0.9997846618628203;1.0000001378760157;0.9999177799660754;0.9999680166356464;0.9999247294753815;1.0002180405648198;1.0000000926214034;0.9998863767542414;1.0000000782855922;0.9999254045557918;1.0000000730106662;1.0000000707313597;0.9999690140924521;1.0000000936917595;0.9999993811001081;1.0000000933825948;1.0000001438003436;1.0000000731769274;0.9999282696676337;0.9999116536891467;0.9998154956274856;0.9999998614413663;1.000202762937686;1.0002245270911476;0.9999172102916308;0.9998456460101576;0.9999540646741515;0.9957998777920294;0.9942414746262929;0.9924337762897315;0.9916262920367593;0.99992284267686;0.991199383572282;0.9910694112759585;0.9908411919442063;0.9905562393566234;0.9904296664913677;1.0000000650171537;0.9999343250500513;0.9999140584396515;0.99995918663417;0.999997917561772;1.024999976158142;
2016-01-27 08:45:00;0.9999255125833574;0.9998384483669626;1.0000001211441525;0.9999307028758126;0.9999754587502141;0.9999375181984632;1.0002123725194023;1.0000000875741921;0.9999105903788797;1.0000000757043088;0.9999398169441887;1.0000000741777055;1.0000000716132613;0.9999757850288421;1.0000000886472877;0.9999989195875939;1.000000088442653;1.0000001253886601;1.0000000716175177;0.9999409555998043;0.9999244715882257;0.9998565677400356;0.9999997251907421;1.000197124387476;1.000219032450834;0.9999286962241241;0.9998790548838828;0.9999621954732497;0.995600979617631;0.9939484237147727;0.9920289033421521;0.9911542275097556;0.9999412649553523;0.990734207275462;0.9905981159508631;0.990274845497603;0.9899600365462294;0.9898201249585462;1.0000000649786343;0.9999501459837676;0.9999260405379087;0.9999667559099499;0.9999987970560226;1.024999976158142;
2016-01-27 09:00:00;0.999897080913522;0.9997688951716935;1.0000001474383176;0.9999113740426855;0.9999714819710647;0.9999246193373661;1.000224526336201;1.0000000987718187;0.9999015393564541;1.000000082398748;0.9999232111221467;1.0000000788045253;1.000000075683064;0.9999658543648261;1.000000100663196;0.9999989682279284;1.0000001001668792;1.0000001535005663;1.0000000766404677;0.9999299184435718;0.9998929049268359;0.9998152604281364;0.99999961008181;1.0002086055079584;1.0002318038214464;0.9999059450928155;0.9998425205334938;0.9999533382583946;0.9957537261922791;0.9941416784551824;0.9923052231498332;0.9914669355773917;0.9999274685750612;0.9910408690725976;0.9908841913005787;0.9906401941796046;0.9902966824205348;0.9901426257549251;1.0000000673394558;0.9999380622993278;0.9998975949903977;0.999964201481984;0.9999968386461069;1.024999976158142;
2016-01-27 09:15:00;0.9998664465557241;0.9997268829095131;1.0000001776355885;0.9998897260273154;0.9999695532567262;0.9999099673072517;1.0002336566169974;1.0000001120936908;0.999894672460856;1.0000000904291975;0.9999092324581036;1.000000082861894;1.0000000795632853;0.9999587353090535;1.0000001148896096;0.9999986737976878;1.000000114180767;1.0000001858401322;1.000000082785269;0.9999166262078608;0.999854508868322;0.9997845136759971;0.9999993345958859;1.000217069557906;1.0002418549036516;0.9998769844349333;0.9998131816041679;0.9999441435658837;0.995817602558894;0.9942451501584488;0.992447913318651;0.9916395850658212;0.9999202972133777;0.991214478912547;0.991065544197046;0.9908521309337244;0.9905294632591423;0.9903962459966873;1.000000070412561;0.9999319423351848;0.9998617958945437;0.9999602625563047;0.9999960596492641;1.024999976158142;
2016-01-27 09:30:00;0.9998425645266383;0.9997089556950901;1.0000002133133636;0.9998697763660506;0.9999664222094252;0.9998935910470469;1.0002388804203615;1.0000001290407934;0.9998789022490285;1.000000101006813;0.9998972735059916;1.0000000902245783;1.0000000863022018;0.9999548492509525;1.0000001324383025;0.9999983020437;1.0000001317471272;1.0000002240116974;1.0000000912364235;0.9999005323519551;0.9998237238527049;0.9997589314372857;0.9999991046812156;1.0002217622428011;1.0002478071597463;0.9998508745220956;0.9997891263999933;0.9999347175948163;0.9956854171972838;0.9940641783869387;0.9921783172046246;0.9913259112273023;0.9999134793627574;0.9909275393690401;0.9907957891246203;0.9904614153560675;0.9900749239615587;0.9898942842405718;1.0000000753937768;0.999926432213766;0.9998317837397545;0.9999521527211015;0.9999965976391227;1.024999976158142;
2016-01-27 09:45:00;0.9998332267879626;0.9996400621946526;1.0000002546538629;0.9998624187249667;0.9999599418375822;0.9998870198134808;1.0002449768754085;1.000000145989768;0.9998638417678954;1.0000001116080268;0.9998844701334338;1.0000000938847529;1.0000000900391022;0.9999463490999877;1.0000001502506453;0.9999987320608653;1.0000001490344352;1.0000002680421884;1.0000000992955274;0.9998954423809979;0.9998209570609664;0.9997214514350794;0.9999993182491045;1.0002276945205884;1.0002535977969724;0.9998488092343677;0.9997599641705649;0.9999294600002556;0.9956682657181326;0.9940028698088192;0.99207736492163;0.9911855013247917;0.9998947414187445;0.990745600259732;0.9906024361221701;0.9902967509673941;0.989906714677701;0.9896922008875703;1.0000000796571915;0.9999099693531865;0.9998304143497078;0.9999499771379439;0.9999944205040352;1.024999976158142;
2016-01-27 10:00:00;0.9998989457187974;0.9998018565245854;1.0000001268128134;0.9999182376826737;0.9999792956806202;0.9999347426119931;1.000213706672989;1.0000000923156043;0.9999283520757556;1.0000000798466684;0.9999339072774941;1.0000000800018596;1.000000076908241;0.999969921574769;1.0000000941496572;0.9999989458291041;1.000000093716804;1.0000001310834152;1.000000075431209;0.9999396705510468;0.9998875247469328;0.9998447558230772;0.9999994321749268;1.000198661287885;1.0002210793498258;0.9999064715451893;0.9998640897426546;0.999959532128375;0.9953551241925324;0.9935703979411388;0.9915227494523292;0.9905652340143586;0.9999448093921266;0.9900925893095383;0.9899286806899615;0.9896113195063675;0.9892315282409876;0.9890251923139692;1.0000000679937244;0.9999528713526575;0.9998934429350826;0.999972371737856;0.999997081885577;1.024999976158142;
2016-01-27 10:15:00;0.9999188491738074;0.9998256202727746;1.0000001128715192;0.9999311013241158;0.999979773073156;0.9999429717381128;1.0002114461241938;1.000000085735793;0.9999304200458207;1.0000000753619358;0.9999414135026797;1.0000000778103542;1.0000000746324753;0.9999738500800125;1.0000000872212835;0.9999988715853925;1.000000086897506;1.0000001161301437;1.000000071781547;0.9999475938616567;0.999914340943988;0.9998625280808096;0.9999995864884708;1.0001963299679364;1.0002183989730689;0.9999255622535791;0.999881811859302;0.9999646725939187;0.9954233904005366;0.9936790817519735;0.9917394824016538;0.9908485779264949;0.9999476085573173;0.9902969622593336;0.9900957742755244;0.9900374175693932;0.98967502924959;0.9895104011880691;1.0000000657959156;0.9999552428942008;0.9999182217189039;0.9999743227173528;0.9999974964960191;1.024999976158142;
2016-01-27 10:30:00;0.9999283385240983;0.9998535852200994;1.0000001053125955;0.9999378442142688;0.9999811240902251;0.9999470715134439;1.0002049466733842;1.000000081819856;0.9999323175339633;1.0000000728499414;0.9999478620460912;1.0000000745348057;1.0000000718870312;0.9999779536275344;1.0000000829206999;0.9999991087758205;1.0000000827184234;1.0000001082218934;1.0000000697623193;0.999950378028192;0.9999233183804149;0.999876766080327;0.9999996622056345;1.0001904515532567;1.000211525492026;0.9999323062605971;0.9998941233036832;0.9999676809134106;0.9953979610541391;0.9936328683271392;0.9916421142702494;0.9907154536921642;0.9999528603921267;0.9900718592868517;0.9898869702662532;0.9899194241823552;0.9895718362983317;0.9893929689222863;1.0000000645815386;0.9999599049506519;0.999926190323693;0.9999743654029327;0.9999984494325866;1.024999976158142;
2016-01-27 10:45:00;0.9999423971724256;0.9998899699243964;1.0000000862898049;0.9999526593216514;0.9999875895657349;0.999961424989954;1.0001976116375395;1.0000000723355014;0.9999556871371603;1.000000066979065;0.9999617563554555;1.0000000721436364;1.0000000694416054;0.9999833653661897;1.0000000730467535;0.9999994433320687;1.0000000729048086;1.0000000880636513;1.000000065073073;0.9999638374091133;0.9999354423890895;0.9999098279157057;0.9999997010263211;1.000183920451383;1.0002038610494222;0.9999456813402714;0.9999211404444537;0.9999763469937751;0.9954971921638;0.9937746523141237;0.9917943829077837;0.9908702858475412;0.9999678634965405;0.9903001728807946;0.9901446331852859;0.9900274890889733;0.9896573008984698;0.9894703062005002;1.000000061766345;0.9999726464959453;0.999938507181384;0.999982681579362;0.9999986746288329;1.024999976158142;
2016-01-27 11:00:00;0.999937300806088;0.9998659009560884;1.0000000937797286;0.9999469503347501;0.9999843345201683;0.9999559547808502;1.0001974246120269;1.0000000771357889;0.9999457677073158;1.000000070561418;0.9999548193421919;1.0000000739192034;1.0000000714081463;0.9999800686806036;1.000000078029741;0.9999992371719856;1.000000077842813;1.000000095802526;1.0000000682608647;0.9999592176361162;0.9999332163061263;0.9998932763800238;0.9999997045071325;1.000183535184549;1.0002036825643048;0.9999422171203185;0.9999081438834951;0.999972794635777;0.995218881399608;0.9933797502704074;0.9913080155001444;0.9903369385825601;0.9999595954727832;0.9897473501365834;0.9895530729902384;0.9894448107491762;0.9891020386040019;0.9889179383582535;1.0000000643329028;0.9999655061991173;0.9999362528764871;0.9999798986586278;0.999998163135881;1.024999976158142;
2016-01-27 11:15:00;0.9999208251957457;0.9998300325874949;1.0000001021773852;0.9999341836081485;0.9999822663881557;0.9999474125228542;1.0002047823217646;1.0000000804428397;0.9999409232654068;1.0000000717067912;0.9999443865225035;1.0000000723837594;1.000000070113814;0.9999742611165727;1.0000000819412307;0.9999986401771849;1.0000000815906525;1.0000001046479072;1.0000000687121589;0.9999527028007511;0.9999164099692188;0.9998722133304522;0.9999995135823806;1.0001899592592651;1.0002117146736507;0.9999284804233057;0.9998894835115244;0.9999670971372965;0.9954877078695885;0.9937604939754089;0.9918162139791821;0.9909147736206569;0.9999523243061712;0.9903344952991743;0.9901510715455766;0.9901091328096319;0.9897868294292959;0.9896058113947639;1.0000000636846886;0.9999591463129123;0.9999206615451495;0.9999783556996106;0.9999971327666766;1.024999976158142;
2016-01-27 11:30:00;0.9998519738272682;0.9996480300706989;1.000000230138569;0.9998770887806098;0.9999626757706012;0.9999000740158129;1.0002440072307686;1.000000138094618;0.9998792055454019;1.0000001068521611;0.9998922126712784;1.00000009350248;1.000000089424569;0.9999480141356949;1.0000001427867073;0.9999983381993168;1.0000001414324244;1.000000240715473;1.000000095896244;0.9999099431227246;0.9998483440419613;0.9997426395764104;0.9999993880645565;1.0002263134247376;1.0002524530709442;0.9998706381147048;0.9997802108875357;0.9999366719759002;0.9955691052126577;0.9938679308753078;0.9919643011521091;0.9910900341226858;0.9998996822480933;0.9905049507482406;0.9903167911474577;0.9903239115389146;0.9899763355836745;0.9898235542941821;1.0000000784487864;0.9999138152958406;0.9998569538333564;0.9999580326009855;0.9999935011215592;1.024999976158142;
2016-01-27 11:45:00;0.9998623394268924;0.9996438278726177;1.000000193709035;0.9998876171821576;0.9999668249377609;0.9999124157773873;1.0002358846466182;1.0000001250990163;0.9999012754893127;1.0000000988034004;0.9998976933707808;1.00000008857187;1.0000000851159023;0.9999476591135371;1.000000130297435;0.9999977412463983;1.0000001288511826;1.0000002007154287;1.0000000898870045;0.9999245498441955;0.9998646215614232;0.9997607665611693;0.9999993163756914;1.0002181950757874;1.0002442782793364;0.9998855791560978;0.9997962842148767;0.9999431125439746;0.995452999821347;0.993685842972778;0.9917261146256025;0.9908114794161094;0.9999060186110644;0.9901556139013746;0.9899483894058393;0.9900398674344115;0.9897080157996142;0.9895389735142007;1.0000000755990617;0.9999187356756173;0.9998736722725199;0.9999683283080478;0.9999919620234031;1.024999976158142;
2016-01-27 12:00:00;0.999899740101243;0.9997236453584751;1.0000001466788762;0.9999185260741144;0.9999735485101588;0.999935402818706;1.0002219803163395;1.0000001025382768;0.9999215789907976;1.000000086461065;0.999923055607816;1.0000000842529966;1.000000080860404;0.9999605592577214;1.0000001054716547;0.9999989497689996;1.000000104527244;1.000000151506499;1.0000000807212683;0.9999435324523336;0.9999024583117865;0.9998142930597086;0.9999996754644626;1.0002061482213132;1.0002290536126435;0.9999181697364594;0.9998428424573467;0.9999579057834628;0.9952780899252627;0.9934121245395447;0.9913431322677254;0.9903528674047096;0.9999258895066198;0.9896280643395455;0.9894091299742566;0.9895275041936065;0.9891855646863978;0.9890218069812731;1.0000000713480737;0.9999358921260767;0.9999094124477884;0.9999755312415813;0.9999937748034083;1.024999976158142;
2016-01-27 12:15:00;0.9998306782132058;0.9996777467968772;1.000000263065778;0.9998507904860118;0.9999677744159288;0.9998848870274489;1.000245469525557;1.000000175340002;0.999892124157777;1.0000001249069401;0.9998811644502068;1.0000001008952506;1.0000000972278866;0.999944648042777;1.0000001876789268;0.999992649554557;1.0000001858232372;1.0000002689196146;1.000000110657606;0.9999041893322494;0.9998305392011573;0.9997630417476436;0.9999980613457049;1.000223025231445;1.0002574126111168;0.9998446047407821;0.9997939383096017;0.9999279360599274;0.9951941329037357;0.9933046895082439;0.9912130895667637;0.9902237286004831;0.9999108111717327;0.9893744665348277;0.9891505316346548;0.9894845657996029;0.9891878822445044;0.989053956489449;1.0000000880239717;0.999923602201281;0.9998363260025248;0.99995878765317;0.9999941633373723;1.024999976158142;
2016-01-27 12:30:00;0.9999067265060997;0.9997970537678896;1.0000001147216626;0.9999218278397228;0.9999800613100056;0.9999389279212018;1.0002109631839236;1.000000087996519;0.9999356747953533;1.0000000756155285;0.9999338455861382;1.0000000738716255;1.0000000715726756;0.9999685721497485;1.000000090613683;0.9999976740074791;1.000000090075542;1.000000117298977;1.0000000716729143;0.9999468816760381;0.9999042307936334;0.9998535389270253;0.9999992866797848;1.000194929755892;1.0002186586625588;0.9999169608699864;0.9998734226997251;0.9999614478573918;0.9955335776803197;0.9937897844468319;0.9918887071169585;0.9909955334945237;0.9999449354042185;0.990254719841594;0.990028538074827;0.990310550253947;0.9900364894625618;0.9899103917891545;1.0000000651813776;0.9999526846060919;0.9999090800392081;0.9999768494282675;0.9999961440675851;1.024999976158142;
2016-01-27 12:45:00;0.9999102475690926;0.9998297425167875;1.0000001143904578;0.9999217554336541;0.9999787828997703;0.9999350116334724;1.0002083442450187;1.0000000858007558;0.9999233384246903;1.000000074470733;0.999936534267474;1.0000000732189103;1.0000000708672268;0.9999731199263394;1.0000000873809063;0.9999980802552705;1.000000087107179;1.0000001177474676;1.0000000707092394;0.9999403799333798;0.9999039876532966;0.9998571118833892;0.9999993631552403;1.0001928421186788;1.0002157597328971;0.9999144472460034;0.9998763017631347;0.9999603446349214;0.995559881588075;0.9938360564025777;0.9919412408055025;0.991054822195873;0.9999463971220853;0.9903670049354512;0.990153697117685;0.9903426485508383;0.990028986837217;0.9898680321905912;1.0000000645034608;0.9999544388588074;0.9999072653806539;0.9999701969410429;0.9999981594199254;1.024999976158142;
2016-01-27 13:00:00;0.9999131294220094;0.9998321011548428;1.000000129083958;0.9999208433112104;0.9999761504000919;0.9999316092568362;1.0002100310596322;1.0000000941551968;0.9999121531185091;1.000000080339214;0.9999346588005221;1.0000000779340175;1.0000000752840363;0.9999735283494668;1.0000000958034956;0.9999980413378847;1.0000000955909334;1.0000001332717976;1.0000000757853478;0.999936642405907;0.9999094084995042;0.9998518157853719;0.9999994370453612;1.000194302666904;1.000217348757636;0.9999159386680057;0.9998731989311499;0.9999586303938099;0.9952570673921074;0.9934107701949655;0.9913867042196973;0.990434374047197;0.9999419327321151;0.9896299714913701;0.9893980310627986;0.989713938442596;0.9893917602328588;0.9892370142228548;1.0000000682968413;0.9999507654519739;0.9999114794839542;0.9999661635494916;0.9999986972018073;1.024999976158142;
2016-01-27 13:15:00;0.9998874029605179;0.999792553238038;1.0000001593955703;0.9998969128424305;0.9999719291648035;0.9999132789703058;1.000220164473559;1.0000001109858485;0.9998968956935771;1.0000000892211998;0.9999168649336778;1.00000008185184;1.0000000790064132;0.9999657192194541;1.000000114424164;0.9999963990475128;1.000000114050566;1.0000001644994323;1.0000000825455497;0.99992185544862;0.9998839589625251;0.9998207955911759;0.9999990173926446;1.0002024378814445;1.0002288527612824;0.999891147882551;0.999845868167613;0.9999473529135954;0.9953510186982106;0.9935187061860952;0.9915201838104829;0.9905708234706334;0.9999304471706776;0.9898020065027496;0.9895649638690021;0.9898300434202657;0.9895101770474021;0.9893640462090674;1.0000000717508728;0.9999409983368956;0.9998863465392438;0.999959745222385;0.9999981128195596;1.024999976158142;
2016-01-27 13:30:00;0.9999264292201964;0.9998446266036926;1.000000114410963;0.9999344150322989;0.9999790149221692;0.9999432443131628;1.0002027122888741;1.0000000870042627;0.9999248198477302;1.000000076734441;0.9999440167563184;1.0000000760501118;1.0000000736785473;0.9999765784989331;1.0000000881295519;0.9999988755888278;1.0000000879195252;1.00000011781753;1.000000073179229;0.999947017290522;0.9999234585265253;0.9998683867675608;0.9999996542572299;1.0001881427263342;1.0002092698543075;0.9999305448458956;0.999887801027428;0.9999653847056763;0.995133220027793;0.9932167751828684;0.991117099033132;0.9901127684247408;0.9999481588767072;0.9893055940686113;0.9890640024332433;0.9893248983525119;0.9890122479012001;0.9888505729039356;1.0000000672510594;0.9999559064487081;0.9999258870590123;0.999971893195789;0.9999984165152261;1.024999976158142;
2016-01-27 13:45:00;0.9998887528899579;0.9997635835085485;1.0000001701001544;0.9999011739136731;0.9999672048568785;0.9999133431103182;1.0002208591388733;1.0000001106729066;0.9998819220713239;1.0000000907969777;0.9999157289982621;1.000000082425531;1.0000000796622617;0.9999647128431228;1.000000112411534;0.9999988551530703;1.000000112067105;1.000000177747199;1.0000000838443246;0.9999180741153347;0.9998832991812179;0.9997971700549962;0.9999995884872012;1.0002050978104327;1.000228116584319;0.9998948261809443;0.9998273983322014;0.9999471791061143;0.9952982705564168;0.9934546405061995;0.9913963898847438;0.9904184900807742;0.9999196543896873;0.9895902559353312;0.989383301581105;0.9896802438534561;0.9893723014152869;0.9892270332317469;1.0000000725831313;0.9999317033359935;0.9998871473375996;0.9999558702605681;0.9999977429914108;1.024999976158142;
2016-01-27 14:00:00;0.9999071915970669;0.9998224160337412;1.0000001405758094;0.9999182695226692;0.9999756954181511;0.9999298135100037;1.00020823949084;1.0000001006821317;0.9999104129946552;1.0000000860996008;0.999933156593242;1.0000000819747816;1.0000000794438382;0.9999725907204813;1.000000102205317;0.999998638455444;1.0000001019455662;1.0000001455846061;1.0000000810461227;0.9999339487338773;0.9998998484878139;0.9998438603488287;0.9999995050451234;1.0001931902247494;1.0002153309671635;0.9999104358334433;0.9998655721331781;0.9999574960557137;0.9948910259182808;0.9928612304901094;0.9906291074398187;0.9895486680171028;0.9999404298966892;0.988482587983562;0.9882322770046359;0.9888361412659964;0.9885433830693581;0.9883953541280224;1.000000072641405;0.9999494898820106;0.9999029939738112;0.9999652513797244;0.9999985803803717;1.024999976158142;
2016-01-27 14:15:00;0.999903078602609;0.9997928865160516;1.0000001645315;0.9999111708759504;0.9999682002320763;0.9999193926863812;1.0002172915588587;1.0000001082595198;0.9998832397304662;1.0000000897588572;0.9999235267550799;1.0000000828704576;1.0000000799756517;0.9999693115420327;1.0000001096012996;0.9999991956606633;1.0000001093324271;1.0000001719047742;1.000000083215773;0.9999226991842323;0.9998992757073064;0.9998133896371636;0.999999741621394;1.0002019792675207;1.000224079670202;0.9999067850428512;0.999842292601525;0.9999513106379354;0.9951787145330265;0.993295856295071;0.9911812584246259;0.990177630605003;0.9999242704586244;0.9893742993853147;0.9891712764772647;0.989388065169881;0.9890415433996508;0.9888500775342369;1.0000000726067029;0.9999357808305819;0.999901736976184;0.9999562997319302;0.9999986415162346;1.024999976158142;
2016-01-27 14:30:00;0.9998785628194782;0.9997454088212554;1.000000209205201;0.9998899484757041;0.9999614736060203;0.9999007798174232;1.0002260043796471;1.000000126802139;0.9998583353315934;1.0000001008996144;0.9999064143702439;1.000000086434075;1.000000083653204;0.9999621008193267;1.0000001285366653;0.9999991179638291;1.0000001281815059;1.0000002201140814;1.0000000916788505;0.9999047651540658;0.9998723343999707;0.9997711136852748;0.9999996678405958;1.0002100935162064;1.0002332421776616;0.999883218997364;0.9998060164829777;0.9999400034518646;0.9952363602479071;0.9933586161482622;0.9912822556475894;0.9902924051350351;0.9999079234113636;0.989633035056768;0.9894089089585926;0.9894228925708559;0.989074048398952;0.9888556905376013;1.0000000768872759;0.9999219285821982;0.9998757818753593;0.999946687126397;0.999998288355198;1.024999976158142;
2016-01-27 14:45:00;0.9998966938970284;0.9997873666059719;1.0000001650899644;0.9999065532905207;0.9999681033997767;0.9999163264361332;1.0002178985408967;1.000000106556339;0.9998824702910523;1.000000087633266;0.9999210071450213;1.0000000778266356;1.0000000756380643;0.9999681321804795;1.000000107947578;0.9999990569076468;1.000000107678292;1.0000001728221388;1.0000000809620109;0.9999199528243439;0.9998909695798872;0.9998086646024225;0.9999996570839541;1.000202487794472;1.0002248953445032;0.999900372914745;0.9998374450386597;0.9999494465420168;0.9954397014208007;0.9936669372689337;0.9916992486361845;0.9907758631210565;0.9999236565161168;0.9901395211509094;0.9899327910647572;0.9899792387068795;0.9896420155244675;0.9894144395943703;1.0000000702012457;0.9999352822643734;0.9998938904143887;0.9999555027154171;0.9999985872354412;1.024999976158142;
2016-01-27 15:00:00;0.9998803259726409;0.9997580271020068;1.000000176774867;0.9998928111729357;0.9999649764168851;0.9999054597475826;1.0002211609735652;1.000000110581641;0.9998714024868163;1.000000088901414;0.9999103389874766;1.0000000750486322;1.0000000733746717;0.9999633444404595;1.0000001123617133;0.999998665974242;1.0000001120719533;1.0000001854077305;1.0000000814224885;0.9999102009067995;0.9998730967115659;0.9997853279131425;0.9999995115707946;1.0002052631988787;1.000228608701039;0.9998849295436365;0.9998169371493082;0.9999427348356533;0.9956562100459543;0.9940074212322406;0.9921895311876849;0.991365626587492;0.999915341543658;0.9907684632615672;0.9905680157439972;0.9906748838979486;0.9903780487145419;0.9901603379185057;1.0000000694744917;0.9999281997581744;0.9998767693313583;0.9999510685274597;0.9999981790250365;1.024999976158142;
2016-01-27 15:15:00;0.9998630375969578;0.9997509913248789;1.0000002030363788;0.9998765460400417;0.9999637225717297;0.9998930868528821;1.0002261831254926;1.0000001245046417;0.9998636753752832;1.0000000965661482;0.9999010852770813;1.000000077385327;1.0000000758712828;0.9999602153123006;1.0000001274417791;0.9999974086745821;1.0000001270812562;1.0000002126467484;1.0000000873442787;0.999899792716297;0.99985321149703;0.9997732299488395;0.9999991494585742;1.0002089820715652;1.0002346980840866;0.9998657838779929;0.9998049626260239;0.9999355615646552;0.9956478535601487;0.9939798317147456;0.992130061090931;0.9912814468958062;0.9999124972877828;0.9905976222858255;0.9904019446017683;0.99061694631716;0.9903507340422113;0.9901498141941761;1.0000000727036245;0.9999259805963323;0.9998567564366373;0.9999463685375034;0.9999985294411796;1.024999976158142;
2016-01-27 15:30:00;0.9997969228600608;0.9996754318777781;1.0000003466259004;0.9998119104330356;0.9999528277734213;0.9998416971175512;1.0002489239541743;1.0000002016049665;0.9998185685723876;1.0000001373107243;0.9998564664596808;1.0000000918505998;1.000000090263705;0.9999424841878318;1.0000002118261064;0.9999927716943695;1.0000002109769737;1.0000003608647605;1.0000001181961695;0.9998572680643406;0.9997863271382454;0.9997000523485634;0.9999979987902776;1.000226447855398;1.0002611420701455;0.99979785866585;0.9997399066080098;0.9999047317311245;0.9957580888866556;0.9941277166922523;0.9922986774585926;0.9914614670617387;0.9998854672133677;0.9908572154612365;0.9906799194056006;0.9907578283407125;0.9904975542919064;0.9902819475044642;1.0000000884199836;0.9999033640546229;0.9997893001162356;0.9999259546240377;0.9999983795557129;1.024999976158142;
2016-01-27 15:45:00;0.9998689692949779;0.9997923081938587;1.0000001585921436;0.9998819682429143;0.9999740519597866;0.9999047544102732;1.0002196822857645;1.0000001129092404;0.9999021595866344;1.000000087930381;0.9999104371571398;1.0000000738066046;1.0000000725224711;0.9999630140769831;1.000000118141118;0.9999947952477075;1.0000001176223303;1.0000001624893853;1.0000000808859608;0.9999160549785672;0.9998609901547726;0.9998196036464901;0.9999985010704756;1.0002008152418733;1.000229632370105;0.9998713387134319;0.999841665431776;0.999942303894344;0.9956057558658383;0.9939297924770306;0.992078208804534;0.9912330836258718;0.9999342369558393;0.9905710401685411;0.9903698156498804;0.9905583674966542;0.9903424952438644;0.9901904939615299;1.0000000695663247;0.9999443538209013;0.9998639265508825;0.9999594322489198;0.999998175134351;1.024999976158142;
2016-01-27 16:00:00;0.999849439834854;0.9997397862815303;1.0000002401604635;0.9998617640047063;0.9999620480512428;0.9998818181779202;1.0002354505110576;1.0000001456535286;0.9998563308720856;1.000000107190543;0.9998913921890586;1.0000000808539116;1.00000007932858;0.9999563128659733;1.0000001510437861;0.9999957727224466;1.0000001505010474;1.000000250440682;1.000000095283713;0.9998916446543826;0.9998412879111928;0.999762383288758;0.9999987858260764;1.000216260065918;1.0002451998477344;0.9998516045405499;0.9997952186513307;0.9999287700934815;0.9957463386031715;0.9941051834778803;0.992314188896734;0.9914929554114967;0.9999081561217358;0.9907882310370864;0.9905764471078187;0.990879237173094;0.9906546548501255;0.9904999422129721;1.0000000765852597;0.9999223689706668;0.9998441755636451;0.9999427397765372;0.9999985059600476;1.024999976158142;
2016-01-27 16:15:00;0.9999032469839862;0.9998210067934131;1.0000001273021408;0.9999144300247021;0.9999756589295703;0.9999271739070311;1.0002117302594362;1.000000089279031;0.9999098714526645;1.0000000753794704;0.9999310410313034;1.0000000675850258;1.000000066351284;0.9999717167334508;1.0000000909164708;0.999998188833627;1.0000000906628193;1.0000001320186587;1.000000070747182;0.9999321093141728;0.9998957745183238;0.9998423046662865;0.9999993780846492;1.0001961057741615;1.0002192020021163;0.9999062502809966;0.9998638522303234;0.9999559105743666;0.9958534937822836;0.9943008559395093;0.9925995341878006;0.9918435199058951;0.9999402008218469;0.9912373970850099;0.991041545613747;0.991249420245796;0.991013230396921;0.9908502568706808;1.0000000632353976;0.9999493187841579;0.9998988477969327;0.9999646511025952;0.9999985820647986;1.024999976158142;
2016-01-27 16:30:00;0.9998573665117104;0.9997490235256664;1.0000001822154272;0.9998698894184873;0.9999637884262748;0.9998887645258931;1.0002279125645923;1.0000001145182966;0.9998635496953211;1.00000008848297;0.9998967715721147;1.0000000713774402;1.000000070101315;0.9999586042444526;1.000000117949249;0.9999962119245988;1.0000001175733884;1.0000001900748077;1.0000000802934652;0.9998974662321726;0.9998489617542032;0.9997721293474638;0.9999988658370309;1.000209625025083;1.000237164552851;0.9998597058870998;0.9998035618585897;0.999932975118097;0.9961405652319808;0.9946966559301;0.9931530235339147;0.9924808367989049;0.9999122476070412;0.9918833913236687;0.9916756083955257;0.9919925801436461;0.9918343521528282;0.9917654733212099;1.0000000674004368;0.9999257878042067;0.9998519825359884;0.9999458442528312;0.9999984640621561;1.024999976158142;
2016-01-27 16:45:00;0.9998815267685219;0.999827125517312;1.000000128662931;0.9998929679595273;0.9999780663015998;0.9999140983558347;1.0002152766290604;1.000000094988592;0.9999149461010908;1.000000076259558;0.999920796052229;1.0000000663963289;1.0000000653324193;0.9999680805609567;1.0000000989576359;0.9999949465565856;1.0000000986211712;1.0000001315919038;1.000000071075565;0.9999243742706517;0.9998726546069092;0.9998446684137243;0.9999985249004784;1.0001968473266325;1.0002249968381087;0.9998818658122922;0.9998625707347236;0.999948281944676;0.9960683694453623;0.9946327721975337;0.9931204308532151;0.9924842322284558;0.9999448196094795;0.9918284641247735;0.9916069860579025;0.9920837882070629;0.9919645945736434;0.9919382028896353;1.0000000627530892;0.99995345831126;0.9998749669824628;0.9999635914136945;0.9999988441668327;1.024999976158142;
2016-01-27 17:00:00;0.9998093279636692;0.9997171586941764;1.0000002753309374;0.9998244106868514;0.9999595341161145;0.9998543319830652;1.0002459563301074;1.0000001679411747;0.9998415688144543;1.0000001160261114;0.9998692169421666;1.0000000821220008;1.0000000806291962;0.9999481902179859;1.0000001771975098;0.9999926326315268;1.0000001765328175;1.0000002852974723;1.0000001012417477;0.9998693879189293;0.9997963225748344;0.9997342666560195;0.9999978941920818;1.0002236342293622;1.0002582622035776;0.9998083632152742;0.9997674197559948;0.9999126026532873;0.9961383826758805;0.9946892485120988;0.9931603355570541;0.9924994876176797;0.9999015574229989;0.9918462210156869;0.9916242200221765;0.9920644708409108;0.9919419083106492;0.9919161462633228;1.0000000782436325;0.999917109954878;0.9997991036682685;0.9999335119575775;0.999998889768453;1.024999976158142;
2016-01-27 17:15:00;0.9998122416186609;0.9996820253461487;1.0000002756941166;0.9998348840371043;0.9999549706812767;0.999859117109762;1.0002443151861917;1.0000001537743362;0.99982804785596;1.0000001114518848;0.9998722377732261;1.0000000783699574;1.0000000773824609;0.9999483837135963;1.0000001586134637;0.9999968981240036;1.0000001580825093;1.0000002907034602;1.0000000975692305;0.9998672539790643;0.9997922201912189;0.9997068607853302;0.9999987924828792;1.0002256880254627;1.0002542347716552;0.9998147199870436;0.999745239395165;0.9999151896326357;0.9962357671668997;0.9948117628759663;0.9933371295347777;0.9926971345816126;0.9998908672895365;0.9920142608445177;0.9917776512640802;0.9923101386609061;0.9922220031310947;0.9921975897069778;1.0000000757941663;0.9999078457271132;0.9997981454321937;0.999930575989003;0.9999983512304129;1.024999976158142;
2016-01-27 17:30:00;0.9998040701624368;0.9996239047132781;1.0000003487286369;0.9998273752255605;0.9999487139419274;0.9998518120223431;1.0002504135714063;1.0000001848840165;0.999811896169701;1.0000001308075095;0.9998605596855187;1.0000000846762769;1.0000000839745318;0.9999410096389151;1.0000001906494855;0.9999972031508046;1.0000001897042727;1.0000003687086199;1.0000001124917846;0.9998613627182581;0.9997903631075191;0.9996732995424052;0.9999989938465739;1.0002314982343297;1.000260097360283;0.9998123763566882;0.9997193711983692;0.9999097458811922;0.9960280517248236;0.9945301139968641;0.9929650755770566;0.9922848612655516;0.9998735858512582;0.9914103785024463;0.9911707792198997;0.9919750969196894;0.9919211702136376;0.991900701811277;1.0000000839724394;0.9998927470879072;0.99979714541856;0.9999274153544288;0.9999966571222666;1.024999976158142;
2016-01-27 17:45:00;0.9996841528586651;0.9995527615791105;1.0000007102461401;0.9997166573214396;0.9999378350936782;0.9997665313971176;1.0002804692858545;1.0000003727464166;0.9997527543174745;1.0000002323728787;0.9997956936597552;1.0000001188447893;1.0000001183568328;0.9999174267415896;1.000000393761219;0.999989834663179;1.0000003922485252;1.000000744209675;1.0000001892838015;0.9997886101740052;0.9996526666158068;0.9995765823855258;0.9999968855364745;1.0002538480946992;1.0002966577914376;0.9996824530017284;0.9996265237951003;0.9998597351067244;0.9961275774178658;0.9946528956337413;0.9931239459450564;0.99246181150765;0.9998476298547825;0.9916916360631173;0.9914478971023899;0.9921049169030839;0.9920777313772097;0.9920682863160117;1.0000001222057466;0.9998719214499261;0.9996596615356712;0.9998942721473675;0.9999984637012309;1.024999976158142;
2016-01-27 18:00:00;0.9996977253789924;0.9994618964594614;1.0000008010236958;0.9997385808250212;0.99993607544983;0.9997869972657137;1.0002914012421256;1.0000003952118557;0.9997679292595556;1.000000250505178;0.9997993865435076;1.0000001254312958;1.0000001246305972;0.9999099910632435;1.000000414981916;0.9999930705931361;1.0000004117780286;1.000000844201613;1.0000002023065737;0.9998085394849106;0.9996763378285306;0.9995569216801451;0.9999978194952076;1.0002665188552229;1.000305617744747;0.9997134194851097;0.9996145088645204;0.9998688371896575;0.9963057981100445;0.9949269374786925;0.9935269680877915;0.9929483435302493;0.9998345641490154;0.992261605374867;0.9920139171884429;0.9926458110420299;0.9926192168271447;0.9926101449192285;1.0000001277063293;0.9998594182295211;0.9996880460764239;0.9999081692198054;0.9999935269463088;1.024999976158142;
2016-01-27 18:15:00;0.999844080085029;0.999733558948522;1.00000022632172;0.9998633917953186;0.999962895906881;0.9998838131436054;1.0002317312478575;1.000000131609613;0.9998589921619119;1.0000000995032972;0.999893997860573;1.0000000717470146;1.0000000714977637;0.999956937748397;1.000000134999852;0.9999974470298213;1.0000001345780574;1.000000238285731;1.000000088767536;0.9998906998613596;0.999827510025305;0.9997566608564645;0.9999990008939958;1.000214332386729;1.0002407473638013;0.9998466681345753;0.9997884560609933;0.9999299687716439;0.9960620487595541;0.9945437771689395;0.9929833939735422;0.9922838244461287;0.9999096837424823;0.9913477743001257;0.9910877621332824;0.9919902973089534;0.991965894674862;0.9919572382393756;1.0000000717879622;0.9999236872171413;0.99983263514337;0.9999431484885288;0.9999984661460262;1.024999976158142;
2016-01-27 18:30:00;0.9998387946281814;0.9996662771562611;1.0000002343183292;0.9998599705343175;0.9999626832898475;0.9998867532950081;1.000239165242365;1.0000001410001387;0.9998731277006178;1.0000001034441746;0.9998842349265527;1.0000000734584666;1.000000073091222;0.9999468152589559;1.000000147741648;0.9999957419326093;1.0000001464543433;1.0000002437410487;1.000000091607848;0.9999001923521145;0.9998354188247688;0.9997443455686057;0.999998766457093;1.0002197121008078;1.0002490490415392;0.9998527399960344;0.9997801044253809;0.9999293779513265;0.9961439703715752;0.9946686627910507;0.9931391867591536;0.9924618606678952;0.9999013376570365;0.9915802813088123;0.9913364067235162;0.9921607904256795;0.9921393399719088;0.9921298943100272;1.0000000731635525;0.9999156118619734;0.9998420053361671;0.9999529585207604;0.999994652203532;1.024999976158142;
2016-01-27 18:45:00;0.9997827456364774;0.9995530735007445;1.0000004009980805;0.999807587567136;0.999944493809431;0.9998391001313405;1.0002630598158744;1.0000002142757423;0.9998053726551562;1.0000001441484088;0.9998411708190378;1.0000000864088348;1.0000000859024065;0.9999289853596359;1.000000225095639;0.9999950976937843;1.0000002231300515;1.0000004202626105;1.0000001216472232;0.9998550534665821;0.99977806027216;0.9996406665406464;0.9999986107437825;1.000241456019165;1.0002741661467;0.9997985451658623;0.9996927646436593;0.9999004861508398;0.996492351460027;0.9950942615399726;0.9936594527200565;0.9930014617950103;0.999858146064503;0.99214318763627;0.991902357798461;0.9927102541766115;0.9926871258031897;0.9926788414133205;1.000000087161068;0.9998790460486305;0.9997857283140236;0.9999273892276284;0.9999940032631837;1.024999976158142;
2016-01-27 19:00:00;0.9998170373782929;0.9997514341762861;1.0000002142311677;0.999832772619408;0.9999685483615861;0.9998671670144303;1.0002309857980427;1.0000001400043983;0.99987591298918;1.0000000998613616;0.9998793490939288;1.0000000711460368;1.0000000709257697;0.9999513496877369;1.0000001482614942;0.9999909765703678;1.0000001476036435;1.000000220319712;1.000000088861197;0.9998850282189188;0.9998046404138758;0.9997742498686671;0.9999974475994801;1.0002083956856116;1.0002439177347306;0.9998162250450803;0.9997991821555379;0.9999200728469252;0.9962076849956066;0.9947239396791966;0.9931768485358504;0.9924694526009598;0.9999205286880914;0.9915172401817647;0.9912778992789909;0.9921765265326168;0.9921537731254445;0.992144327324977;1.0000000716522826;0.9999330968181804;0.9998073403576485;0.9999455003225144;0.9999984876674759;1.024999976158142;
2016-01-27 19:15:00;0.9998370279469487;0.9997626732757974;1.000000188477358;0.9998550563078341;0.9999709904156107;0.9998843999568295;1.0002320934555582;1.0000001234577205;0.999887850697547;1.0000000904087814;0.9998938754898308;1.0000000665414557;1.000000066341954;0.9999562895797691;1.0000001301271266;0.9999935825936105;1.0000001295312195;1.0000001942876093;1.00000008115928;0.9998980444366043;0.9998228909275666;0.9997894622257664;0.999998052674608;1.000211547048003;1.0002434974072973;0.9998383391743564;0.9998131455855507;0.9999301482833831;0.9965593017905486;0.99521789533592;0.9938440132338376;0.9932270129150957;0.9999262120526222;0.9924126588487755;0.9921796888296092;0.9929604653382378;0.9929389175356833;0.9929298426843023;1.0000000666977744;0.9999377312210184;0.9998268973990325;0.9999517100125267;0.9999982072868744;1.024999976158142;
2016-01-27 19:30:00;0.9998602600750558;0.999762171944667;1.0000001647386805;0.9998775183247335;0.99996835614194;0.9998975541620073;1.0002242023672476;1.0000001039941018;0.9998807623105253;1.0000000812395322;0.9999049665726792;1.000000062630133;1.0000000624886602;0.9999610170205282;1.0000001070346172;0.9999970037177114;1.000000106686833;1.0000001719251732;1.0000000740590518;0.9999050661420636;0.999846689992258;0.9997877352742222;0.9999989320257304;1.000206915372024;1.0002331364697221;0.9998631706192987;0.9998149663295568;0.9999380821917574;0.9966405768933179;0.9953184869618872;0.9939650487007289;0.9933485460537845;0.9999218876625032;0.9925374930939472;0.9923074711002685;0.9930804066048303;0.9930631740470085;0.9930548865024558;1.0000000628040093;0.9999339237922794;0.9998512220982504;0.999951755063014;0.9999982908758994;1.024999976158142;
2016-01-27 19:45:00;0.9998778144804027;0.9997761824557199;1.000000163947479;0.999889162924743;0.9999673375898627;0.9999040032407523;1.000223617421386;1.0000001032405568;0.9998776532351052;1.0000000809627305;0.999910852395427;1.000000062396613;1.0000000622711944;0.9999640908749565;1.0000001059210544;0.9999974735892437;1.0000001056081993;1.0000001711881177;1.0000000738757295;0.9999104601816512;0.9998701874224027;0.9997969751579329;0.9999992046092288;1.000206597496005;1.0002318904286494;0.9998804590491689;0.9998256370613416;0.9999420946702935;0.9966029896909275;0.9952616600745182;0.9938810489973675;0.9932475692923819;0.9999211905074884;0.9923306562204072;0.9921022412640406;0.9930290898453035;0.9930129801814134;0.9930043145843108;1.000000062838929;0.9999333091707847;0.999873146279914;0.999952018509208;0.9999986188257735;1.024999976158142;
2016-01-27 20:00:00;0.9998906324888233;0.999797285726988;1.0000001315511429;0.9998998505676246;0.9999702667195237;0.9999131869549603;1.0002181188949795;1.0000000883821925;0.9998889623992654;1.0000000717702215;0.9999187396838032;1.000000058328889;1.0000000582279396;0.999967448916801;1.000000090558212;0.9999974560471693;1.0000000903234898;1.0000001365914106;1.0000000666288655;0.9999193817690455;0.999885093954199;0.9998166368245694;0.9999992411565221;1.0002014193473427;1.0002261260323115;0.9998930228308273;0.9998428232956275;0.9999476519140881;0.9969107602453352;0.9956791713939527;0.9943781578748266;0.9937732929524089;0.999928304713874;0.992889959084905;0.9927023546520535;0.993570033772895;0.9935537749494109;0.9935446944619878;1.000000058635547;0.9999393100838959;0.999887436627852;0.9999566505952174;0.999998717386524;1.024999976158142;
2016-01-27 20:15:00;0.9999109902349219;0.9998172934777898;1.0000001002786778;0.9999207567278328;0.9999742562325391;0.9999306004951846;1.000210645136988;1.0000000721047329;0.9999062945307654;1.0000000626296521;0.9999331257263249;1.000000054603752;1.0000000545144865;0.9999724940075982;1.0000000731368626;0.9999989490526625;1.0000000729488066;1.000000103898103;1.000000059498693;0.9999342661958526;0.9999057388263842;0.9998403982184393;0.9999996095778813;1.0001956578556737;1.0002174811982754;0.999914915759784;0.99986377402832;0.9999578799154754;0.9972528451370989;0.9961172363573249;0.9949804877753681;0.9944384343265437;0.9999373346507223;0.9936541566157435;0.9934393311104613;0.994251275121239;0.9942357398846939;0.9942274425315023;1.0000000545962364;0.9999467958225758;0.9999086490827505;0.9999645257452073;0.999998449958559;1.024999976158142;
2016-01-27 20:30:00;0.9998471576310805;0.999726708930473;1.0000001729073742;0.9998622676854462;0.9999635427979473;0.9998847729368229;1.000231800682783;1.0000001077031362;0.999865323967249;1.000000081490422;0.9998907737835294;1.0000000610551396;1.000000060922993;0.9999546405530626;1.0000001117590904;0.9999955376975871;1.0000001112757055;1.0000001798983624;1.0000000735983834;0.9998955261857261;0.9998392445198251;0.9997628206363445;0.9999986719252403;1.000212724439307;1.0002416295174477;0.999851860079988;0.9997949924543941;0.9999300312193893;0.9972317392479755;0.9960715682918049;0.994902132149862;0.9943393195104346;0.9999094585512694;0.9934694469698058;0.9932553754647122;0.9941829371599945;0.9941675672222189;0.9941588915299296;1.0000000615261506;0.9999232374039383;0.9998431276598954;0.999946754070539;0.9999975600221218;1.024999976158142;
2016-01-27 20:45:00;0.9998016637165981;0.9996614696518078;1.000000281098393;0.9998165653531988;0.9999497836098727;0.9998429740035155;1.0002510524769468;1.0000001593363343;0.9998091584221938;1.0000001089536412;0.9998564186403196;1.0000000697812934;1.000000069626387;0.9999424618093118;1.0000001669980538;0.999994046824952;1.0000001662926736;1.0000002935237933;1.0000000939785259;0.9998563078274796;0.9997918147855137;0.9996884722650959;0.9999983061315529;1.0002294568481822;1.0002624584182471;0.9998038027276143;0.9997316442283093;0.9999054276772225;0.9972637917631435;0.9961378684005724;0.9950134224111299;0.9944910349887651;0.9998789043861404;0.9937072301353005;0.993492481819423;0.9943297746491022;0.9943136323632666;0.9943037554818079;1.0000000712885164;0.9998976956850334;0.9997951036276663;0.9999237875920324;0.99999819542611;1.024999976158142;
2016-01-27 21:00:00;0.9998777271151331;0.999801381913878;1.0000001293759313;0.999890483034142;0.9999740688043905;0.9999100408678034;1.0002219943234474;1.0000000891581218;0.999901979972594;1.0000000708951258;0.9999161568735138;1.0000000573436654;1.0000000572413277;0.9999656749596674;1.0000000924652424;0.999995957181341;1.0000000921199252;1.000000133385063;1.0000000656497647;0.999919049219486;0.9998687909113522;0.9998241243688591;0.9999987683064715;1.0002039209712652;1.000231274290141;0.9998797639559674;0.9998462149259083;0.9999456204170927;0.9972633111807809;0.9961381905799936;0.9950128691616947;0.9944833662009571;0.9999353731342481;0.99369679999493;0.993483335325918;0.9943145041149247;0.9942986411240781;0.9942895538157314;1.0000000575594092;0.9999453419055868;0.999871827630252;0.9999597494629778;0.9999984769798359;1.024999976158142;
2016-01-27 21:15:00;0.9998207239042066;0.999718978422841;1.0000002276103055;0.9998331587069844;0.9999596233916012;0.9998607466645574;1.0002449072290815;1.000000138488638;0.9998446188788352;1.000000096011531;0.9998731419993773;1.0000000650422949;1.0000000649042216;0.999949292931004;1.0000001461819108;0.9999928439106988;1.0000001455524108;1.000000235628509;1.00000008413773;0.9998756582653272;0.9998123620343721;0.9997411419219161;0.9999980256290706;1.0002227460980304;1.0002568067335438;0.9998212316675983;0.9997750298564374;0.999916205971039;0.997452851639687;0.9963704350250611;0.9952951800423712;0.9947783713581902;0.9999016429538413;0.9940050183816225;0.9937947660852727;0.9946174112387403;0.9946013920830317;0.9945930916793521;1.0000000661967028;0.9999170126331218;0.9998146141466113;0.9999361191943743;0.9999985257181777;1.024999976158142;
2016-01-27 21:30:00;0.9998543563165642;0.9997187939738871;1.0000001672199;0.9998678862788055;0.9999592809334827;0.9998849683243668;1.0002300110142561;1.000000101086727;0.999849550385186;1.0000000785526917;0.9998914460871848;1.0000000598128438;1.000000059684638;0.999955822145499;1.0000001036454338;0.9999972210636131;1.0000001032597778;1.0000001752577816;1.0000000713037385;0.9998923985211865;0.9998469110406625;0.9997495545769127;0.999999122107098;1.0002123808069747;1.0002386488286954;0.999858900180618;0.9997858539015385;0.9999304049017808;0.9972714286166517;0.9961844240818679;0.9950868893099809;0.9945920473743778;0.9999014006355382;0.9938928792586474;0.9936934953661003;0.9944097134142976;0.9943939162948142;0.9943856176229166;1.0000000602474373;0.9999164301904369;0.9998506139378817;0.9999420453586918;0.9999979248592005;1.024999976158142;
2016-01-27 21:45:00;0.9998645476618563;0.9997831149425177;1.0000001466429198;0.9998771828395837;0.9999720764575877;0.9999000148934304;1.00022776051685;1.0000000985779771;0.9998947161600027;1.0000000755171092;0.9999064543890528;1.00000005879983;1.0000000586891604;0.9999614650299149;1.0000001030205532;0.9999946812513872;1.0000001025841816;1.0000001511269088;1.0000000690492639;0.9999116065009523;0.9998570195641423;0.9998101217329217;0.9999984723613361;1.0002082538265609;1.000237967348556;0.9998669165034819;0.9998339227264211;0.999939454087728;0.9973102893237902;0.9962074036660941;0.9951181110807741;0.9946113088025205;0.9999298606211675;0.9938640594871644;0.9936456283083611;0.9944458636748088;0.994430035276592;0.9944205677540453;1.0000000591286262;0.9999406577076535;0.9998598399419428;0.9999566096376761;0.9999981852442357;1.024999976158142;
2016-01-27 22:00:00;0.9998412526815563;0.9997404838993411;1.0000001995061705;0.9998547067212906;0.9999651494986492;0.999880082876905;1.000238315779494;1.0000001241941494;0.9998685832136118;1.0000000894107859;0.9998885381243193;1.0000000636266557;1.0000000634889106;0.9999541759613093;1.0000001305172437;0.9999939848032883;1.0000001298830132;1.0000002065487295;1.0000000794913502;0.9998934011821324;0.9998337649728732;0.9997705210868215;0.9999983096084725;1.0002175203910266;1.0002492857278487;0.9998440168590003;0.999800413380747;0.9999274041690305;0.9971784723506835;0.9960683252952611;0.9949637162520257;0.994477052658003;0.9999134232329386;0.9937353794944501;0.9935209711549636;0.9943346513676653;0.9943204386696715;0.9943121406141299;1.0000000643890843;0.9999267616442855;0.9998367370854486;0.9999464861238283;0.9999979772685621;1.024999976158142;
2016-01-27 22:15:00;0.9998836790603765;0.9998055114500709;1.0000001078574405;0.9998965176280171;0.9999750973352596;0.9999151074303291;1.0002168595036762;1.000000077941839;0.9999067824854292;1.0000000645606757;0.9999198469124558;1.0000000547265209;1.000000054643451;0.9999670384632725;1.000000080370798;0.9999963348481244;1.000000080126182;1.00000011097334;1.0000000607216917;0.9999233921847722;0.999875073924508;0.9998301395098904;0.999998859492;1.000199444991642;1.0002257391884495;0.999886239154844;0.9998515890728972;0.9999486031319916;0.9975219675104084;0.9965148339931618;0.995536123863491;0.995089590702366;0.9999376175560759;0.9944353287877415;0.9942252260729306;0.9949410009735417;0.994925316268017;0.9949166339471663;1.00000005477594;0.9999471823607917;0.9998782418281705;0.9999620558538804;0.9999983507034025;1.024999976158142;
2016-01-27 22:30:00;0.9999031433298419;0.9998319399912975;1.0000000951454722;0.9999135484467101;0.9999777396608649;0.9999279888175636;1.000214417983288;1.0000000705789263;0.9999169627011905;1.0000000604988497;0.9999319621369898;1.0000000529178223;1.0000000528492123;0.9999721687818722;1.000000072232046;0.999997288952173;1.0000000720414912;1.0000000978843497;1.0000000575276353;0.9999343278841097;0.9998962913764254;0.9998522290307786;0.9999991498064689;1.0001978855132885;1.0002224972587785;0.9999054612944126;0.9998715977805473;0.9999564340720046;0.9978255229347944;0.9969507559728166;0.9960973048749953;0.9957185937717167;0.9999448231869268;0.9951636196249076;0.9949833140469211;0.9955926272865759;0.9955766399476129;0.9955667504886461;1.0000000529588302;0.9999532701344547;0.9998989298504414;0.9999667019740974;0.9999986450981703;1.024999976158142;
2016-01-27 22:45:00;0.9999130679014151;0.9998272694265385;1.0000000863547602;0.9999234665433774;0.9999779774953054;0.9999356707586778;1.000211198230909;1.0000000658015897;0.9999211817244059;1.0000000581303945;0.9999366174219597;1.000000052151438;1.0000000520820271;0.9999730888833867;1.0000000669554578;0.9999981961586647;1.000000066771683;1.0000000887971399;1.0000000557601234;0.9999409068425463;0.9999085023202647;0.9998557968240127;0.9999994154674998;1.0001955766382784;1.0002185198694462;0.9999177060337447;0.9998759624566094;0.9999606717128153;0.9978926130861306;0.9970416946009345;0.9962337529672008;0.9958770432532991;0.999944673912542;0.9953453563415285;0.9951551715005046;0.995764508308617;0.9957488344071929;0.9957393543031793;1.0000000521033723;0.9999529307160449;0.9999115389306539;0.999969922908371;0.9999980753314933;1.024999976158142;
2016-01-27 23:00:00;0.9999094937260181;0.9998536617609203;1.0000000849146717;0.9999185230423784;0.9999803243182246;0.999932608651258;1.0002113516349806;1.0000000662988255;0.9999250727805582;1.0000000579406496;0.9999372795900928;1.0000000519127532;1.000000051856317;0.9999748887361201;1.000000067805288;0.9999970198811039;1.0000000676624299;1.0000000868725587;1.00000005558065;0.9999389502774375;0.9999026125931364;0.9998680270706348;0.9999990894891788;1.000194804047673;1.000219491075966;0.9999104023032932;0.9998846695608848;0.9999594380346369;0.9979763042134494;0.9971615703213219;0.9964006575599204;0.9960702089878984;0.9999514878659979;0.9955557662530905;0.9953652278053925;0.9959809126093687;0.9959657225148;0.9959574106992896;1.000000051950648;0.9999590120506514;0.9999046774645731;0.9999692057919083;0.9999990551290326;1.024999976158142;
2016-01-27 23:15:00;0.9999183232272577;0.9998568658831477;1.0000000825647823;0.9999260294474471;0.9999795255085394;0.9999368865162951;1.0002083459504996;1.0000000645546439;0.9999227042830747;1.0000000573431869;0.9999410860156922;1.0000000518290553;1.000000051777265;0.9999766708050795;1.0000000656125054;0.9999979290414873;1.0000000655090362;1.0000000846727497;1.00000005520008;0.9999415372455446;0.9999125679655159;0.9998694986303973;0.9999993523771563;1.0001926974126958;1.0002157481221912;0.9999194423722828;0.9998871997542949;0.9999620590740183;0.997845499682435;0.9969843029500463;0.996191073530923;0.9958480347529302;0.9999504410668595;0.9953191085863334;0.995110371583618;0.9957518427133166;0.995737118501688;0.995729219660361;1.0000000518841967;0.999958098163657;0.9999144431147623;0.9999691794220551;0.9999991766518724;1.024999976158142;
2016-01-27 23:30:00;0.9999020825846634;0.9998624007309317;1.0000000789538241;0.9999153259345152;0.9999828634836712;0.9999320077223669;1.0002091585219395;1.0000000635764714;0.999931992519635;1.0000000565023204;0.9999384628319858;1.000000051499435;1.000000051450472;0.9999756060936823;1.0000000649458771;0.9999970693716466;1.0000000648389458;1.0000000806293594;1.0000000545166496;0.9999378784621505;0.9998887241295914;0.9998722868106682;0.9999989542054208;1.0001929405726453;1.0002175328460863;0.9999015894813392;0.9998857504459595;0.9999592900616617;0.998073998158635;0.9972921614578556;0.9965646597719084;0.9962470626053047;0.9999572020843692;0.995762187694547;0.9955775821937282;0.9961547090580393;0.9961386158879691;0.9961291320667681;1.0000000513953249;0.9999640031265109;0.9998917987126009;0.999970159767321;0.9999993654630401;1.024999976158142;
2016-01-27 23:45:00;0.9998410983544889;0.9998240977472731;1.0000001193115042;0.9998644383027494;0.9999810278469105;0.9998963318429852;1.0002273083756028;1.0000000863635443;0.9999182804230222;1.0000000675755876;0.9999097963725859;1.0000000552542956;1.0000000551841413;0.9999642535899798;1.0000000907422375;0.9999937864726194;1.000000090488039;1.0000001221329768;1.0000000627193886;0.9999079505075039;0.9998146742359627;0.9998311647755312;0.9999978236590079;1.0002075148198326;1.0002389975123003;0.999837413514234;0.9998435908903603;0.9999381450822519;0.9979613431836742;0.9971543287629887;0.9964021591233417;0.9960884469252649;0.9999507348039346;0.9956135161144057;0.9954237738703262;0.9959944820451027;0.9959786597072193;0.9959703477859879;1.0000000551704558;0.9999589295249403;0.9998196398755709;0.9999594484072443;0.9999995636794856;1.024999976158142;
2016-01-28 00:00:00;0.9998925590118807;0.9998666116099414;1.0000000825319557;0.9999098300416633;0.9999856905789952;0.9999304582695261;1.0002126148138717;1.0000000658996466;0.99994104303379;1.0000000575800165;0.9999379934464391;1.0000000518918528;1.0000000518421774;0.9999750286253745;1.00000006771631;0.9999965839337964;1.0000000675811773;1.0000000842357455;1.000000055308456;0.9999372255125235;0.9998743216315202;0.9998767134996864;0.9999987137645335;1.000195883632838;1.0002216645608872;0.9998915161372276;0.9998869841362572;0.9999583450647943;0.9980813209983884;0.9973095984860708;0.9965911072036738;0.9962829819244867;0.9999627871356972;0.9958201220577578;0.9956381466253885;0.9961882228059675;0.9961731152924324;0.9961640108208477;1.0000000517143137;0.9999688100782093;0.9998783666902686;0.9999720400766865;0.9999993498783402;1.024999976158142;
2016-01-28 00:15:00;0.9999013671066792;0.9998693588666905;1.0000000785513392;0.9999144991404576;0.9999856413597541;0.999933851821116;1.000209425890549;1.0000000646911316;0.9999429365236338;1.0000000567499376;0.9999393759127425;1.0000000515414542;1.0000000514922405;0.9999753289123695;1.0000000665643713;0.9999960137174145;1.0000000664226374;1.0000000797341708;1.000000054690947;0.9999418419467423;0.999889340394809;0.9998835830521408;0.999998706536116;1.0001923251400977;1.0002184388041246;0.9999012805592292;0.9998945859456556;0.9999601915661838;0.9980330907536428;0.9972622366070064;0.9965416041498428;0.9962429191350536;0.9999625265698717;0.9957995068154997;0.9956197155660622;0.9961474657784155;0.99613229695687;0.9961231928586292;1.000000051472689;0.9999684610628851;0.9998922593355979;0.9999739181362737;0.9999990677630904;1.024999976158142;
2016-01-28 00:30:00;0.9998987137523159;0.9998631890944331;1.00000008759859;0.9999067389090966;0.9999822842034671;0.9999256871679574;1.0002155818820997;1.000000069890918;0.999929810942917;1.0000000588191402;0.9999322261501107;1.0000000518319732;1.0000000517818683;0.9999732494153112;1.0000000725569327;0.9999948349248228;1.0000000723733122;1.0000000888398388;1.0000000560914404;0.9999356125242016;0.9998920688349909;0.9998740151595396;0.9999985446456225;1.000196988766504;1.0002252187038105;0.9998977267647188;0.9998879711235651;0.9999554470092156;0.9982460951685375;0.9975473363247418;0.9968760017102196;0.9965942922789508;0.9999556494585083;0.9961815201543256;0.9960305999118214;0.996500548973006;0.9964859049833222;0.9964780001931511;1.0000000519664258;0.9999626885036571;0.9998932900916981;0.999969163449365;0.9999993012239935;1.024999976158142;
2016-01-28 00:45:00;1.00025655382846;1.0002189593027087;1.000306578249183;1.0002634830347403;1.0002963268289535;1.0002710771262686;1.0004983498213158;1.0003050402700842;1.0002684663194206;1.0003048851536385;1.0002733435056999;1.0003051349325505;1.0003051483495478;1.000291093005632;1.0003051108899;1.0003040129371117;1.0003051000869476;1.000306840797601;1.0003049427612718;1.0002749748411133;1.0002519259910834;1.000232617711839;1.0003046747961888;1.0004845417883679;1.0005046256166579;1.0002589563945736;1.0002418445334504;1.0002843087609499;0.9987016327392336;0.9980885488314287;0.9974806560581374;0.9972375272478504;1.000280081123009;0.9969026578436301;0.9967829068171358;0.9971420230486167;0.9971274703131869;0.9971193807012388;1.0003051897377746;1.0002841183682667;1.0002540576927248;1.0002912264104726;1.0003041949407756;1.024999976158142;
2016-01-28 01:00:00;1.0002591808905381;1.0002196622647717;1.0003059392270377;1.000266851235454;1.000296299741591;1.0002739824112101;1.0004998817580948;1.000304887584375;1.0002708629120807;1.000305006653869;1.0002751202207378;1.0003054542964698;1.0003054760270713;1.000291665553176;1.000304906547598;1.0003042027576288;1.0003049023596347;1.000306168040034;1.0003051523397044;1.0002768743364283;1.0002541061879202;1.000234933059057;1.000304564279544;1.0004863129620691;1.000505968497298;1.0002619065508775;1.0002437769682613;1.0002859813049336;0.9988985766253615;0.998370571967096;0.9978212342439406;0.9976092672721816;1.0002807197188965;0.9973443865410495;0.9972583934276255;0.9975075147798562;0.9974925154310481;0.9974840487049622;1.0003055569160164;1.0002845115492582;1.0002564799752869;1.0002920266679878;1.0003044042173828;1.024999976158142;
2016-01-28 01:15:00;1.000259743179095;1.0002166655690832;1.000306337936318;1.0002666037098582;1.0002956223240818;1.0002729114681999;1.0005003985918073;1.0003049083133377;1.000267152236185;1.000304967998482;1.0002744599648372;1.0003054195106367;1.0003054401944582;1.0002914094945434;1.0003049337854595;1.000304336497785;1.0003049277561558;1.0003066453954752;1.0003051044442584;1.0002758976323753;1.0002555418364156;1.0002314314383778;1.0003046381819882;1.0004868600500547;1.000506383149778;1.0002626333332933;1.000241390190682;1.0002853535891327;0.9988875049300878;0.9983544099855433;0.9978167327040425;0.9976117043480325;1.0002788016355333;0.9973462968462109;0.9972482444580089;0.9975195641164459;0.9975049268287438;0.9974964596664713;1.000305507347263;1.0002829571046117;1.0002577686941092;1.000291112691576;1.0003044011296107;1.024999976158142;
2016-01-28 01:30:00;1.000252024577645;1.0002004235096715;1.0003079869249965;1.0002582005843494;1.0002933193820471;1.0002639705811653;1.0005045857568056;1.0003050947035006;1.0002524643240704;1.0003048917781794;1.0002681679372123;1.0003053450966357;1.0003053619792737;1.0002890843769308;1.000305150432568;1.0003045705897267;1.0003051412340163;1.0003085693374416;1.000304988885174;1.0002679248238275;1.0002479305385013;1.0002125357317442;1.0003048604627212;1.0004907691562281;1.0005106668378265;1.0002548957398738;1.0002260873450202;1.0002801563061157;0.9989600963860511;0.998457569484425;0.9979360316515022;0.9977397922381523;1.0002716025986795;0.9974781511296451;0.9973955014135362;0.9976567996246793;0.9976427510487514;0.9976350521313567;1.000305394084895;1.0002772229853443;1.0002501216124626;1.0002864680482946;1.000304515345083;1.024999976158142;
2016-01-28 01:45:00;1.0002687140586712;1.0002352440311069;1.0003049289354804;1.0002754654906418;1.000297288973166;1.0002812247460073;1.0004945750840935;1.0003051068478943;1.0002778242449868;1.0003055388724724;1.000280808968866;1.000306082030539;1.0003061100240873;1.000294703752762;1.000305063026323;1.000304656068727;1.0003050707967673;1.0003049735568539;1.0003057524389027;1.0002824608559562;1.0002641216484363;1.0002483447562127;1.0003048268509716;1.0004816168553674;1.0005002686917313;1.0002707178913723;1.0002553250442598;1.0002905564744917;0.9989391077781098;0.9984316394005959;0.9979020746149837;0.9977011502796105;1.0002849931648845;0.9974469364365381;0.9973654042237347;0.9976068392915232;0.9975925757456068;0.9975848756477566;1.000306222319384;1.0002879489504781;1.0002660779230614;1.0002942920944355;1.0003051902227238;1.024999976158142;
2016-01-28 02:00:00;1.000264859722032;1.000229943421905;1.0003049594785047;1.0002711568553864;1.0002956325784977;1.0002768555019472;1.0004977369000008;1.000305146774186;1.0002706720200438;1.0003056870084404;1.000277325313219;1.0003064107098814;1.0003064399911046;1.0002938584416932;1.0003050999882614;1.0003045842904459;1.0003051070063045;1.0003050236803779;1.0003059535778986;1.0002780497637693;1.0002600603889853;1.0002402950103266;1.000304836888596;1.0004844993544475;1.000503573283461;1.0002662036273966;1.0002485920250779;1.0002881307485594;0.9991109355561701;0.9986918495101128;0.9982232371140283;0.998062658496062;1.0002815805778404;0.997874908184075;0.9978283290968564;0.9979767513736094;0.9979622929237403;0.9979541855537317;1.0003065359212704;1.0002851263167563;1.0002617953758308;1.0002913935838749;1.0003057101330886;1.024999976158142;
2016-01-28 02:15:00;1.000243386734606;1.0001848435915368;1.0003088667587257;1.0002508471747404;1.0002924513620643;1.0002580600013722;1.0005083457844612;1.000305218585251;1.0002467684603435;1.0003048812094377;1.0002630159434782;1.0003053370805746;1.0003053558535717;1.000286553994272;1.0003053042989891;1.0003045049922659;1.0003052884030688;1.0003095733082712;1.0003049657423895;1.0002631622815705;1.000238629329558;1.0002001095394493;1.0003049275932607;1.0004941298781007;1.0005147225066173;1.0002470097871385;1.0002153215947442;1.000276527255007;0.9990817318564413;0.9986502969626022;0.9981594710529897;0.9979890929873688;1.0002677072905597;0.9978003968126272;0.9977580040368882;0.9978907657063609;0.9978755068756955;0.9978666326452618;1.000305398107469;1.000274056771026;1.0002412950390465;1.0002847132171098;1.0003042863394154;1.024999976158142;
2016-01-28 02:30:00;1.0002595937029928;1.0002131723120227;1.0003055532561373;1.0002673190772537;1.0002958402150524;1.0002748322803616;1.000500377588508;1.0003048855694663;1.0002719343882136;1.0003051723171772;1.0002741952281637;1.000305751340314;1.0003057789273808;1.000290907430851;1.0003048777721475;1.000304070493302;1.0003048784934538;1.0003057304526124;1.0003053758248488;1.000277905523221;1.0002559508541322;1.0002338111803386;1.000304536635252;1.0004866891291972;1.0005064830633932;1.000263307549387;1.0002431021908076;1.0002863142658314;0.9990239019955587;0.9985832831906588;0.9980878198705581;0.9979215525777981;1.0002795273482126;0.9977416110021259;0.9976944713345282;0.9978227275969834;0.997808062157663;0.9977999587875871;1.000305880408901;1.0002833298892078;1.0002583805175544;1.0002927388611706;1.0003043357571635;1.024999976158142;
2016-01-28 02:45:00;1.0002671867214323;1.0002260325042582;1.000305123579876;1.0002729008326803;1.00029513840534;1.0002776697853204;1.0004989757682825;1.000305042315741;1.000269244990526;1.0003055164006422;1.0002776624902283;1.000306224776158;1.000306256564914;1.0002935818841323;1.000305008853877;1.0003047191875165;1.0003050164283598;1.0003052436627118;1.0003057754195768;1.0002788691351474;1.000263762190467;1.0002386300139448;1.0003048310480507;1.0004857964424012;1.000504645011371;1.0002693363911128;1.0002478926144276;1.0002884503513088;0.9990892774350251;0.9986592954435197;0.9981760641177015;0.998006812433274;1.0002800629023492;0.9978021870232806;0.9977560037202318;0.9979208663837335;0.9979056800076931;0.9978972036633462;1.000306354278671;1.000283810913913;1.000265491776518;1.000291531340228;1.000305365128862;1.024999976158142;
2016-01-28 03:00:00;1.0002552946878467;1.0002026925663021;1.000306454227654;1.0002604230459957;1.0002917281942392;1.0002655111697014;1.0005032123240274;1.000304887313437;1.0002516148450251;1.0003050635828004;1.0002680780466044;1.0003057516935783;1.0003057762736052;1.000289600521238;1.0003049012910976;1.0003043199032047;1.0003048982310485;1.0003068173395366;1.0003052677046922;1.0002683099778424;1.000252360453648;1.0002143659164835;1.0003046495666759;1.0004894791671448;1.000509171974483;1.0002576579033313;1.0002279169754575;1.0002811255656625;0.9990715348759269;0.9986286461405773;0.9981425340768043;0.9979703685948929;1.0002704617782834;0.9977780076172286;0.9977227156222992;0.9978721609705936;0.9978568191096001;0.9978479439612172;1.0003058162580152;1.000275971086278;1.0002540592993814;1.0002855669859185;1.000304952106078;1.024999976158142;
2016-01-28 03:15:00;1.0002730988446522;1.000236199880836;1.000304890328464;1.0002771282761869;1.0002958844080267;1.0002811747387526;1.000496028066871;1.0003052847752396;1.0002728845691888;1.0003058554399986;1.0002805179944654;1.0003065720948494;1.0003066050226144;1.0002952321315217;1.0003052327195747;1.0003047776876934;1.0003052430483101;1.0003049177375862;1.0003061244143499;1.0002821708992786;1.0002712914749199;1.000247253776389;1.0003050584355753;1.0004828970378203;1.0005016161733127;1.0002747743607425;1.000255608527754;1.000290723572707;0.9990837157863415;0.9986345327540873;0.9981468676418555;0.9979662191055723;1.0002825315528359;0.997744826456178;0.9976852116047523;0.9978765273922994;0.9978620282736158;0.9978539222312868;1.0003066858973733;1.000285855832737;1.0002724280120519;1.0002929322889345;1.0003058225176782;1.024999976158142;
2016-01-28 03:30:00;1.0002621582879205;1.0002151942182416;1.0003057183132464;1.0002661508824942;1.0002926769984544;1.000270514284858;1.0005008160253417;1.0003048902559075;1.0002575314656832;1.0003052162096273;1.0002720521750001;1.000305935484359;1.0003059594884396;1.0002915515445816;1.0003048819391411;1.0003042812155623;1.0003048831221977;1.0003059591443857;1.0003054445818875;1.0002726748734112;1.0002602247813408;1.0002255387608336;1.0003046577009083;1.000487213328883;1.000506652858935;1.0002640387657742;1.0002375359747306;1.0002841969512328;0.9990534071936411;0.9986070899220376;0.9981174533615091;0.9979451103417968;1.0002740148053892;0.9977518635512868;0.9976959949493206;0.997847269577375;0.9978334326759223;0.9978253288582567;1.0003059960742353;1.0002788464669596;1.0002614758181017;1.0002874943143285;1.00030523007399;1.024999976158142;
2016-01-28 03:45:00;1.00026593568206;1.0002251367525772;1.000305304598743;1.000269621257884;1.0002940949682846;1.0002742434617207;1.0004997120957668;1.000304953942251;1.0002642025737398;1.0003054225809276;1.0002750516529375;1.000306215062264;1.000306244334077;1.0002928702997955;1.0003049253616167;1.0003041454665438;1.0003049295387572;1.0003054530043005;1.0003056893017301;1.0002763170859557;1.0002643351100835;1.000235338499129;1.0003046673314047;1.00048604839194;1.0005056062921867;1.0002675394022242;1.0002456020365968;1.0002864799261955;0.9991093858229715;0.9986697636836622;0.9981871879707325;0.9980092410531584;1.000277847837073;0.9977905486270027;0.9977357120550067;0.9979213078485394;0.9979066378169569;0.9978985316534986;1.0003062932600286;1.000282010274717;1.000265390416462;1.000289670955591;1.0003055210883764;1.024999976158142;
2016-01-28 04:00:00;1.000280766177152;1.000249218139993;1.0003049163971869;1.0002831649221537;1.000297093431974;1.0002858954758418;1.0004936001380507;1.0003055541859929;1.0002772419516583;1.0003061320572935;1.000284986911647;1.00030678099068;1.0003068140597127;1.0002975099666782;1.000305499857543;1.0003051185576122;1.000305509502532;1.0003048931268483;1.0003063824949712;1.0002864162008582;1.0002801960572176;1.0002575958494182;1.000305380277254;1.0004806718513364;1.0004989874412602;1.0002819357993644;1.0002648690634708;1.0002937453306446;0.999047567897276;0.9985994483622218;0.9981144895871603;0.9979435835300551;1.0002858792145468;0.9977361149841156;0.9976756172557693;0.9978573729045058;0.997841285622493;0.9978316373639441;1.0003068822954264;1.0002887045855686;1.0002808184710446;1.0002947716663102;1.000306218742202;1.024999976158142;
2016-01-28 04:15:00;1.0002631926354106;1.0002101398000134;1.0003060851767631;1.0002669544134173;1.0002922458821872;1.000270583197999;1.0005024073454263;1.0003048819703533;1.000255487499117;1.0003052091582623;1.0002719306271723;1.0003060222950897;1.0003060513626456;1.0002911850300886;1.0003048781048665;1.0003045194183182;1.0003048786260398;1.0003064162299993;1.0003054622477456;1.0002727682536798;1.000262091745454;1.00022239000245;1.0003047302188266;1.0004888804854253;1.00050809727313;1.0002657974531621;1.000235445918161;1.000284147730623;0.9991134573129057;0.9986718493931757;0.9981978760871167;0.9980236190342544;1.0002723469507524;0.997816611343137;0.9977544032653568;0.9979326264137992;0.9979167423403124;0.997908266027868;1.0003060848521863;1.0002774548348488;1.0002634383570304;1.000287378594945;1.0003051886363548;1.024999976158142;
2016-01-28 04:30:00;1.0002743629975421;1.0002380185993387;1.00030504672206;1.0002775364775816;1.0002953521001128;1.0002804904478186;1.0004972130546674;1.0003050856750333;1.00026969288487;1.0003055757922674;1.0002807986372553;1.0003062936555365;1.0003063243916044;1.0002954750959787;1.000305056426012;1.00030478736659;1.0003050622953358;1.0003051446987927;1.0003058312297657;1.0002812815804087;1.0002727480887748;1.000245967449342;1.0003049366514416;1.0004841235000443;1.0005026969045614;1.000275661922621;1.0002549034130488;1.0002903362763202;0.9990377342664232;0.9985873789149587;0.9980979925538175;0.997926496726496;1.0002816206216603;0.9977199242345282;0.9976604587832386;0.9978388877005803;0.9978232023577179;0.9978150975231997;1.0003063841965718;1.0002851629175655;1.0002736805734371;1.0002918223254715;1.0003057569028435;1.024999976158142;
2016-01-28 04:45:00;1.0002662572744938;1.0002160694478086;1.0003051266534408;1.0002720116647066;1.0002951377253906;1.0002779011867329;1.0004994497907322;1.0003050094886048;1.0002715655478565;1.0003055027348184;1.0002759382215332;1.0003062190065726;1.0003062565404368;1.0002919486970279;1.000304964976418;1.000304291600112;1.0003049743581565;1.0003052283909208;1.0003057700218427;1.000280316991626;1.0002651586680147;1.000237128884734;1.0003047270440817;1.0004858971381922;1.0005052956894835;1.000270104719653;1.000246952727098;1.000288227822034;0.9991165784443482;0.9986809780535145;0.9982109350900662;0.9980405560130498;1.000278863126857;0.9978434791849671;0.997783767141098;0.9979479511845769;0.9979323078025266;0.997924201059647;1.0003063641322774;1.0002826391567483;1.0002670195847598;1.0002930704386745;1.0003047780535281;1.024999976158142;
2016-01-28 05:00:00;1.0002544379981249;1.000186508029465;1.0003076854715538;1.000258961551237;1.0002909487809462;1.0002636050531006;1.000506271252349;1.00030499967082;1.0002470725720178;1.0003049402596424;1.0002656335761069;1.0003055727206918;1.000305595766747;1.0002876155269216;1.0003050433297895;1.000304510764261;1.0003050337104156;1.0003082348200936;1.0003050985605493;1.0002676977691725;1.0002542225301438;1.0002051841991453;1.0003048450955105;1.0004923178166782;1.0005121812563136;1.000258870007269;1.0002213473752755;1.0002796716387659;0.9990812387194888;0.998642604642403;0.99815225221027;0.9979781634184212;1.0002661197501443;0.997793196321191;0.9977443628777432;0.9978723411366406;0.9978567974740599;0.9978475529567279;1.0003056129102572;1.0002723710193493;1.0002561079608998;1.0002855556382193;1.0003042937696973;1.024999976158142;
2016-01-28 05:15:00;1.0002639618459026;1.0001919734062021;1.0003064623735025;1.0002695392562044;1.000293310230869;1.000274563528493;1.0005039177389354;1.0003049014666054;1.0002633219819712;1.000304991715462;1.0002721141719018;1.0003055090611006;1.000305537427636;1.0002889325531532;1.000304927930278;1.0003045795422385;1.000304918367804;1.0003067849861138;1.000305153323675;1.000278184928379;1.000265598459732;1.0002218151720335;1.0003048001658954;1.0004902466205006;1.0005095934059662;1.000270558116563;1.0002354774477573;1.0002857075042897;0.9989987472106593;0.9985053068173131;0.9979399101883412;0.9977134531812581;1.0002717903632725;0.9975157767732513;0.9974699933501954;0.9975464846183156;0.997525119008645;0.9975077983570275;1.0003056082891715;1.0002767092378733;1.0002679242988912;1.0002920593805957;1.0003034487278544;1.024999976158142;
2016-01-28 05:30:00;1.0002482689025571;1.0001541240591583;1.0003117005332274;1.0002554347735635;1.0002938240455015;1.0002624748456628;1.000512294117845;1.0003059988228091;1.0002511156685043;1.000305008457294;1.0002633021064506;1.0003049627350504;1.0003049764475997;1.0002834528519737;1.000306212926184;1.0003054862863099;1.0003061440725423;1.0003126310616215;1.0003048871663802;1.0002707387480338;1.000250875257446;1.0001940616288612;1.000305929592082;1.0004977741234684;1.0005184532303417;1.0002583724279777;1.0002128454491979;1.0002782170628717;0.9989435263291357;0.9984373195044108;0.9978545907596269;0.9976263866459004;1.0002638557013466;0.9974371116999724;0.9973919406573525;0.9974513508457118;0.9974251307179236;0.9974046958662761;1.0003050110350011;1.000270764228981;1.000254412935051;1.0002909544455039;1.0003021899886841;1.024999976158142;
2016-01-28 05:45:00;1.0002655659695256;1.0002006239950556;1.0003058960996323;1.0002724225136501;1.0002949697475092;1.0002782185924382;1.0005011807072064;1.000304878397129;1.0002711020831534;1.0003050404810998;1.0002751508958556;1.0003054813793586;1.0003055156907692;1.0002901114054061;1.0003048869983355;1.000304574475;1.0003048832241836;1.000306126948934;1.0003052028963033;1.0002813674957638;1.000265650611349;1.0002306172757283;1.000304736976529;1.0004877530346177;1.0005068427492947;1.0002719037636538;1.0002420918157744;1.0002878848650791;0.9989319118387041;0.9984214498570885;0.9978294917893552;0.9975938241036307;1.0002761812118246;0.9973902135304815;0.9973475395160307;0.9974186275825196;0.9973892704495532;0.9973680639502742;1.0003056294626242;1.000280332885418;1.0002682510306742;1.0002943160239728;1.0003034155961423;1.024999976158142;
2016-01-28 06:00:00;1.0002614398821268;1.0002007287972758;1.000307468371321;1.0002666456804636;1.0002944629186583;1.0002719234587962;1.0005028043623103;1.0003050878565618;1.0002621496371034;1.000304882667782;1.000272355568474;1.0003051828892;1.0003052045616103;1.0002896036682416;1.0003051557689342;1.000304559792806;1.000305137144377;1.0003079027210582;1.0003049494086733;1.0002761998140786;1.0002614723473309;1.00022323831607;1.0003049321351767;1.0004890200376615;1.0005086701659025;1.000266596334089;1.0002361869713619;1.0002844316633877;0.9988305262781858;0.9983155704314809;0.9977120955817942;0.9974910283576114;1.0002738420498052;0.9973245019541549;0.9972856234035624;0.9973099727901448;0.9972817842517422;0.9972603265858696;1.000305255533442;1.0002787766595678;1.0002635970197487;1.000291246251502;1.0003036278013497;1.024999976158142;
2016-01-28 06:15:00;0.9999138455108215;0.999824668968689;1.0000000956447257;0.9999197887610077;0.999973791721473;0.9999291082728906;1.000215905248982;1.0000000690321216;0.9999039070346335;1.000000059577254;0.9999322036497349;1.0000000522515864;1.0000000521625805;0.9999727417006291;1.0000000701491831;0.9999981313511056;1.0000000700096556;1.0000000988894344;1.00000005668169;0.9999339852518621;0.9999122335211569;0.9998440223655187;0.999999493100657;1.0001998222490491;1.0002231923941447;0.9999168225763208;0.9998677156446691;0.9999571336624254;0.9980929301771051;0.9974627025856357;0.9967122940040294;0.9964524176094045;0.9999370044459872;0.9962534124733821;0.9962136584136863;0.9962417962455291;0.9962068283184777;0.9961839493570406;1.0000000523354662;0.9999465672486265;0.9999138570484551;0.9999636021500279;0.9999987128125757;1.024999976158142;
2016-01-28 06:30:00;0.9999314315385389;0.9998509080321661;1.0000000816698953;0.9999374405600414;0.999978440953369;0.9999444202451636;1.000208288294057;1.0000000632599095;0.9999222709308616;1.0000000570162095;0.9999456916512448;1.000000052555744;1.0000000523103099;0.9999777522700917;1.0000000639160984;0.9999990445295197;1.0000000638022852;1.0000000840327754;1.0000000549993364;0.9999476320503687;0.999929761673683;0.9998706212228867;0.9999997201110608;1.0001934591964539;1.0002147822038379;0.9999349244100959;0.9998904993422181;0.9999662339298502;0.997754934836813;0.9969549780502216;0.9959859556506637;0.9955907015135496;0.9999477669969987;0.9952030688097592;0.9951635951937973;0.9953283954584131;0.9952598185900097;0.99523195638668;1.000000051884909;0.9999556103507761;0.9999316148291554;0.9999711366890555;0.9999986857323011;1.024999976158142;
2016-01-28 06:45:00;0.9999264531716938;0.999857170872626;1.0000000836021516;0.9999335006946137;0.9999796012167403;0.9999422727916207;1.0002119526023414;1.0000000646334188;0.9999247956448752;1.0000000578127266;0.9999449507581691;1.0000000542864138;1.000000053692601;0.9999777724591076;1.0000000654538006;0.9999985926863874;1.0000000653375138;1.0000000859770415;1.000000055653785;0.999946021665764;0.9999224756271701;0.9998731977547518;0.9999995577628255;1.0001965625074702;1.0002189427529424;0.999928778798079;0.9998914368423939;0.9999651111099515;0.9976614350031285;0.9968554701584036;0.9958642707764181;0.9954754038235365;0.9999505237528716;0.9952365337295969;0.9952066213518271;0.9951200219229805;0.9949992276409177;0.994970098648123;1.0000000522890986;0.9999580545868336;0.9999244121826822;0.9999710195924526;0.999998938304151;1.024999976158142;
2016-01-28 07:00:00;0.999914600341381;0.9998343648945355;1.0000001014585607;0.9999214384639002;0.9999757417230698;0.9999314970585286;1.0002133678675469;1.000000073605075;0.9999103748930048;1.000000063387454;0.9999349528708485;1.0000000575856554;1.0000000568210188;0.9999738637117994;1.0000000748312432;0.9999980627644743;1.0000000746601365;1.0000001048461284;1.0000000601491525;0.9999363547276345;0.999911416070312;0.9998520519542672;0.9999994445519069;1.0001974396428477;1.0002207056813144;0.9999170787012842;0.9998737252655603;0.9999586295750608;0.997084871833165;0.9960762190790227;0.9948891467751921;0.9944187585453548;0.9999414384391362;0.9940925236826813;0.9940197124912546;0.9940143478991561;0.9938897036282137;0.9938622708499715;1.0000000550984942;0.9999503663163024;0.9999132204876806;0.9999655207674711;0.9999988249273382;1.024999976158142;
2016-01-28 07:15:00;0.9999200091385503;0.9998035771428214;1.0000000961591338;0.9999295615824163;0.9999763125796979;0.999940259851122;1.0002099073289403;1.0000000728017913;0.9999209342419536;1.0000000639720295;0.9999362367843571;1.0000000606506416;1.000000059473047;0.9999711266843248;1.0000000741308228;0.9999986647520324;1.0000000738289558;1.0000000988451023;1.000000061073083;0.9999458165098251;0.9999213854452491;0.9998495912206221;0.9999996452725116;1.0001946448422105;1.000216660847067;0.9999289082784238;0.999872997967713;0.9999626772084257;0.9966123637723164;0.9954045848727707;0.9939860813194724;0.993390110435044;0.9999390017744516;0.9930366058890324;0.9929475278113614;0.9928368810100761;0.9925954875072114;0.9924611810481265;1.0000000564620786;0.9999477433289937;0.999924726784996;0.9999724499841013;0.9999968677651196;1.024999976158142;
2016-01-28 07:30:00;0.999917787241617;0.9998163919046325;1.0000000956327566;0.9999253846854792;0.9999752789218544;0.9999352714945456;1.0002088871387407;1.0000000721816522;0.9999130528320537;1.0000000633118065;0.9999347688599198;1.000000059349094;1.000000058355474;0.9999723155582795;1.000000073357027;0.9999983934052057;1.000000073145806;1.000000098406862;1.000000060454371;0.9999403663276094;0.9999175833888997;0.9998482460365928;0.9999995686027826;1.0001934869578182;1.0002157999588097;0.9999235039803859;0.9998715418241046;0.99996031141121;0.9967192972645482;0.9955483622195463;0.994167175571021;0.9935864186339445;0.9999386363156881;0.9932628128685862;0.9931803844519318;0.9930330565115632;0.992803875999911;0.9926685216937868;1.0000000559276192;0.9999477059098975;0.999919996750775;0.9999682300611488;0.9999978495764054;1.024999976158142;
2016-01-28 07:45:00;0.9999006215198828;0.9998089784726152;1.000000131333708;0.9999067228973573;0.9999725201375913;0.9999198001381726;1.0002208938656296;1.0000000922787164;0.9998991784292458;1.0000000751334353;0.9999231608743997;1.000000067971335;1.0000000661709265;0.9999687255981704;1.0000000950163086;0.9999967543141062;1.0000000946816017;1.0000001353958752;1.0000000699755986;0.9999274471819943;0.9999001364926027;0.9998328053805463;0.9999991747262695;1.000203343184137;1.0002291790561404;0.9999038875278603;0.9998575121719528;0.9999513977092216;0.996314130663152;0.994988148573171;0.9934048508601622;0.9927257635365885;0.9999329714144416;0.992420230302865;0.9923396719066234;0.992028959360678;0.9917432911995692;0.9915971851835778;1.000000061866066;0.9999431395062577;0.9999016015309595;0.9999612946436719;0.9999984019661982;1.024999976158142;
2016-01-28 08:00:00;0.9998562908961005;0.9997420152990137;1.0000002193074269;0.9998636521336066;0.9999604135915463;0.9998816680964199;1.0002399001413127;1.0000001334522137;0.9998509322930508;1.000000097876454;0.9998906335654894;1.0000000772412652;1.0000000750668945;0.9999565099950062;1.0000001385511006;0.9999952443842179;1.0000001380450716;1.0000002283378862;1.0000000871377575;0.9998922570943432;0.9998538606311482;0.9997633114574942;0.9999987807292461;1.0002198652433818;1.0002497856251138;0.9998582964969575;0.9997979371150449;0.9999287369835148;0.9963406002858418;0.9950269614349159;0.9934655052209516;0.9928038572636876;0.9999051652548925;0.9924835008767259;0.9923989800192677;0.9921404259626473;0.9918668755643303;0.9917315793492282;1.0000000705858412;0.9999198039258361;0.9998552757839975;0.9999415717976623;0.9999985857500886;1.024999976158142;
2016-01-28 08:15:00;0.9999042164191011;0.9998283347441047;1.0000001321186442;0.9999103512830977;0.9999752442562633;0.9999236600323791;1.0002194038998058;1.000000094733577;0.9999076149620985;1.000000077066767;0.9999280579943649;1.0000000700484446;1.0000000681637713;0.9999710923928096;1.0000000977399088;0.9999966450353458;1.0000000974301482;1.0000001358483406;1.0000000718596656;0.9999311601011254;0.9999021220040984;0.9998466711817532;0.9999991218104326;1.0002018866933968;1.0002277844062546;0.9999061734436525;0.9998684449889915;0.9999539126323285;0.9960211023382135;0.9945805786134065;0.9929346869340138;0.992229546616973;0.9999397436065462;0.9917927536289637;0.9916558921843952;0.9915876444125747;0.9913200311875838;0.9911854381951376;1.000000063590376;0.9999489817637688;0.9999034411506429;0.9999636761913886;0.9999987847299057;1.024999976158142;
2016-01-28 08:30:00;0.9999071276732469;0.9997977106612501;1.0000001366573334;0.9999138175491782;0.9999696259961609;0.9999225551299391;1.0002202361047792;1.0000000916723366;0.9998898286872397;1.0000000763651438;0.9999252540441237;1.0000000701796663;1.0000000680981411;0.9999695811977383;1.0000000930736874;0.9999986193126388;1.000000092817191;1.000000142354886;1.0000000711886265;0.9999270332305014;0.999906089628541;0.9998220447715924;0.9999996387293819;1.000204229603823;1.0002273318565964;0.9999114887201377;0.9998499654829585;0.9999530272112525;0.9961397370159113;0.9947241872140705;0.9930475673085413;0.9923095796883059;0.9999270185411548;0.9919637158054248;0.9918686650712462;0.9915617905928708;0.9912739107807997;0.9911335623338345;1.0000000629864623;0.9999380221039754;0.9999081420566956;0.9999591316444179;0.9999983684650285;1.024999976158142;
2016-01-28 08:45:00;0.99984724626435;0.9996642562568788;1.000000284986568;0.9998628862374562;0.9999553949568024;0.9998814833077884;1.0002509397268364;1.000000161130798;0.999843216503237;1.0000001181852969;0.9998827575634492;1.0000000932972626;1.0000000897117;0.9999486406777138;1.0000001663600593;0.9999974702869274;1.0000001652855055;1.000000299329774;1.0000001037622688;0.999891039324834;0.9998458387315922;0.9997246278623586;0.9999993128221674;1.0002319534987776;1.000259851123238;0.9998587234536513;0.9997667440650313;0.9999269578808383;0.9958347144488473;0.9942574125635386;0.9924591305125045;0.9916480266578063;0.9998885114351136;0.9911963719658469;0.9910439773698572;0.9908750001288101;0.9905455243880289;0.990387830357194;1.0000000812651748;0.9999049735343974;0.9998509180599887;0.9999426111002075;0.9999958811373264;1.024999976158142;
2016-01-28 09:00:00;0.999839836850336;0.99973805107305;1.0000002248232722;0.9998574148242562;0.9999686682872494;0.9998856425769443;1.000243264249425;1.000000145720304;0.9998838764972902;1.000000106198264;0.9998915836726521;1.000000087235977;1.000000084218318;0.9999538444926133;1.0000001536401413;0.9999940166440593;1.0000001527557683;1.0000002319009738;1.0000000947777568;0.9998995995879089;0.9998303158712238;0.9997790699598245;0.9999982608119037;1.000222205310127;1.0002545327240642;0.9998446911155113;0.9998062452029123;0.9999302733471851;0.9958451538503441;0.9942639547549604;0.9924833924079259;0.9916771320688235;0.9999193523173763;0.9911838780767407;0.9910163422712908;0.9909389763814432;0.9906469143171784;0.9905157387612812;1.0000000766788757;0.9999316197875264;0.9998346512643075;0.9999523297342479;0.9999972242565867;1.024999976158142;
2016-01-28 09:15:00;0.9998369980685585;0.9997173600669111;1.0000002589989327;0.9998576709356829;0.9999606621120842;0.9998785541290629;1.0002494883909188;1.0000001492199218;0.9998508958692925;1.0000001118865567;0.9998890536980508;1.0000000949786707;1.0000000906051665;0.9999547904617997;1.000000152989279;0.9999976672157547;1.0000001525518278;1.00000027291154;1.0000000993111657;0.9998852975076211;0.999819371844551;0.999742561902568;0.9999990419555596;1.0002310482847436;1.000258935229026;0.9998400702294115;0.9997764512985612;0.9999267498234437;0.9958649639289127;0.9942921036183108;0.9924681890935702;0.9916371938331214;0.9999042400558524;0.9912330909100066;0.9911014905166181;0.990805185716279;0.9904406493721525;0.9903053392942529;1.0000000792621317;0.9999190650363037;0.999824958760935;0.9999401640498489;0.9999983210726179;1.024999976158142;
2016-01-28 09:30:00;0.999849667502061;0.9997505286987914;1.0000001997395205;0.999874646295848;0.9999685638558161;0.9998960108171757;1.0002388842687617;1.0000001217769747;0.9998804521258648;1.000000096373591;0.9999047222701845;1.0000000875421178;1.0000000837150906;0.9999604789757328;1.0000001243039376;0.9999985360027114;1.000000123939379;1.0000002101711194;1.0000000875137753;0.9999009631748385;0.9998267655048535;0.9997764512425094;0.9999991139087712;1.000221999902588;1.0002477578636413;0.999852848837279;0.9998030820131589;0.9999371666683529;0.9958494899147938;0.9942613257509085;0.99243064955996;0.9915892197058913;0.9999217570575478;0.9911493258398288;0.9910091490244085;0.9907677378179052;0.9904107094356832;0.9902693235177459;1.0000000730535987;0.9999338726285855;0.9998336974984995;0.9999507257553686;0.9999982636622394;1.024999976158142;
2016-01-28 09:45:00;0.9998379649222954;0.9996799800541425;1.0000002679058275;0.9998595282703878;0.9999554615466901;0.9998773549505879;1.0002448432280235;1.0000001498771924;0.9998362003443474;1.0000001143935011;0.9998846831848528;1.0000000956152164;1.0000000915957117;0.9999519055104918;1.0000001524550235;0.9999991764416996;1.0000001518934827;1.0000002837292954;1.0000001016208118;0.9998822576531059;0.999822845242371;0.9997178196744647;0.9999994627431074;1.0002278954012156;1.0002531128977823;0.9998446291010767;0.9997578164885789;0.9999255416897351;0.9955828265493362;0.9938805624274102;0.9919619009645619;0.9910753601009675;0.9998913694639645;0.9905993385620218;0.9904201403622218;0.9902183849010842;0.9898176202136283;0.989600894874628;1.0000000812338135;0.999907873236158;0.9998293053595314;0.9999371226500282;0.999997447167717;1.024999976158142;
2016-01-28 10:00:00;0.9998559901386395;0.9997001056559597;1.000000199886025;0.9998841432773693;0.9999682399824339;0.9999064137822639;1.000235519475954;1.0000001235267482;0.9998918953557872;1.0000000993699494;0.9999043405693634;1.0000000921068162;1.000000087941029;0.9999554657264219;1.0000001264899836;0.9999992335952425;1.0000001256368873;1.0000002096752918;1.0000000905433661;0.9999128414703019;0.9998410607370118;0.9997682837623265;0.9999993926680921;1.000219320816662;1.0002436335709246;0.9998688006883285;0.9997985905635486;0.9999415952757933;0.9954379936722562;0.9936954182209036;0.9916980061984315;0.9907766464129626;0.9999155129198283;0.9903200039175075;0.9901587309208647;0.9898600107234309;0.9894281195112694;0.9891860289531497;1.0000000761005057;0.9999277438012191;0.9998500245943596;0.9999595333340731;0.9999953341851366;1.024999976158142;
2016-01-28 10:15:00;0.9998619527372555;0.999720311161077;1.0000002126055014;0.9998813527915991;0.9999631723807996;0.9998979634472989;1.0002340829652199;1.0000001269665957;0.9998670312071947;1.0000000999945136;0.9999017318177577;1.0000000867576446;1.0000000835165626;0.9999580192816843;1.0000001294139889;0.9999990418219155;1.0000001288660965;1.0000002238316412;1.0000000904003703;0.9999031279689089;0.9998503183323246;0.9997616912092477;0.9999994843876853;1.000217710283928;1.0002419647050125;0.9998694385200728;0.9997953291192797;0.9999376641459726;0.9956128521128096;0.9939094641252828;0.99197527748157;0.9910697735581185;0.9999086148697455;0.9905447546881411;0.9903749375587722;0.9902209654738544;0.9898350314043953;0.9896038617263917;1.0000000749800813;0.999922330862738;0.9998562627852512;0.9999494586586312;0.9999971967797404;1.024999976158142;
2016-01-28 10:30:00;0.9998808635603332;0.9997817842399078;1.0000001604461601;0.9998989567786505;0.9999718542143988;0.9999147865870867;1.0002223129048986;1.0000001059458168;0.9998958044380415;1.0000000877451316;0.9999195773559288;1.0000000839519965;1.0000000804418774;0.999966411137383;1.0000001077316798;0.9999988594408956;1.0000001074051474;1.0000001676096473;1.000000081340307;0.9999190554345169;0.9998666936831148;0.9998092240651651;0.9999993900187163;1.000206631691565;1.0002300524993772;0.9998850445342921;0.9998340427329429;0.9999482996565036;0.9954635980561223;0.9937153195984805;0.9917066711204479;0.9907670653505591;0.9999301126085471;0.9902244486226501;0.9900657897587719;0.989884810667781;0.9894695064001;0.9892393608202789;1.0000000708011605;0.9999407608819457;0.9998719018047423;0.9999587569482137;0.9999981563586696;1.024999976158142;
2016-01-28 10:45:00;0.9999114123263505;0.9998472106820295;1.0000001219665977;0.9999263767775706;0.9999809231985337;0.9999387719305654;1.0002112171257396;1.000000089579404;0.9999282153168507;1.0000000784029224;0.9999428595847726;1.0000000804374447;1.0000000770958648;0.9999763581333041;1.0000000907274593;0.9999992828533444;1.0000000905242;1.0000001263125071;1.0000000743997413;0.9999414812583395;0.9998981215210493;0.9998646069210468;0.9999995272273926;1.0001965969640667;1.0002182806381725;0.9999137419233035;0.9998810202688128;0.9999629845166963;0.9952941278337464;0.9934909759308794;0.9914678053418073;0.9905288254029023;0.999952424529371;0.989940969567459;0.989745110320426;0.9896783022455262;0.989284751148445;0.9890862273455918;1.0000000675955538;0.9999597419956174;0.9999023451845335;0.9999707964078071;0.9999988463568592;1.024999976158142;
2016-01-28 11:00:00;0.9998560584301559;0.9996752532436741;1.0000002242836787;0.9998786438799685;0.9999607415688496;0.999896985796674;1.000235340352654;1.0000001330758288;0.9998649921387418;1.0000001049205391;0.9998952118940391;1.00000009057188;1.0000000871921522;0.9999525929936023;1.0000001360378405;0.9999993434992462;1.0000001351377594;1.0000002359968736;1.0000000946429688;0.9999032660757422;0.999847719030068;0.9997421280197019;0.9999995895863482;1.0002190965629052;1.000243013491708;0.9998691994243606;0.9997797646545252;0.999936027698709;0.9953931162718337;0.9936095317234016;0.99157918412233;0.9906286740373251;0.9998995705389723;0.9900610626482421;0.9898866837746232;0.9897489516541343;0.9893786498098913;0.9891578198067739;1.0000000780943075;0.9999142035671249;0.9998551944214875;0.9999510448138057;0.9999954298149388;1.024999976158142;
2016-01-28 11:15:00;0.999843599754648;0.9996976518140245;1.0000002512662762;0.9998661249069858;0.9999594884240713;0.9998848457673878;1.000233934338274;1.0000001491355028;0.9998511054926532;1.0000001168884942;0.9998911379209595;1.0000001021474691;1.0000000978570784;0.9999543402809192;1.0000001519428652;0.9999990475850847;1.000000151346186;1.0000002647854662;1.000000105254336;0.9998898073483508;0.9998272698441889;0.9997358515857289;0.999999397953253;1.000217650823548;1.0002420616602545;0.9998500822744925;0.9997721151027641;0.9999300276310125;0.994870648597374;0.9928702065170046;0.9906072228169087;0.9895338192086263;0.9999002296938577;0.9889147646608567;0.9887098941706274;0.9885253778396669;0.9880934529374169;0.9878334490394448;1.0000000862417047;0.9999153718798668;0.9998339545817667;0.9999423787593691;0.9999974271741191;1.024999976158142;
2016-01-28 11:30:00;0.9998292574663787;0.999697531581405;1.0000002406372228;0.9998610231102759;0.9999654382333606;0.9998868602753774;1.000238495294504;1.0000001404018257;0.9998733994346348;1.0000001089315298;0.9998927282315665;1.0000000921369818;1.0000000887740874;0.999953057903269;1.00000014371518;0.9999987199065911;1.000000143016254;1.000000253886537;1.0000000976478494;0.9998930525250836;0.9998042907121868;0.9997453389745893;0.9999990791064841;1.0002218703817898;1.0002474641349313;0.9998369636840158;0.9997757982047626;0.9999307940295795;0.9954908530008204;0.9937452964861846;0.991787046241942;0.9908759409273817;0.9999110203126602;0.9902483798502172;0.9900586386536303;0.9900896936328448;0.989723853641805;0.9895077357252896;1.000000079261484;0.9999244623100674;0.999813605125539;0.9999489044682405;0.9999967564286422;1.024999976158142;
2016-01-28 11:45:00;0.9999245725551335;0.9998252375468749;1.0000001168061163;0.9999342572665588;0.9999776626270446;0.9999431537078738;1.0002041485624988;1.0000000873933828;0.9999225967364804;1.0000000770413744;0.9999418137525826;1.0000000766912558;1.0000000741449402;0.9999746174307641;1.0000000884671774;0.9999993522607946;1.000000088202669;1.000000120540432;1.0000000733448016;0.9999467501785304;0.9999222458449215;0.9998586804958622;0.9999997712946044;1.0001898622560434;1.0002104537482963;0.999930992809801;0.999880066904367;0.9999649266777589;0.9951457247368315;0.9932486902198219;0.9912045817713213;0.990239572647905;0.9999438369958745;0.9894671477448692;0.9892051385001642;0.9894803871694803;0.9891404261963093;0.9889480844624106;1.0000000671943536;0.999952062257903;0.9999254699044684;0.9999720820398303;0.9999977461573343;1.024999976158142;
2016-01-28 12:00:00;0.999920794730623;0.9998218952166144;1.0000001156571852;0.9999330818585935;0.9999792323675246;0.9999440951722903;1.0002076233912889;1.0000000870402204;0.9999292503529711;1.0000000766741768;0.9999419453322311;1.000000078484593;1.0000000754042964;0.9999738420282566;1.0000000883990157;0.9999992311047071;1.0000000880488475;1.0000001191685262;1.0000000729869825;0.9999482380573548;0.9999167861785547;0.9998606792479553;0.999999687768056;1.000193045751335;1.0002142229086712;0.9999281393756361;0.9998807250245711;0.9999652588526207;0.9952642438516309;0.9934272949198202;0.9913755838778473;0.9904093471729796;0.9999462812077131;0.9897042488238939;0.9894985746022955;0.9896025458053902;0.989223431591074;0.9890232231376489;1.000000066827972;0.9999540657188147;0.9999208075817626;0.9999743669928;0.9999973667428259;1.024999976158142;
2016-01-28 12:15:00;0.9998738156502966;0.9997139361484291;1.0000001771109377;0.9998977073808247;0.9999699795168778;0.9999171293293263;1.0002211900145048;1.0000001174874842;0.9999010119767724;1.0000000974805954;0.9999118555691409;1.0000000908934443;1.0000000875574542;0.99995827523087;1.000000120139154;0.9999992205957375;1.0000001193616042;1.0000001844873363;1.0000000901820274;0.9999236484300136;0.9998650661297136;0.9997860245744573;0.999999523749348;1.0002058390766548;1.0002285995491875;0.9998877425645492;0.9998156633085963;0.999947843856512;0.9948609264682102;0.9928100701837185;0.990535398090588;0.9894297308409603;0.9999195673570637;0.9884933968053162;0.9882533669267621;0.9885949601358996;0.988263096707276;0.9880883360431448;1.000000078083556;0.9999310155025648;0.9998729780864033;0.9999645516124056;0.9999950792749119;1.024999976158142;
2016-01-28 12:30:00;0.9998220292961976;0.9996240792269889;1.0000002413949964;0.9998617592553992;0.99996584522643;0.9998934064143935;1.0002398624555067;1.000000145926411;0.9998898858744764;1.0000001146445066;0.9998863230081916;1.0000001014272233;1.000000097156308;0.9999440310493135;1.0000001507859997;0.9999988174095865;1.00000014937627;1.0000002530282825;1.0000001032443888;0.9999029269745452;0.9998029658920914;0.9997279413533032;0.9999991270493961;1.0002231885716777;1.000248774385712;0.9998416668521094;0.9997617661007003;0.9999323797580774;0.9950751526190311;0.9931280283782357;0.9909720196605699;0.9899420514285581;0.9999037948912651;0.9891321598713219;0.9889017884575656;0.9891218534166778;0.9887787216024765;0.9886205995135633;1.0000000844772774;0.9999173323369575;0.9998157743082287;0.9999594255755841;0.9999928781002094;1.024999976158142;
2016-01-28 12:45:00;0.9998859486576365;0.9998195909189518;1.0000001403688987;0.9999068194366726;0.9999795084951125;0.9999252253900147;1.0002136723343973;1.0000001006981056;0.9999218929149251;1.0000000859245308;0.9999306490560228;1.000000085477361;1.0000000820588382;0.9999709219746185;1.0000001026237002;0.9999985148170131;1.0000001023505962;1.0000001454726224;1.0000000808205205;0.9999295866397443;0.9998667783850715;0.9998418304466207;0.9999991878317526;1.000198410018057;1.0002216435294033;0.9998884265586657;0.9998588954393577;0.9999547474550428;0.995051133115712;0.9931121102753155;0.9909456321041509;0.9899127975928662;0.9999475005977129;0.9890468152335361;0.9888303238899703;0.9891270831088566;0.9887729203699075;0.9886086982908981;1.0000000721054956;0.9999556225590196;0.9998725112487029;0.9999668180630068;0.9999985208906798;1.024999976158142;
2016-01-28 13:00:00;0.9999280322793339;0.9998509916758184;1.000000110109282;0.9999373467013148;0.9999809742469683;0.999946788674467;1.000200385086941;1.0000000853593798;0.9999322390307975;1.0000000760073855;0.9999471647829796;1.0000000788595373;1.000000075775186;0.9999775227945004;1.0000000864364489;0.9999989831766486;1.000000086227207;1.0000001131824907;1.0000000727456293;0.9999504214258894;0.9999237286523567;0.9998759084054408;0.9999996460619636;1.0001860817783885;1.0002068921667757;0.9999323331845613;0.9998935369185706;0.9999674454268641;0.9950739802787562;0.9931465161752743;0.9909917246372377;0.9899628135789823;0.9999522829641089;0.9891726404446866;0.9889582127852641;0.9891305394820156;0.9887233854250891;0.98848968811669;1.0000000672581046;0.9999593847245637;0.9999265634762775;0.9999744892214336;0.9999983322116499;1.024999976158142;
2016-01-28 13:15:00;0.9999139446672956;0.9998249074506325;1.0000001299841013;0.9999264586622341;0.9999776916917161;0.9999374285362616;1.000204911673925;1.0000000953590626;0.999919939372667;1.000000083026167;0.9999386095535251;1.0000000837793246;1.0000000804782225;0.9999738832844102;1.0000000966412754;0.9999992634296963;1.000000096392729;1.0000001344593075;1.0000000786429737;0.9999408445829439;0.9999065351789035;0.9998525702066966;0.9999996454741328;1.0001905901265165;1.0002115507107976;0.999918773825455;0.9998730544360597;0.999961767042585;0.9948620274043226;0.9928654441737642;0.9906370019523625;0.9895806715688935;0.9999441862021025;0.9887424045533535;0.9885178884340963;0.9887446819741859;0.9883264012584791;0.9880764786631658;1.0000000712535528;0.9999525317386342;0.9999103482099934;0.9999695798603985;0.9999981482410483;1.024999976158142;
2016-01-28 13:30:00;0.9999338543721759;0.9998664835984524;1.0000001027963878;0.9999444359908728;0.9999840858112791;0.999953758596882;1.0001982690818072;1.0000000818389145;0.9999435742945254;1.0000000741525592;0.9999538993974695;1.0000000778792317;1.000000074948397;0.9999800085326154;1.0000000827425835;0.999999347539065;1.0000000825378028;1.000000105468366;1.0000000713809596;0.9999566670971889;0.9999277108914492;0.9998904583022261;0.9999996943325774;1.000184442840693;1.000204577782828;0.9999380211596274;0.9999051833073871;0.9999716227920058;0.9950455383898724;0.9931070493372814;0.9909558560140681;0.9899295992631026;0.9999593650058488;0.9891067899611299;0.9888805130733114;0.989123155955253;0.9887282994829114;0.9885002733570912;1.0000000666358724;0.9999653915068484;0.9999309413913974;0.9999785108507411;0.9999983948834049;1.024999976158142;
2016-01-28 13:45:00;0.9999128175100346;0.9998276772434379;1.0000001190724792;0.9999277746045028;0.9999794514998197;0.9999398353474308;1.0002050243996559;1.0000000892698662;0.9999265107498707;1.0000000790012027;0.9999407340428395;1.0000000809718972;1.000000077829462;0.9999743710924175;1.0000000903182236;0.9999994692255141;1.0000000900828057;1.0000001230066238;1.0000000752672529;0.9999429232185065;0.9999028149474248;0.9998569297603366;0.9999996282291652;1.0001909263724562;1.0002116770966987;0.9999178695196418;0.9998757304395993;0.9999631443372617;0.9950061976039407;0.9930742956905687;0.9909525133163155;0.9899571881750991;0.9999477018365377;0.9891474429718132;0.9889072814634113;0.9891830716617853;0.9888234753100211;0.988646085675727;1.0000000689188948;0.9999554997797983;0.999907363163753;0.9999716917538388;0.9999980356387164;1.024999976158142;
2016-01-28 14:00:00;0.9999047400071709;0.9998073094038864;1.0000001321036707;0.999917275052751;0.999973944895984;0.9999283722893443;1.000213052274315;1.000000093527814;0.999905253214032;1.0000000804464138;0.9999308511916705;1.0000000796602213;1.000000076557734;0.999971245117305;1.000000094716752;0.9999992159245086;1.000000094472638;1.000000137158958;1.000000075807273;0.9999317691216707;0.9998968417560881;0.9998331631595565;0.9999996251385678;1.0001981519118361;1.0002199554474485;0.9999091571690044;0.9998568159197547;0.9999564639304507;0.9953401675458426;0.9935306447579234;0.9915110178804394;0.990560906398528;0.9999359644837164;0.9898009228806303;0.9895973490140514;0.989813093837385;0.9894614323409492;0.9892966960662295;1.0000000681331167;0.9999456229988521;0.9999006090211302;0.9999638990855408;0.9999982672002958;1.024999976158142;
2016-01-28 14:15:00;0.9999188087198247;0.9998254862465251;1.0000001231046813;0.9999299831803279;0.9999771163292982;0.999939374879569;1.0002083084169011;1.0000000889086864;0.999918545693379;1.0000000774389002;0.9999400952010649;1.0000000754559577;1.000000073046134;0.999974427195662;1.0000000900093016;0.9999995320834031;1.0000000897331898;1.0000001275752153;1.0000000733049068;0.9999423816436324;0.9999131895287054;0.9998535035044986;0.9999997516965663;1.000193945418944;1.0002147633229697;0.9999240289520435;0.9998747840572944;0.9999628915205059;0.9953585461501621;0.9935618639985315;0.9915557406122816;0.9906144160155522;0.9999431384676334;0.9898372171453617;0.9896356236053399;0.9898900692191411;0.9895556942713362;0.9893621582799504;1.00000006645078;0.9999515994493435;0.9999167252614055;0.9999696738258809;0.9999981149751545;1.024999976158142;
2016-01-28 14:30:00;0.9999003920399345;0.9997655802828358;1.0000001513468098;0.9999128626880539;0.9999699919627439;0.999924488359606;1.0002204534074095;1.0000001006721484;0.9998966180491577;1.0000000839485026;0.9999227092762499;1.0000000786498056;1.0000000758345402;0.9999658193840121;1.0000001024043181;0.9999991305026574;1.0000001019271718;1.0000001577374114;1.0000000780112817;0.999929526546635;0.9998984601953643;0.9998119477173166;0.9999997070003951;1.0002048911106158;1.0002273926639773;0.9999095069411817;0.9998408355027768;0.9999532604206544;0.9955667779872829;0.9938552457570297;0.9919475376448996;0.9910606752977705;0.9999244270634917;0.9904171512519646;0.9902228474165858;0.9903176566155024;0.9899736185212862;0.989789755535175;1.000000068435351;0.9999354548692052;0.9999027009180909;0.9999629985812771;0.9999968447306772;1.024999976158142;
2016-01-28 14:45:00;0.9999250867459811;0.9998316033236325;1.0000001160662961;0.9999340542537432;0.9999770261139262;0.9999418192430596;1.0002051357264898;1.0000000848741546;0.9999184158351898;1.000000074582295;0.9999422169471953;1.0000000718561854;1.0000000699144562;0.9999756062227547;1.0000000856495375;0.9999995729521669;1.0000000854647937;1.0000001202304192;1.0000000708743557;0.999944616337937;0.9999216465303803;0.9998578950177097;0.9999998152654195;1.0001909761298087;1.0002113456170472;0.9999300973994867;0.9998794246034088;0.9999644233948822;0.9954343757805294;0.9936846349490844;0.9917277906146739;0.9908200867301589;0.9999434992820311;0.9901203362100215;0.9899260600848774;0.9900876814935228;0.9897979749817306;0.9896310255952233;1.0000000647535507;0.9999519014420991;0.9999245603782426;0.9999700453895075;0.99999824288258;1.024999976158142;
2016-01-28 15:00:00;0.9999148106212135;0.9998245442996391;1.0000001244148602;0.999922852145881;0.9999744995784006;0.9999318402688725;1.0002071416880098;1.0000000872600945;0.9999067751854389;1.0000000745415223;0.999934707073247;1.000000067493455;1.000000066217574;0.9999734306277664;1.000000088411345;0.99999883359133;1.0000000882038806;1.0000001292123166;1.000000070166212;0.9999356167901686;0.9999109656128458;0.999845049582775;0.9999996306420929;1.000192258539162;1.0002138727504766;0.999918258396809;0.9998681994836432;0.9999587170195513;0.9957597104862299;0.9941489045319218;0.9923722010304954;0.9915639534444762;0.9999383782086357;0.9908873152424856;0.9906919526022491;0.9909483634608185;0.9907041177873013;0.9905371196429787;1.0000000630894001;0.9999477111749177;0.9999133303657274;0.9999647585817824;0.9999986385923371;1.024999976158142;
2016-01-28 15:15:00;0.999870964439213;0.9997757362147193;1.0000001666873335;0.999890449861965;0.9999696632447689;0.9999067476444007;1.000222551046297;1.0000001031405417;0.9998850032329396;1.0000000833569203;0.9999146154696357;1.0000000692028939;1.000000068089555;0.9999651831308217;1.0000001047792564;0.9999990243927979;1.0000001045224125;1.0000001753742853;1.000000076420702;0.9999104141225386;0.9998531439886729;0.9997958776828605;0.9999993590532258;1.0002070764636384;1.000230340274967;0.9998735711176405;0.9998219069148849;0.9999437878497061;0.9961431273504885;0.9946799563927301;0.9930953824986365;0.9923877737935167;0.9999259589559734;0.9918230577034101;0.9916260681295225;0.9918299320672603;0.9916090677754876;0.9914469120506713;1.000000065271254;0.9999374184505143;0.9998585903638566;0.9999536188619998;0.9999986654796165;1.024999976158142;
2016-01-28 15:30:00;0.9998717742407099;0.9997699952220203;1.0000001588628213;0.9998915481493521;0.9999703762519951;0.9999087937991287;1.0002167284863102;1.0000001024838765;0.9998897149329254;1.0000000838275827;0.9999144841375129;1.0000000704377507;1.0000000694266529;0.999964379292357;1.000000104362713;0.9999987516119522;1.0000001040522597;1.0000001662935039;1.0000000773642979;0.9999132925449129;0.9998556304431272;0.9997976531429981;0.9999993123583197;1.0002014087103615;1.0002244816054997;0.9998758200218949;0.9998235488293973;0.9999447219129263;0.9957744207562491;0.9941371553355389;0.9923687895146286;0.9915515610349257;0.9999264885096549;0.9907814415848472;0.990557973747432;0.990987836321807;0.9907664141245677;0.9905865892240276;1.0000000668585989;0.9999377281347518;0.9998612662494698;0.9999559787390935;0.9999981495292608;1.024999976158142;
2016-01-28 15:45:00;0.9998595651986799;0.999753560120894;1.0000001776557907;0.9998796855644084;0.9999672854464897;0.9998983917209466;1.0002203503474276;1.000000109640614;0.9998770731225298;1.0000000872158081;0.9999058215558567;1.0000000705482248;1.0000000695668365;0.9999612229426725;1.000000111853661;0.9999982860006803;1.0000001115317232;1.0000001865451975;1.0000000795576744;0.9999037133456018;0.9998426557944949;0.9997797009092844;0.9999991840767115;1.0002044240342867;1.0002285368278512;0.99986304894965;0.99980802437279;0.9999385796149055;0.9959559209012084;0.9944076286121272;0.9927489206180143;0.9919987194446502;0.9999194743405478;0.9913450388696252;0.9911247323289096;0.9914448424178463;0.9912251206665961;0.9910446032138979;1.0000000672851141;0.9999318634797361;0.9998482448906867;0.9999506501777152;0.9999982554427254;1.024999976158142;
2016-01-28 16:00:00;0.9998983051437513;0.9998199124660789;1.0000001110201133;0.999913411252442;0.9999786672534292;0.9999294971296995;1.0002033297774702;1.0000000818891097;0.9999219482438207;1.0000000705037158;0.9999320331056579;1.0000000635426711;1.0000000627624444;0.9999711238682761;1.0000000835590999;0.9999979180972064;1.0000000833060934;1.0000001145162847;1.0000000667858568;0.9999352048162299;0.999887877169534;0.9998481512424868;0.9999992167325766;1.0001881468082499;1.0002109370330894;0.9999023018708324;0.9998669940690903;0.9999570309836882;0.9959435385735369;0.9944074020836694;0.992762974445218;0.9920258516628173;0.9999454743718761;0.9913942909754634;0.9911748489384693;0.9914743056630043;0.9912502826140712;0.9910582699188264;1.0000000606783452;0.9999537108082336;0.9998920913023229;0.9999686691817673;0.9999981044795445;1.024999976158142;
2016-01-28 16:15:00;0.9998753297782684;0.9997816230329419;1.0000001546828337;0.9998923310749089;0.9999709784013657;0.9999092607164214;1.0002191852163247;1.0000001001977386;0.9998910659927335;1.0000000810309866;0.999915610702421;1.0000000675352738;1.0000000666195203;0.9999653088784445;1.0000001024352492;0.9999981274964719;1.0000001021165803;1.000000161531377;1.0000000746642836;0.9999146168907362;0.9998614756434777;0.9998052320371206;0.9999992141017022;1.000203143173093;1.00022726262323;0.9998783960808949;0.9998303809208695;0.9999451456187378;0.9961066223585351;0.9946196388557205;0.9930150435823869;0.9922917406654462;0.9999285047037594;0.9916656124464478;0.9914616402870446;0.9917549125332751;0.9915533973995561;0.9913963000751843;1.0000000644657199;0.9999394953295782;0.9998661428456213;0.9999562886217107;0.9999984240702343;1.024999976158142;
2016-01-28 16:30:00;0.99990293989148;0.9998126678322704;1.0000001201625488;0.9999145538613171;0.9999754878592763;0.9999277530758242;1.0002102631979657;1.000000085245515;0.9999109805011944;1.000000071934053;0.9999301261859924;1.0000000634174258;1.0000000626062662;0.9999706782129065;1.0000000870418064;0.9999981546231184;1.0000000867639227;1.0000001243225922;1.0000000676188645;0.9999331333944251;0.9998966456523173;0.9998401093663212;0.9999993812597059;1.000194696455718;1.000217684151389;0.999907259639448;0.9998622546855169;0.9999559979176059;0.9961425950436584;0.9946785607046907;0.9931345009952571;0.9924473528650282;0.9999389780800739;0.9918380425550757;0.9916134461422645;0.9919472458235835;0.9917593724092412;0.9916188492571417;1.0000000606892545;0.9999481678070642;0.99989997586475;0.9999656291483706;0.9999981572612704;1.024999976158142;
2016-01-28 16:45:00;0.999892012973989;0.9998002811589698;1.0000001372954936;0.9999045919734463;0.9999727610783676;0.9999186916584057;1.0002148795754096;1.0000000928106458;0.9998990951961092;1.0000000764364079;0.9999232190175094;1.0000000653850574;1.000000064519353;0.999968447526179;1.0000000948314938;0.9999980568108662;1.00000009454384;1.0000001427156304;1.0000000710955967;0.9999240908028056;0.999883507824648;0.9998238194724989;0.9999993180956795;1.0001989577715462;1.0002225926289274;0.9998953691169987;0.9998479151687847;0.999950760515298;0.9961133789360044;0.9946419618556933;0.9930819282135963;0.9923896262312225;0.9999331392549603;0.991797535648718;0.9915772443195637;0.9918708869849601;0.9916796230554169;0.9915361491142968;1.0000000625627377;0.9999433378936734;0.999886981324689;0.999960422209685;0.9999984280570066;1.024999976158142;
2016-01-28 17:00:00;0.9999078853621216;0.9998336592026991;1.0000001129991571;0.9999190927306522;0.9999774230496093;0.9999313249160222;1.00020571971279;1.0000000822260904;0.9999157683882381;1.000000070539425;0.9999353614017552;1.000000063248242;1.0000000624540468;0.9999736907380176;1.0000000836964806;0.9999983675131362;1.0000000834955474;1.0000001167678283;1.0000000667192361;0.9999356918652628;0.9998994945925682;0.999851996641689;0.9999994031341084;1.0001906613149942;1.0002129467561578;0.9999102706594408;0.9998717727190161;0.9999585118484409;0.9960200861405314;0.9944901570904492;0.9928878067565258;0.9921612925213878;0.9999446269719693;0.991515507308481;0.9912733579443255;0.9916336065816028;0.9914441367559448;0.9913017885722767;1.000000060513263;0.9999531106962193;0.9999025416407326;0.9999666303962497;0.9999987869632814;1.024999976158142;
2016-01-28 17:15:00;0.9997611051859032;0.9996547353965908;1.0000002752279038;0.9998082607841628;0.9999634424091104;0.9998496506615617;1.0002413932659258;1.0000001527033617;0.9998573332729085;1.0000001115592037;0.9998642657839286;1.0000000774421733;1.0000000769200716;0.999942016667623;1.0000001580744093;0.9999966557264705;1.0000001573471184;1.0000002906234633;1.0000000977378891;0.9998590468189283;0.9997154884707173;0.9996959681509175;0.9999980826531822;1.0002233863377814;1.000252845427145;0.9997648666767578;0.9997249464813971;0.9999089338718504;0.9962657127815381;0.9948380327429833;0.9933554980014309;0.9927019753544765;0.9999043949728283;0.9920527263066337;0.991818282383717;0.9922739756517341;0.9921411864078407;0.9920099124843974;1.0000000756420773;0.9999193664457003;0.9997282596185922;0.9999363717656444;0.9999972154774946;1.024999976158142;
2016-01-28 17:30:00;0.9996911037631158;0.9994302005371041;1.0000006121351641;0.9997548647411459;0.9999443923054923;0.9998085065275074;1.0002809486555864;1.0000002961564713;0.9998070655139268;1.000000198920313;0.9998119815799265;1.0000001122455906;1.000000111069211;0.999910415809981;1.0000003088872824;0.999997025686054;1.000000305774955;1.0000006499681484;1.0000001640185718;0.9998244325115736;0.9996510148513488;0.999560249779529;0.9999982310374138;1.000260499158027;1.000293457605458;0.9997144074694336;0.9996117311121373;0.9998804613671993;0.9962626846120194;0.9947841978385891;0.9932508330039729;0.9925527794936677;0.9998475132875995;0.9918350835642047;0.99159098029916;0.9921121503655983;0.9919790985620698;0.9918547511234813;1.0000001091212176;0.9998698024581125;0.9996704874461835;0.9999235778537403;0.9999910839067758;1.024999976158142;
2016-01-28 17:45:00;0.9997264199370706;0.9992546301696826;1.0000006225928801;0.999777207807664;0.9999260976355477;0.9998205491281594;1.0002856203412644;1.0000002996670028;0.9997766430669989;1.000000200623638;0.9997937751708401;1.0000001124426454;1.0000001109169339;0.999892830123495;1.0000003137562814;0.9999982693778628;1.0000003091222045;1.0000006583661056;1.0000001647960268;0.9998413681976638;0.9997326648669658;0.9994927926322902;0.9999994274435173;1.0002650111197091;1.0002954896545067;0.9997759163099987;0.9995718261486682;0.9998831130414335;0.9962610437081567;0.9947745615497029;0.9932206134633735;0.9925074804251145;0.9997949848455083;0.9917229435414217;0.9914857519517541;0.9920923940637322;0.9919752072827651;0.9918755308330982;1.0000001096714328;0.9998229144917666;0.9997515806786693;0.9999293439151196;0.9999836211734454;1.024999976158142;
2016-01-28 18:00:00;0.9998303383069197;0.9995756374061683;1.0000002848508713;0.9998553594076355;0.9999513923535402;0.9998785690566746;1.0002473425252654;1.000000154586388;0.9998410622309141;1.0000001130885732;0.9998700426267607;1.0000000775537452;1.0000000768362196;0.9999379548684943;1.0000001601328319;0.9999983878729514;1.0000001584836338;1.0000002999931696;1.0000000985623563;0.9998896647364292;0.9998311659922683;0.9996846136688531;0.9999994908002982;1.0002293996877252;1.0002556733230192;0.9998525170409495;0.99973347234525;0.999923202470706;0.9962959285572934;0.994842852091744;0.993314739777666;0.9926159811071389;0.9998723997833099;0.9918070315400253;0.9915812378631486;0.9922367324065511;0.9921380467108578;0.9920552181052948;1.0000000761498076;0.9998904726436186;0.9998401233560918;0.9999455936981496;0.9999925121882742;1.024999976158142;
2016-01-28 18:15:00;0.9998584586258353;0.9996482974622927;1.0000001826670726;0.9998805568251717;0.9999627525285724;0.9999029160259796;1.00023573162314;1.0000001110439396;0.9998816404185498;1.00000008595103;0.9998929301744638;1.0000000659770654;1.0000000654527734;0.9999479377992109;1.0000001153277134;0.9999977806150029;1.000000114153599;1.0000001904824831;1.000000077550695;0.9999139529173516;0.999859897279352;0.9997478918973371;0.9999993340442244;1.0002180967975425;1.0002440358762847;0.9998781891420052;0.9997859741077489;0.9999381540116006;0.9966868605647314;0.9954124693497777;0.9940821498054151;0.9934943592435824;0.9998995037479241;0.9928175659683149;0.9926128002748495;0.9931728141234704;0.9931175651046027;0.9930888823119037;1.0000000645779257;0.9999135277347673;0.9998676987635399;0.9999599484606939;0.9999931527100089;1.024999976158142;
2016-01-28 18:30:00;0.9998258976613961;0.9996204160192056;1.0000002377523531;0.999852836997679;0.9999591597087049;0.9998812651252749;1.0002453100690971;1.0000001369575828;0.9998642813607069;1.000000100349921;0.9998760036766944;1.0000000710300252;1.0000000705099201;0.9999415682227345;1.0000001429753118;0.9999967109468414;1.0000001416458622;1.000000248614093;1.0000000884206641;0.9998941571134107;0.9998203471108446;0.9997158243904415;0.99999892346284;1.0002262993039872;1.0002549341537474;0.9998437772431399;0.9997557883600214;0.9999254026908788;0.9966799171417189;0.9953935691529483;0.9940798158874857;0.9934999163373569;0.9998907918741767;0.9927747258936852;0.9925487664078165;0.99322194428686;0.993175048007779;0.9931509896020193;1.0000000700286975;0.9999063983104661;0.9998291005340181;0.9999508204719038;0.9999934544158258;1.024999976158142;
2016-01-28 18:45:00;0.9998439027203816;0.9996767923843137;1.0000002139128525;0.9998654011084758;0.9999630538194737;0.9998900773744465;1.0002383237398722;1.000000127990308;0.9998732147004624;1.000000095131756;0.9998885728951912;1.000000069222229;1.0000000687727275;0.9999492474188487;1.0000001334275685;0.9999966044758587;1.0000001323822953;1.0000002230381086;1.0000000846750892;0.9999015440120171;0.9998382558043394;0.9997483631179007;0.9999989381704104;1.0002196587310193;1.00024771294979;0.9998567804708014;0.999783504649652;0.9999316421741206;0.9965313130524482;0.9951770944323891;0.9938106479422049;0.9931990683657149;0.9999033130126506;0.992433420194348;0.9921845445834612;0.9929064851013416;0.9928624954781201;0.9928412193232505;1.0000000684923886;0.9999173771435248;0.9998449639354949;0.9999527909030841;0.9999951012803218;1.024999976158142;
2016-01-28 19:00:00;0.9997870390206527;0.9994650954209496;1.0000003358491742;0.9998227856261281;0.9999448783674776;0.9998568398470202;1.0002615632512875;1.0000001770721352;0.9998269933064913;1.0000001238908278;0.9998412823783233;1.0000000793544492;1.0000000786689438;0.9999211795986211;1.0000001852906162;0.9999972545406339;1.000000183110564;1.0000003532297466;1.0000001058501773;0.999873161571642;0.9997882355187233;0.9996220475127544;0.9999991238731054;1.0002418241184252;1.0002712380639416;0.9998184982123832;0.9996790181326574;0.9999082571932622;0.9968147641584608;0.9955602778616945;0.9943017864087529;0.9937426947829554;0.9998497173610073;0.9930234273765242;0.9927879459397508;0.9934884206802892;0.9934449461046112;0.9934228687206499;1.0000000782717375;0.9998705712894796;0.9998009402604604;0.9999420710849976;0.9999892168802171;1.024999976158142;
2016-01-28 19:15:00;0.9998746375622101;0.9997268123227472;1.0000001186463003;0.9998957216058194;0.9999730132570086;0.9999182486340138;1.0002182772962374;1.000000083617078;0.9999127375728883;1.0000000693954063;0.9999118038489588;1.000000058815512;1.0000000585230708;0.9999580085658207;1.0000000864470406;0.9999972263022797;1.0000000858590454;1.0000001223056671;1.0000000649270344;0.9999282335247248;0.9998701068291994;0.9998019409187163;0.9999990798127564;1.000201490249003;1.000226651096439;0.9998883525106466;0.9998287599841512;0.9999483807254756;0.9968756909002154;0.9956402838876477;0.9943616086693786;0.9937760187607185;0.999925737375672;0.9929348593066422;0.9927291178660085;0.9935696584768051;0.9935353720355529;0.9935235465805424;1.0000000578766697;0.9999362032521248;0.9998768917523444;0.999968529014956;0.9999948589115447;1.024999976158142;
2016-01-28 19:30:00;0.9998392987609761;0.9996872909171156;1.000000222420584;0.9998570545224064;0.9999581746572791;0.9998783370243273;1.000235611112683;1.0000001287881266;0.9998481906193839;1.000000096334512;0.9998833175353062;1.0000000693972526;1.0000000690122788;0.9999505849583807;1.000000132781213;0.999996817551219;1.0000001320786402;1.0000002334571712;1.0000000856720261;0.9998877011579506;0.9998310165127181;0.9997330009839442;0.9999989876326764;1.0002173117076973;1.0002447943629087;0.9998467611399109;0.9997708797154148;0.9999257785847108;0.9964769529587195;0.9951017041688582;0.9936570844248264;0.9930013348667514;0.999896192193186;0.9920629247490593;0.9918480875018815;0.9927678456629189;0.9927342857481112;0.9927260009577815;1.000000069157302;0.9999118208459933;0.9998361299978469;0.9999417463685424;0.9999968945926915;1.024999976158142;
2016-01-28 19:45:00;0.9998157636422025;0.9996210292035997;1.0000003114122322;0.9998318151545962;0.999943418941578;0.9998501753869519;1.0002504082128054;1.0000001635276146;0.9997924914278535;1.000000116309619;0.9998589607564989;1.0000000753437108;1.0000000749339997;0.9999419053715815;1.000000167929846;0.9999976211311271;1.0000001671746068;1.0000003296431608;1.0000001003494376;0.9998583811947682;0.9998089490105543;0.9996633431627063;0.9999992658897797;1.000231669090595;1.0002594008998413;0.9998232756646195;0.9997145913779215;0.9999091054924341;0.9966823622010088;0.9953657446095394;0.9940079515278653;0.9933880329561495;0.9998637864274958;0.9924466515331546;0.9922241423347409;0.9932043477118715;0.9931717154091292;0.9931626384293032;1.000000075935489;0.9998844611409644;0.9998137109422225;0.9999217756061238;0.9999971376356972;1.024999976158142;
2016-01-28 20:00:00;0.999830087399119;0.9996573843230114;1.00000023697786;0.9998471168094294;0.9999511778002262;0.999866321578122;1.00024202443644;1.0000001323619714;0.9998217527381246;1.0000000973829568;0.9998728444226787;1.0000000680733325;1.000000067746283;0.9999471290627892;1.0000001362946374;0.9999974641363785;1.0000001356392985;1.0000002496645541;1.0000000858538811;0.9998744993364628;0.9998220560978245;0.9997004949478333;0.9999991687120674;1.0002237839432604;1.0002509459999498;0.9998374353901195;0.9997446936315445;0.9999187381919874;0.9968707075152933;0.9956538175417954;0.9944194205357513;0.9938753812939124;0.9998810811187907;0.9930545064255154;0.9928351358348098;0.9937105677426974;0.9936799691953803;0.9936697198939506;1.0000000681746757;0.9998990683401243;0.9998270533369802;0.9999323744686671;0.9999970757685127;1.024999976158142;
2016-01-28 20:15:00;0.999860700165325;0.9997055666638202;1.0000001580256865;0.99988324210954;0.9999683133308388;0.9999059332127317;1.000231647723668;1.0000000988688165;0.9998933763693362;1.0000000778913238;0.9999026425628008;1.0000000609953785;1.000000060736626;0.9999547685454867;1.0000001022737177;0.999997582018595;1.0000001015171716;1.0000001647940602;1.000000071031305;0.9999153452285136;0.9998533357361503;0.9997761295654755;0.9999991256697587;1.000214279440933;1.000240295318284;0.9998736674713379;0.999806685644946;0.9999411750561047;0.9971203276922075;0.9959962063075719;0.9948539539306718;0.9943496926342885;0.9999155931271771;0.9935558900066571;0.9933545174016478;0.9942194282785851;0.9941979693882093;0.9941896723550823;1.0000000604006163;0.9999277362734238;0.9998605007275194;0.9999606457779392;0.9999951648772066;1.024999976158142;
2016-01-28 20:30:00;0.999776415786231;0.9994330748737569;1.0000003776815949;0.9998134508611008;0.9999402638469194;0.9998478123349775;1.000266639739216;1.0000001904872386;0.9998113097516796;1.0000001320338876;0.9998322464131972;1.0000000808496208;1.0000000802654658;0.9999169173156532;1.0000001984137974;0.9999975474208269;1.0000001960771725;1.0000003989967414;1.0000001115969843;0.9998641888512603;0.9997779801912272;0.999596376599596;0.9999992054881872;1.0002467887999718;1.000276274616184;0.9998094532743885;0.9996579392153141;0.9999025968849167;0.9970307671877726;0.9958502302968667;0.9946522959531;0.9941165921354577;0.9998383899313311;0.9932389773996878;0.9930264440984138;0.9940016430943918;0.993980960170803;0.9939730752963881;1.000000080503334;0.9998608840664188;0.9997912447630676;0.9999368357807288;0.9999887773143402;1.024999976158142;
2016-01-28 20:45:00;0.9998085447296159;0.9995618109108874;1.0000002827616825;0.9998407895135748;0.9999529928889714;0.9998705184147508;1.00025338408917;1.0000001501262425;0.999845702641918;1.0000001083057772;0.9998633132156818;1.0000000721919604;1.0000000717630702;0.9999344329269105;1.0000001557945142;0.9999977422383162;1.0000001542379362;1.0000002983354244;1.00000009382082;0.9998830090215296;0.9998017229409935;0.9996751283729763;0.9999991296238718;1.0002347068983755;1.0002627216545086;0.9998307135002004;0.9997217794270855;0.9999182304404766;0.997054260525538;0.9958873614282522;0.9947340656279836;0.9942226342817603;0.9998742268716196;0.9934019326750051;0.9931714112717486;0.9941011798484124;0.994080416200904;0.9940721201548434;1.0000000716508013;0.9998920824671288;0.9998125560086282;0.9999453003291909;0.9999922152932307;1.024999976158142;
2016-01-28 21:00:00;0.9998380071909184;0.9996299510705541;1.0000002304467699;0.9998632965364099;0.9999576740469462;0.999886375828374;1.0002471664261172;1.0000001263531837;0.9998580794911496;1.000000093798742;0.9998822064599803;1.000000065842516;1.000000065517683;0.9999448829836166;1.0000001305035011;0.9999983415224352;1.0000001293712433;1.000000242897268;1.000000082595878;0.9998960086709229;0.9998323043998028;0.9997172632404031;0.9999993475919626;1.0002293234547883;1.0002557516757233;0.9998551838624328;0.9997586356795792;0.9999287594679453;0.9973693085124331;0.9962784609543899;0.9952173091565538;0.9947234095383001;0.9998893137827056;0.9939272829361526;0.9937004517609355;0.9946085477518471;0.9945874085237265;0.9945775289153214;1.0000000655601522;0.9999052081252062;0.9998407997171899;0.9999492563400955;0.9999940041380884;1.024999976158142;
2016-01-28 21:15:00;0.9998665767466255;0.9997173927360506;1.0000001483194803;0.999885041201062;0.9999671303831938;0.9999052898109935;1.0002309701918208;1.0000000928323975;0.999887245219996;1.0000000736437242;0.9999034816568446;1.0000000582013542;1.0000000579951254;0.9999563978228149;1.000000095670246;0.9999974109810422;1.0000000950555672;1.000000154756146;1.0000000674252432;0.9999143650922139;0.9998616322859641;0.999778782604368;0.9999991555537445;1.0002134445483306;1.000239525784812;0.9998777207950156;0.9998100898653185;0.999941181661396;0.99757176070808;0.9965603991294977;0.9955824373856824;0.9951260665593787;0.9999146131638192;0.9944081843335951;0.9941939574336575;0.9950078081013011;0.9949872442903865;0.9949789406572384;1.0000000579462605;0.9999270335022028;0.9998674500390373;0.9999583020041781;0.9999957988281488;1.024999976158142;
2016-01-28 21:30:00;0.9998969699819737;0.9997888087959365;1.0000000946919387;0.9999128332937156;0.999976210971818;0.9999290138268204;1.0002136800303068;1.0000000698496592;0.9999179316682768;1.0000000607605555;0.9999275623292857;1.0000000536853193;1.0000000535586595;0.9999675968697227;1.0000000712968549;0.9999981635124897;1.0000000710259902;1.0000000976566656;1.0000000578713286;0.9999353723869875;0.9998903496355813;0.9998338849598942;0.9999993249359128;1.0001979447235942;1.0002212833478457;0.9999048391521912;0.9998563129254683;0.9999560379215532;0.9976356130930867;0.9966352541931794;0.9956843196583647;0.9952303790091906;0.9999378358969951;0.9945047738897276;0.9942819852464123;0.995120634913263;0.9951000464432407;0.9950917418642155;1.0000000533535789;0.9999469090470029;0.9998952273881903;0.9999691145211449;0.9999969349977189;1.024999976158142;
2016-01-28 21:45:00;0.9999030426284624;0.9998210334872675;1.0000000928270831;0.9999174305478827;0.9999788437010819;0.9999325162436882;1.000211420444067;1.000000069086171;0.9999237053503471;1.0000000604006432;0.9999341539590877;1.0000000535957936;1.0000000534783717;0.9999716783200269;1.0000000704076997;0.9999981242269255;1.0000000701790555;1.0000000957005581;1.0000000576381822;0.9999380051397387;0.9998941072147838;0.9998513632991378;0.999999290894482;1.0001958301231209;1.0002190391759296;0.9999077173418702;0.9998703691708342;0.9999587215992076;0.9975601321836225;0.9965524775317123;0.9955897546833286;0.9951420684452774;0.9999458056430793;0.994436520995383;0.9942153433595357;0.9950269658235388;0.9950059582931426;0.9949964852736884;1.0000000532995756;0.999953920844778;0.9998982342768513;0.9999699140447473;0.9999979482071918;1.024999976158142;
2016-01-28 22:00:00;0.9999245080420341;0.9998314396860578;1.0000000803525653;0.9999364839814153;0.9999801505756472;0.9999467394136892;1.0002073203855406;1.0000000625116638;0.9999320577931156;1.000000056807027;0.9999450218165374;1.0000000521359078;1.0000000520261627;0.9999753519085013;1.0000000632303334;0.9999994030047523;1.0000000630389994;1.0000000826737572;1.0000000548660557;0.9999503201289359;0.9999199579545176;0.9998669723211958;0.999999707433546;1.000192941102012;1.0002137915246054;0.9999312448753647;0.999886002743786;0.9999669563173617;0.9977865335653853;0.9968565683074321;0.9959848423448155;0.9955753994781991;0.9999489195819664;0.9949267069212868;0.9947113843540525;0.9954724606169577;0.9954496070552667;0.9954389285140044;1.0000000518243861;0.999956341995414;0.999923861004009;0.9999752410082045;0.9999975866215689;1.024999976158142;
2016-01-28 22:15:00;0.9999329424986038;0.9998687502387529;1.0000000711511041;0.9999425883041321;0.9999835364372055;0.9999517890883183;1.000201106875763;1.0000000589471894;0.9999406484793351;1.0000000547482641;0.999952758528213;1.0000000514290048;1.0000000513368512;0.9999800180576532;1.0000000594994196;0.9999991083345463;1.0000000593869056;1.0000000727301055;1.000000053359385;0.9999548240553545;0.9999269967592831;0.9998893267560764;0.9999996280278182;1.0001869184732002;1.0002075978343155;0.9999362986222134;0.9999042652472347;0.9999705904503541;0.9977666042950097;0.9968629007552963;0.9960004752095009;0.9956124245106478;0.9999586420526606;0.9950044901196228;0.9948054372814553;0.9955101736350477;0.9954879711686286;0.99547966334497;1.0000000511460743;0.9999648393248195;0.9999298448769721;0.9999771262126361;0.9999986214325236;1.024999976158142;
2016-01-28 22:30:00;0.9999258759715548;0.9998511356703208;1.000000078350691;0.9999361444039415;0.9999818576378435;0.9999468391994527;1.0002043583156452;1.0000000624854175;0.999935716743085;1.000000056809385;0.9999470253668681;1.0000000523479136;1.0000000522364436;0.999977150721452;1.0000000632868604;0.9999987272339909;1.0000000631300932;1.0000000803212463;1.0000000549641541;0.9999509768044649;0.9999209182341621;0.9998778550052052;0.9999995432724731;1.0001896344319432;1.000211161194656;0.9999303784794561;0.9998946052875591;0.9999673886931553;0.9975611077416975;0.9965836157922763;0.9956513234265143;0.9952341099756006;0.9999538573713953;0.9945779927579944;0.9943623440433103;0.9951258803621239;0.9951023656616553;0.9950924809205336;1.0000000520417538;0.9999606990103901;0.9999239967914025;0.9999755375888526;0.9999981984397429;1.024999976158142;
2016-01-28 22:45:00;0.999943165900178;0.9998853552958266;1.0000000656665489;0.9999532526570378;0.9999876857648153;0.9999623804080209;1.0001984379196178;1.000000056742967;0.9999575679421229;1.000000053504927;0.9999614696183077;1.0000000510327498;1.0000000509448081;0.9999826604849918;1.00000005726515;0.9999992678171505;1.0000000571509162;1.0000000667795297;1.0000000524340642;0.9999654025216325;0.9999378446698226;0.9999101958375708;0.9999996723851575;1.0001845528414814;1.0002047421601297;0.9999475191504177;0.9999217855625863;0.9999766938378764;0.997797980906439;0.9969295214736288;0.9960931649489979;0.9957297425823505;0.9999674390050565;0.9951817618881084;0.9949954871130997;0.9956193852318389;0.9955983876594577;0.9955904899189019;1.0000000507023883;0.9999721849148752;0.9999409511364235;0.9999838682328641;0.9999983262796812;1.024999976158142;
2016-01-28 23:00:00;1.000253139806954;1.0002050933683464;1.0003094476451015;1.0002623323048976;1.0002985216133078;1.0002705806239878;1.0005007852985501;1.0003059557975353;1.0002696698829598;1.0003051451003666;1.0002736071556115;1.0003048838512094;1.0003048808499533;1.0002899595695325;1.0003061245340747;1.0003053746094657;1.0003060883277215;1.0003100068314161;1.0003049838472013;1.0002759987345202;1.0002478170664915;1.0002260578178972;1.0003057181449373;1.0004871297404547;1.0005069874651473;1.000257955720667;1.0002365202223966;1.0002838758535;0.998410274057661;0.9976491677717442;0.9969038492706384;0.9965751367146736;1.0002798800091084;0.9960878559583283;0.995933029370656;0.9964696059581076;0.9964486553072601;0.9964390432990295;1.0003048779998207;1.0002843191855306;1.0002511151283773;1.0002938004859296;1.0003034249719196;1.024999976158142;
2016-01-28 23:15:00;1.0002599472310219;1.0002211109984072;1.000307280440448;1.0002677750229383;1.0002980297215134;1.000274943523652;1.0004977252592764;1.000305271860951;1.0002735234200841;1.0003049084884197;1.0002769243632614;1.0003049122488392;1.000304920671437;1.0002919741126488;1.0003053662955834;1.0003046752753726;1.0003053470800687;1.0003076161075157;1.0003048776370354;1.0002787269797193;1.000254937774637;1.0002372850631984;1.0003050114306917;1.0004842912690268;1.0005037618042503;1.0002632689430926;1.0002458982880043;1.0002865224430355;0.9984908481857997;0.997750940419195;0.997026044924683;0.996700518355445;1.0002826293752938;0.9962207378198399;0.9960704099550437;0.9965941135701673;0.9965742005470763;0.9965665213034661;1.000304958969745;1.0002863376818532;1.000257541469136;1.0002938520858624;1.0003037906720107;1.024999976158142;
2016-01-28 23:30:00;0.999913638793682;0.9998087626825846;1.0000000845923214;0.9999275593608024;0.9999786209382535;0.9999405354748354;1.0002134669070595;1.000000064164784;0.9999279793282723;1.0000000574374315;0.9999377899909869;1.0000000521259185;1.000000052002006;0.9999715406650341;1.000000065171588;0.9999988967027369;1.0000000649104286;1.0000000871330452;1.0000000552057962;0.9999455692923973;0.9999091957917088;0.9998530344396671;0.999999562170569;1.0001982852394729;1.0002204673414639;0.9999219265046919;0.999873733235531;0.9999629035905739;0.9980438375209396;0.9972480104369605;0.9964831696873728;0.9961444948467907;0.9999439073317076;0.9956297500341977;0.995457938751071;0.9960444365138597;0.9960223976384881;0.9960140853490187;1.0000000517599585;0.9999519828337786;0.9999137132471719;0.9999738350921938;0.999996978733468;1.024999976158142;
2016-01-28 23:45:00;0.9999345522920894;0.9998844621225451;1.000000068421591;0.9999445873561784;0.9999863652927242;0.9999548980998892;1.0002027582138833;1.000000057792561;0.9999500113038747;1.0000000538468212;0.9999564844602176;1.0000000509003024;1.0000000508168514;0.9999816009923688;1.000000058406189;0.9999987558311717;1.0000000583058077;1.0000000697440923;1.0000000526017985;0.9999583636565559;0.9999273244219208;0.999902221035423;0.9999995117836764;1.0001882014783976;1.0002095765039272;0.9999370455353219;0.9999142248660525;0.9999725463686733;0.998086465802516;0.9972956935624532;0.9965277441853675;0.9961775200701803;0.9999651785844854;0.9956736759710577;0.9955082283238138;0.99605461835857;0.9960312037616751;0.9960221005876954;1.0000000506258557;0.9999704435922254;0.9999301296763975;0.9999798755095025;0.9999988161540635;1.024999976158142;
2016-01-29 00:00:00;1.0002422584498278;1.0002083600416258;1.0003085061442973;1.0002544494966505;1.0002990635932956;1.0002661203559136;1.0005002519304937;1.0003057673928573;1.0002722425595014;1.000305034852967;1.0002704005433976;1.0003048778966357;1.0003048792524516;1.000289143582994;1.0003059730069261;1.0003046525684216;1.0003059441070898;1.0003089089040729;1.000304922064935;1.0002716804079372;1.0002321530765232;1.0002255427762454;1.0003053223087297;1.0004862684132934;1.0005070451278353;1.000245358510815;1.0002336684988464;1.000281345727917;0.9985075356939508;0.9977943398899565;0.9970895253479741;0.9967857094490256;1.0002823503749436;0.9963388462957772;0.9961980112683089;0.9966857724135414;0.9966631555204137;0.9966531693471324;1.0003048949866806;1.0002863901562888;1.0002359222074377;1.000292535870659;1.0003036874895714;1.024999976158142;
2016-01-29 00:15:00;1.0002550803052817;1.0002165637238984;1.000306482026982;1.000265226725363;1.0002981914970153;1.0002743649431762;1.0004959831238744;1.00030507897767;1.00027691137665;1.0003048788720423;1.00027532141532;1.0003049536288813;1.0003049656521643;1.0002909941974805;1.0003051483240266;1.0003043132216518;1.0003051350213688;1.000306725692294;1.0003048896687812;1.0002780988701145;1.0002481827707648;1.0002362957842792;1.0003047103364178;1.000482600804941;1.0005021796196343;1.0002586647771203;1.0002439507569743;1.0002860138239096;0.9985189530289363;0.9977848477660081;0.9970826504984913;0.9967664423230214;1.0002833103670268;0.9962856886255026;0.9961252603571068;0.9966731267572367;0.9966524473308731;0.9966439976176609;1.0003050252136727;1.0002867472834378;1.0002513610805435;1.0002943197769423;1.0003035950134702;1.024999976158142;
2016-01-29 00:30:00;1.0002569365524376;1.0002196696364651;1.0003059223833939;1.000266970966522;1.0002978274115115;1.0002755692134695;1.0004934093244633;1.00030496256338;1.0002770515420176;1.0003048821221765;1.000276233020145;1.0003049892418363;1.0003050038316597;1.0002916195740608;1.000305001871765;1.0003043479715572;1.00030499379759;1.0003061001000717;1.0003049169440255;1.00027853363553;1.0002497693212715;1.0002379921226174;1.0003046130282935;1.0004803446465893;1.0004994247536303;1.0002601410599858;1.0002453882016389;1.0002867795133803;0.9984742561133124;0.9977435860246953;0.9970410517716647;0.9967358779646646;1.0002835500477996;0.9962915368201176;0.996134280535824;0.9966324080979251;0.9966073659476672;0.9965934833028042;1.0003050711665664;1.00028686981332;1.0002528610487453;1.0002940641882154;1.000303729901481;1.024999976158142;
2016-01-29 00:45:00;1.0002611506263277;1.0002127297937378;1.000307385729991;1.0002678487060026;1.0002961664807775;1.0002736199040188;1.0004979506473872;1.0003052319451706;1.0002669996469713;1.0003048994484114;1.0002752177751408;1.000304926162391;1.0003049371725106;1.0002912987731656;1.0003053010851244;1.0003048729034076;1.0003052851498033;1.000307769720056;1.0003048777950279;1.0002771240354846;1.0002578458675255;1.000230049903498;1.0003050544003178;1.0004846730981412;1.000503739481484;1.0002650058835343;1.000240795503809;1.00028568632145;0.998502064979484;0.9977834181258074;0.9970793841343729;0.9967738548588335;1.0002783546435103;0.9963408822481705;0.9961948653382516;0.9966621470903727;0.9966311124404305;0.9966119690171231;1.0003049785229856;1.0002826957437772;1.0002602518807346;1.0002921280253576;1.0003037305569915;1.024999976158142;
2016-01-29 01:00:00;1.0002652401714964;1.0002301966148;1.0003055450900382;1.0002729225023128;1.0002976826481713;1.000279334610053;1.000496334068655;1.000304877570426;1.000277428460879;1.0003050073144886;1.0002797483495447;1.0003053043891434;1.0003053316539465;1.0002935272390334;1.000304881532569;1.0003044606582567;1.0003048801712342;1.0003057100123645;1.0003051258116622;1.0002814299297171;1.0002599983334515;1.0002449764045769;1.0003046122607522;1.0004832222618425;1.0005021508709804;1.0002678793801303;1.0002522450328277;1.0002891762848107;0.998738956715088;0.9981272640311144;0.9975115566773324;0.9972554792451197;1.0002845792070645;0.9969153995766131;0.9968019998645495;0.9971462684546565;0.9971166202829743;0.9970959178324191;1.000305442583043;1.0002876977144979;1.0002623776370683;1.0002943902569812;1.000304291434047;1.024999976158142;
2016-01-29 01:15:00;1.0002637030126094;1.0002381134578289;1.0003054649194894;1.0002716956948727;1.0002995713106162;1.0002799747634128;1.0004932817955687;1.0003049017503376;1.0002843026295278;1.000304926574247;1.000280523997688;1.0003051044452562;1.0003051244395667;1.0002937359620667;1.0003049351693547;1.0003038551511663;1.000304928996117;1.0003055583538216;1.000304998125801;1.0002831302492898;1.000258066377559;1.0002528941473767;1.0003044836227648;1.0004798499489744;1.0004994640074858;1.0002659241664136;1.0002580711008784;1.0002895363805788;0.9985716404985404;0.9979105058972474;0.997262601484423;0.9970010946358155;1.0002887245046204;0.996653871222661;0.9965197314535605;0.9968895236796464;0.9968607983811628;0.9968414002554845;1.0003052131670385;1.0002912132638309;1.0002603706142137;1.0002963260246214;1.000304087641905;1.024999976158142;
2016-01-29 01:30:00;1.000272767385134;1.0002383393039693;1.0003049765898175;1.0002795631672288;1.0002990070964435;1.0002856023003326;1.000491694975511;1.0003049531255273;1.0002856312071031;1.0003052033264965;1.0002838974011068;1.0003054715808044;1.0003055055565793;1.0002949755252242;1.0003049243440718;1.000304441175528;1.0003049304114495;1.0003050206535185;1.0003053385922036;1.0002875095110635;1.000269571654272;1.0002565806090693;1.000304688156735;1.000478813701585;1.000497326607456;1.0002759881879062;1.0002624528627397;1.000292816568261;0.9986829216191259;0.9980477758487678;0.9974277294390143;0.9971693377401809;1.0002880970994563;0.9968218487207682;0.9966914447271052;0.9970621029397777;0.9970326093763683;0.997012906384927;1.0003056487133903;1.000290478171579;1.000271687190145;1.0002977252621874;1.0003042236694504;1.024999976158142;
2016-01-29 01:45:00;1.0002797531249012;1.0002568339207234;1.0003049006100915;1.0002851729061448;1.0003006198521633;1.0002901035203433;1.0004893144517482;1.0003052444853329;1.0002906721550988;1.0003055949621504;1.0002889152423522;1.0003058527477362;1.00030589638978;1.0002978837329874;1.000305188420747;1.0003047525308595;1.000305199304234;1.0003048883435652;1.0003057472454924;1.0002912511817756;1.0002765344076665;1.0002690176164477;1.0003049822630863;1.0004766406014884;1.000494811462709;1.0002816156596146;1.0002730287695953;1.000295884514347;0.9987414036496928;0.9981297596766705;0.9975270447270936;0.9972763493650973;1.0002928735522616;0.9969617629907677;0.9968399081024937;0.9971569065518968;0.9971247603389205;0.9971034625727646;1.0003060654508444;1.0002945919023503;1.0002780956178894;1.0002992747604627;1.0003050303696635;1.024999976158142;
2016-01-29 02:00:00;1.0002717313627982;1.0002421637754553;1.0003050082545843;1.0002794679545153;1.0002994607880538;1.0002859644968443;1.0004949480693006;1.0003057258620716;1.0002864509739102;1.0003063035030653;1.0002843295299069;1.000306748937239;1.0003068120049006;1.0002962342824608;1.0003056337572187;1.0003052181048209;1.000305653856045;1.0003049668514177;1.000306554187767;1.0002869291458873;1.0002665802043782;1.0002575912789353;1.0003053880587633;1.0004820139413955;1.0005006812181458;1.0002739686457445;1.0002627048442516;1.0002935650561733;0.9991442928091178;0.9987132327488195;0.998240246420284;0.998062997207818;1.0002894654792325;0.9978722489524777;0.9978183328727284;0.9979569097648301;0.9979252358469222;0.9979048674115948;1.0003070731249164;1.000291693674079;1.0002687728229909;1.0002975713372444;1.0003057124269925;1.024999976158142;
2016-01-29 02:15:00;1.0002739079645624;1.0002419521831243;1.0003049488199722;1.0002806282115428;1.0002994488178951;1.000286866527724;1.0004946857640105;1.0003055349471364;1.0002873091064468;1.0003061110907687;1.000284628617627;1.0003065849506223;1.0003066414188264;1.0002960099321927;1.0003054378127922;1.0003048674869748;1.0003054566908187;1.0003049224403595;1.0003063551949176;1.0002883247182406;1.0002705582465536;1.0002593528939088;1.0003051898439066;1.0004815978811255;1.000500429767138;1.0002766362833326;1.0002646781348186;1.0002939376387077;0.9990939340579618;0.9986401650557263;0.9981445154906228;0.9979543674163084;1.000289323708805;0.9977583960093013;0.9977001608178241;0.9978346488573704;0.9978044568761303;0.9977844945272116;1.00030685800796;1.0002915171022158;1.0002725105899912;1.0002982258213915;1.0003054096408677;1.024999976158142;
2016-01-29 02:30:00;1.000274371687144;1.0002380284304537;1.0003049077167572;1.0002796673411976;1.0002981728048304;1.0002852804211066;1.000495550013892;1.0003054607499329;1.0002829753786635;1.000306068408365;1.0002828899427725;1.0003066182760896;1.0003066745955518;1.0002954142830094;1.0003053680075826;1.0003046695829927;1.000305385884086;1.0003048907566154;1.0003063286775709;1.0002869797174303;1.0002728177579963;1.0002555697305124;1.0003051291190794;1.000482264752946;1.0005013014672717;1.0002771948579054;1.0002621576965487;1.0002929708192403;0.9991182431441807;0.9986778066282898;0.9982010385318542;0.9980230802612979;1.000286626612276;0.9978227118340599;0.9977633195192221;0.9979226171582536;0.9978932960415479;0.9978738547758793;1.0003068597847518;1.0002892115862991;1.0002743675963022;1.0002969072116927;1.000305433301081;1.024999976158142;
2016-01-29 02:45:00;1.0002648669090095;1.0002123075710774;1.0003054735399952;1.000269314350216;1.0002929773378904;1.0002735965187455;1.0005005447741115;1.0003049418097225;1.0002610535292762;1.0003053769990558;1.0002734166339087;1.0003061118887602;1.0003061565256985;1.0002916029483266;1.0003049205306793;1.000304503558535;1.0003049254058116;1.0003056756172162;1.0003056442189597;1.000275539621115;1.0002638031090056;1.0002277256976502;1.0003047571785484;1.0004871073303152;1.0005062281597432;1.0002678506071498;1.000239647258278;1.0002858645205075;0.9991088308761165;0.9986564912511271;0.9981656939229487;0.997977000557647;1.0002744230641676;0.9977710369497704;0.9977108057505668;0.9978660459333839;0.9978380987256155;0.9978190608958062;1.0003062573746664;1.0002790400864983;1.000265298685529;1.0002892591351866;1.0003050654410208;1.024999976158142;
2016-01-29 03:00:00;1.0002794970029634;1.0002457376338467;1.0003051104669174;1.000284396183007;1.0002995426682977;1.000289407644319;1.0004930693071843;1.0003058017251967;1.0002878678246052;1.0003063572794502;1.0002865230678226;1.0003067581743488;1.000306821716282;1.0002969932811125;1.0003057039534673;1.000305139585697;1.000305727011113;1.0003050671446512;1.0003065868667333;1.0002908022978665;1.0002784271308034;1.0002632805892562;1.000305515247787;1.000480055489399;1.000498637894696;1.0002823927127387;1.0002688996698716;1.0002955403462506;0.9990764198867133;0.9986256453305344;0.9981304810228459;0.9979456631390287;1.0002895896470831;0.9977503189604697;0.997694308247528;0.9978326226782643;0.9978023617109121;0.9977833249421185;1.0003070398260736;1.0002917295348186;1.0002798886918705;1.0002990654709278;1.0003055760896742;1.024999976158142;
2016-01-29 03:15:00;1.000283276150839;1.0002524493436045;1.0003055390669229;1.0002875062814214;1.0003005951322825;1.0002920370649646;1.0004939824706784;1.0003064355942075;1.0002905173673267;1.0003070845557027;1.0002889708324914;1.0003075156686985;1.0003075881337384;1.0002985668182955;1.0003063126175422;1.0003057596840434;1.0003063411597912;1.0003054725955072;1.0003073410120595;1.0002931509007524;1.0002826517127792;1.0002686553523286;1.000306145267312;1.0004809504157168;1.000499518394869;1.0002858504995287;1.0002736794648583;1.0002974395159825;0.9992455809098549;0.9988546628310493;0.9984090419553331;0.9982440211169468;1.0002917204944664;0.9980871149033321;0.9980492706274656;0.9981311259129096;0.9980995934379078;0.9980784456790395;1.0003078361400406;1.0002936079084124;1.0002838693706246;1.000300366681027;1.000306430969042;1.024999976158142;
2016-01-29 03:30:00;1.0002768463344807;1.0002398724807577;1.000305125414747;1.000282918337423;1.0002991936930339;1.00028841064682;1.0004950318587256;1.0003059114129318;1.000286839161942;1.0003065328887792;1.0002852502689743;1.0003070229531477;1.0003070846602493;1.0002964017886362;1.0003058041536395;1.0003053723557178;1.0003058290466396;1.0003050753351983;1.0003067922680542;1.0002896006509137;1.000274825044611;1.0002591767144855;1.0003056247138644;1.0004820301198503;1.0005006228155287;1.0002800614099554;1.0002651640722324;1.0002949421397616;0.9991831139645654;0.9987839911065631;0.9983202452408898;0.9981551335894828;1.0002884658086513;0.9979950620386678;0.9979622436072266;0.9980442795151471;0.9980147439265986;0.997994229033093;1.0003073097333663;1.00029075868335;1.0002766527075142;1.0002986816185824;1.0003057195567733;1.024999976158142;
2016-01-29 03:45:00;1.0002756467555152;1.0002372073089292;1.0003049944905447;1.000280366302182;1.0002972296748447;1.0002849421476345;1.0004967861532523;1.0003058530043396;1.000279002999028;1.0003065557032274;1.0002826447342783;1.0003072145620677;1.0003072766317207;1.0002960201598472;1.000305765565519;1.000305314971929;1.0003057858880122;1.0003049504088268;1.0003068601153708;1.0002858285642817;1.0002741898076841;1.0002525637071111;1.0003056005484305;1.0004836464450462;1.0005023770369108;1.0002780534640465;1.0002600362349041;1.0002930508528167;0.9992604271522093;0.9988709192857192;0.9984229063544029;0.9982544464618374;1.0002848934673017;0.9980890636210095;0.9980540143155425;0.9981427551493669;0.9981132130287896;0.9980926938925564;1.0003074678096548;1.0002877781638544;1.000275543445147;1.0002956097608218;1.0003061838525436;1.024999976158142;
2016-01-29 04:00:00;1.000283829095863;1.0002485532455092;1.0003053306759755;1.0002875388055958;1.000299913448727;1.000291762370915;1.0004929359493213;1.000306048174196;1.0002892577090157;1.0003066436565644;1.0002882374500495;1.0003070310161783;1.0003070981393536;1.0002977917585587;1.0003059295234658;1.0003053702921585;1.0003059546596365;1.000305284225202;1.0003068736544212;1.0002931621594169;1.0002844294599456;1.0002668701385822;1.0003057821033108;1.0004799143852925;1.0004984060616569;1.0002869784878972;1.0002725711820974;1.0002970162527873;0.999120228597617;0.9986980680892583;0.9982180655025417;0.9980460394567535;1.0002902180064197;0.9978744074558419;0.9978327427041227;0.9979338611219349;0.9979024004957516;0.9978821369438917;1.0003073168638037;1.00029225896933;1.0002855833874922;1.0003001399661147;1.0003057997439346;1.024999976158142;
2016-01-29 04:15:00;1.0002708926480157;1.000236287497117;1.0003049992798512;1.0002767899569016;1.0002976711598544;1.000282840676243;1.0004959416603505;1.0003057629567216;1.000279972722386;1.000306462832629;1.000281116446018;1.0003070559834462;1.000307122092338;1.0002953107698709;1.0003056577178138;1.0003049334869103;1.0003056773401329;1.000304960006555;1.000306754879661;1.0002842240846301;1.0002679227030047;1.0002514325355365;1.0003053859087696;1.0004826656504304;1.0005017704613983;1.0002730161041384;1.0002582495133296;1.0002917797744066;0.9992308748920951;0.9988284384611018;0.9983755873263217;0.9982045849692247;1.0002856305116117;0.9980420574584635;0.997999221228057;0.9980875541569424;0.9980563981394149;0.9980366529419753;1.000307344313065;1.0002884405075632;1.0002695326147881;1.0002954200159024;1.0003060423669738;1.024999976158142;
2016-01-29 04:30:00;1.0002582916765663;1.0001952240993062;1.000305623694603;1.0002633728969261;1.000290571062877;1.000268003447511;1.0005027749764497;1.000304923865062;1.000252052305571;1.0003053444211278;1.0002678834682641;1.0003060927825553;1.0003061397039004;1.0002892718109753;1.0003049060250833;1.000304531395676;1.0003049103332338;1.000305862513331;1.0003056161573438;1.0002701116246255;1.0002571252191774;1.0002130408664265;1.0003047451084062;1.0004892272932782;1.0005085097858044;1.0002618209956105;1.0002274006526997;1.0002824442625178;0.9991689524625399;0.9987624301600039;0.9983013474523095;0.9981392012378639;1.0002683941234483;0.9979751960582297;0.9979343209050263;0.9980349874051504;0.998006339555307;0.9979873680289839;1.000306250507798;1.00027393538484;1.0002588718706265;1.0002861697296583;1.0003048825294696;1.024999976158142;
2016-01-29 04:45:00;1.000269893381417;1.00021859546919;1.0003049092056249;1.0002757732993286;1.0002951314569393;1.0002808994844148;1.0004974737145131;1.000305645867532;1.0002727165832301;1.0003063242854506;1.000277829793936;1.0003069884471447;1.0003070512468601;1.0002934555086307;1.0003055629186652;1.000305232335798;1.0003055839688093;1.0003048875130833;1.0003066299102168;1.0002820114299225;1.0002685495708123;1.0002394500056557;1.0003054197413135;1.0004843750847479;1.0005030350890105;1.0002735317085492;1.0002490899075658;1.0002903398711802;0.9992362844435533;0.9988335162559187;0.9983785378660509;0.9982051877873918;1.0002794392067509;0.9980357817094226;0.997994061951783;0.9980897242345567;0.9980599602105242;0.9980398445316179;1.0003072492856542;1.000283062012526;1.0002703860074897;1.0002936399917608;1.000305580253716;1.024999976158142;
2016-01-29 05:00:00;1.00028067548306;1.0002381509322342;1.0003050465266765;1.0002855045919596;1.0002984979470837;1.0002897798096109;1.0004952305975512;1.0003058214423184;1.0002854197976483;1.000306424301062;1.000285881030015;1.0003068988449502;1.0003069688950739;1.0002964750117338;1.0003057275711067;1.0003054585273272;1.000305753618005;1.0003050019876114;1.000306685163422;1.0002908284713627;1.000280626972606;1.0002590061973162;1.0003056345204038;1.0004822948866638;1.0005006275566288;1.0002844580288754;1.0002658955536805;1.0002956436486443;0.9991547075522437;0.9987395027509997;0.9982717061709085;0.9981028481091427;1.0002870290546906;0.9979404794980089;0.9978966589618515;0.9979885673936323;0.9979561962967708;0.9979353868333587;1.0003071996120836;1.0002894719562696;1.0002822038871113;1.000298743548826;1.000305491440928;1.024999976158142;
2016-01-29 05:15:00;1.0002684311271792;1.0002254317553165;1.0003048777039416;1.000275013273372;1.0002978386549142;1.0002825552560917;1.000497665854543;1.000305268482907;1.0002830957201485;1.000305878189436;1.000279225045836;1.0003064120016298;1.0003064786688698;1.00029304129271;1.0003051662920868;1.0003040838054407;1.0003051863938293;1.0003048788751527;1.0003061478493054;1.000285447749188;1.0002671899391127;1.0002496671708516;1.000304822642105;1.0004839259485852;1.0005037446378073;1.0002724945423367;1.0002567971639675;1.0002909989228899;0.9991636075072223;0.9987359765108588;0.9982483846765944;0.9980605821758008;1.0002847153373104;0.9978819429037641;0.9978406557144353;0.9979321534835376;0.9978993989803615;0.9978798030613494;1.0003067101773664;1.0002874964212811;1.0002691769733107;1.000297061710487;1.0003047665652687;1.024999976158142;
2016-01-29 05:30:00;1.0002757830683051;1.0002302957960092;1.0003049008932459;1.0002813458291295;1.0002974731010141;1.0002863191850762;1.0004945281659214;1.0003054382917032;1.0002819035700137;1.0003059447979255;1.0002827950917383;1.000306366460864;1.0003064289370085;1.0002948542221701;1.0003053649033857;1.0003050122069275;1.000305385001951;1.0003048854905656;1.0003061750915716;1.0002877607698402;1.00027512839515;1.0002522075909077;1.0003052281801768;1.0004815591364575;1.000500010255141;1.000279780485491;1.0002598654903387;1.000293366784988;0.9990252135250801;0.9985454472647429;0.9980110558052478;0.9978011637086617;1.0002845961507787;0.9975951205234892;0.9975404227706101;0.9976619971413522;0.9976285114214176;0.997608116772377;1.0003066437940378;1.0002873939800083;1.0002769430122136;1.000297200478478;1.0003048825187333;1.024999976158142;
2016-01-29 05:45:00;1.0002632450144913;1.0001996907468909;1.0003055977652744;1.000268670603257;1.0002930718622527;1.000274080590063;1.0005013263523106;1.000304894008301;1.0002636176155755;1.0003052346155907;1.0002719114110947;1.0003058321013232;1.0003058831473723;1.0002898075246407;1.0003048814902216;1.00030432648897;1.000304883678455;1.0003057927203178;1.0003054670734397;1.0002770215705168;1.000263658752058;1.0002247105205029;1.00030469422274;1.0004876958802424;1.0005070961443288;1.0002682862106043;1.0002372838228335;1.0002857071515763;0.9990694957198447;0.9985949476335224;0.9980628213961477;0.9978483223069454;1.0002730851546178;0.9976476253534686;0.9975958694398196;0.9976993622642208;0.9976650119837227;0.9976442150490363;1.0003060202698937;1.0002777553335187;1.0002656415447087;1.0002910140650352;1.0003041298138933;1.024999976158142;
2016-01-29 06:00:00;1.000254520371441;1.0002055851456657;1.000308215513444;1.000259134056636;1.0002954321543664;1.00026666941844;1.0005017272300354;1.0003055087212076;1.000261756133952;1.0003049027143571;1.0002692728962845;1.000304981888715;1.0003050005610812;1.0002890060209741;1.0003057006990412;1.0003040295782863;1.0003056744630603;1.0003085864955021;1.0003048797370935;1.0002728590064693;1.0002539695969126;1.0002235523522411;1.0003051894545456;1.0004871547444802;1.000508271876579;1.0002582569838439;1.0002355579577402;1.0002815592945506;0.9987173013711471;0.9981611854493702;0.9975237713603864;0.9972885002414804;1.0002754093665405;0.9970977143769371;0.9970462423473738;0.9971050750296506;0.9970678482878583;0.9970468506028098;1.0003050476223592;1.0002803449836286;1.0002556494131905;1.0002903771312384;1.0003037483521489;1.024999976158142;
2016-01-29 06:15:00;0.9999515983746593;0.9998997143375746;1.0000000662624917;0.9999548788991421;0.9999850520745499;0.9999600420209181;1.0001987835969643;1.0000000568764194;0.9999453114672481;1.0000000533237945;0.9999613915041494;1.000000050717651;1.0000000506209916;0.9999846085188296;1.0000000573194106;0.9999989715535086;1.000000057262372;1.0000000674214573;1.000000052223231;0.9999627352532223;0.9999508234757093;0.999910974783953;0.9999997355260248;1.0001845060949524;1.0002049749768875;0.9999533252896086;0.9999245557147128;0.9999758677695139;0.9979171284015379;0.9972208788102632;0.9964085258403522;0.9961161660668104;0.9999640669652313;0.9959127893341796;0.9958578049752318;0.9958652195428713;0.995824042668704;0.9958031523087094;1.0000000505026931;0.9999695140778685;0.9999517252251434;0.9999793888305485;0.9999992702977333;1.024999976158142;
2016-01-29 06:30:00;0.9999392934450345;0.9998834687932272;1.0000000732050707;0.9999440365212804;0.9999835985707418;0.9999520500858591;1.0002020336189088;1.00000006081577;0.9999397955742562;1.0000000555785593;0.9999537712251787;1.0000000525571426;1.0000000522419281;0.9999813122929334;1.0000000616268234;0.9999982615127403;1.0000000615333546;1.0000000746089253;1.0000000540132519;0.9999561981452056;0.999937656350071;0.9998979809663578;0.9999995285860934;1.0001869970687471;1.0002088337584663;0.9999412482763792;0.99991269964101;0.9999709864997898;0.9975694268361994;0.9967242821322221;0.9957191438025824;0.9953216720567843;0.9999599093983634;0.9949242023650481;0.9948701375841614;0.9950631267967415;0.9949845535073644;0.9949622057832057;1.000000051551635;0.9999659931407864;0.9999388634737908;0.9999767877846238;0.9999990460612133;1.024999976158142;
2016-01-29 06:45:00;0.9999340947684286;0.9998846571803868;1.000000070970879;0.9999413185797972;0.9999850577478697;0.9999514071949204;1.0002017882421053;1.0000000600463481;0.9999445193846178;1.000000055318959;0.9999535126547965;1.0000000536519906;1.0000000530808915;0.9999810257150423;1.0000000608264645;0.9999980895586166;1.000000060736651;1.0000000722129863;1.0000000538961262;0.999955813724691;0.9999295067768004;0.9998996033527239;0.9999994121097355;1.0001867036628467;1.0002088506707958;0.9999358062122631;0.9999126747444051;0.9999706012426619;0.9974780657662963;0.9966010554969182;0.9955554861961591;0.9951396792206435;0.9999627314947352;0.9948190179552185;0.9947646012539015;0.9948042330047545;0.9946833192410894;0.994654176924918;1.0000000516138348;0.9999684193958192;0.9999313400283357;0.999977792437767;0.9999990151849422;1.024999976158142;
2016-01-29 07:00:00;0.9999396994779783;0.9998860048129292;1.000000071789943;0.9999464099518632;0.9999851947244893;0.9999550825559609;1.0001995089846034;1.0000000604386001;0.9999460867972024;1.0000000559374724;0.9999562850857899;1.0000000543052925;1.0000000537157276;0.9999818899518732;1.0000000610881887;0.9999985196542052;1.0000000609875281;1.0000000731490095;1.000000054505203;0.9999588728560095;0.9999362390831741;0.9999026825504844;0.9999995459936639;1.000184900152873;1.0002061796515131;0.9999420961327279;0.9999159944324953;0.99997270771247;0.9972093445283681;0.9962237774565521;0.9950793248866511;0.9946134133082445;0.9999630526795849;0.9942759004905863;0.9941944904829769;0.9942226701315161;0.9941061653695188;0.9940800188386335;1.0000000521928276;0.9999686250432359;0.9999380796510184;0.9999790354736431;0.9999988936414249;1.024999976158142;
2016-01-29 07:15:00;0.9999423958364426;0.9998693761294393;1.0000000790666193;0.9999474673996831;0.9999827634207452;0.99995474931472;1.0002019349870748;1.000000064867841;0.9999399681366579;1.0000000592247895;0.9999537760437697;1.0000000583309496;1.000000057243499;0.9999802105414206;1.0000000656933414;0.9999986888305872;1.0000000655266488;1.0000000807012979;1.0000000573885552;0.9999587943017094;0.9999431729081165;0.9998938551804603;0.9999996772817732;1.00018720992199;1.000208377106217;0.9999468132220823;0.9999102625637111;0.9999721785768372;0.9966825371722646;0.9955433317424843;0.9941832349257725;0.9936369667975893;0.9999568744897308;0.9933278690126468;0.9932584935527143;0.9931196796393581;0.992896090213984;0.9927861689678016;1.000000054430639;0.9999632080848307;0.9999448072234483;0.9999782576241101;0.9999983511047564;1.024999976158142;
2016-01-29 07:30:00;0.9999242423161732;0.9997925220463314;1.0000000936057796;0.9999352095837566;0.9999765735463876;0.999945362549319;1.0002128983484704;1.0000000708290264;0.999925388377191;1.0000000629980546;0.9999383986900269;1.0000000611983277;1.000000059755484;0.9999706226264861;1.0000000719980429;0.9999993051397028;1.0000000716297672;1.0000000963083384;1.0000000602747914;0.9999505132842562;0.9999269652054779;0.9998494399894785;0.9999998161939876;1.0001979348535148;1.000219302244444;0.9999358476851896;0.9998735624392536;0.9999652501407815;0.9967205377151176;0.995582388217453;0.9942077143164918;0.9936472829467963;0.999938253860788;0.9933554192345564;0.9932965986414412;0.9930993439186828;0.9928642757604916;0.992769307428468;1.0000000559419018;0.9999468782762805;0.9999310953954872;0.9999754693889469;0.9999961044788401;1.024999976158142;
2016-01-29 07:45:00;0.9998873978854412;0.999682276677754;1.0000001436110886;0.9999051538044607;0.9999648599564379;0.9999201252187427;1.0002272576750804;1.0000000921112457;0.999889751499666;1.0000000762421972;0.999908891447168;1.0000000674111822;1.0000000657815162;0.9999554544101393;1.0000000942148364;0.9999994424485638;1.0000000934283895;1.0000001498773932;1.0000000705285599;0.9999274814459318;0.9998915600915043;0.9997732130749374;0.9999998295776955;1.0002114535078679;1.0002340608085276;0.9999063077662691;0.9998098378537075;0.9999488100764183;0.996486197691971;0.9952697164972145;0.9937987893391407;0.9932006735091579;0.999906647204481;0.992896283840584;0.9928345138332799;0.9926110425018798;0.9923666247887344;0.9922286586582457;1.0000000616085567;0.9999195852111232;0.9998983573394403;0.9999644305397253;0.9999937537159099;1.024999976158142;
2016-01-29 08:00:00;0.9999066024259836;0.9997616775912924;1.0000001399885905;0.9999156861101425;0.9999672911577312;0.9999241842400548;1.000222715920358;1.000000090864372;0.9998873466972162;1.0000000755663512;0.9999221660230688;1.0000000673010039;1.0000000656620127;0.9999660099459169;1.0000000921945462;0.9999994628377767;1.0000000917916805;1.0000001463136212;1.0000000701805871;0.9999285930436151;0.9999084395443266;0.9998065284360105;0.9999998789636263;1.0002071922946476;1.0002292809948106;0.9999158881499584;0.9998382428186359;0.9999531263725688;0.9963630467627097;0.9950761835012976;0.9935141832705703;0.9928555065484483;0.9999191551453503;0.9925735529875133;0.9925121901860251;0.9921698109166635;0.9919099267713741;0.9917654750742223;1.0000000617491636;0.9999309556307922;0.9999118238738215;0.9999605572262764;0.9999969472421288;1.024999976158142;
2016-01-29 08:15:00;0.99995630810395;0.9998893760624749;1.0000000802437137;0.9999612778469791;0.9999856935348812;0.9999659895421715;1.0001962737947194;1.0000000674034064;0.9999512924953369;1.0000000627057124;0.9999641991141051;1.00000006432795;1.000000062688055;0.9999842624079917;1.0000000679507743;0.9999996612437995;1.0000000677949366;1.000000081830357;1.0000000610242676;0.9999682478100339;0.9999567140929029;0.9999121931779021;0.9999999232101142;1.0001827039721027;1.0002019538402729;0.9999608755827689;0.9999261981574061;0.9999789202585204;0.9958496209403952;0.9943729197024875;0.9926329846835511;0.9918884574657296;0.9999640465181497;0.9915221807676197;0.9914168655987776;0.9911458862654899;0.9908618286327976;0.9907059140572378;1.0000000582220412;0.9999692565669366;0.9999585018443432;0.9999830134231065;0.9999984681768255;1.024999976158142;
2016-01-29 08:30:00;0.9999517524170967;0.9998782961093085;1.0000000804681977;0.9999584373097773;0.9999851308586517;0.9999641627765571;1.0001971227427267;1.0000000670808673;0.9999501005667694;1.0000000623031307;0.9999617477189041;1.000000063385197;1.000000061865984;0.9999827630960288;1.0000000676694252;0.9999997381450503;1.0000000674898264;1.0000000821307977;1.0000000605743917;0.9999665751667463;0.9999513167915578;0.9999055924514383;0.9999999128013893;1.0001835855864605;1.0002028436398662;0.9999572253597538;0.9999202809578704;0.9999776508925253;0.9960063148139572;0.9945081777631026;0.9927679983604374;0.9919773997031216;0.999962006510048;0.991593215752137;0.9914697419873106;0.9911856288854156;0.9908919723748675;0.9907133912843601;1.0000000576914507;0.999967465880784;0.9999536865696703;0.9999826833709925;0.9999981574925437;1.024999976158142;
2016-01-29 08:45:00;0.9999386872911455;0.9998602511858382;1.0000000906353832;0.9999470259739491;0.9999822256618222;0.9999543141930552;1.000203548906042;1.0000000718951454;0.9999381576468303;1.0000000655207657;0.9999534134313552;1.00000006663126;1.0000000646865688;0.9999797465677682;1.0000000725542557;0.9999995622369614;1.000000072363622;1.0000000930631125;1.0000000632100547;0.9999569892152138;0.9999359276249681;0.9998863912398507;0.9999998184763412;1.0001894808847838;1.0002096795337514;0.9999436773821209;0.9999033123681896;0.9999718556855192;0.9959490195978541;0.9944161929490825;0.9926572069491614;0.9918532960946043;0.9999553168925833;0.9914114894178373;0.9912709023174895;0.9910831377518773;0.9907909809593602;0.9906488461297639;1.0000000593674854;0.9999618743378896;0.99993866823883;0.9999775392950165;0.999998237609318;1.024999976158142;
2016-01-29 09:00:00;0.999938093163334;0.9998709297487112;1.00000008548815;0.9999464880822251;0.9999836907546227;0.999954621236262;1.0002012653616534;1.0000000691723276;0.9999421202420608;1.0000000631492696;0.9999547458619971;1.0000000631575325;1.0000000616727547;0.9999806538292808;1.0000000699355034;0.9999992186808644;1.0000000697700364;1.0000000875336412;1.000000061063117;0.9999576033272558;0.9999341134934833;0.9998930240186393;0.9999997076560639;1.00018710332474;1.0002075987402026;0.9999419651631384;0.9999081627641843;0.9999722065804494;0.9961475467712407;0.9946998340715385;0.9930541941411255;0.9923123054589862;0.9999589894029338;0.9919015180610473;0.9917583052913493;0.9916036469115959;0.9913260451836388;0.9911656884469034;1.0000000575878705;0.9999650778681942;0.9999366898399269;0.9999782670086029;0.9999985184773829;1.024999976158142;
2016-01-29 09:15:00;0.99992221300724;0.9998285550494878;1.000000106003488;0.9999312536997215;0.9999766940409708;0.9999397576066922;1.0002098200222171;1.0000000782687946;0.9999170715662433;1.0000000687810762;0.9999402719907449;1.0000000665187123;1.0000000647591398;0.9999748275813233;1.0000000791864259;0.9999992980305962;1.0000000789939076;1.0000001096069122;1.000000065486106;0.9999430230490046;0.999918807555346;0.999855278183135;0.999999739615304;1.0001951281094639;1.0002163314196704;0.9999271625767472;0.9998770185364612;0.9999631815070829;0.9960673012575737;0.9945947137819817;0.9929350140937786;0.9921930366237759;0.9999425923055779;0.9917632688360957;0.9916081838675102;0.9914972250879684;0.991226762312032;0.9910907353049662;1.000000060117503;0.9999511382228395;0.9999216875139858;0.9999693892165678;0.9999982050924419;1.024999976158142;
2016-01-29 09:30:00;0.9999358819120698;0.9998710106897092;1.0000000921307062;0.9999470812889769;0.9999849214908032;0.9999561124112408;1.0001960827488867;1.0000000755128318;0.9999465455078737;1.0000000694764015;0.9999561855884054;1.0000000715336528;1.0000000694577516;0.9999809398838574;1.0000000762213865;0.9999996101106277;1.00000007605594;1.000000094280143;1.000000067281685;0.9999584629858695;0.9999287409998197;0.9998942645875388;0.9999997348506388;1.0001826471603015;1.000202206244489;0.9999399427055939;0.9999081870648068;0.9999730597028568;0.995219525573691;0.9934142756636799;0.9914802172752325;0.9906055163554632;0.9999613617800562;0.9899675557048934;0.9897107379912218;0.9898749272013364;0.989584579171892;0.9894330747024949;1.0000000635006432;0.9999670914804559;0.999932176340002;0.9999795690486161;0.9999984474527065;1.024999976158142;
2016-01-29 09:45:00;0.999890509474727;0.9998276183098123;1.0000001306907456;0.9999110723180765;0.9999795639283868;0.9999276264369589;1.0002109658861538;1.0000000923826138;0.9999212081030384;1.000000079479307;0.9999338845623819;1.0000000742753332;1.0000000724583002;0.9999727133951217;1.000000093687532;0.9999991287034803;1.0000000935002327;1.0000001359495818;1.0000000748860716;0.9999306184876398;0.9998703223455857;0.9998448727846337;0.9999993256141751;1.000196411969389;1.0002184857027976;0.9998922397452673;0.9998617214531188;0.9999563749369481;0.995391626736102;0.9936483567960157;0.9917194491782924;0.9908425483118097;0.999948546835401;0.9902684360067844;0.9900611603203087;0.9900654283119311;0.9898184988957456;0.9896841640345906;1.0000000670919276;0.9999565733818526;0.9998759947914065;0.9999665207454507;0.9999988680527169;1.024999976158142;
2016-01-29 10:00:00;0.9998777790125954;0.99977825382544;1.0000001526690636;0.9998993410430658;0.9999733059124417;0.9999166168317678;1.000221608462313;1.0000000991833558;0.9999019147538227;1.0000000822616206;0.9999208285779363;1.0000000737955017;1.0000000718300412;0.9999661129632297;1.0000001008246258;0.9999992223758477;1.0000001004859196;1.0000001599161294;1.0000000762177683;0.999920571525521;0.9998606241470139;0.999810172540069;0.9999993963141685;1.0002063624540751;1.0002292686367966;0.9998828936356565;0.9998337458328657;0.9999491883211928;0.9958567336031879;0.9942884475602409;0.9925423033737787;0.9917540563835697;0.9999324794747083;0.991235893103695;0.9910565547285215;0.9910569188879441;0.990792875057063;0.9906506444644749;1.0000000663142217;0.9999427092455632;0.9998669485842363;0.9999608455291359;0.9999978486243192;1.024999976158142;
2016-01-29 10:15:00;0.9998234471402877;0.9995985397407842;1.000000286911309;0.9998553021843044;0.9999562670482959;0.9998812460847447;1.0002498225308156;1.0000001583597495;0.9998545866558228;1.0000001192778643;0.9998758904967187;1.0000000957073663;1.0000000920974461;0.9999410463254367;1.0000001629409214;0.9999990307934989;1.0000001615179321;1.0000003030045905;1.0000001050410183;0.999890408445322;0.999812779373124;0.9996969069518498;0.9999994059678414;1.0002324442186434;1.0002583839726003;0.9998428704722648;0.9997399015941899;0.9999252941571073;0.9956792776474588;0.9940198937750379;0.9921635115182839;0.9913134978701154;0.9998840218634368;0.9907245039004663;0.9905406712488185;0.9905823802609223;0.9902853464156871;0.9901550048887325;1.0000000824302955;0.9999006008207877;0.9998234252128247;0.9999479803749233;0.9999932550269199;1.024999976158142;
2016-01-29 10:30:00;0.9998402362335702;0.9996842670082722;1.0000002419258596;0.9998673886581172;0.9999628584078684;0.9998901079488197;1.0002343205917734;1.0000001424527525;0.9998681526173108;1.0000001110327772;0.999892356142415;1.0000000921960392;1.0000000892763052;0.9999522051720604;1.0000001457126115;0.999998784655082;1.0000001449202753;1.0000002547906384;1.0000000997295295;0.9998967949453799;0.9998236425856926;0.9997417565589489;0.9999992769376347;1.0002178671122102;1.0002427260690812;0.9998505448144587;0.9997759575810036;0.9999323270600916;0.9952032344191004;0.9933159350700952;0.9912720193900101;0.990306126569068;0.9999046614034751;0.989532640527833;0.9892788300154125;0.9895464988384642;0.989256371605447;0.9891010424395812;1.0000000813941472;0.9999188078165618;0.9998319780154696;0.9999494049455765;0.999996092270484;1.024999976158142;
2016-01-29 10:45:00;0.9998659645816783;0.999754257803563;1.0000001999411912;0.9998850864931651;0.9999659662318923;0.9999007909869704;1.0002237458060395;1.000000123065793;0.9998723002176922;1.0000000991189366;0.9999082505778073;1.0000000857273836;1.0000000831668094;0.9999625563012767;1.000000124826912;0.9999992058426722;1.0000001245017316;1.0000002104167856;1.0000000904875457;0.9999043904211223;0.999849568669316;0.9997777950217774;0.9999994481346423;1.000208286940584;1.0002314036770434;0.9998694561432465;0.9998075361534254;0.9999401243034656;0.9951665833589239;0.9932788597317486;0.9912375478394119;0.9902787323217527;0.9999172801262403;0.9895789140064994;0.9893229858955878;0.9894782280599707;0.9891751044456394;0.9889991158584406;1.0000000763709964;0.9999300064205171;0.9998550341035304;0.9999495644905212;0.9999984391935663;1.024999976158142;
2016-01-29 11:00:00;0.9999072101685152;0.9997877561392683;1.0000001424604859;0.9999199568058699;0.9999727611049904;0.999930597286405;1.0002160366381967;1.0000000975701893;0.9999051272497529;1.0000000829717548;0.9999298015392812;1.0000000800751123;1.0000000770882893;0.999969276283974;1.0000000989039088;0.9999995386505398;1.0000000985357747;1.000000148319037;1.0000000776902493;0.9999344146373625;0.9999028855570418;0.999827047191867;0.9999997671101643;1.000201137048256;1.0002226886837133;0.9999148793132937;0.9998529793659355;0.9999571994583145;0.9953274001046402;0.9935375207621716;0.9915693063985235;0.9906623064664374;0.9999316821849051;0.9900101844163471;0.9897892376848861;0.9898983221302894;0.989581525244531;0.9894457022273102;1.0000000690398452;0.9999417168530171;0.9999071163506661;0.9999655640392053;0.9999973379531772;1.024999976158142;
2016-01-29 11:15:00;0.9998772635917152;0.9997750805967391;1.0000001611520497;0.9998966259714767;0.9999710405022191;0.9999126963302721;1.0002215643964965;1.0000001044196591;0.999892694229722;1.0000000860540963;0.9999178107868049;1.0000000772359223;1.0000000750104279;0.9999656368667633;1.0000001060927084;0.999999106293961;1.0000001057978445;1.0000001687802094;1.0000000795647996;0.9999166031692357;0.9998616725921458;0.999802956834669;0.9999994173060148;1.0002061788097871;1.0002291969040158;0.9998815823895235;0.9998284623500476;0.9999470334145402;0.9956151984671936;0.9939332789914836;0.9920774440476807;0.9912246878393942;0.9999281446237434;0.9906068226096626;0.9904033502365143;0.9905096308424322;0.9902344781900037;0.9900927277039382;1.000000068932241;0.9999391003441751;0.9998672840893553;0.9999574820835792;0.9999981341268404;1.024999976158142;
2016-01-29 11:30:00;0.9998818744821744;0.9997517314800495;1.0000001890702177;0.999895339318033;0.9999653214045569;0.9999080715490561;1.0002230795777922;1.000000118752364;0.999874582799435;1.0000000959265958;0.9999113090309301;1.000000085761811;1.0000000827026245;0.9999629030839469;1.0000001206875844;0.9999989327468827;1.0000001202683704;1.000000198208048;1.000000087856455;0.9999127876361152;0.9998752867516658;0.9997855288510229;0.9999995871017183;1.0002072471723495;1.0002304151398849;0.9998880176628289;0.9998173437821558;0.9999440164132083;0.9951697237659137;0.9933858054580159;0.9913942032721017;0.990514097593642;0.9999152358681402;0.9898867697126069;0.9896863824657691;0.9897690377430529;0.9894570428607212;0.9893115087439047;1.0000000748279327;0.9999279813595365;0.9998794396032973;0.9999529426797935;0.999997724714667;1.024999976158142;
2016-01-29 11:45:00;0.9998732364713495;0.9996815206265443;1.0000001978607254;0.9998945824723672;0.9999658601872424;0.9999134149036003;1.0002267564254437;1.0000001253811288;0.9998906893652877;1.0000001012272408;0.9999047281531159;1.0000000917463971;1.0000000881608428;0.9999539379974112;1.0000001287034528;0.9999988942197923;1.0000001276463901;1.0000002064746265;1.0000000925105175;0.9999216451210077;0.9998720446829334;0.9997689165040287;0.9999995940125103;1.0002106232390786;1.0002341973372786;0.999890772144919;0.9998037315616602;0.9999449556229895;0.9949735361140615;0.9930819734243947;0.990988896928383;0.990042549888839;0.9999085580318604;0.989342876404222;0.9891180279477403;0.9892585812075144;0.9889411325482003;0.9887968676453633;1.0000000784088274;0.9999213697647542;0.9998795894351924;0.9999629315172736;0.9999940118610561;1.024999976158142;
2016-01-29 12:00:00;0.9998129244982811;0.9995043638969657;1.0000003602197243;0.9998492282149403;0.9999524808438521;0.9998804149349344;1.000258430061081;1.0000001970177155;0.9998572320560857;1.0000001440900195;0.9998619873222107;1.0000001095131534;1.000000105465433;0.999928405043236;1.0000002056166466;0.9999985442977323;1.0000002027385224;1.000000378314332;1.0000001249604222;0.9998947035768548;0.999814235948917;0.9996640330114378;0.9999994643058439;1.0002399046409418;1.0002672208588614;0.9998457149441633;0.9997148213562703;0.9999221587980688;0.995272622720358;0.9934397007062188;0.9914045890443858;0.990460150552109;0.9998668153154258;0.9897929818083899;0.9895796770070767;0.9896565171869123;0.9893275222809346;0.9891317818135575;1.0000000947487007;0.9998849061780815;0.9998274681878369;0.9999544482216789;0.99998900944056;1.024999976158142;
2016-01-29 12:15:00;0.9997948626520997;0.9996340347314534;1.0000003063611724;0.9998402498906247;0.9999668148257461;0.9998778153867659;1.000248663192562;1.0000001793966606;0.999884972995435;1.0000001359926338;0.9998786540091238;1.0000001146194988;1.0000001098006024;0.9999425984617011;1.0000001862699444;0.9999979457725162;1.0000001847252418;1.0000003219621227;1.0000001205710494;0.9998879320860956;0.9997637078281935;0.9997189638369672;0.9999986802831713;1.0002309033083712;1.0002589611672013;0.9998094279190156;0.9997492980424991;0.999923841578031;0.9948536452458014;0.9928366546766155;0.9906199754562554;0.9895732183111442;0.9999071228136317;0.9887598896457522;0.9885100979866736;0.9887329863317026;0.9883652803758628;0.9881758288265391;1.0000000949621923;0.9999206846260901;0.9997773750915436;0.9999531745196975;0.9999941952046375;1.024999976158142;
2016-01-29 12:30:00;0.9997044083691652;0.9994745356196394;1.0000005387805517;0.9997693306286046;0.9999533568788044;0.9998246509391975;1.000276189433497;1.0000002873908675;0.9998392763147971;1.0000002012851592;0.9998260400366439;1.0000001438299;1.0000001384329706;0.9999165762620568;1.0000003012648195;0.9999965534462901;1.000000298425499;1.0000005687499502;1.0000001711284288;0.9998407060120504;0.9996614877469396;0.9996012134742334;0.999998037617685;1.0002557197030344;1.0002890356407856;0.9997262814563217;0.999644130304613;0.9998903610375969;0.9949341074199335;0.9929267748970435;0.9907116148844691;0.9896589895087087;0.9998679392747051;0.9886777034480726;0.9884352083318879;0.9889256439203392;0.9886173297091148;0.9884746817534089;1.000000121756469;0.9998871643555781;0.9996810581881467;0.9999345685726475;0.9999913475537505;1.024999976158142;
2016-01-29 12:45:00;0.9998425140460366;0.9996909888361699;1.0000002656621352;0.9998675333524454;0.9999622437522201;0.9998891451695294;1.0002357005814826;1.0000001568617711;0.9998646118993345;1.00000012189266;0.9998925567274943;1.0000001038601531;1.0000000998001088;0.9999529539760851;1.0000001605074689;0.9999986522042811;1.000000159648754;1.0000002796519067;1.0000001092861408;0.9998957958897527;0.9998270703209006;0.999743055287457;0.9999992927075448;1.0002189919715099;1.0002441537064872;0.9998517624722072;0.9997775770235501;0.9999319678598761;0.9947965416536735;0.9927514056567998;0.9904829981987917;0.9894019585039986;0.9999041585597458;0.9884793681277766;0.9882399916052904;0.9885906283829091;0.9882273622277842;0.9880307762747886;1.0000000886910214;0.9999184680124338;0.9998346790621677;0.9999479625845817;0.999996467754327;1.024999976158142;
2016-01-29 13:00:00;0.9997579786654319;0.9995985531480627;1.0000004174204447;0.9997978452297244;0.9999518064224122;0.9998349452897611;1.000255012181255;1.0000002292996497;0.9998186525731567;1.0000001635073252;0.9998476162648386;1.0000001188674612;1.0000001150758828;0.9999348802562529;1.0000002378192954;0.9999966327389502;1.0000002366242982;1.00000044045439;1.0000001411476416;0.999845655496;0.9997247267163655;0.9996509103578205;0.99999840665436;1.0002357307797205;1.0002662968146925;0.9997651247759427;0.9996921647748197;0.9998996514453872;0.9949438626776905;0.9929226618626885;0.9907377296575761;0.9896886117331279;0.9998775440977629;0.9887676147576927;0.9884932415197693;0.9889187474964519;0.9885794882035015;0.9883637652944164;1.0000001048529805;0.9998963559542005;0.9997358325539476;0.9999253392940426;0.9999964744827384;1.024999976158142;
2016-01-29 13:15:00;0.9998397723973107;0.9997010902298782;1.0000002531738625;0.999860266274927;0.9999599690091205;0.9998810802559035;1.0002336844555388;1.0000001482165122;0.9998522803203297;1.0000001130205418;0.9998880042626377;1.0000000914421983;1.0000000885991094;0.9999531430752189;1.00000015179468;0.9999976949933213;1.00000015121707;1.0000002664386765;1.0000001009167327;0.9998884515508254;0.9998258565983595;0.9997388613598747;0.9999991092945913;1.0002163042641297;1.000242532312565;0.9998456507604968;0.9997744612388405;0.9999277649058345;0.9952766210833718;0.9934433010896528;0.9914279423451322;0.9904883190705842;0.9999011440287331;0.9897569933942549;0.9895302887340012;0.9897349107533799;0.989407264613028;0.9892046166482086;1.0000000814817323;0.9999161830801677;0.9998316948713258;0.9999422422094851;0.9999974610148156;1.024999976158142;
2016-01-29 13:30:00;0.9999052351218709;0.9998066938577476;1.0000001459774361;0.9999168807866489;0.9999741404201128;0.9999284207143176;1.0002068287162442;1.0000001030288899;0.9999066047127555;1.0000000875119441;0.9999303597177245;1.000000081744204;1.000000079406904;0.9999707858130531;1.0000001047031648;0.9999988349056392;1.0000001043889541;1.0000001513676051;1.000000082105625;0.9999326889823204;0.9998991046661163;0.9998348585093333;0.99999957148082;1.0001920158466622;1.0002137259328059;0.9999100703491037;0.9998585180062436;0.9999563829512861;0.9948355806915616;0.9927875958357106;0.9905572763346009;0.9894812800800413;0.9999360672947283;0.9884477428852354;0.9881806713886329;0.9887524377993747;0.9884266691301703;0.9882128297217823;1.0000000731296532;0.9999456672474933;0.9999026063340394;0.9999646133977708;0.9999981177999455;1.024999976158142;
2016-01-29 13:45:00;0.9998536164634027;0.9997748635078385;1.0000001930630589;0.9998783725400346;0.9999715135252903;0.9998998022434386;1.0002228002096587;1.0000001215899907;0.9998887904137613;1.0000000973535004;0.9999101265072751;1.00000008294802;1.000000080889966;0.999963509250228;1.0000001240827716;0.9999983916973213;1.0000001238151597;1.0000002026364196;1.0000000889611635;0.9999043693963492;0.9998284459730011;0.9997919733274686;0.9999990410725154;1.00020694569799;1.0002314007933018;0.9998547005199161;0.9998152123659041;0.9999398031768413;0.9952698001530181;0.9934368177692035;0.991419747249147;0.9904783029232775;0.9999294947996215;0.9897304027449064;0.9895050964777609;0.989733789490181;0.9894459685816102;0.9892548638095089;1.0000000750415956;0.9999405952710952;0.9998350676511644;0.9999527539460741;0.9999988875495323;1.024999976158142;
2016-01-29 14:00:00;0.9998302858936917;0.9997173900557956;1.000000222663237;0.9998611609571524;0.9999676223577353;0.9998877274584311;1.0002332674682577;1.000000132139936;0.9998789588761591;1.00000010235997;0.9998953124075671;1.000000082296571;1.0000000804281979;0.9999549599384218;1.0000001355844255;0.9999981389324185;1.000000135016649;1.0000002344994747;1.0000000920012897;0.9998943548770511;0.9998040953045657;0.9997571096464379;0.999998911330857;1.000216566217826;1.000242485051489;0.9998359069891949;0.9997848449704705;0.9999316485352839;0.9956699390082322;0.9940021581539772;0.9921823793505018;0.9913481325085132;0.9999168896904014;0.9906295851022499;0.9904141981501539;0.9907265012360817;0.9904794400608657;0.9903199618426133;1.0000000751346005;0.9999295987296457;0.9998128432929071;0.9999498368220053;0.9999973201328891;1.024999976158142;
2016-01-29 14:15:00;0.9997896453657938;0.9996602913377586;1.0000003446513102;0.9998242387878573;0.9999559322833517;0.9998533147966219;1.0002483016631536;1.0000001824401008;0.9998303136029741;1.0000001323377494;0.9998685295998242;1.0000000906793016;1.0000000893533398;0.9999455609061747;1.0000001868633577;0.9999982199556516;1.0000001862643402;1.0000003662388857;1.0000001146904876;0.9998597189494324;0.9997563948041435;0.9996897493484965;0.99999882764289;1.0002307432047892;1.0002582301250373;0.9997929549924826;0.9997266169112323;0.9999115163319916;0.9956946442378702;0.994059565885869;0.9923271592569093;0.9915578134343395;0.9998911765750342;0.9908232746464013;0.9905777427673957;0.9910336357539352;0.9908707132801485;0.9907614258140198;1.000000086510137;0.999908166990106;0.9997659160622286;0.9999295891356469;0.9999980421883861;1.024999976158142;
2016-01-29 14:30:00;0.9998269563608202;0.9996784030954273;1.000000236147246;0.9998455175518849;0.9999502110622037;0.9998622410411753;1.0002305476152555;1.0000001313599007;0.9998110114679182;1.0000000999496181;0.9998747893200257;1.000000073111959;1.0000000724339508;0.9999508630826315;1.0000001333462385;0.99999868995514;1.000000133072106;1.0000002503415115;1.000000088981475;0.9998664958719277;0.9998099551247246;0.9996965948195095;0.9999993231413538;1.0002142164955847;1.0002387219055346;0.9998290832887685;0.9997398071753291;0.9999174323113205;0.9960472258472373;0.9945578888740847;0.9929933013318709;0.9923083281782391;0.9998823212894801;0.9916294933428366;0.9913969643967475;0.9918586018891795;0.9917365315091473;0.9916463776854734;1.0000000717779767;0.9999005988893784;0.9998150055023587;0.9999260509195712;0.9999988097332512;1.024999976158142;
2016-01-29 14:45:00;0.9998696221543073;0.9997456068072139;1.0000001887935643;0.999882064338514;0.9999598476569594;0.9998933440085899;1.0002241789053532;1.0000001105305474;0.9998488607455358;1.0000000872339263;0.9999023463111569;1.0000000675249692;1.000000066921787;0.9999616763167456;1.0000001117872932;0.9999991562217727;1.0000001115932708;1.0000001995139918;1.0000000790624772;0.9998965854049462;0.9998592566943642;0.9997611268589687;0.999999589404015;1.000208512747858;1.0002315005863749;0.9998719186108533;0.9997964838433048;0.999936006149326;0.9962082248919556;0.9947916636978765;0.9932949105192859;0.992646743871731;0.9999054532128356;0.9920474539748593;0.9918319542235817;0.9921917704896726;0.9920750023478198;0.9919929473323504;1.0000000662692954;0.9999200641855376;0.9998627451274896;0.9999417303340798;0.9999989895462243;1.024999976158142;
2016-01-29 15:00:00;0.9998720097173199;0.9997441562673218;1.0000001648226906;0.9998853160378385;0.9999609355149068;0.9998969331726476;1.0002205715198165;1.0000001008316135;0.9998544091056799;1.000000081468882;0.9999040839405838;1.0000000651851753;1.0000000646798421;0.9999618607734063;1.0000001021138802;0.9999992474476924;1.0000001018818614;1.000000173576394;1.0000000746881128;0.9999001654472072;0.9998619364096987;0.9997648045558015;0.9999996002044744;1.0002052341349332;1.000227743168667;0.9998753546542818;0.9997995215936182;0.9999379678839169;0.9962285830892234;0.9948094448474885;0.9933728852484439;0.9927530875107897;0.9999071980455043;0.9921147893932903;0.9918570430286986;0.992362579261173;0.9922897558807099;0.9922550996297519;1.000000063984647;0.9999214395017026;0.9998657862931559;0.9999442825027831;0.9999986311886272;1.024999976158142;
2016-01-29 15:15:00;0.9998975845678276;0.9998094123389717;1.0000001366680698;0.9999077402283937;0.9999713356672522;0.9999187864233935;1.0002147143674198;1.0000000893485392;0.9998920730901923;1.000000073901428;0.9999250889762312;1.000000061729742;1.0000000612368758;0.9999703338409118;1.0000000906123252;0.9999985717568703;1.000000090438549;1.000000142904712;1.000000068687267;0.9999227467321633;0.9998894922527154;0.9998237035095056;0.9999994780572095;1.0001991901213672;1.000222017382109;0.9998993804247133;0.9998487937434742;0.9999511926003283;0.9964122488555872;0.9950859995756017;0.9937161516760512;0.9931375120322015;0.9999316394934347;0.992546256529898;0.9923235372406847;0.9927697531581329;0.9926971866125132;0.9926699872568803;1.0000000604654304;0.9999421946868836;0.9998922175309153;0.9999577779067571;0.9999990674166426;1.024999976158142;
2016-01-29 15:30:00;0.9998709976143;0.9997659872349893;1.000000174049422;0.9998811668679559;0.999965009996874;0.9998967985345112;1.0002254967950441;1.0000001099167146;0.9998683692391623;1.000000084548782;0.9999044785479507;1.0000000655316021;1.0000000650152812;0.9999619036413736;1.0000001133586847;0.9999968629186091;1.000000113005411;1.0000001812584602;1.0000000767458517;0.9999042712734925;0.9998645291544087;0.999785696339775;0.9999990837932018;1.0002078290651095;1.0002341507265173;0.9998731698336581;0.9998162781212696;0.9999378524958078;0.9964000918941952;0.9950673511977154;0.993681349236647;0.99309564644528;0.9999160022806801;0.9924502018980652;0.9922326957476761;0.9927554767421948;0.9926870916207333;0.9926591044284496;1.0000000646281832;0.9999289586201185;0.9998670095214292;0.9999483306897863;0.9999986960615924;1.024999976158142;
2016-01-29 15:45:00;0.9998898276173285;0.9998224009787899;1.0000001255155424;0.9998994809422816;0.9999763667717313;0.999917398806461;1.0002134033237637;1.0000000911328844;0.9999104662401344;1.0000000733963228;0.999922831639334;1.0000000618871479;1.000000061381091;0.9999687377784352;1.000000094598006;0.9999957585464797;1.0000000942840694;1.0000001286620808;1.0000000684154045;0.9999264737689332;0.9998837731661456;0.9998421129687822;0.9999987938396885;1.0001956842698638;1.0002224089697915;0.9998912779903034;0.999862233115337;0.9999501395313164;0.9963422512126742;0.9949761092649526;0.993580911823254;0.9929840338542483;0.9999412857248833;0.9923698200079112;0.9921299190897462;0.992607635849093;0.9925363903077878;0.9925111811029292;1.0000000605507964;0.9999503582190357;0.9998858575544556;0.9999632609413706;0.9999986937907088;1.024999976158142;
2016-01-29 16:00:00;0.9998747575256918;0.9997612689472839;1.0000001603427846;0.9998828523689263;0.9999621181761986;0.9998954998325461;1.0002196176179357;1.000000103350673;0.9998574225950949;1.000000081772749;0.9999032827182122;1.0000000651273195;1.000000064662463;0.9999623292872685;1.0000001059269819;0.999997446277143;1.0000001056692327;1.0000001671117054;1.0000000749735976;0.9999015151538301;0.9998696618267;0.9997770058772113;0.9999992695538832;1.0002027816555121;1.0002276362895075;0.9998764433243666;0.9998102903702138;0.999937308448166;0.9961756012218487;0.9947514276012777;0.9932511689541851;0.9926037858238678;0.9999105228487543;0.9918788094814373;0.9916591686951245;0.992235692429565;0.9921746166378506;0.9921513702255514;1.0000000643072315;0.9999243462511651;0.9998716011768392;0.9999449120722063;0.9999989724106295;1.024999976158142;
2016-01-29 16:15:00;0.9998938097802791;0.9998111624409218;1.000000138720161;0.9999038124615993;0.9999729012803538;0.9999175859489075;1.0002148089023193;1.0000000940140963;0.9998980680926607;1.0000000763877097;0.9999233856329184;1.0000000629445056;1.0000000625570564;0.9999692585246113;1.0000000963909677;0.9999974830361495;1.0000000961283404;1.0000001439257336;1.0000000708625412;0.9999236396107843;0.9998867974725913;0.9998287044539399;0.9999992205148595;1.000198384500602;1.000222782568411;0.9998957474974024;0.9998523002933676;0.9999503352100361;0.9962050815361628;0.9947968540408606;0.9933340926828181;0.9927085572204011;0.9999343471923866;0.9919038582628147;0.9916729280810023;0.9924240388235676;0.9923691791923237;0.9923463378686979;1.0000000621041418;0.9999444658018424;0.999889314142598;0.9999596093370551;0.9999988435241703;1.024999976158142;
2016-01-29 16:30:00;0.9998887920586909;0.9998049549231234;1.0000001422466944;0.9999001710922791;0.9999723893526101;0.9999148701230811;1.0002137974152903;1.0000000963246487;0.9998958659590929;1.0000000783773355;0.9999209872871575;1.0000000646259368;1.0000000642032385;0.9999682716634472;1.0000000987173934;0.9999974827924358;1.0000000984479152;1.0000001476680214;1.0000000726904141;0.9999209242809889;0.9998802268256336;0.9998230025028226;0.9999991839175041;1.000197477579526;1.0002218300803327;0.9998907069533269;0.9998469203508932;0.9999487139927516;0.9959592474349251;0.9944959107072219;0.9929922869790339;0.9923717605768297;0.9999329351599968;0.9916177763139905;0.9913669237111004;0.9920592860921871;0.9920049000609782;0.9919844299053888;1.000000063602598;0.9999432865415905;0.999883115794177;0.9999584911440106;0.9999988102093366;1.024999976158142;
2016-01-29 16:45:00;0.9998997643440701;0.9998003866883736;1.0000001385915618;0.9999080197602868;0.9999696719975815;0.9999181234210531;1.0002131061864301;1.000000091086813;0.9998875439016915;1.0000000750617304;0.9999231188011419;1.0000000619238438;1.0000000615688023;0.9999693050125216;1.0000000925334893;0.9999984685880655;1.0000000923230026;1.000000144685649;1.000000069711954;0.9999225213967552;0.9998951446933346;0.9998187243747046;0.9999995271947745;1.0001975346160965;1.0002202671829097;0.9999025791915708;0.9998458449438521;0.9999506320730579;0.9962384038559071;0.9948775752572795;0.9934978226293238;0.9929357102944326;0.9999276033681841;0.9922202465760405;0.991974547513937;0.9926748126243288;0.992633179424566;0.9926248954747809;1.0000000612896094;0.9999386741288965;0.9998974366426372;0.999957029110325;0.9999987886797486;1.024999976158142;
2016-01-29 17:00:00;0.9998917933552582;0.9997944237892368;1.000000147824771;0.9998982500918877;0.9999690641381784;0.9999112187004192;1.0002170105479553;1.000000097734013;0.9998850807239383;1.0000000776596962;0.9999164982015604;1.0000000623614724;1.0000000620012328;0.9999665659415023;1.0000001004686694;0.9999968984936022;1.0000001001630332;1.0000001534078995;1.0000000714994797;0.9999185386153435;0.9998899823080215;0.9998147838335505;0.9999991924982691;1.0001998563044998;1.0002251533084419;0.9998943986890085;0.9998422967438475;0.9999464148333173;0.9963680639808197;0.9950363424266098;0.9936946874808968;0.9931406063512974;0.9999256182109731;0.9924278785221557;0.9921817271293893;0.9928885470450524;0.992847675211363;0.9928397993362288;1.000000061929098;0.9999369998289892;0.9998914971331707;0.9999556469930418;0.9999986485619865;1.024999976158142;
2016-01-29 17:15:00;0.9999014661537164;0.9998158652419191;1.0000001310017244;0.9999072202454099;0.9999719298036884;0.9999189304948443;1.000212719866623;1.0000000898893762;0.9998950527772323;1.0000000732049967;0.9999241493731337;1.0000000606596975;1.000000060318497;0.9999699753499043;1.0000000921550425;0.999997163326588;1.000000091921461;1.0000001356249582;1.0000000681034515;0.9999254242898653;0.9998992726502874;0.9998320360783759;0.9999992538989134;1.0001960737324687;1.0002205717432482;0.9999032792608226;0.9998568195357818;0.9999511915885625;0.9963976290224418;0.9950806001911945;0.9937494240004098;0.9932008571198492;0.9999328186250407;0.9925138140685408;0.9922732341594592;0.9929386089912627;0.9928947874141846;0.9928845462206815;1.0000000601354366;0.9999431435281699;0.9999005546585279;0.9999592601803322;0.9999989378406173;1.024999976158142;
2016-01-29 17:30:00;0.9998959769539456;0.9997836849817903;1.0000001500697409;0.9999027354960649;0.9999668385891373;0.9999128522577423;1.0002169350579992;1.0000000964070241;0.9998782819835241;1.0000000777884746;0.9999172643238284;1.0000000626330103;1.0000000622698904;0.9999667195316285;1.000000098239728;0.9999981108388989;1.0000000979718486;1.000000156697516;1.000000071687537;0.9999182143514773;0.9998944030541838;0.9998061410113198;0.9999995040211861;1.0002007527020649;1.0002242892160094;0.9998996953677576;0.9998362070062528;0.9999473101957564;0.9963141774429559;0.9949418743575315;0.9935733516833204;0.9929958469897521;0.9999207634335889;0.9922307880831069;0.9919678046174413;0.9927482953699752;0.99270674453087;0.9926976718015298;1.0000000621911924;0.9999328026901186;0.9998963205248241;0.9999542040083308;0.9999985044996624;1.024999976158142;
2016-01-29 17:45:00;0.9999243329808686;0.9998412246413422;1.0000001080745893;0.9999287251341185;0.9999766286806849;0.999937237766952;1.0002023670089601;1.000000080016729;0.9999152765707274;1.0000000685104713;0.9999390340151805;1.0000000597548384;1.000000059454759;0.9999751934012315;1.0000000816027592;0.9999980512741048;1.000000081385561;1.0000001112384471;1.000000064902587;0.9999423242715488;0.9999249278415759;0.9998617302692548;0.9999995304883889;1.0001870829820683;1.0002092332698378;0.9999276481036562;0.9998831622901975;0.9999619161783062;0.9961044814617404;0.9946553919130353;0.9931564952078586;0.9925097486317235;0.9999433952966444;0.991740905927466;0.9914990108735464;0.9921724583764097;0.9921299672152805;0.9921213093357711;1.000000059164975;0.9999519229219446;0.9999261478654529;0.9999683238549576;0.9999986362106824;1.024999976158142;
2016-01-29 18:00:00;0.9999258663369093;0.999858506682614;1.0000000927296673;0.999931712322323;0.9999813069957663;0.9999428697226672;1.0001985616425522;1.0000000734045096;0.9999324344052388;1.0000000641172506;0.999944026797607;1.0000000576077464;1.0000000573420698;0.9999767129390956;1.0000000750980018;0.9999973780675324;1.0000000748813385;1.0000000946485414;1.0000000613618012;0.9999491044897306;0.999925094245149;0.9998807470830895;0.999999315517643;1.0001830415885717;1.000205835830646;0.9999290179576574;0.9998977164044526;0.9999652053374875;0.9962805535390408;0.9949144393801286;0.9935211648411817;0.9929357020550945;0.9999532635636821;0.9922021792192439;0.991960945105512;0.9926560015797941;0.9926146766390864;0.9926068026125016;1.0000000569442247;0.9999602803325897;0.9999265846981639;0.9999739904368383;0.9999985140616111;1.024999976158142;
2016-01-29 18:15:00;0.9998868287978963;0.9997616572545801;1.0000001439830428;0.9998941398023296;0.9999640439640989;0.9999056304640982;1.0002164314377042;1.000000095060252;0.9998688189202465;1.0000000768507369;0.9999093518715767;1.000000062340903;1.0000000620181564;0.9999633460972097;1.0000000973099734;0.9999977353777466;1.0000000969777743;1.0000001497279147;1.0000000710391481;0.9999118299397329;0.9998859468202566;0.9997890965301794;0.9999994122035939;1.0001999783990398;1.0002240019654418;0.9998913582945638;0.9998218471690096;0.9999428481478443;0.9963352959743541;0.994901683992608;0.9934587965077597;0.9928030938138144;0.9999136235408862;0.9919449461279819;0.9916791601002153;0.9925148505946896;0.9924738898743405;0.9924656072569261;1.0000000619589196;0.9999266938830427;0.9998880294191834;0.9999509258317749;0.9999981578918524;1.024999976158142;
2016-01-29 18:30:00;0.9999186743955043;0.9998198933184986;1.0000001157659884;0.9999258037153892;0.9999732149622884;0.9999330172441363;1.000206893785404;1.0000000809598637;0.9999030600720459;1.0000000696600049;0.9999351562030336;1.0000000600676306;1.0000000597804248;0.9999735427146844;1.0000000818558743;0.9999992962988676;1.0000000816604195;1.0000001203445783;1.000000065742594;0.9999360800766387;0.9999163402791023;0.9998417706379602;0.9999997781920446;1.0001923647780353;1.0002132434306104;0.9999227691241646;0.9998664537689974;0.9999593574490608;0.9962170084335092;0.9947565627337783;0.9932720113232725;0.9926033769923837;0.9999356275494357;0.9917150892686144;0.9914540438325525;0.992318476070475;0.9922768628375906;0.9922674158536475;1.0000000595042118;0.9999453194400088;0.9999186037262974;0.999964144923661;0.999998540835971;1.024999976158142;
2016-01-29 18:45:00;0.9999049129013358;0.9997720646183437;1.0000001357702306;0.999914165323676;0.9999676354068805;0.9999225858854863;1.0002133976790233;1.0000000889175347;0.9998859521133359;1.0000000745701496;0.9999227119859309;1.0000000620197638;1.0000000616933422;0.9999672387198244;1.0000000899381292;0.9999994823958483;1.0000000896455676;1.0000001419838978;1.000000069487526;0.999926345592482;0.9999040674057476;0.9998082499050163;0.9999998374106777;1.0001985660529267;1.0002197961857395;0.9999121972288144;0.999838920010277;0.9999525561989143;0.9962206719972879;0.99474632302267;0.9932483090007688;0.9925656850388495;0.9999210222001005;0.9916534992307836;0.9913894953758707;0.9922784531450798;0.9922378223918079;0.992229541749047;1.0000000614812008;0.999932714346384;0.9999072847019026;0.9999590091321724;0.999997555160931;1.024999976158142;
2016-01-29 19:00:00;0.999923110643319;0.9998124921582083;1.000000105151471;0.9999296719551517;0.9999727157347534;0.9999359004964608;1.000207628111494;1.0000000742750792;0.9999036435321081;1.0000000647976004;0.9999359549904414;1.0000000567734315;1.0000000565176095;0.9999731889518606;1.0000000749492053;0.9999995586931982;1.000000074756002;1.000000109285383;1.0000000614759603;0.9999388996539653;0.9999233065755072;0.9998409462507073;0.9999998866655129;1.0001932208531463;1.000213719517498;0.999928869720294;0.9998667909836264;0.9999608007460926;0.9967504843194003;0.9954763870919933;0.9941906876668699;0.9936076862824794;0.9999338713685844;0.9928879121196106;0.9926538041972395;0.9933218783495698;0.9932800588919055;0.9932709809081716;1.0000000562667923;0.9999436763377878;0.9999256370299568;0.9999654802829818;0.9999980840247241;1.024999976158142;
2016-01-29 19:15:00;0.999928853178475;0.999830946289521;1.000000090561775;0.9999373758623069;0.9999776356515697;0.9999449854353445;1.0002037986442196;1.0000000685768677;0.9999223382337673;1.0000000614504923;0.9999438423831042;1.000000055677655;1.0000000554329815;0.999975666372753;1.000000069322145;0.9999995226448765;1.0000000691074167;1.0000000934085658;1.0000000589569618;0.9999481031891795;0.9999273112037333;0.9998619970749072;0.9999998248990929;1.0001896718205059;1.0002099149879438;0.9999349614718808;0.9998833842604846;0.9999661008652705;0.9967866117291314;0.9955167382427499;0.9942532047910166;0.9936760951689118;0.9999443334909769;0.9929526065053406;0.9927072868822329;0.9934006800964188;0.9933604335706769;0.9933517649302043;1.000000054980751;0.9999524955655449;0.99993021524151;0.9999721707264312;0.9999978982071487;1.024999976158142;
2016-01-29 19:30:00;0.9999393856423145;0.9998497983184014;1.000000090549492;0.999944383996148;0.9999776958877444;0.9999486884412886;1.00020134832844;1.0000000685216979;0.9999209520276959;1.0000000616718314;0.99994881804155;1.0000000558645845;1.000000055643099;0.9999788208196081;1.0000000689728372;0.9999998455804655;1.0000000688385433;1.0000000935369753;1.0000000592384408;0.9999506621947036;0.999939458855781;0.9998712440874045;0.9999999674982043;1.0001875867606898;1.0002070560628324;0.9999438102410363;0.9998923488371145;0.999968695025305;0.9966542262339536;0.9953327488282168;0.9940032976036426;0.9933920303477993;0.9999462990465495;0.9925508647677143;0.9923053487861667;0.9931514381993617;0.9931120995587163;0.9931030231131032;1.0000000553577169;0.9999542803228437;0.999941267440168;0.999971731242404;0.999998567884582;1.024999976158142;
2016-01-29 19:45:00;0.9999399284734013;0.9998606924806518;1.0000000814904284;0.9999447455739089;0.9999799951505655;0.9999505559949299;1.0002003666088837;1.0000000645591494;0.9999289698082598;1.0000000587288143;0.9999506677322082;1.00000005409106;1.0000000539037823;0.9999795410898314;1.0000000651415077;0.9999991891179786;1.0000000650173861;1.0000000836573977;1.0000000567656886;0.9999535562518561;0.999940043396538;0.9998816333771338;0.9999997977958572;1.0001861516083375;1.0002064623673121;0.9999438607631782;0.9999004309142424;0.9999698337620605;0.9970256639824207;0.9957902191376069;0.9945315945017483;0.9939189182439276;0.9999513236261032;0.9930585486451425;0.9928394760632271;0.9936895626755659;0.9936511499032183;0.9936416898051909;1.0000000536436116;0.9999585633642654;0.9999416389033898;0.9999742088925927;0.9999986018890585;1.024999976158142;
2016-01-29 20:00:00;0.9999302206820255;0.9998383506999547;1.000000089131668;0.9999367412517085;0.9999769797729902;0.9999433565923552;1.0002059698041823;1.0000000669218636;0.9999182889684012;1.0000000599174628;0.9999436702849864;1.000000054122972;1.0000000539365643;0.9999764773911691;1.0000000675068899;0.9999993509285634;1.0000000673563996;1.0000000920819607;1.0000000575066297;0.9999463585330838;0.9999292504307586;0.9998626858021158;0.9999998082230931;1.000191534307712;1.0002121885923867;0.9999348994657385;0.9998843024658203;0.9999654097519948;0.9972380903085546;0.996066271993707;0.9949032015817745;0.9943302546387236;0.9999439318810509;0.9934865232656709;0.9932582568283636;0.9941425076481084;0.994105280079836;0.994096194539246;1.000000053724653;0.9999522686715042;0.999931421997297;0.999970290907252;0.9999983656306105;1.024999976158142;
2016-01-29 20:15:00;0.9999412221300301;0.99985594824507;1.0000000749710989;0.9999475945046261;0.9999804298444469;0.9999533162888343;1.0001994891816481;1.000000060793977;0.9999319999575469;1.0000000562903542;0.9999521384752144;1.0000000526494783;1.0000000524919195;0.9999795110795394;1.000000061195518;0.9999996495437968;1.0000000610798578;1.0000000768641368;1.0000000547205068;0.999955784835856;0.9999407412235805;0.9998816594664174;0.9999998884386644;1.0001857262014495;1.000205318399372;0.9999463221540151;0.9999004271816656;0.9999712834211978;0.9973450830798707;0.9962376921143686;0.9951524699253684;0.9946304692837825;0.9999516659331323;0.9938539264088797;0.9936289110256813;0.9944647651571903;0.9944280050840422;0.9944181270525377;1.0000000522267503;0.9999587590490561;0.999942967996393;0.9999758152163506;0.9999982715588517;1.024999976158142;
2016-01-29 20:30:00;0.9999373705405993;0.9998553308679968;1.0000000771845226;0.9999437016211744;0.9999793339204437;0.9999494285153974;1.000201648510457;1.0000000613895696;0.9999263656235465;1.000000056476104;0.999949800202999;1.000000052458978;1.000000052311415;0.9999791886659367;1.0000000617876506;0.9999996155970914;1.0000000616820384;1.000000079333374;1.0000000547749424;0.999951663363702;0.9999356036184618;0.9998761990182319;0.9999998600826366;1.0001877307959735;1.0002076038454164;0.9999413800535;0.9998955285441575;0.9999691739788703;0.9974746212972738;0.9964368753147768;0.9954165443531737;0.9949374291600158;0.9999498011878616;0.9942173473175309;0.9940086864034295;0.9947903476120693;0.9947551735898711;0.994746492753836;1.0000000520906345;0.9999572835548813;0.999937694311883;0.9999731557779007;0.9999986048699419;1.024999976158142;
2016-01-29 20:45:00;0.999939009156039;0.9998577202858976;1.0000000821530215;0.9999441856948209;0.9999787682658513;0.9999490372166797;1.0002022743558814;1.000000063762927;0.9999238100298223;1.0000000580502957;0.9999499310358977;1.000000053291185;1.000000053130428;0.9999795732255568;1.0000000641681435;0.9999996503642404;1.000000064064901;1.0000000846630834;1.0000000560676272;0.999951098537618;0.9999379512080818;0.9998759870364372;0.9999998935375286;1.0001883180344195;1.0002081749160598;0.9999425768816266;0.9998957699564611;0.9999690396185148;0.997259033522771;0.9961403726836286;0.9950403890584391;0.9945245342180878;0.9999490261501017;0.9937300111153753;0.9935052040183016;0.9943793040538746;0.9943435977142474;0.9943349204768364;1.0000000529393844;0.9999566612476627;0.9999396834526008;0.999972232728018;0.9999987857551953;1.024999976158142;
2016-01-29 21:00:00;0.9999346315080385;0.9998520492070565;1.0000000809606353;0.9999406916854551;0.9999793873777336;0.9999476631893442;1.0002024325250902;1.000000063809765;0.99992694586458;1.0000000579365704;0.9999477156869847;1.0000000532769964;1.00000005311253;0.9999781047214407;1.0000000644528702;0.9999990723931955;1.0000000643127538;1.000000083140946;1.0000000559781863;0.9999510120626067;0.9999339008181856;0.9998753729442392;0.9999997418828165;1.0001880095351485;1.0002087160892867;0.9999389339907913;0.9998947080845483;0.9999680179155084;0.9972832865504585;0.9961581033254854;0.9950498187796657;0.9945205294429108;0.9999494390240785;0.9936960915351749;0.9934712478717114;0.9943778166864276;0.9943426009163561;0.9943335132019222;1.0000000528889865;0.999956947792909;0.9999358579610841;0.9999733140999242;0.9999984347203332;1.024999976158142;
2016-01-29 21:15:00;0.9999285542820268;0.9998271432241016;1.0000000868811407;0.9999364754935959;0.9999765780274515;0.9999435565743189;1.0002069651708454;1.0000000652880465;0.9999185263608762;1.000000058619241;0.9999424944972732;1.000000053101275;1.0000000529423998;0.9999752634390552;1.0000000658723573;0.9999995712225244;1.0000000657117007;1.0000000897604986;1.00000005632888;0.9999465964160895;0.9999276632293239;0.9998579113180454;0.9999998514978222;1.0001926480546492;1.000213097346027;0.9999346766536081;0.9998803257205636;0.9999652610773001;0.9975076829234115;0.9964790631828331;0.9954796931191346;0.9950109843191639;0.999942110661123;0.9943014538790654;0.9940867292564632;0.9948705721038951;0.9948367545600172;0.9948276623210688;1.0000000527698867;0.9999506113422407;0.9999304130691795;0.9999709006061858;0.9999979218157832;1.024999976158142;
2016-01-29 21:30:00;0.999920475698229;0.9997906006111901;1.0000000889771936;0.9999313733988542;0.9999745103366314;0.9999405667909552;1.000208247881443;1.0000000664220154;0.9999156493330628;1.0000000594742362;0.9999356969724361;1.0000000537335165;1.0000000535467721;0.999970545573789;1.0000000671806555;0.9999996229013937;1.0000000669290723;1.0000000919050351;1.000000057041778;0.9999446859374463;0.9999211871427753;0.9998400821191369;0.9999998630763344;1.0001938880925174;1.0002143872945721;0.999930571880338;0.9998655476848207;0.9999627191035634;0.9973773884257638;0.9962995905160824;0.9952682819798951;0.9947869023592256;0.9999346991131772;0.9940508893977751;0.993815390921669;0.9946476810848186;0.9946137071338539;0.9946042378547955;1.0000000532467768;0.9999440123377671;0.999925187387871;0.999971251692996;0.9999966278613079;1.024999976158142;
2016-01-29 21:45:00;0.9999351833994445;0.9998348782146528;1.00000008439074;0.9999417368200316;0.9999772324034536;0.9999474634712461;1.0002066111483074;1.0000000640379596;0.9999213197334345;1.0000000579339428;0.9999459678235734;1.0000000528303536;1.00000005267232;0.9999766832853307;1.0000000645554137;0.9999997370511143;1.000000064381778;1.0000000871175938;1.0000000557980302;0.9999501687206875;0.9999357852465034;0.9998649182868868;0.9999999300960734;1.0001924171681502;1.0002125418799297;0.9999413700050218;0.9998869103516989;0.9999676056267174;0.9975767052322215;0.9965367574539638;0.995563581672092;0.9950887582371719;0.9999439212868411;0.9943586387481929;0.9941167907233829;0.9949542539035365;0.9949196618511889;0.9949093997287829;1.000000052486212;0.9999521228836884;0.9999381938059236;0.9999723626653056;0.9999979662229858;1.024999976158142;
2016-01-29 22:00:00;0.9999316853207437;0.9998341104198266;1.0000000836402685;0.9999390653892904;0.9999781783506383;0.9999465980776204;1.0002069553211763;1.0000000640633682;0.9999249382996555;1.0000000577896124;0.999944867784451;1.000000052705429;1.0000000525540758;0.9999759362543772;1.0000000647426406;0.9999992533728105;1.0000000645570255;1.0000000861609435;1.0000000556638897;0.9999502688125081;0.9999319089547511;0.9998664640336735;0.9999997916803187;1.0001923674515574;1.0002132380434654;0.9999380457842957;0.9998875330066364;0.9999669974276663;0.997609198789423;0.9966065615746005;0.9956550393490157;0.9952038312113927;0.9999454635382222;0.9945160522358323;0.9942916960127872;0.9950718985168331;0.995039150647542;0.9950296773105454;1.0000000523665353;0.9999534155606578;0.9999344820841495;0.9999733769504036;0.9999978073776417;1.024999976158142;
2016-01-29 22:15:00;0.9999473518752456;0.9998703284876701;1.000000067483463;0.9999550284259487;0.9999844643006366;0.9999616289177122;1.0001982016530289;1.000000057287726;0.9999479224296492;1.0000000539460454;0.9999591179464311;1.0000000513506924;1.0000000512270755;0.9999815040021157;1.0000000577129382;0.9999996568681984;1.0000000575855077;1.0000000687933546;1.0000000527915178;0.9999642963776365;0.9999462893040187;0.9998997207212481;0.9999998651200892;1.000184555052376;1.0002040405829256;0.9999531705539939;0.9999150183291161;0.999976058213131;0.9977426815271526;0.9967837328725571;0.9958899294255349;0.9954612180211179;0.9999600987709772;0.9948119364005045;0.9945865296923863;0.995332990435998;0.9952977827522931;0.9952846076173346;1.000000050957845;0.9999658288067108;0.9999489571280163;0.999981784786587;0.9999980111746;1.024999976158142;
2016-01-29 22:30:00;0.9999395662297499;0.9998581157386456;1.0000000724237588;0.9999473615914517;0.9999826893074851;0.9999553018177061;1.0002012159125764;1.0000000595871217;0.999941190471566;1.000000055173488;0.9999532028675094;1.0000000517722023;1.0000000516376846;0.999979169224796;1.000000060173345;0.9999991742208878;1.000000060026427;1.000000074023069;1.0000000537035345;0.99995890736768;0.9999387215402318;0.999888737709263;0.999999745728971;1.0001869777626233;1.0002074414019535;0.9999454007139453;0.9999055482995965;0.999972249772432;0.9976626076227348;0.9967024005560556;0.9958058788693738;0.9953939970879991;0.9999557539501959;0.9947830623100612;0.9945583935576162;0.9952620210106433;0.9952208376926717;0.9952006032994981;1.0000000513911116;0.9999621572255003;0.9999413420943463;0.9999790289747357;0.9999979280431316;1.024999976158142;
2016-01-29 22:45:00;0.9999600756778524;0.9998937888758858;1.0000000607684836;0.9999663854416516;0.999988064394799;0.9999716994732407;1.0001926103433711;1.0000000545010057;0.9999615598757079;1.0000000524056902;0.9999683306823419;1.0000000508047864;1.0000000507065143;0.9999851106230527;1.000000054784775;0.9999997837743075;1.0000000546912788;1.0000000615640037;1.0000000516652343;0.9999740145937478;0.9999602610510026;0.9999218112903253;0.9999999281470766;1.000179415029034;1.0001981401233162;0.9999657420125919;0.9999339970172205;0.9999820939510391;0.9977494291527342;0.9968154114479566;0.9959469040885933;0.9955422485292107;0.999968610390817;0.9949432198550485;0.9947222868635761;0.9954117760099929;0.9953736985625345;0.9953526707916327;1.0000000504697166;0.9999730209561181;0.9999625591980031;0.9999871425904734;0.9999981080022409;1.024999976158142;
2016-01-29 23:00:00;0.999937428066255;0.9998635459028586;1.0000000691739142;0.9999467484167615;0.9999837678848544;0.9999554529199587;1.0002000345652335;1.0000000581018311;0.9999439748828759;1.000000054294736;0.9999542323481367;1.0000000513166454;1.000000051215829;0.9999797893311826;1.0000000586273439;0.9999992538870095;1.000000058501969;1.0000000705788343;1.0000000530236777;0.9999586953388225;0.9999338971514347;0.9998913501689909;0.9999997067872262;1.0001859953063303;1.0002063077088053;0.9999425129615186;0.9999067859064751;0.9999724656053385;0.9977726664019468;0.9968501326584064;0.9960009244313717;0.9956097048352427;0.9999583545792636;0.995035133789537;0.9948111674266565;0.9954804444292089;0.9954450640158549;0.9954248250575229;1.0000000510025893;0.9999644354917072;0.9999368681696726;0.9999793901269897;0.9999981229553445;1.024999976158142;
2016-01-29 23:15:00;0.9999385349782448;0.9998730494359229;1.0000000661547603;0.9999500770682749;0.9999866179203637;0.9999598947426864;1.0001993635954893;1.000000056694526;0.9999544089050811;1.0000000534915934;0.9999584970632646;1.0000000510220588;1.0000000509237614;0.9999810787924026;1.0000000571749454;0.9999993989785748;1.0000000570519787;1.00000006736821;1.0000000524031867;0.9999629309360666;0.9999325047420681;0.9999017193286981;0.999999681021629;1.0001855451071238;1.0002056640252721;0.9999436968983219;0.9999144461910869;0.9999750642509794;0.9978972772314678;0.9970217549022606;0.996208997077827;0.9958334595714772;0.9999644056685421;0.9952905410215874;0.9950825087917624;0.9957034921632125;0.9956670628332089;0.9956458697348202;1.0000000506533935;0.9999695610431942;0.9999361239649206;0.9999828449546155;0.9999980610836608;1.024999976158142;
2016-01-29 23:30:00;0.9999453011061806;0.9998638670619374;1.000000068975404;0.9999528466359258;0.9999831046983327;0.9999591646157102;1.0002011405132325;1.0000000575957437;0.9999428978771147;1.0000000540123246;0.9999568562822047;1.0000000511052158;1.0000000510055103;0.9999807045898833;1.0000000580031443;0.9999997370705604;1.0000000578768524;1.0000000704715795;1.0000000527732475;0.9999617099799135;0.9999443926897132;0.9998931873188025;0.9999998899647116;1.0001873539726163;1.0002069991697744;0.9999511698722848;0.9999097403226826;0.9999745966991948;0.9978881384159544;0.9970132671878326;0.9962092165987618;0.9958414629264781;0.999957099233792;0.9953129214156529;0.9950996166219249;0.9957120554738538;0.9956753121597601;0.9956535924909364;1.00000005082768;0.999963289624173;0.9999470430959442;0.9999800087843462;0.9999980163404079;1.024999976158142;
2016-01-29 23:45:00;0.9999446611074285;0.9998684879513967;1.0000000665979951;0.9999523808116758;0.9999842360604018;0.9999596683118157;1.0002005739355386;1.0000000568173735;0.9999467657616656;1.0000000534731979;0.9999574202406599;1.0000000508852884;1.0000000507898623;0.9999809023844308;1.0000000572907182;0.9999993960005455;1.0000000571679208;1.0000000678261063;1.0000000523567592;0.9999627561268605;0.9999434807508107;0.9998976645597198;0.999999795368791;1.000186561479626;1.000206650288865;0.9999502759327155;0.9999130491643765;0.9999749063651603;0.9979528306562628;0.9971190952311014;0.9963456149330913;0.9960009708054353;0.9999595087909258;0.9955193542921368;0.9953208664842846;0.9958703298476189;0.9958339856537336;0.995812788997302;1.0000000505957929;0.9999653481460354;0.9999460917662689;0.9999811295530074;0.9999980267739489;1.024999976158142;
2016-01-30 00:00:00;1.0002580924050082;1.000208024866402;1.0003088170922962;1.0002654013889556;1.0002978301117251;1.000272581710383;1.0005002560084348;1.0003057372920647;1.0002696940440945;1.000305051229883;1.000274558810379;1.00030487748069;1.0003048779792885;1.0002904091834357;1.0003058857499543;1.000305067171328;1.000305853121022;1.000309305157429;1.0003049309624858;1.0002778112083994;1.000255201787776;1.0002294177892777;1.0003055232654403;1.0004865241247;1.0005063565505539;1.000262979289783;1.0002401433768184;1.0002849927744066;0.9984432484843441;0.9976694270752554;0.9969524964659658;0.9966264920685495;1.000279399274073;0.996177642800118;0.995993088319905;0.9964983269630066;0.9964635633586422;0.996443116073962;1.0003048882951515;1.0002837643543627;1.0002579305946315;1.0002939608823735;1.0003033915199069;1.024999976158142;
2016-01-30 00:15:00;1.0002469085483479;1.0001817906841257;1.0003113833601163;1.0002545855246634;1.0002950768675343;1.0002613421499216;1.0005039320280682;1.0003063690643015;1.000250956899246;1.0003052817900329;1.0002663307461537;1.0003048914698558;1.0003048861650654;1.0002872303496095;1.0003065325381755;1.000305966918909;1.0003064931701324;1.000312221159538;1.0003050508076115;1.0002675912471084;1.000243358258637;1.0002023300938294;1.0003062097326219;1.0004901761895213;1.0005100119375823;1.0002523917283432;1.0002180034467245;1.0002785017277678;0.9984575818734753;0.9977128030712388;0.9970105647586839;0.9967048834538927;1.0002696368808899;0.9962853817536075;0.9961158771958754;0.9965837736337756;0.996549080648817;0.9965290293993475;1.0003048779474828;1.000275988755475;1.0002464981873391;1.0002884858076722;1.0003034609803352;1.024999976158142;
2016-01-30 00:30:00;1.0002513357017855;1.0001706049582517;1.0003096356130068;1.000260718529944;1.000295364459818;1.000268612640933;1.0005052419242875;1.0003057057992861;1.0002623599863227;1.0003050033027652;1.0002680441125615;1.0003048923614242;1.0003049003141606;1.0002858136122763;1.0003058613057585;1.0003053789931666;1.0003058084958605;1.0003102786561702;1.000304897207807;1.000274903538589;1.0002505063184897;1.0002082503483425;1.0003055818279778;1.0004914449080584;1.0005112229087785;1.0002601987423942;1.0002232366692285;1.0002819405635346;0.9986598255313689;0.9979810713005163;0.9973218467662747;0.9970277132675085;1.00027040213294;0.9966474710672237;0.9965057178492988;0.9968951880478072;0.9968610878818235;0.9968410234574865;1.0003049353783398;1.000275998216295;1.0002543797895262;1.0002932755919527;1.00030227988094;1.024999976158142;
2016-01-30 00:45:00;1.0002563150731634;1.000183562474181;1.000308621707733;1.0002652972182062;1.000296397727935;1.000273066829307;1.0005022051682269;1.0003055621398043;1.0002691044804919;1.0003049798056503;1.000271634698287;1.0003048860176884;1.0003048921745767;1.0002875475818798;1.0003057107246174;1.0003051683482598;1.0003056642578547;1.000309103367885;1.000304893675891;1.000278680464933;1.0002554824612375;1.0002195286357083;1.000305426804569;1.0004885544835473;1.0005081326691279;1.0002644880338467;1.0002324638207787;1.00028463285179;0.9985590974045235;0.9978623614203723;0.9971881339785212;0.9968987072391615;1.0002744687795364;0.9965127775325958;0.9963656239601567;0.9967763430060045;0.9967417304780302;0.9967212712259658;1.0003049246426583;1.000279279813104;1.0002590687696848;1.000295079597835;1.0003023904783812;1.024999976158142;
2016-01-30 01:00:00;1.000272193482578;1.0002364065562737;1.0003051403858545;1.0002780547744505;1.0002983269104655;1.0002838164270649;1.0004923215254689;1.000304885051343;1.0002824462186517;1.0003050462355176;1.000282536990024;1.000305266411186;1.000305296840221;1.0002945018704636;1.0003048781133537;1.0003042498327552;1.0003048788686004;1.0003052080879176;1.00030515226576;1.0002861125566864;1.00026990142511;1.0002538069963687;1.000304623466879;1.0004792494991317;1.0004980155329057;1.000275310676437;1.0002604495376979;1.0002917402902711;0.9986095772512877;0.9979202285454547;0.997259238533934;0.9969673430682644;1.0002865095647602;0.9965751857829569;0.9964255741201041;0.9968459403955834;0.9968103360912172;0.9967895039745515;1.0003054105470384;1.0002891756662937;1.0002717527780394;1.0002966796459707;1.0003040778415306;1.024999976158142;
2016-01-30 01:15:00;1.0002736480912031;1.0002534697137229;1.000304879222305;1.0002792916482577;1.0002997219143932;1.0002851774629735;1.0004899742026976;1.0003050431326987;1.0002860961471303;1.0003053457362827;1.000285297478706;1.0003055858203225;1.0003056242242985;1.0002966766111854;1.00030500029578;1.0003042270737552;1.0003050054073064;1.0003048849534295;1.000305478835758;1.00028684069919;1.0002693694159004;1.0002629054078929;1.0003046834092044;1.0004769912859937;1.000495755032078;1.0002747344891085;1.0002673349263242;1.0002929885798817;0.9986858247997549;0.998053408451361;0.9974209161715872;0.9971555721820747;1.000291044696042;0.9968210103991947;0.9967010660557115;0.9970302385865076;0.9969929572663155;0.9969707530313723;1.0003057670319335;1.000293123967962;1.0002708712606747;1.0002969305433544;1.0003049539539146;1.024999976158142;
2016-01-30 01:30:00;1.000282095156726;1.0002652254749618;1.0003051544954797;1.0002867252029566;1.0003009149668733;1.0002908169940121;1.0004891593696208;1.0003057357665426;1.0002898089808507;1.00030615590543;1.000290513140313;1.0003064053063735;1.0003064601144118;1.0002995638574217;1.0003056720380499;1.0003053283591905;1.000305681959798;1.0003051083086696;1.000306325392053;1.0002912400620447;1.0002782933597059;1.0002719124968094;1.0003054879093884;1.0004766093349922;1.0004945789370765;1.0002827389430626;1.0002755358126905;1.0002967593775818;0.99888299545519;0.9983133850842149;0.9977339100814355;0.9974849898759883;1.000294107737702;0.9971858130915894;0.9970843094949648;0.9973573900855299;0.9973214040598302;0.9973006218203506;1.000306669274709;1.000295764123522;1.0002794926214271;1.0002987924011324;1.0003059709644295;1.024999976158142;
2016-01-30 01:45:00;1.000285856409473;1.0002697508439078;1.0003051901665756;1.0002897653690508;1.0003017908377627;1.0002935522323;1.0004876878401983;1.0003057317812447;1.0002935239256805;1.0003061500193497;1.0002926743644824;1.0003064906204016;1.0003065205954362;1.0003002202910338;1.0003056593648054;1.0003052541186712;1.0003056708665823;1.000305148543352;1.0003063133948822;1.0002942010774352;1.0002832785293607;1.0002776363519346;1.000305487019467;1.0004751651734811;1.0004930473555866;1.0002868165672194;1.0002806840147986;1.0002983253447035;0.9988344666122542;0.9982606277354742;0.9976844254346142;0.9974460614164361;1.000295949694437;0.9971338306463686;0.9970266395427814;0.997341452401432;0.9973178622576453;0.9972981472611671;1.000306641044003;1.0002972929304197;1.0002843068336533;1.0003004669734012;1.0003059597386754;1.024999976158142;
2016-01-30 02:00:00;1.0002810683151095;1.0002602944922039;1.0003050611315443;1.0002860332863082;1.0003008206972164;1.0002906599271035;1.0004884365821536;1.0003055932011629;1.0002906076547822;1.0003060328925466;1.0002896142845925;1.0003064220521256;1.0003064514411593;1.0002986997631655;1.000305519119469;1.000305075707018;1.0003055320216985;1.000305025464113;1.0003062105430576;1.000291524493966;1.00027786783143;1.0002705764230215;1.0003053180239747;1.0004758459332508;1.0004938888581025;1.00028245451522;1.0002744340333456;1.0002964637854097;0.9988450423850409;0.9982728343141385;0.9977028026432535;0.9974666174690706;1.000293461251392;0.9971586902988678;0.9970488109666533;0.9973619750245301;0.997338632622743;0.9973185469853454;1.0003065702576002;1.0002951411910697;1.000279227676162;1.0002992679320646;1.0003057248067693;1.024999976158142;
2016-01-30 02:15:00;1.000270995835455;1.0002408371795803;1.000304877474373;1.0002779888904254;1.0002992670888358;1.0002847885964374;1.0004917510799205;1.000305186533238;1.0002862602261977;1.0003056277195577;1.0002832628484506;1.0003060937035941;1.0003061227140408;1.0002952259913134;1.0003051187766265;1.0003043858295846;1.0003051306156305;1.0003048807272585;1.0003058261240736;1.0002867045999257;1.0002670913147715;1.0002574622068232;1.0003048108912784;1.000478715331811;1.0004975583742326;1.0002735444452302;1.0002627456674051;1.00029255704131;0.9988797295754044;0.9983212575513888;0.9977581755788175;0.9975256878750931;1.0002889562623414;0.997233786750466;0.9971310274033642;0.9974150312625535;0.9973919666326196;0.9973720214405611;1.0003062527313356;1.000291229873654;1.000269103707914;1.0002974898381836;1.0003049576918983;1.024999976158142;
2016-01-30 02:30:00;1.0002759169237547;1.0002633171156325;1.0003051401473355;1.0002823418742033;1.0003015221147022;1.0002884149873998;1.0004891409871743;1.0003057486408218;1.0002914288604396;1.0003062542542416;1.0002885997121345;1.000306689389719;1.0003067201947218;1.0002987373437935;1.0003056618236257;1.0003050130679856;1.0003056734372011;1.0003050958064919;1.0003064528428012;1.0002893244514508;1.0002699889269564;1.0002702864492443;1.0003053494661425;1.0004764137244353;1.0004948654570354;1.0002762776454388;1.0002730483148514;1.00029535627976;0.9989464357735182;0.9984221671579051;0.9978881895962856;0.9976735810575986;1.0002950974808629;0.9974024096331472;0.9973095438602527;0.9975726069527515;0.997549696998077;0.9975303731973622;1.0003068602562615;1.0002966365458266;1.0002715972452776;1.0002986908489229;1.000306221753744;1.024999976158142;
2016-01-30 02:45:00;1.0002818385865657;1.000266172242056;1.0003052053582544;1.0002867460607918;1.0003018590779489;1.0002917089650942;1.000487534076522;1.0003057594781624;1.0002936043252704;1.0003062055014458;1.000290926713458;1.0003065660742163;1.0003065963066298;1.0002994281224495;1.0003056773825703;1.0003050765384167;1.0003056897511464;1.0003051634780675;1.0003063778877832;1.000292729995642;1.0002783265080126;1.000275114630923;1.000305430909515;1.0004748952657372;1.0004930678500026;1.0002828279671538;1.0002780098012771;1.0002972113037483;0.9988616718545107;0.9983119713256898;0.9977467162311461;0.9975203407681781;1.0002957429586607;0.9972391989466493;0.9971454056306919;0.9974104870948872;0.9973870202093794;0.997367074932975;1.000306726352896;1.0002971248995252;1.000279597669849;1.0003002102234313;1.0003059629101212;1.024999976158142;
2016-01-30 03:00:00;1.0002857198398647;1.0002659410204409;1.000305468191788;1.000289850934007;1.0003017875554174;1.0002938060756963;1.0004899085642527;1.0003061856182036;1.0002934204958664;1.000306704035448;1.0002922454270011;1.0003071117849176;1.00030715006778;1.0003001887149525;1.000306091402093;1.0003056958961023;1.0003061083795886;1.000305410062147;1.000306904453292;1.0002944207324285;1.0002834837103005;1.0002760124546477;1.000305929841509;1.0004772781434303;1.0004952985789364;1.0002870834479751;1.00027946185188;1.0002986006048236;0.9990319511195948;0.9985594318879285;0.9980472970930987;0.997851327904009;1.000295319791163;0.9976178859881197;0.9975546138058548;0.997749438827559;0.9977237982478111;0.997702227715066;1.0003072996069287;1.000296758622022;1.000284595467123;1.000300816642329;1.0003064342463033;1.024999976158142;
2016-01-30 03:15:00;1.0002711162563174;1.0002456701741487;1.0003048929602714;1.000278755525542;1.0002997745376716;1.0002854777445849;1.000494195018486;1.0003053639636088;1.000287245588438;1.0003058913571334;1.0002845194392898;1.0003064200991005;1.0003064529290515;1.000296161072328;1.0003052809525512;1.0003047371004758;1.0003052945424526;1.0003048813289959;1.0003061221158598;1.00028674151308;1.000265607705661;1.0002594047131794;1.0003049914325737;1.000481193537535;1.0005000116400051;1.0002729943873065;1.0002639791674415;1.000293182167966;0.9990333078659086;0.9985650585584356;0.9980530459858347;0.9978600000956708;1.0002904478983952;0.9976385087611931;0.9975787915842331;0.9977538476153541;0.9977300088939723;0.9977099800730924;1.0003066173770847;1.0002925513221315;1.0002677356561684;1.0002975061242756;1.0003054852594992;1.024999976158142;
2016-01-30 03:30:00;1.0002756431244866;1.000258224887539;1.0003051995425136;1.0002824280636398;1.000300883577356;1.0002882054318638;1.0004914926422566;1.0003059547860067;1.0002894259479336;1.0003065171569265;1.0002879269415828;1.0003070127698737;1.0003070483362506;1.0002985364659391;1.000305866708104;1.0003054401640419;1.000305880152077;1.0003051412740136;1.0003067450400054;1.000288704378877;1.0002696685131183;1.0002666037251235;1.0003056091683409;1.0004788064739683;1.0004971391357278;1.0002763542374125;1.0002701324027221;1.0002952750290077;0.9990749236599372;0.998612540973501;0.9981103402349012;0.9979157454415692;1.0002934670704193;0.9976872989997527;0.9976260836930284;0.9978122779029114;0.9977877205915029;0.9977670608428777;1.0003072120990322;1.0002952320774317;1.0002714324293975;1.0002982306758998;1.0003064508332171;1.024999976158142;
2016-01-30 03:45:00;1.0002861242897982;1.000271723850238;1.000305801873317;1.0002902538328706;1.0003024182429352;1.0002941149474358;1.0004907689523026;1.0003066528425877;1.0002938420344154;1.0003072322907924;1.0002932927961492;1.000307685505548;1.0003077255659203;1.0003013331918869;1.0003065557364332;1.000306175678319;1.000306569895274;1.0003057254231562;1.0003074516765573;1.0002943478561122;1.0002828773040802;1.000278200478302;1.0003063803392447;1.0004781481179554;1.0004961907571641;1.000286632802232;1.0002810790436834;1.0002991421250127;0.9991612393326098;0.998734542908185;0.9982576258955499;0.9980753305026812;1.0002968120973836;0.99787149258947;0.997823928935501;0.9979714557557828;0.997947042681124;0.9979270739074385;1.0003078836192845;1.000298141013824;1.0002838841888804;1.0003007902641905;1.0003072579706767;1.024999976158142;
2016-01-30 04:00:00;1.0002827873244349;1.000261896549935;1.0003055741947122;1.0002863407232079;1.000301120478104;1.0002909768958756;1.000492236762208;1.000306349455168;1.0002904918402877;1.0003070380373564;1.000289449429732;1.0003075911744859;1.0003076318707376;1.0002993699507599;1.0003062141105314;1.000305401950023;1.0003062326938752;1.0003055206000588;1.0003072855926334;1.000292188993488;1.0002812984831932;1.0002721072307235;1.0003059649584556;1.0004791314570782;1.0004979044706017;1.000283945173932;1.000276196732479;1.0002970389208348;0.9991968006792504;0.9987884759371265;0.9983269094558304;0.9981548327020465;1.0002935932248773;0.9979773764718316;0.9979352831333792;0.9980465653186061;0.9980226262248959;0.9980028823008493;1.0003077663060553;1.0002953232052032;1.0002821416050722;1.0002996735230993;1.0003069064447063;1.024999976158142;
2016-01-30 04:15:00;1.0002852371801776;1.0002670140475436;1.0003058154835622;1.0002888376929435;1.0003016909960096;1.0002927778148571;1.0004914216666867;1.0003066708014485;1.0002915360273705;1.0003073125457478;1.0002915947323616;1.0003078203033184;1.0003078620312666;1.0003006173618536;1.0003065535873243;1.0003060154112924;1.0003065716783384;1.0003057463669227;1.0003075490370736;1.0002933464152832;1.0002830612687847;1.000274972483345;1.000306363142823;1.0004786159125425;1.0004969102251848;1.0002860248038485;1.0002786544784628;1.0002983151516767;0.9992036436127564;0.9987887381924742;0.998327447695449;0.9981505275778024;1.0002949756983495;0.9979557740068387;0.9979078960865788;0.9980476150564594;0.9980226587940855;0.998001371636959;1.000308006196669;1.0002965600917184;1.0002839212934371;1.0003001496395163;1.0003072903975994;1.024999976158142;
2016-01-30 04:30:00;1.0002870303842817;1.0002687456905466;1.0003058393860507;1.000291049956719;1.0003022399910473;1.0002947203297992;1.000490470919595;1.000306693233041;1.000293840685003;1.0003072474545252;1.0002932976380918;1.000307679226039;1.0003077221496166;1.000301094928031;1.0003065941616496;1.0003062789168897;1.0003066156148597;1.000305765930699;1.0003074631481677;1.0002950141535503;1.000284566533441;1.000277484884279;1.0003064547089087;1.0004779036104845;1.0004958156428503;1.0002881087168296;1.0002807794866686;1.0002994139311179;0.9991474891726116;0.9987192082630539;0.998237568543124;0.9980547921778863;1.0002961093819587;0.9978608711781859;0.9978151025412714;0.9979435034346555;0.9979190575496021;0.9978985463873821;1.0003078788969983;1.0002975011581565;1.0002856195847822;1.0003011536347113;1.0003070934837708;1.024999976158142;
2016-01-30 04:45:00;1.00028978645389;1.0002613215067049;1.000305902058058;1.0002933983348137;1.0003017561745082;1.0002965203206586;1.0004915726323216;1.0003068682675633;1.0002939082057298;1.0003074394862952;1.0002933452275122;1.0003078983835645;1.0003079475276444;1.000300651781288;1.0003067657835922;1.0003065990996836;1.0003067968310273;1.0003058203597102;1.0003076737718586;1.0002968728659896;1.0002894529299877;1.0002758414253894;1.0003067102411511;1.0004790214129446;1.0004967635949131;1.0002922509590995;1.0002802092737835;1.0003003151555896;0.9992062006826941;0.998797223163425;0.9983386062037783;0.9981655280422227;1.0002943374738251;0.9979820923875645;0.9979375034924333;0.9980600092938576;0.998035665536177;0.9980153962973662;1.0003081175391826;1.0002958788937204;1.0002905545585343;1.0003021112895727;1.0003069157850382;1.024999976158142;
2016-01-30 05:00:00;1.0002845924727795;1.000261618484655;1.0003054575999735;1.000288921432925;1.0003014063551428;1.0002931490387383;1.0004922074305933;1.0003062735813055;1.0002925111319618;1.0003068866743876;1.000291136008268;1.0003073957678779;1.0003074382637847;1.0002996689726984;1.0003061568969351;1.0003057247911171;1.0003061813052945;1.0003053972759595;1.0003071264407908;1.000293856540454;1.0002826459770677;1.000273527917587;1.000305994930665;1.0004794027394537;1.0004976723441592;1.0002862972626125;1.0002774222642183;1.0002981967819145;0.9991525831169263;0.9987325097000623;0.9982614259959783;0.9980880824020106;1.000294207423464;0.9979032468626747;0.9978574727239903;0.9979831656026243;0.9979591396017569;0.9979388736202288;1.0003075942042305;1.0002957819829847;1.0002838297880665;1.00030061184619;1.0003065895276264;1.024999976158142;
2016-01-30 05:15:00;1.0002853762877622;1.0002659397780935;1.0003055199545492;1.0002893494941671;1.000301897972932;1.0002936038442398;1.0004924068532992;1.0003063149371467;1.0002937103783953;1.0003069725771372;1.0002918886894512;1.0003075051927868;1.0003075467670888;1.0003001661135273;1.0003061838977236;1.0003056383353877;1.0003062061037555;1.0003054632632067;1.0003072184948847;1.000294396560218;1.0002834263924585;1.0002762971477999;1.0003059944095254;1.0004795033427534;1.000497939302076;1.0002866929375702;1.0002796878095843;1.0002985607659771;0.999180996538275;0.9987500893805346;0.9982643687932076;0.9980707715297564;1.0002954330837566;0.9978677971370628;0.9978224895858275;0.9979512371182928;0.9979265980936505;0.9979054195787129;1.0003076995378375;1.000296859598057;1.000284448820142;1.00030092517587;1.0003068070205585;1.024999976158142;
2016-01-30 05:30:00;1.0002861908295406;1.0002606893646384;1.0003055333155482;1.0002897619683635;1.0003014246562991;1.0002938279528304;1.0004915323589867;1.0003062834016503;1.0002930271994677;1.0003068949932044;1.000291240378822;1.000307377708173;1.0003074203496927;1.0002995416481846;1.000306158088706;1.000305598988729;1.0003061819994898;1.0003054814673387;1.0003071240478223;1.0002949093374678;1.000285678653387;1.0002744275044997;1.000305993238097;1.000478643112674;1.000496992780857;1.0002883137858323;1.0002785876136824;1.000298528393077;0.9991290177315482;0.9986964811038584;0.9982085542369339;0.9980245078387017;1.0002939674178453;0.9978109804075774;0.9977657518852748;0.9979249148899707;0.9979003886986889;0.9978798784623383;1.0003075655069484;1.0002955490657317;1.0002866813871094;1.0003011683582348;1.0003064481339217;1.024999976158142;
2016-01-30 05:45:00;1.0002902007563992;1.0002651250121946;1.0003063489293358;1.0002934344280274;1.0003022669025312;1.0002964546590132;1.0004901038657033;1.0003072218392606;1.0002938771498582;1.0003077504748163;1.0002939094121577;1.000308142966351;1.0003081866544716;1.000301356031379;1.0003071260131844;1.0003068778920152;1.0003071485622417;1.0003062703096757;1.0003079540285211;1.0002968392121525;1.000289633572761;1.0002772368060788;1.000307042644905;1.0004776098736567;1.0004952973480497;1.0002921263387938;1.0002813690063117;1.0003005122267075;0.9992016705822927;0.9987909402413037;0.9983189606482002;0.9981379262337164;1.0002952479548777;0.9979499549388903;0.9979127271848962;0.9980248964108637;0.9980015733724841;0.9979818301788692;1.0003083387341798;1.0002967674057612;1.0002905685907015;1.0003021455205334;1.0003073290086617;1.024999976158142;
2016-01-30 06:00:00;1.0002777803324987;1.0002457799366673;1.0003048856797765;1.0002821796663368;1.000298180763071;1.0002864332236054;1.0004917588833315;1.0003053482235693;1.000282070699293;1.000305826115417;1.000285006150154;1.0003063513467294;1.000306383211398;1.0002966392890291;1.000305290870034;1.000304860240113;1.0003053034996414;1.0003048780691093;1.0003060408562965;1.000287489993806;1.000276003178676;1.0002585974062592;1.0003051213613734;1.0004789229934392;1.000497229743153;1.000279825763841;1.0002649743612781;1.000293764553863;0.9989143604219965;0.9984098183493242;0.9978438026999779;0.9976279832537903;1.000287477056663;0.9974071204821888;0.9973522871427077;0.9974910363589792;0.9974668464349017;0.997446354918236;1.0003064803903983;1.0002899978771589;1.0002772865880387;1.0002964502522511;1.0003054788305772;1.024999976158142;
2016-01-30 06:15:00;1.000250457290367;1.0001965731016689;1.0003086262496668;1.0002558091901153;1.000292825401255;1.0002614436540294;1.0005021913404084;1.0003052286841134;1.000248549720661;1.0003048774779495;1.0002663801492482;1.0003051994407797;1.0003052191160526;1.000288412021418;1.0003052915669364;1.0003045395559926;1.000305279558654;1.000309284988966;1.0003049262549977;1.0002660718465195;1.0002472471117059;1.0002081776683647;1.0003049761025613;1.000488375969067;1.000508270256795;1.0002533864782863;1.0002227938638302;1.0002786893319806;0.9988290493435446;0.9982936817624518;0.9976883088755303;0.9974564097845393;1.000269693595757;0.9972479919201386;0.9971929787385916;0.997289523643706;0.9972588361460251;0.9972370599592765;1.0003052494909572;1.0002757264214346;1.0002492490679995;1.0002854188355181;1.0003044035277888;1.024999976158142;
2016-01-30 06:30:00;1.0002568033789987;1.0001985728533815;1.0003091425973203;1.0002596964724801;1.0002921927731603;1.0002629735843653;1.0005024019424051;1.000305345660007;1.0002449857806737;1.0003048851033505;1.000268058979773;1.0003051178294964;1.0003051352258223;1.0002892993326236;1.00030540442233;1.0003049276093323;1.0003053929315857;1.0003098715578316;1.000304895372037;1.0002673755349547;1.0002561678974689;1.0002085591235936;1.0003052235682572;1.000488722967265;1.0005081708107915;1.0002598866835664;1.0002245209961367;1.000279674049155;0.9987587160931148;0.9982149079045834;0.9975977541374965;0.9973708633495675;1.0002681650829885;0.9971682372468968;0.9971138419924825;0.9972066999486794;0.9971766700063096;0.9971569613534977;1.0003051518147013;1.0002745068850587;1.0002575976495118;1.0002850820535276;1.0003044334044824;1.024999976158142;
2016-01-30 06:45:00;1.000275043130404;1.0002329771788108;1.0003051177229287;1.000278472558718;1.0002960920398267;1.000282242129717;1.0004929578354445;1.0003049480516009;1.000274212733743;1.0003052809803197;1.0002810185458109;1.0003057904742676;1.000305818262649;1.0002945109272143;1.0003049231201495;1.0003044352704182;1.0003049281778678;1.0003052059676323;1.0003054673626774;1.0002840564730036;1.000275108229935;1.00024804587652;1.0003047700765715;1.0004799264894502;1.000498427053895;1.0002778894181414;1.0002568534867762;1.0002909764346735;0.9987870834594438;0.9982529781817715;0.9976500270365484;0.9974274756619731;1.0002821778991924;0.9972197659770264;0.9971642240836583;0.9972725692096039;0.9972477920577644;0.9972278530451532;1.0003058835416545;1.0002855128221948;1.000276268142612;1.0002941220521315;1.000304759383991;1.024999976158142;
2016-01-30 07:00:00;1.00026380492552;1.0002166280614133;1.0003090407798754;1.0002674851557185;1.000295988383768;1.000271351705372;1.0004943310286547;1.0003057511390563;1.0002601116385448;1.0003050740971131;1.000275311616625;1.000304878393447;1.0003048792929223;1.0002920756072566;1.000305839026493;1.0003053292915107;1.0003058206498916;1.00030960094094;1.0003049461380449;1.0002755645848165;1.000262484410299;1.0002277314463293;1.0003056264435612;1.0004811774535312;1.0004999455535046;1.0002669166651692;1.0002400621772096;1.0002847015816334;0.9982286712634207;0.9974719265203505;0.9966335689838223;0.9962924346136148;1.0002767917865236;0.995860759598487;0.9957716262142284;0.9961323676040823;0.9961088337318512;0.9960882464895157;1.0003048811082826;1.0002817443430236;1.0002640945035701;1.0002905635329136;1.0003041057832738;1.024999976158142;
2016-01-30 07:15:00;0.9999544288445158;0.9998978471249488;1.0000000629934354;0.9999589097263668;0.999985655534737;0.9999636149669594;1.0001896054564863;1.0000000554157982;0.9999487890939673;1.0000000527683088;0.9999637748428623;1.0000000505498459;1.0000000505082876;0.9999850474168778;1.0000000557094946;0.9999994786983295;1.0000000556509558;1.0000000639799118;1.000000051890638;0.9999656202702601;0.9999532139775569;0.9999128643678369;0.999999845750196;1.0001763720068386;1.000195262545985;0.9999571501641802;0.9999262369369012;0.9999778429177704;0.9976472157225418;0.9968730443061998;0.9960192002911308;0.9957238716425333;0.9999649719407144;0.9953733963202234;0.9952794988080936;0.995569427759129;0.9955454505039364;0.9955245240737507;1.0000000504883864;0.9999701983670832;0.9999546362904977;0.9999811891106054;0.9999990097502108;1.024999976158142;
2016-01-30 07:30:00;1.0002688360373257;1.0002234760107596;1.0003080829852913;1.0002721838194613;1.0002961005053486;1.0002753380918317;1.0004895891273984;1.0003056088348203;1.0002638556087484;1.0003050766189152;1.000278053526474;1.0003048808910495;1.0003048795609595;1.0002933555210172;1.000305672604567;1.0003053583025523;1.000305658150755;1.0003084999309622;1.0003049639773678;1.0002785475426563;1.0002678607088393;1.000234452410369;1.00030552473933;1.0004768976753844;1.0004949257973346;1.0002717482878598;1.0002458308406976;1.0002870637752364;0.9980266135393614;0.9972917865802691;0.9964742426153752;0.9962008185457725;1.0002785837821342;0.9958923464088311;0.99580803178706;0.9960468957412353;0.9960230297478713;0.9960029999971226;1.0003048780629749;1.0002830730221275;1.0002693048204876;1.0002916482300346;1.0003041182443473;1.024999976158142;
2016-01-30 07:45:00;0.9999588102335073;0.9999033565307873;1.0000000632900048;0.9999626538486796;0.9999861591865875;0.9999663838780487;1.000189332715186;1.0000000555114483;0.9999507935655471;1.000000052942356;0.9999663725598064;1.0000000507070197;1.000000050661708;0.9999861360425437;1.0000000557284094;0.9999996893954517;1.0000000556775352;1.0000000643396547;1.0000000520609778;0.9999679889565113;0.9999581316786162;0.9999175076396905;0.9999999146996873;1.000176271807063;1.0001948131214866;0.9999615133022888;0.9999305202894496;0.999979518818489;0.9974739858906112;0.9966982023776592;0.9958206253913229;0.9955500648531257;0.9999663861802152;0.9952530295774075;0.995173463874711;0.9953921491501513;0.9953678206169336;0.9953472038698216;1.0000000506478788;0.99997139035253;0.9999594153624843;0.9999821491573194;0.9999990706921046;1.024999976158142;
2016-01-30 08:00:00;0.999961470372133;0.9999124543519725;1.0000000610612765;0.999965009186316;0.9999876402140264;0.9999689219660848;1.0001872214684886;1.0000000547356234;0.999955956971294;1.0000000525194777;0.9999689386358602;1.0000000506346514;1.0000000505895141;0.9999872051439715;1.0000000549576786;0.9999995260148348;1.0000000549107488;1.0000000618911726;1.0000000517685916;0.9999707048183555;0.9999608279239551;0.9999254491489439;0.9999998753707717;1.0001741720513084;1.0001927410948404;0.9999638364897192;0.9999370190083666;0.9999810751369547;0.9974362407676675;0.9966527485957646;0.9957524524041568;0.9954729980466871;0.9999698416987576;0.9951907557326295;0.9951196830908958;0.9952931204458393;0.9952679431984661;0.9952467586064486;1.000000050552755;0.9999743367445779;0.9999619629985976;0.9999838946499426;0.9999991503791439;1.024999976158142;
2016-01-30 08:15:00;0.9999510121876604;0.9998997222220267;1.000000064180513;0.999956441427229;0.9999867497792149;0.999962812016954;1.0001908969392168;1.0000000561957958;0.9999524419685129;1.0000000532504103;0.9999632206447784;1.0000000508474;1.00000005079506;0.999984680201274;1.0000000565655531;0.9999990733373255;1.000000056499203;1.0000000651863992;1.0000000522895909;0.9999655484701192;0.9999487729124582;0.9999152455166662;0.9999997166081696;1.0001772796437083;1.0001969061194056;0.9999535458708938;0.9999274266317167;0.9999773449463638;0.9974815750692836;0.9967055281956239;0.9958011439553298;0.9955135573026802;0.9999670897419228;0.9952288760868689;0.9951668718999149;0.9953245025331745;0.9952992041412004;0.9952789681517868;1.0000000507450886;0.9999720121931743;0.999950370861043;0.9999820227002851;0.999998975074742;1.024999976158142;
2016-01-30 08:30:00;0.9999334836319154;0.9998479604957831;1.0000000895350334;0.9999373208348115;0.9999755062102211;0.9999415670060523;1.0002046684258257;1.0000000660328505;0.9999104857374178;1.000000058954197;0.9999440758825299;1.00000005265221;1.000000052593597;0.999977982380583;1.000000066423513;0.9999995274629914;1.0000000663431594;1.0000000927939543;1.0000000565404628;0.9999436350724166;0.9999328806977266;0.9998618215318039;0.9999998848195626;1.0001904281975125;1.0002106675906346;0.9999361467434144;0.9998842844637362;0.9999647754232192;0.9973807888914515;0.996533257141896;0.9955742890139174;0.9952460184321146;0.9999423813864342;0.9949071101554853;0.9948202597010117;0.9950397491106249;0.9950159744073591;0.9949963017600403;1.0000000528148298;0.999951121027047;0.9999341251913146;0.9999670413662762;0.9999990923748966;1.024999976158142;
2016-01-30 08:45:00;0.9999472712540384;0.9998735131195768;1.0000000777427742;0.9999509638542114;0.9999806194388349;0.9999546350032925;1.0001952744588707;1.000000062465349;0.9999304223640478;1.000000057599651;0.9999553358879699;1.000000053155832;1.0000000530937134;0.9999819796099134;1.000000062782376;0.9999997007344359;1.000000062702326;1.0000000798252244;1.0000000558986601;0.9999563899292356;0.9999472262584086;0.9998890360096063;0.9999999355328434;1.0001818027863303;1.0002008846888308;0.9999503470099997;0.9999071440977101;0.9999724841069533;0.9968527449865329;0.9957711732965279;0.9946208980698475;0.9941847347982293;0.9999537654135929;0.9935814807850942;0.9934217902769975;0.9940151378183061;0.9940000633136798;0.9939909787356378;1.0000000531806605;0.9999606951477586;0.9999485066713806;0.9999748137317498;0.9999989773892399;1.024999976158142;
2016-01-30 09:00:00;0.9999233733992429;0.9998291290982436;1.0000001031124457;0.9999275790971132;0.9999713588590078;0.9999317363470617;1.000208144850806;1.0000000718382194;0.9998939589813778;1.0000000626939152;0.9999359437787568;1.0000000543492282;1.0000000542803018;0.999975309717835;1.000000072217869;0.9999996630531156;1.0000000721375422;1.0000001075167455;1.0000000595189156;0.9999334425026154;0.9999215653201899;0.9998400985561909;0.999999902180618;1.0001937930556144;1.0002142041222133;0.9999254602039167;0.9998660199171575;0.9999590545572784;0.9970819026894023;0.9961025524019415;0.9950746669186264;0.9947106856131478;0.9999333952907572;0.9942771588348798;0.9941233754432519;0.994521418490546;0.9945050419096303;0.9944955736681063;1.0000000546048335;0.9999435890807429;0.9999228671951649;0.9999605937796492;0.999999293077848;1.024999976158142;
2016-01-30 09:15:00;0.999931118781221;0.9998456369552315;1.0000000850409976;0.9999363891057367;0.9999757544133436;0.9999412793702156;1.0002016234731557;1.000000064551199;0.9999113236920643;1.000000058355834;0.99994370413398;1.000000052774596;1.000000052713735;0.9999777403956599;1.0000000649119039;0.9999996456560858;1.000000064826546;1.0000000878928175;1.0000000562127513;0.9999431069652457;0.9999289454793857;0.9998602914850729;0.9999998747123242;1.0001877219480078;1.0002075517607572;0.9999338572935127;0.9998824453508293;0.9999645928973303;0.9971936449845141;0.9962771412166539;0.9952768308275852;0.9949326701087507;0.9999426849365917;0.9945434828365011;0.9944250971031198;0.9947395497718242;0.9947236195698252;0.9947137385972558;1.0000000528574033;0.9999513798089711;0.9999306104664005;0.9999671786130817;0.9999990362444979;1.024999976158142;
2016-01-30 09:30:00;0.9999513717885914;0.999896085858429;1.0000000714540795;0.9999549607698481;0.9999843565835159;0.9999596159608113;1.0001916191424631;1.0000000598830316;0.9999428748502329;1.0000000557897388;0.9999609571127903;1.000000052241563;1.0000000521880044;0.9999844461346813;1.0000000602623156;0.9999992543307984;1.0000000602021193;1.0000000729647092;1.0000000544264076;0.999961838947496;0.9999502631963315;0.9999074909001283;0.999999802150383;1.0001780580324262;1.0001974532710496;0.9999532620931765;0.9999217714372218;0.99997561222585;0.9969808943538618;0.9959725648973559;0.9949099478615471;0.9945307414504578;0.9999625446542595;0.9940714486048151;0.9939159826622106;0.9943387704815008;0.9943234539696009;0.9943143664290106;1.0000000522350712;0.9999682172618701;0.9999513147719019;0.9999786314436706;0.9999992621433723;1.024999976158142;
2016-01-30 09:45:00;0.9999330791304155;0.9998514291211156;1.0000000908509;0.9999369781043825;0.9999760075021508;0.99994157598737;1.0002006829258938;1.0000000676087366;0.9999118107324391;1.0000000603422299;0.999944405823246;1.0000000537866336;1.0000000537265743;0.9999782648899984;1.0000000680375745;0.9999993956425083;1.0000000679579124;1.0000000940313425;1.0000000578591983;0.9999437549484275;0.9999319982943232;0.9998639171319537;0.9999998437331613;1.0001866147494478;1.0002066783482566;0.9999353369575705;0.9998857637160422;0.9999648457494181;0.9969314908637285;0.9958806478633203;0.9947996767032591;0.9944023427497425;0.9999436212785422;0.9939004071014034;0.9937207707504573;0.9942153237670838;0.9942013877667258;0.9941935011281833;1.0000000539688552;0.9999522046928982;0.9999331942009276;0.9999672661957194;0.9999991884838084;1.024999976158142;
2016-01-30 10:00:00;0.9999551972844851;0.9998919155611499;1.0000000685110326;0.9999602393754313;0.9999854152652435;0.9999647324872932;1.0001897863267664;1.0000000585372248;0.9999491709482509;1.000000055192094;0.9999639172287315;1.000000052222227;1.0000000521611216;0.9999846035582716;1.000000058860913;0.9999997365662544;1.0000000587740296;1.0000000698295548;1.0000000540182372;0.9999665943926161;0.9999544461246301;0.9999109782647975;0.9999999164878676;1.000176741905624;1.000195279249424;0.9999589435559395;0.9999249304796771;0.9999783318044905;0.9969556376574049;0.9958854085141753;0.9947960102958562;0.9943761889793086;0.9999639356013506;0.9938385615462362;0.9936480200977725;0.9941835615566225;0.9941681930228644;0.9941587279907812;1.0000000521088166;0.9999692367374692;0.9999561779335372;0.9999818266319743;0.9999987302830219;1.024999976158142;
2016-01-30 10:15:00;0.9999365228047656;0.9998547930911811;1.0000000785398018;0.9999461680218749;0.9999822696284678;0.9999541066397223;1.0001945392294975;1.0000000630490935;0.9999389865708974;1.0000000580453936;0.9999527002112235;1.0000000537859888;1.0000000536548148;0.9999790715130642;1.0000000635794968;0.9999996582618025;1.0000000634252237;1.000000080591551;1.000000056270617;0.9999567968436518;0.9999330020738045;0.9998839701475828;0.9999998117840444;1.0001811923691286;1.000200412041804;0.9999421333796179;0.999900969392145;0.9999716043191443;0.9967794395527991;0.9956554994437106;0.9945087419894699;0.994070533675994;0.9999549104247459;0.9935206541486548;0.9933224189623867;0.9938617579111539;0.9938343795209994;0.9938229799991947;1.0000000533951319;0.9999614844155832;0.9999361878443346;0.9999779035168196;0.999998030453626;1.024999976158142;
2016-01-30 10:30:00;0.9999365061023285;0.9998626944964781;1.0000000779317137;0.9999457925682618;0.9999832355112559;0.9999542492783132;1.0001935682630632;1.0000000632457096;0.9999415513690639;1.0000000581283885;0.9999535420408897;1.0000000537333975;1.0000000536475324;0.9999797131517832;1.0000000638605033;0.9999993434871262;1.000000063720169;1.0000000798141289;1.0000000563765246;0.9999572836863219;0.9999325786890482;0.9998889107390164;0.9999997278521494;1.0001800380855859;1.0001996256158676;0.9999412962916966;0.9999047371698766;0.9999718131554715;0.9967327082414922;0.995578553752511;0.9944057708234495;0.9939480820943235;0.999957389940734;0.9933459672306363;0.9931392357815586;0.9937490050016625;0.9937317097720675;0.9937218579388729;1.0000000535295446;0.999963649944586;0.9999355251568184;0.9999783658163932;0.9999982372146885;1.024999976158142;
2016-01-30 10:45:00;0.9999169005432595;0.9998464437597269;1.0000000912076077;0.9999305709307763;0.9999808591045583;0.9999418772190832;1.0001982045274918;1.0000000695370892;0.9999295862943507;1.0000000623356833;0.9999444422425386;1.000000055951612;1.0000000558711921;0.9999767157678094;1.0000000702785794;0.9999993623359026;1.0000000701464278;1.000000094158084;1.000000059834233;0.9999445746085283;0.9999061032662119;0.9998672414603763;0.9999995849937862;1.000184514678669;1.000204723715226;0.9999201135073456;0.999884181228349;0.9999646954407592;0.9964640192419749;0.9952020193815547;0.9939183131383257;0.9934055881513671;0.9999521125640211;0.9927021167807183;0.9924769785716501;0.993202349524948;0.9931881964303974;0.9931799078354652;1.0000000557156927;0.9999593787684355;0.9999100819110511;0.9999721192500186;0.999998615528198;1.024999976158142;
2016-01-30 11:00:00;0.9999129992430249;0.9998440057908582;1.0000000887736733;0.999928048305163;0.9999812355067247;0.9999405998190589;1.0002010236466006;1.0000000681624897;0.9999307915536608;1.0000000612004343;0.9999433014882664;1.000000055177456;1.000000055093125;0.9999760885624779;1.0000000689744402;0.9999992377624515;1.0000000688305362;1.0000000915499476;1.0000000588092923;0.9999435539013785;0.9999007909552853;0.9998658134049696;0.9999995159317233;1.0001870790403171;1.0002077800476141;0.9999162460231105;0.9998822742439776;0.9999638980750164;0.9967105187686542;0.9954987555058313;0.9942869244707968;0.993785216348625;0.9999525938931768;0.9930920103721689;0.9928619894984796;0.993589656256169;0.993573666412276;0.993564207054029;1.0000000548756502;0.9999597933892088;0.9999051311048424;0.9999722212671848;0.9999985433014716;1.024999976158142;
2016-01-30 11:15:00;0.9999200946562664;0.9998443666800475;1.0000000890190284;0.9999309001803897;0.9999786797363933;0.999940189488814;1.0002000055978923;1.0000000678155103;0.9999214413856101;1.0000000609567803;0.9999429777707934;1.0000000548593977;1.000000054782197;0.9999767064191785;1.0000000684359764;0.9999993870337814;1.0000000683207249;1.0000000919311816;1.0000000585771291;0.9999426544876937;0.999912057938121;0.9998624176413421;0.9999996622185704;1.0001861473007305;1.000206392969769;0.9999229549206832;0.9998814418366555;0.9999638104804829;0.9967444999142682;0.9955390887576051;0.9943031368167766;0.9937824024380001;0.9999479624200635;0.9930518800759444;0.9928434257272968;0.9935869583441341;0.9935706530333793;0.9935607835354503;1.0000000547106216;0.9999558777577946;0.9999152106347524;0.9999696099366143;0.999998803573567;1.024999976158142;
2016-01-30 11:30:00;0.9999334368113155;0.999856182699428;1.000000073367291;0.9999435183700123;0.9999826546341399;0.999952508271034;1.0001925930308062;1.0000000610183546;0.9999396159463324;1.000000056725393;0.999951550528655;1.0000000530282713;1.000000052958356;0.9999788470478;1.0000000615309361;0.999999342172313;1.0000000614204758;1.0000000749831979;1.0000000552507706;0.9999555702635885;0.9999289380171672;0.9998839945428114;0.9999997086191436;1.0001791468949557;1.0001986611517923;0.9999384650736605;0.9999003698652194;0.9999707332137058;0.9968721797936847;0.9957514340348621;0.9946008202433354;0.9941403934976407;0.9999557780214005;0.9935287319067181;0.9933358587090055;0.993944185576826;0.9939297978001116;0.9939219133187027;1.0000000528300277;0.9999622708607616;0.9999321221171773;0.9999776398068702;0.9999981318100203;1.024999976158142;
2016-01-30 11:45:00;0.9999482643764882;0.9998955079935367;1.0000000679445982;0.9999569772061103;0.9999879766097491;0.9999645806016304;1.0001881703161368;1.0000000589374134;0.9999577290669458;1.000000055635842;0.9999643081048595;1.0000000528347521;1.0000000527671296;0.9999843853538531;1.0000000593774916;0.9999994787216752;1.0000000592845093;1.0000000690992736;1.0000000544982357;0.9999669075610975;0.999943223401037;0.9999154387316278;0.9999997458447859;1.0001751291878025;1.0001940217722685;0.9999517211392708;0.9999266137760319;0.999978211720537;0.9967951491517572;0.9956184272068019;0.9944307639237037;0.9939378654814482;0.9999689813617;0.9932774546544624;0.9930613745138889;0.993731653957946;0.9937159210510264;0.9937064603328061;1.0000000525962238;0.9999735581221917;0.9999458914996748;0.9999838941402088;0.9999986716503888;1.024999976158142;
2016-01-30 12:00:00;0.9999256030359298;0.9998448330572424;1.000000091098787;0.9999358355706766;0.9999790904691196;0.9999441206274995;1.000198226221587;1.0000000691934796;0.9999244792876298;1.0000000622155298;0.9999455871645726;1.0000000558476487;1.0000000557647242;0.9999772962189327;1.000000069763817;0.9999996531578365;1.0000000696324178;1.0000000940936764;1.0000000597480412;0.9999463880110887;0.999919262362687;0.9998664251519168;0.9999997647419134;1.0001846663320315;1.0002043212362048;0.9999294664463473;0.9998855570548595;0.9999659910074438;0.9964761951217209;0.9951779821833795;0.9938538634470504;0.9932970070768231;0.9999486214085628;0.9925007610057349;0.9922716406765751;0.9930982846892737;0.9930835394703899;0.9930748732510123;1.0000000557376845;0.9999563392960901;0.9999224171415008;0.9999714806677803;0.9999985599435811;1.024999976158142;
2016-01-30 12:15:00;0.9999117533286147;0.9998164973741518;1.000000106024815;0.9999229643809324;0.9999746427204811;0.9999325082173258;1.000202720892066;1.0000000761217946;0.9999079956863572;1.0000000666111208;0.9999347025366792;1.000000057939953;1.000000057845521;0.9999729663862086;1.0000000769203814;0.9999994481864013;1.000000076749263;1.0000001100952316;1.0000000632672086;0.999935342551523;0.9999049631823451;0.9998405452861565;0.9999997014816998;1.0001887042288096;1.0002091092963004;0.9999160072400309;0.9998636556052232;0.999958990382585;0.9963055960283058;0.9949356124753235;0.9935370584798473;0.9929416647074807;0.9999380690668361;0.9921406004837771;0.9918996523847659;0.9926948496488782;0.9926810190296441;0.9926731444770183;1.0000000578579455;0.9999474008020214;0.9999083850454132;0.999965251311639;0.9999983918591434;1.024999976158142;
2016-01-30 12:30:00;0.9999175449429992;0.9998268729499419;1.000000115601159;0.9999257190828533;0.999974730899003;0.9999339170634886;1.0002022920470706;1.000000081447593;0.9999077994447452;1.000000070302133;0.9999366035563492;1.0000000600862606;1.0000000599822771;0.9999741902388247;1.0000000823524196;0.999999169498824;1.000000082167014;1.0000001201346984;1.0000000664167112;0.9999370670652341;0.999913429318828;0.9998470163610639;0.9999997066566694;1.0001880105181924;1.000208686555178;0.9999210797146653;0.9998700223209219;0.9999599675895972;0.9959963814469607;0.9945232983200144;0.9929827613814658;0.9923244924438243;0.9999390639510489;0.9914067360803529;0.9911721330142258;0.9920735383750331;0.9920591832278072;0.9920509040773187;1.0000000601633234;0.9999482828579743;0.9999158963467046;0.9999653193060583;0.9999986613471958;1.024999976158142;
2016-01-30 12:45:00;0.9998742926696154;0.9997658373725616;1.0000001542581411;0.9998899817868815;0.9999660966843555;0.9999037618438478;1.0002155730527291;1.0000000960581963;0.9998726712708865;1.000000078210027;0.9999110558196115;1.000000061986846;1.000000061875483;0.9999642867654548;1.0000000973546361;0.9999990029232696;1.000000097144132;1.0000001621917216;1.0000000720060869;0.9999073484530397;0.9998610049674012;0.9997856200175326;0.9999994584200417;1.0002004522192833;1.0002229340134587;0.9998770880615577;0.9998152786535345;0.9999420528282108;0.9963530188450935;0.9949950925744638;0.9935815774813731;0.9929756938927561;0.9999185237547402;0.9921451150510685;0.9919244508465005;0.9927350480337238;0.9927184656939616;0.9927082263237139;1.0000000621910023;0.9999310772805529;0.9998654209035022;0.9999500648271662;0.9999986898739806;1.024999976158142;
2016-01-30 13:00:00;0.9999133433989839;0.9998343491948813;1.0000000978539079;0.9999265277006284;0.9999785255586124;0.9999375456395384;1.0001998047400316;1.0000000724354194;0.9999212653921737;1.0000000642156424;0.9999402018063681;1.0000000568030418;1.0000000567174663;0.9999750839985216;1.000000073169787;0.9999993621326119;1.0000000730313399;1.0000001013262598;1.0000000613411588;0.9999403464504585;0.9999034525094703;0.9998561592481731;0.9999996071612167;1.0001859856206414;1.0002063235952319;0.9999168446371907;0.9998753380090024;0.9999620787104043;0.9964289737144465;0.995081528474625;0.9936967653198748;0.9930916895738142;0.9999467995007633;0.9922480356769648;0.9920171579036329;0.9928610508125643;0.992846684243048;0.992838398504288;1.0000000566519176;0.999954860753027;0.999907329382949;0.9999692793973148;0.9999985472631681;1.024999976158142;
2016-01-30 13:15:00;0.9999168498477703;0.9998365683021616;1.000000101566135;0.9999269707301851;0.9999766177505877;0.9999358617803076;1.0002032122780486;1.0000000735050865;0.9999134473195795;1.0000000646435423;0.9999394118312915;1.0000000565753933;1.000000056496109;0.9999755431798437;1.0000000741533936;0.999999373909432;1.000000074036;1.0000001054274417;1.0000000615539453;0.9999383633308017;0.9999093164497308;0.9998532469803427;0.9999996788892476;1.0001891066604598;1.0002096633052089;0.9999195004462207;0.9998740965151839;0.9999612812045174;0.9965614200198674;0.9952465997634026;0.9939019995849331;0.9933068810078928;0.9999435792862794;0.9924788030136902;0.9922490433247058;0.9930788817822725;0.9930638215054685;0.9930547455024878;1.0000000565846252;0.9999521922516635;0.9999122603909077;0.9999666314483546;0.9999989010381923;1.024999976158142;
2016-01-30 13:30:00;0.9999078018447302;0.9997748066198396;1.000000126986127;0.9999198471465721;0.9999708962758487;0.9999296838966528;1.0002112268583094;1.0000000851027884;0.999900157372683;1.0000000723029505;0.9999275995324005;1.000000060509726;1.0000000603566426;0.9999678773406645;1.0000000862832692;0.9999996934219237;1.0000000858958065;1.0000001324844086;1.0000000676966252;0.9999335903799025;0.9999058940044194;0.999819437894051;0.9999998437048729;1.0001967542311314;1.0002175308969492;0.9999168705910486;0.9998476041616979;0.9999564180550677;0.9962455220969905;0.9948233905187497;0.9933717981718808;0.9927355850098745;0.9999269839013994;0.9918345472396273;0.99158427483126;0.9925026198013125;0.9924876467996112;0.9924789857946342;1.0000000603837746;0.999937612391587;0.999910108775336;0.9999646599358213;0.9999969621537661;1.024999976158142;
2016-01-30 13:45:00;0.9998683563331308;0.999677232163621;1.0000001847245177;0.9998894721503547;0.99996317210474;0.999907259655379;1.0002294980829307;1.0000001098818765;0.9998786603362841;1.0000000868332435;0.9999011659773561;1.0000000661477604;1.00000006588488;0.9999533470965347;1.0000001126337743;0.9999992153820885;1.0000001117523796;1.0000001939981789;1.0000000786282;0.999914575190272;0.9998654673827954;0.9997571830082645;0.9999996410505393;1.0002134827663156;1.0002368451277697;0.9998845139359082;0.9997938854632178;0.9999415636962811;0.9963531329579227;0.9949487636871612;0.993530782593279;0.9929027436239879;0.9999036134878722;0.9920215262449976;0.9917640695229101;0.992667141826297;0.9926511431293082;0.992642480698365;1.0000000658203765;0.9999173225666085;0.9998728554340395;0.9999578897247831;0.9999945182638957;1.024999976158142;
2016-01-30 14:00:00;0.9998952606954148;0.9997597335817987;1.0000001242442162;0.9999111256229033;0.9999711715145492;0.9999247695914966;1.0002127806016148;1.0000000841329917;0.9999016395578338;1.0000000712980437;0.9999222715246078;1.0000000598495409;1.0000000596982785;0.9999649854354793;1.0000000855766296;0.9999992284936329;1.0000000851731472;1.0000001293717475;1.0000000667949338;0.9999298301798024;0.9998904284583906;0.9998107995882125;0.9999996399560902;1.0001979128150242;1.0002196142172324;0.9999051460414308;0.9998386130001791;0.999953248809735;0.9964023426032437;0.9950201551833446;0.9936297523406873;0.9930135066901087;0.9999260992047975;0.9921344513403255;0.9918776200241184;0.9927921523295377;0.9927770839813602;0.9927684204453883;1.0000000596363119;0.9999368203979757;0.999895703996999;0.9999645593502627;0.9999965209687041;1.024999976158142;
2016-01-30 14:15:00;0.9998578612635924;0.9996894673967087;1.0000001921763808;0.9998708366514791;0.9999518740319479;0.999881526826395;1.0002266688447334;1.0000001101891063;0.9998235278038958;1.0000000867806702;0.9998878533820804;1.0000000650174865;1.0000000648449698;0.9999549155334594;1.0000001113565682;0.9999996135008379;1.000000111083991;1.0000002035367013;1.0000000784412777;0.9998848330016364;0.999850926377276;0.9997194398045098;0.9999997576856395;1.000211145891614;1.0002336502238656;0.9998635892484309;0.9997631984881254;0.9999284197675913;0.9964337763708248;0.9950506455065091;0.9936442966947666;0.9930143259638117;0.9998857755254957;0.9921205692635516;0.991873540701392;0.9927847111239878;0.9927644541892142;0.992755790766527;1.0000000654718404;0.9999031290865202;0.9998549881203136;0.9999342969488882;0.9999979917114276;1.024999976158142;
2016-01-30 14:30:00;0.9998960637617466;0.9997703604133338;1.0000001475863411;0.9999059472746679;0.9999653866224087;0.9999143935889923;1.0002178779333426;1.0000000918142489;0.99987415447608;1.0000000755839802;0.9999181072408834;1.0000000605991737;1.0000000604507677;0.9999665993014045;1.000000092672207;0.9999996031334581;1.0000000924535386;1.0000001552837479;1.0000000698164075;0.9999173808958508;0.9998915996068051;0.9997961412441175;0.9999998070797951;1.0002028952338453;1.0002244658164776;0.9999010762731753;0.9998279023770709;0.9999481018249715;0.9965525275132268;0.9952272691938678;0.9938722431703828;0.9932713421506429;0.9999172139628698;0.992469984366811;0.992238233736301;0.9930173842921475;0.9929971225979124;0.9929884571378621;1.0000000608116058;0.9999297180631491;0.9998947611112888;0.9999533318555996;0.9999982744044961;1.024999976158142;
2016-01-30 14:45:00;0.9998842784801759;0.9997561025024447;1.0000001695906542;0.9998950343713261;0.9999629772696188;0.9999051725848118;1.000224957280607;1.000000100298477;0.9998640965756584;1.0000000799641697;0.9999106201870485;1.0000000613877367;1.00000006125678;0.999963711603175;1.0000001015498687;0.9999991938772931;1.0000001012655149;1.0000001789668793;1.0000000728357765;0.9999089586563296;0.9998785826635705;0.9997808662687474;0.9999996818097391;1.000209188686599;1.0002320656658596;0.9998888655736986;0.9998144309398365;0.9999426259654313;0.9967824314109222;0.9955303281670526;0.9942816491304118;0.9937278902370411;0.9999116025089714;0.9929980463569139;0.9927580760104209;0.9934879492016488;0.9934709591794775;0.9934615008055344;1.0000000618325482;0.9999250337126157;0.9998818680390198;0.9999489151501062;0.9999983404476024;1.024999976158142;
2016-01-30 15:00:00;0.9998602547778191;0.9996423025232495;1.0000002120903537;0.9998804250339132;0.9999570364712235;0.999897223430242;1.0002381679675578;1.0000001181742035;0.999857787525166;1.00000009086779;0.9998908269275447;1.0000000659701014;1.0000000657107195;0.999948820666414;1.0000001209296323;0.9999994284189309;1.0000001199542061;1.0000002239467056;1.000000081040917;0.9999047410376065;0.999860345611426;0.9997281743798773;0.999999761643903;1.0002216736031795;1.0002454825778315;0.999878061935697;0.9997710450680524;0.9999353128849473;0.9968004800618121;0.9955140885421124;0.9942624354598751;0.9936891372444268;0.9998892233563553;0.9929146616757206;0.9926473898599603;0.9934536242701507;0.9934384855331201;0.993429027471897;1.0000000659810917;0.9999050196477415;0.9998676792424182;0.9999512353908264;0.999994107848826;1.024999976158142;
2016-01-30 15:15:00;0.9998851037178229;0.9997580219418175;1.0000001371905791;0.999900552123084;0.9999677572915172;0.999913736051916;1.000220148267736;1.0000000872781623;0.9998844911182543;1.000000072210511;0.9999158567293189;1.0000000586915383;1.0000000585729865;0.9999641870487131;1.000000088551392;0.9999992475664466;1.0000000882477347;1.0000001438994686;1.000000066952804;0.9999179620773406;0.9998768520171766;0.9997947835245328;0.9999995972768628;1.0002048414139832;1.0002272839875006;0.9998918775878249;0.9998245013851139;0.9999472678362934;0.9969193418444918;0.9956691465591684;0.9944691791342626;0.9939124927885586;0.9999202693574932;0.9931695589721662;0.9928988711378706;0.9936775880909626;0.9936629183669218;0.9936542470846753;1.0000000587311146;0.9999321835167053;0.9998816750416281;0.999956656213351;0.9999975112937036;1.024999976158142;
2016-01-30 15:30:00;0.9998682299540117;0.9997400046966136;1.0000001659747606;0.9998864452959455;0.999964731862999;0.999901722405978;1.0002293327872458;1.000000098307553;0.9998710338149515;1.0000000783464664;0.9999067795494658;1.0000000604450836;1.0000000603132904;0.9999608708507695;1.0000000999164442;0.9999991754467218;1.0000000995633749;1.0000001751435412;1.000000071365602;0.9999060507788965;0.9998557546090234;0.9997732933648903;0.9999994941532742;1.0002134262521045;1.0002369810733895;0.9998740646812476;0.9998050314208212;0.9999402311503527;0.9971222321696513;0.9959409592123845;0.994813470378642;0.9942887187495677;0.9999134336564025;0.9935869101239052;0.993326904396331;0.9940683080580275;0.9940533842112285;0.9940450883863645;1.0000000605344255;0.9999265338137433;0.9998612211099083;0.9999504263483409;0.9999977492098134;1.024999976158142;
2016-01-30 15:45:00;0.9998478139857783;0.9997415985326381;1.0000001782112322;0.9998726395203961;0.9999657434539364;0.9998923185803089;1.000230748331218;1.0000001038808577;0.9998695137336588;1.0000000820197872;0.9999020753692818;1.0000000623326095;1.0000000622038687;0.9999598686499599;1.0000001055675194;0.9999991366618706;1.0000001052973648;1.0000001885449272;1.0000000743473045;0.9998960460822098;0.9998242802592137;0.9997644131359383;0.9999992471308999;1.0002149380221304;1.0002390087943556;0.9998506747585938;0.9997935071700496;0.9999350889031372;0.9969837067979339;0.9957323898925905;0.9945453431764382;0.9939836525237695;0.9999160840467063;0.993239419390012;0.9929591544854682;0.9937429627741441;0.9937254776550485;0.9937156066225321;1.0000000622760667;0.9999291073906958;0.9998312367273472;0.999946798325528;0.9999984781853247;1.024999976158142;
2016-01-30 16:00:00;0.999895986483101;0.999804051199465;1.00000011724287;0.9999111229249821;0.9999736783688096;0.9999237716438396;1.000214622438023;1.000000079245153;0.9999025799956913;1.0000000674924152;0.9999281651876418;1.0000000570244052;1.000000056929228;0.9999703228829162;1.000000080275663;0.9999992728977483;1.0000000800725648;1.0000001224252888;1.0000000634178838;0.9999269410497812;0.9998840757177913;0.9998267216858236;0.9999995399016269;1.000199769936623;1.000221717784433;0.9998995700403179;0.9998500099880056;0.999953830240418;0.9969642573448919;0.9957128401722305;0.9944833617461206;0.9938973565751712;0.9999354477298049;0.9931032155149266;0.9928511204320762;0.9936583315343058;0.9936431714059222;0.9936340900989472;1.0000000569522522;0.9999452890565375;0.9998884798741868;0.9999618404157932;0.9999984820064504;1.024999976158142;
2016-01-30 16:15:00;0.9998061315448916;0.9994774250670753;1.0000003610176829;0.999838679913435;0.9999423554157743;0.9998645614697785;1.0002620078846611;1.0000001797970504;0.9998171499730837;1.0000001282449698;0.999850297617065;1.0000000803100662;1.000000079814818;0.9999257985460567;1.000000185439924;0.9999996035670792;1.000000183296087;1.000000383046908;1.000000109250111;0.9998763253330936;0.9998085501904006;0.9996240306445001;0.9999997807786036;1.000244059291242;1.0002700619503428;0.999836972791477;0.9996835960818228;0.9999132468767602;0.9967829987605985;0.9954015244012078;0.9940266752642751;0.9933446437862241;0.9998466050903114;0.9924217385325506;0.992155241162561;0.9930655239515305;0.9930507425976323;0.9930424551649338;1.000000080250477;0.9998679888341778;0.9998206980635471;0.9999398617453678;0.9999899169421086;1.024999976158142;
2016-01-30 16:30:00;0.999872182943233;0.9996620425297984;1.0000001855660758;0.9998913956406508;0.9999605162085775;0.9999071960258947;1.0002347159469922;1.0000001073764513;0.9998715265930646;1.000000084329642;0.9998992846967992;1.0000000635363842;1.0000000632844834;0.9999520062225157;1.000000109945584;0.999999541657672;1.0000001090195347;1.0000001953084376;1.000000076057249;0.9999144403965523;0.9998735276918771;0.9997484914348809;0.9999998103181212;1.0002185264605383;1.000241795640231;0.9998902124376234;0.9997884595847617;0.9999412327099785;0.9969215176340053;0.9956553482532995;0.9943639860703821;0.9937489823172598;0.9998971964332886;0.9927984365677055;0.9925749606599893;0.9935781081668483;0.9935630278698243;0.9935543574641746;1.0000000633677675;0.999911717436004;0.9998806475082669;0.9999567609423456;0.9999940627852473;1.024999976158142;
2016-01-30 16:45:00;0.9998522979788821;0.9996078541117634;1.0000002233013432;0.9998773772870018;0.9999573095606435;0.9998978584219969;1.0002442763810055;1.000000123389461;0.9998647671190071;1.0000000938004387;0.999886670828529;1.0000000672553069;1.0000000669157507;0.9999441255900403;1.0000001271155943;0.9999994167978035;1.0000001257777826;1.0000002354069322;1.0000000831405618;0.9999070481183484;0.9998532643144211;0.9997180611638562;0.9999997302143153;1.0002273853943178;1.0002518426331706;0.99987522641813;0.9997620871497586;0.9999346492599618;0.996971229713023;0.9956858291783119;0.9944162294159208;0.9937954918500569;0.9998860484655013;0.9928300482785815;0.9925756416100995;0.993627146893111;0.993610785075732;0.9936013253722245;1.0000000668176248;0.9999019199575634;0.9998625014319117;0.9999552793566938;0.9999924169538555;1.024999976158142;
2016-01-30 17:00:00;0.9998519813203035;0.9996555279027085;1.0000002171885534;0.9998725243328951;0.9999562743688328;0.9998896538650701;1.0002373979322838;1.000000120427091;0.9998492470164876;1.000000092219883;0.9998882840429608;1.0000000664537332;1.0000000662207253;0.9999498493840993;1.0000001229981483;0.9999993077726689;1.0000001221807302;1.0000002296216026;1.0000000821360622;0.9998962262807302;0.9998466615172907;0.9997237741841362;0.9999996420962137;1.0002209417707166;1.00024497517167;0.9998656937218969;0.9997657498162981;0.9999315600572938;0.9967902513503706;0.9954679574267188;0.994144252410651;0.9935135994320103;0.9998896279676466;0.9925654094661487;0.9923154915455564;0.9933202494720971;0.9933048576733872;0.9932957794698587;1.000000066624235;0.999905738317063;0.9998536332498226;0.9999458457830155;0.9999953292250112;1.024999976158142;
2016-01-30 17:15:00;0.9998509753937939;0.9996299459691074;1.000000219916232;0.9998737401900173;0.9999562793366994;0.99989249621171;1.0002428863609771;1.0000001204746847;0.9998548876579313;1.0000000917008793;0.9998865504022033;1.0000000656420023;1.0000000653723287;0.9999467041845146;1.0000001234961322;0.9999993674229424;1.0000001224431405;1.0000002324160358;1.0000000813609309;0.9999003385697349;0.9998486845020114;0.9997184862699048;0.9999996852457569;1.000226081426598;1.000250511010642;0.9998691641972767;0.9997618915281564;0.9999323792513205;0.9971117618345242;0.9958937244115693;0.9946951473926913;0.9941164242319095;0.9998867792891708;0.9932520002581862;0.9930078434841462;0.9939351079378259;0.9939197432657852;0.9939102806143174;1.0000000655770345;0.9999029471714174;0.9998567616228344;0.9999497105445471;0.9999939189922881;1.024999976158142;
2016-01-30 17:30:00;0.9998862044562297;0.9997363381124688;1.0000001489125183;0.9999021695837892;0.9999663913948026;0.999915181257364;1.0002242398114385;1.0000000922547123;0.9998837053748526;1.0000000755146712;0.9999140461241909;1.0000000603032357;1.0000000601441803;0.9999618539301734;1.0000000937417886;0.9999995422961032;1.0000000932856015;1.0000001564155863;1.0000000695502873;0.9999198936726422;0.9998813038561353;0.9997870383926717;0.9999997264875604;1.0002088399404068;1.0002311879421195;0.999896303909252;0.9998191824980163;0.9999475214230109;0.9968709716227718;0.9955727188308204;0.9942657569501299;0.9936350745048705;0.9999154514647683;0.9926774042146235;0.9924367951611694;0.9934481618249168;0.9934328650239074;0.9934241957548908;1.0000000602534111;0.9999278205366051;0.9998866777962189;0.9999580461601069;0.9999965433666022;1.024999976158142;
2016-01-30 17:45:00;0.9999126057180008;0.9998397818297653;1.0000000960784163;0.9999262912578111;0.9999792746960393;0.9999376918005034;1.000206751365426;1.0000000708969654;0.9999231175065826;1.0000000628577048;0.9999411119237263;1.0000000557114817;1.0000000556255628;0.999975621271621;1.0000000716651714;0.9999993294959606;1.0000000715194903;1.0000000995472305;1.000000060051444;0.9999403966556601;0.9999014140822818;0.99985905844629;0.9999995714574947;1.0001924628764474;1.0002135372487195;0.9999154987526241;0.9998772669020302;0.9999622623881727;0.9968895127051491;0.9956001105716079;0.9942996855590625;0.9936688930285804;0.9999487163438011;0.9926955484676127;0.9924581480475796;0.9934925387998957;0.9934771009575484;0.9934680211709453;1.0000000554864557;0.9999565412604808;0.9999053544539641;0.9999695176525201;0.9999987169941632;1.024999976158142;
2016-01-30 18:00:00;0.9999119627716362;0.9998265039747289;1.0000000945767464;0.9999272913502523;0.9999803719264061;0.9999405796068402;1.0002055793776008;1.0000000708250603;0.9999309019786904;1.0000000628569319;0.9999406845996224;1.0000000559252842;1.0000000558258557;0.9999737585736467;1.0000000718193032;0.9999990900185325;1.0000000715955264;1.0000000976702494;1.0000000601020924;0.99994458896823;0.9999026939767535;0.9998598707551607;0.999999525213807;1.0001911657957847;1.0002124528227991;0.9999177486644749;0.9998779949737827;0.9999633915271152;0.9968200120607897;0.995494194240097;0.9941719105598329;0.9935261706545302;0.9999490944014965;0.9925109135358151;0.9922569730349962;0.9933585095489617;0.9933438385851486;0.9933347600186199;1.0000000556235236;0.9999566092179568;0.9999073626268485;0.9999733928346974;0.9999977425100832;1.024999976158142;
2016-01-30 18:15:00;0.9998325623981481;0.9997656575671003;1.0000001691869074;0.9998666752751187;0.999974360997076;0.9998945904058034;1.0002293786165861;1.0000001037165436;0.9998976917259789;1.000000082627417;0.9999064300478808;1.0000000642654172;1.000000064142637;0.9999610940850393;1.000000106139542;0.9999983013631796;1.00000010586998;1.000000178228419;1.000000075382219;0.9998994974473822;0.9997968718724763;0.9997861616425502;0.9999987444374627;1.000213271355926;1.0002387885577948;0.9998335696879461;0.9998058833900603;0.9999365583682392;0.9967063233716557;0.9953336911526658;0.9939672993006732;0.993304853774131;0.9999341749593352;0.9922744996252819;0.992009865544511;0.9931252311134908;0.993104408285363;0.9930884331523748;1.0000000635618038;0.999944639624517;0.9998060437544274;0.9999538022736265;0.9999986412282533;1.024999976158142;
2016-01-30 18:30:00;0.999888861813788;0.9998081386068539;1.0000001144378274;0.9999087350942626;0.9999771695033002;0.9999251100447258;1.0002132858207387;1.0000000791752852;0.9999149529892375;1.0000000679090564;0.9999295511660486;1.0000000579614197;1.0000000578613262;0.9999702145487587;1.0000000803782996;0.9999990561111501;1.000000080162586;1.0000001192612675;1.0000000639900046;0.9999287724920117;0.9998718811674209;0.9998336286918459;0.9999993557731214;1.000198475048724;1.0002207726339003;0.9998925123942591;0.9998533529209847;0.9999545213590442;0.9968008880646279;0.9954701742271244;0.9941186426001677;0.9934596994957712;0.9999422114873716;0.9924314179925432;0.9921927598871306;0.9932833297056716;0.9932604492056895;0.9932410433209132;1.0000000576191592;0.9999510380828496;0.9998775563281068;0.9999652942325145;0.9999982892419478;1.024999976158142;
2016-01-30 18:45:00;0.9998681116990401;0.9997768324800792;1.0000001435433197;0.9998898775143791;0.9999707251001952;0.9999072403167193;1.0002203020136884;1.0000000908933127;0.999888465932774;1.000000075017416;0.9999152236671488;1.0000000606287118;1.000000060520872;0.9999653996698351;1.0000000921577186;0.9999991764824246;1.0000000919541743;1.0000001509028917;1.0000000694312792;0.9999104855355386;0.9998473789160859;0.9997968311201709;0.9999993195293367;1.0002051737024242;1.0002280813379645;0.9998704954825934;0.9998216513926104;0.9999441193099138;0.9967413913562703;0.9953810144862584;0.9939964852874983;0.993319021084971;0.9999281488183305;0.9922495541004626;0.9920075040290595;0.9931460855643881;0.9931223561871044;0.9931027210408309;1.0000000604796395;0.9999392997451036;0.9998534544783292;0.9999544004596597;0.9999986725330712;1.024999976158142;
2016-01-30 19:00:00;0.9998486372393063;0.9997309289633151;1.0000001679638573;0.9998763842152294;0.9999695265495737;0.9998997634823819;1.0002280106841177;1.000000103835905;0.9998888887054193;1.0000000830521556;0.999904137522815;1.0000000650878373;1.000000064848411;0.9999581139664824;1.0000001063722161;0.9999985383737516;1.0000001058700905;1.000000176296499;1.0000000758644223;0.9999057501691392;0.9998273544410412;0.9997748368371036;0.9999991002544109;1.000211905099127;1.0002365664745472;0.9998556042748127;0.9998017416159417;0.9999386584797673;0.9965355731965823;0.9950844941988087;0.9935978001488969;0.9928652412201543;0.9999213164709163;0.9917112297274324;0.9914595711036341;0.9926765902945026;0.992643449167696;0.99262258383155;1.000000064323994;0.9999331693478326;0.9998354599687723;0.9999552003172509;0.9999970175047257;1.024999976158142;
2016-01-30 19:15:00;0.9998479694027806;0.9997251626924545;1.0000001850589313;0.9998741689783789;0.9999678111218377;0.9998969301349625;1.0002298601412976;1.0000001117141255;0.9998827137992073;1.0000000877090944;0.9999015738584195;1.0000000666840625;1.0000000664878232;0.9999571673771499;1.000000114576147;0.9999983987415818;1.000000114026995;1.0000001944345616;1.0000000794630088;0.9999032821872708;0.9998286329685169;0.9997689976954116;0.9999991176830573;1.0002134655325832;1.0002384557629787;0.9998550421182976;0.9997975839533911;0.9999369475423965;0.9964685498317892;0.9949643074583613;0.9934372484044574;0.9926708865691822;0.9999175992662566;0.991444380727799;0.9911742190311233;0.9924866704851171;0.9924594076088659;0.9924371166976201;1.0000000663137665;0.9999300128312261;0.999836302371284;0.9999531943927985;0.9999970237447253;1.024999976158142;
2016-01-30 19:30:00;0.9998609217505483;0.9997346851041731;1.0000001724534042;0.99988203635749;0.9999673331734975;0.9999016399162366;1.0002260383622315;1.0000001062253612;0.9998820376138241;1.0000000841394363;0.9999050814889372;1.0000000649213279;1.0000000647417626;0.9999589698587411;1.000000108880151;0.9999982837495892;1.0000001083576513;1.000000180751674;1.0000000766411794;0.9999080566251085;0.9998474556953234;0.999777291373377;0.9999992271191872;1.0002096799783802;1.0002342773862132;0.999868074822772;0.9998068114344352;0.9999398041552839;0.996455871886647;0.994978460419755;0.9935050062977371;0.9927849608965281;0.9999173608279022;0.991651263299725;0.9913684009448828;0.9925991118330724;0.9925737845693987;0.9925526574165613;1.0000000647678633;0.9999297522829962;0.9998537167851207;0.9999541261666984;0.9999971063212497;1.024999976158142;
2016-01-30 19:45:00;0.9998869348497005;0.9998184358078367;1.0000001230225788;0.9999046016301909;0.9999765291530391;0.9999208064800736;1.0002122872625179;1.0000000845190014;0.9999096230830228;1.0000000713120858;0.9999278374588548;1.0000000598218222;1.0000000597291936;0.9999707869835088;1.0000000860052498;0.9999985005864078;1.0000000858183722;1.0000001281252524;1.000000066864838;0.9999248208402349;0.9998698645602911;0.9998338816928262;0.9999992372075526;1.0001970778772025;1.0002200634503031;0.9998882265641109;0.9998534228549338;0.9999523750579423;0.9965453304914681;0.9950820868800063;0.9935867309284157;0.9928372191570849;0.9999421189564287;0.9916421519961846;0.9913860009651306;0.9926539929952535;0.9926315733167591;0.9926121065291356;1.0000000596252663;0.9999511566646175;0.9998745845025719;0.9999623416542636;0.9999989854732385;1.024999976158142;
2016-01-30 20:00:00;0.9998852124337823;0.9997711411945213;1.0000001193558163;0.9999052977257996;0.9999743144260641;0.9999227156930083;1.000215392942931;1.000000081572894;0.9999101837872579;1.0000000691111095;0.9999225781310388;1.0000000583442514;1.0000000582151511;0.9999653744107644;1.0000000831820177;0.9999988178078103;1.0000000828243776;1.0000001242282768;1.0000000648313991;0.9999281138527853;0.9998736786257866;0.9998168618270152;0.999999382960229;1.0002001662991005;1.0002228969238787;0.9998932901141575;0.9998407271378158;0.9999522529134773;0.9968185255071336;0.9955084141653029;0.9941775989954457;0.9935372778988377;0.9999331092616445;0.99250667405631;0.9922718987442304;0.9933873192370049;0.9933642925913436;0.9933442425809784;1.00000005797045;0.999942945543361;0.9998798476101755;0.9999656377055822;0.9999968902440322;1.024999976158142;
2016-01-30 20:15:00;0.9999236588311311;0.9998500709222534;1.000000084742525;0.9999375308443442;0.9999834399842403;0.9999492908200642;1.0002015368130366;1.0000000665592033;0.9999418900224111;1.000000060299642;0.9999491630056361;1.0000000549739245;1.000000054865859;0.9999773845151942;1.0000000674061755;0.9999992755790242;1.0000000672136575;1.0000000870971915;1.0000000581319768;0.9999526900831953;0.9999150877692814;0.9998796792135607;0.9999995939684968;1.0001875240393046;1.0002081243433651;0.9999288027902217;0.999894989897728;0.9999687224427319;0.9968483442708095;0.9955672149557032;0.9942430705225183;0.9936106324132968;0.9999567470811177;0.9926165922270845;0.9924020964623134;0.9934462140813475;0.993419358733552;0.993398140281363;1.0000000545683116;0.9999631182091452;0.9999193186136686;0.9999775763596974;0.999997999779351;1.024999976158142;
2016-01-30 20:30:00;0.9999283558383351;0.9998534201202061;1.0000000853032982;0.9999398654637397;0.9999823629939316;0.9999496944112185;1.0002014702199762;1.0000000665229825;0.999937660175594;1.0000000602053372;0.9999498712331998;1.0000000547475056;1.0000000546453454;0.9999781622186826;1.0000000672868277;0.9999993999863671;1.0000000671077343;1.000000087758738;1.0000000580117598;0.9999526936204249;0.9999217888025909;0.9998797758267736;0.9999996810593443;1.0001875081699787;1.0002078517549644;0.9999330562677173;0.9998961205701825;0.999969092020637;0.996903587582322;0.9956262563017859;0.9943072149394508;0.9936669660027999;0.9999551069648163;0.992627753385024;0.9924131530934556;0.9935229834652511;0.993497539728247;0.9934776457984368;1.0000000544382615;0.9999617527248866;0.9999253427378522;0.9999763746578133;0.9999982236548897;1.024999976158142;
2016-01-30 20:45:00;0.999915060124292;0.9998102687497947;1.0000000961446205;0.9999289845097569;0.9999782455357423;0.9999409884284115;1.0002066344205365;1.0000000713968085;0.9999261326693288;1.0000000631528827;0.9999386990542853;1.0000000560350688;1.0000000559054378;0.9999721593633655;1.0000000724927898;0.9999992782817869;1.0000000721933457;1.0000000992643217;1.0000000602850463;0.9999452484946578;0.9999099650108312;0.9998522288124545;0.9999996552899494;1.0001922208520349;1.0002132335105067;0.9999230359180759;0.9998732100466752;0.999963270030133;0.9968451211259471;0.9955300804553449;0.9941965402495468;0.9935439614672104;0.9999434808155508;0.9924773633455042;0.9922401842802921;0.9934022417971846;0.9933775338875012;0.9933578936876644;1.0000000556807915;0.9999516545529047;0.9999145150863543;0.9999731652982773;0.9999971430357498;1.024999976158142;
2016-01-30 21:00:00;0.9999135220418548;0.9997899748712386;1.0000001004840413;0.9999277225552515;0.9999760384601082;0.9999393994409665;1.000208858126083;1.0000000731581735;0.9999206259407956;1.0000000643680356;0.9999351629349108;1.0000000566601792;1.000000056512825;0.9999699020142496;1.0000000742882076;0.9999995326335995;1.0000000739326798;1.000000103936576;1.0000000612523663;0.9999438027811702;0.9999105451935159;0.9998406043973614;0.9999997539495953;1.0001944645587089;1.0002152831256212;0.9999235818917059;0.9998643395093904;0.9999619641294681;0.9967810621944087;0.9954690379692844;0.9941182782174147;0.9934721775690746;0.9999374730709687;0.9924148037375925;0.9921915884143213;0.9933327979613191;0.9933059130199832;0.993283835067;1.000000056277037;0.9999463926781774;0.9999154373879294;0.9999722493003237;0.9999965434690885;1.024999976158142;
2016-01-30 21:15:00;0.9999007687511613;0.9997452015909941;1.0000001214970915;0.9999174916845852;0.9999718305336175;0.9999311507409263;1.000217979946117;1.000000081516295;0.9999092264197076;1.0000000692009612;0.9999243406061614;1.000000058310055;1.0000000581219257;0.9999637538285631;1.0000000830781315;0.99999953783821;1.0000000825358037;1.0000001265042724;1.0000000647972238;0.999936797348273;0.999899581088039;0.9998128042691222;0.9999997679935234;1.000202961741053;1.0002246394980234;0.9999145388963442;0.9998414060772595;0.9999563259409027;0.9968975168735159;0.9956126427981202;0.9942629748690648;0.9936063758339196;0.9999254865345416;0.9925292685216391;0.9923285521335278;0.9934664750518145;0.9934400987880413;0.9934185745392083;1.0000000578904444;0.9999359584929289;0.9999055669685268;0.9999692739887757;0.999995366683274;1.024999976158142;
2016-01-30 21:30:00;0.9999237177555648;0.999809002833557;1.0000000943275291;0.9999359842738933;0.9999782488349179;0.9999461863193961;1.0002058549130415;1.0000000701631364;0.9999286322519839;1.0000000624373995;0.999941737802107;1.0000000556682693;1.0000000555278126;0.9999727639887127;1.0000000711172772;0.9999995792220288;1.0000000708072738;1.0000000973962684;1.000000059692237;0.999950307814671;0.9999222224599797;0.9998565271240056;0.9999998055732893;1.0001916650615446;1.0002120712037685;0.9999332684990919;0.999878297733129;0.99996611812618;0.996857602989396;0.9955773118284116;0.9942700307014418;0.9936466366537405;0.9999431352953743;0.992632773559496;0.9924078171704867;0.9935078145499648;0.9934809050445235;0.9934603274418937;1.0000000553164774;0.9999512049320358;0.9999265392978799;0.9999754024242232;0.9999967582496693;1.024999976158142;
2016-01-30 21:45:00;0.9999250535493213;0.9998434510612143;1.0000000850287516;0.9999359076811062;0.9999801701617756;0.9999454208274573;1.0002025687526448;1.0000000656586858;0.9999295446413852;1.0000000593204172;0.9999458528447305;1.0000000538371683;1.000000053744258;0.999976790391778;1.0000000663333342;0.9999993521197141;1.0000000661764574;1.0000000875890407;1.0000000571386185;0.9999484881118147;0.9999192492437365;0.9998696653023876;0.9999996873499336;1.0001884767216949;1.0002089666422562;0.9999297449209982;0.9998880301724695;0.9999665671076937;0.9971096030951634;0.9959407846772789;0.9947564796808845;0.9942011588063886;0.9999502739374694;0.9933223567096969;0.9931107572237867;0.994060863378626;0.994034489086116;0.9940137951841692;1.0000000536413676;0.9999576631987096;0.9999226155112276;0.999973495644241;0.9999982357317323;1.024999976158142;
2016-01-30 22:00:00;0.999924832212945;0.9998235913191622;1.0000000845604433;0.9999372339934612;0.9999799678756044;0.9999476968475166;1.000203701454499;1.000000065414112;0.9999330872547755;1.0000000592058647;0.9999445128564834;1.0000000538657665;1.0000000537556166;0.9999745080692429;1.0000000661978659;0.9999994651126886;1.0000000659695165;1.0000000870268364;1.0000000570322556;0.9999515419206153;0.9999213934619943;0.9998649782643017;0.9999997393501399;1.0001896020322736;1.0002100044811786;0.9999328755218213;0.9998846382681061;0.9999672860464396;0.9971486153024122;0.9959859053640736;0.9948086051581477;0.9942517026637472;0.9999477304606992;0.9933497665055561;0.9931387424978058;0.9941250973575685;0.9940988307267662;0.9940783869889759;1.0000000535537623;0.9999552222725009;0.9999255639931648;0.9999762307005943;0.999997185046246;1.024999976158142;
2016-01-30 22:15:00;0.9999155395864034;0.9997832741850219;1.0000000916195644;0.999931710516496;0.9999785498808117;0.9999453548594459;1.0002099490850371;1.0000000682659835;0.9999337778055439;1.000000060684495;0.9999375610626996;1.0000000543109888;1.0000000541643272;0.9999689800102348;1.0000000695016515;0.9999993422429994;1.0000000690894493;1.0000000944353729;1.000000058022333;0.9999509941615758;0.9999141782209418;0.9998482784582868;0.9999997080577049;1.0001953299093103;1.0002165065029374;0.9999285750064921;0.9998706547616583;0.9999648943232738;0.9972929213407276;0.9961848610861859;0.995070960208392;0.9945463435638068;0.9999409746974938;0.9937041348151214;0.9934976693029578;0.9944219967706481;0.9943965285960354;0.9943760787261968;1.00000005382971;0.9999490948362546;0.9999199049688438;0.9999780942155755;0.9999955427553351;1.024999976158142;
2016-01-30 22:30:00;0.9999315999840204;0.9998181453558977;1.0000000775378004;0.9999456456877397;0.9999832873642386;0.9999575947150141;1.000203069952112;1.0000000627056034;0.9999506580242242;1.0000000575271326;0.9999494559485527;1.0000000533025717;1.0000000531741198;0.9999741029019802;1.000000063701515;0.9999994003330155;1.0000000633775294;1.0000000792440484;1.0000000557148663;0.9999626941888431;0.9999312681286724;0.9998778065018843;0.999999754351881;1.0001889323774857;1.0002093201436293;0.9999435874869446;0.9998957902667407;0.9999723956485848;0.9972509187452201;0.9961253267280623;0.9949739079678567;0.9944267659638177;0.9999526349490289;0.9935476617697006;0.9933511452226071;0.994297581932982;0.9942719416851323;0.9942514943816516;1.0000000528075526;0.9999590184096334;0.9999363080240403;0.9999843659125522;0.9999959133033182;1.024999976158142;
2016-01-30 22:45:00;0.999946910337847;0.9998760347264203;1.000000066379112;0.9999572845491057;0.9999877269130151;0.9999660474170329;1.0001936589887173;1.0000000576811814;0.9999607293895533;1.0000000545907646;0.9999625270247813;1.0000000520666903;1.0000000519785128;0.9999820135894499;1.0000000581930693;0.9999995339521559;1.0000000580436579;1.000000067442494;1.000000053506398;0.9999691972000845;0.9999438447645135;0.9999101967357017;0.999999775136189;1.0001802773804354;1.0001995861614403;0.9999534789169092;0.9999225918160061;0.999978486196224;0.9972754202972534;0.9961743736334041;0.9950447298584733;0.9945144822106812;0.9999664137919906;0.9936708712884482;0.9934808546319666;0.9943835848852027;0.9943564106161947;0.9943350987334845;1.000000051722226;0.9999711192197177;0.9999473163730396;0.9999862448330047;0.9999976823712486;1.024999976158142;
2016-01-30 23:00:00;0.9999479828973991;0.9999006406766524;1.0000000630739492;0.9999566771416267;0.9999886750679031;0.9999647075251631;1.000191838533724;1.0000000558988964;0.9999596372926454;1.0000000532878441;0.9999649127504344;1.000000051162685;1.0000000511037752;0.9999847985959863;1.0000000562706255;0.9999992889250187;1.0000000561924094;1.0000000639901876;1.000000052405945;0.9999672117191185;0.9999424344850392;0.9999186909108411;0.999999686797855;1.0001784096490154;1.0001979262961118;0.9999509108387102;0.9999290138724868;0.9999783671206607;0.9975307831184038;0.9965432868397324;0.9955264979722418;0.9950589939579504;0.9999707259354814;0.994332809817311;0.9941648017623066;0.9949315607825895;0.9949060631100021;0.9948852969423676;1.000000050951332;0.999975078102194;0.9999450104863705;0.9999842530916631;0.9999987983214443;1.024999976158142;
2016-01-30 23:15:00;0.999950708386369;0.9998849923489052;1.000000062161767;0.9999612167199614;0.9999890667034012;0.9999695156359312;1.0001934074538965;1.0000000553407435;0.9999654043453431;1.000000053007747;0.9999660484223571;1.000000051120333;1.0000000510453357;0.9999834752263166;1.0000000557400563;0.999999737727973;1.0000000556153523;1.000000063017799;1.000000052172875;0.9999721879406249;0.9999470202773728;0.9999175642979555;0.999999814023022;1.0001802178373151;1.0001992215902449;0.9999570080559763;0.9999286753915408;0.9999806108211939;0.9975880471851684;0.9966307513884519;0.9956497865839862;0.9952051812859196;0.9999696856632143;0.9945251641732399;0.9943591044900542;0.9950767511078548;0.9950496787634351;0.9950279727615663;1.0000000507920552;0.9999739092883351;0.9999505325192516;0.9999879155496144;0.9999977908153079;1.024999976158142;
2016-01-30 23:30:00;0.9999381705045428;0.9998768581056589;1.0000000669476987;0.9999491464906881;0.9999865451236274;0.999958889921445;1.000197361697186;1.000000057439348;0.9999531724238252;1.0000000540507243;0.999958254726485;1.0000000513412013;1.0000000512692715;0.999981399842507;1.0000000579716706;0.9999992619361378;1.0000000578538126;1.000000068159295;1.0000000529114328;0.9999619348960888;0.9999319189311653;0.9999022770708142;0.9999996478272786;1.0001835674283757;1.0002036932667808;0.999942561839838;0.9999148148376806;0.9999746060306047;0.997652374134756;0.9967108637364711;0.9957489570217447;0.9953095427214642;0.9999646715079169;0.9946410981811349;0.9944758696386412;0.9951801312430956;0.9951530792189874;0.9951320561150873;1.0000000510503393;0.999969850669129;0.9999352683534497;0.9999820772506265;0.9999982871642842;1.024999976158142;
2016-01-30 23:45:00;0.9999503079888933;0.9999131698452898;1.0000000602259818;0.99995994993952;0.9999913956989207;0.9999688290033056;1.0001914319953702;1.0000000547312335;0.9999692668002748;1.0000000525318071;0.9999690621091321;1.0000000508624267;1.0000000508040146;0.9999863039982478;1.000000055125174;0.9999991960943544;1.000000055055537;1.0000000609054402;1.0000000518091978;0.9999714234147639;0.9999433727407826;0.9999304987457835;0.9999996299614369;1.0001779876288313;1.0001976406892614;0.9999529214652504;0.999938171335457;0.9999808415422478;0.9976424797533212;0.99671280072983;0.9957527020723065;0.9953209972396543;0.9999767668228638;0.9946515614058428;0.9944952317410394;0.9952025413787526;0.9951762094577365;0.9951561228175199;1.000000050590765;0.999980219117998;0.9999461557730104;0.9999874031936248;0.9999988489312778;1.024999976158142;
2016-01-31 00:00:00;0.9999173558951266;0.9998320101663256;1.0000000696225695;0.9999353702123189;0.9999851200003106;0.9999507673395134;1.0002015820020338;1.0000000586460371;0.99995167284493;1.0000000546300787;0.9999471883131785;1.0000000515201353;1.0000000514437968;0.9999747361152147;1.0000000593775846;0.9999989960749661;1.000000059232998;1.0000000710184644;1.0000000533034359;0.9999555340716106;0.999908071574561;0.9998776039263844;0.9999994637794765;1.0001874005284983;1.0002084630545494;0.9999254781014867;0.9998921381350241;0.9999689659475328;0.997748107467733;0.9968508780762367;0.995941941684012;0.995534332778608;0.9999578618273594;0.9949241507482859;0.9947615139767969;0.9954075394403354;0.9953813795489072;0.9953609828112289;1.0000000511189213;0.9999638194167074;0.9999137065778865;0.999981713484075;0.9999969065476804;1.024999976158142;
