;('LV4.101 Bus 1', 'L1');('LV4.101 Bus 10', 'L1');('LV4.101 Bus 11', 'L1');('LV4.101 Bus 12', 'L1');('LV4.101 Bus 13', 'L1');('LV4.101 Bus 14', 'L1');('LV4.101 Bus 15', 'L1');('LV4.101 Bus 16', 'L1');('LV4.101 Bus 17', 'L1');('LV4.101 Bus 18', 'L1');('LV4.101 Bus 19', 'L1');('LV4.101 Bus 2', 'L1');('LV4.101 Bus 20', 'L1');('LV4.101 Bus 21', 'L1');('LV4.101 Bus 22', 'L1');('LV4.101 Bus 23', 'L1');('LV4.101 Bus 24', 'L1');('LV4.101 Bus 25', 'L1');('LV4.101 Bus 26', 'L1');('LV4.101 Bus 28', 'L1');('LV4.101 Bus 29', 'L1');('LV4.101 Bus 3', 'L1');('LV4.101 Bus 30', 'L1');('LV4.101 Bus 31', 'L1');('LV4.101 Bus 32', 'L1');('LV4.101 Bus 33', 'L1');('LV4.101 Bus 34', 'L1');('LV4.101 Bus 35', 'L1');('LV4.101 Bus 36', 'L1');('LV4.101 Bus 37', 'L1');('LV4.101 Bus 38', 'L1');('LV4.101 Bus 39', 'L1');('LV4.101 Bus 4', 'L1');('LV4.101 Bus 40', 'L1');('LV4.101 Bus 41', 'L1');('LV4.101 Bus 42', 'L1');('LV4.101 Bus 43', 'L1');('LV4.101 Bus 44', 'L1');('LV4.101 Bus 5', 'L1');('LV4.101 Bus 6', 'L1');('LV4.101 Bus 7', 'L1');('LV4.101 Bus 8', 'L1');('LV4.101 Bus 9', 'L1');('MV1.101 Bus 52', 'L1');('metainfo', 'in the first', 'few indices')
2016-07-24 00:00:00;0.9999791441157629;1.0;0.999965197349933;0.9999906148871661;0.9999967010610407;0.9999999999999999;1.0;0.9999900588917461;0.999980827450724;0.9999950314208736;0.9999774962644832;0.9999942386412713;0.9999994021585862;0.9999877911639031;0.9999896142083792;0.9999988432370779;0.9999996671225123;0.9999961359504572;1.0;0.9999706877094818;0.999974022692446;1.0;1.0;0.999999742353766;1.0001609298361223;0.9999710643199201;0.9999930531084038;0.9999961038764101;0.9995649566271557;0.9993357609768049;0.9994006332712807;0.9994623380594833;0.9999938404994243;1.0;1.0;0.9991813966625885;0.9991549124939957;0.999144194052281;1.0001380905570987;1.0;0.9999719363880866;0.9999651732802523;1.0;1.024999976158142;simulation#6028
2016-07-24 00:15:00;0.9999789724496103;1.0;0.9999654922288654;0.9999901082269008;0.9999967884241673;1.0;1.0;0.9999908317876885;0.9999812723735606;0.9999955763221735;0.9999766256386091;0.9999963777117093;0.9999993391672087;0.9999889909491878;0.999990508779006;0.9999986944558804;0.9999995986292372;0.9999961926638946;1.0;0.9999703977300547;0.999973245753403;1.0;1.0;0.9999995000456844;1.0001593372849864;0.9999696847588491;0.9999927749368854;0.9999965013930473;0.99954629832371;0.9993231189879267;0.9993892534095524;0.9994585206484526;0.9999942156124;1.0;1.0;0.9991847322454337;0.9991659477628908;0.9991564349945717;1.0001366886017264;1.0;0.9999708080886862;0.999965369683183;1.0;1.024999976158142;comment data format: active and reactive powers in Watts
2016-07-24 00:30:00;0.999976441138896;1.0;0.9999620638684429;0.9999891408337725;0.9999960016045409;1.0;1.0;0.9999897887853367;0.999978994952718;0.9999952001650633;0.9999746560655164;0.9999970117777297;0.9999990625444728;0.9999879356721423;0.9999898360321197;0.9999986989690823;0.9999995972984248;0.9999951223786413;1.0;0.999967056596322;0.9999694485449266;1.0;1.0;0.9999995487295583;1.0001572799823046;0.9999660819710893;0.9999919070002752;0.9999961795653659;0.9996337305620816;0.9994345964899705;0.9994558083543893;0.9994902063357805;0.9999935959103335;0.9999999999999999;1.0;0.9991909298921998;0.9991741533896137;0.9991646405431709;1.0001348760735103;1.0;0.9999668780382664;0.9999616891512131;1.0;1.024999976158142;step time in minutes: 15
2016-07-24 00:45:00;0.9999806422551019;1.0;0.9999700963604387;0.9999908073013355;0.9999966645979922;1.0;1.0;0.9999926200117567;0.9999836614244336;0.9999966817814742;0.9999792094916694;0.9999968865749287;0.9999990502708453;0.999991517577038;0.9999927883809424;0.9999988900260097;0.9999996393871425;0.9999957838076423;0.9999999999999999;0.9999733200732371;0.9999740778640785;1.0;1.0;0.9999994683695633;1.0001514568857102;0.9999712562517987;0.9999931847086697;0.9999973301065564;0.9997074350095786;0.99953909975787;0.9995486067887445;0.9995731153276061;0.9999952407397319;1.0;0.9999999999999999;0.9993163577273645;0.9992994761714925;0.9992903430065223;1.0001300849740626;0.9999999999999999;0.9999718041301819;0.9999696381794996;1.0;1.024999976158142;start time of simulation: 2016-07-24 00:00:00+00:00
2016-07-24 01:00:00;0.9999870642810926;1.0;0.9999762083181567;0.9999937207303717;0.9999966275023796;0.9999999999999999;0.9999999999999999;0.9999929287578304;0.9999844992532144;0.9999982268527238;0.999983517359284;0.9999969424205915;0.9999994498907985;0.9999940777103526;0.9999962877018134;0.9999992874440776;0.9999996771859759;0.9999961312955619;1.0;0.9999780807058901;0.9999817973638211;1.0;1.0;0.9999995759370829;1.0001502764811918;0.999978149588581;0.9999948220155249;0.9999982846307435;0.9996748306560727;0.9994951459135516;0.9995014150361395;0.9995256523675062;0.9999962609097841;1.0;1.0;0.9992364357527128;0.9992194387322895;0.9992099254546981;1.0001294342662022;1.0;0.9999794005006816;0.9999747096151169;1.0;1.024999976158142;end time of simulation: 2016-08-07 00:00:00+00:00
2016-07-24 01:15:00;0.9999927455373733;1.0;0.9999870703450408;0.9999961515086753;0.9999982313210509;1.0;0.9999999999999999;0.9999966784053679;0.9999917992766172;0.9999994183695063;0.9999902268416205;0.9999971831331542;0.999999663721236;0.9999976126920518;0.9999985857512387;0.9999994889357758;0.9999997694248264;0.9999979480845657;1.0;0.9999877045449496;0.9999894337907725;0.9999999999999999;1.0;0.9999995807822819;1.0001454244381411;0.9999869438122383;0.9999969430199643;0.9999993464492489;0.9997020768770604;0.9995328125449148;0.9995360736418879;0.9995563625303423;0.9999982126059739;1.0;1.0;0.9992825264837824;0.9992656807199294;0.9992553736146266;1.0001254504932504;1.0;0.9999878457407628;0.9999861885651404;1.0;1.024999976158142;"[""terminal(s) with malfunction: ['LV4.101 Bus 44']"", 'type of malfunction: EVSE without P(U) control']"
2016-07-24 01:30:00;0.999989463122641;1.0;0.9999854652838895;0.9999948019280286;0.999997530275669;1.0;1.0;0.9999970564369544;0.9999915027238703;0.9999992983168225;0.9999890406103822;0.99999714280554;0.9999990670062381;0.9999975932915316;0.999998320769835;0.9999994976054565;0.9999997915985196;0.9999966510484254;1.0;0.9999854617356362;0.9999840389918736;1.0;1.0;0.9999995753331693;1.0001435447695621;0.9999826799529424;0.999995948136188;0.9999993094432218;0.9997433072402858;0.9995949780257193;0.9995771533539227;0.999585561468287;0.9999980812079966;1.0;1.0;0.9993153510529368;0.999298669507321;0.9992887429355168;1.0001238163707202;1.0;0.9999825638024074;0.9999845584038981;1.0;1.024999976158142;terminals with PVs: ['LV4.101 Bus 9', 'LV4.101 Bus 30', 'LV4.101 Bus 40', 'LV4.101 Bus 15', 'LV4.101 Bus 3', 'LV4.101 Bus 10', 'LV4.101 Bus 41', 'LV4.101 Bus 26', 'LV4.101 Bus 14', 'LV4.101 Bus 6']
2016-07-24 01:45:00;0.9999891311165253;1.0;0.999984316302854;0.999994512711224;0.9999977356728268;1.0;1.0;0.9999967872562774;0.9999911095687433;0.9999990922673341;0.9999880771364452;0.9999969133751266;0.9999991981121036;0.9999971488651468;0.9999977971096912;0.9999993716284232;0.9999997548374655;0.9999969973804331;1.0;0.9999847771693445;0.9999840407290628;1.0;1.0;0.9999995038781034;1.0001432612877328;0.9999821952015906;0.9999958340794215;0.999999161435156;0.999750587129032;0.9996025573836864;0.9995740633300179;0.9995746629386748;0.9999978967161075;1.0;1.0;0.9992865296245363;0.9992694401374785;0.9992599263838383;1.0001234843899056;1.0;0.9999824199676588;0.9999835633419608;1.0;1.024999976158142;terminals with EVSE: ['LV4.101 Bus 8', 'LV4.101 Bus 11', 'LV4.101 Bus 17', 'LV4.101 Bus 3', 'LV4.101 Bus 26', 'LV4.101 Bus 22', 'LV4.101 Bus 41', 'LV4.101 Bus 16', 'LV4.101 Bus 5', 'LV4.101 Bus 44']
2016-07-24 02:00:00;0.9999915160443111;1.0;0.9999868214803882;0.9999955926073866;0.9999980305319253;1.0;1.0;0.9999970900693852;0.9999920523324131;0.9999994544986021;0.9999898571402545;0.9999968865749288;0.999999413947885;0.999997853863012;0.9999986130717154;0.9999994749081559;0.9999997735728293;0.9999975020869585;1.0;0.9999871003877315;0.9999873393823993;1.0;1.0;0.999999547650023;1.000141843210097;0.9999853054781764;0.9999965669274297;0.9999994059078949;0.9997770085398844;0.9996429495881444;0.9996128368322316;0.9996129693579161;0.9999982716994982;0.9999999999999999;1.0;0.999350157796421;0.9993326653385243;0.9993227384290213;1.0001223489167934;1.0;0.9999857927797224;0.9999859694578237;1.0;1.024999976158142;
2016-07-24 02:15:00;0.9999918620873289;1.0;0.9999883141667228;0.9999959657331309;0.9999982160713612;1.0;1.0;0.9999975214733013;0.999993271935552;0.9999992999328269;0.9999912642888803;0.9999970117777295;0.9999993706357068;0.9999978015226845;0.9999983558526037;0.9999995707789184;0.9999998301925055;0.999997627890733;1.0;0.9999886268650475;0.9999879946005596;1.0;1.0;0.9999996677903675;1.0001406365974086;0.9999867609683637;0.999996895692416;0.9999993538528984;0.999794944401274;0.9996672867263607;0.9996069999197064;0.9995883002919647;0.9999984011476508;0.9999999999999999;1.0;0.9992834139239485;0.9992666358685479;0.9992571221416064;1.0001213374303508;0.9999999999999999;0.9999868318452345;0.9999877113822974;1.0;1.024999976158142;
2016-07-24 02:30:00;0.9999923411557475;1.0;0.999990341795362;0.9999961946944702;0.9999985518674831;1.0;0.9999999999999999;0.9999984557465872;0.9999950339116337;0.9999994014449719;0.9999925242158506;0.9999972121627083;0.9999993229750701;0.9999983761934627;0.999998509525257;0.9999995971735545;0.9999998586817656;0.9999979147200563;1.0;0.9999904359267319;0.9999886567199952;1.0;1.0;0.999999676886025;1.0001377118633266;0.9999879895835533;0.9999971951334565;0.9999995012831691;0.999832092267341;0.9997225456424604;0.9996795438942413;0.9996706425451807;0.9999987664079186;1.0;1.0;0.9994346670459073;0.9994191310617723;0.9994104093914695;1.000118827908656;1.0;0.9999877602822151;0.99999000854918;1.0;1.024999976158142;
2016-07-24 02:45:00;0.9999931006924835;1.0;0.9999888569195644;0.9999965213617747;0.9999988802038241;1.0;1.0;0.9999973630702906;0.9999939165374229;0.9999989466025754;0.9999918617743817;0.9999970117777295;0.9999997295087131;0.9999971733249002;0.9999975889062284;0.9999995131942983;0.999999830898977;0.9999986459620454;1.0;0.9999900264534781;0.9999907624709657;1.0;1.0;0.999999704390405;1.0001389802915508;0.9999892201724434;0.9999974564403353;0.9999991284391415;0.9998213510372931;0.9997054031512759;0.9996335717379209;0.9996074605619348;0.9999983237157248;1.0;1.0;0.9993055464984829;0.999289061044958;0.9992799279751773;1.0001198374163807;0.9999999999999999;0.9999897293871757;0.9999886529329735;1.0;1.024999976158142;
2016-07-24 03:00:00;0.9999900440950609;1.0;0.999983331957961;0.9999949196822014;0.9999981987993528;0.9999999999999999;1.0;0.9999959090016046;0.9999904872977061;0.9999986107321569;0.9999877590239665;0.9999968113769109;0.9999996150653148;0.9999959989057555;0.9999968053363503;0.9999992894429154;0.9999997356726714;0.9999978726172217;1.0;0.9999849018850498;0.9999864604369071;1.0;1.0;0.9999995398697678;1.000138146706541;0.9999838844899294;0.9999962023141876;0.9999987925440736;0.9998508882849065;0.9997541677736613;0.9996967865735665;0.9996815777636694;0.9999975232946542;1.0;1.0;0.9994445340023022;0.9994271189584525;0.9994176037035983;1.0001189702853;0.9999999999999999;0.9999847893168536;0.9999828220773312;0.9999999999999999;1.024999976158142;
2016-07-24 03:15:00;0.9999878629954363;0.9999999999999999;0.9999850267349625;0.9999941685163969;0.9999970844162792;1.0;1.0;0.9999973782293967;0.9999914788175218;0.9999993531167838;0.9999886872818676;0.9999969133751265;0.99999870635546;0.9999978234797647;0.9999984469734713;0.9999995378671125;0.9999998107824478;0.9999958436663026;1.0;0.9999844801704902;0.9999811657143124;1.0;1.0;0.9999995813654659;1.0001382697328318;0.999980514455381;0.9999954474912877;0.9999993718536587;0.9998484463186561;0.9997461615700858;0.9996769033971629;0.9996526278384529;0.9999980999916435;1.0;0.9999999999999999;0.9993837826870092;0.9993666915367598;0.9993571768572175;1.0001192807022232;1.0;0.999979770812419;0.9999840301947263;1.0;1.024999976158142;
2016-07-24 03:30:00;0.999991221084365;1.0;0.9999875080423165;0.9999955046677282;0.9999982276565007;1.0;1.0;0.9999975886192032;0.9999930461989267;0.9999993335516114;0.9999903258479158;0.9999970117777294;0.9999993457859702;0.9999978845972357;0.9999983172349658;0.9999994684847706;0.9999997941164519;0.9999976287394063;1.0;0.9999878135205842;0.9999870702477295;1.0;0.9999999999999999;0.9999995644166657;1.0001371284524685;0.9999855318998543;0.9999966202947377;0.9999993800337965;0.9998565471842487;0.9997598163812158;0.9996956336116348;0.999674925564923;0.9999983763150962;1.0;1.0;0.9994259720564084;0.9994085812302602;0.9993982726509842;1.0001182530784851;1.0;0.9999857332790784;0.9999869268195909;1.0;1.024999976158142;
2016-07-24 03:45:00;0.9999927240154253;0.9999999999999999;0.9999896571351063;0.9999962522078268;0.9999986949214732;1.0;1.0;0.9999980656856757;0.999994483257977;0.9999993453538459;0.9999919660269976;0.9999969424205912;0.9999995064805108;0.9999981138653343;0.9999983551091923;0.9999995254420625;0.9999998267157372;0.9999982477084579;1.0;0.9999900976700611;0.9999895203738942;0.9999999999999999;0.9999999999999999;0.9999996303591988;1.0001370205821851;0.9999882303899383;0.9999972493050077;0.9999994317560512;0.9998680551818969;0.9997745080338925;0.9997180595451348;0.9997007695747868;0.999998639843185;0.9999999999999999;1.0;0.9994740690867984;0.9994570680242298;0.9994475524842392;1.0001181882201189;1.0;0.9999884456276024;0.999989316307569;1.0;1.024999976158142;
2016-07-24 04:00:00;0.9999923625747161;1.0;0.9999887164523972;0.9999959725786504;0.9999984040171412;1.0;1.0;0.9999978020885835;0.999993554327279;0.9999995466314333;0.9999910738320017;0.9999969133751265;0.9999994569338173;0.9999983152245958;0.9999987622009061;0.9999994967472097;0.9999997948302538;0.9999979169819967;0.9999999999999999;0.99998891163105;0.9999886358158491;1.0;1.0;0.9999995589970775;1.0001372921727036;0.999986924902323;0.9999969545600048;0.9999995270654246;0.9998497365425695;0.9997471258197497;0.9996701001292069;0.999640614797175;0.9999985882259615;0.9999999999999999;1.0;0.999356594915016;0.9993395042297232;0.9993299898090233;1.0001184309292892;1.0;0.9999872992462473;0.9999880937214243;1.0;1.024999976158142;
2016-07-24 04:15:00;0.9999924023893442;0.9999999999999999;0.999987685222158;0.9999962914134114;0.999998539033992;1.0;0.9999999999999999;0.9999968835355678;0.9999929364306112;0.9999988552795986;0.9999912614249679;0.9999969133751265;0.9999996436405524;0.9999968161882854;0.9999974685382126;0.9999995391989466;0.9999998328572243;0.9999982144156735;1.0;0.9999888466530298;0.9999896302815666;1.0;1.0;0.9999997374462384;1.0001370977275856;0.9999881140878093;0.9999971874912448;0.999999029504222;0.9998593087094246;0.9997620133957735;0.9997041489288216;0.9996862157319084;0.9999980991455669;1.0;1.0;0.99944869091063;0.9994318916655908;0.9994227572904001;1.0001182160080855;1.0;0.9999885353852767;0.9999873114311407;1.0;1.024999976158142;
2016-07-24 04:30:00;0.9999909122677939;1.0;0.9999866391120136;0.9999955721290151;0.9999982532790538;0.9999999999999999;1.0;0.9999970146003543;0.9999925999556832;0.9999988619065103;0.9999903046015837;0.9999967420198029;0.9999994135382544;0.9999968851902089;0.9999974269502201;0.9999994942794634;0.9999998204537818;0.9999977065127807;1.0;0.999987529423676;0.9999871880109136;1.0;1.0;0.9999996790938331;1.0001386690701146;0.99998587708394;0.9999966721968246;0.9999990454771763;0.9998353159806606;0.9997260686837199;0.9996534337607301;0.9996268730490717;0.9999980360239068;1.0;1.0;0.9993375215872761;0.9993198886323688;0.9993103743984233;1.0001195512861876;1.0;0.999986018008212;0.9999862231445256;0.9999999999999999;1.024999976158142;
2016-07-24 04:45:00;0.9999894754183885;1.0;0.9999871634467479;0.9999946821906276;0.9999979541187811;1.0;1.0;0.9999982103908162;0.9999934263137819;0.9999994175527966;0.9999897403662431;0.999997113775992;0.9999989940936229;0.9999982956202133;0.9999984130229465;0.9999994402400438;0.9999997957689479;0.9999970120278011;0.9999999999999999;0.9999869348795694;0.9999840685290596;1.0;1.0;0.9999995017132092;1.0001378828414214;0.9999831309391664;0.9999960748473574;0.9999994871514047;0.9998626351969012;0.9997654471329321;0.999702739313763;0.9996814530429435;0.9999984825729309;1.0;1.0;0.9994362038847606;0.9994197461163745;0.999410230931715;1.0001188970156873;0.9999999999999999;0.9999827691645847;0.9999866167083614;1.0;1.024999976158142;
2016-07-24 05:00:00;0.9999878264261268;1.0;0.9999833285803514;0.9999940511183486;0.9999969812368714;1.0;0.9999999999999999;0.9999965658005704;0.9999900405341366;0.9999992692170886;0.9999875066264305;0.9999968381771025;0.9999988594028085;0.9999973304598683;0.9999982762416878;0.9999994688396228;0.9999997696725844;0.9999958997758085;1.0;0.9999831345834834;0.9999813281773758;1.0;1.0;0.999999536002083;1.0001384866294618;0.9999798845249311;0.9999952928318149;0.9999992462117206;0.999854433049186;0.999755888404967;0.9996890520216463;0.99966670255098;0.9999978011558557;1.0;1.0;0.9994099900101163;0.9993932704778751;0.9993845490332507;1.000119426503907;1.0;0.9999796371629741;0.9999821598559588;1.0;1.024999976158142;
2016-07-24 05:15:00;0.999992787425184;1.0;0.9999892566003333;0.9999964043751925;0.9999981874238605;1.0;1.0;0.9999975719779554;0.9999934058447107;0.999999527363995;0.9999919593238848;0.9999969424205913;0.9999994154914414;0.9999981817110822;0.9999988824417682;0.9999996393284517;0.9999998393314081;0.9999976406576233;1.0;0.9999893438333398;0.9999890736854266;1.0;1.0;0.9999996928813396;1.0001375206878844;0.999987775079906;0.999997136840626;0.9999994945926917;0.9998417167223191;0.9997415443718566;0.9996740028725337;0.9996531275414545;0.9999985545735671;1.0;1.0;0.9993891655513943;0.9993718485757327;0.9993619212770015;1.0001187029141114;1.0;0.999987910566697;0.999988491704165;1.0;1.024999976158142;
2016-07-24 05:30:00;0.9999923190237008;1.0;0.9999863196840698;0.9999959938504654;0.9999982861332298;1.0;1.0;0.9999964372381736;0.9999915587540424;0.9999991645108764;0.9999898486134439;0.999996811376911;0.9999996949654748;0.999997104834714;0.9999980496937062;0.9999994522659266;0.9999997679802506;0.9999980319826416;1.0;0.999987291122327;0.9999891615320328;1.0;1.0;0.9999995971496489;1.0001391938473159;0.9999866773759544;0.9999968690833365;0.9999991727791937;0.9997960647714021;0.9996905159316329;0.9996159412586311;0.9995991295022894;0.9999980275184315;1.0;1.0;0.9993039090792458;0.9992861791558245;0.9992762527080938;1.0001200178635643;1.0;0.9999876010018709;0.9999855683437009;1.0;1.024999976158142;
2016-07-24 05:45:00;0.9999912217355544;0.9999999999999999;0.9999857139243592;0.9999953267174074;0.999998204838719;1.0;1.0;0.9999968087330534;0.999991624067666;0.999999277366831;0.9999889321160697;0.9999969133751263;0.999999539590343;0.9999974497477156;0.9999981604540107;0.9999993595548997;0.999999738088128;0.9999978113122774;1.0;0.999986412026389;0.9999873376642168;1.0;1.0;0.9999994797393528;1.0001392231589836;0.9999848245757077;0.9999964569834451;0.9999992739843531;0.9997894384891506;0.9996843063324641;0.9996156925668358;0.999604085989814;0.9999980981805998;1.0;1.0;0.9993191350334363;0.9993017276537933;0.999291801051611;1.0001200047763672;1.0;0.9999856443397809;0.9999849810975424;1.0;1.024999976158142;
2016-07-24 06:00:00;0.9999874417350681;0.9999999999999999;0.9999842282705764;0.9999938691200425;0.9999976074641909;1.0;1.0;0.9999973650628707;0.9999918721023231;0.9999989030294413;0.9999880296416982;0.9999969133751263;0.9999988814049726;0.9999971085250515;0.9999973711019666;0.9999993780860184;0.9999997868596521;0.999996549038965;1.0;0.9999844661175401;0.9999814841904087;1.0;1.0;0.9999995284151907;1.0001403311731363;0.9999806133374294;0.9999954652739533;0.9999991016985772;0.9997829210844963;0.9996691168792092;0.9995988189538032;0.9995837337277447;0.9999979170853012;1.0;1.0;0.9992803681148267;0.9992629614104743;0.9992530351933778;1.0001209310313277;1.0;0.9999801231295519;0.9999837152405029;0.9999999999999999;1.024999976158142;
2016-07-24 06:15:00;0.9999928239795309;1.0;0.9999909181871273;0.9999966523505459;0.9999981072592744;1.0;1.0;0.9999981777640715;0.9999945596595303;0.999999573692838;0.9999933947915639;0.9999970117777293;0.9999992149305305;0.9999985247532065;0.9999990674247115;0.9999997796426982;0.9999999019515035;0.9999973443657749;1.0;0.9999906022306085;0.9999888070925024;1.0;1.0;0.9999998068992271;1.000137769711273;0.9999885037627756;0.9999972998903304;0.9999995783005137;0.9998380516880429;0.9997406531113607;0.9996836170614475;0.9996711232973242;0.9999987824795212;1.0;0.9999999999999999;0.9994306532311572;0.9994147760952862;0.9994064353831039;1.000118994833866;1.0;0.9999880022606565;0.9999902284179841;0.9999999999999999;1.024999976158142;
2016-07-24 06:30:00;0.9999910699201969;1.0;0.99998687705518;0.9999953169509703;0.9999982321450942;1.0;1.0;0.9999974565723485;0.9999926557746982;0.9999993685186143;0.9999896798661974;0.9999970117777295;0.9999993875309117;0.9999978811205316;0.9999983357276119;0.9999994042927758;0.9999997655619048;0.9999976837866971;1.0;0.9999872413398977;0.9999868838921327;1.0;1.0;0.9999994998962384;1.0001389705211836;0.9999849691687167;0.999996495050479;0.9999993886340003;0.9998311666990914;0.999718936622468;0.999643053562272;0.99961415929865;0.9999983264661673;1.0;1.0;0.9993130786003886;0.9992965930226072;0.9992874598839876;1.0001198169160936;1.0;0.9999853852474031;0.9999862532333418;1.0;1.024999976158142;
2016-07-24 06:45:00;0.9999903109256919;1.0;0.9999870099187997;0.9999948265434098;0.9999985075739068;1.0;1.0;0.9999981142465952;0.9999935999176351;0.9999993147914884;0.9999893357931953;0.9999968113769108;0.9999993164503215;0.9999980882964222;0.9999980587464267;0.9999992926806187;0.9999997492477882;0.9999979010762609;0.9999999999999999;0.9999873815703145;0.9999859538002017;1.0;1.0;0.9999994050286605;1.0001377332504895;0.9999842067067071;0.9999963339534497;0.9999994175655124;0.9998566671238914;0.9997569816543282;0.9997014445997754;0.9996844540454266;0.999998456790435;1.0;1.0;0.9994470720109302;0.9994296569228565;0.9994201416438391;1.0001186786563716;1.0;0.9999844974386816;0.9999866994744203;1.0;1.024999976158142;
2016-07-24 07:00:00;0.9999930803528444;1.0;0.9999899011554899;0.9999965447148057;0.9999986656884271;1.0;0.9999999999999999;0.9999978673246815;0.9999944149601114;0.9999992625124928;0.999992459775638;0.9999968381771026;0.9999995402460262;0.9999978950075589;0.9999982684727267;0.9999995916063077;0.9999998500059182;0.9999982415164665;0.9999999999999999;0.999990436013749;0.9999901037555221;0.9999999999999999;1.0;0.9999997090739574;1.0001391850022028;0.9999889762643295;0.9999974134887367;0.9999993639945064;0.9998443982755811;0.9997373167620037;0.999669323412742;0.9996445786298811;0.9999985863655045;1.0;1.0;0.9993698838242402;0.9993522372697455;0.9993423101658239;1.0001200870105322;1.0;0.9999891363787474;0.9999895391382966;1.0;1.024999976158142;
2016-07-24 07:15:00;0.9999928008045185;1.0;0.9999891400464207;0.9999965950638705;0.999998573290328;1.0;1.0;0.9999973543572508;0.9999938704845946;0.9999989450057435;0.9999924071951066;0.9999956940841185;0.9999995607053045;0.9999971668821654;0.9999977029595593;0.9999996305049362;0.9999998715765526;0.9999981567271085;1.0;0.9999900313103088;0.9999900061959017;1.0;1.0;0.9999998043179141;1.0001394417560294;0.9999890558519997;0.9999974071068426;0.9999991268240098;0.9998255539802128;0.9997119628783155;0.9996305187109942;0.9995991008110796;0.999998315134385;1.0;1.0;0.999284461469499;0.9992629075515296;0.9992526004748306;1.0001202988417155;0.9999999999999999;0.9999891410407707;0.9999888199280802;0.9999999999999999;1.024999976158142;
2016-07-24 07:30:00;0.9999914424788656;1.0;0.9999885209141057;0.9999956318521183;0.9999981253004138;1.0;0.9999999999999999;0.9999979868948631;0.9999935523057386;0.9999995740241095;0.999990952621183;0.9999954936997763;0.9999992367664898;0.9999984412129025;0.9999988393215676;0.9999995325314674;0.9999998105296135;0.9999974160935996;1.0;0.9999883850482215;0.9999869628267178;1.0;0.9999999999999999;0.9999995744790536;1.0001468951862338;0.9999857192295964;0.9999966738152419;0.999999560448791;0.9998268757048786;0.9997161693310955;0.9996469702586246;0.9996255002435145;0.9999985995052207;1.0;1.0;0.9993433697142872;0.999322083662727;0.999312950291134;1.0001267572159822;0.9999999999999999;0.999985693123128;0.9999878400653583;1.0;1.024999976158142;
2016-07-24 07:45:00;0.9999827749219453;1.0;0.999976387574016;0.9999917874547258;0.9999976238990885;1.0;1.0;0.9999952285599717;0.9999886240723616;0.9999971405615363;0.9999831485998685;0.9999953894565362;0.9999989866818864;0.999993393107828;0.9999935980790214;0.9999989968750226;0.9999997183345355;0.9999966757636036;1.0;0.9999788932696231;0.9999769392827804;1.0;1.0;0.9999994970030528;1.000146766201084;0.9999755195557428;0.9999942164822774;0.9999978479581717;0.9997955434639723;0.9996699912587856;0.9996153679794121;0.9996022799004844;0.9999963696691486;1.0;1.0;0.9993147082119965;0.9992927999054191;0.9992832859293775;1.0001261203325806;1.0;0.9999753707564388;0.9999765680356741;0.9999999999999999;1.024999976158142;
2016-07-24 08:00:00;0.9999614385093597;1.0;0.9999441783181859;0.9999827557681119;0.999998206592972;1.0;1.0;0.9999869567347571;0.9999772415877367;0.9999886424248172;0.9999640600704216;0.9999952642537253;0.9999992388145224;0.9999764290843363;0.9999756206968888;0.9999974515958432;0.9999995439793702;0.9999974989499707;1.0;0.9999569484631193;0.9999564987796866;1.0;1.0;0.9999996101515014;1.0001583997155108;0.999954811442048;0.9999891165685894;0.999991978129078;0.999767173409858;0.9996246628375363;0.9995888024100441;0.9995874764266102;0.9999896686949503;1.0;1.0;0.999305398081677;0.9992837043568045;0.9992749838683351;1.0001345049103239;1.0;0.9999549671550907;0.9999482712908974;1.0;1.024999976158142;
2016-07-24 08:15:00;0.9999809254667344;1.0;0.9999750980216611;0.999991340785419;0.9999980701627118;1.0;0.9999999999999999;0.9999950174171043;0.9999893796633462;0.9999959035803578;0.9999831692050855;0.9999953894565362;0.9999989727676625;0.9999913453399063;0.9999910332519457;0.9999989480260296;0.9999997837865726;0.9999970822045172;1.0;0.9999789220858307;0.9999758050038228;1.0;1.0;0.9999996877407666;1.0001493099803722;0.9999755852455339;0.9999941780017333;0.9999970911345822;0.9997076524194014;0.9995454650185922;0.9995386701608545;0.9995561373266827;0.999995805479441;1.0;1.0;0.9992782911257299;0.9992560662991945;0.999246140150591;1.0001281639842328;1.0;0.9999748538540848;0.999976190507225;1.0;1.024999976158142;
2016-07-24 08:30:00;0.9999888259142161;1.0;0.9999836783374709;0.9999943877108668;0.9999987521167777;1.0;0.9999999999999999;0.9999967541019338;0.9999922735178927;0.9999981111878671;0.9999879049442887;0.9999955204999799;0.9999995337913808;0.9999955898972932;0.9999956066496513;0.99999917595688;0.9999997555679856;0.9999983462898859;1.0;0.9999856978189143;0.9999854528393401;0.9999999999999999;1.0;0.9999995303322134;1.000143959305613;0.9999836824449658;0.9999961547176613;0.9999985720561032;0.999762372426268;0.9996220223078112;0.9995799950013226;0.9995739141417037;0.9999975611129244;1.0;1.0;0.999276276775625;0.99925446640547;0.9992445402727591;1.0001238814724043;1.0;0.9999841513387066;0.9999839067135278;1.0;1.024999976158142;
2016-07-24 08:45:00;0.9999893469982962;1.0;0.9999828131445684;0.9999943412098888;0.999998054573091;0.9999999999999999;1.0;0.9999962381940579;0.9999902805365144;0.9999989433390647;0.9999867213239448;0.9999955898566879;0.9999994949854996;0.9999966711779871;0.9999973630927649;0.9999991921910674;0.9999996873729817;0.9999976304013894;1.0;0.9999839259399586;0.9999849814157692;1.0;1.0;0.9999993788221144;1.000144637446165;0.9999820378996981;0.9999958021360567;0.9999990211231555;0.9997448213250604;0.9995962532514211;0.9995668926345027;0.9995683185274028;0.9999976714039078;1.0;1.0;0.9992770337461058;0.9992563707168659;0.9992476504669302;1.000124566473297;0.9999999999999999;0.9999830286884082;0.9999821459357627;1.0;1.024999976158142;
2016-07-24 09:00:00;0.9999913599681117;1.0;0.9999881305534909;0.9999957672964591;0.9999977725726671;1.0;0.9999999999999999;0.9999975390897899;0.9999927924544503;0.99999955614107;0.9999910735995302;0.9999953200994741;0.9999991693173024;0.9999982135762154;0.9999989388913425;0.9999996321013116;0.9999998337613942;0.9999969837216465;1.0;0.9999878873810344;0.9999866122619371;1.0;1.0;0.9999996638372334;1.000148434637262;0.9999855449839289;0.9999966193211988;0.9999995084201396;0.9996980753657957;0.9995273627941363;0.9995135740730652;0.9995247826804153;0.9999984570558464;1.0;1.0;0.999217849357509;0.9991954061276146;0.9991854805815813;1.0001281413755265;1.0;0.9999853712483973;0.9999872195094844;1.0;1.024999976158142;
2016-07-24 09:15:00;0.9999912849239345;1.0;0.9999896095682586;0.9999958981177925;0.9999976927936263;1.0;1.0;0.999998176483025;0.999993858475203;0.9999996570530132;0.9999922352848492;0.9999953626562568;0.9999989683303603;0.9999986547802882;0.9999991986075064;0.999999742199021;0.9999998830220374;0.9999966925357243;1.0;0.9999889200950863;0.9999861373324535;0.9999999999999999;1.0;0.9999997396468232;1.0001497136257345;0.9999859305895195;0.9999967108107346;0.9999996281649784;0.999685656319811;0.9995075600135183;0.9995087276354554;0.9995281948201592;0.9999986976623789;1.0;0.9999999999999999;0.9992350808024463;0.9992133826623492;0.9992042502842364;1.0001293128118314;1.0;0.9999851857738374;0.9999887519607187;0.9999999999999999;1.024999976158142;
2016-07-24 09:30:00;0.9999895854089884;1.0;0.9999851740982478;0.9999946152672154;0.9999979291734645;1.0;0.9999999999999999;0.9999972020940036;0.9999917827861214;0.999999254434155;0.9999884024420856;0.9999954453022075;0.9999992311223993;0.9999975887376972;0.9999980684849229;0.9999993470243865;0.9999997465039837;0.999997230703171;1.0;0.9999855062252393;0.9999846400450103;1.0;1.0;0.9999994548853809;1.0001476354114414;0.9999827201090112;0.9999959696839222;0.9999992967081739;0.9996590113517416;0.9994819229910863;0.9994829938215681;0.9995085000995738;0.9999981045169865;0.9999999999999999;1.0;0.9992092503263991;0.9991865929330046;0.9991758741514377;1.0001272692512502;1.0;0.999983012487502;0.9999844841145671;0.9999999999999999;1.024999976158142;
2016-07-24 09:45:00;0.9999900297296214;1.0;0.9999853868355034;0.9999947048927692;0.9999986431363463;0.9999999999999999;1.0;0.9999973734257719;0.9999927169246605;0.99999888930206;0.9999884549653345;0.9999956188863195;0.999999498647803;0.9999970902799376;0.9999971763756123;0.9999992121903026;0.9999997304052082;0.9999982174005501;1.0;0.9999865058357381;0.9999862568755461;1.0;1.0;0.9999994172722103;1.0001479588114615;0.999984090823671;0.9999962872175399;0.9999990942906034;0.9996608619964896;0.9994745268977006;0.9994808102855807;0.9995044941296886;0.9999980697942775;1.0;1.0;0.9992001165026929;0.9991786190940031;0.9991686937147243;1.000127438366608;1.0;0.9999847246015114;0.9999852211086414;1.0;1.024999976158142;
2016-07-24 10:00:00;0.9999910512203644;1.0;0.9999871659791718;0.9999957346049708;0.9999979533354287;1.0;0.9999999999999999;0.9999970631961214;0.9999924876877739;0.9999990761728469;0.9999907915456036;0.9999955204999799;0.9999992897913581;0.9999972444328252;0.9999979615777387;0.9999995964526959;0.999999842125264;0.9999972763705105;1.0;0.9999876137982663;0.9999868780518485;1.0;1.0;0.9999997270400847;1.0001464292305922;0.9999858361618369;0.9999966643340301;0.9999991780513768;0.9996849294807538;0.9995062810868036;0.9995174366487669;0.9995418881192066;0.9999981375418328;1.0;1.0;0.9992639158236054;0.9992430333086731;0.9992343131751293;1.0001263392706576;1.0;0.9999857446715485;0.9999865098185613;1.0;1.024999976158142;
2016-07-24 10:15:00;0.9999903381165219;1.0;0.9999869480160987;0.9999954901738051;0.9999973877378402;1.0;0.9999999999999999;0.9999970793824744;0.9999919323501595;0.9999993446795828;0.9999906440709542;0.999995362656257;0.9999990209166577;0.9999976752514828;0.9999985999399069;0.9999996875883027;0.9999998551266577;0.9999964396025791;1.0;0.9999867258687617;0.9999850567792643;1.0;1.0;0.9999997432041047;1.0001484962739056;0.9999843447941738;0.9999963218342504;0.9999993397535157;0.999642512493;0.9994507949774589;0.9994722848367118;0.9995065154254504;0.9999981849580839;1.0;1.0;0.9992179210101799;0.9991965405410772;0.9991878208132637;1.0001282035967782;1.0;0.9999838746650519;0.999985933441636;1.0;1.024999976158142;
2016-07-24 10:30:00;0.9999850620389049;1.0;0.9999732037200861;0.9999922509005684;0.9999952666060399;1.0;1.0;0.9999926335971928;0.9999814102153114;0.9999994193348978;0.9999799981263556;0.9999953007473817;0.99999899890914;0.9999958330664107;0.9999986583362719;0.9999991829077776;0.9999995469401075;0.999994369031239;1.0;0.9999733378915499;0.9999767380847719;1.0;0.9999999999999999;0.9999992117625616;1.000151166248187;0.999971726158332;0.999993388250682;0.9999989666626217;0.9996618319021474;0.9994743335672438;0.9994868290788227;0.9995140747506083;0.9999963697329954;1.0;0.9999999999999999;0.9992209640494114;0.9991993861770174;0.999190666424371;1.0001302761773492;1.0;0.9999732642129614;0.9999704593602263;1.0;1.024999976158142;
2016-07-24 10:45:00;0.9999740316972497;0.9999999999999999;0.9999497444947494;0.999986584507465;0.9999928710453115;1.0;1.0;0.9999852988093779;0.9999663960946451;0.9999973578949689;0.9999635867234408;0.9999957209002487;0.9999990319467102;0.9999893700079279;0.9999942887199971;0.9999983030677325;0.9999991761852419;0.9999920746176072;0.9999999999999999;0.9999528214440704;0.9999625250614954;1.0;1.0;0.9999987144387271;1.0001636666812848;0.9999527333317798;0.9999888901039652;0.9999970413197428;0.999571854328484;0.9993360010781396;0.9993953763213567;0.9994496472518428;0.9999925804095267;1.0;1.0;0.9991501638648123;0.9991296005426591;0.9991204689302786;1.0001404394400415;1.0;0.999956536846202;0.9999459141898208;1.0;1.024999976158142;
2016-07-24 11:00:00;0.9999697471343603;1.0;0.9999516716513597;0.9999855668853139;0.9999954857231087;0.9999999999999999;1.0;0.9999877743671359;0.9999741915937728;0.9999940345768005;0.9999666317341014;0.9999956940841185;0.9999989186556918;0.9999852474548566;0.9999871092232598;0.9999980882663242;0.9999994074849003;0.9999945161170005;1.0;0.9999580794948741;0.9999609971336925;1.0;1.0;0.9999991628515922;1.000167173163835;0.9999559671455949;0.9999895514494215;0.9999952840492093;0.9995409727927433;0.9992922925868681;0.9993517195187741;0.999407556871879;0.9999921120943351;1.0;1.0;0.9990818385482734;0.9990608991615729;0.9990513873933908;1.0001429969821003;1.0;0.9999574423287709;0.9999514974010754;1.0;1.024999976158142;
2016-07-24 11:15:00;0.9999758414971185;1.0;0.9999618776279;0.9999891413404686;0.9999978159865436;1.0;1.0;0.9999899745140445;0.9999818211813167;0.9999932730984199;0.9999754525333632;0.9999954936997763;0.999999558985541;0.9999850020007534;0.9999856902162575;0.9999984606298289;0.9999996554913309;0.9999974101600315;0.9999999999999999;0.9999695984549263;0.9999719227655756;1.0;1.0;0.999999726900778;1.000161517219344;0.9999695103187265;0.9999926549670198;0.9999950411097339;0.9995963619583231;0.9993706551816786;0.9994408840391722;0.9995003919396569;0.9999930473066762;1.0;1.0;0.9992419931170401;0.9992204162733282;0.9992109029864301;1.0001382114920019;1.0;0.9999702628957828;0.999963394936927;1.0;1.024999976158142;
2016-07-24 11:30:00;0.9999865477897861;1.0;0.9999792878707617;0.999993832351669;0.9999986319045018;1.0;0.9999999999999999;0.9999948299887175;0.9999900732282887;0.9999966415313882;0.9999862866914309;0.999995389456536;0.999999638440609;0.9999924215927732;0.9999927398840343;0.999999140690092;0.9999997931867534;0.9999982981091919;1.0;0.9999830632573914;0.9999838090727455;1.0;1.0;0.999999771768591;1.0001608510002755;0.999982415527405;0.9999957798575598;0.9999975154881549;0.9994824974480597;0.9992086407870229;0.9993019877053071;0.999377178742492;0.99999636147466;1.0;1.0;0.999057485853277;0.9990352659376448;0.9990253419823704;1.0001383253838803;1.0;0.9999827710251975;0.9999799590699181;0.9999999999999999;1.024999976158142;
2016-07-24 11:45:00;0.9999341953206478;1.0;0.9999041119249577;0.9999701628099396;0.9999984945336363;1.0;1.0;0.9999781008793753;0.9999627306685139;0.999979717223999;0.9999376920580507;0.9999956457024436;0.9999992526194572;0.9999586741049513;0.9999564803407905;0.9999952737205596;0.9999991529664795;0.9999978681270473;1.0;0.9999274476824946;0.9999278663903751;1.0;1.0;0.9999991600452336;1.0001842004278765;0.9999241160608359;0.9999817871905625;0.9999857584108737;0.9995690962687879;0.9993247565599886;0.9994005928689851;0.9994656248124043;0.9999822261608611;1.0;1.0;0.9991915245306516;0.9991707221101173;0.9991615901219034;1.000154757060878;1.0;0.9999252439088836;0.9999121855430207;1.0;1.024999976158142;
2016-07-24 12:00:00;0.999942097324006;1.0;0.99991720769328;0.9999745148042559;0.9999972537639671;1.0;1.0;0.999980430567174;0.9999663881572124;0.9999825737478232;0.9999475958387468;0.9999957209002486;0.9999987654077456;0.9999641538261445;0.99996308288044;0.9999963736158712;0.9999994029034511;0.999996072749305;0.9999999999999999;0.9999362950748937;0.9999347650797179;1.0;0.9999999999999999;0.9999996451877693;1.000184106108318;0.9999332788445575;0.9999839559260789;0.9999876989049309;0.9995106050957898;0.9992408221273159;0.9993111099857127;0.9993737795880338;0.999984452638178;1.0;0.9999999999999999;0.9990347506230578;0.9990138967850062;0.9990043854643201;1.0001555535525257;1.0;0.9999329123247714;0.9999234284229704;1.0;1.024999976158142;
2016-07-24 12:15:00;0.9999000863135026;1.0;0.999853857186793;0.9999564847849358;0.9999982519486357;0.9999999999999999;1.0;0.999964431954808;0.9999435994888185;0.9999662752864835;0.9999094437168986;0.9999956188863196;0.9999992126293767;0.9999317063640567;0.9999288132370696;0.9999933134094116;0.9999990205574383;0.9999975152478884;1.0;0.9998923644130568;0.9998937970814478;1.0;1.0;0.9999997383500396;1.0001957636564147;0.9998912239379079;0.9999737071955958;0.9999763819485576;0.9995583430215853;0.9993044062540651;0.999363222518171;0.9994187228696307;0.9999714448570138;1.0;1.0;0.999100220204576;0.9990796523792259;0.999070933671465;1.0001623436931997;1.0;0.9998916640574076;0.9998674004794181;1.0;1.024999976158142;
2016-07-24 12:30:00;0.9999660882715729;0.9999999999999999;0.9999470000219131;0.9999844572481787;0.9999973648324164;1.0;1.0;0.9999866292919632;0.9999754552617142;0.9999906841588232;0.9999651955233544;0.9999953894565362;0.9999994398246498;0.9999794906696721;0.9999800370381401;0.9999976940482246;0.9999994743143955;0.999996877797778;1.0;0.9999577773267484;0.9999607147469455;1.0;1.0;0.999999457842276;1.0001702248302042;0.9999569900068846;0.9999896815467771;0.9999931693067742;0.9994901994050346;0.9992489660081391;0.9993192570241038;0.9993973850250397;0.9999904943839629;1.0;1.0;0.9990944951246972;0.9990732018132097;0.9990644831617412;1.0001450790903872;1.0;0.9999582659975842;0.999949358947958;1.0;1.024999976158142;
2016-07-24 12:45:00;0.9999653122900815;1.0;0.9999337031832838;0.9999841615316402;0.9999924875623335;1.0;1.0;0.9999786965853515;0.9999585929682017;0.9999921674327086;0.9999571487703556;0.9999954453022074;0.9999993642223037;0.9999783490315917;0.9999842267416631;0.9999981008421399;0.9999992820581987;0.9999919208903891;1.0;0.9999428263061827;0.9999557118648738;1.0;1.0;0.9999994797822842;1.0001763418629948;0.9999470370560318;0.9999873310348848;0.9999933063769775;0.999371566777314;0.9991077378342982;0.9991994875585029;0.9993074710442247;0.9999883812315785;0.9999999999999999;1.0;0.9989842731192823;0.9989628410270777;0.9989537109388068;1.0001507786781918;1.0;0.9999505032542392;0.9999314438215263;1.0;1.024999976158142;
2016-07-24 13:00:00;0.9999872268301371;0.9999999999999999;0.9999680663514819;0.9999940503996451;0.9999941521657391;1.0;1.0;0.999987600041235;0.9999745720122841;0.9999984657238274;0.9999793073124703;0.9999955763457241;0.9999996832143653;0.999992101878651;0.9999975058395488;0.9999995384092761;0.9999995952028855;0.9999938673665727;1.0;0.9999700180403359;0.9999808315477039;1.0;0.9999999999999999;0.9999997368384229;1.0001640117527866;0.999974345372712;0.9999938736842383;0.9999979284712461;0.9993951235266189;0.9991286553248924;0.9992159992943364;0.9993119578099595;0.9999946676270713;1.0;0.9999999999999999;0.9989757108921171;0.9989540831747382;0.9989441600258956;1.0001414971768088;1.0;0.9999770692395955;0.9999642215087176;0.9999999999999999;1.024999976158142;
2016-07-24 13:15:00;0.9999906884473079;1.0;0.9999855906581232;0.9999952292812274;0.9999976070931251;1.0;1.0;0.999996710776059;0.9999909864084627;0.9999995122544736;0.9999890125270254;0.9999956188863195;0.9999992835589436;0.9999977762705798;0.9999987731518648;0.999999485369642;0.9999997623493921;0.9999969500373717;0.9999999999999999;0.9999856555207461;0.9999857951083675;1.0;1.0;0.9999995349167641;1.0001558575814073;0.9999836778231791;0.9999961869664464;0.9999994052231282;0.9994729094641621;0.9992354249567624;0.9993190721271017;0.9994074690237909;0.9999981126367188;1.0;0.9999999999999999;0.9991252691768601;0.9991040906487554;0.9990945784693596;1.0001344820816591;1.0;0.9999840952757875;0.999984475458371;1.0;1.024999976158142;
2016-07-24 13:30:00;0.9999852407289477;1.0;0.9999733719657643;0.9999928557967913;0.9999955538935188;1.0;1.0;0.9999920760760972;0.9999818482899258;0.9999985262050859;0.9999814112619306;0.9999954936997763;0.999999128380527;0.9999941756808175;0.9999970057204336;0.999999311865297;0.999999639779119;0.9999947451353699;1.0;0.9999745459478427;0.9999781235465867;1.0;1.0;0.9999995106953938;1.000161114702732;0.9999741034086658;0.9999938834700774;0.9999983826773793;0.9994815738350109;0.9992183716874556;0.9992811686869886;0.999344057694027;0.9999959562339011;0.9999999999999999;1.0;0.998985141022757;0.9989638626014814;0.9989547325038738;1.0001388562799098;0.9999999999999999;0.9999752617330182;0.9999711307901558;1.0;1.024999976158142;
2016-07-24 13:45:00;0.9999775855533528;1.0;0.999954991077525;0.999989739701255;0.9999921214565943;1.0;1.0;0.999984530666196;0.9999672652032373;0.9999970771440335;0.9999705008144975;0.9999951755450754;0.9999988995988823;0.9999885720335344;0.9999946324740094;0.999999194048013;0.9999994856511588;0.9999910722097101;1.0;0.9999577093459326;0.9999671011958413;1.0;1.0;0.9999995980966006;1.000167872224104;0.9999603016756016;0.9999905507149134;0.9999968081982936;0.9994094896179515;0.9991303762036333;0.9992106000486373;0.9992938538767592;0.9999925916646597;1.0;1.0;0.9989285996062212;0.9989069251405962;0.9988985886667329;1.0001445223030738;1.0;0.9999625232981628;0.9999507362607747;1.0;1.024999976158142;
2016-07-24 14:00:00;0.9999837573752975;0.9999999999999999;0.9999712951748626;0.9999924512320923;0.9999968697165562;1.0;0.9999999999999999;0.999991568256987;0.9999830335786412;0.9999966308169536;0.9999809337981598;0.9999955204999798;0.999999532349316;0.9999909621410826;0.999992930269664;0.9999990634293301;0.9999996740489531;0.9999964439815151;1.0;0.9999751188174195;0.9999790310508092;1.0;0.9999999999999999;0.9999996668449027;1.0001627230133243;0.9999756398724492;0.9999941743337574;0.9999972042776774;0.9994355367296949;0.9991633080560531;0.9992611985236042;0.9993509981137763;0.9999951112652931;1.0;1.0;0.9990330854909973;0.9990118905598657;0.9990027600233033;1.0001399181982031;1.0;0.9999768310377101;0.9999706188429934;1.0;1.024999976158142;
2016-07-24 14:15:00;0.9999869123159907;1.0;0.9999760642686231;0.9999936482301178;0.9999973499772457;1.0;1.0;0.9999930624110834;0.9999855229691121;0.999997608058135;0.9999835400494528;0.9999956940841186;0.9999996624714678;0.9999931610146432;0.999994879417683;0.9999991548365729;0.9999996789991447;0.9999970651771686;1.0;0.9999789224323368;0.9999827863189947;0.9999999999999999;0.9999999999999999;0.9999995863558955;1.000161462073957;0.9999792475762642;0.9999950630716686;0.9999979278379854;0.9994570550632618;0.9991841811746905;0.9992772055875673;0.9993586608844317;0.9999960971270886;0.9999999999999999;1.0;0.9990348597639466;0.9990136041201527;0.9990036803800565;1.0001389717650497;1.0;0.9999806259800361;0.9999752520357033;1.0;1.024999976158142;
2016-07-24 14:30:00;0.9999826237666851;1.0;0.9999709679053869;0.9999915771703579;0.9999964436395612;1.0;1.0;0.9999922813624835;0.9999828275529716;0.9999973301706035;0.9999796414431896;0.9999954453022075;0.9999992171163063;0.9999923749603944;0.9999941956215747;0.9999989731767766;0.9999996134958881;0.9999957344339397;1.0;0.9999737062108527;0.9999762549478115;0.9999999999999999;1.0;0.9999994324606104;1.0001604364781937;0.9999725506647793;0.9999934971996275;0.9999976894188206;0.9994642467181619;0.9991949394713509;0.9992681748145172;0.999337986253916;0.999995445639167;1.0;1.0;0.9989841941694798;0.9989624692031264;0.9989529583720671;1.0001379625417846;1.0;0.9999736488278702;0.9999699162259754;1.0;1.024999976158142;
2016-07-24 14:45:00;0.9999879944300493;0.9999999999999999;0.9999805847665241;0.9999942154334763;0.999997235227107;1.0;1.0;0.9999949196525192;0.9999882033582764;0.9999984688623581;0.9999863098176606;0.9999953894565361;0.9999992928591286;0.9999953402353015;0.9999966922029784;0.9999993737019784;0.9999997466957097;0.9999965765795086;1.0;0.9999818854348484;0.9999829505626967;1.0;1.0;0.9999996164085813;1.0001578805059446;0.9999806468025647;0.9999954259873911;0.9999986149069884;0.9994965022306274;0.9992443616713556;0.9993173178056817;0.9993874174955887;0.9999970427694476;1.0;1.0;0.9990672774376735;0.9990453745556029;0.9990358629352261;1.0001360719527934;1.0;0.9999811470784096;0.9999796087560564;1.0;1.024999976158142;
2016-07-24 15:00:00;0.9999868723860066;1.0;0.999980797023474;0.9999938257591539;0.999997036930983;0.9999999999999999;1.0;0.9999953869623376;0.9999887448601877;0.9999984354180613;0.999986492949874;0.9999952739471958;0.9999990185616715;0.9999954950403638;0.9999966273807803;0.9999994171500087;0.9999997774617079;0.9999960995323414;1.0;0.9999817446640988;0.9999810314902884;1.0;1.0;0.9999996489938507;1.0001593246312306;0.9999795275318338;0.9999951678942722;0.9999986384174998;0.9994644249208025;0.9991975264658909;0.9992840755615924;0.9993625396945853;0.999997115193414;1.0;1.0;0.9990370979249239;0.9990145121380035;0.9990045883888874;1.000137338194508;1.0;0.9999794277743056;0.9999798987367786;1.0;1.024999976158142;
2016-07-24 15:15:00;0.9999815598887751;0.9999999999999999;0.999971027513326;0.9999909952179488;0.999997090047072;1.0;1.0;0.999993050967245;0.9999844427762722;0.9999968727869442;0.9999793923326117;0.9999955204999799;0.9999992200399278;0.9999920034490085;0.9999930408988671;0.9999988019620191;0.9999996078534452;0.9999963931694232;1.0;0.9999743067814353;0.9999755573126345;1.0;1.0;0.9999993652089375;1.0001632660802817;0.9999722715697998;0.9999934405871735;0.9999974858540743;0.9994397161930675;0.9991570890882624;0.9992395714130125;0.9993145022455565;0.9999954805401104;1.0;1.0;0.9989521056793705;0.998930009518789;0.9989197058758269;1.0001402690519137;1.0;0.9999731874104866;0.9999707024025892;1.0;1.024999976158142;
2016-07-24 15:30:00;0.9999826692207969;1.0;0.9999737625666324;0.999991773359579;0.9999968584159499;1.0;1.0;0.9999936548409698;0.9999855524326728;0.999997249673719;0.9999816543331772;0.999995349144942;0.9999990401600465;0.9999928663914421;0.999994008261388;0.9999990507137965;0.9999996846083179;0.9999959608397201;1.0;0.9999762486573555;0.9999763765274631;1.0;1.0;0.9999995181458916;1.0001617869900443;0.9999740301506544;0.9999938529139615;0.9999977669563012;0.9994556384843706;0.9991823038285794;0.9992745168222099;0.9993556893544936;0.9999958928974928;1.0;1.0;0.9990291696646801;0.9990062121380568;0.9989954952915262;1.0001391582528005;1.0;0.9999743475686329;0.9999732214446715;1.0;1.024999976158142;
2016-07-24 15:45:00;0.9999795491084422;0.9999999999999999;0.9999731482011525;0.9999904604501041;0.9999955717411352;1.0;1.0;0.9999944340591211;0.9999850843179268;0.9999978360837058;0.9999808326224084;0.9999924450958155;0.999998170895712;0.9999941410063827;0.9999952798540815;0.9999991831780352;0.9999997107108116;0.999993811488186;1.0;0.999973833283579;0.9999699275778986;1.0;1.0;0.9999994756729711;1.0001630571582714;0.9999688406565245;0.9999926643387403;0.99999818814108;0.9994657358982446;0.9991986590382094;0.9992821286611085;0.9993592652343255;0.9999961197905713;1.0;1.0;0.9990298820573207;0.9989983418239877;0.9989884182355003;1.000140385979112;1.0;0.999967857436451;0.9999720204944703;1.0;1.024999976158142;
2016-07-24 16:00:00;0.9999291909031414;1.0;0.9999314861201222;0.9999689302713166;0.9999841892943302;0.9999999999999999;1.0;0.9999916714998865;0.9999663893057287;0.9999945258939864;0.999951417383725;0.9999926454788731;0.9999907822768958;0.9999878656325516;0.9999885784627833;0.9999986664553352;0.999999676317967;0.9999751009014362;1.0;0.9999266260202404;0.9998902018910593;1.0;1.0;0.9999990707919365;1.0001782222736328;0.9998987020639161;0.9999762598929796;0.9999959086453185;0.9995139845682685;0.9992508330432612;0.9993138677042664;0.999373470867755;0.9999908917369873;1.0;1.0;0.9990298512416493;0.9989992621956698;0.9989897510143155;1.0001528968605466;1.0;0.9998871568909558;0.999928549245417;0.9999999999999999;1.024999976158142;
2016-07-24 16:15:00;0.9999494519798777;1.0;0.9999471152766193;0.9999770051534754;0.9999893890458532;0.9999999999999999;1.0;0.9999929739696273;0.9999739421446555;0.9999959453217999;0.9999613579859166;0.9999967129743245;0.9999940466023162;0.9999906018550833;0.9999910922452373;0.999998546229679;0.9999995758026259;0.9999835794370149;1.0;0.9999449622559563;0.9999228480751751;0.9999999999999999;1.0;0.9999989302018008;1.0001719096899915;0.9999260807746889;0.9999826960260156;0.9999968981725708;0.999507377061174;0.9992439516857707;0.9993277537374492;0.9993993892603102;0.999993044308363;1.0;1.0;0.9990895597021304;0.999071839525995;0.9990623276536528;1.0001475166191367;0.9999999999999999;0.9999197100260814;0.9999451609468394;1.0;1.024999976158142;
2016-07-24 16:30:00;0.9999848204328116;1.0;0.9999784509938239;0.9999926689898918;0.9999983689699764;0.9999999999999999;0.9999999999999999;0.9999955896964737;0.9999900859959544;0.9999970968274736;0.9999846121707218;0.9999969424205915;0.9999993302123095;0.9999934795148715;0.999993454996737;0.9999989838235579;0.9999997275278825;0.9999977608803291;1.0;0.9999814334525677;0.9999805406444358;1.0;1.0;0.9999995204223674;1.0001591351757517;0.9999789126645355;0.9999950052406948;0.9999978566812555;0.9995057814798842;0.9992449938850373;0.9993169060116593;0.9993803532064955;0.9999966026843156;1.0;1.0;0.999046609478619;0.9990296156871419;0.9990201042168005;1.0001368033999318;1.0;0.999979145368276;0.999978978710819;1.0;1.024999976158142;
2016-07-24 16:45:00;0.999985745838795;1.0;0.9999804478737165;0.99999331724652;0.99999803128631;1.0;1.0;0.9999959150405313;0.9999905798888049;0.9999974851699256;0.9999863143466582;0.9999968672225608;0.9999991682980959;0.9999942312077397;0.9999944295300575;0.9999992043336677;0.9999997861643107;0.9999972439988924;1.0;0.999982682004489;0.9999810714426369;1.0;0.9999999999999999;0.9999996461886249;1.0001572126022904;0.9999801067850637;0.9999952843942393;0.9999981202865478;0.9995187929342322;0.9992659871794117;0.9993441903869994;0.9994118351044586;0.9999969052263705;1.0;1.0;0.9991049574706045;0.9990867970127557;0.9990760793017506;1.0001352960791132;1.0;0.9999798861939422;0.9999806578051879;1.0;1.024999976158142;
2016-07-24 17:00:00;0.9999858853484936;1.0;0.9999800041347002;0.9999932610731881;0.9999980694285668;1.0;1.0;0.9999957541799035;0.9999902089329417;0.9999975423628056;0.9999858219664619;0.99999714280554;0.9999992491406097;0.9999942529247854;0.9999945118366279;0.9999991501037706;0.9999997584528474;0.9999973709581753;1.0;0.9999823142335219;0.9999813214956441;1.0;1.0;0.9999995881710474;1.000160046777486;0.9999799127021368;0.9999952446397496;0.9999981386853963;0.999476383921812;0.9992000840595523;0.99929456119369;0.999370502893687;0.9999968766485374;0.9999999999999999;0.9999999999999999;0.9990471716207578;0.9990302016545619;0.9990198969781501;1.0001377261594713;1.0;0.9999799695567472;0.9999801546663951;1.0;1.024999976158142;
2016-07-24 17:15:00;0.9999856905479811;1.0;0.9999787773391563;0.9999927661263642;0.9999978920313635;0.9999999999999999;1.0;0.9999956234650559;0.9999891197261767;0.9999980032450934;0.9999841319546926;0.9999968672225611;0.9999992800075982;0.9999949204912971;0.9999953188698403;0.9999990057163687;0.9999996717275483;0.9999972548843571;0.9999999999999999;0.9999807383102532;0.9999805706172197;1.0;1.0;0.9999993642397436;1.0001591253486601;0.9999780330369312;0.9999948383611691;0.9999984015938952;0.9994896016148948;0.9992199946302321;0.999300892540504;0.9993689568278228;0.9999969346980865;1.0;1.0;0.9990338265403774;0.9990162775110917;0.9990063537444392;1.0001369017705486;1.0;0.9999786584130008;0.9999785683202634;1.0;1.024999976158142;
2016-07-24 17:30:00;0.9999850904630382;1.0;0.9999784094107654;0.9999917287585046;0.9999979161353826;0.9999999999999999;1.0;0.9999966194323077;0.9999892084763364;0.99999890343946;0.9999820288168377;0.9999966936219852;0.9999991809418189;0.9999967827816366;0.9999968022666046;0.9999987298102455;0.9999995396887895;0.9999972391704893;1.0;0.9999794312409057;0.9999787981128817;1.0;0.9999999999999999;0.9999989293399512;1.0001581928735988;0.9999749833341792;0.9999942039068787;0.9999990301906759;0.9995183481345957;0.9992650908015118;0.9993427742855919;0.9994102032982601;0.9999974411631232;0.9999999999999999;0.9999999999999999;0.9991019627643798;0.9990838629901481;0.9990739385521329;1.0001360389988008;1.0;0.9999761605075826;0.9999779312459721;0.9999999999999999;1.024999976158142;
2016-07-24 17:45:00;0.9999866258305672;1.0;0.999980657403226;0.9999921471200239;0.9999983451946833;1.0;1.0;0.9999975371354277;0.9999906443917322;0.9999994246351135;0.9999829052322806;0.9999969424205915;0.9999993033131128;0.9999980110549027;0.9999977473065575;0.9999986885811217;0.9999995142487506;0.9999978076008583;1.0;0.9999812772499377;0.9999807491262906;1.0;1.0;0.999998804186465;1.0001586726437792;0.999976553704049;0.9999946049111509;0.999999426245286;0.9994979800837214;0.9992320259710501;0.9993193870763097;0.9993910032034646;0.9999979843722259;1.0;1.0;0.9990755026800867;0.9990581911394374;0.9990482669564344;1.0001364820344205;0.9999999999999999;0.999978022516218;0.9999802077963066;1.0;1.024999976158142;
2016-07-24 18:00:00;0.9999865560800101;1.0;0.9999801619158403;0.9999928437853559;0.9999975864661247;0.9999999999999999;1.0;0.9999962933968944;0.9999892157451156;0.999998980143964;0.9999842122738729;0.9999968246656298;0.999999157334032;0.9999967544794597;0.9999972719330361;0.9999990275944279;0.999999628974452;0.9999968497658678;1.0;0.9999809133478667;0.999980526781054;1.0;1.0;0.9999991933969598;1.0001582464025993;0.9999774497466934;0.9999947506906068;0.9999990476570517;0.999490352169088;0.9992251648170483;0.999292205951178;0.9993539870780058;0.9999974890877092;0.9999999999999999;1.0;0.999000320780842;0.9989826371466893;0.9989727137142049;1.0001362520149004;1.0;0.9999782394072819;0.9999793868888535;1.0;1.024999976158142;
2016-07-24 18:15:00;0.9999841843058503;1.0;0.999976586456487;0.999991799106949;0.9999965124790084;1.0;1.0;0.9999952094428418;0.9999863329593042;0.9999990190544186;0.9999817846061942;0.999997094423579;0.9999988309855318;0.9999963408414243;0.9999974612914122;0.9999990324891193;0.9999995966737418;0.9999954540549415;1.0;0.9999769247398721;0.9999763469906604;1.0;1.0;0.9999991590062116;1.000160254373452;0.999973020382488;0.9999937115326967;0.9999989684534826;0.9994915928224988;0.9992243029407565;0.9993111593412342;0.9993836073986933;0.9999970011469637;1.0;1.0;0.9990644815120979;0.9990479677542135;0.9990384561091474;1.0001380020803545;1.0;0.9999736531865727;0.999975185024672;1.0;1.024999976158142;
2016-07-24 18:30:00;0.9999854414796766;1.0;0.9999773609544231;0.9999920226020214;0.9999973307052318;0.9999999999999999;1.0;0.9999956093627073;0.9999873516506845;0.9999990399838681;0.9999817294083134;0.9999969424205916;0.9999991918467432;0.9999965480304577;0.9999972792905651;0.9999988472426817;0.9999995423176887;0.9999966537407351;1.0;0.9999782253497401;0.9999788706871983;1.0;1.0;0.999999008541809;1.0001590461152892;0.9999746915614529;0.9999941197852527;0.9999990187291252;0.9994915207267072;0.9992245970292646;0.999307718569333;0.9993779126974196;0.9999971921097524;1.0;1.0;0.9990517026710726;0.9990347087929602;0.9990251972741291;1.0001368586266337;0.9999999999999999;0.999976035434279;0.9999763308852281;1.0;1.024999976158142;
2016-07-24 18:45:00;0.9999860580473204;1.0;0.9999755834965206;0.9999922852234253;0.9999969063198145;1.0;1.0;0.9999942805996044;0.9999849956625699;0.9999991361079952;0.9999807498197588;0.9999966668218051;0.9999993756501947;0.9999961102645487;0.9999976223623225;0.9999988786358806;0.9999995085526349;0.9999964116766681;0.9999999999999999;0.9999766070586379;0.9999796215782887;1.0;1.0;0.999999019661846;1.0001614129391159;0.9999744309018825;0.999994047108874;0.9999989523013711;0.999465470972321;0.9991870831506282;0.999284336697303;0.9993636229870588;0.9999968379211757;1.0;1.0;0.9990403808101835;0.9990221976400935;0.9990122738146334;1.000138937791885;1.0;0.9999763905174961;0.9999740083529105;1.0;1.024999976158142;
2016-07-24 19:00:00;0.9999845168250362;1.0;0.9999768657532893;0.9999917221157384;0.99999648311895;1.0;1.0;0.9999954741251009;0.999986289801399;0.9999994200242659;0.9999814413341527;0.9999968672225609;0.9999988328079442;0.9999970891017997;0.9999982098333158;0.9999989857273494;0.999999559362329;0.999995443040076;0.9999999999999999;0.99997680631477;0.99997640948819;0.9999999999999999;1.0;0.9999990379530507;1.0001599291648944;0.9999725955523371;0.999993635707652;0.9999992323226903;0.9994970323328712;0.9992312044521023;0.9993241070538105;0.9993994904827096;0.9999972146579544;1.0;1.0;0.9990950154560807;0.9990768551789451;0.9990661375745908;1.0001377359782038;1.0;0.9999734673521565;0.9999752697422871;1.0;1.024999976158142;
2016-07-24 19:15:00;0.9999724072426752;1.0;0.999957413236766;0.9999865156994265;0.9999968567265192;1.0;1.0;0.9999902456779488;0.9999790205741371;0.9999944693181066;0.9999697815206563;0.9999970250664237;0.9999991172018186;0.9999870008190134;0.9999876745436429;0.9999980329293403;0.9999994294352911;0.9999960985258669;1.0;0.9999635976766866;0.9999651379350837;1.0;0.9999999999999999;0.9999990651034871;1.000169431021713;0.9999606245110384;0.999990672240498;0.9999957806892091;0.9994141880608981;0.9991318688483795;0.9992371992531748;0.9993327574489832;0.9999931868079477;1.0;0.9999999999999999;0.9990105321029547;0.9989931894088381;0.9989828851141956;1.0001449536420446;1.0;0.9999620459535654;0.99995803300552;1.0;1.024999976158142;
2016-07-24 19:30:00;0.9999709868772816;1.0;0.9999587246949374;0.9999857891183604;0.9999966968878324;0.9999999999999999;0.9999999999999999;0.9999917047587038;0.9999806496647144;0.9999948451011754;0.999970039547095;0.9999968536951529;0.9999986615883514;0.9999882422851452;0.9999883171740565;0.9999980298126682;0.9999994429168585;0.9999954959605385;1.0;0.9999638942300738;0.9999622350220952;0.9999999999999999;1.0;0.9999989707422371;1.0001679276100066;0.9999586808434353;0.9999902532513022;0.999996140153661;0.9994530408171446;0.9991824501047324;0.9992785276873543;0.999365241827468;0.9999936730913134;1.0;1.0;0.9990528635124458;0.9990355877412149;0.9990260762140154;1.0001436854536268;1.0;0.9999592919341649;0.9999594330341648;1.0;1.024999976158142;
2016-07-24 19:45:00;0.9999736662402857;1.0;0.9999591275566633;0.9999869988406722;0.9999978128973802;1.0;1.0;0.9999908751470462;0.9999809793465064;0.9999941965958051;0.9999708748906754;0.999996867222561;0.9999994280252734;0.9999868490621555;0.9999869623936618;0.9999979349291748;0.9999994328312295;0.9999973672486058;1.0;0.999966018407693;0.9999679480349887;1.0;1.0;0.9999990537485869;1.000165499716976;0.9999634194116321;0.9999913262539645;0.9999956770464588;0.9995030078455;0.9992472565528749;0.9993224666391544;0.9993923505521174;0.9999933850930233;1.0;1.0;0.9990753966715323;0.9990581641695511;0.999048652427408;1.0001414709022491;0.9999999999999999;0.9999651102221454;0.9999603933446497;1.0;1.024999976158142;
2016-07-24 20:00:00;0.999954134906967;1.0;0.9999311784287197;0.9999758169200529;0.9999981174626233;1.0;1.0;0.9999875152519286;0.9999713979725964;0.9999907402643553;0.999947271143958;0.9999967420198028;0.9999992394680095;0.9999800192614403;0.9999782050027384;0.9999956802516458;0.999998789619457;0.9999976932908954;0.9999999999999999;0.9999427504177693;0.9999445098995156;1.0;1.0;0.9999975256188067;1.0001758453124237;0.9999348208157499;0.9999847177296466;0.9999932623680803;0.9995086199228013;0.9992410263176282;0.999315072341788;0.9993795734981247;0.9999897803264691;1.0;0.9999999999999999;0.9990467282915624;0.9990291004675994;0.9990195890021636;1.0001488741056859;1.0;0.9999388786671563;0.9999343778007687;0.9999999999999999;1.024999976158142;
2016-07-24 20:15:00;0.9999498765688288;0.9999999999999999;0.9999244168081272;0.9999703495467432;0.9999978260002905;1.0;1.0;0.9999898875880474;0.9999682739106897;0.9999941914865833;0.9999345034193037;0.9999969692207916;0.9999989839628637;0.9999865158264218;0.9999837081516486;0.9999942573860009;0.999998112480546;0.9999974201737744;1.0;0.9999328077120517;0.9999349949610944;1.0;1.0;0.9999955097294339;1.0001804249167237;0.9999182527546618;0.9999811550158902;0.9999955244336525;0.9994636924241955;0.9991827974696511;0.9992873780727463;0.9993744084069296;0.9999911193473502;0.9999999999999999;1.0;0.9990688479039816;0.9990516209926752;0.9990416968749369;1.0001524353952749;1.0;0.9999255594494619;0.9999261843841579;0.9999999999999999;1.024999976158142;
2016-07-24 20:30:00;0.9999744828863013;1.0;0.999959899668728;0.9999856443449798;0.9999962016716037;0.9999999999999999;1.0;0.999992641950649;0.9999787513287396;0.9999980001700933;0.9999670332397624;0.9999970944235791;0.9999988838638535;0.9999936293609252;0.9999943697956272;0.9999977101170581;0.9999991330401182;0.9999953439181642;1.0;0.9999622102483509;0.999964014889797;1.0;1.0;0.9999980785571218;1.0001663520540256;0.9999559482857174;0.9999897914058964;0.999998107541438;0.999487241280167;0.9992268010936555;0.9993225571683035;0.9994059015032687;0.999995090006562;0.9999999999999999;0.9999999999999999;0.9991163345461483;0.9990998199311737;0.9990903077924382;1.0001424810075312;1.0;0.9999589154005695;0.9999586854565001;1.0;1.024999976158142;
2016-07-24 20:45:00;0.9999511461109682;1.0;0.9999265722473388;0.9999770564725505;0.9999967670214136;0.9999999999999999;0.9999999999999999;0.9999830755804575;0.9999676394531593;0.9999873441784397;0.9999502418326497;0.9999971428055402;0.9999989967021432;0.9999727463882463;0.9999725468946322;0.9999965090726748;0.9999991916358226;0.9999959137200398;1.0;0.9999409776964847;0.999942674637345;1.0;1.0;0.9999989049631971;1.0001805522029557;0.9999373730428194;0.9999850707296554;0.9999908159818788;0.9994645798365166;0.9991838275261526;0.9992721946226256;0.9993496811633699;0.9999872723444438;1.0;1.0;0.9990144366341015;0.9989977601116427;0.9989878365289334;1.0001530451165934;1.0;0.9999390494302588;0.9999302386767542;0.9999999999999999;1.024999976158142;
2016-07-24 21:00:00;0.9999581646454523;1.0;0.9999358536608345;0.9999769206096406;0.9999966804501501;1.0;1.0;0.9999887739355648;0.9999705550939918;0.9999939936238459;0.9999484360497383;0.9999968381771025;0.9999989081052754;0.9999856630139276;0.9999849373653656;0.999995957225234;0.999998692610056;0.9999959744002357;1.0;0.999943471728047;0.9999458404159395;0.9999999999999999;0.9999999999999999;0.9999971520420285;1.000173764670043;0.9999344089924128;0.9999847348175214;0.9999953307333338;0.9994908559363926;0.9992268010948108;0.9993061553797981;0.9993790263797897;0.9999914127126578;1.0;1.0;0.9990571514095653;0.9990395103772;0.999029586379763;1.0001475585686024;1.0;0.9999390353159923;0.9999367760072497;1.0;1.024999976158142;
2016-07-24 21:15:00;0.9999681731688443;1.0;0.9999501332496258;0.9999804282879073;0.9999979555609368;0.9999999999999999;1.0;0.9999933467251682;0.9999774732626097;0.9999975469175313;0.999955508898743;0.9999966936219851;0.9999993238771312;0.9999932498372512;0.9999919300446594;0.999996167360685;0.9999986452669132;0.9999977213193747;1.0;0.999954318005655;0.9999572353870849;1.0;1.0;0.9999967361593806;1.0001707208629365;0.9999444686205855;0.9999872476055098;0.9999978864638535;0.999487186683623;0.9992237917247077;0.9992927107388964;0.9993599413425556;0.9999945997020394;1.0;1.0;0.9990176844210105;0.9989995861735682;0.9989896625727197;1.000145391572297;0.9999999999999999;0.9999501094197707;0.9999502472409604;1.0;1.024999976158142;
2016-07-24 21:30:00;0.9999802969139183;0.9999999999999999;0.9999662501049742;0.9999899260471495;0.9999969138928384;1.0;1.0;0.9999915737874018;0.999981242369685;0.999996744174819;0.9999754107955442;0.9999969692207916;0.9999994758461335;0.9999911603024816;0.9999926251903609;0.9999984885228744;0.9999994648296837;0.9999965096305526;1.0;0.9999702033369877;0.999974164921572;0.9999999999999999;1.0;0.9999990955420992;1.0001648276234039;0.9999688095539895;0.9999926469314283;0.9999972670678032;0.999476843539284;0.9992113954615318;0.9992930615871565;0.9993677192668585;0.9999948574102562;1.0;1.0;0.9990407769546834;0.9990232576323141;0.9990129530275277;1.0001414478021626;1.0;0.999970916174455;0.9999656289017949;1.0;1.024999976158142;
2016-07-24 21:45:00;0.9999789197116538;1.0;0.9999664139002339;0.9999890191112418;0.9999960555683999;1.0;1.0;0.9999924950701464;0.9999809547822529;0.999997760964323;0.9999744497281234;0.9999970250664236;0.9999989327072301;0.9999931662052258;0.9999946243339751;0.9999985021439963;0.9999994237202872;0.9999951365202819;1.0;0.9999685982987734;0.9999702746578947;1.0;1.0;0.9999988853019;1.0001615271445214;0.9999649844877915;0.9999918059630226;0.9999979610029284;0.9995188137535306;0.9992712006977384;0.999349224183457;0.9994201803706912;0.9999953513659761;1.0;1.0;0.9991233708605354;0.9991060262075525;0.9990957207490346;1.0001387039929206;1.0;0.9999666306576243;0.9999651131467654;0.9999999999999999;1.024999976158142;
2016-07-24 22:00:00;0.999981421167281;1.0;0.9999731683213062;0.9999904864954658;0.9999959814343633;0.9999999999999999;1.0;0.9999946131647394;0.9999845665890016;0.9999987437685972;0.9999792636420652;0.9999970385779353;0.9999985789406947;0.9999956446305521;0.9999968320483973;0.9999989092104244;0.9999995563046729;0.9999946825183519;1.0;0.9999735729553455;0.9999722914886058;1.0;1.0;0.9999990745604103;1.0001600236562782;0.9999688574875443;0.9999927364787877;0.9999987480345698;0.9995049951796869;0.9992536000949582;0.9993380961191443;0.9994137738436444;0.999996530073564;1.0;1.0;0.9991191264947108;0.9991027286350355;0.9990935972682525;1.0001377119102526;1.0;0.9999693371420428;0.9999716652914572;1.0;1.024999976158142;
2016-07-24 22:15:00;0.9999822255877361;1.0;0.9999718741933792;0.9999902672837949;0.9999974317223932;1.0;1.0;0.9999944805444267;0.9999851838112666;0.9999981587971938;0.9999775788038713;0.9999968672225609;0.999999284266236;0.9999946729756483;0.9999952319684515;0.9999984672682052;0.9999994396148048;0.9999968742201459;1.0;0.9999740269539559;0.9999754857109729;1.0;1.0;0.999998812513245;1.0001615410908617;0.9999703097648227;0.9999930864339168;0.9999983827981225;0.9995084956469688;0.9992614238795818;0.9993334386009544;0.9994034946694451;0.9999963252074587;0.9999999999999999;1.0;0.9990941960691027;0.9990775734169118;0.9990688547272936;1.0001387290229822;1.0;0.999972208062985;0.9999712390021885;1.0;1.024999976158142;
2016-07-24 22:30:00;0.9999827779573591;1.0;0.9999713401488521;0.9999905433092543;0.9999978796671343;1.0;1.0;0.9999939819673687;0.9999850884819808;0.9999977055919453;0.9999775196544225;0.9999967978654413;0.9999995824275809;0.9999937330894496;0.9999942746831239;0.9999984005564349;0.9999994348201433;0.9999976147802351;1.0;0.9999744018549132;0.9999772412167522;1.0;0.9999999999999999;0.9999988534256565;1.0001620038221184;0.9999717241930893;0.9999933948079288;0.9999980669582155;0.9994809198196484;0.9992294593829828;0.9993141753202773;0.9993958604063206;0.999996056455517;0.9999999999999999;1.0;0.9990971018952288;0.9990790391203359;0.9990687339401813;1.0001390472677942;1.0;0.9999740245361913;0.9999710226570767;1.0;1.024999976158142;
2016-07-24 22:45:00;0.9999793288361233;1.0;0.9999643763676128;0.9999890643247311;0.9999962593310296;1.0;1.0;0.9999913778496;0.9999794314790693;0.9999974415693763;0.9999731243941302;0.9999969498683745;0.999999298551621;0.9999921776996619;0.9999939672891288;0.9999983765607868;0.9999993701355347;0.9999957125658466;1.0;0.9999674520764351;0.9999716552351718;1.0;1.0;0.9999988393500631;1.0001652337179308;0.9999652073189441;0.9999918467963528;0.9999976629392264;0.999444830068763;0.9991943523962378;0.9992698853754892;0.9993556752355532;0.9999949200764605;1.0;1.0;0.9990352512605636;0.999017962819642;0.9990080390362485;1.0001418141937406;1.0;0.9999676942596845;0.9999630730591423;0.9999999999999999;1.024999976158142;
2016-07-24 23:00:00;0.9999752674736774;0.9999999999999999;0.9999585417538857;0.999987098576524;0.9999941270709265;1.0;1.0;0.9999898446583053;0.9999742577604774;0.9999980429893254;0.9999686451641681;0.9999970944235789;0.9999986036630006;0.9999924494830619;0.9999953460518399;0.9999983871392464;0.9999992870649661;0.9999929078016175;1.0;0.9999601711940242;0.999963687656476;1.0;1.0;0.999998673191101;1.000162906849255;0.9999565453251404;0.9999898421605735;0.9999978779972116;0.9995162953424186;0.999278275175134;0.9993555062271012;0.999431586401852;0.9999943289167336;0.9999999999999999;1.0;0.9991491552210974;0.9991323227821578;0.9991223978627654;1.0001398782493356;1.0;0.9999587850959746;0.9999558119253744;1.0;1.024999976158142;
2016-07-24 23:15:00;0.9999773149481859;1.0;0.9999621455330593;0.9999886711407899;0.9999944683690537;1.0;1.0;0.999990154417011;0.9999763333839627;0.999997676092955;0.9999725036170131;0.9999970385779352;0.9999986836542458;0.9999920041745424;0.9999948809270734;0.9999987108126271;0.9999994350558673;0.999993276588765;1.0;0.9999640609442064;0.9999670858431486;1.0;1.0;0.9999990582015927;1.000162473715446;0.9999615192582955;0.9999909561281609;0.9999976898154567;0.9995079530184598;0.9992603573620751;0.9993345940339151;0.9994060794172275;0.999994496344733;1.0;1.0;0.99910030984392;0.9990833021138962;0.9990733776814524;1.0001396345734224;1.0;0.9999630608617337;0.999959771633274;1.0;1.024999976158142;
2016-07-24 23:30:00;0.9999776186038197;1.0;0.9999655759484591;0.9999882319588258;0.9999959712062294;1.0;1.0;0.9999928681971694;0.9999809527775521;0.99999786017366;0.9999733079511749;0.9999968113769107;0.9999987656279176;0.9999934875935672;0.9999946824017122;0.999998388253954;0.9999993875784676;0.9999949036100937;1.0;0.999967502513059;0.9999681716064827;1.0;1.0;0.9999987489595891;1.000157602096799;0.9999628146611648;0.9999913205926371;0.9999980545168564;0.9995843483691189;0.9993625259757309;0.9994202384840358;0.9994761770698223;0.9999953976241036;1.0;0.9999999999999999;0.9991965503829601;0.9991791396601558;0.9991696267662402;1.0001352570623507;1.0;0.9999643671057685;0.9999643092397285;1.0;1.024999976158142;
2016-07-24 23:45:00;0.9999760360945834;1.0;0.9999579371683891;0.9999880572295491;0.9999945539095467;1.0;1.0;0.9999885066885724;0.9999739586381503;0.9999968252301153;0.9999699656010789;0.9999970385779353;0.9999989757330706;0.9999899338288477;0.9999930944117745;0.999998514955644;0.9999993805547587;0.9999936563353853;1.0;0.9999612789192269;0.9999665360794423;1.0;0.9999999999999999;0.9999990436069586;1.0001593981533923;0.9999600132817459;0.9999905697688412;0.9999970279860095;0.9995924283918306;0.9993706581339227;0.9994130836662647;0.999458696929355;0.9999936078819203;1.0;1.0;0.9991533021827472;0.9991362935506332;0.9991263685917969;1.0001367882019678;1.0;0.999962238644459;0.9999557613863789;0.9999999999999999;1.024999976158142;
2016-07-25 00:00:00;0.9999811773200591;0.9999999999999999;0.9999622820946229;0.9999906953964737;0.9999950389253954;1.0;1.0;0.9999881836818552;0.9999749556153341;0.9999971333006095;0.9999739412327014;0.999997067607477;0.9999995367100558;0.9999902699526225;0.9999940503758566;0.9999988284976915;0.9999994589548932;0.9999946653134918;1.0;0.9999658316447713;0.9999741326262064;1.0;1.0;0.9999993148058833;1.0001581087799905;0.9999673902631377;0.9999922681196773;0.999997183953082;0.9996122662104804;0.9994007416717343;0.9994444018237905;0.9994909381714481;0.9999939757301312;1.0;1.0;0.9992086662116616;0.9991923584396518;0.9991832262536913;1.0001358718563462;0.9999999999999999;0.9999701563971161;0.999959888709829;0.9999999999999999;1.024999976158142;
2016-07-25 00:15:00;0.9999848613423212;1.0;0.9999699724380849;0.9999925804243492;0.9999959867801089;1.0;1.0;0.9999905866259512;0.9999800789076864;0.9999976814667559;0.9999793559974378;0.9999971696216482;0.9999995886008252;0.9999921919681555;0.9999952058257832;0.9999990901303141;0.9999995798701988;0.9999956422493174;1.0;0.9999727774735072;0.999979156564044;1.0;1.0;0.9999994816230074;1.0001570941737277;0.9999739621633095;0.9999938213123171;0.9999977374109287;0.9995893778282413;0.9993664000558663;0.9994108412303847;0.9994572046627485;0.9999951872276326;1.0;1.0;0.9991518310257692;0.9991355540635125;0.9991260415845629;1.0001351800606475;1.0;0.999976045759652;0.9999680689903079;1.0;1.024999976158142;
2016-07-25 00:30:00;0.9999798041650286;1.0;0.9999679850335769;0.9999900428897354;0.9999947749168036;1.0;1.0;0.9999919585051683;0.9999797974963388;0.999998309287803;0.9999766770273043;0.9999970869757802;0.999998545542398;0.9999937888180684;0.999996271001941;0.9999989938479035;0.9999995407501923;0.9999934238520962;0.9999999999999999;0.9999688458584867;0.9999698652714768;1.0;1.0;0.9999992121928669;1.0001568455739245;0.9999657164880209;0.9999919517463787;0.9999982399641085;0.9995966542625171;0.9993810125409579;0.9994277078320547;0.9994772707139651;0.9999954550338248;0.9999999999999999;1.0;0.9991898820220847;0.9991733437854264;0.9991638309466918;1.0001349749856936;1.0;0.999966477712261;0.9999656992401027;1.0;1.024999976158142;
2016-07-25 00:45:00;0.9999897881850459;1.0;0.9999829078206948;0.9999950118472272;0.9999969744423389;1.0;1.0;0.9999953169982525;0.9999885486492557;0.9999992356836664;0.9999877585691185;0.9999966668218052;0.9999992547225199;0.9999967233921866;0.9999983860495119;0.9999995405449796;0.9999997615244165;0.9999962759727121;1.0;0.9999832461524487;0.9999844870289104;1.0;1.0;0.9999996269017618;1.0001504745358047;0.9999821059506269;0.999995788705416;0.9999991101798599;0.9996196291918346;0.9994145123626808;0.9994411071860152;0.99947743815832;0.9999975331959322;1.0;1.0;0.9991719890065716;0.9991535105081779;0.9991432045598746;1.0001298341806866;0.9999999999999999;0.99998260870214;0.9999814136332001;1.0;1.024999976158142;
2016-07-25 01:00:00;0.9999898013439709;1.0;0.9999841276380725;0.9999950253247083;0.999997303052556;1.0;0.9999999999999999;0.9999960350382509;0.9999899455067476;0.9999991777955164;0.9999884963403268;0.9999970385779353;0.9999992167672384;0.9999969483372939;0.9999981876270566;0.9999995265860114;0.9999997813658357;0.999996566352508;1.0;0.9999844603318756;0.9999846762143396;0.9999999999999999;1.0;0.9999996282492759;1.0001466012923523;0.9999827833622063;0.9999959535432998;0.999999143030848;0.9996767147845114;0.9994973417126738;0.9995053021819652;0.9995294612597391;0.9999977425347633;1.0;1.0;0.9992426049603773;0.999225301853678;0.9992149951648698;1.0001264666964649;1.0;0.9999830310770362;0.9999829603731806;1.0;1.024999976158142;
2016-07-25 01:15:00;0.9999896196081334;1.0;0.9999828661250613;0.9999946978815231;0.9999976365108105;1.0;1.0;0.9999957833785755;0.9999895573705665;0.9999989985085374;0.9999872678607172;0.9999971428055402;0.9999994204846282;0.9999965555657933;0.9999976681145675;0.9999993475829613;0.9999997246089332;0.9999971203945632;0.9999999999999999;0.9999837547877838;0.9999850055580222;0.9999999999999999;0.9999999999999999;0.9999995053322143;1.0001458202279692;0.9999823325752469;0.9999958534902804;0.9999990120547354;0.9997154815136933;0.9995558343495264;0.9995341891949059;0.999541672655254;0.9999975765906353;1.0;1.0;0.9992405615558174;0.9992241985692113;0.9992146852463031;1.0001256790499522;1.0;0.9999831223237106;0.999981887401253;1.0;1.024999976158142;
2016-07-25 01:30:00;0.999991016610179;1.0;0.9999864505759254;0.999995518050695;0.9999982200213879;1.0;1.0;0.9999969753497688;0.9999923396005465;0.9999990005433729;0.9999899734255474;0.9999971428055402;0.9999994386125804;0.9999970862603526;0.999997682819022;0.9999994640663928;0.9999997989756028;0.9999977054686361;1.0;0.9999872444699812;0.9999872094195559;1.0;0.9999999999999999;0.9999996264277544;1.000141978543883;0.9999855891718724;0.9999966149700921;0.9999991246527987;0.9997678804965365;0.9996291748093725;0.9995934165684178;0.9995900902667824;0.9999980689615255;1.0;0.9999999999999999;0.9993071196012745;0.999291048498981;0.9992819154110358;1.0001224126825803;1.0;0.9999858987286557;0.9999859280487424;1.0;1.024999976158142;
2016-07-25 01:45:00;0.9999913110520383;0.9999999999999999;0.9999879969744212;0.9999958761792991;0.9999979613513015;1.0;1.0;0.9999973694570394;0.9999929799612807;0.9999992033155105;0.9999913388173319;0.9999968381771026;0.9999992427556793;0.9999975801978916;0.9999982353736983;0.9999996379461789;0.9999998562283231;0.9999972353915355;1.0;0.9999882159280257;0.9999870568983237;1.0;0.9999999999999999;0.9999997401061598;1.0001386586424623;0.999986235965463;0.9999967636515154;0.9999992825415823;0.9998123728497006;0.9996942622460075;0.9996227828145671;0.9995977898257704;0.9999982939415997;1.0;1.0;0.9992907551594608;0.9992737202968388;0.9992645873672662;1.0001196524109417;0.9999999999999999;0.9999860024019938;0.9999873297981001;0.9999999999999999;1.024999976158142;
2016-07-25 02:00:00;0.9999891557417974;1.0;0.9999870994056484;0.999994669878568;0.9999973642322807;1.0;0.9999999999999999;0.9999980584748153;0.9999927101007281;0.999999690349176;0.9999898605198471;0.9999970117777295;0.9999987717256168;0.9999986567829352;0.9999991085743265;0.9999995694693954;0.9999998170787405;0.9999961923618403;1.0;0.9999862374489332;0.9999828197460855;1.0;0.9999999999999999;0.9999995553544553;1.0001389413336925;0.9999821798324416;0.9999958534807306;0.9999996363858509;0.9998306931519342;0.9997222705622871;0.9996531123794866;0.999630096001266;0.9999985057236874;1.0;1.0;0.9993476882735521;0.9993305917947187;0.9993206649058133;1.0001199101275893;1.0;0.9999814891015313;0.9999861315962901;1.0;1.024999976158142;
2016-07-25 02:15:00;0.9999914160231114;0.9999999999999999;0.99998658629605;0.9999954857969485;0.9999978969977062;0.9999999999999999;1.0;0.9999970541123798;0.9999917405259815;0.9999995970794682;0.999989544628672;0.9999971137759918;0.9999993798764806;0.9999980633015366;0.9999989025536479;0.9999994684734547;0.9999997600898604;0.9999973394951993;1.0;0.9999866789593701;0.9999869604950538;0.9999999999999999;1.0;0.9999995103754572;1.000138857910743;0.9999847580047405;0.9999964469321064;0.9999994873803761;0.9998181401752627;0.9997084308740906;0.9996409537086157;0.9996211347087487;0.9999982948186754;1.0;1.0;0.999336835020948;0.9993203788888745;0.9993108646502613;1.0001197787027625;0.9999999999999999;0.9999852980352619;0.9999855924560476;1.0;1.024999976158142;
2016-07-25 02:30:00;0.9999931090957341;1.0;0.9999888473903514;0.9999964177084355;0.9999986008647097;1.0;0.9999999999999999;0.9999974299307176;0.9999934986078585;0.9999993168093526;0.9999915517117612;0.9999970676074771;0.9999996394642164;0.9999977869857262;0.9999983515252799;0.9999995251150992;0.9999998105512531;0.9999982854189011;1.0;0.999989507917348;0.9999901798297658;1.0;1.0;0.9999996393700258;1.0001387996098123;0.9999883915863688;0.999997279233263;0.999999355544486;0.9998199111142982;0.9997051276272192;0.9996318830506535;0.9996058007893729;0.9999984553177516;1.0;0.9999999999999999;0.9993027729255629;0.9992861706448416;0.9992766567319153;1.0001197267537223;1.0;0.9999889452759935;0.9999883305622618;1.0;1.024999976158142;
2016-07-25 02:45:00;0.9999926554116667;1.0;0.9999898573855784;0.9999965645874082;0.999998239769241;1.0;1.0;0.9999977113316378;0.9999940252119347;0.9999992874524455;0.9999927939841093;0.9999969424205916;0.9999993515204928;0.9999978650402829;0.9999984561238076;0.9999997156441128;0.9999998869440512;0.9999976133628116;0.9999999999999999;0.9999900640904095;0.999989069952713;1.0;1.0;0.9999998077407698;1.0001374796056028;0.9999884666699109;0.9999972827406706;0.9999993644961109;0.9998404481960946;0.9997341736633865;0.9996642037571667;0.999639203622945;0.9999985307558096;0.9999999999999999;1.0;0.9993602798372708;0.9993429633621282;0.9993330363503293;1.0001186816093357;1.0;0.9999882170132883;0.9999892872362581;1.0;1.024999976158142;
2016-07-25 03:00:00;0.9999909749604815;1.0;0.9999873201154772;0.9999954824460253;0.999998403458553;1.0;0.9999999999999999;0.9999975283356036;0.9999932952405355;0.9999990227855287;0.9999904299054078;0.9999968113769108;0.999999384601908;0.9999973674662845;0.9999976738672065;0.9999994551145616;0.999999809913305;0.9999978367832563;1.0;0.9999880073796503;0.9999871600447933;1.0;1.0;0.9999996129957964;1.0001381951150834;0.9999858612558663;0.9999966853030857;0.9999991890383235;0.9998378380993936;0.9997324314888334;0.9996562577806092;0.9996288199461175;0.999998248113161;1.0;1.0;0.9993395528576277;0.9993218223018044;0.999311895500011;1.000119135295043;1.0;0.9999859800261097;0.9999869835380579;1.0;1.024999976158142;
2016-07-25 03:15:00;0.9999902404475534;1.0;0.9999866945732752;0.999994972771042;0.9999978770003476;1.0;1.0;0.999997642827003;0.9999924904823653;0.9999995277565931;0.9999894608749218;0.9999969424205915;0.9999991566637997;0.9999982158273298;0.9999986878614497;0.9999994447479856;0.9999997734748766;0.9999970988899919;1.0;0.9999865715325725;0.999985154442158;1.0;1.0;0.9999994913613665;1.0001389200221833;0.999983576800023;0.9999961784710768;0.9999995006158309;0.9998260681090919;0.9997142754964454;0.9996297917714487;0.9995972335804768;0.9999983829736453;1.0;1.0;0.9992796503749131;0.9992623352968822;0.9992524090860053;1.0001198101246618;1.0;0.9999836457137145;0.9999859011690301;1.0;1.024999976158142;
2016-07-25 03:30:00;0.9999918181068446;0.9999999999999999;0.9999886902004069;0.9999959788867343;0.9999978930672957;0.9999999999999999;1.0;0.9999976487958374;0.9999931188221344;0.9999995834876405;0.9999914789740585;0.9999970385779351;0.9999992216144075;0.9999983043664269;0.9999989970749009;0.9999996456911402;0.999999839716316;0.9999971547747857;1.0;0.9999884711566978;0.9999873296727975;1.0;1.0;0.9999996752220338;1.0001376446888741;0.9999862704082374;0.999996789329935;0.9999995351782366;0.9998555803975592;0.9997583257189494;0.9996985262053175;0.9996804548777067;0.9999985298555589;1.0;1.0;0.9994389086144557;0.9994228228790064;0.9994141011764861;1.0001188189562857;1.0;0.9999861356301238;0.999987821924148;1.0;1.024999976158142;
2016-07-25 03:45:00;0.9999917914323267;0.9999999999999999;0.9999880993924056;0.9999960616638425;0.9999979548597491;1.0;1.0;0.9999972349463994;0.999992773312766;0.9999993004030291;0.9999913923057245;0.9999966801105068;0.9999993106494183;0.9999976738292413;0.9999984527518253;0.9999996453499711;0.9999998480614777;0.9999972978037671;1.0;0.9999883037754782;0.9999876969182343;1.0;1.0;0.9999997330531696;1.0001383749291561;0.9999866255936176;0.9999968551489401;0.9999993279606498;0.9998176893972055;0.9997022920957125;0.9996289517940603;0.9996029258555327;0.9999983134845206;1.0;1.0;0.9992979778636815;0.9992804412187107;0.9992713082277117;1.0001194226195107;0.9999999999999999;0.9999865643924223;0.9999873289090486;1.0;1.024999976158142;
2016-07-25 04:00:00;0.9999892743985999;1.0;0.9999833783022942;0.999994395231088;0.9999980817704085;1.0;1.0;0.999996486772884;0.9999908008313807;0.9999988996125369;0.9999872247163347;0.9999969133751264;0.9999994288833337;0.9999967108355242;0.9999972872432353;0.9999992305391748;0.999999711012432;0.9999975855628692;1.0;0.9999844255794099;0.9999848626508245;1.0;1.0;0.9999994210498686;1.0001387830114632;0.9999823207420345;0.9999958635766147;0.9999990186009055;0.9998372282628403;0.9997277902460683;0.9996571332744673;0.999631220507062;0.9999977337686473;0.9999999999999999;1.0;0.9993456582120368;0.9993288606988241;0.9993197272652918;1.0001195173680624;0.9999999999999999;0.9999830675216029;0.9999828069299009;1.0;1.024999976158142;
2016-07-25 04:15:00;0.9999907792091485;1.0;0.9999864386112338;0.9999953131824366;0.9999983064635801;1.0;1.0;0.9999972150691709;0.9999925922659955;0.9999990407286986;0.9999897144629002;0.9999969424205912;0.9999994183814965;0.9999972567638975;0.9999976941224273;0.9999994116931991;0.9999997846309333;0.9999977796106136;0.9999999999999999;0.9999871878543782;0.9999868701916036;1.0;0.9999999999999999;0.9999995686550965;1.0001384460967147;0.9999851849560355;0.9999965286313519;0.9999991705829234;0.9998442793057265;0.9997417751613731;0.9996701853502132;0.9996454289065952;0.9999981338125619;0.9999999999999999;1.0;0.9993710802598851;0.9993537635975973;0.9993438364785139;1.0001193329162827;0.9999999999999999;0.999985513985522;0.9999859892916685;1.0;1.024999976158142;
2016-07-25 04:30:00;0.9999913845772966;1.0;0.9999888202156008;0.9999958687060986;0.9999981247670343;1.0;1.0;0.9999978650652385;0.999993813886457;0.9999992720052538;0.9999917284719151;0.9999969424205915;0.9999992072453027;0.9999979103390915;0.9999983246596441;0.9999996255279024;0.9999998609607336;0.9999973665654205;0.9999999999999999;0.9999889112940575;0.9999871320581506;1.0;1.0;0.9999997163092146;1.000138242505255;0.9999865147927666;0.9999968372335023;0.9999993690785196;0.999832939399601;0.9997238146051405;0.9996522625647225;0.9996268354624879;0.9999984794632634;1.0;1.0;0.9993389311260061;0.9993216150207842;0.99931168822105;1.0001192914733474;1.0;0.9999861608337703;0.9999882875755044;1.0;1.024999976158142;
2016-07-25 04:45:00;0.999992607087099;1.0;0.9999897140338462;0.9999965353349823;0.9999980438123278;1.0;1.0;0.9999976279539357;0.9999936627929289;0.9999994265422634;0.9999926553703575;0.9999970676074769;0.9999992982692689;0.999998048056746;0.9999987736413145;0.9999997405025979;0.9999998832513043;0.9999973652552755;1.0;0.9999896982233326;0.9999887145495456;1.0;0.9999999999999999;0.999999799580909;1.0001370310639228;0.9999880419104235;0.9999971859048268;0.999999439543981;0.999849244197331;0.9997494694039258;0.999687421327056;0.9996681153446344;0.9999985444402574;1.0;0.9999999999999999;0.9994164167418871;0.9993994952068496;0.9993895676334894;1.0001183221058274;1.0;0.9999877801531231;0.9999889670878427;0.9999999999999999;1.024999976158142;
2016-07-25 05:00:00;0.9999916749734833;1.0;0.9999882099350288;0.9999955904485122;0.9999982990429097;1.0;1.0;0.999997913795241;0.9999934170528623;0.9999995910472859;0.9999905056693528;0.9999969133751264;0.999999359210386;0.9999984354039838;0.9999988034283122;0.9999994552900495;0.999999780367268;0.9999977216312463;0.9999999999999999;0.9999882566693219;0.9999874919590988;1.0;1.0;0.9999995050815571;1.0001392212429172;0.9999857770502492;0.9999966946950939;0.9999995637183139;0.9998130067887157;0.9996997870260689;0.9996243294222606;0.9995993939344971;0.9999985858340573;1.0;1.0;0.9992935180830533;0.9992761111496383;0.9992661848019184;1.0001200813931581;1.0;0.9999860773643343;0.9999875656228533;1.0;1.024999976158142;
2016-07-25 05:15:00;0.9999901796401424;1.0;0.9999863843882686;0.9999951247981224;0.999998038783428;1.0;1.0;0.9999973180420584;0.9999925218658919;0.9999990984952655;0.9999897390517833;0.9999967226674309;0.9999992428191424;0.9999973931993212;0.9999978540236164;0.9999994633131608;0.999999801418522;0.9999973327325545;0.9999999999999999;0.9999868197759825;0.9999856589032247;1.0;0.9999999999999999;0.9999995949891843;1.0001401815391784;0.9999843575722912;0.9999963365817097;0.9999992147479765;0.9997991260670713;0.9996779876534589;0.9995967482869696;0.9995679546083879;0.9999981497102666;1.0;1.0;0.9992356105089523;0.9992191377537114;0.9992112111810402;1.000120866449538;0.9999999999999999;0.9999843605157632;0.9999858349079896;1.0;1.024999976158142;
2016-07-25 05:30:00;0.9999920877752132;1.0;0.9999868295859469;0.9999961335253146;0.999998261114333;1.0;1.0;0.9999965295344642;0.9999920571111371;0.9999989310870876;0.9999906625147454;0.9999924518804321;0.9999996006221836;0.9999967783453414;0.9999976578964228;0.9999995440935916;0.9999998191229909;0.9999978966738073;1.0;0.9999878695112743;0.9999889438431798;1.0;1.0;0.9999997217465141;1.0001401324432022;0.9999872041894802;0.9999969750973201;0.9999990419447427;0.9997878726177769;0.9996746090414732;0.9996009606156131;0.9995830013851287;0.9999979868651311;0.9999999999999999;1.0;0.9992752624503337;0.9992440396004129;0.9992345260886039;1.0001208529539567;0.9999999999999999;0.9999876943108251;0.9999862301323023;1.0;1.024999976158142;
2016-07-25 05:45:00;0.999991782250849;0.9999999999999999;0.999989094376522;0.9999959021150862;0.9999980619385416;1.0;0.9999999999999999;0.9999979908888061;0.9999936964487436;0.9999995955274857;0.9999915794186548;0.9999748866927733;0.9999992038283746;0.9999984759059187;0.9999989572576516;0.9999996091194893;0.999999835814894;0.999997323645907;1.0;0.9999888646004923;0.9999873474004075;1.0;1.0;0.9999996347060978;1.0001464426429918;0.9999863584388089;0.9999968175255619;0.9999995739755698;0.9997228117356483;0.9995799953755194;0.9994692255827824;0.9994314395152043;0.999998638204359;0.9999999999999999;1.0;0.9989945072671991;0.9989076608595143;0.9988981505502695;1.0001264081541297;1.0;0.9999861914688049;0.9999883647852309;1.0;1.024999976158142;
2016-07-25 06:00:00;0.9999904112874559;1.0;0.9999856964698407;0.9999951767781453;0.9999977056755505;1.0;1.0;0.9999968286403891;0.9999913844844717;0.9999993310315152;0.9999892181724316;0.999975783138332;0.9999992459160119;0.9999975449468418;0.9999984008935258;0.9999994885417052;0.9999997795382166;0.9999970179418314;1.0;0.9999859116682436;0.9999856071521637;1.0;1.0;0.9999995642047488;1.0001453636315822;0.9999838075666623;0.9999962105958754;0.9999993073391631;0.9997487864525484;0.9996226101115744;0.9995323725258488;0.9995085328861782;0.9999980822521023;0.9999999999999999;1.0;0.9991424475250017;0.9990590430596189;0.9990503245317102;1.0001253887649677;1.0;0.9999840535712521;0.9999847605436905;1.0;1.024999976158142;
2016-07-25 06:15:00;0.9999899158055447;0.9999999999999999;0.9999858063198872;0.9999946562933685;0.9999981754452899;1.0;1.0;0.9999975675034802;0.9999924304113227;0.9999993338893265;0.9999885835514317;0.9999565326005394;0.9999992480720867;0.9999978758014179;0.9999981533016721;0.9999993013059905;0.9999997353457286;0.9999975382981029;1.0;0.9999861367239443;0.9999851990523513;1.0;1.0;0.9999993843552529;1.0001503953863502;0.9999831801723197;0.9999960886849671;0.9999993781125328;0.9997006254977806;0.9995527088335027;0.9994304611490935;0.9993894490899526;0.9999982608197105;0.9999999999999999;0.9999999999999999;0.9989197268644583;0.9987747717407947;0.9987652626967485;1.0001296381444862;1.0;0.9999835694657299;0.9999852414274973;1.0;1.024999976158142;
2016-07-25 06:30:00;0.9999899915375395;1.0;0.9999866940520717;0.9999952644889759;0.9999974494741599;1.0;1.0;0.9999971999046899;0.9999920238491948;0.9999993191555444;0.9999903004880897;0.9999531459622787;0.9999989630623208;0.9999976879090569;0.999998484646307;0.9999996358963047;0.9999998424414365;0.9999964906025245;1.0;0.999986503919918;0.9999846226072361;1.0;1.0;0.9999996795473981;1.0001513818209025;0.9999838616318896;0.99999621347174;0.9999993358909428;0.9997089237301313;0.9995539933710609;0.999419968545601;0.9993669942872352;0.9999981846536634;0.9999999999999999;0.9999999999999999;0.9988662857883622;0.998710026092538;0.9986997247186344;1.0001306684308278;1.0;0.9999834050642903;0.9999857577563485;1.0;1.024999976158142;
2016-07-25 06:45:00;0.9999932301994217;1.0;0.9999888205910592;0.9999965173065868;0.9999988258073881;1.0;1.0;0.9999973488471412;0.9999937217321148;0.9999990800862018;0.9999917032329573;0.9999555275506301;0.9999996985445139;0.999997375938017;0.9999978501540093;0.9999995040369599;0.9999998179252048;0.9999986023064316;1.0;0.9999898636933853;0.9999907927866852;1.0;1.0;0.999999653317814;1.0001508382346695;0.9999890519678617;0.9999974238948467;0.9999992072712678;0.9997262414156327;0.999565623353478;0.9994517056577646;0.9994036011321163;0.9999983630492553;0.9999999999999999;0.9999999999999999;0.9989342793139959;0.9987751759180526;0.9987513936933017;1.0001301013860966;1.0;0.9999896612974255;0.9999885101240013;1.0;1.024999976158142;
2016-07-25 07:00:00;0.9999871469351963;1.0;0.9999835819076766;0.999993486264619;0.9999973154485738;1.0;1.0;0.9999973930663124;0.9999911168245951;0.9999993407538034;0.999986989676091;0.9999502773233289;0.9999987465314872;0.9999978119932099;0.9999982052659067;0.9999993184247487;0.9999997356337372;0.9999961957287846;1.0;0.9999832942011334;0.9999804299280187;1.0;1.0;0.9999993557470838;1.0001593485284785;0.9999789606123365;0.9999951052472483;0.99999936518885;0.9995822419151353;0.99939537244384;0.9992605821082855;0.9992222431795845;0.9999980263451012;0.9999999999999999;1.0;0.9986433474212244;0.9984650096624933;0.9984378274017457;1.000137392218842;1.0;0.9999786929610851;0.9999827125444305;1.0;1.024999976158142;
2016-07-25 07:15:00;0.999982686818056;1.0;0.999978061847106;0.999990545206015;0.9999969854958036;1.0;1.0;0.9999975009535956;0.9999890267008141;0.9999995606272829;0.9999810678659171;0.9999387670575731;0.9999984288262992;0.9999982140596504;0.9999981200320881;0.9999987718933799;0.9999995321934537;0.9999956527777158;1.0;0.9999774973063704;0.9999736546018115;1.0;1.0;0.9999987628623707;1.0001732608426552;0.9999705431406966;0.9999932060070365;0.9999995029716866;0.9993223887025178;0.9991006439491494;0.9989250802570738;0.9989083015838427;0.9999977627643296;1.0;1.0;0.9981470052030335;0.9978574163455909;0.9977328221993468;1.000149158278449;0.9999999999999999;0.9999708479257748;0.9999770983869263;0.9999999999999999;1.024999976158142;
2016-07-25 07:30:00;0.9999849846519756;1.0;0.9999814852605907;0.9999922018077646;0.9999978089428435;1.0;0.9999999999999999;0.9999977186776998;0.9999915006313036;0.9999988235557;0.9999848872481989;0.9999431917538405;0.9999987298464802;0.9999971469748069;0.9999968254652842;0.999999007577254;0.9999996730981513;0.9999967151480239;1.0;0.999981907357802;0.9999782280132895;1.0;1.0;0.9999991538883052;1.0001704725309057;0.9999765181231992;0.9999945436146415;0.999999084510994;0.9992866900068413;0.9990714659222892;0.9988950392333056;0.9988884627210272;0.999997800933434;1.0;1.0;0.9981267830120653;0.9978426078070781;0.9977068431471593;1.0001467923486822;1.0;0.9999763818211531;0.9999812569566306;1.0;1.024999976158142;
2016-07-25 07:45:00;0.9999622459917753;1.0;0.9999546914931045;0.9999829306080601;0.9999949273252952;1.0;1.0;0.9999919796665546;0.9999801801472916;0.9999934983130675;0.9999687799353232;0.9999445291050971;0.9999970405800307;0.999986263895529;0.9999858393671494;0.9999982850294474;0.9999996340204507;0.9999921330484287;1.0;0.9999591541914;0.9999489250021357;1.0;1.0;0.9999993253899928;1.0001800105582275;0.999949847040125;0.999988128904342;0.9999953566716308;0.9992251198525854;0.9990051329486714;0.9988296708110462;0.9988375943943233;0.9999928266875906;0.9999999999999999;0.9999999999999999;0.9980608763977404;0.9977841732564677;0.9976526093274672;1.0001541291706888;0.9999999999999999;0.9999470677601671;0.9999557846127286;0.9999999999999999;1.024999976158142;
2016-07-25 08:00:00;0.9999454428278584;1.0;0.9999313042373836;0.999975383626551;0.999994487318043;1.0;1.0;0.9999868781042415;0.9999714004864368;0.9999884484648203;0.9999536312670229;0.9999551754013455;0.9999967297711514;0.9999761595621978;0.99997507829238;0.9999971512553826;0.9999994458082578;0.9999913927920422;1.0;0.9999413067463614;0.9999301611620481;1.0;1.0;0.9999991516367722;1.0001874321791637;0.9999306320137249;0.9999835347345105;0.9999918347635663;0.9992121438665069;0.9989908717718929;0.99881157719812;0.9988212823009928;0.9999885084813533;1.0;1.0;0.9980356448655718;0.9977989846283299;0.9976756752297433;1.0001594374416398;1.0;0.9999277873882535;0.9999344458771076;1.0;1.024999976158142;
2016-07-25 08:15:00;0.9999832420506497;1.0;0.9999768303766269;0.9999919941277026;0.9999977866671218;1.0;1.0;0.9999952870754614;0.9999889233941432;0.9999971211661053;0.9999834794555917;0.9999470881918472;0.9999990023419518;0.9999933898162767;0.999993557207105;0.9999989973389118;0.9999997214118601;0.9999969166121608;1.0;0.9999794524444291;0.9999777680294412;1.0;1.0;0.9999994740213978;1.0001755760599036;0.9999762978843971;0.9999943960867815;0.9999978413357904;0.9991504660447528;0.9989161053132447;0.9987424533585795;0.998760354150587;0.9999964141116405;1.0;1.0;0.9979452279574067;0.9976998556700473;0.9975984786386387;1.0001510336475141;1.0;0.9999762376218055;0.9999770859812732;1.0;1.024999976158142;
2016-07-25 08:30:00;0.9999863563978961;1.0;0.9999808163904396;0.99999358520924;0.999997818773822;1.0;1.0;0.99999579741092;0.9999901973580501;0.9999977710487281;0.9999865506991593;0.999928396978676;0.999999054192991;0.9999946331897018;0.999995095563461;0.9999992692795666;0.9999997847638978;0.9999970283588665;1.0;0.9999827118378075;0.9999815225014709;1.0;1.0;0.9999995939243613;1.000185770438697;0.9999803557764723;0.9999953472117704;0.9999982789731175;0.9989762885597516;0.9986679174540138;0.9985181988762158;0.9985557197419668;0.9999970026766605;1.0;1.0;0.9976311465089038;0.9973105214972169;0.9971880833975169;1.0001600585375334;1.0;0.9999802246539736;0.9999807271996898;1.0;1.024999976158142;
2016-07-25 08:45:00;0.9999814572852495;1.0;0.9999757891927907;0.9999912179742104;0.9999972441890936;1.0;1.0;0.999995422095731;0.9999883984096932;0.999997215224052;0.9999826119667528;0.9999229601693767;0.9999985754331279;0.9999935968899254;0.9999937490653689;0.9999990107465053;0.99999972327434;0.9999960201963407;1.0;0.9999778585765223;0.9999745672071619;1.0;0.9999999999999999;0.999999410954819;1.0001921264661913;0.9999735520003334;0.9999937596107028;0.9999979102177161;0.9989010676109489;0.9985567027506433;0.9983415744495624;0.9983420053957441;0.9999963621502084;0.9999999999999999;1.0;0.9972241568468111;0.9968384858926226;0.9966537022858226;1.00016536278668;1.0;0.9999729867455539;0.9999758599676093;1.0;1.024999976158142;
2016-07-25 09:00:00;0.999985812249584;1.0;0.9999808798566757;0.9999931793321409;0.9999976489762025;1.0;0.9999999999999999;0.9999962487979476;0.9999903142170489;0.9999980991032795;0.999986089458217;0.9999372824572701;0.9999989142681182;0.9999953496906808;0.9999956892819316;0.999999233002943;0.9999997616352974;0.9999967084494767;1.0;0.9999822327425195;0.9999801943128169;1.0;1.0;0.9999995003980645;1.0001864478284752;0.9999789859935926;0.9999950511776442;0.9999985168353797;0.9988753748689235;0.998560686663649;0.9983714235721131;0.9984060220895957;0.9999971995172496;1.0;1.0;0.9973765746692941;0.9970501340411017;0.996883541958367;1.0001606569236483;1.0;0.9999787483700702;0.9999806506745365;1.0;1.024999976158142;
2016-07-25 09:15:00;0.9999839590461608;1.0;0.9999790918923046;0.9999921670464336;0.99999748169965;1.0;1.0;0.9999963189765817;0.9999897890267555;0.9999980284453917;0.9999843927813361;0.9999397954712343;0.9999987432657585;0.9999952697420394;0.9999953977696587;0.9999990911198738;0.9999997193202228;0.999996381888595;1.0;0.9999803783920926;0.999977451060806;0.9999999999999999;1.0;0.9999993735618654;1.0001882141490999;0.9999761302931753;0.9999943978901632;0.9999984811136533;0.9988240298701964;0.9984920476994584;0.9983570082744097;0.9984268306335526;0.9999970602885182;1.0;0.9999999999999999;0.997459565972509;0.997165365357426;0.9970303860555707;1.0001621024444707;1.0;0.9999758104577205;0.9999789109675422;1.0;1.024999976158142;
2016-07-25 09:30:00;0.9999820291912912;1.0;0.9999763709133297;0.999991329589513;0.9999967070611582;1.0;1.0;0.9999955504556468;0.9999877267844556;0.9999979951517517;0.9999825652923992;0.9999298553773164;0.9999984559396297;0.9999948791123467;0.9999953967437434;0.9999990868362283;0.9999996981774695;0.9999953513024317;1.0;0.9999774024585883;0.9999741765679113;0.9999999999999999;1.0;0.9999993386119528;1.0001919873746472;0.9999727538023508;0.9999936003900664;0.9999983890490546;0.9988295934123778;0.9984701624590753;0.9983261626030357;0.99837704112424;0.999996673549812;1.0;1.0;0.9973518018938672;0.9969890128085322;0.9968056788850157;1.0001653647998336;1.0;0.9999722652877376;0.9999757860603866;1.0;1.024999976158142;
2016-07-25 09:45:00;0.9999801668084615;1.0;0.9999753286955064;0.9999900774782;0.9999963817150145;1.0;1.0;0.9999962810646608;0.9999875616842112;0.9999984958828918;0.9999806824529778;0.9999275863203924;0.9999981260840011;0.9999959955867337;0.9999961985497565;0.9999989213955219;0.9999996254688273;0.9999947348778551;1.0;0.999975498165573;0.9999706232781349;1.0;1.0;0.9999990679634141;1.0001977785284228;0.9999688974792573;0.9999927486183503;0.9999987546664233;0.9987328411504335;0.9983346016766091;0.9982480355077192;0.9983366587602531;0.9999969107606627;1.0;0.9999999999999999;0.9973369935203124;0.996991828365861;0.9968407099925667;1.0001703354658187;1.0;0.9999683034639522;0.9999745448756575;0.9999999999999999;1.024999976158142;
2016-07-25 10:00:00;0.9999676535060599;1.0;0.9999694225460205;0.9999852851330961;0.9999916332521676;0.9999999999999999;1.0;0.9999970223275707;0.9999835948587731;0.9999992893384362;0.9999767310146275;0.9999199160801522;0.999995181096483;0.999997591910197;0.9999982938306581;0.9999994293181643;0.9999997654804915;0.9999870509963765;1.0;0.999964784921913;0.9999470735385949;1.0;1.0;0.9999991843986963;1.0002045892338913;0.9999501167164913;0.9999883792363562;0.9999992930002846;0.9986917244549943;0.9982749503054555;0.9981323572500869;0.9981902289596362;0.9999966100092154;1.0;1.0;0.9970513065112304;0.9966471967059316;0.9964508395731272;1.0001765784181946;1.0;0.9999448742982091;0.9999668120860746;1.0;1.024999976158142;
2016-07-25 10:15:00;0.9999742235003213;0.9999999999999999;0.9999721698312688;0.9999883056684706;0.9999931287280227;0.9999999999999999;1.0;0.999995651441429;0.9999839722343276;0.999998941623717;0.9999796271427397;0.9999407382694532;0.9999965321787042;0.9999964295303942;0.9999977419925121;0.9999994818918706;0.9999997700028718;0.9999898133903783;1.0;0.9999695334614682;0.9999585991172515;1.0;1.0;0.9999994062228033;1.0002005449137517;0.9999598189987299;0.9999905992436031;0.9999989596514889;0.998649269187147;0.9982416237970339;0.998156364281977;0.998260859478066;0.9999965116676037;1.0;1.0;0.9972319220538015;0.9969017125121378;0.9967159705538821;1.0001730764131822;1.0;0.9999564746813646;0.9999698529750122;1.0;1.024999976158142;
2016-07-25 10:30:00;0.999982762923617;1.0;0.9999792271000081;0.9999916202510158;0.9999964214511456;1.0;0.9999999999999999;0.9999967635127005;0.9999890843331306;0.9999988379933851;0.9999840707229755;0.9999275852183399;0.9999981569741437;0.9999967455697371;0.9999971617014907;0.9999992356069627;0.99999972434047;0.999994776206014;1.0;0.9999788775577495;0.9999738835127866;1.0;1.0;0.999999302025544;1.0002007114606508;0.9999730225906173;0.9999937019076552;0.9999990049176102;0.9986425794902911;0.9982284678100724;0.998133646795732;0.998231023079903;0.9999973769842978;0.9999999999999999;1.0;0.9971729472786811;0.99683372499376;0.9966903165975068;1.000173070283516;1.0;0.9999720344732801;0.9999782852694978;1.0;1.024999976158142;
2016-07-25 10:45:00;0.9999780789826325;1.0;0.9999716539789336;0.9999894940495986;0.9999953548171977;1.0;1.0;0.9999946250152872;0.999984494298683;0.9999980510674447;0.999979042644082;0.999918992561411;0.9999978597029977;0.9999945659339304;0.9999955544759819;0.9999990313496177;0.9999996478894856;0.9999934536258654;1.0;0.9999719901237306;0.9999674227043002;1.0;0.9999999999999999;0.9999992097019895;1.0002056431984558;0.9999659030991782;0.9999920053211221;0.9999983335543523;0.9986113979413029;0.9981874385104847;0.9980762687523831;0.9981674500469692;0.9999961256615814;1.0;1.0;0.9970586720279727;0.9966914548938697;0.9965469133997013;1.0001771570510327;1.0;0.9999649997708889;0.9999704048234026;1.0;1.024999976158142;
2016-07-25 11:00:00;0.9999790235210914;1.0;0.9999757835067099;0.9999902439209915;0.9999953163512942;0.9999999999999999;1.0;0.9999960594601438;0.9999870632415733;0.9999984459812864;0.9999821735491283;0.9999310348986814;0.9999975869847766;0.9999958198705973;0.9999964923453342;0.9999992978764457;0.9999997536154374;0.9999930811363138;1.0;0.9999751126074476;0.9999679506780833;1.0;1.0;0.9999993955657691;1.0002014324123383;0.9999680589224561;0.9999925138321515;0.9999987043647862;0.9986234433172104;0.9982096033549067;0.9980645734538919;0.9981373254069975;0.9999967938945218;1.0;0.9999999999999999;0.9969826103784816;0.9966346759295701;0.9964657004141992;1.0001736907322358;1.0;0.9999661311382468;0.9999745826601845;1.0;1.024999976158142;
2016-07-25 11:15:00;0.9999837742805148;1.0;0.9999832605715755;0.9999926861130485;0.9999961619507021;1.0;0.9999999999999999;0.999997729212067;0.9999912245978646;0.9999990171065706;0.9999877978358065;0.9999288108549531;0.9999978214130334;0.9999974530118477;0.9999978294074167;0.9999996296630657;0.9999998763619323;0.999994133687203;1.0;0.9999820325977073;0.9999745598019536;0.9999999999999999;1.0;0.9999996266559036;1.0001969449454544;0.9999757657349665;0.9999943232109975;0.9999992030056309;0.9986802177761362;0.9982789425488096;0.9981576556212333;0.9982364464626621;0.999997853997511;1.0;1.0;0.9971561078745076;0.9967945221873082;0.9966169913961896;1.0001700350944605;1.0;0.9999735105591493;0.9999822929936941;1.0;1.024999976158142;
2016-07-25 11:30:00;0.9999773173160902;1.0;0.9999760318693537;0.9999892296022559;0.9999943559735663;1.0;1.0;0.9999971073134662;0.9999868724529553;0.9999994833830593;0.9999812900710404;0.9999331699763708;0.9999969582583201;0.9999979205197866;0.9999985628167943;0.9999993387111019;0.9999997236206424;0.9999915111118612;1.0;0.9999734183638803;0.9999634188506357;1.0;1.0;0.9999992021925944;1.0002020824363795;0.9999638414435643;0.9999915890825337;0.9999994207255133;0.9986389366146683;0.9982132030930205;0.9981374751361222;0.9982412851483052;0.9999973237723506;1.0;1.0;0.997199362956134;0.996867109892763;0.9967098135700643;1.0001743787479769;1.0;0.9999612586625042;0.99997412876766;0.9999999999999999;1.024999976158142;
2016-07-25 11:45:00;0.9999838760814936;1.0;0.9999834122443548;0.9999922880903422;0.9999960398542005;1.0;1.0;0.9999982695966348;0.9999910965949194;0.9999997463884714;0.9999868206136125;0.999944420658005;0.9999978022278722;0.999998842926905;0.999999160680819;0.99999951662596;0.9999998004033523;0.999993982505269;0.9999999999999999;0.9999813902000355;0.9999738729498476;1.0;1.0;0.9999994011356597;1.0001936346592313;0.9999742395084925;0.9999940166746668;0.9999996882448834;0.9987106985919197;0.9983158659535136;0.9982095764823598;0.998292521168462;0.9999982323471583;1.0;1.0;0.9972552446429345;0.9969477300159716;0.9967763770467232;1.0001671869801376;0.9999999999999999;0.9999723444899554;0.9999820906016504;1.0;1.024999976158142;
2016-07-25 12:00:00;0.9999805480574373;0.9999999999999999;0.9999815953642551;0.9999912270156751;0.9999949273812918;1.0;1.0;0.9999981087838871;0.9999900815434942;0.9999995003315826;0.9999861697569572;0.9999340432811539;0.999997081883493;0.9999983882164826;0.9999988494274178;0.9999996856781606;0.9999998718372739;0.999992157470477;1.0;0.9999788761667701;0.9999682249628123;1.0;1.0;0.9999995443624068;1.0001970208593023;0.9999701878234927;0.9999930425229022;0.9999995253170567;0.9987138782649903;0.9983164768027941;0.9982136062708649;0.9982973409179093;0.9999979078569585;1.0;1.0;0.9972647053200313;0.9969440842316124;0.9967983384263489;1.0001701815464978;1.0;0.9999669633756969;0.9999800358112236;1.0;1.024999976158142;
2016-07-25 12:15:00;0.9999687911334655;0.9999999999999999;0.9999718019700051;0.9999860463260711;0.9999920639131464;1.0;1.0;0.9999975814564669;0.9999853859643587;0.9999991035803079;0.9999788549326315;0.9999380747533786;0.9999952958506504;0.9999975449244515;0.999997976398099;0.9999995443513087;0.999999834788094;0.9999875274934875;1.0;0.9999673577419979;0.9999490938176562;0.9999999999999999;1.0;0.9999993616241923;1.0002027283158768;0.9999529675595242;0.9999890265982149;0.999999234823019;0.9986667672638556;0.9982557397071178;0.9981734642159726;0.9982745508931035;0.9999968232376415;1.0;1.0;0.997250978622779;0.9969617696158604;0.9968402934663705;1.000175007268755;1.0;0.9999473837551395;0.999969564484601;0.9999999999999999;1.024999976158142;
2016-07-25 12:30:00;0.9999830742859314;1.0;0.999981069291184;0.9999916171136997;0.9999968365493686;1.0;1.0;0.9999978802256948;0.999990912689249;0.9999990413846985;0.999984847455216;0.9999263537387925;0.9999981121034823;0.9999975595707603;0.9999974267651692;0.9999991856719502;0.9999997243912733;0.9999951606583768;0.9999999999999999;0.9999804445904759;0.9999742734214339;1.0;1.0;0.9999992217272662;1.0002025366730498;0.9999737094910676;0.9999938861369833;0.9999992307679227;0.9985844853916752;0.9981552687523563;0.9980907220557672;0.9982119455751993;0.9999978072269938;0.9999999999999999;1.0;0.9971741088739304;0.9968479130573251;0.9967265050145347;1.0001746381079222;1.0;0.999972560347203;0.9999804188203252;1.0;1.024999976158142;
2016-07-25 12:45:00;0.999982874915618;1.0;0.9999826433751537;0.999992072249414;0.9999959886615095;0.9999999999999999;1.0;0.9999980296220632;0.9999910305878185;0.9999992620238074;0.9999868021838914;0.9999247372920632;0.9999976578059413;0.9999979750414151;0.9999982268033292;0.9999995466794758;0.9999998383747332;0.9999938270401053;0.9999999999999999;0.9999810077820671;0.999972843339871;1.0;1.0;0.9999994860531011;1.000203194175549;0.9999738405725412;0.9999938955933702;0.9999993762378989;0.9985867286103219;0.9981439059963197;0.998048647946615;0.9981449344540252;0.9999979517544832;1.0;1.0;0.9970288015441197;0.9966453331127101;0.9964560422371531;1.0001754203210216;0.9999999999999999;0.9999715689285418;0.9999815595083185;1.0;1.024999976158142;
2016-07-25 13:00:00;0.9999716988564054;1.0;0.9999439324443375;0.9999871782171926;0.9999901279598542;0.9999999999999999;1.0;0.9999807200866502;0.9999593353039004;0.9999961814934422;0.9999635115316363;0.9999267682420804;0.9999984382201275;0.9999855226701059;0.9999930862431734;0.9999990447645491;0.9999993855592016;0.999988743128976;0.9999999999999999;0.9999473126305634;0.9999585207337125;1.0;1.0;0.9999995063596026;1.0002107515082785;0.9999504426773601;0.9999882127307872;0.9999959047766097;0.9986649610887929;0.9982387303392678;0.9981372386225336;0.9982219635500655;0.9999907193661599;1.0;1.0;0.9971410654300878;0.9967546884814988;0.9965533061865192;1.000181454979512;0.9999999999999999;0.9999529583448562;0.9999386836941256;1.0;1.024999976158142;
2016-07-25 13:15:00;0.9999686721274826;1.0;0.9999415367633064;0.9999854260201625;0.999989653800459;1.0;0.9999999999999999;0.9999812025363589;0.9999585976295047;0.9999964485019285;0.9999607484720184;0.9999477450160233;0.9999980743015707;0.9999861589432218;0.9999933839672159;0.9999988333548775;0.9999993065228863;0.9999878859494709;1.0;0.9999442256739969;0.9999534264840042;1.0;1.0;0.9999992585453812;1.0002062355215071;0.9999451415331948;0.9999870117795223;0.9999961081840667;0.998658485679496;0.9982541253408985;0.9981864888502039;0.9983020254097447;0.9999907209534731;1.0;0.9999999999999999;0.997315479752367;0.9970054343547711;0.9968171415830511;1.0001774631974971;1.0;0.9999474313830995;0.9999361493725675;1.0;1.024999976158142;
2016-07-25 13:30:00;0.9999787403224822;1.0;0.9999647135599341;0.9999898578915797;0.9999948853924951;1.0;1.0;0.9999903279410532;0.9999780724335772;0.9999971568231687;0.9999754740800533;0.9999473864772763;0.9999987269982952;0.9999912636934011;0.9999940324130244;0.9999989378243779;0.9999995559385065;0.9999937578275407;1.0;0.9999671633270925;0.9999698534606538;1.0;1.0;0.9999993487334068;1.0001987807794799;0.9999655962355357;0.9999918613084715;0.9999973962739526;0.9987067921085137;0.9983100819103718;0.9982340233111191;0.9983357584644376;0.999994525032361;0.9999999999999999;1.0;0.9973528657468704;0.9970424210812731;0.9968550911306667;1.0001710995944317;1.0;0.9999665918926393;0.9999628007227678;1.0;1.024999976158142;
2016-07-25 13:45:00;0.9999800710225829;0.9999999999999999;0.9999753987843814;0.9999907406502454;0.9999964335070634;1.0;1.0;0.9999955345215145;0.9999877564902757;0.9999975117115455;0.9999823898981607;0.9999481091858043;0.9999982061765883;0.999994112968244;0.9999944680710138;0.9999991379253246;0.9999997497159585;0.9999947651971247;0.9999999999999999;0.9999765345584961;0.9999714868655254;1.0;1.0;0.9999994814550629;1.0001954795133774;0.9999711571410037;0.9999932039284115;0.9999980981899944;0.9986864614739371;0.9982911295096405;0.9982329419822942;0.9983496320047263;0.9999964049356249;1.0;1.0;0.9973964781521725;0.9970788454367908;0.9968792092322888;1.0001683612482795;1.0;0.999969905364681;0.9999750403529075;1.0;1.024999976158142;
2016-07-25 14:00:00;0.9999847970255545;1.0;0.9999809757527891;0.9999929711926046;0.9999966901039568;0.9999999999999999;1.0;0.9999963011905332;0.999989616480951;0.9999984919738419;0.9999864016893022;0.9999601753575792;0.999998494937396;0.9999959920536448;0.9999966954931008;0.9999994439261626;0.9999998085681748;0.9999952670055151;1.0;0.9999812058315404;0.9999774136169763;1.0;1.0;0.9999996193145623;1.0001900591544741;0.9999770604147662;0.9999946029723086;0.9999987565992315;0.9986569036165128;0.9982646000478642;0.9982168446789706;0.9983466707875199;0.999997290243517;0.9999999999999999;1.0;0.9974084359330538;0.9971312386129835;0.9969345789105325;1.0001639339444302;1.0;0.9999760262687574;0.9999801743672063;1.0;1.024999976158142;
2016-07-25 14:15:00;0.9999828526825942;1.0;0.9999791539735329;0.9999920712485872;0.9999962048220757;1.0;1.0;0.9999961522687147;0.9999886599357899;0.9999984597118573;0.9999849786049958;0.9999661768378404;0.999998225695822;0.9999958775993985;0.9999966066590679;0.9999994029320012;0.9999997921904498;0.9999945105825692;0.9999999999999999;0.9999790974056088;0.9999742315469178;1.0;0.9999999999999999;0.9999995706539897;1.0001887771512243;0.9999740402692959;0.9999939022393912;0.9999987227909748;0.9986845551395449;0.9983075060512971;0.998264847337532;0.9983984370153786;0.9999970993474461;1.0;1.0;0.9974997431587136;0.9972362243392368;0.9970326917054805;1.0001628015306654;1.0;0.9999727041084739;0.9999782018604767;1.0;1.024999976158142;
2016-07-25 14:30:00;0.9999842147182635;0.9999999999999999;0.9999760368967535;0.9999920974904354;0.9999960684311712;1.0;1.0;0.9999944801923114;0.9999852271347552;0.9999989048150401;0.9999820833720297;0.9999666798306678;0.999998750869776;0.999995835164267;0.9999974360731024;0.9999991824755595;0.9999996363745173;0.9999949348205474;0.9999999999999999;0.9999763664830588;0.9999762178580482;0.9999999999999999;1.0;0.9999992992428212;1.0001871527622164;0.9999731493534696;0.9999937119248508;0.9999988331608481;0.9986711942792674;0.9983196315777694;0.9982868946119816;0.9984414215102707;0.9999967472985284;1.0;1.0;0.9975989599797387;0.9973480291291658;0.9971588067086609;1.0001613339072695;0.9999999999999999;0.999973601081705;0.9999743582286397;1.0;1.024999976158142;
2016-07-25 14:45:00;0.9999803595232999;0.9999999999999999;0.9999771404343807;0.9999910515226219;0.9999962859284955;1.0;0.9999999999999999;0.9999961107594683;0.9999887150496578;0.9999977194336416;0.9999837752796733;0.9999703686147617;0.9999980600238114;0.9999946952142903;0.9999949861472377;0.9999992839067653;0.9999998021424227;0.9999944185127168;1.0;0.9999777163161245;0.9999713852691083;0.9999999999999999;1.0;0.9999995913538542;1.0001872748941465;0.9999718604087836;0.9999933718974762;0.9999982761718639;0.9986525920328663;0.9982953537369502;0.9982790106528161;0.9984446109166594;0.9999966896908052;1.0;1.0;0.9976192851189689;0.9973771029616635;0.9971840916324344;1.0001613622036445;1.0;0.9999700732849861;0.9999767201416075;1.0;1.024999976158142;
2016-07-25 15:00:00;0.9999723188604053;1.0;0.9999648816267351;0.9999875307766588;0.9999957412403251;1.0;1.0;0.9999929312641911;0.999983245615979;0.9999952844562889;0.9999760901911653;0.9999706577091101;0.9999979215554823;0.9999894657796292;0.999989829318043;0.9999987847000666;0.999999710231322;0.9999937436230053;1.0;0.9999682224219357;0.9999623214808186;1.0;1.0;0.9999995509156864;1.000190981728517;0.9999623431029517;0.999991068011418;0.9999965215189723;0.9986686120727579;0.9983194396358658;0.9982784325652676;0.9984307620361821;0.9999943696633043;1.0;1.0;0.997578050439914;0.997341922539221;0.9971555873434005;1.000164064323965;1.0;0.9999606500744416;0.999965184793448;1.0;1.024999976158142;
2016-07-25 15:15:00;0.999944639684467;0.9999999999999999;0.9999224585092531;0.999975475172917;0.9999962354797846;1.0;1.0;0.9999822089847952;0.9999675971173642;0.9999848164314382;0.9999501224070781;0.9999706577091102;0.9999982138093003;0.9999683437611656;0.9999675693698544;0.9999966965903002;0.9999994152528457;0.9999945488251569;1.0;0.9999385433684465;0.9999351081186744;1.0;1.0;0.9999995047552527;1.0002018761915425;0.9999338811346346;0.9999841114618297;0.9999892368773886;0.9987169281313127;0.9983645929815806;0.9983330149951326;0.9984809417437747;0.9999858114080042;1.0;1.0;0.9976559444212935;0.9974281811604425;0.9972527296244429;1.0001713263397558;1.0;0.9999329945277274;0.9999274091844123;0.9999999999999999;1.024999976158142;
2016-07-25 15:30:00;0.999977685295995;1.0;0.999970921686325;0.9999893528200733;0.9999967534463763;1.0;1.0;0.999994623916313;0.9999861746941983;0.9999967054837847;0.9999789340151721;0.9999707270611626;0.9999984338677798;0.999992448984602;0.9999925616936719;0.9999987748661776;0.99999965415221;0.9999952981344719;1.0;0.9999733681510178;0.9999693788777779;1.0;1.0;0.9999993170184819;1.0001904238591406;0.9999680368053079;0.9999924695521788;0.9999975289064793;0.9986762993839406;0.9983162645082578;0.9982877257068828;0.9984402113660341;0.9999956829012053;1.0;1.0;0.9975945297283946;0.9973758834210967;0.997211991524276;1.0001637175110007;1.0;0.9999674254705121;0.9999710257293419;1.0;1.024999976158142;
2016-07-25 15:45:00;0.9999830068169705;1.0;0.9999776385943302;0.9999924237695904;0.9999966462530533;1.0;1.0;0.9999949955140253;0.99998804434284;0.9999974641349479;0.9999849359245374;0.9999702934196424;0.9999985867426592;0.9999937930672801;0.999994642546759;0.9999993760033647;0.9999998210160997;0.9999952828857178;1.0;0.9999791285061765;0.9999760241288996;0.9999999999999999;1.0;0.9999997548404315;1.0001860780337575;0.9999758059131477;0.9999942574854713;0.9999980214825254;0.9986659895792929;0.998317922002174;0.998290959047356;0.9984515835340948;0.9999964414697289;0.9999999999999999;0.9999999999999999;0.9976238554777124;0.9974166939108963;0.9972695201079913;1.0001603527943592;1.0;0.9999747593989138;0.9999771800250331;1.0;1.024999976158142;
2016-07-25 16:00:00;0.9999822882405812;1.0;0.9999742963843131;0.9999919960398385;0.9999962351255011;1.0;1.0;0.9999935424031178;0.9999853027225151;0.9999972930078225;0.9999827035218394;0.9999708021518361;0.9999987189147058;0.9999928840661716;0.9999943399360338;0.9999992866968549;0.9999997604537053;0.9999950111339834;1.0;0.9999762321853677;0.9999751603143799;0.9999999999999999;0.9999999999999999;0.9999996997828189;1.0001868660646691;0.9999738380225272;0.999993785093764;0.999997782634016;0.9987269718383182;0.9983787157245273;0.9983502005434011;0.9984960671772883;0.999995869144756;0.9999999999999999;1.0;0.9976787199782885;0.9974634715422807;0.9973036988965692;1.0001609768474518;1.0;0.9999734126908608;0.9999734660697791;1.0;1.024999976158142;
2016-07-25 16:15:00;0.9999776313367685;1.0;0.9999712168505053;0.9999893699847613;0.9999959169911043;1.0;1.0;0.9999946074906055;0.9999852291783209;0.9999973846136517;0.9999790266562041;0.9999706577091099;0.9999981350628566;0.9999935060318325;0.9999940970029706;0.9999989354809872;0.9999996616221946;0.9999941614574165;1.0;0.9999724947305559;0.9999678977226681;1.0;1.0;0.9999993187017878;1.0001892396948282;0.9999666565728582;0.9999921625323245;0.9999979344757254;0.9986822338045148;0.9983096435024761;0.9982912167189091;0.9984418137202972;0.9999958844707277;0.9999999999999999;1.0;0.9975948131681488;0.9973669473628078;0.9971913555193086;1.0001628492090757;1.0;0.9999657480212314;0.999970590937547;1.0;1.024999976158142;
2016-07-25 16:30:00;0.9999708783635773;1.0;0.9999638613953462;0.999985147768917;0.9999947465907033;1.0;1.0;0.9999949194727137;0.9999818652215153;0.9999981278727822;0.9999710243002544;0.9999718139927636;0.9999973828220391;0.999994831298764;0.9999950159521093;0.9999983241862631;0.999999403496392;0.999992342916605;1.0;0.9999637631506073;0.9999565481787329;1.0;1.0;0.9999985465992145;1.0001875663251707;0.9999535191463925;0.9999891957939417;0.9999984010217084;0.9987036837025399;0.9983914669960188;0.998388583090838;0.9985725607632623;0.9999956793752857;1.0;1.0;0.9978568162517001;0.9977079572154572;0.9976303585477626;1.0001611574260802;1.0;0.9999528842578379;0.9999626139743681;1.0;1.024999976158142;
2016-07-25 16:45:00;0.9999703639780969;1.0;0.999962866496025;0.9999857397247206;0.9999951966677003;0.9999999999999999;1.0;0.9999937193983937;0.9999820550862605;0.9999964440127499;0.9999724491388864;0.9999774513078672;0.9999976024821031;0.9999916518210461;0.9999918325643828;0.9999984656786985;0.9999995382399834;0.999992944667763;1.0;0.9999647408678516;0.9999579099085174;1.0;1.0;0.9999990118428639;1.0001842917844574;0.9999563642571989;0.9999897634275602;0.9999972835499152;0.9988660097702509;0.998560061625928;0.9985814071246027;0.9987448172120699;0.9999947937768136;1.0;1.0;0.9981172164923212;0.9980217790050357;0.9979904716623677;1.0001582288818012;1.0;0.9999551754355994;0.9999625154939283;1.0;1.024999976158142;
2016-07-25 17:00:00;0.999936295352028;1.0;0.9999183441205407;0.9999695757071734;0.9999934674896989;1.0;1.0;0.9999858205632947;0.9999653190270767;0.9999885328716704;0.9999410824704138;0.9999815679739341;0.9999962791241702;0.9999759007717713;0.99997448687809;0.9999961143560181;0.999999042333392;0.9999900203611944;1.0;0.9999281932544134;0.9999165059616824;1.0;1.0;0.9999981190574602;1.0002000243998095;0.9999133788634224;0.999979617206992;0.9999917602748306;0.9988421203633704;0.9985506350607708;0.9985778873440936;0.9987608717229312;0.9999874899761544;1.0;1.0;0.9981698330802726;0.9980863939275546;0.9980537522419505;1.000169792157106;1.0;0.9999118786458947;0.9999210392832013;1.0;1.024999976158142;
2016-07-25 17:15:00;0.9999151243590628;0.9999999999999999;0.9998891804541887;0.9999561793325131;0.9999937746601695;1.0;1.0;0.9999842143627282;0.9999557302902681;0.9999866348195859;0.9999130820747306;0.999990605098935;0.9999958743873516;0.9999723780944895;0.9999684154104939;0.9999933066329382;0.9999981372909755;0.9999902371507874;1.0;0.9999019371570219;0.9998890045556228;1.0;1.0;0.9999957542611405;1.0002075245608841;0.9998782907221512;0.9999716477078292;0.9999904057092706;0.9989080506652133;0.9986226062224065;0.9986419353679914;0.998809890626221;0.9999847811829405;1.0;1.0;0.9982315155922264;0.9981774060918788;0.9981457134349744;1.0001745925229537;1.0;0.9998801712240882;0.9998933118081188;1.0;1.024999976158142;
2016-07-25 17:30:00;0.9999352701997349;1.0;0.9999112181069607;0.9999675570252567;0.9999945284656002;1.0;1.0;0.9999844073647798;0.9999619484845058;0.9999884001437688;0.9999335837516976;0.9999897160299397;0.9999971804979931;0.9999750793496011;0.9999734669627725;0.9999951863569904;0.9999986865421595;0.999992080254408;1.0;0.9999228969852029;0.9999167910273049;0.9999999999999999;1.0;0.9999973187769765;1.000200033611126;0.9999088400295543;0.9999786205002581;0.9999915397172348;0.9988994121744628;0.9985972433130333;0.998642991232915;0.9988184212267812;0.9999868288811072;0.9999999999999999;1.0;0.9982566005202985;0.9982003074794259;0.9981694066055651;1.0001693000210738;1.0;0.999910386569664;0.9999141367095141;1.0;1.024999976158142;
2016-07-25 17:45:00;0.9999522302037778;1.0;0.9999314183478364;0.9999765050509417;0.9999965110219027;1.0;1.0;0.9999864275849278;0.9999703849852597;0.9999898925955089;0.9999504917843369;0.9999923202291628;0.999998472688723;0.9999782156056651;0.999977282828796;0.9999963938301155;0.9999990674998469;0.9999952165582969;0.9999999999999999;0.999942514740776;0.9999410250587951;1.0;1.0;0.9999983042516659;1.0001884358989932;0.9999349838019238;0.999984653764634;0.9999926574136487;0.9989596619373466;0.9986812400878428;0.9987371373082579;0.998913794572325;0.9999891409644845;0.9999999999999999;1.0;0.9984170900114091;0.9983693298029102;0.9983388042007573;1.0001600601227776;0.9999999999999999;0.999936636692562;0.9999342541489192;1.0;1.024999976158142;
2016-07-25 18:00:00;0.9999614263692393;1.0;0.9999460779573884;0.9999817249370947;0.9999961946452441;1.0;1.0;0.9999888554780869;0.9999758337306313;0.999991995186091;0.9999622633767574;0.9999902407408557;0.9999983250017999;0.9999825268158216;0.9999823148675443;0.9999975152684132;0.9999993829524343;0.9999946596943114;1.0;0.9999541630749945;0.9999512682180671;0.9999999999999999;1.0;0.9999989792163697;1.000181672126774;0.9999481026766476;0.9999876963217357;0.999994162144451;0.998997897190108;0.9987272070315188;0.9987648925504874;0.9989244201159113;0.9999912417625886;0.9999999999999999;0.9999999999999999;0.9984116384090661;0.9983576133746258;0.9983275002653889;1.000155013084361;1.0;0.9999482484566903;0.9999478733232935;0.9999999999999999;1.024999976158142;
2016-07-25 18:15:00;0.9999341026226717;1.0;0.9999099226251178;0.9999633461058554;0.9999967486576212;1.0;1.0;0.9999889705782546;0.9999648816907605;0.9999911998655056;0.999924352459159;0.9999938154379665;0.9999975929837792;0.9999814668651741;0.9999771425010888;0.9999935515458716;0.9999980477574201;0.9999949823578514;1.0;0.9999200521425005;0.9999141513507126;0.9999999999999999;1.0;0.9999953029254288;1.0001975213389853;0.9998997415124895;0.9999767903363967;0.999993629077936;0.9989136264049655;0.9986182387737603;0.9986762471237045;0.9988584097610551;0.9999888496958613;0.9999999999999999;1.0;0.9983326395368805;0.9982902179324815;0.9982604873324897;1.0001665363791392;1.0;0.9999048300449283;0.9999132384189037;1.0;1.024999976158142;
2016-07-25 18:30:00;0.9999445126715353;1.0;0.9999242941500703;0.999967309837738;0.9999965511194041;1.0;1.0;0.9999928191614115;0.9999695253004154;0.9999956539825634;0.9999319087573946;0.9999940425336545;0.9999976276988183;0.9999901169751233;0.9999863075197668;0.999994107985117;0.9999980388072259;0.9999948568793107;1.0;0.9999294490370649;0.9999240903290355;1.0;1.0;0.9999950146719581;1.000190344372328;0.999908520083619;0.9999789968837817;0.9999966653404584;0.998968527641655;0.9986863921097756;0.9987432699011503;0.9989171135886551;0.9999921179387757;1.0;1.0;0.9984190687187783;0.9983773611683728;0.9983476279731233;1.0001610773828695;1.0;0.9999142112939434;0.9999255328925872;1.0;1.024999976158142;
2016-07-25 18:45:00;0.9999499570386374;1.0;0.9999287502962915;0.9999701828101559;0.9999970400723631;0.9999999999999999;1.0;0.9999923234030774;0.9999704375730556;0.9999958798406063;0.9999362221982423;0.9999936418380105;0.9999982334414401;0.9999902386902674;0.9999871192914406;0.9999944617286575;0.9999981334589663;0.9999959064606377;1.0;0.999934258293613;0.9999322518223805;0.9999999999999999;1.0;0.9999953458952522;1.000189067488241;0.9999165420048177;0.9999808310477599;0.999996761804368;0.9989834386759439;0.9987026648649624;0.9987334892594557;0.9988891356913493;0.9999924173627226;1.0;1.0;0.9983477346049169;0.9983059823563188;0.9982778361813569;1.000160186188683;1.0;0.9999227688166572;0.9999297790004474;1.0;1.024999976158142;
2016-07-25 19:00:00;0.9999707151560279;1.0;0.9999589297292222;0.9999846664353843;0.9999965668243725;1.0;1.0;0.9999930978555707;0.9999807721480981;0.9999962954527315;0.9999677147235048;0.9999958361899605;0.9999984910975394;0.9999911537075984;0.9999908874764123;0.9999977338049707;0.9999992752510809;0.9999952723606945;1.0;0.9999624894763005;0.9999602255226063;0.9999999999999999;1.0;0.999998406559726;1.00017690727467;0.9999549867741087;0.9999894971269866;0.9999971312025835;0.9989923675235082;0.9987313291429697;0.9987926082824867;0.9989708332249311;0.9999944950798777;0.9999999999999999;1.0;0.9985144382524971;0.9984911993825605;0.9984781100526373;1.0001514414943913;1.0;0.999956291260392;0.9999590658274387;0.9999999999999999;1.024999976158142;
2016-07-25 19:15:00;0.9999543932904214;0.9999999999999999;0.9999369158351618;0.9999743328776641;0.9999954893810731;0.9999999999999999;0.9999999999999999;0.9999919731088586;0.9999718977353995;0.9999960758876284;0.999946108077704;0.9999963486662627;0.9999977014263406;0.9999903599780773;0.9999887315388614;0.999995784578399;0.9999985755474531;0.9999936602248554;1.0;0.999940851270912;0.9999367518392562;1.0;1.0;0.9999965392341991;1.0001839820241112;0.9999256701766064;0.9999828347489677;0.9999968723898972;0.9990149139777472;0.998731433719293;0.9988168521261711;0.9989946063580135;0.9999927726540258;1.0;1.0;0.9985543368684503;0.9985345457584193;0.9985238339716933;1.0001565143570954;1.0;0.9999291963867618;0.9999369951716918;1.0;1.024999976158142;
2016-07-25 19:30:00;0.9999627760300864;1.0;0.9999508721023631;0.9999799874665057;0.9999946631057438;1.0;0.9999999999999999;0.9999933373203126;0.9999765148538705;0.9999973225534111;0.9999592021886068;0.9999966533103299;0.9999973928210333;0.9999928950013394;0.9999924930687641;0.9999972140104271;0.9999990262047501;0.9999923744406564;1.0;0.9999522702441106;0.9999462115382349;1.0;0.9999999999999999;0.9999976398492677;1.0001753701562897;0.9999395485934092;0.9999860028990335;0.9999977583064833;0.9991629235273134;0.9988987093714539;0.9989498595590038;0.9990814599860344;0.9999942856466083;1.0;0.9999999999999999;0.9986370935919197;0.9986182642799389;0.9986075515951219;1.0001499446371305;0.9999999999999999;0.9999406698937362;0.9999499449751923;1.0;1.024999976158142;
2016-07-25 19:45:00;0.9999715706124621;1.0;0.9999582242674686;0.9999849494941664;0.9999965401472345;1.0;1.0;0.9999924213018904;0.9999796877364547;0.9999963904195855;0.9999672172944885;0.9999967226674309;0.9999987108457937;0.9999910044872109;0.9999911177852118;0.9999977095471687;0.9999992407436435;0.999995469422984;1.0;0.9999619958490197;0.9999615395926381;1.0;1.0;0.9999983749774337;1.000172820619372;0.9999554492549521;0.9999896057955957;0.9999971245760267;0.9992842111373462;0.9990022406196095;0.9990842452543148;0.9991968867034124;0.9999943616809617;1.0;0.9999999999999999;0.9988056925432207;0.9987870797106165;0.9987763652148307;1.0001479074535595;1.0;0.9999573308901495;0.9999581148141689;1.0;1.024999976158142;
2016-07-25 20:00:00;0.9999799136227007;1.0;0.9999665455119413;0.9999902701612262;0.9999968471770244;1.0;1.0;0.999991290903447;0.9999816127495909;0.9999961342686237;0.9999767223571241;0.9999965222669299;0.9999993828836599;0.999990067201912;0.9999915664508702;0.999998663601798;0.9999995615648475;0.9999963127116506;1.0;0.9999709370565808;0.9999740814900309;1.0;1.0;0.9999993683791173;1.0001670173339814;0.9999699733626154;0.9999928707978745;0.9999968783586327;0.9993152254366657;0.9990452701075296;0.9990799226069659;0.9991624332015232;0.9999945766248666;1.0;0.9999999999999999;0.9987070369426821;0.9986887192096797;0.9986792109849146;1.0001433691103172;0.9999999999999999;0.9999714002156636;0.9999662030995553;1.0;1.024999976158142;
2016-07-25 20:15:00;0.9999828890138345;1.0;0.9999706560173637;0.9999915146819197;0.999997679103717;1.0;1.0;0.9999924228812627;0.9999842136808142;0.999996524716822;0.999979315021849;0.9999964664212955;0.9999996738119257;0.9999911787780554;0.9999922998267118;0.9999987098887619;0.9999995824813592;0.9999974356896757;1.0;0.9999749388909227;0.9999785152631565;0.9999999999999999;1.0;0.9999993673925357;1.0001626815037077;0.9999743960612667;0.9999939223271619;0.9999972185206855;0.9993716847455358;0.9991248783529805;0.9991786395776048;0.9992697563815733;0.9999952568384568;1.0;1.0;0.9988979349858278;0.9988791204730494;0.9988691980688517;1.0001396794941544;1.0;0.9999760735289711;0.9999705861700443;1.0;1.024999976158142;
2016-07-25 20:30:00;0.9999687746689688;1.0;0.9999497835847264;0.9999818222348459;0.9999969902126359;1.0;1.0;0.9999913794551568;0.9999754558825177;0.9999968209856847;0.9999578943187143;0.9999968575294378;0.9999992365954997;0.9999912298975919;0.9999911170212878;0.9999966936859055;0.9999988252314749;0.9999965843864591;1.0;0.999954388438524;0.9999581651662671;0.9999999999999999;1.0;0.9999973540854418;1.0001693685241124;0.9999469571146491;0.9999877264434672;0.9999972758031493;0.9993990976370378;0.9991605859374084;0.999234372651922;0.9993364757471378;0.9999938481394556;1.0;1.0;0.9990246857606684;0.9990074246505682;0.9989979133915015;1.000144432759085;1.0;0.9999517396310179;0.9999494660114064;1.0;1.024999976158142;
2016-07-25 20:45:00;0.9999673289460285;1.0;0.9999499588212316;0.9999808333527626;0.9999979149142825;1.0;1.0;0.9999927203349628;0.9999777876658585;0.9999964430443339;0.9999571403332409;0.999996867222561;0.999999228828202;0.9999912305093491;0.9999899418370917;0.999996393220319;0.9999987852677344;0.9999975289966625;1.0;0.9999550734972362;0.9999570051945509;1.0;1.0;0.9999971520165764;1.000167658659619;0.9999460380478621;0.9999875369732955;0.9999971723929891;0.999413311957502;0.999179524428894;0.9992545414620376;0.9993560848131653;0.9999940403894535;1.0;1.0;0.9990563230508368;0.9990390908778461;0.9990295793172943;1.0001427484395875;0.9999999999999999;0.9999507272637669;0.9999505816979638;1.0;1.024999976158142;
2016-07-25 21:00:00;0.9999440833239918;1.0;0.9999143138886851;0.9999727136702772;0.9999963638989345;1.0;1.0;0.9999809616695012;0.999961808332289;0.9999865600537455;0.9999397143863786;0.9999969133751265;0.999998996305518;0.9999705676709204;0.999970237448779;0.9999956074923612;0.9999988732705166;0.9999956072906679;1.0;0.9999301711134626;0.9999336139002375;0.9999999999999999;1.0;0.9999981869312448;1.0001797146004197;0.9999250730943571;0.9999822221218444;0.9999901475579833;0.9994184156056666;0.9991803861595349;0.9992672661221985;0.9993751861065439;0.9999857701976071;1.0;1.0;0.9990976651935947;0.9990802616717881;0.9990703372695466;1.000151767947123;1.0;0.9999283155958159;0.9999180413076586;1.0;1.024999976158142;
2016-07-25 21:15:00;0.9999470672582478;1.0;0.9999182588907211;0.9999748404178755;0.9999965347901235;1.0;1.0;0.9999808044497566;0.9999632655849535;0.999986257160366;0.9999442191924358;0.9999968307292331;0.9999991708614733;0.9999700836898509;0.9999701904788636;0.9999960555003214;0.9999990424576787;0.9999958884714553;1.0;0.9999342693337142;0.99993818806218;1.0;1.0;0.9999986696754538;1.0001852413147054;0.9999310882376823;0.999983606111203;0.9999899393931386;0.999364495442331;0.999097963664771;0.9991964664201952;0.9993107216049094;0.9999859268269653;1.0;0.9999999999999999;0.9989985467355;0.9989808843358366;0.9989709609207638;1.0001567556265214;1.0;0.9999337521282597;0.9999220345652566;1.0;1.024999976158142;
2016-07-25 21:30:00;0.9999496086617835;1.0;0.9999210249449881;0.9999728196740004;0.9999970459639491;1.0;1.0;0.9999849639579922;0.9999646695020402;0.9999907441395818;0.9999386506329223;0.9999968307292331;0.9999992518169714;0.9999789430083935;0.9999779797944202;0.9999951085416907;0.9999985135075754;0.9999967121691686;1.0;0.9999329657567883;0.9999377906300603;1.0;1.0;0.9999969544131927;1.0001774853431904;0.999924674332314;0.9999823954180529;0.9999930097756587;0.9994608400175345;0.9992357831238611;0.9993081729314374;0.9994038045174674;0.9999886175748877;1.0;1.0;0.9991285320249786;0.9991108673271618;0.9991009426208979;1.0001500010915219;1.0;0.9999303711229975;0.9999233308063846;1.0;1.024999976158142;
2016-07-25 21:45:00;0.9999528821156369;1.0;0.9999257253719924;0.9999764291578913;0.9999975633979331;1.0;0.9999999999999999;0.9999836158210679;0.9999671112029662;0.9999885625294783;0.9999468396828725;0.9999969133751265;0.9999995597999806;0.9999748854911805;0.9999743983197504;0.9999959457743912;0.9999989250945612;0.9999973705425879;1.0;0.9999399095062745;0.9999449480361948;0.9999999999999999;1.0;0.9999981844089751;1.000181146443459;0.9999360101481558;0.999984850471759;0.9999915961230528;0.9994098901689006;0.9991536498564959;0.9992525052927462;0.9993607398331413;0.9999878445506052;1.0;0.9999999999999999;0.9990746131220775;0.9990569170969661;0.999046612144993;1.000153387612104;1.0;0.999939910824139;0.9999290984564936;0.9999999999999999;1.024999976158142;
2016-07-25 22:00:00;0.9999729554193157;1.0;0.9999553984444595;0.9999880048815808;0.9999977514192042;0.9999999999999999;1.0;0.999987567216855;0.999978440642513;0.9999917562638658;0.999971897506426;0.9999969424205915;0.9999998006749337;0.9999815500971742;0.9999825895220935;0.9999982353811844;0.9999996162981971;0.9999975769132888;1.0;0.9999652186594502;0.9999696847950763;1.0;0.9999999999999999;0.9999998028784802;1.000169153798607;0.9999666202533206;0.9999919126608494;0.999993909649514;0.99946595960373;0.9992288843848511;0.9993098937711169;0.9994015441185714;0.9999916083370786;1.0;1.0;0.99912040337961;0.999103408332898;0.9990938961599986;1.0001445474054615;0.9999999999999999;0.9999678631492281;0.999957317046085;1.0;1.024999976158142;
2016-07-25 22:15:00;0.9999831193457159;1.0;0.9999731816487964;0.9999920753920624;0.9999971447803953;1.0;1.0;0.9999930599183147;0.9999852628833513;0.9999968112022867;0.9999816967217127;0.9999968865749287;0.9999992804940017;0.9999919103517974;0.9999931407587411;0.999999029174797;0.9999996915181869;0.9999964769603692;1.0;0.9999764642415501;0.9999778314915386;1.0;1.0;0.9999995941238142;1.0001604041222358;0.9999752875209631;0.9999941198658205;0.9999974500890654;0.9994529997786509;0.9992157142643938;0.9992997334872118;0.9993940204093642;0.9999955993013615;1.0;1.0;0.9991106468395795;0.9990937687588032;0.9990846374739096;1.0001379070552536;1.0;0.9999758880008212;0.9999728649403683;1.0;1.024999976158142;
2016-07-25 22:30:00;0.9999786435913441;0.9999999999999999;0.9999659011371782;0.999989674283503;0.9999955311540738;0.9999999999999999;1.0;0.9999913182865096;0.9999799826281959;0.9999970332084309;0.9999758825145605;0.9999968575294377;0.9999988273820872;0.9999914957933353;0.9999935476623601;0.9999988153476868;0.999999551214171;0.9999944496945792;1.0;0.999968575510968;0.9999702050053723;1.0;1.0;0.9999993037306087;1.0001625040387023;0.9999662492422854;0.9999920276772216;0.9999974179372902;0.9995317263027659;0.9992944346715549;0.9993640993344591;0.9994325042552905;0.9999947781300693;1.0;1.0;0.9991409943720269;0.9991237312523508;0.9991142188859625;1.0001396425204183;1.0;0.9999671474863374;0.9999645543914479;1.0;1.024999976158142;
2016-07-25 22:45:00;0.9999720882073136;1.0;0.9999593579665665;0.9999870883683435;0.9999926027243727;1.0;1.0;0.9999898187548191;0.9999745876443644;0.9999972975633036;0.9999716942334586;0.9999969559320554;0.999997561935913;0.9999912632815424;0.9999944578695252;0.999999025944845;0.9999995618533176;0.9999902496139114;0.9999999999999999;0.9999600903060194;0.9999580959221301;1.0;0.9999999999999999;0.9999993494046348;1.0001612380740668;0.9999552028054066;0.9999894388651513;0.9999974320396623;0.9995944127722904;0.9993756173971194;0.9994370050277154;0.9994950487831138;0.9999939648197973;1.0;0.9999999999999999;0.999231296196314;0.9992143428784981;0.9992048296494229;1.0001386950673639;1.0;0.9999545448470273;0.9999565348124891;1.0;1.024999976158142;
2016-07-25 23:00:00;0.9999702178165546;1.0;0.9999583133798187;0.9999861100744706;0.9999922153080124;1.0;0.9999999999999999;0.999990204555653;0.9999743480910541;0.9999974658249988;0.9999704589397936;0.9999969827322585;0.9999972303446967;0.9999917126840341;0.9999947294048277;0.9999989602295319;0.9999995370255572;0.9999895465207692;1.0;0.9999584680799899;0.99995480769392;1.0;1.0;0.9999992329795555;1.00016232837323;0.9999521192387985;0.9999887411608718;0.99999756455229;0.9995967893028074;0.9993747401457306;0.9994243911572621;0.9994737226684342;0.9999940130454208;1.0;1.0;0.9991838120547857;0.9991666267743942;0.9991567015142417;1.000139620246318;1.0;0.9999511011280272;0.9999553753367271;1.0;1.024999976158142;
2016-07-25 23:15:00;0.9999749897517161;1.0;0.9999585905976037;0.9999880643850254;0.999993093677867;1.0;1.0;0.9999885172172088;0.9999729828227576;0.9999974080152977;0.9999710257068137;0.9999968865749288;0.9999982912340626;0.9999908608666519;0.9999946741530479;0.9999989017206323;0.9999994736769318;0.9999914835400461;1.0;0.9999602399988009;0.9999630391593172;1.0;0.9999999999999999;0.9999992491859993;1.0001606798363554;0.9999579412075701;0.9999900761026365;0.9999973763596713;0.9996071317121763;0.9993888761686492;0.9994576648683353;0.9995172692624195;0.999993757159817;1.0;1.0;0.9992706102896941;0.9992531192241839;0.9992431931048552;1.000138163719259;1.0;0.9999589158001013;0.9999555197815028;1.0;1.024999976158142;
2016-07-25 23:30:00;0.9999759311227233;1.0;0.9999607007904282;0.9999885558373137;0.9999935412694553;1.0;1.0;0.99998923982048;0.9999746873482281;0.999997398850893;0.9999725474654557;0.9999968865749288;0.999998351858412;0.9999911612735761;0.9999946222574346;0.9999989422690394;0.9999995093794828;0.9999919848456006;1.0;0.9999623875072547;0.9999646191317515;0.9999999999999999;1.0;0.9999992999414391;1.0001579256315154;0.9999600163350223;0.9999905632855028;0.9999974398316172;0.9996337814103354;0.9994291191633567;0.9994694985872826;0.9995124972670039;0.9999940536522262;1.0;0.9999999999999999;0.9992399465135773;0.9992227732945509;0.9992132599852124;1.000135798358215;1.0;0.9999608102837118;0.9999579496993204;1.0;1.024999976158142;
2016-07-25 23:45:00;0.9999814142838807;1.0;0.9999687089466713;0.9999911744694641;0.9999951173963513;1.0;0.9999999999999999;0.9999911780213797;0.9999798916981284;0.9999977253543817;0.9999783396353759;0.9999968865749287;0.9999988723656903;0.999992524946234;0.9999952965646415;0.9999991395333411;0.9999996106337528;0.99999405741003;1.0;0.9999705231167749;0.9999731566271146;1.0;1.0;0.9999994758255054;1.000158298637769;0.9999693045676932;0.9999927414955351;0.9999978182725858;0.9996038477448355;0.9993833706818874;0.9994313701402039;0.9994779840326963;0.9999951637559535;1.0;1.0;0.999187308515142;0.9991701362007672;0.9991606233925708;1.0001362501721263;1.0;0.9999701732968859;0.9999666696444409;1.0;1.024999976158142;
2016-07-26 00:00:00;0.9999850277816573;1.0;0.9999697452886912;0.9999922451898933;0.9999955273082525;1.0;0.9999999999999999;0.999990795562442;0.9999791221883298;0.9999985842884804;0.9999781962804899;0.9999969559320552;0.9999994758476594;0.9999936985488243;0.9999969543526339;0.9999990315149151;0.9999995017512482;0.9999951015737828;1.0;0.9999715069974182;0.9999781777466935;0.9999999999999999;0.9999999999999999;0.9999992492902929;1.0001540176929302;0.9999719978661877;0.9999934060177089;0.9999982981377334;0.9996509963675866;0.9994562169023249;0.9995050071441731;0.9995529140015459;0.9999955093199652;1.0;1.0;0.9993143646299794;0.9992974099027944;0.9992878958828623;1.0001325822478282;1.0;0.9999744663148815;0.999967182222381;1.0;1.024999976158142;
2016-07-26 00:15:00;0.9999846266168224;1.0;0.9999683087532362;0.9999919808384385;0.9999943837266113;1.0;1.0;0.9999900814576257;0.9999765991970346;0.9999993476030874;0.9999769505337166;0.9999969268865582;0.9999992154977982;0.9999945835473749;0.9999986784860254;0.9999991393808959;0.9999994647041265;0.9999937067641096;1.0;0.9999689143268387;0.999976037932778;1.0;1.0;0.9999991812071676;1.0001532295577509;0.999969228045071;0.9999927773541307;0.9999986877767703;0.9996431853957319;0.999442387769072;0.9994645012670981;0.9994955314210168;0.9999954852337778;1.0;1.0;0.9991952845228652;0.9991785331506516;0.999169401091048;1.0001320418043051;1.0;0.9999717742078044;0.9999646948794583;1.0;1.024999976158142;
2016-07-26 00:30:00;0.999989440857287;1.0;0.9999772868496855;0.9999940726935714;0.999996707834055;1.0;1.0;0.9999932671052465;0.9999840384959634;0.9999994778686685;0.9999827719254802;0.9999968113769108;0.9999997239427602;0.9999962036931713;0.9999986886822808;0.9999991528345025;0.9999995504811601;0.999996533328322;1.0;0.9999782596708836;0.9999842036832337;1.0;1.0;0.9999992259303394;1.0001510167709966;0.9999784816558354;0.9999949701364811;0.9999990611336846;0.9996770644423879;0.9994944074907469;0.9995220768130618;0.999556997195815;0.9999968800749125;0.9999999999999999;1.0;0.9993034635930033;0.9992860510072661;0.9992765370954786;1.0001301333130854;1.0;0.9999809522108936;0.9999750956033274;1.0;1.024999976158142;
2016-07-26 00:45:00;0.9999901331292761;1.0;0.9999779473199827;0.9999948603518832;0.9999966344282561;1.0;1.0;0.9999927258070962;0.9999840316678589;0.9999990701512809;0.9999843468161398;0.9999968113769108;0.9999997734120188;0.9999953171269929;0.9999980986350259;0.999999358154881;0.9999996358757575;0.9999964722509858;1.0;0.9999793076818521;0.9999855502811713;0.9999999999999999;1.0;0.9999994981256116;1.0001493140266118;0.9999806166471294;0.9999954259681514;0.9999987688710631;0.9996904580091688;0.9995122488325783;0.9995254879621014;0.99955074731103;0.9999966572018252;0.9999999999999999;0.9999999999999999;0.9992798800687338;0.9992627608594888;0.9992536280300807;1.000128728332222;1.0;0.9999827366610926;0.9999758191302487;1.0;1.024999976158142;
2016-07-26 01:00:00;0.9999905057262828;1.0;0.9999812108988123;0.9999954112918255;0.9999967951791827;1.0;1.0;0.9999939247363335;0.9999865430234182;0.9999990336644325;0.9999870988607865;0.9999968575294377;0.999999527604423;0.9999957855091253;0.9999981147689897;0.9999995652556883;0.99999974503628;0.9999963602672635;1.0;0.999982137986772;0.9999858840942419;1.0;1.0;0.9999996952487092;1.0001463922926659;0.9999826757830996;0.9999958960636646;0.999998860551327;0.9997228392554854;0.9995586014331669;0.9995439559301622;0.999551736680466;0.9999970756107543;1.0;1.0;0.9992579523594582;0.9992406872189868;0.9992311737390951;1.0001263009588486;1.0;0.9999837782241519;0.9999794265735299;1.0;1.024999976158142;
2016-07-26 01:15:00;0.9999906122706196;1.0;0.9999857187565643;0.9999951797294091;0.9999977592976453;1.0;1.0;0.9999968639598172;0.999991351252776;0.9999994236853172;0.9999890621812934;0.9999969268865582;0.9999993008708788;0.9999977059461272;0.9999985540083696;0.999999457192878;0.9999997631048965;0.9999971205586158;1.0;0.9999859080931834;0.999985872315288;1.0;1.0;0.9999995270391336;1.0001418086872502;0.999983827262163;0.9999962212199178;0.9999993661812703;0.999791130081173;0.9996626036558984;0.9996417555339397;0.9996467565263352;0.9999981285899548;1.0;1.0;0.9994133970724537;0.9993957386697323;0.9993854302229233;1.0001223077459231;1.0;0.9999842269104147;0.9999847529396191;1.0;1.024999976158142;
2016-07-26 01:30:00;0.9999934430302643;1.0;0.9999889031800031;0.9999968176054762;0.9999980550870812;1.0;1.0;0.999996906828618;0.9999925473289681;0.9999994625514034;0.9999921219355904;0.9999969268865582;0.9999995367275967;0.9999977823746927;0.9999988721083173;0.9999997083590789;0.999999849185836;0.9999976186107546;1.0;0.9999891951414515;0.9999901043151486;1.0;1.0;0.9999997729956456;1.0001409487773916;0.9999885708800473;0.9999973049750129;0.9999993946146992;0.9997728123490232;0.9996383216886281;0.9995935725897358;0.9995856965054788;0.9999983702531103;1.0;1.0;0.9992936049497788;0.9992765589594896;0.9992670451380733;1.0001216994113937;1.0;0.9999889065109897;0.9999879533068453;1.0;1.024999976158142;
2016-07-26 01:45:00;0.999990736789762;1.0;0.9999859059296924;0.9999952005519002;0.9999975628042111;1.0;1.0;0.9999969140647578;0.9999911302138041;0.9999996742583929;0.999989061781419;0.9999970579303025;0.9999992381653474;0.9999981222954165;0.9999990926631238;0.9999994899564413;0.9999997581094238;0.9999968643341737;1.0;0.9999857341621525;0.9999856322399627;1.0;1.0;0.9999995046613691;1.0001406490058693;0.9999835031268067;0.9999961548619046;0.9999995205408572;0.9998087574452751;0.9996877181873637;0.9996563529193174;0.9996546116666214;0.9999982270286831;1.0;1.0;0.9994175133287915;0.9994011727041471;0.9993920386097144;1.000121347490451;1.0;0.9999838913324289;0.9999847224959987;1.0;1.024999976158142;
2016-07-26 02:00:00;0.9999937331097773;1.0;0.9999878185819663;0.9999967807934529;0.9999982001745905;1.0;0.9999999999999999;0.9999963992154247;0.9999917514899204;0.9999993991387194;0.9999912111175437;0.9999969559320552;0.9999997502756828;0.999997457065304;0.999998682336607;0.9999996046040299;0.9999998032160728;0.999997987410164;1.0;0.9999885237822131;0.9999908807706825;1.0;1.0;0.9999996987351724;1.00013870019182;0.9999885305365008;0.9999972976064717;0.9999993095788527;0.9998213816594488;0.9997068479569816;0.9996373897509382;0.9996132879688162;0.9999981977658378;0.9999999999999999;1.0;0.9993180481560041;0.9993013863433173;0.9992922531608889;1.0001196960932617;1.0;0.9999894276659166;0.9999868418680695;1.0;1.024999976158142;
2016-07-26 02:15:00;0.9999892302482498;1.0;0.999979087458955;0.9999942768701694;0.9999975708067318;1.0;1.0;0.9999941752741746;0.9999867708527223;0.9999986911316823;0.9999845745104056;0.9999968016996938;0.999999758486708;0.9999953540741444;0.9999969726841613;0.9999991482936085;0.999999631759705;0.9999974086293096;1.0;0.9999809017364186;0.9999851366206558;1.0;1.0;0.9999993889862506;1.0001388408195895;0.9999808325639545;0.9999954902309947;0.9999986799295831;0.9998355307920838;0.9997321361167292;0.9996834269237154;0.9996736817818405;0.9999969141631467;1.0;0.9999999999999999;0.9994386264956698;0.9994214751216041;0.9994123408416162;1.0001195126567233;1.0;0.9999826660127016;0.9999779163145838;1.0;1.024999976158142;
2016-07-26 02:30:00;0.9999914210106213;0.9999999999999999;0.9999853561467554;0.9999958155613501;0.9999981741954481;1.0;1.0;0.9999960388695799;0.9999911972590743;0.9999987168694668;0.9999897087462526;0.9999969268865582;0.9999996287687153;0.9999962232807801;0.9999972057448805;0.9999994863795072;0.9999998003466648;0.9999978388364428;1.0;0.9999867083661436;0.9999882317747908;1.0;1.0;0.9999997072961665;1.0001397474858567;0.9999862376281555;0.9999967395387901;0.9999988683288481;0.9998271566283925;0.9997154784998002;0.9996494309438354;0.9996276339655634;0.99999771480435;1.0;1.0;0.9993452618577225;0.9993285079711596;0.9993193745408513;1.000120469487406;1.0;0.999986868439127;0.9999847582822468;1.0;1.024999976158142;
2016-07-26 02:45:00;0.9999898510699483;1.0;0.9999840897258354;0.9999946224643875;0.9999976973993274;1.0;1.0;0.99999657244283;0.9999904484216299;0.9999994242758247;0.9999875480929077;0.9999969559320553;0.9999993268860785;0.9999975755829407;0.9999984425852964;0.9999993235043458;0.9999997084498569;0.9999971016385133;1.0;0.9999844016986917;0.9999848373398084;1.0;1.0;0.9999994025408623;1.0001387993661808;0.9999821644474179;0.9999958438630585;0.9999993399689875;0.9998357808524744;0.9997289695148136;0.9996727991426564;0.9996569613326498;0.9999979651517527;1.0;1.0;0.9994024445982191;0.999386098739139;0.9993773773571006;1.0001196361941753;1.0;0.9999828877530431;0.9999830587978029;1.0;1.024999976158142;
2016-07-26 03:00:00;0.9999907376000385;1.0;0.9999875861231878;0.9999952519643406;0.9999978725317602;1.0;1.0;0.9999978324405913;0.9999928786099243;0.9999996511152749;0.9999901469821947;0.9999969268865582;0.9999991415267038;0.9999984932341311;0.9999989795793414;0.9999995041510157;0.9999997908552241;0.9999970745080835;1.0;0.9999872733415441;0.9999856935299738;1.0;1.0;0.9999995260194061;1.0001382233629106;0.9999843014405333;0.9999963490244779;0.99999959237285;0.9998382587872052;0.9997340874211833;0.9996743662077501;0.9996570471771066;0.9999985198418659;1.0;1.0;0.9994005970803108;0.9993835492649455;0.9993740344249057;1.0001192516088229;0.9999999999999999;0.9999842688712016;0.9999867464236454;1.0;1.024999976158142;
2016-07-26 03:15:00;0.999992979035873;1.0;0.9999891629427684;0.9999963536821386;0.9999983667408898;1.0;1.0;0.9999976272749279;0.9999934761756217;0.9999995624313277;0.9999916460500878;0.999996726501695;0.9999995074686723;0.9999982613199825;0.9999988792054885;0.9999995691581848;0.999999814003705;0.9999979210918684;1.0;0.9999893683094423;0.9999894981077931;1.0;1.0;0.9999996259027503;1.0001379825114982;0.9999878432004378;0.9999971611978395;0.9999995206090265;0.9998451147928553;0.9997423595997953;0.9996697180757015;0.9996439321246497;0.9999985851873264;1.0;1.0;0.9993672334227605;0.9993495519927106;0.9993400374763488;1.0001190680433996;1.0;0.9999882267376318;0.999988456937033;1.0;1.024999976158142;
2016-07-26 03:30:00;0.9999919341793205;1.0;0.999986161705294;0.9999956183712293;0.9999983343761893;0.9999999999999999;0.9999999999999999;0.9999967806878493;0.9999917296187639;0.9999993417636021;0.9999892352675106;0.9999967265016949;0.9999996497526935;0.9999975371958285;0.9999982950306333;0.9999993635957536;0.9999997342283277;0.9999980511396749;0.9999999999999999;0.9999869300356082;0.9999884403448961;1.0;1.0;0.999999478789715;1.0001374380105428;0.9999857113859447;0.9999966646207528;0.9999993102582303;0.9998571981764888;0.9997601779221078;0.9997038606573314;0.9996875235361384;0.9999981528640733;1.0;1.0;0.9994530636046701;0.999435063279028;0.9994251353523511;1.000118469539795;1.0;0.9999867227551268;0.9999854159686865;1.0;1.024999976158142;
2016-07-26 03:45:00;0.9999914307069636;1.0;0.9999862816059977;0.9999957801230871;0.9999982249183792;1.0;1.0;0.9999966005503543;0.999991965657491;0.9999988957713195;0.9999901241760352;0.9999966668218052;0.9999995361033808;0.999996753394792;0.9999975297889049;0.9999994954250625;0.9999998067779389;0.9999978007466053;1.0;0.9999873034021535;0.9999879892905564;1.0;1.0;0.9999996789799598;1.0001389383590762;0.9999862538620053;0.9999967576769165;0.9999990276109827;0.9998258973110868;0.9997114259084968;0.9996419238789782;0.9996168494090385;0.999997946325557;1.0;1.0;0.9993227060831167;0.9993048351101492;0.9992953210195238;1.0001197899030914;1.0;0.999986692084909;0.9999857251842418;1.0;1.024999976158142;
2016-07-26 04:00:00;0.9999912821653135;1.0;0.9999852505881273;0.9999954166436316;0.9999986583853403;1.0;1.0;0.9999965398346276;0.9999918830929424;0.9999987481464733;0.9999889223503993;0.9999970311300931;0.9999997468994375;0.9999964937811713;0.9999970274963043;0.9999992890475075;0.9999997438206295;0.9999984655297838;1.0;0.9999868143938802;0.9999883927814297;1.0;0.9999999999999999;0.9999995287689818;1.0001382491243889;0.9999858626782413;0.9999966770592966;0.9999989338192047;0.9998394419006994;0.9997341723535252;0.9996731781768714;0.9996543188815679;0.9999978492813582;1.0;1.0;0.9993939426765533;0.9993775178954566;0.9993683840172187;1.0001190702820408;1.0;0.999986858790645;0.9999849477309091;0.9999999999999999;1.024999976158142;
2016-07-26 04:15:00;0.9999890529116648;1.0;0.9999846994191677;0.9999944417854815;0.9999972689468744;1.0;1.0;0.9999969892130429;0.9999907709576457;0.9999995854479288;0.9999881012121921;0.9999968307292331;0.9999989944407677;0.9999980145307142;0.9999988597676212;0.9999994479526493;0.9999997520967926;0.9999963315480154;1.0;0.9999843377080398;0.9999829943178311;0.9999999999999999;1.0;0.9999994694207524;1.0001378948722064;0.9999811953959202;0.9999956198551201;0.9999994750232801;0.9998421841818915;0.999737854261335;0.9996814115137248;0.9996649677653279;0.9999981072677162;1.0;1.0;0.999415032055475;0.9993979726626416;0.9993888385974558;1.0001189347864;1.0;0.999981232024397;0.9999835191610892;1.0;1.024999976158142;
2016-07-26 04:30:00;0.9999905882580947;1.0;0.9999878329044912;0.9999952868210407;0.9999978313688734;1.0;0.9999999999999999;0.9999979068220504;0.999993094632182;0.9999995829115504;0.999990492557868;0.9999964857734256;0.9999990810620216;0.9999984183277265;0.9999988775231257;0.9999995483927981;0.9999998132284006;0.99999696603335;1.0;0.9999874851920731;0.9999854590445244;1.0;0.9999999999999999;0.999999576304152;1.0001386656732476;0.9999844132403868;0.9999963713278082;0.9999995586670372;0.9998146829837445;0.9997042669925718;0.9996326627721737;0.9996108391691219;0.9999985195382259;1.0;0.9999999999999999;0.9993169201510818;0.9992987701819541;0.9992896370234363;1.0001196492372484;1.0;0.9999841656988326;0.9999870360406072;1.0;1.024999976158142;
2016-07-26 04:45:00;0.999993245340337;0.9999999999999999;0.9999906819753449;0.9999963990267283;0.9999987215675706;1.0;1.0;0.9999984918872133;0.9999949979620777;0.9999996609455436;0.9999923945693395;0.9999969268865581;0.999999482152819;0.99999880043339;0.9999989785085132;0.999999541182984;0.9999998218223453;0.9999982560094376;1.0;0.9999907350830246;0.9999899118048949;1.0;1.0;0.9999995859895656;1.000137643864026;0.9999885802757228;0.9999973493057898;0.99999965975042;0.9998044266344487;0.99970320475877;0.9996539944522075;0.99965184583197;0.999998905414817;1.0;1.0;0.9994120877168984;0.9993947223410695;0.9993847948151208;1.0001187665277496;1.0;0.9999887992925601;0.9999902467927443;0.9999999999999999;1.024999976158142;
2016-07-26 05:00:00;0.9999918147942546;1.0;0.9999874470916039;0.9999959396108905;0.9999987410239752;1.0;1.0;0.9999971731260197;0.9999933885422357;0.999998724649748;0.9999908742026873;0.9999969827322585;0.9999996252876475;0.9999967382265896;0.9999970875747336;0.9999994508937925;0.9999998197377167;0.9999984056647797;1.0;0.9999887638368044;0.9999890360021224;1.0;1.0;0.9999996818025438;1.0001397534513043;0.9999875768210348;0.9999970668670061;0.9999989786258766;0.9997830984594076;0.9996712204596319;0.9996040856865308;0.9995916130263071;0.9999981022726037;1.0;1.0;0.9992971538290298;0.9992802839273633;0.9992707700704827;1.0001204511392983;1.0;0.9999879631601749;0.9999873150777546;1.0;1.024999976158142;
2016-07-26 05:15:00;0.9999923530308665;1.0;0.9999868707452438;0.999995805889232;0.9999987629472928;1.0;0.9999999999999999;0.9999970553777671;0.9999926442144159;0.9999991496467635;0.9999897573421223;0.9999968113769109;0.9999997724438091;0.9999973556853397;0.9999978410721747;0.9999993263287742;0.9999997427955625;0.9999986007696774;1.0;0.9999880042425442;0.9999895479967903;1.0;1.0;0.9999994909730351;1.0001393348064094;0.9999869282210069;0.9999969456493795;0.9999992212417403;0.999784344446287;0.999673606952894;0.9996001934941077;0.9995842329637815;0.9999982076800744;1.0;1.0;0.9992800332619257;0.9992626210844556;0.9992531073957378;1.0001200681293823;1.0;0.9999879913235745;0.999986457880178;1.0;1.024999976158142;
2016-07-26 05:30:00;0.9999935198300767;1.0;0.9999890256881514;0.999996756079908;0.9999987113322135;0.9999999999999999;0.9999999999999999;0.9999971726204024;0.999993552314453;0.9999990825169836;0.9999920937855491;0.9999917061301694;0.9999997323371885;0.9999973025874196;0.9999979426297979;0.9999995742594094;0.9999998370745345;0.9999984770904743;1.0;0.9999900293692027;0.9999911243321833;0.9999999999999999;0.9999999999999999;0.9999997338286152;1.000140604739509;0.999989506757508;0.99999752158855;0.9999991920218672;0.9997932620379111;0.9996799832841692;0.9996013439332025;0.9995793511473718;0.9999983370703092;1.0;1.0;0.9992638492713461;0.9992302663198732;0.9992207529391957;1.0001212896357883;1.0;0.9999900504590327;0.9999886185110327;1.0;1.024999976158142;
2016-07-26 05:45:00;0.9999900420733505;1.0;0.9999883290880228;0.9999948595699029;0.999998050053522;1.0;0.9999999999999999;0.9999986929691617;0.9999941175136503;0.9999996957108778;0.9999902886944885;0.9999735956540167;0.9999989704634699;0.9999989462130849;0.999998946261722;0.9999994517505165;0.9999997938518681;0.9999971034813211;1.0;0.9999877697041212;0.9999846056300442;1.0;1.0;0.9999994572342468;1.0001448000273672;0.9999836858153687;0.9999962239093296;0.9999996987426817;0.9997759887188783;0.999644561795264;0.999544451263659;0.9995059549533867;0.9999987579746867;1.0;1.0;0.9991186319422324;0.9990279819744625;0.9990188512908317;1.0001249120775648;1.0;0.9999833125036603;0.999987748640252;0.9999999999999999;1.024999976158142;
2016-07-26 06:00:00;0.9999938495094306;1.0;0.999991444248456;0.9999967215704562;0.9999988034577588;1.0;1.0;0.9999985813646167;0.9999953468453204;0.9999997033633331;0.9999930319659318;0.9999740452689507;0.9999995141372071;0.9999989073783919;0.9999991021157396;0.9999995853509982;0.9999998366815689;0.9999983777218943;1.0;0.9999914785083902;0.9999907856941248;1.0;1.0;0.9999996169453772;1.0001435988364669;0.9999895443445409;0.9999975724651041;0.9999996933445446;0.9997929494715347;0.9996659122051541;0.9995696084775405;0.9995313371486884;0.9999989942222399;1.0;1.0;0.99916155108927;0.9990720347425066;0.999062522868306;1.0001239440423635;1.0;0.9999897554698175;0.9999910178745558;1.0;1.024999976158142;
2016-07-26 06:15:00;0.9999929060138768;1.0;0.9999903456595349;0.999996362395672;0.9999984899108533;1.0;1.0;0.9999982866772525;0.9999946086847823;0.9999996081494438;0.9999923941037726;0.9999634935152047;0.9999993693517221;0.9999986268158839;0.9999989436927549;0.9999995955545838;0.9999998386187758;0.9999979308158489;1.0;0.9999903227691552;0.9999892874222371;1.0;1.0;0.9999996271418427;1.000147781645289;0.9999881813123073;0.9999972452653189;0.9999996090621618;0.9997598152653845;0.9996137264851173;0.9994935940952698;0.9994406162744877;0.9999988092188267;1.0;1.0;0.9989896931875631;0.998867064682928;0.9988579354700117;1.000127558577432;1.0;0.9999882184970902;0.9999898125828488;1.0;1.024999976158142;
2016-07-26 06:30:00;0.999992081721142;1.0;0.9999868401240772;0.9999958571124065;0.9999987469318345;1.0;1.0;0.9999969536140371;0.9999927659306561;0.9999989026566276;0.9999901090473667;0.9999639140976802;0.9999997085768625;0.9999969237405923;0.9999974014216053;0.9999993768063492;0.9999997748479659;0.9999985341672917;1.0;0.9999881554234106;0.9999893575120276;1.0;1.0;0.9999995682862369;1.000148833052859;0.9999871773091432;0.9999969881171741;0.9999990636405129;0.9996943212721041;0.9995583637784773;0.9994619269247553;0.9994429289872381;0.9999980965395717;1.0;1.0;0.9990389452808247;0.9989176493907435;0.9989085197155048;1.00012828369654;0.9999999999999999;0.9999879963124717;0.9999865479058344;1.0;1.024999976158142;
2016-07-26 06:45:00;0.9999903483705675;1.0;0.9999855447828646;0.999995340657241;0.9999987823176201;1.0;1.0;0.9999967502201584;0.999992861714933;0.9999981669924786;0.9999897807966297;0.9999667692317311;0.9999995836885278;0.9999956738115282;0.9999958977017139;0.9999993587391488;0.9999998152534045;0.9999984270494584;1.0;0.9999874910321322;0.999987570379374;1.0;1.0;0.9999996868770005;1.0001515005601584;0.999986248373493;0.9999967375659902;0.9999986058769657;0.9996867914792043;0.9995234539679498;0.9994231119646079;0.9993907815240612;0.9999977004727117;1.0;1.0;0.9989339629417613;0.9988039586924912;0.998771753272658;1.0001305059631944;1.0;0.9999865546058545;0.9999857041324679;1.0;1.024999976158142;
2016-07-26 07:00:00;0.9999896601333385;0.9999999999999999;0.9999864724543729;0.9999942915366137;0.9999984558963383;1.0;1.0;0.9999984027582411;0.9999934989090944;0.9999995384023914;0.9999883649717112;0.9999627312481514;0.9999992057508773;0.9999985705714687;0.9999983887458268;0.9999991869802526;0.9999997046319414;0.9999977880754366;0.9999999999999999;0.9999865605590227;0.9999847379087561;1.0;1.0;0.9999992449764539;1.0001554831511599;0.9999826481327297;0.9999959932748275;0.9999995772926651;0.9994503789517006;0.9992901302228059;0.9991946515875321;0.9992215108372148;0.9999985603528485;1.0;1.0;0.9987289563876175;0.998583704258234;0.9985482806883645;1.000133996051898;1.0;0.9999830441906642;0.9999860970656876;1.0;1.024999976158142;
2016-07-26 07:15:00;0.9999919524505287;1.0;0.9999898397451429;0.9999961534782759;0.9999980956726939;1.0;1.0;0.9999981166608671;0.9999942223825911;0.9999994779625065;0.9999924280097982;0.9999674684467583;0.9999991587200209;0.9999983462527953;0.9999987848344472;0.9999996880191638;0.9999998752119709;0.9999973083852256;1.0;0.9999896354076842;0.9999876616605156;1.0;1.0;0.9999997255523929;1.0001564477961213;0.9999871901458611;0.9999970013693872;0.999999515588205;0.9993734841076916;0.9992042629912578;0.9990953567346669;0.9991277439120224;0.9999986668324761;1.0;1.0;0.9985791994272706;0.9983932062154582;0.998285287475758;1.000135089057947;1.0;0.9999867451682706;0.999989213697356;1.0;1.024999976158142;
2016-07-26 07:30:00;0.9999751667252478;0.9999999999999999;0.999974005802316;0.9999882640364063;0.9999946455541395;1.0;1.0;0.9999970566399357;0.9999870171673861;0.9999987207977278;0.9999799341709994;0.9999714498039497;0.9999969826385163;0.9999967051517541;0.9999968527123807;0.999999162102654;0.9999997144226705;0.9999917514622347;1.0;0.9999722247186241;0.999961305877315;1.0;1.0;0.99999921599372;1.0001626091372195;0.9999620626947702;0.9999911533107902;0.9999989582361772;0.9993356430405677;0.9991712252306415;0.9990597614973092;0.9991030371168501;0.9999969252418469;1.0;1.0;0.9985522010510929;0.9983667546259933;0.9982431681242244;1.0001400700371115;0.9999999999999999;0.9999592843859761;0.9999727170386783;1.0;1.024999976158142;
2016-07-26 07:45:00;0.9999713545479143;1.0;0.999963515489139;0.9999871620394737;0.9999964355123458;1.0;0.9999999999999999;0.9999926849686357;0.9999837614879855;0.999994323958825;0.9999754924706273;0.9999623473792225;0.9999981180079205;0.9999878450337675;0.9999877277919408;0.9999986176526363;0.9999997133967166;0.9999946432827298;1.0;0.9999682222377455;0.9999625050006977;0.9999999999999999;1.0;0.9999995840132361;1.0001694801588603;0.9999627108237636;0.9999911278534352;0.99999592467557;0.9992761050922655;0.999078186040502;0.9989279194230374;0.9989472975385809;0.9999939299973694;1.0;1.0;0.9982594769751298;0.9980016882858016;0.9978214617423208;1.000145280084682;0.9999999999999999;0.9999611049830421;0.9999646279537746;1.0;1.024999976158142;
2016-07-26 08:00:00;0.9999691267677829;1.0;0.9999537998058768;0.9999856883987266;0.9999989354102614;1.0;1.0;0.9999894072168536;0.9999811721619353;0.9999910230336108;0.9999692761968637;0.9999492698351364;0.999999581412033;0.9999812277249948;0.9999804211829785;0.9999976837716722;0.9999995276577558;0.9999986629143479;1.0;0.9999644301696782;0.9999655705303878;1.0;1.0;0.9999993921095244;1.0001790831547084;0.9999627981604443;0.9999910671919525;0.99999363812937;0.9992197515629361;0.9989997533064348;0.9988270880381028;0.9988376351796523;0.9999916776374965;1.0;1.0;0.9980641837860877;0.9977608282688011;0.9975751096762271;1.0001527587267192;1.0;0.9999638236062355;0.9999571449555337;1.0;1.024999976158142;
2016-07-26 08:15:00;0.999989438399321;1.0;0.9999832164999187;0.9999944489557095;0.9999990162769028;1.0;0.9999999999999999;0.9999965176599777;0.9999919306799435;0.9999981482428438;0.9999872877929153;0.9999506650240177;0.9999997124229799;0.999995541229368;0.9999955907216185;0.9999990675953802;0.9999997086560429;0.9999988540992463;0.9999999999999999;0.9999855603097569;0.9999866525097902;1.0;1.0;0.9999994087694669;1.0001693450066491;0.9999840623131627;0.9999962520787901;0.9999985725755155;0.999194328739402;0.9989630763331011;0.998777110142965;0.9987779432702594;0.9999975200236586;1.0;1.0;0.997951424757441;0.9976509806684617;0.9974632912049374;1.0001457817899864;0.9999999999999999;0.9999851112482567;0.9999834594959747;1.0;1.024999976158142;
2016-07-26 08:30:00;0.9999883296273064;1.0;0.9999839154690051;0.9999940032772103;0.9999985191506777;1.0;1.0;0.9999972640422552;0.999992415938189;0.9999985228045554;0.9999875337418537;0.9999489863534778;0.9999992821164634;0.9999964658008078;0.9999963857820807;0.9999991565427696;0.9999997339167062;0.9999979325619746;0.9999999999999999;0.999985253796805;0.9999840427423522;0.9999999999999999;1.0;0.9999993952350713;1.0001811258662943;0.9999822614634695;0.9999958498617612;0.9999988648346301;0.999011440307655;0.9986991049891751;0.9985861705595204;0.9986341329236638;0.9999978093185906;0.9999999999999999;1.0;0.9977766340724011;0.9974907065798544;0.9973287614111062;1.000156054037612;1.0;0.9999825837841779;0.9999839409521054;1.0;1.024999976158142;
2016-07-26 08:45:00;0.9999899751886498;1.0;0.9999844443030544;0.9999950817195041;0.9999983396506116;1.0;0.9999999999999999;0.9999963444704205;0.999991595234201;0.999998426554936;0.9999888341458836;0.9999420157052312;0.9999994568112726;0.9999959047575033;0.9999964702403883;0.9999993617878496;0.9999997861050822;0.9999979139149443;1.0;0.999986035274515;0.9999865044749564;1.0;1.0;0.9999996037154861;1.0001825431450735;0.9999847381710973;0.9999963935432156;0.9999987223333928;0.9989903516296557;0.9986765882321726;0.9985218295492971;0.9985499531183599;0.9999976203760118;1.0;1.0;0.9976088572898401;0.9973004473044719;0.9971378971252572;1.0001573814869846;1.0;0.9999851884405629;0.9999841945568905;1.0;1.024999976158142;
2016-07-26 09:00:00;0.9999836832017707;1.0;0.9999744656516542;0.9999912466722176;0.9999976834441157;1.0;1.0;0.9999948880365362;0.999986682182302;0.9999980900710226;0.999980006206214;0.9999378471016545;0.9999992487460954;0.9999947361160465;0.9999952188871991;0.9999986511546135;0.999999520828999;0.9999971474145167;1.0;0.9999766367133008;0.9999777178835689;0.9999999999999999;0.9999999999999999;0.9999989666731242;1.0001879956749016;0.9999734154061457;0.999993792128934;0.9999983827789021;0.9988877042412928;0.9985557301524625;0.9984548763928575;0.9985301755971554;0.9999965476288519;0.9999999999999999;1.0;0.9976399902736676;0.9973245113676615;0.9971699219638753;1.0001616944287104;0.9999999999999999;0.9999749329900314;0.9999740213041304;1.0;1.024999976158142;
2016-07-26 09:15:00;0.9999845985318547;1.0;0.9999786122442587;0.9999916156412381;0.9999981433381749;1.0;1.0;0.999996872509525;0.9999899896890827;0.9999985716927204;0.9999823638409739;0.9999308306778809;0.9999990457616468;0.9999963744475634;0.9999960979741107;0.9999987191155773;0.9999995665938289;0.99999742655085;1.0;0.9999799336863616;0.9999785145713869;1.0;0.9999999999999999;0.9999989306680214;1.0001913974332068;0.9999752385785626;0.9999942536801695;0.9999988549454523;0.9987343018012677;0.9984015948294606;0.998305077675021;0.9984184071236605;0.9999973952404536;1.0;1.0;0.9975044385967494;0.9971742816903095;0.9970294184032124;1.0001647126928073;1.0;0.9999761353989536;0.999978488750838;1.0;1.024999976158142;
2016-07-26 09:30:00;0.9999699870373759;1.0;0.9999518828867318;0.9999861643569771;0.9999979282428555;0.9999999999999999;1.0;0.9999876551992616;0.9999777270494804;0.9999914463476578;0.9999683958686777;0.9999460143517126;0.9999996423154477;0.9999811179458717;0.9999816016481798;0.9999978491497719;0.9999995051739756;0.9999977154784869;0.9999999999999999;0.9999621253044556;0.9999659201138266;1.0;1.0;0.9999994513066232;1.000199423902641;0.9999620863777778;0.9999908863056203;0.9999937276419505;0.9988473873545257;0.9984906409671842;0.9983993513739148;0.9984798141462645;0.9999913113983246;1.0;1.0;0.9975636333728134;0.9972796612702078;0.9971324398721213;1.000170490818827;1.0;0.9999636473756144;0.999954155592803;1.0;1.024999976158142;
2016-07-26 09:45:00;0.9999406422198421;1.0;0.9999102730972736;0.9999734690584263;0.999998576591519;1.0;1.0;0.9999780029411258;0.9999637786700418;0.9999806751089878;0.9999429618331452;0.9999389282319873;0.9999995892505026;0.9999601175328459;0.9999588877477158;0.999995772980716;0.9999992576514127;0.9999983638270125;0.9999999999999999;0.9999329129499341;0.9999363201287419;1.0;1.0;0.9999994219830436;1.0002214204746547;0.999932478996756;0.9999837273884735;0.9999863294855666;0.9987569389259278;0.9983587162486242;0.9982863466734585;0.9983831011760514;0.9999829596528481;1.0;0.9999999999999999;0.9974254649845316;0.9971180806413841;0.9969695207433179;1.0001873228897582;1.0;0.9999339973916688;0.9999176072438842;1.0;1.024999976158142;
2016-07-26 10:00:00;0.9999438922074015;1.0;0.9999165970658349;0.9999743770135999;0.9999980240400028;1.0;1.0;0.999980521991791;0.9999659813671118;0.9999832337986875;0.9999454217813251;0.9999228429136804;0.9999991559544116;0.9999652148471836;0.9999639913987911;0.9999959711591856;0.9999992194340286;0.9999974681012784;0.9999999999999999;0.9999359746511021;0.9999376412644608;1.0;1.0;0.9999990944894501;1.000220882123189;0.9999334377878124;0.9999840412380507;0.9999881048536092;0.9987707172750275;0.998381807702029;0.9982722978796813;0.9983486940387991;0.9999847384682522;1.0;1.0;0.9973401893391896;0.9969918298348003;0.9968560811914274;1.000187222694925;0.9999999999999999;0.9999348453328721;0.9999227369127115;1.0;1.024999976158142;
2016-07-26 10:15:00;0.9999445508535404;1.0;0.9999207685977564;0.9999753399361345;0.9999971994426077;0.9999999999999999;1.0;0.9999815709663137;0.999967645468447;0.9999838115135352;0.9999491937322197;0.9999345921611071;0.9999986065729601;0.9999665669134009;0.9999655230343616;0.9999964687412791;0.999999383157469;0.9999960076590644;1.0;0.9999385105295795;0.9999369093395117;1.0;1.0;0.9999994460945903;1.000218185372081;0.9999350259671586;0.9999843955809784;0.9999885548140476;0.9987367332082041;0.9983476328847609;0.9982770757115851;0.998383165118504;0.9999853363158648;1.0;1.0;0.997437848065491;0.9971186608048258;0.9969725834575125;1.000185210266698;1.0;0.999934840539576;0.9999264691650472;1.0;1.024999976158142;
2016-07-26 10:30:00;0.9999306423510449;1.0;0.9999025934325021;0.9999690825855195;0.9999958095296879;1.0;1.0;0.9999778194936598;0.9999597759350479;0.9999806842106932;0.9999370825932647;0.9999263636562828;0.9999978431793095;0.9999600913916732;0.99995896869641;0.999995739141694;0.9999992371519447;0.9999939206419876;1.0;0.9999230776596345;0.9999193230068756;1.0;1.0;0.9999992413789046;1.0002321575258641;0.9999173167547637;0.9999802130118126;0.9999863063996948;0.9986285990413992;0.9981863012552101;0.9980358061437925;0.9980970741823674;0.9999822371622227;1.0;1.0;0.9969013288477907;0.9965056657186089;0.9962938024704738;1.0001965947155824;1.0;0.9999165831194728;0.9999090515292736;1.0;1.024999976158142;
2016-07-26 10:45:00;0.999947207263357;1.0;0.9999061658042043;0.999976749102709;0.9999895312775737;1.0;1.0;0.9999705935165532;0.9999436840361821;0.9999873642935919;0.999940828070453;0.999929067196532;0.9999984301514833;0.9999673470684377;0.9999748022705455;0.9999974633344199;0.9999991607987998;0.9999881464475219;1.0;0.9999197169449391;0.9999331053230749;1.0;0.9999999999999999;0.9999995858391464;1.0002244415164347;0.999924093182621;0.9999818292306006;0.9999896410345914;0.9986847745751369;0.9982516851502965;0.9981314157750597;0.9982002995990338;0.9999831389609221;1.0;1.0;0.9970835183064206;0.9966911255646953;0.9964724608719481;1.0001915736552882;1.0;0.9999269975823795;0.9999041169710635;1.0;1.024999976158142;
2016-07-26 11:00:00;0.9999492753427387;1.0;0.9999339093868735;0.9999774185738264;0.999991172327779;1.0;1.0;0.9999855477120388;0.9999664052407872;0.99999149028285;0.9999557155275463;0.9999415759937532;0.9999960495250414;0.9999803110692109;0.999982129978029;0.9999979918762556;0.9999994876746776;0.999987405074097;0.9999999999999999;0.9999395747940604;0.9999301438376643;1.0;0.9999999999999999;0.9999992988103201;1.0002093014475462;0.9999298842194028;0.9999833758542085;0.9999935413573072;0.998776103346102;0.9983722312196983;0.998281162723435;0.9983572002783495;0.9999892859872959;1.0;1.0;0.9973541031196854;0.9970278256713699;0.9968437960216603;1.0001791268157323;1.0;0.999926817240674;0.9999335733731226;1.0;1.024999976158142;
2016-07-26 11:15:00;0.9999614061428017;1.0;0.9999456229240316;0.9999825805728932;0.999989406930138;0.9999999999999999;1.0;0.9999863141363564;0.999965715085215;0.9999962794745376;0.9999628188722846;0.999939338901329;0.9999962434032474;0.9999881597199686;0.9999926819215694;0.9999989173481074;0.9999994931141295;0.999985831178514;1.0;0.9999460060730098;0.9999414758086324;1.0;1.0;0.999999276881311;1.0002062564947494;0.9999388638137582;0.9999855861434037;0.9999964832134411;0.998778206113427;0.9983812579516235;0.9983035165246427;0.9983895178015258;0.9999918398825867;1.0;1.0;0.997421919635044;0.9971073407785652;0.996947734088676;1.0001774857096823;1.0;0.9999370414777278;0.9999416116753889;1.0;1.024999976158142;
2016-07-26 11:30:00;0.9999688032245774;1.0;0.9999406415554992;0.9999856842897789;0.9999877572316536;1.0;1.0;0.9999800544233326;0.999955091069796;0.9999975730513909;0.9999604121289805;0.9999394370422565;0.9999976091000363;0.9999874293249785;0.9999961480140602;0.9999991923498416;0.9999993182461563;0.999985532769757;1.0;0.999941420310978;0.9999510741648882;0.9999999999999999;1.0;0.999999330619093;1.0002052526434957;0.9999425218234838;0.9999864099848568;0.9999966711407513;0.9987952451916318;0.9983999101357686;0.9983131995524475;0.9983906558006241;0.9999907339133957;0.9999999999999999;0.9999999999999999;0.997411719963712;0.9970971919000264;0.9969372487798984;1.0001769284610498;1.0;0.9999445493351586;0.9999335673213585;1.0;1.024999976158142;
2016-07-26 11:45:00;0.9999698563512206;1.0;0.999959715429824;0.9999863553004142;0.9999943595527135;1.0;1.0;0.9999910611455223;0.999978725202398;0.9999953967549503;0.9999725259758269;0.9999414085006395;0.9999976047265047;0.999988833963431;0.9999902418998723;0.9999987648369427;0.9999996406365925;0.9999921167314461;1.0;0.9999626755759554;0.9999578705637536;1.0;0.9999999999999999;0.9999994423818613;1.0002042748749365;0.999956899480298;0.9999897940521271;0.9999964087454267;0.9987333600034559;0.9983215408350922;0.9982108517481569;0.9982801745264926;0.9999936444326495;1.0;0.9999999999999999;0.9972168401728329;0.9968846274778862;0.9966935320058987;1.000175572376358;1.0;0.999955451767939;0.99995904082818;1.0;1.024999976158142;
2016-07-26 12:00:00;0.9999385250525848;1.0;0.9999151981610891;0.9999731888899568;0.9999949118023498;1.0;1.0;0.9999802398712521;0.999963596820069;0.9999835016471448;0.9999462002770444;0.9999337249302025;0.9999975289932622;0.999965518744987;0.9999652780297549;0.9999966850106337;0.9999994405969486;0.9999926247000559;1.0;0.9999317948776546;0.9999265844018468;1.0;1.0;0.9999996173159004;1.000225535519048;0.9999263009548744;0.999982336690598;0.9999882381876153;0.998671409996585;0.9982438731365332;0.9981479119580133;0.9982369519354176;0.9999844480322132;1.0;0.9999999999999999;0.9971722642647519;0.9968369186835196;0.9966733225834578;1.0001916554047576;0.9999999999999999;0.9999244578179155;0.9999200168919626;1.0;1.024999976158142;
2016-07-26 12:15:00;0.9999422380944376;1.0;0.999917135683749;0.999974042245263;0.9999962549219975;1.0;1.0;0.9999807888592507;0.9999648504637058;0.9999841137277541;0.9999461014747658;0.9999304529060525;0.9999983068390403;0.9999667033569062;0.9999661168248176;0.9999963624514895;0.9999993018515875;0.9999948011746014;1.0;0.9999342896320311;0.9999326689661654;1.0;0.9999999999999999;0.9999992546303008;1.000226377328204;0.9999299798388749;0.9999832360223037;0.9999886599889455;0.9986588429417366;0.9982226584285682;0.9981331658645126;0.9982247481609845;0.9999850044160639;1.0;1.0;0.9971560599585944;0.9968373846510351;0.9967089058417182;1.0001922758309514;1.0;0.9999299428324362;0.9999221753353732;1.0;1.024999976158142;
2016-07-26 12:30:00;0.9999497782227481;1.0;0.9999260005734516;0.9999779435995731;0.9999968188771301;1.0;0.9999999999999999;0.9999816307011462;0.9999680460088057;0.9999850951445922;0.9999533210257098;0.999942364449796;0.9999988320451386;0.9999685882823592;0.9999685375698149;0.9999969288427155;0.9999994555914479;0.9999957955551843;1.0;0.9999424178916979;0.9999428706324915;1.0;0.9999999999999999;0.9999996654930161;1.0002166460199085;0.999940802277012;0.9999857433288348;0.9999893350249432;0.9987578152239188;0.9983563087432191;0.9982660458299816;0.9983495220618708;0.9999861232571364;1.0;1.0;0.9973515681180716;0.9970731558163215;0.9969481185893019;1.0001842580695954;1.0;0.9999408470672183;0.9999306712276675;0.9999999999999999;1.024999976158142;
2016-07-26 12:45:00;0.9999279657040294;1.0;0.9998872048336839;0.9999623105684209;0.9999935703411081;1.0;1.0;0.9999767153941234;0.9999462670469675;0.999986958017548;0.9999147486738278;0.9999448541773569;0.9999982311968261;0.9999695410203492;0.9999700886839215;0.9999937712411968;0.9999980669240526;0.9999924060836621;1.0;0.9999026902220642;0.9999089470694593;0.9999999999999999;0.9999999999999999;0.9999962111093681;1.000229143171185;0.9998920418807891;0.9999747488432541;0.9999899184293228;0.9986765200655601;0.9982599174360789;0.99816680812627;0.9982625195332595;0.9999833444316898;1.0;1.0;0.9972235089948971;0.9968888183691272;0.9966803444045078;1.0001936150076567;1.0;0.9998987442943275;0.9998889747947962;1.0;1.024999976158142;
2016-07-26 13:00:00;0.999944215037259;1.0;0.999910174955204;0.999972874017883;0.9999905280779424;1.0;1.0;0.9999773977274691;0.9999500533437744;0.9999904270816414;0.9999366922510242;0.9999374866800351;0.9999976103795557;0.9999751427725181;0.9999794390161839;0.9999965041121768;0.9999988047020666;0.9999884951062954;1.0;0.9999199032444847;0.9999256923097404;0.9999999999999999;1.0;0.999998111574699;1.0002208317535788;0.9999149918865236;0.9999799536728791;0.9999921116107279;0.9987272152107994;0.9983040268886417;0.998192242275454;0.9982605061088553;0.9999858923483523;1.0;1.0;0.9971830500176175;0.9968275253766691;0.9966222287971689;1.0001882376478306;1.0;0.9999181428646378;0.9999084456790095;1.0;1.024999976158142;
2016-07-26 13:15:00;0.9999687315291911;1.0;0.9999513938257198;0.9999849032532168;0.9999926207033757;1.0;1.0;0.9999878132917168;0.9999704592788119;0.9999965295735697;0.9999653049347729;0.9999405932561002;0.9999977924964505;0.9999891860592711;0.9999925468404726;0.9999984607645188;0.999999361278821;0.9999906338285159;1.0;0.9999536966905488;0.9999546189375332;0.9999999999999999;1.0;0.999998925157273;1.0002066510196101;0.9999492122261255;0.9999880502647406;0.999996780151307;0.9987296538298943;0.9983116246383084;0.9982303977144314;0.9983151681598148;0.9999928174692844;1.0;1.0;0.9972968797317927;0.99698545858069;0.996824773727608;1.0001776023237345;1.0;0.9999500085191932;0.9999486668378668;1.0;1.024999976158142;
2016-07-26 13:30:00;0.999978038078107;1.0;0.9999737647578542;0.9999897540774737;0.9999953795301587;0.9999999999999999;1.0;0.9999954745196662;0.9999861734072832;0.9999980320887005;0.999980840527722;0.9999363923771165;0.9999976850825896;0.9999949115811837;0.9999955912365235;0.9999991828841946;0.9999997261748863;0.9999932318019952;1.0;0.9999737106765264;0.9999671205531961;0.9999999999999999;1.0;0.9999993729243017;1.0001987371728713;0.9999669002816495;0.9999922364782818;0.9999984017553827;0.9987785539962768;0.9983850341593854;0.9982952443771081;0.9983741194547714;0.9999964115093959;1.0;1.0;0.9973866722814626;0.9970654943305649;0.9969094111746023;1.0001712579734172;1.0;0.999965195528856;0.999972724868049;0.9999999999999999;1.024999976158142;
2016-07-26 13:45:00;0.9999801842202392;1.0;0.9999736808802099;0.9999901937066616;0.9999961623450824;1.0;1.0;0.9999951992964768;0.9999859489592429;0.999998246416525;0.9999800120025564;0.999940714841793;0.9999982947680102;0.9999951191724193;0.9999957961860304;0.9999989422995607;0.9999996200063115;0.9999946412578763;1.0;0.9999743068503544;0.999970929171985;1.0;1.0;0.9999991534219851;1.000199616260679;0.9999687824804306;0.9999926999477775;0.9999985061717965;0.9987196202316088;0.9983009048661877;0.9982029888964354;0.9982783748225638;0.9999964918847554;1.0;1.0;0.9972227549550268;0.9968773149979042;0.9966718745565091;1.0001719136362577;1.0;0.9999684866770254;0.9999727097585014;1.0;1.024999976158142;
2016-07-26 14:00:00;0.9999813926944685;1.0;0.9999693342917164;0.9999910807355455;0.9999949660293727;1.0;1.0;0.9999916118546415;0.9999801569520771;0.999998072946891;0.9999784422422955;0.9999589497451792;0.9999987017432451;0.9999932582780178;0.9999959716968029;0.9999991559015023;0.999999604361383;0.9999937818614716;1.0;0.9999706071938194;0.9999725784355629;1.0;1.0;0.9999994003261238;1.0001971026722623;0.9999687833125054;0.9999926328294182;0.999998067878977;0.9987082598400486;0.9983017886798109;0.998209958861457;0.9982969525271501;0.9999953941545703;0.9999999999999999;1.0;0.9972686844820252;0.9969659461994128;0.9967410928398975;1.000169851323232;1.0;0.999969523240236;0.9999671365578254;1.0;1.024999976158142;
2016-07-26 14:15:00;0.999979213837065;1.0;0.9999704820281222;0.9999902173322512;0.9999949526807023;0.9999999999999999;1.0;0.999993119499918;0.9999823402587033;0.999997973512507;0.9999790105361384;0.9999668994700427;0.9999982036323283;0.9999937720451774;0.99999564826859;0.999999163233768;0.9999996568192809;0.9999932568796264;1.0;0.9999711600474985;0.9999691013531972;1.0;1.0;0.999999412889739;1.000194164304685;0.9999669703574823;0.9999922242452792;0.9999981485300662;0.9986910632674765;0.9983096814559854;0.998242327748284;0.9983590937605336;0.9999957100831057;0.9999999999999999;0.9999999999999999;0.997411953700108;0.997155526657506;0.9969582300285044;1.000167298317502;1.0;0.9999665189967023;0.9999687424451635;1.0;1.024999976158142;
2016-07-26 14:30:00;0.9999725355578106;1.0;0.9999642318742888;0.9999873666570873;0.9999935105015342;1.0;1.0;0.999992365242355;0.9999793967886232;0.9999973495493538;0.9999747388159126;0.9999667550252849;0.9999973263621532;0.9999924689814326;0.999994371254598;0.9999990633618498;0.9999996439369195;0.9999909459832902;1.0;0.999964542603698;0.9999588644536902;1.0;1.0;0.999999367177574;1.000195399032161;0.9999577669024582;0.9999900595709352;0.999997701489878;0.998736493115994;0.9983535800854569;0.9983025704957504;0.9984180706767124;0.9999948315964472;1.0;1.0;0.9975087061745765;0.9972588490732781;0.9970707005881192;1.0001682522057067;1.0;0.9999561112421393;0.9999623055355572;1.0;1.024999976158142;
2016-07-26 14:45:00;0.9999765179988127;1.0;0.9999679651875187;0.9999894230498306;0.9999948588527321;1.0;1.0;0.9999924827931589;0.9999818680084913;0.9999968372592207;0.9999782289406937;0.9999679113005963;0.9999980195055826;0.9999917142882359;0.9999934078530852;0.9999991564025709;0.9999997161621061;0.9999929545103884;1.0;0.9999696111932546;0.9999662476408461;0.9999999999999999;0.9999999999999999;0.9999996030092846;1.0001917885398774;0.9999652599049463;0.9999917724031245;0.9999974068591277;0.9987973687782118;0.9984312794745878;0.9983999061433271;0.9985204654066003;0.9999950034794922;1.0;1.0;0.997686020049929;0.9974755776126062;0.9973339422582678;1.0001651249324783;1.0;0.9999641074815978;0.9999667790603362;1.0;1.024999976158142;
2016-07-26 15:00:00;0.9999687054517907;1.0;0.9999552238666971;0.9999858825188804;0.9999939683273181;1.0;1.0;0.9999890085802426;0.9999753665840695;0.9999947796215545;0.9999699666987634;0.9999696458703455;0.9999978688117287;0.9999869566384041;0.9999890756060428;0.9999986707275335;0.9999995931422864;0.9999919277683379;1.0;0.9999592064656139;0.9999569336526873;1.0;1.0;0.9999994987887234;1.0001952618039536;0.9999549338428213;0.999989299291593;0.9999958479693514;0.9988202225615697;0.9984569613882893;0.9983979771474202;0.998499354164779;0.9999927172245586;1.0;1.0;0.9976250136627148;0.9973936092566974;0.9972175795032424;1.0001676722384991;0.9999999999999999;0.9999541250076577;0.9999543203533218;1.0;1.024999976158142;
2016-07-26 15:15:00;0.9999690604304713;0.9999999999999999;0.9999563203980617;0.9999860379661886;0.9999964805355003;0.9999999999999999;1.0;0.9999899089154426;0.99997962853946;0.999992949608429;0.9999710724645936;0.99997065770911;0.9999985813833081;0.9999844855955103;0.999984917632311;0.9999982956242335;0.9999996175933168;0.9999951462541983;1.0;0.9999632661165947;0.999961217879723;1.0;1.0;0.9999995499847129;1.0001975823277134;0.9999597613121535;0.9999903932749413;0.9999948353532055;0.9988043936648661;0.9984224468770181;0.9983533724929773;0.9984438519996413;0.9999924668350293;1.0;1.0;0.9975177589134794;0.9972733389190229;0.9970762139952747;1.0001692834432756;0.9999999999999999;0.999959294144887;0.9999576720192526;1.0;1.024999976158142;
2016-07-26 15:30:00;0.9999799467405946;1.0;0.9999720516687347;0.9999905457259002;0.9999968793072614;1.0;1.0;0.9999940019809413;0.999985888224923;0.999996735240265;0.9999803193387088;0.9999713052565444;0.9999987474896846;0.9999922115098018;0.99999279378413;0.9999989111799498;0.9999996824185274;0.9999957166099334;0.9999999999999999;0.9999748089753201;0.9999728587242288;0.9999999999999999;1.0;0.9999994588877519;1.0001927257349579;0.9999711921631422;0.9999931836536733;0.9999974913464403;0.998749577815803;0.9983562590127751;0.9982669646107842;0.9983514595194181;0.9999956523763848;1.0;1.0;0.9973558203601118;0.9970967436004575;0.9968778818570146;1.000165785095091;0.9999999999999999;0.9999709757586301;0.9999719831155367;0.9999999999999999;1.024999976158142;
2016-07-26 15:45:00;0.9999694068267702;1.0;0.999960812940376;0.9999861594405939;0.9999956045395166;1.0;0.9999999999999999;0.9999921081670297;0.9999816307835222;0.9999945477642996;0.9999732912601179;0.9999716694421874;0.9999978434589294;0.9999879493647149;0.9999882068124964;0.9999985749562383;0.9999996656631139;0.9999935380188768;1.0;0.9999649648196081;0.9999588923025859;0.9999999999999999;1.0;0.9999994822492079;1.000195115324038;0.999958709079763;0.9999902049081666;0.9999960024982599;0.9987835387489978;0.9983925088283799;0.9983033216123062;0.9983818534223674;0.999993676224507;0.9999999999999999;1.0;0.9973984215982928;0.9971334152263632;0.9969053523834771;1.0001674554414686;0.9999999999999999;0.9999570501470618;0.9999613888026881;1.0;1.024999976158142;
2016-07-26 16:00:00;0.9999657594823756;1.0;0.9999439077013752;0.9999840492221485;0.9999928680687326;1.0;0.9999999999999999;0.9999845592414079;0.9999667836467337;0.9999941251282646;0.9999620256579912;0.9999722476385766;0.9999983139351837;0.9999839883743826;0.9999877835112083;0.9999982565994938;0.9999993666123984;0.9999913069256153;0.9999999999999999;0.999949484210731;0.9999535014237971;1.0;1.0;0.9999992246554892;1.0001960153060039;0.9999477484054946;0.9999875996625126;0.9999950328547622;0.9988538128201462;0.9984855702991499;0.9984259303925146;0.9985170497964589;0.9999908624545484;1.0;1.0;0.9976404345694324;0.9973976761933786;0.9971961890404157;1.000168057989963;1.0;0.9999490534155963;0.9999420119340471;1.0;1.024999976158142;
2016-07-26 16:15:00;0.9999577021477252;1.0;0.9999191179153731;0.9999808058132743;0.9999852005109753;1.0;0.9999999999999999;0.9999728217412032;0.9999413107049697;0.9999948899473796;0.9999469490228602;0.9999720278955976;0.9999974668255166;0.9999800440129081;0.9999908719475581;0.9999986659451111;0.9999991169454675;0.999982780078796;1.0;0.9999229393986807;0.9999369654529815;0.9999999999999999;1.0;0.9999992990353871;1.0001988769260823;0.999925855269085;0.9999824078373533;0.9999943818736732;0.9988731197627;0.9985096328199673;0.9984623197896324;0.9985592460982411;0.9999868249211008;1.0;1.0;0.9977186906083287;0.9975059415178729;0.9973443825534232;1.0001708835600456;1.0;0.9999288789549935;0.9999112562210902;1.0;1.024999976158142;
2016-07-26 16:30:00;0.9999788451134879;1.0;0.9999703495769593;0.9999900594518316;0.9999948559910853;0.9999999999999999;1.0;0.9999931968089385;0.9999822967909024;0.999997997763474;0.9999788831875288;0.9999723921831597;0.999998132252766;0.9999938405604616;0.9999956866120951;0.9999991667314471;0.9999996587839536;0.9999930821140262;1.0;0.999970900186097;0.9999684360116456;1.0;1.0;0.9999994112447185;1.0001831138229402;0.9999664364080069;0.9999921019264377;0.999998171371557;0.9989451983067059;0.9986192983118698;0.9986105972916747;0.998728386363443;0.9999957137672673;1.0;1.0;0.9980298734869025;0.9978782953220237;0.9977948034533972;1.000157744969586;1.0;0.9999658600371191;0.9999685867338222;0.9999999999999999;1.024999976158142;
2016-07-26 16:45:00;0.9999720105612117;1.0;0.9999641079981666;0.9999871934728142;0.9999941903656188;0.9999999999999999;1.0;0.9999925904672728;0.9999805959779445;0.9999966494077551;0.9999748716405606;0.9999719585403046;0.999997471616648;0.9999914719882969;0.9999928238480867;0.9999989510047662;0.9999996606709745;0.9999917591755566;1.0;0.9999653681712699;0.9999593045292883;1.0;0.9999999999999999;0.9999994096528895;1.0001863551854402;0.9999586187743974;0.9999902445285016;0.9999973027550104;0.9989554118660045;0.9986398100551114;0.9986351633669728;0.9987588216284109;0.999994660042973;1.0;1.0;0.9980885609243954;0.9979638738146368;0.9979171346403991;1.000160296969111;1.0;0.9999568852872581;0.9999629232626616;0.9999999999999999;1.024999976158142;
2016-07-26 17:00:00;0.9999436723731194;1.0;0.9999416582463538;0.9999751067690349;0.9999875335542417;1.0;1.0;0.9999915121778669;0.9999704920190756;0.9999951330836123;0.9999588715080313;0.9999709467021808;0.9999931099526491;0.999988685154071;0.9999897701696564;0.9999987381299482;0.9999996582308764;0.9999807816499913;1.0;0.9999391511272666;0.9999137755773946;1.0;1.0;0.9999991794930257;1.0001929427788692;0.999918862778412;0.9999809503204421;0.9999962746704132;0.9989819061042209;0.9986654381703738;0.9986822509078962;0.9988134459840267;0.9999919710061741;1.0;1.0;0.998189454993002;0.9980609437359433;0.9980134076411633;1.0001657322190611;0.9999999999999999;0.999910849368791;0.9999392717301364;1.0;1.024999976158142;
2016-07-26 17:15:00;0.9999313023274095;1.0;0.9999291124015497;0.9999697550724446;0.9999855305556912;1.0;0.9999999999999999;0.9999897810133475;0.9999652358915336;0.9999933551207183;0.9999503977666638;0.9999731149312454;0.9999918130041665;0.9999851663980749;0.9999860469816364;0.999998390361749;0.9999996109737923;0.9999774950024412;1.0;0.9999270357814997;0.9998960754100142;1.0;1.0;0.9999990818985262;1.000194543723434;0.9999026765083132;0.9999771426067755;0.9999950376986256;0.9990454220564232;0.9987403253357856;0.9987628887065371;0.9988888296549101;0.9999900458115121;1.0;1.0;0.9983082129060189;0.9981865488098788;0.9981390067327239;1.0001667522334579;1.0;0.9998928846952809;0.9999269119928009;0.9999999999999999;1.024999976158142;
2016-07-26 17:30:00;0.9999634209391751;1.0;0.9999605025770926;0.9999834573504771;0.9999918224313218;1.0;1.0;0.9999940480424598;0.999979501819458;0.9999971452299341;0.9999715054113429;0.9999831580369035;0.9999956760640886;0.9999929101866523;0.9999937990147302;0.9999990193482055;0.9999996898223394;0.9999876032811345;1.0;0.999958892229169;0.9999438631796815;1.0;0.9999999999999999;0.9999992723219365;1.0001821981255623;0.9999458949941006;0.9999873138685195;0.9999977314394972;0.9990339358931037;0.9987292851747327;0.9987528584509364;0.9988793951966333;0.9999947053578634;1.0;1.0;0.9982932805432798;0.9982034050186351;0.9981558621386454;1.0001567852566797;0.9999999999999999;0.9999414165210458;0.9999586692340151;1.0;1.024999976158142;
2016-07-26 17:45:00;0.9999631964672728;0.9999999999999999;0.9999599831105381;0.9999833893422162;0.9999927699600843;1.0;1.0;0.9999940013170764;0.9999806009566752;0.9999962165583781;0.9999714484950215;0.9999893735796471;0.9999959983808255;0.9999914341950225;0.9999917549600799;0.9999988493569166;0.9999996949141163;0.9999888633263099;1.0;0.9999598263851495;0.9999452725781041;1.0;1.0;0.9999993129611712;1.0001783098148205;0.999947409538164;0.9999876443930296;0.999997170422791;0.9990845215845808;0.9988035934793628;0.9988153939478771;0.9989343321190407;0.9999943925456096;1.0;0.9999999999999999;0.998373895565899;0.9983042970422229;0.9982575419244215;1.0001532349083566;1.0;0.9999431436812265;0.9999590609730189;1.0;1.024999976158142;
2016-07-26 18:00:00;0.9999735394659299;1.0;0.9999674094902181;0.999987794505285;0.9999942994307217;1.0;1.0;0.9999938200043421;0.9999823934912883;0.9999973690254285;0.99997669195918;0.9999913278667448;0.9999973962695342;0.9999931435172756;0.9999942683533567;0.9999990497337561;0.9999996793192197;0.9999917791847149;0.9999999999999999;0.9999677126058024;0.9999606629598975;1.0;1.0;0.99999938030836;1.0001769491224752;0.9999602803534052;0.9999906572944527;0.9999978490722552;0.9990738587244058;0.998770864475759;0.9988138372624724;0.9989422581922381;0.9999953701956753;1.0;1.0;0.9984009408501007;0.9983393557924728;0.9982949768335562;1.000152284993372;1.0;0.9999583352815751;0.999966087385534;1.0;1.024999976158142;
2016-07-26 18:15:00;0.9999766320598876;0.9999999999999999;0.9999714260432925;0.9999893146513069;0.9999940958434914;1.0;1.0;0.9999943870104385;0.9999833591489722;0.9999983010336643;0.9999795868097926;0.9999895051870185;0.9999974120565398;0.9999948525692453;0.9999963900992573;0.9999993420028054;0.999999731535037;0.9999915771620698;1.0;0.9999705941590213;0.9999639060132081;1.0;1.0;0.9999994837792222;1.0001731519040684;0.9999637051956645;0.999991472454835;0.9999984614815886;0.9991231348477873;0.9988328754230315;0.9988945409463335;0.9990279348683004;0.9999960585359506;0.9999999999999999;1.0;0.9985507633951964;0.9984840197691746;0.9984404267976957;1.0001492500307387;1.0;0.999961680047374;0.9999695158809653;1.0;1.024999976158142;
2016-07-26 18:30:00;0.999975331027857;1.0;0.9999733201475457;0.9999886127522606;0.9999943249166563;1.0;1.0;0.999996215346557;0.9999859263919977;0.9999985122348656;0.9999801798810977;0.9999919396135509;0.9999970302448808;0.9999959973135057;0.9999966134630601;0.9999992884600009;0.9999997497285465;0.9999914371098626;1.0;0.9999717521295778;0.9999615951528363;1.0;1.0;0.9999993801544488;1.0001730253218106;0.9999625049560499;0.9999912293804262;0.9999987571245968;0.9991590160413429;0.9988602394931937;0.9988823260961185;0.9989802650007185;0.9999966156238501;1.0;1.0;0.9984234262942907;0.998368960541648;0.9983313014934969;1.0001491253133672;1.0;0.9999596621955235;0.9999718301340964;1.0;1.024999976158142;
2016-07-26 18:45:00;0.9999213937479992;1.0;0.9999289926616692;0.9999655902686485;0.999981406154036;1.0;1.0;0.9999932079341158;0.9999650674095261;0.9999955115429547;0.9999488107730468;0.9999913251441663;0.999988860182214;0.9999901641875838;0.9999908055196407;0.9999988861748149;0.9999997215843588;0.9999704145816591;1.0;0.9999204467206683;0.9998750110420667;1.0;1.0;0.9999989545023884;1.0001961161630077;0.9998862479252476;0.9999734131638425;0.9999966221916222;0.9990903712045666;0.9987771910691776;0.9988195872320105;0.9989431611978377;0.999991202948909;1.0;1.0;0.9983958552604225;0.9983408629048446;0.9983050424316612;1.0001685876400723;1.0;0.9998718463819993;0.9999249116625994;0.9999999999999999;1.024999976158142;
2016-07-26 19:00:00;0.9999341114968471;1.0;0.9999287958941353;0.9999708008644724;0.9999886729958453;0.9999999999999999;0.9999999999999999;0.9999891318237367;0.9999678306000205;0.9999912400358932;0.9999507183494042;0.9999930170124124;0.999993330768752;0.9999815545013429;0.9999812846118563;0.9999978694436493;0.9999995613715554;0.999982128297514;1.0;0.9999310863501164;0.9999051829816222;1.0;1.0;0.9999991075264116;1.0001896380080333;0.9999103387684263;0.9999788866248485;0.9999937126478352;0.9990906913293279;0.9988041587796812;0.9988388454623701;0.9989694265758223;0.999989360566578;1.0;1.0;0.9984487730371502;0.9984068600169811;0.9983810890375487;1.0001620127913167;1.0;0.999902456585478;0.9999288421481999;1.0;1.024999976158142;
2016-07-26 19:15:00;0.9999627678061249;0.9999999999999999;0.9999650031810006;0.9999834822602859;0.9999910486197933;1.0;0.9999999999999999;0.9999963018571858;0.9999822371990595;0.9999981160108086;0.9999744451313732;0.9999932367640899;0.9999948284229686;0.9999954250229779;0.9999959078128882;0.9999993721714818;0.9999998085575237;0.9999859580998773;1.0;0.9999610285062557;0.9999406553895672;0.9999999999999999;0.9999999999999999;0.9999993845802077;1.0001725126597147;0.9999451105231282;0.9999871725985283;0.9999985250712198;0.9991794183470772;0.9988950657841961;0.9989626588740806;0.9990893920244944;0.9999957082645261;1.0;1.0;0.9986443997453737;0.9986077602285406;0.9985879459257335;1.000148686228631;0.9999999999999999;0.9999387940052473;0.9999628229869674;1.0;1.024999976158142;
2016-07-26 19:30:00;0.9999758081940382;1.0;0.9999734791728919;0.9999885421805643;0.9999952919700191;1.0;1.0;0.9999965976993977;0.9999871568668318;0.9999981719068748;0.9999798408042196;0.999993319425365;0.9999973793487885;0.9999956313724487;0.9999956518273705;0.9999990525084107;0.9999997027545676;0.9999927703968333;0.9999999999999999;0.9999728213556657;0.9999634512507881;1.0;1.0;0.999999252435711;1.000168515228583;0.9999637873128766;0.9999915407162102;0.9999985893808042;0.9992432855582813;0.998960459299467;0.9990018586986991;0.9990986876339277;0.9999966483210126;0.9999999999999999;1.0;0.9986196208504781;0.9985856822032863;0.9985690396779497;1.0001450634061908;0.9999999999999999;0.9999615144088361;0.9999726466590398;0.9999999999999999;1.024999976158142;
2016-07-26 19:45:00;0.999979695495811;1.0;0.9999708395507333;0.9999889374973766;0.9999972404588886;1.0;1.0;0.9999952937551578;0.9999856052593562;0.9999982108083707;0.9999761498910721;0.9999933619657937;0.9999988911051638;0.999995112544963;0.9999951270149996;0.9999983302252422;0.9999994115028406;0.9999963122370827;1.0;0.9999725044020067;0.9999714429711283;0.9999999999999999;1.0;0.9999986527596237;1.0001672834755149;0.9999667195772884;0.9999922738333044;0.999998489786331;0.9994228625509549;0.9991253593358942;0.9991463040138795;0.999182792579818;0.9999964098972215;1.0;1.0;0.9986800249944009;0.9986504884517532;0.9986393947941145;1.0001436237204118;1.0;0.9999681003603825;0.9999703624317291;1.0;1.024999976158142;
2016-07-26 20:00:00;0.9999857077969743;1.0;0.9999772383823813;0.9999929915022888;0.9999965568784389;1.0;1.0;0.9999942622190156;0.9999859897352136;0.9999985304718428;0.9999835734936326;0.9999933619657935;0.9999990623328074;0.999995146553689;0.9999967547270199;0.9999992518377778;0.9999996811753453;0.9999956883883815;1.0;0.9999782837644533;0.9999791774511232;1.0;1.0;0.9999994690392912;1.0001640707938546;0.9999763112861394;0.9999944246086941;0.9999985902430006;0.9994374503563646;0.9991428886408348;0.9991765529798945;0.9992178365038952;0.9999966803029645;1.0;1.0;0.9987451599442054;0.9987156214751537;0.998704527093975;1.0001413710529172;1.0;0.9999768926991803;0.9999758778191413;1.0;1.024999976158142;
2016-07-26 20:15:00;0.9999811719254625;1.0;0.9999731729070852;0.9999906063850057;0.9999964905245666;1.0;1.0;0.9999945463996217;0.9999854637937712;0.9999979933880193;0.9999798752449375;0.9999933619657937;0.9999987048360659;0.9999944390387113;0.9999953050940843;0.9999988934943231;0.9999996018469179;0.9999953003338077;1.0;0.9999745238900982;0.9999730604094351;1.0;1.0;0.9999992082146042;1.0001628006262577;0.9999702451750745;0.9999930286462674;0.9999982918544159;0.9994888960311922;0.9992194780821978;0.9992589220943973;0.9993038664067112;0.9999962784589022;1.0;1.0;0.9988936078312163;0.9988643578168308;0.9988536424920436;1.0001400261361393;0.9999999999999999;0.9999705317183701;0.9999722992297009;1.0;1.024999976158142;
2016-07-26 20:30:00;0.999982291216512;0.9999999999999999;0.9999734715009164;0.9999916004362833;0.99999688116923;1.0;0.9999999999999999;0.9999936800722713;0.999985596227459;0.9999971489641969;0.9999814382290365;0.9999933887817994;0.9999990121670148;0.9999927222445132;0.9999937834917718;0.9999990261654135;0.9999996836852552;0.9999959574003415;1.0;0.9999760441559618;0.999975943227741;1.0;1.0;0.9999995106708255;1.0001624290970337;0.9999736671761669;0.9999937631063829;0.9999977080491473;0.9994918024471086;0.9992290833159251;0.9992832648587185;0.9993393224672754;0.9999958425932979;1.0;1.0;0.9989679715503534;0.9989391211271736;0.9989288173902281;1.0001396898295956;1.0;0.9999739300881721;0.9999730163155408;0.9999999999999999;1.024999976158142;
2016-07-26 20:45:00;0.9999793548817287;1.0;0.9999678626272991;0.9999896935461718;0.9999949684873085;1.0;1.0;0.9999923121888133;0.9999802535750003;0.9999982917130408;0.9999762308036493;0.9999933619657937;0.9999985312585453;0.9999939204479323;0.9999961139957924;0.9999988972607692;0.9999995182595259;0.9999936158586625;1.0;0.9999687682662965;0.9999693524569024;1.0;1.0;0.9999991253015399;1.0001630885537884;0.9999651233288396;0.9999918247155174;0.9999982614926978;0.9995009758158881;0.9992364796436166;0.9992911104761486;0.9993446089056829;0.9999955229928338;1.0;1.0;0.9989734757702748;0.9989445406335661;0.9989342368407202;1.0001403197921779;1.0;0.9999659199090292;0.9999657587405617;1.0;1.024999976158142;
2016-07-26 21:00:00;0.9999707805304794;1.0;0.9999619057131662;0.9999863243619662;0.9999922963743588;1.0;1.0;0.9999919802260503;0.9999768990406708;0.9999981272011903;0.9999724018579605;0.9999932926093646;0.9999969283249517;0.9999935377451111;0.9999960168120194;0.9999990611474013;0.999999575867335;0.9999893318179645;1.0;0.9999608772332234;0.9999546417292108;1.0;0.9999999999999999;0.9999991957796924;1.0001664909821997;0.9999529070838044;0.9999889587600861;0.999998126130395;0.9994968603032667;0.9992309985340387;0.9992899208625556;0.9993469543324163;0.9999948238929633;1.0;0.9999999999999999;0.9989820945428427;0.9989529394655748;0.9989426355860975;1.0001433361002696;1.0;0.9999512057197887;0.9999590013100499;0.9999999999999999;1.024999976158142;
2016-07-26 21:15:00;0.999977581020701;1.0;0.9999679503727734;0.9999887998632268;0.9999947707894634;1.0;1.0;0.9999932695537241;0.9999810875032474;0.9999984666195203;0.9999757500383545;0.9999933887817998;0.9999981439699884;0.9999946250332035;0.9999963482514242;0.9999988486073811;0.9999995158138071;0.9999930443152553;1.0;0.9999681783824157;0.9999662217412383;1.0;0.9999999999999999;0.9999990277585622;1.0001646923968015;0.999962660387804;0.9999912745332128;0.9999984539037019;0.9994908104592596;0.9992218807769361;0.9992806431902793;0.9993370100283003;0.9999957611183952;0.9999999999999999;1.0;0.9989647911999471;0.9989362337346331;0.9989263107630987;1.0001416965590881;0.9999999999999999;0.9999628373511575;0.9999659336706748;1.0;1.024999976158142;
2016-07-26 21:30:00;0.9999710245532412;0.9999999999999999;0.999959785186466;0.9999840277120458;0.9999957580697754;1.0;0.9999999999999999;0.9999942080172164;0.9999800845318125;0.9999981821476057;0.9999662229758621;0.9999935891655006;0.9999981478887338;0.9999946041613048;0.9999945261692096;0.9999976499383588;0.9999991444986371;0.9999941817336265;1.0;0.9999609816000553;0.9999580745220026;1.0;1.0;0.9999979571686781;1.000164609195884;0.9999514387886271;0.9999887661776625;0.9999983650496715;0.9995397254962899;0.9992889547111481;0.9993306029786909;0.9993747077301165;0.999995398146764;1.0;1.0;0.9990111164440852;0.9989831915991318;0.9989732681611396;1.0001409565316322;1.0;0.9999531491027533;0.9999587542855274;1.0;1.024999976158142;
2016-07-26 21:45:00;0.9999727668342316;0.9999999999999999;0.9999614450089487;0.9999872896584764;0.9999941311240728;1.0;1.0;0.9999910584676075;0.9999779996712677;0.9999966136392644;0.9999729561076679;0.9999933887817996;0.9999979015922382;0.9999907306386467;0.9999927405799549;0.9999988198848607;0.9999995744781746;0.999992122773507;0.9999999999999999;0.9999633957737805;0.9999608253246373;1.0;1.0;0.9999993213399907;1.0001649967675919;0.9999583658713008;0.9999901761583387;0.9999971403482563;0.9994956127612087;0.9992463470642972;0.9992953892453018;0.9993546735283575;0.9999941848485884;1.0;0.9999999999999999;0.9989978850101139;0.9989687164987929;0.9989580000544973;1.00014175884025;1.0;0.9999577995587671;0.9999598951086538;1.0;1.024999976158142;
2016-07-26 22:00:00;0.9999720261349845;1.0;0.9999601809405412;0.9999863677825624;0.9999948938141128;1.0;1.0;0.999991555540146;0.9999785675836701;0.9999965046151678;0.9999709068843595;0.9999932926093646;0.9999981203574608;0.9999907786634178;0.9999920970455431;0.9999984402479648;0.9999994643248906;0.9999931474264552;1.0;0.9999627289077304;0.9999605612326594;1.0;1.0;0.9999990045371866;1.0001654823845774;0.99995700543277;0.9999898917893895;0.9999971211386066;0.9994967661043536;0.9992312227153411;0.9992843116540747;0.9993378861130927;0.9999942154475022;1.0;1.0;0.9989623081406671;0.998932543563013;0.998921446772123;1.000141964451539;1.0;0.9999571614220338;0.9999591418299613;1.0;1.024999976158142;
2016-07-26 22:15:00;0.9999779519132294;0.9999999999999999;0.9999691359842705;0.9999896848977909;0.9999956554096591;1.0;1.0;0.9999930595195298;0.9999830514097809;0.9999970258225975;0.9999783103034353;0.9999934043000204;0.9999983856786622;0.9999922561655868;0.9999935462415858;0.999998979868216;0.9999996584629391;0.9999941144099594;1.0;0.9999710999854204;0.9999688070756454;1.0;1.0;0.9999994423282388;1.0001636637985447;0.9999669543390629;0.9999921992560729;0.9999975758451728;0.9994809843428091;0.9992279735168483;0.9992914025710368;0.9993602927006785;0.9999953130053526;1.0;0.9999999999999999;0.999020357333972;0.998991553332414;0.998981249054647;1.000140723194353;1.0;0.9999665047402478;0.999968251520269;1.0;1.024999976158142;
2016-07-26 22:30:00;0.9999746146490499;0.9999999999999999;0.9999614661228493;0.9999877484218888;0.9999957124475729;1.0;1.0;0.9999909383507181;0.999979198444227;0.9999959577048096;0.9999726543358939;0.9999936642585188;0.9999986894188511;0.9999896460327858;0.9999910932542496;0.9999984928179318;0.9999995037478125;0.9999945099294816;1.0;0.9999652784242828;0.9999656662968021;0.9999999999999999;1.0;0.9999991900465981;1.0001635528119657;0.9999618493482132;0.9999909861372459;0.9999967363831439;0.9995208269248563;0.9992857017682376;0.9993418439843578;0.9994061395681324;0.9999940423247584;1.0;1.0;0.9990906523449959;0.9990626702628697;0.9990523652515545;1.0001402674125641;1.0;0.9999625804643524;0.9999608499212217;0.9999999999999999;1.024999976158142;
2016-07-26 22:45:00;0.9999717804869108;1.0;0.99995812546322;0.9999870628185199;0.9999944159656363;0.9999999999999999;1.0;0.9999894830046726;0.999976439417924;0.9999954238258884;0.9999715933337565;0.9999935891655004;0.9999982209525858;0.9999881756433336;0.9999903758602454;0.9999987110800621;0.9999995753068768;0.9999927094008638;1.0;0.9999618095142666;0.9999611124173643;1.0;1.0;0.9999994541649836;1.0001631634781265;0.999958370341426;0.9999901273250092;0.9999962785827388;0.9995659524336101;0.9993507760231569;0.999405950219208;0.9994690778704411;0.9999932683421376;1.0;1.0;0.9991943747280344;0.9991664447605564;0.9991565195022121;1.0001399985785282;0.9999999999999999;0.9999581826577847;0.9999570430062342;1.0;1.024999976158142;
2016-07-26 23:00:00;0.999970360611357;1.0;0.9999552900295801;0.9999857120859982;0.9999954131704901;0.9999999999999999;1.0;0.9999896211999489;0.9999765252097284;0.9999949541846581;0.9999683486284731;0.999993188382559;0.9999985697685609;0.9999875069699536;0.9999889061304753;0.9999981862533343;0.9999994292590052;0.9999941079720504;1.0;0.9999601945696142;0.9999605287981698;1.0;1.0;0.9999990720916017;1.000164518652469;0.9999562487029233;0.9999896616499401;0.9999960074486814;0.9995704634822012;0.9993482798861639;0.9993847930269405;0.99943286867494;0.9999930220755968;1.0;1.0;0.9991134356415206;0.9990845571311431;0.9990750451377204;1.0001408426357008;1.0;0.9999571012275223;0.9999549564905538;1.0;1.024999976158142;
2016-07-26 23:15:00;0.9999631021357582;1.0;0.9999418990700875;0.9999824167119017;0.9999924131601936;1.0;1.0;0.9999851322615129;0.9999661588270865;0.9999945394779919;0.9999594212166955;0.9999937627648675;0.9999979423712767;0.9999848961691491;0.999988380672185;0.9999980519755568;0.9999992820220066;0.999990498349046;1.0;0.9999466506676921;0.9999487965574946;1.0;1.0;0.9999989396529276;1.0001649540211077;0.9999427183646113;0.9999864759261514;0.9999953325657389;0.9996459907469608;0.9994418382311204;0.9994822848809282;0.9995243698350113;0.999990966948151;1.0;1.0;0.9992587288120272;0.9992316639794399;0.9992221505854557;1.0001411247937382;1.0;0.9999438759901282;0.9999397926080171;1.0;1.024999976158142;
2016-07-26 23:30:00;0.9999759707238179;1.0;0.9999613191503142;0.9999884207901593;0.9999938916611706;0.9999999999999999;0.9999999999999999;0.9999897988837603;0.9999756548891794;0.9999974167058856;0.9999725943189167;0.9999936933038677;0.999998385634844;0.9999914501356645;0.9999945536893314;0.9999988579390876;0.9999994936834848;0.999992381074698;1.0;0.9999630455838618;0.9999648660432228;1.0;1.0;0.9999992194138929;1.0001605219053642;0.9999602212257451;0.9999906270877129;0.9999974986701883;0.999622203177163;0.9994088054430937;0.999447743150152;0.9994888317160392;0.9999942408896042;1.0;1.0;0.9991977485509349;0.9991707582343603;0.9991616262458164;1.000137998851174;1.0;0.9999610715252496;0.9999588165261357;1.0;1.024999976158142;
2016-07-26 23:45:00;0.9999807574265263;1.0;0.99996905146358;0.9999895996654268;0.9999956375952397;1.0;1.0;0.9999932932998578;0.9999812962246065;0.999999025221563;0.9999754876073311;0.9999938782739475;0.999998801765405;0.9999955131713715;0.9999972678138936;0.9999986322825201;0.9999994015437906;0.9999946051020348;1.0;0.9999696481513208;0.9999712172750977;1.0;1.0;0.9999987602517463;1.000156081190586;0.9999654792643861;0.9999919717664078;0.9999987896154545;0.9996474664014812;0.9994456113916111;0.9994752042307139;0.9995097432955677;0.9999961151426159;1.0;1.0;0.9992240315810846;0.9991970167812921;0.9991870912192593;1.0001341925665423;1.0;0.9999672358927899;0.9999669702156255;1.0;1.024999976158142;
2016-07-27 00:00:00;0.9999838537443771;1.0;0.9999739262669959;0.9999909540969836;0.9999966967221654;1.0;1.0;0.9999947621150059;0.999984742886552;0.9999993000750559;0.9999786844122759;0.999993752983531;0.9999990987362624;0.9999965917108071;0.9999977471987822;0.9999986884733459;0.999999443653052;0.999995956866699;1.0;0.9999745234688533;0.9999760410279616;1.0;1.0;0.9999987913792957;1.0001560905402842;0.9999706422270257;0.9999931947430268;0.9999990917600299;0.999626041434367;0.9994150042389833;0.999453172246225;0.9994930943604141;0.9999968779315027;1.0;1.0;0.9992034828420897;0.9991763897380309;0.9991668768702965;1.000134250901471;1.0;0.9999724904487436;0.9999723472343842;0.9999999999999999;1.024999976158142;
2016-07-27 00:15:00;0.9999850717759124;0.9999999999999999;0.9999755180605687;0.9999925595463647;0.999995231856831;1.0;0.9999999999999999;0.9999935422328439;0.9999831190309189;0.9999994540166336;0.9999819593356194;0.9999941964279416;0.9999987337873261;0.9999962840466418;0.9999988103633617;0.9999993572002185;0.9999996314235253;0.9999940492525654;1.0;0.999975154778277;0.9999763968006542;1.0;1.0;0.9999993601238696;1.0001525515290326;0.9999727690553196;0.9999936226958084;0.9999990740327838;0.9996447336923717;0.9994414916172937;0.9994722225647252;0.9995065791998518;0.9999966843347625;1.0;1.0;0.9992183156319431;0.9991923085851478;0.9991823830698839;1.0001315650231524;1.0;0.9999734354993346;0.9999729455527778;1.0;1.024999976158142;
2016-07-27 00:30:00;0.9999881078776891;1.0;0.9999816595803132;0.9999946440958811;0.9999959175323925;1.0;1.0;0.9999947593397007;0.9999870668202386;0.9999992330148242;0.9999875586182828;0.999994568182243;0.9999988019057063;0.9999964731653168;0.9999986433873422;0.9999997532893413;0.9999998197459885;0.9999947440998322;1.0;0.9999813320591421;0.9999811499815522;1.0;1.0;0.9999997916705583;1.0001517655517431;0.999979706418213;0.9999952050673322;0.9999990564150969;0.9996458672876227;0.9994446215398763;0.9994779970990053;0.999514443205239;0.9999972669530607;1.0;1.0;0.9992344274231405;0.9992102068789784;0.9992010745298908;1.000131065849248;1.0;0.9999793809379351;0.9999796670000679;0.9999999999999999;1.024999976158142;
2016-07-27 00:45:00;0.9999863839265868;1.0;0.9999812405745956;0.9999933017553495;0.9999969230341779;0.9999999999999999;1.0;0.999996202506614;0.9999892130965524;0.9999989728300621;0.999985916061372;0.9999946567868668;0.999998825953708;0.9999967067077058;0.9999975843808834;0.9999993400428235;0.9999997352808024;0.9999958185038172;0.9999999999999999;0.9999814048418816;0.9999795824931965;1.0;1.0;0.9999994635033578;1.0001508358280478;0.9999778821314526;0.9999948204933174;0.9999990339296528;0.999666118453818;0.9994758296007848;0.99949138119753;0.9995179647156439;0.9999974885275775;1.0;1.0;0.9992268441262978;0.9992032226034373;0.9991945028173114;1.0001300086930172;1.0;0.9999777322708072;0.9999801843444929;1.0;1.024999976158142;
2016-07-27 01:00:00;0.9999888729445844;1.0;0.9999855079148443;0.9999944074497522;0.9999979378888888;1.0;1.0;0.9999975842420465;0.9999924792852952;0.9999991036776349;0.9999887454657904;0.9999945123367252;0.9999990775534028;0.9999975221424816;0.9999977562244255;0.9999993720911755;0.9999997766984552;0.9999970801339599;0.9999999999999999;0.9999857748138167;0.9999836343638492;0.9999999999999999;1.0;0.9999994987399291;1.0001456873577894;0.9999823853421108;0.9999958891038788;0.9999992418116392;0.999729903560171;0.9995689241018184;0.9995556536695852;0.999564057744906;0.9999981418208834;0.9999999999999999;0.9999999999999999;0.9992794269624624;0.9992553465002798;0.999246626259282;1.000125580006732;0.9999999999999999;0.9999822367749363;0.9999850152131968;1.0;1.024999976158142;
2016-07-27 01:15:00;0.9999933531393363;1.0;0.9999901162196637;0.9999966716862577;0.999998528084876;1.0;1.0;0.9999978255881333;0.9999942249308765;0.9999994264954539;0.9999926014498469;0.9999946567868669;0.9999995205584955;0.9999981346300021;0.9999986440397082;0.9999996299088866;0.9999998504985059;0.9999980839996151;1.0;0.9999904351776797;0.9999902283815263;1.0;1.0;0.9999997128116276;1.0001436796667356;0.9999890382701287;0.99999743116097;0.9999994581525158;0.9997280095533253;0.9995694300523711;0.9995649679867471;0.9995796635808436;0.9999986439812474;1.0;1.0;0.9993140278264926;0.9992900869146971;0.9992809538355405;1.0001240120776396;1.0;0.9999892103687663;0.9999895858733184;0.9999999999999999;1.024999976158142;
2016-07-27 01:30:00;0.9999939803532268;1.0;0.9999901430204867;0.9999969015656363;0.9999987093299477;1.0;0.9999999999999999;0.999997642747005;0.9999941318265146;0.9999993987300178;0.9999926192644847;0.9999950017414935;0.9999996799187111;0.9999980094069254;0.9999985759681919;0.9999996031854564;0.9999998379988635;0.9999984260933272;1.0;0.9999907126406493;0.9999913847764639;1.0;1.0;0.9999997015940482;1.0001419128889686;0.9999898319863132;0.9999976147712859;0.9999994246078978;0.9997533351911301;0.9996069337895869;0.999570378264646;0.9995661355514527;0.9999986148606254;1.0;1.0;0.9992657069471569;0.9992428593755769;0.9992337267280595;1.000122467474397;1.0;0.9999903051142589;0.9999896414073541;1.0;1.024999976158142;
2016-07-27 01:45:00;0.9999925410992131;1.0;0.9999895631866687;0.9999962806509543;0.9999981136480803;1.0;1.0;0.9999978561807907;0.9999936799986504;0.9999996413763865;0.9999920440255105;0.9999948765388756;0.999999313396842;0.9999984881953707;0.999999104621386;0.9999996514584036;0.9999998434382213;0.9999974673283912;1.0;0.9999893853682011;0.9999884722581218;1.0;1.0;0.999999676099567;1.0001390653142788;0.9999873669202143;0.999997050108454;0.9999995888133862;0.9998297850892454;0.9997185433283565;0.9996633808752403;0.9996473903483873;0.9999986642826076;1.0;0.9999999999999999;0.9993862113532784;0.9993626720861749;0.9993531574449006;1.0001200553091298;1.0;0.9999873304126646;0.9999887727928324;1.0;1.024999976158142;
2016-07-27 02:00:00;0.9999890643111689;0.9999999999999999;0.999983522567984;0.9999942032150204;0.999998213516522;1.0;1.0;0.9999968040356173;0.9999912310891013;0.9999989314210337;0.9999870647147353;0.9999949323844546;0.99999941001576;0.9999969033062663;0.9999972739102272;0.9999991758695953;0.9999996986246455;0.9999977065725382;1.0;0.9999845334553058;0.9999845906510291;0.9999999999999999;1.0;0.9999993639021426;1.0001396257214827;0.9999820350828232;0.9999958067225893;0.9999990665549725;0.9998349977041466;0.9997229963981588;0.9996550753471161;0.9996302105024113;0.9999978260920013;0.9999999999999999;1.0;0.9993453954614632;0.9993220333117553;0.999312519057391;1.000120219341846;1.0;0.9999827790179698;0.9999830635445545;1.0;1.024999976158142;
2016-07-27 02:15:00;0.9999934064612165;1.0;0.9999898987839272;0.9999969433217104;0.9999983280808494;1.0;1.0;0.999997350299537;0.9999937397362235;0.9999992218227679;0.9999930416561923;0.9999949055843179;0.9999995068550398;0.9999976005120981;0.9999983722745122;0.9999997367446455;0.9999998887651853;0.9999978517865269;1.0;0.9999903701700517;0.9999903813465136;1.0;1.0;0.9999998485695722;1.0001376957809873;0.9999895232960824;0.9999975189390545;0.9999992920263829;0.9998347520430995;0.9997275256575027;0.9996629918943594;0.9996420509040976;0.9999984481030165;1.0;1.0;0.9993705064443615;0.9993470591686854;0.9993375446760571;1.0001188746140792;0.9999999999999999;0.9999895162317093;0.9999892984147798;1.0;1.024999976158142;
2016-07-27 02:30:00;0.9999930604161866;1.0;0.9999881447620546;0.9999962259025681;0.9999986183242922;1.0;1.0;0.9999972736059384;0.9999930040922235;0.999999404318615;0.9999907654978071;0.9999948765388755;0.9999997081921961;0.9999978548104216;0.9999984620928258;0.9999994447162565;0.9999997719609388;0.9999983840825748;1.0;0.9999888540804622;0.9999901213187802;1.0;0.9999999999999999;0.9999995499747031;1.00013817461344;0.9999877903253629;0.9999971486941275;0.9999993933521729;0.9998383973657909;0.9997310478942983;0.9996689936104577;0.9996487173803028;0.9999984150590278;0.9999999999999999;1.0;0.9993826235689466;0.9993590843863487;0.9993495697792317;1.000119153304971;1.0;0.999988660730534;0.999987551536436;1.0;1.024999976158142;
2016-07-27 02:45:00;0.9999920209214622;1.0;0.9999877909303083;0.9999956794499435;0.9999986375365375;0.9999999999999999;1.0;0.9999976648394435;0.9999933749786111;0.9999993580380674;0.999990235673426;0.9999948013415578;0.9999995692621833;0.9999979558906104;0.9999982631098514;0.9999993730114286;0.9999997614261771;0.9999982730958744;1.0;0.9999884022761761;0.9999885983083274;0.9999999999999999;1.0;0.999999486156379;1.0001382420869294;0.9999864908275885;0.9999968553707729;0.9999994020154602;0.999835926119237;0.9997274144830821;0.9996600579037658;0.9996366965796625;0.9999984496394502;1.0;1.0;0.999358294941556;0.9993348110323946;0.9993256775444791;1.0001191676243857;1.0;0.9999871496828179;0.9999873529055194;1.0;1.024999976158142;
2016-07-27 03:00:00;0.999994038659697;1.0;0.9999900642436191;0.9999968571742136;0.9999987740914038;1.0;1.0;0.9999976697126038;0.9999941259897693;0.9999994313245194;0.999992429722144;0.9999949614138554;0.9999997148309393;0.9999980724022197;0.9999986052030945;0.9999995688186077;0.9999998245182;0.9999985306770959;1.0;0.9999906629213433;0.9999915074302205;1.0;1.0;0.9999996657372682;1.0001382961296896;0.9999897748422961;0.9999976057907277;0.9999994466480717;0.9998262173410957;0.9997138055824422;0.9996472579119045;0.9996246907151582;0.9999986312331025;1.0;1.0;0.9993392424583712;0.9993162650000762;0.9993071316816632;1.000119324750097;1.0;0.9999903637752253;0.9999895745076376;1.0;1.024999976158142;
2016-07-27 03:15:00;0.9999895533198576;1.0;0.999986458835961;0.999994927119161;0.9999977630604849;1.0;1.0;0.9999975010308813;0.9999925590330956;0.9999991777052487;0.9999898337799836;0.9999948571871242;0.9999990438157511;0.999997599702547;0.9999980556343047;0.9999995186376939;0.9999998202072916;0.9999968547471252;1.0;0.9999865244053121;0.9999843631696863;1.0;1.0;0.9999996209083273;1.0001374975302801;0.9999835065336306;0.999996138573395;0.9999992790395306;0.9998616053067967;0.9997625189421739;0.9996903877218097;0.9996628179905002;0.999998197469867;1.0;0.9999999999999999;0.999396483434249;0.99937349214731;0.999364770875286;1.000118582888841;1.0;0.9999831361274383;0.9999858128934049;1.0;1.024999976158142;
2016-07-27 03:30:00;0.9999884762429403;1.0;0.9999809382531513;0.9999942081067813;0.9999972566999188;1.0;1.0;0.9999951622680514;0.9999882048459073;0.9999988539980423;0.9999860438767327;0.9999954218936861;0.9999993292096511;0.9999960508590793;0.9999973986132531;0.9999993229009569;0.9999997087894839;0.9999966502030315;0.9999999999999999;0.9999819054557628;0.9999832955262565;1.0;1.0;0.9999995003706549;1.000138710577011;0.9999804741662409;0.9999954094337563;0.9999988684689706;0.9998620641467748;0.9997657543648979;0.999705662233354;0.9996866495967156;0.9999972529338773;1.0;1.0;0.9994480248763203;0.9994262108147212;0.999416695568513;1.000119505537996;1.0;0.9999812559293556;0.999979788784003;1.0;1.024999976158142;
2016-07-27 03:45:00;0.9999904859416339;0.9999999999999999;0.999983858455522;0.9999948932153309;0.9999980092537315;1.0;1.0;0.9999962235455475;0.9999903420259147;0.9999991943127964;0.9999875407377402;0.9999969268865582;0.9999995601202484;0.9999970582146382;0.999997959675363;0.9999992795511569;0.9999996996050606;0.9999976448132973;1.0;0.9999847410344892;0.9999863470381933;1.0;0.9999999999999999;0.9999994169998724;1.000137999427648;0.9999833030663581;0.9999960986295457;0.9999991701453445;0.9998488353586908;0.9997450611902473;0.9996814483487272;0.9996595912281335;0.9999978227695102;0.9999999999999999;1.0;0.9993987140922349;0.9993810559489437;0.9993707476535821;1.0001188977930662;1.0;0.9999843902845654;0.9999829888140498;0.9999999999999999;1.024999976158142;
2016-07-27 04:00:00;0.9999945956194525;1.0;0.9999903187606943;0.9999972527227262;0.9999983700232558;1.0;1.0;0.9999972999170773;0.9999934038506796;0.999999652436443;0.999992919424224;0.9999972315308153;0.9999996667107717;0.9999982557335036;0.9999992243101435;0.9999997075454611;0.9999998465840827;0.9999980668777664;1.0;0.9999905570892801;0.9999917963317647;1.0;1.0;0.9999997481542222;1.000136274586673;0.9999901073138664;0.9999976769675509;0.9999995446429908;0.9998498632195731;0.9997479302276628;0.9996928385829555;0.999676231566288;0.9999986299932887;1.0;1.0;0.9994337375548503;0.9994176533860301;0.9994081382212946;1.0001176747558587;1.0;0.9999906262320123;0.9999894363431708;0.9999999999999999;1.024999976158142;
2016-07-27 04:15:00;0.999992576448502;1.0;0.9999884561185043;0.9999963428676281;0.9999979738838988;1.0;1.0;0.9999971503357208;0.9999926076766277;0.9999995001445128;0.9999915358600365;0.9999970117777295;0.9999994084960868;0.9999979517892713;0.9999988797016439;0.9999996555961974;0.9999998349252194;0.999997417945202;0.9999999999999999;0.9999885699625922;0.9999886976411152;0.9999999999999999;1.0;0.9999997085955697;1.0001374307556452;0.9999872485195777;0.999997007742419;0.9999994390659127;0.9998468886016243;0.9997457174301165;0.9996850949981122;0.999666568723624;0.9999983990872021;1.0;0.9999999999999999;0.9994148994020013;0.999398119138948;0.9993886041601925;1.0001186324888776;1.0;0.9999874450799237;0.9999875328831318;0.9999999999999999;1.024999976158142;
2016-07-27 04:30:00;0.999990581181458;1.0;0.999985390671919;0.9999950829204245;0.9999980471955557;1.0;1.0;0.9999968511039147;0.9999915323485818;0.9999992424363545;0.9999887370559571;0.9999969559320552;0.9999994183105004;0.9999974129877821;0.9999980946958481;0.9999993699782769;0.9999997454510451;0.9999975310790965;0.9999999999999999;0.9999859690526186;0.9999862825172395;1.0;0.9999999999999999;0.9999994890352677;1.0001380728176543;0.9999840200484553;0.9999962661159255;0.9999992572340473;0.9998314586220425;0.9997247301372411;0.9996662701297541;0.9996499606033499;0.9999980575120004;1.0;1.0;0.9993899715050057;0.9993733084931278;0.999364174653362;1.000119011686811;1.0;0.9999846222775544;0.9999846455656808;1.0;1.024999976158142;
2016-07-27 04:45:00;0.9999897710057112;1.0;0.999983225882225;0.9999947559328337;0.9999977853360494;1.0;0.9999999999999999;0.9999959478074195;0.9999899671478301;0.9999989644183271;0.9999874887924567;0.9999968575294378;0.9999994508577131;0.9999965753531911;0.9999975725610228;0.9999993347254081;0.9999997272098462;0.9999972998650198;1.0;0.9999841893569358;0.9999853524143125;1.0;1.0;0.9999995035045375;1.0001372660224113;0.9999827375482118;0.9999959495307323;0.9999990068617823;0.9998799596907559;0.9997893729495689;0.9997335156596014;0.9997153593700615;0.9999976300629414;1.0;1.0;0.9994973201446331;0.9994800508683742;0.9994705351095706;1.000118270413123;0.9999999999999999;0.9999835263341793;0.9999823590220861;1.0;1.024999976158142;
2016-07-27 05:00:00;0.9999910508342384;1.0;0.9999868340488646;0.9999956244653749;0.9999978543937951;0.9999999999999999;1.0;0.9999969907444114;0.9999920931812872;0.9999992442092203;0.999990334472967;0.9999972315308153;0.9999992925379406;0.9999974789089293;0.9999982867850646;0.9999995685705797;0.999999818264733;0.9999971881653341;1.0;0.9999871277104496;0.9999866708062782;0.9999999999999999;1.0;0.9999996670607723;1.0001376760593208;0.9999852924440201;0.9999965478922413;0.9999992710719611;0.9998688312944538;0.9997733016663707;0.9997091784018615;0.9996864154615588;0.9999981627628258;1.0;0.9999999999999999;0.9994425859045503;0.9994265015933309;0.9994169863443543;1.0001187730435404;1.0;0.9999853637756835;0.9999860235369692;1.0;1.024999976158142;
2016-07-27 05:15:00;0.9999942024059008;1.0;0.9999904107423857;0.9999969748378589;0.9999987495299637;0.9999999999999999;1.0;0.9999977247719541;0.9999942660642381;0.9999994647800772;0.9999927412251122;0.9999970869757803;0.9999996986440416;0.999998149735325;0.9999987024163264;0.9999996023435972;0.9999998353533911;0.9999984862066953;1.0;0.9999909320934299;0.9999916661553334;1.0;1.0;0.9999996907051849;1.000136974955871;0.9999900589600528;0.9999976711356737;0.9999994717321239;0.9998330827864474;0.999725652269213;0.9996553508211267;0.9996311647057607;0.9999986749750802;1.0;1.0;0.9993478295791843;0.9993315817142433;0.9993224482558424;1.0001182034454896;1.0;0.9999905737559518;0.9999898987363078;1.0;1.024999976158142;
2016-07-27 05:30:00;0.9999932511014814;1.0;0.9999901010589197;0.9999962623895453;0.9999987244481825;1.0;1.0;0.999998336554966;0.9999945432723216;0.9999997449627833;0.9999917527542651;0.9999925444235179;0.9999995433928662;0.9999988636686592;0.9999990999887851;0.9999994781991801;0.9999997895409186;0.9999983309215364;1.0;0.9999901858112262;0.9999899135666642;1.0;1.0;0.9999995133122003;1.0001379458624353;0.9999881125646204;0.9999972490938176;0.9999996954991072;0.9998436277585366;0.9997393888967633;0.9996657603748994;0.9996390065531193;0.9999988727494395;1.0;0.9999999999999999;0.9993576318196775;0.9993269954595239;0.9993178620430392;1.0001190040152144;1.0;0.9999886069609711;0.9999895831810299;0.9999999999999999;1.024999976158142;
2016-07-27 05:45:00;0.9999926629774548;1.0;0.9999898293495523;0.9999960268055321;0.999998685900428;1.0;1.0;0.9999984224234313;0.9999946354404822;0.9999996452149414;0.9999915793570104;0.9999749151595154;0.9999994486883992;0.999998745226162;0.9999988778916832;0.9999994660767221;0.9999997948417725;0.9999982096059351;1.0;0.9999899212030906;0.9999890959418378;1.0;1.0;0.9999995112754468;1.0001439530335106;0.9999875256899026;0.9999971084730841;0.9999996438406404;0.9997879389790777;0.9996599502224325;0.9995558236020798;0.9995137410345056;0.9999988317267113;1.0;0.9999999999999999;0.9991268725419783;0.9990397798287688;0.9990298558286552;1.000124182640161;1.0;0.9999878449075188;0.999989392584471;1.0;1.024999976158142;
2016-07-27 06:00:00;0.9999917482783799;0.9999999999999999;0.9999871781099078;0.9999957857539499;0.9999983702204038;0.9999999999999999;1.0;0.9999971349273773;0.9999926812784319;0.9999991389779018;0.9999903572015469;0.9999775996949161;0.9999995118602515;0.9999973759374138;0.9999979532366831;0.999999464078956;0.9999997935968961;0.9999979429208663;0.9999999999999999;0.9999879271561055;0.9999882498771798;1.0;0.9999999999999999;0.9999996006412245;1.0001435751709677;0.9999864440298051;0.9999968196188334;0.9999992219077858;0.9998006610299089;0.9996773637488707;0.9995894507785438;0.9995561355106433;0.9999982088530388;1.0;1.0;0.9992097484070627;0.9991308591804556;0.9991205534657935;1.0001238073449041;1.0;0.9999869118118185;0.9999866489354504;1.0;1.024999976158142;
2016-07-27 06:15:00;0.9999923303689023;1.0;0.9999878263670859;0.9999960126039447;0.9999986153539702;1.0;1.0;0.99999730402291;0.9999931887528051;0.9999991419151206;0.9999907570869419;0.999959883359878;0.9999995899858694;0.9999974565383123;0.99999793251447;0.9999994498608947;0.9999997931781797;0.9999982891717033;1.0;0.9999886971928033;0.9999892759358157;1.0;0.9999999999999999;0.999999583485775;1.0001484305862671;0.9999873917613248;0.9999970441480536;0.9999992391241157;0.9997679770450347;0.9996324274985445;0.9995226625851633;0.9994791721370596;0.9999983041147084;0.9999999999999999;1.0;0.9990670332536324;0.9989323449908322;0.9989224220579266;1.0001279985002596;1.0;0.9999879801798915;0.9999874129342;1.0;1.024999976158142;
2016-07-27 06:30:00;0.9999925240157878;1.0;0.9999890155673653;0.999996260519182;0.9999983777923867;0.9999999999999999;1.0;0.9999976304062203;0.9999936447593907;0.9999993469290331;0.9999917644816299;0.9999617426361167;0.9999994244202518;0.9999979221852343;0.9999984512856649;0.9999995835274547;0.999999834517475;0.9999978724121162;1.0;0.9999893710044498;0.9999890268840654;1.0;1.0;0.9999996635767974;1.000147187489483;0.9999877457640997;0.9999971281127544;0.9999993925988724;0.999776065225948;0.9996459276502985;0.9995406851011214;0.9995003462873834;0.999998494394207;1.0;0.9999999999999999;0.9991068563869681;0.99897836113414;0.9989688501517783;1.0001270135452822;1.0;0.999987908108762;0.9999884539001428;1.0;1.024999976158142;
2016-07-27 06:45:00;0.9999925171198133;0.9999999999999999;0.999987364424762;0.9999960448506955;0.9999988660026246;1.0;1.0;0.9999970703700893;0.9999930801373187;0.999998941699142;0.9999904593264716;0.999960494404248;0.9999997536782914;0.9999970357160375;0.9999974749794233;0.9999993835164565;0.9999997778196126;0.9999987038249926;0.9999999999999999;0.9999886950855152;0.9999900318129241;0.9999999999999999;0.9999999999999999;0.9999995687930645;1.0001514513241585;0.9999878325413174;0.9999971426913372;0.9999990981789237;0.9997051495590571;0.9995408327517752;0.9994229412638208;0.9993756783238565;0.9999981728506762;1.0;1.0;0.99888855202077;0.9987390038937073;0.9987072128654527;1.0001305545735386;1.0;0.9999887029520911;0.999987110548349;1.0;1.024999976158142;
2016-07-27 07:00:00;0.9999926135466695;1.0;0.9999893031560051;0.9999963615485069;0.9999982060350197;1.0;1.0;0.9999976420874562;0.9999935698590626;0.9999994611903664;0.9999920451335518;0.9999654739188334;0.9999993621091517;0.999998107620991;0.9999987431110371;0.9999996430383444;0.9999998473978264;0.9999976286234099;1.0;0.9999894198714684;0.9999888768429317;1.0;1.0;0.9999996961047102;1.0001529851288493;0.9999877458606526;0.9999971269289775;0.9999994618811139;0.9995123569004492;0.999353724912703;0.9992549873339653;0.9992660295684542;0.999998544452519;1.0;1.0;0.9987825483218898;0.9986461799375557;0.9986110190903638;1.0001320709630601;0.9999999999999999;0.9999877790202955;0.9999886059229003;1.0;1.024999976158142;
2016-07-27 07:15:00;0.999989385296526;0.9999999999999999;0.9999856567656106;0.9999943960049951;0.999997986050179;1.0;0.9999999999999999;0.9999977250947666;0.9999923545836572;0.9999994517713088;0.9999883371086434;0.9999646395226787;0.9999991239850652;0.999998132376579;0.9999983872963499;0.9999993062314438;0.9999997330650566;0.9999972171123084;1.0;0.9999856859456168;0.9999841136780357;0.9999999999999999;1.0;0.9999993632939469;1.0001585681728504;0.9999822272676825;0.9999958731626335;0.9999994628411599;0.9993819380063255;0.9992008032767365;0.9990766247006851;0.9990928232543941;0.9999983107740458;0.9999999999999999;1.0;0.9984991160378203;0.9982990091317184;0.9981843704087987;1.0001367202922213;1.0;0.9999824453020384;0.9999849987763346;1.0;1.024999976158142;
2016-07-27 07:30:00;0.9999930458492473;1.0;0.9999894816145706;0.9999967089875363;0.9999988957669363;0.9999999999999999;1.0;0.9999974840883223;0.9999944498089381;0.9999987565321686;0.9999926961088847;0.999959163642926;0.9999996271911372;0.9999969264644225;0.9999972698638968;0.999999595092027;0.9999998764428262;0.9999985803210348;0.9999999999999999;0.9999907134588358;0.9999907981767415;1.0;1.0;0.9999997978465234;1.0001634192529896;0.9999899029836382;0.9999976005173397;0.9999990266447083;0.9992989301681208;0.9991072380425113;0.9989743219502651;0.9990002754253773;0.9999983129561553;0.9999999999999999;1.0;0.9983578191600055;0.9981207488706182;0.9979805768412197;1.0001409948931346;1.0;0.9999900479117483;0.999989422554044;1.0;1.024999976158142;
2016-07-27 07:45:00;0.9999784407573925;1.0;0.9999739973882865;0.999989787082157;0.9999970018203168;1.0;1.0;0.9999958924725475;0.9999884590733239;0.999996973627282;0.9999809762513625;0.9999508363813793;0.99999825363878;0.999993433413398;0.9999931045901342;0.9999988819835451;0.9999997084477101;0.9999953948042664;1.0;0.9999758726108166;0.9999701045064523;1.0;1.0;0.9999993492579028;1.0001729681126135;0.9999697110768188;0.999992874713938;0.9999978073579648;0.9992795910221032;0.9990655059409659;0.9989052643009786;0.9989109199075721;0.999996233731519;1.0;1.0;0.9981811351791817;0.9979132623965725;0.9977672647219844;1.0001487002885137;1.0;0.9999685386904649;0.9999743062806709;0.9999999999999999;1.024999976158142;
2016-07-27 08:00:00;0.9999324158253008;1.0;0.9999232134594608;0.9999704040449291;0.999990254286374;1.0;1.0;0.9999866986620883;0.9999667664218064;0.9999883236855772;0.9999486377848655;0.9999451432642165;0.9999941073139764;0.9999759371075589;0.9999752954626735;0.999997508272867;0.9999995702487618;0.9999845505081059;1.0;0.9999298434868167;0.9999074045576163;1.0;1.0;0.9999993090073763;1.0001910904585547;0.9999122348574107;0.9999792323829966;0.9999917297623792;0.9992928784556364;0.999073581703503;0.9988939071147435;0.9988867590181112;0.9999875973468723;1.0;1.0;0.9981227317517435;0.997831458825952;0.9976784504117325;1.0001627786506502;1.0;0.9999051965441604;0.999925048248968;1.0;1.024999976158142;
2016-07-27 08:15:00;0.9999560077577969;1.0;0.9999582303447677;0.9999799947315321;0.9999897057235354;1.0;1.0;0.9999960320719969;0.9999791002730447;0.9999980940688574;0.9999684773741497;0.9999529483451006;0.9999939318586938;0.9999953011122613;0.9999956182387241;0.9999990412601001;0.9999996851320598;0.9999838287986405;1.0;0.9999534187273426;0.9999298470056843;0.9999999999999999;1.0;0.9999989841042257;1.0001823500763507;0.9999340670492566;0.9999846226988074;0.9999984780531601;0.9991740098976216;0.9989300240890813;0.998795354817245;0.9988273796158086;0.9999951314209905;1.0;1.0;0.9980769672378202;0.9978147183364371;0.9976673311901673;1.000157021672643;1.0;0.9999271949047116;0.9999556648549013;1.0;1.024999976158142;
2016-07-27 08:30:00;0.9999722765167115;1.0;0.9999657487354123;0.9999869014000918;0.999993255864987;0.9999999999999999;1.0;0.9999936896985201;0.999980343506679;0.9999982748107948;0.9999746434055168;0.9999408264983309;0.9999969507789652;0.9999945132068233;0.9999961125966507;0.9999990329002215;0.9999996051952222;0.9999903987063989;1.0;0.9999646626090261;0.999957134474068;1.0;1.0;0.9999991239289073;1.000186759220678;0.9999560168534789;0.9999897081802009;0.9999983774604317;0.9990209129647826;0.9987216865542582;0.9985882364695566;0.9986297689826493;0.9999955049308972;1.0;1.0;0.9977601527445723;0.9974427266992157;0.997273383757151;1.0001608562348236;1.0;0.9999541258886205;0.9999634901331426;1.0;1.024999976158142;
2016-07-27 08:45:00;0.9999805588021;1.0;0.9999696208711739;0.9999890024210705;0.9999973888332181;0.9999999999999999;1.0;0.9999946267661282;0.999984355274808;0.9999983630689794;0.9999748841689488;0.9999382383996375;0.9999991282405318;0.9999950627126512;0.9999953738002998;0.9999981924103702;0.9999993331355227;0.9999968006530766;0.9999999999999999;0.9999716236443142;0.9999729192599621;1.0;1.0;0.9999984654322416;1.0001850044621399;0.9999667621359453;0.9999922958588617;0.9999985161332562;0.9990372104173854;0.9987572763004625;0.9985939597359594;0.998623457721364;0.9999962865558922;1.0;1.0;0.9977327568961822;0.9974078651738169;0.9972394507472865;1.0001588958120347;0.9999999999999999;0.9999690839536344;0.9999689358035855;1.0;1.024999976158142;
2016-07-27 09:00:00;0.9999686525097752;1.0;0.999962653730377;0.9999842714916096;0.999994775485096;1.0;1.0;0.9999951546610435;0.999982302228209;0.9999975526406842;0.9999703427912553;0.9999412178139211;0.9999970871670256;0.9999940383774184;0.9999937740903447;0.9999982562210518;0.9999994267620711;0.9999921342123794;1.0;0.9999628881761279;0.9999538071949547;1.0;1.0;0.9999985458145414;1.0001878357804317;0.9999516377048366;0.9999887402848836;0.9999980766296019;0.9990181699169003;0.9987373206702201;0.9985909761235546;0.9986349250607911;0.999995434706981;0.9999999999999999;0.9999999999999999;0.9977715550725229;0.9974566821975536;0.9972890512321235;1.000161293308562;1.0;0.999950408885308;0.9999618708131501;1.0;1.024999976158142;
2016-07-27 09:15:00;0.9999752528457733;1.0;0.9999687554901491;0.9999876344664651;0.99999505093887;1.0;1.0;0.9999950038831718;0.9999834901041854;0.9999983681112182;0.9999756045761738;0.9999483982682562;0.9999976570019476;0.999995238473908;0.9999958682833121;0.9999987184809774;0.9999995268490863;0.9999929152771301;0.9999999999999999;0.9999685741952995;0.999962799183535;1.0;1.0;0.9999988782854924;1.0001874541800513;0.9999604465440933;0.9999907796084684;0.9999985562339241;0.9989601167874034;0.9986432881585708;0.9985450538445574;0.9986125507305982;0.9999961123360281;1.0;1.0;0.9977670912171863;0.997498847352667;0.9973623203546891;1.0001612943506757;1.0;0.9999597277503288;0.9999673753397548;0.9999999999999999;1.024999976158142;
2016-07-27 09:30:00;0.9999696351610434;0.9999999999999999;0.9999616942123929;0.9999855879616328;0.9999951958147246;0.9999999999999999;1.0;0.9999932048286919;0.9999815915985846;0.9999959433706995;0.9999721278306385;0.9999485756788983;0.9999975708236903;0.9999906418692875;0.9999908669041256;0.9999984639365611;0.9999995581928157;0.9999929514274921;1.0;0.9999641277055279;0.9999574138656733;1.0;1.0;0.9999990775617396;1.0001917862345016;0.9999561212088166;0.9999896811963674;0.9999969350150741;0.998971159935023;0.9986455042819493;0.9985290602382401;0.998580056683529;0.9999944385494418;0.9999999999999999;1.0;0.9976907480261588;0.9973975583741762;0.9972278463082039;1.0001646600519152;1.0;0.9999548215092363;0.999961536112069;1.0;1.024999976158142;
2016-07-27 09:45:00;0.9999821782777365;1.0;0.9999788885669386;0.9999919275864219;0.999996752109618;1.0;1.0;0.9999962335396081;0.999989657617486;0.9999977016308926;0.9999852150782805;0.9999509248432924;0.9999982880230625;0.9999947213188674;0.9999949878209679;0.9999993334204473;0.9999998241523356;0.9999951375135165;1.0;0.9999797738005808;0.9999744108980132;1.0;1.0;0.9999996433374991;1.0001892267797952;0.9999748158460106;0.999994056877115;0.9999982771476338;0.998912638739399;0.9985663376268682;0.998447502647164;0.9984997046709814;0.9999968548618278;1.0;1.0;0.9975590304696507;0.9972667036565548;0.9970884284995809;1.000163073866934;0.9999999999999999;0.9999732729985331;0.9999786356113111;1.0;1.024999976158142;
2016-07-27 10:00:00;0.9999862079341814;1.0;0.9999817707021604;0.9999933078711818;0.9999977923002982;0.9999999999999999;0.9999999999999999;0.9999966398433933;0.9999909815335295;0.9999982355001713;0.9999865375671354;0.9999510000357195;0.9999989536595407;0.999995735665589;0.9999959246260498;0.999999229618062;0.9999997620967044;0.9999968609502619;0.9999999999999999;0.9999829803605295;0.9999806852925248;1.0;1.0;0.9999994940911958;1.0001835730345356;0.9999795340779469;0.9999951872720695;0.9999986354797296;0.9989536270901114;0.9986280248192476;0.9985321054250154;0.9985972446828233;0.9999973885907605;1.0;0.9999999999999999;0.9977386457963986;0.9974348441618579;0.9972413757533315;1.0001581819740075;0.9999999999999999;0.9999792784189424;0.9999815980754027;1.0;1.024999976158142;
2016-07-27 10:15:00;0.9999639461952528;1.0;0.9999468852651622;0.9999834147904113;0.9999978749979143;1.0;1.0;0.9999877721493122;0.9999773923903994;0.9999902081553544;0.9999647087954787;0.9999445788530681;0.9999991445105595;0.9999792294085204;0.999978750762357;0.9999975109332591;0.9999994781966882;0.999997185700191;1.0;0.9999579943871865;0.9999582747601871;0.9999999999999999;1.0;0.9999993341305765;1.0002011079366813;0.9999554575772335;0.9999893211891888;0.9999929955983586;0.9986932828854151;0.998362652995954;0.9982499613888667;0.9983663062206803;0.9999905425460244;1.0;1.0;0.9974213234133178;0.9971018410102527;0.9969143090944933;1.0001716373089786;1.0;0.9999561517290969;0.9999500688346059;1.0;1.024999976158142;
2016-07-27 10:30:00;0.9999434720378089;1.0;0.9999158777649529;0.9999699704699144;0.9999981446172104;1.0;1.0;0.9999853278802926;0.9999659263641987;0.9999886128394295;0.9999349472175568;0.9999413396252663;0.9999990191894853;0.9999757605034352;0.9999730723323014;0.9999945496384053;0.9999984801395296;0.9999976897957529;1.0;0.9999301675899596;0.999931839474571;1.0;1.0;0.9999967853257278;1.0002172350082121;0.9999197759283859;0.9999812195668575;0.9999917666414438;0.9985864649936895;0.9982202360164255;0.998116360144484;0.998248486127307;0.9999876399062264;1.0;1.0;0.9972474412730491;0.9969379721485772;0.9967767302614492;1.0001838624980082;1.0;0.9999248868337085;0.9999201310908493;1.0;1.024999976158142;
2016-07-27 10:45:00;0.9999611032071645;1.0;0.9999393955855104;0.9999803201801746;0.9999982548586358;0.9999999999999999;1.0;0.9999871950122476;0.9999738164082109;0.9999907813108422;0.9999560101981197;0.9999432047939064;0.9999995333359074;0.9999799013744566;0.999979085722231;0.9999965544797891;0.9999990855754627;0.9999980926811027;1.0;0.999950948418736;0.9999544906677071;1.0;1.0;0.9999983328940995;1.0002087863112743;0.9999470076318;0.9999874637609883;0.9999932730212545;0.9986695831271302;0.9982882041271784;0.9981759339161761;0.9982747634158036;0.9999902338488859;1.0;1.0;0.9972465430478749;0.9969063643440753;0.9966975320444621;1.0001778344350492;0.9999999999999999;0.9999502790848385;0.9999423538103291;0.9999999999999999;1.024999976158142;
2016-07-27 11:00:00;0.9999657699379145;1.0;0.9999482506209656;0.9999839371424722;0.9999981777286704;1.0;1.0;0.9999880754315693;0.9999777868727796;0.9999907343974855;0.9999650691202848;0.9999426211410805;0.9999993773186214;0.9999801936096028;0.9999797514744031;0.9999974623090312;0.9999994323780462;0.99999774281615;1.0;0.9999591182680626;0.999960679696987;1.0;1.0;0.9999992037605869;1.0002018694167516;0.9999569668300138;0.9999897049557687;0.9999933380147732;0.9988176906586722;0.9984596981121348;0.9983605448720544;0.9984430585223277;0.9999909142718185;1.0;0.9999999999999999;0.997504886088516;0.9971909681580442;0.9970187349067847;1.0001723248439787;1.0;0.9999582848467974;0.9999512601274845;1.0;1.024999976158142;
2016-07-27 11:15:00;0.9999696855119271;0.9999999999999999;0.9999568310280234;0.9999848046013687;0.9999980042082354;1.0;1.0;0.9999919935048045;0.9999818495908397;0.9999938844677602;0.9999681194303126;0.9999433822160751;0.9999989567839026;0.9999868618034063;0.999985897573329;0.999997582708157;0.9999993636322727;0.9999972061844536;1.0;0.9999637167102188;0.99996246248596;1.0;1.0;0.9999987242559296;1.000197157745338;0.9999582765461213;0.999990161048708;0.9999955917245761;0.9988464349105693;0.9984906015883452;0.9983962456735594;0.9984750408574796;0.999993349977962;1.0;1.0;0.9975535396066892;0.9972291053322888;0.9970400840416961;1.0001686277966055;0.9999999999999999;0.9999595141831833;0.9999587291949692;1.0;1.024999976158142;
2016-07-27 11:30:00;0.9999796469510559;1.0;0.9999680066096971;0.9999900591875248;0.9999974772783047;0.9999999999999999;1.0;0.9999924498599849;0.9999837997633804;0.9999959837749272;0.9999773704273556;0.9999334136316534;0.9999992552921935;0.9999903427097866;0.9999910555253158;0.999998563358927;0.9999995705323522;0.9999969213398842;1.0;0.9999725350110291;0.9999741434225149;1.0;1.0;0.9999992644638754;1.0001991001766024;0.9999705961530234;0.999993028947069;0.9999968970281073;0.9987678616104464;0.9983811231898212;0.9982647833049002;0.9983339483657857;0.9999948760989076;1.0;0.9999999999999999;0.9973060063850228;0.9969474289134805;0.9967549164614742;1.0001710424301846;1.0;0.9999717487710369;0.9999682752149952;1.0;1.024999976158142;
2016-07-27 11:45:00;0.9999836607742022;1.0;0.9999748732640309;0.999991812267679;0.9999986726451814;1.0;1.0;0.9999946278781559;0.9999884413776113;0.9999965851482913;0.9999817689174665;0.9999316977994237;0.9999995153880622;0.9999922459400021;0.9999921896943781;0.9999986791949642;0.999999630669569;0.999998377108297;1.0;0.9999789675146592;0.9999799413874768;1.0;1.0;0.999999292462251;1.0001941002764547;0.9999770012705954;0.9999945538795368;0.9999974615332214;0.9988159043378031;0.9984489265969412;0.9983786699674481;0.9984722496527733;0.9999960261177115;1.0;1.0;0.9975692838170689;0.9972332318953002;0.9970771538368249;1.000166830659838;1.0;0.9999780968064886;0.9999756439849077;1.0;1.024999976158142;
2016-07-27 12:00:00;0.9999860204310521;1.0;0.9999791131619042;0.9999923390916831;0.9999991535088736;1.0;0.9999999999999999;0.9999965741625411;0.9999909932967325;0.9999978305320253;0.9999832306844606;0.9999433767216195;0.9999995865407213;0.9999950691095686;0.9999945127078317;0.9999986320055453;0.9999995810319917;0.9999989300078439;1.0;0.9999819081697533;0.9999822494828411;1.0;1.0;0.9999990430203134;1.0001906197256611;0.9999787677340825;0.999995044813995;0.9999983863748545;0.9988247861913754;0.9984612233863399;0.9983829797185443;0.9984707871209838;0.9999971634317768;1.0;0.9999999999999999;0.9975589268976348;0.997262598380197;0.9971101417805388;1.0001639164263962;1.0;0.9999801730307911;0.9999797190719832;1.0;1.024999976158142;
2016-07-27 12:15:00;0.9999901381315957;1.0;0.999985782991132;0.9999945794544344;0.9999989551494763;1.0;0.9999999999999999;0.9999978044831863;0.9999934039623168;0.9999989469790385;0.999988330070546;0.9999452283676121;0.999999494929615;0.9999973729506069;0.9999971678312803;0.9999991209615734;0.9999997067548648;0.9999986014450851;1.0;0.9999869522769429;0.9999865722407942;1.0;1.0;0.999999295273025;1.000190497430951;0.9999842126331429;0.9999963321778206;0.9999991684632449;0.9988063000489175;0.9984432069091926;0.9983950361085233;0.9985047238412957;0.9999982219441464;1.0;1.0;0.9976459284281903;0.9973706193642194;0.9972379090517209;1.0001641807029262;1.0;0.9999849955608909;0.9999858024633912;1.0;1.024999976158142;
2016-07-27 12:30:00;0.9999752684531383;1.0;0.999962250252465;0.9999881055207611;0.999998408832912;1.0;1.0;0.9999914891289491;0.9999832988744457;0.9999938597354646;0.9999738263679268;0.9999426999232001;0.9999994702088172;0.9999865907160244;0.9999863910270637;0.9999981050035771;0.9999995334564308;0.9999980535648829;1.0;0.9999695185075688;0.999970881484135;1.0;1.0;0.9999992513543603;1.0001978960741562;0.9999675055038942;0.9999922553278695;0.9999955333962764;0.9988190537391937;0.9984536698160518;0.9984016714490417;0.9985068472325771;0.9999936160203283;1.0;1.0;0.9976427606286536;0.9973602885408743;0.9972286583226043;1.000169540789554;1.0;0.9999687442958457;0.9999640357730765;1.0;1.024999976158142;
2016-07-27 12:45:00;0.9999833796410854;0.9999999999999999;0.9999758537193468;0.9999918386615005;0.9999972655271993;1.0;1.0;0.9999948508733866;0.9999873334840537;0.999997678215375;0.9999823592799846;0.9999342571658962;0.9999989350063849;0.9999940694217361;0.9999947120218124;0.9999989874399868;0.9999996662491067;0.9999963755593938;1.0;0.9999778792603959;0.9999771319025091;1.0;1.0;0.9999993377110099;1.0001976940639716;0.999974774002578;0.9999940596789314;0.9999981345375624;0.9987424170216672;0.9983508530261505;0.9982465984448361;0.9983258344968149;0.999996436557443;1.0;1.0;0.9973061299830296;0.9969211977453779;0.9966909619718938;1.0001702164976944;1.0;0.9999751041639537;0.9999754783037172;0.9999999999999999;1.024999976158142;
2016-07-27 13:00:00;0.9999826452260648;1.0;0.9999639418717028;0.9999907484998684;0.9999953922585371;1.0;1.0;0.9999891909123214;0.999975882883639;0.9999980527424083;0.9999736837005535;0.9999355021940591;0.9999995851296725;0.999992168925285;0.9999956885612732;0.9999986692942806;0.9999993664976565;0.999995197839745;1.0;0.9999667577412956;0.9999755962029684;1.0;0.9999999999999999;0.9999989620955813;1.000200363719118;0.9999676601335802;0.9999923949683883;0.999997825434098;0.9987860785739122;0.99840542739727;0.9983261187105381;0.998416030718799;0.9999946511661872;1.0;0.9999999999999999;0.9974714070193357;0.9971559342567208;0.9970109459947726;1.0001724258503135;1.0;0.9999711234394085;0.9999613384251669;1.0;1.024999976158142;
2016-07-27 13:15:00;0.9999844466824427;0.9999999999999999;0.9999686258903432;0.9999926666300175;0.9999957522120184;1.0;1.0;0.9999896703717042;0.9999789578644135;0.999997236815582;0.9999791737793718;0.9999398705576141;0.9999995371771038;0.9999910895796895;0.9999944563198354;0.9999991615100884;0.9999996100525325;0.9999954168538253;1.0;0.999971915925032;0.999978929316643;0.9999999999999999;0.9999999999999999;0.9999995899339531;1.0002018909927943;0.9999739265473885;0.9999937798545478;0.9999973857292689;0.9987716732525483;0.9983670235778014;0.998282350563815;0.9983608602951024;0.9999947495883142;1.0;1.0;0.9973648689932108;0.9970414658303319;0.9968681866724083;1.0001739186520746;1.0;0.9999759286155517;0.9999666888108948;1.0;1.024999976158142;
2016-07-27 13:30:00;0.9999594463891104;1.0;0.9999353737378693;0.9999820230830925;0.9999969411145794;1.0;0.9999999999999999;0.999982613238964;0.99996978562731;0.9999877456828763;0.9999591786917434;0.9999395102326716;0.9999994420932471;0.9999731206454398;0.9999741610349658;0.9999973883209307;0.9999994602672736;0.9999965261159152;1.0;0.9999496056995082;0.999954343091844;1.0;1.0;0.9999996534020827;1.000209663532433;0.9999505772472144;0.9999880683662564;0.9999910302785535;0.9988366551696883;0.9984584670875701;0.998386242697222;0.9984720586947663;0.9999878791546954;0.9999999999999999;1.0;0.9975593751735444;0.9972435061158985;0.9970815509678845;1.0001787374769608;0.9999999999999999;0.9999519227625915;0.9999385372795246;1.0;1.024999976158142;
2016-07-27 13:45:00;0.999984550347203;1.0;0.9999765354415139;0.9999924918423224;0.9999978949884808;0.9999999999999999;1.0;0.9999946410846721;0.9999880751129794;0.9999972013026591;0.9999833202696808;0.9999513584754327;0.9999993035469941;0.9999932255443754;0.999993747343774;0.9999989775026541;0.9999996907924786;0.9999973191408857;1.0;0.9999794769369759;0.9999798687216245;1.0;1.0;0.9999994622109808;1.000194045465413;0.9999775175141541;0.999994678078781;0.9999978303923375;0.9988332029058039;0.9984593134197612;0.9984069809702725;0.9985036974131524;0.9999963133959875;1.0;1.0;0.9976274315535573;0.9973423701758725;0.9971717741172202;1.000167007482157;1.0;0.9999781077270417;0.9999766044054188;0.9999999999999999;1.024999976158142;
2016-07-27 14:00:00;0.9999662752298953;1.0;0.9999498703147665;0.9999846019270099;0.9999980888971324;0.9999999999999999;0.9999999999999999;0.9999881868440934;0.9999786013391161;0.999990537209815;0.9999670464593415;0.9999650204648055;0.9999993240279154;0.999979942582782;0.9999795794070495;0.9999976851920207;0.9999995265042589;0.9999975206298939;0.9999999999999999;0.9999606622759611;0.9999613830120139;1.0;1.0;0.9999994678088407;1.0002003151559382;0.9999588067711563;0.9999901115086959;0.999993228690825;0.9988576611347004;0.9984935094444559;0.998451906203661;0.99855557303833;0.999990962070805;1.0;1.0;0.9977226160964128;0.9974813729795061;0.9973115868093027;1.0001710778705513;1.0;0.9999594904926853;0.9999529554601481;1.0;1.024999976158142;
2016-07-27 14:15:00;0.99997319441927;1.0;0.9999584808221829;0.9999878296553111;0.9999981797578398;0.9999999999999999;1.0;0.9999895648543994;0.9999812994972128;0.9999923484156966;0.9999730017939729;0.9999694261284233;0.9999995696050162;0.9999833638451349;0.9999835573503975;0.9999981756324964;0.9999996104447538;0.999997824489892;1.0;0.999967401076563;0.999969426448399;1.0;1.0;0.9999996212875701;1.0001911454242447;0.999966882705889;0.999992022792055;0.9999944501987983;0.9989288614394184;0.9985959816347907;0.9985389997046559;0.9986306833467525;0.9999924302719038;0.9999999999999999;0.9999999999999999;0.9978308262716565;0.9975666887412523;0.9973490321621881;1.0001635891561493;1.0;0.9999677376003595;0.9999606755908828;0.9999999999999999;1.024999976158142;
2016-07-27 14:30:00;0.9999836099938614;0.9999999999999999;0.9999727196635353;0.9999926432099215;0.999997407449382;1.0;1.0;0.9999922110294776;0.9999849973634243;0.9999960872749338;0.9999823933058716;0.9999702934196422;0.9999995001879549;0.9999903924577215;0.9999918016211762;0.9999990962408548;0.9999997423283951;0.9999969526282598;1.0;0.9999770490024438;0.9999795953024055;1.0;0.9999999999999999;0.9999997957481407;1.0001875410182495;0.9999773363077347;0.9999945516914617;0.9999969392499473;0.998899085143366;0.9985514834864424;0.9984899981339719;0.9985778240771493;0.9999951588643523;1.0;1.0;0.9977378886033414;0.9974925384560853;0.9972957304426955;1.0001613387999218;1.0;0.9999779843860409;0.9999727210683877;1.0;1.024999976158142;
2016-07-27 14:45:00;0.9999891475693926;1.0;0.999980262516289;0.9999945296018437;0.9999978725098423;1.0;1.0;0.999994561734145;0.9999881784609159;0.9999982495090296;0.9999859429694088;0.999972750637049;0.9999997011580278;0.9999948380766313;0.9999961362417789;0.9999992285053078;0.9999997014288955;0.9999976490090989;1.0;0.9999824161217153;0.9999855367371647;0.9999999999999999;1.0;0.9999995369320531;1.0001836045342851;0.9999822716817185;0.9999958060714926;0.999998449829569;0.998926064571992;0.998589376852893;0.9985222002804084;0.998604939699524;0.9999969275480678;1.0;0.9999999999999999;0.9977758387695966;0.9975069138189373;0.9972693543177749;1.0001582195200422;1.0;0.9999835768310515;0.9999795520315032;1.0;1.024999976158142;
2016-07-27 15:00:00;0.9999866788012167;1.0;0.999975239391411;0.9999934368431347;0.9999965375335305;0.9999999999999999;1.0;0.9999926925727419;0.9999838483645096;0.9999982490266518;0.9999826579945171;0.999973473379466;0.9999994449246494;0.9999940081225759;0.9999962934321663;0.9999992263272005;0.9999996475894973;0.9999960612400608;1.0;0.9999771487456969;0.9999812218258298;0.9999999999999999;1.0;0.9999995038806135;1.000184326387152;0.9999771930191338;0.9999946028650619;0.9999982756635712;0.9989111000005575;0.99856532591086;0.9985101303482252;0.9985990039894242;0.9999961562951458;1.0;1.0;0.9977744035711585;0.9975410074512779;0.9973466671669641;1.0001588518807247;1.0;0.9999786350865557;0.9999736514921547;0.9999999999999999;1.024999976158142;
2016-07-27 15:15:00;0.9999793000004508;0.9999999999999999;0.9999545874004692;0.9999907118338325;0.9999935023876879;0.9999999999999999;1.0;0.999983512516471;0.999967922824141;0.9999957244237357;0.9999712817033751;0.9999741267703516;0.9999996716092264;0.9999860065305399;0.999991870221466;0.9999990696433506;0.9999995085449983;0.9999932175887067;1.0;0.9999597804482203;0.9999723086943738;1.0;0.9999999999999999;0.9999997743277264;1.0001884734938646;0.9999650983340532;0.9999916176780268;0.9999959012801364;0.9989757678084726;0.9986539138219191;0.9985608169972626;0.9986255446517118;0.9999919861226682;0.9999999999999999;1.0;0.9977854857176849;0.9975486141683716;0.9973470698620122;1.000162136538908;1.0;0.9999681457199138;0.9999513755724;1.0;1.024999976158142;
2016-07-27 15:30:00;0.9999805234403943;0.9999999999999999;0.999961230545506;0.9999912230474559;0.9999930707098631;1.0;1.0;0.9999865634856951;0.9999717106547341;0.999997401847813;0.999974865052117;0.9999718139927635;0.9999989682880063;0.9999899787787262;0.9999952805721355;0.9999993683588116;0.9999995814200947;0.9999920919335921;1.0;0.9999635467819172;0.9999713632011045;1.0;1.0;0.9999997138628086;1.0001864497741375;0.9999658261669511;0.9999918549400428;0.9999971932156074;0.9989623292755094;0.9986338974065218;0.9985351417540107;0.9985959229063963;0.9999935595256666;1.0;1.0;0.9977306274394347;0.997477541285874;0.9972644206384932;1.0001607062734235;1.0;0.9999675305441947;0.9999575363031235;0.9999999999999999;1.024999976158142;
2016-07-27 15:45:00;0.9999885406695722;1.0;0.9999769407459342;0.9999941996660051;0.9999962968261629;1.0;1.0;0.9999927935446702;0.9999837082473361;0.9999989798373075;0.9999836342384546;0.9999713803442245;0.9999994928912557;0.9999952046457342;0.9999979020131946;0.9999993524995847;0.9999996422991031;0.999995872655207;1.0;0.9999780687646534;0.9999829962136703;0.9999999999999999;1.0;0.9999994850372347;1.0001853116502073;0.9999785191284886;0.999994934948625;0.9999987214084368;0.9988687644151725;0.9985366304110794;0.9985064347128915;0.9986265979421064;0.9999965441145346;1.0;1.0;0.9978635097237099;0.9976280302411584;0.9974395989110156;1.0001598472579678;0.9999999999999999;0.9999802103016215;0.9999747942293077;0.9999999999999999;1.024999976158142;
2016-07-27 16:00:00;0.9999920605289288;1.0;0.9999866514627858;0.9999955561536871;0.9999988373527567;0.9999999999999999;0.9999999999999999;0.9999972265781572;0.9999927570409728;0.9999991874372877;0.9999893290005482;0.9999715248947234;0.9999997458224923;0.9999974916607484;0.9999978386180304;0.9999992602728932;0.9999997219643916;0.999998675175129;1.0;0.9999877666581256;0.9999891410583881;1.0;1.0;0.99999941376593;1.0001797387149483;0.999986371227864;0.9999968253936771;0.9999992595366552;0.9989209432917833;0.9985843898503669;0.9985468620526351;0.9986473751459035;0.9999982462949185;1.0;1.0;0.9978707867843011;0.9976574302367354;0.997497167626765;1.0001549772659657;1.0;0.9999875030286092;0.9999862947495957;1.0;1.024999976158142;
2016-07-27 16:15:00;0.9999924950952409;0.9999999999999999;0.9999867751002032;0.9999964184200568;0.9999980480812615;1.0;1.0;0.9999961469076887;0.9999914718373523;0.9999989869816885;0.9999908958676098;0.9999715248947236;0.999999601493761;0.9999966965591738;0.9999978822177319;0.9999996221173341;0.9999998314178632;0.9999976928133605;1.0;0.9999877475722436;0.9999893605141169;1.0;1.0;0.9999997749216574;1.0001817336781715;0.9999875691907447;0.9999970507577443;0.9999990398272196;0.9989010944022936;0.9985521832919537;0.9985129221641585;0.9986112795717277;0.999997917941671;0.9999999999999999;1.0;0.9978078735248727;0.9975966348079965;0.9974391182318129;1.0001568786275947;1.0;0.9999880905275993;0.9999859587563984;1.0;1.024999976158142;
2016-07-27 16:30:00;0.9999801798342703;1.0;0.9999718079571408;0.9999886351764405;0.9999980935797691;1.0;0.9999999999999999;0.9999963832149071;0.9999872934516936;0.9999984224553217;0.9999756680852866;0.9999709467021806;0.9999990762553304;0.9999959263428777;0.9999951873202246;0.9999980597813847;0.9999993336884622;0.9999974058457829;1.0;0.9999736293806354;0.999972571651574;1.0;1.0;0.9999983762169676;1.0001810847298183;0.9999671044266202;0.999992405709198;0.9999987186027296;0.9989703282848307;0.998661433159876;0.9986163762439197;0.998715054350492;0.9999968197903991;1.0;0.9999999999999999;0.9979803987311271;0.9978317103848869;0.9977579155799507;1.0001554354631719;0.9999999999999999;0.9999690282746317;0.9999717859138259;0.9999999999999999;1.024999976158142;
2016-07-27 16:45:00;0.9999838563216247;1.0;0.9999764791155178;0.9999909689604874;0.9999984923910117;1.0;1.0;0.9999964850444674;0.9999892866774395;0.9999982743845505;0.9999804250810556;0.99997065770911;0.99999933699713;0.9999957361599454;0.9999952847183096;0.9999984721782019;0.9999994906186405;0.9999980069196386;1.0;0.9999785303813635;0.9999782061141214;1.0;1.0;0.9999988062724764;1.0001772914889853;0.9999739826045676;0.999993966080225;0.9999986402407239;0.999041188201724;0.9987554337316397;0.9987574980343649;0.9988779679139871;0.9999971060309505;1.0;1.0;0.9982820557783029;0.9981669290787696;0.9981379943384968;1.0001523539229826;1.0;0.9999755069788403;0.9999766063962731;0.9999999999999999;1.024999976158142;
2016-07-27 17:00:00;0.9999775041239222;1.0;0.9999685773913295;0.999986711897084;0.9999985317336956;1.0;1.0;0.9999967862442597;0.99998700921874;0.9999982560180379;0.9999719017059328;0.9999705825139505;0.999999079003049;0.9999958527118425;0.9999943694526695;0.999997582420857;0.9999991896489686;0.9999979053270834;1.0;0.9999708306633623;0.9999693034532693;1.0;1.0;0.9999979528689172;1.0001769073154156;0.9999626672371056;0.999991416210462;0.9999986509297543;0.9991086340554234;0.9988417847941733;0.9988421964129333;0.9989555434277252;0.9999966733337987;1.0;1.0;0.9984018801768177;0.9982865016376857;0.9982575634312584;1.0001515498076097;1.0;0.9999651769579224;0.9999690004569475;0.9999999999999999;1.024999976158142;
2016-07-27 17:15:00;0.9999837569686844;1.0;0.9999759173651325;0.9999904016444178;0.9999991620926441;0.9999999999999999;1.0;0.9999969703365409;0.9999898758403599;0.9999983232087677;0.999978991883938;0.9999832331293027;0.999999574724251;0.9999960286806078;0.9999950432855946;0.9999981703138426;0.9999993958950124;0.9999989385916123;1.0;0.9999783579694844;0.9999786233677754;1.0;1.0;0.9999985397563391;1.0001758703460917;0.9999733586737048;0.999993854589989;0.9999987140100954;0.9990399297636137;0.998745416294182;0.9987773241824502;0.998910834992512;0.9999972340518223;1.0;1.0;0.9983549634095464;0.9982845103794674;0.998261912906075;1.0001509689934318;1.0;0.9999755797053307;0.9999764008388708;1.0;1.024999976158142;
2016-07-27 17:30:00;0.9999869374404581;1.0;0.9999801408051726;0.999992392133005;0.9999987435084824;1.0;1.0;0.9999970566745313;0.9999906413290527;0.9999988936868617;0.9999829954685658;0.9999916169745999;0.9999995466980122;0.9999969596364927;0.9999966588124122;0.9999986467868486;0.9999995240550129;0.9999984403628798;1.0;0.9999816639709177;0.9999821592190108;1.0;1.0;0.9999988809031791;1.000167547396751;0.9999778822423301;0.9999948904870696;0.9999990653625636;0.999044463434523;0.9988006382216084;0.9988234267460326;0.9989736674249851;0.9999976922539268;0.9999999999999999;1.0;0.9984811615412678;0.9984460950074968;0.9984350036203931;1.0001440813033036;1.0;0.9999795850136777;0.9999800428386152;0.9999999999999999;1.024999976158142;
2016-07-27 17:45:00;0.9999788117716285;1.0;0.9999683086977159;0.999987453276117;0.9999978682870239;1.0;1.0;0.9999957238084878;0.9999850639550583;0.9999986406132916;0.9999721916216648;0.9999906745595918;0.9999991602745444;0.9999959833861772;0.9999954259469307;0.9999977734361625;0.9999991988693648;0.999997290875609;1.0;0.9999701721765365;0.9999704666683954;1.0;1.0;0.9999980640591941;1.000172888464423;0.99996331065789;0.9999915521152798;0.9999987833354997;0.9990905959697289;0.9988263829385824;0.998861712811565;0.998999916412945;0.999996547586492;1.0;0.9999999999999999;0.9985095784482717;0.998471527185766;0.9984604355161452;1.0001482199013259;1.0;0.9999660997383488;0.9999679634743786;0.9999999999999999;1.024999976158142;
2016-07-27 18:00:00;0.9999802441681979;1.0;0.9999719430277741;0.9999895765519382;0.999998125231178;1.0;1.0;0.9999953437117368;0.9999874133688704;0.999997197691429;0.9999779204652856;0.9999918308844966;0.9999991521707796;0.9999935376756147;0.9999930798961808;0.9999983573993805;0.9999994946188362;0.9999974267607477;1.0;0.9999749747680615;0.9999738961202524;1.0;1.0;0.9999988914084006;1.0001710741203478;0.999970154867794;0.9999930259217548;0.9999978901443927;0.9991367027184357;0.998872570260521;0.9989215888560714;0.9990568712427028;0.9999961716116226;0.9999999999999999;0.9999999999999999;0.9986010670411158;0.9985663565163462;0.9985548515589026;1.0001468089908976;1.0;0.999971278585807;0.999972403962786;1.0;1.024999976158142;
2016-07-27 18:15:00;0.9999786948441308;0.9999999999999999;0.9999669836897507;0.9999880534734794;0.9999989810344967;0.9999999999999999;0.9999999999999999;0.9999944796415787;0.9999857291717843;0.9999966118111967;0.9999732162337206;0.9999908390294363;0.999999677765209;0.9999922435669486;0.999991384273183;0.9999977502288766;0.999999299430622;0.9999988678235466;1.0;0.9999716562423357;0.9999733786307589;1.0;1.0;0.9999984578200931;1.0001763711172642;0.9999671698460011;0.9999923543848995;0.9999974551011123;0.9990902713642498;0.9987985244447031;0.9988571796602828;0.9989962437851843;0.9999955588311281;1.0;1.0;0.998505243000762;0.9984671161519225;0.9984552317821629;1.0001510124031001;1.0;0.9999699126840059;0.9999679805204883;0.9999999999999999;1.024999976158142;
2016-07-27 18:30:00;0.9999789655061446;1.0;0.9999664719795286;0.9999881019435687;0.999998466988559;1.0;1.0;0.9999940644803176;0.9999844316189541;0.999997059425861;0.9999727114196574;0.9999920612001348;0.9999996224447737;0.999992763227389;0.9999923832423453;0.9999978042862852;0.9999992747146406;0.9999983032189415;1.0;0.9999705939054729;0.9999730044284049;1.0;1.0;0.9999984169106478;1.0001754595406076;0.9999662793760775;0.999992156567605;0.999997684333859;0.9991216902813209;0.9988330618249154;0.9989128223105679;0.9990583303759449;0.9999955779141612;1.0;1.0;0.9986180592371212;0.9985840939222184;0.9985725887604137;1.0001503020561426;1.0;0.9999692163160869;0.9999669015074268;1.0;1.024999976158142;
2016-07-27 18:45:00;0.9999771558873631;1.0;0.9999639480090914;0.9999872183794556;0.9999976024201229;1.0;0.9999999999999999;0.9999934423053009;0.9999823137939913;0.9999972762663982;0.9999707552271437;0.999993552583748;0.9999993306866144;0.9999928340118077;0.9999928847562979;0.999997796666141;0.9999992384262002;0.9999971567714422;1.0;0.9999675025809767;0.9999695630135073;1.0;1.0;0.9999983403381937;1.000173581156391;0.9999625522447884;0.9999912942132628;0.9999977538356617;0.9991564800502852;0.9988797920448701;0.9989402445873218;0.9990720253475349;0.9999953206465783;1.0;1.0;0.9986218448098577;0.9985929139843182;0.9985818209662539;1.0001486989319042;1.0;0.9999653827931153;0.9999638183271742;0.9999999999999999;1.024999976158142;
2016-07-27 19:00:00;0.9999787779820383;1.0;0.9999730090736915;0.9999900487170172;0.9999953638212168;1.0;1.0;0.9999947550776824;0.999985131374703;0.9999980142964157;0.999980450057752;0.9999934216453619;0.9999979859270082;0.9999945643177437;0.9999956058244388;0.9999991718854235;0.9999997031636856;0.9999934259355693;1.0;0.9999732707006532;0.9999683847829257;1.0;1.0;0.9999994192271411;1.0001671616957268;0.9999674686022552;0.9999923598030785;0.999998324165814;0.9992504759102748;0.9989988859107274;0.9990554269878604;0.999174356105084;0.9999962218985491;1.0;1.0;0.9987756409708901;0.9987465846331265;0.998735870571752;1.0001439462936625;1.0;0.9999662583443852;0.9999717895603236;0.9999999999999999;1.024999976158142;
2016-07-27 19:15:00;0.999961166547006;1.0;0.9999482823749091;0.9999823676110227;0.9999956478849643;1.0;1.0;0.9999891830758639;0.9999769057195063;0.9999917896447864;0.9999651215757187;0.9999934216453619;0.9999979003480838;0.9999823584512344;0.9999822736935763;0.9999979103075478;0.9999995439550662;0.9999936348117078;1.0;0.9999557861164692;0.9999503351204503;0.9999999999999999;1.0;0.9999993672542332;1.0001771915964033;0.9999494168709305;0.9999879671027917;0.9999940689026238;0.9992694179757055;0.999004264282434;0.9990840774799048;0.9992079196277472;0.9999913260640185;1.0;0.9999999999999999;0.9988388074036828;0.9988097492282837;0.9987990344893105;1.000151325894733;1.0;0.9999481300313614;0.9999500446413581;1.0;1.024999976158142;
2016-07-27 19:30:00;0.9999735617134023;1.0;0.9999636745199394;0.9999870045081851;0.9999965543934569;1.0;0.9999999999999999;0.9999931282500011;0.9999827469038947;0.9999959447999616;0.9999732017674765;0.9999933521844215;0.9999984890473526;0.9999905976176012;0.9999906863843827;0.999998299239285;0.9999994995753473;0.9999951755698089;1.0;0.9999672867030927;0.9999644381113176;1.0;1.0;0.9999990163367393;1.0001709760358215;0.9999615153578366;0.9999909442694446;0.9999969322137064;0.9993042022638119;0.99902675239977;0.9990875184984142;0.9991848842837177;0.9999946493798022;1.0;1.0;0.9987649096454922;0.9987362436022413;0.9987263226173166;1.0001465751210816;1.0;0.9999616900145926;0.9999639330741951;0.9999999999999999;1.024999976158142;
2016-07-27 19:45:00;0.9999868106310134;1.0;0.9999794760957543;0.9999937647494979;0.9999973498405546;1.0;1.0;0.9999947885275169;0.9999882161844119;0.9999979810986773;0.9999857512987663;0.9999921496886701;0.9999992542640579;0.9999945182820031;0.9999956570119288;0.9999993122616619;0.9999997559620714;0.9999966498067918;1.0;0.9999812748520014;0.9999818137740736;1.0;1.0;0.999999646211958;1.0001652856482253;0.9999798430344622;0.9999952229873865;0.9999983101333736;0.9993732964052778;0.9990994530425437;0.9991496454189746;0.999225575242228;0.9999967771006726;1.0;1.0;0.99880427509877;0.9987721163656198;0.9987626073468546;1.000142393189118;1.0;0.9999801553245966;0.9999788341040882;1.0;1.024999976158142;
2016-07-27 20:00:00;0.9999879787256059;0.9999999999999999;0.9999791662024757;0.9999938757535523;0.9999976103493213;1.0;0.9999999999999999;0.9999946151385537;0.9999876512740556;0.9999983573876303;0.9999848233300459;0.9999931615666326;0.9999995514218755;0.9999950310046639;0.999996280224296;0.9999991591921131;0.9999996712635989;0.9999972336087432;1.0;0.9999810426104494;0.9999835264993753;1.0;1.0;0.9999994509324522;1.000159734809154;0.9999801507658744;0.9999953215516066;0.999998519522392;0.999488844555336;0.9992488106988391;0.9992838303931334;0.9993398651243742;0.9999968869550993;1.0;0.9999999999999999;0.9989685122022837;0.9989392361107591;0.9989293131094004;1.000137552374045;0.9999999999999999;0.9999813781366622;0.9999783388115143;1.0;1.024999976158142;
2016-07-27 20:15:00;0.9999859112836595;1.0;0.9999777376414509;0.9999928303010845;0.999996846299264;1.0;1.0;0.9999947944282269;0.9999866713608274;0.999998734804884;0.9999833281860008;0.9999948013415576;0.9999991150478948;0.9999957062986047;0.9999970229343914;0.999999144690923;0.9999996443515183;0.9999960482764063;1.0;0.9999786770155189;0.9999794650794149;1.0;1.0;0.9999993361065079;1.0001578113758685;0.9999762464575092;0.9999944340329233;0.9999987611240213;0.9995359195852117;0.9992938488704385;0.9993422673506973;0.9993939522906877;0.9999969130859457;1.0;1.0;0.9990532767865651;0.9990282868700758;0.999017189015607;1.0001359203426712;0.9999999999999999;0.9999770484324049;0.9999764881934421;0.9999999999999999;1.024999976158142;
2016-07-27 20:30:00;0.9999838083883773;1.0;0.999978222106307;0.9999919687078339;0.9999968668509401;1.0;1.0;0.9999959479179655;0.9999883303632583;0.9999985375725765;0.9999834788582425;0.9999950017414937;0.9999987024936519;0.9999959094500575;0.9999965042871625;0.9999991221840507;0.9999996831508181;0.9999956567508249;1.0;0.9999788219596877;0.9999763156426719;0.9999999999999999;1.0;0.9999993320999315;1.0001553821664437;0.9999744314277058;0.9999940188354397;0.9999987498174364;0.9995984480559736;0.9993834156596175;0.999432399266835;0.9994828204298088;0.9999970840456234;1.0;1.0;0.9992003620066364;0.9991766127590934;0.9991663065724978;1.000133781012211;0.9999999999999999;0.9999742767337843;0.999977419101406;1.0;1.024999976158142;
2016-07-27 20:45:00;0.9999867815478941;1.0;0.9999790515143621;0.9999935123166008;0.99999716447668;1.0;1.0;0.999994817752218;0.9999876405196585;0.999998378035648;0.9999849157862075;0.9999948168591077;0.9999992294975808;0.9999951552699777;0.9999964025504565;0.9999992527496445;0.9999997079263281;0.9999964568344161;1.0;0.9999804408052534;0.999981275686852;1.0;0.9999999999999999;0.9999995128719775;1.000158832832218;0.9999786979097209;0.9999949800926667;0.9999985500697602;0.9995356116182618;0.9992920754364333;0.9993838277505367;0.9994603166746681;0.9999968905988823;1.0;1.0;0.9991981898370884;0.9991738544644398;0.9991635483062954;1.0001368225296983;1.0;0.9999792820628804;0.999978113746595;1.0;1.024999976158142;
2016-07-27 21:00:00;0.9999862103566427;1.0;0.9999792125020477;0.9999935637076252;0.9999969731123101;1.0;1.0;0.9999947730790322;0.9999878280651914;0.999998110327109;0.999985612260842;0.999994857187124;0.9999990694928783;0.9999947118604031;0.9999959722832745;0.9999993697192682;0.9999997665658539;0.9999960847085815;1.0;0.9999806142784277;0.9999804694918624;1.0;1.0;0.9999996652727386;1.0001561853461698;0.999978771727992;0.9999949748658585;0.9999983868298539;0.9995857979562026;0.9993650895476135;0.9994292648625684;0.9994887921396044;0.9999967741957854;1.0;1.0;0.9992227866751952;0.9991988718396005;0.9991889462591405;1.0001345672252582;1.0;0.9999788013185554;0.9999783603138103;1.0;1.024999976158142;
2016-07-27 21:15:00;0.9999867805056678;1.0;0.9999789902153822;0.9999934794810418;0.9999977994484928;1.0;1.0;0.9999949412042589;0.9999885033003515;0.9999978927727128;0.9999849241233685;0.9999948862165184;0.9999994310273046;0.9999944473974708;0.9999952884893255;0.9999991347043689;0.9999997047699511;0.9999972940685149;0.9999999999999999;0.9999811975886506;0.9999822824330244;1.0;1.0;0.9999995089462979;1.0001599796631278;0.9999797061719862;0.9999952068926262;0.9999982712329205;0.9995216478145703;0.9992929979275619;0.9993591004681746;0.999431333001339;0.9999967785188966;1.0;1.0;0.9991436267168788;0.9991201226009808;0.9991106102689495;1.0001377002306573;1.0;0.9999804590330781;0.9999786158895222;1.0;1.024999976158142;
2016-07-27 21:30:00;0.9999874675387517;1.0;0.9999800747891816;0.9999939472927147;0.9999971100485083;0.9999999999999999;1.0;0.9999949002818042;0.999987932136202;0.9999984857449031;0.9999858590438429;0.9999951327843583;0.9999992200235657;0.999995358838551;0.9999967115155504;0.999999354998708;0.9999997383603131;0.9999963824973654;1.0;0.9999812768380086;0.9999820680378458;1.0;1.0;0.9999995886987544;1.000157230280328;0.9999797582876816;0.9999952229309987;0.9999986229116073;0.9995724371044331;0.9993513376155488;0.9994098282271179;0.999469159938425;0.9999970036442113;0.9999999999999999;1.0;0.9991896796030826;0.9991666379169273;0.9991567126566638;1.000135500968338;1.0;0.9999802034771733;0.9999790494966744;1.0;1.024999976158142;
2016-07-27 21:45:00;0.9999864097198171;1.0;0.999976861650725;0.9999926649494965;0.9999974611691719;1.0;1.0;0.999994658415626;0.9999865867667054;0.9999986355321322;0.9999821202797509;0.999995161813839;0.9999994713195474;0.9999954904455775;0.9999965946321487;0.9999989040218263;0.9999995637614262;0.9999970446064157;1.0;0.9999784970848612;0.999980963258748;0.9999999999999999;1.0;0.9999991516626172;1.0001574977868164;0.9999765476380575;0.9999945184275187;0.9999986886752029;0.9995616515171409;0.9993414163821758;0.9994022596011622;0.9994658869549972;0.9999968447630528;1.0;0.9999999999999999;0.9991897690092775;0.9991671361659074;0.9991576233862736;1.0001355122167426;1.0;0.9999782176461772;0.9999758736950964;1.0;1.024999976158142;
2016-07-27 22:00:00;0.9999873109945777;0.9999999999999999;0.9999800497673876;0.9999934096675214;0.9999980833266855;0.9999999999999999;1.0;0.9999956989390397;0.9999894119948954;0.9999983033943312;0.999984894154496;0.999995161813839;0.9999994688787075;0.9999954262132231;0.9999959522587964;0.9999990346960494;0.9999996626340276;0.9999976376777904;1.0;0.9999819128317256;0.9999828058550366;1.0;1.0;0.9999993471146466;1.000159225898967;0.9999798178555684;0.9999952650703868;0.9999985880333948;0.9994557776497782;0.9992402947287593;0.9993220697850019;0.9994247195014353;0.9999971586578701;1.0;0.9999999999999999;0.9991731615398836;0.999150211787677;0.9991402866905834;1.0001370351920134;1.0;0.99998081033236;0.9999797095511785;1.0;1.024999976158142;
2016-07-27 22:15:00;0.9999840322761674;1.0;0.9999690721372225;0.9999920834396684;0.999996664983506;1.0;1.0;0.9999907589572511;0.9999808529650172;0.9999970768203518;0.9999785756078902;0.9999952311712984;0.9999997490746799;0.9999913141746632;0.999993748798783;0.9999988831903094;0.9999995559147151;0.9999964904777804;1.0;0.9999728288382483;0.9999791315427886;0.9999999999999999;1.0;0.9999994151715664;1.0001617299275924;0.9999738681504639;0.9999937910091661;0.9999973925681592;0.9995093442599096;0.9992888343544488;0.9993775522507217;0.9994701472216742;0.9999949824145762;0.9999999999999999;1.0;0.9992359365774699;0.9992129121869563;0.9992026056259438;1.0001390146634093;1.0;0.9999761263001246;0.9999678609347572;1.0;1.024999976158142;
2016-07-27 22:30:00;0.9999823983505257;0.9999999999999999;0.9999679226766628;0.9999912952372667;0.9999959973210794;1.0;1.0;0.9999908332908523;0.9999799636244815;0.9999973732973095;0.9999774613402974;0.9999954315708884;0.9999993886933873;0.9999918155767122;0.999994360394133;0.9999988937110234;0.9999995404824625;0.9999954720331046;1.0;0.9999709086984754;0.9999758725586155;1.0;1.0;0.9999993441506794;1.0001611606637906;0.9999707878464623;0.9999930886275823;0.9999975761829294;0.9995390916340057;0.9993233314934599;0.9994073694085749;0.9994926695271844;0.999994984856869;1.0;1.0;0.9992639174069698;0.9992415265324192;0.9992312196762589;1.0001385592074674;1.0;0.9999726698109019;0.999966336894336;1.0;1.024999976158142;
2016-07-27 22:45:00;0.9999818981463704;1.0;0.999967927619828;0.9999911312210652;0.9999955900243854;1.0;1.0;0.999990924934615;0.9999796872063382;0.999997589843883;0.9999774572084087;0.9999958033260903;0.9999991777324229;0.999992194647092;0.9999948567167667;0.9999989635095681;0.9999995522298938;0.9999948517335757;1.0;0.9999703856298311;0.9999745432012931;1.0;1.0;0.9999993578499627;1.000159012150118;0.9999697583192239;0.9999928510014455;0.9999977150226377;0.9995840053073848;0.9993703257223002;0.9994423190400558;0.9995109115463083;0.9999950495173534;1.0;1.0;0.9992719750302951;0.9992504433821545;0.9992397239156315;1.0001367614601349;0.9999999999999999;0.9999713245877522;0.9999660910490684;1.0;1.024999976158142;
2016-07-27 23:00:00;0.9999826588333048;1.0;0.9999677238119941;0.9999910762388495;0.9999960481887009;1.0;1.0;0.9999910105141137;0.9999797399231725;0.9999977636445055;0.9999766053654442;0.9999956781237712;0.9999994534382524;0.9999925098845472;0.9999950271041862;0.9999987775511597;0.9999994772947176;0.9999956117132502;0.9999999999999999;0.9999704483445996;0.9999759626856954;1.0;1.0;0.9999991666206509;1.0001565316721255;0.9999700616727217;0.9999929469840753;0.9999978253915377;0.99965780834531;0.99946518233043;0.9995241592551649;0.9995780794075665;0.9999951585603213;0.9999999999999999;1.0;0.9993647013330811;0.9993436994283055;0.9993341849676644;1.00013453554498;1.0;0.9999723920270729;0.9999659663526014;1.0;1.024999976158142;
2016-07-27 23:15:00;0.9999831989812386;1.0;0.999960524985505;0.9999920361929476;0.9999935208334874;1.0;1.0;0.9999854735053576;0.9999702203015514;0.9999976298861741;0.9999740401860006;0.9999954509231921;0.9999996526495193;0.9999898484325616;0.9999956835758063;0.999999224051078;0.9999994844478337;0.9999932268619994;1.0;0.9999635679247472;0.9999757964149893;1.0;1.0;0.9999995818016572;1.0001575288443165;0.9999680671381581;0.9999923838925634;0.999997229574149;0.999652602218336;0.9994553517734132;0.9995157559286697;0.9995696515858511;0.9999934317707011;1.0;1.0;0.9993504700718292;0.9993287497090935;0.9993192353907843;1.0001356461222508;1.0;0.9999713506139607;0.9999565574211344;1.0;1.024999976158142;
2016-07-27 23:30:00;0.9999813869419389;1.0;0.9999632861869483;0.9999906753699473;0.9999950260537512;1.0;1.0;0.999988773170364;0.9999755980174809;0.999997489981999;0.9999742403304767;0.999995576125819;0.9999994445386703;0.9999910915829838;0.9999947209557803;0.9999988277480238;0.9999994502991462;0.999994569669875;0.9999999999999999;0.9999663318119874;0.9999739719684737;0.9999999999999999;1.0;0.9999992476438043;1.000156850029645;0.9999672727107175;0.9999922602559034;0.9999974525905971;0.9996701544437776;0.9994801106793727;0.999530771127288;0.9995783542202131;0.9999942827537273;1.0;1.0;0.9993565632202545;0.9993355316484801;0.9993263981539783;1.0001348194839907;1.0;0.9999699500583608;0.9999608091031448;0.9999999999999999;1.024999976158142;
2016-07-27 23:45:00;0.9999809017853761;1.0;0.9999639524075112;0.9999910479208223;0.9999953206493118;1.0;0.9999999999999999;0.9999887214201711;0.9999768360926886;0.9999965431668336;0.9999759809377972;0.9999957765260036;0.999999406478857;0.9999895725814478;0.9999929288501656;0.9999989728127837;0.999999567031687;0.9999947830571129;1.0;0.9999678599311957;0.9999743123367617;0.9999999999999999;1.0;0.9999995643672853;1.0001566444039154;0.9999692251429043;0.9999926587264784;0.9999968837885241;0.9996640455241005;0.9994707656579302;0.9995287264769435;0.9995803457671356;0.9999939723791949;1.0;0.9999999999999999;0.9993653410188462;0.9993443331541854;0.9993344061287796;1.0001346180290602;1.0;0.9999710962682139;0.9999621480048927;0.9999999999999999;1.024999976158142;
2016-07-28 00:00:00;0.9999820124553653;1.0;0.9999671471497589;0.9999912720081398;0.9999959256355041;1.0;1.0;0.9999903942982116;0.9999795040779961;0.9999970646975371;0.9999773303838532;0.9999958517238633;0.9999993996055739;0.9999911372548558;0.9999937940425544;0.9999989159307747;0.9999995576158587;0.999995400347567;1.0;0.9999704677353501;0.9999756159734997;1.0;0.9999999999999999;0.9999994239943338;1.0001555203339312;0.999970707698994;0.9999930515034252;0.9999973507305925;0.99968600096798;0.9995059667863192;0.9995462369316733;0.9995887570104315;0.9999947353924213;1.0;1.0;0.9993671614703488;0.9993467092039977;0.9993371947147013;1.0001336639091751;1.0;0.99997250792044;0.9999656227968656;1.0;1.024999976158142;
2016-07-28 00:15:00;0.999985872460825;1.0;0.9999727268623543;0.9999933614279765;0.9999957250906666;1.0;1.0;0.999991192048269;0.9999812250100187;0.9999980220574741;0.9999817162223966;0.9999954912507922;0.999999380975457;0.999992990245818;0.9999960944211675;0.9999993520642976;0.9999996644922223;0.9999951492443213;1.0;0.9999747464540959;0.999979838045526;1.0;1.0;0.999999656643673;1.0001531064509879;0.9999757227279702;0.9999942274008117;0.9999979993873642;0.999681684707706;0.9995010813394348;0.9995467636463277;0.9995926087358787;0.9999955770776332;1.0;1.0;0.999377937634254;0.9993557345449452;0.999345426510766;1.0001319032972458;1.0;0.9999771192222018;0.9999706262849356;1.0;1.024999976158142;
2016-07-28 00:30:00;0.9999912030821477;1.0;0.9999832533078963;0.9999956880109327;0.9999972677563029;1.0;1.0;0.9999948484762526;0.9999884022667047;0.999999105668932;0.9999883053995143;0.9999954777232749;0.9999995549808448;0.9999963100531549;0.9999981784282238;0.999999558735358;0.9999997638094725;0.9999968619300134;1.0;0.9999841097810929;0.9999870307754125;1.0;1.0;0.999999684060251;1.000149304997983;0.9999842141424014;0.999996267182245;0.9999989890516623;0.9996978866214888;0.9995247426868679;0.9995584661159371;0.9995964384314302;0.9999974415283027;0.9999999999999999;1.0;0.9993737442709262;0.9993517905922863;0.9993418634928019;1.0001288198690061;0.9999999999999999;0.9999851617822024;0.9999818032906964;1.0;1.024999976158142;
2016-07-28 00:45:00;0.9999917939378248;1.0;0.999986361610065;0.9999956317945877;0.9999981581907921;1.0;1.0;0.9999968293585965;0.9999917242803387;0.9999994032912284;0.9999894716609655;0.9999956781237711;0.9999995515634394;0.999997658378029;0.999998480513102;0.9999994217883561;0.9999997512391545;0.9999977722730781;1.0;0.9999869075357695;0.9999879888524585;1.0;0.9999999999999999;0.9999995128259572;1.0001466642575767;0.9999855168327346;0.9999966169388662;0.9999993506505437;0.9997333328727872;0.9995750648962948;0.9995865146764482;0.9996100904202964;0.9999981867964125;1.0;1.0;0.99937711909205;0.9993557995754755;0.9993458724361677;1.0001264853650693;1.0;0.999986324116159;0.9999855235815571;1.0;1.024999976158142;
2016-07-28 01:00:00;0.9999910592148794;1.0;0.9999881686166964;0.9999958062224389;0.9999981966099288;1.0;0.9999999999999999;0.9999975732473669;0.9999936136545948;0.9999989618089401;0.999991540357501;0.999996321866099;0.9999992531613607;0.9999972921805534;0.9999977012484546;0.9999996097859196;0.9999998692724005;0.9999974782305203;0.9999999999999999;0.9999886621023053;0.9999870740796863;0.9999999999999999;0.9999999999999999;0.9999997621050296;1.0001445299296285;0.999986545166671;0.9999968285716769;0.9999991567269736;0.9997718687151576;0.9996294986970488;0.9996282218338264;0.9996428902845375;0.9999982728332273;0.9999999999999999;1.0;0.9994201307711867;0.9994008483274057;0.9993909207406045;1.0001246894319218;1.0;0.9999861839830784;0.9999877901400753;1.0;1.024999976158142;
2016-07-28 01:15:00;0.9999903821768742;1.0;0.9999844407060228;0.9999952057976609;0.9999984731482745;1.0;1.0;0.9999962503641227;0.9999915351615358;0.9999984299158817;0.9999887764213059;0.9999970579303026;0.9999996381257358;0.9999958643597476;0.999996445680485;0.9999993306512035;0.9999997726725204;0.9999981592663728;1.0;0.9999861889608171;0.9999872509038561;1.0;1.0;0.9999996185385361;1.0001435086510289;0.9999851981726623;0.9999965016392836;0.9999987167457978;0.9997782950411267;0.9996420091164651;0.9996443451246079;0.9996624029362752;0.9999976090357588;1.0;1.0;0.9994573194070775;0.9994409781315977;0.9994318436733608;1.0001236083529246;1.0;0.9999858739364068;0.999984211179428;1.0;1.024999976158142;
2016-07-28 01:30:00;0.9999934259021827;1.0;0.9999889796273335;0.9999966237875557;0.9999986108411864;1.0;1.0;0.9999972800673563;0.9999934241308611;0.9999992710278743;0.9999918229102689;0.9999971004872383;0.9999996865347996;0.9999976473398817;0.9999983012920928;0.9999995575665038;0.9999998209089481;0.9999983367815588;1.0;0.999989732870671;0.9999907127948652;1.0;1.0;0.9999996807924387;1.000141479193144;0.9999889418922373;0.999997401342779;0.9999993145747457;0.9997966775625567;0.9996702604602073;0.9996554713465649;0.9996637117767666;0.9999984180205408;1.0;1.0;0.9994462399465354;0.9994297410912413;0.9994202258114224;1.0001220566802917;1.0;0.9999895224429596;0.9999884495641413;1.0;1.024999976158142;
2016-07-28 01:45:00;0.9999904820710528;1.0;0.9999868592275909;0.9999950200467808;0.9999979302672964;1.0;1.0;0.9999977019227969;0.9999925513292275;0.999999611702373;0.9999894503907207;0.9999970869757802;0.9999991925970044;0.9999983751980083;0.9999988419155306;0.999999430100548;0.9999997639868946;0.9999971919747591;1.0;0.9999866996321162;0.9999854717016399;1.0;1.0;0.9999994626875783;1.0001399788765968;0.9999837299484658;0.9999962197532409;0.9999995558252199;0.9998580614495258;0.9997606577271808;0.9997213943064175;0.9997152020118326;0.9999984410216827;1.0;1.0;0.9995132488557188;0.9994969983013136;0.9994878633310765;1.0001207262036962;1.0;0.9999839073642437;0.9999860439949563;1.0;1.024999976158142;
2016-07-28 02:00:00;0.9999934555909203;1.0;0.9999913230682486;0.9999967854658809;0.999998532197905;0.9999999999999999;1.0;0.999998361496422;0.9999951001623844;0.9999995514735655;0.9999934288446611;0.9999971831331542;0.9999994024999943;0.9999985699135422;0.9999989158419055;0.999999691736487;0.9999998782899752;0.9999979655225355;1.0;0.9999913063963818;0.9999901126843124;0.9999999999999999;1.0;0.9999997431985294;1.000137541692937;0.9999894303871045;0.9999975273725124;0.9999995824748099;0.9998615104170001;0.9997641971952782;0.9997162612812748;0.9997037144674542;0.9999988663411604;1.0;1.0;0.9994853726189336;0.9994688164613301;0.9994588881993646;1.0001187473353759;0.9999999999999999;0.999989267251574;0.999990838171192;1.0;1.024999976158142;
2016-07-28 02:15:00;0.9999937195653725;1.0;0.9999897505129343;0.999996983848146;0.9999985545672601;1.0;1.0;0.9999972835920642;0.9999937624800921;0.9999991695878842;0.9999928126011497;0.9999971272874533;0.9999996439194365;0.9999974879791835;0.9999982060026463;0.9999996722516287;0.9999998681988778;0.999998220771976;0.9999999999999999;0.9999904876411849;0.9999911282515833;1.0;1.0;0.9999998061743968;1.000137005636175;0.9999899118877358;0.9999976128839245;0.9999992547461737;0.9998604780331641;0.9997666918701521;0.999722625403836;0.9997141727447401;0.9999984231566649;0.9999999999999999;1.0;0.9995083436025329;0.999491317845687;0.9994810084130094;1.0001182377769782;1.0;0.9999901885215218;0.9999892472428025;1.0;1.024999976158142;
2016-07-28 02:30:00;0.9999901208485623;1.0;0.9999841009977721;0.9999947202558994;0.9999985651197032;1.0;1.0;0.9999966400820826;0.9999915604581202;0.9999987664086998;0.9999876997899126;0.9999970579303026;0.9999996392464895;0.9999965712010811;0.9999969563298324;0.9999991797901291;0.9999997070405382;0.9999982803192801;1.0;0.9999855712702242;0.9999866243941421;0.9999999999999999;1.0;0.9999994139025719;1.0001400156215852;0.999983897801841;0.9999962316164999;0.9999989526890015;0.9998617040733621;0.9997645655034234;0.9997189738741121;0.9997083999024896;0.9999978005107023;1.0;0.9999999999999999;0.9994959193642664;0.9994792844283265;0.9994697686768198;1.0001205422876243;1.0;0.9999849062411937;0.9999838084726353;1.0;1.024999976158142;
2016-07-28 02:45:00;0.9999905208746943;1.0;0.9999862839978858;0.9999950793059089;0.9999984853737134;1.0;1.0;0.9999974242082669;0.9999928871220272;0.999999006739847;0.9999893468344999;0.9999971272874533;0.9999994400518842;0.9999972966660496;0.9999975270626518;0.9999993305750389;0.999999764750765;0.9999979891659739;1.0;0.9999871352873951;0.999986665367232;1.0;1.0;0.9999995027845606;1.0001385045946778;0.9999848519631822;0.9999964594219605;0.9999991695588842;0.9998660497555811;0.9997685498612678;0.9997255706914339;0.9997150077314546;0.9999981658080324;1.0;1.0;0.9995069666518958;0.9994902339504822;0.9994803054757653;1.000119336645692;1.0;0.9999852653383856;0.9999859818955568;1.0;1.024999976158142;
2016-07-28 03:00:00;0.9999924530061277;0.9999999999999999;0.999988852938138;0.9999961968584444;0.9999980898631309;1.0;1.0;0.9999975586569796;0.9999931422830878;0.9999995895667434;0.9999915377264106;0.9999971831331542;0.9999993705384345;0.9999982732827768;0.9999989864534987;0.9999996159750721;0.9999998264241268;0.9999975032746798;1.0;0.9999888332041008;0.9999884587736;0.9999999999999999;1.0;0.9999996548612293;1.000137313403983;0.9999870551611061;0.9999969742966971;0.9999995305566752;0.9998814739080613;0.9997974814830121;0.9997397440976026;0.9997233763677446;0.9999985401460806;0.9999999999999999;0.9999999999999999;0.9995132525738305;0.9994973063862911;0.9994881714132383;1.0001185171948586;1.0;0.999987205423972;0.999988020059876;0.9999999999999999;1.024999976158142;
2016-07-28 03:15:00;0.9999921381744892;1.0;0.999988670697811;0.9999964198688002;0.9999973996159707;1.0;1.0;0.9999970405147212;0.99999219787549;0.9999996097707965;0.9999921294455291;0.9999969827322587;0.9999991457251863;0.999998074160352;0.9999992855978316;0.9999998324349484;0.9999998856224758;0.9999965633623815;1.0;0.9999882404175311;0.9999874018974609;1.0;1.0;0.9999998365978914;1.0001367896481028;0.9999866746656398;0.9999968631674889;0.9999994948980713;0.999878776000529;0.9997931901550459;0.9997380592685525;0.9997229301198594;0.9999983864339461;0.9999999999999999;1.0;0.9995141309827901;0.9994972574181658;0.9994877414955435;1.0001181836379713;0.9999999999999999;0.9999863056664732;0.9999874400191401;1.0;1.024999976158142;
2016-07-28 03:30:00;0.999992161291094;1.0;0.9999865244246279;0.9999956370171108;0.9999982726147316;0.9999999999999999;1.0;0.9999969591422185;0.9999917870117381;0.999999583171176;0.9999892562370866;0.9999969827322587;0.9999996237281015;0.9999979981211577;0.9999987784297987;0.9999993666147787;0.9999997230459778;0.9999979694692717;1.0;0.9999869986759239;0.9999884578367622;1.0;0.9999999999999999;0.999999433628908;1.0001377144185946;0.9999855862553033;0.9999966484129261;0.99999947051361;0.9998747663782801;0.9997837639691838;0.9997395616262593;0.9997292926343966;0.9999982977557232;1.0;0.9999999999999999;0.9995313372890946;0.9995150738753715;0.9995063513678009;1.0001187347363782;1.0;0.9999866461526058;0.9999856458063198;1.0;1.024999976158142;
2016-07-28 03:45:00;0.9999903915780327;1.0;0.9999839186989722;0.9999950301873795;0.9999982902001955;1.0;1.0;0.9999961381359281;0.9999908604247111;0.9999987264070711;0.9999880369052513;0.9999972315308154;0.999999633824259;0.9999962842847283;0.9999970240327398;0.9999992888295788;0.9999997336296405;0.999997985490905;1.0;0.9999853788184436;0.9999868870826989;1.0;1.0;0.999999519778162;1.0001406801705488;0.9999842819047803;0.9999963041474971;0.9999988825438758;0.9998327114140281;0.999720987330567;0.999652371820871;0.9996280031641694;0.9999976576052623;1.0;1.0;0.9993423836306038;0.9993265939166288;0.999317460503814;1.0001211723962005;1.0;0.9999852180294462;0.9999834170145833;0.9999999999999999;1.024999976158142;
2016-07-28 04:00:00;0.9999899833901655;0.9999999999999999;0.9999862615500492;0.9999952521720303;0.9999979458432231;1.0;1.0;0.9999970683716106;0.999992418150853;0.9999988473051898;0.999990137730718;0.9999969133751265;0.9999992061809967;0.99999688751614;0.9999974367872705;0.9999995362044686;0.9999998375210022;0.9999971876417448;1.0;0.9999868790131499;0.9999855419694939;1.0;1.0;0.9999997091089299;1.000140650196026;0.9999846796175927;0.9999963904790355;0.999999041510699;0.9998310324507884;0.999718092433249;0.9996564169988549;0.9996358840670475;0.999997996297884;1.0;1.0;0.9993608289276844;0.9993437381699829;0.9993342237089728;1.0001212863196522;1.0;0.9999844375008677;0.999985769988553;1.0;1.024999976158142;
2016-07-28 04:15:00;0.999993396528385;1.0;0.9999907682344722;0.9999967976593122;0.9999984236191289;1.0;0.9999999999999999;0.9999980185065532;0.9999945494571766;0.9999994857356901;0.999993192348537;0.9999970579303027;0.9999994254238335;0.9999983139043321;0.999998822955951;0.9999997038753355;0.999999877450627;0.9999978768527626;1.0;0.9999908551812712;0.9999900682103554;1.0;1.0;0.9999997654567272;1.0001359107812235;0.99998927374915;0.9999974830646542;0.9999995113719916;0.9998663972852067;0.999771116459867;0.9997256899643561;0.999714114639799;0.9999987339488056;1.0;1.0;0.9995040564507781;0.9994874213794099;0.9994779055504338;1.0001173377691024;1.0;0.9999891785997929;0.9999902027490085;1.0;1.024999976158142;
2016-07-28 04:30:00;0.9999925695528428;1.0;0.9999885836965476;0.9999957071551807;0.9999988811388208;1.0;1.0;0.9999981499753062;0.9999940029196493;0.9999996340899293;0.9999902713023303;0.9999968865749288;0.9999996357761115;0.9999986061176659;0.9999987149440247;0.9999993031289677;0.999999731264194;0.9999985979021515;1.0;0.9999890104477305;0.9999892806208542;1.0;0.9999999999999999;0.999999376169367;1.000136703971345;0.9999868178169613;0.999996955602624;0.9999996119024417;0.9998461787578342;0.9997457046074969;0.9996931531841896;0.9996796778237392;0.9999987131666458;0.9999999999999999;0.9999999999999999;0.9994436778867418;0.9994258907789042;0.9994155820210858;1.0001178272793996;1.0;0.9999877076869584;0.9999881750246363;1.0;1.024999976158142;
2016-07-28 04:45:00;0.9999914622376227;1.0;0.9999866822305934;0.9999951993530504;0.9999984159902593;1.0;1.0;0.9999975496309785;0.9999925342415592;0.9999996072342325;0.9999889706451014;0.9999971137759919;0.9999995189860695;0.9999982989654813;0.9999986968223108;0.999999285007243;0.9999997096959006;0.9999980193360409;1.0;0.9999870277757756;0.9999874370682078;1.0;1.0;0.9999993514159706;1.0001367741817617;0.9999847412224782;0.9999964644026953;0.999999539590483;0.9998740600843816;0.9997851775601017;0.9997351242222662;0.999722423941508;0.9999984378263;1.0;1.0;0.9995165210974606;0.9994997446083924;0.9994898160392012;1.0001178793116978;1.0;0.9999856422603837;0.9999860032104194;1.0;1.024999976158142;
2016-07-28 05:00:00;0.9999927655651568;1.0;0.9999880474102364;0.9999966352877505;0.9999979531951598;1.0;1.0;0.9999965882521736;0.9999921529845485;0.9999991802870304;0.9999918306723651;0.9999969827322587;0.9999994939513999;0.9999971969713988;0.9999983331933605;0.9999997167578933;0.9999998631049274;0.9999974661602349;1.0;0.9999885883845457;0.9999893502576183;1.0;1.0;0.9999998303431014;1.0001386954018305;0.9999880491597092;0.9999971669649508;0.9999991963110696;0.9998223659955389;0.9997120968561409;0.9996357549522922;0.9996094948085276;0.9999981447536679;1.0;1.0;0.9993087061565828;0.999292739341106;0.999284399647393;1.0001197276781715;1.0;0.999988235685619;0.9999871702262303;1.0;1.024999976158142;
2016-07-28 05:15:00;0.9999911303023957;1.0;0.999984959748931;0.9999957292687625;0.99999792641056;1.0;1.0;0.9999958600871234;0.9999906994417923;0.9999987686479597;0.9999895107373413;0.9999968113769108;0.999999549704917;0.9999962255067819;0.9999973612830431;0.999999521130642;0.9999998036655731;0.99999750984761;1.0;0.999986144693143;0.9999875723687172;1.0;1.0;0.9999997232929914;1.000138465123868;0.9999856241096837;0.99999659376186;0.9999988826682801;0.9998233954130954;0.999729855162512;0.9996777543896032;0.9996735296946582;0.9999976565532124;1.0;1.0;0.9994456694058913;0.9994285473564185;0.9994194130117934;1.0001193852626373;1.0;0.9999861657513363;0.9999842005022298;1.0;1.024999976158142;
2016-07-28 05:30:00;0.9999893199792137;0.9999999999999999;0.9999830387035972;0.9999941127619785;0.9999982078402985;1.0;1.0;0.999996660891344;0.9999906906169206;0.99999914600414;0.9999863545546153;0.9999967688199889;0.9999994987928454;0.9999971785061766;0.9999976529531349;0.9999991034391638;0.9999996540521022;0.9999978035774895;0.9999999999999999;0.9999839813327297;0.9999848340671411;1.0;1.0;0.9999992599491987;1.000140049568989;0.999981599969006;0.9999957213245422;0.9999991811846947;0.9997995540528062;0.9996983427321563;0.9996377007331991;0.9996305439646122;0.9999978532071456;1.0;1.0;0.9993695784451695;0.9993523224559069;0.9993431888079443;1.00012057138427;1.0;0.999982740638918;0.9999824120899862;0.9999999999999999;1.024999976158142;
2016-07-28 05:45:00;0.9999921399080235;0.9999999999999999;0.9999869121734086;0.9999960561326513;0.9999980616599518;1.0;1.0;0.9999966334882494;0.9999918002773817;0.9999992485171096;0.9999904385927807;0.9999840254690707;0.9999995287215871;0.9999973235776706;0.9999982994129581;0.9999995491106635;0.9999998013051333;0.9999976374882473;1.0;0.9999875307403238;0.9999885360795017;1.0;1.0;0.9999996600966132;1.0001416098124074;0.9999865870292397;0.9999968459909222;0.9999992414096526;0.9997862991720733;0.9996732732621323;0.9996022238083538;0.9995865994759154;0.9999981134982044;0.9999999999999999;1.0;0.9992845344140224;0.9992269049837225;0.9992177724820214;1.000122165882257;1.0;0.9999871231450085;0.9999860706222933;1.0;1.024999976158142;
2016-07-28 06:00:00;0.9999921567152601;1.0;0.9999886649763047;0.9999960940831043;0.9999981211381971;1.0;1.0;0.9999975629199125;0.999993226539631;0.9999994683956199;0.999991470136908;0.9999743966436823;0.9999993384016053;0.9999980841243271;0.9999987269860183;0.9999996045848677;0.9999998312350762;0.9999975146407857;1.0;0.9999887568251614;0.9999881653171883;1.0;0.9999999999999999;0.9999996603391955;1.000143739898046;0.9999868975316232;0.9999969331952439;0.9999994586860889;0.9997808104996283;0.9996569907062706;0.9995678507218878;0.9995381333309717;0.9999984859063731;1.0;1.0;0.9991843245606559;0.9990959026775988;0.9990863905761587;1.000124056411455;1.0;0.9999869688616173;0.9999879259897702;1.0;1.024999976158142;
2016-07-28 06:15:00;0.9999934243239142;1.0;0.9999911907452944;0.9999968736047292;0.9999985407122106;1.0;1.0;0.9999981840508584;0.9999950275811008;0.9999993833467693;0.9999935961825452;0.999969177355855;0.9999994030647481;0.9999982248535716;0.9999986107127251;0.9999997173693147;0.9999998942333578;0.9999979847731989;1.0;0.9999913648414109;0.9999902551639822;1.0;1.0;0.9999997912763836;1.0001427859389544;0.9999897331911975;0.9999975862862864;0.9999994660057344;0.9998142349917638;0.9996960285959083;0.9996126583851253;0.9995812066664186;0.9999987593676876;1.0;0.9999999999999999;0.9992543955362958;0.9991500664511701;0.9991413471289242;1.0001232787932743;1.0;0.9999895057538604;0.9999907683448392;1.0;1.024999976158142;
2016-07-28 06:30:00;0.9999891685618372;0.9999999999999999;0.9999849205144221;0.9999940133768388;0.9999989019465775;1.0;0.9999999999999999;0.9999979306345521;0.9999932363783747;0.99999894152025;0.9999874016449828;0.9999552783136467;0.9999994258771864;0.9999974212827649;0.9999970609648073;0.9999990331027877;0.9999996800676455;0.9999984670337421;1.0;0.9999860269098343;0.9999851246701366;1.0;1.0;0.9999992192907721;1.0001497545529283;0.999982667845407;0.9999959813422693;0.9999991764399074;0.9997830419497873;0.999645041339897;0.9995300506194098;0.9994791757986166;0.9999981846707054;1.0;1.0;0.99905719055448;0.9989079333583066;0.9988980106678952;1.0001288990395687;1.0;0.9999834270890334;0.9999849810683412;1.0;1.024999976158142;
2016-07-28 06:45:00;0.9999890766622258;1.0;0.9999840058457838;0.9999948903605711;0.9999986943383206;1.0;1.0;0.9999963393092427;0.9999922974188327;0.9999977123846564;0.9999890334291143;0.9999663850200445;0.9999995221426349;0.9999947770962522;0.9999949797301588;0.9999993285880007;0.9999998252884966;0.9999982701663478;1.0;0.9999863788358486;0.9999861516689094;1.0;1.0;0.9999997366749465;1.0001492168535946;0.9999851007410292;0.9999964510790267;0.9999982956549089;0.9997583755532978;0.9996115726562894;0.9995243717240233;0.9994909289377559;0.9999973499258199;1.0;1.0;0.9991003380010354;0.9989749401606378;0.9989503024325972;1.0001284687123815;1.0;0.9999852245553993;0.9999843390891123;1.0;1.024999976158142;
2016-07-28 07:00:00;0.9999862840745466;1.0;0.9999761176722579;0.9999935419328353;0.9999951657015237;1.0;1.0;0.9999927636660283;0.9999827919660551;0.9999991153207228;0.9999834902957866;0.9999629549615893;0.9999988575104483;0.9999954047027299;0.9999983876115209;0.9999995612013823;0.9999997044515286;0.9999940965425682;1.0;0.99997620126532;0.9999785034022383;1.0;0.9999999999999999;0.9999996108521764;1.00015637935752;0.9999753233188154;0.9999941782763788;0.9999987998197036;0.9995085560970016;0.999348520710948;0.999259713888659;0.9992774763439214;0.9999964479966017;0.9999999999999999;1.0;0.9988106498733296;0.9986674124891621;0.9986336576762953;1.0001349522574852;1.0;0.9999758792794312;0.9999735001093926;1.0;1.024999976158142;
2016-07-28 07:15:00;0.9999901394651509;1.0;0.9999815102507594;0.9999952616032673;0.9999966829100201;1.0;1.0;0.9999942187271699;0.9999868450459343;0.9999991282683737;0.99998722145489;0.9999664143921472;0.9999993717358093;0.9999960671857377;0.9999983084807568;0.9999995870205272;0.9999997540804637;0.9999961162356985;1.0;0.9999821498302572;0.9999850854428798;1.0;1.0;0.9999996791467314;1.0001580734023316;0.9999821716607412;0.999995784142538;0.9999989437769786;0.9994188502206;0.9992435882619498;0.9991311227668914;0.9991484654631717;0.9999971787890161;1.0;1.0;0.9985937188341026;0.9984022198850695;0.9982914807827621;1.0001364237280883;1.0;0.9999830284461105;0.9999797028957611;0.9999999999999999;1.024999976158142;
2016-07-28 07:30:00;0.9999808974137453;1.0;0.999970972985751;0.9999908693657759;0.9999978150330285;1.0;1.0;0.9999932647283986;0.9999858388319737;0.9999959944072871;0.9999798042970807;0.9999566282877367;0.9999993009876311;0.9999907122774451;0.9999911410003859;0.9999987151943213;0.9999996463704277;0.9999972284447387;1.0;0.999975369380526;0.9999759940244513;1.0;1.0;0.9999994399244548;1.0001644062828483;0.9999734221780994;0.9999936787590543;0.999996981569033;0.9993676022183341;0.999188219438715;0.999060320365266;0.9990797642941942;0.9999952348573655;1.0;1.0;0.9984814804102189;0.9982480266917371;0.9981229910700488;1.0001411139972287;0.9999999999999999;0.9999741039454715;0.9999715202318603;1.0;1.024999976158142;
2016-07-28 07:45:00;0.9999526683581855;0.9999999999999999;0.9999269520353392;0.9999787522017722;0.999998250414918;1.0;1.0;0.9999816575968745;0.9999691461604192;0.9999849764471659;0.9999533556689099;0.9999562041024632;0.9999996787075475;0.9999683906085792;0.9999679647545185;0.9999966420693492;0.9999993665639454;0.9999980575594403;0.9999999999999999;0.9999447008619826;0.9999485818893638;0.9999999999999999;1.0;0.9999994986015133;1.0001838632611648;0.9999447627896083;0.999986676189003;0.9999892722291842;0.9993281389336149;0.999128675283825;0.9989777606566542;0.9989873906542139;0.9999862483333711;1.0;1.0;0.9983135624773829;0.998065661148576;0.9979235602574635;1.0001557368256702;1.0;0.9999463096328728;0.9999322044290013;1.0;1.024999976158142;
2016-07-28 08:00:00;0.9999766354495431;1.0;0.9999618276323816;0.9999896971080984;0.9999975399935696;1.0;1.0;0.9999892985609737;0.9999809253301903;0.999993292015368;0.9999759547056769;0.999948119568398;0.9999995614672346;0.999984711309371;0.9999858728737197;0.99999858835735;0.9999996808295402;0.9999971847258491;1.0;0.9999695955997158;0.9999729435577929;1.0;1.0;0.9999998147879982;1.0001751227480815;0.99997047842394;0.9999928528640952;0.999994994928907;0.9992558737660977;0.9990341925845634;0.9988767092879695;0.9988860654082549;0.9999928848022414;1.0;1.0;0.9981439853921567;0.9978592299212903;0.9977024411529061;1.0001500498108034;1.0;0.999971300291533;0.9999630622549351;1.0;1.024999976158142;
2016-07-28 08:15:00;0.9999825243119748;1.0;0.9999738407386782;0.9999913189778707;0.9999975040498497;1.0;0.9999999999999999;0.9999943510730431;0.9999866290831277;0.9999972458850923;0.9999808693212056;0.9999489447509571;0.9999991242310704;0.99999316813511;0.9999937090433723;0.9999988179241923;0.9999996236551734;0.9999967749345686;1.0;0.9999766242587335;0.9999766740497592;0.9999999999999999;1.0;0.9999992839417324;1.000184060451596;0.9999737832192147;0.9999938198689126;0.9999978289963188;0.9990889290805883;0.9988022458658651;0.9986702302581024;0.9987025043962892;0.9999960711774029;1.0;1.0;0.9978706554960356;0.9975904212541745;0.9974360498762711;1.0001582923791827;1.0;0.9999744920218805;0.9999737276363976;1.0;1.024999976158142;
2016-07-28 08:30:00;0.9999860644540193;1.0;0.9999755827463404;0.9999927550521315;0.9999974499787114;1.0;1.0;0.999993823271038;0.9999857898588749;0.9999980649475738;0.9999819588240499;0.999941671259374;0.9999994989205403;0.999994221522012;0.9999955341902389;0.9999989348708789;0.9999995913275572;0.999997114619949;1.0;0.9999779497582355;0.9999811440461359;1.0;0.9999999999999999;0.9999992539880935;1.0001805278784888;0.9999768928486192;0.9999945630679606;0.9999982702299244;0.9991194590629322;0.9988442823427467;0.9987040004717402;0.9987294658440116;0.9999963921658928;1.0;1.0;0.997905289819718;0.9976014005182698;0.9974462044010896;1.0001553888231312;0.9999999999999999;0.9999785551849764;0.9999747434228275;1.0;1.024999976158142;
2016-07-28 08:45:00;0.9999738584181307;1.0;0.9999556544827937;0.9999867043478093;0.9999969633765474;1.0;0.9999999999999999;0.9999891648125215;0.999976948481163;0.9999947947329543;0.9999679714347124;0.9999348749903584;0.9999994883486868;0.9999870390551894;0.999988268122222;0.999997856729491;0.9999993137929668;0.9999967000537495;0.9999999999999999;0.9999622176425194;0.9999673984604955;1.0;1.0;0.9999988103499926;1.0001925715484519;0.9999607129213065;0.9999907133341364;0.9999958725407925;0.9989842508403824;0.9986702475688678;0.9984941804789195;0.9985133000070834;0.9999930141663164;1.0;1.0;0.9975352249952905;0.9972125466255269;0.9970607588578133;1.0001649134972614;0.9999999999999999;0.9999635433550517;0.9999558381833177;1.0;1.024999976158142;
2016-07-28 09:00:00;0.9999609281329992;0.9999999999999999;0.9999398653646627;0.9999819247777252;0.9999967245786536;1.0;1.0;0.9999852832937413;0.9999720967261617;0.9999898748035814;0.9999599391903636;0.9999423680459817;0.999999067057288;0.9999775981341457;0.9999781196303212;0.999997350400003;0.9999993755345717;0.9999959787064682;1.0;0.9999514236331908;0.9999538329329332;1.0;1.0;0.999999221527985;1.000192633717418;0.9999495439150522;0.9999879184780278;0.9999925655138404;0.999084721316104;0.9987866486956967;0.9986209899056446;0.9986311214335432;0.9999894151664992;0.9999999999999999;0.9999999999999999;0.9977202717541144;0.9974159610972828;0.9972573206173879;1.000164199294922;1.0;0.9999508637243859;0.9999423173023743;1.0;1.024999976158142;
2016-07-28 09:15:00;0.9999727970469583;0.9999999999999999;0.9999577625150775;0.9999872293603272;0.9999975475898172;1.0;1.0;0.9999897694431045;0.9999800889717095;0.9999933005584936;0.9999714158309211;0.9999414643370059;0.9999993047053707;0.9999849075555151;0.9999853143805345;0.9999981013280193;0.999999525985758;0.999997011560291;1.0;0.9999655391068776;0.9999674649558024;1.0;0.9999999999999999;0.9999993407131401;1.000182575004827;0.9999640035155233;0.9999913791427639;0.9999950499098754;0.9990447689394878;0.9987621101574005;0.9986184913737876;0.9986558457078284;0.9999926862835725;1.0;1.0;0.997797698793834;0.997539652819278;0.9974449006147738;1.0001562323828694;1.0;0.9999651345540639;0.9999592509113158;1.0;1.024999976158142;
2016-07-28 09:30:00;0.9999790715479943;1.0;0.9999664774997213;0.9999898313707678;0.9999976826826562;0.9999999999999999;0.9999999999999999;0.9999918785023845;0.9999832567377471;0.9999954600246338;0.9999765725998674;0.9999344379513828;0.9999993980947735;0.9999892688506146;0.9999899593473038;0.999998475777029;0.9999995607253445;0.9999972676836842;1.0;0.9999717981326461;0.9999741237853627;1.0;0.9999999999999999;0.9999992852934079;1.0001874943666027;0.9999703875243003;0.9999929611317896;0.9999965296607767;0.9990134494077123;0.9987112191585112;0.9985844716404533;0.9986303589193997;0.999994494398425;1.0;0.9999999999999999;0.9977670774152633;0.9974678623115215;0.9973484685556316;1.0001609064002221;1.0;0.9999717439711546;0.9999670194801465;1.0;1.024999976158142;
2016-07-28 09:45:00;0.999986287282397;0.9999999999999999;0.9999788321601862;0.9999934705641621;0.9999980973714255;1.0;1.0;0.9999948926178127;0.9999891047112728;0.9999973045295961;0.9999853227718534;0.999938024513266;0.999999381899711;0.9999934945407489;0.999994079629741;0.9999991313387515;0.999999744442354;0.9999976119002445;1.0;0.9999817070012642;0.999982361898042;1.0;1.0;0.9999995808227469;1.0001869031777497;0.9999804019756029;0.9999953409653651;0.999997916811118;0.9989690917779381;0.9986427824086609;0.9984935825388127;0.9985245001172404;0.9999965529348784;1.0;1.0;0.9975705975507398;0.9972971964044033;0.9971965681336161;1.0001609197470718;0.9999999999999999;0.9999808897644261;0.9999789266716628;0.9999999999999999;1.024999976158142;
2016-07-28 10:00:00;0.9999872335715823;1.0;0.999977984150934;0.9999933972817102;0.999997974069415;1.0;1.0;0.9999945541932902;0.999987706306114;0.9999979924292912;0.9999838006408728;0.999930354752342;0.9999995611274202;0.9999944273060608;0.9999953745051438;0.9999989944187379;0.9999996382691018;0.9999977199189061;1.0;0.9999804841865032;0.9999831711308309;1.0;1.0;0.9999993210367987;1.0001913475234372;0.9999795102046822;0.9999951706120104;0.9999982960233036;0.9989086639659779;0.9985468984007253;0.9984801472260754;0.9985565048099141;0.9999966871630771;1.0;0.9999999999999999;0.9976870727214603;0.9973955389631468;0.9973028986626188;1.0001647644367941;1.0;0.9999809712115975;0.9999775272628763;1.0;1.024999976158142;
2016-07-28 10:15:00;0.9999821177460461;1.0;0.9999669415594838;0.9999903405000473;0.9999960637911692;0.9999999999999999;1.0;0.9999914232379008;0.999979478338006;0.999998234126367;0.9999749371380537;0.9999318205858942;0.9999993319865528;0.9999934340316159;0.9999957516136962;0.9999985762257605;0.9999993854762574;0.9999956380564714;1.0;0.9999692474464751;0.9999747596283559;1.0;1.0;0.9999988414756932;1.0001915385195217;0.9999679200586283;0.9999924906937301;0.9999981443341835;0.9989201563037415;0.9985695012171498;0.9984787257293836;0.9985440604713818;0.9999953660434067;1.0;1.0;0.9976505554896365;0.997362510328063;0.9972683405099034;1.0001647522794763;1.0;0.9999706896138917;0.9999650300765525;1.0;1.024999976158142;
2016-07-28 10:30:00;0.9999713832677418;1.0;0.9999396984996269;0.9999850888635211;0.9999908067736745;0.9999999999999999;1.0;0.9999809683831477;0.9999572216059762;0.999997448076708;0.9999566854796591;0.999934993136646;0.9999990018749264;0.9999876411178499;0.9999948176369319;0.9999981704756101;0.9999989967486519;0.9999900975720508;1.0;0.9999429271984557;0.9999578501989033;1.0;0.9999999999999999;0.9999984830996497;1.0002009877599634;0.9999448682436068;0.9999870470655449;0.9999966775949936;0.9988833157953049;0.9985289263442179;0.9984346320493352;0.9985067218335609;0.9999910464105134;0.9999999999999999;1.0;0.9975972521949842;0.9973003738291526;0.997181688289422;1.0001726786535687;1.0;0.9999501976461321;0.999934061119517;1.0;1.024999976158142;
2016-07-28 10:45:00;0.9999863397782889;1.0;0.9999766832685145;0.9999927975714767;0.9999977761122484;1.0;1.0;0.9999944570892608;0.9999869436694945;0.9999981248054445;0.9999824606670815;0.9999325396850602;0.9999994893218822;0.9999945950758502;0.9999955589506753;0.9999988959547602;0.9999995916998755;0.9999974622305654;1.0;0.999979008057132;0.9999816418683527;1.0;1.0;0.9999992003625288;1.000195970637379;0.9999775452417937;0.9999947279452616;0.9999983654646152;0.9988216248920415;0.9984235773447003;0.9983334314137922;0.9983993381777269;0.9999966259938037;1.0;0.9999999999999999;0.9974113636388454;0.9970949054318851;0.9969608006979692;1.0001687262346506;1.0;0.9999791552960657;0.9999760752450974;1.0;1.024999976158142;
2016-07-28 11:00:00;0.9999857763180667;1.0;0.9999756502878774;0.9999927545739359;0.9999978162357496;1.0;1.0;0.9999939130844031;0.9999865416785826;0.9999975890877776;0.9999823237657984;0.9999447328393929;0.999999567558535;0.9999935062302374;0.9999945183844113;0.9999989080876024;0.9999996188145953;0.999997532999382;1.0;0.9999786104369888;0.9999814589703567;1.0;1.0;0.9999993288888015;1.0001887659888364;0.9999776615073382;0.9999947235753089;0.9999979958191048;0.9988947650958956;0.9985280538421866;0.9984155090540338;0.9984654608468957;0.9999962529857971;1.0;1.0;0.9974986241070547;0.9971977738581126;0.9970338553756952;1.0001624465608663;1.0;0.9999791604743739;0.9999752671965446;0.9999999999999999;1.024999976158142;
2016-07-28 11:15:00;0.9999842406295785;1.0;0.9999758244160064;0.9999914189621754;0.9999981094012395;1.0;1.0;0.9999955513273991;0.9999880030492067;0.9999981306795652;0.999980713796565;0.9999465098872126;0.9999993344963727;0.9999950911922832;0.9999951990809581;0.9999986122650996;0.9999995235158317;0.9999976422795598;0.9999999999999999;0.9999780341011171;0.9999787283353829;0.9999999999999999;1.0;0.9999989440736665;1.000189494904798;0.999974554791816;0.999994067469195;0.9999984696769038;0.9988892723334418;0.9985259344088081;0.9984114233117668;0.9984632313983643;0.9999968011615348;1.0;1.0;0.9974975504600944;0.9971638586188161;0.9969499317253145;1.0001629712323148;0.9999999999999999;0.9999760718399174;0.9999756615913133;1.0;1.024999976158142;
2016-07-28 11:30:00;0.9999892462588857;0.9999999999999999;0.9999835236181055;0.9999947530452814;0.9999978120063192;1.0;1.0;0.999996086393495;0.9999905451677741;0.9999986455944195;0.9999881277418069;0.9999435765063145;0.999999277560417;0.9999961332515744;0.9999969724304959;0.9999993993625061;0.9999997763950761;0.9999972055090953;1.0;0.9999846463349906;0.9999848302267367;1.0;1.0;0.9999995850215503;1.0001903147500322;0.9999830105099097;0.9999959945756214;0.9999988297098201;0.9988443004482499;0.9984550489115909;0.9983180235456091;0.9983544726453217;0.9999975517488477;0.9999999999999999;1.0;0.997295742824615;0.9969352226864312;0.9966984254706404;1.0001641457037949;1.0;0.9999833338462955;0.9999828999416113;1.0;1.024999976158142;
2016-07-28 11:45:00;0.9999890403033264;1.0;0.9999842949868305;0.9999937719200732;0.9999982975048634;1.0;1.0;0.9999977533171585;0.9999919532963664;0.9999995602331364;0.9999864975878054;0.9999434555165085;0.999999251934128;0.9999983180064077;0.9999983596361958;0.9999990528457631;0.9999996377897789;0.999997730829627;1.0;0.9999845677555609;0.9999838936361768;1.0;1.0;0.9999990936451472;1.0001898795726811;0.9999808501519988;0.9999955812635452;0.9999995290970498;0.9988093064556655;0.9984314997155902;0.9983365429908945;0.9984109881365407;0.9999982997679465;1.0;1.0;0.9974411531650488;0.9970864125703811;0.9968576549752379;1.000163675411815;1.0;0.9999817674625897;0.9999837174494242;1.0;1.024999976158142;
2016-07-28 12:00:00;0.9999916476235619;1.0;0.9999876371941605;0.9999955021641738;0.9999991188658709;1.0;1.0;0.9999978569344732;0.999994172855579;0.9999989245959388;0.9999901635121323;0.9999308541148321;0.9999995712818229;0.999997358130263;0.999997263404574;0.9999992736336845;0.9999997631726584;0.9999988555425053;0.9999999999999999;0.9999888782024027;0.9999888580671691;1.0;0.9999999999999999;0.9999994349150094;1.0001916722794137;0.9999869198255427;0.9999969473684893;0.9999991610022142;0.9988258032949616;0.9984448587404231;0.9983383368036691;0.9984010943629626;0.9999983484996181;1.0;1.0;0.9974095869216834;0.9970276213682592;0.9968152555232299;1.000165273643704;1.0;0.999987586027978;0.9999876999291704;1.0;1.024999976158142;
2016-07-28 12:15:00;0.9999912440319901;1.0;0.9999875063359389;0.9999953825994017;0.9999990038317775;1.0;1.0;0.9999978788642933;0.999994145551378;0.9999988830965719;0.999990158302476;0.9999342243019507;0.99999949217468;0.999997302817995;0.9999972005229127;0.9999992966937187;0.9999997747449682;0.999998650127369;0.9999999999999999;0.9999886669097301;0.9999881885531134;1.0;1.0;0.9999994627813863;1.0001884659769764;0.9999864961567608;0.9999968455315924;0.9999991381961947;0.9988808752701112;0.9985254190950357;0.9984563936823782;0.9985403208533237;0.9999983200994318;0.9999999999999999;0.9999999999999999;0.9976703926499163;0.9973832812943684;0.9972804774462044;1.000162508873355;0.9999999999999999;0.9999869739103132;0.9999875638339911;0.9999999999999999;1.024999976158142;
2016-07-28 12:30:00;0.9999917573075474;1.0;0.9999887695475163;0.999995976312552;0.9999981236983713;1.0;1.0;0.9999977345376536;0.9999935508221484;0.9999993721756547;0.9999916139571944;0.9999333570657117;0.9999991813667193;0.9999980091723636;0.9999985275414378;0.9999996151897551;0.999999846613526;0.9999974359643647;1.0;0.9999888519645668;0.9999876234848527;1.0;0.9999999999999999;0.9999996455975002;1.0001883494398758;0.9999866986463951;0.9999968833568986;0.9999994170668054;0.9988880227656892;0.9985202554517345;0.9984525530934725;0.9985295218479927;0.9999984883795003;0.9999999999999999;0.9999999999999999;0.9976428408109649;0.9973520280508118;0.9972479698428928;1.0001626286437635;1.0;0.9999865447574501;0.999988138302603;1.0;1.024999976158142;
2016-07-28 12:45:00;0.9999921601899546;0.9999999999999999;0.9999882717825338;0.9999963526446779;0.9999974956370374;1.0;0.9999999999999999;0.9999969188028103;0.9999920255940655;0.9999995655865671;0.9999917528129307;0.9999348682018016;0.9999991346574115;0.9999979506571168;0.999999152877045;0.9999997791533081;0.9999998667805879;0.9999967405916149;0.9999999999999999;0.9999880203209419;0.9999876111708642;1.0;1.0;0.9999997564398719;1.0001931288384678;0.9999866009502262;0.9999968475747087;0.9999994571475831;0.9987867290366789;0.9983736225076741;0.9982816584665806;0.9983464407689266;0.9999983307276241;1.0;1.0;0.9973219317135973;0.9969485848258404;0.9967309038376683;1.0001668725492525;1.0;0.9999864295568816;0.9999870784999124;1.0;1.024999976158142;
2016-07-28 13:00:00;0.9999895548655773;1.0;0.9999824140427824;0.9999940512816728;0.9999978641534807;1.0;1.0;0.9999963411840366;0.9999895754598523;0.9999995571552663;0.9999855930558283;0.9999451799720617;0.9999994354402896;0.9999976840378173;0.9999985103143136;0.9999990952419767;0.9999996128729799;0.9999974706271731;1.0;0.999982944568088;0.9999845927908544;1.0;1.0;0.9999991397776845;1.0001912497981635;0.9999806670536522;0.9999955194963033;0.9999993969749017;0.9988077358941541;0.9984087135419987;0.9983316263487305;0.9984068414788214;0.9999978831002496;1.0;1.0;0.9974365432948782;0.9970892704643581;0.9968631381582567;1.0001648893325061;1.0;0.9999821334342951;0.9999813322747001;1.0;1.024999976158142;
2016-07-28 13:15:00;0.9999919559068752;0.9999999999999999;0.9999851009258867;0.9999960292487724;0.9999975480099341;1.0;1.0;0.9999955612216678;0.9999897708910079;0.999999257630804;0.999989472309587;0.9999412639643682;0.999999485802973;0.9999968638964553;0.9999984568298236;0.9999995923175148;0.9999997850690951;0.999997143747392;1.0;0.9999857532713511;0.9999880502146508;1.0;1.0;0.9999996576172874;1.0001904748469963;0.9999855775106875;0.9999965966567006;0.9999991466692162;0.9988108224997185;0.9984215089946674;0.9983518396838672;0.9984352352779741;0.9999977682204821;1.0;1.0;0.9974945565818608;0.9971336815096338;0.9969059756866706;1.0001644531755367;0.9999999999999999;0.9999863695170386;0.9999838110377349;1.0;1.024999976158142;
2016-07-28 13:30:00;0.9999908154051511;0.9999999999999999;0.9999836206564071;0.9999956463702127;0.9999977330244898;1.0;1.0;0.9999951631481196;0.9999895856081079;0.9999985874831533;0.9999888454005814;0.9999382807202374;0.9999995144427289;0.999995631404455;0.999997053646544;0.9999995219152659;0.999999796977626;0.9999973578477674;1.0;0.9999850789693063;0.9999872727958072;0.9999999999999999;1.0;0.9999997153142816;1.0001927066308718;0.9999850817916962;0.9999964528286431;0.9999987094647285;0.9987940316714893;0.9983985634041437;0.9982884574517007;0.9983495980784854;0.9999973601752122;1.0;0.9999999999999999;0.9973215260854027;0.9969716566500458;0.9967704845806677;1.0001662774511804;1.0;0.999985768911153;0.9999827423156032;0.9999999999999999;1.024999976158142;
2016-07-28 13:45:00;0.9999914028743743;0.9999999999999999;0.9999856715998031;0.9999960552115769;0.9999973980082878;0.9999999999999999;1.0;0.9999957770920808;0.9999903323102515;0.9999990715375155;0.9999903213783323;0.9999428307150485;0.9999992949827623;0.9999966669654287;0.9999981731158282;0.9999997062987539;0.9999998440621439;0.9999967823387184;1.0;0.9999862009103392;0.9999871713336081;1.0;1.0;0.9999997909052735;1.000192862121906;0.9999856593144987;0.9999966002585075;0.9999990555864939;0.9987514174074995;0.9983485454729217;0.9982720214926639;0.9983588633356456;0.9999977626550562;0.9999999999999999;1.0;0.9973722813966847;0.9970094960278302;0.996772840502481;1.0001665576790668;1.0;0.9999858339604463;0.9999844938128167;1.0;1.024999976158142;
2016-07-28 14:00:00;0.9999752628284888;1.0;0.9999623841919703;0.9999881961368993;0.9999974136606694;1.0;1.0;0.999991265711422;0.9999819738838683;0.9999945681903485;0.9999739359573053;0.9999503466758423;0.999999171263975;0.9999876095015415;0.9999880591612328;0.9999983065325408;0.9999995466759855;0.9999967366961164;1.0;0.9999684043321642;0.9999693339265674;1.0;1.0;0.9999992902843841;1.000194563470266;0.9999660504673157;0.9999919289366491;0.9999959353544978;0.9988617700820456;0.9984954126141099;0.9984084565160088;0.9984823924730235;0.9999937757406967;0.9999999999999999;1.0;0.99755942166187;0.9972276487659641;0.9970004608338171;1.000166841336684;1.0;0.9999669767131876;0.9999633051310175;1.0;1.024999976158142;
2016-07-28 14:15:00;0.9999570630386455;1.0;0.9999337106962611;0.9999806549018354;0.9999981283674526;1.0;0.9999999999999999;0.999983390585777;0.9999716180797583;0.9999867054442149;0.9999574432034202;0.9999549026058754;0.9999996070489335;0.9999718360782021;0.999971577714637;0.9999969716476914;0.9999994107173916;0.9999978650443477;1.0;0.9999493893171248;0.9999528182182272;1.0;0.9999999999999999;0.9999994935169901;1.0002084939569542;0.9999491929863513;0.9999877488166179;0.99999047857054;0.9988015688013607;0.9984049505801779;0.9982973874836221;0.998361317597313;0.9999876221718538;0.9999999999999999;0.9999999999999999;0.9973449935512525;0.9970160551714546;0.9967737825926168;1.0001773919647368;0.9999999999999999;0.9999506004739901;0.9999382011702395;0.9999999999999999;1.024999976158142;
2016-07-28 14:30:00;0.9999605395381655;0.9999999999999999;0.9999387213137442;0.9999827667732246;0.9999982564925848;1.0;1.0;0.9999839097282371;0.999973652410799;0.9999870280856279;0.999961968731381;0.9999483231806928;0.9999996790643618;0.9999725210710266;0.9999724850829665;0.9999973753034014;0.9999995467942618;0.9999980314278696;1.0;0.9999540004820487;0.9999574511857898;1.0;0.9999999999999999;0.999999825382977;1.0002019576888808;0.9999550259837456;0.999989064583401;0.9999907339675427;0.9988630585507321;0.9984929579488361;0.9983928404148844;0.9984586294840164;0.9999881319112529;1.0;1.0;0.9975090200999852;0.997166840255458;0.9969344294141858;1.0001719823979158;1.0;0.9999559239802998;0.9999431255422042;1.0;1.024999976158142;
2016-07-28 14:45:00;0.9999600643581926;1.0;0.9999411923450575;0.9999821308297271;0.9999977769987115;1.0;1.0;0.9999858844501057;0.99997512783751;0.9999883704210702;0.9999621523505352;0.9999567815759665;0.9999991587234489;0.9999755368358598;0.999975119498377;0.9999973894078642;0.9999995104018428;0.9999970494470835;1.0;0.9999542758331907;0.9999546385811141;1.0;1.0;0.999999563189217;1.0002010451060819;0.9999524625173696;0.999988557988864;0.9999917126791743;0.998885011677247;0.9985281222224484;0.9984469344342337;0.9985250366569471;0.99998914966414;1.0;1.0;0.9976365098579297;0.9973491515269224;0.9971532690421652;1.0001713345028276;1.0;0.9999528228979376;0.9999450630353905;1.0;1.024999976158142;
2016-07-28 15:00:00;0.9999439652361621;1.0;0.9999147197844409;0.9999744407802218;0.9999977616475152;0.9999999999999999;1.0;0.999979374000377;0.9999641056986683;0.999983081575858;0.9999444473657031;0.9999543937810583;0.999999409932302;0.9999644701835136;0.9999637819299136;0.9999959683873888;0.999999196548885;0.9999973558210252;1.0;0.9999344832004811;0.999937934372503;1.0;0.9999999999999999;0.9999991732992403;1.000212069709828;0.9999330426323563;0.99998393352159;0.9999879064690782;0.9988797256528833;0.9985123100104205;0.9984301874961931;0.9985062549649071;0.9999843281516778;1.0;1.0;0.9976028983125409;0.9973309158478042;0.9971648366920135;1.0001795881237532;1.0;0.9999348895638981;0.9999205771496249;1.0;1.024999976158142;
2016-07-28 15:15:00;0.9999693673372958;1.0;0.9999435376373087;0.999986264913229;0.999994561209455;1.0;0.9999999999999999;0.9999822709412196;0.9999667985576902;0.9999921533636112;0.9999640889261974;0.9999420386559691;0.9999994881908777;0.9999798654489277;0.9999839581386964;0.9999982615047941;0.9999994438307186;0.9999941752931291;0.9999999999999999;0.9999527829966995;0.9999625509426572;1.0;1.0;0.9999996429296975;1.0001993614461773;0.9999562796737878;0.9999894830690658;0.9999936432773288;0.9988884880492419;0.9985336587334924;0.9984343988681004;0.998501808414967;0.9999897979342082;1.0;0.9999999999999999;0.9975827055543192;0.9972783326290339;0.9971209334626726;1.0001707553993755;1.0;0.9999588054549846;0.9999428338429898;0.9999999999999999;1.024999976158142;
2016-07-28 15:30:00;0.9999716816550677;1.0;0.9999262927315009;0.9999875236634853;0.9999873334870818;1.0;0.9999999999999999;0.9999700690642674;0.9999416326874375;0.999994847049239;0.9999543456562949;0.9999527344498114;0.9999997378025816;0.9999787616560267;0.9999914551056341;0.9999990934785167;0.999999190276829;0.9999871406337096;1.0;0.9999328443286225;0.9999597552146097;1.0;1.0;0.9999998277910644;1.000202978546105;0.9999456333242447;0.9999869576744347;0.9999940993050944;0.998893852599512;0.9985266370034843;0.9984502459861059;0.9985244920768915;0.9999869320722609;1.0;1.0;0.9976308506715704;0.9973370321783366;0.9971493903619278;1.0001746660114859;1.0;0.9999519001839506;0.9999182387005389;1.0;1.024999976158142;
2016-07-28 15:45:00;0.9999789907763208;0.9999999999999999;0.9999561909527879;0.9999903194906523;0.9999934567267325;1.0;1.0;0.9999848394737625;0.9999692760907676;0.9999963688985903;0.9999714845031349;0.9999568049985643;0.9999993724237932;0.9999875983180351;0.9999930116601204;0.9999990338688972;0.9999994887720829;0.999992920699399;1.0;0.9999603637157561;0.9999709455134621;0.9999999999999999;0.9999999999999999;0.9999995986010131;1.000191725786161;0.9999639825107103;0.9999913964756513;0.9999964127546449;0.9989188170075674;0.9985697372592413;0.9985107837990227;0.9985958533061297;0.9999925665525359;1.0;1.0;0.9977639966646875;0.9974973558079877;0.9973283305646009;1.0001649918886246;1.0;0.9999667087748473;0.9999529058571556;1.0;1.024999976158142;
2016-07-28 16:00:00;0.9999787972260141;1.0;0.9999666917681497;0.9999897133334955;0.9999965363918778;1.0;1.0;0.9999918993706753;0.9999819377224042;0.9999964039400632;0.9999764495457572;0.9999637331614166;0.9999990403787196;0.9999907677330439;0.9999920807856832;0.9999986692955062;0.9999995612694206;0.9999957001390108;0.9999999999999999;0.9999703795299093;0.9999717850558639;1.0;1.0;0.9999992899520287;1.0001892104046162;0.9999681147041775;0.9999924589180551;0.9999970946281911;0.9989000489482024;0.998546530018467;0.9984719213639699;0.9985494303547158;0.9999947835235069;1.0;1.0;0.9976763024070711;0.9974248890635273;0.9972471641599223;1.0001625928877464;1.0;0.9999690873116116;0.9999662346392476;1.0;1.024999976158142;
2016-07-28 16:15:00;0.999976951884295;1.0;0.9999619678395585;0.9999898621645907;0.9999968170919012;0.9999999999999999;1.0;0.9999890539613911;0.9999797963209102;0.999993891992403;0.9999760062278744;0.9999670440162702;0.9999994181619904;0.9999855622846934;0.9999872905092564;0.9999987340951328;0.9999996808929406;0.9999962826265436;1.0;0.9999687839709218;0.9999722212967113;1.0;0.9999999999999999;0.9999998376507402;1.0001882373086575;0.9999695966676816;0.999992667774255;0.9999953269785643;0.9989571897733888;0.9986298325987775;0.9986047358350569;0.9987106609367811;0.9999930349322791;1.0;1.0;0.9979838304607038;0.997759912163097;0.9976043630584346;1.000161535477099;0.9999999999999999;0.9999703388389289;0.9999624840128837;0.9999999999999999;1.024999976158142;
2016-07-28 16:30:00;0.9999749862786108;1.0;0.999958375876585;0.9999884281817294;0.9999976207387143;1.0;0.9999999999999999;0.9999888142528018;0.9999793458525787;0.9999931988224902;0.9999726152753117;0.9999730994145384;0.9999997164102826;0.999984362554813;0.999985413413349;0.9999982501683911;0.9999995551461965;0.9999974171469673;1.0;0.9999665786218647;0.999970952044382;1.0;1.0;0.9999995384004071;1.0001865980292437;0.9999670594086119;0.9999920829771952;0.9999948906257194;0.9989911787622129;0.9986735898716915;0.9986498549146234;0.9987532264598713;0.9999925596706433;1.0;1.0;0.998051330282352;0.9979102647083361;0.9978375314173804;1.0001597894856982;1.0;0.9999686602729965;0.9999596332688993;1.0;1.024999976158142;
2016-07-28 16:45:00;0.9999669418141587;1.0;0.9999634148742551;0.9999851514107614;0.9999930500751933;1.0;1.0;0.9999940933179343;0.9999814300669636;0.9999967623494459;0.999974094001807;0.9999744919756433;0.9999963281762353;0.9999923269788414;0.9999930380639042;0.999999044512566;0.9999997271682038;0.9999894727466193;0.9999999999999999;0.9999630088042986;0.9999503988408652;1.0;1.0;0.9999994110075197;1.00018455118994;0.9999521627346062;0.999988753260391;0.9999975073555052;0.9989653546734012;0.9986669331577012;0.998660036857683;0.9987881125230959;0.999994851295564;0.9999999999999999;1.0;0.9981422101821608;0.9980322518544786;0.9979942251405055;1.0001587932410478;1.0;0.9999483452207247;0.9999621966093578;0.9999999999999999;1.024999976158142;
2016-07-28 17:00:00;0.9999214358492622;1.0;0.9999278066689472;0.9999650556899145;0.9999816320099436;0.9999999999999999;1.0;0.9999932614306992;0.9999644740256916;0.9999959040772277;0.9999468823076729;0.9999818899398292;0.999989029014918;0.9999907595142123;0.9999912525440096;0.9999986265980912;0.9999996080868692;0.9999708599631217;1.0;0.9999192922559663;0.9998750343216696;1.0;1.0;0.9999986514791732;1.0001950829260688;0.9998848466644643;0.9999731171078762;0.9999968736556951;0.9990930745581701;0.9988032874169264;0.9988007290798593;0.9989087191029264;0.9999912846238594;0.9999999999999999;0.9999999999999999;0.9983169782044253;0.9982258191508951;0.9981818253783419;1.0001675987440235;1.0;0.9998712879694641;0.9999236350936814;1.0;1.024999976158142;
2016-07-28 17:15:00;0.9998802067450975;1.0;0.9998905531598885;0.9999478314578233;0.9999730093427646;1.0;0.9999999999999999;0.9999889083615369;0.9999476121097778;0.9999915306078717;0.9999222055173529;0.9999859796156096;0.999983606759077;0.9999821528847399;0.9999826372060473;0.9999981367695197;0.9999996103465997;0.9999568282865998;1.0;0.9998799554611194;0.9998122801034623;1.0;1.0;0.9999985902399233;1.000203510391902;0.9998296175360947;0.9999601684509922;0.9999937989054247;0.9991336015538148;0.9988627949612143;0.9988717743775724;0.9989885656231128;0.9999858618249354;0.9999999999999999;0.9999999999999999;0.9984620813327023;0.9983893408985427;0.9983524734384122;1.0001741805316606;1.0;0.9998080414451093;0.9998855882728905;0.9999999999999999;1.024999976158142;
2016-07-28 17:30:00;0.9999394844671261;0.9999999999999999;0.9999469859672319;0.9999735633978797;0.9999850478762627;1.0;1.0;0.9999955348576661;0.9999735111354261;0.9999973449707683;0.9999614640554738;0.9999843895428094;0.9999910253181113;0.9999939497826894;0.9999944910656011;0.9999993045389457;0.9999998124848903;0.9999761926195758;0.9999999999999999;0.9999390730070575;0.999902285453383;0.9999999999999999;1.0;0.9999991869410167;1.0001866997520918;0.9999115786133176;0.9999793439096806;0.9999979714825791;0.9990814618544983;0.998802880374382;0.9988278605283706;0.998958170452768;0.9999936978577453;1.0;1.0;0.9984295749514522;0.9983522903182134;0.998316057306963;1.0001608487220155;1.0;0.9998998774007304;0.999943349408637;1.0;1.024999976158142;
2016-07-28 17:45:00;0.9999285464770173;1.0;0.9999361353719907;0.9999681548549246;0.9999832075853462;0.9999999999999999;1.0;0.9999949253178111;0.9999689588759567;0.9999967730294906;0.9999524821209915;0.9999846034506163;0.9999897859137219;0.9999928195018113;0.9999929612774313;0.9999987990242416;0.999999656803247;0.999973177383956;1.0;0.9999275428035539;0.9998855538404166;1.0;1.0;0.9999987209421874;1.0001906636979647;0.9998950061911192;0.9999755156008692;0.9999975605498775;0.9990726897713594;0.9987875043562454;0.9987851647809747;0.9988992836071822;0.9999925581423494;1.0;1.0;0.9983092815232129;0.9982218338362489;0.9981715005119377;1.0001639513464657;0.9999999999999999;0.9998822413581308;0.9999322718418256;1.0;1.024999976158142;
2016-07-28 18:00:00;0.9999478252700089;1.0;0.9999524187280316;0.9999764141917988;0.9999874486094419;0.9999999999999999;1.0;0.999996132093947;0.9999762184453168;0.999998166431727;0.9999639424816291;0.9999849677497212;0.9999925380980269;0.9999954835827853;0.9999957931122595;0.9999990284138287;0.9999996766005913;0.9999801452662205;1.0;0.9999457102477721;0.9999158316836656;1.0;1.0;0.9999988812631421;1.0001826299672123;0.9999217454695146;0.9999817646084118;0.9999985237750063;0.9990773952268328;0.9988144912838478;0.998840415330634;0.9989790307802184;0.9999946432649821;1.0;0.9999999999999999;0.9984753021418115;0.9983990649716477;0.9983618169381925;1.0001572656771975;0.9999999999999999;0.9999128981802013;0.9999491679154124;1.0;1.024999976158142;
2016-07-28 18:15:00;0.9999834136632192;1.0;0.9999771389386813;0.9999918346153536;0.9999967521740367;1.0;1.0;0.9999954688082318;0.9999875603827876;0.9999983578862884;0.9999829160402948;0.9999860489711633;0.9999987223118473;0.9999954101794548;0.9999961546606861;0.9999991065635393;0.9999996772202034;0.9999955635467063;1.0;0.9999779868335598;0.9999759233315693;1.0;1.0;0.9999993509973705;1.000173125195115;0.9999739070903687;0.9999938846286494;0.9999985992387834;0.9990728075681414;0.9987771367480839;0.9988082315862865;0.9989326388090387;0.9999968463915341;1.0;1.0;0.9983794035142362;0.9983074982917287;0.998271426439536;1.0001491009225945;1.0;0.9999738310537927;0.9999763009468311;1.0;1.024999976158142;
2016-07-28 18:30:00;0.9999893329406322;1.0;0.9999830290713176;0.999994838349327;0.9999978080003903;1.0;1.0;0.9999957165680429;0.9999901147945807;0.9999985046623887;0.9999879836427354;0.9999872804828824;0.999999416378808;0.9999957479303377;0.9999967193890008;0.9999994008880738;0.9999997764124262;0.9999972719707245;1.0;0.9999844046229593;0.9999851672631952;0.9999999999999999;1.0;0.9999996484444948;1.0001722767750445;0.999983215886058;0.999996032252086;0.9999987110426094;0.9990836909194013;0.9987872654611469;0.9988151821032792;0.9989345667630956;0.9999974011468481;1.0;1.0;0.9983758946361342;0.998307595528722;0.998271143493047;1.0001485353956514;1.0;0.9999836582999692;0.9999823996942195;1.0;1.024999976158142;
2016-07-28 18:45:00;0.9999836273408019;1.0;0.9999747818471223;0.99999129968875;0.9999978341691751;1.0;1.0;0.9999950226417961;0.9999871734940264;0.9999979113962341;0.9999803827361878;0.9999878586936527;0.9999993327497189;0.9999945177605053;0.9999948577145558;0.9999986593337243;0.9999995399760535;0.9999972965756249;1.0;0.9999771291288125;0.9999778891574361;0.9999999999999999;1.0;0.9999990492473937;1.0001728590197456;0.9999738897283299;0.9999938959512644;0.9999982877982249;0.9991810912201982;0.9989051109984437;0.9989386937542846;0.9990493316014624;0.9999965408234383;1.0;1.0;0.9985561034180657;0.9984899151021609;0.9984538366587;1.0001485896889322;1.0;0.9999752668195497;0.9999745310774145;1.0;1.024999976158142;
2016-07-28 19:00:00;0.9999741391301833;0.9999999999999999;0.9999615089452808;0.9999879402208603;0.9999968952078322;1.0;1.0;0.9999909224897193;0.9999812209784398;0.9999944193096271;0.9999737919577361;0.9999887953672575;0.9999989872401271;0.9999872243799307;0.9999878891572015;0.9999984101762505;0.9999995835629257;0.9999959622664937;1.0;0.9999673342172822;0.9999674120015053;1.0;1.0;0.9999994279491403;1.0001762948456299;0.9999647439876026;0.9999916039520252;0.9999958145674213;0.999157587729128;0.998891444388492;0.9989299245938755;0.999054397988256;0.9999935586603322;0.9999999999999999;1.0;0.9985826283113755;0.9985191113731506;0.9984826516142218;1.0001510833951592;0.9999999999999999;0.9999651730406939;0.9999622642969246;1.0;1.024999976158142;
2016-07-28 19:15:00;0.9999831738525681;0.9999999999999999;0.9999768670965848;0.9999918933404761;0.9999964929655532;1.0;0.9999999999999999;0.9999951838332167;0.9999871222207548;0.9999982776410101;0.9999830816695143;0.9999900963458114;0.9999986439681099;0.9999951602406518;0.9999961025159019;0.9999991881994978;0.9999997030197788;0.9999952123941196;0.9999999999999999;0.9999776570435891;0.9999754486593404;1.0;1.0;0.9999994359868474;1.0001696495803212;0.9999737245327845;0.9999938288688432;0.9999985241317335;0.9991999786482766;0.9989313332597535;0.9989774940891296;0.9990940525879601;0.9999967293752255;1.0;1.0;0.9986387802726283;0.998584550214216;0.9985548108485616;1.0001461319876286;1.0;0.9999734370509292;0.9999759122657214;1.0;1.024999976158142;
2016-07-28 19:30:00;0.9999836838099823;1.0;0.999975391940193;0.9999919680918875;0.99999669325859;1.0;1.0;0.9999943511812525;0.9999859721195067;0.9999980948476324;0.9999820341836861;0.9999917615282015;0.9999989601918158;0.9999945062334678;0.9999956991859198;0.9999990775384144;0.9999996535612197;0.9999957359513504;1.0;0.9999768592564474;0.9999767811249629;1.0;1.0;0.9999993786990254;1.0001668505281556;0.9999740254051331;0.9999938935797981;0.9999983362532926;0.9993091534555896;0.999048213839311;0.9990845856396673;0.9991737421765243;0.999996432114777;1.0;1.0;0.9987351438702344;0.9986875956108461;0.9986596913532048;1.0001436366525074;0.9999999999999999;0.9999744807914442;0.9999744195969268;1.0;1.024999976158142;
2016-07-28 19:45:00;0.9999131043238136;1.0;0.9999156423800432;0.9999615999970635;0.9999803468621842;1.0;1.0;0.999989853769177;0.9999580893679575;0.999993753304283;0.9999395703432981;0.9999914767017932;0.999988639038747;0.9999859711617949;0.9999870817279406;0.9999983284321705;0.9999995527358697;0.9999691687534531;0.9999999999999999;0.9999089949502172;0.9998645430021257;1.0;1.0;0.9999987134054427;1.0001914516337194;0.999874297326332;0.9999706071273703;0.9999952424941871;0.9994311613627461;0.9991562660821613;0.9991779146641124;0.9992294386755035;0.9999890190231637;1.0;1.0;0.9987782397254953;0.9987305861133849;0.998703706872038;1.000164084776299;0.9999999999999999;0.9998604069663168;0.9999116069536049;1.0;1.024999976158142;
2016-07-28 20:00:00;0.9999213960546034;1.0;0.9999102407519425;0.9999655542455593;0.9999859949501259;0.9999999999999999;1.0;0.999983798144004;0.9999571274150221;0.9999885233254512;0.9999394722440467;0.9999913544089737;0.9999924839814612;0.9999750298725267;0.9999761067769799;0.9999975329727373;0.9999994775009274;0.99997859651763;1.0;0.9999145319800211;0.999888070638138;1.0;1.0;0.9999991874530566;1.000189564942792;0.9998931150898182;0.9999747739146265;0.9999915601637192;0.999450597575678;0.9991639827655309;0.9991636934415936;0.9991918295077028;0.9999859981297826;1.0;0.9999999999999999;0.9986836039260902;0.9986367439313169;0.9986113792735895;1.0001615040215448;1.0;0.999884547774462;0.9999098966637042;1.0;1.024999976158142;
2016-07-28 20:15:00;0.9999773835953758;0.9999999999999999;0.9999674005879103;0.9999900353273663;0.9999967863624755;1.0;1.0;0.9999918605732956;0.9999836918534815;0.9999949378074287;0.9999789401653241;0.9999912985636167;0.9999988730697217;0.9999884440881014;0.9999893399944226;0.9999989128641806;0.9999997491287758;0.9999956849883386;1.0;0.9999722206595497;0.999971141261487;1.0;1.0;0.9999998037451782;1.0001656152235439;0.9999702137323828;0.9999928631954565;0.9999962153963624;0.9995127520119461;0.9992562078455897;0.9993040829298299;0.9993554159091;0.9999942843613271;0.9999999999999999;1.0;0.9989887271434787;0.9989416767465006;0.9989163043436982;1.0001421617678818;1.0;0.9999697065494785;0.999967923550106;0.9999999999999999;1.024999976158142;
2016-07-28 20:30:00;0.9999766949943472;1.0;0.9999703834137447;0.999989376351961;0.999994704750099;0.9999999999999999;1.0;0.9999938493773388;0.9999833971338208;0.9999975840647713;0.9999792286493813;0.9999911540096402;0.999997741006181;0.9999934873187069;0.9999948619539814;0.9999992233145748;0.9999997257714757;0.9999925080288526;0.9999999999999999;0.9999707884948349;0.9999653410682564;1.0;0.9999999999999999;0.9999995260520839;1.0001646969432925;0.9999648853693988;0.9999917291368605;0.9999979824394666;0.9994457770830573;0.9991899156205286;0.9992434006179348;0.9993133577422456;0.9999956751167218;0.9999999999999999;1.0;0.9989431497842309;0.9988959365229761;0.9988709459906193;1.0001418010537773;1.0;0.9999632460951319;0.9999690068604639;0.9999999999999999;1.024999976158142;
2016-07-28 20:45:00;0.9999795191589703;0.9999999999999999;0.999972337368492;0.9999901059865695;0.9999958268812165;1.0;1.0;0.9999944554454492;0.9999848419171223;0.9999979412041364;0.999979629054208;0.9999915257614952;0.999998319633513;0.9999943156754171;0.9999953153522648;0.9999990054444494;0.9999996420128586;0.9999942397802895;1.0;0.9999732039785497;0.9999700884142201;1.0;1.0;0.99999929783637;1.000161415456892;0.9999681245431828;0.9999925187643738;0.9999982527167607;0.9995182552359887;0.9992702593974596;0.9993147732336941;0.999366135739568;0.9999961326297573;0.9999999999999999;1.0;0.9990064501170038;0.9989599945646338;0.9989344620537309;1.000138882786484;0.9999999999999999;0.9999676883340483;0.9999712590930447;1.0;1.024999976158142;
2016-07-28 21:00:00;0.9999716289141646;1.0;0.9999564906108506;0.9999875337217689;0.9999968273803856;1.0;1.0;0.9999884626311722;0.9999787429770106;0.9999924295868073;0.9999724190488655;0.9999918245465034;0.9999991612498204;0.9999830173307815;0.9999840938696362;0.999998426074706;0.999999659520812;0.9999960139010708;0.9999999999999999;0.9999646571080993;0.9999660354296485;1.0;1.0;0.9999998143168597;1.0001667052731285;0.9999640991842431;0.9999913494980468;0.9999943926827467;0.9995508501026585;0.9993093333656352;0.999355960552695;0.999405485832056;0.9999920323399865;0.9999999999999999;0.9999999999999999;0.9990697626453567;0.9990303503220049;0.999012747537767;1.0001425985941426;1.0;0.9999642884909424;0.9999578821730905;1.0;1.024999976158142;
2016-07-28 21:15:00;0.999975551914251;1.0;0.9999700651531614;0.9999889766415317;0.999994293978172;0.9999999999999999;1.0;0.9999939962347303;0.9999832424819106;0.9999976175866204;0.9999790843288924;0.9999917261602003;0.999997457079657;0.9999936142561794;0.9999949963861673;0.9999992848892335;0.99999974836295;0.9999918091018335;0.9999999999999999;0.9999700301932615;0.9999632192330714;1.0;1.0;0.9999995585334069;1.0001614655151758;0.9999633466579336;0.9999913683059143;0.9999980138554302;0.9995708265866562;0.9993370751501297;0.9993818687387849;0.999428361791913;0.9999956694907879;1.0;1.0;0.9991040331357616;0.9990705322979051;0.9990610204380087;1.0001390433675128;0.9999999999999999;0.9999611974207296;0.9999685673519706;1.0;1.024999976158142;
2016-07-28 21:30:00;0.9999784040098616;1.0;0.9999678164576926;0.9999898033374806;0.9999954166064026;1.0;1.0;0.9999921806530181;0.9999814218020425;0.9999971309797387;0.999977420992896;0.9999917687011153;0.9999985387705869;0.9999920335765944;0.9999938229942057;0.9999989638899157;0.9999996203539085;0.9999940333318861;0.9999999999999999;0.9999699043246454;0.9999693884649339;1.0;1.0;0.9999994111010737;1.0001612975679628;0.9999666564507478;0.9999921245200806;0.9999975565345732;0.999546058353861;0.9993041295380879;0.9993517400702916;0.9994014658635963;0.9999950890919375;1.0;1.0;0.9990632817998744;0.9990296002313631;0.9990196763323691;1.0001386842398832;0.9999999999999999;0.9999667412951346;0.9999665637591031;1.0;1.024999976158142;
2016-07-28 21:45:00;0.9999751728822414;1.0;0.9999636911495711;0.9999880045100816;0.9999950223690542;0.9999999999999999;1.0;0.9999917643525968;0.9999795940229123;0.9999969470683707;0.9999738205413892;0.9999918245465034;0.9999983131541308;0.9999915665165983;0.9999932345384797;0.9999986964312312;0.99999952792947;0.999993446034065;0.9999999999999999;0.9999658605966281;0.9999647093711173;1.0;1.0;0.9999991722798376;1.0001625069300208;0.9999613418546776;0.9999908990527826;0.999997405165269;0.9995587089296697;0.9993215261193701;0.9993812998522651;0.9994378328201251;0.9999946528327471;1.0;1.0;0.9991335172657912;0.9991003267110846;0.9990908145675242;1.0001395707246443;1.0;0.9999615548240397;0.9999623942444474;1.0;1.024999976158142;
2016-07-28 22:00:00;0.9999820486549805;0.9999999999999999;0.9999737709009556;0.9999918153979708;0.9999957061721689;1.0;1.0;0.9999933529602353;0.9999842828706461;0.9999977113192888;0.9999821132757528;0.9999923005418703;0.9999985912005644;0.9999934586349805;0.9999952506987182;0.9999993286512364;0.9999997399079538;0.9999943412424162;1.0;0.9999750711194713;0.999974003628906;1.0;1.0;0.999999657132484;1.0001578532683686;0.9999724024210503;0.9999934629739251;0.9999980148116943;0.999574692841598;0.9993474748825549;0.9994165409117134;0.9994786611355163;0.9999959168579573;1.0;1.0;0.999209263677643;0.9991778700203506;0.9991687379668079;1.0001359528945948;0.9999999999999999;0.999971986653419;0.9999724509714418;1.0;1.024999976158142;
2016-07-28 22:15:00;0.9999860387945974;1.0;0.9999752309793556;0.9999933622014872;0.9999959503032465;0.9999999999999999;1.0;0.9999926206321256;0.9999833780902673;0.9999983923449017;0.9999829568331136;0.9999922521444691;0.9999991815363349;0.9999942057599309;0.9999967470112859;0.9999993746582126;0.9999996866772309;0.9999951829307624;0.9999999999999999;0.9999765521090052;0.9999795922240584;1.0;1.0;0.9999996032891053;1.0001593586233528;0.9999761847288207;0.9999943634031657;0.9999983536998541;0.999542923522918;0.9993011338592691;0.9993829944674547;0.9994530365129243;0.9999961557132664;1.0;1.0;0.9991772719964788;0.9991454327011495;0.9991359201281482;1.000137354038433;1.0;0.9999770974422911;0.9999733227802836;1.0;1.024999976158142;
2016-07-28 22:30:00;0.9999510710551279;1.0;0.9999344789946355;0.999973606956837;0.999991522746918;1.0;1.0;0.9999905297337748;0.9999662749174271;0.9999975928320924;0.9999453881008363;0.999992024946085;0.9999962230098064;0.9999921245922757;0.9999927195092866;0.9999965271220442;0.9999986837200271;0.9999881767695117;1.0;0.9999345942985194;0.9999270902522962;1.0;0.9999999999999999;0.999996826532788;1.000173555733085;0.9999176236422628;0.999980948316646;0.9999976402188253;0.9995483114098418;0.9993013330163011;0.9993793979165349;0.9994466676798468;0.9999926158519293;1.0;0.9999999999999999;0.9991629438290477;0.999130679305622;0.9991215476833821;1.0001480542730166;0.9999999999999999;0.9999191361005593;0.9999318487762135;1.0;1.024999976158142;
2016-07-28 22:45:00;0.9999449899461326;0.9999999999999999;0.9999178493957981;0.9999681488609011;0.9999921449083901;1.0;1.0;0.999987649954613;0.9999579362833889;0.9999973949497967;0.9999291555419688;0.9999921001425675;0.9999971338678495;0.999990527113743;0.9999908301677431;0.9999948227374135;0.9999980247319983;0.9999899144205595;1.0;0.999920437557605;0.9999204177384472;1.0;0.9999999999999999;0.9999953271504143;1.0001690703271235;0.9999028973474337;0.9999776268550113;0.999997259457498;0.9996030458685135;0.9993817456462312;0.9994393428170715;0.9994937666698711;0.9999910058984154;0.9999999999999999;1.0;0.9992243130094032;0.9991922847521721;0.9991831525668852;1.0001432772937937;1.0;0.9999090332140869;0.9999151506541613;1.0;1.024999976158142;
2016-07-28 23:00:00;0.9999524551363603;0.9999999999999999;0.999934177557348;0.9999735376461533;0.9999937200739396;1.0;1.0;0.9999909403348798;0.9999683920123461;0.9999967726694049;0.9999441984447099;0.9999924718957156;0.9999971390502564;0.999991014745294;0.9999904607493524;0.9999959672198773;0.9999985586874466;0.9999913315953031;1.0;0.9999366023990389;0.9999319129370258;1.0;1.0;0.9999965232916839;1.0001714448344026;0.9999206794852467;0.9999816773190748;0.9999971866789885;0.9995998048412087;0.9993735380646628;0.9994254373798457;0.9994753493517857;0.9999925406217567;1.0;0.9999999999999999;0.9991874199908322;0.9991556663774918;0.9991453604069513;1.0001458441438897;1.0;0.9999238043323733;0.9999329613563416;1.0;1.024999976158142;
2016-07-28 23:15:00;0.9999763944056349;1.0;0.9999626606646353;0.9999883164742118;0.9999946270797022;1.0;0.9999999999999999;0.9999908386359053;0.9999774934320066;0.9999974974623561;0.9999728096118425;0.9999925702815369;0.9999985107595024;0.99999201865335;0.999994420402688;0.9999986893172719;0.9999994603073078;0.9999932621514224;1.0;0.9999645460225347;0.9999658897729001;1.0;1.0;0.9999990680174529;1.0001577498107694;0.9999610776866605;0.999990850055706;0.9999976490260739;0.9996327999776022;0.9994305053643427;0.9994884401256361;0.9995429972590765;0.999994591415703;1.0;1.0;0.9993067307074693;0.9992755775922887;0.9992656512498689;1.0001355153687377;1.0;0.9999621299348112;0.999960642579851;0.9999999999999999;1.024999976158142;
2016-07-28 23:30:00;0.9999513850957373;1.0;0.9999275165747251;0.999972414668491;0.9999923754396424;1.0;1.0;0.9999882627481609;0.9999619192246983;0.9999974619361995;0.9999386756448745;0.9999923408529807;0.9999972799923644;0.9999909227780555;0.9999919294166716;0.9999957560346173;0.9999983581624042;0.9999901755962055;1.0;0.9999295991227312;0.9999292778002157;1.0;1.0;0.9999961695789736;1.0001693532746934;0.9999147995951324;0.9999803359326243;0.9999973411175731;0.9996447895472425;0.9994417509346463;0.9994837304491977;0.9995285420878651;0.9999917934976174;1.0;1.0;0.9992692794912735;0.9992374018277389;0.9992274758645397;1.0001440051408714;0.9999999999999999;0.999919567153864;0.9999247862348555;1.0;1.024999976158142;
2016-07-28 23:45:00;0.9999652264823433;1.0;0.9999534067591778;0.9999809717229741;0.9999951865771215;0.9999999999999999;0.9999999999999999;0.9999938300769123;0.999977777099087;0.9999976836332881;0.9999607511026037;0.9999923408529806;0.9999976767980759;0.9999936738665991;0.9999931861881642;0.9999972358644279;0.9999990230160084;0.9999931858332801;1.0;0.999954767325384;0.999949811197016;1.0;1.0;0.9999976191384875;1.0001612546033032;0.9999427369699018;0.9999867578059298;0.9999980232903429;0.9996643445062436;0.9994681896938692;0.9994997784054371;0.9995355983044447;0.9999947089147748;1.0;1.0;0.9992690201415052;0.9992374597954603;0.9992279463462956;1.0001377849164674;1.0;0.9999442893991182;0.9999525219588192;1.0;1.024999976158142;
2016-07-29 00:00:00;0.9999778888007895;1.0;0.9999617341346113;0.9999895070505013;0.999993381739626;1.0;1.0;0.9999887633905233;0.9999741171582917;0.9999977489219536;0.9999735426327632;0.9999925702815368;0.9999985308166527;0.9999915113838294;0.9999955360707151;0.999999083123857;0.999999519291906;0.999991995340272;1.0;0.9999632007305748;0.9999670741368609;0.9999999999999999;1.0;0.9999993725404275;1.0001582593299227;0.999962016334836;0.9999910310935779;0.9999976021046049;0.9996582453297527;0.9994621582092229;0.9995041115424999;0.9995467223371816;0.9999941623943646;1.0;1.0;0.9992968508126295;0.9992666256040159;0.9992579052645886;1.0001362022310532;1.0;0.999963159316463;0.9999585392363364;1.0;1.024999976158142;
2016-07-29 00:15:00;0.999984045063697;1.0;0.9999739693362214;0.9999924667114978;0.9999952357873122;1.0;1.0;0.9999927250778509;0.9999825768971411;0.9999986017945255;0.9999818501183861;0.999992770681015;0.9999987598956066;0.9999945864688788;0.9999971935342453;0.9999993947295597;0.9999996814376982;0.9999940531830421;1.0;0.9999745294957996;0.9999758355136192;1.0;1.0;0.9999995547488503;1.000153768715465;0.999972832095971;0.9999935914637806;0.9999984872894875;0.999623901277301;0.9994280798601516;0.9994524121194023;0.9994916839611391;0.9999961219138996;1.0;1.0;0.9991997348198486;0.999169219152963;0.999159293867059;1.0001325533732814;1.0;0.9999732107499059;0.9999717369647817;1.0;1.024999976158142;
2016-07-29 00:30:00;0.9999832662572757;1.0;0.9999731440902244;0.9999919986781965;0.999995126714083;1.0;1.0;0.9999927593372534;0.9999822390102372;0.9999986478945722;0.999980987655544;0.9999925702815367;0.9999986786984859;0.9999946729137755;0.9999972147846012;0.9999993267930051;0.9999996555682013;0.9999938736382773;1.0;0.9999735970334473;0.9999745857060985;1.0;1.0;0.9999994760359734;1.0001532573487795;0.9999714242355592;0.999993271172978;0.9999985182079264;0.9996439108713294;0.9994608888635148;0.9994801720979629;0.9995180801535896;0.9999960818171285;1.0;1.0;0.9992421975112997;0.9992113637091466;0.9992018505084355;1.0001320792199457;0.9999999999999999;0.9999718165020349;0.9999708751410323;1.0;1.024999976158142;
2016-07-29 00:45:00;0.9999851260070673;1.0;0.999977743656815;0.9999923837557675;0.9999959286397844;1.0;1.0;0.9999951041077184;0.9999858254177835;0.9999995485588766;0.9999828234887818;0.9999925144520914;0.9999986874615482;0.9999971283928695;0.9999987625475627;0.999999245782657;0.9999996301932177;0.999994715385096;1.0;0.9999772303945095;0.9999766720630623;1.0;1.0;0.9999992474067129;1.000150490921918;0.9999735320432837;0.9999938313441513;0.9999992750594211;0.9996512087578752;0.9994744454752532;0.9994966431920861;0.9995370287579719;0.999997209180697;1.0;1.0;0.9992770942402753;0.9992463762249338;0.9992372435452741;1.000129727963556;1.0;0.9999739495929522;0.9999757459693607;1.0;1.024999976158142;
2016-07-29 01:00:00;0.9999898801200093;1.0;0.9999870381138579;0.9999954084351077;0.9999967587240105;1.0;1.0;0.9999970799524164;0.999991363838432;0.9999996712374115;0.9999908021407712;0.9999927148355633;0.9999987413711222;0.9999981911192322;0.9999994030379911;0.9999998225849976;0.9999998787540624;0.9999955255594348;1.0;0.9999860474109907;0.9999834874454937;1.0;1.0;0.999999787461807;1.0001436286723007;0.9999831718726331;0.999996049730592;0.9999995345234458;0.9997284747640073;0.9995870456784813;0.9995850561510002;0.9996094609549889;0.9999982650007914;1.0;1.0;0.9993768324917189;0.9993464525998522;0.9993369381129988;1.000124100131217;1.0;0.9999822810403636;0.9999855941488792;1.0;1.024999976158142;
2016-07-29 01:15:00;0.9999902901323515;0.9999999999999999;0.9999871806367396;0.9999952818292336;0.9999976163978467;0.9999999999999999;1.0;0.9999974967517689;0.9999924707944723;0.9999994429736848;0.9999903615786101;0.9999928458783842;0.9999990431225771;0.9999980170307846;0.999998676995074;0.9999995959304343;0.9999998279794634;0.9999967049568718;1.0;0.9999869239171543;0.999985042724148;1.0;1.0;0.9999996414038762;1.0001428402077306;0.9999841154726541;0.9999962832863347;0.9999994366696547;0.9997753419032648;0.9996374762754179;0.9996106080201191;0.9996113750763141;0.9999983325385362;1.0;1.0;0.999348409322513;0.9993181273950011;0.9993082006299114;1.0001232722371145;1.0;0.9999837746940167;0.9999862972854251;0.9999999999999999;1.024999976158142;
2016-07-29 01:30:00;0.999985746272186;1.0;0.9999825825524167;0.9999928440979385;0.9999973276926158;1.0;1.0;0.9999975168593971;0.99999120349318;0.9999990681837919;0.999986214696441;0.9999927416516198;0.9999986742146892;0.9999974390545535;0.9999975630569226;0.9999992392793428;0.9999997309092368;0.9999960869423373;1.0;0.9999824659024714;0.9999786433669158;1.0;1.0;0.9999993520608891;1.0001430573163013;0.9999774625881441;0.99999475320441;0.9999992134293535;0.9997870207652299;0.9996548866549454;0.9996220195804774;0.9996194845006423;0.9999978851029316;1.0;0.9999999999999999;0.999357483999482;0.9993265789659793;0.9993162712325303;1.000123232676856;1.0;0.9999769610387276;0.9999819483982795;1.0;1.024999976158142;
2016-07-29 01:45:00;0.9999897337464674;1.0;0.9999861705605231;0.9999948889410287;0.9999981679935782;1.0;1.0;0.9999974762219295;0.9999928171603476;0.9999989681331779;0.9999894973488155;0.999992541251997;0.9999992261787516;0.9999972594782376;0.9999975220271269;0.9999994082240395;0.9999997959580138;0.9999974496141902;1.0;0.9999867491933694;0.9999852245594038;1.0;1.0;0.9999995695417102;1.000139835553635;0.9999840088824371;0.9999962549494219;0.9999991513035529;0.9998259327604381;0.9997126555208768;0.9996528960156271;0.9996342796100182;0.9999981293351402;1.0;1.0;0.9993606365284402;0.9993293901630819;0.999319463286113;1.0001205250246512;1.0;0.9999839620581492;0.9999857990100695;1.0;1.024999976158142;
2016-07-29 02:00:00;0.999994482251631;1.0;0.999990784369582;0.9999970575886383;0.9999988957426014;1.0;1.0;0.9999978770832187;0.999994598416739;0.9999994896586865;0.9999929096835681;0.999992616449327;0.9999997460757755;0.9999982567780301;0.9999987216495346;0.9999995834860689;0.9999998313438466;0.999998682978027;1.0;0.9999913440889768;0.9999921516096;1.0;1.0;0.9999996728863663;1.0001384237087225;0.9999904834589136;0.9999977745649041;0.9999995007104815;0.9998213636223722;0.9997080959308371;0.9996461751878574;0.9996270274006487;0.9999987490146456;1.0;0.9999999999999999;0.9993477474699233;0.9993170571217085;0.9993075429147209;1.0001194486186422;1.0;0.9999910685940224;0.9999903419917301;1.0;1.024999976158142;
2016-07-29 02:15:00;0.9999928043741512;0.9999999999999999;0.9999904016072124;0.9999965203417942;0.999998255407686;1.0;1.0;0.9999980754390438;0.9999943805561246;0.9999995300189118;0.999992849087181;0.9999927416516197;0.9999993117050942;0.9999984092731979;0.9999989039856684;0.9999996988882517;0.9999998741655636;0.9999975983515067;1.0;0.9999903028344205;0.9999890050975668;1.0;1.0;0.9999997451462234;1.000138260090863;0.9999883193474128;0.9999972642228311;0.9999995430272273;0.9998189583335689;0.9997061819950656;0.9996477289083164;0.9996313565706052;0.9999987255808966;0.9999999999999999;0.9999999999999999;0.9993586738505501;0.9993289894170725;0.9993202685334124;1.0001193715794434;1.0;0.9999880818387129;0.9999897742538564;1.0;1.024999976158142;
2016-07-29 02:30:00;0.999989697555468;1.0;0.9999862502152412;0.9999944053833704;0.999998128822189;1.0;1.0;0.9999980840520984;0.9999928333785862;0.9999996384821296;0.9999884206999416;0.9999925970975814;0.9999991724668733;0.9999985870196096;0.9999987033454687;0.9999992692651628;0.999999717017864;0.9999973921215325;1.0;0.999986119310103;0.9999844558647067;1.0;0.9999999999999999;0.9999993087825454;1.000139460170109;0.9999824080312292;0.9999959324436921;0.9999996072588507;0.9998417014118054;0.9997357089385059;0.9996782646239937;0.9996608792499395;0.9999984996975276;1.0;1.0;0.9994069551966629;0.9993762009024941;0.9993666861324157;1.00012019414712;1.0;0.9999827270004932;0.9999856110359857;1.0;1.024999976158142;
2016-07-29 02:45:00;0.9999937419808698;1.0;0.9999895715876846;0.9999967625451773;0.9999986263406395;1.0;1.0;0.9999974648415825;0.9999937088483345;0.9999993923541305;0.9999921841025167;0.9999925144520913;0.9999996767129431;0.9999979194367546;0.9999985532334185;0.9999995804506598;0.9999998255782824;0.9999983431040423;1.0;0.9999901649689383;0.9999910237816693;1.0;1.0;0.9999996811351787;1.0001372971969884;0.9999893097184184;0.9999974925980967;0.9999994045861704;0.9998459827905205;0.9997418270431767;0.9996846121294684;0.9996667862066787;0.999998535571042;0.9999999999999999;1.0;0.999416237649628;0.999384905003693;0.9993749775752654;1.0001184643033683;1.0;0.9999898567481518;0.9999890085922459;1.0;1.024999976158142;
2016-07-29 03:00:00;0.9999923786819203;1.0;0.9999880620065111;0.9999961294938277;0.9999984254328511;1.0;1.0;0.9999972623192525;0.9999930645093842;0.9999992180652006;0.9999910814002295;0.9999924160502779;0.9999995509865018;0.9999975553712426;0.9999981549446518;0.9999995194144887;0.9999998109771661;0.9999980211699542;1.0;0.9999887251608262;0.9999890897500778;1.0;1.0;0.9999996473176767;1.0001383488752102;0.9999874212564133;0.999997048569421;0.9999992815665208;0.9998391166266117;0.9997321786718554;0.9996537609472309;0.9996240068627208;0.9999983215361189;1.0;1.0;0.9993284406919463;0.9992967994155381;0.9992868728623105;1.000119324592537;1.0;0.9999878457101392;0.9999875172296648;1.0;1.024999976158142;
2016-07-29 03:15:00;0.9999904454454774;1.0;0.9999847342886917;0.9999951644628385;0.9999981109590771;1.0;1.0;0.9999963976514343;0.9999912016386538;0.9999988725057639;0.9999887122228516;0.9999926454788731;0.9999994975449654;0.9999966289653821;0.9999973883388992;0.9999993795602815;0.9999997622353762;0.9999976637463229;1.0;0.9999858105714758;0.9999865758434445;1.0;0.9999999999999999;0.9999995710967767;1.000138796590384;0.9999844173796059;0.9999963355510542;0.9999989942522565;0.999853318337769;0.9997521123838178;0.999674557579212;0.9996449701533637;0.9999977973216677;1.0;1.0;0.9993638244292133;0.9993335181392823;0.9993243846631833;1.0001196061760977;1.0;0.9999850295717414;0.99998413235179;1.0;1.024999976158142;
2016-07-29 03:30:00;0.9999922689605689;1.0;0.9999878533332869;0.9999958001913878;0.9999984873318114;1.0;1.0;0.9999975424913289;0.9999930624537064;0.9999994953229466;0.9999903007803501;0.9999937436167811;0.9999995593324109;0.9999981188409525;0.9999985942611167;0.9999994115036117;0.9999997614792758;0.9999981121548058;1.0;0.9999882911065978;0.9999887194173532;1.0;1.0;0.9999994931685321;1.0001388976992673;0.9999865131843081;0.9999968617164278;0.999999472301692;0.9998320387336803;0.9997242522310305;0.999659465956798;0.9996389948601754;0.9999984726797561;1.0;1.0;0.9993660461527508;0.9993386048331804;0.999328677864677;1.0001197699444935;0.9999999999999999;0.9999872081281197;0.9999872394325503;1.0;1.024999976158142;
2016-07-29 03:45:00;0.9999933890166148;0.9999999999999999;0.9999896212036306;0.9999965997480009;0.9999982160293606;1.0;1.0;0.9999975832943813;0.9999933689380615;0.999999713313383;0.9999920734432114;0.9999968575294377;0.9999994834216239;0.9999984797164553;0.9999992629904327;0.9999996412008892;0.9999998270535413;0.9999977412989158;1.0;0.9999895967587153;0.9999898071634166;1.0;1.0;0.9999996625069721;1.000136617317834;0.9999882168120754;0.9999972489017401;0.9999996066006304;0.9998480821352774;0.9997467012847795;0.9997003984496793;0.9996896665406753;0.9999986525942621;1.0;1.0;0.9994641153733728;0.9994471396904425;0.9994380051758915;1.0001179416161023;1.0;0.9999885463700973;0.999988742997422;1.0;1.024999976158142;
2016-07-29 04:00:00;0.9999942048112926;1.0;0.9999903933567451;0.9999970773320811;0.9999983525572628;1.0;1.0;0.9999975199418493;0.9999936731158495;0.9999996499834023;0.9999928990833101;0.9999966571446046;0.9999995841415067;0.9999983503495243;0.9999991952659182;0.9999997007548385;0.9999998505948304;0.999997968203354;1.0;0.9999905271543386;0.9999911623150952;1.0;1.0;0.9999997386493463;1.0001365038231826;0.9999896840348437;0.9999975810688589;0.9999995634215946;0.9998516139867043;0.9997518947170231;0.999697831202667;0.9996825520646319;0.999998674672926;1.0;0.9999999999999999;0.9994461245662976;0.9994288323289515;0.9994201105739883;1.0001178686587895;1.0;0.9999900382671894;0.9999895669873885;0.9999999999999999;1.024999976158142;
2016-07-29 04:15:00;0.9999919277728238;1.0;0.9999879481819689;0.999995978854069;0.99999840541819;1.0;0.9999999999999999;0.9999973460352669;0.9999932179029112;0.9999991100285671;0.9999910722434863;0.9999968113769107;0.9999994823616472;0.9999974229334165;0.9999979337585434;0.9999995240399477;0.9999998225826701;0.9999979291238308;1.0;0.9999886330834699;0.9999884888288538;1.0;1.0;0.999999666927562;1.000137249174338;0.9999870881976168;0.9999969660235983;0.9999992245611996;0.9998535432144722;0.9997536551952829;0.9997058003302051;0.9996937849030523;0.9999982860521546;1.0;1.0;0.9994693503808219;0.9994519349045534;0.9994424194134338;1.0001183636100526;1.0;0.9999873295304381;0.9999874911198646;0.9999999999999999;1.024999976158142;
2016-07-29 04:30:00;0.9999898317325954;1.0;0.9999850439101599;0.9999948048728331;0.9999985029520474;1.0;1.0;0.999997028432482;0.9999923700200649;0.9999986753584457;0.9999886616123526;0.9999969827322585;0.9999994710474084;0.9999965985336308;0.9999968336867343;0.9999992797015913;0.9999997594166399;0.9999980358301839;1.0;0.9999863277667829;0.9999860902100869;1.0;1.0;0.9999995171566946;1.0001382584882534;0.9999842303944362;0.999996299295847;0.9999989349172921;0.9998446024259586;0.9997417094246058;0.9996849259942616;0.9996685039493062;0.9999978879820097;0.9999999999999999;1.0;0.9994209639771438;0.9994043849925839;0.9993952508687924;1.0001190635066421;1.0;0.9999846893038614;0.9999848756042689;1.0;1.024999976158142;
2016-07-29 04:45:00;0.9999927160156292;1.0;0.9999885164387752;0.9999961024654783;0.9999990876734274;1.0;0.9999999999999999;0.9999976889856085;0.9999941764808553;0.9999990212395288;0.9999910759879876;0.9999968575294377;0.9999997520882337;0.999997435384165;0.9999975759007063;0.999999376155899;0.9999997872238908;0.999998894817788;1.0;0.9999897042882452;0.9999902987459848;0.9999999999999999;1.0;0.9999995666801865;1.000137129608524;0.9999883862742437;0.9999972818004438;0.9999992033462504;0.9998431995798224;0.9997416860659348;0.9996811430323143;0.999663263363299;0.9999984074679377;1.0;1.0;0.9994102022259663;0.9993932274587389;0.9993840934369225;1.0001181713462153;1.0;0.999989099821039;0.9999884388372481;1.0;1.024999976158142;
2016-07-29 05:00:00;0.9999948047346645;1.0;0.9999919087457682;0.99999752900943;0.9999984642407299;0.9999999999999999;0.9999999999999999;0.9999978740091472;0.9999946534002154;0.9999996240614137;0.9999942581712963;0.9999967555312279;0.9999995570188988;0.9999984670056483;0.9999992174723583;0.9999998056575968;0.9999998989498057;0.9999980385050097;1.0;0.9999919599928577;0.9999920250678954;1.0;1.0;0.999999843054166;1.0001387861077968;0.999991156714271;0.9999979167007367;0.9999995807995474;0.9998119215233525;0.9996925362216995;0.9996319365926455;0.9996128056548971;0.9999988350878215;1.0;0.9999999999999999;0.9993239533745092;0.9993057539643178;0.9992954464456721;1.0001198933796147;1.0;0.99999119701856;0.9999912020921173;1.0;1.024999976158142;
2016-07-29 05:15:00;0.9999896046706436;1.0;0.9999843574986368;0.9999949336095353;0.9999970046656351;1.0;1.0;0.9999962012356634;0.9999898106999872;0.9999994508788084;0.9999885282383927;0.999996666821805;0.9999990631104101;0.9999974530812946;0.9999987817373626;0.9999995766398485;0.9999997840102028;0.9999961162618783;0.9999999999999999;0.9999841774387208;0.9999838220962819;1.0;1.0;0.9999996139534643;1.0001384349301694;0.9999820588365189;0.9999957940655255;0.9999993213766275;0.9998436149891248;0.9997394425097528;0.9996795621796737;0.9996609746884344;0.9999978688758911;0.9999999999999999;0.9999999999999999;0.9994054402335819;0.9993872504191783;0.9993773229674522;1.0001194592762925;0.9999999999999999;0.9999821199286059;0.9999829545660563;0.9999999999999999;1.024999976158142;
2016-07-29 05:30:00;0.9999922561814609;1.0;0.9999882089760499;0.999995508333698;0.999999141951841;1.0;1.0;0.9999982074092629;0.9999942815400353;0.99999940899766;0.9999899335992395;0.9999919623728788;0.9999997008380251;0.9999982779285155;0.999998171135978;0.9999992206811974;0.9999997201508155;0.9999989291872141;1.0;0.9999890003562228;0.9999892748588435;1.0;1.0;0.9999993450457104;1.0001392688434232;0.9999867540778876;0.9999969390047216;0.9999994824163004;0.9998307103688033;0.9997221809008568;0.999660210443837;0.9996414103976549;0.9999986371236534;1.0;1.0;0.9993723342119687;0.9993392406425111;0.9993293136676923;1.0001199777312506;1.0;0.9999877294847587;0.999988059120821;1.0;1.024999976158142;
2016-07-29 05:45:00;0.9999922199851566;1.0;0.9999867223448565;0.9999960512329947;0.9999984675844236;1.0;0.9999999999999999;0.9999966152504753;0.9999921947566826;0.9999989433199513;0.9999903269101844;0.9999739207709755;0.9999996787538971;0.9999968362550096;0.9999975973126288;0.9999994645018148;0.9999997929701694;0.9999982042612295;1.0;0.9999879069698745;0.999989321785946;1.0;1.0;0.9999996448738874;1.0001450319909528;0.9999872436756855;0.9999969931380005;0.9999990570218168;0.999800523221958;0.9996727941641605;0.9995779330045563;0.9995387549825896;0.9999980185282314;1.0;1.0;0.9991728186871617;0.9990831848149945;0.9990740536268335;1.0001250491758682;1.0;0.9999879735517663;0.9999862143729732;1.0;1.024999976158142;
2016-07-29 06:00:00;0.9999916843944663;1.0;0.99998868085401;0.9999959459863658;0.9999980965813097;0.9999999999999999;1.0;0.9999977118286606;0.9999934896005248;0.9999993691915924;0.9999915561982565;0.9999726191329572;0.9999992487209789;0.9999979949324198;0.9999985239162734;0.9999996148099988;0.9999998460196678;0.9999973981108992;1.0;0.9999887538664154;0.999987501817975;1.0;1.0;0.999999684267851;1.0001440777631962;0.9999865806122654;0.9999968551859016;0.9999994130692317;0.9997919323232852;0.9996621835653079;0.9995630177198547;0.9995220850914313;0.9999984769618088;1.0;1.0;0.9991423860034736;0.999049257436281;0.9990409197745697;1.0001243436576572;1.0;0.9999864159555647;0.9999880376543009;0.9999999999999999;1.024999976158142;
2016-07-29 06:15:00;0.9999932243198966;1.0;0.9999885660396204;0.9999965464720914;0.999998304314223;0.9999999999999999;0.9999999999999999;0.9999970754549362;0.9999927801167254;0.9999994156407928;0.9999915443805263;0.9999563844514265;0.9999995681958174;0.9999977841797559;0.9999986487871809;0.9999995933082189;0.9999998172579885;0.999997949046231;1.0;0.9999890536258678;0.9999900556163097;1.0;1.0;0.9999996620794626;1.000148305510449;0.9999882165815708;0.9999972329615776;0.9999993820305793;0.999752770808814;0.9996111465414173;0.9995023277410549;0.9994598547133315;0.9999983848013871;1.0;0.9999999999999999;0.9990359806469234;0.9988908355173308;0.9988817060871592;1.000127995639407;1.0;0.999988760172432;0.999987789069258;1.0;1.024999976158142;
2016-07-29 06:30:00;0.9999921529764119;1.0;0.9999882046659527;0.9999956419800661;0.9999985827938711;0.9999999999999999;0.9999999999999999;0.9999979339653933;0.9999935352143422;0.9999996147146096;0.9999902393386093;0.9999573676741408;0.9999994882016345;0.9999984805791877;0.9999987619366363;0.9999993692045419;0.9999997494013544;0.9999981785309106;1.0;0.9999884801921602;0.9999884507625197;1.0;1.0;0.9999994143821163;1.0001490597941047;0.9999862400592802;0.999996812214924;0.9999995799682684;0.9997377097795775;0.9995921477019624;0.9994774350230503;0.9994332032307539;0.9999986196033126;0.9999999999999999;1.0;0.9989889469734577;0.9988469304360059;0.9988378014071079;1.0001285463208336;1.0;0.9999869127889232;0.9999876511972843;0.9999999999999999;1.024999976158142;
2016-07-29 06:45:00;0.9999896597072649;1.0;0.9999850547491197;0.9999948940412934;0.9999985457074899;1.0;1.0;0.9999969222563945;0.9999925472913285;0.9999984049525548;0.9999890458913933;0.9999668609920487;0.9999994410910447;0.9999961278903144;0.9999963367187471;0.9999993207113995;0.9999997897472721;0.9999980586722764;1.0;0.9999865865841967;0.9999861214916466;1.0;1.0;0.9999995956310647;1.000149698450294;0.9999846637379536;0.9999963849080129;0.9999987630602271;0.9997333235033611;0.9995806963990622;0.9994960119436737;0.9994670094856335;0.9999977756973422;1.0;1.0;0.9990661852301119;0.9989511747484363;0.9989380793886459;1.0001289516930858;1.0;0.999984921361005;0.9999850396869224;0.9999999999999999;1.024999976158142;
2016-07-29 07:00:00;0.9999806300500331;1.0;0.9999709477067832;0.9999912963637115;0.9999967951932367;1.0;1.0;0.9999925265637613;0.9999845084558848;0.9999960637474656;0.9999808658143825;0.999965244270658;0.9999989891021142;0.9999905040594662;0.9999917020272051;0.9999990542511689;0.9999997377449613;0.9999958470585377;1.0;0.9999746754722764;0.999974665952507;1.0;1.0;0.9999997231439911;1.0001593195757625;0.9999730949915662;0.9999935747125714;0.9999969522567428;0.9995269236890443;0.9993774872523347;0.9992971261994528;0.999321478021372;0.9999950557289806;1.0;0.9999999999999999;0.9988933264502704;0.9987731876959359;0.9987600946693973;1.0001369069460786;1.0;0.9999730130068001;0.9999708740388742;1.0;1.024999976158142;
2016-07-29 07:15:00;0.999965000888033;0.9999999999999999;0.9999462980061142;0.999984256339172;0.9999970799249286;1.0;1.0;0.9999863674910551;0.9999751493851283;0.999990338848351;0.999965279682443;0.9999609118350561;0.9999992143714266;0.9999788194993746;0.9999794139210707;0.9999977770049596;0.9999995211789289;0.9999963937836598;1.0;0.9999571852750196;0.9999592158473025;1.0;1.0;0.9999995692552779;1.0001708301475019;0.9999562615698545;0.9999894841860412;0.999992942066573;0.9994521754329567;0.999281795078318;0.9991759624078724;0.9991948809432405;0.9999902386869417;1.0;1.0;0.9986736929602147;0.9984795271770008;0.9983879873149295;1.000145611334624;1.0;0.9999570187462382;0.9999487240953293;1.0;1.024999976158142;
2016-07-29 07:30:00;0.9999789673620125;1.0;0.9999715297297702;0.9999900296388289;0.9999983147837985;1.0;1.0;0.9999945303425798;0.9999881364632146;0.999995502318333;0.9999799796331118;0.9999664659330222;0.9999990686864553;0.9999905086957767;0.9999899350724142;0.9999986010454316;0.9999996769454065;0.9999974861144812;0.9999999999999999;0.9999761385366082;0.9999737878719389;1.0;1.0;0.9999994256843532;1.0001651094303416;0.9999724484581619;0.9999934587863164;0.9999968027543772;0.9993421798807938;0.9991613435089914;0.9990414936494524;0.9990708828695418;0.9999953685625307;1.0;0.9999999999999999;0.9984800399567431;0.9982849620263796;0.9981693551147385;1.0001416057262735;1.0;0.9999723616415795;0.9999729010564293;1.0;1.024999976158142;
2016-07-29 07:45:00;0.9999808568995583;0.9999999999999999;0.9999788881452197;0.9999910564004717;0.9999958640099069;1.0;1.0;0.9999970184148477;0.9999891527237088;0.9999987004881973;0.9999841957939268;0.9999504162643414;0.999997766314535;0.9999966441514645;0.9999969818243143;0.9999993549032828;0.999999782738473;0.9999937545393323;0.9999999999999999;0.9999780393105437;0.9999706175255629;1.0;1.0;0.9999994417883409;1.0001678955968063;0.9999710152755317;0.9999932214385893;0.9999989461691119;0.9992718990798701;0.999068645816955;0.9989224381111372;0.9989421464134822;0.9999973082453253;1.0;1.0;0.9982515214783332;0.9980029543247512;0.9978837993593909;1.00014473954563;1.0;0.9999690610494152;0.9999779161562786;1.0;1.024999976158142;
2016-07-29 08:00:00;0.9999866595187195;1.0;0.9999830502369245;0.9999939908233578;0.9999971687970938;1.0;1.0;0.9999964402765695;0.9999907985991496;0.9999983624239275;0.9999883181232244;0.9999465687980766;0.9999987139627865;0.999995844864798;0.9999965073827976;0.9999995419712808;0.9999998561836099;0.9999959694329993;1.0;0.9999836568170921;0.9999805885442158;1.0;1.0;0.9999997434408069;1.0001697706402195;0.999980495846548;0.9999953896297976;0.9999986935430144;0.9992401474915763;0.9990308605470245;0.998875920050767;0.9988952425287697;0.9999974301382727;1.0;1.0;0.9981734479823965;0.997902116151983;0.9977691556570247;1.0001464245282956;1.0;0.9999795307972854;0.99998249053371;0.9999999999999999;1.024999976158142;
2016-07-29 08:15:00;0.9999898353621879;0.9999999999999999;0.9999854189498673;0.99999520242994;0.9999984060389613;1.0;1.0;0.9999967405415741;0.9999925223005218;0.9999982913307109;0.9999897859648084;0.9999508554937788;0.9999993691694609;0.9999958653294801;0.9999962277251059;0.9999994341956647;0.9999998323485287;0.999997860836371;1.0;0.9999869596414385;0.9999863483157057;1.0;0.9999999999999999;0.9999997051919063;1.0001781898416975;0.9999853492522028;0.9999965281710415;0.9999986791787187;0.9989907096347491;0.998702253543767;0.9986398537010406;0.9987331136661977;0.9999977067498464;1.0;1.0;0.9980031828528433;0.9977569726832721;0.9976390316749176;1.0001536388274905;1.0;0.9999853483215835;0.9999853673404893;1.0;1.024999976158142;
2016-07-29 08:30:00;0.9999795339657639;1.0;0.9999762664530586;0.9999895882918003;0.9999967531139456;1.0;1.0;0.9999974055787675;0.9999891879802602;0.9999985880970546;0.9999806778294553;0.9999404233492959;0.9999980448888404;0.9999966411528892;0.9999961765499935;0.9999988041954214;0.9999996099829394;0.9999950067230409;1.0;0.9999762171868399;0.9999697200963145;1.0;1.0;0.9999989585757214;1.0001751824782044;0.9999682971018612;0.9999926368445191;0.9999989137886732;0.9991655901579584;0.9989365753061079;0.9988091399845229;0.9988530708323656;0.999997244989497;1.0;1.0;0.9981357125587754;0.9978743509771624;0.9977796226482;1.0001507371340994;1.0;0.9999674811549358;0.9999758500195522;0.9999999999999999;1.024999976158142;
2016-07-29 08:45:00;0.9999817945912556;1.0;0.9999710991674042;0.9999897496222222;0.9999979249668549;1.0;1.0;0.999994737199525;0.999985542918772;0.9999980251885489;0.9999764185625026;0.9999308516022906;0.9999993338143318;0.9999945748299508;0.999994711662666;0.9999982428771894;0.9999993784384165;0.9999975390492307;0.9999999999999999;0.9999737000467266;0.9999754471121048;1.0;1.0;0.999998591032958;1.0001866313785188;0.9999696598280858;0.9999929512414019;0.9999983269555521;0.9990197156746604;0.9987210964975393;0.9985321724167536;0.9985419725652059;0.9999963109868758;1.0;1.0;0.9975702650962645;0.9972724074292295;0.9971694330258223;1.0001602940424317;1.0;0.9999719823447718;0.999970813980521;1.0;1.024999976158142;
2016-07-29 09:00:00;0.9999899056259621;1.0;0.999983724722865;0.9999948514495303;0.9999976005384066;1.0;1.0;0.9999960814235908;0.9999900086480696;0.9999991636218529;0.9999878271664415;0.9999306315083191;0.9999992636606739;0.9999969498615446;0.9999980328559466;0.9999993973256169;0.9999997384877857;0.9999970231271463;0.9999999999999999;0.9999843256012544;0.999985149541878;1.0;1.0;0.9999994698646915;1.0001795672360603;0.9999826888005869;0.999995942451155;0.9999991378354279;0.9990303437115775;0.9987534399107866;0.9986567269987068;0.9987269113582915;0.9999977486279104;1.0;0.9999999999999999;0.9979608031436442;0.99767106877414;0.9975796835728659;1.0001549061670756;1.0;0.9999833297960444;0.999982692730116;1.0;1.024999976158142;
2016-07-29 09:15:00;0.9999839841827683;1.0;0.9999785591601607;0.9999925344136376;0.9999950295902118;1.0;1.0;0.9999951309644518;0.9999858434277478;0.9999994482161605;0.9999845007160714;0.9999312413422404;0.9999980501638809;0.9999969831604774;0.9999989108405282;0.9999996007932465;0.9999997615094077;0.9999932371291418;1.0;0.9999772723214974;0.999974142058563;1.0;1.0;0.9999995137634021;1.000183342267187;0.9999729551599843;0.99999365905496;0.9999992176576649;0.9990037219794763;0.9987195481902498;0.9986066161907851;0.9986707297272369;0.9999971541369665;1.0;1.0;0.9978590326159831;0.9975753633712533;0.9974893516084294;1.0001583154236127;1.0;0.9999719922730094;0.9999762970271353;0.9999999999999999;1.024999976158142;
2016-07-29 09:30:00;0.9999904530078543;1.0;0.9999827796890272;0.9999948161498416;0.9999977143438241;1.0;1.0;0.99999566223614;0.9999891129979019;0.9999993234294465;0.9999867526390585;0.9999268625310868;0.9999994749770428;0.9999970141257486;0.9999982700187021;0.9999992749703877;0.9999996727488286;0.9999973805488206;0.9999999999999999;0.9999835843517112;0.9999860639898351;1.0;1.0;0.9999993292197652;1.0001816418172063;0.9999824958646345;0.9999959113164056;0.9999991945550267;0.9990085554337114;0.998714476996015;0.9985829179845684;0.9986298674045312;0.99999767978313;1.0;1.0;0.9977674301335858;0.997452624257485;0.9973441135396475;1.0001566538151812;1.0;0.9999838484186555;0.9999815913086195;1.0;1.024999976158142;
2016-07-29 09:45:00;0.9999807228904275;1.0;0.9999802216464777;0.9999912243195619;0.9999951366557178;1.0;1.0;0.9999974067554657;0.99998921368365;0.999999212416007;0.9999853012348696;0.9999346808666005;0.9999973357183282;0.9999976223508581;0.9999982229332591;0.9999995874031887;0.9999998382535169;0.9999926226916916;1.0;0.9999782001632059;0.9999691314777139;0.9999999999999999;1.0;0.9999995194593467;1.0001835449614778;0.9999703985151512;0.9999930827851531;0.9999992882929666;0.9989518562103276;0.9986646133269079;0.9985735937973015;0.9986607723895974;0.9999975994883943;1.0;1.0;0.9978733941089981;0.9975840470248147;0.9974765153194581;1.0001584483637682;1.0;0.9999677071864786;0.9999787500764786;1.0;1.024999976158142;
2016-07-29 10:00:00;0.9999919343301242;1.0;0.9999877443247608;0.9999961841465618;0.9999981019373059;0.9999999999999999;1.0;0.9999969327448561;0.9999926257645614;0.9999990485605262;0.9999913870862831;0.9999348812363354;0.9999993343774835;0.9999971433544029;0.9999979532562567;0.9999996327251295;0.9999998529727531;0.99999755357898;0.9999999999999999;0.9999883730103323;0.9999883388118994;1.0;1.0;0.9999997294981028;1.0001855728702178;0.999987199305163;0.9999969743144095;0.9999991493715319;0.9988583062653259;0.9985339283110848;0.9984621931535903;0.9985642666342528;0.9999981518124286;1.0;0.9999999999999999;0.9977333218817475;0.997444495786261;0.9973367811425486;1.0001602071016713;1.0;0.9999872603494666;0.9999871070830761;1.0;1.024999976158142;
2016-07-29 10:15:00;0.9999885283442722;0.9999999999999999;0.999986366524301;0.9999942992600381;0.9999974964436859;1.0;1.0;0.9999980808562865;0.9999927126711861;0.9999995244599161;0.9999891861161212;0.9999457446251803;0.9999987191745934;0.9999984067023844;0.9999986785008417;0.9999994767354986;0.999999797177713;0.9999963429181601;1.0;0.9999857459346222;0.9999822048746821;1.0;1.0;0.9999994695342108;1.0001807015395194;0.9999814529074089;0.9999956844446702;0.9999995390010543;0.9989633861362609;0.9986624050572713;0.9986161622918699;0.9987194801167493;0.9999984129313575;0.9999999999999999;1.0;0.9979940799229337;0.9977428609516743;0.9976394261518993;1.0001559581261599;1.0;0.9999808286815157;0.9999855738561835;0.9999999999999999;1.024999976158142;
2016-07-29 10:30:00;0.9999720952509841;1.0;0.9999711617896524;0.9999866318441121;0.9999938067235608;1.0;1.0;0.9999970759934933;0.9999854328336242;0.9999990184952247;0.9999771908283029;0.999933511039441;0.9999964242355805;0.9999971847601614;0.999997343769291;0.9999990423315296;0.9999996519466057;0.9999904623024848;1.0;0.9999685432703272;0.9999558690134797;1.0;1.0;0.9999989733528654;1.0001879288327837;0.9999564930568983;0.9999898830125731;0.9999991369692325;0.99890940861113;0.9986113796138124;0.9985427698919311;0.998648458178761;0.9999967972223903;1.0;1.0;0.9978778969217136;0.9975900162986368;0.9974892060739623;1.0001619356949483;1.0;0.999953397573304;0.9999694631377736;0.9999999999999999;1.024999976158142;
2016-07-29 10:45:00;0.9999778784235468;1.0;0.9999749312563687;0.999988898999914;0.9999956278989752;1.0;1.0;0.9999971736478802;0.9999875228239841;0.9999990726243545;0.9999796327378829;0.9999329272973414;0.9999975419992879;0.9999973036026908;0.999997303455957;0.9999989193219753;0.9999996088030477;0.9999934049836731;1.0;0.9999737215951304;0.9999658937450479;1.0;1.0;0.9999989272709494;1.0001902872831758;0.999964733985057;0.9999918142857073;0.9999991810310866;0.9988345552067063;0.9985146796089939;0.9984459582308053;0.9985584345684101;0.999997212521934;1.0;0.9999999999999999;0.9977375369665915;0.9974496829822762;0.9973512623493301;1.0001639136200637;1.0;0.9999633975070461;0.9999737802870834;1.0;1.024999976158142;
2016-07-29 11:00:00;0.9999742936348611;1.0;0.9999604461354165;0.999987295898699;0.9999926855582788;1.0;1.0;0.9999903269177357;0.9999742382591515;0.9999986307820055;0.9999707670865127;0.9999414604980169;0.9999977239864434;0.9999935895716743;0.9999969707306833;0.9999988601724011;0.9999994236663484;0.9999906250887575;1.0;0.9999601666214776;0.999960155805095;1.0;1.0;0.9999989193012985;1.000192084212076;0.9999551495091804;0.9999895038793084;0.9999982749486942;0.998876864694418;0.9985415477434215;0.998484994559667;0.9985878774985335;0.9999946458490383;1.0;0.9999999999999999;0.9977740881096325;0.9975185088911583;0.9974269782718748;1.0001654242326021;0.9999999999999999;0.9999557054129354;0.9999569307578677;1.0;1.024999976158142;
2016-07-29 11:15:00;0.9999709665289003;1.0;0.9999510482182876;0.9999863109921661;0.9999899099789468;1.0;1.0;0.9999855831671818;0.999964955979552;0.9999982992129147;0.9999659081134641;0.9999224577019175;0.9999973653418326;0.9999909845901734;0.9999969895428947;0.9999991047961216;0.9999993959426138;0.9999875125995326;1.0;0.9999507321349738;0.9999541842862871;0.9999999999999999;1.0;0.9999991211017772;1.000203104382564;0.9999479848899684;0.9999877640500037;0.9999976297042847;0.9987957846240861;0.9984093535488737;0.9983523151352794;0.9984508613809109;0.9999928408998666;1.0;1.0;0.9975409698260064;0.9972157941339501;0.9971118326086132;1.000175071582446;1.0;0.9999487991088767;0.9999456264024594;0.9999999999999999;1.024999976158142;
2016-07-29 11:30:00;0.9999671216808407;1.0;0.9999425228240311;0.9999847492928239;0.9999885297006913;1.0;1.0;0.9999822358892956;0.9999586583064637;0.999997396611397;0.9999608878041443;0.9999240282351097;0.9999972762816167;0.9999881105451766;0.9999954100133116;0.9999990141640761;0.9999993312405658;0.9999860356619454;1.0;0.9999431682044502;0.9999490036072282;1.0;1.0;0.9999991710444438;1.0002052615027799;0.9999417005443584;0.9999862451245193;0.9999967703927836;0.9987892794899779;0.9984151947545956;0.9983500671087839;0.9984519435500768;0.9999912455330476;1.0;1.0;0.9975469112764864;0.9972189201652717;0.9971048431334848;1.0001768113124272;0.9999999999999999;0.9999429327104129;0.9999364146764753;1.0;1.024999976158142;
2016-07-29 11:45:00;0.9999664020677382;1.0;0.999962134500324;0.9999849649270176;0.9999916108038223;1.0;1.0;0.9999933070822936;0.9999786987755916;0.9999975895088594;0.9999731893972785;0.9999364353053084;0.9999958632847007;0.9999932824671682;0.9999949981040522;0.9999992480128862;0.9999997166336814;0.9999876457726877;0.9999999999999999;0.999960296968021;0.9999477198603803;0.9999999999999999;1.0;0.9999993716678273;1.0001964107671997;0.9999491962307392;0.9999880688836634;0.9999979276787793;0.9987941618428569;0.9984427129983189;0.9983670851489366;0.9984708272639679;0.9999948228382458;1.0;1.0;0.9975797207104931;0.9972775232658754;0.997145971861761;1.000169248771338;0.9999999999999999;0.9999451849606933;0.9999596983974696;1.0;1.024999976158142;
2016-07-29 12:00:00;0.9999746506279285;1.0;0.999971196789639;0.9999879164275356;0.9999947975844382;1.0;1.0;0.9999959189362478;0.99998537450328;0.9999982211317742;0.9999780965402861;0.99993759833545;0.9999971937106303;0.999995413671001;0.9999957686340831;0.999998997431857;0.9999996603191964;0.9999921900849205;1.0;0.9999704237826815;0.9999614765136539;1.0;0.9999999999999999;0.999999132208719;1.0001940835370657;0.9999612823392109;0.9999909553826721;0.99999855371603;0.9988163231214886;0.998467135511532;0.9984163306710315;0.9985299141280147;0.999996360671833;1.0;0.9999999999999999;0.9976923000240375;0.9974124272481893;0.9973051696992477;1.000167155147452;1.0;0.9999591793149674;0.9999700198131986;1.0;1.024999976158142;
2016-07-29 12:15:00;0.9999580830465268;1.0;0.9999487045599093;0.9999781798625483;0.9999920356091567;1.0;1.0;0.999993511745535;0.9999738543789108;0.9999983353434808;0.9999575646105769;0.9999452878077045;0.9999959565945301;0.9999945753757116;0.9999948681555295;0.9999975371453382;0.9999990715702259;0.9999883802046208;1.0;0.999947149415075;0.9999359797396277;1.0;1.0;0.999997628684947;1.000198131935671;0.9999309866562281;0.9999840250453854;0.9999983802145107;0.9988667935915159;0.998521208166107;0.9984850252834899;0.9985983443415459;0.9999943580486925;1.0;0.9999999999999999;0.9978064208128389;0.9975534918904444;0.9974496739419043;1.0001699126365284;1.0;0.9999301958217003;0.999946314055314;1.0;1.024999976158142;
2016-07-29 12:30:00;0.9999617683717661;1.0;0.9999365202111846;0.9999788484387097;0.9999920999887909;1.0;1.0;0.9999862320566401;0.9999623424027821;0.9999976845119393;0.9999492239142487;0.999952445361968;0.9999980142006936;0.9999903627205259;0.999993685553884;0.9999969524472959;0.9999987037329174;0.9999905312386398;1.0;0.9999387379173351;0.9999439884845278;1.0;0.9999999999999999;0.9999972772252231;1.000199249186974;0.9999310401467277;0.9999839981462848;0.9999972987806653;0.9988993948807156;0.998558498787713;0.9985358854238612;0.9986522920774863;0.9999920301222679;1.0;1.0;0.9979006079109473;0.9976666167080426;0.9975580038975572;1.0001705324262753;1.0;0.9999356353065612;0.9999327595795362;0.9999999999999999;1.024999976158142;
2016-07-29 12:45:00;0.9999390088893674;1.0;0.99990674655006;0.9999711641959433;0.999993833561937;1.0;1.0;0.9999778041218066;0.9999552369196032;0.9999858865116719;0.9999361981753423;0.9999389743762058;0.9999981636293683;0.9999682278265123;0.9999696493600543;0.9999958989395731;0.9999989251356206;0.9999923153673985;1.0;0.9999221431934374;0.9999251531147597;0.9999999999999999;1.0;0.9999984457880072;1.000216405353047;0.9999172877038889;0.9999803819204413;0.9999894230408795;0.998846977936721;0.998467102785362;0.9984391645668549;0.9985492834509974;0.9999843091293232;1.0;1.0;0.9977211099009762;0.9974484747629244;0.9973449775674065;1.0001836059148568;1.0;0.9999195607165916;0.9999091845210094;1.0;1.024999976158142;
2016-07-29 13:00:00;0.9999414379213722;1.0;0.9999090046087387;0.9999742682053453;0.9999927142601661;0.9999999999999999;1.0;0.9999753298052465;0.9999538974554708;0.9999847083951746;0.9999423461861775;0.9999538907965815;0.9999981376315533;0.9999652548023128;0.9999683784191536;0.9999968773459846;0.9999992811339529;0.9999909770532307;1.0;0.999925070506114;0.9999289452333744;1.0;0.9999999999999999;0.9999995930544453;1.0002113179412255;0.9999243337621198;0.9999818642400061;0.9999884981024376;0.9988788422495927;0.998511640606309;0.9985370962418473;0.9986761090417771;0.9999834333599437;1.0;1.0;0.9979718142653549;0.9977443853265546;0.9976383731573691;1.0001796080389815;0.9999999999999999;0.9999249306583304;0.9999110353176963;1.0;1.024999976158142;
2016-07-29 13:15:00;0.9999790962422137;1.0;0.9999695835508136;0.9999903495648166;0.9999952156736581;1.0;0.9999999999999999;0.9999925111459338;0.9999820818583705;0.999997343220553;0.9999789966510344;0.9999498436951287;0.9999983467834109;0.9999925115409186;0.9999944053866445;0.999999148677756;0.9999996791327402;0.9999936807242282;1.0;0.9999711637104259;0.9999698722603173;1.0;1.0;0.9999995094244172;1.0001961065641805;0.9999678546634955;0.9999923986881405;0.9999977149939131;0.9987408996088014;0.9983470341629949;0.998369948804714;0.9985222258192369;0.999995323635504;1.0;0.9999999999999999;0.9977336006448976;0.9975019933905095;0.9974071463844832;1.0001689064260226;0.9999999999999999;0.9999674856950025;0.9999681794454158;1.0;1.024999976158142;
2016-07-29 13:30:00;0.9999772606390478;1.0;0.9999711656346626;0.9999891096449656;0.9999963823037853;0.9999999999999999;1.0;0.9999949499140521;0.9999860858214041;0.9999970869321393;0.9999788102915023;0.9999645868247864;0.9999982033160287;0.9999931968861115;0.9999933551159222;0.9999988142540612;0.9999996498312222;0.9999947124298033;1.0;0.9999729026386008;0.9999679997972507;1.0;1.0;0.9999992643202427;1.000185747538923;0.9999667982737613;0.9999921965595491;0.9999977864679125;0.9989145489896469;0.9985775307026302;0.9985925593285677;0.9987263654440592;0.9999958761358598;1.0;1.0;0.9980476373135728;0.9978981320091805;0.997849447268455;1.0001597339081303;1.0;0.9999659424568723;0.9999709850696713;1.0;1.024999976158142;
2016-07-29 13:45:00;0.9999834956133986;1.0;0.9999791080844811;0.9999923178812903;0.9999964982378703;1.0;1.0;0.9999959335798659;0.9999886809647135;0.999998308675716;0.9999850029096644;0.9999691370347333;0.9999984327177209;0.9999955442705005;0.9999962735916812;0.9999993560299247;0.9999997803120808;0.9999950075606672;1.0;0.9999795026664443;0.9999756428195846;1.0;1.0;0.999999570082838;1.0001839084722217;0.9999750845417861;0.9999941350042396;0.9999986117931561;0.9987938681810544;0.9984651024317565;0.9985125760543287;0.9986963974670271;0.9999970214881351;1.0;1.0;0.9980648682948604;0.9979446624720189;0.9979153541280084;1.0001585523488004;1.0;0.9999740869432128;0.9999782952978099;1.0;1.024999976158142;
2016-07-29 14:00:00;0.9999850025133378;0.9999999999999999;0.9999804638543798;0.9999931216873282;0.9999972346340287;0.9999999999999999;1.0;0.999995958680376;0.9999898893064932;0.9999978927783498;0.9999863940877477;0.9999770176578825;0.999998783854112;0.9999948959616077;0.9999954189555723;0.9999993603702858;0.9999998124386351;0.9999960703723166;1.0;0.9999817147169197;0.999978846862177;1.0;1.0;0.9999996830377326;1.000180603050071;0.9999783919509897;0.9999948881245259;0.999998366980051;0.9987845963035862;0.9984776200292961;0.9985528020315197;0.9987647650945437;0.9999970090101535;1.0;1.0;0.9982166398384256;0.9981195844809344;0.9980879672932566;1.0001556508179488;0.9999999999999999;0.9999776213232761;0.9999801477240814;1.0;1.024999976158142;
2016-07-29 14:15:00;0.9999768738315488;1.0;0.9999718179306982;0.9999891221795196;0.9999956760405428;1.0;1.0;0.9999951372315761;0.9999858004860186;0.9999975029728904;0.9999794144730874;0.999987569587806;0.9999978794226846;0.9999939317077507;0.9999943660959686;0.9999990011044868;0.9999996908084133;0.9999936446506696;1.0;0.9999725703831158;0.9999663179678674;1.0;1.0;0.999999351976799;1.000179194728739;0.9999657901674518;0.9999919650005853;0.9999980534520432;0.9989216740025718;0.9986190448365999;0.9986865939317535;0.9988646875385706;0.9999960499352759;1.0;1.0;0.9983380217510798;0.9982752002091974;0.9982446774851;1.0001542081023862;1.0;0.9999643231683792;0.999971166736561;1.0;1.024999976158142;
2016-07-29 14:30:00;0.9999765320876906;1.0;0.9999691534992513;0.9999891651989526;0.9999953542995145;0.9999999999999999;1.0;0.9999935383308199;0.9999834876070767;0.9999969996188401;0.9999783348110555;0.9999902408997752;0.9999980436764929;0.999992435017447;0.9999935132281657;0.9999990262180566;0.9999996895044618;0.9999934698650007;1.0;0.9999706742913714;0.99996636245898;0.9999999999999999;1.0;0.9999994692544538;1.0001801826486478;0.9999653665021805;0.9999918246086738;0.9999976025833677;0.9989411628313518;0.9986370056960694;0.9986726666092188;0.9988272839187983;0.9999953712866264;1.0;1.0;0.9982437765940287;0.9981897328794296;0.9981596248339129;1.000155030174543;1.0;0.9999642357269245;0.9999683136343422;1.0;1.024999976158142;
2016-07-29 14:45:00;0.9999713477574232;1.0;0.9999647502602885;0.999987181563342;0.999993387664463;1.0;1.0;0.9999927708120215;0.9999803318719707;0.9999969802804713;0.9999756474354105;0.9999916169745999;0.9999970640652509;0.999992072328796;0.9999937034821835;0.999999175136873;0.999999720318946;0.9999905134848863;1.0;0.9999650018515915;0.9999572053848274;0.9999999999999999;0.9999999999999999;0.9999995403853387;1.0001777726621608;0.9999574880427803;0.9999899705398115;0.9999975176166722;0.999049325749183;0.9987702591743948;0.9988097259729444;0.9989536876775648;0.9999947910990586;0.9999999999999999;1.0;0.9984406280810068;0.9983909300068508;0.9983608158926961;1.000153027724808;1.0;0.9999549398467575;0.9999631139881338;1.0;1.024999976158142;
2016-07-29 15:00:00;0.9999636124348658;1.0;0.9999594886239671;0.9999825209759056;0.9999934043109673;0.9999999999999999;1.0;0.9999949112309533;0.999980880000456;0.999997051822239;0.9999688539808816;0.9999925536547125;0.9999962616852592;0.9999931502885059;0.9999929331817754;0.9999984015748841;0.9999995055437169;0.9999898345891007;1.0;0.9999590306789963;0.9999456827602071;1.0;1.0;0.9999987553851958;1.0001806368178126;0.999945559271129;0.9999872907397913;0.9999977532300273;0.9990030730076739;0.9987153369423685;0.9987510642386769;0.9988997854056101;0.9999948938433143;1.0;0.9999999999999999;0.998356734884826;0.9983100060374783;0.9982798943642046;1.0001550937521428;1.0;0.9999426131366612;0.9999585405592183;1.0;1.024999976158142;
2016-07-29 15:15:00;0.9999196196368616;1.0;0.9999084977647774;0.9999615024306793;0.9999885053910506;1.0;0.9999999999999999;0.9999879415325394;0.9999604477197589;0.9999903403839949;0.9999310135214963;0.9999899517926549;0.9999929581820812;0.9999797650925496;0.9999780144000125;0.9999959672751288;0.9999989164781934;0.9999818255149616;1.0;0.9999122244784934;0.9998857016127148;1.0;1.0;0.9999974106464034;1.000202160298212;0.9998852407876295;0.9999731985561713;0.9999930120979692;0.9990389947064503;0.9987436394217173;0.9987879576906018;0.998934660859024;0.9999875961972922;0.9999999999999999;1.0;0.9984129133893298;0.9983585550041583;0.9983292345046595;1.0001717420204674;1.0;0.999879801462624;0.999909103091561;1.0;1.024999976158142;
2016-07-29 15:30:00;0.9999030269301334;1.0;0.9998945238636565;0.9999556245131977;0.9999841656876086;1.0;1.0;0.9999853867001819;0.9999532182940725;0.9999881026859038;0.9999239568222731;0.9999914724210374;0.9999904464313091;0.9999751527564357;0.9999740403585469;0.9999962748834968;0.9999991082056767;0.9999749030644739;1.0;0.9998972891741066;0.9998601168403546;1.0;1.0;0.9999979402679884;1.0002026795433356;0.9998649061975317;0.9999683437221107;0.9999914306496727;0.9990418188144491;0.9987503236908252;0.9987962772912876;0.998945298189478;0.9999850429821305;0.9999999999999999;1.0;0.9984334354933773;0.9983847920504522;0.9983566436535348;1.0001721292940646;0.9999999999999999;0.9998548848033472;0.9998945766626965;0.9999999999999999;1.024999976158142;
2016-07-29 15:45:00;0.999940641885907;1.0;0.9999270371241678;0.999972857501188;0.9999906422728273;1.0;0.9999999999999999;0.9999864982175055;0.9999654212666526;0.9999909462232939;0.9999490297022298;0.9999892522139364;0.9999952305628055;0.9999799410503135;0.9999804900222095;0.9999974022573023;0.9999993432245717;0.9999860398442432;1.0;0.9999323644882717;0.9999175535065462;1.0;0.9999999999999999;0.999998822526781;1.0001919430368393;0.9999175861390119;0.999980568869692;0.999993285511729;0.9990612021025218;0.9987735728454487;0.9988115052964233;0.9989508667629363;0.999988815446296;0.9999999999999999;1.0;0.9984295418545335;0.998373580475606;0.9983450521860613;1.0001637380185435;1.0;0.9999136776931751;0.9999272484407886;1.0;1.024999976158142;
2016-07-29 16:00:00;0.9999164317591042;1.0;0.9998997420180918;0.9999624326836398;0.9999882220959551;1.0;1.0;0.9999817960318248;0.9999550910692901;0.9999856461493201;0.999931399627554;0.9999898567492169;0.9999934881844198;0.9999696993829951;0.9999694802347587;0.9999964141625346;0.999999229550557;0.9999818961531379;1.0;0.9999088709838914;0.9998862455678855;1.0;1.0;0.9999987222022014;1.000204516435703;0.999888495458613;0.9999736922988653;0.9999896307239944;0.9989610108894271;0.9986580148567336;0.9986892458770324;0.9988428513299057;0.999984093440006;1.0;0.9999999999999999;0.9982681672131242;0.9982159742915617;0.9981898277883751;1.0001735480046108;1.0;0.9998820937528836;0.9999016013481219;1.0;1.024999976158142;
2016-07-29 16:15:00;0.9999395857628983;0.9999999999999999;0.999921490890162;0.9999713846580868;0.9999921942808871;1.0;1.0;0.999985411797075;0.9999639997196429;0.9999899573027871;0.9999437967244029;0.9999910070084;0.9999961185324293;0.9999779078977461;0.9999778111043361;0.9999966190979174;0.9999991092702815;0.9999885449243558;1.0;0.9999294467664357;0.9999188482881105;1.0;1.0;0.9999983243645355;1.0001938761994538;0.9999157469136704;0.9999801573360299;0.9999925892847319;0.998963223189141;0.998674346197799;0.9987197612508315;0.9988856710151279;0.9999880182744678;0.9999999999999999;1.0;0.9983561956080907;0.9983082468726352;0.9982828905584978;1.0001648948011541;1.0;0.999914072670731;0.9999226935459952;0.9999999999999999;1.024999976158142;
2016-07-29 16:30:00;0.9999134719928094;1.0;0.9998757776889675;0.9999555511526842;0.9999960695014468;1.0;1.0;0.9999778378095143;0.999949556800188;0.9999820464956055;0.9999063468348169;0.9999921864023655;0.9999978899942933;0.9999624573848412;0.9999591087712627;0.9999925195958429;0.9999979982701578;0.9999945206538945;1.0;0.9998962953525123;0.9998944591996398;0.9999999999999999;1.0;0.9999959517045847;1.0002098796568963;0.9998802044041045;0.9999719563300308;0.9999870324951393;0.9989790052316974;0.9987012072212033;0.9987359927417777;0.9989012217757034;0.9999812541204001;0.9999999999999999;1.0;0.9983807455747287;0.9983360869736924;0.9983101582781233;1.0001757482778177;0.9999999999999999;0.9998853525377651;0.999882005493174;1.0;1.024999976158142;
2016-07-29 16:45:00;0.9999518941021212;1.0;0.9999325734056428;0.9999780278489931;0.9999972472659143;1.0;1.0;0.9999853669276082;0.9999725155551863;0.9999872337180518;0.9999551877207948;0.9999924122166716;0.9999986109795443;0.9999735786408964;0.9999724242946335;0.9999968391314517;0.9999993806105827;0.9999959666935148;0.9999999999999999;0.9999463378749046;0.9999435832637221;1.0;1.0;0.999999233663632;1.00019165290177;0.9999413187571016;0.99998598514516;0.9999909684131293;0.9990029779040658;0.9987017231588032;0.9987564996359745;0.998912164441024;0.9999880704773912;1.0;1.0;0.9983868511194416;0.9983436414897041;0.9983186647747493;1.0001628018029762;1.0;0.9999412465979821;0.9999369845565608;1.0;1.024999976158142;
2016-07-29 17:00:00;0.9999564951665133;0.9999999999999999;0.9999395558545193;0.9999794562249208;0.9999976919415577;1.0;1.0;0.9999879099302449;0.9999758602561224;0.9999893166806484;0.999958180840607;0.9999941269665019;0.9999986916457955;0.999977932635429;0.9999764108226641;0.9999969024840402;0.9999993304381882;0.9999965308352928;1.0;0.999951212392201;0.9999482331191796;1.0;1.0;0.9999989294538304;1.0001846422013252;0.9999451652801572;0.9999869619890948;0.9999924627913356;0.9991123546259526;0.9988404838828294;0.9989104821234476;0.9990628781560031;0.9999897829298013;1.0;1.0;0.9986345816948069;0.9986022296381765;0.9985843274590576;1.0001569805511912;1.0;0.9999455720077737;0.9999434156986662;1.0;1.024999976158142;
2016-07-29 17:15:00;0.9999633394030781;1.0;0.9999515153619709;0.9999831329404246;0.9999967339255748;1.0;1.0;0.999990412409661;0.9999796879609539;0.999991943719977;0.9999668717319672;0.999994643275407;0.999998222651624;0.9999831066847985;0.99998231382035;0.9999978193904063;0.9999995390717141;0.9999950519849645;1.0;0.99995932494431;0.9999540811410809;1.0;1.0;0.9999992913623527;1.0001796128489922;0.9999530529242086;0.9999888281304253;0.9999942856212385;0.9990171489170482;0.9987229513283703;0.9987955362994082;0.9989590441392271;0.9999918770591054;1.0;1.0;0.998475795079304;0.9984506110943574;0.9984399002080411;1.0001533807434375;1.0;0.9999521006755354;0.9999538640408705;1.0;1.024999976158142;
2016-07-29 17:30:00;0.9999585174360903;1.0;0.9999435570494508;0.9999782505869841;0.9999969429274937;1.0;0.9999999999999999;0.9999915224674867;0.9999766847216552;0.9999936058542152;0.9999554713088388;0.9999948168591076;0.9999982162685525;0.9999862648313249;0.9999844509661235;0.9999965337624966;0.9999990003608296;0.9999954645503185;1.0;0.9999502886254819;0.9999460234225401;1.0;1.0;0.9999977517285065;1.0001801093356815;0.9999393948662199;0.9999858527432514;0.9999953617397128;0.9991131679806687;0.9988512299596071;0.9988964707018851;0.9990381138149613;0.9999922705315513;1.0;1.0;0.998577895666892;0.9985532583076976;0.9985425463202325;1.0001533001373653;1.0;0.9999411749513465;0.999945414059845;1.0;1.024999976158142;
2016-07-29 17:45:00;0.9999572888072633;1.0;0.9999424418597057;0.9999748653550184;0.9999961214387073;1.0;0.9999999999999999;0.9999946590443366;0.9999753409167392;0.9999977774303089;0.9999478105821812;0.9999947878297194;0.9999977123197452;0.9999942141720061;0.9999918734538178;0.9999956973272166;0.9999985004844272;0.999994356732057;1.0;0.9999445807503705;0.9999394033648062;1.0;1.0;0.9999961453921762;1.0001802954419114;0.9999275735352624;0.9999833861821539;0.9999981369632129;0.9991205080525001;0.9988586221517487;0.9988991378107904;0.999036379201909;0.9999943165268802;1.0;1.0;0.9985692328398588;0.9985445041971899;0.9985337923036347;1.0001534437814645;0.9999999999999999;0.9999314999921167;0.9999423132477254;1.0;1.024999976158142;
2016-07-29 18:00:00;0.9999707329257962;1.0;0.9999636549626209;0.9999835436494888;0.9999955287165841;1.0;1.0;0.9999968464331014;0.9999828933710686;0.9999995094903863;0.9999673862258049;0.9999947878297194;0.999997553878031;0.9999978590604682;0.999997038145824;0.9999976900064107;0.9999991391949843;0.9999933901608089;1.0;0.999962607977489;0.9999556105256793;1.0;1.0;0.9999977189487976;1.0001723762525387;0.9999498085608295;0.9999884693470041;0.9999994036429748;0.9991393928949701;0.998869075853008;0.9989464405145666;0.999094824009566;0.9999966128897874;1.0;0.9999999999999999;0.9986824067040418;0.9986586022997683;0.9986490943617375;1.0001478217399722;1.0;0.9999506673796287;0.9999623660726087;1.0;1.024999976158142;
2016-07-29 18:15:00;0.9999696254150159;1.0;0.9999637277911352;0.999984178065545;0.999994978308384;1.0;0.9999999999999999;0.9999959626258582;0.999982833208844;0.9999983684144507;0.9999698447197655;0.9999948862165183;0.9999972462587381;0.9999956755785345;0.9999952100689085;0.9999981113624995;0.9999993418232921;0.9999924520163928;1.0;0.9999632674108679;0.9999545512022447;1.0;1.0;0.9999983094332562;1.000174583468763;0.9999513402483818;0.999988728426131;0.9999986408773616;0.9991227626887026;0.9988425765128032;0.9988992717425477;0.9990350375611552;0.9999959776831356;1.0;1.0;0.9985654967221484;0.9985416891148547;0.9985317700625446;1.0001498388859091;1.0;0.9999506859579779;0.9999627083341021;1.0;1.024999976158142;
2016-07-29 18:30:00;0.9999686700425527;1.0;0.9999596684568344;0.999982847778789;0.9999964672148999;0.9999999999999999;1.0;0.9999955089195108;0.9999824095618275;0.9999975638368171;0.9999656542248172;0.9999947975073111;0.9999979622572338;0.9999942164663165;0.999992958704651;0.999997425080856;0.9999991460540681;0.9999947192607186;1.0;0.9999613483852107;0.9999555806171008;1.0;1.0;0.9999978537907991;1.0001748592401396;0.9999498898630853;0.9999884158974468;0.9999981117327221;0.9991047532226757;0.9988500943305317;0.9989267200239691;0.9990908089687252;0.999995460904808;1.0;1.0;0.9986963891458536;0.9986726138320452;0.9986631057606148;1.000149629247388;1.0;0.9999510229472871;0.9999596430952277;1.0;1.024999976158142;
2016-07-29 18:45:00;0.9999550306315845;1.0;0.9999406945001157;0.9999740707918744;0.9999964960589944;1.0;1.0;0.999994565528291;0.9999758918111606;0.9999966941671362;0.9999471241412099;0.9999950307709006;0.9999976481246018;0.9999924747698019;0.999989572963691;0.9999955820706734;0.9999985342882252;0.9999946546007602;0.9999999999999999;0.9999439513032358;0.9999374722421459;1.0;0.9999999999999999;0.9999962393869365;1.0001827947221402;0.9999265510413543;0.9999831077273483;0.9999974793156345;0.9991008151073459;0.9988276386064674;0.9989102359205828;0.9990714190311;0.9999938072119123;0.9999999999999999;1.0;0.9986606383888368;0.9986372862553111;0.9986273662533829;1.0001554306949256;1.0;0.9999299959525517;0.9999413933376204;1.0;1.024999976158142;
2016-07-29 19:00:00;0.9999743198523162;0.9999999999999999;0.9999674679319137;0.999987510670782;0.9999954413488888;1.0;0.9999999999999999;0.9999944540863659;0.9999836184825723;0.9999973616239427;0.9999755442224069;0.9999949882299443;0.9999978450144519;0.999993408286896;0.9999938225100371;0.9999986799951563;0.999999569537829;0.999993409959492;1.0;0.9999685361268003;0.9999628207998135;1.0;1.0;0.9999990703579932;1.0001695780237718;0.9999610584156456;0.9999908782057866;0.9999979043389745;0.9991753933674453;0.9989206243853509;0.9989775743333509;0.9991128802397246;0.9999955765790557;0.9999999999999999;1.0;0.99869469088634;0.998670910066953;0.9986606090965187;1.0001457097987159;1.0;0.9999601563323569;0.999966733795616;0.9999999999999999;1.024999976158142;
2016-07-29 19:15:00;0.9999788900477284;1.0;0.9999707394682719;0.9999898111903488;0.9999965945185498;1.0;1.0;0.9999940324358628;0.9999850951211311;0.9999970034113651;0.9999787858435932;0.9999950575869951;0.9999986325000029;0.999992649972105;0.9999932365729555;0.9999988034899461;0.9999996265295288;0.9999953184041769;1.0;0.9999731117072557;0.9999708716139767;1.0;0.9999999999999999;0.9999993064127752;1.000172934639324;0.9999687156231396;0.9999926271704892;0.9999976533571491;0.9990759061016992;0.9987915454782738;0.9988751505804496;0.9990348359440325;0.9999956551651009;1.0;0.9999999999999999;0.9985975254978713;0.9985739666024053;0.9985636666319117;1.000148640807783;1.0;0.9999686280534017;0.999970441980426;1.0;1.024999976158142;
2016-07-29 19:30:00;0.9999790269521543;1.0;0.9999724661974257;0.9999900103196495;0.999995313491654;1.0;1.0;0.9999945099662962;0.9999844899489145;0.9999981829864796;0.9999798279270493;0.9999951327843583;0.9999980699371754;0.9999947185560764;0.99999591545419;0.9999991219237474;0.9999996670248392;0.9999934691421873;1.0;0.9999726971044367;0.9999686361803252;1.0;1.0;0.9999993449063359;1.0001708644796428;0.9999671224321606;0.9999922890720648;0.9999984028371476;0.9992033999917649;0.998917403169875;0.9989999820938565;0.9991287705244362;0.9999962007466682;0.9999999999999999;1.0;0.9987138003454941;0.9986907696332917;0.9986808491000845;1.0001471409129756;1.0;0.999966264562254;0.9999710675220577;0.9999999999999999;1.024999976158142;
2016-07-29 19:45:00;0.999972843574551;0.9999999999999999;0.9999622259804875;0.999987351099622;0.9999949762438352;0.9999999999999999;1.0;0.9999915732544741;0.9999797741402577;0.9999960295209297;0.9999736114320001;0.9999951134165231;0.9999980881449378;0.9999900436488436;0.9999914107242114;0.9999987150920655;0.9999995938643189;0.999993150216279;1.0;0.9999650515561785;0.9999621136102016;1.0;1.0;0.9999993502882496;1.000169789491357;0.999960057533109;0.9999905623891633;0.9999968380546878;0.9993680836866424;0.9990876350427074;0.9991439214075122;0.9992224182276056;0.9999941794874823;0.9999999999999999;1.0;0.9988026146384257;0.9987792269139532;0.9987689248262653;1.0001457843597201;1.0;0.9999594588237728;0.9999614643312394;1.0;1.024999976158142;
2016-07-29 20:00:00;0.9999816811604442;1.0;0.9999719951842578;0.999991385301742;0.9999964439164243;1.0;1.0;0.9999930053395726;0.9999841840892643;0.9999971247965975;0.9999806090936959;0.9999950017414936;0.9999989468103267;0.9999923823224445;0.9999938142084047;0.9999990536246154;0.9999996759691399;0.999995451240122;1.0;0.9999745223887679;0.9999748429751503;1.0;1.0;0.999999532432124;1.000163644898629;0.9999723837490799;0.999993453779895;0.9999976316025427;0.9994722828649025;0.9992051696647113;0.999255245120558;0.9993114179353376;0.999995577788855;1.0;1.0;0.9989214948140259;0.9988980450509377;0.998888122458752;1.0001407561648248;0.9999999999999999;0.999972672780969;0.9999712466666386;1.0;1.024999976158142;
2016-07-29 20:15:00;0.9999817542257547;1.0;0.9999719660858808;0.9999913636825536;0.9999961705482722;1.0;1.0;0.99999296944096;0.999983716319374;0.9999974272425097;0.9999804233578392;0.9999951753257055;0.9999988766313518;0.9999928383570963;0.9999944547506914;0.999999083256922;0.9999996640496724;0.9999951121245669;0.9999999999999999;0.9999740769587308;0.9999744352682018;1.0;0.9999999999999999;0.9999994980085246;1.0001622359884175;0.9999717966085515;0.9999933288323561;0.9999978100971469;0.9994907763273252;0.9992332826300675;0.9993176072902118;0.9993938781939149;0.999995659188275;1.0;1.0;0.9990868425547306;0.9990642556520075;0.9990547438518693;1.0001395847138916;1.0;0.9999721132886452;0.9999709230768855;1.0;1.024999976158142;
2016-07-29 20:30:00;0.9999864490806495;1.0;0.9999785562795219;0.9999933485127662;0.9999982565545519;1.0;1.0;0.9999949283647405;0.9999890219696951;0.9999974014735888;0.9999847649340009;0.9999969559320552;0.9999995652917072;0.9999936612057194;0.9999941764388365;0.9999990372572524;0.999999705990886;0.9999978829414463;1.0;0.9999815089744287;0.9999826860636447;1.0;1.0;0.9999995241138817;1.000155588156387;0.999980208755576;0.9999953086207425;0.9999979785287698;0.9995581373264767;0.9993293484753494;0.9993961964478348;0.9994595245153991;0.9999965898682556;1.0;1.0;0.999178757513323;0.9991618050868976;0.9991522923580194;1.0001337985545136;1.0;0.9999810276022142;0.9999786636224562;1.0;1.024999976158142;
2016-07-29 20:45:00;0.9999807819169323;0.9999999999999999;0.999959879248692;0.9999908149738999;0.9999943319377897;1.0;1.0;0.9999865643237947;0.9999723219444722;0.9999968585731784;0.9999731621110592;0.9999970579303026;0.9999995478862415;0.9999891209543067;0.999993755580469;0.9999989536484589;0.9999994759854816;0.999993947585426;1.0;0.9999637111441871;0.9999735173134459;1.0;1.0;0.9999994756163176;1.0001610245542458;0.9999665636707685;0.9999920368965521;0.9999968691979999;0.9995354127649579;0.9993140607079046;0.999378535254469;0.9994505051643954;0.9999933651966703;1.0;1.0;0.9991751058960434;0.9991584762995062;0.9991489636023205;1.0001384395833472;1.0;0.9999694161086241;0.9999570060431653;1.0;1.024999976158142;
2016-07-29 21:00:00;0.9999821360332556;0.9999999999999999;0.9999672301141984;0.9999913654462463;0.9999955363788127;1.0;1.0;0.9999902768327477;0.999978908394445;0.9999973633547152;0.999977404937098;0.9999969827322587;0.9999992899379591;0.9999915434922882;0.9999944716144001;0.9999989983534616;0.9999995625151615;0.9999948992333072;1.0;0.9999700738302786;0.9999751898766788;1.0;1.0;0.9999994374378824;1.0001571097363546;0.9999702740979179;0.9999929487742587;0.999997521416224;0.9995671536874926;0.9993512981824622;0.9994349477010636;0.9995126622896578;0.9999947869521374;0.9999999999999999;0.9999999999999999;0.9992870193658244;0.9992701496352453;0.9992606358748503;1.0001351123796685;1.0;0.9999719859645229;0.9999653535805304;1.0;1.024999976158142;
2016-07-29 21:15:00;0.9999849426853905;1.0;0.9999679574331589;0.9999926060327207;0.9999953805054743;1.0;1.0;0.9999893506602935;0.999977594114031;0.99999784745909;0.9999781391473956;0.9999969133751265;0.9999996481422537;0.999991896808009;0.9999956658741038;0.9999991236648956;0.9999995452537257;0.9999950957059582;0.9999999999999999;0.9999707012368253;0.999978888999623;1.0;0.9999999999999999;0.9999994799130951;1.0001580397537793;0.9999728363855632;0.9999935460471058;0.9999977240760558;0.9995588285677033;0.9993410628701616;0.9994030909292856;0.999469364394122;0.9999948378813567;1.0;1.0;0.999199217626978;0.9991812020994598;0.9991704833757231;1.000136039169258;0.9999999999999999;0.9999753637653119;0.999965439726946;1.0;1.024999976158142;
2016-07-29 21:30:00;0.9999847917582406;0.9999999999999999;0.9999720835043557;0.9999920644076452;0.9999972339269503;1.0;0.9999999999999999;0.9999925993571793;0.9999835474602877;0.9999976927064264;0.9999795599044508;0.9999969424205915;0.9999996846125699;0.9999930904139958;0.9999947236340354;0.9999987825760349;0.9999995302598581;0.9999970211627293;1.0;0.999975120410678;0.9999797951483981;1.0;0.9999999999999999;0.9999992194180058;1.0001582895282641;0.9999746520877871;0.999994025442022;0.9999979346637285;0.9994628459650593;0.999245541116324;0.9993349729459974;0.999439367583881;0.9999957849457097;1.0;1.0;0.9991998959034764;0.9991828995045962;0.9991733865748842;1.0001360435389437;0.9999999999999999;0.9999768251940095;0.9999711418316871;1.0;1.024999976158142;
2016-07-29 21:45:00;0.9999834842685539;1.0;0.9999684709158579;0.9999920890228943;0.9999957055768974;1.0;1.0;0.9999902041934582;0.9999793423072907;0.9999973750009503;0.99997859046347;0.9999969692207916;0.9999994431948949;0.9999915385025575;0.9999946103776776;0.9999990892669344;0.9999995906016801;0.9999952093705373;1.0;0.999971433329738;0.9999772671733094;1.0;0.9999999999999999;0.9999995274836911;1.00015943811561;0.9999723937887627;0.9999934378807119;0.9999975190638406;0.999549635918233;0.9993219161423775;0.9993970554475989;0.9994685168497096;0.9999948797892539;1.0;1.0;0.9992047753957695;0.9991875461406696;0.9991776206727138;1.0001371761684126;1.0;0.9999742029707553;0.9999665910869289;1.0;1.024999976158142;
2016-07-29 22:00:00;0.9999852548127698;1.0;0.9999720481975565;0.9999931868315016;0.999995593012756;1.0;1.0;0.9999909624370955;0.9999808837480855;0.9999978277890351;0.9999814763242986;0.9999970385779352;0.9999993170899351;0.9999925796392839;0.9999957292086035;0.9999993682068878;0.9999996775680791;0.9999949466946962;1.0;0.9999741958617141;0.9999790436952649;1.0;1.0;0.9999997023206157;1.0001584265903243;0.9999751569022356;0.9999940819105381;0.9999978625606185;0.9995656680973098;0.9993397687535072;0.9994145847361856;0.9994828706248682;0.9999954020469995;1.0;1.0;0.9992248436567689;0.9992081511121325;0.9991986379420076;1.0001364922994456;1.0;0.9999763899320351;0.9999699775983171;1.0;1.024999976158142;
2016-07-29 22:15:00;0.9999853509854524;1.0;0.9999689658538907;0.9999929475943498;0.9999959373948987;1.0;1.0;0.9999896233130573;0.9999789438385175;0.9999973869977167;0.9999792231124621;0.9999970579303026;0.9999997844904347;0.9999912944323395;0.9999947120516366;0.9999991273399506;0.9999995868582199;0.9999957752177417;1.0;0.999972344994327;0.999980310440212;1.0;0.9999999999999999;0.9999995804391838;1.0001580344457406;0.9999747939417816;0.9999939865365466;0.9999974737020036;0.9995664731601612;0.9993485707068899;0.9994216268815003;0.9994925368764305;0.999994822600051;1.0;1.0;0.9992442527629213;0.9992273047040834;0.9992173788411842;1.0001359855314633;1.0;0.9999771783781519;0.9999669858363806;1.0;1.024999976158142;
2016-07-29 22:30:00;0.999976857737442;1.0;0.9999602450050662;0.9999893784997927;0.9999967823091759;1.0;1.0;0.9999886669761745;0.9999784694134455;0.9999941959438929;0.9999740118572724;0.9999970385779351;0.9999995972431319;0.9999858760736544;0.9999877675340866;0.9999985431196239;0.9999995813286209;0.9999964286055533;1.0;0.9999670501769028;0.999971960933469;1.0;0.9999999999999999;0.9999996197460285;1.0001633179249185;0.9999679348579661;0.9999923083524818;0.9999954704544133;0.9995768349533212;0.9993562793579465;0.9994172100596931;0.999478594781399;0.9999929727645817;1.0;1.0;0.9992082551279294;0.999191855805447;0.9991827236240804;1.0001399164228855;0.9999999999999999;0.9999694696809281;0.9999604849630911;1.0;1.024999976158142;
2016-07-29 22:45:00;0.9999587557987408;1.0;0.9999286651619933;0.9999810538761089;0.9999942423648689;1.0;0.9999999999999999;0.99997951233603;0.9999611053213104;0.9999895727926297;0.9999534080136306;0.9999969692207915;0.9999993421269687;0.9999746575429893;0.9999782419125152;0.9999974067721734;0.9999992460260214;0.9999936756919303;1.0;0.9999407926028969;0.999950071290218;1.0;1.0;0.9999993249820284;1.000172502292461;0.9999426357842367;0.99998627835916;0.9999918232395959;0.9996081045873704;0.9993948159264945;0.9994674324318151;0.9995341620597226;0.9999873824588221;1.0;1.0;0.9993085875481055;0.9992919668091028;0.9992828337127649;1.000146811775425;1.0;0.9999455292236569;0.9999289832087205;1.0;1.024999976158142;
2016-07-29 23:00:00;0.9999786418167844;1.0;0.9999592613954643;0.9999899085654771;0.9999953972441423;1.0;1.0;0.9999873609553093;0.999974651430103;0.9999956485908186;0.9999728408172275;0.9999970869757802;0.9999995780846087;0.9999875747061491;0.9999909883388515;0.9999987094034564;0.9999994993536744;0.999995041977183;0.9999999999999999;0.9999644977669246;0.9999723140420353;1.0;1.0;0.999999486566189;1.0001614860091044;0.9999664001180599;0.9999919784885166;0.9999962190263332;0.9996002012270515;0.9993830206409119;0.9994550333548532;0.9995187680839979;0.9999931022935507;1.0;1.0;0.99927879912983;0.9992622594214473;0.9992527457361728;1.0001385787353336;1.0;0.9999687998630267;0.9999577614214551;1.0;1.024999976158142;
2016-07-29 23:15:00;0.999974285936199;1.0;0.9999372306331605;0.9999882254266649;0.9999900143686861;1.0;0.9999999999999999;0.9999759365637718;0.9999524395580841;0.9999954314839326;0.999959994138042;0.9999969827322585;0.9999997580061574;0.9999822333147705;0.9999918491762773;0.9999988989792877;0.9999992513307568;0.9999898215147968;1.0;0.9999431205371138;0.9999640815113554;0.9999999999999999;1.0;0.9999996141206413;1.0001668118482527;0.9999521365687154;0.9999885470701363;0.9999950081108517;0.999608641519461;0.999389343722294;0.9994554615445134;0.9995140265317356;0.999989122827735;1.0;1.0;0.9992638841430634;0.9992470148030479;0.9992375012629129;1.000143315895461;1.0;0.9999574181619384;0.9999312017010887;1.0;1.024999976158142;
2016-07-29 23:30:00;0.9999547825838334;1.0;0.9999086054259497;0.9999797464557622;0.9999895974740054;1.0;1.0;0.9999688695937999;0.9999411705442892;0.9999888353409924;0.9999423222401942;0.9999970385779351;0.9999996082686189;0.9999688952971735;0.9999781034200056;0.999997624618337;0.9999990635054008;0.9999892621178762;1.0;0.9999218895193488;0.9999432650817531;1.0;1.0;0.9999995800690433;1.0001769082458611;0.9999307669724812;0.9999834150052817;0.9999903603741422;0.9996223926726129;0.9994056489150137;0.999481707377403;0.9995464877291743;0.9999835428014852;1.0;1.0;0.9993264423613823;0.9993094307818948;0.9992995041031932;1.0001507046980758;1.0;0.9999361483466104;0.9999051067127293;0.9999999999999999;1.024999976158142;
2016-07-29 23:45:00;0.9999747944679158;1.0;0.9999530540613651;0.9999882834398931;0.9999954636246773;1.0;1.0;0.9999856315005352;0.9999722360566426;0.9999940656676398;0.9999691892551302;0.9999970869757802;0.999999660753629;0.9999843406215411;0.999987681627074;0.9999984283751866;0.9999994632118235;0.9999951880020251;1.0;0.9999602352524851;0.9999686924193876;1.0;1.0;0.9999995126373431;1.00016352814764;0.9999625846941936;0.9999910399489635;0.9999951055079619;0.9996169527010604;0.9994064228346761;0.9994718890980748;0.999531707206282;0.9999918094833149;1.0;1.0;0.9992950850133213;0.9992782277076837;0.999268301338939;1.000140037506831;0.9999999999999999;0.9999651347917857;0.9999522121114014;1.0;1.024999976158142;
2016-07-30 00:00:00;0.9999863635076764;1.0;0.9999753988599694;0.9999931011636076;0.9999974516304944;0.9999999999999999;1.0;0.9999933265183396;0.999985489918299;0.9999977665834264;0.9999824079292239;0.9999969424205916;0.9999996592327699;0.9999935329936349;0.9999950413104804;0.999999005052267;0.9999996227568778;0.9999971867437086;1.0;0.9999781619954056;0.9999819349954208;1.0;1.0;0.9999994158325274;1.0001542511207455;0.9999778715035622;0.999994767213087;0.9999980455118519;0.9996419358421812;0.9994444166100787;0.9994918997026286;0.9995398172081836;0.9999961784082523;1.0;1.0;0.9992925203952538;0.9992761327162717;0.999267412293878;1.0001326726975353;0.9999999999999999;0.9999795063384771;0.9999746108741022;1.0;1.024999976158142;
2016-07-30 00:15:00;0.9999869772195604;1.0;0.9999731253748975;0.9999938679132828;0.9999962776126248;1.0;1.0;0.9999909850745203;0.9999816761797331;0.9999977100966847;0.9999822206353668;0.9999969827322587;0.9999996989753079;0.9999924044012968;0.9999954265506418;0.999999307609714;0.9999996655314396;0.9999960142900074;0.9999999999999999;0.9999759037572433;0.9999822837130368;1.0;1.0;0.9999996951411153;1.0001546485774566;0.999977877391646;0.9999947160823871;0.9999977944964293;0.9996211218807393;0.9994117526668327;0.9994848548939581;0.9995467653927212;0.9999954866822275;1.0;0.9999999999999999;0.9993229201295014;0.9993063427713508;0.9992972095436227;1.0001331809446619;1.0;0.9999796695478933;0.9999713491757044;1.0;1.024999976158142;
2016-07-30 00:30:00;0.9999811713320991;1.0;0.9999634927864547;0.9999910225952086;0.9999956450094781;0.9999999999999999;1.0;0.9999885755121541;0.9999767773921282;0.9999964117203709;0.9999754879347151;0.9999970869757802;0.999999600117258;0.9999893055451308;0.9999925774657072;0.9999988667431837;0.9999995349882398;0.9999953096513209;1.0;0.9999678374399097;0.9999751860799171;1.0;1.0;0.9999995004621128;1.0001575693237537;0.9999695737345606;0.9999927446395986;0.9999967904407137;0.9996398208507659;0.9994379243246905;0.9994899184151038;0.9995395795814692;0.999993897458329;1.0;1.0;0.9992944878652688;0.9992785581943722;0.9992698377508119;1.0001353487886835;1.0;0.9999718543285693;0.9999618502606341;0.9999999999999999;1.024999976158142;
2016-07-30 00:45:00;0.9999841682715429;1.0;0.9999703950269114;0.9999919232077039;0.9999959577933493;0.9999999999999999;0.9999999999999999;0.9999915567028387;0.9999807751919052;0.999998196450782;0.9999786518626897;0.9999971137759918;0.9999993866821982;0.9999934274816874;0.999996043481842;0.9999989730443702;0.9999995305334769;0.9999954401140831;1.0;0.9999724561818386;0.9999774859214644;1.0;1.0;0.9999992698275595;1.0001538445508027;0.9999721244216699;0.9999934317408614;0.999998136756685;0.999653225715144;0.9994619826411919;0.9995069549385015;0.9995538131967858;0.999995580033794;1.0;1.0;0.9993143979415703;0.9992979421789693;0.9992884281539696;1.0001323580607833;1.0;0.9999741407257103;0.9999684282392266;1.0;1.024999976158142;
2016-07-30 01:00:00;0.9999931169242695;1.0;0.9999853888754676;0.9999965831249408;0.9999974655996392;1.0;1.0;0.9999951186000335;0.999989195431997;0.9999994152090325;0.999989861841468;0.9999969827322586;0.9999997044341125;0.9999969159548621;0.999998884206858;0.9999996601014148;0.9999997848355094;0.9999972022767091;1.0;0.9999860368909979;0.9999896100974728;1.0;1.0;0.9999997331867505;1.000148957736102;0.9999867369712592;0.9999968624958019;0.9999991995622612;0.9996684803082344;0.999484048765502;0.9995253924556817;0.9995688890777662;0.9999977593907113;1.0;1.0;0.999335084601853;0.9993182140598477;0.9993086998418453;1.0001286043140833;0.9999999999999999;0.9999878303967067;0.999983838606923;1.0;1.024999976158142;
2016-07-30 01:15:00;0.9999922043565672;1.0;0.9999828863480018;0.9999960504772243;0.9999970892724754;1.0;1.0;0.9999942458764813;0.9999872706430749;0.9999993764477737;0.9999880168164518;0.9999970869757803;0.999999714000799;0.9999964696233082;0.9999988027072475;0.9999995786017413;0.9999997343112925;0.9999968458585776;1.0;0.999983668162529;0.9999882322219095;0.9999999999999999;1.0;0.9999996574060352;1.0001470275523052;0.9999846212232789;0.9999963664468043;0.9999990946662878;0.999722680282942;0.9995601853357042;0.9995754179329177;0.9996016446149868;0.9999973985284167;1.0;1.0;0.9993666234756277;0.9993497649631936;0.9993398378838307;1.00012689268407;0.9999999999999999;0.9999860686017632;0.9999810402775912;1.0;1.024999976158142;
2016-07-30 01:30:00;0.9999887876801026;0.9999999999999999;0.9999827175725843;0.9999944491223608;0.9999976890128254;0.9999999999999999;1.0;0.9999959507244861;0.9999900290881089;0.9999986988755504;0.9999873707015849;0.9999969827322586;0.9999993158250987;0.9999961589858701;0.9999970454296467;0.9999993483290317;0.9999997508826299;0.9999970610146743;1.0;0.9999837830711041;0.9999840624513806;1.0;1.0;0.9999995584777357;1.0001474963051773;0.9999819736834576;0.9999957580529851;0.999998848412874;0.9997103136625664;0.9995408598039922;0.9995478753710731;0.9995688389648294;0.9999974899895282;1.0;1.0;0.9993045095339214;0.9992876395080773;0.9992781255811662;1.0001270972505332;1.0;0.9999824018193568;0.9999819978975111;1.0;1.024999976158142;
2016-07-30 01:45:00;0.9999921081101657;1.0;0.99998705935376;0.999995505530789;0.9999986596178959;1.0;1.0;0.9999974779044117;0.9999927946614782;0.9999995005244543;0.9999893535945806;0.9999971831331541;0.9999996649490559;0.9999980994113865;0.9999984839205835;0.9999992821550853;0.999999714200106;0.9999984054672127;1.0;0.9999877015645162;0.9999887053066021;1.0;1.0;0.9999993768216391;1.0001441670718285;0.9999858995884445;0.9999967301431634;0.9999994689582912;0.9997473793709658;0.9995973660469;0.9996102687129848;0.999634976778505;0.9999984283374682;1.0;1.0;0.999420333637181;0.9994034855501942;0.9993931770234785;1.0001242595974251;1.0;0.9999869704177625;0.9999865031415723;1.0;1.024999976158142;
2016-07-30 02:00:00;0.9999932524938236;1.0;0.9999875914805518;0.999996534790073;0.9999981510516414;1.0;1.0;0.9999965244707701;0.9999917979233474;0.9999994030627686;0.999990937472878;0.9999970579303027;0.9999996762215841;0.99999752014432;0.9999986597096705;0.9999995819770725;0.9999997985334241;0.9999978678151787;1.0;0.9999882089217219;0.9999901120251008;1.0;1.0;0.9999996723456622;1.0001443374062058;0.9999878474357472;0.9999971424981305;0.9999993231846286;0.9997371610670605;0.999581533480431;0.9995766872695785;0.999590666388447;0.9999982064620406;1.0;1.0;0.999331632533554;0.9993150003318931;0.9993054861444878;1.0001245594239043;1.0;0.9999886460644127;0.999986635772084;1.0;1.024999976158142;
2016-07-30 02:15:00;0.9999931187042669;1.0;0.9999880036574714;0.9999964384590581;0.9999978857644967;1.0;1.0;0.9999968089926106;0.9999918019677839;0.9999997314038882;0.9999910047931172;0.9999970579303027;0.9999995202238612;0.9999981639309721;0.9999993476631834;0.9999996241695016;0.9999997979005433;0.999997450852103;1.0;0.9999880465901174;0.999989304430461;1.0;1.0;0.9999996404080728;1.0001399304670164;0.9999871466330137;0.9999969930344395;0.9999995456471854;0.9997911213663101;0.9996645475168484;0.9996362552453927;0.9996374730917339;0.9999983880437007;1.0;1.0;0.9993926736659439;0.9993766508053131;0.9993679295057244;1.0001208038374272;0.9999999999999999;0.9999877692629972;0.9999868176728474;1.0;1.024999976158142;
2016-07-30 02:30:00;0.9999902085618729;1.0;0.9999836052478459;0.9999947596512326;0.9999979691232566;1.0;0.9999999999999999;0.9999962178654885;0.9999902566352747;0.9999991738732505;0.9999873342700358;0.9999970579303026;0.9999995281264557;0.9999970235555095;0.9999979050609732;0.9999992662848372;0.9999996962968802;0.9999975740331075;1.0;0.9999844779637913;0.99998593295275;1.0;1.0;0.9999994070790214;1.0001393695971823;0.999982908656448;0.9999960066099969;0.9999991574492456;0.9998082390465733;0.999689892646865;0.9996646251697998;0.9996676022282881;0.9999977950841852;1.0;1.0;0.9994455118301495;0.9994291707477255;0.9994200363974028;1.0001200740281142;1.0;0.9999839611168866;0.9999827392479996;1.0;1.024999976158142;
2016-07-30 02:45:00;0.9999906092295935;1.0;0.9999856943275648;0.9999949535932905;0.9999983721587528;1.0;1.0;0.9999972349347225;0.9999922066900939;0.9999992253087798;0.9999886287790849;0.9999970869757802;0.9999994802925479;0.9999975563732549;0.9999979396496558;0.9999992818655274;0.999999726903135;0.999997928073561;1.0;0.9999864030734908;0.9999865685358935;1.0;0.9999999999999999;0.999999415476758;1.0001381853045095;0.9999841790650036;0.9999963157433706;0.9999992825254502;0.9998416353615868;0.9997373520860658;0.9996880753780448;0.9996760207512587;0.999998166522407;1.0;0.9999999999999999;0.9994394900830623;0.9994232407278618;0.9994141064317371;1.0001190581125194;1.0;0.999984900022645;0.9999851746152858;1.0;1.024999976158142;
2016-07-30 03:00:00;0.9999918785912657;1.0;0.9999869932089299;0.9999957820539641;0.9999981646133002;1.0;1.0;0.9999970070644435;0.9999921579890816;0.9999993705244453;0.9999900915092623;0.9999969827322586;0.9999995016313947;0.9999976827508392;0.9999984455352096;0.9999994759981192;0.9999997777369455;0.9999977205282006;1.0;0.9999874701097992;0.9999880776642414;1.0;0.9999999999999999;0.9999995717765628;1.0001369533255033;0.999986002046043;0.9999967264193974;0.9999993486971861;0.9998503405527593;0.9997492422758286;0.9996932680848245;0.9996765943954001;0.9999982449013697;1.0;1.0;0.9994342233042461;0.9994173510886045;0.9994078359267473;1.0001181121437188;1.0;0.9999865793912806;0.9999862135585762;0.9999999999999999;1.024999976158142;
2016-07-30 03:15:00;0.9999937353499592;1.0;0.9999890459322079;0.9999968515824799;0.9999985680145435;1.0;0.9999999999999999;0.9999970594922862;0.9999932238431172;0.9999992231422894;0.9999921065040291;0.9999969827322587;0.9999997245889554;0.9999974722545734;0.9999982645698574;0.9999996035289153;0.9999998341699151;0.9999983246002857;0.9999999999999999;0.99998987781184;0.9999912023523516;1.0;1.0;0.9999997352025444;1.0001352969736514;0.9999894678726852;0.9999975150124929;0.9999992660346094;0.999862577794694;0.9997697791863495;0.9997157903134339;0.9997011604251521;0.9999983571392285;1.0;1.0;0.9994781501136649;0.999461277156461;0.9994517615763965;1.0001167303639225;1.0;0.9999900576124529;0.9999884673385264;1.0;1.024999976158142;
2016-07-30 03:30:00;0.9999920874450224;1.0;0.9999876511951635;0.9999957195607844;0.9999981175070418;1.0;1.0;0.999997445840516;0.9999924761301814;0.9999997458714823;0.999990098854589;0.9999968575294378;0.9999994375337101;0.9999984716320878;0.9999991684666545;0.9999994639807551;0.999999759048412;0.9999976212994849;1.0;0.9999876465526845;0.9999879073634371;1.0;1.0;0.9999994838192069;1.0001376903868144;0.9999856675977591;0.9999966706465286;0.9999996125561321;0.9998529769009591;0.9997557294477117;0.9996985992429025;0.9996827005799003;0.9999985085696124;1.0;0.9999999999999999;0.9994455242504128;0.9994282558690812;0.9994187406034027;1.0001187800795155;1.0;0.9999862762760336;0.9999867257930812;1.0;1.024999976158142;
2016-07-30 03:45:00;0.9999927541342664;1.0;0.9999873782392114;0.9999960728117138;0.9999985655215907;1.0;1.0;0.9999970056838542;0.999992519262128;0.999999311011672;0.999990259783359;0.9999969827322587;0.9999997269765226;0.9999975884387974;0.9999982628651575;0.9999994141148998;0.9999997604009809;0.9999983511932311;0.9999999999999999;0.9999882370028889;0.9999897904380673;1.0;1.0;0.999999539737317;1.000137231045597;0.9999872957282294;0.9999970287885614;0.9999993129296195;0.9998367696466477;0.9997332916331418;0.9996725917032183;0.9996551587863126;0.999998277549292;1.0;0.9999999999999999;0.999397169742181;0.9993799807921826;0.9993700534126697;1.0001183130788323;1.0;0.9999882577446771;0.99998676827214;1.0;1.024999976158142;
2016-07-30 04:00:00;0.9999935610963346;1.0;0.9999892690021229;0.9999966361243887;0.9999985445467359;0.9999999999999999;1.0;0.9999974197726004;0.9999934710784726;0.9999994515817191;0.9999918724182887;0.9999970117777296;0.9999996537177797;0.9999979938666859;0.9999986662245153;0.9999995661517532;0.9999998150143821;0.9999982414011936;1.0;0.9999897817711372;0.9999906528101438;1.0;1.0;0.9999996533220632;1.0001365104014974;0.9999888223192023;0.9999973829688993;0.999999435371546;0.9998256779434647;0.9997327594249238;0.9996869862657946;0.9996857913213473;0.9999985259439497;0.9999999999999999;1.0;0.9994703002877076;0.999453812116254;0.9994446775407199;1.0001177826730092;1.0;0.9999894058036471;0.9999886341683802;1.0;1.024999976158142;
2016-07-30 04:15:00;0.9999919783368515;0.9999999999999999;0.9999878133426527;0.9999961325371548;0.9999982702669947;1.0;1.0;0.9999970643708679;0.999992893930652;0.9999990248316768;0.9999912932179095;0.9999968865749288;0.9999994738515557;0.9999971638649854;0.9999978460650409;0.9999995859645805;0.9999998421718463;0.999997775623174;1.0;0.9999885495380086;0.9999885583629354;1.0;1.0;0.9999997389116573;1.0001379134436352;0.9999873137563952;0.9999970076388001;0.999999147524512;0.9998134933591367;0.9997146480678833;0.999663593315646;0.9996595242763395;0.9999981845498789;1.0;1.0;0.9994223851707155;0.999405819190678;0.9993970976365445;1.0001189633705219;1.0;0.9999874680842912;0.9999872854582584;1.0;1.024999976158142;
2016-07-30 04:30:00;0.9999897826556554;0.9999999999999999;0.9999864190061667;0.9999946495151798;0.9999979609497178;0.9999999999999999;1.0;0.99999786030211;0.999992666529234;0.9999995359019382;0.9999889814694494;0.9999969133751263;0.9999991286418932;0.9999983257134175;0.9999986155292926;0.9999993724157737;0.9999997538466796;0.9999971645179597;1.0;0.9999862858331986;0.9999845307710956;1.0;1.0;0.9999994201340285;1.0001394755507202;0.9999828652303144;0.9999960235523917;0.9999995253493925;0.9997897075064981;0.9996828589346188;0.999624804411639;0.9996185168312712;0.999998415984728;1.0;1.0;0.9993505353788376;0.9993337377836469;0.9993246043055403;1.000120251616902;1.0;0.9999829590244328;0.9999857173844579;1.0;1.024999976158142;
2016-07-30 04:45:00;0.999994648967666;1.0;0.9999911915324179;0.9999970894029311;0.9999991192986862;0.9999999999999999;1.0;0.9999981168795894;0.9999951298330682;0.9999994501502752;0.9999930929751554;0.9999969268865582;0.9999997948112166;0.999998300490817;0.9999985870813844;0.99999955069688;0.9999998295903856;0.9999989571210128;1.0;0.9999918623076193;0.9999925825639474;1.0;1.0;0.9999996544555423;1.0001360084396265;0.9999909291785701;0.9999978822353814;0.9999994994768193;0.9998464681617214;0.9997496495846158;0.9997067426145965;0.9997004565508542;0.9999988194188051;1.0;1.0;0.9994882131938689;0.9994717742986587;0.9994630521689521;1.0001173365497689;1.0;0.9999915501456765;0.9999909106583629;0.9999999999999999;1.024999976158142;
2016-07-30 05:00:00;0.9999948070693057;1.0;0.9999922709365261;0.9999973367295655;0.9999987878107087;1.0;1.0;0.9999983626825418;0.9999953937884426;0.999999684602693;0.9999940556493874;0.9999953331687597;0.9999996040206243;0.9999987797040937;0.999999195265918;0.9999997007548383;0.9999998720225618;0.9999984233699908;1.0;0.9999923600424331;0.9999921861135118;1.0;1.0;0.9999997399022419;1.000136825604563;0.9999911277454222;0.9999979279283192;0.9999996622283251;0.9998394300153273;0.9997343367996404;0.9996730258854886;0.9996537490361164;0.9999989972325265;1.0;0.9999999999999999;0.9993923788373469;0.9993708943754702;0.9993621731261164;1.0001181466244298;1.0;0.9999913065814218;0.99999176912359;0.9999999999999999;1.024999976158142;
2016-07-30 05:15:00;0.9999917046035169;1.0;0.9999876043668045;0.9999955819571741;0.999998348214539;1.0;1.0;0.9999976032457027;0.9999930053279997;0.9999994758208932;0.9999901405407146;0.9999966377763332;0.9999994487533637;0.9999981154499668;0.9999985587019027;0.9999994205382964;0.999999767724493;0.9999978611794217;1.0;0.9999879163697777;0.9999877726455997;1.0;1.0;0.9999994994850406;1.0001381379939729;0.9999857932049935;0.9999966924987542;0.9999994662861426;0.9998429683436432;0.9997432195443378;0.9996770798521616;0.9996570852720942;0.9999984503573139;1.0;1.0;0.9993970155713647;0.9993790516449649;0.9993695368477454;1.0001191160090233;1.0;0.9999862904117025;0.9999869771627892;1.0;1.024999976158142;
2016-07-30 05:30:00;0.9999904420469431;1.0;0.9999844180480604;0.9999947282153884;0.999998598168929;1.0;1.0;0.9999968351915344;0.999991651175198;0.9999990045638738;0.9999876004227484;0.9999969827322586;0.9999996603220359;0.9999970307904283;0.9999973905171117;0.9999991494238288;0.9999996852403916;0.9999983440182616;1.0;0.9999856777449967;0.9999868780892337;1.0;1.0;0.9999993434609078;1.0001384573981398;0.9999838612233858;0.9999962378682432;0.9999991136356218;0.9998435862500834;0.999739834993638;0.999675479336783;0.9996545039914206;0.999997945734504;1.0;0.9999999999999999;0.9993913871439473;0.9993741982934057;0.9993642709713334;1.0001192024592598;1.0;0.9999850286974555;0.9999840355035731;1.0;1.024999976158142;
2016-07-30 05:45:00;0.9999932755918763;1.0;0.9999898120307507;0.9999963743401589;0.9999990344131997;0.9999999999999999;1.0;0.9999981051086289;0.9999947587526754;0.9999993076471918;0.9999918964217501;0.9999968865749287;0.9999996833472183;0.9999980707301974;0.9999981961773277;0.9999994492064653;0.999999804106147;0.9999987710898565;1.0;0.999990554921958;0.9999906799552376;1.0;1.0;0.9999995788836116;1.0001362479303268;0.9999889940078206;0.9999974339802667;0.9999994132311353;0.9998500784203586;0.9997501000630027;0.9996861769329881;0.9996653117636076;0.9999986681568532;0.9999999999999999;1.0;0.9994096309898314;0.9993924548545596;0.9993829399297322;1.0001174751690949;1.0;0.9999895449807373;0.9999896215738567;1.0;1.024999976158142;
2016-07-30 06:00:00;0.9999956591048115;1.0;0.9999929211168078;0.9999979359031168;0.9999989605482634;1.0;1.0;0.9999980966214009;0.9999956393936199;0.9999994300707067;0.9999950769392424;0.9999969559320553;0.9999997423837097;0.9999982591670555;0.9999987814986461;0.9999997864508458;0.9999999124763777;0.9999987155700335;1.0;0.9999934085474461;0.9999938342679022;1.0;1.0;0.9999998769879908;1.0001372279763945;0.9999930284220687;0.9999983473081369;0.9999994859383339;0.9998183465684528;0.9997118973859302;0.9996461004209873;0.9996284423007638;0.9999989032636539;1.0;1.0;0.9993520733266481;0.9993363386257983;0.9993284111233995;1.0001185137552713;1.0;0.9999931919577287;0.9999925503599327;0.9999999999999999;1.024999976158142;
2016-07-30 06:15:00;0.9999924224642281;1.0;0.9999888512338516;0.9999958134850333;0.9999988410579387;1.0;1.0;0.9999981527895958;0.9999942462220521;0.9999994700364191;0.9999907949696086;0.9999970869757803;0.9999995759235316;0.9999983493539318;0.9999984469514238;0.9999993692186295;0.9999997659659348;0.999998485789756;1.0;0.9999893364309868;0.999989146569303;1.0;1.0;0.9999994653789744;1.0001363483999284;0.9999871657254057;0.9999970226174563;0.9999995141126475;0.9998468025114321;0.9997556314158035;0.9997064179537183;0.9996992128987617;0.999998665442342;1.0;1.0;0.9994848346825796;0.9994685845901454;0.9994594498795973;1.0001175374656037;1.0;0.9999877744123296;0.9999885267204556;1.0;1.024999976158142;
2016-07-30 06:30:00;0.9999909533753797;1.0;0.9999869491074186;0.9999950569864959;0.9999984492605352;1.0;1.0;0.999997836335727;0.9999930912694658;0.9999994756244777;0.9999892501780733;0.9999968865749287;0.9999994150457859;0.9999982189593697;0.9999984200123394;0.999999300931369;0.9999997327344619;0.9999979438802287;1.0;0.9999872809995914;0.9999867611156396;1.0;1.0;0.9999993864644265;1.0001376263440782;0.9999845701084361;0.9999964221642421;0.9999994876177372;0.9998490776789565;0.9997589533623118;0.9997084576191299;0.9997007880687895;0.9999984605968666;1.0;0.9999999999999999;0.9994869358558457;0.9994706618337105;0.9994623206551285;1.000118609200227;1.0;0.999985148795392;0.9999864391317937;1.0;1.024999976158142;
2016-07-30 06:45:00;0.9999922413420984;0.9999999999999999;0.9999869166439315;0.9999958368106985;0.99999868254514;1.0;1.0;0.9999970214782705;0.999992631812315;0.9999991063964323;0.9999899428979212;0.9999969559320552;0.9999997273787034;0.9999972724239646;0.99999779170387;0.999999362902096;0.9999997576527109;0.9999984697806109;1.0;0.9999880185102453;0.9999893444130469;1.0;1.0;0.9999995313418167;1.000138577767377;0.9999869350584135;0.9999969415522396;0.9999991923923836;0.9998134484782444;0.9997027619824038;0.9996556335417084;0.9996482274050837;0.9999981820714663;1.0;1.0;0.9993990532865847;0.9993820971225419;0.9993725822963275;1.0001194288412694;0.9999999999999999;0.9999878593453179;0.999986492213573;1.0;1.024999976158142;
2016-07-30 07:00:00;0.9999904218825817;1.0;0.9999852699671933;0.9999954630610889;0.999998346669513;1.0;1.0;0.9999963762891712;0.999991976872817;0.9999983588686499;0.9999897747828167;0.9999968865749288;0.9999995232631691;0.9999958099866121;0.9999964177816629;0.999999455626949;0.9999998246558489;0.9999979010205007;1.0;0.9999868684051317;0.9999871727359773;1.0;1.0;0.9999997428666799;1.0001408031712864;0.9999858271859601;0.9999966355509805;0.9999986856859603;0.9997348462344745;0.9996297448296033;0.9995872264974617;0.9996036816034068;0.9999976511145082;1.0;0.9999999999999999;0.9993560501855429;0.999338874971126;0.9993293605564171;1.000121327268906;1.0;0.9999860683381782;0.9999850556753116;1.0;1.024999976158142;
2016-07-30 07:15:00;0.9999788227510716;1.0;0.9999638372746199;0.9999903364054235;0.9999966893950819;1.0;1.0;0.9999896254463999;0.9999799557270261;0.9999949580011055;0.9999763902192763;0.9999956940841187;0.9999994911976534;0.9999874769456443;0.9999893968830366;0.9999987494434536;0.9999996277929146;0.9999962222740654;0.9999999999999999;0.9999696011859379;0.999973763958127;1.0;1.0;0.9999996709898278;1.0001486147409708;0.9999702232671812;0.9999928516878647;0.999996020996545;0.9996169166204232;0.9995161671971877;0.9994884265478283;0.999544328211669;0.9999936359326215;1.0;1.0;0.9993090314015176;0.9992886975527502;0.9992799770207066;1.0001273829074855;1.0;0.9999714452629785;0.999963772173302;1.0;1.024999976158142;
2016-07-30 07:30:00;0.999972487981047;1.0;0.9999579254127515;0.9999872389090164;0.9999989876271032;0.9999999999999999;1.0;0.9999900711538184;0.9999824580079373;0.999991911683642;0.9999720932144254;0.9999953200994742;0.9999997699424179;0.9999828921896665;0.9999823472043544;0.9999979131186139;0.999999565093821;0.9999988254494514;1.0;0.9999676683932799;0.9999694897039085;1.0;0.9999999999999999;0.9999994878558549;1.000154902175277;0.9999666861078205;0.9999919825214477;0.9999942380825593;0.9994933154551783;0.9993821367314544;0.9993423542947734;0.9994157708563832;0.999992379162788;1.0;1.0;0.9991167522098005;0.9990949214319762;0.9990857901365476;1.0001320542165646;1.0;0.9999678236092395;0.9999608442812624;1.0;1.024999976158142;
2016-07-30 07:45:00;0.9999711147037337;1.0;0.9999536077667986;0.9999871015977453;0.9999975755858221;1.0;1.0;0.9999874992708027;0.999977882919837;0.9999915477929922;0.9999704496964552;0.9999968307292331;0.9999996313668412;0.9999812036237935;0.9999820915601354;0.999998132358633;0.9999995925105226;0.9999972417908649;1.0;0.9999634767226395;0.9999670813293328;0.9999999999999999;1.0;0.9999997316728687;1.0001595124246254;0.9999640837540839;0.9999913286282278;0.9999937757102763;0.999525678190866;0.9994182039609238;0.9993870121433155;0.9994609184126506;0.9999913989281969;1.0;1.0;0.9991937961662783;0.9991767405498041;0.9991676085065844;1.0001361326771425;0.9999999999999999;0.999965160471999;0.9999556087718047;1.0;1.024999976158142;
2016-07-30 08:00:00;0.9999891274686207;1.0;0.999985372813177;0.9999949432290488;0.9999983900411613;1.0;1.0;0.9999969734346857;0.9999928878421561;0.9999981630987169;0.999989793086753;0.9999969559320552;0.9999993018142723;0.9999957689182287;0.9999959502085869;0.9999994335865342;0.9999998477145357;0.9999977222203037;1.0;0.9999868874437365;0.9999853585116354;1.0;1.0;0.9999997485428541;1.0001464750305935;0.9999847867372289;0.9999963939456541;0.9999986236435331;0.9995313059800465;0.9994191739892823;0.9993722483985953;0.9994304454095629;0.9999976995394078;1.0;0.9999999999999999;0.9991211510279564;0.9991048097696105;0.9990960908423077;1.0001261976121836;1.0;0.9999844870198871;0.9999854626646206;1.0;1.024999976158142;
2016-07-30 08:15:00;0.9999915891197302;1.0;0.9999867159987542;0.9999959186687852;0.99999869775294;0.9999999999999999;1.0;0.9999967710466836;0.9999928962196475;0.9999985069192222;0.9999906300545223;0.9999969827322587;0.9999996635354951;0.99999621782086;0.9999966845421587;0.9999994553036753;0.9999998252601718;0.9999983946073515;0.9999999999999999;0.9999883176093193;0.9999889553341686;1.0;1.0;0.999999726462092;1.000144461609156;0.9999874881338953;0.9999970339856314;0.9999988109572323;0.9995236643777048;0.9994159098049952;0.9993676646377007;0.9994285300424405;0.9999978993701107;0.9999999999999999;1.0;0.9991213280573453;0.9991053642357696;0.9990970261058134;1.0001245042411064;1.0;0.9999879048266815;0.9999866081423285;1.0;1.024999976158142;
2016-07-30 08:30:00;0.999988963003995;1.0;0.9999799183757773;0.9999940936762272;0.9999978624212961;1.0;0.9999999999999999;0.9999948795347501;0.9999880003165544;0.9999986591554254;0.9999848897802118;0.9999970579303026;0.9999997023080549;0.9999956222848055;0.9999968139714089;0.9999991011078534;0.9999996371181555;0.9999976496569415;0.9999999999999999;0.9999816916478758;0.9999848767203896;1.0;0.9999999999999999;0.9999993481648317;1.0001556202217559;0.9999809168805899;0.99999552249657;0.9999987242874916;0.9993666104310035;0.9991865708770536;0.9992048403431287;0.9993073945602248;0.9999971155987919;1.0;1.0;0.9989752196184384;0.9989592034506803;0.998950485794046;1.000133992014557;1.0;0.9999825497463306;0.9999790462274295;1.0;1.024999976158142;
2016-07-30 08:45:00;0.9999908011602442;1.0;0.9999869589629578;0.9999955877134491;0.9999984417704095;0.9999999999999999;1.0;0.9999971967979275;0.9999931898660722;0.9999986687521065;0.9999906519256945;0.9999969827322586;0.9999994199092408;0.9999966629931558;0.9999970147484725;0.9999994895195915;0.9999998376533606;0.9999978965677997;1.0;0.9999880517081708;0.9999873175971807;1.0;1.0;0.9999997145147314;1.0001495275220442;0.9999863220502543;0.9999967713615212;0.9999989468407072;0.9993968659543412;0.999255905832236;0.9992552808325221;0.9993577248216944;0.9999980360008055;0.9999999999999999;1.0;0.9990586905782941;0.9990427277575312;0.9990343901503139;1.0001289189224074;1.0;0.9999863196571644;0.9999867739398364;1.0;1.024999976158142;
2016-07-30 09:00:00;0.9999922009308403;0.9999999999999999;0.9999862852456574;0.9999961582704783;0.9999980878281839;1.0;1.0;0.9999961726101299;0.999991331243339;0.9999990174742555;0.9999902928284659;0.9999969827322587;0.999999630931773;0.999996757609256;0.999997875382282;0.9999995516052259;0.9999998053318985;0.9999977540330557;1.0;0.9999872805032346;0.9999889632873395;1.0;1.0;0.9999997113428147;1.0001531666438384;0.9999869044801604;0.9999969052661121;0.9999990598924979;0.9993367077083962;0.9991615827884942;0.999162311155705;0.9992633641823832;0.9999979090684359;1.0;1.0;0.998899029199557;0.9988824588731592;0.9988733295195464;1.0001321401367307;0.9999999999999999;0.9999875660956571;0.9999854819144985;1.0;1.024999976158142;
2016-07-30 09:15:00;0.9999926296715349;1.0;0.9999883225345336;0.9999963211167947;0.9999985490597109;1.0;1.0;0.9999972167599662;0.9999933010157548;0.999999073978301;0.9999914688648268;0.9999969133751266;0.9999996075463815;0.9999973083516034;0.9999978863458054;0.999999540228816;0.9999998271489147;0.9999981937916319;0.9999999999999999;0.9999891965274645;0.9999896952607538;0.9999999999999999;1.0;0.9999996974525125;1.0001520490100195;0.9999881635145706;0.9999972117461436;0.9999991911953148;0.9993770007595382;0.9991996082500936;0.9992272538111119;0.9993334641520182;0.999998284168623;1.0;1.0;0.9990237247306571;0.9990066397380066;0.9989971284864126;1.0001311680893763;1.0;0.9999885664125246;0.9999878934031274;1.0;1.024999976158142;
2016-07-30 09:30:00;0.9999840694892073;1.0;0.9999722077428501;0.9999918731833746;0.9999971330144777;1.0;1.0;0.9999928265865706;0.9999839224722968;0.9999975629592324;0.999979817975199;0.9999970579303027;0.9999995205030682;0.9999929899887153;0.9999944915349908;0.9999988273830885;0.9999995612507248;0.9999967486610376;1.0;0.9999751359842326;0.9999786896341399;1.0;1.0;0.999999274309054;1.000159585092068;0.9999741696753657;0.9999939073222188;0.9999978773064822;0.99932469003012;0.9991191080576357;0.9991394745855492;0.999241296944072;0.9999957795092766;1.0;1.0;0.9988637589407076;0.9988474273700294;0.9988382983365897;1.0001371723416113;1.0;0.9999759132086952;0.9999713713400971;1.0;1.024999976158142;
2016-07-30 09:45:00;0.9999755736401192;0.9999999999999999;0.9999617990964711;0.9999889273565382;0.999998404694768;1.0;1.0;0.9999902863963306;0.9999827684317344;0.9999928934525207;0.9999752506976225;0.9999968672225609;0.9999996955351962;0.9999845303984428;0.9999847251976706;0.9999983191485392;0.9999996429710412;0.9999981413715903;1.0;0.999970176634326;0.9999723788456854;1.0;1.0;0.999999680614144;1.0001622333771247;0.9999699748352066;0.9999927570040781;0.9999948463380333;0.9993616404328941;0.9991744894669791;0.9991966363208963;0.9993006998502025;0.9999929916075172;1.0;0.9999999999999999;0.9989659661085188;0.9989490283677235;0.9989398984056945;1.0001387134740591;1.0;0.9999708450824848;0.999963862796093;1.0;1.024999976158142;
2016-07-30 10:00:00;0.9999664006628063;0.9999999999999999;0.9999435146786669;0.9999852958672334;0.9999957470265812;1.0;0.9999999999999999;0.9999834408761493;0.9999702298508845;0.9999904810502258;0.9999647201895571;0.9999970869757802;0.9999994444009025;0.9999777559735866;0.999980287977282;0.9999980912744093;0.9999995365027565;0.9999952109980204;1.0;0.9999543855339114;0.9999605298753134;0.9999999999999999;1.0;0.9999998464315567;1.000172147081138;0.999956496534869;0.9999894928489051;0.9999927523234357;0.9993012842931174;0.9990884106888407;0.9991231683565489;0.9992379984937229;0.9999894734606708;1.0;0.9999999999999999;0.9988759813009886;0.9988600583014705;0.9988513415100498;1.000146944527074;1.0;0.9999578705323081;0.9999446068422863;1.0;1.024999976158142;
2016-07-30 10:15:00;0.9999637565822201;1.0;0.9999445248568464;0.9999837909406679;0.9999984188003954;1.0;1.0;0.9999861057315159;0.9999764347044974;0.9999887083061346;0.999964616877887;0.9999969133751264;0.999999670767241;0.9999761549859281;0.999975870841527;0.9999974950254522;0.9999995302288761;0.9999981355638573;1.0;0.9999577673815873;0.9999601965301856;1.0;1.0;0.9999996604654013;1.0001759229031022;0.9999575445925472;0.9999897441450454;0.9999919384720585;0.9992466848755213;0.9990151173314079;0.9990634847272812;0.9991903590450549;0.9999895757797728;1.0;1.0;0.9988127060096255;0.998795917454546;0.9987867888918844;1.0001496951553752;1.0;0.9999584976910056;0.999948399856762;0.9999999999999999;1.024999976158142;
2016-07-30 10:30:00;0.9999653528338621;1.0;0.999945849246881;0.9999842102059914;0.9999982087942388;1.0;1.0;0.9999864031257674;0.9999762216606746;0.9999896316325189;0.9999648176677688;0.9999970579303025;0.999999711307996;0.999977729927427;0.9999777325336483;0.9999975208626172;0.9999994827223987;0.9999979852934203;1.0;0.9999581751581058;0.999961447889965;1.0;0.9999999999999999;0.999999514561223;1.0001761575888983;0.9999579307937222;0.9999898677945787;0.9999925202392573;0.999136205225484;0.9989056904905709;0.9989801360747043;0.9991480389836059;0.9999900431954096;0.9999999999999999;1.0;0.9987967513990743;0.9987804209239793;0.9987712925029495;1.0001500082413888;0.9999999999999999;0.9999593326014744;0.9999491327802291;1.0;1.024999976158142;
2016-07-30 10:45:00;0.9999688811222489;1.0;0.9999517104840452;0.9999858064149229;0.999997334595559;0.9999999999999999;1.0;0.9999878056006792;0.9999774012884136;0.9999916325406658;0.9999683573408493;0.9999969827322585;0.9999993695107554;0.9999814767622197;0.9999820687279422;0.9999979533974093;0.9999995326015401;0.999996766328749;1.0;0.99996126028371;0.9999635411662993;1.0;1.0;0.9999995306206461;1.000175903418895;0.9999603530164559;0.9999904807898928;0.9999938533041449;0.9991314982762897;0.9988722227909359;0.9989446210833552;0.9990982383307876;0.9999913492944095;0.9999999999999999;1.0;0.9986947765036248;0.9986785267016154;0.9986698114943738;1.0001502224869059;1.0;0.9999613203553187;0.9999537061619369;1.0;1.024999976158142;
2016-07-30 11:00:00;0.9999817850363528;1.0;0.9999727074467153;0.9999919729032726;0.9999986028600073;1.0;1.0;0.9999931073690026;0.9999877949246792;0.9999947786077222;0.999982690859554;0.9999970385779352;0.9999995817780566;0.9999887284756082;0.9999888484451726;0.9999988885885176;0.9999997887214135;0.9999981985970385;1.0;0.9999785646550609;0.9999790156228223;1.0;1.0;0.9999998740931041;1.0001645018201437;0.9999780596882785;0.9999946912243852;0.9999962410991129;0.9991884845660151;0.998960089516779;0.9990343983218387;0.9991887286155287;0.999994919532359;1.0;1.0;0.998846743987003;0.9988300577587081;0.9988205481882999;1.0001411614680262;1.0;0.99997815352319;0.9999742085483088;1.0;1.024999976158142;
2016-07-30 11:15:00;0.9999759408414349;1.0;0.9999626331324187;0.9999889928594439;0.9999987384424716;1.0;1.0;0.9999907518798979;0.9999836856731082;0.9999929282680097;0.9999755804156598;0.9999969133751265;0.9999997597541431;0.999984790342282;0.9999847025407305;0.9999982677210584;0.9999996359262907;0.9999985455868996;1.0;0.9999710713153298;0.9999730876133593;1.0;1.0;0.9999996338545384;1.0001669780282076;0.9999706664074262;0.9999929280070756;0.9999949106326156;0.9992357541027451;0.9990060587094038;0.9990566803346138;0.9991863307129415;0.9999931693228672;1.0;1.0;0.9988093259786595;0.9987922446525896;0.9987827354421889;1.0001427913129117;1.0;0.9999716040515119;0.9999649064128425;1.0;1.024999976158142;
2016-07-30 11:30:00;0.9999669268733083;0.9999999999999999;0.9999482400796278;0.9999849149853298;0.9999978104224588;0.9999999999999999;0.9999999999999999;0.9999869154803449;0.9999765751313188;0.9999905044024068;0.9999662529387727;0.9999969827322587;0.9999995806531299;0.9999793121236301;0.9999796125667721;0.9999977047402512;0.999999500518711;0.9999974551546423;0.9999999999999999;0.9999594001621775;0.9999624288373221;1.0;1.0;0.9999995182769785;1.0001741360630931;0.9999589681975756;0.9999901257725872;0.9999930942688722;0.9991990356041637;0.9989558892893254;0.9990217240610251;0.9991636268385905;0.999990575970811;1.0;1.0;0.9987882065256249;0.9987707352283729;0.998760433228274;1.0001484464212123;1.0;0.999960237205001;0.9999509394484657;0.9999999999999999;1.024999976158142;
2016-07-30 11:45:00;0.9999756161262987;1.0;0.9999621893681756;0.9999889449153674;0.9999985223642756;1.0;1.0;0.9999905022345145;0.9999832188190128;0.9999928679437063;0.9999754873004237;0.9999967688199891;0.9999996938528277;0.9999845894110108;0.999984655130771;0.9999983127569485;0.9999996484557303;0.999998257477206;1.0;0.9999705833578291;0.9999725164330736;1.0;1.0;0.9999996804522013;1.0001703089721468;0.9999702426314679;0.9999928216048802;0.9999948502324678;0.9991963158077907;0.9989500517209658;0.9990323223867621;0.9991820288641428;0.9999930585301662;1.0;0.9999999999999999;0.9988296700518958;0.9988124233851637;0.9988032946716454;1.0001456911433884;0.9999999999999999;0.9999710515049312;0.9999643604189398;1.0;1.024999976158142;
2016-07-30 12:00:00;0.9999775619917353;1.0;0.9999654206819788;0.9999897249559637;0.9999983842964209;0.9999999999999999;1.0;0.999991451707454;0.9999843589559051;0.9999938216637462;0.9999772702604008;0.9999970117777296;0.9999996093212686;0.9999865092585065;0.99998665936323;0.99999846254565;0.9999996599952613;0.9999980397648033;1.0;0.9999725931218171;0.9999740920916117;1.0;1.0;0.9999996425120765;1.0001706974607527;0.9999718524154603;0.9999932341672321;0.9999955094519096;0.999173002037444;0.9989165106177497;0.9989905520391613;0.9991358278960197;0.9999937914921105;1.0;1.0;0.9987465275720698;0.9987300513406294;0.9987209233799558;1.0001462037898112;1.0;0.9999725798792493;0.9999671361010177;1.0;1.024999976158142;
2016-07-30 12:15:00;0.9999843777774313;1.0;0.9999749092097793;0.9999926875847734;0.9999982787124883;0.9999999999999999;1.0;0.9999935751198056;0.99998748247263;0.9999962214052804;0.9999831369063779;0.9999970117777295;0.9999996521103924;0.9999912098111252;0.9999918089236264;0.999998944668497;0.9999997187680866;0.9999979740032013;0.9999999999999999;0.9999792975373677;0.9999810973821693;1.0;0.9999999999999999;0.9999996580941641;1.0001668976609759;0.999978807779326;0.9999949273196463;0.9999971459391894;0.9991717915731707;0.9989207417219426;0.9990082327532392;0.9991634292983794;0.9999956716280147;1.0;1.0;0.9988061853024125;0.9987900252583932;0.9987813090781328;1.0001434138590553;1.0;0.9999795963986139;0.999975466557678;0.9999999999999999;1.024999976158142;
2016-07-30 12:30:00;0.9999702587308439;0.9999999999999999;0.9999539163755664;0.9999858379592446;0.9999985881683392;1.0;1.0;0.9999893052146215;0.9999800967674555;0.9999918916144386;0.9999685886519362;0.9999969133751265;0.9999997058407761;0.9999825448449607;0.9999821685299071;0.9999976620970499;0.999999455811856;0.9999983953127963;1.0;0.9999637386445666;0.9999661880279752;1.0;1.0;0.9999992438613184;1.0001733903608323;0.9999622043451517;0.9999909630652685;0.9999941486981238;0.9991898776212708;0.9989432505931977;0.999011294935722;0.9991546972361562;0.9999919658012308;1.0;0.9999999999999999;0.9987754943503014;0.9987590235823216;0.9987503076726048;1.000147916169019;1.0;0.9999638525613248;0.9999565667099274;1.0;1.024999976158142;
2016-07-30 12:45:00;0.9999582542938025;1.0;0.9999362911665818;0.9999813033017961;0.9999973281679557;1.0;1.0;0.9999839715606103;0.9999717613736917;0.9999877546454944;0.9999591271861986;0.9999968865749289;0.9999993354432626;0.9999737316173778;0.9999739196528178;0.9999972552028139;0.9999994522866861;0.9999967216710253;0.9999999999999999;0.9999502930248564;0.9999526669571862;1.0;1.0;0.9999995753822015;1.0001798754594946;0.999949508361909;0.9999878417092553;0.9999911634121978;0.9991827306048247;0.9989337176879777;0.9990114179975257;0.9991623646374245;0.999988220659752;1.0;0.9999999999999999;0.9987985081662781;0.9987807325405318;0.998770430437314;1.0001528965523734;1.0;0.999950417015065;0.9999399549422894;1.0;1.024999976158142;
2016-07-30 13:00:00;0.9999844439013752;1.0;0.9999745434855946;0.9999926025820908;0.9999982689992073;1.0;1.0;0.9999934859001991;0.9999871408037403;0.9999963300959824;0.999982670768629;0.9999969827322586;0.9999996946197469;0.9999913318958903;0.9999919725882582;0.9999988978606063;0.9999996928950525;0.9999980148486235;1.0;0.9999789166786449;0.9999811381530818;1.0;1.0;0.999999597601544;1.0001651012265436;0.9999784740457209;0.9999948529910401;0.9999972050133006;0.9991800785037449;0.998925880166426;0.999020952358854;0.9991767003883948;0.999995659750479;1.0;1.0;0.9988291527618761;0.998811363570397;0.9988006488141059;1.0001418457906124;1.0;0.9999794780459721;0.9999750197455809;1.0;1.024999976158142;
2016-07-30 13:15:00;0.999989417058836;1.0;0.9999821257757159;0.9999951525606511;0.9999986227503803;1.0;1.0;0.9999950062129519;0.9999905455272526;0.9999973185682693;0.9999883138483608;0.9999970385779352;0.9999998076359897;0.9999935613714094;0.9999942814184188;0.9999993266258502;0.9999998150119768;0.9999984498081936;1.0;0.9999852949036414;0.9999872643069811;1.0;1.0;0.9999998294263384;1.000161769940887;0.9999855753950583;0.9999965279883526;0.9999979374846335;0.9992837647072306;0.9990378917145474;0.9991165995079506;0.9992424694859386;0.9999968229678898;1.0;0.9999999999999999;0.9988991603566466;0.9988815459967364;0.9988708304875629;1.0001392872344619;0.9999999999999999;0.9999862021111485;0.9999823522283644;1.0;1.024999976158142;
2016-07-30 13:30:00;0.9999839882376512;1.0;0.9999755184101417;0.9999921295093074;0.9999984445425621;1.0;1.0;0.9999945808397034;0.9999884139865173;0.9999966787486424;0.9999825282859348;0.9999969133751265;0.9999995406488676;0.9999923752782587;0.9999925141960543;0.9999988034731327;0.999999665684884;0.9999980586247377;1.0;0.9999793408636939;0.9999800889079766;1.0;1.0;0.999999435490221;1.0001646812250569;0.9999775098346743;0.9999946666424185;0.999997512391068;0.9992720612809266;0.9990301597093899;0.9991344235600848;0.9992804409012538;0.9999960794343263;1.0;1.0;0.998989833297751;0.9989718215454251;0.9989611050678199;1.0001414645918865;1.0;0.9999783638339628;0.9999761183774348;1.0;1.024999976158142;
2016-07-30 13:45:00;0.9999833494366864;0.9999999999999999;0.9999733145902028;0.9999920136699709;0.9999976536647788;1.0;1.0;0.9999933199429462;0.9999859569519334;0.9999966616042714;0.999981503675089;0.9999953331687598;0.9999994519232424;0.9999917866255246;0.9999926781111907;0.9999989005301537;0.9999996650667714;0.9999971681938131;1.0;0.9999770373000141;0.9999787423729556;1.0;1.0;0.9999995168510981;1.0001687108253465;0.9999758964810341;0.9999942682538371;0.9999973858434725;0.9992275498294233;0.9989438919518737;0.9990619105568551;0.9992064912734463;0.9999956361626835;0.9999999999999999;1.0;0.9988650117043952;0.998842001337804;0.9988312862528461;1.0001450057003471;1.0;0.9999767887817906;0.9999733438081817;1.0;1.024999976158142;
2016-07-30 14:00:00;0.9999927714565804;1.0;0.9999886911319986;0.9999964292364799;0.9999992394879635;1.0;1.0;0.9999974271139814;0.9999945039003372;0.9999985278018246;0.9999919221218871;0.9999965125895541;0.9999998058571283;0.9999965409185911;0.9999966671441515;0.9999994536677234;0.9999998419298931;0.9999990773102709;1.0;0.9999904252053992;0.9999909785706815;1.0;1.0;0.999999736751015;1.0001582510972091;0.9999896869298691;0.9999975533542327;0.9999988847146973;0.999320066393405;0.9990840197579378;0.9991663546518574;0.9992900720872675;0.9999981948440974;1.0;1.0;0.9989757635558378;0.9989568013634438;0.9989464974441326;1.0001364273943925;1.0;0.999990141851049;0.9999889000499922;1.0;1.024999976158142;
2016-07-30 14:15:00;0.9999900663743343;1.0;0.9999845363420843;0.999995107118266;0.9999988525852678;1.0;1.0;0.999996467979768;0.9999923509318804;0.9999980547952806;0.999988954640264;0.9999970385779351;0.9999996918994316;0.9999953718920885;0.999995610577109;0.9999992750846532;0.9999997860825612;0.9999985892619723;0.9999999999999999;0.9999867659852343;0.9999874262421327;0.9999999999999999;1.0;0.9999996428515736;1.0001593821759136;0.999985689285242;0.9999966077223998;0.9999985124051647;0.9993127913913212;0.9990780356716557;0.9991625806571589;0.9992901593717123;0.9999975463109115;1.0;0.9999999999999999;0.9989810222635008;0.9989637236864255;0.9989534196957125;1.0001372661850512;1.0;0.9999862625881563;0.9999847351312309;1.0;1.024999976158142;
2016-07-30 14:30:00;0.9999889732466948;1.0;0.999982510273311;0.9999945804785533;0.9999979386168386;1.0;0.9999999999999999;0.9999957387038224;0.9999901131796969;0.9999984078938136;0.9999874468988689;0.9999971137759919;0.9999994526846713;0.9999956074441209;0.9999964469182915;0.9999993226287187;0.9999997565316023;0.9999974424093705;1.0;0.9999840703550571;0.999984872000712;1.0;1.0;0.9999995961915494;1.0001611949485536;0.9999827432438216;0.9999959257133396;0.9999986546089679;0.9993143372871188;0.999069316560041;0.9991749362986835;0.9993098252840709;0.9999973484645457;1.0;0.9999999999999999;0.9990241307792614;0.99900736255477;0.9989974388766746;1.0001389002300718;1.0;0.9999833000383639;0.9999820050646676;1.0;1.024999976158142;
2016-07-30 14:45:00;0.9999884565690141;1.0;0.9999829307116;0.9999942805534916;0.9999984839033033;1.0;1.0;0.9999963942699284;0.9999915373039748;0.9999980914567537;0.999987536596187;0.9999966668218052;0.9999994776544975;0.999995398964758;0.9999956282581874;0.99999920682459;0.9999997574663447;0.9999980183452806;1.0;0.9999848984741135;0.9999847698577067;1.0;1.0;0.9999995550963627;1.0001597068981376;0.9999829842694914;0.9999959849926766;0.999998526715595;0.9993813021307849;0.9991260043768035;0.9992186284495767;0.9993253323614502;0.9999974170492018;1.0;1.0;0.9990123078743955;0.9989938323291144;0.9989835280278404;1.000137515295723;1.0;0.99998340990587;0.9999829938657604;1.0;1.024999976158142;
2016-07-30 15:00:00;0.9999906359652099;1.0;0.9999838092292324;0.9999955244250428;0.9999979058557372;1.0;1.0;0.9999954322296978;0.9999900830977418;0.9999985240690517;0.9999888547274582;0.9999965416190684;0.9999995936316142;0.9999956507777178;0.9999968581865966;0.9999994793300556;0.9999997943543132;0.9999975322427626;0.9999999999999999;0.9999853444367404;0.9999871706871598;1.0;0.9999999999999999;0.999999730792315;1.0001581263880206;0.999985078747542;0.9999964571688019;0.9999986967213361;0.9993963458039521;0.9991584485962288;0.9992363433780869;0.9993391733312347;0.9999974127397905;0.9999999999999999;1.0;0.9990301654401026;0.9990109765147428;0.9990002596171024;1.000136342871077;0.9999999999999999;0.999985721872274;0.9999831028311931;1.0;1.024999976158142;
2016-07-30 15:15:00;0.9999898139654322;1.0;0.9999849760038201;0.999995037501613;0.9999989983708985;1.0;1.0;0.9999968033438944;0.9999930513854978;0.9999979366614203;0.9999892848567231;0.9999969424205913;0.9999996437916329;0.9999953342827824;0.9999953356575088;0.9999992705692714;0.999999802476297;0.9999986844888319;1.0;0.999987259409916;0.9999872109853862;0.9999999999999999;1.0;0.9999996609581606;1.00015709307255;0.999985852487334;0.9999966443186026;0.9999984731427806;0.9994721145233425;0.9992281383178484;0.9993038027646289;0.9993848506116757;0.999997601782698;1.0;1.0;0.9990776033897957;0.9990596816501056;0.9990489642299806;1.000135270081726;0.9999999999999999;0.9999862102059577;0.9999853854429863;1.0;1.024999976158142;
2016-07-30 15:30:00;0.9999900178476522;0.9999999999999999;0.9999851679070355;0.9999949238414652;0.9999984838339521;1.0;1.0;0.999996961507371;0.9999923269550647;0.9999986800971196;0.9999888371739326;0.9999969424205915;0.9999994863958787;0.9999965765956734;0.9999968737410893;0.9999993039182336;0.9999997655831973;0.9999980290123403;0.9999999999999999;0.9999864519167996;0.9999863438021183;1.0;1.0;0.9999995395722255;1.0001587161089476;0.9999845043027721;0.9999963622158521;0.9999989314940839;0.9994413214668186;0.9991881400704319;0.9992851318983534;0.9993814290599737;0.9999978858522256;1.0;1.0;0.9990925905844144;0.9990749858374679;0.9990646806991212;1.0001367690891705;1.0;0.9999849641367135;0.9999849669635466;1.0;1.024999976158142;
2016-07-30 15:45:00;0.999987001463536;1.0;0.9999803584405353;0.9999936629181899;0.9999980697541407;1.0;1.0;0.9999955441220891;0.9999898106295916;0.9999978218102165;0.9999859425356323;0.9999968381771025;0.9999993978871978;0.9999945984224385;0.9999951107150551;0.99999916365686;0.9999997373952965;0.999997524551734;1.0;0.9999825619990615;0.9999827468705015;1.0;1.0;0.9999995548515003;1.0001603169500957;0.9999807478638482;0.9999954487809418;0.9999982863693048;0.9994704382909978;0.9992078180892204;0.9993047528604768;0.9993901344034697;0.9999969652854368;1.0;0.9999999999999999;0.9990926847896421;0.9990747502198166;0.9990644450839006;1.0001379965784416;1.0;0.9999812038157788;0.9999802646804679;1.0;1.024999976158142;
2016-07-30 16:00:00;0.9999874802350472;1.0;0.9999773721034808;0.9999941168641697;0.9999978367982;1.0;1.0;0.9999933514523742;0.999986894840667;0.9999971990199829;0.9999849259485112;0.9999966109761461;0.9999997722220071;0.9999926434003522;0.9999940619503745;0.9999991996010767;0.9999997319979784;0.9999976439428019;1.0;0.9999807553984974;0.9999843131756728;1.0;0.9999999999999999;0.9999997168595586;1.0001619855596224;0.9999814348814914;0.999995554287455;0.9999977109398623;0.9994775871339923;0.999211163597396;0.9993011678437098;0.9993793620100171;0.9999961153312058;1.0;1.0;0.9990653115063644;0.9990469517748113;0.9990370277034549;1.0001394031321054;1.0;0.999982588179566;0.9999770394159151;1.0;1.024999976158142;
2016-07-30 16:15:00;0.9999746469753803;1.0;0.9999607037679205;0.999988017962371;0.9999981797578396;0.9999999999999999;1.0;0.9999906592193245;0.9999821486823512;0.9999934706021277;0.9999733146028986;0.9999968113769107;0.9999995642001618;0.9999856139985238;0.9999857073002777;0.9999981371279331;0.9999995485344696;0.9999978244898917;1.0;0.9999683988054949;0.9999703042521778;1.0;0.9999999999999999;0.9999993919134929;1.000165386044718;0.9999669965899697;0.9999921110900533;0.9999952230834097;0.9994870847441231;0.9992520160518046;0.9993057262480203;0.9993767825288699;0.9999932020491862;1.0;1.0;0.9990502910357346;0.999032272714554;0.9990219680167798;1.0001414046620987;1.0;0.9999682026622607;0.9999624513308312;1.0;1.024999976158142;
2016-07-30 16:30:00;0.9999697587582383;1.0;0.9999543902951404;0.9999863026520132;0.9999978296183922;1.0;1.0;0.9999888388553816;0.9999796608265734;0.9999916325654943;0.9999702667752931;0.9999971137759921;0.9999993690679505;0.9999819323362138;0.9999820311638502;0.9999980116091086;0.9999995824776525;0.9999972522069999;1.0;0.9999638670859767;0.9999649792039337;0.9999999999999999;1.0;0.9999995953308555;1.0001712672230376;0.9999625865762476;0.9999910069159359;0.9999939506033362;0.9994611738605249;0.9992046777079282;0.9992675225451582;0.9993406355686779;0.9999917498415887;1.0;0.9999999999999999;0.9989931548582143;0.9989763871536415;0.9989664637832415;1.0001462392549878;0.9999999999999999;0.999963182562596;0.9999567896862182;1.0;1.024999976158142;
2016-07-30 16:45:00;0.9999575935731756;1.0;0.9999348867369353;0.9999810748218275;0.9999984449200441;1.0;1.0;0.9999836277328464;0.9999726593561962;0.999986448212113;0.999958649847801;0.9999970117777296;0.9999997365811649;0.9999715417830969;0.9999711025170717;0.9999970311613421;0.9999994560990098;0.9999982321555654;1.0;0.9999508582300245;0.9999540098989698;1.0;1.0;0.999999635864132;1.0001777042656639;0.9999509294606124;0.9999881434556815;0.9999903458421542;0.9994588178395902;0.9992141229787597;0.9992758295745702;0.9993560511574854;0.9999876716977998;1.0;1.0;0.9990282504195015;0.9990111594054951;0.9990012356896837;1.000150762782512;1.0;0.9999521287716826;0.9999396831975552;1.0;1.024999976158142;
2016-07-30 17:00:00;0.9999691317800478;0.9999999999999999;0.9999516355785139;0.9999859296682427;0.9999977917645294;1.0;1.0;0.99998771783364;0.9999778492414131;0.9999912508851884;0.9999684664344411;0.9999967823314264;0.9999995653544376;0.999980840397408;0.9999812373069176;0.9999978857401884;0.9999995335048779;0.9999974165877847;0.9999999999999999;0.9999618614865109;0.9999646940915861;1.0;1.0;0.999999552855652;1.0001733879666923;0.9999614380645414;0.9999907254608444;0.9999936164104841;0.9993987778421356;0.9991416911842187;0.9992129762073917;0.9993053972012094;0.999991223446443;1.0;1.0;0.9989600131384498;0.9989419048610282;0.9989316010953695;1.0001479714862673;0.9999999999999999;0.9999625975637262;0.9999540047833289;0.9999999999999999;1.024999976158142;
2016-07-30 17:15:00;0.9999846766974719;1.0;0.9999737771868922;0.9999928767358324;0.9999966337582546;1.0;1.0;0.9999924381219694;0.9999840618515397;0.9999973100187356;0.9999823963922518;0.9999966377763331;0.9999993322969735;0.999992419645043;0.9999943939974414;0.9999992134688753;0.9999997024830947;0.9999960073528313;1.0;0.9999765179544324;0.9999792813693346;1.0;1.0;0.999999669568864;1.0001632208487599;0.9999763309255044;0.9999943623579753;0.9999976903752731;0.9994392121580263;0.9991814231017263;0.9992565740378317;0.999339377033852;0.9999956714941286;1.0;1.0;0.9990039376867428;0.9989850534751414;0.9989743368555906;1.0001404956643838;1.0;0.9999771522026348;0.9999727754230722;1.0;1.024999976158142;
2016-07-30 17:30:00;0.9999899953095899;1.0;0.999981931530367;0.999995098009212;0.9999978394673559;1.0;1.0;0.9999948529591649;0.9999889214044139;0.9999983822221914;0.9999874066289459;0.9999969827322587;0.9999996719314406;0.9999951734558178;0.9999965166593253;0.9999993701163682;0.9999997497480515;0.9999975546671392;1.0;0.999983797963721;0.9999864945827276;1.0;1.0;0.9999996538010831;1.000161104451465;0.9999837681370117;0.9999961490774537;0.9999985571127341;0.9994679835650244;0.9992093770551161;0.9992899535820124;0.9993685033327032;0.9999971308239176;1.0;1.0;0.9990473373033322;0.9990292513289741;0.9990181534637914;1.000138848486638;0.9999999999999999;0.9999847757109266;0.9999811706843247;1.0;1.024999976158142;
2016-07-30 17:45:00;0.9999852480843813;1.0;0.9999671678703687;0.9999928336521394;0.9999948474410217;1.0;1.0;0.9999885582446059;0.9999760370618733;0.9999980387663658;0.9999778785959459;0.9999967978654415;0.9999996370200079;0.999991854330474;0.9999962462112755;0.9999992302036577;0.9999995455948186;0.9999945442966001;1.0;0.9999696529882074;0.9999788357140496;1.0;0.9999999999999999;0.9999995328830152;1.0001643549156423;0.9999724523378996;0.9999934522322175;0.9999977625088681;0.9994892918706901;0.999230184178934;0.9993085944952276;0.9993815040707213;0.9999946801241419;1.0;1.0;0.9990615398680186;0.9990434777360552;0.9990331729227048;1.0001415810565202;1.0;0.9999751143565822;0.9999641297125652;1.0;1.024999976158142;
2016-07-30 18:00:00;0.9999854240538281;1.0;0.9999640780274006;0.9999931410819564;0.9999937198149662;0.9999999999999999;1.0;0.9999862927601548;0.9999719278466911;0.9999981164652656;0.9999765735121969;0.9999969827322586;0.9999996949808116;0.9999909756194016;0.9999967776720015;0.9999994020612694;0.9999995352017389;0.9999934564930225;1.0;0.9999665316351932;0.9999785076077309;0.9999999999999999;1.0;0.9999996651208554;1.000163772556868;0.9999712113631157;0.999993129562787;0.999997597229634;0.999513134391293;0.9992668570648099;0.9993276381542261;0.9993909636802689;0.9999940086425719;0.9999999999999999;0.9999999999999999;0.9990643029364215;0.9990474369656893;0.9990379253256768;1.000141187461372;1.0;0.9999743230940265;0.9999600222731938;1.0;1.024999976158142;
2016-07-30 18:15:00;0.9999872849820958;1.0;0.9999761170521713;0.9999938666974351;0.9999968641862556;1.0;1.0;0.9999927595594601;0.9999846444991104;0.9999979677933029;0.9999836575201215;0.9999967823314263;0.9999995758786681;0.9999935981724574;0.9999957627453582;0.999999268451371;0.9999996839224057;0.9999964890098589;1.0;0.999978429897302;0.9999826042495567;1.0;1.0;0.9999996129062553;1.0001618775777938;0.9999789369223155;0.9999949956131233;0.9999981131110334;0.9994900876804947;0.9992301216378041;0.9993095167633118;0.9993818561965413;0.9999961482199525;1.0;0.9999999999999999;0.999061222982005;0.9990437230233534;0.9990342114187004;1.0001394304997728;1.0;0.9999802976957269;0.9999748164742625;1.0;1.024999976158142;
2016-07-30 18:30:00;0.9999852185846241;0.9999999999999999;0.9999728309566757;0.9999932582457547;0.9999963410961857;1.0;1.0;0.9999914473883895;0.9999825826367006;0.9999972370401692;0.9999822394393681;0.999996742019803;0.9999994548297595;0.9999918639653025;0.9999944063780533;0.9999992927086414;0.9999997071809056;0.9999958249806069;1.0;0.9999757906605158;0.9999800869789083;1.0;1.0;0.9999997594962822;1.0001602041579167;0.9999767584512138;0.9999944406189493;0.999997555119033;0.999537664775707;0.9993005185396626;0.9993630636357486;0.999425514388084;0.9999953767308586;1.0;1.0;0.9991208658798667;0.9991029194761052;0.9990929948487915;1.0001379256917582;1.0;0.9999778450943436;0.9999715139065117;1.0;1.024999976158142;
2016-07-30 18:45:00;0.9999843590288006;1.0;0.999968555636265;0.9999920821862587;0.9999963211483595;1.0;1.0;0.9999904413369856;0.9999797546469852;0.9999974970667979;0.9999779271428508;0.999997113775992;0.9999997512039381;0.9999918263339219;0.9999946149967904;0.999998883912205;0.9999995179201971;0.9999961589711399;1.0;0.9999718981681307;0.9999790153755298;1.0;1.0;0.9999993365939938;1.0001607679357836;0.9999730928648849;0.9999936229195349;0.9999976165889262;0.9995133366067094;0.9992682517320002;0.9993491900324256;0.9994241394488779;0.999995015523321;1.0;1.0;0.9991353610793433;0.9991189082649516;0.9991093959444817;1.0001382287172085;1.0;0.9999756643833914;0.9999668866237934;1.0;1.024999976158142;
2016-07-30 19:00:00;0.9999874827738061;1.0;0.9999781729123998;0.9999942340998501;0.9999975194493358;1.0;1.0;0.9999935917619325;0.999987062450959;0.999997443535015;0.9999855741398979;0.9999971137759921;0.9999995879316397;0.9999931334265864;0.9999946517906458;0.999999315144402;0.999999761730593;0.9999971350957472;1.0;0.999980998157524;0.9999837121820363;1.0;1.0;0.9999997679439783;1.0001611360642095;0.9999812949949975;0.9999955238043743;0.9999978797428674;0.9994803628186003;0.999219444789592;0.999292326322811;0.9993624090147097;0.9999962747891875;1.0;1.0;0.9990257332950245;0.9990089650436353;0.9989990413496218;1.000138753640895;0.9999999999999999;0.9999820768683059;0.9999776255635309;1.0;1.024999976158142;
2016-07-30 19:15:00;0.9999890028282356;1.0;0.9999820101443367;0.9999945166572385;0.9999977281393545;1.0;1.0;0.9999955018048452;0.9999894123866137;0.999998596406065;0.9999869597214809;0.9999968865749288;0.9999994469320637;0.9999957990529231;0.9999968463667263;0.9999993178919171;0.9999997347639122;0.999997231931991;1.0;0.9999833801480371;0.9999846239601569;1.0;1.0;0.9999995537288453;1.0001603478987378;0.9999821312134505;0.9999957889453595;0.9999987452044151;0.9994938746513565;0.9992349164732462;0.999315144708299;0.9993872286617466;0.999997327753519;0.9999999999999999;1.0;0.9990701020739577;0.9990523216146521;0.9990420167100797;1.0001381863512606;1.0;0.9999828546442502;0.9999812577775502;1.0;1.024999976158142;
2016-07-30 19:30:00;0.9999879370295955;1.0;0.9999787384864259;0.9999941125445441;0.9999978208023732;1.0;1.0;0.9999941349563917;0.9999876515974746;0.9999977672744892;0.9999852305747909;0.9999967823314263;0.9999996751501448;0.9999938858249554;0.9999951450016342;0.9999991914397671;0.9999997110046674;0.9999975467429619;1.0;0.9999813845331998;0.9999842755260481;1.0;1.0;0.9999995995737342;1.0001588139545023;0.9999812739605778;0.9999955498621504;0.9999981231793588;0.9995215389800566;0.9992754507134883;0.9993396843558313;0.9994020953454467;0.9999965603885619;0.9999999999999999;1.0;0.9990815635037392;0.999063745929566;0.9990538216913845;1.0001367121326317;1.0;0.9999824161348162;0.9999782321419213;1.0;1.024999976158142;
2016-07-30 19:45:00;0.9999774344973488;1.0;0.999965011530621;0.9999898071745753;0.9999983499589037;0.9999999999999999;1.0;0.999991118859667;0.9999840647284228;0.9999935852576513;0.9999773508029678;0.9999970117777295;0.999999630548557;0.9999859816950667;0.9999862268429346;0.9999984973042487;0.9999996799039756;0.9999980161636879;1.0;0.9999724609223223;0.999974154736578;1.0;1.0;0.9999997184484314;1.0001629385851531;0.999972089426042;0.9999932690512298;0.9999953390487296;0.9995570241277405;0.9993260443440996;0.9994150004280166;0.9994920684144315;0.9999936020654188;1.0;0.9999999999999999;0.9992520152647417;0.999234310153241;0.9992235908597875;1.0001394862782922;1.0;0.9999727471858002;0.9999667850866818;1.0;1.024999976158142;
2016-07-30 20:00:00;0.9999652010923072;1.0;0.9999474266421349;0.9999842506255092;0.9999981807302295;0.9999999999999999;1.0;0.9999872170435098;0.9999774926187064;0.9999897855206109;0.9999658917632811;0.9999970385779353;0.9999994948690302;0.9999783187786353;0.9999780260126638;0.9999976010407153;0.999999523884597;0.999997735081291;0.9999999999999999;0.9999592679190105;0.999960841841936;1.0;1.0;0.9999995562751183;1.000172011799163;0.9999581652322804;0.9999899233611736;0.9999926920562902;0.9995060169307185;0.9992511010485206;0.9993399725282843;0.9994189706344752;0.9999903399127672;1.0;1.0;0.9991324816563674;0.9991157906546837;0.9991062783638954;1.0001464776849738;1.0;0.999958998323304;0.9999508083672531;1.0;1.024999976158142;
2016-07-30 20:15:00;0.9999728401679788;1.0;0.9999594842781838;0.9999875564149863;0.999998260317652;1.0;1.0;0.999990433824296;0.9999824019513824;0.99999258921008;0.9999732345651294;0.9999969133751264;0.9999994364957824;0.9999841274776033;0.9999839397354258;0.9999981445857261;0.9999996073373695;0.999997754937441;1.0;0.9999679398424844;0.9999685686718713;1.0;1.0;0.9999995574129356;1.0001648316323613;0.9999663504762352;0.9999919215778681;0.9999946753142807;0.9995583504852916;0.9993272218594971;0.9994160288005784;0.9994930984170716;0.9999927537161264;0.9999999999999999;1.0;0.9992536850855834;0.9992365961602228;0.9992270827192806;1.0001408366984834;1.0;0.9999669308513606;0.9999617789184814;1.0;1.024999976158142;
2016-07-30 20:30:00;0.999964119741687;1.0;0.9999428640143687;0.9999837105634999;0.9999978725295758;1.0;0.9999999999999999;0.9999852149514727;0.9999741565404181;0.9999892163319064;0.9999630928974496;0.9999968575294377;0.9999997444768967;0.9999765543549441;0.9999769419456888;0.9999974651174987;0.9999994587838429;0.9999976796741711;1.0;0.9999557309764133;0.9999600324194481;1.0;1.0;0.9999995348635456;1.0001682137100107;0.9999560891964793;0.9999894167853971;0.9999921603873192;0.9995898012681886;0.999366852561;0.9994426038479252;0.9995096238909443;0.9999894517330548;0.9999999999999999;1.0;0.9992676456348376;0.999250380326886;0.9992408667547087;1.000143069611848;1.0;0.99995771014758;0.9999460195973877;1.0;1.024999976158142;
2016-07-30 20:45:00;0.9999828118130685;0.9999999999999999;0.9999720691503435;0.9999918561425065;0.9999978475671337;1.0;1.0;0.9999928206838724;0.9999855958629075;0.9999961278175776;0.9999809893730813;0.9999969827322585;0.9999995691407174;0.999990729754609;0.9999915855629894;0.9999988420910881;0.9999996681203446;0.9999974723903682;0.9999999999999999;0.9999765401872288;0.9999787461092298;1.0;1.0;0.9999995663058455;1.0001591655966058;0.9999758920967949;0.9999942459876692;0.999997019078455;0.9995778723912104;0.9993495916492032;0.9994428393563151;0.9995180991749641;0.9999952828318652;1.0;1.0;0.9992932991659729;0.9992764293293798;0.9992669155091976;1.0001366658823305;1.0;0.9999768795589042;0.9999723870775571;1.0;1.024999976158142;
2016-07-30 21:00:00;0.9999887919703122;1.0;0.9999810097165288;0.9999946063550208;0.9999978761832842;0.9999999999999999;0.9999999999999999;0.9999948623483401;0.999988977860627;0.9999980392215304;0.9999868522206362;0.9999970869757799;0.9999995826864315;0.9999946346394882;0.9999957531384599;0.9999993126972697;0.9999997546759148;0.9999975010065079;1.0;0.9999831597872859;0.9999850997430876;1.0;0.9999999999999999;0.9999996620392598;1.0001537427462797;0.9999827146792087;0.9999958930698454;0.9999983539532271;0.9995957432133973;0.9993800341352932;0.999466598555289;0.9995388058229323;0.9999969430639863;1.0;1.0;0.9993235627414837;0.9993067049554497;0.9992967783038251;1.0001324156230817;1.0;0.9999834903471218;0.9999805048750118;1.0;1.024999976158142;
2016-07-30 21:15:00;0.9999888679612977;1.0;0.9999815254542896;0.9999943750815093;0.999998112364681;1.0;1.0;0.9999954692739422;0.9999896687589066;0.9999982987328055;0.9999865565447236;0.9999970117777295;0.9999995936399292;0.9999953140155956;0.9999961278495813;0.9999992070303811;0.9999997166053579;0.999997767833157;1.0;0.9999834568629252;0.9999850867242402;1.0;1.0;0.9999995176821725;1.0001544812807157;0.999982385113662;0.9999958441557355;0.9999985648953381;0.9995796500363296;0.9993550372190367;0.9994407258229243;0.9995119138750891;0.9999972067421606;1.0;1.0;0.999277183111889;0.9992597948747896;0.9992494878301972;1.0001330230294385;1.0;0.9999833315774002;0.9999810990935398;0.9999999999999999;1.024999976158142;
2016-07-30 21:30:00;0.9999876127785848;1.0;0.9999773757593848;0.999993943582675;0.9999975533660519;1.0;0.9999999999999999;0.9999935187998804;0.9999864027929246;0.9999977539864179;0.9999843417800525;0.9999968381771027;0.9999996930224477;0.9999935899275179;0.9999951514085678;0.9999991755065355;0.9999996890258286;0.9999972992156501;1.0;0.9999800925817175;0.9999837382842661;1.0;1.0;0.999999584615007;1.0001550157694261;0.9999803254921266;0.9999953223917597;0.9999980584223073;0.9996015602089112;0.999387442404476;0.9994670351425095;0.9995349055982785;0.9999963320830381;0.9999999999999999;1.0;0.9993113087376789;0.9992936632174847;0.9992837366954108;1.000133420574549;1.0;0.9999816726626981;0.9999766427133201;1.0;1.024999976158142;
2016-07-30 21:45:00;0.9999890406624731;1.0;0.9999802015826063;0.9999945872892334;0.99999772323299;1.0;1.0;0.9999944293548905;0.9999879765573897;0.9999982160117704;0.9999861146964982;0.9999969559320554;0.9999996659564524;0.9999947206614147;0.9999961184062487;0.9999992802832215;0.9999997185114615;0.9999974399966488;0.9999999999999999;0.9999823061835295;0.9999852913660803;0.9999999999999999;1.0;0.9999995983570851;1.0001524748720994;0.999982235002176;0.9999957881253292;0.9999984192332818;0.99962819995417;0.9994267258629266;0.9994872298233403;0.9995435101460951;0.9999968661591337;1.0;1.0;0.999309886063558;0.9992926140802691;0.9992826875686167;1.0001313218937296;1.0;0.999983395204989;0.999979427566743;1.0;1.024999976158142;
2016-07-30 22:00:00;0.9999868493158919;1.0;0.9999764570163362;0.9999937375470085;0.9999967560260801;1.0;1.0;0.9999930594231914;0.999984994388924;0.9999980030396176;0.9999839101050672;0.9999970869757802;0.99999942879106;0.9999937784340832;0.9999958260521462;0.999999302926726;0.9999997025438774;0.9999962307377067;1.0;0.9999785264661741;0.9999817573625375;1.0;0.9999999999999999;0.9999996341181608;1.000153388845917;0.9999785310386003;0.9999949001365097;0.9999981644262746;0.9996245327745291;0.9994211452912396;0.9994926645759875;0.9995554839893382;0.9999962195721133;0.9999999999999999;1.0;0.999338788281048;0.9993219302381715;0.9993120034353061;1.0001321089638027;1.0;0.9999795652434603;0.9999751780571029;0.9999999999999999;1.024999976158142;
2016-07-30 22:15:00;0.9999850054540043;1.0;0.999972120855003;0.9999926008774436;0.9999962276371183;1.0;0.9999999999999999;0.9999918011077048;0.9999820028104337;0.9999979400088082;0.9999804727731899;0.9999971137759919;0.999999433925241;0.9999931306886413;0.9999956268617434;0.9999991037356307;0.9999996012902607;0.9999957329943079;1.0;0.9999744199755001;0.999979050598253;1.0;1.0;0.9999994472671399;1.0001548011917867;0.9999745073173438;0.9999939685793818;0.9999980068670857;0.9996291997003597;0.9994259430498726;0.9995007307816264;0.9995647948625644;0.9999956586222911;1.0;1.0;0.9993560272160686;0.9993395707679561;0.9993300563466228;1.000133225952705;1.0;0.9999761683101821;0.9999704379356926;0.9999999999999999;1.024999976158142;
2016-07-30 22:30:00;0.9999857506004398;1.0;0.9999706984106586;0.9999930691118579;0.9999962635868426;1.0;1.0;0.9999905176274696;0.9999805175950125;0.9999975340052742;0.9999801404107928;0.9999959210810356;0.9999997494379527;0.9999919230324528;0.9999949250934929;0.999999117828283;0.9999995985430126;0.999996070731748;1.0;0.9999738513313773;0.9999808358507558;1.0;1.0;0.9999995501446521;1.0001579372223781;0.9999756819383026;0.9999942100411597;0.9999976448190443;0.9995634710957316;0.9993508125620806;0.9993957656064146;0.9994535263806991;0.9999951819402056;1.0;0.9999999999999999;0.999161122393271;0.9991411870089842;0.9991320552907085;1.0001359090942685;1.0;0.9999778748155362;0.9999689524257649;0.9999999999999999;1.024999976158142;
2016-07-30 22:45:00;0.9999834486054093;1.0;0.9999681767205376;0.9999920385941053;0.9999957788140699;0.9999999999999999;1.0;0.9999901173828591;0.9999792378255588;0.9999973100095932;0.9999783575882539;0.9999964664212954;0.9999994914137008;0.9999913953420293;0.9999944439523002;0.9999990533755245;0.9999995804896922;0.9999953331662019;1.0;0.9999712930423361;0.999977375692563;1.0;1.0;0.9999995113044191;1.0001579462159333;0.9999723595034544;0.9999934285847396;0.9999974730022345;0.9995921107611939;0.9993774775033981;0.9994415493916701;0.999502932417232;0.9999948253003068;1.0;1.0;0.9992488622187576;0.9992306513637167;0.9992215188277752;1.000135861232366;0.9999999999999999;0.9999742766770915;0.9999663471380489;1.0;1.024999976158142;
2016-07-30 23:00:00;0.999983740169567;1.0;0.9999700092362375;0.9999922107436221;0.9999957533313987;1.0;1.0;0.9999909326591594;0.9999804406961057;0.9999976214908525;0.9999794821820128;0.9999969133751265;0.9999993234476541;0.9999922466589716;0.9999950906343623;0.9999991370722752;0.9999996106726396;0.9999951376628418;1.0;0.9999725112131105;0.999977265160241;1.0;1.0;0.9999995252450659;1.0001559162011668;0.9999728392681595;0.9999935557490829;0.9999977351736673;0.9996235880649113;0.9994224477174599;0.9994822311231516;0.9995401054132326;0.9999952083153374;0.9999999999999999;1.0;0.9993063465261248;0.9992889393692479;0.9992790128940986;1.0001341788085398;1.0;0.9999743440295641;0.9999681620474754;1.0;1.024999976158142;
2016-07-30 23:15:00;0.999985413103379;1.0;0.9999708048357184;0.999993091741374;0.9999965026805373;0.9999999999999999;1.0;0.9999905711263688;0.9999811383149032;0.9999970987945545;0.9999806060297499;0.9999970117777296;0.9999997622514959;0.9999912632724944;0.9999940478486814;0.999999128390405;0.9999996345409332;0.9999963098253968;1.0;0.9999744143954706;0.9999809191921257;1.0;1.0;0.9999996436414438;1.0001564548441253;0.9999763200536324;0.9999943406360738;0.9999973893669426;0.9996148751761861;0.9994034966128653;0.9994659371708594;0.9995224614439547;0.9999950535231835;1.0;0.9999999999999999;0.9992749501963688;0.9992572446784985;0.9992465251390146;1.000134586096628;1.0;0.9999782585301958;0.9999694274001322;1.0;1.024999976158142;
2016-07-30 23:30:00;0.9999867415676936;1.0;0.9999726448979455;0.9999934871306368;0.9999960786937656;0.9999999999999999;1.0;0.9999911213259641;0.9999811590791399;0.99999813678951;0.9999812378197558;0.9999970869757803;0.999999636147192;0.9999931385180534;0.9999962123878425;0.9999992312127407;0.999999612342669;0.999995773985149;1.0;0.9999749408402644;0.9999813889548924;1.0;1.0;0.9999995373987288;1.0001544374931266;0.9999763831038212;0.9999943942683444;0.9999980614137434;0.999644417386933;0.9994422728002796;0.999507013911297;0.999562210341596;0.9999956287562426;1.0;1.0;0.9993398169736347;0.9993229589134051;0.9993130321003211;1.0001330025129476;0.9999999999999999;0.9999784151462562;0.9999705800798236;1.0;1.024999976158142;
2016-07-30 23:45:00;0.9999821895854688;1.0;0.9999635597813551;0.9999917575439443;0.9999942338479522;1.0;1.0;0.9999875486942151;0.9999741721389599;0.9999972837189681;0.999976068240176;0.9999970869757802;0.9999993490201771;0.9999902137517747;0.999994779924784;0.9999992239692627;0.9999995687022202;0.9999936273528982;1.0;0.9999665199148576;0.9999747551750384;0.9999999999999999;0.9999999999999999;0.9999996454939242;1.0001546505001078;0.9999690153692955;0.9999926068902084;0.9999972186261135;0.9996759938202179;0.9994911909117837;0.9995479015474981;0.9995997358968347;0.9999939221499049;1.0;1.0;0.9993980949384784;0.9993812358951463;0.9993713085031657;1.0001331092804482;1.0;0.999971128116685;0.999960584124586;1.0;1.024999976158142;
2016-07-31 00:00:00;0.9999834390160225;1.0;0.9999666954384046;0.9999918470511403;0.9999960061796275;1.0;1.0;0.999989575302024;0.9999784216525499;0.9999971143186437;0.9999771541827861;0.9999969559320555;0.9999997216107155;0.9999908456879422;0.999993946848658;0.9999989093583458;0.9999995289448699;0.9999958025882093;1.0;0.9999704101886508;0.9999779323910905;1.0;1.0;0.9999994239312328;1.0001568017533278;0.9999720725229447;0.9999933594718322;0.999997305749854;0.9996296546856015;0.999422889318132;0.999479704881612;0.9995318956226495;0.9999945731225451;1.0;1.0;0.9992850619319827;0.9992684006692814;0.9992592677883277;1.0001347764113506;1.0;0.9999745791477677;0.9999649515913396;1.0;1.024999976158142;
2016-07-31 00:15:00;0.9999854389257172;1.0;0.9999707770103854;0.9999933832502357;0.9999957400139367;1.0;1.0;0.9999900705403117;0.9999800036864602;0.9999973456245388;0.9999811153719911;0.9999969827322586;0.9999995501009523;0.9999914246427638;0.999994799186135;0.9999993450095304;0.999999678476043;0.999995315843217;1.0;0.999973762503779;0.9999800960029201;1.0;0.9999999999999999;0.9999997828564334;1.0001528796923664;0.9999758983631666;0.9999942269625355;0.999997491732919;0.999669459861223;0.9994821684787955;0.9995360900220557;0.9995861817074086;0.9999949863882123;1.0;0.9999999999999999;0.9993729192993982;0.9993557307664909;0.9993458036278665;1.0001316365185027;1.0;0.9999774594673713;0.9999688382426786;1.0;1.024999976158142;
2016-07-31 00:30:00;0.9999888745663807;1.0;0.999976203604457;0.9999941438460945;0.999996704763873;1.0;1.0;0.9999925528137195;0.9999835389031221;0.9999988161365793;0.9999828739158623;0.9999970579303027;0.9999997694224627;0.9999948406806364;0.9999974412485635;0.9999992034127174;0.9999995952326503;0.9999965517309434;1.0;0.9999779229916701;0.9999841136474042;0.9999999999999999;0.9999999999999999;0.9999994020279813;1.0001531252766949;0.999978883463013;0.9999950224441781;0.9999986010378666;0.9996510509292639;0.9994525361824649;0.9995051773055684;0.999553270886312;0.9999964248646772;1.0;1.0;0.9993152545057662;0.9992989155530685;0.9992897823932219;1.0001319178162789;1.0;0.9999811466916564;0.9999742536333027;1.0;1.024999976158142;
2016-07-31 00:45:00;0.9999891690383691;1.0;0.9999772813136814;0.9999947281049688;0.9999957513404195;1.0;1.0;0.9999922893098043;0.9999828271268458;0.9999991978755477;0.9999843945393448;0.9999970117777296;0.9999994268489188;0.9999953245904888;0.999998587027423;0.9999995506429185;0.9999996813917875;0.9999952244887991;1.0;0.9999779803068158;0.9999832765609624;1.0;1.0;0.9999996301814329;1.000149927090855;0.9999790085770742;0.9999950343280691;0.9999988048696838;0.9996941740018371;0.9995176234504901;0.9995468941163004;0.9995815712654962;0.9999965128967295;1.0;1.0;0.9993443471715772;0.9993278610779609;0.9993187276535648;1.000129377121796;0.9999999999999999;0.9999805175304436;0.9999746551989851;1.0;1.024999976158142;
2016-07-31 01:00:00;0.999989292003307;1.0;0.9999773764029375;0.999994593834805;0.9999961064704954;1.0;1.0;0.9999925754740231;0.9999833353489516;0.9999991894885806;0.9999840802876816;0.9999971563329368;0.9999995364138106;0.9999954380836638;0.9999984329639732;0.9999994379158225;0.9999996509139092;0.9999957022085358;0.9999999999999999;0.9999782765695864;0.9999837549558706;1.0;1.0;0.9999995346077332;1.000148179146718;0.9999791565278209;0.9999950822940062;0.9999988264095002;0.9997285087666363;0.9995673118927135;0.9996081677593213;0.9996488996091152;0.9999965965407771;1.0;0.9999999999999999;0.9994653587055925;0.9994490357136635;0.999439520250146;1.0001278030753236;1.0;0.9999809198589377;0.9999749591864998;1.0;1.024999976158142;
2016-07-31 01:15:00;0.9999860644363414;1.0;0.9999762780041445;0.9999933372785238;0.9999954330509027;1.0;1.0;0.9999931317299856;0.9999834361495926;0.9999990468791025;0.9999833424141907;0.9999969559320552;0.999998901539768;0.9999954628107041;0.9999981423192795;0.9999994812781737;0.9999996917846243;0.9999943898171403;1.0;0.9999764892217272;0.9999784272993384;1.0;1.0;0.9999995647677254;1.0001475086996943;0.9999752440274727;0.9999941655293624;0.9999987923496761;0.9997423800276644;0.999589927887835;0.9996150298114209;0.999647545487416;0.9999965220686615;0.9999999999999999;1.0;0.9994519004234818;0.9994346259856297;0.9994246980632966;1.0001272295989314;1.0;0.9999758230802634;0.9999738980073848;0.9999999999999999;1.024999976158142;
2016-07-31 01:30:00;0.9999914302333933;1.0;0.9999814529675755;0.9999957939687197;0.9999967941306086;0.9999999999999999;1.0;0.9999936611704591;0.9999861841119404;0.9999991882627882;0.9999872894266899;0.9999969559320553;0.999999659484604;0.9999959118606757;0.9999984768968072;0.9999995900559516;0.9999997351901057;0.999996490985597;1.0;0.9999823787756007;0.9999871480013991;0.9999999999999999;1.0;0.9999996957920351;1.000142263903596;0.9999835252668877;0.9999960958854871;0.9999989284309614;0.9997941234277927;0.9996679925543399;0.999673164337678;0.9996939454016525;0.9999971015940897;1.0;1.0;0.9995137920413868;0.9994959061048478;0.9994851840051215;1.0001227612728256;1.0;0.9999849279688663;0.9999794904297991;1.0;1.024999976158142;
2016-07-31 01:45:00;0.9999872631074863;1.0;0.9999770858613889;0.9999934827197267;0.999996760780425;1.0;1.0;0.9999937330286666;0.9999852530177497;0.9999987257618693;0.9999832681540392;0.9999969827322586;0.999999403785797;0.9999952201498948;0.9999971408555348;0.9999991924325418;0.9999996315236217;0.9999962431007431;0.9999999999999999;0.9999784092171607;0.9999816109551691;0.9999999999999999;1.0;0.9999993947397829;1.0001454014165876;0.9999775879629864;0.999994728392035;0.9999986573427666;0.9997670283131281;0.9996266822945153;0.9996338460324333;0.9996557427172668;0.9999966645318077;1.0;1.0;0.9994512904868361;0.9994341006059979;0.9994241726888838;1.0001252172072865;1.0;0.9999789931854817;0.9999755281478969;1.0;1.024999976158142;
2016-07-31 02:00:00;0.9999922982617532;1.0;0.9999838474425767;0.9999962846739237;0.9999972138106901;1.0;0.9999999999999999;0.999994527878408;0.9999881276947988;0.9999991955758816;0.9999890261816197;0.9999970385779353;0.999999666734773;0.9999963076225121;0.9999984782810427;0.9999996518710106;0.9999997808294195;0.9999969091017276;1.0;0.9999847059991148;0.9999885382609492;1.0;1.0;0.9999997604131505;1.000142610951881;0.9999856002351117;0.9999965818484947;0.9999990135338928;0.9997990892104963;0.999669459645856;0.9996597168310536;0.9996690531735201;0.9999974484150433;1.0;1.0;0.9994566815620035;0.9994402781622678;0.9994311437104281;1.0001230908612573;1.0;0.9999866884410369;0.9999822169429246;0.9999999999999999;1.024999976158142;
2016-07-31 02:15:00;0.9999931588738442;1.0;0.9999876156330212;0.9999961386097643;0.9999985882062843;0.9999999999999999;1.0;0.9999970860628284;0.9999924982869031;0.9999995197710061;0.9999901777814425;0.9999971563329368;0.9999997714677865;0.9999979534573512;0.9999986615917225;0.9999993928924681;0.9999997404154678;0.999998426028697;1.0;0.9999883208795082;0.9999902044167283;1.0;1.0;0.9999994831905868;1.0001407678741767;0.9999873892380174;0.9999970636883736;0.999999444898563;0.999800627281078;0.9996740816634592;0.999644771195644;0.9996434324887453;0.9999983902039339;1.0;1.0;0.9993992761561317;0.9993832472446557;0.9993741133140541;1.000121382201638;1.0;0.9999885417264347;0.9999868987481401;1.0;1.024999976158142;
2016-07-31 02:30:00;0.9999929944211342;1.0;0.9999894247317663;0.9999962932364401;0.999998484374398;1.0;1.0;0.9999978670056948;0.9999938406581084;0.9999996040539832;0.9999916513607195;0.9999969559320552;0.9999995116620967;0.999998433123911;0.999998908414835;0.9999995346909448;0.9999998059030926;0.9999980478978838;1.0;0.9999896036880812;0.9999895447142717;1.0;1.0;0.9999995893040016;1.0001421927757033;0.9999878652046884;0.999997172882983;0.9999995678653114;0.9997748174355531;0.9996367857900106;0.9995897575534444;0.9995786731913558;0.9999986709965694;1.0;0.9999999999999999;0.9992776015345366;0.9992606474310879;0.9992511337611608;1.0001226947288964;1.0;0.9999882677850506;0.9999887961380041;1.0;1.024999976158142;
2016-07-31 02:45:00;0.9999919939041187;1.0;0.9999876501753349;0.9999958668282534;0.9999984430876526;0.9999999999999999;1.0;0.9999973267563079;0.9999930039422091;0.9999992202411649;0.9999905925126175;0.9999968575294376;0.9999995320312709;0.9999975890844977;0.9999981043620764;0.9999994655862116;0.9999997937733435;0.9999980265244875;0.9999999999999999;0.9999883173194911;0.9999885522822142;1.0;1.0;0.9999995932023492;1.000140898837397;0.9999867533684865;0.9999968976476874;0.9999992881915629;0.9998197813569732;0.9997051175742979;0.999638884848672;0.999617464809773;0.9999983101104591;1.0;1.0;0.9993287231558133;0.9993114567925667;0.9993019426388983;1.000121500768802;1.0;0.999987227073379;0.9999871382363922;1.0;1.024999976158142;
2016-07-31 03:00:00;0.9999928962390161;1.0;0.9999873366331006;0.999996465148671;0.9999984579404824;1.0;0.9999999999999999;0.9999965041765866;0.9999922483995632;0.9999989617037446;0.9999910173067104;0.9999969827322586;0.9999997427598343;0.9999968147252306;0.9999977188764055;0.9999995414719691;0.9999998153453915;0.999998234439608;1.0;0.9999885229215785;0.9999902770290596;1.0;1.0;0.9999997227900109;1.0001379707588662;0.9999882999690756;0.9999972312383104;0.9999990579976155;0.9998646295403887;0.9997696728349396;0.9996971580442426;0.9996707998605019;0.9999980401983242;0.9999999999999999;1.0;0.9994115047526667;0.9993946329205544;0.9993851179749904;1.0001189849398624;1.0;0.9999890171576541;0.9999867677215001;1.0;1.024999976158142;
2016-07-31 03:15:00;0.9999924111255413;1.0;0.9999861458902418;0.9999962409400669;0.9999983147119593;0.9999999999999999;1.0;0.9999960584069147;0.9999914118651622;0.9999988422412343;0.9999902614157666;0.9999970869757803;0.999999752455815;0.9999964280428166;0.9999974823477936;0.9999995116603609;0.9999998008614907;0.9999981019475084;1.0;0.999987504744783;0.9999896716805172;1.0;1.0;0.9999997150371991;1.0001392894112267;0.9999874706556726;0.9999970309091457;0.9999989453794763;0.999848180480266;0.9997469472989601;0.9996775405027313;0.9996539835421485;0.9999978250221716;1.0;0.9999999999999999;0.9993871020722834;0.9993699502175948;0.9993596420367853;1.0001200989623316;1.0;0.9999882993096109;0.9999855046327869;1.0;1.024999976158142;
2016-07-31 03:30:00;0.99998953110761;1.0;0.9999846595319506;0.9999946295691914;0.9999980668040108;0.9999999999999999;1.0;0.9999969244442756;0.9999916143077409;0.9999989968675507;0.9999882339248328;0.9999971272874532;0.9999993269767792;0.9999970590389715;0.9999975379979695;0.9999993192450825;0.9999997473248377;0.9999974603066324;1.0;0.9999854065890743;0.9999849895003476;1.0;1.0;0.999999482172726;1.0001410517101328;0.9999830030584622;0.9999960244723877;0.999999117242729;0.9998206747131543;0.9997061317944546;0.9996393163286655;0.9996174496378561;0.999997932991634;1.0;1.0;0.9993280638930838;0.9993113341866736;0.9993014074890643;1.0001215346022208;1.0;0.99998340301327;0.9999841138813;1.0;1.024999976158142;
2016-07-31 03:45:00;0.9999928023774877;1.0;0.9999884495785376;0.9999962470189315;0.9999982952997898;1.0;1.0;0.9999973387709884;0.9999929219785204;0.9999995198961208;0.9999911567463504;0.9999967555312279;0.9999995360761675;0.9999980654841336;0.9999987910828418;0.9999995446488097;0.999999800368188;0.9999978803005637;0.9999999999999999;0.999988760523717;0.9999892969014453;1.0;1.0;0.999999611000866;1.000138955785145;0.9999874109635443;0.9999970578516237;0.9999994686070314;0.9998363899259632;0.9997293050473626;0.9996691607686383;0.9996507688732623;0.9999984638344447;1.0;1.0;0.9993886143121733;0.9993704137243948;0.9993601055388045;1.0001198935200708;1.0;0.9999879260098171;0.9999876806727437;1.0;1.024999976158142;
2016-07-31 04:00:00;0.9999938129705421;1.0;0.9999897857996234;0.9999967140340833;0.9999986620773369;1.0;1.0;0.9999976504335506;0.9999938862011959;0.9999995130229831;0.9999921265647789;0.999996811376911;0.999999671472617;0.9999981927871588;0.99999876366727;0.9999995585697415;0.9999998145800073;0.9999983788407297;1.0;0.9999902518743254;0.9999910163526692;1.0;1.0;0.9999996376788837;1.000138408989248;0.999989199619345;0.9999974764575488;0.9999994935788948;0.9998347879358658;0.9997282588296339;0.9996679136148995;0.9996499222682692;0.9999986329234755;1.0;1.0;0.9993877151457164;0.9993705940890896;0.9993614602741324;1.0001194258605168;1.0;0.999989793631763;0.999989206475229;1.0;1.024999976158142;
2016-07-31 04:15:00;0.9999905712126599;1.0;0.9999839935378717;0.9999951409492711;0.9999984851217066;1.0;1.0;0.9999960973401882;0.9999910933285056;0.9999985558853259;0.9999882103641524;0.9999970869757802;0.9999997182771155;0.9999959950230083;0.9999966570893083;0.9999992717296211;0.9999997388676256;0.9999982616208263;1.0;0.999985750991311;0.9999874900088329;1.0;1.0;0.999999543661574;1.0001395301130478;0.999984908895186;0.9999964430599807;0.9999987777005048;0.9998490447440632;0.9997487145742873;0.9996919477176459;0.9996760700180803;0.9999976020303368;1.0;1.0;0.9994344955051433;0.9994185636023963;0.9994098419370454;1.0001201508814892;1.0;0.9999859023906353;0.9999836561657713;1.0;1.024999976158142;
2016-07-31 04:30:00;0.9999904814608546;1.0;0.999985670708138;0.9999952864300562;0.9999981587381628;1.0;0.9999999999999999;0.9999967774465466;0.9999919677096759;0.9999988614127929;0.9999894822053211;0.9999970869757802;0.9999994168377898;0.9999967789576287;0.9999973889917848;0.9999994373124182;0.9999997939567182;0.9999976227083092;1.0;0.9999866081187407;0.9999865601446074;1.0;0.9999999999999999;0.9999996242847504;1.0001399729859441;0.9999849241688612;0.9999964532058547;0.9999990231749242;0.9998353775022472;0.9997247085196462;0.9996578356804736;0.9996342308669933;0.999997923359577;1.0;1.0;0.9993538856038882;0.9993376376404853;0.9993285041267355;1.000120649985839;0.9999999999999999;0.9999852228852801;0.9999851776824025;1.0;1.024999976158142;
2016-07-31 04:45:00;0.9999919403172406;1.0;0.9999877246365457;0.9999956447667377;0.9999985269911588;1.0;0.9999999999999999;0.9999976433171891;0.9999932116068597;0.9999994288114806;0.9999901712702476;0.9999967823314261;0.999999529406098;0.9999980579016475;0.9999984240798356;0.9999993876951743;0.9999997608794874;0.999998122728221;1.0;0.9999882038303749;0.9999883190892812;0.9999999999999999;0.9999999999999999;0.9999994835998005;1.0001385963001133;0.9999862148288604;0.9999967930749396;0.9999994422644197;0.9998424673829012;0.9997369414282984;0.9996731794971431;0.9996519692440771;0.9999984598176651;0.9999999999999999;1.0;0.9993868355107334;0.9993699402008044;0.9993612189597774;1.0001194892840681;1.0;0.9999868387918203;0.999987198431914;0.9999999999999999;1.024999976158142;
2016-07-31 05:00:00;0.9999963756171532;1.0;0.9999939285688011;0.999998205563026;0.999999037433067;1.0;1.0;0.999998388119405;0.9999961021411847;0.9999996681048121;0.999995617900343;0.9999968307292333;0.9999997719933219;0.9999987639791815;0.9999992665422704;0.9999998101338219;0.9999999120239271;0.9999988246684625;1.0;0.9999941774461085;0.9999946523736891;0.9999999999999999;0.9999999999999999;0.9999998576364687;1.000137030700167;0.9999937786266958;0.9999985349809222;0.9999996550601629;0.9998325455314226;0.9997228711915381;0.9996539781620591;0.9996296534478075;0.9999991182829522;1.0;1.0;0.999345227576144;0.9993275590471267;0.9993176321883472;1.0001183791899977;1.0;0.9999940003522141;0.999993492381217;1.0;1.024999976158142;
2016-07-31 05:15:00;0.9999909512757825;1.0;0.9999856833114243;0.9999950700903167;0.9999980386313658;1.0;1.0;0.9999970487937563;0.9999915230420726;0.999999567664247;0.9999885241550962;0.9999970117777295;0.999999436250951;0.9999980140573775;0.9999987093316476;0.9999993356076328;0.9999997158746375;0.9999975531602131;1.0;0.9999859564955079;0.9999864934808131;1.0;0.9999999999999999;0.9999993956758001;1.0001381058053813;0.9999838233617728;0.9999962404143963;0.9999994694055968;0.9998525189083306;0.9997533186492855;0.9996932725859856;0.9996749172094703;0.9999982365282267;0.9999999999999999;1.0;0.9994291732683244;0.9994120753954749;0.9994021476971493;1.000119055122117;1.0;0.9999846379804308;0.999984778363253;1.0;1.024999976158142;
2016-07-31 05:30:00;0.9999913471743909;0.9999999999999999;0.9999876586464543;0.9999956533591844;0.9999982900078572;0.9999999999999999;1.0;0.999997511783349;0.9999931809525667;0.9999991970194019;0.9999906561390121;0.99999708697578;0.9999993762359696;0.9999976347374815;0.9999980703778876;0.9999994952785266;0.9999998110339496;0.9999977141600348;1.0;0.9999881304732793;0.9999874341242103;1.0;1.0;0.999999618331813;1.00013870459785;0.9999860719207234;0.9999967386189993;0.9999992916386284;0.9998312863723223;0.9997235461888303;0.9996515713968926;0.9996270622412005;0.9999983258024132;1.0;1.0;0.9993405899087439;0.9993237318354753;0.9993138050147136;1.0001196164542725;1.0;0.9999862119796148;0.9999871598704219;0.9999999999999999;1.024999976158142;
2016-07-31 05:45:00;0.9999902450949819;0.9999999999999999;0.9999841269883867;0.9999948212548783;0.9999985118031913;1.0;1.0;0.9999965330921953;0.9999914263967056;0.9999987655704936;0.9999878290624311;0.9999969559320553;0.999999644425684;0.9999965204930794;0.999996987046361;0.999999207249345;0.9999997137600952;0.9999982285666267;1.0;0.9999855932101033;0.9999867730059078;1.0;1.0;0.9999994401879985;1.00013771953288;0.9999840749852075;0.9999962696933593;0.9999989428311832;0.9998645892158164;0.9997701067625949;0.9997145960697144;0.999698351861309;0.9999977753282923;0.9999999999999999;1.0;0.999471330395488;0.9994543730051657;0.9994448574908337;1.0001185711997918;1.0;0.9999850718511918;0.9999837859237921;1.0;1.024999976158142;
2016-07-31 06:00:00;0.9999947333190489;1.0;0.9999901515276843;0.9999974745844123;0.9999984006758756;1.0;1.0;0.9999969591097342;0.9999932430880406;0.9999993921520591;0.9999932342720602;0.9999967555312279;0.9999997283736631;0.9999976940093112;0.9999987663051115;0.9999997521744103;0.9999998709712502;0.9999981465252581;1.0;0.9999907264846382;0.9999923191646153;1.0;0.9999999999999999;0.9999998416927184;1.000136812906369;0.999990807390255;0.9999978197232486;0.9999993576735228;0.9998516568307658;0.9997515848175766;0.9996879850339103;0.9996670313149277;0.9999984599250541;1.0;1.0;0.9994124499225059;0.9993948592684027;0.9993853443206835;1.000118138124145;0.9999999999999999;0.9999912861608623;0.9999893521694027;1.0;1.024999976158142;
2016-07-31 06:15:00;0.9999929759742208;1.0;0.9999886527070074;0.9999961354362575;0.9999985248999054;1.0;0.9999999999999999;0.9999976379780267;0.999993306617872;0.9999996344726441;0.999990885157814;0.9999969559320553;0.9999996023714441;0.9999983795136046;0.9999989135045703;0.9999994570959299;0.9999997702088965;0.9999981895407822;0.9999999999999999;0.9999889673594508;0.9999896175274818;1.0;1.0;0.9999995131523035;1.0001366998412982;0.9999873968595456;0.9999970700505127;0.9999995645410531;0.9998661627231004;0.9997736017685085;0.9997193646065328;0.999704209578463;0.9999985942333356;1.0;1.0;0.9994826531110784;0.9994656955286508;0.9994561799065202;1.0001179070530053;1.0;0.9999881320174593;0.9999879721692243;1.0;1.024999976158142;
2016-07-31 06:30:00;0.9999928916494303;0.9999999999999999;0.9999892962738427;0.9999962242140041;0.9999984612122972;1.0;1.0;0.9999978671858775;0.9999937652124649;0.9999996240754896;0.9999915085287394;0.9999970869757803;0.9999995005502754;0.9999984648541497;0.9999989404024674;0.999999525330382;0.9999998012058171;0.9999980155632336;0.9999999999999999;0.9999894452511171;0.9999893601440666;1.0;1.0;0.9999995749393361;1.000137081525595;0.9999876382892207;0.999997122607144;0.9999995797448763;0.9998495938581153;0.999749233950587;0.9996990205625967;0.9996862730144335;0.9999986685295219;0.9999999999999999;1.0;0.9994557744440307;0.9994395248240715;0.9994303903791172;1.0001182712742163;0.9999999999999999;0.9999880525632279;0.9999886494772255;1.0;1.024999976158142;
2016-07-31 06:45:00;0.9999936820792134;1.0;0.9999901835530811;0.9999967132191535;0.9999990520130289;0.9999999999999999;1.0;0.9999979361750542;0.9999948344374205;0.9999991780374312;0.9999925305468634;0.9999969827322586;0.9999997250869787;0.9999977910744448;0.9999980146538197;0.9999995189936863;0.9999998328448839;0.9999988177712098;1.0;0.9999910796750112;0.9999914139453826;1.0;0.9999999999999999;0.9999996717579148;1.0001373372412705;0.9999899608621036;0.9999976442843507;0.9999993203623878;0.9998301146062338;0.9997303741674142;0.9996717138763273;0.9996588400525743;0.999998612379909;1.0;1.0;0.9994095249566075;0.9993929461618049;0.9993838121425592;1.0001184414789444;0.9999999999999999;0.9999904296027177;0.9999900248933586;1.0;1.024999976158142;
2016-07-31 07:00:00;0.999992365384546;1.0;0.9999885238477422;0.9999959209640211;0.9999992866690376;1.0;1.0;0.9999979242719904;0.9999946751268354;0.9999988677255583;0.9999910075906969;0.9999969559320551;0.9999997497605394;0.9999972975538228;0.9999971902435715;0.9999993245053133;0.9999997869056828;0.99999909381336;1.0;0.9999898907688024;0.9999900638958669;1.0;1.0;0.9999995496809534;1.000136424030903;0.9999883026293067;0.9999972626101732;0.9999991336512924;0.9998648414642598;0.9997728427189303;0.999721268974439;0.9997081820859052;0.9999984076443179;1.0;0.9999999999999999;0.9994920758153705;0.999476021519807;0.9994676802964949;1.0001175164983704;1.0;0.9999889470364457;0.9999886797367136;1.0;1.024999976158142;
2016-07-31 07:15:00;0.9999917397276296;1.0;0.9999872591056691;0.9999958600607491;0.9999981516496823;1.0;1.0;0.9999970480881174;0.999992430897387;0.9999992281673895;0.9999905448312574;0.9999945281926887;0.9999994498555341;0.9999974772387696;0.9999982050409277;0.9999995281744248;0.9999998071253277;0.9999976462695263;1.0;0.9999877882469422;0.9999879565819811;1.0;1.0;0.9999996438833021;1.000137688796615;0.9999863023250144;0.9999967856134633;0.999999267336776;0.9998577195462575;0.9997602892014984;0.9996918081798205;0.9996681111578662;0.999998214417648;1.0;1.0;0.9994105698442736;0.9993853217665001;0.999375013427138;1.0001187603374113;1.0;0.9999866352346964;0.9999865698335858;1.0;1.024999976158142;
2016-07-31 07:30:00;0.9999860381306841;1.0;0.9999795478140222;0.9999927467727234;0.9999983104754872;0.9999999999999999;1.0;0.9999961745891446;0.9999901013561506;0.9999980622542388;0.9999842590195014;0.9999947747606392;0.9999993689534211;0.9999952548191108;0.9999952928978927;0.9999989128111912;0.9999996511110059;0.999997774445552;1.0;0.9999815952875337;0.99998130194376;1.0;1.0;0.9999992768886689;1.0001413932438594;0.9999786018307923;0.9999949864917895;0.9999984888912762;0.9998527187592922;0.9997553359758196;0.9996786270544064;0.9996521319519687;0.9999971361910417;1.0;1.0;0.9993801908938706;0.9993560175243112;0.9993460903828384;1.0001215207180971;1.0;0.9999793871230408;0.999979588241208;1.0;1.024999976158142;
2016-07-31 07:45:00;0.9999625868575245;1.0;0.999942458433689;0.9999836407352551;0.99999873026219;1.0;1.0;0.9999851270887254;0.9999759686493678;0.9999874972982927;0.9999642846055551;0.9999954936997764;0.9999998279658587;0.9999738287767561;0.9999734847205326;0.9999974665341234;0.9999995777245232;0.9999985772289502;1.0;0.9999571835341056;0.9999600792673276;1.0;1.0;0.9999998674984032;1.000158334942746;0.9999579778542513;0.9999897939624184;0.9999911206522725;0.9998343957941794;0.9997245949633179;0.9996707849635149;0.9996596353050707;0.9999888350234705;1.0;1.0;0.999413477193966;0.999391896647362;0.9993823817278491;1.0001343436205212;1.0;0.9999587842561146;0.9999469620287575;1.0;1.024999976158142;
2016-07-31 08:00:00;0.9999853986029257;1.0;0.9999792010075362;0.999992958243388;0.9999985979766567;1.0;1.0;0.9999957393836891;0.9999906418127138;0.999997048535984;0.9999852148686105;0.9999953894565361;0.9999994165405128;0.9999934684049376;0.9999933512764744;0.9999989948758295;0.9999997391891648;0.9999980726873159;0.9999999999999999;0.9999823272121836;0.9999815848952214;0.9999999999999999;1.0;0.999999548198439;1.0001426063709937;0.9999800352549558;0.9999952664049733;0.9999978423283087;0.9998027612199744;0.9996872035517385;0.9996389958085437;0.9996319356067761;0.9999966779274169;1.0;1.0;0.999372171745738;0.9993505551688007;0.9993414215369903;1.0001225090241241;1.0;0.9999803017563818;0.999979863509373;1.0;1.024999976158142;
2016-07-31 08:15:00;0.9999891781596989;0.9999999999999999;0.9999834546570082;0.9999946925449936;0.999999135446358;1.0;1.0;0.99999636357283;0.9999924528268127;0.9999975877535778;0.999988254255443;0.9999954646542959;0.9999997478851357;0.9999945904660955;0.9999945563165327;0.9999991624948962;0.9999997771353869;0.9999989302904003;0.9999999999999999;0.9999863135595461;0.9999868705665867;1.0;1.0;0.9999996290102381;1.0001481033438102;0.9999851776356472;0.9999964755908787;0.9999982235124037;0.9997006223960482;0.9995333460556926;0.9995610663264163;0.9995974689661191;0.9999973030082346;1.0;1.0;0.9993732030328136;0.9993521420707322;0.9993434209850248;1.000127403880887;1.0;0.9999857793992715;0.999984044051684;1.0;1.024999976158142;
2016-07-31 08:30:00;0.9999881181754193;1.0;0.9999825346834633;0.9999938147289842;0.9999987073838703;1.0;1.0;0.9999967546968069;0.9999917430630338;0.9999982395122606;0.9999865692716037;0.9999953626562569;0.9999995151114071;0.9999957903818928;0.9999957317914582;0.9999990432851578;0.9999997004748891;0.9999983031208594;1.0;0.9999844779621535;0.9999843271778655;1.0;0.9999999999999999;0.9999993814478514;1.0001472011939936;0.9999820046609074;0.9999957815166726;0.9999986492378093;0.999701789845053;0.9995344333599636;0.9995278650626166;0.9995437923350122;0.9999975315266385;1.0;0.9999999999999999;0.9992556213933698;0.9992336298520501;0.9992241164393493;1.0001266286595025;1.0;0.9999827279372477;0.9999826954531496;1.0;1.024999976158142;
2016-07-31 08:45:00;0.999993417675364;1.0;0.9999880095945635;0.999996636670932;0.999998481033173;0.9999999999999999;1.0;0.9999967088405611;0.9999924876544986;0.9999991838862421;0.9999913133546183;0.9999954936997761;0.9999997586981874;0.9999972557683126;0.999998166661719;0.9999995534717276;0.9999998095183521;0.999998277441251;1.0;0.9999889678672329;0.999990805689477;0.9999999999999999;1.0;0.9999996946749795;1.000142923059302;0.999988705645833;0.9999973364841392;0.9999992096983006;0.9997321539007203;0.9995891940060074;0.9995798982266219;0.9995982943206468;0.9999982075802887;1.0;1.0;0.9993500653363714;0.9993293894674756;0.9993210494678955;1.0001232968557168;1.0;0.9999894959357972;0.9999873501898766;1.0;1.024999976158142;
2016-07-31 09:00:00;0.9999955087886793;1.0;0.9999932188501853;0.9999977071518138;0.9999990159421757;1.0;1.0;0.9999985305480869;0.9999960435120177;0.9999996414001004;0.9999948441659492;0.9999954646542959;0.9999996896814143;0.9999987864487057;0.999999124075491;0.9999997313436165;0.9999998904731667;0.9999987311416242;0.9999999999999999;0.9999934359400382;0.9999933945545783;1.0;1.0;0.9999997833062725;1.000144649601114;0.9999924733300279;0.9999982377442751;0.9999996519265039;0.999683983259099;0.9995193147553602;0.9995265520933655;0.9995553309357199;0.9999990898037485;1.0;1.0;0.9992921068018393;0.9992704372605533;0.9992609234974198;1.0001249232248692;1.0;0.9999926562113952;0.9999928495544784;1.0;1.024999976158142;
2016-07-31 09:15:00;0.9999916442948511;1.0;0.9999879906828271;0.9999953686011762;0.9999987160726906;1.0;1.0;0.999998132725882;0.9999938720448696;0.9999994894243273;0.9999899667649039;0.9999954936997763;0.9999994963698675;0.9999983723805028;0.9999984327820766;0.9999993103806677;0.9999997434355326;0.9999982903368634;1.0;0.9999883933379052;0.9999879154687255;0.9999999999999999;0.9999999999999999;0.9999993996759718;1.000147062403585;0.9999858042883332;0.9999967118211425;0.9999995233023873;0.9996720068097862;0.9995039687375468;0.9995106349900721;0.9995406939709931;0.999998606918781;1.0;1.0;0.9992693816063876;0.9992471938967491;0.9992368869821316;1.000126774145665;1.0;0.9999864133410848;0.9999876250055012;1.0;1.024999976158142;
2016-07-31 09:30:00;0.999992687316136;1.0;0.9999886031610663;0.9999961677721582;0.9999987450414468;1.0;1.0;0.9999975920337019;0.9999937657969806;0.9999992080606404;0.9999912410436266;0.9999954936997763;0.999999635692049;0.999997687702617;0.9999980515173046;0.9999994606675345;0.9999998004912403;0.9999984311594599;1.0;0.9999894030229192;0.999989775202727;1.0;1.0;0.9999996014886413;1.0001470676157647;0.9999880076201262;0.9999971937256646;0.999999305683893;0.9996429494657233;0.9994698945667099;0.9994934300772899;0.9995375157926809;0.9999984413682563;1.0;1.0;0.9992827953915968;0.9992609003468336;0.9992509741502107;1.0001268310632225;1.0;0.9999885531471239;0.9999882568747744;1.0;1.024999976158142;
2016-07-31 09:45:00;0.9999937152966216;1.0;0.9999898679529113;0.9999968192125037;0.9999989213587656;1.0;1.0;0.999997611781344;0.9999943853947192;0.999999109016408;0.9999925578031585;0.9999954646542956;0.9999997334572359;0.9999975390770215;0.9999979463016806;0.9999995621687376;0.9999998434942576;0.9999986886808155;1.0;0.9999908320292027;0.9999914667724028;1.0;1.0;0.9999997227666942;1.0001468551675583;0.9999900390934933;0.9999976536162395;0.9999992488038112;0.9996362330070347;0.9994570979259306;0.9994846523795943;0.9995296116130526;0.9999984991708587;1.0;1.0;0.9992707481990255;0.9992487618048123;0.9992388357287684;1.0001266897460408;1.0;0.9999904972918016;0.9999896216036798;1.0;1.024999976158142;
2016-07-31 10:00:00;0.9999926479327018;1.0;0.999988771532424;0.9999962275020393;0.9999982748266445;1.0;1.0;0.9999975225728274;0.9999932397771005;0.9999995138096631;0.9999914226820872;0.9999954185020099;0.9999994683661433;0.9999981388453539;0.9999987900605971;0.9999995692126394;0.9999998144748935;0.9999977893553773;0.9999999999999999;0.9999889820153705;0.9999890019854019;1.0;1.0;0.999999632265425;1.0001483673614497;0.9999873953497112;0.9999970542222401;0.9999994817337621;0.9996381188283651;0.999456258870157;0.9994801559330639;0.9995215390509687;0.9999985176506951;1.0;1.0;0.9992526108218118;0.999231405752406;0.9992226857203329;1.0001280448292158;0.9999999999999999;0.9999877232301058;0.999988043176636;0.9999999999999999;1.024999976158142;
2016-07-31 10:15:00;0.9999896447475071;1.0;0.9999801732706;0.9999944630550223;0.9999967852661243;1.0;1.0;0.9999944252520728;0.9999862441697643;0.9999995472284676;0.9999850785212551;0.9999956382542649;0.9999994621707369;0.9999968184907727;0.9999988849349556;0.9999993268219594;0.9999996396857235;0.9999963288814453;1.0;0.9999806069357695;0.9999841506658147;1.0;0.9999999999999999;0.9999993734407168;1.0001487950251733;0.9999799313744662;0.9999953050227144;0.9999992131560557;0.9996763234776168;0.9994939227835427;0.9995200272432179;0.9995538148187182;0.9999972994098362;1.0;1.0;0.9992965156806114;0.9992756886629657;0.9992665557154028;1.0001283061001354;1.0;0.9999814787540532;0.999978229198805;1.0;1.024999976158142;
2016-07-31 10:30:00;0.9999745588349723;1.0;0.9999481758508388;0.9999881216511921;0.9999939235846319;1.0;1.0;0.9999828493071659;0.9999663750995887;0.9999945249064999;0.9999661009434504;0.9999956457024437;0.9999997087851122;0.9999838229597109;0.999988923339117;0.999998508705856;0.9999993798816229;0.9999937000847712;0.9999999999999999;0.9999550045394696;0.9999672353584917;1.0;1.0;0.9999994822498194;1.0001626109812116;0.999959190900603;0.9999902305978005;0.9999951228041758;0.9996109594255685;0.999395089296872;0.9994462110124968;0.9994962317524003;0.9999910310948495;1.0;1.0;0.9992222382667393;0.9992014352067679;0.9991923029378496;1.0001393474568425;1.0;0.9999626717190717;0.9999458348358028;0.9999999999999999;1.024999976158142;
2016-07-31 10:45:00;0.9999828110205284;1.0;0.9999707576527181;0.9999924130230642;0.9999970180503821;1.0;1.0;0.9999912780817325;0.9999833981538641;0.9999958236912839;0.999981452546471;0.9999953894565361;0.9999994998004434;0.9999895694116444;0.9999913793047294;0.9999991194544983;0.9999997422155515;0.9999965325797249;1.0;0.9999753468484353;0.9999785350702244;1.0;0.9999999999999999;0.9999998685296321;1.0001577598575697;0.9999761423228362;0.9999942531155146;0.9999966934616497;0.9996092370591976;0.999394867403288;0.9994448156589683;0.9994941810472641;0.9999947365865504;0.9999999999999999;1.0;0.9992180314993127;0.9991961253122105;0.9991866122565796;1.00013557234124;1.0;0.9999768245055295;0.9999705658616214;0.9999999999999999;1.024999976158142;
2016-07-31 11:00:00;0.9999869757455944;1.0;0.9999755309626435;0.9999934265306135;0.9999967009293038;1.0;1.0;0.9999929126083321;0.9999841419903946;0.9999983799100255;0.9999825498331152;0.999995349144942;0.9999995215974278;0.9999943136512802;0.9999964885071981;0.999999170005652;0.9999996248390962;0.9999962951032443;1.0;0.9999774034383934;0.9999816536462909;1.0;1.0;0.9999994401669151;1.0001532304126284;0.9999773406864891;0.9999946507059921;0.9999983738195855;0.9996284564968494;0.9994255639649489;0.9994813452343458;0.9995343467770372;0.9999962813252872;1.0;1.0;0.9992899434422032;0.9992682004953521;0.999259067616228;1.0001319433277536;1.0;0.999978971797072;0.9999739729555012;1.0;1.024999976158142;
2016-07-31 11:15:00;0.9999882088614914;1.0;0.9999779723442086;0.9999942419311637;0.9999972122864939;1.0;1.0;0.9999934615913808;0.9999860203108974;0.9999981354068951;0.9999847635576621;0.9999953491449419;0.9999996249764117;0.9999941696805662;0.9999960502986232;0.9999992823546363;0.9999996970592483;0.999996887668606;1.0;0.9999801407720421;0.9999839337844788;1.0;1.0;0.9999996032125084;1.0001532023486854;0.9999804612918489;0.9999953625418762;0.9999982795773701;0.999637345942766;0.9994384274891263;0.9995066145529681;0.9995667423195824;0.9999964819901279;0.9999999999999999;1.0;0.9993539575463065;0.9993316028802296;0.9993216759812806;1.000131948907821;1.0;0.9999817762077381;0.9999768453728677;0.9999999999999999;1.024999976158142;
2016-07-31 11:30:00;0.9999905740978352;1.0;0.999985592293048;0.9999952799283026;0.9999986992644085;1.0;1.0;0.999996848859571;0.9999926316588794;0.9999984777077571;0.9999894401184505;0.9999956188863195;0.9999996063167547;0.9999962073916765;0.999996496865453;0.9999993312280459;0.9999997863182075;0.9999983547326825;1.0;0.9999872241440716;0.9999875392943197;1.0;0.9999999999999999;0.999999611735087;1.0001528564700102;0.9999858123861558;0.99999665392219;0.9999988003595528;0.9995855844882122;0.9993733791730368;0.9994359346822124;0.9994979999719533;0.9999978323077292;0.9999999999999999;1.0;0.9992413910239114;0.999220210034364;0.9992106967494294;1.000131695405472;1.0;0.9999863131765443;0.9999855522823312;0.9999999999999999;1.024999976158142;
2016-07-31 11:45:00;0.9999915015787887;1.0;0.9999866682061012;0.9999960590674202;0.9999988052699477;1.0;0.9999999999999999;0.9999965927080159;0.9999930689876363;0.9999981639260099;0.9999910366855407;0.9999957634412352;0.99999969695075;0.9999955970290025;0.9999960326787636;0.9999994904708239;0.9999998569250392;0.9999985220333;0.9999999999999999;0.9999886570425892;0.9999892543358824;0.9999999999999999;0.9999999999999999;0.9999998264706544;1.000151869251341;0.9999881621094161;0.9999971702436693;0.9999985899384993;0.9995895101349782;0.999382383729931;0.9994418414519124;0.9995034562481877;0.9999977392847115;1.0;1.0;0.99924983247051;0.9992287920073868;0.9992188661297137;1.0001308932458821;1.0;0.9999884238489335;0.9999867658875607;1.0;1.024999976158142;
2016-07-31 12:00:00;0.9999909774236359;0.9999999999999999;0.9999851980320249;0.9999955995032301;0.999998823307429;0.9999999999999999;0.9999999999999999;0.9999963014274719;0.999992274459691;0.9999981495384215;0.9999896380725951;0.9999954936997764;0.999999768828973;0.9999954469344334;0.9999958969175797;0.9999993547091706;0.9999998023139806;0.9999986288879695;1.0;0.9999873839151883;0.9999886520201262;1.0;1.0;0.999999703032089;1.000154267369296;0.9999868671327262;0.9999968761250166;0.9999985536235227;0.9995757649559335;0.9993477444112203;0.999435846931634;0.9995076274859779;0.9999975903276441;1.0;1.0;0.9992708471703358;0.9992498799789966;0.9992411597857039;1.000132895540032;1.0;0.9999875202407916;0.9999852636325324;1.0;1.024999976158142;
2016-07-31 12:15:00;0.9999813622282643;1.0;0.9999727431116708;0.9999908044161723;0.9999980723611397;1.0;1.0;0.9999943874470519;0.9999872906006453;0.9999964934488595;0.9999802302140478;0.9999952932992006;0.9999992828723426;0.9999920042060438;0.9999920190671123;0.9999986554297853;0.9999996213905717;0.999997445954815;1.0;0.9999765237861471;0.9999762026453755;1.0;1.0;0.9999993116008543;1.0001607362826472;0.999973561631898;0.9999937540518389;0.999997381828675;0.9995557877648683;0.9993142485634215;0.9994068164644884;0.9994805994677002;0.9999957756738326;0.9999999999999999;1.0;0.9992285963236859;0.9992069958758399;0.9991982760567854;1.000137957051172;1.0;0.9999742412016602;0.9999733359450268;1.0;1.024999976158142;
2016-07-31 12:30:00;0.999949262775009;1.0;0.9999243545088421;0.9999777601514412;0.9999988997414997;1.0;1.0;0.9999813028218041;0.9999700758513167;0.9999830139394484;0.9999528560031393;0.9999955204999799;0.9999996839681428;0.9999651663825324;0.9999639255104066;0.9999965286559822;0.9999994551014544;0.9999986165048252;1.0;0.9999441134943912;0.9999460423303534;1.0;1.0;0.9999997889782272;1.0001763174634613;0.9999439930893577;0.9999864333269126;0.9999880611597683;0.9995996336377273;0.9993741078493492;0.9994498644606191;0.999515269759716;0.9999853316264874;1.0;1.0;0.9992750336534552;0.9992541509061837;0.9992454306756198;1.000148942482769;0.9999999999999999;0.9999446481348001;0.9999310089946905;1.0;1.024999976158142;
2016-07-31 12:45:00;0.9999511797754383;1.0;0.9999264366020519;0.999978040828357;0.9999987500011099;1.0;0.9999999999999999;0.9999822132642362;0.9999703469386569;0.9999844222855535;0.999952851796022;0.9999956188863195;0.9999996928858365;0.9999677739976138;0.9999666495269682;0.9999964850101009;0.9999993664898928;0.9999985157593617;1.0;0.9999447606369081;0.9999472687817494;1.0;1.0;0.9999994881746884;1.000173625683021;0.9999439563991769;0.9999864880931177;0.9999889904012352;0.9996338379529688;0.9994209162232128;0.9994827840971237;0.9995378596767718;0.9999861526702116;1.0;1.0;0.9992988358429524;0.9992782639288316;0.9992695434878395;1.0001467370710992;1.0;0.9999452350556296;0.9999323759790614;1.0;1.024999976158142;
2016-07-31 13:00:00;0.9999675844875586;0.9999999999999999;0.9999498839912037;0.9999856367396633;0.99999789485683;1.0;1.0;0.9999870299988856;0.9999775836963569;0.9999902125976965;0.9999682581648824;0.9999956457024436;0.9999995514505;0.9999788876694402;0.9999791626469086;0.999997893982469;0.9999995915867486;0.9999974782938933;1.0;0.9999612187911255;0.9999636207069957;1.0;1.0;0.9999997558400842;1.000161494282553;0.9999612456505694;0.9999906211630739;0.9999929353340348;0.9996532322770361;0.9994588470529118;0.999506410218717;0.999555005168729;0.9999905842215352;1.0;0.9999999999999999;0.9993186451877675;0.9992975471463781;0.9992880331251393;1.0001375810801763;1.0;0.9999619679830615;0.9999528013902559;0.9999999999999999;1.024999976158142;
2016-07-31 13:15:00;0.9999795703081739;0.9999999999999999;0.9999661541534282;0.9999900054086572;0.99999733915973;1.0;1.0;0.9999914566152079;0.9999822293917651;0.9999957819089915;0.9999762918271888;0.9999953626562568;0.9999995144695561;0.9999895921807427;0.999990707154001;0.999998523478649;0.9999995421476946;0.9999969440698298;1.0;0.9999711460157203;0.999974344630153;1.0;1.0;0.9999993136779889;1.0001605579474735;0.9999701161875448;0.9999929043722731;0.9999966814965419;0.999550223870845;0.9993360208063102;0.9994073033783957;0.9994832832298078;0.999994494039145;0.9999999999999999;1.0;0.9992354778871899;0.9992134867891873;0.9992039735682627;1.0001376714850527;1.0;0.9999717141122616;0.9999662591204904;1.0;1.024999976158142;
2016-07-31 13:30:00;0.9999884792250491;1.0;0.999974297685939;0.9999947774174207;0.9999962193438826;1.0;1.0;0.9999906327118682;0.9999816102447052;0.9999977591626562;0.9999836221855869;0.9999953626562568;0.9999998208039336;0.9999923241354793;0.9999957205708676;0.999999474341118;0.9999997100998174;0.9999960571666797;1.0;0.9999770917668829;0.9999843917949003;1.0;0.9999999999999999;0.9999998477876426;1.0001580993020767;0.9999801196057522;0.9999952219203603;0.9999977914298045;0.9994973951165629;0.999280059992987;0.9993538101607983;0.9994411677514831;0.9999955092719364;1.0;1.0;0.9991800552343322;0.9991583582891016;0.9991492264138876;1.0001362598674832;1.0;0.9999819351374667;0.9999723422551211;1.0;1.024999976158142;
2016-07-31 13:45:00;0.9999896923261838;1.0;0.9999834140366403;0.9999951796289444;0.9999982555997736;0.9999999999999999;0.9999999999999999;0.9999956319586424;0.9999908453766514;0.99999799403876;0.9999887523418471;0.9999955204999798;0.9999995856845898;0.9999949030677938;0.9999956834242817;0.9999994051072035;0.9999998120281106;0.9999978696820222;1.0;0.9999855328529951;0.9999865581881073;1.0;1.0;0.9999997638531734;1.0001535537182014;0.9999849683160595;0.9999964147764208;0.9999983990768228;0.9995959128287853;0.9993791684515557;0.9994460529306332;0.9995062079002325;0.9999972464425304;1.0;1.0;0.999252660928474;0.9992314613389519;0.9992223287956078;1.0001322917899005;1.0;0.9999853714064986;0.9999832327582951;1.0;1.024999976158142;
2016-07-31 14:00:00;0.9999887588418224;1.0;0.9999821803224094;0.9999945101300528;0.9999983616496035;1.0;1.0;0.999995705537839;0.9999906002891154;0.9999979527860132;0.9999873772273163;0.999995231390711;0.9999995853964253;0.9999948768931481;0.9999954452584077;0.999999243633355;0.9999997604138379;0.9999979956451434;1.0;0.9999844285027191;0.9999853776261678;1.0;1.0;0.9999996173107427;1.0001546517646442;0.9999833373106626;0.9999960506338292;0.9999983793791715;0.9995880888683231;0.9993890543854486;0.9994326944308517;0.9994900117766509;0.999997183231448;1.0;1.0;0.999221431654952;0.9991999269717351;0.9991915880525969;1.0001331520076602;1.0;0.9999839625903811;0.9999821088694787;1.0;1.024999976158142;
2016-07-31 14:15:00;0.9999878291937436;1.0;0.9999785934970943;0.9999938555249553;0.999997915265214;1.0;1.0;0.9999943718574619;0.9999877400717405;0.9999979369540727;0.9999846586032806;0.9999953007473817;0.9999996900181133;0.9999942572440329;0.9999953802155676;0.9999991018973609;0.9999996745585508;0.9999976718511151;1.0;0.9999811285038681;0.9999840341436836;1.0;1.0;0.9999994845751063;1.0001559644198932;0.9999806562057377;0.9999954234463478;0.999998246560571;0.9995655500586439;0.9993450046583109;0.9994219177718545;0.9994935696095536;0.999996664277852;1.0;1.0;0.9992469835114475;0.999225087769589;0.9992159552844965;1.0001342164167566;1.0;0.9999819967641206;0.9999780853562525;1.0;1.024999976158142;
2016-07-31 14:30:00;0.9999865887637603;0.9999999999999999;0.9999691802421523;0.9999937443809039;0.9999950369158327;0.9999999999999999;1.0;0.9999887057746659;0.9999770775726704;0.9999979254603704;0.9999799270759206;0.9999953336107754;0.9999997115629642;0.999991734788236;0.999996157748662;0.9999993990652433;0.9999996170424076;0.9999947827660703;1.0;0.999971781317022;0.9999809521645693;0.9999999999999999;1.0;0.9999997205619288;1.0001572200803925;0.9999752518258946;0.9999940820620283;0.9999977103263875;0.9996097829432213;0.9993955641714566;0.9994578183285804;0.9995142096597726;0.9999947991917814;1.0;1.0;0.9992610324868461;0.9992398524406635;0.9992315131883234;1.0001354861159257;1.0;0.999977643068708;0.9999662789998391;1.0;1.024999976158142;
2016-07-31 14:45:00;0.9999625884141952;1.0;0.9999296051042367;0.9999836338089672;0.9999934797046451;1.0;1.0;0.9999770779030207;0.9999584546914023;0.9999895017648626;0.9999563774580252;0.9999952181014671;0.9999997168808269;0.9999734512666251;0.9999788167872278;0.9999979528827706;0.9999993730848312;0.9999932148189113;1.0;0.9999420553251412;0.999955420119684;1.0;1.0;0.9999998613674103;1.0001739700324628;0.9999479953009924;0.9999874472334801;0.999991559068792;0.9995703104452742;0.9993306498324654;0.9993979345139649;0.9994575969971822;0.9999868909735833;0.9999999999999999;1.0;0.9991708159661662;0.9991489785264855;0.9991402592137335;1.0001483734567196;1.0;0.999951136640572;0.9999289921777973;0.9999999999999999;1.024999976158142;
2016-07-31 15:00:00;0.9999437520091513;1.0;0.9999147045278152;0.9999745913089955;0.9999975205052127;1.0;1.0;0.9999791192402732;0.9999638605218256;0.9999829230485974;0.9999449533991019;0.9999955898566877;0.9999993891210385;0.9999641198105926;0.9999636222141405;0.9999960855759897;0.9999992404473051;0.9999970043890253;1.0;0.9999344351524112;0.999937551612646;0.9999999999999999;1.0;0.9999993373821952;1.000182698628186;0.9999331787995475;0.9999839526904374;0.9999877848377213;0.999570613597724;0.9993276062760789;0.9994047517174484;0.9994704582985331;0.9999842062313951;1.0;1.0;0.9992006646831499;0.9991796859396566;0.9991705538695173;1.0001542258875384;1.0;0.9999346933971683;0.9999204935988502;1.0;1.024999976158142;
2016-07-31 15:15:00;0.9999546281053212;1.0;0.9999290169756547;0.9999795652735813;0.9999980589151968;1.0;0.9999999999999999;0.9999819166912298;0.9999693032683777;0.9999857298684611;0.9999545647048673;0.9999955204999798;0.9999997786269678;0.9999696874162839;0.9999696022767861;0.9999967750221918;0.9999993668767853;0.9999979058820596;1.0;0.9999459477342837;0.9999504871599733;1.0;1.0;0.9999995144711676;1.000175081949749;0.9999463239745189;0.9999870605833763;0.9999897476595719;0.999590889341177;0.9993627902645452;0.9994218127170502;0.9994779238970753;0.9999866978723608;1.0;1.0;0.9991998420986489;0.9991786436297017;0.9991695115690885;1.0001482898821783;1.0;0.9999480630716236;0.9999337557638792;0.9999999999999999;1.024999976158142;
2016-07-31 15:30:00;0.999968625288277;1.0;0.999951615856789;0.9999861112736397;0.9999982856688718;1.0;0.9999999999999999;0.9999875467617262;0.9999788416149346;0.999990258118435;0.9999694463684222;0.9999953200994742;0.9999996566706664;0.999979207210582;0.9999792741176775;0.9999979206182472;0.9999996110018625;0.9999979717870291;1.0;0.999962962651294;0.9999652889620868;1.0;1.0;0.9999997794988741;1.000170006392285;0.9999630927876252;0.9999910680408615;0.9999930061605562;0.9995450265196492;0.9992976621910906;0.9993868975937086;0.9994604841493103;0.9999908554978745;1.0;1.0;0.9991946141926419;0.9991721714846283;0.9991622461693973;1.0001449605912744;0.9999999999999999;0.9999638166285879;0.9999547287164439;1.0;1.024999976158142;
2016-07-31 15:45:00;0.9999562900072314;0.9999999999999999;0.9999348690333636;0.9999800429942193;0.9999979235418393;0.9999999999999999;1.0;0.9999846815033824;0.9999727033319379;0.9999873892908783;0.9999572702683479;0.9999953626562569;0.9999993142533589;0.9999734535567463;0.9999727552533315;0.9999969268907709;0.9999993853300081;0.9999973277808902;1.0;0.999949429388064;0.9999506306944548;1.0;1.0;0.9999993432226117;1.0001735341004125;0.9999472847052784;0.9999873331317353;0.9999910149383233;0.9995475773983409;0.9992960047104925;0.9993756098820137;0.9994417501489847;0.9999881581982142;0.9999999999999999;1.0;0.9991532164144581;0.9991315200520259;0.9991223884221019;1.000147195293826;1.0;0.9999482917958507;0.9999392263262639;1.0;1.024999976158142;
2016-07-31 16:00:00;0.9999721709759959;1.0;0.9999572851370755;0.9999867734568555;0.9999981133690414;0.9999999999999999;1.0;0.9999900898505208;0.9999808839975857;0.9999929208770073;0.9999707742181726;0.999994643717677;0.9999995006406374;0.999984493134812;0.9999844204133955;0.9999979251596585;0.9999994978515826;0.9999977091062707;1.0;0.999965627828267;0.9999673542242351;1.0;1.0;0.9999992889045032;1.0001633914399384;0.9999637519670111;0.9999913433254219;0.9999948420056592;0.9995952282730881;0.9993711915340243;0.9994364232383808;0.9994944698200094;0.9999926614993828;0.9999999999999999;1.0;0.9992302964407278;0.9992066398552516;0.9991979200393042;1.0001395112407672;0.9999999999999999;0.999965051973139;0.9999592790691574;1.0;1.024999976158142;
2016-07-31 16:15:00;0.9999784660310891;1.0;0.9999654531579365;0.9999888827872397;0.9999984193295118;1.0;1.0;0.9999925382255443;0.9999838895016906;0.9999955386193746;0.9999744640969414;0.9999961408336218;0.9999997003747191;0.9999896910262037;0.9999896856876681;0.9999980845775739;0.9999994373761207;0.9999982571519522;1.0;0.9999711447318909;0.99997382781382;1.0;0.9999999999999999;0.9999989706321409;1.0001595102436076;0.999968847207896;0.9999926496969128;0.9999966359656374;0.9996186124605784;0.9994089679581089;0.999465466763695;0.999519243690997;0.9999946481826323;1.0;0.9999999999999999;0.9992658732419477;0.99924694937227;0.999238229204552;1.0001365040449786;1.0;0.9999709851307975;0.9999664132141891;1.0;1.024999976158142;
2016-07-31 16:30:00;0.9999640636011418;1.0;0.9999477529195041;0.9999780644137316;0.9999984482430517;0.9999999999999999;1.0;0.9999946695814907;0.9999787840682965;0.999997118762767;0.9999524763287627;0.9999969424205913;0.9999990035256091;0.9999931613111904;0.9999905033334687;0.9999957203923309;0.9999985575699152;0.9999979412989489;1.0;0.9999522011686239;0.9999519258919574;0.9999999999999999;1.0;0.9999963873259577;1.0001690561215044;0.9999393661777274;0.9999860933456169;0.999997751904307;0.9995750518564118;0.9993401395466077;0.9994236756466373;0.9994929167285201;0.9999945713479199;0.9999999999999999;1.0;0.9992430498793751;0.999226345701487;0.9992172132048975;1.0001436645887138;1.0;0.9999446839017223;0.9999487453544024;1.0;1.024999976158142;
2016-07-31 16:45:00;0.9999775235903711;1.0;0.999965738756753;0.9999873858548733;0.9999979099616839;1.0;1.0;0.9999943118214274;0.9999839185928379;0.9999973686774926;0.9999718367520867;0.9999969133751265;0.9999992811588282;0.9999933613076536;0.9999930048248329;0.9999978117109426;0.9999992621155922;0.99999741375423;0.9999999999999999;0.9999690974077711;0.9999700719541216;1.0;1.0;0.9999983418982791;1.0001608356360658;0.9999635713326156;0.9999915419683009;0.9999978911033879;0.9996052682584144;0.9993855106433868;0.9994435658758951;0.999496648685568;0.9999956507117835;1.0;1.0;0.9992272724355874;0.9992101839619275;0.9992006707724482;1.0001376893891303;1.0;0.999966126679161;0.9999658653157849;0.9999999999999999;1.024999976158142;
2016-07-31 17:00:00;0.9999851344790238;1.0;0.9999759835357631;0.9999919511365856;0.9999983329753198;1.0;1.0;0.9999950994505741;0.9999879284739439;0.9999978638737639;0.9999812864790345;0.9999969827322586;0.9999996137360089;0.9999944751585015;0.9999947384552293;0.9999986483566247;0.9999995419182333;0.9999980696521613;1.0;0.9999787291391508;0.9999805538861233;1.0;1.0;0.9999990713340541;1.0001583389919404;0.9999762850382394;0.9999944542432684;0.9999982673177921;0.9995725768068878;0.9993410736792842;0.9994146782834651;0.9994779487607661;0.9999966532825738;1.0;0.9999999999999999;0.9992096676223864;0.9991924818972966;0.9991825563803112;1.000136021532471;1.0;0.9999780157394258;0.9999759314117994;0.9999999999999999;1.024999976158142;
2016-07-31 17:15:00;0.9999882989347951;1.0;0.9999783612564901;0.9999941802019724;0.9999978931343824;1.0;0.9999999999999999;0.9999938809553329;0.9999872543980602;0.9999977912033847;0.9999848708691054;0.9999969559320551;0.9999997999379416;0.9999938148441877;0.999995182710287;0.9999991497105;0.999999687252286;0.9999977492737989;1.0;0.9999811682679037;0.9999849252423296;1.0;1.0;0.9999995600655812;1.0001568199772015;0.9999814475988501;0.999995593317544;0.9999981126139866;0.9995856938086437;0.9993709369830409;0.9994548976618003;0.9995290507549567;0.9999965093053942;1.0;0.9999999999999999;0.9993098903697057;0.9992923254124659;0.9992820180323313;1.0001349695186739;1.0;0.9999829163993296;0.9999777998563174;0.9999999999999999;1.024999976158142;
2016-07-31 17:30:00;0.9999857115368559;1.0;0.9999752195164984;0.999993042586573;0.9999970757051642;1.0;0.9999999999999999;0.9999931877063513;0.9999851834481333;0.9999976819917731;0.9999826988956823;0.9999970117777295;0.9999994626658144;0.999993335626668;0.9999949907507032;0.9999991198724988;0.999999664900975;0.9999965994114383;1.0;0.9999777651704248;0.9999807115074838;1.0;0.9999999999999999;0.9999995242622371;1.0001564482621133;0.9999772828580887;0.999994614275709;0.9999979827266898;0.9996091197701558;0.9993949068092421;0.999469143421331;0.9995324679852963;0.9999960742805667;1.0;1.0;0.999301016351177;0.9992839206707897;0.9992739942454938;1.0001346239157929;1.0;0.9999784500232426;0.9999743184703551;1.0;1.024999976158142;
2016-07-31 17:45:00;0.999976811619637;1.0;0.9999653373411744;0.999988680699644;0.9999959390402675;1.0;1.0;0.9999921467663606;0.9999812036142175;0.9999966925857064;0.9999749785109955;0.9999969827322586;0.9999986878816752;0.9999913328853102;0.9999926033916764;0.999998622339947;0.9999995313409282;0.9999947349579651;1.0;0.9999682670830126;0.9999680728106102;1.0;1.0;0.9999991820392199;1.000161586815392;0.9999645208486434;0.9999916375467379;0.9999972896300607;0.9995802323288181;0.9993516410982975;0.9994513486049569;0.9995302221207408;0.9999948032384776;0.9999999999999999;1.0;0.9993183786500509;0.9993005807454372;0.9992898607410653;1.0001387073655905;1.0;0.9999651310115094;0.9999645926823718;1.0;1.024999976158142;
2016-07-31 18:00:00;0.9999327763111765;1.0;0.999910523067327;0.9999694258976609;0.9999928190275159;1.0;1.0;0.9999813784475972;0.9999604111097083;0.999985540397341;0.9999396179461759;0.9999969424205912;0.9999964841324724;0.9999692213432955;0.9999689756056164;0.999996335437643;0.9999992065828552;0.9999894564977239;1.0;0.9999237304097424;0.9999144265528068;0.9999999999999999;0.9999999999999999;0.9999988926514872;1.0001824473843974;0.9999127524502099;0.9999792963992077;0.9999895624373651;0.9995660956476818;0.9993193682207195;0.9994184837022873;0.9994961244725535;0.9999849707166878;1.0;1.0;0.9992598705103927;0.999243166051317;0.9992340334009969;1.0001544078737237;0.9999999999999999;0.9999106504981682;0.9999137818613546;1.0;1.024999976158142;
2016-07-31 18:15:00;0.9999623838117889;1.0;0.9999516388485687;0.9999831188835361;0.9999934684439598;0.9999999999999999;1.0;0.9999898121179686;0.9999756294229333;0.9999939857086043;0.9999671865920734;0.9999970869757803;0.999997060405299;0.9999860770418224;0.9999872290659401;0.9999984817712195;0.9999996056749665;0.9999906036760215;1.0;0.999955470402459;0.9999478492646051;0.9999999999999999;1.0;0.9999994333201359;1.0001670435138037;0.9999476543211;0.9999876027944989;0.9999954443838485;0.9995933647208658;0.9993658568307627;0.9994433752206968;0.9995080942043474;0.9999923056783141;1.0;0.9999999999999999;0.9992622490287083;0.9992457095942568;0.9992361960665483;1.0001430791560337;0.9999999999999999;0.9999453255949132;0.9999513635895081;1.0;1.024999976158142;
2016-07-31 18:30:00;0.9999776110201112;0.9999999999999999;0.9999694003983961;0.9999892176617717;0.9999952857106494;1.0;1.0;0.9999936689474954;0.999982919662878;0.9999977593375384;0.999977590406119;0.9999970869757802;0.9999981613393459;0.9999936893933409;0.9999949673929601;0.9999989408971054;0.9999996094175724;0.9999935453714067;1.0;0.9999703144101718;0.9999672066682486;1.0;1.0;0.9999992519785729;1.0001609977093084;0.9999649694719266;0.9999917758316941;0.9999980682172851;0.9995852025590161;0.9993598845994711;0.9994405105713347;0.9995086034135702;0.9999956965453367;0.9999999999999999;0.9999999999999999;0.9992675754842206;0.9992513289240882;0.999242196199163;1.0001384720026247;1.0;0.9999645284730151;0.9999680876466346;1.0;1.024999976158142;
2016-07-31 18:45:00;0.9999589757202696;1.0;0.9999400874089867;0.9999804517658024;0.9999971952866944;0.9999999999999999;1.0;0.9999871008707718;0.9999741039418317;0.9999901669205901;0.9999584504652591;0.9999970579303025;0.9999989002220143;0.9999788866417947;0.9999782918015476;0.9999970329451354;0.9999992941859612;0.9999962440239247;1.0;0.9999511151971938;0.9999508238983112;1.0;1.0;0.9999989019745211;1.000167819434587;0.9999464875958153;0.9999872720968014;0.9999929020468297;0.9996160165348192;0.999401760004136;0.9994764655335963;0.9995410850744652;0.9999899316309596;1.0;1.0;0.9993170879100811;0.9993004559504912;0.9992909419015585;1.0001425917983537;1.0;0.9999476551750914;0.9999430180820504;1.0;1.024999976158142;
2016-07-31 19:00:00;0.999963115052522;0.9999999999999999;0.9999431833435813;0.9999828095283421;0.9999964081293755;1.0;0.9999999999999999;0.9999861308051284;0.9999729034829994;0.9999910016675712;0.9999617663828084;0.9999971563329367;0.9999990478700216;0.9999797526820975;0.9999805452908513;0.9999975429581132;0.9999993860850831;0.9999955595483458;1.0;0.9999532825015227;0.9999554537728713;1.0;0.9999999999999999;0.9999992270643177;1.0001677529543493;0.9999510830365902;0.9999883180146625;0.9999933162750234;0.9995965414935536;0.9993730766564717;0.9994444697638826;0.9995070921360228;0.9999901906163611;0.9999999999999999;1.0;0.9992576879184009;0.9992407580431684;0.9992304511949348;1.000142896291273;0.9999999999999999;0.9999523545196732;0.9999449729976315;1.0;1.024999976158142;
2016-07-31 19:15:00;0.99995917535138;1.0;0.9999285381379425;0.9999765491332527;0.9999937743448006;1.0;1.0;0.9999846843056549;0.9999600976709551;0.9999962166168724;0.999942157434948;0.9999972121627082;0.9999989996768356;0.9999873897779195;0.9999899460260331;0.9999959904698331;0.9999984263452154;0.9999932184084388;1.0;0.9999340271031056;0.9999437415453847;1.0;1.0;0.9999967186657572;1.000174922347665;0.9999272768118236;0.999983137451698;0.9999962647260829;0.9995748312200973;0.9993393903460959;0.9994157306670489;0.9994819264288148;0.9999908397236732;1.0;1.0;0.9992207308200023;0.9992042706043898;0.9991943449703007;1.0001488313365694;1.0;0.999934328773061;0.9999260257458196;1.0;1.024999976158142;
2016-07-31 19:30:00;0.9999654827420673;0.9999999999999999;0.9999435106947496;0.9999802068145599;0.9999949496262497;1.0;0.9999999999999999;0.9999892750323399;0.9999696161537323;0.9999973285813378;0.9999533192764047;0.9999971563329367;0.9999987548115569;0.9999910977045218;0.9999923243509723;0.9999966922793471;0.9999987292096172;0.999994081137588;1.0;0.9999470666788565;0.9999516383513161;0.9999999999999999;1.0;0.9999972128232665;1.0001704067937112;0.9999392310124421;0.9999859274885669;0.9999973852390049;0.9995111402480542;0.9992742331470775;0.9993707021200209;0.999461324992287;0.9999930914027049;1.0;1.0;0.9992192954088525;0.9992026591318026;0.9991927335137213;1.000145396482391;0.9999999999999999;0.9999441736485831;0.9999417075484935;0.9999999999999999;1.024999976158142;
2016-07-31 19:45:00;0.9999619944813429;1.0;0.9999405894671994;0.99997661123393;0.9999967390248183;0.9999999999999999;1.0;0.9999919883996494;0.9999720020599934;0.9999977824097499;0.9999467502046349;0.9999969827322587;0.9999989210879111;0.999993033706262;0.9999919696322266;0.9999955580204963;0.9999983758905232;0.9999961922593731;1.0;0.9999444150387101;0.9999475248831589;1.0;1.0;0.9999960740805359;1.0001685498217086;0.9999321847240573;0.99998444072346;0.9999978918349437;0.9995941610502002;0.9993733168564922;0.9994590540331622;0.999532000557094;0.9999937546267835;1.0;1.0;0.9993133374039446;0.9992964672290706;0.9992869532181134;1.000143223020949;1.0;0.9999387400600368;0.9999399638229433;1.0;1.024999976158142;
2016-07-31 20:00:00;0.9999734459220887;1.0;0.9999585338591005;0.9999846599416807;0.9999971910020174;1.0;1.0;0.9999931710366378;0.9999797407216744;0.9999975658253589;0.9999650959870826;0.9999969559320551;0.9999991368507765;0.9999931829455599;0.9999930495436411;0.9999973059469518;0.9999990378224226;0.9999966243274078;0.9999999999999999;0.9999618287552664;0.9999638032151784;1.0;1.0;0.999997800247168;1.000161236370361;0.9999549051374956;0.9999895706728107;0.9999978944869203;0.9996277762301797;0.999422320109292;0.9994861923850735;0.9995446095632421;0.9999950188887236;1.0;0.9999999999999999;0.9993146643515464;0.9992973922856703;0.9992874657265535;1.0001377938872102;1.0;0.999958497097782;0.9999581239388093;1.0;1.024999976158142;
2016-07-31 20:15:00;0.9999787173152492;1.0;0.9999667809081146;0.9999887048495242;0.9999969513496035;1.0;1.0;0.9999932164741434;0.9999826433753861;0.9999973726555833;0.9999742548662123;0.9999972873605997;0.9999991180518796;0.9999928796667922;0.999993577385554;0.9999982918287355;0.9999993980246183;0.9999962329710896;1.0;0.9999696925518297;0.9999710233316409;1.0;1.0;0.9999987733407046;1.0001577302413958;0.9999656615444281;0.999991974165908;0.9999977933580438;0.9995983468610863;0.9994019565381108;0.9994770215432512;0.9995523209827952;0.9999954347425293;1.0;1.0;0.9993500318675276;0.9993344181412794;0.9993252846569546;1.0001352623822024;0.9999999999999999;0.9999675087183357;0.9999662328309197;1.0;1.024999976158142;
2016-07-31 20:30:00;0.9999802031979386;1.0;0.9999667784414312;0.9999899906230367;0.9999968080328736;1.0;1.0;0.9999917671535322;0.9999815633527139;0.9999967765736679;0.9999759123362733;0.9999971831331542;0.9999993693740511;0.9999912909652806;0.9999927227993285;0.999998550782695;0.9999994901940854;0.9999962903531672;1.0;0.9999705327443131;0.9999738388484315;1.0;1.0;0.9999991454245142;1.0001586599081098;0.9999689030556211;0.9999926620171152;0.9999973063103632;0.9996450227115998;0.999453797814657;0.9995169258678792;0.999577340444018;0.9999949231941974;1.0;1.0;0.9993727797223502;0.9993565427823905;0.9993470281994714;1.0001361493563259;0.9999999999999999;0.9999707232463296;0.9999661477397399;1.0;1.024999976158142;
2016-07-31 20:45:00;0.9999754026394548;1.0;0.9999515458142889;0.9999880825407981;0.9999932501942573;1.0;1.0;0.999984672058626;0.9999675122603418;0.9999962863616909;0.9999669272696641;0.9999969424205913;0.9999992303653884;0.9999874055453186;0.9999924687591217;0.9999986182428106;0.9999993443992286;0.9999925823768322;1.0;0.9999558144279453;0.9999658218221295;1.0;0.9999999999999999;0.9999992278849252;1.0001687055215034;0.99995771204157;0.9999899701755665;0.9999963441694967;0.9995343576133995;0.9993153825139108;0.9994215247261818;0.9995208890910978;0.9999922008302174;1.0;1.0;0.9993312332083159;0.9993142345753867;0.9993047203952717;1.0001448546873197;1.0;0.9999608517974806;0.9999482978518187;1.0;1.024999976158142;
2016-07-31 21:00:00;0.9999774927625777;1.0;0.9999535162880013;0.999989272265864;0.9999931000733833;1.0;1.0;0.9999844497618731;0.9999675905709349;0.9999965773563522;0.9999688661665076;0.9999971004872383;0.999999334454347;0.9999877578659097;0.9999932910569038;0.9999988453934513;0.9999993970029227;0.9999925134878589;1.0;0.999957494383116;0.9999684395650669;0.9999999999999999;1.0;0.9999993937828966;1.0001597865208072;0.9999604882027356;0.9999906050222294;0.9999964996034145;0.9996332839246989;0.999441510419566;0.9995101609358834;0.9995764452201045;0.9999923786969108;1.0;1.0;0.9993784959765917;0.9993619982396148;0.9993524836047559;1.0001372928997554;1.0;0.9999636241465136;0.9999499266866445;1.0;1.024999976158142;
2016-07-31 21:15:00;0.9999809956773484;1.0;0.9999727658527946;0.9999907013591419;0.9999956117688886;1.0;1.0;0.9999940374265329;0.9999839915522629;0.9999983876810832;0.9999798788595262;0.999997127287453;0.9999984588787391;0.9999948342417455;0.9999963361012513;0.9999990780303744;0.9999996235294086;0.9999941640389002;1.0;0.9999733124113731;0.9999717293280705;0.9999999999999999;1.0;0.9999992859127034;1.0001564897024908;0.9999690588991331;0.9999927437274484;0.9999984801538617;0.9996368794048753;0.9994377026292226;0.9995167779729662;0.9995839661291941;0.9999962354909406;1.0;1.0;0.9993926467494625;0.9993756229634121;0.9993653147240902;1.0001347099182825;0.9999999999999999;0.9999690630695326;0.9999712019632565;1.0;1.024999976158142;
2016-07-31 21:30:00;0.9999783360997223;1.0;0.9999705799724031;0.9999891213992133;0.9999957048248432;1.0;1.0;0.9999945580635061;0.9999840069587378;0.9999982499367389;0.9999774090573053;0.9999972873605995;0.9999982559443855;0.9999948506033359;0.9999957324593042;0.9999987926307746;0.9999995486170068;0.9999940886666904;1.0;0.9999711630435402;0.9999680491193336;1.0;0.9999999999999999;0.9999990331205354;1.0001613655985324;0.9999651592913563;0.9999918632342202;0.9999984451758545;0.9996329589681011;0.9994342273888867;0.9995171567499422;0.9995887807259473;0.9999961510073555;1.0;1.0;0.9994077865564677;0.9993915615599552;0.9993816340654045;1.0001387589622655;1.0;0.9999651225752432;0.9999693340131459;1.0;1.024999976158142;
2016-07-31 21:45:00;0.9999800223452323;1.0;0.9999717471962407;0.9999901057436681;0.9999960021592145;1.0;1.0;0.9999941959811848;0.9999843432079133;0.9999980347596515;0.9999788813363945;0.9999971428055403;0.9999985197468653;0.9999943476286105;0.9999954232053183;0.9999989000784976;0.9999995913438243;0.9999946280564364;0.9999999999999999;0.9999728367679331;0.9999710037343086;1.0;1.0;0.9999991928714271;1.0001557997655417;0.9999681910027998;0.9999925453572692;0.9999982843661572;0.9996537021786073;0.9994589740850637;0.9995299163838437;0.9995905222757782;0.9999960973913129;1.0;1.0;0.9993947107368563;0.9993783452259921;0.9993688304354984;1.0001339813792711;1.0;0.9999683221629698;0.9999706125168887;1.0;1.024999976158142;
2016-07-31 22:00:00;0.9999784303620121;1.0;0.9999661671536852;0.9999890686628227;0.99999588527218;1.0;1.0;0.999992236439175;0.9999808146624457;0.9999974562960137;0.999974850813177;0.9999970869757802;0.9999988379344685;0.9999925720182014;0.9999941205535362;0.9999985961841055;0.9999994706820082;0.9999948527787192;0.9999999999999999;0.9999685073123665;0.9999697038111367;1.0;1.0;0.9999990219956845;1.0001590972718926;0.9999650385216649;0.9999917925918359;0.9999977547400996;0.9996678678147262;0.9994762538970722;0.9995509396641569;0.9996127768458839;0.9999951558204665;1.0;1.0;0.9994342945002719;0.9994177522181847;0.9994082370525085;1.0001366203443092;1.0;0.9999663032161672;0.9999649317359706;1.0;1.024999976158142;
2016-07-31 22:15:00;0.9999819275639664;1.0;0.9999694478227279;0.9999909010434027;0.9999959308830351;1.0;1.0;0.9999920969730256;0.9999813383913708;0.9999979037062726;0.9999777680480535;0.9999971272874532;0.9999990962182036;0.9999932120234761;0.999995318654483;0.9999988782117459;0.9999995332543129;0.9999951297331829;1.0;0.9999714825191354;0.9999743600263269;1.0;0.9999999999999999;0.9999992189717642;1.0001600227133611;0.9999696937762297;0.9999928686793192;0.9999980102749385;0.9996479593847588;0.999452250568467;0.9995312977364108;0.9995983925306023;0.99999551066805;1.0;0.9999999999999999;0.9994175236391019;0.9994011098016686;0.9993915947944397;1.0001376177841004;1.0;0.9999711532985772;0.9999678289196553;0.9999999999999999;1.024999976158142;
2016-07-31 22:30:00;0.9999765819637947;1.0;0.9999586690112238;0.9999879036062642;0.9999939933078696;1.0;0.9999999999999999;0.9999890183959873;0.9999733901121216;0.9999979757966727;0.9999693942260046;0.9999973276886038;0.9999987886843426;0.9999919806845468;0.9999954198902572;0.9999985214087993;0.999999314855062;0.9999929393392347;1.0;0.9999605487906508;0.9999656932814398;0.9999999999999999;1.0;0.9999988178754358;1.000163154016196;0.9999583486727779;0.9999902358115336;0.9999977603164341;0.9996731372899819;0.9994853031496862;0.9995427233079625;0.9995960376548924;0.9999941486092189;1.0;1.0;0.9993949881764259;0.9993792089629838;0.9993696941642668;1.0001401599752104;1.0;0.9999608189614815;0.9999556956293768;1.0;1.024999976158142;
2016-07-31 22:45:00;0.999971093740598;1.0;0.9999565058253627;0.9999861713379139;0.9999919180587311;1.0;1.0;0.9999891405726011;0.9999719967277669;0.9999979018974519;0.9999687712160857;0.9999972873605997;0.9999974850939745;0.9999919270087312;0.9999956218153874;0.9999988728776558;0.9999994454242837;0.9999895251280051;1.0;0.9999566126920902;0.9999557342135293;1.0;0.9999999999999999;0.9999990767666541;1.0001622225878724;0.999951323877949;0.9999885735118853;0.9999977261798414;0.9996768423421818;0.9994903495955224;0.9995378625678142;0.9995850141765507;0.9999938463579141;1.0;1.0;0.9993677917201492;0.9993521777164235;0.9993430440697837;1.0001395339363772;0.9999999999999999;0.9999513254293814;0.9999529289794034;1.0;1.024999976158142;
2016-07-31 23:00:00;0.9999744947917583;1.0;0.9999592222605409;0.999987295570037;0.9999932170178497;1.0;1.0;0.9999897630978087;0.9999739417148972;0.9999981121532642;0.9999700234208874;0.9999971137759918;0.9999981395491097;0.999992530423232;0.9999958284945449;0.9999987107078325;0.9999993919967003;0.9999914981549958;1.0;0.9999600028691873;0.999961575895142;1.0;1.0;0.9999989338841909;1.0001620459754381;0.9999559339627581;0.9999896739104358;0.9999979105863513;0.9996716613286318;0.9994831283838341;0.9995433247276589;0.999598002218633;0.9999943162518371;1.0;1.0;0.999399745309003;0.9993829707799702;0.9993730433707563;1.0001393147049684;1.0;0.9999570660632795;0.9999560839804353;0.9999999999999999;1.024999976158142;
2016-07-31 23:15:00;0.9999735275000613;1.0;0.9999515395167935;0.9999869386135436;0.9999922412730801;1.0;1.0;0.9999857195142978;0.9999671767863643;0.9999973744862947;0.9999657417053559;0.9999971563329367;0.9999985726346816;0.9999895824083418;0.9999946081880254;0.9999986322838073;0.9999993017621002;0.9999909468150013;1.0;0.9999538151630728;0.9999609776146409;0.9999999999999999;1.0;0.9999989975809183;1.0001626316950147;0.9999530641065456;0.9999889419188214;0.9999970917695488;0.999684105065317;0.9995122128587242;0.9995554729193019;0.9996057196948808;0.9999927267852771;1.0;1.0;0.9994066994710746;0.999390377437152;0.999380862532103;1.0001397202202789;1.0;0.9999555894160962;0.9999475530272404;0.9999999999999999;1.024999976158142;
2016-07-31 23:30:00;0.9999702484001151;0.9999999999999999;0.9999596314579546;0.9999854871640055;0.9999946057551207;1.0;0.9999999999999999;0.9999921189410607;0.9999787858666621;0.9999966050599864;0.9999701055056547;0.9999970869757802;0.9999977817501997;0.9999912057460891;0.9999922505692401;0.9999983968050323;0.9999994566017023;0.9999925313892583;1.0;0.9999616334995561;0.999957498938195;1.0;1.0;0.9999989203819976;1.0001611169203786;0.999954395241019;0.9999893021256445;0.9999972278932461;0.999646182832483;0.999464087573016;0.9995094005077978;0.9995641592662482;0.9999943147457012;1.0;0.9999999999999999;0.999342443865278;0.9993252927770303;0.9993149850568481;1.0001381744474898;1.0;0.999954066984684;0.9999585891972469;1.0;1.024999976158142;
2016-07-31 23:45:00;0.9999749849023786;1.0;0.9999586641056382;0.9999873110884206;0.9999936670632474;1.0;1.0;0.9999895458714527;0.9999738703064996;0.9999979463910647;0.999969393956336;0.9999971272874532;0.9999984170153072;0.9999921785832212;0.9999953879258912;0.9999985721287318;0.9999993487325542;0.9999922376852356;1.0;0.9999600503555341;0.9999629454583804;0.9999999999999999;1.0;0.9999988456946839;1.0001595895802466;0.9999565474392497;0.999989818733833;0.9999977885515525;0.9996603556830957;0.999485990360777;0.9995363874608905;0.9995943343459853;0.9999942152224315;0.9999999999999999;1.0;0.9993971430582765;0.9993804121954147;0.9993704848116165;1.0001370980010769;0.9999999999999999;0.9999582682827364;0.9999557384965573;0.9999999999999999;1.024999976158142;
2016-08-01 00:00:00;0.999974710564287;0.9999999999999999;0.9999591464815714;0.9999880308667932;0.9999918168233711;0.9999999999999999;0.9999999999999999;0.9999885994261971;0.9999717440419901;0.9999984008097154;0.9999712693771519;0.9999971831331541;0.9999977909684135;0.9999924666326758;0.9999969536465594;0.9999991548413458;0.9999994930821259;0.9999897042053995;1.0;0.9999589754167755;0.9999604925676631;1.0;0.9999999999999999;0.9999992633770564;1.000156358625013;0.9999557274904365;0.9999895865014724;0.999997975748096;0.9996984620403186;0.9995411003090395;0.99957119015905;0.9996162109017964;0.9999940905260001;1.0;1.0;0.9994163216507199;0.9994003770096119;0.9993912429224516;1.000134666078108;1.0;0.999956127329391;0.9999550066385532;1.0;1.024999976158142;
2016-08-01 00:15:00;0.9999709483152448;1.0;0.9999616377057494;0.9999864376557787;0.999990868916595;1.0;0.9999999999999999;0.9999914444464117;0.9999745267095981;0.9999992143911105;0.9999721054545205;0.9999971563329368;0.9999965528236462;0.9999950046043199;0.9999985109964326;0.999999309230956;0.9999995701393458;0.9999875276332042;1.0;0.9999588868488175;0.9999526882544146;1.0;0.9999999999999999;0.9999991924883318;1.0001534897985276;0.9999506650461322;0.9999884576336879;0.9999987278822712;0.9997329127778172;0.9995798356252138;0.9996053022555106;0.9996412149366752;0.9999950030137557;0.9999999999999999;0.9999999999999999;0.9994458514403832;0.9994304321732352;0.9994220913303935;1.0001323397275792;1.0;0.9999487808180633;0.9999574046782604;1.0;1.024999976158142;
2016-08-01 00:30:00;0.9999762963854781;1.0;0.9999618337821435;0.9999891282443231;0.9999912601926273;1.0;0.9999999999999999;0.9999887864417113;0.9999720445511265;0.9999989459735068;0.9999737550838935;0.9999972583310388;0.9999976011973876;0.9999933861425673;0.9999983489239336;0.9999995001737749;0.9999995812822517;0.9999889285622171;1.0;0.9999606714286398;0.9999616446588768;1.0;1.0;0.9999994760271812;1.0001516355156987;0.9999577359830647;0.9999900421457223;0.9999983250841714;0.9997572996258032;0.9996075182345091;0.9996257586653434;0.9996530914265125;0.9999944385833903;1.0;0.9999999999999999;0.9994543827914923;0.999439286251914;0.9994309453351797;1.0001308186209983;1.0;0.9999575633577724;0.9999571566619186;1.0;1.024999976158142;
2016-08-01 00:45:00;0.9999743308922096;1.0;0.9999629677703387;0.9999880331007667;0.99999194473658;1.0;1.0;0.9999907013764698;0.9999751026253749;0.9999987187371471;0.9999737028860081;0.9999964373917879;0.9999973254360353;0.9999938890330716;0.999997538965324;0.9999992946271845;0.9999995795915062;0.9999893587216983;1.0;0.9999617393097822;0.9999591998058556;1.0;1.0;0.9999993211921715;1.0001510535571196;0.9999563248230231;0.9999897448321595;0.9999983641771426;0.9997806122954243;0.9996410596181994;0.9996449425083083;0.9996634701473083;0.9999948427165036;1.0;1.0;0.9994598034043658;0.9994408867286985;0.9994309587441741;1.0001301752485572;1.0;0.9999554644731533;0.9999591857465279;1.0;1.024999976158142;
2016-08-01 01:00:00;0.9999720448672692;1.0;0.9999620839428798;0.9999874345191938;0.9999917824130571;1.0;1.0;0.9999907431771125;0.9999755631782298;0.9999979449183012;0.999973876053784;0.9999961676337378;0.9999970033136899;0.9999926975128273;0.9999960431076265;0.999999363852356;0.9999996593328803;0.9999888485077292;1.0;0.9999612104149193;0.9999563656074393;1.0;1.0;0.9999995123137672;1.0001509122005996;0.9999550379528046;0.9999894066511431;0.9999979035737135;0.9998059032504194;0.9996765103191473;0.9996692609391878;0.9996804765417414;0.9999944914626807;1.0;1.0;0.999478455070392;0.9994590013177861;0.9994494857593892;1.0001300083824558;1.0;0.9999531755371371;0.9999587610131162;1.0;1.024999976158142;
2016-08-01 01:15:00;0.9999856876033727;1.0;0.9999705083635873;0.9999929169175892;0.9999957591004706;1.0;1.0;0.999990495219635;0.999979672133232;0.9999980720867392;0.9999796421334816;0.9999971272874533;0.9999995980208737;0.999992762804188;0.9999960672980697;0.9999991562396572;0.9999995728009937;0.9999954253061197;1.0;0.9999728859991538;0.9999798108492834;0.9999999999999999;1.0;0.999999471333738;1.0001471591970172;0.9999743201047727;0.9999939136894331;0.9999979634768689;0.9997922595251328;0.9996628467017002;0.9996589257961316;0.9996743503152811;0.9999953325830332;0.9999999999999999;1.0;0.9994737927217543;0.9994573779601911;0.9994478624172496;1.000126664988203;1.0;0.9999765489258823;0.9999682422779085;1.0;1.024999976158142;
2016-08-01 01:30:00;0.9999778705928488;1.0;0.9999699265415253;0.9999896751776847;0.9999950391955239;0.9999999999999999;1.0;0.9999933853702954;0.9999828360153521;0.9999976230143302;0.9999786734838652;0.9999971831331539;0.9999980903630082;0.9999933404816589;0.9999948659549867;0.9999991125317572;0.9999996714645866;0.9999932024271904;1.0;0.9999708137873259;0.9999674838157435;1.0;1.0;0.9999994364971966;1.000145595968192;0.9999659203215592;0.9999919730023324;0.9999979630800543;0.9998222909111597;0.9997046158543149;0.9996903711097878;0.9996983020549308;0.9999955989232553;1.0;1.0;0.9995037901580286;0.9994875510895255;0.9994780352593143;1.000125229416778;1.0;0.9999650905224954;0.9999685255503381;0.9999999999999999;1.024999976158142;
2016-08-01 01:45:00;0.9999876754618366;1.0;0.9999813590952348;0.9999942092298947;0.9999973548697667;1.0;1.0;0.9999953546387511;0.9999891574480405;0.9999983022908738;0.9999870269474671;0.9999972873605997;0.9999991916615774;0.9999952700359205;0.9999963525152412;0.999999412688609;0.9999997845194616;0.9999965859323813;1.0;0.999982666988671;0.9999826134335392;1.0;1.0;0.9999996815317344;1.0001402351570525;0.9999810103085077;0.9999955049153698;0.9999985561305175;0.9998703253643785;0.9997743123460069;0.999733138294782;0.999723768582309;0.9999971167052701;0.9999999999999999;1.0;0.9995233150561561;0.9995076986225518;0.9994985635545184;1.0001208125138479;1.0;0.9999810974741935;0.9999806348389959;1.0;1.024999976158142;
2016-08-01 02:00:00;0.9999828098676677;1.0;0.9999794629744938;0.9999920969920802;0.9999953775193203;1.0;1.0;0.9999961326058538;0.9999877448614415;0.9999991162596205;0.9999850931987601;0.9999970579303026;0.9999979548825084;0.9999969073487212;0.9999981184231034;0.9999995655891134;0.9999998011515027;0.9999933843597977;1.0;0.9999782559007778;0.9999727967276766;1.0;1.0;0.9999995886487664;1.0001411166175418;0.999972707026985;0.999993602517999;0.9999991117911433;0.9998773827298785;0.9997868017017904;0.9997415478538203;0.999731048421736;0.9999973007571774;1.0;1.0;0.9995339667594585;0.9995173311902833;0.9995078150765446;1.0001217396818889;1.0;0.999971073234987;0.9999777931139454;0.9999999999999999;1.024999976158142;
2016-08-01 02:15:00;0.9999884138686238;1.0;0.9999828088556006;0.9999941869968194;0.9999973031288867;1.0;1.0;0.999996217232008;0.9999897547062784;0.9999991290690513;0.9999870696972316;0.9999970714417287;0.9999991149603615;0.9999969554534521;0.9999979282402885;0.9999993754060233;0.999999737206696;0.999996483632967;1.0;0.9999831476216667;0.9999827193981674;1.0;1.0;0.9999994891864755;1.0001392126019164;0.999980613492982;0.999995460982859;0.9999991299119966;0.9998682830511825;0.9997765709950163;0.9997329427747331;0.9997244796801863;0.99999767767367;1.0;1.0;0.9995256745600153;0.999509082756692;0.9994995667214842;1.0001199917427919;1.0;0.9999808889731866;0.9999817549079727;1.0;1.024999976158142;
2016-08-01 02:30:00;0.9999857375737023;1.0;0.9999797817982811;0.9999930037364354;0.9999967053180465;1.0;1.0;0.9999956764219041;0.9999881487454987;0.9999988598644091;0.9999849737695627;0.9999971563329367;0.9999988156621674;0.9999962928701647;0.9999973605199349;0.9999993071475989;0.9999997171471517;0.9999955916155684;1.0;0.999980091066376;0.9999786921558256;1.0;1.0;0.9999994520443948;1.0001398631724616;0.9999767359918702;0.9999945457094431;0.9999989184021737;0.9998672591281754;0.9997736646715495;0.9997297450014275;0.9997205748953639;0.9999972365571687;1.0;1.0;0.9995181463821328;0.9995021155641514;0.9994929805471445;1.0001204929031247;1.0;0.9999766956505948;0.9999786070129376;1.0;1.024999976158142;
2016-08-01 02:45:00;0.9999884103493343;1.0;0.9999853210400824;0.9999943886055752;0.9999971758301212;1.0;1.0;0.9999973324561363;0.9999915172724627;0.9999994019000272;0.9999888826909159;0.999997183133154;0.99999879322587;0.9999978808231239;0.9999985534780256;0.9999995393471145;0.9999998064670945;0.999996022304965;1.0;0.9999848340402422;0.9999820146873609;1.0;1.0;0.9999995788287986;1.0001390301580508;0.9999811694681765;0.999995599187843;0.9999993965036997;0.9998676928524176;0.9997752949540479;0.9997334472111109;0.9997257813548452;0.9999981363465769;1.0;0.9999999999999999;0.9995289554898619;0.9995139368966526;0.9995060079854085;1.0001199447768503;1.0;0.9999805877407856;0.9999843063641652;1.0;1.024999976158142;
2016-08-01 03:00:00;0.9999886228878923;1.0;0.9999852982068107;0.9999944943453858;0.9999971144774159;1.0;1.0;0.9999971974414742;0.9999912820225325;0.9999994498567354;0.9999889144807069;0.9999971563329368;0.9999988144202016;0.9999978957953233;0.9999986817321804;0.99999955933099;0.9999998061995757;0.9999959808656064;1.0;0.9999847817926012;0.999982253123734;0.9999999999999999;0.9999999999999999;0.9999995880328398;1.0001381249803813;0.9999813093634261;0.9999956302618226;0.9999994127151436;0.9998818510030067;0.9997949931319384;0.9997418635469075;0.9997268827338801;0.9999981213431403;1.0;0.9999999999999999;0.9995209575186444;0.9995037057849655;0.9994929836015681;1.0001191776127567;1.0;0.9999807895526169;0.999984194276582;1.0;1.024999976158142;
2016-08-01 03:15:00;0.9999864515987696;1.0;0.9999833748565379;0.9999933702246226;0.999996871535951;1.0;1.0;0.9999972870464862;0.9999907443834943;0.9999993457089194;0.9999871585572676;0.9999970311300933;0.9999985758884737;0.9999977758289454;0.9999983420747367;0.9999994297228524;0.9999997707278716;0.9999955157770015;1.0;0.9999827418294197;0.9999789990765626;1.0;1.0;0.9999994681726546;1.000138860529528;0.9999780931152695;0.999994890498063;0.9999993573909423;0.9998948633748366;0.9998132609217164;0.9997538736583655;0.9997350068991238;0.9999979622176498;0.9999999999999999;1.0;0.9995293802170969;0.9995123427691089;0.9995024140747732;1.0001197340760433;1.0;0.9999773690793431;0.999982321183125;0.9999999999999999;1.024999976158142;
2016-08-01 03:30:00;0.9999909653780096;0.9999999999999999;0.9999848716562348;0.9999955417784411;0.9999982786232829;1.0;1.0;0.9999960898410202;0.9999912376817498;0.9999986075132652;0.99998923474128;0.9999968575294376;0.9999996337023412;0.9999960727001787;0.9999969085246109;0.9999994181411312;0.9999997859083523;0.9999979540050489;1.0;0.9999863829904873;0.999987773890272;1.0;1.0;0.9999996648680165;1.0001385155228943;0.99998570882893;0.9999966184131558;0.9999988079710981;0.9998708872372428;0.9997782373436689;0.9997234142706668;0.9997072064130865;0.9999976582451917;1.0;1.0;0.9994863213334709;0.9994693452733769;0.9994602105558764;1.0001193558397194;1.0;0.9999863812642412;0.9999844057263851;1.0;1.024999976158142;
2016-08-01 03:45:00;0.9999873231110589;1.0;0.9999822462933651;0.9999939032798764;0.9999973500291428;1.0;1.0;0.999996181911174;0.9999900455158066;0.9999986336346931;0.9999871024183339;0.999997127287453;0.999999016075335;0.9999961604547443;0.9999969306042605;0.9999993831215191;0.9999997740709676;0.9999964186795183;0.9999999999999999;0.9999829755972658;0.9999816132256282;1.0;1.0;0.9999995847912896;1.0001392201184847;0.9999802175777461;0.9999953458465988;0.999998830516385;0.9998790385003973;0.9997891790911463;0.9997453864686815;0.9997352830873523;0.9999974522826259;1.0;1.0;0.9995416414941184;0.999525836066432;0.9995171134649422;1.0001199506343907;1.0;0.9999800736745662;0.9999815246462995;1.0;1.024999976158142;
2016-08-01 04:00:00;0.9999822676628067;1.0;0.9999782528722911;0.99999144823875;0.9999958079398169;1.0;1.0;0.9999962861796532;0.9999877414425448;0.9999990631310827;0.9999834781091256;0.9999971563329366;0.9999981122405541;0.999996888583481;0.9999977337342164;0.9999993082528488;0.999999720046766;0.9999940018196017;1.0;0.9999774443905496;0.9999725060814114;1.0;0.9999999999999999;0.9999993707278929;1.0001386161955772;0.9999715461898085;0.9999933568199304;0.999999095141684;0.9998878838610008;0.9998029920188889;0.9997719869903781;0.9997696206984334;0.9999972652026198;1.0;1.0;0.9996096149631958;0.9995932896153134;0.9995837727783966;1.0001194349280345;1.0;0.9999704682217653;0.999976841171814;1.0;1.024999976158142;
2016-08-01 04:15:00;0.9999895521545412;1.0;0.9999844733022641;0.999994825225067;0.9999974387561413;1.0;1.0;0.9999964731526153;0.9999905509536785;0.9999992296509109;0.999988461543137;0.9999971831331541;0.999999169588529;0.9999972237114493;0.9999982069500006;0.9999994789874699;0.9999997736229957;0.9999966622381276;1.0;0.9999847049999516;0.9999843004112959;1.0;1.0;0.9999995739024367;1.000135865551756;0.9999825032677881;0.9999958996396006;0.9999992148862689;0.9998830373913026;0.9997975658616889;0.9997645243685744;0.999761164426915;0.9999978734700552;1.0;1.0;0.9995940778818752;0.9995775199236037;0.9995675905818282;1.0001171602399186;1.0;0.9999826740161251;0.999983437269724;1.0;1.024999976158142;
2016-08-01 04:30:00;0.999992820331404;0.9999999999999999;0.9999880342090837;0.9999963091551701;0.999998234886929;1.0;1.0;0.999997026818107;0.9999924982134785;0.9999994272848756;0.9999910521564095;0.9999969559320553;0.9999995727347702;0.9999977795962686;0.9999986408032622;0.9999995597385892;0.9999998034551905;0.9999978520968273;0.9999999999999999;0.999988490210141;0.9999894204973134;0.9999999999999999;0.9999999999999999;0.9999996433035603;1.00013525086662;0.9999874719128005;0.9999970642662616;0.9999993847479638;0.9998867318981208;0.999804281165118;0.9997716992868281;0.9997690996968109;0.9999983377210682;1.0;0.9999999999999999;0.9996084661775909;0.9995924100125124;0.999584067817869;1.0001166886340227;1.0;0.9999880427486806;0.9999872240664923;1.0;1.024999976158142;
2016-08-01 04:45:00;0.9999853259174898;1.0;0.9999822024624662;0.9999930910059849;0.9999964841224557;0.9999999999999999;1.0;0.9999968319256903;0.9999899458630704;0.9999990722404732;0.9999868234072966;0.9999970714417288;0.9999984089669194;0.9999971406514444;0.9999978820207971;0.9999994945673086;0.9999998000327798;0.9999949476072719;1.0;0.9999816267637671;0.9999773409861064;1.0;0.9999999999999999;0.9999995696098619;1.000136736191632;0.9999769249490191;0.9999945956297835;0.999999152711405;0.9998927887827435;0.9998116134677281;0.9997754911818203;0.9997704037269067;0.9999976667846776;0.9999999999999999;1.0;0.9996072314588359;0.9995906383016944;0.9995811214900199;1.0001179051056512;1.0;0.9999758249612378;0.9999810851860886;1.0;1.024999976158142;
2016-08-01 05:00:00;0.999984409743297;1.0;0.9999785733646985;0.9999923385548637;0.9999967250515491;1.0;1.0;0.9999957193358051;0.9999880395056812;0.9999986238459011;0.9999839661471253;0.9999969133751265;0.9999987265548569;0.9999959422118441;0.9999967776887948;0.9999992046203321;0.9999996993475333;0.9999955301407789;1.0;0.999979076677368;0.9999770164719922;1.0;1.0;0.9999993947885014;1.0001384213786633;0.9999751356904836;0.9999941725382044;0.9999987807671779;0.9998910935086216;0.9998092389499849;0.9997613426334183;0.9997498242916425;0.9999970819425529;0.9999999999999999;1.0;0.9995640761507265;0.9995469819171543;0.9995374655211199;1.0001191670454888;1.0;0.9999749923805578;0.9999775950383041;1.0;1.024999976158142;
2016-08-01 05:15:00;0.9999920709064122;1.0;0.9999850382213287;0.9999959243961161;0.999998042849659;1.0;1.0;0.9999957532818771;0.9999903673780091;0.9999990618100413;0.9999891754758081;0.999997113775992;0.9999997287667215;0.9999966400457857;0.9999979077382759;0.9999994599285842;0.9999997584695534;0.9999978193488774;0.9999999999999999;0.9999861800864556;0.9999888399997681;1.0;1.0;0.9999996201615127;1.0001368274495432;0.9999860630019023;0.999996714045503;0.999999047692075;0.9998770668479856;0.9997900634180967;0.9997407118962827;0.9997286648195072;0.9999977634027059;0.9999999999999999;1.0;0.9995278339504251;0.9995104468331949;0.9994997245774829;1.0001179677785415;1.0;0.9999871461196777;0.9999841024549289;1.0;1.024999976158142;
2016-08-01 05:30:00;0.9999908840013012;1.0;0.9999851478287904;0.9999951451077407;0.9999977164662808;1.0;1.0;0.9999966034280959;0.999990680033368;0.9999995917615584;0.9999884144536902;0.9999926425856424;0.9999993920935896;0.9999978525607115;0.99999885902678;0.9999994026181099;0.9999997249749745;0.9999971804366642;1.0;0.9999853199497352;0.9999861703988762;1.0;0.9999999999999999;0.9999994493007176;1.0001378518819668;0.9999834947286983;0.9999961534686628;0.9999994430955093;0.9998613161579495;0.9997666600945433;0.9997142913131524;0.9997005706872989;0.9999981018342732;0.9999999999999999;1.0;0.9994784438036507;0.9994481124136546;0.9994389778902134;1.000118875990363;1.0;0.999984269551542;0.9999840017852758;1.0;1.024999976158142;
2016-08-01 05:45:00;0.9999883118607166;1.0;0.9999851102312933;0.9999943613181269;0.9999968814653242;1.0;0.9999999999999999;0.9999971889343732;0.9999909938855922;0.9999995712061076;0.9999887397517209;0.999981899859252;0.999998701713871;0.999998084868366;0.9999989582278598;0.9999995845040008;0.9999998059661155;0.9999956436086506;1.0;0.9999843227445576;0.9999814802591992;1.0;1.0;0.9999995777864477;1.0001418601770207;0.9999805972681407;0.9999954654059557;0.9999994839669144;0.9998438914811668;0.9997401647711777;0.9996759785746974;0.9996558183681206;0.9999981372687239;1.0;1.0;0.999394680935512;0.9993300170285812;0.9993205026982062;1.0001224348820017;0.9999999999999999;0.9999799619739376;0.9999838503781922;1.0;1.024999976158142;
2016-08-01 06:00:00;0.9999892984084743;1.0;0.9999866169660055;0.9999944539186496;0.9999978038688446;1.0;1.0;0.9999981427529588;0.9999928954141106;0.9999996298853414;0.999989038856557;0.9999746297736453;0.999998957148709;0.9999986003912708;0.9999988054517138;0.9999993936367101;0.9999997625384158;0.9999968510133671;0.9999999999999999;0.9999861697656832;0.999983528406675;1.0;1.0;0.9999994094297673;1.0001425465731915;0.999982181880896;0.9999958659253254;0.9999996076551346;0.9998402652722673;0.9997381783762347;0.999664500180771;0.9996405855246128;0.9999985055056109;1.0;0.9999999999999999;0.9993640512661995;0.9992760303557193;0.9992661040088021;1.0001229292796843;1.0;0.9999819982745866;0.9999858779262808;1.0;1.024999976158142;
2016-08-01 06:15:00;0.9999759141239178;1.0;0.9999728435258136;0.9999884386000192;0.999994926527293;1.0;1.0;0.9999963173136557;0.9999860680059758;0.9999985763875807;0.9999790843434074;0.9999728951848404;0.9999973325360927;0.9999961355115491;0.9999964751142251;0.999999045161135;0.9999996641197609;0.9999923866053886;1.0;0.9999717519799284;0.9999630029385707;1.0;0.9999999999999999;0.9999991592102608;1.0001455796220227;0.9999627337569604;0.9999913082524553;0.9999988073459922;0.9998383053029978;0.9997360929410422;0.999665208053334;0.9996440010114185;0.9999966713965213;1.0;1.0;0.9993734403658721;0.9992802397700059;0.9992707259135457;1.0001252678133925;1.0;0.9999607237192034;0.9999715689872146;1.0;1.024999976158142;
2016-08-01 06:30:00;0.9999669120026462;1.0;0.9999702927901806;0.9999849413341234;0.9999920042952173;1.0;1.0;0.9999979275015933;0.9999852504763016;0.9999990935129889;0.999977135476259;0.9999684142950364;0.9999951742164135;0.9999976910573;0.9999977690781332;0.9999993691202572;0.9999997837632572;0.9999873070295099;1.0;0.9999657091177164;0.9999462970061076;1.0;1.0;0.9999992184477268;1.0001525067305799;0.9999500303130276;0.999988364968992;0.9999992585197874;0.9998110916440738;0.9996980329064178;0.9996185532026549;0.9995948167198152;0.9999967921483884;1.0;0.9999999999999999;0.9992875440547814;0.9991755665128792;0.9991600882860022;1.0001314794132399;1.0;0.9999443749302019;0.9999681695833661;1.0;1.024999976158142;
2016-08-01 06:45:00;0.999965569255448;1.0;0.9999708625715048;0.999984603535597;0.9999909360318255;1.0;1.0;0.9999983543331433;0.9999849571629403;0.9999996055075344;0.9999776757025786;0.9999730397357441;0.9999945632335394;0.9999986897660699;0.999999022823181;0.999999611008305;0.9999998434057084;0.999985608983657;1.0;0.999964817265459;0.9999427363836991;0.9999999999999999;1.0;0.9999993119219447;1.0001542256749512;0.999947664764972;0.999987817387836;0.9999996033359212;0.9997537536795943;0.9996275083559223;0.9995613510625051;0.9995524215463911;0.999997016869356;1.0;1.0;0.9992362814638759;0.9991356196797722;0.999115794903216;1.00013314667369;1.0;0.9999409336966356;0.9999681486338102;0.9999999999999999;1.024999976158142;
2016-08-01 07:00:00;0.9999704640676534;1.0;0.9999735415007952;0.999986751217284;0.9999920362711796;1.0;1.0;0.9999978028649006;0.999985697051799;0.9999996148758814;0.9999799261903832;0.9999715943544669;0.9999954422889824;0.9999984490641218;0.9999990945200097;0.9999996381114676;0.9999998372725357;0.9999875779306103;1.0;0.999968597169831;0.9999509635320147;1.0;1.0;0.9999993925957812;1.0001580396300702;0.9999545689710738;0.999989414180874;0.999999560675608;0.9995885817596462;0.9994611127400691;0.9994100673496182;0.9994479055850176;0.9999971673134156;1.0;1.0;0.9991237887277453;0.9990187297980573;0.9989991284470912;1.0001364617863082;1.0;0.9999491737021264;0.9999709932520329;1.0;1.024999976158142;
2016-08-01 07:15:00;0.9999670046534391;1.0;0.999959889817703;0.9999850291281488;0.9999892758444114;1.0;1.0;0.9999915962885944;0.9999732367023806;0.9999994062437197;0.9999711504393685;0.9999721030878844;0.9999955721945867;0.9999953956190283;0.9999991452426393;0.9999995234530514;0.999999633783792;0.9999849629042868;1.0;0.9999555932298838;0.9999452324975606;0.9999999999999999;1.0;0.9999992777230906;1.000166832203272;0.9999449193196155;0.9999871099272759;0.9999988507360031;0.9993599122690907;0.9992177080307114;0.99915906569264;0.9992394380719323;0.9999948774480877;0.9999999999999999;1.0;0.9988309833063372;0.9986639314013601;0.9985616027154283;1.0001440136193438;1.0;0.9999414342664603;0.9999550503067394;0.9999999999999999;1.024999976158142;
2016-08-01 07:30:00;0.9999519430626117;1.0;0.9999431134934567;0.9999787641231075;0.999992789504143;1.0;1.0;0.9999894859071369;0.9999742658823578;0.9999917939828838;0.9999617221325944;0.99997282583251;0.9999960122106629;0.9999825234938584;0.9999825226662198;0.9999981305110214;0.9999996271622148;0.999988904107199;0.9999999999999999;0.9999481250537966;0.999934182179197;1.0;1.0;0.9999994318963358;1.0001712919581285;0.9999364325064316;0.9999849325631196;0.9999940931528855;0.9993610452519511;0.9992272542774081;0.9991636947407061;0.9992460865299891;0.9999908362623227;1.0;1.0;0.9988443398784239;0.9986835544800741;0.9985863993371203;1.0001463387516123;1.0;0.9999321209050946;0.9999440637321377;0.9999999999999999;1.024999976158142;
2016-08-01 07:45:00;0.9999183536968153;1.0;0.9999146604336585;0.9999638410307626;0.999983627516823;0.9999999999999999;1.0;0.9999876242011538;0.9999589473570338;0.999991470331856;0.9999401391956366;0.9999655756916589;0.9999906341626744;0.9999813592948719;0.9999820974502925;0.9999978613400358;0.9999994913404967;0.9999744702277767;1.0;0.9999133227130256;0.9998778733384882;0.9999999999999999;1.0;0.9999988185703361;1.000184854756767;0.9998849969461655;0.9999730104001324;0.9999936789605491;0.9993851151490355;0.9992352303155397;0.9991446003032933;0.9992009144119351;0.9999879204000602;1.0;1.0;0.9987339072628368;0.9985464118961473;0.9984443601276294;1.000157899778342;0.9999999999999999;0.9998740076536424;0.9999126230528345;0.9999999999999999;1.024999976158142;
2016-08-01 08:00:00;0.999966587743169;1.0;0.9999666081657003;0.9999851005196719;0.9999926802251309;0.9999999999999999;1.0;0.9999958168413373;0.9999835765732042;0.9999974552507891;0.9999759507057175;0.9999567815759663;0.9999957522321311;0.9999941807368316;0.9999944833131255;0.9999992298512839;0.9999997914638018;0.9999885559031513;1.0;0.9999646329931972;0.999948443717335;1.0;1.0;0.9999994135170465;1.0001694884793464;0.9999516705443997;0.9999886676820953;0.999998082122389;0.9993139768577346;0.9991469640665629;0.999038245943565;0.9990883454057744;0.9999956036025208;1.0;1.0;0.9985368837219435;0.9983083533904396;0.9981891184123264;1.0001459292820076;1.0;0.9999467255015468;0.9999652389427943;0.9999999999999999;1.024999976158142;
2016-08-01 08:15:00;0.9999773469145603;1.0;0.9999690347020254;0.9999890521695073;0.9999955973311603;1.0;1.0;0.9999937067288404;0.9999832587240488;0.999997489514017;0.99997729829067;0.9999551915874552;0.9999982046373205;0.9999932750355313;0.9999943130408985;0.9999988523602119;0.9999995993670777;0.9999939504952926;1.0;0.9999704039153441;0.9999673667245066;1.0;0.9999999999999999;0.9999992056140277;1.0001702579396186;0.9999650829743337;0.9999917978091277;0.9999979121461526;0.9992513857446499;0.999069218148078;0.9989419515535034;0.9989882564192586;0.9999955965386161;1.0;1.0;0.9983644531863697;0.9981312474758;0.9980124456144706;1.0001464047456834;1.0;0.9999647423596854;0.9999680261647282;1.0;1.024999976158142;
2016-08-01 08:30:00;0.9999831125868015;1.0;0.9999762701628289;0.9999916375158715;0.9999975650518008;1.0;1.0;0.9999953575098266;0.9999882456451715;0.9999975949707695;0.9999824072574403;0.9999477319745634;0.9999989605172359;0.9999941643475585;0.9999944312159329;0.9999989166068313;0.9999996618208535;0.9999966735197681;1.0;0.9999783948143662;0.9999769877954356;1.0;1.0;0.9999993065124069;1.0001816453778691;0.9999747929067918;0.9999940714316725;0.9999981314513916;0.999052021651274;0.9987843745735325;0.9986971264171144;0.9987727815434213;0.99999654927136;1.0;1.0;0.9980454612754555;0.9977865374975872;0.9976649154695196;1.0001562889818865;1.0;0.9999750471644574;0.999976185997378;1.0;1.024999976158142;
2016-08-01 08:45:00;0.999970625324436;1.0;0.999964605330515;0.9999870172724006;0.9999930637186086;0.9999999999999999;1.0;0.9999927769772022;0.9999801854167841;0.9999969542872742;0.9999757817292225;0.999942847548186;0.9999967921973887;0.9999920323689461;0.9999937266262481;0.9999992554545708;0.9999997503973332;0.9999899812632215;1.0;0.9999645894213994;0.9999558497800934;0.9999999999999999;1.0;0.9999995710952339;1.0001837310341748;0.9999566839136512;0.9999897770452854;0.9999975031152887;0.9990935481257431;0.998837675317728;0.9987133561665603;0.9987642694968704;0.9999947460541477;1.0;1.0;0.9979971700830323;0.997727771821388;0.9976125888966269;1.0001582200400942;1.0;0.9999537085601767;0.9999628773779462;1.0;1.024999976158142;
2016-08-01 09:00:00;0.999960631191608;1.0;0.9999543302074415;0.9999802546205567;0.9999939343668728;1.0;1.0;0.9999946589838804;0.9999794292181101;0.9999967225248884;0.9999635322933257;0.9999444735074657;0.999996382592937;0.9999925348515336;0.9999916943221488;0.999997770374974;0.999999300720154;0.9999906297671943;0.9999999999999999;0.9999548193811393;0.9999424170140223;0.9999999999999999;1.0;0.9999981934985165;1.0001918793907776;0.9999402095314075;0.9999860904863993;0.9999975265224353;0.9990303848227678;0.998749570751489;0.9985934644916457;0.9986299004353798;0.9999944527411896;1.0;1.0;0.997753402005962;0.9974857109553494;0.9973660154372854;1.0001644495819983;1.0;0.9999384384180667;0.9999538193189212;1.0;1.024999976158142;
2016-08-01 09:15:00;0.9999760439352764;1.0;0.9999678789572227;0.9999886535828616;0.9999954351980379;1.0;1.0;0.9999934272878895;0.9999829125445754;0.9999970678479352;0.9999768968585181;0.9999415465508703;0.9999980435963091;0.9999924931443488;0.9999935012154015;0.9999988646622184;0.999999625296742;0.9999936458639568;1.0;0.9999695190054673;0.999965756557714;1.0;0.9999999999999999;0.999999272066686;1.0001856986172735;0.9999640054415622;0.9999915264714021;0.9999976328137481;0.9990813153156581;0.9988388775421382;0.998717467012188;0.9987799269684573;0.999995304262272;1.0;0.9999999999999999;0.9980402658314704;0.9977898071422554;0.9977046196386096;1.0001597229633372;1.0;0.9999633001869286;0.9999670233282987;1.0;1.024999976158142;
2016-08-01 09:30:00;0.9999797879625469;1.0;0.9999749712030003;0.9999901279048236;0.9999968621249877;0.9999999999999999;1.0;0.9999960866520378;0.9999882127570248;0.9999977134960802;0.9999810464469995;0.9999599460488916;0.9999983358699276;0.9999946801337424;0.9999945959987104;0.9999988904991919;0.9999996646076214;0.999995334753389;1.0;0.9999761497727431;0.9999712457418977;1.0;1.0;0.9999992312544893;1.0001767724776274;0.9999700474323939;0.9999929832461184;0.9999982683554104;0.999091784810297;0.99885074678401;0.998766322838075;0.9988466254758407;0.9999965954768089;1.0;1.0;0.9981743757668933;0.9979598750814048;0.9978457957910197;1.000152071235178;1.0;0.9999693114338081;0.9999748011300911;1.0;1.024999976158142;
2016-08-01 09:45:00;0.9999803583417934;1.0;0.9999576528586508;0.9999907365873746;0.9999923335388424;1.0;0.9999999999999999;0.9999850200409155;0.9999679880984899;0.9999978997842114;0.9999718017235536;0.9999588056679042;0.9999990889913827;0.999990092313761;0.9999963361360678;0.9999992466913322;0.9999994587702823;0.9999915232194256;1.0;0.9999597381067684;0.9999704599736463;1.0;1.0;0.9999994875333351;1.0001905011799792;0.9999628508440318;0.999991181445654;0.9999973428853988;0.998929720509413;0.9986081444798607;0.998587285673775;0.9987051050921706;0.9999931879493326;1.0;0.9999999999999999;0.9979905502078913;0.9977669637620211;0.9976457240250699;1.0001642062140057;1.0;0.9999656431954387;0.9999530251034783;1.0;1.024999976158142;
2016-08-01 10:00:00;0.9999796421847509;1.0;0.9999467977375943;0.9999904247248009;0.9999900796273793;1.0;1.0;0.9999789586585237;0.9999567549571218;0.9999977538888722;0.9999654517336597;0.9999605725057032;0.9999995424184811;0.999987186715534;0.9999966090463982;0.9999992715372521;0.9999993046302594;0.9999897151898351;1.0;0.9999497828329169;0.9999690225886938;1.0;0.9999999999999999;0.9999995203674933;1.0001892496934317;0.9999575885152969;0.999989892088157;0.9999966884727831;0.9989895259256354;0.9986900738590525;0.9986571150395066;0.9987648124965813;0.9999911514176582;0.9999999999999999;1.0;0.99807618700942;0.9978645348040105;0.9977515651883838;1.0001631499221775;1.0;0.9999625018010974;0.9999399957526398;1.0;1.024999976158142;
2016-08-01 10:15:00;0.9999840615380796;1.0;0.9999707030469854;0.9999917109395897;0.9999961938158147;1.0;1.0;0.9999920141629507;0.9999814031744481;0.9999982705791037;0.9999784567009653;0.9999455602505734;0.9999993324542141;0.9999937490182602;0.9999960778087289;0.9999988899165407;0.9999995091328991;0.9999956976092123;1.0;0.9999727259538371;0.9999773943661805;1.0;1.0;0.9999991476366908;1.0001863954192645;0.9999719180188988;0.9999934008618167;0.9999982227657658;0.998964324485844;0.9986562598137461;0.9985931777478334;0.9986842409388333;0.9999957329101632;1.0;1.0;0.9979188113469672;0.9976555225621988;0.9975371259430862;1.0001604700726283;1.0;0.9999740050401557;0.9999688927529975;1.0;1.024999976158142;
2016-08-01 10:30:00;0.9999859032493796;1.0;0.9999779417357577;0.9999930410315548;0.9999977281212283;1.0;0.9999999999999999;0.9999948203299269;0.9999881121112133;0.9999977626637049;0.9999841079176242;0.9999480961441484;0.9999993151365111;0.9999941859596753;0.9999949655075111;0.9999990723007592;0.9999996890975851;0.9999971706188159;0.9999999999999999;0.9999802612550323;0.9999811165113741;1.0;1.0;0.9999994422776929;1.0001847883032398;0.9999784915875458;0.9999949199319713;0.9999981829981046;0.9989662781535275;0.9986549858547665;0.9985908326563271;0.9986788748690073;0.9999966291858329;1.0;1.0;0.9979060255169986;0.9976513669655063;0.9975337627665983;1.0001591085011599;1.0;0.9999792233713212;0.9999776182471188;1.0;1.024999976158142;
2016-08-01 10:45:00;0.9999848085650508;1.0;0.9999731596940548;0.9999925783339989;0.9999963045616492;1.0;1.0;0.9999924004926118;0.999983024624644;0.9999979571671057;0.9999811752104987;0.9999437834338873;0.9999992372164258;0.999993425562715;0.9999956487396204;0.9999991386213355;0.9999996291092837;0.999995678156432;1.0;0.9999752331622321;0.9999786525182229;1.0;1.0;0.9999994389681667;1.0001886552814347;0.9999747056237935;0.9999940194538673;0.999998072490398;0.9989348780542183;0.9986100644079322;0.9985749074904607;0.9986812663831123;0.9999958504102706;1.0;1.0;0.9979354706334618;0.9976678994907026;0.9975512447001992;1.000162521957711;1.0;0.9999759829511187;0.9999716360836047;1.0;1.024999976158142;
2016-08-01 11:00:00;0.9999854410938912;0.9999999999999999;0.9999734030533589;0.9999920157214417;0.9999972483482862;1.0;1.0;0.9999934224455882;0.999984177283766;0.9999984118792369;0.9999795652645022;0.9999453015574955;0.999999565060645;0.9999945941345052;0.9999960924463712;0.9999987391740742;0.9999994867314498;0.9999970049343495;1.0;0.9999756064358591;0.9999799320770393;1.0;1.0;0.9999990037546128;1.0001890443670975;0.999974314887442;0.9999939931400197;0.9999984381964284;0.9989186949507838;0.9985847969212496;0.9985307715734323;0.9986254553408621;0.9999962997695802;0.9999999999999999;1.0;0.9978262243272685;0.9975677831265647;0.9974567374250078;1.0001626881754497;1.0;0.9999766794773187;0.9999722101614675;0.9999999999999999;1.024999976158142;
2016-08-01 11:15:00;0.9999891489501006;1.0;0.9999836070331941;0.9999941216578304;0.9999978316957204;1.0;1.0;0.9999968782991053;0.9999906924595132;0.9999994239523463;0.9999867699120832;0.9999496242006335;0.9999992388551278;0.9999977138093005;0.9999983086818867;0.9999992086088031;0.9999996769207592;0.999997216025884;1.0;0.9999839311724553;0.9999839068404972;1.0;0.9999999999999999;0.9999992650116457;1.000183391503046;0.9999810680328515;0.9999956032576788;0.9999993669932801;0.9989482319200108;0.998633598797211;0.9985544311957777;0.9986359042610405;0.9999980050411265;0.9999999999999999;1.0;0.9978253505365049;0.9975703630186094;0.9974460308968773;1.0001581366772445;1.0;0.9999818503468062;0.9999827206080513;1.0;1.024999976158142;
2016-08-01 11:30:00;0.9999861321676179;1.0;0.9999771951785652;0.9999932410949635;0.9999975562613211;1.0;1.0;0.999994154056361;0.9999871604284526;0.9999976587985339;0.9999839376661612;0.9999576488407644;0.9999994146393076;0.9999937248669335;0.99999484951542;0.9999991151753898;0.9999996926180108;0.9999970707904026;1.0;0.9999797258775541;0.9999815351359522;1.0;1.0;0.9999995129462792;1.000182495158502;0.999978695235103;0.9999949520878493;0.9999980595739125;0.9989002891903505;0.9986055481577922;0.9985685261883412;0.9986950830847632;0.9999964039647251;1.0;1.0;0.9979844526347872;0.9977585713372136;0.997639114698163;1.000157139917353;1.0;0.9999795857959962;0.9999767070307074;0.9999999999999999;1.024999976158142;
2016-08-01 11:45:00;0.9999908228066701;1.0;0.9999855910043856;0.9999951857780638;0.9999985817200261;0.9999999999999999;1.0;0.9999969543938534;0.9999923144548397;0.9999988682942212;0.9999889662122349;0.999947909515336;0.9999995465879239;0.9999968686404985;0.9999972441168145;0.9999992924371511;0.999999748091153;0.9999982479247329;1.0;0.9999868312864433;0.9999874453230866;1.0;0.9999999999999999;0.9999994732380038;1.0001844513809184;0.9999852002522456;0.9999965328993295;0.9999990435487246;0.9988154252035016;0.9985020488924979;0.9984573722978339;0.9985900195422163;0.9999979883721495;1.0;1.0;0.9978173418872575;0.9975711787167456;0.9974653600159986;1.000159037833077;0.9999999999999999;0.9999859475482747;0.9999852943845902;1.0;1.024999976158142;
2016-08-01 12:00:00;0.9999889204960896;1.0;0.9999791677824427;0.9999939680648456;0.9999973971335021;0.9999999999999999;1.0;0.9999945274708238;0.999986775401978;0.9999990449746834;0.9999841399721594;0.999942761363499;0.9999995630079883;0.9999960742717408;0.9999976502546962;0.9999991197484289;0.9999996061208788;0.9999971230742072;1.0;0.9999804543449363;0.9999841427541565;0.9999999999999999;1.0;0.999999250093919;1.0001849213302973;0.9999796739336279;0.9999952439173402;0.9999989218675214;0.9989508608549501;0.9986398081851408;0.9985659251125943;0.9986520383600135;0.9999971133397422;1.0;1.0;0.9978584816614818;0.9976012442500863;0.9975022270637771;1.0001593843893126;1.0;0.9999814883483823;0.9999778071812482;1.0;1.024999976158142;
2016-08-01 12:15:00;0.999987252838195;1.0;0.9999820374458948;0.9999938071932818;0.999998232741152;0.9999999999999999;0.9999999999999999;0.9999963417642563;0.9999912016064291;0.9999979599280224;0.9999869887394928;0.9999414314574092;0.9999992224551827;0.9999951681642484;0.9999953651019305;0.9999992075722438;0.9999997655907142;0.9999975848293312;1.0;0.9999839213302542;0.9999829232377547;1.0;1.0;0.999999530435087;1.0001893762603316;0.9999814848739011;0.9999956287156824;0.9999984432482673;0.9988668657319545;0.9985317528008409;0.9985142685097407;0.9986415257989244;0.9999972781447293;0.9999999999999999;1.0;0.9978978938659202;0.9976494192747951;0.9975672749277011;1.0001631594253346;1.0;0.9999815985571108;0.9999821026390922;1.0;1.024999976158142;
2016-08-01 12:30:00;0.99998964733665;1.0;0.9999846656324903;0.9999942658261081;0.9999986058615918;1.0;1.0;0.9999974689470446;0.9999923230387057;0.9999991245368796;0.9999873679680812;0.9999504912145731;0.999999437039539;0.9999975021903706;0.9999975364884865;0.9999991011843694;0.9999996777840832;0.9999981908622371;1.0;0.9999855906478823;0.9999854852349587;0.9999999999999999;1.0;0.9999992399797127;1.000183390769046;0.9999827398216147;0.9999959940779936;0.9999992435232603;0.9989213155112371;0.9986085060718572;0.9985792982984231;0.9986968428213837;0.999998124060519;1.0;0.9999999999999999;0.9979761544290898;0.9977602914402528;0.99768330199644;1.0001580437271318;1.0;0.999983648141521;0.999984383252671;1.0;1.024999976158142;
2016-08-01 12:45:00;0.9999895886479611;1.0;0.9999830111127856;0.9999942903604055;0.9999986078256324;1.0;1.0;0.9999965234843623;0.9999910991324626;0.9999987562150016;0.9999865895471572;0.9999524782279876;0.9999996279411941;0.9999965053173706;0.9999968313453369;0.9999990613841231;0.9999996631414878;0.9999983751477552;1.0;0.9999846106406026;0.9999859737510527;0.9999999999999999;1.0;0.9999992821711843;1.0001872866341726;0.9999827615680407;0.9999959776840693;0.999998935186552;0.9988620212038586;0.9985190639620038;0.9985184374547339;0.9986523032419089;0.9999977141267327;1.0;0.9999999999999999;0.9979248103897312;0.9977114363711781;0.9976294972753738;1.0001613600196193;1.0;0.9999840357487387;0.9999827318020991;1.0;1.024999976158142;
2016-08-01 13:00:00;0.9999826851829571;1.0;0.9999726630194972;0.9999902785939052;0.9999974999945095;1.0;1.0;0.9999949437313661;0.9999856088467837;0.9999985410895846;0.999977621492515;0.999952692126222;0.9999992335523162;0.9999954775361319;0.9999959321093849;0.9999984324643011;0.9999994136335244;0.9999969547924131;1.0;0.9999744203212236;0.9999757798645597;1.0;1.0;0.9999986851016296;1.0001862006619062;0.9999703129228756;0.9999931123227874;0.9999986546861453;0.9989353966655661;0.9986340918517193;0.9985984206223173;0.9987153582114122;0.9999966089902812;1.0;1.0;0.9980060064509835;0.9977806912322281;0.9976823621503508;1.0001600743127212;1.0;0.9999723554699993;0.9999719247198778;1.0;1.024999976158142;
2016-08-01 13:15:00;0.9999588536146328;0.9999999999999999;0.999937592212495;0.9999759933760706;0.9999967559152273;0.9999999999999999;0.9999999999999999;0.9999908747859596;0.9999715956283065;0.9999959439038538;0.9999465540309667;0.9999512835216438;0.9999987200848359;0.9999896568045136;0.9999883986632422;0.9999956230802632;0.9999984971835045;0.9999960100430185;0.9999999999999999;0.9999431424978393;0.9999448194603903;1.0;1.0;0.999996441384133;1.000199175051991;0.9999313870709928;0.9999841634994233;0.9999966889660968;0.9989526438082759;0.9986279806091309;0.9985953868413683;0.9987017268711459;0.9999926634994866;1.0;1.0;0.9979697721218811;0.9977440259933529;0.9976509188301307;1.0001695567015725;1.0;0.9999368992069878;0.9999378773042401;1.0;1.024999976158142;
2016-08-01 13:30:00;0.9999558216244334;1.0;0.9999293751421952;0.9999724027437817;0.9999957208439653;1.0;1.0;0.9999901840586382;0.9999655228808803;0.9999980724097772;0.9999361961305203;0.9999558454216849;0.999998711359934;0.9999927162352118;0.9999919933158384;0.9999947417359767;0.9999980162457235;0.9999951250843286;0.9999999999999999;0.9999331958779054;0.9999381273000066;0.9999999999999999;1.0;0.999995190759234;1.0002006552337137;0.9999189039632408;0.9999814221037724;0.9999978807203498;0.9989357424566626;0.9986096158695479;0.9985897624567402;0.9987069495352253;0.9999927730255138;0.9999999999999999;1.0;0.9979930266362935;0.9977870953770781;0.9977009881537391;1.0001705986397411;1.0;0.9999271936019567;0.9999279527234451;1.0;1.024999976158142;
2016-08-01 13:45:00;0.9999601384197011;1.0;0.9999209380829913;0.9999760966821182;0.9999911947371323;1.0;1.0;0.999980616066836;0.999949934325906;0.9999982215626022;0.9999356276440243;0.9999553864709709;0.9999991674001292;0.9999887582891706;0.9999943611665444;0.9999959323593803;0.9999981465433987;0.9999909115026403;0.9999999999999999;0.999924766065887;0.9999421101979249;0.9999999999999999;1.0;0.9999962366002908;1.0002001357552837;0.9999204727598942;0.9999816062542628;0.9999970783056604;0.998957085369761;0.9986461897347578;0.9986285369217204;0.9987495698414597;0.9999901758826619;1.0;1.0;0.9980690887064223;0.9978617434881545;0.9977757034143331;1.000170841221837;1.0;0.9999301198084328;0.9999152742400628;1.0;1.024999976158142;
2016-08-01 14:00:00;0.9999646106153345;1.0;0.9999412735632494;0.9999781795715542;0.9999952551968708;0.9999999999999999;1.0;0.9999904001339222;0.9999688418746558;0.999998780589051;0.9999481664848903;0.9999656353573764;0.9999988391472284;0.9999939010946177;0.9999946047146168;0.999996032867619;0.9999984253826252;0.9999946196153302;1.0;0.9999437700275935;0.9999493338908707;1.0;1.0;0.9999963003781913;1.0001920921668188;0.999933529649964;0.9999847398373957;0.9999983428442927;0.998993111491816;0.9986945217162827;0.9986835695345447;0.9988044500386322;0.9999937626543893;1.0;1.0;0.9981603241069539;0.9979814795364739;0.9978903466139656;1.0001639492010581;1.0;0.9999402225764249;0.9999390285908943;1.0;1.024999976158142;
2016-08-01 14:15:00;0.9999755641933098;1.0;0.9999608710546862;0.9999854845784131;0.9999968516610177;0.9999999999999999;1.0;0.9999935624021382;0.9999797836200418;0.9999985918096107;0.9999663039143113;0.999970871611487;0.9999991015255992;0.9999949606455896;0.9999952285019761;0.9999974552043278;0.9999990289230654;0.9999962758140236;0.9999999999999999;0.9999629875490679;0.9999655350539305;0.9999999999999999;1.0;0.9999977403922246;1.0001827912944712;0.9999561822500644;0.9999899001744315;0.9999985478439601;0.9990251746724371;0.998744837740593;0.9987263330465502;0.9988424028762452;0.9999955926591322;1.0;1.0;0.9982167916776907;0.9980548521975192;0.9979641665573764;1.0001566217700186;0.9999999999999999;0.9999599764931371;0.9999597569921417;1.0;1.024999976158142;
2016-08-01 14:30:00;0.999961385478947;1.0;0.9999384486250105;0.9999760411391168;0.9999967193040787;1.0;1.0;0.9999914291704524;0.9999706816740123;0.9999977662312539;0.9999447981720302;0.9999713803442246;0.9999990225451346;0.9999927617002343;0.999991828633277;0.9999953849329976;0.9999983001642729;0.9999963150418716;1.0;0.9999425589657888;0.9999468366903904;0.9999999999999999;1.0;0.9999959036028241;1.0001890612901285;0.9999304672292885;0.9999840509343487;0.99999782639505;0.9990524906640587;0.9987866432232769;0.9987544568172355;0.9988648035201548;0.9999935127620265;1.0;1.0;0.9982462403032402;0.9980864341618225;0.9979964324388324;1.0001608716733845;1.0;0.9999376131859878;0.999937719042967;1.0;1.024999976158142;
2016-08-01 14:45:00;0.9999524634863073;1.0;0.9999282636421095;0.9999698651825152;0.9999970241474085;1.0;1.0;0.9999925363713066;0.9999685386542543;0.9999979058158502;0.9999329059936498;0.999971594354467;0.9999986231565995;0.9999935195867846;0.9999908779531944;0.9999940686447462;0.9999978566757275;0.9999963993054466;1.0;0.9999323774696979;0.9999341941109073;1.0;1.0;0.9999945961864778;1.000197916694052;0.9999144233420282;0.9999804659605317;0.9999979811514937;0.9989430076091812;0.9986487488915813;0.9986399829773227;0.9987769743106077;0.9999932161048704;1.0;1.0;0.9981355878227461;0.9979772085212952;0.9978881683515871;1.0001678436065575;1.0;0.9999229377733062;0.9999280871650864;1.0;1.024999976158142;
2016-08-01 15:00:00;0.9999599740399491;1.0;0.9999405723122604;0.9999759257349697;0.9999972312026367;1.0;1.0;0.9999927547218627;0.9999739092328079;0.9999969404134449;0.9999470554130737;0.999971594354467;0.9999987144236185;0.9999920375582653;0.9999900976854363;0.9999954861297349;0.9999984331695865;0.9999964853300735;1.0;0.99994507054152;0.9999456039484438;1.0;1.0;0.9999961520385486;1.0001938945022557;0.999931705559286;0.9999843056406854;0.9999974620778852;0.9989000812786113;0.9985912676582981;0.9985785661982558;0.9987150120727215;0.9999936046021555;0.9999999999999999;1.0;0.9980316161642023;0.9978748060145104;0.9977877938459598;1.0001650120765972;1.0;0.9999374346344662;0.9999408756300823;0.9999999999999999;1.024999976158142;
2016-08-01 15:15:00;0.9999826975015231;1.0;0.9999717582838091;0.999990200217643;0.9999973772699889;0.9999999999999999;1.0;0.9999945196809501;0.9999847242902328;0.9999985958958333;0.9999769132372319;0.9999714498039495;0.9999993288246682;0.9999953750211884;0.9999960432120814;0.9999983972811163;0.9999993855248546;0.9999969025399426;1.0;0.9999735770391291;0.9999757617793631;1.0;0.9999999999999999;0.9999986586446374;1.0001818335668782;0.9999697927307963;0.9999929916824085;0.9999986482804551;0.9989566259223209;0.9986693199958613;0.9986537620436292;0.9987834424055069;0.9999964839636861;1.0;0.9999999999999999;0.9981367445036238;0.9979838067357399;0.9979024360287048;1.0001562870092193;0.9999999999999999;0.99997212427606;0.9999708442059808;1.0;1.024999976158142;
2016-08-01 15:30:00;0.9999806067281084;1.0;0.9999706409333112;0.9999877807698904;0.9999984731161962;1.0;1.0;0.9999968397238573;0.9999866604103474;0.9999993312582642;0.9999726933057015;0.9999702934196422;0.999999344503205;0.9999975655131551;0.9999966173092787;0.9999976477703046;0.9999991375210137;0.999998128584548;1.0;0.9999720645023136;0.9999727864170075;1.0;1.0;0.9999978242990339;1.0001800141502522;0.9999647936678876;0.9999919518514458;0.9999992982618131;0.9989996362968673;0.9987158991254192;0.9987165902883687;0.9988473101741489;0.999997214305143;1.0;0.9999999999999999;0.9982446625920568;0.9980688047226642;0.9979624057105314;1.0001543826946837;0.9999999999999999;0.9999681618139808;0.9999703333683346;0.9999999999999999;1.024999976158142;
2016-08-01 15:45:00;0.9999637233311337;1.0;0.999947714381241;0.9999759576274612;0.9999987145416032;1.0;1.0;0.999997134585166;0.9999793162299712;0.9999994745904054;0.9999478218183203;0.9999709467021806;0.9999988985315228;0.9999979614159236;0.9999944564484398;0.9999950446308778;0.9999982231706426;0.9999982688924267;1.0;0.9999498934404335;0.9999492566772896;1.0;1.0;0.999995294294642;1.0001866611888368;0.999933232338249;0.999984855560858;0.9999993780469844;0.9990358829247413;0.9987637582669625;0.9987772380393358;0.998914347232751;0.9999959599053057;1.0;1.0;0.9983652073649353;0.9982014738083219;0.9981081644520768;1.0001587704517259;0.9999999999999999;0.999940189534499;0.9999480210028369;0.9999999999999999;1.024999976158142;
2016-08-01 16:00:00;0.9999543500383334;1.0;0.9999292986702666;0.9999711510133179;0.999997458718333;0.9999999999999999;1.0;0.999991817741259;0.9999688612707881;0.9999972979541343;0.9999348635052462;0.9999700795174941;0.9999989888989008;0.9999922410621831;0.9999898155170915;0.999994218203431;0.9999979331610908;0.9999971631818074;1.0;0.9999344607821977;0.9999380000315895;0.9999999999999999;1.0;0.9999948804244131;1.0001953982052918;0.9999185738366;0.9999813808432444;0.9999975589591604;0.998857061255638;0.9985722080100025;0.9985877206037669;0.998762704331583;0.9999929382660127;1.0;1.0;0.9981623990017654;0.9979989861719757;0.9979096373444085;1.0001656854720724;1.0;0.9999272064604645;0.9999294301627862;1.0;1.024999976158142;
2016-08-01 16:15:00;0.999976528976198;1.0;0.9999657649592665;0.9999856900033203;0.9999980784503504;1.0;0.9999999999999999;0.9999962969218573;0.999984758110787;0.9999988319481655;0.999968772940944;0.9999699349673812;0.9999990626205062;0.9999965485123998;0.9999953828929322;0.9999973582736887;0.9999990559506086;0.9999974811254863;0.9999999999999999;0.9999675416781691;0.9999671858584627;1.0;0.9999999999999999;0.9999976212212844;1.0001822849349766;0.9999588579522235;0.9999905700236934;0.9999989455664633;0.9990005786993003;0.9987164241116369;0.9987483785714043;0.9988974337504051;0.9999965952919034;1.0;0.9999999999999999;0.998353606600837;0.9981914767002991;0.9981044142501059;1.0001561448126413;1.0;0.9999621661521074;0.9999655919629823;0.9999999999999999;1.024999976158142;
2016-08-01 16:30:00;0.9999837167061009;0.9999999999999999;0.9999746273858865;0.9999911366537613;0.9999968634332257;1.0;1.0;0.9999949572703383;0.9999855965453497;0.9999989578021924;0.9999796498597195;0.9999702934196423;0.9999990392909366;0.9999961330299615;0.9999970859702011;0.9999987556898327;0.9999994974222473;0.9999960654103544;0.9999999999999999;0.9999754888006144;0.9999762146304709;0.9999999999999999;1.0;0.9999989113942042;1.0001745951351886;0.999971611695736;0.9999934013617036;0.9999989074793729;0.9990291101702513;0.9987740716090339;0.9988094160138075;0.998966504943805;0.999996833837259;1.0;1.0;0.9984791235626688;0.9983429989058756;0.9982882869464735;1.000150251547855;0.9999999999999999;0.9999730474105453;0.9999733639296426;1.0;1.024999976158142;
2016-08-01 16:45:00;0.9999899894863832;0.9999999999999999;0.9999852207489461;0.9999941169771904;0.9999986043982335;1.0;1.0;0.9999979704058906;0.9999925432856914;0.9999996521066651;0.9999870018255579;0.9999705825139505;0.9999994480488329;0.999998558647808;0.9999985090638218;0.9999990336352492;0.9999996307382475;0.9999981893988791;1.0;0.9999855850120745;0.9999854220445679;0.9999999999999999;1.0;0.9999990924301598;1.0001695735457319;0.9999821455677291;0.9999958913037483;0.9999996040799258;0.9990733150246788;0.9988353195457722;0.9988708746552356;0.9990251925311786;0.9999984570022883;1.0;1.0;0.9985731107708256;0.9984601513565831;0.9984343790015892;1.000146112885689;0.9999999999999999;0.9999832969585031;0.9999847322610144;1.0;1.024999976158142;
2016-08-01 17:00:00;0.9999866073223773;1.0;0.9999790373422136;0.9999929029361574;0.9999969678871118;1.0;1.0;0.9999954902088318;0.9999874279324923;0.9999992383453342;0.9999835856406974;0.9999779543127155;0.9999990981946493;0.9999968075943907;0.9999979561233799;0.9999991106183512;0.9999996164294134;0.9999961806005313;1.0;0.9999794378909836;0.9999799867290349;1.0;1.0;0.9999992054172033;1.0001672646781494;0.9999764686598631;0.9999945184641278;0.9999991263935059;0.9991217357758562;0.9988981227410084;0.9989404882383379;0.9990942722019477;0.9999973231159706;1.0;1.0;0.9986876983587761;0.998598384623469;0.9985730209400405;1.0001441264507278;1.0;0.9999774172805269;0.9999776794921136;1.0;1.024999976158142;
2016-08-01 17:15:00;0.9999736442667255;1.0;0.9999599042893577;0.9999851657146557;0.999997922562798;0.9999999999999999;1.0;0.9999934798220608;0.9999817395331708;0.9999966748329256;0.9999669861418572;0.9999908191129413;0.9999992587773568;0.999991910108832;0.9999912461517115;0.9999973635380637;0.9999991307072801;0.9999974478324927;0.9999999999999999;0.9999642455391724;0.9999654283524455;1.0;1.0;0.9999980379883996;1.000173092430615;0.9999578022275206;0.9999902034766499;0.999997393919762;0.999137903941011;0.998909171782219;0.9989739593344361;0.9991359620203849;0.9999948746440469;1.0;1.0;0.9987689673505207;0.9987193357563753;0.9986926041796437;1.000147982569281;1.0;0.9999608893877461;0.9999603711107802;0.9999999999999999;1.024999976158142;
2016-08-01 17:30:00;0.9999718527066975;0.9999999999999999;0.9999588340414806;0.9999829089476602;0.9999982758936534;1.0;0.9999999999999999;0.9999955011608512;0.9999824689856505;0.9999980005711429;0.999962767421339;0.9999898072395371;0.9999990950893237;0.9999949027006041;0.9999932065156981;0.9999967568070307;0.9999988812843421;0.9999977506044819;1.0;0.9999618577570303;0.9999617141432499;1.0;1.0;0.9999972105371955;1.00017231723254;0.9999518933001873;0.9999889632107645;0.9999983664661322;0.9991744301209402;0.9989569271777449;0.9990123619946731;0.9991659219245966;0.9999957288456428;1.0;0.9999999999999999;0.9988073452899496;0.9987560443033418;0.9987313099635955;1.0001471219674203;1.0;0.9999559434093159;0.9999591858439517;0.9999999999999999;1.024999976158142;
2016-08-01 17:45:00;0.9999706161951349;1.0;0.9999543705609003;0.999982595299896;0.9999969345910059;1.0;1.0;0.9999930989216931;0.9999778190344711;0.9999978932467204;0.99996050031791;0.9999919060818414;0.9999989998639285;0.9999936691614368;0.9999933158325723;0.9999968818853908;0.9999988642916601;0.9999962974446098;0.9999999999999999;0.9999574046139303;0.9999593601045534;1.0;1.0;0.9999973250679596;1.0001721029424315;0.9999488072327588;0.9999882020972252;0.9999980800085421;0.99917865966277;0.9989624060338766;0.9990351558141654;0.9991983537032869;0.9999948510862622;1.0;1.0;0.9988746279329799;0.9988325335750765;0.9988111290573866;1.000147002715156;0.9999999999999999;0.9999530978760602;0.9999537433941306;1.0;1.024999976158142;
2016-08-01 18:00:00;0.999968173746795;1.0;0.9999521574942593;0.9999800891980435;0.9999979818381486;1.0;1.0;0.9999948713143033;0.9999790676099849;0.9999983461136505;0.9999557972816493;0.9999905300070494;0.9999990717729568;0.9999951719901081;0.9999933554877432;0.9999961164170426;0.9999986147663773;0.9999975254529233;1.0;0.9999551871799017;0.9999562112768112;1.0;1.0;0.9999965303375719;1.0001734041077155;0.9999435397176906;0.9999870826625966;0.9999985078452434;0.9992135808256815;0.9989930825000589;0.999050281008947;0.9991946963724653;0.999995306697248;1.0;0.9999999999999999;0.9988434700457735;0.9987976288645093;0.9987770180943527;1.0001477623093828;1.0;0.9999489526230481;0.9999521706096894;1.0;1.024999976158142;
2016-08-01 18:15:00;0.9999884428364934;1.0;0.999977981207018;0.9999936222654014;0.9999973759378397;1.0;1.0;0.9999942534288518;0.9999861075135462;0.9999989951768246;0.9999831132126773;0.9999923397445302;0.9999996715171917;0.999995873131375;0.9999974813964464;0.9999990303289772;0.9999995708290071;0.9999971524372071;1.0;0.999979435241294;0.9999835792825974;1.0;0.9999999999999999;0.9999992095304712;1.0001658544768874;0.9999786666442301;0.9999950118074582;0.9999988667622289;0.9991952106556975;0.9989518633772442;0.9990373817975288;0.9991894879783486;0.9999969647388671;1.0;1.0;0.9988457445775831;0.9988059274582173;0.9987856968977257;1.000142843610026;0.9999999999999999;0.9999807267825345;0.9999765960599392;1.0;1.024999976158142;
2016-08-01 18:30:00;0.9999872913520627;1.0;0.9999777735743547;0.9999938006212682;0.999996957759362;1.0;1.0;0.9999937667354853;0.9999860508108958;0.9999982779805198;0.9999844053164151;0.999994507953683;0.9999994076415601;0.9999945326088151;0.9999963206609964;0.999999282313103;0.9999996953675006;0.9999964217301521;1.0;0.9999795087858878;0.9999821688383017;1.0;1.0;0.9999995630212031;1.0001648519206714;0.9999789742947942;0.9999950271513169;0.999998392298667;0.9992213761076526;0.9989807821171778;0.9990874171146622;0.9992470576232606;0.9999965635280603;1.0;1.0;0.9989520933296873;0.998918847014323;0.9988982337427594;1.0001420381024255;1.0;0.9999799842505859;0.9999765570759941;1.0;1.024999976158142;
2016-08-01 18:45:00;0.9999882122838664;1.0;0.9999805755981548;0.9999941130010492;0.9999977571642985;1.0;1.0;0.9999951474541352;0.9999888102205929;0.9999983254268636;0.9999859599067248;0.9999947970624696;0.9999994816175455;0.9999952179555289;0.9999962426923227;0.9999992299314917;0.999999713157012;0.9999973007791759;1.0;0.9999823332224783;0.9999838605834606;1.0;1.0;0.9999995214056964;1.0001679801998353;0.9999811437966123;0.9999955522686163;0.9999985495828465;0.9991902036291395;0.9989332077476173;0.999041797614241;0.999202290537526;0.9999970751364757;1.0;1.0;0.9988789875535086;0.9988472691279693;0.9988274500728441;1.0001447140685313;1.0;0.9999820026650597;0.99997993568292;0.9999999999999999;1.024999976158142;
2016-08-01 19:00:00;0.9999860038886238;1.0;0.9999751273723297;0.9999927259197681;0.9999971791481093;1.0;0.9999999999999999;0.9999935497105603;0.9999850817531608;0.9999982008797006;0.9999816510878525;0.9999958089459761;0.9999995309291231;0.9999943177359044;0.9999958736589073;0.9999989659216243;0.9999995843853784;0.9999968039715946;1.0;0.9999772893034081;0.9999807473144834;1.0;1.0;0.9999992858212029;1.0001651338752182;0.9999763222406969;0.9999944323650853;0.9999983248888007;0.9992680935593776;0.9990323495108937;0.9991136059822656;0.9992502467143278;0.9999963469476101;1.0;1.0;0.9989264021189382;0.9988978872091002;0.9988780671496146;1.0001421077971402;1.0;0.9999780302998605;0.9999740377020003;0.9999999999999999;1.024999976158142;
2016-08-01 19:15:00;0.9999897093183233;1.0;0.9999795565028694;0.9999950215524189;0.9999974690282575;1.0;0.9999999999999999;0.9999935502883095;0.9999867289587892;0.9999981748419592;0.9999861381783246;0.9999960228579144;0.9999997881488983;0.9999942686205233;0.9999962008398852;0.9999993659623018;0.9999997260614735;0.9999972960862704;0.9999999999999999;0.9999818367284918;0.9999862552657496;1.0;0.9999999999999999;0.999999687489154;1.0001596677688767;0.9999828658199679;0.9999959169818111;0.9999983121960291;0.9993632425491356;0.9991630451032566;0.9992235926968643;0.9993426218395153;0.9999966322855407;1.0;1.0;0.9990571285580896;0.9990289703110065;0.9990087352328383;1.000137588217105;1.0;0.9999842702664135;0.9999784837093115;1.0;1.024999976158142;
2016-08-01 19:30:00;0.9999873064710959;1.0;0.9999778621776385;0.9999939482224667;0.9999967970079968;0.9999999999999999;1.0;0.999993612951968;0.9999858801124037;0.999998240232089;0.9999847577678702;0.9999960228579144;0.9999993585209871;0.999994400633844;0.9999963218501533;0.9999993564380735;0.9999997197844622;0.999996201247719;1.0;0.9999795424142359;0.9999820893518195;1.0;1.0;0.9999996370202233;1.0001611633953555;0.9999791627453587;0.9999950599009925;0.9999983566802532;0.9994102737220532;0.999178652904733;0.9992472246712641;0.9993451771322495;0.9999965080216399;1.0;1.0;0.9990337796531209;0.9990050119500576;0.9989839841924073;1.0001388834762999;1.0;0.9999800003859061;0.9999765701924149;1.0;1.024999976158142;
2016-08-01 19:45:00;0.9999853689190494;0.9999999999999999;0.9999739344312402;0.9999929889787376;0.999995963444647;1.0;1.0;0.9999923111728976;0.9999828030877224;0.999998200563464;0.999981988394269;0.9999959535006976;0.999999216099106;0.9999937656770779;0.9999962949110828;0.9999992881508115;0.9999996614939666;0.9999952358943384;1.0;0.99997556444523;0.9999789122752513;0.9999999999999999;0.9999999999999999;0.9999995593395745;1.0001594363739585;0.9999752284128917;0.9999941356916533;0.9999982104474138;0.9995754100471362;0.9993492303113517;0.9994054875431614;0.9994608683910385;0.9999959427523669;1.0;1.0;0.999170661912707;0.9991419880363717;0.9991213701601633;1.0001373566657688;1.0;0.9999763010101506;0.999972096743363;0.9999999999999999;1.024999976158142;
2016-08-01 20:00:00;0.9999827864511752;1.0;0.9999624011654543;0.9999917879952066;0.9999942319168452;1.0;1.0;0.9999869076435868;0.9999729354797192;0.9999974373216093;0.9999749710772948;0.9999961674126933;0.9999995760901716;0.9999901777843736;0.9999950688515802;0.9999991310400806;0.9999995067662399;0.9999938674777877;1.0;0.9999655569966417;0.9999756830323792;0.9999999999999999;0.9999999999999999;0.9999995370746504;1.000160576490083;0.9999687996490928;0.9999925673820957;0.9999972487796966;0.9995953696696875;0.9993782769761826;0.9994384920181961;0.9994963465501723;0.9999937951250216;1.0;1.0;0.9992332636522474;0.9992055584426639;0.9991853197877479;1.0001382049132361;1.0;0.9999716379374689;0.9999591702103794;1.0;1.024999976158142;
2016-08-01 20:15:00;0.999984770156154;1.0;0.9999739331833923;0.9999928578077281;0.9999965432152619;1.0;1.0;0.9999925390307706;0.9999839891760688;0.9999975041279298;0.9999823314848497;0.999996311967895;0.9999992983219331;0.9999927661018375;0.9999947743802734;0.9999992151791229;0.999999692441795;0.9999958877239825;1.0;0.9999764285031334;0.9999791422347726;1.0;0.9999999999999999;0.9999996342267329;1.0001579649505188;0.9999760785837719;0.9999943119919512;0.9999978168604587;0.9995914028890392;0.9993715842361954;0.9994370746704919;0.9994969589862347;0.9999957628490203;1.0;1.0;0.9992371314377592;0.9992102014220091;0.9991903751656076;1.000135971029552;1.0;0.9999769279648932;0.9999728045337698;1.0;1.024999976158142;
2016-08-01 20:30:00;0.9999831322841692;1.0;0.999972019817821;0.9999922648735169;0.9999956832840233;1.0;1.0;0.999991918334616;0.9999822552933988;0.9999975476694041;0.9999812400551157;0.9999962426106409;0.9999989789997944;0.9999925693550713;0.9999950207767594;0.9999992994421463;0.9999997002782628;0.9999947029414;1.0;0.9999740347934174;0.9999760684698809;1.0;1.0;0.9999996753433109;1.0001575291726579;0.9999732511496364;0.9999936444403661;0.9999977823763117;0.9996271732584306;0.9994224458701789;0.999491927102363;0.9995532545244328;0.9999954844023239;1.0;1.0;0.9993331834220351;0.9993066413473027;0.9992876065853036;1.0001356471244194;1.0;0.9999737134862188;0.9999704250402581;1.0;1.024999976158142;
2016-08-01 20:45:00;0.9999819214655107;1.0;0.999972648067647;0.9999907904233313;0.9999962225359461;0.9999999999999999;1.0;0.999994042051958;0.999984223821682;0.9999983789627978;0.9999792901177995;0.9999963119678947;0.999998804870209;0.9999948198970358;0.9999961305453314;0.9999988947273192;0.9999995606936299;0.999995141075704;0.9999999999999999;0.9999737445276059;0.9999737040627417;0.9999999999999999;1.0;0.9999991389150832;1.0001579235474864;0.9999700230400702;0.9999929852270625;0.9999984758841375;0.99961288422636;0.9994017716464032;0.9994858264056914;0.9995558521747198;0.9999962733054966;1.0;1.0;0.9993493713857575;0.9993306652440104;0.9993215317939854;1.000135851613327;0.9999999999999999;0.9999707976400399;0.999971309324214;1.0;1.024999976158142;
2016-08-01 21:00:00;0.9999777856688641;1.0;0.9999655810225049;0.9999888223254284;0.9999948852762349;1.0;1.0;0.9999919802360716;0.9999792813246025;0.9999980679175183;0.9999743562728147;0.9999963871658627;0.9999984876713742;0.9999934203912056;0.9999955316603479;0.9999987413743576;0.9999994704675617;0.9999935035618609;1.0;0.9999667679993162;0.9999673373804411;1.0;1.0;0.9999990150466174;1.0001587684358042;0.9999627193190316;0.999991266062056;0.9999980967418188;0.999622902191737;0.9994157243587378;0.9994984365281695;0.9995675098940117;0.9999952242526076;1.0;1.0;0.9993675543816987;0.9993490861895902;0.9993399525712058;1.0001364782864164;0.9999999999999999;0.999963669681821;0.9999635486363152;1.0;1.024999976158142;
2016-08-01 21:15:00;0.9999738503897484;1.0;0.999956732007673;0.9999867237586872;0.9999939249742755;1.0;1.0;0.9999891715184096;0.999973403196527;0.9999974372743199;0.9999680415518775;0.9999963871658627;0.9999985190427854;0.9999911965786457;0.9999941827506935;0.9999984043149335;0.9999993171424966;0.9999926045884274;1.0;0.9999589012606045;0.9999621365413812;1.0;0.9999999999999999;0.9999987968850438;1.0001609841020778;0.9999554834433994;0.9999895600172015;0.999997454345412;0.9996369920048229;0.9994347383488001;0.9995149882711877;0.999582322101902;0.9999938421873699;1.0;0.9999999999999999;0.9993901032535073;0.9993710242905607;0.9993610970000175;1.000138164289516;1.0;0.999957413827166;0.9999541642271241;1.0;1.024999976158142;
2016-08-01 21:30:00;0.9999789890378531;1.0;0.9999645960536636;0.9999887970926318;0.9999961397166186;0.9999999999999999;1.0;0.9999917779722719;0.9999796214499721;0.9999977136727217;0.999972895530825;0.9999964565227509;0.9999991686610691;0.9999927767519419;0.9999944515321557;0.9999983548528761;0.9999993551222583;0.9999954734893002;1.0;0.9999672329998035;0.9999707290640701;1.0;1.0;0.9999987631817959;1.0001582648496405;0.9999642942368917;0.9999916501981195;0.9999978646387112;0.9996416963111403;0.9994430959612285;0.9994937664968959;0.9995439762884849;0.9999950956602115;0.9999999999999999;1.0;0.9993025744182302;0.9992840342222287;0.9992745203296424;1.000135802280743;1.0;0.9999666761550918;0.9999631921586283;1.0;1.024999976158142;
2016-08-01 21:45:00;0.9999747797675871;1.0;0.9999515448210167;0.9999871029586828;0.9999942727949656;0.9999999999999999;1.0;0.9999859969657766;0.9999693347255807;0.9999963557474004;0.9999653550515366;0.9999961674126931;0.9999993925467605;0.9999880874839139;0.9999920559755708;0.9999982022101671;0.9999992332703674;0.9999938195390179;0.9999999999999999;0.9999561634100168;0.9999656185369806;0.9999999999999999;0.9999999999999999;0.9999988455606212;1.0001620154077733;0.9999566422726704;0.9999897679036169;0.9999965119769644;0.9996388081744211;0.9994365148887697;0.9995061844790476;0.9995671551596735;0.9999925428043627;1.0;0.9999999999999999;0.999356109982134;0.9993363353143866;0.9993264083684278;1.0001388480169051;1.0;0.9999603622824431;0.9999490011681046;1.0;1.024999976158142;
2016-08-01 22:00:00;0.9999795257477598;0.9999999999999999;0.9999625212357872;0.9999899446871303;0.9999960878308001;0.9999999999999999;1.0;0.9999892913980231;0.9999776442882179;0.9999962092197909;0.999974000114405;0.9999963119678948;0.9999995441499263;0.9999893103913302;0.999991860900496;0.9999986082099614;0.9999994792363287;0.9999957249548426;1.0;0.9999671269254146;0.99997328702484;1.0;1.0;0.9999992937389557;1.0001606256165059;0.9999675392269487;0.9999922963424727;0.9999967336553653;0.9996299943612146;0.9994272601669346;0.9994999143078095;0.9995641210248463;0.9999939317078227;1.0;1.0;0.9993553881615851;0.9993363889201425;0.9993268745291025;1.0001378297566472;0.9999999999999999;0.9999698583714344;0.9999613848014834;1.0;1.024999976158142;
2016-08-01 22:15:00;0.9999792457179271;1.0;0.9999600491582331;0.9999889792525904;0.9999957885880426;1.0;1.0;0.9999890081287642;0.9999754584071209;0.9999971185982972;0.9999705773336489;0.9999963871658625;0.999999641124233;0.9999906187473621;0.9999934433435669;0.9999983041584193;0.9999993004422675;0.9999955849966687;1.0;0.9999640199219152;0.9999720163198027;1.0;1.0;0.9999988359308247;1.0001595914252284;0.999963910689715;0.9999915123886953;0.9999972490341867;0.9996527017906323;0.9994592150309265;0.9995250478870001;0.9995843748065637;0.9999940467028562;1.0;1.0;0.9993826294322914;0.999364478315267;0.9993557571219044;1.0001368719098886;1.0;0.9999674436206938;0.999958214452427;1.0;1.024999976158142;
2016-08-01 22:30:00;0.9999743786759476;1.0;0.9999553145583502;0.9999864446174895;0.9999946690809667;1.0;1.0;0.9999888912051141;0.9999730860771886;0.9999973031674996;0.999966269433447;0.9999963119678947;0.9999989771001974;0.9999908658711671;0.9999936299365789;0.9999980865566421;0.9999992076980743;0.9999938404146704;1.0;0.9999583920850775;0.9999638893056229;1.0;1.0;0.9999985500238647;1.0001626519140623;0.9999556116994033;0.9999896083965192;0.9999973457797724;0.9996136422306834;0.9994059369973374;0.9994888648614302;0.9995607991536761;0.9999937125144476;1.0;1.0;0.9993603078604055;0.9993422118503775;0.9993338717437871;1.0001394254859988;1.0;0.9999586979158901;0.9999530468905703;0.9999999999999999;1.024999976158142;
2016-08-01 22:45:00;0.9999757541991265;1.0;0.9999545681019124;0.9999873194503971;0.9999949758602575;1.0;1.0;0.9999875905281398;0.9999721386207661;0.9999966795852234;0.9999667389946675;0.999996242610641;0.9999994159094076;0.9999893080987026;0.9999925147155346;0.9999981327241436;0.9999992312711548;0.9999945608624092;1.0;0.9999588579194194;0.999967014915782;0.9999999999999999;1.0;0.9999987358609229;1.000160857639374;0.9999583326606734;0.9999901989678098;0.9999968529740972;0.9996419277439428;0.9994418811760598;0.999508309683096;0.9995675518409064;0.9999932142150698;1.0;1.0;0.9993543444982633;0.999335418483605;0.9993262849901376;1.0001378395317493;1.0;0.9999619498938411;0.9999524467367698;1.0;1.024999976158142;
2016-08-01 23:00:00;0.9999776595974194;1.0;0.9999590876312019;0.9999880732388852;0.9999962349459501;0.9999999999999999;1.0;0.9999895330274815;0.9999763031316534;0.9999967247652481;0.9999694504190195;0.999996311967895;0.9999996040001429;0.9999902398897654;0.9999923979146504;0.999998089361488;0.9999992680938493;0.9999960114455728;1.0;0.9999635172266991;0.9999704049607687;1.0;1.0;0.9999987115662939;1.0001590019777917;0.9999624064101809;0.9999911734140458;0.9999970603682566;0.999688944945034;0.9995095418548567;0.999565918766553;0.9996182416510024;0.9999939778292434;0.9999999999999999;1.0;0.999429941040779;0.9994112333909029;0.99940209920452;1.0001362061485957;1.0;0.9999658724318842;0.9999578237643315;1.0;1.024999976158142;
2016-08-01 23:15:00;0.9999760193164683;1.0;0.9999571915148469;0.9999874502369909;0.999995194003353;1.0;1.0;0.9999889284772613;0.9999743094827389;0.9999969638783366;0.999968262385092;0.999996242610641;0.9999992238422641;0.9999903520812873;0.9999930499451277;0.9999981941580147;0.9999992700413817;0.9999945875077169;1.0;0.9999608545879239;0.9999669832765575;0.9999999999999999;0.9999999999999999;0.9999987317987489;1.000158815994478;0.9999591630449831;0.999990414446288;0.9999971458314924;0.9996966533917405;0.9995189241649988;0.9995692953554612;0.9996171268739593;0.999993755537935;0.9999999999999999;1.0;0.9994219135547115;0.9994026932539584;0.9993931782316541;1.0001361284689174;1.0;0.9999622254901938;0.9999552824988496;1.0;1.024999976158142;
2016-08-01 23:30:00;0.9999791949585998;1.0;0.9999567577023536;0.9999893868349944;0.9999935344473985;1.0;1.0;0.9999862846558135;0.9999696837251987;0.9999977864781936;0.9999694038191749;0.9999962426106409;0.9999993476270087;0.999990475502745;0.9999954784399983;0.9999987202461922;0.999999319351885;0.999993007596946;1.0;0.9999595011701076;0.9999698409431989;1.0;1.0;0.9999990537681622;1.0001587611862919;0.9999610828534559;0.999990823271492;0.9999973916937535;0.9996944732896004;0.9995150911985892;0.9995652088256681;0.9996125683061193;0.9999934188663163;1.0;1.0;0.9994135988150604;0.9993952820469593;0.9993869414974662;1.0001364572081677;1.0;0.9999646406442083;0.9999530042162277;0.9999999999999999;1.024999976158142;
2016-08-01 23:45:00;0.9999846111555531;0.9999999999999999;0.9999700937764283;0.9999917012388143;0.9999955694107009;1.0;1.0;0.9999915994246145;0.9999797163885079;0.9999990475013164;0.9999774890181794;0.9999962426106409;0.9999993570386608;0.999994796615473;0.9999977406939837;0.9999989142830861;0.9999994498387796;0.9999950532955202;1.0;0.9999712523951301;0.9999770445570441;0.9999999999999999;1.0;0.999999041603925;1.0001551023726971;0.9999705263068256;0.9999931070473681;0.9999986453617167;0.9996968131259921;0.9995191607927977;0.9995731256537606;0.9996222246053157;0.9999958713804964;0.9999999999999999;1.0;0.9994322009698543;0.9994129804712591;0.9994034653510133;1.0001335031540635;1.0;0.9999730728298167;0.9999674669793926;0.9999999999999999;1.024999976158142;
2016-08-02 00:00:00;0.999982585261262;0.9999999999999999;0.999965913479847;0.9999905647603796;0.9999948219900006;1.0;0.9999999999999999;0.9999903858681137;0.9999765957794281;0.9999990761375648;0.999974257142875;0.9999963119678948;0.999999245839577;0.9999943038166852;0.999997768774614;0.9999987769830077;0.9999993654427847;0.99999421549459;1.0;0.9999670297762131;0.9999737637497526;1.0;1.0;0.9999988889536923;1.000154782990779;0.9999661953441508;0.9999920991472727;0.9999985491260543;0.9997078605202999;0.9995361535090734;0.9995787955129483;0.9996216303204678;0.999995333001944;1.0;1.0;0.9994227074646767;0.99940338957642;0.9993934619643751;1.000133162655131;0.9999999999999999;0.9999691466324397;0.9999627612643577;1.0;1.024999976158142;
2016-08-02 00:15:00;0.9999827313680342;1.0;0.9999632072796532;0.9999909816890846;0.9999942299572439;1.0;1.0;0.999988305274795;0.9999735789775175;0.9999986237311727;0.9999735429738487;0.9999964565227507;0.9999994257970235;0.9999926670887292;0.9999971461657767;0.9999989050720643;0.9999993833407945;0.9999937751375668;1.0;0.9999650227402772;0.9999743099253817;1.0;1.0;0.9999990962195032;1.0001544517361436;0.9999662824636348;0.9999920665737909;0.9999980866518938;0.9996890142916266;0.9995152780360458;0.9995699442076311;0.9996230038166461;0.9999945573336151;1.0;1.0;0.99943859722247;0.9994209578992957;0.9994126171355225;1.0001329071618619;1.0;0.9999695700816656;0.9999596066906751;1.0;1.024999976158142;
2016-08-02 00:30:00;0.9999842568974012;0.9999999999999999;0.9999686580123696;0.9999922015660756;0.9999947070705585;1.0;1.0;0.9999900423660314;0.9999775782262685;0.9999985969503474;0.9999780627697714;0.999996311967895;0.9999992331966123;0.9999933862088531;0.9999972235667423;0.9999992082107497;0.9999995408248137;0.9999940193389013;1.0;0.9999700274994;0.9999764250590369;1.0;0.9999999999999999;0.999999391546235;1.0001516901895782;0.9999706811627268;0.9999930774023327;0.99999823535203;0.9996933608978351;0.9995372441705457;0.9995689168377845;0.9996155806623974;0.9999952429650197;1.0;1.0;0.9994173633276338;0.9993992662844687;0.9993909257017248;1.0001306684769973;0.9999999999999999;0.999972729356617;0.9999656104961994;1.0;1.024999976158142;
2016-08-02 00:45:00;0.9999897721492295;1.0;0.9999773350295991;0.999994678184283;0.999996370069462;1.0;0.9999999999999999;0.9999925385955524;0.999983390031582;0.9999991788539763;0.9999838649709737;0.999996311967895;0.9999996969186725;0.999995403084895;0.9999983359722837;0.9999993631893019;0.9999996247768743;0.9999961342687452;1.0;0.9999784950664187;0.9999847429422295;1.0;0.9999999999999999;0.999999478031194;1.0001502570787473;0.9999796886303421;0.9999952089445393;0.999998817159204;0.9996866485292125;0.9995240941110929;0.9995612417548096;0.9996091428862501;0.9999966010098801;1.0;1.0;0.9994082860300019;0.9993895787854715;0.9993804447970023;1.0001295597419777;1.0;0.9999818023931554;0.9999750093296825;1.0;1.024999976158142;
2016-08-02 01:00:00;0.9999892598112998;1.0;0.9999785186296468;0.9999946819011912;0.9999962652831152;0.9999999999999999;0.9999999999999999;0.9999931288642662;0.9999844606906196;0.9999991230544419;0.9999849628365011;0.9999962426106407;0.9999994510782997;0.9999955768071089;0.999998285301373;0.9999994778993188;0.9999996854359811;0.9999957690764775;1.0;0.9999793396998352;0.9999837552258812;1.0;1.0;0.999999584446417;1.0001462139921824;0.9999797921624272;0.9999952280927399;0.9999988388603692;0.999748244641272;0.9996159901487379;0.9996207735411158;0.9996496811840578;0.9999967550447331;0.9999999999999999;1.0;0.9994504634106787;0.9994315355756972;0.999422401203761;1.0001261149634388;1.0;0.9999811879290664;0.999976330173812;1.0;1.024999976158142;
2016-08-02 01:15:00;0.9999881966577696;1.0;0.9999776457997499;0.9999941857278819;0.9999956176353054;0.9999999999999999;1.0;0.9999930488387393;0.9999834733104798;0.9999994480924305;0.9999841703386738;0.9999963871658626;0.9999991669306394;0.9999960524840079;0.9999989977549955;0.9999995223266792;0.9999996755359385;0.9999948426779954;1.0;0.9999777489340133;0.9999813440146436;1.0;1.0;0.9999995438724815;1.0001444408970468;0.9999774571115416;0.9999946961278561;0.9999990257709959;0.9997960546371405;0.999679367159874;0.9996631479343765;0.9996761004208267;0.9999967565702313;1.0;1.0;0.9994733854503924;0.9994552326850272;0.9994465106996748;1.0001246394923646;0.9999999999999999;0.9999785842943011;0.9999750223395802;1.0;1.024999976158142;
2016-08-02 01:30:00;0.9999848452543744;1.0;0.9999709541013821;0.9999923142187046;0.9999954029842713;0.9999999999999999;0.9999999999999999;0.9999913397189804;0.9999799960231673;0.999998682335136;0.9999791567852866;0.9999964565227509;0.999999273556946;0.9999940945543034;0.9999972085900923;0.9999991328774305;0.9999995455018;0.9999947658388509;0.9999999999999999;0.9999722821346696;0.9999775367443241;0.9999999999999999;1.0;0.9999993165325087;1.0001448914819377;0.9999721421593997;0.999993441021202;0.9999984073239976;0.9998365651989954;0.9997230041128299;0.9997080657153657;0.9997141668451481;0.9999957138531003;1.0;1.0;0.9995280877656526;0.9995095433856713;0.999500027346078;1.0001247510844236;0.9999999999999999;0.9999740737473145;0.999968411436321;1.0;1.024999976158142;
2016-08-02 01:45:00;0.9999916674568249;1.0;0.9999819011467321;0.9999959445766896;0.9999971940969958;1.0;1.0;0.9999938191735058;0.9999869718179613;0.9999988999370533;0.9999877442916192;0.9999963871658627;0.9999997742765714;0.9999955265007752;0.9999978388919609;0.9999995564629813;0.9999997486276292;0.9999970012417219;0.9999999999999999;0.9999832867559815;0.9999880784703866;1.0;1.0;0.9999997300735486;1.0001399187277982;0.999984638217989;0.9999963460489946;0.9999987713381527;0.9998571178651781;0.9997577746851343;0.9997289491987285;0.9997280963148271;0.9999970801170222;1.0;1.0;0.9995420376459915;0.9995232731875319;0.999513757017221;1.000120684488743;1.0;0.9999860500102126;0.9999802963435993;1.0;1.024999976158142;
2016-08-02 02:00:00;0.9999894674428389;1.0;0.9999805813662024;0.9999944243801975;0.9999972405060363;1.0;0.9999999999999999;0.9999947680267525;0.9999873217052443;0.9999991806101884;0.9999854539143673;0.9999963871658627;0.9999995267957054;0.9999963932739085;0.999998053397307;0.9999992715806985;0.9999996562795956;0.9999968454161753;1.0;0.9999814968710009;0.9999845566178086;1.0;0.9999999999999999;0.9999993984964156;1.0001379174488028;0.9999807049459967;0.9999954784600272;0.9999990259865829;0.9998780117424668;0.9997918844133673;0.9997606221562778;0.9997595918726723;0.9999972857091689;1.0;1.0;0.999594583178951;0.9995767212711568;0.9995683792074456;1.0001188292278822;1.0;0.9999821354231707;0.999979115462343;1.0;1.024999976158142;
2016-08-02 02:15:00;0.9999889201285;1.0;0.9999847396241097;0.9999944832770123;0.9999974620662545;1.0;1.0;0.9999969849842139;0.9999911758615453;0.9999992872436305;0.9999883796163629;0.9999962426106409;0.9999990326752995;0.9999975444273234;0.9999982536147455;0.9999994462126538;0.9999997724692578;0.9999965553168856;1.0;0.9999847387513559;0.999983235218966;1.0;0.9999999999999999;0.9999995263210109;1.0001368613411614;0.9999817298247909;0.999995731978483;0.999999296064463;0.9998846169986616;0.9997997336443172;0.9997675163914718;0.9997647892863478;0.9999980140111271;0.9999999999999999;1.0;0.9996010563131569;0.9995818325672342;0.9995723158393968;1.0001180086271257;0.9999999999999999;0.9999816574708301;0.9999838130415144;1.0;1.024999976158142;
2016-08-02 02:30:00;0.9999930827504795;1.0;0.9999894704431941;0.9999962521888714;0.999998483860693;1.0;0.9999999999999999;0.9999979443309185;0.9999938205973905;0.9999997279759286;0.9999914985154493;0.9999963119678947;0.9999995179771356;0.9999986634465872;0.9999991361806095;0.9999995143910183;0.9999997921516292;0.9999980596888096;1.0;0.999989535251952;0.9999895514415964;1.0;1.0;0.9999995462622665;1.000135414046997;0.9999876964802035;0.9999971436359553;0.9999996487654971;0.9998910341164773;0.9998061705346969;0.9997783471127999;0.9997763992666;0.9999987372668155;1.0;1.0;0.9996216061961897;0.9996035054546779;0.9995951631674366;1.0001168342513427;0.9999999999999999;0.9999881896605173;0.9999887831802423;1.0;1.024999976158142;
2016-08-02 02:45:00;0.9999936304546901;1.0;0.9999892461979081;0.9999965656802956;0.999998720899883;1.0;1.0;0.9999975280315122;0.9999936695703862;0.9999994445533616;0.9999916624172664;0.9999963871658627;0.9999997171039681;0.9999980314133926;0.9999985827668957;0.9999995050342267;0.9999997973005349;0.9999984882219796;1.0;0.9999898774996194;0.9999909161631162;1.0;1.0;0.9999996024990028;1.0001363087550603;0.9999888780951874;0.999997402240819;0.9999994410615455;0.9998767669465706;0.999787759455744;0.9997545433937031;0.9997508827830771;0.9999985573381031;1.0;0.9999999999999999;0.9995764782415566;0.999558323603786;0.9995496007187862;1.000117575075144;1.0;0.9999896156936949;0.9999887089945927;1.0;1.024999976158142;
2016-08-02 03:00:00;0.999989140686699;1.0;0.999985036211236;0.9999947327071502;0.9999978523961233;1.0;0.9999999999999999;0.9999969409224625;0.9999918359616713;0.9999988359770358;0.9999890000231881;0.9999963871658626;0.9999991648725914;0.9999968125685431;0.999997332478205;0.9999994444868573;0.9999998028290447;0.9999970651088465;0.9999999999999999;0.9999856752335827;0.9999843129371782;0.9999999999999999;1.0;0.999999620100651;1.0001366540984753;0.9999831401513541;0.999996038803474;0.9999990228885124;0.9998883085223164;0.9998048449523876;0.99977424870471;0.9997722714570123;0.9999978811620472;1.0;0.9999999999999999;0.9996146306565684;0.9995967683905431;0.9995884261595266;1.0001177805989987;1.0;0.9999830158351928;0.9999845126854365;0.9999999999999999;1.024999976158142;
2016-08-02 03:15:00;0.9999887111994781;1.0;0.999983338687949;0.9999943083282603;0.9999980627798251;1.0;0.9999999999999999;0.9999965279411372;0.9999910802733749;0.999998644096197;0.9999875099830239;0.9999962426106408;0.9999993383750141;0.9999963266181927;0.9999968000837856;0.9999992683518814;0.9999997435255787;0.9999974654549703;1.0;0.9999845160172751;0.9999842234287589;1.0;1.0;0.9999995003270932;1.0001364590848973;0.9999822434882338;0.9999958313434706;0.9999988699287112;0.999905608932152;0.9998307733726368;0.9997905942195594;0.9997832473488183;0.9999976404013091;1.0;0.9999999999999999;0.9996258766616031;0.99960665243835;0.9995971354742097;1.0001175007244996;1.0;0.9999826480487292;0.9999829344793664;1.0;1.024999976158142;
2016-08-02 03:30:00;0.9999934424014566;1.0;0.9999879931525616;0.9999965931981515;0.9999984263173949;1.0;1.0;0.9999967417899188;0.9999923844446605;0.9999993009421441;0.9999911687909352;0.999996311967895;0.9999997453868797;0.9999974546008766;0.9999983941777537;0.9999995454276472;0.9999997993422315;0.9999982135529202;1.0;0.9999888169745533;0.9999906852231941;1.0;1.0;0.9999996639987919;1.0001345509632997;0.9999884593276691;0.9999972857398429;0.999999282688847;0.9998999195617418;0.9998233551763857;0.9997826438292364;0.9997750069095069;0.999998252276954;1.0;0.9999999999999999;0.9996115799839876;0.9995925758719553;0.999583059041834;1.0001160644481837;1.0;0.9999892995937734;0.9999872507650595;1.0;1.024999976158142;
2016-08-02 03:45:00;0.9999925761130742;0.9999999999999999;0.9999882015689655;0.9999960032746771;0.999998285316725;1.0;1.0;0.9999974750295191;0.999992855544623;0.9999996568545251;0.9999906510745089;0.9999961674126931;0.9999995140166591;0.9999983430087099;0.9999990024920171;0.9999994857272274;0.9999997739176993;0.999997859581081;0.9999999999999999;0.9999883720992454;0.9999888301298258;1.0;1.0;0.999999529129557;1.0001358339098527;0.9999866964123687;0.9999969039378113;0.9999995626880088;0.9998930057767763;0.9998116768961818;0.999775375269898;0.999769852834795;0.9999985271955627;1.0;0.9999999999999999;0.9996058230972903;0.9995872644593219;0.9995789223076212;1.000117177119941;1.0;0.9999873157885716;0.9999873873227435;1.0;1.024999976158142;
2016-08-02 04:00:00;0.9999933602579034;1.0;0.9999906997623317;0.9999966651977822;0.9999983764358269;1.0;1.0;0.9999981266042124;0.9999944534359051;0.9999996637771664;0.9999928662372546;0.9999962426106409;0.9999994055847397;0.9999986434882058;0.9999991471917372;0.9999996717634994;0.9999998565993466;0.9999978189330528;1.0;0.9999905916362477;0.9999898046212491;0.9999999999999999;1.0;0.9999996999051246;1.0001354320812295;0.9999887794061759;0.9999973795853271;0.9999996273770035;0.9998882653253076;0.9998026295579189;0.9997699495623796;0.9997654269518881;0.9999988150644638;1.0;1.0;0.9995997036258808;0.999580772964552;0.9995716372286506;1.000116925295995;1.0;0.9999887808292585;0.9999900375667407;1.0;1.024999976158142;
2016-08-02 04:15:00;0.9999913152345423;1.0;0.9999863993166489;0.9999955144267796;0.9999983828146989;0.9999999999999999;1.0;0.9999970025477842;0.9999923601575484;0.9999990632947879;0.9999896933502564;0.9999963119678948;0.9999995381515406;0.9999971978710719;0.9999977460275525;0.9999993999103308;0.999999772916505;0.9999979769879569;1.0;0.9999872902856879;0.9999877567231683;1.0;1.0;0.9999995605345536;1.0001367026610657;0.9999857387684594;0.9999966570635359;0.9999991643895213;0.9998736275442454;0.9997825367304977;0.9997490561809619;0.9997450356653879;0.9999981077853387;1.0;0.9999999999999999;0.9995661312397819;0.9995480315027879;0.9995396896785097;1.0001178227500251;0.9999999999999999;0.9999863216113076;0.999985903790081;1.0;1.024999976158142;
2016-08-02 04:30:00;0.9999914456292487;1.0;0.9999856134630959;0.9999956886219618;0.9999984188003959;1.0;1.0;0.9999963798517989;0.9999917260301814;0.9999987527370516;0.9999895689617876;0.9999963119678947;0.9999996707873298;0.9999964298325873;0.9999971696898793;0.9999994089762502;0.9999997806711918;0.9999981355638575;0.9999999999999999;0.9999870130224338;0.9999884013351966;1.0;1.0;0.999999634314566;1.0001352862222208;0.9999862627101638;0.9999967582300402;0.9999989218158329;0.9998902047603137;0.9998088114857356;0.9997768266700077;0.9997743081329974;0.9999978256232255;1.0;1.0;0.9996172656936363;0.9995985545373577;0.9995894186389404;1.0001165726095045;1.0;0.9999870036899107;0.9999851695776131;1.0;1.024999976158142;
2016-08-02 04:45:00;0.9999881491324737;1.0;0.9999833843114388;0.9999937880930452;0.9999977247882665;0.9999999999999999;1.0;0.999997068500538;0.9999909593746149;0.9999992458319562;0.999986755517461;0.9999965317207387;0.9999991165226465;0.9999975170917528;0.9999979426627712;0.9999992244478453;0.9999997006052663;0.9999969283566965;1.0;0.9999836586582411;0.9999824576668085;0.9999999999999999;1.0;0.9999993325036456;1.0001367768606828;0.9999802178068872;0.9999953984582578;0.9999992787408597;0.9998883755377539;0.9998054980932163;0.9997740245711773;0.9997718351532713;0.9999979502193387;0.9999999999999999;1.0;0.9996135901136673;0.9995955755599802;0.9995864396887896;1.0001178141233298;1.0;0.9999805742426221;0.9999826320357786;0.9999999999999999;1.024999976158142;
2016-08-02 05:00:00;0.9999921607093724;1.0;0.9999902407739684;0.9999960501232964;0.999998353369043;1.0;1.0;0.9999985232559364;0.9999947690757244;0.9999996206284422;0.9999922558793901;0.9999963119678947;0.9999992389782371;0.999998750581876;0.9999989517670899;0.9999996003832997;0.9999998462045173;0.9999976381453046;0.9999999999999999;0.9999899953257536;0.999988004904625;0.9999999999999999;1.0;0.9999996342568496;1.0001360050664754;0.9999872439244686;0.9999970331366321;0.9999996387767032;0.9998722178461869;0.9997802002279316;0.9997363960408342;0.9997260549553667;0.9999988392291209;1.0;1.0;0.9995258029274758;0.9995083143597464;0.9995007664489423;1.0001173766083913;1.0;0.9999869922264033;0.9999897206930299;1.0;1.024999976158142;
2016-08-02 05:15:00;0.9999942274634462;1.0;0.9999918097644662;0.9999969385986256;0.9999989626769974;1.0;0.9999999999999999;0.999998578932612;0.9999956341542834;0.9999996026374903;0.999993426380226;0.9999962426106409;0.9999996021101691;0.9999987469160073;0.9999989063353216;0.9999995962880367;0.9999998476363705;0.9999986074087716;1.0;0.9999920369211153;0.9999915621855656;1.0;1.0;0.9999996581704154;1.0001378124273066;0.9999903806296473;0.9999977614549032;0.9999996331778008;0.99985828940817;0.9997615587644085;0.9997032805473818;0.9996857768699041;0.999998989728632;1.0;1.0;0.9994485884778269;0.9994293676640771;0.9994198523878134;1.000118934860481;1.0;0.9999906235767431;0.9999914937530787;1.0;1.024999976158142;
2016-08-02 05:30:00;0.9999919713853358;1.0;0.9999883525477191;0.9999956427404101;0.9999986114864796;1.0;0.9999999999999999;0.9999980082309755;0.9999938015496642;0.9999994929553546;0.9999904925639947;0.9999959535006977;0.9999994862450617;0.999998322004105;0.9999985270153106;0.9999993888516767;0.9999997670071923;0.9999981658373494;1.0;0.9999886959732445;0.9999882923192115;0.9999999999999999;0.9999999999999999;0.9999994721574549;1.0001397063107977;0.9999863779448537;0.9999968373229478;0.9999995141958964;0.9998399720421776;0.9997416620646268;0.9996864850651577;0.9996746373158144;0.9999985996272311;1.0;1.0;0.9994375111871027;0.9994170570082154;0.9994071292604044;1.0001204552814569;1.0;0.9999868802240361;0.9999879036427232;0.9999999999999999;1.024999976158142;
2016-08-02 05:45:00;0.999991490247928;1.0;0.9999856029686728;0.9999955589789173;0.9999985082569692;1.0;1.0;0.9999965484740777;0.9999918202765473;0.9999988793432729;0.9999892318231715;0.9999754741099861;0.9999996850376234;0.9999967059912265;0.9999973567039386;0.9999993479252582;0.9999997550698562;0.9999982632788502;1.0;0.9999869337973881;0.9999884203026633;1.0;1.0;0.9999995480160855;1.0001458090460593;0.9999859871675747;0.9999967060426822;0.9999990124815409;0.999799096684406;0.9996795289513882;0.9995989362645934;0.9995725846543371;0.9999979133127624;0.9999999999999999;1.0;0.9992468176354893;0.9991627048949708;0.9991543662864729;1.0001256532583185;1.0;0.9999868949735272;0.9999851581302474;1.0;1.024999976158142;
2016-08-02 06:00:00;0.9999911137096903;0.9999999999999999;0.9999869910742887;0.999995751973976;0.9999983778620605;1.0;0.9999999999999999;0.9999970302042861;0.9999929312144641;0.999998717760238;0.9999907592985491;0.9999685322783004;0.9999994301205836;0.9999966647819181;0.9999971555632782;0.9999995188824976;0.9999998397327053;0.9999978617454304;1.0;0.9999880631377425;0.9999877035502075;1.0;1.0;0.9999997222135968;1.0001475769149313;0.9999866059041753;0.9999968338728499;0.9999989609652153;0.999754629224119;0.9996307950809508;0.9995435086913614;0.999521726265475;0.9999980165310408;0.9999999999999999;1.0;0.999167528024414;0.9990608240641186;0.9990516930803252;1.000127252542809;1.0;0.9999866748851338;0.9999867055597136;0.9999999999999999;1.024999976158142;
2016-08-02 06:15:00;0.9999932810449754;0.9999999999999999;0.9999913085899084;0.9999965074763806;0.999998712582045;0.9999999999999999;1.0;0.9999987064398509;0.9999954496678681;0.9999996567875745;0.9999929557127006;0.9999583754055203;0.9999993815411328;0.9999988898709513;0.9999990047530692;0.9999995929381826;0.999999846159763;0.9999981765518945;0.9999999999999999;0.999991246032225;0.9999898830465404;0.9999999999999999;1.0;0.9999996146895825;1.00014873811059;0.9999889297048641;0.9999974285840624;0.9999996770558889;0.9997421969035258;0.9996172977774346;0.9995268926216243;0.9995058783863556;0.9999989843606618;1.0;1.0;0.9991420277023461;0.9990037588630266;0.9989954215810283;1.0001283869977193;1.0;0.9999889163932453;0.9999909181351236;1.0;1.024999976158142;
2016-08-02 06:30:00;0.9999946964089873;0.9999999999999999;0.9999908602627567;0.9999970165508635;0.9999988615302561;1.0;1.0;0.9999979755770707;0.9999944772725761;0.99999973023155;0.9999926507889091;0.9999602219894725;0.99999972786053;0.999998679990805;0.9999991769315978;0.9999995551420219;0.9999998071149511;0.9999986686746606;1.0;0.9999911944318851;0.9999922100312477;1.0;1.0;0.9999995863438156;1.0001472726171816;0.999990205520384;0.9999977240169813;0.9999996532922244;0.9997468526596831;0.9996234534438019;0.9995355572269385;0.9995153412971813;0.9999988603731892;1.0;1.0;0.9991589453026876;0.9990265578805694;0.9990182204082995;1.0001271106047929;1.0;0.9999909614021395;0.9999902798935567;1.0;1.024999976158142;
2016-08-02 06:45:00;0.9999916894790277;1.0;0.9999887204222486;0.9999954365707033;0.9999985713619531;1.0;1.0;0.9999984310912108;0.9999941943078242;0.9999996754575021;0.9999904529073061;0.9999503105947192;0.9999993292098459;0.9999987977869289;0.9999988483206412;0.9999993728922465;0.9999997604416478;0.9999980230033699;1.0;0.9999887301375202;0.9999875894156094;1.0;1.0;0.9999993947576025;1.000153485079143;0.9999857854083248;0.9999967121792326;0.999999662297325;0.999690886174099;0.9995394181125965;0.9994504405573871;0.9994300680659279;0.9999987664932191;1.0;1.0;0.9990160348495415;0.9988516663403488;0.9988425372681667;1.000132380114134;1.0;0.9999861510726834;0.9999882536244051;1.0;1.024999976158142;
2016-08-02 07:00:00;0.9999892214408552;1.0;0.999986420598855;0.9999948632404456;0.9999978721241958;1.0;1.0;0.9999975563655893;0.9999928839971746;0.9999989434575556;0.9999899855770912;0.9999553864709708;0.999998985322087;0.9999972548132061;0.9999975686648401;0.9999995152929093;0.9999998373300492;0.9999969423380112;1.0;0.9999867112925559;0.9999841712205711;1.0;1.0;0.9999996420337006;1.0001608955980397;0.9999836318245813;0.9999961573193613;0.9999991444857474;0.9995017933156002;0.9993442019527501;0.9992562410566178;0.9992782942383902;0.9999981243145859;1.0;1.0;0.9988190288478473;0.9986670736468781;0.9986531891054572;1.0001387911331978;0.9999999999999999;0.9999830981600591;0.9999859778154511;1.0;1.024999976158142;
2016-08-02 07:15:00;0.9999846299343991;1.0;0.9999740933336192;0.9999925090609331;0.9999971185988186;0.9999999999999999;0.9999999999999999;0.9999931391266376;0.9999850303336812;0.9999974307251948;0.9999818270218253;0.9999520351562613;0.9999993642347;0.9999929212563093;0.9999943967973882;0.9999990285601573;0.9999996494687363;0.9999966009189516;1.0;0.9999768967387905;0.9999794461439993;1.0;1.0;0.9999994585960383;1.0001686754911907;0.9999760465061791;0.9999943233190126;0.9999978273971786;0.9992971217544419;0.9991266311465105;0.999032699867019;0.9990934543576814;0.9999959055923162;1.0;1.0;0.9985607901994695;0.9983472768278067;0.9982671001239964;1.0001451251106623;1.0;0.9999771650637763;0.9999733780564551;1.0;1.024999976158142;
2016-08-02 07:30:00;0.999970118987259;1.0;0.9999609211299463;0.9999865016587087;0.9999941175241045;1.0;1.0;0.9999915220544672;0.9999791552610591;0.999995792868579;0.9999732362996933;0.9999590651457084;0.9999974784854804;0.9999896572850299;0.9999910932604528;0.9999988589203899;0.9999996586613691;0.9999917062430046;1.0;0.9999631926192358;0.999957536119748;1.0;0.9999999999999999;0.9999994690817142;1.0001697645251184;0.9999568947482241;0.9999898067417865;0.9999966896582131;0.9992987493434211;0.9991412721946655;0.9990642542775036;0.9991411359927668;0.9999939350159748;1.0;1.0;0.9986615343277482;0.9984738266579523;0.9983982904505008;1.0001458147908866;1.0;0.9999551555855183;0.9999600169675152;0.9999999999999999;1.024999976158142;
2016-08-02 07:45:00;0.9999563522837861;1.0;0.9999348549264981;0.9999805420352718;0.999996701238052;1.0;1.0;0.999983840898797;0.9999708728110139;0.9999877412234969;0.9999581773495569;0.9999615552978404;0.9999989342065386;0.9999736614765229;0.9999739595826617;0.9999972918849884;0.9999994615548549;0.9999957408033251;0.9999999999999999;0.999948403535122;0.9999493623151119;1.0;1.0;0.9999995597633987;1.0001790333413774;0.9999466857907556;0.9999871817793431;0.9999911404665398;0.9992958181629257;0.9991341816315945;0.9990409903945331;0.9991091643465763;0.9999880538800135;1.0;1.0;0.9985961682300473;0.9983956303843945;0.99829315030877;1.000152185713655;1.0;0.9999470757291776;0.9999382984566867;1.0;1.024999976158142;
2016-08-02 08:00:00;0.9999866911689181;1.0;0.9999823612416189;0.9999936926532947;0.9999983825579863;1.0;0.9999999999999999;0.9999966476818468;0.9999920007136038;0.9999976703568105;0.9999874347012383;0.9999555501313758;0.9999991704266834;0.9999948479736364;0.9999947579926978;0.9999992178744336;0.9999997985083365;0.9999976442651152;1.0;0.9999844253780098;0.9999824113413959;1.0;0.9999999999999999;0.9999996095865135;1.000164901617564;0.9999816331503487;0.9999956534750626;0.9999982989751359;0.9992470378053172;0.9990777663988317;0.9989713343935877;0.9990359432745555;0.9999972590374616;1.0;1.0;0.9984687749778002;0.9982548565605529;0.9981596765229258;1.000141968540624;1.0;0.999981368642405;0.9999827400582314;0.9999999999999999;1.024999976158142;
2016-08-02 08:15:00;0.9999885720913745;0.9999999999999999;0.9999799073887344;0.9999944487091462;0.9999981086351046;1.0;1.0;0.9999944733657719;0.9999885861960711;0.9999977188188367;0.9999861290081374;0.9999512041517147;0.9999996889447366;0.9999939584450953;0.9999950375576394;0.9999992145310547;0.9999997321956379;0.9999978958706978;1.0;0.9999826595182967;0.9999854042313746;1.0;1.0;0.9999996122399031;1.0001709373525494;0.9999826508312392;0.9999958702196609;0.9999981261248821;0.9991672394154644;0.9989646060295104;0.9988426374102459;0.9989013756017382;0.9999967007255717;1.0;1.0;0.9982362455291611;0.9980002170196122;0.9978941267135291;1.0001472019421112;1.0;0.9999837310615437;0.9999796006473728;1.0;1.024999976158142;
2016-08-02 08:30:00;0.9999856669182094;0.9999999999999999;0.9999768931765334;0.9999924132429081;0.9999985579888704;1.0;0.9999999999999999;0.9999951299302976;0.9999886347265018;0.9999975843663196;0.9999824246779533;0.9999434386155831;0.9999996134327026;0.9999940440967794;0.9999942337778296;0.999998725746313;0.999999589919222;0.9999983452243679;0.9999999999999999;0.9999799729581355;0.9999817360792576;1.0;1.0;0.9999991694147901;1.0001787375980897;0.9999779853783413;0.9999948300560879;0.9999981045716783;0.9990953638588187;0.9988513091092269;0.9987598873785051;0.9988342454567635;0.9999966223730082;1.0;1.0;0.9981461752949783;0.9978794028923672;0.9977652536770145;1.0001536730264728;1.0;0.9999795217520187;0.9999770854386799;1.0;1.024999976158142;
2016-08-02 08:45:00;0.9999863691099304;1.0;0.9999790556430265;0.9999934236135326;0.999997800579591;1.0;0.9999999999999999;0.9999950207109508;0.9999888088620122;0.9999977039569599;0.9999852019837188;0.999947321906577;0.9999992996669307;0.9999941800265573;0.9999949119939902;0.9999991619024582;0.9999997303628289;0.9999972139913093;1.0;0.9999813583932453;0.9999818228511884;1.0;1.0;0.999999541116743;1.0001777018308324;0.9999797085908299;0.9999951948367137;0.9999981674828943;0.999069095427288;0.9988208697507783;0.9987101239297362;0.998776958179005;0.99999671891842;0.9999999999999999;1.0;0.9980401043955542;0.9977936833994516;0.9976899909517559;1.0001530207393654;1.0;0.999980182362818;0.9999788263416569;1.0;1.024999976158142;
2016-08-02 09:00:00;0.9999839926625075;1.0;0.999975238185772;0.9999909896272005;0.9999984385609624;0.9999999999999999;0.9999999999999999;0.9999957766418321;0.9999881767096737;0.999998163151194;0.9999796700576802;0.9999447427508295;0.9999994417043429;0.9999952470811758;0.9999950800575955;0.9999984328971537;0.999999464729869;0.9999981047657172;1.0;0.9999776431154836;0.9999786466028403;1.0;1.0;0.9999987731615314;1.0001830284133923;0.9999738326352651;0.9999939224065869;0.9999985078776537;0.9989752649587409;0.9987207854002855;0.9986160773584436;0.9987059601377297;0.9999968512491487;1.0;1.0;0.9979526051355648;0.9976982730794647;0.997594897153664;1.0001572864397201;1.0;0.9999757542910771;0.9999752455350261;1.0;1.024999976158142;
2016-08-02 09:15:00;0.9999834012630759;1.0;0.9999740894400824;0.999991315136535;0.9999976090191771;1.0;1.0;0.9999945640996504;0.9999864476172461;0.9999977982692546;0.9999802121480716;0.9999520117351036;0.9999992638292963;0.9999941374945858;0.9999947192899261;0.9999987085421592;0.9999995519504419;0.9999970423443308;1.0;0.9999765146615717;0.9999775491689773;0.9999999999999999;1.0;0.9999990860891882;1.0001792802248077;0.9999735994149307;0.9999938157066769;0.9999981770276816;0.9990491297222183;0.9988132042760428;0.9987163847396882;0.9988023003211375;0.9999963522517312;1.0;1.0;0.9981080547134954;0.9978804291074361;0.9977819182658738;1.000154158402184;1.0;0.9999749290232766;0.9999737159321638;1.0;1.024999976158142;
2016-08-02 09:30:00;0.9999690732645135;1.0;0.9999501526941041;0.9999854514652167;0.999997272086329;1.0;1.0;0.9999873648776179;0.9999759816879992;0.9999920078946212;0.9999664911577454;0.9999467010641848;0.9999994688861057;0.9999818826151445;0.9999827251688409;0.9999977829796686;0.9999994332365426;0.9999969076461639;1.0;0.9999596275183341;0.9999636075056113;1.0;1.0;0.9999992662406758;1.0001889846777194;0.9999589369077272;0.9999901828932473;0.9999940332682846;0.9991142806683404;0.9988778886551365;0.9987909103047571;0.9988696841673226;0.9999913165402148;1.0;1.0;0.9982122084377768;0.9979594708110081;0.9978501650659608;1.0001614879733902;1.0;0.9999607529571564;0.9999517941854146;0.9999999999999999;1.024999976158142;
2016-08-02 09:45:00;0.9999767588705591;0.9999999999999999;0.9999545759660725;0.9999889759687004;0.9999939101699494;1.0;1.0;0.9999854817763604;0.999970009415816;0.9999960004536437;0.9999695615831458;0.999951358475433;0.9999992796664164;0.9999873152816355;0.9999919321143143;0.9999987338552122;0.9999994279642649;0.9999933235839501;1.0;0.9999591712301844;0.9999683830447039;1.0;1.0;0.9999993775469751;1.0001881732932136;0.9999613268998603;0.9999908000235863;0.9999962487617685;0.999012550536508;0.9987682279062826;0.9986847612661887;0.9987846132047442;0.9999924883053037;1.0;1.0;0.9980983793489843;0.9978648526104317;0.9977613542133146;1.0001617196130204;1.0;0.9999640520098234;0.9999518955204317;1.0;1.024999976158142;
2016-08-02 10:00:00;0.9999692864214961;1.0;0.9999338447632838;0.999985035730008;0.9999911888990043;1.0;1.0;0.9999777466880169;0.9999544808068876;0.9999947574397229;0.9999554090876259;0.9999465197981009;0.9999995213917675;0.9999820000816113;0.9999896298848396;0.9999981495585618;0.9999990879511986;0.9999909056645138;1.0;0.9999405724751586;0.9999582875428132;0.9999999999999999;0.9999999999999999;0.9999990005741684;1.0002016730076642;0.9999459053272939;0.9999871587897667;0.9999947656768197;0.9989126191951025;0.9986098162699978;0.9984805478572609;0.9985509148994497;0.9999890974564855;1.0;1.0;0.9976693421780165;0.997376081025335;0.9972147149750545;1.000172992333644;1.0;0.9999513097974858;0.9999292343225633;1.0;1.024999976158142;
2016-08-02 10:15:00;0.9999821296028405;1.0;0.9999698394261275;0.9999904637782663;0.9999978801310913;1.0;1.0;0.9999932052071783;0.9999843182288767;0.9999971035439004;0.9999771192976521;0.9999489764397713;0.9999995981980624;0.9999924480115832;0.9999931317662779;0.9999984032696393;0.9999994559784606;0.999997674975391;1.0;0.9999736389536609;0.999977012269661;1.0;1.0;0.9999989396369178;1.0001941141043686;0.9999716608048355;0.9999933482284623;0.99999763324943;0.9988869010330729;0.9985759216856357;0.9985422826801993;0.9986684821280516;0.9999955973528585;1.0;1.0;0.9979427847066239;0.9976889125935988;0.9975687282726793;1.000166760006803;1.0;0.9999739339488558;0.9999697111659591;1.0;1.024999976158142;
2016-08-02 10:30:00;0.9999850925334869;1.0;0.9999752054193292;0.9999924969647573;0.9999975296081475;0.9999999999999999;1.0;0.9999938686845239;0.9999862030576565;0.9999976185174914;0.9999820514684397;0.999947715974868;0.9999994202212219;0.9999935437111797;0.9999946350416966;0.9999989392918028;0.9999996255379819;0.9999970931320503;1.0;0.9999779159865934;0.9999801750756598;1.0;1.0;0.999999342135784;1.0001896836743411;0.9999765954447273;0.9999944765546156;0.9999980063925116;0.9988848927817959;0.998593612727907;0.9985560374924911;0.9986890859569688;0.999996218905231;1.0;1.0;0.9979853680929298;0.9977361800604041;0.9976272789830336;1.0001632626652515;1.0;0.9999778645454256;0.9999746942831872;0.9999999999999999;1.024999976158142;
2016-08-02 10:45:00;0.999981833118659;1.0;0.9999688163635596;0.9999911799021766;0.9999964623181592;1.0;1.0;0.9999915138991453;0.9999816721659223;0.9999969272759092;0.9999782727472671;0.9999418941194965;0.9999992608209607;0.9999914114215325;0.9999933582503057;0.9999988679936769;0.9999995829489523;0.9999958757306626;1.0;0.9999721981006474;0.9999757001925142;1.0;1.0;0.9999993731098394;1.0001939006418847;0.9999715254364004;0.9999932484171637;0.9999973742874445;0.9988397047595888;0.9985356131408227;0.9985123996305416;0.9986587765514192;0.9999950310069702;1.0;1.0;0.9979535230870814;0.9976872674354237;0.9975801150663377;1.0001668106261963;1.0;0.9999729397448;0.9999678502493813;0.9999999999999999;1.024999976158142;
2016-08-02 11:00:00;0.9999806391418583;0.9999999999999999;0.9999549678522635;0.9999906413763313;0.9999925701854709;1.0;1.0;0.9999837253661035;0.9999660723322621;0.9999975541148299;0.9999699130254408;0.9999371937576642;0.9999994629732829;0.999988972502913;0.999995554439059;0.9999990601443415;0.9999993817604319;0.9999921950106855;1.0;0.9999580974090039;0.9999717822943297;1.0;1.0;0.999999373447521;1.000201708653044;0.9999626976741123;0.9999911340279366;0.9999970163481945;0.9988585497602536;0.9985334882027544;0.9984732267720491;0.9985852339274712;0.999992665601056;1.0;1.0;0.9977860136813914;0.9975057402381744;0.9973996515465344;1.0001737699401578;1.0;0.9999665303898737;0.9999503372156364;1.0;1.024999976158142;
2016-08-02 11:15:00;0.999988343068113;1.0;0.9999804755391536;0.999993907014219;0.9999979646462945;1.0;1.0;0.9999953849495563;0.9999889556481482;0.9999985055986051;0.9999853354140437;0.9999438753671837;0.9999994984639251;0.999995605237943;0.9999964670172661;0.9999991104997774;0.999999665685395;0.9999976109422536;1.0;0.9999822143916044;0.999984069826775;1.0;1.0;0.9999993494703987;1.0001886475330644;0.9999807899696315;0.9999954910749462;0.999998679632877;0.9989502178347048;0.998661336702834;0.9986044981364578;0.9987124009540547;0.9999971955563588;1.0;0.9999999999999999;0.9979914530523664;0.9977317880410717;0.9976250620824375;1.0001625414679256;1.0;0.9999819931891744;0.9999798663053915;1.0;1.024999976158142;
2016-08-02 11:30:00;0.999983712013332;1.0;0.9999737106720066;0.9999915603793432;0.9999974647025964;1.0;1.0;0.9999940623441249;0.9999857620823042;0.9999977341916161;0.9999802759607116;0.9999480340982808;0.9999993152082856;0.99999380934679;0.9999946741380309;0.9999987619222279;0.9999995612186064;0.9999969485864377;0.9999999999999999;0.9999762699314265;0.999978034505359;1.0;1.0;0.9999991470596773;1.0001889246450508;0.9999739805698683;0.9999938898123011;0.9999980936848706;0.9989789543212086;0.9987004688661764;0.9986443918541877;0.9987513464380913;0.9999961944588838;1.0;1.0;0.9980551251031657;0.9978084041504498;0.9977014175764349;1.0001625226117212;1.0;0.9999754006618523;0.9999731965360703;1.0;1.024999976158142;
2016-08-02 11:45:00;0.9999709925759499;1.0;0.9999545438728019;0.9999827933349764;0.9999976173038453;1.0;1.0;0.9999931346108486;0.999978721004121;0.9999973719650984;0.9999608401380825;0.9999412407644712;0.9999991808047566;0.9999928511655743;0.9999921143421884;0.9999967841855075;0.9999988699653813;0.9999972313863401;1.0;0.999958518165993;0.9999610231201236;1.0;1.0;0.9999973240639478;1.0001997778561746;0.9999504989434612;0.9999885765072394;0.9999977782002373;0.9989194914291961;0.9986073654388389;0.9985570425591375;0.9986668718636635;0.9999947110625361;1.0;1.0;0.9979195412138309;0.9976511299063002;0.9975438536076391;1.0001708327874628;1.0;0.9999549883757491;0.9999544999394585;1.0;1.024999976158142;
2016-08-02 12:00:00;0.9999785524482371;1.0;0.999967005225075;0.9999871794213012;0.9999980732316699;1.0;1.0;0.9999953502212625;0.9999845138089274;0.9999984334461486;0.9999711164012084;0.9999361530458467;0.9999992367895267;0.9999954950353688;0.9999949105709137;0.9999976399795982;0.9999991562956758;0.9999976689689154;1.0;0.9999693752336257;0.9999705984157964;0.9999999999999999;1.0;0.9999979436836286;1.0001958260886328;0.9999628342585248;0.9999914422684315;0.9999986237093484;0.9989551387058678;0.9986534132712281;0.9985744812762191;0.998663683362007;0.9999963395569835;1.0;1.0;0.9978852670025359;0.997600650655765;0.9974932203850548;1.0001679673183421;1.0;0.9999660464305253;0.9999667854906306;1.0;1.024999976158142;
2016-08-02 12:15:00;0.9999799254290977;1.0;0.9999676190824484;0.9999891727960627;0.9999969884359005;1.0;1.0;0.9999932082237137;0.9999826213479603;0.9999976844069406;0.9999747150748783;0.9999344379513828;0.9999991456012389;0.9999933626941502;0.9999942352056359;0.9999983229880388;0.999999386806971;0.9999963942392476;1.0;0.9999703416891725;0.9999725308119072;0.9999999999999999;1.0;0.9999987059211947;1.0001991121553018;0.9999667602371672;0.9999922414324278;0.9999979801787496;0.9988860686001725;0.9985590523875529;0.998504860081605;0.9986125730844918;0.9999956056090542;1.0;1.0;0.997825986205413;0.9975320173797204;0.9974194635531521;1.0001711004542482;1.0;0.9999688993367561;0.9999668667621351;1.0;1.024999976158142;
2016-08-02 12:30:00;0.999980432948921;1.0;0.9999700859959588;0.9999893870841304;0.9999973679104536;1.0;1.0;0.9999944168325933;0.9999847682831207;0.9999978668719359;0.9999761583270467;0.9999360375449401;0.9999990647626598;0.9999941850140747;0.9999945209288977;0.9999983448124203;0.9999994159443735;0.9999966909459315;1.0;0.9999724564696346;0.99997314137569;0.9999999999999999;1.0;0.9999986991909279;1.0002016400932523;0.9999680331964202;0.9999925548792007;0.9999982023227646;0.998906919399807;0.9985858308660723;0.9985292010283103;0.998634247050428;0.9999960840855233;1.0;1.0;0.9978607545204699;0.9975693388618693;0.997453536468688;1.0001733126326193;1.0;0.9999698001583702;0.9999696367383819;1.0;1.024999976158142;
2016-08-02 12:45:00;0.9999790725258589;1.0;0.999967103458548;0.999988779814168;0.9999971041026432;1.0;0.9999999999999999;0.9999933526828393;0.9999828997084456;0.9999974451515715;0.9999743105570976;0.9999418941194966;0.9999991109114325;0.9999930557758648;0.9999936859565829;0.9999982606065742;0.9999993857504478;0.9999964593473002;0.9999999999999999;0.9999700333392983;0.9999715879202725;1.0;1.0;0.9999986977352685;1.0002015539894296;0.9999660352564276;0.9999920715184248;0.9999978488189952;0.9988022760969821;0.9984776749879963;0.9984301525543676;0.9985625768739447;0.9999955237401228;1.0;0.9999999999999999;0.9977763908673805;0.9975031877337837;0.9973869586673295;1.0001731538538523;1.0;0.999968031406188;0.9999665921307284;0.9999999999999999;1.024999976158142;
2016-08-02 13:00:00;0.9999656553806336;1.0;0.9999464071884582;0.9999834237151722;0.9999979434505462;1.0;1.0;0.9999876083217754;0.9999760830046671;0.9999911985079263;0.9999629233491083;0.9999369046812001;0.9999994585326603;0.9999807315218848;0.9999806081567463;0.9999972979263357;0.9999993276088937;0.9999976403051861;1.0;0.9999570079760435;0.9999600698332949;1.0;1.0;0.999998948058702;1.0002155480746995;0.999954856705732;0.9999892485914631;0.9999935667538971;0.9988195464175997;0.9984810953663796;0.9984280523037385;0.9985497869194299;0.9999908806122673;1.0;1.0;0.9977442727691098;0.9974401764974741;0.9973042879246553;1.0001841191769127;1.0;0.9999569708611072;0.999948944020511;1.0;1.024999976158142;
2016-08-02 13:15:00;0.9999730617111128;1.0;0.9999555710377381;0.9999860189283493;0.9999965671739164;1.0;1.0;0.9999898012033311;0.9999767836873502;0.9999954777020752;0.9999669606666884;0.9999375580248412;0.9999992219536028;0.9999884043014184;0.9999895600863064;0.9999977936087874;0.99999926070045;0.999996061794561;1.0;0.9999610898864288;0.9999651502471232;1.0;1.0;0.999998606056111;1.0002086065956122;0.9999581489987032;0.9999901607922266;0.999996337123127;0.9988273551967223;0.9984885851506528;0.998436871737906;0.9985557235596572;0.9999933623933268;1.0;1.0;0.9977485576398967;0.9974451953005405;0.9973075754215447;1.0001788181760842;1.0;0.9999609205819476;0.9999553634222644;0.9999999999999999;1.024999976158142;
2016-08-02 13:30:00;0.9999816046337777;1.0;0.9999704538851397;0.9999901476029736;0.9999970869551359;1.0;0.9999999999999999;0.9999937417076435;0.9999839614707337;0.9999979315138475;0.9999770324805124;0.9999377025663019;0.9999991575717762;0.9999939841536416;0.9999948702005407;0.9999985124406982;0.9999994507424176;0.999996477302324;1.0;0.9999727995920669;0.9999746425115194;1.0;1.0;0.9999988483703763;1.0001968889722042;0.9999695071448297;0.9999928751354002;0.9999981792948033;0.9987259959355831;0.9984098289427128;0.9983650719270017;0.9985196854535734;0.9999959792050468;0.9999999999999999;1.0;0.9977321255651024;0.9974460695318524;0.9973303550108685;1.000169301725538;0.9999999999999999;0.9999713432170041;0.9999696681084207;1.0;1.024999976158142;
2016-08-02 13:45:00;0.9999863689660219;1.0;0.9999749412045208;0.9999927225759063;0.9999974258016823;1.0;1.0;0.9999935240588886;0.9999850803342645;0.9999982219344722;0.9999812517161568;0.9999495546088306;0.9999996280891524;0.9999943345931783;0.9999958174244525;0.9999988743506625;0.9999995506804895;0.9999972130374206;1.0;0.999977333077081;0.9999815282109383;1.0;1.0;0.9999991803284568;1.0001910835321275;0.999976585219207;0.9999945007521474;0.9999983363317941;0.9987657812541535;0.9984738986956683;0.9984379923841824;0.9985992982946916;0.999996352302181;1.0;1.0;0.9978738847513473;0.9976290687720493;0.9975182663204638;1.0001645025936257;1.0;0.9999786673315949;0.9999739260782681;1.0;1.024999976158142;
2016-08-02 14:00:00;0.9999811650633766;1.0;0.9999677816283773;0.9999895095451623;0.9999976593377329;1.0;1.0;0.9999931132608616;0.9999829709567714;0.9999975575889576;0.999974585492001;0.9999619099025219;0.9999995966988213;0.9999931130238813;0.9999938234718961;0.999998178325147;0.9999993434485223;0.9999974664823691;1.0;0.9999712223451589;0.999975137241324;0.9999999999999999;1.0;0.9999986538357813;1.000188982750893;0.9999685119109474;0.9999926508748718;0.9999978979299077;0.9989039690129256;0.9986050267729666;0.9985809008754293;0.9987136541754821;0.999995595329722;1.0;1.0;0.9980268908346164;0.997813104978192;0.9976918543968508;1.0001622504831356;0.9999999999999999;0.9999713801016247;0.9999673198300801;1.0;1.024999976158142;
2016-08-02 14:15:00;0.9999819970558366;1.0;0.9999731022470201;0.9999906762476148;0.9999972372431201;0.9999999999999999;0.9999999999999999;0.9999946268784397;0.9999859789281101;0.9999978405525441;0.999979380879268;0.9999661768378404;0.9999990421866591;0.9999942273403134;0.9999947736438797;0.9999986927907838;0.999999545651631;0.9999964284836099;0.9999999999999999;0.9999751893640175;0.9999751319797383;1.0;1.0;0.9999990625585801;1.000186946367054;0.999971435300508;0.9999933136158018;0.9999982096436915;0.9989574481580145;0.9986647157433053;0.9986362030129566;0.9987567865924888;0.9999962817419176;1.0;1.0;0.9980830250583658;0.9978729649206022;0.9977390133485781;1.0001607841819762;1.0;0.9999724465334352;0.9999726164166501;1.0;1.024999976158142;
2016-08-02 14:30:00;0.9999829935569483;1.0;0.999973197835734;0.9999913521981828;0.9999965693569082;0.9999999999999999;1.0;0.9999938159167797;0.9999844921286279;0.9999981724557124;0.9999799974710345;0.9999695706784002;0.9999990187895546;0.9999943866947824;0.9999957308605709;0.9999989118191963;0.9999995754298536;0.9999957131950898;1.0;0.9999748056444407;0.9999758044750995;1.0;1.0;0.9999991988299716;1.000185978810269;0.9999720072940813;0.9999934342201705;0.9999983335978733;0.9989710418193978;0.9986904747792377;0.9986748396371485;0.9988054735434957;0.9999962070064304;1.0;1.0;0.9981782971045171;0.9979796775074808;0.9978466506604601;1.0001601006574015;1.0;0.9999730250237592;0.999972036622805;1.0;1.024999976158142;
2016-08-02 14:45:00;0.9999889487196566;1.0;0.9999819455522713;0.9999943866411866;0.9999980631484369;1.0;0.9999999999999999;0.9999956824436335;0.9999898700613883;0.9999984538451879;0.9999867272091081;0.9999710161587761;0.9999995237493846;0.9999956518687008;0.9999964399026207;0.9999992231685048;0.9999997173114842;0.9999976696220508;1.0;0.9999836340156317;0.9999849639700511;1.0;1.0;0.9999994920012596;1.000179994105441;0.99998232216516;0.9999958377560817;0.9999986776242248;0.9990118059724944;0.9987373939852163;0.9987091145752526;0.9988247832734894;0.9999973260708588;1.0;1.0;0.9981891783540606;0.9979953341096771;0.9978625701796625;1.0001551098324677;0.9999999999999999;0.9999832003947094;0.999981454723194;1.0;1.024999976158142;
2016-08-02 15:00:00;0.9999819379425752;1.0;0.9999724888329296;0.999990659178634;0.9999972754532754;1.0;0.9999999999999999;0.9999943116665221;0.9999856004330838;0.999997686582908;0.9999790710037894;0.9999712357999117;0.9999991245398625;0.9999938438271837;0.9999944596873496;0.9999986682458597;0.9999995392138072;0.9999965403169631;0.9999999999999999;0.9999748569536384;0.9999753018235129;1.0;0.9999999999999999;0.9999990758809094;1.0001825458584526;0.9999714393841912;0.9999933083285367;0.9999980887227656;0.9989829526923721;0.9987018859872083;0.998683737557888;0.9988092011906489;0.9999961290930415;1.0;1.0;0.9981758819534343;0.99798151678586;0.9978471703694097;1.0001569506647967;1.0;0.999972588195246;0.9999720390929605;1.0;1.024999976158142;
2016-08-02 15:15:00;0.9999735886688047;0.9999999999999999;0.999958260649761;0.9999878142266846;0.9999970407543579;1.0;1.0;0.9999892751920839;0.999979256820123;0.9999935237474064;0.9999722729120218;0.9999711607091778;0.9999993045914273;0.9999850847582792;0.9999861094480926;0.9999983097162012;0.9999995653212985;0.9999964326655184;1.0;0.9999655582632674;0.9999679733039543;1.0;1.0;0.9999995027981256;1.0001870202826055;0.9999646541712035;0.9999915378131919;0.9999951255216112;0.9990069768439545;0.9987279077818518;0.9987080720499405;0.9988291041207611;0.9999927177760408;1.0;1.0;0.9982026693437241;0.9980178468943456;0.9978962193768395;1.0001602177611026;1.0;0.9999656527249321;0.9999592404777312;1.0;1.024999976158142;
2016-08-02 15:30:00;0.999942840782332;1.0;0.9998954927359365;0.9999743346010451;0.9999909979255834;1.0;1.0;0.99996754341068;0.9999400497000305;0.9999845259341736;0.9999336619328374;0.9999710912494899;0.9999994638480982;0.9999616315042699;0.9999686638730415;0.9999966318732716;0.9999989791661028;0.9999905737568752;0.9999999999999999;0.9999135750514623;0.9999315686864001;1.0;1.0;0.9999994188296994;1.0002075095992427;0.9999201182040296;0.9999808770746329;0.9999876327604575;0.99901020711424;0.9987301395493691;0.9986927614273118;0.9988070103786073;0.9999809864871241;1.0;1.0;0.9981563405165207;0.9979760215162891;0.9978605295554369;1.0001761976839239;1.0;0.9999249264330075;0.9998950422722308;1.0;1.024999976158142;
2016-08-02 15:45:00;0.9999596128945875;0.9999999999999999;0.9999246348795149;0.9999816586187676;0.9999934625151301;0.9999999999999999;1.0;0.9999764877060661;0.9999563414538706;0.9999892635121082;0.9999517427353114;0.9999712357999117;0.999999710103995;0.999972838533084;0.9999779937696627;0.9999975117041799;0.9999992179259188;0.9999932696605757;1.0;0.9999376072719776;0.9999515948507722;1.0;1.0;0.9999994696580599;1.000196115698924;0.9999426105483037;0.9999862247508343;0.9999913546600027;0.9990313651884405;0.998758476749447;0.9987343827103334;0.9988524716858154;0.9999863896374792;0.9999999999999999;1.0;0.9982374889706632;0.9980622952823538;0.9979528820241738;1.0001672728949162;1.0;0.9999465235259322;0.9999241005042783;1.0;1.024999976158142;
2016-08-02 16:00:00;0.9999619220451612;1.0;0.9999337416857983;0.9999818446180958;0.9999942797965444;1.0;1.0;0.9999815932847412;0.9999632144094327;0.9999915316640207;0.9999551043972742;0.9999711607091779;0.9999992417088139;0.999978622944814;0.9999820123724247;0.9999974422592698;0.9999991809144321;0.9999936824739494;0.9999999999999999;0.9999437137689124;0.9999524936124184;1.0;1.0;0.9999989866498976;1.0001920659777837;0.9999442133358388;0.9999867237985406;0.9999931976150964;0.9990308828674793;0.9987692257167163;0.9987461099678177;0.9988694701656426;0.9999888167265255;1.0;1.0;0.998272648534667;0.998096616657627;0.9979864267051219;1.0001639500258888;0.9999999999999999;0.9999474773811402;0.9999333478656185;1.0;1.024999976158142;
2016-08-02 16:15:00;0.9999605483529984;1.0;0.9999375335593126;0.9999811848032883;0.9999968667592917;1.0;1.0;0.9999848738529812;0.9999707304045652;0.9999900690749585;0.9999573053589395;0.9999714498039496;0.9999993473005155;0.9999777370392313;0.9999782959019112;0.9999970620684538;0.9999992486028632;0.999996379724896;1.0;0.999949330214855;0.9999534532556273;1.0;1.0;0.99999895174501;1.000192548623207;0.9999474629264;0.9999874659324627;0.999992638611058;0.9989581872414018;0.9986609066163449;0.9986451122490372;0.9987719333770102;0.9999892871683623;1.0;0.9999999999999999;0.9981144079184031;0.9979382943476297;0.9978267899450745;1.0001639960110762;0.9999999999999999;0.9999497772972192;0.9999398447958274;1.0;1.024999976158142;
2016-08-02 16:30:00;0.9999741095591607;1.0;0.9999557875831829;0.9999874532529316;0.9999966751608508;0.9999999999999999;1.0;0.9999883140809792;0.9999765056305938;0.9999942239316755;0.9999695363062444;0.9999720278955978;0.9999995397079057;0.9999857595731331;0.9999874244924747;0.9999981168791624;0.9999994212322405;0.9999963413661942;1.0;0.9999627979268583;0.9999681127379855;1.0;1.0;0.9999991979735915;1.0001857217819035;0.9999625036886606;0.9999910740395761;0.9999954545883628;0.9989992929415185;0.9987207672283187;0.9987356279621215;0.9988786329734107;0.9999926218389142;0.9999999999999999;1.0;0.9983149051792176;0.9981866517657709;0.9981350162219047;1.000159071873312;0.9999999999999999;0.9999647811786763;0.9999559856944649;1.0;1.024999976158142;
2016-08-02 16:45:00;0.9999837598060879;1.0;0.9999735354361433;0.9999913119476312;0.9999981113653434;1.0;1.0;0.9999943850003585;0.9999865381937851;0.9999975404342805;0.9999796686468438;0.9999713052565442;0.9999995689329262;0.9999936485149483;0.9999940534902365;0.999998561219258;0.9999995143077435;0.9999978265650497;1.0;0.9999766686118927;0.9999788553557475;0.9999999999999999;1.0;0.9999990339956821;1.00017650269637;0.9999742973124441;0.9999939760700649;0.9999980075695593;0.9990393293515383;0.998788269291212;0.998802451901306;0.9989473544526267;0.9999962233722954;1.0;1.0;0.9984313550155023;0.9983206994587872;0.9982949307033401;1.0001516528159997;1.0;0.9999761421715921;0.9999734665325295;1.0;1.024999976158142;
2016-08-02 17:00:00;0.9999828795184507;1.0;0.9999688295404485;0.9999911074352911;0.9999961407270082;0.9999999999999999;1.0;0.9999916092264058;0.9999805940253067;0.9999979886959731;0.9999770918492873;0.9999690676828847;0.9999993664047192;0.9999931325198946;0.9999954459095741;0.999998782913282;0.9999994799394161;0.999995644520432;1.0;0.9999712083785463;0.9999760152134906;1.0;1.0;0.9999991163228472;1.0001798952232153;0.9999702892019108;0.9999930173116132;0.9999980146467792;0.9990472303779363;0.9987790427474815;0.998787422550571;0.9989194565371986;0.9999954354125375;1.0;1.0;0.998367794553361;0.9982494539246456;0.9982228944534154;1.0001547651503488;1.0;0.999972489290458;0.9999671040775091;1.0;1.024999976158142;
2016-08-02 17:15:00;0.9999819322639402;1.0;0.9999709533647265;0.9999908041560439;0.9999975551763204;1.0;1.0;0.9999933487813137;0.9999848293953966;0.9999969859725558;0.9999786437562365;0.9999741961259226;0.9999993998100792;0.9999923150864097;0.9999930683456438;0.9999986194353551;0.9999995446125292;0.999997078882366;1.0;0.9999744557467443;0.9999764185891;0.9999999999999999;1.0;0.9999991773414081;1.0001794844281893;0.9999723205642566;0.9999934754505737;0.99999758037102;0.9990473518911369;0.998774692479026;0.9987948171770786;0.9989313152668329;0.9999956113604146;1.0;1.0;0.9983943194336969;0.9982916804335381;0.9982644325257771;1.0001542085988424;1.0;0.9999737936053034;0.999970806523403;1.0;1.024999976158142;
2016-08-02 17:30:00;0.9999791546887157;1.0;0.9999672851609843;0.9999896405213982;0.9999959233455392;0.9999999999999999;1.0;0.9999922293738411;0.9999812907146092;0.9999973525901112;0.9999761521181619;0.9999891596707225;0.9999988572686446;0.9999924008492544;0.9999940243445095;0.9999987230279604;0.9999995224249542;0.9999948940079492;1.0;0.9999696869488688;0.999970830488149;0.9999999999999999;1.0;0.9999991643841544;1.0001723734730767;0.9999666858123953;0.9999921614498187;0.9999976941018943;0.9991408332795302;0.9989171246210217;0.9989357912418138;0.9990725593281505;0.999995186993591;1.0;1.0;0.9986299081729149;0.9985756389519462;0.9985497040347545;1.000148158902501;1.0;0.9999677151547126;0.9999661002258287;1.0;1.024999976158142;
2016-08-02 17:45:00;0.9999716919589008;1.0;0.9999633318280926;0.9999862449621142;0.9999942666330518;1.0;1.0;0.9999932901835865;0.9999802888738792;0.9999975095419997;0.9999725061034584;0.9999871359304782;0.9999974980846073;0.9999931318284278;0.9999942041382419;0.999998644934559;0.9999995131861196;0.9999919059097395;1.0;0.9999638741156176;0.9999581156248908;1.0;1.0;0.999998971732527;1.0001753776321614;0.9999558135099207;0.9999896591519752;0.9999978822820463;0.999102010179253;0.9988575835900746;0.9988799994202776;0.9990183425400793;0.9999950689165736;1.0;1.0;0.9985411744860304;0.9984811126108285;0.998455972890106;1.0001507283251856;0.9999999999999999;0.9999548809766712;0.9999618552163997;1.0;1.024999976158142;
2016-08-02 18:00:00;0.9999809965971318;1.0;0.9999728500114807;0.9999902700155173;0.9999965526357513;1.0;1.0;0.9999947757079775;0.9999853942596756;0.9999982216850025;0.9999790735205479;0.9999886508144488;0.9999987117817593;0.9999948968535533;0.999995634211661;0.9999987835704593;0.999999554143572;0.9999953915308092;1.0;0.9999740356810206;0.9999726539194058;1.0;1.0;0.9999990637899081;1.0001711422859523;0.9999693334908892;0.9999928360070509;0.9999984504381471;0.9991476361607053;0.9989073446600699;0.9989481404228217;0.9990877752302902;0.9999963879329336;1.0;1.0;0.9986590092677722;0.9986047867462885;0.9985810085787405;1.0001472051722686;1.0;0.9999698764942939;0.9999719295686768;1.0;1.024999976158142;
2016-08-02 18:15:00;0.9999768283155409;1.0;0.9999712673998522;0.999988784243066;0.9999960703404214;0.9999999999999999;1.0;0.9999953071683728;0.9999859653329789;0.9999975068861867;0.9999784309565798;0.9999878586936526;0.999998039566606;0.9999940141558146;0.9999941769224292;0.9999988151880185;0.999999630591482;0.9999942212699067;0.9999999999999999;0.9999723172495002;0.9999666349759687;1.0;1.0;0.9999991880141879;1.0001732403681447;0.9999653916729124;0.9999918913200505;0.999998071078163;0.9990974111932427;0.9988615696751207;0.9989007704726278;0.9990535062449566;0.999996080928855;1.0;1.0;0.9986189023883083;0.9985618568719303;0.9985376675027673;1.0001489598152178;1.0;0.9999644053177793;0.9999708131025283;1.0;1.024999976158142;
2016-08-02 18:30:00;0.9999586323681037;1.0;0.99996160386964;0.9999811534528977;0.9999909189912006;1.0;1.0;0.9999969046851369;0.9999818989917616;0.9999979180428246;0.9999708623289657;0.9999908942064041;0.9999944263751086;0.9999954077468926;0.9999951534532903;0.9999990154288533;0.9999997136419764;0.9999854740425088;1.0;0.9999575087491014;0.9999346996708292;1.0;1.0;0.9999990572797766;1.0001729292607724;0.9999389976581297;0.9999857723314719;0.9999984547327307;0.9992302729843434;0.9990029447869705;0.9990169389812154;0.9991288728574509;0.9999955337959128;1.0;1.0;0.9986895250100271;0.998644844159708;0.9986242365423528;1.0001488365195608;1.0;0.9999324530386395;0.9999597451098503;1.0;1.024999976158142;
2016-08-02 18:45:00;0.9999684320764127;1.0;0.9999592893877063;0.9999847911481603;0.9999921327720457;1.0;1.0;0.9999921760594739;0.9999760412181197;0.9999982601306524;0.9999694797264626;0.9999909636670982;0.9999967434283872;0.9999938434709185;0.9999960181935021;0.9999987857071864;0.9999994753731801;0.9999890257184543;0.9999999999999999;0.9999580417403068;0.9999510243227747;1.0;1.0;0.9999988961959153;1.0001722283422447;0.999948557740848;0.9999879799157418;0.9999982204011435;0.999229009645529;0.9989971800423878;0.9990261550884907;0.9991447188164009;0.9999947387457165;1.0;1.0;0.9987250841682699;0.9986812313631325;0.9986614156025164;1.0001481658827356;1.0;0.9999470711861331;0.999956357806759;1.0;1.024999976158142;
2016-08-02 19:00:00;0.9999774925265799;1.0;0.9999680176447286;0.9999885812696886;0.9999967120244784;1.0;1.0;0.9999939259103366;0.9999839891291573;0.9999971292201093;0.9999757066847241;0.9999908191129413;0.9999987065655765;0.9999928081018774;0.9999931811682685;0.999998465174934;0.999999496298698;0.9999955584998576;1.0;0.9999705486488584;0.9999689960354055;1.0;1.0;0.9999989658827099;1.0001689327705312;0.9999654238084733;0.9999918985051376;0.9999977161245005;0.9991752564505239;0.9989521280342635;0.998984428434658;0.9991206675309356;0.9999955296169352;1.0;1.0;0.9987081965555688;0.9986629597304383;0.998641939172543;1.0001450158600182;1.0;0.999966086716587;0.999967712549724;1.0;1.024999976158142;
2016-08-02 19:15:00;0.9999646573600844;1.0;0.9999462299327899;0.9999838517932624;0.9999971548700808;1.0;1.0;0.9999867972524765;0.9999754055427468;0.9999905672824339;0.999964617050277;0.9999917714281695;0.9999992133429345;0.9999793809682954;0.9999797613193636;0.9999976728908827;0.9999994801345087;0.999996445663955;1.0;0.9999568565780645;0.999958515666778;0.9999999999999999;1.0;0.999999447050938;1.0001793130695993;0.9999552384754723;0.9999892722031632;0.9999931154667329;0.9992468196722037;0.9989934187540824;0.9990353177508647;0.9991483217236625;0.9999904150629804;1.0;1.0;0.9987243747364959;0.9986818643477372;0.9986604630588191;1.0001529164359444;1.0;0.9999561230346714;0.9999486546536749;1.0;1.024999976158142;
2016-08-02 19:30:00;0.9999858875858763;0.9999999999999999;0.9999781178202961;0.9999930436325135;0.9999983325555026;1.0;0.9999999999999999;0.9999950251535731;0.9999891345429015;0.9999972880879874;0.9999843355213587;0.9999915951184059;0.9999995375153886;0.999993528967409;0.9999938847110035;0.9999989777553044;0.9999996958608502;0.9999979374652102;1.0;0.9999811851823454;0.999982036461212;0.9999999999999999;1.0;0.9999994873048793;1.0001675565008286;0.9999795808130351;0.9999951640885544;0.9999979187953744;0.9992602523616045;0.99899156675936;0.9990032820310656;0.9990855425532862;0.9999965468577313;1.0;1.0;0.9985779591113869;0.9985352073813913;0.998514189512517;1.000144105718389;1.0;0.9999803712552647;0.9999783599187476;1.0;1.024999976158142;
2016-08-02 19:45:00;0.9999667458638417;1.0;0.9999486192798679;0.9999842141075072;0.9999965458217338;1.0;0.9999999999999999;0.9999877130124638;0.9999751460728071;0.999992421355487;0.9999647232711645;0.9999917687011154;0.999999074140104;0.9999826794508198;0.9999834604217172;0.9999977224333687;0.9999993932867031;0.9999957370627827;1.0;0.9999571247376583;0.9999591571955868;1.0;1.0;0.9999991393889449;1.0001724054918617;0.999954598168777;0.9999891936069898;0.999994314656806;0.9994098906548867;0.9991581257081418;0.9991880920474235;0.999256272358191;0.9999913753802552;1.0;1.0;0.9988448780652248;0.9988032742181544;0.9987830437114033;1.0001471588862134;1.0;0.9999559920847507;0.9999498903954341;1.0;1.024999976158142;
2016-08-02 20:00:00;0.9999609634494144;1.0;0.9999418348710158;0.9999819530779056;0.9999978131679734;0.9999999999999999;1.0;0.9999865102150628;0.9999751427376499;0.9999892953692776;0.9999612593328854;0.9999916703148166;0.9999992738962249;0.9999772728141714;0.9999768122744848;0.9999972435172582;0.9999994113954979;0.999997186761811;1.0;0.9999540918891361;0.9999550730500953;1.0;1.0;0.9999992840203586;1.0001734539915723;0.9999516187047524;0.9999884200354848;0.9999923223880822;0.9995392521894033;0.9992939067561473;0.9993284801463955;0.9993732649055185;0.9999896658821374;1.0;1.0;0.9990095274650853;0.9989663856030097;0.9989445658242854;1.0001474876992043;1.0;0.9999526502746466;0.9999452986844707;1.0;1.024999976158142;
2016-08-02 20:15:00;0.9999895665472309;1.0;0.999981510721444;0.9999947753552797;0.9999980444502218;1.0;1.0;0.9999950166761724;0.9999891463350102;0.9999982837973731;0.999986845703569;0.9999917396717457;0.9999997005051717;0.9999950917999451;0.9999962004816143;0.9999992671580142;0.9999997255599163;0.9999977994722162;1.0;0.999983570924154;0.999986142672695;1.0;1.0;0.9999995794603953;1.0001572032802484;0.999983253896375;0.9999960357591793;0.9999985133660821;0.9995487962371431;0.9993129614192819;0.9993553439139201;0.9994034527300321;0.9999971147571993;1.0;1.0;0.9990644498183054;0.9990221351713942;0.9990011070533225;1.000135409790595;1.0;0.9999843691351448;0.9999809402830699;1.0;1.024999976158142;
2016-08-02 20:30:00;0.9999858851559829;1.0;0.9999761206694586;0.9999930176322624;0.9999970824184862;1.0;1.0;0.9999937242629775;0.99998579218565;0.9999979862054738;0.9999829676449425;0.9999920152677756;0.9999993830167534;0.9999940521331282;0.9999955621835784;0.9999991184965769;0.9999996580844464;0.9999965356528534;1.0;0.9999782342104683;0.9999805716399023;1.0;1.0;0.9999994634085064;1.0001557483995978;0.9999771916684256;0.9999946116241336;0.9999982144535213;0.9995980586529422;0.9993821584201135;0.9994260645714921;0.9994732419129078;0.9999963457229691;1.0;1.0;0.9991799120084229;0.9991393922428456;0.9991195673914347;1.0001340475890814;1.0;0.9999782777739397;0.9999751621664061;1.0;1.024999976158142;
2016-08-02 20:45:00;0.9999735770531001;1.0;0.9999662640515772;0.9999876070277267;0.9999942822426486;1.0;1.0;0.9999934101041993;0.999981459914426;0.9999974654993041;0.9999755903005844;0.9999919691006871;0.9999975233794332;0.9999931081500099;0.999994396265198;0.9999989545934321;0.9999996280251245;0.9999919016105084;1.0;0.9999666998256267;0.9999607552526381;1.0;1.0;0.9999992769303776;1.0001589367612551;0.9999595686898756;0.9999905032870342;0.9999978696030927;0.9996072436203618;0.999393960148603;0.9994365664637715;0.999482883883757;0.9999952533726232;1.0;1.0;0.9991949791438625;0.9991539948096865;0.999133757199179;1.0001366668092455;1.0;0.9999581095151906;0.9999647887270866;0.9999999999999999;1.024999976158142;
2016-08-02 21:00:00;0.9999750859203476;1.0;0.9999660420007179;0.9999883027228194;0.9999952812277606;1.0;1.0;0.9999927475658547;0.9999818255315642;0.9999966923753326;0.9999759240052166;0.9999920152677756;0.9999981215918248;0.99999160224435;0.999992763451353;0.9999988302530918;0.9999996205826216;0.9999934903302446;1.0;0.9999681185772816;0.9999647372350708;1.0;1.0;0.9999993437595794;1.0001592851437116;0.999962911796561;0.9999912512943827;0.9999973449496075;0.9996206981328201;0.9994145754256615;0.9994676318540573;0.9995205571950961;0.9999949081897761;1.0;0.9999999999999999;0.9992669404543107;0.999226099864114;0.9992058607931369;1.0001368247470206;1.0;0.9999622387173133;0.9999652176732408;1.0;1.024999976158142;
2016-08-02 21:15:00;0.9999795891462643;0.9999999999999999;0.9999713304060999;0.9999903916648106;0.9999967984600734;1.0;1.0;0.9999937491483291;0.9999854307790617;0.9999966337724351;0.9999798797740307;0.9999920846243694;0.9999987639327935;0.9999919447119408;0.999992601011176;0.9999988935459124;0.9999996759676594;0.9999956326350168;1.0;0.999974203948902;0.9999724253143542;1.0;1.0;0.9999994690223888;1.0001581064724612;0.9999706697212926;0.999993056490386;0.9999974059105918;0.9996202848875527;0.9994124350339927;0.9994657326142068;0.9995177666318931;0.9999955200312961;1.0;1.0;0.9992611518792667;0.9992199210385614;0.999198888757354;1.0001358275277197;1.0;0.9999704906061252;0.9999712399715459;1.0;1.024999976158142;
2016-08-02 21:30:00;0.9999821149268691;1.0;0.9999758862805339;0.9999914106862531;0.9999959464075112;1.0;1.0;0.9999950476581878;0.9999862109525757;0.9999984745104133;0.9999822782597513;0.9999923140530796;0.9999984037210691;0.9999954145304389;0.9999965547306675;0.9999992172213764;0.999999694855369;0.999994428209765;1.0;0.99997615739627;0.999973272356522;1.0;1.0;0.9999994060708672;1.0001557734800623;0.9999716134804885;0.9999933393791827;0.9999986275742311;0.9996136445259541;0.9994044215628147;0.9994450905635016;0.9994901179226746;0.9999966750160946;1.0;0.9999999999999999;0.9992052498318066;0.9991653571558214;0.9991451193151726;1.0001341684965457;1.0;0.9999710962974873;0.9999745991949172;1.0;1.024999976158142;
2016-08-02 21:45:00;0.9999756346672896;0.9999999999999999;0.9999670401714243;0.9999879664028979;0.9999942659403199;0.9999999999999999;1.0;0.9999935398974222;0.9999808061718575;0.9999985167779558;0.9999749733505394;0.9999924718957157;0.9999977543318744;0.9999948267031135;0.9999964474870466;0.9999988619010394;0.9999995242728162;0.9999921533171743;1.0;0.999966711951526;0.9999628228146099;1.0;1.0;0.9999990037874815;1.0001594491769623;0.9999598715025544;0.9999906277182368;0.9999985079552177;0.9996150174513073;0.9994038300941812;0.9994565385763777;0.9995081359682385;0.9999957316328046;1.0;1.0;0.9992445487524289;0.9992051534166294;0.9991849147699173;1.0001371724647472;1.0;0.9999594451475396;0.9999649122193289;1.0;1.024999976158142;
2016-08-02 22:00:00;0.9999765509577632;1.0;0.9999664620347936;0.9999888704372679;0.9999950107971811;1.0;1.0;0.99999234670434;0.9999808934210046;0.9999972160413485;0.9999761030211962;0.9999925896494152;0.9999982411385737;0.9999922467587008;0.9999939352957257;0.9999989043081419;0.9999995978295292;0.9999933424896158;1.0;0.9999681160216919;0.9999662383236899;1.0;1.0;0.9999993171398409;1.0001596093665193;0.9999636622797856;0.9999914379116435;0.9999976209115319;0.9995736936477686;0.9993635385160093;0.999417486325559;0.999479763398884;0.9999950365602582;0.9999999999999999;1.0;0.9992110297739317;0.9991729367064535;0.9991539044912562;1.000137200711332;1.0;0.999963436112168;0.9999650905937177;0.9999999999999999;1.024999976158142;
2016-08-02 22:15:00;0.9999735572273339;0.9999999999999999;0.999963322033505;0.9999879288066903;0.9999957867437224;0.9999999999999999;0.9999999999999999;0.9999916861425774;0.9999813775710014;0.9999952671064579;0.99997506863861;0.9999924450958155;0.9999983487107258;0.999988892784858;0.9999898469973626;0.9999987164378072;0.9999996518236312;0.9999941996428591;0.9999999999999999;0.9999672648350468;0.9999645170991663;1.0;1.0;0.999999516448847;1.0001609022861722;0.9999630986129756;0.9999912367010879;0.9999963933004496;0.9995883091477149;0.9993872976040418;0.9994259299296807;0.9994806971304804;0.9999940426511176;1.0;1.0;0.9992024891268616;0.9991630109272855;0.9991427731341589;1.0001380175621915;0.9999999999999999;0.9999624080827862;0.9999633321952358;1.0;1.024999976158142;
2016-08-02 22:30:00;0.9999689535288421;1.0;0.9999574096234587;0.9999848270640637;0.999993909413186;1.0;1.0;0.9999914725446944;0.9999768358869406;0.9999968005230345;0.9999683984267723;0.9999929344824949;0.9999975952550343;0.9999912220798072;0.9999926736553442;0.9999983776065294;0.9999994181098506;0.9999916590082271;1.0;0.9999590166003846;0.9999549902064883;1.0;1.0;0.9999988503961758;1.0001601646491667;0.9999514743954043;0.9999886272688608;0.9999972862194481;0.9996115401938316;0.9994211127102883;0.9994678491010675;0.9995270555717456;0.9999940715688591;1.0;1.0;0.9992860308808936;0.9992478064653907;0.9992271864055575;1.000137365413479;1.0;0.9999511873093848;0.9999558713766927;0.9999999999999999;1.024999976158142;
2016-08-02 22:45:00;0.9999677658076556;1.0;0.9999435102623152;0.9999836268851117;0.9999907509784542;1.0;1.0;0.9999846220304068;0.9999621752615089;0.9999977416534571;0.9999585497800438;0.9999930171279794;0.9999979903096012;0.9999896542860098;0.9999950081284354;0.9999982244201688;0.9999991037884308;0.9999889433036513;0.9999999999999999;0.9999449894483967;0.9999513986061562;1.0;1.0;0.9999984984128747;1.0001609852388806;0.9999418199582795;0.9999863532695865;0.9999972138242336;0.999595638030377;0.9993989330258104;0.9994434537149447;0.9995021302127239;0.9999920167417023;1.0;1.0;0.9992436560700068;0.9992046435907606;0.9991826589242784;1.0001381230197655;1.0;0.9999446808115184;0.9999386640490996;0.9999999999999999;1.024999976158142;
2016-08-02 23:00:00;0.9999782434122004;1.0;0.9999556310837814;0.9999888631260484;0.9999939831918393;1.0;1.0;0.9999863327476296;0.9999700086384787;0.9999973002105962;0.9999684994508282;0.9999933620814692;0.9999994401736785;0.9999897096965574;0.9999942611319995;0.9999985431266166;0.999999295350357;0.999993557458027;0.9999999999999999;0.9999591295319932;0.9999693601661093;1.0;1.0;0.9999989950892624;1.0001571093720012;0.9999605379871124;0.9999906820661342;0.9999971119601817;0.999646363683269;0.9994605939506924;0.9994806374255512;0.9995179299781664;0.9999931882382633;1.0;0.9999999999999999;0.9992412087222015;0.9991979735599545;0.9991690793721991;1.0001348834827783;0.9999999999999999;0.9999642128148108;0.9999523974542137;1.0;1.024999976158142;
2016-08-02 23:15:00;0.999977221829471;1.0;0.9999583690334983;0.999988264698111;0.999995211531708;1.0;1.0;0.9999886935476864;0.9999745345897991;0.9999968823701885;0.9999697277843831;0.9999933160335617;0.9999993168140183;0.9999901128779254;0.9999930435881691;0.9999983498594697;0.999999323901155;0.999994675503434;1.0;0.9999621589984858;0.9999688184946168;0.9999999999999999;0.9999999999999999;0.9999989004812537;1.0001562794648238;0.9999613618218357;0.999990904276333;0.999997077620014;0.9997106506913097;0.9995402774888551;0.999556824749229;0.9995847682540512;0.9999937510372241;1.0;0.9999999999999999;0.9993407451725137;0.9993040179918425;0.9992837773426535;1.0001340094156503;1.0;0.9999643174863772;0.9999564268122756;1.0;1.024999976158142;
2016-08-02 23:30:00;0.9999762422927228;1.0;0.9999584975844168;0.999988058527478;0.9999952980301792;1.0;1.0;0.9999889616144818;0.9999753363624572;0.9999964501345919;0.9999702223931716;0.999993286988147;0.9999991706113653;0.9999895514851733;0.9999921761331083;0.999998385969632;0.9999993747917391;0.9999946011537793;1.0;0.999962522744023;0.9999677651370353;1.0;1.0;0.9999990090138298;1.0001577555542287;0.9999612692352066;0.9999908644636096;0.9999968443518802;0.9996791956993268;0.9994952150181445;0.9995098841140392;0.9995375804650908;0.999993650647561;1.0;1.0;0.9992613000630586;0.99922448419344;0.9992042451551878;1.0001352578606713;1.0;0.9999636498921642;0.9999569301283147;1.0;1.024999976158142;
2016-08-02 23:45:00;0.9999749183826113;1.0;0.9999543839254829;0.9999868799095037;0.9999950070562439;0.9999999999999999;1.0;0.9999879534313817;0.9999725331946084;0.9999966370795796;0.9999663706698636;0.9999935164173245;0.999999296489741;0.9999894086737862;0.9999923660563668;0.9999980825107933;0.999999226361713;0.9999944802050152;1.0;0.9999585796637045;0.9999657880688808;1.0;1.0;0.9999986840020503;1.0001562904221817;0.9999573228479374;0.9999899715265171;0.9999968582470655;0.9997252863014229;0.9995637494081744;0.999568501871806;0.9995905796683855;0.9999932589781124;1.0;1.0;0.9993424561924812;0.9993060703555264;0.9992854490933839;1.0001338542008618;0.9999999999999999;0.9999607466213918;0.9999524045635863;0.9999999999999999;1.024999976158142;
2016-08-03 00:00:00;0.9999830599369369;1.0;0.99997045373544;0.9999906510988773;0.9999968552961136;1.0;0.9999999999999999;0.9999931903063743;0.9999827676176232;0.9999984272753426;0.999976851294856;0.9999934873878266;0.9999994186245371;0.9999945227496222;0.9999959667987031;0.9999985465918159;0.9999994115378947;0.9999964295610786;0.9999999999999999;0.9999724981827205;0.9999762390828312;1.0;1.0;0.9999988350369168;1.000152532446028;0.9999700994399497;0.9999930284016086;0.9999984235759178;0.9997158396263847;0.9995481462267108;0.9995658050794396;0.9995936989105393;0.9999960528549607;1.0;1.0;0.999355641364182;0.9993200665208375;0.999300618960692;1.0001310143943234;1.0;0.9999725491911997;0.9999691152959885;1.0;1.024999976158142;
2016-08-03 00:15:00;0.9999894288584862;1.0;0.9999784227566683;0.9999943279256649;0.9999966696797138;1.0;1.0;0.9999935839841961;0.9999848643798973;0.9999993647461606;0.9999839919781237;0.999993506635346;0.9999995915974932;0.9999961609530232;0.9999985403805661;0.9999992749267068;0.9999996104518848;0.9999963450620017;1.0;0.9999792690961877;0.9999841225242233;1.0;0.9999999999999999;0.9999993593217001;1.0001489688984835;0.9999792949366888;0.9999951461008293;0.999999024894166;0.9997137093279781;0.9995441217663267;0.9995601615241122;0.9995858594748185;0.9999969590786091;1.0;1.0;0.9993394281945387;0.9993030126953056;0.9992823914962597;1.000128413610317;1.0;0.9999812306423796;0.9999763547557855;1.0;1.024999976158142;
2016-08-03 00:30:00;0.9999867910392821;1.0;0.9999756268970114;0.9999933217183727;0.9999956583403032;1.0;1.0;0.9999928831417817;0.9999828101726906;0.9999992638235367;0.9999823290767301;0.9999932869881472;0.9999991545079481;0.9999956921713178;0.9999984600197492;0.9999993376183641;0.9999996194035515;0.9999948909680435;1.0;0.9999760227497606;0.9999796165173973;1.0;0.9999999999999999;0.9999994009099817;1.000148903972529;0.9999752477297724;0.9999941874943543;0.9999988990527754;0.9997295525584178;0.9995712064417057;0.9995693541669928;0.9995865008016191;0.9999965330649514;1.0;0.9999999999999999;0.9993289915910698;0.9992918804938898;0.9992712595245635;1.0001283828150165;1.0;0.9999766014933293;0.9999731344436398;1.0;1.024999976158142;
2016-08-03 00:45:00;0.999988790199752;1.0;0.9999804891894253;0.9999945791539518;0.9999966869475716;1.0;1.0;0.9999943835450247;0.9999868598604098;0.9999989480759776;0.999986290046195;0.9999934873878263;0.9999992740106673;0.9999958576773414;0.9999978329764704;0.9999994901914407;0.9999997378131275;0.9999960083914398;1.0;0.9999812170460225;0.9999832836237089;1.0;1.0;0.9999996266117989;1.0001472923936225;0.9999805051729201;0.9999953983682413;0.9999988510831642;0.9997326770355253;0.9995744502383538;0.9995819936429611;0.9996035958760708;0.9999970766219091;1.0;1.0;0.9993635434569619;0.9993270652842087;0.9993064435888236;1.0001270292786213;0.9999999999999999;0.9999812060312233;0.9999788676228418;1.0;1.024999976158142;
2016-08-03 01:00:00;0.9999899995432743;1.0;0.99997845485286;0.9999950550334838;0.9999963262187337;1.0;1.0;0.999992714714071;0.9999840414982125;0.9999990653423476;0.9999851447212856;0.9999932601879914;0.999999607784166;0.9999952986708025;0.9999982188503965;0.9999995006358243;0.9999996859225523;0.9999959816878251;1.0;0.9999795348844223;0.9999850311078607;1.0;0.9999999999999999;0.9999996246569344;1.000144073030403;0.999980776719148;0.9999954476364975;0.99999876689631;0.9997811882316455;0.9996487727294517;0.9996098946313329;0.9996052661906665;0.999996653264804;1.0;1.0;0.9993309045612974;0.999296149771203;0.9992787020039791;1.0001242705533022;1.0;0.9999824335279501;0.999976208956222;1.0;1.024999976158142;
2016-08-03 01:15:00;0.9999860093319658;1.0;0.9999773695407234;0.9999933747289712;0.999996123787511;1.0;1.0;0.9999938146518197;0.9999852907450143;0.9999985963030157;0.9999841967136076;0.9999931907270964;0.999998981215839;0.9999950513750985;0.9999970933516372;0.9999994185793567;0.9999997217617298;0.9999951557445464;0.9999999999999999;0.9999781631657568;0.9999792118632549;1.0;1.0;0.9999996028567308;1.0001461392564504;0.9999766554115661;0.9999944890525465;0.9999985880203432;0.9997548473743206;0.9996095057658716;0.9996077307565244;0.999624915844145;0.9999965958157766;1.0;1.0;0.9993932917492241;0.9993647107811331;0.9993555770199468;1.0001259599388215;1.0;0.9999770113533345;0.9999756848699837;0.9999999999999999;1.024999976158142;
2016-08-03 01:30:00;0.9999897769454256;1.0;0.999983952969043;0.9999946811685481;0.9999977918973075;1.0;1.0;0.9999964387495989;0.9999905274247608;0.9999991936624659;0.9999876990997384;0.9999940810182354;0.9999993642329912;0.9999971531693505;0.999997992992966;0.9999993319516602;0.9999997239618975;0.9999972267861079;1.0;0.9999845532029215;0.9999850449485069;1.0;1.0;0.999999454726339;1.0001418900638517;0.9999825436290373;0.9999959202686424;0.9999991896823404;0.9997924499905485;0.999663157726014;0.9996506748889122;0.9996599199310469;0.9999978516407815;1.0;1.0;0.9994412370636678;0.9994164014210233;0.9994084732835051;1.0001222892536756;0.9999999999999999;0.9999832139835512;0.9999830659716438;0.9999999999999999;1.024999976158142;
2016-08-03 01:45:00;0.99999298708611;1.0;0.9999897782683091;0.9999964529403623;0.9999985697551642;1.0;1.0;0.9999978862772548;0.9999942370862243;0.9999993798435347;0.9999922431540623;0.9999972315308154;0.9999995054898055;0.9999980873464966;0.9999984957985654;0.9999995834468483;0.9999998394426703;0.9999981149335135;1.0;0.9999901526271455;0.9999897793460498;0.9999999999999999;1.0;0.999999678290206;1.0001366910269858;0.9999885464475445;0.9999973186692238;0.9999994361270181;0.999849922405814;0.9997485559719766;0.9997082944858534;0.9997006901470197;0.9999986170415662;1.0;1.0;0.9994868992693707;0.9994711072720334;0.9994619725384289;1.0001179384615921;1.0;0.999988729243346;0.9999893177990221;1.0;1.024999976158142;
2016-08-03 02:00:00;0.9999879487097824;1.0;0.9999799416916693;0.9999940031111266;0.9999977701419438;1.0;1.0;0.9999949208656768;0.9999884940980829;0.9999981778666257;0.9999855983674997;0.9999974163981505;0.9999995135666244;0.9999948783014474;0.99999591751906;0.9999992001714231;0.9999997073779618;0.9999973444065191;1.0;0.9999819272247646;0.999983690919403;0.9999999999999999;1.0;0.9999995252563573;1.0001386457569157;0.9999808929402192;0.9999954849708214;0.9999984422563225;0.9998584043855564;0.9997599997142281;0.9997090239643327;0.9996951252469449;0.9999969281101727;1.0;1.0;0.9994690906666742;0.9994542026290112;0.9994454806526479;1.0001193140746916;1.0;0.9999818154792723;0.9999793551326005;1.0;1.024999976158142;
2016-08-03 02:15:00;0.9999853920295535;1.0;0.9999776724495854;0.9999929171023635;0.9999978225208691;1.0;1.0;0.9999948081810667;0.9999883444102373;0.9999974624155509;0.9999841530032622;0.9999973760860812;0.9999993506276841;0.9999937035830759;0.9999943373055532;0.9999990642590525;0.9999997076508432;0.9999972343404725;1.0;0.9999802861027236;0.9999807289686556;1.0;0.9999999999999999;0.9999995225682364;1.000139885240883;0.9999784622100034;0.9999948985812087;0.999998003805737;0.9998528847958097;0.9997562122677834;0.9997087270208933;0.9996992527906174;0.9999964976800856;1.0;1.0;0.9994819513919175;0.9994663245744659;0.9994568089463464;1.0001202396493234;1.0;0.9999790046812426;0.9999775774475239;0.9999999999999999;1.024999976158142;
2016-08-03 02:30:00;0.9999874285275897;1.0;0.9999814133047485;0.9999939016096598;0.9999981326523816;1.0;1.0;0.9999958802917449;0.9999904656005708;0.9999979258173569;0.9999866966199873;0.9999971272874532;0.99999937122302;0.9999949091331408;0.9999953387789067;0.9999992132595205;0.9999997569664608;0.9999975568046499;1.0;0.9999834368308094;0.999983230582684;1.0;1.0;0.9999995829098411;1.0001399010885403;0.9999815014034317;0.9999956266183938;0.9999983803577002;0.9998434219956069;0.9997390472162329;0.9996820549172774;0.9996654298706857;0.9999971345524763;1.0;0.9999999999999999;0.9994155912979142;0.9994003982372595;0.9993924702266909;1.000120375653284;1.0;0.9999818085487279;0.9999813481926765;0.9999999999999999;1.024999976158142;
2016-08-03 02:45:00;0.9999908269554519;1.0;0.9999873664146844;0.999995690718003;0.9999984558148819;1.0;1.0;0.9999973021552571;0.9999935047483354;0.9999986088241231;0.9999910951058644;0.9999971756851043;0.9999993866880972;0.9999966156474785;0.9999969253970298;0.9999995307789709;0.9999998592289334;0.9999978707899497;0.9999999999999999;0.9999884499288217;0.9999873753145154;1.0;1.0;0.9999997627806815;1.000137726767946;0.9999866854160784;0.9999968515638733;0.9999989207816042;0.9998591069575733;0.9997638560805272;0.9997208665983646;0.9997127981460886;0.999998060123135;0.9999999999999999;1.0;0.999506570998388;0.9994906025037122;0.9994814675919299;1.0001187283545117;1.0;0.9999865096512396;0.9999872433088314;1.0;1.024999976158142;
2016-08-03 03:00:00;0.9999895363889794;1.0;0.9999843925433458;0.9999946773536701;0.9999983592507963;1.0;1.0;0.9999967732444969;0.9999918370759653;0.9999986489318496;0.9999882532375962;0.9999972315308153;0.9999994525442887;0.9999964452661629;0.9999968020445028;0.9999992768150955;0.9999997529260466;0.9999978737794878;1.0;0.9999856893865633;0.9999856174663684;1.0;1.0;0.9999995159115501;1.000138653874407;0.999983657244812;0.9999961641741355;0.9999988949885306;0.9998566025482345;0.9997589970331522;0.9997114315662439;0.999700325045053;0.9999977823980907;1.0;0.9999999999999999;0.9994815657928712;0.9994660912662692;0.9994573691861569;1.0001194027792752;1.0;0.9999841463970154;0.999984132143236;0.9999999999999999;1.024999976158142;
2016-08-03 03:15:00;0.999989474119875;1.0;0.9999845022452452;0.9999947814767882;0.9999979175901218;1.0;1.0;0.9999966231231576;0.9999913159675023;0.9999988471942113;0.9999885346768135;0.9999972718428787;0.9999993001590838;0.9999966908418801;0.9999973375571551;0.9999993956378026;0.9999997758748896;0.9999972712705597;1.0;0.9999853365026421;0.9999849456198276;1.0;1.0;0.9999995774964592;1.0001380529044681;0.9999832423141084;0.9999960646096878;0.9999989995159962;0.9998739077528779;0.9997838571867474;0.9997258576424903;0.9997082671779202;0.9999978013520902;0.9999999999999999;1.0;0.9994862093247571;0.9994699350994837;0.9994600068264061;1.0001189672097668;1.0;0.9999834789022337;0.9999839157818082;1.0;1.024999976158142;
2016-08-03 03:30:00;0.999990506402679;1.0;0.9999856465228365;0.9999954216861012;0.999997842219011;1.0;1.0;0.9999965441813589;0.9999914827456103;0.999998948089137;0.999989709266735;0.9999972024853252;0.9999993334545801;0.999996813951997;0.9999976816884685;0.9999995297951647;0.9999998131914272;0.9999972142207636;1.0;0.9999863416113208;0.9999862566892581;1.0;1.0;0.9999996872989398;1.0001376182326958;0.999984788886585;0.9999964147360245;0.9999990528257109;0.9998628890197347;0.9997688650054181;0.9997161348873754;0.9997020957572577;0.9999978909004079;1.0;1.0;0.999480566672734;0.9994640727309229;0.9994541445160795;1.000118673675284;0.9999999999999999;0.9999849330860314;0.9999849210077171;0.9999999999999999;1.024999976158142;
2016-08-03 03:45:00;0.9999918809705416;1.0;0.9999868258136044;0.9999959346560783;0.9999982696713123;1.0;1.0;0.9999967518616102;0.9999921864919279;0.9999990493591245;0.9999903806070978;0.9999972315308153;0.9999995625515354;0.9999970649071943;0.9999978429694418;0.9999995034304473;0.9999998027556349;0.9999978745810446;1.0;0.9999877074859606;0.9999885084901352;1.0;1.0;0.9999996594114997;1.0001377395377107;0.999986668418411;0.9999968619097941;0.9999991327417069;0.9998587752661235;0.9997653798377436;0.9997188724418716;0.9997097377794758;0.9999980753323788;1.0;1.0;0.9995000153920103;0.9994845405797613;0.9994758183386468;1.0001187735873678;1.0;0.9999871787167739;0.9999862168812069;1.0;1.024999976158142;
2016-08-03 04:00:00;0.9999920930756213;0.9999999999999999;0.9999873534614826;0.9999959873467835;0.9999979210117191;1.0;0.9999999999999999;0.9999969272676593;0.9999919615256723;0.9999994999652803;0.9999905313532382;0.9999972873605996;0.9999994282995591;0.999997852471483;0.9999988146148779;0.9999995715015099;0.9999997993527284;0.9999973957227338;1.0;0.9999875502520836;0.9999880384596772;1.0;0.9999999999999999;0.999999628978626;1.000138460866418;0.9999861603175731;0.9999967597405554;0.9999994181696941;0.999842654198492;0.9997385338690835;0.9996797392197591;0.9996620348843351;0.9999982838188487;1.0;1.0;0.9994084783708671;0.9993931810948821;0.9993844596510377;1.0001194798759654;0.9999999999999999;0.9999865789815967;0.9999863747226797;1.0;1.024999976158142;
2016-08-03 04:15:00;0.9999889346172612;1.0;0.9999850106125432;0.9999944340891509;0.9999974509986296;1.0;1.0;0.9999971930665138;0.9999913560010049;0.9999994185392284;0.9999883934651558;0.9999975012734795;0.9999989962157283;0.9999978441146541;0.9999984985293452;0.9999994398046164;0.9999997667552258;0.999996512035913;1.0;0.9999848230937896;0.9999830839175279;1.0;1.0;0.9999994934948082;1.0001380869638876;0.9999815611896701;0.9999957001338574;0.9999993935988273;0.9998550716775643;0.9997592735179602;0.9997228652401678;0.9997193807685597;0.9999981177467268;1.0;1.0;0.9995238025853723;0.9995091815093387;0.999500459053189;1.0001190778225895;1.0;0.9999814698267375;0.9999840497615005;1.0;1.024999976158142;
2016-08-03 04:30:00;0.9999951252153862;0.9999999999999999;0.999993013378117;0.9999974725675661;0.9999990199752251;1.0;1.0;0.9999986732753253;0.9999961136872051;0.9999996585308264;0.9999945293948888;0.9999972873605998;0.9999996444085663;0.9999988765613517;0.9999991079069946;0.9999996928350073;0.9999998799361625;0.9999986953567501;1.0;0.9999931729040566;0.9999928054896715;1.0;1.0;0.9999997420998351;1.0001358648210397;0.999991877872996;0.9999981051769467;0.9999996754688253;0.9998483104399323;0.999750661176208;0.9997073314277851;0.9996999328196138;0.9999991087763768;1.0;1.0;0.9994858475146172;0.9994708420827482;0.9994625009026618;1.000117306872014;1.0;0.9999920303454469;0.999992679928725;1.0;1.024999976158142;
2016-08-03 04:45:00;0.9999930743841873;1.0;0.9999899704768116;0.9999964738984058;0.9999986572008306;1.0;1.0;0.9999979883751933;0.9999944614295745;0.9999993724536947;0.9999923329231707;0.9999972315308153;0.9999995243187284;0.999998121697265;0.9999984623031739;0.999999572204972;0.999999838903492;0.9999982222881016;0.9999999999999999;0.9999903785771062;0.9999899701874813;1.0;1.0;0.9999996704782458;1.0001365306208432;0.9999887416445168;0.9999973659706308;0.999999440982349;0.9998553707930603;0.9997585423577378;0.9997113606999928;0.999700658558169;0.999998653304923;1.0;1.0;0.9994826620651477;0.9994665771089716;0.9994570614784476;1.0001177925071443;1.0;0.9999889390978547;0.9999895694396136;0.9999999999999999;1.024999976158142;
2016-08-03 05:00:00;0.9999890579486782;1.0;0.9999850465305269;0.9999943089269839;0.9999980101601301;1.0;1.0;0.9999974742931368;0.99999211489444;0.9999992198286755;0.9999881068808271;0.9999972583310388;0.9999991758853451;0.9999976570013996;0.9999979250623113;0.9999992928643658;0.9999997377009411;0.9999972626950022;1.0;0.9999853647707118;0.9999839277658775;1.0;0.9999999999999999;0.9999994078074468;1.000139038274033;0.9999820953472216;0.9999958322629555;0.9999993006896255;0.9998524977359965;0.9997513800878237;0.9996994394557965;0.9996850913959591;0.9999981435387135;1.0;1.0;0.9994516832081847;0.9994365867093828;0.9994282458151779;1.0001198009389538;1.0;0.9999823063625533;0.9999844855587218;0.9999999999999999;1.024999976158142;
2016-08-03 05:15:00;0.9999904898089392;0.9999999999999999;0.9999858429223626;0.999995329952222;0.9999978588555939;1.0;1.0;0.999996762475923;0.9999916670382862;0.9999990826975036;0.9999896160733653;0.9999973835342959;0.99999930861404;0.9999971222337591;0.9999979119965269;0.9999995055349483;0.9999998014285455;0.9999972125360698;1.0;0.9999863727158875;0.9999860843293881;0.9999999999999999;1.0;0.9999996390144417;1.000138683886307;0.9999845406629153;0.9999963682846659;0.999999153661142;0.9998439505764717;0.9997430015962616;0.9996770942832935;0.9996565445245112;0.9999979953622407;1.0;0.9999999999999999;0.9993953903007275;0.9993803976076017;0.9993716762753158;1.0001195954610422;1.0;0.9999847043990063;0.9999850957250668;1.0;1.024999976158142;
2016-08-03 05:30:00;0.9999941060994376;1.0;0.9999896297948039;0.9999969862535839;0.9999984434955284;0.9999999999999999;1.0;0.9999972195554507;0.9999932792883712;0.9999994949654296;0.9999923783995713;0.9999882867360558;0.9999996781854938;0.9999979731097774;0.9999988497260428;0.9999996446285828;0.9999998335384805;0.9999981586951399;1.0;0.9999900930259567;0.9999913358762751;1.0;1.0;0.9999997172483758;1.0001401424269305;0.9999895565053184;0.9999975453993754;0.999999442752418;0.9998249899015491;0.999712188226192;0.9996354026109657;0.999607371395534;0.9999985191432565;1.0;1.0;0.9993028426459633;0.9992578107780867;0.9992475037539597;1.0001209704026135;1.0;0.9999901319856837;0.99998886690545;1.0;1.024999976158142;
2016-08-03 05:45:00;0.9999904329633742;1.0;0.9999857812890672;0.9999950959914675;0.9999975924567103;1.0;1.0;0.9999969566274924;0.9999912556772275;0.9999995655883114;0.9999890302677051;0.9999764394579317;0.9999991986506778;0.99999796847624;0.9999988541552457;0.9999994804313215;0.9999997638836698;0.9999968649052163;0.9999999999999999;0.999985693202971;0.9999853047574313;0.9999999999999999;0.9999999999999999;0.9999995110725316;1.0001429761710245;0.9999833403655484;0.9999961137338829;0.9999994601597905;0.9998100270585805;0.9996925144120518;0.9996166573464548;0.9995909276682738;0.9999981864044493;1.0;1.0;0.9992783082097622;0.999196638678419;0.9991875064533389;1.000123343638421;1.0;0.9999836288928448;0.9999846925449071;1.0;1.024999976158142;
2016-08-03 06:00:00;0.9999942919081048;1.0;0.9999904449710918;0.9999969743117206;0.9999988033241085;1.0;1.0;0.9999977616979835;0.9999943191089863;0.9999994858631482;0.9999926859936631;0.9999765515976932;0.999999711932374;0.9999982000272568;0.999998725275103;0.9999995838658757;0.9999998284237315;0.9999985675228182;1.0;0.9999909859107133;0.9999918268023786;1.0;1.0;0.9999996652661088;1.000143594744264;0.9999901184023459;0.9999976861773114;0.9999994875417079;0.9997959336945805;0.9996782568781901;0.99959963856426;0.9995755694484005;0.9999986965821168;1.0;1.0;0.9992548682117046;0.9991735615754345;0.9991644295612692;1.0001239207546146;1.0;0.9999907025772549;0.9999899485955338;1.0;1.024999976158142;
2016-08-03 06:15:00;0.9999891515543803;1.0;0.9999843214366354;0.9999945506518298;0.9999977915770183;1.0;1.0;0.9999967538624746;0.9999911920702528;0.9999990081097813;0.999988162186577;0.9999727409635268;0.9999992037616737;0.9999970029892082;0.9999976333069673;0.9999993732061367;0.9999997603014591;0.9999970731979008;1.0;0.9999848984093526;0.9999842012866682;1.0;1.0;0.9999995132839721;1.0001467502432588;0.9999824094003407;0.9999958800255813;0.9999991075794538;0.9997778668379336;0.9996492431294008;0.999555972783399;0.9995228462493375;0.9999978654861283;1.0;1.0;0.9991542022399557;0.9990614377897827;0.9990531000264192;1.0001264937562906;1.0;0.9999826260770597;0.9999836313067191;1.0;1.024999976158142;
2016-08-03 06:30:00;0.9999931867583072;1.0;0.9999889451610292;0.9999968309124282;0.9999985178824926;1.0;1.0;0.9999969832343822;0.999993406706839;0.9999989012504887;0.9999924965300273;0.9999721627697405;0.9999996202063371;0.9999969317949766;0.9999976772136601;0.999999665190121;0.9999998763078021;0.9999981717869159;1.0;0.9999899717420667;0.999990635179279;1.0;0.9999999999999999;0.9999998393169425;1.0001446723539322;0.99998954055365;0.9999975104494206;0.9999990665997357;0.9997812386773097;0.9996637751887217;0.9995797725679983;0.9995562665235901;0.9999982106483982;1.0;1.0;0.9992231677563079;0.9991276620588859;0.9991181496550736;1.0001248372086;1.0;0.9999897510174516;0.99998853312556;1.0;1.024999976158142;
2016-08-03 06:45:00;0.9999901966821169;0.9999999999999999;0.9999862006923877;0.9999948610140775;0.9999979101137068;1.0;1.0;0.9999975093613781;0.999992177049446;0.9999995360091868;0.9999889752167066;0.9999669093783161;0.999999188384871;0.9999981681547176;0.99999866169958;0.9999993930003255;0.9999997511992913;0.9999971933265488;1.0;0.9999861741446683;0.999985168645409;1.0;0.9999999999999999;0.999999432431774;1.0001483145627275;0.9999832682879186;0.9999961102540503;0.9999994934708459;0.999741761472166;0.9996036055154224;0.9995142386862985;0.9994873200424053;0.9999983299779436;0.9999999999999999;0.9999999999999999;0.9991030162085438;0.998989053664307;0.9989771630821259;1.0001279081224361;1.0;0.9999835365678929;0.9999853882458312;1.0;1.024999976158142;
2016-08-03 07:00:00;0.9999914962814881;1.0;0.9999893077471002;0.999995848848042;0.9999978504432854;1.0;1.0;0.9999981127718924;0.9999937217157367;0.9999996858637075;0.9999917912024071;0.9999600116910596;0.9999990480523798;0.9999986714333331;0.9999991871456275;0.9999996671237449;0.9999998530825119;0.9999969727794958;1.0;0.9999887755353289;0.9999866072331957;1.0;1.0;0.9999996536515655;1.0001531740730822;0.9999859442590716;0.9999967222799072;0.9999996395105262;0.9995644280462406;0.9994093989093094;0.9993150727360338;0.9993185797910036;0.999998689502865;1.0;1.0;0.9988606359627973;0.9987251506702115;0.9987136438832249;1.0001322684812084;1.0;0.9999855112546289;0.999988476189896;1.0;1.024999976158142;
2016-08-03 07:15:00;0.9999860306203741;1.0;0.9999848461339053;0.9999931224535251;0.9999970073709217;1.0;1.0;0.9999983878766161;0.9999923203573073;0.9999995460375473;0.9999877758963792;0.9999515458091407;0.9999983190459806;0.9999985790167533;0.9999986442648325;0.9999994201592033;0.9999997845286845;0.999995452505467;1.0;0.9999837096018666;0.9999780600459253;1.0;1.0;0.9999993921233026;1.0001625585333025;0.999977789738618;0.9999948428438352;0.9999995797547698;0.9993680235561576;0.9992002065305053;0.9990951394883202;0.9991330584530438;0.999998345191104;1.0;1.0;0.9985959211454885;0.9983943751105687;0.9983317797111587;1.0001402397382249;1.0;0.99997660804328;0.9999839906101206;1.0;1.024999976158142;
2016-08-03 07:30:00;0.9999825717764936;1.0;0.9999796876172572;0.9999919489055005;0.9999969189273339;1.0;1.0;0.9999967064613385;0.9999902813114293;0.9999979422198452;0.999985365500937;0.9999475714307362;0.9999982978034206;0.9999953091548454;0.9999953956958311;0.9999992925167409;0.9999998062901992;0.9999953318246738;1.0;0.9999803532015307;0.9999748249066317;1.0;1.0;0.9999995594512672;1.00017106417539;0.9999750586502634;0.9999941298226235;0.9999984648957154;0.9992630128331628;0.9990740946135606;0.9989779610721348;0.9990366429840384;0.9999970940979821;1.0;1.0;0.9984632777195757;0.9982431225368958;0.9981726697369996;1.000147367580595;1.0;0.9999736177692673;0.9999794585716348;1.0;1.024999976158142;
2016-08-03 07:45:00;0.9999890433116669;0.9999999999999999;0.9999851478879265;0.9999946206608258;0.9999980403146261;1.0;1.0;0.9999971632972527;0.9999922513313566;0.9999987844279964;0.9999889197046806;0.9999513584754329;0.9999991367420303;0.9999968330233129;0.9999971618484198;0.9999993918879432;0.9999997943099308;0.9999972821130761;1.0;0.9999858896884284;0.9999843499995071;1.0;1.0;0.999999557607258;1.0001691905511956;0.9999831591737391;0.9999960484473446;0.999999011975837;0.9992013782237141;0.9989910486194665;0.9989067415691071;0.9989754405447977;0.9999979301094152;0.9999999999999999;1.0;0.9983738819702719;0.9981658691222838;0.9980956006849491;1.0001458849358338;1.0;0.99998306718567;0.999984781434045;1.0;1.024999976158142;
2016-08-03 08:00:00;0.9999556492268392;1.0;0.9999348448423029;0.9999794809662264;0.9999984939378026;1.0;1.0;0.999985403040517;0.999973903516179;0.9999872409254027;0.9999566112887129;0.9999467332201178;0.9999992809141299;0.9999735310209314;0.999972171817;0.9999967215301653;0.999999345429493;0.9999979670847372;1.0;0.9999497353723913;0.9999502507674459;0.9999999999999999;0.9999999999999999;0.999999147509956;1.0001879849068294;0.9999467716408633;0.9999872253405655;0.9999909948645425;0.9991502621634059;0.9989161197588589;0.998804473588501;0.9988615154170821;0.9999882723894926;1.0;0.9999999999999999;0.9981676942560932;0.9979441064982219;0.9978725758607261;1.000159566250913;1.0;0.9999478996815651;0.9999397126841333;1.0;1.024999976158142;
2016-08-03 08:15:00;0.9999721340190406;1.0;0.9999603209958406;0.9999858473803055;0.9999983739694158;1.0;1.0;0.999992895114227;0.9999836173576631;0.9999944523529976;0.9999702991336012;0.9999494100642025;0.9999991036424498;0.9999881556543198;0.9999870832096688;0.9999976869030497;0.9999993850115844;0.9999977077406088;1.0;0.9999666823484663;0.9999655883204952;1.0;1.0;0.9999987339577109;1.0001817637368136;0.9999614254929866;0.9999909198441007;0.9999960145201985;0.9991321051387914;0.998891820619597;0.9987671554602082;0.9988163073646;0.9999939848508009;0.9999999999999999;1.0;0.9980813853787405;0.9978558857531441;0.9977708375800624;1.0001554238416943;1.0;0.9999627638450399;0.999962163146189;0.9999999999999999;1.024999976158142;
2016-08-03 08:30:00;0.9999898172651687;1.0;0.9999850144769582;0.9999949973514861;0.9999985125532891;0.9999999999999999;0.9999999999999999;0.9999967798276259;0.9999923757523771;0.9999983931130056;0.9999891184559223;0.9999428016743214;0.9999994168061992;0.9999960453921898;0.9999963457505894;0.9999993422475747;0.999999794038571;0.9999980469952532;1.0;0.999986583051995;0.9999863573435338;0.9999999999999999;0.9999999999999999;0.9999995925403813;1.0001760105984525;0.9999848679098665;0.9999964291893961;0.9999987427469431;0.9991081606621269;0.9988627539284544;0.9987437537394872;0.9987978331546289;0.9999977375698578;1.0;0.9999999999999999;0.9980575936907657;0.9978131185650976;0.9977305782043603;1.000151715997182;1.0;0.9999851581311914;0.9999849560449546;1.0;1.024999976158142;
2016-08-03 08:45:00;0.999987687912525;1.0;0.9999822996617191;0.9999937810072526;0.999998437751448;1.0;1.0;0.9999965832081573;0.9999914394428487;0.9999981686174026;0.999986708140075;0.9999286372825221;0.9999992840769514;0.9999956053046829;0.9999956859788394;0.9999991215048565;0.9999997276216674;0.9999979017214449;1.0;0.9999841248418663;0.9999835312454011;1.0;1.0;0.999999402402383;1.0001807156677598;0.9999815921109492;0.9999956741122247;0.9999985901173774;0.9990576386305492;0.9987907409027434;0.998645138399418;0.9986857801453473;0.9999974395685942;0.9999999999999999;1.0;0.9978521461116308;0.9975648697605055;0.9974848848187257;1.000155646631593;0.9999999999999999;0.9999820288600815;0.9999823663236764;1.0;1.024999976158142;
2016-08-03 09:00:00;0.999985887498767;1.0;0.9999795392707411;0.9999927096508349;0.9999983577640723;0.9999999999999999;1.0;0.9999962100283376;0.9999902569423665;0.9999979669347652;0.9999843141971501;0.9999294411426876;0.9999992530574511;0.9999951231484985;0.9999951009816863;0.9999989118599354;0.9999996583256229;0.999997810997742;1.0;0.9999816723015642;0.9999811986660824;1.0;0.9999999999999999;0.9999992386156544;1.0001803202469013;0.9999786300238426;0.9999949899929355;0.999998434324199;0.9990650713363648;0.9988040494102581;0.9986624853212384;0.9987065794334108;0.999997112905991;1.0;1.0;0.9978913530767968;0.9976081203811329;0.9975300960636301;1.00015517432995;1.0;0.999979345771381;0.9999796651829693;0.9999999999999999;1.024999976158142;
2016-08-03 09:15:00;0.9999772653421323;0.9999999999999999;0.9999651025560905;0.999987144432031;0.9999971833865128;1.0;0.9999999999999999;0.9999940994949541;0.9999825273539482;0.999998000045459;0.9999710224890801;0.9999337616405902;0.9999989821956249;0.9999942595953148;0.9999943596221536;0.9999978653232474;0.9999992299588965;0.9999964956531526;1.0;0.999967529278574;0.999968527490901;0.9999999999999999;1.0;0.9999982087231661;1.0001851557435872;0.9999615925564056;0.9999911008298379;0.9999982490082067;0.9990698754850386;0.9988078713397458;0.9986699558507541;0.9987156911149456;0.9999957513490199;1.0;0.9999999999999999;0.9979091574150369;0.9976557420934214;0.9975987210417206;1.0001588187641839;1.0;0.9999641864562122;0.9999645323264319;0.9999999999999999;1.024999976158142;
2016-08-03 09:30:00;0.9999820722979424;1.0;0.9999713154715311;0.9999893458608962;0.9999982213701049;1.0;1.0;0.9999954125528703;0.9999859696987053;0.9999985556726577;0.9999753765533734;0.9999242744999651;0.9999993947602944;0.9999957051900139;0.999995520721851;0.9999980368372685;0.9999992885693271;0.9999979580469754;0.9999999999999999;0.9999735712412404;0.9999755731281406;1.0;0.9999999999999999;0.9999982971105389;1.0001900298578592;0.9999687850689392;0.999992795112605;0.9999987075376697;0.9989511796933551;0.9986427081132219;0.9984962617768616;0.9985424534412047;0.9999966707680337;1.0;1.0;0.997621117202139;0.9973248869243787;0.9972511305954461;1.000163176753693;0.9999999999999999;0.9999716696051091;0.9999709903119366;1.0;1.024999976158142;
2016-08-03 09:45:00;0.9999816658205185;1.0;0.9999702867964304;0.9999900796945483;0.9999966910289763;0.9999999999999999;1.0;0.9999936583105864;0.9999832207542488;0.9999983574275904;0.9999766526016575;0.9999321811564038;0.9999990467775709;0.9999946188090842;0.999995782119689;0.9999985463007136;0.9999994297415746;0.9999959925595477;1.0;0.9999720487669785;0.9999740093910108;1.0;1.0;0.9999987830275161;1.000187567592572;0.9999685553806084;0.9999926699210978;0.9999984255003608;0.9990084213479679;0.9987111140424423;0.998607061721983;0.9986697555906403;0.9999960852853579;1.0;1.0;0.9978562157581679;0.9975798304166769;0.9974994327779101;1.0001613034044867;1.0;0.9999704628366676;0.999969072640073;1.0;1.024999976158142;
2016-08-03 10:00:00;0.9999794453191225;1.0;0.9999695107309565;0.9999878490087949;0.9999975125639955;1.0;1.0;0.9999958887281937;0.9999851003807618;0.9999990408785722;0.9999731315863897;0.9999342740399025;0.9999989372242702;0.9999966856281921;0.9999963771533233;0.9999979260841436;0.9999992282725936;0.9999967941850785;0.9999999999999999;0.9999706958624108;0.9999706162318567;1.0;1.0;0.9999980776885552;1.000196168006203;0.9999637483053504;0.9999916596489737;0.9999990381899099;0.99884291269335;0.9984782760401575;0.9984656033462848;0.9985880675934597;0.9999967759332111;1.0;1.0;0.9978027501059463;0.9975248125025028;0.9974337733937775;1.0001684742132966;1.0;0.9999662874980634;0.9999688066240673;1.0;1.024999976158142;
2016-08-03 10:15:00;0.9999606697216119;1.0;0.999941572349042;0.9999741062933514;0.999998803255043;1.0;0.9999999999999999;0.9999957614303033;0.999976514757476;0.999998724977172;0.9999429347486654;0.9999363038176764;0.9999990134311647;0.9999961806242283;0.9999926284015914;0.9999945940281144;0.9999980794150635;0.9999985781902049;1.0;0.9999450647226132;0.9999460655119784;1.0;1.0;0.999994979134202;1.0002001237811917;0.9999284173306139;0.9999837277848233;0.9999987968742197;0.9989183183643011;0.9985990863008171;0.998515652336675;0.9986029528047946;0.999995049745793;1.0;1.0;0.9977780501719961;0.9975129453307333;0.9974302284443708;1.0001701033079642;0.9999999999999999;0.9999363019021144;0.9999421371268091;0.9999999999999999;1.024999976158142;
2016-08-03 10:30:00;0.9999769305864682;1.0;0.9999653709178484;0.9999856896195795;0.9999983887398843;1.0;1.0;0.9999961756426565;0.9999846583697667;0.9999987895312538;0.9999682458056136;0.9999413824274247;0.9999992124273812;0.9999964197168328;0.9999951737816881;0.9999972444376702;0.9999990166717883;0.9999980028220814;1.0;0.9999675247601407;0.9999681710193109;0.9999999999999999;0.9999999999999999;0.9999975140028587;1.0001930360779425;0.9999592154152305;0.999990656937802;0.9999989117089583;0.9988685940928432;0.9985425882863586;0.9984470175910156;0.9985336426211349;0.9999965472883323;0.9999999999999999;0.9999999999999999;0.9976616370590816;0.9974149713799869;0.9973353049785342;1.000165378474613;1.0;0.9999629892159329;0.9999653142802297;1.0;1.024999976158142;
2016-08-03 10:45:00;0.9999757598691669;1.0;0.9999646117754567;0.9999848517361024;0.9999983451879138;1.0;1.0;0.9999966649907428;0.9999847059428592;0.9999990204361915;0.9999669156909201;0.9999394736407253;0.9999990583044948;0.9999970035889826;0.9999954622297595;0.9999970938553241;0.9999989613905265;0.9999978382438632;1.0;0.9999664081970882;0.9999661647347328;0.9999999999999999;1.0;0.9999973173479191;1.0001971634172175;0.9999569071067187;0.9999901490957391;0.9999990933219662;0.9987980707343899;0.9984468369545622;0.9983899502814366;0.9985037487471933;0.9999966786709001;1.0;1.0;0.9976494834813948;0.9973955543884621;0.9973143062445209;1.0001688909958717;1.0;0.9999607175126083;0.9999645501863567;1.0;1.024999976158142;
2016-08-03 11:00:00;0.999984365724969;0.9999999999999999;0.9999783189148326;0.9999907164358746;0.9999981493215874;1.0;1.0;0.9999977663223678;0.9999898970578618;0.999999562644258;0.9999802881682451;0.9999400883945925;0.9999990213612402;0.9999983329223564;0.9999977777830075;0.9999984486519421;0.9999994271916293;0.9999974416786267;1.0;0.9999786687441703;0.9999772060401186;0.9999999999999999;1.0;0.9999985013089613;1.000189071381311;0.999972451241308;0.9999936812812359;0.9999995285199965;0.9988576199285107;0.9985256529709832;0.9984735619167306;0.9985843338673243;0.9999979201153477;1.0;1.0;0.9977791533335941;0.9975339065269249;0.9974614539796074;1.0001626583941075;1.0;0.9999740332604407;0.9999778334283006;1.0;1.024999976158142;
2016-08-03 11:15:00;0.999978209308583;1.0;0.9999666885103633;0.9999856915685763;0.9999989554552264;0.9999999999999999;1.0;0.999997073239425;0.9999857280230665;0.9999994133963199;0.9999678953598018;0.9999300335308026;0.999999396084529;0.9999978035286937;0.9999961908833414;0.999997049471938;0.9999989292658109;0.9999988207714015;1.0;0.999968530374136;0.9999698440237942;1.0;1.0;0.999997212943911;1.0001976775451578;0.9999597540760226;0.9999908376969588;0.9999993642786309;0.99881381658199;0.998450968363119;0.998407764240361;0.9985204573063633;0.9999970860831913;1.0;0.9999999999999999;0.9976759422979148;0.9974013730930974;0.997332097143777;1.0001693504125186;1.0;0.9999642581295906;0.9999666592840146;1.0;1.024999976158142;
2016-08-03 11:30:00;0.9999759917782259;1.0;0.9999656096316343;0.9999854009309904;0.9999977955692951;1.0;0.9999999999999999;0.9999964753704387;0.9999845472767864;0.9999990669695141;0.999968441878708;0.9999276185831785;0.99999880679929;0.9999969919827225;0.9999958403806767;0.9999973669824153;0.9999990479141014;0.9999970373679309;1.0;0.999966930552697;0.9999659041042118;1.0;1.0;0.9999975334454143;1.000196795177551;0.9999576513589725;0.9999902986241248;0.9999991047640676;0.9988218599527321;0.9984726272240843;0.9983926166527952;0.99848852835029;0.999996678066745;1.0;1.0;0.9975993316041574;0.9973091342802536;0.9972294537611808;1.0001687223509486;1.0;0.9999607908686267;0.9999652474541995;1.0;1.024999976158142;
2016-08-03 11:45:00;0.9999932316635154;1.0;0.9999897395518221;0.9999968431517742;0.9999983980155819;1.0;1.0;0.9999973813618735;0.9999938290937793;0.9999991520689641;0.9999928919900573;0.9999294411426876;0.9999994119966278;0.9999975051824581;0.999998201269947;0.9999997088670836;0.9999998848549289;0.9999979324575994;0.9999999999999999;0.9999903109890773;0.9999902540915059;1.0;0.9999999999999999;0.9999997840534255;1.0001889457724282;0.9999893923776441;0.9999974888275416;0.999999252992775;0.9988665303072054;0.9985183422910782;0.9984234221707486;0.9984991748884484;0.9999984239572365;0.9999999999999999;1.0;0.9975901173576184;0.9973153416305814;0.9972482261936865;1.0001631722376694;1.0;0.9999893958790225;0.9999892203519084;1.0;1.024999976158142;
2016-08-03 12:00:00;0.9999881509953733;1.0;0.9999832019107021;0.9999936848534869;0.9999984337073375;1.0;0.9999999999999999;0.9999972247728243;0.9999918458420949;0.9999987724704957;0.9999865410696673;0.9999315668794355;0.9999992508018715;0.9999968411182621;0.999996809409651;0.9999990677034304;0.9999996841411994;0.9999978762045315;1.0;0.9999843507257016;0.9999835376094692;1.0;1.0;0.9999992421275352;1.00018841963626;0.9999811299943218;0.9999956035446748;0.9999990101588344;0.9989023671216796;0.9985652780104909;0.9985009234855143;0.9985916479681255;0.9999978422170694;0.9999999999999999;1.0;0.9977646224245148;0.99749620663957;0.9974286672806422;1.0001623404082176;1.0;0.9999817636772349;0.9999830470501895;1.0;1.024999976158142;
2016-08-03 12:15:00;0.9999926904499974;1.0;0.9999888960502987;0.9999962527922384;0.9999991524860129;1.0;1.0;0.9999977303691902;0.9999945765848627;0.9999988150224058;0.9999916722730761;0.999939072767667;0.9999996525103843;0.9999971293293376;0.999997205333478;0.9999994287943282;0.9999998213357744;0.9999989274210962;1.0;0.9999902405375057;0.9999904682665451;1.0;1.0;0.9999996146694452;1.0001904856079478;0.9999890127697082;0.9999974134182911;0.9999990839429129;0.9988173064108117;0.9984520615023268;0.9984205995417211;0.9985364906254774;0.9999983659453299;1.0;1.0;0.9977078741888732;0.9974670402312757;0.9974044870678337;1.0001643185547697;0.9999999999999999;0.9999894900001758;0.9999889736001459;1.0;1.024999976158142;
2016-08-03 12:30:00;0.9999875914626762;0.9999999999999999;0.9999816876860531;0.9999938462933514;0.9999984944018414;1.0;1.0;0.999996174915053;0.999991102335775;0.9999978603718003;0.9999866316276662;0.9999416746284856;0.9999993969232612;0.999994939337235;0.9999950981729635;0.999999125528297;0.9999997392798874;0.9999980272799818;0.9999999999999999;0.9999839430849843;0.9999838119469767;1.0;1.0;0.9999994840094678;1.0001876494236108;0.9999819090172236;0.9999957290449105;0.9999983678538704;0.998896081226977;0.9985620492395937;0.9985164855780162;0.998620969617535;0.999997213207536;1.0;1.0;0.9978323337903258;0.9975999973845513;0.9975378160677278;1.0001616144490453;0.9999999999999999;0.999982386738563;0.9999818667540197;1.0;1.024999976158142;
2016-08-03 12:45:00;0.9999888915979865;1.0;0.9999834834888114;0.9999946637119372;0.9999982923868157;0.9999999999999999;0.9999999999999999;0.999996238081317;0.9999914236036392;0.9999981257718165;0.999988308164311;0.9999483231806928;0.9999993808588001;0.9999953822722788;0.9999958287513877;0.9999993278791075;0.9999997928173343;0.999997774706341;1.0;0.9999853028141661;0.9999851913815334;1.0;1.0;0.9999996307950305;1.0001864401223044;0.9999837196328927;0.9999961437452957;0.9999985333060109;0.9988838159024078;0.9985415159882831;0.9984901698043367;0.9985897407568101;0.9999974191316472;0.9999999999999999;1.0;0.9977736092685486;0.9975586703521161;0.9974917593096475;1.0001607026026615;1.0;0.9999839579838874;0.9999834006782822;0.9999999999999999;1.024999976158142;
2016-08-03 13:00:00;0.999988568558084;1.0;0.9999806838493646;0.9999944781077565;0.9999977114073189;0.9999999999999999;1.0;0.9999947898328658;0.9999886200409053;0.9999981361368591;0.9999865471606497;0.9999513584754329;0.9999994771396753;0.9999947564552709;0.9999959625341345;0.9999993153766514;0.999999746544836;0.9999972856719193;1.0;0.9999826659880128;0.9999845591564822;1.0;1.0;0.9999996150602408;1.0001845811975274;0.9999820897920497;0.9999957512528466;0.9999984046936846;0.9989068592390346;0.9985829768993819;0.9985565041022996;0.9986738634475602;0.9999969343295588;1.0;1.0;0.9979377109298415;0.9977278066456224;0.9976549914189013;1.0001590968227223;1.0;0.9999828614787618;0.9999800463197968;1.0;1.024999976158142;
2016-08-03 13:15:00;0.9999886393972002;1.0;0.9999816348900841;0.9999942764422276;0.9999981164651619;0.9999999999999999;1.0;0.9999956314729184;0.9999898958039373;0.9999982915292247;0.9999865926209829;0.999949656827462;0.9999994872327763;0.9999953761363686;0.999996099695589;0.9999992044620806;0.999999720726815;0.9999977213749546;0.9999999999999999;0.9999835036473609;0.9999847238882177;1.0;1.0;0.9999994867523967;1.000186615614327;0.9999821778962097;0.9999957981004041;0.9999985752801829;0.9988275490999221;0.9984994854941586;0.998466763876798;0.9985969717492882;0.9999972435434475;0.9999999999999999;1.0;0.9978264318772807;0.9976164898518106;0.9975505999136367;1.0001608103203925;1.0;0.9999830105261646;0.9999812569071684;1.0;1.024999976158142;
2016-08-03 13:30:00;0.999983795648039;0.9999999999999999;0.999974641230369;0.9999926360673528;0.9999973954842227;0.9999999999999999;0.9999999999999999;0.9999932848609041;0.9999863453886875;0.999996568507638;0.9999832408340139;0.9999505763201646;0.9999992640905264;0.9999916289782731;0.9999927354327289;0.9999991362387582;0.9999997523329698;0.9999967475729445;0.9999999999999999;0.9999781512659135;0.999979149102696;1.0;1.0;0.9999997169322212;1.0001880502077307;0.9999773159817203;0.9999945754445615;0.9999973259092867;0.9989203498475399;0.9985909709036853;0.9985307880218961;0.9986236177627867;0.9999956624703629;0.9999999999999999;1.0;0.9978209241076227;0.9976130909023275;0.9975461568064813;1.000161845950776;1.0;0.9999776074878027;0.9999745924906268;1.0;1.024999976158142;
2016-08-03 13:45:00;0.9999674137946651;0.9999999999999999;0.9999497271613222;0.9999851410238304;0.9999971719974832;1.0;1.0;0.9999873717975031;0.9999765074010067;0.9999913099307902;0.9999670314133999;0.9999568477901407;0.9999992460039138;0.9999807905666586;0.9999813992982344;0.9999978758604824;0.9999995152583286;0.9999965348509356;1.0;0.9999595619783938;0.9999616722216157;1.0;1.0;0.9999994832867212;1.0001960646082169;0.9999584360190297;0.9999900312176525;0.9999936163936032;0.9989048753666271;0.9985776597347329;0.9985295300328406;0.9986357290702914;0.9999910183024862;0.9999999999999999;1.0;0.9978589744898839;0.9976665746875419;0.9975939111170962;1.0001675877039773;1.0;0.9999593649069479;0.9999517812863488;0.9999999999999999;1.024999976158142;
2016-08-03 14:00:00;0.999963224634715;1.0;0.9999301666741699;0.9999829464876951;0.9999926282084711;1.0;1.0;0.9999780763729439;0.9999572924949535;0.9999916345592113;0.9999543066172291;0.999968200396705;0.9999994125480506;0.9999772563639695;0.999982960530841;0.999997820870202;0.9999992032882742;0.9999921626531748;1.0;0.9999400992051485;0.9999535206668433;1.0;1.0;0.9999992984686539;1.0002015685612804;0.9999440708373304;0.9999866442973926;0.9999929239348426;0.9988047832503734;0.9984704119722667;0.998425336273079;0.998553867445922;0.9999878631216816;1.0;1.0;0.9977520582568389;0.9975900775242086;0.9975102693584816;1.0001723966493783;1.0;0.999947973636379;0.9999281850602229;1.0;1.024999976158142;
2016-08-03 14:15:00;0.9999671433363948;1.0;0.9999371092688185;0.9999848445370881;0.9999928800148152;1.0;1.0;0.9999799538269964;0.9999607181852894;0.999992774838886;0.9999589920220902;0.9999713052565443;0.9999993726607497;0.9999798462182277;0.999985371305332;0.999998147704953;0.9999992920196317;0.9999923531647074;0.9999999999999999;0.9999455959848619;0.9999578745159946;1.0;0.9999999999999999;0.9999994100458363;1.0001947144559193;0.9999493451756675;0.9999878941112379;0.9999937904802929;0.9989155492954821;0.9986052149971165;0.9985768607364527;0.998700159220604;0.9999890831933976;1.0;1.0;0.9979892713736436;0.997838863602797;0.997761360947145;1.0001667531021348;0.9999999999999999;0.9999527818337425;0.9999348964942502;1.0;1.024999976158142;
2016-08-03 14:30:00;0.9999814562897441;1.0;0.9999670350492177;0.9999907439865011;0.9999956150993258;1.0;0.9999999999999999;0.9999908683429843;0.9999792905638337;0.9999976267807342;0.9999764693918777;0.9999723169939067;0.9999991828757301;0.99999223449961;0.9999948483767255;0.999998859969632;0.9999995114404431;0.9999949150667774;0.9999999999999999;0.9999695393818501;0.9999739455210949;1.0;0.9999999999999999;0.9999992426260162;1.0001812859616195;0.9999687000808756;0.9999926159460982;0.9999977297619346;0.9989807942954159;0.9986910706428168;0.9986791245260379;0.9988041924156992;0.9999950044278101;1.0;1.0;0.9981651241358678;0.9980229212408409;0.9979519441587813;1.0001559745380013;1.0;0.9999705085877852;0.9999651849583401;1.0;1.024999976158142;
2016-08-03 14:45:00;0.9999872588154955;0.9999999999999999;0.9999799227988664;0.9999935582407516;0.9999977451858014;1.0;1.0;0.9999953869148882;0.9999888561874569;0.9999983227992526;0.9999851627843811;0.9999723169939067;0.9999993624068609;0.9999953173151541;0.9999961218264681;0.999999140651093;0.9999996893216846;0.9999971984198063;0.9999999999999999;0.9999816044742301;0.9999824447902604;1.0;1.0;0.9999994263921749;1.0001771235364871;0.9999797126795735;0.999995228208101;0.9999985710189446;0.9989746994434447;0.9986838158265408;0.9986523926463244;0.9987659838504143;0.999997071918889;1.0;1.0;0.9980855850452071;0.9979449706453982;0.9978760497593485;1.0001525725953255;1.0;0.9999805031703021;0.9999793664975704;1.0;1.024999976158142;
2016-08-03 15:00:00;0.9999653616582116;1.0;0.9999456713222584;0.9999783622240103;0.9999973138189708;1.0;1.0;0.9999930507146173;0.9999747626007675;0.9999981574785055;0.9999506580766319;0.9999718139927636;0.9999990876872834;0.9999940746967964;0.9999928209605087;0.9999957918616486;0.9999984629049219;0.9999969279015828;1.0;0.9999491902651099;0.9999522717714258;1.0;0.9999999999999999;0.999996241439278;1.000190078368017;0.9999376674696039;0.9999857173688455;0.9999982232375222;0.9989357952254427;0.9986275346626868;0.9986250434465741;0.9987587882730765;0.9999944412426516;1.0;1.0;0.9981012749863476;0.9979521675698072;0.9978742758026282;1.000162001983647;1.0;0.9999440232573391;0.99994520407917;1.0;1.024999976158142;
2016-08-03 15:15:00;0.9999670098860863;0.9999999999999999;0.9999491087998837;0.9999792699083024;0.9999976671068004;1.0;1.0;0.9999940459595866;0.9999769455599805;0.9999983824908009;0.9999532179358955;0.9999715248947236;0.9999990930118619;0.999994863102483;0.9999933188616593;0.9999959399958415;0.9999985276514631;0.9999972720167709;0.9999999999999999;0.9999522848258705;0.9999544878973629;1.0;1.0;0.9999963498897702;1.0001891824347637;0.9999406862331726;0.9999864262266166;0.9999984541394595;0.9989441908613583;0.9986330087542025;0.9986201593210631;0.9987443065776979;0.9999949497671938;1.0;1.0;0.9980641794476334;0.9979222802203351;0.9978549450716622;1.0001613251030614;1.0;0.9999466678116621;0.9999488272528031;1.0;1.024999976158142;
2016-08-03 15:30:00;0.9999783991004361;0.9999999999999999;0.9999688494626003;0.9999873755636037;0.9999979794259016;1.0;1.0;0.9999961050531556;0.9999858912265785;0.9999984689863842;0.9999726986135932;0.9999716694421876;0.9999990491258952;0.9999958841732826;0.9999950681354843;0.9999977942985596;0.9999992290257812;0.9999973008688929;0.9999999999999999;0.9999707452391153;0.9999700103634648;1.0;0.9999999999999999;0.9999981044300926;1.0001807744528382;0.9999634596899093;0.999991582103702;0.9999987157638776;0.9989999945694619;0.9987157103122262;0.9986996778367457;0.9988205010611907;0.999996597725095;0.9999999999999999;1.0;0.9981865321594939;0.9980355545113717;0.9979558353593868;1.0001550313175214;1.0;0.9999658865746205;0.9999687455831389;1.0;1.024999976158142;
2016-08-03 15:45:00;0.9999864341814444;1.0;0.9999805932795128;0.9999925461703522;0.9999987507241063;1.0;1.0;0.9999970894678948;0.9999913082402;0.9999984166738362;0.9999840679740647;0.9999713803442245;0.9999994118355447;0.9999962257621338;0.9999958083033159;0.9999987667078309;0.9999996004383754;0.999998303511066;1.0;0.9999823932382536;0.9999817919579063;1.0;1.0;0.9999990682617832;1.0001783743833732;0.999978625400159;0.9999950314779827;0.9999987829869212;0.9989300192151378;0.9986379790230091;0.9985979691095218;0.9987164640741283;0.9999975491819224;1.0;1.0;0.9980090468093183;0.9978425797846745;0.9977438906174874;1.0001534581708804;1.0;0.9999796984272225;0.9999807957222343;1.0;1.024999976158142;
2016-08-03 16:00:00;0.9999839211399923;1.0;0.9999737461421687;0.9999918620932265;0.9999979305421579;1.0;1.0;0.999993822384055;0.9999863511020429;0.9999970972203603;0.9999809058304423;0.999971594354467;0.9999995450041973;0.9999927000543226;0.9999933889483659;0.9999987556519231;0.9999995975923365;0.9999975860106965;1.0;0.9999772172057697;0.9999793740290166;0.9999999999999999;0.9999999999999999;0.9999992966596744;1.00018009293976;0.9999756830408785;0.9999942569491398;0.999997691184784;0.9988617862603921;0.9985803598038792;0.9985616071935478;0.9987136682253881;0.9999959491973149;0.9999999999999999;1.0;0.9980494441462264;0.9978839399594523;0.997785626976362;1.000154816389747;1.0;0.9999770803838922;0.9999737280246227;1.0;1.024999976158142;
2016-08-03 16:15:00;0.9999753508099207;0.9999999999999999;0.9999700062748323;0.9999880378029329;0.9999953736052651;1.0;1.0;0.9999952719467767;0.9999848631962724;0.99999785730136;0.9999772065318082;0.9999716694421873;0.9999976940618056;0.9999945506398098;0.9999949049558845;0.9999988241033033;0.9999996076861033;0.9999932059682426;1.0;0.9999702755985033;0.9999635575981056;1.0;1.0;0.9999990970210498;1.0001834841045891;0.9999623241057563;0.9999911939172094;0.9999982767227577;0.998860184434553;0.9985618031107322;0.9985456679683001;0.9986920629363681;0.999996072439413;1.0;0.9999999999999999;0.9980064096963615;0.9978621391501642;0.9977911193188035;1.0001578601205823;0.9999999999999999;0.9999610660613215;0.9999691061061086;1.0;1.024999976158142;
2016-08-03 16:30:00;0.9999589497857609;1.0;0.9999617175025866;0.9999813249264946;0.9999903164709911;1.0;1.0;0.9999966761568322;0.9999809226029259;0.9999984293102762;0.9999709234937966;0.9999716694421874;0.9999942659689469;0.9999960982332368;0.9999963094287033;0.9999991372993675;0.9999997141562115;0.9999847292634787;1.0;0.9999568635761398;0.9999341823429015;1.0;1.0;0.9999990557180377;1.0001836598665859;0.9999383518855426;0.999985632027796;0.9999987426706064;0.9989368114332972;0.998657081792963;0.9986595009142415;0.9988084711594764;0.99999563645839;1.0;1.0;0.9982042642667989;0.9980825970071138;0.9980409867480912;1.0001582357339567;1.0;0.9999317483617134;0.999959264204622;1.0;1.024999976158142;
2016-08-03 16:45:00;0.9999422356404517;1.0;0.999938835354183;0.9999699942539432;0.9999900127376409;1.0;1.0;0.9999963472416371;0.999972712830837;0.9999984597528215;0.9999469942063202;0.9999775958569146;0.9999937061244351;0.9999960798406183;0.999994253995442;0.9999967701076722;0.9999988709280541;0.999984174068669;1.0;0.9999345599300506;0.9999105679506148;1.0;1.0;0.9999967535502655;1.000190458317943;0.9999073334283265;0.9999786321585645;0.9999986952675616;0.9990260630104105;0.9987487155118092;0.9987516041070955;0.9988831437724494;0.9999941845347925;1.0;1.0;0.9983055730787976;0.9982142323941168;0.9981876738599923;1.0001628679440602;1.0;0.9999039024071353;0.9999366719398733;1.0;1.024999976158142;
2016-08-03 17:00:00;0.9999510576127106;1.0;0.9999318108423098;0.9999691190003235;0.9999977948286477;1.0;1.0;0.9999954427710954;0.9999732295857758;0.9999979683483495;0.9999344763675572;0.9999875695878061;0.9999982048959135;0.9999948894355064;0.9999906133814189;0.9999939662060009;0.9999979007007564;0.9999967515924215;1.0;0.9999353008191547;0.9999321242304677;1.0;1.0;0.9999944952606424;1.0001883074216353;0.9999141801508076;0.9999804430848919;0.999998294163703;0.9990421636786845;0.9987819861471654;0.9987921491367733;0.998932200530634;0.9999940489195799;1.0;1.0;0.9983986733675215;0.998339822876845;0.9983144657606997;1.0001594721357645;1.0;0.9999215098575663;0.999932619744908;1.0;1.024999976158142;
2016-08-03 17:15:00;0.9999750269169468;1.0;0.9999667589027541;0.9999856567322057;0.9999974547537986;1.0;1.0;0.9999966736079422;0.9999855283230084;0.9999985478629758;0.9999704910375348;0.9999886508144488;0.9999985448363293;0.999996267120369;0.9999950580655522;0.999997653618819;0.9999991899262046;0.9999962813194349;0.9999999999999999;0.9999679812412702;0.9999644781540435;0.9999999999999999;0.9999999999999999;0.9999979303949009;1.0001785114822064;0.9999583367194009;0.9999904127179835;0.9999988126711262;0.9989792430514991;0.9987071248362763;0.9987245366474639;0.9988750123429153;0.9999965645751291;1.0;1.0;0.9983173625079639;0.9982622319083007;0.9982372572300634;1.0001530057919445;1.0;0.9999601605417135;0.99996663002204;1.0;1.024999976158142;
2016-08-03 17:30:00;0.9999670857668879;1.0;0.9999522184420854;0.9999802119862857;0.9999987461914664;1.0;1.0;0.9999948363647895;0.9999808709142692;0.999996833482222;0.9999572627669755;0.9999898824366009;0.999999146324525;0.9999927828591989;0.9999903172996532;0.9999961517732345;0.9999987335529658;0.9999983204556264;1.0;0.9999568892018991;0.9999566247140346;1.0;1.0;0.9999968607302021;1.0001831242128592;0.9999457344434153;0.9999875274330747;0.9999976015167112;0.9989944372430952;0.9987123802435188;0.998716465873507;0.9988519649254731;0.9999947936423538;1.0;1.0;0.9982586493566051;0.9982072975947959;0.9981821647681778;1.0001560295380112;0.9999999999999999;0.9999503559737545;0.9999534347806184;1.0;1.024999976158142;
2016-08-03 17:45:00;0.9999696849153653;1.0;0.9999596596706567;0.9999820223535407;0.9999973709260518;1.0;1.0;0.9999966990452829;0.99998308968659;0.9999986082219738;0.9999629300222498;0.9999894487758821;0.9999983438002746;0.9999963913036293;0.9999944835975763;0.9999968980068273;0.9999989211916839;0.9999960979385399;0.9999999999999999;0.9999609878772916;0.9999568643993612;1.0;1.0;0.9999971848140811;1.0001789775431156;0.9999484141665564;0.9999881788816498;0.9999988407119818;0.9990069470917109;0.9987422216218268;0.9987721181484122;0.9989273725313703;0.9999961599827282;1.0;1.0;0.9984110143676083;0.9983593313803188;0.9983355590574042;1.000153015863651;1.0;0.999951209915215;0.9999596316456631;1.0;1.024999976158142;
2016-08-03 18:00:00;0.9999753337991418;0.9999999999999999;0.9999733761665042;0.9999882639401132;0.9999944986536574;0.9999999999999999;1.0;0.999996690599531;0.9999862042324157;0.9999988527343578;0.9999794138769709;0.999989737882733;0.9999970579960171;0.9999967460434331;0.9999971341448389;0.9999991508770556;0.9999996909921991;0.9999916661195841;1.0;0.9999715470240882;0.9999613900561664;1.0;1.0;0.9999991889767851;1.0001707803963795;0.9999616894159582;0.9999910757539008;0.9999990039983075;0.999090339206884;0.9988350471436119;0.9988665376163942;0.9990064570692093;0.9999968545577953;1.0;1.0;0.9985226573477117;0.9984715668428811;0.9984473796609221;1.000147144651998;1.0;0.9999591726461787;0.9999718632713263;1.0;1.024999976158142;
2016-08-03 18:15:00;0.9999824770704514;1.0;0.9999768531101443;0.9999913965898581;0.9999968351382791;0.9999999999999999;1.0;0.9999957855936524;0.9999880152953189;0.999998190638997;0.9999825979808599;0.9999895211483687;0.9999986185176031;0.9999952909746608;0.9999957410152889;0.9999990525090191;0.9999996790032539;0.9999955438018923;1.0;0.9999777601306867;0.9999747240344974;0.9999999999999999;1.0;0.9999993261815759;1.0001680086763043;0.9999730289532962;0.9999936812127574;0.9999985275758304;0.9991870251649381;0.9989326291176638;0.9989728944389276;0.9990955971971539;0.9999968325942712;1.0;1.0;0.9986490127345978;0.9985972472801368;0.9985730570536689;1.000144628373602;1.0;0.9999727193592216;0.999976244512521;1.0;1.024999976158142;
2016-08-03 18:30:00;0.9999831677126594;1.0;0.9999754322701834;0.9999916011610572;0.9999968555373633;1.0;1.0;0.9999948110091672;0.9999865372249644;0.9999981133692858;0.9999816879214183;0.9999899487443696;0.9999989053651507;0.9999947387023462;0.9999956094210896;0.9999989910945427;0.9999996353202528;0.9999958552802986;1.0;0.9999768480439393;0.9999760837904571;1.0;1.0;0.9999992951186918;1.0001679555099054;0.9999733557624033;0.9999937487091014;0.9999983903298707;0.999197284894507;0.9989390805858416;0.9989463041345878;0.9990455551124894;0.999996538103133;1.0;1.0;0.9985333670787515;0.9984824306343585;0.9984575557429364;1.0001445469824068;1.0;0.9999737627687059;0.999974635871354;1.0;1.024999976158142;
2016-08-03 18:45:00;0.9999890754041952;0.9999999999999999;0.9999824196816524;0.9999946646953709;0.9999979828608444;1.0;1.0;0.9999956029474949;0.9999900521968024;0.9999983130394237;0.9999875121575904;0.9999915388315153;0.9999994961690645;0.9999953966578237;0.9999962665129958;0.9999993266861005;0.9999997609370208;0.9999975280394605;1.0;0.9999841387103628;0.9999851750706772;1.0;1.0;0.9999996206133074;1.0001651386849317;0.9999830440270758;0.9999959899824601;0.9999985857118845;0.9991897772644408;0.9989397101266011;0.9989642247150617;0.9990785853070427;0.9999972844711327;0.9999999999999999;1.0;0.9986090057803644;0.9985663853773091;0.9985457793789966;1.000142303661991;1.0;0.9999836366116597;0.9999819543717597;1.0;1.024999976158142;
2016-08-03 19:00:00;0.9999866894390542;1.0;0.9999803700839901;0.9999929950061935;0.9999980854624416;0.9999999999999999;1.0;0.9999963280531643;0.9999900291513507;0.9999984947963604;0.9999846538582082;0.9999925313552616;0.9999993148826922;0.9999960070985515;0.9999962373703188;0.999998982544618;0.9999996487275277;0.9999974988739931;1.0;0.9999818496523246;0.9999816010006746;1.0;1.0;0.9999992554516772;1.0001679750198005;0.9999787710079288;0.9999950411976145;0.9999987606626973;0.9991313608220113;0.99886305362243;0.9989004330954724;0.9990273034856317;0.9999973676145582;1.0;1.0;0.9985403689095976;0.9985011855684878;0.9984809611804657;1.0001445911560947;0.9999999999999999;0.9999795731276404;0.9999800808285995;1.0;1.024999976158142;
2016-08-03 19:15:00;0.9999831110980106;1.0;0.9999743795885603;0.9999911188885168;0.9999970266715257;1.0;1.0;0.9999948376154841;0.9999859961248898;0.9999983987217597;0.9999800584167695;0.9999938088129353;0.9999990454997816;0.9999951972168878;0.9999959763616537;0.9999987818913179;0.9999995431444476;0.9999961980032757;1.0;0.9999757983435457;0.9999759885093735;1.0;1.0;0.9999990533229858;1.0001666263331277;0.9999720817981198;0.9999934819448117;0.9999985634860198;0.9992082903258465;0.9989540156962681;0.9990002116742501;0.9991212653628364;0.999996593978905;1.0;0.9999999999999999;0.9986896679192934;0.9986545190796698;0.9986342915859165;1.000143315810758;1.0;0.9999731730625401;0.9999734986997872;1.0;1.024999976158142;
2016-08-03 19:30:00;0.9999893982410794;1.0;0.9999819332009344;0.999994461977001;0.9999984208297089;1.0;0.9999999999999999;0.9999956822491939;0.9999901117984688;0.9999983603736338;0.9999865533303552;0.9999940786733843;0.9999997246143639;0.9999955055884482;0.9999961655953098;0.9999991365063865;0.9999996937151695;0.999998217237799;1.0;0.9999839986429827;0.9999860569390074;0.9999999999999999;1.0;0.9999994485609124;1.000165380048825;0.999983006449954;0.9999959998208233;0.9999986213251689;0.999249867119739;0.9989781994449767;0.99901264637331;0.9991086250876403;0.9999973189097149;1.0;1.0;0.9986352550329136;0.9986009617984934;0.9985807353895292;1.000142415874385;1.0;0.9999842310579017;0.9999816271727585;1.0;1.024999976158142;
2016-08-03 19:45:00;0.999984004502905;1.0;0.9999737385122253;0.9999917889470884;0.9999977455918236;1.0;1.0;0.9999938772422151;0.9999860252672418;0.9999974024923401;0.9999806165585947;0.999994126966502;0.9999995155173231;0.9999932031207952;0.9999940014248372;0.9999987539613998;0.9999995769630067;0.9999973612381481;1.0;0.9999768332599306;0.9999790512836444;1.0;1.0;0.9999992425347758;1.0001632513177692;0.9999750878757729;0.9999941316925328;0.9999978790062823;0.9994347129355358;0.9991800492231396;0.9992257808293573;0.9992940259995705;0.9999960571196764;1.0;1.0;0.998908488529446;0.9988743392584232;0.9988541073122678;1.0001402816585865;1.0;0.9999765770112504;0.9999734803511067;1.0;1.024999976158142;
2016-08-03 20:00:00;0.9999838857335251;1.0;0.9999729883671639;0.9999915329376898;0.9999976485918365;0.9999999999999999;0.9999999999999999;0.9999937466399689;0.9999853767146738;0.999997613778029;0.9999796952552223;0.9999942522733059;0.9999995402459521;0.9999934768936266;0.9999943621096447;0.9999986756172141;0.9999995311078057;0.9999973040604723;1.0;0.999975946748892;0.9999786745147807;1.0;1.0;0.9999991315794591;1.0001640695496987;0.9999741081293775;0.9999939172251254;0.9999979935085731;0.999411364761845;0.999151022930881;0.9992144648975947;0.9992956965013;0.9999960579995496;1.0;1.0;0.9989289915283532;0.9988955548359851;0.9988757348227785;1.0001409718230196;0.9999999999999999;0.9999759068890178;0.9999725450805461;0.9999999999999999;1.024999976158142;
2016-08-03 20:15:00;0.9999794010693385;1.0;0.9999702174097093;0.9999892498485031;0.9999970943414849;1.0;0.9999999999999999;0.9999945361279389;0.9999851035707735;0.9999976033455079;0.9999767984957921;0.9999941537664755;0.9999988934712044;0.9999938202590789;0.9999940848706746;0.9999984653105457;0.9999994803508908;0.99999613547019;1.0;0.9999724663513724;0.9999715483522205;1.0;1.0;0.9999988946232943;1.0001633800257501;0.9999675535134105;0.9999924215450533;0.999998057481182;0.9994476217059619;0.9992033302901964;0.9992859040029973;0.9993777199152138;0.999995989312703;1.0;1.0;0.9990802729052141;0.9990465195141198;0.9990266965054827;1.0001402604158711;1.0;0.9999685742465505;0.9999698711878744;1.0;1.024999976158142;
2016-08-03 20:30:00;0.9999869717726318;1.0;0.999974924265259;0.9999932988625164;0.9999972629273001;1.0;1.0;0.9999928380806783;0.9999844732680422;0.99999798619375;0.9999820265411093;0.9999946723047827;0.9999997576164049;0.9999936586733984;0.9999955373940043;0.9999990175128372;0.9999995977799241;0.9999971007499279;1.0;0.9999775950266094;0.999982576134723;1.0;1.0;0.999999386681699;1.000158692453169;0.9999778885030736;0.9999947743528583;0.9999981320284498;0.9995364533848825;0.9993016496887701;0.9993750237825734;0.9994448548123435;0.9999961219390763;1.0;1.0;0.9991632338399518;0.9991311192108389;0.9991112945235807;1.000136544180513;1.0;0.9999798958185854;0.9999738054657921;0.9999999999999999;1.024999976158142;
2016-08-03 20:45:00;0.9999868533313495;1.0;0.9999766493652913;0.9999931175652786;0.9999972490203533;1.0;1.0;0.9999939914873952;0.9999858523749265;0.9999984651769441;0.9999826331521281;0.9999973567181707;0.9999995240565005;0.9999949250699224;0.9999964264961495;0.9999990286305518;0.9999996003386538;0.9999968646668685;1.0;0.9999784785855742;0.9999816804320869;0.9999999999999999;1.0;0.9999992991994233;1.0001597483141196;0.9999774239709827;0.9999946981484144;0.999998525302883;0.9994908027654235;0.9992500929160923;0.9993315362854146;0.9994138047031714;0.9999966254205095;1.0;0.9999999999999999;0.9991280581751283;0.999103832578636;0.9990832154897877;1.00013750873913;1.0;0.9999790479726346;0.9999755097624039;1.0;1.024999976158142;
2016-08-03 21:00:00;0.9999830059827565;1.0;0.9999737946516186;0.9999910349608726;0.9999976161073814;1.0;1.0;0.9999947161461756;0.9999864687506045;0.9999978531754637;0.9999797508094271;0.9999974587320213;0.9999992767709147;0.9999942875911092;0.9999947492803648;0.999998649344473;0.9999995321672921;0.9999970187827935;1.0;0.9999761491003848;0.9999769234357152;1.0;1.0;0.9999990485537579;1.0001590301107102;0.9999728667396587;0.9999936522037888;0.9999982253920909;0.9995497098053321;0.9993153111428634;0.9993968721616464;0.9994687159138195;0.9999963794442529;1.0;1.0;0.9992059654861807;0.9991826708171679;0.9991628451070267;1.0001366202932604;0.9999999999999999;0.9999742200780669;0.9999734425973782;1.0;1.024999976158142;
2016-08-03 21:15:00;0.9999845715981345;1.0;0.9999725900367641;0.9999923812762952;0.9999966803030418;1.0;1.0;0.9999923783676443;0.999983267315298;0.9999976553898082;0.9999806857498565;0.9999972583310389;0.9999994406249193;0.999992937999312;0.9999949156970714;0.999999022490115;0.999999609685547;0.9999961948325484;1.0;0.9999752213305708;0.9999789636046681;1.0;0.9999999999999999;0.9999994295319817;1.0001589546966543;0.9999748080287878;0.9999940386388712;0.9999978905585163;0.999567109273223;0.9993325558738173;0.9993978412581721;0.9994561361297624;0.9999957208238783;1.0;1.0;0.9991666733223928;0.9991424281961834;0.9991221908199546;1.0001367417087321;0.9999999999999999;0.9999762995405371;0.9999713984759868;1.0;1.024999976158142;
2016-08-03 21:30:00;0.9999879953921945;0.9999999999999999;0.9999781584449312;0.9999940499028676;0.9999972002992452;1.0;1.0;0.9999937748433927;0.9999862750832282;0.9999982913371801;0.9999846025391557;0.9999973567181707;0.9999995574052313;0.9999945550369759;0.9999963134722126;0.9999992528591168;0.99999968455926;0.9999968159457794;1.0;0.9999800844951475;0.9999834094190649;1.0;1.0;0.9999995437125864;1.0001551068347363;0.9999799244015811;0.9999952510271333;0.9999984016069785;0.9995916705498371;0.9993721683027824;0.9994290239781818;0.999483314731426;0.999996611397554;1.0;1.0;0.999206405248049;0.9991910135143514;0.9991818813406829;1.000133595671844;0.9999999999999999;0.9999811949628059;0.9999770129991069;1.0;1.024999976158142;
2016-08-03 21:45:00;0.9999879328061949;1.0;0.9999755589959033;0.9999939682547481;0.9999963780666002;1.0;1.0;0.9999922884224697;0.9999831164352816;0.9999985685537766;0.9999829116306534;0.9999976726449753;0.9999995920033088;0.9999943325663342;0.9999970450024417;0.9999992907913764;0.9999996357463822;0.9999960319717642;1.0;0.9999772739923991;0.9999826985496354;1.0;1.0;0.999999516297332;1.0001568482042256;0.9999781045156952;0.9999948186558933;0.999998428805159;0.9995812457104859;0.9993574308558985;0.9994123439565873;0.9994661629136747;0.9999962115723393;1.0;1.0;0.9991773221145958;0.999162931378431;0.9991537994614211;1.0001351578953717;1.0;0.999979914554424;0.9999735906521229;1.0;1.024999976158142;
2016-08-03 22:00:00;0.9999853215033732;1.0;0.9999721542269835;0.9999922094430894;0.9999964594974408;1.0;1.0;0.9999923548437881;0.9999821536549529;0.9999984953700594;0.9999793138944452;0.9999973835342959;0.9999995238219815;0.9999942500436878;0.999996512751548;0.9999989048370486;0.9999995083430713;0.9999960934936769;1.0;0.9999740854500347;0.9999791807177637;1.0;0.9999999999999999;0.9999991631516053;1.0001570521006142;0.9999735315202078;0.9999937863077609;0.9999983899783849;0.9995834770376023;0.999360025961067;0.999427860939773;0.9994889217249965;0.999995990264781;1.0;1.0;0.9992250750146949;0.9992097675712048;0.9992006352261323;1.0001351230121742;1.0;0.9999758076859058;0.9999703602719678;1.0;1.024999976158142;
2016-08-03 22:15:00;0.9999850479755055;1.0;0.9999734482683951;0.9999926656534643;0.9999970029451084;0.9999999999999999;1.0;0.9999926042535956;0.9999841192090156;0.9999974847259597;0.9999814452146928;0.9999973141767193;0.9999995269746632;0.9999927673667877;0.9999945514512972;0.99999903034029;0.9999996311562518;0.9999965971189262;1.0;0.9999763554580384;0.9999800368851431;1.0;0.9999999999999999;0.9999994787957186;1.0001583668255418;0.999976135265002;0.9999943403502346;0.9999978102907868;0.9995612529648812;0.9993271376313878;0.9993978780117052;0.9994607774158811;0.9999957755019828;1.0;1.0;0.9991806105650048;0.9991654013508967;0.999156681894827;1.0001362185384772;1.0;0.9999775775634165;0.9999725231491059;1.0;1.024999976158142;
2016-08-03 22:30:00;0.9999865455321747;1.0;0.9999756018214655;0.99999293590757;0.9999973485084462;1.0;0.9999999999999999;0.9999936278840619;0.9999853766077669;0.9999982309691513;0.9999819389487287;0.9999974028863163;0.9999996208302624;0.9999943980005863;0.9999959164046329;0.9999989574937735;0.9999995816614035;0.9999970637083696;1.0;0.9999778498454998;0.9999816462191026;0.9999999999999999;1.0;0.9999992791578757;1.0001564211617362;0.9999770935433084;0.9999946136423769;0.9999983505348964;0.9995915565669152;0.999376695595122;0.9994391365921858;0.9994992725605646;0.9999964137564445;1.0;0.9999999999999999;0.9992411778342755;0.9992256393103377;0.9992161259737127;1.000134570698162;1.0;0.999978936135913;0.999974565436398;0.9999999999999999;1.024999976158142;
2016-08-03 22:45:00;0.9999768837213586;0.9999999999999999;0.9999585870212742;0.9999873703776841;0.9999960987671128;1.0;1.0;0.9999900132065794;0.9999761703401119;0.9999971607290418;0.9999681995674318;0.9999973276886037;0.9999994635453027;0.9999911424123177;0.9999931305682783;0.9999979630424222;0.9999992063216523;0.9999957634088035;1.0;0.9999624411925976;0.999968703444564;1.0;0.9999999999999999;0.9999984994012314;1.0001609569184569;0.9999602161027471;0.9999906982465536;0.9999973634516134;0.9996186002645253;0.9994096003494514;0.9994707549257558;0.9995278842503595;0.9999941920590457;0.9999999999999999;1.0;0.9992849632077401;0.9992691857314564;0.9992596719802385;1.0001378728736268;1.0;0.9999638124789019;0.999957148161913;0.9999999999999999;1.024999976158142;
2016-08-03 23:00:00;0.9999784479252446;1.0;0.9999605077954912;0.999987944132087;0.9999956777062273;0.9999999999999999;1.0;0.9999904129889202;0.9999761162775339;0.9999981331121008;0.9999690817037774;0.9999973835342958;0.9999993741479377;0.9999928444203564;0.9999952003332663;0.9999980983806795;0.9999991960489655;0.999995261144214;1.0;0.9999631525513637;0.9999696021646485;1.0;1.0;0.9999984377156804;1.0001604405505518;0.9999607611599498;0.9999908563122034;0.9999979831520752;0.9996166828067712;0.99940381823972;0.9994517729519218;0.9994996414869198;0.999994718336389;0.9999999999999999;1.0;0.9992252790803752;0.9992093613769064;0.9991994356922481;1.0001375982765783;0.9999999999999999;0.9999644527514807;0.9999583810413317;1.0;1.024999976158142;
2016-08-03 23:15:00;0.9999804962175564;1.0;0.9999635707828417;0.9999895563488941;0.9999959239320579;1.0;1.0;0.9999903632823823;0.9999776294298761;0.9999977008555744;0.9999727235508109;0.9999973276886039;0.9999994912339609;0.999992134534655;0.9999946386965629;0.9999984338106975;0.9999993427905037;0.9999955686649116;0.9999999999999999;0.9999666228313426;0.9999730570066339;1.0;1.0;0.9999988466329391;1.0001580194080266;0.9999656607858727;0.9999919469800085;0.999997723518251;0.9996298012258429;0.9994231284858303;0.9994740778159901;0.9995232006608449;0.9999947512260694;1.0;1.0;0.9992662527135865;0.9992513787775661;0.9992430394290317;1.0001356359479738;1.0;0.9999687426456259;0.9999617186220722;0.9999999999999999;1.024999976158142;
2016-08-03 23:30:00;0.9999822888749202;0.9999999999999999;0.9999684724315389;0.9999905435017359;0.9999968511517536;1.0;1.0;0.99999217827859;0.9999816919244975;0.9999977053069964;0.9999762341408434;0.9999969133751264;0.9999995289954527;0.9999929376645569;0.9999945751943737;0.9999985389343127;0.9999994314421322;0.9999965173570382;1.0;0.999971446348246;0.9999759984404138;1.0;1.0;0.9999989664751799;1.0001549412746293;0.9999699639714794;0.9999929568917242;0.9999978982123915;0.9996603326243138;0.9994695049168614;0.9995056328780972;0.9995461790985014;0.9999954663240432;0.9999999999999999;1.0;0.9992930656043846;0.9992762689751753;0.9992671360223089;1.0001330221078473;1.0;0.9999724419014979;0.9999673463762992;1.0;1.024999976158142;
2016-08-03 23:45:00;0.9999819647855814;1.0;0.9999680546704934;0.9999913706853447;0.9999953459720735;0.9999999999999999;1.0;0.999990660089186;0.9999793995008396;0.9999975293746766;0.9999779908261941;0.9999970311300932;0.9999991136845421;0.9999919888028003;0.999994889117473;0.9999990818521124;0.9999995896095888;0.9999945280415327;1.0;0.9999704257701968;0.9999744852024258;1.0;1.0;0.9999994701617917;1.000155812087414;0.9999700720065796;0.9999929122159731;0.9999976522339697;0.9996690426465834;0.9994799861520873;0.9995158560031404;0.9995553409261496;0.9999949722411701;1.0;1.0;0.9993072089284084;0.99929110290342;0.9992823823503856;1.0001340505729526;1.0;0.9999714001540422;0.9999660868184497;0.9999999999999999;1.024999976158142;
2016-08-04 00:00:00;0.9999840018860726;1.0;0.9999702878738751;0.9999923758650106;0.9999959743802393;1.0;1.0;0.9999909464760033;0.9999808191021955;0.9999974434472462;0.9999798259358533;0.9999972024853251;0.9999994078264622;0.9999919745495032;0.9999947266895738;0.9999991327181414;0.999999622048893;0.9999954383515565;1.0;0.9999730796432469;0.9999779968368504;1.0;1.0;0.9999995600882015;1.0001552952347263;0.9999736625730966;0.9999937406103884;0.9999976295101783;0.999629746363947;0.9994376056824363;0.9994631724245465;0.9995039819844075;0.9999951801719619;1.0;1.0;0.9992226970651682;0.9992068176332358;0.9991976853151243;1.0001336204881468;1.0;0.9999751918652489;0.9999686262059956;1.0;1.024999976158142;
2016-08-04 00:15:00;0.9999886515457246;1.0;0.9999754974281193;0.9999948757274887;0.9999965786258866;1.0;0.9999999999999999;0.9999912546984023;0.9999829505255566;0.9999976639624523;0.9999844100189984;0.9999972024853252;0.9999998228035829;0.9999924482373254;0.9999954575877936;0.9999994626792008;0.9999997306319898;0.9999964164486256;1.0;0.9999783784526487;0.9999848973226327;1.0;1.0;0.9999998609743214;1.0001515938464702;0.9999810587106779;0.9999954432311595;0.9999977929568804;0.9996386949169958;0.9994571334141364;0.9994986100051618;0.9995510039492933;0.9999956906061139;1.0;1.0;0.9993168207901455;0.9993015501750452;0.9992932104078006;1.0001306144735926;1.0;0.9999826762101778;0.9999738772887579;1.0;1.024999976158142;
2016-08-04 00:30:00;0.9999815299298233;0.9999999999999999;0.9999678458652821;0.9999909857365077;0.9999957288505041;1.0;1.0;0.9999910498188834;0.9999800512118857;0.9999974037380588;0.9999774338411523;0.9999973008883747;0.9999991682283774;0.9999919624658733;0.9999944492320276;0.9999989346230067;0.9999995585607446;0.9999949798232451;1.0;0.9999704917601648;0.9999742722452837;1.0;1.0;0.9999993650738245;1.0001549222994641;0.9999696877623669;0.9999928323319045;0.9999976138751031;0.9996346612092724;0.9994489275664201;0.9994661721006062;0.9995040904719268;0.9999950127940481;1.0;1.0;0.9992188151610024;0.999202636898153;0.9991927112802925;1.000133189068089;1.0;0.9999711524499295;0.9999662093352981;1.0;1.024999976158142;
2016-08-04 00:45:00;0.9999840536438349;1.0;0.9999695622374491;0.9999918423962406;0.9999958717609359;1.0;1.0;0.9999911694498783;0.9999800705508087;0.9999981501659586;0.999978102061024;0.9999970714417284;0.9999994369168272;0.9999931861421264;0.9999959654651059;0.9999989494566504;0.9999995143818796;0.9999954062041294;0.9999999999999999;0.9999717554756289;0.9999773851340783;1.0;1.0;0.9999992563736012;1.0001522491395556;0.9999717137936744;0.9999933350330747;0.9999980722700302;0.9996644537180736;0.999490080327208;0.9995145236684312;0.9995547834115578;0.9999954364376126;1.0;1.0;0.9993068115781395;0.999290223407871;0.9992807094563595;1.000130963217607;1.0;0.999973915034826;0.9999675008491539;1.0;1.024999976158142;
2016-08-04 01:00:00;0.9999862532846001;1.0;0.9999716813976641;0.9999935868567377;0.9999958439149855;1.0;0.9999999999999999;0.9999904006731479;0.9999803592889027;0.9999976970969763;0.999981357811392;0.9999971272874533;0.9999996085224022;0.9999921239676096;0.9999954692573118;0.9999993279762527;0.9999996569687447;0.9999954886478675;1.0;0.9999743720668383;0.99998099322373;1.0;0.9999999999999999;0.9999997058584301;1.0001476880727374;0.9999764403629094;0.9999943716973203;0.9999977325516455;0.9997474470231364;0.9995981757285751;0.9995945416044254;0.9996107597129206;0.9999952455906056;0.9999999999999999;1.0;0.9993682295324697;0.9993524268468905;0.9993437057586981;1.0001271730571915;1.0;0.9999782224365966;0.9999696303116953;1.0;1.024999976158142;
2016-08-04 01:15:00;0.9999884650335237;1.0;0.9999779471201746;0.9999945946059731;0.9999971047613736;1.0;1.0;0.9999930231370796;0.999985699860399;0.9999979189572561;0.9999853325055061;0.9999970117777296;0.9999996543493754;0.9999936346284778;0.9999957457535513;0.9999993819963572;0.9999997346710553;0.9999967908799013;1.0;0.9999803326039906;0.9999844658111808;1.0;1.0;0.9999997387416958;1.0001460952065244;0.9999812916386766;0.9999955340242409;0.9999981096821189;0.9997642936353874;0.9996215889039803;0.9996129659232688;0.9996252695724842;0.9999963111979249;1.0;1.0;0.9993873161631038;0.999371757072983;0.9993638292896181;1.0001258352294005;1.0;0.9999824784921354;0.9999767940805041;1.0;1.024999976158142;
2016-08-04 01:30:00;0.9999867604963707;1.0;0.9999794504338002;0.9999934897211425;0.9999974940245128;0.9999999999999999;1.0;0.9999951280073389;0.9999884278460097;0.9999981992766475;0.9999851561533255;0.9999971272874532;0.9999992799262037;0.9999950082404341;0.9999959559042386;0.9999992037219831;0.9999997126522637;0.9999968369688339;1.0;0.9999811081006592;0.9999816405357637;1.0;1.0;0.9999995087238015;1.000143846299062;0.9999792345946973;0.9999951038347147;0.9999984730804131;0.9997858527014057;0.9996528333001492;0.9996242543401044;0.999624242339043;0.9999969274502899;1.0;0.9999999999999999;0.9993689641264162;0.9993525510864955;0.9993430365415803;1.0001238153935368;1.0;0.9999797830126923;0.9999788212379728;1.0;1.024999976158142;
2016-08-04 01:45:00;0.9999862466510696;1.0;0.999978327340116;0.9999929983660897;0.9999978381172512;1.0;1.0;0.9999951265606488;0.9999883620616689;0.9999980328421489;0.9999839201864328;0.9999971004872384;0.9999994125241711;0.9999947461457369;0.9999954263053208;0.9999990113733866;0.9999996575129056;0.9999973327372538;1.0;0.9999804373702859;0.9999814268431291;1.0;1.0;0.9999993693689142;1.0001417023968153;0.9999784237532188;0.9999949251709668;0.999998373258058;0.9998199735752743;0.9997036396056483;0.9996437821924375;0.9996254085540273;0.9999968218777875;1.0;1.0;0.9993460898850648;0.9993298856685109;0.999320752225611;1.0001218425200067;1.0;0.9999793727195255;0.999977950347588;1.0;1.024999976158142;
2016-08-04 02:00:00;0.9999893462051602;1.0;0.9999825809956655;0.9999950929748607;0.9999977465778228;1.0;1.0;0.9999951586435281;0.9999896698321343;0.999998145415459;0.999988321221495;0.9999971004872383;0.9999994700675024;0.9999949319156008;0.9999961045804965;0.9999994764312921;0.9999998125830097;0.9999972411978714;1.0;0.9999843710235973;0.9999855536811442;1.0;1.0;0.9999997904674279;1.0001379590812953;0.9999838927721504;0.999996161024877;0.9999984454198262;0.9998610724942907;0.9997665982932028;0.9997212262174143;0.9997117585311912;0.999997125296025;1.0;0.9999999999999999;0.9995029421020448;0.9994882735906863;0.9994811384502162;1.0001188616021819;1.0;0.9999842279380173;0.9999820100221978;1.0;1.024999976158142;
2016-08-04 02:15:00;0.9999894644493453;1.0;0.999982740517784;0.9999949020318847;0.9999981867142279;1.0;1.0;0.9999955632212689;0.9999903559674151;0.9999981496954917;0.9999879279443373;0.9999972024853253;0.9999995940038486;0.9999951196012261;0.9999959397295262;0.9999993339083403;0.9999997740931319;0.9999978222737292;1.0;0.9999847487563727;0.9999860741426977;1.0;1.0;0.9999996660372368;1.0001400487399064;0.9999840159021371;0.999996207125139;0.9999984850707361;0.9998352547346662;0.9997267348699588;0.9996590166856603;0.9996360102011789;0.9999972481262456;1.0;1.0;0.9993576814716331;0.9993411895577367;0.999331262563558;1.0001205918079337;1.0;0.9999846512551759;0.9999824317681996;1.0;1.024999976158142;
2016-08-04 02:30:00;0.9999900569372882;1.0;0.9999853638290418;0.9999947404297315;0.999998390902306;1.0;1.0;0.9999972742497089;0.9999923160725281;0.9999990626036803;0.9999884547713527;0.9999972024853252;0.9999994295505734;0.9999973182474574;0.9999975856299179;0.9999992618523763;0.9999997326046582;0.9999978946946134;1.0;0.9999861909125259;0.999985923936859;1.0;0.9999999999999999;0.9999994256550687;1.0001386169909912;0.9999837468937083;0.9999962089602722;0.9999991888814102;0.999845682596889;0.9997437635781706;0.9996874357360642;0.9996715951299161;0.9999980937082783;1.0;1.0;0.9994270187582681;0.9994108430699061;0.9994013279700098;1.000119404258828;1.0;0.9999843267193547;0.9999849730986726;1.0;1.024999976158142;
2016-08-04 02:45:00;0.999991428293204;1.0;0.9999871753260293;0.999995585636925;0.9999981873543038;1.0;1.0;0.9999973147859311;0.9999926021165965;0.9999993411768932;0.9999901412828203;0.9999972024853253;0.9999994086775532;0.9999977745790032;0.9999983546462479;0.9999994678052562;0.9999997855877397;0.9999976513244346;1.0;0.999987560283564;0.9999873956771044;1.0;1.0;0.9999995641611268;1.0001379033913818;0.9999856129497753;0.9999966382985707;0.9999993592617782;0.9998480853240651;0.9997462173997647;0.9996939403779804;0.9996797775107964;0.9999983048085089;0.9999999999999999;0.9999999999999999;0.9994429764202117;0.9994274108617714;0.9994186891192129;1.0001189246713842;0.9999999999999999;0.9999859789648959;0.9999865046776888;1.0;1.024999976158142;
2016-08-04 03:00:00;0.999992850706663;0.9999999999999999;0.9999897820784132;0.9999966252523955;0.9999982999906468;1.0;1.0;0.9999976225036024;0.9999939348140737;0.9999992770660349;0.9999927289469719;0.9999970714417286;0.9999994116673268;0.9999978081213121;0.9999984251994242;0.9999997004822744;0.9999998799657511;0.9999977348791599;0.9999999999999999;0.9999900875951069;0.9999894455461122;1.0;1.0;0.999999798875094;1.0001372175457195;0.9999886803303845;0.9999973325779332;0.9999993503197876;0.9998446718340089;0.9997414814807273;0.9996773344064187;0.9996562201461037;0.9999985078953775;1.0;1.0;0.9993941210447913;0.9993778244246784;0.9993686905436389;1.000118445695507;1.0;0.9999885563808403;0.9999892166551883;0.9999999999999999;1.024999976158142;
2016-08-04 03:15:00;0.9999950119298266;1.0;0.9999908643836622;0.9999972608996507;0.9999988232702494;1.0;1.0;0.9999977019513245;0.9999942351086585;0.9999996479644112;0.9999929355225297;0.9999971272874534;0.9999998052343595;0.9999984280397828;0.9999990792570008;0.9999996038287274;0.9999998221907983;0.9999986702369952;1.0;0.9999913266195783;0.9999927552033984;1.0;1.0;0.9999996635950427;1.0001360478301613;0.9999907879640662;0.9999978481740778;0.9999995790195576;0.9998688238996765;0.9997763073352047;0.9997078183973992;0.9996836083001291;0.9999987741536912;1.0;1.0;0.9994359423965598;0.9994204316536165;0.999412090894235;1.0001174215766626;1.0;0.9999915602276419;0.9999902450426412;1.0;1.024999976158142;
2016-08-04 03:30:00;0.9999878928097294;1.0;0.9999830739036076;0.9999935514131875;0.9999977750587572;0.9999999999999999;1.0;0.9999971711155506;0.9999909486952392;0.9999992923042093;0.9999862713259943;0.9999972315308154;0.9999991163856307;0.9999976369321277;0.9999979684558814;0.9999991610534494;0.9999996780502994;0.9999969877715412;1.0;0.999983334163625;0.9999820908166691;1.0;1.0;0.9999992632208279;1.0001393005651524;0.9999796416872889;0.9999952726875403;0.9999993154970269;0.9998521687612948;0.9997518666376167;0.9996935691786432;0.9996760456152417;0.9999979714315999;1.0;1.0;0.9994322471677443;0.9994173837891706;0.9994094556438594;1.0001199671737209;1.0;0.9999801015493568;0.999982346653658;1.0;1.024999976158142;
2016-08-04 03:45:00;0.9999905028428369;0.9999999999999999;0.999986621639619;0.9999955903888865;0.999997668985564;1.0;1.0;0.9999968450399295;0.9999919833533161;0.9999990355322761;0.9999906064987358;0.99999743191589;0.9999991764183256;0.9999970838393234;0.9999979458664616;0.9999996444297231;0.9999998554764375;0.9999968725540385;1.0;0.9999869493806708;0.9999858944149022;1.0;1.0;0.999999769974311;1.000138594223797;0.999985073592375;0.9999964797009671;0.9999991334313747;0.9998300290511465;0.9997203411672237;0.999659223055258;0.9996403592049391;0.9999980255040732;1.0;1.0;0.9993704847830369;0.9993553288139205;0.9993461951384812;1.0001195854658882;1.0;0.9999847805168258;0.9999858417942663;1.0;1.024999976158142;
2016-08-04 04:00:00;0.9999939001409314;1.0;0.9999889512632871;0.9999969446165861;0.9999987042125894;1.0;1.0;0.9999969308181043;0.9999932551169328;0.9999990809240734;0.9999921508648874;0.9999971272874532;0.9999998082539479;0.9999971920854849;0.9999979734853929;0.9999995893524937;0.9999998356290885;0.9999985420349834;1.0;0.9999900483837911;0.9999917253081597;1.0;1.0;0.9999997531608367;1.0001371484349675;0.9999899326693282;0.999997617612767;0.999999168860589;0.9998552488655497;0.9997559578461329;0.9997041016779586;0.9996896413282084;0.9999982872831489;1.0;1.0;0.9994591625303044;0.9994436514269963;0.9994353104738323;1.0001183098253221;1.0;0.9999906169816712;0.999988475469709;1.0;1.024999976158142;
2016-08-04 04:15:00;0.9999919886427469;1.0;0.9999872255551039;0.9999958280918617;0.9999980240529257;1.0;1.0;0.999997058422017;0.9999920770187019;0.9999995367106694;0.9999901997441724;0.9999971563329367;0.9999994505724183;0.9999979686221098;0.9999988166946475;0.9999995099045318;0.9999997790586561;0.9999975294092267;1.0;0.999987443627398;0.9999879395295017;1.0;1.0;0.9999995676787615;1.0001375497384517;0.9999858698141151;0.9999967006636945;0.9999994523151227;0.9998533628272637;0.9997534526762508;0.9997016313004797;0.9996874138280863;0.999998322954488;1.0;1.0;0.999455746559491;0.9994394237245448;0.9994299083525403;1.0001186631666357;1.0;0.9999864019154421;0.9999863004861212;1.0;1.024999976158142;
2016-08-04 04:30:00;0.9999896665178207;1.0;0.9999865298260616;0.999994493677907;0.9999980282983593;0.9999999999999999;1.0;0.9999981133401751;0.9999929184273202;0.9999996318494097;0.999988790222944;0.9999973276886038;0.9999991098349167;0.9999985883633092;0.9999987412652948;0.999999326193093;0.9999997382225615;0.9999972211020033;1.0;0.9999862922317267;0.9999842957700267;1.0;1.0;0.9999993606294382;1.0001381521361852;0.9999825401428828;0.999995957945572;0.999999606464316;0.9998408873857052;0.9997389805488014;0.9996792723110856;0.9996624536087089;0.9999985097867085;1.0;1.0;0.9994103220838965;0.9993954460034244;0.9993871054525633;1.0001190920058736;1.0;0.9999826663283398;0.999985861450981;1.0;1.024999976158142;
2016-08-04 04:45:00;0.9999935280801596;1.0;0.999990229687225;0.9999967611710326;0.9999986360411448;1.0;1.0;0.9999978149793946;0.9999943618296746;0.9999993562014027;0.9999927338004599;0.9999972873605997;0.9999995714714807;0.9999980187438865;0.9999984956745497;0.9999996246593712;0.9999998533937045;0.9999982409507323;1.0;0.9999906895955941;0.9999906472769932;1.0;1.0;0.9999997241865117;1.0001367796640275;0.999989447953708;0.9999975227427383;0.9999994152601797;0.9998497808807496;0.9997494673241932;0.9996979045768941;0.9996842788943293;0.9999986287555042;1.0;1.0;0.9994512561449385;0.9994356408371744;0.999426506427718;1.0001180342848375;1.0;0.9999896654543524;0.99998977625883;1.0;1.024999976158142;
2016-08-04 05:00:00;0.9999939164494343;1.0;0.9999908858075848;0.9999970770577203;0.9999990042962115;1.0;1.0;0.9999978939972296;0.9999951701269486;0.9999990113659684;0.9999935484473601;0.9999971563329368;0.9999996847119259;0.9999975094449939;0.9999977974886334;0.9999996390924034;0.9999998852903672;0.9999987103231113;1.0;0.9999918349703089;0.9999918166293943;1.0;1.0;0.9999998134810786;1.0001370047421234;0.9999909799245497;0.9999978637261747;0.9999992170686048;0.9998387700036429;0.9997326623645247;0.9996727956324336;0.9996540566622035;0.9999985820644949;1.0;1.0;0.9993936401547187;0.9993782216930766;0.9993698812859623;1.0001181998462596;1.0;0.999991116321433;0.9999907863850637;1.0;1.024999976158142;
2016-08-04 05:15:00;0.9999900855216576;1.0;0.9999851679662869;0.9999948749459286;0.9999985029717777;1.0;1.0;0.9999970278020052;0.9999923171559518;0.9999987734759164;0.9999886629342692;0.9999971563329367;0.9999994990415119;0.9999967544099772;0.9999970349554242;0.9999992774984723;0.9999997515322462;0.9999980664952554;1.0;0.9999863835344097;0.9999863734133222;1.0;1.0;0.9999994976804512;1.0001405612296774;0.999984354877868;0.9999963336505784;0.9999989930058909;0.9998296807766335;0.9997204559485207;0.9996541124449159;0.9996329528441168;0.9999979364851471;1.0;1.0;0.999355060977585;0.9993393501214105;0.9993306291473351;1.000121064520406;1.0;0.9999849119753913;0.9999849335313026;0.9999999999999999;1.024999976158142;
2016-08-04 05:30:00;0.9999901394060949;1.0;0.9999849722451908;0.9999948370915469;0.9999978719224666;1.0;1.0;0.9999968496697319;0.9999912206754147;0.9999993419952313;0.9999883019022449;0.99999079626711;0.9999993320646806;0.9999975707650353;0.9999982905277722;0.9999993590928877;0.9999997344105674;0.9999972761615484;1.0;0.9999853463546748;0.9999853994777042;1.0;0.9999999999999999;0.9999994520166012;1.0001406369495418;0.9999830869415496;0.9999960554777597;0.9999993160458559;0.999832229144305;0.9997216785913451;0.999659767954342;0.9996399842080909;0.9999980574334306;0.9999999999999999;1.0;0.9993686728896227;0.9993334235176075;0.9993254960383336;1.0001212340294536;1.0;0.9999836450815632;0.999984111344801;1.0;1.024999976158142;
2016-08-04 05:45:00;0.9999929820098564;1.0;0.999987643917796;0.9999964490503255;0.9999980606556149;1.0;1.0;0.9999966213112713;0.9999918674829074;0.9999994181020363;0.9999909934726655;0.9999732500286433;0.9999995815105878;0.9999975867940785;0.9999987024163265;0.9999996023435972;0.9999998072948691;0.999997696215162;1.0;0.9999881309949656;0.9999895923087999;1.0;1.0;0.9999996763035425;1.0001441263095578;0.9999875297674872;0.9999970680688388;0.9999993411690191;0.9997987910374806;0.9996801521542915;0.9995905388710368;0.9995590615694491;0.9999982253161702;1.0;1.0;0.9992171580936398;0.9991260025809919;0.9991176642787969;1.0001243886495157;1.0;0.999988167800331;0.9999866732579434;1.0;1.024999976158142;
2016-08-04 06:00:00;0.9999941423736486;0.9999999999999999;0.9999911063672053;0.9999971588432853;0.9999985285933868;1.0;0.9999999999999999;0.9999978418610002;0.9999945250200605;0.9999994787396934;0.9999935669462457;0.999975730452015;0.999999538230508;0.999998224185451;0.9999988455437456;0.99999972646315;0.999999880816408;0.9999981028576393;1.0;0.9999913504096103;0.9999912877258599;1.0;1.0;0.9999997898449279;1.0001442784463925;0.9999903218219981;0.9999977226066885;0.9999994909030553;0.9997741954906172;0.9996462648685316;0.9995516151166799;0.9995183003324707;0.9999987293656063;1.0;1.0;0.9991463317320702;0.9990627502990862;0.9990540317388255;1.0001245864340882;1.0;0.9999904066806895;0.9999905244592555;1.0;1.024999976158142;
2016-08-04 06:15:00;0.9999911970071207;1.0;0.9999870316975247;0.9999954623924683;0.9999984265693841;1.0;1.0;0.9999974113798182;0.9999929773279512;0.9999991295889945;0.9999900279949714;0.9999613447862898;0.9999994279010648;0.9999974843820836;0.9999978579815778;0.9999994101718087;0.9999997833252474;0.9999979410980431;1.0;0.9999877295924038;0.999987457972856;1.0;1.0;0.9999995396413796;1.000147581204585;0.9999857301548696;0.9999966626095272;0.9999992417723684;0.9997646556751034;0.9996382773807456;0.9995379711213283;0.9995050452942734;0.9999982526850283;1.0;1.0;0.9991245928860892;0.9989945321959749;0.9989846086453303;1.0001272408405641;1.0;0.9999861133926854;0.9999866095002861;1.0;1.024999976158142;
2016-08-04 06:30:00;0.9999877384393732;1.0;0.9999827981914331;0.9999938241697028;0.9999981076264467;1.0;1.0;0.999996747085604;0.9999913085502437;0.9999985028602271;0.9999869721458142;0.9999542590653674;0.999999202093626;0.9999962046111183;0.9999964347155339;0.9999992022303708;0.999999736533737;0.9999974214844728;1.0;0.9999840321491054;0.9999829413130072;1.0;1.0;0.9999994375573391;1.000151506430785;0.9999811506781114;0.9999955816362359;0.9999988048775511;0.9997347784577965;0.9995989667270156;0.9994758189427997;0.9994326638546647;0.9999976016538655;1.0;0.9999999999999999;0.9989894784007256;0.9988382243749729;0.9988298884744585;1.0001304629734147;1.0;0.9999813936505779;0.9999825716170816;1.0;1.024999976158142;
2016-08-04 06:45:00;0.9999869146008528;1.0;0.9999802531938146;0.9999939217098955;0.9999988470791427;1.0;1.0;0.999995317408531;0.9999909167520824;0.9999967618249154;0.9999867234856507;0.9999536617730613;0.9999996067126403;0.9999928290745115;0.9999929265699168;0.999999120650289;0.9999997914035672;0.9999985316332567;1.0;0.9999839121581633;0.9999843174085297;1.0;1.0;0.9999997127659416;1.0001544357700667;0.999982980168285;0.9999959228575456;0.999997632225453;0.9997005588951287;0.9995446812286272;0.999439564688268;0.9994056030373487;0.9999965779613257;1.0;1.0;0.9989565242520392;0.9988006555874901;0.998788767247739;1.0001327779756917;1.0;0.9999833252209301;0.999981038929298;1.0;1.024999976158142;
2016-08-04 07:00:00;0.9999682801180065;1.0;0.9999549328504493;0.9999856598252045;0.999998379558149;1.0;1.0;0.9999899098051839;0.9999817658106771;0.999991147516082;0.9999704884526223;0.9999486972677307;0.9999991458149059;0.9999816364517751;0.9999808229463534;0.9999978973046018;0.9999996081429409;0.9999976520060825;1.0;0.9999647668983742;0.9999635275431636;1.0;1.0;0.9999995452228463;1.0001687116208995;0.9999621508743765;0.9999909028049532;0.9999937620784749;0.9995599971351483;0.9993957197760113;0.9992859545598874;0.9992804859774845;0.999991835336187;0.9999999999999999;0.9999999999999999;0.9987848725965847;0.9986141804076102;0.9986034677666028;1.0001439118652355;1.0;0.9999621569820946;0.9999581291233078;1.0;1.024999976158142;
2016-08-04 07:15:00;0.9999700803801466;1.0;0.999955952466669;0.9999863173697405;0.9999989255459905;1.0;1.0;0.999989905374236;0.9999822684964572;0.9999912129174788;0.9999710499538731;0.999958171183057;0.9999995229119646;0.9999817401675416;0.9999809088702917;0.9999978434533773;0.9999995844199657;0.9999985595413238;1.0;0.9999661895562947;0.9999666007261965;1.0;1.0;0.9999995156297988;1.0001700216184712;0.9999645187216267;0.9999914618982515;0.9999937999650791;0.9993765460769758;0.9992127358043938;0.9991000281779349;0.9991352337003336;0.9999919705221932;1.0;1.0;0.9985954747322733;0.998389184682177;0.9982931557084394;1.0001450233401044;0.9999999999999999;0.9999651508846488;0.9999592716548752;0.9999999999999999;1.024999976158142;
2016-08-04 07:30:00;0.9999802070434456;1.0;0.9999700941513188;0.999989998065309;0.9999982652522271;1.0;1.0;0.9999938564633938;0.9999862197614563;0.9999961720992037;0.9999779803817702;0.999940117557691;0.9999993515215068;0.9999912566599828;0.9999911561326459;0.9999984121609684;0.9999995449352647;0.9999978088668726;1.0;0.9999745726309021;0.9999752164606375;1.0;1.0;0.9999991118382364;1.0001724483376286;0.9999716710493942;0.9999933113270684;0.999997141613634;0.9992775867027571;0.9990897581992231;0.9989492582302707;0.9989796276541412;0.9999953936857315;1.0;1.0;0.998329363491174;0.9980821729251547;0.9980072005662147;1.000147924928216;1.0;0.9999729080100103;0.9999708768820792;1.0;1.024999976158142;
2016-08-04 07:45:00;0.9999898381329843;1.0;0.9999838049062526;0.9999950567475108;0.9999989032007135;1.0;0.9999999999999999;0.9999961216825395;0.9999919918820757;0.99999779762705;0.9999886595688877;0.9999476395652339;0.9999996961753118;0.9999948139646444;0.9999950946644115;0.9999992526306969;0.9999997866928917;0.9999986996087056;1.0;0.9999864064228681;0.9999874599052939;1.0;1.0;0.9999996441662269;1.0001670729178689;0.9999856733221134;0.9999965910590324;0.9999983265286557;0.999255360563862;0.9990699935869429;0.9989374198339223;0.9989774535206555;0.9999973450736985;1.0;0.9999999999999999;0.9983382384313119;0.998099893390378;0.9980054697197227;1.0001438807291019;1.0;0.9999863191381497;0.9999841019865946;1.0;1.024999976158142;
2016-08-04 08:00:00;0.9999892354428064;0.9999999999999999;0.999984789104642;0.9999947560604019;0.9999988546940287;0.9999999999999999;1.0;0.9999969691200274;0.9999930393834942;0.999998005677825;0.9999890218248255;0.9999387974491162;0.9999994379312326;0.9999955197930008;0.9999954642588668;0.9999992658803413;0.9999998003997265;0.9999984197812137;1.0;0.9999868368780889;0.9999861390550359;1.0;0.9999999999999999;0.9999995946849465;1.0001724909364191;0.9999849289545398;0.9999964359888922;0.9999985288795722;0.9991512343512204;0.9989261535747915;0.9987607609770525;0.9987871824004989;0.9999976405752803;1.0;0.9999999999999999;0.9980013676079275;0.9976974082939079;0.9975539719297984;1.0001485909269994;1.0;0.9999851168195532;0.9999851534439628;1.0;1.024999976158142;
2016-08-04 08:15:00;0.9999790856915525;1.0;0.9999711586995709;0.9999887859283004;0.9999983378362675;1.0;0.9999999999999999;0.9999958183076578;0.9999877988899036;0.9999971671258543;0.9999767236088902;0.9999467332201177;0.9999990289884247;0.9999936988591985;0.9999927922967932;0.9999981747477823;0.9999994468519732;0.9999976011354572;1.0;0.9999742378317479;0.9999723849837973;1.0;1.0;0.9999986957045404;1.000180162098548;0.9999684405092627;0.9999926474729829;0.9999979162306063;0.9990774024291892;0.9988137673992519;0.998703770852804;0.9987620683557566;0.9999962147746179;1.0;1.0;0.9980034830635226;0.9977353332742295;0.9976058239951808;1.000154566987232;1.0;0.9999696254828216;0.9999718678791136;0.9999999999999999;1.024999976158142;
2016-08-04 08:30:00;0.9999812262265078;1.0;0.9999736827739018;0.9999895217862294;0.9999987708077472;0.9999999999999999;1.0;0.9999965505015754;0.9999890916186293;0.9999977205481289;0.9999779478799049;0.9999438395104182;0.9999992269200219;0.9999948935550893;0.9999938527546953;0.9999981727629756;0.9999994277065564;0.9999982470820901;1.0;0.9999764079319998;0.9999752201871271;1.0;1.0;0.9999986055344146;1.000179133356803;0.9999707932509578;0.9999932279283906;0.9999983152034113;0.9991087702740673;0.9988567815935369;0.998696368182303;0.9987236222105331;0.9999967546483597;1.0;1.0;0.9978972124893202;0.9976209147402546;0.9974926691765256;1.0001537308282922;0.9999999999999999;0.9999723784298155;0.9999743425989258;1.0;1.024999976158142;
2016-08-04 08:45:00;0.9999875206436115;1.0;0.9999793633458437;0.9999939321104975;0.9999978325105524;1.0;1.0;0.9999946647391839;0.9999884001071301;0.9999978285748105;0.9999855246263815;0.999927841904109;0.999999423063141;0.9999942188851136;0.9999952360518066;0.9999991997943651;0.9999997244887158;0.9999974190753032;0.9999999999999999;0.9999817428211423;0.9999834882694068;1.0;1.0;0.9999995341700783;1.0001828501562926;0.9999809232056994;0.9999954776877387;0.9999982086109866;0.9990260385791361;0.998743001215402;0.9985870351432269;0.998621393090124;0.9999967240621119;1.0;1.0;0.9977360287076691;0.9974254563798614;0.9973184089230526;1.0001575071854822;1.0;0.9999817485542941;0.9999789565676533;1.0;1.024999976158142;
2016-08-04 09:00:00;0.9999754444381942;1.0;0.9999637753572871;0.9999882671942731;0.9999977423851353;1.0;1.0;0.9999920191247151;0.999983419390207;0.9999945755784522;0.9999747476606067;0.9999235092685083;0.9999990663756904;0.9999879514705402;0.9999879918341988;0.9999982962992546;0.9999995642717743;0.9999970363344709;1.0;0.9999697342960715;0.9999697031288766;1.0;1.0;0.999999246582837;1.0001926435992052;0.999966856505044;0.9999921248264487;0.9999960107896372;0.9989493160412886;0.9986449396925913;0.998433644334777;0.9984450774329828;0.9999940292486486;1.0;1.0;0.9974105194631971;0.9970630218627441;0.9969256787683853;1.0001651723373852;1.0;0.9999675591470393;0.9999649908424352;0.9999999999999999;1.024999976158142;
2016-08-04 09:15:00;0.9999615348034244;1.0;0.9999416201249239;0.9999822781840169;0.9999979557437265;1.0;1.0;0.9999860797760923;0.999974866434926;0.9999891009502779;0.9999614052176442;0.9999462302489118;0.9999993648415099;0.9999767526991531;0.9999764140757627;0.9999972484563414;0.999999416237099;0.99999749018595;1.0;0.9999543450277978;0.9999563229198241;1.0;1.0;0.9999992979378389;1.0001914588702134;0.9999526779099875;0.9999886407071467;0.9999921716087444;0.9990645083398187;0.9987954743945793;0.998678234889361;0.9987352424140749;0.9999894913552376;1.0;1.0;0.9979569436597737;0.9977237137379734;0.9976416693408926;1.0001630432949513;1.0;0.9999539351352694;0.9999451606862217;1.0;1.024999976158142;
2016-08-04 09:30:00;0.9999807103689295;0.9999999999999999;0.9999707636856725;0.999989925140969;0.9999986792251904;1.0;0.9999999999999999;0.999994415240743;0.9999870284537987;0.9999963868287088;0.9999777863979099;0.999947311389853;0.9999994894935058;0.9999918484350268;0.9999914329555263;0.9999982852865618;0.9999995009091771;0.9999983653432241;1.0;0.9999752144781476;0.9999760388276775;1.0;1.0;0.9999989693237344;1.0001807017490554;0.9999719879706479;0.9999934150292842;0.9999973198385386;0.9990686824529795;0.9988025334333662;0.9986570230774426;0.9986955914103096;0.9999956621974816;1.0;0.9999999999999999;0.9978655786287265;0.9975902782944367;0.9974490630234888;1.0001550160764865;1.0;0.999973575503148;0.999971694427411;1.0;1.024999976158142;
2016-08-04 09:45:00;0.9999526179178687;1.0;0.9999298685353707;0.9999785296485967;0.9999987034290365;1.0;1.0;0.9999836219371697;0.9999721272043427;0.999985400888062;0.9999545105352692;0.9999375908949439;0.9999993977806677;0.9999698905076134;0.9999685261415066;0.9999965822835873;0.9999993740526335;0.9999982976021644;1.0;0.9999469265387311;0.9999481054968222;1.0;1.0;0.9999993421597061;1.0001994994471248;0.9999450619567489;0.999986766552464;0.9999897180703708;0.9990375761360397;0.9987521933417396;0.9985959614527268;0.9986302283037665;0.9999869708415071;1.0;1.0;0.99775087898062;0.9974446686176326;0.997303209440108;1.000169266107647;1.0;0.9999460827958191;0.9999355395827196;1.0;1.024999976158142;
2016-08-04 10:00:00;0.9999785870740109;1.0;0.9999689236165462;0.999989494535556;0.9999986758478857;1.0;1.0;0.9999937796177089;0.999986874290053;0.9999952090238303;0.9999777191525897;0.999934522810614;0.9999993258896049;0.9999897125491847;0.9999891299133036;0.9999983300939843;0.9999995822916334;0.9999981995533975;1.0;0.9999744395129897;0.9999741167585453;1.0;1.0;0.999999208953275;1.0001883528803504;0.9999713958265991;0.9999932153051977;0.9999965577075287;0.9989882509430814;0.9986931820485858;0.998540788743195;0.9985812691973123;0.9999949801692535;1.0;1.0;0.9976777174099686;0.9973994185476144;0.9973068554999869;1.0001615366942491;0.9999999999999999;0.9999722371499473;0.9999704582701829;1.0;1.024999976158142;
2016-08-04 10:15:00;0.9999849873288646;1.0;0.9999779033508265;0.9999925599615863;0.9999983246149273;1.0;1.0;0.9999954190436753;0.9999894866542296;0.9999972950928796;0.9999838984987001;0.9999216631935711;0.9999992654443314;0.9999937189876368;0.999993819678678;0.999998922559454;0.9999996870053566;0.9999977993257301;1.0;0.9999808021138172;0.999980634571681;1.0;0.9999999999999999;0.9999993592265807;1.0001988369032773;0.9999783814925344;0.9999948967424931;0.9999979582627784;0.9988211052119291;0.9984488505103287;0.9983513291500413;0.9984262062888438;0.9999966130176224;1.0;1.0;0.9974681424725353;0.997149483083122;0.9970572496531476;1.0001711272022171;1.0;0.9999789695677196;0.9999782517501545;1.0;1.024999976158142;
2016-08-04 10:30:00;0.9999840844562905;1.0;0.9999753742100307;0.9999918147305605;0.9999985475483807;0.9999999999999999;0.9999999999999999;0.9999948990143243;0.9999883914704055;0.9999970556426363;0.9999816362195917;0.9999296779796278;0.9999994766722585;0.9999931126606828;0.9999931283987157;0.9999986702310888;0.9999996013625876;0.9999982336664557;0.9999999999999999;0.9999789236469886;0.9999799652353524;1.0;1.0;0.9999991885355997;1.0001918777488048;0.9999766338838193;0.999994496172292;0.999997766168569;0.9989224111132861;0.998596069708296;0.9984809318868147;0.9985435393591623;0.9999962852492722;1.0;1.0;0.9976459050680412;0.9973545511685064;0.9972649263448408;1.0001649531408716;1.0;0.9999778926733688;0.999975864696208;1.0;1.024999976158142;
2016-08-04 10:45:00;0.9999878009693262;0.9999999999999999;0.9999810316935934;0.9999934861198382;0.999998696791174;1.0;1.0;0.9999962931549451;0.999990762191878;0.9999982035843055;0.9999852696105421;0.9999342107866759;0.9999995283305517;0.9999955335317086;0.9999955988741911;0.9999989326206924;0.999999651006316;0.9999984119907136;0.9999999999999999;0.999983225600557;0.9999840484999637;1.0;1.0;0.9999992375281874;1.0001958541915095;0.9999809902321417;0.9999955491467492;0.9999985831457303;0.9988698187406988;0.9985201858526324;0.9984209016565037;0.9984941455129597;0.9999973418345299;1.0;0.9999999999999999;0.997580483306223;0.9973009354072021;0.9972080017425589;1.0001686434233705;0.9999999999999999;0.9999821499607917;0.9999811145237067;1.0;1.024999976158142;
2016-08-04 11:00:00;0.9999855284395333;1.0;0.9999785235196479;0.9999928571757966;0.9999977643927744;1.0;1.0;0.999995339212498;0.9999888330918988;0.999997829634402;0.9999843371779564;0.9999263769352729;0.9999991337683991;0.9999945233607859;0.999995056643699;0.999999068237441;0.9999996975578728;0.9999970874279841;1.0;0.9999805994187917;0.9999804144947021;1.0;1.0;0.9999993924104871;1.000197260896306;0.9999781519072439;0.9999948516189308;0.99999827087379;0.9988648771769704;0.9985147539226343;0.9983984428785208;0.9984629972540359;0.9999967936672767;1.0;0.9999999999999999;0.9975161530790895;0.9972078289287369;0.9971096689895583;1.0001698979472569;1.0;0.9999786174736518;0.9999783019550822;1.0;1.024999976158142;
2016-08-04 11:15:00;0.9999839839556618;1.0;0.9999767096258558;0.9999919212969451;0.9999982643237076;1.0;1.0;0.9999954501783763;0.9999890725445023;0.9999973153955349;0.9999826469188137;0.9999287550207706;0.9999992219373539;0.9999937613960924;0.9999937326865324;0.9999988034765473;0.9999996452861566;0.9999976884759001;0.9999999999999999;0.9999795796951528;0.9999791485702227;1.0;1.0;0.9999992522527968;1.0001930242635944;0.9999765893558877;0.9999944893205647;0.9999979741205964;0.9988911192958101;0.9985483783135461;0.9984337698734459;0.9984960186473258;0.999996541042339;0.9999999999999999;1.0;0.9975665479909166;0.9972629736601419;0.997161230298773;1.0001660391242628;1.0;0.999977275694681;0.9999770646804249;1.0;1.024999976158142;
2016-08-04 11:30:00;0.9999811020070537;0.9999999999999999;0.9999708162828957;0.9999906618043114;0.9999986765932554;0.9999999999999999;1.0;0.9999935968697943;0.9999868360190133;0.9999956786042552;0.9999792013374775;0.999930433528937;0.9999995376756536;0.9999903666047526;0.9999902404460287;0.9999984767131095;0.9999995949887764;0.9999984132700065;1.0;0.9999760420775361;0.9999773511793543;1.0;1.0;0.9999992652143853;1.0001948968228682;0.9999741794794244;0.999993868226999;0.999996822435605;0.9988777388782377;0.9985305367915269;0.9984172881434982;0.9984816241788177;0.9999952412587784;1.0;1.0;0.9975452303017245;0.9972428295536668;0.9971357030064508;1.0001673227158274;1.0;0.9999754066052441;0.9999719599650797;0.9999999999999999;1.024999976158142;
2016-08-04 11:45:00;0.999982214352269;1.0;0.99997246449246;0.9999912421269778;0.9999985107942916;0.9999999999999999;1.0;0.9999938548424523;0.9999872047717603;0.9999960765627797;0.999980416302653;0.9999333145104793;0.9999995012904774;0.9999911081099038;0.9999911672325027;0.9999986147235721;0.9999996220124858;0.9999981953485113;0.9999999999999999;0.9999771266884518;0.9999783523681753;1.0;1.0;0.9999993221165449;1.000198728657909;0.9999753663225135;0.9999941515518834;0.9999970842626515;0.9988588006970801;0.9985038492137516;0.9983996466352593;0.9984706194632756;0.9999955320770246;1.0;1.0;0.9975380387917104;0.9972467146362951;0.9971421413490452;1.0001707506018578;1.0;0.9999764648881865;0.9999733322752833;0.9999999999999999;1.024999976158142;
2016-08-04 12:00:00;0.9999837186784931;1.0;0.9999758551347615;0.999992015410652;0.999998196408586;1.0;0.9999999999999999;0.9999948406273493;0.999988477059786;0.9999969128390613;0.999982639012664;0.9999267085609597;0.9999992586786515;0.9999928564353118;0.9999930079766672;0.9999988484670989;0.9999996722847047;0.9999976480502082;1.0;0.9999791981956123;0.9999791898619462;0.9999999999999999;1.0;0.9999993664291155;1.000195403704703;0.9999768400429182;0.9999945175240758;0.9999976771848211;0.9988700382222412;0.9985209890294645;0.9984152697032148;0.9984849688606237;0.9999962135633399;0.9999999999999999;0.9999999999999999;0.997558961875668;0.9972517301683508;0.9971536394896119;1.0001680808606144;1.0;0.9999774533317923;0.9999762886659023;1.0;1.024999976158142;
2016-08-04 12:15:00;0.9999872255332486;1.0;0.9999819663934517;0.9999935252808675;0.9999983361713659;1.0;0.9999999999999999;0.9999966565216677;0.999991303515531;0.9999982221405441;0.9999863267280592;0.9999320656623591;0.9999992166387417;0.9999957227844688;0.9999957699641612;0.9999991004657449;0.9999997184892426;0.9999977280817387;1.0;0.9999836494296958;0.9999827124963271;1.0;0.9999999999999999;0.9999993707725798;1.000194378717403;0.9999807702076774;0.9999954870454303;0.9999986285384498;0.9988313099154212;0.9984660356687711;0.998382586569568;0.9984658426944273;0.9999974432460172;0.9999999999999999;1.0;0.997545515769289;0.9972639820384391;0.9971772797813198;1.0001674559687788;0.9999999999999999;0.9999811479836039;0.9999819920725255;1.0;1.024999976158142;
2016-08-04 12:30:00;0.9999643010982691;0.9999999999999999;0.9999414889716416;0.9999833791280914;0.9999917326132257;1.0;1.0;0.9999837135044154;0.9999641409172316;0.9999945388335022;0.9999602595898336;0.9999340043359226;0.9999979101829082;0.9999842687326561;0.9999887797734968;0.9999983270498501;0.9999993372638613;0.9999898560334164;1.0;0.9999462153449422;0.9999501725698415;1.0;1.0;0.9999991387789144;1.000201454416012;0.9999440743423229;0.9999867534767644;0.9999951998228004;0.9989066177330242;0.9985613146749104;0.9984940347423303;0.9985810152323434;0.9999906234440961;1.0;1.0;0.9977418634690288;0.9974691590805139;0.9973860178188554;1.0001728462335742;1.0;0.9999452720087278;0.9999387469876718;1.0;1.024999976158142;
2016-08-04 12:45:00;0.9999290787464846;1.0;0.9998839918682318;0.9999684279928687;0.9999903341720316;1.0;0.9999999999999999;0.9999671678623077;0.9999382769762414;0.9999815971048043;0.9999259952842988;0.9999377025663019;0.9999981367918922;0.9999569882636393;0.9999624564458011;0.9999960903820367;0.9999989788168991;0.9999886873448316;1.0;0.9999036988747589;0.9999137340026323;0.9999999999999999;0.9999999999999999;0.9999993121644242;1.0002250497980054;0.9999050951559011;0.9999773590242848;0.999985811019783;0.9988585523343766;0.9984993043564631;0.9984042744296424;0.998484574849508;0.9999790771547994;0.9999999999999999;1.0;0.997571917451917;0.9973054724547541;0.9972152196695273;1.0001907716988634;1.0;0.9999075686874718;0.9998852086041119;0.9999999999999999;1.024999976158142;
2016-08-04 13:00:00;0.9999631600856393;1.0;0.9999422498754189;0.9999827685382918;0.9999942866910002;0.9999999999999999;1.0;0.9999852545117937;0.9999690957624761;0.9999926295128068;0.9999607444306025;0.9999462995947588;0.9999984340656919;0.999981955205685;0.9999843081038111;0.9999978574537285;0.9999993527863756;0.9999929094628168;1.0;0.9999497906792725;0.9999522737744838;1.0;1.0;0.9999991223801943;1.0002006072167702;0.9999471415490347;0.9999874434732668;0.9999941995735768;0.9989046602497665;0.9985636897786475;0.9985131075100163;0.9986122308149102;0.9999904386659594;1.0;1.0;0.9978105143402244;0.9975742420287453;0.9974879245659687;1.000171656326709;1.0;0.9999483145497305;0.999942022075667;1.0;1.024999976158142;
2016-08-04 13:15:00;0.999961747745018;1.0;0.9999499115064999;0.9999820393815497;0.9999950616306226;1.0;1.0;0.9999904048731378;0.9999769846345073;0.999993392768166;0.9999645688565859;0.9999431197885327;0.9999975080659264;0.9999854049730088;0.9999853761591183;0.9999978849096997;0.9999994570048398;0.9999927850302686;1.0;0.9999553690720648;0.9999489758945063;1.0;1.0;0.9999989841343696;1.0002000800091826;0.9999471967165318;0.999987521106901;0.9999951443734735;0.9989043168498163;0.9985780798071197;0.9985052706597701;0.9985986294712985;0.9999922038861174;1.0;1.0;0.9977809226871452;0.9975364838490337;0.9974526186631902;1.0001712712113244;1.0;0.9999460879541987;0.9999507865774308;1.0;1.024999976158142;
2016-08-04 13:30:00;0.999953204778716;1.0;0.9999496454955011;0.9999769318926166;0.9999906381502407;1.0;0.9999999999999999;0.9999949283960295;0.9999754623373001;0.9999980147886678;0.9999593271835661;0.9999324763278142;0.99999457701022;0.9999947033438481;0.9999945275149132;0.9999979630369507;0.9999992823447355;0.9999855901137766;0.9999999999999999;0.9999464450670886;0.9999273783610929;0.9999999999999999;1.0;0.999997986845511;1.0002049911572999;0.9999266229831714;0.9999829737172864;0.9999983192226402;0.99885518012314;0.9985033513233491;0.9984520348305008;0.9985576781929684;0.9999944435207516;1.0;1.0;0.9977297778210414;0.9974501023189705;0.9973641757123419;1.0001760280079703;1.0;0.9999227233070165;0.9999473429970668;1.0;1.024999976158142;
2016-08-04 13:45:00;0.9999645655427576;1.0;0.9999549592182858;0.9999818114726617;0.9999940789068448;1.0;1.0;0.9999934434075887;0.9999777718193691;0.9999972999196933;0.9999639797900766;0.9999426168206863;0.9999970277206796;0.9999928913857606;0.9999929919585919;0.9999978146807582;0.9999992415257393;0.9999914271345872;0.9999999999999999;0.9999556853655648;0.9999480524578717;0.9999999999999999;1.0;0.9999981594983592;1.000197741572189;0.9999438267062684;0.999986941440223;0.9999977622948326;0.9988656697602858;0.9985172431410164;0.9984548498316403;0.9985516354834526;0.9999944920700059;1.0;1.0;0.9977061922543538;0.9974570796564852;0.9973691886590356;1.0001696084719487;1.0;0.9999435287601289;0.9999537811430127;1.0;1.024999976158142;
2016-08-04 14:00:00;0.9999657353329086;0.9999999999999999;0.9999540522467807;0.9999828738628748;0.9999941544845738;0.9999999999999999;1.0;0.9999917797818425;0.9999764901499976;0.999996444008794;0.9999649509426122;0.999952878992254;0.999997414353214;0.9999908043085574;0.9999915465738709;0.9999979789590837;0.9999993125727323;0.9999918212836473;1.0;0.9999560917526635;0.99995092275142;1.0;1.0;0.9999985031037109;1.0001916155729695;0.9999468252512612;0.9999875674112396;0.9999970978284972;0.9989710031761891;0.9986533590559152;0.9985919234133869;0.9986790061742388;0.9999938026197177;1.0;0.9999999999999999;0.9979051068513943;0.9976828016920746;0.9975876035995477;1.0001643144738528;1.0;0.9999467349733174;0.9999529899622129;1.0;1.024999976158142;
2016-08-04 14:15:00;0.9999701725389427;1.0;0.9999574468112906;0.9999846521310899;0.9999955679984295;1.0;1.0;0.9999920822382627;0.9999785104689147;0.9999965037145797;0.9999671932370564;0.9999651420543519;0.9999982434477055;0.9999910301682263;0.9999915708029719;0.9999979112467818;0.9999992935182491;0.9999940422209901;1.0;0.9999604543455022;0.999958542299129;1.0;1.0;0.9999984970996648;1.0001893386552456;0.9999533286376977;0.999989093718841;0.9999971622106021;0.998954386379854;0.9986304763369128;0.9985992125374483;0.9987040733638447;0.99999421086854;1.0;1.0;0.9979710178947828;0.9977873011853315;0.9976918406938831;1.0001623140936742;0.9999999999999999;0.9999544272419292;0.9999568481421932;1.0;1.024999976158142;
2016-08-04 14:30:00;0.9999697540008758;1.0;0.9999586587043482;0.9999846395298427;0.9999966709906996;1.0;1.0;0.999992953633203;0.9999813020656075;0.9999955627678045;0.9999683984778401;0.999969715225342;0.9999983832813184;0.999989919615212;0.9999894365439324;0.999997802853967;0.9999993487443611;0.9999952646735338;1.0;0.9999628697812518;0.9999595834371187;1.0;1.0;0.9999986001864938;1.0001847720577661;0.9999554804164121;0.9999895651837596;0.9999966856719814;0.999001460504156;0.9986979126687945;0.9986723652708311;0.9987787877012714;0.9999941624657464;0.9999999999999999;1.0;0.9980975885414126;0.9979237584722865;0.9978223595971022;1.0001582030359037;1.0;0.9999561725747433;0.9999592714705046;1.0;1.024999976158142;
2016-08-04 14:45:00;0.9999709430284627;1.0;0.9999615673727742;0.9999849941865115;0.9999954697598582;1.0;0.9999999999999999;0.9999939772456424;0.9999810946780218;0.9999973746780227;0.999969499523825;0.9999699158475368;0.9999978714512736;0.9999932353254314;0.9999933327815348;0.9999980760675586;0.9999993432954614;0.9999935669760107;1.0;0.999963038399738;0.9999582820978645;1.0;1.0;0.9999984797832632;1.0001869939133312;0.9999541532716738;0.9999893233462522;0.9999978607732206;0.9989637878004676;0.9986473924958654;0.998608634516975;0.9987101812726168;0.9999951385248848;1.0;1.0;0.9979766524188768;0.9977797782265768;0.9976475725182433;1.000160456497232;1.0;0.9999544408024188;0.9999608311097553;1.0;1.024999976158142;
2016-08-04 15:00:00;0.9999741375654088;1.0;0.9999645686427506;0.9999864190316399;0.9999952490507918;1.0;1.0;0.9999941043529432;0.999981193594991;0.999998341546774;0.9999715247167631;0.9999715248947235;0.9999980150392271;0.9999948028514349;0.9999954885216163;0.9999982973701798;0.9999993560254157;0.9999934811899122;1.0;0.9999650832189187;0.9999617681717465;1.0;1.0;0.9999985171073447;1.0001888864222055;0.9999571454018805;0.9999900423845747;0.9999984536792281;0.9989302590768576;0.9985969480161067;0.998554993975284;0.9986544174102868;0.9999956935074942;0.9999999999999999;1.0;0.9978820944720939;0.9976527850258685;0.9974717848259627;1.0001623105794673;0.9999999999999999;0.9999577739421136;0.9999631160824645;1.0;1.024999976158142;
2016-08-04 15:15:00;0.9999754830332259;1.0;0.999967254980008;0.9999870395229981;0.9999968347438094;0.9999999999999999;1.0;0.9999952294849555;0.99998475862914;0.9999976070035177;0.99997350327253;0.9999699158475368;0.9999984260990726;0.9999941377848457;0.9999937398395311;0.999998158368729;0.9999993925118644;0.9999954729400355;1.0;0.9999690965844955;0.9999655648389498;1.0;1.0;0.9999985662540657;1.0001829501796173;0.9999615036925599;0.9999910489783193;0.99999812177538;0.9989670609600627;0.998659815722799;0.9986064866359847;0.9987023414770045;0.9999959129286172;1.0;0.9999999999999999;0.9979554791057885;0.9977254286524786;0.9975500860555532;1.0001570197589569;1.0;0.9999622166949377;0.9999670815145018;1.0;1.024999976158142;
2016-08-04 15:30:00;0.9999790874955157;1.0;0.9999719492777518;0.9999898497523126;0.9999972045222553;1.0;0.9999999999999999;0.999994779527967;0.9999867908098052;0.999996803543933;0.9999794604471492;0.9999702146179882;0.9999986893206078;0.9999926636484986;0.9999926844976056;0.9999987284587468;0.9999996360847784;0.999996009610912;1.0;0.9999746476636292;0.9999717250430108;1.0;0.9999999999999999;0.9999992750740648;1.0001821508853443;0.9999698955783839;0.9999929069242309;0.9999976041601949;0.9989529897679249;0.9986306848654866;0.9985831546550262;0.9986780188581524;0.9999958389412696;1.0;1.0;0.997913706039524;0.9976903283437734;0.997522427371179;1.000156546349863;1.0;0.999969727266902;0.9999721772576221;0.9999999999999999;1.024999976158142;
2016-08-04 15:45:00;0.9999760313102541;1.0;0.9999711679985489;0.9999888183606699;0.9999955665603313;0.9999999999999999;1.0;0.9999950652672077;0.9999856425533522;0.9999973087461034;0.9999790967821077;0.9999712494152435;0.9999977594487707;0.9999935991397948;0.9999939857949073;0.9999989994015678;0.9999997015715034;0.9999934293333941;1.0;0.9999719955003031;0.9999651842121172;1.0;1.0;0.9999993692277616;1.000183527034653;0.9999649468980625;0.9999917581098026;0.9999979291878137;0.9989736806126989;0.9986613874894839;0.9986485921530126;0.9987642271506052;0.9999959153402329;0.9999999999999999;1.0;0.9980861280250388;0.9979137931288883;0.9978080219270588;1.0001579340187674;1.0;0.9999632574499416;0.9999705936204158;1.0;1.024999976158142;
2016-08-04 16:00:00;0.999926890701754;0.9999999999999999;0.9999315015650966;0.9999672477683246;0.9999822620728822;1.0;1.0;0.9999931569025646;0.999965001260201;0.9999967751955231;0.9999491906303091;0.9999700894248037;0.999989710364483;0.9999920829689919;0.9999931224833931;0.9999987149097541;0.9999995739497429;0.9999721944394654;1.0;0.9999229127940943;0.9998827771403197;1.0;1.0;0.9999986043540936;1.0001962557566044;0.9998909100100073;0.9999745481728248;0.9999973846404477;0.9990188743684362;0.9987310539252423;0.9987118584014829;0.9988283735209188;0.9999918793042568;1.0;1.0;0.9981935760943625;0.9980379922833228;0.9979587811154396;1.0001687526243712;1.0;0.9998787125408767;0.9999268899520831;1.0;1.024999976158142;
2016-08-04 16:15:00;0.9999714683533703;1.0;0.9999666005062856;0.9999866784120187;0.9999939701625236;0.9999999999999999;0.9999999999999999;0.9999945024618553;0.9999825286230284;0.9999975948600165;0.9999754470880875;0.99997109124949;0.9999969979714519;0.9999938026542552;0.9999945818645385;0.9999989590493653;0.9999996510350299;0.9999910915293241;1.0;0.9999662240350741;0.9999570213177554;1.0;1.0;0.9999992212299679;1.0001815014911508;0.9999569495941082;0.999989909937688;0.999998047001781;0.9990000288853389;0.9987052669522141;0.9987177972068514;0.9988503137389309;0.9999955062526359;1.0;0.9999999999999999;0.9982523828720139;0.9981039146475024;0.9980298450198801;1.0001561948492494;1.0;0.9999545616874237;0.9999652331940103;1.0;1.024999976158142;
2016-08-04 16:30:00;0.9999686813397125;1.0;0.9999624430047717;0.9999850165914284;0.9999949592975726;1.0;1.0;0.9999941927950153;0.9999823935567328;0.9999963946617617;0.9999720044357627;0.9999691737372338;0.9999972745657649;0.9999917850654321;0.9999916787006101;0.9999984515944974;0.9999995502647504;0.9999923931836774;1.0;0.9999639663379608;0.9999551822266144;1.0;0.9999999999999999;0.9999989855732113;1.0001838767087978;0.9999543165269525;0.9999892897661146;0.99999729784987;0.9989621584382987;0.998667917393246;0.9986757542232876;0.9988149636551474;0.9999948162850366;1.0;1.0;0.9982020611239061;0.9980699636820909;0.9980250565271602;1.0001578555993105;1.0;0.9999525528334803;0.9999621849597687;1.0;1.024999976158142;
2016-08-04 16:45:00;0.999974424900698;1.0;0.9999699422738091;0.9999882527075215;0.9999952390427974;0.9999999999999999;1.0;0.9999948990829387;0.9999851752877901;0.9999970412348834;0.9999785052314468;0.9999708716114868;0.9999975305780174;0.9999930996621735;0.9999934631710795;0.999999017508583;0.9999997225272719;0.9999928660173257;1.0;0.9999707619889275;0.9999628188692442;1.0;0.9999999999999999;0.9999994222891007;1.0001802892429328;0.999963161503458;0.9999913302066297;0.9999977552979216;0.9989044254373175;0.9986298927945879;0.9986489964165256;0.9988167555966267;0.9999956760901003;1.0;0.9999999999999999;0.9982429269900505;0.9981303103558535;0.9981037540545628;1.000155115561058;1.0;0.9999610089400859;0.9999694050408212;1.0;1.024999976158142;
2016-08-04 17:00:00;0.9999767406088753;1.0;0.9999716387145784;0.9999888474224904;0.9999964023982492;1.0;1.0;0.9999954950309549;0.9999867795694926;0.9999971616002704;0.9999789212139649;0.999971137748514;0.9999980719936052;0.9999935495334269;0.9999934342558795;0.99999880095968;0.9999996558430216;0.9999945947132303;0.9999999999999999;0.9999731158693342;0.9999670664604114;1.0;1.0;0.9999992380290932;1.0001788494724781;0.9999662347568823;0.9999920750340144;0.9999978834560368;0.9989680196830186;0.9987035429056277;0.9987065634883786;0.9988550357996946;0.9999960294475287;1.0;1.0;0.9982811578213571;0.9981698685267033;0.9981439441481449;1.0001537650807835;1.0;0.9999650951795024;0.9999715655311417;0.9999999999999999;1.024999976158142;
2016-08-04 17:15:00;0.9999784268450923;1.0;0.999972037177566;0.9999896824306905;0.999996605124075;1.0;0.9999999999999999;0.9999948706679272;0.9999863742022694;0.9999970905801467;0.999979606528637;0.9999910097148851;0.999998407085042;0.9999931557089279;0.9999933857322074;0.9999988541277909;0.9999996620154521;0.999995102381402;1.0;0.9999739778934141;0.9999698970636328;1.0;1.0;0.9999993285245101;1.0001708420786617;0.9999685779492788;0.9999926061453416;0.9999977844410459;0.9990585142445149;0.9988144843997411;0.9988555489339589;0.9990137133210838;0.9999959242956127;1.0;1.0;0.9985591739262989;0.9985112629185757;0.9984859751068996;1.000146862616089;1.0;0.9999679177665902;0.999971895357659;1.0;1.024999976158142;
2016-08-04 17:30:00;0.9999752640629989;1.0;0.9999721261241067;0.9999882956961347;0.9999945573333191;1.0;1.0;0.9999959740483562;0.9999853672774243;0.9999984921620402;0.9999788896212901;0.9999922050890739;0.999997213880655;0.9999958614613523;0.9999964316048873;0.999999119681445;0.9999996853512879;0.9999918733508204;1.0;0.9999709108423211;0.9999618498647262;0.9999999999999999;0.9999999999999999;0.9999992343954172;1.000166810859832;0.9999618595985768;0.9999910933203612;0.9999987217259056;0.9991599121644879;0.9989426528702778;0.99898210637341;0.9991285201004144;0.9999965110291185;1.0;0.9999999999999999;0.9987350878589225;0.998690834671863;0.9986653827121806;1.000143660737276;0.9999999999999999;0.9999595995975564;0.9999706874915208;0.9999999999999999;1.024999976158142;
2016-08-04 17:45:00;0.9999821602633057;0.9999999999999999;0.9999780092217909;0.9999910721660374;0.999996896213923;1.0;1.0;0.9999967973515475;0.9999891909643004;0.9999985568345877;0.999982754552755;0.9999920506362886;0.9999984345206283;0.999996321786184;0.9999963711537124;0.9999990113037666;0.9999996669517102;0.9999954361816186;0.9999999999999999;0.9999782902171724;0.9999737664036467;1.0;1.0;0.9999992108630427;1.0001701527588607;0.9999722983581741;0.999993537903201;0.9999988386756997;0.9990909097060853;0.9988332909350595;0.9989003784838345;0.9990595858978715;0.9999972395512837;0.9999999999999999;1.0;0.9986379441753598;0.9985938781003957;0.9985693073614318;1.0001464954717645;1.0;0.999971743201589;0.9999774499299283;1.0;1.024999976158142;
2016-08-04 18:00:00;0.9999766554506864;1.0;0.9999640619992012;0.99998903156919;0.9999939790910007;0.9999999999999999;1.0;0.9999906493351316;0.9999774861647789;0.9999974845205011;0.9999749065118017;0.9999913222499365;0.9999982272686164;0.9999919222126388;0.9999947765231494;0.9999990426845567;0.9999995782618175;0.9999922893122518;1.0;0.9999653930708075;0.9999655970689041;1.0;1.0;0.9999993805111936;1.0001724827368637;0.9999621869080533;0.9999910776886108;0.9999976221858027;0.9991610474602267;0.9989308674365451;0.9990045700100674;0.999165593289726;0.9999945960330842;1.0;1.0;0.9988180332418004;0.998771340568796;0.9987463531535998;1.000148444674917;1.0;0.9999623232372428;0.9999617297599076;0.9999999999999999;1.024999976158142;
2016-08-04 18:15:00;0.9999651773407612;1.0;0.9999365906402012;0.999984023589513;0.9999893838750428;1.0;1.0;0.99997987275827;0.9999564543260346;0.9999953070907501;0.9999579105075235;0.9999918506829333;0.9999980284783975;0.999983782573348;0.9999910393245575;0.9999986772057566;0.9999992947255624;0.9999875010158384;1.0;0.9999404645334523;0.9999494915038217;0.9999999999999999;0.9999999999999999;0.9999993397076165;1.0001778514468358;0.9999413772599397;0.9999860864086964;0.9999952991646582;0.9991477716166348;0.9989162594196103;0.9989671255827607;0.9991184726263455;0.9999897063617285;1.0;0.9999999999999999;0.9987254198466639;0.9986807248120136;0.9986561519361574;1.0001527147928584;1.0;0.9999434904226016;0.9999315620014617;1.0;1.024999976158142;
2016-08-04 18:30:00;0.9999720442145194;0.9999999999999999;0.9999606521301025;0.999986890880022;0.9999928405063095;1.0;1.0;0.9999908073374275;0.9999759537444609;0.9999975654604346;0.9999720073211675;0.9999935393992548;0.9999974638174854;0.9999921232056339;0.9999948613814458;0.9999989681742663;0.9999995507920049;0.9999904046279972;1.0;0.9999609846343327;0.9999577902912771;1.0;0.9999999999999999;0.9999992438423816;1.00016883779614;0.9999550800001165;0.9999894351477169;0.9999976839528486;0.9992283046988152;0.9990046433401666;0.9990813422235775;0.9992311300683471;0.9999943492738687;1.0;1.0;0.998911892733222;0.9988721028617413;0.9988469532966806;1.0001452608866337;1.0;0.9999542696721929;0.9999579950134045;1.0;1.024999976158142;
2016-08-04 18:45:00;0.9999795034016805;1.0;0.9999688686806291;0.9999904045255503;0.9999944027752548;0.9999999999999999;1.0;0.9999919219026437;0.9999801230135402;0.9999980722222096;0.9999782204537064;0.9999949190958658;0.9999983021467581;0.9999934056845166;0.999996046040121;0.9999992367481627;0.9999996405687529;0.9999927742907039;1.0;0.9999695241746386;0.9999692094645609;1.0;1.0;0.9999994661111203;1.000167140785361;0.9999663932891273;0.9999920768242375;0.9999980933441128;0.999204874450581;0.9989792168119673;0.9990446566305152;0.9991918468440959;0.9999953877861318;0.9999999999999999;0.9999999999999999;0.9988424288996851;0.9988071309433676;0.9987821426327623;1.0001439822584222;0.9999999999999999;0.9999663106279011;0.9999665656602624;1.0;1.024999976158142;
2016-08-04 19:00:00;0.9999767457445993;1.0;0.9999686005657309;0.9999890647446324;0.9999942986693579;0.9999999999999999;1.0;0.9999931686779309;0.9999814095816206;0.9999980448317379;0.9999774071450753;0.9999943081027342;0.9999978124812294;0.9999939159766958;0.9999957770163943;0.9999991298582892;0.9999996407698052;0.9999921967823688;1.0;0.9999686933611645;0.9999648620194644;1.0;1.0;0.9999993486245211;1.00016488474118;0.9999630629236496;0.9999913228958196;0.9999981927796899;0.999284499200343;0.9990774996848475;0.999131194226723;0.9992620078086213;0.9999955822553963;1.0;1.0;0.9989377786194455;0.9989002475868946;0.9988748762363633;1.0001419666810625;0.9999999999999999;0.9999621177661979;0.9999666396034466;1.0;1.024999976158142;
2016-08-04 19:15:00;0.9999702451460493;1.0;0.9999566438623924;0.9999856727558167;0.9999927626936649;1.0;1.0;0.9999899138553036;0.9999738257146122;0.9999973293797357;0.9999685962403934;0.9999959249149369;0.999997571800308;0.9999913686289321;0.9999941902854539;0.9999986724180263;0.9999994383189802;0.9999904661898247;1.0;0.999957549765223;0.9999556500221696;1.0;1.0;0.9999990091910136;1.000170402623523;0.9999515850359088;0.9999886315166054;0.9999974556884415;0.9992803980311282;0.9990488973486946;0.999127055089264;0.9992622813128693;0.9999938451840403;1.0;1.0;0.9989448469679426;0.9989127292391129;0.998887738286633;1.0001464382119405;1.0;0.999951509781027;0.9999539428418793;1.0;1.024999976158142;
2016-08-04 19:30:00;0.9999666184052174;0.9999999999999999;0.9999542151463044;0.9999838154113033;0.9999921208052435;1.0;1.0;0.9999904305143269;0.9999731752642935;0.9999974605016574;0.9999660876475305;0.9999960037267365;0.9999970080426472;0.9999918093030404;0.999994277535047;0.9999985241093189;0.9999993916236058;0.9999892880151636;1.0;0.9999543485853981;0.999949616878199;1.0;0.9999999999999999;0.9999988083362374;1.000173147872991;0.9999459007291619;0.9999873316639531;0.9999975801232128;0.9993142069388937;0.9990765447753335;0.9991512703795117;0.9992743878492898;0.9999937872635423;0.9999999999999999;0.9999999999999999;0.9989497622050023;0.9989182079234206;0.9988936292042122;1.0001487455745612;1.0;0.9999452157823111;0.9999514096733932;0.9999999999999999;1.024999976158142;
2016-08-04 19:45:00;0.9999559628801863;1.0;0.999936695574193;0.9999748689632799;0.9999936628406899;0.9999999999999999;1.0;0.9999909604169027;0.99996815104714;0.9999978600261631;0.9999454840034124;0.9999951194961317;0.9999974283599574;0.999992721036161;0.9999927649253051;0.9999960829126249;0.9999985230175404;0.9999915732835556;1.0;0.9999382893726299;0.999935963124668;1.0;1.0;0.9999964436885113;1.0001736868094133;0.999923499854411;0.9999823710797082;0.9999978412960201;0.999463792059808;0.9992329721507721;0.9993032603832258;0.9993932407324729;0.9999931081073407;1.0;1.0;0.9991038219964061;0.9990691488470205;0.999044153981211;1.0001479584135258;0.9999999999999999;0.9999274406888417;0.9999347268254896;1.0;1.024999976158142;
2016-08-04 20:00:00;0.9999655673669813;0.9999999999999999;0.9999519408450273;0.9999818435066294;0.9999938227639342;1.0;0.9999999999999999;0.9999917564006496;0.9999744757270556;0.9999975977944597;0.9999614641974793;0.9999970311300933;0.9999975306204397;0.999992621575254;0.9999936153961918;0.9999976618281353;0.9999991183164093;0.9999916213252396;1.0;0.9999530283730675;0.999949500440175;1.0;1.0;0.9999980088425869;1.0001693316843412;0.9999429007403778;0.9999867348413328;0.9999977796162267;0.9995041198188579;0.9992555351166039;0.9993270080839979;0.9993987398114218;0.9999940897751894;1.0;1.0;0.9990887814595668;0.9990601590133593;0.999035164372459;1.0001449955262083;1.0;0.9999440662570778;0.9999500736650637;1.0;1.024999976158142;
2016-08-04 20:15:00;0.999974178350105;1.0;0.9999655194308953;0.9999880420702512;0.9999933331617061;1.0;1.0;0.9999923397988195;0.9999791650638152;0.9999979232334612;0.999975497191581;0.9999951059682575;0.9999974341414017;0.9999933622667926;0.9999956449133968;0.99999916312376;0.9999996370134282;0.9999908498515389;1.0;0.9999652718822563;0.9999605579083396;0.9999999999999999;1.0;0.9999993690814863;1.0001619642689494;0.9999589974536863;0.9999903628029697;0.9999980414485823;0.9995748138105934;0.9993455705283429;0.999411884013291;0.9994722925701894;0.9999951146799125;1.0;1.0;0.9991965615486426;0.9991621587917463;0.9991375740700447;1.0001394494840197;1.0;0.9999576218711548;0.99996313042764;1.0;1.024999976158142;
2016-08-04 20:30:00;0.9999796578507937;1.0;0.9999700194271621;0.9999902478627629;0.9999947757866079;1.0;0.9999999999999999;0.9999928186716713;0.9999814633121917;0.9999982874654351;0.9999783967976107;0.9999969827322587;0.9999982982272562;0.9999941411482046;0.9999963104139886;0.9999991415303484;0.9999996177262426;0.999993159629956;1.0;0.999970469783972;0.9999693946017414;1.0;1.0;0.9999993430394153;1.0001588120493123;0.9999665453720903;0.9999921402182474;0.9999983055595346;0.9995980041163661;0.9993778057925483;0.9994587806890576;0.9995261501845699;0.9999957381963429;0.9999999999999999;1.0;0.9992960060915517;0.9992681515518055;0.9992443575886197;1.0001367475388925;1.0;0.9999664887428322;0.9999679400957079;1.0;1.024999976158142;
2016-08-04 20:45:00;0.9999865582345362;0.9999999999999999;0.9999730700548;0.999993500043881;0.9999959824340854;1.0;1.0;0.9999913075177999;0.9999814663840182;0.9999981468504873;0.9999816484190674;0.9999952505230826;0.9999995299266989;0.9999932379810058;0.9999962739949766;0.9999992862428386;0.9999996359760923;0.9999955658719454;1.0;0.9999751847090879;0.9999809582659441;1.0;0.9999999999999999;0.9999995805864997;1.0001561351087322;0.9999763568178266;0.9999943853742512;0.9999980843995582;0.9996149829176381;0.9994055789313284;0.9994591903448061;0.9995114168175617;0.9999956862604185;1.0;1.0;0.9992507638542482;0.9992168172362861;0.999192231169695;1.000134499830889;1.0;0.99997810975133;0.9999710078574297;1.0;1.024999976158142;
2016-08-04 21:00:00;0.9999871453955357;1.0;0.9999738429614063;0.9999936514290325;0.9999961371221294;1.0;0.9999999999999999;0.9999916184590386;0.9999819318601165;0.9999983505753892;0.9999819152275878;0.9999969268865582;0.999999584419345;0.999993697833769;0.9999966455366277;0.9999992666795293;0.9999996234279043;0.9999957818549073;1.0;0.9999758098203397;0.9999817016279554;1.0;1.0;0.9999995286948314;1.000156649671587;0.9999769068944883;0.9999945283927574;0.999998234696261;0.9996044414283088;0.999386360824097;0.999443694882387;0.9994964000863081;0.9999958844395895;1.0;1.0;0.9992263515447983;0.9991961330952875;0.9991694941255636;1.0001349545434859;0.9999999999999999;0.9999787998404445;0.9999717751255192;1.0;1.024999976158142;
2016-08-04 21:15:00;0.999984504839751;1.0;0.9999716209567089;0.9999923592810587;0.9999965090276386;1.0;1.0;0.999991831296614;0.9999823203960594;0.9999976029291077;0.9999801432579087;0.9999950017414936;0.999999490152132;0.999992618836363;0.9999948675581657;0.9999990221908287;0.9999995973378577;0.9999960725519866;1.0;0.9999743827682217;0.9999788935572269;1.0;0.9999999999999999;0.9999994371911823;1.0001582962580358;0.9999744134239485;0.9999939404193394;0.9999978067133535;0.9995869680209034;0.9993659253207798;0.9994339419841258;0.9994957767403522;0.999995531672542;0.9999999999999999;1.0;0.9992375596965491;0.9992029958338845;0.9991786312514004;1.000136170089443;1.0;0.9999760935000698;0.9999702663412442;1.0;1.024999976158142;
2016-08-04 21:30:00;0.9999848456571404;1.0;0.9999724960730163;0.9999925609320905;0.9999965558090792;1.0;0.9999999999999999;0.9999921035775508;0.9999828633021257;0.9999976812234654;0.9999807887590398;0.9999969559320553;0.999999465403165;0.9999928602075127;0.9999950428851345;0.9999990669826654;0.9999996152857232;0.9999960902519544;1.0;0.9999751114892975;0.9999792766037912;0.9999999999999999;1.0;0.9999994655264136;1.000155819591823;0.9999750451920062;0.9999940895108228;0.9999978795595944;0.9996214772440545;0.999419154429734;0.9994829778756713;0.9995430682051422;0.9999956683825666;0.9999999999999999;1.0;0.9993143065793127;0.9992979621617855;0.999289241548892;1.0001340585091416;0.9999999999999999;0.9999765874461345;0.9999711666706202;1.0;1.024999976158142;
2016-08-04 21:45:00;0.9999863462112186;1.0;0.9999728765408763;0.9999931056727662;0.9999966741810992;0.9999999999999999;0.9999999999999999;0.9999917844802406;0.9999824343279936;0.9999979352259198;0.9999809319070316;0.9999952505230826;0.9999997126033346;0.9999931178590251;0.9999955826476784;0.9999990627666685;0.9999995867240057;0.9999964614169973;1.0;0.9999755503445259;0.9999814246638686;1.0;1.0;0.9999994264525272;1.0001566893177543;0.9999763887030569;0.9999944104698528;0.999998001750658;0.9996059662484781;0.9993933933172169;0.9994524729711365;0.9995085339345632;0.9999957395944177;1.0;1.0;0.9992511285630585;0.9992293864687669;0.9992206664543156;1.000134836382053;1.0;0.9999785115606944;0.9999713291680672;1.0;1.024999976158142;
2016-08-04 22:00:00;0.9999834261583026;1.0;0.999968685175874;0.9999921492460706;0.9999948062305438;1.0;1.0;0.9999900772305577;0.9999782418192203;0.9999980269159288;0.9999787359993001;0.9999969133751265;0.9999991359009103;0.9999925088535295;0.9999961339006769;0.9999992735124035;0.9999996046974625;0.9999939990367886;1.0;0.9999704796838197;0.9999757618102636;1.0;0.9999999999999999;0.9999995533611217;1.0001571863811265;0.9999710355254936;0.9999931335386381;0.9999978967353067;0.9996077493429657;0.9994070054333872;0.9994799012591837;0.9995494815738617;0.9999950466524965;1.0;1.0;0.9993379190117617;0.9993208286458585;0.9993113144029633;1.0001353955617542;1.0;0.9999725165612892;0.9999660366938875;0.9999999999999999;1.024999976158142;
2016-08-04 22:15:00;0.9999801941208478;1.0;0.9999601438679251;0.9999901496474846;0.999993885012027;1.0;1.0;0.9999873733045754;0.9999722332184164;0.999997761183816;0.9999721846464896;0.9999951946934966;0.9999992536863954;0.999990905855393;0.9999954761889156;0.9999988926310226;0.9999994131481613;0.9999932402587596;1.0;0.9999626707790797;0.9999712930020458;1.0;1.0;0.9999992288633087;1.0001617278662305;0.9999639065956286;0.9999914735625903;0.9999974819467393;0.9995308324463189;0.9993173741896644;0.9993885213536912;0.9994694166331344;0.9999938442556215;1.0;0.9999999999999999;0.9992188466740558;0.9991960016554717;0.9991860761035227;1.0001391072570263;1.0;0.9999667389349495;0.999956766117699;1.0;1.024999976158142;
2016-08-04 22:30:00;0.9999825823885363;1.0;0.9999673156236352;0.9999917242755441;0.9999957165530793;1.0;0.9999999999999999;0.9999899474130188;0.9999789963554417;0.9999970448005535;0.9999779310108792;0.9999963257004604;0.9999994263187566;0.9999909039847734;0.9999939062134353;0.9999990373602681;0.9999995887867109;0.9999952020016155;1.0;0.9999706406291959;0.9999763377169713;1.0;1.0;0.9999995392383523;1.0001587377779693;0.999971558930979;0.9999932322380659;0.9999972981520707;0.9995615745575998;0.9993547394458948;0.9994205136656109;0.9994938327309639;0.9999946342063466;1.0;1.0;0.9992495856905537;0.9992315412482186;0.9992232020652402;1.00013650931603;1.0;0.9999733092440181;0.9999656020681867;1.0;1.024999976158142;
2016-08-04 22:45:00;0.9999766264965058;1.0;0.9999564640131677;0.9999890904942446;0.9999948819181671;1.0;1.0;0.999986560366274;0.9999729473681493;0.9999953054697004;0.9999711490283257;0.9999957474805349;0.9999994007453793;0.9999866903610691;0.9999903514925986;0.9999986802063257;0.999999490024833;0.9999943474538436;1.0;0.9999618679117284;0.9999694232304658;1.0;1.0;0.999999502848997;1.000161559466078;0.9999635623355798;0.9999913039225083;0.9999959364016661;0.9996251470814536;0.9994259951169605;0.9994854983259555;0.9995450692504225;0.9999926135543752;1.0;1.0;0.9993171072019634;0.9992957157607237;0.999285408345619;1.0001385940417282;0.9999999999999999;0.9999657852894801;0.9999548299591738;1.0;1.024999976158142;
2016-08-04 23:00:00;0.9999823127719929;1.0;0.9999611545133574;0.9999913350528551;0.9999945664950688;0.9999999999999999;1.0;0.9999867901529277;0.9999727372692241;0.9999972270187113;0.9999737232716923;0.9999951194961317;0.9999997286956371;0.9999898012818975;0.9999944792076115;0.9999989455906079;0.9999994533963957;0.9999943720764374;1.0;0.9999648256311764;0.9999755810691656;1.0;1.0;0.9999994112825238;1.0001574538621703;0.9999680709746354;0.9999924055060747;0.9999971102846796;0.9996511076124306;0.9994578302159697;0.9995094963121456;0.9995605446645512;0.999993647217784;1.0;1.0;0.9993314153054658;0.9993080364584555;0.9992977289162668;1.000135385207006;1.0;0.9999713378787756;0.999958165819928;1.0;1.024999976158142;
2016-08-04 23:15:00;0.9999801712388949;1.0;0.999962909172886;0.9999906221448793;0.9999941761905681;1.0;1.0;0.9999883848789473;0.999974808323194;0.9999973640960437;0.9999748715744212;0.9999969559320554;0.9999990444840486;0.9999907268846403;0.9999947625212976;0.9999990825335084;0.9999995364467714;0.9999932877893243;1.0;0.9999654403846121;0.9999715379530155;1.0;0.9999999999999999;0.9999994797394005;1.0001584611583079;0.9999660896954209;0.999991957456635;0.9999973399542871;0.9996326221258571;0.9994277516228661;0.9994805392391836;0.9995310000198917;0.9999940763336287;1.0;1.0;0.999281198250087;0.9992648543740673;0.9992561340500968;1.000136336293701;1.0;0.9999678304148027;0.9999601059601056;0.9999999999999999;1.024999976158142;
2016-08-04 23:30:00;0.9999804808066366;1.0;0.9999627741156094;0.9999906012139549;0.9999950652830806;1.0;0.9999999999999999;0.9999885255019267;0.9999757935176321;0.9999968553626649;0.9999746284773785;0.9999949942931978;0.9999993785837281;0.9999899856910265;0.9999935130467065;0.9999988862551148;0.9999995085305482;0.9999945200823117;0.9999999999999999;0.9999663651504488;0.9999732757029498;0.9999999999999999;1.0;0.9999994172777698;1.0001563753365326;0.9999674509906192;0.9999922702548236;0.9999970497946483;0.9996671263291994;0.9994767605347054;0.9995342579812772;0.9995862627649595;0.9999939696236952;1.0;1.0;0.9993757350338414;0.9993522521952259;0.9993423250911561;1.0001343740063213;1.0;0.9999696523692508;0.9999606482526086;1.0;1.024999976158142;
2016-08-04 23:45:00;0.9999854121544227;1.0;0.9999695495077116;0.9999934236296578;0.9999958182422699;1.0;0.9999999999999999;0.9999893599636752;0.9999791811932968;0.9999969910170224;0.9999805894715973;0.9999967823314263;0.999999716299426;0.9999905540360048;0.9999941096273735;0.9999993109548266;0.9999996714328333;0.9999955549197735;0.9999999999999999;0.9999731535567754;0.9999806268756563;1.0;1.0;0.9999998231862359;1.0001547642336548;0.9999761099751979;0.9999942576494439;0.9999972130072505;0.9996600210733042;0.9994666356383543;0.9995260194797724;0.9995788773674116;0.9999946514819954;1.0;1.0;0.9993645894504819;0.9993479875084247;0.9993396473536329;1.0001332141041333;1.0;0.9999779513886469;0.9999676866041682;1.0;1.024999976158142;
2016-08-05 00:00:00;0.9999838702334398;1.0;0.9999683077175251;0.9999923651275454;0.9999957002588301;1.0;1.0;0.9999898149326883;0.999978965449478;0.9999972450493471;0.9999788010380743;0.9999951194961318;0.9999995330160718;0.9999911578392237;0.9999944109146789;0.999999128619259;0.9999996027256145;0.9999952852606813;1.0;0.9999715103128168;0.9999780191783726;0.9999999999999999;1.0;0.9999995936390227;1.0001544333406114;0.9999730945767872;0.9999935871553585;0.9999974063569783;0.999672475735239;0.9994857268276882;0.9995276792337868;0.9995707196324966;0.9999947451379395;1.0;1.0;0.9993376436434537;0.9993148749662208;0.999305360780009;1.0001328565805265;1.0;0.999974995617536;0.9999664021674773;1.0;1.024999976158142;
2016-08-05 00:15:00;0.9999797277271428;1.0;0.9999555936718443;0.9999904595259412;0.9999929687911637;1.0;1.0;0.9999842999467426;0.9999676744311;0.9999969694667755;0.9999707298911339;0.9999969559320554;0.9999994535494192;0.9999883074558978;0.9999943111988001;0.9999990577361416;0.9999994388456274;0.9999924833224723;1.0;0.9999591897282208;0.9999711799103124;0.9999999999999999;0.9999999999999999;0.9999995255801793;1.000155976850498;0.9999632298772777;0.9999912406830579;0.9999967206041596;0.9997018432869207;0.9995249806858908;0.99956381070788;0.9996035262001611;0.9999926219701107;1.0;1.0;0.9993879557069637;0.9993706823743261;0.9993607550871794;1.0001341525097314;0.9999999999999999;0.9999664501022446;0.9999516179224208;1.0;1.024999976158142;
2016-08-05 00:30:00;0.9999838840260045;1.0;0.9999669582344992;0.9999924333720975;0.9999948235337893;1.0;1.0;0.9999888274918703;0.9999766589757579;0.9999976388580166;0.9999780605807289;0.9999950904506709;0.999999426631055;0.9999913403634567;0.9999954240398674;0.9999992539275011;0.9999995902125949;0.9999942982464312;1.0;0.9999695811613675;0.9999771049778259;0.9999999999999999;1.0;0.999999620851901;1.000151897060982;0.9999716920446902;0.999993256736657;0.999997549625057;0.9997203124189298;0.9995546471391825;0.9995821366435156;0.9996155796502058;0.9999945574484267;1.0;1.0;0.9993997937413108;0.9993775423769578;0.9993688210695885;1.0001307756061473;1.0;0.9999737237335882;0.99996424855052;1.0;1.024999976158142;
2016-08-05 00:45:00;0.9999872945136519;1.0;0.9999745590831784;0.9999939342817592;0.9999961767267944;1.0;1.0;0.9999916953228243;0.9999824448760356;0.9999981704407693;0.9999828417072358;0.9999969752843734;0.9999995514610727;0.9999934446721142;0.9999963520515539;0.9999993550516943;0.9999996694398605;0.9999957724648064;1.0;0.9999766185971573;0.9999820552145248;1.0;1.0;0.9999996463050522;1.0001482668860173;0.9999778544217904;0.9999947341545291;0.9999981354355566;0.9997413360083116;0.9995873047891015;0.9995899595456299;0.9996090011172896;0.9999958757666093;1.0;1.0;0.9993691646761571;0.9993516608060098;0.9993413528138498;1.0001277319910231;1.0;0.9999794346950495;0.999972624379851;1.0;1.024999976158142;
2016-08-05 01:00:00;0.9999893111193886;1.0;0.9999784435298755;0.9999948896860814;0.9999968127977658;1.0;0.9999999999999999;0.9999929462250838;0.9999851566310912;0.9999984206747555;0.9999854698900916;0.9999950904506711;0.9999996488550783;0.9999943898021366;0.9999968357529374;0.9999994443929158;0.9999997185536266;0.9999964989163853;1.0;0.9999802664655985;0.9999849908848464;0.9999999999999999;1.0;0.9999997000547692;1.000147271231602;0.9999813935352468;0.999995572716481;0.9999984024312495;0.9997362264654007;0.9995846670880174;0.9995960839599669;0.9996223885552646;0.9999964950570055;0.9999999999999999;1.0;0.9994013232468745;0.9993793648477048;0.9993710244310504;1.0001269384860527;1.0;0.9999827744431777;0.9999768385342082;1.0;1.024999976158142;
2016-08-05 01:15:00;0.9999829798917612;0.9999999999999999;0.9999722236537303;0.9999917033346983;0.9999968373450658;1.0;1.0;0.9999929060788616;0.9999841666779445;0.999997291876614;0.9999803705189402;0.9999970311300933;0.9999992554630519;0.9999926046152458;0.9999940660012292;0.9999989490726064;0.9999996246602209;0.9999961679613414;1.0;0.9999750230032195;0.9999770044801528;1.0;0.9999999999999999;0.999999421448058;1.0001480221708083;0.9999735645264596;0.9999937457162736;0.9999977211257591;0.9997446612008924;0.9996080412346612;0.9995916534293321;0.9996073282166663;0.9999956736605475;1.0;0.9999999999999999;0.9993615727641149;0.999344538176484;0.9993346111490418;1.0001272080307324;1.0;0.9999745734141756;0.9999714727566662;1.0;1.024999976158142;
2016-08-05 01:30:00;0.9999871164349149;1.0;0.9999777005062676;0.9999937378878004;0.9999981530113057;1.0;1.0;0.9999940179011226;0.9999878284581121;0.9999972619437317;0.9999845961070593;0.9999950210932408;0.9999997550993428;0.9999930376411529;0.9999940077382362;0.9999990752725622;0.9999997032827533;0.9999979601558465;0.9999999999999999;0.9999810485812919;0.9999838984466601;1.0;1.0;0.9999995931862756;1.0001457046441855;0.9999809510754509;0.999995461770757;0.9999978105869991;0.9997402243648095;0.9996035700952584;0.9995821934894497;0.9995954240716199;0.9999963077306768;0.9999999999999999;1.0;0.9993383223248633;0.9993158525540583;0.9993071317850399;1.00012526127001;0.9999999999999999;0.999982136319847;0.9999776221106658;1.0;1.024999976158142;
2016-08-05 01:45:00;0.9999917740734985;0.9999999999999999;0.9999858075211586;0.9999958983384946;0.9999987071444922;1.0;0.9999999999999999;0.9999963129880873;0.9999920937144906;0.9999984929487031;0.9999899228908248;0.9999955531595531;0.9999997980533668;0.999995990396964;0.999996632907988;0.9999993970913644;0.9999997931504231;0.9999985449668858;0.9999999999999999;0.9999876461294285;0.9999893856604517;0.9999999999999999;1.0;0.999999680452092;1.0001391503672905;0.9999873140441691;0.9999969920095889;0.9999987605749516;0.9997961593874678;0.9996906271109987;0.9996461488955015;0.9996468778800276;0.9999977488356397;0.9999999999999999;0.9999999999999999;0.9994076202644492;0.999385906891398;0.9993759794530178;1.0001198804451372;1.0;0.9999881259273617;0.999985605025907;1.0;1.024999976158142;
2016-08-05 02:00:00;0.9999917271505684;0.9999999999999999;0.9999890324320718;0.9999959774922716;0.9999978479059833;1.0;1.0;0.9999978219629456;0.999993372854642;0.9999996216546024;0.999991735834362;0.9999964373917878;0.9999991548867326;0.9999984416443068;0.9999990898368613;0.9999996747648634;0.999999852002238;0.9999970407097728;1.0;0.9999886657256023;0.9999870664674516;0.9999999999999999;1.0;0.9999996913995061;1.0001364384998364;0.9999862416803154;0.999996784950128;0.9999995739673632;0.9998558554989926;0.9997621636911254;0.9997169339134299;0.9997087748489187;0.999998594965986;1.0;1.0;0.9994996474202644;0.9994807299904738;0.9994708016101649;1.0001177941554584;1.0;0.9999859417399929;0.9999881645625858;1.0;1.024999976158142;
2016-08-05 02:15:00;0.9999912822783168;1.0;0.999987636745125;0.9999956007893817;0.9999977910742354;1.0;1.0;0.9999974649560737;0.9999924759151284;0.9999996269353993;0.9999904869526272;0.999995090450671;0.9999992118143533;0.9999982914068773;0.9999990266392264;0.9999995702306473;0.9999998051433007;0.9999970543738277;1.0;0.99998741210887;0.9999864977508207;1.0;1.0;0.9999995934811524;1.0001384432169032;0.9999850485711441;0.999996512570188;0.9999995439192928;0.9998380239824354;0.9997318706748443;0.9996771871748497;0.9996619457347417;0.9999984384940355;1.0;1.0;0.9994116384268269;0.9993887764382382;0.9993792615484318;1.0001194750982016;1.0;0.9999850935765298;0.9999866781385442;1.0;1.024999976158142;
2016-08-05 02:30:00;0.9999926448217216;1.0;0.99998779926605;0.9999957627788055;0.9999987726158822;1.0;1.0;0.9999976350270661;0.9999932076292104;0.9999995583555616;0.9999898915455528;0.9999970311300933;0.999999708678288;0.9999982593161777;0.9999986093725286;0.9999993058282673;0.9999997228877039;0.9999985598513341;1.0;0.9999884145884397;0.9999894865233953;1.0;0.9999999999999999;0.9999993940671886;1.0001364118951415;0.9999867348447745;0.9999969271472303;0.9999995185399855;0.9998596569521419;0.9997649242203542;0.9997257512721995;0.9997197436754229;0.9999985349803534;1.0;0.9999999999999999;0.9995209623452567;0.9995048528751639;0.9994961304567891;1.0001175712108292;1.0;0.9999878157994452;0.9999872731476702;1.0;1.024999976158142;
2016-08-05 02:45:00;0.9999938487923699;0.9999999999999999;0.9999902038889945;0.9999969711446236;0.9999989761440724;1.0;1.0;0.9999976360370619;0.999994646253639;0.9999990095910581;0.9999929863138861;0.9999950904506711;0.9999997388595997;0.9999973924287571;0.9999977730968409;0.9999995956925032;0.999999862982301;0.9999987419022713;1.0;0.9999912591220155;0.999991778136256;1.0;0.9999999999999999;0.9999997749113807;1.0001367304228463;0.9999905850477269;0.9999977721932272;0.9999991919557449;0.999855670039563;0.9997547513781786;0.9997003571732124;0.9996834238398332;0.9999984897116188;1.0;0.9999999999999999;0.9994453749427463;0.999421901801308;0.9994115930846346;1.0001179411793175;1.0;0.9999909346127643;0.9999900392333153;1.0;1.024999976158142;
2016-08-05 03:00:00;0.9999857383761505;0.9999999999999999;0.999982044474974;0.9999928046156314;0.999997396364298;1.0;1.0;0.999997283266381;0.9999908825637122;0.9999989696080094;0.9999858499210672;0.9999968307292332;0.999998755855395;0.9999971770384877;0.9999973337692688;0.9999991977005905;0.9999997170784637;0.9999962383858416;1.0;0.9999821657966099;0.9999788551222879;1.0;1.0;0.9999993379120776;1.0001380014509018;0.9999774291860866;0.9999947427373789;0.9999991338024974;0.9998667510703613;0.9997704379643005;0.9997164639800663;0.9996997871091872;0.9999977724610288;1.0;1.0;0.999473188711445;0.9994549075164725;0.9994441858565589;1.0001188288650695;1.0;0.9999771096121548;0.9999814442308217;1.0;1.024999976158142;
2016-08-05 03:15:00;0.9999943702806415;1.0;0.9999907971062902;0.9999970082316753;0.9999988299635656;0.9999999999999999;1.0;0.9999979238859622;0.9999945808115217;0.9999995352771605;0.9999928896770828;0.9999951388479743;0.9999997047071234;0.9999983494064605;0.9999988198433776;0.9999995924924562;0.9999998325496858;0.999998575812839;1.0;0.9999912513332954;0.9999918758158214;1.0;1.0;0.9999996696298707;1.0001359147289837;0.9999902580862087;0.9999977230172875;0.9999995322544608;0.9998741267570027;0.999784509375518;0.9997258717027938;0.9997075878430062;0.9999987689241069;1.0;1.0;0.9994841466315694;0.9994608263453668;0.9994505172271994;1.000117287815364;1.0;0.9999907854546988;0.9999903162123567;1.0;1.024999976158142;
2016-08-05 03:30:00;0.9999940332969268;1.0;0.999988017476172;0.9999967615858493;0.9999982634425825;1.0;1.0;0.9999965639835152;0.9999918101998443;0.999999611811996;0.9999910092976294;0.9999968865749287;0.9999997901010735;0.9999978652232209;0.9999990585728565;0.9999995608160973;0.9999997775228161;0.999998101265048;1.0;0.9999885695241697;0.9999911655566436;1.0;1.0;0.9999996198081097;1.0001358590261544;0.9999884633934636;0.999997297169075;0.9999994518107852;0.9998835104962638;0.9997970199652699;0.9997473476609545;0.9997336691425431;0.9999983253873098;1.0;1.0;0.9995341369943685;0.9995172517595288;0.9995081166041838;1.000117237013106;0.9999999999999999;0.9999895642375862;0.9999869703872442;1.0;1.024999976158142;
2016-08-05 03:45:00;0.9999922307008186;1.0;0.999988196934953;0.9999961715697369;0.9999977362385084;1.0;1.0;0.9999971459825336;0.999992270568112;0.9999996429956787;0.9999912626508733;0.9999950210932411;0.9999993028377495;0.9999981754449756;0.9999991881182512;0.9999996713535512;0.9999998300812382;0.9999970775905801;1.0;0.99998802186311;0.999987853287238;1.0;0.9999999999999999;0.9999996890067753;1.0001378366027698;0.9999864136979619;0.9999968169851822;0.9999995238413139;0.9998462283498721;0.9997398905755405;0.9996858571430544;0.9996688957552827;0.99999841751649;1.0;1.0;0.9994209388436518;0.9993987602201129;0.9993904196415925;1.0001190073443675;1.0;0.999986519683219;0.9999871053235515;1.0;1.024999976158142;
2016-08-05 04:00:00;0.9999915667086353;1.0;0.9999869240092139;0.999995822965722;0.9999981547070568;1.0;1.0;0.9999968960107973;0.9999922869257566;0.9999990972849127;0.9999904356631301;0.9999970020845895;0.9999994622776914;0.9999972047187816;0.9999979511030508;0.9999995256220252;0.9999998111381425;0.9999976584994813;1.0;0.9999876125945504;0.9999878614821164;1.0;0.9999999999999999;0.9999996655727319;1.000137402366109;0.999986246151982;0.9999967650938582;0.9999991746851847;0.9998657350938955;0.9997696555984705;0.9997349372236588;0.9997297151033929;0.9999981174342375;1.0;1.0;0.9995388287735186;0.9995216995266947;0.9995117707394134;1.0001184983042384;1.0;0.9999865687035909;0.99998628318416;1.0;1.024999976158142;
2016-08-05 04:15:00;0.9999909636456658;1.0;0.9999854254772186;0.9999951921766758;0.9999988328194608;1.0;1.0;0.9999969134121169;0.9999924599816272;0.9999987218742683;0.9999888091606663;0.9999948206933944;0.9999997198423668;0.999996619287721;0.9999968868096856;0.9999992310451618;0.9999997360305423;0.9999986200548996;1.0;0.9999870031203028;0.9999880388423148;1.0;1.0;0.9999994788233915;1.0001380576677914;0.9999855942522753;0.9999966231886296;0.9999989524141948;0.9998563066364856;0.9997562808924991;0.9997079931065659;0.9996952215734468;0.9999979340891896;1.0;1.0;0.9994708019011187;0.9994473774810682;0.999438242964344;1.0001188692114058;0.9999999999999999;0.9999865344872119;0.9999853016970586;1.0;1.024999976158142;
2016-08-05 04:30:00;0.9999930273730818;1.0;0.9999903883149841;0.999996484364552;0.9999984819077145;1.0;0.9999999999999999;0.999998168737086;0.999994557309196;0.9999995433854816;0.9999925941281557;0.9999956283573623;0.9999994151560752;0.9999984714805251;0.9999988479610932;0.999999623855622;0.9999998497896366;0.9999979367050827;1.0;0.9999904435816807;0.9999895279526737;1.0;1.0;0.9999996798458297;1.0001363498574354;0.9999885069234989;0.9999973168598446;0.9999995597098333;0.999849477442783;0.9997509143284047;0.9997033032704489;0.9996928105543156;0.9999987645821949;1.0;1.0;0.9994697224950823;0.9994482460852807;0.9994383180276518;1.0001176806412624;1.0;0.9999885168541778;0.9999898583955673;1.0;1.024999976158142;
2016-08-05 04:45:00;0.9999932772684142;1.0;0.999989251239492;0.9999965222505697;0.9999982008658194;1.0;0.9999999999999999;0.9999974651847171;0.9999931243145747;0.9999996889125009;0.9999917889286968;0.9999962234793771;0.999999499584923;0.9999983881170386;0.9999991993267426;0.9999996188736636;0.9999998177346338;0.9999977444804943;1.0;0.9999892913717215;0.9999896932178866;1.0;1.0;0.9999996473725943;1.0001363653402553;0.9999879695837358;0.9999971893957715;0.9999995812932138;0.999861691290545;0.9997650202127161;0.9997144140815706;0.9997003106996999;0.999998595067862;1.0;1.0;0.9994775083640802;0.9994579134261952;0.9994479852725354;1.0001177101188756;1.0;0.9999883756278248;0.9999883592176366;1.0;1.024999976158142;
2016-08-05 05:00:00;0.9999932711592426;1.0;0.9999905065961834;0.9999965644457719;0.9999985497266198;1.0;1.0;0.9999981674142642;0.9999946042903872;0.9999995646293671;0.9999926367202955;0.999995090450671;0.9999994626207904;0.9999985047773174;0.999998883517618;0.999999614818526;0.9999998450532962;0.9999980535188485;0.9999999999999999;0.9999906055665118;0.9999899301511027;1.0;1.0;0.9999996693904086;1.000137121863228;0.9999887884359552;0.9999973832251964;0.9999995720846825;0.9998582917385684;0.9997603227742227;0.9997078553003792;0.9996929800282159;0.9999987849928065;1.0;1.0;0.9994641989940263;0.9994407254104832;0.9994304164996504;1.0001183454492883;1.0;0.9999888947065545;0.9999899841476807;1.0;1.024999976158142;
2016-08-05 05:15:00;0.9999932671302306;0.9999999999999999;0.9999901981340946;0.999996384516512;0.9999988853393017;1.0;0.9999999999999999;0.9999982741966686;0.9999948552180894;0.9999994745354152;0.9999921098018204;0.9999968865749287;0.9999995916096238;0.9999984109868614;0.9999985692559159;0.9999994915232345;0.9999998115677785;0.9999985300711033;1.0;0.9999906205808825;0.9999903284305607;1.0;1.0;0.9999995804176895;1.0001372613418595;0.99998879018769;0.9999973917613205;0.9999995279272177;0.999854380264749;0.9997530190872904;0.9996952534303498;0.9996765534020109;0.9999987795995723;1.0;1.0;0.9994314724402241;0.9994142959295794;0.9994047807968094;1.000118391239973;1.0;0.9999891961804461;0.9999898880740402;1.0;1.024999976158142;
2016-08-05 05:30:00;0.9999929934631403;1.0;0.999988759543647;0.9999964789873721;0.9999988082648834;1.0;1.0;0.999997340857213;0.9999937943224374;0.999998975077623;0.9999917935534615;0.9999948206933946;0.9999997000770499;0.9999972072201513;0.9999976515745054;0.9999995187637928;0.9999998302892292;0.9999985449415997;0.9999999999999999;0.9999898590839031;0.9999905194021137;1.0;1.0;0.9999997042338588;1.000136806749991;0.9999889949136832;0.9999974049919809;0.999999143831217;0.9998615755193603;0.9997633345057567;0.9997134462000761;0.9996991233758926;0.9999983184008088;1.0;1.0;0.999475227801925;0.9994524136778862;0.9994440726515957;1.0001179644801825;1.0;0.9999894716829746;0.9999885082958415;1.0;1.024999976158142;
2016-08-05 05:45:00;0.9999919765570927;1.0;0.9999893667243127;0.9999960704274663;0.9999985206887063;0.9999999999999999;1.0;0.9999980379576505;0.9999944576643541;0.9999991744542981;0.9999920323013499;0.9999969268865581;0.999999365557236;0.9999978336917108;0.9999980582835176;0.9999995723836804;0.9999998543253921;0.9999979233635781;0.9999999999999999;0.9999897812307512;0.999988411686434;1.0;1.0;0.9999996978874229;1.0001372858158217;0.9999876396673573;0.9999971011474654;0.9999993268456774;0.9998564673655047;0.9997576224931226;0.9997039518257005;0.9996884028716024;0.9999985419192158;0.9999999999999999;0.9999999999999999;0.999455558963915;0.9994381928327476;0.999428264874983;1.0001184253815905;0.9999999999999999;0.9999874915259247;0.9999890706396166;1.0;1.024999976158142;
2016-08-05 06:00:00;0.9999923434676802;1.0;0.9999882988110714;0.9999958087712751;0.9999984788189672;1.0;1.0;0.9999977812477588;0.9999933481310632;0.9999996191051154;0.9999904913077863;0.9999950501386957;0.9999995160210846;0.9999984199242937;0.9999988363298543;0.9999994212577081;0.9999997628328805;0.9999980622557871;1.0;0.9999885385878188;0.9999886491664308;1.0;1.0;0.9999994773781052;1.0001389354520298;0.9999865179906811;0.9999968692879784;0.9999995683560102;0.9998241398704332;0.9997186691913145;0.999660112124817;0.9996462292889706;0.9999985903402685;0.9999999999999999;1.0;0.9993870308742996;0.9993649446266362;0.9993566043303271;1.0001198195599295;1.0;0.9999871439402466;0.9999876609752256;1.0;1.024999976158142;
2016-08-05 06:15:00;0.9999944389465858;0.9999999999999999;0.9999918924867637;0.9999968752584101;0.9999991646161507;1.0;1.0;0.9999987510190802;0.9999958609174033;0.9999996815376144;0.9999931646517346;0.9999968865749289;0.999999683380987;0.9999989476091945;0.9999989768261767;0.9999995204175706;0.9999998205315808;0.9999989012927729;1.0;0.9999921758614755;0.9999919694604352;1.0;1.0;0.9999995789004317;1.0001361514259022;0.9999904481781262;0.9999977900816841;0.999999696252139;0.9998570189766921;0.9997638523260407;0.9997102062534793;0.9996970615745349;0.9999990730665969;1.0;1.0;0.9994733700158654;0.9994564858075684;0.9994473512075979;1.0001174658480552;1.0;0.9999909238680743;0.9999916441548441;1.0;1.024999976158142;
2016-08-05 06:30:00;0.9999939570725774;1.0;0.9999918644358526;0.9999970544777427;0.9999984577978319;1.0;1.0;0.9999983580052769;0.9999951093441426;0.9999996856806974;0.9999938851280051;0.9999951462962859;0.9999994062468934;0.9999987795976212;0.9999992487020342;0.9999997509453706;0.9999998892335866;0.9999978911225044;1.0;0.999991677307325;0.9999906342837915;1.0;1.0;0.9999997724693255;1.0001365621531464;0.9999899778464457;0.9999976555030912;0.9999996623341258;0.999843154488177;0.999751574220673;0.9996935180818048;0.9996818303370746;0.9999989438390187;1.0;1.0;0.9994496817834072;0.9994269950993303;0.9994174798456553;1.0001179451748115;1.0;0.9999898029435613;0.9999912544611245;1.0;1.024999976158142;
2016-08-05 06:45:00;0.9999910348913144;1.0;0.9999859505740224;0.9999957577924561;0.9999978627544124;0.9999999999999999;1.0;0.999996350978629;0.9999914329046595;0.9999988914007021;0.999990188879364;0.9999968575294377;0.9999994018949491;0.9999966376477357;0.9999976330820577;0.9999995829558227;0.9999998303127391;0.9999972944873022;0.9999999999999999;0.999986767382474;0.9999871204706963;1.0;1.0;0.9999997515048802;1.0001410811092772;0.9999856962090284;0.9999966157359409;0.9999990013810862;0.9997830091590331;0.9996808034016951;0.9996392665793554;0.9996467767535455;0.9999978523408497;1.0;1.0;0.999416681899222;0.9993988036454562;0.9993884951670329;1.000121691103561;1.0;0.9999858706925765;0.9999852067268163;1.0;1.024999976158142;
2016-08-05 07:00:00;0.9999877338232994;1.0;0.9999807003590404;0.9999937703762232;0.9999979386168388;1.0;1.0;0.9999956304115647;0.999989452393426;0.9999983403104022;0.9999856844614846;0.9999843832181112;0.9999994269662839;0.999995450395788;0.9999961371910456;0.9999991461938247;0.9999996970996343;0.9999974424093708;0.9999999999999999;0.9999824189696906;0.9999832318122871;0.9999999999999999;1.0;0.9999994402117633;1.0001494079011448;0.9999805751741525;0.9999954309555065;0.9999986047586291;0.9996342743293193;0.9995137343279501;0.9994644277994001;0.9994942660651385;0.9999971835485864;1.0;1.0;0.9991908601557635;0.9991337750674019;0.9991238501335831;1.0001286066645454;1.0;0.9999813739748108;0.9999802531897742;1.0;1.024999976158142;
2016-08-05 07:15:00;0.999980090317194;1.0;0.9999543440211882;0.9999904224422123;0.9999929443688702;1.0;1.0;0.9999836829560049;0.9999664531283238;0.9999970662815272;0.9999696267495376;0.999980845217628;0.999999632282274;0.9999881798162154;0.9999944608415978;0.9999989685724555;0.999999383817397;0.9999926595700479;0.9999999999999999;0.9999581611855575;0.9999717976834801;1.0;1.0;0.9999994269109803;1.0001570554340342;0.9999628543192142;0.9999911540317982;0.9999967225459359;0.9994849682312483;0.9993704227282343;0.9993290347894597;0.9994022570686885;0.9999924570778094;0.9999999999999999;1.0;0.9990938270824449;0.9990175877011355;0.9989973528535192;1.000135050477561;1.0;0.999966698841727;0.9999501594284825;1.0;1.024999976158142;
2016-08-05 07:30:00;0.9999637945218555;1.0;0.9999423175508056;0.9999841446191949;0.9999967988731063;1.0;1.0;0.999984182682471;0.9999723853657362;0.9999892006035461;0.9999639238205634;0.9999800531090305;0.9999994372899624;0.9999760625260309;0.999977315867938;0.9999978036905912;0.9999995490553131;0.9999962735847104;1.0;0.9999546882081989;0.9999587358351972;1.0;1.0;0.9999998224189719;1.000165487207;0.999955695886402;0.9999892811040516;0.9999920576911361;0.9994342778160273;0.9993071445436967;0.9992517887483539;0.9993241919065402;0.9999891251792992;0.9999999999999999;1.0;0.9989618194417406;0.998881861485508;0.9988600435529895;1.0001408929245226;1.0;0.9999566247080888;0.9999448316723092;1.0;1.024999976158142;
2016-08-05 07:45:00;0.9999679311457195;0.9999999999999999;0.9999491998248815;0.999985527123555;0.999997419567824;1.0;1.0;0.9999867095542524;0.9999761613524002;0.999990851869742;0.9999672283696653;0.9999783186088792;0.9999995163124489;0.9999797638461249;0.9999805044126029;0.9999978806739747;0.9999995314986321;0.9999970030050851;0.9999999999999999;0.9999598474159719;0.9999632190565845;1.0;1.0;0.9999996055034687;1.0001669176085688;0.9999598723009555;0.9999903317933301;0.9999932840340033;0.9993975190729677;0.9992642441745778;0.9992004120102385;0.9992735623253134;0.9999906966142758;1.0;0.9999999999999999;0.998878386586469;0.9987935518440892;0.9987725285373995;1.0001423339691038;1.0;0.9999610381650484;0.9999514643996228;1.0;1.024999976158142;
2016-08-05 08:00:00;0.9999837952618698;1.0;0.99997308733305;0.9999923439726358;0.9999970672344889;1.0;1.0;0.9999927206710456;0.9999846695464691;0.9999969601644159;0.9999816466982597;0.9999739822222312;0.9999993677894071;0.999991988740727;0.9999934809624993;0.9999990478808505;0.9999996781849959;0.9999965036874426;1.0;0.9999763507694779;0.9999786924414631;0.9999999999999999;1.0;0.999999580172768;1.000160475862538;0.9999757202968633;0.9999942218203052;0.9999975090301015;0.9993752771358536;0.9992354783152848;0.9991620097325687;0.9992299247643698;0.9999955754653783;1.0;1.0;0.9987985669443491;0.9986987872773266;0.9986761804262355;1.0001379951570255;1.0;0.9999766050559248;0.999972558421503;1.0;1.024999976158142;
2016-08-05 08:15:00;0.9999849906270292;1.0;0.9999726195757933;0.9999927549359867;0.9999972881645949;1.0;1.0;0.9999920882203189;0.9999839205570081;0.9999969458807323;0.9999813182820461;0.9999692122296918;0.9999996873147732;0.9999916949172701;0.9999934706605828;0.9999989934873424;0.9999996416401908;0.999997055487025;1.0;0.9999763474175085;0.99998081787029;1.0;1.0;0.9999995432139632;1.0001618899698395;0.9999768986366293;0.999994496587867;0.9999974391756404;0.9993404811957195;0.9991857940487839;0.9990943259812857;0.9991527430461037;0.9999954527864248;0.9999999999999999;1.0;0.9986558712087177;0.99854161277316;0.9985198022724747;1.0001391920085256;0.9999999999999999;0.9999784930911534;0.9999720022783802;1.0;1.024999976158142;
2016-08-05 08:30:00;0.9999778139068534;1.0;0.9999640326342564;0.999989998217935;0.999995797542392;1.0;1.0;0.9999899045942902;0.9999794013801863;0.9999954973827153;0.9999764535356892;0.9999537865651421;0.9999989721628568;0.9999884490484463;0.9999906303483014;0.9999989112238503;0.9999996537534118;0.9999948601449123;1.0;0.9999685415557299;0.999970886798084;1.0;1.0;0.9999996662322637;1.0001753037367065;0.999967993857886;0.9999923473070569;0.9999963698650016;0.9991763442127458;0.9989572546974876;0.9989164166547054;0.9990132301544767;0.9999938354881992;1.0;1.0;0.998475317556276;0.9983113477921072;0.998288369221715;1.000150607254043;1.0;0.9999685250207034;0.9999633871548357;0.9999999999999999;1.024999976158142;
2016-08-05 08:45:00;0.9999852152887634;1.0;0.9999737553851519;0.9999932419892335;0.9999972193747415;1.0;1.0;0.9999921406981432;0.999984566344293;0.9999967053022204;0.9999828636874557;0.9999504218651152;0.9999995597497997;0.9999913315258335;0.9999931336619585;0.9999991683756109;0.9999997216575056;0.9999968641071348;1.0;0.9999775215400101;0.999981212966484;1.0;0.9999999999999999;0.9999997340845177;1.0001743549439066;0.999978305660565;0.9999947945702066;0.9999973026584468;0.9991435169587141;0.9989101967228989;0.9988394554400717;0.9989191834493348;0.9999954279114204;1.0;1.0;0.9982948368225357;0.9981205401901017;0.9980979464283886;1.0001500382454578;1.0;0.9999793348750847;0.9999732588539783;1.0;1.024999976158142;
2016-08-05 09:00:00;0.9999834140758326;1.0;0.9999720194642782;0.9999912785388211;0.9999979696256951;0.9999999999999999;0.9999999999999999;0.9999935388490644;0.9999853717248035;0.9999971978381492;0.9999790648154828;0.9999494199777779;0.9999996124205248;0.9999927379609856;0.9999934419932845;0.9999985671265321;0.9999995163907659;0.9999977568613175;1.0;0.9999756320492111;0.9999787292694274;1.0;1.0;0.9999990847975614;1.0001741808066347;0.999974002646252;0.9999938861643501;0.9999977232200794;0.9991877224201797;0.9989661479088627;0.998896873357487;0.9989731056322464;0.9999958357173669;0.9999999999999999;0.9999999999999999;0.9983803257602487;0.9982025546890992;0.998179578622846;1.0001496165255228;1.0;0.9999759840352219;0.9999719089451302;0.9999999999999999;1.024999976158142;
2016-08-05 09:15:00;0.9999780998623056;1.0;0.9999611476945999;0.9999888524664492;0.9999959406460239;0.9999999999999999;1.0;0.9999897155107849;0.9999772097829774;0.9999965831701504;0.9999719508607835;0.999952081189268;0.9999993287837562;0.9999900944383034;0.9999923953296057;0.9999984017744071;0.9999993923806348;0.9999954536120792;0.9999999999999999;0.9999652608443146;0.999970733886712;1.0;1.0;0.9999989937308424;1.0001761403380376;0.999964307897131;0.9999915829035232;0.9999969944615694;0.9991889106631983;0.9989748263877126;0.9989087589036368;0.9989907257938487;0.9999940603109477;1.0;1.0;0.9984173064523612;0.9982485574741254;0.9982263729102834;1.0001511780567542;0.9999999999999999;0.9999668329859104;0.9999598734932952;1.0;1.024999976158142;
2016-08-05 09:30:00;0.9999827318150359;1.0;0.9999729250228523;0.9999921469587624;0.9999975773067336;1.0;1.0;0.9999928883623941;0.999985911666233;0.9999960562390551;0.9999821645914113;0.9999559143094852;0.999999344198468;0.9999906470235181;0.9999916074845313;0.9999990168780287;0.9999997359461846;0.9999970014593215;1.0;0.9999771401423608;0.9999783588080867;1.0;1.0;0.9999997096935198;1.0001743782267596;0.9999764229651829;0.999994353082037;0.9999969828601943;0.9991416935347814;0.9989161159956566;0.9988711112895884;0.9989700448808645;0.9999953012989603;1.0;1.0;0.9984058606073263;0.9982403954071676;0.9982067035878845;1.0001499069373538;1.0;0.999976821515566;0.9999731905096915;1.0;1.024999976158142;
2016-08-05 09:45:00;0.9999711129063124;1.0;0.9999555456663011;0.9999869098378059;0.9999980390332027;1.0;1.0;0.9999888815491118;0.9999800577961611;0.9999917703763069;0.9999711237217336;0.9999517921017739;0.9999994718947284;0.9999821600659127;0.9999823321451757;0.999998051442369;0.9999995883097758;0.999997624034083;1.0;0.9999650730255223;0.9999669929526397;1.0;1.0;0.9999995877089454;1.000182775091703;0.9999643975513154;0.999991428328776;0.9999940389765738;0.9991198737165;0.9988821707853238;0.9988263537240494;0.9989199155996243;0.9999918942376776;1.0;1.0;0.9983148814142492;0.99814279678427;0.9981174446724463;1.0001562272503028;0.9999999999999999;0.9999652239181321;0.9999579228409247;0.9999999999999999;1.024999976158142;
2016-08-05 10:00:00;0.9999574795369763;1.0;0.9999419410985804;0.9999806072648132;0.9999965355368702;0.9999999999999999;0.9999999999999999;0.9999877178568488;0.9999754781813724;0.999989816057603;0.9999610708169634;0.9999516475596216;0.9999981973829516;0.9999786072265975;0.9999779037777894;0.9999974211963849;0.9999994720268401;0.9999948963124627;1.0;0.9999522909543395;0.9999480530889708;1.0;1.0;0.9999992645973717;1.0001925795807183;0.9999465470159979;0.9999872436935198;0.9999927512287102;0.9990295816549069;0.9987465976365901;0.9987379900346149;0.998859675025335;0.9999899733456551;1.0;1.0;0.9982534021842997;0.9980817727634657;0.9980575950239594;1.0001641740046305;1.0;0.999945840821461;0.9999449902266152;0.9999999999999999;1.024999976158142;
2016-08-05 10:15:00;0.9999392863809698;1.0;0.9999305959209245;0.9999731147429278;0.9999906570178039;1.0;1.0;0.9999880686482011;0.9999689993692387;0.999990314539;0.9999528091161619;0.9999563479394782;0.999994576443996;0.9999796400735017;0.9999793959830965;0.9999977465714593;0.9999995532081103;0.9999854020296209;1.0;0.9999355715764022;0.9999156141276672;1.0;1.0;0.9999992153927698;1.000199100235099;0.999919179191298;0.9999809050285116;0.9999930570002143;0.9990522459443337;0.9987787139814802;0.9987680154382327;0.9988893891229442;0.9999890897800228;1.0;1.0;0.9983030898920853;0.9981426709041061;0.9981137368670264;1.0001700387107593;0.9999999999999999;0.9999131046892791;0.9999315666720732;1.0;1.024999976158142;
2016-08-05 10:30:00;0.999948315650216;1.0;0.9999207301804244;0.9999774435002579;0.9999887785974859;1.0;1.0;0.9999777163764355;0.9999532599028192;0.999990380707158;0.9999491561049184;0.9999647313703962;0.9999967847514593;0.9999752009482781;0.9999808884299008;0.9999981254362138;0.9999993829212604;0.9999856532054661;1.0;0.9999284191209434;0.9999294052237417;1.0;1.0;0.9999996268262258;1.0001978919356145;0.9999253686206193;0.9999822401479533;0.9999921210332404;0.9990725524676684;0.9988052407041013;0.99880277593086;0.9989271278043989;0.9999864463535181;1.0;1.0;0.9983699459069931;0.9982296629820524;0.9981924212686062;1.0001692470650247;1.0;0.9999245477309506;0.9999182442278506;1.0;1.024999976158142;
2016-08-05 10:45:00;0.9999492484042131;1.0;0.9999121083956731;0.9999772584642315;0.999987164238555;0.9999999999999999;1.0;0.9999729527154265;0.9999436849706519;0.9999910413103245;0.9999429173200537;0.9999645116304706;0.9999974267352717;0.9999741508673397;0.9999825338853243;0.9999979670299722;0.9999991437063809;0.9999847160453919;1.0;0.9999201413807743;0.9999299767124354;1.0;1.0;0.9999993514343841;1.0001984418553367;0.9999210641583602;0.9999812388492297;0.9999920658060771;0.9990637412555092;0.9987994684176692;0.9988092378108855;0.9989443438490759;0.9999851519882937;1.0;0.9999999999999999;0.9984131847056843;0.9982810267546679;0.9982552590232563;1.0001697296028789;1.0;0.999923040067896;0.9999074749557408;1.0;1.024999976158142;
2016-08-05 11:00:00;0.9999706525893289;1.0;0.9999575868937233;0.9999868347451607;0.9999968246067744;1.0;1.0;0.9999898326996342;0.9999801681355917;0.9999929027525487;0.9999722444490869;0.9999644422761415;0.9999988102177695;0.9999843673949804;0.9999848588019503;0.9999983478067472;0.9999996376993606;0.9999957185126247;0.9999999999999999;0.999964869949583;0.99996389169974;0.9999999999999999;1.0;0.9999996215335294;1.000188202136315;0.9999623291997736;0.9999909761321157;0.9999948031510166;0.9990390936935272;0.9987774493646459;0.9988143423675151;0.9989698001512582;0.9999925328645953;1.0;1.0;0.9984842820924708;0.9983534314893233;0.9983296593068933;1.0001611932127459;1.0;0.9999621034776647;0.9999590466002032;1.0;1.024999976158142;
2016-08-05 11:15:00;0.9999605579165817;1.0;0.9999478779070484;0.9999818967119632;0.9999964336395655;1.0;1.0;0.9999896303196051;0.9999780897727396;0.9999913043960098;0.9999644854285245;0.9999640086396594;0.9999980332323034;0.9999817849115913;0.9999810069998304;0.9999976837591229;0.9999995128347549;0.9999946060456333;1.0;0.9999562297563882;0.9999505589477702;1.0;1.0;0.999999243880267;1.0001923676223248;0.9999495272793086;0.999987994766286;0.999993822231044;0.9989829284964699;0.9987193308230539;0.9987544070410048;0.9989216438129435;0.9999912565566322;1.0;1.0;0.9984197717713541;0.9982884592639166;0.9982658617011358;1.0001642778916915;1.0;0.9999484493252127;0.9999503649402144;1.0;1.024999976158142;
2016-08-05 11:30:00;0.9999582680215505;1.0;0.9999402568913025;0.9999811219047156;0.9999963163292207;1.0;1.0;0.9999861874138735;0.9999733982029332;0.9999895371176422;0.9999606216249766;0.9999635749973776;0.9999985020680905;0.9999774932285325;0.9999775356870126;0.999997482296274;0.9999994693353548;0.9999949390982422;1.0;0.9999512578003927;0.9999496017976076;1.0;1.0;0.9999993938925082;1.0001901228385308;0.9999473863730323;0.9999874080734964;0.9999924409796231;0.9990619467216388;0.998822751250879;0.9988436043601137;0.9989960068516994;0.9999894606241815;1.0;1.0;0.9985231801176216;0.9983912852362965;0.9983697306204972;1.000162058293803;1.0;0.99994722320208;0.9999430067785882;1.0;1.024999976158142;
2016-08-05 11:45:00;0.9999711783590891;1.0;0.9999602444024434;0.9999867468588206;0.9999966131417797;1.0;1.0;0.9999913966459175;0.9999815951506805;0.999994026553908;0.9999729427211907;0.9999636444561005;0.9999985067608435;0.9999868193401359;0.9999870221053526;0.9999983764976628;0.9999996129539872;0.9999952298656081;1.0;0.9999659182492238;0.9999630849715128;1.0;1.0;0.9999994262798151;1.000190391914144;0.9999615957945827;0.9999908654041915;0.9999956228750897;0.9990146702490444;0.9987526029480727;0.9987601495234657;0.9989044017782224;0.9999933954891916;1.0;1.0;0.9983611178151375;0.998228050743302;0.9982046620035556;1.000163213151838;0.9999999999999999;0.9999611069151585;0.999961310551129;0.9999999999999999;1.024999976158142;
2016-08-05 12:00:00;0.9999689171226309;0.9999999999999999;0.999958114870202;0.9999857372808346;0.9999969313450965;1.0;1.0;0.9999913297134195;0.9999817462079729;0.9999932055276662;0.9999715397031055;0.999961909902522;0.9999984549911948;0.9999855154546077;0.9999852112482281;0.9999981948890887;0.9999996049184021;0.9999955051187037;1.0;0.9999646693555341;0.9999608795030918;1.0;1.0;0.9999994026704396;1.000190140967059;0.9999597527269134;0.9999904228254937;0.9999951210873734;0.9990483042595872;0.9987847472371797;0.9987819143090353;0.9989116199798058;0.9999929748441593;1.0;1.0;0.9983524458707154;0.998213280292478;0.998189099367306;1.000162814667044;1.0;0.999959058936798;0.9999598280558154;1.0;1.024999976158142;
2016-08-05 12:15:00;0.9999720446779271;1.0;0.9999612002800355;0.9999870590505602;0.9999957252970226;1.0;0.9999999999999999;0.9999914458579618;0.9999805358744456;0.9999950862268647;0.9999732369184822;0.9999628523726906;0.9999982654139385;0.9999885042648735;0.9999893455326359;0.9999985555517483;0.9999996016316323;0.9999941075466782;1.0;0.9999653729976624;0.9999625452403095;0.9999999999999999;1.0;0.9999993755786745;1.0001877750956225;0.9999607249480458;0.9999906882099084;0.9999962618841098;0.9990173657694158;0.9987379863875198;0.9987498581990836;0.9988868626563493;0.999993791599771;1.0;0.9999999999999999;0.9983208618374525;0.9981834644951497;0.9981576992820254;1.0001611558093797;1.0;0.9999601924192695;0.9999612835280487;1.0;1.024999976158142;
2016-08-05 12:30:00;0.9999753752089774;0.9999999999999999;0.999968220310732;0.9999886080554071;0.9999967896342794;1.0;0.9999999999999999;0.9999938832201012;0.9999855185889138;0.9999956426187638;0.9999778345304624;0.9999644422761413;0.9999983634837781;0.9999904441020822;0.9999903857280593;0.9999987079377061;0.9999996856628626;0.9999952562417583;0.9999999999999999;0.9999717696172;0.9999671914370617;1.0;1.0;0.9999994451270874;1.0001837233017574;0.9999665390468767;0.9999920738284038;0.9999968260262182;0.9989984183064725;0.9987170748265449;0.9987428557951554;0.9988904786455931;0.9999949708195285;1.0;1.0;0.9983408326895813;0.9982109030815263;0.998188307274331;1.0001577786284408;0.9999999999999999;0.9999655458925352;0.9999688624397745;0.9999999999999999;1.024999976158142;
2016-08-05 12:45:00;0.9999704333062629;1.0;0.9999585996734455;0.9999867229000539;0.9999953791253725;1.0;0.9999999999999999;0.9999902476436497;0.9999789867883526;0.9999942769862904;0.999972450940236;0.9999635749973775;0.999998205020162;0.999986698079919;0.9999878489394065;0.9999986081901134;0.999999643552877;0.999993674151002;0.9999999999999999;0.9999635497994283;0.9999608723440478;1.0;1.0;0.9999995686817759;1.0001874724298538;0.9999595691954543;0.9999903701453696;0.9999956674898329;0.9990114027167178;0.9987306053370478;0.9987624460086854;0.9989118186678652;0.9999930695420062;1.0;1.0;0.9983793743519324;0.9982445731855099;0.9982192184886384;1.0001608422370116;1.0;0.9999587255190696;0.9999587913167189;1.0;1.024999976158142;
2016-08-05 13:00:00;0.9999765994629606;1.0;0.9999694878810265;0.9999889776444677;0.9999971192821884;1.0;1.0;0.9999942795540128;0.9999862495590606;0.9999959215573335;0.9999783344410816;0.9999657431968944;0.9999985221965384;0.9999910632913501;0.9999908938504507;0.9999986720862513;0.9999996642725743;0.9999957527865132;1.0;0.9999729457517478;0.9999689413312857;0.9999999999999999;1.0;0.9999993705808966;1.0001852385498866;0.9999678622392971;0.9999923995688831;0.9999970281389483;0.9990037028688301;0.9987374138685389;0.9987673672968465;0.9989239816388139;0.9999952594721504;1.0;1.0;0.9984097906352828;0.9982821410671552;0.9982571658908276;1.0001590978058401;1.0;0.9999672043629689;0.9999701509443367;1.0;1.024999976158142;
2016-08-05 13:15:00;0.9999788484028684;1.0;0.9999723004853192;0.9999903502845626;0.9999959579919282;1.0;0.9999999999999999;0.9999941240104896;0.9999853982681735;0.999997047866847;0.9999808289318063;0.9999659570973278;0.9999982511936991;0.999992763024939;0.9999936565298239;0.999999138009885;0.9999997421829299;0.9999942912466185;0.9999999999999999;0.9999739765566916;0.99997003454439;0.9999999999999999;0.9999999999999999;0.9999995744144219;1.0001868631586148;0.9999694126843517;0.9999927668998809;0.999997688295149;0.9989650236741534;0.9986750831506276;0.99871522166279;0.9988752819765863;0.9999957414272542;1.0;0.9999999999999999;0.9983337687680262;0.9982059037397741;0.998179757500368;1.0001608681651972;1.0;0.9999682944072451;0.9999717352332768;1.0;1.024999976158142;
2016-08-05 13:30:00;0.9999743276463046;1.0;0.9999627695820397;0.9999885485566216;0.9999940376653506;1.0;1.0;0.9999903690780383;0.9999779621047108;0.9999962843836956;0.9999752123383243;0.9999661768378403;0.9999979952448856;0.9999899127664632;0.9999924225461357;0.999999103506518;0.9999996765615663;0.99999210739539;1.0;0.9999650616974157;0.9999633511059315;1.0;1.0;0.9999996388031767;1.0001888589301653;0.9999616448230151;0.9999908958434992;0.9999968783331978;0.9990244524025519;0.9987383196286777;0.9987639470553598;0.9989043425692289;0.9999940146143357;1.0;1.0;0.9983556854890201;0.9982306345569023;0.9982072457566167;1.0001625154863336;1.0;0.9999607974389465;0.9999611601164683;0.9999999999999999;1.024999976158142;
2016-08-05 13:45:00;0.9999667798509172;0.9999999999999999;0.9999547440045916;0.9999829507945265;0.9999951592769685;1.0;1.0;0.9999923186482185;0.9999778539365125;0.99999634739062;0.9999647360628712;0.9999640779908595;0.9999978270917937;0.9999908932560114;0.9999910700976824;0.9999977380389913;0.9999992507001965;0.9999932413049446;1.0;0.9999574888209759;0.9999533867648794;1.0;1.0;0.9999983357420043;1.0001907877118275;0.999948439623967;0.9999879681592413;0.9999970889850327;0.9990131181320516;0.9987458230603196;0.9987396473895686;0.9988737690566761;0.999993994319389;1.0;0.9999999999999999;0.99829540642397;0.9981628180751962;0.9981382579426096;1.0001634584872459;0.9999999999999999;0.9999490866990258;0.9999542304966254;1.0;1.024999976158142;
2016-08-05 14:00:00;0.9999531910441302;1.0;0.9999340824532632;0.9999743675499534;0.9999941298085354;0.9999999999999999;1.0;0.9999900221569473;0.9999684643068368;0.9999958077319872;0.9999455171240775;0.9999710912494898;0.9999974140972406;0.9999890884231476;0.9999886883426662;0.9999960813858769;0.9999986408302988;0.9999919972768995;1.0;0.9999378436878946;0.9999343676048176;1.0;1.0;0.9999968147550844;1.0002025625268152;0.9999237371365164;0.9999823315190783;0.9999965247843736;0.9989656516389608;0.9986497571578588;0.9986849642666978;0.9988328629026011;0.9999920293624133;0.9999999999999999;1.0;0.9982479344720104;0.9981378410058812;0.9981136619081663;1.0001727197722394;0.9999999999999999;0.9999267997333525;0.9999333565766249;1.0;1.024999976158142;
2016-08-05 14:15:00;0.9999473090991636;1.0;0.9999276151830068;0.9999699944834958;0.9999943500906265;0.9999999999999999;1.0;0.9999912579779565;0.9999672619944545;0.9999963279441538;0.9999370999683526;0.9999893735796472;0.9999971286085763;0.9999904937119125;0.9999888067649492;0.9999951216047875;0.9999983001843474;0.9999920535831411;1.0;0.999930914120968;0.9999255922417639;1.0;1.0;0.9999957942406288;1.0001932125060182;0.9999122448656638;0.9999797854682866;0.9999969294810044;0.9991282700908686;0.9988872552901594;0.9989092706505249;0.9990470373325266;0.9999921073253801;1.0;0.9999999999999999;0.9985896298711594;0.9985372597376216;0.9985129113884575;1.0001641733902602;1.0;0.9999164114948697;0.9999271254258828;0.9999999999999999;1.024999976158142;
2016-08-05 14:30:00;0.9999596707635191;1.0;0.9999445655128868;0.9999771949114824;0.9999950904222863;1.0;1.0;0.9999930415161562;0.9999740921880559;0.9999974855558048;0.9999521069150938;0.9999921951900059;0.9999976348187283;0.999993037358359;0.9999921052596713;0.9999964094988886;0.9999987240623481;0.9999931525371686;1.0;0.999946559886877;0.9999423217720684;0.9999999999999999;1.0;0.9999968566192434;1.0001883599505326;0.9999323289160124;0.9999843998487503;0.9999978179638783;0.9990760724866931;0.9988228933188235;0.9988642331131385;0.9990180609311493;0.9999939481085764;1.0;1.0;0.9985633200386229;0.9985209345519342;0.9984979511573916;1.0001607724723898;1.0;0.9999352679566138;0.9999437457086745;1.0;1.024999976158142;
2016-08-05 14:45:00;0.9999569540711664;1.0;0.9999381605964445;0.9999762075373749;0.9999937653409808;0.9999999999999999;1.0;0.999990265095817;0.9999688482742684;0.9999969086237306;0.9999485607631359;0.9999904605456427;0.999997511412036;0.999990917924642;0.999991226770517;0.9999964280829755;0.9999986911879214;0.9999916925408262;1.0;0.9999406727677728;0.9999383627480827;1.0;0.9999999999999999;0.999996950016425;1.0001901992881448;0.9999276289151773;0.9999832531594474;0.999997209895146;0.9989814853557094;0.9987289752254277;0.9987751042301163;0.9989540433782593;0.9999927138442926;0.9999999999999999;1.0;0.9984891366569236;0.9984409455088878;0.9984175517809623;1.0001623251914677;1.0;0.9999307907065491;0.9999365910618093;1.0;1.024999976158142;
2016-08-05 15:00:00;0.999963175802138;1.0;0.9999368438520573;0.9999819449792804;0.9999889666770795;1.0;1.0;0.9999822907532286;0.9999572130208565;0.9999971452145169;0.9999548589028858;0.9999911833132592;0.9999974443029235;0.9999877225719958;0.999994167765168;0.9999983126461234;0.9999991074819399;0.9999865968221928;1.0;0.9999382457861645;0.9999441582632123;1.0;1.0;0.999998626502802;1.000184938580179;0.999934848975083;0.9999846908889247;0.9999966283359532;0.9990137351313407;0.9987723837604828;0.9988246558871657;0.9990040811494791;0.9999908231951146;1.0;0.9999999999999999;0.9985732559600166;0.9985279589815625;0.998505355997393;1.0001588341184169;1.0;0.9999371079120264;0.9999312153283444;1.0;1.024999976158142;
2016-08-05 15:15:00;0.9999608329082724;1.0;0.9999386862519524;0.9999814640371933;0.9999878848169198;1.0;1.0;0.9999834861370192;0.9999584957945953;0.9999973749966908;0.9999566866129971;0.9999905300070493;0.9999965262991012;0.9999886688506977;0.9999949941416418;0.9999986717295547;0.9999992464556414;0.999984566340196;1.0;0.9999383714859486;0.999939110866632;1.0;1.0;0.9999988597657689;1.0001892851314866;0.9999324747219825;0.9999841488059208;0.999996863029947;0.9990053298944541;0.9987570097746175;0.9987917940972357;0.9989605329906035;0.999991197333;1.0;1.0;0.9984861880015758;0.9984409727470779;0.998421161753656;1.0001628062899903;0.9999999999999999;0.9999327057341162;0.9999327880584136;1.0;1.024999976158142;
2016-08-05 15:30:00;0.9999510716563222;0.9999999999999999;0.9999342670805544;0.9999748516904197;0.9999944145986231;1.0;1.0;0.9999894752835191;0.9999702702358517;0.9999935199214354;0.9999487758548672;0.9999898072395371;0.99999721558016;0.9999852753178371;0.9999844643835257;0.9999964361652662;0.9999989103712994;0.9999919632596633;0.9999999999999999;0.9999399061666964;0.9999335227896216;1.0;1.0;0.9999975808166517;1.0001972741337026;0.9999266681882989;0.9999828899263223;0.9999951050418234;0.9989688721459042;0.9987042504995616;0.9987371716130916;0.9989069805720215;0.99999110237446;1.0;1.0;0.9983996138763208;0.9983505783232677;0.9983287719952249;1.0001680969791404;1.0;0.999927728098035;0.9999348934723777;1.0;1.024999976158142;
2016-08-05 15:45:00;0.9999450989421265;1.0;0.9999270240439826;0.9999691019173719;0.999993989076353;1.0;1.0;0.9999917945301102;0.9999675956407479;0.999996226535493;0.9999366237769484;0.9999897378827332;0.9999967045061476;0.9999905735956856;0.9999885545476396;0.999995127210888;0.9999983248836309;0.9999912681620464;1.0;0.999929878311747;0.9999220116525698;1.0;1.0;0.9999957978655867;1.0001943968405316;0.9999096440348386;0.9999791802233738;0.9999969203409422;0.9990432561308413;0.9988037469840143;0.9988303695607076;0.9989911597928083;0.9999920999236472;1.0;1.0;0.9985268786013272;0.9984782267623059;0.9984572100927996;1.000165189013578;1.0;0.9999130059082868;0.9999266365393514;1.0;1.024999976158142;
2016-08-05 16:00:00;0.9999422015904509;0.9999999999999999;0.9999262667699692;0.9999701779393891;0.9999891918021793;1.0;1.0;0.9999890683948035;0.9999618142328323;0.9999966418399739;0.9999405342239248;0.9999904672783749;0.9999949459344609;0.999990008730029;0.9999910211624207;0.9999965820648876;0.9999987267524443;0.9999845529501862;1.0;0.9999257584583674;0.9999132425318065;1.0;0.9999999999999999;0.9999969554778245;1.0001922030985833;0.9999057903659936;0.9999781480369915;0.9999969284995414;0.99904348830728;0.9988056133128984;0.9988251746712536;0.9989821091350675;0.9999912952590204;1.0;1.0;0.9985065489231867;0.9984611486880283;0.9984413372942769;1.0001641180521614;1.0;0.9999052911889327;0.9999231740230718;1.0;1.024999976158142;
2016-08-05 16:15:00;0.9999544933081188;1.0;0.9999437184635778;0.9999785852717016;0.9999901482147203;1.0;1.0;0.9999896967611879;0.9999694151518029;0.9999960133981037;0.9999587913259157;0.9999916894488197;0.9999955205362633;0.9999892549070032;0.9999912139006824;0.9999982446920577;0.999999372852585;0.9999858447126696;0.9999999999999999;0.9999436308871742;0.9999317406083401;1.0;1.0;0.9999987055547706;1.00019002956536;0.9999301802315103;0.999983647433332;0.9999966334273944;0.9990029149155948;0.9987403304793312;0.9987903394187011;0.9989616192982756;0.9999923121566531;1.0;1.0;0.9984922692412094;0.9984507421981217;0.9984309310108551;1.0001630511102695;1.0;0.9999272667405825;0.9999411380407767;1.0;1.024999976158142;
2016-08-05 16:30:00;0.9999396607466947;1.0;0.9999235927312837;0.9999696959464331;0.9999893603807836;0.9999999999999999;1.0;0.9999880444858295;0.9999615179971977;0.9999949565403944;0.9999403126835077;0.9999915487287985;0.9999949042504838;0.9999869121619052;0.999987710429083;0.999996604936858;0.9999988251105933;0.9999846340425141;1.0;0.9999248037400056;0.9999114195009914;1.0;1.0;0.9999972908273108;1.0001918030457675;0.9999054686692991;0.9999779874476158;0.9999958252519151;0.9990759036712137;0.9988338133370578;0.9988587706441584;0.9990093433395518;0.9999903060539767;1.0;1.0;0.9985433882039184;0.9985017082576264;0.9984822766233812;1.0001636109199823;1.0;0.9999042058384312;0.9999213871716238;1.0;1.024999976158142;
2016-08-05 16:45:00;0.9999248961273471;1.0;0.9998975897202262;0.9999618802656536;0.9999936866523527;1.0;1.0;0.9999827876035776;0.9999563670982148;0.9999872416778491;0.9999221277778021;0.9999928204630318;0.9999966412539948;0.9999725821749232;0.9999704562511741;0.9999942742489887;0.999998400895284;0.999990792563223;1.0;0.9999103413282913;0.9999026904541599;1.0;1.0;0.999996620369271;1.0001980661193528;0.9998927960043649;0.9999749064811073;0.9999906770761251;0.9991244502377176;0.9988827000856172;0.9989020065509565;0.9990398388512682;0.9999851865700287;0.9999999999999999;0.9999999999999999;0.9985764086614631;0.9985381392874;0.9985179141508896;1.000166997156;1.0;0.9998948536654837;0.9999007864194981;0.9999999999999999;1.024999976158142;
2016-08-05 17:00:00;0.9999643693997963;0.9999999999999999;0.9999452082079385;0.9999829566279059;0.9999927732378946;1.0;1.0;0.9999864685398794;0.9999684704423849;0.9999949596877907;0.9999613872876928;0.999992820463032;0.9999978805895933;0.9999861425372849;0.9999891740878531;0.9999981202095821;0.9999993144054021;0.9999907984282617;0.9999999999999999;0.9999493733845897;0.9999502494896113;1.0;1.0;0.9999989312675853;1.000182424479784;0.9999447427164472;0.9999869620320787;0.9999957102816944;0.99907846579299;0.9988302994503643;0.9988781379042846;0.9990363988803376;0.9999916046922577;1.0;1.0;0.9985982990649763;0.9985606386863872;0.9985412059053093;1.0001563100381805;1.0;0.999945590864231;0.9999432727585434;1.0;1.024999976158142;
2016-08-05 17:15:00;0.999970057360636;1.0;0.9999571295908473;0.9999860334239655;0.999994463230343;1.0;1.0;0.9999900587667584;0.99997675209499;0.9999954230812215;0.9999702025402968;0.999992951489804;0.9999980332710929;0.9999884321223211;0.999990159340087;0.9999985391531964;0.9999995316944708;0.9999925926903429;1.0;0.9999606615948922;0.9999585778783785;1.0;1.0;0.9999992831983552;1.0001766487874328;0.9999558297090606;0.9999895548011639;0.999996330802965;0.9991070084541465;0.9988791285048574;0.9989382992622161;0.9991053065843223;0.9999933153611366;1.0;1.0;0.9987250459959885;0.9986875021691409;0.9986676862841;1.0001515681312119;1.0;0.9999555076500691;0.9999562516381942;1.0;1.024999976158142;
2016-08-05 17:30:00;0.9999512196946363;1.0;0.9999356129759693;0.999978318025124;0.9999902886344825;1.0;1.0;0.9999853707431888;0.9999652917208748;0.9999926142771458;0.9999568264449956;0.9999928956604247;0.9999960150107955;0.9999820086436342;0.9999847143688877;0.9999982604665566;0.9999994957807493;0.9999863896232997;1.0;0.9999397835577604;0.9999311301908361;1.0;1.0;0.9999993715914157;1.0001853850623372;0.9999304802875665;0.9999835415108723;0.9999941951314752;0.9991007985927046;0.9988549638443468;0.9989213913590544;0.9990872054134257;0.9999897245779763;1.0;1.0;0.9986935470754952;0.9986555113327357;0.9986352838188843;1.0001587031697374;1.0;0.9999274805905961;0.9999341613044612;1.0;1.024999976158142;
2016-08-05 17:45:00;0.9999282126783524;0.9999999999999999;0.9999215626585986;0.9999680799378431;0.9999878524072936;1.0;1.0;0.9999878354393068;0.9999645621021654;0.9999902611897012;0.9999456321841335;0.9999933521844219;0.9999928866478874;0.9999794794522856;0.9999792080592229;0.9999975896327424;0.9999994936850995;0.9999808814908328;0.9999999999999999;0.9999244863517927;0.9998971477970158;1.0;0.9999999999999999;0.9999989817603805;1.0001923733717548;0.9999022726695483;0.9999769833234852;0.9999929946087511;0.9990048787237121;0.9987586432026994;0.9988307158410841;0.9990232163721942;0.9999882393512933;1.0;0.9999999999999999;0.9986220132004991;0.9985857403880714;0.9985659265221803;1.0001641314411893;1.0;0.9998940414539287;0.999921717909215;1.0;1.024999976158142;
2016-08-05 18:00:00;0.9999485926668038;0.9999999999999999;0.9999508157178947;0.9999770848448406;0.9999865801422861;1.0;1.0;0.999994345248383;0.9999732714431824;0.9999982061030278;0.9999638047882824;0.9999939401825441;0.9999926166615777;0.9999947552996004;0.9999962514537989;0.9999992511959543;0.9999997004206893;0.9999793210769704;0.9999999999999999;0.9999440884993139;0.9999164960111842;1.0;1.0;0.9999990778667183;1.0001782457790414;0.9999219606543566;0.9999817747735356;0.9999983810924943;0.9991933760698066;0.9989689866858119;0.9990225859869207;0.9991687639972874;0.9999941546185711;1.0;1.0;0.9988032469099496;0.998767608764097;0.9987462056377157;1.000153603990847;1.0;0.9999133551955395;0.9999467650630467;1.0;1.024999976158142;
2016-08-05 18:15:00;0.9999425757320911;1.0;0.9999379550927393;0.9999744430153713;0.9999833142594396;1.0;0.9999999999999999;0.9999894033069711;0.9999621914601386;0.9999980790110546;0.9999555233458154;0.9999943602297559;0.9999920717295998;0.9999923870292047;0.9999964589454797;0.9999992454684714;0.9999995653201378;0.9999755178844377;0.9999999999999999;0.999930822959103;0.9999061339208464;1.0;1.0;0.9999990154837687;1.000181992746435;0.9999095488502232;0.9999788509367998;0.9999978387645287;0.999259273513989;0.9990429907575246;0.9990889133505254;0.9992203331651444;0.9999921349357035;1.0;1.0;0.9988709501433305;0.9988372491474257;0.9988166375596816;1.000156850793683;1.0;0.9999014251362893;0.9999317181401094;1.0;1.024999976158142;
2016-08-05 18:30:00;0.9999686835568363;1.0;0.9999616722373583;0.9999853195688756;0.9999918032040228;1.0;1.0;0.999992817746229;0.999977247779633;0.9999984181644406;0.9999717237642741;0.999994360229756;0.9999964323916385;0.9999943687325975;0.9999965356166053;0.9999990550552947;0.9999995767016576;0.9999883545171926;1.0;0.9999596946657039;0.9999506885363849;1.0;1.0;0.9999991059750124;1.0001754141575596;0.9999496877322624;0.9999882309794259;0.9999983772429353;0.9992699454341729;0.9990537983801403;0.9991007431939986;0.9992288347950822;0.9999950350311309;1.0;1.0;0.9988807354328194;0.9988467166982835;0.9988256922725426;1.0001510768823045;0.9999999999999999;0.9999472446464273;0.9999586545750572;1.0;1.024999976158142;
2016-08-05 18:45:00;0.9999729961513659;1.0;0.9999646592226327;0.9999869353871563;0.999994122105393;1.0;1.0;0.9999932509020636;0.9999803413493924;0.9999978051314876;0.9999736406100587;0.999994331200333;0.9999975368550005;0.9999935888244068;0.999994967124501;0.9999987845052244;0.9999995389462131;0.999991785776534;1.0;0.9999648461530334;0.9999595766311671;1.0;1.0;0.9999990480530981;1.0001754913435141;0.9999572980087229;0.9999900045776534;0.9999980528158069;0.9992266132707505;0.9989963885121943;0.999050920257572;0.9991863946919366;0.9999952536744899;1.0;0.9999999999999999;0.9988194621755341;0.9987859639853155;0.9987657338291788;1.0001509326485127;1.0;0.9999563740946579;0.9999628977031124;1.0;1.024999976158142;
2016-08-05 19:00:00;0.9999522231842843;1.0;0.9999479028830319;0.9999779300548762;0.999988981725149;0.9999999999999999;1.0;0.9999924173052164;0.9999723150322488;0.999997056301763;0.9999613549699574;0.9999944855367229;0.9999942934943267;0.9999920916706296;0.9999934509188917;0.9999986173999035;0.9999995065886561;0.9999834372356142;1.0;0.9999448969661503;0.9999256597011479;1.0;1.0;0.999998797890139;1.0001851524795375;0.9999272076596688;0.9999829903189157;0.999997513357477;0.9992547265755283;0.9990217351047936;0.999075001694927;0.9992041022715191;0.9999933749913708;1.0;1.0;0.9988420821013352;0.9988090707256178;0.99878884010146;1.0001591280798334;1.0;0.999921832836971;0.9999449378652518;1.0;1.024999976158142;
2016-08-05 19:15:00;0.9999516422493705;1.0;0.9999449442130959;0.9999786423119111;0.9999887815587851;1.0;1.0;0.9999898805019782;0.9999700979843809;0.9999953644979385;0.9999619392393296;0.999994531584444;0.9999945317707626;0.9999882883726919;0.9999904211983112;0.9999988511173079;0.9999996373045328;0.9999834010719969;1.0;0.9999439707825519;0.9999266568956193;1.0;0.9999999999999999;0.9999993426104766;1.0001846423119325;0.9999292183444989;0.9999833359652266;0.9999962712258053;0.9992790847140062;0.999046254423476;0.9991028376343406;0.9992283134361648;0.9999920432530606;1.0;1.0;0.9988781601013174;0.9988462209894202;0.9988271949974938;1.0001586420867639;0.9999999999999999;0.9999235163848981;0.9999423325290305;1.0;1.024999976158142;
2016-08-05 19:30:00;0.9999553687394604;1.0;0.999950615630364;0.9999797835675113;0.9999889509825781;0.9999999999999999;1.0;0.9999919132251557;0.9999725139956831;0.9999972049246553;0.9999643194330095;0.9999945606298681;0.9999945401420787;0.9999920871452709;0.9999940841602095;0.9999989384016132;0.999999594554361;0.9999836132039375;1.0;0.9999476153610389;0.9999300874730798;1.0;0.9999999999999999;0.99999908813094;1.0001838894378439;0.9999319262644871;0.9999840527327662;0.9999975598455665;0.9993891247707023;0.9991519039440097;0.9991956471650044;0.9992862872443816;0.9999934936973395;1.0;1.0;0.998929287179793;0.9988962181516429;0.998875605347039;1.0001582231441666;1.0;0.9999265932529441;0.9999473499418751;1.0;1.024999976158142;
2016-08-05 19:45:00;0.9999433695892715;0.9999999999999999;0.999933806361099;0.9999742997672736;0.9999843438759844;0.9999999999999999;0.9999999999999999;0.9999875421869323;0.9999599818816374;0.9999972207941665;0.9999524080068385;0.9999944296912211;0.9999929791326394;0.9999902182691852;0.9999944525882407;0.9999988074442316;0.9999994203403187;0.99997748327061;1.0;0.9999290254243716;0.9999096132677052;1.0;0.9999999999999999;0.9999988117319951;1.00018352322261;0.9999103645779602;0.9999790147008188;0.9999971499704378;0.9994792240232877;0.9992382718132115;0.9992905527297747;0.9993636953545915;0.9999912831147282;1.0;0.9999999999999999;0.9990342014725344;0.9990007150012783;0.9989801000403212;1.0001578595260154;1.0;0.9999042447615216;0.9999280415069155;1.0;1.024999976158142;
2016-08-05 20:00:00;0.9999336236869382;1.0;0.9998706627889274;0.9999700281049058;0.9999708256416182;1.0;1.0;0.9999546681167546;0.999897216391079;0.999996102112731;0.9999147586562537;0.999994429691221;0.9999945329353623;0.9999741726944082;0.9999956872278385;0.9999989160253496;0.9999985825963041;0.9999655047440912;1.0;0.9998696451840413;0.9998922771706573;0.9999999999999999;1.0;0.999998912072593;1.0001958478403319;0.9998733727422069;0.9999701332339732;0.9999933422484156;0.9994742002166592;0.9992347354583245;0.9992585368299667;0.9993197748586287;0.9999798215640584;0.9999999999999999;1.0;0.9989440020912597;0.9989105186433826;0.9988899055436798;1.0001686015317757;1.0;0.9998774882130319;0.9998527763119801;1.0;1.024999976158142;
2016-08-05 20:15:00;0.9999661712966131;1.0;0.9999427020993065;0.9999842228874851;0.9999885475368103;1.0;1.0;0.9999828980747845;0.9999593911029909;0.9999974668653328;0.9999606140496805;0.999994629986853;0.9999972164163924;0.9999885241222299;0.9999954576450143;0.9999989567714356;0.9999993244414469;0.9999858756312869;1.0;0.9999430408400123;0.999947435727872;0.9999999999999999;1.0;0.9999991585043099;1.0001788628957164;0.9999404614719091;0.9999859705831268;0.9999968713271121;0.9994788046794785;0.9992475614855904;0.9992990169038887;0.9993754411823135;0.999991411997247;1.0;1.0;0.9990580404893902;0.999026406924616;0.9990073775005136;1.000153953577555;0.9999999999999999;0.999941393147412;0.9999367355422161;1.0;1.024999976158142;
2016-08-05 20:30:00;0.9999699166540424;1.0;0.9999555051175708;0.9999857708470449;0.9999914071214339;1.0;0.9999999999999999;0.9999888951334441;0.9999711839575219;0.9999978778129822;0.9999682670875457;0.9999945606298682;0.9999972432792302;0.9999917846171015;0.9999956642486064;0.9999989343940529;0.9999994612152243;0.9999887674218835;1.0;0.9999553069694233;0.9999536235814562;1.0;1.0;0.9999991189253502;1.0001686804093655;0.9999495853220487;0.9999881578099766;0.9999976876930842;0.9995699903759495;0.9993591138812602;0.9994166694138186;0.9994835742433902;0.9999936880072684;1.0;1.0;0.9992252986269593;0.9991931227297448;0.9991736776400261;1.0001451502039056;0.9999999999999999;0.9999492089683233;0.9999517164602117;1.0;1.024999976158142;
2016-08-05 20:45:00;0.9999643047490393;0.9999999999999999;0.9999529631597505;0.9999831620733501;0.9999910831061845;1.0;1.0;0.9999901712068938;0.9999720868987847;0.9999974108496626;0.9999657930558643;0.9999947051841448;0.9999964558067088;0.9999916138680163;0.9999943820239264;0.9999987146146392;0.9999994543089312;0.9999876776334525;0.9999999999999999;0.9999523524196028;0.99994534079418;1.0;1.0;0.9999989587463368;1.000169074990734;0.9999428686581067;0.9999866128850384;0.999997527470139;0.9995541988689725;0.9993367436969637;0.9993946096989295;0.9994621746401122;0.9999935598744581;1.0;1.0;0.9991903549639207;0.9991583452430339;0.9991385200155587;1.0001453198090235;1.0;0.9999411331354275;0.999949778043147;1.0;1.024999976158142;
2016-08-05 21:00:00;0.9999651079036781;1.0;0.9999510289900111;0.999983710842003;0.99999353348234;1.0;1.0;0.999988973972877;0.999973656412971;0.9999948839732311;0.9999657656401849;0.9999947051841447;0.9999975885123422;0.9999870970520256;0.9999889302700077;0.9999983241740842;0.9999994647628685;0.999991235647129;1.0;0.9999547463869235;0.9999513756496632;1.0;1.0;0.9999991473324951;1.0001697834946885;0.9999485046504406;0.9999878344206251;0.9999959086080891;0.9995589861601488;0.9993327306335081;0.9994096597272413;0.9994830751095584;0.9999924428421527;1.0;1.0;0.9992334920955183;0.9992027014584931;0.9991844619990277;1.0001454642212508;1.0;0.9999478803150543;0.9999500073143738;1.0;1.024999976158142;
2016-08-05 21:15:00;0.9999745577461095;0.9999999999999999;0.9999564048938024;0.999987585666691;0.9999942750933748;1.0;0.9999999999999999;0.9999880779150083;0.9999732469760428;0.9999964107603684;0.9999693283514337;0.9999949749413513;0.9999988204030544;0.9999891000211413;0.9999923170715808;0.9999985302425666;0.9999994026457254;0.9999932119520003;1.0;0.9999599790542922;0.9999645977003423;1.0;1.0;0.9999991247273479;1.0001683524934557;0.9999585475928209;0.9999902062702898;0.9999967387049216;0.9995669092540925;0.999346702303226;0.9994190698481673;0.9994906142880613;0.9999932587652599;1.0;1.0;0.9992434216478878;0.9992122641134993;0.99919243781617;1.0001445009611785;0.9999999999999999;0.9999604158500196;0.9999543002015414;1.0;1.024999976158142;
2016-08-05 21:30:00;0.9999819960563315;1.0;0.9999664446729021;0.9999912097021453;0.9999950308268603;1.0;1.0;0.9999899118029901;0.999977682595927;0.9999977364545946;0.9999766553006769;0.9999951462962859;0.9999991989668926;0.9999919868599688;0.9999953271283386;0.9999990269832089;0.9999995343288441;0.9999943108858711;1.0;0.9999687621546589;0.9999742789259938;1.0;1.0;0.9999993805655434;1.0001641085106183;0.9999689032395328;0.9999926457139754;0.9999977055500469;0.9996251839063656;0.9994257733190116;0.9994929858025619;0.9995574580916602;0.9999947903777002;0.9999999999999999;1.0;0.9993458874672629;0.9993152693242892;0.9992954409831378;1.0001412240228367;0.9999999999999999;0.9999707534738813;0.9999640593389364;1.0;1.024999976158142;
2016-08-05 21:45:00;0.9999642407812388;1.0;0.999916091562015;0.9999831460845453;0.9999866751693146;1.0;0.9999999999999999;0.9999690284719094;0.9999371885803665;0.9999943869859229;0.999945185199729;0.9999953063686883;0.9999994266922221;0.9999776473768234;0.9999900056722115;0.9999983441482753;0.9999989275905621;0.9999862096167896;1.0;0.9999230446767255;0.9999492646510623;1.0;1.0;0.9999991903136337;1.0001762374110963;0.9999329964532849;0.9999840795992964;0.9999937074731828;0.9996480816832546;0.9994481671536758;0.9995118092033896;0.9995715152186673;0.9999859056613787;1.0;1.0;0.9993624899409428;0.999332377295033;0.9993125486144265;1.0001510954689823;1.0;0.9999400075351692;0.9999079914091491;1.0;1.024999976158142;
2016-08-05 22:00:00;0.9999691343257723;0.9999999999999999;0.9999255662660019;0.9999856507935857;0.9999884129561384;1.0;1.0;0.9999719518843159;0.9999441393222225;0.9999946402324402;0.9999520285651157;0.9999953950775619;0.9999997107459451;0.9999792461391646;0.9999903082900807;0.9999985734019471;0.9999990791371773;0.9999882001937943;1.0;0.9999325247535948;0.9999569572043289;1.0;0.9999999999999999;0.9999994176081721;1.0001721235340777;0.9999425905797537;0.9999862863548433;0.9999941571865635;0.999629060536415;0.9994188639975213;0.9995118864856494;0.9995871289303443;0.9999872276524713;1.0;0.9999999999999999;0.9994097831510408;0.9993872749706257;0.999376966611117;1.0001476710368509;1.0;0.9999489594810379;0.9999186006999468;1.0;1.024999976158142;
2016-08-05 22:15:00;0.9999801222762348;1.0;0.999948963529022;0.999990744707045;0.9999912169241482;1.0;1.0;0.9999800027584166;0.9999597916568637;0.999997097396116;0.9999671548301534;0.999995421893686;0.9999997671211013;0.999986625349253;0.9999951260451586;0.999999197994773;0.9999993547868771;0.999991033242516;1.0;0.9999528597549001;0.9999710759699456;1.0;1.0;0.9999996134274969;1.000165126195571;0.9999605281882206;0.9999905706606488;0.9999963909886486;0.999637902736543;0.9994377495791439;0.9995213188967786;0.9995923347299344;0.9999913301410696;1.0;1.0;0.999412406965206;0.9993912040434251;0.9993824826168339;1.000142172880306;1.0;0.9999651858046192;0.9999432116971165;1.0;1.024999976158142;
2016-08-05 22:30:00;0.9999816912412117;0.9999999999999999;0.9999666709098448;0.9999910991209131;0.999995394049767;0.9999999999999999;1.0;0.9999902152488658;0.9999785599095048;0.9999974246867879;0.9999768605421048;0.9999955202803041;0.9999992330888295;0.9999916282086744;0.9999946092969009;0.9999989739770715;0.9999995467967632;0.9999947063176376;1.0;0.999969378748155;0.9999743780731069;0.9999999999999999;0.9999999999999999;0.9999993938937002;1.0001597136798925;0.9999693281634776;0.9999927392541207;0.999997547920179;0.9996472456527447;0.9994541720577793;0.9995270188035635;0.9995918949386826;0.999994768215869;0.9999999999999999;1.0;0.9994032676237709;0.9993829866204472;0.9993750587480008;1.0001373594815521;1.0;0.9999710566920286;0.9999646917879579;1.0;1.024999976158142;
2016-08-05 22:45:00;0.999977366502546;1.0;0.9999597093707507;0.9999887809418492;0.9999963089905023;1.0;1.0;0.9999890222920258;0.9999770704665089;0.9999956226557587;0.999971752325664;0.999995520280304;0.9999995539249;0.9999882867753171;0.999990478112074;0.9999983585459306;0.9999994251085205;0.9999959736321222;1.0;0.9999650681622811;0.9999710174399512;1.0;0.9999999999999999;0.999999167861224;1.000166434686484;0.9999649525665123;0.9999916947600725;0.9999963530531856;0.9996361661317406;0.9994349848191552;0.999503352229618;0.9995656983935377;0.99999351522997;1.0;0.9999999999999999;0.9993567065215;0.9993364264630458;0.9993284989599502;1.00014266325782;1.0;0.9999674369070544;0.9999589968443431;1.0;1.024999976158142;
2016-08-05 23:00:00;0.999979732246882;1.0;0.999961516652331;0.9999903991685167;0.9999962636248636;1.0;0.9999999999999999;0.9999882442615112;0.9999770036906095;0.999995417343056;0.999974382696883;0.999995421893686;0.9999997741346932;0.9999876035578589;0.9999904033560947;0.9999986684687471;0.999999526558373;0.9999961014476534;0.9999999999999999;0.9999672276384521;0.9999746708471324;1.0;0.9999999999999999;0.9999995113028393;1.0001640627458221;0.9999691601657188;0.9999926259290849;0.9999961625931493;0.999671103774537;0.9994814574725546;0.9995578089218505;0.9996219290909636;0.9999933917434776;1.0;0.9999999999999999;0.9994534010029965;0.9994324902267039;0.9994241493666866;1.0001407567364562;1.0;0.9999715372833983;0.9999606625103966;1.0;1.024999976158142;
2016-08-05 23:15:00;0.999980171439685;1.0;0.9999629098568467;0.9999903386409051;0.9999958104193788;1.0;1.0;0.9999890336056315;0.9999771600935029;0.9999964165416444;0.9999744995930028;0.9999953950775621;0.9999995310774842;0.9999895182362181;0.9999923998217153;0.9999987146842436;0.9999994946692483;0.999995426066447;0.9999999999999999;0.9999672338037306;0.9999738221850556;1.0;1.0;0.9999993563710736;1.000157585152648;0.9999680615671239;0.9999924126458757;0.999996835425792;0.999692241680295;0.9995125866896314;0.99957616829925;0.9996314771024682;0.9999939634498941;1.0;1.0;0.999456445569035;0.999435157116021;0.9994264353058628;1.0001352814066533;1.0;0.9999703688271024;0.9999614651499048;1.0;1.024999976158142;
2016-08-05 23:30:00;0.9999850487945873;1.0;0.9999693006217978;0.9999924645552164;0.9999948927699341;1.0;1.0;0.9999901713571402;0.9999778597351902;0.9999987404524903;0.9999783412923935;0.999995450923192;0.9999993477160389;0.9999936699979267;0.9999974895384576;0.9999991913469047;0.9999995283639489;0.9999943245045116;1.0;0.9999706664023961;0.9999775933078189;1.0;1.0;0.999999356478681;1.0001573103948742;0.999971551102502;0.9999932882830757;0.9999983329489928;0.9996715687972552;0.9994828558265401;0.999558094456196;0.9996204195161948;0.9999953775469823;1.0;1.0;0.9994477610118364;0.9994263315466753;0.9994171972223016;1.0001355347153347;1.0;0.9999738362697173;0.9999662482133;1.0;1.024999976158142;
2016-08-05 23:45:00;0.9999891859641706;1.0;0.9999758727660659;0.9999943795113526;0.999996214810756;1.0;1.0;0.9999920201797231;0.9999823899446143;0.9999990530390941;0.9999828777487512;0.9999956648348649;0.9999997166810861;0.9999949759238507;0.9999980777352835;0.9999993149266321;0.9999996021469404;0.9999960020467519;1.0;0.9999772347553524;0.9999840079902164;1.0;1.0;0.999999454112738;1.000155765369123;0.999978625809412;0.9999949572171273;0.9999986935223398;0.99967136346536;0.9994845911713041;0.9995513797134989;0.9996094090934892;0.9999963552102762;1.0;1.0;0.999423597708254;0.9994034570213709;0.9993951164036529;1.0001342873722925;1.0;0.9999809085730738;0.9999734586856955;1.0;1.024999976158142;
2016-08-06 00:00:00;0.9999900461343848;1.0;0.9999759635224266;0.9999952297363962;0.9999959589294708;1.0;1.0;0.9999910685318879;0.9999815788587186;0.9999987206491442;0.9999841057373919;0.9999970311300933;0.9999998042364397;0.9999940264115807;0.9999976933473841;0.9999995349509625;0.999999675536872;0.9999957967523101;1.0;0.9999776890777832;0.9999854674728842;1.0;1.0;0.9999997237529066;1.0001522881806093;0.999980540724875;0.9999953581273189;0.9999984076633086;0.999691366553701;0.9995141917203147;0.9995790233918884;0.9996352766711706;0.9999960339834559;1.0;1.0;0.9994640192178373;0.9994473002651321;0.9994377848181374;1.0001313650156036;0.9999999999999999;0.9999826573905197;0.9999733982714827;1.0;1.024999976158142;
2016-08-06 00:15:00;0.9999847954786346;1.0;0.9999718288518351;0.9999926560356724;0.9999955102619515;1.0;0.9999999999999999;0.9999914259729218;0.9999808742199036;0.999998252350198;0.999980506637174;0.9999969268865582;0.9999992176296574;0.9999934591511536;0.99999645523195;0.9999992575062873;0.9999996216653623;0.999994790320617;0.9999999999999999;0.9999734551712595;0.9999778617507172;1.0;1.0;0.9999995129244205;1.0001555112527751;0.9999734961760928;0.9999937278698212;0.9999981577114665;0.9996875398402546;0.9995105232070313;0.9995786207226605;0.9996384479459052;0.999995633508745;1.0;1.0;0.9994743186554076;0.9994572695824968;0.9994477540405873;1.0001339561894464;1.0;0.9999748863446491;0.9999695966675926;1.0;1.024999976158142;
2016-08-06 00:30:00;0.9999844379831111;1.0;0.999971774843687;0.9999927508898989;0.9999961452081787;1.0;0.9999999999999999;0.999991378765344;0.9999819507861754;0.9999973634891084;0.9999811478217678;0.9999968307292331;0.9999993740232297;0.9999920357727871;0.999994604271405;0.9999992202734682;0.9999996708169533;0.9999955617483206;1.0;0.999974542726614;0.9999787085730748;1.0;1.0;0.9999996601369256;1.0001532417368248;0.9999750573812093;0.9999940592560298;0.9999976233466722;0.999699076009697;0.9995249072671224;0.9995832654859715;0.9996356767614606;0.9999953340887989;1.0;1.0;0.9994592861925737;0.999443764222946;0.9994366294002189;1.0001318799373158;0.9999999999999999;0.9999762347901986;0.9999703125509627;1.0;1.024999976158142;
2016-08-06 00:45:00;0.9999868813706553;1.0;0.9999753855738134;0.9999933788707441;0.9999974287699053;1.0;1.0;0.9999930215447552;0.99998512445028;0.9999977649158823;0.99998257911376;0.9999970311300932;0.9999997469343316;0.9999933916926115;0.9999950904118824;0.9999990383294252;0.9999996260219451;0.9999972466791628;1.0;0.9999782520734996;0.9999827310859379;1.0;1.0;0.9999994515894668;1.0001494430259783;0.9999784981941141;0.9999949072781075;0.9999980171636916;0.9997335522050437;0.9995741710443329;0.999616761073021;0.9996585092288477;0.9999961158547015;1.0;1.0;0.9994829832669241;0.9994674848235434;0.9994595562807927;1.00012853274175;1.0;0.9999802804402642;0.9999745049920558;1.0;1.024999976158142;
2016-08-06 01:00:00;0.9999870472512742;1.0;0.9999759068827145;0.9999935811233424;0.9999973374011322;0.9999999999999999;1.0;0.9999930613988439;0.9999853026497025;0.9999977699398278;0.9999831705209025;0.9999968865749289;0.9999996933498163;0.9999934171941196;0.9999951745654944;0.9999991159792446;0.9999996538015988;0.9999970924232996;0.9999999999999999;0.9999786563227553;0.9999828461549827;1.0;1.0;0.9999995198374514;1.0001479935811408;0.9999789460879119;0.9999950035376747;0.9999980238758511;0.9997569166295477;0.9996078815815511;0.9996447480163798;0.9996825831319208;0.9999961491322513;1.0;1.0;0.9995180206438162;0.9995020635140452;0.9994941346969899;1.0001273203512324;1.0;0.9999805232270366;0.9999749908270323;1.0;1.024999976158142;
2016-08-06 01:15:00;0.9999918042713315;1.0;0.9999831906780284;0.9999960345016858;0.999996878677045;1.0;1.0;0.9999943723312537;0.9999874258681382;0.9999993554280092;0.9999884687683223;0.9999970020845896;0.9999995510317423;0.9999964894881648;0.9999988268005121;0.9999996630512357;0.9999997689928163;0.9999964621145316;1.0;0.9999837390198592;0.999987415980928;1.0;0.9999999999999999;0.9999997318741081;1.0001439774522833;0.9999843809194816;0.9999963011804011;0.9999990947981438;0.999765020931326;0.9996274955640607;0.999655898520072;0.9996916789436223;0.9999974101116397;1.0;1.0;0.9995303661543019;0.9995144579361519;0.9995061163920652;1.0001242962107464;1.0;0.999985419844682;0.9999813140222633;0.9999999999999999;1.024999976158142;
2016-08-06 01:30:00;0.9999915703461771;1.0;0.9999836725611438;0.9999954210198675;0.9999978569337891;1.0;1.0;0.9999955341647313;0.9999893418353341;0.9999993082426059;0.9999876701183126;0.9999969000863479;0.9999997271033166;0.999996932402218;0.9999983179560898;0.9999993451730894;0.999999694677359;0.9999976533419941;1.0;0.9999846319041524;0.9999878335493638;1.0;1.0;0.999999461991714;1.0001425628136824;0.9999842622701086;0.9999963135002802;0.9999991739191179;0.9997621190888236;0.9996404969272111;0.9996542470881691;0.999689606326103;0.9999977168910371;1.0;0.9999999999999999;0.9995260551922766;0.9995098241608655;0.9995014826554506;1.000122894192563;1.0;0.9999857256122424;0.9999824863611388;1.0;1.024999976158142;
2016-08-06 01:45:00;0.9999899711525655;1.0;0.9999831504848288;0.999994788216252;0.9999979072921434;1.0;1.0;0.9999959060800309;0.9999899591777628;0.9999989458836214;0.999987362910353;0.9999968575294377;0.9999995287364866;0.9999965256549119;0.9999974989580318;0.9999992992130858;0.9999997151341147;0.999997503029456;1.0;0.999984254355878;0.9999857948652422;1.0;1.0;0.9999994789955272;1.0001442843805943;0.999982966559353;0.999996004427218;0.9999989924264712;0.9997488135271655;0.9996185846792761;0.9996264830455837;0.9996576448043506;0.9999976168541068;0.9999999999999999;1.0;0.9994669288426381;0.9994496600914788;0.999440144622017;1.0001243188793438;1.0;0.9999839214774672;0.9999823289861477;1.0;1.024999976158142;
2016-08-06 02:00:00;0.9999899463051047;1.0;0.9999839910607344;0.9999950167605473;0.9999982179623689;1.0;1.0;0.9999961511064557;0.9999910800278755;0.9999985164537495;0.9999884383999557;0.9999971756851042;0.9999995360156122;0.9999959578424265;0.9999966522154112;0.9999993495404275;0.9999997701613779;0.9999978029631749;1.0;0.9999855138250383;0.9999863296747857;1.0;1.0;0.9999996109706552;1.000144209359081;0.9999843026294599;0.9999962944337568;0.999998758813726;0.9997499086085262;0.9996206171747041;0.9996141006676221;0.999637057674651;0.9999975761848655;1.0;0.9999999999999999;0.9994212781172949;0.9994056283524442;0.9993969067999761;1.0001242339261145;1.0;0.9999848816312259;0.9999835993364926;1.0;1.024999976158142;
2016-08-06 02:15:00;0.9999907252469792;1.0;0.9999851536372607;0.9999953159132825;0.9999980516838336;1.0;1.0;0.9999964539982882;0.9999912744350187;0.9999989823601708;0.9999890299643674;0.9999967823314264;0.9999994822388685;0.9999968257349998;0.9999976447482822;0.9999994194187266;0.9999997699717883;0.9999975861260123;0.9999999999999999;0.9999860703861045;0.9999868022009583;0.9999999999999999;1.0;0.9999995872799111;1.0001416529445175;0.999984702061147;0.9999964044623497;0.9999990654357422;0.9997913904196023;0.9996740853965491;0.9996551090789149;0.9996666254731436;0.9999978691676285;0.9999999999999999;1.0;0.9994554780339385;0.9994388745819948;0.999430533668696;1.0001221081948108;0.9999999999999999;0.9999852723549774;0.9999844680602683;1.0;1.024999976158142;
2016-08-06 02:30:00;0.9999921623620568;1.0;0.9999864974307978;0.9999956397998903;0.9999984234224664;1.0;0.9999999999999999;0.9999969695531903;0.9999919919693756;0.9999994512764394;0.9999892749844772;0.9999971756851043;0.9999996733642611;0.9999977949442491;0.9999984807739359;0.9999993393644987;0.9999997232824055;0.9999981692718433;1.0;0.999987188596726;0.9999887197570687;1.0;1.0;0.9999994383196096;1.000141923535547;0.9999858620516165;0.9999967080453444;0.9999993928238429;0.9998014415028788;0.9996761129116476;0.99964011085145;0.9996355443855665;0.9999982603279525;1.0;1.0;0.9993818180319054;0.9993658515303304;0.9993567177587181;1.0001223471742673;1.0;0.9999869566537538;0.9999857596386728;1.0;1.024999976158142;
2016-08-06 02:45:00;0.9999925052457252;1.0;0.9999863364862982;0.9999960435385215;0.9999980896307714;1.0;1.0;0.9999963627644292;0.9999911734121817;0.9999993881376217;0.9999897684882634;0.9999968016996937;0.9999996633536805;0.9999974235545389;0.9999985391700689;0.9999994804453783;0.9999997597894857;0.9999978063943263;1.0;0.9999870207249941;0.9999890672923394;1.0;0.9999999999999999;0.999999578197474;1.0001396909447902;0.9999864114190559;0.9999968143267489;0.9999992995559016;0.9998293689961187;0.9997239159478264;0.9996840013926935;0.9996799826934905;0.9999980835434193;1.0;0.9999999999999999;0.9994570332153262;0.999438978112904;0.9994286692200939;1.0001204864398723;0.9999999999999999;0.9999873893544113;0.9999853533584897;0.9999999999999999;1.024999976158142;
2016-08-06 03:00:00;0.999990313367731;1.0;0.9999847513296637;0.999995247111165;0.9999977777700344;1.0;1.0;0.9999962382695241;0.9999908029417136;0.9999989505018045;0.9999889764298012;0.9999968575294377;0.9999993791269981;0.9999966791931323;0.9999976553906869;0.9999994779861346;0.9999997865178901;0.9999972019225071;1.0;0.9999855446450341;0.9999860144851578;1.0;1.0;0.9999996398825284;1.0001398500616199;0.9999841473446393;0.9999962669563509;0.9999990265849893;0.9998444665489064;0.9997411519556932;0.9996831921929173;0.9996662760870081;0.9999977692125148;1.0;1.0;0.9994167127095983;0.9993997378317918;0.9993906037504733;1.0001205775486266;1.0;0.999984518436492;0.9999839373672154;1.0;1.024999976158142;
2016-08-06 03:15:00;0.9999896724395287;0.9999999999999999;0.9999855042601313;0.9999948543967841;0.9999982839864165;1.0;1.0;0.9999971687848478;0.9999925052398555;0.9999987630448538;0.9999891334801865;0.9999969000863481;0.9999993300973041;0.9999967986099777;0.9999970834944816;0.9999993641288294;0.9999997865754723;0.9999976683163018;1.0;0.9999864638977368;0.9999855128990288;1.0;1.0;0.9999995724250358;1.0001388058573697;0.9999840923203669;0.999996266836451;0.9999990005776401;0.9998767274144426;0.9997860082230017;0.9997273350842213;0.9997085563101796;0.999997960015667;1.0;1.0;0.9994851951174148;0.9994692821375549;0.9994613535805464;1.0001195904830953;0.9999999999999999;0.9999842255199055;0.9999852319976271;1.0;1.024999976158142;
2016-08-06 03:30:00;0.9999918592596747;1.0;0.9999869199906486;0.9999956275752679;0.9999988957426011;0.9999999999999999;1.0;0.9999972861455964;0.9999931776322454;0.9999989553971339;0.9999898383688542;0.9999968575294377;0.9999997239776743;0.9999971520199202;0.9999974005016301;0.9999993024612391;0.9999997549183941;0.9999986829780265;1.0;0.9999882023530633;0.9999890707125871;1.0;1.0;0.9999995065117591;1.0001377848012543;0.9999868034520476;0.9999969121962314;0.9999991268478916;0.9998768897412391;0.9997871267295607;0.9997267477267898;0.9997071710397546;0.9999981910187326;1.0;1.0;0.9994817811153541;0.99946541554439;0.9994570744095912;1.00011869445052;1.0;0.9999876626883428;0.999986741551517;0.9999999999999999;1.024999976158142;
2016-08-06 03:45:00;0.9999896204039929;1.0;0.999983782887772;0.9999939314850146;0.9999984988339858;1.0;0.9999999999999999;0.9999973626314929;0.9999915066836945;0.9999994881092636;0.9999861039953907;0.9999969000863479;0.999999535620487;0.9999980272451509;0.9999981638638052;0.9999989811059485;0.9999996073003096;0.9999981543023286;0.9999999999999999;0.9999844623272742;0.9999851106172389;0.9999999999999999;1.0;0.9999990915599133;1.000138797537804;0.9999814466387547;0.9999957174055868;0.9999994513589142;0.999856284802923;0.9997585577774647;0.9996977874733798;0.9996790260182671;0.999998181036823;1.0;1.0;0.9994356013599955;0.9994184684022323;0.9994089532297376;1.0001194580439499;1.0;0.9999828346769011;0.9999832258583119;1.0;1.024999976158142;
2016-08-06 04:00:00;0.9999935416808885;1.0;0.999989876330232;0.9999968919379789;0.9999981376425345;1.0;1.0;0.9999973727866166;0.9999933658354816;0.9999995328496589;0.9999927484723024;0.9999968307292331;0.999999468021794;0.9999981007569775;0.9999990056603932;0.9999997369613903;0.9999998673170895;0.9999976306985894;1.0;0.9999899741207109;0.9999901310071512;1.0;1.0;0.9999997858403116;1.0001375646536987;0.9999889654757101;0.9999974026402361;0.9999994797165196;0.9998692751101849;0.9997744558236988;0.9997270668520996;0.9997142909443335;0.9999985528228442;1.0;1.0;0.9995028470646671;0.9994848827187478;0.9994745733524465;1.0001187936270624;1.0;0.9999890735488247;0.9999890198344674;1.0;1.024999976158142;
2016-08-06 04:15:00;0.9999918774830129;1.0;0.999987014873742;0.9999959581802321;0.9999982476653099;1.0;1.0;0.9999968218973279;0.9999923106406403;0.9999990675924266;0.9999905374660322;0.9999967555312278;0.9999995350799564;0.9999971237222631;0.9999978882060813;0.999999519835604;0.9999998092428584;0.9999978234935264;1.0;0.9999878327404407;0.9999884431022122;1.0;1.0;0.9999996711740664;1.0001394588019297;0.9999867178403704;0.9999968736870137;0.9999991504572977;0.9998451541315323;0.9997419214754658;0.9996857847062653;0.9996697295851427;0.9999981042927083;1.0;1.0;0.9994236527698473;0.999407575679807;0.9994000285297434;1.000120270788293;1.0;0.9999871512768449;0.9999864031351688;1.0;1.024999976158142;
2016-08-06 04:30:00;0.9999921115542899;1.0;0.999987513207053;0.9999957780965916;0.9999989444943246;1.0;1.0;0.9999974560064783;0.9999935566101479;0.999998985684213;0.9999902940851056;0.9999968575294376;0.9999997162924439;0.9999972780058118;0.9999974871084018;0.9999993352147384;0.9999997687254039;0.9999987209933415;0.9999999999999999;0.9999887255896466;0.9999893974217335;1.0;1.0;0.9999995292347034;1.000137505557271;0.9999872966580227;0.9999970281737277;0.9999991597857694;0.9998612105194946;0.9997699847663527;0.9997326005320282;0.9997292512949352;0.999998279711853;1.0;1.0;0.9995405332998768;0.9995238737234019;0.9995151511390371;1.0001184724170156;1.0;0.9999880703745844;0.9999873646789659;0.9999999999999999;1.024999976158142;
2016-08-06 04:45:00;0.9999927018753828;1.0;0.9999900111999416;0.9999963368112587;0.9999987145789124;1.0;0.9999999999999999;0.9999981595412307;0.9999948035218179;0.9999992626150058;0.9999923822836291;0.9999969268865582;0.9999994733959976;0.9999980261869524;0.9999982166629772;0.9999995621249832;0.999999847968692;0.9999982275436167;0.9999999999999999;0.9999904698402287;0.9999895377210909;1.0;0.9999999999999999;0.9999996799406571;1.0001364190893738;0.9999885643871602;0.9999973218985075;0.999999390895101;0.9998688005124546;0.9997754767492055;0.9997321941686199;0.9997223933102855;0.9999986533819979;1.0;1.0;0.9995203482961458;0.9995032984380596;0.9994937824579228;1.0001176791075992;1.0;0.9999886010710157;0.999989746978838;1.0;1.024999976158142;
2016-08-06 05:00:00;0.9999933703386022;1.0;0.9999903316439774;0.9999964693143748;0.999998750578671;1.0;1.0;0.9999982304684347;0.9999946923259234;0.9999995662359819;0.9999922628023106;0.9999967265016949;0.999999554461526;0.9999985347487093;0.999998798392756;0.9999995329390862;0.9999998183092758;0.9999983554882134;1.0;0.9999905882021882;0.9999902712079789;1.0;1.0;0.9999995999446105;1.0001368543528442;0.9999887849737029;0.999997390533104;0.9999995790701398;0.9998612222404603;0.9997639614193226;0.9997110670815418;0.9996955639765402;0.9999988015703306;0.9999999999999999;1.0;0.9994677254100002;0.9994512630073458;0.9994433345932788;1.0001180708920372;1.0;0.9999891339150423;0.9999899006808411;1.0;1.024999976158142;
2016-08-06 05:15:00;0.9999960471519039;1.0;0.999993720202624;0.9999979473708369;0.9999990374346437;1.0;1.0;0.9999985604704812;0.9999961317461216;0.9999997557738686;0.9999951944811766;0.9999968307292332;0.9999997322163328;0.9999989791670185;0.9999993806280263;0.9999997588385274;0.9999998928018298;0.9999987940202717;0.9999999999999999;0.9999938512673211;0.9999940768023383;1.0;1.0;0.9999997907900017;1.0001347461450512;0.9999930776873189;0.9999983820784967;0.999999723242412;0.9998766510956268;0.9997916860475099;0.9997426170421088;0.9997313522386769;0.9999991705192652;0.9999999999999999;1.0;0.9995334413589793;0.9995169903883835;0.9995086488231618;1.0001163849036447;1.0;0.9999933310957093;0.9999932821188023;1.0;1.024999976158142;
2016-08-06 05:30:00;0.9999927519364676;1.0;0.9999884765199349;0.9999959633803437;0.9999987440437986;0.9999999999999999;1.0;0.9999977709247444;0.999993626303401;0.9999995035083744;0.9999906285943863;0.9999970020845897;0.9999996476558073;0.9999982330708908;0.9999985634517281;0.9999993839400181;0.999999757824646;0.9999984592433248;1.0;0.9999890221209734;0.9999895989865413;0.9999999999999999;1.0;0.9999994747761201;1.0001369498844375;0.9999873182341823;0.999997054105899;0.9999994985076864;0.999854830230969;0.99975633968674;0.9996940996992768;0.9996740213144674;0.9999985784484419;1.0;1.0;0.9994253113506582;0.9994078910414351;0.9993975824692782;1.0001180711395974;1.0;0.9999881231923878;0.9999879975090822;1.0;1.024999976158142;
2016-08-06 05:45:00;0.9999923114796365;0.9999999999999999;0.9999873131097361;0.9999960515805149;0.9999987645862889;1.0;0.9999999999999999;0.9999970018500596;0.9999930256428481;0.9999988649249851;0.9999906173975385;0.9999968575294376;0.9999997288688901;0.9999968852913944;0.9999973646330141;0.9999994227137174;0.999999794930058;0.9999985395214595;1.0;0.9999886338152032;0.9999897111914053;1.0;1.0;0.9999996330808198;1.00013768059957;0.9999877621209274;0.9999971171697113;0.9999990458612089;0.9998674352926948;0.9997784714588928;0.9997302651194012;0.9997203238084256;0.9999981218719501;1.0;1.0;0.999516729427569;0.9995003632843593;0.9994920218579008;1.0001186597241845;1.0;0.9999884650147193;0.9999870543041124;1.0;1.024999976158142;
2016-08-06 06:00:00;0.9999922692972961;0.9999999999999999;0.9999886532796399;0.9999961799882024;0.9999987119792361;1.0;1.0;0.999997571796134;0.9999940098966619;0.999998944174218;0.9999916735400455;0.9999968575294376;0.9999995575683293;0.9999972624824509;0.9999975733318824;0.9999995199599606;0.9999998393393367;0.9999983061523605;1.0;0.999989598785463;0.9999893496389157;1.0;1.0;0.9999997018130227;1.0001377244765426;0.9999881682469949;0.9999972130624447;0.9999991463441271;0.9998416274610464;0.9997451169735375;0.9996910477012729;0.9996798953222462;0.9999983353970334;0.9999999999999999;1.0;0.9994471557142933;0.9994304976941647;0.9994217759246683;1.0001187541585064;1.0;0.9999883682510402;0.9999884556971477;1.0;1.024999976158142;
2016-08-06 06:15:00;0.9999950891188985;0.9999999999999999;0.9999925968744434;0.9999974557505834;0.9999991133781365;0.9999999999999999;1.0;0.9999984798214056;0.9999959489241581;0.9999995070053642;0.9999943150849971;0.9999969462548213;0.9999997153946153;0.9999985517647523;0.9999987859126486;0.9999996635115498;0.9999998750323895;0.9999988592273381;1.0;0.9999930285850428;0.9999930300605948;1.0;0.9999999999999999;0.999999746228701;1.0001371404599426;0.999991982287826;0.9999981232416834;0.9999995670135488;0.9998477161787227;0.999753404140796;0.9997032800289366;0.9996939817275073;0.9999989962568837;0.9999999999999999;1.0;0.9994734098454725;0.9994567159959719;0.9994475813938976;1.000118379166668;1.0;0.9999922488521812;0.9999923471321175;1.0;1.024999976158142;
2016-08-06 06:30:00;0.9999952676677744;1.0;0.9999926830680824;0.9999974395368494;0.9999992394164521;1.0;1.0;0.9999985819211097;0.9999960871593503;0.9999995628059171;0.9999941828969982;0.9999967555312278;0.999999770185326;0.9999986848562175;0.9999988470810626;0.9999996197301622;0.9999998587464116;0.9999990465607836;0.9999999999999999;0.9999931461542735;0.9999933460850821;1.0;1.0;0.9999996987577315;1.0001364590048052;0.9999920807777241;0.999998154206053;0.9999996098277998;0.9998629619522452;0.9997753341171383;0.9997317433458569;0.9997258899049235;0.9999990513091942;1.0;1.0;0.999531626745667;0.9995137165918667;0.999503787883884;1.000117771883637;1.0;0.9999924984288707;0.9999924689714258;1.0;1.024999976158142;
2016-08-06 06:45:00;0.9999919651586217;1.0;0.9999891621224518;0.9999957768571431;0.9999985336666473;1.0;1.0;0.9999982780846121;0.9999943145462101;0.9999995148425658;0.999991238559479;0.9999969268865582;0.9999993746979384;0.9999984764843185;0.9999986331231098;0.9999994726941782;0.9999998022293161;0.9999979669912769;1.0;0.999989282658512;0.9999880914934006;1.0;1.0;0.9999995398110136;1.0001406647443893;0.9999867142807001;0.9999969124174412;0.9999995522262158;0.9998241158366203;0.9997162743682626;0.9996806064453287;0.9996793249451174;0.9999987015890813;1.0;1.0;0.9994597996024959;0.9994436541945615;0.9994353132413744;1.0001213287173127;1.0;0.9999868691474948;0.9999887285398569;1.0;1.024999976158142;
2016-08-06 07:00:00;0.9999926743589639;1.0;0.9999886837602199;0.9999965890987855;0.999998247645459;1.0;1.0;0.99999704106996;0.999993120915032;0.9999990543477436;0.9999922027604181;0.9999969268865581;0.9999994949775358;0.9999971994170191;0.9999980030301073;0.9999996824990638;0.999999873035575;0.9999977621742049;0.9999999999999999;0.9999893588619579;0.9999894904480264;1.0;0.9999999999999999;0.9999998265293604;1.0001439052947307;0.9999884901297798;0.9999972731805529;0.9999991632577069;0.9997253976852463;0.9996196381665996;0.9995965281114171;0.9996268540018949;0.9999982446459645;1.0;1.0;0.9994141748732196;0.9993986405747992;0.9993910934922103;1.0001241997690247;1.0;0.9999885403596207;0.99998810215576;1.0;1.024999976158142;
2016-08-06 07:15:00;0.9999909118495187;1.0;0.9999808578642875;0.9999955557691242;0.9999969214560427;1.0;0.9999999999999999;0.9999936024024519;0.9999862352838892;0.999998945006197;0.9999869044794457;0.999995493699776;0.9999996783105957;0.9999955063915684;0.9999979356107475;0.9999995323951437;0.9999997305291553;0.9999966382199286;1.0;0.9999820949891287;0.9999867576366824;0.9999999999999999;1.0;0.9999996892261372;1.000146905449432;0.9999831763215474;0.9999960097167049;0.9999987766848999;0.99961476496336;0.9994988745550202;0.9994480691075887;0.9994832022769378;0.999996977070944;0.9999999999999999;1.0;0.9991789797522042;0.9991580144884723;0.9991492950968658;1.0001267207581026;1.0;0.9999845760180336;0.9999790896506467;0.9999999999999999;1.024999976158142;
2016-08-06 07:30:00;0.9999908278326296;0.9999999999999999;0.9999865009812772;0.9999949628750233;0.9999985481508427;1.0;1.0;0.9999977128706972;0.999992957995166;0.9999993585400552;0.9999889185040567;0.9999953529787319;0.999999473739207;0.9999979790915737;0.9999981454723849;0.9999992553738313;0.99999972174139;0.999998104065573;1.0;0.9999870601323816;0.9999868189639747;1.0;1.0;0.9999993683444122;1.000143688094712;0.9999844708058;0.9999963971150903;0.9999994062889437;0.9996376210160983;0.9995405332300643;0.9995100339658113;0.9995602596902787;0.9999983714718155;1.0;1.0;0.9993285070632562;0.9993073877603894;0.9992990479444267;1.0001238149779328;1.0;0.9999851729082746;0.9999860752708547;1.0;1.024999976158142;
2016-08-06 07:45:00;0.9999907039297896;0.9999999999999999;0.9999862005372667;0.9999956626889949;0.9999976248547245;1.0;1.0;0.9999965304706878;0.9999914882911675;0.999999034740805;0.9999903586425438;0.9999967748835418;0.9999992464250002;0.9999969432121998;0.9999979649189585;0.999999637896812;0.9999998443201135;0.9999968988952028;1.0;0.999986634063417;0.9999862298884741;1.0;1.0;0.9999997669542902;1.000145015435471;0.9999851242422636;0.9999964883186075;0.9999991036623331;0.9995959628652343;0.9994842621139833;0.9994513035970222;0.9995027623713744;0.9999979384368427;1.0;1.0;0.9992336822764885;0.9992155466305996;0.9992052400424137;1.0001251370067537;1.0;0.9999850205166728;0.9999853274436188;1.0;1.024999976158142;
2016-08-06 08:00:00;0.9999855279206501;1.0;0.9999773924219171;0.9999930601062875;0.9999986378615396;1.0;1.0;0.999994644551024;0.9999892213387183;0.9999966505872342;0.9999843677546053;0.9999969559320552;0.999999664555021;0.9999923519034538;0.999992580561284;0.999998949277213;0.9999997208019633;0.9999983546249392;1.0;0.9999813156547066;0.9999824514306728;1.0;0.9999999999999999;0.99999959036543;1.0001466419948315;0.9999802820746464;0.999995297315444;0.9999975038650365;0.9996239966428817;0.999516159503967;0.9994842780805121;0.9995322231832916;0.9999962074331397;1.0;0.9999999999999999;0.9992783683317943;0.9992620245020601;0.9992533042027854;1.0001259371653437;1.0;0.9999810355151508;0.9999780549187398;1.0;1.024999976158142;
2016-08-06 08:15:00;0.9999651153400271;1.0;0.9999474256769881;0.9999843659111696;0.9999989213587651;1.0;1.0;0.9999872049274531;0.9999786050816868;0.9999889649661124;0.9999663874438829;0.9999968575294378;0.9999997210060582;0.9999770333880021;0.999976302762512;0.9999975260948413;0.9999995550386092;0.999998688680815;0.9999999999999999;0.9999604245703666;0.9999621208080381;1.0;1.0;0.9999996568633656;1.000159497558223;0.9999598634188374;0.9999902981459176;0.9999921978430182;0.9996216328101812;0.9995099200637407;0.9994634277711987;0.9995044244803877;0.9999900936704926;1.0;1.0;0.9992224288289001;0.9992060675045847;0.9991977285341999;1.000135527509434;1.0;0.9999606806208503;0.9999515689584476;1.0;1.024999976158142;
2016-08-06 08:30:00;0.9999769289821697;1.0;0.9999649335764932;0.9999891375182859;0.9999969387472901;1.0;1.0;0.9999915780490313;0.9999822635385662;0.9999952813946863;0.9999759215865378;0.9999955202803041;0.9999990891584608;0.999988854422331;0.9999897157705389;0.9999985727071067;0.9999995986990803;0.9999961024940864;1.0;0.9999698831851057;0.9999705302456005;1.0;1.0;0.9999994324542378;1.0001594378063177;0.9999676665972727;0.9999923103055611;0.9999963954772226;0.9994463773939524;0.9992789369090335;0.9993052077378378;0.9994012839153231;0.9999942149055552;1.0;1.0;0.9991241417021178;0.9991032561737057;0.9990945372599606;1.0001366766474684;1.0;0.9999682695481285;0.9999652770368702;1.0;1.024999976158142;
2016-08-06 08:45:00;0.9999849834859279;1.0;0.9999773068378344;0.9999929097818788;0.9999985184409373;1.0;1.0;0.9999947146191466;0.9999893120150035;0.9999965637026429;0.9999844441115155;0.9999968307292331;0.9999995487230023;0.9999922501787718;0.9999924375827319;0.999998981501398;0.9999997398941918;0.9999981141780028;0.9999999999999999;0.9999811495053267;0.9999815949136855;0.9999999999999999;1.0;0.9999996291018717;1.0001522118383521;0.9999798137030806;0.9999951841965273;0.999997457437617;0.9995021299088879;0.9993582795410997;0.9993691034238866;0.9994533946798448;0.999996177866576;1.0;1.0;0.9991952307469915;0.9991791026387135;0.9991711763836314;1.000130762331645;1.0;0.999980287247949;0.9999780012908096;1.0;1.024999976158142;
2016-08-06 09:00:00;0.9999875091347566;1.0;0.9999771532429238;0.9999940681717338;0.9999977352116898;1.0;1.0;0.9999932736172077;0.9999865569831227;0.9999973290159588;0.9999846467346198;0.9999970311300931;0.9999997676800527;0.9999928129467859;0.9999943231672945;0.9999991904899047;0.9999997174206374;0.9999975423563114;1.0;0.9999804037928456;0.999984174467791;0.9999999999999999;1.0;0.9999996829196988;1.0001549264252145;0.99998107537121;0.9999954759191646;0.999997781546813;0.9994670768500082;0.9993009949194512;0.9993049290298723;0.9993829304790947;0.9999961278210028;1.0;1.0;0.9990691613849642;0.9990533521022652;0.9990450144063815;1.0001333075788956;0.9999999999999999;0.9999823299010094;0.9999766863093976;0.9999999999999999;1.024999976158142;
2016-08-06 09:15:00;0.999974400410903;1.0;0.9999602401587608;0.999988575193372;0.9999984434330998;1.0;0.9999999999999999;0.9999897748839428;0.9999823154099344;0.999992261981144;0.9999746622311233;0.9999972024853253;0.9999996962409674;0.9999833185641164;0.9999834676888928;0.9999982866887427;0.9999996614221994;0.9999981693735183;1.0;0.99996929912365;0.99997139406261;1.0;1.0;0.9999997660703285;1.0001605841553518;0.9999693189867743;0.9999925791517089;0.9999944191981547;0.9994879449388095;0.999334782347631;0.9993430768690051;0.9994264568069106;0.9999925684522437;0.9999999999999999;1.0;0.9991490664424713;0.9991331881806611;0.9991240565354912;1.0001372061180362;0.9999999999999999;0.999970027554526;0.9999625992354275;1.0;1.024999976158142;
2016-08-06 09:30:00;0.999965337611482;1.0;0.9999453093088003;0.9999843509811774;0.9999970179627196;1.0;1.0;0.9999857334589904;0.9999741127481931;0.9999903242067095;0.999964640796052;0.9999970579303026;0.9999994073654628;0.9999784964433858;0.9999793690434766;0.999997744116901;0.9999994940627945;0.9999964819334773;0.9999999999999999;0.9999564734940406;0.9999598496303143;1.0;1.0;0.9999995720543541;1.0001642662688068;0.9999562761280588;0.99998947224637;0.9999928789558281;0.9994675894283991;0.9993032527177732;0.9993002229182525;0.9993770290864634;0.9999900324077909;1.0;1.0;0.9990574158773807;0.9990401780873996;0.999029873308084;1.0001399172928376;0.9999999999999999;0.9999574455157485;0.9999475837957839;1.0;1.024999976158142;
2016-08-06 09:45:00;0.9999832358713011;1.0;0.9999719412490945;0.9999919360195215;0.9999977189103877;1.0;1.0;0.9999926570551028;0.9999850607985208;0.9999963876548918;0.9999806977063278;0.9999969268865582;0.9999996124958554;0.9999910676909838;0.9999921289595468;0.9999988382557018;0.9999996435192473;0.9999973942923351;1.0;0.9999762030821364;0.9999790625510995;0.9999999999999999;1.0;0.9999995129064049;1.0001573056611253;0.9999757373181456;0.9999942202873513;0.9999971585139024;0.9994538695295018;0.9992868167830796;0.9993044146277379;0.9993934749947682;0.9999953340801454;1.0;1.0;0.9991016348418731;0.9990842748603463;0.9990743504182397;1.0001350830696876;1.0;0.9999769828823529;0.9999720062385299;1.0;1.024999976158142;
2016-08-06 10:00:00;0.9999909576048164;1.0;0.9999865749097344;0.9999959108746065;0.9999984551229449;1.0;0.9999999999999999;0.9999966162774451;0.9999928130740843;0.9999982640741811;0.9999910692563432;0.9999969268865583;0.9999995103059689;0.9999957660486952;0.999996306356398;0.9999995606670603;0.9999998748278276;0.9999979803923866;1.0;0.9999881822095593;0.9999880261428046;1.0;1.0;0.9999998611777696;1.000153190657154;0.9999872926213188;0.9999969667233757;0.9999986517933418;0.9994344780512018;0.9992612291310142;0.9992978212563051;0.9993984019373421;0.9999977497185892;1.0;1.0;0.9991254504064412;0.9991093103996288;0.9991009722367397;1.000132084125857;1.0;0.9999872293435997;0.9999864945067023;1.0;1.024999976158142;
2016-08-06 10:15:00;0.9999889257102061;0.9999999999999999;0.9999823076793984;0.999994352869234;0.9999983410680855;1.0;1.0;0.9999959703769885;0.9999905693329454;0.9999983191112513;0.9999869156369183;0.9999970579303026;0.9999995808388289;0.9999955690363548;0.9999961007198814;0.9999991799005978;0.9999997199123355;0.9999979873639114;1.0;0.9999841979896833;0.9999852424500271;1.0;1.0;0.9999994909091886;1.0001569614278196;0.999982733630842;0.999995934829973;0.9999986234485658;0.9993849641640042;0.9992009904828595;0.9992310617169863;0.9993347236579396;0.9999973755807068;1.0;0.9999999999999999;0.9990232107282595;0.9990074866833136;0.9989991493702042;1.0001351532378924;1.0;0.9999835842138444;0.9999820717758642;1.0;1.024999976158142;
2016-08-06 10:30:00;0.9999868422144557;1.0;0.9999778890710668;0.9999932923734662;0.9999974706543944;1.0;1.0;0.9999945073286817;0.9999871339480566;0.9999982627910662;0.9999837667721252;0.9999970311300932;0.9999994555821633;0.99999483339223;0.9999960229846191;0.9999990864145567;0.999999649649194;0.9999970050968434;1.0;0.9999797915859039;0.999981887360736;1.0;0.9999999999999999;0.9999993930066834;1.0001686274584745;0.9999784439537089;0.9999949263148188;0.9999984530591637;0.9991887810516336;0.998948294099927;0.9990587704363744;0.9992288502603183;0.9999967374234328;1.0;1.0;0.9989370746258286;0.9989203644878099;0.9989108540576174;1.0001451942947976;1.0;0.9999796278716103;0.9999770724853736;1.0;1.024999976158142;
2016-08-06 10:45:00;0.999985348914555;1.0;0.9999705033406349;0.9999925543086984;0.9999957102416303;1.0;1.0;0.9999908978441403;0.9999797844000816;0.9999983721376218;0.9999790782289965;0.9999970579303026;0.9999995104478724;0.9999934096571272;0.9999965672663006;0.9999990867050699;0.9999995389815611;0.999995305979831;0.9999999999999999;0.999972491312404;0.9999789436566797;1.0;1.0;0.9999993455752793;1.0001684071925907;0.9999732142764409;0.9999936774281911;0.9999981811275978;0.9992329977146391;0.9990219577833851;0.9990976480238108;0.9992518167593074;0.9999955110535623;1.0;0.9999999999999999;0.9989538839845395;0.9989384782504616;0.9989305539041966;1.0001450332300206;1.0;0.9999754943307948;0.9999681485400814;0.9999999999999999;1.024999976158142;
2016-08-06 11:00:00;0.9999883669369551;1.0;0.9999772091870524;0.9999940947655782;0.9999972543053222;1.0;0.9999999999999999;0.9999932387556754;0.9999853907623786;0.9999982735467454;0.9999838645703196;0.9999967555312278;0.999999741861646;0.9999942858451125;0.9999962491097036;0.9999991852503253;0.9999996473147184;0.9999970614500365;1.0;0.9999794477002937;0.999984178295681;1.0;1.0;0.9999994927107876;1.0001636716654168;0.9999799566427862;0.9999952565250471;0.9999983420020291;0.999240844898746;0.9990365755107189;0.9991062905282477;0.9992574544845598;0.9999964455743339;1.0;0.9999999999999999;0.9989582778851201;0.9989409880960114;0.998931858207467;1.0001409670579986;1.0;0.9999817254918256;0.9999759665650296;1.0;1.024999976158142;
2016-08-06 11:15:00;0.9999895237703131;1.0;0.9999841669196093;0.9999946961621964;0.9999987079175786;1.0;0.9999999999999999;0.999996691084788;0.9999921755494459;0.9999982899142865;0.99998825280942;0.9999968865749288;0.9999995856205519;0.9999958447055177;0.999996020596205;0.9999992178091375;0.9999997555345614;0.9999983526494434;1.0;0.9999860399918846;0.9999862694945996;1.0;0.9999999999999999;0.9999995384607399;1.0001606873449598;0.9999843255807277;0.9999963084880639;0.9999986726560526;0.999217205975276;0.9990301492360982;0.9991049219538657;0.9992722227051607;0.9999976477784333;1.0;1.0;0.9990039116457007;0.9989873526020936;0.9989786346998089;1.0001383898051395;1.0;0.999984916171377;0.9999842365696078;1.0;1.024999976158142;
2016-08-06 11:30:00;0.9999861582837912;1.0;0.9999804778761936;0.9999926094205507;0.9999984161290605;1.0;1.0;0.999996872266682;0.9999909011558653;0.9999984018371516;0.9999843461326329;0.9999969559320553;0.9999993039708243;0.999996103440017;0.9999958912696186;0.9999988687571946;0.9999996310941794;0.9999978295404178;1.0;0.9999820848704372;0.9999811161509314;1.0;0.9999999999999999;0.9999991689357159;1.0001609655229566;0.9999783466798233;0.9999949548206087;0.999998755124576;0.9993125019121863;0.9991137104859935;0.9991700767510427;0.99929926508647;0.9999974669874869;1.0;1.0;0.9989985647040374;0.9989819082181566;0.99897277795562;1.0001384565753009;1.0;0.9999791211188586;0.9999805144051703;1.0;1.024999976158142;
2016-08-06 11:45:00;0.9999835470583821;1.0;0.9999720244504738;0.9999914370466935;0.999997911108563;1.0;1.0;0.9999933607584188;0.9999852011407535;0.9999971322694189;0.9999793049850082;0.9999969827322587;0.999999677579209;0.9999925436156984;0.9999933440604226;0.9999986117446766;0.999999532355476;0.999997698344198;1.0;0.999975711994098;0.9999789616516325;1.0;1.0;0.9999991682902806;1.000163794036212;0.9999743534974342;0.9999939540735;0.9999976706631684;0.9992887846409919;0.9990867983417624;0.9991604635045543;0.9993041927807212;0.999995756746343;1.0;1.0;0.999026740026868;0.9990098746902641;0.9990003634078711;1.0001406485746778;0.9999999999999999;0.9999762823123993;0.9999718924629577;1.0;1.024999976158142;
2016-08-06 12:00:00;0.9999872061417548;1.0;0.9999808334274882;0.9999935638391046;0.9999989455612663;1.0;1.0;0.9999960999216282;0.9999913280989813;0.9999974620410361;0.9999859374393322;0.999996926886558;0.9999996372932579;0.9999942772322589;0.9999941413220518;0.9999989765553688;0.9999997137718847;0.9999986515881836;1.0;0.9999838047979906;0.9999840838564594;1.0;1.0;0.9999994680784993;1.0001623742512251;0.9999819171032385;0.9999957264035223;0.9999981232022956;0.9992996664718631;0.999093631103015;0.9991615223393514;0.9992970811908158;0.9999970279808;1.0;1.0;0.9990038392615698;0.9989870910989099;0.998977960789004;1.000139635503791;1.0;0.9999826609390362;0.9999814226627158;1.0;1.024999976158142;
2016-08-06 12:15:00;0.9999858583082669;0.9999999999999999;0.9999782150021077;0.9999924558769563;0.9999978885028292;1.0;1.0;0.999995691573401;0.9999885801490491;0.9999984321297665;0.9999829395970722;0.9999967129743245;0.999999351587381;0.999995629892647;0.9999960632694024;0.99999887211958;0.9999995963505622;0.9999973509092498;1.0;0.9999798920587498;0.9999804751399629;1.0;0.9999999999999999;0.9999991591818195;1.000167842587145;0.9999769347340095;0.99999461414182;0.9999986626417153;0.9993193269359245;0.9991050252948471;0.9991865131848882;0.9993226795154904;0.9999970784596252;1.0;1.0;0.9990492329093976;0.9990321235943633;0.9990234053013739;1.0001444149588625;1.0;0.9999781025768713;0.9999777656023212;1.0;1.024999976158142;
2016-08-06 12:30:00;0.9999750391371942;0.9999999999999999;0.999941962701033;0.999987925296238;0.999991160727151;1.0;1.0;0.9999791613816494;0.999957319365797;0.9999962457680825;0.999961345595871;0.9999971004872382;0.9999996486440594;0.9999849282115923;0.99999297072629;0.9999986681760394;0.9999992058557411;0.999990906578374;0.9999999999999999;0.9999469233295587;0.9999647943970631;1.0;1.0;0.9999992602136508;1.0001747620330115;0.9999531547873428;0.9999888603322502;0.999995798588098;0.9993257066527137;0.9991139548931592;0.9991894442791579;0.9993235489364019;0.9999904114277209;0.9999999999999999;1.0;0.9990470956333223;0.9990315064123794;0.999023168898811;1.0001501408007523;1.0;0.9999582506993092;0.9999366461208333;1.0;1.024999976158142;
2016-08-06 12:45:00;0.9999852361383154;1.0;0.9999738011962929;0.9999923092057833;0.9999976992572329;1.0;1.0;0.9999933618007341;0.99998527728387;0.99999758290947;0.9999807474661041;0.9999968865749287;0.9999997087343162;0.9999932606106985;0.9999944554903563;0.9999987913382978;0.9999995623013361;0.9999975064018614;0.9999999999999999;0.9999769423270167;0.9999807555259782;1.0;1.0;0.9999992507091587;1.0001704312270798;0.9999761592763102;0.9999943810307316;0.9999979381661135;0.9992966635463851;0.9990711801926655;0.9991692209938048;0.9993153278131052;0.9999960335339799;1.0;1.0;0.9990507564593808;0.9990344895392826;0.9990261520008183;1.0001465320321594;1.0;0.9999780984688379;0.9999732637105497;1.0;1.024999976158142;
2016-08-06 13:00:00;0.9999680283512339;1.0;0.9999388645627579;0.9999843603809441;0.9999933124931438;1.0;1.0;0.9999816365897266;0.9999621779100956;0.9999939819450578;0.9999580482462165;0.9999969559320553;0.9999994241579704;0.9999824770820411;0.9999873851007726;0.999997870772581;0.9999991585155588;0.9999928775827395;1.0;0.9999462629882142;0.9999581973465732;1.0;0.9999999999999999;0.9999989453582077;1.0001797390413318;0.9999482977674711;0.9999877328942133;0.9999946712639881;0.9992771697753041;0.9990463892333035;0.9991345294633474;0.9992789054245617;0.9999899929590311;0.9999999999999999;1.0;0.9989868009070914;0.9989701446173502;0.9989610144623278;1.0001537727554966;1.0;0.9999524440334276;0.99993649743177;0.9999999999999999;1.024999976158142;
2016-08-06 13:15:00;0.9999745530459524;1.0;0.9999414137375757;0.9999877012485471;0.9999897826025759;1.0;1.0;0.9999788367579269;0.9999551888003377;0.9999972460778098;0.9999607090343702;0.9999966861741314;0.9999992023546984;0.9999863602941;0.9999952369281;0.9999988666643558;0.9999991944614154;0.9999890872937585;1.0;0.9999446679235345;0.9999619759151017;1.0;1.0;0.9999992216060904;1.0001834697215883;0.9999501793101631;0.9999881918817058;0.9999963658815927;0.9992275825924171;0.9989538430637476;0.9990409802807003;0.999175784689282;0.9999905893172852;1.0;1.0;0.9988028234200182;0.9987853166633571;0.9987761881975825;1.0001578847228125;1.0;0.999954977111572;0.9999349021757299;1.0;1.024999976158142;
2016-08-06 13:30:00;0.9999899030567073;1.0;0.9999840234336478;0.9999946183031612;0.9999984958323678;0.9999999999999999;0.9999999999999999;0.9999966903217835;0.9999915297888112;0.9999987996262196;0.9999876033450736;0.9999967823314262;0.9999995891635481;0.9999966458443887;0.9999970218257278;0.9999991816725935;0.9999997067514487;0.9999981620371032;1.0;0.9999853931380933;0.9999862020008317;1.0;1.0;0.9999994059661202;1.000172628443045;0.9999835355892519;0.9999961501484131;0.999998977158539;0.9992241480120321;0.9989501018890488;0.9990667635655706;0.9992169006102241;0.9999978122318536;1.0;1.0;0.9988926276755069;0.9988751306700385;0.9988656206705041;1.0001487500373119;1.0;0.9999844753724727;0.9999837014237561;0.9999999999999999;1.024999976158142;
2016-08-06 13:45:00;0.9999884686217985;1.0;0.9999813997718298;0.9999938046704431;0.9999987629091677;1.0;1.0;0.9999961754013651;0.9999907321446382;0.99999824203858;0.9999856226599457;0.9999968865749287;0.9999997164833371;0.9999955390301912;0.9999957079817059;0.9999989590442542;0.9999996543153002;0.999998570053591;0.9999999999999999;0.9999836614433362;0.9999850638292246;1.0;1.0;0.9999993069809822;1.0001692675353484;0.9999818627136436;0.9999957504511823;0.9999985959746027;0.9992973621100664;0.9990567546223168;0.9991460521223171;0.9992792066562713;0.9999973595672224;0.9999999999999999;0.9999999999999999;0.9989731243622169;0.998956248604622;0.9989471185766032;1.0001456690856116;0.9999999999999999;0.9999831653574951;0.9999814398813273;1.0;1.024999976158142;
2016-08-06 14:00:00;0.9999842417855339;1.0;0.999975583918612;0.9999920619639483;0.9999976574258815;1.0;1.0;0.9999945630969763;0.999987187086544;0.9999975922351987;0.9999820266164742;0.9999968865749287;0.9999993249806407;0.9999938081150642;0.9999944649556709;0.9999988867451932;0.9999996290312892;0.9999970708376839;1.0;0.9999781354581436;0.9999789240071698;1.0;1.0;0.9999993238371896;1.0001718529455461;0.9999758050759644;0.9999943030509043;0.9999980558048945;0.9992881094173379;0.9990364683832798;0.9991312557427299;0.9992648841678236;0.9999963682812273;1.0;1.0;0.9989498260913484;0.9989329507273339;0.9989238209122475;1.0001478081622308;0.9999999999999999;0.9999767378306891;0.999975324291559;1.0;1.024999976158142;
2016-08-06 14:15:00;0.99998589664231;0.9999999999999999;0.9999790808565154;0.9999926215587989;0.9999981110479502;1.0;1.0;0.9999960160822899;0.9999895397398525;0.9999982123503803;0.999983804791068;0.9999967823314263;0.9999993350676587;0.9999954244428092;0.9999956171219677;0.9999989095322014;0.9999996344983182;0.9999975459365701;1.0;0.9999809326307215;0.9999808242713553;1.0;1.0;0.9999992397033268;1.0001633272397912;0.9999778833172729;0.9999948265678568;0.9999985626913416;0.9993547587304124;0.9991375894745381;0.9992056070413841;0.9993234322113917;0.9999971243199426;1.0;1.0;0.9990246294593312;0.999007423032308;0.998998292536577;1.0001405047492509;1.0;0.9999787540068145;0.9999789202556753;1.0;1.024999976158142;
2016-08-06 14:30:00;0.9999895520461264;1.0;0.999982865278513;0.9999943140057751;0.9999988087365778;1.0;1.0;0.9999964544042474;0.9999912905479902;0.999998513340513;0.9999866360396116;0.9999967265016948;0.9999997507136278;0.999996088761634;0.9999963080451344;0.99999903421159;0.9999996692540825;0.9999986465589549;1.0;0.9999848324050219;0.9999863430739732;1.0;1.0;0.9999993327027042;1.0001652642369774;0.9999831979719516;0.9999960690965195;0.9999987846378037;0.9992900994620078;0.9990461823380865;0.999136400574277;0.9992692197244362;0.9999976099772395;1.0;1.0;0.9989546242008134;0.9989375601589014;0.9989288426911425;1.0001422746206674;1.0;0.9999845009737414;0.9999827954122651;1.0;1.024999976158142;
2016-08-06 14:45:00;0.9999881167387267;1.0;0.9999788506536166;0.999994097416722;0.9999974966904122;1.0;1.0;0.9999941667902164;0.9999871597515775;0.9999981949247255;0.9999850297132997;0.999996811376911;0.9999995878601036;0.9999945716254812;0.9999960430406406;0.999999224000259;0.999999692936867;0.9999971429865366;0.9999999999999999;0.999980923790796;0.9999838524022848;1.0;1.0;0.9999995425476219;1.0001625233496325;0.999980584369954;0.9999954051911287;0.9999983820187447;0.9994008282422524;0.9991763469343407;0.9992391197240997;0.9993396350975396;0.9999967071416989;1.0;1.0;0.9990287945301317;0.9990119968642123;0.9990032787468635;1.0001399816623888;1.0;0.9999817821550515;0.9999779683679819;1.0;1.024999976158142;
2016-08-06 15:00:00;0.999988124386991;1.0;0.9999829115554277;0.9999943098790592;0.9999978185992398;0.9999999999999999;0.9999999999999999;0.9999962050257903;0.9999907489317871;0.9999983686180887;0.9999877768777541;0.9999968865749288;0.9999992263214138;0.9999957508006295;0.9999963646960031;0.9999993644384985;0.9999997872586533;0.9999970910475814;1.0;0.9999841889788619;0.9999834302828104;1.0;1.0;0.9999996326809605;1.0001675328590434;0.9999820406421506;0.9999957615494849;0.9999986750824545;0.9992925204502863;0.9990166017684105;0.9991207606613132;0.9992460379113869;0.9999974326426297;1.0;1.0;0.9989060832771611;0.9988895258551137;0.9988808088065374;1.0001443969752464;1.0;0.9999820652633132;0.9999825123553624;1.0;1.024999976158142;
2016-08-06 15:15:00;0.9999886273740354;1.0;0.9999822288202626;0.9999944703842369;0.9999988199109385;1.0;1.0;0.9999958569477555;0.9999913826291247;0.9999975542992999;0.9999875136879048;0.9999967129743245;0.9999996997486662;0.999994314169799;0.9999945408090501;0.9999991693156789;0.9999997674028751;0.9999985657602148;1.0;0.9999850762586916;0.9999859383154035;1.0;0.9999999999999999;0.9999996342346145;1.0001649621469435;0.9999840763711222;0.9999962131671415;0.9999981560906613;0.9994696959411162;0.999214251756526;0.9992758377508341;0.9993453426121349;0.9999970965505116;1.0;1.0;0.9989975054048622;0.9989800797440022;0.998970949498177;1.000141986267887;0.9999999999999999;0.9999847140266429;0.9999826132125402;0.9999999999999999;1.024999976158142;
2016-08-06 15:30:00;0.9999742915360342;1.0;0.9999574529137712;0.99998842787666;0.9999974844530864;1.0;0.9999999999999999;0.9999882372062935;0.9999788386724444;0.9999926791242246;0.9999727286116729;0.9999965416190685;0.9999996995061103;0.999983288730152;0.9999844802619086;0.9999983256036535;0.999999601874971;0.9999972211301514;1.0;0.9999661240648295;0.9999703839718697;1.0;1.0;0.9999997106226719;1.0001718649766358;0.9999670564245307;0.99999204827279;0.9999945264113145;0.9994851282819555;0.9992184075083744;0.9992817802111269;0.9993448677584116;0.9999921846607748;0.9999999999999999;1.0;0.9989878865084234;0.9989693085013075;0.9989593852012237;1.000147033811391;1.0;0.9999683479308619;0.999958846295602;1.0;1.024999976158142;
2016-08-06 15:45:00;0.9999659290187967;1.0;0.9999366354530199;0.999984729600406;0.9999939616141438;1.0;1.0;0.9999799535441498;0.9999626099672732;0.999991144413627;0.9999597826584;0.9999968575294378;0.9999996002090498;0.999977286857748;0.9999819700525441;0.9999980554445551;0.9999993754011561;0.9999936063476946;1.0;0.9999471083643234;0.999958532167274;0.9999999999999999;1.0;0.9999996614977411;1.000178133807324;0.9999513522217133;0.999988305491559;0.9999928149872077;0.9995408393893248;0.9992939985419406;0.999346366421406;0.9994015001460458;0.9999885223826177;1.0;1.0;0.9990721900393688;0.999053707789241;0.9990426096523801;1.000152190280104;1.0;0.9999543125376669;0.9999358303159235;1.0;1.024999976158142;
2016-08-06 16:00:00;0.9999753683932382;1.0;0.9999393563032111;0.9999887365577057;0.9999897079947064;1.0;1.0;0.9999765322654133;0.9999529899187969;0.9999961190062631;0.9999612869284844;0.9999967823314262;0.9999995970971752;0.999983547151009;0.9999932863019061;0.9999990506866644;0.999999274371515;0.9999893527297683;1.0;0.9999442729821455;0.9999645925474937;1.0;0.9999999999999999;0.9999996239958268;1.0001726009309648;0.9999529125270521;0.9999887313972221;0.999995483129795;0.9995034296445608;0.9992472193638487;0.999312040883932;0.9993771108579056;0.9999895820322452;1.0;1.0;0.9990442909820091;0.9990270842163512;0.9990179535409255;1.0001484719404379;1.0;0.9999579428031677;0.999932932830475;1.0;1.024999976158142;
2016-08-06 16:15:00;0.999965319704095;1.0;0.9999432088781238;0.9999841878697252;0.9999965706380508;1.0;1.0;0.9999846730082401;0.9999718347166627;0.9999905082057624;0.9999630665586641;0.9999965974647157;0.9999995068446111;0.9999783426573527;0.9999798566491567;0.9999977105338597;0.9999994371713753;0.999996144903137;1.0;0.9999543213182138;0.999959522906718;1.0;1.0;0.999999496279674;1.0001735993830996;0.9999548474989084;0.9999891515882469;0.9999928829144735;0.9995460746828991;0.999298425514744;0.999337916376715;0.9993829304913875;0.9999897569604362;1.0;1.0;0.9990266802713137;0.9990082776435392;0.9989983539563537;1.000147996168445;1.0;0.9999566098779807;0.9999449373066304;1.0;1.024999976158142;
2016-08-06 16:30:00;0.9999707363706678;1.0;0.9999552221882321;0.9999869965343511;0.9999983425317084;1.0;1.0;0.9999886347030449;0.9999804756697596;0.9999910990199499;0.999971555316916;0.9999962525088659;0.9999996151923668;0.999980989966053;0.999980985888498;0.9999980602495286;0.9999996323999425;0.9999979888275339;1.0;0.9999655572026478;0.9999673625476051;1.0;1.0;0.9999997609195711;1.0001733140577624;0.999965349655064;0.9999916174076865;0.9999936160210834;0.9995151476176742;0.9992593084116423;0.9993227191141574;0.9993846478176489;0.9999915934241097;0.9999999999999999;1.0;0.9990532161378408;0.9990343312080812;0.999025200466421;1.0001479791362442;1.0;0.9999659605267361;0.9999580684100571;1.0;1.024999976158142;
2016-08-06 16:45:00;0.999985626812163;1.0;0.9999747093338064;0.999993247430385;0.9999976330070781;0.9999999999999999;1.0;0.999992756653161;0.9999856609405127;0.9999968037853421;0.9999830933094072;0.9999966861741313;0.9999996957251251;0.9999917651830895;0.9999932089147161;0.9999990847529296;0.999999702697546;0.9999973696841039;1.0;0.9999784911460725;0.9999819723202469;0.9999999999999999;1.0;0.9999996734118448;1.0001687071565726;0.9999789287653579;0.999994961038273;0.999997417299531;0.9995042185264833;0.9992435557248909;0.9993100199538031;0.999372775359302;0.9999956799207006;1.0;0.9999999999999999;0.9990351245011065;0.999017930916288;0.9990092127471542;1.0001451179831988;1.0;0.9999800969679471;0.9999744442307903;0.9999999999999999;1.024999976158142;
2016-08-06 17:00:00;0.9999831356475906;1.0;0.9999754118670777;0.9999916341392778;0.9999979232168849;1.0;1.0;0.9999949573249952;0.9999880874483134;0.9999971741588526;0.9999819822287144;0.9999967823314262;0.9999992372461144;0.9999933240268275;0.9999935151110401;0.9999988247057437;0.9999996484713276;0.9999972462519868;0.9999999999999999;0.9999783106231693;0.9999778450024874;1.0;1.0;0.9999993443951783;1.0001686297007089;0.9999753555158502;0.9999941901544899;0.9999978430836322;0.9995179289583221;0.9992612521942807;0.999316188312544;0.999371053034766;0.9999962923168867;0.9999999999999999;1.0;0.9990218556217205;0.9990052593733283;0.998996922078807;1.0001449424001778;1.0;0.9999759242889907;0.9999756248073863;0.9999999999999999;1.024999976158142;
2016-08-06 17:15:00;0.9999906266191243;1.0;0.9999831833849747;0.9999954425031713;0.9999982936147968;1.0;1.0;0.9999952600509541;0.9999901654104304;0.9999982006626857;0.9999884024100141;0.9999954509231918;0.9999997791702032;0.9999950642374394;0.9999961023557673;0.9999993692570749;0.9999997742408254;0.9999981099318648;1.0;0.9999853615099416;0.9999878778887692;0.9999999999999999;1.0;0.9999997004958133;1.0001663447738767;0.9999854723968943;0.9999965410484603;0.9999984876935336;0.9995038772794519;0.9992457699045223;0.9993010614179547;0.9993580872012803;0.9999972473532519;1.0;1.0;0.9990031469990873;0.9989817270670313;0.9989725968061505;1.00014335836775;1.0;0.9999864184485132;0.9999827843776555;0.9999999999999999;1.024999976158142;
2016-08-06 17:30:00;0.9999886052683054;1.0;0.999982384549501;0.9999944636833209;0.9999975096004677;1.0;1.0;0.9999957048247713;0.9999896163853411;0.9999986451682694;0.9999873598191498;0.9999965416190684;0.9999992733617071;0.9999959650196398;0.9999970016058295;0.9999993936924992;0.9999997635134353;0.9999968326358499;1.0;0.9999834338732945;0.9999837244185196;1.0;1.0;0.9999996067364929;1.0001721823654903;0.9999817605311487;0.9999957005864171;0.9999987936164781;0.9995326566447613;0.9992893914225416;0.9993510047704336;0.999413768962525;0.9999973894005703;1.0;0.9999999999999999;0.9991066445432507;0.9990889917745694;0.9990802729853061;1.0001484653418597;1.0;0.9999820903189128;0.9999815731371781;1.0;1.024999976158142;
2016-08-06 17:45:00;0.9999806589332604;1.0;0.999973258018091;0.9999909394092957;0.9999962220706587;1.0;1.0;0.9999941211137358;0.9999854396808956;0.9999974414087583;0.9999811283691925;0.999996726501695;0.9999985542065044;0.9999933733085516;0.9999944082288642;0.999999103668128;0.9999997027640695;0.9999948403544379;0.9999999999999999;0.9999748944607288;0.9999725787897066;1.0;1.0;0.999999502201483;1.0001734593564233;0.9999710562082342;0.999993167839086;0.9999979252809206;0.9995148264127419;0.9992582181338096;0.9993122403787713;0.9993684026309156;0.999995964841919;0.9999999999999999;1.0;0.9990210018746235;0.9990039366988546;0.9989952186518446;1.0001492985284126;1.0;0.9999705907680579;0.9999725191564411;1.0;1.024999976158142;
2016-08-06 18:00:00;0.9999822561055018;1.0;0.999969829032984;0.9999909426111908;0.9999974413660411;1.0;1.0;0.9999925655190997;0.9999835957825495;0.9999969123449778;0.9999780490919619;0.9999968113769107;0.9999995692142644;0.9999918546932519;0.9999929839636903;0.9999986117375668;0.9999995246876471;0.9999971167480787;1.0;0.9999736261032742;0.9999770481568577;1.0;1.0;0.9999991958184307;1.0001708659890933;0.9999723643402345;0.9999934766591245;0.9999974628069098;0.9995195361367222;0.999264825463683;0.9993285718723045;0.999389669207714;0.9999953627954586;1.0;0.9999999999999999;0.9990618232095443;0.9990450249882807;0.999036306582704;1.0001467473522025;0.9999999999999999;0.9999742321621218;0.9999694898885385;1.0;1.024999976158142;
2016-08-06 18:15:00;0.9999831141020475;1.0;0.9999690197395447;0.9999913322668673;0.9999970795597658;1.0;1.0;0.9999916400426848;0.9999819486338221;0.9999971174458239;0.9999776851270794;0.9999967420198028;0.9999997038898436;0.9999917709846703;0.9999935543027748;0.9999986761897673;0.9999995059009813;0.9999968867045139;1.0;0.9999727630873588;0.9999779945684356;1.0;1.0;0.9999992166166619;1.0001707610088129;0.9999725726684786;0.9999935206370882;0.9999974980350237;0.9995585695297045;0.9993219745079022;0.9993763798526797;0.9994319744584764;0.9999951938350337;1.0;0.9999999999999999;0.9991254143987551;0.9991086883005773;0.9991003501428802;1.0001467163955113;1.0;0.9999748881609773;0.9999681783734969;1.0;1.024999976158142;
2016-08-06 18:30:00;0.9999841601349904;1.0;0.9999736672392122;0.9999912315583919;0.9999975581873171;1.0;1.0;0.9999944697557243;0.9999855982691357;0.9999983882426156;0.9999790817117556;0.9999969559320553;0.9999994581937196;0.999995026224883;0.999995816549724;0.9999985905668601;0.9999994661225803;0.9999971630973303;1.0;0.999975727115744;0.9999781645243996;1.0;1.0;0.9999988962367273;1.0001699588840314;0.9999729027927393;0.9999936889061859;0.9999985198880216;0.9995501974165173;0.9993069215220529;0.9993878875251478;0.9994574285501934;0.9999965312011039;0.9999999999999999;1.0;0.9991869494097229;0.9991709000152381;0.9991625613383472;1.0001460977310004;1.0;0.9999749770981107;0.9999728870673965;1.0;1.024999976158142;
2016-08-06 18:45:00;0.9999750666398872;1.0;0.9999620506081143;0.9999850602371979;0.9999980889658827;1.0;1.0;0.999994906464926;0.9999827907412633;0.9999980197531082;0.9999666201844007;0.9999967555312277;0.999999267340431;0.9999946586005497;0.9999937061667216;0.9999972052870142;0.9999990205772525;0.9999976739667423;1.0;0.9999650411442534;0.999966183664094;1.0;0.9999999999999999;0.9999976446274768;1.0001778576733074;0.9999572784808397;0.9999901675576184;0.9999983295121829;0.9995565915127042;0.9993175450901425;0.999415330506218;0.9994970202119384;0.9999958006680648;1.0;1.0;0.9992711715670178;0.9992548039651709;0.9992468771095676;1.00015215641748;0.9999999999999999;0.9999610026128816;0.9999620847714635;1.0;1.024999976158142;
2016-08-06 19:00:00;0.9999736782814229;1.0;0.9999577442734585;0.9999845312922179;0.9999970802647052;1.0;1.0;0.9999928937754454;0.9999788266032026;0.9999978520476954;0.9999641283267443;0.9999968865749287;0.9999992199885119;0.9999935035939533;0.9999935649376689;0.9999972294377169;0.9999989835431529;0.9999966131435062;1.0;0.9999609111129131;0.9999639011696467;0.9999999999999999;0.9999999999999999;0.9999976796276506;1.0001777837704324;0.9999541611066909;0.9999894097300103;0.9999980417668038;0.9995478236912303;0.9993050054211682;0.999391156908053;0.999466231361067;0.9999950107359766;1.0;1.0;0.9992103768263175;0.9991934970607922;0.9991843648644252;1.0001520966258608;1.0;0.9999582230450422;0.9999570607676758;1.0;1.024999976158142;
2016-08-06 19:15:00;0.9999798493064169;1.0;0.9999664586412508;0.9999896020635892;0.9999964812393451;1.0;0.9999999999999999;0.9999919709528218;0.999981038005553;0.9999972688367047;0.9999750808279396;0.9999969559320552;0.9999992293252381;0.9999921553657003;0.9999936724488124;0.9999985141819929;0.9999994481889567;0.9999958425011319;0.9999999999999999;0.9999695415425789;0.9999725664249545;1.0;1.0;0.9999990057105782;1.000171581845553;0.9999672135880677;0.9999922944465249;0.9999976190757319;0.9995694459006448;0.9993413971538412;0.9994084289963723;0.9994732686864326;0.9999950987857013;0.9999999999999999;0.9999999999999999;0.9992075105174186;0.9991908505477458;0.9991817183755669;1.0001473550575586;1.0;0.9999691239125135;0.9999654693911467;1.0;1.024999976158142;
2016-08-06 19:30:00;0.999975100990971;1.0;0.9999629213947261;0.9999880962114263;0.9999964585914417;1.0;0.9999999999999999;0.9999914933237823;0.9999811035592879;0.9999954684943155;0.9999739580357978;0.9999967420198029;0.9999988445331258;0.9999891240334778;0.9999900296190154;0.9999984698592904;0.9999995461869434;0.9999953986036987;1.0;0.999967421237788;0.9999673356898571;1.0;0.9999999999999999;0.9999992773070396;1.0001731830461047;0.9999641461430738;0.9999915102817574;0.9999964953751701;0.9995962877503203;0.9993733332591864;0.9994337631584993;0.9994915059638095;0.9999941140017831;1.0;1.0;0.9992283469181593;0.9992107158896005;0.9992012026950569;1.0001485300556179;1.0;0.999964709183156;0.9999629949263185;1.0;1.024999976158142;
2016-08-06 19:45:00;0.999968776252266;1.0;0.9999537685215295;0.9999846444014517;0.9999942741248257;1.0;1.0;0.9999897450909072;0.9999746418065844;0.9999959830991928;0.9999662312860205;0.9999968575294379;0.9999980969669561;0.9999891717372366;0.9999909556669967;0.999998167584915;0.9999993537258213;0.9999925277382502;1.0;0.9999570350156675;0.9999562879969017;1.0;1.0;0.9999988271037995;1.000176836788959;0.9999514105502637;0.9999885780358179;0.9999966357939031;0.9995479054414402;0.9993027405502887;0.9993887248105484;0.9994623032917662;0.9999932403172831;1.0;1.0;0.9992010789532789;0.9991841077379655;0.9991749756274126;1.000151593813449;1.0;0.9999521687767223;0.9999524676413055;1.0;1.024999976158142;
2016-08-06 20:00:00;0.9999624041725191;1.0;0.999942706075399;0.9999808880979302;0.9999976250235527;1.0;1.0;0.9999883178541311;0.9999747008214446;0.9999920058559996;0.9999578293567327;0.9999968307292332;0.999999261174675;0.9999823144644823;0.9999816899724344;0.9999967918446218;0.9999991141774964;0.9999971089073113;1.0;0.999952378061542;0.9999543854749755;1.0;1.0;0.999998353406945;1.0001815417982838;0.9999473547560097;0.9999875823979667;0.9999941137167185;0.9996119159811697;0.9993944371276693;0.9994507418193675;0.9995070331118794;0.9999910587535367;0.9999999999999999;1.0;0.9992531709138842;0.9992367245561612;0.9992283853299251;1.0001545212154805;1.0;0.999950124633108;0.9999449212550054;1.0;1.024999976158142;
2016-08-06 20:15:00;0.9999551869826125;1.0;0.9999315582569052;0.9999749637032099;0.9999977023972272;1.0;1.0;0.9999887015911505;0.9999704687160151;0.9999929860292561;0.9999444071383162;0.9999969559320551;0.9999991723629845;0.999984076773422;0.9999823879029169;0.9999953709888487;0.9999985551442758;0.9999973088709833;1.0;0.9999408523265989;0.9999435296970434;0.9999999999999999;1.0;0.9999968017687011;1.000185301119509;0.9999309527287306;0.9999839492556568;0.999994709376106;0.9995954159952007;0.9993718148094671;0.9994412037042607;0.9995067809988368;0.9999908542788077;1.0;1.0;0.9992648358030684;0.9992484921946669;0.999239772013485;1.0001571202806039;1.0;0.9999363618414616;0.999933534871893;1.0;1.024999976158142;
2016-08-06 20:30:00;0.9999781697452551;0.9999999999999999;0.99996571289083;0.9999886705278986;0.9999968665297551;1.0;1.0;0.9999926153292097;0.9999820260572435;0.9999969278069311;0.9999740864020099;0.9999969559320553;0.9999991348219323;0.9999919175603557;0.9999927635877898;0.9999983244999462;0.999999423651495;0.9999961497433453;1.0;0.9999691035717105;0.9999706709912851;1.0;1.0;0.9999988858280487;1.0001791712312285;0.9999655716000354;0.9999919282278407;0.9999974707642098;0.9995701030714405;0.9993365000383845;0.999422325070037;0.9994969220177196;0.9999950858380786;1.0;1.0;0.9992625141355856;0.9992461705651563;0.9992374504042346;1.0001537797163618;1.0;0.9999672987514721;0.9999652656471225;1.0;1.024999976158142;
2016-08-06 20:45:00;0.9999848907197635;1.0;0.9999733208532333;0.9999925097412199;0.9999968075107463;1.0;0.9999999999999999;0.9999926674042687;0.9999838282164752;0.9999977212915511;0.999981117713996;0.9999969559320553;0.9999994507529334;0.9999931739492823;0.9999950405316547;0.9999990297851693;0.9999996154638138;0.9999963327809704;1.0;0.9999758747103272;0.9999794053663378;1.0;0.9999999999999999;0.9999994256416447;1.0001727940012866;0.9999753470251221;0.9999941717505194;0.9999979557430536;0.9995813026080121;0.9993533630960798;0.9994303103962884;0.999498473731347;0.9999958610966886;1.0;1.0;0.9992551545294053;0.9992394213545327;0.9992314946209564;1.000148720379236;1.0;0.9999768025568461;0.9999721938472199;1.0;1.024999976158142;
2016-08-06 21:00:00;0.9999725482295968;1.0;0.9999432306050251;0.9999857252717763;0.9999927260249662;1.0;1.0;0.9999825959774274;0.9999620275467226;0.999996453269803;0.999959381126724;0.999996830729233;0.9999994825756362;0.9999867797196345;0.9999924721222833;0.999998026454282;0.9999990649098723;0.9999923922316278;0.9999999999999999;0.9999480263107482;0.9999617930694367;1.0;1.0;0.9999986276183311;1.0001808606639235;0.9999499894865692;0.9999882213107103;0.9999962395334407;0.9995973077370831;0.9993741901776516;0.9994530450964006;0.9995228413180781;0.9999913354882707;1.0;0.9999999999999999;0.9992980296563305;0.9992812895879655;0.9992725691205693;1.0001550809111934;1.0;0.9999550966678203;0.9999392830663678;1.0;1.024999976158142;
2016-08-06 21:15:00;0.9999373016972608;1.0;0.9999044048370966;0.9999715830929526;0.9999977003500705;1.0;1.0;0.9999766228988112;0.9999599465164226;0.9999806041084499;0.9999382337266293;0.9999970020845896;0.9999995232815779;0.9999594284949458;0.9999586824678229;0.999995519767661;0.9999991327372822;0.9999973343458523;1.0;0.9999270342907447;0.9999311634628186;1.0;1.0;0.9999992268749104;1.0001942385454026;0.9999259686174239;0.999982227842678;0.9999861482034874;0.9996338930910591;0.9994208442044472;0.9994921221151668;0.9995571457921685;0.9999822521497362;1.0;1.0;0.9993481784005265;0.9993310524209067;0.9993211255274257;1.0001636723431164;0.9999999999999999;0.9999279735604303;0.9999111995330446;1.0;1.024999976158142;
2016-08-06 21:30:00;0.9999584844615628;1.0;0.999936066737816;0.9999808522434829;0.9999977787120589;1.0;1.0;0.9999844821800242;0.9999721013177247;0.9999881043392637;0.9999578056708935;0.9999970311300933;0.9999995073715541;0.9999745075018954;0.9999743369310968;0.9999970012460692;0.9999993534926278;0.999997383621985;1.0;0.9999500565821425;0.999953077275951;0.9999999999999999;1.0;0.9999992840031596;1.0001785807541042;0.9999487571205455;0.9999877058881177;0.9999914193618872;0.9996374161553536;0.9994309159384835;0.9995058520702953;0.9995718610732709;0.9999884712039216;0.9999999999999999;1.0;0.9993731980487532;0.9993573839549744;0.9993490437217635;1.0001516766864305;1.0;0.9999503765097302;0.9999398232109252;1.0;1.024999976158142;
2016-08-06 21:45:00;0.9999630615557145;1.0;0.9999433252020796;0.99998272476811;0.999997848696421;1.0;1.0;0.9999865555230439;0.9999751040716794;0.9999899116102002;0.9999619734838197;0.9999969133751264;0.9999994693948094;0.9999782568654919;0.9999781007125349;0.9999972911613393;0.9999993858056077;0.999997422960963;1.0;0.9999551626864779;0.9999575927287968;1.0;1.0;0.9999992253439157;1.0001743401327825;0.9999533605327623;0.9999888440513686;0.9999926961284655;0.9996233368224712;0.9994119940341458;0.9994955141816825;0.9995664379406203;0.9999900027837003;1.0;1.0;0.9993698029166393;0.9993530049975899;0.9993438713433893;1.0001483440044767;0.9999999999999999;0.9999549181537534;0.999946396950166;0.9999999999999999;1.024999976158142;
2016-08-06 22:00:00;0.9999803290595157;1.0;0.9999672691421966;0.9999901776764611;0.9999971311506985;1.0;1.0;0.9999918762168359;0.9999823370667782;0.9999964317522005;0.9999765660952442;0.9999969268865583;0.9999994428776371;0.9999907982321976;0.9999920275849089;0.9999985616774443;0.9999995213538302;0.9999966763297019;0.9999999999999999;0.9999714610351922;0.9999745756337857;0.9999999999999999;1.0;0.9999992235191852;1.0001636347225764;0.9999700434652304;0.9999929154153477;0.9999971094764143;0.9996279610062171;0.9994221424770044;0.9995093356082795;0.999581634984258;0.999994869921978;1.0;0.9999999999999999;0.9993970564844011;0.9993803017295082;0.9993711678258271;1.0001404189209442;1.0;0.9999717313047836;0.9999669867002466;1.0;1.024999976158142;
2016-08-06 22:15:00;0.9999837715229786;1.0;0.9999717768373853;0.9999919181058068;0.9999975400047075;1.0;1.0;0.9999925878410978;0.9999843596148693;0.9999968895306872;0.9999800425134999;0.9999969268865582;0.9999996556917574;0.9999918278275867;0.999993118530996;0.9999987968987448;0.9999995914016422;0.9999972766817579;1.0;0.9999755970302466;0.9999792773102631;1.0;1.0;0.9999993792049305;1.0001609211424034;0.9999751324605417;0.9999941045158929;0.9999974514865749;0.9996485788669748;0.9994547786899597;0.9995273576851172;0.9995916974927446;0.999995488305014;0.9999999999999999;1.0;0.9994029839645848;0.9993865464711664;0.9993778250852209;1.0001382411504527;1.0;0.9999768048887583;0.9999714472195188;1.0;1.024999976158142;
2016-08-06 22:30:00;0.9999747551411888;1.0;0.9999585166529198;0.9999879073820549;0.9999963060318865;1.0;1.0;0.9999892502904488;0.9999776979560479;0.9999948370934791;0.9999714199525346;0.9999969827322586;0.9999992484212429;0.9999871296450662;0.9999887931073372;0.9999983365510804;0.9999994812994119;0.9999956489769882;1.0;0.9999643519975788;0.9999678679310157;0.9999999999999999;1.0;0.9999992827458668;1.0001640365531366;0.9999631893071091;0.9999912449161638;0.9999959105131893;0.9996548184183814;0.9994622801750432;0.9995367920819684;0.9996021607474872;0.9999931601662507;1.0;1.0;0.9994218953472114;0.9994056337142225;0.9993969121617077;1.0001404912758434;1.0;0.9999647719545532;0.9999584084737756;1.0;1.024999976158142;
2016-08-06 22:45:00;0.9999803962944063;1.0;0.9999624228449672;0.9999902984959813;0.9999950354788228;1.0;1.0;0.9999886839524209;0.9999755210118185;0.999997167224585;0.9999737900711632;0.9999969559320552;0.9999993789899468;0.9999905433610535;0.9999940386998705;0.9999987944932558;0.9999994590751276;0.9999945101913534;0.9999999999999999;0.9999657454261495;0.9999728549409328;1.0;1.0;0.999999270443467;1.0001619240699722;0.9999664491463226;0.9999920573795045;0.9999972512651606;0.9996575963644772;0.9994674233822441;0.9995413458227065;0.9996064083885188;0.9999940875716415;1.0;1.0;0.9994284237966657;0.999412077512679;0.9994033559039306;1.0001391549762735;1.0;0.999968934445776;0.9999601473636198;0.9999999999999999;1.024999976158142;
2016-08-06 23:00:00;0.9999832642338934;0.9999999999999999;0.9999671548591045;0.9999915565200146;0.9999958320364523;0.9999999999999999;1.0;0.9999901176556475;0.9999786285499923;0.9999975994428522;0.9999768466850959;0.9999969559320553;0.9999995740331236;0.9999918629946185;0.9999948920801218;0.9999988846660096;0.9999995002600127;0.999995498242077;1.0;0.9999701566372594;0.9999769637486835;0.9999999999999999;0.9999999999999999;0.9999992966156395;1.0001628935050006;0.9999709295318019;0.9999931283842846;0.9999976421656643;0.9996984511313176;0.9995223210758007;0.9995864594612308;0.9996435837858313;0.9999948861591167;1.0;1.0;0.9994806964482957;0.999465252748793;0.999457705163174;1.0001400808208516;1.0;0.999973405461789;0.9999651778234058;1.0;1.024999976158142;
2016-08-06 23:15:00;0.999983752685394;0.9999999999999999;0.9999668876404777;0.9999919887431172;0.9999956684842697;1.0;1.0;0.9999894697356047;0.9999778896060296;0.9999974430454649;0.9999772445893774;0.9999967823314262;0.9999996493986472;0.9999913188948462;0.9999947038932449;0.9999989825572758;0.9999995278371403;0.9999953928615609;1.0;0.9999701268870759;0.9999777949476827;0.9999999999999999;0.9999999999999999;0.9999994228923329;1.00015792856353;0.9999718091026846;0.999993304855477;0.999997491690182;0.9997089231946815;0.9995403898553675;0.9995944958246735;0.999646007341334;0.99999466590696;1.0;1.0;0.9994763050807398;0.999459701282807;0.9994513601956971;1.000135824945113;1.0;0.9999743128078368;0.999964781521905;1.0;1.024999976158142;
2016-08-06 23:30:00;0.999972472633385;1.0;0.999947345358521;0.9999873811436393;0.9999936445003558;1.0;0.9999999999999999;0.9999830918769904;0.9999665825624529;0.999994195068844;0.999965752742566;0.9999971004872382;0.9999993637389247;0.9999834018210673;0.9999882302729913;0.9999985277357756;0.9999994175302318;0.9999930670913797;1.0;0.9999540852536082;0.999964178365881;0.9999999999999999;0.9999999999999999;0.9999995445334359;1.000161440071746;0.9999571656565795;0.999989740145828;0.9999949506861018;0.9997141379632544;0.9995431651010356;0.9995983994059864;0.9996489924689004;0.9999908656185643;1.0;1.0;0.9994798460666505;0.9994636396812644;0.9994545050159105;1.0001383085194635;1.0;0.9999598784134762;0.9999452117413457;1.0;1.024999976158142;
2016-08-06 23:45:00;0.9999775783931019;1.0;0.9999580662288889;0.9999895183331144;0.9999959388628724;0.9999999999999999;1.0;0.9999871970954534;0.9999751377252556;0.9999947982922498;0.9999723491039111;0.9999968865749289;0.9999997051305467;0.9999861697937059;0.9999891524714408;0.9999985789679972;0.9999995093369338;0.9999957046217829;0.9999999999999999;0.9999644186705605;0.9999720847557447;1.0;1.0;0.9999995332342351;1.0001602706439492;0.9999664824654586;0.9999919742691502;0.9999956940980712;0.9997140127147197;0.9995447429742506;0.9996006953465528;0.9996522880154208;0.9999927211726316;1.0;1.0;0.9994866000347501;0.9994700329903158;0.9994613108758053;1.0001373697112599;0.9999999999999999;0.9999688395995799;0.9999572683902713;1.0;1.024999976158142;
2016-08-07 00:00:00;0.9999775263905331;1.0;0.9999576442803856;0.9999891943840492;0.9999952354013052;1.0;1.0;0.999987218215951;0.9999738226256867;0.9999956971159631;0.9999712683303438;0.9999969559320553;0.9999995093122559;0.9999875919205122;0.9999909854850152;0.9999985857654731;0.99999944849861;0.9999948295758405;1.0;0.9999628178956836;0.9999705888845045;1.0;1.0;0.9999993536052848;1.0001589084282934;0.9999642082296205;0.9999914807026903;0.9999962334308623;0.9997216062289814;0.9995539249041506;0.9995889127976944;0.9996270287773128;0.9999929819487708;1.0;1.0;0.9994259511747717;0.9994098979413321;0.9994015572698607;1.0001362897518422;1.0;0.9999667789140032;0.9999560524155909;1.0;1.024999976158142;
