;('LV4.101 Bus 1', 'L1');('LV4.101 Bus 10', 'L1');('LV4.101 Bus 11', 'L1');('LV4.101 Bus 12', 'L1');('LV4.101 Bus 13', 'L1');('LV4.101 Bus 14', 'L1');('LV4.101 Bus 15', 'L1');('LV4.101 Bus 16', 'L1');('LV4.101 Bus 17', 'L1');('LV4.101 Bus 18', 'L1');('LV4.101 Bus 19', 'L1');('LV4.101 Bus 2', 'L1');('LV4.101 Bus 20', 'L1');('LV4.101 Bus 21', 'L1');('LV4.101 Bus 22', 'L1');('LV4.101 Bus 23', 'L1');('LV4.101 Bus 24', 'L1');('LV4.101 Bus 25', 'L1');('LV4.101 Bus 26', 'L1');('LV4.101 Bus 28', 'L1');('LV4.101 Bus 29', 'L1');('LV4.101 Bus 3', 'L1');('LV4.101 Bus 30', 'L1');('LV4.101 Bus 31', 'L1');('LV4.101 Bus 32', 'L1');('LV4.101 Bus 33', 'L1');('LV4.101 Bus 34', 'L1');('LV4.101 Bus 35', 'L1');('LV4.101 Bus 36', 'L1');('LV4.101 Bus 37', 'L1');('LV4.101 Bus 38', 'L1');('LV4.101 Bus 39', 'L1');('LV4.101 Bus 4', 'L1');('LV4.101 Bus 40', 'L1');('LV4.101 Bus 41', 'L1');('LV4.101 Bus 42', 'L1');('LV4.101 Bus 43', 'L1');('LV4.101 Bus 44', 'L1');('LV4.101 Bus 5', 'L1');('LV4.101 Bus 6', 'L1');('LV4.101 Bus 7', 'L1');('LV4.101 Bus 8', 'L1');('LV4.101 Bus 9', 'L1');('MV1.101 Bus 52', 'L1');('metainfo', 'in the first', 'few indices')
2016-09-10 00:00:00;0.9999392669334121;1.0;0.9999771164643377;0.9999405129211018;0.9999913010293353;0.9999431488082731;1.0001397694522416;0.9999543322749899;0.9999787050439555;0.9999677332388491;1.0;0.9999581617233495;0.9999658117394197;0.999950516254409;1.0;0.9999739799570005;0.9999712840356517;0.9999903314272849;0.999978491435676;0.9999645444737579;0.9999411466574515;0.9999955489968415;0.9999719247812057;1.0;1.0001962862498524;0.999950009847597;1.0;0.9999512821615469;1.0;0.9998433923976767;1.0;0.9998298712547797;1.0;0.9998837657975747;1.0;0.9995677045920858;0.9995503480598182;0.9995416252444188;1.0;0.9999971364161795;0.9999451307590831;0.9999688944500599;0.9999615238176507;1.024999976158142;simulation#2488
2016-09-10 00:15:00;0.9999454747646681;1.0;0.9999805222862999;0.9999467983931687;0.9999914938825942;0.9999495577800411;1.0001374836747041;0.9999589564625234;0.9999805841175545;0.9999724160285792;1.0;0.9999674832011145;0.9999729557132765;0.9999572713157986;1.0;0.9999750699930908;0.9999725846669787;0.9999901918168682;0.9999811419587672;0.9999676122388286;0.9999450912201046;0.9999959528819047;0.9999731467390417;1.0;1.0001931632726084;0.9999531477912845;1.0;0.9999573030857771;1.0;0.9998400579860948;1.0;0.9998403497291797;1.0;0.9998955828913245;1.0;0.9995912021920648;0.999577166766261;0.9995700309912006;1.0;0.9999974683127545;0.9999483616476923;0.9999725065153233;0.9999701822322581;1.024999976158142;comment data format: active and reactive powers in Watts
2016-09-10 00:30:00;0.9999462162096867;1.0;0.9999805313927449;0.999948630464437;0.9999910167096572;0.9999512231758697;1.0001370329096027;0.9999628029285077;0.9999813360249992;0.999972283536838;1.0;0.999962640812876;0.9999685114178845;0.9999591814377375;0.9999999999999999;0.9999799550279193;0.9999777139399467;0.9999894264882973;0.9999807663059448;0.9999684352916275;0.9999452653139416;0.9999961738937237;0.9999781916003818;1.0;1.0001924590667595;0.9999544431878035;1.0;0.9999585331751785;1.0;0.9998517177431699;1.0;0.9998342903199628;0.9999999999999999;0.9998945413253342;0.9999999999999999;0.9995734854243479;0.9995578202468601;0.9995486847207367;1.0;0.9999972359432681;0.999948900899642;0.9999729928163534;0.9999653688755183;1.024999976158142;step time in minutes: 15
2016-09-10 00:45:00;0.9999403551837052;1.0;0.9999802743034233;0.9999439270766579;0.999990883968954;0.9999478280765709;1.0001353894949279;0.9999608230311227;0.9999823401518381;0.9999697264645362;1.0;0.999956847563761;0.9999631777599827;0.9999564064550419;0.9999999999999999;0.9999767925377376;0.9999743630245811;0.9999888143307593;0.999978661427223;0.9999667744601768;0.9999383035110142;0.9999969084809124;0.9999748566057555;0.9999999999999999;1.0001903164024541;0.9999491990499078;1.0;0.9999554933750304;0.9999999999999999;0.9998584052823075;1.0;0.9998389173312019;1.0;0.9998948479480466;1.0;0.9995871201557764;0.9995709120309606;0.999561776385184;1.0;0.9999971566619926;0.999942468575798;0.9999728212958192;0.9999597469598085;1.024999976158142;start time of simulation: 2016-09-10 00:00:00+00:00
2016-09-10 01:00:00;0.9999507893055379;1.0;0.9999835137249576;0.9999536405743054;0.9999920200976758;0.9999566930201311;1.0001326081512576;0.999967349853143;0.9999845842513214;0.9999752468940968;1.0;0.9999633083385644;0.9999688820223016;0.9999641535198787;1.0;0.9999809800509678;0.9999789571827673;0.9999902491147354;0.9999824753363803;0.9999719988387092;0.9999487462338219;0.999997149082238;0.9999793648007258;1.0;1.0001863143842171;0.9999576628436219;1.0;0.9999632295787586;1.0;0.9998683984373277;1.0;0.9998396363239404;1.0;0.9999007754799192;1.0;0.9995850572044681;0.999570411385411;0.9995624820261676;1.0;0.9999975861057124;0.999952090879557;0.9999769824792109;0.9999660073584398;1.024999976158142;end time of simulation: 2016-09-24 00:00:00+00:00
2016-09-10 01:15:00;0.9999546046595202;1.0;0.9999839580710622;0.9999557718527758;0.9999928720329426;0.9999581499649545;1.0001292227813754;0.9999659223615353;0.9999839192127005;0.999977184927374;1.0;0.9999708538006746;0.9999758990049954;0.9999646627863422;1.0;0.9999790669859423;0.9999769941821716;0.999991727685096;0.9999843374930629;0.9999730549427734;0.9999540405575911;0.999996674344985;0.999977458863953;1.0;1.0001815172096225;0.999960792736469;1.0;0.9999646208914289;1.0;0.9998867194058788;1.0;0.999844532476171;1.0;0.9999065439262438;1.0;0.999595658819314;0.9995805431166892;0.9995714073828884;1.0;0.9999978999784837;0.9999567382956278;0.9999772638339882;0.9999734082890854;1.024999976158142;"[""terminal(s) with malfunction: ['LV4.101 Bus 34']"", 'type of malfunction: EVSE without P(U) control']"
2016-09-10 01:30:00;0.9999605800030255;1.0;0.9999847474444001;0.999960551555907;0.999993609764408;0.9999619263257286;1.0001259780186136;0.9999677895642605;0.9999839110995009;0.9999798357897373;1.0;0.9999753369526624;0.9999803169852525;0.9999673955605112;0.9999999999999999;0.9999809897853201;0.9999790838232268;0.999993012442213;0.9999865743630302;0.9999753940483181;0.9999613379031839;0.9999963048855801;0.9999795429987486;1.0;1.000176840273993;0.9999662464041259;1.0;0.9999678799771577;1.0;0.9998954522995418;1.0;0.9998600047320121;1.0;0.9999075891172791;1.0;0.999641511667543;0.999627005783398;0.9996186633000324;0.9999999999999999;0.9999981246261633;0.9999634958917778;0.9999783187226862;0.9999778914525256;1.024999976158142;terminals with PVs: ['LV4.101 Bus 4', 'LV4.101 Bus 41', 'LV4.101 Bus 22', 'LV4.101 Bus 10', 'LV4.101 Bus 19', 'LV4.101 Bus 34', 'LV4.101 Bus 36', 'LV4.101 Bus 31', 'LV4.101 Bus 5', 'LV4.101 Bus 38']
2016-09-10 01:45:00;0.9999643016716578;1.0;0.9999869470645689;0.9999648627270409;0.9999944402090478;0.9999665190479267;1.000125207545368;0.9999723272177143;0.9999868086803425;0.9999818668408873;1.0;0.9999726425730161;0.9999780257132169;0.9999714683478118;0.9999999999999999;0.9999832149946827;0.9999815514409165;0.9999937050748198;0.9999877277911864;0.9999785288019232;0.9999644164398283;0.9999971638356391;0.9999819372263571;1.0;1.0001757678595777;0.9999694016508439;1.0;0.999971675127746;0.9999999999999999;0.9999021472953488;1.0;0.9998495783978897;0.9999999999999999;0.9999025750185754;0.9999999999999999;0.9996134334847537;0.9995980005489314;0.9995892773176813;1.0;0.9999983456543444;0.999966500442611;0.9999815596508028;0.999975397462585;1.024999976158142;terminals with EVSE: ['LV4.101 Bus 16', 'LV4.101 Bus 17', 'LV4.101 Bus 15', 'LV4.101 Bus 20', 'LV4.101 Bus 19', 'LV4.101 Bus 34', 'LV4.101 Bus 23', 'LV4.101 Bus 12', 'LV4.101 Bus 31', 'LV4.101 Bus 5']
2016-09-10 02:00:00;0.9999685485884371;1.0;0.9999875393036004;0.9999691086204178;0.9999953181149546;0.9999701792091201;1.0001220436627438;0.9999762808767172;0.9999883797573816;0.9999829462773322;1.0;0.9999714416558729;0.9999772222811477;0.9999739176351007;1.0;0.9999874986863614;0.9999861237033518;0.9999949046807449;0.9999887381718615;0.9999813695638262;0.9999699628633426;0.9999974637213659;0.9999864561812715;1.0;1.0001711866294807;0.999974535239793;1.0;0.9999743903726859;0.9999999999999999;0.9999212301187982;1.0;0.9998549803144925;1.0;0.9999101842614501;1.0;0.9996243460697983;0.9996101394510538;0.9996025907713049;0.9999999999999999;0.9999984229743153;0.9999720935448403;0.9999832177920224;0.999974094546568;1.024999976158142;
2016-09-10 02:15:00;0.9999723767995754;1.0;0.9999910734727598;0.999972435649586;0.999997680217986;0.9999745128109462;1.000119343928437;0.9999774816736339;0.9999925635506625;0.9999857185500299;1.0;0.99997504458571;0.9999805088669009;0.9999768306070945;0.9999999999999999;0.9999829931220116;0.9999816120084439;0.9999974674536702;0.9999907033748557;0.9999852453152631;0.999973816982556;0.9999988201030504;0.999981960166813;0.9999999999999999;1.0001675468929598;0.9999770964283701;1.0;0.9999780099702082;0.9999999999999999;0.9999400842755173;0.9999999999999999;0.999849406979535;1.0;0.9999098228680339;1.0;0.9996076462551915;0.9995926279619609;0.9995839047775957;1.0;0.9999991579593551;0.9999754160169596;0.9999879817926141;0.9999776684410325;1.024999976158142;
2016-09-10 02:30:00;0.9999750713212903;1.0;0.9999923824667502;0.9999755806667177;0.999997740029872;0.9999776582386776;1.0001190894132115;0.9999808142034126;0.9999938142050554;0.9999873411347339;0.9999999999999999;0.9999751464434785;0.9999803454914296;0.9999800324691555;1.0;0.9999853314174375;0.999984133336418;0.999997335767252;0.9999915438574984;0.9999869354262391;0.9999756469824657;0.9999991390837185;0.999984419950365;1.0;1.0001671853861351;0.9999790464817675;1.0;0.9999807575944656;0.9999999999999999;0.9999387854700463;0.9999999999999999;0.9998508836816621;1.0;0.9999028511147049;1.0;0.9996168910944225;0.9996029960658822;0.9995954474400773;1.0;0.999999214506219;0.9999771506247948;0.9999896899254697;0.9999777009428551;1.024999976158142;
2016-09-10 02:45:00;0.9999750200337949;1.0;0.9999922266464101;0.9999762860911681;0.9999965743767333;0.9999781861849568;1.0001159810564515;0.9999827828400562;0.9999930709430023;0.999987605332188;1.0;0.9999714700377582;0.9999770305924143;0.9999815863932562;0.9999999999999999;0.9999883455762508;0.9999872596676226;0.9999957548814109;0.9999912958872035;0.9999863285100289;0.9999741766846484;0.9999988868619176;0.9999874876788176;1.0;1.000162816805229;0.9999784269493004;1.0;0.9999814276027944;1.0;0.9999642856436938;1.0;0.9998509501571352;1.0;0.9999039452067345;1.0;0.9996162181800561;0.9995998010793824;0.999590284180472;1.0;0.9999989520950979;0.9999757931172779;0.9999891638872069;0.9999743426765988;1.024999976158142;
2016-09-10 03:00:00;0.9999700968748098;1.0;0.9999907217273747;0.9999714460448331;0.9999957350454002;0.9999736954378738;1.0001150056168069;0.9999788365482113;0.9999912671779582;0.9999854299901586;1.0;0.9999709641824809;0.9999764377945121;0.9999779746848492;0.9999999999999999;0.9999854171904247;0.99998407855413;0.9999947363532387;0.9999897321857708;0.999983291154659;0.9999688499744099;0.9999985143447726;0.9999843604414828;1.0;1.0001615264359078;0.9999737600610666;1.0;0.999977741939879;1.0;0.9999735079786072;1.0;0.9998537899580081;1.0;0.9999103485753433;1.0;0.9996203537072068;0.9996041450435145;0.9995950090940025;0.9999999999999999;0.999998756863294;0.9999706734006052;0.9999867955766409;0.9999738636194598;1.024999976158142;
2016-09-10 03:15:00;0.99996956137612;1.0;0.9999901542252508;0.9999706632931737;0.9999966560110605;0.9999729023861978;1.0001156928815154;0.9999780806176003;0.999992009027594;0.9999841970493059;0.9999999999999999;0.9999707348317056;0.9999763990418282;0.9999761121837056;1.0;0.9999849972415354;0.9999836459086212;0.9999960296056231;0.9999893205506117;0.9999838345872741;0.9999700471280726;0.9999987799851183;0.9999839572360428;1.0;1.0001624338598145;0.9999747870093927;1.0;0.9999766079265134;1.0;0.9999725220799021;0.9999999999999999;0.9998519745227245;1.0;0.9999115588403291;1.0;0.9996140499427184;0.9995986224794494;0.9995894865804112;0.9999999999999999;0.9999988298559825;0.9999720904685859;0.9999868502134781;0.9999733877205257;1.024999976158142;
2016-09-10 03:30:00;0.9999705811008444;1.0;0.9999900733307786;0.9999709718464536;0.9999972190085533;0.9999729732264792;1.0001160811407084;0.9999770938178288;0.9999918964555448;0.9999844375694873;1.0;0.9999720573423596;0.9999779474387809;0.9999755404016385;1.0;0.9999839740155819;0.9999825859423394;0.9999969342085137;0.9999898163094084;0.9999842441273505;0.9999721389601136;0.9999986642828685;0.9999829308798869;0.9999999999999999;1.000162945569504;0.9999760385352856;1.0;0.9999765914273463;0.9999999999999999;0.9999663283891806;1.0;0.9998530213558211;1.0;0.9999075042575828;1.0;0.9996200070373434;0.9996046585612449;0.9995959352718919;1.0;0.9999989615166207;0.9999740135592992;0.99998685429578;0.9999747854306917;1.024999976158142;
2016-09-10 03:45:00;0.9999797156816941;1.0;0.9999930102453857;0.9999801315987464;0.9999975495506781;0.9999813803871723;1.0001151699973727;0.9999845838316871;0.9999937957440416;0.9999894644546682;1.0;0.9999747896510466;0.9999802808942229;0.9999836249532257;1.0;0.9999898413124955;0.9999889065442954;0.9999972157557294;0.9999929651265966;0.9999886859063394;0.9999802418659275;0.9999988587034375;0.9999891288760286;1.0;1.000161575584298;0.9999831130877516;0.9999999999999999;0.9999840228047787;1.0;0.999966798383767;1.0;0.9998567938799411;1.0;0.9999070215617025;1.0;0.9996317150435582;0.9996168923316854;0.9996089626037197;1.0;0.9999991824563738;0.9999815183715092;0.9999904995453073;0.9999775445465307;1.024999976158142;
2016-09-10 04:00:00;0.9999739377658118;1.0;0.9999916899561995;0.9999747234507897;0.9999967767103164;0.9999766314310046;1.0001165265829322;0.999980625662184;0.9999925014183667;0.9999869639668497;1.0;0.9999729504021981;0.9999784601013687;0.9999798234991236;0.9999999999999999;0.9999863758280318;0.9999851690490333;0.9999961503048034;0.9999910809330437;0.9999856187725977;0.9999737695628566;0.9999987310475568;0.9999854423742891;1.0;1.0001635900312658;0.9999776487833759;1.0;0.9999800750839406;1.0;0.9999644471764966;1.0;0.9998568093428022;1.0;0.999908638729119;1.0;0.9996306596434649;0.9996159101760983;0.9996083614527712;1.0;0.9999989978079148;0.9999753467140531;0.9999884369973713;0.9999757746486738;1.024999976158142;
2016-09-10 04:15:00;0.9999810117773643;1.0;0.9999928579658606;0.999981004749727;0.9999975145795486;0.9999818471840111;1.000116330425994;0.999984579492713;0.9999931996454143;0.9999899962895953;1.0;0.9999763633514747;0.9999818005574895;0.9999839518571163;1.0;0.9999903888932249;0.9999894767253623;0.9999973416375537;0.9999934641921436;0.9999888287202257;0.9999819390903951;0.9999985513862947;0.9999897043942544;1.0;1.0001631559476503;0.999984281375657;1.0;0.9999844778898336;1.0;0.9999647394882815;0.9999999999999999;0.9998582265869121;1.0;0.9999121719139606;1.0;0.9996325152506714;0.9996170820202477;0.9996083586224784;1.0;0.999999188226669;0.9999830635766188;0.9999902047010456;0.9999791182512943;1.024999976158142;
2016-09-10 04:30:00;0.999975068296407;1.0;0.9999915916472466;0.9999751730745691;0.999997790092667;0.9999768770052548;1.0001154471446996;0.999979953990277;0.9999930580629629;0.9999868479897548;1.0;0.999974418390639;0.9999800836626037;0.9999789397749222;1.0;0.9999856083695694;0.999984394286514;0.9999976279152093;0.9999914723345443;0.9999866014146936;0.9999765940384379;0.9999988378609683;0.9999847020808899;1.0;1.0001620201242114;0.999979655017457;1.0;0.9999799888837605;1.0;0.999965885127726;1.0;0.9998597186597646;1.0;0.9999102716594748;1.0;0.9996383097959081;0.9996239562699657;0.9996164074858774;0.9999999999999999;0.9999991702979256;0.9999781170683097;0.9999888205648537;0.9999771174405016;1.024999976158142;
2016-09-10 04:45:00;0.9999726632866994;1.0;0.9999915080350372;0.9999735350494455;0.9999972811940662;0.9999757380277384;1.0001151727483812;0.9999798935672926;0.9999932114896675;0.9999859786159688;1.0;0.9999724729856448;0.999977990252238;0.9999784887829942;0.9999999999999999;0.9999853376424342;0.9999840853749846;0.999996745164683;0.9999905448210086;0.9999856924633093;0.999973102919145;0.9999990545753288;0.9999843769952244;1.0;1.0001617043379651;0.9999771851369619;1.0;0.9999790652091248;1.0;0.9999715540684226;1.0;0.9998527726621733;1.0;0.9999097570728992;1.0;0.9996176921630225;0.9996022646435418;0.9995931287112158;1.0;0.9999990465856009;0.9999748659581341;0.9999886119600391;0.9999751258790761;1.024999976158142;
2016-09-10 05:00:00;0.9999708500583708;1.0;0.9999906245661271;0.999972293696222;0.9999966500193986;0.9999744665306696;1.0001167530319863;0.9999801181696151;0.9999926583952041;0.9999847692062941;1.0;0.9999682326539899;0.9999743179862166;0.9999776582756512;0.9999999999999999;0.9999869135544871;0.9999856846068929;0.9999959300772437;0.9999895899085006;0.9999847222007261;0.999971039772583;0.9999989461637576;0.9999859572016335;1.0;1.0001638956822914;0.9999759906494883;0.9999999999999999;0.9999779007738908;1.0;0.9999689002076895;1.0;0.9998507201743179;1.0;0.9999051924895599;1.0;0.9996146456642659;0.9995985837979228;0.9995894478992381;1.0;0.9999988122438077;0.9999731189047293;0.9999876083295857;0.9999710859318997;1.024999976158142;
2016-09-10 05:15:00;0.9999695611316205;1.0;0.9999899518605314;0.999970834313843;0.9999967731739129;0.9999730125621089;1.0001158625076112;0.9999787102784883;0.9999923122689509;0.9999838094783161;1.0;0.9999679518023055;0.9999741837172138;0.9999759956334999;1.0;0.9999860327768603;0.9999847326861542;0.9999961865862339;0.9999891138939387;0.9999841210801432;0.9999704048167406;0.9999988779084446;0.9999850333341145;0.9999999999999999;1.000162637406838;0.9999753509468625;1.0;0.9999765369050111;1.0;0.9999706103426939;1.0;0.9998573188803419;1.0;0.9999133036931996;0.9999999999999999;0.9996289810761364;0.999613621128908;0.9996052787572453;1.0;0.9999987892618595;0.9999725933248583;0.9999869061934473;0.9999707760346634;1.024999976158142;
2016-09-10 05:30:00;0.9999699437373158;1.0;0.9999895866068778;0.9999707247205556;0.9999966661745382;0.9999725997724481;1.0001167284727874;0.9999777305540223;0.9999914054793945;0.9999839922933313;0.9999999999999999;0.9999705311590878;0.9999764795397764;0.9999755694047121;1.0;0.9999856094935843;0.9999842680374009;0.999996231262675;0.999989381431797;0.9999837083022739;0.9999711533865971;0.9999985157718503;0.9999845901947519;1.0;1.0001638279067089;0.9999755895932547;1.0;0.9999762812080737;1.0;0.9999701039358558;1.0;0.9998388556779413;1.0;0.999904052100587;1.0;0.9995796332664172;0.9995645784659631;0.9995562365035907;1.0;0.9999987904598961;0.9999731924569659;0.9999862285312291;0.9999732592432562;1.024999976158142;
2016-09-10 05:45:00;0.999961539491021;1.0;0.9999873868829041;0.9999630854749749;0.9999963771971304;0.9999659357241175;1.0001178416623386;0.9999730042010243;0.9999908736136454;0.9999793019120651;1.0;0.9999653941376436;0.999971787464594;0.9999692894003086;0.9999999999999999;0.999981937179449;0.9999802920101593;0.9999957507918675;0.9999862052711287;0.9999803743565785;0.9999631077227055;0.9999987887493934;0.9999806805841435;1.0;1.0001654818632906;0.9999692737272466;1.0;0.9999702266301083;1.0;0.9999682514536617;1.0;0.999843187438;1.0;0.9999052173890143;1.0;0.9995919070642819;0.9995777009065591;0.9995701524717738;0.9999999999999999;0.9999985424911487;0.9999659233349667;0.9999838365766321;0.9999680470122951;1.024999976158142;
2016-09-10 06:00:00;0.9999661811542093;1.0;0.9999884208470804;0.99996731822258;0.9999965847455345;0.9999695581160657;1.0001169842375277;0.9999757410073211;0.9999911763572559;0.9999816856099403;1.0;0.9999672485177855;0.9999736283835002;0.9999725747034994;0.9999999999999999;0.9999843941369893;0.9999829339868714;0.9999961100158642;0.9999878743990117;0.9999822767458804;0.9999678059386409;0.9999986344788805;0.9999832845558733;1.0;1.0001642075822927;0.9999730514660528;0.9999999999999999;0.9999734467501119;1.0;0.9999705370904902;0.9999999999999999;0.9998459057061033;1.0;0.9999066182054421;1.0;0.9995991417433547;0.9995846125762128;0.9995770640892332;0.9999999999999999;0.9999986577791931;0.9999702501967813;0.9999850622964528;0.999970003392494;1.024999976158142;
2016-09-10 06:15:00;0.9999707508681599;1.0;0.9999901396969753;0.9999712257952613;0.9999977589613078;0.9999733032946749;1.0001198422420676;0.9999776158180547;0.9999927898912376;0.9999840715647093;0.9999999999999999;0.9999692607888904;0.9999758032156081;0.9999753118143326;1.0;0.9999843127839942;0.9999829653782243;0.999997596783855;0.999989706369071;0.9999849914014014;0.9999729620974758;0.9999989669374753;0.9999833082218977;1.0;1.0001681920269037;0.9999769237405974;1.0;0.9999766180542468;1.0;0.9999706622417968;1.0;0.999845420756343;1.0;0.9999047995539425;1.0;0.9995989285965593;0.9995827202802713;0.9995735845265724;1.0;0.9999990146102131;0.9999749731938999;0.999987415927421;0.9999721602209302;1.024999976158142;
2016-09-10 06:30:00;0.9999790240566594;0.9999999999999999;0.9999927998882379;0.9999799218745722;0.999998041403777;0.9999813411602997;1.0001238426427814;0.9999855896816284;0.9999950010091091;0.9999883702987428;1.0;0.9999711033680784;0.9999771252613487;0.999983014980039;1.0;0.9999910415734199;0.9999901796216578;0.9999977581673457;0.9999923189643223;0.9999893717998352;0.9999802504212101;0.9999993156097279;0.999990386355115;1.0;1.0001736928038958;0.9999837119594482;1.0;0.999983580278431;1.0;0.9999715513735191;1.0;0.9998322078763144;1.0;0.9998659143629214;1.0;0.9995857873824766;0.9995713429679866;0.999563794581214;1.0;0.9999991531824075;0.9999818890296446;0.9999909886758078;0.9999738314538078;1.024999976158142;
2016-09-10 06:45:00;0.9999677518580506;1.0;0.9999895587891423;0.9999689412632651;0.9999970650239575;0.9999713987446769;1.0001248209862375;0.9999770194392035;0.9999924179891932;0.9999827528497565;1.0;0.9999680148492424;0.9999742363126849;0.9999741750040253;1.0;0.9999841850479756;0.999982779138996;0.9999965596443505;0.9999885219378901;0.9999835658469941;0.9999690680074618;0.9999990113528209;0.9999831132991188;1.0;1.0001752209028039;0.9999741071956794;1.0;0.999975029052445;1.0;0.9999581874938865;1.0;0.9998512205855048;1.0;0.9998821669905725;0.9999999999999999;0.9996320371685342;0.9996160780038125;0.999606560949934;1.0;0.9999988233016134;0.9999713747256121;0.999986562441506;0.9999707429265459;1.024999976158142;
2016-09-10 07:00:00;0.9999588833382573;1.0;0.9999870005220799;0.9999604913788013;0.9999963217719317;0.9999637815150964;1.00012868763413;0.9999708398958764;0.9999906465417554;0.9999781923684478;1.0;0.9999650852520625;0.9999714411294826;0.9999673660232352;1.0;0.9999794529325906;0.9999776552334934;0.9999956157222704;0.9999854204624183;0.999979195956723;0.9999602909186422;0.9999988674336338;0.9999780783220438;1.0;1.0001807520099173;0.9999667724126887;0.9999999999999999;0.9999684019105952;1.0;0.9999536000333256;1.0;0.9998211957694301;1.0;0.9998522676275222;1.0;0.9995620511798515;0.9995460140569489;0.9995360850281383;1.0;0.99999853778293;0.999963210896929;0.9999832249663566;0.9999677381258943;1.024999976158142;
2016-09-10 07:15:00;0.9999609557274479;0.9999999999999999;0.9999851337182727;0.9999623487866094;0.9999951476107628;0.9999641345933369;1.0001286368503972;0.9999726495354783;0.999988052953831;0.9999781594250712;0.9999999999999999;0.9999541681349395;0.9999634826303151;0.9999679423958887;1.0;0.9999856029057128;0.9999840153681383;0.9999946422321249;0.9999855991098527;0.9999785878936706;0.9999632558745609;0.9999977425140139;0.9999843972778073;1.0;1.0001804571798767;0.9999695945527157;1.0;0.999968696104508;1.0;0.9999529026354094;1.0;0.9998527326843247;1.0;0.9998845883648295;0.9999999999999999;0.9996349499707567;0.9996158064267743;0.9996078767074227;1.0;0.999998129610392;0.9999662658559666;0.9999809015552525;0.9999582889965148;1.024999976158142;
2016-09-10 07:30:00;0.9999622741659137;1.0;0.9999871893337805;0.9999641092877662;0.9999963211492529;0.999966713855724;1.0001281884746849;0.9999746194307759;0.9999911146799794;0.9999791874948916;1.0;0.9999520137416436;0.999961640188599;0.9999698997239027;1.0;0.9999843534704559;0.9999828278035572;0.9999957023244184;0.9999861412074886;0.9999809088788267;0.9999641034785601;0.9999988169589926;0.9999831854934804;1.0;1.0001799183646256;0.9999705479068562;1.0;0.9999707302836676;1.0;0.9999555882013695;1.0;0.9998442458769484;1.0;0.9998834313321459;1.0;0.9996101276205523;0.9995892829823441;0.9995797661835732;1.0;0.9999984472150878;0.9999670765895734;0.9999839295449043;0.9999562865914923;1.024999976158142;
2016-09-10 07:45:00;0.9999603986193402;0.9999999999999999;0.9999865781394248;0.9999622534396002;0.9999967258457088;0.9999650795898801;1.0001285702284455;0.9999733003077462;0.9999914035470047;0.9999777610266185;1.0;0.9999599918400663;0.9999674581942355;0.9999678537637473;1.0;0.9999832468858753;0.9999816501473672;0.9999962388113817;0.9999853637712375;0.9999805333713632;0.9999630565781606;0.9999990157210327;0.99998203576067;1.0;1.0001804528421252;0.9999697322468574;1.0;0.9999690648074231;1.0;0.9999543599530841;1.0;0.9998643788176433;1.0;0.9998992822187267;1.0;0.9996599790566719;0.9996435388199206;0.9996340215045958;1.0;0.9999984505651034;0.999966265013291;0.999983566177044;0.9999628718937713;1.024999976158142;
2016-09-10 08:00:00;0.9999679496077607;1.0;0.9999890028305727;0.9999691914107308;0.9999973711302902;0.9999714052045424;1.0001285108787856;0.9999776859602614;0.9999926972852317;0.9999820310805638;1.0;0.9999663307885587;0.9999729071074853;0.9999736112142915;1.0;0.9999858222470445;0.9999844921655417;0.9999970556848694;0.99998825304824;0.9999840313181716;0.9999702984229577;0.9999990737017964;0.9999848197079706;1.0;1.0001803134694236;0.9999754390966302;0.9999999999999999;0.9999747208338604;0.9999999999999999;0.9999545117213818;0.9999999999999999;0.9998490234582725;0.9999999999999999;0.9998994033113258;1.0;0.9996135716679345;0.9995990721361532;0.9995911425495507;1.0;0.9999987673262889;0.9999728194739748;0.999986430430055;0.9999689836656949;1.024999976158142;
2016-09-10 08:15:00;0.9998672779839723;1.0;0.999949935140424;0.9998753916360719;0.9999915864134155;0.9998830186524882;1.0001447995978172;0.9999194559308722;0.9999749659960154;0.9999175733089565;0.9999999999999999;0.9998887319355971;0.9999060575278528;0.9998877605367312;1.0;0.9999621171189766;0.999957619422873;0.99999130161498;0.9999472027278768;0.999939038977388;0.9998847027736293;0.9999978166136315;0.9999587818215043;0.9999999999999999;1.0002031517126626;0.99990968841514;1.0;0.9998932275809211;1.0;0.9999533417959515;1.0;0.9998541987962709;1.0;0.9998886674374341;1.0;0.9996365661338702;0.9996209975604187;0.9996122741284795;1.0;0.9999941390126847;0.9998979704845998;0.9999441663273722;0.999891529146823;1.024999976158142;
2016-09-10 08:30:00;0.9999541996503999;1.0;0.9999831834486196;0.999956509248365;0.9999962216405832;0.9999592105662086;1.0001377321695817;0.9999701917587359;0.9999897649018739;0.9999729991118246;1.0;0.9999540544968804;0.9999624015897907;0.9999618846268915;0.9999999999999999;0.9999840496348207;0.9999823325708468;0.999995887846078;0.999982485586507;0.9999776221375792;0.999958658412307;0.999998700784892;0.999982760560287;1.0;1.00019319699799;0.9999667137243475;1.0;0.9999634697731006;0.9999999999999999;0.9999032145996448;1.0;0.9998556966820261;0.9999999999999999;0.9998945935195285;1.0;0.9996374389563709;0.9996213034957822;0.9996117863921534;1.0;0.9999980062867216;0.9999627417685922;0.9999800912145945;0.9999568383795884;1.024999976158142;
2016-09-10 08:45:00;0.9999731852041203;0.9999999999999999;0.9999905956123978;0.999974518764737;0.9999973087851664;0.9999762274597596;1.0001383218689537;0.9999821665926372;0.9999935006463231;0.9999849749188863;1.0;0.9999682087533501;0.9999744132572481;0.9999784500779467;0.9999999999999999;0.9999896490905735;0.9999885907953127;0.9999969029588601;0.999990035610045;0.9999863736026601;0.9999747090519626;0.9999990810913268;0.9999888405508012;1.0;1.000194005804607;0.9999793597930967;1.0;0.9999790418365703;0.9999999999999999;0.9998891049511244;1.0;0.9998340271681764;1.0;0.9998794343233411;0.9999999999999999;0.999582651464715;0.9995670230728264;0.9995575064859856;1.0;0.9999988415497777;0.9999768889514841;0.9999883031701391;0.9999708325907363;1.024999976158142;
2016-09-10 09:00:00;0.9999600073160362;1.0;0.9999874914420924;0.999962654823744;0.9999959271447755;0.9999659190289631;1.000136796242036;0.9999747027847202;0.9999916354774943;0.999978596896895;1.0;0.9999614632710294;0.9999679812604408;0.9999698206534829;1.0;0.9999836064290882;0.9999820372296754;0.9999948886302268;0.9999853445887205;0.9999802278860657;0.9999604966344567;0.9999991686642467;0.9999823769368636;1.0;1.0001920778206477;0.9999679539578538;1.0;0.9999701385951953;1.0;0.9999001260919569;1.0;0.9998286186833485;1.0;0.9998703701694702;0.9999999999999999;0.9995724422947375;0.9995573328891223;0.9995486100127682;1.0;0.9999983810415917;0.9999636667111086;0.9999841589362118;0.9999641161352524;1.024999976158142;
2016-09-10 09:15:00;0.9999555813946016;1.0;0.9999852694515919;0.9999575354813023;0.9999954791758355;0.9999607117304413;1.0001345712177923;0.999969324160967;0.9999891412267837;0.9999760901605312;1.0;0.9999619848595706;0.9999687246889942;0.9999648472877959;1.0;0.9999801437122056;0.9999782779694165;0.9999946688538696;0.99998397496629;0.999977117371703;0.999957119885016;0.9999984829447373;0.9999787116348956;1.0;1.0001889688897272;0.9999644485647764;1.0;0.999965703745014;1.0;0.9999111978347891;1.0;0.9998522972406421;1.0;0.9998874172885605;1.0;0.9996320038156672;0.9996166551553666;0.9996079317613225;1.0;0.9999982316864751;0.9999604102733867;0.9999810533573188;0.9999647129204232;1.024999976158142;
2016-09-10 09:30:00;0.9999539837337429;1.0;0.9999833007172958;0.9999553853822002;0.9999943097401971;0.9999578421655946;1.0001384691808857;0.9999666932526463;0.9999859636448005;0.9999751354264104;1.0;0.9999631866155295;0.9999699480585137;0.9999626656992388;1.0;0.999980386899221;0.9999784094886596;0.9999936020999534;0.9999834712440029;0.9999745747392568;0.999955860466671;0.999997393812014;0.9999788797111877;1.0;1.0001943694988247;0.9999629719412485;0.9999999999999999;0.9999634928254987;1.0;0.9998823394417158;0.9999999999999999;0.9998451832767818;1.0;0.9998793671257693;1.0;0.9996163862186425;0.9996013438952143;0.9995934142905906;1.0;0.9999979494942827;0.9999591189126412;0.9999779877502867;0.9999660108344292;1.024999976158142;
2016-09-10 09:45:00;0.9999667048906001;1.0;0.9999889871334585;0.9999687864108057;0.9999955971698785;0.9999710762241701;1.0001357814662406;0.9999785661750422;0.9999912276697889;0.9999825030791315;0.9999999999999999;0.9999659914707993;0.9999720036040403;0.9999751348624737;1.0;0.9999872890716973;0.9999859712026385;0.999994606086509;0.999987875904736;0.9999823057684836;0.999966458102984;0.9999986522855169;0.9999862481632437;1.0;1.000190572004917;0.9999726233684338;0.9999999999999999;0.9999749919230495;1.0;0.9998942751906174;1.0;0.9998597771235572;1.0;0.9998931311208749;1.0;0.9996507727577766;0.9996357168858815;0.9996273743298164;1.0;0.9999984737550157;0.9999689675157645;0.9999854467657253;0.9999687195425827;1.024999976158142;
2016-09-10 10:00:00;0.9999510282929016;1.0;0.9999828761048031;0.9999532005003648;0.9999943009409648;0.99995620395406;1.000139760747377;0.999966423777928;0.9999866767278279;0.9999733986517536;1.0;0.9999598339543576;0.9999667679025177;0.9999611458650778;1.0;0.9999801337232442;0.9999781225565116;0.9999933910669498;0.9999821620298811;0.9999739739885489;0.9999527346284444;0.9999978240995124;0.9999785874726601;1.0;1.0001962175654293;0.9999609485732118;1.0;0.9999618509580455;1.0;0.9998826512960098;1.0;0.9998296544159259;1.0;0.9998754542508358;1.0;0.9995721925533239;0.9995568448113841;0.9995481219392893;1.0;0.9999978470331975;0.999956420573997;0.9999778491070058;0.9999625620093423;1.024999976158142;
2016-09-10 10:15:00;0.9999536972007053;1.0;0.9999854207341853;0.9999561875426298;0.9999954409120716;0.9999599024592163;1.000139026413387;0.9999690693401944;0.9999897633159174;0.9999753785836096;1.0;0.9999603761255046;0.999967082381225;0.9999643031270822;1.0;0.9999791833540964;0.99997727003236;0.999994402398028;0.9999832954334695;0.9999767396944834;0.9999546163503679;0.999998836163699;0.9999777002063461;1.0;1.0001952796754112;0.99996264436822;1.0;0.99996497693209;1.0;0.9998839960500182;0.9999999999999999;0.9998333144195535;1.0;0.9998633489460153;1.0;0.9995915629006535;0.9995769169862755;0.9995689875754248;1.0;0.9999982154215735;0.9999580948457644;0.9999812992136283;0.9999630751374654;1.024999976158142;
2016-09-10 10:30:00;0.9999304626893111;1.0;0.9999787593090751;0.9999362111119712;0.9999909351454727;0.9999418820007503;1.0001428830412085;0.9999587329136248;0.999984290902522;0.9999640356557847;0.9999999999999999;0.9999460702612881;0.9999531833729568;0.9999507799587951;1.0;0.9999746503377643;0.9999720382431837;0.9999883017308533;0.9999744718101745;0.9999644718258102;0.9999280734871054;0.9999981873916396;0.9999725402925409;1.0;1.0002009546928408;0.9999422390058051;0.9999999999999999;0.9999496777255998;1.0;0.9998734866887475;1.0;0.9998358756293102;1.0;0.9998600536541574;1.0;0.9996016713819317;0.9995862386277035;0.9995775154990963;1.0;0.9999968701248131;0.999933536395822;0.9999720596180302;0.9999488250776513;1.024999976158142;
2016-09-10 10:45:00;0.9999479416029434;1.0;0.9999844262749472;0.999952216489592;0.9999935235126762;0.9999566595251485;1.000154006140586;0.9999689460946748;0.9999887818096731;0.9999731443396588;1.0;0.9999542800971849;0.9999610137342242;0.9999631137951943;0.9999999999999999;0.9999801553452791;0.9999781786227804;0.9999915717666521;0.999980956728103;0.9999737412504751;0.9999462212015102;0.9999988481165788;0.9999785614335471;1.0;1.0002163849746992;0.9999567476303792;0.9999999999999999;0.9999624296595689;1.0;0.9998034439751325;1.0;0.9998233232614478;1.0;0.9998250197920074;1.0;0.9995892581311313;0.9995736057359105;0.9995648827175474;1.0;0.9999977380193091;0.9999502871751347;0.9999795821292959;0.9999571042909297;1.024999976158142;
2016-09-10 11:00:00;0.9999020609983813;0.9999999999999999;0.9999655466104929;0.9999094058485957;0.9999891259591341;0.9999155856154731;1.0001565174577833;0.9999421480081372;0.9999777355708424;0.9999442585146671;1.0;0.9999217425818591;0.9999326701793186;0.9999245366759912;1.0;0.9999714614447197;0.9999680464772236;0.9999869491632937;0.9999623324058877;0.9999512292580061;0.9999060762191125;0.9999971946783628;0.9999687916048837;0.9999999999999999;1.0002198694597098;0.9999257337512469;0.9999999999999999;0.9999251296709285;1.0;0.9998137409513016;1.0;0.9998300384716133;0.9999999999999999;0.9998353440090717;1.0;0.9996020979049588;0.9995859193829474;0.9995764026162006;1.0;0.9999952911629321;0.9999148898316825;0.9999580250274975;0.9999245398854331;1.024999976158142;
2016-09-10 11:15:00;0.9998958259032218;1.0;0.9999652773492566;0.9999040313619787;0.9999902902954265;0.9999117465586147;1.000155651904132;0.9999393953037947;0.9999801635417932;0.9999406969536258;0.9999999999999999;0.999916454973935;0.9999279199440254;0.9999201425414325;0.9999999999999999;0.9999668977938632;0.9999632641741028;0.9999880139400302;0.9999599499010325;0.9999505481755856;0.9999003999592025;0.9999984414998928;0.9999640597953666;1.0;1.000218794554746;0.9999214815066935;1.0;0.9999212374237135;1.0;0.9998375054407331;1.0;0.9998346797627373;1.0;0.9998229589577894;1.0;0.9996242694078218;0.9996086950803488;0.9995995590892515;0.9999999999999999;0.9999954100923963;0.9999098974793073;0.9999586197123472;0.9999191538673475;1.024999976158142;
2016-09-10 11:30:00;0.9998688758437414;1.0;0.9999539091886032;0.9998785141604863;0.9999883396909586;0.999887168788101;1.000167998219289;0.9999229532225409;0.999973969635411;0.9999231707690059;1.0;0.9998959208572624;0.999910495188201;0.9998963996423327;1.0;0.9999612433882407;0.9999567456329821;0.9999862194999414;0.9999489255650374;0.9999376535290014;0.9998779766287057;0.9999975564298067;0.9999577793676468;1.0;1.0002360413878393;0.9999040527683863;0.9999999999999999;0.9998987021265587;1.0;0.9997934788654789;1.0;0.999838773694488;1.0;0.9998053971221219;1.0;0.9996496582283662;0.9996344616094391;0.9996265317421005;1.0;0.9999940629838212;0.9998902980450212;0.9999459694198051;0.9998987932790713;1.024999976158142;
2016-09-10 11:45:00;0.9998642788634733;1.0;0.9999500941224568;0.9998728313075621;0.9999857563143901;0.9998803667641837;1.0001645503872667;0.9999164583501068;0.9999672886362713;0.9999210967358859;1.0;0.9999006956756817;0.9999146870681466;0.9998915424048821;1.0;0.999959912271841;0.9999550878343554;0.9999836819668847;0.999947633650219;0.999931678857627;0.9998733452979373;0.9999953615487756;0.9999562106659992;1.0;1.000231156495964;0.9998991084798435;1.0;0.9998935632242851;1.0;0.9998091151761005;1.0;0.999844028543249;1.0;0.9998446253915831;1.0;0.9996378226666363;0.9996222242279357;0.9996138817844749;0.9999999999999999;0.9999935235339411;0.9998855279347895;0.999939575310987;0.9999035949089158;1.024999976158142;
2016-09-10 12:00:00;0.9998854505752692;1.0;0.9999592039430857;0.9998939324670144;0.9999881958201364;0.999901020018383;1.0001618135026178;0.9999326803670204;0.9999748703049789;0.9999336183620313;1.0;0.9999098561292514;0.999922338724262;0.999910508655747;1.0;0.999967618968392;0.9999636880553956;0.9999860111789507;0.9999555169843253;0.9999438170153261;0.9998918809114483;0.9999970115553425;0.9999645682623339;1.0;1.0002272950679605;0.9999148197227757;0.9999999999999999;0.9999117015926386;1.0;0.9998265577866494;1.0;0.9998315314876204;0.9999999999999999;0.9998192331100995;1.0;0.9996174916957067;0.999602436325062;0.9995940940467429;1.0;0.9999945482385262;0.9999024527467257;0.9999511389806325;0.9999125840478883;1.024999976158142;
2016-09-10 12:15:00;0.9998459132050304;1.0;0.9999456343043716;0.9998574428277835;0.9999881719947389;0.9998677717701419;1.000170071741684;0.9999108541999349;0.9999721247688216;0.9999078696644915;1.0;0.9998752043873258;0.9998927953786484;0.9998767533188025;0.9999999999999999;0.9999558247906314;0.9999506701394947;0.9999861804418332;0.9999392709829913;0.9999289070040104;0.9998592135891134;0.999998075743521;0.9999518855674759;1.0;1.000238946155793;0.9998900781239282;1.0;0.9998803164605083;1.0;0.9998005621452907;1.0;0.9998530325757632;1.0;0.9998206341899512;1.0;0.9996818386872839;0.9996658111905868;0.9996570873675708;0.9999999999999999;0.999993185457275;0.9998742200286304;0.9999379415919605;0.9998781460985205;1.024999976158142;
2016-09-10 12:30:00;0.9998356371387128;1.0;0.9999433913678991;0.9998490976295707;0.9999876505188359;0.9998608444996094;1.0001731033010957;0.9999079042461184;0.9999726323512705;0.9999020023006757;1.0;0.9998659263259766;0.9998840904120042;0.9998705830055519;1.0;0.9999540412286743;0.9999486712723423;0.9999851151011943;0.999934977045054;0.9999255357168024;0.9998485722308875;0.9999988457813959;0.9999499051636882;0.9999999999999999;1.0002433032643212;0.9998825700994207;1.0;0.9998738182324308;0.9999999999999999;0.9997965013479215;0.9999999999999999;0.9998300640091474;1.0;0.9997762618440597;1.0;0.9996434552759367;0.9996276608049982;0.9996185246405622;1.0;0.9999927841148069;0.999864814632036;0.9999359123900023;0.999868694431646;1.024999976158142;
2016-09-10 12:45:00;0.9998080957069826;1.0;0.9999353094955038;0.9998252572169545;0.9999842562737511;0.9998394518840901;1.0001802193643514;0.999896103503921;0.9999684836621673;0.9998868655643125;0.9999999999999999;0.999843309165113;0.9998635522247837;0.9998527272689399;0.9999999999999999;0.9999489325279642;0.9999428077296889;0.9999804138596321;0.9999239731306172;0.999912887539228;0.9998198176325132;0.9999988914783139;0.999944148407273;0.9999999999999999;1.0002535001925772;0.9998609297319797;1.0;0.999854792833021;1.0;0.9997992037403524;1.0;0.999820443373211;1.0;0.9997652259879203;0.9999999999999999;0.9996221025795242;0.9996052158586726;0.9995960798993737;1.0;0.9999914199763486;0.9998387965984286;0.9999261934718311;0.999846422112031;1.024999976158142;
2016-09-10 13:00:00;0.9998041815722334;1.0;0.9999328465435477;0.9998210524404733;0.9999840118998995;0.9998350705312097;1.000177194332018;0.999892216894723;0.9999667742557646;0.999884039907249;0.9999999999999999;0.9998429571305406;0.9998632761674728;0.9998479322457468;1.0;0.9999474896220388;0.9999411784629594;0.9999804469319816;0.9999225107838559;0.9999106447022781;0.999817533202014;0.9999984346126317;0.9999425875937789;1.0;1.0002492130486829;0.9998588888806836;1.0;0.9998507806240258;1.0;0.999775822545814;1.0;0.9998183351923219;1.0;0.9997854942052418;1.0;0.9996020945946513;0.9995861245738548;0.9995769887890421;1.0;0.9999911783244666;0.9998368908930602;0.9999234418322435;0.9998457810098732;1.024999976158142;
2016-09-10 13:15:00;0.9998807488482481;1.0;0.9999574285574921;0.9998895219836489;0.999989517350585;0.9998971353405478;1.000169274516036;0.9999301868115975;0.9999762666735591;0.9999294537252776;1.0;0.9999029182996395;0.9999167365291322;0.9999050815998363;1.0;0.9999660486348996;0.9999620060408412;0.9999877463720772;0.9999532908721525;0.9999434554285085;0.9998899064696715;0.9999977308466724;0.9999629446089672;1.0;1.0002377059703529;0.9999136995869422;1.0;0.9999074261216564;1.0;0.999780610959555;1.0;0.9998113671285878;1.0;0.9997300207385355;1.0;0.9996196830778792;0.999604426252316;0.9995957029649902;0.9999999999999999;0.9999945179839069;0.9999012903966936;0.9999504668670327;0.9999056171565149;1.024999976158142;
2016-09-10 13:30:00;0.9999414136687507;1.0;0.9999817861102219;0.9999454912483697;0.9999940772243419;0.9999503310595521;1.00016088153044;0.999963521740387;0.9999880982767548;0.9999685534083572;1.0;0.9999495152502078;0.9999573588619436;0.9999560299213913;1.0;0.9999764906978807;0.9999742243671568;0.999992508471089;0.9999784170296918;0.9999712622107918;0.9999420559811445;0.9999989131501206;0.9999747101657188;1.0;1.0002260125727993;0.9999531816096492;1.0;0.9999564087334271;1.0;0.9997658980085133;1.0;0.9998043826213235;1.0;0.9997554400957497;1.0;0.9995811634682977;0.9995652292275291;0.9995565062822656;0.9999999999999999;0.999997620085749;0.9999467666388472;0.9999770533325362;0.9999524281358498;1.024999976158142;
2016-09-10 13:45:00;0.9999100590092392;1.0;0.9999689613790977;0.9999160658741023;0.9999931798173286;0.9999224181034962;1.0001615429995505;0.9999452754741524;0.999983317102509;0.9999473078849456;1.0;0.9999240352695623;0.9999356727928694;0.9999277424515461;1.0;0.9999697266536822;0.999966512587342;0.9999920262967821;0.99996529369491;0.9999580452557313;0.999917300953308;0.999998749240616;0.9999672766409597;1.0;1.0002268540593384;0.9999344503193419;0.9999999999999999;0.9999301896389041;0.9999999999999999;0.9997970094880558;0.9999999999999999;0.9998058391778427;0.9999999999999999;0.999782971321721;1.0;0.9995656659310359;0.9995500984618007;0.9995413756485794;1.0;0.9999962186355301;0.9999256146204133;0.9999639492024627;0.9999268325795502;1.024999976158142;
2016-09-10 14:00:00;0.9999480205100546;1.0;0.9999812581493221;0.999951186739481;0.9999935157332711;0.999954114306232;1.0001586905319864;0.9999670758095892;0.9999861211044168;0.9999710288888375;0.9999999999999999;0.9999512978760468;0.9999595169016543;0.9999594636347862;1.0;0.9999832356022831;0.9999812924357508;0.9999923928618789;0.9999804389056326;0.9999726872528643;0.9999498070047828;0.9999977615455096;0.9999817245413348;1.0;1.000222682239478;0.9999595252800848;1.0;0.9999597680437435;1.0;0.9997722550578393;1.0;0.9998149613484528;0.9999999999999999;0.9998000283070181;1.0;0.9995817778641974;0.999565502297809;0.9995571603277265;1.0;0.9999974605681847;0.999954128437978;0.9999763009127293;0.9999544111591805;1.024999976158142;
2016-09-10 14:15:00;0.9999469973070877;0.9999999999999999;0.9999826292886844;0.999950741927738;0.9999938794916228;0.9999546185129298;1.000151302700402;0.9999673240864233;0.9999878708612254;0.9999713286667685;1.0;0.9999535501249375;0.9999607747340256;0.9999601839718879;1.0;0.9999808747610539;0.9999788748871752;0.9999924273114692;0.9999803036304745;0.9999731930064311;0.9999475329778365;0.9999985051670569;0.9999792988113089;1.0;1.0002124673343828;0.9999577756212896;1.0;0.9999602651074634;0.9999999999999999;0.9997911177554957;1.0;0.9998299435206514;1.0;0.999800446580277;1.0;0.9996262744524528;0.9996113105957757;0.9996029682433958;1.0;0.999997630625185;0.9999518639000374;0.9999779619598702;0.9999562491184741;1.024999976158142;
2016-09-10 14:30:00;0.9999483881912504;0.9999999999999999;0.9999824563810351;0.9999511353151465;0.9999950694652191;0.9999547210166632;1.0001487734793424;0.9999660316284527;0.9999882444941243;0.9999712898750778;1.0;0.9999544077705289;0.9999621945044226;0.9999589567820348;1.0;0.9999794849497765;0.9999774480930539;0.9999942117127507;0.9999808753204021;0.9999741881961479;0.999951002517504;0.9999985289421891;0.999977923416769;0.9999999999999999;1.0002088581389792;0.9999600707050524;0.9999999999999999;0.9999600541190532;1.0;0.999785849444668;1.0;0.9998339984983157;1.0;0.9998310546260304;1.0;0.9996173661752693;0.9996017979008422;0.9995930746364535;1.0;0.999997852821743;0.9999551958705779;0.9999782352722215;0.9999572051654843;1.024999976158142;
2016-09-10 14:45:00;0.9999570279926685;1.0;0.9999846471842778;0.9999584149735565;0.9999964272726755;0.9999610814535208;1.0001465347233824;0.9999694986196698;0.9999895431853169;0.9999755762535086;1.0;0.9999589377966144;0.9999668885165446;0.9999638889239659;1.0;0.9999813376958109;0.9999795457873898;0.999996162386161;0.9999841955312821;0.999978261082542;0.9999607865019271;0.9999984962412468;0.9999799982847273;1.0;1.0002056088548155;0.9999674563080869;1.0;0.9999655603718555;1.0;0.999781995406159;1.0;0.9998326390384586;1.0;0.9998370349666027;1.0;0.9996091551035331;0.9995919625075311;0.9995820330222899;1.0;0.9999982999246708;0.9999641774848398;0.9999810871779886;0.9999619549495637;1.024999976158142;
2016-09-10 15:00:00;0.9999645072625934;1.0;0.9999869296737278;0.9999659438890904;0.9999967026655687;0.9999679393406721;1.0001443662954985;0.999975763962743;0.9999911023767158;0.9999795513327778;1.0;0.9999615277532288;0.9999690283846783;0.9999704189456634;1.0;0.999986499736542;0.9999850932317031;0.9999964178656761;0.9999867036253124;0.9999819334443689;0.9999675615081164;0.9999986490045382;0.9999854430140357;1.0;1.0002024787910475;0.9999734382679801;1.0;0.9999715746306781;1.0;0.999787509861439;1.0;0.999844249251554;0.9999999999999999;0.9998418121208843;1.0;0.9996407685328719;0.999624467890802;0.9996153317555478;1.0;0.99999845962634;0.9999705060008796;0.999984001982983;0.9999644562074081;1.024999976158142;
2016-09-10 15:15:00;0.999952651782854;0.9999999999999999;0.9999834842589848;0.9999553031025913;0.9999958958450538;0.999958476064887;1.0001463447474617;0.9999695235416796;0.9999898180165555;0.9999728612776191;1.0;0.9999536614766249;0.9999618303916733;0.9999617400177424;1.0;0.9999825312770947;0.9999807327548341;0.9999952786126052;0.9999821166004393;0.9999769074044288;0.9999560466312618;0.9999988390230374;0.9999811622865694;1.0;1.000205357201016;0.999964551971977;1.0;0.9999630202927634;1.0;0.9997830537454248;1.0;0.9998356019551841;1.0;0.9998308614915217;1.0;0.999622380581602;0.9996060550252351;0.9995965380667828;1.0;0.9999979978438407;0.9999601370153474;0.9999801337842599;0.9999565050200029;1.024999976158142;
2016-09-10 15:30:00;0.9999565806436475;1.0;0.9999847022311111;0.9999586096609885;0.9999962275407009;0.9999614199857118;1.0001448114623372;0.9999709180622667;0.9999900796019202;0.9999752401842482;1.0;0.9999399108366881;0.9999522784752375;0.99996442191352;1.0;0.9999828988887229;0.9999811851649493;0.999995761983729;0.9999837807423321;0.9999784375880855;0.999959879896228;0.9999987217713011;0.9999816030384636;1.0;1.0002031899519754;0.9999672682229028;1.0;0.9999657576480345;0.9999999999999999;0.9998015267936886;1.0;0.999809745042028;0.9999999999999999;0.999845280175549;1.0;0.9995340673864784;0.9995103949739645;0.9995016725072253;0.9999999999999999;0.9999982015373783;0.9999634919498954;0.9999813703141703;0.9999452672680929;1.024999976158142;
2016-09-10 15:45:00;0.9999541616193487;1.0;0.9999843838881083;0.9999561426750442;0.999995486413673;0.9999592579875888;1.0001470844849993;0.9999684474161697;0.99998879295571;0.9999748650418504;0.9999999999999999;0.9999455906543137;0.9999564814959488;0.9999632072624715;1.0;0.9999802583243559;0.9999783615443074;0.9999947787725966;0.9999832999231875;0.9999765105676687;0.9999563915464307;0.9999984161662104;0.9999788105685956;1.0;1.0002064734540708;0.999963962727163;1.0;0.9999642734785344;1.0;0.9998008656864001;1.0;0.9997938471406885;0.9999999999999999;0.9998155237815666;1.0;0.9995069178036627;0.9994846144330225;0.9994754795759686;1.0;0.9999981401097228;0.9999598997141943;0.9999802152948554;0.9999504150893771;1.024999976158142;
2016-09-10 16:00:00;0.9999357635136681;1.0;0.9999774381431683;0.9999396492101282;0.9999953444166352;0.9999440256802845;1.0001481214958885;0.9999598821958297;0.9999877484171814;0.9999621188993221;0.9999999999999999;0.9999397376255805;0.9999498923882646;0.9999474640282251;1.0;0.9999777008782743;0.9999753615412353;0.9999947271845269;0.9999752713713453;0.9999699179621546;0.9999416873141221;0.9999989641509794;0.9999759332444339;0.9999999999999999;1.0002078815975999;0.9999535453576754;1.0;0.9999495932601035;0.9999999999999999;0.9998003408545154;1.0;0.9998288430108238;1.0;0.9998530813478084;0.9999999999999999;0.9995863333221002;0.9995696968813713;0.9995601802690742;1.0;0.9999973247902036;0.9999475903357187;0.9999738437560043;0.9999426795266371;1.024999976158142;
2016-09-10 16:15:00;0.9998550956698855;0.9999999999999999;0.9999460798070302;0.9998646194021951;0.9999903315265501;0.9998732160461464;1.0001609836280716;0.9999137722471374;0.9999730757660676;0.9999105722474402;1.0;0.9998776386628427;0.9998963363595043;0.9998792195793477;1.0;0.9999596934323827;0.9999548504636471;0.9999896314977006;0.9999422982380988;0.9999334870779145;0.9998726184260924;0.9999977978847133;0.9999560745115892;1.0;1.0002259054736256;0.9999005390594231;1.0;0.9998844141676146;1.0;0.9998010373642705;1.0;0.9998341614384704;1.0;0.9998541130879794;1.0;0.9996016291611285;0.9995850602100226;0.9995763370916994;0.9999999999999999;0.9999935600086799;0.999887115727469;0.9999396730160295;0.9998807517166433;1.024999976158142;
2016-09-10 16:30:00;0.9998479698785849;1.0;0.9999386959183977;0.9998540782584623;0.9999829798092247;0.9998596450942728;1.0001609476390187;0.9998983968919256;0.999955223935404;0.9999097791187734;0.9999999999999999;0.9999016214346513;0.9999165465413377;0.9998718538458345;1.0;0.9999551305107613;0.9999494640197576;0.9999820791179193;0.9999415493171189;0.9999188558236416;0.9998627736046115;0.9999916993173291;0.999950890501462;0.9999999999999999;1.0002258328451599;0.9998885844990799;1.0;0.9998755386025311;0.9999999999999999;0.9998070444241374;1.0;0.9998353219927794;1.0;0.9998594082714047;1.0;0.999601278701196;0.9995854848966516;0.9995763491176852;1.0;0.9999924115079035;0.9998759395292074;0.9999246667513371;0.9999043896391416;1.024999976158142;
2016-09-10 16:45:00;0.9998628868399722;1.0;0.9999466479039024;0.9998690323875072;0.9999879066859001;0.9998754569598329;1.0001655889722956;0.9999102134013159;0.9999658098792801;0.9999173943463138;1.0;0.9999007373960631;0.9999164170516522;0.9998837282806128;0.9999999999999999;0.999957241658104;0.9999522072083639;0.9999874503052731;0.9999468643726801;0.9999310883309882;0.9998783703968313;0.9999947545092714;0.9999534986810763;1.0;1.000232358733181;0.9999020600670623;1.0;0.9998883491061678;1.0;0.999789481541568;0.9999999999999999;0.9998064099208016;1.0;0.9997956707279569;1.0;0.9995586695949806;0.9995421799657067;0.9995330445825288;1.0;0.9999936850490561;0.9998907737699457;0.999936675557838;0.9999037253306435;1.024999976158142;
2016-09-10 17:00:00;0.9999064181184328;1.0;0.999964568209936;0.999911129972516;0.9999931189751693;0.9999162456866943;1.0001605479106104;0.9999399490564533;0.9999797440122602;0.9999431538432652;1.0;0.9999221386150715;0.9999350098045724;0.9999205921881503;0.9999999999999999;0.9999699955443179;0.9999666087853338;0.999992875562238;0.9999635486432524;0.999955082450886;0.9999177248729105;0.9999975296056299;0.9999674820472852;1.0;1.0002252288477724;0.9999343015007319;1.0;0.9999243454829364;1.0;0.9997827733025044;0.9999999999999999;0.999788502670108;1.0;0.9997593552273649;1.0;0.9995301597236806;0.9995137440363795;0.9995042279567932;1.0;0.9999958865326186;0.9999264850654023;0.9999590838669327;0.9999250111121968;1.024999976158142;
2016-09-10 17:15:00;0.999927831981679;0.9999999999999999;0.9999732630036079;0.9999319727260816;0.9999955843417236;0.9999363622187206;1.0001599605819351;0.9999551233072235;0.9999865323269703;0.9999556790232332;1.0;0.9999310823147781;0.9999428967441408;0.999938909732495;0.9999999999999999;0.9999772057872295;0.9999746699444684;0.9999954221646238;0.9999716196211992;0.999966853319082;0.9999370527000075;0.9999988723555571;0.9999753252098729;1.0;1.0002243519499292;0.9999502939995607;1.0;0.9999420644456034;1.0;0.9997848641932641;1.0;0.9997735477680271;1.0;0.9997149949321135;1.0;0.9995160911790679;0.999499664390492;0.9994905293958878;1.0;0.9999969288126143;0.9999440826124522;0.9999699987091561;0.9999340509888908;1.024999976158142;
2016-09-10 17:30:00;0.9999522401503709;0.9999999999999999;0.9999831147402248;0.9999546571067778;0.9999946140700895;0.9999575449581549;1.000149546229656;0.9999682810795054;0.9999875670536785;0.9999735552095801;1.0;0.9999569499395572;0.999964466202251;0.9999620802535293;1.0;0.9999820908479004;0.9999802062072835;0.9999937563180119;0.9999823118021447;0.9999750847042953;0.99995430378726;0.9999980596941754;0.9999806415155074;1.0;1.0002098805074595;0.9999626601354924;1.0;0.9999627871145206;1.0;0.9998014001513501;1.0;0.9997902839697929;0.9999999999999999;0.9997728529004216;1.0;0.9995257852860163;0.9995102295207975;0.9995018880119994;1.0;0.9999978499662475;0.9999581097547704;0.999978598058484;0.999959836047643;1.024999976158142;
2016-09-10 17:45:00;0.9999490125297879;1.0;0.9999829255742713;0.9999526106899752;0.9999946158516652;0.9999562468954534;1.000154021594699;0.9999688797024485;0.999988891303295;0.9999716815670391;1.0;0.9999521855196233;0.9999599166226829;0.9999609564011925;0.9999999999999999;0.9999824018529503;0.9999805236363531;0.999993424071201;0.9999807847845251;0.999974759035507;0.9999505802455121;0.9999987394146751;0.9999809338341591;1.0;1.0002162044727807;0.9999604681173473;1.0;0.9999613695482356;1.0;0.9998025182306535;1.0;0.9997645922425206;1.0;0.9997123408887181;1.0;0.999490498747885;0.9994750240829777;0.999466301924911;1.0;0.9999977269629239;0.9999549363174187;0.9999789126942304;0.9999549538640989;1.024999976158142;
2016-09-10 18:00:00;0.9999579919336894;1.0;0.9999860422131315;0.9999601041922971;0.9999960722497216;0.9999631705121819;1.0001519319582923;0.9999718817961437;0.9999905331255797;0.9999769316536092;1.0;0.9999603133721048;0.9999674347925764;0.9999666799194085;1.0;0.9999821844854702;0.9999804831900201;0.9999953554638811;0.99998460591331;0.9999789832215441;0.9999599002538672;0.99999884804998;0.9999808801813793;0.9999999999999999;1.0002132500018934;0.9999671101735901;1.0;0.9999675986725383;1.0;0.99981753740018;0.9999999999999999;0.999749883265311;1.0;0.9996920827170297;1.0;0.9994600071904347;0.9994447343872954;0.9994363934250934;1.0;0.999998323927113;0.999963205470147;0.9999825230824435;0.9999631107835815;1.024999976158142;
2016-09-10 18:15:00;0.9999036791625926;1.0;0.999964694480788;0.9999094162297929;0.9999917151003427;0.9999151063166437;1.000159223750372;0.9999399334029896;0.9999790468390495;0.9999429492289527;1.0;0.9999209162063492;0.9999332622175718;0.9999210917570225;0.9999999999999999;0.9999696484369373;0.9999661963719563;0.999990756234206;0.9999627155570058;0.9999532941717141;0.9999124252025436;0.9999974892459312;0.9999670366420036;1.0;1.0002234999600204;0.9999303033310648;1.0;0.9999238078691921;1.0;0.9997950883784004;1.0;0.9997637759483635;1.0;0.9997478752993243;1.0;0.9994633820813688;0.9994474933433269;0.999438771425514;1.0;0.999995659672259;0.9999212949788433;0.9999584785668854;0.999923815498213;1.024999976158142;
2016-09-10 18:30:00;0.9999381150736657;1.0;0.9999773813913765;0.9999410141830665;0.9999935332135561;0.9999444798035866;1.0001549057485506;0.9999586857261661;0.9999840043603081;0.9999648070605996;1.0;0.9999479842960901;0.9999568815048631;0.9999495907097431;1.0;0.9999775898947808;0.9999751780564247;0.9999927443658798;0.999976808657441;0.9999680377461688;0.9999422647523165;0.9999974939029215;0.9999757567898334;1.0;1.0002174047628287;0.9999529228877543;1.0;0.9999509961150078;1.0;0.9997842787425882;1.0;0.9997893551861431;1.0;0.9997529531660205;1.0;0.9995372638709863;0.9995204815534225;0.9995109654096901;1.0;0.9999972048846117;0.9999473727983222;0.9999719229474914;0.9999509723718553;1.024999976158142;
2016-09-10 18:45:00;0.9999256986142072;1.0;0.9999713369753618;0.9999294106004136;0.9999926347409808;0.9999329800529839;1.0001547032896587;0.9999518292539256;0.9999810236028231;0.9999559423423454;1.0;0.999937559383858;0.9999479571999579;0.9999380744632012;1.0;0.9999771254740298;0.9999743978434992;0.9999920481557292;0.9999713710156667;0.9999622378391458;0.9999327899349006;0.9999970142029894;0.999975073775924;1.0;1.0002170083280584;0.9999460007860341;1.0;0.9999401987832012;1.0;0.9998019898366323;1.0;0.999777633717646;1.0;0.9997431551619342;1.0;0.9995083493947656;0.9994923187339135;0.9994831838064456;1.0;0.9999964470209731;0.9999394492375931;0.9999655767045207;0.9999404028814467;1.024999976158142;
2016-09-10 19:00:00;0.9998828555521965;1.0;0.9999554429932856;0.9998886291069558;0.9999913028809786;0.9998949172167121;1.0001627889605698;0.9999245348775764;0.9999742524227379;0.9999288181954952;1.0;0.999909368546944;0.9999238133318139;0.999900411306581;1.0;0.9999624687928854;0.9999582192549555;0.9999910395596711;0.9999543940007438;0.999943525081918;0.9998971059412495;0.9999967670607479;0.999959317930181;1.0;1.0002284211836219;0.9999177385814262;1.0;0.9999051218015212;1.0;0.9998012639078159;1.0;0.999768376680979;1.0;0.9997417940109231;0.9999999999999999;0.9994813738191527;0.9994661191045525;0.9994573970241973;1.0;0.9999948363080381;0.9999080394502169;0.9999484468083789;0.9999120674212294;1.024999976158142;
2016-09-10 19:15:00;0.9998564760690059;1.0;0.9999464934901758;0.9998654525504818;0.9999915832458367;0.999874033210895;1.0001739015299824;0.9999137159149865;0.9999743017352551;0.9999106690731828;1.0;0.9998788355809672;0.999897703426095;0.9998789150934265;1.0;0.999958839755599;0.9999540131117701;0.9999913000112346;0.9999427544210123;0.999934938604768;0.999875468438207;0.9999981472626729;0.9999552620826205;1.0;1.000243973670643;0.9999026439333608;1.0;0.9998847893220657;0.9999999999999999;0.999797084426238;0.9999999999999999;0.9997533937637642;1.0;0.9996877253475271;1.0;0.9994740860369546;0.9994575061711747;0.9994483715618785;1.0;0.9999938100659005;0.9998899054646578;0.9999407496581676;0.999881852492226;1.024999976158142;
2016-09-10 19:30:00;0.9999130073187251;1.0;0.9999666976831553;0.9999176210846228;0.9999922290885433;0.9999220221738154;1.0001642651498839;0.9999446942150676;0.9999793886897249;0.9999477426095149;1.0;0.9999272939532442;0.9999391704672314;0.9999273038390586;1.0;0.9999738550587572;0.9999707348800844;0.9999916715891963;0.9999661529803169;0.9999569407933337;0.9999221072405318;0.9999970715352391;0.9999715160424121;1.0;1.0002304198947751;0.9999378348854745;1.0;0.999929998010996;1.0;0.9997897996489705;1.0;0.999757061698347;1.0;0.9997270061397722;1.0;0.999457798816794;0.9994415927888998;0.999432458325045;1.0;0.9999959380857905;0.999930144369805;0.9999607412507449;0.9999301932636003;1.024999976158142;
2016-09-10 19:45:00;0.9999066934609906;1.0;0.9999694280961118;0.9999144317682921;0.9999887178134591;0.9999212342836666;1.000159075843624;0.999945909442913;0.9999793278453635;0.9999491502624731;1.0;0.9999277912244239;0.9999371495842987;0.9999315082460961;1.0;0.9999706467379961;0.9999673365006244;0.9999858224097719;0.9999647223766295;0.9999532503613364;0.999906841081945;0.9999976225413597;0.9999680037115257;1.0;1.0002236523820323;0.9999261114876541;1.0;0.9999308499036436;1.0;0.9998062876442834;1.0;0.9997615865495989;1.0;0.9997095038806416;1.0;0.999483344615355;0.9994681630886769;0.9994598219309485;1.0;0.9999956130168066;0.9999148433114013;0.999961575409592;0.9999305595013647;1.024999976158142;
2016-09-10 20:00:00;0.9998491277165517;1.0;0.9999445008861579;0.9998586208534921;0.9999870584960642;0.9998673952975083;1.0001710177624492;0.9999079612349417;0.9999676173842872;0.9999099951974938;1.0;0.9998862671764859;0.9999026544441835;0.9998769429699711;1.0;0.9999554058722132;0.9999501444834977;0.9999855235591553;0.999941083330013;0.9999271714209932;0.9998629572984339;0.9999962276783312;0.9999514199911109;1.0;1.0002401733622852;0.9998915413310687;0.9999999999999999;0.9998807331116435;1.0;0.9998087739860603;1.0;0.9997529284223541;0.9999999999999999;0.9997125994833085;1.0;0.9994549859339334;0.999439804838006;0.9994314639169438;1.0;0.9999931296391475;0.9998771099112174;0.9999350822352353;0.9998890353384682;1.024999976158142;
2016-09-10 20:15:00;0.9998872262873809;0.9999999999999999;0.9999604913705673;0.9998948705112332;0.9999896941487743;0.9999022944785081;1.0001649449651018;0.9999316240136967;0.999976473646848;0.999934683093036;1.0;0.9999125146560843;0.9999250459557927;0.9999106196582421;1.0;0.9999640292184666;0.9999600160653408;0.9999878864758817;0.9999565791742532;0.999945496847675;0.9998946164923995;0.9999975027609668;0.9999609443210213;1.0;1.0002317353288954;0.9999163406193529;1.0;0.9999126839355345;1.0;0.9998001289488118;1.0;0.9997519633228634;1.0;0.9997097426987082;1.0;0.9994542430337315;0.9994393793280388;0.9994314510082423;1.0;0.9999949735970415;0.9999048491944227;0.999952970624894;0.9999152828907324;1.024999976158142;
2016-09-10 20:30:00;0.9999042257307408;1.0;0.999967686058187;0.9999109964475439;0.9999907254320007;0.9999178270511302;1.0001577408537685;0.9999419497973908;0.9999801939773877;0.9999459108432386;1.0;0.9999241684581746;0.9999350348798584;0.999925767271293;1.0;0.9999675441796548;0.9999640676388084;0.9999887537827248;0.9999635917391378;0.9999534755595111;0.9999084974306167;0.9999979934433015;0.9999648433361145;1.0;1.000221686847642;0.9999270965745818;1.0;0.9999270051495196;0.9999999999999999;0.9998141624712941;1.0;0.9997466702881729;1.0;0.9997290105237472;1.0;0.9994245383250164;0.9994087347490448;0.999400013169468;1.0;0.9999957946209748;0.9999169118582899;0.9999608545683766;0.9999270409611309;1.024999976158142;
2016-09-10 20:45:00;0.9999446421148483;1.0;0.9999796216085861;0.9999471578463623;0.9999937733371915;0.9999501246508482;1.0001535852405528;0.9999627417273238;0.9999849273327619;0.9999687848694512;1.0;0.9999518584615475;0.9999602958290053;0.9999550871200292;1.0;0.9999799982786771;0.999977821325382;0.9999929936662288;0.9999793522859313;0.9999708573674415;0.9999479490154957;0.999997483801449;0.9999783389544754;1.0;1.0002155246208273;0.9999574241957828;1.0;0.9999561652623795;1.0;0.9998235315082044;1.0;0.9997406747387175;1.0;0.9997079379816789;1.0;0.9994210022433209;0.9994040020834195;0.9993944870486542;0.9999999999999999;0.9999974404375618;0.9999524252220944;0.9999743671040796;0.9999549159031081;1.024999976158142;
2016-09-10 21:00:00;0.9999365179780335;1.0;0.9999753179872918;0.9999387017645849;0.9999922844198563;0.9999413735544068;1.0001569410443691;0.9999556389274393;0.9999804738952704;0.9999639135359356;1.0;0.9999534570164379;0.999961399533179;0.9999472667796484;1.0;0.9999775532959116;0.9999750074245555;0.9999916257755188;0.9999763646647816;0.9999652526691188;0.9999410221499017;0.9999962739868767;0.999975630523472;0.9999999999999999;1.0002201949024192;0.9999513049133549;1.0;0.9999486435191081;1.0;0.999819940312322;1.0;0.9997328696130152;1.0;0.9996881445128107;1.0;0.9994114036087807;0.9993964728075306;0.9993877513349605;1.0;0.9999969256142885;0.9999460335078237;0.999968601565852;0.9999560540159889;1.024999976158142;
2016-09-10 21:15:00;0.9999334366659648;1.0;0.9999752676626275;0.9999355968984712;0.9999926941474814;0.9999390172952783;1.0001542509091148;0.9999528244275927;0.9999809132568015;0.9999626653378753;1.0;0.9999522869643623;0.9999604849560044;0.9999448777717171;1.0;0.9999734872165247;0.999970734318718;0.9999920064172085;0.9999755396005869;0.9999643265332192;0.9999379514035382;0.9999966256874713;0.9999714098012447;1.0;1.0002165335762427;0.9999484451780506;0.9999999999999999;0.9999465771862133;1.0;0.9998242702651821;0.9999999999999999;0.9997495817063109;1.0;0.9997236910981495;1.0;0.9994368638321378;0.9994217675571795;0.9994134267866491;0.9999999999999999;0.9999970423559295;0.9999430526608478;0.9999685175680175;0.9999550285100266;1.024999976158142;
2016-09-10 21:30:00;0.99992586073439;0.9999999999999999;0.999971854256987;0.999927435779726;0.9999908710412692;0.9999307687888095;1.0001495213461649;0.9999449646355896;0.9999760593920538;0.999959193848146;1.0;0.9999529903923816;0.9999611949507589;0.9999381971481583;0.9999999999999999;0.9999689004597476;0.9999656895756917;0.9999901128451552;0.9999732564464996;0.9999583838858596;0.9999303066550999;0.9999952723210954;0.9999664805189078;1.0;1.0002099670087257;0.9999411912232861;1.0;0.9999399360104819;1.0;0.9998455387351644;1.0;0.9997828363164543;0.9999999999999999;0.9997554433742262;0.9999999999999999;0.9995146870659822;0.9994986622491597;0.999489939884809;1.0;0.9999966366996355;0.9999355580274013;0.9999630768961476;0.9999559323324289;1.024999976158142;
2016-09-10 21:45:00;0.9999405000025856;0.9999999999999999;0.9999763543573733;0.9999423564551794;0.9999911820158965;0.9999443948269847;1.000143082269172;0.9999576121759451;0.9999790224433689;0.9999671023811204;1.0;0.9999563846146028;0.9999639833372833;0.9999513356390014;1.0;0.9999794309248949;0.9999769915925739;0.9999902813172032;0.9999781592332856;0.9999655031903374;0.9999432243705202;0.9999955594210869;0.9999775697140336;1.0;1.000200771849913;0.9999527368418436;1.0;0.9999519343259882;1.0;0.9998557711520788;1.0;0.9997880834619212;1.0;0.9997950239093504;1.0;0.9995027978818855;0.999486455862826;0.9994773209889423;0.9999999999999999;0.9999968976135044;0.9999476180737739;0.9999687695752512;0.9999593265646362;1.024999976158142;
2016-09-10 22:00:00;0.9999457170384837;1.0;0.9999799212147045;0.9999474885036211;0.9999918728355284;0.9999500061084841;1.0001423272489642;0.9999609096383439;0.9999814539175317;0.9999713427597461;1.0;0.9999631962292658;0.9999693809226741;0.9999570118928403;1.0;0.9999782999063868;0.9999759760023612;0.9999907208803135;0.9999806056593068;0.9999685423667249;0.9999464852282297;0.999996215370302;0.999976506161926;1.0;1.0001998409097945;0.9999550731385185;1.0;0.9999571916782065;1.0;0.9998505756831114;1.0;0.9997973407532855;1.0;0.9998044330330772;1.0;0.9995242954024619;0.9995088071856051;0.99949967210744;1.0;0.9999973553558089;0.9999501682284279;0.9999726782518672;0.9999658684494519;1.024999976158142;
2016-09-10 22:15:00;0.9999405334841881;1.0;0.9999770866841852;0.9999421530016933;0.9999914064242584;0.9999445191493994;1.0001453188192302;0.999956710483512;0.9999793571472404;0.9999677348364661;1.0;0.9999603019156955;0.9999671162607039;0.9999515673202098;1.0;0.9999770959873425;0.999974569673309;0.999990465903404;0.9999785181443203;0.9999655661519151;0.999942792984268;0.9999956912787435;0.9999751678692682;0.9999999999999999;1.0002039830426261;0.9999519660934764;1.0;0.9999522150546754;1.0;0.9998494865983495;1.0;0.9997841526139902;1.0;0.9997792092512379;1.0;0.9995020263403551;0.9994870643436041;0.9994787230281331;1.0;0.9999970582697272;0.9999469683414632;0.9999693644379052;0.9999630009274562;1.024999976158142;
2016-09-10 22:30:00;0.999930391708867;0.9999999999999999;0.9999727115961452;0.9999317445642081;0.9999907863871689;0.9999343919436244;1.0001470460706041;0.9999481378892549;0.9999761112018674;0.9999615014122081;1.0;0.9999561286645021;0.9999638237700456;0.9999416807403025;0.9999999999999999;0.9999722382410247;0.9999692416975999;0.9999900970943321;0.9999747986093388;0.9999600924689868;0.9999346728786824;0.9999950382096345;0.9999699811246525;1.0;1.0002064140759723;0.9999448659976953;1.0;0.9999431805102932;1.0;0.999854805783201;1.0;0.9997784444972831;1.0;0.9997757732781342;0.9999999999999999;0.999487219417128;0.999471134387609;0.9994616187136967;1.0;0.9999966684548419;0.9999396093595926;0.9999640551985067;0.9999588970198947;1.024999976158142;
2016-09-10 22:45:00;0.9999325375346302;1.0;0.9999748764620393;0.9999353447360303;0.9999916354545018;0.9999386926170607;1.0001458306580027;0.9999537765847315;0.9999800719647174;0.9999624790505204;1.0;0.9999507965140257;0.999958848072312;0.9999454910773721;1.0;0.9999754519490149;0.9999727491185062;0.9999905862081273;0.9999750634196976;0.9999633598811606;0.9999358713371533;0.9999963795255935;0.999973386093743;0.9999999999999999;1.000204734153754;0.9999471873919169;1.0;0.9999464873301637;1.0;0.9998404673367088;1.0;0.9997978514788579;1.0;0.9998154308530235;1.0;0.9995184495997652;0.9995024076960072;0.9994928917243506;1.0;0.9999967959057611;0.9999411157994873;0.9999677158641275;0.9999535513434097;1.024999976158142;
2016-09-10 23:00:00;0.999940896864286;1.0;0.9999764749323372;0.9999421249452116;0.999992153660424;0.9999442280305915;1.0001405787119702;0.9999562858440042;0.9999796640536884;0.9999669791443969;1.0;0.9999586538220215;0.9999661574290669;0.9999502447285815;1.0;0.9999773737605524;0.9999748653553984;0.9999916176337891;0.9999784495946293;0.9999661745657797;0.9999448834179843;0.9999957508267323;0.9999754872044383;1.0;1.0001972584838534;0.9999536632592138;1.0;0.9999515895876945;0.9999999999999999;0.9998616120563938;1.0;0.9998058648005008;0.9999999999999999;0.9998045007065074;1.0;0.9995497844532747;0.9995333810080334;0.9995234521047135;1.0;0.9999971051205192;0.9999491868650504;0.9999692475396674;0.9999614221844049;1.024999976158142;
2016-09-10 23:15:00;0.9999490290200773;0.9999999999999999;0.9999796958837461;0.999949926812714;0.999993061848797;0.9999516964567132;1.0001395951250451;0.999961782240308;0.9999820244047961;0.9999717444674706;1.0;0.9999633271819028;0.9999701941734064;0.9999570746515654;1.0;0.9999799681555975;0.9999777702466891;0.9999925871207992;0.9999815439895129;0.9999704982558342;0.9999522791294483;0.9999961767464999;0.9999783147672592;1.0;1.0001958561745563;0.9999596858368048;1.0;0.9999582001447433;1.0;0.9998569115312986;1.0;0.9998164762218366;1.0;0.9998128560801381;1.0;0.9995761042961734;0.99956023766582;0.9995507211435812;1.0;0.9999975052014927;0.9999558909242267;0.9999732186886399;0.9999660262018288;1.024999976158142;
2016-09-10 23:30:00;0.9999433924862268;1.0;0.999978842025765;0.9999446487769069;0.9999930170828344;0.9999473511783603;1.0001431573520905;0.9999579730735354;0.999981930723609;0.9999691179509577;1.0;0.9999619972611516;0.999968773874222;0.9999531315893007;1.0;0.9999756886823259;0.9999732203138854;0.9999923584380144;0.9999796813743527;0.9999682921146372;0.999946425073295;0.9999964747826925;0.9999738230385202;0.9999999999999999;1.000200975962705;0.9999547546462472;1.0;0.9999543951217985;0.9999999999999999;0.9998592203596323;1.0;0.999802948193;0.9999999999999999;0.9997859946909018;1.0;0.9995539674299041;0.999539644958269;0.9995317158430888;1.0;0.9999974651900793;0.9999503807497635;0.9999721128372802;0.9999645942828826;1.024999976158142;
2016-09-10 23:45:00;0.9999403558845087;1.0;0.9999773502668647;0.9999423808201018;0.9999922623175881;0.9999450577617318;1.000141904352367;0.9999578942365092;0.9999811619049305;0.9999669814939988;1.0;0.9999561590559158;0.9999637158614105;0.9999513184174451;1.0;0.9999777049874392;0.9999752528375438;0.9999914137400766;0.9999781275600533;0.999966805784587;0.9999433745593331;0.9999963469355674;0.9999758379810648;1.0;1.000199177992493;0.999952952961053;1.0;0.9999522398448552;0.9999999999999999;0.9998575677026524;0.9999999999999999;0.9998102035533618;1.0;0.9998202029480059;1.0;0.9995521102995566;0.9995365430414398;0.9995278203465132;1.0;0.9999971353848458;0.9999478459456639;0.9999705184406557;0.9999589564557706;1.024999976158142;
2016-09-11 00:00:00;0.9999320950334424;1.0;0.9999724591818661;0.9999340063441345;0.9999908650982025;0.9999362129277211;1.0001398804934298;0.999951478349656;0.9999768505119897;0.9999613762719173;1.0;0.9999529277412587;0.9999610122479048;0.999942992550602;0.9999999999999999;0.9999769116715461;0.9999741595574041;0.9999902279556734;0.9999747801900346;0.99996143647877;0.9999370146833166;0.9999951898334882;0.9999748383837507;1.0;1.0001962448943476;0.9999476941589551;1.0;0.9999443782880949;1.0;0.9998644003232992;1.0;0.9998246941492552;1.0;0.999835854693087;1.0;0.9995849357480644;0.9995695087341273;0.9995603731011762;0.9999999999999999;0.9999965179370207;0.999942261109566;0.9999645104026753;0.999955580582837;1.024999976158142;
2016-09-11 00:15:00;0.9999452388318077;1.0;0.9999783444283852;0.9999463809104732;0.9999920320859266;0.9999482866117286;1.0001365962533002;0.9999592903295736;0.9999802404031346;0.9999700656057307;1.0;0.9999631849131722;0.9999697719867032;0.9999546416608864;1.0;0.999978832415193;0.9999764775236457;0.9999913228834341;0.9999802375513549;0.9999678988801074;0.9999478763246721;0.9999957509124342;0.9999770468730115;1.0;1.0001916960665225;0.9999560112917893;1.0;0.9999554562902879;0.9999999999999999;0.9998712453235208;1.0;0.999824329980572;1.0;0.9998496752226571;1.0;0.9995741491537915;0.9995588139476933;0.9995496784124879;1.0;0.999997258789592;0.9999516850520342;0.9999710640969467;0.9999658087373761;1.024999976158142;
2016-09-11 00:30:00;0.9999426285279164;1.0;0.999978067946388;0.9999444541889048;0.9999929728723633;0.9999470262350492;1.000136775881397;0.999959255776993;0.9999822662946604;0.99996787682626;1.0;0.9999577761322394;0.9999651306170585;0.9999525473861116;0.9999999999999999;0.9999783262612247;0.9999759650959734;0.9999923158196551;0.9999788971708239;0.9999684254685223;0.9999462451878244;0.9999966112802008;0.9999765397504446;1.0;1.0001919567104696;0.999955334889175;1.0;0.9999537717345287;1.0;0.9998755988372992;1.0;0.9998182242240267;1.0;0.9998430200198466;1.0;0.9995602533140331;0.9995459307523283;0.9995380015872842;1.0;0.9999972867717912;0.99995061478598;0.9999717816985974;0.9999603731430076;1.024999976158142;
2016-09-11 00:45:00;0.9999492306528903;1.0;0.9999799356438827;0.999949610891389;0.9999937276101213;0.9999514971028064;1.000135265643058;0.9999605274032539;0.9999824100798922;0.9999718181397983;1.0;0.9999636355441638;0.9999708415754358;0.999956353004172;1.0;0.9999778963790646;0.9999756215766001;0.9999934841970419;0.9999818183675381;0.9999708451363014;0.9999531721907884;0.9999962997198256;0.9999762025289588;1.0;1.0001898068675665;0.9999599741545264;1.0;0.9999579629096755;1.0;0.9998790989301046;1.0;0.9998343042038479;1.0;0.9998574486173545;1.0;0.9995987600643651;0.9995826363100278;0.9995735005570963;1.0;0.9999976846253456;0.9999566491943263;0.9999735974114047;0.999966508160498;1.024999976158142;
2016-09-11 01:00:00;0.9999467720764562;0.9999999999999999;0.9999793895219395;0.9999473869363168;0.9999939740417355;0.999949654536771;1.000134450591484;0.9999592128133942;0.9999827724089692;0.9999702697529649;1.0;0.9999626861226968;0.9999698643379337;0.9999543125412729;1.0;0.9999766089731977;0.9999742501078568;0.999993739801106;0.9999808442376111;0.9999702491678694;0.9999511456373891;0.9999965654293942;0.9999748538022436;1.0;1.0001886901898567;0.9999584462411524;1.0;0.9999561591820689;1.0;0.9998858097903817;1.0;0.9998212607231033;1.0;0.9998456698699404;1.0;0.9995674299788828;0.9995519186783753;0.9995427832061897;1.0;0.9999976602187988;0.9999549011227137;0.9999732496151417;0.9999653657895394;1.024999976158142;
2016-09-11 01:15:00;0.9999482157861124;1.0;0.999979346459391;0.9999490443561847;0.9999920174375214;0.9999506828355683;1.000133154199962;0.9999607045700106;0.999980312423301;0.999972049469101;1.0;0.9999666398221557;0.9999726969096192;0.9999571144374184;1.0;0.9999795022327744;0.9999772261372148;0.9999913097988998;0.9999815021031274;0.9999689191271911;0.999950337946937;0.9999956172772955;0.9999777748824449;1.0;1.00018686797242;0.9999577925173981;1.0;0.9999577584556277;1.0;0.9998899572643948;0.9999999999999999;0.9998274505650209;1.0;0.9998504738558988;1.0;0.9995827488818662;0.9995673403189653;0.9995578237291044;0.9999999999999999;0.9999973706450829;0.99995377942996;0.9999719640546151;0.9999691942998016;1.024999976158142;
2016-09-11 01:30:00;0.9999594448968444;1.0;0.9999842251713382;0.9999605255250273;0.9999944096723046;0.9999621176590145;1.0001291071801868;0.9999705124645826;0.9999862327853194;0.9999776669206172;1.0;0.9999665232293522;0.9999728261167325;0.9999665635578097;1.0;0.9999845469880595;0.9999828372149739;0.9999938720805955;0.9999852497572;0.9999768100531508;0.999961512312245;0.9999971606221286;0.9999832490010557;1.0;1.00018112863481;0.9999677564321169;1.0;0.9999672192050274;1.0;0.9999077193668067;1.0;0.9998352736618428;1.0;0.9998597787313417;1.0;0.9995997310372005;0.9995853233501446;0.9995773938726081;1.0;0.9999980040855718;0.9999644426342633;0.999979201070606;0.9999691470623154;1.024999976158142;
2016-09-11 01:45:00;0.9999626256487513;0.9999999999999999;0.9999867093869386;0.9999631413608396;0.9999950689709592;0.9999651654874196;1.0001276415868343;0.999970923124877;0.9999875086273307;0.9999806840564701;1.0;0.9999722286471192;0.999977692912923;0.9999696084723897;1.0;0.9999813594863333;0.9999796081242277;0.9999944716478927;0.9999871099069487;0.9999784472016607;0.9999635143398182;0.9999975020739523;0.999980026655042;1.0;1.000179203295786;0.9999686000592547;1.0;0.9999702595806287;1.0;0.999910264008614;1.0;0.9998312589521315;1.0;0.9998645022002237;1.0;0.9995843118665868;0.9995692939239365;0.9995605709432013;1.0;0.9999984291190921;0.9999657676144863;0.9999816541933889;0.9999748524950531;1.024999976158142;
2016-09-11 02:00:00;0.9999582733504394;0.9999999999999999;0.9999853285245119;0.9999592625998501;0.9999941327970417;0.9999615743800399;1.0001272339030223;0.9999685864061794;0.9999861234898054;0.9999786080911726;1.0;0.9999693193695284;0.999975021315235;0.9999669061969899;1.0;0.999980279413712;0.9999783763048817;0.9999932627452598;0.9999855170172907;0.9999759187771683;0.9999585765375146;0.9999972513708872;0.9999788156069968;1.0;1.0001786805752257;0.9999646796649793;1.0;0.9999672610951156;0.9999999999999999;0.9999125544226191;1.0;0.9998335096813101;1.0;0.9998638037022445;1.0;0.9995915636586765;0.9995761310605005;0.9995674080200997;1.0;0.999998168226805;0.9999611524891121;0.999979649863834;0.9999720742499423;1.024999976158142;
2016-09-11 02:15:00;0.9999750496561305;1.0;0.9999909788677488;0.9999753434060882;0.9999965379376949;0.999976604634646;1.000121122545996;0.9999804320726163;0.9999912998468838;0.9999871432878241;1.0;0.9999754368565417;0.9999806796581654;0.9999796756515519;1.0;0.9999876627855052;0.9999864875480988;0.9999961321117015;0.9999914156736034;0.9999853813402758;0.9999755901895312;0.999998202714781;0.9999867680476431;1.0;1.0001699470550502;0.9999789487081576;1.0;0.9999800784336856;0.9999999999999999;0.999942456694604;1.0;0.9998350425266614;1.0;0.9998650937444707;1.0;0.9995950350942797;0.9995808288921013;0.9995732804336946;1.0;0.9999989180112335;0.9999770698689459;0.9999874685453806;0.9999780897578362;1.024999976158142;
2016-09-11 02:30:00;0.9999680845859631;1.0;0.9999876334001392;0.999968631969715;0.9999957679067163;0.9999699139552135;1.0001218193297279;0.9999759063511865;0.9999890378780191;0.9999825407386711;0.9999999999999999;0.9999709603061758;0.9999768611816885;0.9999732980444808;1.0;0.9999866397471847;0.9999852384391993;0.9999954341123625;0.9999885578831921;0.9999816585456125;0.9999699033426477;0.9999977202649549;0.9999855834212247;1.0;1.000170884711596;0.9999744833284941;1.0;0.9999740121075529;1.0;0.9999459194305589;1.0;0.9998395800550373;0.9999999999999999;0.9998684896061667;1.0;0.999606364121918;0.999591028421586;0.9995818925919542;0.9999999999999999;0.9999984987285565;0.9999721043609834;0.9999835918612549;0.9999735841507814;1.024999976158142;
2016-09-11 02:45:00;0.9999717534183131;1.0;0.9999904916921643;0.999972643412757;0.9999968154200713;0.9999745355011518;1.0001179019588924;0.9999794110057373;0.9999921598645967;0.9999851500573949;1.0;0.9999705633344405;0.9999764967682933;0.9999774698376542;0.9999999999999999;0.9999864345314436;0.9999851812572488;0.9999963100405906;0.9999900483994675;0.9999847831325969;0.9999725110997406;0.9999987013454645;0.9999854752913755;1.0;1.0001654788973822;0.9999768132271439;0.9999999999999999;0.99997800113833;1.0;0.9999700965100229;1.0;0.9998386222188395;1.0;0.9998694761678445;1.0;0.9996026623357978;0.9995864838046512;0.9995769670325306;0.9999999999999999;0.999998872782006;0.9999744188668973;0.9999873469413258;0.9999733607745918;1.024999976158142;
2016-09-11 03:00:00;0.9999745963284615;0.9999999999999999;0.9999912251876625;0.9999750673359179;0.999996932849536;0.9999766156398271;1.0001174084714808;0.9999805456201643;0.9999921616581408;0.9999868146089137;1.0;0.9999730438620333;0.9999787628808879;0.9999794215761303;1.0;0.9999871414846423;0.9999859625533306;0.9999965285872424;0.9999912082180662;0.9999857835000643;0.9999752825854317;0.9999985440331592;0.9999862441331322;1.0;1.0001647621811591;0.9999788296360417;1.0;0.9999799428853019;1.0;0.9999659942506188;1.0;0.9998494659816638;1.0;0.9998758380829237;1.0;0.9996310065070343;0.9996156465286838;0.999607304140118;1.0;0.9999989812346693;0.99997686587242;0.9999880498195957;0.999975868108773;1.024999976158142;
2016-09-11 03:15:00;0.999966398222908;1.0;0.999989583880204;0.9999678092882824;0.9999954606818574;0.9999703715705849;1.0001199486155838;0.9999759901348517;0.9999904073488891;0.9999835071128949;1.0;0.9999701954227292;0.9999756943262595;0.9999749524150328;1.0;0.9999832402782497;0.999981725484421;0.9999944221677934;0.9999884679374824;0.9999814011931738;0.9999653208407769;0.999998407523325;0.999982050889434;1.0;1.0001684978207135;0.9999707195885745;1.0;0.9999748565403266;1.0;0.9999683800080941;1.0;0.9998265885016858;1.0;0.9998637688048391;1.0;0.9995702537535007;0.9995541926004494;0.9995450571074811;1.0;0.999998648813174;0.9999673754017366;0.9999852957972082;0.9999730487062395;1.024999976158142;
2016-09-11 03:30:00;0.9999724612807442;1.0;0.9999912869422588;0.9999744310813596;0.9999956471926681;0.9999764164652355;1.0001180850883313;0.9999826496987964;0.9999922121822112;0.9999862940187192;1.0;0.9999708234271929;0.9999759133156648;0.9999806257652182;1.0;0.9999895407744518;0.9999884443152915;0.9999945182977312;0.9999901513966735;0.9999848153365785;0.9999708795749244;0.999998720651726;0.9999886534065052;1.0;1.0001657712996825;0.9999762079702679;1.0;0.9999799486840893;1.0;0.9999648396135484;1.0;0.9998392273279749;1.0;0.9998916450101708;0.9999999999999999;0.9995892756304989;0.9995740683815877;0.9995649327069632;0.9999999999999999;0.9999986769580846;0.9999728206018617;0.9999878792056927;0.9999734069603365;1.024999976158142;
2016-09-11 03:45:00;0.9999684646177947;1.0;0.9999889260126518;0.9999692846064787;0.9999965097237593;0.9999711887608276;1.000118979080848;0.9999766944419268;0.9999909317686719;0.9999830664592136;1.0;0.9999691967218778;0.9999753963448512;0.9999742318566518;1.0;0.9999852101010217;0.9999838133862119;0.9999960839888712;0.999988802665657;0.9999829125554064;0.9999699034399447;0.9999984208844295;0.9999841507142343;1.0;1.0001669800419413;0.9999745739634124;1.0;0.9999750165286192;1.0;0.9999656950576723;1.0;0.9998480186922666;0.9999999999999999;0.999882402870188;1.0;0.9996221396530621;0.9996071818045472;0.9995992521536127;1.0;0.9999987109576064;0.9999720774305743;0.9999854413247177;0.9999719941582058;1.024999976158142;
2016-09-11 04:00:00;0.9999648085274045;1.0;0.9999884272925734;0.9999657351156246;0.9999961984285579;0.999968225278236;1.000118512846156;0.9999737196020777;0.9999903320627055;0.9999817320948619;1.0;0.9999701019042098;0.9999758939762967;0.999971842073112;1.0;0.9999818359045091;0.9999802242642953;0.9999955903402306;0.9999877709593414;0.9999810537926312;0.9999656870644617;0.9999984313349849;0.9999806053086218;1.0;1.0001664334519362;0.9999708136068122;1.0;0.9999726103331977;1.0;0.9999659573701334;1.0;0.999846770384269;1.0;0.9998887751771801;1.0;0.9996139918530517;0.9995990903244759;0.9995907480740814;1.0;0.9999986794451495;0.9999679552460508;0.9999844542112842;0.999972781590925;1.024999976158142;
2016-09-11 04:15:00;0.9999758592537947;1.0;0.9999925608159489;0.9999764613056413;0.9999975183548911;0.9999784104351657;1.0001165212727274;0.9999817137430996;0.9999937115140788;0.9999878412501481;1.0;0.9999729316465005;0.9999786589047831;0.9999809756074538;1.0;0.9999863609771268;0.9999852176228003;0.9999970420609545;0.9999917892097345;0.999987126029737;0.9999760955139115;0.9999990619491609;0.9999854847987487;0.9999999999999999;1.0001635747802216;0.999979514456612;0.9999999999999999;0.9999814812147094;1.0;0.9999661371974504;1.0;0.9998482499498975;1.0;0.9998953710200769;1.0;0.9996139358926285;0.9995986552560131;0.999590725672718;1.0;0.9999991817226253;0.9999775492253602;0.9999898099171842;0.9999758310891841;1.024999976158142;
2016-09-11 04:30:00;0.9999805878656743;1.0;0.9999924816717796;0.9999809787728255;0.9999971638147984;0.9999817285036312;1.0001154643436843;0.9999854405865884;0.999993045498979;0.9999895539975467;1.0;0.9999748146586831;0.9999803131813096;0.9999840404759958;1.0;0.9999920702788143;0.9999912193900187;0.9999968805786157;0.999993072636501;0.9999886170828172;0.9999813496114311;0.9999985143268829;0.9999914232157688;1.0;1.0001619127628432;0.9999842006975039;0.9999999999999999;0.9999843152034857;1.0;0.9999642125941364;0.9999999999999999;0.9998517541813233;1.0;0.9999050981951917;0.9999999999999999;0.9996178416463383;0.9996028484147598;0.9995945061330017;1.0;0.9999990484980543;0.9999826574163996;0.9999898583843245;0.9999775234029812;1.024999976158142;
2016-09-11 04:45:00;0.9999700255993095;0.9999999999999999;0.9999896259671195;0.9999704189707161;0.9999968349909767;0.9999722908651086;1.0001173478696024;0.9999766892624354;0.9999911739013032;0.9999841687093664;0.9999999999999999;0.9999726911272523;0.9999783899628667;0.9999751518147605;1.0;0.9999842722002715;0.999982866977805;0.999996510373211;0.9999896039269655;0.9999835732964653;0.9999714617006215;0.9999984267619302;0.9999832136317213;1.0;1.0001647114619192;0.9999754684419453;0.9999999999999999;0.9999760802180367;1.0;0.9999666301089984;0.9999999999999999;0.9998487986281858;1.0;0.9998950619897923;1.0;0.9996158056192311;0.9995994745696202;0.9995891640213407;1.0;0.9999988698643477;0.9999733605399903;0.9999861316884561;0.9999753440212624;1.024999976158142;
2016-09-11 05:00:00;0.9999735148295571;1.0;0.9999911480619393;0.9999747354556885;0.9999966258422316;0.9999765067242327;1.0001160887181475;0.9999817123058109;0.9999926211466769;0.9999861814900305;0.9999999999999999;0.9999712505574117;0.9999768121284183;0.9999796195589065;1.0;0.9999885211502745;0.9999874008704581;0.9999959671950346;0.9999905509075013;0.9999856672811837;0.9999736247178863;0.9999987800144685;0.9999876491953077;1.0;1.0001629205699214;0.9999780707103736;1.0;0.9999797566603137;0.9999999999999999;0.9999714574139221;1.0;0.9998392541850168;1.0;0.9999038686188533;1.0;0.9995809589498362;0.9995658494154843;0.9995571264648087;1.0;0.9999988509324368;0.9999754819338482;0.9999881506416562;0.9999739034475997;1.024999976158142;
2016-09-11 05:15:00;0.9999712040554463;0.9999999999999999;0.9999907656500048;0.9999719553702386;0.9999967207600453;0.9999740724798243;1.00011667352962;0.9999783530219228;0.9999919392096263;0.9999854002534587;1.0;0.9999722118932423;0.9999778390753971;0.9999773119205834;1.0;0.9999846490293213;0.9999833076627396;0.9999961341723972;0.9999901248491494;0.9999843096494316;0.9999714509167675;0.9999986731640996;0.9999836191612823;0.9999999999999999;1.0001638188496578;0.9999756137390446;1.0;0.9999777926654112;1.0;0.9999685275481192;1.0;0.9998467830059843;1.0;0.9999089458049708;1.0;0.9996002012949926;0.9995849263495393;0.9995765842173516;1.0;0.9999989343743901;0.999973214832778;0.9999873248045973;0.9999750093380053;1.024999976158142;
2016-09-11 05:30:00;0.9999698692485106;1.0;0.9999910197229408;0.9999709518495445;0.9999965434166127;0.9999734882625864;1.0001160955554493;0.9999779082417712;0.9999921783028015;0.9999851686710085;1.0;0.9999718989529163;0.9999773350885988;0.999977121880369;1.0;0.9999834652214634;0.9999820638753698;0.9999957346576633;0.9999897564029077;0.999983841760412;0.9999693362681197;0.999998857179855;0.9999823755655098;1.0;1.0001630791467693;0.99997392839188;0.9999999999999999;0.9999773862457555;1.0;0.9999703971207087;1.0;0.999840342773202;1.0;0.9999073534127008;1.0;0.9995818582181155;0.9995663341276132;0.9995576111727075;1.0;0.9999989326919251;0.9999711468117125;0.9999874651219716;0.9999746828853036;1.024999976158142;
2016-09-11 05:45:00;0.9999722870998112;1.0;0.9999908305497248;0.9999738600796614;0.9999963971916882;0.9999757654279854;1.0001153023088871;0.999981700705357;0.9999925894626411;0.9999854900976932;1.0;0.9999691142242966;0.9999749113909802;0.9999790970643226;1.0;0.9999888549060029;0.9999877300441996;0.9999956175186798;0.9999899896528467;0.9999851986783581;0.9999721829172337;0.9999988378768715;0.9999879710877115;0.9999999999999999;1.000161826382155;0.9999771416351015;1.0;0.9999790738693343;1.0;0.9999730388483135;1.0;0.9998497208455726;1.0;0.9999176852688728;1.0;0.9996030550082184;0.9995879998550067;0.9995796576971688;1.0;0.9999987588359098;0.9999742164810052;0.9999878250377128;0.9999718423045995;1.024999976158142;
2016-09-11 06:00:00;0.9999771551479036;1.0;0.9999919769021084;0.9999777210554375;0.9999975823828124;0.9999791162724858;1.0001162101446397;0.999983053676719;0.9999935575242578;0.9999876642498381;1.0;0.9999726135622827;0.9999784384628193;0.9999812033343692;1.0;0.9999891628562311;0.9999881487249722;0.9999973083234667;0.9999918807569214;0.9999877245481334;0.9999783495039926;0.9999988987718719;0.9999883961095134;1.0;1.0001630250221725;0.9999817015914664;1.0;0.9999818511588459;0.9999999999999999;0.9999671490481232;1.0;0.9998297970869305;1.0;0.999901712454087;1.0;0.9995539277338418;0.9995385802723458;0.9995298575596409;1.0;0.9999990816769126;0.9999799368248753;0.999989525132268;0.9999753416521323;1.024999976158142;
2016-09-11 06:15:00;0.9999716807117527;0.9999999999999999;0.9999908110003439;0.9999718519010035;0.9999975732719223;0.9999739649871948;1.000118195389053;0.999977267163681;0.999992434898608;0.9999852881515007;1.0;0.9999746368205571;0.9999800913216429;0.9999763680326443;1.0;0.9999830700356269;0.9999816776010347;0.9999973298579066;0.9999903979088874;0.9999849224205554;0.9999731257888944;0.9999988096742403;0.9999820265860806;0.9999999999999999;1.0001659370682572;0.9999766119608824;1.0;0.9999775106239577;1.0;0.9999658002423399;1.0;0.9998381175899971;0.9999999999999999;0.9998851931876895;1.0;0.9995903816774082;0.9995767127977634;0.9995695770259441;0.9999999999999999;0.9999991097799314;0.9999748109643533;0.9999876886730449;0.9999772203635532;1.024999976158142;
2016-09-11 06:30:00;0.9999765082199344;1.0;0.9999925886678517;0.9999771533736233;0.999997523835593;0.9999789674210287;1.000116868203326;0.9999824282554809;0.9999938012285304;0.9999880202116441;1.0;0.9999731189740172;0.9999787756275498;0.9999814429268438;1.0;0.999987295931305;0.9999862044556476;0.9999970674505769;0.999991923011811;0.9999874578574054;0.9999768401968366;0.9999990530659812;0.9999864593892458;0.9999999999999999;1.0001640341943216;0.9999802532468123;1.0;0.9999819179216414;1.0;0.9999728561622783;0.9999999999999999;0.999840032960594;1.0;0.9998822854154212;0.9999999999999999;0.99959811577861;0.9995824632446887;0.9995737401490284;1.0;0.9999991641105216;0.9999783073646484;0.9999899415715302;0.9999759432209688;1.024999976158142;
2016-09-11 06:45:00;0.9999777593129444;1.0;0.9999925715715853;0.9999786010086864;0.9999970317949359;0.9999800581404785;1.000118250526088;0.9999840595578601;0.9999933864607995;0.9999886278214986;1.0;0.9999734165371615;0.9999788731582767;0.9999828404060832;1.0;0.9999897139581078;0.999988734027129;0.9999964758567632;0.9999922101524117;0.9999876468616924;0.999977685367528;0.999998827467162;0.9999889526566623;1.0;1.0001659247888464;0.9999812250560867;1.0;0.9999829426237942;1.0;0.9999760017583607;1.0;0.9998235368872398;1.0;0.999852493094309;1.0;0.9995688117503778;0.9995533795034661;0.9995446566616122;1.0;0.9999990478901841;0.9999791376778266;0.9999898160428792;0.9999761714288631;1.024999976158142;
2016-09-11 07:00:00;0.9999670862845387;1.0;0.9999886434486766;0.9999680497207573;0.9999951984820283;0.9999699600651196;1.0001219622198296;0.9999756325285937;0.999989125974645;0.9999833463414851;1.0;0.999972355526852;0.9999776177433831;0.9999744060775112;1.0;0.9999846336556274;0.9999831453964727;0.9999943912879566;0.9999885963267523;0.9999809877442943;0.999966849740677;0.9999978687591885;0.9999834800449532;1.0;1.0001712282044053;0.9999718361803658;1.0;0.9999744836870752;1.0;0.9999754698813347;1.0;0.9998188265209316;1.0;0.9998164247856356;1.0;0.9995794419494523;0.9995634045475296;0.9995534753459697;1.0;0.9999985385645466;0.9999688743167559;0.9999841088963445;0.9999750084199717;1.024999976158142;
2016-09-11 07:15:00;0.9999622564801868;1.0;0.9999869644354941;0.9999638788287121;0.9999950200141945;0.9999661752378182;1.0001225606802762;0.9999737366727647;0.999988921118908;0.9999801396285178;1.0;0.9999512777375439;0.9999612933875263;0.999970653596227;1.0;0.9999841854814195;0.999982593977435;0.9999941423528889;0.9999864847602984;0.999979256714708;0.9999626401953898;0.9999980422323892;0.9999829508274399;0.9999999999999999;1.0001720662473454;0.9999689086195634;1.0;0.9999708596435273;1.0;0.9999763402940756;1.0;0.9998115420804821;1.0;0.9998165744361717;1.0;0.9995573510637499;0.9995354022046268;0.9995270604857476;1.0;0.9999983046883111;0.9999652998072062;0.9999825519218071;0.9999561846233062;1.024999976158142;
2016-09-11 07:30:00;0.9999591741810979;1.0;0.9999868832411523;0.9999610884109903;0.999996196140394;0.9999642609509957;1.0001186057155202;0.9999720632738156;0.9999908200679388;0.9999780672458031;1.0;0.9999383420848054;0.9999513845470659;0.9999678549647115;1.0;0.9999812129600066;0.9999794999062904;0.9999954395322542;0.9999852889774029;0.9999794675808203;0.9999605740367902;0.9999989059635843;0.9999798971969371;1.0;1.0001665857303146;0.9999673783528462;1.0;0.9999687195904381;1.0;0.9999744708549317;1.0;0.9998396286489322;0.9999999999999999;0.9998842986389878;1.0;0.9995954914576946;0.999569362016945;0.9995610200146512;1.0;0.9999984553082159;0.9999636262741336;0.999983281060783;0.9999445689629897;1.024999976158142;
2016-09-11 07:45:00;0.9999579367749268;1.0;0.9999854139526128;0.9999601611168437;0.9999959577470161;0.9999629476406506;1.0001224030826297;0.9999724206485541;0.9999902631252187;0.9999763623092409;1.0;0.999938635511415;0.9999512537930001;0.9999663256065914;1.0;0.9999839053940108;0.9999822657389138;0.9999953129924125;0.999984313565902;0.9999789240191834;0.9999603505255478;0.999998729138457;0.9999826515756005;1.0;1.000171799821694;0.9999677652184141;1.0;0.9999672533975851;1.0;0.9999535554721541;1.0;0.999836564545008;1.0;0.9998796613736167;1.0;0.9995895409927983;0.9995646197333683;0.9995554841451004;1.0;0.9999982094759371;0.9999638263040178;0.9999820056560398;0.9999442880361553;1.024999976158142;
2016-09-11 08:00:00;0.9999013000505361;1.0;0.9999629361323338;0.9999076569892728;0.999993389618487;0.9999133647782827;1.000133441486602;0.9999409470010036;0.9999813824050119;0.9999388854077336;1.0;0.9999029088120436;0.99991926648656;0.9999172843627046;1.0;0.9999727033711306;0.9999693989955183;0.9999929945301473;0.9999606633618535;0.9999546015482629;0.9999136108041343;0.9999983808429393;0.9999702399608983;1.0;1.0001871801583266;0.9999325399249217;1.0;0.9999209889477255;1.0;0.9999557881426974;1.0;0.9998466360505762;1.0;0.9998656214873433;1.0;0.9996295611379727;0.999609728120338;0.9996005921197992;1.0;0.9999955751602467;0.999923512964331;0.9999585650241971;0.9999069542714231;1.024999976158142;
2016-09-11 08:15:00;0.9998930050123246;0.9999999999999999;0.9999593641926697;0.9999003511430831;0.9999935360350908;0.9999064632708011;1.0001344424842642;0.9999377635412454;0.9999811751283081;0.9999324872269438;1.0;0.9998917801691027;0.9999098828253286;0.9999097834515474;1.0;0.9999730185231891;0.9999695823449415;0.9999933017945639;0.9999567423330235;0.9999519521653838;0.9999077071139957;0.9999987024242065;0.9999704692343424;0.9999999999999999;1.0001885005353295;0.9999287570876524;1.0;0.9999140878870327;1.0;0.9999564622559165;1.0;0.9998484616975872;0.9999999999999999;0.999866263000464;0.9999999999999999;0.9996346171599315;0.9996148631206592;0.9996061397422537;1.0;0.9999951538984145;0.9999188883250362;0.9999555915183793;0.9998959007735739;1.024999976158142;
2016-09-11 08:30:00;0.999891760523094;1.0;0.9999610252011943;0.9998982521382485;0.9999933262459915;0.999905307547121;1.000136588308234;0.9999332366705108;0.9999804477890706;0.999934335829898;1.0;0.9999002983913066;0.9999169456563385;0.9999097441106206;1.0;0.9999647165450835;0.9999608962558765;0.9999927993956486;0.9999576306096832;0.9999504348567528;0.9999042519769978;0.9999985961190435;0.999961863604077;1.0;1.0001917854352558;0.999924289122948;1.0;0.9999139773374426;1.0;0.9999230542635376;1.0;0.9998691808791044;1.0;0.9998826995062661;1.0;0.9996860666246357;0.9996672151859276;0.9996596660751642;1.0;0.9999955136641074;0.9999146427571889;0.9999560043983527;0.9999044190308818;1.024999976158142;
2016-09-11 08:45:00;0.9999001959379675;1.0;0.9999643015584572;0.9999072560380726;0.999993875022403;0.9999139601501124;1.0001485150077218;0.9999414908819273;0.9999834838111377;0.9999389721146795;1.0;0.9998998208779641;0.99991644841412;0.9999179241571337;1.0;0.9999706218210703;0.999967280028652;0.999993155082246;0.9999604017469093;0.9999553443756175;0.9999114142990594;0.9999992510186798;0.9999681080544051;1.0;1.0002084386052161;0.9999310051941716;1.0;0.9999214629513218;0.9999999999999999;0.9998601226203617;1.0;0.9998354012885646;1.0;0.9998115421277469;1.0;0.999634116622686;0.9996136491135266;0.9996045130771515;1.0;0.999995738157314;0.9999214059819501;0.9999604123906113;0.9999040667069378;1.024999976158142;
2016-09-11 09:00:00;0.9999291303669092;1.0;0.9999738957513405;0.9999333564302021;0.9999944168364389;0.9999375639639708;1.000135706958017;0.9999560041221103;0.9999852859318237;0.9999574908457007;1.0;0.9999260583560078;0.9999391921476358;0.9999413716176729;1.0;0.9999779166309929;0.9999754035022935;0.9999938700722634;0.9999723893484396;0.9999662286545339;0.9999363884736101;0.9999983862391765;0.9999760258333739;1.0;1.000190408495072;0.9999495614653453;1.0;0.9999436943776628;0.9999999999999999;0.9999092920711399;1.0;0.9998473028364078;1.0;0.9998148795368518;1.0;0.9996669532988489;0.9996474071333791;0.999639064479752;1.0;0.9999968419828938;0.9999430596944092;0.999969776142418;0.9999302059002134;1.024999976158142;
2016-09-11 09:15:00;0.9999380180302825;0.9999999999999999;0.9999784104706221;0.9999417013472887;0.9999945649043811;0.999945863731429;1.0001311935088277;0.9999607389250523;0.9999868419113628;0.999964407900855;1.0;0.9999362913299343;0.9999476199996512;0.9999502178555176;1.0;0.9999778772091859;0.9999755611199188;0.9999936979798019;0.9999764810009241;0.9999698743654921;0.9999423130959718;0.9999985430663629;0.9999761092067164;0.9999999999999999;1.0001842023049452;0.9999536755459957;0.9999999999999999;0.99995174609704;1.0;0.999911193779117;1.0;0.9998587184221187;1.0;0.9998363522726652;0.9999999999999999;0.9996864980006895;0.9996669813017709;0.9996582574685435;1.0;0.9999973486356925;0.9999477390440565;0.9999741021307823;0.9999403369243745;1.024999976158142;
2016-09-11 09:30:00;0.9999554014669209;0.9999999999999999;0.9999845104458303;0.9999572496782521;0.9999959104667747;0.9999601840234512;1.0001345916443436;0.9999692862500908;0.9999892948535294;0.9999750851056878;1.0;0.9999507248376736;0.9999604138416477;0.9999636217425973;1.0;0.9999811588405183;0.9999793315903656;0.9999953744381261;0.9999836086506524;0.999977395813359;0.9999582876153581;0.9999985154062999;0.9999797743674348;1.0;1.0001889168053952;0.9999656019839834;1.0;0.9999649012257906;1.0;0.9998881469745162;0.9999999999999999;0.999841695861111;1.0;0.999805310620529;1.0;0.99965688273952;0.9996376596941835;0.9996293171219047;1.0;0.9999981954648753;0.9999617996781844;0.999980699657346;0.9999547704905096;1.024999976158142;
2016-09-11 09:45:00;0.9999615829228398;1.0;0.9999866088308097;0.9999627883983422;0.9999961270710636;0.9999652187578034;1.0001309236703457;0.9999722992939167;0.9999897838349504;0.9999790269853185;1.0;0.9999555633229357;0.9999647411321992;0.9999685627459098;1.0;0.9999825038372366;0.9999808477178809;0.9999956523416106;0.9999861812507048;0.9999797882529627;0.9999636991640547;0.9999983687446927;0.9999812498052881;0.9999999999999999;1.0001837613748361;0.9999695957533465;1.0;0.9999696258056106;1.0;0.9998963869472646;0.9999999999999999;0.9998425378320362;1.0;0.9998091739811735;0.9999999999999999;0.9996566590856746;0.9996371131214838;0.9996287705537663;0.9999999999999999;0.9999984563313031;0.9999664954822128;0.9999827864134064;0.9999597109895236;1.024999976158142;
2016-09-11 10:00:00;0.9999461776806391;1.0;0.9999814676403987;0.9999483430547004;0.9999944153104728;0.9999518574245259;1.00013314171311;0.9999624805432071;0.9999861429684628;0.9999706401981162;1.0;0.9999474212868867;0.9999574075245949;0.9999567388401546;1.0;0.9999766999151756;0.9999744478129308;0.9999935774674312;0.9999804795761509;0.9999719402309388;0.9999486409915047;0.9999978907731016;0.9999749811188764;1.0;1.0001869947573518;0.9999573857525358;1.0;0.9999579187224092;1.0;0.9998938762738682;1.0;0.9998374118658917;0.9999999999999999;0.999807801348912;1.0;0.9996421760911263;0.9996227280046524;0.9996147982303936;1.0;0.9999977825700194;0.9999526748018269;0.9999762663686099;0.9999516382737599;1.024999976158142;
2016-09-11 10:15:00;0.9999530280933437;1.0;0.9999819222126369;0.9999547703925585;0.9999928807897451;0.9999566452289632;1.0001326880062502;0.9999670403323832;0.9999838150421628;0.9999745151586295;1.0;0.9999532619481055;0.9999622615513359;0.9999624600773075;1.0;0.999983422441598;0.9999814975661935;0.999991961744545;0.999982864256684;0.9999728719005417;0.9999543211404573;0.9999966518575752;0.9999819391557682;1.0;1.0001861990041703;0.9999620585218829;1.0;0.9999626561762774;1.0;0.99987171417732;1.0;0.9998649414196593;1.0;0.9998233796792142;1.0;0.99971468844992;0.9996953175249444;0.9996869744714766;1.0;0.9999975721757669;0.999957740928715;0.9999758862875836;0.9999573537774077;1.024999976158142;
2016-09-11 10:30:00;0.9999360814302718;0.9999999999999999;0.9999736916757048;0.9999365353899883;0.9999890813552027;0.999937991241222;1.0001462661548681;0.9999498763575145;0.9999731421940324;0.9999659691521801;1.0;0.9999542523369641;0.9999633555714276;0.9999467923203854;1.0;0.9999745496099517;0.9999716595926282;0.9999881913946811;0.9999774458475806;0.9999599028096356;0.9999382292173394;0.9999936629099059;0.9999723569502134;1.0;1.0002052958816243;0.9999469330104368;1.0;0.9999473327520735;1.0;0.999798803968833;0.9999999999999999;0.999857801676313;1.0;0.9998067606753224;1.0;0.9997058926094031;0.9996851416280487;0.9996760049382628;1.0;0.9999966093100766;0.9999421914680624;0.9999634882517965;0.9999585871029613;1.024999976158142;
2016-09-11 10:45:00;0.999935292436293;0.9999999999999999;0.9999776454513891;0.9999373720345534;0.9999914840095928;0.9999412518399178;1.0001436950355875;0.9999529180634591;0.9999801126172714;0.9999663814433319;1.0;0.999950276232962;0.9999592567229542;0.9999490381322493;1.0;0.9999704864574703;0.9999676293750691;0.9999901130405311;0.9999772298434678;0.9999637786847444;0.9999360228290866;0.9999963310957923;0.9999682843453467;1.0;1.0002019562056035;0.9999460150319325;1.0;0.9999496190152802;1.0;0.9998224935906774;1.0;0.9998536380707249;0.9999999999999999;0.9997809732687182;0.9999999999999999;0.9997108220248939;0.9996910664797176;0.9996823424363055;0.9999999999999999;0.999997203020669;0.9999402827917224;0.999969587492811;0.9999543970784984;1.024999976158142;
2016-09-11 11:00:00;0.9999465913504771;1.0;0.9999814018979639;0.9999487007822805;0.9999931426979547;0.9999518973886345;1.0001372750678221;0.9999623825568005;0.9999842603356504;0.9999717417611195;1.0;0.9999506663898813;0.9999598955076469;0.9999580106372385;1.0;0.9999772622816128;0.9999749916881778;0.9999920138058451;0.9999808889380153;0.9999706591199266;0.9999475452900165;0.9999972082600307;0.9999755094500259;0.9999999999999999;1.0001928127950392;0.999956225266248;1.0;0.9999585007883339;1.0;0.9998386574382511;0.9999999999999999;0.9998741492589056;1.0;0.9998194721868696;1.0;0.9997456482158121;0.9997253546522888;0.9997162175949735;0.9999999999999999;0.9999976309049668;0.9999512996916342;0.9999752006612331;0.9999548565913097;1.024999976158142;
2016-09-11 11:15:00;0.9999542599226203;1.0;0.9999830178523611;0.999956296587176;0.9999939829028146;0.9999585578434492;1.000135781718046;0.9999689059810775;0.9999862021197019;0.999974802888921;1.0;0.9999509506581783;0.9999603720423794;0.9999634900900278;1.0;0.9999836656089365;0.9999818398361913;0.9999931450601353;0.9999831275484972;0.9999749179598657;0.9999560128792623;0.9999974515688543;0.99998226106497;1.0;1.0001905394176829;0.9999638245388841;1.0;0.9999639474773898;1.0;0.9998448447831904;1.0;0.9998846018762936;1.0;0.9998229596087057;1.0;0.9997746615094535;0.9997549047027282;0.9997461801022162;1.0;0.9999977737955024;0.9999595410143763;0.9999779805230546;0.9999550715064942;1.024999976158142;
2016-09-11 11:30:00;0.99994255283323;1.0;0.9999788597346366;0.9999444785652528;0.9999931932060285;0.9999474631458457;1.000141127811755;0.9999591903109948;0.9999829909545692;0.9999683368951785;1.0;0.9999479066254479;0.9999577782303675;0.9999530692765762;1.0;0.9999768235945985;0.9999744230110951;0.9999924150993172;0.9999790686887655;0.9999687314405988;0.9999455755771895;0.999996912636043;0.9999749995398561;1.0;1.0001981269401907;0.9999546757232844;0.9999999999999999;0.999954233259968;0.9999999999999999;0.9998234949163403;1.0;0.9998733497252348;0.9999999999999999;0.9998191673555802;1.0;0.9997437196492058;0.99972405506089;0.999715330729595;0.9999999999999999;0.9999974087608982;0.9999498497866801;0.9999726415580861;0.9999519984328358;1.024999976158142;
2016-09-11 11:45:00;0.9999523892393385;1.0;0.9999819896715137;0.999952848038738;0.9999933945974298;0.9999548822432719;1.0001400933000395;0.9999627216585252;0.9999829336802375;0.9999748089315753;1.0;0.9999580579954748;0.9999668261320944;0.9999604653616287;0.9999999999999999;0.9999778808032667;0.9999756805483591;0.9999927972753635;0.9999833711398326;0.9999719722002633;0.999954269679035;0.9999963727827851;0.999976217089992;1.0;1.0001966608564632;0.9999606676392837;1.0;0.9999613972788012;1.0;0.9998125120870555;1.0;0.9998784194231625;1.0;0.9998311475018207;1.0;0.9997509077635662;0.9997311625139126;0.9997228191612969;1.0;0.9999978438592968;0.9999572327722472;0.9999753728739579;0.99996226757926;1.024999976158142;
2016-09-11 12:00:00;0.9999601166396487;1.0;0.9999866911936048;0.9999615011230365;0.9999953167877984;0.9999642006329132;1.000141230130307;0.9999712001923907;0.9999888711234567;0.9999791955075499;1.0;0.9999567883788347;0.9999655017625676;0.9999685628046374;0.9999999999999999;0.9999810492694188;0.9999792883034296;0.9999945080298412;0.9999859547285759;0.9999784214081752;0.9999608033837238;0.9999981521741315;0.9999796945348204;1.0;1.0001982953546011;0.9999670054302521;1.0;0.999969139238533;1.0;0.9998189368203696;1.0;0.9998707631580379;1.0;0.9997841008170448;1.0;0.9997603997918519;0.9997404234004531;0.9997316989263159;0.9999999999999999;0.9999983859564051;0.9999634853188799;0.9999821630017578;0.9999609786059167;1.024999976158142;
2016-09-11 12:15:00;0.9999586825255397;1.0;0.9999871374189911;0.999961020949976;0.9999947731339991;0.9999642402629826;1.0001479957699262;0.9999723783006993;0.9999894424083421;0.9999789964275345;1.0;0.9999547243640562;0.9999632212064323;0.9999693925323189;1.0;0.9999815906927075;0.9999798562336083;0.9999934909772487;0.9999853540916589;0.9999780790513458;0.9999578295588594;0.9999984772380928;0.9999802223041223;1.0;1.0002078514682264;0.9999651154226592;0.9999999999999999;0.9999692788455041;0.9999999999999999;0.9997936050648095;1.0;0.9998685587252814;1.0;0.9997353571565845;1.0;0.9997883681424797;0.9997683598989258;0.9997594754009768;1.0;0.9999982812171148;0.9999607021197373;0.9999825859750903;0.9999588855539099;1.024999976158142;
2016-09-11 12:30:00;0.9999702256702434;1.0;0.9999896909152473;0.9999717241177002;0.99999541913037;0.9999734472052404;1.0001378811744561;0.9999797613068688;0.9999906076910913;0.9999846835136768;1.0;0.9999603524476086;0.9999684039614172;0.999977595384991;1.0;0.999988368870258;0.9999871340316151;0.9999945199917131;0.9999893568269829;0.9999831235338759;0.9999696924453371;0.9999982339253135;0.9999873956114507;1.0;1.0001934785139939;0.9999748814123515;0.9999999999999999;0.9999773319609498;1.0;0.9998089486042523;1.0;0.9998931876604303;1.0;0.9998123148096608;1.0;0.9998085568353123;0.999788890971673;0.9997801660745718;1.0;0.9999985531482964;0.9999717503192681;0.9999858516266957;0.9999644443059251;1.024999976158142;
2016-09-11 12:45:00;0.9999637255112473;1.0;0.9999893485553184;0.9999655734739156;0.9999956226905682;0.9999687055993483;1.0001437947095582;0.9999749113760282;0.9999910190470613;0.9999821140672341;1.0;0.9999590551742268;0.9999670234677841;0.999973297104294;1.0;0.9999816959978002;0.9999800931641839;0.9999944631504999;0.999987461858706;0.9999808067901883;0.9999625758714821;0.9999987904156461;0.9999804332287269;0.9999999999999999;1.0002019759580454;0.9999686709985789;1.0;0.9999732669380111;1.0;0.9998179161971323;1.0;0.9998739769762282;0.9999999999999999;0.9997567615519919;1.0;0.999789208340098;0.999769225376109;0.9997600879178341;1.0;0.9999986338782442;0.9999649066755525;0.9999852412294701;0.9999631470272349;1.024999976158142;
2016-09-11 13:00:00;0.9999549833039694;1.0;0.9999845576275067;0.9999558553570319;0.9999935618339166;0.9999584954166385;1.0001451118019906;0.9999653028549176;0.999984763946265;0.9999775000859522;0.9999999999999999;0.9999610998166041;0.9999689406054255;0.9999645347881071;1.0;0.9999771581197883;0.9999750336294456;0.9999925539713215;0.999984676369413;0.9999737141829168;0.9999547578382524;0.9999969621121123;0.9999755214689899;1.0;1.000203822264797;0.9999610850077153;1.0;0.9999648610841656;0.9999999999999999;0.9998000250768221;1.0;0.9998806873425058;1.0;0.9997948380627526;1.0;0.9997832275804901;0.9997629516251162;0.9997534331728967;1.0;0.9999980953086349;0.9999573400636386;0.999978119694875;0.9999651916779789;1.024999976158142;
2016-09-11 13:15:00;0.9999663662929141;1.0;0.9999868155757866;0.9999666272576095;0.9999947823680384;0.999967775929378;1.0001405973937338;0.9999735318103529;0.9999869155519117;0.999982266640125;1.0;0.9999629384766432;0.9999710970269009;0.999972105983279;1.0;0.9999851884347459;0.9999836386920666;0.9999943183755504;0.9999882527000036;0.999979534505316;0.9999674818986259;0.9999970569932715;0.9999840135679735;1.0;1.000197240844123;0.9999719989816325;1.0;0.9999725719613806;1.0;0.9998081724028975;0.9999999999999999;0.9998897397763225;1.0;0.9998092288937266;1.0;0.999800377622805;0.9997806203078973;0.999771895482972;1.0;0.9999983598864224;0.9999695393565626;0.999981756513635;0.9999670593743615;1.024999976158142;
2016-09-11 13:30:00;0.9999002826643246;0.9999999999999999;0.9999630809441575;0.999906630202292;0.9999934620247335;0.9999126679143883;1.0001499928834512;0.9999398127130721;0.9999815154458058;0.9999387112794128;0.9999999999999999;0.9999036580495878;0.9999198055366204;0.9999166368484791;0.9999999999999999;0.9999708145981402;0.9999674185868915;0.999993007205406;0.9999605080170755;0.9999542408275366;0.9999123435571636;0.9999985018937358;0.9999682794567983;1.0;1.0002104369577296;0.9999313094022464;1.0;0.9999204537345835;1.0;0.9998161143041955;1.0;0.9998898318919114;0.9999999999999999;0.9998106429038918;0.9999999999999999;0.9997995041448853;0.999780454596151;0.9997721108321633;1.0;0.9999956264963167;0.9999222198210097;0.9999586246193434;0.9999076476711131;1.024999976158142;
2016-09-11 13:45:00;0.9998634065945349;1.0;0.9999503980119011;0.9998726003843135;0.9999924684203223;0.9998815141892801;1.0001581800906219;0.9999191778236888;0.9999776217990447;0.9999154371817524;1.0;0.9998731112309361;0.9998935698248506;0.9998859509765718;1.0;0.9999598799940083;0.9999553100545335;0.9999919415704315;0.9999455832603666;0.9999392938792876;0.9998806572903441;0.999999024071357;0.9999564744677415;1.0;1.0002220176717245;0.9999070364286442;1.0;0.9998914772537524;1.0;0.9998030512979653;0.9999999999999999;0.9998870488143473;0.9999999999999999;0.9998191516548239;1.0;0.999785410667273;0.9997655801106066;0.9997572364707557;1.0;0.9999942392838655;0.9998944723248525;0.9999455360053483;0.9998773472700754;1.024999976158142;
2016-09-11 14:00:00;0.9999115903090444;1.0;0.9999685662874438;0.9999176347169223;0.9999943085817059;0.9999236225547967;1.000148946103624;0.9999473084204864;0.9999848369529898;0.9999464807901076;1.0;0.9999101931793901;0.9999253672326571;0.9999274439968631;1.0;0.9999727017702096;0.9999696724854956;0.9999935993775987;0.9999652103424945;0.9999599885829996;0.9999210093059923;0.9999991565187899;0.9999704191140404;1.0;1.0002090504640513;0.9999381147683348;1.0;0.9999305330162075;1.0;0.9998154418001827;1.0;0.9998774717086771;0.9999999999999999;0.9998205252479978;1.0;0.9997553034353442;0.9997353271457767;0.999726602716113;1.0;0.9999962476603138;0.9999296706969705;0.9999647403138893;0.9999143832112192;1.024999976158142;
2016-09-11 14:15:00;0.9999244440256325;1.0;0.9999729694829118;0.9999291013781414;0.9999948888530056;0.9999340752245927;1.0001487259159618;0.9999534472637935;0.9999860000499762;0.9999546348653646;1.0;0.9999207202713848;0.9999347443679156;0.9999375848665999;1.0;0.9999752387915619;0.9999725576338381;0.999994342088572;0.9999705679445715;0.9999650729283152;0.9999324011232054;0.9999989022252285;0.9999732241353392;0.9999999999999999;1.0002087133967874;0.999946501173511;0.9999999999999999;0.9999403100733701;0.9999999999999999;0.9997935353389518;1.0;0.9998861695276722;1.0;0.9998212185701729;1.0;0.9997814530226838;0.9997610179508943;0.9997522932970337;1.0;0.9999968159604286;0.9999395735023183;0.9999691859959767;0.9999250548920219;1.024999976158142;
2016-09-11 14:30:00;0.9999678828876467;1.0;0.9999897099024967;0.9999699866346133;0.9999963639336766;0.9999724432809993;1.000142479019831;0.9999796288307364;0.9999926492529033;0.9999828893100657;1.0;0.9999567146928809;0.9999651594864696;0.9999758547930585;1.0;0.9999873125621463;0.9999860546074811;0.9999954862711916;0.9999882363910524;0.9999836987626918;0.9999680696480613;0.9999991004233533;0.9999863237692383;1.0;1.0001999548442906;0.9999740703727489;1.0;0.9999759614246388;1.0;0.9997973190144709;1.0;0.9998705052515209;1.0;0.9997913564767565;1.0;0.9997549461008434;0.9997357395399804;0.999727015106718;1.0;0.9999986280246022;0.999970585448644;0.9999867795289707;0.9999606619867979;1.024999976158142;
2016-09-11 14:45:00;0.9999664903426092;0.9999999999999999;0.99998798722515;0.9999681342765111;0.9999968450326195;0.9999701783771775;1.0001406846853633;0.999977833131843;0.9999920351710067;0.9999808323293627;1.0;0.9999536443251573;0.9999631139583641;0.9999726542384442;1.0;0.9999875725870809;0.999986273626021;0.9999964483790241;0.9999874063004393;0.9999831706118812;0.9999689456775148;0.9999988939199319;0.9999865872932092;0.9999999999999999;1.0001973280777283;0.9999747632288716;1.0;0.9999735552418308;1.0;0.9997848221499944;1.0;0.9999079042576845;1.0;0.999863544335957;1.0;0.999817779497555;0.9997977959625093;0.9997886582431116;1.0;0.9999985435775657;0.9999717644681767;0.9999853247143421;0.9999577361560241;1.024999976158142;
2016-09-11 15:00:00;0.9998861817253485;1.0;0.9999589391887717;0.9998932248139752;0.9999934081169618;0.9999006913640898;1.0001526931401903;0.9999305552828982;0.9999802641827973;0.9999304302706392;1.0;0.999893953858999;0.9999115884230005;0.9999048582969228;1.0;0.9999637358624571;0.9999597767332398;0.9999929425613023;0.9999552058118112;0.9999485305443052;0.9998999230654024;0.999998811666902;0.9999607848785079;1.0;1.000214342197406;0.999921218651135;1.0;0.9999094943518523;1.0;0.9997903719649888;1.0;0.9998985569990317;1.0;0.9998742883080105;1.0;0.9997820327835799;0.9997617384814962;0.9997526010916482;1.0;0.9999952891056292;0.9999110451540993;0.9999541602745432;0.9998981438227785;1.024999976158142;
2016-09-11 15:15:00;0.9999374171196888;1.0;0.9999761512611388;0.9999391931884026;0.9999937745251789;0.9999422246258327;1.0001443278301374;0.9999552932346254;0.9999824069443503;0.9999640272029107;1.0;0.9999421187907994;0.9999533527182192;0.9999468612790541;0.9999999999999999;0.9999753920967138;0.9999728199920006;0.999993460644752;0.9999767846523926;0.9999669292505619;0.9999431640559372;0.9999969195074049;0.999973474158142;1.0;1.0002025332600668;0.9999528180147031;1.0;0.9999490368046914;1.0;0.9997950367011396;1.0;0.9998939284420882;1.0;0.9998650148944336;1.0;0.9997744219890923;0.9997534326824705;0.9997435015932591;1.0;0.999997245131084;0.9999481250773676;0.9999702690411921;0.9999463357553108;1.024999976158142;
2016-09-11 15:30:00;0.9999482474990842;1.0;0.9999788921542624;0.9999492573425086;0.9999922552214856;0.9999507338496463;1.0001398727533237;0.9999615359311077;0.999980683079571;0.99997134567381;1.0;0.9999523728927376;0.9999619510420107;0.9999567143826411;1.0;0.9999811533349595;0.9999789554920164;0.9999916686364568;0.999981174766471;0.999969349889726;0.9999511560547621;0.9999957300333439;0.9999794921523976;1.0;1.0001962175705799;0.9999588518711102;1.0;0.9999575119326541;0.9999999999999999;0.9998097767491998;1.0;0.9998904762212081;0.9999999999999999;0.9998627471389453;1.0;0.9997653182910944;0.9997448775529821;0.9997357403172358;0.9999999999999999;0.999997307104625;0.9999548294856222;0.9999719248558764;0.9999566092676749;1.024999976158142;
2016-09-11 15:45:00;0.9998330506552149;1.0;0.9999367762036739;0.999843944320234;0.999988854404468;0.9998533721422493;1.0001623592207447;0.9999008132186895;0.9999684199386251;0.9998960957122477;1.0;0.9998531341800161;0.9998762045538617;0.9998598385509173;0.9999999999999999;0.9999555346402067;0.9999500157977229;0.9999882769982581;0.9999332090545248;0.9999232488739742;0.9998543976264549;0.9999972238718964;0.9999514261161211;1.0;1.0002277781048654;0.9998865891402091;1.0;0.9998661021594358;1.0;0.9997883675710129;1.0;0.999867233443124;1.0;0.9998323816965504;1.0;0.9997167349344895;0.9996968510199921;0.9996881269260997;1.0;0.9999924403578394;0.9998713060562919;0.9999295591485131;0.9998572949471146;1.024999976158142;
2016-09-11 16:00:00;0.9999227979421215;0.9999999999999999;0.999970316531624;0.9999251518128417;0.999991048209454;0.9999285880388497;1.0001519971149169;0.9999451422941897;0.999976588913241;0.9999562727058834;0.9999999999999999;0.9999374099013553;0.9999488790749198;0.9999355125717083;1.0;0.9999709247629782;0.9999677627535158;0.9999903497439667;0.9999714558280185;0.9999579250804531;0.9999284906576981;0.9999955999600241;0.9999685450346851;0.9999999999999999;1.000213358094168;0.9999406238868837;1.0;0.9999374489806875;1.0;0.9997965008207114;0.9999999999999999;0.9998654898605687;1.0;0.9998050109457295;0.9999999999999999;0.9997303864110066;0.9997104106193104;0.9997016864070869;1.0;0.9999964024989367;0.9999344678893017;0.999962200051169;0.9999416000472336;1.024999976158142;
2016-09-11 16:15:00;0.9999168815332996;1.0;0.9999681207538356;0.9999198104537618;0.9999899374360531;0.9999235089301186;1.000146805649649;0.9999419799440574;0.999974726544771;0.9999530746565782;1.0;0.9999417356310311;0.9999514215544033;0.9999313849648815;1.0;0.9999699625657699;0.9999666135873543;0.9999889877440885;0.9999691669069801;0.9999545929621759;0.9999223340821423;0.999995245235054;0.9999674274064492;1.0;1.000206111950489;0.9999358163544544;0.9999999999999999;0.9999330705485958;1.0;0.9998174679748583;0.9999999999999999;0.9998663771059018;1.0;0.9998539285699438;1.0;0.9996986975863146;0.999682170661497;0.999673446695716;1.0;0.9999960331349151;0.9999288299966611;0.9999592996429096;0.9999448353736776;1.024999976158142;
2016-09-11 16:30:00;0.9999218629675704;1.0;0.9999716755972122;0.9999259861320334;0.9999920797250132;0.9999305268972433;1.0001432652019984;0.9999492302504678;0.9999807984768487;0.9999552796224547;1.0;0.9999385183840563;0.9999483120225138;0.9999367995021028;1.0;0.9999728962473659;0.999969932615267;0.999991019741912;0.9999704652192096;0.9999603211499969;0.9999271137953128;0.9999971994442718;0.9999706373964672;1.0;1.0002011660310677;0.9999410349299176;1.0;0.9999384650953338;1.0;0.9998215654404641;0.9999999999999999;0.9998833970352965;1.0;0.9998630696548669;1.0;0.9997436462711833;0.9997276118365112;0.9997184747585661;1.0;0.999996465743939;0.9999337582435452;0.9999652412920051;0.9999413618843724;1.024999976158142;
2016-09-11 16:45:00;0.9999038957126923;1.0;0.9999645440092213;0.9999099758734815;0.9999907128628384;0.9999154124074136;1.0001480197730768;0.9999410106330018;0.9999780199457332;0.9999434219553089;0.9999999999999999;0.9999228151483454;0.9999344223639964;0.9999223233031406;0.9999999999999999;0.999971623414978;0.9999682338924694;0.9999894705288311;0.999962724490911;0.9999525914218517;0.9999115107409695;0.9999971105638659;0.9999690378475183;0.9999999999999999;1.0002077873835467;0.9999297788947556;1.0;0.9999243454228263;0.9999999999999999;0.9998239285145968;1.0;0.9998629569094849;1.0;0.9998294232907515;1.0;0.9997052868510548;0.9996888921894205;0.9996785807188268;0.9999999999999999;0.9999954731229767;0.999920351115391;0.9999578171178902;0.9999254872606204;1.024999976158142;
2016-09-11 17:00:00;0.9999158798037101;0.9999999999999999;0.9999663638655933;0.9999188564150927;0.9999913298527586;0.9999222129231983;1.0001505965063815;0.9999423128316718;0.9999760056203563;0.9999500779758281;1.0;0.9999358050896278;0.9999468365846661;0.9999280897584589;1.0;0.9999725228088118;0.9999692882000913;0.9999910358819148;0.9999679161279017;0.9999556964017379;0.9999248409570359;0.999995680754864;0.9999701179256184;0.9999999999999999;1.0002112337901894;0.9999386384034825;1.0;0.9999308997344396;1.0;0.9997958679986539;1.0;0.9998666840733099;0.9999999999999999;0.9998325576900366;0.9999999999999999;0.9997148443678827;0.99969782617661;0.9996878956397677;0.9999999999999999;0.9999959624384687;0.9999320566933797;0.9999589426011197;0.9999387663303537;1.024999976158142;
2016-09-11 17:15:00;0.9999319382483991;1.0;0.9999741479362951;0.999933918271866;0.9999925481778891;0.9999371584197875;1.000148467659769;0.9999512906435577;0.9999799976373865;0.9999614651721421;1.0;0.9999483221284505;0.9999575999249117;0.9999429170318076;1.0;0.9999732414236171;0.9999704232259823;0.9999920014147354;0.9999749221429659;0.9999633256071955;0.999937204135582;0.9999963558052178;0.9999711257598018;1.0;1.0002083923752731;0.9999477510689654;1.0;0.9999448773789049;1.0;0.9998065770208404;0.9999999999999999;0.9998471536318163;1.0;0.9998046364471631;1.0;0.9996751616616629;0.9996573815167238;0.9996474513816402;1.0;0.9999969327441631;0.9999424534919786;0.9999672217093281;0.999951524107783;1.024999976158142;
2016-09-11 17:30:00;0.9999410256061739;1.0;0.999978935629164;0.9999432526435711;0.999993283822596;0.9999466577132251;1.0001477503187295;0.9999586602081113;0.9999834984312787;0.9999676955063657;0.9999999999999999;0.9999546775185395;0.9999625291379364;0.9999523607957458;1.0;0.9999757093063312;0.9999732542765021;0.9999923862495744;0.9999785403439837;0.9999684435835071;0.9999437734185271;0.9999971900604717;0.9999738367420178;1.0;1.000207460113276;0.9999533053342393;1.0;0.9999534912962803;1.0;0.999819178456752;0.9999999999999999;0.9998320541927705;1.0;0.9997849218715135;1.0;0.9996431219068593;0.9996267154472053;0.9996175792914096;1.0;0.9999974217253796;0.9999481812387722;0.9999728104343064;0.999957638815155;1.024999976158142;
2016-09-11 17:45:00;0.9999301158786256;1.0;0.9999713073210166;0.9999324596258452;0.9999912288170784;0.9999346746355995;1.000148785732353;0.999951583170306;0.9999774195427398;0.9999591652517932;1.0;0.999945397410007;0.9999549878017289;0.9999408667010485;1.0;0.9999784219216441;0.9999757137535756;0.9999907433492315;0.9999735131885321;0.9999613460059587;0.9999363447384091;0.9999954544620105;0.9999763916607821;1.0;1.000208649036013;0.9999477852027758;1.0;0.999942526963923;1.0;0.9998012096404467;1.0;0.9998446605983177;1.0;0.9998545000608557;1.0;0.9996331307006514;0.9996158940594355;0.9996059643364691;1.0;0.9999963847914185;0.9999421259962158;0.9999639607080845;0.9999484280329121;1.024999976158142;
2016-09-11 18:00:00;0.9999115430807074;1.0;0.9999651766004783;0.999914114557378;0.9999900879954052;0.9999177269549183;1.0001488756650458;0.9999372399082993;0.999973156580022;0.9999489790919872;1.0;0.9999396561038728;0.9999499055495091;0.9999250313166597;1.0;0.9999680311555931;0.9999644587727338;0.9999895627105343;0.9999669808562285;0.9999520197849802;0.9999193843035568;0.9999949168130519;0.9999653610766129;1.0;1.0002089465091173;0.9999332423062086;1.0;0.9999276185053433;1.0;0.9998226962777932;0.9999999999999999;0.9998384085774764;0.9999999999999999;0.9998404223454473;1.0;0.9996236539819796;0.9996073394370842;0.999598203458377;1.0;0.9999958253585819;0.9999264372794829;0.9999562228611886;0.9999425883280423;1.024999976158142;
2016-09-11 18:15:00;0.9999381585117134;0.9999999999999999;0.9999766641133612;0.9999404012983751;0.9999940327266377;0.9999435626985728;1.000150231272527;0.999957212192096;0.9999835912484153;0.9999642030362896;0.9999999999999999;0.9999478248020445;0.999957239092848;0.9999479677580801;1.0;0.9999768642394091;0.9999744021557518;0.999993637638044;0.9999768173700159;0.9999679852702441;0.9999437922067466;0.9999973082538343;0.9999750217055865;1.0;1.0002107948259211;0.999953823513251;1.0;0.9999500154673325;1.0;0.9998040229755484;0.9999999999999999;0.9998211834176186;0.9999999999999999;0.9998109856347172;1.0;0.9995925317060286;0.9995753748426218;0.9995658581762665;1.0;0.9999972574526956;0.9999488901632416;0.9999712971950331;0.9999509306268813;1.024999976158142;
2016-09-11 18:30:00;0.9999543658162777;1.0;0.9999835857609577;0.9999562331853239;0.9999965718347434;0.9999590907670249;1.0001466036409903;0.9999689623093203;0.9999898664867654;0.9999734122804829;1.0;0.9999541661938659;0.9999628604131664;0.999961619892318;1.0;0.9999818449916813;0.999980039280135;0.9999963391573401;0.9999828464401305;0.9999776772291419;0.999958915567139;0.9999987347242973;0.999980497663342;1.0;1.0002056747058243;0.9999664349194335;1.0;0.9999634612226698;1.0;0.9998088843160593;1.0;0.9998249393108701;0.9999999999999999;0.9998037266459475;1.0;0.9996087766852564;0.9995919747494135;0.999582838911133;1.0;0.9999981629626776;0.9999627923774981;0.999980394065594;0.9999572526867945;1.024999976158142;
2016-09-11 18:45:00;0.9999487198325127;1.0;0.9999815626819522;0.9999512339753401;0.9999946330158064;0.9999542548406903;1.0001525649447502;0.999965953297551;0.9999869926705227;0.9999710573451277;1.0;0.9999528727639405;0.999961214613929;0.9999585941547425;1.0;0.9999811364980653;0.9999791348839007;0.9999938963177253;0.9999808427798347;0.9999736184705152;0.9999518095695209;0.9999980270191158;0.9999796094298053;1.0;1.0002140932014276;0.9999607225106348;1.0;0.999959668086647;0.9999999999999999;0.9998091506729451;0.9999999999999999;0.9997885212568658;1.0;0.9997197655555414;1.0;0.9995574889144233;0.9995398759756259;0.9995295660420866;0.9999999999999999;0.9999977078408119;0.9999560183119698;0.9999770505953727;0.9999559302086023;1.024999976158142;
2016-09-11 19:00:00;0.9999461923043765;1.0;0.9999808886857132;0.9999492130982887;0.9999947839994363;0.999952574790561;1.0001507491911308;0.9999654242989935;0.9999875174718506;0.9999692613597556;1.0;0.9999500382734153;0.9999586160333678;0.9999567373935414;1.0;0.9999810159597202;0.9999789837137203;0.9999940043276857;0.999979656453811;0.9999731386302483;0.9999496961618826;0.999998348924301;0.9999794632992801;1.0;1.0002115515014405;0.9999594237795286;0.9999999999999999;0.9999579191172722;1.0;0.9998228901055612;1.0;0.9997913945237054;1.0;0.9997214034862623;1.0;0.9995647114875351;0.9995474943927632;0.9995371843806425;1.0;0.9999976165324284;0.9999543100482161;0.999976709649775;0.9999529705280296;1.024999976158142;
2016-09-11 19:15:00;0.9999343266156093;0.9999999999999999;0.9999757172810894;0.9999382284543458;0.9999943689600944;0.9999420237123798;1.000149306746199;0.9999590846310031;0.9999856747669816;0.9999609024947061;1.0;0.9999386140108917;0.9999489496130167;0.9999459682079375;1.0;0.9999796787648779;0.9999773373903423;0.9999937624649586;0.999974505917729;0.9999681935497875;0.9999405606620082;0.9999982606339485;0.9999779103825435;0.9999999999999999;1.0002094602675418;0.999952768514806;1.0;0.9999479055995557;0.9999999999999999;0.9998217065166979;1.0;0.9998074471631301;1.0;0.9997800911439744;1.0;0.999572224202151;0.9995555258543508;0.9995460093769719;0.9999999999999999;0.999997010699315;0.9999466609464011;0.9999715482546571;0.9999415752599362;1.024999976158142;
2016-09-11 19:30:00;0.9999374316811936;1.0;0.9999779400993061;0.9999397594800956;0.9999944233458727;0.9999437232049204;1.0001505359423715;0.9999563510638305;0.9999847208774011;0.9999647825103056;1.0;0.9999501586134544;0.999958952001808;0.9999483264958063;1.0;0.9999734246968152;0.9999708449272334;0.9999938275870093;0.9999769841184182;0.9999681918944058;0.9999420526163052;0.9999978099729586;0.9999714813433779;1.0;1.000211363961847;0.9999520704617108;0.9999999999999999;0.9999503298247564;0.9999999999999999;0.9998086427793327;1.0;0.9998060778223596;0.9999999999999999;0.9997845247128622;1.0;0.9995652700828594;0.9995484872950694;0.9995389708847026;0.9999999999999999;0.9999974831769709;0.9999469756292395;0.9999725912007144;0.9999531466957168;1.024999976158142;
2016-09-11 19:45:00;0.99996134268546;1.0;0.9999856871466033;0.9999629755040033;0.9999949608920965;0.9999649031406698;1.0001460407516642;0.999973460878265;0.9999883251956352;0.999978751846157;1.0;0.9999628249360286;0.9999697489714915;0.9999690516982355;1.0;0.9999858094955687;0.999984249041249;0.999994273160265;0.9999857901554022;0.9999787822293773;0.9999628576870355;0.9999978373589362;0.9999846110449965;0.9999999999999999;1.0002048822834677;0.9999693629186225;1.0;0.9999694860201631;1.0;0.9998111605628883;1.0;0.9998146715841886;1.0;0.999794708614697;1.0;0.9995840998452333;0.9995671754710832;0.9995572462320649;1.0;0.9999981411877793;0.9999658041689342;0.9999814008265947;0.9999657572281383;1.024999976158142;
2016-09-11 20:00:00;0.9999407686006617;1.0;0.9999783810658658;0.9999441390636044;0.9999935365779252;0.9999474716820262;1.0001527436174715;0.9999621575155592;0.9999850647818548;0.9999661714465486;0.9999999999999999;0.9999479073348725;0.9999565502787825;0.9999525734830459;1.0;0.9999806131120894;0.9999784061881384;0.9999925960550672;0.9999775251026647;0.9999696584333919;0.9999443026318763;0.9999977417769481;0.9999789204168169;1.0;1.0002143409159614;0.9999551417746578;1.0;0.999953548794696;1.0;0.9998132187159021;1.0;0.9997952660844688;1.0;0.999757589735757;0.9999999999999999;0.9995513527437068;0.9995349846677631;0.9995254683859508;0.9999999999999999;0.9999972101873381;0.9999493820045009;0.9999733515987287;0.9999507643886566;1.024999976158142;
2016-09-11 20:15:00;0.9999114109164002;0.9999999999999999;0.9999718944129985;0.9999185591118489;0.9999895994038359;0.9999254674518552;1.000154665468899;0.9999477057430576;0.9999809306843538;0.9999524450266465;1.0;0.9999312514164835;0.9999403851939468;0.9999352750343914;1.0;0.9999693610454502;0.999966119736967;0.999986785233173;0.9999669063399826;0.999955798054575;0.9999109853231896;0.9999979761404019;0.9999667745230759;1.0;1.0002175288773814;0.9999289513519534;1.0;0.9999347394457454;1.0;0.9998233213338291;1.0;0.9997846623950367;1.0;0.999735058043423;0.9999999999999999;0.9995349205966039;0.9995078460006481;0.9994848398899318;1.0;0.9999960248154406;0.9999183517887017;0.999964360246276;0.999934212643724;1.024999976158142;
2016-09-11 20:30:00;0.999893404934499;1.0;0.9999662622256945;0.9999025215466871;0.9999875131663006;0.9999109106426812;1.0001530828141407;0.9999385863023448;0.999977755897009;0.9999425140356125;1.0;0.9999194097605052;0.9999294461292023;0.9999226572656456;1.0;0.9999647717636693;0.9999609636269869;0.9999840264990983;0.9999599100209497;0.9999473009832025;0.9998927801599794;0.9999978199861252;0.9999617202733324;0.9999999999999999;1.00021545187012;0.9999149345351815;1.0;0.9999218237491918;1.0;0.9998225483580443;1.0;0.9997960592153372;0.9999999999999999;0.9997738842517105;1.0;0.9995422288293858;0.9995107175020748;0.9994817438082283;1.0;0.9999951577054459;0.999901849175382;0.9999575530364482;0.9999223225584488;1.024999976158142;
2016-09-11 20:45:00;0.9999163058841277;1.0;0.9999700250833368;0.9999213564726253;0.9999915861126943;0.999926437550552;1.0001533594558127;0.9999473783137307;0.9999804722786598;0.9999519610750425;1.0;0.9999319197984201;0.9999424955264016;0.9999331421303932;1.0;0.999972415419657;0.9999693358523399;0.9999902824829873;0.9999681080764251;0.9999581673495009;0.9999215763469437;0.9999973862893676;0.999970054028102;1.0;1.000215343340131;0.9999371202493372;1.0;0.9999346705285489;1.0;0.9998286206451289;1.0;0.9997977087145964;0.9999999999999999;0.9997721523579344;1.0;0.9995482474645534;0.9995174254257383;0.9994896577126647;1.0;0.9999961789880175;0.9999288949365653;0.9999635588183389;0.9999349078261806;1.024999976158142;
2016-09-11 21:00:00;0.9999327814559128;1.0;0.9999756879554529;0.9999360857343345;0.9999919585811026;0.9999398201796481;1.000148623772859;0.9999552265188127;0.9999814875082783;0.9999626988520505;1.0;0.9999492189920546;0.9999573212131814;0.9999465085828666;1.0;0.9999757487540719;0.999973107182185;0.9999907560675255;0.9999750489536111;0.9999643009028159;0.9999356714889029;0.9999968958724028;0.9999737173069254;1.0;1.0002086827912344;0.9999474000186532;1.0;0.9999473473443709;0.9999999999999999;0.9998459176263236;1.0;0.9997873032055387;1.0;0.9997579629276558;0.9999999999999999;0.9995264323439105;0.9994963919843096;0.9994686248555685;0.9999999999999999;0.9999968645632414;0.9999410109395374;0.9999689952744675;0.9999519605293076;1.024999976158142;
2016-09-11 21:15:00;0.9999201652134619;1.0;0.9999699700948278;0.9999235856979002;0.999991731657209;0.9999276422680927;1.0001514578573127;0.9999462359487532;0.9999786899635082;0.9999539474200988;1.0;0.9999400331509519;0.9999498862110605;0.9999339449849416;1.0;0.9999719772092189;0.9999688795337176;0.9999909611602409;0.999969896586118;0.9999585011060507;0.9999265416121188;0.9999964940520826;0.9999696398499517;1.0;1.0002125915813123;0.99994005564693;1.0;0.9999359965573511;1.0;0.9998450969306903;1.0;0.9998186588172502;1.0;0.999794861324366;1.0;0.999595347185882;0.9995650664159865;0.9995372973793927;1.0;0.9999963374658731;0.9999332042978956;0.9999629183817859;0.9999428498568134;1.024999976158142;
2016-09-11 21:30:00;0.9998915998819239;1.0;0.9999606564818863;0.9998984261679252;0.9999886233355104;0.9999046831488204;1.0001550021440184;0.9999329925734716;0.9999741168573912;0.9999374466199101;1.0;0.9999159020663722;0.9999283344126262;0.9999137645615305;1.0;0.9999667735709837;0.9999628773729743;0.9999868646587816;0.9999583781544226;0.9999454763615994;0.9998983069479752;0.9999963943970982;0.9999637783199926;1.0;1.0002177145493134;0.9999188250106191;1.0;0.999915325405401;1.0;0.99984598799314;1.0;0.9998085163129705;1.0;0.9998087485243791;1.0;0.9995550793983173;0.9995240920306023;0.9994967050787307;0.9999999999999999;0.9999948942041935;0.999907924396283;0.999952164359657;0.9999190345901646;1.024999976158142;
2016-09-11 21:45:00;0.9999234085580146;0.9999999999999999;0.999972334967589;0.9999259455470192;0.9999909658078833;0.9999301450424148;1.0001491707553234;0.999945362470264;0.9999775342378098;0.9999582156553862;1.0;0.9999496723006448;0.9999579402091728;0.9999378414988151;1.0;0.9999679976449573;0.9999647598075617;0.9999898429393543;0.9999722697518053;0.999958317121447;0.9999269264283117;0.9999959788437948;0.9999655322663533;1.0;1.000209572121642;0.9999389685509452;1.0;0.999939272966928;1.0;0.9998590327292094;1.0;0.999789527351461;1.0;0.9997351724673311;1.0;0.9995488167956814;0.9995270718730841;0.999510794614805;1.0;0.9999966297058047;0.9999325003084555;0.9999639332574602;0.999952585186744;1.024999976158142;
2016-09-11 22:00:00;0.9999288120172464;1.0;0.999975434775069;0.9999341869786191;0.999990513418114;0.9999386595111536;1.0001512670232242;0.9999574300895807;0.9999818627702911;0.9999611138112757;1.0;0.9999415565623446;0.9999499321860091;0.9999469502504859;1.0;0.9999784486920162;0.9999758854030619;0.9999884131312159;0.9999731406130836;0.9999628762875706;0.9999291770904911;0.9999972980576137;0.9999764120012024;1.0;1.0002124671810764;0.9999434781842783;1.0;0.9999464042571587;1.0;0.9998302130162067;1.0;0.9997994081282482;0.9999999999999999;0.9997638979416923;0.9999999999999999;0.9995592636722666;0.99954341433647;0.9995346915815795;1.0;0.9999964584084415;0.9999351575467229;0.9999686416310654;0.9999444426260017;1.024999976158142;
2016-09-11 22:15:00;0.9999276686861958;0.9999999999999999;0.9999719620616868;0.9999301520159612;0.9999885985073982;0.999932851880915;1.0001427814268822;0.9999487038039948;0.9999741104691131;0.999961033508234;1.0;0.9999543358456573;0.9999615548621261;0.9999422740246017;1.0;0.9999743835867753;0.9999713892121455;0.9999871463349137;0.9999737387092008;0.9999575195454127;0.9999293000432017;0.9999944922234881;0.9999720745831129;1.0;1.0002004920366196;0.999941036637008;1.0;0.9999423727078162;1.0;0.999868986026989;1.0;0.9998221065320687;1.0;0.9998255889694353;1.0;0.9995842201613203;0.9995682728415672;0.9995591372199119;1.0;0.9999962199792132;0.9999344328811871;0.9999621947495702;0.9999571525918077;1.024999976158142;
2016-09-11 22:30:00;0.9999270175869969;0.9999999999999999;0.9999734534417899;0.9999300388305491;0.9999904292165376;0.9999338631462682;1.0001443379441846;0.9999495387345769;0.999977942964504;0.999960391504058;1.0;0.999950037697376;0.999957959968708;0.9999420038250413;0.9999999999999999;0.99997205407536;0.9999690627978545;0.9999890336444568;0.9999733866385405;0.9999597850154424;0.9999292706587344;0.9999959389780435;0.9999697513211526;0.9999999999999999;1.000202757852473;0.999941426719033;1.0;0.9999426727682209;0.9999999999999999;0.9998563514475568;1.0;0.9998307645201995;1.0;0.9998374282745577;0.9999999999999999;0.9996023901678405;0.9995865401482164;0.9995778170169781;1.0;0.9999965652131039;0.9999346791597231;0.9999651475060415;0.9999529237855117;1.024999976158142;
2016-09-11 22:45:00;0.9999276495696838;1.0;0.9999752628806241;0.9999318284275145;0.9999915890071185;0.9999365695746888;1.0001454786162378;0.9999531243174654;0.9999817601865971;0.999960552621458;1.0;0.9999441221064025;0.9999527354470209;0.9999440060607979;1.0;0.9999729856791978;0.9999701614865288;0.9999899636831145;0.999973259515764;0.999962440927739;0.9999294806882841;0.9999973189160997;0.999970789973718;1.0;1.000204411130337;0.9999425932958937;1.0;0.999944548469582;1.0;0.9998534948476495;1.0;0.9998255284656372;1.0;0.9998220940034518;1.0;0.9995972846284629;0.999580409660058;0.9995708929457675;1.0;0.9999967590284288;0.9999352159099159;0.9999683904647798;0.9999471392146488;1.024999976158142;
2016-09-11 23:00:00;0.9998645326593465;1.0;0.9999496143876019;0.9998730746845973;0.9999857440654305;0.9998803321500288;1.0001526295185745;0.9999168882804959;0.9999670522995101;0.9999207755762303;1.0;0.9998999412712;0.999914133113862;0.9998913358918925;1.0;0.9999612822013745;0.9999565111731703;0.9999837786808676;0.9999475350714893;0.9999317271948176;0.9998741181745461;0.9999952390453446;0.9999576276039595;1.0;1.0002143885988442;0.9998999049959106;1.0;0.9998934129346176;1.0;0.999856104073119;1.0;0.9998427340579762;1.0;0.9998492420603259;1.0;0.999630303041363;0.999613842076736;0.9996043250441452;0.9999999999999999;0.9999934555366123;0.9998864024269871;0.999939188373026;0.9999028272147457;1.024999976158142;
2016-09-11 23:15:00;0.9998383420902067;1.0;0.99994084734313;0.9998491437364264;0.999986136445063;0.9998587120674397;1.0001551382430922;0.999903226372201;0.9999662008282127;0.9999034116090145;1.0;0.9998670635355099;0.9998870237823982;0.9998690504861913;1.0;0.9999539239419654;0.9999483895072367;0.9999843196061353;0.9999365898764504;0.9999225259868929;0.9998527574206094;0.9999962899919579;0.9999497170248994;1.0;1.0002179473162656;0.999884026344818;1.0;0.9998727600920312;1.0;0.9998663555949358;1.0;0.9998470530765851;1.0;0.9998545528289785;0.9999999999999999;0.999639507929487;0.9996201173060814;0.9996121875525327;0.9999999999999999;0.9999925942163281;0.999868119623672;0.9999311148948025;0.9998712596691385;1.024999976158142;
2016-09-11 23:30:00;0.999905856274574;0.9999999999999999;0.9999646794670238;0.9999111534631134;0.9999895455178671;0.9999159525910735;1.0001445569560279;0.9999402150039381;0.9999754926322484;0.9999454945669901;1.0;0.9999147740133597;0.9999291693626947;0.9999240097447325;1.0;0.9999713694198029;0.9999679298824753;0.9999882065256466;0.9999639348992988;0.9999514400293714;0.9999122490992423;0.9999961031348733;0.9999687402094871;1.0;1.0002029470206228;0.999929538834305;0.9999999999999999;0.9999255291269559;1.0;0.9998757560266309;1.0;0.9998400467451111;1.0;0.9998448611699435;0.9999999999999999;0.9996249725746689;0.9996023168432542;0.9995923872551576;1.0;0.9999954313014674;0.9999204751245518;0.9999566608561835;0.9999195156603368;1.024999976158142;
2016-09-11 23:45:00;0.9999016472724931;1.0;0.9999670057247211;0.9999075378443187;0.9999895787162801;0.9999144010624537;1.0001417951236395;0.9999370198286229;0.9999771114107213;0.9999459604010841;1.0;0.9999246280653622;0.9999360420214597;0.999923779426408;1.0;0.9999627883777562;0.9999589841177411;0.9999874737111362;0.9999634679357119;0.9999502323623162;0.9999047483574529;0.9999970507889071;0.999959836615335;0.9999999999999999;1.0001994580542597;0.9999227163861383;1.0;0.9999247985612095;1.0;0.9998773618450768;1.0;0.9998486780192977;1.0;0.9998748234802405;0.9999999999999999;0.9996302332525978;0.9996123089810787;0.9996043792894715;1.0;0.9999957688317471;0.9999127029438915;0.9999584681476962;0.9999283617773737;1.024999976158142;
2016-09-12 00:00:00;0.9999007097485086;1.0;0.9999681936976971;0.9999060586553097;0.9999890622186899;0.9999135658403332;1.0001399314039383;0.9999338149414108;0.9999761519075109;0.9999475408166358;1.0;0.9999370500069998;0.9999457392632383;0.9999241070922064;1.0;0.9999569930624554;0.9999529091656064;0.999986637085752;0.9999641614338772;0.9999487752181485;0.9999017262476312;0.9999968274548866;0.9999538127320424;1.0;1.0001970575393737;0.999919045116892;0.9999999999999999;0.9999248619196167;0.9999999999999999;0.9998866095091864;1.0;0.999856018199235;0.9999999999999999;0.9998679063691401;1.0;0.9996571039532075;0.9996411685018779;0.9996324448939122;0.9999999999999999;0.9999959772640513;0.9999090638251662;0.9999585084237597;0.9999399628563301;1.024999976158142;
2016-09-12 00:15:00;0.9999230357392708;1.0;0.9999743448385531;0.9999279671759063;0.9999916562039216;0.9999334297457854;1.0001355716792244;0.999951465368127;0.9999823119526482;0.9999578394131938;1.0;0.999941129464009;0.9999497725872577;0.999940914716229;0.9999999999999999;0.999971509310687;0.9999685672669089;0.9999898668766025;0.9999713679185751;0.9999611720690943;0.9999250211830222;0.9999977834042577;0.9999692152353415;1.0;1.00019058145598;0.9999393996340208;1.0;0.9999415320561059;1.0;0.9998972686189842;1.0;0.9998472255319902;0.9999999999999999;0.999868882174705;1.0;0.9996297537287581;0.9996139594743054;0.9996048234350938;1.0;0.9999966387518067;0.9999313047704241;0.9999677224843916;0.9999438977778765;1.024999976158142;
2016-09-12 00:30:00;0.9999285196366684;1.0;0.9999773257484611;0.9999323660446069;0.9999919464390596;0.9999378656083813;1.0001333576361622;0.9999520973801385;0.9999826810300256;0.9999626171865861;1.0;0.9999499226900378;0.9999574180496188;0.9999456602312397;1.0;0.9999683727583717;0.999965401475839;0.9999901081170555;0.9999743669642416;0.9999629485705627;0.9999287877889923;0.9999976755694348;0.9999660536983167;1.0;1.0001876056986712;0.9999412173753413;1.0;0.9999461320052919;1.0;0.9998998077854809;1.0;0.9998478450204616;0.9999999999999999;0.9998688210198108;1.0;0.9996316367664845;0.9996154688491845;0.9996063327961778;1.0;0.999997111381965;0.9999339771705401;0.999970176397403;0.9999528087778413;1.024999976158142;
2016-09-12 00:45:00;0.999947494941349;0.9999999999999999;0.9999831371861653;0.9999491813348691;0.9999943245379546;0.9999530885904111;1.000128284781236;0.9999615689515143;0.9999861024949922;0.9999729034612332;0.9999999999999999;0.9999611684152032;0.9999680979729756;0.9999586387871523;1.0;0.9999731850881451;0.9999708113103074;0.9999932828974446;0.9999817139336321;0.9999720015201777;0.9999483307208034;0.9999978628287829;0.9999713623133761;1.0;1.000180332994431;0.9999562608526451;0.9999999999999999;0.9999595664542142;0.9999999999999999;0.9999064139881053;1.0;0.9998660824018439;1.0;0.999907378655012;1.0;0.9996599782267517;0.9996431754302869;0.999634039124054;1.0;0.9999980428584312;0.9999517525113394;0.9999773256676813;0.9999642549297452;1.024999976158142;
2016-09-12 01:00:00;0.9999439409451106;1.0;0.9999836116658556;0.9999461149990243;0.9999939557581446;0.9999510393993659;1.0001240114114938;0.9999593704953724;0.9999862837536178;0.9999722843685268;0.9999999999999999;0.9999624700444378;0.9999686437328081;0.9999575356136438;1.0;0.9999691449250871;0.9999665590823129;0.9999924606282851;0.9999808676653584;0.9999704892926352;0.9999430767587877;0.9999981879444089;0.9999671340394523;1.0;1.0001745281491616;0.9999517453068795;1.0;0.999958100058805;1.0;0.9999326718001168;1.0;0.9998666649353224;1.0;0.9999097620696541;0.9999999999999999;0.9996598594936379;0.9996438323493244;0.999635108718112;1.0;0.9999980813500939;0.9999465190942816;0.9999773393189396;0.9999654120123749;1.024999976158142;
2016-09-12 01:15:00;0.9999484066087909;0.9999999999999999;0.9999859030184441;0.999951895199058;0.9999940930822275;0.9999569203782078;1.0001239841944722;0.9999665677176719;0.9999891772401511;0.9999746827516262;1.0;0.9999610016711485;0.999966709457687;0.9999634474831843;1.0;0.9999747883701817;0.9999726065892361;0.9999921643757695;0.9999819584569722;0.9999738621383285;0.9999459818603822;0.9999990129400735;0.999973044922262;1.0;1.0001744623353943;0.999955443160857;1.0;0.9999630499698519;1.0;0.9999256481922719;1.0;0.9998692923154575;1.0;0.9999185040572087;1.0;0.999661823419048;0.9996460399926064;0.9996365226534686;1.0;0.9999981121118501;0.9999494904452347;0.9999806979119;0.9999636738854703;1.024999976158142;
2016-09-12 01:30:00;0.9999572254604463;0.9999999999999999;0.9999875997117339;0.9999600757071274;0.9999951580600112;0.9999639310549701;1.0001218918710904;0.9999724626514083;0.9999907798091613;0.9999783467797658;1.0;0.9999613138121572;0.9999676784252304;0.9999689916002499;1.0;0.999980461634827;0.9999786986022686;0.999993721099784;0.9999847844615941;0.9999783504072487;0.9999560679176188;0.9999990634099014;0.9999790613296088;0.9999999999999999;1.0001713330810136;0.9999639506422735;1.0;0.9999688579115603;1.0;0.9999378057476005;1.0;0.9998675237094732;1.0;0.9999103212837457;1.0;0.9996620195669633;0.9996460840372741;0.9996373603864117;1.0;0.9999983468290734;0.9999591341060358;0.9999834559123401;0.9999642267321686;1.024999976158142;
2016-09-12 01:45:00;0.9999578633673164;1.0;0.9999873592876332;0.9999611363521862;0.9999946518080333;0.9999646916228285;1.000119097520543;0.9999742678032152;0.9999905253623504;0.999978442230189;1.0;0.9999601784111303;0.9999665079543641;0.9999700216655667;1.0;0.9999833165346893;0.999981678483154;0.9999930846177888;0.9999847161757596;0.9999784606117056;0.9999563888923413;0.9999989268743927;0.999981999224036;1.0;1.0001673615092588;0.9999647133633608;1.0;0.999969496439656;1.0;0.9999598623638097;1.0;0.9998572585597328;1.0;0.9999072997875642;1.0;0.999632989426432;0.9996178847077257;0.9996099549718875;1.0;0.9999981792331667;0.9999595853823139;0.9999832324495059;0.9999630219730401;1.024999976158142;
2016-09-12 02:00:00;0.9999540149790906;0.9999999999999999;0.9999865763655755;0.9999569645537011;0.9999945607213844;0.9999610252756714;1.0001181842791147;0.9999700060264233;0.9999895735768489;0.9999769020403314;0.9999999999999999;0.99996050526877;0.999966898296627;0.9999666754976788;1.0;0.9999787685788719;0.9999768490185909;0.9999929935312823;0.9999837359916117;0.9999763563680163;0.9999525715681477;0.9999988096622932;0.9999772437656892;1.0;1.0001661824575767;0.9999609377394761;0.9999999999999999;0.9999664683286626;1.0;0.9999646537283442;1.0;0.9998658891474611;1.0;0.9999143502285431;1.0;0.9996541654058154;0.9996380537888632;0.9996293302080788;1.0;0.9999982012199808;0.9999557905323714;0.9999818712412825;0.9999634740302358;1.024999976158142;
2016-09-12 02:15:00;0.999958782452684;1.0;0.9999876037267736;0.9999612135650507;0.9999947083574932;0.9999646148991082;1.000117415420291;0.9999725439463476;0.9999896504019393;0.999979437053123;1.0;0.9999643385945373;0.9999703008838302;0.9999700015448456;1.0;0.9999810624826277;0.9999793166451747;0.9999933051707185;0.9999855124024937;0.9999781418521655;0.9999573521212556;0.9999985663314963;0.9999796772205268;1.0;1.0001650341135437;0.9999646736298631;1.0;0.999969719551707;1.0;0.9999666084703756;1.0;0.9998749361260397;1.0;0.9999176731183594;1.0;0.9996791691126921;0.9996636109603382;0.9996552681714806;1.0;0.9999983228832134;0.9999601424654224;0.9999829774240871;0.9999672247239486;1.024999976158142;
2016-09-12 02:30:00;0.9999548189935311;1.0;0.9999866460489009;0.9999583818444977;0.9999940422714246;0.9999622539519158;1.0001175650796712;0.9999724297332131;0.999989669591369;0.9999772099770342;1.0;0.9999589483701209;0.9999652852172806;0.9999682768421141;1.0;0.9999818926241515;0.9999801245859103;0.9999922545038725;0.999983710971627;0.9999767064430312;0.999952722756575;0.9999987992672945;0.9999804640335085;1.0;1.0001652739658466;0.9999616852561778;1.0;0.9999675265650609;0.9999999999999999;0.9999717429020312;1.0;0.999867609565149;1.0;0.9999081310137125;1.0;0.9996635928371539;0.9996485608880196;0.9996410119181264;0.9999999999999999;0.9999980433707382;0.9999560798616626;0.9999820349062641;0.9999618612832417;1.024999976158142;
2016-09-12 02:45:00;0.9999581784576164;1.0;0.9999875558930296;0.9999617223237662;0.9999940852233037;0.9999652262073178;1.0001166110794324;0.9999751508321263;0.9999901558755127;0.9999789804843259;1.0;0.9999599935672844;0.9999661877174251;0.9999711457558392;0.9999999999999999;0.9999843242664738;0.999982727656314;0.9999922974556749;0.9999848364702699;0.9999782254252151;0.9999557879254861;0.9999987888355301;0.9999830220367053;1.0;1.0001638893647036;0.9999643649985108;1.0;0.9999701537488068;1.0;0.9999739731861033;1.0;0.999876823012529;0.9999999999999999;0.9999201284109481;1.0;0.9996831501199841;0.9996672142534544;0.9996584904181941;1.0;0.9999980963699077;0.9999589359955955;0.9999831587934731;0.9999629064834499;1.024999976158142;
2016-09-12 03:00:00;0.9999539870499298;1.0;0.9999869407332274;0.9999575847795561;0.9999943272860289;0.9999618267933524;1.0001168942150083;0.9999717125686712;0.9999902048993338;0.9999769890848639;1.0;0.9999580043100748;0.9999645525511391;0.9999677819386433;0.9999999999999999;0.9999802667662249;0.9999784336812141;0.9999925088684566;0.9999835395653801;0.999976691102195;0.9999517854669578;0.9999990545584122;0.9999787880794666;1.0;1.0001643864868557;0.9999608073452347;1.0;0.9999671407104255;1.0;0.9999712961642352;1.0;0.9998734808203665;1.0;0.9999211931642824;1.0;0.999672346354122;0.9996550681061018;0.9996451379939985;1.0;0.9999981308870338;0.9999551492172057;0.9999824242894789;0.9999610482594478;1.024999976158142;
2016-09-12 03:15:00;0.9999538793317582;1.0;0.9999863189473804;0.9999565475822749;0.9999946602789895;0.9999605199807663;1.0001167726471876;0.9999691796140985;0.9999892526746911;0.9999767343324273;1.0;0.999960369969636;0.9999670041617368;0.9999660239911797;1.0;0.9999781538875748;0.9999761943256981;0.999993214142623;0.9999837504441214;0.9999761419017513;0.9999528408893272;0.9999986924294119;0.9999766080762833;1.0;1.0001641950286586;0.9999609453363723;1.0;0.9999660233790151;1.0;0.9999708640806664;1.0;0.9998765671478217;1.0;0.9999240958068021;1.0;0.9996796708716607;0.9996628677441921;0.9996537312579801;1.0;0.9999982214501325;0.9999560194970891;0.9999815340061231;0.9999634564817134;1.024999976158142;
2016-09-12 03:30:00;0.9999598607224113;1.0;0.9999877814698293;0.9999629583135726;0.9999943237632927;0.999966178009;1.000116943208366;0.9999753550650534;0.9999900635346256;0.9999797731896098;1.0;0.9999612043044969;0.9999674787965072;0.9999717858546895;1.0;0.9999844680575286;0.9999828984105024;0.9999927167515458;0.9999855226243474;0.9999788192879634;0.9999578914796252;0.9999986523353895;0.9999831983764264;0.9999999999999999;1.000164323582478;0.9999658307027174;1.0;0.999970998737234;1.0;0.9999707279099078;1.0;0.999873938776552;1.0;0.999913804290497;1.0;0.9996787971750678;0.9996635266317269;0.9996559775488181;1.0;0.9999981792958851;0.9999608456908364;0.9999834078289516;0.9999641924197663;1.024999976158142;
2016-09-12 03:45:00;0.9999596223074161;1.0;0.9999875996101036;0.9999618957566866;0.9999951191010363;0.9999651476072875;1.000117141494513;0.9999729665811709;0.9999900666744084;0.9999794415960958;1.0;0.9999637247874068;0.9999699715913812;0.9999700168904943;1.0;0.9999815985470194;0.9999798966568374;0.9999938935470756;0.9999856925520781;0.9999788282486646;0.9999589129568732;0.9999986508035125;0.9999802581338023;0.9999999999999999;1.000164608152665;0.9999659977155865;1.0;0.9999700021373578;0.9999999999999999;0.9999704648845084;1.0;0.9998766087530346;1.0;0.9999163078729482;1.0;0.999685132970175;0.9996694901584133;0.9996611473204902;1.0;0.9999983698152848;0.9999617237294185;0.9999832943163708;0.9999666377144415;1.024999976158142;
2016-09-12 04:00:00;0.9999636832721255;0.9999999999999999;0.9999875656816879;0.999965723467301;0.999994677475808;0.9999679405912499;1.0001164864031729;0.999975965677004;0.9999892421343689;0.9999810916042673;1.0;0.9999634314041248;0.9999700230258524;0.9999727552074738;1.0;0.999986254415043;0.9999847870147198;0.9999935836844137;0.9999868760184687;0.9999799068067657;0.9999632123777611;0.9999980973932636;0.9999850960852755;1.0;1.0001635467795735;0.9999697470125523;1.0;0.9999724776625167;0.9999999999999999;0.999967857665191;1.0;0.9998736626315597;1.0;0.9999196947690931;1.0;0.9996739295772042;0.9996576525103673;0.9996493097712364;0.9999999999999999;0.999998252543386;0.9999658358738899;0.9999832162322311;0.9999665447250355;1.024999976158142;
2016-09-12 04:15:00;0.9999665742763019;0.9999999999999999;0.9999905040572261;0.9999685478767293;0.9999964608685569;0.9999716693231411;1.000115874719738;0.9999776991327568;0.9999928927964317;0.9999832373146552;1.0;0.9999656819925126;0.9999719263011999;0.9999754859740448;1.0;0.9999833847630024;0.9999819522934198;0.999995410053279;0.9999882848498886;0.9999831200298671;0.9999657978424277;0.9999993083402571;0.9999822551930663;1.0;1.0001628090591597;0.9999716573967387;1.0;0.9999755742171508;0.9999999999999999;0.999968433454544;0.9999999999999999;0.9998775138545524;1.0;0.9999207954673699;1.0;0.9996847938655039;0.9996688210409498;0.9996604782086107;1.0;0.9999987997082183;0.9999680923035411;0.9999872415906763;0.9999686991658109;1.024999976158142;
2016-09-12 04:30:00;0.9999685242872397;1.0;0.9999904737306237;0.9999699622928144;0.9999966321046032;0.9999726060018141;1.0001145425044946;0.9999779693027425;0.9999924932170229;0.9999839916511545;1.0;0.9999681891842308;0.9999742447473171;0.9999760558361963;1.0;0.9999841138034341;0.9999827268778627;0.9999958249093742;0.9999890094286127;0.9999836662416939;0.9999684097390489;0.9999990352823533;0.9999830348861756;1.0;1.0001608804908015;0.9999735489862293;1.0;0.9999763863088247;1.0;0.9999652235825801;0.9999999999999999;0.999891015781694;1.0;0.9999225598946259;1.0;0.9997243014664059;0.9997086580417458;0.9997003148769432;1.0;0.9999988470857091;0.9999705181711837;0.999987199512597;0.9999711021242705;1.024999976158142;
2016-09-12 04:45:00;0.9999743364080422;0.9999999999999999;0.999990732534836;0.999974545559122;0.9999972332588674;0.9999759603276435;1.0001140808071731;0.999979796583961;0.9999920457099766;0.99998622504012;1.0;0.9999720669361153;0.9999782056961047;0.9999783226081955;1.0;0.999986895711764;0.9999856942107095;0.9999970388397172;0.9999910435530538;0.9999857501909013;0.9999759201711308;0.9999984995622633;0.9999859964370369;1.0;1.0001600625017182;0.9999792594354469;1.0;0.9999792132049147;1.0;0.9999681514644786;1.0;0.9998879505240691;1.0;0.9999211048710558;1.0;0.9997160362835411;0.9997007104500274;0.9996927800571519;1.0;0.999998990974734;0.9999775668435431;0.9999876887375865;0.9999749798874509;1.024999976158142;
2016-09-12 05:00:00;0.9999823005193865;0.9999999999999999;0.9999936576355366;0.9999827570185523;0.9999978849416441;0.9999837467289718;1.0001132110980533;0.999986932740968;0.9999946474284634;0.9999905020704745;1.0;0.9999728362801907;0.99997887522672;0.9999855650927398;0.9999999999999999;0.9999919831415455;0.9999912036285548;0.9999976307911581;0.9999937045573175;0.999990241578417;0.9999830492402029;0.9999990144815902;0.9999913907290585;1.0;1.0001587742773446;0.9999856854966054;1.0;0.9999859429192525;1.0;0.9999738428400113;1.0;0.9998802426610559;1.0;0.9999172303564383;0.9999999999999999;0.9996954234244565;0.9996789315391668;0.9996697949061385;1.0;0.999999240987735;0.9999842651156639;0.9999916056287375;0.9999758244302193;1.024999976158142;
2016-09-12 05:15:00;0.9999708678941615;0.9999999999999999;0.9999903533856622;0.999971353226024;0.9999970198227732;0.9999733894219136;1.0001156567582143;0.9999774900392032;0.9999918537904697;0.9999848674985736;1.0;0.9999703450697754;0.9999766314417248;0.9999762329616293;1.0;0.9999841237509918;0.9999827480096174;0.9999966247329993;0.9999899780810445;0.9999842406015724;0.9999719087868264;0.9999986434710937;0.999983081971909;1.0;1.0001623692249657;0.9999758579791318;1.0;0.9999770679360824;1.0;0.9999740141079024;1.0;0.9998572037741295;1.0;0.9999111326023354;1.0;0.9996301123669092;0.9996134453511185;0.9996043093166056;1.0;0.9999989576947791;0.9999737175210281;0.9999870137248147;0.9999733890567147;1.024999976158142;
2016-09-12 05:30:00;0.9999733685601908;1.0;0.9999909996818142;0.9999738559379864;0.9999974199870354;0.9999756612399758;1.0001164932949125;0.9999796672972459;0.9999927475065222;0.9999858571321825;1.0;0.9999218913611446;0.9999408029914545;0.9999780285843947;0.9999999999999999;0.999986020812663;0.9999847895206624;0.9999971244505211;0.9999907079384752;0.9999857963397175;0.999974705548108;0.9999988185733599;0.9999850924886534;0.9999999999999999;1.0001634879721943;0.9999783822882778;1.0;0.9999788963040063;1.0;0.9999728608538114;0.9999999999999999;0.9998558687380674;1.0;0.999914456884202;1.0;0.9996238245632942;0.9995863896557264;0.9995784601697313;1.0;0.9999990307546037;0.9999764503372829;0.9999881349794156;0.9999317806044675;1.024999976158142;
2016-09-12 05:45:00;0.9999718273934421;0.9999999999999999;0.9999901791462732;0.9999730766612066;0.9999963130099864;0.9999747624319184;1.0001201620262625;0.9999805505700814;0.999991782530879;0.9999850485420924;1.0;0.9998373171335774;0.9998774882400713;0.9999780229676626;1.0;0.9999885046628556;0.9999873309290788;0.9999956758639862;0.9999898515202875;0.9999845888711086;0.9999722521228309;0.9999985574197179;0.9999875948140191;1.0;1.0001686064918143;0.9999769786519942;1.0;0.9999782071827169;0.9999999999999999;0.9999715152888131;1.0;0.9998259622644511;1.0;0.9999045971170577;1.0;0.9995403922547356;0.9994651147126566;0.9994559800338216;1.0;0.9999987185860727;0.9999742792484733;0.999986960343238;0.9998588509355137;1.024999976158142;
2016-09-12 06:00:00;0.9999682789372427;0.9999999999999999;0.9999897664484259;0.9999692355930014;0.999996353450589;0.9999715450326027;1.0001247233085446;0.9999765370942021;0.9999912036658841;0.9999838112678321;1.0;0.9998470035069358;0.9998848133443667;0.9999750992401298;1.0;0.9999836499042278;0.9999821986237003;0.999995687223128;0.9999890352133769;0.9999827923449598;0.9999685572041132;0.9999985678614824;0.9999825334342319;1.0;1.0001751188741;0.9999732883969701;1.0;0.9999755835437432;0.9999999999999999;0.9999697499978247;0.9999999999999999;0.9998278746819487;1.0;0.9999068901706759;1.0;0.9995445887455;0.9994730190484125;0.9994638842973353;1.0;0.9999987951960838;0.9999705624508237;0.9999860505531488;0.9998673678366197;1.024999976158142;
2016-09-12 06:15:00;0.9999780670179125;1.0;0.9999923031137602;0.9999790530313001;0.9999977154357496;0.9999804311335942;1.0001274638735749;0.9999850820929324;0.9999944332128803;0.9999878444137812;0.9999999999999999;0.9998287277300182;0.9998715374500174;0.9999823482227007;1.0;0.999991178560665;0.9999902908897055;0.9999973816407458;0.9999919342873412;0.9999886668556147;0.9999792182772805;0.9999991598303142;0.9999905008398036;1.0;1.0001787602703252;0.9999829113900168;0.9999999999999999;0.9999828243646268;1.0;0.999967183878027;1.0;0.9998146231305183;1.0;0.9998819117627654;1.0;0.9995217844672893;0.9994437828849995;0.9994366480621395;1.0;0.9999990578456697;0.9999809400787729;0.9999902889803115;0.9998516080646782;1.024999976158142;
2016-09-12 06:30:00;0.9999704202406597;1.0;0.9999902445124313;0.9999711190748857;0.9999980110933232;0.9999733711553458;1.0001338940845617;0.9999780198885723;0.9999934659738353;0.9999837202947623;1.0;0.9998212271937291;0.9998659471439161;0.9999751843087917;1.0;0.9999844587213685;0.9999831320773671;0.9999978381512427;0.9999894702546822;0.99998533578972;0.9999727688446276;0.9999992280179064;0.9999834687073305;1.0;1.000187883833497;0.9999769807884221;1.0;0.9999765310789342;1.0;0.9999714157427585;1.0;0.9997686328229404;0.9999999999999999;0.9998226114621809;1.0;0.9994238625825729;0.9993404464035018;0.9993297259714706;1.0;0.9999990319908073;0.9999749061852442;0.9999878207923305;0.999844947729906;1.024999976158142;
2016-09-12 06:45:00;0.9999474903497784;1.0;0.999981223292629;0.9999500383916147;0.9999962009534593;0.9999534335312616;1.000136644421593;0.9999654255352889;0.9999890872741591;0.9999691492624376;0.9999999999999999;0.9998010413262164;0.9998486147508785;0.9999561560610695;1.0;0.9999801934403681;0.9999781839728282;0.9999958763358996;0.9999800471932885;0.9999748464365724;0.9999527617896345;0.9999988180086278;0.9999786894759378;1.0;1.0001917352064547;0.999961818917988;1.0;0.9999582215972378;1.0;0.9999593122983591;1.0;0.9997841631421718;1.0;0.9998578711856204;0.9999999999999999;0.9994464860448843;0.9993566593501418;0.9993387979696298;0.9999999999999999;0.9999978579401518;0.9999573958666348;0.9999779285299801;0.9998250504400901;1.024999976158142;
2016-09-12 07:00:00;0.9999300265063226;1.0;0.9999749401762018;0.999934375056211;0.9999938548853837;0.9999387683880957;1.0001464357111147;0.9999566044170713;0.9999850894985471;0.9999590587593938;1.0;0.9997721844917122;0.9998251873660612;0.999943431805642;1.0;0.9999772978791628;0.999974775073829;0.9999929756613715;0.9999730552863424;0.9999661339766295;0.9999355853440869;0.9999983079501051;0.9999753766394615;0.9999999999999999;1.0002055237217276;0.9999487034175235;1.0;0.9999451760132467;1.0;0.9999557206045778;0.9999999999999999;0.9997840973690718;1.0;0.9998644560217325;1.0;0.9994417881042434;0.9993384865659305;0.9993128706465564;0.9999999999999999;0.9999968843120938;0.9999419487291347;0.9999703406913736;0.9997985612468168;1.024999976158142;
2016-09-12 07:15:00;0.9999167467115162;1.0;0.9999755138930806;0.9999237432954514;0.9999911332755479;0.9999312508536143;1.0001557903330074;0.9999510842746926;0.9999844823043099;0.999956143137352;0.9999999999999999;0.9997099674156755;0.9997768263814373;0.9999402482113301;1.0;0.9999679253967063;0.9999648165377039;0.9999882944723054;0.9999692373684347;0.999959766447804;0.9999154450549347;0.9999990225579342;0.9999654347769321;1.0;1.0002191998775538;0.9999323826042934;1.0;0.9999397970187319;0.9999999999999999;0.9999542712513576;1.0;0.9996707521294759;1.0;0.9998242143335857;1.0;0.9991276073857475;0.9989046491292597;0.9987583642866504;1.0;0.9999965887810119;0.9999222358702391;0.9999689601854113;0.9997448225513026;1.024999976158142;
2016-09-12 07:30:00;0.9998938805206214;0.9999999999999999;0.9999697957040172;0.9998990758285679;0.9999920137358493;0.9999092977015425;1.0001611536108783;0.9999270834287621;0.9999805490724604;0.9999447479240571;1.0;0.9996585277105373;0.9997394089008891;0.9999183520204797;1.0;0.9999438068097409;0.9999391845540999;0.9999897387064185;0.9999625284693188;0.9999489281155106;0.9998957597012195;0.9999988769372211;0.9999402401556549;1.0;1.0002271409184775;0.9999132087927396;1.0;0.9999206770511211;1.0;0.9999539742181485;1.0;0.9996509434225964;0.9999999999999999;0.9998245779287271;1.0;0.9990676246050046;0.9987901729547154;0.998603721329071;1.0;0.999996713408703;0.999903295497884;0.9999612502124988;0.9997008364805765;1.024999976158142;
2016-09-12 07:45:00;0.9998980084701666;1.0;0.9999664052158388;0.9999004967360754;0.9999931685257816;0.9999082162588451;1.0001680207675436;0.9999246804269362;0.9999775124021633;0.9999437178685446;1.0;0.9995414093961448;0.9996546799212739;0.9999146312780376;1.0;0.9999470957236651;0.9999425540701731;0.9999925604392966;0.9999635332322885;0.9999494332138137;0.9999060289633104;0.999997365219614;0.9999437053559418;0.9999999999999999;1.0002363437093449;0.9999206605367236;1.0;0.9999190535541177;0.9999999999999999;0.9999465854597311;1.0;0.9995928924526744;1.0;0.9998096586706123;1.0;0.9989029375394956;0.9985847208770551;0.9984155488371859;1.0;0.9999966759841759;0.9999134309741402;0.9999580506223318;0.9996007825146169;1.024999976158142;
2016-09-12 08:00:00;0.9999120207402761;1.0;0.9999649124412354;0.9999127582675356;0.9999889162408104;0.999915817184354;1.0001677641906601;0.9999321151629474;0.999969107974053;0.999950937810331;0.9999999999999999;0.9996162662245803;0.9997118293850945;0.9999244701976352;0.9999999999999999;0.9999630294941373;0.9999591348618975;0.9999884905091554;0.9999683116631897;0.9999492305306559;0.9999188680528013;0.9999934405048916;0.9999601288600654;0.9999999999999999;1.000235498490341;0.9999307903233426;0.9999999999999999;0.9999270198830678;1.0;0.9999509151512161;0.9999999999999999;0.9995537742755881;1.0;0.9997926313602117;1.0;0.9987966657797219;0.9984762318907825;0.998267551078256;1.0;0.9999959197649801;0.9999249513932248;0.9999538321720819;0.9996667562228707;1.024999976158142;
2016-09-12 08:15:00;0.9999096892941829;0.9999999999999999;0.9999640507792865;0.9999112684779894;0.9999892817627292;0.9999146025072204;1.0001703951478624;0.9999328721668534;0.9999702754167875;0.9999486710935347;1.0;0.9996417773663032;0.9997299512314689;0.9999227009049051;1.0;0.9999646765998731;0.9999608468220452;0.9999888560309184;0.9999668738685745;0.9999493714359431;0.9999174303415621;0.9999939714735462;0.9999618237715953;1.0;1.0002391383554248;0.9999305230687082;1.0;0.9999254092105299;1.0;0.9999505458214722;1.0;0.9995400790084293;1.0;0.9997679555480096;1.0;0.9987724262773269;0.9984693524094105;0.9982646094470784;1.0;0.9999957728025785;0.9999241484825157;0.9999537695994204;0.9996877431774966;1.024999976158142;
2016-09-12 08:30:00;0.999911454286855;1.0;0.9999700377198928;0.9999142111107789;0.9999927381365786;0.9999204235351845;1.000172825619528;0.999936297275475;0.9999790632725151;0.9999511264770201;1.0;0.999560270646514;0.9996688888883847;0.9999269052862322;1.0;0.9999578263301478;0.999954004887662;0.9999919094718825;0.9999680477848292;0.9999551832816965;0.9999174949133718;0.9999971908060484;0.9999549513878888;0.9999999999999999;1.0002428977978544;0.9999309390977282;0.9999999999999999;0.9999300009344834;1.0;0.9999450964426659;0.9999999999999999;0.9994898857128814;1.0;0.9997650948461994;0.9999999999999999;0.9986230239022634;0.9983006831417529;0.9981172173350019;0.9999999999999999;0.9999967650529982;0.9999240740379163;0.9999623167992384;0.9996174929903225;1.024999976158142;
2016-09-12 08:45:00;0.9999337709868362;1.0;0.9999790344205232;0.9999365040774034;0.999994640407701;0.9999418682016047;1.0001799785580985;0.9999537220420084;0.999985874756464;0.9999642812032528;0.9999999999999999;0.9995829622304891;0.9996865811355201;0.9999470966978462;1.0;0.9999676190651631;0.9999647790627106;0.9999936325440186;0.9999762542570154;0.999967220304923;0.9999367764604703;0.9999985033717647;0.9999654549942958;1.0;1.00025285270968;0.9999473719916793;1.0;0.9999489701622122;1.0;0.999874236756453;1.0;0.9994938630376273;1.0;0.9997408484612884;0.9999999999999999;0.9986529647887843;0.9983498637874396;0.99818320454281;1.0;0.999997686814517;0.9999416684084512;0.9999734957167634;0.9996381898039995;1.024999976158142;
2016-09-12 09:00:00;0.9999431224923424;1.0;0.9999806844942044;0.999944996189757;0.9999954650441919;0.9999490015624747;1.0001739781572905;0.9999593707866065;0.9999868596122692;0.9999684102168793;1.0;0.9996347068832677;0.9997258440034844;0.9999529351602595;1.0;0.9999732644052797;0.9999708321130925;0.9999949612291756;0.9999793939221155;0.9999714729531147;0.9999472474302595;0.9999982986717757;0.9999714362070818;1.0;1.0002442425789235;0.999955993053365;1.0;0.9999550326654657;0.9999999999999999;0.9999026737940675;1.0;0.9994837106436304;1.0;0.9997239142148544;1.0;0.9986335176736686;0.9983308594806626;0.9981365282684361;1.0;0.9999979078497798;0.999951561420719;0.9999759306646692;0.9996830767369516;1.024999976158142;
2016-09-12 09:15:00;0.9999318428480513;0.9999999999999999;0.9999801409370682;0.9999329288033016;0.9999965442643538;0.9999394024881759;1.000170327710434;0.9999469640223413;0.9999868515580134;0.9999643001783208;0.9999999999999999;0.9996143604128868;0.9997111423249015;0.9999435733582993;1.0;0.9999566277156581;0.9999533143678037;0.9999960189760917;0.999976753510884;0.999966966363059;0.9999359142319307;0.9999990036502456;0.9999541485688447;1.0;1.000239541664411;0.9999447258783065;1.0;0.9999469567828593;1.0;0.9999013358573291;1.0;0.9995442297919515;0.9999999999999999;0.9997851266526043;1.0;0.9987736606217922;0.9984888775075396;0.998331599991432;1.0;0.9999983413043465;0.9999402456771364;0.9999745129850879;0.9996660757948587;1.024999976158142;
2016-09-12 09:30:00;0.9999510320282176;0.9999999999999999;0.9999846624197732;0.999953104276063;0.999995847450142;0.9999571288995412;1.0001827077980403;0.9999657493879739;0.9999894294565543;0.9999738721966467;1.0;0.9995294257103914;0.9996480462407882;0.999961207391368;1.0;0.9999757756867098;0.9999736618554602;0.9999950096059005;0.9999825378819901;0.9999756167181854;0.99995283417601;0.9999988584497322;0.9999741588106186;1.0;1.0002565283817857;0.9999607008678791;0.9999999999999999;0.9999624771004842;1.0;0.9998497956512976;1.0;0.9994336334325716;1.0;0.9997455299007417;1.0;0.998468380756309;0.9981132831835517;0.9979148547559018;1.0;0.9999982814836128;0.9999563934787771;0.9999804257500471;0.9995933658535823;1.024999976158142;
2016-09-12 09:45:00;0.999944660873711;1.0;0.9999835361893603;0.9999482999862801;0.9999941128179752;0.9999531473289935;1.0001790387718028;0.9999645065086982;0.9999883547556142;0.9999713449765145;1.0;0.9995534731961905;0.999664467187192;0.9999591580439103;1.0;0.9999754427769704;0.9999731965477762;0.9999924460757411;0.9999800965552385;0.9999723391468448;0.9999440982067607;0.9999988688390664;0.999973670191312;1.0;1.0002515143427495;0.9999542919742122;1.0;0.999959285384117;0.9999999999999999;0.9998368107698549;1.0;0.9995213828373657;1.0;0.9997822836182433;1.0;0.9987077493786519;0.9983721989918253;0.9981824860186862;1.0;0.999997854271246;0.9999482225909172;0.9999785216733632;0.9996133423996484;1.024999976158142;
2016-09-12 10:00:00;0.9999366495901904;1.0;0.9999798858113266;0.9999423307537391;0.9999925275973446;0.9999473098087484;1.0001754923844381;0.9999642540630758;0.9999870630548313;0.9999656383674964;0.9999999999999999;0.9996214078175535;0.9997128377350915;0.9999542212429812;1.0;0.9999800476786747;0.9999778332294861;0.9999904042414445;0.9999760069540434;0.9999689140980278;0.9999362947918469;0.999998798862521;0.9999782665036143;0.9999999999999999;1.0002464531085467;0.9999497525534187;1.0;0.9999536668848557;1.0;0.9998504535494459;1.0;0.9995444647698785;1.0;0.9997853558525353;1.0;0.9987749421597053;0.9984648573500652;0.998261367788568;1.0;0.9999970620762259;0.9999418036779587;0.9999748962022944;0.999669888790648;1.024999976158142;
2016-09-12 10:15:00;0.9998994925931644;0.9999999999999999;0.9999738900327292;0.9999023148255856;0.9999939661579773;0.9999131952662013;1.0001854520808666;0.9999239831826435;0.9999820780169569;0.9999500835868242;1.0;0.9995983745054452;0.9996970300796523;0.9999214673929562;1.0;0.9999338530254636;0.9999289419541371;0.9999920971825573;0.99996633775369;0.9999514301299678;0.9999007558575466;0.999999198156528;0.9999301019422289;0.9999999999999999;1.0002614391891005;0.9999147135793589;1.0;0.9999248059263848;1.0;0.9998428710844676;1.0;0.9995264060041265;1.0;0.9997543557190455;1.0;0.998742216729141;0.9984225257213397;0.9982247929305235;1.0;0.9999977113569973;0.9999067446050356;0.9999650256015746;0.9996512875949378;1.024999976158142;
2016-09-12 10:30:00;0.999915295485864;1.0;0.9999751440648522;0.9999199997949313;0.9999924735296152;0.999927719298089;1.000186567184837;0.9999433602860499;0.9999832879853685;0.9999558245640245;1.0;0.9996063469060006;0.9997018142241025;0.9999356836245221;1.0;0.9999585800929452;0.9999550042217101;0.9999904007321383;0.9999698052918026;0.9999584838722858;0.9999160599144086;0.9999986622873164;0.9999557989388754;1.0;1.0002624309029458;0.9999306746348472;1.0;0.9999369179896325;1.0;0.9998361218526495;1.0;0.999469694171765;1.0;0.9997371003609629;0.9999999999999999;0.9985832875367128;0.9982715265997073;0.9980750280135685;1.0;0.9999970593222611;0.9999222357293073;0.9999679636336367;0.9996570639815615;1.024999976158142;
2016-09-12 10:45:00;0.9999387148789763;1.0;0.9999829117001449;0.999940846751642;0.9999948316505873;0.9999467925995563;1.000182396427435;0.9999548943779147;0.9999870509613884;0.9999694656194515;1.0;0.999640979577228;0.9997303441810121;0.9999527920593161;0.9999999999999999;0.9999635494151339;0.9999606632040419;0.9999934559855818;0.9999791917457105;0.9999691144938224;0.9999387761687438;0.999998762185779;0.9999613254979203;0.9999999999999999;1.000256462262882;0.9999478710557237;0.9999999999999999;0.9999541319945658;1.0;0.9998177311563278;1.0;0.9995171858536972;0.9999999999999999;0.9997718078323159;1.0;0.9987026484273533;0.9984042947932811;0.9982153678782116;0.9999999999999999;0.9999982134920735;0.999942549413421;0.9999768602754872;0.9996892977503707;1.024999976158142;
2016-09-12 11:00:00;0.9999456228017116;1.0;0.9999826988602023;0.9999482728081229;0.9999948457395255;0.9999525577149648;1.0001854686529117;0.999963042603949;0.9999878313112475;0.9999709176512046;1.0;0.9995610536801802;0.9996708279799217;0.9999575148967155;1.0;0.9999750569097178;0.9999727823353486;0.9999937626887107;0.9999804051889941;0.9999726411766047;0.999947181997713;0.9999985748385599;0.9999733043537868;1.0;1.0002604265188533;0.9999563359321053;1.0;0.9999585174925948;1.0;0.9998301735590319;1.0;0.999505584996494;1.0;0.9997312068997475;1.0;0.99869573048204;0.9983629991876235;0.9981732879626521;1.0;0.9999979428960428;0.9999512312567291;0.999977860779909;0.9996200334311605;1.024999976158142;
2016-09-12 11:15:00;0.9999218349829231;1.0;0.9999773512978151;0.9999282423350023;0.9999913553198657;0.9999353877881059;1.0001877241484216;0.9999533626507838;0.9999849125291477;0.9999594887855559;1.0;0.9995717421869534;0.999675084787415;0.9999443174650231;1.0;0.9999686000624279;0.9999656148625979;0.9999885670739633;0.9999714192104319;0.9999617329886471;0.9999198451543819;0.9999989175280543;0.9999662041378644;0.9999999999999999;1.0002639533651985;0.9999355372156695;1.0;0.9999437098478087;0.9999999999999999;0.9998185115022382;0.9999999999999999;0.9995202940471272;1.0;0.999684008887539;0.9999999999999999;0.9987734037714079;0.9984584111983298;0.9982761943553815;1.0;0.9999968320223939;0.9999260048792457;0.9999707596626395;0.9996269367626536;1.024999976158142;
2016-09-12 11:30:00;0.9999179678658608;1.0;0.9999757756686228;0.9999247472901568;0.9999909994126525;0.9999320575300875;1.0001881047814027;0.9999514469599909;0.999984152904366;0.9999569859809786;1.0;0.9996213915290791;0.9997114205415445;0.9999411751961149;1.0;0.9999682459829496;0.9999651608136145;0.9999881729097447;0.9999697873369654;0.9999599581266206;0.9999164525956342;0.9999988387804849;0.9999657736863105;1.0;1.0002644810527035;0.9999330343958248;1.0;0.9999406394191739;1.0;0.9998126437395849;1.0;0.9995139908640828;1.0;0.9997041702944779;1.0;0.9987403376005032;0.9984445092954317;0.9982562077432379;1.0;0.9999966127929658;0.9999230617338469;0.9999690468478541;0.9996690614168401;1.024999976158142;
2016-09-12 11:45:00;0.99992745949748;1.0;0.9999772753603573;0.9999329518659374;0.9999932705121558;0.9999389824347609;1.0001871574273244;0.9999564335593882;0.9999865750443293;0.9999601483946658;0.9999999999999999;0.9996177196556273;0.9997099319029641;0.9999453259446447;1.0;0.999972863462421;0.9999701769996813;0.9999914429240044;0.9999728032952216;0.9999654679022933;0.9999291704281311;0.999999110033594;0.9999707550953122;1.0;1.0002628993273723;0.9999434344747449;1.0;0.9999459786421511;1.0;0.9997921398172884;1.0;0.9995172481543791;1.0;0.9997382691580002;1.0;0.9987266507188898;0.9984236233246195;0.9982292195804012;1.0;0.9999970343535844;0.9999353620736505;0.9999722330656154;0.9996661812084051;1.024999976158142;
2016-09-12 12:00:00;0.9998961909489497;1.0;0.9999673576679065;0.9999042080523594;0.9999907924319408;0.999912835522723;1.000188183493129;0.9999383678528353;0.9999814952882496;0.9999423901842034;1.0;0.9995936899152464;0.9996890424700888;0.9999214710171167;1.0;0.9999621020888472;0.9999583165192832;0.9999882844950766;0.9999608022127673;0.99995115901306;0.9998992955723478;0.9999989739250011;0.9999591358493503;1.0;1.0002645710882225;0.9999198887299989;0.9999999999999999;0.9999225447313121;1.0;0.999803241144249;1.0;0.9995381726676598;1.0;0.9997366003197119;1.0;0.9987906638280991;0.998495247028834;0.9983133302169447;1.0;0.9999957678133488;0.9999083383333891;0.9999605974892941;0.9996427765722165;1.024999976158142;
2016-09-12 12:15:00;0.9998851956597459;0.9999999999999999;0.9999643235048776;0.9998960394590567;0.9999871892958218;0.9999055072321381;1.0001949905735643;0.9999369336162515;0.999978484511168;0.9999374356152871;1.0;0.999588235530222;0.9996824613670344;0.9999176886665386;1.0;0.9999644200822945;0.999960493443871;0.9999832855761268;0.9999562381912958;0.9999449041565832;0.9998845814709295;0.9999985447618647;0.999961251997253;0.9999999999999999;1.0002742330248175;0.999909463932768;1.0;0.9999165807762921;0.9999999999999999;0.9997757501468852;1.0;0.9995490729359049;1.0;0.9997089350641459;0.9999999999999999;0.9988435979437194;0.9985589315385988;0.9983887317616759;1.0;0.9999947967349933;0.9998947727447194;0.99995603550961;0.9996367707148914;1.024999976158142;
2016-09-12 12:30:00;0.999923338750099;0.9999999999999999;0.9999773660980731;0.9999298326122901;0.9999916398403362;0.9999366838321613;1.0001841743257125;0.9999550859850383;0.9999854719798373;0.99995965813588;1.0;0.9996089273493736;0.9997025840331182;0.9999451174887543;1.0;0.9999708270846083;0.9999679732539232;0.9999889817910461;0.9999716577249678;0.9999627886439316;0.9999219796255329;0.9999990138013555;0.9999685371233569;0.9999999999999999;1.0002589031258204;0.9999376436333482;1.0;0.9999445999334203;1.0;0.9997835484765029;1.0;0.9995729708882714;1.0;0.9997474021886154;0.9999999999999999;0.9988885242062467;0.9986097235195511;0.9984519760309981;0.9999999999999999;0.9999968166086953;0.9999282330523324;0.9999712331781113;0.9996586330523662;1.024999976158142;
2016-09-12 12:45:00;0.9998277393504865;1.0;0.9999397832181339;0.9998406474586232;0.9999876407586885;0.9998525508756292;1.000199216217346;0.9999004910400304;0.9999702403694064;0.9998967939820212;1.0;0.9995213844302255;0.9996289560484036;0.9998620235967707;0.9999999999999999;0.9999495907306836;0.9999438266324311;0.9999855297417103;0.9999320707854787;0.9999214476426757;0.9998430956891176;0.9999983665340625;0.9999451938866022;1.0;1.000279875459774;0.99987754286005;0.9999999999999999;0.9998662851675295;1.0;0.9997936713482143;1.0;0.9995786415201762;0.9999999999999999;0.9997534898366562;1.0;0.9989011447386599;0.9986095798857578;0.9984420142114354;1.0;0.9999925606825057;0.9998599306818946;0.9999317368953025;0.9995727309656385;1.024999976158142;
2016-09-12 13:00:00;0.9998473478916337;1.0;0.999951592773187;0.9998597254171616;0.9999838383384776;0.9998718350784211;1.0001956170222785;0.9999108261051128;0.9999695899375425;0.9999165388222718;1.0;0.9995770135016088;0.99967162949824;0.9998871566362777;0.9999999999999999;0.9999477731278712;0.9999422787393862;0.9999794397641522;0.9999424070475793;0.9999257295532891;0.9998488415028023;0.9999973784325398;0.9999434147276579;0.9999999999999999;1.000275410411976;0.9998798498950602;1.0;0.9998869629021211;1.0;0.9997848115311696;1.0;0.9995707219084498;1.0;0.9997222997290298;0.9999999999999999;0.9988992626759132;0.9986172699519049;0.9984474723588648;1.0;0.9999933559132104;0.9998619216400048;0.9999399951576993;0.9996247988757628;1.024999976158142;
2016-09-12 13:15:00;0.9998307127062085;1.0;0.9999522738445255;0.9998479558582238;0.9999772703402272;0.9998636000401246;1.0001962711220163;0.9999076849759699;0.9999663619372634;0.9999143311774317;1.0;0.999516697363714;0.9996229213975943;0.9998873107923236;1.0;0.9999417315623552;0.9999356914381354;0.9999693126654938;0.9999374455129207;0.9999157324646716;0.9998194347450805;0.9999974314083678;0.9999367213606836;1.0;1.0002770652067836;0.9998569375371993;1.0;0.9998820982608223;0.9999999999999999;0.9997852035396494;1.0;0.9995487247187225;1.0;0.9997230898424424;1.0;0.998832327654509;0.998527386402719;0.998360799931483;1.0;0.9999923959807199;0.9998330536625316;0.9999368180181638;0.9995725090471845;1.024999976158142;
2016-09-12 13:30:00;0.9997992786093914;1.0;0.999947253705514;0.9998147336597938;0.9999788776658296;0.9998354465747938;1.000197677889659;0.999875685368116;0.9999635112689599;0.99990037339328;1.0;0.9995576517112719;0.9996538166249069;0.9998598771249994;1.0;0.9999050003732265;0.9998968159642163;0.9999711146228532;0.9999287073962628;0.99990196823305;0.9997897788205865;0.9999982505460722;0.9998984231918628;1.0;1.0002798568971716;0.9998284150631652;1.0;0.9998578725034902;1.0;0.9997923423325032;1.0;0.9995675189825572;1.0;0.9997523005985618;1.0;0.9988684752270472;0.9985861722273202;0.9984267828822502;1.0;0.9999929039402394;0.9998041668996865;0.9999292650335206;0.9996080638246854;1.024999976158142;
2016-09-12 13:45:00;0.9998362987388718;1.0;0.9999578473732548;0.9998542638127743;0.99997703994543;0.9998711271830959;1.0001910883455627;0.9999125828450494;0.9999693493023671;0.9999206813477987;0.9999999999999999;0.9996087931931318;0.9996909763788189;0.9998964276090567;1.0;0.9999395753148427;0.9999336452703093;0.9999680619022652;0.9999404722168588;0.9999187342020747;0.9998197293166964;0.9999983566257797;0.999934574713993;0.9999999999999999;1.0002701140947685;0.9998569195470238;1.0;0.9998896476778797;1.0;0.9997901586832112;1.0;0.999583813815438;1.0;0.9997604002257622;1.0;0.9989119573388281;0.998652033271088;0.9984941481132041;1.0;0.9999928957781801;0.9998323294359418;0.9999422073145829;0.9996525052487601;1.024999976158142;
2016-09-12 14:00:00;0.9998671965613045;1.0;0.9999662138020879;0.9998817158753383;0.9999815032262973;0.9998956347805529;1.0001885088060753;0.9999286000166026;0.9999754410258752;0.9999360458994709;1.0;0.9996672696642585;0.9997379716651535;0.9999160938950231;1.0;0.9999495778556876;0.9999447166891053;0.9999741815820297;0.9999519493962673;0.9999341954493585;0.9998534806089244;0.9999987872530556;0.9999454812817665;0.9999999999999999;1.000266107322586;0.9998835213581896;0.9999999999999999;0.9999107240282292;1.0;0.9997797643516939;1.0;0.9995863497810771;1.0;0.9997393353063493;1.0;0.9989345716870468;0.998694730451947;0.9985383697633023;1.0;0.9999943113051818;0.9998636084358847;0.999953521562052;0.9997050133800859;1.024999976158142;
2016-09-12 14:15:00;0.9999241480096703;0.9999999999999999;0.9999795945682616;0.9999291674749433;0.9999921009148698;0.9999368035104372;1.0001800673830459;0.9999505497227318;0.9999851548667312;0.9999625358483509;1.0;0.9997560876561101;0.9998129252872119;0.999945735098472;1.0;0.9999617473787286;0.9999585182120901;0.999989429239066;0.9999734844590763;0.999962319824939;0.9999212505083129;0.9999989357148613;0.9999591797987792;1.0;1.0002534120522408;0.9999349920048504;1.0;0.9999455730556571;1.0;0.9997854235242143;1.0;0.9995987532933827;1.0;0.9997439613378903;1.0;0.9989685541667603;0.9987507081414051;0.9985924780680268;1.0;0.9999973752085187;0.9999264540741417;0.9999724135269907;0.9997864353031941;1.024999976158142;
2016-09-12 14:30:00;0.9999441946810181;0.9999999999999999;0.9999836658178435;0.9999471419318641;0.9999947058031444;0.9999521987157175;1.0001752852100751;0.999962081505952;0.9999883565981209;0.9999713170791262;1.0;0.9997678978874304;0.9998238600043828;0.999957796226617;0.9999999999999999;0.9999720238298583;0.9999696217071414;0.9999932704074423;0.9999803140525957;0.9999721535744587;0.9999442370939378;0.9999988986827608;0.9999701525545641;0.9999999999999999;1.0002463105980637;0.9999536973365478;0.9999999999999999;0.9999585011970926;1.0;0.9998028633134185;1.0;0.9996051546216773;1.0;0.9997742343520848;1.0;0.998966273368108;0.9987099871521486;0.9984993952584539;1.0;0.9999980509081073;0.9999481590337902;0.9999785607566465;0.9997976677982281;1.024999976158142;
2016-09-12 14:45:00;0.9999421080746584;1.0;0.9999827901777603;0.999946394367553;0.9999928186714211;0.9999513529199793;1.000183748567777;0.9999640345840701;0.9999869941928589;0.9999705233657299;1.0;0.9997749080993505;0.9998279392886851;0.9999586282754187;1.0;0.9999760566075454;0.9999737632857207;0.9999907167875428;0.9999791371689817;0.999970380897113;0.9999401359206699;0.9999985364966636;0.9999742188003489;0.9999999999999999;1.000258165462107;0.9999513271686333;1.0;0.999958014609908;0.9999999999999999;0.9997861167834714;0.9999999999999999;0.999554135003691;1.0;0.9997172169319604;1.0;0.998852565533392;0.9986145852785852;0.9984215436911933;1.0;0.9999975723507578;0.9999444356140963;0.9999770619790727;0.9998031636376625;1.024999976158142;
2016-09-12 15:00:00;0.9999412648068411;1.0;0.9999819531022186;0.9999461177244181;0.9999927293915977;0.9999509225824091;1.0001844682061944;0.9999652870071866;0.9999872375171229;0.9999692177375087;1.0;0.9997879900658186;0.9998371126319525;0.9999579863055563;1.0;0.9999787811433216;0.9999765948290469;0.9999906259440131;0.9999783035000769;0.9999704278904417;0.9999398778919;0.9999986432429374;0.9999770221023194;1.0;1.0002590964472877;0.9999518442491553;1.0;0.9999573031297735;1.0;0.9997857692007475;1.0;0.9995411120685065;1.0;0.9997432190784024;0.9999999999999999;0.9987951705628632;0.9985739927093656;0.9983926746615442;1.0;0.9999973825022722;0.9999445957510025;0.9999766346701034;0.9998137891349342;1.024999976158142;
2016-09-12 15:15:00;0.9999528255127959;1.0;0.9999861016720623;0.9999569997700363;0.9999936143718802;0.9999610672101124;1.0001781122593316;0.9999725328159698;0.9999895709865596;0.9999760711240544;1.0;0.9997991452344928;0.9998463485823552;0.9999674915340518;1.0;0.9999826524774421;0.9999808852497081;0.9999916136311845;0.9999827701856192;0.9999759163122987;0.9999503365543363;0.9999988778666674;0.9999812095508364;1.0;1.0002501367858279;0.9999601794129923;1.0;0.9999664337319306;1.0;0.9997977871303592;1.0;0.9996005697056924;1.0;0.999755030285283;1.0;0.99896606283019;0.9987469927935921;0.9985660522515313;1.0;0.9999978780942501;0.9999539913805223;0.9999814644964862;0.9998243664805427;1.024999976158142;
2016-09-12 15:30:00;0.9999362651168017;1.0;0.9999796648559865;0.9999405241146283;0.9999938834218206;0.9999455883377998;1.000179249373769;0.9999601215332155;0.9999870599612601;0.9999651807505621;1.0;0.9997955600613283;0.999842955323522;0.9999512961483572;1.0;0.9999749493904196;0.9999725020825391;0.9999923990328632;0.9999763510401987;0.9999689072819463;0.9999379501011099;0.9999987970593885;0.9999730413715345;1.0;1.0002517445467887;0.9999499236632637;1.0;0.9999520323351087;0.9999999999999999;0.9997982065174567;1.0;0.9995759829468356;0.9999999999999999;0.999780579379547;1.0;0.9988739841006563;0.9986302268798747;0.9984133009184385;1.0;0.9999974037979898;0.9999431892341921;0.999974751594963;0.9998198389764112;1.024999976158142;
2016-09-12 15:45:00;0.9998718603609713;1.0;0.9999563001721685;0.9998804047238236;0.9999910256861944;0.9998897631213141;1.000184250165457;0.999922085507645;0.9999773783493167;0.9999248091058831;1.0;0.9997552566771963;0.9998072850654447;0.9998969331333964;1.0;0.9999558464014017;0.9999512600039647;0.9999894815663809;0.9999505497875503;0.9999409493556074;0.9998825285068206;0.999998644852062;0.9999523574289015;0.9999999999999999;1.000258898917424;0.9999068712791487;1.0;0.9999006168948325;1.0;0.9997974939792924;1.0;0.9996227227924553;1.0;0.9998135004810176;1.0;0.9989921056881577;0.9987843441897999;0.998610371657434;1.0;0.9999947827173868;0.9998943964333321;0.999949578540817;0.9997785981456129;1.024999976158142;
2016-09-12 16:00:00;0.9999240899025398;1.0;0.9999741238215308;0.99992990357513;0.9999932133195374;0.9999353187244623;1.0001811657430721;0.9999555728919598;0.9999855514325383;0.9999561713873569;1.0;0.9997889818797858;0.999836319714102;0.9999408606723319;1.0;0.9999763578374328;0.9999737238117997;0.9999917718765842;0.9999706575026833;0.9999641581292651;0.9999284526157916;0.9999988361920621;0.9999743151968324;1.0;1.0002543094372558;0.999943697933254;1.0;0.9999420609524129;1.0;0.9998036065982917;1.0;0.9995996979783438;0.9999999999999999;0.9997823472000378;0.9999999999999999;0.9989441701836963;0.9987390444275639;0.9985675892286364;1.0;0.9999966267682869;0.9999354976227729;0.9999695310351798;0.9998121044268926;1.024999976158142;
2016-09-12 16:15:00;0.9999360551058435;0.9999999999999999;0.9999812527252453;0.9999417817788997;0.9999927948254685;0.9999475544200787;1.0001788169237156;0.9999633020262259;0.99998800798161;0.9999664811911155;0.9999999999999999;0.9997995857301789;0.9998448733487851;0.999954812952099;1.0;0.9999764156460785;0.9999740730220164;0.9999904356976017;0.9999763088805664;0.9999690010959971;0.9999344461434355;0.9999992278058757;0.9999745234608801;0.9999999999999999;1.0002512720804408;0.9999478289033421;1.0;0.9999541464034608;1.0;0.9997996766559502;1.0;0.9995842736808408;1.0;0.9997739144058616;1.0;0.9989036783505549;0.9987224784126923;0.9985836247056801;1.0;0.9999972904153681;0.9999397175175484;0.9999761450763834;0.9998230727601491;1.024999976158142;
2016-09-12 16:30:00;0.9998814571266254;1.0;0.9999616709310781;0.999891274476054;0.9999898342579551;0.9999007524174235;1.0001813579806382;0.9999321551226105;0.9999797309771562;0.9999325984720291;0.9999999999999999;0.9997891807203604;0.999831884792866;0.999909791025533;1.0;0.99996133459911;0.9999572279134631;0.9999871549745738;0.9999543923718653;0.9999451563161931;0.9998864896477595;0.9999990894875672;0.9999581196442789;0.9999999999999999;1.0002549782951344;0.9999108293742095;1.0;0.999911152401608;1.0;0.9997879275252667;1.0;0.999617839400609;0.9999999999999999;0.9998248940501064;1.0;0.9989696484697369;0.998849949944186;0.9987734903821757;1.0;0.9999949689056105;0.9998974134324775;0.9999548882557021;0.999808401174297;1.024999976158142;
2016-09-12 16:45:00;0.999894150914765;1.0;0.999964777429788;0.9999032691255482;0.9999901861824778;0.9999111966448174;1.0001777170078705;0.9999407410462156;0.9999809267851678;0.9999392416737807;1.0;0.9997894747097178;0.9998330539690924;0.9999195830293321;1.0;0.999968983391069;0.9999654357053438;0.9999877335253687;0.9999588463545471;0.999950538301243;0.9998987473131089;0.9999988062663177;0.9999661963748911;0.9999999999999999;1.0002496892466506;0.9999209944046404;1.0;0.9999204407802756;1.0;0.999793151122285;1.0;0.9996673912725936;1.0;0.9998409120588948;1.0;0.9991079345513368;0.9990224870197902;0.998993853934655;0.9999999999999999;0.9999952340255508;0.9999087281147798;0.9999585960114601;0.9998094929812682;1.024999976158142;
2016-09-12 17:00:00;0.9999364660809469;1.0;0.9999817391678024;0.9999401225530615;0.9999936422118209;0.9999459908969779;1.000172740354314;0.9999575726136799;0.999986789972947;0.9999676821601257;1.0;0.9998532692765135;0.9998863151189024;0.9999528303298256;1.0;0.9999686373564763;0.9999659291596822;0.9999918007588421;0.9999775856848263;0.9999682132429156;0.9999357000005663;0.999998779843365;0.9999665119972002;1.0;1.0002428692290417;0.9999467638691881;1.0;0.9999532363880131;1.0;0.9997857044406854;1.0;0.9996417029067689;1.0;0.999829706142834;1.0;0.9990383818206708;0.9989624309369889;0.9989345190001937;1.0;0.9999977472367816;0.9999401482536927;0.9999758007748994;0.9998704675738048;1.024999976158142;
2016-09-12 17:15:00;0.9999563329299049;1.0;0.9999859360093241;0.999958901604725;0.9999953421491029;0.9999622268252213;1.0001692355041107;0.9999715322630308;0.9999899946524271;0.9999766251216436;1.0;0.9998534103477935;0.9998878495942035;0.9999665831638102;1.0;0.9999818539306604;0.9999801028905236;0.9999942897429568;0.999984073834174;0.999977870893102;0.9999570607890417;0.9999987724186727;0.9999804894280898;1.0;1.0002375583704968;0.99996490906575;1.0;0.9999670019050552;0.9999999999999999;0.9997851131149439;1.0;0.9996636433614184;0.9999999999999999;0.9998325475880264;1.0;0.9991025567864855;0.9990260287582576;0.9990003471519643;0.9999999999999999;0.999998200193794;0.9999604302096385;0.9999819876254594;0.9998713312188635;1.024999976158142;
2016-09-12 17:30:00;0.9999415507739261;1.0;0.9999825128372956;0.9999448214202846;0.9999945119407512;0.9999499644746439;1.0001677279756356;0.9999610390964504;0.999987969692441;0.9999694393526425;0.9999999999999999;0.9999089430319388;0.9999279846842284;0.9999556057354365;1.0;0.9999722136761641;0.9999697647119974;0.9999930658045992;0.9999791047067422;0.9999710606247487;0.9999420635669054;0.9999988866131079;0.9999703071193857;0.9999999999999999;1.0002357039463692;0.9999522175647994;1.0;0.9999563686039913;0.9999999999999999;0.9998011107911415;1.0;0.999687718588492;1.0;0.9998478857482018;0.9999999999999999;0.9991643130943394;0.9991097362054665;0.9990771858011053;1.0;0.9999978856325925;0.9999463512411702;0.9999774194474752;0.9999182677101575;1.024999976158142;
2016-09-12 17:45:00;0.9999091927229192;0.9999999999999999;0.9999740724315102;0.9999168684509864;0.9999902337033612;0.9999253980799766;1.0001726858418694;0.999946413553124;0.9999833119619496;0.9999529146521008;1.0;0.99989899163533;0.9999161161814133;0.9999356038479305;1.0;0.9999634820428898;0.9999600376624146;0.9999869490245511;0.9999667377969601;0.9999560712561231;0.9999068095256045;0.9999990525607438;0.9999607128438127;1.0;1.0002430502843616;0.999925236743753;0.9999999999999999;0.9999349010977717;1.0;0.9997795303824933;1.0;0.9996759687130802;1.0;0.999840341975359;1.0;0.9991344836316796;0.9990731978099127;0.9990250662641116;1.0;0.9999963692286431;0.999914034190312;0.9999667196896923;0.999906651175724;1.024999976158142;
2016-09-12 18:00:00;0.999779383593655;1.0;0.9999324300703538;0.9998022352598566;0.999976174679159;0.9998209929592015;1.000190779112936;0.9998852750456981;0.9999624312396426;0.9998785750631677;1.0;0.9997938925498214;0.9998218779687471;0.999844241663771;1.0;0.9999376718639752;0.9999305103728087;0.9999683380346899;0.9999146977367298;0.999896618199784;0.9997778706141653;0.9999986050333455;0.9999318435390914;1.0;1.0002691857855026;0.9998277399908913;1.0;0.999841139100544;1.0;0.9997826472390278;1.0;0.9996667042704344;1.0;0.999847222594499;1.0;0.9991017487617003;0.9990525441237356;0.9990251894914136;1.0;0.9999899687081328;0.999798246684389;0.9999181846056451;0.9998027825756827;1.024999976158142;
2016-09-12 18:15:00;0.9998778993166189;1.0;0.999964341912477;0.9998905514267733;0.9999837308427808;0.9999013402618732;1.0001693225493087;0.999934528043272;0.9999757597780712;0.9999368823825916;1.0;0.9998931262473872;0.999906824969394;0.9999177042828088;1.0;0.9999612324017387;0.9999570051835375;0.999978227526339;0.9999542924349213;0.9999395904868195;0.9998712699281811;0.9999980920619699;0.9999577306069387;1.0;1.0002386034628266;0.9998986925509465;1.0;0.9999142605784991;1.0;0.9997958400247924;1.0;0.9997206143379581;1.0;0.9998616553817624;1.0;0.9992541198720966;0.9992189301389283;0.9991951373477728;1.0;0.9999943187511614;0.9998814990917072;0.9999537374302573;0.9998984594647958;1.024999976158142;
2016-09-12 18:30:00;0.9997554937188592;1.0;0.9999366456090943;0.9997696668251964;0.9999778583216045;0.9997954239491098;1.0001848155918343;0.9998353625439467;0.9999550334474505;0.9998794744072943;1.0;0.9998775355688467;0.99989049228772;0.9998225873877897;1.0;0.9998660671526955;0.9998552832738439;0.9999700080375631;0.9999152492311935;0.9998802214438031;0.9997479975753194;0.999997678901707;0.9998575676746604;0.9999999999999999;1.0002626626985953;0.9997899776409269;0.9999999999999999;0.999823502489597;0.9999999999999999;0.9997868432251502;1.0;0.9996994767276214;1.0;0.9998482596875785;0.9999999999999999;0.9991998105006548;0.9991702072386922;0.9991511750754857;1.0;0.9999925743976;0.9997641074292115;0.9999141127874437;0.9998822615075473;1.024999976158142;
2016-09-12 18:45:00;0.9997339671900755;1.0;0.9999334188844233;0.9997550683606391;0.9999699354169045;0.9997836790223767;1.0001844184154123;0.999835253806587;0.9999507801712173;0.9998720535364387;1.0;0.999862071463188;0.99987310580131;0.9998195128598353;1.0;0.9998695530538179;0.9998585188405218;0.999958334627341;0.9999067634540066;0.999868376814548;0.9997150311525554;0.9999975446903826;0.9998606061255965;0.9999999999999999;1.0002625825309943;0.9997665729186261;1.0;0.9998147144834062;1.0;0.9997840961491893;1.0;0.9997343833904475;0.9999999999999999;0.9998618532728663;1.0;0.9992957226072438;0.9992741665558388;0.9992642402274357;1.0;0.9999907427003686;0.9997331730469411;0.99990762661668;0.9998664679500994;1.024999976158142;
2016-09-12 19:00:00;0.9998066254364151;1.0;0.9999449413744276;0.9998249003164938;0.9999777966468041;0.9998429338698998;1.0001747622442116;0.9998917461404577;0.9999647772258432;0.9998995378523876;1.0;0.9998708220575916;0.9998836218687921;0.999866310980089;1.0;0.9999297443450198;0.9999227579117891;0.9999700642613147;0.9999282085859228;0.9999064981460415;0.9997993015793355;0.9999981402141704;0.9999240523815599;1.0;1.0002470941667116;0.999840652381649;1.0;0.9998629021898328;1.0;0.9998037713830374;1.0;0.9997307747042592;1.0;0.9998617600197224;1.0;0.9992845512566678;0.9992663200248614;0.9992563937744021;1.0;0.999991878709237;0.9998151787703485;0.9999293624786849;0.9998741683261421;1.024999976158142;
2016-09-12 19:15:00;0.9997642218869416;1.0;0.9999284162234748;0.9997861990869278;0.9999746634141854;0.9998063473512315;1.0001834801426772;0.999869921507039;0.9999571516168383;0.999872234740639;1.0;0.999837667379049;0.9998545762872347;0.9998317163485728;0.9999999999999999;0.999923541890813;0.9999153903772771;0.99996663841999;0.999910442207926;0.9998873664095528;0.9997622720521637;0.9999975782729577;0.9999169705871276;0.9999999999999999;1.000259270021406;0.9998128861806455;1.0;0.9998291439742921;1.0;0.9997974338061719;1.0;0.9997094722405538;1.0;0.9998560639718318;0.9999999999999999;0.9992244095717501;0.999206954748568;0.9991974415898331;1.0;0.9999897472371164;0.9997828841730424;0.9999114162730108;0.9998408690040488;1.024999976158142;
2016-09-12 19:30:00;0.9998172484889498;1.0;0.9999511184728567;0.9998365995514928;0.9999760470285506;0.9998548093231405;1.000171063173637;0.9999015134071805;0.9999664583419381;0.9999090030864101;1.0;0.9998809185977368;0.9998907985245732;0.9998807629317276;1.0;0.9999338478258772;0.9999272849506734;0.9999669573874099;0.9999329177243289;0.9999103673479603;0.9998028952456499;0.9999983170471022;0.9999283729313194;1.0;1.000242118622218;0.9998438341251765;1.0;0.9998747014240442;1.0;0.9997930482502905;1.0;0.9997133721193042;0.9999999999999999;0.9998451687049495;1.0;0.99924378856864;0.9992262358511613;0.9992163099988798;0.9999999999999999;0.9999921174171843;0.999817424860768;0.9999348447127963;0.9998840510119335;1.024999976158142;
2016-09-12 19:45:00;0.9998816034696706;0.9999999999999999;0.99996358791668;0.9998907294842999;0.9999862892844912;0.9999004642509121;1.0001579690184432;0.9999284073516559;0.9999746624379138;0.9999376136469939;1.0;0.9999188989447544;0.9999287330023087;0.9999139337895641;0.9999999999999999;0.9999550762890083;0.9999505858047145;0.9999824287803141;0.9999564086102362;0.9999407202926253;0.9998800522861773;0.9999973970299563;0.9999514956194895;1.0;1.0002225588597853;0.9999034607767717;1.0;0.9999132200892878;0.9999999999999999;0.9997948408354242;1.0;0.9997410025487071;1.0;0.9998581317948912;1.0;0.999318071214811;0.9993011573409627;0.9992916432853524;1.0;0.99999493599205;0.9998894842563435;0.9999531056463625;0.9999219294873485;1.024999976158142;
2016-09-12 20:00:00;0.9998882992886718;0.9999999999999999;0.9999657479733213;0.9998980674472058;0.9999868688441008;0.9999073587301578;1.0001564468558692;0.9999357966322826;0.9999773477310374;0.9999406433851094;1.0;0.999917172576525;0.9999271544244326;0.9999201129836477;1.0;0.9999614541094196;0.9999574199806802;0.99998294548046;0.9999582826128572;0.9999449544524059;0.9998863903848292;0.9999979938986695;0.9999582054193359;1.0;1.000220314934204;0.9999097049509447;1.0;0.9999189330226392;0.9999999999999999;0.9997971689097562;1.0;0.9997369828206907;1.0;0.9998523934793142;1.0;0.9993099006311165;0.9992936887682924;0.9992849681926919;1.0;0.9999950400540251;0.9998957222228203;0.9999565108927617;0.9999201740865804;1.024999976158142;
2016-09-12 20:15:00;0.9998939387958139;1.0;0.9999698823567867;0.9999039699719929;0.99998666205072;0.9999137756826116;1.000154482731069;0.9999400943059505;0.9999791842517909;0.9999459519042964;0.9999999999999999;0.9999224449705605;0.9999311883124145;0.9999276514868506;1.0;0.9999610159826556;0.9999571246587649;0.9999820950065108;0.9999610063615817;0.9999475264094625;0.9998883632740904;0.9999984526693896;0.9999578274242261;1.0;1.0002177410425184;0.9999110447069536;1.0;0.9999252810642031;1.0;0.9998088708984548;1.0;0.9997495558952346;1.0;0.9998631028787416;0.9999999999999999;0.9993401751414176;0.9993235047263024;0.9993147838905054;1.0;0.9999954140885775;0.9998968118458347;0.9999604479281166;0.9999255910412942;1.024999976158142;
2016-09-12 20:30:00;0.9997160975748535;1.0;0.9999003025091466;0.9997387111851866;0.9999803471827885;0.9997582726184399;1.0001764483149436;0.9998407149085434;0.9999532185134835;0.9998281290068733;1.0;0.9997757485241426;0.9998057426955986;0.9997731576605368;1.0;0.999923123443282;0.9999139589554381;0.9999769139919155;0.9998869128065275;0.9998722702898821;0.9997425283976319;0.9999981159629279;0.9999161273549826;1.0;1.0002482782613629;0.9998007161796925;0.9999999999999999;0.9997798822373716;0.9999999999999999;0.9998209227193076;1.0;0.9997736246529878;0.9999999999999999;0.9998667267934137;0.9999999999999999;0.9994100760816352;0.9993930746241346;0.9993843531812194;1.0;0.9999875976187592;0.9997710464520929;0.9998884921526121;0.9997789983381563;1.024999976158142;
2016-09-12 20:45:00;0.999670521722253;1.0;0.9998826862810187;0.9996928230353804;0.9999808058011211;0.9997149890110273;1.0001831730707482;0.9998053100456701;0.999944972192056;0.9997987375926769;1.0;0.9997539335395269;0.9997881495832642;0.9997287679918632;1.0;0.9999006440865902;0.9998895273525338;0.9999788066498317;0.9998695391340534;0.9998518719211523;0.9997078433913748;0.9999974625053946;0.999892309436586;1.0;1.0002577663744256;0.9997712785944888;1.0;0.9997400130350398;1.0;0.9998049512377688;0.9999999999999999;0.9997861493361296;1.0;0.9998766537467767;1.0;0.9994412637354787;0.9994246407897738;0.9994155064808531;1.0;0.9999863966816022;0.9997403603088083;0.9998693167211637;0.9997569635821456;1.024999976158142;
2016-09-12 21:00:00;0.9997733704913323;1.0;0.9999224285483447;0.999790172140842;0.9999795069881027;0.9998059298748483;1.0001685657749977;0.9998667077758414;0.9999553099190326;0.9998691778700605;1.0;0.9998392164477372;0.9998595789943475;0.9998234256716725;1.0;0.9999297512171313;0.9999218710011849;0.9999753214266716;0.9999123785515885;0.9998918133725835;0.9997862801636366;0.9999960072787671;0.9999236490871827;0.9999999999999999;1.0002374858036795;0.9998312519612554;1.0;0.9998263992020582;1.0;0.9998108568697819;1.0;0.9997841452212483;0.9999999999999999;0.999867914852743;1.0;0.9994411743117549;0.9994249603192703;0.9994162385980971;1.0;0.999990001454427;0.9998070560182851;0.9999079648168464;0.9998422177237871;1.024999976158142;
2016-09-12 21:15:00;0.9997931836333063;1.0;0.99993147366078;0.9998079778360305;0.999979939749496;0.999823097167593;1.0001653480635169;0.9998755358999596;0.9999575240332974;0.9998839687386011;1.0;0.9998630544998289;0.9998796961996396;0.9998414739743378;1.0;0.9999293979232604;0.999921900820521;0.9999754125571273;0.9999214405768423;0.9998993357607667;0.9998008284303058;0.9999958652038038;0.9999235542390686;0.9999999999999999;1.0002331686326693;0.9998410796476586;1.0;0.9998431154003781;1.0;0.9998224215165387;1.0;0.9997961045252721;1.0;0.9998816593431179;0.9999999999999999;0.9994675887762998;0.999451222072027;0.9994417065876938;1.0;0.9999911159826365;0.9998187666964602;0.9999163385250226;0.9998659113111713;1.024999976158142;
2016-09-12 21:30:00;0.9997530325817511;0.9999999999999999;0.9999260326730713;0.9997660157871952;0.9999796206387505;0.9997877464574951;1.000167809081696;0.9998348121547519;0.9999515814271922;0.9998685999927294;1.0;0.9998704506951882;0.9998855924907453;0.9998096391277606;1.0;0.9998818935675997;0.9998715802482238;0.9999744364135832;0.999910960192365;0.9998796329917607;0.9997587789869632;0.9999961605703188;0.9998739278577897;0.9999999999999999;1.0002378310074143;0.9998009000991256;1.0;0.9998138342759182;1.0;0.9998205476451308;1.0;0.999807157997516;1.0;0.9998779927286923;1.0;0.9995034678392772;0.9994870991139938;0.9994783768505516;1.0;0.9999915592051504;0.9997771772918806;0.9999059206339003;0.9998735004409733;1.024999976158142;
2016-09-12 21:45:00;0.9996967959297818;1.0;0.9999092182683413;0.9997165026563773;0.9999703628011045;0.9997427134809571;1.0001718032313174;0.9998075883648239;0.9999386168279265;0.9998398880579306;1.0;0.9998381294781933;0.9998546648161226;0.9997741804346676;1.0;0.9998690805195805;0.9998570039964577;0.9999621101584245;0.9998895013594616;0.9998503805198802;0.9996973470780441;0.9999946793258037;0.9998595999659982;1.0;1.0002439878748586;0.9997531313638263;1.0;0.9997750866297135;1.0;0.9998326958184194;1.0;0.9998160371174792;1.0;0.9998823863434666;0.9999999999999999;0.9995270366413911;0.9995098809021319;0.999500364859325;1.0;0.9999886038278757;0.9997205297999493;0.99988333931721;0.9998412349623175;1.024999976158142;
2016-09-12 22:00:00;0.9996733538587333;1.0;0.9998957116743417;0.9996879856834164;0.9999715897877893;0.9997132129278189;1.0001779437243146;0.9997773402557978;0.9999277544123123;0.9998228277715682;1.0;0.999840098815543;0.9998590906809703;0.9997422470809699;1.0;0.999850698794092;0.999837093685922;0.9999661053898097;0.9998812730956302;0.9998363472111396;0.9996860256376561;0.9999917887060846;0.9998402854882554;0.9999999999999999;1.000252373954292;0.99973987821404;0.9999999999999999;0.9997483136756957;0.9999999999999999;0.999835467448186;1.0;0.999809398140907;1.0;0.9998766069185709;1.0;0.9995109385198051;0.9994948402939811;0.9994864989136153;1.0;0.9999882148876511;0.9997104374252361;0.9998672711972291;0.9998431559153885;1.024999976158142;
2016-09-12 22:15:00;0.9997931693715434;1.0;0.9999332895364859;0.9998047848598733;0.9999734919104729;0.9998195705616971;1.0001599185657473;0.9998633449037339;0.9999452331408846;0.9998927814727784;0.9999999999999999;0.9998974436836977;0.9999079700234322;0.9998455890206076;1.0;0.9999143495944232;0.9999058900659152;0.9999674788375259;0.9999255876341423;0.9998893467878557;0.9997907347841745;0.9999916376050629;0.9999076923313155;1.0;1.0002261592743644;0.9998274506502606;1.0;0.9998445201297659;1.0;0.9998306419939984;1.0;0.9998138237743529;1.0;0.9998840224817328;1.0;0.9995192491310809;0.9995029362901445;0.9994938012656368;1.0;0.9999911134364099;0.999805520930807;0.9999103976197408;0.9999003757840835;1.024999976158142;
2016-09-12 22:30:00;0.9997001269659689;1.0;0.9999050394551114;0.9997162431627364;0.9999762825666414;0.9997403569071263;1.0001754101016793;0.999803696987993;0.999940743389356;0.999834606820805;1.0;0.9998340604209731;0.999854260243536;0.9997644165975719;0.9999999999999999;0.9998701130270636;0.9998581321336717;0.9999712301169814;0.9998892841074212;0.9998548970370617;0.999713787910598;0.9999949727138019;0.9998609272965657;1.0;1.0002484369908176;0.9997659241819097;1.0;0.9997703570499672;1.0;0.9998296224891557;1.0;0.99981878002027;1.0;0.9998764106111193;1.0;0.9995394675852644;0.9995229345936798;0.9995137993863963;1.0;0.9999891482155744;0.9997376566197697;0.9998825733309936;0.9998370616815458;1.024999976158142;
2016-09-12 22:45:00;0.9997560712717103;1.0;0.9999246289020486;0.9997668940880435;0.9999803010153503;0.9997872122611955;1.0001681988350821;0.9998321233390353;0.9999492966157075;0.9998690228754985;1.0;0.9998774532983117;0.9998924945104674;0.9998078569375669;1.0;0.9998815294996471;0.9998711641705266;0.9999761141260544;0.999912204197607;0.9998796606736595;0.9997649533709722;0.9999950837292451;0.9998735953698975;1.0;1.0002381920746628;0.9998047015123108;0.9999999999999999;0.9998132820142251;1.0;0.9998342313868432;1.0;0.9998049635166595;1.0;0.9998535391934331;1.0;0.9995136093926024;0.9994974433842619;0.999488308409957;1.0;0.9999916920969354;0.999782894499315;0.9999041607497386;0.999880339176952;1.024999976158142;
2016-09-12 23:00:00;0.9997771006080609;1.0;0.9999257874383991;0.9997888709388486;0.9999798348425134;0.9998049060666454;1.000165397494263;0.9998539408576435;0.9999508275745199;0.9998761605828848;1.0;0.9998692638395154;0.9998861505625433;0.999823701825471;1.0;0.9999099287178167;0.9999011380249163;0.999976162729872;0.9999172998878341;0.9998891984267027;0.9997879293034845;0.9999943010060445;0.9999031914374231;1.0;1.0002334842592695;0.9998268657434057;1.0;0.9998277807659753;0.9999999999999999;0.999852060313339;1.0;0.9998028121303061;1.0;0.9998317894423759;1.0;0.9995219348304105;0.9995040841910646;0.9994937746267061;1.0;0.9999911608208957;0.9998058614772283;0.999907747161164;0.9998723962172003;1.024999976158142;
2016-09-12 23:15:00;0.9998280546883822;1.0;0.9999404597521305;0.9998392980263854;0.9999818274351114;0.9998504563845044;1.0001562622637807;0.9998939557560496;0.9999602673902718;0.9999031560365879;1.0;0.9998848346875312;0.9998997451811714;0.9998663303171386;1.0;0.9999430137340508;0.9999367149312972;0.9999783698728473;0.9999347754543633;0.9999136472028232;0.9998353064096619;0.9999948906872234;0.9999381283549762;1.0;1.0002200416761826;0.9998679516207568;1.0;0.9998678019958673;0.9999999999999999;0.9998552034899225;1.0;0.9998242556940885;1.0;0.9998673935466873;1.0;0.9995619385798186;0.999545229071122;0.9995360936600766;1.0;0.9999922455995243;0.9998500369679948;0.9999264822486871;0.9998878919241604;1.024999976158142;
2016-09-12 23:30:00;0.9998360521241054;1.0;0.9999436368111654;0.9998485412236502;0.9999823377923023;0.9998594466527526;1.0001558187889867;0.9999038832510838;0.9999640658376647;0.9999071470271407;1.0;0.9998813718757892;0.9998964690069294;0.9998748039616623;1.0;0.9999509932304517;0.9999452773406177;0.9999785522272022;0.9999370003573794;0.9999189698769941;0.9998419691863473;0.9999958422315688;0.9999465145328273;1.0;1.0002193305840092;0.9998749471323063;0.9999999999999999;0.9998753512484942;0.9999999999999999;0.9998604825958398;1.0;0.9998098128723553;1.0;0.9998472903289127;1.0;0.999532253079208;0.9995147798477335;0.9995048511291891;0.9999999999999999;0.9999923597704841;0.9998566108033178;0.9999312204478;0.9998844774942239;1.024999976158142;
2016-09-12 23:45:00;0.9999013227075196;1.0;0.999965969882736;0.9999072872440539;0.9999877559939337;0.9999134968274355;1.0001417131850847;0.9999369005741786;0.9999742238733766;0.9999463190784185;1.0;0.9999309096869456;0.9999406205524786;0.999924366851881;1.0;0.9999649823577329;0.9999611863508615;0.9999853476165421;0.9999633915064944;0.9999481245279026;0.999903097375978;0.9999960225474186;0.9999620154124078;1.0;1.0001993123158286;0.9999213194818038;1.0;0.9999245434575577;1.0;0.9998684031697578;1.0;0.9998246943828657;1.0;0.9998929585781133;0.9999999999999999;0.9995453970354593;0.9995282409810652;0.9995187247634576;1.0;0.9999954202401005;0.9999109337645282;0.9999562027751745;0.9999340154592441;1.024999976158142;
2016-09-13 00:00:00;0.9999088703483304;1.0;0.9999699271775502;0.9999139556228124;0.9999873466145313;0.9999200843297309;1.0001390932859333;0.9999394381119912;0.9999743235853973;0.9999529999099933;1.0;0.9999430554687992;0.9999506787021825;0.9999320332236891;1.0;0.9999631730938005;0.9999594354043196;0.9999845735680936;0.9999672939321779;0.9999502636842302;0.9999073473780001;0.9999957373228598;0.9999602235699354;1.0;1.000195799373605;0.9999235715768028;1.0;0.9999313950306822;1.0;0.9998698319040673;0.9999999999999999;0.9998316142558369;1.0;0.9998875224286363;1.0;0.9995700263276708;0.9995534012403559;0.9995442657546203;1.0;0.9999958665368854;0.9999138021802063;0.9999592653965023;0.9999460860846066;1.024999976158142;
2016-09-13 00:15:00;0.9999107995961846;1.0;0.9999705007921011;0.9999172284428617;0.9999865335273818;0.9999231466382646;1.000136341015114;0.9999447868188792;0.9999751649466164;0.9999538543621207;0.9999999999999999;0.999938413736846;0.9999462440922448;0.9999357083411046;1.0;0.9999692607305221;0.9999658441976162;0.999983285525765;0.9999673661464498;0.999951475022262;0.9999078529354392;0.9999959437150998;0.9999665146349358;1.0;1.000191878657424;0.9999253094790498;0.9999999999999999;0.999933993378913;1.0;0.9998819446556183;1.0;0.9998332804424844;1.0;0.9999026809435548;1.0;0.9995644491902412;0.9995473549502896;0.9995378385507034;1.0;0.9999956093417206;0.9999145783824109;0.9999602406179008;0.9999415001811526;1.024999976158142;
2016-09-13 00:30:00;0.9999118323104982;1.0;0.9999705423054613;0.9999171636021154;0.999987583344225;0.9999229345587101;1.0001358413010333;0.9999427517084807;0.9999753001453201;0.9999540754809685;1.0;0.9999420865053268;0.9999498482600943;0.9999344756142492;1.0;0.9999666316457317;0.9999631149742398;0.9999848532753615;0.9999680227927483;0.9999520654352846;0.9999104859053292;0.9999959078446635;0.9999638480503829;0.9999999999999999;1.0001911596488104;0.9999266718610365;1.0;0.9999336838313534;1.0;0.9998857023999461;1.0;0.9998301867283769;1.0;0.999903235620234;1.0;0.999554665110529;0.9995384929565861;0.9995297702446433;1.0;0.9999958704839806;0.9999169562105492;0.9999604531313532;0.9999450745634677;1.024999976158142;
2016-09-13 00:45:00;0.999928430852873;1.0;0.99997744800179;0.9999344626404207;0.9999898882087747;0.9999398780426776;1.00013192710595;0.999957994203758;0.9999826075204957;0.9999628744172995;1.0;0.9999433810776093;0.9999508708978726;0.9999495513153651;1.0;0.999975917424445;0.999973278871346;0.999987086074504;0.9999735593936115;0.9999626727872388;0.9999257018919803;0.9999976829105303;0.9999737760465245;1.0;1.00018557174818;0.9999405002874754;1.0;0.9999480580548143;1.0;0.9998949801393507;1.0;0.9998375484896989;1.0;0.9999065518487973;1.0;0.9995744806677934;0.9995580753347012;0.9995489398062465;1.0;0.9999965779074778;0.9999313649195141;0.9999701588104061;0.999946342340771;1.024999976158142;
2016-09-13 01:00:00;0.9999276829153532;1.0;0.9999776737101489;0.9999337374845376;0.999989886730532;0.9999394395450201;1.0001296784297895;0.9999572247486905;0.999982693222481;0.9999628793299525;0.9999999999999999;0.9999439328273354;0.9999512617152244;0.9999492795307164;1.0;0.9999744479594437;0.9999717401642398;0.9999869989365551;0.9999734838978581;0.999962363075884;0.9999245552607422;0.9999977751689744;0.9999722495367878;1.0;1.000182475736896;0.9999394017467791;1.0;0.9999477785444372;1.0;0.9999074370503908;1.0;0.9998296437133464;1.0;0.9998941528730321;1.0;0.9995590399562408;0.9995429522873058;0.9995342295364474;1.0;0.9999966237473197;0.9999301747282573;0.9999702646637805;0.9999468940921313;1.024999976158142;
2016-09-13 01:15:00;0.9999276572385593;1.0;0.9999801766118891;0.9999341138726139;0.999989720992343;0.9999409461722463;1.0001251700650868;0.9999572679425195;0.9999839516540354;0.9999650164313238;1.0;0.9999463225151677;0.9999528620923649;0.9999519022822562;1.0;0.9999703940340544;0.9999675669964475;0.9999862219894144;0.999974233748586;0.9999625764762924;0.9999215708136923;0.9999983303216412;0.9999680648625955;1.0;1.0001763994401558;0.9999365502487612;1.0;0.9999496893570659;1.0;0.9999425486435625;1.0;0.9998253563428245;1.0;0.9998923667957524;1.0;0.999547094975563;0.9995292438868776;0.9995189340630051;1.0;0.9999968941854652;0.9999267511588923;0.9999723837167226;0.999949455134261;1.024999976158142;
2016-09-13 01:30:00;0.9999439362203459;1.0;0.9999854852581365;0.9999498421578363;0.9999914981483161;0.9999555003642939;1.000123689000466;0.9999690619288909;0.9999883147961832;0.9999734692261959;1.0;0.9999521036553083;0.9999581278971131;0.9999647263380426;0.9999999999999999;0.9999784132747515;0.9999763105775101;0.9999883130174434;0.9999799287515381;0.9999712810498785;0.9999375590635989;0.9999990129880382;0.9999766400290346;1.0;1.000174155589244;0.9999500396321658;1.0;0.9999622464842158;1.0;0.9999342403930157;1.0;0.9998442315381574;1.0;0.9999072501464566;1.0;0.9995938767917234;0.999576464626288;0.9995665352949953;1.0;0.9999975141246631;0.9999416501627498;0.9999794899277329;0.9999551901418705;1.024999976158142;
2016-09-13 01:45:00;0.9999773384410389;1.0;0.9999920170470845;0.9999780188799235;0.9999971194942016;0.999979327555215;1.0001170502962013;0.9999834448776886;0.9999930756680194;0.9999880396201991;1.0;0.9999705048109118;0.9999768029277579;0.9999818739060781;1.0;0.9999897827407822;0.9999887864811574;0.9999967044954633;0.9999919770018352;0.9999874013005702;0.9999779115633641;0.9999987206330632;0.9999890192852567;1.0;1.000164208966816;0.9999813760852982;1.0;0.9999822011076613;1.0;0.9999643951795101;1.0;0.9998310995786052;1.0;0.9999050309299718;0.9999999999999999;0.9995555959732925;0.9995384397438453;0.9995289234291381;1.0;0.9999990146039518;0.9999794412456556;0.9999892873257883;0.9999736107061922;1.024999976158142;
2016-09-13 02:00:00;0.9999720850114523;1.0;0.9999908777415007;0.9999731005731542;0.9999969376973848;0.9999751147541919;1.0001174974306841;0.9999799666783619;0.9999926463023141;0.9999854167974226;1.0;0.9999692109253128;0.9999754199678734;0.9999780212483819;1.0;0.9999864769080526;0.9999852465135293;0.9999963817592643;0.9999901668384402;0.9999851832737776;0.9999726362672973;0.999998869037637;0.9999855309875763;1.0;1.000164926268144;0.999976998714421;1.0;0.9999784901996865;0.9999999999999999;0.9999617302488778;1.0;0.9998442316087688;1.0;0.9999047509422982;1.0;0.9995954111033021;0.9995799333324501;0.9995720038976714;0.9999999999999999;0.999998913655236;0.9999745342455739;0.9999878747017903;0.9999721722649679;1.024999976158142;
2016-09-13 02:15:00;0.9999733079504814;1.0;0.9999920178725425;0.9999741315415029;0.9999970866194386;0.9999763806720857;1.000116972865089;0.9999800882938276;0.9999930980718015;0.9999868081148093;1.0;0.9999712218509951;0.9999771474455675;0.9999794601168749;0.9999999999999999;0.9999849380155452;0.9999836787697147;0.9999964387083606;0.9999909603889751;0.9999857251128381;0.9999730710334952;0.9999989952271737;0.9999839643801173;1.0;1.0001642620245141;0.9999769932748649;1.0;0.9999798265918337;1.0;0.9999651447092519;1.0;0.9998383452248999;1.0;0.999907355029895;1.0;0.9995758550090265;0.9995591452676912;0.9995500097294576;0.9999999999999999;0.9999990871057043;0.9999746535841764;0.9999888991762573;0.999974279351761;1.024999976158142;
2016-09-13 02:30:00;0.9999774405080334;1.0;0.999993100713463;0.9999783640147514;0.9999971604853106;0.9999801561421983;1.0001163287412531;0.9999838169165042;0.9999938726862454;0.9999888593550462;1.0;0.9999718488889018;0.999977668073466;0.9999830506739119;1.0;0.9999884307940266;0.9999874085401887;0.9999965034298507;0.9999922560699213;0.9999877328440785;0.9999768978330292;0.9999990411464404;0.9999876312061976;1.0;1.00016328977331;0.9999804832251263;1.0;0.999983099911795;1.0;0.9999646738891782;1.0;0.9998387578914365;1.0;0.99991200794918;0.9999999999999999;0.9995739101196776;0.9995569509889507;0.9995474344980034;1.0;0.9999991312186249;0.9999782901690708;0.9999903573610153;0.9999748928804186;1.024999976158142;
2016-09-13 02:45:00;0.999974044161369;1.0;0.9999919561783694;0.9999749985099012;0.9999971074784897;0.999977060890538;1.0001162045599474;0.999981203607641;0.9999932971296404;0.9999868621740555;1.0;0.9999701876212667;0.9999762850804897;0.9999799811565278;1.0;0.9999865162454127;0.9999853400073797;0.9999964902452928;0.9999910253851224;0.9999861957759428;0.9999740296914561;0.9999990114697618;0.9999856059467148;1.0;1.0001631403325242;0.9999780455117737;0.9999999999999999;0.9999803050377724;1.0;0.9999699234013645;0.9999999999999999;0.9998427777756759;1.0;0.9999071465147805;1.0;0.9995893453657922;0.9995735632984544;0.9995656339142077;0.9999999999999999;0.9999990435352808;0.9999756886115129;0.9999890451733848;0.9999732451188701;1.024999976158142;
2016-09-13 03:00:00;0.9999741721984035;1.0;0.9999909872557017;0.9999752983463889;0.9999966247471309;0.9999768373969794;1.0001166171159996;0.9999821263661767;0.9999924589305793;0.9999862861304931;1.0;0.9999678576264728;0.9999743779133874;0.999979821665556;1.0;0.9999894294168086;0.9999883513281939;0.9999960473364342;0.9999906978952913;0.9999858659849752;0.9999745851035072;0.9999986700986471;0.999988594256984;1.0;1.0001636219362062;0.9999789012404071;1.0;0.9999799990790633;1.0;0.9999720225089787;0.9999999999999999;0.9998382162969214;1.0;0.9999079930758149;1.0;0.9995750014453334;0.9995580533781776;0.9995489178499235;1.0;0.9999988267134846;0.999976439773437;0.9999880315583672;0.9999709903130312;1.024999976158142;
2016-09-13 03:15:00;0.9999704306549229;1.0;0.9999905344045672;0.9999712681426215;0.9999971341192799;0.9999735286225466;1.0001169344419412;0.9999780801480278;0.9999925248110063;0.9999845880241077;1.0;0.9999681453813435;0.9999747183012119;0.999976331019502;0.9999999999999999;0.9999843795140753;0.9999830287871285;0.9999966486485663;0.9999897105490785;0.9999845064099037;0.9999713150779166;0.9999989150061015;0.9999833498364635;1.0;1.0001641735077735;0.9999756519712882;1.0;0.9999770863252532;1.0;0.9999691375445426;1.0;0.9998398309139647;1.0;0.9999081400897184;0.9999999999999999;0.9995797788201886;0.9995625376183971;0.9995530210742612;1.0;0.999998953762102;0.9999732583489697;0.9999874469542651;0.999971278068803;1.024999976158142;
2016-09-13 03:30:00;0.999976510357053;1.0;0.9999926179191633;0.9999763717169565;0.9999978177539633;0.9999781868736206;1.0001164632525334;0.9999801343090895;0.9999932301755363;0.9999883298943699;1.0;0.9999741095642397;0.9999801353157808;0.9999804776598515;0.9999999999999999;0.9999844188339846;0.9999831857162057;0.9999975743398882;0.999992334288551;0.9999870538895327;0.9999772559927353;0.9999988482837159;0.9999834928192217;1.0;1.000163501288398;0.9999798209288198;0.9999999999999999;0.9999813932958853;1.0;0.9999678696271997;1.0;0.9998461505673296;1.0;0.9999161493652338;1.0;0.9995933562296702;0.9995763162086221;0.9995671805134537;1.0;0.9999993170622452;0.9999784422640688;0.9999896458205142;0.9999772713152731;1.024999976158142;
2016-09-13 03:45:00;0.9999759269521574;1.0;0.9999922516744435;0.9999762479914119;0.9999975815968687;0.9999780320781398;1.0001173256999976;0.9999810632501708;0.9999933234773203;0.9999877153016492;1.0;0.9999722334876705;0.9999783493443215;0.9999804295009127;0.9999999999999999;0.9999860892297145;0.999984921146544;0.9999972370655273;0.9999918417292853;0.9999869601476081;0.9999766140945863;0.9999989061304497;0.9999852040625482;1.0;1.000164680495464;0.9999797644270957;1.0;0.9999811364523736;1.0;0.9999649576740721;1.0;0.999839055955399;1.0;0.9999146200718562;1.0;0.9995730142862151;0.9995559198997856;0.9995464034186551;1.0;0.9999991858167555;0.9999780327550963;0.9999894262027391;0.9999753200363662;1.024999976158142;
2016-09-13 04:00:00;0.9999836099863093;0.9999999999999999;0.9999943683390317;0.9999843226020837;0.9999975088308131;0.9999852879857505;1.0001173164078836;0.9999885237011319;0.9999947641735905;0.9999916540509532;0.9999999999999999;0.9999737658468563;0.9999794342380272;0.9999875747055388;1.0;0.9999931175426915;0.9999924151758798;0.9999970341007042;0.9999942165545043;0.9999906513435725;0.9999833258942274;0.9999990010531346;0.9999925665293778;1.0;1.0001645454571055;0.999986058844273;1.0;0.9999874769665045;1.0;0.9999632527287868;1.0;0.9998412280951162;0.9999999999999999;0.999900967911249;1.0;0.9995889318194082;0.9995725262491391;0.9995633905886092;1.0;0.9999992284472491;0.999984409227471;0.9999921955079442;0.9999767272000004;1.024999976158142;
2016-09-13 04:15:00;0.9999720910727005;1.0;0.9999906945368021;0.999972303588147;0.9999973610392999;0.9999742405284902;1.000117746174894;0.9999777586603189;0.9999921603756888;0.9999854412925594;1.0;0.9999696883035907;0.9999763974821584;0.9999767497866053;1.0;0.9999840128320097;0.9999826586168826;0.9999970977163972;0.999990475975613;0.9999849082185466;0.9999734601776618;0.9999986805443931;0.9999829961591172;1.0;1.0001652838449704;0.9999769782488741;1.0;0.9999777756884958;1.0;0.9999641355689008;0.9999999999999999;0.9998429434404378;1.0;0.9999102318493168;1.0;0.9995877538428702;0.9995712752824211;0.9995633459163248;1.0;0.9999990537462876;0.9999751459805656;0.9999875044214273;0.9999729655475589;1.024999976158142;
2016-09-13 04:30:00;0.999967678177652;0.9999999999999999;0.999989991204856;0.9999694727467584;0.9999958976168792;0.9999720106874459;1.0001178237872799;0.9999782783853718;0.9999917096616012;0.9999836442614595;1.0;0.9999662782208465;0.9999725157455186;0.9999760845873453;0.9999999999999999;0.9999853844495515;0.999984017813224;0.9999948866243388;0.9999885821502686;0.9999828131278597;0.999966945459337;0.9999987977726464;0.99998430619825;1.0;1.0001654716264634;0.9999726024760413;1.0;0.9999759856713949;1.0;0.9999656371553768;1.0;0.9998372395766689;1.0;0.9999104455354678;1.0;0.9995703944367061;0.9995540022007898;0.9995452793535016;1.0;0.999998665585319;0.9999691630022385;0.9999863879679396;0.9999693357064964;1.024999976158142;
2016-09-13 04:45:00;0.999979866835136;1.0;0.9999933957109725;0.9999805666611995;0.9999976609250008;0.999981988612288;1.000113684811378;0.9999854380748486;0.99999446830962;0.9999895851470425;1.0;0.9999715183721957;0.9999776522413397;0.9999842150771306;1.0;0.999990202291236;0.999989306872764;0.9999972367534663;0.9999929512832008;0.9999891442657031;0.9999801269651588;0.9999991020322139;0.9999895125229057;1.0;1.0001595078054735;0.9999832433707797;1.0;0.9999844960049639;1.0;0.9999719289598107;0.9999999999999999;0.9998680487605383;1.0;0.9999246927625148;1.0;0.9996535393749628;0.9996370541271766;0.999628330555116;1.0;0.9999992027808804;0.9999814605756254;0.9999911098421204;0.999974604918684;1.024999976158142;
2016-09-13 05:00:00;0.9999756780660339;1.0;0.9999924763368893;0.9999765530180751;0.9999970646526829;0.9999784593961255;1.0001152251582233;0.999982259349613;0.9999933717142766;0.9999878963880332;1.0;0.9999713717098565;0.9999772876086603;0.9999814339360668;0.9999999999999999;0.9999872701031189;0.9999861554131907;0.9999964275062038;0.9999916640755749;0.999986794159601;0.9999753552229111;0.9999989581833924;0.9999864037758236;0.9999999999999999;1.0001617592223542;0.9999790961402448;0.9999999999999999;0.999981617565073;1.0;0.9999722746865102;1.0;0.9998414768547308;1.0;0.9999140778745921;1.0;0.9995806660181388;0.9995639561963786;0.9995548206141752;1.0;0.9999990837611866;0.9999768487169325;0.9999895506133537;0.9999744292110805;1.024999976158142;
2016-09-13 05:15:00;0.9999789858175251;1.0;0.9999938404153782;0.9999799985071803;0.9999976413980788;0.999981840849565;1.0001166920337996;0.9999853316161035;0.9999949935736748;0.999989540064233;1.0;0.9999715032181442;0.9999773979288336;0.9999843231267073;1.0;0.9999891450777691;0.9999882102616662;0.9999970241645526;0.9999927296867163;0.9999890362838232;0.9999785545866418;0.9999993647006835;0.9999884127330775;1.0;1.0001637881953376;0.9999820206014209;1.0;0.9999844294092537;1.0;0.9999680490211335;1.0;0.9998307297315656;1.0;0.9999017942312451;1.0;0.9995566883592556;0.9995394530361323;0.9995295240724958;0.9999999999999999;0.9999992367752044;0.9999799158757748;0.9999915666369991;0.9999745339201707;1.024999976158142;
2016-09-13 05:30:00;0.9999738364784895;1.0;0.9999920991841036;0.99997451886828;0.999997643880615;0.999976752610896;1.0001195299912415;0.9999802652056909;0.9999937538366594;0.999986686977641;1.0;0.9999094714466554;0.9999315144107416;0.9999792427895817;1.0;0.9999849167797928;0.9999836804477801;0.9999971783229834;0.9999910657842841;0.9999864441891285;0.9999743487087593;0.9999991880538015;0.9999839728199436;1.0;1.000167817530383;0.9999780639365691;1.0;0.9999799432631884;1.0;0.9999680679632176;1.0;0.9998051005209818;1.0;0.999901602376642;1.0;0.9994795217447585;0.9994355886418315;0.9994268668279076;1.0;0.9999991685260684;0.9999759718875342;0.9999893704895302;0.999921220276768;1.024999976158142;
2016-09-13 05:45:00;0.9999740320739511;1.0;0.9999913989673707;0.9999739904739644;0.9999977385302004;0.9999758304134219;1.000122522786378;0.9999786191459519;0.9999926949125936;0.9999865092282626;1.0;0.9998333722869788;0.9998756798479111;0.9999780254181928;1.0;0.9999841441558998;0.99998284119555;0.9999975763527512;0.9999912564430438;0.9999859495188949;0.9999755159423396;0.999998769585936;0.9999831723548324;1.0;1.0001719656025236;0.9999785226097073;1.0;0.9999791599620876;0.9999999999999999;0.9999697868375431;1.0;0.9997800283719224;1.0;0.9998958084780021;0.9999999999999999;0.9994078766358101;0.9993281937379944;0.9993186794249783;1.0;0.9999991845905178;0.9999770094422993;0.9999884044698414;0.9998562067947084;1.024999976158142;
2016-09-13 06:00:00;0.999981429925452;1.0;0.999993646950356;0.9999817024584955;0.9999978021727818;0.9999828651564121;1.0001262840473315;0.999985542772389;0.9999942650325402;0.9999904310241371;1.0;0.9998324275520215;0.9998749893752249;0.9999849012186744;1.0;0.9999901942875702;0.9999893152122522;0.9999975189364181;0.9999936310478929;0.9999895936432995;0.9999819311352538;0.999998937366586;0.9999895264478564;1.0;1.000177139826019;0.9999844379453932;1.0;0.9999853253312542;1.0;0.9999678039251408;1.0;0.999780679418548;1.0;0.9998901876058041;1.0;0.9994136996031032;0.999333724668903;0.9993250037439195;1.0;0.9999992788526721;0.9999830526512378;0.9999912993933086;0.999855547266267;1.024999976158142;
2016-09-13 06:15:00;0.999977754459498;0.9999999999999999;0.9999922130771727;0.9999785755451972;0.9999972506536436;0.9999799067471724;1.000134696133511;0.9999841945298324;0.9999935194124557;0.9999881496326338;1.0;0.9996798952623365;0.9997614088684659;0.9999823200349112;0.9999999999999999;0.9999903784416782;0.9999894273598645;0.9999968264822833;0.999992039137579;0.9999878593568325;0.9999783502026178;0.9999988602114612;0.9999896476440384;1.0;1.0001889219311337;0.9999819065534589;0.9999999999999999;0.999982627333497;1.0;0.9999706237017751;1.0;0.9997201820156857;0.9999999999999999;0.9998377511582279;1.0;0.9992672716500072;0.999120870571009;0.9991129447778683;1.0;0.999999025733535;0.9999799223598487;0.9999896928893638;0.9997241722572136;1.024999976158142;
2016-09-13 06:30:00;0.9999715825914636;1.0;0.9999916249445343;0.9999727411339631;0.9999973109549009;0.999975272430409;1.0001378688222735;0.9999797014785237;0.9999936307160516;0.9999855676746788;0.9999999999999999;0.9997235731831692;0.9997933524047197;0.9999781432950027;0.9999999999999999;0.9999846692619575;0.9999833863741313;0.9999966554631181;0.9999901640543704;0.9999855159264217;0.9999717055130702;0.9999992786395304;0.9999836776678978;1.0;1.0001935457091586;0.9999761624581104;0.9999999999999999;0.9999786393571943;0.9999999999999999;0.9999696908829543;1.0;0.9997135994293607;1.0;0.9997869045947807;1.0;0.9992824460914003;0.9991554540405797;0.9991463221919094;0.9999999999999999;0.9999990501224912;0.9999735715924957;0.9999888042011263;0.9997614339113926;1.024999976158142;
2016-09-13 06:45:00;0.9999539384782935;1.0;0.9999858027926333;0.9999564658082166;0.9999950974597914;0.9999602491272437;1.0001423765091666;0.9999691465785895;0.9999894767945148;0.9999760448719186;1.0;0.9996705625027327;0.9997523817923026;0.9999651174901429;0.9999999999999999;0.9999788191217965;0.9999768898933517;0.9999938980981814;0.9999835591093283;0.9999765035130684;0.9999540378180777;0.9999987413202718;0.9999773129715812;1.0;1.0002000063614283;0.9999620441136297;1.0;0.9999655076745615;1.0;0.9999534331172099;1.0;0.9996866454741948;1.0;0.999814560281891;1.0;0.999182199950524;0.999023719540421;0.9989991382250638;1.0;0.999998219157585;0.9999573700068923;0.9999813782692386;0.9997146150988819;1.024999976158142;
2016-09-13 07:00:00;0.9999562966190986;1.0;0.9999860596264916;0.9999585239120513;0.9999946047100228;0.9999617818315795;1.000143579807918;0.9999702235368649;0.9999885741838436;0.999977539626163;0.9999999999999999;0.9997469697742467;0.9998092974229426;0.9999669968177883;1.0;0.9999803727159239;0.9999785208563828;0.999993394612645;0.9999844995533099;0.999976723990876;0.9999559458209643;0.9999982813212833;0.9999789228429401;1.0;1.0002016571048953;0.9999634275774895;1.0;0.9999671026733824;0.9999999999999999;0.999951023584323;1.0;0.9997134763627831;1.0;0.9998376191667099;1.0;0.9992472378095197;0.9991237923889674;0.9991015883743535;1.0;0.9999981872047822;0.9999589847802065;0.9999812472151655;0.9997805418211321;1.024999976158142;
2016-09-13 07:15:00;0.9999153855280454;1.0;0.9999687904319537;0.999913675982604;0.9999886173591868;0.999917490210613;1.000154514473772;0.999926123395341;0.9999672404419977;0.9999572493421807;0.9999999999999999;0.9998105564616754;0.9998580037451811;0.9999278325805454;1.0;0.9999503336696106;0.9999459123092921;0.9999879479809648;0.9999720982846959;0.9999482065464116;0.9999185163738809;0.9999927251125724;0.9999470276930953;0.9999999999999999;1.0002173394067635;0.9999270924175178;1.0;0.9999303057360406;1.0;0.9999522684427761;1.0;0.9996411528199038;1.0;0.999809425097604;1.0;0.999048466169286;0.9988378061821832;0.9986700436188657;0.9999999999999999;0.999996699290518;0.999922589598024;0.9999553384222799;0.9998363231258116;1.024999976158142;
2016-09-13 07:30:00;0.9998967554635316;1.0;0.9999608289380594;0.9998990212043921;0.9999812137177013;0.9999028230586153;1.000154059702416;0.9999218048636529;0.9999581059024696;0.9999480012346184;1.0;0.9997510380017745;0.999810092523683;0.9999192999319549;1.0;0.9999570055144974;0.9999523332256569;0.9999785326594866;0.9999642224142743;0.9999353778302091;0.9998949817469421;0.9999905064642837;0.9999533735412728;1.0;1.0002167242628954;0.9999102576753066;1.0;0.9999183861160664;1.0;0.9999502528854225;0.9999999999999999;0.9996256101434071;1.0;0.9998006307853394;1.0;0.9990076577894511;0.9987753561050134;0.9986056575942118;1.0;0.9999946328100016;0.9999010027675231;0.9999437928918882;0.9997831656661678;1.024999976158142;
2016-09-13 07:45:00;0.9999462406924999;1.0;0.9999833907331597;0.9999469287738483;0.9999940619196108;0.999951128925762;1.0001560242822685;0.9999572311686216;0.999984538617203;0.9999736165283398;1.0;0.9996544703770712;0.999741681808341;0.9999573497036152;1.0;0.9999674643395811;0.9999647846933165;0.999993018687279;0.999982165147773;0.9999702401332841;0.999946312382875;0.9999974028586244;0.9999654159944101;1.0;1.0002193419671317;0.9999532415893767;1.0;0.9999584652935783;1.0;0.9999506217785644;0.9999999999999999;0.9995931936964559;1.0;0.9997919179609889;1.0;0.9989159270984097;0.998647018469646;0.9984933236042526;0.9999999999999999;0.9999982265098734;0.9999491903434012;0.9999764684177337;0.9997020429944476;1.024999976158142;
2016-09-13 08:00:00;0.9999427592704692;1.0;0.9999819702318885;0.9999423744426752;0.9999959054310122;0.9999469371530657;1.0001595525919484;0.9999519183533273;0.9999851140361841;0.9999705562495094;1.0;0.9996380315796114;0.9997301784023845;0.9999513290161913;1.0;0.999962120662016;0.9999591601343503;0.9999956512810293;0.9999810021428687;0.999969724910827;0.9999461962831382;0.9999977528869933;0.9999599205939395;1.0;1.000224275324166;0.9999523918641684;1.0;0.9999541924986636;1.0;0.9999471770766543;0.9999999999999999;0.9995721850332884;1.0;0.9997958998278915;1.0;0.9988498364619428;0.9985701868815016;0.9984115943444495;1.0;0.999998478119394;0.9999493371632996;0.9999756630983019;0.9996878075955562;1.024999976158142;
2016-09-13 08:15:00;0.9999310027546077;1.0;0.9999744087510389;0.9999316025535573;0.9999932452571968;0.9999351816707296;1.0001686110531793;0.9999463817364704;0.9999792963403829;0.9999617727322485;1.0;0.9995433148267552;0.999658642692014;0.9999406541907532;1.0;0.9999665512735632;0.9999634104740824;0.9999930324938247;0.9999754505055808;0.9999624042665297;0.9999368309988543;0.9999961749939625;0.9999642212301381;1.0;1.0002367260392688;0.9999459289558615;1.0;0.9999434551278208;1.0;0.9999456702458334;1.0;0.9995025093506223;0.9999999999999999;0.9997651138275236;1.0;0.9986609409146983;0.9983388687156434;0.9981737494169156;1.0;0.9999972734936943;0.9999415756366078;0.9999669032434924;0.9996049136576904;1.024999976158142;
2016-09-13 08:30:00;0.9998991368500945;1.0;0.9999625999130023;0.9999040840831698;0.9999931554656354;0.9999100097179439;1.0001739094843574;0.9999347827903373;0.9999790958652154;0.9999390431954499;1.0;0.9995466276592065;0.9996563914859589;0.9999144926710929;1.0;0.9999656033323993;0.9999618948714465;0.9999929120526952;0.9999609173830998;0.9999520961474377;0.9999112242710076;0.9999976965609241;0.9999628526972157;1.0;1.0002440265714125;0.999928856263366;1.0;0.9999186973867925;1.0;0.9999421511185802;0.9999999999999999;0.9994915883068778;0.9999999999999999;0.9997639764914875;1.0;0.998628777200758;0.9982972156672857;0.9980955439694699;1.0;0.9999957612333696;0.99992055220499;0.9999568784091427;0.9996023422780009;1.024999976158142;
2016-09-13 08:45:00;0.9998873050580145;1.0;0.9999601786112061;0.999893669587717;0.9999934337603482;0.9999013745517619;1.0001882450694803;0.9999291227014879;0.9999799753043905;0.9999322489878941;1.0;0.9995439361215748;0.9996529106269033;0.99990597664115;1.0;0.9999602778724391;0.9999561848416915;0.9999929069099486;0.999956294291735;0.9999484625378723;0.9999000255951992;0.9999986850187649;0.9999572238837868;1.0;1.0002642725859718;0.9999203754156999;0.9999999999999999;0.9999105689614463;1.0;0.9998709994242874;1.0;0.9994835953337483;1.0;0.9997107607434718;1.0;0.9986427104455712;0.998304631857983;0.9980903332935439;0.9999999999999999;0.9999955352913787;0.999910584176158;0.9999548181895358;0.9995986393955996;1.024999976158142;
2016-09-13 09:00:00;0.999852822966716;1.0;0.9999469724581197;0.9998628408723901;0.9999906078696778;0.9998724023214249;1.0001877270690713;0.9999129675128219;0.9999743348436403;0.9999101095581112;1.0;0.9995525904393121;0.9996551567098536;0.9998788079885323;1.0;0.9999567434209101;0.9999517857451742;0.9999896060549546;0.999941672826585;0.9999332337720233;0.9998692665861222;0.9999984327411925;0.9999530187793815;1.0;1.0002635182447461;0.9998977995856183;1.0;0.9998837597309254;1.0;0.9998824471743286;1.0;0.999516728057368;1.0;0.9997468373156857;1.0;0.9987173613597085;0.9984221562697709;0.9982409662514521;1.0;0.999993701928969;0.9998838360725435;0.9999406625467384;0.9996017905381905;1.024999976158142;
2016-09-13 09:15:00;0.9998280905795545;1.0;0.9999394923146826;0.9998391227452784;0.9999895268080716;0.9998509502979227;1.0001894467714336;0.9998958660198259;0.9999704369983813;0.9998963236732814;1.0;0.9994471800378234;0.9995754262556809;0.9998585875210598;0.9999999999999999;0.9999440228487592;0.9999380161133891;0.9999883242974187;0.9999326762023849;0.99992196126484;0.9998464500322003;0.999998372586473;0.9999395108396123;1.0;1.0002661672947344;0.9998788852047564;1.0;0.9998646027414666;1.0;0.9998766345730844;1.0;0.9995505733261515;1.0;0.9997896948151138;1.0;0.9987898950505782;0.9984929078876911;0.9983641962329584;1.0;0.9999929971197203;0.9998629568594314;0.9999317445165103;0.9995096856991457;1.024999976158142;
2016-09-13 09:30:00;0.9997225033653114;1.0;0.9998993802686303;0.9997437279924506;0.9999815294692967;0.9997614188265016;1.0002105517411295;0.9998435731020208;0.9999528447678171;0.9998290489909222;0.9999999999999999;0.9993987820165968;0.9995276743608013;0.9997743163641982;1.0;0.9999291148256274;0.9999202778752709;0.9999791609282589;0.9998885216652915;0.9998750090599288;0.9997527589707733;0.9999975134785607;0.9999224348150572;1.0;1.0002957216604362;0.999809080925222;1.0;0.9997819863610129;1.0;0.9998548010205318;1.0;0.9994850556611474;1.0;0.9997620503179904;1.0;0.9986118658452615;0.9983206691809563;0.9981766170219918;1.0;0.999987664609992;0.9997811432746615;0.9998884153798998;0.9994557329535585;1.024999976158142;
2016-09-13 09:45:00;0.999822946280404;0.9999999999999999;0.9999448214011241;0.9998374144424352;0.9999803888987767;0.9998517059811851;1.0001951737411976;0.9998965568891094;0.9999639853395244;0.99990453832705;0.9999999999999999;0.9995475173126536;0.9996473977682838;0.9998709119112468;1.0;0.999938306726488;0.9999318776935326;0.999974851827135;0.9999335704817316;0.9999129840667812;0.9998225029009536;0.999996748344195;0.999933179549595;1.0;1.000275104712296;0.9998585235008522;1.0;0.9998697809218798;1.0;0.9998412633720453;1.0;0.9995394703678999;1.0;0.9997535021260442;1.0;0.998782279092995;0.9984998439399166;0.9983407813729979;0.9999999999999999;0.9999923229541344;0.9998373263167063;0.9999305217045514;0.9995980540579442;1.024999976158142;
2016-09-13 10:00:00;0.9997779678362249;1.0;0.9999293959123341;0.999798102610024;0.9999779430749939;0.999815882625372;1.0002039908374611;0.9998776855308218;0.9999602104394462;0.9998757739109927;1.0;0.9994484109685625;0.9995678958449059;0.9998367450262908;1.0;0.9999328199667605;0.9999253358347051;0.9999715941561272;0.9999143891237638;0.9998953393218105;0.9997819569994758;0.999997759086959;0.9999268581187407;1.0;1.000287516502069;0.9998293683208452;1.0;0.9998361407173129;1.0;0.9998441703656041;1.0;0.9994919135438968;0.9999999999999999;0.9997183590236898;1.0;0.9986631416762672;0.998317597893777;0.9981093111206136;1.0;0.9999901870174553;0.9998022418458198;0.9999151011553495;0.9995069216059819;1.024999976158142;
2016-09-13 10:15:00;0.9997972804343546;1.0;0.9999386279485108;0.9998082624897066;0.9999816746239324;0.999825668806551;1.0002019583367845;0.9998649809423498;0.9999582489716065;0.999892711167273;1.0;0.9995162643489052;0.9996261779965939;0.9998447686085282;1.0;0.9999052188868701;0.999896789805831;0.999977063064871;0.9999269715431003;0.9998998225933076;0.9998006642435698;0.9999961265378247;0.9998986822934284;1.0;1.0002851905812251;0.9998356522156548;1.0;0.9998475401511475;1.0;0.9998398703183331;0.9999999999999999;0.9994957188454722;1.0;0.9996661225048377;1.0;0.9987111776846174;0.9983990736529235;0.9982245136245641;1.0;0.999992738494739;0.9998157077500108;0.9999212742212449;0.9995724076093792;1.024999976158142;
2016-09-13 10:30:00;0.9998867789898743;0.9999999999999999;0.9999662571108118;0.999896363077827;0.9999867176479639;0.9999061732245695;1.000204070507406;0.9999336831640059;0.9999770559812358;0.9999408151502613;1.0;0.9995156794814539;0.9996298591045167;0.999919554038154;1.0;0.9999579008582916;0.9999536890314745;0.9999826101068111;0.9999581882040415;0.9999439664059999;0.9998838841281165;0.9999980191479773;0.9999545082664149;0.9999999999999999;1.0002871754621232;0.9999070736124709;1.0;0.9999182304352431;1.0;0.9997993712579166;1.0;0.9994273375361901;1.0;0.9996665626297002;1.0;0.9985054299481678;0.9981664049641891;0.997974348301576;1.0;0.9999951571233735;0.9998929902716868;0.9999564923192769;0.9995760877940953;1.024999976158142;
2016-09-13 10:45:00;0.9998903125496813;1.0;0.9999672698586081;0.9998983927842344;0.9999882591704188;0.9999079607259084;1.0001983220856516;0.99993245624681;0.999977831025097;0.9999425300500249;0.9999999999999999;0.9995647713547371;0.9996675243453573;0.9999199207658352;1.0;0.9999549642009828;0.999950695960244;0.9999848028876714;0.9999599344726177;0.9999458423309048;0.9998891122137568;0.9999980783508468;0.9999515756871629;1.0;1.000279102290399;0.9999102786343568;1.0;0.999919705444053;1.0;0.9997933990307857;1.0;0.9994515811346857;0.9999999999999999;0.9996634858720121;1.0;0.9985808222233551;0.998247320744732;0.9980368211657956;1.0;0.999995606528921;0.9998976689868848;0.9999578688751669;0.9996189540768057;1.024999976158142;
2016-09-13 11:00:00;0.9999127841645241;1.0;0.9999714448975183;0.9999175514962176;0.9999914796225502;0.9999240552817213;1.000189172924599;0.9999425321680248;0.9999804224620045;0.9999525081155843;1.0;0.9995469732621213;0.9996575546355491;0.999931894853364;1.0;0.9999635697177114;0.9999600701264801;0.9999897440054272;0.9999680298059975;0.9999562642945742;0.9999157475846002;0.9999976660181389;0.9999608684328661;1.0;1.000265838608769;0.9999310813481866;1.0;0.999933317948;1.0;0.9998065598343449;1.0;0.9995070766214162;0.9999999999999999;0.9996834505517248;1.0;0.9987338414701374;0.998382198809652;0.9981656896401084;1.0;0.999996489876397;0.9999225930192073;0.9999639929054064;0.9996054165039018;1.024999976158142;
2016-09-13 11:15:00;0.9998914841854596;1.0;0.9999635025515572;0.9998991819359336;0.9999888525887883;0.9999068564210274;1.0002006066734135;0.9999342018502588;0.9999766953237723;0.9999392620456578;1.0;0.9994940879601101;0.9996152628599874;0.9999166317648531;1.0;0.9999633050071356;0.999959350186834;0.9999864243001247;0.9999588819065295;0.9999465734699717;0.9998953536156505;0.9999974391395452;0.999960219596882;1.0;1.0002818658369834;0.9999164587838737;1.0;0.9999175613925245;0.9999999999999999;0.9997771923637869;1.0;0.9994933544701519;1.0;0.99965353256757;1.0;0.9987141911304881;0.9983620190573272;0.9981642213772095;1.0;0.9999951813545414;0.9999047357875193;0.9999552241120951;0.9995572401651022;1.024999976158142;
2016-09-13 11:30:00;0.9999023334907747;1.0;0.9999675383032105;0.9999081025549318;0.9999890446125447;0.9999149681284925;1.0001890612269588;0.9999368940588068;0.9999764490008892;0.9999471538391969;1.0;0.9995914765227787;0.9996893735897026;0.9999250031564457;1.0;0.9999620921575638;0.9999582539775617;0.9999867481172433;0.9999640436453092;0.9999498545251613;0.9999043089988254;0.9999967991857258;0.9999591019672524;1.0;1.0002657478023058;0.9999220341829289;1.0;0.9999256765101484;0.9999999999999999;0.9998020095809103;1.0;0.9995450973845025;0.9999999999999999;0.9997100691682556;1.0;0.9988300547132596;0.9985102368481888;0.9983062804250802;1.0;0.9999957823577976;0.999911974294162;0.9999584638533355;0.9996429153355924;1.024999976158142;
2016-09-13 11:45:00;0.9999260000256119;1.0;0.9999772122983523;0.9999305950651456;0.9999915185117562;0.9999366058304509;1.00019330437708;0.9999519770234192;0.9999829282131261;0.9999615943900285;0.9999999999999999;0.9995389219424199;0.9996522824851413;0.9999450346429236;1.0;0.9999680636271174;0.9999650525233351;0.9999893307070793;0.9999733579810932;0.9999620731363792;0.9999253168093433;0.9999979262805658;0.9999656907086973;0.9999999999999999;1.0002716768775166;0.9999387678254039;0.9999999999999999;0.9999450615616694;1.0;0.9997925862871478;1.0;0.999482360856991;1.0;0.9996670071488568;1.0;0.9986710375034611;0.9983181976050408;0.9981102874536971;1.0;0.9999969971165354;0.9999307649550363;0.9999699881889021;0.9995998344595337;1.024999976158142;
2016-09-13 12:00:00;0.9998980522481663;1.0;0.9999708463520532;0.9999068995753235;0.999986155706014;0.9999160338786381;1.0001998074296328;0.999939817225391;0.9999774802037404;0.9999491956240243;1.0;0.9995055336620304;0.999623408931352;0.9999304209135107;1.0;0.9999601608194729;0.9999562487811122;0.9999816790430527;0.9999631682666177;0.9999477023882022;0.9998916512236738;0.9999976220791301;0.9999569633326717;1.0;1.0002812648778083;0.9999126373632943;1.0;0.9999279171015077;0.9999999999999999;0.999788668607789;1.0;0.9994662781717231;1.0;0.9996533176847269;1.0;0.9986323459094273;0.9982924750240759;0.9981121319294755;1.0;0.9999955656058361;0.9998992591139667;0.9999604482543722;0.9995690448914964;1.024999976158142;
2016-09-13 12:15:00;0.999874353932171;1.0;0.9999660019517503;0.9998827080565658;0.9999862232783381;0.9998951290317496;1.0001978190998497;0.9999182485480769;0.9999743897557423;0.9999381899901113;1.0;0.9994997763111713;0.9996188369930026;0.9999106282453395;1.0;0.9999375245622241;0.9999321862537641;0.9999816470637686;0.9999560571004221;0.9999368291526728;0.9998688630980627;0.9999978759094619;0.9999332687652834;1.0;1.0002789902847833;0.9998917186495037;1.0;0.999909897460361;1.0;0.9997894160623779;1.0;0.9994884270909768;0.9999999999999999;0.9996685419289215;0.9999999999999999;0.9986885708909844;0.9983591539652812;0.9981947997613924;0.9999999999999999;0.9999955466601119;0.9998773985847922;0.9999536064416177;0.9995638651174481;1.024999976158142;
2016-09-13 12:30:00;0.9998847009277927;1.0;0.9999684734090811;0.9998911209977757;0.9999884675971702;0.9999024506512922;1.0001909561112223;0.9999216674357131;0.9999763596183171;0.9999429196849982;1.0;0.999563769602471;0.9996680674583833;0.9999155661113681;1.0;0.9999388652198989;0.9999337905141658;0.9999848488990164;0.9999600298298482;0.9999421012986494;0.9998815701236442;0.9999979737965377;0.9999348708632544;1.0;1.0002692196367584;0.9999012306220729;1.0;0.9999160314391443;1.0;0.9997874324448519;1.0;0.9995580944064306;1.0;0.9997110678148502;1.0;0.9988689117977638;0.9985820462924613;0.9984397432114023;0.9999999999999999;0.9999961746493872;0.9998891787762114;0.9999571815536238;0.9996197710412009;1.024999976158142;
2016-09-13 12:45:00;0.9998421094390183;1.0;0.999943635957611;0.9998506086739357;0.9999846193702819;0.9998601754273343;1.0002122064721704;0.9998981758184882;0.9999624086116208;0.9999097031081784;0.9999999999999999;0.9995694458040452;0.9996686287140839;0.9998729333841484;1.0;0.999944700919438;0.9999387365444101;0.9999824486294628;0.9999402512123406;0.9999204640417835;0.9998524679232363;0.9999948260620827;0.9999401522775954;1.0;1.0002982358083956;0.9998806743747468;1.0;0.9998760380092319;1.0;0.9997636494838151;1.0;0.9994664232979164;1.0;0.9996021201708323;0.9999999999999999;0.9986691650893114;0.9983745437575672;0.9981945149754847;1.0;0.9999930551805499;0.9998658807533111;0.9999309386528686;0.999618745093891;1.024999976158142;
2016-09-13 13:00:00;0.9998357905438042;1.0;0.999940754114694;0.9998463138434271;0.9999850033397731;0.9998562489817868;1.0002129547345002;0.9998996926088226;0.9999641945502126;0.999903661219943;1.0;0.9995444778759517;0.9996482297547616;0.9998680337803029;0.9999999999999999;0.9999497582272455;0.9999439544204372;0.9999828310060043;0.999936400595245;0.9999199222637546;0.9998483940556945;0.9999957444960551;0.9999453278320107;1.0;1.0002991266459782;0.9998795878080247;1.0;0.9998713322219396;1.0;0.9997555461170883;1.0;0.9994688230378518;1.0;0.9996303270577928;1.0;0.9986567984619451;0.9983429402714138;0.9981434407774757;1.0;0.999992554508786;0.9998634195415123;0.999929659563134;0.9995951224907843;1.024999976158142;
2016-09-13 13:15:00;0.9998814700187513;1.0;0.9999615170253076;0.999888309402508;0.9999873426028729;0.9998971259711826;1.000207434532473;0.999922717471956;0.9999724460169482;0.999936292833907;1.0;0.9995669014830275;0.9996696408388759;0.9999090605357182;1.0;0.9999514301293004;0.9999466953754784;0.9999845727130674;0.999956647386091;0.9999396878206759;0.9998837114072535;0.9999965154728496;0.9999477458667594;1.0;1.0002917527155777;0.9999049289026278;0.9999999999999999;0.9999100955147998;1.0;0.9997645279440476;1.0;0.9994467185830003;0.9999999999999999;0.9995610232768999;1.0;0.998638741384078;0.9983187267842506;0.998123832588803;1.0;0.9999951061418831;0.9998928674040068;0.9999506950151991;0.9996206105449128;1.024999976158142;
2016-09-13 13:30:00;0.9999166324930542;1.0;0.9999745743490772;0.9999213616131846;0.9999896358835162;0.9999280997284355;1.0002004994006692;0.9999442036127211;0.9999791377490577;0.9999579198833286;1.0;0.9995832066306908;0.9996847197514673;0.9999385834475462;1.0;0.9999619007915301;0.9999583764760536;0.9999869917316462;0.9999705659122665;0.9999559480741578;0.9999145551396277;0.9999971073148576;0.9999591175834422;1.0;1.0002819452844411;0.9999292062081242;1.0;0.9999382835152695;1.0;0.9997429726101401;0.9999999999999999;0.9994783526910752;1.0;0.9996201152632588;1.0;0.9986931405074924;0.9983702367128032;0.9981757607890315;1.0;0.9999966298239346;0.9999202709366701;0.9999654090206621;0.9996379280436621;1.024999976158142;
2016-09-13 13:45:00;0.9999072313277119;1.0;0.9999733715210034;0.9999146790386634;0.9999865091959511;0.9999227772164828;1.0001949293337462;0.9999432187115828;0.9999774614015872;0.9999547888452913;1.0;0.9995959638632419;0.9996918310061287;0.9999368169762224;1.0;0.9999618590558063;0.9999581620329586;0.9999823298897017;0.9999670314663758;0.9999508698872878;0.9999003977627278;0.9999971102215925;0.9999588409102521;1.0;1.00027437168775;0.9999188736057527;1.0;0.9999342851787331;1.0;0.9997714236240466;0.9999999999999999;0.9994966902349827;1.0;0.9996409126932532;1.0;0.9987330462564062;0.998427949621862;0.9982453323836025;1.0;0.9999959403647265;0.999906896869072;0.9999627920975925;0.9996479405008281;1.024999976158142;
2016-09-13 14:00:00;0.9999283236574557;1.0;0.99997750049407;0.9999323791356878;0.9999913403800155;0.9999379265938586;1.0001885225280018;0.9999523001125695;0.9999821629595397;0.9999630621127874;1.0;0.9997115723532132;0.9997806938953302;0.9999464084711721;1.0;0.9999685094745506;0.9999655305449439;0.9999892615682611;0.9999744095337316;0.9999623905994236;0.9999275584738831;0.999997515295079;0.9999661679171653;1.0;1.0002649515568363;0.9999402164897885;1.0;0.9999464393937078;0.9999999999999999;0.9997743140834717;1.0;0.9995234569057883;1.0;0.9996781559778016;0.9999999999999999;0.9987875361670653;0.9985417347952393;0.9983739156805753;1.0;0.9999970422265203;0.9999326698979027;0.9999699529100216;0.9997484217187894;1.024999976158142;
2016-09-13 14:15:00;0.9999124365115417;1.0;0.9999728886965115;0.9999185928532531;0.9999875666202642;0.9999253434480961;1.0001899587630347;0.9999446966154483;0.9999772530427617;0.999955896002961;1.0;0.9997439332370812;0.9998025339802247;0.9999376137824392;1.0;0.9999651340633969;0.9999616350908264;0.9999842499757594;0.9999686049456344;0.9999531092835988;0.9999085673990938;0.999996663499718;0.9999623223878833;0.9999999999999999;1.000267177245433;0.9999253010181477;0.9999999999999999;0.9999360948110902;1.0;0.99977024829129;1.0;0.9995360068352789;1.0;0.9996719822107472;1.0;0.9988299103089301;0.9985987281090581;0.9984267153097214;1.0;0.9999960574385509;0.9999148465551426;0.9999629402826662;0.9997751476305601;1.024999976158142;
2016-09-13 14:30:00;0.9999325139089239;1.0;0.9999769498608732;0.9999361620518563;0.9999902753630917;0.9999403042438681;1.0001851392763548;0.999954991206455;0.9999800545966852;0.9999648652585937;1.0;0.9997637589464545;0.9998197499620523;0.9999491824573401;0.9999999999999999;0.9999739396147759;0.9999711921896168;0.999988303714703;0.9999756620838925;0.9999626758130427;0.9999317818668316;0.9999964795159856;0.9999717762166028;1.0;1.0002600407028956;0.9999437677744945;1.0;0.999948743591709;1.0;0.9997737846072264;1.0;0.9995525356003883;1.0;0.9997160576646416;1.0;0.9988487660271228;0.9986200104341061;0.9984452042408174;1.0;0.9999968059315641;0.9999366180145425;0.9999688638759208;0.9997935287340077;1.024999976158142;
2016-09-13 14:45:00;0.999933307604419;1.0;0.9999779215324351;0.9999372387498663;0.9999900170590718;0.9999416096718748;1.0001837309975596;0.9999561094172197;0.9999804603102068;0.9999659883857549;1.0;0.9997662731878152;0.9998214652987665;0.9999510090952799;1.0;0.9999739295790383;0.9999712126722387;0.9999877742475436;0.9999761034247737;0.9999630172612495;0.9999313166228634;0.999996611525044;0.9999717696638498;1.0;1.0002581266304469;0.9999434353364125;1.0;0.9999501074081293;1.0;0.9997743843671263;1.0;0.9995524424638234;1.0;0.9997489299758181;0.9999999999999999;0.9988255605256983;0.9985767047483638;0.9983748829508464;1.0;0.9999968513354451;0.9999359970493048;0.9999697127618904;0.9997958291853337;1.024999976158142;
2016-09-13 15:00:00;0.9998894607253578;1.0;0.999956861170529;0.9998931640940498;0.9999805083746225;0.9998968101959342;1.0001898038228136;0.9999210834756207;0.9999572147073801;0.9999418359615583;1.0;0.9997529123303028;0.99981004464774;0.9999133766094594;1.0;0.9999615794832648;0.999956953261211;0.9999778228380195;0.9999602511053903;0.9999326224316145;0.9998895412126296;0.9999904598562217;0.999957981151936;1.0;1.0002666517693388;0.9999074435389212;0.9999999999999999;0.9999123142345281;1.0;0.9997759279834662;1.0;0.9995208553175658;1.0;0.9997585930014199;1.0;0.998723464606107;0.9984484829490619;0.9982153487604266;1.0;0.9999939789955816;0.9998969631372085;0.9999402247468436;0.9997831153579279;1.024999976158142;
2016-09-13 15:15:00;0.9998824959353992;1.0;0.9999560970130905;0.9998868040901704;0.9999802236550457;0.9998917241527844;1.000187263218297;0.9999165998603726;0.9999570854001081;0.9999389492319264;1.0;0.9997760642543805;0.9998265398625971;0.9999090657795178;1.0;0.9999561203782404;0.9999511552669422;0.9999771611476881;0.9999580373455702;0.9999298060523673;0.9998816846502361;0.9999908489352674;0.9999522458148349;1.0;1.0002632818109556;0.9999008609935331;1.0;0.999907981176248;0.9999999999999999;0.9997806212238921;1.0;0.9995431333662503;1.0;0.9997752441174681;1.0;0.9987790023092082;0.9985261956798721;0.9983070231776082;1.0;0.9999939182617141;0.9998894820737779;0.9999390277394248;0.9998026549787362;1.024999976158142;
2016-09-13 15:30:00;0.9999317724254849;0.9999999999999999;0.999979242938622;0.999937290139578;0.9999906872931064;0.9999428197288804;1.0001835567335358;0.9999590201467918;0.9999838922772535;0.9999651755639208;1.0;0.9997871993745056;0.9998357185216004;0.9999520252737139;1.0;0.9999745780603889;0.9999719735560463;0.999987997037494;0.9999751392011046;0.9999645818498583;0.9999288203733615;0.9999979827846673;0.9999724696245352;1.0;1.0002579731584098;0.9999425845072288;1.0;0.9999507333985225;1.0;0.9997715448003022;0.9999999999999999;0.9995201294903;1.0;0.9997632396935812;1.0;0.9987181577218046;0.9984538422971059;0.9982158445406725;1.0;0.9999969101447921;0.9999340183986334;0.9999722401971126;0.999812853896826;1.024999976158142;
2016-09-13 15:45:00;0.9999308386668757;1.0;0.9999783087671582;0.9999364662958735;0.9999904301209485;0.9999417635872919;1.0001805014630425;0.9999587998368458;0.999983271011522;0.9999641969721175;1.0;0.9997926826173589;0.9998396318365143;0.9999509658591682;1.0;0.9999757584233169;0.9999731685766287;0.9999877919879474;0.9999745683393394;0.9999639696687851;0.9999283692511124;0.9999977867802293;0.9999736644467341;1.0;1.0002536373638657;0.99994243919687;1.0;0.9999496967614889;0.9999999999999999;0.9997840665171877;1.0;0.9995268783708662;1.0;0.999772598053565;1.0;0.9987316814523828;0.9984759522749984;0.9982449530801535;0.9999999999999999;0.9999967590687769;0.9999337760181792;0.9999712638281403;0.9998173255932487;1.024999976158142;
2016-09-13 16:00:00;0.9999274072825508;1.0;0.9999765922582542;0.9999327373130822;0.9999886924411735;0.9999377826995669;1.000176112927285;0.9999549708030023;0.9999796758740047;0.9999632081422267;1.0;0.9997925334967603;0.999839644650348;0.9999485620741702;0.9999999999999999;0.9999739877311618;0.9999711666980351;0.999985821431534;0.99997370449277;0.9999602382187299;0.9999239062656339;0.9999966843301709;0.9999717070181898;1.0;1.0002475320086168;0.9999381509890873;0.9999999999999999;0.9999468475197707;1.0;0.9997879434736864;0.9999999999999999;0.9995903360625614;1.0;0.9998014430732983;1.0;0.9989029158107349;0.9986633498503882;0.9984551666882132;1.0;0.9999964549144768;0.9999292114593783;0.9999679129110461;0.9998176100504067;1.024999976158142;
2016-09-13 16:15:00;0.9999259144852627;1.0;0.9999762201673627;0.9999309680248619;0.9999909191534941;0.9999365028447321;1.0001785256144908;0.9999535066116371;0.999982267561519;0.9999608663067214;1.0;0.9998096724988821;0.9998524590914056;0.9999450882260985;1.0;0.9999717103157615;0.9999688319038814;0.9999886839483422;0.9999728503762674;0.9999617776898518;0.9999254573520101;0.9999976620537858;0.9999694318844928;1.0;1.0002508725736332;0.9999395320117451;1.0;0.9999448245914314;1.0;0.9997722463905095;1.0;0.9995893734731196;1.0;0.9997983276575465;1.0;0.9989024549528763;0.9986918926370114;0.9985089174405001;1.0;0.9999967278487367;0.9999312036424144;0.9999690354601828;0.9998317144761967;1.024999976158142;
2016-09-13 16:30:00;0.9999246551323205;1.0;0.999975492092011;0.999929442029492;0.9999902383118521;0.9999348263888574;1.0001767441775773;0.9999516421298366;0.999980641873038;0.9999605623907767;0.9999999999999999;0.9998231664984022;0.9998626245261502;0.9999440112693391;1.0;0.9999706861853866;0.9999676976430435;0.9999879541139701;0.9999726095107924;0.9999602085857167;0.9999238763712838;0.9999971472167591;0.999968323141733;1.0;1.0002483936414637;0.99993785637527;1.0;0.9999436432285964;1.0;0.999786842572115;1.0;0.999608063293859;0.9999999999999999;0.9997713198758691;1.0;0.9989773966286377;0.9988601556532658;0.9987916541018028;0.9999999999999999;0.9999966214752792;0.9999295303868505;0.9999675807949622;0.9998435438527808;1.024999976158142;
2016-09-13 16:45:00;0.9999385500396868;1.0;0.9999786815893194;0.9999422102111226;0.9999905069687932;0.9999457711585299;1.0001720486720826;0.9999599746730319;0.9999812233352564;0.9999680088410406;1.0;0.9998283085959102;0.9998677638223599;0.9999543164542712;0.9999999999999999;0.999978172552634;0.9999757362274568;0.9999885476199738;0.9999776792443668;0.9999656147044922;0.9999373742052604;0.9999965762158451;0.9999762393318994;1.0;1.000241613610213;0.9999486949939068;0.9999999999999999;0.9999535205884915;1.0;0.9997897801328075;1.0;0.9996418267198973;1.0;0.9997895101494986;1.0;0.9990664683769283;0.9989788742441831;0.9989507090977504;1.0;0.9999969247296941;0.9999418620104407;0.9999711160175154;0.9998491196502198;1.024999976158142;
2016-09-13 17:00:00;0.999942319884857;1.0;0.9999813895074897;0.999946117882016;0.9999924660226006;0.9999503117663113;1.0001709795930658;0.9999632838280964;0.9999853448642174;0.9999699098406879;0.9999999999999999;0.9998383391812696;0.9998752581951925;0.9999574323051087;1.0;0.9999776817763437;0.9999754047662167;0.9999906476084128;0.9999790295230374;0.9999696123221791;0.999941478309145;0.9999978759458438;0.9999758758689155;1.0;1.0002401567800252;0.9999523085357367;1.0;0.9999570550613652;1.0;0.999768868224036;0.9999999999999999;0.9996792688643212;1.0;0.9998245926281359;1.0;0.9991554584124814;0.9990732654897448;0.9990458908905167;1.0;0.9999974062008766;0.9999458190070225;0.999975353939461;0.9998576357675596;1.024999976158142;
2016-09-13 17:15:00;0.9999289893900271;1.0;0.9999768213514396;0.9999345696800043;0.999991815686144;0.9999398348987392;1.0001739266437906;0.9999579351089523;0.9999845003689162;0.9999612662299109;1.0;0.9998664171106664;0.9998941428819169;0.999947273139762;0.9999999999999999;0.9999762724166362;0.9999736977900897;0.9999897536262436;0.9999732801124804;0.9999646094792102;0.9999295773157579;0.9999982732918914;0.9999742300475594;1.0;1.0002443021212348;0.999943893101504;1.0;0.9999471306410639;1.0;0.999773553609225;1.0;0.9996631850791248;1.0;0.9997776440072859;1.0;0.9991395244818295;0.9990776448401413;0.9990522689838468;1.0;0.9999967593576253;0.9999356001321188;0.9999709497634591;0.9998797883232482;1.024999976158142;
2016-09-13 17:30:00;0.9999328818142232;1.0;0.9999782513790749;0.9999367111864813;0.9999910121834653;0.9999414771815113;1.0001644173556825;0.999955490888598;0.9999818359684711;0.9999654670001293;1.0;0.9999086992273967;0.9999270459757804;0.9999500386446631;0.9999999999999999;0.9999721577610307;0.9999693962170423;0.9999889624537457;0.999975970537312;0.9999638364403182;0.9999317548267834;0.9999971370586864;0.99996997848053;1.0;1.000231084508808;0.9999437356828473;1.0;0.9999497000628728;0.9999999999999999;0.999800254343424;1.0;0.9996950576465994;1.0;0.9998344637419626;1.0;0.9991956107081527;0.9991464547042627;0.9991203575366929;1.0;0.9999970327057182;0.9999365243898352;0.9999706499391958;0.9999178793605151;1.024999976158142;
2016-09-13 17:45:00;0.999932521276228;1.0;0.9999778003254615;0.9999373281143549;0.9999907884757221;0.9999420046972746;1.0001686919344845;0.9999582336864311;0.9999825820069672;0.9999644827902201;1.0;0.9998952767272763;0.9999162919248493;0.9999505376737629;0.9999999999999999;0.9999761682018777;0.9999735936307478;0.9999885763075573;0.9999751775948089;0.9999643328859595;0.999931444653097;0.9999974038509376;0.9999741153515959;0.9999999999999999;1.0002369980025418;0.9999445634535756;1.0;0.9999498113078124;1.0;0.9997817769156763;1.0;0.9996968491524914;0.9999999999999999;0.9998319398347125;1.0;0.9992031458307198;0.9991507563595984;0.999125218972997;1.0;0.9999968096992822;0.9999366930356732;0.9999707619292375;0.9999056130651109;1.024999976158142;
2016-09-13 18:00:00;0.999924155703124;1.0;0.9999746339757553;0.9999291452330304;0.9999889814814481;0.999934086347048;1.0001688272628273;0.9999518310175752;0.9999787927493685;0.9999604959181759;0.9999999999999999;0.9998941499906095;0.9999150265026907;0.9999442614724262;1.0;0.9999727123693676;0.9999697503949505;0.9999864767052367;0.9999723446619175;0.9999587781428129;0.9999225542291343;0.9999964941556186;0.9999703534450521;1.0;1.0002372664733008;0.9999369157038145;1.0;0.9999432885249584;1.0;0.9997973598935233;1.0;0.9996804839020623;1.0;0.9998099323809368;1.0;0.9991687963955165;0.9991168244366032;0.9990918283780383;1.0;0.9999963451904987;0.9999282287564026;0.9999659813805154;0.9999044863167965;1.024999976158142;
2016-09-13 18:15:00;0.9999303676571409;1.0;0.9999781411458568;0.9999357131466912;0.9999893594797454;0.9999408669949481;1.0001729791989837;0.999957306470304;0.9999813267031058;0.9999649370324197;0.9999999999999999;0.9999015248971842;0.9999205045578152;0.9999512020285435;1.0;0.9999745758749709;0.9999718765830635;0.9999865007684777;0.9999748183792571;0.999962314390699;0.9999266163527685;0.9999971325079208;0.9999723857601986;1.0;1.0002431547557102;0.9999404557695034;1.0;0.9999494763258218;1.0;0.9997814084360884;1.0;0.9996798901398904;0.9999999999999999;0.9997146233773013;1.0;0.9992338695473527;0.9991831399743074;0.9991571892791536;0.9999999999999999;0.9999966701848864;0.9999317132084568;0.9999700197982252;0.9999112402372587;1.024999976158142;
2016-09-13 18:30:00;0.9999231018713999;1.0;0.9999751480051632;0.9999268129666139;0.9999890149662659;0.9999321544649133;1.000170801036954;0.9999467962920277;0.9999773625544337;0.9999614813676329;1.0;0.9999102915564052;0.9999280215015304;0.999942808078114;1.0;0.9999656529025325;0.9999623354650845;0.9999865945248537;0.9999730607926005;0.9999571642631339;0.9999208856542086;0.9999960896219813;0.9999630378735329;1.0;1.0002402002770956;0.9999338865877532;1.0;0.9999422454161426;1.0;0.9997972687090149;1.0;0.9996512140710357;1.0;0.9996886662766217;1.0;0.9991651752499472;0.9991184019546508;0.9990952451386419;0.9999999999999999;0.9999966349944778;0.999925896183583;0.999965389098422;0.9999194382789406;1.024999976158142;
2016-09-13 18:45:00;0.9999104242214085;1.0;0.9999721722577148;0.9999154950100867;0.9999873818048994;0.9999222867012527;1.000172687532888;0.9999398345682644;0.9999752848831817;0.999955502140979;1.0;0.9999032816131272;0.999921380493;0.9999348676545965;1.0;0.9999602133203414;0.9999564132445066;0.9999842535290447;0.9999685417545653;0.999951009167189;0.9999068073926336;0.9999960700697194;0.999957192905016;1.0;1.0002430511370968;0.9999226204282341;1.0;0.9999338183959541;1.0;0.9997702622751402;1.0;0.9996649058432041;1.0;0.9997403138750014;1.0;0.9991708871145437;0.9991335621422586;0.9991232563997163;1.0;0.9999961457016223;0.9999127456326713;0.999961234896767;0.9999125667345543;1.024999976158142;
2016-09-13 19:00:00;0.999903630037038;0.9999999999999999;0.9999705199221356;0.9999090514596732;0.9999871694280904;0.9999166555728652;1.0001722090220773;0.9999352110078364;0.9999745965178554;0.99995194313798;1.0;0.9999074992463354;0.9999240148040034;0.9999296421942364;1.0;0.9999561073592141;0.9999520062143389;0.9999839154086902;0.9999661405968104;0.9999480866561196;0.9999002244752722;0.9999962018751481;0.9999528562049388;1.0;1.0002424795410716;0.9999171408993063;1.0;0.9999288206863983;1.0;0.9997706574099546;1.0;0.9996805196058399;1.0;0.9997633964107426;1.0;0.9992017940585703;0.9991683107457378;0.9991587979549211;1.0;0.9999960059138663;0.9999066517527311;0.9999592245993745;0.9999157631540061;1.024999976158142;
2016-09-13 19:15:00;0.9999082258166622;1.0;0.9999715782747078;0.9999128538620958;0.9999882145208596;0.9999199691793182;1.0001661119260004;0.9999369693005505;0.9999756060253918;0.9999539260626493;1.0;0.9999111027607157;0.9999274349961144;0.9999318234337957;1.0;0.9999570419606054;0.9999530757549973;0.9999853940704081;0.9999678388849579;0.9999505453026087;0.9999059693719545;0.9999962924975658;0.999953920669419;1.0;1.0002338567112141;0.9999215414927539;1.0;0.9999315432087427;1.0;0.9997943877930564;1.0;0.9996945966797667;1.0;0.9997679822255612;1.0;0.999240632460941;0.999207898792224;0.9991987664642316;1.0;0.9999962745169784;0.9999120330548903;0.9999608688002335;0.9999192221551658;1.024999976158142;
2016-09-13 19:30:00;0.9999244386486402;1.0;0.9999756082878928;0.9999265325204678;0.9999912785948039;0.9999319670659551;1.0001716737752555;0.9999437036303972;0.9999787497618619;0.9999614916868838;1.0;0.9999220737342508;0.9999380454520901;0.9999405824984633;1.0;0.9999607315468272;0.9999572517391268;0.9999897205822739;0.9999739166255517;0.9999587691370919;0.999925077325299;0.9999964733730344;0.9999580572969209;1.0;1.0002414154768453;0.9999361727848446;1.0;0.999941677513437;1.0;0.9997674179070661;0.9999999999999999;0.9996677561523656;0.9999999999999999;0.9997575570892889;1.0;0.9991675895543715;0.9991350233226042;0.9991255108487074;1.0;0.999997157605496;0.9999297748385633;0.9999665788694767;0.9999300486724334;1.024999976158142;
2016-09-13 19:45:00;0.9998458462987223;1.0;0.9999537451829551;0.9998516776404027;0.9999881881016921;0.9998653177753835;1.0001705001571162;0.9998897266737894;0.999968304491646;0.9999189514605236;1.0;0.9998858999892285;0.9999056803697447;0.9998779503123569;1.0;0.9999171452469651;0.9999102639669222;0.9999856081408737;0.9999458002910635;0.9999238791784177;0.9998509593492999;0.9999970492257881;0.9999118920570406;1.0;1.000240706403621;0.9998747229755212;1.0;0.999882318879599;1.0;0.9997862634263248;1.0;0.9996844559620173;1.0;0.9997421241137684;1.0;0.9992284588459939;0.999195969158712;0.9991860436070858;0.9999999999999999;0.9999951345724525;0.9998616505586627;0.9999404191580573;0.9998937494664587;1.024999976158142;
2016-09-13 20:00:00;0.9998723253930126;1.0;0.999963100545494;0.9998806397186597;0.9999846071531678;0.9998919871440702;1.0001665073843693;0.9999170411265986;0.9999708606382115;0.9999362786194692;1.0;0.9998942870191789;0.9999109834303241;0.9999082625446638;0.9999999999999999;0.999941062537463;0.9999357343268692;0.9999800875516367;0.9999548938919429;0.9999340567154003;0.9998674774706254;0.999996651361482;0.999936818160887;1.0;1.0002349647505997;0.9998908136872511;1.0;0.9999072448353664;1.0;0.9998205311571292;1.0;0.9996601425148423;1.0;0.9996992492420825;1.0;0.9991843487698602;0.9991521777993898;0.9991426651621702;1.0;0.9999950214532601;0.9998763171962098;0.9999497538025175;0.9999021365622505;1.024999976158142;
2016-09-13 20:15:00;0.9998712742810262;0.9999999999999999;0.9999611545519745;0.9998799918775021;0.9999835350747833;0.9998905677236379;1.000165598249018;0.9999179347964248;0.9999690453676754;0.9999347627397104;1.0;0.9998982344694145;0.9999134902279275;0.9999073089212128;1.0;0.9999455874547357;0.9999403792070133;0.9999789955652819;0.9999538954285926;0.9999327417375361;0.9998668916025228;0.9999960086177632;0.9999414301036126;1.0;1.0002335484092302;0.999891001144139;0.9999999999999999;0.9999058851903356;1.0;0.9998084637570452;1.0;0.9997067467447092;0.9999999999999999;0.9997407718272093;1.0;0.9992962162826238;0.9992675676599894;0.9992584347866491;1.0;0.9999946007017008;0.9998761295121175;0.9999475135492806;0.9999050627840915;1.024999976158142;
2016-09-13 20:30:00;0.999888646922344;1.0;0.9999649265332683;0.9998947643897471;0.9999872272179108;0.9999033825023896;1.0001588094166776;0.9999257553297162;0.9999729310742845;0.9999420146339315;1.0;0.999912281162054;0.9999264093839173;0.9999159428914026;1.0;0.9999509630594481;0.9999463453948405;0.9999842335958334;0.9999600713210738;0.9999421187715806;0.9998884813076213;0.9999963603381506;0.9999473494209388;1.0;1.0002237070663729;0.9999079678372291;1.0;0.9999163458417596;1.0;0.9998271179803458;1.0;0.9997257286873662;0.9999999999999999;0.9997597995007442;1.0;0.9993397613458984;0.9993141995257759;0.9993054787711831;1.0;0.999995496628481;0.9998965154511359;0.999953621748528;0.999918234865185;1.024999976158142;
2016-09-13 20:45:00;0.9998871881350273;1.0;0.9999641690873463;0.9998933715926145;0.9999869483706109;0.9999019645835528;1.0001578258421364;0.9999247822559979;0.9999722771029805;0.999941116135423;1.0;0.9999080726923618;0.9999231738799046;0.9999146596007644;1.0;0.9999508227072761;0.9999461560139229;0.9999839471411489;0.9999594999740966;0.9999412160335182;0.9998871887460243;0.9999961987763927;0.9999471723973283;1.0;1.0002223207252223;0.9999069435033605;0.9999999999999999;0.9999151009848108;0.9999999999999999;0.9998220304234307;1.0;0.9997293478003426;1.0;0.9997693513658266;1.0;0.9993441052272791;0.9993173477546718;0.999309007855587;1.0;0.9999953857528808;0.9998953635816957;0.9999526801564926;0.9999144965932608;1.024999976158142;
2016-09-13 21:00:00;0.999901855780376;1.0;0.9999683165935076;0.999906792633388;0.9999875834356649;0.9999138435724617;1.0001565231068954;0.999933222259472;0.999973636854629;0.9999494103746865;1.0;0.9999233886536656;0.9999360107244176;0.9999258555987418;0.9999999999999999;0.9999569060183198;0.9999527693150763;0.999984874839155;0.999965068293802;0.9999472738521763;0.9999010677315084;0.999995881172794;0.9999536668906294;1.0;1.0002203523408417;0.999917865140921;1.0;0.999925874976095;1.0;0.999814919336533;1.0;0.9997488283337007;0.9999999999999999;0.9997938027374383;1.0;0.9993860240150607;0.999361151381535;0.9993520176528801;1.0;0.9999958621288881;0.9999078856895;0.9999572673171886;0.999929024305461;1.024999976158142;
2016-09-13 21:15:00;0.9998858038772044;1.0;0.9999633343628445;0.999891363999932;0.9999865546386152;0.9998997748586902;1.000157571437475;0.9999219979441613;0.9999705606607472;0.9999406104617058;1.0;0.999932523220816;0.999941736118407;0.9999128739788561;0.9999999999999999;0.999948835241593;0.9999440105985076;0.9999836605701263;0.9999592655397287;0.9999395738353289;0.9998859902328294;0.9999956463826669;0.9999450760145779;1.0;1.0002219787211786;0.9999053065109558;0.9999999999999999;0.9999134343225388;1.0;0.9998318052375226;1.0;0.9997432928897069;1.0;0.9997808557457358;1.0;0.99937804625544;0.999361034013359;0.9993526937496864;1.0;0.9999953542650929;0.9998940118823375;0.9999510987173713;0.9999358696958621;1.024999976158142;
2016-09-13 21:30:00;0.9998892186780094;1.0;0.9999659090522908;0.9998957087802245;0.999986652860651;0.9999045757472435;1.0001520295976831;0.9999268133564381;0.9999730105511203;0.9999432787724749;1.0;0.9999336696429577;0.9999420342315957;0.9999179801041631;1.0;0.9999509150586892;0.9999463152054201;0.9999832746580138;0.999960492555329;0.9999421035395515;0.9998873281431014;0.9999963960695988;0.9999472875878542;1.0;1.0002142831684526;0.9999070598175491;0.9999999999999999;0.999917735522709;1.0;0.9998491282117942;1.0;0.9997524564656617;0.9999999999999999;0.9998054775900962;1.0;0.9993883085571155;0.9993714481965392;0.9993623143737758;0.9999999999999999;0.9999954992526456;0.9998951732965085;0.9999542690999855;0.9999367754238287;1.024999976158142;
2016-09-13 21:45:00;0.999872593386691;1.0;0.9999608847450214;0.9998789591076056;0.9999854684592904;0.9998892164490968;1.0001541197167403;0.9999128361177515;0.9999687283264495;0.9999348679255394;0.9999999999999999;0.9999311673369399;0.9999397382228974;0.9999040538898998;0.9999999999999999;0.9999396312071493;0.9999341627080293;0.9999819799728802;0.9999550067305137;0.9999332790245675;0.9998714654228348;0.9999957695986859;0.9999353557025936;0.9999999999999999;1.000217433161515;0.9998929743543487;1.0;0.9999045238817179;1.0;0.9998525683915054;1.0;0.9997589377083181;1.0;0.9998104782228435;1.0;0.9994043440897773;0.9993875750336942;0.9993784410635383;1.0;0.999995094151673;0.9998801744196399;0.9999473433690985;0.9999342440823282;1.024999976158142;
2016-09-13 22:00:00;0.9998827115678376;1.0;0.9999619320869765;0.9998880575654829;0.9999862477965002;0.9998964968832535;1.0001517222556402;0.9999189784713579;0.999969207083317;0.9999388389319667;1.0;0.9999341562747932;0.999942997659973;0.9999097882526826;1.0;0.9999470309135958;0.99994203872519;0.9999834380881644;0.9999582215238589;0.9999376411126271;0.9998834342222125;0.9999953138358851;0.9999431541009877;1.0;1.0002137881918733;0.999902928540474;1.0;0.9999106001173945;1.0;0.9998543365299448;1.0;0.9997769364156542;1.0;0.9998187155338442;0.9999999999999999;0.9994529146001354;0.9994361447290854;0.9994270103150236;1.0;0.9999952339472133;0.9998916218545972;0.9999492313321087;0.9999372330293782;1.024999976158142;
2016-09-13 22:15:00;0.999890797983731;1.0;0.9999666577779427;0.9998955374509898;0.9999878152647058;0.9999044270541608;1.0001507285449558;0.9999229872733427;0.9999727539854083;0.9999446654005371;1.0;0.9999405701769418;0.9999486041082972;0.9999169707531369;1.0;0.9999450295628592;0.9999401905853519;0.9999849887707983;0.9999619315582859;0.9999424520554285;0.9998900352798403;0.9999962193997538;0.9999412645128302;1.0;1.000212523985743;0.9999076583923657;1.0;0.9999178253726972;0.9999999999999999;0.999856920156151;0.9999999999999999;0.9997555338209027;1.0;0.9997912151864727;1.0;0.999407347293689;0.9993899738175137;0.9993804589163073;1.0;0.9999959551125768;0.9998972013329975;0.9999547278578994;0.9999437453326844;1.024999976158142;
2016-09-13 22:30:00;0.9998911841719537;0.9999999999999999;0.9999648227897177;0.9998953133780725;0.9999875500871743;0.9999032101777368;1.0001479793085155;0.9999222838281645;0.9999708934155416;0.9999437109367747;1.0;0.9999396380218739;0.999948308428376;0.9999153402202513;1.0;0.9999474514495352;0.9999426560835416;0.9999851448665389;0.9999617436654453;0.9999417380152151;0.9998921811750078;0.9999954611554601;0.9999437480810578;1.0;1.000208509049134;0.9999093478774899;1.0;0.9999165904766709;1.0;0.9998587492943162;1.0;0.9997783054110889;1.0;0.9998191140252972;1.0;0.9994566265596702;0.99943983278214;0.9994314918608448;0.9999999999999999;0.9999957516660922;0.9998994522412913;0.9999526845802174;0.999942915167357;1.024999976158142;
2016-09-13 22:45:00;0.9998615741272714;0.9999999999999999;0.9999571223950633;0.9998673850059633;0.9999838940444593;0.9998782375384505;1.000150523656357;0.9999020261209414;0.9999640002326055;0.9999298781334922;1.0;0.999932330188078;0.9999406786926709;0.9998946823061721;1.0;0.9999312642391899;0.9999251285538565;0.9999802937118799;0.9999517155335296;0.9999261031930582;0.9998604206786866;0.999994680483164;0.999926489101116;1.0;1.0002125526181092;0.9998826454442595;0.9999999999999999;0.9998954867347087;1.0;0.999865824295122;0.9999999999999999;0.9997782660189893;1.0;0.9998174042555237;1.0;0.9994575573401647;0.9994412216617482;0.9994328807288619;1.0;0.9999947478985282;0.9998694209984644;0.9999414455614338;0.9999354627633364;1.024999976158142;
2016-09-13 23:00:00;0.9998665076128488;1.0;0.999956783765854;0.9998735782285949;0.9999818883414319;0.999882968298518;1.000146862480412;0.9999098928962815;0.9999627460350543;0.9999318716222557;1.0;0.9999294000515163;0.9999376150462188;0.9999004663394341;0.9999999999999999;0.9999428575382483;0.9999372615630151;0.9999778423775817;0.999952562186075;0.9999272007462336;0.999863895360831;0.9999939314312281;0.9999384489950399;0.9999999999999999;1.0002071936408166;0.999887133029826;1.0;0.9998997176420098;1.0;0.9998570313966472;1.0;0.9998252366280438;1.0;0.9998544909180606;1.0;0.9995737220181498;0.9995577073381785;0.9995493654331497;0.9999999999999999;0.999994172954289;0.9998730755765552;0.9999410235444101;0.9999324306259367;1.024999976158142;
2016-09-13 23:15:00;0.9998909167468785;1.0;0.999965467491391;0.9998978588089025;0.999984427266165;0.9999058474356061;1.0001424917968953;0.9999293152786191;0.99997030135811;0.9999448835613847;1.0;0.999935368824549;0.9999430085593005;0.9999210811288821;1.0;0.9999557887583617;0.9999513528348195;0.9999805560332973;0.9999610256273486;0.9999407763300515;0.9998868498246891;0.9999953290995319;0.9999522475596186;1.0;1.0002008572911891;0.9999070136401723;1.0;0.9999194814210685;1.0;0.9998634122415009;1.0;0.9998244284780972;1.0;0.9998630151836592;1.0;0.9995652996605755;0.999548753726497;0.9995400309250111;1.0;0.9999950863772343;0.9998945154431474;0.9999526350589939;0.9999384746106975;1.024999976158142;
2016-09-13 23:30:00;0.99988029787879;0.9999999999999999;0.9999612592855238;0.9998871039360633;0.9999841705624344;0.9998956137758425;1.000141447695878;0.999920741006842;0.9999678104576736;0.9999382639439731;1.0;0.9999309397836393;0.9999394087543119;0.9999108304261245;1.0;0.9999504343406449;0.9999455205349395;0.9999805657724983;0.9999570718051531;0.9999356325512081;0.9998784618585331;0.9999949713850715;0.9999465595668566;1.0;1.0001994196023316;0.9998998031610277;1.0;0.9999102081022212;1.0;0.9998727636618253;1.0;0.9998337636575935;1.0;0.9998784797940896;0.9999999999999999;0.9995826798422833;0.9995665804609859;0.9995582384819056;1.0;0.9999947510236753;0.9998869857305194;0.999947792409771;0.9999339971612391;1.024999976158142;
2016-09-13 23:45:00;0.9998830103243889;0.9999999999999999;0.999960451181313;0.9998884246727122;0.9999839452223801;0.9998958216034919;1.000143116956241;0.9999193760448428;0.9999654613618271;0.9999394153065706;1.0;0.9999351496913396;0.9999436511022173;0.9999107784871772;1.0;0.9999508160513749;0.9999458839598345;0.9999808229736534;0.9999582908845858;0.9999352626345691;0.9998823698724765;0.9999939387527516;0.9999469616330543;1.0;1.0002016482394056;0.9999021047609888;1.0;0.9999106193695503;1.0;0.9998656658755284;1.0;0.9998400571871354;1.0;0.9998900981861579;1.0;0.9995937251323729;0.999576874336728;0.9995681512898406;0.9999999999999999;0.9999947546181187;0.9998904284719125;0.9999463035289342;0.999938351628492;1.024999976158142;
2016-09-14 00:00:00;0.9999093024559821;1.0;0.9999695328036745;0.9999141902851051;0.9999870952473966;0.9999199776486388;1.000137623318485;0.9999394307522899;0.9999735852769034;0.9999530652942494;1.0;0.9999430459132842;0.9999508289649147;0.9999320406946167;1.0;0.9999640533188753;0.9999603364614132;0.9999843926726134;0.9999673965705921;0.9999499855729904;0.9999079769037198;0.9999954254296322;0.9999611240904704;0.9999999999999999;1.0001936973657468;0.9999240187763483;1.0;0.9999313512115902;1.0;0.9998856534758678;1.0;0.9998419812296014;0.9999999999999999;0.9998909583901905;1.0;0.999598747012565;0.9995821159657953;0.9995733928731658;1.0;0.9999958039301635;0.9999143890606621;0.999958658618525;0.9999461785221128;1.024999976158142;
2016-09-14 00:15:00;0.9999190412081166;1.0;0.9999751149841624;0.9999252941593815;0.9999878939495709;0.999931559897859;1.0001335512015157;0.9999503299296749;0.9999789089586195;0.9999594694113793;1.0;0.9999429869055448;0.9999501516764948;0.9999435209567569;0.9999999999999999;0.999969430707668;0.999966269606272;0.9999845280713255;0.9999708265439792;0.9999565126138807;0.9999144502788311;0.9999969083858022;0.9999668646287736;0.9999999999999999;1.0001880597277455;0.999930513156782;1.0;0.999941535141805;1.0;0.9998880909330061;1.0;0.9998430816037742;1.0;0.9999068809370704;1.0;0.9995910623501076;0.9995742961576778;0.9995655731332896;1.0;0.9999962268652679;0.9999203247375673;0.9999657962359312;0.9999461620689616;1.024999976158142;
2016-09-14 00:30:00;0.9999348638495469;1.0;0.9999781450445632;0.9999382665872437;0.9999894580037061;0.9999422591235344;1.000130570466365;0.9999557197418822;0.9999791363342343;0.9999674299198628;1.0;0.99995657916546;0.9999629312392742;0.9999521832302896;1.0;0.999973640309392;0.9999708983101271;0.9999871952803498;0.9999770029346997;0.9999625974275591;0.9999322382260915;0.999996055142638;0.9999714605038225;0.9999999999999999;1.0001836326123348;0.999943651813472;1.0;0.9999510812268894;1.0;0.9998961766890234;0.9999999999999999;0.9998419100645576;1.0;0.9999052297521723;1.0;0.9995885621671071;0.9995714053718326;0.9995618887432695;1.0;0.9999968606312767;0.9999365202998113;0.9999692482755698;0.9999596850174877;1.024999976158142;
2016-09-14 00:45:00;0.9999313482369526;1.0;0.999980494270073;0.9999373066964528;0.9999894913933424;0.999943353496969;1.0001297179729924;0.9999590509990501;0.9999832411956641;0.9999668593189649;1.0;0.9999483917163141;0.9999548806997167;0.9999542652933923;1.0;0.999972878220439;0.9999701912126937;0.9999861393738652;0.9999755521144547;0.9999634977767329;0.9999253646384425;0.999997847947706;0.9999706625729233;0.9999999999999999;1.000182686772014;0.9999394964277952;1.0;0.9999519350587165;0.9999999999999999;0.9998971329479488;1.0;0.9998528027585005;1.0;0.9999040178371891;1.0;0.9996222506590977;0.9996049903069757;0.9995958543497383;1.0;0.9999968962448325;0.9999302083979974;0.9999725289907908;0.9999516227400093;1.024999976158142;
2016-09-14 01:00:00;0.9999328384095578;1.0;0.9999812712922449;0.9999392191359776;0.9999897108903598;0.9999453318136622;1.0001270783666925;0.99996145109531;0.9999844218220303;0.9999675541649365;0.9999999999999999;0.9999476863158246;0.9999540886812406;0.9999560910241715;1.0;0.9999746745815112;0.9999721245920118;0.9999862608817027;0.9999758960248812;0.9999647927182622;0.9999265400749703;0.9999982011596563;0.9999725530596043;1.0;1.0001789742901903;0.9999409136353358;1.0;0.999953536354639;1.0;0.9999209746541409;1.0;0.9998383263932497;1.0;0.999895337471004;1.0;0.9995843205140079;0.9995676897072623;0.999558966740527;1.0;0.9999969308011514;0.999931432997533;0.9999737830060323;0.9999508189391906;1.024999976158142;
2016-09-14 01:15:00;0.9999408299163984;1.0;0.9999836679997017;0.9999473145595912;0.9999903465472381;0.9999527481825116;1.0001248721421534;0.9999683722690215;0.9999866256268112;0.9999714577190665;1.0;0.9999485743587307;0.9999549212387328;0.999962756523955;1.0;0.9999803799323237;0.9999782629618518;0.9999869623160358;0.999978447395988;0.9999691504990814;0.999934277020789;0.9999985513583874;0.9999785822053352;1.0;1.000175766703943;0.9999478542225267;1.0;0.9999598538222704;1.0;0.9999344029927103;1.0;0.9998455701830583;1.0;0.9999077722443439;1.0;0.9995975353837386;0.9995809043571279;0.9995721812750719;0.9999999999999999;0.9999971241692518;0.9999387943286829;0.99997718183029;0.9999517069848786;1.024999976158142;
2016-09-14 01:30:00;0.9999392036951477;1.0;0.9999834014799843;0.9999453958148745;0.9999906352201929;0.9999511109318621;1.0001236648706964;0.999966155545988;0.9999865042444257;0.9999707132534187;0.9999999999999999;0.9999494321652489;0.9999557398784548;0.9999609636359822;1.0;0.9999777301236342;0.9999754699950655;0.999987352103985;0.999978075753314;0.9999684760263056;0.999933031348942;0.9999986033888247;0.9999758339633755;1.0;1.0001741208779165;0.9999464445932738;1.0;0.999958424983933;1.0;0.999935142316031;1.0;0.9998690193847343;0.9999999999999999;0.9999139429205893;1.0;0.9996640237738805;0.9996474762056088;0.9996387525425974;1.0;0.9999972019467889;0.9999375448788962;0.9999768086777849;0.999952537995078;1.024999976158142;
2016-09-14 01:45:00;0.999948794207713;1.0;0.999986613355248;0.9999530721255305;0.9999929379809722;0.9999582086715718;1.0001208327708386;0.9999686536141258;0.9999888511105902;0.9999758259784082;1.0;0.999958340312142;0.9999641757574358;0.9999660247445655;1.0;0.9999765837207156;0.9999744857402232;0.9999904407795686;0.9999821175219538;0.999973507236015;0.9999441152628932;0.9999989150405354;0.9999748621852967;1.0;1.000170101727017;0.9999543233636563;1.0;0.9999645682600753;1.0;0.9999648018694066;0.9999999999999999;0.9998383092189205;1.0;0.9998985679531223;1.0;0.9995817737759994;0.9995644534629075;0.9995545242509282;1.0;0.9999979550414639;0.9999475520455935;0.9999809395296037;0.9999613977735213;1.024999976158142;
2016-09-14 02:00:00;0.999947141822883;1.0;0.9999862946181075;0.9999524306466411;0.999992103697944;0.9999577585613416;1.000118126177619;0.9999700283541125;0.9999887765213785;0.9999750790548007;0.9999999999999999;0.9999542200513173;0.9999602900259914;0.9999663724269457;1.0;0.999978683963427;0.9999766537725939;0.9999891883757253;0.9999812257584355;0.9999727856600279;0.9999413149058851;0.9999989937120392;0.9999769830802018;0.9999999999999999;1.0001663208994693;0.9999527829539393;0.9999999999999999;0.9999642052173288;1.0;0.9999650593571843;1.0;0.9998690572507667;1.0;0.9999154245177817;1.0;0.9996629604272382;0.9996456261417104;0.9996361088065128;0.9999999999999999;0.9999977094374767;0.99994508427131;0.9999805378397576;0.9999573817394635;1.024999976158142;
2016-09-14 02:15:00;0.9999448781740938;1.0;0.9999839543775638;0.9999494500827895;0.9999920022711666;0.9999541917854862;1.0001168899737103;0.9999667226736509;0.9999867373249386;0.9999728545060612;1.0;0.9999547164720006;0.9999610588744263;0.9999623545675979;1.0;0.9999781964040365;0.999976038461913;0.9999895404369339;0.9999802649752756;0.9999709770237318;0.9999410764066116;0.9999983229659304;0.9999764331509197;1.0;1.0001644856812264;0.9999522317389379;0.9999999999999999;0.9999609055669706;0.9999999999999999;0.9999669688815367;1.0;0.9998792876476522;0.9999999999999999;0.9999166913100038;1.0;0.9996929371313256;0.9996763099997288;0.9996671733906602;1.0;0.9999975341199996;0.9999450561210681;0.9999778452578831;0.9999577471231499;1.024999976158142;
2016-09-14 02:30:00;0.9999524979845014;1.0;0.9999852811727412;0.9999555076373996;0.9999938004717713;0.9999592335078917;1.0001167162540814;0.9999691161302029;0.9999880209792001;0.9999758547526301;1.0;0.9999594517559882;0.9999659879501233;0.999965330987568;1.0;0.9999798208167193;0.9999778753352581;0.999992204225504;0.9999830404905299;0.99997488287945;0.9999511674691739;0.9999983140685413;0.9999782748597693;1.0;1.000164080033279;0.9999598808474447;1.0;0.9999649694417898;1.0;0.9999647113447194;1.0;0.9998807200026208;0.9999999999999999;0.9999195154850412;1.0;0.999695332924298;0.9996791148085834;0.9996703908694701;1.0;0.99999796511909;0.9999545499221311;0.9999801071354368;0.9999624533929554;1.024999976158142;
2016-09-14 02:45:00;0.999962695107872;1.0;0.9999887580526995;0.9999650919723773;0.9999949343738016;0.9999681345167821;1.0001147852491894;0.9999756546961872;0.9999904917831015;0.9999814577886567;1.0;0.9999640316198867;0.9999702295766036;0.9999732424156216;1.0;0.9999835883997706;0.9999820364753265;0.999993560272491;0.9999868289424723;0.999980100230178;0.9999610538350588;0.999998653890803;0.9999823481126981;1.0;1.0001612973997098;0.9999678974811165;1.0;0.9999727796373454;1.0;0.999971319349213;1.0;0.9998804369975629;1.0;0.9999202515303584;0.9999999999999999;0.9996939531567427;0.9996777897834335;0.999669446876245;1.0;0.9999984182530605;0.9999636101405114;0.9999844970602041;0.9999671084663971;1.024999976158142;
2016-09-14 03:00:00;0.9999596857152074;1.0;0.9999884152435135;0.9999623292726624;0.999994416229787;0.9999658580868268;1.0001137256936545;0.9999735760086637;0.9999898491731325;0.9999805320773753;1.0;0.9999631828329744;0.9999693444352517;0.999971712488245;1.0;0.9999812318963832;0.9999795189516376;0.9999927817242265;0.9999859798362759;0.9999784244544248;0.9999571498146331;0.999998616862392;0.9999798546619427;1.0;1.0001599084070654;0.9999645346029565;1.0;0.999971022121899;1.0;0.999977506072276;1.0;0.9998903110825482;1.0;0.9999236365875562;1.0;0.999721397732064;0.9997045447841598;0.9996958206231259;1.0;0.9999983497231364;0.9999597811730739;0.999983637160905;0.9999663848598929;1.024999976158142;
2016-09-14 03:15:00;0.9999577222487036;1.0;0.9999881607533784;0.9999607121037856;0.9999943232985545;0.9999645910874915;1.0001155413379443;0.9999728804023209;0.9999900076111341;0.999979572048985;1.0;0.999962085184367;0.9999682034348816;0.9999706506017827;1.0;0.9999804459544044;0.9999786753524104;0.9999925554393114;0.9999852334350811;0.9999777794032658;0.9999549480430406;0.9999987919429688;0.999979016869373;1.0;1.0001624928820485;0.9999628856429837;1.0;0.9999698786221042;1.0;0.9999708747595514;1.0;0.9998807263349755;1.0;0.9999214882687668;1.0;0.9996939767388593;0.9996773441076838;0.9996686201840231;1.0;0.9999982998714388;0.9999577667525703;0.9999833824173635;0.9999652178528413;1.024999976158142;
2016-09-14 03:30:00;0.9999770752770758;1.0;0.9999917336576454;0.9999781922387896;0.9999968301715895;0.9999794231062683;1.000114185461182;0.999984548673514;0.9999931067605224;0.9999876483650191;1.0;0.9999696490637264;0.9999758023050865;0.999982121708944;1.0;0.999991610121761;0.9999906890570887;0.9999963033194005;0.99999161608364;0.9999873702769417;0.9999774945491254;0.9999987399152866;0.9999908942503889;0.9999999999999999;1.0001601630423205;0.9999814857748244;0.9999999999999999;0.9999821970919306;1.0;0.9999692749298713;1.0;0.9998840495430074;0.9999999999999999;0.9999224806041321;1.0;0.9997033263500598;0.9996870105048566;0.9996778737979902;1.0;0.9999988844571677;0.99997921586593;0.9999891118312888;0.9999725813758472;1.024999976158142;
2016-09-14 03:45:00;0.9999652201114076;0.9999999999999999;0.9999881168259239;0.9999663047346343;0.9999962266651812;0.9999685735608913;1.000115287507442;0.9999747213505791;0.9999904727185824;0.9999814417628189;1.0;0.9999654789426083;0.9999723314668718;0.9999719629876154;0.9999999999999999;0.9999836213511863;0.9999820935096837;0.9999956799000161;0.9999876468780711;0.999981412279559;0.999966536113092;0.9999984355983027;0.9999824568238358;1.0;1.0001618542202173;0.9999718419850091;1.0;0.999972738720914;1.0;0.999966506941655;1.0;0.9998866979198014;1.0;0.9999234025676845;1.0;0.9997106905663492;0.9996947527789514;0.999686822433337;0.9999999999999999;0.9999986060658198;0.9999689525206743;0.9999843914928542;0.9999685848222786;1.024999976158142;
2016-09-14 04:00:00;0.9999717250085648;0.9999999999999999;0.9999914423479246;0.9999723182141155;0.9999972878808;0.9999746895525251;1.0001152058005438;0.9999782051496393;0.999992825495282;0.999985817379908;1.0;0.9999702801116008;0.9999765661402586;0.9999775605603827;1.0;0.9999832409918541;0.9999818735189421;0.9999967702008453;0.999990460654649;0.9999850330044725;0.9999720967324451;0.9999989744147406;0.9999821967126599;1.0;1.0001617976425758;0.9999759600120257;0.9999999999999999;0.9999782805541867;1.0;0.9999630224065035;1.0;0.9998815008598934;1.0;0.9999143306146594;1.0;0.9997012467239047;0.9996835506824306;0.9996736202873947;1.0;0.9999991014462387;0.999973756472314;0.99998826405944;0.9999734553616829;1.024999976158142;
2016-09-14 04:15:00;0.9999769055202815;1.0;0.9999926221250202;0.9999771629448218;0.9999976332795476;0.9999788888091086;1.0001140638301869;0.9999816592188466;0.9999934890353667;0.9999883329824402;1.0;0.999972828035531;0.9999788794324279;0.9999812721985087;1.0;0.9999863794793366;0.9999852446618065;0.9999972887481888;0.9999922340163176;0.9999873932201597;0.9999774488536846;0.9999989150336333;0.9999855188322293;1.0;1.00016010776254;0.9999804110210458;1.0;0.9999819255910315;1.0;0.9999679588396897;1.0;0.9998821912513323;1.0;0.9999187358151788;0.9999999999999999;0.9997002885230551;0.9996831298101256;0.9996736121178664;0.9999999999999999;0.9999992289157473;0.9999787654386918;0.9999898267625257;0.9999759339380273;1.024999976158142;
2016-09-14 04:30:00;0.9999830362262151;1.0;0.9999939745031525;0.9999831384540102;0.9999978996558594;0.9999840771961633;1.0001132238228223;0.9999864278589201;0.9999943611013943;0.9999912242274652;1.0;0.9999747895198559;0.9999806399336312;0.9999859637711151;1.0;0.9999910148637535;0.9999901978296769;0.9999976868914967;0.9999942059560786;0.9999902545203931;0.9999836266758201;0.9999988779910631;0.9999903976961834;1.0;1.00015881261282;0.9999857882925597;1.0;0.999986393558829;1.0;0.9999684274614322;1.0;0.9998894717311673;1.0;0.9999235734333076;1.0;0.9997189368005459;0.9997029197940148;0.9996945766771016;1.0;0.9999993215947548;0.999984620151908;0.9999917003517811;0.9999778202318423;1.024999976158142;
2016-09-14 04:45:00;0.9999775791760598;1.0;0.9999922048057226;0.9999778523192001;0.9999978977612106;0.9999792773667675;1.0001132503761623;0.9999825845437077;0.999993728284964;0.9999879367860792;1.0;0.9999723090108354;0.9999784636828629;0.9999811335150328;0.9999999999999999;0.9999882117348929;0.9999871678093208;0.9999977355837355;0.9999921650883886;0.9999879870215771;0.9999790390035233;0.9999989373253955;0.9999874308704619;1.0;1.0001588868437128;0.9999820124104405;1.0;0.9999819935768401;1.0;0.9999747423162556;1.0;0.9998848289133284;1.0;0.9999251882535594;1.0;0.9997038053736997;0.9996887106195372;0.9996811613464485;1.0;0.9999991820317052;0.9999805147133382;0.999989796995313;0.9999752413307563;1.024999976158142;
2016-09-14 05:00:00;0.999974346157791;0.9999999999999999;0.9999918173453167;0.9999756572705133;0.9999971520180981;0.9999776206307635;1.0001153123628461;0.9999826177468425;0.9999937571570301;0.9999865589103387;1.0;0.9999682881443989;0.9999745859502785;0.9999803464813226;0.9999999999999999;0.9999884621407257;0.9999873861211641;0.9999965240202843;0.9999908221534347;0.9999867046136982;0.9999745658439696;0.9999991525265619;0.9999876249589681;0.9999999999999999;1.0001618426349865;0.9999789551861678;1.0;0.999980592361292;1.0;0.9999730360414331;1.0;0.9998609238153829;1.0;0.99991473456642;1.0;0.9996388863804708;0.9996223517444388;0.9996132156285252;1.0;0.9999989691119099;0.9999764183284547;0.9999892578746478;0.9999712898078907;1.024999976158142;
2016-09-14 05:15:00;0.9999727302277648;1.0;0.9999910699219169;0.9999737038054513;0.9999968168388893;0.9999756342248655;1.0001180309063344;0.9999803388536913;0.9999925188153941;0.9999858992611599;1.0;0.9999679058036881;0.9999745120176446;0.9999786667371572;1.0;0.9999867875361503;0.9999855776847828;0.9999962302511847;0.9999904432150093;0.9999852984187828;0.999973042072664;0.9999987904024215;0.9999858546092203;1.0;1.0001656734422972;0.999977288393445;1.0;0.9999790260599368;1.0;0.9999679034763406;1.0;0.9998473458134124;1.0;0.9999112907780028;1.0;0.999600335238296;0.999583330544203;0.9995746074409739;1.0;0.9999989173847281;0.9999748514986471;0.9999879747298495;0.9999711562423171;1.024999976158142;
2016-09-14 05:30:00;0.9999743542350541;1.0;0.9999925933065401;0.999975004060106;0.9999975527686293;0.9999773244358455;1.0001185340979026;0.999980423381821;0.9999937876222331;0.9999873806330257;0.9999999999999999;0.999970204254295;0.9999765755444026;0.9999800487195409;1.0;0.9999844315270545;0.9999831867327279;0.999996996830167;0.9999914169295598;0.9999865449547565;0.9999743120853916;0.9999991896073381;0.9999834749924845;1.0;1.0001664576887352;0.9999778926221347;1.0;0.9999805969598813;1.0;0.9999684708381126;1.0;0.9998241510788706;0.9999999999999999;0.9999021663673571;1.0;0.9995366207644842;0.9995197340052965;0.9995113924171777;1.0;0.9999992195954129;0.9999757866604267;0.9999897222570563;0.9999735105447257;1.024999976158142;
2016-09-14 05:45:00;0.9999791509790453;1.0;0.9999933102289714;0.999980586040152;0.9999968886467436;0.9999820711992848;1.0001195967003096;0.9999867903694489;0.999994265760839;0.9999894246136092;1.0;0.9999128302526517;0.9999335828059142;0.9999850369226176;1.0;0.9999920775645135;0.9999912501567964;0.999996110537157;0.9999924942659505;0.9999886621987717;0.9999783062803305;0.9999990812263388;0.9999914131112451;1.0;1.0001678006918882;0.9999822888487226;1.0;0.9999846663861071;1.0;0.9999731810992694;1.0;0.9998161769647508;1.0;0.999892272013752;1.0;0.9995193466000825;0.9994767129097085;0.9994671971826846;1.0;0.9999990131129618;0.9999798123484256;0.9999908625050347;0.9999239775224675;1.024999976158142;
2016-09-14 06:00:00;0.9999753573048904;1.0;0.9999920400516278;0.9999760872856;0.9999976564441259;0.9999779486107679;1.000128569564584;0.9999818592000661;0.9999938509172991;0.9999870355629485;1.0;0.999807857872847;0.9998562193797113;0.9999801980434415;0.9999999999999999;0.9999872275400694;0.9999861138637166;0.9999972720904845;0.9999913696889962;0.9999871705450475;0.9999762300082808;0.9999991197782182;0.9999863796844382;1.0;1.0001804112679045;0.9999798875604025;1.0;0.9999808617101769;0.9999999999999999;0.999969005415707;0.9999999999999999;0.9997693802933628;0.9999999999999999;0.9998274148966586;1.0;0.999422848636268;0.9993332192662747;0.999324085792907;1.0;0.9999991178800599;0.9999778902180019;0.9999895427709824;0.999833926580059;1.024999976158142;
2016-09-14 06:15:00;0.9999737156631835;0.9999999999999999;0.9999913939452489;0.9999740419663814;0.9999980456958982;0.9999760253131044;1.0001352661719376;0.9999795081179826;0.9999935822465956;0.9999859344426677;0.9999999999999999;0.9997133453810824;0.9997864486956385;0.9999778927722746;0.9999999999999999;0.9999850168764806;0.9999837712891831;0.999997883518399;0.9999908911422375;0.9999864913287713;0.9999755154884029;0.999999101986246;0.9999840873652491;1.0;1.0001898037780057;0.9999789359849072;1.0;0.9999790796988788;0.9999999999999999;0.9999686943667545;0.9999999999999999;0.9997406572203985;1.0;0.9998324436170343;1.0;0.9993327394043859;0.999200804659272;0.9991920848942467;1.0;0.9999991711421041;0.9999772334234697;0.9999888699919547;0.9997528675442066;1.024999976158142;
2016-09-14 06:30:00;0.9999718338142087;1.0;0.9999908987586814;0.9999720099362122;0.9999975740421558;0.9999741269175674;1.0001341253590126;0.9999773897595062;0.9999924803000473;0.9999854059490468;0.9999999999999999;0.9997465366353501;0.9998111072330416;0.9999765442453507;1.0;0.9999831028624088;0.9999817159211163;0.9999973198917487;0.9999904617762765;0.9999849964772295;0.9999732144480409;0.99999882009175;0.9999820627091619;1.0;1.000188258251309;0.9999766833137975;1.0;0.9999776634756528;1.0;0.9999711897212221;1.0;0.9997625309217383;1.0;0.9998474515989303;1.0;0.9993883814447059;0.9992704505962986;0.9992613176966096;1.0;0.9999991175621853;0.9999748811895566;0.9999877798960917;0.9997815314828206;1.024999976158142;
2016-09-14 06:45:00;0.9999514932514517;0.9999999999999999;0.9999861004382594;0.9999521112100304;0.9999968025075017;0.9999567077281364;1.000140950691698;0.9999615129998245;0.9999895108721861;0.999975487300985;1.0;0.999738626204135;0.999804270044995;0.9999605492276956;1.0;0.9999681434170012;0.9999657154357521;0.9999962159198056;0.9999838139414502;0.9999755452966892;0.9999531973933116;0.9999989060216334;0.9999663125908164;1.0;1.0001981822508692;0.9999592834439971;1.0;0.9999625531503077;1.0;0.9999494406601568;1.0;0.9997346198975874;1.0;0.9998311724408158;0.9999999999999999;0.9993155190330181;0.9991906234456709;0.9991739708383255;1.0;0.9999987914479052;0.9999560023132643;0.9999813509504583;0.99977399803941;1.024999976158142;
2016-09-14 07:00:00;0.9999515228973376;1.0;0.9999852880051314;0.9999533763389675;0.9999960702563602;0.9999575796703799;1.0001457097751587;0.9999654159959542;0.9999897272304532;0.9999745274501258;1.0;0.999747874894743;0.9998101006008303;0.9999616790376145;1.0;0.9999744001091152;0.9999722460317669;0.9999952308481737;0.9999829477013541;0.9999758856782334;0.9999530543669014;0.9999989548892902;0.9999727534543265;1.0;1.0002047273161014;0.9999605733974083;1.0;0.9999629834763136;0.9999999999999999;0.9999517236008952;1.0;0.9997082454875087;1.0;0.9998332152771747;1.0;0.9992345553768105;0.9991166495797381;0.9990999982052482;1.0;0.9999984137734784;0.9999564231424003;0.9999809992887848;0.9997810431200821;1.024999976158142;
2016-09-14 07:15:00;0.99993355731292;1.0;0.9999773877730326;0.9999373914235989;0.9999951815620511;0.9999422225957735;1.00015765794489;0.9999576645466015;0.9999873666894555;0.9999615822364084;0.9999999999999999;0.9997244371856171;0.9997903946909963;0.9999461146529404;1.0;0.9999747548022911;0.9999722479918399;0.9999944325352021;0.9999747930197352;0.9999687153399188;0.9999389140222;0.9999989744628279;0.9999728544797714;1.0;1.0002213343405064;0.9999508961780964;0.9999999999999999;0.9999482219858958;1.0;0.9999519998236458;1.0;0.9996306382601521;1.0;0.9998028312073651;1.0;0.9990214320625516;0.9987735696175463;0.9985900360839621;1.0;0.9999973613560791;0.9999447726662495;0.9999733804296922;0.9997581169684074;1.024999976158142;
2016-09-14 07:30:00;0.9999288035606623;1.0;0.999976990123152;0.9999318045582057;0.9999955848821578;0.999937559585613;1.0001589354578126;0.9999509929486657;0.9999866036493384;0.9999600652028507;0.9999999999999999;0.9997292702048077;0.9997945245430698;0.9999416008238955;0.9999999999999999;0.9999663400891697;0.9999633780280706;0.9999949369720528;0.999973929342986;0.9999662989537871;0.9999342960378328;0.9999989910975914;0.9999641112834591;1.0;1.0002233125066118;0.9999457913146163;0.9999999999999999;0.9999444363730112;1.0;0.9999531996024535;1.0;0.9995956922326225;0.9999999999999999;0.9997881299060513;1.0;0.9989261387113427;0.9986526851896044;0.9984351787572822;1.0;0.999997588297784;0.999939976094908;0.9999722585874237;0.9997627826784273;1.024999976158142;
2016-09-14 07:45:00;0.9999196937672704;1.0;0.9999777969641506;0.9999192109765762;0.9999974697393509;0.9999274621671128;1.0001611172643017;0.9999322486881532;0.9999849173416716;0.999958897601989;1.0;0.9997284383276797;0.9997965384921443;0.9999315595315958;1.0;0.999940207775448;0.9999359412339553;0.9999973366152425;0.9999736967535388;0.9999611696649243;0.9999253621602691;0.9999990038235084;0.9999370534916191;1.0;1.000226950499063;0.9999337032368272;1.0;0.9999367494484663;0.9999999999999999;0.9999511431781007;1.0;0.9995693600920854;1.0;0.9997901304619373;1.0;0.9988453474765339;0.9985477608774457;0.9983094403134586;1.0;0.9999986434797983;0.9999297661039951;0.9999709066995602;0.9997645191099608;1.024999976158142;
2016-09-14 08:00:00;0.9999275237108466;1.0;0.9999814027415298;0.999926427511246;0.9999976473288295;0.9999344667843588;1.0001654406556912;0.9999362306762801;0.9999860235352409;0.9999647021839463;1.0;0.9996382662967392;0.9997305716781144;0.9999388982922247;1.0;0.999940557260298;0.9999364711739556;0.9999973426197348;0.9999772235068118;0.9999642898389928;0.999931052098434;0.9999990337457797;0.999937523966369;0.9999999999999999;1.0002330781359432;0.9999376939987725;1.0;0.9999435065149848;1.0;0.999946760699312;0.9999999999999999;0.9995123168252339;0.9999999999999999;0.9997634734832311;1.0;0.9986917220285518;0.9983552381287593;0.9981238640638507;1.0;0.9999990651293088;0.9999343930998955;0.999974360284912;0.9996883214254326;1.024999976158142;
2016-09-14 08:15:00;0.9999645559467564;1.0;0.9999905715725107;0.9999640988904388;0.9999984850976499;0.9999678458359661;1.0001612579033548;0.9999690908501301;0.9999926308500406;0.9999826981057269;0.9999999999999999;0.99965052313631;0.9997403146599743;0.9999702406543298;1.0;0.9999719103427712;0.9999699390063204;0.9999982922421268;0.9999887987000039;0.999982208505034;0.9999661631789556;0.9999993261210337;0.9999704437200754;0.9999999999999999;1.000226551655096;0.9999695324441198;0.9999999999999999;0.9999723375167525;1.0;0.9999467496083964;0.9999999999999999;0.9995154622839251;1.0;0.9997721001827913;0.9999999999999999;0.9986952885215999;0.9983457214408303;0.9980928081102006;0.9999999999999999;0.9999994431740113;0.9999678272584364;0.9999869657352641;0.9996994755155885;1.024999976158142;
2016-09-14 08:30:00;0.9998873968498446;1.0;0.9999730677978844;0.9998849165101924;0.9999975514953549;0.9998983725712488;1.0001795066323025;0.999898071260658;0.9999797599077456;0.9999464131533359;0.9999999999999999;0.999595028059063;0.9996984488958571;0.9999048966687047;0.9999999999999999;0.9999006722855037;0.999894071486754;0.9999971472328113;0.9999654655052683;0.9999451580767248;0.999892399168389;0.9999990931451591;0.9998957783274072;1.0;1.0002536794851127;0.9999016614117361;0.9999999999999999;0.9999126160853811;1.0;0.9999041418289012;0.9999999999999999;0.9994916910554256;1.0;0.9997597851193083;0.9999999999999999;0.9986327104180676;0.9982695952277524;0.9980289359416732;0.9999999999999999;0.9999990702583272;0.999897073283233;0.9999621265103197;0.9996512354077638;1.024999976158142;
2016-09-14 08:45:00;0.9998610421777006;1.0;0.9999667536163943;0.9998582888218837;0.9999963116463645;0.9998747760632855;1.000190094301627;0.999875014031366;0.9999744728583126;0.9999340941956115;1.0;0.9995473844152571;0.9996625635183192;0.9998834699079899;1.0;0.9998787536682683;0.999870649948862;0.9999955840958026;0.9999572765686946;0.9999318797721081;0.9998663417325303;0.9999986909276897;0.999872729171582;1.0;1.0002690197070943;0.9998781460162727;1.0;0.9998924804990743;1.0;0.9998944878042922;1.0;0.999435275738584;0.9999999999999999;0.9997270601868267;1.0;0.9984853977113402;0.9981057584738747;0.9978701782898332;1.0;0.9999987321709641;0.9998721175821055;0.9999529374548871;0.9996100507164128;1.024999976158142;
2016-09-14 09:00:00;0.9998729281794931;1.0;0.9999695612226452;0.99987024752219;0.9999965187961799;0.9998852873319674;1.0001858913165003;0.9998852189554887;0.9999762872250699;0.9999399031602086;1.0;0.9995841429670922;0.9996901091160175;0.999893366797308;1.0;0.9998886345776623;0.9998811931376005;0.9999958617411415;0.9999610508001961;0.9999374360489098;0.9998776865103934;0.999998670126115;0.9998831032203777;1.0;1.0002629135767236;0.999888307087669;1.0;0.9999016066133347;1.0;0.999895732325151;1.0;0.9994684168666822;1.0;0.9997403289092712;1.0;0.9985760793829821;0.9982332665749125;0.9980252498932713;1.0;0.9999988473476296;0.9998828813619242;0.9999567333891382;0.99964186973588;1.024999976158142;
2016-09-14 09:15:00;0.9999446587094144;0.9999999999999999;0.9999847011710573;0.999943708229176;0.999997062587419;0.9999491897626893;1.0001747798392688;0.9999510818924607;0.9999871571284781;0.999973050842661;1.0;0.9996163932506661;0.9997147610395979;0.9999532956616398;1.0;0.9999565439702569;0.9999534425000434;0.9999967670510107;0.9999825549555547;0.9999713559175597;0.9999470635996434;0.9999984564651222;0.9999542371110908;0.9999999999999999;1.0002458069076587;0.999952154042496;1.0;0.9999564568900268;1.0;0.9998764654010835;1.0;0.9995182881388599;1.0;0.9997674613847151;1.0;0.9987079983225009;0.998431399217163;0.9982925400024584;1.0;0.999999022623958;0.9999495730072776;0.9999785660572337;0.9996700007678441;1.024999976158142;
2016-09-14 09:30:00;0.9998959978059989;1.0;0.9999738274724355;0.9998942514024761;0.999997354893715;0.9999060854270697;1.0001831107995502;0.9999079402042662;0.999980947854188;0.9999492923352598;1.0;0.9996145643650985;0.9997125379677668;0.9999119206951291;1.0;0.9999129814170049;0.9999070715034537;0.9999970394482995;0.9999673891861007;0.9999494054782819;0.9999014721727734;0.9999989831189579;0.9999086029693037;0.9999999999999999;1.0002584199892697;0.999910766349997;1.0;0.9999188890653806;0.9999999999999999;0.9998672791308675;1.0;0.9995091738397729;1.0;0.9997509078236565;1.0;0.9986921289838102;0.9983457613022474;0.998113207865832;1.0;0.9999988384798038;0.9999062374722472;0.9999640709245224;0.9996674492786128;1.024999976158142;
2016-09-14 09:45:00;0.9999199047666804;1.0;0.9999784449409257;0.9999195856702786;0.9999972651439598;0.999928056322876;1.00018135935226;0.9999326121612807;0.9999850915922611;0.9999595959660634;1.0;0.9996258084128841;0.9997204225856073;0.9999325804397639;1.0;0.9999396905773894;0.9999354157183967;0.9999969313491063;0.9999739381995014;0.9999611941131191;0.9999246312017455;0.9999990824818029;0.999936516092539;1.0;1.0002553729950143;0.9999330580441712;0.9999999999999999;0.9999374594083545;1.0;0.9998433281040081;1.0;0.999528334809665;1.0;0.9997875915123606;1.0;0.998724846493472;0.9983770558745395;0.9981340448478513;1.0;0.9999986819534259;0.9999289131098911;0.9999713908424896;0.9996766016475469;1.024999976158142;
2016-09-14 10:00:00;0.999959659006825;1.0;0.9999873328339792;0.9999603287438305;0.999997852053078;0.9999637455559024;1.0001806840200558;0.9999690518577784;0.9999917619888354;0.9999781149470713;1.0;0.9995840609141002;0.9996899089375779;0.9999659420185811;1.0;0.9999763918053814;0.9999745001223834;0.9999976898756104;0.9999859132311536;0.9999803590275745;0.9999629251987293;0.9999992086282838;0.9999749860490371;1.0;1.0002536105715254;0.9999682802126636;1.0;0.9999680645951641;1.0;0.9998439337881733;1.0;0.999463569392607;1.0;0.9997467763061127;1.0;0.9985577112073216;0.9981908239132168;0.9979485257287851;1.0;0.9999988744437541;0.9999656903431112;0.9999841385097512;0.9996410651941618;1.024999976158142;
2016-09-14 10:15:00;0.9999435408121345;0.9999999999999999;0.9999814968946192;0.999945735658833;0.999995601042356;0.9999500472954734;1.0001860700175835;0.9999604485263591;0.9999877797010864;0.9999689396427777;1.0;0.9995730662420239;0.9996799708618473;0.9999540860649931;1.0;0.9999732459560049;0.9999708509215325;0.9999949348153964;0.9999795646035238;0.9999721141092032;0.9999470192910541;0.999998634066697;0.9999714338311472;1.0;1.0002612308680447;0.9999559778389308;1.0;0.9999559590995524;1.0;0.9998278926508852;1.0;0.999485429035261;1.0;0.9997277507508243;1.0;0.9986371596772837;0.9982805593454541;0.9980519402162327;1.0;0.9999979784381288;0.9999513121512972;0.9999769535587146;0.9996301392249526;1.024999976158142;
2016-09-14 10:30:00;0.9999566905425833;1.0;0.9999853434714151;0.9999587487993912;0.9999962065398815;0.9999618145196337;1.0001821220501574;0.9999708463629977;0.9999903506499559;0.9999758383177495;1.0;0.9996237638435278;0.9997180791892196;0.9999650863486489;1.0;0.9999817932279452;0.9999800458790473;0.9999956092161356;0.9999840265932419;0.9999785016376072;0.9999592925169702;0.9999988344478333;0.9999804633531799;1.0;1.0002555315405894;0.9999666301750175;1.0;0.999966261372143;1.0;0.9998190312707913;1.0;0.9995441984321144;1.0;0.999768608609627;1.0;0.9987861229668615;0.99844123564188;0.9982005125581345;1.0;0.9999982812975016;0.9999627659913525;0.9999818922771075;0.9996741927992255;1.024999976158142;
2016-09-14 10:45:00;0.999906472168158;0.9999999999999999;0.9999675703310198;0.999913095234967;0.999990837738042;0.9999193386476053;1.000190374518774;0.9999438047907542;0.9999801507301669;0.9999464262584186;1.0;0.9995035006727426;0.9996235513181084;0.9999269265287961;1.0;0.9999704334430406;0.9999671110503967;0.9999890575847076;0.9999640939993376;0.9999544231783547;0.9999114390545988;0.9999978261939164;0.9999678596474136;1.0;1.0002673040063856;0.9999297318526108;1.0;0.9999281636763206;1.0;0.9998238852432637;1.0;0.9994979051061595;0.9999999999999999;0.9997285310222288;1.0;0.9986742714311456;0.9982945633031505;0.998058628187502;1.0;0.9999957628918165;0.999919842886045;0.9999609899725473;0.9995660890538588;1.024999976158142;
2016-09-14 11:00:00;0.9998994088618813;0.9999999999999999;0.99996567063552;0.9999074199329793;0.9999911151585373;0.9999145896599011;1.0001885343050518;0.99994221616684;0.9999813292799657;0.9999415635574777;0.9999999999999999;0.999545776730515;0.9996535235065248;0.9999218597014166;1.0;0.999970044816682;0.9999666285208627;0.9999891880217464;0.9999608513177071;0.9999528614371616;0.999905327562612;0.9999986295405245;0.9999673914961514;0.9999999999999999;1.0002647407471037;0.9999258663653183;1.0;0.9999233153623306;1.0;0.9998260424996573;1.0;0.9995271329875474;1.0;0.9997620974503838;0.9999999999999999;0.9987389286597532;0.9983673284639987;0.9981114909109345;1.0;0.9999954980863007;0.99991482382906;0.9999598680033853;0.999600969872449;1.024999976158142;
2016-09-14 11:15:00;0.9999019879900346;1.0;0.9999667365779659;0.999908353093578;0.9999923018725805;0.9999154602644668;1.0001944960652345;0.9999395623079268;0.9999814184653643;0.9999433988105676;1.0;0.9995305148009279;0.9996436126481301;0.9999218303957306;1.0;0.9999652610823186;0.9999616779683956;0.9999908986891825;0.9999625441813663;0.9999538042872486;0.9999089294529067;0.9999985200464685;0.9999625215329053;0.9999999999999999;1.0002731437846453;0.9999273653930805;1.0;0.9999242598030338;0.9999999999999999;0.9997956546267398;1.0;0.999526446999675;0.9999999999999999;0.9997317522981762;1.0;0.9987586799220181;0.998379251048482;0.9981263272049026;1.0;0.9999959579952621;0.9999177265561416;0.9999607998083682;0.9995888857595526;1.024999976158142;
2016-09-14 11:30:00;0.9999177044112163;1.0;0.9999722909562139;0.9999242973443256;0.9999928675931481;0.9999303732205163;1.0001918735291522;0.9999526245897029;0.9999851526992158;0.9999524263409857;1.0;0.9995110532482591;0.9996295809442305;0.9999362541798484;1.0;0.9999746506797097;0.9999718323194227;0.9999912438308558;0.9999680894627019;0.9999616625096931;0.9999223317626822;0.999999040710437;0.9999724593798777;0.9999999999999999;1.0002693553242745;0.9999391253400344;1.0;0.9999375057380626;0.9999999999999999;0.9998072668288014;1.0;0.9994638978450376;1.0;0.9997272362597152;1.0;0.9985727459494308;0.998163507828003;0.997886054670082;0.9999999999999999;0.9999963733253222;0.9999300616768315;0.9999676222500076;0.9995728906408753;1.024999976158142;
2016-09-14 11:45:00;0.9999180032186431;1.0;0.9999750842494887;0.9999258935074159;0.9999905723915157;0.9999329047053536;1.0001956058908976;0.9999549495447214;0.9999846949303802;0.9999559916246702;1.0;0.9995500788922591;0.9996576623309783;0.9999420014149311;1.0;0.9999736800654806;0.9999708419227734;0.9999875711511771;0.9999689830457987;0.9999605276516184;0.9999165984384503;0.9999990048417763;0.9999713776058388;1.0;1.000274876396099;0.999934453941823;0.9999999999999999;0.9999409884823196;1.0;0.9998036521849648;1.0;0.9994900139244784;0.9999999999999999;0.9996495788599843;1.0;0.9987059557426489;0.9983645633042677;0.9981551344858971;1.0;0.9999963032062459;0.9999237514271622;0.9999689515986075;0.9996070060744808;1.024999976158142;
2016-09-14 12:00:00;0.9998729290793573;1.0;0.9999576279067711;0.999883838885557;0.9999891516219496;0.999893438897352;1.0001976026002888;0.9999290959480651;0.9999782963208924;0.9999262656444937;1.0;0.999501913274606;0.9996178349525483;0.9999025816250234;1.0;0.9999628670163967;0.9999586431366306;0.9999864783902408;0.9999503502900348;0.9999415761835454;0.9998797346622863;0.9999989795367471;0.9999595660978023;1.0;1.0002776377227485;0.9999063979144084;1.0;0.9999041085459514;1.0;0.9998046566822959;1.0;0.9995248203656663;1.0;0.9996988147566281;1.0;0.9987765556840692;0.9984520212251508;0.9982713830198455;1.0;0.9999943811667731;0.9998919151195935;0.9999509232331312;0.9995605022066618;1.024999976158142;
2016-09-14 12:15:00;0.9998922882049021;1.0;0.9999648971079846;0.9999008940144313;0.9999905203932852;0.999909321374735;1.0001952847732092;0.9999374964650731;0.9999807451583959;0.999938888210929;1.0;0.9995350174901731;0.9996449214933751;0.9999177242807853;1.0;0.9999644214080585;0.9999606453973406;0.9999881337483714;0.9999586886785959;0.9999496132355393;0.9998968749084218;0.9999988628936437;0.9999614707165643;1.0;1.0002744088074353;0.9999186974964247;1.0;0.9999189790564852;1.0;0.9997795814873791;1.0;0.9995795164577895;1.0;0.9997080946306487;1.0;0.9989357793776615;0.9986542218849142;0.9985209822290624;1.0;0.9999954089846521;0.9999066818258581;0.9999583800163269;0.9995915394731774;1.024999976158142;
2016-09-14 12:30:00;0.9998899524815923;1.0;0.9999694826216613;0.9999026994504253;0.9999837250242603;0.9999130069825957;1.000192208072885;0.9999438706962951;0.9999782347533911;0.9999449687182435;1.0;0.99955780526897;0.9996588342857144;0.9999298474802868;1.0;0.999966368723334;0.9999626372671815;0.9999777773990158;0.999958998725347;0.9999450600711726;0.9998800318251133;0.9999983981478471;0.9999632012090266;1.0;1.0002706889895279;0.9999060158152817;0.9999999999999999;0.9999250706124603;1.0;0.9997774624983039;1.0;0.9995780565854376;1.0;0.9997194821343615;1.0;0.9989233456817942;0.9986572963659257;0.9985336965457268;1.0;0.9999947242177157;0.999889112413708;0.9999592488819263;0.9996117737954081;1.024999976158142;
2016-09-14 12:45:00;0.9998619985658831;0.9999999999999999;0.9999630802614671;0.9998787008139355;0.9999810467902991;0.9998925005312315;1.0001921935039415;0.9999315491507256;0.9999761474714327;0.9999306574945316;1.0;0.9995521930622757;0.9996507232456961;0.9999125995562823;1.0;0.9999573224388166;0.9999527250566532;0.9999735797291887;0.9999483654591412;0.9999333481418482;0.9998498837101206;0.9999992555160899;0.999953410102525;1.0;1.000271059176635;0.9998830456191937;1.0;0.9999068987438249;1.0;0.9997948126727038;1.0;0.9995519937332543;0.9999999999999999;0.9997130227403481;1.0;0.9988487097089579;0.9985622526541624;0.9984037699680569;1.0;0.9999936337049773;0.9998615760965915;0.9999516032141025;0.9996041383926896;1.024999976158142;
2016-09-14 13:00:00;0.9997586147171055;1.0;0.9999302561756388;0.9997855864158989;0.9999719966281275;0.9998078357870512;1.0002134968057144;0.9998780089955671;0.9999603209191336;0.9998711796732846;1.0;0.9994515809485501;0.9995645976376375;0.99983663278939;1.0;0.9999297480098164;0.999921904977973;0.9999617302772007;0.9999075441138988;0.9998866405029876;0.9997497579403885;0.9999991805301212;0.9999232469541258;1.0;1.0003015819223473;0.9998059525553986;1.0;0.9998306722720584;1.0;0.999779533556252;1.0;0.9995357847853366;1.0;0.9996792723906219;1.0;0.9988237878815335;0.9985024183588096;0.9983154822640156;1.0;0.9999890985298744;0.9997715195733125;0.9999136251781626;0.9995076357511252;1.024999976158142;
2016-09-14 13:15:00;0.9998535481673757;0.9999999999999999;0.9999510190390866;0.99986389403137;0.9999896173911946;0.9998750036865566;1.0002054072215039;0.9999124501631149;0.999975057655709;0.9999145624089866;0.9999999999999999;0.9995627090943832;0.9996626164106329;0.9998837423055738;0.9999999999999999;0.9999498907178745;0.9999446987646374;0.999987526283138;0.9999434443786053;0.9999329103449567;0.9998644907655029;0.9999988187288791;0.9999459170140459;1.0;1.0002887110540382;0.9998928478224477;1.0;0.9998873663644889;0.9999999999999999;0.999763840246544;0.9999999999999999;0.9995441075529041;1.0;0.9997284074376077;1.0;0.9988147990946116;0.9985097065672403;0.9983147763572728;1.0;0.99999407492759;0.9998780645532654;0.9999434280210627;0.9996116900314891;1.024999976158142;
2016-09-14 13:30:00;0.9999053300894221;1.0;0.9999687065026531;0.9999110764911596;0.999992886060475;0.9999183385010022;1.0001946959057477;0.9999401256609384;0.999982350088393;0.9999460870605702;1.0;0.9995901668961029;0.9996884501310351;0.9999245232780002;1.0;0.9999631610271525;0.9999595706675511;0.9999915211345713;0.9999642989595983;0.9999553967967613;0.9999116011856397;0.9999987048466678;0.999960418819315;1.0;1.0002735026427454;0.999928873939958;1.0;0.9999270535440796;0.9999999999999999;0.9997635998401221;1.0;0.9995582763436098;1.0;0.9997463623812598;1.0;0.9988449874238966;0.9985425804841022;0.9983578128975725;1.0;0.999996303953127;0.9999198030030293;0.9999627828892923;0.9996407676892285;1.024999976158142;
2016-09-14 13:45:00;0.9999453254272772;1.0;0.9999841661757016;0.999948007402037;0.9999952229949717;0.999953079799036;1.0001809038710214;0.9999622756508149;0.999988988610554;0.9999718542401783;1.0;0.9996365440096725;0.9997267965392691;0.9999582426728817;1.0;0.9999714820559819;0.9999690911158249;0.9999939285330334;0.9999807954921627;0.9999729870476964;0.9999457394011644;0.9999990587680209;0.9999696289048641;1.0;1.0002541798721336;0.999954765061357;1.0;0.9999591985294268;1.0;0.9997985972013576;1.0;0.9995584390071746;1.0;0.9997409484473484;1.0;0.9988485130890306;0.9985442055172943;0.9983485180997492;1.0;0.9999981896796217;0.9999495435940355;0.9999793130871814;0.9996850951555211;1.024999976158142;
2016-09-14 14:00:00;0.9998528465929016;1.0;0.9999632652992806;0.9998706854240131;0.9999781806601188;0.9998863259140747;1.0001877192395183;0.9999255669726905;0.9999734047196991;0.9999296179937988;1.0;0.9996396852200097;0.9997145306595113;0.999910444608774;1.0;0.999949045679426;0.9999439014589803;0.9999692654656185;0.9999462436431833;0.999927249050338;0.9998350351241062;0.9999989236809278;0.9999446287312826;0.9999999999999999;1.0002652306250142;0.9998701423228683;1.0;0.9999029348591763;1.0;0.9997994874585506;1.0;0.9995941319136261;1.0;0.9997546016286535;1.0;0.998946744287473;0.9986841215579059;0.9985075415495153;0.9999999999999999;0.9999933898509836;0.9998465660723355;0.9999492213794471;0.9996797109366711;1.024999976158142;
2016-09-14 14:15:00;0.9997728333701748;0.9999999999999999;0.9999376323788862;0.9997968814834329;0.9999723989014664;0.9998190293609359;1.0002003719259271;0.999879263763304;0.9999606222723517;0.9998835501151401;0.9999999999999999;0.9996459952988844;0.9997115701559581;0.9998486992949309;1.0;0.9999218640070308;0.9999139303880663;0.9999619960623755;0.9999153194782803;0.9998908748258423;0.9997595383162341;0.9999986474276606;0.9999152866191878;1.0;1.0002835114892334;0.9998106294529094;1.0;0.9998423996159466;1.0;0.999797880195704;1.0;0.9995789556851933;1.0;0.999751399130436;1.0;0.9989031839254282;0.9986520335640847;0.9984573471015946;1.0;0.9999902358778577;0.9997784398384845;0.9999194234125666;0.9996780043334239;1.024999976158142;
2016-09-14 14:30:00;0.9998272360874279;1.0;0.999947112450338;0.9998434523877826;0.9999814555946637;0.9998581087836607;1.000196146448779;0.9999048789038679;0.9999687251093186;0.9999060224558225;1.0;0.9996717505164862;0.999738206825846;0.9998762341245119;0.9999999999999999;0.9999447376669824;0.9999387928620462;0.9999756415754214;0.9999342746877898;0.9999176963572379;0.9998263318475537;0.9999982349295855;0.9999399480083407;0.9999999999999999;1.0002764075403945;0.9998635687925777;1.0;0.9998746618018418;0.9999999999999999;0.9997972433553051;1.0;0.9995917441233324;1.0;0.9997600388787988;1.0;0.9989357589286118;0.9986909815627768;0.9985036806104207;1.0;0.9999923956215164;0.9998415914413192;0.9999349116047936;0.9997035406924928;1.024999976158142;
2016-09-14 14:45:00;0.9999072329594074;1.0;0.9999700170544282;0.9999139055526297;0.99998917451939;0.999920837142651;1.0001815772614937;0.999943085642787;0.9999788769705157;0.9999501676512957;0.9999999999999999;0.9997492161412466;0.9998057422758097;0.9999309534708642;1.0;0.9999662771618557;0.999962774741618;0.99998650128762;0.9999655922883219;0.9999530152990634;0.9999075318379242;0.9999974431043681;0.9999635080531464;1.0;1.0002552624585266;0.999925543190192;1.0;0.9999308013391204;0.9999999999999999;0.999796666611833;1.0;0.9996179961826862;1.0;0.99978264319234;1.0;0.9989992659623743;0.9987671250627891;0.9985843588934904;1.0;0.9999958898775709;0.9999150383374571;0.9999617170937644;0.999778118477439;1.024999976158142;
2016-09-14 15:00:00;0.9998575787820182;1.0;0.9999612883685125;0.9998699496100826;0.9999829462671038;0.9998839267655237;1.00019243725152;0.9999157848093071;0.9999725269720562;0.9999290056266742;1.0;0.9997354648614055;0.9997897424928816;0.9999025524202731;1.0;0.9999400379704845;0.9999345067615876;0.9999768946451373;0.9999487187096815;0.9999294722078618;0.9998494212500445;0.9999981574753461;0.9999355365373359;1.0;1.000271569103698;0.9998784834040798;0.9999999999999999;0.9998998721785521;1.0;0.9997956143836475;1.0;0.9995481432277566;1.0;0.9997164261780388;1.0;0.9988348914154658;0.9986054778946852;0.9984226676779682;1.0;0.9999943427504733;0.9998600763970781;0.9999481541765278;0.999763499689287;1.024999976158142;
2016-09-14 15:15:00;0.9998525720155019;1.0;0.9999616636555448;0.9998562075027236;0.9999906995541463;0.9998720102946658;1.000196075085757;0.9998869018495552;0.999972404688185;0.9999273480882014;1.0;0.9997590027215585;0.9998139191604888;0.9998846771380363;1.0;0.9999013973713331;0.9998940889041246;0.9999879372348972;0.9999509419569732;0.9999277723136535;0.9998539186300465;0.999998366981748;0.9998958164650851;1.0;1.0002771010897027;0.9998738845928373;1.0;0.9998894663248629;1.0;0.9997855868766564;1.0;0.9995192149216899;1.0;0.9997311778549703;1.0;0.9987374453237077;0.9985008153093189;0.9983113004861749;1.0;0.9999966661467709;0.999862404724674;0.9999479408711438;0.9997876913728726;1.024999976158142;
2016-09-14 15:30:00;0.9997379915353343;1.0;0.9999135402940124;0.9997584393259005;0.9999810030418691;0.9997787283317666;1.0002108521715327;0.9998494069072973;0.9999572562526284;0.9998470993647025;1.0;0.999629523202806;0.999700273034446;0.9997957526988356;0.9999999999999999;0.9999161104602213;0.9999071535573949;0.9999765892874262;0.9998979606579476;0.9998808930667122;0.999755368881337;0.9999986585731714;0.9999091986300485;1.0;1.0002970202811974;0.9998080464606338;1.0;0.999800372762901;1.0;0.9997848921503126;1.0;0.9995870431063679;1.0;0.9997749775055256;1.0;0.9989114653239038;0.9986885465218606;0.9985159744137742;1.0;0.9999892909053769;0.9997800839508615;0.999900483800998;0.9996579885692711;1.024999976158142;
2016-09-14 15:45:00;0.9997541770622396;1.0;0.99991452532695;0.9997747421727057;0.9999824738688021;0.9997919435401996;1.000209047421924;0.9998650522962691;0.9999602454079918;0.9998514753099296;1.0;0.9996291956488673;0.9997002772638421;0.9998058910251956;1.0;0.999935982677509;0.9999281943530413;0.9999790314981397;0.9999017083310785;0.9998896973389493;0.9997753984976875;0.9999986815823251;0.9999300003458443;1.0;1.0002938541767474;0.9998268189593251;1.0;0.9998105634694966;1.0;0.9997896030273763;1.0;0.999620262620818;1.0;0.9997799135337428;1.0;0.9990081720690156;0.9987815694933265;0.9986009578954195;1.0;0.9999891906804206;0.9998002398277962;0.9999043473938268;0.9996568691560676;1.024999976158142;
2016-09-14 16:00:00;0.9998216564742025;1.0;0.9999359489655906;0.9998338016596073;0.9999868267407754;0.9998451969103178;1.00019810865551;0.9998941008645619;0.9999663931981961;0.99989266193552;1.0;0.9996891829453858;0.99975360340991;0.9998549792111218;1.0;0.999947460918428;0.9999413886239912;0.9999851018722998;0.9999298027143997;0.9999170550213866;0.99983897745917;0.9999972521134205;0.9999428639646483;1.0;1.0002782536296333;0.9998735543361793;1.0;0.9998598423001392;1.0;0.99979699274053;1.0;0.9995913842010693;1.0;0.9997782417132085;1.0;0.998922113960858;0.9987048199410932;0.9985353961070901;1.0;0.9999922063658946;0.9998561969619842;0.9999267885215367;0.9997166384294224;1.024999976158142;
2016-09-14 16:15:00;0.9998721899209064;1.0;0.9999558162949788;0.9998803815152124;0.9999877107170039;0.9998889293777222;1.000197025586498;0.9999207189268365;0.9999720863962024;0.9999272843656316;1.0;0.9997342314417756;0.9997920517184055;0.9998993230731757;1.0;0.9999563897488198;0.9999516911022966;0.9999854694700383;0.9999514233744278;0.9999371075527326;0.9998791592354764;0.9999967650614022;0.9999527691608381;0.9999999999999999;1.000276880035716;0.999903211698588;1.0;0.9999013419420966;1.0;0.999773202632348;1.0;0.999514259438295;0.9999999999999999;0.999747855684162;0.9999999999999999;0.9987111467602536;0.9984958799976397;0.9983293775376869;1.0;0.9999943905046027;0.9998902849348739;0.9999463357220658;0.9997617633425964;1.024999976158142;
2016-09-14 16:30:00;0.9999050979070385;1.0;0.9999697810923835;0.9999114603229281;0.9999912181198986;0.9999190576779374;1.0001841894236871;0.9999408511571571;0.9999811934823566;0.9999479111844918;1.0;0.9997521392880312;0.999808052121288;0.9999273230481476;1.0;0.9999628171163638;0.999959191650873;0.9999890795733419;0.999964686962956;0.9999540416169063;0.9999079389625087;0.9999983776995727;0.9999599947902204;1.0;1.0002589304214593;0.9999257837158052;1.0;0.9999285046248089;1.0;0.9997936796343017;1.0;0.9995904233124611;0.9999999999999999;0.9997906347839554;1.0;0.9989107066997183;0.9987663160764778;0.9986940548778717;1.0;0.9999961818040222;0.9999158035493536;0.9999627034132009;0.9997801745835009;1.024999976158142;
2016-09-14 16:45:00;0.9999369901712103;1.0;0.9999795206190549;0.9999413249864876;0.9999932270896562;0.9999460654557405;1.0001741348060764;0.9999609153478201;0.9999862003907117;0.9999657244588269;1.0;0.9997717982849132;0.999825309397111;0.9999522801613885;1.0;0.9999765338008725;0.9999741418790501;0.9999916200796719;0.9999765746206959;0.99996857319677;0.999938109202898;0.9999984454767544;0.9999746580111656;0.9999999999999999;1.0002445499147348;0.9999501354709543;1.0;0.999952633084532;0.9999999999999999;0.9997963940406276;1.0;0.9996655198128241;1.0;0.9998257738020256;1.0;0.9991127668451519;0.9990007506959606;0.9989694126435396;1.0;0.9999972815737165;0.9999432740799524;0.999974251649733;0.9997995450832395;1.024999976158142;
2016-09-14 17:00:00;0.9999166314897796;1.0;0.9999714756953199;0.9999222426069966;0.9999921667139872;0.9999280376743573;1.0001743606011344;0.9999488176804928;0.9999825860253515;0.9999525751631329;0.9999999999999999;0.9997892936959332;0.9998364464550433;0.9999345586677666;0.9999999999999999;0.9999715213814083;0.9999684760987888;0.9999906425056068;0.9999682897022124;0.9999595061336902;0.9999211114718115;0.9999981733803815;0.9999691697963301;1.0;1.0002448607941492;0.999937039713871;1.0;0.9999359758083168;1.0;0.9998034054298777;1.0;0.9996650496063505;1.0;0.9998147474649366;1.0;0.9991188787559506;0.9990220508302069;0.9989911245179771;1.0;0.9999963514701876;0.9999284576442139;0.9999656107478299;0.9998123469072759;1.024999976158142;
2016-09-14 17:15:00;0.9999149506910877;1.0;0.9999751023714324;0.9999223884403494;0.9999895044168282;0.9999299197432353;1.000181532267165;0.9999504678231892;0.9999825517523675;0.9999562456290501;0.9999999999999999;0.9998283370945822;0.9998641483914611;0.9999405850821281;1.0;0.9999681050184257;0.9999649280638049;0.9999861508334749;0.9999687885349203;0.9999575896509304;0.9999116023952364;0.9999984530216398;0.9999655281129302;1.0;1.0002553518252044;0.999929223639336;1.0;0.9999391990287146;1.0;0.9997881060461444;1.0;0.9996731842001058;1.0;0.9997700515357834;1.0;0.9991749112684714;0.999094647555603;0.9990653054380177;1.0;0.9999963277968017;0.9999183323190048;0.9999674398798317;0.999846546579057;1.024999976158142;
2016-09-14 17:30:00;0.9999240862110538;1.0;0.9999775354216452;0.9999297993076599;0.9999924777125433;0.9999366224526554;1.000178645033557;0.9999536122839248;0.9999857557320598;0.9999598758771125;1.0;0.9998928947988007;0.9999135899066364;0.9999442828889776;1.0;0.9999686604719924;0.9999657286022906;0.9999901843374159;0.9999721617878297;0.999963323063889;0.9999238397293024;0.9999990597902668;0.9999663385548411;1.0;1.0002511618555687;0.9999385791455173;1.0;0.9999444531021732;1.0;0.9997906337307908;1.0;0.9996582262822585;1.0;0.9997313618918289;1.0;0.9991567031766322;0.9991046781603897;0.9990769219138973;0.9999999999999999;0.9999970305860525;0.9999298982399388;0.9999715733822562;0.9999025778629751;1.024999976158142;
2016-09-14 17:45:00;0.999940904972515;1.0;0.9999815959964884;0.9999454400322612;0.9999932351296038;0.999950221846664;1.0001742335718995;0.999964282174617;0.999987394993824;0.9999686044596497;1.0;0.9999037719445867;0.9999231060053324;0.9999567155149754;1.0;0.9999779149463138;0.9999756858067392;0.9999913753281238;0.9999781578790066;0.999970525971476;0.9999405173885937;0.9999987010463501;0.9999761414212562;0.9999999999999999;1.0002447329966342;0.9999522063546531;1.0;0.999956507648708;0.9999999999999999;0.9998066715243767;1.0;0.9996518403412227;1.0;0.999705297146301;1.0;0.9991552179855994;0.9991064523683467;0.999081456569272;0.9999999999999999;0.9999974451895083;0.9999452892697054;0.9999764909354031;0.9999130965745823;1.024999976158142;
2016-09-14 18:00:00;0.999940922998108;1.0;0.999981592406538;0.9999454642832288;0.999993851274543;0.9999503369234326;1.0001680370148427;0.999964438545488;0.9999882725595621;0.9999681322583218;1.0;0.9998961559312292;0.9999174409217942;0.9999561722514635;1.0;0.9999778556723391;0.9999756462147192;0.9999921538832403;0.9999780249249851;0.9999712226262887;0.9999413439167681;0.9999990037840419;0.9999761080434606;1.0;1.0002360250630786;0.999953026906201;1.0;0.9999563311023375;1.0;0.999798235548144;0.9999999999999999;0.9997110574207471;1.0;0.9997818571177413;0.9999999999999999;0.9992805638506577;0.9992293613785376;0.9992047750032935;1.0;0.9999975112385212;0.9999462499022;0.9999769901097023;0.9999063477371171;1.024999976158142;
2016-09-14 18:15:00;0.9999074751262665;1.0;0.999969594917013;0.9999134412943693;0.9999921574895437;0.9999205161200017;1.0001796053882013;0.9999422103761791;0.9999820150203578;0.9999479497547918;1.0;0.999883441865074;0.999905650543394;0.9999274874626455;1.0;0.999964890727441;0.9999614046506425;0.9999904907505688;0.9999651852574988;0.9999557570460674;0.9999122237748689;0.9999984916272228;0.9999622042280024;1.0;1.0002523800565346;0.9999294705031014;1.0;0.9999293127798896;0.9999999999999999;0.9997716147691266;1.0;0.9996682977528698;1.0;0.9997133779785333;1.0;0.9992000469887453;0.999158959605883;0.9991434816362634;0.9999999999999999;0.9999962611541336;0.9999201597133613;0.9999633049537;0.9998926576912816;1.024999976158142;
2016-09-14 18:30:00;0.99987375524162;1.0;0.9999554707050653;0.9998824823280809;0.9999900417003059;0.9998908683243348;1.0001825840923522;0.9999246940592754;0.9999759188809405;0.9999251961524217;1.0;0.9998593974560247;0.99988431811382;0.9998985553394516;1.0;0.9999611921678717;0.9999568202194113;0.999988465373168;0.9999507389704817;0.9999408323768817;0.9998843737385843;0.999997980597404;0.9999578590064121;1.0;1.000256422674309;0.9999089023048079;1.0;0.9999016186921812;1.0;0.99979309300719;1.0;0.9996500249030821;0.9999999999999999;0.9997251113009511;1.0;0.9991361410968569;0.9991011420846942;0.999090424219802;1.0;0.9999944896815659;0.99989630845352;0.9999484667939867;0.9998678478303522;1.024999976158142;
2016-09-14 18:45:00;0.9998440523879408;1.0;0.999943891205483;0.9998550060063777;0.9999886494677022;0.9998649793764519;1.0001852182501105;0.9999084514429932;0.9999712682833828;0.9999056988461533;0.9999999999999999;0.9998373718542028;0.9998651217367586;0.9998732373410077;1.0;0.9999553835376079;0.9999501473046077;0.9999871451734027;0.9999383464280373;0.9999279968750453;0.9998595223600708;0.9999978163158506;0.9999514183351684;1.0;1.0002600782306392;0.9998901295038208;1.0;0.9998775184492019;1.0;0.9998013249245066;1.0;0.9997007529955961;1.0;0.9997390971787622;1.0;0.9992792700928653;0.9992451821013013;0.9992344626912187;1.0;0.999993136167878;0.9998747875801787;0.9999362896072103;0.9998455329769554;1.024999976158142;
2016-09-14 19:00:00;0.9998833181806567;1.0;0.9999606266887645;0.9998906652608065;0.9999900141788473;0.999899070486636;1.0001800641370473;0.9999271415025538;0.999976488672154;0.9999335822727392;0.9999999999999999;0.9998818363747723;0.9999024878868409;0.9999076834736222;1.0;0.9999575608136709;0.999953215175188;0.9999881253020938;0.9999557892651724;0.9999438604890535;0.9998902756538517;0.9999977684670854;0.9999542251374867;1.0;1.0002531046109742;0.9999119673614149;1.0;0.9999100856127451;1.0;0.9997927950740724;0.9999999999999999;0.999664296096563;1.0;0.9997086205606669;1.0;0.9991908137753232;0.9991600165351329;0.9991505038232832;1.0;0.9999951664664599;0.9999004218511807;0.9999526743886749;0.9998892522022591;1.024999976158142;
2016-09-14 19:15:00;0.9998414420614028;1.0;0.9999516638223578;0.9998484885553589;0.999988767153049;0.9998623038853173;1.000180688087305;0.9998907601414843;0.9999696565614374;0.9999143255159044;1.0;0.9998763478318657;0.9998974406857859;0.999874135030544;1.0;0.9999209670314412;0.9999142109605712;0.9999863205201456;0.9999429247122075;0.999923664806043;0.9998486318320977;0.9999977302208203;0.9999158154384975;1.0;1.0002548513457972;0.999874353299099;1.0;0.9998786547190399;0.9999999999999999;0.9998097189130272;1.0;0.9996805022621316;1.0;0.9997133343371474;1.0;0.9992360404367271;0.9992049360445937;0.9991962162435151;0.9999999999999999;0.9999948431300194;0.9998604827907771;0.9999395702616168;0.9998840526953613;1.024999976158142;
2016-09-14 19:30:00;0.9996717769493444;1.0;0.9999164177819262;0.9996889223586077;0.9999729625930037;0.9997242064536679;1.000195652656169;0.9997739678832219;0.9999415165963751;0.9998381388563314;1.0;0.9998364846004576;0.9998552269954664;0.9997590162484535;1.0;0.9998114271209099;0.9997966189916687;0.9999631832363656;0.9998868175828531;0.9998404183698657;0.9996638101875197;0.9999975933870339;0.99979982588387;1.0;1.0002792249815566;0.999718097367465;1.0;0.9997617548140361;1.0;0.9998066735588873;1.0;0.9996945108685158;1.0;0.9997262611833145;0.9999999999999999;0.9992693765176823;0.9992399679767225;0.9992312478699292;1.0;0.9999908262474336;0.9996849258586217;0.9998866411289971;0.9998436535616745;1.024999976158142;
2016-09-14 19:45:00;0.9997200104982121;1.0;0.9999294331382438;0.9997377497643858;0.9999725915459232;0.9997679343797086;1.0001838306258133;0.9998145319488486;0.9999482846365054;0.9998644234061452;1.0;0.999850746917908;0.9998668759126987;0.9998017216249316;0.9999999999999999;0.9998476660070954;0.9998353824729332;0.9999623953839186;0.9999032932767391;0.9998619801419187;0.999706499299193;0.9999973826374257;0.9998378966349765;1.0;1.0002620102900395;0.9997559595014308;1.0;0.9998007120118602;1.0;0.9997881691593178;1.0;0.9997081475012692;1.0;0.9997388528525264;1.0;0.9993021212313478;0.9992730175043756;0.9992635037166763;1.0;0.9999913222750781;0.9997246859277248;0.9999026245669627;0.9998576269124722;1.024999976158142;
2016-09-14 20:00:00;0.9997787949870985;0.9999999999999999;0.9999436201298612;0.9997959367160221;0.9999745037626778;0.9998192160571491;1.0001777857391914;0.9998619812261157;0.9999575101630969;0.9998934238456365;1.0;0.9998639594652463;0.9998789140493645;0.9998490739091522;0.9999999999999999;0.9998920597385814;0.9998828569769384;0.9999649970825889;0.9999225237728306;0.9998896636566824;0.9997635653436376;0.9999973639327762;0.9998846096612641;1.0;1.0002525310816779;0.9998060914685973;1.0;0.9998452538133096;1.0;0.9997961502512498;1.0;0.9996949897865335;1.0;0.9997288079149755;1.0;0.999269341796446;0.9992413620032766;0.9992330227383383;1.0;0.9999921572336299;0.9997785960751514;0.999921739394495;0.9998707702024232;1.024999976158142;
2016-09-14 20:15:00;0.9997693905291833;1.0;0.9999414155750481;0.9997873210799313;0.9999729362637741;0.999811616358554;1.0001766404755768;0.9998560438163683;0.9999551468256532;0.9998894516111702;0.9999999999999999;0.9998633081025831;0.9998775581849109;0.9998433160279881;1.0;0.9998872195081244;0.999877603800999;0.9999628506519878;0.9999194135788892;0.999884463776056;0.9997526386579068;0.9999970715674371;0.9998794244513981;1.0;1.0002511053632273;0.9997970074443282;1.0;0.9998390097290433;1.0;0.9998057636009838;0.9999999999999999;0.9997009717805262;1.0;0.9997199963771892;0.9999999999999999;0.9992932691474561;0.999266076213779;0.9992577367425859;1.0;0.9999917917993743;0.9997681800547201;0.9999182010681531;0.9998698701893914;1.024999976158142;
2016-09-14 20:30:00;0.9998145980965233;0.9999999999999999;0.9999501194599383;0.9998223112421687;0.9999855584383396;0.9998412228945078;1.0001674213492486;0.9998672606870312;0.9999646929461796;0.999907219313814;1.0;0.9998932288351638;0.9999089021437684;0.9998589688014705;1.0;0.999891068768267;0.999882513979223;0.9999811307717223;0.9999364253842062;0.9999089589919401;0.9998142172056594;0.9999976984251114;0.9998844524073615;1.0;1.0002372983384444;0.9998429375581228;0.9999999999999999;0.9998625658906436;1.0;0.9998164690898662;1.0;0.9997489286759682;1.0;0.999751041458669;1.0;0.9994160161479843;0.9993887521941874;0.9993796182132729;1.0;0.9999948160658036;0.9998260360527981;0.9999331903200884;0.9998996197644375;1.024999976158142;
2016-09-14 20:45:00;0.9998705628708525;1.0;0.9999605974834941;0.9998781535733335;0.9999871142380328;0.999889089211417;1.0001605137367793;0.9999151302103471;0.999972395999754;0.999931972707993;0.9999999999999999;0.9999032992264694;0.9999180276853742;0.9999022256137647;1.0;0.9999417330538815;0.9999364241109063;0.9999837975950281;0.9999533395281628;0.9999353077195434;0.9998713740633249;0.9999971771293461;0.9999375872041194;0.9999999999999999;1.0002263244510958;0.9998943542737275;1.0;0.9999032990928406;1.0;0.9998196103317334;1.0;0.9997603263262808;1.0;0.9997602771913096;1.0;0.9994438973607332;0.9994191290925379;0.9994099948339918;1.0;0.999995108484682;0.9998810244724115;0.99994904875937;0.9999089018885218;1.024999976158142;
2016-09-14 21:00:00;0.999792101611128;1.0;0.9999398142719362;0.9997975011201039;0.999981752558684;0.9998162286628316;1.0001668804347523;0.9998429126279823;0.9999516674472405;0.9998957596840101;1.0;0.9999037407305194;0.999917687584169;0.999837107347217;0.9999999999999999;0.9998761235343968;0.999866182546156;0.9999776775145441;0.999929440670913;0.9998925127617613;0.9997938083281582;0.9999941636220773;0.9998685100681609;1.0;1.0002366718049631;0.9998231061719247;1.0;0.9998418251531099;0.9999999999999999;0.9998154424685024;1.0;0.9997876198542337;1.0;0.9998056329276805;1.0;0.9994947656581198;0.9994698605406802;0.9994607258184706;1.0;0.9999938589627976;0.9998062215100126;0.9999177562992203;0.9999093860527981;1.024999976158142;
2016-09-14 21:15:00;0.9998197839495117;1.0;0.9999403196035203;0.9998234514986317;0.9999807952977289;0.9998357506200874;1.0001632842934736;0.999863305304352;0.9999490606024883;0.99990619271303;1.0;0.9999075430588777;0.999922466904207;0.9998546089265488;1.0;0.9999057287449135;0.9998973816848943;0.9999780437747202;0.9999374095107528;0.9999019771250416;0.9998250136582727;0.999991448714506;0.9998993830375856;1.0;1.0002306594633956;0.9998502634605528;1.0;0.9998584891649149;0.9999999999999999;0.9998477987323733;0.9999999999999999;0.9997844451129224;1.0;0.9998025220881773;0.9999999999999999;0.999486794112598;0.999461572276305;0.9994528502356288;1.0;0.9999934160918273;0.9998363373311765;0.9999193244558315;0.9999133887860527;1.024999976158142;
2016-09-14 21:30:00;0.9997938899592436;0.9999999999999999;0.9999395586418232;0.9997976957366714;0.9999833508033149;0.9998159636959004;1.0001647113911698;0.9998405515539192;0.9999518592560779;0.9998956740143662;1.0;0.9999067257381306;0.9999211599477509;0.9998351810671573;1.0;0.999873694458184;0.9998636679588035;0.999980122720502;0.9999301992750543;0.9998935985601732;0.9997984581255873;0.9999940770360055;0.9998660773256797;0.9999999999999999;1.0002335483071445;0.999825964968576;1.0;0.9998412383426927;1.0;0.9998516883712367;1.0;0.999779066141342;1.0;0.9998014645534016;1.0;0.9994712519908081;0.9994467816774417;0.9994384406981537;0.9999999999999999;0.9999941942844773;0.9998106036176898;0.9999179177075816;0.999912426918169;1.024999976158142;
2016-09-14 21:45:00;0.9998392292231034;1.0;0.9999525305431641;0.999845393813319;0.999983722851132;0.9998592928283712;1.0001616218656475;0.9998843537892413;0.999961780431666;0.999918963654203;1.0;0.9999090636616137;0.9999225109015223;0.9998770225323238;1.0;0.9999134063406145;0.9999060957835196;0.9999798267527651;0.9999444235519258;0.9999163596295747;0.9998386097055737;0.9999951624295143;0.9999077444161562;1.0;1.0002285392635384;0.999863536856323;1.0;0.9998789287740243;1.0;0.999843197752491;1.0;0.9997662076131737;1.0;0.9997757030341998;1.0;0.9994505231967006;0.9994263707626109;0.9994184425460083;0.9999999999999999;0.999994581787824;0.9998488158072216;0.9999353593159752;0.9999147648549824;1.024999976158142;
2016-09-14 22:00:00;0.9997869461386457;0.9999999999999999;0.9999408884403129;0.9997919360319306;0.999982991631668;0.9998124919310717;1.0001645597045592;0.9998366345378463;0.9999532079221337;0.9998945240430063;0.9999999999999999;0.9999026499483804;0.9999171372422482;0.9998332012580996;1.0;0.9998652760919494;0.9998548427068836;0.9999788490050058;0.9999285908813257;0.9998912682213479;0.9997881984387179;0.9999950733127324;0.9998572949331996;1.0;1.0002337214880914;0.9998172982759633;1.0;0.9998387301933721;1.0;0.9998327693608796;0.9999999999999999;0.9997911700268942;1.0;0.9997916242193636;1.0;0.9995149343041334;0.9994886633151314;0.9994799410380387;1.0;0.9999943283042827;0.9998004492412258;0.9999187243462405;0.9999088269406222;1.024999976158142;
2016-09-14 22:15:00;0.9998385161081424;1.0;0.9999525911749787;0.9998416690782522;0.9999853489526143;0.9998557996646523;1.0001607201659433;0.9998749927193517;0.9999602739564938;0.9999195015939636;1.0;0.9999204572242983;0.9999333093154086;0.9998723342182211;0.9999999999999999;0.9999014589607813;0.9998935708082416;0.9999823736805871;0.9999456984891476;0.999915065292688;0.9998400664149871;0.9999946583074665;0.9998954358292249;1.0;1.0002274184545619;0.9998617877373508;1.0;0.9998762796395585;1.0;0.999845327625004;0.9999999999999999;0.9997863233502292;1.0;0.9997738676258048;1.0;0.9995124566357049;0.9994878389578248;0.9994794976358893;1.0;0.9999952308922944;0.9998493117406266;0.9999345151688007;0.9999262045268361;1.024999976158142;
2016-09-14 22:30:00;0.9998493380616457;1.0;0.9999548564767672;0.9998551502968582;0.9999834216248171;0.9998677655869863;1.0001546660139373;0.9998913255977817;0.9999621047568839;0.999924684538561;0.9999999999999999;0.9999153327917258;0.9999277431210726;0.9998853124352223;1.0;0.9999198436205224;0.999912978363212;0.9999795425488983;0.9999481400207149;0.9999201704436237;0.9998477103171802;0.9999947253718567;0.9999145111559209;1.0;1.0002186552582057;0.9998711412595466;1.0;0.9998866683010034;1.0;0.9998458449902138;1.0;0.9997948328458159;1.0;0.9998105327439711;1.0;0.999512673923107;0.9994886354672347;0.999479913190385;1.0;0.999994675433714;0.9998571328595932;0.9999378767064881;0.9999208046082365;1.024999976158142;
2016-09-14 22:45:00;0.9998550279286692;1.0;0.9999517205377898;0.9998584492030299;0.9999806907034656;0.9998677406597598;1.0001508040661555;0.9998903423221994;0.9999541361431912;0.9999271355472344;0.9999999999999999;0.9999257130066194;0.9999373701150482;0.9998865633142012;1.0;0.9999262806722028;0.9999195322221832;0.9999774275283698;0.9999502904933026;0.9999173624623482;0.99985447571557;0.9999914144428392;0.9999210774925148;0.9999999999999999;1.0002129047924222;0.9998753498282639;1.0;0.9998875560616018;1.0;0.9998638984182397;1.0;0.9998340129650944;1.0;0.9998499036672523;1.0;0.9996033179624102;0.9995784907005351;0.9995689740045146;1.0;0.9999941589728433;0.9998630198388283;0.9999321612875479;0.9999312407058654;1.024999976158142;
2016-09-14 23:00:00;0.9998737550050276;1.0;0.9999655881447453;0.9998800255132914;0.9999866798508138;0.9998923073840156;1.0001447311609917;0.9999118362452787;0.9999722008950616;0.9999385996736573;1.0;0.9999211570849521;0.9999326488397006;0.9999075793663937;1.0;0.9999303981615999;0.9999246757845947;0.999982652216643;0.9999568564123594;0.9999351262215483;0.9998693593057687;0.9999971162016399;0.9999258977138311;1.0;1.0002046736574208;0.99989008548048;1.0;0.9999078905627357;1.0;0.9998685662227123;0.9999999999999999;0.9998480665188226;1.0;0.9998636980758526;1.0;0.999636074053523;0.9996110131084536;0.9996010834339722;1.0;0.9999958640893173;0.99987719940012;0.9999521020398406;0.9999266579607281;1.024999976158142;
2016-09-14 23:15:00;0.9998660765782532;0.9999999999999999;0.9999583328549234;0.9998724071072861;0.9999824434320708;0.9998825929100609;1.0001457964668754;0.9999068787275325;0.9999632104403738;0.9999331347760101;0.9999999999999999;0.9999185794434722;0.999930275464251;0.9999003645622622;1.0;0.9999365141577524;0.9999306601690611;0.9999783531907964;0.9999533053577568;0.9999269640760448;0.99986249652938;0.9999941671184173;0.9999319123171102;1.0;1.0002058901786606;0.9998848050706414;1.0;0.999899828229748;1.0;0.9998576212744541;1.0;0.9998414834812726;1.0;0.9998750660023938;0.9999999999999999;0.9996085071830638;0.9995843691641237;0.9995752333953546;1.0;0.9999945712799799;0.9998711330179637;0.9999421109058936;0.9999239818211497;1.024999976158142;
2016-09-14 23:30:00;0.9998573721186377;1.0;0.99995617619247;0.9998656893223673;0.9999826451279351;0.9998770843544388;1.0001461419151199;0.999905686187405;0.9999649084416811;0.999927194649183;1.0;0.9999069834515351;0.9999198098650127;0.9998946599587841;1.0;0.9999367204386359;0.9999307887727399;0.9999782499490579;0.9999492105963418;0.9999251583063055;0.9998545823865291;0.9999952498673125;0.999932039957222;1.0;1.000206398288587;0.9998799438229459;1.0;0.999894153475362;1.0;0.999866015202777;1.0;0.9998444274131486;1.0;0.9998708338418966;0.9999999999999999;0.9996201920222599;0.9995965961838039;0.9995874603032852;1.0;0.9999942128573589;0.99986461387839;0.9999409630779582;0.9999122145144214;1.024999976158142;
2016-09-14 23:45:00;0.9998926848404787;1.0;0.9999664806970782;0.999898387460768;0.9999868003603811;0.9999066762600131;1.0001403249850869;0.9999275103603501;0.9999725163519274;0.9999452125045265;0.9999999999999999;0.9999232690750751;0.9999350629951923;0.9999198403403756;1.0;0.9999514989664154;0.999946961848819;0.9999836613498732;0.9999619624307783;0.9999430505662582;0.9998910642714465;0.9999960191724552;0.9999479345073762;1.0;1.0001978299941872;0.9999096158925331;1.0;0.9999197420609659;1.0;0.9998753237693085;1.0;0.9998647073077417;1.0;0.9998769755435214;1.0;0.9996770347076541;0.9996539933315356;0.9996452696116508;1.0;0.9999956300038313;0.9998984707160884;0.9999546709292904;0.9999284250308264;1.024999976158142;
2016-09-15 00:00:00;0.9998817694080486;1.0;0.9999628669566334;0.9998857622063232;0.9999861421016139;0.9998947395874378;1.0001444489168672;0.999913522762494;0.9999677099645526;0.9999404087294099;1.0;0.9999298260189422;0.9999409139569696;0.9999087734128944;1.0;0.9999388230650906;0.9999334274778008;0.9999833171763197;0.9999592172516194;0.9999358774941558;0.9998812771832378;0.9999948779476868;0.9999346478383294;1.0;1.0002038091210141;0.9998992754075796;1.0;0.9999099017445066;1.0;0.9998701891780195;0.9999999999999999;0.9998261720974021;1.0;0.9998591742259177;1.0;0.9995732497816889;0.9995506689603283;0.9995419461421285;1.0;0.9999955733854984;0.9998886446956341;0.9999488261681291;0.9999348374624183;1.024999976158142;
2016-09-15 00:15:00;0.9999096401597056;1.0;0.9999722519223593;0.9999112415453987;0.9999901101268728;0.99991838666529;1.0001386415151352;0.9999295295801737;0.9999747519734445;0.9999553842370881;1.0;0.9999458593332036;0.9999556350461607;0.9999288395213486;1.0;0.9999467844442892;0.99994236589439;0.9999882702443111;0.9999697409511425;0.9999504677936941;0.9999096442485048;0.9999958977681351;0.9999433984662912;0.9999999999999999;1.0001954587051294;0.9999217692231088;1.0;0.9999304826987927;1.0;0.9998838098033368;1.0;0.9998495965877235;1.0;0.9998925365347292;0.9999999999999999;0.9996207049944731;0.999597908602432;0.9995883917215391;1.0;0.9999969924419423;0.9999146616592691;0.9999609460814615;0.9999507456759948;1.024999976158142;
2016-09-15 00:30:00;0.9999152904737805;1.0;0.9999754690183231;0.999918124691847;0.9999908214574784;0.9999256086386511;1.0001358437505048;0.9999372210389254;0.9999787397074819;0.9999586087860118;1.0;0.9999443396791307;0.9999537777652633;0.9999356689589126;1.0;0.999951437054317;0.9999474318896427;0.9999885862525449;0.9999714106097897;0.9999549357349455;0.9999137134303931;0.9999970747432302;0.9999483280765521;1.0;1.00019154348189;0.9999263154907782;1.0;0.9999365586487688;1.0;0.9998835297801189;1.0;0.9998573531772942;1.0;0.9998995698842251;1.0;0.9996392210565685;0.9996169740814148;0.9996074570190052;1.0;0.9999971969775222;0.9999186618798835;0.9999655803439511;0.9999490524222507;1.024999976158142;
2016-09-15 00:45:00;0.9999348119576562;1.0;0.9999814544375073;0.9999386866538302;0.9999922752401451;0.9999446270551379;1.000130905754444;0.9999563892321071;0.9999849882344213;0.9999678880602021;1.0;0.9999436289630685;0.9999530685047556;0.9999529123276817;1.0;0.9999678418797465;0.9999650291664697;0.9999900093823931;0.9999772951520886;0.9999661767869922;0.9999322455945642;0.9999982531696403;0.9999656097271606;1.0;1.0001843173910276;0.9999437204282304;1.0;0.9999525981607869;1.0;0.999902796485595;1.0;0.9998551218287726;1.0;0.999902361574665;1.0;0.9996303835862229;0.9996092787202944;0.9996009363848718;1.0;0.999997562898795;0.999936561161236;0.9999744473242297;0.9999482665089723;1.024999976158142;
2016-09-15 01:00:00;0.9999404514187379;1.0;0.9999835164599653;0.9999459051915605;0.9999912205317606;0.999951419401757;1.0001289785812764;0.9999652307602587;0.9999864658974573;0.9999712081554402;1.0;0.9999402430651371;0.9999495442332949;0.9999606707660362;1.0;0.9999765025955287;0.9999742038037095;0.9999882638266254;0.9999787182388209;0.9999689816383686;0.9999352039148083;0.9999985054430949;0.9999746008219819;1.0;1.000181546317499;0.9999477083276052;1.0;0.9999586592740641;1.0;0.9999043056284402;1.0;0.9998581875694769;0.9999999999999999;0.9999039184327941;1.0;0.9996385312213113;0.9996161926156022;0.9996066755606327;1.0;0.9999973629349748;0.9999394989045661;0.9999769866530864;0.9999449848328898;1.024999976158142;
2016-09-15 01:15:00;0.9999361967886167;1.0;0.9999816760221828;0.9999412422532633;0.9999920258517663;0.999947004328191;1.0001281317708555;0.9999610279187404;0.9999862531235751;0.9999679251708804;1.0;0.9999371555861747;0.9999473775939135;0.9999552941337424;1.0;0.9999733568166674;0.9999708399339984;0.9999895087395348;0.9999770666670086;0.9999676014981517;0.9999332296303232;0.9999986195250388;0.9999713251078519;1.0;1.0001803400364182;0.9999458336752901;0.9999999999999999;0.9999543459743628;1.0;0.9999192895565558;1.0;0.9998560700945276;1.0;0.9999092272652764;1.0;0.9996283651605459;0.9996064174366278;0.9995976941319256;1.0;0.9999973594338616;0.9999379460184323;0.9999754067951603;0.9999419666930554;1.024999976158142;
2016-09-15 01:30:00;0.9999414063729211;1.0;0.9999842039546243;0.9999480861718529;0.9999900216810409;0.9999535961696662;1.00012563271809;0.9999691588314348;0.9999866313370888;0.9999722571366799;0.9999999999999999;0.9999389343672159;0.9999476761818709;0.9999640457730877;0.9999999999999999;0.9999806582545152;0.9999785672350106;0.9999864399105047;0.9999787613484485;0.9999692275358176;0.9999339342739908;0.9999985440490264;0.9999788658061105;1.0;1.000176865434147;0.999947614505181;1.0;0.9999607829286067;1.0;0.9999204159112532;1.0;0.9998622086599113;1.0;0.99991195222854;1.0;0.9996449908672443;0.99962367718376;0.9996149537284362;1.0;0.9999971203486305;0.9999383427004895;0.9999775445034803;0.9999435450926338;1.024999976158142;
2016-09-15 01:45:00;0.9999422417015197;0.9999999999999999;0.9999843274946775;0.9999475909599882;0.99999145604426;0.9999530796971737;1.000120822321579;0.9999663119454347;0.9999870381612259;0.9999723352868559;1.0;0.9999428466556229;0.9999516269502403;0.9999621959461753;1.0;0.9999767377349744;0.9999744948121602;0.9999885069472402;0.9999794428248405;0.9999699478166678;0.9999367763553414;0.999998622696528;0.9999748776764982;1.0;1.0001701212498149;0.9999489305966913;0.9999999999999999;0.9999601482996546;1.0;0.9999639524910712;1.0;0.9998609072079814;0.9999999999999999;0.9999137074810077;1.0;0.9996395878077174;0.9996184940799313;0.9996097706698392;1.0;0.999997473282911;0.9999408881341761;0.999977949964719;0.999947388045683;1.024999976158142;
2016-09-15 02:00:00;0.999950058948548;0.9999999999999999;0.9999851550577386;0.9999546089736269;0.9999924854153308;0.9999587552980395;1.0001204406833533;0.999971158818931;0.999988008736428;0.9999750585042892;1.0;0.9999435341541552;0.9999529376621705;0.9999662504559476;1.0;0.999982413026069;0.9999805509641821;0.9999901705629684;0.9999818122911353;0.9999737900947053;0.9999465729200515;0.9999984802678915;0.9999808781732336;1.0;1.000169352101271;0.9999571579792007;0.9999999999999999;0.9999646943743986;1.0;0.9999615316314415;1.0;0.999866910679532;1.0;0.9999092888933163;1.0;0.9996607385759474;0.9996393399931776;0.9996306164011688;1.0;0.9999976319177348;0.999950366654091;0.999979763114955;0.9999481716996192;1.024999976158142;
2016-09-15 02:15:00;0.9999540900816584;1.0;0.9999864688740756;0.9999570188303052;0.9999940314424824;0.9999609340332586;1.0001203914691195;0.9999699424531763;0.9999887579994752;0.9999772553576459;1.0;0.9999587620909163;0.9999656341472538;0.9999670887746386;1.0;0.9999790981191519;0.9999771723013887;0.9999923539640768;0.9999838489287736;0.9999757811499023;0.9999520863888004;0.9999985173501157;0.9999775609602068;1.0;1.0001692815662329;0.9999604454784804;1.0;0.9999666006387701;1.0;0.9999668261652918;1.0;0.9998501638638679;1.0;0.9999094774595356;1.0;0.9996100683085681;0.9995926674090764;0.9995839442243671;0.9999999999999999;0.9999981291758461;0.999955208728602;0.9999813546967782;0.9999621376982131;1.024999976158142;
2016-09-15 02:30:00;0.9999642712559746;1.0;0.9999890789215992;0.9999662137582759;0.999994874644762;0.9999689934364987;1.0001180014217177;0.9999756194075673;0.9999900008213889;0.9999825433160365;1.0;0.9999663539184346;0.9999723626526121;0.9999741513318164;1.0;0.9999833821895799;0.9999818314813324;0.9999935801832744;0.9999875991745076;0.999980310075153;0.9999625402556468;0.9999983912825468;0.9999821483831309;1.0;1.000165798589773;0.9999687383853522;1.0;0.999973710189427;1.0;0.999962201942575;1.0;0.9998663247840227;1.0;0.9999184725750307;0.9999999999999999;0.9996526644958388;0.9996363256284847;0.9996279830673394;1.0;0.9999984852410658;0.9999648134986727;0.999984563502909;0.9999694866002818;1.024999976158142;
2016-09-15 02:45:00;0.9999602022438988;1.0;0.9999879375351701;0.9999631742943775;0.9999936391397927;0.9999662741914237;1.0001173185435221;0.9999750604703662;0.9999890131491028;0.9999806312830222;1.0;0.9999621886245649;0.9999683419056836;0.9999726236868836;1.0;0.9999841990449544;0.9999825967033662;0.9999918605454534;0.9999858962340222;0.9999780994055207;0.9999572474506965;0.9999982710028057;0.9999828932341623;1.0;1.0001648828284018;0.9999650174489235;1.0;0.9999714539821857;1.0;0.9999714436910933;1.0;0.9998725027418377;1.0;0.9999170654248548;1.0;0.9996722299247995;0.9996547672789252;0.9996452498566978;1.0;0.9999981352146745;0.9999599659643758;0.9999829333016558;0.9999653906482998;1.024999976158142;
2016-09-15 03:00:00;0.999964322329274;1.0;0.9999895923412324;0.9999672117268771;0.9999947084976147;0.9999702484638342;1.00011815713339;0.9999782536166039;0.9999911795170069;0.9999825322750556;0.9999999999999999;0.9999625003379432;0.9999687825939473;0.9999756514721443;1.0;0.9999857280577701;0.9999843175952212;0.9999931014852496;0.9999872774907007;0.9999810389595458;0.9999617551858002;0.9999988259390676;0.9999845757125038;0.9999999999999999;1.00016602148221;0.9999689078901137;1.0;0.9999746741043571;1.0;0.9999703992344919;1.0;0.9998530541445944;1.0;0.9999144808483986;1.0;0.9996153456416327;0.9995984944815168;0.999589771245956;0.9999999999999999;0.9999983966242152;0.9999642833143096;0.9999855095687201;0.9999657023626762;1.024999976158142;
2016-09-15 03:15:00;0.9999502625725296;1.0;0.9999852853100362;0.999953549821997;0.9999936004435217;0.9999577816044127;1.0001193792714753;0.9999678372048938;0.9999880389286049;0.9999751754677834;1.0;0.999955738856155;0.9999629799894645;0.9999643517655462;1.0;0.9999779069819241;0.9999758498830634;0.9999917911995446;0.9999823914392968;0.9999739400816181;0.9999482293358072;0.9999984668428242;0.9999762638152501;1.0;1.0001678968406862;0.9999574155050192;0.9999999999999999;0.9999638209429298;1.0;0.9999735608591073;0.9999999999999999;0.9998655052040339;1.0;0.9999154035133505;1.0;0.999652252668256;0.9996342106728585;0.9996250744485594;1.0;0.9999979562904677;0.9999516886888555;0.9999798895003849;0.9999592164473906;1.024999976158142;
2016-09-15 03:30:00;0.9999553588597783;1.0;0.9999869608458792;0.9999592364112188;0.9999938479203484;0.9999631151711423;1.000118376191755;0.9999736964058159;0.9999899449337238;0.9999775879479229;1.0;0.9999560596589864;0.9999629215612088;0.9999693474467315;1.0;0.9999830631978968;0.9999813638609425;0.9999919160868573;0.9999838061407486;0.9999770327846689;0.9999527532056361;0.9999988749005374;0.9999816751464989;1.0;1.0001664101033867;0.9999619780449887;0.9999999999999999;0.9999683005692762;1.0;0.9999685336508297;0.9999999999999999;0.9998721963336819;1.0;0.9999253019623694;1.0;0.9996656712499422;0.9996487275921165;0.9996400039181846;1.0;0.9999980050616343;0.9999561314423179;0.9999824154843479;0.9999592907074584;1.024999976158142;
2016-09-15 03:45:00;0.9999669518832441;1.0;0.9999904510267602;0.9999694994475823;0.9999951703811886;0.9999723571057553;1.0001172717550628;0.9999794412054185;0.9999917991192964;0.9999839364961104;1.0;0.9999647737902307;0.9999708282776841;0.999977339791424;1.0;0.9999861032448905;0.9999847671832071;0.9999937058991673;0.9999883150624989;0.9999823960882647;0.9999645770632191;0.9999989061378414;0.9999850157346772;1.0;1.0001647612599915;0.9999710509855516;1.0;0.9999765072592629;1.0;0.9999668538008771;1.0;0.9998693310600086;1.0;0.9999203138991236;1.0;0.9996604517653919;0.9996438196919954;0.9996350960608935;0.9999999999999999;0.9999985546342504;0.999966857347858;0.999986615854338;0.999967906467128;1.024999976158142;
2016-09-15 04:00:00;0.9999641643164605;1.0;0.999989581567318;0.9999664852222793;0.9999948018559033;0.9999695287506982;1.0001188112109494;0.9999764365511381;0.9999905774927015;0.9999827748008265;0.9999999999999999;0.9999636469989712;0.9999700834789673;0.9999749335397498;1.0;0.9999835270349567;0.9999820018272445;0.9999933159016815;0.9999875532983348;0.9999805424027243;0.9999617461101482;0.9999986227152626;0.9999822985981622;1.0;1.0001669710962382;0.9999682996886905;1.0;0.9999742140852949;0.9999999999999999;0.9999606577306812;1.0;0.9998638716500932;1.0;0.9999146058002863;0.9999999999999999;0.999647924507498;0.9996306693132313;0.9996223267992912;1.0;0.9999984935979566;0.9999640511829727;0.999985155835942;0.9999670687737524;1.024999976158142;
2016-09-15 04:15:00;0.9999634522835392;1.0;0.9999891942974248;0.999965803608362;0.9999949313418125;0.9999688586494284;1.0001182797706603;0.9999760702921863;0.9999906331085443;0.9999820923566096;1.0;0.9999626950720635;0.999969315247659;0.9999740665026333;1.0;0.9999835381303831;0.9999820015547107;0.9999935158546184;0.9999871886416898;0.9999803977463444;0.9999614864957933;0.9999986686166311;0.9999823062546764;1.0;1.0001662095906476;0.9999681739050216;1.0;0.9999734987478396;0.9999999999999999;0.9999646604301698;1.0;0.9998718150361161;1.0;0.9999171274092257;1.0;0.9996701324188604;0.9996529389899385;0.9996445962901449;0.9999999999999999;0.9999984667984476;0.9999639228580006;0.9999848944555889;0.9999660974919934;1.024999976158142;
2016-09-15 04:30:00;0.9999613743309147;1.0;0.9999880191885719;0.9999639194272583;0.9999949174261462;0.9999669433352186;1.0001183111553222;0.9999751942481806;0.9999903342192965;0.9999803184948514;0.9999999999999999;0.9999603130853444;0.999967290484162;0.9999719317091061;1.0;0.9999839989223703;0.9999824365658143;0.9999935938832546;0.9999861526399797;0.9999796292066759;0.9999602490943783;0.9999986508035122;0.9999827544899306;0.9999999999999999;1.0001662100064104;0.9999674443487943;0.9999999999999999;0.9999715756835073;1.0;0.9999663670161264;1.0;0.9998676269946274;1.0;0.9999221091353979;1.0;0.9996540831345959;0.9996371098272259;0.999628767259536;1.0;0.9999983238806393;0.9999630376961648;0.9999838532896896;0.9999636461423653;1.024999976158142;
2016-09-15 04:45:00;0.9999507416932077;0.9999999999999999;0.9999858569205772;0.9999549135574702;0.9999927908163896;0.9999592344403972;1.00011858254447;0.9999704399254545;0.9999882528672741;0.9999759071162055;1.0;0.9999546240726622;0.99996150825275;0.999966666775865;1.0;0.9999804315936998;0.9999785043355651;0.999990520505169;0.9999823978085262;0.9999740823556897;0.999947048117263;0.9999985455314594;0.9999788518074948;1.0;1.000166800950465;0.9999570881475114;0.9999999999999999;0.9999652608995864;1.0;0.9999656217609438;1.0;0.999867505030586;0.9999999999999999;0.9999256398895477;0.9999999999999999;0.9996512969652052;0.9996331381238907;0.9996236209075877;1.0;0.9999978036073778;0.9999505841171222;0.9999803685966056;0.999958045816568;1.024999976158142;
2016-09-15 05:00:00;0.9999711435063947;1.0;0.9999915855971795;0.9999732981866912;0.999995931886711;0.9999757774091296;1.000117302259624;0.9999819154375408;0.9999929315504765;0.9999858345683614;1.0;0.9999652718703623;0.9999716358928404;0.9999799557474047;1.0;0.9999877778127839;0.9999866088432783;0.9999947201958038;0.9999897760902177;0.9999847290285522;0.9999693527361762;0.9999990723656148;0.999986831191619;1.0;1.0001647392815713;0.9999749378122983;1.0;0.9999793514279155;1.0;0.9999684809303828;1.0;0.9998611965244888;1.0;0.9999149884669578;0.9999999999999999;0.9996395688039269;0.9996224788800427;0.9996137554351765;1.0;0.9999987540308711;0.9999713635312045;0.9999883237139185;0.9999685490998566;1.024999976158142;
2016-09-15 05:15:00;0.9999780736648;1.0;0.9999925193345809;0.9999783695371647;0.999997173089389;0.9999797140783396;1.0001204598688422;0.9999827829069761;0.9999928783686612;0.9999889159592324;1.0;0.9999717882765563;0.9999781041169824;0.9999823673827961;1.0;0.9999883056258841;0.9999872537035928;0.9999967779995546;0.9999925548368918;0.9999874320897579;0.999978343515897;0.9999986242386713;0.9999875025370281;1.0;1.0001690271008548;0.9999812766425366;1.0;0.999982742244432;1.0;0.9999695586682833;1.0;0.9998330267371482;1.0;0.9998578504026121;1.0;0.9995938641386322;0.9995763659323372;0.9995672302367142;0.9999999999999999;0.9999991295591043;0.9999796020619999;0.9999895389248644;0.9999750945722246;1.024999976158142;
2016-09-15 05:30:00;0.9999673177637257;1.0;0.9999901383572058;0.999967938874945;0.9999969654602078;0.9999707028286674;1.0001198275871255;0.9999746393434028;0.9999917699732974;0.9999836040789224;1.0;0.9999679126144282;0.9999746474776343;0.9999739519584517;1.0;0.9999803505127425;0.9999787597174934;0.9999964003494753;0.9999890044348743;0.9999827430060659;0.9999678419092354;0.9999988363576845;0.999979138294675;0.9999999999999999;1.0001683347246222;0.9999722344210568;1.0;0.9999748486714904;1.0;0.999964890619064;1.0;0.9998498075376187;1.0;0.9998894238445841;1.0;0.9996227957501028;0.9996060051276425;0.9995980754860423;1.0;0.9999989875501795;0.9999697483900338;0.9999864872443263;0.9999712882526148;1.024999976158142;
2016-09-15 05:45:00;0.9999805396970856;1.0;0.9999933282193424;0.9999811168701938;0.9999981279005424;0.9999824107511098;1.0001223189455997;0.9999858312321903;0.9999949735297604;0.9999894267238827;1.0;0.9999092657856492;0.9999316260149432;0.9999840492865663;1.0;0.9999907462650302;0.9999898946850254;0.9999978952227773;0.9999930427772766;0.999989847195896;0.9999816213568362;0.9999992251046901;0.9999901022373013;1.0;1.0001715610209536;0.9999845602400047;1.0;0.9999846400271152;1.0;0.9999695456804868;1.0;0.9998133619094;1.0;0.9998679879357195;1.0;0.999527556385873;0.9994840287254169;0.9994761000514273;1.0;0.9999992466732317;0.9999830193539891;0.9999914240473298;0.9999210798906415;1.024999976158142;
2016-09-15 06:00:00;0.9999778002893142;1.0;0.9999922184376321;0.9999780470192704;0.9999976157969342;0.999979381774642;1.0001304637198434;0.9999826273562903;0.9999933179997725;0.9999882469426321;1.0;0.9997902321029268;0.9998436046226851;0.9999815029394882;1.0;0.9999883957728504;0.9999873521085173;0.9999973922962482;0.9999923008182633;0.999987752934685;0.9999789253826613;0.9999987784955222;0.9999876108017098;1.0;1.0001830092497503;0.9999818579479947;1.0;0.999982208373487;0.9999999999999999;0.999967417698777;1.0;0.9997818981533199;1.0;0.9998700897404713;0.9999999999999999;0.9994312236585849;0.9993329351096251;0.9993242141915317;1.0;0.9999991507400191;0.999980327421234;0.9999895907467656;0.9998191312276514;1.024999976158142;
2016-09-15 06:15:00;0.999974559384662;1.0;0.9999914089182497;0.9999750176108042;0.9999973338925966;0.9999767153428376;1.0001335242673701;0.9999804856280164;0.999992778837921;0.9999866612825342;1.0;0.9996986855004265;0.9997755132912364;0.9999791817393904;1.0;0.9999865976948515;0.9999854120026462;0.999996998533873;0.9999911803219931;0.9999862016390265;0.9999755666327559;0.9999987711152556;0.9999857001910811;1.0;1.000187347340009;0.999979072985697;1.0;0.9999799044349145;1.0;0.9999773881609398;1.0;0.9997498884358869;1.0;0.9998508958654386;1.0;0.9993478106304127;0.9992092061812017;0.9992008671846228;1.0;0.9999990537365402;0.9999771858514994;0.9999885042003598;0.999740403696674;1.024999976158142;
2016-09-15 06:30:00;0.9999718233645525;1.0;0.9999915504770042;0.9999730981446804;0.9999970925717823;0.9999755149255178;1.0001345885818989;0.9999802574306117;0.9999934567518802;0.9999856585470841;1.0;0.9997416906575766;0.9998066842428643;0.9999785325220092;1.0;0.9999855904090098;0.9999843457420055;0.9999963849295693;0.9999901688213042;0.9999854923430809;0.9999717826214927;0.9999991984566265;0.9999846233313094;0.9999999999999999;1.0001889327460456;0.9999763590832033;0.9999999999999999;0.9999788709279734;1.0;0.9999721659517096;0.9999999999999999;0.9997523100335295;1.0;0.9998317553648379;1.0;0.9993683076734959;0.9992502015909869;0.9992418622522768;1.0;0.9999989919641996;0.9999736695362367;0.9999886829567516;0.9997769340712848;1.024999976158142;
2016-09-15 06:45:00;0.9999611202687122;1.0;0.9999876002406116;0.9999628873815463;0.9999963437469134;0.9999659427673782;1.0001373088360714;0.9999731565955834;0.9999911827912077;0.9999792586919964;1.0;0.9996874787111266;0.9997657203030088;0.9999694282366796;0.9999999999999999;0.9999816754407552;0.9999800237336546;0.9999956054555472;0.9999860676554511;0.9999803650513572;0.9999623208540186;0.9999989357658506;0.9999804061821196;1.0;1.0001927859382496;0.9999687288387696;0.9999999999999999;0.9999702488684218;1.0;0.999958295795263;0.9999999999999999;0.9997524668375953;1.0;0.9998356069408816;1.0;0.9993662170356727;0.9992186056135384;0.9991999533645679;1.0;0.9999985451477916;0.9999651743495518;0.9999840885094975;0.999729528936001;1.024999976158142;
2016-09-15 07:00:00;0.9999621872009254;1.0;0.9999883933412679;0.9999636533214782;0.9999967258795099;0.9999668498892247;1.0001441223149246;0.9999730278021431;0.9999916819110964;0.9999801771155835;1.0;0.9996673297089416;0.9997510917566634;0.999970173610785;0.9999999999999999;0.9999803012103483;0.9999786233552057;0.9999960381464646;0.9999867016513851;0.9999809875355891;0.9999632550027395;0.9999990707702877;0.9999790162221794;1.0;1.0002023730173566;0.9999691585175983;1.0;0.9999711250795031;1.0;0.9999514117635702;1.0;0.9996803442586397;0.9999999999999999;0.9998132970978755;1.0;0.9991640550592203;0.9990080354143847;0.9989913858500689;1.0;0.9999987167212764;0.9999658773888609;0.9999849292145498;0.9997125290256008;1.024999976158142;
2016-09-15 07:15:00;0.9999340074693559;1.0;0.9999758097275172;0.9999331533013094;0.9999912858986657;0.9999362724355175;1.0001543388958594;0.9999436815610978;0.9999753580792555;0.9999664010804549;1.0;0.9997060292246737;0.9997805403146464;0.9999441053032377;1.0;0.9999624169631466;0.9999590446063028;0.9999906901416713;0.9999780166880131;0.9999602436181931;0.9999364612360077;0.9999946528696992;0.9999598893894289;1.0;1.0002168965057145;0.9999436317952024;1.0;0.9999459935803868;1.0;0.9999524265575948;1.0;0.9996246994101767;0.9999999999999999;0.9997896504403138;1.0;0.9990124926239343;0.998774175881156;0.9986311316999221;1.0;0.9999973915351523;0.9999398412962547;0.9999657636540534;0.9997465271398326;1.024999976158142;
2016-09-15 07:30:00;0.9999417946151828;1.0;0.9999798176982685;0.999940376511146;0.9999938737964112;0.9999438243760957;1.0001544501442263;0.9999482935605293;0.9999800913489554;0.9999705973382165;1.0;0.9996943464847722;0.9997726411557598;0.9999496990457709;1.0;0.9999619638597966;0.9999588318647078;0.9999936502965616;0.9999810587237952;0.9999660706483378;0.9999448120718105;0.9999959572057147;0.9999596395557222;0.9999999999999999;1.0002170744414884;0.9999502671190132;1.0;0.9999522363555271;1.0;0.9999527723000224;1.0;0.9996106556299175;1.0;0.9997999326496236;1.0;0.9989630388792887;0.9987060322570804;0.9985473478046448;1.0;0.9999981297945352;0.9999475759966066;0.9999714990372165;0.9997369482573388;1.024999976158142;
2016-09-15 07:45:00;0.9999590401309996;1.0;0.9999878685564368;0.9999583749506218;0.9999972241440811;0.9999619870667857;1.0001513953018337;0.9999641067612238;0.9999893897465371;0.9999797751547416;0.9999999999999999;0.9997286736345208;0.9997981548617386;0.999965316966642;1.0;0.9999697722134723;0.9999675251936099;0.9999970006434825;0.9999869072852601;0.9999781655300469;0.9999609076860934;0.9999984341396185;0.9999681002345766;1.0;1.0002127410749073;0.9999648235549802;1.0;0.9999674616669754;1.0;0.9999527264948473;1.0;0.9996132912804574;0.9999999999999999;0.9998030097911236;1.0;0.9989688869446979;0.9987225027106514;0.9985579284418359;1.0;0.9999990912221504;0.9999628414910314;0.9999830463407356;0.9997664956162319;1.024999976158142;
2016-09-15 08:00:00;0.9999410607589319;0.9999999999999999;0.9999791830536368;0.9999400759309702;0.9999930598054729;0.9999433169151687;1.0001598497720137;0.9999489543900512;0.999979232494813;0.9999701652635663;1.0;0.9996250740469843;0.999720944161547;0.9999498051213046;1.0;0.9999639450146688;0.9999608626598121;0.9999926340720536;0.9999805799818878;0.9999652432102857;0.999943530835682;0.9999956795821022;0.9999616431240114;1.0;1.000224610991831;0.9999495970537939;1.0;0.9999518755553045;1.0;0.9999501565599943;1.0;0.9995741568112666;0.9999999999999999;0.9997833054992742;1.0;0.9988644648105225;0.9985758503505707;0.998415748686332;1.0;0.9999979049779193;0.9999464554684346;0.9999705676052774;0.9996773120332827;1.024999976158142;
2016-09-15 08:15:00;0.999913602008109;0.9999999999999999;0.9999700721641052;0.9999176140055579;0.9999932587426004;0.9999235074310452;1.0001671213724108;0.9999421954781413;0.9999814490396242;0.9999505603713111;1.0;0.9995805458942304;0.9996829343001481;0.9999290330553596;0.9999999999999999;0.9999650109713519;0.9999615957482482;0.9999924408137665;0.9999676964350765;0.9999578570087921;0.9999205763749478;0.9999978919220447;0.9999624362128329;1.0;1.0002347305486445;0.9999351896372214;1.0;0.9999319021682043;1.0;0.9999522174176653;0.9999999999999999;0.9995392101560983;0.9999999999999999;0.9997532642589748;0.9999999999999999;0.9987797666894028;0.9984833705458018;0.9983171033583574;0.9999999999999999;0.9999965916289687;0.999927796701425;0.9999638866462865;0.999633746541757;1.024999976158142;
2016-09-15 08:30:00;0.9998967860242082;1.0;0.9999621182625;0.99990196938299;0.9999930452853876;0.9999082269135616;1.0001748133416946;0.9999334259021333;0.9999789865027422;0.9999378717917391;1.0;0.9995748653961342;0.9996770542425236;0.9999128856343378;1.0;0.9999643015317047;0.9999604986614217;0.999992709928102;0.9999600823572012;0.9999511494039025;0.9999087883864479;0.9999977928855068;0.999961474861971;0.9999999999999999;1.0002453344422533;0.9999269069456811;1.0;0.9999171171469892;0.9999999999999999;0.9999122007536791;0.9999999999999999;0.9995668547746285;1.0;0.9997963745358641;1.0;0.9988338754797405;0.9985449611097109;0.9983814961181099;0.9999999999999999;0.9999957041865616;0.9999183027609277;0.9999563053126669;0.9996263785220016;1.024999976158142;
2016-09-15 08:45:00;0.9999479669070844;1.0;0.999982149666871;0.9999494497424998;0.9999952719820253;0.9999529257031603;1.000169958355243;0.9999621209190562;0.9999868041335584;0.9999715220240577;1.0;0.9996077189854832;0.9997063412630176;0.9999571026560814;1.0;0.999975247441054;0.9999729773277298;0.999994735953719;0.9999813362071794;0.9999730492391429;0.9999512049809697;0.9999980241574126;0.9999735365267673;0.9999999999999999;1.0002385825679554;0.9999589927888146;1.0;0.9999587859685358;1.0;0.9998933711371487;1.0;0.9995535492785494;1.0;0.9997852283955873;1.0;0.9988016701307265;0.9985202076677857;0.9983717448158593;0.9999999999999999;0.9999980308037301;0.9999549720536745;0.99997721261665;0.9996605279975908;1.024999976158142;
2016-09-15 09:00:00;0.9999473015002265;1.0;0.9999823945854741;0.9999480786723257;0.9999953297317402;0.999951777584475;1.0001727820689676;0.9999592758162233;0.9999860756749988;0.99997196762445;0.9999999999999999;0.9996001304979889;0.9997012872514888;0.999956168720849;1.0;0.9999713028484682;0.9999688338792306;0.9999948550026656;0.9999816826976743;0.9999721708181339;0.9999502841641528;0.9999978165002167;0.9999694496540039;1.0;1.0002426287102106;0.9999573359274032;1.0;0.9999581126782221;1.0;0.9998638621557763;1.0;0.9995708566938237;1.0;0.9997852917074476;1.0;0.9988542342100877;0.9985550558463228;0.9983904355023782;1.0;0.9999981915499027;0.9999537041136192;0.9999768780618596;0.9996546041397705;1.024999976158142;
2016-09-15 09:15:00;0.9999485359179601;1.0;0.9999818601762843;0.9999488929445011;0.9999955985442948;0.9999520777831773;1.0001689695809715;0.9999594579923089;0.9999857439386374;0.9999719065391156;1.0;0.9995819940432609;0.999688172342051;0.9999558721999642;1.0;0.9999725655280519;0.9999701529982973;0.9999954363671925;0.999981957797281;0.9999726110767604;0.9999527100734056;0.9999975923080417;0.9999707758509788;1.0;1.000237191721366;0.9999592774195506;1.0;0.9999581923423821;1.0;0.9998782692164147;1.0;0.9995770532595952;1.0;0.9997908374360354;1.0;0.9988688776569888;0.9985936290852621;0.9984707819812325;1.0;0.9999981797258827;0.9999561294652553;0.99997651714072;0.9996390540250375;1.024999976158142;
2016-09-15 09:30:00;0.999922669080609;1.0;0.9999745630706228;0.9999267907417527;0.9999901401592665;0.9999321517350787;1.0001797028703567;0.9999481885392703;0.9999792518213547;0.999959641382453;1.0;0.9995686253286452;0.9996744983063144;0.9999414270550628;1.0;0.9999677655000654;0.9999645770694491;0.9999880367171281;0.9999722003605174;0.9999585979462886;0.9999224502698256;0.9999967404833333;0.999965267790088;0.9999999999999999;1.0002525568071239;0.9999359872290209;1.0;0.9999414559665417;0.9999999999999999;0.9998612733534878;0.9999999999999999;0.9995087524776148;1.0;0.9997708563103741;1.0;0.9986769226908924;0.9983710244055829;0.9982073741188359;1.0;0.9999966283359017;0.999928014254749;0.9999660709581192;0.9996254648828302;1.024999976158142;
2016-09-15 09:45:00;0.9999190714572974;1.0;0.9999746712322207;0.9999247233053954;0.9999884202014397;0.9999308201217944;1.0001885235133106;0.9999488873136481;0.9999787085729286;0.999959065117306;0.9999999999999999;0.9995565614296749;0.9996643207495856;0.9999421511851241;1.0;0.9999682704349725;0.9999650482911601;0.999985391474404;0.9999709074006834;0.9999565347875635;0.9999156892363115;0.9999968088485266;0.9999656829998251;1.0;1.0002650600995575;0.9999311518650967;1.0;0.9999407548435122;1.0;0.9998038288637988;1.0;0.9994974785135436;0.9999999999999999;0.9997666264279922;1.0;0.9986469578276657;0.9983370995311184;0.9981738474427302;1.0;0.9999963131908267;0.9999215209370848;0.9999654415359541;0.9996147491226262;1.024999976158142;
2016-09-15 10:00:00;0.9999354415001434;0.9999999999999999;0.9999796136123066;0.9999400205604754;0.9999908441293374;0.9999448249409454;1.0001784281306503;0.9999595287021392;0.9999831563055722;0.999967077277499;1.0;0.9995943891424953;0.9996937217712591;0.9999536879255837;1.0;0.9999753082131577;0.9999727666901315;0.9999884726780376;0.999976669405939;0.9999654892306002;0.9999330431336314;0.9999974945184789;0.9999732685544709;1.0;1.0002507079534566;0.9999454748424127;1.0;0.9999526409095807;1.0;0.9998141271497338;1.0;0.9995581827443519;1.0;0.9997820969164308;1.0;0.998819069991279;0.9985203132496985;0.998352835269079;1.0;0.9999970311637324;0.9999377864542975;0.9999724093051637;0.9996480377892821;1.024999976158142;
2016-09-15 10:15:00;0.9999281579680501;0.9999999999999999;0.9999758757264862;0.9999317977659516;0.9999900508163363;0.9999364313044364;1.00018249771523;0.9999513147280366;0.9999791754846471;0.9999628112546287;1.0;0.9995282802230315;0.9996451739444578;0.9999456914320579;1.0;0.9999705224994359;0.9999675363347326;0.9999880210017098;0.9999742929404021;0.9999604812285637;0.9999274689992894;0.9999964112139412;0.9999681790438538;1.0;1.00025640842385;0.9999399131878269;1.0;0.9999454360934158;1.0;0.9998298810948675;1.0;0.9995010667382258;1.0;0.9997470871281677;0.9999999999999999;0.9986707746930427;0.9983482904277908;0.9981890209518084;0.9999999999999999;0.9999967396472854;0.9999325035699012;0.9999673242806504;0.9995914190847427;1.024999976158142;
2016-09-15 10:30:00;0.9999417047703174;1.0;0.9999825466124552;0.9999463566237535;0.9999929981919715;0.9999513472911763;1.0001871394691886;0.9999649149460698;0.9999876121025382;0.999969800699215;1.0;0.9995276301202739;0.9996444264804434;0.9999583506191342;1.0;0.9999773555740956;0.9999751276203531;0.9999909070768451;0.9999786857001512;0.9999707390222816;0.9999401243909736;0.9999987647738237;0.9999755667051228;1.0;1.000262873583219;0.9999517696391226;1.0;0.9999577573666945;0.9999999999999999;0.9998171544873279;0.9999999999999999;0.999485809416516;1.0;0.9996724577718443;1.0;0.998677156184549;0.9983562234471368;0.9981983780126276;1.0;0.999997514478353;0.9999446782268765;0.9999772239065363;0.9995906244558409;1.024999976158142;
2016-09-15 10:45:00;0.9999417807050661;1.0;0.9999805574492321;0.9999456414908383;0.9999917140575963;0.9999494776009079;1.0001854570518458;0.9999631433180083;0.9999840254879471;0.9999695451288693;1.0;0.9995241221545405;0.9996423843997551;0.9999571077572841;1.0;0.9999790747255068;0.9999768098259154;0.999989825177632;0.9999787240173015;0.9999685890918648;0.999940749924261;0.9999974143021813;0.999977272804365;0.9999999999999999;1.0002603972026765;0.9999518029864496;1.0;0.9999564508425656;0.9999999999999999;0.9998184994983274;1.0;0.9994984077311242;0.9999999999999999;0.9996806803667324;1.0;0.9987093645887318;0.9983814166576422;0.9982181993319362;1.0;0.9999972114392969;0.9999451510962455;0.9999740756999649;0.9995880254020294;1.024999976158142;
2016-09-15 11:00:00;0.9999360458217816;1.0;0.9999801776690075;0.9999404915969123;0.9999902674882238;0.9999453207760365;1.000184137931065;0.9999592479127445;0.9999824142139355;0.9999683227914771;0.9999999999999999;0.999466829092788;0.9995993821895247;0.9999549145254282;1.0;0.999974364598552;0.999971776107442;0.999987686197137;0.9999772580847566;0.9999650040085905;0.9999324090261429;0.9999972231650683;0.9999722756086905;1.0;1.0002587687269706;0.999944587844833;1.0;0.9999534953512135;1.0;0.9998046051680249;0.9999999999999999;0.9995271288265565;1.0;0.999711227998451;1.0;0.9987749101896741;0.998420137210979;0.9982562263493397;1.0;0.9999970499153581;0.9999368410748795;0.9999723696008334;0.9995390257354513;1.024999976158142;
2016-09-15 11:15:00;0.9999523077305044;1.0;0.9999839406156038;0.9999547168323502;0.9999927226331883;0.9999576810101709;1.0001817397785546;0.9999674595610868;0.9999852213000994;0.9999758147766876;1.0;0.9994610537005627;0.9995971817178414;0.9999644689685411;1.0;0.9999804735496631;0.9999784678725772;0.9999912075963795;0.9999830929885128;0.9999730336673818;0.9999510333394996;0.9999972825398157;0.9999788889163052;1.0;1.0002551364598906;0.9999593006290944;1.0;0.9999639648883426;0.9999999999999999;0.9998175104715264;1.0;0.9995514665881623;0.9999999999999999;0.999694397713594;1.0;0.9988598029135547;0.9985274288176903;0.9984008827763681;1.0;0.999997753105114;0.9999542407370007;0.9999777401634582;0.9995352436128365;1.024999976158142;
2016-09-15 11:30:00;0.9999456656771111;1.0;0.9999821374260627;0.9999484771806642;0.9999917674181099;0.9999520616263602;1.0001828386701532;0.9999629590973556;0.9999834895689851;0.9999727486361019;1.0;0.9995567966508644;0.9996675888788529;0.999959900754268;1.0;0.9999770491233223;0.9999747463647739;0.9999899581774493;0.9999808467891417;0.9999694056472762;0.9999438152399012;0.9999970422602587;0.9999752248804931;1.0;1.0002567849277817;0.9999532491692249;1.0;0.9999592497257909;1.0;0.9998144205404358;1.0;0.9995443259944877;1.0;0.9996826163652004;1.0;0.9988466262324573;0.9985497415710937;0.9984122180361196;1.0;0.9999974972517379;0.9999474077991144;0.9999750743897418;0.9996171226153557;1.024999976158142;
2016-09-15 11:45:00;0.9999416740307868;1.0;0.9999824796477745;0.9999461954547929;0.9999919426362149;0.9999510024483119;1.0001818824382742;0.9999642223458687;0.9999859321600465;0.999970651514844;1.0;0.9995926533238382;0.9996927220269306;0.9999590666363739;1.0;0.9999770270113483;0.9999747406339956;0.9999896078763868;0.9999789860557433;0.9999694401486664;0.9999387979923042;0.9999981833382077;0.9999751779962214;1.0;1.0002555485263789;0.9999503250679913;1.0;0.9999579572324593;0.9999999999999999;0.9998208793153689;0.9999999999999999;0.9995557793629246;1.0;0.9996572718824553;1.0;0.9988986981333698;0.9986276536911728;0.9984984388060549;1.0;0.9999974071234928;0.9999430843155318;0.9999762335816673;0.9996468375572856;1.024999976158142;
2016-09-15 12:00:00;0.9999385371232588;1.0;0.9999806489938534;0.9999419887814746;0.9999912662745253;0.9999465242512191;1.00018165204373;0.9999587174874816;0.999982823791549;0.999969307731782;1.0;0.9996245766750225;0.9997170920192507;0.999955118928615;1.0;0.9999731463952959;0.9999705497599979;0.9999891552498934;0.9999783515348357;0.999966292432668;0.9999362514062646;0.9999972112425886;0.9999710843731299;0.9999999999999999;1.0002552508922042;0.9999471065362758;1.0;0.9999544297638424;1.0;0.9997985501683796;0.9999999999999999;0.9995926490904065;1.0;0.999707095161079;1.0;0.9989756997192181;0.9987104094744885;0.9985723779169885;1.0;0.9999973127519478;0.999940359731311;0.9999731294761268;0.9996748015046732;1.024999976158142;
2016-09-15 12:15:00;0.9999455450186026;1.0;0.9999833983900906;0.9999482992342849;0.9999930445008155;0.9999526576821602;1.0001810829956637;0.9999624797817663;0.9999857216093335;0.9999728836799554;1.0;0.9996625258276963;0.9997460047868516;0.9999597216937002;0.9999999999999999;0.9999738871865986;0.9999715136264015;0.9999913272020953;0.9999810243345374;0.9999707331487415;0.9999439828975628;0.9999978745984216;0.9999720172007615;0.9999999999999999;1.0002544183893023;0.9999531971128399;1.0;0.9999595603424152;1.0;0.9997850320979528;1.0;0.9996000521250942;1.0;0.9997290743363031;1.0;0.9989830118197117;0.9987423990264359;0.9986161809232491;1.0;0.9999978254374131;0.9999475336998512;0.9999770376373747;0.9997078297205079;1.024999976158142;
2016-09-15 12:30:00;0.9998978025131527;1.0;0.9999704479108391;0.9999053446731413;0.9999848899902011;0.9999140793167914;1.0001845241383305;0.9999355193053169;0.9999738945747615;0.9999505967987865;1.0;0.9996360726380492;0.9997211682832035;0.9999298125062526;1.0;0.9999561728639628;0.9999519848067518;0.9999803811235889;0.9999640277211085;0.9999449865273838;0.9998902505459187;0.9999963609114372;0.9999527696646936;1.0;1.0002599344614822;0.9999099248105344;1.0;0.9999271459878519;1.0;0.9997934743468937;1.0;0.9996275779660966;0.9999999999999999;0.99974623746168;1.0;0.9990538121076877;0.9988204466065821;0.998707444193111;1.0;0.9999955677057478;0.9998971206820066;0.9999581760450023;0.9996822974769182;1.024999976158142;
2016-09-15 12:45:00;0.9999140116796005;0.9999999999999999;0.999975244098023;0.9999213583139095;0.9999868836273638;0.9999287763100024;1.000184536587156;0.999948547711231;0.9999787829671828;0.9999582201139137;1.0;0.9996681170921649;0.9997455803352001;0.9999423089029543;1.0;0.9999663800372804;0.999963020888765;0.9999827823702078;0.9999692965872959;0.9999542032221828;0.9999069314852728;0.9999972127595138;0.9999636164155482;1.0;1.0002597101980142;0.9999245470671222;1.0;0.9999394917894182;1.0;0.9997921899665198;0.9999999999999999;0.9995853994941843;1.0;0.9996782723104001;0.9999999999999999;0.9989740995297254;0.9987379829988406;0.9986039204528417;1.0;0.9999960918768834;0.9999130314103728;0.9999652825151756;0.9997100976334936;1.024999976158142;
2016-09-15 13:00:00;0.9999007556394472;0.9999999999999999;0.9999670602690794;0.9999072982972729;0.9999893656776334;0.9999144177657705;1.0001903307593503;0.9999380084846109;0.999977622526872;0.9999455267266996;1.0;0.9996432211671014;0.9997270323008559;0.9999240393034575;1.0;0.9999637229979467;0.9999599633015223;0.9999870324878801;0.9999629703508085;0.9999502052120164;0.999903288404033;0.9999973001922849;0.9999607880854656;1.0;1.000267492214197;0.9999220119629463;1.0;0.9999247493580343;1.0;0.999803889106464;1.0;0.9995615621029076;1.0;0.9996357984707837;1.0;0.9989316512329709;0.9986754144368124;0.9985208239397563;1.0;0.9999956779008055;0.9999114629104892;0.9999586965399891;0.9996865705464619;1.024999976158142;
2016-09-15 13:15:00;0.9998830261220851;1.0;0.9999597156858108;0.9998881272409268;0.9999904596976438;0.9998961083865813;1.0001965359735594;0.9999206135886485;0.9999739225724067;0.9999337925754214;1.0;0.9996108854723331;0.999703483950138;0.9999042183257625;1.0;0.9999511118952007;0.9999464002855831;0.9999892571858691;0.9999566173010442;0.9999421384588301;0.9998916803875837;0.9999968298914464;0.9999475545792812;1.0;1.0002762074012939;0.9999110882927984;1.0;0.9999078773870557;1.0;0.9997799921528553;1.0;0.9995609017661129;1.0;0.9996641253928082;1.0;0.9989103871655882;0.9986434933077936;0.9984905156419117;1.0;0.9999954271258658;0.9999011664439724;0.9999507026733626;0.9996579903642404;1.024999976158142;
2016-09-15 13:30:00;0.9998838669243619;1.0;0.9999594285049861;0.9998912554684519;0.9999903031575677;0.9998990498567643;1.000192916833018;0.9999283507014818;0.999976493929749;0.9999324221402407;1.0;0.999636979288075;0.9997209863258099;0.9999068024614673;1.0;0.9999609738984502;0.9999567727015635;0.9999887467387526;0.9999553884336688;0.9999444396637202;0.9998925897788711;0.9999976791091845;0.9999577680041926;1.0;1.0002709527845903;0.9999144185980764;0.9999999999999999;0.9999095815285591;1.0;0.9997808870642221;1.0;0.9995889956043603;1.0;0.9997229393085821;1.0;0.9989539123499406;0.9986769698331556;0.998488630894751;1.0;0.9999950129285754;0.9999030890241121;0.9999520531529277;0.9996786695117298;1.024999976158142;
2016-09-15 13:45:00;0.9999147771913551;1.0;0.9999707354524385;0.9999189169103279;0.9999910886221867;0.9999245314750929;1.0001861894853457;0.9999427732395219;0.9999788535794126;0.9999531333556182;1.0;0.9996810908469108;0.9997574243702974;0.9999323428622952;1.0;0.999965642055716;0.9999622105658993;0.999989601081279;0.9999686694305949;0.9999561156098913;0.9999184284510664;0.9999969520635816;0.9999630083628651;1.0;1.0002615523434535;0.9999330335889369;1.0;0.9999338238708438;1.0;0.9997857453755102;0.9999999999999999;0.9996160859519051;1.0;0.9997309267603428;1.0;0.9990299566135679;0.9987930156641763;0.9986484860334315;0.9999999999999999;0.9999963930695396;0.9999250849393211;0.9999629062686455;0.9997207889029919;1.024999976158142;
2016-09-15 14:00:00;0.9999469384541356;1.0;0.9999814084456716;0.9999485794405293;0.9999943593406404;0.9999518406907489;1.000179020133308;0.9999616735578626;0.9999854078629684;0.9999711727519446;1.0;0.9997455580739585;0.9998082901154849;0.9999567462094087;1.0;0.9999760528811426;0.9999737617094898;0.9999936501364972;0.9999809432901432;0.99997173014246;0.9999495854027877;0.9999975746200405;0.9999743143050516;1.0;1.0002512803706152;0.99995772190836;1.0;0.9999580521358483;1.0;0.9997958617975654;0.9999999999999999;0.999623680417725;1.0;0.9996963371172254;0.9999999999999999;0.9990768471366633;0.9988658310491763;0.9987283977810136;1.0;0.999997827092057;0.9999533964806383;0.9999758942329021;0.9997787956947419;1.024999976158142;
2016-09-15 14:15:00;0.9999377202871883;1.0;0.999975950064824;0.99993790261852;0.999992138513849;0.9999404309843218;1.0001843046100627;0.9999504148584883;0.9999780118045133;0.9999662744244803;0.9999999999999999;0.9998036111230417;0.999852050333436;0.9999468162209371;1.0;0.9999706195702472;0.9999677254942988;0.9999917342534939;0.9999781315434008;0.9999637773920916;0.9999417399821033;0.9999953547812468;0.9999684579690479;1.0;1.0002586738608779;0.9999497033657839;0.9999999999999999;0.9999487003712437;1.0;0.9998109805803388;1.0;0.9995584685698911;1.0;0.9996040820682999;1.0;0.9989444358232065;0.9987494712256257;0.998601061047503;1.0;0.9999972626084049;0.9999457113444599;0.9999677158598889;0.9998291215392626;1.024999976158142;
2016-09-15 14:30:00;0.9999362547988285;1.0;0.9999749682285247;0.9999366720155757;0.9999913643964006;0.9999389922737482;1.0001810595478342;0.9999500142674622;0.9999768106557834;0.9999653937652438;1.0;0.9998097040583688;0.9998563154606304;0.9999459601514605;1.0;0.9999717799119429;0.9999688772599863;0.9999908375470914;0.9999774414051394;0.9999624857353742;0.9999400369647393;0.999994983529675;0.9999696033941081;1.0;1.0002540990991433;0.9999485020121042;1.0;0.9999475272346166;0.9999999999999999;0.999802833838799;1.0;0.999612305390113;1.0;0.9996855152654847;1.0;0.9990499389078542;0.9988771203550086;0.9987533465520329;1.0;0.999997041363737;0.9999441749198618;0.9999663177396326;0.9998342029257213;1.024999976158142;
2016-09-15 14:45:00;0.9999293539910631;0.9999999999999999;0.999975085197197;0.9999311964100611;0.9999899492516765;0.9999350531607416;1.0001735912515368;0.999947376069522;0.999976488748101;0.9999636754138116;1.0;0.9998098095336873;0.9998551660507429;0.9999441994917582;1.0;0.999967486706839;0.999964302795825;0.9999884310630354;0.9999753528494898;0.9999592187771219;0.9999297640185019;0.999995342742666;0.9999650333640381;1.0;1.0002439041306546;0.9999402903811824;0.9999999999999999;0.9999446365418493;1.0;0.9998046668843449;1.0;0.9996580593527122;1.0;0.9997813766654066;0.9999999999999999;0.9991209578646928;0.99894280418933;0.9988109109232807;1.0;0.9999968555078633;0.999934187203046;0.9999654907483416;0.9998340194503923;1.024999976158142;
2016-09-15 15:00:00;0.9999184427385046;1.0;0.9999726376393168;0.9999215103346772;0.9999896525345128;0.9999268396017617;1.0001773106956113;0.9999417866618909;0.9999763430625039;0.9999577475055251;1.0;0.9998060847918324;0.9998511015064622;0.9999365539121211;1.0;0.9999626633170261;0.9999591017717652;0.999987785131121;0.9999712280468216;0.9999551807003778;0.9999189466210305;0.9999959093665282;0.9999599071288962;0.9999999999999999;1.0002492646766927;0.9999319172346761;0.9999999999999999;0.9999371518865336;1.0;0.9998016907700715;0.9999999999999999;0.9996591793488325;1.0;0.99978719909983;1.0;0.9991204109130568;0.9989512294820794;0.9988286201229585;1.0;0.9999965671044474;0.9999243999527396;0.999962922899504;0.9998297165035516;1.024999976158142;
2016-09-15 15:15:00;0.9998652320382748;1.0;0.9999563319897239;0.9998685751315703;0.9999894281793835;0.9998788725592057;1.0001831514374946;0.999899882488333;0.9999684183018609;0.9999274837255767;1.0;0.999785546208796;0.9998338053912257;0.9998892188511982;1.0;0.9999287681112585;0.9999226699031759;0.999988064821889;0.9999524307595061;0.999931499256604;0.9998730039902276;0.9999959168092866;0.9999241774189905;1.0;1.000257977594764;0.9998923209748409;0.9999999999999999;0.9998940372279383;1.0;0.9997940125811069;1.0;0.9996610856383603;0.9999999999999999;0.9997943495711998;1.0;0.9991212841115995;0.9989598953817879;0.9988471074274295;1.0;0.9999955328172194;0.9998823043931836;0.9999439224458424;0.9998091022532102;1.024999976158142;
2016-09-15 15:30:00;0.9998707845391515;1.0;0.9999551130501688;0.9998779258837;0.9999894428129915;0.9998866532381403;1.0001815453934462;0.9999170746937928;0.9999728710534829;0.9999255297473634;1.0;0.9997608841556407;0.9998125370334847;0.9998953506662922;1.0;0.9999523233682338;0.9999474393199173;0.9999879170448979;0.9999510133476232;0.9999374105437608;0.9998805913121679;0.9999970846853745;0.9999486162759154;1.0;1.000255160585876;0.999903693796306;1.0;0.9998988460754125;0.9999999999999999;0.9998144828502199;1.0;0.9996401865865596;1.0;0.999807009590337;1.0;0.9990490726224234;0.9988847715682739;0.998769095612336;1.0;0.9999946763368104;0.9998917996338055;0.9999462598354978;0.9997846593215277;1.024999976158142;
2016-09-15 15:45:00;0.9999016057809893;1.0;0.9999670535630154;0.9999082821402279;0.9999896389530802;0.9999152478025367;1.0001773876989204;0.9999393034503155;0.9999781999618814;0.9999454607231534;1.0;0.9997820758809648;0.999829806470307;0.9999244738766905;1.0;0.9999653611215447;0.9999616989639932;0.9999873977017931;0.9999630179939191;0.9999510023958953;0.9999046478781183;0.9999974423972018;0.999962504551813;0.9999999999999999;1.0002493020223535;0.9999234499820244;1.0;0.9999252539981409;1.0;0.9998080507898696;0.9999999999999999;0.9996447306152884;0.9999999999999999;0.9998112129524623;0.9999999999999999;0.9990599181596121;0.9988971662562113;0.9987820026481309;1.0;0.9999956677288014;0.9999129411160247;0.9999590992057201;0.999805487318012;1.024999976158142;
2016-09-15 16:00:00;0.9997338770460489;1.0;0.9999024444352512;0.9997531527957609;0.999985252540629;0.9997700667604027;1.0001975421962055;0.9998476942442484;0.9999572517415258;0.9998335570705301;1.0;0.9996507411650009;0.9997161141645355;0.999778902956897;0.9999999999999999;0.9999298128933677;0.9999212873962715;0.9999841587595435;0.9998927266788942;0.9998824664439434;0.9997680111357363;0.9999984076999269;0.9999234518373892;0.9999999999999999;1.0002773257592354;0.9998209312293367;1.0;0.999788721205929;1.0;0.9998124217680325;0.9999999999999999;0.9996615883450441;1.0;0.9998157915432287;1.0;0.9991075280359041;0.9989618920045286;0.9988621517609755;1.0;0.9999884998776091;0.9997956423290586;0.9998938194915041;0.9996724906268599;1.024999976158142;
2016-09-15 16:15:00;0.99989498782602;1.0;0.9999643967225713;0.9999010773316188;0.9999904316111703;0.9999084637835219;1.0001735831214462;0.9999327079265279;0.99997732048301;0.9999408934090712;0.9999999999999999;0.9997966425171649;0.999840776299292;0.9999167516835986;1.0;0.9999602315451386;0.9999562091665906;0.9999887035806672;0.9999606228183925;0.9999483764446425;0.9999007315054715;0.9999974525159454;0.9999571454301248;1.0;1.00024397629817;0.9999197161849663;0.9999999999999999;0.9999188681217983;0.9999999999999999;0.9998073147942119;1.0;0.9996881369333424;1.0;0.9998213782148349;1.0;0.9991837953591763;0.9990454740126841;0.9989519643826822;1.0;0.9999956344119804;0.9999095532994088;0.9999564615517956;0.999817597440008;1.024999976158142;
2016-09-15 16:30:00;0.9998090379671198;1.0;0.9999374025062769;0.9998189676280932;0.9999878030659912;0.9998338737989986;1.000189267316624;0.999875343165884;0.9999652645750787;0.9998908063838127;0.9999999999999999;0.9997448705178977;0.9997964440169876;0.9998451205826887;1.0;0.9999199042338134;0.9999124387629532;0.9999858238137939;0.999928343252747;0.9999106393879722;0.9998239430789978;0.9999977188201445;0.9999142624737893;1.0;1.0002666149444825;0.999856984955344;0.9999999999999999;0.9998513545390788;1.0;0.9998182400295511;1.0;0.9996627095351663;1.0;0.9998144310368161;1.0;0.9991118029776602;0.9990054812759801;0.9989565440647434;0.9999999999999999;0.9999931405908865;0.9998401201793827;0.9999257434773738;0.9997665468474295;1.024999976158142;
2016-09-15 16:45:00;0.9998325028623878;1.0;0.9999469441620372;0.9998436725335736;0.9999866679838031;0.9998574702027542;1.0001837277966248;0.9998960350192654;0.9999697573400831;0.9999066257204323;0.9999999999999999;0.9997551329063129;0.9998039827010451;0.9998701469319116;1.0;0.9999336956079338;0.9999273488408493;0.9999834249356233;0.9999372495990575;0.9999210802868197;0.9998399526154776;0.999998183604084;0.9999287899075656;1.0;1.0002588560567376;0.9998713118499769;0.9999999999999999;0.9998732372720772;1.0;0.9998087368482771;1.0;0.9996442148257068;0.9999999999999999;0.9997969333669114;0.9999999999999999;0.9990682852439652;0.9989797010328488;0.9989535345251901;1.0;0.9999935704372738;0.9998541876067885;0.9999360008047828;0.9997767401192977;1.024999976158142;
2016-09-15 17:00:00;0.9997627157313459;0.9999999999999999;0.9999216633973069;0.999780012409522;0.9999822361875116;0.9997983503426292;1.0001942168981248;0.999859113329802;0.999959193136018;0.9998629620470104;1.0;0.9996795202861064;0.9997405597556156;0.999813954755506;1.0;0.9999186494675688;0.9999102355643927;0.9999783052287702;0.9999086910229573;0.9998905989345064;0.9997779437387476;0.9999980227784525;0.999912171774522;1.0;1.0002736780790595;0.9998243058207323;1.0;0.9998188000476776;1.0;0.9998004639173316;1.0;0.9996462988495304;1.0;0.9997995437336193;1.0;0.9990729271496355;0.99897525822087;0.9989494725698852;1.0;0.9999903807927145;0.9997996922493938;0.99990867836719;0.9997040854033523;1.024999976158142;
2016-09-15 17:15:00;0.9999322118063926;1.0;0.9999796307860418;0.9999371156148671;0.999991362538177;0.9999427757760053;1.0001649356008493;0.9999575898391604;0.9999842250225454;0.9999655280699842;0.9999999999999999;0.9998479561984245;0.9998812364417496;0.9999514669222408;1.0;0.9999720752419722;0.9999693781357012;0.9999889051581005;0.9999755985135531;0.9999649544899502;0.999929851400027;0.999998082257694;0.999969914876301;0.9999999999999999;1.0002319063059424;0.9999428653981693;1.0;0.9999506908700883;1.0;0.9998135777374776;1.0;0.9996869235020286;1.0;0.99981628509028;0.9999999999999999;0.9991834743154697;0.9991096178400026;0.9990850344110888;1.0;0.9999971193258577;0.9999348388386476;0.9999727036673233;0.9998652989393161;1.024999976158142;
2016-09-15 17:30:00;0.9999158717825771;1.0;0.9999733999134162;0.9999219655894256;0.999988666648443;0.9999282975429127;1.000166906216696;0.9999478634243946;0.999979017752164;0.9999564943576016;0.9999999999999999;0.9999122500879704;0.9999273409500952;0.9999392386885019;1.0;0.9999683956321334;0.9999651337188581;0.9999857175596495;0.9999693460690838;0.9999557870724111;0.9999135450147923;0.9999970743296825;0.9999657844636566;1.0;1.0002347430859244;0.9999298776000283;1.0;0.9999381335047504;1.0;0.9998146256068089;1.0;0.999691289489289;1.0;0.9998245573895114;1.0;0.9991909533507033;0.9991510508164438;0.9991280529182387;0.9999999999999999;0.999996176798333;0.9999199134008488;0.9999645771992297;0.9999192622053982;1.024999976158142;
2016-09-15 17:45:00;0.9998757183999517;0.9999999999999999;0.9999641018987726;0.9998880239864174;0.9999822170526267;0.9998989689834169;1.0001755586611139;0.9999311177768082;0.9999730235205867;0.9999374842413703;1.0;0.999879148971537;0.9998967456203699;0.9999171161619915;1.0;0.9999576805758794;0.9999531975362764;0.9999763202633742;0.9999542853054595;0.9999366182240841;0.9998669705955852;0.999997270186268;0.9999539626257965;1.0;1.0002474844072065;0.9998942351717561;0.9999999999999999;0.9999130630677969;1.0;0.9998086462627247;1.0;0.9996592663195538;1.0;0.9997375877716481;1.0;0.9991550819336568;0.9991144887845392;0.9990950452250994;1.0;0.9999942232838871;0.9998767847853478;0.9999518298069915;0.9998872419770412;1.024999976158142;
2016-09-15 18:00:00;0.9998886885492251;1.0;0.9999685848209895;0.9998982416823372;0.9999865865762161;0.9999086506378592;1.000170654283802;0.999934231604974;0.9999778198417215;0.9999436556522527;1.0;0.9999076348844893;0.9999204299580657;0.9999227956290715;1.0;0.9999550972239618;0.999950829814148;0.9999820839865398;0.9999596181078454;0.9999446758503263;0.9998834627143945;0.9999982601134612;0.9999516359669799;1.0;1.0002405234726015;0.9999061836015775;1.0;0.9999209779779649;1.0;0.9998009254905115;1.0;0.999674197963684;1.0;0.9997971467782307;1.0;0.999158762040143;0.9991269490510376;0.9991079177118118;1.0;0.9999954221759007;0.9998919890444979;0.9999584266429475;0.9999130569981924;1.024999976158142;
2016-09-15 18:15:00;0.9998350870968766;1.0;0.999957573118145;0.9998399625770245;0.9999869866001926;0.99985751901768;1.0001778062993238;0.999874978363111;0.9999666445706529;0.9999206961307011;1.0;0.9999060974740727;0.9999214474443833;0.999874424876721;1.0;0.999891665609841;0.9998835201658619;0.9999829741579597;0.999945452584574;0.9999170636630745;0.9998326204016608;0.999997344818215;0.9998853801067611;1.0;1.0002518762185826;0.9998557950110359;1.0;0.9998779600385317;1.0;0.9997991189777226;1.0;0.9996807493550925;1.0;0.9997486922223539;1.0;0.9992122387186083;0.9991736250263134;0.9991545927980051;1.0;0.9999959262020761;0.9998417947137388;0.9999405985589762;0.9999136679222266;1.024999976158142;
2016-09-15 18:30:00;0.9998785676367755;1.0;0.9999678890505665;0.9998898937303086;0.9999843908700792;0.9999021245737261;1.0001702736297502;0.9999297954227453;0.9999764251043315;0.9999406319499192;1.0;0.9999050460040109;0.99991691661668;0.9999192990857299;0.9999999999999999;0.9999496372832618;0.9999449611919825;0.9999786302832951;0.9999564262171621;0.9999394451671424;0.9998692062283573;0.9999984295617711;0.9999457865789412;1.0;1.0002403219215306;0.999894719263523;1.0;0.9999160178322577;1.0;0.9998043045417659;1.0;0.9996845834742798;1.0;0.9997399568516114;1.0;0.9992297976821961;0.9991968468450432;0.9991762278367914;1.0;0.9999950626596663;0.9998781892799642;0.999956211334121;0.9999104445790733;1.024999976158142;
2016-09-15 18:45:00;0.9998471444823378;0.9999999999999999;0.9999617649226752;0.9998644767155594;0.9999776987779757;0.9998806626046126;1.0001798680457081;0.9999192132831978;0.9999713336481382;0.9999273176817794;1.0;0.9998925106039073;0.9999020604409119;0.9999054667488261;1.0;0.9999429593935637;0.9999374059963736;0.9999687636797002;0.9999447608800887;0.9999237199266073;0.9998292957410593;0.9999985083989567;0.9999382394403332;1.0;1.0002543651440863;0.9998644816575631;0.9999999999999999;0.9998983188853594;1.0;0.9997782567808672;1.0;0.999675268534397;1.0;0.9997481751081487;1.0;0.9991964472348683;0.9991663280682089;0.999145296915064;1.0;0.999993340223906;0.9998408532234493;0.9999466414910418;0.9998969146717475;1.024999976158142;
2016-09-15 19:00:00;0.9999044108095787;1.0;0.9999748746728445;0.9999138600571317;0.9999873996956952;0.9999235556892497;1.000168829481604;0.9999461556669247;0.9999817716377489;0.9999533024243005;0.9999999999999999;0.999929930932244;0.9999376358217104;0.9999373453302783;1.0;0.9999618752487647;0.9999582710080769;0.9999826547813673;0.9999655188560574;0.9999525138741534;0.9998964500215504;0.9999988867212452;0.9999588858342842;1.0;1.0002379337132943;0.9999170890312287;1.0;0.9999344017415144;1.0;0.9998129332219462;0.9999999999999999;0.99966124044906;0.9999999999999999;0.9997516874408302;1.0;0.999150937068042;0.9991251368184857;0.9991053122499297;1.0;0.9999960164283063;0.9999036486172606;0.9999657940201936;0.9999332638879955;1.024999976158142;
2016-09-15 19:15:00;0.9999058602670157;1.0;0.9999748885669776;0.999914725717672;0.9999877449547243;0.9999241021759768;1.0001736474690537;0.9999458544574286;0.9999815538640473;0.9999538496297905;1.0;0.9999315756104364;0.999939346072162;0.9999374463041149;1.0;0.9999616842196386;0.9999580840633799;0.9999832651560185;0.9999661323160737;0.9999529828721317;0.9998986456132434;0.9999987115730001;0.9999587164037297;1.0;1.0002446467429555;0.9999185417513925;1.0;0.9999348559616129;0.9999999999999999;0.999792895173682;1.0;0.9996618944500785;1.0;0.9997412823308013;1.0;0.9991606119895614;0.9991347198894835;0.9991148951307809;1.0;0.999996109186338;0.9999056637749455;0.9999658314501453;0.999934937615349;1.024999976158142;
2016-09-15 19:30:00;0.9998398576365808;1.0;0.9999596761417655;0.9998420733591163;0.9999916597375496;0.9998599739896306;1.000176985171368;0.9998717603586202;0.9999708154967631;0.9999220433150651;1.0;0.9999407740618128;0.9999493580426186;0.9998726518728616;1.0;0.9998836381322462;0.9998753242187404;0.9999891732757605;0.9999478450850797;0.9999218901822109;0.9998423231771583;0.9999985466722529;0.9998773354160045;1.0;1.0002507189409866;0.999861961238317;0.9999999999999999;0.9998792439465112;1.0;0.9998079643392423;1.0;0.9996698249114269;1.0;0.9997353384148636;1.0;0.9991883985134531;0.9991628340482374;0.999143802025475;0.9999999999999999;0.9999970146066918;0.999850863720652;0.9999446762733298;0.999944224802238;1.024999976158142;
2016-09-15 19:45:00;0.9999136820192155;1.0;0.9999752903854012;0.9999194220536924;0.9999911002243763;0.9999274474602583;1.0001652338461875;0.9999445642004553;0.999982680367262;0.999955885349095;1.0;0.9999393821723498;0.9999477244711927;0.9999369577244555;0.9999999999999999;0.9999599494909612;0.9999564008744489;0.9999883717096529;0.9999691838678989;0.999957223541111;0.9999121138274296;0.9999985748838577;0.9999571424507551;1.0;1.0002326174651364;0.9999279672614556;1.0;0.9999370542508096;1.0;0.9997899079882963;1.0;0.9996669260240731;1.0;0.9997175621189541;0.9999999999999999;0.999192560041855;0.9991676917019968;0.9991486595867062;1.0;0.9999968126561044;0.9999184106425107;0.9999675246779052;0.9999426131669337;1.024999976158142;
2016-09-15 20:00:00;0.9999102617240861;1.0;0.9999754047127847;0.9999173156559548;0.9999901511449706;0.9999261371335291;1.0001636429024254;0.9999449614539744;0.9999829642993756;0.9999548940623655;1.0;0.9999362323491954;0.9999443026111666;0.9999369076650164;1.0;0.9999598221347338;0.9999562347882929;0.9999867454418664;0.9999678763549047;0.9999558957684336;0.9999065882351617;0.9999989162684128;0.9999569390682774;0.9999999999999999;1.0002305054308887;0.9999241085228332;1.0;0.9999360924957769;1.0;0.9997855503551886;1.0;0.9996895720229199;1.0;0.9997449909901613;1.0;0.9992418444344426;0.9992234617340203;0.999212742556943;1.0;0.9999966106952317;0.9999132207153267;0.9999673902774312;0.9999394342898146;1.024999976158142;
2016-09-15 20:15:00;0.9998638233910192;1.0;0.9999641824188319;0.9998765134451546;0.9999830444712564;0.9998903826774649;1.0001689938601706;0.9999213373738999;0.9999743927806365;0.9999331410227451;1.0;0.9999125756950761;0.9999209552160947;0.9999091791527068;1.0;0.9999430997289267;0.999937860359694;0.9999766923628735;0.9999510554386466;0.9999326876568285;0.9998538410958786;0.999998536278725;0.999938792349744;1.0;1.0002387344523391;0.9998824139723359;1.0;0.9999057459339966;1.0;0.9997883953394945;1.0;0.9996792529481161;1.0;0.9997286975623793;1.0;0.9992219431874347;0.9992046897473718;0.9991955574487085;0.9999999999999999;0.9999945534068895;0.999863982420027;0.9999514753959642;0.999915806603043;1.024999976158142;
2016-09-15 20:30:00;0.9998568700311857;1.0;0.9999600493582;0.9998688401673018;0.9999835029151549;0.999882476378044;1.0001627440682443;0.9999146251356367;0.9999722869967416;0.9999274804572934;1.0;0.9999073941970915;0.9999173334656163;0.9999001911351314;1.0;0.9999403665962253;0.9999348212574155;0.9999778785769684;0.9999481713091879;0.9999293856968742;0.9998506840848717;0.9999980653398359;0.9999358847045691;1.0;1.0002298598029902;0.9998795131886065;0.9999999999999999;0.9998982087429904;1.0;0.9998156092614036;0.9999999999999999;0.9997333216797394;0.9999999999999999;0.9997657049905742;1.0;0.9993586519371163;0.9993415484040356;0.999333208302982;1.0;0.9999943088890749;0.9998615697966975;0.999947260744205;0.9999107696309834;1.024999976158142;
2016-09-15 20:45:00;0.999893608074506;1.0;0.9999687006610496;0.9999000093379704;0.9999891507300748;0.9999094841685126;1.000157241133396;0.999930036801873;0.9999776171755901;0.9999452025568384;0.9999999999999999;0.9999310281752033;0.9999403217687645;0.9999208546730747;1.0;0.9999500563626703;0.9999456213917521;0.9999861081084012;0.9999620626810344;0.9999467460750414;0.9998927833717836;0.9999978399479368;0.9999465739565488;1.0;1.0002216078252584;0.9999117013075918;1.0;0.9999214268324014;1.0;0.9998254134659795;1.0;0.99972350109026;1.0;0.9997671943894658;1.0;0.999327784255983;0.9993100709339344;0.9993009376721324;1.0;0.9999960709112184;0.9999004726424341;0.9999589141068081;0.9999344036888772;1.024999976158142;
2016-09-15 21:00:00;0.9998937975458013;1.0;0.9999686158802694;0.9999008369543521;0.9999886753287531;0.9999101934379115;1.0001591286217975;0.9999321005910877;0.9999777265115594;0.9999451136413819;1.0;0.9999311351339677;0.9999399033675201;0.9999219391869139;1.0;0.9999528936426986;0.9999485886491307;0.9999854197404657;0.999961784186918;0.999946892775024;0.9998924303953997;0.9999978664210664;0.9999494921110776;1.0;1.0002242169304851;0.9999120429901297;1.0;0.9999219929608433;1.0;0.9998334762924821;1.0;0.9997127936344188;1.0;0.9997384480576461;0.9999999999999999;0.9993154101768335;0.9992984963480243;0.9992889823177484;1.0;0.9999959083134388;0.9999003152569851;0.9999589348098706;0.999934165713647;1.024999976158142;
2016-09-15 21:15:00;0.9998742351172638;1.0;0.9999632679069062;0.9998842524297332;0.9999846883838592;0.9998953494149408;1.0001609394015185;0.9999240013273811;0.9999732321381141;0.9999357709598669;1.0;0.9999188641601684;0.999927868597999;0.999911186182229;1.0;0.9999494640941715;0.9999445941153445;0.9999799450464971;0.999954333373197;0.9999365648971966;0.9998695335464296;0.9999973781886543;0.9999455417919663;0.9999999999999999;1.0002270007484064;0.9998945405655114;1.0;0.9999094643269447;1.0;0.9998272431168346;1.0;0.9997245192104948;1.0;0.9997533545584175;1.0;0.9993405152952526;0.9993240352095343;0.9993153143691084;1.0;0.9999947568646003;0.9998790883127094;0.9999513676329019;0.9999219505441325;1.024999976158142;
2016-09-15 21:30:00;0.9998708231850653;1.0;0.9999627459167084;0.9998797977990662;0.9999850702056582;0.9998914357155899;1.0001598571610266;0.999917983154412;0.999972153456083;0.9999346914300423;0.9999999999999999;0.9999225216309232;0.9999313153366955;0.9999072431249213;1.0;0.999942319871192;0.999937058004207;0.9999805506020341;0.9999538720455152;0.999934511860093;0.9998666256343962;0.9999971913446225;0.999938124388849;1.0;1.0002256154220628;0.999890832320332;1.0;0.9999063081249583;1.0;0.9998281674428023;1.0;0.9997273479022091;1.0;0.9997769642700456;0.9999999999999999;0.9993326125956166;0.9993152840383629;0.9993057698482565;1.0;0.9999949634421654;0.9998759348542943;0.9999501339882639;0.9999256832188441;1.024999976158142;
2016-09-15 21:45:00;0.9999014941750202;1.0;0.9999696558655695;0.9999059368123813;0.9999893531854694;0.9999138954114003;1.0001580692204086;0.9999313012928015;0.9999760288878725;0.9999494311049322;1.0;0.9999415132247106;0.9999498555413328;0.999924736129499;1.0;0.9999516744154038;0.999947376894891;0.9999869157233775;0.9999653528603415;0.9999486423705475;0.9999015496575582;0.9999967893797511;0.9999483357527779;1.0;1.0002226346084997;0.9999176612506279;1.0;0.9999256751128992;1.0;0.9998312269210045;1.0;0.9997256005743016;1.0;0.9997452146701107;1.0;0.999349378935424;0.9993321232949436;0.9993229898315926;1.0;0.9999963250294588;0.9999082246892591;0.9999593572327526;0.9999447442261801;1.024999976158142;
2016-09-15 22:00:00;0.9998900887659795;1.0;0.999965440123585;0.9998951975077696;0.9999874160019641;0.9999036575456377;1.0001579861422611;0.9999239653816892;0.9999721519353892;0.9999433752338014;1.0;0.9999366797247462;0.9999453496533861;0.9999162112721304;0.9999999999999999;0.9999482686878286;0.999943535339993;0.9999846230467596;0.9999611299258743;0.9999420287487243;0.9998899706051803;0.9999960101060857;0.9999445838443869;1.0;1.0002225916834528;0.9999082087800396;1.0;0.9999169070014308;1.0;0.9998436017837067;1.0;0.9997269583275734;0.9999999999999999;0.9997487354536095;1.0;0.9993507866907139;0.9993334464879734;0.9993243130125289;1.0;0.9999957042216074;0.9998974950457822;0.9999536289573558;0.9999399375092608;1.024999976158142;
2016-09-15 22:15:00;0.9999116427878079;1.0;0.9999706967255922;0.9999150412043634;0.9999894092602318;0.9999210539453072;1.0001534712059286;0.9999372273045144;0.9999754707587686;0.999953969579919;1.0;0.9999468034583288;0.9999548599619508;0.999931094597311;1.0;0.9999591293936911;0.9999552840197741;0.9999874682628215;0.9999687418028951;0.999952201363793;0.9999126272095571;0.9999959655821389;0.999956158829219;1.0;1.0002159293169888;0.9999267149621087;1.0;0.9999319667845903;1.0;0.9998524024790334;1.0;0.9997441604630053;1.0;0.9997557898865719;1.0;0.9993977050580113;0.9993806683722195;0.9993715344651877;1.0;0.9999963864625303;0.9999186216747254;0.9999606474462879;0.9999499651230248;1.024999976158142;
2016-09-15 22:30:00;0.9998849377912918;0.9999999999999999;0.9999568008123834;0.999886774542723;0.9999824068385887;0.9998915684828206;1.0001536795501482;0.9999118775820616;0.9999573805296211;0.9999401340663638;1.0;0.999949317243272;0.9999569243670248;0.99990705259685;1.0;0.9999491551392441;0.9999439261551787;0.9999803479539835;0.999959780642101;0.9999309989494254;0.9998868661788012;0.9999907846293596;0.9999451564334031;1.0;1.0002162362316642;0.9999031109502186;1.0;0.999907789348581;1.0;0.9998569384313929;1.0;0.9997726075012564;1.0;0.999797939930231;1.0;0.9994541454236333;0.999437381527718;0.9994286596981481;0.9999999999999999;0.9999945682144246;0.999893912727568;0.9999398564349796;0.9999524924267896;1.024999976158142;
2016-09-15 22:45:00;0.9998921207271926;1.0;0.9999608358805123;0.9998942973997195;0.9999845647683157;0.9998996044560162;1.000148251025348;0.9999182966520446;0.9999626593096279;0.9999439883387641;1.0;0.9999489846425218;0.9999566820655631;0.9999134053735109;1.0;0.9999507102518452;0.9999458168640744;0.9999825624535276;0.9999623137866668;0.9999369520552357;0.9998938492826902;0.9999923387320896;0.9999469628874429;1.0;1.000208652912335;0.9999093768671266;1.0;0.9999143697150006;1.0;0.9998607366353781;1.0;0.9997810017590991;1.0;0.9998103108454331;1.0;0.9994707818980075;0.9994531335618873;0.9994432054557084;1.0;0.9999951374898467;0.9999005636677596;0.999945860905784;0.9999521463141143;1.024999976158142;
2016-09-15 23:00:00;0.9999009418358158;1.0;0.9999658915441721;0.99990521215369;0.9999861197621956;0.999911123076013;1.000146364520995;0.9999310516201186;0.9999697455260795;0.9999485317676474;1.0;0.9999421778874952;0.9999503515156676;0.9999238951550213;0.9999999999999999;0.9999587290024035;0.9999545356997055;0.9999835811922843;0.9999646753585503;0.9999445916158857;0.9999007422577335;0.9999944743348679;0.9999554600782854;1.0;1.0002059925203335;0.9999172091554267;1.0;0.999923804600758;1.0;0.9998562818467764;1.0;0.9998029743152204;1.0;0.9998325481320484;1.0;0.999521731156491;0.9995037775523089;0.9994938489430562;1.0;0.9999954850658654;0.9999075210795813;0.9999536017481019;0.9999454356899228;1.024999976158142;
2016-09-15 23:15:00;0.999898576569269;1.0;0.9999669421126232;0.9999056884176822;0.9999850783506534;0.9999126655635108;1.0001444253175151;0.9999365777301905;0.9999722262003532;0.9999477842826984;1.0;0.9999321404709127;0.9999406772443221;0.9999268207792825;1.0;0.9999633697853997;0.9999594288112129;0.9999814305842892;0.9999630915984369;0.9999450527801887;0.9998952087885995;0.9999955679535861;0.9999602090873425;1.0;1.0002033655021294;0.9999147858347477;1.0;0.999925019888038;1.0;0.9998583719313973;1.0;0.9998070955550769;1.0;0.9998598547089759;1.0;0.9995152604988058;0.9994981542854466;0.9994898128774236;1.0;0.9999951517528382;0.9999027434788107;0.9999553280232993;0.9999355159883417;1.024999976158142;
2016-09-15 23:30:00;0.9999099418082344;1.0;0.999970245342088;0.9999166618793235;0.9999856446170937;0.9999225537803228;1.000140255232205;0.9999447227488676;0.9999741513021563;0.9999539039692442;1.0;0.9999382518952861;0.9999458937778988;0.9999360056230144;1.0;0.9999697565861497;0.9999663232735183;0.9999821210286476;0.9999671219106736;0.9999503692634673;0.9999059107903359;0.999995636412137;0.9999669788002313;1.0;1.0001973902308376;0.9999237891046402;1.0;0.999933758359442;1.0;0.9998594588305186;0.9999999999999999;0.9998355542171102;1.0;0.9998802510529096;1.0;0.9995870212176722;0.9995709092013083;0.9995629798381162;1.0;0.9999954548315156;0.9999126330324112;0.999959424042456;0.9999414135329434;1.024999976158142;
2016-09-15 23:45:00;0.9999073974279267;0.9999999999999999;0.9999678846814125;0.9999123631682436;0.9999854919870402;0.9999176401388359;1.0001408902999467;0.9999380812832711;0.9999707087795362;0.9999522960042907;1.0;0.9999433226733034;0.9999508911149857;0.9999308959984046;1.0;0.9999653379946201;0.9999615635687485;0.9999825874203156;0.9999667157601915;0.999947406459412;0.9999053682365321;0.9999944803211718;0.9999623521730416;1.0;1.0001982437992598;0.9999218489076865;1.0;0.9999296907703371;1.0;0.999864092972353;0.9999999999999999;0.9998212705769906;1.0;0.9998735534528931;1.0;0.9995485019318284;0.9995314626754092;0.9995223273901827;0.9999999999999999;0.9999954333475688;0.9999118502394114;0.9999559010817645;0.9999464843269937;1.024999976158142;
2016-09-16 00:00:00;0.9999223199365128;0.9999999999999999;0.9999743838027327;0.9999245889349759;0.999991117391279;0.9999299659966675;1.0001387013657745;0.9999426549176342;0.9999781961047022;0.9999598213747808;1.0;0.9999525699006756;0.9999603945846165;0.9999384773978298;1.0;0.9999610815367607;0.9999575637264398;0.9999896238294023;0.9999729262528938;0.9999577961414694;0.9999236451074672;0.9999963680384318;0.9999583837963717;1.0;1.000195164684898;0.9999352315067574;1.0;0.9999397487802724;0.9999999999999999;0.999867393904852;0.9999999999999999;0.9998206214134564;1.0;0.9998770375168543;1.0;0.9995441165477953;0.9995266813523166;0.9995175461107892;1.0;0.9999969955181681;0.9999286638325673;0.9999653608472935;0.9999558567812512;1.024999976158142;
2016-09-16 00:15:00;0.9999174273500421;1.0;0.9999708124061287;0.9999203880159839;0.9999888476597073;0.999925000766198;1.0001368198586136;0.9999411637752877;0.9999743373664443;0.9999564798204219;1.0;0.9999474268741783;0.9999557991173346;0.9999349907574143;1.0;0.9999650820473853;0.9999615432403153;0.9999870997188448;0.9999705334723832;0.9999537214149948;0.9999186738398003;0.9999951910025128;0.9999623509945902;1.0;1.0001924070974921;0.9999318472425528;1.0;0.9999355174279726;1.0;0.9998814868026803;1.0;0.9998508634397278;1.0;0.9999009187289822;0.9999999999999999;0.9996187162562112;0.9996009132168227;0.9995917772968482;1.0;0.9999962651990679;0.9999243346361695;0.9999606455113966;0.9999508292421574;1.024999976158142;
2016-09-16 00:30:00;0.9999215640914392;1.0;0.9999744059869028;0.9999262540932109;0.9999891199966469;0.9999316938999088;1.0001336092589026;0.99994864870169;0.999978430963049;0.999959614319165;1.0;0.9999458310866975;0.9999534858956297;0.9999420081854026;1.0;0.9999687070668329;0.9999655245984973;0.9999866212407927;0.9999717883117994;0.9999575101626532;0.9999199331071728;0.9999965345088944;0.999966186034542;1.0;1.0001880041996118;0.9999341929241922;0.9999999999999999;0.999941330890428;1.0;0.9999046680059166;1.0;0.9998136525728554;1.0;0.9998863362026362;1.0;0.9995162634294419;0.999499140170584;0.9994900051807712;1.0;0.9999964352186941;0.9999255579999896;0.9999654062609247;0.9999490195472293;1.024999976158142;
2016-09-16 00:45:00;0.9999152258276605;1.0;0.9999741371549321;0.9999205943262807;0.9999892302100355;0.9999274454169338;1.0001305218348964;0.9999448744507475;0.9999791629842287;0.9999570119244306;1.0;0.99994390971984;0.9999513881038171;0.9999382581414672;0.9999999999999999;0.9999632592081474;0.9999597737671821;0.9999863806760284;0.9999697807772286;0.9999554689145496;0.9999127806560623;0.9999971978322862;0.9999604902554707;1.0;1.0001838727928107;0.9999282818674425;0.9999999999999999;0.9999376279983591;1.0;0.9999114776160728;1.0;0.9998569734355087;1.0;0.999906463898288;1.0;0.9996330158699607;0.9996159204574029;0.9996064034050244;1.0;0.999996463193127;0.9999187842608115;0.9999650300212072;0.9999469961811107;1.024999976158142;
2016-09-16 01:00:00;0.9999198332853505;0.9999999999999999;0.9999754030550229;0.999926037667819;0.9999899667570542;0.9999325537510554;1.0001297801901707;0.999951352539363;0.9999818946672074;0.999958366534361;1.0;0.9999381788258598;0.9999466074622716;0.9999424128570842;1.0;0.9999695502231735;0.9999664833691495;0.9999871371296096;0.9999706627608234;0.9999591067145425;0.9999177805635768;0.9999979054102188;0.9999670912114009;1.0;1.0001826989926639;0.9999336654580033;1.0;0.9999415281330363;1.0;0.9999296820040616;0.9999999999999999;0.9998284810647758;1.0;0.9998915497907124;1.0;0.9995571771315309;0.9995401507571147;0.9995314280307045;1.0;0.9999964855256224;0.999924008786033;0.9999677389836774;0.9999414366152584;1.024999976158142;
2016-09-16 01:15:00;0.999936932060977;1.0;0.9999802506476995;0.9999419246636484;0.9999923885494508;0.9999469298549817;1.0001255056473441;0.999962279659727;0.9999861592610829;0.9999665967090476;1.0;0.999944131295135;0.9999525075071927;0.999954193276485;0.9999999999999999;0.9999772325696769;0.9999748776016977;0.9999902942794631;0.9999766446640714;0.9999682572051288;0.999936117995118;0.9999984724532943;0.9999753498565351;1.0;1.0001764730321376;0.9999487767030827;1.0;0.999953719736572;1.0;0.9999351261778454;1.0;0.9998543848352759;1.0;0.999902601331188;0.9999999999999999;0.9996276759102826;0.9996111671908279;0.9996032375082784;1.0;0.9999971917960979;0.999941218099011;0.9999746218098308;0.9999474181479727;1.024999976158142;
2016-09-16 01:30:00;0.9999563269765065;0.9999999999999999;0.999987883019486;0.999959896784789;0.999993921863039;0.9999639524512313;1.0001232276348766;0.9999733152104585;0.999990043307116;0.9999788450370856;1.0;0.9999586156103045;0.9999651337830859;0.999970404244678;1.0;0.9999812686447026;0.999979514814529;0.9999919302986819;0.9999845455797777;0.9999772641398397;0.9999530271746958;0.9999988853158381;0.9999798362377464;1.0;1.000173277050758;0.9999617354431897;0.9999999999999999;0.9999692965863358;1.0;0.9999278253494549;1.0;0.9998509530594175;1.0;0.9999088559005451;0.9999999999999999;0.9996130708931602;0.9995952792875796;0.9995857624317198;1.0;0.9999981639202146;0.9999560754551557;0.999983093808518;0.9999619218624185;1.024999976158142;
2016-09-16 01:45:00;0.9999625103588978;1.0;0.9999893841197691;0.9999651554108109;0.9999946787647281;0.9999684963418288;1.0001185296336683;0.9999759030557945;0.9999907028491952;0.9999819949947928;1.0;0.9999649347503717;0.9999707358779479;0.9999741085693358;1.0;0.999982907506895;0.9999813352858878;0.9999930594521617;0.9999869230687973;0.999979984021226;0.9999598150953691;0.9999987665821443;0.9999816350661112;1.0;1.0001666119048491;0.9999668690748427;1.0;0.9999732921748562;1.0;0.9999621690310052;1.0;0.9998501465785301;1.0;0.9999100038972625;1.0;0.9996096520530666;0.9995929853784149;0.9995838495308974;0.9999999999999999;0.9999984437088979;0.9999622793330569;0.9999849436440423;0.9999679787208415;1.024999976158142;
2016-09-16 02:00:00;0.9999674563233157;1.0;0.9999900442865347;0.9999695257255479;0.999995240084752;0.9999720615488173;1.0001168731320662;0.9999786733933085;0.9999911467899872;0.9999839624896397;1.0;0.9999663598653746;0.9999723661813746;0.9999768044996176;1.0;0.9999859519818375;0.9999845939871124;0.9999939838809283;0.999988540152039;0.9999822485313321;0.9999657509997318;0.9999986257502235;0.9999848629082071;1.0;1.0001641635006335;0.9999717201221331;0.9999999999999999;0.999976248460425;1.0;0.999966121967564;1.0;0.9998704734676488;1.0;0.9999165772587381;1.0;0.9996664384632661;0.9996511740568244;0.9996440377534415;1.0;0.9999985637339793;0.9999679323339172;0.9999860754079996;0.9999694463959405;1.024999976158142;
2016-09-16 02:15:00;0.9999567687216945;1.0;0.9999875905500379;0.9999601704132032;0.9999941266065538;0.9999640149869758;1.0001189909404318;0.9999733904459447;0.9999900029496194;0.9999786701981123;1.0;0.9999589077657512;0.9999654733896479;0.9999701032166532;1.0;0.9999818537753933;0.9999801272158335;0.9999922990168375;0.9999846006003358;0.9999775176118704;0.9999541399344198;0.9999988304859655;0.9999804529669722;1.0;1.0001672935290846;0.9999626645921218;1.0;0.999969221067679;1.0;0.9999650184346032;1.0;0.9998678766286676;1.0;0.9999085648330425;1.0;0.9996641026201757;0.9996465921012415;0.9996370747568473;1.0;0.9999981609139329;0.999957226672512;0.9999829562558568;0.9999621253124568;1.024999976158142;
2016-09-16 02:30:00;0.9999545187567872;1.0;0.9999871194395654;0.9999580646141387;0.9999942864474451;0.9999622529290917;1.0001187657361206;0.9999719675498673;0.9999901703823664;0.9999773675985201;0.9999999999999999;0.9999565603156367;0.9999635445890044;0.9999682589516237;1.0;0.9999804040430463;0.9999785845555679;0.999992457293428;0.9999837695090434;0.9999768361798261;0.9999521772450336;0.9999990144761575;0.9999789346265792;1.0;1.000167009613112;0.9999610825659735;0.9999999999999999;0.9999675646259891;1.0;0.9999689127251694;1.0;0.9998651980146874;1.0;0.9999113215388501;1.0;0.9996541210348768;0.9996365372102137;0.9996274009646514;1.0;0.9999981457815973;0.9999554687912534;0.9999825580704065;0.9999598933601489;1.024999976158142;
2016-09-16 02:45:00;0.99996155851306;1.0;0.9999888071339889;0.9999644897823043;0.9999945877360947;0.9999678023245822;1.0001179495073818;0.9999760836671605;0.999990676034638;0.9999810936785838;1.0;0.9999617293158171;0.999968085268224;0.9999733588089726;1.0;0.9999839006683797;0.9999823538435919;0.9999929608151067;0.9999863431365538;0.9999797178116082;0.9999591587255899;0.9999987977966889;0.9999826464137728;1.0;1.0001657676354885;0.9999666622746061;1.0;0.9999725312400455;1.0;0.9999673227851746;0.9999999999999999;0.9998711925196677;0.9999999999999999;0.999913202793122;1.0;0.9996709166017176;0.999653790693412;0.9996446542901603;1.0;0.9999983346522462;0.9999618604218765;0.9999845056480332;0.9999649178270424;1.024999976158142;
2016-09-16 03:00:00;0.9999728346402851;1.0;0.9999915189283725;0.9999743585201392;0.9999960158197321;0.9999763852018791;1.0001146590934464;0.9999816547175889;0.9999922661765609;0.999986608222357;1.0;0.9999683318880151;0.9999744328388875;0.9999803163284336;1.0;0.9999879147900176;0.9999867548267832;0.9999950354767829;0.9999905007778961;0.9999849774453037;0.9999715937554543;0.9999987237071256;0.9999869910287243;1.0;1.000160989189544;0.9999763793198655;1.0;0.9999799532905752;1.0;0.9999733273078978;1.0;0.9998699141390819;1.0;0.9999154397545312;1.0;0.9996655043649215;0.9996486959933658;0.9996399723197097;1.0;0.9999988065473268;0.9999733654258692;0.9999880882384456;0.9999715204202938;1.024999976158142;
2016-09-16 03:15:00;0.9999652469438837;1.0;0.9999893620072497;0.9999667487950838;0.999995532344878;0.9999694970563336;1.0001149566423428;0.9999752746951025;0.9999904990413798;0.999982861087306;1.0;0.9999663324316478;0.9999727224299546;0.999974039539264;1.0;0.9999824717034997;0.9999809087092493;0.9999944830944149;0.9999880475580548;0.999981054498345;0.9999642791574557;0.999998508517365;0.9999812460333931;1.0;1.0001615199587965;0.9999698865320978;1.0;0.9999740364366212;0.9999999999999999;0.9999729676693451;1.0;0.99987636927707;1.0;0.9999195669736248;1.0;0.9996821466647607;0.9996656370457291;0.9996577069310827;1.0;0.9999986401324392;0.9999664381014466;0.9999851106712105;0.9999696193574613;1.024999976158142;
2016-09-16 03:30:00;0.9999762669747067;1.0;0.9999915498433375;0.9999764949922155;0.9999973468048328;0.9999778451637282;1.000117692634526;0.9999813556433143;0.9999926106193624;0.9999874201898259;1.0;0.9999701011029448;0.9999768145078229;0.9999801749382063;0.9999999999999999;0.9999877695728989;0.9999866538844582;0.9999971125634132;0.9999917636019346;0.9999867552987117;0.999977477903442;0.9999986033942813;0.9999869307590561;0.9999999999999999;1.0001651221276011;0.9999805914416325;1.0;0.9999809056066421;1.0;0.9999675967053006;1.0;0.9998511016472552;1.0;0.9999066781740417;1.0;0.9996148129603528;0.9995982198927368;0.9995902903128951;1.0;0.9999990676958397;0.9999789688400147;0.999988659250983;0.9999734148407148;1.024999976158142;
2016-09-16 03:45:00;0.9999757097768617;1.0;0.9999915720523688;0.9999764455628168;0.9999971219484711;0.9999779357993288;1.0001181458686066;0.9999822887219237;0.9999929370308777;0.9999871210288568;1.0;0.9999691091116016;0.9999756675661499;0.999980506029395;1.0;0.9999888021000594;0.9999877337849352;0.9999967053858563;0.999991389898018;0.9999867369780576;0.9999764606873986;0.9999987576729437;0.9999879854219592;0.9999999999999999;1.0001657632538843;0.9999801628581948;1.0;0.9999809406148212;1.0;0.9999669336838743;1.0;0.9998576338152528;1.0;0.9999052211404261;1.0;0.9996355236227658;0.9996193262622766;0.9996113965150029;1.0;0.9999989838081136;0.9999781175543226;0.9999887922605109;0.9999722976463584;1.024999976158142;
2016-09-16 04:00:00;0.9999754415017349;1.0;0.9999911675663707;0.9999763521973545;0.9999966048828097;0.9999776615066184;1.0001178345712314;0.9999825907987862;0.999992259982768;0.9999869735352604;0.9999999999999999;0.9999681653124091;0.9999748114171162;0.9999806048718202;1.0;0.9999899632035437;0.999988921339562;0.9999960872032087;0.9999911956945717;0.9999862036688385;0.9999758895888768;0.9999985262647946;0.9999891589332481;0.9999999999999999;1.0001653065006006;0.9999798543256229;1.0;0.9999807785256011;1.0;0.9999650303754715;1.0;0.999853584739222;1.0;0.9999083586611702;0.9999999999999999;0.9996211573294079;0.9996041298651582;0.9995954065804189;1.0000000000000002;0.9999988506664101;0.9999776041538977;0.999988152292537;0.9999714231995034;1.024999976158142;
2016-09-16 04:15:00;0.9999758249623394;1.0;0.9999926915770782;0.9999767050104669;0.9999969688917496;0.9999786573415365;1.0001183041473176;0.999982304477936;0.9999933414307921;0.9999881982830963;1.0;0.9999703628357322;0.9999765532754861;0.9999817999526056;1.0;0.9999870413412358;0.9999859197415325;0.9999962704221269;0.9999917934684731;0.9999867647343774;0.999975176003433;0.9999989447193027;0.9999861656209319;1.0;1.000166092820567;0.9999788888372275;0.9999999999999999;0.9999818776116768;1.0;0.9999646009114623;1.0;0.9998413870433236;1.0;0.9999076049696071;1.0;0.9995848886814505;0.9995677701929908;0.999559047225553;1.0;0.9999990984511652;0.9999766025408047;0.9999896654192576;0.9999736497747939;1.024999976158142;
2016-09-16 04:30:00;0.9999865882397586;1.0;0.9999947686046777;0.9999868519252089;0.999998054837314;0.9999873556734611;1.0001166853603214;0.9999899495888862;0.9999952031562761;0.9999927369961742;1.0;0.9999725385060584;0.999978946560917;0.999988923529774;1.0;0.9999945863377142;0.9999940010120006;0.9999978711544258;0.9999951969953254;0.9999921532615422;0.9999871807617756;0.99999897289458;0.9999941420028217;1.0;1.000163582574794;0.9999891483971126;1.0;0.9999891304922779;1.0;0.9999638041922079;1.0;0.9998575172783604;1.0;0.9999139053686275;1.0;0.9996292252150653;0.9996108849671875;0.9996005743012133;1.0;0.9999993390209636;0.999988093462982;0.9999929753169928;0.9999758254522716;1.024999976158142;
2016-09-16 04:45:00;0.9999665221564934;1.0;0.9999894057237356;0.999966536335378;0.9999974892117859;0.9999691933611542;1.0001188691346306;0.9999725208316826;0.9999914257662251;0.9999826951559176;1.0;0.9999680384618388;0.9999751566077463;0.999971793171497;1.0;0.9999786840628395;0.9999769926022721;0.9999972764475105;0.999988779953292;0.9999823976323994;0.9999684201121679;0.9999987310161612;0.9999774223478487;0.9999999999999999;1.0001669637706008;0.9999723019559348;1.0;0.9999733663523973;1.0;0.9999688250746889;1.0;0.9998379333001827;1.0;0.9998992254516628;1.0;0.9995802001651685;0.9995629166414687;0.9995545746929653;1.0;0.9999990528739982;0.9999703454542113;0.9999858102902898;0.9999714699446859;1.024999976158142;
2016-09-16 05:00:00;0.9999775392429973;1.0;0.999992151919744;0.9999780304612754;0.9999972457471257;0.9999793575810312;1.0001192686151366;0.9999830385981018;0.999993072995381;0.9999882427892719;1.0;0.9999666817380359;0.9999741313085705;0.999981828138183;1.0;0.9999890741309562;0.999988050334063;0.99999688130697;0.9999921568563814;0.9999874553809849;0.9999781846846721;0.9999987102098554;0.9999882939225028;1.0;1.000167328697456;0.9999814135457913;1.0;0.9999822620563699;0.9999999999999999;0.9999712343498189;0.9999999999999999;0.9998096753217662;1.0;0.9998901813494364;1.0;0.9995011619450663;0.9994818839348174;0.9994723681585617;1.0;0.9999990705523568;0.9999796290189704;0.9999893841896251;0.9999704581470936;1.024999976158142;
2016-09-16 05:15:00;0.9999763541794169;1.0;0.9999913547385437;0.999976781937743;0.9999966695752103;0.9999779389437572;1.0001189766644618;0.9999819235857886;0.9999918313062137;0.9999876730367467;1.0;0.9999673810081396;0.999974645533436;0.9999808372647154;1.0;0.9999890341538318;0.9999879535610106;0.9999962637491636;0.9999917532814036;0.9999862272729793;0.9999768924820824;0.9999983229919756;0.9999882091791641;1.0;1.0001669119356356;0.9999802464042202;1.0;0.9999811608689236;1.0;0.9999729992974351;1.0;0.9998123291554909;1.0;0.9998982405672441;1.0;0.999503634773669;0.9994851432719312;0.999476421025557;1.0;0.999998933637794;0.999978369901284;0.9999881141855647;0.9999711015915934;1.024999976158142;
2016-09-16 05:30:00;0.9999741682316957;1.0;0.9999914723148559;0.9999748501625759;0.9999968395950358;0.9999766093870858;1.000120121577104;0.9999806338849033;0.9999923802413013;0.9999868473632594;1.0;0.9999661624703837;0.9999735014721736;0.9999796277046534;1.0;0.9999867699128884;0.9999855777247731;0.9999963020020202;0.9999910958555658;0.9999856924000146;0.9999743720613435;0.9999986643179792;0.9999858534414248;1.0;1.0001685996255765;0.9999781470426126;1.0;0.9999799915914183;0.9999999999999999;0.9999702796531925;1.0;0.9998056972107666;1.0;0.9998941653143296;1.0;0.9994864385666851;0.9994680937233597;0.9994597525662098;1.0;0.9999989838888417;0.9999759672139725;0.9999882714110448;0.9999699292005844;1.024999976158142;
2016-09-16 05:45:00;0.9999716287440354;0.9999999999999999;0.9999919702498166;0.9999728087170354;0.9999968839245983;0.9999754202640443;1.0001222233946518;0.9999795378427623;0.9999931985000091;0.9999862110275076;1.0;0.9999056796530825;0.9999282790625437;0.9999788526743968;1.0;0.9999840721559422;0.9999827561397001;0.9999960460794884;0.9999903905819918;0.9999850919516104;0.9999708325558035;0.9999991406176434;0.9999830433576369;1.0;1.000171671753819;0.9999752745736056;1.0;0.999979037376813;1.0;0.9999652089346351;1.0;0.9997952124909789;1.0;0.9998829916049174;1.0;0.9994625183188218;0.9994161514669848;0.9994062237281692;0.9999999999999999;0.9999990460621516;0.9999725375472989;0.9999887560681106;0.9999179043804197;1.024999976158142;
2016-09-16 06:00:00;0.9999777132191108;1.0;0.999992976610509;0.9999782960695736;0.9999978556711218;0.9999800485224118;1.000130888478034;0.9999832928400403;0.9999943734409829;0.9999884998546341;0.9999999999999999;0.999831714745931;0.9998741036903892;0.9999821951183174;1.0;0.9999878133028743;0.9999867784443461;0.9999974804943532;0.9999923093156855;0.9999883004933302;0.999978288833326;0.9999991895724784;0.9999870241874822;1.0;1.0001836598476697;0.9999814921735871;1.0;0.9999827688199145;1.0;0.9999676569777413;1.0;0.9997364460286998;1.0;0.9997982641127745;1.0;0.9993435508975634;0.999264847205906;0.9992569202706322;1.0;0.9999992351980374;0.9999797104393781;0.9999906068120297;0.9998546280105699;1.024999976158142;
2016-09-16 06:15:00;0.999981902952274;1.0;0.9999936308551396;0.9999822700831972;0.9999980339420862;0.999983355863426;1.0001328513941872;0.9999863446137028;0.9999947192291821;0.9999903066744098;1.0;0.9998369323097095;0.9998782523565155;0.9999850773006568;1.0;0.9999911888833944;0.9999903709722262;0.9999978211776952;0.9999936216612637;0.9999901456514143;0.9999828049819128;0.9999990634286423;0.9999905710690231;1.0;1.0001863086564842;0.9999853768273115;1.0;0.9999855844797442;1.0;0.9999708472185188;1.0;0.9997457896543072;1.0;0.9998210337023186;1.0;0.9993560215028437;0.9992779986731302;0.9992684848380066;1.0;0.9999992769906012;0.9999840206423927;0.9999915934444261;0.9998592446035331;1.024999976158142;
2016-09-16 06:30:00;0.9999771498637854;1.0;0.9999921275957866;0.9999776806136955;0.9999976310837743;0.9999791473309908;1.0001332808980365;0.9999829059629141;0.9999936490030741;0.9999877777181186;1.0;0.9997897773210901;0.9998430207160369;0.9999812562633151;1.0;0.9999887258679943;0.9999876961759573;0.9999973462836171;0.9999919409673407;0.9999877486241117;0.9999782499778085;0.9999989342937017;0.9999879468979713;1.0;1.0001869593478496;0.9999815474860032;0.9999999999999999;0.9999819081043514;1.0;0.9999716139810759;1.0;0.9997471931505673;1.0;0.9998323428154009;1.0;0.999352454216082;0.9992543350295261;0.9992452022771264;1.0;0.9999991131816758;0.9999797984050943;0.9999896584119548;0.9998185259408813;1.024999976158142;
2016-09-16 06:45:00;0.9999698687164681;1.0;0.9999902260888508;0.9999705922164994;0.9999977688961919;0.9999729291550624;1.0001376528837436;0.9999775147305785;0.9999931381008261;0.9999837150375804;1.0;0.9998101111974801;0.9998576856528202;0.999975045606139;0.9999999999999999;0.9999838607854316;0.9999824922324486;0.9999975040093221;0.9999893749017181;0.9999848512682099;0.9999718194268277;0.9999991493912094;0.9999828334336347;1.0;1.0001931799480666;0.9999761056211299;0.9999999999999999;0.9999762697289705;1.0;0.9999578232292576;0.9999999999999999;0.9997314824978879;0.9999999999999999;0.9998183643669436;1.0;0.9993147887849124;0.9992203566735035;0.9992021168917596;1.0;0.9999990117987193;0.99997391989298;0.9999875680455304;0.99983548646657;1.024999976158142;
2016-09-16 07:00:00;0.9999573532783436;1.0;0.9999883755890941;0.9999577707285356;0.9999970055781743;0.9999620451987635;1.00014357858444;0.9999654630853702;0.99999060519868;0.9999792129486812;1.0;0.9998005453051474;0.999850531027871;0.9999658515861972;1.0;0.9999702300737561;0.9999680195746374;0.9999963453668286;0.9999861136108605;0.9999781973996404;0.9999579892213357;0.9999990040772861;0.9999685543962339;1.0;1.0002018602256801;0.9999631324342674;1.0;0.9999674528212895;0.9999999999999999;0.9999520234784802;1.0;0.9997089723176652;0.9999999999999999;0.9998137562077533;1.0;0.9992500427910076;0.999147606479291;0.9991261089426674;1.0;0.9999990170654862;0.9999602223960122;0.9999838441547684;0.9998276582735511;1.024999976158142;
2016-09-16 07:15:00;0.9999375485917951;1.0;0.9999820517673703;0.9999387582032432;0.9999943876574362;0.9999444571744595;1.0001516077475956;0.9999513013108737;0.9999848877976698;0.9999692955547669;1.0;0.9998223145468987;0.9998653701471096;0.9999508517311719;1.0;0.9999606495625966;0.9999575557427153;0.9999931744046175;0.9999792447076817;0.9999672411639293;0.9999378141506988;0.9999980379928111;0.9999582840018258;0.9999999999999999;1.0002133418902563;0.9999461218935821;1.0;0.9999524603858564;0.9999999999999999;0.9999522834691421;1.0;0.9996884051991848;1.0;0.9998085224835472;1.0;0.9991916493782018;0.999036790228376;0.9989308940849443;1.0;0.9999982098654425;0.9999412964159959;0.9999750400383335;0.9998454837959676;1.024999976158142;
2016-09-16 07:30:00;0.9999111282385325;1.0;0.9999780675810537;0.999919259317414;0.9999881921091287;0.9999288679418945;1.000152774574197;0.9999472634701614;0.9999826335009315;0.9999584401612869;1.0;0.9997580965977704;0.9998116934771044;0.9999424270241738;1.0;0.9999590150912041;0.999955425090348;0.9999835946754206;0.9999689485264832;0.9999551436095553;0.9999020875233637;0.9999988779796626;0.9999560465161075;1.0;1.0002155186247226;0.9999203968042838;1.0;0.9999396302670551;1.0;0.9999529806868552;0.9999999999999999;0.999667859608853;1.0;0.9998117594688473;1.0;0.9991274213837021;0.9989557382440668;0.998852568384117;1.0;0.9999965829776638;0.9999081510059951;0.9999687753853759;0.9997872379050085;1.024999976158142;
2016-09-16 07:45:00;0.9999533166095885;1.0;0.9999867875945102;0.9999545552154039;0.9999955994199181;0.9999589045418498;1.0001544595976768;0.9999644332062164;0.9999889297274608;0.9999771854181579;1.0;0.9997524078342048;0.9998140821041377;0.9999639157628433;1.0;0.9999712925120366;0.9999690192498768;0.9999945378692161;0.999984421676605;0.9999756078673394;0.9999530055530162;0.9999986226919293;0.9999695424330678;1.0;1.0002171207325519;0.9999595506031549;0.9999999999999999;0.99996486143374;1.0;0.9999502796190647;1.0;0.9996206653995444;1.0;0.9997880124108115;1.0;0.9990014944573272;0.9987965708788954;0.9986681266601699;1.0;0.9999986166210525;0.9999556614992345;0.9999815794775151;0.9997859111778158;1.024999976158142;
2016-09-16 08:00:00;0.9999286616933174;0.9999999999999999;0.9999719470376079;0.9999273242840625;0.9999906907283979;0.9999298191330996;1.0001633542992068;0.9999387980523609;0.999972246313188;0.9999621166864713;0.9999999999999999;0.9996973452035589;0.999774200070305;0.9999375137114965;1.0;0.999962152325911;0.9999585798487138;0.9999905285520916;0.9999757142442492;0.999956723434742;0.9999335410230378;0.9999937353730386;0.9999595076397378;1.0;1.0002294030632435;0.9999410851724169;1.0;0.9999400856812501;1.0;0.9999471675240372;1.0;0.999557552509508;1.0;0.9997884901326182;1.0;0.9988108544525612;0.9985842829483617;0.9984599252517955;1.0;0.9999969919580113;0.9999374826945286;0.999961277358726;0.9997386824888075;1.024999976158142;
2016-09-16 08:15:00;0.9999108161140847;1.0;0.9999637956837455;0.9999100861302491;0.9999881852592675;0.9999127214142767;1.0001721316334018;0.9999268331647357;0.9999657509561;0.9999511262879933;1.0;0.9997048232054804;0.9997785459562458;0.9999220108307454;1.0;0.9999586284238716;0.9999544257621822;0.9999879924057307;0.9999686707217739;0.9999465157959813;0.9999178072958939;0.9999922893896959;0.9999555170675707;1.0;1.0002416658584894;0.9999283879236284;1.0;0.999924944585153;0.9999999999999999;0.9999002557241271;1.0;0.9995785950572612;1.0;0.9997929761965157;1.0;0.9988718233283417;0.9986395583452745;0.9984979049834504;0.9999999999999999;0.9999959292879149;0.9999233599451076;0.9999511941630971;0.9997437512456044;1.024999976158142;
2016-09-16 08:30:00;0.9998399353114908;1.0;0.9999411127424385;0.9998485457385713;0.9999887054600318;0.9998581494317873;1.000178768553815;0.999898424965948;0.9999672733253308;0.9999035955393242;1.0;0.9996143809895407;0.9997015060400164;0.9998658282672664;1.0;0.9999470530315304;0.9999412595712118;0.9999879763511659;0.999937844452237;0.9999241230391407;0.9998579286181204;0.9999965478518954;0.9999427314446762;1.0;1.0002510594316696;0.9998866376024728;1.0;0.9998718796326135;1.0;0.9999179520944372;1.0;0.9995682183385447;1.0;0.9997844012020531;1.0;0.9988461628929518;0.9986056068111325;0.9984607682593475;1.0;0.999993187952467;0.999872832396111;0.9999320805417192;0.9996551511510114;1.024999976158142;
2016-09-16 08:45:00;0.9999488576876017;1.0;0.9999828087976812;0.9999491641806948;0.9999946051140202;0.9999525493260715;1.000171673946959;0.9999589581704157;0.9999846690585813;0.9999736683723265;1.0;0.9995564297791576;0.999669358513865;0.9999577116320085;1.0;0.999970855127776;0.9999683541024048;0.9999940185276129;0.999982653959939;0.9999716270238044;0.999950782560022;0.9999972408893657;0.9999689704627148;1.0;1.0002411041163253;0.9999571705497785;1.0;0.9999592960332875;1.0;0.9998942113328461;0.9999999999999999;0.9995281602256694;1.0;0.9997780763662543;1.0;0.99873013678795;0.9984198386042612;0.9982689433767745;1.0;0.9999982000605964;0.9999537494337818;0.999976473616718;0.9996177565413487;1.024999976158142;
2016-09-16 09:00:00;0.9999611685473692;1.0;0.9999877441528661;0.9999616407838912;0.9999953619247482;0.9999645068266662;1.0001708271983156;0.999969070003154;0.9999882250408146;0.999980998874049;1.0;0.9995787660116954;0.9996862589196094;0.9999692633101162;1.0;0.9999770207607422;0.9999750897448451;0.9999945730756294;0.9999871185043955;0.9999781014631072;0.9999610515403172;0.9999978954401137;0.9999755420751925;1.0;1.000239874959608;0.9999660693551555;1.0;0.9999699284320928;1.0;0.999901723339095;0.9999999999999999;0.9994883762788322;1.0;0.9997617718497669;0.9999999999999999;0.9986212456467201;0.9983217933078097;0.998174571241418;1.0;0.9999986471334593;0.9999631079114423;0.9999825051492588;0.9996375633613838;1.024999976158142;
2016-09-16 09:15:00;0.9999365333024611;0.9999999999999999;0.9999823185191212;0.9999408203125902;0.9999917180614214;0.9999466978201552;1.0001715296676086;0.9999587332460456;0.9999851025107;0.9999693600134129;1.0;0.999591782396165;0.9996921793834258;0.9999556400524402;0.9999999999999999;0.9999697748085308;0.999967081968015;0.9999891475028201;0.999977927620427;0.9999667024725328;0.9999325808246843;0.9999982219834389;0.9999676096509891;1.0;1.0002412568108454;0.9999442714675104;1.0;0.9999546452359301;1.0;0.9998956344370367;1.0;0.999520562317629;1.0;0.9997768285587739;1.0;0.9987080285175026;0.9984312986987964;0.9982967406859675;0.9999999999999999;0.9999975201228791;0.9999367582348789;0.9999751625620535;0.9996464815079663;1.024999976158142;
2016-09-16 09:30:00;0.9999508584861218;1.0;0.999985757639004;0.9999530902210485;0.9999940411627694;0.9999573836334317;1.0001764299713451;0.9999651673464561;0.999987528758734;0.9999761078177584;1.0;0.9995538553003769;0.9996661220972043;0.9999637705054389;0.9999999999999999;0.9999739405540936;0.9999717072043859;0.9999924739734818;0.9999832255688028;0.9999737167640944;0.9999490898227026;0.9999982590395656;0.9999721844422746;0.9999999999999999;1.0002479055427833;0.9999570376089387;1.0;0.9999637422790647;1.0;0.9998975725392285;1.0;0.9995253694174554;1.0;0.9997609521915698;1.0;0.9987334226365643;0.998430059823807;0.9982880309864129;1.0;0.9999982127502233;0.9999520808204732;0.9999799383560245;0.9996151435443799;1.024999976158142;
2016-09-16 09:45:00;0.9999219608355796;1.0;0.9999761655041041;0.9999274332295616;0.9999907228544519;0.999933858385056;1.000189884072252;0.9999510299651052;0.9999823872733;0.9999595581645806;1.0;0.9995645923350421;0.9996704918503235;0.9999430805231152;1.0;0.9999680855675963;0.999965000983897;0.9999881782520684;0.9999717069771362;0.9999602057749455;0.9999205247810915;0.9999979632673947;0.9999656334707182;1.0;1.000266926743976;0.999935360583154;1.0;0.9999426708920703;0.9999999999999999;0.9998357643987494;1.0;0.9995258320774807;1.0;0.9997543072649129;0.9999999999999999;0.9987404821082531;0.9984487679036382;0.9983031858551584;1.0;0.9999967328051969;0.9999264239137327;0.9999686716416801;0.9996213355434048;1.024999976158142;
2016-09-16 10:00:00;0.9999332415502671;0.9999999999999999;0.9999797190761122;0.9999386319171829;0.999992002021837;0.9999442242136128;1.0001844984054882;0.9999601361625644;0.9999858004953326;0.9999651015794311;1.0;0.9995344856107635;0.999648623419362;0.9999520981459128;1.0;0.9999749198163287;0.999972402548077;0.9999896596489515;0.9999754439743644;0.9999665612120838;0.9999317631891683;0.9999985688399774;0.9999729000741197;0.9999999999999999;1.0002592313732894;0.9999452003996265;1.0;0.9999514656610998;1.0;0.9998359959417061;1.0;0.9995096859095146;0.9999999999999999;0.9997356885967059;1.0;0.9987047890969152;0.9983866701862645;0.9982254751324035;0.9999999999999999;0.99999710659415;0.9999370766846498;0.9999737431394438;0.9995957755209159;1.024999976158142;
2016-09-16 10:15:00;0.9999052606689058;1.0;0.9999690995632762;0.9999106356404925;0.9999896619159246;0.999917603752167;1.000188400453764;0.9999378381153302;0.9999775141715436;0.999949244088008;1.0;0.9994946844252813;0.9996181118280603;0.9999272610424172;1.0;0.9999609651069685;0.9999571575759657;0.999987434560685;0.999965458091188;0.9999514763371935;0.9999069202218938;0.9999970427662446;0.9999580023597311;1.0;1.0002648597780386;0.999923791247399;1.0;0.9999280985560097;1.0;0.9998350442024875;1.0;0.9994645269521184;1.0;0.9997303394231903;1.0;0.9985721888458523;0.9982045185719128;0.9979966612519223;1.0;0.9999960550709036;0.9999141846107695;0.9999602468529187;0.9995603060054438;1.024999976158142;
2016-09-16 10:30:00;0.9999180963400026;0.9999999999999999;0.9999741027025858;0.9999226969566157;0.9999924397558344;0.9999292805210661;1.0001870632441763;0.9999461583819037;0.9999827683085301;0.9999557794452609;1.0;0.9995690662260098;0.9996742801704082;0.9999365548043058;1.0;0.9999642661674042;0.9999609517315067;0.9999907224581525;0.9999701254098068;0.9999595518990588;0.999920463250393;0.9999982461146026;0.9999617026461816;1.0;1.000262905959753;0.9999348857698296;0.9999999999999999;0.9999378982021274;1.0;0.9998482749389;1.0;0.9994604909991499;0.9999999999999999;0.9997151257071791;1.0;0.9985703126952008;0.9982204837793838;0.997994996156538;1.0;0.9999968614079514;0.9999268299847456;0.9999673532757348;0.9996247653584712;1.024999976158142;
2016-09-16 10:45:00;0.9998867564987463;1.0;0.9999675595713333;0.9998913379441017;0.9999903045435512;0.9999019241014281;1.0001931159222774;0.9999190321460387;0.9999762808495217;0.9999424381872518;1.0;0.9995858222313515;0.9996858281168659;0.9999128170811599;1.0;0.999937068747066;0.9999319271541627;0.9999877829829416;0.999960818161393;0.99994329818809;0.9998875206649361;0.9999977570388415;0.9999331019974155;1.0;1.0002721004859978;0.9999051429795507;1.0;0.9999150516162997;1.0;0.999829743770925;1.0;0.9994953951998037;1.0;0.9996721214470208;1.0;0.9987061111045746;0.9984075110795791;0.9982385702042267;0.9999999999999999;0.9999964766087355;0.9998949445700669;0.9999568620066025;0.9996390697856433;1.024999976158142;
2016-09-16 11:00:00;0.9999115293954921;1.0;0.9999772639808511;0.9999128635586902;0.9999949093814845;0.9999225063979648;1.0001938506851378;0.9999296065628434;0.9999831938288196;0.9999568461373675;1.0;0.9995284949788219;0.9996468310716884;0.9999298081232725;1.0;0.9999371660668667;0.9999326149325786;0.9999934784374183;0.9999710849710718;0.9999564448235592;0.9999127760057184;0.9999989357499894;0.9999337110141382;0.9999999999999999;1.0002731001895864;0.9999237940358913;1.0;0.9999332360387627;1.0;0.9998430208584698;0.9999999999999999;0.9994652099349296;1.0;0.9996319678368681;1.0;0.998642796638468;0.9983068575607152;0.9981342563269108;1.0;0.9999982116798609;0.9999175411812684;0.999968786328075;0.9995926452813323;1.024999976158142;
2016-09-16 11:15:00;0.999915206788099;1.0;0.9999790048479625;0.9999168371575228;0.9999944113996188;0.9999263651722613;1.0001925316441875;0.9999330081791955;0.9999836479097562;0.9999597324767526;0.9999999999999999;0.9995311891624917;0.9996487770052742;0.9999343514929333;1.0;0.9999392511921594;0.999934869516212;0.9999926343677042;0.9999725834332392;0.9999577997664908;0.9999145743724703;0.9999989327799437;0.9999358967914853;1.0;1.0002712807754477;0.9999254181689947;1.0;0.9999369824610622;1.0;0.9998360077088924;1.0;0.9994667707918956;1.0;0.9996623163623392;1.0;0.9986265191557249;0.9982990257861742;0.9981372347460146;0.9999999999999999;0.9999982666971196;0.9999189564429541;0.9999703845376812;0.9995952992366427;1.024999976158142;
2016-09-16 11:30:00;0.9999203219373671;1.0;0.9999784217030939;0.9999236750040347;0.999992388474248;0.999931590878454;1.0001962036234744;0.9999426161218771;0.999982892673142;0.9999611874327728;1.0;0.9995121625820825;0.9996334025833019;0.9999404971115251;0.9999999999999999;0.9999534067027499;0.9999496896853466;0.9999901349168085;0.9999730390136266;0.9999594020313162;0.9999184983955303;0.999998330334852;0.9999505088332602;1.0;1.000276136924613;0.999930887485091;0.9999999999999999;0.9999413902302446;1.0;0.9998258460568492;0.9999999999999999;0.9994200911097952;1.0;0.9996588834280806;1.0;0.9984881895541173;0.9981586408172637;0.9980014440097297;1.0;0.9999975821767242;0.9999233186630555;0.9999701095896449;0.9995780455756834;1.024999976158142;
2016-09-16 11:45:00;0.9999082761647119;1.0;0.9999724990320574;0.9999101975975397;0.9999896855647632;0.9999177481615025;1.0001947243777587;0.9999288995628475;0.9999745961488604;0.9999554007965542;1.0;0.9996279675989429;0.9997198734795141;0.9999288319577174;1.0;0.9999454350720874;0.9999409398648355;0.9999875608848119;0.9999694790482615;0.9999496854784375;0.9999071564160376;0.9999959544000955;0.9999419726237335;1.0;1.0002741361225511;0.9999196902423104;1.0;0.9999301608596857;1.0;0.9998265954981059;1.0;0.9994586255224069;1.0;0.9995836436509266;1.0;0.9986571704568469;0.9983768312817793;0.9982185326418888;1.0;0.9999969659729199;0.9999121596046675;0.9999608642195122;0.9996780384283553;1.024999976158142;
2016-09-16 12:00:00;0.9998719428409397;1.0;0.9999596085639202;0.9998733018291348;0.9999854362911228;0.9998827730919679;1.0001953537216577;0.9998978080598437;0.9999618318309239;0.9999367775086205;1.0;0.999587262228426;0.9996889003123812;0.9998979204992338;0.9999999999999999;0.9999239020562039;0.9999175372575616;0.9999830617248969;0.9999573325798481;0.9999282953247417;0.9998724362480299;0.9999933036221701;0.9999190439689658;1.0;1.0002753801941295;0.9998887950988001;1.0;0.9999003901714605;1.0;0.99982445624422;1.0;0.9995116645059638;1.0;0.9996666737252407;1.0;0.9987591004299863;0.998469415814876;0.9983200981839996;1.0;0.9999956703869807;0.9998792878420396;0.9999427035029086;0.9996424576611154;1.024999976158142;
2016-09-16 12:15:00;0.9998399208658966;1.0;0.9999511601024762;0.9998481683142775;0.9999774470266618;0.9998605538939735;1.0002007160677064;0.999890029970245;0.9999550597630388;0.9999216493924544;1.0;0.9995917975401695;0.9996859001450891;0.9998837644210042;1.0;0.9999247714181818;0.9999177894717294;0.9999718321358102;0.9999444362412524;0.9999116086082456;0.9998325235266833;0.9999927424914992;0.9999192312440455;1.0;1.000283275273794;0.9998598418674716;1.0;0.9998817303931272;1.0;0.9998254915310352;1.0;0.9995159615036047;1.0;0.999597830252624;1.0;0.9988203110991117;0.9985465118838948;0.9984003214675894;1.0;0.9999933723407317;0.9998425849109805;0.9999307840937682;0.9996427335438225;1.024999976158142;
2016-09-16 12:30:00;0.9999381157055908;0.9999999999999999;0.9999835100561386;0.9999441249896459;0.9999911631978458;0.9999502078123524;1.0001869110119928;0.9999646840183548;0.999987020904056;0.9999702233285075;1.0;0.9996022509583635;0.9996986647622654;0.9999597434446009;0.9999999999999999;0.99997537659468;0.9999730136364787;0.999987979865796;0.9999778651505673;0.9999684016707877;0.9999323073020647;0.9999988525755217;0.9999734116337079;1.0;1.0002627986211203;0.9999455891894771;1.0;0.9999575677342849;1.0;0.9998224533832969;1.0;0.9995059964776027;1.0;0.9996390279787359;1.0;0.9987613721333066;0.9984735350202867;0.9983153141159755;1.0;0.9999973309848998;0.9999368335522734;0.9999770534032714;0.9996547018195572;1.024999976158142;
2016-09-16 12:45:00;0.99992724751588;1.0;0.9999777803346471;0.999931745746457;0.9999921710157391;0.9999378210149904;1.0001914969901624;0.9999527245214607;0.9999839651685527;0.9999620619677071;1.0;0.9995683581761963;0.9996742148455025;0.999945646211687;0.9999999999999999;0.9999679990145229;0.9999650336402984;0.9999901228471647;0.9999738027440297;0.9999632464992086;0.9999270224368256;0.9999982304901993;0.9999656695954114;0.9999999999999999;1.0002691344639287;0.999940190820766;1.0;0.9999459555885931;1.0;0.9998214406073945;1.0;0.9994779101204155;1.0;0.9996217313092839;1.0;0.9986887580171857;0.9984067438560998;0.9982736400100597;1.0;0.9999971342137651;0.9999324361588853;0.999971025691776;0.9996250725668132;1.024999976158142;
2016-09-16 13:00:00;0.9998271267688239;1.0;0.9999449351752292;0.9998363434896749;0.999987017298657;0.9998503418517938;1.000203210833358;0.9998863676012679;0.9999668137532214;0.9999040797516492;1.0;0.9994914732134172;0.9996100096338365;0.9998629397121672;1.0;0.9999244795366747;0.9999175601035679;0.9999843516532071;0.9999361643462862;0.9999172621954737;0.9998363747693528;0.9999974056219024;0.9999191921743534;1.0;1.0002862523757894;0.9998663372096342;0.9999999999999999;0.9998672945144206;1.0;0.9998130119937787;1.0;0.9995406315434995;1.0;0.9996741405948671;1.0;0.9988414788798116;0.9985555812568944;0.998430840940405;0.9999999999999999;0.9999937519299068;0.9998503281116328;0.9999326936855752;0.9995514312125147;1.024999976158142;
2016-09-16 13:15:00;0.9996708112260121;1.0;0.9998934897304077;0.9996899306365218;0.9999811576033231;0.9997164563511615;1.000224242958652;0.9997920737998933;0.999945800815772;0.9998096560006854;0.9999999999999999;0.9994769147281424;0.9995860697267531;0.9997347087350958;0.9999999999999999;0.99986766721049;0.9998552231145069;0.9999777016070314;0.9998748897892246;0.9998497892679026;0.9996974146538287;0.9999981721058574;0.9998582518810257;1.0;1.0003165362733017;0.9997563803621368;0.9999999999999999;0.9997448698292071;0.9999999999999999;0.9998048075114219;0.9999999999999999;0.9995851690682555;1.0;0.9996813307119593;1.0;0.9989708857337687;0.9987275817694966;0.9986077871500234;1.0;0.9999883855539818;0.9997262829399537;0.9998759774258279;0.9995246202610235;1.024999976158142;
2016-09-16 13:30:00;0.999796933060001;1.0;0.9999350794529887;0.9998087542544459;0.9999864020396168;0.9998254120811173;1.0002013075576601;0.9998699866907892;0.9999645131574247;0.9998851912620075;1.0;0.9995849244670952;0.9996760716921504;0.9998382556619198;1.0;0.999915154430903;0.9999072827199464;0.999983572422259;0.9999239669187059;0.9999055502917054;0.9998101155727789;0.999998164081998;0.9999091536125988;1.0;1.0002837141061853;0.9998463711053623;1.0;0.9998440202026113;1.0;0.9998146750830205;0.9999999999999999;0.9996288081388208;1.0;0.9997128712622032;1.0;0.9990802867413167;0.9988942186132393;0.9988302902079539;1.0;0.9999926645257452;0.9998273331999459;0.9999227748798334;0.9996281268193563;1.024999976158142;
2016-09-16 13:45:00;0.9998960688410151;1.0;0.9999710924422863;0.9999015141777152;0.999990331530339;0.999911588924612;1.0001915196592885;0.9999288271337784;0.9999790964545608;0.9999477357611823;1.0;0.9996715260045984;0.9997489862620602;0.9999225334082581;0.9999999999999999;0.9999447975501587;0.999940223162306;0.9999874191019711;0.9999638011756536;0.9999482999610546;0.9998947578277476;0.9999982868965982;0.9999412214989968;1.0;1.0002697937357476;0.9999121690225149;1.0;0.9999235563246603;1.0;0.9997917970202225;1.0;0.9996280258012319;0.9999999999999999;0.9996679382667447;1.0;0.9991099672609557;0.9989491296735592;0.998909481837722;1.0;0.9999966140400731;0.9999017410494134;0.9999613640023184;0.9997126657253403;1.024999976158142;
2016-09-16 14:00:00;0.9999041359759228;1.0;0.9999740318485237;0.9999075722843394;0.9999911332266317;0.9999170789250882;1.000181789885491;0.9999293071183495;0.999979058531852;0.9999534263953923;1.0;0.9997297209516878;0.9997940078901708;0.9999276103214375;1.0;0.9999419432844132;0.9999373729989964;0.9999886085363145;0.9999678173581763;0.9999509116606778;0.9999023707601603;0.9999978583190906;0.9999383974421272;0.9999999999999999;1.0002562044703944;0.999916643995006;1.0;0.9999290214618715;1.0;0.999820591000852;0.9999999999999999;0.9996383084511429;0.9999999999999999;0.9997276683336945;0.9999999999999999;0.9990985111678932;0.9989587638949786;0.998919749143238;0.9999999999999999;0.9999972130823171;0.9999079814736942;0.9999638356448055;0.9997643568366217;1.024999976158142;
2016-09-16 14:15:00;0.999873351904751;0.9999999999999999;0.9999672653895153;0.9998767934268522;0.9999901154959049;0.9998902228357731;1.0001838394515574;0.9999031806914725;0.9999741095383687;0.9999391076343556;1.0;0.9998063941746786;0.9998498947334503;0.9999030664874472;0.9999999999999999;0.9999160390998635;0.9999097411372383;0.9999871480576916;0.9999582413858317;0.9999361605432953;0.9998717911244654;0.9999978524232669;0.999911188692164;1.0;1.0002596994049173;0.9998892740455891;0.9999999999999999;0.9999059989865462;1.0;0.9998092547906985;0.9999999999999999;0.9996336174629792;1.0;0.9997537824833131;1.0;0.9990663667650225;0.998963155982945;0.9989245217803777;1.0;0.9999969046988796;0.9998787654615812;0.9999541444679612;0.9998295923094354;1.024999976158142;
2016-09-16 14:30:00;0.999803997788121;1.0;0.9999525552972406;0.9998272648587557;0.9999710385257355;0.9998486985879601;1.0001765422655466;0.9998989381383994;0.9999646218741186;0.9999077526105566;1.0;0.9997687232690735;0.9998044772153909;0.999881493203465;1.0;0.9999274725846632;0.9999204332174984;0.9999589871427367;0.9999291442093131;0.9999027346527519;0.9997788346058976;0.9999986537156111;0.9999214388029557;1.0;1.000250459864932;0.9998249071651595;1.0;0.9998713120747371;1.0;0.9998395712621708;1.0;0.9997267759402461;1.0;0.9997958435417317;0.9999999999999999;0.9993175971487065;0.9992289480351093;0.9991910968678183;1.0;0.9999914927521646;0.9997936641283041;0.9999332420959952;0.9997875097605401;1.024999976158142;
2016-09-16 14:45:00;0.9998250103995782;0.9999999999999999;0.9999525812734865;0.9998447209490976;0.9999767556834198;0.9998619022646034;1.0001807095953463;0.9999095315652985;0.9999687133413986;0.9999117208366015;1.0;0.9998139836750155;0.9998411165695545;0.9998866982737402;1.0;0.9999423905053926;0.9999363740307532;0.9999678787569594;0.9999348501824354;0.9999149440718035;0.9998114609916744;0.9999986612424222;0.9999373332792976;1.0;1.0002554152987218;0.9998520246514568;1.0;0.9998803700194445;0.9999999999999999;0.9998359502084693;1.0;0.9997221181092717;1.0;0.9997174949666958;1.0;0.9993581999400442;0.9992908901807667;0.9992539894291828;1.0;0.9999921558750409;0.9998259646600978;0.9999377256886406;0.9998262673994669;1.024999976158142;
2016-09-16 15:00:00;0.9997474740314085;1.0;0.9999280447822054;0.9997757020808186;0.9999683279759185;0.9997990836078183;1.0001848014069203;0.9998713194858201;0.9999555645684723;0.9998680206173449;0.9999999999999999;0.9998085943018596;0.9998278487927139;0.9998320280335348;1.0;0.9999244667903713;0.9999161082508726;0.9999567609829071;0.9999042268041967;0.9998788119046234;0.999734022968984;0.9999981745395325;0.9999174945568238;1.0;1.000261676179871;0.9997927316139245;1.0;0.9998242821077192;1.0;0.9998371279679267;1.0;0.9997433112139373;1.0;0.9997934892937459;1.0;0.9993691693142807;0.9993242164572606;0.9992881078679827;1.0;0.9999884689704631;0.9997560538387067;0.9999085400745761;0.9998140158785037;1.024999976158142;
2016-09-16 15:15:00;0.9996005342676517;1.0;0.9999032685044825;0.9996542012415339;0.9999354903684546;0.9996974530241839;1.0001847831244373;0.9998116321139342;0.9999275565478467;0.999812527983878;1.0;0.9997316192475993;0.999747292461254;0.9997696571737842;1.0;0.9998752022748764;0.9998618860970041;0.9999083938217611;0.9998533270320434;0.999800898885722;0.9995411476346001;0.9999972583020179;0.9998634868622243;1.0;1.0002650399583826;0.9996416878000239;0.9999999999999999;0.9997431714489534;1.0;0.9998545948070441;0.9999999999999999;0.9997389623374994;1.0;0.9998075335253517;1.0;0.9993459926689958;0.9992963929393731;0.9992610787313682;1.0;0.9999812026690583;0.9995727973133373;0.9998635864095288;0.9997386994363499;1.024999976158142;
2016-09-16 15:30:00;0.9998948726463379;0.9999999999999999;0.9999717638594202;0.9999061211409859;0.9999839636670724;0.9999162613671114;1.0001625428552905;0.9999429816913301;0.9999777043092921;0.9999493094825996;1.0;0.9999097102723856;0.99992096179733;0.9999333023068546;1.0;0.9999624721280783;0.9999586403155934;0.9999781404607668;0.9999619022270153;0.9999461254410992;0.9998838231055804;0.9999979785868733;0.9999592393666804;0.9999999999999999;1.0002292287413859;0.9999075373540551;1.0;0.9999286725414321;1.0;0.9998412369318844;1.0;0.9997509617820274;1.0;0.9998329780615046;1.0;0.999364759472118;0.9993186837009371;0.9992814013585662;1.0;0.9999951701234063;0.9998917832711331;0.9999607458284122;0.9999152018529872;1.024999976158142;
2016-09-16 15:45:00;0.9998248845378053;1.0;0.9999520853675967;0.9998442315997609;0.9999757058481824;0.999861058746832;1.0001751573142346;0.9999081811453076;0.9999665635890936;0.9999123764223061;0.9999999999999999;0.9998520307274712;0.999869607157024;0.9998867852789227;1.0;0.9999419394158854;0.9999358418700022;0.9999667128676374;0.9999351635066691;0.999913354402328;0.9998104640896986;0.9999978940982227;0.9999368142976821;1.0;1.000247650298766;0.9998507061092576;1.0;0.9998801316491412;1.0;0.9998234462018188;0.9999999999999999;0.9997324853739042;1.0;0.9998273369182014;1.0;0.9993131736117625;0.9992678729671234;0.9992393191233818;1.0;0.9999920305622119;0.9998246974765487;0.9999362057398338;0.999859397004543;1.024999976158142;
2016-09-16 16:00:00;0.9997614984026443;1.0;0.9999243866316762;0.9997830701021561;0.9999743663573861;0.9998019442221695;1.0001815984585125;0.9998680067493707;0.9999544731813547;0.9998682831965499;0.9999999999999999;0.9998186253508912;0.9998405688760877;0.9998265856856837;1.0;0.9999275479531081;0.9999194307651087;0.9999670046743544;0.9999085631009426;0.9998853178233443;0.9997629895643093;0.9999966453784898;0.9999210484589126;1.0;1.000256356111491;0.9998138635668928;1.0;0.9998246882331968;1.0;0.9998498794235197;0.9999999999999999;0.999793923077717;0.9999999999999999;0.9998538928815965;1.0;0.9994797102391298;0.999442619287099;0.999416028070456;1.0;0.9999892934032637;0.999784284850807;0.999907347996771;0.9998238789293735;1.024999976158142;
2016-09-16 16:15:00;0.9998149492088325;1.0;0.9999478443529919;0.9998339475760377;0.999973493760905;0.9998507849632282;1.0001747590401402;0.9998992550294039;0.9999610535543436;0.999907514971496;0.9999999999999999;0.9998649996496994;0.9998791333345461;0.9998785031785302;1.0;0.9999371930845705;0.9999305760328441;0.9999643318435955;0.9999318691590469;0.999906156675131;0.9998004214117662;0.9999964399127969;0.9999316731856509;1.0;1.0002471613321398;0.999841615491586;1.0;0.9998717041053709;1.0;0.9998361222976235;1.0;0.9997543120239047;1.0;0.9998453882429291;1.0;0.9993663552797368;0.9993296299942634;0.9993050411518762;1.0;0.9999914896259616;0.9998150196114206;0.9999296968540131;0.9998706250761114;1.024999976158142;
2016-09-16 16:30:00;0.9998494753780864;1.0;0.9999557856899484;0.9998645187577496;0.9999783240845034;0.9998773930672904;1.0001658815299068;0.9999174674972162;0.9999669741059459;0.9999235584290744;1.0;0.9998832575446628;0.9998967667721166;0.9998993339628367;1.0;0.9999511789999457;0.9999458414283667;0.9999712688721275;0.9999442257531271;0.9999231566594662;0.9998394755127832;0.9999965423627809;0.9999467499378178;0.9999999999999999;1.0002341440336917;0.9998727527863345;1.0;0.9998943013412663;1.0;0.9998484369371801;1.0;0.9997808411760516;0.9999999999999999;0.9998548543756348;0.9999999999999999;0.9994396352836162;0.9993918663240571;0.9993517883618362;1.0;0.9999928729272818;0.9998515625285659;0.9999410361900647;0.9998886076100338;1.024999976158142;
2016-09-16 16:45:00;0.9997838831595599;1.0;0.9999364298533345;0.9998068917310993;0.9999707422057362;0.9998256502466366;1.0001794099632209;0.9998865675989468;0.9999567689960159;0.9998877570858886;1.0;0.9998392691399038;0.9998557890403615;0.9998553063847277;1.0;0.9999354796770671;0.9999281750849979;0.9999608758623133;0.9999185469617123;0.9998928570939103;0.9997718227870136;0.9999965190042208;0.9999294035812265;1.0;1.0002536741184425;0.9998210924489386;1.0;0.9998483768308548;1.0;0.9998350664375678;1.0;0.9997378025662305;0.9999999999999999;0.9998391219612268;1.0;0.9993209721590166;0.99928579846123;0.9992612106973325;1.0;0.9999897790586786;0.999790184227383;0.9999176514214848;0.9998444050903604;1.024999976158142;
2016-09-16 17:00:00;0.999806332582986;1.0;0.9999366338134105;0.9998224318658416;0.9999809273833173;0.999837047568573;1.0001810575447472;0.9998898326577805;0.9999629798469758;0.9998908011757774;1.0;0.9998570593107463;0.9998747058022904;0.999854609045922;0.9999999999999999;0.999940228610452;0.9999335695923942;0.9999760507397764;0.9999254382237854;0.9999075181867462;0.9998120874465262;0.9999971407224898;0.9999349782007695;1.0;1.0002550609153036;0.9998521049935888;1.0;0.9998549850485747;1.0;0.9998440596910829;1.0;0.9997597561580921;0.9999999999999999;0.9998417653225554;1.0;0.9993852288086449;0.9993562060127446;0.9993327908400303;0.9999999999999999;0.9999914282244148;0.9998296079530613;0.999923643552365;0.9998605365587998;1.024999976158142;
2016-09-16 17:15:00;0.9998557825799987;1.0;0.9999504100322338;0.999866127820289;0.9999884342381966;0.9998762717325551;1.0001768079722415;0.9999145161629784;0.9999731867909161;0.9999156050555897;1.0;0.9998858659935358;0.9999020719120474;0.9998857272249658;1.0;0.9999542748776175;0.9999492513642801;0.9999862634890962;0.9999440246736169;0.9999325500877259;0.9998662434662224;0.9999979991690464;0.9999504197549768;1.0;1.0002485240237369;0.9998945138732561;1.0;0.999888720971207;1.0;0.9998256081914264;1.0;0.999757897767805;1.0;0.9998402472032898;1.0;0.999380926964449;0.9993523922069334;0.9993285962378606;1.0;0.9999938083856695;0.9998797008575475;0.9999422420252916;0.9998890968151988;1.024999976158142;
2016-09-16 17:30:00;0.9998850163570365;1.0;0.999967767828767;0.999897599727042;0.9999845599368336;0.9999083974456255;1.0001646140839564;0.9999397063869359;0.9999783772552696;0.9999414496480137;1.0;0.999911242761694;0.9999206030481734;0.9999243580100846;0.9999999999999999;0.9999628926664509;0.9999589314726111;0.9999789586293516;0.9999571061764183;0.9999436237847962;0.9998771088717677;0.9999986932579169;0.9999595800902177;1.0;1.000232034666306;0.9999034864763741;1.0;0.9999205702728825;1.0;0.9998479085625815;0.9999999999999999;0.9997600525504802;1.0;0.9998401974726043;1.0;0.9993871531873946;0.999358735077746;0.9993353198457751;1.0;0.9999947238118595;0.9998866926954527;0.9999578759033746;0.9999145295064258;1.024999976158142;
2016-09-16 17:45:00;0.9998873526805063;1.0;0.9999687319817653;0.999900019190984;0.9999830610840844;0.9999104937855784;1.0001674415181852;0.9999413134723498;0.9999768316836893;0.9999441253261647;1.0;0.9999154029295071;0.9999237495722665;0.9999280478003715;1.0;0.9999642604608446;0.9999603596569242;0.9999769740958228;0.9999583256455957;0.9999430965061927;0.9998768911643353;0.999998046569526;0.9999609583484874;1.0;1.000236049837732;0.999903084132288;1.0;0.9999231569193227;0.9999999999999999;0.9998453707042367;1.0;0.9997115481722976;1.0;0.9998180472297516;1.0;0.9992562336679351;0.9992276726309083;0.9992042604697641;0.9999999999999999;0.999994620986691;0.9998859686308765;0.9999577688430851;0.9999187358368341;1.024999976158142;
2016-09-16 18:00:00;0.9999085620324526;1.0;0.9999764201111117;0.9999190551487191;0.9999860989937495;0.9999283706632174;1.000163440133379;0.9999521035080177;0.9999819829327242;0.999956280825034;0.9999999999999999;0.9999301835948265;0.9999371832443662;0.9999434101568466;1.0;0.9999677088498055;0.9999644369848739;0.9999807229734107;0.9999667897069917;0.9999538895529639;0.9998979221328167;0.9999987695744043;0.9999649201862922;1.0;1.000230358305322;0.9999191899521692;1.0;0.9999389886023032;1.0;0.9998253732882522;0.9999999999999999;0.9997307367756246;1.0;0.9998260647498569;1.0;0.9993089248884837;0.9992805090032985;0.9992570956041849;1.0;0.9999958318625927;0.9999049340220845;0.9999671828329545;0.9999334704018176;1.024999976158142;
2016-09-16 18:15:00;0.9999011242972403;1.0;0.999974933055802;0.9999125348502592;0.9999847328752142;0.9999227762538982;1.0001621699540875;0.9999481330732479;0.9999804075161234;0.9999533014738047;1.0;0.999926817866206;0.9999337843642765;0.9999394589585707;1.0;0.9999643616994847;0.9999607948216837;0.999978764275023;0.9999643029073375;0.9999499179864335;0.9998888080086697;0.999998652341373;0.9999613140305054;1.0;1.0002287359432478;0.9999118236382424;1.0;0.9999344399876036;0.9999999999999999;0.9998299410278187;1.0;0.9997419184494752;1.0;0.9997928529603346;1.0;0.9993655958120629;0.9993365188938462;0.9993127233027392;1.0;0.9999955206509028;0.9998962701897256;0.9999646924579519;0.9999302201640621;1.024999976158142;
2016-09-16 18:30:00;0.999858523917528;1.0;0.9999647500435284;0.9998766914273042;0.9999772584724063;0.9998915810813341;1.000169136386536;0.999930945859895;0.9999732593248863;0.9999331599111225;1.0;0.9999012210852759;0.9999082365299572;0.9999164480641898;1.0;0.999954504103753;0.9999496844868726;0.9999680278863117;0.9999481908241492;0.9999290466707331;0.9998389301203531;0.9999985720791201;0.9999503043119389;0.9999999999999999;1.0002391284288812;0.9998737836422669;1.0;0.9999078920475842;1.0;0.9998341221285215;1.0;0.9997150766879196;1.0;0.9997719309085681;1.0;0.9992990758917537;0.9992718992511822;0.9992496919451171;1.0;0.9999933081383552;0.9998500614194697;0.9999505350710964;0.9999044094035625;1.024999976158142;
2016-09-16 18:45:00;0.9998305425153348;1.0;0.9999590087760103;0.9998531507671337;0.999972236771205;0.9998714800796471;1.0001739350917962;0.9999193063335287;0.9999687856292596;0.9999208072437599;1.0;0.9998868127785288;0.9998932867445738;0.9999022447369017;1.0;0.9999461295627545;0.9999404191347484;0.9999606448563225;0.9999379336324836;0.9999152455272742;0.9998050333202648;0.9999986419253083;0.999941107579245;1.0;1.0002463638478138;0.9998475665685883;0.9999999999999999;0.9998910747772108;1.0;0.9998231558470779;0.9999999999999999;0.9997324810442997;1.0;0.9997635274963783;1.0;0.9993576983793541;0.9993331864302957;0.9993137386148264;1.0;0.9999919722286966;0.9998183369726651;0.9999419025845072;0.999889829713857;1.024999976158142;
2016-09-16 19:00:00;0.9998317943650387;1.0;0.9999554984932909;0.9998524162754786;0.9999733208185277;0.9998689084241851;1.0001748918983548;0.9999163561117379;0.9999664077511896;0.9999184732517714;1.0;0.9998869055351314;0.9998947684491738;0.9998973241285665;1.0;0.9999483388915766;0.9999426425524063;0.9999631309318664;0.99993785016929;0.9999150505425196;0.9998118369017958;0.9999975552183349;0.9999434255939316;0.9999999999999999;1.0002473604399083;0.9998525464671416;1.0;0.9998880753869414;1.0;0.9998153671213547;0.9999999999999999;0.9997086052151404;1.0;0.9997716646813206;1.0;0.9992801285138493;0.9992547154732538;0.9992340952708493;1.0;0.9999918756239515;0.9998253239123843;0.9999387171746961;0.9998899224707393;1.024999976158142;
2016-09-16 19:15:00;0.9999098904896678;1.0;0.999974609976836;0.9999192260004511;0.9999866916148393;0.999927426294757;1.0001666712208228;0.9999508503850651;0.9999806736717128;0.9999553119501691;1.0;0.999932021365496;0.9999393859067847;0.9999411483945282;1.0;0.9999693185163001;0.9999660802353499;0.999982104661985;0.9999669598258146;0.99995401918233;0.9999023116437675;0.9999981297419976;0.9999666099322975;1.0;1.00023468608341;0.9999224517161023;1.0;0.9999377605693084;1.0;0.9998129235215855;1.0;0.9997037697533661;1.0;0.9997531927231871;1.0;0.9992784562488819;0.9992534335269248;0.9992336064127151;1.0;0.9999957873227063;0.9999093720815504;0.9999655596079543;0.9999351077900716;1.024999976158142;
2016-09-16 19:30:00;0.9999049495261816;1.0;0.9999737669781776;0.9999138710509354;0.9999863913824535;0.9999227652679239;1.0001669997018823;0.9999452573847656;0.9999792459342096;0.9999536219925168;1.0;0.9999341511955931;0.9999411669133914;0.9999371485287475;1.0;0.9999631331388756;0.9999595149701183;0.9999817232235648;0.9999658020363409;0.9999511140837637;0.9998969948186804;0.9999979206667585;0.9999601388418479;0.9999999999999999;1.0002352990764145;0.9999171717236952;1.0;0.9999340356434548;1.0;0.9998142407563064;1.0;0.9997249120916035;1.0;0.9997139348535324;1.0;0.9993695909087686;0.9993450916927002;0.9993260561983001;1.0;0.999995817830362;0.9999040070315071;0.9999637927238313;0.9999372644253419;1.024999976158142;
2016-09-16 19:45:00;0.9999027533182525;1.0;0.9999730356435688;0.99991269147153;0.9999855890479346;0.9999217089039386;1.0001620847438477;0.999946394379153;0.9999790618513708;0.9999522660731406;1.0;0.9999290827866371;0.9999365351684067;0.9999367876421338;1.0;0.9999655402433151;0.999961988962879;0.9999805638373661;0.9999645735650834;0.9999501970145598;0.9998940555739789;0.9999979753832157;0.999962570214994;1.0;1.0002283982958684;0.9999155960681757;0.9999999999999999;0.999933036818223;1.0;0.9998238672884986;1.0;0.9997466457225224;1.0;0.9997648358081211;1.0;0.9993993925601964;0.9993821360561372;0.9993730021356914;1.0;0.9999955301294323;0.9999015048060463;0.9999630373348438;0.9999323137479418;1.024999976158142;
2016-09-16 20:00:00;0.9999195729140735;1.0;0.9999768425641669;0.9999258507787259;0.9999899914355914;0.9999330763789467;1.0001638840479516;0.9999507261007731;0.999982583692248;0.9999595117303133;1.0;0.9999422093228779;0.9999496098121688;0.999943510042076;1.0;0.999966358953591;0.9999631813741022;0.9999868568676017;0.9999710841039192;0.9999591135707032;0.9999159522759873;0.999998229081663;0.9999637969435768;1.0;1.0002306499327165;0.9999317629999986;0.9999999999999999;0.9999423371668839;1.0;0.9998310647727341;1.0;0.9997267552375351;1.0;0.9997091811995598;1.0;0.9993781011567424;0.9993613947212248;0.9993522609903458;1.0;0.9999966828129316;0.9999218849448401;0.9999689187368731;0.9999452667349352;1.024999976158142;
2016-09-16 20:15:00;0.9999064076505013;1.0;0.9999666793087763;0.9999095536252397;0.9999867418705911;0.9999145783187631;1.0001667685897115;0.9999325795198993;0.999969642911891;0.999951104569399;1.0;0.9999487615927158;0.9999562583158916;0.9999264554287242;1.0;0.9999601553921027;0.999956098558598;0.9999846814133169;0.9999668006965491;0.9999466441693529;0.9999072742554005;0.9999941109775796;0.9999570205844407;1.0;1.0002344849398423;0.9999220060006987;1.0;0.999926844290619;0.9999999999999999;0.9998312284986611;0.9999999999999999;0.9997317240991614;1.0;0.9997004913466542;1.0;0.9993991533503056;0.9993839716211437;0.9993764246493291;1.0;0.99999569774566;0.9999135164950853;0.9999545565590255;0.9999517228718117;1.024999976158142;
2016-09-16 20:30:00;0.9998845998453257;1.0;0.9999576544217971;0.9998886001549829;0.9999821592808076;0.9998939798953409;1.0001667121865607;0.9999175646245521;0.9999601053543747;0.9999395963511969;0.9999999999999999;0.9999409244649026;0.9999489971496364;0.9999097566052199;0.9999999999999999;0.99995445216833;0.9999495325494755;0.9999794567193642;0.9999588009224395;0.999932622181354;0.9998850677700669;0.9999918222130917;0.9999506363697142;1.0;1.0002344988281842;0.9999035525021611;1.0;0.9999094729762859;1.0;0.9998196743642489;1.0;0.9997505503020137;1.0;0.9996985471666207;1.0;0.9994575677866763;0.9994406217106401;0.9994314872556604;1.0;0.9999943429860377;0.999892791707575;0.99994183745346;0.999944057067085;1.024999976158142;
2016-09-16 20:45:00;0.9998554583643441;1.0;0.9999551922606295;0.9998666742312522;0.9999783793083666;0.9998776306286706;1.000163693376674;0.9999119450124805;0.9999621304195914;0.9999271912740094;1.0;0.9999158517447192;0.9999240730070651;0.9998990782176799;1.0;0.9999469671270574;0.9999413855802782;0.9999724411570304;0.9999476511822599;0.9999222744968231;0.9998475892937924;0.9999943982079206;0.99994243654869;1.0;1.0002309711818218;0.9998763869006723;1.0;0.9998953477008613;1.0;0.9998345732377367;1.0;0.999770470721707;1.0;0.9997349812912816;1.0;0.9994918629094344;0.9994750629387383;0.9994659281689809;0.9999999999999999;0.9999932209782205;0.9998581838580716;0.9999385902508436;0.9999189381193851;1.024999976158142;
2016-09-16 21:00:00;0.9998746946724292;1.0;0.9999583633970461;0.9998829885418663;0.9999820687459652;0.9998912614716332;1.0001625054338217;0.9999208027486662;0.9999654138701831;0.9999346407945072;1.0;0.9999238432843224;0.9999327601577079;0.9999080945963736;0.9999999999999999;0.9999549649338273;0.9999500910689466;0.9999779429034424;0.9999542176331456;0.9999321600627396;0.9998720722021743;0.9999943920402986;0.9999510830660164;1.0;1.0002288574376734;0.9998958309115902;0.9999999999999999;0.9999063672427387;1.0;0.9998316089327314;1.0;0.9997735644044694;0.9999999999999999;0.9997585270061247;1.0;0.9994848342785775;0.9994672226200084;0.9994569134358653;1.0;0.9999940356306546;0.9998814600366934;0.9999442113438792;0.9999269006402239;1.024999976158142;
2016-09-16 21:15:00;0.9998829680264747;0.9999999999999999;0.9999601597083124;0.999889109516563;0.9999824095573988;0.9998961797591787;1.0001568532025975;0.9999213798410708;0.999964133079883;0.9999398167163268;1.0;0.9999360721192502;0.9999437880985249;0.999912583872923;1.0;0.9999543280258172;0.9999495135261637;0.9999788123584177;0.9999580515139954;0.9999342169798952;0.9998805803902369;0.9999934559991861;0.9999505269862574;1.0;1.0002208817937799;0.9999011774176624;0.9999999999999999;0.9999112750052931;1.0;0.9998471364231291;1.0;0.9997743756957956;1.0;0.9997745543572086;1.0;0.9994758330988396;0.9994593448361117;0.9994502102100109;1.0;0.9999944395410019;0.9998887013849785;0.9999453415681178;0.9999390601594188;1.024999976158142;
2016-09-16 21:30:00;0.9998950481490727;1.0;0.9999658575637407;0.9999000967844115;0.9999848851763737;0.9999072410962161;1.0001572325418626;0.9999274777101523;0.9999688108811576;0.9999473063700408;1.0;0.9999440165537015;0.9999510205133266;0.9999218923771297;1.0;0.99995370509089;0.9999491935426507;0.99998160074876;0.9999631568600045;0.9999413476843194;0.9998920846323555;0.9999945413276831;0.9999501492906355;0.9999999999999999;1.000221471757239;0.9999098505113948;1.0;0.9999210334306838;1.0;0.9998464235595258;1.0;0.999755962030861;1.0;0.9996941484093003;1.0;0.9994764045333637;0.9994612346610938;0.9994540997136491;1.0;0.999995371540466;0.9998989439587419;0.999952450035897;0.9999470739712846;1.024999976158142;
2016-09-16 21:45:00;0.999897491867028;1.0;0.9999617341490155;0.9999009872943412;0.9999843805789262;0.9999055237780919;1.000154983209192;0.9999268411643379;0.9999645578940681;0.9999456654688073;1.0;0.9999435722876091;0.999951767784736;0.9999190031861998;1.0;0.9999605564286561;0.999956223937285;0.999982179161018;0.9999631847263629;0.9999403392281253;0.9998989005840123;0.9999927036572428;0.999957208549323;1.0;1.0002178932849786;0.9999153223781652;0.9999999999999999;0.9999190830558277;1.0;0.9998360691769755;1.0;0.9997575275931353;1.0;0.9997642953874615;1.0;0.99943231689024;0.9994154333754577;0.9994062991506887;0.9999999999999999;0.9999949175504385;0.9999059331913974;0.9999479662371185;0.9999466855466898;1.024999976158142;
2016-09-16 22:00:00;0.9998966562659809;0.9999999999999999;0.9999643422477178;0.9998999490561455;0.9999856087520644;0.9999060181672442;1.0001521148577581;0.9999246237390471;0.9999670551700508;0.9999469509204436;1.0;0.9999473051085094;0.9999547935526832;0.999919386797383;1.0;0.999952955054118;0.9999483677286117;0.9999832098194483;0.999963810935452;0.9999411988738662;0.9998967177678486;0.9999937368092228;0.9999494054812825;1.0;1.0002141433853384;0.9999126570322402;1.0;0.9999197723521873;1.0;0.9998375410210316;1.0;0.9997933204528056;1.0;0.9997774160292825;1.0;0.9995312363241394;0.9995152789833822;0.9995073500614915;1.0;0.9999954635583626;0.9999033272895557;0.9999507779326748;0.999950418379212;1.024999976158142;
2016-09-16 22:15:00;0.999913552411293;1.0;0.9999697205943623;0.9999159305691419;0.9999878008098307;0.9999207505359133;1.000148799732511;0.9999359756794808;0.9999715959404617;0.999955555176356;1.0;0.9999537825956336;0.9999608687544528;0.9999319532621394;1.0;0.9999603075070832;0.9999564276111734;0.9999859072173826;0.9999697957862392;0.9999503069040602;0.9999139427646467;0.9999944372341354;0.9999573148237766;1.0;1.0002093150341453;0.9999269353182009;1.0;0.9999324118421249;1.0;0.9998424506131454;1.0;0.9997955631790476;1.0;0.9997946083267187;1.0;0.9995258912615052;0.9995097011581201;0.9995013596537313;0.9999999999999999;0.9999961769622808;0.9999193819271369;0.9999580906439168;0.9999568690873781;1.024999976158142;
2016-09-16 22:30:00;0.9998909572823766;0.9999999999999999;0.9999607019281775;0.9998954849082062;0.9999850923854106;0.9999012427175433;1.0001540001152616;0.9999244669794449;0.999966271625919;0.9999415815523767;1.0;0.9999368261360982;0.9999457430446977;0.9999142877609872;1.0;0.9999577758581615;0.9999532726200835;0.999982774393855;0.9999604623139772;0.9999391956103505;0.9998931065247924;0.9999936946547076;0.9999542939421184;0.9999999999999999;1.0002165982945617;0.9999112496485933;1.0;0.9999147587284393;1.0;0.9998394079400342;1.0;0.9998126245346336;0.9999999999999999;0.9997536290811693;1.0;0.9996060266251443;0.999589761996148;0.9995810388367933;1.0;0.9999948584611849;0.9999009726124776;0.999947699860114;0.9999398432223304;1.024999976158142;
2016-09-16 22:45:00;0.9998837286836011;1.0;0.99995885295499;0.9998891529434947;0.9999854288617933;0.9998958591556117;1.0001532224963445;0.9999213156592784;0.9999669488218377;0.9999369447607236;1.0;0.9999279982484718;0.9999382437814132;0.9999086575896193;0.9999999999999999;0.999955442640487;0.9999507442559932;0.9999830495753006;0.9999574412395957;0.9999371875657822;0.999886880636538;0.9999943263864561;0.9999518125776061;1.0;1.000215556478279;0.9999067607648036;1.0;0.9999095161955774;0.9999999999999999;0.9998516166065157;0.9999999999999999;0.999796045472324;1.0;0.9997711633237836;1.0;0.9995435507367473;0.9995256812947418;0.9995157524679072;1.0;0.9999946826904356;0.9998956336436577;0.999946306337788;0.999931229206272;1.024999976158142;
2016-09-16 23:00:00;0.9999005686806685;1.0;0.9999646026222417;0.9999042360364779;0.9999856583401022;0.9999095434222468;1.0001462602434592;0.999929346990497;0.9999678031771261;0.9999480188267811;1.0;0.9999448245252035;0.9999527372447231;0.9999224272914893;1.0;0.9999589549375056;0.9999547034820978;0.999983345067611;0.9999645715428395;0.9999433239254654;0.9999011243373241;0.9999937589138502;0.9999556589453469;0.9999999999999999;1.0002057781691314;0.9999171362399235;1.0;0.9999225327253466;1.0;0.9998571822562148;0.9999999999999999;0.9998387671387312;1.0;0.9998088236396699;1.0;0.9996462111199174;0.9996302519436076;0.999622322109663;1.0;0.9999953554621812;0.9999078435924665;0.9999517373228298;0.9999479377881829;1.024999976158142;
2016-09-16 23:15:00;0.9999200476276925;1.0;0.9999719595093803;0.9999240513020144;0.9999885188412672;0.9999285991517237;1.0001445005752163;0.9999461225704587;0.9999757186252348;0.9999578739020164;1.0;0.9999459210745847;0.9999539671340157;0.9999388877328451;0.9999999999999999;0.9999697149817468;0.9999664617984545;0.9999863986498703;0.9999710518571115;0.9999554933575187;0.9999200311312795;0.9999955619527436;0.999967168367872;1.0;1.0002031367624318;0.9999339851678891;0.9999999999999999;0.9999385880958036;1.0;0.9998556361679501;1.0;0.9998197149430492;0.9999999999999999;0.9998114702624845;0.9999999999999999;0.9995869380581397;0.9995700393653421;0.9995613163781017;0.9999999999999999;0.9999961702171437;0.9999258036880024;0.9999623234684258;0.9999491385795031;1.024999976158142;
2016-09-16 23:30:00;0.999919155441403;1.0;0.9999718126962879;0.9999232599669595;0.9999889464858427;0.9999280220850766;1.0001402973385338;0.9999457616895862;0.9999763584066613;0.9999570781927896;1.0;0.9999455115548899;0.9999535416531677;0.9999379059980609;1.0;0.9999691696142099;0.9999658961043578;0.9999869043449298;0.9999706246001986;0.9999556677007366;0.9999196833671394;0.9999958425462144;0.999966613488491;1.0;1.0001972477075547;0.9999338220790608;0.9999999999999999;0.9999378686640782;0.9999999999999999;0.9998704343304711;0.9999999999999999;0.9998455621001882;1.0;0.9998457916039905;1.0;0.999640919934323;0.9996251806856116;0.9996172508918961;1.0;0.999996203132627;0.9999256222264301;0.9999625226964372;0.9999485554662338;1.024999976158142;
2016-09-16 23:45:00;0.9999127492848989;1.0;0.9999702571336813;0.9999179971095937;0.9999892949860394;0.9999236803919912;1.000143888039914;0.9999439328060776;0.9999775144083551;0.9999528026865163;1.0;0.9999374442174045;0.9999464315591745;0.9999332436112977;1.0;0.9999680521190045;0.9999646625621051;0.9999871318152538;0.9999677835428458;0.9999542770285283;0.9999141146346917;0.9999966021522338;0.9999654019665002;1.0;1.0002023133310796;0.9999301490620529;1.0;0.9999334766332809;1.0;0.9998584583493745;1.0;0.9998253451829626;1.0;0.9998223943629213;1.0;0.9995963182650933;0.9995803468541903;0.9995720047602212;1.0;0.9999960112309934;0.9999209790749221;0.999961645942937;0.9999404613055015;1.024999976158142;
2016-09-17 00:00:00;0.9999176664743817;0.9999999999999999;0.9999734310100954;0.9999227287647827;0.999989179372952;0.9999286599587369;1.000143860265998;0.9999465830805996;0.9999785092960168;0.9999573031224686;1.0;0.999943002425325;0.9999509728607736;0.999939000724213;1.0;0.9999670352743423;0.999963721855583;0.9999866331869471;0.9999702640142014;0.999956190829358;0.9999163996656927;0.9999967655634615;0.9999644143906729;1.0;1.0002024087830077;0.9999314814224706;1.0;0.9999384912980293;1.0;0.999867945183753;1.0;0.9998319705023848;1.0;0.9997913747875432;1.0;0.9996377860327879;0.9996210626896553;0.9996123392571478;1.0;0.9999963470233311;0.9999224278028828;0.9999644929036335;0.9999461640780029;1.024999976158142;
2016-09-17 00:15:00;0.9999175676550066;1.0;0.9999724470425073;0.9999222740716338;0.999988116216536;0.999927617325705;1.0001393203883677;0.9999455196231141;0.9999761562091211;0.9999574857441486;1.0;0.9999449073323469;0.9999526400115578;0.9999386972549306;0.9999999999999999;0.9999677644788726;0.9999644115502372;0.9999855441036268;0.9999703611089842;0.9999546194065506;0.9999159738473695;0.9999959125519491;0.9999651126562551;1.0;1.0001960094760465;0.9999308081340949;1.0;0.9999379369325864;1.0;0.9998580617666365;1.0;0.9998485593073497;1.0;0.9998764945069119;1.0;0.9996289498603618;0.9996120504573265;0.9996033271034664;1.0;0.9999961478987452;0.9999218474872272;0.9999625999724047;0.9999481248340035;1.024999976158142;
2016-09-17 00:30:00;0.9999467340978452;1.0;0.9999795870970706;0.9999479784188117;0.999992256937055;0.9999501349390217;1.0001330935557975;0.99996050999076;0.9999812291694731;0.9999713791074303;1.0;0.9999603466296687;0.9999676770621594;0.9999565394825839;1.0;0.9999784488718735;0.9999761341273213;0.999991415968174;0.9999809435160284;0.9999689254564196;0.9999486014815457;0.9999960507173955;0.9999766836842473;1.0;1.0001868387584947;0.9999565789429242;0.9999999999999999;0.9999571729214931;0.9999999999999999;0.9998685913350186;1.0;0.9998658064757106;1.0;0.999899477618259;1.0;0.9996649283341427;0.9996484130521923;0.9996400703901703;1.0;0.9999974040388825;0.999952215292841;0.9999724723143865;0.9999635351364852;1.024999976158142;
2016-09-17 00:45:00;0.9999456250602085;1.0;0.9999795688415696;0.9999469747133863;0.9999921813566276;0.9999493735594702;1.0001337392929561;0.9999597772936752;0.999981214287312;0.9999710333421736;1.0;0.9999612820239477;0.9999682711516158;0.99995598445252;1.0;0.9999774020730862;0.9999750270267372;0.9999912515757341;0.9999806328852199;0.9999684465662543;0.9999471922809894;0.9999961174175928;0.9999755862092164;1.0;1.000187784428334;0.9999553722632676;1.0;0.9999565650701665;1.0;0.9998699159714463;1.0;0.9998530061495029;1.0;0.9998946537990872;0.9999999999999999;0.9996296060763099;0.9996135495716727;0.9996052072006073;1.0;0.9999974052279837;0.9999508407685667;0.9999723399007464;0.9999643259832984;1.024999976158142;
2016-09-17 01:00:00;0.9999445029408094;1.0;0.9999800928662156;0.9999463979010251;0.9999928492060912;0.9999494279070104;1.0001299443792566;0.9999603108382308;0.9999830283124344;0.9999703005314605;1.0;0.9999580022749218;0.999965394720746;0.9999556304856048;1.0;0.9999766651402431;0.9999742956902583;0.9999918382166325;0.9999800855974921;0.9999692095813006;0.999946123637052;0.9999968474479389;0.9999748477068192;1.0;1.000182512614011;0.9999549011921651;0.9999999999999999;0.9999563226327751;1.0;0.9998894710012061;1.0;0.9998718247143;1.0;0.9999032278957047;1.0;0.9996802405886316;0.9996628269188044;0.9996528967296288;1.0;0.9999974980372466;0.9999500282297448;0.9999735459275789;0.9999610887796909;1.024999976158142;
2016-09-17 01:15:00;0.9999528783054059;1.0;0.9999822637412629;0.9999544864645166;0.999992192456618;0.9999564356002723;1.0001281109424283;0.9999661692528938;0.999982815433681;0.9999754069755044;1.0;0.9999636981115326;0.9999701368803628;0.9999631308960932;1.0;0.999982056762837;0.9999800477798114;0.9999910420930032;0.9999831997105583;0.9999719290269143;0.9999528903775614;0.999996325364718;0.999980495262462;1.0;1.0001798574867715;0.9999604664935693;1.0000000000000002;0.9999629260017842;1.0;0.999892486011146;1.0;0.9998624729075787;1.0;0.9999068562971518;1.0;0.9996495070093969;0.9996337676254828;0.9996258377636493;1.0;0.9999975664943725;0.9999560286614194;0.9999754926433366;0.9999667420782379;1.024999976158142;
2016-09-17 01:30:00;0.9999411060898309;1.0;0.999980033492157;0.9999446792177137;0.9999892992726678;0.9999480637644469;1.0001245807927301;0.9999612149201169;0.999980035843959;0.9999709718636217;1.0;0.9999578501837244;0.9999639607671736;0.9999580741848756;1.0;0.9999784215410751;0.9999760120605033;0.9999868971756295;0.9999791204798715;0.9999653504274478;0.9999373886553982;0.9999960493315401;0.999976477066115;1.0;1.0001751694439374;0.9999482810489813;1.0;0.9999562984559539;1.0;0.9999217582652646;1.0;0.9998763331938207;1.0;0.9999127390655282;1.0;0.9996870100404144;0.9996704943936564;0.9996621515473524;0.9999999999999999;0.9999969290684597;0.9999412728646166;0.9999714484260074;0.9999610386825807;1.024999976158142;
2016-09-17 01:45:00;0.9999408388303613;1.0;0.999979519192547;0.999942517079279;0.9999904266352806;0.999945765986454;1.0001248740100988;0.999955833593261;0.9999790124732147;0.9999707681661189;1.0;0.9999636334615798;0.9999697055866323;0.9999547239155985;1.0;0.9999724387662834;0.9999697289370822;0.9999887507550312;0.9999797167012653;0.9999647108657099;0.9999392504737538;0.9999956679625884;0.9999703238191515;1.0;1.0001755999893256;0.999948178664149;1.0;0.9999543446420095;1.0;0.9999169265721788;1.0;0.9998755583348693;1.0;0.9999153416095926;1.0;0.9996829056906972;0.9996660053755021;0.9996572815507914;1.0;0.9999972700260512;0.9999426789474669;0.9999705775557884;0.9999668510234911;1.024999976158142;
2016-09-17 02:00:00;0.9999450972331263;1.0;0.9999808102586608;0.9999474375538348;0.9999912393083101;0.9999504460355622;1.0001241616279952;0.9999614453182453;0.999981626554815;0.999972098283953;1.0;0.9999613305010187;0.9999675913800223;0.9999584314733836;1.0;0.9999775432139226;0.9999751923966735;0.9999896108289111;0.9999806130793225;0.9999681210289374;0.9999439264971492;0.9999963624428474;0.9999756962217349;1.0;1.0001744920557354;0.9999530702884697;1.0;0.9999579232135218;1.0;0.9999203913991959;1.0;0.9998686032962847;1.0;0.9999141960172941;1.0;0.9996626794552286;0.9996467069840156;0.9996383643362319;1.0;0.999997337519766;0.9999475124920898;0.9999732088180657;0.9999643476611874;1.024999976158142;
2016-09-17 02:15:00;0.9999520899767421;1.0;0.9999841323104016;0.9999546522705012;0.999993159636681;0.9999578275316988;1.0001219340769105;0.9999677478400362;0.9999861074431156;0.9999754760353066;1.0;0.9999606378230701;0.9999671680646944;0.9999642470066968;0.9999999999999999;0.9999802828737187;0.999978290588896;0.9999916828573644;0.9999829158055832;0.9999735708924624;0.9999511306144027;0.9999976134374543;0.9999787107941455;1.0;1.000171338121332;0.9999595491191663;1.0;0.9999639041283541;0.9999999999999999;0.9999334796548388;1.0;0.9998772122400255;1.0;0.9999126920066731;1.0;0.9996895881956569;0.9996738481806686;0.9996659180008854;1.0;0.9999978101552028;0.999954452163243;0.999978327636009;0.9999636817804597;1.024999976158142;
2016-09-17 02:30:00;0.9999659579298178;1.0;0.9999875478400635;0.99996706319187;0.9999947882216349;0.999968695804035;1.0001193968241906;0.9999753415983712;0.9999882665431337;0.9999822528040797;1.0;0.9999678021843316;0.9999740496782672;0.999973230680099;1.0;0.9999860056216412;0.9999845298913799;0.9999940069859383;0.9999879275382597;0.9999801593389551;0.9999661529601697;0.9999976002737363;0.9999848630667564;1.0;1.000167575465651;0.9999715127554026;1.0;0.9999732841920558;1.0;0.9999420558201341;0.9999999999999999;0.9998866687734769;1.0;0.9999190251224098;1.0;0.9997137114373223;0.999697043027669;0.9996879062291095;0.9999999999999999;0.9999983459885531;0.9999684017405034;0.9999828922406542;0.99997084616353;1.024999976158142;
2016-09-17 02:45:00;0.9999746169002157;1.0;0.9999917284361607;0.9999750113408459;0.9999970992521358;0.9999767994375335;1.0001160989331221;0.9999801585001885;0.9999924956562349;0.9999871941762157;1.0;0.9999713118413329;0.9999775655857245;0.9999796415596421;1.0;0.9999857855776064;0.9999845611045396;0.9999966536036793;0.9999914086665668;0.9999859122954248;0.9999749886095058;0.9999986820929662;0.9999848517552141;0.9999999999999999;1.0001629758129111;0.9999783870644641;1.0;0.9999801873718557;1.0;0.9999653953556454;1.0;0.9998771428555043;1.0;0.9999159384274622;1.0;0.9996869867651147;0.9996691583938512;0.9996592281417814;1.0;0.9999990802763232;0.9999764568467958;0.9999885287950618;0.9999745294279507;1.024999976158142;
2016-09-17 03:00:00;0.9999761403916063;1.0;0.9999924097573968;0.9999773023690729;0.9999964758723198;0.9999790035674597;1.000114266343895;0.9999834248044985;0.9999928957565422;0.9999882463931568;1.0;0.9999684169817115;0.9999748891962161;0.9999824568658529;1.0;0.9999890867114161;0.9999880451928255;0.9999956686772169;0.9999917159307409;0.9999866130004023;0.9999751838735635;0.9999987607590018;0.9999882623964617;1.0;1.0001603949091065;0.9999792166746644;1.0;0.9999822086229608;1.0;0.999972606236088;1.0;0.9998925756326746;1.0;0.9999222405706775;0.9999999999999999;0.9997291954437937;0.9997103951243324;0.9997000834319427;1.0;0.999998955664437;0.9999766927543376;0.9999892813297744;0.9999718484658572;1.024999976158142;
2016-09-17 03:15:00;0.9999740468226974;1.0;0.9999915015160711;0.9999750949422354;0.9999967182240806;0.999976903390442;1.0001137071482273;0.9999815822376339;0.9999926799881853;0.9999867008927599;1.0;0.9999672612090502;0.999974026958358;0.9999800307384337;1.0;0.9999878672971394;0.9999867303528682;0.9999960719052937;0.9999908934341043;0.9999858428975582;0.9999740039700893;0.9999987800242148;0.9999869839227241;1.0;1.000159602775076;0.9999781801373743;1.0;0.9999801893283864;1.0;0.9999769612784647;1.0;0.9998920550550865;1.0;0.9999182262524569;1.0;0.9997303624287802;0.9997134854293453;0.9997055549351289;1.0;0.9999989237190591;0.9999757253038221;0.999988439141889;0.9999706636445166;1.024999976158142;
2016-09-17 03:30:00;0.9999727839863862;1.0;0.9999907620185384;0.9999739554716229;0.9999966343578492;0.9999757213731604;1.0001140466456309;0.9999810632860348;0.9999923945241036;0.9999856490580697;0.9999999999999999;0.999966091367953;0.9999729967451246;0.9999787821033198;1.0;0.9999882374950692;0.9999870857887965;0.9999960278613395;0.9999902635050141;0.9999853004642734;0.9999731841838116;0.9999987309919588;0.9999873460314928;1.0;1.0001600516366311;0.9999776802320592;1.0;0.9999790277612717;1.0;0.9999697460145166;0.9999999999999999;0.9998903913531874;1.0;0.9999261352464902;1.0;0.9997199464286183;0.9997023614460926;0.9996932245989251;1.0;0.9999988238122106;0.9999751120097502;0.9999877315939196;0.9999694244442343;1.024999976158142;
2016-09-17 03:45:00;0.9999706494251003;1.0;0.9999898348639323;0.9999715747765396;0.9999963999759924;0.9999733696119972;1.0001142898153366;0.9999786471894374;0.9999913330969371;0.9999845403929711;1.0;0.9999687245163233;0.9999750589230636;0.9999766000273155;1.0;0.9999865363575159;0.9999852455239627;0.9999958547744958;0.9999896206925404;0.9999838631997637;0.9999713642674345;0.999998456450121;0.9999855466403754;1.0;1.0001604084670894;0.9999758750463047;1.0;0.9999770463167051;1.0;0.9999632024303792;1.0;0.9998951604239726;1.0;0.9999249318010379;1.0;0.9997351763057258;0.999719520143834;0.9997115896017458;1.0;0.9999987568251772;0.9999733515753512;0.9999863944776359;0.9999717416988019;1.024999976158142;
2016-09-17 04:00:00;0.9999780029183462;0.9999999999999999;0.9999926900087615;0.9999778118564328;0.9999977090022044;0.9999792938213022;1.0001136538769928;0.9999813381208894;0.9999930816903257;0.9999889438144162;1.0;0.9999745374214281;0.9999805278628944;0.9999815492696782;1.0;0.9999860991311394;0.9999849557210465;0.9999975054104395;0.999992763841767;0.9999875426545914;0.9999788137403767;0.9999987013751368;0.9999852420323705;1.0;1.000159516061297;0.9999812015503403;0.9999999999999999;0.9999823596462104;1.0;0.999967630027126;0.9999999999999999;0.9998923631942198;1.0;0.9999220238304002;1.0;0.9997287205135693;0.9997114472391836;0.9997019292773225;1.0;0.9999992867078746;0.9999799372507963;0.9999897504272465;0.9999776798218498;1.024999976158142;
2016-09-17 04:15:00;0.9999718889630884;0.9999999999999999;0.9999911880303771;0.9999722334888227;0.9999970117264995;0.9999743946779016;1.0001140626078429;0.9999776690698206;0.9999920245771455;0.9999860125389407;1.0;0.9999717265576789;0.9999778340865899;0.9999774698585556;0.9999999999999999;0.9999831776932749;0.999981786246522;0.9999965246920332;0.9999906144575481;0.9999845638807899;0.9999722248651939;0.9999986716666073;0.9999821178911071;1.0;1.0001601859311586;0.9999758440804157;1.0;0.9999781592802476;1.0;0.999964128142811;1.0;0.9998979495036548;1.0;0.9999277358584165;1.0;0.9997416614293279;0.9997249363484219;0.999716212009436;1.0;0.9999990685819958;0.9999737777735136;0.9999876845946877;0.9999748883011774;1.024999976158142;
2016-09-17 04:30:00;0.9999747164576989;0.9999999999999999;0.9999915824183349;0.9999759109183451;0.9999967108043812;0.999977610208029;1.0001134970914227;0.9999826030059139;0.9999929047418852;0.999986875230913;0.9999999999999999;0.9999692237378474;0.9999753765754039;0.9999806633097237;1.0;0.9999890841931303;0.9999880159166611;0.9999960521571285;0.9999909925074424;0.9999862681336383;0.9999746937906476;0.9999988216362135;0.9999882505700151;1.0;1.0001592815436016;0.9999789643590525;1.0;0.9999807378068052;0.9999999999999999;0.9999680262063074;1.0;0.9998929854708283;1.0;0.9999284756100082;1.0;0.9997261727626098;0.9997099061787109;0.9997011819708893;1.0;0.9999988957625257;0.9999764561180289;0.9999886797897388;0.9999722409218322;1.024999976158142;
2016-09-17 04:45:00;0.999972311464021;1.0;0.9999912015047348;0.9999741391218134;0.999996393953179;0.9999762222150026;1.0001142536971015;0.9999823213203664;0.999993044222587;0.9999856783655248;1.0;0.9999663066194207;0.9999726536540712;0.99997967195109;1.0;0.9999889780373489;0.9999878750509272;0.999995496377366;0.9999899914598692;0.9999854408836719;0.999971779089064;0.9999990144704445;0.9999881020767014;1.0;1.0001603799537566;0.9999769647738875;1.0;0.9999794830961074;1.0;0.9999654197969908;0.9999999999999999;0.9998937875369784;1.0;0.999921705971673;1.0;0.9997332384505904;0.9997156224149566;0.9997053106686492;1.0;0.9999987726496583;0.9999738368317104;0.9999882928120426;0.9999693641051577;1.024999976158142;
2016-09-17 05:00:00;0.9999737951464404;1.0;0.9999918067413854;0.9999745011160598;0.9999970280684878;0.9999765250160293;1.0001149231371067;0.9999802696958406;0.9999927987787651;0.9999868811956103;1.0;0.9999711994431714;0.9999772252193894;0.999979536261029;1.0;0.9999856356506164;0.9999844031536175;0.9999964522213921;0.9999910786408699;0.9999857621175499;0.9999738088431993;0.9999988467547595;0.9999846867847386;1.0;1.0001613557421718;0.999977596615897;1.0;0.9999799372787177;0.9999999999999999;0.9999640808127849;1.0;0.999880808407884;1.0;0.9999219729910194;0.9999999999999999;0.9996939161758363;0.9996765022677909;0.9996665719427704;1.0;0.9999990572040048;0.9999753787620922;0.9999886577008152;0.9999742859886753;1.024999976158142;
2016-09-17 05:15:00;0.9999771876904143;1.0;0.9999917807276902;0.9999770786457013;0.999997158065455;0.9999782668072463;1.0001141814684966;0.9999810549189563;0.99999203219533;0.9999882643793655;1.0;0.9999739257431765;0.999979954707807;0.9999808100448164;0.9999999999999999;0.999987302668646;0.9999861654373089;0.9999969345648712;0.9999923116961852;0.9999866406025231;0.9999781024311607;0.9999983496584737;0.9999864487288109;1.0;1.0001602118032724;0.9999807597796179;1.0;0.9999814857841626;1.0;0.9999685761346652;1.0;0.99988125315212;1.0;0.9999231054593327;1.0;0.9996944650169693;0.99967728398646;0.9996677663498574;1.0;0.9999991066301762;0.999979355168209;0.999988557253448;0.9999770390967606;1.024999976158142;
2016-09-17 05:30:00;0.9999769056282053;1.0;0.9999915694526034;0.9999770605733869;0.9999970401869096;0.9999782209703367;1.0001141070765864;0.9999816520962742;0.9999921114194908;0.9999879117509199;0.9999999999999999;0.9999726782072258;0.9999788038009598;0.9999808044957565;1.0;0.9999883467997523;0.999987252025351;0.9999967661277125;0.9999920361824258;0.9999866291102009;0.9999778204802503;0.9999983882249951;0.9999875206100631;1.0;1.0001600876286239;0.9999808096207986;1.0;0.9999813651999522;1.0;0.9999697137548652;0.9999999999999999;0.9998836143417809;1.0;0.9999238785803477;1.0;0.9997010532632864;0.9996851777793664;0.9996772475097081;0.9999999999999999;0.9999990319034248;0.9999792105246927;0.9999884503304758;0.9999757647572942;1.024999976158142;
2016-09-17 05:45:00;0.9999716522722389;1.0;0.9999906321108919;0.9999727945129478;0.9999973008855105;0.999974862807201;1.000115370383802;0.9999801353572658;0.9999932129964322;0.9999847004592183;1.0;0.9999666134616617;0.9999733596653565;0.9999773301121679;1.0;0.9999868478488467;0.9999856400935233;0.9999968445005961;0.999989811600647;0.9999855114311316;0.999972853280684;0.999999084209784;0.9999859255960338;1.0;1.0001619185184938;0.9999774078588377;1.0;0.9999780223297142;1.0;0.9999683436089534;1.0;0.9998780323905148;1.0;0.9999153976339735;0.9999999999999999;0.9996900370482714;0.9996745464790737;0.9996669973129472;0.9999999999999999;0.9999989110751022;0.9999749390828462;0.9999880139955267;0.9999696709483369;1.024999976158142;
2016-09-17 06:00:00;0.9999766924755248;1.0;0.9999917950535966;0.9999778867749889;0.9999971177448066;0.9999792832284313;1.0001166496389586;0.9999844617313451;0.9999936160132803;0.9999873214889594;1.0;0.9999682098873622;0.9999746635300417;0.999981747004437;1.0;0.9999912064588614;0.9999902766887349;0.9999966215377458;0.9999914396811329;0.9999875894130137;0.9999773398003706;0.9999989477137591;0.9999904863193109;1.0;1.0001636243807523;0.999981429689409;1.0;0.9999819586572276;1.0;0.9999717751230817;1.0;0.9998813487699311;1.0;0.9999257683135443;1.0;0.9996929240993917;0.9996757300626199;0.9996657997452705;1.0;0.9999989228984609;0.9999791405598869;0.9999894001747885;0.9999712270682881;1.024999976158142;
2016-09-17 06:15:00;0.9999701434834983;1.0;0.999991009059771;0.9999714704424906;0.9999965001554131;0.9999739513325522;1.0001209989752926;0.9999789014617144;0.9999924219893482;0.9999851180432671;1.0;0.9999690309474653;0.9999750202283897;0.9999775623870572;1.0;0.9999847353867914;0.9999834000668977;0.9999956515743056;0.9999896843226159;0.9999841371944487;0.9999695935377336;0.9999989284598724;0.9999836916066622;1.0;1.0001699270953983;0.9999744265360005;1.0;0.9999777063041092;1.0;0.9999709082227993;1.0;0.9998671247158254;1.0;0.9999139042809667;1.0;0.999658152863619;0.9996427909865446;0.9996352420602236;1.0;0.9999988839699063;0.9999715013320386;0.9999876243610651;0.9999720481308684;1.024999976158142;
2016-09-17 06:30:00;0.9999759689890908;0.9999999999999999;0.9999923916292386;0.9999763803515622;0.9999974727699751;0.9999782079221384;1.000121612684197;0.9999812917584676;0.9999933384437754;0.9999878818274415;1.0;0.9999728046732699;0.9999787122176153;0.9999807593008783;1.0;0.9999861794477818;0.9999850179840332;0.9999970577710904;0.999991876833191;0.999986942752452;0.9999763627418884;0.9999989165573389;0.9999852942188553;1.0;1.0001707001580469;0.9999795906501955;1.0;0.9999813416280429;1.0;0.9999611641175967;1.0;0.9998784087594161;1.0;0.9999141662345009;1.0;0.9996920551520201;0.9996748611301937;0.9996649308214757;1.0;0.9999991789374755;0.9999777643344323;0.9999895171656912;0.9999758218680594;1.024999976158142;
2016-09-17 06:45:00;0.9999774819528263;1.0;0.9999924787610467;0.9999777617389133;0.9999974738322477;0.9999792679637102;1.0001262563983015;0.9999822672641445;0.9999932507644953;0.9999884832595983;1.0;0.9999734718248221;0.9999793443905325;0.9999816716361795;0.9999999999999999;0.9999875172931464;0.999986432143528;0.9999971400373246;0.9999923412581196;0.9999874891178547;0.9999780774049534;0.9999987889013054;0.9999866940099394;0.9999999999999999;1.0001771611451078;0.999981040103931;1.0;0.9999822480091506;1.0;0.9999459561221077;1.0;0.9998584484601768;1.0;0.9998806874363291;0.9999999999999999;0.9996549587369278;0.9996387849602985;0.9996300613731334;1.0;0.9999991740562927;0.9999794034167184;0.9999896681239878;0.9999764599767497;1.024999976158142;
2016-09-17 07:00:00;0.9999800274825561;1.0;0.9999931537809865;0.9999804538795948;0.9999982579681903;0.9999817976237684;1.0001327084749132;0.9999850104846156;0.9999948765100526;0.9999891175436881;1.0;0.9999716416329589;0.9999779356216365;0.9999833215591396;1.0;0.9999899024827287;0.9999890030158218;0.9999980957906568;0.9999929165157329;0.9999896202662354;0.9999813816315066;0.9999992177010558;0.999989228100181;0.9999999999999999;1.0001861302626014;0.999984215678273;0.9999999999999999;0.9999840847554519;1.0;0.9999476309907359;1.0;0.9998503233985337;0.9999999999999999;0.9998560789525316;1.0;0.999647395669414;0.9996309045764339;0.9996217683823513;1.0;0.9999992718090845;0.9999827818935326;0.9999912243798129;0.9999746297794176;1.024999976158142;
2016-09-17 07:15:00;0.9999741727694856;1.0;0.9999918272241614;0.9999754699810891;0.9999973376932997;0.9999775036290681;1.0001289974853842;0.9999824568252121;0.999994004456257;0.9999863814756943;1.0;0.9999592033079702;0.9999678606410717;0.9999800677555531;1.0;0.9999881487147911;0.9999870629620953;0.9999967511052895;0.9999907507526741;0.9999868218655437;0.9999745919458635;0.9999992474298908;0.9999873072621299;1.0;1.000181023727807;0.9999789775417023;1.0;0.9999804254324541;1.0;0.9999520890379787;1.0;0.9998651266234236;0.9999999999999999;0.999895514017914;1.0;0.9996648503868112;0.9996440749953693;0.9996345576749397;1.0;0.9999989974313439;0.999976477087977;0.9999893842637027;0.9999634532228387;1.024999976158142;
2016-09-17 07:30:00;0.9999728557002666;1.0;0.9999919149606714;0.9999742922367144;0.9999972441876112;0.9999766656424306;1.0001313246485728;0.9999815877643379;0.9999940490078779;0.9999860598819728;1.0;0.9999564115054645;0.9999656642798129;0.9999795154641256;1.0;0.99998672572055;0.9999855630549669;0.9999965258088871;0.9999904133176835;0.9999862705669065;0.9999728014017545;0.9999993542509145;0.9999858183340377;0.9999999999999999;1.0001843446477603;0.9999774270080745;1.0;0.9999797851494949;1.0;0.9999538604927121;0.9999999999999999;0.9998447784662683;1.0;0.9998855327091938;1.0;0.99961034390733;0.9995876904476226;0.9995773800208926;1.0;0.9999990103707052;0.9999747059487359;0.9999893254973108;0.9999610621794285;1.024999976158142;
2016-09-17 07:45:00;0.9999650033057863;1.0;0.9999894126410298;0.9999674663485216;0.9999961562853334;0.9999704516130532;1.0001311343018906;0.9999780690885477;0.9999926125709543;0.9999817167027671;1.0;0.9999604367892659;0.9999675642793505;0.9999742729456875;0.9999999999999999;0.9999854042944138;0.9999840224999208;0.9999950763890211;0.9999872877029151;0.9999825318171514;0.9999646712558043;0.9999992681593731;0.9999843100386029;1.0;1.0001841326841316;0.9999713143011794;0.9999999999999999;0.9999742750599955;1.0;0.9999543207129494;1.0;0.9998414703758108;1.0;0.9998910701151874;1.0;0.999596554522574;0.9995795711082553;0.9995708480378341;0.9999999999999999;0.9999985800143085;0.999967365529131;0.9999863011314591;0.9999636811402027;1.024999976158142;
2016-09-17 08:00:00;0.9999749115394824;0.9999999999999999;0.9999914578589577;0.999975490638304;0.99999758256684;0.999977172657694;1.0001305605441138;0.9999812312865952;0.9999933130598609;0.9999865340992138;1.0;0.9999707464499707;0.9999769766952896;0.9999793488256227;0.9999999999999999;0.9999873873530679;0.9999862550626574;0.9999972993305385;0.9999911507742407;0.9999867432576975;0.9999762438057871;0.9999989342559215;0.9999865328663508;1.0;1.0001831754591317;0.9999798458373111;1.0;0.9999801434602089;0.9999999999999999;0.999943944138512;1.0;0.99984337055841;1.0;0.9998978142069767;1.0;0.999597728016981;0.9995826970582565;0.9995751485857424;1.0;0.9999990621784658;0.9999779583585102;0.9999888659318781;0.9999736593974599;1.024999976158142;
2016-09-17 08:15:00;0.9999552018655569;0.9999999999999999;0.9999839460912403;0.9999578037498326;0.9999964212458659;0.9999606579441093;1.0001405919890434;0.9999717478172979;0.9999907432557062;0.9999736213109778;1.0;0.9999525463526135;0.9999611096383936;0.9999632758697231;1.0;0.9999847773869551;0.9999831384348189;0.9999959863341092;0.9999827765081054;0.999978563157664;0.9999592625016566;0.9999990106657989;0.9999835387990738;1.0;1.0001972169996274;0.9999674633528042;1.0;0.9999646811454271;0.9999999999999999;0.999908798029006;0.9999999999999999;0.9998321585161113;1.0;0.9998824653332713;1.0;0.9995747837135459;0.9995591426285007;0.9995508007114934;1.0;0.999998067522241;0.999963338998668;0.9999811712485072;0.9999554592470852;1.024999976158142;
2016-09-17 08:30:00;0.999843315001295;1.0;0.9999420696714577;0.9998544606975294;0.9999916464613668;0.9998642439982388;1.0001552066674346;0.9999099422687875;0.9999749587407125;0.9999013639908286;1.0;0.9998620355508705;0.9998830544421515;0.9998688061501257;0.9999999999999999;0.9999588787089813;0.9999538626374807;0.9999912207285495;0.9999366632359808;0.9999311059106945;0.9998644839288144;0.9999990662609584;0.9999551514060847;1.0;1.0002177384195874;0.9998955235991304;1.0;0.9998750407631145;1.0;0.9999378668774054;1.0;0.9998447219523321;1.0;0.9998851942878174;1.0;0.9996105266267172;0.9995939444975802;0.999584808641297;1.0;0.999993209391257;0.9998808848277743;0.9999372892483186;0.9998650524114387;1.024999976158142;
2016-09-17 08:45:00;0.9999638837044523;0.9999999999999999;0.9999883170195553;0.9999660011381083;0.9999964932973082;0.9999687818601865;1.000136897177751;0.9999765507110641;0.9999921901085425;0.999980360169247;0.9999999999999999;0.9999615243294809;0.9999685546722092;0.9999720121913687;0.9999999999999999;0.9999850581328223;0.9999836240035093;0.9999957259244076;0.999986737399478;0.9999820765318395;0.9999649916485439;0.9999991404441304;0.9999839472127519;1.0;1.000192150285554;0.9999714774548792;1.0;0.9999725661675981;1.0;0.9999027052545664;1.0;0.9998546014939216;1.0;0.9999017989599518;1.0;0.9996292181758047;0.9996131915227511;0.9996044681589331;1.0;0.9999985434269105;0.9999678625643675;0.9999853353185002;0.9999644662946356;1.024999976158142;
2016-09-17 09:00:00;0.9999650987987736;1.0;0.9999898924371848;0.9999673564622701;0.9999959386401692;0.9999704881902503;1.0001360024233281;0.9999772879544584;0.9999922355862925;0.9999824855523999;1.0;0.999964295950062;0.9999706249552255;0.999974746273731;1.0;0.999983789665676;0.9999823335016358;0.9999947484500673;0.9999876665354208;0.9999821479697767;0.9999639987117794;0.9999991509916059;0.9999826328582847;1.0;1.0001910196027133;0.9999703586699509;1.0;0.9999745998191153;1.0;0.9999148748607585;1.0;0.9998319731059815;0.9999999999999999;0.9998865055313528;0.9999999999999999;0.9995713936566337;0.9995534630591925;0.9995427403420235;0.9999999999999999;0.9999986507424659;0.9999664472225551;0.9999863700368171;0.9999673534296513;1.024999976158142;
2016-09-17 09:15:00;0.9999494663079911;1.0;0.9999841294367423;0.9999535586350248;0.999993789418927;0.9999575470890003;1.0001360827020058;0.9999700048196207;0.9999888341967204;0.9999732499230763;0.9999999999999999;0.9999524594484348;0.9999598207031402;0.9999634375957143;1.0;0.9999821229605165;0.9999802503635514;0.9999920752746803;0.999981264926102;0.9999745210529916;0.9999486990531588;0.9999987531484802;0.9999806224602298;1.0;1.0001911716840632;0.9999589441306063;1.0;0.9999629917273226;1.0;0.999924107261753;1.0;0.9998425856400005;1.0;0.9998884367683475;1.0;0.9996019854424067;0.9995858125228511;0.9995770893979626;1.0;0.9999977178172608;0.9999528123926458;0.9999796014760608;0.9999554475375726;1.024999976158142;
2016-09-17 09:30:00;0.9999367092354519;1.0;0.9999798876067559;0.9999408090288175;0.9999938990001348;0.999945860536158;1.0001429806228521;0.9999599683228317;0.9999869780772582;0.9999656028410935;1.0;0.9999469288329957;0.9999552456835439;0.9999516081360491;1.0;0.9999744896490761;0.9999720278995162;0.9999924253473358;0.9999766301273877;0.9999689732995124;0.999938268908959;0.9999987480642795;0.9999725717379426;1.0;1.0002009285090248;0.9999500111606023;1.0;0.9999523532107826;1.0;0.9999048435354005;1.0;0.9998093838701301;0.9999999999999999;0.9998786580873192;1.0;0.9995087384682261;0.9994933241772557;0.9994853954295272;0.9999999999999999;0.9999974495646677;0.9999433916389963;0.9999748771630822;0.9999498707552094;1.024999976158142;
2016-09-17 09:45:00;0.9998899968452802;1.0;0.9999605600578614;0.9998967019941122;0.9999926855836601;0.9999038747926532;1.0001539544941604;0.9999322550644812;0.999979572282061;0.9999337743928345;1.0;0.9999077456583131;0.9999222573519245;0.9999089944240426;0.9999999999999999;0.9999641800017003;0.9999602875843028;0.9999919580357362;0.9999570693143687;0.999949127872447;0.999901797738326;0.9999983895247694;0.9999612598241953;1.0;1.0002161610971745;0.9999222614356928;0.9999999999999999;0.9999129189800928;1.0;0.9998828750299895;0.9999999999999999;0.999836665643477;1.0;0.9998859371565498;0.9999999999999999;0.9995862740402193;0.9995698815438887;0.9995611585580257;1.0;0.9999953909810705;0.9999122496377322;0.9999550630072274;0.9999108029649947;1.024999976158142;
2016-09-17 10:00:00;0.999943265089868;1.0;0.9999823416253245;0.9999463978509942;0.9999942351729006;0.9999510136030206;1.0001445872772006;0.999962239581335;0.9999873895757582;0.9999700825881972;1.0;0.9999544503102438;0.9999618382885721;0.9999566732908844;1.0;0.9999744029665822;0.9999720550662856;0.9999928595087156;0.9999795829767324;0.9999713784036685;0.999943935375323;0.9999985615171121;0.9999725758468586;1.0;1.000203200041853;0.9999538384416151;0.9999999999999999;0.9999573113645858;1.0;0.9998661405612681;1.0;0.9998475976614792;1.0;0.9998755266198427;1.0;0.999626576154263;0.9996111600460155;0.9996032303635226;1.0;0.9999978103559451;0.9999481454567352;0.9999771619361785;0.9999573922545862;1.024999976158142;
2016-09-17 10:15:00;0.9999372293983722;1.0;0.9999802011291254;0.9999416310151785;0.9999920213587731;0.9999464502592581;1.0001452991831323;0.9999607219591984;0.9999848604995617;0.9999673234968697;1.0;0.9999489675469607;0.9999565856730793;0.9999541296301905;1.0;0.9999756805413675;0.9999732275079372;0.9999899624543721;0.9999771417092131;0.9999674183453309;0.9999360796159709;0.9999979976660763;0.999973728022326;1.0;1.0002042413739978;0.9999480930116861;1.0;0.9999536511388943;1.0;0.9998672769107974;1.0;0.9998459395371546;1.0;0.9998543161876672;1.0;0.9996362070404168;0.9996195753703974;0.9996108519508693;1.0;0.9999972262984653;0.9999408594528361;0.9999738970981336;0.9999521001743404;1.024999976158142;
2016-09-17 10:30:00;0.9999483530313661;1.0;0.9999829766373096;0.999951601466205;0.99999442889637;0.9999553661138373;1.0001444563083797;0.9999671245740412;0.9999881814920181;0.9999719231464113;0.9999999999999999;0.999953656606904;0.9999612826536556;0.9999604113207458;1.0;0.9999801569664502;0.9999781539001293;0.9999932080629464;0.9999809126321417;0.9999739373963593;0.9999495240021319;0.9999985378495548;0.9999785948831892;0.9999999999999999;1.000202857687647;0.9999590801260508;0.9999999999999999;0.9999608630237669;1.0;0.9998790808782365;1.0;0.9998272305576262;1.0;0.9998279982340595;1.0;0.9995978541228407;0.9995809917097317;0.9995710623334692;0.9999999999999999;0.9999977807780018;0.9999536769367032;0.9999784809791705;0.9999565695046098;1.024999976158142;
2016-09-17 10:45:00;0.9999356390216158;1.0;0.9999760012008924;0.9999373917429386;0.9999916001830518;0.999940442722858;1.0001485167174704;0.9999530356506773;0.9999792180405116;0.9999651005841489;1.0;0.9999563432768175;0.9999639261008494;0.9999474755823062;1.0;0.9999734041373909;0.9999706392836893;0.9999906612258288;0.9999768413714691;0.9999637241690271;0.999938384845712;0.9999959196728038;0.9999713002977085;0.9999999999999999;1.0002085427703478;0.9999482005093489;0.9999999999999999;0.9999485215103511;1.0;0.9998563531817873;1.0;0.9998351898897149;1.0;0.9998444769748251;1.0;0.9996107164141084;0.999594017423277;0.9995845005794309;0.9999999999999999;0.9999970290470482;0.999942908887703;0.9999681882454711;0.9999593045783659;1.024999976158142;
2016-09-17 11:00:00;0.9999385652971055;1.0;0.9999771313639366;0.999939235618384;0.9999916642054437;0.9999420504555255;1.000148174106299;0.999952056808629;0.9999784737815468;0.9999676267364558;1.0;0.9999622191675904;0.9999692627954947;0.9999492333845698;1.0;0.9999709837949273;0.9999681408505248;0.9999908570142247;0.999978583956016;0.999964100488831;0.9999408160692135;0.9999955073683324;0.9999688316333452;0.9999999999999999;1.000208113567628;0.9999491111676192;1.0;0.9999504108189389;1.0;0.9998486149242917;1.0;0.9998540287893103;1.0;0.9998484911560592;1.0;0.9996648560103398;0.9996479685672501;0.99963883221721;1.0;0.9999972815922092;0.9999446278912567;0.9999687075504989;0.9999653324847271;1.024999976158142;
2016-09-17 11:15:00;0.9999595849840232;1.0;0.9999862516718284;0.9999607259727838;0.9999961070732888;0.999963451759317;1.000150137452641;0.9999703933947268;0.9999894835533667;0.9999781784295894;1.0;0.9999633667558004;0.9999705163886186;0.9999669414477352;1.0;0.9999804177182403;0.9999786330065488;0.9999956108667294;0.9999856192044665;0.9999788259387606;0.9999616947279275;0.9999983776517694;0.9999790673933762;1.0;1.0002107408165681;0.9999677175742324;1.0;0.9999681355433718;1.0;0.9998398300289033;1.0;0.9998014007790744;1.0;0.9998114023251363;0.9999999999999999;0.9995319429153987;0.9995155513100596;0.9995068287983225;1.0;0.9999984619190742;0.9999645413545252;0.99998221534925;0.9999664242325484;1.024999976158142;
2016-09-17 11:30:00;0.9999358563553906;1.0;0.9999743629765634;0.9999371371761044;0.9999908835993971;0.9999392658044322;1.0001518732901458;0.9999523615154295;0.9999769827148235;0.9999645487232439;1.0;0.9999567632903066;0.9999645431755884;0.9999464218502991;1.0;0.9999756573685432;0.9999729191740848;0.999990175961578;0.999976721226276;0.9999625695620875;0.999939516910863;0.9999950471064981;0.9999735893993881;0.9999999999999999;1.00021312169584;0.9999490201251284;0.9999999999999999;0.9999475371576607;1.0;0.9998441664285094;1.0;0.9998157391292657;1.0;0.9998222015652307;1.0;0.9995676330194421;0.9995514606556869;0.9995427378305779;1.0;0.9999967864592108;0.9999440647164708;0.9999660157968421;0.9999597513923053;1.024999976158142;
2016-09-17 11:45:00;0.9999407210322938;1.0;0.9999772257320733;0.9999430121024849;0.999990518852818;0.9999453126131342;1.0001513270341633;0.9999585952357751;0.9999790152522295;0.9999681805400218;0.9999999999999999;0.999958742330073;0.9999654573065866;0.9999532085336965;1.0;0.9999794674950429;0.9999770416069903;0.999989206052111;0.9999784288801367;0.9999652905994596;0.9999416512163393;0.9999955740571821;0.9999775873005193;1.0;1.0002124060913686;0.9999515259639242;1.0;0.9999530911717185;1.0;0.9998492718236623;1.0;0.9998023158286052;0.9999999999999999;0.9998123590232328;1.0;0.9995338650217919;0.9995183896854642;0.9995096671489573;1.0;0.9999968754589352;0.9999458944002253;0.9999692565335326;0.9999615106927012;1.024999976158142;
2016-09-17 12:00:00;0.9999331345835281;1.0;0.999977984501611;0.9999371011895278;0.9999897817724891;0.9999415100377949;1.000153233679836;0.9999559501009208;0.9999801931070765;0.9999661662139622;1.0;0.9999521878200857;0.9999591786347378;0.9999511886399965;0.9999999999999999;0.9999736816791646;0.9999709456389829;0.999987450145526;0.9999761293173267;0.9999627133835375;0.9999307297929094;0.9999965328939072;0.9999715014338872;1.0;1.0002154089470086;0.9999428947662036;1.0;0.9999501417028251;1.0;0.9998512132666999;0.9999999999999999;0.9998015205986842;0.9999999999999999;0.99979773346954;1.0;0.9995416108910338;0.9995240588890645;0.9995145427112733;1.0;0.9999968330821384;0.9999353611783084;0.9999695777878198;0.999955418856047;1.024999976158142;
2016-09-17 12:15:00;0.9999056407371401;0.9999999999999999;0.999972887612931;0.9999147527519908;0.9999855834892406;0.9999229898696024;1.0001585159550566;0.9999466402013069;0.99997802189975;0.9999535488009365;1.0;0.999933278594133;0.9999403520727995;0.99993773718112;1.0;0.9999666846403543;0.9999631912127052;0.9999808770816959;0.999965718251815;0.9999506859821354;0.9998976898339358;0.999997411637787;0.9999637796099823;1.0;1.0002233087400416;0.9999181355785731;1.0;0.9999342560858898;1.0;0.9998401908718926;1.0;0.9997880124741764;0.9999999999999999;0.999776415474197;1.0;0.9995158891894749;0.9995000166460029;0.9994920878451847;1.0;0.9999955616800946;0.9999048153245715;0.9999626636193845;0.9999363650225891;1.024999976158142;
2016-09-17 12:30:00;0.9999081414633325;1.0;0.9999730102125922;0.999917071991404;0.9999870693644562;0.9999249852540026;1.000154008175009;0.9999488155366744;0.9999800015930049;0.99995331637115;1.0;0.999931023877079;0.9999388424228437;0.9999379807874965;1.0;0.9999690558120183;0.9999657496238201;0.9999828853356503;0.9999660889966171;0.9999532593372472;0.999902481764787;0.9999979366598856;0.9999663254222175;0.9999999999999999;1.0002168535821647;0.9999225100189117;1.0;0.9999352845209444;1.0;0.9998561293717901;1.0;0.9998035949883622;0.9999999999999999;0.9998137099308112;0.9999999999999999;0.9995366927813603;0.9995202035146359;0.9995110683323132;1.0;0.9999957106793189;0.9999098177740496;0.9999641088471358;0.9999340119021621;1.024999976158142;
2016-09-17 12:45:00;0.9998597578716768;0.9999999999999999;0.9999552365755394;0.9998723315418451;0.9999851889415045;0.9998834049128712;1.0001695561990156;0.9999218694413139;0.9999735313822805;0.9999222235325017;0.9999999999999999;0.9998926608739074;0.9999057120827327;0.9998971910818093;1.0;0.9999569990895895;0.999952206283571;0.9999810001999759;0.999946233269649;0.9999329244339876;0.9998614045151791;0.9999980946494366;0.9999531725499086;1.0;1.0002386907389884;0.9998912247115738;1.0;0.9998966311872254;1.0;0.9998317179956379;1.0;0.9997682888128178;1.0;0.9997935908945461;1.0;0.9994445073217383;0.9994274091865597;0.999417481335915;1.0;0.9999936818625418;0.9998740172323547;0.9999455206171084;0.9998956487843532;1.024999976158142;
2016-09-17 13:00:00;0.9999036169244983;1.0;0.9999661600557137;0.9999098263633298;0.9999905265550046;0.9999160203633889;1.0001602131414271;0.9999404413731191;0.9999785402183571;0.9999448307389579;1.0;0.999922312947784;0.9999340402088194;0.9999238091525238;1.0;0.9999683039476132;0.9999647958387933;0.9999888781636479;0.9999632056149768;0.9999524078006099;0.9999091912336106;0.9999973882244829;0.9999656024954471;0.9999999999999999;1.0002250516527622;0.9999274344470805;1.0;0.9999253467623397;0.9999999999999999;0.9998346570037031;1.0;0.9998117964609743;0.9999999999999999;0.9997924265618604;0.9999999999999999;0.9995765473939745;0.9995599899419504;0.9995516480178719;1.0;0.9999956644508721;0.9999176768100301;0.9999590013233938;0.9999255148438313;1.024999976158142;
2016-09-17 13:15:00;0.9998601394307407;1.0;0.9999480007385786;0.9998680826308853;0.9999862235472686;0.9998756381626799;1.0001692373578228;0.9999119167907653;0.9999661914866649;0.999917997429358;1.0;0.9998993146333809;0.9999139785595778;0.9998862262178786;1.0;0.9999570046238604;0.9999519509004795;0.9999845966398884;0.9999460858211087;0.9999297287260328;0.9998713179341546;0.9999951490908744;0.9999531653742837;1.0;1.0002376923316698;0.9998969993111381;1.0;0.9998891330027768;1.0;0.999824091901953;1.0;0.999781854310627;0.9999999999999999;0.9997704698577141;1.0;0.9995017076808719;0.9994853656796372;0.9994762308157171;0.9999999999999999;0.9999934829718057;0.9998838229071808;0.9999373591918835;0.9999022564155099;1.024999976158142;
2016-09-17 13:30:00;0.9999341247862283;1.0;0.9999758549235048;0.9999360063690701;0.9999922061455669;0.9999394424064006;1.0001561742575766;0.9999522266576566;0.9999801311599521;0.9999639693561369;0.9999999999999999;0.9999524356714282;0.9999608752383535;0.9999459714266503;1.0;0.9999721286219291;0.9999693104382882;0.999991357568103;0.999976212216649;0.9999638452709396;0.9999375237841703;0.9999963321884532;0.9999699918076734;1.0;1.0002192946019568;0.9999476007060425;1.0;0.999947381029135;1.0;0.9998295620350883;1.0;0.999786642660912;1.0;0.9997596059903427;1.0;0.9995236276530027;0.9995066864027201;0.9994979639683447;1.0;0.9999970934138014;0.9999422654820982;0.9999684756826295;0.9999556667081905;1.024999976158142;
2016-09-17 13:45:00;0.9999426627399437;1.0;0.9999814975733601;0.9999447039513878;0.9999924779862835;0.9999487509788848;1.0001530200506252;0.9999582853567276;0.9999831712280363;0.9999712523953309;0.9999999999999999;0.9999617319567992;0.9999680969790897;0.9999560955678184;1.0;0.9999716508921761;0.9999690571387508;0.9999909736862249;0.9999802015596814;0.9999681405921252;0.9999419224380753;0.9999970927293876;0.9999696335345215;1.0;1.0002150815796715;0.9999508247122306;1.0;0.9999563253412819;1.0;0.9998384766436493;1.0;0.999769623541783;1.0;0.9997381737758217;1.0;0.9994870117898466;0.9994706209213455;0.9994618988017043;0.9999999999999999;0.9999976744652695;0.99994548289201;0.9999742472254886;0.9999647894285487;1.024999976158142;
2016-09-17 14:00:00;0.9999467491881441;1.0;0.9999807143451578;0.9999488447151197;0.9999923153616408;0.9999515743945689;1.000151111406117;0.999962585602288;0.9999828056343898;0.9999718209755316;1.0;0.9999601982471551;0.9999669511201479;0.9999582492541124;1.0;0.9999789982659303;0.999976761893248;0.9999911144396086;0.9999808658189311;0.9999697902147856;0.9999473979759581;0.9999966652352081;0.9999772656082501;1.0;1.0002121588222364;0.9999561449406348;1.0;0.9999584017240113;1.0;0.99983649842942;1.0;0.9997882930418335;1.0;0.9997619214403131;1.0;0.999526814090978;0.9995111737565489;0.9995028322398706;1.0;0.9999974418075797;0.9999511278786045;0.9999740044429596;0.999963111163917;1.024999976158142;
2016-09-17 14:15:00;0.9999349514830203;1.0;0.9999742587895548;0.9999352947599476;0.9999902624412049;0.9999374346613062;1.0001490490629281;0.9999485701652139;0.9999748315704791;0.9999652997674017;1.0;0.999962310260969;0.9999693979272656;0.9999454229380209;1.0;0.9999713708074004;0.9999683763081901;0.9999895348950442;0.9999771814032167;0.9999606072651869;0.9999378173706295;0.9999943560294317;0.9999691125171427;0.9999999999999999;1.000209264858885;0.9999464001109173;1.0;0.999946576394228;1.0;0.9998392055854186;1.0;0.9998302284213076;0.9999999999999999;0.9998117776182956;1.0;0.9996185821758476;0.9996027080015872;0.9995947783861423;1.0;0.9999968636298107;0.999941850840314;0.9999646700896131;0.9999653967790355;1.024999976158142;
2016-09-17 14:30:00;0.9998901793903135;0.9999999999999999;0.9999578151956099;0.9998884543566111;0.9999843350118003;0.9998925468149428;1.0001526231796858;0.9999061081247297;0.999956139799428;0.9999433916280209;1.0;0.9999625929476457;0.999969701612245;0.9999061998334472;1.0;0.9999410319671036;0.9999354853414248;0.9999834772685393;0.9999630739280895;0.9999321725325125;0.9998948120978546;0.9999900270493167;0.9999368833341169;1.0;1.0002147701436974;0.9999066822471449;1.0;0.9999090149416805;1.0;0.9998516410700031;1.0;0.999843927641845;0.9999999999999999;0.9998194895185739;1.0;0.9996543360025384;0.9996368367376641;0.999627700489364;1.0;0.9999953183935171;0.9999005027549625;0.9999403139438408;0.9999658992129103;1.024999976158142;
2016-09-17 14:45:00;0.9998821218460074;1.0;0.9999627154142692;0.9998816705610222;0.9999892132656373;0.99989062096185;1.0001545240865495;0.9999015329010608;0.9999663630982719;0.9999407742248656;1.0;0.9999588068756917;0.9999658703573343;0.9999020443267236;1.0;0.9999239200648317;0.9999178300976933;0.999988042996697;0.999961094858221;0.9999353166410487;0.9998862396259273;0.9999943319884785;0.9999193489897278;1.0;1.0002180257354998;0.9998994458812582;1.0;0.9999064385416323;0.9999999999999999;0.9998281421290601;1.0;0.9998773239642691;1.0;0.9998369038873098;0.9999999999999999;0.9997433839956644;0.9997271171317208;0.9997183927737039;0.9999999999999999;0.9999965413612286;0.9998923975824974;0.9999480796961726;0.999961824028246;1.024999976158142;
2016-09-17 15:00:00;0.9998960032987307;1.0;0.9999673332084449;0.9998957830784184;0.999990823690265;0.999903849155052;1.0001509792723167;0.9999136438482802;0.9999711310164219;0.9999475770942878;1.0;0.9999596014434361;0.9999667413201079;0.9999136346745302;0.9999999999999999;0.9999329652833412;0.9999276194276236;0.9999898035304553;0.9999655829959384;0.9999434889947066;0.9998998282512168;0.9999952891283158;0.9999289532356189;1.0;1.000212884038907;0.9999116357663023;1.0;0.9999176066453966;1.0;0.9998380942716627;1.0;0.9998294815890846;1.0;0.999834392253858;1.0;0.999600646707762;0.999583936551988;0.9995748007871728;0.9999999999999999;0.9999969900407483;0.9999053574114796;0.9999547772306501;0.9999626589086714;1.024999976158142;
2016-09-17 15:15:00;0.9999170209774236;1.0;0.9999712940376668;0.9999179630761262;0.9999909449234529;0.9999230566040188;1.0001459166633873;0.9999350580572296;0.9999749074688336;0.9999564688716001;1.0;0.9999563004430227;0.9999639629824645;0.9999314094200075;1.0;0.9999561718005965;0.9999522529743207;0.9999899967943007;0.9999713304924605;0.9999539908237264;0.9999205650100049;0.9999954166003567;0.9999532167054235;1.0;1.0002052566716166;0.9999315157603121;1.0;0.9999337560077377;1.0;0.9998381236002066;0.9999999999999999;0.9998348462713249;0.9999999999999999;0.9998473725293993;1.0;0.9996079014206266;0.999590898081569;0.9995813812674215;1.0;0.9999968736677735;0.9999256934321226;0.9999612335492828;0.999959357898165;1.024999976158142;
2016-09-17 15:30:00;0.9999385487794463;1.0;0.9999768552204594;0.9999405729825732;0.999992345311106;0.9999434633149544;1.000152462445359;0.9999564081957085;0.9999810278857663;0.9999659555063166;1.0;0.9999521466540304;0.9999606794627851;0.9999496608812386;1.0;0.9999763287418906;0.9999737846495722;0.9999915273830193;0.9999775080026935;0.9999660934841164;0.9999418684884039;0.9999963989268146;0.9999743961129434;1.0;1.000213998023309;0.9999516389249614;1.0;0.9999507868494923;1.0;0.9998365145027486;1.0;0.9997695314217662;1.0;0.9997178630615182;1.0;0.9995009893844822;0.9994839639671635;0.9994752417310809;1.0;0.9999971195134109;0.9999464702590859;0.9999699865114021;0.9999554044889364;1.024999976158142;
2016-09-17 15:45:00;0.9999061001573418;1.0;0.999966159564617;0.9999112633310474;0.9999934163968307;0.9999172369919862;1.0001526715723157;0.9999404000127948;0.9999813497057123;0.9999439605617841;1.0;0.9999200010117706;0.9999331396236159;0.999921890860626;1.0;0.9999677080987823;0.9999642750804957;0.9999928389879866;0.9999637255945341;0.9999557182131867;0.9999159873233048;0.9999981871481649;0.9999651370834792;1.0;1.0002143301360888;0.9999328781546034;1.0;0.9999253506560714;1.0;0.9998443010496975;1.0;0.999812031760211;0.9999999999999999;0.9997992383313088;0.9999999999999999;0.9995723422126819;0.999555082722323;0.9995459472212194;1.0;0.9999960806591299;0.999924638510478;0.9999608617300845;0.9999232319437302;1.024999976158142;
2016-09-17 16:00:00;0.999888648150898;1.0;0.9999599160824365;0.9998952957260238;0.999993183393234;0.9999025801882206;1.000156985992901;0.999931144801127;0.9999799465720758;0.9999324752619646;1.0;0.9999050131130559;0.9999201885628994;0.9999070489619136;0.9999999999999999;0.999963416247918;0.9999594742804336;0.9999926565429663;0.9999564588213151;0.9999490495977521;0.9999015564606362;0.9999985730024401;0.9999604736197364;0.9999999999999999;1.0002203896432562;0.9999221245193425;1.0;0.9999114969802152;1.0;0.9998238971732185;1.0;0.9998060035463181;1.0;0.9998085601806906;1.0;0.9995480559586102;0.9995316271623382;0.9995232854749639;1.0;0.9999953938150433;0.9999122372918361;0.9999547759869376;0.9999081746456179;1.024999976158142;
2016-09-17 16:15:00;0.9998238916120252;1.0;0.999934292948396;0.999835166808171;0.9999886418778097;0.9998454680297724;1.0001671026228793;0.9998950079147102;0.9999672026549773;0.9998908869156812;1.0;0.9998573738282029;0.9998788418376555;0.9998527277583701;0.9999999999999999;0.9999511884042398;0.9999453126287494;0.9999879939722032;0.9999297182806205;0.9999191509605283;0.9998458329710951;0.9999972971462108;0.9999468118130928;1.0;1.0002345086713815;0.9998794955490641;1.0;0.999859013415002;1.0;0.9998417892436351;1.0;0.9998061332364452;1.0;0.9997939670831288;1.0;0.9995583006891625;0.9995422017005182;0.9995338599248932;1.0;0.9999922627973755;0.9998634476138919;0.9999265387305113;0.9998604309808683;1.024999976158142;
2016-09-17 16:30:00;0.9998911134075663;1.0;0.9999618865914923;0.999898093580708;0.9999922504590927;0.9999055746965891;1.0001498027972495;0.9999333547989827;0.9999798935566765;0.999935485377778;1.0;0.999909507356482;0.9999234299852046;0.9999114187074225;1.0;0.9999636488201983;0.9999597684271375;0.9999911490899516;0.9999577993119187;0.9999494452496417;0.999901118802163;0.9999984906119936;0.9999607112984537;1.0;1.0002104374731806;0.9999216324015351;1.0;0.999914783685111;1.0;0.999849164657088;0.9999999999999999;0.9998316226593915;1.0;0.9998280563603422;1.0;0.9996114129824608;0.9995943179393488;0.9995848010926418;1.0;0.999995454063289;0.999911289875481;0.9999561040969398;0.999912593711565;1.024999976158142;
2016-09-17 16:45:00;0.999850386100442;1.0;0.9999483500143362;0.9998613233107259;0.9999886782991868;0.9998718650296349;1.0001601195956367;0.9999122190093365;0.9999732835189998;0.9999116014944716;1.0;0.9998794782417243;0.9998966572703892;0.9998809030630234;1.0;0.999953713985012;0.9999485803561626;0.999986608665557;0.999941569004785;0.9999309329466466;0.9998623077933331;0.9999983032360179;0.9999497847813213;1.0;1.000225103602712;0.9998918655943239;1.0;0.9998843281398827;1.0;0.999831296847616;1.0;0.9998000401156885;1.0;0.9998212212424069;1.0;0.9995211015763402;0.9995032325356722;0.9994933039318334;0.9999999999999999;0.9999935968025279;0.9998765433859715;0.9999405909699955;0.9998827090427469;1.024999976158142;
2016-09-17 17:00:00;0.9998742466208794;1.0;0.9999576689428874;0.9998819701371567;0.9999894438859245;0.9998911132357642;1.0001586730656014;0.9999207938179658;0.9999747616266061;0.9999285256150797;0.9999999999999999;0.9999075156010878;0.9999208831608921;0.9999001880714288;1.0;0.9999531487805629;0.9999484189800382;0.9999874753666015;0.9999525045680782;0.9999395542377049;0.9998819157648411;0.9999976324818659;0.9999495243509334;1.0;1.0002232025141138;0.9999050547870346;1.0;0.9999030111535463;1.0;0.9998357615502592;1.0;0.9997834222370733;0.9999999999999999;0.9997317216736566;1.0;0.9995333217862425;0.9995173022728756;0.9995093733349346;1.0;0.9999948544253839;0.9998927816042728;0.9999491134992217;0.9999106480986072;1.024999976158142;
2016-09-17 17:15:00;0.9999440206371604;1.0;0.9999817484445936;0.9999461495472564;0.9999948503685641;0.9999503474684999;1.0001466628185667;0.999960361278144;0.9999867678967238;0.9999699444127691;1.0;0.9999563811214477;0.9999640432127531;0.9999551871804921;1.0;0.9999731020453603;0.9999706831647049;0.9999939727074076;0.999979994951256;0.9999714446732522;0.9999463480994427;0.9999982572183851;0.9999712575218891;1.0;1.0002060489497155;0.9999551808662003;1.0;0.9999566175799443;0.9999999999999999;0.9998580373901711;1.0;0.9997628411806169;0.9999999999999999;0.999748691970956;1.0;0.9994589803288377;0.9994424923441285;0.9994333578720525;1.0;0.9999979274970845;0.9999503958446327;0.9999765618290845;0.9999593692223044;1.024999976158142;
2016-09-17 17:30:00;0.9999410280729915;1.0;0.9999799046131864;0.9999436478907981;0.9999941626792292;0.9999476474339639;1.0001454761441744;0.999959637040875;0.9999856144984817;0.9999676290941882;1.0;0.9999524056908509;0.9999605584049223;0.9999527676850699;1.0;0.9999749111883065;0.9999724856405253;0.9999932328964936;0.9999784688225931;0.999969799397272;0.9999438490580894;0.9999979752138848;0.9999730580963649;1.0;1.0002043199111703;0.9999536681999298;0.9999999999999999;0.9999540778857774;0.9999999999999999;0.999850266443535;1.0;0.9997888507440732;0.9999999999999999;0.9997815370527627;1.0;0.9995147047088295;0.9994994366720749;0.9994918888283115;0.9999999999999999;0.9999975945460259;0.9999483869408032;0.9999745606382623;0.999955393779828;1.024999976158142;
2016-09-17 17:45:00;0.9999493182871484;0.9999999999999999;0.9999835830236427;0.9999518102021886;0.9999950256355972;0.9999556538059222;1.0001483303775067;0.9999656673834171;0.9999883334552238;0.9999727635561898;1.0;0.9999558967498761;0.9999635873677607;0.9999603141639001;1.0;0.9999774177254366;0.9999753156145216;0.9999940253803627;0.9999816666412101;0.9999743293630812;0.9999508597291725;0.9999985452211312;0.99997579810095;1.0;1.0002083277888996;0.9999594514185784;1.0;0.9999612188432533;1.0;0.9998235072133412;1.0;0.9997847073150044;1.0;0.9997766928834543;1.0;0.9995060711869327;0.9994895883710387;0.9994808660858733;1.0;0.9999980198186414;0.9999546746550839;0.9999790149269192;0.9999589832481462;1.024999976158142;
2016-09-17 18:00:00;0.999948021413728;1.0;0.9999839322530134;0.999950356059252;0.999994506779627;0.9999545697608322;1.000150155244483;0.9999636851215818;0.9999875122243165;0.9999732199728248;0.9999999999999999;0.9999589797308016;0.9999660090480116;0.9999600862439812;1.0;0.9999744042484203;0.9999721357465798;0.9999932660328487;0.999981717838135;0.9999730475698192;0.9999482793160028;0.999998356874108;0.9999726451144685;1.0;1.0002110028942608;0.999956766779731;1.0;0.9999607285815513;1.0;0.9998222420352987;1.0;0.9997703799824738;1.0;0.9997484481960933;1.0;0.9994826127832822;0.9994667407682473;0.9994588122313989;1.0;0.9999980650513222;0.9999518365864027;0.9999786149996792;0.9999620662385877;1.024999976158142;
2016-09-17 18:15:00;0.999953635162414;1.0;0.9999858897931887;0.9999544762454197;0.9999947116366624;0.9999581888509088;1.0001553599444704;0.9999637110532819;0.9999868386261113;0.9999774195132769;0.9999999999999999;0.9999691454031232;0.9999749500209094;0.9999637753692802;0.9999999999999999;0.9999723485179154;0.9999700623228773;0.9999936823003194;0.9999846011661226;0.9999743856605444;0.9999532258840402;0.999997827165149;0.999970591165231;0.9999999999999999;1.0002183374757139;0.9999594462130215;1.0;0.9999645195990443;1.0;0.9998048501398095;1.0;0.9997511356417134;1.0;0.9997095698868901;1.0;0.9994521515499132;0.9994352354066991;0.9994257200745705;1.0;0.9999984449205053;0.9999557321198868;0.9999799149937753;0.9999721760980037;1.024999976158142;
2016-09-17 18:30:00;0.9999482521283848;1.0;0.9999835873265758;0.9999508709201673;0.9999925127300854;0.9999545990475938;1.00015798952461;0.9999644018618398;0.9999849456336702;0.9999743448526738;1.0;0.9999628475605159;0.9999686794862804;0.9999619608070145;1.0;0.9999766449214295;0.9999744091124546;0.9999907755234998;0.9999819336676693;0.9999712106050621;0.9999463099395909;0.9999974368614023;0.9999748750776697;1.0;1.000221994679912;0.9999551574994641;1.0;0.9999614344452047;1.0;0.9997880352739578;1.0;0.9997448236267662;1.0;0.9997064205409776;0.9999999999999999;0.999435610539319;0.9994194457925224;0.9994103115310817;1.0;0.9999977475108244;0.9999496452514192;0.9999769754747831;0.9999657336856237;1.024999976158142;
2016-09-17 18:45:00;0.9999347762654054;1.0;0.9999789374497364;0.9999369997089618;0.9999917255148927;0.9999416209498188;1.0001562650714964;0.999952397578394;0.999981136805964;0.9999671056771411;1.0;0.9999592696949127;0.9999658606152441;0.9999497285239343;1.0;0.9999675342844002;0.9999645806461746;0.9999901109269069;0.9999774454462665;0.9999639781233179;0.9999343263063059;0.9999967793417227;0.9999652439171898;1.0;1.0002197109771442;0.9999443540275759;1.0;0.999950149879548;0.9999999999999999;0.9998267723557852;1.0;0.9997423825602726;1.0;0.9997031298558908;1.0;0.9994296202519166;0.999412912955163;0.9994037787534295;1.0;0.9999973995146668;0.9999384017481869;0.9999708455484987;0.9999623271591338;1.024999976158142;
2016-09-17 19:00:00;0.9999364687837171;1.0;0.9999769989305288;0.9999359534397801;0.9999920247810152;0.9999391608935809;1.000157593298518;0.9999467347450954;0.9999773718808558;0.9999673709598746;1.0;0.999968052938206;0.9999744831947104;0.9999463713058736;1.0;0.9999643386348909;0.9999611459701185;0.9999914489368008;0.9999786493579306;0.9999624772707753;0.9999390400864582;0.9999952433281672;0.9999619449082622;1.0;1.0002214391129416;0.9999462380193579;1.0;0.9999482333506229;1.0;0.9998174289617678;0.9999999999999999;0.9997476993633075;1.0;0.9997248070152549;1.0;0.9994307260049669;0.9994152394538901;0.9994076922459526;1.0;0.999997529232451;0.9999424509917247;0.9999678151553467;0.9999711104292824;1.024999976158142;
2016-09-17 19:15:00;0.9999362718057105;1.0;0.999976336137482;0.9999359918272174;0.9999906863944038;0.9999387655498269;1.0001551908544386;0.9999471908600587;0.9999755270380828;0.9999676114069236;1.0;0.999969164139939;0.9999751101567443;0.9999470776153275;1.0;0.9999664453880899;0.9999632890842807;0.9999898378182297;0.999978528331013;0.9999611228384526;0.999937759336446;0.9999945858971653;0.9999640593435206;0.9999999999999999;1.0002180476919615;0.9999453256457327;1.0;0.9999482372653488;1.0;0.9998209201392259;1.0;0.9997542178095344;0.9999999999999999;0.9997332497803773;1.0;0.9994444349817224;0.9994279472369665;0.9994188128978261;1.0;0.9999972584608203;0.9999411404239449;0.9999663640784127;0.9999721522789942;1.024999976158142;
2016-09-17 19:30:00;0.9999506920220521;1.0;0.9999839792126421;0.9999512258513107;0.9999937654014127;0.9999546011886428;1.0001536722995;0.9999606192126783;0.9999842906414761;0.9999757737099204;1.0;0.9999707186292005;0.9999762234568995;0.9999608198295727;1.0;0.999971589696697;0.9999691472306068;0.999992775883733;0.9999835911657093;0.9999717354662517;0.9999505860104795;0.9999970435590306;0.9999697199471164;1.0;1.0002159491607352;0.9999569490196161;1.0;0.9999615833752581;0.9999999999999999;0.9998196979448132;1.0;0.9997408409543448;1.0;0.9997328307396236;1.0;0.9994044358879343;0.9993876612801721;0.9993777338243648;1.0;0.999998191165271;0.9999532018132113;0.999977095558612;0.9999736047770261;1.024999976158142;
2016-09-17 19:45:00;0.99995339300654;1.0;0.9999837096834531;0.999954561370733;0.9999931122882837;0.9999571393050827;1.0001495132006573;0.9999649992449;0.9999841415108631;0.9999764174547531;0.9999999999999999;0.9999670682160409;0.999973059950652;0.9999634882459743;1.0;0.9999780574396605;0.9999759277137822;0.9999920232182826;0.9999839010884809;0.9999727846174675;0.9999531773191889;0.9999968090549007;0.9999764112345702;0.9999999999999999;1.0002099692772333;0.9999600577046434;1.0;0.9999636386530921;1.0;0.9998459016457076;1.0;0.999749568248305;1.0;0.999740425243397;1.0;0.999424892224619;0.9994084048022583;0.9993992706417274;1.0;0.9999979224241776;0.9999559897713498;0.9999771167741559;0.9999700563488332;1.024999976158142;
2016-09-17 20:00:00;0.9999159078091435;1.0;0.9999732679782185;0.9999163618131934;0.999991153591959;0.9999225886831613;1.0001536668010058;0.9999318167514846;0.9999753322460583;0.9999580568250387;1.0;0.999963666726615;0.9999698955135099;0.9999317371361435;0.9999999999999999;0.9999487830685451;0.9999445558190159;0.9999899020848839;0.9999720338346686;0.9999533220785579;0.9999174370590258;0.9999957241975609;0.9999455793516316;0.9999999999999999;1.0002163859042759;0.9999277151205886;1.0;0.9999340049585513;0.9999999999999999;0.9998539127243834;1.0;0.999762269898317;1.0;0.9997294927803488;1.0;0.9994707631565564;0.999456051492093;0.9994489165816497;1.0;0.9999972681587175;0.9999219481858387;0.9999624927983892;0.9999665796534805;1.024999976158142;
2016-09-17 20:15:00;0.9999072925149458;1.0;0.9999692253664964;0.999906806217669;0.9999899158517129;0.9999129580374303;1.0001535053644164;0.9999223878526919;0.9999705742580335;0.9999534576372523;1.0;0.9999639382912794;0.9999705004451692;0.9999230217635467;1.0;0.9999429680219161;0.9999382106594303;0.9999888849564638;0.9999693181806355;0.9999472328505401;0.9999100332937662;0.9999944404557197;0.9999393890166711;1.0;1.0002161969476662;0.9999204759264259;0.9999999999999999;0.9999259094467894;1.0;0.9998515734629785;1.0;0.9997757997404564;1.0;0.9997517636777282;1.0;0.9994960405751823;0.9994795579247027;0.9994708357270703;1.0;0.9999969179158011;0.9999148148875776;0.9999566554719299;0.9999670248143707;1.024999976158142;
2016-09-17 20:30:00;0.9998801377391344;1.0;0.999969789845828;0.9998778380297857;0.999994990121717;0.9998911261593042;1.0001558111203732;0.9998925953364717;0.9999748994436534;0.9999432001479216;1.0;0.9999699163889574;0.9999757903480185;0.999899900448075;0.9999999999999999;0.9998990622363119;0.9998921403876962;0.9999941721914671;0.9999629938735656;0.9999392575309645;0.9998839646802217;0.9999977307144191;0.9998939026260886;1.0;1.000220527499102;0.9998944217291877;1.0;0.9999069125869587;1.0;0.9998393105907909;1.0;0.99980553689622;1.0;0.9997587268527367;0.9999999999999999;0.9995810951925194;0.9995649226109546;0.9995561996683668;1.0;0.9999984804078114;0.9998889356918721;0.999956779189844;0.9999729045302604;1.024999976158142;
2016-09-17 20:45:00;0.9999039882928861;1.0;0.9999724115747168;0.9999031000958846;0.9999924253699808;0.9999117937164556;1.0001546270116461;0.9999173027858431;0.9999747587556113;0.9999536783708627;1.0;0.999967152896818;0.9999732531615566;0.9999209848691862;1.0;0.9999299638372828;0.9999247320765225;0.9999913315810498;0.9999694044306873;0.9999482390885129;0.9999059870162857;0.9999962571697534;0.9999260307266633;1.0;1.000218166340966;0.9999158220201954;1.0;0.999924943714401;0.9999999999999999;0.9998568322825252;1.0;0.9997846625690524;1.0;0.999737547964055;1.0;0.999532475371717;0.9995161384687994;0.9995077969106876;1.0;0.9999977753074444;0.9999103912625595;0.999960526148145;0.9999702855811687;1.024999976158142;
2016-09-17 21:00:00;0.9999099742551588;1.0;0.9999758286489839;0.9999118494253545;0.9999923806538834;0.9999208790274768;1.0001550288004653;0.9999296686009732;0.9999797184888368;0.999956755669972;1.0;0.9999595682414343;0.9999657127371848;0.9999303107601517;1.0;0.9999401973695815;0.9999356575542895;0.9999903951083078;0.9999704752524006;0.9999534448640774;0.9999091342829628;0.9999977692785386;0.9999367117881577;1.0;1.0002186840971272;0.9999210553075554;1.0;0.9999324676011154;0.9999999999999999;0.9998462397874188;1.0;0.9998094873863187;1.0;0.9997585484946603;1.0;0.9995930141761294;0.999576432337499;0.999567296641269;1.0;0.9999976895289349;0.9999139229180445;0.9999658292342657;0.9999625853962858;1.024999976158142;
2016-09-17 21:15:00;0.9998963764529287;1.0;0.9999722263277822;0.9999030947786082;0.9999879671756721;0.9999133431785567;1.0001507712352937;0.9999318213628968;0.9999778398046392;0.9999498776638258;1.0;0.9999406450983171;0.9999474695605024;0.9999269519716372;1.0;0.999947416431696;0.9999429430377551;0.9999839945466065;0.999964100942635;0.999947024545927;0.9998907191783397;0.9999978953124505;0.9999438404950278;1.0;1.0002128101993635;0.9999093696045711;1.0;0.9999259685650389;0.9999999999999999;0.9998594646227417;1.0;0.9998060603408785;1.0;0.9997869054657114;1.0;0.9995627001103342;0.9995461318044989;0.9995374090258936;1.0;0.9999963126347712;0.9998974847483252;0.9999612988121267;0.9999437583482843;1.024999976158142;
2016-09-17 21:30:00;0.9999276339310488;1.0;0.9999787703520159;0.9999323155761809;0.9999908110870573;0.9999385524978845;1.0001460100493422;0.9999528879556302;0.9999826928272175;0.9999639995329573;0.9999999999999999;0.9999506517445632;0.9999573826147627;0.9999481010279758;1.0;0.9999671668626514;0.9999641479951772;0.9999881944256367;0.9999744634047109;0.999962108344975;0.9999246376611411;0.9999978107849077;0.9999647581536223;1.0;1.0002055182439797;0.999937875678396;1.0;0.9999473684271581;0.9999999999999999;0.9998442116384834;1.0;0.999820481608626;1.0;0.9998122235435549;0.9999999999999999;0.9995888768526955;0.9995722950826976;0.9995631594242804;1.0;0.9999970829091747;0.9999296123792724;0.9999708963406655;0.9999536688725112;1.024999976158142;
2016-09-17 21:45:00;0.9999002018671985;0.9999999999999999;0.9999734438854566;0.9999094759391809;0.9999870008192229;0.9999194285353097;1.000148831765176;0.9999422341456713;0.9999802950253989;0.9999512125852815;1.0;0.9999323525379895;0.999939433693935;0.9999336508018144;1.0;0.9999588680930711;0.999955025883032;0.9999822606275727;0.9999641876288909;0.9999500255636169;0.9998924770327225;0.9999985823887426;0.9999557035975102;1.0;1.0002099560660611;0.9999134330697086;0.9999999999999999;0.9999309076536749;1.0;0.9998454915908132;1.0;0.9998312275270552;1.0;0.999811290356315;1.0;0.9996219440002992;0.9996051602609491;0.9995956433110155;1.0;0.999995903468565;0.9998998494122536;0.9999637281988054;0.9999353405670434;1.024999976158142;
2016-09-17 22:00:00;0.9998857602994933;1.0;0.9999653211411518;0.9998926164900857;0.9999855455545389;0.9999018792868265;1.0001507656024249;0.9999246266621559;0.9999715730693399;0.9999423877901941;0.9999999999999999;0.9999347809753303;0.9999425084286492;0.9999165959476793;1.0;0.9999489654517448;0.9999441946225298;0.9999817584135102;0.9999595124900788;0.9999396717480712;0.9998823663922509;0.9999961006306396;0.9999451832816644;0.9999999999999999;1.0002126144842187;0.9999028408949683;1.0;0.9999157951385588;0.9999999999999999;0.999844709498525;1.0;0.9998159061254799;1.0;0.9998098643794154;0.9999999999999999;0.9995766872655794;0.9995613266403974;0.9995537783292645;1.0;0.9999953267784691;0.9998902693456709;0.9999527662425405;0.9999377980553918;1.024999976158142;
2016-09-17 22:15:00;0.9999018936477962;1.0;0.9999718452300801;0.9999079768583629;0.9999883682775607;0.9999167998472075;1.0001472989262046;0.9999352971935115;0.9999775951484502;0.9999512639147689;1.0;0.9999402354861986;0.9999477475515568;0.99992920891584;1.0;0.9999531688192261;0.9999490076368686;0.9999849625805285;0.9999655573239337;0.9999492847183432;0.9998982440112761;0.9999974246734643;0.9999498627735839;1.0;1.0002076960522057;0.9999158242864389;1.0;0.9999286240348789;1.0;0.9998559018437199;1.0;0.9998304580241996;1.0;0.9998019433473733;1.0;0.9996259225450005;0.9996085043405057;0.999598987358734;0.9999999999999999;0.9999962664116712;0.9999049050137226;0.9999614996008706;0.999943423928888;1.024999976158142;
2016-09-17 22:30:00;0.9998995972517116;1.0;0.9999699811504363;0.9999047032956562;0.9999908751616096;0.9999135295587742;1.0001477859680197;0.9999316947462525;0.9999790723818284;0.9999475805325286;1.0;0.999937027027672;0.9999459428290843;0.9999230588478227;1.0;0.9999505609930585;0.9999462726656076;0.9999885603129748;0.9999643060623051;0.9999501032144593;0.9999008666761829;0.999997997221761;0.9999472377030217;1.0;1.0002082456922086;0.9999177617714916;1.0;0.9999246426154917;1.0;0.999854406184593;1.0;0.9998174540474185;0.9999999999999999;0.999786385679806;1.0;0.9995975248869106;0.9995799548738938;0.9995696445269536;1.0;0.999996486895163;0.9999080711948284;0.9999610817986372;0.9999400709131886;1.024999976158142;
2016-09-17 22:45:00;0.9999225502445547;0.9999999999999999;0.9999748504993781;0.999926250258434;0.9999905506074785;0.999931797605194;1.0001415646783471;0.9999468077036144;0.9999794020576007;0.9999598144007142;1.0;0.9999499361848158;0.9999573338640488;0.9999408444957147;0.9999999999999999;0.9999654786933542;0.999962194613425;0.9999885681938024;0.9999724308190145;0.9999586113713554;0.9999225686752556;0.9999968102515759;0.9999629189638888;1.0;1.0001991588912633;0.9999356225084614;1.0;0.999941195901398;1.0;0.999868034516561;1.0;0.9998243957264386;1.0;0.9998062957873337;1.0;0.9996043954393641;0.9995880517591694;0.9995789159567431;1.0;0.9999967791392573;0.9999279724728123;0.9999663150786634;0.9999528781158773;1.024999976158142;
2016-09-17 23:00:00;0.9999259360329307;1.0;0.9999780023928929;0.9999304698334642;0.9999905891052628;0.9999367035356291;1.0001440854241173;0.9999511477152414;0.9999818547046652;0.9999630583062808;1.0;0.9999505685055518;0.9999573705412333;0.9999464218366247;1.0;0.9999661117073093;0.9999629950422958;0.99998800913825;0.9999738952899782;0.9999609719494809;0.999923181764129;0.9999975909624369;0.9999636334838674;0.9999999999999999;1.0002028268200243;0.9999364925403142;1.0;0.9999457946524589;0.9999999999999999;0.9998635200759003;1.0;0.9998182851444719;1.0;0.9997723834002894;1.0;0.9996096119914795;0.9995929453174954;0.9995838094703441;1.0;0.999997014550118;0.9999282247208281;0.9999698141033243;0.9999536124322895;1.024999976158142;
2016-09-17 23:15:00;0.9999161293616047;1.0;0.9999761833677021;0.9999220694981632;0.9999904098264599;0.9999298406033024;1.0001421983818541;0.9999468569437785;0.9999823978598464;0.9999578178791666;1.0;0.999943725613595;0.999950891221175;0.9999400548820772;1.0;0.9999619563507346;0.9999585291533373;0.9999874070226478;0.999970141971637;0.9999577435177275;0.9999131478844133;0.9999983552856067;0.9999592195830483;1.0;1.0002003361815215;0.9999289302266815;1.0;0.9999394726728847;1.0;0.9998579727409417;1.0;0.9998318498698194;0.9999999999999999;0.9998111606829916;0.9999999999999999;0.9996236734561995;0.9996066457348095;0.9995963351125616;1.0;0.9999967701564462;0.9999191766549872;0.9999681028370473;0.9999465981727338;1.024999976158142;
2016-09-17 23:30:00;0.9999181903462661;1.0;0.9999751771386337;0.999922298625222;0.9999911340251422;0.99992912609302;1.0001390339527108;0.9999438979301879;0.999980750577621;0.9999581475829425;1.0;0.9999473336553748;0.999955000754493;0.9999381778914447;0.9999999999999999;0.9999602910616879;0.9999567619053922;0.9999889525055019;0.9999711782940892;0.9999577260089737;0.9999177626271802;0.9999975835960412;0.9999575367235332;1.0;1.0001957860040938;0.9999315326093666;1.0;0.999938800609514;1.0;0.9998700349293077;1.0;0.9998294382771677;1.0;0.9998455956550167;1.0;0.9995923847498885;0.9995759441413363;0.9995672211025666;1.0;0.9999969332649337;0.9999233899103082;0.999966829410691;0.9999504066164107;1.024999976158142;
2016-09-17 23:45:00;0.9999054311635739;1.0;0.9999680754863515;0.9999104882540462;0.9999904344490921;0.9999170457701191;1.0001405571896103;0.9999377296615112;0.9999777753693828;0.9999479485328471;1.0;0.9999326270487778;0.9999427378372439;0.9999255454042663;0.9999999999999999;0.9999622955438339;0.9999585446816273;0.9999886773329854;0.9999650983840054;0.9999520843107633;0.9999092598710136;0.9999970809852612;0.9999594075347602;1.0;1.0001976947212117;0.9999258893708457;1.0;0.999927097018146;1.0;0.999875781294089;1.0;0.9998607950332271;0.9999999999999999;0.9998582288569547;1.0;0.9996781768465438;0.9996623017259065;0.9996543716377188;1.0;0.9999960427638227;0.9999167860144709;0.9999598497759451;0.9999357134752231;1.024999976158142;
2016-09-18 00:00:00;0.9999417434259213;1.0;0.9999801568915375;0.9999442313118697;0.9999933203896899;0.9999480416108282;1.0001375389819929;0.9999596088704202;0.9999843694786047;0.9999688032787676;1.0;0.9999552094400086;0.9999627915146272;0.9999540665031483;1.0;0.9999749455797928;0.9999725018516886;0.9999921776053128;0.9999789993929498;0.9999690604006158;0.9999433395142634;0.999997510880672;0.9999730641520026;1.0;1.0001932288311088;0.9999529446802126;1.0;0.9999548683054275;0.9999999999999999;0.9998771706213924;1.0;0.9998371989106282;0.9999999999999999;0.9998428744814489;0.9999999999999999;0.9996176251266179;0.9996004323849371;0.9995905028155597;1.0;0.9999975386807117;0.9999475822443222;0.9999740723730649;0.9999582265817084;1.024999976158142;
2016-09-18 00:15:00;0.9999334831643879;0.9999999999999999;0.9999785354184983;0.9999371297178548;0.9999920627406778;0.9999420222010991;1.0001372536679787;0.9999556942034398;0.9999832114482463;0.999965183323695;1.0;0.9999505220347423;0.9999581806177243;0.9999495867447015;1.0;0.9999716777195612;0.9999689404568552;0.9999902964491847;0.999976070886297;0.9999650936145875;0.9999335447211917;0.9999975835452007;0.9999695362079838;1.0;1.0001929893956816;0.9999452376359564;1.0;0.9999498125980482;1.0;0.9998719201048745;0.9999999999999999;0.9998396060745097;1.0;0.999859239236763;1.0;0.9996136007211742;0.9995967987042469;0.9995876628218772;1.0;0.9999972020234893;0.9999383953145325;0.9999716529373786;0.9999536085164226;1.024999976158142;
2016-09-18 00:30:00;0.9999277683433879;1.0;0.9999750013332392;0.9999306803465334;0.9999904979630108;0.9999350233455294;1.0001375028598412;0.9999492821740743;0.9999785325887888;0.9999620190484526;1.0;0.9999521548679985;0.9999597181951121;0.9999436374017858;1.0;0.9999693281033649;0.9999662577783934;0.9999888710486766;0.9999741893265891;0.9999601145462151;0.9999285927795805;0.9999961631770562;0.9999669508610451;1.0;1.0001933086560386;0.999940388918873;1.0;0.9999440571022212;0.9999999999999999;0.9998751519268533;1.0;0.9998423931766044;1.0;0.9998529193055815;1.0;0.9996263429620128;0.9996105122966523;0.999602582619298;1.0;0.9999967855628293;0.9999336127612694;0.9999664329567909;0.9999552278438504;1.024999976158142;
2016-09-18 00:45:00;0.999956751537326;1.0;0.999986149263198;0.9999594583575349;0.9999942119230639;0.999962620130933;1.0001322325262043;0.9999719712896007;0.9999886879760502;0.9999777275064127;1.0;0.9999609892476349;0.9999674877532715;0.9999681575721315;0.9999999999999999;0.9999825540889001;0.9999808080596934;0.9999928163457039;0.9999844289789699;0.9999769427340581;0.9999558478129195;0.9999982975008699;0.9999811692190517;0.9999999999999999;1.000185737350508;0.9999638075327464;0.9999999999999999;0.9999678298809623;1.0;0.9998790865581885;1.0;0.999856984315306;1.0;0.9998585613937746;1.0;0.9996664239215532;0.9996497015830388;0.9996401842090401;1.0;0.9999980735530374;0.999958989107116;0.9999813968700029;0.9999639580105376;1.024999976158142;
2016-09-18 01:00:00;0.9999432460386664;1.0;0.9999791784065777;0.9999452552225385;0.999991027414413;0.999947907665673;1.0001331254041848;0.9999593746703753;0.9999802049565983;0.9999704803993951;1.0;0.9999611724699533;0.9999676275234834;0.999955757978919;1.0;0.9999774865486952;0.9999750562747576;0.9999896365327909;0.9999798202254594;0.9999667297511412;0.9999432249616153;0.999995911174633;0.999975597646974;1.0;1.0001869895742563;0.9999523571506237;0.9999999999999999;0.9999556028033831;1.0;0.9998864837102434;1.0;0.9998326318406996;1.0;0.9998528645285993;1.0;0.9995967712264117;0.9995807450935668;0.9995720220129005;1.0;0.9999971831423808;0.9999470028426635;0.9999712969235961;0.9999641144340728;1.024999976158142;
2016-09-18 01:15:00;0.9999626559701439;1.0;0.9999872262127899;0.999964235287421;0.9999943089676543;0.9999664489576767;1.0001314780303925;0.9999736942228185;0.9999879784848551;0.9999810804418193;1.0;0.9999674538261434;0.9999733530659608;0.9999717212189226;1.0;0.9999840618087774;0.9999824488198945;0.9999932198963501;0.9999868715497204;0.9999786101215125;0.9999619082010169;0.9999977010329288;0.9999827964952493;1.0;1.000184602361268;0.9999680781408474;1.0;0.9999714780709048;1.0;0.99987058037497;1.0;0.999858428501592;1.0;0.9998717167355914;1.0;0.9996617901582615;0.99964515246168;0.9996356351309922;1.0;0.9999982588162624;0.9999643372642697;0.9999822039932551;0.9999703958087433;1.024999976158142;
2016-09-18 01:30:00;0.9999612158504374;1.0;0.999987578980521;0.9999635416772834;0.9999941111151093;0.9999662653254913;1.0001293061018401;0.9999743824528035;0.9999887621023474;0.9999806328226499;1.0;0.9999649954500233;0.9999709255607069;0.9999719580937743;1.0;0.9999840536997099;0.9999824462894239;0.9999926940651847;0.9999862560606201;0.9999784676365776;0.9999595124904297;0.9999980882698305;0.9999827695020383;1.0;1.000181620647201;0.999966554337008;1.0;0.9999713090878991;1.0;0.999896790763124;1.0;0.9998464499743737;1.0;0.9998643349069704;1.0;0.9996304164808779;0.9996145983168714;0.9996062559370534;1.0;0.9999982087685835;0.999962138565153;0.9999826911040762;0.9999679642248203;1.024999976158142;
2016-09-18 01:45:00;0.9999396871337505;1.0;0.9999827493404579;0.9999437153220135;0.9999915562428344;0.9999490057898484;1.000127376452469;0.9999606743696662;0.9999848303418815;0.9999709276447987;1.0;0.9999567271009473;0.999962829437376;0.9999578990478107;1.0;0.9999721038535089;0.9999695497210743;0.9999890574808926;0.9999789949644124;0.9999676933776569;0.9999356940835364;0.9999979339968333;0.9999700459754814;1.0;1.000179318120234;0.9999468202671424;1.0;0.9999567430442701;0.9999999999999999;0.9999202168812147;1.0;0.9998465494190918;1.0;0.9998682790200993;1.0;0.999627755359257;0.9996099649753911;0.9995996543189064;1.0;0.9999975219574351;0.999939625029553;0.999975563320025;0.9999598404009845;1.024999976158142;
2016-09-18 02:00:00;0.9999378824453222;1.0;0.9999809253861652;0.999942139206634;0.9999906834707011;0.9999469218722223;1.0001262111692304;0.9999602082965182;0.9999831186454685;0.9999693032655216;1.0;0.9999547703753489;0.9999610815341059;0.9999561757509748;1.0;0.9999745102633335;0.9999719765886466;0.9999881862749274;0.9999779641585986;0.9999661177955055;0.9999343569968681;0.9999973789867135;0.9999724675752776;1.0;1.000177593103739;0.9999460975448361;0.9999999999999999;0.9999548577912523;1.0;0.9999315107773173;1.0;0.9998453495409924;1.0;0.999861547589232;1.0;0.9996286693755911;0.99961139188248;0.9996014622042362;1.0;0.9999971819688334;0.999938621877163;0.9999733779490266;0.9999578143148775;1.024999976158142;
2016-09-18 02:15:00;0.9999340028810013;1.0;0.9999798163218133;0.9999387227773835;0.9999906670775563;0.9999439390519714;1.0001234068072546;0.9999584284161299;0.9999831369686001;0.9999668960574154;1.0;0.9999518646267243;0.9999584262949761;0.999953202542273;1.0;0.9999734031076187;0.9999707610513875;0.9999881117391616;0.9999763743366924;0.999964804581829;0.9999308817536369;0.9999975926099072;0.9999712764534066;1.0;1.0001736863940136;0.999943548790131;1.0;0.9999520309930865;1.0;0.9999460359852987;1.0;0.999860266120858;1.0;0.9998785442682638;0.9999999999999999;0.9996618595751017;0.9996455149553597;0.9996363786277445;1.0;0.9999970519095375;0.999935599693241;0.9999723681338616;0.9999548065634593;1.024999976158142;
2016-09-18 02:30:00;0.9999457953290816;1.0;0.9999828328382934;0.9999497179691843;0.9999915736233316;0.999953633582591;1.0001223439625442;0.9999660326060938;0.9999849085330816;0.999972853508428;1.0;0.9999570732955876;0.9999632884276394;0.999961768239199;1.0;0.9999796214742311;0.9999774781363027;0.9999893829542759;0.9999805336109823;0.9999702925615753;0.9999428742472842;0.9999975660250766;0.9999778879987077;0.9999999999999999;1.0001720260234452;0.999953409184195;1.0;0.9999604896028013;0.9999999999999999;0.9999513447981785;1.0;0.9998414805857193;1.0;0.9998693713856746;0.9999999999999999;0.9996114607882262;0.9995963379781323;0.999588789402607;1.0;0.9999974045394819;0.9999467441251619;0.9999762665824138;0.999960015247647;1.024999976158142;
2016-09-18 02:45:00;0.9999517941967331;1.0;0.9999840887887456;0.9999535643659717;0.9999933082592352;0.9999567610697948;1.0001174785190678;0.9999651261094162;0.9999852671666671;0.9999757730152742;1.0;0.9999636425071148;0.9999700237668877;0.9999631519795315;1.0;0.9999771172772521;0.9999749597912844;0.9999920077830414;0.9999832852103605;0.9999728578205473;0.9999510715852098;0.9999973361316558;0.9999754357884428;1.0;1.0001651403259055;0.9999586625269752;1.0;0.9999632017382905;1.0;0.9999761147981975;1.0;0.9998580691384075;0.9999999999999999;0.9998862319394042;1.0;0.9996497875353219;0.9996328086987898;0.9996236724873042;1.0;0.999997946059711;0.9999540935300951;0.9999778139412187;0.9999667848732996;1.024999976158142;
2016-09-18 03:00:00;0.9999566127250971;1.0;0.9999877459681399;0.9999597766888818;0.9999943494119929;0.9999637434569582;1.0001182241429865;0.9999725330958529;0.9999900720073883;0.9999787536520826;1.0;0.9999599891882661;0.9999664716092735;0.999969728698896;1.0;0.9999804693182205;0.9999786831248457;0.9999925862721453;0.999984718438665;0.999977473107817;0.999954090067323;0.9999988660282412;0.9999790290719146;1.0;1.0001662459121796;0.9999623517235133;1.0;0.9999690237783119;1.0;0.9999730649294347;1.0;0.9998469029885911;1.0;0.9998720158613881;1.0;0.9996258788065884;0.999608368957198;0.9995988519767152;1.0;0.9999982470154877;0.9999570883582839;0.9999830675928589;0.9999632067384513;1.024999976158142;
2016-09-18 03:15:00;0.9999535270544913;1.0;0.9999861405801309;0.9999570153869716;0.9999934225579885;0.9999608599388161;1.0001181985065173;0.9999710615679758;0.9999884794948908;0.9999769006630443;1.0;0.9999591239563337;0.9999654365893412;0.999967494357232;0.9999999999999999;0.999981074248308;0.9999792178573892;0.9999915213703299;0.9999833981983949;0.9999753830397784;0.9999509395660613;0.9999984445312113;0.9999795725799844;1.0;1.000166189419106;0.9999599932619686;1.0;0.9999665497865586;1.0;0.9999735036659383;1.0;0.9998540706307512;1.0;0.9998824126596153;1.0;0.9996403488867508;0.9996230711917722;0.9996131413975113;0.9999999999999999;0.999997946074679;0.9999542502083059;0.9999809414564083;0.999962167909115;1.024999976158142;
2016-09-18 03:30:00;0.9999604919417915;0.9999999999999999;0.9999881428204259;0.9999633827407315;0.9999943719464337;0.9999666097419103;1.0001161862905077;0.9999751899858864;0.9999900285928741;0.999980375935875;1.0;0.9999618517872502;0.999968155156829;0.9999722622827981;1.0;0.9999837944405503;0.9999822058811729;0.9999927741070854;0.9999859148189416;0.9999789634360658;0.9999583325141432;0.9999986137772964;0.9999825114621005;1.0;1.0001632828363252;0.999965957236824;1.0;0.9999714856966584;1.0;0.9999743288449914;1.0;0.9998728544614306;1.0;0.9998966340498963;0.9999999999999999;0.9996872517106373;0.9996706813402901;0.9996619574747737;1.0;0.9999982501010014;0.9999611239433133;0.9999836584232814;0.9999649651032431;1.024999976158142;
2016-09-18 03:45:00;0.9999594419541205;0.9999999999999999;0.9999881925361618;0.99996180497971;0.9999947755286377;0.9999653190483518;1.000119951967087;0.9999727343487301;0.999989923657399;0.9999801345501592;1.0;0.9999649664854044;0.9999708591481472;0.9999707944705443;1.0;0.9999804344566151;0.999978682035597;0.9999933170634663;0.9999858994155632;0.9999784611030184;0.9999576055721541;0.9999986419841255;0.9999790404659527;1.0;1.0001686226662194;0.9999647323240656;0.9999999999999999;0.9999704396190842;1.0;0.9999743245181013;1.0;0.9998356777365587;1.0;0.9998524626629857;1.0;0.9996054495754926;0.9995893387437026;0.9995806155880417;1.0;0.999998404979315;0.9999602438297672;0.9999835293481394;0.9999679352601152;1.024999976158142;
2016-09-18 04:00:00;0.9999580510253077;1.0;0.9999877238128267;0.9999608234614165;0.9999943503908149;0.9999644154986541;1.0001180237040177;0.999972741728486;0.9999896255419849;0.9999793763497098;1.0;0.9999603027514327;0.9999670340976142;0.9999702589568885;0.9999999999999999;0.9999810779261934;0.9999793240377433;0.99999273107878;0.9999852558219914;0.9999777550056586;0.99995587223413;0.9999986107549145;0.9999796715763971;1.0;1.0001659233337354;0.9999636080528762;1.0;0.9999696512742994;1.0;0.9999744879362903;1.0;0.9998632760210748;1.0;0.9998770475633891;1.0;0.999671802499367;0.9996537490686948;0.9996442316561611;0.9999999999999999;0.9999982656073908;0.9999587055144784;0.9999829484139214;0.9999636916522365;1.024999976158142;
2016-09-18 04:15:00;0.9999622272067662;1.0;0.9999886114342923;0.9999654096766792;0.9999946082744375;0.9999685016360259;1.0001177562460468;0.9999775404140211;0.9999909617969666;0.9999809378103541;1.0;0.999960362804784;0.9999668726155286;0.9999738344020951;1.0;0.9999860830732593;0.9999846461681913;0.9999930135906367;0.9999862773238544;0.9999802629843527;0.999960166044477;0.9999988467362511;0.999984912101714;1.0;1.0001654348305502;0.9999679119391622;1.0;0.9999729545114382;1.0;0.9999720210160312;1.0;0.9998510992595668;1.0;0.9998739496492364;1.0;0.9996372145733456;0.9996212555406645;0.9996133257780865;1.0;0.9999982567336434;0.9999630262923792;0.9999846205261299;0.9999634761161408;1.024999976158142;
2016-09-18 04:30:00;0.999960162770905;1.0;0.9999887064277413;0.9999632458312245;0.9999952290845155;0.9999669437699149;1.0001189191762105;0.9999754322685629;0.9999916881774622;0.999980005803403;1.0;0.999961159008225;0.9999674965811179;0.999971960461295;1.0;0.9999827441674112;0.9999811538496716;0.9999936956943872;0.9999857458522508;0.9999799483162152;0.9999584275028693;0.9999992370065535;0.9999814644114928;1.0;1.0001671431740833;0.9999662027759889;1.0;0.9999714993289985;1.0;0.9999688893842303;0.9999999999999999;0.9998463401723704;1.0;0.9998659253706688;1.0;0.9996283940981592;0.999611965463914;0.9996028294429267;1.0;0.9999984037085906;0.9999613551873939;0.9999848837248335;0.9999641277716318;1.024999976158142;
2016-09-18 04:45:00;0.9999562773057563;1.0;0.9999877373271978;0.9999595539500695;0.9999946267295919;0.9999636431909871;1.0001195982513083;0.9999726212469082;0.9999905980036524;0.9999783494452549;1.0;0.9999600180745044;0.9999663833113162;0.9999693563371752;1.0;0.9999804027871716;0.9999786225994101;0.9999929002556326;0.999984498345254;0.9999777421456824;0.9999540610268715;0.9999990723441571;0.9999789695386966;1.0;1.000168168819481;0.9999624645780997;1.0;0.9999687853648174;1.0;0.9999695367881798;0.9999999999999999;0.9998469616824074;1.0;0.9998590538559232;1.0;0.9996350092230752;0.9996174385511929;0.9996071278176206;1.0;0.9999982670624423;0.9999571670912263;0.9999833284724923;0.9999630620300076;1.024999976158142;
2016-09-18 05:00:00;0.9999669017803705;1.0;0.9999903563450493;0.9999692693303263;0.9999952857796742;0.999972100921947;1.0001176252841573;0.9999789311301207;0.9999916953432788;0.9999838567904419;1.0;0.9999651452980262;0.9999712354911862;0.99997695710681;1.0;0.9999856021388612;0.9999842395179813;0.9999938993776802;0.9999883422451001;0.999982335059605;0.9999647891487019;0.9999988690915369;0.9999845005261345;1.0;1.0001652547864697;0.9999710817768372;1.0;0.9999762720959968;1.0;0.9999733088683909;1.0;0.9998481797454144;1.0;0.9998722925627149;1.0;0.9996295602938573;0.9996122887327583;0.9996027717149563;1.0;0.9999985816658815;0.9999670366426503;0.9999865032787947;0.9999682876689333;1.024999976158142;
2016-09-18 05:15:00;0.9999555095157808;1.0;0.9999878224587682;0.9999588637483137;0.9999941191984344;0.9999630991596865;1.0001186623446798;0.9999719828267501;0.9999899891343541;0.9999785503355861;1.0;0.9999597860986474;0.9999661538662518;0.999969464031759;1.0;0.9999795370663374;0.9999776948969847;0.9999921904919261;0.9999844222598269;0.9999769148761132;0.9999523892523141;0.9999989180772266;0.9999780439507188;1.0;1.0001669119063172;0.9999609303893187;1.0;0.9999685763807755;0.9999999999999999;0.9999746499519253;1.0;0.9998350878932739;1.0;0.9998750690941388;1.0;0.9995881458678246;0.9995714556536258;0.999563113633859;1.0;0.9999982297619487;0.99995540008841;0.9999829545647732;0.9999630304474734;1.024999976158142;
2016-09-18 05:30:00;0.9999597399752015;1.0;0.99998806726256;0.9999627135949191;0.9999943652668706;0.9999660877736666;1.0001157231032334;0.9999747686931194;0.9999900636473956;0.9999800496047947;1.0;0.999962177653252;0.9999683152969195;0.9999718083194791;0.9999999999999999;0.9999832594324769;0.999981638402334;0.9999927292020612;0.9999856692286778;0.9999786954166026;0.9999574993377477;0.9999986746717721;0.9999819498389949;0.9999999999999999;1.0001626532789725;0.9999652779273609;1.0;0.999971030648752;0.9999999999999999;0.9999717269151323;1.0;0.9998682648136555;1.0;0.9999213747074808;1.0;0.9996564634821464;0.9996401980324899;0.9996314744329933;1.0;0.9999982454410027;0.9999603422485535;0.9999835621753612;0.999965194815977;1.024999976158142;
2016-09-18 05:45:00;0.9999699382359908;1.0;0.999990613730661;0.9999723805138012;0.9999958118320675;0.9999747070036467;1.000115146432595;0.9999820190066097;0.9999927117066395;0.9999845111476313;1.0;0.9999635049430206;0.9999700176402859;0.9999787239885622;1.0;0.9999892899120206;0.9999881564649344;0.9999946491359805;0.9999889833771658;0.9999843218878888;0.9999687926021993;0.9999990352707918;0.9999883729100124;1.0;1.0001616576986432;0.9999748967816283;1.0;0.9999781791324275;1.0;0.9999775952862141;1.0;0.9998526123614844;1.0;0.9999115033156846;1.0;0.9996159961941352;0.9995994270048876;0.9995907037611891;1.0;0.9999985918414931;0.9999711257225822;0.9999875278814877;0.9999666182641603;1.024999976158142;
2016-09-18 06:00:00;0.9999594438234325;1.0;0.9999884912756559;0.9999618316972131;0.9999953306537843;0.9999655660449539;1.0001157917234846;0.9999728133815826;0.9999908421631206;0.9999799654652622;0.9999999999999999;0.9999636424147952;0.999969863550982;0.9999705852939406;1.0;0.999979812159865;0.9999780593026484;0.9999939549880923;0.9999858768162333;0.9999790962754618;0.9999580001937209;0.999998977435301;0.9999784236529762;1.0;1.0001628019926456;0.9999651064356826;1.0;0.9999704812931823;0.9999999999999999;0.9999772490772535;1.0;0.999854550777608;1.0;0.9999169550210377;1.0;0.9996181107563936;0.9996026649336031;0.9995951163102988;1.0;0.99999850495705;0.9999606973660643;0.9999842243878293;0.999966686381331;1.024999976158142;
2016-09-18 06:15:00;0.9999629715835183;1.0;0.999989694934683;0.9999656082278943;0.9999956789437938;0.9999691336586755;1.0001151544246074;0.9999764328307758;0.9999922148004443;0.9999816507829937;1.0;0.9999619724518043;0.9999685546933074;0.9999737922792594;0.9999999999999999;0.9999827323864221;0.9999812006661712;0.9999942864920439;0.9999869337420777;0.9999812764001504;0.9999613176978437;0.9999992786395303;0.9999815057047368;0.9999999999999999;1.0001618593202364;0.999968272370111;1.0;0.9999734688021543;0.9999999999999999;0.9999756076040794;1.0;0.9998605084114489;1.0;0.9999172093370824;0.9999999999999999;0.9996359165917907;0.9996180891313106;0.9996081593865394;1.0;0.9999985894253316;0.9999639191149088;0.9999860303100404;0.9999651900083708;1.024999976158142;
2016-09-18 06:30:00;0.9999544474381545;1.0;0.9999868811129298;0.9999583159628774;0.9999936941445275;0.999962350223055;1.0001163473542194;0.99997279691617;0.9999896441750327;0.9999773937262336;1.0;0.9999571858695627;0.9999637501050405;0.999968827076606;1.0;0.9999819826689353;0.9999802162965227;0.9999916949674718;0.999983616721105;0.9999764437937801;0.9999515476120552;0.9999988304804944;0.9999805404834344;1.0;1.0001636032510977;0.999960841525396;1.0;0.9999677412064869;1.0;0.9999798393909535;1.0;0.9998536548171291;1.0;0.9999067488354708;1.0;0.9996223956234594;0.9996063451816206;0.999598415537323;1.0;0.9999980011702242;0.9999549072559898;0.9999821136437582;0.9999603282154578;1.024999976158142;
2016-09-18 06:45:00;0.9999598967515181;1.0;0.9999876033333446;0.9999626280474501;0.9999947777148738;0.999965802594669;1.0001190619078986;0.9999744890680112;0.9999901619513907;0.9999795068952448;1.0;0.9999612296395091;0.9999677710009046;0.9999709214490947;0.9999999999999999;0.9999835736757012;0.9999819655064276;0.9999933928775564;0.9999855760787552;0.9999789905636978;0.9999587454842668;0.9999986746397717;0.9999822911769783;1.0;1.0001672766422656;0.999966302491698;1.0;0.9999705513331727;0.9999999999999999;0.9999771256690195;1.0;0.9998336889079796;1.0;0.9998708709952124;1.0;0.9995868152179905;0.9995698558683112;0.9995603392545002;0.9999999999999999;0.9999982585919023;0.9999616790027522;0.9999833755222751;0.9999642735987002;1.024999976158142;
2016-09-18 07:00:00;0.9999641646826571;1.0;0.9999878199044042;0.9999650667982763;0.9999958430339626;0.9999673765078777;1.0001183066063946;0.9999732207902366;0.9999895574860519;0.9999812831205332;0.9999999999999999;0.9999670949331061;0.9999736488252879;0.9999712047499313;1.0;0.9999822584856934;0.9999806307042716;0.9999952349458514;0.999987483379592;0.9999803515971155;0.9999651199746463;0.9999981714705097;0.9999810159921256;1.0;1.0001661223247273;0.9999703525506884;1.0;0.9999719115156703;1.0;0.9999799828938739;1.0;0.9998407844968813;1.0;0.9998716042868666;1.0;0.9996076942530668;0.9995912097613108;0.9995824865893219;1.0;0.9999985746645583;0.9999674448968817;0.9999836003044291;0.9999701814659409;1.024999976158142;
2016-09-18 07:15:00;0.9999609595498107;1.0;0.9999850761684944;0.9999609700816284;0.9999945756892948;0.9999625425638877;1.0001188735743434;0.9999684100408466;0.9999854824160789;0.9999794442250852;1.0;0.9999609316098579;0.9999696177223775;0.9999671169272243;1.0;0.9999809175773308;0.9999790561871479;0.9999941806004867;0.999986524075355;0.9999766753070106;0.9999626939455075;0.9999968298402322;0.9999795178235353;1.0;1.0001668625460376;0.9999675691895545;1.0;0.9999680361174936;1.0;0.9999796595743414;0.9999999999999999;0.9998381246453627;1.0;0.9998807839750917;1.0;0.9995933679198985;0.9995729366924819;0.9995642136799574;1.0;0.9999982627540245;0.9999650024328016;0.9999794226592508;0.9999652664048096;1.024999976158142;
2016-09-18 07:30:00;0.9999801528571047;1.0;0.9999935032042073;0.9999801955479483;0.9999981188363795;0.9999816197305144;1.0001166191735227;0.9999838044013618;0.999994330661245;0.9999898295575256;1.0;0.9999621329568629;0.9999712264492112;0.9999834704049135;1.0;0.9999879782873694;0.9999869854238782;0.999997925980927;0.9999933385195945;0.9999891675477356;0.9999810026491422;0.999999033788086;0.9999872329104459;1.0;1.0001636378226009;0.9999833734047576;0.9999999999999999;0.9999842143480757;1.0;0.9999768881900374;1.0;0.999835902579021;1.0;0.9998779422317078;0.9999999999999999;0.9995886287370439;0.9995662338370687;0.9995567172577421;1.0;0.9999993588582137;0.9999821260995798;0.9999911309782782;0.9999668953456063;1.024999976158142;
2016-09-18 07:45:00;0.9999736422987926;0.9999999999999999;0.9999910170547717;0.9999741482666589;0.999997510782853;0.9999759120228373;1.000122069895604;0.9999799941613393;0.9999929090132036;0.9999858687515869;1.0;0.9999575194617284;0.9999671874809889;0.9999781563413942;1.0;0.999986403580488;0.9999851969879444;0.9999972458960515;0.9999907456258081;0.9999860322781239;0.9999751270644068;0.9999988586283171;0.9999854956115242;0.9999999999999999;1.00017129022346;0.9999787997930648;1.0;0.9999790569203751;1.0;0.9999515830916806;1.0;0.9998120077010196;1.0;0.9998725024210176;1.0;0.9995204276932855;0.9994991930420226;0.9994912642477378;1.0;0.9999990341672751;0.9999768952684054;0.9999882647904569;0.9999623011799895;1.024999976158142;
2016-09-18 08:00:00;0.9999726186255322;1.0;0.9999902905348225;0.9999735738073439;0.9999970014141705;0.9999752041762535;1.0001248374721263;0.9999805677300413;0.9999924591897864;0.9999850182550198;1.0;0.9999572069079623;0.9999665469727109;0.9999777513534215;1.0;0.9999882651849312;0.9999871085666762;0.9999966154969031;0.9999900820826138;0.9999854314690342;0.9999739976735122;0.9999987368042123;0.9999873855664242;1.0;1.0001751309072715;0.999978328595636;1.0;0.9999783723307452;1.0;0.9999297406711353;1.0;0.9998266318189045;0.9999999999999999;0.9998741664546906;1.0;0.9995635635355922;0.9995432442848616;0.9995353151411286;0.9999999999999999;0.999998834637599;0.9999760206245906;0.9999874848285861;0.999961699525185;1.024999976158142;
2016-09-18 08:15:00;0.999967986014829;1.0;0.9999903192072961;0.9999691370758471;0.9999970673931556;0.9999718793885521;1.0001270159566231;0.9999767995401299;0.999992673173499;0.9999835335719571;0.9999999999999999;0.9999564776325939;0.9999657677796098;0.9999749338006738;1.0;0.9999827100068258;0.9999812569631384;0.9999964302466747;0.9999888872751733;0.9999836449017234;0.9999685318130369;0.9999991212738625;0.9999815942757262;1.0;1.0001783672948041;0.9999734173388425;1.0;0.9999756489785068;1.0;0.9999071442975239;1.0;0.9998310338647429;1.0;0.99987112219205;1.0;0.9995791464649533;0.9995575254111205;0.9995483898876917;1.0;0.9999989291458891;0.9999706451089421;0.9999871635855903;0.9999610879966523;1.024999976158142;
2016-09-18 08:30:00;0.9999577605260478;1.0;0.9999870725474892;0.999959563509349;0.9999961063847348;0.9999631275917028;1.000124051847633;0.9999702955634063;0.9999905877419399;0.9999779751688588;1.0;0.9999505849985475;0.9999605329178446;0.9999670856126349;1.0;0.999978530511566;0.9999766776726254;0.9999952394588194;0.9999851204542756;0.9999786457334279;0.999958582389972;0.9999989253179196;0.9999771039767442;1.0;1.0001743060689965;0.9999653529768745;1.0;0.9999679425566603;1.0;0.999939949332892;1.0;0.9998222974281411;1.0;0.9998710159137353;1.0;0.9995525495338007;0.9995318455762314;0.9995242974877283;1.0;0.9999985222874761;0.9999615240380652;0.9999831167663932;0.9999552914889174;1.024999976158142;
2016-09-18 08:45:00;0.9999612460248682;1.0;0.9999868491472523;0.9999625867805844;0.999996194518861;0.9999652214795369;1.000134336935534;0.9999723275507372;0.9999901346554466;0.9999790030912059;1.0;0.9999526780650481;0.9999625022463614;0.9999686291518212;1.0;0.9999820488100066;0.9999803802146863;0.9999956493174764;0.9999860940016466;0.9999798427962597;0.9999631162155423;0.9999985245547153;0.9999807806398382;1.0;1.0001885735651033;0.9999691537500429;1.0;0.9999696335196364;1.0;0.9998675152521335;0.9999999999999999;0.9998324942806747;1.0;0.9998721647770651;1.0;0.9995833291010625;0.9995613794559183;0.9995514502744747;1.0;0.9999984855123725;0.9999659296397116;0.9999830856917032;0.9999571997063047;1.024999976158142;
2016-09-18 09:00:00;0.9998996912211029;0.9999999999999999;0.9999629203499343;0.9999052940297131;0.9999938592474162;0.9999113921018661;1.0001428757379023;0.9999372654137214;0.9999810521748512;0.9999385372829452;0.9999999999999999;0.9999027190440223;0.9999196824733084;0.9999151006109365;1.0;0.9999678291851215;0.9999642798918077;0.9999936464839134;0.9999606314674017;0.9999537254668344;0.9999123952583362;0.9999983622849851;0.9999651980250569;1.0;1.0002004935413422;0.9999306309491335;0.9999999999999999;0.9999194144296081;1.0;0.9998994911898751;1.0;0.999826583080277;1.0;0.9998671741745452;0.9999999999999999;0.9995685533942461;0.999546969499049;0.9995374531031325;1.0;0.9999957736073738;0.9999220770624974;0.9999582200263814;0.9999072249261739;1.024999976158142;
2016-09-18 09:15:00;0.9999407393241755;0.9999999999999999;0.999979290436461;0.9999425498884921;0.9999957338553727;0.9999465154348671;1.0001355338341689;0.9999576510566609;0.9999865382361919;0.9999662761188808;1.0;0.9999402178899289;0.9999521015045265;0.9999499462914524;0.9999999999999999;0.9999729375578909;0.9999704378138304;0.9999954705328985;0.999978272609785;0.9999706404679193;0.9999462773947447;0.9999982806259411;0.9999710764998518;1.0;1.00019032056112;0.9999553030831894;1.0;0.9999525330340955;1.0;0.9999001075297311;1.0;0.9998315479815235;1.0;0.9998567379424497;1.0;0.9995906747185247;0.9995696638871241;0.9995613218823108;0.9999999999999999;0.9999978115598459;0.9999509435559647;0.9999747266900739;0.9999448281790205;1.024999976158142;
2016-09-18 09:30:00;0.9999398121815645;1.0;0.9999799244639398;0.9999407510021263;0.9999947518464403;0.9999450082317315;1.000134221871932;0.9999536342926645;0.9999842793710267;0.9999679176658667;1.0;0.9999490457076401;0.9999593866103152;0.9999499347372381;1.0;0.999967303506456;0.9999644924483329;0.9999942158184127;0.9999790445702303;0.9999683510669701;0.9999432874551099;0.9999975776449092;0.9999651938557701;1.0;1.0001886682920158;0.9999513867039589;1.0;0.9999521853065511;1.0;0.9999128967099351;1.0;0.9998316239723647;1.0;0.9998590883325578;1.0;0.99958910976007;0.9995680442479332;0.9995593212781038;1.0;0.9999979414167265;0.9999472233262845;0.9999737200812943;0.9999535808428175;1.024999976158142;
2016-09-18 09:45:00;0.9998573030688752;1.0;0.9999497824772038;0.9998649750727523;0.9999899515408835;0.999874523230536;1.0001495150558055;0.9999085939377619;0.9999717540012546;0.99991601281166;0.9999999999999999;0.9998837626218374;0.9999026078337037;0.999882328445292;1.0;0.999948081366239;0.9999427570552046;0.9999888593185273;0.9999453669823753;0.9999324183002617;0.9998709306306416;0.9999973407509607;0.9999440801365892;1.0;1.0002102329971447;0.9998962769227238;1.0;0.999887211555441;1.0;0.9999046516793696;1.0;0.9998274182235195;1.0;0.9998413374309035;1.0;0.9995887766166431;0.9995668509667264;0.9995577153580661;1.0;0.9999942470729563;0.9998837088648966;0.9999412591909076;0.9998884687976929;1.024999976158142;
2016-09-18 10:00:00;0.9999362939186588;1.0;0.9999793579236675;0.9999381950977192;0.9999949824494908;0.9999431115578867;1.0001368000017867;0.9999535235220025;0.999985516515271;0.9999655694101864;1.0;0.9999435150726047;0.9999544128111955;0.9999478920033014;1.0;0.9999672590508049;0.9999644278305043;0.9999942732449056;0.9999773750618683;0.9999679500611202;0.9999399484820969;0.9999982169838784;0.9999651223958957;1.0;1.0001923088418336;0.9999494154947536;1.0;0.999950134458182;1.0;0.9998995624722478;1.0;0.99983562879816;1.0;0.9998128442856097;1.0;0.9996333149191808;0.9996120226917767;0.9996028866702665;1.0;0.9999978305058964;0.9999444796378605;0.9999737345299693;0.999948021138596;1.024999976158142;
2016-09-18 10:15:00;0.9999474716278693;1.0;0.9999842079767334;0.9999496685267651;0.9999954102907882;0.9999542551302889;1.000134100227442;0.9999628855166225;0.9999886991674702;0.999972684139438;1.0;0.999948764964661;0.9999585354343434;0.9999590502695959;1.0;0.9999725415268412;0.9999702172103448;0.9999943503041565;0.9999815565661329;0.9999736784802833;0.9999485183980088;0.9999988168525368;0.9999707539237149;1.0;1.0001885265644888;0.9999568536538079;1.0;0.9999602035478304;0.9999999999999999;0.9999090483586875;1.0;0.9998221435334788;0.9999999999999999;0.9998224982698027;1.0;0.9995858387198547;0.9995659882718079;0.9995584399254721;1.0;0.9999982375313706;0.99995214460715;0.999979395045533;0.9999532017005411;1.024999976158142;
2016-09-18 10:30:00;0.9999551588325482;1.0;0.9999846421890031;0.9999563006960309;0.999995839419558;0.9999592904669524;1.000136799328264;0.9999668829945607;0.9999883522743351;0.9999756467071323;1.0;0.9999507445491299;0.9999610005726778;0.9999629871556684;1.0;0.9999780795791853;0.999976090255254;0.9999953738627667;0.9999840366854602;0.9999765604290998;0.9999578250518444;0.9999982009537057;0.9999765805807737;0.9999999999999999;1.00019207521566;0.9999643861732941;1.0;0.9999644533488534;0.9999999999999999;0.9998799784127506;1.0;0.9998429796508003;0.9999999999999999;0.9998169814996924;1.0;0.9996528909585034;0.9996324456994093;0.9996248968512118;0.9999999999999999;0.9999983158905916;0.9999609882119844;0.999980221940537;0.9999553683976172;1.024999976158142;
2016-09-18 10:45:00;0.999955686885459;1.0;0.999984952318036;0.9999568657384846;0.9999962279215732;0.9999599338818745;1.0001323181534638;0.9999674403949657;0.9999890862719214;0.999975753615489;1.0;0.9999502317751618;0.9999606058481312;0.9999632724238805;1.0;0.9999781831826239;0.9999762269348464;0.9999958220957056;0.9999841666114804;0.9999772637128019;0.9999586231787617;0.999998435453787;0.9999767127534083;1.0;1.0001857891368953;0.9999651390661483;1.0;0.9999648794469146;1.0;0.9998925597034581;0.9999999999999999;0.999848502370897;0.9999999999999999;0.9998159376919138;1.0;0.9996700802858152;0.9996481641882982;0.9996386468289367;1.0;0.9999983833152031;0.9999618124990729;0.9999808668892621;0.9999548421104232;1.024999976158142;
2016-09-18 11:00:00;0.9999353350942619;1.0;0.9999759047843918;0.9999377662773101;0.9999921705338163;0.9999409881576308;1.0001386908175545;0.9999549366028628;0.9999808197966708;0.9999640580953908;1.0;0.9999399845775775;0.9999512301817369;0.9999473185499964;1.0;0.9999755033757656;0.9999728678072775;0.9999912622255365;0.9999762154074135;0.9999648485120735;0.9999388118618614;0.9999965060235573;0.9999734969818821;1.0;1.0001947192342076;0.9999493729242984;0.9999999999999999;0.999948497942826;1.0;0.9998492406921188;0.9999999999999999;0.9998587139964994;1.0;0.9998292652205581;1.0;0.9996922174479237;0.9996706856005034;0.9996615490428394;1.0;0.9999969851073179;0.9999437677669597;0.9999690160681488;0.999944565821596;1.024999976158142;
2016-09-18 11:15:00;0.999913077346496;1.0;0.9999690559333003;0.9999180582577812;0.9999931762329916;0.999923677728429;1.0001429585424286;0.999945014148668;0.9999821302282292;0.9999489329030077;1.0;0.9999177084819956;0.9999318743393916;0.9999288144246136;1.0;0.9999699359821547;0.9999667389247398;0.9999923368272345;0.9999666398089413;0.9999584123203193;0.9999208587008517;0.9999981318817261;0.9999675205309789;0.9999999999999999;1.000200745386311;0.9999366697113629;1.0;0.9999315074616052;1.0;0.9998559379035454;1.0;0.9998478719730418;0.9999999999999999;0.9998399394041683;1.0;0.9996520271290231;0.9996308996299849;0.999621382434994;1.0;0.9999963112430075;0.999928709643916;0.9999636402504699;0.9999220698878193;1.024999976158142;
2016-09-18 11:30:00;0.9998029170081171;1.0;0.9999280315337982;0.999815793126085;0.9999878256180214;0.9998281008924532;1.0001627360095746;0.9998828098723251;0.9999649470909316;0.9998786950875288;1.0;0.9998337833206477;0.9998594086301189;0.9998363247967735;1.0;0.9999429800271363;0.9999363591958105;0.9999868866643425;0.999921630565415;0.9999103364448312;0.9998264362321337;0.9999976292570751;0.9999380338186699;0.9999999999999999;1.0002285525594514;0.9998641889634847;1.0;0.9998432067728001;1.0;0.9998551747029103;0.9999999999999999;0.9998666620574389;1.0;0.9998293650350987;1.0;0.9997160612477206;0.9996960729263838;0.9996885235976976;1.0;0.9999915855784248;0.9998460089891058;0.99991961159242;0.9998382620961629;1.024999976158142;
2016-09-18 11:45:00;0.9998281723615436;1.0;0.999941999117355;0.9998350691305038;0.9999906061938524;0.9998478442714631;1.000161671385602;0.999882786907854;0.9999677690072112;0.9999003344819598;1.0;0.99987968643936;0.9998992547534807;0.9998558792598928;1.0;0.9999241071296253;0.9999171746801604;0.9999899368142994;0.9999357538743608;0.9999194642437252;0.999845641028491;0.9999975080152331;0.9999189501144538;1.0;1.000227687851131;0.9998733636579232;1.0;0.9998634916828227;1.0;0.9998207218170378;0.9999999999999999;0.9998620127817008;1.0;0.9998275525448058;1.0;0.9997038580291604;0.9996831861740572;0.9996744621994142;1.0;0.9999940664423614;0.9998600466125812;0.9999317171716184;0.9998840960715194;1.024999976158142;
2016-09-18 12:00:00;0.9998385575521292;1.0;0.999949207570246;0.999842079913745;0.9999922677122667;0.9998557162283359;1.0001583045717495;0.9998795327321892;0.9999690627820622;0.9999107606612656;1.0;0.9999036935745901;0.9999202550027219;0.9998638571027664;1.0;0.9999098864580711;0.9999025597084868;0.9999917209492662;0.9999425474358468;0.9999229480426106;0.9998526973290778;0.9999975629418674;0.9999044473832256;1.0;1.000223408040371;0.9998751236978031;1.0;0.9998721035932925;1.0;0.9998492009242421;1.0;0.9998294343590846;1.0;0.9997827497733393;1.0;0.9996362735578288;0.9996156708477114;0.9996077411294356;1.0;0.9999954843577138;0.9998643532816534;0.9999376122816567;0.9999082746523406;1.024999976158142;
2016-09-18 12:15:00;0.9998722904146693;1.0;0.9999618966398339;0.9998772464392178;0.9999928682889037;0.9998890159665723;1.0001537327857606;0.9999098636928297;0.9999777084956046;0.999930780369287;1.0;0.9999125631739201;0.9999269580970612;0.9998969152344812;1.0;0.9999316085620048;0.9999260203940785;0.9999913655518462;0.9999543900379203;0.9999400105082153;0.999879750763268;0.9999989437428154;0.9999273840439071;1.0;1.0002168138868783;0.9998995507958645;0.9999999999999999;0.9999018313435257;1.0;0.9998417024998498;0.9999999999999999;0.9998263242626009;1.0;0.9997749537032778;1.0;0.9996324063030948;0.999610582678109;0.99960106567655;0.9999999999999999;0.9999962746728263;0.9998892003614082;0.9999530305556372;0.9999171442923067;1.024999976158142;
2016-09-18 12:30:00;0.9999023695957739;0.9999999999999999;0.9999738416820944;0.9999102473352875;0.9999887481185716;0.9999200513221065;1.0001438595282903;0.9999403276074228;0.9999811749080826;0.9999517969489394;1.0;0.9999246851524202;0.9999349072661164;0.9999325530017387;1.0;0.9999557442324513;0.9999518175921388;0.9999847497945201;0.9999653124014984;0.9999515950017995;0.999896976028381;0.9999987500465506;0.9999525695157897;0.9999999999999999;1.0002029524742244;0.9999161901188023;0.9999999999999999;0.9999311695851001;1.0;0.999851723330936;1.0;0.9998390527044706;1.0;0.9997912145625117;1.0;0.9996593425168304;0.9996382133805601;0.9996294897983831;0.9999999999999999;0.9999963098983513;0.9999040290351687;0.9999646913020147;0.99992923952792;1.024999976158142;
2016-09-18 12:45:00;0.9998947088947985;1.0;0.9999720038844789;0.9998985975951238;0.999991849930258;0.9999095162307173;1.000148575566637;0.9999228938387505;0.9999795601073672;0.9999480081102987;1.0;0.9999365913716329;0.9999466056152803;0.9999196590649687;1.0;0.9999354113927192;0.9999304265801923;0.999989371338746;0.9999644129461894;0.9999479366420843;0.9998942455653347;0.9999985661286249;0.9999315632186392;1.0;1.0002097931485392;0.9999099596691408;1.0;0.9999219508353305;1.0;0.9998338756455502;1.0;0.9998311523652433;0.9999999999999999;0.9997770825771973;1.0;0.9996455577849375;0.9996250956434436;0.9996167531760193;0.9999999999999999;0.9999971736880443;0.9999006752207701;0.9999620375679041;0.9999410280534993;1.024999976158142;
2016-09-18 13:00:00;0.9997745062308385;1.0;0.9999253874577876;0.9997861050375371;0.9999848853688232;0.9998032693867969;1.000166895094776;0.9998525769827817;0.9999574818292539;0.9998710799374657;1.0;0.9998472841900876;0.9998697900711707;0.9998170806534632;1.0;0.9999066104120743;0.9998978029790909;0.9999825215400208;0.9999153599514927;0.9998935050559273;0.9997919004316497;0.9999967655447404;0.999899952477544;1.0;1.0002354721102538;0.9998308646309465;1.0;0.9998241676918159;0.9999999999999999;0.9998325756276549;1.0;0.9998771297671071;1.0;0.9997788003274073;1.0;0.9997830850758251;0.9997610382891401;0.999751519855137;1.0;0.9999917514277585;0.9998109453617982;0.9999110754009183;0.9998519343565139;1.024999976158142;
2016-09-18 13:15:00;0.9998134168412215;0.9999999999999999;0.999936391496411;0.9998272983483318;0.9999848402710745;0.999840645870058;1.0001604271062667;0.9998907387672319;0.9999657792126545;0.9998911358252197;0.9999999999999999;0.9998489670705147;0.9998704927497455;0.9998533711006762;1.0;0.9999416500862247;0.9999352079071321;0.9999817855965976;0.9999275151818113;0.9999128881463354;0.9998259962626356;0.9999976168978935;0.999936687249325;1.0;1.0002258161764548;0.9998630315979451;0.9999999999999999;0.9998567271106873;1.0;0.9998616202479936;1.0;0.9998561589895597;0.9999999999999999;0.9997338080944678;1.0;0.9997506173913124;0.9997296948556851;0.9997213515153179;1.0;0.9999919842038307;0.9998434386897591;0.9999258438725018;0.999853547897535;1.024999976158142;
2016-09-18 13:30:00;0.9998169874125616;1.0;0.9999371410601718;0.9998315219546113;0.9999832100312048;0.9998442225755609;1.0001550306300684;0.9998951066300737;0.9999647768959707;0.9998937648055316;1.0;0.9998498337113296;0.9998707171140457;0.999858227322132;1.0;0.9999468638044935;0.9999406771210361;0.9999796311734223;0.9999286966799282;0.9999133410213202;0.9998272959703219;0.9999970739019917;0.9999420525623745;0.9999999999999999;1.0002182140378926;0.9998646738650433;0.9999999999999999;0.9998603384262655;1.0;0.9998600850065853;1.0;0.999875484627918;1.0;0.9997932999086412;1.0;0.9997675946160074;0.9997460611450779;0.9997369238985142;1.0;0.9999917137819044;0.9998444939423753;0.999926044832067;0.9998544145423202;1.024999976158142;
2016-09-18 13:45:00;0.999912568608487;0.9999999999999999;0.9999717336394207;0.9999193795816199;0.9999862296597971;0.9999254115290258;1.0001418485377551;0.9999470105027575;0.9999757720133167;0.9999554489805327;1.0;0.9999303305685926;0.9999400605885169;0.9999385127076451;1.0;0.9999703659234414;0.9999670490433967;0.9999826767201453;0.9999680703875784;0.9999522967133945;0.9999082064245652;0.9999960919672746;0.9999676719029345;1.0;1.0001996384095335;0.9999258005814612;1.0;0.9999361869258002;0.9999999999999999;0.9998480312049248;1.0;0.9998657876555156;1.0;0.9998246737474062;1.0;0.9997167492291362;0.9996965240028585;0.9996881809393217;1.0;0.9999956472118663;0.9999147495066639;0.9999614437217613;0.999934692029471;1.024999976158142;
2016-09-18 14:00:00;0.9998857589003532;1.0;0.999967467848797;0.9998974111926541;0.9999819777950293;0.9999074491784656;1.0001484547541521;0.9999370758752307;0.999973485219491;0.9999440160123129;1.0;0.9999109135787954;0.9999211712775169;0.9999259778303176;1.0;0.9999614324839233;0.9999572873734776;0.9999759612788616;0.9999583206034756;0.9999402347764245;0.9998750334036489;0.9999969172259783;0.9999579552333917;1.0;1.0002094671045494;0.9999004346488598;1.0;0.9999211003783831;0.9999999999999999;0.999840048561869;1.0;0.9998425041233067;1.0;0.9997698073467707;0.9999999999999999;0.9996847542565497;0.9996632832332236;0.999654940447101;1.0;0.9999945150120975;0.9998837384462423;0.9999550004252531;0.9999156682760553;1.024999976158142;
2016-09-18 14:15:00;0.9998704851209883;1.0;0.9999664206854711;0.9998860172899038;0.9999790730446692;0.9998989739558816;1.0001457915800964;0.9999340060379479;0.9999734679459275;0.9999384240146496;1.0;0.9999015484973832;0.9999108520159733;0.9999214564453647;1.0;0.9999572661726805;0.9999527385541465;0.9999710496070785;0.9999527553939689;0.9999338976725325;0.9998539211323779;0.9999979118141463;0.9999533662566815;1.0;1.00020616042833;0.999884806708827;0.9999999999999999;0.9999142230674822;1.0;0.9998284611409944;1.0;0.9998825752439768;1.0;0.999831557525411;1.0;0.9997629788144524;0.9997417274597149;0.9997325902527592;1.0;0.9999938409062308;0.9998639165490212;0.9999528307870109;0.9999060408645434;1.024999976158142;
2016-09-18 14:30:00;0.9999210547680594;1.0;0.9999764402752176;0.9999279171872536;0.999988632937779;0.9999344648960945;1.0001382783721875;0.9999536536681546;0.9999812934846297;0.9999602864282131;1.0;0.9999292829864712;0.9999396046183746;0.9999458508377516;1.0;0.999971313144434;0.9999683359103134;0.9999851889821278;0.9999712709090326;0.9999587970698388;0.999916319477367;0.9999976711300242;0.9999688771208173;1.0;1.000194677644357;0.9999327097707871;1.0;0.9999437608882178;0.9999999999999999;0.999833630524607;0.9999999999999999;0.9999112814901789;1.0;0.9998570409277944;1.0;0.9998317226268533;0.9998102484469704;0.9998019044343354;1.0;0.9999963542491141;0.9999223070448191;0.9999680935737347;0.9999340377710797;1.024999976158142;
2016-09-18 14:45:00;0.9999230819478433;0.9999999999999999;0.9999749577556294;0.999928354728165;0.9999888403988962;0.9999336799892212;1.000140453027731;0.9999515391028949;0.9999790445602685;0.999960379125322;1.0;0.9999341235835624;0.9999444162513285;0.9999442485579009;1.0;0.9999716679499605;0.999968656960703;0.999986130235231;0.999972057832352;0.9999584169424464;0.999920729487393;0.9999966722015949;0.9999692584941269;1.0;1.0001975654500543;0.9999354429973741;1.0;0.9999430373653971;1.0;0.999848386383333;0.9999999999999999;0.9998828553039201;1.0;0.9998121475737494;1.0;0.9997769153421889;0.9997558160216666;0.9997474724633026;1.0;0.9999963587430685;0.9999264211711015;0.9999661994425165;0.9999387606433175;1.024999976158142;
2016-09-18 15:00:00;0.9998471780623934;0.9999999999999999;0.9999470737393945;0.9998591878001839;0.9999816058504712;0.9998689435668575;1.0001552817464239;0.999911054697017;0.9999641379703291;0.9999144207268108;1.0;0.9998787965697283;0.999895337185873;0.9998849553150736;1.0;0.9999563972547644;0.9999510958567798;0.999977578236737;0.9999414133952952;0.9999227012383145;0.9998505796166156;0.9999952860974065;0.9999522071247097;0.9999999999999999;1.0002185267460941;0.9998817783284258;1.0;0.9998844078433389;1.0;0.9998560868796397;1.0;0.9998533160899602;1.0;0.9997468808792549;1.0;0.9997330546238336;0.9997106914776894;0.9997007608130491;1.0;0.999992550705398;0.9998640627798407;0.9999343142934739;0.9998834468827147;1.024999976158142;
2016-09-18 15:15:00;0.999847370514811;1.0;0.9999462687090964;0.9998577451317342;0.9999808704531155;0.9998668567803735;1.0001539362476277;0.9999065615339329;0.9999607187648442;0.9999153590348503;0.9999999999999999;0.9998872823203014;0.9999029238109713;0.9998835486432429;1.0;0.9999527822350296;0.9999472270007458;0.9999771139744922;0.9999422709969141;0.9999204339062789;0.9998508522573719;0.9999940295130957;0.9999484240104416;1.0;1.0002166619058483;0.9998803999043604;1.0;0.9998832689930864;1.0;0.999837454689948;1.0;0.999863482733506;1.0;0.9998210398736211;1.0;0.9997124740972553;0.9996910830460997;0.9996823590025429;1.0;0.9999925968078642;0.9998636642194871;0.9999319500493441;0.9998919191628366;1.024999976158142;
2016-09-18 15:30:00;0.9998729702290889;1.0;0.9999587630425038;0.999882752283208;0.9999835786310324;0.9998919538197282;1.0001469776105867;0.9999237444442497;0.9999695255151371;0.9999324122448067;1.0;0.9999011403028653;0.999914695313627;0.9999073566724124;0.9999999999999999;0.9999567570759433;0.9999520511155798;0.9999794176531938;0.9999527803816342;0.9999344504023463;0.9998714219664905;0.9999959691307495;0.9999529965096682;1.0;1.0002070763507511;0.9998968190839701;1.0;0.9999059868899249;1.0;0.9998442419310495;0.9999999999999999;0.9998626931101869;1.0;0.9998299093923482;1.0;0.9997038787046925;0.99968232864927;0.9996743984022132;0.9999999999999999;0.999994079817808;0.9998816721833905;0.999946587658319;0.9999060201448646;1.024999976158142;
2016-09-18 15:45:00;0.9997674385718578;1.0;0.9999386557120615;0.9997963742390534;0.9999646385896469;0.9998194624680192;1.0001587037215314;0.9998861951646909;0.9999561694657423;0.9998859349166039;1.0;0.9998346980403694;0.9998475871644589;0.9998574286533276;1.0;0.9999299927896654;0.9999222530441393;0.9999508454785774;0.9999134678228387;0.9998844976030435;0.9997415217854118;0.9999975558987992;0.9999233206222173;1.0;1.0002254703353597;0.9997982206145434;1.0;0.9998451010507633;0.9999999999999999;0.99984359370537;1.0;0.9998486612376306;1.0;0.999801754829456;1.0;0.99968109232938;0.9996581072534529;0.9996477961003959;0.9999999999999999;0.9999889188328129;0.9997606246102655;0.9999168555553067;0.999839452375215;1.024999976158142;
2016-09-18 16:00:00;0.999818676110214;1.0;0.9999398553729625;0.9998347123295334;0.9999799491877314;0.9998478254710498;1.0001580488703332;0.9998992952801986;0.9999631922952128;0.9998982251529263;1.0;0.9998553235507937;0.9998738615940812;0.9998659180518502;1.0;0.9999489766420867;0.9999428961069693;0.9999747906494302;0.9999299292517178;0.9999119081957641;0.9998220195440004;0.9999965525527356;0.9999441328931981;1.0;1.0002226814164805;0.9998606183772802;1.0;0.9998650082816744;0.9999999999999999;0.999840843381786;1.0;0.9998560131637756;0.9999999999999999;0.9998362611011797;0.9999999999999999;0.9996793636519675;0.9996588221988528;0.9996508921382672;1.0;0.9999914675935846;0.9998385490222746;0.9999268170298481;0.9998598850575583;1.024999976158142;
2016-09-18 16:15:00;0.999768034827367;1.0;0.9999348615554688;0.9997936172482045;0.9999635476254013;0.999814466901787;1.0001581609650831;0.9998781260715548;0.9999488801579507;0.9998857061770763;1.0;0.9998562933634724;0.9998661112330951;0.9998524737480922;1.0;0.9999273233811995;0.9999192448477814;0.9999508513801968;0.9999144124353158;0.9998803607072136;0.9997451648110174;0.9999947855617295;0.9999204783975965;0.9999999999999999;1.000224514766273;0.9997986963483309;1.0;0.9998413904588503;0.9999999999999999;0.999834531372134;1.0;0.9998626741355304;1.0;0.9998328621611337;1.0;0.9997018768534474;0.9996854838286249;0.9996779345799036;1.0;0.9999887565650569;0.9997634661725194;0.9999106783243277;0.9998596357496503;1.024999976158142;
2016-09-18 16:30:00;0.9999101643708325;1.0;0.9999711689156345;0.9999172895145675;0.9999867843831309;0.9999237353138989;1.000147094131492;0.9999460674925876;0.9999766516103208;0.999953616329809;0.9999999999999999;0.9999349201979144;0.9999431185704447;0.9999362992599952;1.0;0.9999694398147446;0.9999660688111901;0.9999833142363395;0.9999669899249978;0.9999521309922037;0.9999066504601174;0.9999965356632046;0.9999667117031229;1.0;1.000206996631627;0.9999248206797637;1.0;0.9999343582939956;0.9999999999999999;0.9998281922826523;0.9999999999999999;0.9998413745453324;1.0;0.9998033354436513;1.0;0.999658257397459;0.9996407469809121;0.9996312296921677;1.0;0.9999956423032015;0.9999135759386629;0.9999613863083425;0.9999381376674356;1.024999976158142;
2016-09-18 16:45:00;0.999902709731193;1.0;0.9999697771320611;0.999911464867874;0.999986503322856;0.9999190997283035;1.0001400210536475;0.9999444316879141;0.9999775483411564;0.9999493990430584;1.0;0.9999265131921363;0.9999353764600515;0.9999321069500215;1.0;0.9999682597293116;0.9999647531958632;0.9999825752409941;0.9999638543477352;0.9999500247828027;0.9998987817800656;0.9999972940508073;0.9999653996082333;1.0;1.000197175750708;0.9999194308171897;1.0;0.9999299303832265;1.0;0.9998532966319305;1.0;0.9998619505787507;1.0;0.999861900829542;1.0;0.999679324660998;0.9996628091412088;0.9996544663590425;1.0;0.9999953575216789;0.9999066680653862;0.9999603515307669;0.9999297015910704;1.024999976158142;
2016-09-18 17:00:00;0.999890339391715;0.9999999999999999;0.9999657112344374;0.9999002368457467;0.9999857178640255;0.9999088783041388;1.0001430063260548;0.999937817379836;0.9999759016042397;0.9999420368349569;1.0;0.9999169016283619;0.9999269243156743;0.9999225391812074;1.0;0.999964784743232;0.9999608870170762;0.9999815770516346;0.9999589492938467;0.9999446770895865;0.9998873234415119;0.9999973646016033;0.9999616213512236;1.0;1.0002014228878855;0.9999106395517343;1.0;0.9999206063616178;1.0;0.999824542695046;1.0;0.9998827476052633;1.0;0.9998944931582752;1.0;0.9997199462855668;0.9997025996773657;0.999693462828021;0.9999999999999999;0.999994841422837;0.9998964726956273;0.9999558734686173;0.9999201593484397;1.024999976158142;
2016-09-18 17:15:00;0.999922171166376;0.9999999999999999;0.9999756747628968;0.9999288663366118;0.9999900633363688;0.9999350055466265;1.0001402207646621;0.9999549423603435;0.9999828179265311;0.9999588834695909;1.0;0.9999371397134851;0.9999455007874911;0.9999445204922326;1.0;0.9999738274343984;0.9999710054475258;0.9999872321444893;0.9999709860426287;0.9999606960992357;0.9999203499206113;0.9999980906387346;0.9999715488067816;1.0;1.000197230577495;0.9999365508952942;1.0;0.9999433850534861;1.0;0.999838235701831;1.0;0.999874950765722;1.0;0.9998720353161176;0.9999999999999999;0.9997117600200592;0.999695176211603;0.9996860394301054;1.0;0.999996405670493;0.9999267467812095;0.9999686427118365;0.9999401568006635;1.024999976158142;
2016-09-18 17:30:00;0.9999233356930352;0.9999999999999999;0.9999740752138951;0.9999287315322889;0.999989220236939;0.9999336815342327;1.0001434463022543;0.9999525729393303;0.9999793788361391;0.9999593057760803;0.9999999999999999;0.9999411973039841;0.999949496989677;0.9999434296706965;1.0;0.9999742343078262;0.9999713389128382;0.9999867736029273;0.999971646793816;0.9999590454105085;0.9999224599347293;0.9999967406252478;0.9999719285352394;1.0;1.000201642265869;0.9999373771890172;0.9999999999999999;0.9999425843399148;1.0;0.9998341491408309;1.0;0.9998513272406595;1.0;0.9998408417689691;1.0;0.9996622916051918;0.9996459230785387;0.9996375804372968;1.0;0.9999962536561484;0.9999284850126154;0.9999659253009159;0.9999443395996352;1.024999976158142;
2016-09-18 17:45:00;0.9999151738190959;1.0;0.9999717543168001;0.9999207568811467;0.9999890623944564;0.9999265458065767;1.0001486420467118;0.9999464488704671;0.9999782458100759;0.9999548529249391;0.9999999999999999;0.9999376032196159;0.9999464182410837;0.99993656894597;1.0;0.9999691269802801;0.9999658509707355;0.9999866005674612;0.9999687947621646;0.9999554084407871;0.9999150358161395;0.999996775944775;0.9999665395861687;1.0;1.0002090207848928;0.9999310601190445;1.0;0.9999362236876113;1.0;0.9998216665275226;1.0;0.9998306534168214;0.9999999999999999;0.9998054372459058;0.9999999999999999;0.9996247295068875;0.9996085323212983;0.9996006026596507;1.0;0.9999960856915736;0.9999216462392011;0.9999631516489416;0.999940791653912;1.024999976158142;
2016-09-18 18:00:00;0.9999074914258467;1.0;0.999970132966957;0.9999130534710414;0.9999892516227792;0.9999199138377418;1.0001516303839013;0.9999399812971558;0.9999776552719362;0.9999509957219085;1.0;0.9999351323154219;0.9999443665095614;0.9999301006873503;1.0;0.9999624514353029;0.999958751824044;0.9999867866676452;0.9999663308311862;0.9999522073737438;0.9999079221122068;0.9999969940288365;0.9999595515771792;1.0;1.0002133552143881;0.999924709996598;1.0;0.9999303661861114;0.9999999999999999;0.9998189067992769;1.0;0.9998149080865761;1.0;0.9997874117682237;0.9999999999999999;0.9995898379463328;0.9995727193731141;0.9995639963624863;1.0;0.9999960696357333;0.9999149420671415;0.9999611300429438;0.9999384191386796;1.024999976158142;
2016-09-18 18:15:00;0.9998856118713704;1.0;0.9999648098640368;0.9998955619953457;0.999983535140553;0.999904563487563;1.0001513737567491;0.9999333990369975;0.9999724526111249;0.9999414725700807;0.9999999999999999;0.9999221796468181;0.9999306932255534;0.9999206944818367;0.9999999999999999;0.9999608764003202;0.9999566485625541;0.9999787535514487;0.9999579415387714;0.999940258127071;0.9998798775085131;0.99999643330771;0.9999574247542701;1.0;1.0002133289967694;0.9999037593073278;1.0;0.9999178089518753;1.0;0.9998253031337528;1.0;0.9998312215356442;0.9999999999999999;0.9997952949578549;1.0;0.999633455315977;0.999617580905528;0.9996096511720999;1.0;0.9999945760565145;0.9998887945208181;0.9999529277807926;0.9999252660410158;1.024999976158142;
2016-09-18 18:30:00;0.999859802851001;1.0;0.9999599677143007;0.9998743832063733;0.9999774231149581;0.9998865979413037;1.0001568751243144;0.9999235860939849;0.9999670810032056;0.999931376121422;1.0;0.9999102465996336;0.99991755350142;0.99990976673178;1.0;0.9999539960066381;0.999948958279932;0.9999698898311844;0.9999487440564028;0.9999263741121784;0.9998461173863648;0.9999960937031181;0.999949754450415;0.9999999999999999;1.000221584535591;0.9998776063009276;1.0;0.9999034080001503;1.0;0.9998177171836671;1.0;0.9997987423189747;1.0;0.9997766852780073;1.0;0.9995485472777356;0.9995320578154485;0.9995229225247826;1.0;0.9999931652585291;0.9998568430135206;0.9999445032259852;0.9999132345626296;1.024999976158142;
2016-09-18 18:45:00;0.9999014188649518;1.0;0.9999705217974673;0.9999100110572757;0.9999854195994617;0.9999180941972007;1.0001504879797734;0.999942157110294;0.9999760806548219;0.9999506313210704;1.0;0.9999323315646759;0.9999398699108907;0.9999327180120505;1.0;0.9999644814019506;0.9999607628223673;0.9999810257384252;0.9999641647939294;0.9999481197767393;0.9998950530256414;0.9999968978302052;0.9999614323228146;1.0;1.0002120211407355;0.9999155584392208;1.0;0.9999298588489861;1.0;0.9998310440292357;1.0;0.9998160166537851;1.0;0.9997827461667086;1.0;0.999596204678295;0.999579928877004;0.9995715867865232;1.0;0.9999953963884071;0.9999024690454141;0.9999598047964742;0.9999354447887594;1.024999976158142;
2016-09-18 19:00:00;0.9998954240798307;1.0;0.999968644404059;0.9999046307604554;0.9999842312395154;0.9999131282811481;1.0001544084137803;0.9999388803794447;0.9999742770613228;0.9999477192197077;1.0;0.9999302681477559;0.9999376573573838;0.9999289034082935;1.0;0.9999628626988474;0.9999589322580849;0.9999794894683295;0.9999619604899772;0.9999447162795246;0.99988836829813;0.9999965908034577;0.9999596330609224;0.9999999999999999;1.0002175825960198;0.9999102318292765;1.0;0.9999256819311763;0.9999999999999999;0.9998272531824125;1.0;0.9998003706005035;1.0;0.9997361692475989;1.0;0.9995814915525805;0.9995640063787945;0.9995536961963581;1.0;0.9999950571312933;0.9998962275381841;0.999957119357473;0.9999332852142011;1.024999976158142;
2016-09-18 19:15:00;0.9998878175823683;1.0;0.9999667185285829;0.9998983243896005;0.999983393867426;0.9999076769411427;1.000159916506557;0.9999362979210281;0.9999737802771531;0.9999435641102085;1.0;0.9999237965164174;0.9999315984415766;0.9999243682550504;1.0;0.9999616849044427;0.9999575751937443;0.9999782062268713;0.9999588606077793;0.9999416207515498;0.9998802177344793;0.999996838324354;0.9999582918619433;1.0;1.0002253790034241;0.9999043058820037;1.0;0.9999207613118984;0.9999999999999999;0.999809799239352;1.0;0.9997801080618837;1.0;0.9997176467196298;0.9999999999999999;0.9995337382302033;0.9995178594567057;0.999509517884231;1.0;0.9999946895493738;0.9998889051383532;0.9999549666115082;0.9999267845199037;1.024999976158142;
2016-09-18 19:30:00;0.9998403018145098;1.0;0.9999573926837303;0.9998532015097598;0.9999807092274554;0.9998691265155623;1.0001664516170747;0.9999022987214349;0.9999680419415589;0.9999218426948325;1.0;0.9999082378356601;0.999916835204596;0.9998906462509518;1.0;0.9999276643056467;0.9999212153364906;0.9999738945114984;0.9999433838598605;0.9999198445984723;0.9998301640904816;0.9999975626807167;0.9999224328731853;0.9999999999999999;1.00023552278071;0.9998616227239732;0.9999999999999999;0.9998877170652909;1.0;0.9998168724520365;1.0;0.9997604590655647;0.9999999999999999;0.9996695308315748;1.0;0.9995079157988895;0.9994903345459634;0.9994811996366301;0.9999999999999999;0.9999938924707015;0.9998414745076367;0.9999416781400144;0.9999115707191043;1.024999976158142;
2016-09-18 19:45:00;0.9998464094555366;1.0;0.9999581347964348;0.9998599745963682;0.9999784363240439;0.9998745518195091;1.0001629370166183;0.9999090156949322;0.999966117205575;0.9999257290745148;1.0;0.9999125190537592;0.9999196974064566;0.9998978112632806;1.0;0.9999365020109287;0.9999304804296195;0.9999710596602762;0.9999453083058558;0.9999206148593281;0.9998335582610849;0.999996538825235;0.9999315462205586;0.9999999999999999;1.0002304692680322;0.9998651873549136;1.0;0.9998931012874379;0.9999999999999999;0.9998207285712916;1.0;0.9997748734009831;1.0;0.999704505104331;1.0;0.9995267709853508;0.9995114111272388;0.9995038631930491;1.0;0.9999935002447848;0.9998444916701688;0.9999415976510715;0.9999155360666505;1.024999976158142;
2016-09-18 20:00:00;0.9999218618444063;1.0;0.9999761964056819;0.9999274969909236;0.9999891483893284;0.9999337395232485;1.00015353729088;0.9999509684938704;0.9999803890425834;0.9999606942669139;1.0;0.9999463664671983;0.9999532345710183;0.9999445633559589;1.0;0.9999685217216485;0.9999654047748551;0.9999861487408633;0.9999719762308386;0.9999585768548325;0.9999183115583855;0.999997280863353;0.9999660138672455;1.0;1.000216053138815;0.9999333461548002;0.9999999999999999;0.9999432246080432;1.0;0.9998251392558312;1.0;0.9997970727582185;1.0;0.9997295231100698;0.9999999999999999;0.9995761655078295;0.9995598222891984;0.9995506867447772;1.0;0.9999965399445834;0.9999239371640428;0.9999675404821476;0.9999493083877575;1.024999976158142;
2016-09-18 20:15:00;0.9999016345156521;1.0;0.9999705456599718;0.9999044432552132;0.9999898373830578;0.9999127272272738;1.000155070610889;0.9999262624382528;0.9999750057126542;0.9999509561436247;0.9999999999999999;0.9999527006336129;0.9999594920990893;0.9999236141091843;1.0;0.9999440824099245;0.9999394336086148;0.999987651174275;0.9999665786339745;0.9999477461396094;0.9999015290994518;0.9999964483728362;0.9999405024285377;1.0;1.0002185891113562;0.9999157633240391;1.0;0.999925244845038;1.0;0.9998431131144835;1.0;0.9997899756753179;1.0;0.9996963928530758;1.0;0.9995775284677013;0.9995622047575383;0.9995542754633964;0.9999999999999999;0.999996739058233;0.9999073993193259;0.9999593172281654;0.9999556135285338;1.024999976158142;
2016-09-18 20:30:00;0.9999185280096589;1.0;0.9999745865031117;0.9999216913184985;0.9999912861011887;0.9999281235700326;1.0001566638457282;0.9999417660333347;0.9999795402702629;0.9999581826822457;1.0;0.999951634510858;0.9999589208744366;0.9999369150256764;1.0;0.999958817860472;0.9999551899751024;0.9999894493397486;0.999971537601459;0.9999571522413281;0.9999190729831744;0.9999971026691231;0.9999560149154366;1.0;1.0002204638733907;0.9999318821240399;1.0;0.9999380170588481;1.0;0.9998439133785817;1.0;0.9997749860299426;1.0;0.9996697702494095;1.0;0.9995509578888516;0.9995340962668443;0.9995241673564194;1.0;0.9999970011908177;0.9999244668143538;0.9999658525375162;0.9999545474026733;1.024999976158142;
2016-09-18 20:45:00;0.999923434188862;1.0;0.9999755367936587;0.9999266208149084;0.999990546507041;0.9999322326620426;1.000151733543798;0.9999458181701849;0.9999790452783471;0.9999610181350721;1.0;0.9999536064711297;0.9999605182189384;0.9999415173355234;1.0;0.9999633733587148;0.9999600052668594;0.9999885625293837;0.999973194498813;0.9999585348141203;0.9999229208547986;0.9999966545894093;0.9999607515927819;1.0;1.000213472315383;0.9999352754648161;0.9999999999999999;0.9999418872815227;1.0;0.9998462526021401;0.9999999999999999;0.9997950600919503;1.0;0.9997197627924336;0.9999999999999999;0.9995765197048534;0.9995604317545859;0.9995517088511888;0.9999999999999999;0.9999969277994116;0.9999279448318084;0.9999665959709331;0.9999565677645734;1.024999976158142;
2016-09-18 21:00:00;0.9999145334651227;0.9999999999999999;0.9999717048212808;0.9999183587043436;0.9999885009701156;0.9999240608048093;1.0001490126139818;0.99994048906472;0.9999752015039385;0.9999561752080592;1.0;0.9999484163331107;0.9999558355586198;0.9999349699103514;1.0;0.9999622536397805;0.9999585867771293;0.9999861845630282;0.9999697774077528;0.9999528850890914;0.99991375750732;0.9999957419730509;0.999959388339451;1.0;1.0002096760590424;0.9999279642567624;1.0;0.999934945318331;1.0;0.9998456526055172;0.9999999999999999;0.9998107495883675;1.0;0.9997499176797845;0.9999999999999999;0.9996027516006039;0.9995861826308929;0.9995774595027747;1.0;0.9999962907154069;0.9999195043704855;0.9999613558275763;0.999951529607273;1.024999976158142;
2016-09-18 21:15:00;0.9998912956533421;0.9999999999999999;0.9999670023587461;0.9998953874693436;0.9999882771241373;0.9999043444590563;1.000155223699808;0.9999215073286701;0.9999727188028027;0.9999451786944671;1.0;0.9999446519712153;0.9999521601227368;0.9999165745381442;1.0;0.9999426573149393;0.9999377221220028;0.9999856437165179;0.9999624534842748;0.999942589306055;0.999890908823945;0.999996191598935;0.9999388348744729;1.0;1.0002188584826162;0.9999077513797167;1.0;0.9999178394687273;1.0;0.999819067868466;1.0;0.9998058808701676;1.0;0.9997568421327797;0.9999999999999999;0.999583796597092;0.99956701349824;0.9995574969114907;1.0;0.999996137018716;0.9998978159140526;0.9999549745196891;0.9999476400370226;1.024999976158142;
2016-09-18 21:30:00;0.999849654684367;1.0;0.9999583312775651;0.9998523022209949;0.9999876008358622;0.9998667715712584;1.0001570087584863;0.9998818355331087;0.9999653679254399;0.9999266101935902;0.9999999999999999;0.9999467156089328;0.9999536290761972;0.9998818173832085;1.0;0.999901482168542;0.9998939257134105;0.9999847193268303;0.9999503551288447;0.9999220725346776;0.9998500554942275;0.9999959587839463;0.9998957101114917;1.0;1.000222298808221;0.9998696273520824;1.0;0.9998859333430573;1.0;0.999841892826342;1.0;0.9998110649661685;1.0;0.99974999226753;1.0;0.9996038047754708;0.9995884806624874;0.9995805511599047;1.0;0.9999960797315858;0.9998582269066157;0.9999417816910848;0.9999496284864191;1.024999976158142;
2016-09-18 21:45:00;0.9998598674200737;0.9999999999999999;0.9999613461587491;0.9998628575801108;0.9999882040400458;0.999876413336328;1.0001591339484868;0.9998913483100013;0.9999681516734987;0.9999315656054536;1.0;0.999946674222684;0.9999536611550247;0.9998907100826094;1.0;0.9999097393117524;0.9999027782738138;0.999985325423445;0.9999535063042755;0.9999276074641918;0.999859712096662;0.9999963858770127;0.9999044063615271;1.0;1.0002251185667104;0.9998785067755195;0.9999999999999999;0.9998941570370455;1.0;0.999834764243481;1.0;0.9998002597249508;1.0;0.9997541055837486;1.0;0.9995684275677341;0.9995519377774839;0.9995428023051236;1.0;0.9999962664138752;0.9998674637001915;0.9999460653257822;0.9999496622945342;1.024999976158142;
2016-09-18 22:00:00;0.9998945581963612;1.0;0.9999665590642863;0.9998990001054306;0.9999867322412461;0.9999067765658133;1.0001520699539037;0.999925499294031;0.9999709253163062;0.9999466491344046;0.9999999999999999;0.9999445559590137;0.9999518814960257;0.9999199956061657;1.0;0.9999494638412068;0.9999448190795576;0.9999838779937543;0.9999631527493436;0.9999426436502272;0.9998932411974745;0.9999953306060548;0.9999458400023787;1.0;1.0002142891520314;0.9999103007740302;0.9999999999999999;0.999920207763821;1.0;0.9998521932997577;1.0;0.999820958093641;1.0;0.9997666708656516;1.0;0.9996218307199722;0.9996058589014347;0.9995975165945524;1.0;0.9999957735259954;0.999900075789294;0.9999540105281497;0.9999475730685691;1.024999976158142;
2016-09-18 22:15:00;0.9999020151097545;0.9999999999999999;0.9999696307506376;0.9999064831729518;0.9999889771561357;0.99991425691481;1.0001504644970693;0.9999317388487754;0.9999755356026939;0.9999498438873615;1.0;0.9999429091172374;0.9999508855995377;0.9999253888048697;0.9999999999999999;0.999952462252016;0.9999481934862393;0.9999864661002865;0.9999655432801569;0.9999484765450974;0.9999017060481413;0.9999965845592546;0.9999491396295379;1.0;1.0002119643083596;0.9999178089379009;0.9999999999999999;0.9999261126649911;0.9999999999999999;0.9998649093083845;0.9999999999999999;0.9998154343198414;0.9999999999999999;0.9997419242893393;1.0;0.9996222277356495;0.9996053410126834;0.9995962050522407;1.0;0.9999962634634382;0.9999083143061502;0.9999591138795536;0.9999460223742533;1.024999976158142;
2016-09-18 22:30:00;0.9999014627830395;1.0;0.9999700637991233;0.9999057150846864;0.9999888490715765;0.999913782795879;1.0001473737706146;0.9999303186211832;0.999975240991011;0.9999503374031591;1.0;0.9999465602645659;0.9999537832187189;0.9999253034098791;1.0;0.9999499750925994;0.9999455867073066;0.9999862308513889;0.9999657554103933;0.9999478985672441;0.9999004277185248;0.9999965342242444;0.9999465567845102;1.0;1.0002077177027004;0.9999162878914398;1.0;0.9999259836963993;1.0;0.9998535176402692;1.0;0.999825754187223;1.0;0.9997890097891039;0.9999999999999999;0.9996207980384235;0.9996047715203666;0.9995960482300279;1.0;0.9999963544204574;0.9999068160692488;0.9999591369848848;0.9999495021856951;1.024999976158142;
2016-09-18 22:45:00;0.9999022409825601;1.0;0.9999701115747616;0.9999073466657467;0.9999880093637281;0.9999152048350112;1.0001416293005585;0.9999333330193086;0.9999751625901426;0.9999507555503886;1.0;0.9999443344409229;0.9999514918133797;0.9999273798417323;1.0;0.9999539295519162;0.9999497250310183;0.9999850466508996;0.9999656840876119;0.9999480951630237;0.9999001152424234;0.9999964706171527;0.9999506226194919;0.9999999999999999;1.0001996260185317;0.9999168306388373;1.0;0.999927276622988;1.0;0.9998707545633521;0.9999999999999999;0.99984375080009;1.0;0.9998224020504362;1.0;0.9996516676745009;0.9996360253863953;0.9996276828277556;1.0;0.9999961236585192;0.9999066801431528;0.9999591880131662;0.9999472473114729;1.024999976158142;
2016-09-18 23:00:00;0.9999103381022968;0.9999999999999999;0.999970930130926;0.9999144161314905;0.9999878820550481;0.9999206605407736;1.0001445326146023;0.9999375322769981;0.9999742460338903;0.9999545679343551;1.0;0.9999494963449123;0.9999563363512933;0.9999324267950778;1.0;0.9999593949484192;0.9999555167605815;0.999985306815122;0.9999684896108817;0.9999505811663674;0.9999087816452203;0.9999956423638833;0.9999563557286899;0.9999999999999999;1.0002034991572035;0.9999236911767485;1.0;0.9999322003668324;1.0;0.9998597376338582;1.0;0.99984533693692;0.9999999999999999;0.9997969097256414;1.0;0.9996743512558868;0.9996578050004654;0.9996482875493166;1.0;0.9999961793404798;0.9999146904319322;0.9999599406577316;0.9999524092304989;1.024999976158142;
2016-09-18 23:15:00;0.9999151990298121;0.9999999999999999;0.9999722671028355;0.9999179599746092;0.9999894589494236;0.9999238248215746;1.0001378194620252;0.999937946138476;0.9999754535584119;0.9999568145228783;0.9999999999999999;0.9999530793298897;0.9999601682069592;0.9999340438124509;0.9999999999999999;0.9999581083833364;0.9999542782759078;0.9999875087752046;0.9999705512695176;0.999953259364397;0.999915275134862;0.9999957938363551;0.9999551484299772;0.9999999999999999;1.0001940409685495;0.9999282125012954;0.9999999999999999;0.9999348017654506;1.0;0.9998701294705205;1.0;0.9998755168992447;0.9999999999999999;0.9998619468004853;1.0;0.9997201656538415;0.9997041076945955;0.9996957645677683;0.9999999999999999;0.9999966166790608;0.9999206415493495;0.9999618917044181;0.9999561232642709;1.024999976158142;
2016-09-18 23:30:00;0.9999008662379302;1.0;0.9999672975605721;0.9999064436515859;0.9999876501847763;0.9999133301003614;1.0001408331220143;0.999934623351208;0.9999740955499623;0.9999477724769311;1.0;0.9999364177895801;0.9999450799645853;0.9999249012280494;1.0;0.9999599828581462;0.9999559713363079;0.9999849984295665;0.9999640873347436;0.9999474716691232;0.9999010036055638;0.9999960663093567;0.9999568399903869;1.0;1.0001982634503268;0.999918677648181;1.0;0.9999249695950101;0.9999999999999999;0.9998666066886573;1.0;0.9998689609652057;1.0;0.9998598935000582;1.0;0.9997018547761514;0.999684893474669;0.9996753757656186;1.0;0.9999956596434161;0.9999083440209667;0.9999568437120638;0.999939461673242;1.024999976158142;
2016-09-18 23:45:00;0.9999266809422741;1.0;0.9999767532645852;0.9999308587682605;0.9999918208519832;0.9999365313420303;1.0001388500527344;0.999951592477122;0.9999826513547752;0.9999614503530997;1.0;0.9999469017932755;0.9999548538367382;0.9999444248294748;1.0;0.9999683800118929;0.9999653793297664;0.9999899136226067;0.9999735541804404;0.9999622996963695;0.9999270282813678;0.9999977600552904;0.9999660344490722;1.0;1.0001953074079095;0.9999400264976326;1.0;0.9999448617650676;1.0;0.9998736378747546;1.0;0.9998492350563296;1.0;0.9998353297048349;1.0;0.9996593113647192;0.9996433389473212;0.9996349963276456;1.0;0.9999970137945062;0.9999324674705864;0.9999696446272058;0.9999499189099089;1.024999976158142;
2016-09-19 00:00:00;0.999909023502313;1.0;0.999972883782813;0.9999152838088565;0.9999879360019329;0.9999228737520343;1.000138967653148;0.9999419690749498;0.9999778183043649;0.9999544948634919;1.0;0.9999423973140434;0.9999493997769041;0.9999352003028917;1.0;0.9999610622552207;0.9999573551234449;0.9999845287140421;0.9999676142792477;0.9999521285562135;0.9999050172447455;0.9999970864956335;0.9999580907844916;1.0;1.0001958364021546;0.9999221232362141;1.0;0.9999339182732474;1.0;0.9998844688877278;1.0;0.9998577945092005;1.0;0.9998348655759366;1.0;0.9996853441888477;0.9996687061002489;0.9996591885453138;1.0;0.9999961629268522;0.999911421052544;0.9999629228653053;0.9999453392229251;1.024999976158142;
2016-09-19 00:15:00;0.9999092125641335;0.9999999999999999;0.9999734624525667;0.9999159402414386;0.9999884738847531;0.999923863588329;1.0001342038750742;0.9999434028108509;0.9999793972606593;0.9999543671342798;1.0;0.9999409358407121;0.9999479656325077;0.9999357668850029;1.0;0.9999616145644843;0.9999579811091598;0.9999850191891183;0.9999674902678678;0.999953245240829;0.9999052732535743;0.9999976533563438;0.9999586940779481;0.9999999999999999;1.0001891679108363;0.9999227842140115;1.0;0.9999345226892488;1.0;0.9998884680745198;1.0;0.9998806347836494;1.0;0.9998804331499072;1.0;0.9997226328495984;0.9997076734973532;0.9996997430492415;1.0;0.9999962293998654;0.9999118580258021;0.9999641602023356;0.9999437331979794;1.024999976158142;
2016-09-19 00:30:00;0.9999224498598286;1.0;0.9999770161951271;0.9999273356402517;0.999990214918827;0.9999339144346143;1.0001304066125616;0.999949219561051;0.999981289600409;0.9999612486198695;1.0;0.9999482803877299;0.9999552821424931;0.9999440012065846;1.0;0.9999648271127621;0.9999615854349272;0.999987497142906;0.9999726120638315;0.9999593378238909;0.9999195821672457;0.9999975821922684;0.9999622470795126;1.0;1.0001836965100552;0.9999336552896084;1.0;0.9999433491963351;0.9999999999999999;0.9999073617032321;1.0;0.9998797231484391;1.0;0.9998767277083768;1.0;0.9997222143114547;0.9997057715675549;0.999697047395815;0.9999999999999999;0.9999968679404451;0.9999249240480649;0.9999685844442594;0.999951353351675;1.024999976158142;
2016-09-19 00:45:00;0.9999204472574283;1.0;0.9999765636998987;0.9999253063427331;0.999990199522846;0.9999321452508256;1.0001328652110375;0.9999474254991586;0.9999809995249979;0.9999603023226342;1.0;0.999948425246059;0.9999553514009993;0.9999423185144395;0.9999999999999999;0.9999630116937868;0.9999596526949358;0.9999874741384247;0.9999720048159558;0.9999584059835246;0.9999176687958725;0.9999975910650766;0.9999603446493622;1.0;1.0001871818119719;0.9999319191754239;1.0;0.9999418209142515;0.9999999999999999;0.9998967373708506;1.0;0.9998707051687257;1.0;0.9998548186390096;1.0;0.9997102805906685;0.9996943073588912;0.9996859643138539;1.0;0.9999968560857138;0.9999231007065186;0.9999679641340147;0.9999514423672892;1.024999976158142;
2016-09-19 01:00:00;0.9999326917461667;0.9999999999999999;0.9999800038774688;0.9999366723606238;0.9999904366510325;0.9999421906388201;1.0001276879027565;0.9999548564248155;0.9999819027803879;0.9999673489767915;0.9999999999999999;0.9999569105497321;0.9999627542632822;0.9999520446449159;1.0;0.9999686727479619;0.9999657761787903;0.9999878522319643;0.9999766326155198;0.9999632849483912;0.9999288789142918;0.9999972544254802;0.9999663564502276;0.9999999999999999;1.0001798083095341;0.9999408329419177;1.0;0.9999509976319731;1.0;0.9999121574605511;1.0;0.9998838974301653;0.9999999999999999;0.9998828562303358;1.0;0.9997305238652199;0.9997138850246808;0.9997043670396103;1.0;0.9999971939323893;0.9999331862286097;0.9999716565324178;0.9999598525013129;1.024999976158142;
2016-09-19 01:15:00;0.9999487884834556;0.9999999999999999;0.9999833745516773;0.9999514152715411;0.9999917225670701;0.9999548137411577;1.0001205229898902;0.9999647669872547;0.9999837550447925;0.9999749359524145;1.0;0.9999646928638496;0.9999700538075309;0.9999628075193324;1.0;0.9999778199144298;0.9999756104497498;0.9999898428596581;0.9999821708430116;0.999970572726161;0.9999461434904565;0.9999969890111884;0.9999760594993695;1.0;1.0001694702036856;0.9999549887812441;0.9999999999999999;0.9999618848911337;1.0;0.9999314064186785;1.0;0.9998938854742736;1.0;0.9999217370273729;1.0;0.9997337086322076;0.9997169174143359;0.999706605654671;0.9999999999999999;0.9999976158015068;0.9999493590346096;0.9999762429651686;0.9999674902875778;1.024999976158142;
2016-09-19 01:30:00;0.9999568564828238;1.0;0.9999873001337816;0.9999593164386875;0.9999940419219117;0.9999629288166436;1.000122561293941;0.9999707781956585;0.9999885928972274;0.9999790947937699;1.0;0.9999639795125111;0.9999699709368108;0.9999691118109145;1.0;0.9999793104929312;0.9999774326918497;0.9999924226103764;0.9999850771452327;0.9999765917232616;0.9999545337549656;0.9999983095725455;0.9999778128065626;1.0;1.0001723171668102;0.9999620803381044;1.0;0.9999685598237856;0.9999999999999999;0.999935284164644;1.0;0.999872277364168;1.0;0.9998784416961388;1.0;0.9996983043104744;0.9996823443025059;0.999674414055325;1.0;0.9999982476369244;0.9999572645043571;0.9999820092283546;0.9999670928351283;1.024999976158142;
2016-09-19 01:45:00;0.9999531382887438;1.0;0.9999869805814378;0.9999572583153966;0.9999936476315197;0.9999616490228808;1.000121091897435;0.9999722803767147;0.9999899097657408;0.9999769736111193;1.0;0.9999572531426815;0.9999635823337323;0.999968352694375;0.9999999999999999;0.9999809454676094;0.9999791248891341;0.9999915075160638;0.999983207079837;0.9999760549229788;0.9999498065094359;0.9999990114439387;0.9999794534442661;1.0;1.000170304769252;0.9999594608012918;0.9999999999999999;0.9999671617576923;1.0;0.9999634379657114;0.9999999999999999;0.9998707337298363;1.0;0.9998458176697032;1.0;0.9997159244922593;0.9996992560457076;0.9996901192269221;1.0;0.9999980041348664;0.9999532429737684;0.9999821820035155;0.9999602970897677;1.024999976158142;
2016-09-19 02:00:00;0.9999523552428476;1.0;0.9999856552169462;0.9999568279686702;0.9999927815285411;0.999960708344155;1.0001172091013826;0.9999729244471917;0.9999885768158534;0.9999760161220753;1.0;0.9999556708192479;0.9999620606442041;0.9999678162407696;1.0;0.9999840542041609;0.9999823132932426;0.9999905740751386;0.9999825322435709;0.9999750535274209;0.9999491383745251;0.9999985485553885;0.9999826161832259;1.0;1.0001647732126497;0.9999594010535339;1.0;0.9999663014260045;1.0;0.9999690280771761;1.0;0.9998863114473965;1.0;0.9998879546695436;1.0;0.9997338645167538;0.9997184467539196;0.9997105162203463;0.9999999999999999;0.9999976914779036;0.9999528482474996;0.999980598013479;0.999958612767181;1.024999976158142;
2016-09-19 02:15:00;0.9999530215560157;1.0;0.9999863786502956;0.9999561985315105;0.999993457848829;0.9999602547909124;1.000115052936567;0.9999695459805599;0.9999881949725957;0.999977163913412;1.0;0.999963018911558;0.9999685808758539;0.9999670559791529;0.9999999999999999;0.9999787517805009;0.9999767823875481;0.99999155061633;0.9999835622523381;0.999974903618458;0.9999501422953999;0.9999983912669883;0.9999771663937677;1.0;1.00016184298003;0.9999588677766859;1.0;0.9999662150849896;1.0;0.9999672291181954;1.0;0.9998975482064495;1.0;0.9999247691832345;1.0;0.9997424855991687;0.9997269153761024;0.999718191019846;1.0;0.9999980423731455;0.9999532707926821;0.9999808742579674;0.9999658163306033;1.024999976158142;
2016-09-19 02:30:00;0.999964542921633;1.0;0.999990060440772;0.999966707350471;0.9999953275324173;0.9999699430015077;1.000115487606443;0.999976251690992;0.9999913218707627;0.9999830037736982;1.0;0.9999674840360343;0.9999730727304994;0.9999749717857426;1.0;0.9999823961402712;0.9999808496893732;0.9999939319535004;0.9999877895581284;0.9999811527917055;0.9999623787874518;0.9999988749471979;0.9999811583816519;1.0;1.0001623358816123;0.9999686708839155;1.0;0.9999745005205755;1.0;0.9999676697989552;0.9999999999999999;0.9998887314296216;0.9999999999999999;0.9999199378382706;1.0;0.9997192123273564;0.9997037947904862;0.9996958643731436;1.0;0.9999986323578007;0.9999646180037501;0.9999858882185463;0.999970426018723;1.024999976158142;
2016-09-19 02:45:00;0.999973819326752;1.0;0.9999916773988395;0.9999750335961438;0.9999962304856383;0.9999769119223298;1.0001149635084592;0.9999816590155729;0.9999922710113748;0.9999870599256236;1.0;0.9999697915846888;0.9999757819977245;0.9999806087092359;1.0;0.9999877983896294;0.9999866470761006;0.9999953787769195;0.9999909156758238;0.9999853654129183;0.9999729021958575;0.9999986643287572;0.9999868900229213;1.0;1.00016139974365;0.9999772582163223;1.0;0.9999804103412004;1.0;0.9999732220643828;1.0;0.9998831856664835;1.0;0.9999275813321097;1.0;0.9996972420327441;0.9996799693022427;0.9996704516400737;0.9999999999999999;0.9999988740309168;0.9999745486866344;0.9999882821041999;0.9999729339701967;1.024999976158142;
2016-09-19 03:00:00;0.9999718146579915;1.0;0.9999907988180873;0.9999731665139004;0.9999965776495141;0.9999751766381563;1.0001145818889359;0.9999806611779227;0.9999925385132026;0.999985323155619;1.0;0.9999669562588037;0.999973476214872;0.9999784050338721;1.0;0.9999875092812789;0.9999863173576138;0.9999958684437978;0.9999899530513261;0.999984984302213;0.999971909948281;0.9999988467193783;0.9999865809718357;0.9999999999999999;1.0001608381296272;0.9999766698271267;1.0;0.9999785765199933;1.0;0.9999776672652413;1.0;0.9998813226905683;1.0;0.9999305445870251;1.0;0.999689573675086;0.9996723010770779;0.9996627834879158;1.0;0.9999988187440076;0.9999738945731947;0.9999877336911139;0.9999700986354019;1.024999976158142;
2016-09-19 03:15:00;0.9999649298013563;1.0;0.9999874376117345;0.999965926623432;0.9999947952190285;0.9999677468647439;1.0001144511096318;0.9999740824209002;0.9999880369167047;0.9999819385344887;1.0;0.9999683958312403;0.9999745546692005;0.9999723747219481;1.0;0.999984456006473;0.9999828928665181;0.9999940063703567;0.9999877221881714;0.9999795989868937;0.9999650572688843;0.9999975916296574;0.9999832484873715;1.0;1.0001606824789526;0.9999703862072823;1.0;0.9999725270630317;1.0;0.999974425534585;1.0;0.999884548141784;1.0;0.9999288749355669;1.0;0.9997004552594091;0.9996837870707785;0.9996746503933728;1.0;0.9999983734205194;0.9999672836423236;0.9999826107151027;0.999971439812246;1.024999976158142;
2016-09-19 03:30:00;0.999971204217963;1.0;0.9999905713526788;0.9999719800672305;0.9999962072241811;0.9999739353884972;1.0001151347149115;0.9999783625896416;0.999991175756591;0.9999856109260019;1.0;0.9999706583865406;0.999976669314626;0.9999776128528964;0.9999999999999999;0.9999851746568914;0.9999838347467082;0.9999955194914922;0.9999901579774553;0.9999837652125572;0.9999709914371733;0.9999983986163611;0.9999841387713371;0.9999999999999999;1.0001616596435143;0.9999752126495802;1.0;0.9999778405060387;1.0;0.9999694530041542;1.0;0.9998811894914978;1.0;0.9999296279875117;1.0;0.9996898295436546;0.9996735522179283;0.9996652093461048;1.0;0.9999988464133849;0.9999727021525114;0.9999867789927075;0.9999737717299522;1.024999976158142;
2016-09-19 03:45:00;0.9999666597031339;1.0;0.999989576140567;0.9999682789388032;0.9999952803199061;0.9999707645542669;1.0001157169823123;0.9999768051407029;0.999990423192983;0.9999835820738564;1.0;0.9999676451504278;0.9999736463259924;0.9999754602400807;0.9999999999999999;0.999984340049637;0.9999828773944034;0.999994171338661;0.999988445252887;0.999981511108501;0.9999653880419118;0.9999983971019982;0.9999831841521373;1.0;1.0001625509378405;0.9999709945385206;0.9999999999999999;0.9999751879368403;1.0;0.9999682844327754;1.0;0.9998794884852119;0.9999999999999999;0.9999289761228681;1.0;0.9996851496567579;0.9996685793212532;0.9996598554740803;1.0;0.9999985904976693;0.999967496080811;0.9999853225583407;0.9999707584844577;1.024999976158142;
2016-09-19 04:00:00;0.9999715898230626;0.9999999999999999;0.999991101634452;0.9999727870878465;0.9999963261790641;0.9999749381529773;1.0001151881445356;0.999979785634882;0.9999920951037539;0.9999858390720681;1.0;0.9999688553257199;0.9999750304723735;0.9999785976288459;1.0;0.9999860141287858;0.9999847456214006;0.9999955082477212;0.9999901734131245;0.9999844640623872;0.999970995978812;0.9999987206593494;0.9999850217459171;1.0;1.000161745849109;0.9999755734390179;1.0;0.9999786315524251;0.9999999999999999;0.999965229628932;1.0;0.9998806522401399;1.0;0.9999269522034471;1.0;0.9996900498726922;0.9996735963245316;0.9996652534523403;1.0;0.9999988617037519;0.9999727908415458;0.99998763325515;0.999972024507825;1.024999976158142;
2016-09-19 04:15:00;0.9999805051174432;1.0;0.9999927655935711;0.9999811371624564;0.9999976699809571;0.9999821253899115;1.0001144075077384;0.9999861024978721;0.9999941678147198;0.9999892311580095;1.0;0.9999708346881235;0.9999771719743348;0.9999840118712752;1.0;0.9999921704613909;0.9999913549926285;0.9999974158305255;0.9999928960425172;0.9999893659846432;0.999981585266802;0.9999989269013944;0.9999915515456134;1.0;1.0001604328181213;0.9999846572800687;1.0;0.9999844296915219;0.9999999999999999;0.9999692578482564;1.0;0.9998840875340325;1.0;0.9999287598621079;1.0;0.9996991616608687;0.9996828955164688;0.9996741715443623;1.0;0.9999991104794566;0.999983037238188;0.9999906482133054;0.9999738518769691;1.024999976158142;
2016-09-19 04:30:00;0.9999769747732978;1.0;0.9999920622209085;0.9999772222801961;0.9999978864174415;0.9999787207317689;1.0001138569451633;0.9999819888603158;0.9999936059324294;0.9999876603298815;0.9999999999999999;0.9999715331148836;0.9999778901424271;0.9999806073522743;1.0;0.9999876111722754;0.999986528528222;0.9999977242399681;0.9999919899303598;0.9999876829352472;0.9999784623630217;0.9999989284371811;0.9999868017684029;1.0;1.000159749476908;0.9999814711551123;1.0;0.9999815191415884;1.0;0.9999689815960008;1.0;0.9998860677191709;1.0;0.9999354086458329;1.0;0.9997005787608753;0.9996839105701855;0.9996747738916509;1.0;0.9999991792718881;0.9999799574002556;0.9999895882136594;0.9999745771054394;1.024999976158142;
2016-09-19 04:45:00;0.9999769827996238;1.0;0.9999928195590917;0.9999768996906409;0.999998227126523;0.9999787610307407;1.0001143347620403;0.9999807784159188;0.9999939667422219;0.9999882936307782;1.0;0.9999750181241319;0.9999807745599294;0.9999806521457044;1.0;0.9999847978515022;0.9999836084725616;0.9999980649489943;0.9999923924287439;0.9999877662623468;0.9999781263929324;0.999999082750025;0.9999839097722673;1.0;1.0001605015900132;0.9999806836430607;1.0;0.9999817199546557;1.0;0.9999720412272747;1.0;0.9998804507590142;1.0;0.9999251886430319;0.9999999999999999;0.999690633939343;0.9996747415886171;0.9996660176876677;1.0;0.999999371170375;0.9999793766801846;0.9999902250167269;0.9999779175728654;1.024999976158142;
2016-09-19 05:00:00;0.9999772864349558;1.0;0.9999928964444519;0.9999779648949745;0.9999972935950968;0.999979705798438;1.0001139159985695;0.9999830514943054;0.9999936539161043;0.9999886914223456;1.0;0.9999713862633858;0.9999775052446794;0.9999824334559618;1.0;0.9999877741195871;0.9999867132759358;0.9999967483931133;0.999992262277108;0.9999875767424355;0.9999771245348525;0.9999989670481679;0.9999869539296524;0.9999999999999999;1.0001599027562293;0.9999804796610302;1.0;0.9999826916262138;1.0;0.9999737513829516;1.0;0.9998745078804512;1.0;0.9999266655729748;1.0;0.9996716919418434;0.9996545660202552;0.9996454296099172;1.0;0.9999991580179562;0.9999784861178186;0.9999901104011019;0.9999745748054035;1.024999976158142;
2016-09-19 05:15:00;0.9999746888689487;1.0;0.9999920609587228;0.9999758342349393;0.9999965486073564;0.9999777239617548;1.0001156384176129;0.9999821739356938;0.9999928082191725;0.9999874613056582;1.0;0.9999702039661821;0.9999761774109304;0.9999811458702293;1.0;0.9999878398564707;0.9999867189026715;0.9999957613211062;0.9999912364144607;0.9999860388791351;0.9999739356403173;0.9999988066723191;0.9999869583854024;1.0;1.000162340618386;0.9999781041958488;1.0;0.9999810554184603;1.0;0.999972930403843;1.0;0.9998531290718702;1.0;0.9999195563788023;1.0;0.9996120812456265;0.9995951946940663;0.9995860588263568;1.0;0.9999989524698534;0.9999755346912766;0.9999888875680235;0.999973317308179;1.024999976158142;
2016-09-19 05:30:00;0.9999690981847552;1.0;0.999990261595474;0.9999709435613023;0.9999962153353507;0.9999733246500568;1.000117056278244;0.9999797131440282;0.999992363545153;0.9999840187000757;1.0;0.9999667693594122;0.9999728705636582;0.9999769835503789;1.0;0.9999868153840613;0.9999855491631046;0.9999952947232472;0.9999889119343524;0.9999838389844607;0.9999687498404292;0.9999989461772583;0.9999858174869591;0.9999999999999999;1.0001643506219733;0.9999743150111632;1.0;0.9999769613934393;1.0;0.9999687710710462;1.0;0.999859997147451;0.9999999999999999;0.9999208818254879;1.0;0.9996319073383645;0.9996157830493541;0.9996066469934756;1.0;0.9999986965010732;0.9999709936695349;0.9999870553208537;0.9999696419847491;1.024999976158142;
2016-09-19 05:45:00;0.99996850097386;1.0;0.9999911351848312;0.9999700220134814;0.9999969213495572;0.9999730141604457;1.0001169492744082;0.9999779916614034;0.9999932706445046;0.999984300049244;1.0;0.9999672532750534;0.9999735160589212;0.9999764263297266;1.0;0.9999829298566142;0.9999815173920008;0.9999960436865831;0.9999891347355565;0.9999840637678103;0.9999680399513439;0.9999993349683456;0.999981827173375;1.0;1.0001643068512667;0.9999731869576751;0.9999999999999999;0.9999767596752851;1.0;0.9999732133546055;1.0;0.9998588640711523;1.0;0.9999283950404109;1.0;0.9996233297872603;0.9996077486058849;0.9996001999441906;1.0;0.999998959298786;0.999970093491512;0.9999880086515254;0.9999703398083771;1.024999976158142;
2016-09-19 06:00:00;0.9999841684221875;1.0;0.9999950378586667;0.9999842996253874;0.9999985423684974;0.9999855480194922;1.000121409662286;0.9999873007979643;0.9999957556571191;0.9999919870980666;1.0;0.999970406896156;0.999977435424619;0.9999870581775469;1.0;0.9999902893625359;0.9999895015650363;0.9999983387765631;0.9999947000816453;0.9999915051682797;0.9999846610623845;0.9999993349955865;0.9999896943882266;1.0;1.0001703212079096;0.999986628902507;1.0;0.999987595574132;1.0;0.9999730193798162;1.0;0.9998522950460025;1.0;0.999914935437269;1.0;0.9996127414121483;0.9995937290474278;0.9995842122063274;1.0;0.9999995089592263;0.9999855572554253;0.999993204390588;0.9999740984460715;1.024999976158142;
2016-09-19 06:15:00;0.9999832913021007;1.0;0.9999947340731027;0.9999833743321423;0.9999986010702181;0.9999846960761811;1.0001213236376374;0.9999864811543749;0.9999956316898096;0.9999914471080495;1.0;0.9999697702754157;0.9999769689079839;0.9999861456641542;1.0;0.9999896102101231;0.9999887750965512;0.9999984388926288;0.999994398208546;0.9999911338388078;0.9999840254766666;0.999999334992548;0.9999889832624858;1.0;1.0001702065723246;0.9999860443580179;1.0;0.9999868149972442;1.0;0.9999746479117317;1.0;0.9998567701257867;1.0;0.9999189946635234;1.0;0.9996234556706051;0.9996051928731952;0.9995968505718712;1.0;0.9999995018371357;0.9999849840837198;0.9999928759178223;0.9999735102196703;1.024999976158142;
2016-09-19 06:30:00;0.9999814755077611;1.0;0.9999937467080569;0.9999819844391141;0.9999980298359121;0.9999832308215233;1.0001226503107996;0.9999863120556505;0.9999949286730887;0.999990200395614;1.0;0.9999626192372945;0.9999712520842841;0.9999850351937608;1.0;0.9999908635097983;0.9999900325762507;0.9999977465994841;0.9999934840529984;0.9999900874529718;0.9999821557956569;0.9999991703000692;0.9999902311555368;1.0;1.0001720380574495;0.9999848981036737;1.0;0.9999854820911488;1.0;0.9999792134189854;1.0;0.9998387082707083;1.0;0.9999119637996987;1.0;0.9995737868890535;0.999549446559189;0.9995359623894757;0.9999999999999999;0.9999992818364283;0.9999834048984098;0.9999917328085327;0.9999670296775478;1.024999976158142;
2016-09-19 06:45:00;0.9999617302069872;1.0;0.9999867880418715;0.9999635220029954;0.9999946450201276;0.9999658228450289;1.0001300348351576;0.9999737108670097;0.999988505064466;0.9999800229854158;1.0;0.9999124898404004;0.999932410229784;0.9999706512609333;1.0;0.9999844609513427;0.9999828631820101;0.9999936463290544;0.9999862914800988;0.9999787595119108;0.9999616983724512;0.9999979341540717;0.9999832131932964;1.0;1.000182549511952;0.9999682096927421;1.0;0.9999706450213641;1.0;0.999959581702781;1.0;0.9998073345039152;0.9999999999999999;0.9998958798385295;1.0;0.9994902706985864;0.9994344941567518;0.9994047294784751;1.0;0.9999982263246684;0.9999643888286016;0.9999821704969903;0.9999228749074677;1.024999976158142;
2016-09-19 07:00:00;0.9999619009990132;1.0;0.99998791011738;0.9999634378740517;0.9999952330607502;0.9999662684161637;1.0001444248133473;0.9999727919122688;0.9999894660964259;0.9999807789479281;1.0;0.9997767241486959;0.9998320827940693;0.9999709566469138;1.0;0.9999813288651631;0.9999796313807738;0.9999942204768072;0.9999867578859194;0.9999792703101682;0.9999614872621245;0.9999983036840919;0.9999800066319112;1.0;1.0002028128921618;0.9999675670577208;1.0;0.9999711449077795;1.0;0.9999516539282955;1.0;0.9997557688195504;1.0;0.9998370615173767;1.0;0.9993752592656239;0.999262758285002;0.9992399789751415;0.9999999999999999;0.9999984800975997;0.9999639323729332;0.9999833702908414;0.9998067010839691;1.024999976158142;
2016-09-19 07:15:00;0.9999451942497706;1.0;0.9999814573246387;0.9999477863786047;0.999991953281658;0.9999511798607512;1.00015298393906;0.9999622281972089;0.9999832110845422;0.9999719753420894;1.0;0.9997771722108042;0.9998309797409292;0.9999586607271436;1.0;0.9999771599853332;0.9999748410360638;0.9999903447098459;0.9999805512772171;0.9999691953942024;0.9999442550784048;0.9999969351161131;0.9999753378778684;1.0;1.0002149025272313;0.9999535764368038;1.0;0.9999583191216591;1.0;0.99995066435141;1.0;0.999679582731301;1.0;0.9998072845115887;1.0;0.9991659398348071;0.9989564392857965;0.9988032823036354;1.0;0.9999974674501192;0.9999479532616372;0.9999744781699653;0.9998061137344202;1.024999976158142;
2016-09-19 07:30:00;0.9999544552157459;1.0;0.9999883946461295;0.9999576733699056;0.9999947236515401;0.9999624856923901;1.0001517339431458;0.9999705063996784;0.9999908715253304;0.9999783662054534;1.0;0.9998012072820258;0.9998487785569337;0.9999686154489924;1.0;0.9999763851070911;0.9999744191711595;0.9999928132890571;0.9999843221624166;0.9999770049517187;0.9999513245059057;0.9999993156941055;0.9999748020478616;1.0;1.0002133439846994;0.9999597233404027;1.0;0.9999680287732904;1.0;0.9999558584249052;1.0;0.9996612058610109;1.0;0.9998074276167943;1.0;0.999110392489475;0.9989055675995762;0.9987458289142079;1.0;0.9999984215631726;0.9999542734265353;0.9999836744004915;0.9998270760375727;1.024999976158142;
2016-09-19 07:45:00;0.9999546157579092;1.0;0.9999879812551813;0.9999563079062388;0.9999959835073614;0.9999609774616476;1.0001526369280977;0.999966617025447;0.9999905520894244;0.999978036772389;0.9999999999999999;0.9997979790644157;0.9998475597973485;0.9999658497719602;0.9999999999999999;0.9999720391308514;0.9999698696664424;0.9999947686886319;0.9999848085710483;0.9999770435657079;0.9999537279837409;0.9999991598768664;0.9999703548148936;1.0;1.0002145969820357;0.9999605099017271;0.9999999999999999;0.999966576070636;1.0;0.9999518114965092;0.9999999999999999;0.9996186198971551;0.9999999999999999;0.9997967896525713;1.0;0.9989892972707274;0.9987427089094424;0.998532825689777;1.0;0.9999987262056447;0.9999563838413618;0.9999832991341432;0.9998248594245039;1.024999976158142;
2016-09-19 08:00:00;0.9998716121870669;1.0;0.9999567399996604;0.9998781254180462;0.9999940006436385;0.9998880218090489;1.0001680445793033;0.9999164411154624;0.9999791770012291;0.9999240533512256;0.9999999999999999;0.9997137086144133;0.9997780709287978;0.9998926379988343;1.0;0.9999473352591266;0.9999424174812462;0.9999935044381243;0.9999511105167406;0.9999422758252369;0.9998858222534875;0.9999992815294023;0.9999436754761564;1.0;1.0002362389235775;0.9999079319615448;1.0;0.9998986041108124;0.9999999999999999;0.9999514066649784;1.0;0.999582137618626;1.0;0.9997835796628955;1.0;0.9988883657044509;0.9986018959451018;0.9983523619269121;1.0;0.9999954780579644;0.9998973599361803;0.9999508606991027;0.9997435520896809;1.024999976158142;
2016-09-19 08:15:00;0.9999237638937449;1.0;0.9999739035300884;0.9999277468033784;0.9999951808970616;0.9999332885257262;1.0001686887887642;0.999950480918692;0.9999859109829612;0.9999554797998239;1.0;0.9997008387663641;0.9997724224636991;0.9999370573481852;0.9999999999999999;0.9999699341838885;0.9999670177692619;0.9999946142235911;0.9999710839488584;0.9999644889152537;0.9999310255919466;0.999998950081025;0.9999677447188985;1.0;1.000236834194415;0.999944341078248;1.0;0.9999400157411704;1.0;0.9998972845783393;1.0;0.9995851219554545;1.0;0.9998011624328448;0.9999999999999999;0.9988859044424065;0.998603323868373;0.9983852380987758;1.0;0.9999970938643069;0.9999377565140414;0.999969604197925;0.9997370922295115;1.024999976158142;
2016-09-19 08:30:00;0.9999399624036542;1.0;0.9999829391796335;0.9999421497011772;0.9999958524194301;0.9999479724117701;1.0001601563180507;0.9999564872906673;0.999988603005216;0.9999690178536037;1.0;0.9996801880808871;0.9997593496997945;0.9999527747050408;0.9999999999999999;0.9999652762583291;0.9999625215738231;0.9999947924323299;0.9999792226362939;0.9999708386724602;0.9999415476168382;0.999999217504107;0.9999631714233863;1.0;1.0002252031329766;0.9999505914913912;1.0;0.9999546245164764;1.0;0.9999358072900467;1.0;0.999584505419738;1.0;0.9997869266524134;1.0;0.9988933698049629;0.9986159743800812;0.9984296827605517;1.0;0.999998293225852;0.9999455576600772;0.9999778783890374;0.9997225236471154;1.024999976158142;
2016-09-19 08:45:00;0.9999325021071611;1.0;0.999980701074011;0.9999337496951667;0.9999958020724821;0.99994022724809;1.0001664844632505;0.9999476303827136;0.9999862521353658;0.999965481600877;1.0;0.9996675112857364;0.9997504493322904;0.999945270566124;1.0;0.9999569090931201;0.9999536073200509;0.9999949734052471;0.9999772039897931;0.9999665986901846;0.9999351151594715;0.9999987813744559;0.9999544172083171;1.0;1.0002342059847988;0.9999439898314635;1.0;0.99994806084749;1.0;0.9999067861636496;1.0;0.9995646575245601;1.0;0.999779053314101;1.0;0.998839345828363;0.9985394063901295;0.9983324539321404;0.9999999999999999;0.9999982959255547;0.9999392273303295;0.999974553440119;0.9997119483505025;1.024999976158142;
2016-09-19 09:00:00;0.9999397154631885;0.9999999999999999;0.9999826536880605;0.9999423850949056;0.9999951209879069;0.9999480620520508;1.0001641860759758;0.9999576508348172;0.9999880734960495;0.9999689359812652;1.0;0.9996554648841854;0.9997406379700511;0.999953465697204;1.0;0.999967357954938;0.9999646755370142;0.9999938249622008;0.9999789326107548;0.9999703735397065;0.9999405791444578;0.9999990424808652;0.9999652898390664;0.9999999999999999;1.0002308315887036;0.9999502040559629;1.0;0.9999547916676906;1.0;0.9999175404987297;0.9999999999999999;0.9995884456504179;1.0;0.9997885955468866;1.0;0.9989043498502921;0.9986341863251101;0.9984710082777415;1.0;0.9999981058238216;0.9999447058938307;0.9999773846473603;0.9997011268018823;1.024999976158142;
2016-09-19 09:15:00;0.999880021581872;1.0;0.9999662713772021;0.9998911930134186;0.9999864724037819;0.9999026495715202;1.0001771703736453;0.999932007270584;0.9999785447044276;0.9999380356209735;1.0;0.9996529203350916;0.9997301448329141;0.9999169245920385;0.9999999999999999;0.9999545003915614;0.9999500935452383;0.9999816800644207;0.9999557342763888;0.999942199692999;0.9998753942049085;0.9999989941007155;0.9999509160336824;1.0;1.000249682981836;0.9999008016190356;0.9999999999999999;0.9999150922642346;0.9999999999999999;0.9998862036823937;1.0;0.9995689719728006;1.0;0.9997845961163598;1.0;0.9988489281226238;0.9986091670469927;0.9984626094330796;1.0;0.9999950599891408;0.9998851283948426;0.9999566499243003;0.9996930216508125;1.024999976158142;
2016-09-19 09:30:00;0.9998524950100073;1.0;0.9999554635043014;0.9998669227895741;0.9999821380818674;0.9998794802063414;1.0001834447198426;0.9999195913866715;0.9999714896456715;0.9999215667579385;1.0;0.9996105257021337;0.9996951564673935;0.999897089101492;1.0;0.9999534330175164;0.9999483439760792;0.9999764097455791;0.9999442891708306;0.9999280993720375;0.9998484057922433;0.9999978944789097;0.9999492801764178;1.0;1.0002584878561906;0.9998807708000093;1.0;0.9998943912411788;1.0;0.9998745345497283;0.9999999999999999;0.9995454732284041;1.0;0.9997763620287836;1.0;0.9987839235417362;0.9985098373189953;0.9983308260511146;1.0;0.9999932725590911;0.999861111309333;0.9999437393216875;0.9996535846611901;1.024999976158142;
2016-09-19 09:45:00;0.9997992883659853;1.0;0.9999497243233099;0.9998242487386018;0.9999700950290427;0.9998454763055918;1.0001887750693963;0.9999006301813538;0.9999641536187029;0.9999034724135023;0.9999999999999999;0.9995212703157756;0.9996195909131118;0.9998785436319747;1.0;0.9999335134614283;0.9999266422917785;0.9999578214924781;0.999926186735557;0.9999011132924163;0.999774906846716;0.9999986933774807;0.9999275880816216;1.0;1.0002674419923951;0.9998235058101926;1.0;0.9998678515970346;1.0;0.9998811815999036;1.0;0.9995352744565057;1.0;0.9997329320663843;1.0;0.998783208113202;0.9984871759546455;0.9983180204400377;1.0;0.9999908636741928;0.9997909131812404;0.999930883570788;0.9995736475032271;1.024999976158142;
2016-09-19 10:00:00;0.999800985292567;1.0;0.999939693206752;0.999820858428524;0.9999774883795676;0.9998379108350377;1.0001920685287775;0.9998935124624305;0.9999640724717453;0.999892405434928;1.0;0.9995547731055853;0.999647842478265;0.9998601239831751;1.0;0.99993943253195;0.9999327326833659;0.999970152872182;0.9999240550333963;0.9999050001795263;0.9997976763564562;0.9999980472393991;0.9999339796413516;1.0;1.0002709575335376;0.999841789595028;1.0;0.999857055973749;1.0;0.999878333198103;1.0;0.9995284434759372;1.0;0.9997362564262735;0.9999999999999999;0.9987603006333948;0.9984989170875077;0.9983480326130769;1.0;0.9999910269982429;0.9998153729672637;0.9999254072128236;0.9996006500818972;1.024999976158142;
2016-09-19 10:15:00;0.999776934968907;1.0;0.9999384942066577;0.9997972852947433;0.9999691601890116;0.9998181502744367;1.0001879500867914;0.9998707086489916;0.9999518964531233;0.9998904845852336;1.0;0.9995848191959145;0.9996694017938086;0.9998513748124604;1.0;0.9999124206875039;0.9999039034442715;0.9999585996722806;0.9999195935063108;0.999885731973343;0.999759582778739;0.9999953436117807;0.9999054020564544;1.0;1.000266338286261;0.9998063416839014;1.0;0.999844377908655;1.0;0.999878877213648;1.0;0.9995575458626768;1.0;0.9997798322115178;1.0;0.9988177273409605;0.9985484669608483;0.9983818063024015;1.0;0.9999904366718162;0.9997760117226212;0.9999154019019235;0.9996293510491727;1.024999976158142;
2016-09-19 10:30:00;0.9998306020600416;1.0;0.9999405117728735;0.9998309848127663;0.9999769988511119;0.9998401056351723;1.0001844461353213;0.9998624363500352;0.9999399463019635;0.9999147046642999;1.0;0.9996423174749535;0.9997289143028364;0.9998619562720082;1.0;0.9999081104503743;0.9998997715145419;0.9999743332323678;0.9999429341321731;0.9998994937517504;0.9998329623223233;0.9999875500841244;0.9999017767782485;1.0;1.0002602005158883;0.9998538748100454;1.0;0.9998646035959206;1.0;0.9998644362675663;1.0;0.9996037721790003;0.9999999999999999;0.9997982132402108;0.9999999999999999;0.9989446574585282;0.9986672866244077;0.9984995066143908;1.0;0.9999932444642075;0.9998420115653676;0.999915365541617;0.9996891348362122;1.024999976158142;
2016-09-19 10:45:00;0.999882443121318;0.9999999999999999;0.9999679502116947;0.9998879722743088;0.9999864195326778;0.9998992103725318;1.000182828232645;0.9999166671137484;0.9999720906890374;0.9999439285645385;0.9999999999999999;0.999610280518425;0.9997032200650845;0.9999146622295046;1.0;0.9999341742322406;0.9999287486319799;0.9999824147007358;0.999960273866424;0.9999380253112284;0.9998768727596238;0.9999966058255433;0.9999298941491529;1.0;1.0002579888498802;0.9998958586790432;0.9999999999999999;0.9999144122802748;1.0;0.999843932560896;1.0;0.9995635615438293;1.0;0.9997745743802986;1.0;0.9988401659852922;0.9985403272006811;0.9983590954987829;1.0;0.9999960599545793;0.999883790377552;0.9999542455441242;0.9996609284673257;1.024999976158142;
2016-09-19 11:00:00;0.9998423111363259;1.0;0.999961681767581;0.9998548910722078;0.9999807149437056;0.9998722574720292;1.0001880273384474;0.9999013247196136;0.9999693999996045;0.9999265135115644;0.9999999999999999;0.9996603132875486;0.9997336906296376;0.9998952191945036;1.0;0.9999198202892436;0.9999131304542817;0.9999732078286563;0.9999456722321379;0.9999205249547317;0.9998279669346601;0.9999980974188498;0.9999143627618684;1.0;1.0002661301209184;0.9998584126115033;1.0;0.9998915714836965;1.0;0.9998473527333784;1.0;0.9995390194967727;1.0;0.9997139156366016;1.0;0.9988083236406672;0.9985342499461305;0.9983424776767656;0.9999999999999999;0.9999944832483475;0.9998381540525363;0.9999450861739758;0.9997002703930135;1.024999976158142;
2016-09-19 11:15:00;0.9998579026364023;1.0;0.9999644967650979;0.9998661507618661;0.9999851166658088;0.9998814980478877;1.0001940835747196;0.9999030215880387;0.9999716620100326;0.9999328698075721;1.0;0.9995975338487884;0.999690982560608;0.9998996948810049;1.0;0.9999189849668843;0.9999125355776861;0.9999797558710847;0.9999518594084804;0.9999282843636181;0.9998495548273838;0.9999979400605865;0.9999138551457357;1.0;1.0002743273881685;0.9998737851735315;1.0;0.9998990426700849;0.9999999999999999;0.9998326662545655;1.0;0.9995096455178063;1.0;0.999686570984816;1.0;0.998739103999733;0.9984055201768494;0.9981809845316637;1.0;0.999995625389855;0.9998581744256555;0.9999495797234624;0.9996483256467572;1.024999976158142;
2016-09-19 11:30:00;0.9998873210762538;1.0;0.9999614155324197;0.9998907902606171;0.9999828634177909;0.9998972974306339;1.0001891114276382;0.999917034660279;0.9999620091449393;0.9999435799678801;1.0;0.9996332834839363;0.9997217437671211;0.9999135270911474;0.9999999999999999;0.9999478946848354;0.9999428075134769;0.9999798299874001;0.999961013955898;0.9999341885460684;0.999885217500672;0.999992466704663;0.9999439321813905;1.0;1.0002661604353646;0.9999024632052671;1.0;0.9999130728505286;0.9999999999999999;0.9998560235353572;1.0;0.9995070800055174;1.0;0.9996695076256266;1.0;0.9987427381553522;0.9984576498411294;0.9982845562769085;0.9999999999999999;0.9999949518516671;0.9998919981552223;0.9999453231425232;0.999681256452883;1.024999976158142;
2016-09-19 11:45:00;0.9998223177314182;0.9999999999999999;0.999944889159132;0.9998218438692587;0.9999832609354005;0.9998356614321908;1.0001985217402134;0.9998519108685995;0.9999492272636623;0.9999117402352562;1.0;0.999678069498007;0.9997560113436421;0.9998539720929871;1.0;0.9998843752977847;0.9998751633971295;0.9999811224058606;0.9999415574214809;0.9999021090238451;0.9998266799016272;0.9999914912130973;0.9998774350472692;1.0;1.0002805375307746;0.9998467466364558;0.9999999999999999;0.9998598078666945;1.0;0.9998599829623209;1.0;0.9995178413032741;1.0;0.9996060859221506;0.9999999999999999;0.9988193980894526;0.9985476904938787;0.9983667294482926;0.9999999999999999;0.9999948675752552;0.9998357171541588;0.9999223085757756;0.9997199059478477;1.024999976158142;
2016-09-19 12:00:00;0.9999277991132998;0.9999999999999999;0.9999786814897493;0.99992931249345;0.999993728421024;0.9999356779891059;1.0001815813688752;0.9999443970103122;0.9999827484748975;0.9999637234500187;1.0;0.9996883907848945;0.9997655593325262;0.9999426339413514;0.9999999999999999;0.9999562311084651;0.9999527297419025;0.9999924753469706;0.9999756514706564;0.9999624578326428;0.9999289875566377;0.9999977825986014;0.999953562343316;1.0;1.0002554136030188;0.9999387879804095;0.9999999999999999;0.999944653282603;1.0;0.9998590391667748;1.0;0.9995613813189632;1.0;0.9996312551570249;0.9999999999999999;0.998933180638033;0.9986653332729873;0.9984882207672962;1.0;0.9999978601271359;0.999933243046891;0.9999709444792427;0.9997299386417644;1.024999976158142;
2016-09-19 12:15:00;0.9999578427870832;1.0;0.9999867500802652;0.9999598199285438;0.9999956558384137;0.9999631664476085;1.0001816746579506;0.9999709278913023;0.9999900499469043;0.9999779422558062;1.0;0.9996321760369595;0.99972449214654;0.9999674250696573;1.0;0.9999800068679284;0.9999782031038471;0.9999947061410183;0.999985015667808;0.9999783431265479;0.9999584299412824;0.9999987220830884;0.9999786107029494;1.0;1.0002550264197017;0.9999654255180375;0.9999999999999999;0.9999680238080529;1.0;0.9998492540073355;1.0;0.9995367150633305;0.9999999999999999;0.999602906141019;0.9999999999999999;0.9988788679259899;0.9986034672260649;0.9984507289017337;1.0;0.9999983993211408;0.9999614239153417;0.9999826359602926;0.9996820274020418;1.024999976158142;
2016-09-19 12:30:00;0.9999610907302048;1.0;0.9999877023708332;0.9999619971574356;0.9999971409197469;0.9999651612849617;1.0001786303331373;0.9999707637016062;0.9999912455392909;0.9999792703694611;1.0;0.9996556333094214;0.9997428068601776;0.9999680182572053;1.0;0.9999783860650173;0.9999765913301362;0.9999967458299251;0.9999864159126366;0.999980429343053;0.9999632819304087;0.9999989565222132;0.9999770354402717;1.0;1.0002507264119516;0.9999687451890409;1.0;0.9999695483024669;0.9999999999999999;0.9998375596091903;1.0;0.9995706991612188;1.0;0.99967301725099;1.0;0.9989326709707373;0.9986742519891135;0.998531702374325;1.0;0.9999987767749765;0.9999659107603522;0.9999841935154604;0.9997025958006153;1.024999976158142;
2016-09-19 12:45:00;0.9999494977145594;1.0;0.9999849324289064;0.9999514529722384;0.9999958710657959;0.999955946946255;1.0001935820356074;0.9999638982428237;0.9999893884874942;0.9999737199016279;1.0;0.9996026628560114;0.9997023863162244;0.999960341914915;1.0;0.9999728174188055;0.9999705556381911;0.9999949321045628;0.9999823371687047;0.9999748679692433;0.9999507648190539;0.9999989519518608;0.9999710843959265;1.0;1.0002718687531136;0.9999585923903435;1.0;0.9999616359793667;0.9999999999999999;0.9998219457301801;0.9999999999999999;0.9994376804917284;1.0;0.9996049206577247;1.0;0.998579409229572;0.9982762512333996;0.9981034220214802;0.9999999999999999;0.9999983757428162;0.9999542178615906;0.9999803995771054;0.9996564141325731;1.024999976158142;
2016-09-19 13:00:00;0.9999506363343497;1.0;0.9999827064953093;0.9999525018967487;0.9999937603593312;0.999955412216312;1.0001834252177142;0.9999650915826637;0.9999854764917605;0.9999737386120302;1.0;0.9996723035190789;0.9997539951409491;0.9999609411132958;1.0;0.9999789775004615;0.999976877118871;0.9999927784546678;0.9999823031876337;0.9999729279603046;0.9999517821080705;0.9999974128636019;0.9999773604390519;1.0;1.0002574402045958;0.9999597322898701;1.0;0.999961483541463;1.0;0.9998518437885018;0.9999999999999999;0.9995067741536158;1.0;0.9996221848198943;1.0;0.9987749580941729;0.9984937347703022;0.9983090090018988;1.0;0.9999978176757197;0.9999552636511768;0.9999770240558872;0.9997162321941456;1.024999976158142;
2016-09-19 13:15:00;0.9999173283194694;0.9999999999999999;0.9999685848849003;0.9999199341167437;0.9999881424928634;0.9999234430276585;1.0001842104670602;0.9999407726885017;0.999971997047182;0.9999552388214858;1.0;0.9996960827437625;0.9997697763928168;0.9999333438859472;1.0;0.9999685549592486;0.9999650847247399;0.9999867102297673;0.9999700580798935;0.9999525139640174;0.9999200515000212;0.9999942809658259;0.9999658965882319;0.9999999999999999;1.0002586393947341;0.9999331281169188;1.0;0.9999340244382106;1.0;0.9998381242491312;1.0;0.9995768570578268;1.0;0.9996697624242913;1.0;0.9989533155282685;0.9987012290915099;0.9985339004861864;1.0;0.9999959356802425;0.9999259219264045;0.9999580488556008;0.9997350297903282;1.024999976158142;
2016-09-19 13:30:00;0.9999448243984179;1.0;0.9999817103853571;0.999946727673817;0.9999952045525521;0.9999507564302271;1.0001823549472426;0.9999605622542286;0.9999869870995941;0.9999700037952416;1.0;0.9996859285609195;0.9997638643390974;0.999955152810644;1.0;0.9999734516040629;0.9999710631459485;0.9999945076762172;0.9999802118859374;0.9999719785083664;0.999947824674988;0.9999982764009805;0.9999716421802755;1.0;1.0002560262568119;0.9999563551636901;1.0;0.999956839052566;0.9999999999999999;0.9998346886042654;1.0;0.9995371046083139;1.0;0.9996751508613284;1.0;0.9988296390892984;0.9985678322600889;0.9983979633449027;1.0;0.9999979757422229;0.9999518597010204;0.9999767481911506;0.9997273318048968;1.024999976158142;
2016-09-19 13:45:00;0.9999515460031593;1.0;0.9999835872768343;0.9999535148074079;0.9999951743881123;0.9999568300033289;1.0001796528207134;0.999966239306258;0.9999879528856621;0.9999736337608583;1.0;0.9996741333940784;0.9997552997835657;0.9999611289053704;1.0;0.9999785259487662;0.9999764901385289;0.9999944161887355;0.9999824631817233;0.9999749919486357;0.9999537393816994;0.9999982587983413;0.999976972166909;1.0;1.0002521494207297;0.9999615992905633;1.0;0.9999622379328622;0.9999999999999999;0.9998420492763376;1.0;0.9995488844075046;0.9999999999999999;0.9996696146110379;1.0;0.9988690241108175;0.9986068582715371;0.998444551001461;0.9999999999999999;0.9999980601779492;0.9999573608075657;0.9999790264438458;0.999717484113943;1.024999976158142;
2016-09-19 14:00:00;0.9999575973123692;1.0;0.999984838681568;0.9999583292943395;0.9999950585637564;0.9999606965308685;1.0001789505166472;0.9999676580864649;0.9999868842273242;0.9999774072241353;1.0;0.9997595722106322;0.9998197758046573;0.9999650185189498;1.0;0.9999795052715706;0.9999775735528525;0.9999945424488396;0.9999851057196957;0.9999763944186498;0.9999595263736162;0.9999975346904278;0.9999780451908049;1.0;1.0002511148760063;0.9999654517652079;1.0;0.9999660848839187;1.0;0.9998491115861237;1.0;0.9995132526608874;1.0;0.999694390615304;1.0;0.9987440259268875;0.9985198592543818;0.9983614261898542;1.0;0.9999982580913387;0.9999623023804369;0.9999797433072303;0.9997918738225373;1.024999976158142;
2016-09-19 14:15:00;0.9999690613177104;1.0;0.9999891013938496;0.9999698461769713;0.9999966203738786;0.9999717021672199;1.000168873272314;0.9999771280576162;0.9999911336299737;0.9999833284847143;1.0;0.9997519503772471;0.9998144982390947;0.9999746435472578;0.9999999999999999;0.9999855333457257;0.9999841652975233;0.9999962252842625;0.9999889980826163;0.9999832676956557;0.999970570219597;0.9999984563815999;0.9999844972373779;1.0;1.0002368910770487;0.9999751372536824;0.9999999999999999;0.9999754397617991;1.0;0.9998516865180204;1.0;0.9995852688724065;1.0;0.9997525337466082;1.0;0.9989206564716495;0.9986796320565344;0.9985049461292347;1.0;0.9999987386377657;0.9999727133535699;0.9999857111471658;0.9997856217703368;1.024999976158142;
2016-09-19 14:30:00;0.9999596545516792;1.0;0.9999874651708097;0.9999616968753187;0.9999954348542363;0.9999649128490881;1.0001659929908264;0.99997245434749;0.9999901543722302;0.999979237633718;1.0;0.9997493522537654;0.999811328222117;0.9999694411226524;0.9999999999999999;0.9999811054008889;0.9999793831267657;0.9999943625391404;0.9999857160258937;0.9999789677548467;0.9999595200567913;0.9999986730897057;0.9999797607060439;0.9999999999999999;1.0002330531947496;0.9999663651947729;1.0;0.9999697046346779;1.0;0.9998616830857041;1.0;0.9996118649831821;1.0;0.9997689812713629;1.0;0.9989892166892728;0.9987471394484442;0.9985699039474878;1.0;0.999998420476588;0.9999623294685694;0.9999832780779082;0.9997827345202408;1.024999976158142;
2016-09-19 14:45:00;0.9999479912122002;1.0;0.9999856967349011;0.9999519028843057;0.9999936883746225;0.9999569003794286;1.0001711786244658;0.9999674038847783;0.9999890561160059;0.9999744166145188;1.0;0.9997315150819227;0.9997963449542732;0.9999637427877651;1.0;0.9999761729535143;0.9999740418553716;0.999991597258053;0.9999816267208261;0.9999736250525747;0.9999451521783251;0.9999989921132755;0.999974455478332;1.0;1.0002405871093623;0.9999551304674259;1.0;0.999963029400682;1.0;0.9998584024423629;1.0;0.9995780973323721;1.0;0.9997196833924817;1.0;0.9989217547152277;0.9986669891544339;0.9984801028056389;1.0;0.9999979856030342;0.9999488045373498;0.9999804633756908;0.9997665616283741;1.024999976158142;
2016-09-19 15:00:00;0.999932042206743;0.9999999999999999;0.9999819890108471;0.9999386635397849;0.9999905421323938;0.9999454170875486;1.000175501548003;0.9999613344155295;0.9999861684145018;0.999967137912704;1.0;0.9997433321665702;0.9998024975669848;0.9999556687210369;0.9999999999999999;0.9999728534587222;0.9999702652724849;0.9999870842777433;0.999975621374561;0.9999656062182739;0.9999259018977091;0.9999988956788562;0.9999707032314425;1.0;1.000246897603429;0.999940494866028;1.0;0.9999533800066777;1.0;0.9998428841771789;0.9999999999999999;0.9995829268717217;0.9999999999999999;0.9997029229419835;1.0;0.9989483091697986;0.998698548453591;0.9985053660013854;1.0;0.9999971046399918;0.9999309070537369;0.999975101330528;0.9997752691375658;1.024999976158142;
2016-09-19 15:15:00;0.9999268908495312;1.0;0.9999801390888806;0.9999334308221064;0.9999903977974385;0.9999405225531175;1.000172831591973;0.999957030348054;0.9999849919703024;0.999964131977354;1.0;0.999742543871429;0.9998017808641524;0.9999508563653191;0.9999999999999999;0.9999697675183776;0.9999669287716649;0.9999870287542812;0.9999737960123883;0.9999630813083298;0.9999216022207477;0.9999987413652762;0.9999674388266873;1.0;1.0002431898325046;0.9999367258382658;1.0;0.9999490086100332;1.0;0.999848068188979;1.0;0.9996053432416471;1.0;0.9997362219242382;1.0;0.9989926837247736;0.9987674615311966;0.998605594020781;1.0;0.9999969679604523;0.9999269688237407;0.9999728788081654;0.9997743362987079;1.024999976158142;
2016-09-19 15:30:00;0.9999149222882123;1.0;0.9999748221268183;0.9999194002857503;0.99999388983237;0.999927249786323;1.0001771603479563;0.9999429076137991;0.9999848419111953;0.9999544564448839;1.0;0.9997613425180912;0.9998167756089638;0.9999337552407667;0.9999999999999999;0.999958000876564;0.9999544309555007;0.9999922783682104;0.9999693907866849;0.9999596548414023;0.9999178106619095;0.9999992064197276;0.999955256447139;1.0;1.0002491935433593;0.9999322370423174;1.0;0.999935898378422;1.0;0.9998493352447284;0.9999999999999999;0.9995658759640332;1.0;0.9997505090800218;1.0;0.9988636872228053;0.9986367118072061;0.9984582653832237;0.9999999999999999;0.999997217161507;0.9999242699348103;0.9999686298668286;0.999789667117056;1.024999976158142;
2016-09-19 15:45:00;0.9999242602303708;1.0;0.9999771193130438;0.9999311419920582;0.9999917705403452;0.9999377169412139;1.0001700084041216;0.9999572547839156;0.999986089512302;0.9999593426675929;1.0;0.999804718482518;0.9998473176116501;0.9999457395903772;1.0;0.999973955017606;0.9999712634848574;0.9999891706616023;0.9999715163381375;0.9999637036619954;0.9999234860918991;0.9999991576862356;0.9999717887667143;1.0;1.000238966327922;0.9999395239720207;1.0;0.9999451849185275;0.9999999999999999;0.9998544370972464;0.9999999999999999;0.9996227434899393;1.0;0.999792471688397;1.0;0.9990060255630322;0.9988104092220957;0.9986444907602507;1.0;0.9999967160987239;0.9999299910698813;0.9999715281673123;0.9998261822383387;1.024999976158142;
2016-09-19 16:00:00;0.999879975443491;1.0;0.9999633765976143;0.9998917431354043;0.9999869690186965;0.9999020227546471;1.0001730203180716;0.9999351759086574;0.9999788310755332;0.9999346301480185;1.0;0.9997821871705723;0.9998252678083185;0.9999146074126265;1.0;0.9999628677074682;0.9999588067123546;0.9999827726614877;0.999954155745642;0.9999432073869686;0.9998790409751563;0.9999989704300156;0.999959580067276;1.0;1.0002435234564715;0.9999054324872406;1.0;0.9999133584906186;0.9999999999999999;0.9998626702390895;1.0;0.9996503837789172;1.0;0.9997956326272063;1.0;0.9990870527097221;0.998898109200603;0.998736112020473;1.0;0.9999946308927731;0.9998898030896395;0.9999551608392109;0.9998024943472992;1.024999976158142;
2016-09-19 16:15:00;0.9999143306844039;1.0;0.999974045538565;0.9999220617185142;0.9999893266777978;0.999929258272667;1.000167616826166;0.9999511773892226;0.9999822276292595;0.9999550556995734;1.0;0.9998109680361208;0.9998509755078657;0.9999397242656703;0.9999999999999999;0.9999706276553081;0.9999675350146744;0.9999860511743837;0.9999681080516352;0.9999573732650858;0.9999117510285347;0.9999983416553355;0.9999681183725952;1.0;1.000235755147163;0.9999298618089575;1.0;0.9999383524935687;1.0;0.9998626058469691;1.0;0.9996495125196594;0.9999999999999999;0.999795635104937;1.0;0.9990844142900087;0.9988920163466432;0.9987252178453857;0.9999999999999999;0.9999961331631314;0.9999188110104696;0.9999665992281687;0.9998312006121739;1.024999976158142;
2016-09-19 16:30:00;0.9999044933757106;1.0;0.9999705669529865;0.9999122839515485;0.9999912123488444;0.9999204819310873;1.000167710386418;0.9999441412839443;0.9999832976703166;0.9999475501865489;1.0;0.9997969857003337;0.9998401582724467;0.9999289064841499;1.0;0.999965226097337;0.9999617624169006;0.999988629491466;0.9999640211654995;0.999955112423674;0.9999062509822271;0.9999991968774682;0.999962491876724;1.0;1.0002358660923774;0.9999255696904982;1.0;0.9999294876501492;1.0;0.9998550513198494;0.9999999999999999;0.9996908684298087;1.0;0.9998044693578955;0.9999999999999999;0.9992031374355754;0.9990684573324896;0.9989793971244543;1.0;0.9999960921801151;0.9999145437481054;0.999964261341465;0.9998178711808562;1.024999976158142;
2016-09-19 16:45:00;0.9998513826747063;1.0;0.9999598196864273;0.9998681449261706;0.9999803737973262;0.999882821301955;1.0001708727761032;0.9999231163935305;0.9999736563662991;0.999925072833123;1.0;0.9997657051846435;0.9998085122192171;0.9999037475537363;1.0;0.9999507533913998;0.9999456366377979;0.999972843884176;0.9999447248119432;0.9999279087961279;0.9998399004759456;0.9999989446595932;0.999946453809411;0.9999999999999999;1.0002413058837842;0.9998743493825695;1.0;0.9998984751526742;0.9999999999999999;0.9998545381041539;1.0;0.9997189459152309;1.0;0.9998247339760316;1.0;0.999273832379902;0.9991808090184364;0.9991473893087612;1.0;0.9999933596882522;0.9998522298626753;0.9999472907289683;0.9997869485038958;1.024999976158142;
2016-09-19 17:00:00;0.9998756866012796;1.0;0.9999641300030796;0.9998882628725388;0.9999855581266976;0.9998997311124991;1.0001703256853873;0.9999328132139661;0.9999780723091585;0.9999346674694469;1.0;0.9997721342940258;0.9998171621708096;0.9999144523358301;1.0;0.9999583895960529;0.9999540663553251;0.9999804839231989;0.999953309540845;0.9999405458225012;0.9998712413107191;0.9999990293457008;0.9999548471047557;0.9999999999999999;1.000240012389461;0.9998987518135274;1.0;0.9999121441096449;1.0;0.9998537663558489;1.0;0.9997133609878784;1.0;0.9998087530935007;1.0;0.9992681305050702;0.9991761748163888;0.9991472108202247;1.0;0.9999945594356469;0.999881877085669;0.9999547150739795;0.999794123219465;1.024999976158142;
2016-09-19 17:15:00;0.9998274749287414;0.9999999999999999;0.9999478935214398;0.9998443485091159;0.9999818610279751;0.9998594367779066;1.0001767208944445;0.9999066742284604;0.9999704931933447;0.9999060944095899;1.0;0.9997613434709932;0.9998040555858121;0.9998772102881645;1.0;0.9999453718428716;0.9999395101483057;0.9999758874903967;0.9999341871121478;0.9999189223507254;0.9998262824290548;0.9999988757178078;0.9999406322684872;1.0;1.0002492112325012;0.9998640892521753;0.9999999999999999;0.9998755972219578;0.9999999999999999;0.9998379401112872;1.0;0.9997233838392282;1.0;0.9998182904641478;1.0;0.9992919743125998;0.9992126450181573;0.9991863127261059;1.0;0.999992437594616;0.9998417253328455;0.9999363794895512;0.9997799853028232;1.024999976158142;
2016-09-19 17:30:00;0.9998972283846416;1.0;0.9999692231893522;0.9999045856596961;0.9999914316874063;0.9999138562861455;1.0001663812517532;0.9999367211665284;0.9999823430702909;0.9999442921681926;1.0;0.9998734887779829;0.9998969607531282;0.9999225197628356;1.0;0.999957046497923;0.9999530914147511;0.9999888915399572;0.9999619829957883;0.9999517555505549;0.9998994169200511;0.9999992757526911;0.99995395304799;1.0;1.000234184169535;0.9999189919079494;0.9999999999999999;0.9999238113176919;1.0;0.9998521420563783;1.0;0.9997338733082282;0.9999999999999999;0.9997979673269541;1.0;0.9993374132531843;0.9992864461373715;0.9992618583575377;1.0;0.9999961677728683;0.9999078831631737;0.9999622455572409;0.9998836051637499;1.024999976158142;
2016-09-19 17:45:00;0.9998115720354711;1.0;0.9999483383937144;0.9998140961935935;0.9999909081921636;0.9998332754865209;1.0001759551727616;0.9998512467562419;0.9999648645954685;0.9999037119187016;1.0;0.9998829295967467;0.999905145824225;0.9998459721855234;1.0;0.9998726586902799;0.9998632295657325;0.9999890253300892;0.999936706030546;0.9999087232703829;0.999819962180624;0.9999978195005439;0.9998655761862458;0.9999999999999999;1.0002492778840129;0.9998435575390289;0.9999999999999999;0.9998547353534998;1.0;0.9998596528212476;0.9999999999999999;0.9997463468827165;0.9999999999999999;0.9998079459702764;1.0;0.9993680409114483;0.9993190448079959;0.9992940436902508;1.0;0.9999960036725323;0.9998311337962171;0.9999320698265949;0.9998923234862014;1.024999976158142;
2016-09-19 18:00:00;0.9998794163638799;1.0;0.9999647344130882;0.9998834552601624;0.9999921958518904;0.999894708420969;1.000172029213543;0.9999122309009659;0.9999769352675363;0.9999366057627174;1.0;0.9998843369075805;0.9999070798578427;0.9999035607474067;1.0;0.9999313887500135;0.9999258909011423;0.9999904678183384;0.9999578942511165;0.9999416016774381;0.9998843584579612;0.9999983289178269;0.9999272150311008;1.0;1.0002425306575993;0.9999022733098777;1.0;0.9999077774773976;1.0;0.9998492668851615;1.0;0.9997436487455605;1.0;0.9997929810916131;1.0;0.9993704566161667;0.9993206108381311;0.999297196499421;1.0;0.9999965542924912;0.999892602840512;0.9999549138417373;0.9998943840536744;1.024999976158142;
2016-09-19 18:15:00;0.9999025384644322;1.0;0.9999722437934975;0.9999050572809624;0.9999928715629447;0.999914323736824;1.000168770932581;0.9999262746488295;0.9999795798197265;0.9999505761073579;0.9999999999999999;0.99992105629879;0.9999363229044695;0.999922694683246;0.9999999999999999;0.999940307455991;0.9999356386236422;0.9999912446447489;0.9999669002179529;0.9999512382883377;0.9999047349016038;0.9999980553252941;0.9999367519161857;1.0;1.0002378332103334;0.9999183361537753;1.0;0.9999257894397867;0.9999999999999999;0.9998422725921988;1.0;0.9997586427431763;0.9999999999999999;0.999776005203858;1.0;0.9994276273114301;0.9993869080789669;0.9993631112880231;1.0;0.9999973341088373;0.9999107327225113;0.9999629799749038;0.9999281335501156;1.024999976158142;
2016-09-19 18:30:00;0.9999031284144803;0.9999999999999999;0.9999725141955791;0.9999057614674858;0.9999918507310178;0.9999148676584936;1.0001627360801586;0.9999268206786488;0.9999784162693834;0.9999517059555718;1.0;0.9999240959668098;0.9999385317762671;0.9999243091445156;1.0;0.9999410437015207;0.9999363877352334;0.9999899097288686;0.9999673027937483;0.9999504884301383;0.9999038113021146;0.9999976267191203;0.9999374756233617;1.0;1.0002294086204586;0.9999174756486826;1.0;0.9999267122430927;1.0;0.9998275563646258;1.0;0.9997687035101303;1.0;0.9998155662472229;0.9999999999999999;0.9994306950484566;0.9993927965516913;0.9993721734999035;1.0;0.9999972260916394;0.9999095801208384;0.9999625285963334;0.9999310552723892;1.024999976158142;
2016-09-19 18:45:00;0.9999091851233953;1.0;0.9999745468421593;0.9999136386331652;0.9999908858025729;0.9999222483415077;1.000160925646272;0.9999367752177467;0.9999803362779994;0.9999549044837411;1.0;0.9999327947106579;0.9999437596089327;0.9999324393943688;1.0;0.9999510890377984;0.9999470244454772;0.9999882584045652;0.99996865926519;0.9999538083785494;0.9999074047528684;0.999998008195128;0.9999479087524009;1.0;1.000226766716472;0.9999223178009315;0.9999999999999999;0.9999331302938171;1.0;0.9998291797315759;1.0;0.9997882626847346;0.9999999999999999;0.9998133778011831;1.0;0.9994912188969894;0.9994677207815037;0.9994582051400911;1.0;0.9999969842793046;0.9999132767152913;0.9999653432953086;0.9999379043429422;1.024999976158142;
2016-09-19 19:00:00;0.9999270148614933;1.0;0.9999782781006566;0.9999319507996465;0.9999917273542336;0.9999382674004748;1.00015871824087;0.9999535016822978;0.9999840974227849;0.9999624963487361;1.0;0.9999367385441115;0.9999468054423378;0.9999467121376794;1.0;0.9999682159244886;0.999965265973744;0.9999893726817907;0.9999737719007664;0.9999630792941849;0.999925607087349;0.9999983182013159;0.9999658763837574;1.0;1.000223258410499;0.9999392090292637;1.0;0.9999465272807755;1.0;0.9998242001751525;0.9999999999999999;0.999790209353116;1.0;0.9998198514331631;0.9999999999999999;0.9994927047463243;0.999472427408697;0.99946408621538;1.0;0.9999970932879575;0.9999309991636712;0.9999713520769338;0.9999411160081207;1.024999976158142;
2016-09-19 19:15:00;0.999939853816208;1.0;0.9999821834239353;0.9999437224497114;0.9999927950318437;0.999948894682013;1.000153728426456;0.9999609289960664;0.9999861521526847;0.9999695972848022;1.0;0.9999457235474181;0.9999547446775826;0.9999562955436311;1.0;0.999972913943653;0.9999704249047651;0.999990771227867;0.9999786246074898;0.9999689773180488;0.9999381270841665;0.9999983538510248;0.9999709373467365;1.0;1.0002161497738442;0.9999491197098022;0.9999999999999999;0.999955993387788;1.0;0.9998418583988327;1.0;0.999788924629141;1.0;0.9998209261074221;1.0;0.9994877382787187;0.999466789976903;0.9994568617350675;1.0;0.9999976008244127;0.9999423839847184;0.9999760151366855;0.999949927458656;1.024999976158142;
2016-09-19 19:30:00;0.9999328300383864;1.0;0.9999800171103528;0.9999374300945758;0.999991380952072;0.9999431064716187;1.0001512670002517;0.9999570903980833;0.9999840206826579;0.9999662569029718;1.0;0.9999448643190944;0.9999533104317817;0.9999518964286067;1.0;0.9999709652013783;0.9999682260674346;0.9999889374642151;0.9999760788426869;0.9999649626884558;0.9999302075731458;0.9999979889268555;0.9999687748303553;1.0;1.0002127826887814;0.9999427987000647;1.0;0.9999511514576244;1.0;0.9998366371950942;1.0;0.9997912423310982;1.0;0.9998072016935396;1.0;0.9995044226785372;0.9994854026567164;0.9994766804080787;0.9999999999999999;0.9999972057268124;0.9999349784607584;0.9999728761035676;0.9999487523317112;1.024999976158142;
2016-09-19 19:45:00;0.9999386405913856;1.0;0.9999817469070101;0.9999427897765849;0.9999925201153417;0.9999480308052318;1.0001468328221252;0.9999607565753419;0.9999858892343196;0.9999689050166516;1.0;0.9999498382510819;0.9999575357956908;0.9999556710480665;1.0;0.9999732747600751;0.999970776121837;0.999990401479178;0.9999780894544658;0.9999683785993188;0.9999367584135258;0.9999983302080073;0.9999712844367571;0.9999999999999999;1.000206486286269;0.9999481987907455;0.9999999999999999;0.9999552253984277;1.0;0.9998473104306144;1.0;0.9997771734003278;1.0;0.9998039521768888;1.0;0.99946407167793;0.9994458867429092;0.9994363713093725;1.0;0.9999974993747658;0.9999411785713244;0.9999755000835138;0.9999532696714731;1.024999976158142;
2016-09-19 20:00:00;0.9999252765651389;1.0;0.9999780598580327;0.9999316088524722;0.9999890751940889;0.9999379302428137;1.0001455748874881;0.999955445246971;0.999982007001612;0.9999629607312409;1.0;0.9999446302355872;0.9999515538148395;0.9999490360213378;1.0;0.9999715003434964;0.9999686191096537;0.999985729224872;0.9999730711926978;0.9999606811859931;0.9999202146026004;0.9999977097873569;0.9999691419534352;0.9999999999999999;1.000204906917972;0.9999355134397218;1.0;0.9999469565902362;0.9999999999999999;0.9998427545269803;1.0;0.9997981429349506;1.0;0.9998325226584;1.0;0.9995075156982491;0.9994905687753326;0.9994814338638585;1.0;0.9999966035711668;0.9999256935597468;0.9999698415706185;0.9999477628493788;1.024999976158142;
2016-09-19 20:15:00;0.9998677441510195;1.0;0.9999658062619647;0.9998789841233541;0.999983823017097;0.9998926797989346;1.0001505435621743;0.9999202238807209;0.9999744030475216;0.9999360625996988;1.0;0.9999206232844577;0.999928231093683;0.9999110441010195;1.0;0.9999396920401454;0.9999343675286732;0.999977809646673;0.9999532509484998;0.9999339521647774;0.9998578739093736;0.9999983374888867;0.9999353456467578;1.0;1.0002129273300453;0.9998843962445789;1.0;0.9999081201587272;1.0;0.9998572787348737;1.0;0.9998105747980344;1.0;0.9998080405568708;1.0;0.9995617992434618;0.9995449009756524;0.9995361782077885;1.0;0.9999949854314651;0.9998671887472684;0.9999528061431492;0.9999238407079759;1.024999976158142;
2016-09-19 20:30:00;0.9998019147502719;0.9999999999999999;0.9999519260457421;0.9998089953639736;0.9999857206108135;0.9998315688734063;1.0001589098554253;0.999852878236641;0.999964526511007;0.999905256044112;1.0;0.999928054571445;0.9999350615060809;0.9998515613837955;1.0;0.9998684932602915;0.9998587919074614;0.999980467212833;0.9999343189064084;0.9999030794203654;0.9997975265636475;0.9999985422159559;0.9998609737962484;1.0;1.0002261019726684;0.999826395033537;1.0;0.9998554237843674;1.0;0.9998445083769212;1.0;0.9998262252077702;0.9999999999999999;0.9998390830585695;1.0;0.9995876297340716;0.9995713893034158;0.9995618726750055;1.0;0.9999954776091163;0.9998087345460597;0.9999328746262075;0.9999308712435644;1.024999976158142;
2016-09-19 20:45:00;0.9998378550763232;1.0;0.9999587297616316;0.9998400235607343;0.999991183093289;0.999857853022149;1.0001536661274482;0.9998702010400871;0.9999696687424737;0.9999209066769585;0.9999999999999999;0.9999429266929584;0.9999509161851203;0.9998709626784406;1.0;0.9998832874315032;0.9998748901490297;0.9999886707030913;0.9999470725284372;0.9999204449671195;0.9998403597098678;0.9999982290537518;0.9998769214194628;1.0;1.0002180344663083;0.999860265092599;1.0;0.9998774577710114;1.0;0.9998497482363375;1.0;0.9998208220358414;1.0;0.9998665533287592;0.9999999999999999;0.9995522908550796;0.9995356605812347;0.9995269378940091;1.0;0.9999968855863594;0.999849019907662;0.9999432874200654;0.9999460593014133;1.024999976158142;
2016-09-19 21:00:00;0.999891474151311;1.0;0.999969716331769;0.9998956701002085;0.999990371330051;0.9999061007384473;1.0001483920969576;0.9999214223700306;0.9999768987716552;0.9999459115040248;1.0;0.9999460763746776;0.9999532282726424;0.9999172357415804;0.9999999999999999;0.9999373421666532;0.9999323094678357;0.9999877408056448;0.9999629148866992;0.9999451432885232;0.9998909428787974;0.9999977496900339;0.9999334480475887;1.0;1.000209470104833;0.9999075392089622;1.0;0.999919087740622;1.0;0.9998374756702817;1.0;0.9998249852580999;1.0;0.9998707954725935;1.0;0.9995620924812788;0.9995468181181684;0.9995384763040165;1.0;0.9999967239234234;0.9998977191912161;0.9999588989759436;0.9999488737463259;1.024999976158142;
2016-09-19 21:15:00;0.9998968356571103;0.9999999999999999;0.9999714388405598;0.9999023665433284;0.9999891349995392;0.99991224718226;1.0001454523017574;0.9999293407290607;0.9999776712115634;0.9999491639027014;1.0;0.999943818264905;0.9999507133902867;0.999924456430119;0.9999999999999999;0.9999454505520069;0.9999408825555292;0.9999858626246104;0.9999643486605512;0.9999473921521288;0.9998937204472935;0.9999977586689016;0.9999418539772679;1.0;1.0002052776611075;0.9999111407600408;1.0;0.999924684711907;1.0;0.999854587523581;1.0;0.9998242345638988;1.0;0.9998565542083421;0.9999999999999999;0.9995694321879272;0.9995523617604406;0.9995420516981144;1.0;0.9999964991519557;0.9999004063852494;0.9999608218598978;0.9999467043350898;1.024999976158142;
2016-09-19 21:30:00;0.9998931963003039;1.0;0.9999706088498526;0.9998980292084061;0.9999896705117189;0.9999084093149209;1.0001449526236321;0.9999243524916049;0.9999771168891559;0.9999473778271973;1.0;0.9999450940538528;0.9999520892994429;0.9999203001545206;1.0;0.9999399502734838;0.9999350700537974;0.999986649361046;0.999963462148565;0.999945729719664;0.999891054082939;0.9999977602430425;0.9999361411639086;0.9999999999999999;1.0002046618743683;0.9999080994002578;1.0;0.9999213308777964;1.0;0.999854318769406;0.9999999999999999;0.9998310845699291;1.0;0.9998630248516177;1.0;0.9995856095112061;0.9995693577803276;0.9995602221487561;1.0;0.9999966339044003;0.9998977475982307;0.999959688860435;0.9999480069266156;1.024999976158142;
2016-09-19 21:45:00;0.9998791616411334;1.0;0.9999669783893267;0.9998887218693662;0.9999855776470606;0.9999004537086186;1.000144429019068;0.9999258044400613;0.9999755254157298;0.999940187660322;1.0;0.9999269166807669;0.9999344727788253;0.9999162374025057;1.0;0.9999461408380983;0.9999412832531542;0.9999806582683184;0.9999569828298169;0.9999393621008197;0.9998725786281133;0.9999980108395226;0.9999422153303106;1.0;1.00020403239893;0.9998962534242248;0.9999999999999999;0.9999143850845704;0.9999999999999999;0.9998569605618008;1.0;0.999843634516044;1.0;0.999862753526647;1.0;0.9996235713294683;0.9996064999774055;0.999596189356661;1.0;0.9999953162478273;0.9998812696713449;0.9999552615207089;0.9999298027021697;1.024999976158142;
2016-09-19 22:00:00;0.9998824065643817;1.0;0.9999681314164797;0.9998905073641294;0.9999864507757253;0.9999020304570205;1.0001428111490955;0.9999242052586392;0.9999754418468928;0.9999424276595673;1.0;0.9999342850380023;0.9999412043867182;0.9999171600400617;1.0;0.9999427138389944;0.9999377549272657;0.9999819542029382;0.9999588321162884;0.9999404160008895;0.9998764477992903;0.9999978106361384;0.9999387432851001;1.0;1.0002017954855278;0.9998981584570684;0.9999999999999999;0.9999160063007984;1.0;0.9998602008888879;0.9999999999999999;0.9998540608354513;1.0;0.9998778700430734;0.9999999999999999;0.9996445768405676;0.9996289235791206;0.9996202000780132;1.0;0.999995710498956;0.9998844300013116;0.9999562154922328;0.9999371091752743;1.024999976158142;
2016-09-19 22:15:00;0.9998782654317936;1.0;0.9999676885952483;0.9998868396483009;0.9999860596969962;0.999899087190895;1.0001445445558808;0.9999218849754083;0.9999752099930581;0.999940794718203;1.0;0.9999317833029897;0.9999388824659281;0.9999149302298032;1.0;0.9999399894851575;0.9999348479619036;0.9999812597799731;0.9999574809960329;0.9999386017230842;0.9998714660915283;0.9999979827256368;0.9999358630534431;1.0;1.0002043380640622;0.9998940697766121;1.0;0.9999135571748724;1.0;0.9998685150231674;1.0;0.9998361310828888;1.0;0.9998673072745058;0.9999999999999999;0.9995976971145365;0.9995812068414291;0.9995720711015622;1.0;0.9999956356102561;0.999879676249781;0.9999554110971689;0.9999347713303425;1.024999976158142;
2016-09-19 22:30:00;0.9999061969830262;1.0;0.9999740979400278;0.9999120335618189;0.9999892063974719;0.9999209718785494;1.0001410641806547;0.9999379010216386;0.9999794749762474;0.9999540311866499;1.0;0.9999450304249405;0.9999516805559592;0.9999329188153306;1.0;0.999953168211202;0.9999491323358868;0.9999858313425912;0.9999673471154554;0.9999519178620115;0.9999020435152524;0.9999978937626526;0.9999499566744827;1.0;1.0001989922189565;0.9999187534512103;1.0;0.9999323214070747;1.0;0.9998708202604578;0.9999999999999999;0.9998391646602194;1.0;0.9998782371928354;0.9999999999999999;0.9995992908113878;0.9995830388580725;0.999573903101462;1.0;0.9999966035434299;0.9999082598764316;0.999964273768717;0.999947943297518;1.024999976158142;
2016-09-19 22:45:00;0.9998593557871153;0.9999999999999999;0.9999629859557535;0.9998645919299131;0.9999886497906799;0.9998792233890386;1.0001475556148631;0.9998970078382627;0.9999722515139572;0.999931082988704;1.0;0.9999382412520187;0.999945677337567;0.9998934658368573;1.0;0.999913428362083;0.9999067475125281;0.9999851337719795;0.9999525607799065;0.9999299909107382;0.9998577397367222;0.9999979440413136;0.9999082572513563;0.9999999999999999;1.0002089428167462;0.9998787772168698;1.0;0.9998960695828434;1.0;0.9998685052690287;1.0;0.999840086495189;1.0;0.9998727025990858;1.0;0.9996059015582828;0.999589966923166;0.999581243762023;1.0;0.9999962222989368;0.9998661735303435;0.9999492463157876;0.9999411541048191;1.024999976158142;
2016-09-19 23:00:00;0.9998679467461492;1.0;0.9999647089242767;0.9998711630833135;0.9999901530951855;0.9998846760835114;1.0001434099808693;0.9998985993128411;0.9999727257800226;0.9999353097944201;0.9999999999999999;0.9999458198647043;0.9999531256070943;0.9998972082074413;1.0;0.9999137113377629;0.9999071795136338;0.9999874767050274;0.9999561060158908;0.9999335792580735;0.9998682009731504;0.999997604397396;0.9999087089470425;0.9999999999999999;1.0002030102515573;0.9998861742026282;1.0;0.9999008491285155;0.9999999999999999;0.9998662254025088;1.0;0.999876479349011;1.0;0.9998929235191658;1.0;0.9997017037767965;0.9996849186982727;0.999675400988982;1.0;0.9999967188026806;0.9998756819968916;0.9999513756438669;0.9999488079340014;1.024999976158142;
2016-09-19 23:15:00;0.9998834161813183;1.0;0.9999670437911047;0.9998861540202872;0.999990960697638;0.9998972491610384;1.0001380030763762;0.9999107602172513;0.9999745934728613;0.9999416721590366;0.9999999999999999;0.9999478849379697;0.9999554279948114;0.9999079261520198;1.0;0.9999271738322962;0.9999215031049093;0.999988880322938;0.9999607739695218;0.9999408506088221;0.9998851294583042;0.9999973447310453;0.9999228479779695;1.0;1.0001950306685108;0.9999010858162523;1.0;0.9999113843999987;1.0;0.9998805104373857;1.0;0.999886059870044;0.9999999999999999;0.9998914221762093;1.0;0.9997314447769826;0.9997152343119686;0.9997060973471489;1.0;0.9999968295028624;0.9998920213734022;0.9999553046668216;0.99995078430803;1.024999976158142;
2016-09-19 23:30:00;0.9998654564982616;1.0;0.9999639809521996;0.9998732221436188;0.999986265036877;0.9998867443550682;1.000140426836027;0.9999091181886011;0.9999726569007631;0.9999340761936406;1.0;0.9999307548936333;0.9999383228010107;0.9999026536058107;0.9999999999999999;0.9999281980376377;0.9999222701200364;0.9999817684649253;0.9999535041591652;0.9999323901581216;0.999860586500874;0.9999977601694162;0.999923513203257;1.0;1.0001987554189886;0.9998837504349329;0.9999999999999999;0.999902734966753;1.0;0.9998731002651837;1.0;0.9998909153146263;1.0;0.9998972024001666;1.0;0.9997421765057823;0.9997252990913467;0.9997157809976063;1.0;0.9999955734406029;0.9998693530597077;0.9999506063047858;0.9999337719615472;1.024999976158142;
2016-09-19 23:45:00;0.9998841923177508;1.0;0.9999694804531127;0.9998882978037643;0.9999900049165599;0.9999002431701084;1.000138127979611;0.9999143350853321;0.9999759806773088;0.9999439235849823;1.0;0.9999479569774189;0.9999545613658262;0.9999126051269287;1.0;0.9999279226375487;0.9999223570834284;0.9999869837648768;0.9999612561725317;0.9999414540085936;0.9998820806036133;0.999997893772869;0.9999236083492811;1.0;1.0001953810081399;0.9998991755460633;1.0;0.9999145238165876;1.0;0.9998896360601279;1.0;0.9998723053675699;1.0;0.9998963586269217;1.0;0.999686501940655;0.9996705660206942;0.999661842156184;1.0;0.9999968395740011;0.9998887996773194;0.999957518485372;0.9999508698585214;1.024999976158142;
2016-09-20 00:00:00;0.99987899969366;1.0;0.9999683368140505;0.9998843971263466;0.9999892253541313;0.9998970070672548;1.0001387527339947;0.9999136196598435;0.9999759278183793;0.9999411495557164;1.0;0.9999426274417172;0.9999494323390852;0.9999101943284149;1.0;0.9999281307978891;0.9999224968824936;0.9999857368546149;0.999959021021477;0.9999394955137928;0.9998760325874377;0.9999981786899887;0.999923733353418;1.0;1.0001963137162395;0.9998950572755861;1.0;0.9999115811986755;0.9999999999999999;0.9998885784328622;1.0;0.9998748733728907;1.0;0.9999060092859102;1.0;0.9996876514017892;0.9996716178651933;0.9996624812990088;0.9999999999999999;0.9999965279817817;0.9998834048007118;0.9999563088953177;0.9999454709537182;1.024999976158142;
2016-09-20 00:15:00;0.9999186954545577;1.0;0.9999752979332812;0.999923653217645;0.9999910821548796;0.9999304569029029;1.000135026250259;0.9999469274146816;0.9999818155481095;0.9999578541912371;1.0;0.9999429832345145;0.9999511135344983;0.9999394639596331;1.0;0.9999638429642274;0.9999605058668971;0.9999887350685541;0.9999708155467835;0.9999586822466664;0.9999181036117715;0.9999979335629186;0.9999612185834894;1.0;1.0001901135573081;0.9999327399746893;1.0;0.9999396775690441;1.0;0.9998767763508292;1.0;0.9998826008629137;1.0;0.9999198529782909;1.0;0.9997015084485004;0.9996855483893783;0.99967761811678;1.0;0.9999968067967874;0.9999240591617798;0.9999675397488782;0.9999460964917614;1.024999976158142;
2016-09-20 00:30:00;0.9999366494092855;1.0;0.9999805754912767;0.9999409231749389;0.9999911642907834;0.999945910512838;1.0001290985724545;0.9999593764207491;0.9999836368931428;0.9999682476864552;1.0;0.9999531362883651;0.999959802288273;0.9999546855930036;1.0;0.9999736502369194;0.9999710728562788;0.999988798883262;0.9999774257847033;0.9999661145038746;0.9999338920425337;0.9999976268976134;0.9999715845723546;1.0;1.0001816374912733;0.999945777309426;1.0;0.9999537356259671;0.9999999999999999;0.9998889210585673;1.0;0.9998891079872322;1.0;0.9999135411087668;1.0;0.9997253154222039;0.9997086468190752;0.9996995099144621;1.0;0.9999972141948408;0.9999383463178392;0.999973356676936;0.9999561802229194;1.024999976158142;
2016-09-20 00:45:00;0.9999391572806883;1.0;0.9999832738228823;0.9999447971505686;0.999990786481967;0.9999504504277005;1.0001248219483578;0.999964558956112;0.9999859661472795;0.9999708270112292;0.9999999999999999;0.9999529955753337;0.9999588125664992;0.9999601829088569;1.0;0.9999759896454421;0.9999736366735098;0.9999876657757483;0.9999783111631018;0.9999681075090314;0.9999333544737675;0.999998407511621;0.9999740364369076;1.0;1.0001757558717623;0.999946192474861;1.0;0.9999579481695775;1.0;0.9999070341562615;0.9999999999999999;0.9999012122342761;1.0;0.9999267275642175;1.0;0.9997525804199767;0.9997369365528151;0.9997285931520118;1.0;0.999997284017488;0.9999376925827683;0.999976433519227;0.9999559084711139;1.024999976158142;
2016-09-20 01:00:00;0.9999515205882448;1.0;0.9999871191667835;0.9999566289587289;0.9999921570132347;0.9999613034680974;1.0001238225892901;0.9999732652626733;0.9999890770415205;0.9999771547717612;1.0;0.9999583666991625;0.9999636288804665;0.9999696569621611;1.0;0.9999820889991531;0.9999802797565825;0.999989339679634;0.999982643137263;0.9999746194582518;0.9999457164581641;0.9999988452452019;0.9999805578489868;1.0;1.0001742136894776;0.9999565589788639;1.0;0.9999673001656341;1.0;0.999908262948259;1.0;0.9998964644691767;0.9999999999999999;0.9999174087613689;1.0;0.999744641047752;0.9997285518754739;0.9997190337507645;1.0;0.9999977502036911;0.9999492286981045;0.9999816101511915;0.9999611350607507;1.024999976158142;
2016-09-20 01:15:00;0.9999492379470132;0.9999999999999999;0.9999856209134115;0.999953509761185;0.9999924456383767;0.9999580273054008;1.0001207320669105;0.9999693379712915;0.9999877718326363;0.9999754452495323;1.0;0.9999576093632764;0.9999635985757922;0.9999658858155022;0.9999999999999999;0.9999793194232397;0.999977309213143;0.9999900372496907;0.9999819646218706;0.9999731404113997;0.9999450745680206;0.9999984684163127;0.9999776688116853;1.0;1.0001698589579084;0.9999553684794225;1.0;0.9999643421354011;1.0;0.9999395958233517;1.0;0.999892299153475;0.9999999999999999;0.9999211254601569;0.9999999999999999;0.9997293181239263;0.9997133445879699;0.9997050013840555;1.0;0.9999977522907855;0.999948632161806;0.9999798118250788;0.9999606265122176;1.024999976158142;
2016-09-20 01:30:00;0.9999539343713798;1.0;0.9999871514939425;0.9999576334389917;0.9999938238087605;0.9999619117229113;1.000122636314664;0.9999717510693458;0.9999897132513228;0.9999774785112543;1.0;0.9999590955387524;0.9999652986350939;0.9999684572285835;1.0;0.9999801446632021;0.9999782952039105;0.9999918091751606;0.9999836526418461;0.9999762152093504;0.9999508411810303;0.9999988987718721;0.9999786401494101;0.9999999999999999;1.0001724699076382;0.9999599574946352;1.0;0.9999674561542197;1.0;0.9999351552200622;1.0;0.9998785573669483;1.0;0.9999165900304464;1.0;0.9996910411474071;0.9996740800293931;0.9996645624232943;1.0;0.9999980895489871;0.9999540912032627;0.9999822572200839;0.9999621394914473;1.024999976158142;
2016-09-20 01:45:00;0.9999589335967268;1.0;0.9999882051281982;0.9999618731831749;0.9999946671391077;0.9999655368391638;1.0001186402152489;0.9999739416604619;0.9999904848551074;0.9999797183506453;1.0;0.999963136902046;0.9999690370819648;0.999971113203117;1.0;0.9999817659892467;0.999980081059666;0.9999930493904752;0.9999854759828931;0.9999786489499053;0.9999567942888984;0.9999988779604783;0.9999804105788722;1.0;1.000166779833013;0.9999645770516484;1.0;0.9999705082131963;1.0;0.9999569002492078;1.0;0.9998826918967912;1.0;0.9999180326825535;0.9999999999999999;0.9997023727180465;0.9996862472924136;0.9996771105925225;0.9999999999999999;0.9999983221399912;0.9999596547148775;0.9999837982280487;0.9999660095169476;1.024999976158142;
2016-09-20 02:00:00;0.9999649991785399;1.0;0.9999899084837854;0.9999677871615956;0.9999948678691635;0.9999708269544858;1.0001165688128426;0.9999784811982032;0.9999914105373376;0.9999829605435602;1.0;0.9999641490054632;0.9999701120384917;0.9999761169673217;1.0;0.9999855535983053;0.9999841533371114;0.9999932915344178;0.9999875819547421;0.9999814197633317;0.99996243123215;0.9999988779875468;0.9999844109236312;1.0;1.0001637999350272;0.9999693808291642;0.9999999999999999;0.9999751897506393;1.0;0.9999598486839616;1.0;0.9998883401333998;1.0;0.9999240588071747;1.0;0.9997152478262998;0.9996991463098491;0.9996908032244277;1.0;0.9999984570470738;0.9999648754202684;0.9999858918616501;0.9999672064846031;1.024999976158142;
2016-09-20 02:15:00;0.9999689078287289;1.0;0.9999913752273157;0.9999716501382292;0.9999951640993361;0.9999744790973517;1.0001151679736044;0.9999814680902639;0.9999924624688951;0.999985206636938;1.0;0.9999677697366604;0.9999729765028403;0.9999795593821856;1.0;0.9999873997509604;0.9999861721627479;0.9999935754355684;0.9999889979946405;0.9999834484602622;0.9999658857560145;0.999999051574455;0.9999863834902384;1.0;1.000161815755808;0.9999723076291991;1.0;0.9999784200521628;1.0;0.999962184663178;0.9999999999999999;0.9999003954994783;1.0;0.9999260633731477;0.9999999999999999;0.9997502084870364;0.9997347298011592;0.9997260053767084;1.0;0.999998605466997;0.9999680336655513;0.9999877053763243;0.9999705381242807;1.024999976158142;
2016-09-20 02:30:00;0.9999591308065482;1.0;0.9999882250367812;0.9999620639530631;0.9999940643662967;0.9999656005479832;1.000115695890472;0.9999739412123251;0.9999896465241155;0.9999802690246442;1.0;0.9999633686828685;0.9999692335481027;0.9999717777067637;1.0;0.9999820060321232;0.9999803129104037;0.999992294943462;0.9999856742407354;0.9999780665657033;0.99995622404807;0.9999985737193816;0.999980633949123;1.0;1.0001626694604229;0.9999639921052794;1.0;0.9999708278086418;0.9999999999999999;0.9999623845393133;1.0;0.9999023792682985;1.0;0.9999321911319095;1.0;0.9997519934183464;0.9997359349478685;0.999727591555424;1.0;0.9999982539017851;0.9999589492154474;0.999983350311057;0.999966412648571;1.024999976158142;
2016-09-20 02:45:00;0.9999463506777576;1.0;0.9999850610310285;0.9999505714113561;0.9999929883454742;0.9999555833158666;1.0001181782832642;0.9999668694240211;0.9999881740884665;0.9999737072357264;1.0;0.9999559716732547;0.9999623286018708;0.9999630427613254;0.9999999999999999;0.9999764956063558;0.9999743288839005;0.9999907009852257;0.9999809792290146;0.99997241591999;0.9999429621476166;0.9999987695859363;0.999974738113452;0.9999999999999999;1.000166325679124;0.9999534816567299;1.0;0.9999620041603874;1.0;0.9999654074101837;1.0;0.9998870743831365;1.0;0.999919373027108;1.0;0.9997146194837323;0.9996976579656793;0.9996881401351019;1.0;0.9999978121434184;0.9999467432844623;0.9999794369592419;0.9999590156164402;1.024999976158142;
2016-09-20 03:00:00;0.9999710591327503;1.0;0.9999916383847909;0.9999731256433322;0.9999964987024345;0.9999757245627803;1.0001151793885092;0.9999816881179067;0.9999936428785218;0.9999854654010184;1.0;0.9999666749362153;0.9999727311641103;0.9999793585211779;0.9999999999999999;0.9999871848248902;0.9999860069598959;0.9999954371507778;0.9999896918859024;0.9999852409772942;0.9999699454307958;0.999999324584672;0.9999862421739464;1.0;1.000161757337552;0.9999754286602404;1.0;0.9999791004733856;1.0;0.9999701030321945;1.0;0.9998858874018703;0.9999999999999999;0.9999260712575483;1.0;0.9997064405548147;0.9996909386464022;0.9996830083310443;1.0;0.9999988389415347;0.9999720269835731;0.9999887496779648;0.9999696437159982;1.024999976158142;
2016-09-20 03:15:00;0.9999571275196687;1.0;0.999988173130625;0.9999606234723882;0.9999941013263077;0.9999646469066898;1.0001172117946604;0.9999737515544984;0.9999903281637212;0.999979257620728;0.9999999999999999;0.9999605379602258;0.9999666468823287;0.9999709358229829;1.0;0.9999814025707211;0.9999796752553869;0.9999921527066248;0.9999848527321664;0.9999777439526025;0.999953897740327;0.9999989462109277;0.9999799927193632;0.9999999999999999;1.0001648404597234;0.9999624269893161;0.9999999999999999;0.9999698826603215;1.0;0.9999645507482969;1.0;0.9998821282956316;0.9999999999999999;0.9999264931068468;1.0;0.9996948322652088;0.9996780288828996;0.9996688922581212;1.0;0.9999982163920037;0.9999568854350814;0.9999835029597608;0.9999636244728217;1.024999976158142;
2016-09-20 03:30:00;0.9999583833383251;1.0;0.9999878681734314;0.9999614873654243;0.9999935570192676;0.9999649750082913;1.0001164023123579;0.9999737638641871;0.9999889845041092;0.9999800213272372;1.0;0.9999628464726746;0.999968689213154;0.9999715994151702;1.0;0.9999824142543756;0.9999807093022286;0.9999916573952261;0.9999853865658415;0.9999773291669115;0.9999550439193359;0.9999983793449277;0.9999810243223315;1.0;1.0001636632791218;0.9999631025534904;1.0;0.9999703970400544;1.0;0.9999625578164576;0.9999999999999999;0.9998941230657867;1.0;0.9999282363720425;1.0;0.9997298100400481;0.9997133235344852;0.9997045992968412;1.0;0.9999981409672215;0.9999578173457696;0.9999826961060657;0.9999659329923961;1.024999976158142;
2016-09-20 03:45:00;0.9999587164140694;1.0;0.9999877752093498;0.9999617573178664;0.9999936104204226;0.9999651308743092;1.0001152662294954;0.9999739448359214;0.9999889496637564;0.9999800326300835;1.0;0.9999618334311986;0.999967987341335;0.9999716294568316;1.0;0.9999828349326021;0.9999811508089447;0.9999917705314206;0.9999854537911811;0.9999774743487793;0.9999556149488289;0.9999983422930903;0.9999814645415318;1.0;1.000162049453035;0.9999635894899518;1.0;0.9999704879879139;0.9999999999999999;0.9999634402719779;0.9999999999999999;0.999901155901765;1.0;0.999937664823219;1.0;0.999744548306631;0.9997270363785778;0.9997175182682971;0.9999999999999999;0.9999981351630782;0.9999583930058321;0.9999826599943886;0.999965050987318;1.024999976158142;
2016-09-20 04:00:00;0.9999561546198705;1.0;0.9999864940452303;0.9999587382880301;0.9999941471703719;0.9999621764193691;1.0001172238727445;0.9999708795250207;0.9999885629843295;0.9999779943441683;1.0;0.9999620806581815;0.999968401592224;0.9999680065797846;1.0;0.9999805816056052;0.9999787415807674;0.9999926580609452;0.9999845061149539;0.9999765039828038;0.9999546985758294;0.9999983095350237;0.9999791208928359;1.0;1.0001647729977914;0.9999625278618371;1.0;0.9999676390903655;1.0;0.9999615450435352;1.0;0.9998982817438974;1.0;0.9999237675915255;1.0;0.9997454049276527;0.9997284428872831;0.9997189247636112;1.0;0.9999981459448306;0.9999576913147067;0.9999814653712041;0.9999651246199631;1.024999976158142;
2016-09-20 04:15:00;0.9999739743675194;1.0;0.999991313274838;0.9999753994437951;0.9999964273325065;0.9999771223858461;1.0001164717458753;0.9999826366536191;0.9999926792667193;0.9999864918584547;1.0;0.9999681754264648;0.9999743965908532;0.999980424049709;1.0;0.9999895208793197;0.9999884538827184;0.9999956707241917;0.999990649965101;0.9999858402750553;0.9999737122188949;0.9999987769662914;0.9999886813312051;1.0;1.0001634509182484;0.9999783279554549;1.0;0.9999803291910001;1.0;0.9999620129907516;1.0;0.9998926560932601;1.0;0.9999270429816988;1.0;0.9997262043694809;0.9997104637779741;0.9997025333077278;0.9999999999999999;0.9999988110570395;0.9999755791620032;0.999988316192965;0.9999712194067994;1.024999976158142;
2016-09-20 04:30:00;0.9999798554082093;1.0;0.9999927691473972;0.9999799808605537;0.9999976792945164;0.9999810867541381;1.0001165692496323;0.9999839695957363;0.9999935246714642;0.9999893702610722;0.9999999999999999;0.9999725507474618;0.9999788398543606;0.9999831166071481;1.0;0.9999894945062826;0.9999885361376835;0.999997486439149;0.999993046512785;0.9999886205787324;0.9999808630809714;0.9999987399393289;0.9999887745560743;1.0;1.0001635167833112;0.9999834415640241;1.0;0.9999837383537512;1.0;0.9999623442265163;1.0;0.9998831669242835;1.0;0.9999285803370388;1.0;0.9996965417769549;0.9996794999969074;0.9996703633586836;1.0;0.9999992027303231;0.9999820990584816;0.9999902259038198;0.9999757124935665;1.024999976158142;
2016-09-20 04:45:00;0.9999743377821164;1.0;0.9999918183175299;0.9999743079502734;0.9999974645165131;0.999976224786073;1.0001171043991584;0.9999786890352839;0.9999924997716266;0.9999871821297921;0.9999999999999999;0.9999730761796396;0.999979204873031;0.9999788261347488;0.9999999999999999;0.9999837006263234;0.999982381512079;0.999997159807474;0.9999915418766527;0.9999857998959895;0.9999750712619966;0.9999987013751367;0.9999827069248173;1.0;1.0001644153063638;0.9999780196220719;1.0;0.9999797139889955;1.0;0.999962420977756;0.9999999999999999;0.9998857386126317;1.0;0.9999270956231877;1.0;0.9997053166996615;0.9996891182082966;0.9996811879073799;1.0;0.9999992029365048;0.9999764137092401;0.9999885604587667;0.9999762647270459;1.024999976158142;
2016-09-20 05:00:00;0.999974254817826;1.0;0.9999919076545771;0.9999752854801386;0.9999966640968847;0.9999772173687714;1.0001160816388157;0.9999815405717558;0.9999927500514699;0.99998717990674;1.0;0.9999697767207014;0.9999759331400317;0.9999805402999138;1.0;0.999987211736289;0.9999860546420809;0.9999959365460663;0.9999911164913322;0.9999858653193161;0.9999737453193246;0.9999988081871091;0.9999863078136453;1.0;1.0001629662026523;0.9999778387764019;1.0;0.9999805882802666;1.0;0.9999646686662909;0.9999999999999999;0.9998814784688508;1.0;0.999931621550685;1.0;0.999689348561213;0.9996719292515375;0.9996624116659155;0.9999999999999999;0.9999989715533879;0.9999753536732229;0.9999887280470797;0.9999729652575868;1.024999976158142;
2016-09-20 05:15:00;0.9999790764164549;1.0;0.9999928418754818;0.9999799608421908;0.9999968571031522;0.9999812089495137;1.0001153781364147;0.9999852781081883;0.9999933441932534;0.9999893521873392;1.0;0.9999714869854527;0.9999774504354831;0.9999841079191427;1.0;0.9999910686777649;0.9999901666652232;0.9999962581868784;0.9999926263168115;0.9999880805673772;0.9999787324296775;0.999998738411215;0.9999903617968857;1.0;1.000161875721023;0.9999821879992811;1.0;0.9999840019252604;1.0;0.9999659856043988;1.0;0.9998846228127067;1.0;0.9999212567967948;1.0;0.9997059197090566;0.9996897266896101;0.9996813836828009;1.0;0.9999990273962073;0.9999801027628658;0.9999900734168269;0.9999745735318442;1.024999976158142;
2016-09-20 05:30:00;0.99997328221763;0.9999999999999999;0.9999910220938057;0.9999739269447041;0.9999967560898891;0.999975673508035;1.0001165584708966;0.9999798720046609;0.9999920191813685;0.9999862701597158;1.0;0.9999713204062075;0.9999773135805933;0.9999787204700818;0.9999999999999999;0.9999864602097924;0.999985229056006;0.9999962491466443;0.9999907581943002;0.9999851711715774;0.9999737005540159;0.9999985736888988;0.9999855171652441;1.0;1.000163601641732;0.9999775610471093;1.0;0.9999791572269894;1.0;0.9999664168970948;1.0;0.9998700546406227;1.0;0.9999155186652368;1.0;0.9996659170854542;0.9996488151624773;0.9996388851124877;1.0;0.9999989390590138;0.9999753673789503;0.999987721298319;0.9999743085517064;1.024999976158142;
2016-09-20 05:45:00;0.9999740865952788;1.0;0.9999915806384677;0.999974551220647;0.99999729159871;0.9999764294716739;1.0001190465818022;0.9999799721514839;0.9999927791339343;0.999986713560995;1.0;0.9999309183542885;0.9999475619425561;0.9999790691413581;0.9999999999999999;0.9999856166423663;0.9999843837870233;0.9999968873362716;0.9999911448671113;0.9999859529794337;0.9999747610319285;0.9999988096947212;0.9999846795432177;1.0;1.0001671019836116;0.9999782906503137;1.0;0.9999797458329882;0.9999999999999999;0.9999651210418458;0.9999999999999999;0.9998427115864723;1.0;0.9999107845667318;1.0;0.9995867234876643;0.9995505453834771;0.9995398226976077;1.0;0.9999990837567698;0.9999763351381169;0.9999885537943863;0.9999397340623966;1.024999976158142;
2016-09-20 06:00:00;0.9999763029823305;0.9999999999999999;0.9999925062613925;0.9999762135409299;0.9999981154545983;0.9999780756159816;1.0001224279034278;0.9999801972512914;0.9999936557799872;0.9999879076931244;1.0;0.9999219708970714;0.9999414511462942;0.9999800293549126;1.0;0.9999845124489836;0.999983290608347;0.999997953277088;0.999992148248763;0.9999873336339576;0.9999775120771077;0.999999007132155;0.9999836004427651;1.0;1.0001718431447275;0.999980153638661;1.0;0.9999811290654474;0.9999999999999999;0.9999663641138294;1.0;0.9998427745631698;1.0;0.9999169669983932;0.9999999999999999;0.9995826742690226;0.9995432796063485;0.9995349378217275;1.0;0.9999993324352321;0.9999788082965165;0.9999898066140275;0.9999323768636672;1.024999976158142;
2016-09-20 06:15:00;0.9999781392614108;1.0;0.9999934432926701;0.9999781910248203;0.9999983041968655;0.9999800835952894;1.00012817228984;0.9999820122596854;0.9999945210488451;0.9999890446474182;1.0;0.9999060243753513;0.9999296079845357;0.9999819765263706;1.0;0.9999854429946216;0.9999843175441905;0.999998071519059;0.9999927997569513;0.9999884928780068;0.999978915590534;0.9999992296937743;0.9999845970946655;1.0;1.0001798978671737;0.999981452946595;1.0;0.9999828893891092;0.9999999999999999;0.9999594130584759;1.0;0.9998228752409175;0.9999999999999999;0.9998633102335159;1.0;0.9995595673464371;0.9995119399047269;0.9995024238423169;1.0;0.9999994185689284;0.9999800960506686;0.9999910060704554;0.9999187428589174;1.024999976158142;
2016-09-20 06:30:00;0.9999743174603467;0.9999999999999999;0.9999915401083518;0.9999756421273092;0.9999969222628914;0.9999774548196236;1.0001268048140024;0.999982698352328;0.9999933374630511;0.999986472423767;1.0;0.9998829729242957;0.9999113607076228;0.9999803128518752;1.0;0.9999891025918883;0.9999880408990487;0.9999962851165031;0.9999907571763373;0.9999864443222531;0.9999745277852177;0.9999989966947586;0.9999882753287948;1.0;1.0001779265846062;0.9999789713450179;0.9999999999999999;0.9999804747702373;1.0;0.9999646089716121;1.0;0.999838094093022;1.0;0.9998803968388926;1.0;0.9995936536663869;0.9995390666684243;0.9995303439514748;1.0;0.9999989041709957;0.9999764017463162;0.999988859827136;0.9998980788304178;1.024999976158142;
2016-09-20 06:45:00;0.9999644966970369;1.0;0.9999897715939216;0.9999669785282971;0.9999953805378025;0.9999701268081921;1.0001311858965845;0.9999772901961715;0.9999916798621991;0.999982488206544;1.0;0.9998820850705182;0.9999095336691136;0.9999749472913019;1.0;0.9999840715351863;0.9999826046743221;0.9999939972633358;0.9999874744840883;0.9999814787371886;0.9999626737891457;0.9999989921613718;0.9999828933056549;1.0;1.0001842874002187;0.9999693445113818;1.0;0.9999744530163265;1.0;0.9999473701526308;1.0;0.999831230483531;1.0;0.9998481075210488;1.0;0.9995952689232356;0.9995354149645408;0.9995183439796791;1.0;0.9999985527316826;0.9999651285911566;0.9999859194462131;0.9998968266944734;1.024999976158142;
2016-09-20 07:00:00;0.9999644586059357;0.9999999999999999;0.9999896714699347;0.9999655925528035;0.9999964549220438;0.9999687695667832;1.0001440611244128;0.999973551078634;0.9999914450791134;0.9999824129039785;1.0;0.9998418915660703;0.9998808031025276;0.9999726405435283;1.0;0.9999794010170892;0.9999777195250833;0.9999956139496322;0.9999879698490395;0.9999813973978549;0.9999642510557702;0.9999988957434253;0.9999781026041075;1.0;1.0002023561327598;0.9999694740164142;0.9999999999999999;0.9999732437618176;1.0;0.9999443486513008;1.0;0.9997601332421046;1.0;0.9998125004659746;1.0;0.9994054388796616;0.9993272008239429;0.999312132793565;1.0;0.9999988581927113;0.9999663761240972;0.9999857476493144;0.9998629257792347;1.024999976158142;
2016-09-20 07:15:00;0.999972323083491;1.0;0.9999917065427352;0.999972979658371;0.9999973863813616;0.9999753512871531;1.000151011089929;0.9999788886935808;0.999993155200625;0.9999861188866175;1.0;0.9998042580687225;0.9998535462222067;0.9999781563053449;0.9999999999999999;0.9999837109185465;0.9999823833733026;0.9999968610926572;0.9999906445350984;0.999985460627143;0.9999726379076899;0.9999990634624024;0.9999826955361093;1.0;1.0002119684532074;0.9999764891855879;1.0;0.999978831412443;1.0;0.9999490380589422;1.0;0.9996608301444255;1.0;0.9997819056019638;0.9999999999999999;0.9991270129874846;0.998935087806177;0.9987956948955887;0.9999999999999999;0.9999991261515201;0.9999742848003038;0.9999886604921602;0.9998309940702819;1.024999976158142;
2016-09-20 07:30:00;0.9999484095934099;0.9999999999999999;0.9999863105519913;0.9999491784831265;0.9999968717181278;0.9999546050340418;1.0001540984705402;0.9999590209895282;0.9999897978041116;0.999974630440016;1.0;0.999803789737174;0.9998523791761148;0.9999588401892439;1.0;0.9999641558167104;0.9999615232135539;0.999996082867818;0.999983065963035;0.9999744108878693;0.9999493886508449;0.9999992192375564;0.9999621599776953;0.9999999999999999;1.000216750137994;0.9999558436052126;1.0;0.9999608669803395;1.0;0.9999473205023858;1.0;0.9996567713603302;0.9999999999999999;0.9998072046970278;1.0;0.9990972900364258;0.9988805697648059;0.9987065555583526;0.9999999999999999;0.9999988801155107;0.9999522242184552;0.9999813250369781;0.9998299476140587;1.024999976158142;
2016-09-20 07:45:00;0.9999456601542811;1.0;0.9999855121457041;0.9999472666225555;0.9999964811709616;0.9999529731578007;1.0001547332263205;0.9999591886672907;0.9999899210714156;0.9999728780225363;0.9999999999999999;0.9997969350830953;0.9998465450607774;0.9999575275107347;1.0;0.9999652266158442;0.9999626020140253;0.9999954625691486;0.9999817202387989;0.9999735359838087;0.9999464040849351;0.9999994120502286;0.9999632205661202;1.0;1.000217640979434;0.9999540710587955;1.0;0.9999592678692353;1.0;0.9999456163471134;1.0;0.9996258458691528;1.0;0.999800940990774;1.0;0.999008294582362;0.9987882595382377;0.9986114257531575;0.9999999999999999;0.9999986687209682;0.9999497034665794;0.999980655566487;0.9998234570205407;1.024999976158142;
2016-09-20 08:00:00;0.9999017052474984;1.0;0.9999655970775057;0.999905883579839;0.9999933686782009;0.9999125388784857;1.0001639984341535;0.9999336051910234;0.9999796973724271;0.9999428255295462;0.9999999999999999;0.999716936446209;0.999783380443979;0.9999177306108328;1.0;0.9999597001104163;0.9999558096637874;0.9999928510002751;0.9999630570249154;0.9999528188072181;0.9999114011264317;0.9999978656553205;0.9999567961007305;1.0;1.0002303772128824;0.9999276488157047;1.0;0.9999217186126558;1.0;0.9999455007993742;1.0;0.999620331297851;0.9999999999999999;0.9997861364118366;1.0;0.9990018703193397;0.9987604281505044;0.9985815823051694;1.0;0.9999962486048954;0.9999197533467362;0.9999591828003244;0.9997497260566689;1.024999976158142;
2016-09-20 08:15:00;0.9999108814729647;1.0;0.9999722327551844;0.9999134809970164;0.9999948858254913;0.9999211077164772;1.000163882584038;0.9999349490726994;0.9999827299089633;0.9999513311722831;1.0;0.999718734833176;0.9997864713042622;0.9999263687325253;1.0;0.9999516801105937;0.9999476971967339;0.9999941873573236;0.999968303987442;0.9999571971722697;0.9999172663074272;0.9999986020579766;0.9999486952637104;1.0;1.0002305471338242;0.999930296061014;1.0;0.9999302998148415;1.0;0.9999416028942377;1.0;0.9996110504787632;0.9999999999999999;0.9997732889706349;1.0;0.9989827852227584;0.9987476105888801;0.9985851073929267;1.0;0.9999973445494513;0.999923731158708;0.999965595210378;0.9997535148526203;1.024999976158142;
2016-09-20 08:30:00;0.9999098209034769;1.0;0.9999752878374756;0.9999099934615022;0.9999946943757909;0.9999190382075048;1.00016313341569;0.999925297986509;0.9999805745756946;0.9999555152931141;0.9999999999999999;0.9997499861360443;0.9998117287613334;0.9999261580891052;0.9999999999999999;0.9999350469518965;0.9999302927328468;0.99999372477045;0.9999707014876376;0.9999543293795149;0.9999126715720226;0.9999980378593778;0.9999314745481572;1.0;1.0002299946260373;0.9999228145105301;1.0;0.9999303058805571;1.0;0.99994018482664;1.0;0.9995934468646946;1.0;0.9997845579981921;1.0;0.9989219075871667;0.9986716232693418;0.998482517694681;1.0;0.9999981293336972;0.9999173485973006;0.9999660275973968;0.9997830794858179;1.024999976158142;
2016-09-20 08:45:00;0.9999133771705961;1.0;0.9999766532288796;0.9999126745074626;0.9999967194459033;0.9999217467556649;1.0001774384490576;0.9999259437658112;0.9999829517120884;0.9999567608807963;1.0;0.9997322949978323;0.9997994140299402;0.9999269923401399;1.0;0.9999335480106889;0.9999288465657002;0.9999963442695611;0.999972092290928;0.9999573388504879;0.999918134133138;0.9999986833514652;0.9999300561806802;1.0;1.000250009901425;0.9999268711104388;1.0;0.9999322338419949;1.0;0.9998476539352147;1.0;0.9995831699917672;1.0;0.9997849306622736;0.9999999999999999;0.9988921254009179;0.998627972586604;0.9984321194849571;1.0;0.9999985869987509;0.9999225488544884;0.9999685197824393;0.9997681296601741;1.024999976158142;
2016-09-20 09:00:00;0.9998680732400403;1.0;0.9999674847935257;0.9998652758019141;0.9999974730892934;0.9998806302739761;1.0001822104422944;0.9998814992998826;0.9999765215243781;0.9999359075015083;1.0;0.9996546823060426;0.9997422327554232;0.9998875543176371;1.0;0.9998863062515525;0.9998786840941105;0.9999972603250217;0.9999589435730901;0.9999362151435648;0.9998754135250437;0.9999989757265391;0.9998806728179618;1.0;1.000257715636986;0.9998865288175554;1.0;0.9998968788728588;0.9999999999999999;0.9998956646640015;1.0;0.9995153360559798;1.0;0.999759864867594;1.0;0.99870407975279;0.9984159717870001;0.998235085374784;1.0;0.9999988005560507;0.999881247048911;0.9999552172416483;0.9997017199263708;1.024999976158142;
2016-09-20 09:15:00;0.999882335681382;1.0;0.9999654926659428;0.9998801034692717;0.9999932225463172;0.9998906920376569;1.0001831210229164;0.9998963364154321;0.9999708599667516;0.9999412709929556;1.0;0.9996376271717822;0.9997294073113367;0.9998993348688873;1.0;0.9999117941799252;0.9999053127520379;0.9999928871889725;0.9999622361520967;0.9999382553245747;0.999888893360847;0.9999959866563868;0.9999069930590043;1.0;1.000258318464209;0.9998998069613879;0.9999999999999999;0.9999060385632202;1.0;0.9998810791322622;1.0;0.9995634021012856;1.0;0.9997233835657124;1.0;0.9988745814796456;0.9986030958702885;0.9984535053000354;0.9999999999999999;0.9999976277116477;0.9998945105597937;0.9999522634839015;0.9996870085943318;1.024999976158142;
2016-09-20 09:30:00;0.9998996869986587;1.0;0.999963244040942;0.9999006719332408;0.9999887178178928;0.9999058279564366;1.0001744441157272;0.9999219510072779;0.999968149730067;0.9999458382857562;0.9999999999999999;0.9995833197536945;0.9996869050037144;0.9999155512858227;1.0;0.9999511651260662;0.9999465505157286;0.9999879182377421;0.9999646911070863;0.9999438033992675;0.9999057485862431;0.999993844528031;0.9999477075683516;1.0;1.0002451963189822;0.9999190828323691;1.0;0.9999185664179198;0.9999999999999999;0.9999003102876777;1.0;0.9995863704851474;1.0;0.9997797549113937;0.9999999999999999;0.99890441078251;0.9985954436657639;0.9984202866928095;1.0;0.9999959261652887;0.9999122842465131;0.9999511191646209;0.9996383238426455;1.024999976158142;
2016-09-20 09:45:00;0.9998816304083838;1.0;0.9999584252748474;0.9998842855724183;0.9999862344520971;0.9998912119320293;1.0001811934153;0.9999114448501527;0.9999643586312544;0.9999371181840289;0.9999999999999999;0.9996639533435943;0.9997447726371848;0.9999036590293846;1.0;0.9999437328144313;0.9999384182931392;0.9999845478143379;0.9999582469865034;0.9999345810287226;0.9998861185187912;0.9999935120687491;0.9999396971474072;1.0;1.0002549150090105;0.9999032348233837;1.0;0.9999060946064267;1.0;0.9998636308026692;1.0;0.9995662467030972;1.0;0.9997767968383428;1.0;0.9988463431611311;0.9985634470615629;0.9983703223582039;0.9999999999999999;0.9999951732730681;0.9998939558731333;0.9999444191578856;0.9997063672353412;1.024999976158142;
2016-09-20 10:00:00;0.9998451043247985;1.0;0.9999592399659775;0.9998460499945522;0.999991747261868;0.9998624780163982;1.000181586114349;0.9998730518610668;0.9999693098588543;0.9999239642288864;1.0;0.9996902948183213;0.9997648795466706;0.9998743849537101;0.9999999999999999;0.9998869626147293;0.9998788172095574;0.9999898568182072;0.999949673367723;0.9999231041860887;0.9998492356373508;0.9999976444002001;0.9998808259070441;0.9999999999999999;1.000256963060706;0.999867151935478;1.0;0.9998814378326434;0.9999999999999999;0.9998733397125541;1.0;0.9995383072690343;1.0;0.9997613468950449;1.0;0.9987725701217904;0.9984918962404653;0.998290033546494;1.0;0.9999970251314642;0.9998573436949645;0.9999441087604457;0.9997298890279319;1.024999976158142;
2016-09-20 10:15:00;0.9999313054373714;0.9999999999999999;0.999980439285404;0.99993591968668;0.9999930475449637;0.999942382266495;1.0001772097148574;0.9999559685594616;0.9999865207023316;0.9999648550571818;1.0;0.999689651622909;0.9997641715178748;0.9999498182546638;1.0;0.9999679751233448;0.999965152833396;0.9999908796456493;0.9999754613398768;0.9999661644578203;0.9999301287185864;0.999998975726539;0.9999657427780344;1.0;1.0002491796794402;0.9999427758369878;1.0;0.9999499621683029;1.0;0.9998431963131248;1.0;0.9995458170945452;1.0;0.999746063697051;1.0;0.9988063727265611;0.998530539596709;0.9983355714429397;1.0;0.9999974824803517;0.9999351611689007;0.9999743867894302;0.9997293903150312;1.024999976158142;
2016-09-20 10:30:00;0.9999132926665938;1.0;0.9999770351843615;0.9999221976179873;0.9999878618655956;0.9999308446420758;1.0001746547845758;0.9999519924996457;0.9999828164527789;0.9999578634869648;1.0;0.9996673875882564;0.9997438482203459;0.9999439441289162;0.9999999999999999;0.9999669294431781;0.9999637089740709;0.9999833469372904;0.9999686608013021;0.9999564452434825;0.9999052944303674;0.9999987606688951;0.9999642390380417;1.0;1.0002459555587297;0.9999243991427156;1.0;0.999940821307597;1.0;0.9998499969692436;0.9999999999999999;0.9995969397858029;1.0;0.9997563566780497;1.0;0.9989533410230605;0.9986885101478167;0.9985138226675893;1.0;0.9999962346743271;0.9999118568674615;0.9999684998220592;0.9997085703817576;1.024999976158142;
2016-09-20 10:45:00;0.9999479209914409;1.0;0.9999866462817993;0.9999522789397269;0.9999930419673563;0.9999576570375134;1.0001728208248426;0.9999680923925812;0.9999890743658332;0.9999754873999152;1.0;0.9997068627452254;0.9997777959226934;0.9999654910099757;1.0;0.9999756353442552;0.9999734912478797;0.9999905096637308;0.9999818682630982;0.9999733034815323;0.9999431592180926;0.9999990530874622;0.9999738773545612;1.0;1.0002429881531634;0.999953512995192;1.0;0.9999640784289655;1.0;0.9998493244131561;1.0;0.9996003705184849;1.0;0.9997018647775043;1.0;0.9990016590320001;0.9987547162038183;0.9985931770590709;1.0;0.9999979816768813;0.9999466459266361;0.9999809985332154;0.9997455905205965;1.024999976158142;
2016-09-20 11:00:00;0.9999512999413374;1.0;0.9999861550928411;0.9999552029230285;0.9999935313158619;0.9999596199661539;1.0001708648055314;0.9999702246482146;0.9999890877562039;0.9999759325677942;1.0;0.9996979881133934;0.9997716040097473;0.999966376389697;1.0;0.9999795216896905;0.9999775855136951;0.9999914724083522;0.9999826267487303;0.999974901432675;0.9999483771908052;0.9999988096797887;0.9999779501523582;1.0;1.0002400625266323;0.9999580383112795;1.0;0.9999654098065656;1.0;0.9998530267608862;1.0;0.9995833905347878;1.0;0.9997232407867824;0.9999999999999999;0.998935319950316;0.9986515638490614;0.9984469106138523;0.9999999999999999;0.9999979533420047;0.9999518855378537;0.9999810723337282;0.9997378716522403;1.024999976158142;
2016-09-20 11:15:00;0.9999447568678983;1.0;0.9999841903242574;0.9999492897116159;0.999993174352624;0.9999543341265401;1.0001768056232823;0.9999667244708432;0.9999884288721725;0.9999721349808173;1.0;0.9996454051076546;0.9997319229025455;0.9999614253701564;1.0;0.9999773478550065;0.9999751965713762;0.9999909760710871;0.9999800695710934;0.99997218412991;0.999942206236902;0.9999989253092383;0.9999756079873029;1.0;1.0002484370115556;0.9999532852242216;0.9999999999999999;0.9999605918980881;1.0;0.9998499793960517;0.9999999999999999;0.999516153015067;1.0;0.9997167995997507;1.0;0.9987371054139559;0.9984392731534498;0.9982442492000985;1.0;0.9999977062925337;0.99994636532021;0.9999789264638573;0.9996920781056289;1.024999976158142;
2016-09-20 11:30:00;0.9999479855191469;1.0;0.9999852650250833;0.9999517144984479;0.9999937457246841;0.9999565192135582;1.0001751862481156;0.9999670441531762;0.9999887245868229;0.9999741097070098;1.0;0.9996760059428071;0.9997553434203257;0.9999631555370382;1.0;0.9999764357655919;0.9999743031869451;0.9999917879333647;0.9999815665359313;0.9999735042443552;0.9999456938864519;0.9999988586208187;0.9999747265470883;1.0;1.0002461665876563;0.9999555260635742;0.9999999999999999;0.9999626263807326;1.0;0.9998505051297506;1.0;0.9995386384953147;1.0;0.9997111885052791;1.0;0.9988087977561991;0.9985272073762508;0.9983378449719164;1.0;0.9999979597858819;0.9999493791891424;0.9999800366037953;0.9997189232102409;1.024999976158142;
2016-09-20 11:45:00;0.9999511658544399;1.0;0.9999861537876875;0.9999543146872714;0.9999944467263377;0.9999588419873361;1.0001731386186417;0.9999680935156483;0.9999894226411332;0.999975648039233;0.9999999999999999;0.9996720045448957;0.99975292971848;0.9999647812641327;1.0;0.9999766319659319;0.9999745743550806;0.9999927569467985;0.9999828137644041;0.9999751583402887;0.9999494826419575;0.9999989268884628;0.9999749967985759;0.9999999999999999;1.0002432610457341;0.9999583322604445;1.0;0.9999645937747812;1.0;0.9998545978010923;1.0;0.9995820496397101;1.0;0.9997163345901576;1.0;0.9989361615033422;0.9986602901365894;0.9984820759181442;1.0;0.9999981689941071;0.9999528604373188;0.9999812606833469;0.9997158177331351;1.024999976158142;
2016-09-20 12:00:00;0.9999383871352154;1.0;0.9999848534712644;0.9999445508510862;0.9999917934605933;0.9999512769445554;1.0001741778163198;0.9999649747969201;0.9999886378606858;0.9999709126061916;1.0;0.9996641809150106;0.9997444797307394;0.9999606324227249;1.0;0.9999732976692661;0.9999709023450443;0.9999884935552436;0.9999781882099518;0.9999693854519737;0.9999319997022332;0.9999994641534619;0.9999713006776025;1.0;1.0002450497323085;0.9999452498852212;1.0;0.9999584986373972;0.9999999999999999;0.999842780801155;1.0;0.9995940328882064;1.0;0.9997225788355554;1.0;0.9989682019811925;0.9987066670029214;0.998546695868859;1.0;0.9999975566995304;0.9999364119350898;0.9999787638558766;0.9997078953926979;1.024999976158142;
2016-09-20 12:15:00;0.999902935772727;1.0;0.9999741032112703;0.9999136484765078;0.9999856456240791;0.9999231772620838;1.0001796545746022;0.9999483828548713;0.99998054084176;0.9999527768045987;0.9999999999999999;0.9996228298994667;0.9997090927318394;0.9999384683196295;1.0;0.9999661065530945;0.9999626325954799;0.999980294239445;0.9999645813507758;0.9999510708397321;0.9998931171490799;0.9999985349970847;0.9999631706509594;1.0;1.0002530739500533;0.9999153369983305;1.0;0.9999342983148869;1.0;0.999849053591778;1.0;0.9995885259952497;1.0;0.9996800238453168;1.0;0.9989811702532211;0.9987310917497968;0.9985973277853025;1.0;0.9999955654731603;0.999900663923964;0.9999644908363896;0.9996692880117237;1.024999976158142;
2016-09-20 12:30:00;0.9999448198608285;1.0;0.9999845726227826;0.9999497101426618;0.9999937252724741;0.9999550154557654;1.0001724991632088;0.9999678539580911;0.9999898150663072;0.9999718226146056;0.9999999999999999;0.9996577841934253;0.9997408132970173;0.9999616424135463;1.0;0.9999778618346562;0.9999757735736;0.9999915345987047;0.99997987672727;0.9999731619757829;0.9999425631982914;0.9999994223875939;0.999976168953773;1.0;1.0002423984622988;0.9999539670183166;1.0;0.9999609079572797;1.0;0.999843632249327;1.0;0.9996254841090804;1.0;0.9997032936180765;1.0;0.9990764205476437;0.9988395861147876;0.9987153218125833;1.0;0.9999977656508972;0.9999469044932523;0.9999799311269447;0.9997023653292901;1.024999976158142;
2016-09-20 12:45:00;0.9998717357390435;1.0;0.9999577401838238;0.9998815386286346;0.9999893643565596;0.9998914011008025;1.0001855728099025;0.9999247444184542;0.9999772203691406;0.9999265078379318;1.0;0.9996610915754073;0.9997366217813582;0.9999006959102564;1.0;0.9999572445796295;0.9999527300301775;0.9999868640360198;0.9999506661527567;0.9999402816762467;0.9998785933733036;0.999998677373856;0.9999537415241494;0.9999999999999999;1.0002608922326743;0.9999041600750176;1.0;0.9999027085014363;0.9999999999999999;0.9998360212139674;0.9999999999999999;0.9996244866156331;1.0;0.9996982750083686;1.0;0.999076964758276;0.998820504766931;0.9986385831346372;1.0;0.9999946110461597;0.999890323120247;0.9999502744195534;0.9996978696430938;1.024999976158142;
2016-09-20 13:00:00;0.9998070941613442;1.0;0.9999345571895264;0.9998222698567926;0.9999827884548669;0.9998360496033081;1.000198105860107;0.9998889296110901;0.999963623261506;0.999888435856155;0.9999999999999999;0.999583310316467;0.9996724851324477;0.9998507925688118;1.0;0.9999419266836359;0.9999353451723435;0.9999790136242876;0.9999250749239086;0.9999089987824644;0.9998176827529249;0.9999972152227369;0.9999368106582136;1.0;1.0002786963795172;0.999856827492371;0.9999999999999999;0.9998530583476001;1.0;0.9998331731362055;0.9999999999999999;0.9995944823706941;1.0;0.9996653401527831;1.0;0.9990095988185307;0.9987519022402668;0.9985888839880895;1.0;0.9999914649220261;0.999835661598891;0.999922930551327;0.9996250676322584;1.024999976158142;
2016-09-20 13:15:00;0.9998966788133861;1.0;0.9999641161313195;0.9999029822057317;0.999989243261542;0.9999096911763488;1.0001828833334083;0.9999347182246121;0.9999758617177948;0.9999419394291016;1.0;0.9996803770663703;0.9997545194796673;0.9999188384043552;0.9999999999999999;0.9999638775269245;0.9999599972512472;0.9999873038282946;0.9999610781987939;0.999947994988951;0.9999014719069227;0.9999968202799482;0.9999608813419617;1.0;1.0002569395361163;0.9999206048207488;1.0;0.9999202264404413;1.0;0.9998372519095468;0.9999999999999999;0.9996018794303522;0.9999999999999999;0.9996874452879082;0.9999999999999999;0.9990164445617109;0.9987753250209075;0.9986165990478257;0.9999999999999999;0.9999953919588024;0.9999101955583037;0.9999556290103275;0.9997179477320798;1.024999976158142;
2016-09-20 13:30:00;0.9999172807120436;1.0;0.9999739883096688;0.9999237790651839;0.9999897440735561;0.9999302378811095;1.000179092467553;0.9999504169874049;0.999981305716687;0.9999563360703909;1.0;0.9996450418881045;0.9997290911266066;0.9999400738787503;1.0;0.9999703312467128;0.9999672375301792;0.9999869589598784;0.9999694108445175;0.99995797343578;0.999915945991693;0.9999978086503922;0.9999678555536364;1.0;1.0002517548160643;0.9999325163125632;1.0;0.9999392803127046;1.0;0.9998315819792644;1.0;0.9995951413015319;0.9999999999999999;0.9997174557695958;1.0;0.9989752121476626;0.9986841007043512;0.9984886484090932;1.0;0.999996285091565;0.9999225811585709;0.9999663477110337;0.9996894779540646;1.024999976158142;
2016-09-20 13:45:00;0.9999030742257652;0.9999999999999999;0.9999696169516826;0.9999101171971245;0.9999902487790454;0.9999180166307683;1.0001815028691101;0.9999407701906662;0.9999805848807013;0.9999475064210362;1.0;0.9996687224042627;0.9997456842256319;0.999927358163285;1.0;0.9999628985746107;0.9999592345153768;0.9999876659241557;0.9999639876940127;0.9999527149073939;0.9999043968426614;0.9999982947603505;0.9999600166523014;1.0;1.000255228265594;0.9999231567889835;0.9999999999999999;0.9999278604449933;1.0;0.9998394552389387;1.0;0.9995792131756259;0.9999999999999999;0.9996705213350128;1.0;0.9989596678179665;0.9986701541240008;0.998457424119786;0.9999999999999999;0.9999959989138524;0.9999123850238749;0.9999620470178375;0.9997084602644272;1.024999976158142;
2016-09-20 14:00:00;0.9999137347878606;1.0;0.9999712333090944;0.9999200060902944;0.9999918770129872;0.9999263482731261;1.0001780794275519;0.9999481767808824;0.9999828333992555;0.9999512669811452;1.0;0.999718712236693;0.9997835699902925;0.9999333883512703;1.0;0.9999706761317954;0.9999675619816686;0.9999900630520463;0.999967153247408;0.9999585181130953;0.9999175137715186;0.9999984458846344;0.999968253466108;1.0;1.0002501369007413;0.999934412029831;0.9999999999999999;0.9999344871243122;1.0;0.9998435214933545;1.0;0.9996201739669781;1.0;0.9996816329893798;1.0;0.9990753664819677;0.9988357137792797;0.9986589775507644;1.0;0.9999962589610366;0.9999251388484445;0.9999653168889112;0.9997514460768222;1.024999976158142;
2016-09-20 14:15:00;0.9999214482865052;1.0;0.999975025907676;0.9999266163783321;0.9999923228932294;0.999932865825906;1.0001810722236875;0.9999505540636766;0.9999837728850848;0.9999573201168294;1.0;0.9997399017535856;0.999800499638812;0.9999401066855557;0.9999999999999999;0.9999686946443582;0.9999656535162873;0.9999904539208805;0.99997095807104;0.9999614386340486;0.9999232491272932;0.9999984273516633;0.9999663219478372;1.0;1.0002544453051398;0.9999379101321517;1.0;0.9999409297666333;1.0;0.9998373355225729;1.0;0.9995945412432762;1.0;0.9996315651271424;0.9999999999999999;0.99903323387903;0.9987936629505686;0.9986107649600843;1.0;0.9999968108693011;0.9999296194089479;0.9999687766724202;0.9997711160211918;1.024999976158142;
2016-09-20 14:30:00;0.9998638005415456;1.0;0.9999533194327573;0.9998733354840499;0.999988537537421;0.9998828934616892;1.0001881988053822;0.9999183181619503;0.9999737004813744;0.9999210232821876;1.0;0.9996991931503842;0.9997647272066548;0.9998924437674697;1.0;0.9999556239234563;0.9999508032591653;0.9999863576155157;0.9999474745533548;0.9999355008955793;0.9998728378753398;0.9999977717522064;0.9999519176863241;0.9999999999999999;1.0002644896663109;0.999899272731083;1.0;0.9998950489271263;1.0;0.999836489881823;1.0;0.9995861452528138;0.9999999999999999;0.9996992015192566;1.0;0.998960672266902;0.9987035343772984;0.998496310376977;1.0;0.9999941467533043;0.999885297055939;0.9999449822055396;0.999730047784125;1.024999976158142;
2016-09-20 14:45:00;0.9999026616960119;1.0;0.9999679163112052;0.9999087730234735;0.9999911726411501;0.9999160803336067;1.0001771489473381;0.9999385798052537;0.9999800000541776;0.9999457310131313;1.0;0.999746195206536;0.9998037003033275;0.9999239861146838;0.9999999999999999;0.999962692951663;0.9999589810516539;0.9999893159711558;0.9999635838476888;0.9999526521903118;0.9999070134194835;0.999998039162229;0.9999598266780527;1.0;1.000248988487002;0.9999249948617838;1.0;0.9999256676574728;1.0;0.999844161719377;1.0;0.9996291910530418;1.0;0.9997277848338405;0.9999999999999999;0.9990705391207549;0.9988432565181485;0.9986656265464539;1.0;0.9999960145451411;0.9999151879610111;0.9999607365256676;0.9997748084174058;1.024999976158142;
2016-09-20 15:00:00;0.9999369733810353;1.0;0.9999807249036977;0.9999392484678803;0.9999940332751249;0.9999445086592732;1.0001755021740117;0.9999544096208528;0.9999852017954003;0.9999675167908662;0.9999999999999999;0.9997874353202191;0.9998385960100677;0.9999506552469483;1.0;0.9999665258210954;0.9999636783047627;0.9999927694642686;0.9999780618480465;0.9999675651826312;0.9999380118592339;0.9999981342331477;0.9999643382706918;1.0;1.0002466736461457;0.9999476720464185;1.0;0.9999519667666436;1.0;0.9998450355522484;1.0;0.9995635002133055;0.9999999999999999;0.9996995160637827;1.0;0.9988920142966323;0.9986823254664735;0.998521312851517;1.0;0.9999978428311469;0.9999421837880245;0.9999743944551966;0.9998145351083869;1.024999976158142;
2016-09-20 15:15:00;0.999938640539873;1.0;0.999983548007716;0.9999425137825504;0.9999934227124871;0.9999486770250496;1.0001673985327497;0.9999593497911711;0.9999875185385652;0.9999700168235869;1.0;0.9997913135407427;0.9998403976057072;0.9999561330924142;0.9999999999999999;0.9999682580213621;0.9999655990506079;0.9999912351664657;0.9999787320501232;0.9999691453849179;0.9999360126538474;0.9999989743356386;0.9999661446849109;0.9999999999999999;1.0002354724297795;0.9999469240607631;0.9999999999999999;0.9999559623339136;1.0;0.9998514372233251;1.0;0.9996310007131969;1.0;0.9997234981981276;1.0;0.9990787123973065;0.9988520787119325;0.9986660784429209;1.0;0.9999978903375186;0.9999400897923604;0.9999774484060951;0.9998176908005244;1.024999976158142;
2016-09-20 15:30:00;0.9999436659862492;0.9999999999999999;0.9999836383643262;0.9999474311407724;0.9999940066329048;0.9999525504323428;1.000166189891349;0.9999638700113234;0.9999883756016102;0.9999711597331584;1.0;0.9997949956560319;0.9998432893819653;0.9999588177436081;1.0;0.9999743376377233;0.9999720321035293;0.9999922204247653;0.9999798608271954;0.9999719017828016;0.9999426548193769;0.999998947573684;0.9999725129616523;1.0;1.0002335634656545;0.9999530472479157;1.0;0.9999588537628632;1.0;0.9998618731828531;0.9999999999999999;0.9996341198842192;1.0;0.9997135483974773;1.0;0.9990948408455682;0.9988632811979833;0.9986675922163402;1.0;0.9999978620949583;0.9999467872172502;0.9999784910100801;0.9998205751958219;1.024999976158142;
2016-09-20 15:45:00;0.9999514955264996;1.0;0.9999864986146562;0.9999535774348737;0.9999957318780985;0.9999582997945892;1.000162157367273;0.9999654273875952;0.9999900069952222;0.9999757526082017;1.0;0.9998029569774883;0.9998508047573986;0.9999631892410342;0.9999999999999999;0.9999725045604271;0.999970287420678;0.9999945217793568;0.9999833604750725;0.9999757245975407;0.9999512499791614;0.9999991138989881;0.999970785432599;1.0;1.0002279069923212;0.9999588698927216;1.0;0.9999640073884383;1.0;0.99985772595731;1.0;0.9996830293708203;1.0;0.99976827959009;1.0;0.9992045097469313;0.9990011422032207;0.9988424315906582;1.0;0.9999985113544337;0.9999543638229068;0.9999818387144512;0.9998286119041485;1.024999976158142;
2016-09-20 16:00:00;0.9999638977250206;1.0;0.9999884974754811;0.999965116556118;0.9999963508679323;0.9999678892350503;1.0001661558173924;0.9999737799590293;0.9999909285944636;0.9999812146067296;1.0;0.9998078862578091;0.9998554677084224;0.9999714681182555;1.0;0.9999815486895582;0.9999799290480457;0.9999956723120288;0.9999873687015516;0.9999810968295102;0.9999647065112826;0.9999986997898114;0.999980307254014;1.0;1.00023322374865;0.9999702081398615;1.0;0.9999722156127543;1.0;0.9998496537654751;1.0;0.9996450322492182;0.9999999999999999;0.9997385296090802;1.0;0.9991108313327488;0.9989035326519708;0.9987391054603715;1.0;0.9999986849378694;0.9999671183351695;0.999984732942183;0.9998333967831119;1.024999976158142;
2016-09-20 16:15:00;0.9999486061604377;0.9999999999999999;0.9999835215708928;0.9999486925288419;0.999994419370756;0.9999524147662658;1.0001679685563714;0.9999577013571944;0.9999843956815198;0.999974529410232;1.0;0.9998091800961304;0.9998568223800255;0.9999581077033582;1.0;0.9999681930304027;0.999965572311702;0.9999936687805516;0.9999830390752409;0.9999711180936984;0.9999494947100586;0.999997198102553;0.9999662086389917;0.9999999999999999;1.0002360219165665;0.9999555775626641;0.9999999999999999;0.9999595412559114;1.0;0.9998462650218769;1.0;0.999649287281372;1.0;0.9997384574575623;1.0;0.9991237468962598;0.9989270153680697;0.9987778019832617;1.0;0.9999983163325338;0.9999521595158405;0.9999767054838955;0.9998350490579654;1.024999976158142;
2016-09-20 16:30:00;0.9999492789803075;1.0;0.9999846054541294;0.9999509830419794;0.9999934980824817;0.9999550117727382;1.0001642501821446;0.9999624459418757;0.9999855968529949;0.9999753866634227;1.0;0.9998026589798419;0.9998507923395661;0.9999617661306568;0.9999999999999999;0.9999724905275934;0.9999701114301973;0.9999920336029093;0.9999828709357286;0.9999719136691202;0.9999477884736077;0.9999976343099622;0.999970634186023;1.0;1.0002308393324588;0.9999554375981582;0.9999999999999999;0.9999618917304456;0.9999999999999999;0.9998616395188104;1.0;0.9996852552552203;1.0;0.9997518366732906;1.0;0.9992226256722886;0.9990843594514093;0.9990126666952124;1.0;0.9999981089854489;0.9999507037372927;0.9999780395288677;0.9998288920118449;1.024999976158142;
2016-09-20 16:45:00;0.9999359860241523;1.0;0.9999818323256149;0.9999393728356161;0.9999925239161764;0.9999452171372122;1.000166181416528;0.9999559260101609;0.999984893725419;0.9999687147300966;0.9999999999999999;0.9997925020312077;0.9998415434927624;0.9999533217474806;0.9999999999999999;0.9999668282018787;0.9999639870351774;0.999990396107312;0.9999779623664147;0.9999665119507576;0.9999335819051169;0.9999981537376953;0.9999645847550808;1.0;1.0002337602181672;0.9999443948975647;1.0;0.9999532165819842;1.0;0.9998469847063304;1.0;0.9997239511611544;0.9999999999999999;0.9997761354448482;1.0;0.9993226725152429;0.9992182927318896;0.9991915478001477;0.9999999999999999;0.9999976880991965;0.9999376553102565;0.9999747288767395;0.9998189486671145;1.024999976158142;
2016-09-20 17:00:00;0.9999545116546469;0.9999999999999999;0.9999866753291476;0.9999563250689354;0.9999951083953313;0.9999603148148697;1.0001626038112106;0.9999672216028973;0.9999889560621034;0.9999774378854625;1.0;0.9997967325605511;0.9998464850415255;0.9999655625330913;1.0;0.9999752360814566;0.9999731515682949;0.9999938951416384;0.9999844287237531;0.9999761235064021;0.9999538591971807;0.9999985544013088;0.9999736144940455;1.0;1.000228461865669;0.9999609508957995;1.0;0.9999660079188374;1.0;0.9998505727560624;1.0;0.9997172760633963;1.0;0.9997891657177821;1.0;0.9992934205922654;0.9991856695613386;0.9991563247705549;1.0;0.9999984325658342;0.9999566838658491;0.9999816408940961;0.9998236128871262;1.024999976158142;
2016-09-20 17:15:00;0.9999570546325488;1.0;0.9999866329122902;0.9999585137872193;0.9999948185537963;0.9999618262166883;1.0001613089113064;0.9999684892893701;0.9999881569479159;0.9999785904422597;1.0;0.9998045856817901;0.9998526384120027;0.9999670779505742;0.9999999999999999;0.9999774758714035;0.9999755006166059;0.999993726326124;0.999985282668602;0.9999765931323946;0.9999565768055954;0.9999981032259296;0.9999759433058178;1.0;1.0002265663388736;0.999963106504663;1.0;0.9999674234716901;1.0;0.9998369679020899;1.0;0.9997494644697182;1.0;0.9997732522371411;1.0;0.9994018722515993;0.9993011291090431;0.999277334360616;1.0;0.9999983855177174;0.9999591980723331;0.9999814180091086;0.9998305990521229;1.024999976158142;
2016-09-20 17:30:00;0.9999557816029604;1.0;0.9999866869537337;0.9999583689428113;0.9999940380249689;0.9999619671004832;1.0001575902584803;0.9999704002641054;0.9999884672940148;0.9999781681514828;0.9999999999999999;0.9999140835275029;0.9999328555298552;0.9999680312021006;1.0;0.9999796427770669;0.999977756746524;0.9999924648189898;0.9999845354054998;0.9999762156675802;0.9999538905502016;0.9999983095512303;0.9999781422574373;1.0;1.0002213848802723;0.999961730392521;1.0;0.9999675836462788;0.9999999999999999;0.9998452885128898;1.0;0.9997644787611006;0.9999999999999999;0.9997965305921045;1.0;0.9994308474369493;0.99938033362598;0.9993557435360129;1.0;0.999998170457941;0.9999568190858263;0.9999814826855665;0.99992405578114;1.024999976158142;
2016-09-20 17:45:00;0.9999544793528022;1.0;0.999986205085549;0.9999576210076973;0.9999931282430243;0.9999612057895553;1.0001579847588717;0.9999708213500793;0.9999876764062308;0.9999776859778625;1.0;0.9999279433017325;0.9999426415668056;0.9999680957512612;1.0;0.9999810063768091;0.9999791389173505;0.9999912453767696;0.9999839155287534;0.9999751565578904;0.9999516485619632;0.9999981047548173;0.9999794978343879;1.0;1.0002219456157673;0.9999602535682347;0.9999999999999999;0.9999670668286651;1.0;0.9998469933498245;1.0;0.9997809650593962;0.9999999999999999;0.9997955499681789;1.0;0.999481217006786;0.9994394029284857;0.999417191899905;1.0;0.9999979503740711;0.999954731329381;0.9999806229050765;0.999935747610249;1.024999976158142;
2016-09-20 18:00:00;0.9999438328546486;1.0;0.9999850302430642;0.9999477610160837;0.9999927024710926;0.9999532772895917;1.0001572962569238;0.9999635890564604;0.999987316390532;0.9999733638969982;1.0;0.9999282729794351;0.9999420081109307;0.9999613946139073;0.9999999999999999;0.999972234891153;0.9999698266972383;0.999990275737288;0.9999806191215551;0.9999707174209813;0.9999396535327433;0.9999986315653675;0.9999702896347182;1.0;1.000221276082845;0.9999500608583478;1.0;0.9999603616407996;1.0;0.9998488012019341;1.0;0.9997525285075866;1.0;0.9997790058745996;1.0;0.9994069958846326;0.9993656314566992;0.9993422160631444;1.0;0.999997880925369;0.9999432565786277;0.999978684309848;0.9999356436528969;1.024999976158142;
2016-09-20 18:15:00;0.9999303834189186;0.9999999999999999;0.9999817910898089;0.9999368049986138;0.9999909118040187;0.9999438972756971;1.0001600561618105;0.9999593561817385;0.99998631069571;0.9999663208545373;1.0;0.9999225570675375;0.9999353832219263;0.9999539255329669;1.0;0.9999703345439905;0.9999676158866868;0.9999875443232547;0.9999751934123258;0.9999650978291501;0.9999246442858699;0.999999044122283;0.9999680944815669;1.0;1.0002253025754848;0.9999391658244183;1.0;0.9999520036893882;0.9999999999999999;0.9998247649004849;0.9999999999999999;0.999750351599266;1.0;0.9997731897281794;0.9999999999999999;0.9994048294289711;0.9993671411881162;0.9993449317654435;1.0;0.9999971875199369;0.9999296870256992;0.999974910998081;0.9999290604294226;1.024999976158142;
2016-09-20 18:30:00;0.9999352286049551;1.0;0.9999838856242759;0.9999414457486356;0.9999909597813271;0.9999483499877947;1.0001573915563569;0.9999623727641841;0.9999870690242988;0.9999697374894468;0.9999999999999999;0.999933114158342;0.9999435814220099;0.999958569457994;1.0;0.9999714541743959;0.9999688876151247;0.9999874668235751;0.9999772461387717;0.9999671145767776;0.9999282060723157;0.999999082760224;0.9999693174284116;1.0;1.0002215913941543;0.9999418836873335;1.0;0.9999562215924188;1.0;0.9998348197323103;1.0;0.9997566592392598;1.0;0.999770470388074;1.0;0.9994255187205848;0.9993898141349606;0.9993663981747994;0.9999999999999999;0.9999973977198702;0.9999326876285227;0.9999770091767782;0.9999387000863588;1.024999976158142;
2016-09-20 18:45:00;0.9999175942123082;1.0;0.9999794634133057;0.999925525566723;0.9999887726704033;0.9999343324119532;1.00015995315441;0.9999522975573841;0.9999839307937518;0.9999612409890228;1.0;0.9999327933076978;0.9999414546751956;0.9999470554622537;1.0;0.9999638526716774;0.9999606045171366;0.999984404986895;0.9999709607925236;0.9999584676409061;0.9999090386668881;0.9999989655074861;0.9999611521833973;1.0;1.0002254491870424;0.9999264646041017;1.0;0.9999442049891333;1.0;0.999823877668214;1.0;0.9997735415838526;1.0;0.9997707257939036;1.0;0.9994764702443026;0.9994559407413455;0.9994475996856196;0.9999999999999999;0.9999967139582469;0.9999148164550602;0.9999709472010071;0.9999372497820556;1.024999976158142;
2016-09-20 19:00:00;0.9999161765149568;1.0;0.99997768206446;0.9999224181563203;0.9999892327734531;0.9999306921159317;1.0001608791435983;0.999946864010148;0.9999817223945431;0.9999598998102047;1.0;0.9999409250425589;0.9999486880282649;0.9999426649919556;1.0;0.9999599413071506;0.9999564250840376;0.9999855711275983;0.9999708048730097;0.9999567743275102;0.9999100396339679;0.9999981892644492;0.9999570927243827;1.0;1.000226695579277;0.9999259794864327;1.0;0.9999410203382861;1.0;0.9998270374421298;1.0;0.9997645679615546;1.0;0.9997497663534601;1.0;0.999463970877943;0.9994443494620404;0.9994348340431396;1.0;0.9999968005526186;0.9999156015357078;0.9999685648324202;0.9999448094262641;1.024999976158142;
2016-09-20 19:15:00;0.9999045939598109;1.0;0.999973035756368;0.9999127346177438;0.9999871069688107;0.9999214361547415;1.0001605405927567;0.9999430980612914;0.9999789609540884;0.9999528083217215;1.0;0.9999298027139224;0.9999385093396181;0.9999349551514854;1.0;0.9999614510818345;0.9999577385295236;0.9999828954186724;0.9999657415758089;0.9999510074757247;0.9998983506270664;0.999997803373076;0.9999584192272141;1.0;1.0002262019624728;0.9999177958783891;1.0;0.9999326652449105;1.0;0.9998453135539126;1.0;0.9997669414911142;0.9999999999999999;0.999747566655999;1.0;0.9994722933853002;0.9994533738392619;0.999444651870131;1.0;0.9999959207609846;0.9999053490911681;0.9999631940419391;0.9999336580108402;1.024999976158142;
2016-09-20 19:30:00;0.99990749646824;1.0;0.9999724725126149;0.9999151557222136;0.9999873675030818;0.9999229447849342;1.0001612540452807;0.9999446645024457;0.9999785557081009;0.9999532803976643;0.9999999999999999;0.9999305977402527;0.9999395067449149;0.9999356677060176;1.0;0.9999647605164317;0.9999612138913542;0.9999835667250951;0.9999664572370152;0.9999520990645892;0.9999027622783442;0.9999974441401839;0.9999618797700011;1.0;1.0002270411142347;0.9999215306251443;1.0;0.9999337322677003;1.0;0.9998351653036066;1.0;0.9997599053709353;1.0;0.9997555982756953;1.0;0.9994457417934534;0.9994268718548289;0.9994177375255172;0.9999999999999999;0.9999958747492123;0.9999097386934418;0.9999629429635718;0.9999343375379997;1.024999976158142;
2016-09-20 19:45:00;0.999922923604626;1.0;0.9999767117369602;0.9999283859292333;0.9999896524842355;0.9999346840860116;1.0001524653802654;0.9999513247978301;0.9999810940247176;0.9999612058090465;1.0;0.9999390195849595;0.9999479658484177;0.9999450699789133;1.0;0.999968107801129;0.9999650096941283;0.9999867662546611;0.9999724205449663;0.9999594416408786;0.9999196792648809;0.9999974843800835;0.9999656217858143;1.0;1.0002145520391077;0.9999343717078372;1.0;0.9999439657272641;1.0;0.9998329104166731;1.0;0.9997664526929717;0.9999999999999999;0.9997742537631077;1.0;0.9994525569653655;0.9994330035067988;0.9994242817154347;0.9999999999999999;0.9999966674944982;0.9999252163549963;0.9999683497731159;0.999943075307412;1.024999976158142;
2016-09-20 20:00:00;0.9999263958716579;1.0;0.9999784014349008;0.9999325508161276;0.9999899754626044;0.9999388968862364;1.0001517204038441;0.9999560158959938;0.9999831963602387;0.999963029846653;0.9999999999999999;0.999938267746472;0.999946999773871;0.9999490810980726;1.0;0.9999714881164081;0.9999686545739219;0.9999868854364465;0.999973377943929;0.9999620006113875;0.9999223514507709;0.9999980690828258;0.9999691828250632;1.0;1.0002134875232733;0.9999373133236517;1.0;0.9999474948572077;1.0;0.9998252440965081;1.0;0.9997667007833918;1.0;0.9997782323781176;1.0;0.9994505954991174;0.9994311391885595;0.9994220048202462;1.0;0.9999967504926319;0.9999278644219581;0.9999708336196441;0.9999421924295042;1.024999976158142;
2016-09-20 20:15:00;0.9999117791719643;1.0;0.9999744764407335;0.9999189911079246;0.9999875856212587;0.9999266799604265;1.0001504112043087;0.9999465744520395;0.9999792300285301;0.9999564108838196;0.9999999999999999;0.9999345302417032;0.999942951289734;0.9999394876084707;1.0;0.9999645672578598;0.9999611032493798;0.9999837340224257;0.999968395713831;0.9999538631270476;0.9999060379119605;0.9999974829473147;0.9999617438453862;1.0;1.00021188674403;0.999923758943995;1.0;0.9999373217003615;0.9999999999999999;0.9998373493970327;0.9999999999999999;0.9997895239804198;1.0;0.9997859845838943;1.0;0.9995138243573863;0.9994949040251859;0.9994861816936322;1.0;0.999996136443644;0.9999124048200609;0.999964891148694;0.9999383855568482;1.024999976158142;
2016-09-20 20:30:00;0.9999380798812744;1.0;0.9999809505688717;0.9999424209277519;0.9999922338823763;0.9999474090447907;1.0001426918494651;0.9999610536439616;0.9999854041217501;0.9999681277747876;1.0;0.9999457379344305;0.9999542931675426;0.9999550586626288;1.0;0.9999749247898975;0.9999724708908772;0.9999901351555962;0.9999776166849408;0.9999679845189671;0.9999365634984261;0.9999981639740844;0.9999729688412481;0.9999999999999999;1.0002006247996154;0.9999483515482784;1.0;0.9999545646331679;1.0;0.9998465481339219;1.0;0.9998128563167459;1.0;0.9998018270590511;1.0;0.9995730253010942;0.9995544267433314;0.9995457038923385;0.9999999999999999;0.9999973418233361;0.9999411888930815;0.9999747153748909;0.9999494912994742;1.024999976158142;
2016-09-20 20:45:00;0.9999118580910333;0.9999999999999999;0.9999706416248825;0.999915520021445;0.9999881165455057;0.9999212832888656;1.0001466510623673;0.9999379056800225;0.99997398941139;0.99995481696218;1.0;0.9999439509013748;0.9999525647493355;0.9999325587060189;1.0;0.9999605639683442;0.999956745975924;0.9999858092833873;0.9999689138529059;0.9999511229977274;0.9999112473580783;0.9999954329820949;0.9999575879099284;1.0;1.0002063880966776;0.999925628909053;1.0;0.9999326187639981;0.9999999999999999;0.999853300660584;1.0;0.9998091554289538;1.0;0.9998058221767693;1.0;0.9995589912317728;0.9995393805145033;0.9995294515515872;1.0;0.9999961898112213;0.9999170935199395;0.9999597846962315;0.9999477310585524;1.024999976158142;
2016-09-20 21:00:00;0.9998657867244539;1.0;0.9999560046361923;0.9998692345679471;0.9999834112452347;0.9998783654434528;1.0001533927115769;0.9998993196804238;0.9999600001393216;0.999931984861094;0.9999999999999999;0.999936166117007;0.9999454506132475;0.9998946836954865;1.0;0.9999310648679973;0.9999248571203373;0.999980538658427;0.9999537779592882;0.999925204235125;0.9998661881705777;0.9999929383297266;0.9999262876357963;0.9999999999999999;1.0002164267965552;0.9998857083588985;1.0;0.9998961163674145;1.0;0.999846222107184;1.0;0.9998074540100481;1.0;0.9998175421316339;1.0;0.999545938101202;0.9995266211476728;0.9995178985393319;1.0;0.9999947888224973;0.9998743305586559;0.9999389880473588;0.9999401466341845;1.024999976158142;
2016-09-20 21:15:00;0.999868591363057;1.0;0.9999578042102022;0.9998706194160117;0.9999848215055012;0.999880017624945;1.0001525513515062;0.9998972658908655;0.9999609854361194;0.9999342485906358;1.0;0.9999434949226431;0.9999521397580879;0.9998954286320456;1.0;0.9999257273335717;0.9999193620561239;0.9999823581250727;0.999955633033262;0.9999267092452204;0.9998695267884937;0.9999931579540804;0.9999208626707168;1.0;1.0002153419326902;0.9998870757151239;1.0;0.9998977489333964;1.0;0.9998479909960517;0.9999999999999999;0.9998059523406451;1.0;0.9998246179419169;1.0;0.9995365039010196;0.9995158250362203;0.9995051027228137;1.0;0.9999953370137404;0.9998769463956992;0.9999408594493177;0.9999474196261917;1.024999976158142;
2016-09-20 21:30:00;0.9998326581387028;1.0;0.9999527208658867;0.9998350460046777;0.999986818452045;0.9998507510791234;1.0001552694082243;0.9998675144295418;0.9999612619472098;0.9999172594437821;1.0;0.9999363131185444;0.9999455385743398;0.9998666654983991;0.9999999999999999;0.9998906013698303;0.9998821856343366;0.9999840548469353;0.9999444845069722;0.999913406636551;0.9998349345237372;0.9999953810303472;0.9998842041656667;0.9999999999999999;1.0002200246211177;0.9998562554249194;1.0;0.9998718562035492;1.0;0.9998595169975429;0.9999999999999999;0.9998125345326361;1.0;0.9998233746885665;1.0;0.9995570145438035;0.9995382400900905;0.9995295173803541;0.9999999999999999;0.9999956669402554;0.9998441422531483;0.9999345800301307;0.999940122290621;1.024999976158142;
2016-09-20 21:45:00;0.9998276426655754;1.0;0.9999512103106568;0.9998295474377926;0.9999868503475541;0.9998456889130746;1.000154539229628;0.9998620843580727;0.9999599676485528;0.9999146665013167;1.0;0.999937004885055;0.9999462577243405;0.9998616913687989;1.0;0.9998856460165355;0.999876898044097;0.9999842336964977;0.9999429691864348;0.9999107787100358;0.999830705674491;0.9999951866677493;0.9998790142051212;1.0;1.0002190766589205;0.9998520915404858;1.0;0.9998674665482924;1.0;0.9998574056358055;1.0;0.9998267197996412;1.0;0.9998328530334354;0.9999999999999999;0.999593185285549;0.9995741843746105;0.9995650486989262;1.0;0.999995652743262;0.9998400695853015;0.9999325018284063;0.999940785015974;1.024999976158142;
2016-09-20 22:00:00;0.9998719606510389;1.0;0.9999628126064115;0.9998757361776713;0.9999883873801717;0.9998872567388127;1.0001519040040228;0.9999043839555619;0.999970302846631;0.9999358099647669;1.0;0.9999352123454227;0.9999448308281306;0.9999002676869302;1.0;0.9999252024528983;0.9999191472826696;0.9999857186031446;0.9999564331715357;0.9999338672455154;0.9998726570139791;0.999996421455143;0.9999205519621108;1.0;1.0002145876416213;0.9998911661368596;1.0;0.9999029707932197;1.0;0.9998386189262053;0.9999999999999999;0.9998462430244239;1.0;0.999837125423412;1.0;0.9996494358214721;0.9996301168677739;0.9996213933562529;0.9999999999999999;0.9999960817526196;0.9998804324238878;0.9999493135823176;0.9999391928588034;1.024999976158142;
2016-09-20 22:15:00;0.9998431611985914;0.9999999999999999;0.9999553339501454;0.9998441531944865;0.9999886455328031;0.9998587639372221;1.0001512121381768;0.9998725661757274;0.9999634010022546;0.9999221034388244;1.0;0.9999402361660698;0.9999498446153133;0.9998726856465969;1.0;0.9998938602709653;0.9998858001066732;0.9999866110009912;0.9999482968974817;0.9999188108046225;0.999847110732423;0.999995539855871;0.9998877762792996;1.0;1.0002141776147222;0.9998657996497262;0.9999999999999999;0.9998786044895955;1.0;0.9998622408817034;1.0;0.9998553352392638;1.0;0.9998563824582554;1.0;0.9996632225629902;0.9996431390284487;0.9996336217169302;1.0;0.9999961820826032;0.9998555054403093;0.9999383431137119;0.9999442650947198;1.024999976158142;
2016-09-20 22:30:00;0.9998301224006555;1.0;0.9999514155198513;0.9998302331813567;0.9999870089455966;0.9998457917546474;1.0001505988006276;0.999858979076633;0.999958071410084;0.9999166161506943;1.0;0.999941505714553;0.9999510858079897;0.9998616350300971;1.0;0.999882119643906;0.999873199277508;0.99998483819959;0.9999446588574115;0.9999103836326573;0.9998337806990107;0.9999943557726889;0.9998753920175818;1.0;1.000213563524676;0.999853027874764;0.9999999999999999;0.9998680358092685;1.0;0.9998798095287419;1.0;0.9998465520721226;1.0;0.99985769004105;0.9999999999999999;0.999635609991914;0.9996147896825042;0.9996056536357049;1.0;0.999995904172034;0.9998423604085742;0.9999318112129452;0.9999458602189177;1.024999976158142;
2016-09-20 22:45:00;0.9999174820947485;1.0;0.999971663229015;0.9999198097136915;0.9999880825180649;0.999924634814232;1.0001408934322245;0.9999387363892241;0.999972794199348;0.9999582744773905;0.9999999999999999;0.9999513093045889;0.9999592485010833;0.9999358154379483;0.9999999999999999;0.9999610929802784;0.9999573484307231;0.999986080196233;0.9999714222682528;0.9999523310537041;0.9999168827596989;0.9999946883082667;0.9999581924374912;1.0;1.0001982637822688;0.9999292797562769;1.0;0.9999359827441148;1.0;0.9998720222089812;0.9999999999999999;0.9998568723123781;1.0;0.9998684767761867;1.0;0.9996593951510092;0.9996406187743044;0.999631895171136;1.0;0.9999963894501959;0.999921910731459;0.9999602683860312;0.999955118533792;1.024999976158142;
2016-09-20 23:00:00;0.9998768840863647;1.0;0.9999611679329454;0.9998824631216037;0.9999863032127824;0.9998919275157051;1.0001446953752517;0.9999145764677676;0.9999691291349568;0.9999362434912015;0.9999999999999999;0.99992636105319;0.9999368846435828;0.999905576974759;1.0;0.9999418203004289;0.9999365149525116;0.9999833310660454;0.9999564030276629;0.9999353521954041;0.9998773981105427;0.9999956329180733;0.9999377012610458;1.0;1.0002040879772132;0.99989768435042;1.0;0.9999066321443133;1.0;0.9998558997009459;1.0;0.9998717527226946;1.0;0.9998866452354417;1.0;0.9996919192714261;0.9996722820457605;0.9996631454735058;1.0;0.9999952398835499;0.9998858778852271;0.9999481694934557;0.9999303415313359;1.024999976158142;
2016-09-20 23:15:00;0.9998789479273981;1.0;0.9999608222499067;0.9998852002956489;0.9999843721174451;0.9998938061300234;1.0001410559705208;0.9999181231658771;0.9999671755178069;0.9999376582080545;1.0;0.9999255536878626;0.9999358197298893;0.9999089332076689;1.0;0.9999477341922685;0.9999426633021155;0.9999809420401541;0.9999568521180292;0.9999347304102794;0.9998776298343178;0.9999948108991087;0.9999437558753536;1.0;1.000198901616508;0.9998985394509102;1.0;0.9999086984054807;1.0;0.9998711022865647;1.0;0.9998797732862471;1.0;0.9998866230674603;1.0;0.9997159150735855;0.9996956542591561;0.9996861364476551;0.9999999999999999;0.9999948295653264;0.9998860637761298;0.9999470538079712;0.999929638399181;1.024999976158142;
2016-09-20 23:30:00;0.9998991798655782;1.0;0.9999669152922422;0.9999027089297798;0.9999874920452232;0.9999096464275689;1.0001387863499405;0.9999270552452448;0.9999710815688013;0.999948365496329;1.0;0.9999403641025547;0.9999495900353524;0.9999217190678207;1.0;0.9999513775547869;0.99994688257756;0.9999851572957863;0.9999647802192919;0.9999446628662779;0.9998993920262779;0.9999950993897722;0.9999479005490929;1.0;1.0001955423747513;0.9999150495199473;1.0;0.9999225405639592;1.0;0.9998760303012071;1.0;0.9998610936614992;1.0;0.9998858704424293;0.9999999999999999;0.9996600353599936;0.9996401902484425;0.9996306729649985;1.0;0.999995930626657;0.9999059064593804;0.9999547873136442;0.9999443178377011;1.024999976158142;
2016-09-20 23:45:00;0.9999042363889875;1.0;0.9999677333608193;0.9999088418990196;0.9999856885902318;0.9999147961540873;1.0001346103164241;0.9999341183242356;0.9999703747340312;0.9999513340525256;1.0;0.9999405738830347;0.9999490660003618;0.9999282174313903;1.0;0.999960115512616;0.9999560609343547;0.9999827732867153;0.9999660983263353;0.9999459025110877;0.9999020656703873;0.9999945682466889;0.9999569224338745;1.0;1.00018957287998;0.9999184105068939;1.0;0.9999273916633068;1.0;0.9998911311899445;0.9999999999999999;0.9998706333642814;1.0;0.9998990587637391;1.0;0.9996795913318997;0.9996611076590355;0.9996527648910694;0.9999999999999999;0.9999955623422558;0.9999084674611138;0.99995532773417;0.9999443830713424;1.024999976158142;
2016-09-21 00:00:00;0.9999005053354287;1.0;0.9999665828436544;0.9999051448657393;0.9999862898004968;0.9999115275190912;1.0001365204262678;0.999931429447646;0.9999707180578625;0.9999486809350524;0.9999999999999999;0.9999357955286948;0.9999453487830507;0.999924369669788;0.9999999999999999;0.9999578323469033;0.9999536264391469;0.999983570471335;0.9999645976888989;0.9999449459646458;0.9998996696540063;0.9999948766698633;0.9999545414595647;1.0;1.0001922610154508;0.9999164724982555;1.0;0.9999241610972464;0.9999999999999999;0.9998883648226162;0.9999999999999999;0.9998697586598965;1.0;0.9999021251734325;1.0;0.9996749094853986;0.9996544237052888;0.9996444935995867;1.0;0.9999955544660035;0.9999064814371371;0.9999544984035807;0.9999398512380708;1.024999976158142;
2016-09-21 00:15:00;0.9999072054926353;1.0;0.9999706494835597;0.9999134660924215;0.9999854158021741;0.9999201017639118;1.0001331524433172;0.9999405634073836;0.9999733415501488;0.999953942502374;0.9999999999999999;0.9999361679589568;0.9999446999758939;0.9999343705056855;1.0;0.9999636687442941;0.9999599159906045;0.9999817006917749;0.9999669521703889;0.9999484984553032;0.9999019696678221;0.9999955444912432;0.9999606420664803;1.0;1.0001876230934705;0.9999195229169723;1.0;0.9999321448516436;1.0;0.9998943834629814;0.9999999999999999;0.9998798176798459;0.9999999999999999;0.999917211972198;1.0;0.9996947462143381;0.9996753894532484;0.9996670465660921;1.0;0.9999956192434469;0.9999083550238673;0.999958922001681;0.9999402527136346;1.024999976158142;
2016-09-21 00:30:00;0.9999363188400636;1.0;0.9999807013251907;0.9999412005087969;0.9999898944379104;0.9999461723473693;1.0001268017240876;0.9999605056847828;0.9999826651127723;0.9999688637840478;1.0;0.9999462641714727;0.9999542580746901;0.9999562627673855;1.0;0.9999751916292817;0.9999726551904551;0.9999870449020106;0.999977331044895;0.9999651337474958;0.9999316605832494;0.9999973211415455;0.9999731221994521;1.0;1.0001784574537045;0.9999442286175786;0.9999999999999999;0.9999543649134807;0.9999999999999999;0.9999070015022004;1.0;0.9998877173760625;1.0;0.9999096781366795;1.0;0.9997235950034147;0.9997034256871993;0.9996939078017089;1.0;0.9999970087405047;0.9999360782462201;0.9999728290684867;0.9999503199233092;1.024999976158142;
2016-09-21 00:45:00;0.9999481516450737;1.0;0.9999844636428135;0.9999520034276765;0.9999918736805575;0.9999561388571073;1.000124011827604;0.9999674236127387;0.9999859570786348;0.9999748014665901;1.0;0.9999531934874288;0.9999605937496767;0.999964325140205;1.0;0.9999789664684152;0.9999768678064969;0.9999895664097702;0.9999816546247766;0.9999716264820981;0.999944323179109;0.9999978494949401;0.9999772577482968;1.0;1.0001744248222117;0.9999544008233426;1.0;0.9999628552727723;0.9999999999999999;0.9999118547359405;1.0;0.999896900475009;1.0;0.9999196385062119;1.0;0.9997443963896985;0.9997258269476758;0.9997174836395885;1.0;0.9999976165612492;0.9999478475957545;0.9999780199074365;0.9999570295228998;1.024999976158142;
2016-09-21 01:00:00;0.9999580342193329;1.0;0.9999871637507374;0.99996071808306;0.9999933754957813;0.9999639120052697;1.0001204163891333;0.9999724290423203;0.9999879246642419;0.9999796898087039;1.0;0.9999582099829292;0.9999655479129185;0.9999705387320214;1.0;0.9999820012852497;0.9999802382601055;0.9999916259829433;0.9999853251056228;0.9999765815804255;0.9999551928993345;0.9999979933981408;0.9999805790728317;1.0;1.000169259759128;0.9999629191810981;1.0;0.9999695306281758;1.0;0.9999427894158716;0.9999999999999999;0.9998819293338166;1.0;0.9999140168496252;1.0;0.9997028969713896;0.9996828688424894;0.9996729384542263;1.0;0.9999980930978724;0.99995791154124;0.9999816614021547;0.9999621212330019;1.024999976158142;
2016-09-21 01:15:00;0.9999548950272732;1.0;0.9999862144402846;0.9999579811421142;0.9999941433981391;0.9999616208777335;1.000123181417424;0.9999713135156767;0.9999890495853193;0.9999770643877401;1.0;0.9999521792422678;0.9999606292701065;0.9999674376029793;1.0;0.9999812839615045;0.9999794689530894;0.9999925578920215;0.9999838185098453;0.9999764048148296;0.999953450544082;0.9999985497954342;0.9999798349297639;1.0;1.0001731186442013;0.9999619508013505;1.0;0.9999669799978596;0.9999999999999999;0.9999316047174875;1.0;0.9998756836792119;1.0;0.9999143292003111;1.0;0.999683938330568;0.9996646734292207;0.9996563306314961;0.9999999999999999;0.9999980636212588;0.9999567260010741;0.9999814473441216;0.9999562350180957;1.024999976158142;
2016-09-21 01:30:00;0.9999617448112186;0.9999999999999999;0.9999885533872456;0.9999646274357394;0.9999947886727225;0.9999678087332369;1.000120492869669;0.9999762801180268;0.9999908021755398;0.9999807895523741;1.0;0.9999548232812242;0.9999629919546554;0.9999730435151981;1.0;0.9999845220274061;0.9999830053168015;0.9999932828052993;0.9999862700780568;0.9999799723177716;0.9999599192691939;0.9999988170432013;0.9999832984575516;1.0;1.0001692931975474;0.9999673851023595;1.0;0.9999723865588298;0.9999999999999999;0.9999390621036253;0.9999999999999999;0.9998801425686961;1.0;0.999916000311304;1.0;0.9996961733999588;0.9996760046369715;0.999666487012549;1.0;0.9999983245907549;0.9999627017768379;0.9999844531550536;0.999958879067776;1.024999976158142;
2016-09-21 01:45:00;0.9999646082531574;1.0;0.9999896765715578;0.9999672850025592;0.9999945305205371;0.9999702534470735;1.000115695266873;0.9999777900814057;0.9999906952089035;0.9999829682941785;1.0;0.999957869787843;0.9999655342158744;0.9999758567524764;1.0;0.999985161836963;0.999983718499707;0.9999929112082103;0.999987543520196;0.9999807717717588;0.9999617918125822;0.999998645044155;0.9999839843974898;1.0;1.0001625863568608;0.9999686838883448;1.0;0.9999748376092347;1.0;0.9999675931798719;1.0;0.9998861335217661;1.0;0.9999139071171407;1.0;0.9997155096859378;0.9996961525228122;0.9996878094623758;1.0;0.9999984126863015;0.9999641686835057;0.9999853181919283;0.9999619546311733;1.024999976158142;
2016-09-21 02:00:00;0.9999641154629315;1.0;0.9999904390386135;0.9999666212425574;0.9999954310793517;0.9999701674600945;1.0001144452563653;0.9999767236254726;0.999992026736356;0.9999829288619623;1.0;0.9999603024965463;0.9999674903605652;0.9999752447319565;1.0;0.9999821828187879;0.9999806442865131;0.9999939053021215;0.9999876132620209;0.9999813971127521;0.9999615656125762;0.9999991718513119;0.9999809417683329;1.0;1.0001609099557345;0.9999682057169014;1.0;0.9999746557325706;1.0;0.9999663082550353;1.0;0.9998991331483723;1.0;0.999926424560522;1.0;0.999746133469657;0.9997276485664557;0.9997193052431661;1.0;0.9999986564885388;0.9999638848021274;0.9999864597718363;0.9999641117600083;1.024999976158142;
2016-09-21 02:15:00;0.9999692677193286;1.0;0.9999913486059221;0.999970879160624;0.9999962642195748;0.9999736977182594;1.0001158972192874;0.9999787276257395;0.9999925682252746;0.999985164244388;1.0;0.9999622740964419;0.9999697940762787;0.9999777585538348;1.0;0.9999838660720692;0.9999824889455936;0.9999951919035895;0.9999894886705538;0.9999837651258767;0.9999678619968435;0.9999990530845948;0.9999827757889208;1.0;1.0001628411630248;0.9999730299436376;1.0;0.9999776262129615;1.0;0.9999654257370522;1.0;0.9998984688900829;1.0;0.9999232184219399;1.0;0.99974632790047;0.9997273001766857;0.9997189568563034;1.0;0.99999888344659;0.999969763500555;0.9999878054003398;0.9999662547175494;1.024999976158142;
2016-09-21 02:30:00;0.9999601314290427;1.0;0.9999874222098268;0.9999626148829707;0.9999945752221816;0.99996560507046;1.000118223522649;0.9999740062206599;0.9999895051377015;0.9999797219601958;1.0;0.9999553904939893;0.9999636409625055;0.9999708665641772;1.0;0.9999834387496852;0.9999818084912865;0.9999932286387914;0.99998574987838;0.9999786414350975;0.9999589811959101;0.9999984193807028;0.9999821426509897;1.0;1.0001660935989864;0.999966280321831;1.0;0.9999704935864495;1.0;0.99996745475519;1.0;0.9998831611034334;1.0;0.9999223209122158;1.0;0.999700785638253;0.9996818378670231;0.9996739076238595;0.9999999999999999;0.9999982415080901;0.999961806683879;0.9999829250101084;0.9999594462828417;1.024999976158142;
2016-09-21 02:45:00;0.9999640046672408;1.0;0.999989383509226;0.9999665142299228;0.9999954594560182;0.9999696158886006;1.0001174539234599;0.9999771019997261;0.999991665524656;0.9999819053652151;1.0;0.9999564213274649;0.9999645450000904;0.999974254700412;1.0;0.9999843557515261;0.9999828904940191;0.9999941435210447;0.9999871705061056;0.9999813747801516;0.9999626156189262;0.9999990025340161;0.9999831834252358;1.0;1.0001650211183761;0.9999693986114586;1.0;0.9999738843999926;1.0;0.99997355589709;0.9999999999999999;0.9998794406368088;1.0;0.9999188168539028;1.0;0.9996919499769482;0.9996721365332748;0.9996629999623501;0.9999999999999999;0.9999985146044248;0.9999651875767314;0.999985643543504;0.999960457768838;1.024999976158142;
2016-09-21 03:00:00;0.9999663189317317;1.0;0.9999899893050919;0.9999685164221407;0.9999949695446883;0.9999712589970362;1.0001159358333485;0.9999779467005541;0.9999908779051574;0.9999837183530762;1.0;0.9999592357145356;0.9999669737089224;0.999976392759977;1.0;0.9999850425771769;0.9999836229638187;0.9999935755300897;0.9999882463930186;0.9999815659210834;0.9999640917870317;0.9999986019096052;0.9999838984214393;1.0;1.000162893940343;0.999970298583816;1.0;0.999975677009133;1.0;0.9999789311182173;1.0;0.9998767411450725;1.0;0.9999160349128698;0.9999999999999999;0.9996856925621391;0.999666207776199;0.9996578649656692;1.0;0.999998535224855;0.9999662861585001;0.9999857716608785;0.999963360873529;1.024999976158142;
2016-09-21 03:15:00;0.9999706322108414;0.9999999999999999;0.9999916610682396;0.9999721247342018;0.9999963507272118;0.9999747705545552;1.000113703834906;0.9999795390317088;0.9999927035916878;0.9999858462946324;1.0;0.9999622338437193;0.9999698983051997;0.9999787066088986;0.9999999999999999;0.9999845731900896;0.9999832508739501;0.9999953274057453;0.9999899715210602;0.9999843572198023;0.9999692710189358;0.9999990233822803;0.9999835267434473;1.0;1.00015974569417;0.9999741686742433;1.0;0.999978568032543;1.0;0.9999748825315763;1.0;0.9998965682438249;0.9999999999999999;0.9999309617753781;1.0;0.9997352660019732;0.9997143942334009;0.9997040824997618;1.0;0.9999989207339076;0.9999710671123735;0.9999881958434516;0.9999663187048766;1.024999976158142;
2016-09-21 03:30:00;0.9999627157276368;1.0;0.9999889135171154;0.9999653316811281;0.9999943519846013;0.9999683665326179;1.000114317123097;0.9999761240811705;0.9999900172133536;0.999981915063025;1.0;0.9999587331683222;0.999966152897946;0.9999741068606088;1.0;0.9999841183923505;0.9999825798116851;0.9999927557374538;0.9999868960980443;0.999979673771658;0.9999601356307944;0.9999984950596085;0.9999828723652954;1.0;1.0001606651617918;0.9999672038986639;0.9999999999999999;0.9999732028513043;1.0;0.9999688663309382;0.9999999999999999;0.999900499379963;1.0;0.9999283989252409;1.0;0.9997488883077981;0.9997300804016573;0.9997217370580724;1.0;0.999998342145008;0.9999626270615409;0.9999843104971926;0.9999626444204414;1.024999976158142;
2016-09-21 03:45:00;0.9999552970356637;1.0;0.999986920840744;0.9999589641355866;0.9999940787649303;0.9999628610637535;1.0001166371572954;0.9999730834626748;0.9999899737354838;0.999977501591221;0.9999999999999999;0.9999505373518116;0.9999589946019503;0.9999688825703157;1.0;0.9999823012162938;0.999980568014626;0.9999922511753017;0.9999838566111509;0.9999770569771895;0.9999530319933122;0.9999988868009152;0.9999808955117626;1.0;1.0001639745877278;0.9999620363200238;1.0;0.9999680485396253;1.0;0.9999657374615608;1.0;0.9998875061634909;0.9999999999999999;0.9999200096024898;1.0;0.999715474492175;0.9996958242365621;0.9996871001516302;1.0;0.9999980587328856;0.999956378418257;0.9999824086874731;0.9999546221651887;1.024999976158142;
2016-09-21 04:00:00;0.9999638701938659;1.0;0.9999885166674359;0.999965929974865;0.9999951458546809;0.9999685985507645;1.0001168449761224;0.9999759233636828;0.9999903044866421;0.9999816284958467;1.0;0.9999561461121178;0.9999646610321175;0.9999732968982423;1.0;0.9999844936109882;0.9999829884619429;0.9999939938956955;0.9999871588196253;0.9999805350535239;0.9999630131434182;0.9999984950197214;0.9999833033775276;1.0;1.0001641202673297;0.9999694341681985;1.0;0.9999730787336831;1.0;0.9999677878490886;0.9999999999999999;0.9998814791636103;0.9999999999999999;0.9999220810354141;0.9999999999999999;0.9996958771359994;0.9996759775658609;0.9996676346737966;0.9999999999999999;0.9999984298699991;0.9999655263143247;0.9999843731858415;0.9999604022971081;1.024999976158142;
2016-09-21 04:15:00;0.9999725195788665;1.0;0.9999908318092741;0.9999727194540338;0.9999965667755392;0.9999744982430647;1.0001155826265764;0.999977861499198;0.9999910968166132;0.9999863153397281;1.0;0.9999673297516435;0.9999746954946653;0.9999778252164165;1.0;0.9999843062029447;0.9999829446019437;0.9999960904820557;0.9999908175978026;0.9999842118973196;0.9999727901761337;0.9999982887702276;0.9999832691538866;1.0;1.0001622770086134;0.9999762581386564;1.0;0.9999783686265767;1.0;0.9999700503598407;1.0;0.9998837048648502;1.0;0.9999190553412063;1.0;0.9997046549311907;0.9996858478571962;0.9996775048827582;1.0;0.999998975860324;0.9999742699102768;0.9999870180055505;0.9999712410373875;1.024999976158142;
2016-09-21 04:30:00;0.9999819604106275;0.9999999999999999;0.9999940534846358;0.9999819174600019;0.9999980604145341;0.9999831543194412;1.0001125996573237;0.9999849925198853;0.9999944048271419;0.9999909530020763;0.9999999999999999;0.9999683735821964;0.9999759850915749;0.9999850667637543;0.9999999999999999;0.9999888886360823;0.9999879663316426;0.9999978476501374;0.9999940334766276;0.9999898250127015;0.9999824853786015;0.9999989655248697;0.9999881938729736;1.0;1.0001579925964765;0.9999845608840506;1.0;0.999985651497067;1.0;0.9999730961099084;1.0;0.9998922137484522;1.0;0.9999284259586292;1.0;0.9997238761338443;0.9997043173671437;0.9996955932080945;1.0;0.9999993979345904;0.9999834322015826;0.9999916648728987;0.9999724294237079;1.024999976158142;
2016-09-21 04:45:00;0.9999847772788398;0.9999999999999999;0.9999945917321987;0.9999847651407207;0.999998151679332;0.9999856049879848;1.0001116309424471;0.9999875276559015;0.9999948645119805;0.9999921612423857;1.0;0.9999684090444632;0.9999760662844163;0.9999872775296154;0.9999999999999999;0.9999915809086108;0.9999908299568574;0.9999979895018156;0.9999948523768774;0.9999912013821741;0.9999853662664088;0.9999989639984918;0.9999910159975376;0.9999999999999999;1.0001565676993163;0.9999871951821839;1.0;0.999987717838625;1.0;0.9999736095608484;1.0;0.9999012856597698;1.0;0.9999249424047594;0.9999999999999999;0.9997536120757313;0.9997343458317021;0.9997260024525196;1.0;0.9999994102659292;0.9999862218207685;0.999992508063883;0.9999724648861186;1.024999976158142;
2016-09-21 05:00:00;0.9999695514279806;1.0;0.999990039151334;0.9999707707150867;0.9999966123478722;0.9999729637794388;1.0001148807590963;0.9999784616626912;0.9999920476262182;0.999984048985352;0.9999999999999999;0.999959425528815;0.9999679193305429;0.9999761563321593;1.0;0.9999856515011478;0.9999843288087212;0.999995975201681;0.9999892159269677;0.999983888779855;0.99997009306793;0.9999987918925464;0.9999846318536117;1.0;1.0001612796217112;0.9999749724091697;1.0;0.999976609531112;1.0;0.9999691748880518;1.0;0.9998851023641726;1.0000000000000002;0.9999215451968009;1.0;0.9997071546482221;0.9996866741562576;0.9996771564302537;1.0;0.9999987917819635;0.9999722031128899;0.9999868067101645;0.9999635797330562;1.024999976158142;
2016-09-21 05:15:00;0.9999670874822371;1.0;0.9999897525379104;0.99996866214506;0.999996022883458;0.9999712341979661;1.000118456419647;0.9999771870199466;0.9999914959140629;0.9999833036459401;0.9999999999999999;0.9999595136824643;0.9999676521827856;0.999975182727516;1.0;0.999984306347658;0.999982876551382;0.9999951022715315;0.9999884569976293;0.999982484445693;0.999966683232475;0.9999987503036758;0.9999831878780303;1.0;1.0001663658452349;0.9999721754537277;1.0;0.9999753011376733;1.0;0.9999680604786764;1.0;0.999860006133222;1.0;0.9998921549609877;1.0;0.9996516516290676;0.9996320026279469;0.9996232790999693;0.9999999999999999;0.9999986929912849;0.9999688874602308;0.9999860778072377;0.9999635985325099;1.024999976158142;
2016-09-21 05:30:00;0.9999709226442097;1.0;0.9999908911601563;0.9999721152576374;0.9999961736335037;0.9999743042959877;1.000116525387983;0.9999791969796424;0.9999917720214494;0.9999855783701957;1.0;0.9999629118919102;0.9999706102612489;0.9999781218334618;1.0;0.9999855784510686;0.9999842719404587;0.9999953250526731;0.9999899768394275;0.9999839946818304;0.9999702326614599;0.9999986435177545;0.9999845559067495;1.0;1.0001636318301819;0.9999748828560625;1.0;0.9999781309013576;1.0;0.9999693405358842;0.9999999999999999;0.9998616140862973;1.0;0.9999151024268378;1.0;0.9996407467472898;0.9996200531597302;0.9996097423991889;1.0;0.9999988322773324;0.9999720412289338;0.999987265356013;0.9999669409119247;1.024999976158142;
2016-09-21 05:45:00;0.9999845795774578;0.9999999999999999;0.9999946781389477;0.9999844860513143;0.9999981989845603;0.9999854130337882;1.0001151946882463;0.9999870684767967;0.9999948472044912;0.9999922019048026;1.0;0.9999691359589906;0.9999766708206929;0.999987107304667;1.0;0.9999908279505234;0.9999900420430462;0.9999980368070364;0.9999948788404331;0.9999910883364076;0.9999851041577492;0.9999989774681097;0.9999902372734074;1.0;1.0001615821042578;0.9999868472710037;1.0;0.9999875934824881;1.0;0.9999747627528296;1.0;0.9998581827638667;1.0;0.9999020556724337;1.0;0.9996393213052392;0.9996201418255802;0.9996117993994984;1.0;0.9999994445868549;0.9999859133798524;0.9999925326337883;0.9999731650040828;1.024999976158142;
2016-09-21 06:00:00;0.9999782612797679;1.0;0.9999922246877356;0.999978134203853;0.9999975106650216;0.9999793229934937;1.000118127470855;0.9999819138188297;0.9999927113965549;0.999988712768951;1.0;0.9999556500513727;0.999966466925631;0.9999815504551213;1.0;0.9999876850099102;0.999986600118862;0.9999973484876091;0.9999926584989258;0.9999874915045742;0.9999793582576173;0.9999985336186109;0.999986873950011;1.0;1.0001657303350862;0.9999818563382653;1.0;0.9999823129436677;1.0;0.9999742914201135;1.0;0.9998643738852468;1.0;0.9998877338976527;1.0;0.9996678241173435;0.9996427470405095;0.999633610738192;1.0;0.9999991843368266;0.9999805761911505;0.9999892997477101;0.9999613477922377;1.024999976158142;
2016-09-21 06:15:00;0.9999723674843368;0.9999999999999999;0.9999910449703174;0.9999737415059428;0.9999968797388235;0.9999757820315086;1.0001244794003745;0.9999812162367716;0.9999930890614153;0.9999854699337947;1.0;0.9999406887993885;0.999954021439895;0.9999787326832043;1.0;0.999987761485412;0.9999866047608348;0.9999962258110117;0.9999901028342023;0.9999855752701748;0.9999726808116465;0.9999990144447364;0.9999868629970624;1.0;1.0001746985854605;0.9999773879661181;1.0;0.9999790015338091;1.0;0.9999738846954539;1.0;0.9998523794405495;1.0;0.999864046355913;1.0;0.999647918411387;0.9996196207681038;0.9996108973481795;0.9999999999999999;0.9999988711847702;0.9999746835043335;0.999988242508375;0.9999475038933715;1.024999976158142;
2016-09-21 06:30:00;0.999971560363638;1.0;0.999991378180669;0.9999725054593309;0.9999975910208132;0.9999749567248292;1.0001252241958039;0.9999792239188929;0.9999936650808102;0.9999852484709194;1.0;0.9999436145162641;0.9999565156747764;0.9999774711066342;1.0;0.9999844053219779;0.9999831082322602;0.9999970948135176;0.9999901199381546;0.9999856188173541;0.9999723333160244;0.9999992771005831;0.9999834144276533;1.0;1.0001758076507747;0.9999765896171655;1.0;0.9999782481613725;0.9999999999999999;0.999970230324819;0.9999999999999999;0.9998452377970958;0.9999999999999999;0.9998863592857193;1.0;0.9996110799394754;0.9995831624386061;0.999574026680866;1.0;0.999999078492848;0.999974224066597;0.9999886838546896;0.9999502098878431;1.024999976158142;
2016-09-21 06:45:00;0.9999624065885497;1.0;0.9999874240361832;0.9999642204089121;0.9999956586086322;0.9999667991439999;1.0001310372185326;0.9999744198180296;0.9999902365990522;0.9999799762047075;0.9999999999999999;0.9999373833962327;0.999950856305222;0.9999707579592055;0.9999999999999999;0.9999840134913707;0.9999824552377202;0.9999948299415159;0.9999864312272206;0.9999802100908116;0.9999631388899312;0.999998517253796;0.9999828067810304;0.9999999999999999;1.000183953572686;0.9999695313333862;0.9999999999999999;0.9999711646987245;0.9999999999999999;0.9999515685745917;1.0;0.9998177390989162;1.0;0.999866224053325;1.0;0.9995420893668783;0.9995066515088256;0.9994879938829498;1.0;0.9999984072538308;0.9999659075049345;0.9999835790056879;0.9999440406327533;1.024999976158142;
2016-09-21 07:00:00;0.9999606719584354;1.0;0.9999860923387419;0.9999617959431079;0.9999938190576525;0.9999638568453332;1.0001347472649753;0.9999708322419725;0.9999862181296153;0.9999801565210752;0.9999999999999999;0.9999415774590222;0.9999544584725825;0.9999694942339836;1.0;0.9999823144005405;0.9999805418761345;0.9999928096310748;0.9999863628202117;0.9999767610181567;0.999960177607755;0.9999971623115448;0.9999809370767074;1.0;1.000189192157308;0.9999661557026783;0.9999999999999999;0.9999694100318318;1.0;0.9999539946317422;0.9999999999999999;0.9998123109483085;1.0;0.9998705177469156;1.0;0.9995227426101273;0.999487406244932;0.9994696479282228;1.0;0.9999981619272025;0.9999625690626723;0.9999803698935738;0.9999484216030663;1.024999976158142;
2016-09-21 07:15:00;0.9999375861485761;0.9999999999999999;0.9999770330788961;0.9999364540835923;0.999992218883927;0.9999394022364106;1.0001457165567618;0.999945985784241;0.9999769216120671;0.9999679638953634;0.9999999999999999;0.9999096242769364;0.9999317058617841;0.9999463692359394;1.0;0.9999635768213813;0.9999603524585053;0.9999918528817151;0.9999792365251247;0.9999626193084533;0.9999406411343805;0.9999950058821621;0.9999611744423813;1.0;1.0002047744047735;0.9999470878396343;0.9999999999999999;0.9999485185646932;0.9999999999999999;0.9999555574216126;1.0;0.9997422279155589;1.0;0.9998374701826759;1.0;0.9993340584796111;0.9991962915672876;0.9990653821085292;1.0;0.9999976188977309;0.99994382095145;0.9999676953735059;0.9999213267207799;1.024999976158142;
2016-09-21 07:30:00;0.9999406089195121;0.9999999999999999;0.9999828808182303;0.9999401110412353;0.9999964936515122;0.999945658586687;1.0001453882145603;0.999949307414204;0.9999861106262061;0.9999703722604754;1.0;0.9998969425943944;0.9999220819683544;0.9999500927461465;1.0;0.9999568221550631;0.9999536359760285;0.9999961292116305;0.9999807770109828;0.9999693431389234;0.9999434393276772;0.9999982752349791;0.9999544480231323;1.0;1.000204599476398;0.9999495591574751;0.9999999999999999;0.9999532189218524;1.0;0.9999571358295496;0.9999999999999999;0.9997346466808578;1.0;0.9998446681531423;1.0;0.9993062438664613;0.9991392343126505;0.9989766389162043;0.9999999999999999;0.9999987379420887;0.9999464474547498;0.9999765272228416;0.9999101794521127;1.024999976158142;
2016-09-21 07:45:00;0.9998984826660237;1.0;0.9999636136350967;0.999902105498276;0.9999918344020752;0.9999083539452949;1.000164088590899;0.9999293680726818;0.9999759560660907;0.9999416752727184;0.9999999999999999;0.9997796016615611;0.9998301257535555;0.9999148263488122;1.0;0.9999578557316432;0.9999537269675148;0.999991247817293;0.9999622547803121;0.9999491500794715;0.9999077501060023;0.9999966831743864;0.9999547712262746;1.0;1.000230521934019;0.9999239072013152;0.9999999999999999;0.9999186150623691;1.0;0.9999533515187278;1.0;0.9996741774480141;1.0;0.9998198109840217;1.0;0.9991410376407134;0.9989452191551388;0.9987908940764325;1.0;0.9999959645769626;0.999915993769753;0.9999556198369092;0.9998039416308472;1.024999976158142;
2016-09-21 08:00:00;0.9999010274288259;0.9999999999999999;0.9999648422433093;0.9999051431989863;0.9999928874765839;0.9999115430995031;1.0001664251196243;0.9999329684410635;0.9999786249191478;0.9999423774450041;1.0;0.9997068461911062;0.9997759168600806;0.9999170251259019;1.0;0.9999602253772869;0.9999563143044199;0.9999923713627876;0.999962774158941;0.9999519125616331;0.9999107816006634;0.9999975005007329;0.9999573062761675;1.0;1.0002337496803215;0.9999271095806019;0.9999999999999999;0.9999209306768506;1.0;0.99995230421058;1.0;0.9996416240022216;1.0;0.9998147820511081;1.0;0.9990463671671534;0.9988040928508533;0.9986301269644114;1.0;0.9999961170822087;0.999919177762551;0.999958075047846;0.9997410806138454;1.024999976158142;
2016-09-21 08:15:00;0.9999473441506214;0.9999999999999999;0.9999825282738358;0.9999475230391418;0.999996277106667;0.9999513685323469;1.000154605947381;0.9999577234894449;0.999986703420604;0.9999717403064929;0.9999999999999999;0.9997479485703361;0.9998112636739019;0.999954922950913;1.0;0.9999688998305054;0.9999663423580571;0.9999961348383778;0.9999818701043546;0.9999726818923256;0.999951474770915;0.9999980316107169;0.9999670047078063;1.0;1.0002171685226162;0.9999578525529907;1.0;0.9999575780947456;1.0;0.9999474222484792;0.9999999999999999;0.9996565258406683;0.9999999999999999;0.9998126785579468;1.0;0.9990927967761692;0.9988716148679341;0.9987225981429981;0.9999999999999999;0.9999984029726828;0.9999548081922414;0.9999773247691839;0.999781583132299;1.024999976158142;
2016-09-21 08:30:00;0.9999511033812414;1.0;0.9999830241060719;0.9999515129051179;0.9999958414057174;0.9999546698366967;1.0001533402183291;0.9999615746421052;0.9999866687533409;0.99997348962586;0.9999999999999999;0.9997297779236979;0.9997977205889468;0.9999583358891341;1.0;0.9999735942042008;0.9999712956697346;0.9999956286417927;0.9999829181180241;0.9999740717113321;0.9999548133630847;0.9999978048381264;0.9999718850072583;1.0;1.0002152935295134;0.999961091262598;1.0;0.9999604893575156;1.0;0.9999503502964097;1.0;0.9996531040153877;0.9999999999999999;0.9998173734937761;1.0;0.9990791929465541;0.9988413363366349;0.9986812218022348;1.0;0.9999982981255586;0.999958034988329;0.9999779630401634;0.9997659804481577;1.024999976158142;
2016-09-21 08:45:00;0.9999418916921177;1.0;0.9999786727165983;0.9999433827433487;0.9999931795947167;0.9999464073830978;1.0001715391849104;0.9999573410034617;0.9999823429021073;0.999968266533172;1.0;0.9996566501681523;0.9997423221430579;0.9999520850766475;1.0;0.9999748051151159;0.9999722879393096;0.9999924795638733;0.9999791045273706;0.9999680303583119;0.9999450189705942;0.9999967169699323;0.9999729005935634;1.0;1.0002407733871113;0.9999537247833296;1.0;0.999953459128576;1.0;0.9998465330127871;1.0;0.9996227344422136;0.9999999999999999;0.9998038470576014;1.0;0.9989983663089265;0.998734743420775;0.9985803966377478;1.0;0.9999974600002001;0.9999491458194885;0.9999721075590204;0.9997023873139345;1.024999976158142;
2016-09-21 09:00:00;0.9999407821212616;1.0;0.99997942437426;0.9999433912555652;0.9999949422908915;0.9999473426129303;1.000166802206083;0.9999598028594631;0.9999865027394568;0.9999665022210634;1.0;0.9996136125898881;0.999709519952287;0.9999515118917183;1.0;0.9999755632581397;0.9999731806899289;0.9999943019941437;0.999978038191352;0.9999705357434622;0.9999450966847393;0.9999982776110289;0.9999737621428862;1.0;1.0002341305520732;0.9999549716742785;0.9999999999999999;0.9999533514201668;1.0;0.9999100079659693;1.0;0.9996037488188038;1.0;0.9997783061914215;1.0;0.998957769572918;0.9986870271369471;0.9985439358535668;1.0;0.9999976220922143;0.9999499064966225;0.9999747709120765;0.9996643300340885;1.024999976158142;
2016-09-21 09:15:00;0.999874778779228;1.0;0.9999568357444645;0.9998785008875472;0.9999922132468542;0.9998872243032529;1.0001763925988052;0.9999106398138145;0.9999732557562443;0.999928219883003;1.0;0.9996232317948535;0.9997133988231277;0.9998937421453535;1.0;0.9999417538350288;0.9999364774026717;0.9999918870666754;0.9999539170863119;0.9999391052495687;0.9998873878401605;0.9999969915807189;0.99993784160333;1.0;1.000248024674181;0.9999062966387822;0.9999999999999999;0.9998995292194253;1.0;0.9999021366586784;1.0;0.9996487086032252;1.0;0.9998012838488469;1.0;0.9990776407768865;0.9988385853564636;0.998714100137883;0.9999999999999999;0.9999956304627264;0.9998973300633625;0.9999478958928821;0.999668458735465;1.024999976158142;
2016-09-21 09:30:00;0.9998575086953156;1.0;0.999954781364914;0.9998593326166497;0.9999930311817689;0.999871094242499;1.000185464338756;0.999889931767915;0.9999707293015407;0.9999218490731568;1.0;0.9995908279076384;0.9996904616222398;0.9998784269942612;1.0;0.999916715453904;0.999910028010523;0.9999928184184421;0.9999499593121711;0.9999306518815462;0.999870333914871;0.9999971336817449;0.9999117710565628;1.0;1.0002613152043542;0.9998887965563413;0.9999999999999999;0.9998861797679286;1.0;0.9998753898056747;1.0;0.9995922263093004;1.0;0.9997697976123141;1.0;0.9989294407089945;0.9986205390719405;0.9984287269238302;1.0;0.999996132057794;0.9998801292020393;0.9999436171824311;0.9996417638618823;1.024999976158142;
2016-09-21 09:45:00;0.999893629280539;1.0;0.9999630111011142;0.9998959152701579;0.9999929940329599;0.9999031074357899;1.0001767869222769;0.9999213189571114;0.9999755339045933;0.999939695244616;1.0;0.9996171769285748;0.9997107052127455;0.9999089101942735;1.0;0.9999478180668424;0.999943166774723;0.9999928318562801;0.9999614290193681;0.9999470627936118;0.9999042621749725;0.9999968159460831;0.9999443781487549;1.0;1.000248487430666;0.9999194077396669;1.0;0.9999141142780636;0.9999999999999999;0.9998745599580984;0.9999999999999999;0.9996276433714518;1.0;0.9997896905144883;1.0;0.9990224586867775;0.9987366663425233;0.9985627086179379;1.0;0.9999963221695859;0.9999123171556165;0.9999545834676237;0.9996651491245587;1.024999976158142;
2016-09-21 10:00:00;0.9998898655504741;1.0;0.9999594775930576;0.9998955746823681;0.9999928276456087;0.9999022543804359;1.000179784038361;0.9999296276843771;0.9999780939130808;0.9999333019860315;1.0;0.9996427710589717;0.9997266746104397;0.9999069215931975;1.0;0.9999627800718521;0.9999587732666905;0.9999925229379827;0.999957199110551;0.999948301406617;0.9999030826342593;0.9999978263731175;0.9999598052235799;1.0;1.0002522995355632;0.9999226147424728;1.0;0.9999115176240195;0.9999999999999999;0.9998720496915121;1.0;0.9996277407283735;0.9999999999999999;0.9997694980107499;0.9999999999999999;0.9990368208080359;0.9987670328316552;0.9985853185812847;0.9999999999999999;0.999995404809357;0.9999133863706747;0.9999536156438739;0.9996838083340442;1.024999976158142;
2016-09-21 10:15:00;0.9999439501893045;1.0;0.9999807791052648;0.9999455645767759;0.9999950408284185;0.9999493306525566;1.000172525906239;0.9999592784960847;0.9999859959114249;0.9999692102873639;1.0;0.9996453847141238;0.9997339949935906;0.9999536949623714;1.0;0.9999733719494551;0.9999709335927688;0.9999944940639017;0.9999798526625502;0.9999711296325527;0.999947602470329;0.9999979453889767;0.9999715362680832;1.0;1.0002422099122648;0.999956007492173;1.0;0.999955573166705;1.0;0.9998703405895999;1.0;0.9996260289159511;1.0;0.9997565746839681;0.9999999999999999;0.9990405559182051;0.9987677303081675;0.9986073746026184;1.0;0.9999978925826548;0.9999516941798149;0.9999755770131731;0.9996925664017875;1.024999976158142;
2016-09-21 10:30:00;0.9999362467230613;1.0;0.9999785474238637;0.9999381523752356;0.9999943780218379;0.999942619937934;1.000176606494216;0.9999537365808199;0.9999843456892755;0.9999652726932958;1.0;0.999650910602902;0.9997376045262222;0.999947729678659;1.0;0.9999691036053884;0.9999663147168201;0.9999936672537301;0.9999771773169039;0.9999672503417929;0.9999399801800427;0.9999977775711909;0.999966998042805;0.9999999999999999;1.0002480282535042;0.9999495676654006;1.0;0.999949758402659;0.9999999999999999;0.999853524365963;1.0;0.9995975561421784;1.0;0.9997448239202884;1.0;0.9989630836632852;0.9986743297738323;0.99848848551649;0.9999999999999999;0.9999976521981853;0.999944573283704;0.9999726060086607;0.9996969365003459;1.024999976158142;
2016-09-21 10:45:00;0.9999555818143583;1.0;0.9999848283552584;0.9999565700902643;0.9999957902431675;0.9999595263082708;1.0001715353137541;0.9999667315153562;0.9999881865491486;0.9999760698345797;0.9999999999999999;0.9996924412134445;0.9997697776554373;0.9999633124270431;1.0;0.9999777065468712;0.9999757033595682;0.999995323122571;0.9999843044554738;0.9999765593324437;0.999958081227851;0.9999981193387251;0.9999761972203487;1.0;1.0002407620648714;0.9999644248725977;1.0;0.9999647582841169;1.0;0.9998468055192864;0.9999999999999999;0.9996417712743385;0.9999999999999999;0.9997171251001792;1.0;0.9991158575194762;0.9988605685382536;0.9986995040204466;1.0;0.9999983480071131;0.9999611252883125;0.9999802732437197;0.9997339140651383;1.024999976158142;
2016-09-21 11:00:00;0.9999690530403677;1.0;0.9999876008251923;0.9999691439250696;0.9999957101073101;0.9999701450989325;1.0001734613081028;0.9999754384690996;0.9999883937806674;0.9999831319054253;1.0;0.9996415791168973;0.9997332236217501;0.9999735112438374;1.0;0.9999863738016488;0.9999849556085362;0.9999954973434136;0.9999890551573954;0.99998159661614;0.9999710511312591;0.9999974264177472;0.99998531351598;1.0;1.0002432344282566;0.9999750740109823;1.0;0.9999743366002983;1.0;0.9998502919847649;1.0;0.999627143299122;0.9999999999999999;0.999721676985913;0.9999999999999999;0.9990684753275282;0.998777751006491;0.998604530315656;1.0;0.9999985319786769;0.9999730515770716;0.9999833091981207;0.9996912864435042;1.024999976158142;
2016-09-21 11:15:00;0.999939623239533;1.0;0.999982835794387;0.9999430305478321;0.999992138369485;0.9999484200615869;1.0001753632590442;0.99995890114046;0.9999848837885371;0.9999709413085712;1.0;0.9996825380063701;0.9997601891991037;0.9999568620312178;1.0;0.9999696410605793;0.99996697970444;0.9999898848126093;0.9999792493184472;0.999967726872737;0.9999363262425828;0.9999979563410104;0.9999675213370874;1.0;1.0002465885900664;0.9999467714919189;1.0;0.9999562248339418;0.9999999999999999;0.9998508966706648;1.0;0.9996289749421481;1.0;0.9997371075044048;1.0;0.9990632146547741;0.9987981498050869;0.9986279367482244;1.0;0.9999976928209156;0.9999400942456558;0.9999756487014683;0.9997248775138495;1.024999976158142;
2016-09-21 11:30:00;0.999951079415807;1.0;0.9999854914093497;0.9999542140298694;0.999992694125418;0.9999582034073057;1.0001722719726678;0.9999678044532027;0.9999866778794735;0.9999764112571866;1.0;0.9996786043926494;0.9997578388314743;0.9999656954044119;0.9999999999999999;0.999978044459923;0.9999759709925173;0.9999906734778016;0.9999829666618018;0.9999731608185212;0.9999478090646012;0.9999979474456014;0.9999763744068089;1.0;1.0002420461516437;0.9999567586563123;1.0;0.9999646542544325;1.0;0.9998566704872438;1.0;0.9996297733316781;1.0;0.9996593400554149;1.0;0.999119823141785;0.9988592323835813;0.9986987276678082;1.0;0.9999978869780789;0.9999509629351496;0.9999793126544444;0.9997218859693514;1.024999976158142;
2016-09-21 11:45:00;0.9999391102272611;0.9999999999999999;0.9999821584587354;0.9999414068667215;0.9999926136898009;0.9999466047221064;1.0001744554800465;0.9999554967697805;0.9999838676263925;0.999970528956446;1.0;0.9996354121043155;0.9997261072813893;0.9999545015971968;1.0;0.9999664427288365;0.9999635996423111;0.9999907937113944;0.9999794220514424;0.9999669860011177;0.9999371586270919;0.9999975942125761;0.9999642194505263;1.0;1.000245309405606;0.9999465272225192;1.0;0.9999546744297864;0.9999999999999999;0.9998443472582617;1.0;0.9996178444219029;1.0;0.9997077534411005;1.0;0.9990503532453453;0.9987651488870429;0.9985982209832218;1.0;0.999997828286038;0.9999407067047016;0.999974653157082;0.9996849052897859;1.024999976158142;
2016-09-21 12:00:00;0.9999338872135773;1.0;0.9999792046876214;0.9999349342881446;0.9999925868207277;0.9999399203657089;1.000176775292069;0.9999481770324333;0.9999809403507317;0.9999671609295742;0.9999999999999999;0.9996772479167606;0.9997578489630131;0.9999475395606736;1.0;0.9999615945113953;0.9999583647195739;0.9999913138393063;0.9999778192375416;0.9999634513503816;0.99993420500638;0.9999967689179152;0.9999591245372806;1.0;1.0002485432989217;0.9999429977385301;0.9999999999999999;0.9999488182462234;1.0;0.9998425877026303;1.0;0.9996257647090037;1.0;0.9996709368818743;1.0;0.999099989432931;0.9988407215705395;0.9986840045704864;1.0;0.999997727931208;0.9999378971341666;0.99997081393658;0.9997210322997415;1.024999976158142;
2016-09-21 12:15:00;0.9999351051421542;1.0;0.9999802347464639;0.9999384362649343;0.9999922784494575;0.9999437246964664;1.0001726047522073;0.9999555772456289;0.9999838398282226;0.9999672222920172;1.0;0.999703224060863;0.9997753404337076;0.9999515660885286;1.0;0.9999689815487457;0.999966179549291;0.9999903680916459;0.9999772268423281;0.9999657867799484;0.9999339544463375;0.9999977692233408;0.9999667822189294;1.0;1.000242643889801;0.9999449751418119;1.0;0.9999516661302051;1.0;0.9998187367538253;1.0;0.9996878196579818;1.0;0.9997257300583423;1.0;0.9992494803123291;0.999027498503909;0.9988987627101781;1.0;0.9999974678168647;0.9999383213231523;0.9999731363629202;0.9997420268726425;1.024999976158142;
2016-09-21 12:30:00;0.9999334513201834;1.0;0.99998039727668;0.9999376236144368;0.9999922620914281;0.9999434269496866;1.000169230343804;0.9999564658721734;0.9999848887603553;0.999966371855583;1.0;0.9996326471480179;0.9997223634393718;0.9999514504641848;1.0;0.9999694026958825;0.9999666281973272;0.9999900837250545;0.9999764183141499;0.9999658166717514;0.9999317143015649;0.9999982589311743;0.9999672048452258;1.0;1.000237953049472;0.9999437422885462;1.0;0.9999512578536724;1.0;0.9998401768090553;1.0;0.9996659899387693;1.0;0.9997438698262673;1.0;0.9991704010174423;0.9989202888168276;0.9987942525864372;1.0;0.9999974050716008;0.9999364026487733;0.9999736493648396;0.9996809841632021;1.024999976158142;
2016-09-21 12:45:00;0.999950789700423;1.0;0.9999853758741798;0.9999536734664031;0.9999935335367997;0.9999577853966666;1.0001723550928063;0.9999670497240599;0.9999874897998609;0.9999757348524533;1.0;0.9996167343053549;0.999712174867023;0.9999644461347279;1.0;0.9999769634782247;0.9999748578662631;0.9999917887435403;0.9999828134660473;0.9999737237468925;0.9999486981243307;0.9999982367090231;0.9999752890721709;1.0;1.000242143891416;0.999957404442196;1.0;0.9999639943064663;1.0;0.9998501200436183;1.0;0.9995920776264366;1.0;0.9996948611541311;1.0;0.9989814002371799;0.9986898886900752;0.9985248622681719;1.0;0.9999980089380259;0.9999519516028103;0.9999796805822584;0.9996686829898868;1.024999976158142;
2016-09-21 13:00:00;0.9999257626943658;1.0;0.999977993297914;0.9999322186095952;0.9999887840956608;0.9999383657128464;1.0001764039112362;0.9999562307516399;0.9999817404191559;0.9999631866746361;0.9999999999999999;0.9995890034054783;0.9996879976263824;0.9999496603292878;1.0;0.9999727570026335;0.9999699298223248;0.9999853752407942;0.9999731526649499;0.9999606913081742;0.9999204789276867;0.9999975867797324;0.9999704340463219;1.0;1.0002480810208194;0.9999358834399378;0.9999999999999999;0.9999473753908813;1.0;0.9998310880139346;1.0;0.9996100679014494;0.9999999999999999;0.999720425891529;1.0;0.9990181847567579;0.9987161534819706;0.9985442885738982;1.0;0.9999965311092127;0.9999259628935162;0.9999697030010773;0.9996426094537911;1.024999976158142;
2016-09-21 13:15:00;0.999937251430734;1.0;0.9999783561762122;0.9999394499095844;0.9999927562996545;0.9999433948979517;1.0001714392283605;0.9999551403284287;0.9999823887325913;0.9999665063015248;1.0;0.9996642458903711;0.9997472890882618;0.9999498784812049;0.9999999999999999;0.9999718743052783;0.9999691684079344;0.9999916517738962;0.9999775785105212;0.9999661759607161;0.9999392428186182;0.9999970316782889;0.9999698023131923;1.0;1.0002407714803054;0.9999491038193816;1.0;0.9999509499681857;1.0;0.9998339739199253;1.0;0.9996696039204468;0.9999999999999999;0.9997217345485702;1.0;0.9991968972313475;0.9989436584907004;0.9987971785601539;1.0;0.9999973761191312;0.9999436565263995;0.9999714854222823;0.9997086077399611;1.024999976158142;
2016-09-21 13:30:00;0.9999027701408463;1.0;0.9999717952940671;0.9999104534150415;0.9999868670557726;0.9999189409943896;1.0001763685233893;0.9999405528958581;0.9999775233690151;0.9999515992996771;0.9999999999999999;0.9996580429884563;0.9997374443945015;0.999932531611696;1.0;0.9999602300525859;0.9999563898922003;0.9999828299801364;0.9999651375126963;0.9999495080356215;0.9998972658091945;0.9999973579960804;0.9999571163691156;1.0;1.0002483558533821;0.9999165222200156;1.0;0.9999305238064469;1.0;0.9998316262605473;1.0;0.9996444900224062;1.0;0.9997059822598795;1.0;0.9991321031111735;0.9988840426125559;0.9987368554869737;1.0;0.9999958330850199;0.9999043054584775;0.999961495318658;0.9997006011390625;1.024999976158142;
2016-09-21 13:45:00;0.9999452811770034;1.0;0.9999806418306616;0.9999475148335755;0.9999919298432783;0.9999504996559853;1.0001715374665983;0.9999615650132342;0.9999823904852232;0.9999715282176652;1.0;0.9997043610938554;0.999777281682966;0.9999577119169667;0.9999999999999999;0.9999777471493015;0.9999754254807348;0.9999905450099048;0.999980493108551;0.99996885589323;0.9999452290205886;0.999996608748596;0.9999759387248441;1.0;1.0002408378170733;0.9999542546379965;0.9999999999999999;0.999957647304865;0.9999999999999999;0.9998307738049759;1.0;0.9996328384230526;1.0;0.9997304468783663;1.0;0.9990799513962745;0.9988236311157953;0.9986522913465398;1.0;0.9999974031450402;0.9999489549631373;0.9999735708531995;0.9997436668311467;1.024999976158142;
2016-09-21 14:00:00;0.9999121804577883;1.0;0.9999683201715431;0.9999164700172114;0.9999900609249744;0.9999214588629025;1.0001725613541446;0.9999415989789854;0.9999765589584612;0.9999509121420997;1.0;0.9997300673534449;0.99979344239163;0.9999297101444324;1.0;0.999968106090241;0.9999646669494568;0.9999886286591309;0.9999673053525526;0.9999539219726896;0.9999165804582124;0.9999962155723242;0.9999654706332134;1.0;1.000242340876037;0.9999318535281881;1.0;0.9999310661553242;0.9999999999999999;0.9998554537837808;1.0;0.9996437026143374;1.0;0.9997678703041629;1.0;0.9990861587944468;0.9988483091098931;0.9986724155035144;1.0;0.9999959874916899;0.9999236420737422;0.9999599712904483;0.9997624374570517;1.024999976158142;
2016-09-21 14:15:00;0.9999179307085388;1.0;0.9999719484727329;0.999921801234387;0.999991461365855;0.9999272585980808;1.0001720407635757;0.9999445361803987;0.9999796057368352;0.9999550161820773;1.0;0.9997506820282305;0.9998093191470058;0.9999348265295022;1.0;0.9999662845369229;0.99996295278523;0.9999900367112028;0.9999699270680862;0.9999576808179717;0.9999213704818629;0.9999970543587681;0.9999637287702199;1.0;1.0002417165672346;0.9999353008600111;1.0;0.999936271351576;0.9999999999999999;0.9998536753768811;1.0;0.9996554000915618;1.0;0.9997716894848526;1.0;0.999118867429233;0.998923652190376;0.9987939796601135;1.0;0.9999965672089212;0.999927713513635;0.9999643311398887;0.999780815646569;1.024999976158142;
2016-09-21 14:30:00;0.9998992415155684;1.0;0.9999645448058637;0.9999053675393447;0.9999910358958416;0.9999119229125459;1.0001694135472252;0.999936916785761;0.9999784061533676;0.999941762523096;1.0;0.9997363072523616;0.999796123647402;0.9999191163780009;0.9999999999999999;0.9999656719359167;0.9999619716505218;0.9999896418867263;0.9999615091316156;0.9999509465969516;0.9999064043695675;0.999997548306053;0.9999628466622861;1.0;1.000237943258286;0.9999250798614969;0.9999999999999999;0.9999214014587313;1.0;0.9998500462331495;1.0;0.9996919917811388;1.0;0.9997784946760391;1.0;0.9992244230961788;0.998999500153698;0.9988273353790028;1.0;0.9999956150581009;0.999915337107925;0.999957572557992;0.9997654982535791;1.024999976158142;
2016-09-21 14:45:00;0.9998965534655267;1.0;0.9999643262120512;0.9999017359118161;0.9999911859252655;0.9999087673159895;1.00016871764234;0.9999317288430916;0.9999772555916676;0.9999412598678767;0.9999999999999999;0.9997170398977221;0.9997825403186819;0.9999162005387403;1.0;0.9999592740153278;0.9999552255515318;0.9999899113817057;0.9999613047866412;0.999949054863008;0.9999037263812048;0.9999973097417679;0.9999562004666787;1.0;1.0002371013697924;0.9999216237902979;1.0;0.9999190071554889;1.0;0.9998502216507351;1.0;0.9997029517307829;1.0;0.9997952553077801;1.0;0.9992458774585201;0.9990221233379316;0.9988654816356803;1.0;0.9999958055072077;0.9999123376540908;0.9999565479577448;0.9997496291651554;1.024999976158142;
2016-09-21 15:00:00;0.9999475417598732;0.9999999999999999;0.9999826857328393;0.9999508675518619;0.9999920933809285;0.9999543404511771;1.000160505283064;0.9999661353824372;0.9999848798446832;0.9999731778927526;1.0;0.9997544503525881;0.999813663136179;0.9999617630624491;1.0;0.9999801976318305;0.9999780985370325;0.9999902611032706;0.9999810929748424;0.9999710818593427;0.9999458425421431;0.9999974278937205;0.9999785218955156;1.0;1.0002254270348288;0.9999556185529364;1.0;0.9999609415044749;0.9999999999999999;0.9998565902468552;1.0;0.9996915973257252;1.0;0.9997968511144552;1.0;0.9992104651431505;0.9990024023342978;0.9988631814451302;1.0;0.9999974878187402;0.9999496001754379;0.9999763485914399;0.9997863183396414;1.024999976158142;
2016-09-21 15:15:00;0.9998890628580694;1.0;0.9999650913773952;0.999895752493708;0.9999895906963472;0.9999047453400242;1.0001674915268728;0.9999283445102422;0.9999770492043312;0.9999400876053659;1.0;0.9997307769130045;0.9997914441953276;0.9999147970174019;0.9999999999999999;0.9999529039645448;0.9999484845597141;0.9999871042397027;0.9999593592165579;0.999945432961023;0.9998918169571945;0.999997775328423;0.9999494720253279;1.0;1.0002357539229543;0.9999118217482751;0.9999999999999999;0.9999163058672218;1.0;0.9998561889969624;1.0;0.9997023210906079;1.0;0.9997851704848972;1.0;0.9992509642452819;0.9990552766496245;0.9989267924039106;1.0;0.9999956885886131;0.9999005579710919;0.9999560901911508;0.9997613434879273;1.024999976158142;
2016-09-21 15:30:00;0.9999122580287888;1.0;0.9999735303782905;0.9999166594606584;0.9999914175608939;0.9999241783282946;1.0001651453490978;0.9999400337936771;0.9999807096648929;0.9999544966261852;1.0;0.9997649110257609;0.9998194069975253;0.9999330151199364;0.9999999999999999;0.9999570696908747;0.9999533056168047;0.9999892910791252;0.9999689032049903;0.9999556817532114;0.9999128500301454;0.9999978876337332;0.9999541460477724;0.9999999999999999;1.000232426655022;0.9999275845702172;1.0;0.9999341510020426;1.0;0.9998498039166076;0.9999999999999999;0.9997140472442549;0.9999999999999999;0.9997739647978883;0.9999999999999999;0.9992942460968524;0.9990906034659718;0.9989428512242514;1.0;0.9999968358982064;0.999919044266477;0.9999652843077647;0.9997933108001537;1.024999976158142;
2016-09-21 15:45:00;0.9999357518704938;1.0;0.9999797084565855;0.9999391712233168;0.9999931355720134;0.999944209616738;1.0001582959304265;0.9999568844782689;0.9999849574241386;0.999966216480896;0.9999999999999999;0.9998317849171777;0.9998704769392392;0.9999508666160138;1.0;0.9999712096225403;0.9999685369813012;0.9999915715401292;0.9999769350144292;0.9999670833737564;0.9999363895293529;0.9999980925855121;0.9999691299259311;1.0;1.000222477159382;0.9999475056983869;1.0;0.9999515042711986;0.9999999999999999;0.9998474262850405;1.0;0.9997346648313398;1.0;0.9998171154683422;1.0;0.9993265001164883;0.9991446879283301;0.9989907903755213;1.0;0.9999974624304374;0.9999410985375545;0.9999735394094146;0.9998518040358836;1.024999976158142;
2016-09-21 16:00:00;0.9999486506806168;0.9999999999999999;0.9999827274971511;0.9999510915306243;0.9999930420597875;0.9999544072002184;1.0001528380365288;0.9999647378205344;0.9999851392500291;0.9999733744720226;1.0;0.9998521634250841;0.9998867627147893;0.9999608459180064;0.9999999999999999;0.9999783499341006;0.9999761894801891;0.9999916648333186;0.9999816763569527;0.9999717950635502;0.9999484202319173;0.9999974382733892;0.9999766608754316;0.9999999999999999;1.000214656381384;0.9999571425949931;1.0;0.9999608407149186;1.0;0.9998638571605881;1.0;0.9997579430454706;0.9999999999999999;0.9998409349024244;1.0;0.9993799864858174;0.9991967150979155;0.9990337802767134;1.0;0.9999977032271906;0.9999519890992359;0.9999766442858504;0.9998704485318329;1.024999976158142;
2016-09-21 16:15:00;0.999932123436059;0.9999999999999999;0.9999797841024762;0.9999356355001244;0.9999927039798968;0.9999414866273999;1.0001577669525674;0.99995364458785;0.9999843996178018;0.9999655007563617;1.0;0.9998209512919318;0.9998623279825544;0.9999490829926752;1.0;0.9999666393540857;0.9999637066266952;0.9999908166576258;0.9999761523058202;0.9999651001599136;0.9999314321825062;0.999998140114903;0.9999643452763135;1.0;1.0002219038649538;0.9999429240756407;1.0;0.9999495140447586;1.0;0.9998462141498067;1.0;0.9997438305566381;1.0;0.9998432003065126;0.9999999999999999;0.9993361235317169;0.9991520433355069;0.9990024904160208;1.0;0.9999974989214614;0.999936073171849;0.9999729013100782;0.9998427409408605;1.024999976158142;
2016-09-21 16:30:00;0.9999386294431787;0.9999999999999999;0.9999808123630421;0.9999427298752069;0.9999916959526002;0.9999474279795906;1.0001579573598274;0.999960779233602;0.9999843213360524;0.9999687224642871;0.9999999999999999;0.9997986463437512;0.9998455257940743;0.9999555356834254;1.0;0.999975163380495;0.9999726970676112;0.9999895526897408;0.9999779483393377;0.9999674169554559;0.9999366960946545;0.9999977395303329;0.9999731951597155;1.0;1.000222009909439;0.9999482119330734;1.0;0.9999548323112525;1.0;0.9998428596505354;0.9999999999999999;0.9997613461629159;1.0;0.999843287907148;1.0;0.999389008325222;0.9992713739617509;0.9992211635925261;1.0;0.9999972841171623;0.9999411359346996;0.9999740744395189;0.9998235785226877;1.024999976158142;
2016-09-21 16:45:00;0.9999107143284353;1.0;0.9999736648557807;0.9999164666581574;0.9999903324684231;0.999924342223314;1.0001569921688032;0.9999422767656551;0.9999808947680161;0.9999541694933323;1.0;0.9997836905820946;0.9998322486203945;0.9999343588438273;0.9999999999999999;0.9999595647550372;0.9999558991398789;0.9999875764342175;0.9999680669331065;0.9999550521670377;0.9999093335228031;0.9999980731987237;0.9999566695475327;0.9999999999999999;1.0002210453697795;0.9999256316103382;1.0;0.9999344291918888;0.9999999999999999;0.9998496853054298;1.0;0.9997987721256351;1.0;0.9998608676907553;1.0;0.9994896339836982;0.9993898541235618;0.9993640577709856;1.0;0.9999965724783536;0.9999158476541775;0.9999652909587089;0.9998089114382807;1.024999976158142;
2016-09-21 17:00:00;0.9998644600614005;0.9999999999999999;0.9999644899647097;0.9998696789340826;0.9999880127751875;0.9998837364635552;1.0001623722422255;0.9999007886270751;0.9999720605565924;0.9999345152530016;1.0;0.9997606663383828;0.9998143246348208;0.9998985235539561;0.9999999999999999;0.999916641083668;0.9999101787160191;0.9999842837908454;0.9999545520920052;0.9999315305926302;0.9998613428757311;0.9999976178682582;0.9999116161054221;1.0;1.0002296747224764;0.9998817702399408;1.0;0.9999004220918496;1.0;0.9998496195361901;0.9999999999999999;0.999785485723119;0.9999999999999999;0.9998557661115796;1.0;0.999453012954633;0.9993366970013943;0.999303380717045;1.0;0.9999962385087948;0.9998692715043771;0.9999504994498224;0.9997892799634234;1.024999976158142;
2016-09-21 17:15:00;0.9998620592309627;1.0;0.9999666644225141;0.9998619500446565;0.9999928668051457;0.9998778468406168;1.0001611838562012;0.9998830186525882;0.9999729602104109;0.9999353212384264;1.0;0.9998632756290249;0.9998945701354279;0.9998895592743804;1.0;0.9998898359197711;0.9998821985033444;0.9999908246562269;0.9999567414439003;0.999930965406631;0.9998629374923402;0.9999981255793038;0.9998840630071155;1.0;1.0002284420777479;0.9998775464288591;1.0;0.9998956846329535;1.0;0.9998448249206066;1.0;0.9998153779063822;1.0;0.9998634384768524;0.9999999999999999;0.999537929084477;0.9994630342882712;0.9994356490093813;1.0;0.9999979220242888;0.9998691297726099;0.9999520863801991;0.9998802601102286;1.024999976158142;
2016-09-21 17:30:00;0.9998456209513794;1.0;0.999962773506956;0.9998446572993982;0.9999928145686473;0.9998625204653884;1.0001643457906464;0.9998667559786866;0.9999698316903688;0.999927555259611;1.0;0.9999014855109357;0.9999230490177211;0.9998749640382232;1.0;0.9998735972120154;0.9998649132529216;0.9999908751284734;0.9999518849389153;0.9999228422523406;0.9998476250224221;0.9999979251158675;0.9998670600442194;1.0;1.0002332033386174;0.9998630733302113;1.0;0.9998825280670515;0.9999999999999999;0.9998467341478202;1.0;0.9998065421069572;1.0;0.9998372627615092;1.0;0.9995293193851463;0.999467419488711;0.9994348923581845;0.9999999999999999;0.9999978998861646;0.9998543548104001;0.9999464838001787;0.9999131227916548;1.024999976158142;
2016-09-21 17:45:00;0.9999027710664271;1.0;0.9999764441767657;0.9999051848459435;0.999993151326552;0.999916310264114;1.0001578891803615;0.9999244482713263;0.9999815277604802;0.9999542779022985;1.0;0.9998832044156685;0.9999085956379775;0.9999260382492453;1.0;0.999931139608589;0.9999261633562315;0.9999907966507559;0.9999685307472381;0.9999516384691907;0.9999008723725571;0.9999989015721201;0.9999273064356015;1.0;1.0002229966642768;0.9999138352967805;1.0;0.999928523292584;0.9999999999999999;0.9998547033346596;1.0;0.9997722672388315;1.0;0.9998225509601135;0.9999999999999999;0.9994360261805401;0.9993747256607679;0.9993513100541335;1.0;0.9999979548431589;0.9999059173271676;0.9999664823649602;0.9998968649296792;1.024999976158142;
2016-09-21 18:00:00;0.999930135230532;1.0;0.9999814525338574;0.9999341919306848;0.9999930519607997;0.9999413433473818;1.0001611411813582;0.9999527415455398;0.9999861824678058;0.9999658145842287;1.0;0.999892803183896;0.9999151690701887;0.9999494055848646;1.0;0.9999622099227938;0.9999591210498829;0.9999907294986156;0.9999759205405164;0.9999651448307457;0.9999276850608996;0.9999989728256744;0.9999597702399675;1.0;1.0002268483216707;0.9999397007704272;1.0;0.999949594138058;1.0;0.999835755896087;1.0;0.9997449228779451;1.0;0.9997572729711983;0.9999999999999999;0.9993993369566047;0.9993453787360519;0.9993231697970165;1.0;0.9999977354886107;0.9999322467213062;0.9999746552860205;0.9999044403635664;1.024999976158142;
2016-09-21 18:15:00;0.999941130575042;1.0;0.9999818816722241;0.9999439201752702;0.9999923971327502;0.9999485276610085;1.0001612477346262;0.9999589432379843;0.9999841304748766;0.999970705169306;0.9999999999999999;0.9998881972092774;0.9999130096826566;0.9999562122169122;1.0;0.9999715063128508;0.999968915860159;0.999990584763267;0.9999795399637558;0.999968088790962;0.9999395367029307;0.9999975482354934;0.9999694697868129;1.0;1.0002266750361;0.999949316359798;1.0;0.999956081831485;1.0;0.999834946868156;1.0;0.9997294015075276;0.9999999999999999;0.9997383833685994;1.0;0.9993656796703929;0.9993072160701828;0.9992853888469181;1.0;0.9999976439231716;0.9999433133961814;0.9999748427768942;0.9999013490859184;1.024999976158142;
2016-09-21 18:30:00;0.9998492490258111;1.0;0.9999607699332891;0.999849605600788;0.9999899558957747;0.9998654255583878;1.00016559253582;0.9998741988442293;0.9999667665709727;0.9999282490559706;1.0;0.9999076394923531;0.9999265749081484;0.9998793703717656;1.0;0.9998875080459125;0.9998793872347034;0.999987601227503;0.9999519182331879;0.9999224495777588;0.9998502426449698;0.9999965540539342;0.999881356905303;1.0;1.0002346303813987;0.9998670861022634;1.0;0.9998851569306709;1.0;0.9998457887070419;1.0;0.9997704589168475;0.9999999999999999;0.9998007503616466;1.0;0.9994458792140539;0.9993957366837842;0.9993719396826192;1.0;0.9999970235053076;0.9998573792304702;0.9999439522564693;0.9999176868725987;1.024999976158142;
2016-09-21 18:45:00;0.9999231814606301;1.0;0.9999773163138669;0.9999260042300817;0.9999903041352745;0.9999324113204416;1.000160182624504;0.9999436401558128;0.9999789446817616;0.9999629843195046;1.0;0.999913103179747;0.9999309059323248;0.99994272374759;1.0;0.9999578710998499;0.9999542735535614;0.999987957050775;0.9999740850245283;0.9999578511267202;0.9999204198432703;0.99999671265107;0.9999550547424845;0.9999999999999999;1.0002255348411275;0.9999321908632242;1.0;0.9999427637858737;1.0;0.9998425816377414;1.0;0.9997568138628892;1.0;0.9997675892231285;1.0;0.9994278715855144;0.9993816215079027;0.9993609986867181;1.0;0.9999972067421432;0.9999248246749096;0.9999675233934776;0.9999226939019609;1.024999976158142;
2016-09-21 19:00:00;0.9998901989717265;1.0;0.9999725215068396;0.9998925391862127;0.9999915088381213;0.999904567757444;1.0001653697299384;0.9999137032601797;0.999977223267215;0.9999484161020867;1.0;0.9999106872862248;0.9999286089960303;0.9999160395875601;1.0;0.9999228375763473;0.999917185917193;0.9999888937670162;0.999964534594365;0.9999441660251203;0.9998880350942639;0.9999980542993292;0.9999184882890376;1.0;1.0002336664311438;0.999902380203169;1.0;0.9999187197015691;1.0;0.9998274250241369;0.9999999999999999;0.9997545794430274;1.0;0.9997410396292693;1.0;0.9994399575539842;0.9994035756635965;0.9993960285437397;0.9999999999999999;0.9999975434026557;0.9998936088498521;0.9999605717013087;0.9999203439820968;1.024999976158142;
2016-09-21 19:15:00;0.9999252335669278;1.0;0.999978030375432;0.9999275603314667;0.9999916152507112;0.9999339693010126;1.0001585113691078;0.99994415412104;0.9999804937090491;0.9999635080332547;1.0;0.9999135328927691;0.999931667760195;0.9999430436125029;1.0;0.9999572659586282;0.9999537141077094;0.9999896619161155;0.9999748106888215;0.9999597509666743;0.999923835038469;0.9999971445080718;0.9999545108869758;1.0;1.0002231593773447;0.999934814516246;1.0;0.9999437848820647;1.0;0.9998278385711787;1.0;0.9997597833991653;1.0;0.9997642769983363;1.0;0.9994393625054107;0.999402590065939;0.9993942494554563;1.0;0.9999974754875108;0.999928141337672;0.999969022394229;0.9999231202640283;1.024999976158142;
2016-09-21 19:30:00;0.9998832494289606;1.0;0.9999688936129022;0.9998863356718642;0.9999901028018776;0.9998981842464593;1.0001594528265545;0.9999106791277214;0.9999745612559956;0.999943725840803;1.0;0.9999074057241572;0.9999252922412587;0.9999104778769842;1.0;0.9999243456760438;0.99991856710241;0.9999873622236896;0.9999614141664187;0.999940184828016;0.9998817881111476;0.9999974249004062;0.9999198940342462;1.0;1.0002252989679292;0.9998979328886245;1.0;0.9999129527488898;1.0;0.9998310156702529;1.0;0.999772906817941;1.0;0.9997519985069496;1.0;0.9994874484392862;0.9994514735624628;0.9994427516099152;1.0;0.9999969438042771;0.9998882283336216;0.9999563006206977;0.9999166481260298;1.024999976158142;
2016-09-21 19:45:00;0.9998833680294165;1.0;0.9999693132681886;0.9998849408842845;0.9999909084585833;0.9998969534885268;1.0001554079372137;0.9999063126146425;0.9999739582576619;0.9999444433561407;1.0;0.9999155690066014;0.9999325490612531;0.9999087731199927;1.0;0.9999182317432355;0.9999121720784512;0.9999885721372327;0.9999622707243675;0.9999397470138496;0.9998826760056627;0.9999972143319544;0.9999136012421962;0.9999999999999999;1.0002197192473972;0.9998971331226812;1.0;0.9999121451770909;1.0;0.9998427691324102;1.0;0.9997819037731792;1.0;0.9997804452265533;1.0;0.9994946049053778;0.9994593486109485;0.9994506265896775;1.0;0.9999973100887465;0.9998885407056137;0.9999562354011735;0.9999245843014162;1.024999976158142;
2016-09-21 20:00:00;0.9999233071480119;1.0;0.9999775860143173;0.9999263554865504;0.9999906013653284;0.9999329203031769;1.0001486325945634;0.9999443821628339;0.9999797462194028;0.9999628945195352;1.0;0.9999167402657724;0.9999334257800917;0.9999429779794936;1.0;0.999958203278293;0.9999546457295243;0.9999882435392781;0.9999740203633601;0.9999584465624782;0.9999206456366095;0.9999970037246175;0.999955415649422;1.0;1.0002093480073926;0.9999326061494144;0.9999999999999999;0.9999430610046883;1.0;0.999865119893021;1.0;0.9997602755300111;0.9999999999999999;0.9997478453201774;0.9999999999999999;0.9994516565572933;0.9994171092565554;0.9994087685249013;1.0;0.9999972403125762;0.9999251454144319;0.9999681495532359;0.9999256245375238;1.024999976158142;
2016-09-21 20:15:00;0.9999084781051285;0.9999999999999999;0.9999751327736104;0.999915989091813;0.9999878033487007;0.9999247870540254;1.0001479163965952;0.9999441451912866;0.9999800851460457;0.9999556926085995;1.0;0.9998993512865758;0.9999166311949116;0.9999380240854507;1.0;0.9999598040539489;0.9999561180073882;0.9999836654221435;0.9999676516054975;0.9999529342286758;0.999901659156241;0.9999980229760731;0.9999567968987502;1.0;1.0002085693145002;0.9999198733736758;1.0;0.9999358336916863;1.0;0.9998502080175767;1.0;0.9997796135247926;1.0;0.9997906235634206;1.0;0.9994804529786528;0.9994452942943325;0.9994361597966476;1.0;0.9999962884320227;0.999908053243938;0.9999654080833064;0.999908235403826;1.024999976158142;
2016-09-21 20:30:00;0.9998963520026455;1.0;0.9999710163794027;0.9999042935898508;0.9999862034446958;0.9999138320108725;1.0001542926638949;0.9999355120936343;0.999976434064921;0.9999493728184311;1.0;0.9998954291266624;0.9999129639988007;0.9999286005016689;1.0;0.9999544401231553;0.9999502284570615;0.9999817849514872;0.9999633329739587;0.999946181800537;0.9998895978901412;0.9999973654563017;0.9999510258528815;1.0;1.0002176193445205;0.9999097310345137;1.0;0.9999264302945111;1.0;0.9998344535828336;1.0;0.9997752477814845;1.0;0.9997621341527203;0.9999999999999999;0.9994874172980853;0.9994534791551952;0.9994459316584857;1.0;0.9999957685753381;0.9998967917339412;0.9999597912696789;0.9999043132090643;1.024999976158142;
2016-09-21 20:45:00;0.9999115481066305;1.0;0.9999750291185563;0.9999176259248388;0.9999877229904605;0.9999255421741179;1.000151437686435;0.9999428272782758;0.9999782152498239;0.9999574390148139;1.0;0.9999079095181015;0.9999241703327292;0.9999386499202803;1.0;0.9999591620088838;0.9999554355491778;0.9999839924433808;0.9999691625792707;0.9999528740102414;0.9999054461388224;0.9999971503695317;0.9999561536266499;1.0;1.0002134441698642;0.9999219126370237;1.0;0.9999368234836612;1.0;0.9998326633846136;1.0;0.9997835811000501;1.0;0.9997813680344376;1.0;0.9994992117607961;0.9994649981006734;0.9994558634229042;0.9999999999999999;0.999996402247669;0.999911232861579;0.9999646090282994;0.9999164949488634;1.024999976158142;
2016-09-21 21:00:00;0.9998648102324538;1.0;0.9999640188134089;0.9998767579821548;0.999980385103873;0.999889876198677;1.0001533423358806;0.99991942323383;0.9999696930153193;0.9999358461777226;1.0;0.9998848580079921;0.9999010962285697;0.9999113173228189;1.0;0.9999423420267356;0.9999369593102364;0.9999735488893552;0.9999522906278195;0.9999294983466105;0.9998517898082687;0.9999968179602184;0.9999378950481371;1.0;1.0002168744983508;0.9998795541164015;0.9999999999999999;0.9999066530579528;1.0;0.9998558763112065;1.0;0.9997790243614807;0.9999999999999999;0.999771178177166;1.0;0.9994921221134553;0.9994593678022246;0.9994518202610464;1.0;0.99999432108009;0.9998610859615226;0.9999488067715429;0.9998933680510256;1.024999976158142;
2016-09-21 21:15:00;0.9998584566081592;1.0;0.9999633252723021;0.9998694620201789;0.9999811842736768;0.9998838026782466;1.0001535820926881;0.9999111214383212;0.9999691507591538;0.9999334043449363;1.0;0.9998878253498362;0.9999038906857823;0.9999050901038261;1.0;0.9999319839070382;0.9999260432942093;0.9999745552673668;0.9999509494951491;0.9999266824738218;0.999846075988906;0.9999970064933539;0.9999271402174753;1.0;1.0002174278181641;0.999873384350442;1.0;0.999901527526181;1.0;0.9998577840331843;0.9999999999999999;0.9997814156679499;0.9999999999999999;0.9997534239778382;1.0;0.9995116973092848;0.9994776299546909;0.999468495161472;1.0;0.9999946090708061;0.9998553007523561;0.9999474914903507;0.999896364444809;1.024999976158142;
2016-09-21 21:30:00;0.9998472086190633;0.9999999999999999;0.9999583398381894;0.9998605985891826;0.9999763507414845;0.9998747332264744;1.0001538834751416;0.9999087267035408;0.9999630919061909;0.9999278057385428;1.0;0.9998800895998496;0.9998958841580897;0.9999001769793445;1.0;0.9999368561455534;0.999930784489118;0.9999684543670043;0.9999460909539964;0.9999185301787922;0.9998316279129097;0.999995439312244;0.9999318270075724;0.9999999999999999;1.0002178461217726;0.9998630347181136;0.9999999999999999;0.9998942346456074;1.0;0.9998583511353681;1.0;0.9997977277279896;1.0;0.9998174812495764;1.0;0.9995165081424457;0.9994832708447356;0.9994749295609237;1.0;0.9999933013666784;0.9998420009389664;0.9999400695747386;0.9998885592789757;1.024999976158142;
2016-09-21 21:45:00;0.9998802580194404;1.0;0.9999639862461295;0.99988645997743;0.9999849920553188;0.9998962649516604;1.0001541610523135;0.9999179556390801;0.9999692939379481;0.9999404193833015;0.9999999999999999;0.9998987989596076;0.9999162115860831;0.9999118138674148;1.0;0.9999423141866773;0.9999371080392838;0.9999811695468599;0.999958219485485;0.9999360216312903;0.9998766175807293;0.9999956036866878;0.9999382086572945;1.0;1.000217518790896;0.999896983361242;0.9999999999999999;0.9999113309783509;0.9999999999999999;0.9998340644500286;1.0;0.9997997927949236;0.9999999999999999;0.9998232701624128;1.0;0.9995190874720952;0.9994842627193227;0.9994743343039212;1.0;0.9999953089290985;0.9998844308086696;0.9999501801303623;0.9999073843121443;1.024999976158142;
2016-09-21 22:00:00;0.9999133707631533;1.0;0.999972740031185;0.9999169922540356;0.999990159631994;0.9999236520070012;1.0001474628463114;0.9999388207439173;0.9999776684051728;0.9999555817557971;1.0;0.9999066344155738;0.9999250403465413;0.9999334633242646;1.0;0.9999577085299557;0.9999538999450542;0.9999880546256273;0.9999696084236838;0.9999540428988258;0.9999134464404051;0.9999967138826892;0.9999547535817184;1.0;1.0002076072458925;0.9999273812256336;1.0;0.9999342561355751;1.0;0.9998442702903632;0.9999999999999999;0.9998270914778649;1.0;0.9998327632545311;1.0;0.999594625060226;0.999560067336898;0.9995521380597117;1.0;0.9999966760131791;0.9999192235072281;0.9999632273792557;0.9999156205867471;1.024999976158142;
2016-09-21 22:15:00;0.9999100535713975;1.0;0.9999709096911905;0.9999126733707525;0.9999891535853986;0.9999190593397467;1.0001451018756309;0.999933264607408;0.999974157544964;0.999954409544786;1.0;0.999915367226984;0.9999321868057973;0.9999297625362777;0.9999999999999999;0.9999538542217776;0.9999497246414523;0.9999871651535428;0.9999689746612476;0.9999505016703455;0.9999102372971137;0.9999956186931879;0.9999506708358449;0.9999999999999999;1.0002043382842452;0.9999235908135716;1.0;0.9999307655565811;0.9999999999999999;0.9998531661186145;1.0;0.9998484675857098;1.0;0.999833220511503;1.0;0.9996586666324132;0.9996250524596575;0.9996159163190608;1.0;0.999996540988794;0.9999157952791609;0.9999598792322896;0.9999237620128428;1.024999976158142;
2016-09-21 22:30:00;0.9999055882974694;0.9999999999999999;0.9999686672309939;0.9999078348987255;0.9999889161783839;0.999914186900448;1.0001424590596752;0.9999288768526439;0.9999723529059996;0.9999515015950143;1.0;0.9999120432079723;0.9999298174452917;0.9999248636250361;0.9999999999999999;0.9999515115599771;0.9999471519567;0.9999871559371503;0.9999673498622015;0.9999479016714342;0.9999070827041447;0.9999951779228802;0.9999481746198888;1.0;1.000200618427822;0.999920652667507;1.0;0.9999264129012241;1.0;0.9998591154958831;1.0;0.9998556151794427;1.0;0.9998568552550153;0.9999999999999999;0.999663755068148;0.9996300677094019;0.999622137876919;1.0;0.999996366001581;0.9999129479093709;0.9999571466274967;0.9999207538507603;1.024999976158142;
2016-09-21 22:45:00;0.9999001875302523;1.0;0.9999667448860486;0.9999032031989104;0.9999880786018216;0.999909874769143;1.000142726869154;0.9999267093838905;0.9999712492590562;0.9999483585713747;1.0;0.9999084958466219;0.9999263859842767;0.9999212256559137;1.0;0.9999512669487189;0.9999467807552761;0.9999860747160298;0.9999651050221747;0.999945286407418;0.9999015894555064;0.9999950665036245;0.999947819617098;0.9999999999999999;1.000201010064472;0.9999166386225734;0.9999999999999999;0.9999225534369146;0.9999999999999999;0.999856484617934;1.0;0.9998630732779649;1.0;0.9998637177383048;1.0;0.9996815508168126;0.9996477105469099;0.9996389868818535;1.0;0.9999960230912145;0.9999080504956791;0.9999548799426548;0.9999170619159466;1.024999976158142;
2016-09-21 23:00:00;0.9998937207739107;1.0;0.9999655895619579;0.9998982957305214;0.9999865784880457;0.9999058328657587;1.0001446612017684;0.9999254147995663;0.9999704656351787;0.9999456168657308;1.0;0.9999037997328504;0.9999215201458626;0.9999188890267122;1.0;0.9999508031783393;0.9999461853422633;0.9999838117278879;0.9999625931625834;0.9999422002779643;0.9998930598902058;0.9999951821238426;0.9999472053245825;1.0;1.000203841000607;0.9999104338214656;1.0;0.9999192125114906;1.0;0.9998605951694945;1.0;0.9998519777573066;1.0;0.9998388234186696;1.0;0.9996653628640673;0.9996319923714111;0.9996236498464295;0.9999999999999999;0.9999956238651745;0.9999001392172017;0.9999531127357012;0.9999123099370975;1.024999976158142;
2016-09-21 23:15:00;0.9999002073747455;0.9999999999999999;0.9999674930954675;0.9999047649627925;0.9999864067948802;0.9999116373654366;1.0001393866335944;0.9999305173892136;0.9999711353227747;0.9999493894302262;1.0;0.9999065522894561;0.9999237958489194;0.9999247621097834;0.9999999999999999;0.9999551227928558;0.9999508140068205;0.9999835389195617;0.9999649026327657;0.999944882740464;0.9998984902656126;0.999995078497061;0.9999517456584357;1.0;1.0001963837422088;0.999915115922313;1.0;0.9999244932270657;0.9999999999999999;0.999874912999734;1.0;0.9998558997838162;1.0;0.9998804721202933;1.0;0.9996481654000068;0.9996138919260212;0.999604374892956;1.0;0.9999957130034858;0.9999050824649003;0.9999552176566983;0.99991506251713;1.024999976158142;
2016-09-21 23:30:00;0.9999102213749207;0.9999999999999999;0.9999700667372042;0.9999142323205418;0.9999876399977919;0.999920086101111;1.000140495056616;0.999937466565521;0.9999734662536289;0.9999540188782217;1.0;0.9999116691535984;0.9999283222552535;0.9999317567222713;1.0;0.9999607793516496;0.9999569318482078;0.9999851781742986;0.999968260186111;0.9999501779296397;0.9999092533416474;0.9999953426299892;0.999957770704904;0.9999999999999999;1.0001977701107605;0.9999241992637873;1.0;0.9999316173243192;1.0;0.9998602633426751;1.0;0.9998547678634999;1.0;0.9998863120437603;1.0;0.9996409443004802;0.9996080567063428;0.9995989207210799;1.0;0.9999960460416388;0.99991527768189;0.999959001543065;0.9999198344974994;1.024999976158142;
2016-09-21 23:45:00;0.999922270411571;1.0;0.9999727332849481;0.9999256321693485;0.9999884813555717;0.9999299648618092;1.0001380282655452;0.9999459279508599;0.9999752142526819;0.9999596711835652;1.0;0.9999145490427407;0.999931324927855;0.9999403955369522;0.9999999999999999;0.9999686933412526;0.9999654179850881;0.9999864224584594;0.9999722596778573;0.9999558455997033;0.9999218387556327;0.9999952728083628;0.9999661346814048;0.9999999999999999;1.0001940886005185;0.9999348401591234;0.9999999999999999;0.9999401023832918;0.9999999999999999;0.9998742966867573;1.0;0.9998551194573948;1.0;0.9998835040702767;0.9999999999999999;0.9996437289069984;0.9996104266657546;0.9996012906588314;0.9999999999999999;0.9999963143204911;0.9999271477481364;0.9999627080899415;0.9999228454436292;1.024999976158142;
2016-09-22 00:00:00;0.9999275560032925;1.0;0.9999751528775198;0.9999322150283296;0.9999887118971424;0.9999365390402125;1.0001374051129273;0.999953737146642;0.9999782788900757;0.9999623867745863;1.0;0.9999112675126935;0.999928076168471;0.9999468151174606;1.0;0.9999749515561643;0.999972123489624;0.9999862608073277;0.9999736019112585;0.9999596670442993;0.9999256984208879;0.999996115802281;0.9999726951008999;1.0;1.0001931665916568;0.9999393871336828;1.0;0.9999456119699248;1.0;0.9998863108261629;1.0;0.9998480803784106;0.9999999999999999;0.9998372057631056;1.0;0.9996543787709842;0.9996211607872112;0.9996120246821826;1.0;0.9999963551728217;0.9999310534879919;0.9999663273764301;0.9999195370723153;1.024999976158142;
2016-09-22 00:15:00;0.9999211210079849;1.0;0.999972378444508;0.9999256475786714;0.9999875337255896;0.999930029914629;1.000133826356201;0.999948232753578;0.9999751775530404;0.9999590059628912;1.0;0.9999107938802406;0.9999275884582846;0.9999412722859883;0.9999999999999999;0.9999721066724878;0.9999689639112554;0.9999850289530043;0.9999713895130246;0.9999553676154651;0.9999195277033799;0.9999953351718804;0.9999696144881983;0.9999999999999999;1.0001881825836618;0.9999339195131987;1.0;0.9999401391036308;0.9999999999999999;0.9998896708070175;1.0;0.9998760538243094;1.0;0.9998988782783618;0.9999999999999999;0.999696062768588;0.9996641560459119;0.9996566069582501;0.9999999999999999;0.9999960151476616;0.999925215928071;0.9999623590149543;0.9999190344087483;1.024999976158142;
2016-09-22 00:30:00;0.999931689862709;1.0;0.999976279800802;0.999934805976733;0.9999904397556418;0.9999388220023859;1.0001325960823604;0.9999529820852723;0.9999793260708578;0.9999642264218631;1.0;0.999918229139781;0.999934559998207;0.9999474569525594;0.9999999999999999;0.9999724475184661;0.9999695977470501;0.9999886994248326;0.999975483851556;0.9999619900077673;0.9999317848350711;0.9999962434665955;0.9999702248978308;1.0;1.0001863908598334;0.9999433445527764;1.0;0.999947435166139;1.0;0.9998960140708095;1.0;0.999872788514372;1.0;0.9998808311425419;1.0;0.9996985826030443;0.9996659428094236;0.9996564252807971;1.0;0.9999968302826779;0.9999365829052064;0.9999679954317756;0.9999262231951247;1.024999976158142;
2016-09-22 00:45:00;0.9999359205793966;1.0;0.9999799218727241;0.9999408403055327;0.9999913645262095;0.9999457759963823;1.0001268791548446;0.9999609803154743;0.9999844648481195;0.9999668630275114;1.0;0.99991194906363;0.999928716048389;0.9999540992320839;0.9999999999999999;0.9999764076216577;0.999973957072891;0.9999890297677314;0.9999765730504612;0.9999666054799768;0.9999339392803401;0.9999979353462536;0.9999744375940902;1.0;1.0001784465905545;0.9999466518437993;1.0;0.999953168308758;1.0;0.999915769091543;1.0;0.9998838811702236;1.0;0.9999062787218641;0.9999999999999999;0.9997142903876287;0.9996822367628642;0.9996743065165361;1.0;0.9999970681087548;0.9999388666417998;0.9999733721581854;0.9999201434370495;1.024999976158142;
2016-09-22 01:00:00;0.9999300898119036;1.0;0.9999792620652125;0.9999358053688786;0.999989386930569;0.9999415533232298;1.0001255131815139;0.9999576867173727;0.9999822707652567;0.9999655963946734;1.0;0.9999126674213684;0.9999285168840214;0.9999522905594124;1.0;0.9999730951997523;0.999970363620706;0.9999862324558553;0.9999749407222325;0.999962588431878;0.9999250913322888;0.9999975347447171;0.9999708605480678;1.0;1.0001767346683428;0.9999392125945481;1.0;0.9999502387464373;1.0;0.9999276834011218;1.0;0.9998854286149885;1.0;0.9999157541972916;0.9999999999999999;0.9997123413463564;0.9996790667193423;0.9996695490657667;1.0;0.9999967798249345;0.999930093320051;0.9999711590459825;0.999920861800675;1.024999976158142;
2016-09-22 01:15:00;0.9999291160842658;1.0;0.9999786262313337;0.9999349489832335;0.9999884606658586;0.9999405203256279;1.0001224774698902;0.9999571019354487;0.9999808190911399;0.999965425789821;1.0;0.9999128633935144;0.9999285392292525;0.9999520411388126;1.0;0.9999735675353196;0.9999708014026463;0.9999851193905147;0.9999746518576796;0.9999612271033859;0.9999233899230968;0.9999970734674586;0.999971294317734;1.0;1.000172485162866;0.9999377939706455;1.0;0.9999496054230456;1.0;0.9999384025741108;1.0;0.9998852614463377;1.0;0.9999190731792066;1.0;0.999709490973554;0.9996772907387056;0.9996693605316134;0.9999999999999999;0.9999965954019587;0.9999283900684043;0.9999698829612476;0.9999211039390776;1.024999976158142;
2016-09-22 01:30:00;0.9999344162985826;1.0;0.9999805933711537;0.9999401976500747;0.9999897022674499;0.9999455943462504;1.0001218765196611;0.9999614229890602;0.9999834467294167;0.9999677712058016;1.0;0.9999146508845551;0.9999300764611097;0.9999559592450293;1.0;0.9999761166384851;0.9999736165187468;0.9999865677003666;0.9999763486951155;0.9999649239654901;0.9999292004498902;0.9999977203082931;0.9999740539943672;1.0;1.0001715804787614;0.9999428947459302;1.0;0.9999537037855764;1.0;0.9999489034806708;1.0;0.9998805878928028;1.0;0.9999289996432893;0.9999999999999999;0.9996885356248;0.9996555787172123;0.9996456486000369;0.9999999999999999;0.999996884594037;0.999933989064668;0.9999730089014658;0.9999226449112917;1.024999976158142;
2016-09-22 01:45:00;0.9999340115688873;1.0;0.9999809291678017;0.9999392406805407;0.9999898819913421;0.9999448707169851;1.0001208919231526;0.9999592831216708;0.9999831186753307;0.9999681763184404;1.0;0.9999175045296042;0.9999326400883172;0.9999553076685535;1.0;0.9999728659314033;0.9999702123346365;0.9999868071539609;0.9999766674944806;0.9999644374353217;0.9999286385145472;0.9999976447250667;0.9999706943463416;1.0;1.000170275654847;0.9999417262932361;0.9999999999999999;0.9999533001533116;1.0;0.9999580938892674;1.0;0.9998740007539533;1.0;0.9999191946992462;1.0;0.9996753434012057;0.9996431681668086;0.9996344445413924;1.0;0.9999970423208928;0.999933149113714;0.9999729828762711;0.9999255447273396;1.024999976158142;
2016-09-22 02:00:00;0.9999466154502579;0.9999999999999999;0.9999849220617112;0.99995105001306;0.9999917919511531;0.9999557748932346;1.000119888088696;0.9999675049553702;0.99998671508663;0.9999744573272866;1.0;0.9999212881540004;0.9999364900884268;0.9999643435571401;1.0;0.9999779924080583;0.9999758565333279;0.9999891920723546;0.9999811424673806;0.9999714073838153;0.999941850114843;0.9999982412939598;0.9999762357417765;1.0;1.0001687273276008;0.9999526144462738;1.0;0.9999625760136248;0.9999999999999999;0.9999612215571329;1.0;0.9998714896528501;1.0;0.9999150952920525;0.9999999999999999;0.9996705719045703;0.9996382938428897;0.9996299512653185;0.9999999999999999;0.9999976220151041;0.9999455014341382;0.9999785499509376;0.9999294535764508;1.024999976158142;
2016-09-22 02:15:00;0.999943200423427;1.0;0.9999843390143557;0.9999485940107794;0.9999912405615226;0.9999538379878525;1.0001204190833233;0.999967258929561;0.9999868223599426;0.9999727682322788;0.9999999999999999;0.9999186892236585;0.9999337173274814;0.999963039850791;1.0;0.9999781205039014;0.9999759450981649;0.9999882715564408;0.9999796999233417;0.9999701729335688;0.9999376175168182;0.9999984861802157;0.999976308817883;1.0;1.0001695226515273;0.9999497476056786;1.0;0.9999608380648762;1.0;0.9999570284123708;1.0;0.9998703713219599;1.0;0.999918568190305;1.0;0.9996648416747931;0.9996328571670239;0.9996241336315891;1.0;0.9999974211120812;0.9999416997418972;0.9999779284417963;0.9999266697558178;1.024999976158142;
2016-09-22 02:30:00;0.9999462657683754;1.0;0.9999848515512018;0.9999509629613154;0.9999927216337006;0.9999558972161632;1.000118567039285;0.9999682197187659;0.9999883124876616;0.9999734060276846;1.0;0.9999183956900596;0.9999341040621453;0.999963487418042;1.0;0.9999785155371682;0.9999764385804436;0.9999903164006263;0.9999806712809182;0.9999725192364971;0.9999426936975259;0.9999988185674922;0.99997681594707;1.0;1.0001668361698755;0.9999537594176463;1.0;0.9999621806992798;1.0;0.9999593649194479;0.9999999999999999;0.9998819681530141;1.0;0.9999205481146991;0.9999999999999999;0.9996984306561326;0.9996664561085667;0.9996581132959645;1.0;0.9999976855219305;0.9999466722780626;0.9999793817492404;0.9999264649382924;1.024999976158142;
2016-09-22 02:45:00;0.9999544815501552;1.0;0.9999875479417645;0.9999582702758438;0.9999940616756097;0.9999626435161257;1.0001157873341702;0.9999724178681407;0.9999903245879446;0.9999777726611251;0.9999999999999999;0.9999239669339681;0.9999392373926304;0.9999690287261367;1.0;0.9999803032598357;0.9999784878856562;0.9999920441528256;0.9999838390575259;0.9999767986708913;0.999951351375024;0.9999990916412063;0.9999788236678606;1.0;1.0001628753859342;0.9999604719253111;1.0;0.999968038326105;1.0;0.9999671686876989;1.0;0.9998889520955517;1.0;0.9999312539106315;1.0;0.9997121208504594;0.9996791631653335;0.9996692328138806;1.0;0.9999981459945155;0.999954601777733;0.9999828792498894;0.9999319610351839;1.024999976158142;
2016-09-22 03:00:00;0.999970593059403;1.0;0.9999912148404646;0.9999724133833032;0.9999962111528062;0.9999748721323121;1.0001137180048998;0.9999806356451592;0.9999927457313277;0.9999853313731243;1.0;0.9999326526709147;0.9999476970128685;0.9999787304088614;1.0;0.9999866543941502;0.9999854197944628;0.9999951786590089;0.9999896352248268;0.999984483822793;0.9999694955316848;0.9999990233727035;0.9999856719608377;1.0;1.0001597084926688;0.9999748040112046;1.0;0.9999784876058839;1.0;0.9999715501951293;1.0;0.9998947498332192;1.0;0.9999321672905211;1.0;0.9997289653090147;0.9996976372635811;0.9996897068950845;1.0;0.9999987957371405;0.9999715066416639;0.999987958881003;0.9999406177978223;1.024999976158142;
2016-09-22 03:15:00;0.9999783730098621;1.0;0.9999922529178039;0.9999783558976365;0.9999972795343435;0.9999795072867909;1.0001163088772151;0.9999822763157891;0.9999925296319105;0.9999888845712772;1.0;0.9999377591794739;0.9999531331876993;0.99998195407903;1.0;0.9999881752066244;0.9999871094286911;0.9999970361203995;0.9999926869551417;0.999987384008042;0.9999791482632815;0.9999984699540305;0.9999873725392241;1.0;1.0001631825177666;0.9999817522548046;0.9999999999999999;0.9999825398586347;1.0;0.9999469773213924;1.0;0.9998872023325592;1.0;0.9999270698087488;1.0;0.9997097946338325;0.9996769838571697;0.9996682599366528;1.0;0.9999991437379901;0.9999803556791758;0.9999892266087803;0.9999459999302098;1.024999976158142;
2016-09-22 03:30:00;0.9999815924126831;0.9999999999999999;0.9999928498036772;0.9999815668316471;0.9999974285784587;0.9999822582334026;1.0001168547505643;0.9999850438910987;0.9999930585863207;0.9999902408727663;1.0;0.9999399119289886;0.9999548236372434;0.9999843750831987;1.0;0.9999911079080466;0.9999902312299622;0.9999972664010598;0.9999936310304728;0.9999889675504595;0.9999825234328669;0.9999984668967199;0.9999904503236398;1.0;1.0001638693259574;0.999984802515119;1.0;0.9999848470601372;0.9999999999999999;0.9999382852554715;1.0;0.9998910690275847;1.0;0.9999247463507295;1.0;0.9997230956708559;0.9996912009018034;0.9996824768572179;1.0;0.9999991666029828;0.99998362282392;0.9999901814624229;0.9999478636024797;1.024999976158142;
2016-09-22 03:45:00;0.9999688851284325;1.0;0.9999889285297878;0.9999690876262848;0.9999965462202238;0.9999708569337739;1.0001188466190267;0.9999752716159387;0.9999902126275112;0.9999835597497408;1.0;0.9999352419644169;0.999950745205638;0.9999739069270107;0.9999999999999999;0.9999836110714311;0.9999821304478291;0.9999962614203756;0.999989256337445;0.9999825631819658;0.9999704980666693;0.999998137468685;0.9999824997158482;1.0;1.000166808114435;0.9999744736882368;0.9999999999999999;0.999974907457118;0.9999999999999999;0.9999357487409241;1.0;0.9998923782827692;1.0;0.9999364258740127;1.0;0.9997190400010998;0.9996868633602981;0.9996781393535653;1.0;0.9999987968206095;0.9999724133653461;0.999985084349614;0.9999432823047766;1.024999976158142;
2016-09-22 04:00:00;0.9999711202408752;1.0;0.9999903031659728;0.9999721970200858;0.9999968042760573;0.9999741641019023;1.0001192450302334;0.9999794573169906;0.9999922853276033;0.999984684782498;1.0;0.9999470179385164;0.9999588806009467;0.999977090392279;1.0;0.9999866666678527;0.9999854171522016;0.9999962682469297;0.9999897217672489;0.9999846619302086;0.999971932264063;0.9999987815222899;0.9999857080490169;1.0;1.0001673582071493;0.9999765042424279;1.0;0.9999776027173485;1.0;0.9999335740002545;1.0;0.9998986266153748;0.9999999999999999;0.9999354538845685;1.0;0.9997385689075409;0.999712608987038;0.9997034720462123;0.9999999999999999;0.9999988330149174;0.9999739606367043;0.9999872483175916;0.9999529948295216;1.024999976158142;
2016-09-22 04:15:00;0.9999780225726211;1.0;0.9999934249515758;0.9999791385547749;0.9999973467323212;0.9999809811406284;1.0001193953177174;0.9999848515846236;0.9999945250212765;0.999989045225696;1.0;0.9999652365402548;0.9999726376226874;0.9999837126092662;1.0;0.9999891737625116;0.9999882117344243;0.9999966681757418;0.9999923523685661;0.9999883797558419;0.999977468969561;0.999999245937761;0.999988417059797;1.0;1.0001675789586542;0.9999811743675795;1.0;0.9999837187624452;0.9999999999999999;0.9999414095712493;1.0;0.99988060328379;1.0;0.9999255975752133;1.0;0.9996909531414505;0.9996720294562846;0.9996633055790035;1.0;0.9999991541133745;0.9999789082745428;0.9999909662704104;0.9999690919737901;1.024999976158142;
2016-09-22 04:30:00;0.9999808388950725;1.0;0.9999936691433725;0.999981685609612;0.9999975491603854;0.9999829969221706;1.0001180327068875;0.9999866314035312;0.9999946394247368;0.9999900983243252;1.0;0.9999646962413804;0.9999725124491899;0.9999852923237006;1.0;0.9999914120243519;0.9999905891815482;0.9999970621256572;0.9999932148606229;0.9999895941551684;0.9999808348544463;0.9999991109388461;0.9999907713446994;1.0;1.0001655845408675;0.9999840039788196;1.0;0.9999853855369777;1.0;0.999948328586569;1.0;0.9998848357683596;1.0;0.9999282865118047;1.0;0.9997018387115618;0.9996823649430929;0.9996736409756166;1.0;0.9999991823471328;0.9999821443323849;0.9999914550187047;0.9999687252685843;1.024999976158142;
2016-09-22 04:45:00;0.9999717453616424;1.0;0.9999913943819593;0.9999721760355108;0.9999976409201193;0.9999745631081967;1.0001185614641661;0.9999778586833237;0.9999930939214163;0.9999856146489546;1.0;0.9999647083097156;0.9999725605933463;0.9999770801899439;1.0;0.9999827844214002;0.999981403422389;0.999997256566484;0.9999904654317258;0.9999852765818468;0.999972640977634;0.9999990619346832;0.9999817395196815;1.0;1.0001664905255376;0.9999763292413647;1.0;0.9999780601066662;1.0;0.9999514361985655;0.9999999999999999;0.9998835696354512;1.0;0.9999278516621576;1.0;0.9996983025275631;0.9996793602847476;0.9996710173644525;1.0;0.9999991581587511;0.999974317745182;0.9999883938892555;0.9999686621411182;1.024999976158142;
2016-09-22 05:00:00;0.9999710272446861;1.0;0.9999897543811884;0.9999716875071107;0.9999971956777207;0.9999734580662065;1.0001179391798036;0.9999784516018867;0.9999920988334382;0.9999841204549585;1.0;0.9999615309108415;0.999969922055701;0.9999758259978154;1.0;0.9999862187878767;0.9999849369085683;0.9999969415274098;0.9999896452262824;0.999984663259852;0.9999729613108561;0.9999986908909182;0.9999852560776612;0.9999999999999999;1.0001654842476535;0.9999771566600771;1.0;0.9999768187729381;1.0;0.9999479174894517;1.0;0.9998821154643238;1.0;0.9999318778752239;1.0;0.9996911640732232;0.9996726310688274;0.9996647008986994;1.0;0.9999988637872425;0.9999750218259996;0.9999868266335907;0.9999654556851799;1.024999976158142;
2016-09-22 05:15:00;0.9999789320410527;1.0;0.9999925706196453;0.9999795618066722;0.9999976193214992;0.9999808195036146;1.0001185406855164;0.9999846866700932;0.9999939807428831;0.9999886368489146;0.9999999999999999;0.9999647391619791;0.9999726170662696;0.9999828764069705;0.9999999999999999;0.9999904920968071;0.9999895759020864;0.9999973130484763;0.999992465999017;0.9999886180000028;0.9999798665401163;0.999998955110226;0.9999897952808288;0.9999999999999999;1.0001662726400942;0.999983079750823;1.0;0.9999833507884323;1.0;0.9999479282615563;0.9999999999999999;0.9998682644610442;1.0;0.9999233248513424;1.0;0.9996552680157231;0.9996358922839002;0.999626756044232;1.0;0.9999991154826365;0.9999813513698677;0.9999902741926764;0.9999686371495147;1.024999976158142;
2016-09-22 05:30:00;0.999975545282622;1.0;0.9999920100934164;0.9999761278857686;0.9999971109333882;0.9999778428050932;1.000118844789929;0.9999814808705467;0.9999928820275472;0.9999875857120247;1.0;0.9999661823933903;0.9999736458154841;0.9999806424521606;1.0;0.9999870804360937;0.9999859378663815;0.9999966238988733;0.9999916162260032;0.9999865105842266;0.9999757871163357;0.999998772658837;0.9999862040832795;1.0;1.000166803637043;0.9999792802369609;1.0;0.9999810464996239;0.9999999999999999;0.9999470201569343;1.0;0.9998594529796752;1.0;0.9999226240068898;0.9999999999999999;0.9996291797719711;0.9996099398248285;0.9996008038223546;1.0;0.9999990703854005;0.9999772720386466;0.9999889999220759;0.9999700378305724;1.024999976158142;
2016-09-22 05:45:00;0.9999831250621596;0.9999999999999999;0.9999943042570777;0.9999831663765197;0.9999982408971275;0.9999842784766736;1.0001175789119217;0.9999862839115689;0.999994898763241;0.9999913190241034;1.0;0.9999676463669861;0.9999754086326823;0.9999859472191881;1.0;0.9999901885912315;0.99998935345827;0.9999980679550069;0.9999943061698072;0.9999906193968114;0.9999838271903129;0.9999990723750757;0.9999895608748196;0.9999999999999999;1.0001649368279775;0.9999858711101793;0.9999999999999999;0.9999865209666914;1.0;0.9999506849446801;1.0;0.9998645198191948;1.0;0.9999153374432627;1.0;0.9996494318676855;0.9996286099048406;0.9996182990560393;1.0;0.9999994120690541;0.9999847903387854;0.9999922012839328;0.9999717157165321;1.024999976158142;
2016-09-22 06:00:00;0.9999775799626289;1.0;0.9999932403148218;0.9999779480000003;0.9999977798017881;0.9999798233058369;1.000122629762909;0.99998238980925;0.9999940944815076;0.9999889016462978;1.0;0.9999682949552721;0.9999754770548852;0.999982200762511;1.0;0.9999863062246575;0.9999851989027563;0.9999973648027761;0.9999925255322948;0.9999879617426881;0.9999777639565514;0.9999991109388463;0.9999854609040552;1.0;1.0001721362793898;0.9999807160055186;1.0;0.9999827608002538;0.9999999999999999;0.9999493724030663;1.0;0.9998650490692536;1.0;0.9998930123777455;0.9999999999999999;0.9996663772167966;0.9996470818366691;0.9996375644876122;0.9999999999999999;0.9999992984954211;0.9999790160971748;0.9999905864349011;0.9999720752044792;1.024999976158142;
2016-09-22 06:15:00;0.9999632189994495;1.0;0.999987634872599;0.9999647103331011;0.9999957894196657;0.9999671933134935;1.0001276747166827;0.999974152592998;0.9999901191785671;0.9999805107539643;0.9999999999999999;0.9999583674320941;0.9999666833171259;0.9999710376910086;1.0;0.9999834719577512;0.9999818989341052;0.999995051128709;0.999986863162234;0.9999804170001225;0.9999640742022772;0.9999984297779754;0.9999822606973833;1.0;1.0001792424335227;0.9999700305493638;1.0;0.9999715739629539;1.0;0.9999561351057329;1.0;0.9998568298842077;1.0;0.9998567774323032;0.9999999999999999;0.9996664932108852;0.9996477277838568;0.9996393851275536;0.9999999999999999;0.9999984788464195;0.9999666826557345;0.9999837172837696;0.9999622653947918;1.024999976158142;
2016-09-22 06:30:00;0.9999734449080607;0.9999999999999999;0.9999911947664982;0.999974419314446;0.9999969247070525;0.9999762536823649;1.0001258268208715;0.9999809871879636;0.9999927491868379;0.9999861241878877;1.0;0.999962619284652;0.9999706095057871;0.9999791305771034;1.0;0.9999874650461287;0.9999863008970793;0.999996376349372;0.999990623707965;0.9999857394602996;0.9999739024315387;0.9999988274376871;0.9999865684872752;1.0;1.000176577663849;0.9999780800961477;1.0;0.9999795064352799;1.0;0.9999536431880869;1.0;0.9998649765724116;0.9999999999999999;0.9998806109782927;1.0;0.9996746581498985;0.9996547505995133;0.9996452331774442;1.0;0.9999989287550399;0.9999757064709508;0.9999882451901717;0.9999665924596208;1.024999976158142;
2016-09-22 06:45:00;0.9999737582749569;1.0;0.9999917803589162;0.999974640090407;0.9999971663910502;0.999976692282572;1.0001271386201227;0.9999808264923749;0.9999932118442035;0.9999866139936927;1.0;0.9999631833749715;0.999971136568591;0.9999795350727341;1.0;0.9999862840584798;0.9999850898895801;0.9999965981243356;0.9999909148395397;0.9999860659731762;0.9999739650391576;0.999998992156358;0.9999853639755275;1.0;1.0001784590441931;0.9999779454620433;1.0;0.9999799515183674;0.9999999999999999;0.9999552879330731;1.0;0.9998552053205482;1.0;0.9998669151868097;1.0;0.999654586798129;0.9996283549753414;0.999610901407796;1.0;0.9999990432246743;0.9999756454629696;0.9999888702964589;0.9999672259070059;1.024999976158142;
2016-09-22 07:00:00;0.9999633144345185;1.0;0.9999899473044851;0.9999633058873738;0.9999974383259154;0.9999669367021403;1.0001357615000708;0.9999692403735547;0.9999914517971284;0.9999823003396662;1.0;0.9999543090148123;0.9999649789690772;0.9999702384816095;1.0;0.9999732393222125;0.9999712744590515;0.9999969512912413;0.9999882510151349;0.9999809184566951;0.9999639663102393;0.9999989744182571;0.9999717568470652;1.0;1.0001908290191408;0.9999680025962352;0.9999999999999999;0.9999717544700886;1.0;0.999949927520295;1.0;0.9998190780397939;1.0;0.9998703586005578;1.0;0.9995432766233413;0.9995063482046729;0.9994817744176823;1.0;0.99999920318406;0.9999657449644255;0.9999858117305265;0.999960000684406;1.024999976158142;
2016-09-22 07:15:00;0.9999260383271854;1.0;0.9999718375795347;0.9999243707485669;0.9999907563336482;0.9999274077720305;1.0001514867493737;0.9999354267672053;0.9999718036632232;0.9999614116273334;1.0;0.9999042997480738;0.999927732287342;0.9999353791509655;1.0;0.9999577574046717;0.9999539456784804;0.9999905634796158;0.9999752325828462;0.9999553348044654;0.9999306581139644;0.9999937457959553;0.9999549342122044;1.0;1.0002128896336486;0.999938062371643;1.0;0.9999381894140237;1.0;0.9999497415134047;1.0;0.9996867460178638;1.0;0.99981912893201;1.0;0.9991793642752743;0.9989800566509014;0.9987712868550168;0.9999999999999999;0.9999970963087712;0.9999344979941125;0.9999607088368142;0.9999165244585404;1.024999976158142;
2016-09-22 07:30:00;0.9999490847078701;0.9999999999999999;0.9999812485045871;0.999948883907414;0.9999936588892671;0.9999513488448787;1.000148965039616;0.9999580414747419;0.9999820641242212;0.9999734091825522;0.9999999999999999;0.9998786099504678;0.9999083888204536;0.9999568839003867;1.0;0.999972748670479;0.999970250836989;0.9999932331555929;0.9999826526588301;0.999970179267828;0.999951537813637;0.9999962557705984;0.9999708776380624;1.0;1.0002091804822897;0.9999575606195898;1.0;0.9999584282376281;1.0;0.9999501301862277;1.0;0.999661871822359;1.0;0.9998122686541745;1.0;0.999109057617131;0.9988863324273561;0.9986617792851109;1.0;0.9999979482829333;0.999954441869826;0.9999741521367927;0.999894392337477;1.024999976158142;
2016-09-22 07:45:00;0.9999129199350401;1.0;0.9999749203322829;0.9999176088006082;0.9999886207469431;0.9999251960835627;1.0001574685493013;0.9999402362976184;0.9999777158516678;0.9999579348540185;1.0;0.9998246151812058;0.99986357119574;0.9999373512717372;1.0;0.9999562403930248;0.9999523869679752;0.9999854647105887;0.9999700550844233;0.9999531804583187;0.99990847772356;0.9999968684485148;0.9999531787035285;1.0;1.0002218684330122;0.9999233499478272;1.0;0.9999365074067417;1.0;0.9999505833894538;1.0;0.9995913560959978;1.0;0.9997939761354342;0.9999999999999999;0.9989089837010561;0.9986678301414263;0.9984409295896371;0.9999999999999999;0.9999966588160604;0.999913882883101;0.9999644224900853;0.9998456494834624;1.024999976158142;
2016-09-22 08:00:00;0.999890164521778;1.0;0.9999637511790721;0.9998951850480811;0.9999911973749204;0.9999034365485993;1.0001668560878667;0.9999254560377875;0.9999766680369769;0.9999390022075222;0.9999999999999999;0.9996597734883707;0.9997400942052878;0.99991144174666;1.0;0.9999513917491428;0.9999468942654136;0.9999897543711138;0.9999597051693947;0.999946104083918;0.9998967844977742;0.9999974972054013;0.9999479754076167;1.0;1.000234707649451;0.9999150610019625;1.0;0.9999146255354197;1.0;0.9999431894257456;1.0;0.9995473719751794;1.0;0.9997700029995686;1.0;0.9987928432581201;0.9984826857410141;0.9982478490826523;1.0;0.9999959043463341;0.9999054619249602;0.9999552577352051;0.9997006670560611;1.024999976158142;
2016-09-22 08:15:00;0.9999073515971947;1.0;0.9999679585753466;0.9999105620809888;0.999993442725007;0.9999169270157816;1.0001617681134307;0.9999348996016245;0.9999796699738535;0.9999472123926121;0.9999999999999999;0.9996622143538979;0.9997438467126069;0.9999223407318535;0.9999999999999999;0.9999584599897663;0.9999546093743591;0.9999929281747132;0.9999658667522247;0.9999545263202705;0.9999157318572846;0.9999975846000342;0.9999555855648341;1.0;1.0002273101086654;0.9999302139051089;1.0;0.9999261653621005;1.0;0.9999466891873016;0.9999999999999999;0.9996208395693706;1.0;0.9997943298753913;1.0;0.9989976628095034;0.9987288997107074;0.9985513295612993;0.9999999999999999;0.9999965895716791;0.9999231343889142;0.9999610775632395;0.999703938270287;1.024999976158142;
2016-09-22 08:30:00;0.9999626430169811;0.9999999999999999;0.9999863055318563;0.9999630872958064;0.9999961741421808;0.999965086776773;1.000158179468577;0.9999711961647735;0.9999888067300253;0.9999795065077485;1.0;0.9997530947389375;0.9998153559198113;0.9999682479999469;0.9999999999999999;0.9999819384610268;0.9999802416110571;0.9999959613781854;0.9999867459539834;0.9999795987455719;0.9999654117360149;0.9999979338368271;0.9999806727730686;1.0;1.000221917677652;0.9999704513217269;1.0;0.9999696184792762;1.0;0.9999050233744284;1.0;0.9996394853022152;1.0;0.9997950027352461;1.0;0.9990539512651408;0.9988259554700936;0.9986667311412468;1.0;0.9999985065242852;0.9999679625464232;0.9999821702159354;0.9997864039508042;1.024999976158142;
2016-09-22 08:45:00;0.9999580922212903;1.0;0.9999839260692212;0.9999579309299569;0.9999950125954225;0.999959705974117;1.0001628168308472;0.9999658338727182;0.9999853508375992;0.999977342032697;1.0;0.9996441936996934;0.9997349730438948;0.9999637723516177;0.9999999999999999;0.9999789953987726;0.9999769974001218;0.9999948504184151;0.9999854189599141;0.9999757211984829;0.9999611117243454;0.9999969158375482;0.9999775112789844;1.0;1.0002284340368974;0.9999661547535463;1.0;0.9999652902288205;1.0;0.999899551787274;1.0;0.9996053259733256;1.0;0.9998016484445054;1.0;0.998946441746935;0.9986590613858699;0.998487497250879;1.0;0.9999982464907182;0.9999637061063412;0.9999784140246215;0.9996932538027833;1.024999976158142;
2016-09-22 09:00:00;0.9999234676544311;1.0;0.9999662345735678;0.9999217271176539;0.9999860124447952;0.9999221509746374;1.0001724125946658;0.9999339474913894;0.9999627338267955;0.9999593997696867;0.9999999999999999;0.9996266999015216;0.9997218891156552;0.999933094619938;1.0;0.9999665295719702;0.9999627817285458;0.9999855668012795;0.999973698454635;0.9999487921529262;0.9999274585991766;0.9999905183448268;0.9999637357531697;1.0;1.0002419180568214;0.9999357179851066;1.0;0.999934421501245;0.9999999999999999;0.9998980723856773;1.0;0.9995451200620664;1.0;0.9997593995042374;1.0;0.9987940604689716;0.9985061517346683;0.99834486556064;0.9999999999999999;0.9999958670367205;0.9999315461951652;0.9999521330026183;0.999678429531365;1.024999976158142;
2016-09-22 09:15:00;0.9999205735036832;0.9999999999999999;0.9999654138983579;0.9999194435897631;0.9999861892522803;0.9999202185377745;1.0001686359357602;0.9999335545381395;0.9999633622235663;0.9999572506946639;1.0;0.9996355308806892;0.9997278529823905;0.9999310035738427;1.0;0.9999667791435706;0.9999630138497623;0.9999857037868802;0.9999722769438234;0.9999482581411024;0.9999250844826075;0.9999908827658077;0.9999639696684961;1.0;1.0002366171537882;0.999934328060271;1.0;0.99993238630996;1.0;0.9999017765819432;1.0;0.9996337286182124;1.0;0.9997613343300359;1.0;0.999060015107401;0.9988031701388489;0.9986745936209239;1.0;0.9999957554196356;0.9999296668149489;0.9999517123636382;0.9996853824130766;1.024999976158142;
2016-09-22 09:30:00;0.9999540018401288;1.0;0.999982674365805;0.99995535606622;0.9999934950114963;0.9999574039757555;1.000156702968983;0.9999666511269154;0.9999845029540043;0.9999752408761616;1.0;0.9996695322181143;0.9997524188635728;0.999962830234954;0.9999999999999999;0.999981700837535;0.999979737877084;0.9999927061638502;0.9999834545889551;0.9999736259573087;0.9999554983356813;0.9999968596266079;0.9999801986065128;0.9999999999999999;1.0002198820929022;0.9999626449753707;1.0;0.9999633244740184;1.0;0.9999128834457749;1.0;0.9996494968633676;1.0;0.9998083106860322;1.0;0.9990748379820861;0.9988032505879628;0.9986340820072013;1.0;0.9999977790411863;0.9999587070763308;0.9999768083058586;0.9997141833218811;1.024999976158142;
2016-09-22 09:45:00;0.9999293684385206;1.0;0.9999784430852083;0.9999335631752552;0.9999915659562303;0.9999393334259719;1.0001670598779788;0.9999533797134357;0.9999830504686542;0.9999639443486548;1.0;0.9995777667841322;0.9996815191335361;0.9999478189153366;1.0;0.9999683765688105;0.9999654379703834;0.999989386027723;0.9999748683671201;0.9999632420625704;0.9999280654725615;0.9999978018356935;0.9999660576481606;1.0;1.0002349022451371;0.9999406759757775;0.9999999999999999;0.9999477052257749;0.9999999999999999;0.9998757918806419;1.0;0.9996259029050583;1.0;0.9997912385966115;1.0;0.9990160075865108;0.9987023483442854;0.9985248864811663;1.0;0.9999971521910322;0.9999330667635727;0.9999710956816278;0.9996336841717403;1.024999976158142;
2016-09-22 10:00:00;0.9998809474596936;1.0;0.999967539205964;0.9998920247420243;0.9999825428547195;0.9999032543934839;1.0001784743788633;0.9999309679460688;0.9999734368118605;0.9999426070574869;1.0;0.9995500372493231;0.9996541784452292;0.9999219212836237;0.9999999999999999;0.9999528327972709;0.9999482474387659;0.9999765263351521;0.9999574239142941;0.9999382161879081;0.9998700291109142;0.9999972202935844;0.9999490310312645;1.0;1.0002517479539594;0.9998951640972145;1.0;0.9999176840948221;0.9999999999999999;0.9998450766572997;1.0;0.9996231867054194;1.0;0.9997841595430331;0.9999999999999999;0.999013203975022;0.9987062594577445;0.9985396222458539;1.0;0.9999947878616576;0.9998785916387868;0.9999545552230749;0.9996064616179369;1.024999976158142;
2016-09-22 10:15:00;0.9998928075857318;1.0;0.9999713128001844;0.999902171744227;0.9999851217584405;0.9999126146596394;1.000178225483198;0.9999359746499663;0.9999767265045387;0.9999485727370875;1.0;0.9995436238117714;0.9996511690199135;0.9999288399967342;1.0;0.9999540923353408;0.9999498332453733;0.9999799296575175;0.9999620567179635;0.9999447511523778;0.9998835355086624;0.9999977306781451;0.9999505888696207;1.0;1.0002512934987808;0.9999054350684585;1.0;0.9999256331431945;1.0;0.9998826275440817;1.0;0.9995651718840538;1.0;0.9997463698275451;1.0;0.998863730279853;0.9985484488039281;0.9983790481476426;1.0;0.9999955642790055;0.9998910399187522;0.9999597548425029;0.9996020215989814;1.024999976158142;
2016-09-22 10:30:00;0.999814588475047;1.0;0.9999552547634445;0.9998242783717758;0.9999818814276956;0.9998450884156294;1.0001891314570863;0.9998699605662453;0.9999640899442713;0.9999134359983713;1.0;0.999506738091871;0.9996213461955508;0.9998683080646766;1.0;0.999887154503821;0.9998784661766977;0.9999751112177554;0.9999380440141316;0.9999068680117591;0.999803757568863;0.9999977441852556;0.9998802754736259;1.0;1.0002682688749707;0.9998340452595661;0.9999999999999999;0.999868209907897;1.0;0.9998663542561832;0.9999999999999999;0.9996052832340816;1.0;0.9997431496623724;1.0;0.9989872222507402;0.9986621524126352;0.9984972551901318;1.0;0.9999948191871673;0.9998144691613042;0.9999357253403162;0.9995693102064508;1.024999976158142;
2016-09-22 10:45:00;0.9998311814033629;1.0;0.9999584972578778;0.9998364747991522;0.9999864983361085;0.9998552747233642;1.0001907382491562;0.999872155520182;0.9999667676231629;0.9999204066491716;1.0;0.9995152728074528;0.9996315568520902;0.9998735084363326;1.0;0.9998862541067564;0.9998778316780242;0.9999819066632646;0.9999446707742212;0.9999152461089829;0.9998263495303608;0.9999976863122472;0.9998797238040749;0.9999999999999999;1.0002702347481074;0.9998502011215553;1.0;0.9998765040154154;1.0;0.9998314209337475;0.9999999999999999;0.9995902189286359;1.0;0.9997445266928678;1.0;0.998941541864148;0.9986099294568985;0.9984396714733871;0.9999999999999999;0.9999960293638639;0.9998354041302385;0.9999407985624247;0.9995786137978526;1.024999976158142;
2016-09-22 11:00:00;0.9998565869574475;1.0;0.9999630591146214;0.9998628100869074;0.9999869285468493;0.9998779410033325;1.0001828314817156;0.9998968145469393;0.999971041173682;0.9999310797518514;1.0;0.9996072848205577;0.9996996869467986;0.9998941607953441;1.0;0.9999130647360993;0.9999063046927636;0.9999826295101589;0.9999517818936193;0.9999277967748958;0.9998520608337571;0.9999977217214828;0.9999077803637173;1.0;1.000258507062421;0.9998743701431683;1.0;0.9998955484293809;0.9999999999999999;0.9998524724094732;1.0;0.9996436572774653;1.0;0.9997611745172776;0.9999999999999999;0.9990907882018252;0.9988090177432986;0.9986482105488551;1.0;0.9999959602026652;0.9998605285429822;0.9999483106481678;0.999657177254974;1.024999976158142;
2016-09-22 11:15:00;0.9997943064161615;0.9999999999999999;0.9999497245765261;0.9998038362614641;0.9999818129577996;0.999826837131462;1.0001894748786513;0.9998527981089994;0.9999610393282916;0.9999027205026274;1.0;0.9995455903934838;0.9996495964911185;0.999850547789225;1.0;0.9998716569584795;0.999861893843557;0.9999751532986079;0.9999313292989142;0.9998976163971594;0.9997855293756274;0.9999977573095187;0.9998639934162064;1.0;1.000269038334382;0.9998178648294089;1.0;0.9998520782622085;1.0;0.9998575097402487;1.0;0.9996115861507348;0.9999999999999999;0.9997338031397008;1.0;0.9990129601955607;0.9987025625079444;0.9985309595966444;0.9999999999999999;0.9999945622692364;0.9997974394456097;0.9999288437509868;0.9996018990544221;1.024999976158142;
2016-09-22 11:30:00;0.9998727398293967;1.0;0.999967914695524;0.9998792119672303;0.9999865628867565;0.9998927655332062;1.0001848284304014;0.9999104522514639;0.9999731958672763;0.9999403485898469;1.0;0.9995477666641941;0.9996559689092017;0.9999091638335429;1.0;0.9999247346338597;0.9999187995850727;0.9999819560259832;0.9999573907797202;0.999934795750055;0.9998654966371398;0.9999976373534354;0.99992003680803;1.0;1.0002611340833747;0.9998862407069793;0.9999999999999999;0.999908932047894;0.9999999999999999;0.9998520618299785;1.0;0.9995800147389322;1.0;0.9997164420848408;1.0;0.9989299365034564;0.9986195994521194;0.9984597012912624;1.0;0.9999961653005239;0.999872863352891;0.9999538831804158;0.9996069033952067;1.024999976158142;
2016-09-22 11:45:00;0.9999075574561123;1.0;0.9999760970148237;0.9999115518669174;0.9999908809642855;0.9999211929494803;1.0001803006666343;0.9999332270346536;0.9999803190819928;0.9999561110586174;1.0;0.9995861853392568;0.9996873995889335;0.9999322806248669;1.0;0.9999439845693776;0.9999396020436184;0.9999879470616024;0.9999691168349614;0.9999526939615345;0.9999038446265573;0.9999981760783945;0.9999405484379515;1.0;1.00025416061283;0.999918205921262;1.0;0.9999328685210657;1.0;0.9998588135693249;1.0;0.9996030827660299;1.0;0.9997444358109702;1.0;0.9989798247860512;0.9986673278982684;0.9984883358764997;1.0;0.9999973048042623;0.9999091610424204;0.9999660567995176;0.9996413672016441;1.024999976158142;
2016-09-22 12:00:00;0.9998991595054587;0.9999999999999999;0.9999725349394548;0.9999036462161711;0.9999905389231736;0.9999136191947989;1.0001791835888927;0.9999282700152535;0.9999788177762958;0.9999504105335459;1.0;0.9996233918444399;0.9997142300528808;0.9999246559420841;1.0;0.9999423324085969;0.9999376959511443;0.9999877200302976;0.9999656007825104;0.9999490157827281;0.9998972149751864;0.9999980467116554;0.99993871716271;1.0;1.0002525657391028;0.9999131823020594;1.0;0.9999257832959514;1.0;0.9998532778371736;1.0;0.9996147463309143;0.9999999999999999;0.9997152950618506;1.0;0.9990354878590884;0.998741472088639;0.9985607025305252;1.0;0.9999969045589139;0.9999034958337033;0.9999623459019863;0.9996723064218673;1.024999976158142;
2016-09-22 12:15:00;0.9998699946020948;0.9999999999999999;0.9999668190598061;0.9998729947818923;0.9999908895629848;0.9998870770091731;1.0001875773474886;0.9998991025827794;0.9999743904043334;0.9999373793651958;1.0;0.9995717181055451;0.999676277611346;0.9998994302815273;1.0;0.9999109335891683;0.9999043699326514;0.999988127243211;0.999957343268765;0.9999351358467073;0.9998693488004513;0.9999981416913837;0.9999059017138545;1.0;1.0002650182687614;0.9998866615349418;1.0;0.9999031298941997;1.0;0.9998364577345339;1.0;0.9996129471544308;1.0;0.9996707626414615;1.0;0.999061422331612;0.9988162517128372;0.99873054161298;1.0;0.9999970737484926;0.9998764020315071;0.999953721997255;0.9996282881954905;1.024999976158142;
2016-09-22 12:30:00;0.9998703622938413;1.0;0.9999648188573621;0.9998784694493802;0.9999862030411867;0.9998912448631977;1.0001811773966056;0.9999143820118344;0.9999734634939726;0.9999360753644061;1.0;0.9995546160072847;0.9996595236011033;0.9999068831081442;1.0;0.9999341274864033;0.9999285524728287;0.9999817033409165;0.9999547720407701;0.9999348091903759;0.999865404907956;0.9999977631334114;0.9999297025654786;0.9999999999999999;1.000255722016262;0.9998884600154109;1.0;0.9999065061911682;1.0;0.9998398345229415;1.0;0.9996460828058092;1.0;0.9997359583954507;0.9999999999999999;0.9991157399657387;0.9988860680147325;0.9988193318227303;1.0;0.9999955134876951;0.9998741097439314;0.9999520244544149;0.9996108961455363;1.024999976158142;
2016-09-22 12:45:00;0.999880758039168;0.9999999999999999;0.9999639476949669;0.9998899198486908;0.9999868492067469;0.9999000883043898;1.0001869215841257;0.9999277694284239;0.9999756115503553;0.9999371988559044;1.0;0.9995378508890284;0.999646396653233;0.9999132499939624;1.0;0.9999533610807981;0.9999488123255567;0.9999830162226256;0.9999561655559275;0.9999410114827194;0.9998793959653524;0.9999978006703225;0.9999497393835671;1.0;1.0002631730811438;0.9999028631511666;1.0;0.9999127649927081;1.0;0.999830377642282;0.9999999999999999;0.9995797417722503;1.0;0.9996372289812323;0.9999999999999999;0.9989846642849348;0.9986842259075529;0.9985287065737178;1.0;0.9999950627777122;0.9998888822172178;0.9999537687989987;0.9995949218612534;1.024999976158142;
2016-09-22 13:00:00;0.9999282938492852;1.0;0.9999778949182108;0.9999347766876957;0.9999901073055297;0.9999404911854607;1.000178203710784;0.9999590673221017;0.9999836637631684;0.9999627866512422;1.0;0.9996345830925911;0.9997217567814136;0.9999500679290928;1.0;0.9999763254207618;0.9999737351424276;0.9999871872976531;0.9999733884330082;0.999963280410256;0.9999253010365878;0.9999980805846236;0.9999742113619667;0.9999999999999999;1.0002504401767227;0.99994053570575;0.9999999999999999;0.9999484643193344;0.9999999999999999;0.9998256002553324;0.9999999999999999;0.9996152517039483;0.9999999999999999;0.9996447037733297;1.0;0.9990866128749403;0.9988110457271873;0.9986445604968193;0.9999999999999999;0.9999966008481593;0.9999311024948787;0.9999709886050862;0.9996811401188564;1.024999976158142;
2016-09-22 13:15:00;0.9999080086487651;1.0;0.9999724034179631;0.9999106563125671;0.9999920575895129;0.9999186180637349;1.000185166163822;0.9999315471723359;0.9999788164928434;0.9999528592356166;1.0;0.9996429305834954;0.9997302972563875;0.9999271807505273;1.0;0.9999478018403221;0.9999435139225978;0.9999904306726412;0.9999683531236739;0.999952871170169;0.9999099890590964;0.9999974395808073;0.9999445270799732;1.0;1.0002606140304287;0.9999233057333183;1.0;0.9999295824751497;1.0;0.9998242514465869;1.0;0.9995659438087908;1.0;0.9996226253943618;1.0;0.9989533823326455;0.9986294347489372;0.998400211494171;1.0;0.9999971141384667;0.9999158327725095;0.9999631765702073;0.9996895341374733;1.024999976158142;
2016-09-22 13:30:00;0.9998946238933807;1.0;0.9999693911944253;0.9998950682846692;0.9999932777389324;0.9999047868697657;1.000183191206713;0.9999140961543659;0.9999761912513059;0.9999466676608552;1.0;0.999632654639553;0.9997240105410272;0.9999129406594154;1.0;0.9999288653328221;0.9999234723574176;0.9999923065710742;0.9999650560838022;0.9999462528468946;0.9998991227821538;0.9999972437028805;0.9999248219734231;1.0;1.0002581648374604;0.9999114643051213;1.0;0.9999177097013189;1.0;0.9998224479703689;0.9999999999999999;0.9995982573084761;1.0;0.9996928730480558;1.0;0.9990017150344934;0.9986931192662993;0.9984930770815823;1.0;0.9999974809941002;0.9999049856116053;0.9999586858292363;0.9996814944980611;1.024999976158142;
2016-09-22 13:45:00;0.9998866149332568;1.0;0.9999553980413833;0.9998906911767922;0.9999886144713321;0.9998955295881802;1.0001843187674657;0.9999224912393151;0.9999683864444057;0.999933003106462;1.0;0.9996652016028962;0.9997444489690089;0.9999036465462784;1.0;0.9999620762873114;0.9999577065399503;0.9999881473540876;0.9999568221270153;0.9999406038931428;0.9998982528208027;0.9999944596817023;0.99995882253025;1.0;1.0002586062270855;0.9999168481192653;0.9999999999999999;0.9999072207498607;0.9999999999999999;0.9998280755386602;1.0;0.9995957239048519;1.0;0.9997104688522845;1.0;0.9989816234650446;0.9986887831683371;0.9984702571785888;1.0;0.9999946977183938;0.9999079018275576;0.9999454685594057;0.9997045809750544;1.024999976158142;
2016-09-22 14:00:00;0.9999073160548408;1.0;0.9999668479036627;0.9999121851103707;0.9999919410461708;0.9999179561897918;1.0001736929600986;0.9999399225206147;0.9999792206095653;0.9999463075024043;1.0;0.9997335818714802;0.999795362455973;0.999924248972136;1.0;0.999966801004262;0.9999632958075783;0.9999909515302964;0.9999648147444418;0.9999543711440281;0.9999147929086628;0.9999973958605475;0.9999641478952526;0.9999999999999999;1.0002438783251715;0.9999312096853785;1.0;0.9999268552125827;1.0;0.9998275673557144;1.0;0.9996554231178458;1.0;0.9997342909496363;1.0;0.999145109646711;0.9989065578532099;0.9987223320169396;1.0;0.9999960246545248;0.9999228440862493;0.9999601621665061;0.9997641485321641;1.024999976158142;
2016-09-22 14:15:00;0.9999389937028385;1.0;0.999979431132165;0.9999408069541061;0.999993293301651;0.9999448747040813;1.000170973542801;0.9999553400620717;0.9999831197039304;0.9999678077841285;1.0;0.9997776949569596;0.9998317381219036;0.9999511000429891;1.0;0.9999705285745927;0.9999678154304931;0.9999922747030853;0.9999784878185748;0.9999671825009795;0.9999408726319241;0.9999972125186276;0.9999684572633855;1.0;1.0002401597452835;0.9999500566754592;0.9999999999999999;0.9999523252285695;1.0;0.999824787286422;1.0;0.9996371521066465;1.0;0.9997204838147159;1.0;0.9990997953636572;0.9988925237940276;0.9987409118746797;1.0;0.9999976020263781;0.999944990476963;0.9999726823286033;0.9998063090693674;1.024999976158142;
2016-09-22 14:30:00;0.9999299075195348;1.0;0.9999728546018173;0.999932387569654;0.9999935628509509;0.9999357000698365;1.0001700646545082;0.9999517428987811;0.9999814837576736;0.9999585792471287;1.0;0.9997709565633545;0.9998256667711022;0.9999401177718118;0.9999999999999999;0.9999751109207755;0.999972374262492;0.999993350087511;0.9999734154883066;0.9999639888507653;0.9999374619147465;0.9999969501462741;0.999973078775991;0.9999999999999999;1.0002385429576113;0.999948843563674;1.0;0.9999427515053075;1.0;0.999825871784949;0.9999999999999999;0.9996730118339369;1.0;0.9997552413759061;1.0;0.9991837113912123;0.9989767420191529;0.9988204857776147;1.0;0.9999968426520821;0.9999434418743369;0.9999671269700957;0.9997983449530109;1.024999976158142;
2016-09-22 14:45:00;0.999899334976422;1.0;0.9999612312625749;0.9999046055705163;0.9999924252745546;0.9999097904856464;1.000179443730173;0.9999363195324352;0.9999779173979945;0.9999382492970361;1.0;0.9997443327319346;0.9998025520993703;0.9999144175189992;1.0;0.9999699904142683;0.9999664344735052;0.9999922125113568;0.9999604425110067;0.9999516325245995;0.9999119425958973;0.9999972208912552;0.9999673543569622;1.0;1.0002516504958292;0.9999300729878797;1.0;0.999918353056213;1.0;0.9998306276714102;1.0;0.9996415399955009;1.0;0.999755610408444;1.0;0.9990884023018175;0.9988768206849853;0.9987139620463676;0.9999999999999999;0.999995440261612;0.9999215643399084;0.9999554530264979;0.9997715758704736;1.024999976158142;
2016-09-22 15:00:00;0.9999727019542697;1.0;0.9999902222383754;0.9999732416672698;0.999996958183655;0.99997478565673;1.0001678054068763;0.9999794109067398;0.9999918484890744;0.999985284652382;1.0;0.9998000797661273;0.9998504732054463;0.9999773938852926;1.0;0.9999870436526143;0.9999858175078856;0.9999966534747704;0.9999903330323999;0.9999850335441536;0.9999741476382192;0.9999985112105884;0.9999861184798741;1.0;1.0002353598557099;0.9999780368407528;1.0;0.9999781510757255;0.9999999999999999;0.9998263471142745;1.0;0.9996582605378187;1.0;0.999780201521893;1.0;0.9991218985899275;0.9989200334172358;0.9987692153134204;1.0;0.9999988799278638;0.999975999222206;0.9999871123461065;0.9998271798970301;1.024999976158142;
2016-09-22 15:15:00;0.9999558278923465;1.0;0.9999840563274852;0.9999574134894962;0.9999950425420018;0.9999599028106064;1.0001624248776757;0.9999688495374414;0.9999875860907441;0.9999756570188794;0.9999999999999999;0.9997906961634769;0.9998420688774771;0.9999640167631451;0.9999999999999999;0.9999818127741738;0.9999799706360809;0.9999944360464574;0.9999839051836655;0.9999763813673805;0.9999581772253864;0.9999978685906274;0.9999804123879882;1.0;1.0002279030597707;0.9999652445451792;1.0;0.9999649923277532;1.0;0.9998468277923411;1.0;0.9996885372710753;1.0;0.9997861941545397;1.0;0.9992087279081825;0.9990096964042569;0.9988625717427965;0.9999999999999999;0.999998063636753;0.9999614969741564;0.9999795141803615;0.9998177960400317;1.024999976158142;
2016-09-22 15:30:00;0.9999530411642675;0.9999999999999999;0.9999843242036293;0.9999545736376121;0.9999945011164071;0.9999577450922744;1.0001638319946031;0.9999658207039952;0.9999867736658248;0.9999755534926285;0.9999999999999999;0.9997981143760167;0.9998475872192168;0.999962888410774;0.9999999999999999;0.9999773778211888;0.9999752880161525;0.9999935713333568;0.999983515090855;0.9999745082881095;0.9999538766260009;0.9999977857107689;0.9999757722099571;1.0;1.000230041446445;0.9999610717803196;1.0;0.9999636013308761;1.0;0.9998436633325898;1.0;0.9996592751021158;1.0;0.9997239120728223;1.0;0.9991637546589992;0.9989515156009433;0.9987845255703353;1.0;0.9999981160573904;0.9999569947059818;0.999978932382676;0.9998245611603819;1.024999976158142;
2016-09-22 15:45:00;0.9999707095112514;1.0;0.9999903476555704;0.999972048469519;0.9999966680426019;0.9999741251410794;1.000159317003117;0.9999797840495973;0.9999924459103401;0.9999845347439147;1.0;0.9998015263867802;0.9998508801650771;0.9999772143826875;1.0;0.9999869389336508;0.9999857005439786;0.999996020131795;0.9999895138497957;0.999984581934661;0.9999712033932227;0.9999988644763177;0.9999859806719111;1.0;1.000223526558394;0.9999760882924729;1.0;0.9999775674021835;0.9999999999999999;0.9998319490869134;1.0;0.9997122193379913;1.0;0.9997847399249598;1.0;0.9992814968082278;0.9991039406425116;0.9989823631626753;1.0;0.9999987945817901;0.9999733072662024;0.9999873148365782;0.9998280484460205;1.024999976158142;
2016-09-22 16:00:00;0.9999607883390437;1.0;0.999985261788867;0.9999613982284363;0.9999957725937965;0.9999633121352602;1.000163791822175;0.9999702705712047;0.9999879968575164;0.9999782350271977;1.0;0.9998002950335396;0.9998501071601368;0.9999666701433274;1.0;0.9999823150104062;0.9999805794546912;0.9999955399165791;0.9999859178455638;0.9999784811644493;0.9999637995100222;0.9999977259586535;0.9999810193970652;0.9999999999999999;1.000229761256377;0.9999692914838796;1.0;0.9999680202585989;1.0;0.9998479722898563;1.0;0.9996556107939676;1.0;0.9997507149710533;1.0;0.9991341461066071;0.9989478647020451;0.9988143318696908;0.9999999999999999;0.9999983370891666;0.9999665785109313;0.9999809301134067;0.999826672530278;1.024999976158142;
2016-09-22 16:15:00;0.9999642945284162;1.0;0.999986420018684;0.9999646474734786;0.9999955465493241;0.9999662182680064;1.0001622990519168;0.9999722322924618;0.9999878964656174;0.9999806471506375;1.0;0.999822500078955;0.9998668996138309;0.9999698576008637;1.0;0.999983562768939;0.9999819361353965;0.9999952434046907;0.999987383264457;0.9999795482853917;0.9999664379488712;0.9999975154456641;0.9999823425025259;1.0;1.0002276650172874;0.999971248027018;1.0;0.9999708536035515;1.0;0.9998386210615097;1.0;0.9996736279722257;1.0;0.9997834917517605;1.0;0.9991660225784021;0.9989952988149574;0.9988709715192167;1.0;0.9999984261826358;0.9999687890004186;0.9999818838335875;0.9998462015254919;1.024999976158142;
2016-09-22 16:30:00;0.9999620371323312;1.0;0.9999859125481307;0.9999627679160413;0.9999951943763159;0.9999646115579222;1.0001571971947028;0.999971365641532;0.9999876113923947;0.9999795706107792;1.0;0.9998427754559597;0.9998815551824101;0.9999686421863363;1.0;0.9999830133482324;0.9999813220444305;0.9999947196473059;0.9999865273320245;0.9999785086189946;0.9999638135887544;0.9999975482046322;0.9999817333822251;1.0;1.0002205500224879;0.9999692645483341;1.0;0.9999694711844156;1.0;0.9998447149788935;1.0;0.9997080420026238;1.0;0.999826208855417;1.0;0.9992400076898285;0.9991245984472751;0.999059404385939;1.0;0.9999983151409314;0.9999663683081935;0.9999812086607428;0.9998633728259203;1.024999976158142;
2016-09-22 16:45:00;0.999958600837699;1.0;0.9999851829315424;0.9999595628183631;0.9999950976772368;0.9999618777997307;1.000154261624696;0.999969111148535;0.9999873893065723;0.9999778395959114;1.0;0.9998366093992991;0.9998766980723865;0.9999661165913662;1.0;0.9999808368033525;0.9999789931204683;0.9999945310038136;0.9999853340097116;0.9999770974473808;0.9999603781000199;0.9999976654269706;0.9999794380708834;1.0;1.0002164948841226;0.9999664277854757;1.0;0.9999670501892475;1.0;0.9998457077314219;1.0;0.9997452617918386;1.0;0.9998407576446361;1.0;0.9993421606741076;0.9992352542252817;0.9991837909289645;1.0;0.999998251503373;0.999963180075183;0.999980325454545;0.9998578542251453;1.024999976158142;
2016-09-22 17:00:00;0.9999396125719703;1.0;0.9999774340699193;0.9999409570344191;0.9999921243063458;0.9999437983385803;1.0001556136926708;0.9999549808901439;0.9999800859905084;0.9999674344771332;1.0;0.9998501640407699;0.9998857186229696;0.9999503602451826;1.0;0.9999739443391967;0.9999712907088384;0.9999913048146702;0.9999784593183119;0.9999656944773692;0.9999422735555514;0.9999960392025978;0.9999719308604448;1.0;1.0002184753631758;0.9999511515382783;1.0;0.9999515148962363;1.0;0.9998469013874283;1.0;0.9997483857077054;0.9999999999999999;0.999831573942391;1.0;0.9993578531621183;0.9992610059794111;0.9992110226253305;1.0;0.999997248288275;0.999946394483477;0.9999699162485706;0.9998685936447507;1.024999976158142;
2016-09-22 17:15:00;0.9999678338509418;1.0;0.9999883631964038;0.9999686043023551;0.9999962783099945;0.9999703586126245;1.0001549473493927;0.9999761841769182;0.999990322227331;0.9999825697563047;0.9999999999999999;0.999860459899123;0.9998948419394427;0.9999735228320993;0.9999999999999999;0.9999855176772106;0.999984104588468;0.999995881656624;0.999988510773699;0.9999823317275209;0.9999694702665295;0.9999982173107642;0.9999844482592175;1.0;1.0002173643573895;0.9999742135426585;1.0;0.9999742974903366;1.0;0.9998435746497363;1.0;0.9997714852342344;1.0;0.9997966468646098;1.0;0.9994519488605454;0.9993587023686636;0.999312502036464;1.0;0.9999986296038257;0.9999717066723481;0.9999847056874259;0.9998786699686382;1.024999976158142;
2016-09-22 17:30:00;0.9999643904773574;1.0;0.99998727605791;0.9999639507083727;0.9999959747797463;0.999965890518831;1.0001504914386705;0.9999697046530742;0.999987826142143;0.9999816280964;1.0;0.999919891856973;0.999939730149109;0.999969537930998;1.0;0.9999790126010966;0.9999771937683771;0.9999957620157933;0.9999880977838489;0.9999793362377606;0.9999662503834286;0.9999975185500616;0.9999776569991351;0.9999999999999999;1.0002112301293626;0.9999700909956949;1.0;0.9999708802256814;1.0;0.9998402015712129;1.0;0.9997852121342138;1.0;0.9998516609081324;1.0;0.9994551290698886;0.999395293425691;0.9993609676987679;1.0;0.9999987078321674;0.9999681521578894;0.9999823522708581;0.9999304423471725;1.024999976158142;
2016-09-22 17:45:00;0.9999679982171173;1.0;0.9999891286612193;0.9999680269977451;0.9999967024945626;0.9999701016946624;1.0001510359604027;0.9999738803041034;0.9999902764716371;0.9999834711680147;1.0;0.9999105768468862;0.9999326025013268;0.9999732099816616;1.0;0.999981383045016;0.9999797965527041;0.9999964069582604;0.9999891893032959;0.9999821918496924;0.9999694504705121;0.9999982219980531;0.9999801928998374;0.9999999999999999;1.0002119814342094;0.999973281522655;1.0;0.9999743437732418;1.0;0.9998284470689016;1.0;0.9997940115270256;1.0;0.9998576978418843;1.0;0.9994777280743047;0.9994220077703209;0.9993977975646842;0.9999999999999999;0.9999988886730434;0.9999712784856088;0.9999851445824568;0.9999222835846814;1.024999976158142;
2016-09-22 18:00:00;0.9999626927971768;1.0;0.9999876399727886;0.9999633769908083;0.9999956851994243;0.999965907802782;1.0001510831748366;0.9999712418250372;0.9999889431954759;0.9999809622381652;1.0;0.9999170650781655;0.999936731045315;0.9999700581291043;1.0;0.9999799628429797;0.9999781979627428;0.9999950388813048;0.9999872395786061;0.9999793206930878;0.9999633736459349;0.9999980438200763;0.9999786166115314;1.0;1.0002121170115434;0.9999685097081616;1.0;0.9999708176556658;1.0;0.9998614633500277;1.0;0.9997293962898821;1.0;0.9998314002934421;1.0;0.9993005192859653;0.9992489309681617;0.9992247249551733;0.9999999999999999;0.9999986007123137;0.9999656138791562;0.999983005385899;0.9999274709937076;1.024999976158142;
2016-09-22 18:15:00;0.9999601202695249;1.0;0.9999849921499241;0.9999609200703382;0.9999957057205813;0.9999628739339481;1.0001614384070872;0.9999703221855557;0.9999880148615642;0.9999777252071266;1.0;0.9998987721424998;0.9999228818632105;0.9999662527032485;1.0;0.9999827031824586;0.9999809742247241;0.9999954408342577;0.9999855613609081;0.9999782869228865;0.9999631967186509;0.999997769117688;0.9999814101736619;1.0;1.0002264593314711;0.9999689737640388;1.0;0.9999675670026205;1.0;0.9998456571303108;1.0;0.999726564095354;1.0;0.9996713865585979;0.9999999999999999;0.9994036469042441;0.9993466420982504;0.9993228462660958;0.9999999999999999;0.9999982798028815;0.9999661034435916;0.9999807232155948;0.9999109904990253;1.024999976158142;
2016-09-22 18:30:00;0.9999373582036064;1.0;0.9999795085572096;0.9999380318551584;0.9999945219146733;0.9999426141883017;1.0001642614649542;0.999950692174415;0.9999833991275957;0.9999671702390845;1.0;0.9999101018449899;0.9999306872801281;0.999947975842737;1.0;0.9999640875257854;0.9999610765728739;0.9999939353283149;0.999978514982667;0.9999667705215631;0.9999405479417115;0.9999974069778355;0.9999618269837587;1.0;1.0002308502183732;0.9999486083002124;1.0;0.9999503220220685;1.0;0.9998299478039734;0.9999999999999999;0.9997496322089171;1.0;0.9996896196995739;1.0;0.9994608551699493;0.9994181562315647;0.9994050547500634;0.9999999999999999;0.9999979565346887;0.9999444196020303;0.9999727393634532;0.9999204024441024;1.024999976158142;
2016-09-22 18:45:00;0.9999634289147021;1.0;0.9999869170360436;0.999964223517794;0.9999954265692192;0.9999662341361599;1.0001595460794481;0.9999724779027489;0.9999884446691428;0.9999806612510292;0.9999999999999999;0.9999264393975181;0.9999435624556247;0.9999702354944499;1.0;0.9999828689642595;0.9999812210740809;0.999994870631939;0.999987141125377;0.9999794483773701;0.9999646794104411;0.9999977961311689;0.9999816153050657;1.0;1.0002238787587483;0.9999699653636093;1.0;0.9999709458493783;1.0;0.9998373587694201;0.9999999999999999;0.9997468405743752;1.0;0.9996941853069607;1.0;0.9994490058432897;0.9994139890529894;0.9994048548414207;1.0;0.9999984373076349;0.9999670771663097;0.9999823916280955;0.9999352778095587;1.024999976158142;
2016-09-22 19:00:00;0.9999554776735637;1.0;0.9999832705510228;0.9999569891830992;0.9999949252801258;0.9999591828184526;1.0001535881652708;0.9999686310433645;0.999987005295345;0.9999749787274516;1.0;0.9999251256125834;0.9999416731913549;0.999963171872157;1.0;0.999982838996636;0.9999810144597395;0.9999944398104846;0.999983591824362;0.9999760145671783;0.9999584607794407;0.9999976532773593;0.9999814600694445;1.0;1.0002154640920213;0.9999655740161888;0.9999999999999999;0.9999642552025494;1.0;0.9998376402222218;1.0;0.9997840313711412;1.0;0.9997991519914011;1.0;0.9994880380969114;0.9994566550063089;0.9994483139446221;1.0;0.9999979615574007;0.9999619059023199;0.999978705809656;0.999933008258406;1.024999976158142;
2016-09-22 19:15:00;0.9999458001365621;1.0;0.9999802946562217;0.9999464341045998;0.9999935088560433;0.9999492624104777;1.0001554816995692;0.9999578566419974;0.9999824689146403;0.999971157422223;1.0;0.9999295227579559;0.9999453291086855;0.9999548881234219;1.0;0.9999734710634305;0.9999709640479365;0.9999929222702792;0.9999810549010215;0.9999693377111686;0.9999484068994259;0.9999965655585312;0.9999715819846435;0.9999999999999999;1.0002183136776026;0.999955700259459;1.0;0.999956312214918;0.9999999999999999;0.9998283394235838;1.0;0.9997563739987376;1.0;0.9997296309185093;1.0;0.9994533043548357;0.9994211656969442;0.999411650498769;1.0;0.999997755044053;0.9999518630703972;0.99997349115334;0.9999373592728826;1.024999976158142;
2016-09-22 19:30:00;0.9998367122529416;0.9999999999999999;0.9999457848651231;0.9998332535688196;0.9999847381013574;0.9998441951778028;1.0001649147397875;0.9998563329088058;0.9999482685796951;0.9999176020019617;1.0;0.9999239097490344;0.999940793835625;0.9998598377922907;0.9999999999999999;0.9998905902852276;0.9998818157439265;0.9999840519685568;0.9999467727172441;0.9999073163282662;0.9998449700761716;0.9999902361860865;0.9998840742594363;1.0;1.0002330520998501;0.9998605757073808;0.9999999999999999;0.9998670930272535;1.0;0.9998284173529991;1.0;0.9997535566792176;1.0;0.9997829558258345;1.0;0.999407623039633;0.9993742720714721;0.9993651382228996;1.0;0.9999952468398987;0.9998528151807483;0.9999237604102921;0.9999322221868006;1.024999976158142;
2016-09-22 19:45:00;0.999859252559017;0.9999999999999999;0.9999521111485004;0.9998557596512783;0.9999863245597588;0.9998645727289647;1.0001655556758817;0.9998749626322103;0.999953602150735;0.9999287095172655;1.0;0.9999309109700772;0.9999467316593033;0.9998781978706968;0.9999999999999999;0.9999063219936383;0.9998987287626664;0.9999859187379103;0.999954143961216;0.9999190454452237;0.9998669878609098;0.9999908873603509;0.9999006964200019;0.9999999999999999;1.0002336100090379;0.9998800244756942;1.0;0.9998845782321769;1.0;0.9998265139925944;1.0;0.9997418236725147;1.0;0.9997322212576212;1.0;0.9994076725359824;0.9993748404077413;0.999364532176491;1.0;0.9999957597421771;0.9998736806229674;0.9999325938629319;0.9999387743103592;1.024999976158142;
2016-09-22 20:00:00;0.9999388279454543;0.9999999999999999;0.9999788006613374;0.9999381340156471;0.9999939234311236;0.9999418647998819;1.0001546980750105;0.9999481686512993;0.99998059832677;0.9999682903368705;1.0;0.9999353965829252;0.9999505297272401;0.9999475817018956;1.0;0.9999628584329644;0.9999597312083428;0.9999936386320224;0.9999795234262774;0.999965478034695;0.9999423934289132;0.999996286438552;0.9999605333453503;0.9999999999999999;1.0002174065632827;0.9999489786153068;1.0;0.9999501453271044;0.9999999999999999;0.9998390799023097;1.0;0.9997465175481848;1.0;0.9997073272790301;1.0;0.9994389449932899;0.9994077340109284;0.9993985998565283;1.0;0.9999979591782081;0.9999457166953479;0.9999709045978898;0.9999430327717148;1.024999976158142;
2016-09-22 20:15:00;0.9999335287110636;0.9999999999999999;0.9999776187204846;0.9999340011746969;0.9999924937237104;0.9999383093333257;1.0001480953692203;0.9999467777568504;0.9999794381893125;0.9999660789806841;1.0;0.9999322106411657;0.9999471062638586;0.9999455192926596;0.9999999999999999;0.9999625290456358;0.9999592802383221;0.9999915961513981;0.9999775072824562;0.99996262739658;0.9999354077534177;0.9999961946218217;0.999960071376272;1.0;1.0002082425058108;0.9999438036499104;1.0;0.9999472643934999;0.9999999999999999;0.9998306063592566;1.0;0.9997929192365406;1.0;0.9997947385835657;1.0;0.9995180889714044;0.9994868022996555;0.9994772864765733;1.0;0.9999975920038734;0.9999391992036175;0.9999690384407759;0.9999397774521875;1.024999976158142;
2016-09-22 20:30:00;0.999923409695638;1.0;0.999972309708606;0.9999231248138588;0.9999909732040397;0.9999271101164618;1.0001503334430406;0.9999369872741334;0.9999739663921352;0.9999599959574482;1.0;0.9999311826561813;0.9999465080019573;0.999935200506253;1.0;0.9999581760757738;0.9999544113606353;0.9999903651188897;0.9999739135932788;0.9999557130886124;0.999927201309137;0.9999947089949722;0.99995535841828;1.0;1.0002113493559162;0.999936229005638;1.0;0.9999376133899671;1.0;0.9998389897940788;1.0;0.9997990101992695;0.9999999999999999;0.9997671285277662;0.9999999999999999;0.9995555208414463;0.9995251364765897;0.9995167948433842;1.0;0.9999970441005529;0.999931573248173;0.999961931231492;0.9999387494594242;1.024999976158142;
2016-09-22 20:45:00;0.999925931198002;1.0;0.9999736463752315;0.9999258577502493;0.9999913205930357;0.9999299333810018;1.000151141220854;0.9999394326867236;0.9999753030842791;0.9999615593516102;0.9999999999999999;0.999931258171737;0.9999465091500176;0.9999378237713695;1.0;0.9999592268108619;0.9999555892220094;0.9999906252831489;0.9999748287617295;0.9999574120850643;0.9999291775913578;0.9999950756179913;0.9999564967465243;1.0;1.00021249162571;0.9999380643339792;1.0;0.9999400625369388;1.0;0.9998421192949077;1.0;0.999781439726687;1.0;0.9997446971534346;1.0;0.9995181713329793;0.9994864827198175;0.9994765542823636;1.0;0.9999971764895446;0.999933402044379;0.9999636995795799;0.9999388517740365;1.024999976158142;
2016-09-22 21:00:00;0.9999163457041715;1.0;0.9999697821249209;0.9999161358748875;0.9999915983598828;0.9999207237347136;1.000150146911161;0.999931800154381;0.9999737449979317;0.9999551391116263;0.9999999999999999;0.9999254238911888;0.9999419001310768;0.9999280545068555;1.0;0.9999544343602615;0.999950383727687;0.9999912952164464;0.9999711284810977;0.9999533163685139;0.9999223359155188;0.9999949786237345;0.9999514273300321;1.0;1.0002110959097945;0.999932275495512;0.9999999999999999;0.9999314791352744;1.0;0.9998502582135042;0.9999999999999999;0.9997834266951884;1.0;0.9997850345383158;1.0;0.9994960035506928;0.9994651081678624;0.9994563860963294;1.0;0.9999969241788647;0.9999274560727806;0.9999596704882967;0.9999330600038202;1.024999976158142;
2016-09-22 21:15:00;0.9999163433555612;1.0;0.9999711514208346;0.9999163098533342;0.9999901744035036;0.9999213045105532;1.0001504895637934;0.9999314213391851;0.9999725196974598;0.999957351405046;1.0;0.9999319322834768;0.9999466931549778;0.9999306358850869;1.0;0.999952292203056;0.999948130395899;0.999989194066281;0.9999718527569309;0.9999519406977864;0.9999189988611992;0.9999946139290034;0.9999491557429677;1.0;1.000211757256486;0.9999289925504651;1.0;0.9999329116001396;1.0;0.9998507892727388;1.0;0.9997790339777695;1.0;0.9997838729235181;1.0;0.9994835277537105;0.9994519617107589;0.9994416526840272;1.0;0.999996928706427;0.999923580398216;0.9999597397674561;0.9999393948560735;1.024999976158142;
2016-09-22 21:30:00;0.9998701857806436;1.0;0.999956297462549;0.9998740739969011;0.9999823054802186;0.9998821864942766;1.0001538675746577;0.9999043422228475;0.9999592511196003;0.9999341285806974;1.0;0.9999120345476951;0.999927350507078;0.9998991416778599;1.0;0.9999378859965938;0.9999320187261687;0.9999792230579935;0.9999549344229642;0.9999263232554023;0.999869612396845;0.9999923994641112;0.9999333450320157;0.9999999999999999;1.000216954785308;0.9998892463539918;1.0;0.9998996200923831;1.0;0.9998511145691457;1.0;0.999798415394444;1.0;0.999797962456638;1.0;0.9995321808893587;0.9995014435475125;0.9994919275850354;1.0;0.9999945363827913;0.9998776392617654;0.9999391439571549;0.9999194276197544;1.024999976158142;
2016-09-22 21:45:00;0.9997322381059237;0.9999999999999999;0.99992067022932;0.9997544699750495;0.9999565708660579;0.9997758745114717;1.0001652589062144;0.9998393465014531;0.9999281131729691;0.9998699905374521;0.9999999999999999;0.9998398890874751;0.9998554836761805;0.9998208344050058;1.0;0.9999001471156482;0.9998897430422485;0.9999437046967923;0.9999041469988982;0.9998534307432725;0.9997090696490908;0.9999892383810095;0.9998915760271521;1.0;1.0002349036280567;0.999763594843491;1.0;0.9998103219141428;0.9999999999999999;0.9998588609468002;1.0;0.9998037346154908;1.0;0.9998050150251182;1.0;0.9995431501066595;0.9995110324045876;0.9995007227685606;1.0;0.999987400443871;0.999727730329867;0.9998873018485915;0.9998475245469045;1.024999976158142;
2016-09-22 22:00:00;0.9997247220225373;1.0;0.9999262401507688;0.9997528753442285;0.9999569521699635;0.9997790217936858;1.0001651411547414;0.9998474681927841;0.9999382077270474;0.9998687225658065;1.0;0.9998234623835212;0.9998386706983358;0.9998257432995602;0.9999999999999999;0.9998985960956781;0.9998883487669024;0.9999416408295606;0.9999009235116169;0.9998562269513062;0.9996942071199294;0.999993554284394;0.9998899691034376;1.0;1.000235299182819;0.9997549720943608;0.9999999999999999;0.999812672781834;0.9999999999999999;0.9998543718083486;1.0;0.999804609484093;0.9999999999999999;0.9998043487056493;1.0;0.9995463672507295;0.9995158308727755;0.9995066957304168;1.0;0.9999875056551962;0.9997142162223381;0.9998953780617804;0.9998308838412596;1.024999976158142;
2016-09-22 22:15:00;0.9997936871820333;1.0;0.9999427507645483;0.9998146529643773;0.9999682071515085;0.999833470410893;1.000157337688212;0.9998860813246453;0.999953527935382;0.9998995869001858;1.0;0.9998498607137296;0.9998658076010378;0.9998670729828567;1.0;0.9999274707119548;0.9999199141951631;0.999957264963433;0.9999250262346008;0.999892716759788;0.9997736262123317;0.999995002543604;0.9999211335042415;0.9999999999999999;1.0002231870802294;0.9998192513231775;1.0;0.9998581227178123;1.0;0.9998590390090778;1.0;0.9998118359466812;1.0;0.9998234868033673;0.9999999999999999;0.9995548131492791;0.9995240751114517;0.999514558933506;1.0;0.9999904197004531;0.9997891261363334;0.9999203807208478;0.9998572533260931;1.024999976158142;
2016-09-22 22:30:00;0.9998892709301226;1.0;0.999963433978724;0.9998944017970397;0.9999837688915255;0.9999016202570236;1.0001451855310146;0.9999231418199122;0.9999662311700227;0.9999441965429364;1.0;0.9999138222615229;0.9999283641264521;0.9999172108073306;0.9999999999999999;0.9999518023061782;0.9999470428088876;0.9999803692256027;0.9999610467380243;0.9999376223948777;0.9998864050144797;0.9999939195345714;0.999948055658829;1.0;1.000204610182507;0.999905016958866;1.0;0.9999162715582589;1.0;0.9998490292158637;1.0;0.999849314172751;1.0;0.9998677897741783;1.0;0.9996372934456699;0.9996079444546684;0.9995992211366402;1.0;0.9999950380358764;0.9998936215822962;0.9999490428880693;0.9999209688134247;1.024999976158142;
2016-09-22 22:45:00;0.9999101790664389;1.0;0.9999706320265931;0.999914102921618;0.9999874180570112;0.9999201715666642;1.000141820144578;0.9999369130844672;0.9999732749713492;0.9999547115994208;1.0;0.9999219721774744;0.999936056275497;0.9999323253385157;1.0;0.9999592877572998;0.9999553748279905;0.9999847982765896;0.9999685365782824;0.9999498539878882;0.9999083297147814;0.9999953041447727;0.9999562198080019;1.0;1.0001996981580286;0.9999231262986917;0.9999999999999999;0.9999319626838539;1.0;0.9998578394917944;1.0;0.9998402801090629;1.0;0.999868557283672;1.0;0.9996093884381286;0.9995792774924944;0.9995689671525412;1.0;0.9999961123648894;0.9999141398594079;0.9999592103144295;0.9999289742426501;1.024999976158142;
2016-09-22 23:00:00;0.999906087913197;1.0;0.9999683250904493;0.9999111858315654;0.9999868239997651;0.999917164492041;1.0001420220544306;0.9999374298789728;0.9999729080431604;0.9999511484031625;1.0;0.9999166944008743;0.9999310127811807;0.999929371145735;0.9999999999999999;0.9999630563218332;0.9999592250140384;0.9999840923687423;0.9999661564149185;0.9999484520929139;0.9999050878804939;0.9999953499086562;0.9999600406952991;1.0;1.0001998729605632;0.9999217409067198;1.0;0.9999288143172752;1.0;0.9998629045477772;0.9999999999999999;0.999847903047418;1.0;0.9998743151230888;1.0;0.9996283404956557;0.9996008244977677;0.9995921012418735;1.0;0.999995651795003;0.9999118086548494;0.9999572709048191;0.9999232627968594;1.024999976158142;
2016-09-22 23:15:00;0.9998761667462396;0.9999999999999999;0.9999616465191652;0.9998860689298448;0.9999800382639873;0.9998953210175646;1.0001409955348781;0.9999248355979757;0.9999659530384735;0.9999386865257931;0.9999999999999999;0.9999029732156051;0.9999162618321007;0.999915018167396;1.0;0.9999552617081953;0.9999504693788964;0.9999745108435798;0.9999554193411444;0.9999321239234774;0.9998674899191092;0.9999946466414852;0.9999513416792096;1.0;1.0001989804452414;0.99989247172787;1.0;0.9999110418130644;1.0;0.9998703825453232;1.0;0.999872153373207;1.0;0.9998832067734574;0.9999999999999999;0.9996952685878435;0.9996672188358434;0.9996572886030403;1.0;0.9999939880358932;0.9998763745746876;0.9999464920659371;0.9999094163301692;1.024999976158142;
2016-09-22 23:30:00;0.999882650323974;1.0;0.9999642245755977;0.9998925089320339;0.9999801401037767;0.9999014321659582;1.0001404195768335;0.9999296548060995;0.9999672435600715;0.9999428331413702;1.0;0.9999077567626058;0.999920081405234;0.9999211798361567;0.9999999999999999;0.9999580308070781;0.9999535018765238;0.9999744515999722;0.9999579032747611;0.9999351103103099;0.9998725727218777;0.9999947954675353;0.9999542936397996;1.0;1.0001981685325925;0.9998966960679607;1.0;0.999916641986928;1.0;0.9998727695154591;0.9999999999999999;0.999867932144771;1.0;0.999885503768867;1.0;0.9996809699400983;0.9996540809163028;0.9996449445103988;1.0;0.9999942024965092;0.9998808607919438;0.9999493418378399;0.9999140263380994;1.024999976158142;
2016-09-22 23:45:00;0.9998642357471338;0.9999999999999999;0.9999609635846004;0.9998770619487506;0.9999769656031803;0.9998885066590487;1.0001403108557299;0.9999219352935799;0.9999647432490577;0.9999350710055019;1.0;0.9998989206938104;0.9999107253365358;0.9999122156061434;1.0;0.9999515405544382;0.9999463993850606;0.9999696500077803;0.999951316215011;0.9999262059711417;0.999849847717837;0.9999950119693376;0.9999472380149577;0.9999999999999999;1.0001983979475435;0.9998790074801782;1.0;0.9999059129616185;1.0;0.9998899632684322;1.0;0.9998642112324831;1.0;0.9998818354966417;1.0;0.9996720958572151;0.9996446700886698;0.9996343590742129;1.0;0.9999934052784594;0.9998594946520906;0.9999441932071774;0.9999050746993755;1.024999976158142;
2016-09-23 00:00:00;0.9999061711896893;0.9999999999999999;0.9999717451233304;0.9999130954377254;0.9999843920524417;0.9999203595977505;1.00013613017291;0.9999407949699113;0.9999731524602212;0.9999550132711581;0.9999999999999999;0.9999219342553645;0.9999336872895471;0.9999361292576895;1.0;0.9999622620147919;0.9999584417944066;0.9999800196684969;0.9999669793946345;0.99994755337677;0.9998981782975115;0.9999956040086327;0.9999591395248073;0.9999999999999999;1.0001919537119999;0.9999164011544374;1.0;0.9999329370078328;1.0;0.9998822484209059;1.0;0.9998691480654377;1.0;0.9998948732456984;0.9999999999999999;0.9996781306584989;0.9996507724723165;0.9996412550881222;0.9999999999999999;0.9999955828819701;0.9999043768758458;0.9999593211098491;0.9999282597454294;1.024999976158142;
2016-09-23 00:15:00;0.9999369289319661;1.0;0.9999784214517272;0.9999408940987645;0.9999885948167869;0.9999444532372814;1.0001300819722891;0.9999589653343003;0.999978775049546;0.9999686066999822;1.0;0.9999338199268913;0.9999456879836207;0.9999550113054453;1.0;0.9999777757044028;0.9999752367242641;0.9999860486322706;0.9999774723483713;0.9999630733186177;0.999933217883927;0.999995825495303;0.9999757256713989;1.0;1.0001828928176184;0.9999450474171315;1.0;0.9999531370358867;1.0;0.9998882434776295;1.0;0.9998799167005626;1.0;0.9999017312223762;1.0;0.9997057464332451;0.9996787100939566;0.9996691924437763;1.0;0.9999966694927863;0.9999374893348626;0.999969411076465;0.999940043604528;1.024999976158142;
2016-09-23 00:30:00;0.9999369087550223;1.0;0.9999815281333129;0.9999415472151868;0.9999904846714298;0.9999468241130447;1.0001276046154775;0.9999601259919514;0.9999835194241984;0.9999694920571147;1.0;0.9999334853763738;0.9999450370386601;0.9999566054463777;1.0;0.9999732740926918;0.9999706913636254;0.9999877011474815;0.9999777981846759;0.9999658226155944;0.9999322463339111;0.9999976134702061;0.9999711751699673;0.9999999999999999;1.0001796343840903;0.9999444004471159;0.9999999999999999;0.9999549473415329;1.0;0.999904066082057;1.0;0.9998839105891327;0.9999999999999999;0.9998963548086469;1.0;0.9997213170949053;0.9996944211048739;0.999684490601856;1.0;0.9999972121055285;0.9999364955617578;0.9999738437119784;0.9999395645053;1.024999976158142;
2016-09-23 00:45:00;0.9999585871288607;0.9999999999999999;0.9999862999920152;0.9999601551227205;0.9999939815844257;0.9999628490299423;1.0001264757190471;0.9999701469752333;0.9999870233005806;0.999979331835293;1.0;0.9999459876696519;0.9999573403331737;0.9999686050321793;1.0;0.9999806315482547;0.9999787822441736;0.9999927913966529;0.9999856581354016;0.9999764347824368;0.9999576497554956;0.9999975957179009;0.9999791849552311;1.0;1.000177678434171;0.9999642324562139;1.0;0.9999684767988116;1.0;0.9999088414219003;1.0;0.9998719472525197;1.0;0.9999003705610089;1.0;0.999682458623185;0.999656192900085;0.9996466754642843;1.0;0.9999981937320134;0.9999602177089728;0.9999807355994819;0.9999519683883639;1.024999976158142;
2016-09-23 01:00:00;0.9999666414510897;1.0;0.9999879931690211;0.9999674149706609;0.999995118360101;0.9999691117130306;1.0001225851530096;0.9999748987070755;0.9999885138553968;0.999982810517278;1.0;0.9999474035907236;0.9999592382764493;0.9999734556505779;1.0;0.9999847776862585;0.9999832670482566;0.9999944306281614;0.9999883752146217;0.9999805234929579;0.9999669391446738;0.9999976520560762;0.9999836159564279;1.0;1.0001720657151039;0.9999718366542725;1.0;0.9999736981290132;0.9999999999999999;0.9999300862466505;0.9999999999999999;0.9998731059299609;1.0;0.9999076970737107;1.0;0.9996807203692812;0.9996538203203288;0.9996443029071167;1.0;0.9999984775798201;0.9999690155656281;0.9999833500303703;0.9999535846936533;1.024999976158142;
2016-09-23 01:15:00;0.9999699598469345;1.0;0.9999880026455825;0.9999697673774671;0.9999950398874407;0.999970623078095;1.000122047021766;0.9999750862034634;0.9999872560890906;0.9999844780803787;1.0;0.9999512042034313;0.9999628940361176;0.9999747596575613;1.0;0.9999857352562681;0.9999842760190775;0.999994666275537;0.9999897519996037;0.9999809903528847;0.9999708389420248;0.9999969948300365;0.9999846334391458;1.0;1.000171229944307;0.9999744453583116;0.9999999999999999;0.9999752098884553;1.0;0.9999284383060718;1.0;0.9998735168660157;1.0;0.9999060254610072;1.0;0.9996831268849308;0.9996566171145037;0.9996478933717221;1.0;0.9999985337431948;0.9999724794015101;0.9999829914138116;0.9999574547883398;1.024999976158142;
2016-09-23 01:30:00;0.9999694743724801;0.9999999999999999;0.9999892092703587;0.9999695978436547;0.9999964016096696;0.9999713293588212;1.000117859827361;0.999975410881395;0.9999900360512579;0.9999841506691964;1.0;0.9999496948901189;0.9999615458944537;0.9999745666486209;1.0;0.9999834866004919;0.9999820062645031;0.9999960662512585;0.9999895827194909;0.9999825939667903;0.9999707136446633;0.9999980499353139;0.9999823719127394;1.0;1.0001654393517179;0.9999745276713898;0.9999999999999999;0.9999754516539296;1.0;0.9999388995789263;1.0;0.9998944132819444;1.0;0.9999288633778224;1.0;0.9997303651781705;0.9997032309024411;0.9996933003119108;0.9999999999999999;0.9999988170194883;0.9999724992017457;0.9999852025797531;0.9999558492081803;1.024999976158142;
2016-09-23 01:45:00;0.9999725678486688;1.0;0.9999911554965661;0.999973090965599;0.9999971389648677;0.9999751116163879;1.000116235132701;0.9999788760150693;0.9999924335148042;0.9999859664186269;1.0;0.999961559002353;0.9999701658678068;0.9999779273644217;1.0;0.9999847557370685;0.9999834525188122;0.9999966933163935;0.9999906270331153;0.999985167019338;0.9999732151767129;0.9999987695912769;0.9999837638708026;1.0;1.0001631845184031;0.9999769771218243;0.9999999999999999;0.9999786172384485;1.0;0.9999419753326305;1.0;0.9999031539400609;0.9999999999999999;0.9999317408769511;1.0;0.9997547136155367;0.9997337440515733;0.9997246069175824;1.0;0.999999035570087;0.999974880200627;0.9999879640615533;0.9999659597610803;1.024999976158142;
2016-09-23 02:00:00;0.9999757742052654;1.0;0.9999924393759053;0.9999763778619183;0.9999972918407342;0.9999782579585359;1.0001152857908853;0.9999816252136327;0.9999933453449208;0.9999878832287069;1.0;0.9999643935045294;0.999972330075842;0.999981015374345;1.0000000000000002;0.9999865246707594;0.9999853767705988;0.9999967757246647;0.99999177583516;0.9999868383584042;0.9999758298942653;0.999998934324827;0.9999856423497328;1.0;1.0001618421475154;0.9999792764529535;1.0;0.9999814209117813;1.0;0.9999471421497118;0.9999999999999999;0.9999020603297698;1.0;0.9999333859400148;0.9999999999999999;0.999750266267758;0.9997291743217088;0.9997188624356177;1.0;0.9999991415885748;0.9999772650561459;0.9999895237664609;0.9999685477294095;1.024999976158142;
2016-09-23 02:15:00;0.9999797113699558;1.0;0.9999920895461517;0.9999796067209896;0.9999971553455483;0.9999803502605752;1.0001149350293166;0.9999833020973375;0.9999922157362242;0.9999892789114814;0.9999999999999999;0.999967418411049;0.9999751941844399;0.9999826971791449;1.0;0.9999899999024523;0.9999890213767426;0.9999969931681936;0.9999930192980361;0.9999877514414298;0.9999807581724375;0.9999982651467557;0.9999892672453817;1.0;1.000161194517177;0.9999831890532771;1.0;0.9999832414595932;1.0;0.9999489903724867;1.0;0.999902957295033;0.9999999999999999;0.9999301514519848;1.0;0.9997551820134735;0.9997356847874342;0.9997269603546496;1.0;0.9999990879592964;0.9999819398684097;0.9999890903320966;0.9999714548968134;1.024999976158142;
2016-09-23 02:30:00;0.9999742890890868;1.0;0.9999908886397494;0.9999751247091033;0.9999964824250416;0.9999765514766963;1.0001178089538263;0.9999813656352922;0.999991855572001;0.9999865310570922;0.9999999999999999;0.9999622362035028;0.9999704458165626;0.999979663783575;0.9999999999999999;0.9999887708995856;0.9999876485208745;0.9999959448322182;0.9999908940569869;0.9999854898776959;0.9999746697207571;0.9999984460775634;0.9999879058853258;0.9999999999999999;1.0001652981038873;0.9999786790056004;1.0;0.9999798830525278;1.0;0.9999491436011407;1.0;0.99988115692879;1.0;0.9999224142896567;1.0;0.9996947612896995;0.9996745741371305;0.999665437543927;1.0;0.9999988371957157;0.9999763915661374;0.9999876491350673;0.9999663904194207;1.024999976158142;
2016-09-23 02:45:00;0.999963910040218;1.0;0.9999888843658454;0.9999645461514299;0.9999965856382965;0.9999674836760508;1.0001172075123759;0.9999719196255692;0.9999906724440648;0.9999817654000319;1.0;0.9999616744004648;0.9999698850601992;0.9999710455113576;1.0;0.9999786095683542;0.9999768576861277;0.9999959974586276;0.9999878114023149;0.9999808262648106;0.9999646582412892;0.9999986226919292;0.9999772769944275;0.9999999999999999;1.0001646892885034;0.9999694824706898;1.0;0.999972065476849;1.0;0.999954916070854;1.0;0.9998870853635917;1.0;0.9999304796060416;1.0;0.9997070856513113;0.9996876004484007;0.9996792574593364;0.9999999999999999;0.999998850471109;0.9999667791687238;0.9999848170026012;0.9999657995695185;1.024999976158142;
2016-09-23 03:00:00;0.9999743303697594;1.0;0.9999909512915545;0.9999751927366944;0.9999969253246359;0.9999767074675944;1.0001162313087952;0.999981569598067;0.9999925309534224;0.9999862393079291;1.0;0.9999611795557327;0.9999696345104272;0.9999793804346722;1.0;0.9999887440909154;0.9999876391450374;0.9999964888488022;0.999990810667993;0.9999860198511074;0.9999752235741819;0.999998683576516;0.9999878990161537;0.9999999999999999;1.0001630747542896;0.9999792419975554;1.0;0.9999798278623219;1.0;0.9999569514887675;0.9999999999999999;0.9998842554925712;1.0;0.9999229268560679;1.0;0.999703717760456;0.9996838478813601;0.9996751239009426;1.0;0.9999988903066526;0.9999770354948;0.9999880760336296;0.9999653337672608;1.024999976158142;
2016-09-23 03:15:00;0.9999785921363121;1.0;0.9999933839290037;0.9999793456133207;0.9999975018058654;0.9999810359513402;1.0001149199830468;0.999984356822292;0.9999942829431544;0.999989290577818;1.0;0.9999629791938904;0.9999712619637108;0.9999835700959722;1.0;0.9999887229021909;0.9999877412049571;0.9999969657763639;0.9999926517835569;0.9999884631218144;0.9999784189730282;0.9999991182913723;0.9999879616946191;1.0;1.0001612931127508;0.99998169557502;0.9999999999999999;0.999983784315339;0.9999999999999999;0.9999514483188765;1.0;0.9998973285457158;1.0;0.9999298809688177;1.0;0.9997383806007535;0.9997175581508475;0.9997084211647889;1.0;0.9999992057770645;0.9999797455151762;0.9999908667576117;0.999967333791767;1.024999976158142;
2016-09-23 03:30:00;0.9999781048265266;1.0;0.9999925025089588;0.99997819026565;0.9999974337845416;0.9999795438193559;1.0001171902913024;0.9999822759540524;0.9999929764714417;0.9999888421936403;1.0;0.9999660523890302;0.9999740184445836;0.9999819580308346;0.9999999999999999;0.9999876499236754;0.9999865716208631;0.9999971505482823;0.9999926193513747;0.9999875381587048;0.9999787545502571;0.999998650867525;0.9999868352317244;1.0;1.0001644435132087;0.999981458817669;0.9999999999999999;0.9999825478051492;1.0;0.999950396529258;0.9999999999999999;0.9998816336163443;1.0;0.9999227632322887;1.0;0.9996959549644704;0.9996760006730632;0.9996672767611261;1.0;0.9999991867914646;0.9999799827433626;0.9999895886348283;0.9999702334202388;1.024999976158142;
2016-09-23 03:45:00;0.9999788247929777;1.0;0.9999923123787984;0.999978856920036;0.9999975810544608;0.9999799774490975;1.0001161629914737;0.9999829033264966;0.9999930556251102;0.9999887992152704;1.0;0.9999666017566996;0.9999744658775529;0.9999820755307868;1.0;0.9999888052123523;0.9999877868027698;0.999997418877037;0.9999927137305237;0.9999879632882676;0.9999800095150743;0.9999986242203227;0.9999880431562371;1.0;1.0001629521364461;0.9999826218722961;1.0;0.9999827877994075;1.0;0.9999485658849051;1.0;0.9998886339480701;1.0;0.9999351298567404;1.0;0.9997085927078055;0.9996876424109105;0.9996769182543316;0.9999999999999999;0.9999991673364305;0.9999812895157656;0.9999896015872575;0.9999706114397119;1.024999976158142;
2016-09-23 04:00:00;0.9999698461335488;1.0;0.999989744241485;0.9999706903016143;0.9999964988474911;0.999972639348568;1.0001170485164939;0.9999777098202999;0.9999913087154501;0.9999841972275145;1.0;0.999959885505236;0.9999685515865518;0.9999758419507035;0.9999999999999999;0.9999853605286744;0.999984006196773;0.9999959719954767;0.999989420561583;0.9999835426500367;0.9999706461272715;0.999998498050814;0.9999843252929582;1.0;1.0001642993883235;0.9999751390322756;1.0;0.9999764143529558;1.0;0.9999506539418537;1.0;0.9998846469058449;1.0;0.9999303342049943;0.9999999999999999;0.9996998412724062;0.9996791957933457;0.9996700591579023;1.0;0.9999987863955758;0.9999726391025698;0.9999862537180009;0.9999641842618463;1.024999976158142;
2016-09-23 04:15:00;0.9999646997435595;1.0;0.9999892960436267;0.9999662988867104;0.9999958028119647;0.9999691898437427;1.0001155826305053;0.9999751594718084;0.9999909639189565;0.9999823629739815;1.0;0.9999590954657148;0.9999672621567084;0.9999734884651472;1.0;0.999982226059923;0.9999806565445586;0.9999947933833846;0.9999877694790723;0.9999812027706125;0.9999640463344999;0.9999987028641489;0.9999809983746804;1.0;1.0001623977042908;0.9999698045555471;1.0;0.9999736263149639;1.0;0.9999517227045382;0.9999999999999999;0.9999055669545301;1.0;0.9999336770388761;1.0;0.9997606205871854;0.9997404321046988;0.999731294909582;1.0;0.9999986598334032;0.9999663201668499;0.999985281158591;0.9999632496685849;1.024999976158142;
2016-09-23 04:30:00;0.9999760882486652;1.0;0.9999920988786848;0.9999772975954032;0.9999962453160471;0.9999788418038343;1.000114807731496;0.9999835798025843;0.99999250410457;0.999988100744342;1.0;0.9999625925534984;0.999970521472739;0.9999824004248752;1.0;0.9999898571200216;0.9999888356172464;0.9999954273847705;0.9999916130467922;0.9999863747536938;0.9999751534246383;0.9999986168623919;0.9999890468062989;1.0;1.0001611298960302;0.9999792809450689;1.0;0.9999820734121881;1.0;0.9999472219287373;1.0;0.9999014618792132;1.0;0.9999396679067645;0.9999999999999999;0.9997441508793411;0.9997241040202355;0.9997153796885131;1.0;0.9999988809587067;0.9999767047362405;0.9999888798112173;0.9999668025988497;1.024999976158142;
2016-09-23 04:45:00;0.9999749039956768;1.0;0.9999922305535348;0.9999750108917942;0.9999976499603466;0.9999770183144133;1.0001149778142042;0.9999795035911297;0.9999931110411495;0.9999874879387957;0.9999999999999999;0.999965341421266;0.9999733957826336;0.999979506249806;1.0;0.9999840341624868;0.9999827570428232;0.9999973161653646;0.9999917075890936;0.9999863851541945;0.9999755271200407;0.9999988957613879;0.9999830693760623;1.0;1.0001614393928435;0.9999785265949132;1.0;0.9999803529312145;1.0;0.9999517225965366;1.0;0.9999006327026247;0.9999999999999999;0.9999269071699012;0.9999999999999999;0.9997503832155255;0.9997302740284759;0.9997215496429095;1.0;0.9999992471294903;0.99997687300229;0.9999891942804391;0.9999695708459789;1.024999976158142;
2016-09-23 05:00:00;0.9999806923743705;1.0;0.9999936090528936;0.9999808110636142;0.999998074233616;0.9999821577064216;1.0001138376686791;0.9999844814267644;0.9999944168101933;0.9999900704612564;1.0;0.99996642340861;0.9999743610422314;0.9999840174722343;1.0;0.9999887369347193;0.999987787795277;0.9999978614692164;0.9999934723570271;0.999989425791531;0.9999814631080205;0.9999990353172131;0.9999880223912324;1.0;1.0001597258638553;0.9999838607798056;1.0;0.9999846746409206;1.0;0.9999559667093992;1.0;0.9998921835190286;1.0;0.9999362067051148;1.0;0.9997185078371107;0.9996984118584337;0.9996892750473638;0.9999999999999999;0.9999993444351207;0.9999825846159527;0.999991293803429;0.999970548597255;1.024999976158142;
2016-09-23 05:15:00;0.9999788693433725;0.9999999999999999;0.9999924827402674;0.9999794222405006;0.9999978655819475;0.9999806876117427;1.0001160686760875;0.9999844903006694;0.9999941807611324;0.9999884056577452;1.0;0.9999620746138586;0.9999706959495075;0.9999824764723242;1.0;0.9999902937960532;0.9999893724812252;0.9999976528175922;0.999992413387554;0.9999887826970697;0.9999802065014327;0.999999026371656;0.9999895997623269;1.0;1.000162797245155;0.9999833485154188;1.0;0.9999831370327035;1.0;0.9999524477066816;0.9999999999999999;0.9998826025358626;1.0;0.9999300558020534;1.0;0.9996938564313552;0.999673748381297;0.9996650244890152;1.0;0.9999991443669914;0.9999817313503043;0.9999903366743675;0.9999663040247543;1.024999976158142;
2016-09-23 05:30:00;0.999972738810911;0.9999999999999999;0.9999912487544087;0.9999737191794569;0.9999972219845547;0.9999757871121427;1.0001181806804358;0.9999803869973619;0.9999931719448976;0.9999857394502181;1.0;0.9999603915544977;0.9999689393997113;0.9999784688217087;1.0;0.9999863929114472;0.999985184167289;0.9999967058685211;0.9999904124426651;0.999985760453544;0.9999733882017159;0.999999023340395;0.9999854657418668;1.0;1.0001658859960643;0.9999776145843041;1.0;0.9999790221111531;0.9999999999999999;0.9999558982647746;1.0;0.9998629472545796;1.0;0.9999209718280192;1.0;0.9996408006762091;0.9996194726858041;0.9996091619312503;1.0;0.9999989858445828;0.9999752459821758;0.9999884467677415;0.9999646209582748;1.024999976158142;
2016-09-23 05:45:00;0.9999744557305673;1.0;0.9999921909139207;0.9999753194277563;0.9999967937087909;0.999977338171001;1.0001227516310873;0.9999811288438473;0.9999928403370169;0.9999874932047741;1.0;0.9998528567456295;0.9998894599543138;0.99998062839243;1.0;0.9999862426963901;0.9999850504709586;0.9999960829389659;0.9999913328591943;0.9999859495233137;0.9999738674192565;0.9999988394220048;0.9999853140552033;1.0;1.0001723358553196;0.9999777287276376;1.0;0.9999807544633731;1.0;0.9999537838795164;1.0;0.9998224330737634;1.0;0.9999023087242347;1.0;0.9995314328846988;0.9994609105384782;0.9994513949619042;1.0;0.9999990443770602;0.999975364123178;0.9999889640721852;0.9998728006464485;1.024999976158142;
2016-09-23 06:00:00;0.9999753453798266;1.0;0.9999924516327134;0.9999762734129952;0.9999967188111671;0.9999781960194981;1.000124176652423;0.9999820412942595;0.9999929432490485;0.9999880070367744;1.0;0.9998392834115885;0.9998793887863401;0.9999815558693366;1.0;0.999987120451313;0.9999859836620069;0.9999959697831667;0.9999916208238383;0.9999863190904459;0.9999745358264255;0.9999988274838937;0.9999862299896849;1.0;1.0001743211445404;0.99997836927313;1.0;0.9999815338064282;0.9999999999999999;0.9999520142416589;1.0;0.9998272866513691;1.0;0.9999074639326768;1.0;0.9995425301571348;0.9994651945461119;0.9994548853828876;1.0;0.9999990418011829;0.9999759852377431;0.99998925480809;0.9998611815094083;1.024999976158142;
2016-09-23 06:15:00;0.9999794968243839;1.0;0.9999935044809135;0.9999798323646043;0.9999981747312663;0.9999814386018084;1.0001301657049155;0.9999840826852329;0.9999947609667891;0.9999894082446309;1.0;0.9997927349983454;0.9998454801855918;0.999983277490602;1.0;0.9999881398642491;0.9999871572327941;0.9999979114081493;0.9999929999467634;0.9999892119022309;0.9999802703057957;0.9999992296813603;0.9999873970884103;1.0;1.0001826275758494;0.9999830032267121;0.9999999999999999;0.999983966028415;1.0;0.9999504003791203;1.0;0.9998165149201981;1.0;0.9998954597790313;1.0;0.9995182841827704;0.9994205625281394;0.9994114282564921;1.0;0.9999993378105858;0.9999815309947888;0.9999913075532583;0.9998213495412062;1.024999976158142;
2016-09-23 06:30:00;0.999975724248742;1.0;0.9999918854246802;0.9999764013610143;0.9999980879041984;0.9999781691449829;1.0001333842925637;0.999982228238172;0.999994336707187;0.9999866980162806;1.0;0.9997715460834727;0.9998293468983996;0.9999798765834957;1.0;0.9999878378243079;0.9999867663542836;0.9999978751397959;0.9999913266877812;0.9999877553646103;0.9999773977300735;0.9999992577750952;0.9999870331098581;1.0;1.0001871139388658;0.9999809825390467;1.0;0.999980819251699;1.0;0.9999539856410113;0.9999999999999999;0.9997991260200926;1.0;0.9998567095884879;1.0;0.9994924860771535;0.999386722771085;0.999377207900831;1.0;0.9999991434782952;0.9999791624028124;0.9999897706613972;0.9998026069103672;1.024999976158142;
2016-09-23 06:45:00;0.9999609528014859;0.9999999999999999;0.999987851011082;0.9999633649534113;0.999996244236207;0.9999666006338086;1.000135678907432;0.9999748176541735;0.9999919426827899;0.999979099398386;1.0;0.9997675971545447;0.9998245770635641;0.9999702372785481;1.0;0.9999832329810533;0.9999816709055542;0.9999953068383087;0.9999857648205571;0.9999807760046276;0.9999616614092772;0.9999992295120365;0.9999820158292665;0.9999999999999999;1.0001905046838862;0.9999687457992922;1.0;0.9999707166842945;1.0;0.9999583224112185;1.0;0.9997940526052495;1.0;0.9998536402085978;1.0;0.999479256988726;0.9993755116308259;0.9993655842957077;1.0;0.9999984786800682;0.9999647140620468;0.9999846369225132;0.9997979217337559;1.024999976158142;
2016-09-23 07:00:00;0.9999650273542715;1.0;0.9999904082981717;0.9999664528233043;0.9999964215405025;0.9999698438076914;1.00013880147339;0.9999746546683367;0.9999920654011872;0.999983090255416;1.0;0.9998077688710937;0.9998553493290585;0.9999739487052738;1.0;0.9999796295673661;0.9999779897083317;0.9999954029387503;0.9999882223233107;0.9999818847876946;0.9999640553997772;0.9999991094170854;0.9999783493871519;1.0;1.0001950206190409;0.9999694595995584;0.9999999999999999;0.9999742594818661;1.0;0.9999588865601923;0.9999999999999999;0.9997763718878991;1.0;0.9998744847101242;1.0;0.9994116164830303;0.9993225598885324;0.9993134265125869;1.0;0.9999989010547323;0.999966129763397;0.9999865674099604;0.9998336533079963;1.024999976158142;
2016-09-23 07:15:00;0.9999545665836131;1.0;0.9999874552731953;0.9999549212929951;0.9999970659294607;0.999959431753791;1.0001475112059566;0.9999631122803084;0.9999901733191471;0.9999775641219074;0.9999999999999999;0.9997601855940694;0.9998205809919393;0.9999631952385263;1.0;0.9999683681933238;0.9999660197243821;0.9999964793416102;0.9999851352920971;0.9999769655223834;0.9999557522528729;0.9999989906211268;0.999966595976227;0.9999999999999999;1.0002073926263504;0.9999611553004063;1.0;0.9999650872589412;1.0;0.999954260340692;0.9999999999999999;0.999744909548815;0.9999999999999999;0.9998534811122101;1.0;0.9993311895728741;0.9992028417538144;0.9991707040563981;1.0;0.9999989733501308;0.9999581873046248;0.9999827987352976;0.9997928878026954;1.024999976158142;
2016-09-23 07:30:00;0.9999329577523222;1.0;0.9999805047309727;0.9999354032744853;0.9999956218402408;0.9999417383706424;1.0001493903706826;0.9999517366750043;0.9999874526021387;0.9999647837129333;1.0;0.9997769901422107;0.9998305994683342;0.9999466914820258;1.0;0.9999622892514268;0.9999592597376353;0.999994592502961;0.9999765529716271;0.9999677079530593;0.9999355335482825;0.9999991684066856;0.9999599839804924;1.0;1.0002101528483969;0.9999456907702076;1.0;0.9999489538606497;1.0;0.9999556398152522;1.0;0.9997299789484283;1.0;0.9998621774695734;1.0;0.9992801284131648;0.9991184736825001;0.9990237063358204;0.9999999999999999;0.9999980611507097;0.9999401710866492;0.9999751488957835;0.9998050027179903;1.024999976158142;
2016-09-23 07:45:00;0.9998680105045998;1.0;0.9999563907921699;0.9998758992616382;0.9999917838572447;0.9998862319182921;1.000166156384009;0.9999167999261598;0.9999775395935947;0.9999235274625496;0.9999999999999999;0.999619404303242;0.999707083893833;0.9998932918166508;1.0;0.999948411260604;0.9999434527041505;0.9999903500295253;0.9999498269944896;0.9999394992077785;0.9998789134249964;0.9999989521923927;0.9999446556815327;1.0;1.0002337075166794;0.9999028503996261;1.0;0.9998976555334296;1.0;0.999950691764598;0.9999999999999999;0.9996728239265962;1.0;0.9998357284658106;1.0;0.9991259176897774;0.9988932019839478;0.9987678384380726;1.0;0.999995069195689;0.9998906522074388;0.9999493553498839;0.9996624266883937;1.024999976158142;
2016-09-23 08:00:00;0.9999516209227048;1.0;0.9999852324920034;0.9999526791595773;0.9999966197644955;0.9999568622518772;1.000156248270772;0.999963280671008;0.9999894678433915;0.999974597042364;0.9999999999999999;0.9996182102220709;0.9997146631484335;0.9999604688483102;1.0;0.9999717727612892;0.9999694963338625;0.9999960837354668;0.999983297370735;0.9999757933199294;0.9999540088066886;0.9999988495637582;0.9999700571919248;1.0;1.000219506977399;0.9999606646813473;1.0;0.9999623767562468;1.0;0.999955645818787;1.0;0.9996235119734832;1.0;0.999821855408934;1.0;0.9989867224364706;0.9986987468587936;0.9985383169728479;1.0;0.9999985826814344;0.9999571645685105;0.9999808446128087;0.9996701653510761;1.024999976158142;
2016-09-23 08:15:00;0.9999585483578327;1.0;0.9999875602717126;0.9999593065286939;0.9999967201814582;0.999962924766218;1.0001525127491138;0.9999678627235283;0.999990338330715;0.9999788397457179;1.0;0.9996293461884991;0.9997234086916335;0.9999664934692583;1.0;0.9999747833758363;0.9999727733668042;0.9999961443345396;0.9999859626447773;0.9999787065326523;0.9999598789483909;0.9999988007980585;0.9999732613977235;1.0;1.0002142355510895;0.9999653989138878;1.0;0.999967946943472;0.9999999999999999;0.9999549220595109;1.0;0.9996176006858234;1.0;0.999820096516048;1.0;0.9989701180038536;0.9986966595776549;0.9985511661355144;1.0;0.9999987936033714;0.9999623872661889;0.9999833471991744;0.9996803399280787;1.024999976158142;
2016-09-23 08:30:00;0.999966671914719;0.9999999999999999;0.9999889161982621;0.9999669860072918;0.999996909233615;0.9999693229793021;1.000160847419238;0.9999736561269679;0.9999908054915098;0.9999825451982096;1.0;0.9995969122012317;0.9996999547958347;0.9999722750338017;1.0;0.9999811094451748;0.9999795058739452;0.99999659378834;0.999988578718497;0.9999820969309898;0.9999683493947726;0.9999984861370953;0.9999799053139031;1.0;1.0002257328222732;0.9999726101787516;0.9999999999999999;0.9999734916015218;1.0;0.9999155036891818;0.9999999999999999;0.9995866999388142;1.0;0.9998091778812842;1.0;0.9988849444083189;0.9985986349677697;0.998456885800466;1.0;0.9999988722574763;0.9999703933323641;0.9999851900706572;0.9996528765650651;1.024999976158142;
2016-09-23 08:45:00;0.9999625549386713;0.9999999999999999;0.9999868738171862;0.9999635473671503;0.9999969951227416;0.9999659861184335;1.0001643730203198;0.9999727076298323;0.9999908684494778;0.9999790041545766;0.9999999999999999;0.9995854322814938;0.9996907114057666;0.9999684584519274;1.0;0.999982437312992;0.999980820691867;0.9999967823585715;0.9999864292810402;0.9999809816153984;0.9999657167237721;0.999998690742755;0.9999812307619727;0.9999999999999999;1.0002305965401144;0.9999712651965794;1.0;0.9999699993878557;0.9999999999999999;0.9999045855130805;1.0;0.9995678687807329;1.0;0.9998051740813261;1.0;0.9988310766968247;0.9985435934095453;0.9984030058393419;1.0;0.999998597453034;0.9999685443559841;0.9999836528959786;0.9996420527586101;1.024999976158142;
2016-09-23 09:00:00;0.9999374195003597;1.0;0.9999796075464721;0.9999375577869889;0.999995833205541;0.9999423301678282;1.0001689753433398;0.9999494309773292;0.999984597699087;0.9999666041914436;1.0;0.9995640920172456;0.9996747494648195;0.9999464457254711;1.0;0.999961937325651;0.9999588636259652;0.9999956710284008;0.999978582337736;0.9999677464790852;0.9999422627094209;0.9999978210052508;0.9999596602871952;1.0;1.0002374347453578;0.9999497100365873;1.0;0.9999497048956848;1.0;0.999901628893477;1.0;0.9995631331491563;1.0;0.999797824224798;1.0;0.9988218647282228;0.998517319152019;0.998366067447283;1.0;0.9999981938577378;0.9999461588313997;0.9999734961664598;0.999623508775032;1.024999976158142;
2016-09-23 09:15:00;0.9998906871790707;1.0;0.9999704738541172;0.9998900633905115;0.9999946798681769;0.9999013230008709;1.0001715454502191;0.9999070114820588;0.9999771148797166;0.999946131186245;1.0;0.9995515276021649;0.9996647166277933;0.9999090756282255;1.0;0.9999172477123004;0.9999113280290101;0.9999938603744069;0.9999648771983054;0.9999450924556972;0.9998951917985508;0.9999978688293347;0.999912826735979;0.9999999999999999;1.0002421244585604;0.9999065242017501;1.0;0.9999149584651303;1.0;0.9998864430797805;1.0;0.999606868638852;1.0;0.999811059231393;1.0;0.9989446739419094;0.9986191448759697;0.9984476763803057;1.0;0.9999980392434773;0.9999006382866552;0.9999594590120577;0.9996126506318929;1.024999976158142;
2016-09-23 09:30:00;0.9999351766606193;1.0;0.9999799252676405;0.999936072925909;0.9999943564993533;0.9999413399515534;1.000162564447952;0.9999490801461637;0.9999835467479146;0.9999669002529602;1.0;0.9995622667199915;0.999672800918159;0.9999472781205563;1.0;0.9999610669633633;0.9999579042070292;0.9999934956198724;0.9999780694692562;0.9999658426756282;0.9999372774752004;0.9999976268098374;0.9999586752927991;1.0;1.0002285879031263;0.999945691376159;1.0;0.9999494387096247;1.0;0.9999093482514128;1.0;0.9996097851175284;1.0;0.9998246600769993;1.0;0.998943831716678;0.9986253238507212;0.9984575102692207;1.0;0.9999980151318826;0.9999411114034833;0.9999728440632707;0.9996220609444215;1.024999976158142;
2016-09-23 09:45:00;0.9999586451083583;0.9999999999999999;0.9999874892527825;0.9999596203940334;0.9999969118160744;0.999963225585874;1.0001641046564573;0.999968688447326;0.9999908649870032;0.9999785073784434;1.0;0.999560079032591;0.9996719111248704;0.9999665291610358;1.0;0.999975831300847;0.9999738812804041;0.9999963666142987;0.9999857807517634;0.9999791635864408;0.9999603035144904;0.9999989727947879;0.9999743556894126;1.0;1.000230449167937;0.9999660577304192;1.0;0.9999680213165587;1.0;0.999884520904854;1.0;0.9995891463808912;0.9999999999999999;0.9998117397728389;1.0;0.9988908478005519;0.9985507830563171;0.9983581859671741;1.0;0.999998770591543;0.9999629641180299;0.999983609071934;0.9996206650324252;1.024999976158142;
2016-09-23 10:00:00;0.9999692302560571;1.0;0.9999893977605716;0.9999697213237869;0.9999973030369464;0.9999717523641566;1.0001683415660925;0.9999764679635738;0.99999183940413;0.9999833035869984;1.0;0.9995850774919491;0.9996911104827627;0.9999741374802965;0.9999999999999999;0.9999840406391322;0.9999826300002485;0.9999970902727109;0.9999891651741474;0.9999838248599361;0.9999713621846172;0.9999987012706464;0.9999829859197954;1.0;1.0002361548816958;0.9999755543329022;1.0;0.99997535441326;1.0;0.9998524646572599;0.9999999999999999;0.9995894476144366;1.0;0.9998109087910659;1.0;0.9988928093508471;0.9985444488592886;0.9983280943745139;1.0;0.9999988953204388;0.9999734552763597;0.9999863022994808;0.9996425150797622;1.024999976158142;
2016-09-23 10:15:00;0.9999631965890572;0.9999999999999999;0.999986929255646;0.9999639501550368;0.999996944395629;0.9999662383353142;1.000166236071189;0.9999725731814207;0.9999905380133054;0.9999794294982597;1.0;0.9995555457044911;0.9996687785872775;0.999968744113422;1.0;0.999982355798915;0.9999807355093309;0.9999967822183086;0.9999867488803728;0.9999809874611584;0.9999663731080886;0.9999985318807825;0.9999811500904454;1.0;1.0002331996571183;0.9999716130712211;0.9999999999999999;0.9999703040614998;0.9999999999999999;0.9998844004021084;1.0;0.9995738946529551;1.0;0.999780918181086;1.0;0.9988660589400218;0.9985182420327249;0.9983174704595777;0.9999999999999999;0.9999986195350465;0.9999690755193034;0.9999835606943941;0.9996165940572251;1.024999976158142;
2016-09-23 10:30:00;0.9999555302944633;1.0;0.9999858757343888;0.9999561408240889;0.9999967550948272;0.9999596961615779;1.0001716872009283;0.9999653549597108;0.9999894592775062;0.9999764970973384;0.9999999999999999;0.9995462959893968;0.9996618457519856;0.9999629744493822;0.9999999999999999;0.9999739575775951;0.9999718324613627;0.9999963998273856;0.9999846893414366;0.9999772591442545;0.9999581730353675;0.9999986136519128;0.999972366216757;1.0;1.000241065263225;0.9999639708298406;1.0;0.9999648930335157;1.0;0.999870788849935;1.0;0.9995918444966562;1.0;0.9997932370495779;1.0;0.9989118275009722;0.998554326467752;0.9983469242849274;1.0;0.99999865832349;0.9999610158163915;0.999981596437548;0.9996087886976921;1.024999976158142;
2016-09-23 10:45:00;0.9999176716151388;1.0;0.9999779402366562;0.9999218418590317;0.999991771423495;0.9999301203922875;1.0001800244877477;0.9999425923723936;0.9999827949127212;0.9999599370218325;0.9999999999999999;0.9995472448836217;0.9996586767030475;0.9999396828306374;0.9999999999999999;0.9999538130490031;0.9999500740350382;0.9999891731087504;0.9999718974237152;0.9999583049466947;0.9999150012778748;0.9999984578894715;0.9999508747960955;1.0;1.0002535005423054;0.99992853432346;1.0;0.9999401148392856;1.0;0.9998446770479563;1.0;0.9996105763514265;1.0;0.9997893591473832;1.0;0.9989714930849487;0.9986486587156325;0.9984780127158945;1.0;0.9999973899919654;0.9999201517431899;0.9999695068746295;0.9996077147594928;1.024999976158142;
2016-09-23 11:00:00;0.9999493747382882;1.0;0.9999858206837445;0.9999515023405032;0.9999951931760336;0.9999563372441154;1.0001758099879594;0.9999637065674687;0.9999889901051635;0.9999749254331113;0.9999999999999999;0.9995620404139532;0.9996722223139076;0.9999617650428936;0.9999999999999999;0.999971329091178;0.9999690001918178;0.9999938636114755;0.9999827161640398;0.9999742327830966;0.999948756710428;0.9999988660130766;0.9999695192094011;0.9999999999999999;1.0002470700646824;0.9999566782026003;1.0;0.999962463081874;1.0;0.999854535717225;1.0;0.9995911900757734;0.9999999999999999;0.9996814814836753;1.0;0.9989880125342326;0.9986735704190292;0.9985114601913394;1.0;0.999998401661171;0.9999519339248552;0.9999806615936838;0.9996219332188129;1.024999976158142;
2016-09-23 11:15:00;0.9999578666494346;1.0;0.9999881262342488;0.9999593091226443;0.9999960199116776;0.9999632811487943;1.0001743086943846;0.9999688443528647;0.9999904229470081;0.9999792624252628;1.0;0.9995474316754015;0.9996622142771989;0.9999677911382943;1.0;0.9999751222882906;0.9999731277172388;0.9999949921333064;0.9999857781978782;0.9999782746837024;0.9999574872813253;0.9999989061069863;0.9999735800032805;1.0;1.0002448548444915;0.9999637364790527;1.0;0.9999685163678469;1.0;0.9998534343101501;1.0;0.9995731154492857;1.0;0.9997071142570556;1.0;0.9989156026580631;0.9985787877228486;0.9983985658927935;1.0;0.9999987100739158;0.9999600116509164;0.9999836343839873;0.9996099937767071;1.024999976158142;
2016-09-23 11:30:00;0.9999167590677904;1.0;0.9999785974059471;0.999925446036265;0.999988261458129;0.9999340363745088;1.0001772306678967;0.9999540159057002;0.9999838068043144;0.9999601315852783;1.0;0.9995278787552613;0.9996408198900243;0.9999469431721829;0.9999999999999999;0.9999673346165131;0.9999642175812274;0.9999837544033372;0.9999701149822425;0.9999582227910988;0.9999082489368628;0.9999989431464879;0.9999647210055398;1.0;1.0002495745840139;0.999926661990702;0.9999999999999999;0.9999437273071718;0.9999999999999999;0.9998380730983003;1.0;0.9995768342314173;1.0;0.9997466715151786;1.0;0.9988995808161862;0.9985726475959745;0.998400343474765;1.0;0.9999964457948315;0.9999144442270094;0.9999702897412622;0.9995892434308726;1.024999976158142;
2016-09-23 11:45:00;0.9999119342404486;1.0;0.9999676603528241;0.9999129151659819;0.9999861882554913;0.9999168608582211;1.0001832909125095;0.9999307288919429;0.999966681168449;0.9999554199073912;1.0;0.9995918688973002;0.9996937632010536;0.9999292915065082;0.9999999999999999;0.9999577749196967;0.9999536150107098;0.9999844494960796;0.99996986804862;0.9999464781076552;0.9999122442405088;0.9999927369849655;0.9999545866917531;1.0;1.000257636237747;0.9999241291128024;1.0;0.9999297899819983;1.0;0.999840554154246;1.0;0.9995546191602107;1.0;0.9996943939429643;1.0;0.9988689478990866;0.9985606241085561;0.9983882799507514;1.0;0.9999959583485736;0.9999172135477625;0.9999539995419924;0.999647353572751;1.024999976158142;
2016-09-23 12:00:00;0.9998964770203731;1.0;0.9999558262076182;0.9998939851704153;0.9999818469676056;0.9998952855513138;1.000185798273492;0.9999100206490497;0.9999510580366779;0.9999458582192146;0.9999999999999999;0.9996085367481199;0.9997081053878213;0.9999100853825705;1.0;0.9999513230063707;0.9999461583352156;0.9999811807498094;0.9999648201848645;0.9999314174194446;0.9999012417958633;0.9999877381526204;0.9999474693581245;1.0;1.0002609148916706;0.9999120920705956;1.0;0.9999119074491319;1.0;0.9998290054199505;1.0;0.999610822252765;0.9999999999999999;0.9996829948333905;1.0;0.999046665126216;0.9987342033804243;0.9985511633255154;1.0;0.9999947334724397;0.9999065314685284;0.9999369095214561;0.9996627218425491;1.024999976158142;
2016-09-23 12:15:00;0.9999480187709046;0.9999999999999999;0.9999822601077485;0.9999491931886499;0.9999938330408604;0.9999524705777566;1.0001780079389027;0.9999608011619083;0.9999844418808921;0.9999729713801566;1.0;0.999607281722502;0.9997063111756553;0.9999581973223586;1.0;0.9999740556704303;0.9999716743449518;0.9999929553805967;0.9999819168553851;0.9999711993428372;0.9999492974336865;0.9999971991748177;0.9999722388300467;1.0;1.0002499421282944;0.999956760255648;1.0;0.9999591664003239;1.0;0.9998152052588706;1.0;0.9996300842537518;1.0;0.9997051537813556;1.0;0.9990897048453843;0.9988264390828497;0.9987049934873317;0.9999999999999999;0.9999979307463105;0.9999526016795643;0.9999759348825792;0.9996608887510461;1.024999976158142;
2016-09-23 12:30:00;0.999830283562422;1.0;0.999944281603313;0.9998407565421975;0.9999724644244368;0.9998517451426479;1.0001891846218731;0.9998892349973658;0.9999478136290766;0.9999152171222951;1.0;0.999554578217115;0.99965611582588;0.9998782577821534;1.0;0.9999349342592411;0.9999280265036584;0.999966025403103;0.9999395269271496;0.9999037640885082;0.99982177083869;0.999990590954007;0.9999293910008924;1.0;1.0002668719624266;0.9998530712476266;0.9999999999999999;0.9998742507924002;1.0;0.9998295721516566;1.0;0.9996337614174727;1.0;0.9997143045807162;1.0;0.9990940906789202;0.9988504511217163;0.9987586929672679;1.0;0.9999917744724915;0.9998332950735915;0.9999217994348819;0.9996091938714373;1.024999976158142;
2016-09-23 12:45:00;0.9997770191309411;1.0;0.9999383949447072;0.9997982224132169;0.9999653872373077;0.999818550992726;1.0001961625206957;0.9998722969244446;0.9999476295305944;0.999892875044919;1.0;0.9994946334186683;0.9996019765807275;0.9998554129495159;0.9999999999999999;0.9999158336098454;0.9999073595647517;0.9999537005788074;0.9999200022273226;0.9998824084591428;0.9997548195786351;0.9999938739042815;0.9999087678743268;1.0;1.0002779277250875;0.9998025344426261;1.0;0.9998460830909222;0.9999999999999999;0.9998134825114291;1.0;0.9996385497234824;1.0;0.9997096446967741;1.0;0.9991121389770258;0.9988541778508734;0.9987574920631639;1.0;0.9999898715978038;0.9997708265501307;0.9999129292857872;0.9995525688289874;1.024999976158142;
2016-09-23 13:00:00;0.9998566345281958;1.0;0.9999607820412664;0.9998709158850818;0.9999818084759533;0.9998848287806892;1.0001896329508346;0.9999206449733509;0.9999731172628715;0.9999278501110821;1.0;0.9995048122608061;0.9996173033263244;0.9999043156558646;1.0;0.9999468948759374;0.9999416655724873;0.9999751650640447;0.9999473735402687;0.9999295795896914;0.999847243932354;0.9999984274676144;0.9999425744881606;0.9999999999999999;1.0002675504913792;0.9998785158799295;0.9999999999999999;0.9999003873791923;1.0;0.9998336704580255;1.0;0.9996310483934858;1.0;0.9996622405449586;1.0;0.9991221501389129;0.9988619537682853;0.9987695069336846;1.0;0.9999938849131071;0.9998585962165215;0.9999480908945004;0.9995644820905315;1.024999976158142;
2016-09-23 13:15:00;0.9999439000995471;1.0;0.9999840430351224;0.9999474599381428;0.9999941248445362;0.999952706402545;1.0001861074052725;0.9999633723622037;0.9999884563966546;0.9999716245277548;1.0;0.9995453031596782;0.9996584954470709;0.99995903013483;1.0;0.9999731053329212;0.9999707544979451;0.9999923386361853;0.9999801541211709;0.9999719540955139;0.9999426698457353;0.9999989727776389;0.9999712472637013;1.0;1.0002615085392352;0.9999527768013293;1.0;0.9999591028131457;1.0;0.9998137919298404;1.0;0.999559744768478;1.0;0.9996211704369263;0.9999999999999999;0.9989362666482565;0.9986774591493476;0.9985933182524391;1.0;0.9999979560577066;0.9999466472126289;0.9999787873562441;0.9996065647024234;1.024999976158142;
2016-09-23 13:30:00;0.9999318773601078;1.0;0.9999771991401611;0.9999334954324068;0.9999914251484792;0.9999379195925537;1.0001846256010494;0.9999485516141093;0.999979174104302;0.9999653144595053;1.0;0.9995737506955086;0.9996805938588571;0.9999461075959347;1.0;0.9999653605888768;0.999962205800832;0.999990041879484;0.999976533364868;0.9999617781637725;0.9999324150221948;0.9999962049798655;0.9999629381698891;1.0;1.0002594322011142;0.999942230554253;1.0;0.9999469760367925;1.0;0.9998063636624883;1.0;0.9996382861545704;1.0;0.9996495005689061;1.0;0.9991534912770307;0.9989189829053993;0.998852802111731;0.9999999999999999;0.9999972853663942;0.999936567921906;0.9999684701895993;0.999631690691837;1.024999976158142;
2016-09-23 13:45:00;0.9999223711218082;1.0;0.9999673120919162;0.9999211924749708;0.9999882106001047;0.9999227062117123;1.0001845423958435;0.9999347801345433;0.9999669552877918;0.9999579339317106;0.9999999999999999;0.9996476414497178;0.9997369399674234;0.9999319161978194;1.0;0.9999646913405744;0.9999609676637641;0.9999879763608255;0.9999729713147969;0.9999512862660795;0.9999278214309378;0.9999920998363647;0.9999619301527074;1.0;1.0002589637598347;0.9999366153122379;1.0;0.9999340672262208;1.0;0.999809363426571;1.0;0.9996787694925995;1.0;0.9996671001200828;0.9999999999999999;0.9992632254889172;0.9990736476049198;0.9990248350533438;0.9999999999999999;0.9999962037377558;0.9999323751390382;0.9999550158277801;0.9996956151077114;1.024999976158142;
2016-09-23 14:00:00;0.9999300296820683;0.9999999999999999;0.9999728351293393;0.9999290113304401;0.9999911313383517;0.999931675725627;1.0001766757315926;0.9999407975271181;0.999973649267978;0.9999627577572261;0.9999999999999999;0.9997532010924416;0.9998153861429477;0.9999390610991217;1.0;0.9999631868265414;0.9999597227931267;0.9999909185754291;0.9999760709958844;0.9999581225617424;0.9999347564691053;0.9999941806894685;0.999960618525731;0.9999999999999999;1.0002480769245028;0.9999424248347693;1.0;0.9999415507519394;0.9999999999999999;0.9998112913509379;1.0;0.9997245478464043;0.9999999999999999;0.9996978517258465;1.0;0.9993797427431054;0.9992399034954814;0.999195049080457;1.0;0.9999970834687913;0.9999387239493837;0.9999627150847034;0.9997864389673254;1.024999976158142;
2016-09-23 14:15:00;0.9999315061126646;1.0;0.9999800365066797;0.9999320935919719;0.999994657791296;0.999938280400576;1.0001755124051481;0.9999447771898442;0.9999835234349028;0.9999659011572058;1.0;0.9997477442880341;0.9998103999097953;0.9999444864934843;1.0;0.999954902610126;0.9999514224439502;0.9999937311311926;0.999977365741918;0.9999642744853099;0.9999332102985303;0.9999978567863836;0.9999522723561945;1.0;1.000246910390802;0.9999415602163024;1.0;0.9999469872200045;1.0;0.9998096791154797;1.0;0.999696622260527;0.9999999999999999;0.9996991632067005;0.9999999999999999;0.9992946765185075;0.9991538623044478;0.9991098244017018;0.9999999999999999;0.9999981992324211;0.9999369542808705;0.9999725288855718;0.9997814907201219;1.024999976158142;
2016-09-23 14:30:00;0.999897673346756;1.0;0.9999737831653539;0.9998989508982123;0.9999936002028276;0.9999100484497937;1.000182583816138;0.9999175705103882;0.9999795164491699;0.9999507690207554;1.0;0.9997743528705347;0.9998286148351938;0.9999190826083403;1.0;0.9999261810054849;0.9999208410441643;0.9999918446732069;0.9999668930131432;0.9999487920060987;0.9998983575997673;0.9999984074678834;0.9999221217335511;1.0;1.0002575882022513;0.9999108129699833;1.0;0.9999228527551114;0.9999999999999999;0.9998146293860333;0.9999999999999999;0.9996547601843574;1.0;0.9996566387205505;1.0;0.9991980882054883;0.9990645543977394;0.9990112044067712;1.0;0.9999979279469889;0.9999036287594348;0.9999633503956302;0.999803544982635;1.024999976158142;
2016-09-23 14:45:00;0.9999219655684688;1.0;0.99997910852789;0.9999228309034957;0.9999952819041612;0.9999309219498969;1.0001709812720991;0.9999372341540982;0.9999841180586015;0.999961618720048;1.0;0.9997998019053598;0.9998485016631801;0.9999373005991201;1.0;0.9999452135843468;0.9999411921329602;0.9999941836592263;0.999974467075314;0.9999610144175242;0.9999236740100167;0.9999986522855169;0.9999421723033797;1.0;1.0002408256098194;0.9999331528811649;1.0;0.9999404895639021;1.0;0.9998224570889044;1.0;0.9997098900656313;0.9999999999999999;0.9997732783432135;1.0;0.9992827445006501;0.9991635841736536;0.9991158323661848;1.0;0.9999983288095756;0.9999278860969358;0.999971396582182;0.9998258151512261;1.024999976158142;
2016-09-23 15:00:00;0.9998858208579088;1.0;0.9999698791515876;0.9998892630393118;0.9999924231895175;0.9999013237429303;1.0001673186610813;0.9999143428984794;0.9999787385877176;0.999943282065534;0.9999999999999999;0.9997838556963513;0.9998335050672618;0.9999112377609518;1.0;0.9999267196544491;0.9999211948241833;0.9999901573314304;0.999961606496713;0.9999442358995518;0.9998867931783241;0.9999987604439743;0.9999224883302714;1.0;1.0002362096848514;0.9999029688761978;0.9999999999999999;0.9999146332919778;1.0;0.9998385941888658;1.0;0.999761669709199;0.9999999999999999;0.9998163625568007;1.0;0.9994085950785625;0.9992961422996567;0.9992568388974028;0.9999999999999999;0.9999972213602631;0.9998936490017676;0.9999594941375565;0.9998097991831566;1.024999976158142;
2016-09-23 15:15:00;0.9999567827444955;0.9999999999999999;0.9999861507201703;0.9999575790280029;0.9999972020275244;0.9999610453002142;1.0001625526935622;0.9999670946423123;0.9999904697231813;0.9999766360540515;0.9999999999999999;0.9998049674386619;0.9998533623742542;0.9999637950021983;1.0;0.9999756692484435;0.9999736639988489;0.9999969387046636;0.9999848692491666;0.9999784800512552;0.9999599294948415;0.9999988940093991;0.9999741726886662;1.0;1.0002282208936717;0.9999657933641126;1.0;0.9999658061331447;1.0;0.9998429578902616;0.9999999999999999;0.9997370275739981;0.9999999999999999;0.9998025425288841;1.0;0.9993439273631368;0.9992387386253879;0.9992070859865406;1.0;0.999998688657438;0.9999628850592844;0.9999824453306015;0.9998304778894896;1.024999976158142;
2016-09-23 15:30:00;0.9999596499707998;1.0;0.9999874818739161;0.9999599127724562;0.9999970326042575;0.99996325051713;1.0001659325138867;0.9999675316594782;0.999990149155709;0.9999791570420656;0.9999999999999999;0.999808608166423;0.999856618775996;0.999966395282871;1.0;0.9999746468035845;0.9999726384068756;0.9999966972456349;0.9999864042894956;0.9999790751606785;0.999961721751777;0.9999986553349501;0.9999731428752747;1.0;1.0002330108142987;0.9999666320074111;1.0;0.9999681817721294;1.0;0.9998384846541345;1.0;0.9996976273897683;0.9999999999999999;0.999774573879638;1.0;0.9992446601192237;0.9991414806918314;0.999113310960883;0.9999999999999999;0.9999988640531103;0.9999641010216904;0.9999833135340557;0.9998343325824348;1.024999976158142;
2016-09-23 15:45:00;0.9999101895951745;0.9999999999999999;0.9999754455275929;0.9999124939933247;0.9999921358007756;0.9999213100588209;1.0001706808427775;0.9999312029640874;0.9999797425254634;0.9999564312040954;0.9999999999999999;0.9997967332560523;0.9998447252383562;0.9999307389806609;0.9999999999999999;0.999942747449156;0.9999383206540934;0.9999900952455346;0.9999702213285213;0.9999536439137048;0.9999094284225044;0.9999977590729721;0.9999393413216534;1.0;1.0002405560514593;0.9999218313643919;0.9999999999999999;0.999932700139476;0.9999999999999999;0.9998447796762093;1.0;0.9996835974369074;0.9999999999999999;0.999801006874296;0.9999999999999999;0.9991837789569933;0.9990663361074125;0.9990199260623039;1.0;0.999997541902379;0.9999144335208031;0.9999656509692508;0.999822532550782;1.024999976158142;
2016-09-23 16:00:00;0.9998731011797067;1.0;0.9999695066730998;0.9998720472099802;0.9999959502837972;0.9998870604412557;1.0001749911903588;0.9998901090613459;0.9999775153767521;0.9999393192709529;1.0;0.9998024167897043;0.9998505283161984;0.9998954589678712;1.0;0.9998947220198763;0.9998875845186709;0.9999948703877072;0.9999602581641387;0.9999383810120437;0.9998770665764384;0.9999991034509923;0.9998893850656255;1.0;1.0002475649962579;0.9998894231621707;1.0;0.9999028138111148;1.0;0.9998336431566955;1.0;0.999708162537851;1.0;0.9997854603199865;0.9999999999999999;0.9992688617298999;0.9991684377374274;0.9991438528612301;0.9999999999999999;0.9999985328700728;0.9998828475611349;0.9999573969647758;0.9998281410464162;1.024999976158142;
2016-09-23 16:15:00;0.9998670507926518;1.0;0.9999671908602213;0.9998668268763883;0.9999946371564505;0.9998820680712412;1.0001731872256618;0.9998875619156661;0.9999756361372777;0.999935965418886;1.0;0.999797004758226;0.9998456459146001;0.9998915531613186;1.0;0.9998947093531871;0.9998874241854345;0.9999932232334783;0.9999577865867766;0.9999350000755373;0.9998705973901332;0.9999987516683054;0.9998892401384353;1.0;1.0002450533776166;0.9998846016855926;1.0;0.9998984854622004;1.0;0.9998305902942914;1.0;0.9997486482521482;0.9999999999999999;0.999821452536466;1.0;0.9993659258558699;0.9992653270452035;0.9992411206350332;0.9999999999999999;0.9999980898561504;0.9998769893732009;0.9999544047159289;0.9998228734050374;1.024999976158142;
2016-09-23 16:30:00;0.9998797426434428;1.0;0.9999693316357864;0.9998813783350733;0.999993816311012;0.9998946919350731;1.0001709252702482;0.9999037359734033;0.9999780251233763;0.9999411544963174;1.0;0.9997856581396958;0.9998361231150261;0.9999039529203935;1.0;0.9999131849331816;0.9999069620168295;0.9999920531721044;0.9999607668546645;0.9999414065962806;0.9998821103666821;0.9999988643147601;0.999908474280823;1.0;1.0002415109791651;0.9998968505758217;1.0;0.999909084931801;1.0;0.9998247412459521;0.9999999999999999;0.9997494031676656;1.0;0.9997859195911376;1.0;0.9993929720671059;0.9992820248307954;0.9992473448023982;1.0;0.9999977153757715;0.9998886118105781;0.9999581979638382;0.9998122491192168;1.024999976158142;
2016-09-23 16:45:00;0.9999343231112756;1.0;0.9999820921250417;0.9999370531275193;0.9999942254389402;0.9999436040409897;1.000158885730183;0.9999527572279787;0.9999865089697865;0.9999675499665446;1.0;0.9998095586779138;0.9998546471945396;0.999950378562054;1.0;0.9999616505522712;0.9999586036957759;0.9999925296390976;0.9999776529906996;0.9999670549679325;0.9999336009981666;0.99999883045577;0.9999592857751707;1.0;1.0002236049243176;0.9999437791553579;1.0;0.9999514468087821;1.0;0.9998564625185791;1.0;0.9997505466177714;0.9999999999999999;0.9997971405764553;1.0;0.9993881516092843;0.9992899222121226;0.999261367738329;1.0;0.9999980502811676;0.9999376929491371;0.9999756432843363;0.9998336240589552;1.024999976158142;
2016-09-23 17:00:00;0.9999017807490472;0.9999999999999999;0.9999752053284382;0.9999036828767879;0.9999952333735944;0.9999147604165074;1.0001681873577333;0.9999230515538905;0.9999832954432875;0.9999515702722781;1.0;0.99980527589837;0.999851124999451;0.9999220403327345;0.9999999999999999;0.9999305311599634;0.9999255463821412;0.9999937136129389;0.9999676473381807;0.9999530134950736;0.9999037907736371;0.9999995204046542;0.999926750235544;0.9999999999999999;1.000237295377234;0.9999163962826809;0.9999999999999999;0.9999261542389076;1.0;0.9998434430350854;1.0;0.9997201142221351;1.0;0.999797762253213;1.0;0.9992961550136973;0.9992015955757189;0.9991778031973234;1.0;0.9999981129442551;0.9999093428528422;0.9999667025826068;0.9998293411763248;1.024999976158142;
2016-09-23 17:15:00;0.9998892267343095;0.9999999999999999;0.9999716789501045;0.9998899214156873;0.9999959982996013;0.9999023375957543;1.0001756854291033;0.9999094542394331;0.9999810884327628;0.9999448868124683;1.0;0.9998091242454292;0.999854509671578;0.9999092368309244;0.9999999999999999;0.9999173544847005;0.9999115356299317;0.9999949796982803;0.9999638823027974;0.9999471559477962;0.9998937701916685;0.9999994044690625;0.9999129938629578;1.0;1.000247999536231;0.9999064730288695;1.0;0.9999151838378559;0.9999999999999999;0.9998247666272796;1.0;0.9996899984653164;1.0;0.9997726731106509;0.9999999999999999;0.9992231329004169;0.9991335358824185;0.999114091952307;1.0;0.9999981929354479;0.9998997923344242;0.9999622283726668;0.9998326808453678;1.024999976158142;
2016-09-23 17:30:00;0.9999591751425637;1.0;0.999987269048752;0.9999617420458307;0.9999959676038621;0.9999650978784768;1.0001650109476612;0.9999738022163589;0.9999914815360083;0.9999781644976404;1.0;0.9998158317325863;0.9998601244737302;0.9999689907957805;1.0;0.9999827187745314;0.9999810936100957;0.9999949566112508;0.9999850951012024;0.9999798307883585;0.9999598127585647;0.9999991597263136;0.9999814499591282;1.0;1.000231631548393;0.9999672732071325;1.0;0.999969418836119;0.9999999999999999;0.9998334175918461;1.0;0.9997130013961408;0.9999999999999999;0.9997649377463359;1.0;0.9992978357297789;0.9992092270144762;0.9991901941080222;0.9999999999999999;0.9999983863422667;0.999963007165811;0.9999838652854617;0.9998391746152596;1.024999976158142;
2016-09-23 17:45:00;0.9999519693557365;1.0;0.9999852675619976;0.999953197373105;0.9999964707236415;0.9999573097446584;1.0001580120643223;0.9999640222039107;0.9999894967036201;0.999974750230906;1.0;0.9998552774986522;0.9998901679858182;0.9999609963411444;1.0;0.9999727037999648;0.9999704740009373;0.9999958749635579;0.9999833391414545;0.9999759405541566;0.9999541749843579;0.9999988407679228;0.9999710184150113;0.9999999999999999;1.0002219727262827;0.9999609813080157;1.0;0.9999627645977133;1.0;0.999852279014326;0.9999999999999999;0.9997354565396321;1.0;0.9997709623701259;1.0;0.9993609246843661;0.9992879686265391;0.9992681408270861;1.0;0.9999985371263408;0.9999573630244556;0.9999809137972773;0.9998734874737822;1.024999976158142;
2016-09-23 18:00:00;0.9999514894265521;1.0;0.999986077605707;0.9999514950967253;0.9999975209201268;0.9999561492941348;1.0001589221787428;0.9999598798225697;0.9999897301501621;0.9999753067720736;1.0;0.999863367877389;0.9998971568930598;0.9999593324767648;1.0;0.9999659771398336;0.9999634585742316;0.999997237683843;0.9999840046176345;0.9999757653926461;0.9999542004938472;0.9999989773717978;0.9999641008103145;1.0;1.0002233789154542;0.9999596196241002;1.0;0.9999619606976814;1.0;0.9998320713520811;1.0;0.999762699831571;1.0;0.9997568886253031;1.0;0.9994533080480212;0.9993817741333243;0.9993623253723;1.0;0.9999989589310444;0.9999568989569484;0.9999814751372708;0.9998812195788747;1.024999976158142;
2016-09-23 18:15:00;0.9999093564071446;1.0;0.9999767334516771;0.9999081625569891;0.9999966604384763;0.9999181594528591;1.0001651850269742;0.9999206467492676;0.9999821703275147;0.999956033839826;1.0;0.9999243140365432;0.9999419973792155;0.9999240710752321;0.9999999999999999;0.9999263035280499;0.9999212125357303;0.9999961443227328;0.9999714901230904;0.999955056208901;0.9999132395018124;0.9999986746325144;0.9999225146698254;1.0;1.0002330469735508;0.9999217477765068;0.9999999999999999;0.9999295552592974;1.0;0.9998238251013342;1.0;0.9997490307872137;1.0;0.9997385828093894;0.9999999999999999;0.9994249467169439;0.9993881669747905;0.9993778586060813;1.0;0.9999987605823579;0.9999174129983605;0.999967729852933;0.9999334192238684;1.024999976158142;
2016-09-23 18:30:00;0.9999489272868746;1.0;0.999984477223282;0.9999495632166;0.9999955780211829;0.9999538491141421;1.0001587852801737;0.9999595366590956;0.9999871004458519;0.999974229553116;1.0;0.9999495676802845;0.9999604226830512;0.9999586234545412;0.9999999999999999;0.9999684049459173;0.9999658774902787;0.9999948612356968;0.9999828829885808;0.9999730571578846;0.9999503021529256;0.9999981640669219;0.9999664916684291;1.0;1.000223168614449;0.999956817526788;1.0;0.9999603184907234;1.0;0.999841475254977;1.0;0.9997572291702387;1.0;0.9997118094266723;1.0;0.9994680856537652;0.9994444906265508;0.9994361496663828;1.0;0.999998489527692;0.9999532301061289;0.99997880726624;0.9999549900213733;1.024999976158142;
2016-09-23 18:45:00;0.9999257391843422;1.0;0.9999787517137084;0.9999287570311761;0.9999928599210077;0.9999356137860347;1.0001610221940624;0.9999466710811976;0.9999834029839078;0.9999629136761082;1.0;0.9999367951162906;0.9999483683664961;0.9999435261730838;1.0;0.9999586561702186;0.9999552548469177;0.9999909925116267;0.9999745251930972;0.9999619904204975;0.9999252082203771;0.9999981640146361;0.9999560180781131;1.0;1.0002266513673865;0.999936778014691;1.0;0.9999445898141469;1.0;0.9998348427665104;1.0;0.9997486703146534;1.0;0.9997574914516842;1.0;0.9994104892271338;0.9993861444700977;0.9993774230876601;1.0;0.9999976002101431;0.9999299082245613;0.9999711292715235;0.9999423619353085;1.024999976158142;
2016-09-23 19:00:00;0.9998808341550947;1.0;0.999968918795746;0.9998851040889843;0.9999908587508133;0.999897733469707;1.0001680361865828;0.9999120560639001;0.9999770495660733;0.999941737525596;1.0;0.9999256849890475;0.9999378243164048;0.9999093780351138;0.9999999999999999;0.9999250496910295;0.9999193376968788;0.9999879803593502;0.9999600210658615;0.9999410427195183;0.9998797650826178;0.9999984651361399;0.9999206374672274;1.0;1.0002373445148491;0.9998973334487574;0.9999999999999999;0.9999119603218108;1.0;0.9998327236721084;0.9999999999999999;0.9997411678832516;1.0;0.9997184808561338;0.9999999999999999;0.9994151890771256;0.9993906240847864;0.9993819026632565;1.0;0.9999969153540518;0.9998868629972832;0.9999574778416612;0.9999313212029689;1.024999976158142;
2016-09-23 19:15:00;0.9999116360514829;1.0;0.999975976469925;0.9999145600789118;0.9999923864350407;0.9999233565813049;1.000159116119168;0.999934265638866;0.9999811355245597;0.9999567312358173;1.0;0.9999321433171331;0.9999445997256204;0.9999324806150166;0.9999999999999999;0.9999457177469799;0.9999414816219345;0.9999902677991604;0.9999703328170955;0.9999551387978833;0.9999108456103448;0.9999981729226478;0.9999424466907528;0.9999999999999999;1.0002243028719895;0.9999237385827178;1.0;0.9999342122423006;1.0;0.9998337249012601;1.0;0.9997655553376663;0.9999999999999999;0.9997562656224352;1.0;0.9994623034043852;0.9994367353354379;0.9994288070366154;1.0;0.9999975174357845;0.9999160503627917;0.9999668710599903;0.9999382882955874;1.024999976158142;
2016-09-23 19:30:00;0.9998944173876827;1.0;0.9999727026308667;0.9998959297162657;0.9999926366446319;0.9999071761154703;1.0001583171748523;0.9999153799268908;0.9999779361303422;0.9999494722493948;0.9999999999999999;0.9999347925363757;0.9999471929554244;0.9999171374178628;1.0;0.9999249964448371;0.9999195126523851;0.999990639033514;0.999965827992318;0.999946490108867;0.9998943763734031;0.9999980275605612;0.9999208141865934;1.0;1.0002236297116514;0.9999074693427977;1.0;0.9999205992111926;0.9999999999999999;0.9998253243197044;0.9999999999999999;0.9997624020725587;1.0;0.9997414299541023;1.0;0.9994633948460308;0.9994362210747489;0.9994270866599895;1.0;0.999997715545429;0.9998997896899708;0.9999615140709603;0.9999411514309178;1.024999976158142;
2016-09-23 19:45:00;0.9999352119375976;1.0;0.9999823385122073;0.9999381923061799;0.9999938707258249;0.9999446013398201;1.0001568321879333;0.9999541965711474;0.9999864645198947;0.999968116700294;0.9999999999999999;0.9999401964249905;0.999951269559963;0.9999517150191748;1.0;0.9999633076954797;0.9999603463244044;0.9999920324002834;0.9999778633346404;0.9999672958378653;0.9999339151656884;0.9999987634304905;0.9999609959364826;1.0;1.0002207162850998;0.9999442793040093;0.9999999999999999;0.9999523934502169;0.9999999999999999;0.999829839279721;1.0;0.9997442360398461;1.0;0.9996992312601943;1.0;0.9994378833524786;0.9994140689121447;0.9994057282058643;1.0;0.9999979867010513;0.999937986589057;0.999975832486927;0.9999456881730243;1.024999976158142;
2016-09-23 20:00:00;0.9999489122511358;1.0;0.9999834283811383;0.9999521040923853;0.9999938419113704;0.9999558445067531;1.00015213364834;0.9999671611160899;0.9999874957749937;0.9999729664636897;1.0;0.9999328452035404;0.999945956263389;0.9999616142716417;1.0;0.9999798118149064;0.9999777874477271;0.999992414097123;0.9999813655493818;0.9999735004825575;0.9999489552000668;0.999998279655288;0.9999782195183344;1.0;1.0002136633113834;0.9999583654766745;1.0;0.9999616417738961;1.0;0.9998424252460301;0.9999999999999999;0.9997497719358603;1.0;0.9997147851551424;0.9999999999999999;0.9994434892792128;0.9994167741496714;0.9994076399126484;0.9999999999999999;0.9999977719126062;0.9999528547689667;0.9999783975405883;0.9999390595390621;1.024999976158142;
2016-09-23 20:15:00;0.9999446186039569;0.9999999999999999;0.9999814571463194;0.9999484701234109;0.9999944189541173;0.9999524507721889;1.0001558317090136;0.9999661163760483;0.9999882452251201;0.9999690548327619;1.0;0.9999241266458512;0.9999387656726985;0.9999573098691154;1.0;0.9999806953083892;0.9999786545349891;0.9999932041372885;0.9999790865567757;0.9999728277468379;0.9999466761726341;0.9999987362271465;0.9999791058518024;1.0;1.0002187653504249;0.9999573537216747;1.0;0.9999579156208498;1.0;0.9998270330269562;1.0;0.9997621416096134;1.0;0.9997114795809253;1.0;0.999483368249928;0.9994561939356023;0.9994470593382994;1.0;0.9999975696182013;0.999951439498039;0.9999772721401579;0.9999304854725654;1.024999976158142;
2016-09-23 20:30:00;0.9999387810838773;0.9999999999999999;0.9999799002756757;0.9999431535398879;0.9999923287929019;0.9999475234390537;1.000152042346456;0.999962279183172;0.9999851931733191;0.9999672824655396;1.0;0.9999251289626959;0.9999389495634959;0.999954560453373;0.9999999999999999;0.9999782377745224;0.9999759215621549;0.9999904920295469;0.9999773403958399;0.9999684135810234;0.9999386514747779;0.9999979930786422;0.9999764016840924;1.0;1.00021358689919;0.9999505481084122;0.9999999999999999;0.9999542923093515;0.9999999999999999;0.9998328632558822;1.0;0.9997947429509901;1.0;0.9997645394833091;1.0;0.9995445940351315;0.9995173448356635;0.999507828721795;1.0;0.9999971850656364;0.999943554499328;0.9999740661546218;0.9999314184431793;1.024999976158142;
2016-09-23 20:45:00;0.9999204700493394;0.9999999999999999;0.9999686864240036;0.9999223151168862;0.9999864893427275;0.9999248424869289;1.0001525353812668;0.9999409716082002;0.9999688557406289;0.9999580242290262;0.9999999999999999;0.9999336936682577;0.9999465205339111;0.9999361769907066;0.9999999999999999;0.9999699455468144;0.9999664957723707;0.9999848931081308;0.9999716666639686;0.9999513777774494;0.9999215925301196;0.9999929768625235;0.9999672907634592;1.0;1.0002142326729753;0.9999336293230864;1.0;0.9999360956747437;0.9999999999999999;0.999846787282612;1.0;0.9998041267695154;0.9999999999999999;0.9997873118194232;1.0;0.9995568005733076;0.9995306928623487;0.9995223511827719;1.0;0.9999958013733931;0.9999267618852694;0.9999566360993437;0.9999399080090525;1.024999976158142;
2016-09-23 21:00:00;0.9999040437604779;1.0;0.9999619099944399;0.9999051955863197;0.9999847463280858;0.9999081782084562;1.0001568762726856;0.9999260122120813;0.9999623776741399;0.9999489442996875;1.0;0.9999314876130831;0.9999448162481005;0.9999208454994662;1.0;0.9999606001281164;0.999956295105992;0.9999833507639357;0.999966077191971;0.9999414596176479;0.9999071675372094;0.9999914927184366;0.9999573290004226;0.9999999999999999;1.0002204036010685;0.999920557049555;1.0;0.9999217367900335;1.0;0.9998430841484953;1.0;0.9997579355350349;1.0;0.9997453681350329;0.9999999999999999;0.9994467238556235;0.9994200086396218;0.9994108743730369;1.0;0.9999951706598974;0.9999132319432689;0.999947500814402;0.9999377019401677;1.024999976158142;
2016-09-23 21:15:00;0.9999325938507265;0.9999999999999999;0.9999722450448556;0.9999340687394437;0.9999892961881921;0.9999357851261846;1.0001493025791532;0.9999503651716173;0.9999740765319655;0.9999628087837883;0.9999999999999999;0.9999438579187336;0.9999546828344732;0.9999441045526604;0.9999999999999999;0.9999766944303906;0.999973864233007;0.9999883939272108;0.999975419334;0.9999595338057508;0.9999358477169463;0.9999941582830872;0.999974545001197;0.9999999999999999;1.0002094843997236;0.9999460848280529;0.9999999999999999;0.9999447658738615;1.0;0.9998443059398833;0.9999999999999999;0.9997726366140415;1.0;0.999791739317267;0.9999999999999999;0.9994587793172997;0.9994368702931722;0.9994277358724789;1.0;0.9999963657255894;0.9999406290797057;0.9999628383673633;0.9999485573721136;1.024999976158142;
2016-09-23 21:30:00;0.999934122628385;0.9999999999999999;0.9999711128735135;0.9999336398759492;0.9999894435797686;0.9999343892284794;1.0001479944861364;0.9999464350322573;0.9999713680507367;0.9999634082144327;1.0;0.9999550712551742;0.9999645238680622;0.9999421724389805;1.0;0.9999741870667217;0.9999711833387532;0.999989230817205;0.999976495219751;0.9999585193251942;0.9999392210274181;0.9999930574525314;0.9999719580701033;1.0;1.000207573753324;0.9999473702902634;1.0;0.9999437990928862;1.0;0.9998422329720705;1.0;0.9997821390072406;1.0;0.9998014869429547;1.0;0.9994807695897748;0.9994608065638196;0.9994516719243595;1.0;0.9999964789415055;0.9999434501357968;0.9999608527788393;0.9999591560870723;1.024999976158142;
2016-09-23 21:45:00;0.9999290404289637;1.0;0.9999702651336795;0.999928480045607;0.9999898826675633;0.9999300663850483;1.0001457932639404;0.9999420030506723;0.9999714402519215;0.999960837340168;1.0;0.9999545595305033;0.9999640676445739;0.9999377762290966;1.0;0.9999691279702416;0.9999658298093791;0.9999897204913879;0.9999748973155994;0.9999566851263934;0.9999346829980407;0.9999933595737374;0.9999666854885969;1.0;1.0002045969401392;0.9999432468781151;1.0;0.9999399221163187;0.9999999999999999;0.9998541359498585;1.0;0.9997959765415492;1.0;0.999816181147884;0.9999999999999999;0.9995120490681625;0.9994926411348645;0.9994839188230584;1.0;0.9999965461116558;0.9999391748860551;0.9999598893615054;0.9999585691652286;1.024999976158142;
2016-09-23 22:00:00;0.9999351081085875;1.0;0.9999733252539783;0.9999356315645336;0.9999900239177989;0.9999372857179152;1.0001450717882792;0.9999496309280599;0.999974381975141;0.9999645494191012;1.0;0.9999527542549127;0.9999621296468976;0.9999451172983019;1.0;0.9999743224922824;0.999971438098771;0.9999893943605432;0.9999767967743847;0.9999605721233976;0.9999386934018123;0.9999941404918438;0.9999721522334064;1.0;1.000203584979166;0.9999475805709143;0.9999999999999999;0.9999462284536962;1.0;0.9998500197698401;1.0;0.9997991710826696;0.9999999999999999;0.9998225377549275;1.0;0.9995173668024236;0.9994973184940267;0.999488183520863;1.0;0.9999966771608182;0.9999429717043351;0.9999638886509961;0.999956865876428;1.024999976158142;
2016-09-23 22:15:00;0.9999301479953384;1.0;0.9999710678879262;0.999931356619978;0.9999891890769833;0.9999330794749048;1.0001467067227956;0.9999477647502234;0.9999730190835812;0.9999612974457811;0.9999999999999999;0.999947324103884;0.999957359796502;0.9999414033501014;0.9999999999999999;0.9999750765211955;0.9999721056716302;0.9999884185819743;0.9999745867477752;0.9999580571535033;0.9999340835898931;0.9999939075526586;0.9999728326527854;1.0;1.0002058455530685;0.9999443608140266;1.0;0.9999423806462456;1.0;0.9998579844081878;1.0;0.9997588055443757;1.0;0.9998120931278022;1.0;0.999402708950415;0.9993821501538327;0.9993726353271133;0.9999999999999999;0.9999962907394989;0.9999389964221547;0.9999613472454436;0.9999515050567864;1.024999976158142;
2016-09-23 22:30:00;0.9999334177853746;1.0;0.9999730313521582;0.9999340520256366;0.9999900913204155;0.9999359880362615;1.0001456026045958;0.9999484883458151;0.999974463007874;0.9999636884731513;1.0;0.9999522580108399;0.9999616270196114;0.9999438223327581;1.0;0.9999730507581824;0.9999700879013887;0.9999894358333653;0.99997622710473;0.9999600013525024;0.9999370747587359;0.9999942621233854;0.9999708208461145;1.0;1.0002043616870722;0.9999462430872534;1.0;0.999945051230077;1.0;0.9998440463119844;1.0;0.9998013984476981;0.9999999999999999;0.9998205924921529;1.0;0.9995255848021001;0.9995054194807196;0.999495903480389;1.0;0.9999966685229111;0.9999414843530239;0.9999635928643693;0.9999563137869871;1.024999976158142;
2016-09-23 22:45:00;0.9999382800986929;1.0;0.9999733026295287;0.9999381189135526;0.9999904527032305;0.9999390483716728;1.0001405001243762;0.9999506613929061;0.9999741889802914;0.9999655725290519;0.9999999999999999;0.9999547843433785;0.9999642311366453;0.9999461155395954;1.0;0.9999761024112345;0.9999733305187436;0.9999902200272511;0.9999778484084566;0.9999617982009131;0.9999430897990678;0.9999938585313963;0.9999740429055102;1.0;1.0001970656417507;0.9999509956265078;1.0;0.9999476357337191;1.0;0.99985505313393;1.0;0.9998435823255677;1.0;0.9998476576921611;1.0;0.9996338357785683;0.9996139613410732;0.9996048253018445;1.0;0.9999967470438674;0.9999471697402745;0.9999640928215308;0.9999588401297723;1.024999976158142;
2016-09-23 23:00:00;0.999942061531893;1.0;0.9999756594306817;0.9999416067136035;0.9999915828479439;0.9999428555640538;1.0001398821916303;0.9999526209077519;0.9999764578711858;0.9999680891277382;1.0;0.9999575647075434;0.9999667024038341;0.9999492653327942;1.0;0.9999749165411643;0.9999722221889346;0.9999914206714929;0.9999795192020926;0.999964479112947;0.9999465415597251;0.9999944950177371;0.9999729191337299;1.0;1.0001962575899335;0.9999535487933515;1.0;0.9999509591901957;1.0;0.999858501288015;1.0;0.9998607548583902;1.0;0.9998507835726197;1.0;0.9996834273366818;0.9996635519132213;0.9996544154207563;1.0;0.9999971513199599;0.9999501939995924;0.999967086571983;0.9999616205052143;1.024999976158142;
2016-09-23 23:15:00;0.9999492109577035;1.0;0.999978863679502;0.9999495520245993;0.9999925139953751;0.9999507867951045;1.000141776501312;0.9999605309125712;0.9999802159430525;0.9999718276559965;1.0;0.9999559023307991;0.9999651081932888;0.9999564596991556;1.0;0.9999801287635584;0.9999778849844556;0.9999921679018762;0.9999817231964887;0.9999694419531693;0.9999527264407415;0.9999954987153276;0.9999784505823509;1.0;1.0001988700217201;0.9999596297261615;1.0;0.9999576172007527;1.0;0.99984732573751;1.0;0.9998605905499013;1.0;0.9998370423799031;1.0;0.9996926399812782;0.9996732832609712;0.9996649403913924;1.0;0.9999974068557503;0.9999561726772911;0.9999717521476958;0.9999599871660921;1.024999976158142;
2016-09-23 23:30:00;0.9999563148908901;1.0;0.9999825558562653;0.99995759276978;0.9999939097574314;0.9999591035361873;1.0001423444238189;0.9999687513412021;0.9999850391270607;0.9999755144273587;0.9999999999999999;0.9999526970409961;0.9999622830111798;0.9999637647446165;1.0;0.9999847389682868;0.9999829500709181;0.999993381314642;0.999983889090373;0.999975042391899;0.9999589302619676;0.999996877154313;0.9999833832998656;1.0;1.0001996472313195;0.9999658332425279;1.0;0.9999644806682126;1.0;0.999852584093871;0.9999999999999999;0.9998378322356735;1.0;0.9997899415575818;0.9999999999999999;0.9996567059803576;0.9996359881640726;0.9996264709206354;1.0;0.9999977629898407;0.999962224785609;0.9999772647692559;0.9999569264122289;1.024999976158142;
2016-09-23 23:45:00;0.9999481461872699;1.0;0.9999820092338658;0.9999502806751189;0.9999942365160454;0.9999535515946522;1.0001358984446282;0.999963949004007;0.9999861340549081;0.9999718546861514;1.0;0.9999492507344527;0.9999588557765234;0.9999585775433258;0.9999999999999999;0.9999780363982881;0.9999758729868787;0.9999933465509356;0.9999812007132569;0.9999725953368046;0.999950170787446;0.9999977795017514;0.9999763793234311;1.0;1.0001908398743928;0.9999586712123807;1.0;0.9999595145245479;1.0;0.9998621313984601;1.0;0.9998568264319867;1.0;0.9998675717905797;1.0;0.999660030279917;0.9996405459941583;0.9996322033977915;0.9999999999999999;0.9999977940399646;0.9999540286337056;0.9999767588944062;0.9999533758522549;1.024999976158142;
2016-09-24 00:00:00;0.9999522898038307;1.0;0.9999830668406597;0.9999533331721175;0.9999956186041409;0.9999562429627001;1.0001355151378988;0.9999644952131781;0.9999872316697291;0.9999736272128124;1.0;0.9999537199437442;0.9999631444722521;0.9999599039005794;0.9999999999999999;0.9999773204601429;0.9999752155912967;0.9999952832459924;0.9999828830580265;0.9999749472062823;0.9999558422558049;0.999997923329453;0.9999757454224657;1.0;1.000190246904794;0.9999627114381985;1.0;0.9999616749518413;1.0;0.9998556883821901;1.0;0.9998631822081323;1.0;0.9998907195417605;1.0;0.9996633074091036;0.9996433776688622;0.9996338603550717;1.0;0.9999981558883739;0.9999592811895331;0.999978406513525;0.9999577005307996;1.024999976158142;
