;('LV4.101 Bus 1', 'L1');('LV4.101 Bus 10', 'L1');('LV4.101 Bus 11', 'L1');('LV4.101 Bus 12', 'L1');('LV4.101 Bus 13', 'L1');('LV4.101 Bus 14', 'L1');('LV4.101 Bus 15', 'L1');('LV4.101 Bus 16', 'L1');('LV4.101 Bus 17', 'L1');('LV4.101 Bus 18', 'L1');('LV4.101 Bus 19', 'L1');('LV4.101 Bus 2', 'L1');('LV4.101 Bus 20', 'L1');('LV4.101 Bus 21', 'L1');('LV4.101 Bus 22', 'L1');('LV4.101 Bus 23', 'L1');('LV4.101 Bus 24', 'L1');('LV4.101 Bus 25', 'L1');('LV4.101 Bus 26', 'L1');('LV4.101 Bus 28', 'L1');('LV4.101 Bus 29', 'L1');('LV4.101 Bus 3', 'L1');('LV4.101 Bus 30', 'L1');('LV4.101 Bus 31', 'L1');('LV4.101 Bus 32', 'L1');('LV4.101 Bus 33', 'L1');('LV4.101 Bus 34', 'L1');('LV4.101 Bus 35', 'L1');('LV4.101 Bus 36', 'L1');('LV4.101 Bus 37', 'L1');('LV4.101 Bus 38', 'L1');('LV4.101 Bus 39', 'L1');('LV4.101 Bus 4', 'L1');('LV4.101 Bus 40', 'L1');('LV4.101 Bus 41', 'L1');('LV4.101 Bus 42', 'L1');('LV4.101 Bus 43', 'L1');('LV4.101 Bus 44', 'L1');('LV4.101 Bus 5', 'L1');('LV4.101 Bus 6', 'L1');('LV4.101 Bus 7', 'L1');('LV4.101 Bus 8', 'L1');('LV4.101 Bus 9', 'L1');('MV1.101 Bus 52', 'L1');('metainfo', 'in the first', 'few indices')
2016-05-12 00:00:00;1.0;0.999980215528314;1.0;0.9999931188768855;0.9998589402132428;0.9999891765612531;1.0023829502469634;0.9999843141545565;0.999896316201096;1.0;0.9999985690492957;1.002326176479923;1.0023337890866684;0.9999845741914116;0.9999942449411576;0.9999999999999999;0.9999975906004911;0.9998568952100682;1.00078459555286;0.9999768380543178;0.9999941786418888;0.9999999999999999;0.9999980805957414;1.0023792441087727;1.0023850374304464;1.0;0.9999999999999999;0.9999911001806199;1.0012353771479385;1.000731270738021;1.0003571830061233;1.0001547796048764;0.9998705856156237;1.0;0.9998182195730644;0.9999910371947016;0.9999899408136297;1.0;1.0021672142362912;0.9998666144505693;0.9999956049318939;1.0;1.002328970810006;1.024999976158142;simulation#6716
2016-05-12 00:15:00;1.0;0.9999818008819655;1.0;0.9999947670385262;0.9998535333970241;0.9999913379163894;1.002360171604818;0.9999867312668704;0.9998965428434488;1.0;0.999999433372035;1.0022917569435983;1.0022987941985353;0.9999868275811764;0.9999947224881315;1.0;0.9999976481907175;0.9998495827763159;1.000775365592133;0.9999768901809941;0.9999887742707454;1.0;0.9999979894134609;1.0023558692563799;1.0023628059383558;1.0;1.0;0.9999926973202963;1.0012307240149856;1.0007346373758064;1.0003608792045053;1.000158577061896;0.9998681539769799;0.9999999999999999;0.9998247076898805;0.9999974603268215;0.999993930577353;1.0;1.0021469375226324;0.9998634121870238;0.9999915308382422;1.0;1.0022943503162136;1.024999976158142;comment data format: active and reactive powers in Watts
2016-05-12 00:30:00;1.0;0.9999771780570352;1.0;0.9999947964914035;0.9998827373206483;0.9999929948660577;1.002343436939912;0.9999897609829712;0.9999180910113953;1.0;0.9999975345570489;1.0022769960457056;1.0022852042647215;0.9999879628533093;0.9999933733795217;1.0;0.9999975541043463;0.9998799891950648;1.0007709535812839;0.9999817046137303;0.9999921884664538;1.0;0.9999980043875785;1.0023388408765772;1.002346149937298;1.0;1.0;0.9999938042838736;1.0012257439504715;1.0007376387988614;1.0003584037336335;1.0001541513302017;0.9998926619768483;1.0;0.999835171665037;0.9999873720919108;0.9999876578399329;1.0;1.0021315093736671;0.999889061955234;0.9999941066410636;1.0;1.0022799082465743;1.024999976158142;step time in minutes: 15
2016-05-12 00:45:00;1.0;0.9999768192601307;1.0;0.9999955312428405;0.999887150586952;0.9999931838403853;1.002308551028531;0.9999895182216565;0.99991940028616;1.0;0.9999988236588905;1.0022505924949954;1.0022584977667113;0.999987832389153;0.9999932586047023;1.0;0.9999981972113615;0.999885300154343;1.000760193379677;0.9999819972293197;0.9999947372165355;1.0;0.999998541381138;1.0023048520573736;1.0023105646685684;1.0;1.0;0.9999938831773326;1.0012183452103225;1.0007428375903094;1.0003637880637626;1.0001593751381772;0.9998955725918833;1.0;0.9998457384838476;0.9999958869094102;0.9999928172678303;1.0;1.0020994630784417;0.9998923776101268;0.9999960283157189;1.0;1.0022533112468164;1.024999976158142;start time of simulation: 2016-05-12 00:00:00+00:00
2016-05-12 01:00:00;1.0;0.9999786941960718;1.0;0.9999957891903858;0.9998937549571931;0.9999935307920144;1.0022308542336211;0.9999900534894298;0.9999239984785442;0.9999999999999999;0.999998939312022;1.002175086685881;1.0021828841934588;0.9999886079028322;0.9999938189102904;1.0;0.9999983096244851;0.999892007182549;1.000734661597398;0.9999830274745933;0.9999950325790242;1.0;0.9999986314428625;1.0022273268102908;1.0022327639708482;1.0;1.0;0.9999942334820078;1.001215411759368;1.0007753703309705;1.0003830321740355;1.0001711440494199;0.9999017718626378;1.0;0.9998848217257581;1.0000055849820293;0.9999981642463531;1.0;1.002028826503157;0.9998987601016548;0.9999962524013214;1.0;1.0021778805947492;1.024999976158142;end time of simulation: 2016-05-26 00:00:00+00:00
2016-05-12 01:15:00;1.0;0.9999741385201381;1.0;0.9999950444929616;0.9998798168133336;0.9999924042147749;1.0022226823726934;0.9999883511224986;0.999913261987885;1.0;0.9999987272886748;1.0021643472066257;1.002172666429319;0.9999864807920782;0.9999925117354815;1.0;0.9999981368164491;0.9998782896205073;1.0007321790953863;0.9999806304070902;0.9999956605084864;1.0;0.9999985195301818;1.0022189599886095;1.0022246474685172;1.0;1.0;0.9999932020378579;1.0012107783082775;1.000772204247867;1.0003810772860275;1.0001698220409858;0.9998880743897998;1.0;0.9998852728154594;1.0000041802403286;0.9999974181474772;1.0;1.0020213112076644;0.9998848317951948;0.9999967249293474;1.0;1.002167114211252;1.024999976158142;"[""terminal(s) with malfunction: ['LV4.101 Bus 34']"", 'type of malfunction: EVSE without P(U) control']"
2016-05-12 01:30:00;1.0;0.9999880159648389;1.0;0.9999960366032282;0.9999316765116294;0.9999946267476268;1.0021920556851343;0.9999925821492038;0.9999504424270451;0.9999999999999999;0.999998149164477;1.0021517174915207;1.0021581473653998;0.9999921072331348;0.9999965231229963;1.0;0.9999984401238214;0.9999306532563456;1.0007224593219854;0.9999889361924225;0.9999971016850812;1.0;0.9999987784430614;1.0021892688830703;1.002193604370015;0.9999999999999999;0.9999999999999999;0.9999955417657012;1.0011901870784905;1.0007546460219416;1.000372782297501;1.0001660258875114;0.9999369790431581;1.0;0.9998817039257659;1.000003811895341;0.999997344694333;1.0;1.0019934623473545;0.999935063485268;0.9999978115412522;1.0;1.0021544091011636;1.024999976158142;terminals with PVs: ['LV4.101 Bus 8', 'LV4.101 Bus 34', 'LV4.101 Bus 1', 'LV4.101 Bus 11', 'LV4.101 Bus 40', 'LV4.101 Bus 3', 'LV4.101 Bus 18', 'LV4.101 Bus 23', 'LV4.101 Bus 33', 'LV4.101 Bus 44']
2016-05-12 01:45:00;1.0;0.9999912682423024;1.0;0.999997396123666;0.9999458621410064;0.999996351870249;1.00210203287689;0.9999947728369337;0.9999615558597751;1.0;0.9999989241401822;1.0020631553076025;1.0020693245520493;0.9999944274431477;0.9999974647968773;1.0;0.9999988644655315;0.9999446672910131;1.000692648954571;0.9999914185778117;0.999996618870133;1.0;0.9999990791988898;1.002099533791979;1.0021034139921665;1.0;1.0;0.9999969295081164;1.0011851977847186;1.0007877013216537;1.000396085224488;1.0001828069385;0.9999506390745257;1.0;0.9999206059395944;1.000023263715573;1.0000081921057884;0.9999999999999999;1.0019116861532973;0.9999489881253614;0.9999974475438392;1.0;1.0020659294962493;1.024999976158142;terminals with EVSE: ['LV4.101 Bus 34', 'LV4.101 Bus 19', 'LV4.101 Bus 7', 'LV4.101 Bus 29', 'LV4.101 Bus 3', 'LV4.101 Bus 42', 'LV4.101 Bus 36', 'LV4.101 Bus 5', 'LV4.101 Bus 33', 'LV4.101 Bus 6']
2016-05-12 02:00:00;1.0;0.9999927861484851;1.0;0.9999975547914635;0.9999406078932764;0.9999965450820305;1.0020586376406388;0.9999949700269873;0.9999589816961132;1.0;0.9999990241381941;1.0020124257533438;1.0020190691057411;0.9999948934303207;0.9999979038277196;1.0;0.9999987261701387;0.9999386318617864;1.000677683182333;0.9999908442926086;0.9999943925538228;1.0;0.9999989224841591;1.0020557009365223;1.0020603496458718;1.0;1.0;0.999997128036822;1.0011864219189068;1.0008140565800563;1.0004110786047824;1.0001933570839507;0.9999470010125123;1.0;0.999949676810722;1.0000350859022358;1.0000142212198322;1.0;1.0018725035871767;0.999944953936245;0.9999957728434261;1.0;1.002015564845099;1.024999976158142;
2016-05-12 02:15:00;1.0;0.9999922783421972;1.0;0.9999971702938663;0.9999552551617638;0.9999968532003731;1.0020782604866076;0.9999959882125429;0.9999693660064413;1.0;0.999997867296014;1.0020377880792284;1.0020440418546968;0.99999540791351;0.9999977639573868;1.0;0.999998561120023;0.9999538779873359;1.0006846973513297;0.9999931629441914;0.9999961050914575;1.0;0.9999988428164868;1.0020753774780045;1.0020799556721747;1.0;0.9999999999999999;0.9999973953736063;1.001158876815835;1.00078429979693;1.0003868161345688;1.000181980591035;0.9999595860044024;1.0;0.9999441455379167;1.0000331205122186;1.0000135520392281;1.0;1.0018902106376932;0.9999580970229629;0.9999970597165236;1.0;1.0020406801930966;1.024999976158142;
2016-05-12 02:30:00;1.0;0.999992567718087;1.0;0.9999973351418571;0.9999484793365243;0.999996666873281;1.0020807254715585;0.9999954552250788;0.9999644544851025;0.9999999999999999;0.9999984273783149;1.0020387889042812;1.00204500657774;0.9999951364825838;0.9999978466537013;1.0;0.999998649857094;0.9999468600987694;1.0006852788334981;0.9999920663265878;0.9999954185369835;1.0;0.9999988912517436;1.0020778902262026;1.0020823889986425;1.0;1.0;0.9999972415596058;1.0011645677318193;1.0007874661316207;1.0003866589912092;1.0001779060972493;0.9999537304609292;1.0;0.9999441902120897;1.000021040001632;1.0000067239134982;1.0;1.0018924852970994;0.9999519949716662;0.9999965421254714;1.0;1.002041681021038;1.024999976158142;
2016-05-12 02:45:00;1.0;0.9999937250951653;1.0;0.9999972524908342;0.9999455567106768;0.9999961398451884;1.0020666636211364;0.9999946106731921;0.999961408739745;1.0;0.9999988755936493;1.0020274265077453;1.002033446615494;0.9999947682916728;0.9999981774036009;1.0;0.999998768063978;0.9999440938648586;1.0006807693744868;0.9999913862805863;0.9999958505360645;1.0;0.9999989893491352;1.002064117137921;1.0020681265635558;1.0;1.0;0.9999968904094588;1.0011637624166785;1.0007904048923502;1.0003873805113754;1.000176094113543;0.9999510587507092;1.0;0.999948852119651;1.0000146125211922;1.0000031427495104;1.0;1.0018796452141954;0.9999492946433273;0.9999968712252093;1.0;1.002030289503137;1.024999976158142;
2016-05-12 03:00:00;0.9999999999999999;0.9999924238797344;1.0;0.9999971039215209;0.9999497959230137;0.9999961478372568;1.0020569042548189;0.999994748399502;0.9999640504016652;1.0;0.9999985590960205;1.002018313735662;1.0020248150688538;0.999994581584821;0.9999978020487116;1.0;0.9999987704903036;0.9999487527368617;1.000677949932079;0.9999919760983179;0.9999970494145932;1.0;0.9999990205641646;1.0020543497362335;1.002058317056649;1.0;1.0;0.999996856117807;1.0011919249790004;1.0008229148171415;1.0004169595944314;1.0001974226334187;0.9999542294699209;0.9999999999999999;0.9999545032250907;1.0000395077551278;1.0000169030397728;1.0;1.0018706985699817;0.9999527165938256;0.9999977724220057;1.0;1.002021350641138;1.024999976158142;
2016-05-12 03:15:00;0.9999999999999999;0.9999922800798071;1.0;0.9999965668483185;0.9999405287176828;0.999995737780089;1.0020576963465304;0.9999943549945132;0.9999586258663181;1.0;0.9999979353126897;1.002015581063665;1.0020213933355286;0.9999942157801154;0.9999977574553316;1.0;0.9999983296493372;0.9999387135535467;1.0006775670723047;0.9999907642087159;0.9999948480010479;0.9999999999999999;0.9999986414848866;1.0020546904881833;1.0020595265223224;1.0;1.0;0.9999965628185704;1.001196744542287;1.000830940428852;1.0004210375682046;1.0001999425671635;0.9999466621488907;1.0;0.9999598704343955;1.000041677919909;1.000018823818223;1.0;1.0018716103964422;0.9999446692275838;0.9999961157955088;1.0;1.0020182296802442;1.024999976158142;
2016-05-12 03:30:00;1.0;0.9999943032150427;1.0;0.9999970943254881;0.9999521646280793;0.999996391152079;1.0020550615526458;0.9999952853947046;0.9999665683004385;1.0;0.9999982545164278;1.002017614297942;1.002023247340216;0.9999953047864719;0.9999983461162292;1.0;0.999998614637308;0.9999507169609907;1.0006770056618925;0.9999925379615038;0.9999959041478604;0.9999999999999999;0.9999988773220624;1.0020524445018884;1.0020566207314934;1.0;1.0;0.9999971320532292;1.0011944712975516;1.000828258710654;1.0004205293273183;1.000200357612651;0.9999571652831708;1.0;0.9999580867256889;1.0000436056492568;1.0000198369709663;1.0;1.0018691249079328;0.999955562243205;0.9999969082977604;1.0;1.0020203055474064;1.024999976158142;
2016-05-12 03:45:00;1.0;0.9999859178757301;1.0;0.9999970334312724;0.9999402579123412;0.9999961890607357;1.0020674463357695;0.9999945078089474;0.9999577969918776;1.0;0.9999983664897618;1.0020248381051904;1.002031665694126;0.9999931795026628;0.9999959252889846;1.0;0.9999986943458055;0.9999392668838177;1.000681465504779;0.9999905793273174;0.9999971918807794;0.9999999999999999;0.9999989680934661;1.0020645907106696;1.0020689908084204;1.0;1.0;0.9999965853282397;1.0011940350987671;1.000821296920063;1.0004154768220537;1.0001961495698295;0.999944449863585;1.0;0.9999512513701483;1.0000376438721301;1.0000163325700293;1.0;1.0018801811707423;0.9999427694244526;0.9999978809266855;1.0;1.0020276047246277;1.024999976158142;
2016-05-12 04:00:00;1.0;0.9999901125643252;0.9999999999999999;0.9999970743306024;0.9999509612895859;0.9999961491108205;1.0020542298561788;0.9999946974450583;0.9999644409070557;1.0;0.9999984958306445;1.0020167943830678;1.0020235655140108;0.999994091857069;0.9999971275332666;1.0;0.9999988472769202;0.9999503456486062;1.0006774423020073;0.999992063074006;0.9999982525245774;1.0;0.9999991071429818;1.0020517548957988;1.0020555266823779;1.0;1.0;0.9999967555710804;1.0011849774066885;1.0008104124650343;1.0004115309254782;1.0001943516854246;0.9999544284378845;1.0;0.9999450900573453;1.0000374822440847;1.0000157829103498;0.9999999999999999;1.0018681351874121;0.999953100838379;0.9999986820620094;1.0;1.00201981774514;1.024999976158142;
2016-05-12 04:15:00;1.0;0.9999905448503568;1.0;0.9999971076675425;0.9999622726118927;0.9999965446617926;1.0020321026303052;0.999995515308214;0.9999722748338361;0.9999999999999999;0.9999980967610982;1.0019977076028954;1.0020046328091312;0.9999947241370465;0.999997258068349;1.0;0.9999988914519032;0.9999621104401952;1.000670530238983;0.9999938130945166;0.9999995413860251;1.0;0.9999991715015555;1.0020297374263332;1.0020333043573475;1.0;1.0;0.9999970959324573;1.0011730855589012;1.0008026418377969;1.000407431398629;1.000192051295087;0.9999642824461954;1.0;0.999946185304821;1.0000360103527222;1.000014743716675;1.0;1.001847933160828;0.9999633779472143;0.9999996535214041;1.0;1.0020008466485417;1.024999976158142;
2016-05-12 04:30:00;0.9999999999999999;0.9999915567281321;1.0;0.9999973244523135;0.9999627650980973;0.9999967105580482;1.0020411673521192;0.9999956739178804;0.9999727503229822;1.0;0.9999983499199633;1.0020081479353669;1.0020146321165673;0.9999950595394871;0.9999975507384331;1.0;0.999998965485097;0.9999624803078703;1.0006734059710087;0.9999939190639621;0.9999991968817423;0.9999999999999999;0.9999992174741379;1.0020389328815298;1.0020423138179122;1.0;1.0;0.9999972517467822;1.0011763172866606;1.000808192465593;1.0004083041086547;1.0001926487536752;0.9999650361755414;1.0;0.9999512513701483;1.0000366487383165;1.0000154114294666;1.0;1.0018561812226008;0.9999640954065815;0.9999993927327424;1.0;1.002011115313193;1.024999976158142;
2016-05-12 04:45:00;1.0;0.9999953150590372;1.0;0.9999973684009391;0.9999677095775097;0.999996762261252;1.0020331647431862;0.9999959361461951;0.999976273607169;1.0;0.9999983791830784;1.0020012273439323;1.0020075497285519;0.9999959584354872;0.9999986387751374;1.0;0.999998958771019;0.9999672532061004;1.0006706211186338;0.9999947060591539;0.9999987115873552;1.0;0.9999992004944771;1.0020310003251978;1.0020343164213226;1.0;0.9999999999999999;0.9999974658675701;1.0011742938943653;1.0008068011382603;1.0004090389624452;1.000193569342494;0.9999703366875801;0.9999999999999999;0.9999503820066433;1.0000384467311174;1.000016120761708;1.0;1.0018490071036308;0.9999694327850428;0.9999990268072707;1.0;1.002004366400605;1.024999976158142;
2016-05-12 05:00:00;1.0;0.9999922783421972;1.0;0.9999976889945009;0.9999610302576087;0.9999970667399003;1.0020451229181029;0.9999960026678819;0.9999721423532101;1.0;0.999998683547556;1.002009391654031;1.002015933858016;0.9999954889362302;0.9999977639573868;0.9999999999999999;0.9999990226312716;0.9999603747896078;1.0006743572644765;0.9999937835118984;0.9999981407334849;1.0;0.9999992336058201;1.00204279775762;1.00204634668903;1.0;1.0;0.9999975274574282;1.001185109180472;1.0008143485488827;1.0004084461602714;1.000186906810143;0.9999640041498039;0.9999999999999999;0.9999529900510764;1.0000191401758183;1.0000053678686103;1.0;1.001859864849509;0.9999628939137442;0.9999985982027575;1.0;1.0020124418479852;1.024999976158142;
2016-05-12 05:15:00;1.0;0.9999929299489978;1.0;0.9999978584845703;0.999958798990456;0.9999970381553563;1.0020930046306729;0.999995812279237;0.9999704561097463;1.0;0.9999990682319526;1.0020563247385608;1.002063002020228;0.999995510715786;0.9999979484213364;1.0;0.9999991146175401;0.9999580408186594;1.0006900189264285;0.9999934066154799;0.999997852790051;1.0;0.9999992942081409;1.002090726960845;1.0020941871938838;1.0;1.0;0.9999975162638802;1.0012023448037084;1.0008232679508828;1.0003991988580336;1.000169979023163;0.9999621917092981;1.0;0.9999579668872545;0.9999804275451785;0.9999832738516424;1.0;1.0019034084941834;0.9999609876705368;0.9999983798651181;1.0;1.0020594930732105;1.024999976158142;
2016-05-12 05:30:00;0.9999999999999999;0.9999902546237744;0.9999999999999999;0.9999980651699847;0.9999623312113938;0.9999973310894866;1.0020845344205973;0.9999960918791133;0.9999725285205465;1.0;0.9999991487945064;1.0020501853035835;1.0020570434743972;0.9999952181356552;0.9999971786288664;1.0;0.9999993001509263;0.9999621184545989;1.0006876655767403;0.999993869765441;0.9999993984663151;0.9999999999999999;0.9999994692096077;1.0020824481569046;1.0020855145013072;1.0;1.0;0.9999976103276469;1.0011913749535686;1.000811613909627;1.0003917369347346;1.0001651524153141;0.9999643532932397;1.0;0.9999546092865219;0.9999758219461927;0.9999808216772452;1.0;1.001895513933368;0.9999634354284158;0.9999995456927157;0.9999999999999999;1.002053268569099;1.024999976158142;
2016-05-12 05:45:00;1.0;0.9999915567281324;0.9999999999999999;0.9999971183058868;0.9999661522747358;0.999996694261595;1.0020971212967684;0.9999958576977078;0.9999751627559045;1.0;0.9999979430994029;1.0020673141735148;1.0020732170083586;0.9999951455390687;0.999997550738433;1.0;0.9999988722473852;0.999965990102409;1.000691895987808;0.9999944577860406;0.999999541092196;1.0;0.9999991573449307;1.0020949564107102;1.002098260323732;1.0;1.0;0.9999972608067814;1.0011948926861673;1.0008089399168631;1.0003904713833782;1.0001637872781066;0.999967982271721;0.9999999999999999;0.9999484033217791;0.9999733936837001;0.999980226275554;1.0;1.0019069694462734;0.9999671646143911;0.9999996532919243;1.0;1.0020699629268395;1.024999976158142;
2016-05-12 06:00:00;0.9999999999999999;0.9999928579407176;1.0;0.999997701786972;0.9999638534781309;0.9999971551201711;1.0020827739887341;0.9999962025386617;0.9999741211641018;1.0;0.9999986056943023;1.002049729422373;1.0020557856578447;0.9999957304714064;0.9999979260929427;1.0;0.9999990271812119;0.9999632577374796;1.0006867595855133;0.9999942254467925;0.9999983122467623;1.0;0.9999992411477123;1.0020805769916947;1.0020839425452033;1.0;1.0;0.9999976242079104;1.0012028279983591;1.0008245509752243;1.000404029469062;1.0001748222177944;0.9999665979603571;1.0;0.9999563033602665;0.9999885936320524;0.9999885077807568;1.0;1.0018940338083315;0.9999655720577216;0.999998726985798;1.0;1.0020525520709846;1.024999976158142;
2016-05-12 06:15:00;1.0;0.9999925685668355;1.0;0.9999978819034979;0.9999661255260837;0.9999974007071426;1.0020844733681897;0.9999964996171962;0.9999757672322052;0.9999999999999999;0.9999986885807487;1.002050364482105;1.0020568479689262;0.999995903817047;0.9999978433967994;1.0;0.9999991060421458;0.9999656293344013;1.0006874047731793;0.9999945929819473;0.9999985976185168;1.0;0.9999993062570802;1.0020822553422695;1.0020856195926624;0.9999999999999999;1.0;0.9999977889823273;1.0011898547326934;1.0008124350375787;1.0003934971978663;1.0001689763511212;0.9999685100808435;1.0;0.9999559885161865;0.9999850073327837;0.9999860971215283;1.0;1.0018955712442223;0.9999675742838008;0.9999989412441493;0.9999999999999999;1.00205340148472;1.024999976158142;
2016-05-12 06:30:00;1.0;0.9999939426752928;1.0;0.9999970037001754;0.9999571653991823;0.9999960921110906;1.0021839693192334;0.9999948814688867;0.9999686212218679;1.0;0.9999984156425751;1.002107252451342;1.002124041329994;0.9999949316962373;0.9999982378344425;1.0;0.9999988259302269;0.9999565083700014;1.0007202781732594;0.9999929970626077;0.9999981390635041;0.9999999999999999;0.9999990885066743;1.0021794924213714;1.0021860870511086;1.0;1.0;0.9999969012287915;1.0012637384498881;1.000869453168294;1.0004272814591018;1.0001870246074767;0.9999607353366415;1.0;0.9999572479035314;0.9999945743410567;0.9999812367113323;1.0;1.0019868480207528;0.999959518073632;0.9999985958628789;1.0;1.0021160313832504;1.024999976158142;
2016-05-12 06:45:00;0.9999999999999999;0.9999917013741102;0.9999999999999999;0.9999971914556788;0.9999584838377927;0.99999653164602;1.002190673617739;0.9999954237168248;0.9999700222143096;1.0;0.9999982865223085;1.002076467293645;1.0021023631661978;0.9999949030320282;0.9999975920748126;1.0;0.9999988495165129;0.999957906449119;1.0007227957362739;0.9999933098288019;0.9999983671699562;1.0;0.9999991114762707;1.0021842414583408;1.0021935732320217;1.0;1.0;0.999997125009;1.0012338035202113;1.0008280686912578;1.0003946022208219;1.0001623674977684;0.9999614960516321;1.0;0.9999417322052894;0.999963777448563;0.9999551674918945;1.0;1.0019935724503943;0.9999603535972945;0.9999987671235558;1.0;1.0020900825229748;1.024999976158142;
2016-05-12 07:00:00;0.9999999999999999;0.9999911964501298;1.0;0.999996919690243;0.9999583990929073;0.9999962497014464;1.0022388830336928;0.9999951355773669;0.9999696284069028;1.0;0.9999980574317768;1.002127597351364;1.0021530311685225;0.999994561419194;0.9999974425316606;0.9999999999999999;0.9999987869818113;0.9999579932823918;1.0007387940744807;0.9999932216819808;0.9999988526933649;1.0;0.9999990774115782;1.0022325561829402;1.002241730037622;1.0;1.0;0.9999969057771221;1.0011826204095133;1.0007674394743675;1.0003360292445749;1.0001230354754007;0.9999611363964962;1.0;0.9999324978928659;0.9999233701642153;0.9999328369550465;0.9999999999999999;1.00203730580758;0.9999600519486366;0.9999991332266243;1.0;1.0021409235480516;1.024999976158142;
2016-05-12 07:15:00;1.0;0.9999841147349219;1.0;0.9999905196112574;0.9998426442265954;0.9999844216242877;1.002523081553906;0.9999781082968736;0.9998782139695893;1.0;0.9999987934221399;1.0023043411110084;1.0023552392295834;0.9999806836109564;0.9999953872404377;1.0;0.999997482367063;0.9998421389250298;1.0008331839627975;0.9999727922751578;0.9999985240123626;1.0;0.9999981087902893;1.0025114031332265;1.002528011062753;1.0;1.0;0.9999878056350558;1.001163931374687;1.0007188317660833;1.0002467610582044;1.0000649715556746;0.9998545121941782;1.0;0.9999352706909744;0.999868168400965;0.9998773763321237;1.0;1.0022974776156068;0.9998506219401827;0.9999988850871483;1.0;1.0023311301954276;1.024999976158142;
2016-05-12 07:30:00;1.0;0.9999130211185204;1.0;0.9999896319628178;0.9997148715474456;0.9999834115175605;1.0027081720719837;0.9999728970075354;0.999791934916895;1.0;0.9999982614050891;1.0024638161099895;1.0025130185366573;0.9999634258954758;0.9999747332752892;1.0;0.999996868031875;0.9997145163801484;1.000894395856186;0.999953476901693;0.9999988469250067;1.0;0.9999976664567513;1.0026945075561084;1.0027139252370716;1.0;1.0;0.9999836037072625;1.0012535571542738;1.0007759435108565;1.0002718788524672;1.0000774992386992;0.9997266015462433;1.0;0.9999286302907081;0.9998723817970264;0.9998902600309442;1.0;1.0024643656530605;0.9997201642024263;0.9999991248078052;1.0;1.0024847312426384;1.024999976158142;
2016-05-12 07:45:00;1.0;0.9999883078917146;1.0;0.9999908213532521;0.9998779318048837;0.9999864875836757;1.0025274251304723;0.9999820507824905;0.999905389173912;0.9999999999999999;0.9999969774711396;1.0023127913515208;1.002363245059331;0.9999841748897793;0.9999965960575715;1.0;0.9999972331844275;0.9998775351984559;1.0008347061704208;0.999978865200687;0.9999988479713925;1.0;0.9999979327350198;1.0025155100603138;1.002532634711415;1.0;1.0;0.9999896149882816;1.0011193004803858;1.0006687260745504;1.0002001699872938;1.0000289820061405;0.9998872421493475;0.9999999999999999;0.9999284494225587;0.9998218821616884;0.999851096791046;1.0;1.0023015208897068;0.9998842171016822;0.9999991281967753;0.9999999999999999;1.002339626236372;1.024999976158142;
2016-05-12 08:00:00;1.0;0.9999876571865534;0.9999999999999999;0.9999903578898821;0.9998694064529373;0.9999857964953208;1.002610314407421;0.9999810975556733;0.9998991888203409;1.0;0.9999968359974777;1.0022877358341569;1.0023642587250825;0.9999833385244292;0.9999964083493942;1.0;0.9999970476603882;0.9998688076129962;1.0008624490102536;0.9999774801974912;0.9999982735908652;1.0;0.9999977818016673;1.002592820341106;1.0026178207244465;1.0;1.0;0.9999890781569858;1.0011386382432106;1.0006682739886923;1.000170894261486;0.9999882151471946;0.9998795960887815;1.0;0.9999316873553749;0.9997386754885946;0.9997784226903048;0.9999999999999999;1.0023788445353379;0.9998763021187864;0.9999986947808257;1.0;1.0023288121721743;1.024999976158142;
2016-05-12 08:15:00;0.9999999999999999;0.9999783362922303;1.0;0.9999931004627475;0.9998733992821607;0.9999889437741385;1.0026575467556336;0.9999840115426345;0.9999036702092076;1.0;0.9999987920117724;1.0023405860271726;1.002415531462159;0.9999839780555846;0.9999937008904034;0.9999999999999999;0.9999980863740384;0.9998731865442875;1.000878056034813;0.9999784814267837;0.9999993665394913;1.0;0.9999985745239037;1.0026408477074231;1.0026644274036545;1.0;1.0;0.9999908640209944;1.0011471179054419;1.0006735008192809;1.0001708158871434;0.9999921279150894;0.9998813300109237;1.0;0.9999333508070313;0.9997511752648062;0.9997881347991192;1.0;1.002421212970034;0.9998783275415856;0.9999995207268044;1.0;1.0023801497749076;1.024999976158142;
2016-05-12 08:30:00;1.0;0.9999885972577898;1.0;0.9999930856126588;0.9998821053471224;0.9999883945665994;1.0027384020797498;0.9999835671909932;0.9999085777493258;0.9999999999999999;0.9999994016891951;1.002369482665359;1.002458164914696;0.999985631709157;0.9999966787530763;1.0;0.9999982245226463;0.9998817516840615;1.0009047693368882;0.999979579512078;0.9999989713162022;1.0;0.999998666474763;1.0027192785834511;1.0027462152667759;1.0;0.9999999999999999;0.9999909251023018;1.0010622060853447;1.0005154090010169;1.0000731631998698;0.9999317900655605;0.9998910466410367;1.0;0.9998321236431168;0.9997004886326871;0.9997447680070635;1.0;1.0024958714499914;0.9998881349542605;0.9999992230797109;0.9999999999999999;1.0024172872147565;1.024999976158142;
2016-05-12 08:45:00;1.0;0.9999881615358281;1.0;0.9999935929461249;0.9999014298528306;0.9999904638325591;1.0027063023244438;0.9999869722462736;0.9999252455938233;1.0;0.9999980093564818;1.0023206790188834;1.0024125977877179;0.9999879420927782;0.9999965612256421;1.0;0.9999979546119926;0.9999007008075989;1.0008939460084998;0.9999833054525362;0.9999979203551264;1.0;0.9999984411976091;1.0026858959375093;1.0027148700096327;1.0;1.0;0.9999924911139482;1.001074500824143;1.0005561696606302;1.0000702703924431;0.9999074948883602;0.9999090552374534;1.0;0.9998854180512851;0.9996309805794785;0.9997022829973478;1.0;1.002467088004191;0.9999064961180856;0.9999984295524107;1.0;1.0023702291750596;1.024999976158142;
2016-05-12 09:00:00;1.0;0.9999857740877339;1.0;0.9999925866907096;0.9998743394959355;0.9999883755035117;1.0028143376242886;0.999983735819225;0.9999047409491194;0.9999999999999999;0.9999983935543609;1.0024049995040736;1.0025019237953134;0.9999851589343639;0.9999958806966511;1.0;0.9999977236702017;0.9998733102834966;1.0009292651210069;0.9999787249297672;0.9999970577853506;1.0;0.9999982499188326;1.0027927675899893;1.00282339202219;1.0;1.0;0.9999908169144817;1.0010859914164338;1.0005228468391056;1.0000291563118546;0.9998619765953132;0.9998843129930336;1.0;0.9998541159997217;0.9995497660788857;0.9996516585682849;0.9999999999999999;1.0025656301502814;0.9998810132832991;0.9999977806270667;1.0;1.002457129769978;1.024999976158142;
2016-05-12 09:15:00;0.9999999999999999;0.9999866430152555;1.0;0.9999954400208534;0.9999118841164041;0.9999929641201879;1.002781463896868;0.9999898777159626;0.9999347556530916;1.0;0.999998877014809;1.002430340510426;1.0025131337951916;0.9999899280835343;0.9999961255163381;1.0;0.9999984525349549;0.9999108823805484;1.0009179257985013;0.9999854315298286;0.9999971546400193;1.0;0.9999987891005154;1.0027630060782828;1.002789209017978;1.0;1.0;0.9999942171584738;1.0010294307950771;1.0004587345962146;1.0000006866858375;0.9998556861694579;0.9999186795010717;1.0;0.9998240306781069;0.9995688437872342;0.9996762791045039;1.0;1.002534613485738;0.9999162974875028;0.9999978522014271;1.0;1.002474785354772;1.024999976158142;
2016-05-12 09:30:00;1.0;0.9999763820989119;1.0;0.9999935836268145;0.9998705133730728;0.9999896646196139;1.0027584414730197;0.9999847538188706;0.9999028304994304;1.0;0.99999893858764;1.0023304918894442;1.0024317562353442;0.9999842095209133;0.9999931476572147;1.0;0.9999981077264788;0.9998699053611734;1.0009114148358735;0.999978296796478;0.999998255026133;1.0;0.9999985625449749;1.0027360511377477;1.0027676721725887;0.9999999999999999;0.9999999999999999;0.9999912928386387;1.0010627604408766;1.0005178265343684;1.0000568561849998;0.9999102958055869;0.999878853632069;1.0;0.9998466522417311;0.9996577000717333;0.9997096386461958;1.0;1.0025148797981318;0.9998756675898386;0.9999986816306923;1.0;1.0023843464803455;1.024999976158142;
2016-05-12 09:45:00;1.0;0.999985705548539;1.0;0.9999871588951196;0.9998042979570316;0.9999789870920521;1.00283488471804;0.9999710303502528;0.9998466921965514;1.0;0.9999982763365395;1.0024397421310527;1.002534322188745;0.9999756391637863;0.9999958453632746;1.0;0.9999966837112221;0.999803872303975;1.000937023876422;0.9999657388141394;0.9999987184870694;1.0;0.9999975256773234;1.0028140868564799;1.0028435132933307;1.0;1.0;0.99998389003141;1.0011165784421354;1.0005587155233735;1.0000823196203665;0.9999254515328261;0.9998196764151395;1.0;0.9998453625162863;0.9996691297484599;0.9997214895035498;1.0;1.0025841696983044;0.9998148637031685;0.9999990300888136;0.9999999999999999;1.0024905792409207;1.024999976158142;
2016-05-12 10:00:00;1.0;0.9999923512402934;1.0;0.9999885251535969;0.9998254319924761;0.999981098757163;1.0028400783441878;0.9999740589917403;0.9998634344430185;1.0;0.9999985841806435;1.0025415096193575;1.0026121443183262;0.9999792092493184;0.9999977830405754;0.9999999999999999;0.999996939339926;0.9998244947546973;1.0009373318319634;0.9999694931314398;0.9999972947362962;1.0;0.9999976782304181;1.0028242770831053;1.002846777644669;0.9999999999999999;1.0;0.999985761273047;1.0010500150697297;1.0004578934642463;1.000031978850615;0.9999036267817331;0.9998405930051124;0.9999999999999999;0.9997836791693309;0.9996712829288968;0.999745336816975;1.0;1.0025872062838546;0.9998360835799659;0.999997959400078;1.0;1.0025796880420543;1.024999976158142;
2016-05-12 10:15:00;1.0;0.999990329042495;0.9999999999999999;0.9999900863402633;0.9998475597673937;0.9999839362389328;1.0029352825311912;0.9999779226845479;0.999881520467943;1.0;0.9999984696095504;1.0025826359599057;1.002666532422426;0.9999816729030377;0.9999971911466543;1.0;0.999997275070726;0.9998467296593742;1.0009689788930438;0.9999735316327136;0.9999976083572415;0.9999999999999999;0.9999979332132121;1.0029166882886247;1.0029430921320859;1.0;1.0;0.9999877563120603;1.001046123163979;1.0004378030503913;0.9999719192887453;0.9998352209906188;0.999860352692105;1.0;0.9997986856358246;0.9995465698568228;0.999661934970694;1.0;1.0026746219705112;0.9998564301217838;0.9999981934642516;1.0;1.0026279403374192;1.024999976158142;
2016-05-12 10:30:00;1.0;0.9999897497081365;1.0;0.99999426617606;0.9998942392023431;0.9999911301204182;1.0028236427079136;0.999987557513215;0.9999218962985243;1.0;0.9999986180142106;1.0023945798021527;1.002495307897641;0.9999887772643443;0.999997029086358;1.0;0.9999979562802083;0.9998924241222349;1.0009316623705855;0.9999825575168757;0.9999948327161859;1.0;0.9999983662720096;1.0028010550296946;1.0028332474953132;0.9999999999999999;1.0;0.9999930118630955;1.0009751924958272;1.0004074929370619;0.9999621445593487;0.9998484386349531;0.9999040270072921;1.0;0.9998187404686488;0.9995988205949279;0.9996752185711449;1.0;1.0025746091607215;0.9999009229064667;0.9999961038112727;1.0;1.0024490695758206;1.024999976158142;
2016-05-12 10:45:00;0.9999999999999999;0.999991846060898;1.0;0.9999952739340281;0.9998938121930534;0.9999933017417201;1.0029325684543604;0.9999906061164389;0.9999266672482223;1.0;0.9999981542973168;1.0025372516193276;1.0026257041365574;0.9999914321912101;0.9999976334228747;1.0;0.9999975449920686;0.9998898368096355;1.000965201567872;0.9999836232281024;0.9999887315138926;1.0;0.9999979116193227;1.0029113102710674;1.0029421551407132;1.0;1.0;0.9999946918277541;1.0010460778186203;1.0004377349138518;0.9999963957177103;0.9998736652937569;0.9999065087183763;1.0;0.9997828853413021;0.9996303849612029;0.9997048277546219;1.0;1.0026732661471904;0.9999026684150216;0.9999914961604621;1.0;1.002585158721343;1.024999976158142;
2016-05-12 11:00:00;1.0;0.9999946651855096;1.0;0.9999921879687682;0.9998796045048385;0.9999885913312795;1.0028981532447079;0.9999848575084537;0.9999109397843177;1.0;0.9999973215042062;1.0025008793611236;1.0025927486707484;0.9999875569956825;0.9999984478088536;1.0;0.9999970697635816;0.9998770067433217;1.0009553231187156;0.9999801084351315;0.9999925963081489;1.0;0.9999976579251524;1.0028767717795808;1.002907590368315;1.0;1.0;0.9999914220519484;1.0010108896914418;1.000416944120563;0.9999704479863506;0.9998520170418709;0.9998923623404108;1.0;0.9997981482172332;0.9995992585939235;0.9996834603626793;1.0;1.0026420279936006;0.9998886068989957;0.9999944200745036;1.0;1.0025508539130972;1.024999976158142;
2016-05-12 11:15:00;1.0;0.9999927132538404;1.0;0.9999937188354749;0.9999077671209199;0.9999911752158257;1.0028054882003723;0.999988364895232;0.9999316750729971;1.0;0.9999974322292547;1.0024207366283955;1.0025111308829175;0.9999897865584555;0.9999978847448795;1.0;0.9999976538386324;0.9999061096943072;1.0009256000378395;0.999984742512429;0.9999952913338963;1.0;0.9999981543950456;1.0027848836389146;1.002814400088516;1.0;1.0;0.9999932459639163;1.000979621349187;1.000407195673371;0.9999783150539261;0.999866582055614;0.9999166456343399;1.0;0.9998033015109641;0.999631681770508;0.9997035960339297;1.0;1.0025574134497892;0.9999139024642255;0.9999964472627141;1.0;1.0024697680800245;1.024999976158142;
2016-05-12 11:30:00;1.0;0.9999906904232815;0.9999999999999999;0.9999928836691895;0.9999082724635168;0.9999909535478939;1.0028678869976253;0.9999885926617395;0.999932959936521;0.9999999999999999;0.9999959706526826;1.0024406873606027;1.0025408948726295;0.9999894165217761;0.9999972961708928;1.0;0.9999971296965147;0.9999064665014019;1.0009462637656472;0.9999850289790844;0.9999948623161165;1.0;0.9999977576255553;1.0028446839373746;1.0028780403899422;0.9999999999999999;0.9999999999999999;0.9999930492692445;1.0009827223850665;1.0003784697881932;0.9999584276648763;0.9998500620376686;0.9999169652521251;1.0;0.9997713753011853;0.9996092704154868;0.9996815401949141;1.0;1.0026149280001495;0.9999142002248688;0.9999961255767982;1.0;1.0024949557375025;1.024999976158142;
2016-05-12 11:45:00;1.0;0.9999939426752928;1.0;0.9999903620882359;0.9998965567823955;0.9999881813360112;1.002960307568636;0.9999858294176837;0.9999238054359566;1.0;0.9999940377638173;1.0025042539511375;1.002610998933979;0.999987748236924;0.9999982378344426;1.0;0.9999961092563828;0.999894338806351;1.0009766506050601;0.9999829805378941;0.9999936777498382;1.0;0.9999969765483523;1.0029350787516118;1.0029715831469543;1.0;1.0;0.9999912367107866;1.0011021127016693;1.0004822205098765;1.0000271944663992;0.9998848567527837;0.9999072731146339;1.0;0.9997822893871825;0.9996231675339331;0.999682527638983;1.0;1.0026997228021906;0.9999040611938825;0.9999952330797974;1.0;1.0025623303641404;1.024999976158142;
2016-05-12 12:00:00;1.0;0.9999853424479592;0.9999999999999999;0.9999869957780155;0.9999240759172985;0.999987436196832;1.0029058114218674;0.9999872778129555;0.9999441727719326;1.0;0.9999879633013444;1.0024977601142884;1.00259417959609;0.9999864773658115;0.9999957468426113;1.0;0.9999944891259995;0.9999233560273928;1.000960111188529;0.9999875294200455;0.9999979370773732;1.0;0.999995887343857;1.0028815121805748;1.0029170908573495;1.0;1.0;0.9999905691397895;1.001081801818977;1.0004748244363675;1.0000333024295578;0.9998974287456848;0.9999292694365848;1.0;0.9997823199872918;0.9996515043372757;0.9997098158553388;1.0;1.002649276059797;0.9999272871078726;0.9999984412614736;1.0;1.0025495816254193;1.024999976158142;
2016-05-12 12:15:00;1.0;0.9999868585987002;1.0;0.9999879642808095;0.9998831346096552;0.999985014461429;1.0029531916546555;0.999981836130613;0.9999103202924495;1.0;0.9999928146728345;1.00260797258144;1.0026897944552455;0.9999832837208358;0.9999961923740189;1.0;0.9999957292357661;0.9998825879063251;1.0009752217607477;0.9999799669677079;0.9999984174969306;1.0;0.9999968136179471;1.0029334509551762;1.0029620493626938;1.0;0.9999999999999999;0.9999886478428559;1.0011055185620865;1.0004928513778306;1.0000415152625368;0.9999019767745763;0.9998919406581759;1.0;0.9997853479813306;0.9996554171488171;0.9997262215853095;0.9999999999999999;1.002690913777044;0.9998890058214173;0.9999988043569803;1.0;1.0026519008822146;1.024999976158142;
2016-05-12 12:30:00;1.0;0.9999877266341863;1.0;0.9999846625467776;0.9998192517713944;0.9999841923764198;1.0030829438021354;0.9999824303620728;0.9998790467393904;1.0;0.9999870373825146;1.002692046627004;1.0027695727608312;0.999983382650089;0.9999964404387439;1.0;0.9999918655191619;0.9998108473944863;1.0010113747095306;0.999972973906772;0.999976043663103;1.0;0.9999934145093109;1.0030582815788895;1.0030961178426248;0.9999999999999999;1.0;0.9999881563772517;1.001174300183377;1.0005261690923508;1.0000511616971381;0.9998953203295577;0.9998430437278603;1.0;0.9997706426886436;0.99962237325792;0.9997116349500197;1.0;1.002810990878718;0.9998359571706322;0.999981946311814;1.0;1.0027336801263678;1.024999976158142;
2016-05-12 12:45:00;1.0;0.9999920627556328;1.0;0.9999888860399831;0.9998467564501115;0.9999883959378405;1.0031112375354927;0.9999868059693191;0.9998991539645274;0.9999999999999999;0.9999907992556538;1.0026278472507117;1.0027296656200695;0.9999878696735107;0.999997697099114;0.9999999999999999;0.9999936680926297;0.9998387542210625;1.001021425306135;0.999977467608244;0.9999772456693323;0.9999999999999999;0.9999947714676157;1.003082962680413;1.0031253427739064;1.0;0.9999999999999999;0.9999913123700512;1.0011488503588162;1.000481106083689;1.000012607417432;0.9998634184639923;0.9998683539400816;1.0;0.9997510857666968;0.999578530041371;0.9996623410674189;1.0;1.0028382475336934;0.9998620372261964;0.9999828399292193;1.0;1.002683094268369;1.024999976158142;
2016-05-12 13:00:00;1.0;0.9999961102078839;1.0;0.9999900719714082;0.9998993837135239;0.9999878673169105;1.0029632905587254;0.99998564535374;0.9999254734298568;1.0;0.9999938109805201;1.0025436916232293;1.0026417691372964;0.9999879832419507;0.9999988677577386;1.0;0.9999960220529551;0.9998971977024936;1.0009774837714538;0.9999833527953942;0.9999937854207098;1.0;0.9999969145107156;1.00293988189263;1.002973855389114;0.9999999999999999;0.9999999999999999;0.9999911182000794;1.001075879765529;1.0004350131755595;0.9999980422459476;0.9998624791847861;0.9999101523918251;1.0;0.9997521331076481;0.9995944352630761;0.9996745143479944;1.0;1.002701841825964;0.9999070047304589;0.9999953088244926;1.0;1.0025971689388025;1.024999976158142;
2016-05-12 13:15:00;1.0;0.9999922800798071;1.0;0.9999848173504684;0.9998803291604982;0.9999822186037683;1.0029922175139743;0.9999797393613556;0.9999081522566879;0.9999999999999999;0.999989622594388;1.0026886561130957;1.0027595950024806;0.9999823604174469;0.9999977574553316;1.0;0.999994296551385;0.9998792462337112;1.0009875855965054;0.9999794777782958;0.9999968849490651;1.0;0.9999957199496571;1.0029737083301424;1.0030010621667136;1.0;1.0;0.9999869706470212;1.0011602142654394;1.0005459435593493;1.0000749482183682;0.9999195648472763;0.9998908637156945;1.0;0.999796707953085;0.9996635348668197;0.9997407375656541;1.0;1.0027260408306893;0.9998876423862065;0.9999976474517546;1.0;1.002726995021109;1.024999976158142;
2016-05-12 13:30:00;1.0;0.9999960384549675;1.0;0.9999819327774359;0.9998953905926646;0.9999801975107008;1.0029627339743512;0.9999789036230738;0.9999179219620388;1.0;0.999986044897883;1.0026684591479234;1.0027383922400985;0.9999820016670177;0.9999988455040018;1.0;0.9999931106603126;0.9998948729654602;1.0009786027183016;0.999981659114352;0.9999984851347231;1.0;0.9999948854312416;1.0029438308267078;1.0029720262426198;0.9999999999999999;1.0;0.9999858281635946;1.0011358682254867;1.0005161402912175;1.0000542034673505;0.9999003792997865;0.999904529675715;1.0;0.9997850026376564;0.9996325567609147;0.999723742854227;1.0;1.0026993397928066;0.9999018340744337;0.9999988541174607;1.0;1.0027065073973436;1.024999976158142;
2016-05-12 13:45:00;1.0;0.9999969782492534;0.9999999999999999;0.9999929174151391;0.9999231619547045;0.9999908754408856;1.00289475940498;0.9999888577299423;0.9999422829513769;1.0;0.9999961292886697;1.0026047301939285;1.0026728165448315;0.9999907800452515;0.9999991158229548;1.0;0.9999973193064432;0.999921807859427;1.0009545923415675;0.9999871109272283;0.9999961497017197;1.0;0.9999979290776119;1.0028787079729313;1.002901930126858;1.0;1.0;0.9999932934893484;1.0010809035600077;1.0004871989276825;1.0000312400962257;0.999890207564099;0.9999310072108096;1.0;0.9998049090643012;0.9996336560951032;0.9997260376743564;1.0;1.002636896255263;0.9999287065814251;0.9999970948954063;1.0;1.0026418311336849;1.024999976158142;
2016-05-12 14:00:00;1.0;0.9999890989949614;1.0;0.9999932404969774;0.9998713209178862;0.9999905471344529;1.0029929024628363;0.9999871019106416;0.9999091469564612;1.0;0.9999972056871063;1.0026770759700696;1.002745632028695;0.9999882115298607;0.9999968413775693;1.0;0.9999969033148703;0.9998673642063796;1.0009845994215512;0.9999797068248817;0.9999887532557581;0.9999999999999999;0.9999974399339909;1.0029754247491514;1.0030010779257716;1.0;1.0;0.9999925718225675;1.001106603001653;1.0004832889088484;1.0000207422331462;0.9998780818497852;0.9998855374433625;1.0;0.9997851224240678;0.9996120059477623;0.9997143368442947;0.9999999999999999;1.0027266080125858;0.9998811737221459;0.9999915177222239;1.0;1.0027138897012544;1.024999976158142;
2016-05-12 14:15:00;1.0;0.9999929290999477;1.0;0.999992115078598;0.9997795819347415;0.9999891607841879;1.0031366173381544;0.999984811567083;0.9998551039872408;1.0;0.9999966304424207;1.0027584523261381;1.0028271952125476;0.9999872964431011;0.999997951678214;1.0;0.9999945520364577;0.9997676017454235;1.001025375691734;0.9999676206380804;0.9999659723489103;1.0;0.9999951440448401;1.0031147829907257;1.0031483207690075;1.0;1.0;0.9999915639708945;1.0012185990363065;1.0005695326035504;1.0000672063557114;0.9998967983488825;0.9998118746181193;1.0;0.999788540332582;0.9996056880595436;0.9997101119329949;0.9999999999999999;1.002859604513505;0.9998026045874953;0.9999743241469095;0.9999999999999999;1.0027956342596953;1.024999976158142;
2016-05-12 14:30:00;1.0;0.9999910518049457;1.0;0.9999929027644451;0.9998589949083523;0.9999904713401945;1.0030626450896374;0.9999871903267188;0.9999028915847089;1.0;0.9999966123408915;1.002749887318791;1.0028147651601167;0.999988606457349;0.9999974011953336;1.0;0.9999963152891176;0.999853435713356;1.00100607568189;0.999978308935016;0.9999842209403371;1.0;0.9999968941127043;1.0030449681267106;1.0030713111457572;1.0;1.0;0.9999926024571513;1.001099904318857;1.0004519048787137;0.9999642105727646;0.9998124105942149;0.999876476181904;1.0;0.9997818574196895;0.9994899510591778;0.9996485718795833;1.0;1.0027902025415312;0.9998712713148028;0.9999880947580383;0.9999999999999999;1.0027848193174114;1.024999976158142;
2016-05-12 14:45:00;0.9999999999999999;0.9999937245052586;0.9999999999999999;0.9999923735449947;0.9999207925139352;0.9999907149520446;1.0029168722532062;0.9999888602446262;0.9999411410085053;1.0;0.9999951920721796;1.0026610320296163;1.0027202740536074;0.9999900858075472;0.9999981807353837;1.0;0.999996990004472;0.9999194399856224;1.0009615369147404;0.9999868575140707;0.9999961539841545;1.0;0.9999976864546866;1.0029022860288972;1.0029235626511601;1.0;1.0;0.9999930682040495;1.0009389934676358;1.000331247326266;0.9998977315676678;0.9998002913235842;0.9999283299621669;1.0;0.9997792197087335;0.9995414688297065;0.9996829741010615;1.0;1.0026562732885245;0.9999259981632482;0.9999970992485644;1.0;1.002693062207031;1.024999976158142;
2016-05-12 15:00:00;1.0;0.9999958208736147;1.0;0.9999924900756225;0.9998788749953668;0.9999881718009391;1.002915006675301;0.9999839146557001;0.9999085778637047;1.0;0.9999984370593096;1.0026837225132321;1.0027360898135869;0.9999871806792227;0.999998785073164;1.0;0.999997514658235;0.9998768485334196;1.0009602369841568;0.999979581077219;0.999994224804932;0.9999999999999999;0.9999980259241137;1.0029024830918225;1.0029206415318557;1.0;1.0;0.9999911265539861;1.001027977741705;1.0004155589308161;0.9999870052289236;0.9998691606222693;0.9998912020296113;1.0;0.9997707513803786;0.9996294331886472;0.9997393435115096;1.0;1.002654161619076;0.9998876090595161;0.9999956455352792;1.0;1.002712129907198;1.024999976158142;
2016-05-12 15:15:00;0.9999999999999999;0.9999908333331105;0.9999999999999999;0.9999964892847737;0.9999127823084869;0.9999946049135573;1.0028138785479608;0.9999920543874763;0.9999388032671055;1.0;0.999999115513342;1.0025787976908556;1.0026303398955085;0.9999923992969993;0.9999973440096386;1.0;0.9999983299426571;0.9999101200161742;1.0009262257733813;0.9999863358542255;0.9999924387418998;1.0;0.9999985822961052;1.0028012228528949;1.00281962454558;0.9999999999999999;1.0;0.9999955871570064;1.0009894490814553;1.0003880538154295;0.9999708094610132;0.9998507148986466;0.9999221180712957;1.0;0.9997713836726909;0.9995942856058133;0.9997208507787168;1.0;1.0025621834950968;0.9999191795681868;0.9999942992490364;0.9999999999999999;1.0026064079288115;1.024999976158142;
2016-05-12 15:30:00;0.9999999999999999;0.9999797780564698;1.0;0.99999278411523;0.9996784750375366;0.9999884697006236;1.0031426892884658;0.9999814681121756;0.999790798809586;1.0;0.9999989294210033;1.0027816882879166;1.0028343791452352;0.9999827102417774;0.9999941339061842;1.0;0.9999937430877985;0.9996610932885495;1.0010223691772182;0.9999532376588179;0.9999505139443268;1.0;0.9999941688082857;1.0031215472103119;1.0031550055274236;1.0;1.0;0.9999901768829986;1.0012382703155231;1.0005905140399463;1.0000884024651013;0.9999158662289758;0.9997239229527312;1.0;0.9997877490255833;0.999633648320624;0.9997433768642606;1.0;1.0028650405386756;0.9997105031963158;0.9999626803028157;1.0;1.0028091591555575;1.024999976158142;
2016-05-12 15:45:00;1.0;0.9999830320002924;1.0;0.9999926082875177;0.999715802449113;0.9999886708012796;1.0031291294491287;0.9999825694311885;0.9998141007153142;1.0;0.99999833473589;1.002790421197337;1.0028424393507216;0.9999839670801819;0.9999950690720331;0.9999999999999999;0.999994196593468;0.999700731838243;1.0010200913497653;0.9999584402920505;0.9999571502799743;1.0;0.9999946652350115;1.003109291619097;1.003140496349171;1.0;1.0;0.9999905371150728;1.0012537919732207;1.0006214511389901;1.0001146341700824;0.9999400606118252;0.9997557665501874;1.0;0.99980311224739;0.9996709568188823;0.9997647527621779;1.0;1.002852217296583;0.9997439944269935;0.9999676620506885;1.0;1.002817747342108;1.024999976158142;
2016-05-12 16:00:00;1.0;0.999981733135823;1.0;0.9999941841229345;0.9997836371275381;0.9999917796814927;1.002977282071877;0.9999872825598374;0.9998592162332444;1.0;0.9999978163415861;1.002673128243234;1.0027238485992649;0.9999871532750191;0.9999946838935928;1.0;0.9999953640643022;0.999772378463466;1.0009731820719319;0.9999685371948264;0.9999680098082028;0.9999999999999999;0.9999957932051831;1.002959553522684;1.0029870481268437;1.0;0.9999999999999999;0.999992910631123;1.001124576739239;1.000510151248965;1.0000491748920366;0.9999046023410783;0.9998129731134691;0.9999999999999999;0.999787359061754;0.9996509314878764;0.9997549180080274;0.9999999999999999;1.0027130322266333;0.9998041192255117;0.999975863650354;0.9999999999999999;1.0026996510778243;1.024999976158142;
2016-05-12 16:15:00;0.9999999999999999;0.9999833922397595;0.9999999999999999;0.9999932889363023;0.9997395393851801;0.9999894838851654;1.0029260655655277;0.9999835292386439;0.9998284894985976;1.0;0.9999986712050313;1.002682119723518;1.0027143758880226;0.9999848598945642;0.9999951772672946;1.0;0.9999948310231956;0.9997262600680342;1.0009540102809191;0.9999616758167869;0.9999622173841368;1.0;0.9999952585460645;1.002911390447397;1.00293494111014;1.0;1.0;0.9999912362089983;1.001128465588245;1.0005374091487067;1.000066186718119;0.9999142958956073;0.9997753702856058;1.0;0.999813497469643;0.9996570072618025;0.9997762401338943;1.0;1.002665589914131;0.9997647653695886;0.9999715120216438;0.9999999999999999;1.0026986419590505;1.024999976158142;
2016-05-12 16:30:00;1.0;0.9999842602964627;1.0;0.9999954342938644;0.9998987519239215;0.9999930860258505;1.0027122816601999;0.9999898526496532;0.9999271983648915;1.0;0.9999987321050184;1.0025880444665092;1.0026129220487991;0.9999894664333836;0.9999954253420517;1.0;0.999998170808856;0.9998968063823269;1.0008929814483813;0.9999837415582574;0.9999944840609172;1.0;0.9999985152537607;1.0027052209820957;1.0027156745485883;1.0;1.0;0.9999941769634779;1.0009707175880045;1.0003992704725957;0.9999988027346742;0.9998836962032837;0.9999074340421535;1.0;0.9997827990802486;0.9996544261319031;0.9997820298779543;1.0;1.0024676564155042;0.9999044377471853;0.9999958348279536;1.0;1.002600582597314;1.024999976158142;
2016-05-12 16:45:00;1.0;0.999985850190926;1.0;0.9999939654845257;0.9999023382306008;0.9999915001953149;1.0026544629978846;0.9999883984917047;0.9999279154664938;1.0;0.999997563280945;1.0025750934301163;1.0025903744796618;0.9999885311489625;0.9999958866993695;0.9999999999999999;0.9999977988755591;0.9999010821434814;1.0008744356578492;0.9999839010057279;0.9999964299034886;1.0;0.9999982894443644;1.0026494776541397;1.0026570103330943;0.9999999999999999;1.0;0.9999931524672583;1.0008757440428464;1.0003245801614409;0.9999437407735685;0.9998583547142792;0.9999101449282819;0.9999999999999999;0.9997862616019025;0.999650968302659;0.9997893750399627;1.0;1.0024143359249562;0.999907450742369;0.9999973041522485;1.0;1.0025824829458894;1.024999976158142;
2016-05-12 17:00:00;1.0;0.9999851968744451;0.9999999999999999;0.9999894585370588;0.9998089230161425;0.9999867892316182;1.0027637599579875;0.9999827997146911;0.9998693649084522;1.0;0.9999938684630149;1.002618693417308;1.0026374189259075;0.999983989510479;0.9999957087400472;0.9999999999999999;0.9999944553906963;0.9998012751878539;1.0009053507711139;0.9999708125823189;0.9999782220906649;1.0;0.9999953766520224;1.0027535780293597;1.0027701808304308;1.0;1.0;0.999989681737446;1.000952496425068;1.0003921203091997;0.9999738983472608;0.9998705581138323;0.9998323354977435;1.0;0.9998029756119421;0.9996473329117825;0.9997840288644613;1.0;1.0025159081463086;0.9998252632590938;0.9999835829266133;1.0;1.0026279279157866;1.024999976158142;
2016-05-12 17:15:00;0.9999999999999999;0.9999875101997355;1.0;0.9999833068465844;0.999801101227485;0.9999783829380084;1.0029041972371227;0.9999732196006966;0.9998526931661477;1.0;0.9999910731814319;1.0027984192451658;1.0028148352164201;0.9999768470000369;0.9999963768377349;1.0;0.9999935298245173;0.9997972136880774;1.0009550472697268;0.9999670765719154;0.9999888821685106;1.0;0.9999949580969024;1.0028957724641345;1.0029094303016746;1.0;0.9999999999999999;0.9999837764004487;1.0010664015594828;1.0004661493007385;1.0000357856577455;0.999911553758734;0.9998211236035952;1.0;0.9997782725786774;0.9996897193712533;0.9998100024085036;1.0;1.0026426443721579;0.9998150812436079;0.9999916118783151;1.0;1.0028065478734975;1.024999976158142;
2016-05-12 17:30:00;1.0;0.9999674970839315;0.9999999999999999;0.9999829485395347;0.9997192672125154;0.9999744749018687;1.002898058684504;0.9999650330841452;0.9997903066748123;1.0;0.9999949981943944;1.0027853827327458;1.0028023524615322;0.999967420431884;0.9999905577307716;1.0;0.9999942737990885;0.9997158472147151;1.0009535981854503;0.9999531105929558;0.9999901258512944;1.0;0.9999955392706241;1.0028902538510385;1.0029024918966571;1.0;1.0;0.9999797301437346;1.001122272841452;1.0005208006475577;1.0000918867467132;0.9999535720718751;0.9997427643258175;0.9999999999999999;0.9997747486020332;0.9997404331435374;0.9998406395828161;1.0;1.0026365113564375;0.9997350236514098;0.9999925494141162;1.0;1.0027924213563735;1.024999976158142;
2016-05-12 17:45:00;1.0;0.9999745791807176;0.9999999999999999;0.9999882826032194;0.9998174822964383;0.999983711171184;1.0027216214982326;0.9999780674846517;0.999865319141987;1.0;0.9999950438152063;1.002608594970203;1.0026283323513394;0.9999784828607856;0.9999926096809486;1.0;0.9999956953193948;0.9998150208918484;1.000896057725208;0.9999699044764981;0.9999929496799246;1.0;0.9999966543459612;1.0027139895827453;1.0027257762200625;1.0;0.9999999999999999;0.9999869446667332;1.0010573092987836;1.000502841852448;1.0000836309350705;0.9999485337729631;0.9998323623892991;1.0;0.999808071006399;0.9997358282976566;0.9998344400571464;0.9999999999999999;1.0024760999910611;0.999827283664514;0.9999946819822816;1.0;1.0026176420131652;1.024999976158142;
2016-05-12 18:00:00;1.0;0.9999814362529564;1.0;0.9999925031199929;0.9999021126701405;0.9999915888926442;1.0025820858103918;0.9999895778062504;0.9999309318515573;0.9999999999999999;0.9999944405769035;1.0025014739389106;1.0025147494880133;0.9999882739047343;0.9999946305402965;1.0;0.9999966216456155;0.9999000356074765;1.000850021222907;0.9999845761368491;0.9999940894833573;1.0;0.9999973641175669;1.0025760479879187;1.0025855888162012;0.9999999999999999;1.0;0.99999313921221;1.0009747610456143;1.0004455457461714;1.000058398343057;0.9999412123120256;0.9999102183258499;0.9999999999999999;0.999807845142812;0.9997470294629562;0.9998462438988633;0.9999999999999999;1.0023487462045542;0.9999072834127981;0.9999955436655948;1.0;1.0025074637479146;1.024999976158142;
2016-05-12 18:15:00;1.0;0.9999815141257183;1.0;0.9999903901913523;0.9997915175704154;0.9999871056244122;1.0028206554053372;0.999982291159203;0.9998575719936316;1.0;0.9999954545274956;1.0026958687217928;1.0027082738137052;0.9999830746161267;0.9999946300437145;1.0;0.9999948412854929;0.9997833471234755;1.0009235356079607;0.9999681709613035;0.9999767529005137;1.0;0.9999956244371891;1.0028118422240184;1.0028264568633827;1.0;1.0;0.9999896305743364;1.0011855284259386;1.0006026038782392;1.0001661908335855;1.0000008284692457;0.9998164877864151;1.0;0.9997952981891964;0.9997837143523522;0.9998678441814706;1.0;1.0025671742417241;0.9998088457141967;0.9999824631042071;1.0;1.0027013811339343;1.024999976158142;
2016-05-12 18:30:00;0.9999999999999999;0.9999816588077347;1.0;0.9999925121435421;0.9997792590934685;0.9999908887193563;1.0029380075879815;0.9999870912660496;0.9998579348827069;1.0;0.9999954411867362;1.002786458328993;1.002797813335043;0.9999867255864064;0.9999946713913739;1.0;0.9999943104441559;0.9997671424532028;1.0009586964878223;0.9999682475103423;0.9999655800179256;1.0;0.9999949563821469;1.002927310036021;1.0029454096618124;1.0;1.0;0.9999923266692395;1.0012651869059206;1.0006508575021933;1.0001901049392135;1.0000041480134385;0.9998099787596241;0.9999999999999999;0.9997854677696989;0.999762555407633;0.9998568884041985;1.0;1.0026747891410153;0.9998007370915767;0.9999740248240921;1.0;1.0027914050578972;1.024999976158142;
2016-05-12 18:45:00;1.0;0.9999636614096071;0.9999999999999999;0.9999908116483373;0.9998134718900208;0.9999879228621391;1.0028289453978498;0.9999828700976755;0.999868939142124;0.9999999999999999;0.9999953179138173;1.0027286519369618;1.0027408851590962;0.9999801072597553;0.9999894702873638;1.0;0.9999958363405477;0.9998093912491741;1.0009295562289942;0.9999707162709222;0.9999883722209206;1.0;0.9999966447322851;1.0028217405421858;1.0028332436415854;1.0;0.9999999999999999;0.9999894791705399;1.0011379602379291;1.0005461057195901;1.0001205323356828;0.9999694985625547;0.9998289078825284;1.0;0.9997816599092294;0.9997511513194021;0.9998518047360893;0.9999999999999999;1.0025732156351643;0.9998232809426542;0.9999912274880043;1.0;1.0027328345943194;1.024999976158142;
2016-05-12 19:00:00;1.0;0.9998727111394726;1.0;0.9999853774412681;0.9995395120439586;0.9999810208176348;1.0032259789586275;0.9999692210986254;0.9996879823579797;0.9999999999999999;0.9999927255874005;1.0029799974919869;1.0030038561318997;0.9999523887287968;0.9999630161865672;1.0;0.9999920332233839;0.9995284933773171;1.001055469125814;0.9999301521884643;0.9999683040004843;1.0;0.999993354503336;1.003209025922352;1.003235961777527;1.0;1.0;0.999979686178989;1.001463931158548;1.0007963205460289;1.000275351090624;1.0000491528937236;0.9995728319864481;1.0;0.9997785873088899;0.999783433330699;0.9998700063921377;0.9999999999999999;1.002935607649304;0.9995589023778261;0.9999760734350115;1.0;1.0029842141597356;1.024999976158142;
2016-05-12 19:15:00;1.0;0.9998618747596072;1.0;0.9999780093908618;0.9995038744338376;0.999970110962283;1.0032642857196978;0.999955419978819;0.999647845074714;1.0;0.9999903661218512;1.0030608701797552;1.0030832491363717;0.9999396655384527;0.9999598698885483;1.0;0.9999912687782264;0.9994982284413911;1.0010729832998837;0.9999211421816252;0.9999834477528141;1.0;0.9999931678629106;1.0032494841281285;1.0032725270101301;1.0;1.0;0.999971304237979;1.0014720622262165;1.0007878934976104;1.0002855717209795;1.0000686084592159;0.9995322773371659;1.0;0.9997521777074377;0.9998287537586892;0.9998984361535288;1.0;1.0029689096057428;0.9995193265168593;0.99998749904211;1.0;1.0030635215593355;1.024999976158142;
2016-05-12 19:30:00;1.0;0.9999221906185392;1.0;0.9999780964309501;0.9997394584885682;0.9999760472413798;1.0029210077385826;0.999970212872222;0.9998120107991264;1.0;0.9999831594130824;1.002807156368964;1.0028224415431914;0.9999613416624388;0.9999774221490212;1.0;0.999991134826528;0.9997381583425025;1.0009633817314045;0.9999579551875198;0.9999961200755677;1.0;0.9999933740186443;1.0029098522116404;1.00292768930837;0.9999999999999999;1.0;0.9999792123041615;1.0013018834894825;1.0006945096724242;1.0002379085438045;1.0000453908104503;0.9997515925262631;1.0;0.9997869216936307;0.9998217638666925;0.9998939112922951;1.0;1.0026565632632425;0.9997453789629744;0.9999970695246461;1.0;1.002810126112998;1.024999976158142;
2016-05-12 19:45:00;0.9999999999999999;0.9999325253493829;1.0;0.9999870450043257;0.9997779721445549;0.9999838732991762;1.0027601592067732;0.9999772973690844;0.9998393967010447;1.0;0.9999923414575538;1.0026639327059077;1.0026776107308493;0.9999696937605471;0.9999804090924566;1.0;0.9999950782086794;0.9997771297965777;1.0009101710424113;0.9999640976266724;0.9999975114368939;0.9999999999999999;0.9999963129729007;1.0027525349973978;1.002764274063535;1.0;0.9999999999999999;0.9999851610611806;1.0012648664148582;1.0006844063464926;1.0002505139298796;1.0000555973996585;0.999787816080812;0.9999999999999999;0.9997947161731743;0.999835721098431;0.9999021071102498;1.0;1.0025096845973203;0.9997826155785549;0.9999981171820804;1.0;1.0026667376808203;1.024999976158142;
2016-05-12 20:00:00;1.0;0.9999729183443293;0.9999999999999999;0.9999942399376278;0.9998820678815922;0.9999912669405514;1.0026078968026964;0.9999870158584468;0.9999126560776144;1.0;0.9999984098543463;1.0025554709070668;1.0025641923380642;0.9999851637805515;0.9999921228012085;1.0;0.9999981594357763;0.9998815916426439;1.0008596708971405;0.9999804901717998;0.9999986271606863;1.0;0.9999986098989335;1.0026045170053675;1.0026095363700072;0.9999999999999999;1.0;0.9999923277970385;1.0011497954824586;1.0005864658220078;1.0002083642406197;1.0000452898038181;0.9998886995175588;0.9999999999999999;0.9997727123974955;0.9998614379915184;0.9999164914358286;1.0;1.0023710704202615;0.9998858620491762;0.9999989626029975;1.0;1.002558364515088;1.024999976158142;
2016-05-12 20:15:00;1.0;0.9999582491738951;1.0;0.9999923852283316;0.9998522511542672;0.9999895604672717;1.0026273685432903;0.9999846543270654;0.9998920260403037;1.0;0.9999966095401289;1.0025619532280148;1.002572141609525;0.9999804645641828;0.9999878693084051;1.0;0.9999973321737758;0.9998518254807954;1.0008663754264007;0.9999758745498635;0.9999987487737074;1.0;0.9999980036529776;1.002622729590578;1.0026297084343438;1.0;1.0;0.9999904379672069;1.0011815772463233;1.0006205040028797;1.000241062621862;1.0000756710796423;0.9998591388496483;0.9999999999999999;0.9997749605075844;0.9999091412535855;0.99994384956174;1.0;1.0023887624501404;0.9998556973766818;0.9999990537741861;1.0;1.0025646323929076;1.024999976158142;
2016-05-12 20:30:00;1.0;0.9999107851085104;1.0;0.9999900830778856;0.9997213935414911;0.9999851105414822;1.0026991279998507;0.9999754972956637;0.9997998997761205;1.0;0.9999972052729127;1.0025801447453129;1.0025965742718526;0.9999648198607504;0.999974068025149;1.0;0.999996533163212;0.9997202128526248;1.0008898583247345;0.9999552535609865;0.9999964961596916;1.0;0.9999973617162229;1.0026914491013152;1.0027027782938798;0.9999999999999999;0.9999999999999999;0.9999847705094884;1.0013003915415062;1.0007387157005467;1.0003283915436312;1.0001343128563724;0.9997331775191746;0.9999999999999999;0.9997938302241933;0.9999685438939573;0.9999772257514217;1.0;1.002453910423499;0.9997266418063073;0.9999973531300292;1.0;1.0025829397834203;1.024999976158142;
2016-05-12 20:45:00;1.0;0.9999707440655357;0.9999999999999999;0.9999839070896642;0.9997380012350359;0.999974172952225;1.002593311181549;0.9999639828796157;0.9997980963645667;1.0;0.9999972745375786;1.0025368194710431;1.0025453601235392;0.9999675022673568;0.999991518903638;1.0;0.9999955803022138;0.9997370808606483;1.0008552595494233;0.9999548676048957;0.9999972676626726;1.0;0.9999966776368906;1.002589343919435;1.002595410360999;1.0;1.0;0.9999796414186775;1.0013179838485424;1.000762107561985;1.0003619788219604;1.0001481638686733;0.9997574141662031;1.0;0.9997916071068251;0.9999651935585708;0.9999755908954854;0.9999999999999999;1.002358219088347;0.9997509337661696;0.9999979345165401;1.0;1.002539469465406;1.024999976158142;
2016-05-12 21:00:00;0.9999999999999999;0.9999689420327613;1.0;0.9999918677621354;0.9998272039832592;0.999987586620882;1.002565292512556;0.9999817613477505;0.9998739983987817;1.0;0.9999978727053096;1.0024955259138393;1.0025045670841184;0.9999805036373625;0.9999909776735534;1.0;0.9999970680403856;0.9998249463456547;1.0008444090453026;0.9999718474062633;0.9999935376786998;0.9999999999999999;0.9999976804907227;1.0025606185720257;1.0025678929990796;1.0;1.0;0.9999894077109082;1.0012787297240224;1.0007181494421717;1.0003441095538892;1.0001458718608525;0.9998401138396541;1.0;0.9997708962312001;0.9999828127066701;0.9999852917592966;1.0;1.0023329067437157;0.9998353806987413;0.9999951270246555;1.0;1.0024983207160423;1.024999976158142;
2016-05-12 21:15:00;1.0;0.999905365139145;1.0;0.9999907024831718;0.9997003372349472;0.9999856354705143;1.0027319201769047;0.9999754749388079;0.9997871169555147;1.0;0.9999978913036608;1.0026008847006256;1.0026175486815176;0.9999638885914417;0.9999724996821728;1.0;0.9999965018025716;0.9996980460887599;1.0008996746724281;0.9999523920719091;0.9999933292943023;1.0;0.9999972607138911;1.0027236253129954;1.0027359758573617;0.9999999999999999;0.9999999999999999;0.9999848344140203;1.0014096989217975;1.000832632805598;1.0004053985387067;1.0001765541730676;0.9997144249085731;1.0;0.9997918942285773;0.999993346756274;0.9999916881899351;1.0;1.0024838899390602;0.9997070499175416;0.9999949642447707;1.0;1.0026034325846243;1.024999976158142;
2016-05-12 21:30:00;0.9999999999999999;0.9999644614411302;1.0;0.9999934351127158;0.9998327195546234;0.9999901271967879;1.0025521024328818;0.9999847843974041;0.9998809440740596;1.0;0.9999981144410953;1.0024741008699098;1.0024836066965357;0.9999819673752428;0.9999896796828346;1.0;0.9999972920197149;0.9998299149683365;1.000839495853946;0.9999734031505287;0.9999920017814666;1.0;0.9999978072320668;1.0025469669315017;1.0025549772496707;1.0;1.0;0.9999910472696691;1.0012798283956623;1.0007252533522457;1.0003466449325737;1.0001454923597721;0.9998450852423503;0.9999999999999999;0.9997791110183926;0.9999782895312488;0.9999828344775958;1.0;1.0023209678065927;0.9998403414682558;0.9999939679156844;1.0;1.002476839628232;1.024999976158142;
2016-05-12 21:45:00;1.0;0.999911143199035;1.0;0.9999900402145561;0.9997030088251242;0.9999850504814254;1.0027532333384157;0.9999752580141812;0.9997892916726834;0.9999999999999999;0.9999972121439638;1.002622365241746;1.0026385572537444;0.9999647437193353;0.9999741860616257;1.0;0.999996114976073;0.9997001724031865;1.0009062283801373;0.9999528809732091;0.9999917859695842;1.0;0.9999969373332398;1.0027447365752045;1.002757564559916;1.0;1.0;0.9999847025616247;1.0014235555368634;1.0008412751165907;1.0004122963976163;1.0001816452282188;0.9997184108127608;1.0;0.9997887769667637;0.9999996914081225;0.999995015568779;1.0;1.0025035101026352;0.9997108800828834;0.9999938002972776;0.9999999999999999;1.002625058115469;1.024999976158142;
2016-05-12 22:00:00;1.0;0.9999236434709889;1.0;0.9999890046277834;0.9997050604758274;0.9999829491928742;1.0026844686267997;0.9999729162912765;0.9997879495984315;1.0;0.9999975247163357;1.002564587013067;1.0025795085934073;0.9999653940007287;0.9999778094625853;1.0;0.9999960052195698;0.9997022041406647;1.0008835508034666;0.9999525907914588;0.9999917486403783;0.9999999999999999;0.9999968550422788;1.002676711978835;1.002688471748398;1.0;0.9999999999999999;0.9999837596663452;1.0013926138712084;1.0008286614851925;1.0004049709440637;1.0001776700295426;0.9997222506065487;1.0;0.9998005715523116;0.9999970913791448;0.9999932388457803;0.9999999999999999;1.0024411338376997;0.9997146743888511;0.9999937728735503;1.0;1.002567451543235;1.024999976158142;
2016-05-12 22:15:00;1.0;0.9999574571665838;1.0;0.9999903185045305;0.9997911422532352;0.9999851426974278;1.0025593876657906;0.9999779327304694;0.9998471169147858;1.0;0.9999975833798198;1.002480287752176;1.002490690219383;0.9999754462706747;0.9999876272403886;1.0;0.9999966745048857;0.9997891036671965;1.000842906827238;0.9999658294464325;0.9999941305134127;1.0;0.9999974057628576;1.0025540982320305;1.0025622208401745;0.9999999999999999;1.0;0.9999870509066215;1.0013164822475131;1.000774175384727;1.0003771210875112;1.000164511429601;0.9998051473377884;1.0;0.9998011704420509;0.999994348492693;0.9999919124226342;1.0;1.0023274731697724;0.999799689070686;0.9999955711574444;1.0;1.0024830265274007;1.024999976158142;
2016-05-12 22:30:00;1.0;0.9997803741424147;1.0;0.9999805248785087;0.9993525857813018;0.9999688088043596;1.0030296770055935;0.9999462140096951;0.9995367018471413;1.0;0.9999971807348179;1.0027754683606172;1.0028079042368971;0.9999183979491505;0.9999362932061149;1.0;0.9999936295254293;0.9993502923106079;1.0009986444138652;0.9998962519245594;0.9999928496206075;0.9999999999999999;0.9999951432049852;1.0030139419391781;1.003036791002966;1.0;1.0;0.9999661883451035;1.0016193887880285;1.0009956110275504;1.0005055289073348;1.0002380121339947;0.9993775050425688;0.9999999999999999;0.9997930639944891;1.0000445071959874;1.0000206573202228;1.0;1.0027537107827205;0.9993625766113823;0.9999945872666919;0.9999999999999999;1.0027779875779832;1.024999976158142;
2016-05-12 22:45:00;1.0;0.9998457665597706;1.0;0.9999859324355547;0.9995240914210743;0.9999780511859954;1.0028930401919962;0.9999622062944035;0.999663186037206;1.0;0.9999972711049613;1.0026899723498568;1.0027145161539497;0.9999426059267079;0.99995518698357;1.0;0.9999947387393221;0.9995203165223036;1.0009521429875385;0.9999245948813855;0.9999888637491007;1.0;0.9999958569715758;1.002880248886544;1.002899283091595;0.9999999999999999;0.9999999999999999;0.9999762017868988;1.0015371579835934;1.000937802546991;1.0004742148014643;1.000221490029514;0.9995460010820272;1.0;0.9997962118498517;1.0000362870604376;1.0000156526428625;1.0;1.0026304664269279;0.9995342763732054;0.9999915830099102;1.0;1.0026926922935602;1.024999976158142;
2016-05-12 23:00:00;0.9999999999999999;0.9999197450688104;1.0;0.9999800930499073;0.9995728102988582;0.9999687821374325;1.00280245295084;0.999954171559366;0.9996867612336253;1.0;0.9999960245264524;1.002663295430711;1.002679011898272;0.999950384137002;0.9999766638494849;1.0;0.9999933728163968;0.9995682084986024;1.0009216227341957;0.9999298955602514;0.9999865648521711;0.9999999999999999;0.9999947921773573;1.002793052479983;1.002807657770392;1.0;1.0;0.999973038535245;1.0014832886037817;1.0009041276034636;1.000455293331637;1.0002124326885424;0.9996030180012767;1.0;0.999803630278236;1.0000341746726131;1.000013913432462;0.9999999999999999;1.002549148389535;0.9995916653094372;0.9999898570181249;1.0;1.002666320743456;1.024999976158142;
2016-05-12 23:15:00;1.0;0.999911218214467;1.0;0.9999837525305065;0.9996218022132082;0.9999746438524802;1.0027502088839673;0.9999614705067232;0.9997237462337306;1.0;0.9999965810952454;1.0026187925118306;1.002635082595964;0.9999543398775081;0.9999741953022765;1.0;0.9999946517198334;0.9996189675848206;1.0009056896740152;0.9999381926892551;0.9999916720402036;1.0;0.9999958588509859;1.002741516696543;1.0027546890870525;1.0;1.0;0.9999770105269091;1.0014517667632103;1.0008796075444293;1.0004351533773905;1.0001933681678405;0.9996443095388484;1.0;0.9998068673579269;1.0000036040832538;0.9999971274633448;1.0;1.0025009637191964;0.9996347970016767;0.9999937119757375;1.0;1.0026215413681903;1.024999976158142;
2016-05-12 23:30:00;1.0;0.999941126304534;1.0;0.9999898681109844;0.9997405087821598;0.9999842789526368;1.0025661085399198;0.9999756145124427;0.9998135779543824;1.0;0.9999977182871981;1.002459103607175;1.0024719933895214;0.9999707042751865;0.9999828934981105;1.0;0.999996202366305;0.9997371822237316;1.000844182787273;0.9999583224619546;0.9999904270749175;1.0;0.9999969673988942;1.0025591365743167;1.0025698755972925;1.0;0.9999999999999999;0.9999855749907459;1.0013478203596515;1.000810313665105;1.0003965970116757;1.0001712435290482;0.9997579073871676;1.0;0.9998159964366791;0.9999881905383401;0.9999880209622442;1.0;1.0023338551284378;0.9997509093745995;0.9999927793758636;1.0;1.002462072320475;1.024999976158142;
2016-05-12 23:45:00;1.0;0.999948045575062;1.0;0.9999907190613488;0.9997722792225936;0.9999856110939249;1.0024440921089735;0.9999777826008596;0.999835075187466;1.0;0.9999978369833855;1.0023527865108803;1.0023644493490895;0.9999737102702377;0.9999849724907663;1.0;0.9999966627923246;0.9997698792101984;1.000804514064308;0.9999631532599849;0.9999931263890334;0.9999999999999999;0.9999973717812248;1.0024381288602147;1.0024472439192935;0.9999999999999999;1.0;0.9999869556834339;1.001273565475153;1.0007594086648612;1.0003674281646842;1.00015513010201;0.9997868866355993;1.0;0.9998214509835514;0.9999784433668404;0.9999828218733302;1.0;1.0022226438730366;0.9997809279116572;0.9999948158303207;1.0;1.0023555809151483;1.024999976158142;
2016-05-13 00:00:00;1.0;0.99997096337014;1.0;0.9999915950736796;0.9998317190997886;0.9999882136423758;1.0024103122359143;0.9999832111757521;0.999879644271097;1.0;0.999996572250423;1.0023349885257564;1.002343683857087;0.9999818432261292;0.9999915728312463;1.0;0.9999965129294784;0.999828500945168;1.0007927041667073;0.9999731115539203;0.9999908232358192;0.9999999999999999;0.9999972039507846;1.0024048921143434;1.0024135662723195;1.0;1.0;0.9999900118589005;1.0012750896151403;1.0007759761985464;1.0003774554985774;1.000160681874319;0.9998456803562825;1.0;0.9998386011330331;0.9999817242478781;0.9999847595864512;1.0;1.0021924302069833;0.999840728263264;0.9999930791480774;1.0;1.0023377366040176;1.024999976158142;
2016-05-13 00:15:00;0.9999999999999999;0.9999803601672044;1.0;0.9999935762098677;0.9998793208441863;0.9999910768760031;1.0023502978970678;0.9999874952073858;0.9999132649334022;1.0;0.9999972694331688;1.002291451577091;1.0022990989597722;0.9999868259545084;0.9999942862769632;1.0;0.999997374940533;0.9998770691052022;1.0007736510235186;0.999980626523688;0.9999935907255888;1.0;0.9999979071334947;1.0023461071122215;1.0023527727308341;1.0;1.0;0.9999925666280689;1.001223245690258;1.0007308314140118;1.0003505041867695;1.0001455766350547;0.9998894515370891;1.0;0.999832215747413;0.9999720765084997;0.9999791707517621;0.9999999999999999;1.0021376479087962;0.9998859083143103;0.9999951652255;1.0;1.002294274906604;1.024999976158142;
2016-05-13 00:30:00;0.9999999999999999;0.9999813694435746;1.0;0.9999945875313956;0.9998947310452199;0.9999923080885083;1.0023072780153695;0.9999890244624471;0.9999238944892459;0.9999999999999999;0.9999978968910005;1.0022563824171906;1.002263393419588;0.9999882171730844;0.9999945886960382;1.0;0.999997875762471;0.9998930752321876;1.0007598861670473;0.9999830040657871;0.9999952898115887;1.0;0.99999831808697;1.00230374915959;1.002309288245736;1.0;1.0;0.9999935109445834;1.0012051090827645;1.0007219479575644;1.000341863361094;1.000135830931677;0.9999029692262097;1.0;0.9998400134424019;0.9999541895888743;0.9999695528423648;0.9999999999999999;1.002098296833543;0.9998999920886366;0.9999964470718485;1.0;1.0022589294257145;1.024999976158142;
2016-05-13 00:45:00;1.0;0.999978765393995;1.0;0.9999947493195278;0.9998832764304917;0.9999920889961053;1.0022918721503637;0.9999882700906332;0.9999157309678135;1.0;0.9999984908937961;1.0022367075535514;1.0022441809503475;0.9999872535643481;0.9999938445066757;1.0;0.9999979727783583;0.9998814490433654;1.0007546695217489;0.9999811804612044;0.9999948012960003;1.0;0.9999983775665404;1.0022882441183283;1.002293890663323;1.0;1.0;0.9999931953177557;1.0012047017932084;1.0007381024865303;1.000352524883479;1.0001479692882997;0.9998923140369341;1.0;0.9998577462284539;0.9999765151143698;0.9999820387344271;0.9999999999999999;1.0020843002818582;0.9998890205951689;0.9999960786330139;1.0;1.0022393298783854;1.024999976158142;
2016-05-13 01:00:00;1.0;0.9999805005456016;0.9999999999999999;0.9999950601656191;0.9998962002053196;0.9999925470378159;1.0022686726484902;0.9999890344961122;0.9999242431170742;1.0;0.9999985889265299;1.0022184826092109;1.002226051190556;0.9999881356518273;0.9999943438788225;0.9999999999999999;0.9999982147612637;0.9998949472534768;1.0007475208356302;0.9999830823119735;0.9999964351043292;1.0;0.9999985962174462;1.0022654137047486;1.0022704092205843;1.0;1.0;0.9999936222112098;1.001181092423274;1.0007259741042132;1.0003405918958805;1.000141794285479;0.9999037020057714;1.0;0.9998674000130648;0.9999737633723759;0.9999801763484022;0.9999999999999999;1.0020630929230996;0.9999008997486553;0.9999973102112221;1.0;1.0022212766390604;1.024999976158142;
2016-05-13 01:15:00;1.0;0.9999817999904255;1.0;0.9999948207540966;0.9998940766710654;0.9999925239618823;1.002245608847169;0.9999892180942527;0.9999237388978313;1.0;0.9999981235759036;1.0021915754227853;1.0021990791412194;0.9999884812753178;0.9999947257332029;1.0;0.9999979276271683;0.9998922400881777;1.000739460916985;0.9999829696474304;0.9999947762024506;1.0;0.9999983436419325;1.0022419614096736;1.0022476792419832;1.0;1.0;0.9999936798213663;1.0011863281315343;1.0007470464795998;1.0003502255689365;1.0001461293088842;0.9999026580535204;1.0;0.9998884936478073;0.9999739051937702;0.9999801565565548;1.0;1.0020423385707162;0.9998996022815421;0.9999960603969933;1.0;1.0021944253300634;1.024999976158142;
2016-05-13 01:30:00;1.0;0.9999857020842419;1.0;0.9999959650338291;0.9999164462748992;0.9999945835769172;1.002226068950529;0.999992289920314;0.9999412851371883;1.0;0.9999980562301336;1.0021760063732668;1.0021826489032064;0.9999914857407398;0.9999958583686109;1.0;0.9999981410924595;0.9999144380803529;1.000732785626605;0.9999868907145889;0.9999942983897543;1.0;0.9999984889581295;1.0022226137706876;1.0022281067210081;0.9999999999999999;0.9999999999999999;0.9999953870241269;1.0011791928765597;1.0007396505830664;1.000350131709388;1.000147330344772;0.9999238830229773;1.0;0.999883442350522;0.999977674093264;0.9999826461889535;1.0;1.0020246056909885;0.9999212885427392;0.9999957003317893;1.0;1.0021786554138965;1.024999976158142;
2016-05-13 01:45:00;0.9999999999999999;0.9999911947136922;1.0;0.9999956711031038;0.9999252117558405;0.9999939532950635;1.0021498488081961;0.9999917528271384;0.9999459042422862;1.0;0.9999981881385108;1.0021066410325756;1.0021130817615371;0.9999921075192313;0.9999974490338617;0.9999999999999999;0.9999982425312829;0.9999236370945642;1.0007081310928092;0.9999879222748889;0.9999955291488886;1.0;0.9999985941319777;1.0021468789927526;1.0021515841812039;1.0;1.0;0.9999951884952873;1.0012238878739395;1.0008212067514306;1.0004047356553263;1.000176584523752;0.9999322325079341;1.0;0.999932718453138;0.9999929749320009;0.9999908123865165;1.0;1.0019553189752612;0.99992995330693;0.9999966281414109;1.0;1.0021095602019954;1.024999976158142;
2016-05-13 02:00:00;1.0;0.9999882326999165;1.0;0.9999972286497412;0.9999336631193644;0.9999962896709984;1.0021158753389696;0.9999945323047251;0.9999541969730764;1.0;0.999998653585383;1.0020675806736277;1.0020743976420623;0.99999367957197;0.999996586811122;0.9999999999999999;0.9999985848857336;0.9999317973841253;1.0006966287649273;0.9999897751133502;0.9999947042657364;0.9999999999999999;0.9999988260745915;1.0021127107317658;1.002117697654727;0.9999999999999999;1.0;0.9999967400122894;1.001223416756277;1.0008357498530784;1.0004139851154124;1.0001824651403528;0.999939823491284;0.9999999999999999;0.9999490917418923;0.9999983667002373;0.9999938602099643;1.0;1.0019244455678762;0.9999376764706511;0.9999960073285346;1.0;1.0020704997292635;1.024999976158142;
2016-05-13 02:15:00;0.9999999999999999;0.9999899670334167;1.0;0.9999979732217935;0.9999463380520275;0.9999969955606854;1.0021079439137088;0.9999953750941424;0.9999623310126183;1.0;0.9999993577713918;1.0020669104422193;1.0020734342204574;0.9999946839869178;0.999997089442543;1.0;0.9999990626463111;0.9999451141215837;1.0006945269730774;0.9999915919420098;0.9999965346814029;1.0;0.999999223240432;1.0021054384742596;1.0021092840881947;1.0;1.0;0.9999973206582381;1.0012095063984425;1.0008230610172189;1.000402875755881;1.0001741289831334;0.9999509048089649;1.0;0.9999490917418926;0.9999880391739466;0.9999880948762676;1.0;1.001917031421844;0.9999492655230847;0.9999973848840407;1.0;1.0020697891006753;1.024999976158142;
2016-05-13 02:30:00;0.9999999999999999;0.9999937988698858;1.0;0.9999969808083936;0.9999539328097875;0.9999961001875878;1.0021042736100212;0.999994873073905;0.999966823468435;1.0;0.9999983616312694;1.0020683252202474;1.00207449385537;0.999994896754823;0.999998193240423;1.0;0.9999987367053463;0.999952979996113;1.0006936258889532;0.9999925949178659;0.9999973057731503;1.0;0.9999990019974994;1.0021018227520546;1.0021056481845116;1.0;1.0;0.9999968954876741;1.0012110024111613;1.0008277444044311;1.0004059225630062;1.0001766086492083;0.9999581130559677;1.0;0.9999528843272478;0.9999914517854173;0.9999898995733901;1.0;1.0019137390659727;0.9999567198625572;0.9999979654078056;1.0;1.0020712733837753;1.024999976158142;
2016-05-13 02:45:00;1.0;0.9999950992047155;1.0;0.9999968910505014;0.9999490940439659;0.9999961072418484;1.0021089851461242;0.9999949502070341;0.9999644646685021;0.9999999999999999;0.999998169119321;1.0020695806459519;1.0020753550349213;0.9999951977073798;0.999998571841332;1.0;0.9999985033764596;0.999947427376767;1.00069454879801;0.9999920682798856;0.9999952764390736;1.0;0.9999987799538405;1.0021062224274973;1.002110659337847;1.0;1.0;0.9999969606017239;1.0012211784264597;1.000837526506076;1.0004150161428622;1.0001839290630767;0.9999547427073863;1.0;0.9999530041648266;1.00000140596594;0.9999957502803319;0.9999999999999999;1.0019182112255502;0.9999529870642117;0.9999964369907917;1.0;1.0020724033504818;1.024999976158142;
2016-05-13 03:00:00;1.0;0.999994231165436;1.0;0.9999973822434889;0.9999534170360175;0.9999966782952187;1.0020922394128577;0.9999955609862805;0.9999675120918162;1.0;0.9999985103382315;1.0020535394553245;1.0020595488878283;0.9999955231508879;0.9999983237763045;1.0;0.999998736390846;0.9999520000437585;1.0006892268634215;0.9999927490412875;0.999995991223554;0.9999999999999999;0.999998969218568;1.0020896311969403;1.0020937591983563;1.0;0.9999999999999999;0.9999973286382243;1.0012188442505434;1.0008411728929847;1.0004156677564275;1.000182433935346;0.9999582585241267;1.0;0.9999600792101379;0.9999960276947686;0.999992585746579;0.9999999999999999;1.0019029018497714;0.9999566971130499;0.9999969742279199;1.0;1.0020564316146547;1.024999976158142;
2016-05-13 03:15:00;1.0;0.9999868585987002;1.0;0.9999979587034001;0.9999384056304207;0.9999968610906058;1.002092528790548;0.999994933391533;0.999956812409358;0.9999999999999999;0.9999994868069904;1.002048489019576;1.00205530226277;0.9999937994791328;0.999996192374019;1.0;0.9999990548059161;0.9999371295903037;1.0006894147647056;0.9999903596981594;0.99999639026106;1.0;0.9999992138065645;1.0020898739115232;1.0020939252148644;1.0;1.0;0.9999970663169543;1.001226290454464;1.0008522827055628;1.0004229583160762;1.0001876267204786;0.9999432390141312;1.0;0.9999657307668528;1.0000019683364885;0.9999960681639795;1.0;1.0019029964336879;0.9999414129849656;0.99999727485789;1.0;1.0020513116646939;1.024999976158142;
2016-05-13 03:30:00;1.0;0.9999864263227616;1.0;0.9999973335151743;0.9999430977930576;0.9999963480290595;1.0021038038157641;0.9999945906477634;0.9999592975672013;0.9999999999999999;0.9999987976871335;1.0020608035436116;1.0020683046272971;0.9999933688769974;0.9999960618400813;0.9999999999999999;0.9999989144690938;0.9999423611329427;1.0006936184894648;0.9999909146871324;0.9999979091249542;1.0;0.9999991481843441;1.0021010821126857;1.0021051908413101;1.0;0.9999999999999999;0.9999967092727783;1.0012177558715527;1.0008365279507874;1.0004123705265584;1.0001810405876101;0.9999468162457357;1.0;0.9999561670780694;0.999996224904718;0.9999922036901604;1.0;1.0019131779185286;0.9999452850646889;0.9999984231685396;0.9999999999999999;1.0020639718924227;1.024999976158142;
2016-05-13 03:45:00;1.0;0.9999847637491819;0.9999999999999999;0.9999968231827753;0.9999443877531711;0.9999958039265395;1.0020794749169961;0.9999940121074293;0.9999592476156649;0.9999999999999999;0.9999983837170031;1.0020425858128676;1.002049475186639;0.999992568171417;0.999995581462665;1.0;0.9999988563083795;0.999944225584374;1.000686134290854;0.9999909031785716;0.9999995381673075;1.0;0.9999991455965758;1.0020770150677105;1.0020806816654817;1.0;1.0;0.9999962582773599;1.0011936592408701;1.0008135659828388;1.0004039586845395;1.0001815786130612;0.9999470581341865;1.0;0.9999474729155915;1.000009051769701;1.0000002586987586;1.0;1.0018908739427248;0.9999457593348952;0.9999996510065808;1.0;1.0020453040004402;1.024999976158142;
2016-05-13 04:00:00;1.0;0.9999889543080575;1.0;0.9999962103895121;0.9999527274838086;0.9999956184299398;1.0020702063270437;0.9999944605266996;0.9999656462132824;1.0;0.9999973363595821;1.0020348818572977;1.002041292185794;0.9999935701326262;0.999996800029524;1.0;0.99999847007274;0.9999523033313338;1.0006829046491401;0.9999923321519769;0.9999987952589166;1.0;0.9999988425284734;1.0020675407772226;1.0020716716055493;1.0;1.0;0.9999963682299076;1.0011965326927954;1.0008199321154865;1.000411557034748;1.0001888917800184;0.9999556348289996;1.0;0.9999496630294407;1.0000209780591534;1.000006948002033;0.9999999999999999;1.0018826261670242;0.9999544224697098;0.99999909112313;1.0;1.0020376291127635;1.024999976158142;
2016-05-13 04:15:00;1.0;0.9999899670334165;0.9999999999999999;0.99999790549261;0.9999570618700261;0.9999969397658152;1.0020444215780322;0.9999954630705435;0.9999685329450365;1.0;0.9999992803061396;1.002010887489175;1.002017382529248;0.9999947119538845;0.999997089442543;1.0;0.99999927092136;0.9999567786452017;1.000674437514479;0.999992977218592;0.9999991973782345;1.0;0.9999994427232773;1.0020424009911026;1.0020453752768612;1.0;1.0;0.9999972998694877;1.0011846613289115;1.0008138756586586;1.0004075745282959;1.0001856708354462;0.9999595824351246;1.0;0.999953229727129;1.0000165734467619;1.0000042511268674;1.0;1.0018590547461346;0.9999585142699019;0.9999993941558614;1.0;1.0020137504373114;1.024999976158142;
2016-05-13 04:30:00;1.0;0.999992208327893;1.0;0.9999974152973042;0.9999539712456939;0.9999964604759894;1.0020526171585282;0.9999950776693434;0.9999666945976412;1.0;0.9999988321188447;1.002014528750752;1.0020214746689136;0.9999948054452662;0.9999977352015504;1.0;0.999998967381909;0.999953225405397;1.00067675747504;0.9999925669655597;0.9999978830124007;1.0;0.9999991865442878;1.0020501994171542;1.0020538803202992;1.0;0.9999999999999999;0.9999970681601703;1.0011831789895285;1.0008101596757086;1.0003998576632145;1.000176807185547;0.999957653553647;1.0;0.9999539792565353;1.0000001276374366;0.999994237677572;0.9999999999999999;1.0018667222120112;0.9999563419889711;0.9999984041562149;1.0;1.0020177933048797;1.024999976158142;
2016-05-13 04:45:00;1.0;0.9999885220308139;0.9999999999999999;0.9999979400515476;0.9999534220211369;0.9999971114944588;1.00205251681843;0.9999956339369466;0.9999666599292731;1.0;0.9999991509980877;1.0020141572248509;1.0020211283300218;0.9999945637772241;0.9999966694954201;1.0;0.9999991746870647;0.9999528629513297;1.0006768890572602;0.9999925588909038;0.9999984227801373;1.0;0.9999993524460906;1.0020501674515332;1.0020536760935814;0.9999999999999999;1.0;0.99999735790813;1.0011947703212416;1.0008253692722695;1.0004151585104555;1.0001912389127041;0.9999563575476498;1.0;0.999956991785122;1.0000232571567986;1.0000077427068974;1.0;1.0018665058251333;0.9999551209768728;0.9999988078044934;1.0;1.0020171805789662;1.024999976158142;
2016-05-13 05:00:00;1.0;0.9999900396708084;1.0;0.9999967665354641;0.9999601407986355;0.9999963968826944;1.0020584389648457;0.9999954929875675;0.9999713177378146;1.0;0.999997568051824;1.002022540622801;1.0020292670165183;0.9999945591488693;0.9999971084506933;1.0;0.999998645875676;0.999959734987413;1.0006790252417257;0.9999935988236096;0.9999988527369329;0.9999999999999999;0.9999989734013014;1.0020558176953906;1.0020598560148444;1.0;1.0;0.9999969823913906;1.0011957396534998;1.0008236359003735;1.00040889844195;1.0001822053821257;0.9999625470709854;1.0;0.9999576966544251;1.0000043569879564;0.9999971113783941;1.0;1.0018719479522171;0.9999615131856129;0.9999991332605558;1.0;1.0020255348978198;1.024999976158142;
2016-05-13 05:15:00;1.0;0.9999937259783624;1.0;0.9999972673869091;0.9999683527592614;0.9999968273851174;1.0020547119812349;0.9999960774651255;0.9999768637287687;1.0;0.9999980942583274;1.0020226372744045;1.0020290251642323;0.9999957303155887;0.999998174157839;1.0;0.9999989006153924;0.9999680189740586;1.0006778183986231;0.9999948375628037;0.9999990550862251;0.9999999999999999;0.9999991662228808;1.0020524667674406;1.0020559025390443;1.0;1.0;0.9999974523073595;1.0011857194575162;1.0008111629792829;1.0004003023222379;1.0001760557146373;0.9999705322824695;1.0;0.9999530347191083;0.9999972688260823;0.999992980517776;1.0;1.0018685456804992;0.9999696951297647;0.9999992868155327;1.0;1.0020257010475548;1.024999976158142;
2016-05-13 05:30:00;1.0;0.9999919915909635;0.9999999999999999;0.9999978372131575;0.999962021179323;0.9999969871366609;1.0020600324698958;0.9999957423919661;0.9999720373437363;1.0;0.9999990829548421;1.0020287194507087;1.0020348867170665;0.9999952688720715;0.9999976715135279;1.0;0.9999992291752371;0.999961737953094;1.0006795634049324;0.9999937600238458;0.9999991981597832;1.0;0.9999994119516151;1.0020580873864438;1.0020609785278303;1.0;0.9999999999999999;0.9999974405435439;1.0011932896759939;1.0008187129611128;1.000401453503615;1.00017289478007;0.9999644206097639;1.0;0.9999572620187195;0.9999862015610783;0.9999871555258322;1.0;1.001873260761051;0.9999634591391916;0.9999993947664308;1.0;1.002031542040138;1.024999976158142;
2016-05-13 05:45:00;1.0;0.9999836801367279;1.0;0.9999974861461799;0.9999415447895129;0.9999962343973001;1.002117870770281;0.9999941404191504;0.9999572108084831;0.9999999999999999;0.9999992458506852;1.0020789662204943;1.0020862860595035;0.9999925581694925;0.9999952665404408;1.0;0.9999991697037273;0.9999413826211769;1.0006987106389484;0.9999904486636693;0.999999538781502;1.0;0.9999993766026588;1.0021155334214762;1.0021189295671524;1.0;1.0;0.9999964823142101;1.0011622764159414;1.0007839920176709;1.0003624053080922;1.0001498107489777;0.999944291601004;1.0;0.9999570223419525;0.9999686736359029;0.9999771475153134;1.0;1.001925717873872;0.9999429320372731;0.9999996514865931;1.0;1.002081844913583;1.024999976158142;
2016-05-13 06:00:00;1.0;0.9999833913978753;1.0;0.9999973089054995;0.9999379760495439;0.9999963065987173;1.0021275016395934;0.9999943586290438;0.999955774846579;1.0;0.9999987974400912;1.0020850141614004;1.002092131982769;0.9999926300419221;0.9999951805247754;0.9999999999999999;0.9999989053771708;0.9999372883569028;1.0007014592683858;0.9999901274522079;0.9999980495058822;0.9999999999999999;0.9999991449155565;1.0021247886939262;1.002128874700332;1.0;1.0;0.9999965327041117;1.0012325591594042;1.0008497874957794;1.0004184710112576;1.000184236451284;0.9999416106066079;1.0;0.9999596307570631;0.9999977432328027;0.9999938145913689;1.0;1.0019346231288226;0.9999399924905352;0.9999985279902311;0.9999999999999999;1.0020877615543127;1.024999976158142;
2016-05-13 06:15:00;1.0;0.9999859923077465;0.9999999999999999;0.999996793861498;0.9999390599165343;0.9999956743580516;1.0020912307058696;0.9999937924824741;0.9999559821137028;1.0;0.9999984761348751;1.002052254552164;1.0020588125420267;0.999992660346161;0.9999959378079698;1.0;0.999998745536004;0.9999383845551573;1.0006895391457553;0.9999901742673551;0.999998080535803;1.0;0.999999027960324;1.0020886318264273;1.0020925922382256;1.0;1.0;0.9999962091374595;1.001200755340302;1.0008260972374123;1.0004056434199646;1.0001806920332836;0.9999429902991132;0.9999999999999999;0.9999593159072167;1.0000041340561165;0.999997651052183;1.0;1.0019016818019295;0.999941384436314;0.999998552901987;1.0;1.0020548763943817;1.024999976158142;
2016-05-13 06:30:00;1.0;0.9999889525520815;0.9999999999999999;0.999997150981209;0.9999508907217954;0.99999625782315;1.0021194157028905;0.9999947793651783;0.9999643739941644;1.0;0.9999985251440382;1.0020355118377384;1.0020537952388104;0.9999939480988678;0.9999968065302286;1.0;0.9999988922955261;0.9999503838018017;1.000699231111219;0.999992048728739;0.9999985669862739;1.0;0.9999991479499468;1.0021145827883016;1.0021216315579697;0.9999999999999999;0.9999999999999999;0.9999967835285714;1.001229263781821;1.0008496808696685;1.0004198818047219;1.0001871899973471;0.9999540547867701;1.0;0.9999613695144927;1.0000047902946423;0.999986158112717;1.0;1.0019281714935309;0.999952771587804;0.9999989176684306;1.0;1.0020447673370825;1.024999976158142;
2016-05-13 06:45:00;1.0;0.9999831690415854;1.0;0.9999969201676117;0.9999377506446804;0.999996125321856;1.0021672995961934;0.9999943498514584;0.9999559535171554;0.9999999999999999;0.9999982059300423;1.0020386332719748;1.0020666560288545;0.9999925387427915;0.9999951397435829;0.9999999999999999;0.9999986688461808;0.9999369434969806;1.0007149587588922;0.9999901682822564;0.9999977091767923;1.0;0.9999989621909326;1.0021600113876041;1.0021706007943454;1.0;1.0;0.9999964203373523;1.0012229908580266;1.0008211570369547;1.0003926454248326;1.0001624330539642;0.9999415147363672;1.0;0.9999416570363582;0.999966506440625;0.999955669289979;1.0;1.0019724031468142;0.9999398553595719;0.9999982725231026;0.9999999999999999;1.0020528272858196;1.024999976158142;
2016-05-13 07:00:00;0.9999999999999999;0.9999901843567152;1.0;0.9999979806125947;0.9999577238765058;0.9999971671635213;1.0021981955855164;0.9999958143436921;0.9999695133540323;1.0;0.9999991681967532;1.0020445503279052;1.002080229730921;0.9999950044643277;0.999997149798682;1.0;0.9999992170294605;0.9999572491652841;1.0007255720341524;0.9999931961390293;0.9999986542451292;1.0;0.9999993895724073;1.0021899914846395;1.0022016827561038;1.0;1.0;0.9999974793451877;1.0011248274281273;1.0007178431553567;1.0003032869710147;1.0001081835498555;0.9999604456634962;1.0;0.9999281956245317;0.9999221550447633;0.9999222328696643;0.9999999999999999;1.002001034740614;0.9999593288915607;0.9999989847832704;1.0;1.0020634213242519;1.024999976158142;
2016-05-13 07:15:00;0.9999999999999999;0.9999863542742605;1.0;0.999992032485891;0.9998767817634495;0.9999875145422463;1.0024497235870753;0.9999827512523407;0.9999048327023629;1.0;0.9999982663950091;1.0022211089363904;1.0022749496065577;0.9999844876541855;0.9999960395000775;1.0;0.9999977536105114;0.9998764265386306;1.0008092219305018;0.999978741778937;0.9999989661846128;1.0;0.9999983192509868;1.002437435178728;1.002454926225912;1.0;1.0;0.9999902227325084;1.0011281376606476;1.00069147663572;1.0002397665008593;1.0000654851141177;0.9998858435977507;0.9999999999999999;0.9999285551252188;0.9998787752565581;0.9998802084677342;1.0;1.0022310431155934;0.9998828182273573;0.9999992180785541;1.0;1.0022496668055572;1.024999976158142;
2016-05-13 07:30:00;1.0;0.9999855573981046;1.0;0.9999961728146187;0.9999290119606171;0.9999943391523178;1.0024034602882952;0.9999918352127211;0.9999472241226501;1.0;0.9999987657932341;1.0021173783397468;1.002185241927495;0.9999911547732461;0.9999958170206805;0.9999999999999999;0.999998740015084;0.9999286276333594;1.0007940027026254;0.9999882178824179;0.9999989066210317;1.0;0.9999990442984019;1.0023883642003453;1.0024097380775758;1.0;1.0;0.9999951968848952;1.0010622119283774;1.0006384183174912;1.000189218490269;1.0000274054260483;0.9999334117344966;1.0;0.9999382827837007;0.9998316115493466;0.9998398393060353;1.0;1.002189899901402;0.9999316597379957;0.9999991746523709;1.0;1.0021535679014106;1.024999976158142;
2016-05-13 07:45:00;1.0;0.9999779014199729;1.0;0.9999954818637751;0.9999100791042341;0.999993720241415;1.0024698679588588;0.999990800976237;0.9999347109380771;0.9999999999999999;0.9999980776731394;1.0021760306166374;1.0022441920090746;0.9999888822165193;0.999993580105641;1.0;0.9999983225134996;0.999909350052696;1.0008156639855024;0.9999854198840846;0.9999979236354221;0.9999999999999999;0.9999987123792702;1.0024540839509182;1.0024765740665849;1.0;1.0;0.9999943920881261;1.001083094987908;1.0006420071543631;1.0001844967279008;1.0000198486133605;0.9999153435826855;1.0;0.9999291821445501;0.9998152183775707;0.999831232231031;0.9999999999999999;1.002250295922105;0.9999130701541987;0.999998432113233;0.9999999999999999;1.0022118479437117;1.024999976158142;
2016-05-13 08:00:00;1.0;0.9999815158312462;1.0;0.9999937933050848;0.9999191118576117;0.9999927747856814;1.0026424218145493;0.9999907934998272;0.9999415477259438;1.0;0.9999957053082889;1.0023323253987946;1.0024044205488392;0.9999892796888772;0.9999946235387968;1.0;0.999997455163154;0.9999182203955225;1.0008723670163973;0.9999869462367619;0.9999974640335431;1.0;0.9999980616554667;1.0026251710577352;1.0026500229965065;1.0;1.0;0.9999939753073538;1.001116712685722;1.0006443594216448;1.0001525914049465;0.9999845224849504;0.9999243427314116;0.9999999999999999;0.9999274434978233;0.9997526774995632;0.9997915089046842;1.0;1.002407605940603;0.9999222093270099;0.9999980848974577;1.0;1.0023705480656053;1.024999976158142;
2016-05-13 08:15:00;1.0;0.999988090362602;1.0;0.9999944540985339;0.9999517577494076;0.9999944544921646;1.00268364101854;0.9999938324362913;0.9999654285039186;1.0;0.9999950850853485;1.0023497580742724;1.0024290659064397;0.9999926783147927;0.9999965356392312;0.9999999999999999;0.9999975980401459;0.999951198680531;1.0008862992250063;0.9999922817299435;0.9999984160516212;1.0;0.9999981902791272;1.0026651027111113;1.0026917587911204;0.9999999999999999;1.0;0.999995565625499;1.0010652474966224;1.000563320515615;1.0000806860537597;0.9999246615908738;0.9999547721981761;1.0;0.9998971115840589;0.9996687262559067;0.9997360759716394;1.0;1.0024456251297778;0.999953496838373;0.9999988025757359;1.0;1.002392391068481;1.024999976158142;
2016-05-13 08:30:00;1.0;0.99998043109404;1.0;0.9999954317453842;0.9999197811841801;0.9999939212420642;1.002704152845958;0.9999914080618947;0.9999414983207116;1.0;0.9999977345067141;1.0023414349030175;1.002427114466109;0.999989757915953;0.9999943117891718;1.0;0.9999982990903714;0.9999192129614416;1.000893093769206;0.9999869369708179;0.9999983842548199;1.0;0.9999987063908671;1.0026848009754794;1.0027122948548115;1.0;0.9999999999999999;0.9999946809528583;1.001061841273632;1.000554513788576;1.000064249069976;0.9999066328973902;0.9999243990323604;1.0;0.9998980141472424;0.9996365505251631;0.9997124702861003;1.0;1.002464453173366;0.9999223976981123;0.9999987791164904;1.0;1.0023870274034632;1.024999976158142;
2016-05-13 08:45:00;1.0;0.9999786247396274;1.0;0.99999359206621;0.9998812182777237;0.9999900264121339;1.0028475384673508;0.9999855872002601;0.9999105191289597;1.0;0.9999985252238058;1.0024758809439174;1.0025638212632082;0.9999851904906389;0.9999937868198823;1.0;0.9999980744384074;0.9998807619457876;1.00094032961715;0.9999800159534484;0.9999986899276053;1.0;0.9999985486445969;1.0028279456991596;1.0028556623811349;1.0;1.0;0.9999916900448815;1.0010626212077343;1.0004913838263458;1.0000006501994918;0.9998439032553197;0.9998887872936563;1.0;0.999846081287505;0.9995338412591335;0.9996522758191655;1.0;1.0025947983414005;0.9998858965383157;0.9999990099099156;1.0;1.0025225865233578;1.024999976158142;
2016-05-13 09:00:00;0.9999999999999999;0.9999470507630455;1.0;0.9999952511378837;0.9998421904997387;0.9999925870409152;1.00289573202885;0.9999870140247417;0.9998873243906727;0.9999999999999999;0.99999896676316;1.0025052877952514;1.0025937470275141;0.9999804090455959;0.9999846146680181;1.0;0.9999983006704993;0.999841492138224;1.0009560796359134;0.999974825152164;0.9999979787416837;1.0;0.9999986984211783;1.0028750217856908;1.0029043047065325;1.0;1.0;0.9999920148252555;1.001133454433292;1.0005540864435278;1.0000608582861406;0.9998936557113843;0.9998485232827169;1.0;0.9998401332460763;0.9996031565244299;0.9996949831654948;1.0;1.0026381526796053;0.9998448292129876;0.9999984730644927;1.0;1.002550081785721;1.024999976158142;
2016-05-13 09:15:00;0.9999999999999999;0.9999373692510749;1.0;0.9999921322061761;0.9998067882759671;0.9999891582586712;1.0028739467934398;0.9999828256933748;0.9998616788064099;1.0;0.9999965907022179;1.0024493729836346;1.0025445056534996;0.9999752125298575;0.9999818022481264;0.9999999999999999;0.9999970408590194;0.9998058678382533;1.0009492465372936;0.9999690870391398;0.999997320765972;1.0;0.9999977542146847;1.0028507456547824;1.0028838380168206;1.0;1.0;0.9999891130638565;1.001145959580644;1.0005798720363954;1.0000784824073183;0.9999055322185728;0.9998149604791603;1.0;0.9998551830164721;0.9996142907440855;0.9996960469375017;1.0;1.0026189779152186;0.9998104009447806;0.9999979760485913;1.0;1.0024971510537775;1.024999976158142;
2016-05-13 09:30:00;1.0;0.9999426470892456;1.0;0.9999941894242567;0.9998318562096977;0.9999916824754176;1.0028816716741344;0.9999860313789458;0.999880291230991;1.0;0.9999978539967807;1.0024880377738556;1.0025765077366389;0.9999787106964174;0.9999833194298859;1.0;0.9999978037440598;0.9998310659259219;1.0009515762823897;0.9999732489501153;0.999997706964506;1.0;0.9999983256787283;1.0028604499536193;1.0028905965582557;1.0;1.0;0.9999911738362764;1.0011174821203614;1.0005379474751226;1.0000548415782218;0.9998939432090116;0.9998385072680238;1.0;0.9998320207193899;0.9996112195729208;0.9997001282548466;1.0;1.0026254448427105;0.9998345622146789;0.9999982670492389;1.0;1.002532527613707;1.024999976158142;
2016-05-13 09:45:00;1.0;0.9999200335674325;0.9999999999999999;0.999993662455697;0.9997659812172699;0.9999899700299293;1.0030320162931405;0.9999818576763027;0.9998342894442654;1.0;0.999998828758323;1.0025877750396968;1.0026848940593465;0.9999714976562056;0.999976749792431;0.9999999999999999;0.9999976120510559;0.9997645508356394;1.0010007187041845;0.9999629552842809;0.9999958333201442;0.9999999999999999;0.9999981394799387;1.0030082166943721;1.0030419992688573;1.0;1.0;0.9999887437611423;1.0011697296736701;1.0005453080450548;1.0000425318112651;0.999870777310465;0.9997756091472585;1.0;0.9998083077014563;0.99955884407523;0.9996647162708165;1.0;1.002762452550391;0.9997700108358534;0.9999968563911569;1.0;1.0026354312780263;1.024999976158142;
2016-05-13 10:00:00;1.0;0.9999539853663825;0.9999999999999999;0.9999902587480994;0.9997937508822333;0.999984540996664;1.0029793559532565;0.9999768013542032;0.9998461636667643;1.0;0.9999981504686456;1.0026027187403792;1.0026888248996737;0.9999740107532953;0.9999866350015987;1.0;0.9999971302457791;0.9997932042277755;1.000983890720609;0.9999656205726287;0.9999983759915803;0.9999999999999999;0.9999978463276012;1.0029592037896502;1.0029877657522586;1.0;0.9999999999999999;0.9999864540859985;1.0010752363064084;1.0004402614289831;0.9999916457653013;0.9998554558473766;0.9998052244955155;1.0;0.999763505931666;0.9995807123921558;0.9996837790965611;0.9999999999999999;1.0027141757564084;0.9998003485709356;0.9999987718992525;1.0;1.0026467065453317;1.024999976158142;
2016-05-13 10:15:00;1.0;0.9999741434842626;1.0;0.9999864440684176;0.9997878819797433;0.9999789037410602;1.0030223554717748;0.9999708054834513;0.9998366741452211;1.0;0.9999968977424187;1.0026556704945313;1.0027414647715462;0.9999731848813992;0.9999924921556026;1.0;0.9999961385562962;0.9997872756098417;1.0009980192614485;0.9999635060009396;0.9999982100408749;1.0;0.999997111156858;1.0030025210862656;1.0030307945669599;1.0;1.0;0.999983337465751;1.0011665511013363;1.0005486336050913;1.0000572854540544;0.9998935552804757;0.9998030808717282;0.9999999999999999;0.9998078760262002;0.999609022849481;0.9996975305031557;1.0;1.0027536735944869;0.9997978984787311;0.9999986474223548;1.0;1.0027008896917426;1.024999976158142;
2016-05-13 10:30:00;1.0;0.9999794192826041;1.0;0.9999874106539185;0.9998140964851289;0.9999808274183324;1.0031220790987414;0.9999738839364914;0.9998566921009504;0.9999999999999999;0.9999966211359647;1.002639665200869;1.0027544117919296;0.9999764184595443;0.9999940191329576;0.9999999999999999;0.9999963093463162;0.9998134395499524;1.001031382537904;0.9999679802035984;0.9999980768243144;1.0;0.9999972335026017;1.003096297520494;1.0031329458640692;1.0;1.0;0.9999850207496814;1.001185708712946;1.000535364647521;1.000035689410866;0.9998701048582724;0.9998278935403948;0.9999999999999999;0.9997887493003997;0.9995692037948847;0.9996457789148323;1.0;1.002846537478793;0.9998232935772431;0.9999985471896229;1.0;1.0027011163952404;1.024999976158142;
2016-05-13 10:45:00;1.0;0.9999806452289954;1.0;0.9999912720215411;0.999901157049953;0.9999897315238883;1.003026170945522;0.999987308261841;0.9999271461367116;1.0;0.9999940847145677;1.0026417075331693;1.0027319630552443;0.9999863512600355;0.9999943852265761;1.0;0.9999965918535616;0.9999003085497518;1.0009988128610485;0.9999837290564467;0.9999975737498532;1.0;0.9999974283046554;1.0030046834271218;1.0030356481377558;1.0;1.0;0.9999917659445493;1.0011113097875488;1.0004731760915424;1.0000118887280407;0.9998694259760363;0.9999077677979007;0.9999999999999999;0.9997728598242116;0.9995984757834359;0.999686330512436;1.0;1.0027576435215941;0.9999052194217989;0.999998169150558;1.0;1.0026898248780944;1.024999976158142;
2016-05-13 11:00:00;1.0;0.9999773930614193;1.0;0.9999959576850248;0.9999054390082514;0.9999941497870292;1.0029559529182341;0.9999910834551252;0.99993219101439;1.0;0.9999985549741359;1.0025773960152355;1.002665550114557;0.9999890715881014;0.9999934435702598;0.9999999999999999;0.9999984131365175;0.999904287152605;1.000975110097636;0.9999848576978969;0.9999967235133496;1.0;0.9999987495305118;1.0029359153572268;1.0029644005960594;1.0;1.0;0.9999946563711359;1.001088171608519;1.0004707941053126;1.0000043442372977;0.999858120657449;0.9999115303723998;1.0;0.9997935320549715;0.9995741295023359;0.9996751315647427;1.0;1.0026933931788293;0.9999090090546968;0.9999975278763873;1.0;1.0026241363745805;1.024999976158142;
2016-05-13 11:15:00;0.9999999999999999;0.9999795630891063;1.0;0.9999934390648352;0.9998944456066492;0.9999912189236345;1.00309307473119;0.9999879958717827;0.9999226820223731;1.0;0.9999968080186217;1.0025637679842676;1.0026892021748175;0.9999869772057637;0.9999940637269935;1.0;0.9999975355138007;0.9998933367372284;1.00102125411228;0.9999827319353177;0.9999968325895932;1.0;0.9999981056378702;1.0030648916457323;1.0031049801781302;1.0;1.0;0.999992680985774;1.0010879044489407;1.000406720628603;0.9999365688834562;0.9997890066365229;0.9999017836202063;0.9999999999999999;0.9997448072675076;0.9994582269712837;0.9995725320023203;1.0;1.0028209201592928;0.9998989920023734;0.9999976116198419;0.9999999999999999;1.0026310869408062;1.024999976158142;
2016-05-13 11:30:00;1.0;0.9999797797809673;1.0;0.9999945129652628;0.9999106987163403;0.9999930149414176;1.0029867648069972;0.9999904555284227;0.9999354406335722;1.0;0.9999969103956671;1.0024913732422316;1.0026087283416318;0.9999888462506562;0.999994127402801;0.9999999999999999;0.9999978254464664;0.9999097077171126;1.0009863161865047;0.9999855819714;0.9999971770336854;1.0;0.9999983276150407;1.002960357585145;1.0029979211236262;1.0;1.0;0.9999940096656046;1.0010861676353777;1.0004523615789547;0.9999890407656312;0.9998447187114329;0.9999165132045533;1.0;0.9997777514338873;0.9995542070943275;0.9996348316446596;1.0;1.0027237232554367;0.9999141547871868;0.9999978693371437;1.0;1.0025542800816052;1.024999976158142;
2016-05-13 11:45:00;1.0;0.999978552985779;0.9999999999999999;0.9999945197197266;0.9999121885986504;0.9999933908157598;1.002977532014316;0.9999910725112026;0.9999373262479118;0.9999999999999999;0.9999964818424537;1.0026409849820503;1.0027188168638639;0.9999890294202075;0.9999937645667111;1.0;0.9999976945115959;0.9999110506261039;1.0009820799216447;0.9999860029994436;0.9999967510281236;1.0;0.9999982207949629;1.002959086058246;1.0029855763110316;1.0;1.0;0.9999942445116402;1.0010492160680247;1.0004050009909735;0.9999706935752731;0.9998437837680753;0.9999178541411726;0.9999999999999999;0.9997491834496349;0.9995757612404805;0.9996860216532935;1.0;1.0027123824713542;0.9999154918652111;0.9999975510066897;1.0;1.002682145339621;1.024999976158142;
2016-05-13 12:00:00;1.0;0.9999744345026984;1.0;0.9999946181053662;0.999910622573433;0.9999939181849774;1.0030393378078104;0.999991729757072;0.999937237827309;1.0;0.9999960652675125;1.002532999163247;1.0026519428376748;0.9999887067972273;0.9999925683336139;1.0;0.9999975913479602;0.9999094141412721;1.0010033700270715;0.9999859834966908;0.9999965512251243;1.0;0.9999981398089833;1.0030120717593365;1.0030509820158195;0.9999999999999999;1.0;0.9999944527096419;1.0010777429632416;1.0004264219363779;0.9999659048626042;0.999828718645627;0.9999158609332452;0.9999999999999999;0.9997625256037543;0.9995380144445979;0.9996247583050762;1.0;1.0027715835736681;0.9999134681090786;0.9999974004701591;1.0;1.002596403225634;1.024999976158142;
2016-05-13 12:15:00;0.9999999999999999;0.9999739979249553;1.0;0.9999933282707967;0.9998494240619569;0.9999913336557541;1.0030864301117732;0.9999875649927674;0.9998964500977084;1.0;0.9999964799320917;1.0027073865593592;1.0027887056664813;0.9999856634828038;0.9999924540541975;1.0;0.9999965705508385;0.9998449619014649;1.0010152661723677;0.9999768669333626;0.9999873084589149;0.9999999999999999;0.9999971591909941;1.0030653446879862;1.0030962435634319;1.0;1.0;0.999992438301278;1.0010893393526425;1.0004199174114254;0.999972427561671;0.9998416891110381;0.9998637856418152;1.0;0.9997372591775388;0.9995677604873933;0.9996786115642159;1.0;1.0028124617219256;0.9998588321265555;0.9999904272601564;1.0;1.0027501440728124;1.024999976158142;
2016-05-13 12:30:00;0.9999999999999999;0.9999618592224302;0.9999999999999999;0.9999934518251455;0.9998421940257018;0.9999913234227736;1.0030246996433916;0.9999868824211112;0.9998899731892261;1.0;0.9999967473640101;1.00266014615835;1.0027391719791916;0.9999828867067063;0.999988928999063;1.0;0.9999969370215611;0.9998391044561971;1.0009961726522345;0.9999754183964707;0.9999911959789127;1.0;0.9999975255705599;1.0030045111665624;1.0030338290820429;0.9999999999999999;1.0;0.9999918559131042;1.0010628099094583;1.0004102331680296;0.9999694353434846;0.9998426215423153;0.9998536670045283;1.0;0.9997452726737324;0.9995731246706775;0.9996854339306234;0.9999999999999999;1.002755632396923;0.9998490783974582;0.9999933586630476;0.9999999999999999;1.0027008029341644;1.024999976158142;
2016-05-13 12:45:00;1.0;0.9999674895518035;1.0;0.9999904075839532;0.999863242866915;0.9999880147361242;1.0030396355393503;0.9999840596330821;0.9998995558671803;1.0;0.999994331781902;1.0026498476052108;1.0027400495794896;0.999981531584701;0.9999905870714954;1.0;0.9999963992728905;0.9998624648613199;1.0010033562839236;0.9999775633455176;0.999997761106526;1.0;0.9999972912919005;1.003017850440323;1.0030491884710835;1.0;1.0;0.9999898577786667;1.0010429491593114;1.000374605519254;0.9999430320947413;0.999821892584295;0.9998710308231588;1.0;0.9997272151280057;0.9995469470849309;0.9996589521363296;1.0;1.002769634003421;0.9998676783410975;0.9999983099525819;1.0;1.002697026159654;1.024999976158142;
2016-05-13 13:00:00;0.9999999999999999;0.9999770327952361;1.0;0.9999869613270319;0.9998781875310564;0.9999852072811298;1.0030689000456203;0.9999825624647766;0.9999090292396181;1.0;0.9999905308591971;1.0026971561427733;1.0027839611349503;0.9999817169778173;0.9999933353647968;1.0;0.9999949704209136;0.9998775182267546;1.0010133577940872;0.9999796748258368;0.9999980622288276;1.0;0.999996245669533;1.0030470923070083;1.0030788749029886;1.0;1.0;0.9999884050447226;1.0011031907295438;1.0004476807791258;0.9999798664940257;0.9998370244955648;0.9998860329186142;1.0;0.9997617486151095;0.99954306156025;0.9996589165912896;1.0;1.0027964173505572;0.9998830084983718;0.9999985352138802;1.0;1.0027431310695378;1.024999976158142;
2016-05-13 13:15:00;1.0;0.9999792746018784;1.0;0.9999864581199662;0.9998819598208342;0.9999847284497716;1.0030741634127625;0.9999822659878934;0.9999112022675785;1.0;0.9999900515151198;1.0026717712164113;1.0027665766755;0.9999818544674282;0.9999939777854049;0.9999999999999999;0.9999948060501982;0.9998814146817308;1.0010154054141038;0.999980161092786;0.9999984102880092;1.0;0.9999961332150087;1.0030506948781421;1.0030848327891126;1.0;1.0;0.9999881856464922;1.001082203256851;1.0004126988541835;0.99996812623055;0.9998380964816959;0.999889675848056;1.0;0.9997346519250687;0.9995622500205561;0.9996616998423065;1.0;1.0028018290856822;0.999886767969237;0.999998799693331;0.9999999999999999;1.0027222843961463;1.024999976158142;
2016-05-13 13:30:00;1.0;0.9999803593380092;1.0;0.9999922384320845;0.999896392926662;0.9999903887195821;1.0029589717814777;0.9999875985483883;0.9999241773846872;1.0;0.9999953118072001;1.0026292765193114;1.0027055239808764;0.9999866501505182;0.999994289534938;1.0;0.9999969692823545;0.9998952410814366;1.000976153675697;0.9999830638233888;0.9999967108698687;1.0;0.999997685244605;1.002940570454427;1.0029671352817067;1.0;0.9999999999999999;0.999992170409099;1.0010139147833896;1.0003556372687672;0.9999488371815679;0.999834986852352;0.9999037369221702;1.0;0.999717683795693;0.9995777952001909;0.9996887213597585;1.0;1.0026955701570288;0.999900971906314;0.9999975179930971;1.0;1.0026696943094044;1.024999976158142;
2016-05-13 13:45:00;1.0;0.9999792019728941;0.9999999999999999;0.9999888197660893;0.999883015371414;0.9999868577348081;1.00295806376818;0.9999840485477798;0.9999129989032914;1.0;0.9999924171303354;1.0026975894527372;1.0027569645277539;0.9999834569133645;0.999993958777753;1.0;0.9999957030705773;0.9998821147701472;1.0009758979572527;0.9999805645224997;0.9999974145708388;1.0;0.9999967695093251;1.0029424333682864;1.0029653943896162;1.0;1.0;0.9999896445563619;1.0010477654946994;1.0004187702228626;0.9999742728090675;0.9998446975471026;0.9998910479196247;1.0;0.999766737555765;0.9995724855541074;0.9997024891957093;0.9999999999999999;1.0026936164141393;0.9998880493135909;0.9999980476257972;1.0;1.002728681574418;1.024999976158142;
2016-05-13 14:00:00;1.0;0.9999817299785501;1.0;0.9999808515971442;0.9999021916424267;0.9999817403868303;1.002998661399373;0.9999819873075395;0.9999273879006471;1.0;0.9999820097737725;1.0027939865286808;1.0028395547174993;0.9999811373090499;0.9999946969775758;1.0;0.999991939722185;0.9999014733319863;1.0009897657955904;0.9999837720896917;0.9999979073911079;1.0;0.9999940081820057;1.0029830969601432;1.0030071206513125;1.0;1.0;0.9999864264616093;1.0010915490485428;1.0004642259503824;1.0000188582442442;0.9998890769560342;0.9999087314247734;1.0;0.999767077104852;0.9996457863016183;0.9997572247312108;1.0;1.0027301929429182;0.9999062418896324;0.9999984190375296;1.0;1.0028176888633273;1.024999976158142;
2016-05-13 14:15:00;1.0;0.9999714699965272;1.0;0.9999847155975939;0.9998796055408824;0.9999846015051099;1.0029394195105106;0.9999831425166699;0.9999125035393339;1.0;0.9999866159674288;1.0027749601743223;1.0028091337681433;0.9999806584474012;0.9999917158692158;1.0;0.9999935654555782;0.9998785579755702;1.0009693867652498;0.9999804491266601;0.9999969720365344;0.9999999999999999;0.9999951834919494;1.0029270346424521;1.002946145444016;0.9999999999999999;1.0;0.9999878494797616;1.001102690816086;1.000496154067298;1.0000484295436711;0.9999110250181246;0.9998869004121075;1.0;0.9997859608794882;0.99967233610134;0.9997847048490124;0.9999999999999999;1.0026750866489187;0.9998838268747142;0.9999977162756271;0.9999999999999999;1.0027917041995418;1.024999976158142;
2016-05-13 14:30:00;1.0;0.999964967477749;0.9999999999999999;0.9999880784291201;0.999833470061661;0.9999846723478485;1.0027849625053042;0.9999797181187556;0.9998766966731034;1.0;0.9999934830109611;1.0026676655478024;1.0026900854205443;0.999977698922513;0.9999898260529584;1.0;0.9999956651385692;0.9998324822660847;1.0009182195545623;0.9999724475379449;0.9999971333244915;1.0;0.9999967354274255;1.0027768064932867;1.002789191581177;1.0;1.0;0.999987284269596;1.0010211625101446;1.0004418639316452;1.000028314700048;0.9999069990536751;0.999843708670278;1.0;0.9997838159357131;0.9996848921738748;0.9998041538046959;1.0;1.002533366236129;0.9998395769238742;0.9999978370852802;1.0;1.0026775160275654;1.024999976158142;
2016-05-13 14:45:00;1.0;0.999912514346278;0.9999999999999999;0.9999725997309921;0.9996173029435678;0.9999643565786799;1.0031248275127327;0.9999527526203211;0.999715154101709;1.0;0.9999857227541435;1.0029431059091014;1.0029745903750003;0.9999466925373568;0.9999745901719036;1.0;0.9999905150695146;0.9996162402029701;1.00103140903194;0.9999362547688285;0.9999966414308703;1.0;0.9999929338271297;1.0031108630023036;1.0031322889481185;1.0;1.0;0.9999699284047474;1.001274562651915;1.000644099377818;1.0001583438143087;0.9999903809024075;0.9996383077246109;1.0;0.9997875792074481;0.9997627071338532;0.9998458462308815;0.9999999999999999;1.00284278695705;0.999629264017481;0.9999974552664129;1.0;1.0029542741340534;1.024999976158142;
2016-05-13 15:00:00;1.0;0.9999750080355099;1.0;0.9999902864298728;0.9998866853886744;0.999988514402657;1.0027468703246423;0.9999856066985455;0.9999162876007817;0.9999999999999999;0.9999934894719895;1.0026404992130908;1.002662078143259;0.9999839626137565;0.9999927532233454;1.0;0.9999962820874833;0.9998860467205924;1.000905736125841;0.9999813014333813;0.9999981650690313;0.9999999999999999;0.999997214681344;1.002739397559936;1.0027507504392241;1.0;1.0;0.9999906247544199;1.0009888503691402;1.0004182731492006;0.9999985394585582;0.9998764831825235;0.999893432601962;0.9999999999999999;0.9997960921117114;0.9996330432691876;0.9997743966758548;0.9999999999999999;1.0024986863472953;0.9998906418038249;0.9999986134523123;1.0;1.0026505897718787;1.024999976158142;
2016-05-13 15:15:00;1.0;0.9999750080355101;1.0;0.9999866054432547;0.9998704071585686;0.9999844973114422;1.0027691568451518;0.9999814408258031;0.999902709230777;0.9999999999999999;0.9999906308143376;1.00266152693791;1.00268354673311;0.9999805219065856;0.9999927532233454;1.0;0.9999949518143275;0.9998699400965414;1.0009135196472816;0.9999782633895774;0.9999986342440955;1.0;0.9999962461377673;1.0027608666785996;1.0027736558498361;1.0;0.9999999999999999;0.9999877870278939;1.001019310834126;1.0004492650418209;1.0000267612954206;0.9999016379380704;0.999878376166812;1.0;0.9997979057452099;0.9996709557966432;0.9997954202055553;1.0;1.0025191614356463;0.9998752443603778;0.9999989667799105;1.0;1.002671859063281;1.024999976158142;
2016-05-13 15:30:00;1.0;0.9999686544096793;1.0;0.999990448796853;0.9998834387135073;0.999989261772314;1.0027317503124815;0.9999865017478449;0.9999155077374184;1.0;0.999992956966463;1.0026065395018797;1.002631752970771;0.9999833596313661;0.9999908884846859;1.0;0.9999961509148678;0.9998826882066043;1.0009008970673852;0.9999811231707442;0.9999978403733344;1.0;0.9999971101420327;1.00272310691692;1.0027361846832206;0.9999999999999999;1.0;0.9999908786782074;1.0009986894351508;1.000439927116687;1.0000309974800268;0.9999154765343573;0.999889606939409;1.0;0.9997981759266458;0.9997067984895834;0.9998133703371493;1.0;1.0024852088740643;0.9998867442663533;0.9999983678193568;1.0;1.0026181754547372;1.024999976158142;
2016-05-13 15:45:00;1.0;0.9999828873179984;0.9999999999999999;0.9999855629334958;0.9999215296054528;0.9999865168204661;1.0027381953973737;0.9999867277574658;0.9999428499434967;1.0;0.999986096506081;1.0026342015869663;1.0026553292166864;0.9999853775827354;0.9999950277243502;1.0;0.9999937777365534;0.9999207591625755;1.00090325611648;0.999987231078156;0.9999977849662739;1.0;0.9999953594041646;1.0027288813943407;1.0027436900789717;1.0;1.0;0.9999898434579508;1.0010071746747295;1.0004526065475707;1.0000443308314355;0.9999310670641184;0.9999266220365071;1.0;0.9998011011320945;0.9997358983805835;0.9998320686903661;1.0;1.0024914532621017;0.9999245778810311;0.9999983262587443;1.0;1.0026445894243148;1.024999976158142;
2016-05-13 16:00:00;1.0;0.9999778287908145;1.0;0.9999876027960721;0.9998930515161094;0.9999868668058006;1.0027017270903942;0.99998513618475;0.9999216713458746;1.0;0.9999899002522235;1.0025964527490716;1.0026171500583227;0.9999837063746141;0.999993561098344;1.0;0.9999949065265067;0.9998920605343716;1.0008909279830864;0.9999824997171227;0.9999971522735149;0.9999999999999999;0.9999961760099169;1.0026933120708426;1.0027064719226526;1.0;1.0;0.9999896864727135;1.0010049521002533;1.0004632417899904;1.0000528597843494;0.9999366805337512;0.9999001018560945;1.0;0.9998130323244241;0.9997410634893877;0.9998360319094598;0.9999999999999999;1.0024580327845638;0.9998973275985966;0.9999978499877573;1.0;1.0026062536640212;1.024999976158142;
2016-05-13 16:15:00;0.9999999999999999;0.9999707440655355;0.9999999999999999;0.9999953892565859;0.9998895934115771;0.9999929891936833;1.0026037931432212;0.9999890702240184;0.99991947588962;0.9999999999999999;0.9999987472026525;1.0024998798336586;1.002520871266756;0.9999863526352022;0.999991518903638;1.0;0.9999984404220702;0.9998890267979407;1.0008583942266454;0.9999820179432746;0.9999983807868519;1.0;0.9999988106802811;1.0025978489003884;1.0026064418579053;1.0;1.0;0.9999934846404419;1.0009365260599867;1.0004005604427466;1.0000195762442838;0.999916104053093;0.999895333945086;1.0;0.9997987162343887;0.9997236636267892;0.9998267744511586;1.0;1.0023681726255218;0.9998926695758859;0.9999987774151354;1.0;1.0025093531802423;1.024999976158142;
2016-05-13 16:30:00;0.9999999999999999;0.999971970835324;1.0;0.999993162894913;0.9998736961560611;0.9999900237783165;1.002571528141347;0.999985585614784;0.9999061385312448;0.9999999999999999;0.9999976434391292;1.0024657386577307;1.0024874131863584;0.9999838730853984;0.9999918817468499;1.0;0.9999977594345045;0.9998732091816538;1.0008480314623962;0.999979037825761;0.9999986030158681;1.0;0.9999983143017949;1.0025652089781085;1.0025744367152476;1.0;1.0;0.9999914132608702;1.000932728081403;1.0004098940111632;1.000023985388204;0.9999176681875408;0.9998809231715403;1.0;0.9998125366387594;0.9997219043525315;0.9998249551219227;1.0;1.002339013065943;0.9998778893490815;0.9999989441079299;1.0;1.0024756732856566;1.024999976158142;
2016-05-13 16:45:00;1.0;0.9999756613363154;1.0;0.9999949248102988;0.9998921290490137;0.9999926559647452;1.002624557864251;0.9999890988118775;0.9999217835466417;1.0;0.9999981841486013;1.0025328014237669;1.0025502503663024;0.999987226835153;0.9999929311820428;1.0;0.9999981124158827;0.9998910062914665;1.000864718963693;0.9999825323411804;0.9999968042424249;1.0;0.9999985299047427;1.0026190465593303;1.0026272163787044;1.0;1.0;0.9999934877103149;1.0009243425086294;1.0003834987809315;1.0000075051534865;0.9999120795181341;0.9998990708108991;1.0;0.9997912647240448;0.9997277358391674;0.9998319495779354;1.0;1.0023870599360898;0.9998962479888543;0.9999975878481105;1.0;1.002540671459158;1.024999976158142;
2016-05-13 17:00:00;0.9999999999999999;0.9999781907399615;1.0;0.9999946979421659;0.9998997356820181;0.9999925823175125;1.0026252936401472;0.9999893499097687;0.9999269489291206;1.0;0.9999978018910668;1.0025420827284774;1.002557974405914;0.9999878324406924;0.9999936627890283;1.0;0.9999980359296514;0.9998987569971014;1.0008650741966827;0.9999836849776593;0.9999972055601256;1.0;0.9999984836296579;1.0026201533187253;1.0026278164426758;1.0;1.0;0.9999935744411841;1.0008726335325109;1.0003262013573968;0.9999701071527085;0.9998954803726874;0.9999062449639929;1.0;0.9997733083328108;0.9997276166025066;0.9998331014073218;1.0;1.0023876455129526;0.9999036344523765;0.9999978922562128;1.0;1.0025492744893278;1.024999976158142;
2016-05-13 17:15:00;1.0;0.9999724114786115;1.0;0.9999944493038219;0.9999005206920715;0.9999928445202758;1.002570994734238;0.9999897987298821;0.9999279613684051;1.0;0.9999969830532491;1.0024993078942053;1.0025123952936363;0.9999869794844043;0.9999919796898225;1.0;0.9999978864790905;0.9998999341608532;1.0008475916885629;0.9999839096546645;0.9999983173747448;1.0;0.999998400963948;1.0025662263253892;1.002573378422917;1.0;1.0;0.9999935308959391;1.0009392070832939;1.0004006437844835;1.0000386841764721;0.9999369096208384;0.9999055940847006;1.0;0.999782857710941;0.9997602909655919;0.9998550691078288;0.9999999999999999;1.002337961524392;0.9999031736093583;0.9999987296028645;1.0;1.0025045599859268;1.024999976158142;
2016-05-13 17:30:00;0.9999999999999999;0.9999661951157685;1.0;0.999993640974595;0.9998672668762526;0.9999906699965667;1.0025780279144147;0.9999860290270115;0.9999024981473051;1.0;0.9999978806864285;1.0025013867531907;1.0025151310262495;0.9999831323376773;0.9999901856407829;1.0;0.9999978705423708;0.9998667277653136;1.0008499948712002;0.9999782205866435;0.9999984495909132;1.0;0.9999983925418503;1.002573208335703;1.0025803189059517;1.0;0.9999999999999999;0.9999915890808593;1.00090846832267;1.0003859023031527;1.0000200480553418;0.9999324656998088;0.9998742146449697;1.0;0.9997990449538645;0.9997717062255441;0.9998616513390125;1.0;1.0023442526575757;0.9998710464053334;0.9999988270918697;1.0;1.0025065693241906;1.024999976158142;
2016-05-13 17:45:00;1.0;0.9999723371541559;1.0;0.9999953380661851;0.9998832547389321;0.9999927980927046;1.0025713808517907;0.9999887715580015;0.9999155865082829;1.0;0.9999988729880417;1.002495927087043;1.0025089177743916;0.9999864444077102;0.999991967188354;1.0;0.9999983090745125;0.9998820738589049;1.000847098017861;0.999981147078554;0.9999966310095743;1.0;0.9999986707875478;1.0025668549530131;1.0025735775480553;1.0;0.9999999999999999;0.99999339806535;1.0009380179547964;1.000399310756064;1.000037588258482;0.99993619607983;0.999890523948272;1.0;0.9997826763367226;0.9997596901318356;0.9998548291823426;0.9999999999999999;1.0023383395909353;0.9998874890371848;0.9999974586959735;1.0;1.0025011231916092;1.024999976158142;
2016-05-13 18:00:00;1.0;0.9999732786349411;1.0;0.9999875017547769;0.9997398246833074;0.9999791079337969;1.002762952886349;0.999969783821013;0.999807065492468;1.0;0.9999989090204073;1.0026668257644549;1.0026794920280862;0.9999725248651461;0.9999922310090893;1.0;0.9999959197640048;0.999735796480164;1.000908269392529;0.9999568715484553;0.9999884515524785;1.0;0.9999967098960323;1.0027570188685906;1.0027663175574404;1.0;1.0;0.9999832569548909;1.0010918676980884;1.0005264043880462;1.0001169299537969;0.9999834720068375;0.9997631393612604;1.0;0.9997914623038419;0.9997963361618292;0.9998757649940536;1.0;1.0025134080342097;0.999755659069205;0.9999912865369401;1.0;1.0026719069201973;1.024999976158142;
2016-05-13 18:15:00;1.0;0.999974794788675;0.9999999999999999;0.999987641050005;0.9997649177216259;0.9999800641592295;1.0027523167349488;0.9999716568533726;0.9998245656146227;1.0;0.999998042849543;1.002664636193526;1.0026771077702104;0.9999740990660438;0.9999926765408913;1.0;0.9999960084305354;0.9997618008753744;1.0009054764236576;0.999960789554574;0.9999910546861018;1.0;0.9999968391741402;1.0027467092637605;1.0027554553309976;0.9999999999999999;1.0;0.9999841037891607;1.0011365861930799;1.0005752592591093;1.0001532854938493;1.0000018453837554;0.9997852010699432;1.0;0.9998035410942089;0.9998035306318874;0.999879834508373;1.0;1.0025035231107278;0.9997786226273534;0.9999932521966758;1.0;1.0026697173381727;1.024999976158142;
2016-05-13 18:30:00;1.0;0.999970893030427;1.0;0.9999898301474159;0.9998188021296268;0.9999852981507467;1.0027100314088764;0.9999794476631102;0.9998669760031169;1.0;0.9999963752986979;1.002626339770637;1.002638759034875;0.9999789612071878;0.9999915439865208;1.0;0.999996318234593;0.9998164586031003;1.0008921377904436;0.9999702730851735;0.9999932882589971;1.0;0.9999971217708465;1.0027042447421828;1.0027132681494286;0.9999999999999999;1.0;0.999987871472987;1.0010930219962348;1.0005250568318644;1.0001267430888232;0.99998616361076;0.9998328552138991;1.0;0.9997820329122924;0.9997915349624134;0.9998735860675234;1.0;1.0024648562039233;0.9998278738902044;0.9999949352113245;1.0;1.0026311211467047;1.024999976158142;
2016-05-13 18:45:00;1.0;0.9999789140994944;1.0;0.9999924689461589;0.9998514777855324;0.9999888864274039;1.0027576843678292;0.9999842210065122;0.9998924839250871;1.0;0.9999975810401213;1.0026797177596207;1.002690934989591;0.9999841598397452;0.9999938695148631;0.9999999999999999;0.9999970675708363;0.9998487174428199;1.0009071612853322;0.9999759787350528;0.9999921375603433;0.9999999999999999;0.9999976448962837;1.0027525246455298;1.002760620802062;1.0;1.0;0.9999908488913274;1.0011157290776105;1.0005199409638257;1.0001222812749404;0.9999740249870727;0.9998644202468052;1.0;0.9997590993622821;0.9997620440110253;0.9998570863379909;1.0;1.0025081744462456;0.999860040050683;0.9999940662932777;1.0;1.0026843971184893;1.024999976158142;
2016-05-13 19:00:00;1.0;0.9999706780265949;1.0;0.9999933793629325;0.9998301851200695;0.9999906854921342;1.002796119524393;0.9999860457168619;0.9998825226936183;1.0;0.9999973622061307;1.0026954143699427;1.0027073608966472;0.9999840069117651;0.9999914738048608;1.0;0.9999966662675607;0.9998254165911056;1.0009180475468038;0.9999737526101526;0.9999864360412483;1.0;0.9999972082542418;1.0027894125002454;1.0028001306850547;1.0;1.0;0.9999917462774977;1.0011879612148817;1.0006026932619305;1.0001807235835132;1.000015998213704;0.999846063099898;0.9999999999999999;0.9997844899729984;0.9998110465894676;0.9998851150754152;1.0;1.002543537526957;0.9998405636209908;0.9999897667492287;1.0;1.0026999197326114;1.024999976158142;
2016-05-13 19:15:00;0.9999999999999999;0.9999747956161489;1.0;0.9999902562310826;0.9998254824242753;0.999986146077556;1.002793285321382;0.9999807930268446;0.9998731539848665;1.0;0.9999962499598581;1.0027088888249758;1.002720629056309;0.999980704706495;0.9999926732822563;1.0;0.9999962272193451;0.9998224709403911;1.0009187459504383;0.9999716574890842;0.9999914095643101;1.0;0.9999970078454768;1.0027873712411168;1.0027967305184426;1.0;1.0;0.9999886871854703;1.0011917641232275;1.0005964608390994;1.000176373986339;1.0000062256516;0.9998403454228852;0.9999999999999999;0.999774762591375;0.9997874654706875;0.9998714663505397;1.0;1.002540646911871;0.9998352794238503;0.9999935176716969;1.0;1.0027135683199815;1.024999976158142;
2016-05-13 19:30:00;1.0;0.9999764581450888;1.0;0.9999918549655318;0.99984748779463;0.9999890821626533;1.0027156462665126;0.9999849110904633;0.9998918488077639;1.0;0.9999960836521447;1.002631832996183;1.0026426044373893;0.9999840796748187;0.9999931536559264;1.0;0.9999964114366757;0.9998439568458115;1.000892660052799;0.9999758395045032;0.9999899654019262;1.0;0.9999971072118032;1.0027096613886015;1.0027192500619486;1.0;1.0;0.9999909369324664;1.0012063389916033;1.0006323911353048;1.0002169778913217;1.0000390347493062;0.9998612943343026;1.0;0.999789136324279;0.9998316587289184;0.9998972038495043;1.0;1.0024701659815527;0.999856583335649;0.99999242615117;1.0;1.0026360967257009;1.024999976158142;
2016-05-13 19:45:00;1.0;0.9999409824808856;1.0;0.9999892499601392;0.9995749729788715;0.9999847588847084;1.0031400363496104;0.9999755763813678;0.9997219712938703;1.0;0.9999962688163714;1.0028954803767887;1.0029108849590507;0.9999705742066904;0.999982848902212;1.0;0.9999917955240366;0.999555553940868;1.0010194463209108;0.9999378004291418;0.9999445775234727;1.0;0.9999925901411374;1.0031235502435758;1.0031512232720878;1.0;1.0;0.9999854972622407;1.0014688748589071;1.0008261237157083;1.0003303650884232;1.0001105629599207;0.9996257877373163;1.0;0.9997830050738243;0.9998956291464918;0.9999332541834312;1.0;1.0028600509437489;0.9996094574590444;0.999958180975164;0.9999999999999999;1.0028998147856583;1.024999976158142;
2016-05-13 20:00:00;0.9999999999999999;0.9999186589215748;0.9999999999999999;0.99998965815023;0.9995407179337796;0.9999854661528758;1.0032463221930288;0.9999753782918602;0.9997002837539989;1.0;0.9999963904326618;1.002980389601756;1.0029980498601245;0.9999661597544568;0.999976358628884;1.0;0.9999917745576904;0.9995210864192043;1.001054378225467;0.999932926843188;0.9999439067867746;1.0;0.9999925597104228;1.0032285781647179;1.003258044024218;1.0;1.0;0.9999848605360749;1.0015472278257989;1.0008915809051264;1.0003802426234911;1.0001515412537394;0.999591280144921;1.0;0.9997826317829072;0.9999531717167721;0.9999663577422133;1.0;1.0029565003252319;0.9995742080097476;0.9999576673118685;1.0;1.002984405271567;1.024999976158142;
2016-05-13 20:15:00;1.0;0.9999474110441784;1.0;0.9999903194454398;0.9996937506976747;0.9999873104254121;1.0029282754251871;0.9999804167187002;0.9997967800780733;1.0;0.9999952192174283;1.0027510892632763;1.00276509061995;0.9999752770166335;0.9999847228750287;1.0;0.999993675093187;0.999681805300421;1.0009559708426508;0.9999545589600825;0.9999659545100813;1.0;0.9999944999706831;1.0029159661161111;1.0029363114454117;1.0;1.0;0.9999879996472629;1.0013658167934683;1.0007618262768534;1.0003036722447565;1.0000992979231071;0.9997263797613576;1.0;0.9997908468142472;0.9998970022332098;0.9999346009184247;1.0;1.0026655955941035;0.9997153597773499;0.9999743103684944;1.0;1.0027551040150289;1.024999976158142;
2016-05-13 20:30:00;1.0;0.9999721915971401;1.0;0.9999930290760811;0.9998175931614125;0.9999910564868518;1.002748070912063;0.9999868873545985;0.9998775633076784;0.9999999999999999;0.9999962074313717;1.002633377449944;1.0026447329579646;0.9999848575976636;0.9999919290871359;1.0;0.9999958219164524;0.9998106912588186;1.0009004144761247;0.9999726462790508;0.9999803517281622;1.0;0.9999964362550271;1.0027400693671318;1.0027531896708108;1.0;1.0;0.9999921106082416;1.0012562285396014;1.000671278313657;1.000258848187534;1.000073651923172;0.9998373315391018;1.0;0.9997777319425445;0.9998804128188481;0.9999247264935281;1.0;1.002500481338654;0.999830811576468;0.9999851887686078;1.0;1.0026376680569649;1.024999976158142;
2016-05-13 20:45:00;1.0;0.999967785568403;1.0;0.9999931418234149;0.9998469563571284;0.9999904197990428;1.002675010862183;0.9999858519825866;0.9998914753362674;1.0;0.9999971690299546;1.0025917684279235;1.0026030049179928;0.9999832577981962;0.9999906436721181;1.0;0.999997074137255;0.9998442159370914;1.0008800257132793;0.9999757532358011;0.9999921941776659;0.9999999999999999;0.9999976511296067;1.0026693857116178;1.0026781768136768;0.9999999999999999;1.0;0.9999914623765616;1.0013314552927401;1.0007514632142003;1.0003370730025558;1.0001189019441856;0.9998585291689962;1.0;0.9997824062072553;0.999911910171901;0.9999432024531628;1.0;1.0024328763766923;0.9998541273755275;0.9999941088008824;1.0;1.0025956861349017;1.024999976158142;
2016-05-13 21:00:00;0.9999999999999999;0.9999677864363984;1.0;0.9999943617749646;0.9998601634901441;0.9999921060560947;1.002641840794191;0.9999879406808032;0.9999016581692608;1.0;0.9999976959818097;1.0025609266498028;1.0025719735347913;0.999984865277652;0.9999906404251423;1.0;0.9999974907380517;0.9998576022059606;1.0008692062443156;0.9999780305188964;0.9999927167000955;1.0;0.9999979707755152;1.002636500672358;1.002644793780343;0.9999999999999999;1.0;0.9999926860722363;1.0013278646358477;1.0007605932414037;1.00034706232209;1.0001288082071917;0.9998703670643113;1.0;0.9997924315687449;0.99992833058956;0.9999526728688211;1.0;1.0024026263277592;0.9998663470258553;0.9999945014691594;1.0;1.0025647397411;1.024999976158142;
2016-05-13 21:15:00;1.0;0.999970316054739;1.0;0.9999909951615935;0.9998486468272861;0.9999883624886606;1.002700689132214;0.9999841438672076;0.9998913142304513;0.9999999999999999;0.9999951572197728;1.0026235516565463;1.0026341036080053;0.9999822155999879;0.9999913721032699;1.0;0.9999963046720441;0.9998462511163341;1.0008888568801884;0.9999757176410156;0.9999931668908133;1.0;0.9999971081138409;1.0026948942115335;1.0027040802980707;0.9999999999999999;1.0;0.9999901644574439;1.001340441521107;1.0007520548037212;1.0003407449134454;1.0001240956098012;0.9998600534564867;1.0;0.9997732916760563;0.9999229453942385;0.9999498002235171;1.0;1.0024562409157638;0.9998557892514336;0.9999948432667841;1.0;1.002627268559656;1.024999976158142;
2016-05-13 21:30:00;1.0;0.9999708938973192;1.0;0.9999916737616413;0.9998295546375124;0.999987485091658;1.0025721462164607;0.999981840359029;0.9998757581410703;1.0;0.9999975882831664;1.0025024179720219;1.0025113932128533;0.999980900809951;0.9999915407394451;0.9999999999999999;0.9999969417531722;0.9998271620953141;1.000846518295928;0.9999722431541846;0.9999931686729007;1.0;0.9999975779430027;1.0025673944359914;1.0025748394319125;1.0;1.0;0.9999894406958362;1.0012900959357518;1.0007380001201363;1.0003317323165424;1.0001178355364069;0.9998427154471328;0.9999999999999999;0.9997997330843419;0.9999147427716603;0.9999466328503027;1.0;1.0023392031074123;0.9998379827566556;0.999994846589698;0.9999999999999999;1.0025053114269198;1.024999976158142;
2016-05-13 21:45:00;1.0;0.9999688708435388;1.0;0.9999908108547595;0.9998044210063399;0.9999869681083505;1.0026274554349648;0.9999813042514577;0.999861389280959;1.0;0.9999964449554078;1.0025403413576641;1.0025492565431;0.9999800317292957;0.999990952085864;1.0;0.9999959923545325;0.9997999530030289;1.0008630432859524;0.9999690270013456;0.9999872539225757;0.9999999999999999;0.9999967325689505;1.0026212189647064;1.0026313185034184;0.9999999999999999;1.0;0.9999889627370481;1.001301405935687;1.0007275721600484;1.0003285091406464;1.0001184719885352;0.9998219145829648;1.0;0.9997763196410961;0.9999209660139612;0.9999504623798077;1.0;1.002390071649234;0.9998158988737507;0.9999903878595148;0.9999999999999999;1.0025430608954717;1.024999976158142;
2016-05-13 22:00:00;1.0;0.9999654749511667;1.0;0.9999931240271067;0.9998329840372325;0.9999904811354964;1.0025842190784093;0.9999857275065723;0.9998832813087412;1.0;0.9999970725347278;1.002501203140279;1.0025102353197288;0.9999827402596905;0.999989965841975;1.0;0.9999967946060596;0.999829277100393;1.0008493868499007;0.999973920481515;0.9999894401197077;1.0;0.9999973773000534;1.0025784348183489;1.0025876662452653;1.0;1.0;0.9999913771316281;1.0013026223412516;1.0007478330647785;1.0003423340381028;1.0001276492314068;0.999846555248959;1.0;0.9997967661693768;0.9999300642229653;0.9999559131886725;1.0;1.0023504649517703;0.9998415108201227;0.999992033242835;1.0;1.0025037507709595;1.024999976158142;
2016-05-13 22:15:00;0.9999999999999999;0.9999656156080242;1.0;0.9999915335495483;0.999828892220492;0.9999884501125982;1.002557181943641;0.9999834346697992;0.9998781054337995;0.9999999999999999;0.999996169922507;1.0024785690161628;1.0024878402292294;0.9999809610259566;0.9999900235210202;1.0;0.9999964453544166;0.99982588857231;1.0008411408864204;0.9999727661644245;0.9999914219976533;0.9999999999999999;0.999997169179732;1.0025514708962382;1.0025605530515889;1.0;1.0;0.999989948677054;1.0012759847962145;1.0007194272775206;1.000326562352922;1.000118271322766;0.9998420145119653;1.0;0.9997866931867941;0.9999226529132378;0.9999514638269115;1.0;1.0023257815726225;0.9998371026117119;0.9999935321837737;1.0;1.0024812615036733;1.024999976158142;
2016-05-13 22:30:00;1.0;0.9999606292612869;1.0;0.9999907625498349;0.9998239006699732;0.9999876325081163;1.002570564544112;0.9999823953740488;0.9998736384653273;1.0;0.9999955456464282;1.002492358824832;1.0025021342136367;0.9999791686627726;0.9999885792373916;1.0;0.9999962868755322;0.9998215296145752;1.0008461637075625;0.9999717655623591;0.9999932152788054;1.0;0.999997096721469;1.002564748895474;1.0025739139168965;1.0;1.0;0.9999891426854376;1.0012849292675043;1.000726446655026;1.0003348490389163;1.0001273799346218;0.9998359347165829;1.0;0.9997842530131951;0.9999391199693044;0.9999608984214523;0.9999999999999999;1.0023377757792178;0.9998311457401914;0.9999948822207618;0.9999999999999999;1.0024949818185704;1.024999976158142;
2016-05-13 22:45:00;1.0;0.9999759520950681;1.0;0.9999894794255954;0.9998247089883786;0.9999853606120027;1.0025756728598934;0.9999801070375464;0.9998722644784513;1.0;0.999995574492047;1.0025052717387946;1.0025136553772436;0.999980320200609;0.9999930072849154;1.0;0.9999959358275509;0.999821696209867;1.0008473655911099;0.9999714561058104;0.9999913799072794;1.0;0.9999967929603235;1.0025702989782215;1.0025789789041182;1.0;1.0;0.9999881871349335;1.0013133850146834;1.0007647842179033;1.0003715230673709;1.0001625644024583;0.9998398267015004;1.0;0.9997936769279644;0.9999963957166623;0.99999274608663;1.0;1.0023427937304377;0.9998347314276292;0.9999935005892353;0.9999999999999999;1.0025081920694388;1.024999976158142;
2016-05-13 23:00:00;1.0;0.9999695933201483;1.0;0.9999915699916156;0.9998410171656438;0.999988260817906;1.0025232775222679;0.999983380993288;0.9998850856930923;1.0;0.9999964672463783;1.002453244401998;1.0024622577489728;0.9999816603484787;0.999991162057437;1.0;0.9999967136304447;0.9998387241378748;1.0008306572144647;0.9999743230540478;0.9999934479256978;1.0;0.9999974167686237;1.0025182089769706;1.0025262049477528;1.0;1.0;0.9999899965943753;1.001307591457272;1.0007733553311273;1.0003872452992582;1.0001787802573294;0.9998528655230855;1.0;0.9998009920882629;1.000024157477428;1.000008610315589;1.0;1.0022948428279033;0.9998484517322618;0.9999950561283265;1.0;1.0024560681872607;1.024999976158142;
2016-05-13 23:15:00;1.0;0.9999737077592575;0.9999999999999999;0.9999922491829668;0.9998587173922435;0.9999892268434871;1.0025280609419684;0.9999848662965666;0.9998974734840804;1.0;0.9999967175056648;1.002464711801772;1.0024732445917162;0.9999835688181601;0.9999923746279511;1.0;0.9999970203219166;0.9998567659093285;1.0008324095665517;0.9999770956132603;0.9999944345214479;1.0;0.9999976667898998;1.0025234784158275;1.0025306919917814;1.0;1.0;0.9999909106743382;1.0012779194390737;1.000735676699295;1.0003612132237822;1.0001634049154167;0.9998692607388571;0.9999999999999999;0.9997867241400724;1.0000128226768814;1.0000021557718164;1.0;1.002299088089211;0.9998653629996759;0.9999957995070133;1.0;1.0024675624857613;1.024999976158142;
2016-05-13 23:30:00;1.0;0.9999660478739016;1.0;0.9999914876663788;0.9998398818762361;0.9999885171021414;1.00250993910126;0.9999837391562967;0.9998848869134744;1.0;0.999995992523227;1.002437817206067;1.00244700630654;0.9999812271450463;0.9999901540543226;1.0;0.9999965961331817;0.9998376394014362;1.0008263077074333;0.9999742810726254;0.9999935948597821;1.0;0.999997333701579;1.002504614399497;1.0025130129358868;1.0;1.0;0.9999900412713127;1.0012324134654822;1.0006920782389237;1.0003302593928267;1.0001471068192147;0.9998512160913227;0.9999999999999999;0.9997794980210086;1.0000044516404647;0.9999977309630117;1.0;1.0022826767301172;0.9998468196007497;0.999995167092115;1.0;1.0024404960392288;1.024999976158142;
2016-05-13 23:45:00;0.9999999999999999;0.9999637381418944;1.0;0.9999919594624879;0.9998511516033347;0.9999894872102575;1.0024356680540656;0.9999850814433849;0.9998930445475659;1.0;0.9999958201873259;1.0023664474591683;1.0023757427542876;0.9999817548096155;0.9999894729703043;1.0;0.9999967940406115;0.9998494788444117;1.0008023892913582;0.9999761047975311;0.9999952281204554;1.0;0.9999975195340248;1.0024305008696133;1.0024385767138009;0.9999999999999999;1.0;0.99999066362523;1.001223291113611;1.0007120880337854;1.0003437511759716;1.000156181326075;0.9998604604455266;1.0;0.9998083383002333;1.0000133451384312;1.0000029444975698;1.0;1.0022150121669418;0.9998565439798391;0.9999963953493349;1.0;1.0023690216271253;1.024999976158142;
2016-05-14 00:00:00;1.0;0.9999656187640406;1.0;0.9999920755939101;0.999846405141362;0.9999896271003391;1.0024284481823695;0.9999852507622032;0.999890802354827;0.9999999999999999;0.999995900013253;1.0023534502752396;1.0023628772090334;0.999982253172785;0.9999900104365195;1.0;0.9999966480844764;0.9998439528369016;1.0007993595828248;0.9999756024129307;0.9999929974570261;1.0;0.9999973572807573;1.002422920367644;1.002431658836383;1.0;1.0;0.9999908361356272;1.001223434338526;1.0007144318091046;1.0003447686215057;1.0001558853115486;0.9998573454260477;1.0;0.9998109735687857;1.000011007974256;1.0000012647952519;0.9999999999999999;1.0022087015221628;0.9998530408995798;0.9999947180019941;1.0;1.0023562252675613;1.024999976158142;
2016-05-14 00:15:00;1.0;0.9999812265109489;1.0;0.9999932790925132;0.9998866494038752;0.9999910455669725;1.0023446887500647;0.9999878100962422;0.9999182954347484;1.0;0.9999966923153907;1.002290443298707;1.002297524478376;0.9999871476248023;0.999994540855388;1.0;0.9999972653555688;0.9998846580531594;1.000772054795401;0.9999817496764423;0.9999943332199855;1.0;0.9999978446170128;1.0023406171322926;1.0023471263375712;1.0;0.9999999999999999;0.999992616226983;1.0012045422409117;1.0007091095782201;1.000352915480431;1.000163560751976;0.9998959713990868;1.0;0.9998134919943096;1.0000231736588212;1.000008499884283;1.0;1.002132494472388;0.9998926857659084;0.9999957238113689;1.0;1.0022930172714783;1.024999976158142;
2016-05-14 00:30:00;0.9999999999999999;0.9999776114812283;1.0;0.9999938913192511;0.9998766743668043;0.9999915317937323;1.0023300251541072;0.9999878885676409;0.9999120065863777;1.0;0.9999973840539605;1.0022704561536446;1.0022778155604886;0.999986633196581;0.9999935007436807;1.0;0.999997429464477;0.9998743398761021;1.0007668722560825;0.9999803464036174;0.9999933623123843;0.9999999999999999;0.9999979415208275;1.0023257965206156;1.002332519701198;1.0;1.0;0.9999927660944414;1.0012102828182328;1.0007178076116763;1.0003583083432175;1.0001638393611847;0.9998867050316649;0.9999999999999999;0.9998182307416822;1.000016795738612;1.0000050671194156;1.0;1.002119160538347;0.9998830913740934;0.9999949917196091;1.0;1.0022729336825167;1.024999976158142;
2016-05-14 00:45:00;1.0;0.9999804279084044;0.9999999999999999;0.9999949609423403;0.9998698804642755;0.9999924724440845;1.0023233149861475;0.9999886822472999;0.9999090039386347;1.0;0.9999984894923812;1.0022555217250606;1.002262961359872;0.9999879100328828;0.9999943248708795;1.0;0.9999975923336873;0.9998663326580476;1.000763570284253;0.9999796764905506;0.9999899281029937;0.9999999999999999;0.9999979764909982;1.0023188299913648;1.0023260448059585;1.0;0.9999999999999999;0.9999935224952896;1.001207428807168;1.0007190075381003;1.0003594938134042;1.0001661737242593;0.9998823775562667;1.0;0.9998216628941291;1.0000222114066795;1.0000076969142722;1.0;1.002113373380236;0.9998781786714265;0.999992400637273;1.0;1.002258240490253;1.024999976158142;
2016-05-14 01:00:00;1.0;0.9999783330823738;1.0;0.9999957147657111;0.9998686017971196;0.9999935265446062;1.0023076996752254;0.9999898063313867;0.9999095583494283;1.0;0.9999988082022345;1.0022370150763467;1.0022441435945955;0.9999883990813657;0.9999937139611522;0.9999999999999999;0.9999977052053325;0.9998646403815618;1.0007580536302931;0.9999798001574166;0.999988754845388;1.0;0.9999980306844894;1.0023030830024573;1.0023105340865992;1.0;1.0;0.9999941742045987;1.001204210422319;1.0007243478033345;1.0003613072852;1.0001673210396098;0.9998813704074809;1.0;0.999831287955297;1.0000231738537537;1.0000088069444422;1.0;1.0020992120638277;0.9998770192479646;0.9999915160191531;0.9999999999999999;1.002239417156032;1.024999976158142;
2016-05-14 01:15:00;0.9999999999999999;0.9999810809575586;1.0;0.9999960566860344;0.9999013094047517;0.9999945886799534;1.0022473625899202;0.9999918641263942;0.9999315864848908;1.0;0.9999982475787039;1.0021886936219093;1.0021958928205508;0.999990334115234;0.9999945027544411;1.0;0.9999980402412934;0.9998987681571787;1.0007393889928395;0.9999847225434998;0.9999927766931229;1.0;0.9999983772373099;1.0022434139120828;1.002249690113814;1.0;1.0;0.9999951441053839;1.0011924364890512;1.0007303525597304;1.0003600140393742;1.0001592786337594;0.9999099741918234;1.0;0.9998513468832546;1.00000056540052;0.9999956211829607;1.0;1.0020440648563615;0.9999068672165171;0.9999945538715298;1.0;1.0021913232856716;1.024999976158142;
2016-05-14 01:30:00;1.0;0.9999779717106251;1.0;0.9999955726607649;0.9999032884314707;0.9999943515705939;1.0022390459733952;0.9999917516124499;0.999932627748596;1.0;0.9999975266777166;1.002179429509358;1.0021874208440165;0.9999895823540389;0.9999936089378558;1.0;0.9999978996797558;0.9999012464654855;1.0007371345132996;0.9999849553394731;0.9999942040326562;1.0;0.9999983086379628;1.0022348945957047;1.002241430764633;1.0;1.0;0.9999948636939126;1.0011935662735574;1.0007354265432193;1.0003683751043835;1.0001693423333495;0.9999107038679124;1.0;0.9998524693563926;1.0000197419933559;1.0000060667785626;0.9999999999999999;1.0020364228212182;0.9999078336883283;0.9999956266992946;1.0;1.0021822793820974;1.024999976158142;
2016-05-14 01:45:00;1.0;0.9999772466308191;0.9999999999999999;0.9999962392683358;0.9999071015566864;0.9999945884333717;1.0021723204170057;0.9999916298844541;0.9999338549104931;1.0;0.9999986185463102;1.0021197148977115;1.0021274798386905;0.999989467680788;0.9999934087240101;1.0;0.9999984569294955;0.9999058347281315;1.000715790827066;0.999985230710228;0.9999964095646143;1.0;0.9999987737487751;1.0021689191008967;1.0021741136595919;1.0;1.0;0.9999949700663628;1.0011881339343824;1.000759510106798;1.0003832630824632;1.0001791906018498;0.999913156451517;1.0;0.9998838186189525;1.0000294977480124;1.0000118878031001;1.0;1.0019754812521597;0.9999106409485781;0.9999972886013018;1.0;1.0021223928808023;1.024999976158142;
2016-05-14 02:00:00;1.0;0.9999807187457773;0.9999999999999999;0.9999965547379442;0.9999145870108457;0.9999951545444928;1.0022017821625708;0.9999925844089911;0.999939844364699;1.0;0.9999986039723723;1.002151242804476;1.0021583103319456;0.9999908171940948;0.9999944009888566;1.0;0.999998464257796;0.9999130183822941;1.0007251942372066;0.9999865681908322;0.9999955527193911;1.0;0.9999987579885201;1.0021984695749786;1.0022036059860224;1.0;1.0;0.9999955465131865;1.0011774675653966;1.0007339881812949;1.0003656558981016;1.0001681019101982;0.9999208847626012;1.0;0.9998659674041996;1.000019601741607;1.0000065534718359;1.0;1.0020023403196687;0.9999184257127006;0.999996643163739;1.0;1.0021537760047965;1.024999976158142;
2016-05-14 02:15:00;1.0;0.9999800699768878;1.0;0.9999974264737607;0.9999148905667726;0.9999962939163182;1.0021769982981805;0.9999938374108459;0.9999415680496061;1.0;0.9999990663341302;1.0021201881377768;1.0021277804008961;0.9999916858188755;0.999994206839853;1.0;0.9999986175490312;0.9999128195221912;1.0007166290605105;0.999986952204857;0.9999941222145141;0.9999999999999999;0.9999988357503403;1.0021734201839454;1.0021789828776126;1.0;1.0;0.9999963209444569;1.0011847627532768;1.000757786350142;1.000380367193478;1.000178299322668;0.9999216569005437;1.0;0.9998860389744063;1.0000306679642437;1.000012377089824;1.0;1.0019799604938604;0.9999190427516838;0.9999955658732232;0.9999999999999999;1.0021229624843175;1.024999976158142;
2016-05-14 02:30:00;1.0;0.9999832493113052;1.0;0.9999969908982546;0.9999375861752585;0.9999961370106091;1.0021399316786865;0.9999943187926578;0.9999557701812353;1.0;0.9999983438990239;1.002096432692922;1.002103548199937;0.9999925151652187;0.9999951294269815;1.0;0.9999987204256467;0.9999367958079117;1.0007055433540928;0.999990125068314;0.9999977592796133;1.0;0.9999990013855871;1.0021370293400365;1.002141454574921;1.0;0.9999999999999999;0.9999964162581787;1.0011949642081446;1.0007856420529673;1.0003937905900429;1.000181047345479;0.9999413548129702;0.9999999999999999;0.9999107610765042;1.0000210267986498;1.0000070002407742;1.0;1.0019459942834397;0.9999396928745217;0.9999983078878639;1.0;1.0020991665768997;1.024999976158142;
2016-05-14 02:45:00;1.0;0.9999890286806928;1.0;0.9999963171754306;0.9999555351935555;0.9999956837587374;1.0021134897764192;0.9999945240069082;0.9999672388539882;1.0;0.9999974800192695;1.002080956116374;1.002087181372892;0.9999936322310115;0.999996812535238;1.0;0.9999985870607738;0.9999553622588206;1.000697345416811;0.9999926875879389;0.9999995094273069;1.0;0.9999989463762188;1.0021110388353835;1.0021147988730061;1.0;0.9999999999999999;0.9999964153524696;1.0012015897957647;1.0008080706361349;1.0004043483931664;1.0001848118651695;0.9999579102609889;1.0;0.9999321220204784;1.00001829949097;1.0000056101460766;1.0;1.0019218714155687;0.9999568480336039;0.9999996289093038;1.0;1.0020836049057582;1.024999976158142;
2016-05-14 03:00:00;1.0;0.9999937988698857;1.0;0.9999971589370847;0.9999605428019727;0.9999962303649672;1.0020828874854646;0.9999950326676874;0.9999706542783506;1.0;0.9999985738639274;1.0020537683982635;1.002059390608671;0.999995022028987;0.9999981932404233;1.0;0.999998963898106;0.9999601676392031;1.0006870415370617;0.9999934506107596;0.9999989387372578;1.0;0.9999992099677594;1.0020809183369386;1.002083921182127;1.0;1.0;0.9999969919324754;1.001202328228272;1.0008219204214102;1.0004117347157664;1.000187623959066;0.9999634654511165;1.0;0.9999475927530698;1.0000169230595646;1.000004832071129;1.0;1.0018940880917615;0.9999624232714166;0.9999991983590943;1.0;1.0020564171157829;1.024999976158142;
2016-05-14 03:15:00;1.0;0.9999922083278929;1.0;0.9999977338134051;0.9999494358474862;0.9999963414143644;1.0020656563185346;0.9999945541468116;0.9999629122460479;1.0;0.9999996308357673;1.0020320199284398;1.0020380219098817;0.9999945033251224;0.9999977352015506;1.0;0.9999992114603852;0.9999487390030466;1.0006810625387774;0.9999917219793244;0.9999980240659923;1.0;0.9999993698916477;1.0020636888988022;1.0020666368530802;1.0;1.0;0.9999969425980536;1.0012060320987737;1.0008370246081475;1.0004199993002638;1.0001926842914426;0.9999534589184624;1.0;0.9999618488194421;1.000021165204231;1.0000070538094061;1.0;1.0018784522012922;0.9999520522426996;0.999998509494525;1.0;1.0020347671760592;1.024999976158142;
2016-05-14 03:30:00;1.0;0.9999916296236564;0.9999999999999999;0.9999975063398326;0.9999585597439546;0.9999966098661099;1.0020698279025004;0.9999952998311564;0.9999695464297583;0.9999999999999999;0.9999988442274754;1.00203802073854;1.002044094967178;0.9999948518690738;0.9999975698211643;1.0;0.999999085660195;0.9999581953178976;1.0006827324928569;0.999993203603645;0.9999989683979983;0.9999999999999999;0.9999993004721182;1.0020677794745825;1.0020708601080939;0.9999999999999999;1.0;0.9999971558634889;1.001202626788633;1.0008313042668548;1.0004176811712238;1.0001929595107166;0.9999613028779752;1.0;0.9999576214822059;1.00002508485745;1.0000092692585074;1.0;1.0018821884739944;0.9999602327415648;0.9999992211787447;1.0;1.0020407680026115;1.024999976158142;
2016-05-14 03:45:00;1.0;0.9999864271663854;1.0;0.9999971777440243;0.9999462721044947;0.999996050025931;1.002081326970097;0.9999942400359646;0.9999605532035633;1.0;0.9999988268088204;1.0020457194339436;1.0020523757628534;0.9999930920702942;0.9999960585827655;0.9999999999999999;0.9999990159670507;0.999946037875039;1.000686683248282;0.9999911945901211;0.9999993369245134;1.0;0.9999992582291818;1.0020790561875557;1.0020824224916502;1.0;1.0;0.9999964954015649;1.0012048435682959;1.0008278073725443;1.000414232295467;1.0001888774435472;0.9999491217021965;0.9999999999999999;0.9999527198736661;1.00001737271357;1.0000049866779086;1.0;1.00189257139609;0.9999478326226909;0.999999498322459;1.0;1.002048424074494;1.024999976158142;
2016-05-14 04:00:00;1.0;0.9999879450575289;1.0;0.9999969864862016;0.9999485639492246;0.999996041157526;1.002091020686558;0.9999944685857474;0.9999625563504135;1.0;0.9999984420432394;1.0020554148519034;1.0020618305401752;0.9999935061849601;0.9999964976124806;1.0;0.9999988537979158;0.9999481290582818;1.000689694843413;0.9999916421037806;0.9999987661298316;0.9999999999999999;0.9999991246227885;1.0020886311642008;1.0020922508078567;1.0;1.0;0.9999965767036091;1.0012064198369683;1.0008242991537804;1.0004149759013963;1.0001914981398505;0.9999516863275892;1.0;0.9999455694054579;1.000024284717441;1.0000089413175746;1.0;1.0019014602231981;0.9999503760834464;0.999999068720088;1.0;1.0020580926631644;1.024999976158142;
2016-05-14 04:15:00;0.9999999999999999;0.9999853424479591;1.0;0.9999970396872155;0.9999424774719325;0.9999960645479158;1.0020926048338328;0.999994288161768;0.999958560968877;0.9999999999999999;0.9999985248379674;1.0020518256858448;1.00205900931505;0.9999929059033661;0.9999957468426113;1.0;0.9999988390140543;0.9999419338635085;1.0006901232867005;0.9999907498219899;0.999998452335486;1.0;0.9999991061022403;1.0020899392612905;1.002093959380376;1.0;1.0;0.9999964641714678;1.001197650800355;1.0008161985997106;1.0004065539711173;1.0001856076757816;0.9999458548724857;0.9999999999999999;0.9999463803032104;1.000017748586917;1.0000048157033594;0.9999999999999999;1.0019029296441109;0.9999443794421786;0.9999988336283424;1.0;1.0020547446955856;1.024999976158142;
2016-05-14 04:30:00;1.0;0.9999943038017667;1.0;0.9999972286086443;0.999958490423437;0.9999963504590131;1.002079868063468;0.999995178205896;0.9999697655382612;1.0;0.9999985763743948;1.002048713507283;1.0020542349779833;0.9999952380038748;0.9999983427841848;1.0;0.999998894101548;0.9999577736645345;1.0006857300814638;0.9999932523840512;0.9999979676889292;1.0;0.9999991345682988;1.002077755012307;1.0020810321505729;1.0;1.0;0.9999970998465073;1.0011595170094674;1.000787341938859;1.0003803156367557;1.000171186189521;0.9999620746887176;1.0;0.99995252486625;1.0000092349834346;1.0000005217247783;1.0;1.0018914281424078;0.9999608665676779;0.9999984671867826;1.0;1.0020513428037487;1.024999976158142;
2016-05-14 04:45:00;1.0;0.9999888831511587;1.0;0.9999969147960858;0.9999502769101619;0.9999958973144946;1.0020918732263828;0.9999943327905321;0.9999633923268647;1.0;0.9999984617842573;1.002056892394814;1.0020635005405896;0.999993582964125;0.9999967744446262;0.9999999999999999;0.9999988764500114;0.9999499630433882;1.0006900549197437;0.9999918292450733;0.9999991104426543;1.0;0.9999991498065451;1.00208954424305;1.0020930509742887;1.0;0.9999999999999999;0.9999965188204991;1.0011659093050802;1.0007885296102161;1.0003818240552764;1.0001716206382139;0.9999532531228527;0.9999999999999999;0.99994789347228;1.0000085372668608;0.9999997334652561;0.9999999999999999;1.0019022223087333;0.9999520183390082;0.9999993283261389;1.0;1.0020597419190975;1.024999976158142;
2016-05-14 05:00:00;1.0;0.999991846945912;1.0;0.9999978529259244;0.9999627825751278;0.9999969711233004;1.002081439448243;0.9999957049337626;0.9999723754919917;1.0;0.9999991341699405;1.0020503382365835;1.0020566748029929;0.9999952166110501;0.9999976301772115;1.0;0.9999992718694738;0.9999626204033476;1.0006867017242138;0.9999938354082328;0.999999541218355;0.9999999999999999;0.9999994519101454;1.002079533802374;1.0020823379644233;1.0;1.0;0.9999974214679291;1.0011704731632747;1.0007982327972178;1.000384183753432;1.000168722208267;0.9999649521607704;1.0;0.9999571421800473;0.9999966512037949;0.9999929152641783;1.0;1.0018926859545405;0.9999640496671123;0.9999996533904575;1.0;1.0020532437027518;1.024999976158142;
2016-05-14 05:15:00;1.0;0.9999924247661779;0.9999999999999999;0.9999976486331124;0.9999520300996249;0.999996763736733;1.0020830866332529;0.9999954011581366;0.999966055731392;0.9999999999999999;0.999998958576945;1.0020474486771431;1.0020531055810156;0.9999951104433166;0.9999977988033534;1.0;0.999998950985024;0.999950911994161;1.0006864263459072;0.9999924238809977;0.9999968244473872;1.0;0.9999991483550762;1.0020807812299866;1.002084369761704;1.0;0.9999999999999999;0.9999972889207287;1.0012020602837275;1.000826171975245;1.0004097530736071;1.0001843801962422;0.9999563594659575;1.0;0.9999555984446858;1.0000097820592573;1.0000009304951925;1.0;1.0018944120514088;0.9999548752616743;0.9999976066968082;1.0;1.0020500220258823;1.024999976158142;
2016-05-14 05:30:00;1.0;0.9999929308349164;1.0;0.9999970287139738;0.9999631486323043;0.9999964214370788;1.0020862564183568;0.9999954702821939;0.9999729639527446;0.9999999999999999;0.9999980795948528;1.0020554213454222;1.0020613317828804;0.9999951337557771;0.9999979451757464;1.0;0.9999988301325458;0.999962773468557;1.0006881449312255;0.999993966644915;0.9999989395037068;1.0;0.9999991113680542;1.0020840588845046;1.0020874383754694;1.0;1.0;0.999997115542932;1.0011833485328836;1.0008039441255356;1.000392670194866;1.000173550262164;0.9999657072988907;0.9999999999999999;0.999949197460841;0.9999998979893117;0.9999950327046493;1.0;1.0018971732867352;0.9999647356497982;0.9999991989563917;1.0;1.0020581686572008;1.024999976158142;
2016-05-14 05:45:00;1.0;0.9999895338623916;1.0;0.9999964881680647;0.9999529069277121;0.9999956230994796;1.0020814343647735;0.9999942634845638;0.9999651815549437;1.0;0.9999979040432957;1.0020495359203647;1.00205555815318;0.9999935864331942;0.99999696215306;0.9999999999999999;0.9999986916453986;0.9999526635245688;1.00068671364124;0.9999922283021764;0.9999993096274975;1.0;0.9999990185264941;1.0020791257017123;1.0020826528411722;1.0;1.0;0.9999963751634897;1.0011697959722106;1.0007969052285455;1.0003877958502994;1.0001751257944247;0.9999556754931042;1.0;0.9999533048965458;1.0000111412951087;1.000001698770848;1.0;1.001892726540823;0.9999545221697814;0.9999994783777592;1.0;1.002052109274464;1.024999976158142;
2016-05-14 06:00:00;1.0;0.9999853432919511;1.0;0.9999968379947124;0.9999447013614373;0.9999957353654281;1.0020566362623633;0.9999939074679223;0.9999592604424756;1.0;0.9999984956493414;1.0020141133863334;1.0020225349215366;0.9999926044772709;0.9999957435852223;1.0;0.9999988952430027;0.999944577420788;1.0006787252588334;0.9999909057748143;0.999999650727774;1.0;0.999999176976057;1.002053928696029;1.002057921336225;1.0;0.9999999999999999;0.9999962294218497;1.0011750074314825;1.0008108450820241;1.0004052734935964;1.0001921030613743;0.9999473883122723;1.0;0.9999584015746028;1.0000390465185753;1.000015642666502;1.0;1.0018702405672493;0.999946105188094;0.9999997344484044;1.0;1.0020177100530858;1.024999976158142;
2016-05-14 06:15:00;1.0;0.9999846190641597;1.0;0.9999977082219289;0.9999390833595406;0.999996488774115;1.0021167276976986;0.9999944092731552;0.9999562392998534;1.0;0.9999994065128415;1.0020733715589656;1.0020809873464558;0.99999296474257;0.999995540114776;0.9999999999999999;0.9999991346073139;0.999938446250004;1.0006979391167548;0.999990231502172;0.9999981935956244;0.9999999999999999;0.9999993174302457;1.0021141519727699;1.002117965110712;1.0;1.0;0.9999966988544244;1.0012203927748833;1.0008421680592283;1.0004260609277826;1.0002032103022596;0.9999427544108073;1.0;0.9999534247343964;1.0000448719835746;1.0000198120531372;1.0;1.001924839188871;0.9999411711341091;0.9999986367315932;1.0;1.00207647790952;1.024999976158142;
2016-05-14 06:30:00;0.9999999999999999;0.9999890269485092;1.0;0.9999980154684104;0.9999509535654036;0.9999970526106045;1.0021004577598482;0.9999954570883284;0.9999649288716508;1.0;0.9999993752012694;1.0020646358986014;1.00207077379446;0.9999945593977236;0.9999968190379133;1.0;0.9999992013301289;0.9999502475477747;1.0006924533805337;0.9999921726258998;0.9999979969020986;1.0;0.9999993617811801;1.0020982834742953;1.0021015525333095;1.0;1.0;0.9999973269222424;1.001217815349094;1.000845618365682;1.0004301538072662;1.0002074675575061;0.999954357834065;1.0;0.9999581313446302;1.0000522595594221;1.0000248873664095;1.0;1.0019100268609016;0.9999530091565958;0.9999984896581295;0.9999999999999999;1.0020672383811382;1.024999976158142;
2016-05-14 06:45:00;1.0;0.9999911244396997;1.0;0.9999971048581459;0.9999588410433432;0.9999963527347293;1.002076339711662;0.9999951644108944;0.9999697663961579;1.0;0.9999983181584032;1.0020467372511956;1.0020522704095394;0.9999945954659111;0.9999974202031375;1.0;0.9999989012367303;0.9999585271738815;1.0006849311299484;0.9999932524613172;0.9999991108538057;1.0;0.9999991680770314;1.0020742636742879;1.0020774324927626;0.9999999999999999;1.0;0.9999969674630819;1.0011740137104543;1.000795281635606;1.00039941678665;1.000189461965198;0.999961421294819;1.0;0.999939528341689;1.0000388947729073;1.0000176693466103;1.0;1.001888076142443;0.9999603778866272;0.9999993286471635;0.9999999999999999;1.0020491521906723;1.024999976158142;
2016-05-14 07:00:00;1.0;0.9999865701195816;0.9999999999999999;0.9999961273406317;0.9999510933442015;0.9999955388110527;1.0021716710736823;0.9999942754803363;0.999964245936101;1.0;0.9999972584579774;1.0021370154686757;1.002143464989166;0.999992973228132;0.9999961064333212;1.0;0.9999984863296737;0.9999509204102348;1.0007164447678858;0.9999920194797881;0.9999995095548779;1.0;0.9999988721264516;1.0021690326090211;1.0021730807918456;1.0;1.0;0.999996202894918;1.0010177610158557;1.0006324651331213;1.0002513919823384;1.000104338734589;0.9999534718665661;1.0;0.9999242833876797;0.9999796510292008;0.9999838466128644;1.0;1.0019747112192114;0.9999523202610481;0.9999996290088721;0.9999999999999999;1.0021396181391908;1.024999976158142;
2016-05-14 07:15:00;1.0;0.9999804287958031;1.0;0.9999910583115501;0.9998476609603931;0.9999855397095744;1.002313801746487;0.9999795309814657;0.9998828978363722;0.9999999999999999;0.9999985890247745;1.0022625552639506;1.0022720150352729;0.9999810321344563;0.9999943216254193;1.0;0.999997562244716;0.9998472551948182;1.0007634046010834;0.9999738388819862;0.9999988113293109;1.0;0.9999981746486375;1.0023105999446156;1.0023153341176796;1.0;1.0;0.9999884643189487;1.0010783666231777;1.0006683127762852;1.0002572383667194;1.0000992035431826;0.9998583988419459;1.0;0.9999231744529391;0.9999564387020999;0.9999685441473193;1.0;1.0021041166253202;0.9998546905891641;0.9999991009226327;1.0;1.0022663803189606;1.024999976158142;
2016-05-14 07:30:00;1.0;0.9999840446920585;1.0;0.9999969282806856;0.9999317146033573;0.9999954776112173;1.002263279573135;0.9999931761337588;0.9999504659343476;1.0;0.9999989894694074;1.0022092977360417;1.0022194036386163;0.9999918846709515;0.999995358482275;1.0;0.9999988753193801;0.9999310667346347;1.0007462243439962;0.999988940693354;0.9999981604360115;1.0;0.999999125551896;1.00226004220489;1.002264832404423;1.0;0.9999999999999999;0.9999959418640646;1.001060889515269;1.0006603741077258;1.000256248280083;1.0000993861002418;0.9999359511352756;1.0;0.9999268916400091;0.9999584959259628;0.9999686306886587;1.0;1.0020582257375077;0.9999341872852042;0.9999986111871239;1.0;1.0022137251069;1.024999976158142;
2016-05-14 07:45:00;0.9999999999999999;0.9999880920643199;1.0;0.9999907555965373;0.9999415920836184;0.9999908007470426;1.0023208272974315;0.9999903758488164;0.9999565872891454;1.0;0.9999917545512821;1.0022857962618676;1.0022918467600468;0.999989713913226;0.9999965291339625;1.0;0.9999961879210062;0.9999412782195707;1.000765800564101;0.9999903046792933;0.9999990950285802;0.9999999999999999;0.9999971680435877;1.0023166693870715;1.0023235074661638;1.0;1.0;0.9999930239077367;1.001069453358519;1.000664346374819;1.0002479697174036;1.0000931484059508;0.9999452046202656;1.0;0.9999309821935992;0.9999506242786548;0.9999676485478336;0.9999999999999999;1.0021106914029263;0.9999437615154104;0.9999993162787044;1.0;1.0022882812937592;1.024999976158142;
2016-05-14 08:00:00;0.9999999999999999;0.9999708218418969;1.0;0.999995029504564;0.9999011193340375;0.9999932502311332;1.0023030010851235;0.9999899728054521;0.9999279596208832;1.0;0.9999977016753986;1.002254039023434;1.0022620487394913;0.9999868850899739;0.9999915183996059;1.0;0.9999982344352945;0.9999008652081443;1.0007597443355711;0.9999839097793827;0.9999992625388815;1.0;0.9999986807554959;1.0022996186971422;1.0023046754266889;0.9999999999999999;1.0;0.9999937260821267;1.001085567312414;1.0006818742222423;1.0002650203658001;1.000102633511293;0.9999054981954689;0.9999999999999999;0.999932481470916;0.9999564728831829;0.9999711787211928;1.0;1.0020939461901173;0.9999032138157533;0.9999994419510198;1.0;1.0022563985065553;1.024999976158142;
2016-05-14 08:15:00;1.0;0.9999742855572217;1.0;0.9999949750846334;0.9999133210488471;0.9999941750012579;1.0022471117572276;0.9999919106672032;0.9999387455689482;1.0;0.9999964967742252;1.0021950256548295;1.0022028026536343;0.9999888683634939;0.9999925432521316;1.0;0.9999978241066212;0.9999123821651256;1.0007407588615205;0.9999863214570992;0.9999973247452871;1.0;0.9999983302808988;1.0022431808416508;1.0022492905947316;1.0;1.0;0.9999946241426828;1.001045860387391;1.0006502174847924;1.0002482774920778;1.0000949593587083;0.9999179854132534;1.0;0.9999292882019364;0.9999555113490081;0.9999704243083303;1.0;1.0020434337146629;0.9999157496566514;0.9999979819145248;1.0;1.0021975029972439;1.024999976158142;
2016-05-14 08:30:00;1.0;0.9999854879758197;1.0;0.9999961031762336;0.9999223788361735;0.9999945652578642;1.002317787850627;0.9999922099645896;0.9999443232119982;1.0;0.9999983630801178;1.0022751839876367;1.0022813304902796;0.9999913895551943;0.9999957849330418;1.0;0.9999984088084419;0.9999210661249216;1.0007635117251903;0.9999875679678982;0.999996269870296;1.0;0.9999987350629924;1.002314885653177;1.0023194201234693;1.0;1.0;0.9999953575109055;1.0009907527268245;1.0005428790055395;1.0001846948380173;1.000059870303687;0.999928446062087;1.0;0.9998557931722128;0.9999348501534393;0.9999589545398426;1.0;1.0021077055090648;0.999926224638422;0.9999971863209499;1.0;1.0022775435205373;1.024999976158142;
2016-05-14 08:45:00;1.0;0.9999834660057841;1.0;0.9999953009483104;0.9999154975007398;0.9999933608967507;1.0023209736197833;0.9999906043444352;0.9999379930012512;1.0;0.9999981242737588;1.0022785098608336;1.0022853060905992;0.9999897786217214;0.9999951931033714;1.0;0.9999982974463049;0.9999146689000508;1.0007650309916432;0.9999861537245105;0.9999976406537736;1.0;0.9999986869225588;1.0023180612509717;1.0023225338978938;1.0;1.0;0.9999943920781864;1.0010002195795102;1.0005503999640408;1.0001912806770623;1.000063517429006;0.9999212750378643;1.0;0.9998547765090398;0.9999370622271053;0.9999598221488809;1.0;1.002110509214241;0.9999190603705385;0.9999982196950262;1.0;1.0022810838029586;1.024999976158142;
2016-05-14 09:00:00;1.0;0.9999815844096189;0.9999999999999999;0.9999963537405463;0.9999253735281022;0.9999953033796648;1.0023218368022777;0.9999931730331787;0.9999472305948901;1.0;0.9999980101517145;1.0022764389116041;1.0022831303125417;0.999991340446469;0.9999946588753857;1.0;0.9999984144484586;0.9999242324132797;1.0007649616804968;0.9999882181484462;0.9999967585089594;1.0;0.9999987512521419;1.0023186882407;1.002323571703731;1.0;1.0;0.9999957351180203;1.0009861834326192;1.0005347535113902;1.0001763264835304;1.0000516199735505;0.9999303645076552;1.0;0.9998530683912269;0.9999212033451277;0.9999511875694754;1.0;1.0021113109206337;0.9999283024821928;0.9999975548557367;1.0;1.002278827543273;1.024999976158142;
2016-05-14 09:15:00;1.0;0.9999827400637232;1.0;0.9999947289058496;0.9999141935561732;0.9999930681635126;1.0023486807434172;0.9999905188161418;0.99993752729551;1.0;0.999997286489114;1.0023051031000754;1.0023117211494526;0.9999895021248482;0.9999949961370397;1.0;0.9999979597235625;0.9999132025534818;1.000773985981303;0.9999860509141931;0.9999971841700958;1.0;0.9999984265948306;1.0023454575180089;1.002350496485353;1.0;0.9999999999999999;0.9999941814045381;1.0010110877456593;1.0005497321021002;1.0001881842006768;1.000057270590561;0.999920160667564;0.9999999999999999;0.999846805389252;0.9999225350613921;0.9999518678156629;0.9999999999999999;1.0021357376133222;0.999917868425217;0.9999978749101326;1.0;1.0023075322210349;1.024999976158142;
2016-05-14 09:30:00;1.0;0.999986788287421;1.0;0.999993678921856;0.999904762716016;0.999991122458924;1.0023924506837532;0.9999880421358998;0.99992893484922;1.0;0.9999974147397033;1.0023529364738586;1.00235904494868;0.9999884183605557;0.9999961635320498;1.0;0.9999977826442861;0.9999037793067437;1.0007884867284218;0.9999841287495839;0.9999972025808764;1.0;0.9999982966008134;1.0023895023558889;1.0023941397839295;1.0;1.0;0.9999929315913532;1.0010346089265483;1.0005621007752041;1.000194268387092;1.0000587999572566;0.9999121842620923;1.0;0.9998414650109688;0.9999191110851107;0.999949931946469;1.0;1.0021755802948542;0.9999096322390848;0.9999978869348846;1.0;1.002355365710744;1.024999976158142;
2016-05-14 09:45:00;1.0;0.9999310838128225;1.0;0.9999927335552591;0.9998087006892803;0.9999905407338536;1.0025886695978454;0.9999845308727221;0.9998649056971517;1.0;0.9999962120467397;1.0024930147949622;1.0025063861474866;0.999975255005322;0.9999799761405586;1.0;0.9999970515858545;0.9998077205299648;1.000853412071002;0.9999698056474609;0.9999971452154301;0.9999999999999999;0.9999977579270191;1.0025820949632498;1.0025919492403284;0.9999999999999999;0.9999999999999999;0.9999898372278269;1.0010935589091763;1.0005694114891541;1.000193237936721;1.000059288776462;0.9998157952268915;1.0;0.9998030899266194;0.999922238778456;0.9999515135538767;0.9999999999999999;1.0023535759408984;0.9998113078499835;0.9999978440614513;1.0;1.0024955488592011;1.024999976158142;
2016-05-14 10:00:00;1.0;0.9999229873341292;1.0;0.9999903827714445;0.9997735470965351;0.999987475379617;1.0026547241042858;0.9999804036212854;0.9998389644038053;1.0;0.9999949888689013;1.0025477719625222;1.00256255397205;0.9999705447646151;0.9999776446145169;1.0;0.9999962097328257;0.9997723862505267;1.0008751242487888;0.9999640038841643;0.9999966071673606;1.0;0.9999971247033731;1.0026471549088387;1.002658581227476;1.0;1.0;0.9999872320117956;1.0011097650348113;1.0005696581404377;1.0001838985694789;1.0000480322780054;0.9997826616500662;1.0;0.9997960448805873;0.9999009118225595;0.9999390720335097;1.0;1.0024137070626526;0.9997773186344179;0.9999974382248195;1.0;1.0025505206241667;1.024999976158142;
2016-05-14 10:15:00;1.0;0.9999063754889189;1.0;0.9999910452510711;0.999739137695552;0.9999873371483584;1.0026776191060276;0.9999785910615989;0.9998143530775954;1.0;0.9999965481294855;1.0025592156135743;1.0025756349089614;0.9999662413612029;0.9999727989234166;0.9999999999999999;0.9999966691837517;0.999738310804384;1.0008829887541408;0.9999584928694096;0.9999975235064913;1.0;0.9999974867894907;1.0026698027437337;1.0026813245899309;0.9999999999999999;1.0;0.9999862485097218;1.0011400988082844;1.0006064246756676;1.0001996364475165;1.0000529438924215;0.9997482618728942;1.0;0.9998154726961985;0.999894617817661;0.9999359834505106;1.0;1.0024341839941782;0.9997423096135963;0.9999981289551955;0.9999999999999999;1.002561701323372;1.024999976158142;
2016-05-14 10:30:00;1.0;0.999900814953789;1.0;0.9999910300364714;0.9997087927287894;0.9999866629065894;1.0027798462342756;0.9999768978197285;0.9997937953715718;1.0;0.9999973469345883;1.0026478644055448;1.002665108837924;0.9999640308153457;0.9999711729721991;1.0;0.9999965549341986;0.999706974830441;1.0009157905021615;0.9999538891397254;0.9999946868277165;1.0;0.9999973330662447;1.002771381042546;1.0027839316570617;1.0;1.0;0.9999854103055742;1.0011883345623915;1.000635083996719;1.000210306983072;1.0000559189665899;0.9997208642984526;1.0;0.9998112912625311;0.9998899116499921;0.999933211042109;1.0;1.0025272777267125;0.9997138859179778;0.9999959877159548;1.0;1.0026504124089317;1.024999976158142;
2016-05-14 10:45:00;1.0;0.9999336858707568;0.9999999999999999;0.999986607625578;0.9997062776599231;0.9999794719817173;1.00275028359761;0.9999692548027638;0.9997847876589709;1.0;0.9999966765432869;1.0026485339463778;1.0026613886925693;0.9999644126676147;0.9999807268191163;1.0;0.9999955397781504;0.9997040860285962;1.0009058557595483;0.9999518759237456;0.9999936181380551;1.0;0.9999965585815254;1.0027433880972667;1.0027538965480702;0.9999999999999999;1.0;0.9999817243899914;1.0011776131928494;1.000607380053525;1.0002105428089223;1.0000597485651899;0.9997241579560482;1.0;0.9997778796975568;0.9999009506708236;0.9999396641361196;1.0;1.0025008783194267;0.9997167543211696;0.9999951813470118;0.9999999999999999;1.0026509638996537;1.024999976158142;
2016-05-14 11:00:00;0.9999999999999999;0.9999371536226004;1.0;0.9999918716182653;0.9998027639414525;0.99998914787673;1.002690919214885;0.9999829801658662;0.99985996218163;1.0;0.9999960755086681;1.002598707260213;1.0026109447793201;0.9999752308416753;0.999981735386785;1.0;0.9999967385719144;0.9998012782725917;1.0008865409024492;0.9999687007093421;0.9999957102762651;1.0;0.9999974917523151;1.0026844644263222;1.0026942745491851;1.0;0.9999999999999999;0.999989101185118;1.0011446932993748;1.000600381040304;1.0001993908032112;1.0000527416725435;0.9998119220260038;1.0;0.9998034046861972;0.9998952498271024;0.9999366127825049;1.0;1.0024466440997812;0.9998070789533942;0.9999967613267122;1.0;1.0026010406687826;1.024999976158142;
2016-05-14 11:15:00;1.0;0.9999211141159207;1.0;0.9999900124417799;0.9997588425988021;0.9999858740974129;1.0027561975266828;0.9999776812843694;0.9998257983886135;1.0;0.9999961198149193;1.0026544294110762;1.0026690939843996;0.9999682630414055;0.9999770778066375;1.0;0.999996518910667;0.9997583556803328;1.000909050255289;0.9999610551558852;0.9999985078109911;1.0;0.9999973998712194;1.002749273186992;1.0027595221000436;0.9999999999999999;1.0;0.9999859157875449;1.0012107141735107;1.0006563881621486;1.000234051793275;1.000069870913523;0.9997681496439406;1.0;0.9998091908039232;0.9999008449067083;0.9999393928440964;1.0;1.0025056390026876;0.9997626819809678;0.9999988696906004;1.0;1.0026569774311467;1.024999976158142;
2016-05-14 11:30:00;1.0;0.999946109969392;1.0;0.9999922234619953;0.9997964663626958;0.9999883447777682;1.0026787510362287;0.9999815557117668;0.9998542025911412;1.0;0.9999977399982571;1.0025898840584178;1.00260134688324;0.9999760630761988;0.999984347530965;1.0;0.9999970522308657;0.9997944062974813;1.000881946461738;0.9999674179936482;0.9999940861358452;1.0;0.9999976826799398;1.0026729138258914;1.0026817906892846;1.0;1.0;0.9999888627579024;1.0011486901305806;1.0005926962481009;1.0002032534527308;1.0000538566907389;0.9998082535229404;1.0;0.9997857935567902;0.9998935112569297;0.9999352705834801;1.0;1.0024357381881044;0.9998030036865153;0.9999955372835432;1.0;1.0025924183675194;1.024999976158142;
2016-05-14 11:45:00;1.0;0.9999436524893107;0.9999999999999999;0.9999943820501573;0.9997834468662861;0.9999913635298203;1.002696685264007;0.9999848256209837;0.9998509889048757;0.9999999999999999;0.9999986677003395;1.0025854506647296;1.0025972233411597;0.9999781988980989;0.9999836381914236;1.0;0.9999970483391095;0.9997788194680897;1.0008855907090657;0.9999666985481187;0.9999868061408511;1.0;0.9999974997599065;1.0026896033897108;1.002700666187024;1.0;1.0;0.9999908708937728;1.0011385048816646;1.0005748902930687;1.0001936597500976;1.0000519754033297;0.9997990185742014;1.0;0.9997737763877272;0.9999005726993826;0.9999392638121872;1.0;1.0024526384450514;0.999792623621451;0.9999900448140044;0.9999999999999999;1.002587984962625;1.024999976158142;
2016-05-14 12:00:00;1.0;0.999957743402408;1.0;0.9999913329463544;0.999797054214258;0.9999876674024246;1.002636849615781;0.9999815661751218;0.999856318311548;1.0;0.9999967003283914;1.0025464305138534;1.0025562275236293;0.9999781685559103;0.9999877230138922;1.0;0.9999962733184633;0.9997932785213117;1.0008667022300202;0.9999678946804658;0.9999892263204553;0.9999999999999999;0.99999698821721;1.0026305173289887;1.002640573803267;1.0;0.9999999999999999;0.9999889432058023;1.0011271874671503;1.0005836947570501;1.000199665824488;1.0000550808755437;0.9998126269882206;0.9999999999999999;0.9997924651067647;0.9999015887892297;0.9999400247821858;0.9999999999999999;1.002398264382381;0.9998067431352055;0.9999918727122873;1.0;1.0025488602196782;1.024999976158142;
2016-05-14 12:15:00;1.0;0.9999706771653801;0.9999999999999999;0.9999919972576367;0.9998538857479918;0.9999887447916886;1.0026025244944745;0.9999840352815477;0.9998931151598622;1.0;0.9999967572910602;1.002542015083096;1.0025503627195989;0.9999823816702151;0.9999914770524022;0.9999999999999999;0.9999970653527711;0.9998523832197898;1.000857142188102;0.9999761246670054;0.9999957026541862;0.9999999999999999;0.9999977314652257;1.0025981319876427;1.0026049789532459;1.0;1.0;0.999990419910889;1.0010726658442597;1.000525442651472;1.0001636066566546;1.000034429380146;0.9998638327539036;1.0;0.9997751831124854;0.9998880297612831;0.9999321718648642;0.9999999999999999;1.0023665146609275;0.9998599890883489;0.9999967590820508;1.0;1.0025445492711957;1.024999976158142;
2016-05-14 12:30:00;1.0;0.9999203118566028;1.0;0.9999897679348911;0.9997407037554502;0.9999848774855861;1.0027110314712144;0.9999758915785613;0.9998124492007983;1.0;0.999996787311604;1.002604463810307;1.0026194546175469;0.9999669012920508;0.9999768781911659;1.0;0.9999964892228104;0.9997397925486367;1.0008938173990711;0.9999580762919705;0.9999973065656178;1.0;0.9999973482337087;1.0027039824069868;1.0027144202109204;1.0;1.0;0.9999851131778087;1.001168254579796;1.000607489699687;1.0002102172362812;1.0000569531286014;0.9997519732500447;0.9999999999999999;0.9997866515094591;0.9998932650527834;0.9999348720045778;1.0;1.0024646823370325;0.9997459328914063;0.9999979635998082;1.0;1.0026071430888015;1.024999976158142;
2016-05-14 12:45:00;1.0;0.9999237106035315;1.0;0.9999822129816048;0.9996054102024045;0.999970849561977;1.0028962761901636;0.9999564123935284;0.9997075035311426;1.0;0.9999978658879872;1.0027794001010213;1.0027936506486397;0.9999530845434577;0.9999778513328845;1.0;0.9999946412772208;0.9996025693391466;1.00095361853004;0.9999345650325125;0.9999916621051557;0.9999999999999999;0.9999958507297181;1.0028887722867863;1.002900134084984;1.0;1.0;0.9999747715383619;1.001304458260508;1.0007130228646066;1.0002753495713683;1.0000947940045988;0.999631315408674;0.9999999999999999;0.9997873090298209;0.9999206474046614;0.9999506661544861;1.0;1.0026336973981773;0.9996213121676387;0.9999937008357501;1.0;1.0027819057787637;1.024999976158142;
2016-05-14 13:00:00;1.0;0.9998929341564089;0.9999999999999999;0.999974960718913;0.9994199127384036;0.999959969593077;1.0031757842380664;0.9999405492206432;0.9995781989149094;1.0;0.9999960598043374;1.0029872706143625;1.0030057981338567;0.9999351546243753;0.9999689116835729;1.0;0.9999913825234514;0.9994120990295178;1.0010419066579228;0.999905564160097;0.9999772275679563;1.0;0.9999930996849249;1.0031632509512496;1.003182925735726;1.0;1.0;0.9999650687453742;1.001453238541392;1.0008053856247212;1.0003243657067145;1.0001214873113302;0.9994630627746215;1.0;0.9997681078269696;0.9999360626100471;0.9999590219881848;1.0;1.0028890722721011;0.9994471278434685;0.9999828070239487;1.0;1.0029899777962716;1.024999976158142;
2016-05-14 13:15:00;1.0;0.9999765987900642;1.0;0.9999892141432515;0.9996948644087397;0.9999830658936508;1.0028776006086906;0.9999750147115786;0.999790650456827;1.0;0.9999978877639122;1.0027418744621006;1.0027492261931843;0.9999770669891407;0.9999932113335046;0.9999999999999999;0.9999941128030396;0.9996829022535851;1.0009390355412568;0.9999532004098599;0.9999659280865851;1.0;0.999994821471067;1.002868357343572;1.0028841050806607;1.0;1.0;0.999986194952576;1.001242733890765;1.0006390364140145;1.0002290658491328;1.0000690517539021;0.999731983294872;1.0;0.9997591160046432;0.9999054233416687;0.9999422408864757;0.9999999999999999;1.0026194205224972;0.9997207727884525;0.9999742930804912;1.0;1.0027442777517916;1.024999976158142;
2016-05-14 13:30:00;1.0;0.9999885972577894;1.0;0.9999906211830275;0.9997636953036456;0.999985854678331;1.0027803014426284;0.9999798960921672;0.9998379570058435;1.0;0.9999974272505462;1.0026716180423856;1.0026776409360367;0.999982869913833;0.9999966787530762;1.0;0.9999948893088811;0.9997537804577281;1.0009086321610776;0.9999637851890888;0.9999717842908954;1.0;0.999995537489418;1.0027726730495694;1.0027857740903572;1.0;1.0;0.9999889207693811;1.0012067206100963;1.0006295978341446;1.0002237959998321;1.0000650482631146;0.9997942617103501;0.9999999999999999;0.9997790689891382;0.9999003072363343;0.999939165011319;1.0;1.0025305387890124;0.9997853141606432;0.9999787165864711;0.9999999999999999;1.0026741234508092;1.024999976158142;
2016-05-14 13:45:00;1.0;0.9999858501909259;1.0;0.9999903655270053;0.9997034756145587;0.9999863253259557;1.0030090336844608;0.9999802665382059;0.9998051330036432;1.0;0.9999964624292144;1.0028524414022548;1.0028586248227016;0.9999825949853163;0.9999958866993695;1.0;0.9999931785842928;0.9996877637898051;1.000978943096175;0.9999564391735732;0.9999553013952378;1.0;0.999993869851945;1.0029979196704262;1.0030172538565925;1.0;0.9999999999999999;0.9999890215316285;1.001309936057538;1.0006733001577008;1.0002311705349347;1.0000512443286411;0.9997457094105685;0.9999999999999999;0.9997537622688459;0.999850139285909;0.9999109797705203;1.0;1.002739973814238;0.9997334061678134;0.9999662761576529;1.0;1.0028548449569439;1.024999976158142;
2016-05-14 14:00:00;1.0;0.9999708930304269;1.0;0.999989392603058;0.9997703313466528;0.9999841749063505;1.0027649392736557;0.9999773304204196;0.9998363751428221;1.0;0.9999968446718586;1.0026730893034574;1.0026812180884916;0.9999775032412294;0.9999915439865208;1.0;0.9999954955641576;0.9997647205052227;1.000907358494819;0.9999634290709383;0.9999840045580325;1.0;0.9999962862200351;1.002758436775122;1.002769107195017;1.0;0.9999999999999999;0.9999869445653151;1.0011800051700732;1.0006165917896503;1.000204573016704;1.0000511467030235;0.999792470926792;1.0;0.9997948942737387;0.9998838641717687;0.9999300023395085;0.9999999999999999;1.0025153116527852;0.9997852325789578;0.9999879287985699;1.0;1.0026755193162444;1.024999976158142;
2016-05-14 14:15:00;1.0;0.9999853424479592;1.0;0.999985173521391;0.9997096578762474;0.999976147498367;1.002791138896438;0.9999667244094702;0.9997876322570513;0.9999999999999999;0.9999976376161522;1.0027007485952126;1.002707496447277;0.9999724032596135;0.9999957468426114;1.0;0.9999944720181216;0.99970262446665;1.0009150049923476;0.9999525229245756;0.9999799076532042;1.0;0.9999954319607717;1.002784854782505;1.0027954318829955;1.0;0.9999999999999999;0.9999816395243422;1.001200338924637;1.0006285668663824;1.000210585673198;1.0000509765085028;0.999741041869225;1.0;0.9997912061254725;0.9998747960170977;0.9999244298669445;1.0;1.0025397241518352;0.9997317494688551;0.9999848377788382;1.0;1.0027034281310108;1.024999976158142;
2016-05-14 14:30:00;1.0;0.9999839700922359;1.0;0.9999798454205853;0.9996284919183446;0.9999678099675322;1.0029359764734624;0.99995574373699;0.9997264315753496;1.0;0.9999965786171273;1.0028313241035964;1.0028383992740733;0.9999637868031119;0.9999953459043314;1.0;0.9999927472671932;0.999619939688311;1.0009617511589806;0.9999388106075774;0.9999754839133325;1.0;0.9999940540396521;1.0029284704518788;1.0029412045713226;1.0;0.9999999999999999;0.9999753802610946;1.0013184218829227;1.000717025676273;1.0002662198669718;1.0000793058940134;0.9996685448546292;1.0;0.9997878799466333;0.9998862420578516;0.9999307540350131;1.0;1.0026719475264705;0.9996567826575519;0.9999814953617562;1.0;1.0028340868687327;1.024999976158142;
2016-05-14 14:45:00;1.0;0.9999789134882232;1.0;0.9999894167157588;0.9997334235509304;0.9999831171449504;1.0028218311157648;0.9999754271488305;0.999812913519289;1.0;0.9999981974506912;1.002705720774013;1.0027147010179778;0.9999777760225913;0.9999938728368931;1.0;0.9999950292960071;0.9997246435923087;1.0009234724300737;0.9999581786271833;0.9999749980477914;0.9999999999999999;0.9999957202514016;1.0028141067923726;1.0028270108576471;1.0;1.0;0.999986405778168;1.00125764149684;1.0006721453723193;1.0002478553280774;1.000071996473859;0.9997637812623404;1.0;0.9997840414442348;0.999888920940962;0.9999310331597239;1.0;1.0025680424377394;0.9997545406843581;0.999981129742897;1.0;1.0027091749762755;1.024999976158142;
2016-05-14 15:00:00;1.0;0.9999470524116225;1.0;0.9999881719305209;0.9996574019322895;0.9999817825859557;1.002900728719041;0.9999721640364843;0.9997628683984503;1.0;0.9999973284209057;1.0027437366204939;1.0027563497003935;0.9999692258647979;0.9999846081586035;1.0;0.9999941036797261;0.9996472503802001;1.0009486089472623;0.9999469610920254;0.9999709921124988;1.0;0.9999949416911255;1.0028902560290007;1.0029074020525692;0.9999999999999999;1.0;0.9999838250071211;1.0013412335226217;1.000728393079003;1.0002921952485802;1.0000953274542148;0.999691036188442;1.0;0.9997678683193291;0.9998995461728671;0.9999374469298784;0.9999999999999999;1.0026399519348694;0.9996797213394439;0.9999781063309896;1.0;1.0027469631278847;1.024999976158142;
2016-05-14 15:15:00;1.0;0.9998477875939847;0.9999999999999999;0.9999838505346359;0.999495472001649;0.999973956150423;1.0030032899260652;0.9999565089306609;0.9996385109610291;1.0;0.9999977947292329;1.0028060782285981;1.0028302555946336;0.999938810029307;0.9999557821096782;1.0;0.9999945094527157;0.9994921109071253;1.0009887445907626;0.9999190758095322;0.9999900017236968;1.0;0.9999957169861465;1.0029910098005874;1.0030091793879456;0.9999999999999999;1.0;0.999973269778623;1.001511982718109;1.0008752551581954;1.000404310599694;1.0001597705842278;0.9995197073562625;1.0;0.9997698904325909;0.9999438715197315;0.9999635203751119;0.9999999999999999;1.002730528150071;0.999507408160289;0.9999924460393537;1.0;1.002808738639489;1.024999976158142;
2016-05-14 15:30:00;1.0;0.9999528281144551;1.0;0.9999882430866407;0.999749203195763;0.9999822722686801;1.0028043022965707;0.9999740165620508;0.999817860054113;1.0;0.999996722988685;1.00271204362838;1.0027225152827675;0.9999715890406201;0.9999863042620853;1.0;0.9999957013713043;0.9997458349652089;1.0009223759057628;0.9999592821809414;0.999990335570775;1.0;0.9999965951894857;1.0027978987963269;1.0028079648121464;1.0;1.0;0.9999847070077578;1.0014277983038855;1.000841878697294;1.0003899669277545;1.0001546665888785;0.9997677211789289;1.0;0.9998022543825942;0.9999491336956119;0.9999668536729851;1.0;1.0025503770586812;0.9997608377156149;0.999992703635073;1.0;1.0027145028440316;1.024999976158142;
2016-05-14 15:45:00;1.0;0.9999528314677559;1.0;0.9999916822533288;0.9997877822002175;0.9999876993657179;1.0026658546373386;0.9999810672809938;0.9998495335296493;1.0;0.9999974039912256;1.0025704711228405;1.0025813490106956;0.9999769311621532;0.9999862912478827;1.0;0.9999965220811513;0.9997842040418551;1.0008765159945607;0.9999663702284258;0.9999897750849511;0.9999999999999999;0.9999971854342106;1.0026594478531201;1.0026694854919556;1.0;1.0;0.9999886872078415;1.001338584070997;1.0007800405779448;1.0003536612312518;1.0001354177621637;0.9998031724343143;1.0;0.99980766416051;0.999938454313354;0.999960422344609;1.0;1.0024245613758738;0.9997971602869428;0.9999922832906577;1.0;1.0025731503104955;1.024999976158142;
2016-05-14 16:00:00;0.9999999999999999;0.9999337554466975;0.9999999999999999;0.9999877259700072;0.9997073154371421;0.9999809753594324;1.0027793856833518;0.9999709567308344;0.9997875508150466;1.0;0.9999972085880842;1.0026705033761198;1.0026837110135556;0.9999657932732766;0.9999807589197545;1.0;0.9999956961738149;0.9997043747603992;1.0009146629669332;0.9999525005652167;0.9999915124999286;1.0;0.9999966213311304;1.0027721729586325;1.0027832251116484;1.0;0.9999999999999999;0.9999828077084958;1.0013766890783462;1.0007805187217507;1.0003526815007049;1.000132421896277;0.9997259978845697;1.0;0.9997767877134823;0.9999310421446319;0.9999563187648988;0.9999999999999999;1.0025274814239133;0.9997183743707904;0.9999935925425578;1.0;1.0026731343041126;1.024999976158142;
2016-05-14 16:15:00;0.9999999999999999;0.9998683026917476;1.0;0.9999859825649993;0.9995881550988683;0.9999791518154976;1.002956113351253;0.9999654994162676;0.9997069293231619;1.0;0.9999959405967532;1.0027851438302493;1.0028061686914567;0.9999492155117032;0.9999617438619326;1.0;0.9999947995845241;0.9995853357767778;1.000973421316845;0.9999344191811937;0.9999916847138453;1.0;0.9999959688785217;1.0029448962732759;1.0029616754222912;1.0;1.0;0.9999782548060632;1.0015247245254684;1.0009191236974777;1.0004321018868185;1.0001796752857197;0.9996068656369935;1.0;0.9998078451428121;0.9999674761531564;0.9999773996041016;0.9999999999999999;1.0026876513474658;0.9995968543054095;0.9999937176111766;1.0;1.0027875045636856;1.024999976158142;
2016-05-14 16:30:00;1.0;0.9998948894278241;1.0;0.9999786825195183;0.9996159717245721;0.9999731871966033;1.0029667760670533;0.9999624876835693;0.9997258116732919;1.0;0.9999879126936627;1.0028105560971;1.0028283371590527;0.9999509481284344;0.9999694583609391;1.0;0.9999914665028707;0.9996120513790416;1.0009764127497653;0.9999386378184001;0.99998852149449;1.0;0.9999934347070398;1.0029541959798924;1.002974041415361;1.0;1.0;0.9999754231379321;1.0015404545058848;1.0009289785742208;1.0004419239293496;1.0001858453730357;0.999637709680558;1.0;0.9998023878486811;0.9999725575698886;0.9999801476808855;1.0;1.0026984057723567;0.9996278189325142;0.9999913365488624;1.0;1.0028129864430422;1.024999976158142;
2016-05-14 16:45:00;1.0;0.99995174681009;1.0;0.9999878559606791;0.9997863317725922;0.9999847746019382;1.0026936028258402;0.9999790601375279;0.9998483096358649;1.0;0.9999929575714137;1.0025975785458445;1.002608402241777;0.999974706030547;0.9999859795057733;1.0;0.9999948251937678;0.9997828701681539;1.000886000967828;0.9999660946092231;0.9999900817125474;1.0;0.9999959427819742;1.0026859634358165;1.0026982130365996;1.0;1.0;0.9999866681074762;1.0013208618116403;1.000736590952168;1.0003349131211037;1.00012906770935;0.9998015368102369;0.9999999999999999;0.9997689908386006;0.9999441484176975;0.9999638283421131;0.9999999999999999;1.002450014929129;0.9997955373294402;0.9999925175679357;1.0;1.0026001533073672;1.024999976158142;
2016-05-14 17:00:00;1.0;0.999862792809469;1.0;0.999986471546774;0.9995650463676046;0.9999793571062217;1.0029080673496398;0.9999648885756298;0.999691926991556;1.0;0.9999966717181502;1.0027238118905692;1.002745815327045;0.9999479661865148;0.9999602283426775;1.0;0.9999947790980522;0.9995613312557898;1.0009566319728054;0.9999310904195302;0.9999891781951733;1.0;0.9999958909508309;1.0028962111001782;1.0029139939997045;1.0;1.0;0.9999781407639818;1.0015031847279974;1.000909355100341;1.0004311658019205;1.0001836815554734;0.9995859809134029;1.0;0.9998121020671432;0.9999809099609877;0.9999846826635825;1.0;1.0026440867634712;0.9995751592172122;0.9999918297606868;1.0;1.0027263465382086;1.024999976158142;
2016-05-14 17:15:00;1.0;0.9999519609886649;1.0;0.9999892147744258;0.9997287703136926;0.9999851270879533;1.0028480836043272;0.9999780037321707;0.9998130909956402;1.0;0.9999954302951419;1.0027185371790601;1.0027294322455667;0.9999743103351633;0.9999860529466154;1.0;0.999994541161048;0.9997209861527367;1.0009330701395864;0.9999582121367009;0.9999777944318372;1.0;0.9999954302523877;1.0028388421649745;1.002853976046779;1.0;1.0;0.9999867148593733;1.0014509191779672;1.0008594577229843;1.0004024645872234;1.0001666975499888;0.9997541458292762;1.0;0.9998005129826868;0.9999684648828477;0.9999774753307936;1.0;1.002591442858173;0.9997453168829794;0.9999832421491852;1.0;1.00272116823309;1.024999976158142;
2016-05-14 17:30:00;0.9999999999999999;0.99998397180736;1.0;0.9999945838602228;0.9998391957394773;0.9999925836746487;1.0026458607548774;0.9999889932448814;0.9998931673787432;1.0;0.9999976136941492;1.0025501086998423;1.0025575023150957;0.9999887768470486;0.9999953394001959;0.9999999999999999;0.9999964081740846;0.9998318981699227;1.0008663813922218;0.9999761348658227;0.9999792672277418;1.0;0.9999968406612634;1.0026392477978545;1.0026503458368998;0.9999999999999999;1.0;0.9999937318155315;1.0013218506844015;1.0007678892157539;1.0003521605458918;1.0001418041703336;0.9998593510419266;1.0;0.9998051011929854;0.9999603931001674;0.9999723666573694;1.0;1.0024075631704894;0.9998531416745239;0.9999843637595797;1.0;1.0025530447348538;1.024999976158142;
2016-05-14 17:45:00;1.0;0.999987223177515;1.0;0.9999881815221211;0.9997700088957132;0.9999822154463995;1.0026824312495322;0.9999755134336957;0.9998351993946192;1.0;0.999996635020112;1.0025959049978135;1.0026023287879033;0.9999792226205901;0.9999962843177599;1.0;0.9999949739007671;0.9997632233675392;1.0008791848630747;0.9999631749168475;0.9999806770105168;1.0;0.9999958193159086;1.0026761172082264;1.0026867989129522;1.0;1.0;0.9999862882649161;1.0013386899791656;1.0007703415726859;1.0003572808361576;1.0001459107281925;0.999796106167115;1.0;0.9997905596718377;0.9999655398263866;0.9999758218385231;1.0;1.0024408219819327;0.9997883566421893;0.9999854236195067;0.9999999999999999;1.0025985357300662;1.024999976158142;
2016-05-14 18:00:00;1.0;0.9999840446920583;1.0;0.9999894091220758;0.999820692022426;0.9999838946094176;1.0026431203195454;0.9999778500227384;0.9998664209614779;1.0;0.9999971400684031;1.0025851264894863;1.0025919546868323;0.9999803453894222;0.9999953584822753;1.0;0.9999963304870122;0.9998179102675343;1.0008695226405182;0.9999701581720764;0.9999920742539686;0.9999999999999999;0.9999971000784746;1.0026388978061407;1.002645735958449;1.0;1.0;0.9999874436303849;1.001313576817126;1.000752922670948;1.0003484169443537;1.000142163237999;0.9998371364483217;0.9999999999999999;0.9997919860064612;0.9999665777634371;0.9999764085214748;1.0;1.002403915358986;0.9998319652458005;0.9999940176067675;1.0;1.002587757193457;1.024999976158142;
2016-05-14 18:15:00;1.0;0.9999918469459118;1.0;0.9999912463109264;0.9998794424257131;0.9999874359045672;1.00264760346385;0.9999835100074002;0.9999088769985429;1.0;0.999996739014436;1.002608726702185;1.0026140200270162;0.9999859327663801;0.9999976301772114;0.9999999999999999;0.99999698879476;0.9998778416467049;1.0008718087306563;0.9999796470654778;0.9999954465793196;1.0;0.9999976681520305;1.0026444630092588;1.0026495790976944;1.0;1.0;0.9999904771463761;1.0013073959272023;1.0007461203622476;1.0003471269653972;1.0001460520389716;0.9998905905857877;1.0;0.9997886295633038;0.9999809838500303;0.9999850833543469;1.0;1.0024076553708376;0.9998871820546702;0.999996561394684;1.0;1.0026110601340739;1.024999976158142;
2016-05-14 18:30:00;1.0;0.9999930017403547;1.0;0.9999923809992303;0.9998569759211638;0.9999887389243534;1.002681961643276;0.9999846499807721;0.9998976398074574;1.0;0.9999975697353398;1.002621584507272;1.0026270426654085;0.9999871572987565;0.9999979706864416;1.0;0.9999967159932277;0.9998526300200241;1.0008807663869799;0.9999771340822285;0.9999876520641722;0.9999999999999999;0.9999972745617539;1.0026775993884385;1.0026849185336617;1.0;0.9999999999999999;0.999991397622194;1.0013113025172178;1.0007425724275243;1.000346047847917;1.0001499119760908;0.9998735139061173;1.0;0.9997805037518902;0.9999940491752487;0.999992161722767;1.0;1.0024396105134592;0.9998686436284889;0.9999906834140444;1.0;1.0026240897906753;1.024999976158142;
2016-05-14 18:45:00;1.0;0.9999939418318426;1.0;0.9999906699953773;0.9998482405072838;0.9999860481178818;1.0026028551866097;0.999981295371865;0.9998880722104985;1.0;0.9999972042475563;1.0025509940560693;1.0025561470748834;0.999984772782522;0.9999982410917866;1.0;0.9999964983586861;0.9998447755612654;1.000855653626019;0.9999749944616938;0.9999901360788043;1.0;0.9999971759173714;1.0025989512627689;1.002605481783104;1.0;0.9999999999999999;0.9999894923312149;1.001255252036463;1.000702348161489;1.0003296296305686;1.00014979870607;0.9998646514050027;0.9999999999999999;0.9997770995179849;1.0000146433055659;1.0000039852825313;1.0;1.0023675551937772;0.9998598504578315;0.9999925581869626;1.0;1.0025533968882736;1.024999976158142;
2016-05-14 19:00:00;0.9999999999999999;0.9999854127113758;1.0;0.9999923276741285;0.9998517107815226;0.999988381766201;1.0026373425150366;0.9999837051196333;0.9998923089057522;1.0;0.9999978768611917;1.0025777670542566;1.0025843391923535;0.9999850558549864;0.9999957756726006;1.0;0.9999970082640581;0.9998484831236618;1.0008670922674436;0.9999759431851671;0.999990826508885;1.0;0.9999975684141833;1.0026331917983706;1.0026399402826598;1.0;1.0;0.9999907777690349;1.0012991047039794;1.000753974219588;1.000354650496982;1.000160965506735;0.9998662022014472;1.0;0.9998020424764237;1.000015565696936;1.0000041725385815;1.0;1.0023987054590369;0.999861628326334;0.9999930759029544;1.0;1.0025803573227219;1.024999976158142;
2016-05-14 19:15:00;1.0;0.9999875819481081;1.0;0.9999891057219262;0.9998255114337379;0.999983873148356;1.0026166097147708;0.9999782626560535;0.9998704810024828;0.9999999999999999;0.9999965385615214;1.002561661218682;1.0025673545452243;0.9999812582731252;0.9999963990907167;1.0;0.9999960658397054;0.9998223375662206;1.0008604901415947;0.9999710657070802;0.9999909601076206;0.9999999999999999;0.9999968775052346;1.0026123560490796;1.002619390660554;1.0;1.0;0.9999876192975244;1.001275385209663;1.0007221498245724;1.0003402941044741;1.0001535676091629;0.9998425565474908;0.9999999999999999;0.9997828713502481;1.000011726697175;1.0000025957820944;0.9999999999999999;1.0023799526846122;0.999837347966607;0.9999931784007785;1.0;1.0025639191500981;1.024999976158142;
2016-05-14 19:30:00;1.0;0.9999934366056372;1.0;0.999991800615647;0.99987820233003;0.9999888394695636;1.002546118673745;0.9999855573027926;0.9999116999994309;1.0;0.9999962390490781;1.002495253736306;1.0025005208873825;0.9999877336749828;0.9999980914617902;0.9999999999999999;0.9999966087967882;0.9998749884780375;1.0008371491132197;0.9999802775217215;0.9999908687495221;1.0;0.9999972749338116;1.0025420320729994;1.002548875690455;1.0;1.0;0.9999915791024918;1.0012617892535505;1.000719031542393;1.0003449427132685;1.0001549122430795;0.9998916118939948;1.0;0.9997864400239086;1.0000093097580252;1.0000009226015445;1.0;1.002315948001826;0.9998876299267486;0.9999931104495273;1.0;1.0024976833181023;1.024999976158142;
2016-05-14 19:45:00;1.0;0.9999898223469672;1.0;0.999989954498086;0.9998369663235005;0.9999846813305338;1.0026158940964849;0.9999791872362492;0.9998780475343949;1.0;0.99999732895256;1.0025637039861648;1.0025698824411504;0.9999824462572362;0.9999970480945094;1.0;0.999996529752607;0.9998342306220185;1.0008605445052055;0.9999727576135979;0.9999922014241941;0.9999999999999999;0.9999972501943482;1.0026120704006243;1.0026183184253052;1.0;1.0;0.9999882994123984;1.0012768882449272;1.0007115352380527;1.0003411211626414;1.0001545388865416;0.9998528475445244;1.0;0.9997651997075958;1.0000139315966883;1.0000030894805714;1.0;1.002379189719811;0.9998480450769703;0.9999941173627735;1.0;1.0025663831557359;1.024999976158142;
2016-05-14 20:00:00;0.9999999999999999;0.9999932910743747;1.0;0.9999937187732858;0.9998509703776575;0.999990673499465;1.0025707676456121;0.9999868747056162;0.9998973065981276;1.0;0.9999980656089951;1.0024978182793276;1.0025030283109415;0.9999889635701469;0.9999980533709872;0.9999999999999999;0.9999966628154052;0.9998448642833617;1.0008427356432716;0.9999770602232625;0.9999826697150846;1.0;0.9999971119258115;1.0025656703231764;1.0025743384182264;1.0;0.9999999999999999;0.9999927790280083;1.0012843073315616;1.00074440372413;1.0003614050999008;1.0001682532506238;0.9998701517610101;1.0;0.9997946686948864;1.0000274902634834;1.0000112713147844;1.0;1.0023390190448258;0.9998645540227901;0.9999869236712634;1.0;1.0025002074385891;1.024999976158142;
2016-05-14 20:15:00;1.0;0.9999887376159005;1.0;0.9999899296340196;0.999718740466757;0.9999850472420915;1.0028044337885436;0.999978662865536;0.9998112518321964;1.0;0.9999970402107446;1.0026663878907;1.0026724877342243;0.9999819726888608;0.9999967363534739;1.0;0.9999937481959322;0.999705140374504;1.0009136182497098;0.9999578070604155;0.9999613179706127;1.0;0.9999944378557069;1.0027947227443033;1.0028115730501772;0.9999999999999999;1.0;0.9999882436754804;1.0014135150395649;1.0008419473530172;1.0004062607442645;1.0001915295658008;0.9997576063978346;1.0;0.9998027026070254;1.0000379750321042;1.0000168904051479;1.0;1.0025535582556875;0.9997463495288974;0.9999708093149139;1.0;1.0026689492650223;1.024999976158142;
2016-05-14 20:30:00;0.9999999999999999;0.9999469770799618;1.0;0.9999902838635012;0.9996974017585643;0.9999856127238221;1.002853631143564;0.9999774722778446;0.9997932327491669;1.0;0.9999971124398591;1.0027058211791924;1.0027175912294286;0.9999731850210739;0.9999845988471361;1.0;0.9999946847930212;0.9996879896570464;1.0009335314296575;0.9999537655432259;0.9999731491514984;1.0;0.9999954219326305;1.0028436631219306;1.0028599694752187;0.9999999999999999;1.0;0.9999867059135678;1.0014799986585887;1.0008919942137542;1.0004451857296355;1.0002117930044212;0.999726658547095;1.0;0.9997962704484031;1.0000475153427226;1.0000219238193757;1.0;1.0025968259452052;0.9997165642854723;0.9999797362936252;1.0;1.0027085835985727;1.024999976158142;
2016-05-14 20:45:00;1.0;0.999970171419093;0.9999999999999999;0.9999894313727224;0.9998032850392083;0.9999846557751849;1.0026750560201783;0.9999784616024273;0.9998567653854483;0.9999999999999999;0.9999963246498219;1.0026011914569726;1.002609514952227;0.9999780967679511;0.9999913307677346;1.0;0.9999960129105375;0.9998001204127333;1.0008799225445;0.9999679890022303;0.9999909554851198;1.0;0.9999968391249797;1.0026696442557854;1.0026783235145285;1.0;1.0;0.9999873423091086;1.0013490509777332;1.0007838167081098;1.000384996869798;1.0001791603507157;0.9998195465397735;1.0;0.99978378497933;1.0000292601453422;1.0000120995427302;1.0;1.0024330101528454;0.9998139221319382;0.999993173487102;1.0;1.0026036772708435;1.024999976158142;
2016-05-14 21:00:00;0.9999999999999999;0.999983466005784;1.0;0.9999930846846881;0.9998784720956704;0.9999901736353423;1.0025253938356036;0.9999864387178089;0.9999115223299372;1.0;0.9999973181022328;1.0024747752501724;1.0024809948936255;0.9999866230427981;0.9999951931033713;1.0;0.9999973253466968;0.9998763398106796;1.000831223676603;0.9999802365545706;0.9999939308402199;1.0;0.9999978789552435;1.0025216761148164;1.002527647983536;1.0;1.0;0.9999920508535843;1.0012362281879785;1.0006904219376866;1.0003308304029126;1.0001487336284938;0.9998890258199717;1.0;0.9997739963438876;1.000009346640773;1.0000012504395532;1.0;1.0022966498661277;0.999885478063977;0.999995420569579;1.0;1.002477032985907;1.024999976158142;
2016-05-14 21:15:00;1.0;0.9999632354841564;0.9999999999999999;0.9999905674610634;0.9998046845119505;0.9999863297496071;1.0026009105026896;0.9999801853631568;0.9998591747532785;0.9999999999999999;0.9999966974718653;1.0025215610971168;1.0025307515197044;0.9999781273676851;0.9999893135882377;1.0;0.9999963342789749;0.9998016730907098;1.0008556632590149;0.999968527901495;0.9999913900534709;1.0;0.999997086753674;1.002595285678642;1.0026041878543688;1.0;1.0;0.9999882292259165;1.00128132121531;1.0007309267744935;1.0003513706395109;1.000162575587907;0.9998195570405919;1.0;0.9997829745053731;1.0000233025301273;1.000008744890081;1.0;1.002365505113077;0.9998140677652937;0.9999935024357971;1.0;1.0025240392466994;1.024999976158142;
2016-05-14 21:30:00;1.0;0.9999795639632338;1.0;0.999990511225871;0.9998230929679202;0.9999859757546294;1.0026080890362739;0.9999804492310524;0.9998713824812481;0.9999999999999999;0.9999969779747421;1.002541903489365;1.0025488049703912;0.99998143114587;0.9999940604805022;1.0;0.9999963323265444;0.9998195822502453;1.0008574367267908;0.9999712611735396;0.999989980445961;1.0;0.999997050312062;1.0026032742680806;1.0026111164037392;0.9999999999999999;1.0;0.9999887471517721;1.0012018160646183;1.0006594972434477;1.000283566642708;1.0001205068766652;0.9998395047817308;1.0;0.9997879801477167;0.9999872672563938;0.9999885871904307;1.0;1.002372229920969;0.9998341801664143;0.9999924432924152;1.0;1.0025442636501705;1.024999976158142;
2016-05-14 21:45:00;1.0;0.9999412718090005;1.0;0.9999868526678547;0.9997266287783744;0.9999805561093584;1.0027082273206833;0.9999714507456554;0.999800673606061;1.0;0.9999958853793393;1.0026096391100388;1.0026215654980082;0.9999673977565866;0.9999829315945485;1.0;0.9999953418069497;0.9997239331856828;1.0008915404016856;0.999955436698806;0.9999922131578938;0.9999999999999999;0.9999963773091715;1.0027012711715513;1.0027120634014846;1.0;1.0;0.9999829254920056;1.0013017555423196;1.0007401069247923;1.0003391993781687;1.0001523713214633;0.9997445067855769;0.9999999999999999;0.9997876041868698;1.0000087777283682;1.0000005868234283;1.0;1.0024628843329653;0.999737379764297;0.9999941229772064;1.0;1.002612088371857;1.024999976158142;
2016-05-14 22:00:00;1.0;0.9999495769634876;1.0;0.9999865913149861;0.999727813391854;0.9999797719357496;1.002625301355269;0.9999706392011625;0.9998007692176096;1.0;0.9999962662436477;1.0025315747049544;1.00254245726513;0.9999684142495344;0.9999853593640801;1.0;0.9999952914536169;0.9997246812092676;1.0008638942511112;0.9999554587274955;0.9999909814072128;1.0;0.9999963095835711;1.0026187050802058;1.0026290427503033;1.0;1.0;0.9999827311277908;1.0013727721193946;1.0008347918105045;1.0004163660050103;1.000195814992409;0.9997474118704797;1.0;0.9998189771146827;1.000036391618459;1.000016178114937;1.0;1.00238770618529;0.9997401085680789;0.9999931925596846;1.0;1.0025340334779944;1.024999976158142;
2016-05-14 22:15:00;1.0;0.9999665570951012;0.9999999999999999;0.9999856165632218;0.9997613427484917;0.9999796086615687;1.0026209159107042;0.9999721579054139;0.9998245958674169;1.0;0.9999944058629625;1.0025403439864529;1.0025491582424217;0.999972534559912;0.9999902873422524;1.0;0.9999946962859855;0.9997578644532256;1.0008620439734077;0.9999607980591098;0.9999900247868428;1.0;0.9999958466089828;1.002614572379328;1.0026248439269796;1.0;1.0;0.9999835282562126;1.0013199611167256;1.0007633629930557;1.0003727205065993;1.0001703397668475;0.9997810668227594;1.0;0.999784938149109;1.0000181239986619;1.0000057700243563;1.0;1.002384019114263;0.999774345370899;0.9999924766610349;1.0;1.002542849066858;1.024999976158142;
2016-05-14 22:30:00;1.0;0.9999721941791736;0.9999999999999999;0.99998905870109;0.9997899478921416;0.999983968087323;1.002552220596989;0.9999774826785163;0.9998480145390116;1.0;0.9999963660575597;1.0024737849002499;1.0024816212308725;0.9999777870290498;0.9999919193358253;1.0;0.9999957038525775;0.9997858277995098;1.0008387267210388;0.9999660335528651;0.9999882146774643;1.0;0.9999965443077224;1.0025464777388438;1.0025558201978828;1.0;1.0;0.9999869181791133;1.0013049119023183;1.0007758439417622;1.0003836253724088;1.0001814916551817;0.9998088232399113;1.0;0.9998092799719713;1.000036979924112;1.0000166866947153;1.0;1.0023216487059081;0.9998025429704147;0.9999911147880917;1.0;1.002476144900692;1.024999976158142;
2016-05-14 22:45:00;1.0;0.9999458206328057;1.0;0.9999836505045528;0.9997306937823638;0.9999788761220161;1.002670655090435;0.9999714115785321;0.9998062427094424;1.0;0.9999912751437016;1.002564462858407;1.0025759615195555;0.999967693808297;0.9999842648379664;1.0;0.9999934184011513;0.9997267040974085;1.0008783368813277;0.9999566756936404;0.9999885068477535;1.0;0.9999948687497495;1.002661926484139;1.002676007188196;1.0;0.9999999999999999;0.9999820692547419;1.0013900823801125;1.0008369253839438;1.0004201057441389;1.0001998478070562;0.9997504654462605;1.0;0.9998049202407867;1.0000435355197088;1.0000200810346913;1.0;1.0024294394974707;0.9997429767762719;0.9999913320471508;1.0;1.0025669971032496;1.024999976158142;
2016-05-14 23:00:00;1.0;0.9999156238628271;1.0;0.9999819116185784;0.9996310592260164;0.9999737922883998;1.0027262127273067;0.9999617344994461;0.999731379770378;0.9999999999999999;0.9999937658144051;1.002597080934808;1.0026121779846187;0.9999550648327474;0.9999754806840256;1.0;0.999993577474947;0.9996277359196204;1.0008974039359206;0.9999399166565759;0.9999903232276658;1.0;0.9999950327113691;1.0027168427884812;1.0027313924834917;1.0;0.9999999999999999;0.9999767189328927;1.0014404659839746;1.000891145868525;1.0004504468896267;1.000219292628591;0.9996540052259606;0.9999999999999999;0.999823791086199;1.0000614137418598;1.000030419745653;1.0;1.002479422133312;0.999644531127947;0.9999926932225383;1.0;1.0025994838774699;1.024999976158142;
2016-05-14 23:15:00;1.0;0.9999649700280161;1.0;0.99998237792401;0.999813420438065;0.999980231621719;1.002621269879579;0.9999764925017711;0.999864734239568;1.0;0.9999870045541075;1.0025423994804312;1.0025517861192421;0.9999745120400019;0.9999898162990771;1.0;0.9999927262590251;0.9998108194589985;1.000863388077485;0.9999697582563347;0.9999925222513103;0.9999999999999999;0.999994455948515;1.0026131068463242;1.0026265887771817;1.0;1.0;0.9999842177536901;1.0013853117595002;1.0008473651842407;1.0004318470380256;1.0002096040408948;0.9998273167314603;0.9999999999999999;0.9998169101217923;1.0000571769665227;1.0000274840680643;1.0;1.0023846180033815;0.9998221628659079;0.9999943531470743;0.9999999999999999;1.0025451054615802;1.024999976158142;
2016-05-14 23:30:00;1.0;0.9999672746375354;1.0;0.9999843302668827;0.9998379279955036;0.9999829536758125;1.0025371676175958;0.9999799643217501;0.9998833253832771;1.0;0.9999877910688725;1.0024655454864475;1.002473945325659;0.9999776714621151;0.9999905168964766;1.0;0.9999933723994324;0.9998355645140883;1.0008356957142919;0.9999739245899039;0.9999932226741317;1.0;0.9999949489032642;1.0025296370972312;1.0025420922595514;0.9999999999999999;1.0;0.9999863384547159;1.0013332176470047;1.000816125371066;1.0004092709320054;1.0001948909304428;0.9998497677651901;1.0;0.9998288863312074;1.0000427788028006;1.0000200119900344;1.0;1.0023079829002843;0.9998452755980501;0.9999948856895831;1.0;1.002467878585102;1.024999976158142;
2016-05-14 23:45:00;1.0;0.999932959301699;1.0;0.9999890972065483;0.9997430167846829;0.9999849408044074;1.0025897858453836;0.9999771053673219;0.9998177542600148;1.0;0.9999953484886179;1.0024754466654546;1.002488887931688;0.9999700327184534;0.9999805331193045;1.0;0.999995491220438;0.9997396166093752;1.000851933762723;0.9999592591588978;0.9999902299002893;0.9999999999999999;0.9999964380289886;1.0025817229041418;1.0025942779714296;1.0;1.0;0.9999857771341504;1.0013007227702662;1.000766148717328;1.0003725483212977;1.000176650916987;0.9997590003688807;1.0;0.9998051874415503;1.0000368006142235;1.0000159676332148;1.0;1.0023553977366573;0.9997521018000404;0.9999926290711139;0.9999999999999999;1.0024781524658901;1.024999976158142;
2016-05-15 00:00:00;1.0;0.999940333483943;1.0;0.9999846617639884;0.9997667493037644;0.9999816853700304;1.0026344323491885;0.9999756713477712;0.9998329784702581;1.0;0.9999900395852704;1.0025348259391134;1.002546710120755;0.9999696473740892;0.999982654690896;1.0;0.9999937147862363;0.9997641714779224;1.0008676715534093;0.9999626531700204;0.9999925539834885;1.0;0.9999951862331149;1.0026258456092199;1.0026395675755195;1.0;1.0;0.9999839555105412;1.0013457581399487;1.0008038549690805;1.0003949686404654;1.0001866450900567;0.9997808393743584;1.0;0.9998090570047062;1.0000369873709227;1.0000166908869688;1.0;1.0023961413390772;0.9997747348759045;0.99999437805594;1.0;1.002537186083257;1.024999976158142;
2016-05-15 00:15:00;0.9999999999999999;0.9999787711109417;1.0;0.9999847983566893;0.9998519654420747;0.9999836167338421;1.002492188403105;0.9999813568779564;0.9998943196663105;1.0;0.9999879766198487;1.002425023102587;1.002431841493833;0.9999808739682499;0.9999938216619452;1.0;0.9999933320048462;0.9998486628708461;1.000820073313336;0.9999763813240709;0.9999905656763474;1.0;0.9999948532822875;1.0024849020328843;1.0024971944937233;1.0;1.0;0.9999873540039508;1.0012806989287464;1.0007689322778506;1.0003811802471931;1.0001822991599527;0.9998654783305111;1.0;0.9998205538918216;1.0000420140315878;1.000019714627465;1.0;1.0022674403280056;0.9998609329294424;0.9999928819330095;1.0;1.0024272807262717;1.024999976158142;
2016-05-15 00:30:00;0.9999999999999999;0.9999687238973834;1.0;0.9999937887186356;0.999839832273912;0.9999901605210483;1.0023977899917142;0.9999848129325222;0.9998850495440769;1.0;0.99999880613656;1.00232837913018;1.0023367774072784;0.999982849719499;0.99999092057677;1.0;0.9999975926052154;0.9998372649942251;1.0007890342531385;0.9999743184247404;0.9999926829398116;1.0;0.9999980454429098;1.0023933454240428;1.00240025756149;1.0;1.0;0.9999912479027641;1.0012394062165781;1.0007428414492079;1.0003690606764295;1.0001730680300498;0.9998519718511051;1.0;0.9998243623299008;1.0000304198413057;1.000012854627003;0.9999999999999999;1.002180679186849;0.9998474465423653;0.9999944783958027;1.0;1.00233080830755;1.024999976158142;
2016-05-15 00:45:00;1.0;0.9999591154472578;1.0;0.9999920897281126;0.9998034616056785;0.9999877820379319;1.0024746246189993;0.9999812894828037;0.9998588570188817;1.0;0.9999981297678929;1.0023926503754617;1.002402359284093;0.9999783481263685;0.9999881238731512;1.0;0.9999969623889612;0.9998005772375029;1.0008142273464744;0.9999684573430278;0.9999917619600014;0.9999999999999999;0.9999975586553673;1.0024692392413554;1.0024776144033314;1.0;1.0;0.9999890409897845;1.0012968551829935;1.000787951558146;1.0003968946785535;1.000189330814251;0.9998176492829914;1.0;0.999825351252649;1.0000424316078085;1.0000195567324714;0.9999999999999999;1.0022506041902202;0.999812202206331;0.9999937803856735;1.0;1.0023951282063877;1.024999976158142;
2016-05-15 01:00:00;1.0;0.99997067716538;1.0;0.9999927198891181;0.9998351524875785;0.9999893936766263;1.0024367210185097;0.9999843818773976;0.9998827652622582;0.9999999999999999;0.9999975096048463;1.0023624923574757;1.0023707499762002;0.9999827560739315;0.9999914770524023;1.0;0.9999969183023271;0.9998318331935544;1.0008012526355787;0.9999738061355035;0.9999905337409244;0.9999999999999999;0.9999974956670402;1.0024315954241765;1.0024397710244195;1.0;1.0;0.9999908186058543;1.0013098215411464;1.0008209477112995;1.0004184590010263;1.0002024357187367;0.9998488930900763;0.9999999999999999;0.9998501906957653;1.0000533076648668;1.0000256910790575;1.0;1.0022163616289248;0.9998439905892584;0.9999928606356937;1.0;1.0023649775795247;1.024999976158142;
2016-05-15 01:15:00;0.9999999999999999;0.9999494331132596;1.0;0.9999940357241343;0.999807177318104;0.9999903567460513;1.0023909556782025;0.9999838267339676;0.9998631073851806;1.0;0.9999991073859263;1.0023023722473583;1.0023134583524589;0.9999785426294359;0.9999853147577233;0.9999999999999999;0.9999976332244762;0.9998047080924005;1.0007869882777796;0.9999694107204907;0.9999929480601742;1.0;0.999998082249441;1.0023854766421891;1.0023937822325955;1.0;0.9999999999999999;0.9999904400940808;1.0012783142659307;1.0007979328754106;1.0004038586414152;1.0001936055454501;0.9998190316587511;1.0;0.999851494463445;1.00004572286426;1.0000212694766575;1.0;1.0021743067679172;0.9998138841469704;0.9999946759644117;1.0;1.0023049326917797;1.024999976158142;
2016-05-15 01:30:00;1.0;0.9999787679696113;0.9999999999999999;0.9999960964966871;0.9998733786516566;0.9999936402226648;1.0023262042736187;0.9999897490035498;0.9999118076264855;1.0;0.9999994523981578;1.0022590606781576;1.002266527414225;0.9999884988100155;0.9999938347466012;1.0;0.9999980635472937;0.999869993486234;1.000764535191978;0.9999803040926665;0.9999903702077813;0.9999999999999999;0.9999983352338263;1.0023220215731596;1.0023286677915357;1.0;1.0;0.9999942632675024;1.001236186097514;1.0007655807082114;1.0003856380458456;1.0001831547527964;0.999885117861977;1.0;0.9998507004505154;1.0000387591932665;1.0000172340645188;1.0;1.0021158380408837;0.9998810691450198;0.9999927414726981;0.9999999999999999;1.0022616769841315;1.024999976158142;
2016-05-15 01:45:00;1.0;0.9999808651360635;1.0;0.9999951630130525;0.9998804589536892;0.9999923883114575;1.002273629965374;0.9999885116466497;0.9999144410624629;0.9999999999999999;0.9999990013179506;1.002216079836071;1.002223308457427;0.9999878764664907;0.999994435831831;1.0;0.9999980350497034;0.9998780615743837;1.00074824588891;0.9999808900150255;0.9999931902587587;1.0;0.9999983834966057;1.0022699602557907;1.0022757283324184;1.0;1.0;0.9999934750163264;1.0012295214485547;1.000785763748691;1.000395374011538;1.000189387616402;0.9998907418941352;1.0;0.9998803692078174;1.000044242646886;1.0000203085522879;1.0;1.0020678970692751;0.9998871749000847;0.9999948605154384;1.0;1.0022187095716926;1.024999976158142;
2016-05-15 02:00:00;1.0;0.999981368604171;1.0;0.9999940049290874;0.9998697085576614;0.9999912068271938;1.0022916460325355;0.999987292070409;0.999907203511193;1.0;0.9999980024852773;1.0022321538629828;1.0022386835801138;0.9999869785810543;0.999994591953695;0.9999999999999999;0.9999974319538137;0.9998667076800675;1.0007536614325028;0.9999792745318615;0.9999914741444778;0.9999999999999999;0.9999978966251101;1.0022875313648547;1.0022941663197726;1.0;1.0;0.9999926669952746;1.0012144605855309;1.0007548592686473;1.0003779675739009;1.0001797486317652;0.9998817175201786;1.0;0.9998578688116846;1.0000384077996838;1.000017628556616;1.0;1.0020844405146014;0.9998776883219909;0.9999935677212533;1.0;1.002234437928429;1.024999976158142;
2016-05-15 02:15:00;1.0;0.9999830311223236;1.0;0.9999963661055928;0.9999044809368498;0.9999949555610834;1.0022356645024801;0.9999923700382596;0.9999341945348734;1.0;0.9999984568849082;1.0021776096562054;1.002184511036112;0.9999911008984541;0.9999950723182065;1.0;0.9999981097725373;0.9999017387670871;1.000735380924002;0.9999853050140687;0.9999922274065769;1.0;0.9999984144014915;1.0022317930691957;1.0022379799495218;1.0;1.0;0.9999954941958327;1.001228943223237;1.0007956159910174;1.000403782473778;1.0001935794492225;0.9999134103644378;1.0;0.9998902657132744;1.0000456400446283;1.0000211461571695;0.9999999999999999;1.0020334989357589;0.9999103008359208;0.9999941336890729;1.0;1.0021802124321484;1.024999976158142;
2016-05-15 02:30:00;1.0;0.9999857781789578;1.0;0.9999976635938594;0.9999290385441323;0.9999966887109466;1.0021420486046206;0.999994722730862;0.9999513929124343;1.0;0.9999990865656821;1.0020953451836638;1.0021012693545983;0.9999934063939837;0.9999958643710423;1.0;0.9999987223871311;0.9999270471089957;1.0007051305023633;0.9999891476507159;0.9999943550965883;1.0;0.9999989186128176;1.0021390468078415;1.0021437827961879;1.0;1.0;0.9999968890302819;1.0011999928904258;1.0007992121896485;1.0004049361145277;1.0001943385114538;0.9999353672869876;1.0;0.9999196496189175;1.0000462679983153;1.000022118923511;0.9999999999999999;1.001948143253594;0.9999330828130342;0.9999957408741119;1.0;1.0020976020648604;1.024999976158142;
2016-05-15 02:45:00;1.0;0.9999810826574571;1.0;0.9999975229848723;0.9999114671723341;0.9999963103064292;1.0021584055017847;0.9999937818951579;0.999939553421338;1.0;0.9999992466526402;1.0021014190432798;1.0021084446215907;0.9999918635987273;0.9999944962491732;1.0;0.9999985813974538;0.9999090147082975;1.0007101560803058;0.9999865024749813;0.9999930367062996;1.0;0.9999987823569543;1.0021548251876857;1.0021604517621043;1.0;1.0;0.9999963667992242;1.001240840210522;1.0008477228835226;1.000433911881636;1.0002101472423317;0.9999191392838258;0.9999999999999999;0.9999391521222969;1.0000553155639074;1.0000267388685717;1.0;1.0019631271705656;0.9999163085587747;0.9999947487204044;1.0;1.0021039521176576;1.024999976158142;
2016-05-15 03:00:00;1.0;0.9999802146574811;0.9999999999999999;0.9999956492643973;0.9999154665255748;0.9999947049369042;1.002126120389206;0.9999925336295812;0.9999410126818429;1.0;0.9999972644351206;1.0020731670857355;1.002080427607153;0.9999905360508684;0.9999942481873951;1.0;0.9999979592630489;0.9999137708592922;1.000700285164517;0.9999868284759962;0.9999951820363046;0.9999999999999999;0.9999983768432799;1.0021223005245299;1.0021283282965452;1.0;1.0;0.9999952509572176;1.0012406185158107;1.0008664059225703;1.0004442900345698;1.0002176465726782;0.9999217592678067;1.0;0.999960784427509;1.000064070214934;1.0000315624655447;0.9999999999999999;1.0019337101281272;0.9999192824833754;0.9999963663421931;1.0;1.0020757695904288;1.024999976158142;
2016-05-15 03:15:00;0.9999999999999999;0.9999833221955455;1.0;0.9999969951693414;0.9999267790671085;0.9999957460525762;1.0021171576082393;0.9999935014335963;0.9999482079791195;1.0;0.9999988138867301;1.002070102826634;1.002077258819363;0.9999919901167946;0.9999951485090233;1.0;0.9999986989363348;0.9999255368125293;1.0006976486631096;0.9999884362824328;0.999996472604668;1.0;0.999998953859393;1.0021141426979592;1.0021187682737067;1.0;1.0;0.9999961025504063;1.0012308655488507;1.000859533297947;1.0004362427776856;1.0002103662838897;0.9999320349658842;0.9999999999999999;0.999964022561833;1.0000528428251039;1.0000249348882602;1.0;1.001925395677219;0.9999299603057942;0.9999973391486089;1.0;1.0020728634946323;1.024999976158142;
2016-05-15 03:30:00;1.0;0.9999898240761911;0.9999999999999999;0.9999967478718629;0.9999379952201424;0.9999956524932161;1.0020789104609957;0.9999939322498583;0.9999560469348139;0.9999999999999999;0.9999984099993219;1.002040257945743;1.0020458052683334;0.9999934815729717;0.9999970415918366;0.9999999999999999;0.999998564427922;0.9999366135843747;1.000684914187611;0.9999901878667825;0.9999960763274751;1.0;0.9999988449401737;1.0020762475523577;1.002080456082492;1.0;1.0;0.999996365219967;1.0012066057453317;1.0008375138806127;1.0004277806679538;1.0002077023680984;0.9999434540017123;1.0;0.9999569471737343;1.0000560870899078;1.0000275334928184;1.0;1.0018906905183644;0.9999415597496375;0.9999970417007152;1.0;1.0020425900546002;1.024999976158142;
2016-05-15 03:45:00;1.0;0.9999904019350893;1.0;0.9999975498046875;0.99994502661084;0.9999965929617295;1.0020672853658725;0.9999950220410507;0.9999613534107289;1.0;0.9999989582294354;1.0020281446706707;1.0020340868298276;0.9999944564027509;0.9999972102291453;0.9999999999999999;0.9999988739394117;0.999943732213879;1.000681134335985;0.9999913732219325;0.9999963334237537;1.0;0.9999990792018941;1.0020647622167165;1.0020686934684424;1.0;1.0;0.9999970615243294;1.0011939235135967;1.000823161907665;1.0004187844205128;1.0002012233891657;0.9999498587901121;1.0;0.9999519703461788;1.000048538784281;1.0000228092663583;1.0;1.0018801036997123;0.9999481605455687;0.9999972332163705;1.0;1.0020307335191272;1.024999976158142;
2016-05-15 04:00:00;1.0;0.9999878730470845;1.0;0.9999970584497411;0.9999368678140197;0.9999959933386874;1.0020799467490638;0.9999941822982414;0.9999554322644147;1.0;0.9999986510383013;1.0020373914459848;1.002043816768339;0.9999933290053792;0.9999964752839067;1.0;0.9999986867465719;0.9999355519561491;1.0006853267180436;0.9999900506642542;0.9999962737396413;1.0;0.9999989397143314;1.0020771433976077;1.002081506996424;1.0;1.0;0.9999965117899631;1.0011817180737006;1.0008087197492315;1.0004043005900887;1.0001913324366245;0.9999420395820683;1.0;0.9999500809428011;1.0000380174724919;1.0000167031808982;0.9999999999999999;1.0018916330660175;0.9999401545299229;0.9999971873062065;0.9999999999999999;1.0020400692090812;1.024999976158142;
2016-05-15 04:15:00;0.9999999999999999;0.9999836801367278;1.0;0.9999959791815561;0.9999135124645901;0.9999943848171704;1.0020857201121063;0.999991810835201;0.9999385266715003;1.0;0.9999983171171891;1.002036787886357;1.002043578785283;0.999990774640891;0.9999952665404406;1.0;0.9999982678535609;0.9999118367132409;1.0006869290412812;0.9999862754702675;0.9999952438238984;0.9999999999999999;0.9999986057062459;1.0020824210255441;1.0020875942922165;1.0;0.9999999999999999;0.9999951380881634;1.0012055802486222;1.0008307928233755;1.0004234706456077;1.0002038759824023;0.9999204894694932;1.0;0.9999505018447419;1.0000502921914145;1.000023800180903;0.9999999999999999;1.0018969446010932;0.9999179492079465;0.9999964128851554;1.0;1.0020393767571438;1.024999976158142;
2016-05-15 04:30:00;1.0;0.9999893188886312;1.0;0.9999978553281339;0.9999531672327665;0.9999968824873784;1.0020477843737785;0.9999953318108702;0.9999661025230606;1.0;0.9999992458818658;1.002014901438385;1.002020742873508;0.9999944897240157;0.9999968919735207;1.0;0.999999196221898;0.9999526710475142;1.0006753795810475;0.9999924340143678;0.999998594909091;1.0;0.9999993727288413;1.0020457545027286;1.0020487912069567;0.9999999999999999;0.9999999999999999;0.9999972222086442;1.0011742979110594;1.0008065265246902;1.0004068354242335;1.000193407917853;0.9999561756468399;1.0;0.9999514158264787;1.0000408993508085;1.0000187258678837;1.0;1.0018621212332324;0.999954946590431;0.9999989391326581;1.0;1.0020173589442505;1.024999976158142;
2016-05-15 04:45:00;1.0;0.9999934366056371;1.0;0.9999977983077456;0.999964146106752;0.9999969849560006;1.002035483992582;0.9999958532291054;0.9999735900486573;1.0;0.9999990050887096;1.002008449700638;1.0020135874793985;0.9999956134342841;0.9999980914617903;1.0;0.9999991937217222;0.9999637908508954;1.0006714108563652;0.9999941067786839;0.9999989974507908;0.9999999999999999;0.9999993807682884;1.0020337380526207;1.0020363745008873;1.0;1.0;0.9999975110504246;1.0011635543375015;1.0007976382906991;1.0004015339872998;1.000190724287049;0.9999666711467582;0.9999999999999999;0.9999506216821309;1.000039871103192;1.0000183208069007;1.0;1.0018509271152976;0.9999657272008821;0.9999992424880045;1.0;1.0020108086055988;1.024999976158142;
2016-05-15 05:00:00;1.0;0.9999919898587586;1.0;0.9999969051692529;0.9999586505975848;0.9999960475142763;1.0020502007710665;0.9999948294744667;0.999969269784484;1.0;0.9999982645112372;1.0020189645317505;1.002025093514243;0.9999945042720496;0.9999976780160904;1.0;0.9999988662335426;0.9999583857210768;1.0006764111136404;0.9999931418307278;0.9999992533426301;1.0;0.9999991457110277;1.0020480401873912;1.0020513231413306;1.0;1.0;0.9999967888391548;1.0011627797581755;1.0007992336601406;1.0003947379919578;1.0001837818850163;0.9999613241636651;1.0;0.9999582065647011;1.0000279932271197;1.000010813476434;1.0;1.0018643796205475;0.9999602869925335;0.9999994351074141;1.0;1.0020217677023502;1.024999976158142;
2016-05-15 05:15:00;1.0;0.9999933639693183;1.0;0.9999973831280733;0.999963699746595;0.9999965022208827;1.002056790038618;0.9999953441663906;0.9999727431480563;1.0;0.9999987152692573;1.0020296375907816;1.0020351501739129;0.9999951857993798;0.9999980724539108;1.0;0.9999990940712506;0.9999635375746659;1.00067860036259;0.9999939177027104;0.9999995415111367;1.0;0.9999993208537966;1.0020549842105047;1.0020576965516101;1.0;1.0;0.9999971697322593;1.0011466879714035;1.0007827459099266;1.0003790518238036;1.0001734962388202;0.9999660247290671;1.0;0.9999573371902031;1.0000178819360745;1.0000055335601985;1.0;1.0018702795014458;0.9999651342424142;0.9999996536191078;1.0;1.002032197338485;1.024999976158142;
2016-05-15 05:30:00;1.0;0.9999890286806927;1.0;0.9999978965122376;0.9999580551843437;0.9999970610050887;1.0020548914662637;0.9999956574344014;0.9999693782010007;1.0;0.9999991194553175;1.002024863702702;1.0020305109535679;0.99999465815888;0.9999968125352379;1.0;0.9999992496756759;0.9999578424284585;1.0006779277590774;0.9999931658031241;0.9999993972039883;1.0;0.9999994320038668;1.0020530079371128;1.0020557935862346;1.0;1.0;0.9999973518005297;1.0011383817448658;1.0007744135965349;1.0003759297845458;1.0001748633192014;0.9999602580020065;1.0;0.9999538594187037;1.000026167564458;1.0000106233391173;1.0;1.0018684800548092;0.9999592438512247;0.9999995447070004;1.0;1.002027195775731;1.024999976158142;
2016-05-15 05:45:00;1.0;0.9999887401925946;1.0;0.9999975015534828;0.9999484355104243;0.9999965727376595;1.0020544059831966;0.9999950007815139;0.9999631065339357;1.0;0.9999988805357873;1.002019310132333;1.0020250969869402;0.9999941070611826;0.9999967265938127;1.0;0.9999989741697018;0.9999476773464852;1.000677338395247;0.9999917649581932;0.9999978510058154;1.0;0.9999991906828305;1.0020521253089187;1.0020556112272572;1.0;1.0;0.9999969800205019;1.001155022604016;1.0007921671677535;1.000388089145548;1.000180464480576;0.9999520760495051;0.9999999999999999;0.999958521413728;1.0000268536553527;1.0000109114924844;1.0;1.0018682128671144;0.9999506498506812;0.9999983784726127;1.0;1.002021698151211;1.024999976158142;
2016-05-15 06:00:00;1.0;0.9999859211042889;1.0;0.999997153261243;0.9999466586924549;0.9999961835398922;1.0020612980827353;0.9999944784926617;0.999961201897605;1.0;0.9999986197581644;1.0020259853189444;1.0020323390326298;0.9999931542865746;0.9999959122107417;1.0;0.9999989451138992;0.9999463432630313;1.000680035153466;0.9999913392652762;0.9999991075209101;1.0;0.9999992003090213;1.0020589716078276;1.0020624570082313;1.0;1.0;0.999996577631276;1.0011892396763866;1.0008237896715335;1.0004160902498107;1.0001988355064404;0.9999494923899106;1.0;0.9999587167644635;1.0000449303276444;1.0000209211564413;0.9999999999999999;1.0018743755900577;0.9999481894198713;0.9999993250178695;1.0;1.0020284891141045;1.024999976158142;
2016-05-15 06:15:00;1.0;0.9999917013741103;1.0;0.9999967439623387;0.9999552745231172;0.9999959276358376;1.0020641232655447;0.9999947007801783;0.9999672810951465;0.9999999999999999;0.999998074390194;1.0020336309736464;1.0020390400110208;0.9999943396456012;0.9999975920748126;0.9999999999999999;0.9999987261534007;0.9999547568649118;1.0006807824659896;0.9999926972144667;0.999998536674496;1.0;0.9999990247320812;1.00206191368078;1.0020653410588038;1.0;1.0;0.9999966903450476;1.0011824664711946;1.0008161726112856;1.0004096393321602;1.0001948562135146;0.99995849860114;1.0;0.9999572173506415;1.000041526232841;1.0000192045164853;1.0;1.0018770584040768;0.9999572970127747;0.9999988943445807;1.0;1.002036019026654;1.024999976158142;
2016-05-15 06:30:00;1.0;0.9999878713199211;0.9999999999999999;0.9999970288521918;0.9999508500022433;0.9999962625287288;1.0020864956848154;0.9999948458831093;0.9999645063829155;1.0;0.9999982692050254;1.0020501181327406;1.0020566428110356;0.9999937576003357;0.9999964817866925;1.0;0.9999988185159115;0.9999503829026395;1.000688183164351;0.9999920775133495;0.9999986793515392;1.0;0.9999990963580478;1.002084015246216;1.0020877889586899;1.0;1.0;0.999996744713154;1.001214688961596;1.0008444398941516;1.0004294408247274;1.0002055525533293;0.9999538020739165;1.0;0.9999594663026725;1.0000473934203542;1.000021902754638;1.0;1.001897372131589;0.9999525373818765;0.9999990019861772;1.0;1.0020528518903646;1.024999976158142;
2016-05-15 06:45:00;1.0;0.9999862095893792;0.9999999999999999;0.9999977129423658;0.9999463916510648;0.9999965223361935;1.0020962851040698;0.9999946147324499;0.999960828519135;1.0;0.9999993750672641;1.0020611015658174;1.0020675731718616;0.9999933957151106;0.9999959981521747;1.0;0.9999992278628459;0.9999461084292627;1.0006914865518794;0.9999912565572048;0.9999991960695521;0.9999999999999999;0.9999994109842758;1.002094176602035;1.002097263179715;1.0;1.0;0.9999968072137793;1.0012074472321584;1.000837782666972;1.0004230056756946;1.0002033470645548;0.9999492545233681;0.9999999999999999;0.9999598257685356;1.000049338900943;1.0000232614802982;1.0;1.0019061099960085;0.99994795417192;0.9999993931332029;1.0;1.0020636904994216;1.024999976158142;
2016-05-15 07:00:00;1.0;0.999987220828236;1.0;0.9999968297430278;0.999933665839764;0.9999949759962302;1.0021533471965274;0.9999925280097394;0.9999506815348428;1.0;0.999999372280553;1.002117858446268;1.0021242501755006;0.9999920419499116;0.9999962941417851;1.0;0.9999990053040173;0.9999332416953746;1.0007101609507958;0.9999889901572346;0.9999987935424322;1.0;0.999999237053081;1.0021512119463942;1.0021543664043928;1.0;1.0;0.999995715243133;1.001236364712163;1.000857710243029;1.000429066541301;1.0002033506814076;0.9999379653065168;1.0;0.9999614141297029;1.0000413491199585;1.0000186978284205;1.0;1.0019580257064675;0.9999363010474076;0.9999990897804352;1.0;1.0021204743836465;1.024999976158142;
2016-05-15 07:15:00;1.0;0.9999905465795138;1.0;0.9999889355832449;0.9998326546730999;0.9999814830783121;1.0022771139979711;0.9999744163413637;0.9998676410659448;1.0;0.9999989808341533;1.0022372406863895;1.0022456112522906;0.9999791475814007;0.9999972515654098;1.0;0.9999973043277105;0.9998325124280891;1.0007516579451405;0.9999704299108569;0.9999995497661629;1.0;0.9999980030168056;1.0022747126696343;1.0022782241094412;1.0;1.0;0.9999859478755376;1.0013150983623311;1.000916728493577;1.000462547138284;1.0002225896943482;0.9998459689672203;1.0;0.9999615339679571;1.0000547394226549;1.0000239223028922;1.0;1.0020708315368536;0.9998419084454241;0.9999996582950788;0.9999999999999999;1.0022411701062381;1.024999976158142;
2016-05-15 07:30:00;1.0;0.9999911979092473;0.9999999999999999;0.9999915848413327;0.9998874868468023;0.9999873260826907;1.0021611081549795;0.9999831018325693;0.999912228495041;1.0;0.9999975582411944;1.002120498180677;1.002128649744481;0.9999855658392719;0.9999974359530324;1.0;0.9999975442228447;0.9998871515249169;1.0007132169963109;0.9999803964325129;0.9999990296792255;1.0;0.9999981663043743;1.002158262399976;1.002162601074141;1.0;0.9999999999999999;0.9999903516974759;1.0012375252303638;1.0008623285835871;1.0004292932626302;1.0002043270768604;0.9998963373471842;1.0;0.9999671852019217;1.0000438879395226;1.0000179240945135;1.0;1.001965477923791;0.9998935458089491;0.9999992659551231;1.0;1.0021243517849117;1.024999976158142;
2016-05-15 07:45:00;1.0;0.9999635968471439;1.0;0.9999909145869957;0.9998082083556116;0.9999849614809512;1.0022638999510243;0.999977530074446;0.9998558121619302;1.0;0.9999989971975076;1.0021923393748309;1.0022043592505159;0.9999764431505827;0.9999894186111538;1.0;0.9999974631085585;0.9998075406617616;1.0007469303747059;0.9999677808902684;0.9999980453614057;1.0;0.9999980831997085;1.0022596063334974;1.0022658789375967;0.9999999999999999;0.9999999999999999;0.9999871902646106;1.0012774959493698;1.0008744908009521;1.0004352494464448;1.0002075101883143;0.9998200609189428;1.0;0.9999475927530694;1.0000455538669213;1.0000185068309368;1.0;1.002058749372876;0.9998154277114945;0.9999985229921293;1.0;1.0021963940969079;1.024999976158142;
2016-05-15 08:00:00;0.9999999999999999;0.9999339743551335;1.0;0.9999904102155447;0.9997449552877059;0.9999837175181607;1.0023527916795418;0.9999739219920097;0.999811714165903;1.0;0.9999994721626709;1.0022546389660199;1.002269973819937;0.9999682604390382;0.9999808127613262;1.0;0.9999973268536309;0.9997443795857662;1.0007764332616407;0.9999579087589506;0.9999982514443657;1.0;0.9999979892060111;1.0023470513090291;1.0023552759005772;1.0;1.0;0.9999847998301286;1.0013446770344518;1.0009196006125423;1.0004675716166556;1.000226648386058;0.9997575948605261;1.0;0.9999372489867087;1.0000601876506023;1.000027212761074;1.0;1.0021392449580566;0.9997516646688466;0.9999986775940856;1.0;1.0022584504490308;1.024999976158142;
2016-05-15 08:15:00;0.9999999999999999;0.9999669184595854;1.0;0.9999905127227806;0.9998151362870757;0.9999846442501742;1.0022485644639982;0.9999775111574983;0.9998602765707655;1.0;0.99999853305707;1.00218058785816;1.00219231986734;0.9999770037042116;0.9999903923652974;1.0;0.9999973291464735;0.9998145911844049;1.0007419764938013;0.9999687809364362;0.9999983962276036;1.0;0.9999979930528904;1.002244369914761;1.0022505308609926;1.0;1.0;0.9999871457321351;1.0012639304848001;1.000855823662326;1.000427575711979;1.0002033477907069;0.9998267599736216;1.0;0.9999359449791303;1.0000432312923078;1.0000170594287223;1.0;1.0020448358076153;0.9998223125556206;0.9999987886866047;1.0;1.0021847178949232;1.024999976158142;
2016-05-15 08:30:00;1.0;0.9999866444838124;1.0;0.9999929357181905;0.9998893106241549;0.9999893113088989;1.0022417214091448;0.9999852925015517;0.9999157650165702;1.0;0.9999980091929882;1.0021938424493337;1.0022025697592338;0.9999864142716479;0.9999961189382406;1.0;0.9999978085351424;0.9998886046500493;1.0007392828655077;0.9999811880198856;0.9999979776738256;0.9999999999999999;0.9999983351401088;1.002238542764063;1.0022433753721562;1.0;0.9999999999999999;0.9999915701741641;1.001224841409556;1.0008068464809223;1.000398267726902;1.0001879591494467;0.9998977260132695;0.9999999999999999;0.9999145507377013;1.0000360749471995;1.0000135081654433;0.9999999999999999;1.0020387229738386;0.9998948910187773;0.9999984745983735;0.9999999999999999;1.0021976963356103;1.024999976158142;
2016-05-15 08:45:00;0.9999999999999999;0.9999841156137949;0.9999999999999999;0.999989669516237;0.9998561896163506;0.9999844401816754;1.002384697589266;0.9999790011735102;0.9998881945456232;1.0;0.9999970133832554;1.0023362185515718;1.0023458211972756;0.9999811325139666;0.9999953839943374;0.9999999999999999;0.9999970306610718;0.9998560473679913;1.0007870060640751;0.9999750224111054;0.9999995567921326;1.0;0.9999978012897779;1.002381272556287;1.0023864439068588;1.0;1.0;0.9999879080637065;1.0011913693489312;1.0006951914272435;1.0003321911113867;1.000150459940524;0.9998664438162537;1.0;0.9998175230749029;1.0000114267399376;0.999999034957363;1.0;1.0021686376168273;0.9998630035766153;0.9999996637920183;1.0;1.002340376092763;1.024999976158142;
2016-05-15 09:00:00;1.0;0.9999872222997448;1.0;0.9999922736623935;0.999897417798988;0.999988868941945;1.002327969097262;0.9999851918258379;0.9999207692577056;1.0;0.9999971639640787;1.0022822216802914;1.0022914823008269;0.9999863320670176;0.99999628756396;0.9999999999999999;0.999997634749357;0.9998972540459192;1.0007681650157725;0.9999823037781287;0.9999995176845659;0.9999999999999999;0.9999982450630032;1.0023247454599347;1.0023296221778788;1.0;1.0;0.9999913193001575;1.0011847951955244;1.0007033544382438;1.0003411651148348;1.000155662082154;0.9999045829918061;1.0;0.9998295914440559;1.0000151355462878;1.0000010796235033;0.9999999999999999;1.00211705676644;0.9999021180549412;0.9999996339943704;1.0;1.0022864081095537;1.024999976158142;
2016-05-15 09:15:00;1.0;0.999983247597387;1.0;0.9999943956806455;0.9999085605807;0.9999919767985048;1.0022872219139132;0.9999888441715554;0.999931614535812;1.0;0.9999978853742066;1.0022360408729598;1.002245564356848;0.9999883985570592;0.9999951359312143;1.0;0.9999981327436352;0.9999080536821652;1.000754360910354;0.9999847280651543;0.9999985517873126;1.0;0.99999858807709;1.0022838405662309;1.0022889288742252;0.9999999999999999;1.0;0.9999933792161297;1.0011611441543244;1.0007023979180076;1.0003352841319448;1.000154132120572;0.9999145342715159;0.9999999999999999;0.9998522132492215;1.0000182420458035;1.0000030699317923;1.0;1.0020799946337438;0.9999122576991217;0.999998905813925;1.0;1.0022400957718467;1.024999976158142;
2016-05-15 09:30:00;1.0;0.9999820902095086;1.0;0.999990292585354;0.9998527050450562;0.9999855781205619;1.002387943189677;0.9999803560803834;0.9998880826093677;1.0;0.9999969643345336;1.0023323026004634;1.002341791513531;0.9999817858139908;0.9999948051721491;1.0;0.9999969305853925;0.999851715666959;1.0007873095993778;0.9999749978863836;0.999997153807619;1.0;0.9999976681166208;1.002384012798083;1.0023900787868523;1.0;1.0;0.9999886366524938;1.0012509449191789;1.0007759715758313;1.000379355902193;1.0001756461849982;0.9998639488422677;1.0;0.9998581197074847;1.0000245476941882;1.0000068102022817;1.0;1.0021717585452135;0.9998601599205693;0.9999978521611824;1.0;1.00233625927193;1.024999976158142;
2016-05-15 09:45:00;1.0;0.9999393904826467;1.0;0.999991005496629;0.9997924112983417;0.9999871932538142;1.0024400715350827;0.9999802514280536;0.9998500221534488;1.0;0.9999965892358692;1.0023411760373662;1.0023561375727952;0.9999736755374935;0.9999823973894088;0.9999999999999999;0.9999967685894254;0.9997913269030633;1.0008046366154866;0.9999664784189184;0.9999968472834676;1.0;0.9999975420232825;1.0024334860833308;1.0024433343777448;1.0;1.0;0.9999877545590609;1.0013025072856152;1.0008239548466016;1.0004097556480633;1.0001944421753315;0.9998023543932718;1.0;0.9998664999416893;1.0000404202922257;1.0000157297426253;1.0;1.0022188707109956;0.9997973751145109;0.999997617078264;1.0;1.0023451618417243;1.024999976158142;
2016-05-15 10:00:00;1.0;0.9999440169080366;1.0;0.9999913349586016;0.9997691377343556;0.9999865987800527;1.002475322876232;0.9999788812597187;0.9998345974197141;1.0;0.9999979939732561;1.0023675611429053;1.0023820147014746;0.9999737001293406;0.9999837301225687;1.0;0.9999967207585387;0.9997663393742532;1.0008147682179258;0.999963026375604;0.9999919636725553;1.0;0.9999973865646887;1.0024684783228326;1.002478894544375;1.0;1.0;0.9999874309953882;1.0013346990001049;1.000850005323196;1.0004268012382367;1.0002040005976935;0.9997838609131915;1.0;0.9998672496772014;1.0000465413806099;1.0000191168414923;1.0;1.0022513517572553;0.9997777143384067;0.9999939348488899;1.0;1.002371587475276;1.024999976158142;
2016-05-15 10:15:00;1.0;0.9999521073499916;0.9999999999999999;0.9999863900378374;0.999753922304197;0.9999792112812035;1.002522696675254;0.9999701776904295;0.999814785610517;1.0;0.9999964681658309;1.0024399902035854;1.0024532390030148;0.9999685235130812;0.9999860877869096;1.0;0.9999959206906853;0.9997532530830768;1.0008323149065044;0.9999585999741168;0.9999979959848171;1.0;0.9999969461435376;1.0025170589858137;1.0025255044724846;1.0;1.0;0.9999824924908546;1.0013351971857776;1.000829920389716;1.0004136634301604;1.0001953517001325;0.9997687202047294;1.0;0.9998452121611563;1.0000382248029327;1.0000145884565093;1.0;1.0022940179536004;0.9997628479749666;0.9999984834437509;1.0;1.0024439204183435;1.024999976158142;
2016-05-15 10:30:00;1.0;0.9999234267989897;0.9999999999999999;0.9999889755992748;0.9997441416963535;0.9999841381232003;1.002640733606406;0.9999754481641149;0.9998145633519732;1.0;0.9999960397510712;1.0025263459034832;1.0025435046042606;0.9999670196562832;0.9999777457889317;1.0;0.9999961799845395;0.9997432045347762;1.0008709290117694;0.999958537222345;0.999997202882538;1.0;0.9999971184671937;1.0026331033838418;1.0026444463739492;1.0;1.0;0.99998473354699;1.00132419411871;1.0007645836650245;1.0003736667300454;1.0001731700896013;0.9997556316923915;1.0;0.999782361603219;1.000025185337947;1.0000069593548793;1.0;1.0024011282517873;0.999749638399995;0.9999978874362185;1.0;1.0025304213777841;1.024999976158142;
2016-05-15 10:45:00;1.0;0.9999245121498461;1.0;0.9999847158578264;0.9996818754250419;0.9999761182184075;1.002762251071534;0.9999643430078993;0.999762848406316;1.0;0.9999967391323404;1.0026536071538679;1.0026704178351833;0.9999589880035505;0.9999780542607997;1.0;0.9999955349042577;0.9996813992814443;1.0009115112422067;0.9999469582913985;0.9999984505634378;1.0;0.9999966753028641;1.0027551742606358;1.0027655624004848;1.0;1.0;0.9999788246738471;1.0013418745755747;1.0007489689109714;1.000357262606797;1.0001635638629884;0.9996984281584584;1.0;0.9997547649870098;1.000018530474661;1.0000034091276773;1.0;1.0025114803919473;0.9996910605573264;0.9999988244702795;1.0;1.002657565093673;1.024999976158142;
2016-05-15 11:00:00;1.0;0.9999598387709976;1.0;0.9999853459815987;0.9997303966589657;0.9999761458118384;1.0025923596059227;0.999965696572973;0.9997947729351471;0.9999999999999999;0.9999979178068492;1.002514367371208;1.0025268133069996;0.9999668224706458;0.9999883305960144;1.0;0.9999959391125561;0.9997293966684292;1.0008548423787622;0.999954131045462;0.9999970525319631;1.0;0.9999969365325888;1.0025873730490726;1.0025948107992417;1.0;1.0;0.999980542593274;1.001276836239067;1.0007359106255846;1.0003489048877832;1.0001593009913174;0.9997488406293924;0.9999999999999999;0.9997957913496148;1.0000163968408664;1.000002078746928;1.0;1.0023573951886513;0.9997422315448183;0.999997773329245;0.9999999999999999;1.0025183942932734;1.024999976158142;
2016-05-15 11:15:00;1.0;0.9999794913351725;1.0;0.9999913041628898;0.9998312952828823;0.9999865643453454;1.0025248824614537;0.9999808985492723;0.999876058145707;0.9999999999999999;0.9999979075832643;1.0024531516083326;1.0024629262114693;0.9999818495785435;0.9999940414729324;1.0;0.9999968791052274;0.9998285336709309;1.0008307328197603;0.999972309549017;0.9999921115391605;1.0;0.9999975058862052;1.0025201343540369;1.0025276164599508;0.9999999999999999;1.0;0.999989155881319;1.0012501995873535;1.0007196662065243;1.0003442424478184;1.0001572367941591;0.9998460924409296;1.0;0.9997973542971096;1.000016756639477;1.0000024543606234;1.0;1.0022965695382626;0.9998412161170472;0.9999940521279052;1.0;1.0024570818746918;1.024999976158142;
2016-05-15 11:30:00;1.0;0.9999819490044224;1.0;0.9999883061065826;0.9998172793481321;0.9999824769907529;1.0025792465133907;0.9999761811958864;0.999862267673415;1.0;0.9999965396767354;1.002513963702687;1.0025237425149642;0.9999786110120347;0.999994750828384;1.0;0.9999961537973547;0.9998152422723184;1.0008494329609021;0.9999692228914047;0.9999941521280321;1.0;0.9999970220583242;1.0025745706546463;1.0025819534543694;1.0;1.0;0.9999863297119653;1.0012134894099054;1.000670788299952;1.0003009755664696;1.0001320131604543;0.9998328313513106;1.0;0.9997832752543087;0.9999984492559174;0.9999917991179671;1.0;1.002345956789793;0.9998278331601262;0.9999955890263412;1.0;1.0025180660104334;1.024999976158142;
2016-05-15 11:45:00;1.0;0.9999801434694676;1.0;0.999988987625599;0.9998296669650129;0.999984462085816;1.0026097935425857;0.9999791674802829;0.9998740552603945;1.0;0.9999956139273105;1.002539457471697;1.0025492028452652;0.9999803947400702;0.9999942226001298;0.9999999999999999;0.9999959737394002;0.99982711360156;1.0008590204412797;0.9999718557164704;0.9999926931537632;1.0;0.9999968531279089;1.002604526615364;1.0026129540420654;1.0;1.0;0.9999877353948434;1.001232151367082;1.000693006656914;1.0003095452827104;1.0001371672567374;0.9998444660780973;1.0;0.999795671562207;1.000002851954162;0.9999945470018408;1.0;1.002373854403249;0.9998396118855769;0.9999944878989793;1.0;1.0025434149609003;1.024999976158142;
2016-05-15 12:00:00;0.9999999999999999;0.9999792011352989;1.0;0.9999912637563171;0.999833069394572;0.9999892626340283;1.0026527462902386;0.9999856902671193;0.9998861349883974;1.0;0.9999946797521009;1.0025532081447548;1.0025631943689441;0.9999850549658538;0.9999939620355559;1.0;0.9999953895775702;0.9998270202432187;1.0008700502081587;0.9999745581147076;0.9999827948477953;0.9999999999999999;0.9999961773772681;1.0026452705462472;1.0026576468853965;1.0;1.0;0.999991202521219;1.0013003783943357;1.0007381848348649;1.0003508504891203;1.0001595759277628;0.9998515475036176;1.0;0.9997787793782908;1.0000157001226089;1.000001684974902;1.0;1.0024138254725594;0.9998456338175633;0.9999870214737373;1.0;1.0025572352228367;1.024999976158142;
2016-05-15 12:15:00;0.9999999999999999;0.999977173987619;0.9999999999999999;0.9999915306366322;0.9997828464589847;0.9999872317414932;1.0026706399235958;0.9999812771883513;0.9998494144495012;1.0;0.9999976457959233;1.0025592030880683;1.0025696300787135;0.9999817757047076;0.9999933897152098;1.0;0.9999957164517856;0.9997755247057141;1.0008748117111368;0.9999663508970646;0.9999791658929325;1.0;0.9999963290604101;1.0026631805421937;1.0026754655293828;1.0;0.9999999999999999;0.9999894464346428;1.0013308776814966;1.0007721628689172;1.0003708390929564;1.000170234247005;0.9998068994507184;0.9999999999999999;0.99979104176496;1.0000211564939612;1.0000045825530555;0.9999999999999999;1.0024302776086818;0.9997993581094157;0.9999842834901137;1.0;1.002563334685124;1.024999976158142;
2016-05-15 12:30:00;1.0;0.9999775368532614;0.9999999999999999;0.9999917992814471;0.9998365831271635;0.9999881741326712;1.0025541582088116;0.9999832944374853;0.9998828921178248;1.0;0.9999970401379377;1.0024737374989572;1.0024838030613523;0.9999831952390901;0.999993488163233;1.0;0.9999965974183066;0.9998330139651087;1.0008396592882458;0.9999738380545552;0.9999898472416588;1.0;0.9999972416184506;1.0025486104527161;1.002557484964394;0.9999999999999999;1.0;0.9999902735581766;1.0012842156704613;1.0007430313247319;1.0003635860361508;1.0001680683649612;0.9998515634089044;1.0;0.9997910417649603;1.0000238292679366;1.0000064041162535;1.0;1.0023234100043148;0.999846566689984;0.9999923382678857;1.0;1.002477694728733;1.024999976158142;
2016-05-15 12:45:00;1.0;0.9999240733391734;1.0;0.9999894836478599;0.9997339389464553;0.9999843186634758;1.00269058189945;0.9999752523042318;0.9998080896804947;0.9999999999999999;0.9999968796217484;1.0025708797496085;1.0025880522697193;0.9999671206349142;0.9999779497695924;1.0;0.9999962790122303;0.9997322619043516;1.000886617279613;0.9999570942977664;0.9999951127417261;1.0;0.9999971395717511;1.0026828169364315;1.0026944105519953;1.0;1.0;0.9999848476817892;1.0013890322150285;1.0008293590618427;1.0004126287411559;1.0001936469901063;0.999747292531116;0.9999999999999999;0.999799883481265;1.000035465719888;1.0000126703206091;1.0;1.0024465752079619;0.999740804642234;0.999996309392605;1.0;1.0025750113947844;1.024999976158142;
2016-05-15 13:00:00;1.0;0.9999091220063203;1.0;0.9999884763268715;0.9996953755915607;0.9999829149526812;1.002783792106717;0.9999726647688059;0.9997813867956528;1.0;0.9999965068657549;1.0026482659102445;1.0026669775731285;0.9999623185423627;0.999973590924674;1.0;0.9999958428753395;0.999693396918158;1.000917180818308;0.9999511073752855;0.9999942026742605;1.0;0.9999967969182785;1.002774962886512;1.0027881540215267;1.0;1.0;0.9999830702273841;1.001439846191952;1.0008794482859553;1.0004332675675056;1.0002065531481232;0.9997101151336187;1.0;0.9998191473200205;1.0000471662865633;1.0000196421565857;1.0;1.0025312723248585;0.9997026948244229;0.9999956222423771;1.0;1.002652196941578;1.024999976158142;
2016-05-15 13:15:00;1.0;0.9999308671404291;1.0;0.9999867065575913;0.9996976860448448;0.9999793045636685;1.0027712908181348;0.9999686868277282;0.9997785983915282;1.0;0.9999970891062439;1.0026555577900673;1.0026715075537111;0.9999635053414622;0.9999799124668702;0.9999999999999999;0.9999956277866799;0.9996954698344152;1.0009128383265742;0.9999504900445128;0.9999935481205777;1.0;0.9999966217282398;1.0027637688366038;1.0027751127825293;0.9999999999999999;1.0;0.9999814402081786;1.0013890821035187;1.000822033447864;1.0003968006864374;1.0001876326355892;0.9997159047126233;0.9999999999999999;0.9997995547143181;1.0000387732123268;1.000014898415106;1.0;1.0025201451992243;0.9997083047022363;0.9999951256829959;1.0;1.0026594888499898;1.024999976158142;
2016-05-15 13:30:00;1.0;0.9999773236155477;1.0;0.9999888370493571;0.9998080842332812;0.9999827953917455;1.0025435025406813;0.9999760114096162;0.9998559460100442;0.9999999999999999;0.9999972649917016;1.00247542626697;1.0024854231842266;0.9999777091901946;0.9999934114814095;1.0;0.999996391795596;0.9998060547880168;1.0008376767453673;0.9999678098298073;0.999994176235588;0.9999999999999999;0.9999971980249505;1.002538845983249;1.0025461168295438;1.0;1.0;0.9999863086964454;1.0013031841223972;1.0007726635108187;1.0003832220158886;1.0001801805151875;0.9998237069600248;1.0;0.9998064494011911;1.000033805399814;1.000012142419272;0.9999999999999999;1.0023133707990521;0.9998185213474635;0.9999956055689407;1.0;1.002479327518985;1.024999976158142;
2016-05-15 13:45:00;1.0;0.9999870032444168;1.0;0.9999855087295656;0.999797593945846;0.9999789297234657;1.0026154892339516;0.9999722908622777;0.9998469393037134;0.9999999999999999;0.9999949614669278;1.0025491097117203;1.0025583188779148;0.9999764891414448;0.9999962337104135;1.0;0.9999950889539868;0.9997948751298176;1.000860963893931;0.9999657926644782;0.999992208066357;1.0;0.9999961893317678;1.0026102803092267;1.0026187364779737;1.0;1.0;0.9999840083305093;1.0013225609350773;1.0007763493293835;1.0003820662640897;1.0001806646719205;0.999816465888497;1.0;0.9997965129746522;1.000037094472002;1.0000135662270124;0.9999999999999999;1.0023792696920881;0.9998107267135652;0.9999941189093278;1.0;1.0025532548130707;1.024999976158142;
2016-05-15 14:00:00;1.0;0.9999861378383234;1.0;0.9999864689706631;0.9998513387434631;0.999983456144971;1.0025590135558866;0.9999799712431506;0.9998904271289843;1.0;0.9999915934609203;1.0024926417986342;1.0025015717562635;0.9999816544539201;0.9999959758987145;1.0;0.9999946158656219;0.999848651989967;1.0008423888469553;0.9999755162621988;0.9999923257293449;0.9999999999999999;0.9999958428538781;1.0025528874456309;1.0025630082952237;1.0;1.0;0.9999874623310901;1.0013267792775284;1.0007965214839913;1.0003973010999467;1.0001871636755966;0.9998653373773034;1.0;0.9998132107097766;1.0000361213220468;1.0000133995849143;1.0;1.0023280428212797;0.999860926118047;0.999994209671809;1.0;1.0024965722198207;1.024999976158142;
2016-05-15 14:15:00;1.0;0.9999599099631816;0.9999999999999999;0.9999829630561041;0.9998227525983564;0.9999817070984826;1.0027422234542487;0.9999784850200586;0.9998727507962424;0.9999999999999999;0.9999864693084324;1.002651170820012;1.0026634803797583;0.9999749874656062;0.9999883561839498;0.9999999999999999;0.9999927901096386;0.9998204349831087;1.0009033960197575;0.9999715514114069;0.9999933316717621;1.0;0.9999945228782581;1.002733290430405;1.0027478522834659;0.9999999999999999;1.0;0.9999850913126443;1.0014186484743643;1.000844182942802;1.0004253240413654;1.0002033064528595;0.99983470960563;0.9999999999999999;0.9997890194850777;1.0000480922015846;1.000020117575219;1.0;1.0024945783150694;0.9998299142040582;0.9999949642195373;1.0;1.0026551287502001;1.024999976158142;
2016-05-15 14:30:00;1.0;0.9999590370728808;1.0;0.9999864777466673;0.999788049546734;0.9999819804281821;1.0026629158769993;0.9999756164716745;0.9998446384882488;1.0;0.9999933859310551;1.0025720306087957;1.0025849324975402;0.9999735557508519;0.9999881277083653;1.0;0.9999949677544719;0.9997858546087444;1.000877075485702;0.9999652753424338;0.9999936873729934;1.0;0.9999961367130782;1.002655878729157;1.0026669648246826;1.0;1.0;0.9999849808667856;1.0013147704570486;1.0007646526199143;1.0003621205474966;1.0001667449370824;0.9998027631839794;1.0;0.9997987888134806;1.000021823188294;1.000004787240482;1.0;1.0024220684755307;0.9997971698067397;0.9999952336450377;1.0;1.002576258664194;1.024999976158142;
2016-05-15 14:45:00;0.9999999999999999;0.9999557155951097;1.0;0.9999921121293224;0.9998169431278034;0.9999888132675169;1.0025306942637213;0.9999830731299981;0.9998694081902945;1.0;0.9999969457051735;1.002435146472258;1.0024485741028037;0.9999789205513383;0.9999871539661457;0.9999999999999999;0.9999968165694325;0.9998144985070411;1.0008330355123347;0.9999708197750481;0.9999930116156988;0.9999999999999999;0.9999974820090844;1.0025243256602556;1.002534120426136;1.0;1.0;0.9999897108993532;1.0012604768002435;1.0007247207675132;1.0003461090757928;1.000153821860143;0.9998289044897213;1.0;0.9997946827019918;1.0000036351472008;0.9999944069052951;1.0;1.002301671971176;0.9998239573622902;0.999994726749487;1.0;1.0024394299326693;1.024999976158142;
2016-05-15 15:00:00;1.0;0.9999785521126994;1.0;0.9999902759794903;0.9998363783228923;0.9999860073593175;1.0025091477858927;0.9999808124032453;0.9998795937034372;1.0;0.9999964478040336;1.0024386379233299;1.0024484965249485;0.9999814239707057;0.9999937678127686;1.0;0.9999964372199007;0.999833924479292;1.0008259705114255;0.9999730958973378;0.9999929872623323;1.0;0.9999972017474716;1.0025040989887812;1.0025121038960105;1.0;1.0;0.9999887663642262;1.0012376698866143;1.0007072356608924;1.0003361511565998;1.0001510428240157;0.9998502250967822;1.0;0.999794158990618;1.0000084586486873;0.9999977991434076;1.0;1.002282297076292;0.9998455797709366;0.9999947090657296;0.9999999999999999;1.0024425487334179;1.024999976158142;
2016-05-15 15:15:00;1.0;0.9999700267425403;1.0;0.9999909487406023;0.9998200069687846;0.9999866134433572;1.0025540159205428;0.9999807944947529;0.999869098545108;1.0;0.9999971332280306;1.0024705848665867;1.0024821928375685;0.999979901770454;0.9999912894205287;0.9999999999999999;0.9999966148728892;0.9998173019535198;1.000840513506147;0.9999707492454052;0.9999922652432641;1.0;0.9999973150785516;1.0025483941420672;1.002557176773913;0.9999999999999999;0.9999999999999999;0.9999887611787532;1.0012351869441725;1.0007025741749458;1.0003239740318886;1.000144246634328;0.999834244111898;0.9999999999999999;0.9997975157991666;1.000004428932734;0.9999948683657852;1.0;1.0023230714904519;0.9998291795422217;0.9999941650899634;1.0;1.0024748610117344;1.024999976158142;
2016-05-15 15:30:00;1.0;0.99997501147989;1.0;0.9999900283081625;0.9998247746451966;0.9999855578290034;1.002510296974295;0.9999799367521872;0.9998713382046585;1.0;0.9999964604013631;1.002434606184004;1.0024451249340118;0.9999801311110208;0.9999927402170101;1.0;0.9999963380994008;0.999822215250034;1.0008262079889936;0.9999712553516178;0.999992681722681;1.0;0.9999971212786519;1.0025049454504773;1.0025133956634666;1.0;1.0;0.9999882674260774;1.0012301483382589;1.0006992466301965;1.0003324982403574;1.0001516964328345;0.9998391947772686;1.0;0.9997909665512666;1.000015419068609;1.0000015261669926;1.0;1.0022833306476326;0.9998342607720446;0.9999944822576787;1.0;1.0024386327856827;1.024999976158142;
2016-05-15 15:45:00;1.0;0.9999857061253444;1.0;0.9999889697656638;0.999833183671169;0.9999836183031032;1.0024497143896896;0.9999779410187926;0.9998740954174332;1.0;0.9999965512366761;1.0023894194277;1.0023984559874695;0.9999806318775547;0.999995842030607;0.9999999999999999;0.9999963242640656;0.9998311709249661;1.0008068095137896;0.9999718731064889;0.9999942536154943;1.0;0.9999971494193396;1.0024453285330246;1.0024522986203346;1.0;1.0;0.9999873603500691;1.0012144995035122;1.0007102372305954;1.00033757677289;1.000156009227065;0.9998478905229341;1.0;0.9998172724276072;1.000021193425335;1.0000049142998981;1.0;1.002228241116243;0.9998432648394417;0.9999956623907148;1.0;1.0023933763246333;1.024999976158142;
2016-05-15 16:00:00;1.0;0.9999841164893596;1.0;0.9999914525349917;0.9998519061037113;0.9999873594167217;1.0026320241026292;0.9999825995487325;0.99989101601287;0.9999999999999999;0.9999972769483232;1.002565618753091;1.0025749853064303;0.9999838856077653;0.9999953807478612;1.0;0.9999968663226504;0.9998493571395586;1.0008661193893784;0.9999756512287332;0.9999927381615428;0.9999999999999999;0.9999975113784102;1.0026274404573263;1.0026347191488159;1.0;1.0;0.999989993864087;1.0013475955415994;1.0008042411670022;1.0003928875612627;1.0001808334194198;0.999865374691721;1.0;0.9998112912625312;1.0000241966024015;1.000006487459844;1.0;1.0023939483635484;0.9998610368594157;0.9999945188468942;0.9999999999999999;1.0025696458810238;1.024999976158142;
2016-05-15 16:15:00;1.0;0.9999794184076501;1.0;0.9999897671234127;0.9998211669705017;0.9999840507315858;1.002540631304904;0.9999776664631949;0.9998656878959377;1.0;0.9999976996376111;1.0024843253758393;1.002491927234057;0.9999793815284914;0.9999940223793746;0.9999999999999999;0.9999967204545849;0.9998192537838775;1.0008366986461708;0.9999699894646811;0.9999945264526402;1.0;0.9999974484398355;1.0025367248430137;1.002542870205926;1.0;1.0;0.999987321166924;1.0013163749843261;1.000787376233091;1.0003887484872533;1.0001773564380243;0.9998358357943371;1.0;0.9998140212413374;1.0000179067576094;1.0000052366894203;1.0;1.0023105428447459;0.9998309929049006;0.9999958669364724;1.0;1.002487060318052;1.024999976158142;
2016-05-15 16:30:00;1.0;0.99997508003938;1.0;0.9999903861349356;0.9998355631691864;0.9999856840027003;1.0025107890264533;0.999979992708154;0.9998771365836941;1.0;0.999997043445581;1.002454259542297;1.002462268260567;0.9999802333121917;0.9999927755513581;0.9999999999999999;0.9999968135750372;0.9998341125474925;1.0008272195218104;0.9999725517995153;0.9999958552751709;1.0;0.9999975495182359;1.002506719631315;1.0025130698026052;1.0;1.0;0.9999883623723944;1.0012611024590272;1.000722535425389;1.0003491274912173;1.0001535601309137;0.9998477471989425;1.0;0.9997889579794212;0.9999988575069473;0.9999946040314558;1.0;1.0022832572540146;0.9998434417381538;0.9999968682737762;1.0;1.0024569190198245;1.024999976158142;
2016-05-15 16:45:00;1.0;0.9999773921695365;1.0;0.9999923420661196;0.9998579238317432;0.9999890425924324;1.0025941399748632;0.9999846004629693;0.9998967587881107;1.0;0.9999971245967221;1.0025349845928138;1.0025423340979827;0.9999841179133578;0.9999934468154028;1.0;0.9999970598457667;0.9998556582784149;1.000853754267404;0.9999769369277051;0.9999935487886701;1.0;0.9999976739021091;1.002589869627096;1.0025966663514219;1.0;1.0;0.9999909311540159;1.0013191914421709;1.0007688653890128;1.000374375910939;1.0001665634214107;0.9998694836450904;1.0;0.9997939806106924;1.0000055168821578;0.9999987269464137;1.0;1.002359146985406;0.9998654364387334;0.99999513088138;1.0;1.0025374433742165;1.024999976158142;
2016-05-15 17:00:00;0.9999999999999999;0.9999783330823739;0.9999999999999999;0.9999901076823254;0.9998249351824312;0.9999853536656379;1.002665611245454;0.9999796472349239;0.9998711146868942;1.0;0.9999968625881777;1.0026028731385919;1.002610293035579;0.9999805926606056;0.9999937139611522;1.0;0.9999964105641703;0.999822205791328;1.0008769193854503;0.9999712056915946;0.9999921970863106;1.0;0.9999971627750732;1.0026610336227195;1.002668389975025;1.0;1.0;0.9999882584329722;1.001296334574996;1.00074750087264;1.0003423914685605;1.0001506354216918;0.9998400674451078;1.0;0.9998028669617322;1.0000006987883874;0.9999958210305727;0.9999999999999999;1.002424272569188;0.99983505658767;0.9999941178150492;1.0;1.0026054343506614;1.024999976158142;
2016-05-15 17:15:00;1.0;0.9999828170070041;0.9999999999999999;0.9999913484236356;0.999856532323468;0.9999876399295196;1.002767172742871;0.9999831610260905;0.9998946154756148;1.0;0.9999967227648198;1.002711520455001;1.0027183797263288;0.9999840023348481;0.9999949988903802;1.0;0.9999967627072324;0.999854153611;1.0009104387952996;0.9999764577105474;0.9999932093618975;0.9999999999999999;0.9999974469417999;1.0027629989746296;1.0027697308266146;1.0;1.0;0.9999901724838054;1.001285545699716;1.0007096016983945;1.0003059531101004;1.0001272725142631;0.9998691894925634;1.0;0.999780548370088;0.9999806884577742;0.9999845096356785;1.0;1.0025164524733803;0.9998650303299791;0.9999948799569677;1.0;1.0027140819446168;1.024999976158142;
2016-05-15 17:30:00;1.0;0.9999833939929913;1.0;0.9999918092843353;0.9998576264229486;0.9999878940509265;1.002597906748864;0.9999832691850528;0.9998950877480198;1.0;0.9999973776233194;1.002544637909051;1.0025512343542533;0.9999842585441496;0.9999951707746207;0.9999999999999999;0.999997027694639;0.9998553548267477;1.0008550238716167;0.9999765619105035;0.9999935189597757;1.0;0.999997649780063;1.0025940513381555;1.002600238978767;1.0;0.9999999999999999;0.999990357215598;1.0012992388844002;1.0007631273261446;1.0003616333456802;1.000162037166359;0.9998701567568882;1.0;0.9998107369126927;1.000008813718295;1.000000590561387;1.0;1.0023626295661965;0.9998660545144586;0.9999951108735717;1.0;1.0025470967141292;1.024999976158142;
2016-05-15 17:45:00;1.0;0.9999812239212593;1.0;0.9999946516485676;0.9998874355108908;0.999992510870915;1.0026050079754811;0.9999892422293551;0.9999201894211952;1.0;0.9999977985711102;1.0025460825826655;1.0025534541473047;0.9999883613259158;0.9999945506059809;1.0;0.9999976625269477;0.9998849584795781;1.000856950941892;0.9999821750942;0.9999929651120516;1.0;0.9999981033208599;1.0026009339394475;1.0026074237176836;1.0;1.0;0.9999936403084245;1.0013272409652025;1.0007780476353694;1.0003783995820426;1.0001687174058211;0.9998972607184977;1.0;0.999798939210662;1.0000072945420984;0.999999238274137;1.0;1.0023690462059842;0.9998938358509962;0.9999946915301517;1.0;1.002548817693362;1.024999976158142;
2016-05-15 18:00:00;0.9999999999999999;0.9999799253370092;1.0;0.9999905666843611;0.9998316966638302;0.9999855083391767;1.0026277071157;0.9999796904060991;0.9998746825365218;1.0;0.9999976295420262;1.0025712603694417;1.0025784827652837;0.9999809777008573;0.9999941655039662;1.0;0.9999968225184593;0.9998295430049992;1.0008650028674089;0.9999720015883857;0.9999938490895582;1.0;0.999997506808195;1.0026237465005128;1.0026300273154034;1.0;1.0;0.9999884194321137;1.0013562263522438;1.0008067907394005;1.0003953925796354;1.0001773118847468;0.9998458046877303;0.9999999999999999;0.999805970233242;1.0000099223584962;1.0000010345712904;1.0;1.002389676281376;0.9998411362401489;0.9999953574676044;1.0;1.0025738215007545;1.024999976158142;
2016-05-15 18:15:00;1.0;0.9999833221955453;1.0;0.9999931985263568;0.9998755408648123;0.9999900761294531;1.0026145058283227;0.9999861266500669;0.9999091676967125;1.0;0.9999976641999432;1.0025631207129297;1.002569547014223;0.9999864055069131;0.9999951485090233;0.9999999999999999;0.9999974217758048;0.9998734148684884;1.000860421405411;0.9999797119935889;0.9999939376713887;0.9999999999999999;0.9999979504742261;1.0026108423458313;1.0026166972989161;1.0;1.0;0.9999919575363005;1.0012967491948357;1.0007400658853602;1.0003506227356125;1.0001523037213123;0.9998863165776408;1.0;0.9997857965068746;0.9999947924019595;0.9999928409122585;1.0;1.0023775804926678;0.9998827012809502;0.9999954298504395;1.0;1.0025654809236841;1.024999976158142;
2016-05-15 18:30:00;1.0;0.9999763838210317;0.9999999999999999;0.999992231732964;0.9998431573386292;0.9999884207723895;1.0025674271766938;0.9999833804369725;0.9998862040767674;1.0;0.9999976284703721;1.002503195274182;1.0025108646604015;0.9999830898458169;0.9999931411543043;1.0;0.9999970230748606;0.9998404569792314;1.0008445916690125;0.9999745805133605;0.9999922961254093;1.0;0.9999976163025349;1.0025629693251321;1.0025700638650499;1.0;1.0;0.9999903925117763;1.0012734388379279;1.0007315564367096;1.0003435334677906;1.0001479801881743;0.9998563516764168;1.0;0.9997965575372093;0.9999901948289776;0.9999898834115727;1.0;1.0023349659936813;0.9998518099923628;0.9999941921734796;1.0;1.0025057562316182;1.024999976158142;
2016-05-15 18:45:00;1.0;0.9999632332331315;1.0;0.9999899951924331;0.9997900206721583;0.9999847606229529;1.0027645506090406;0.9999777266126529;0.9998468441333197;1.0;0.9999973558107311;1.0026883060131024;1.0026971406550875;0.9999763911977578;0.9999893234285963;1.0;0.9999963865973153;0.9997871947373227;1.0009094420255111;0.9999657761213729;0.9999919113211063;1.0;0.9999971383267393;1.0027592870887319;1.002767568151573;1.0;1.0;0.9999870549893942;1.0013740570434835;1.0007882507860042;1.0003766378114207;1.0001678826190727;0.999805951134442;1.0;0.9997761413160638;1.000007719021865;1.000000282618558;1.0;1.0025140365314766;0.9998001678255947;0.999993897957594;1.0;1.0026905911181092;1.024999976158142;
2016-05-15 19:00:00;0.9999999999999999;0.9999285535678392;1.0;0.9999895727204029;0.9997160891389552;0.9999836525573549;1.002812353359996;0.9999739925039449;0.9997960639710644;0.9999999999999999;0.9999978598611844;1.0027007621567785;1.0027139502929248;0.9999671632134791;0.9999792477306234;1.0;0.9999961836364027;0.9997130827030795;1.0009253122724575;0.9999544063974961;0.9999913285436957;0.9999999999999999;0.9999969760345672;1.0028051293883693;1.0028161367931512;1.0;1.0;0.9999845022612825;1.001432429190976;1.0008543202718265;1.0004126142742895;1.0001878972753595;0.9997332695820419;0.9999999999999999;0.9998020453901165;1.0000193343152906;1.0000068958390083;1.0;1.0025572849183935;0.9997258760953045;0.9999934570900454;1.0;1.0027030204014724;1.024999976158142;
2016-05-15 19:15:00;1.0;0.9999728446027968;1.0;0.999991328146212;0.9997552662747959;0.9999861091388034;1.002716311698723;0.999979013279797;0.999829588379084;1.0;0.9999985729780746;1.0026086681124384;1.0026166879898402;0.9999793750263904;0.9999921069672503;1.0;0.9999957074745917;0.9997474148508908;1.0008893415424212;0.9999619147090035;0.9999776299678692;1.0;0.9999962852805817;1.0027091942191555;1.0027210068364665;1.0;1.0;0.9999883438688765;1.0014034559645655;1.0008325620178729;1.000412107147795;1.0001882294012898;0.9997816701935317;1.0;0.9997934543066094;1.0000204061170237;1.0000070599422615;1.0;1.0024716325147947;0.9997733121027986;0.9999831276836405;0.9999999999999999;1.0026111733635672;1.024999976158142;
2016-05-15 19:30:00;1.0;0.9999826714975882;1.0;0.9999919229271658;0.9998320310990373;0.999988035417386;1.0026707173729494;0.9999831177419042;0.999880385254788;1.0;0.9999974721557935;1.0026018658694895;1.0026079233256255;0.9999840687962983;0.9999949608014617;1.0;0.9999965092525407;0.9998275428270643;1.000877087839861;0.9999732741315579;0.9999872321205726;1.0;0.9999971121753654;1.0026657968342594;1.002673939481807;0.9999999999999999;0.9999999999999999;0.9999903718401375;1.0013812632485337;1.0008215927909498;1.0004080809026417;1.0001880566045596;0.9998492982992901;1.0;0.9997988499867682;1.000025764099239;1.00001078915961;0.9999999999999999;1.0024293427631503;0.999843847645913;0.9999903655219512;1.0;1.0026039789592893;1.024999976158142;
2016-05-15 19:45:00;1.0;0.9999839709310308;1.0;0.9999899887411191;0.9998344444329319;0.9999852912575437;1.0026130427743913;0.9999799812739981;0.9998776388734533;1.0;0.9999966943665226;1.0025553559249443;1.0025620149248071;0.9999818617905961;0.9999953426466155;1.0;0.9999963593739063;0.999831633587194;1.0008596431316272;0.999972661884792;0.9999919877930348;0.9999999999999999;0.9999971193337992;1.00260871077574;1.0026157596163012;1.0;1.0;0.9999884870667473;1.001329633460771;1.0007799361129748;1.0003832104140309;1.0001763728506616;0.9998497236625681;0.9999999999999999;0.9997958388524407;1.0000233552548745;1.0000086750615271;1.0;1.0023766115926767;0.9998448756917158;0.9999939531261223;1.0;1.0025578901467669;1.024999976158142;
2016-05-15 20:00:00;1.0;0.9999807899122931;0.9999999999999999;0.9999931099295678;0.9998692552413473;0.9999905928358777;1.0025457536604672;0.9999869356414347;0.9999070411552694;1.0;0.999996881628418;1.0024844070130263;1.0024912012795508;0.9999864775986451;0.9999944265743218;1.0;0.9999970027933834;0.9998662313266652;1.0008371511242729;0.9999792369621879;0.9999914109590784;1.0;0.9999975786688098;1.00254123250954;1.0025485705976442;1.0;1.0;0.9999922361782361;1.0012869576462171;1.000742158057883;1.0003679367704217;1.0001710117044016;0.9998812425576039;1.0;0.999784698582902;1.0000272254584488;1.0000111216432392;1.0;1.0023153985821958;0.999877198694018;0.9999935181274686;1.0;1.002486796140326;1.024999976158142;
2016-05-15 20:15:00;1.0;0.9999510252083519;1.0;0.9999904602256633;0.9997872680576861;0.9999861028118557;1.0027001203715;0.9999792104439498;0.9998466878793039;1.0;0.9999967585412185;1.0026113704907165;1.0026224918018876;0.9999751077508492;0.9999857662878562;0.9999999999999999;0.9999963977409039;0.9997847897108325;1.000888792211158;0.9999657323635743;0.999992889745908;1.0;0.9999971709087018;1.0026940068245467;1.0027034725971333;0.9999999999999999;0.9999999999999999;0.9999874708578379;1.001378626889074;1.00080130196434;1.0004026833545352;1.0001900412186633;0.9998011226572452;1.0;0.9997733528816293;1.000038591330412;1.0000170148411118;1.0;1.0024554422840686;0.9997954734074063;0.9999946317731406;1.0;1.0026140572554154;1.024999976158142;
2016-05-15 20:30:00;0.9999999999999999;0.9999627246041587;1.0;0.9999898972034105;0.9997767727018602;0.9999839418344108;1.0026552942079328;0.9999762203874477;0.9998366951060709;1.0;0.9999981290384585;1.002576092898189;1.0025853528350395;0.9999752683906116;0.9999891868089108;1.0;0.9999964809635729;0.9997737904439598;1.0008735139333336;0.9999635045909608;0.9999914662018473;1.0;0.9999971969231864;1.002650066037209;1.0026582420413888;1.0;1.0;0.9999863857952251;1.001388644328561;1.0008373264221229;1.000420813622212;1.0001978586332259;0.9997939729561611;1.0;0.9998073158939971;1.0000377914431644;1.000016921477877;1.0;1.002414829464474;0.9997878181376059;0.9999935588809503;1.0;1.0025785786498318;1.024999976158142;
2016-05-15 20:45:00;1.0;0.9999812959696501;1.0;0.9999918274292126;0.9998236394893222;0.9999875675850994;1.0025642614174672;0.9999822239948105;0.9998739948366445;1.0;0.9999978253701325;1.002491290169482;1.0024981964435995;0.9999832003430538;0.9999945729459722;1.0;0.9999965471390297;0.9998191329142303;1.0008421376001588;0.9999718468109816;0.9999871750453209;1.0;0.9999971388171477;1.0025592137852746;1.0025674977670358;0.9999999999999999;0.9999999999999999;0.9999899474824807;1.0013048740493156;1.0007613414881602;1.0003783141351061;1.0001771204250594;0.999841449194424;1.0;0.9997912337666576;1.0000313590980126;1.0000132858924617;1.0;1.0023326512022988;0.9998357985644268;0.9999903236097141;1.0000000000000002;1.0024937757108678;1.024999976158142;
2016-05-15 21:00:00;1.0;0.9999668414926356;1.0;0.9999910811208537;0.9997959032992427;0.9999869423953135;1.0025878279342448;0.9999808500492466;0.99985537803978;1.0;0.9999970300376034;1.002500012829169;1.002508644494604;0.9999794144589358;0.9999903896089425;1.0;0.9999961184740815;0.9997912944238714;1.0008498263144214;0.9999676856050305;0.9999868558225012;1.0;0.9999968156562847;1.0025816807927352;1.0025916181829535;1.0;1.0;0.9999888262931322;1.0013174058048069;1.0007638102846517;1.0003810655506864;1.0001777504077294;0.9998139978390764;1.0;0.9997825399613537;1.0000297200495951;1.0000124590873523;1.0;1.0023539956566525;0.999807743977871;0.9999900879540435;1.0;1.0025024424224989;1.024999976158142;
2016-05-15 21:15:00;1.0;0.9999128700712706;1.0;0.9999884741657359;0.9996662875598695;0.9999823446039374;1.0028054974654075;0.9999714814317673;0.9997632324304105;1.0;0.9999971879583756;1.0026667791856305;1.0026821326810973;0.9999623159186097;0.9999747180381402;1.0;0.9999953893316588;0.9996619134116372;1.000922059339873;0.9999470580953672;0.9999874149640865;0.9999999999999999;0.9999962945931201;1.0027964068930266;1.002810398179988;1.0;1.0;0.9999827677160579;1.001452566679163;1.0008624012640124;1.0004361834503948;1.0002086762543416;0.9996869817981541;1.0;0.9997804838046795;1.0000499174734179;1.0000239989002426;1.0;1.002551379568078;0.9996780406191942;0.9999905013181638;1.0;1.0026691396404155;1.024999976158142;
2016-05-15 21:30:00;1.0;0.9999539136100007;1.0;0.9999905530656119;0.9997480233495744;0.9999853763530062;1.002658198893069;0.9999775211591003;0.9998217397112039;1.0;0.9999978257791065;1.002553318728305;1.0025632873376524;0.9999746025895145;0.9999866127484525;1.0;0.9999959205719535;0.9997426884209598;1.0008724676100904;0.9999601617216461;0.9999847833592816;1.0;0.9999966188384158;1.0026512009550097;1.0026623937646326;1.0;1.0;0.9999869775606367;1.001345257957539;1.0007727103864403;1.000383665351306;1.0001771858438695;0.9997691179394632;1.0;0.9997704726531299;1.0000244998667864;1.0000098155121093;0.9999999999999999;1.002418006051683;0.9997615539316174;0.9999885181899819;1.0;1.0025555766409324;1.024999976158142;
2016-05-15 21:45:00;1.0;0.9999785503986368;1.0;0.9999911707546398;0.999823221455739;0.9999868003465853;1.0025743553903326;0.9999812994154573;0.9998723368846487;1.0;0.9999973657980447;1.0025054267019422;1.002512452941097;0.9999819373296585;0.9999937743168567;1.0;0.9999964851711762;0.9998194716170692;1.0008460879481935;0.9999714780388361;0.9999893252275895;1.0;0.9999971462077893;1.002569466733456;1.002577419034614;1.0;1.0;0.9999892892868427;1.0013148088596624;1.0007678300769456;1.0003813740558591;1.0001764790906862;0.9998397393615881;1.0;0.9997907380463201;1.0000255324614564;1.0000102165280227;0.9999999999999999;1.002341594494057;0.9998343493053938;0.999991945015333;1.0;1.0025077867768748;1.024999976158142;
2016-05-15 22:00:00;1.0;0.9999843331842605;1.0;0.9999886375860088;0.9997927381202056;0.9999820497991457;1.0026191392229435;0.9999749886572628;0.9998462686536552;1.0;0.9999977480016612;1.0025572370848428;1.0025632943391567;0.9999783440846421;0.9999954444242868;1.0;0.9999960577354253;0.9997890221621225;1.0008609998560323;0.9999656448537528;0.9999893839900509;1.0;0.9999968335108166;1.0026147631094775;1.0026219460203403;1.0;1.0;0.9999860380773191;1.0013384891044808;1.0007875163352071;1.0003931797342351;1.0001864840630144;0.9998127901486348;0.9999999999999999;0.9997925959173325;1.000040043766085;1.0000186528216777;1.0;1.0023823609366296;0.9998066227797452;0.9999919907204001;1.0;1.002559465902324;1.024999976158142;
2016-05-15 22:15:00;1.0;0.9999289162915307;1.0;0.9999922872041529;0.9997359960260642;0.9999887476080002;1.0027374152314048;0.9999809087151873;0.9998177897781507;1.0;0.9999974744952772;1.0026064217794102;1.0026201189119606;0.9999723745342483;0.9999793461659302;1.0;0.9999961378135118;0.9997307821874806;1.0008987492335908;0.9999592669272869;0.9999850980421308;1.0;0.999996787442349;1.0027288100069613;1.0027422685903624;0.9999999999999999;0.9999999999999999;0.9999882471336106;1.001433274360031;1.0008660003510532;1.0004393008884644;1.0002115892420016;0.9997540939276492;0.9999999999999999;0.9998002707714884;1.0000544013122252;1.000026174344209;1.0;1.002489823191037;0.9997464566339639;0.9999887546789153;0.9999999999999999;1.0026089830005451;1.024999976158142;
2016-05-15 22:30:00;1.0;0.9999488545135946;1.0;0.9999911435666949;0.9997583325647096;0.9999861551228374;1.0026542768314475;0.9999782971524896;0.9998280316990036;1.0;0.9999981100806873;1.0025529067566943;1.0025638812784283;0.999974248242414;0.9999851493942419;1.0;0.9999963965327335;0.9997542539734973;1.0008722151690743;0.9999615670216236;0.9999883212760401;1.0;0.9999970577893328;1.0026476598519678;1.0026580179427311;1.0;1.0;0.9999873231411054;1.0013629775962312;1.0008016218518245;1.0004036817412167;1.0001924489916332;0.9997762648022107;1.0;0.9997862114572593;1.000044157059702;1.0000205671128999;1.0;1.0024140543762643;0.999769400236115;0.9999911955256227;1.0;1.0025553655820523;1.024999976158142;
2016-05-15 22:45:00;1.0;0.9999711806794759;1.0;0.999989955642217;0.9998009670368063;0.9999844161107244;1.0025991425294012;0.9999776109481805;0.9998534705098044;0.9999999999999999;0.9999976800017771;1.0025311885635777;1.0025391503500773;0.999977813582178;0.9999916331860682;1.0;0.9999965155340491;0.9997982542305852;1.0008552896834484;0.9999672551168217;0.9999922478564216;1.0;0.9999972413077207;1.0025944675357579;1.0026018625560487;1.0;1.0;0.9999871700901669;1.0013298268735897;1.0007807579225816;1.000390718658368;1.0001848556259658;0.9998170573098746;1.0;0.9997911559068848;1.000038202775593;1.0000173778600474;1.0;1.0023638190445727;0.9998115185580969;0.9999941467769314;1.0;1.0025335486991582;1.024999976158142;
2016-05-15 23:00:00;0.9999999999999999;0.9999716873020991;1.0;0.9999915444683777;0.9998233633574611;0.9999875096209847;1.0025566584652421;0.999981951564511;0.9998726986540911;0.9999999999999999;0.9999972978567153;1.0024844328542302;1.0024925117636285;0.999981122605771;0.9999917762237038;1.0;0.9999966525570709;0.9998201528089953;1.0008407248273161;0.9999715599490911;0.9999908485889039;1.0;0.9999973074061148;1.0025515997189478;1.0025596828657453;1.0;1.0;0.9999894949486556;1.0012951619279369;1.000756286131354;1.000373513727356;1.0001751606556522;0.9998381536776847;1.0;0.9997950836219835;1.000031918749085;1.0000136500394288;1.0;1.0023253162502046;0.999832995653897;0.9999930966484356;1.0;1.0024868915116516;1.024999976158142;
2016-05-15 23:15:00;1.0;0.9999756604589378;1.0;0.9999940619433381;0.9998581986550242;0.9999915191065226;1.002484999746919;0.9999874463730335;0.999900585911489;1.0;0.9999977670514548;1.002413807386267;1.002421591132526;0.9999860076237364;0.9999929344282444;1.0;0.9999972435900383;0.9998547106125993;1.000816837304748;0.9999777921344138;0.9999900870953318;1.0;0.9999977236139218;1.0024801157122154;1.0024879596537937;0.9999999999999999;1.0;0.9999926173975237;1.00125829789745;1.000728851224019;1.0003620424844581;1.0001696928684591;0.9998709028280804;1.0;0.9997922089678889;1.0000303191400237;1.0000125386277834;1.0;1.0022602716607443;0.9998664720582487;0.9999925196959646;1.0;1.0024163816758485;1.024999976158142;
2016-05-15 23:30:00;1.0;0.9999832501403672;0.9999999999999999;0.999994796121786;0.9998824076953197;0.9999920092676139;1.002433097419396;0.9999882743501479;0.9999156245401636;1.0;0.9999986917221899;1.0023798071569356;1.0023861044965339;0.9999881053538306;0.9999951261684742;0.9999999999999999;0.9999978904026118;0.9998799398477114;1.0008005725524214;0.9999811534689373;0.9999929878785969;1.0;0.999998271934057;1.0024295704355388;1.0024351891939414;1.0;1.0;0.9999933212762084;1.0012496617395548;1.0007364622143062;1.000368579712983;1.0001734936575988;0.9998929783108497;1.0;0.9998066583830396;1.0000328891473858;1.0000145093647563;1.0;1.002212803541552;0.9998894174565958;0.9999947079686233;1.0;1.0023820915588804;1.024999976158142;
2016-05-15 23:45:00;1.0;0.9999812991363461;1.0;0.999993444030784;0.9998698097799985;0.9999902006618228;1.0024350024330246;0.9999860075849564;0.9999053753362389;0.9999999999999999;0.9999980334188794;1.0023803999620082;1.0023871600185912;0.9999859764850866;0.9999945598627386;1.0;0.9999975082179389;0.9998675549348754;1.000801483297951;0.9999788622764065;0.9999935822636264;0.9999999999999999;0.999998005155272;1.0024312426256234;1.0024372174765963;1.0;1.0;0.999991927072433;1.0012541969946482;1.0007452120054114;1.0003714748823869;1.0001744653232194;0.9998809242572296;1.0;0.9998140323543394;1.0000318165129094;1.0000136918924487;1.0;1.0022145400616802;0.9998771407049255;0.9999951566527154;1.0;1.0023828023853467;1.024999976158142;
2016-05-16 00:00:00;1.0;0.9999510969691596;1.0;0.9999910375476694;0.9998144794327614;0.9999871382491916;1.0025069019334958;0.9999808250591976;0.9998643487342577;1.0;0.9999966991251311;1.0024335556283215;1.002444069679725;0.9999762957215141;0.9999857885413757;0.9999999999999999;0.9999969193213122;0.9998136401770046;1.0008266216209503;0.9999696856940423;0.999997554566102;1.0;0.9999976703258814;1.0025017730404298;1.0025095160371469;1.0;1.0;0.9999882863912596;1.0013024145841296;1.0007791722716795;1.0003936522364645;1.0001882951316377;0.9998240315571845;1.0;0.9998096559140605;1.0000439506918648;1.0000206265728968;1.0;1.0022793719054734;0.999819585940233;0.9999981527696555;1.0;1.002435915534057;1.024999976158142;
2016-05-16 00:15:00;1.0;0.9999643193168298;1.0;0.9999922620544269;0.9998540290392494;0.9999888512240487;1.0024055847301825;0.9999837756322506;0.9998919922483455;1.0;0.9999971871353807;1.0023466897600148;1.0023560190174297;0.9999810064690191;0.9999896285821418;1.0;0.9999974541725748;0.9998536033650206;1.0007935562113597;0.9999758674319842;0.9999987500089798;1.0;0.9999980935828231;1.0024014830026202;1.0024076428843582;0.9999999999999999;1.0;0.9999901822280632;1.0012678646297795;1.0007712312104697;1.0003886510623201;1.0001826787278532;0.999861711030582;1.0;0.9998301763651297;1.0000333389222718;1.0000141458405032;0.9999999999999999;1.002187289329168;0.9998582681261536;0.999999054740043;1.0;1.0023493198383464;1.024999976158142;
2016-05-16 00:30:00;1.0;0.9999700273480594;1.0;0.9999929739400824;0.9998709498188192;0.9999897749578948;1.0023767756572848;0.9999852164028713;0.9999039714749021;1.0;0.9999975588844856;1.0023262814548504;1.0023344463046666;0.999983185338111;0.9999912860989243;1.0;0.9999977397104051;0.9998706344132775;1.0007840730626523;0.9999785472373213;0.9999990756330102;1.0;0.9999983117914035;1.0023732624020614;1.002378531784493;1.0;1.0;0.9999911283553596;1.0012417769055495;1.0007531459110235;1.0003768457210793;1.000177763353725;0.999877914212744;1.0;0.9998328758435658;1.0000342694098088;1.0000151029452797;0.9999999999999999;1.002161050463424;0.9998748791144553;0.9999993001277165;1.0;1.0023286702053045;1.024999976158142;
2016-05-16 00:45:00;0.9999999999999999;0.9999677160594608;1.0;0.9999931371879309;0.999868718627392;0.9999901586667587;1.0023338392927936;0.9999856351453505;0.9999031747116258;1.0;0.9999974465156203;1.0022800990445269;1.0022884559767018;0.9999830552253595;0.9999906115775811;1.0;0.9999976970712059;0.9998682332190204;1.0007698328560986;0.9999783687374245;0.9999985890132232;1.0;0.9999982684391294;1.0023300895024245;1.0023357394398067;1.0;1.0;0.9999913004175656;1.0012470382713539;1.0007763894217736;1.000392738733101;1.0001872157558864;0.9998757163870119;1.0;0.9998529485846497;1.000041342432373;1.0000192002155435;1.0;1.002122063929077;0.9998725875237324;0.999998934151216;1.0;1.0022824317115804;1.024999976158142;
2016-05-16 01:00:00;1.0;0.9999662702981857;1.0;0.9999871227115444;0.9997962798137029;0.9999808846797139;1.0023323701984574;0.9999734423078478;0.9998448635405889;1.0;0.9999959433870894;1.0022761786983916;1.0022849465689851;0.9999735926318062;0.9999901948944558;1.0;0.999996080449566;0.9997958358182575;1.0007694849577369;0.9999653479704557;0.9999986990058611;1.0;0.9999970797079365;1.002328081739072;1.0023346498232908;1.0;1.0;0.9999844811387824;1.0012683509334277;1.0008096744760928;1.000409035622091;1.0001943600466805;0.9998092871082083;1.0;0.9998745239310544;1.0000411095973274;1.000018844697601;1.0;1.0021208222272247;0.999804428788863;0.9999990175996943;1.0;1.0022786368450562;1.024999976158142;
2016-05-16 01:15:00;1.0;0.9999810089444688;1.0;0.9999927245423212;0.9998924022719919;0.9999898321785502;1.002298835925739;0.9999862012812575;0.9999189339619119;1.0;0.9999969660315997;1.0022573666836945;1.0022643117526902;0.9999859057760621;0.9999944804261234;1.0;0.9999975926013007;0.9998919658417803;1.0007583112190666;0.9999818931460981;0.9999987428687203;1.0;0.9999981948713632;1.0022956925053115;1.0023005377263525;1.0;1.0;0.999991730845503;1.0012294817495846;1.0007754173763386;1.000388706341569;1.0001854927732627;0.9998993527875762;1.0;0.9998692468965364;1.0000415275388113;1.0000190330984855;1.0;1.002090387646729;0.9998967215021616;0.9999990495408851;1.0;1.0022598516450985;1.024999976158142;
2016-05-16 01:30:00;1.0;0.9999696619600825;1.0;0.9999943735731931;0.9998782620540339;0.9999916512145401;1.0022690622761417;0.9999874048215263;0.9999108785556825;1.0;0.9999982344664256;1.0022138891188541;1.002222532004248;0.9999848469419746;0.9999911974067235;1.0;0.9999980862015918;0.9998775927496824;1.000748276733117;0.9999800935499588;0.999998082750455;1.0;0.9999985423786848;1.0022654446502484;1.0022708584770335;1.0;1.0;0.9999924624344182;1.0012058527102907;1.0007691447146345;1.0003772806621745;1.0001781698504224;0.9998849501318241;1.0;0.9998873848110879;1.0000345283539394;1.0000148180793753;1.0;1.0020632324124708;0.9998819810441316;0.9999985512382322;1.0;1.0022165188487275;1.024999976158142;
2016-05-16 01:45:00;0.9999999999999999;0.9999777567393973;1.0;0.9999961463735308;0.9999080423751227;0.9999938126618735;1.002178408127429;0.9999903846134084;0.9999321810135008;0.9999999999999999;0.9999993393408134;1.0021356065105473;1.0021427861071674;0.9999886778016082;0.9999935387580947;1.0;0.9999988120213594;0.9999076656682881;1.000718575374759;0.9999848552300054;0.9999989251886758;1.0;0.9999990979074406;1.0021758228439412;1.0021796013062718;0.9999999999999999;0.9999999999999999;0.9999944003111053;1.001204906789271;1.0008090601913893;1.0004003639174055;1.0001908149361323;0.9999130453648727;1.0;0.9999333927831774;1.0000417568281703;1.0000193348474822;1.0;1.001980720874064;0.9999108397464888;0.9999991867755839;1.0;1.0021379948065834;1.024999976158142;
2016-05-16 02:00:00;1.0;0.9999747916084006;1.0;0.999995095336886;0.9998997075663739;0.9999928507454552;1.0021416983676408;0.99998935202003;0.9999262707717332;0.9999999999999999;0.9999983017800326;1.002094699712096;1.002102425636147;0.999987255858462;0.9999926896232626;1.0;0.9999983461750797;0.9998992926080618;1.0007065243236597;0.9999835352211297;0.9999988106042815;1.0;0.9999987518452923;1.0021385895059425;1.0021432286166432;1.0;1.0;0.999993600282807;1.001214268702278;1.0008360236552079;1.0004191425012023;1.0002029948784394;0.9999050217735392;1.0;0.9999538735320713;1.0000534118422248;1.000025749923177;1.0;1.0019474210745112;0.9999026229752583;0.9999991017280725;1.0;1.0020971842701896;1.024999976158142;
2016-05-16 02:15:00;1.0;0.9999709598943577;1.0;0.9999945605330497;0.9998990560880107;0.9999926814113973;1.0021248319266314;0.999989337568556;0.9999260015113401;1.0;0.9999973956679676;1.0020758132919614;1.0020840210484456;0.9999864295943943;0.9999915858355451;1.0;0.9999980933051662;0.9998988939265654;1.000701229691895;0.9999834759076454;0.9999995271349998;1.0;0.999998583176534;1.002121377420926;1.0021265506734076;1.0;1.0;0.9999933395615751;1.0012334758887775;1.0008549796303008;1.0004360938994834;1.0002104643251248;0.9999035259974259;1.0;0.9999549825232477;1.0000533328026804;1.0000257051831278;1.0;1.0019320436747403;0.9999012246507026;0.9999996423800044;1.0;1.0020782978032285;1.024999976158142;
2016-05-16 02:30:00;1.0;0.9999752238694736;1.0;0.9999964690338821;0.9999169266667277;0.9999948600820913;1.0020966147789412;0.9999919492420407;0.9999395563432113;1.0;0.9999987678145374;1.0020517019922128;1.0020593705879002;0.99998931598155;0.9999928201556331;1.0;0.9999987892311314;0.9999167031840758;1.0006917598226346;0.9999865045692259;0.9999993610671571;1.0;0.999999091853133;1.0020937672105292;1.0020979459959554;0.9999999999999999;1.0;0.9999950855339553;1.001206198855307;1.000832528550682;1.000421629232803;1.0002027158117055;0.9999205770723849;1.0;0.9999537983601136;1.0000492470439253;1.0000233961044314;1.0;1.0019063468496932;0.9999186589967557;0.9999995168314285;1.0;1.0020541864436994;1.024999976158142;
2016-05-16 02:45:00;1.0;0.9999765241478384;1.0;0.9999973016923795;0.9999192767454104;0.9999960136516026;1.0020894156587101;0.9999933584706198;0.9999428982643741;1.0;0.9999991305691488;1.0020415192852707;1.002048793588713;0.9999906634303098;0.9999931987518845;0.9999999999999999;0.9999988815322345;0.999918379238816;1.000688773764874;0.9999872511555306;0.9999974468135536;1.0;0.999999112625498;1.002086436178123;1.0020909021729008;0.9999999999999999;1.0;0.9999959684590289;1.0012055111330216;1.000829682958037;1.0004232519907765;1.0002044391299856;0.9999237221436984;0.9999999999999999;0.9999489860165993;1.0000522816574173;1.0000253350508097;1.0;1.0018999507957647;0.9999216295761566;0.9999980748377137;1.0;1.0020438782680834;1.024999976158142;
2016-05-16 03:00:00;0.9999999999999999;0.9999869329719167;1.0;0.9999980420449788;0.9999467627526746;0.9999970178854031;1.0020514538848613;0.9999952414940227;0.9999619820975361;1.0;0.9999994724457182;1.0020141071032536;1.0020204350348827;0.9999940156597015;0.9999962048799216;1.0;0.999999222014273;0.9999460842304195;1.0006764092833673;0.9999915141774155;0.9999980798534204;1.0;0.9999993789551384;1.0020492152381393;1.002052557412811;1.0;1.0;0.9999971948246669;1.0011904197667942;1.0008252840360812;1.000420036875817;1.000201837501555;0.9999501713401847;1.0;0.9999573207410912;1.000048722027206;1.000022964551281;1.0;1.001865476766786;0.9999487445564189;0.9999985503142071;1.0;1.0020166668112833;1.024999976158142;
2016-05-16 03:15:00;1.0;0.9999895356258741;1.0;0.9999958565587408;0.999950532851321;0.999995192125629;1.0020736910996904;0.9999940048335563;0.9999639244433396;1.0;0.9999971095292446;1.0020398417226357;1.002045792992361;0.9999933058614248;0.9999969556617601;1.0;0.9999983328066312;0.9999500351035466;1.0006840383555216;0.9999919470302607;0.999998591540184;1.0;0.9999987361869617;1.002071033919599;1.0020751947172266;1.0;1.0;0.999996087916754;1.0011978300397013;1.0008308782145765;1.000422066895509;1.0002043762387687;0.999953805599865;1.0;0.9999581454507769;1.0000536749881435;1.0000258116957317;1.0;1.0018858211011263;0.9999525107393084;0.9999989354798204;1.0;1.0020423746413607;1.024999976158142;
2016-05-16 03:30:00;1.0;0.9999893909415224;1.0;0.9999970777475268;0.9999526580271595;0.9999960076319675;1.0020348414446578;0.9999944408289013;0.9999648263885126;1.0;0.999998668732548;1.0020036556367453;1.0020096737468407;0.9999937697932567;0.9999969143138994;1.0;0.99999899306934;0.9999524850929222;1.0006714373795644;0.9999921491921092;0.9999995102365897;1.0;0.9999992456494482;1.0020327845497752;1.0020358562347045;1.0;1.0;0.9999966151237667;1.0011781687685588;1.0008183625368674;1.0004146049435176;1.0001988666582324;0.999955338927092;0.9999999999999999;0.9999609042655367;1.0000470136223707;1.0000219989090884;1.0;1.0018503253431001;0.9999542040827835;0.9999996295408814;1.0;1.0020062153180762;1.024999976158142;
2016-05-16 03:45:00;1.0;0.9999866436028287;0.9999999999999999;0.9999969048989129;0.9999425047965474;0.9999956103389291;1.002052132396993;0.9999936582425801;0.9999576135113705;0.9999999999999999;0.9999987805768679;1.002017333470429;1.0020236975298644;0.999992699394009;0.9999961221841703;1.0;0.9999989321513467;0.9999422108400569;1.0006770302884382;0.9999905382657116;0.9999991657497712;0.9999999999999999;0.9999991922601512;1.0020498842467416;1.0020532368956085;1.0;1.0;0.9999961839565679;1.001184858202001;1.0008224791427003;1.0004168979273595;1.0002012772260716;0.9999457866774697;1.0;0.9999599150496036;1.0000512209487011;1.000024376975085;1.0;1.0018660436718383;0.9999443849067943;0.9999993697996138;1.0;1.0020198931867006;1.024999976158142;
2016-05-16 04:00:00;0.9999999999999999;0.9999914137698929;1.0;0.9999980373668235;0.9999555092013179;0.9999969398019689;1.0020342350741323;0.9999953914897728;0.9999675345182965;1.0;0.9999995530361251;1.002003460347763;1.0020090102724384;0.9999949609821062;0.9999975028873737;1.0;0.9999993029283355;0.999954993106813;1.0006708651525942;0.9999927542487663;0.9999985391167674;1.0;0.9999994499873954;1.0020324099721143;1.002035128849697;0.9999999999999999;1.0;0.9999973513920757;1.0011770058584304;1.0008148256771559;1.0004139049862664;1.000198758790315;0.9999586638493103;1.0;0.999956991785122;1.0000476136796908;1.0000225454078415;1.0;1.0018498030877576;0.9999574704725913;0.9999988972796048;1.0;1.0020059042867961;1.024999976158142;
2016-05-16 04:15:00;1.0;0.9999869329719167;1.0;0.9999965720154772;0.9999452709657605;0.9999956688244659;1.0020550885112016;0.9999940806242781;0.9999602779821379;1.0;0.9999980254296692;1.0020181160201178;1.002024623901217;0.9999929856558194;0.9999962048799215;1.0;0.999998661187696;0.999944785520225;1.0006778839320623;0.999991132955296;0.999998621864126;1.0;0.9999989791029122;1.002052501755944;1.0020564562585879;1.0;1.0;0.9999962724270386;1.0011755871380155;1.000809164137312;1.0004073589293694;1.0001948135821197;0.9999485834794734;1.0;0.9999539792565354;1.0000444464570266;1.0000203719207434;1.0;1.0018688456656573;0.9999471835121435;0.9999989598385489;1.0;1.0020207743405716;1.024999976158142;
2016-05-16 04:30:00;1.0;0.9999883078917146;1.0;0.9999970098213183;0.9999563705269875;0.9999964632560419;1.0020605146564634;0.9999952964079918;0.9999684859157809;1.0;0.9999979939065599;1.0020259289953228;1.002032315128561;0.9999941276882034;0.9999965960575716;1.0;0.9999987988086307;0.9999560459223574;1.0006797954546305;0.9999929658463478;0.9999990801826584;1.0;0.9999990918225583;1.002058072750991;1.0020617935892357;1.0;0.9999999999999999;0.9999969260508046;1.0011761223216653;1.0008077180662862;1.0004078678448787;1.0001965895881915;0.9999587383614497;1.0;0.9999509811443409;1.0000491187741192;1.0000229648715073;0.9999999999999999;1.0018737470407906;0.9999576510459934;0.9999993050398135;1.0;1.0020286141911754;1.024999976158142;
2016-05-16 04:45:00;0.9999999999999999;0.9999846190641599;1.0;0.9999964974846575;0.9999384422840678;0.9999953820238371;1.002063094515734;0.999993464544845;0.9999551645990079;0.9999999999999999;0.9999982082836133;1.0020263903954116;1.0020326953474674;0.9999921254227514;0.9999955401147761;1.0;0.9999986814139493;0.9999380165739012;1.0006805185217267;0.9999899915608675;0.9999987935921413;1.0;0.9999989982009797;1.0020605609081883;1.0020644072361737;1.0;0.9999999999999999;0.9999959450158848;1.0011840320357825;1.0008130802958888;1.0004107134010285;1.00019551173124;0.9999419171222756;1.0;0.9999504709564694;1.0000420718327518;1.0000195128480034;1.0;1.0018760247631402;0.9999403886122217;0.9999990887936097;1.0;1.0020287784311632;1.024999976158142;
2016-05-16 05:00:00;1.0;0.9999908333331107;1.0;0.999998153012096;0.9999568105537665;0.9999972124058351;1.0020330785004588;0.9999957661889418;0.9999687985348321;1.0;0.9999994702938831;1.0020013985360359;1.0020070425236267;0.9999951296351587;0.9999973440096385;1.0;0.999999301445135;0.9999562638101529;1.000670432056012;0.9999930369897696;0.9999984541917953;1.0;0.9999994467450122;1.0020311764168974;1.0020340191929886;1.0;1.0;0.9999975297094289;1.0011653629176958;1.0008017681979826;1.0004020138608736;1.0001892602389317;0.9999597962504898;1.0;0.999955013080074;1.0000348163141388;1.000015287751233;1.0;1.0018487505368974;0.9999586301361402;0.9999988330184457;1.0;1.0020038560087847;1.024999976158142;
2016-05-16 05:15:00;1.0;0.9999886658270365;1.0;0.9999973876818231;0.9999548778856944;0.9999967569991074;1.0020484362332418;0.9999954941381476;0.999967719649078;1.0;0.9999984275926778;1.0020152051231903;1.0020209443356758;0.9999944064772069;0.9999967140883547;1.0;0.9999989184795943;0.9999543510556083;1.0006755811691286;0.9999927953459434;0.9999985092570204;0.9999999999999999;0.999999165853974;1.0020461577755309;1.0020496431136083;0.9999999999999999;1.0;0.9999971389434147;1.0011853521362646;1.0008231514750487;1.0004141229209627;1.0001956450666725;0.9999576731083072;1.0;0.999962358684368;1.0000379316986179;1.0000172246778294;1.0;1.0018627451513633;0.9999564812817986;0.9999988743056325;1.0;1.0020175640440545;1.024999976158142;
2016-05-16 05:30:00;1.0;0.9999815852954813;1.0;0.9999964735722402;0.999935211524733;0.9999955328945171;1.0020682180349219;0.999993591117203;0.9999533793485779;1.0;0.9999979838983369;1.0020284182345722;1.0020350563174747;0.999991626881364;0.9999946556298487;1.0;0.9999986071262931;0.9999347551681551;1.000682222201365;0.9999895919772661;0.9999987053464456;1.0;0.9999989412931556;1.0020654377454368;1.002069661913922;0.9999999999999999;1.0;0.9999959182035011;1.0011842637445687;1.0008181478541098;1.0004096229994415;1.0001943420714947;0.9999385324422886;1.0;0.9999586858673094;1.0000400024790743;1.0000183950597266;1.0;1.0018806832894263;0.9999369361448615;0.9999990219458469;1.0;1.0020307771865427;1.024999976158142;
2016-05-16 05:45:00;1.0;0.9999840421007489;1.0;0.9999966467710883;0.9999459927280073;0.9999959198024534;1.0020507811732229;0.999994352142709;0.9999608785035445;1.0;0.9999978842509196;1.0020147930532146;1.0020212219834908;0.9999926282298137;0.9999953682327315;1.0;0.999998698912746;0.9999457692388591;1.000676680570293;0.9999912670150415;0.9999993653032803;1.0;0.9999990252783839;1.0020482180641945;1.0020520996664626;0.9999999999999999;1.0;0.9999963299369479;1.0011854272685097;1.0008206167120213;1.0004174253406912;1.0002016194976622;0.9999484819215962;0.9999999999999999;0.9999562728067786;1.0000515538985018;1.0000248241602894;1.0;1.0018648072911793;0.9999472069938208;0.9999995201391831;0.9999999999999999;1.0020172079157053;1.024999976158142;
2016-05-16 06:00:00;1.0;0.9999867908746717;1.0;0.9999974620200948;0.9999473524528864;0.9999962342737144;1.0020447871496645;0.9999943537229131;0.99996115174786;1.0;0.9999991970217098;1.002013500255404;1.0020192975774427;0.9999932759747165;0.9999961537816284;1.0;0.9999991722087479;0.9999471902836083;1.0006747084399;0.9999913280175371;0.9999995378522565;0.9999999999999999;0.9999993784489968;1.0020428493208144;1.0020456913095195;1.0;0.9999999999999999;0.9999966303192831;1.0011941897364578;1.000834465185587;1.0004255381826765;1.0002054119488522;0.9999500782402507;1.0;0.999964412640154;1.0000521772216604;1.0000254586706587;1.0;1.0018592730615552;0.9999488356385698;0.9999996507603413;1.0;1.0020157569522725;1.024999976158142;
2016-05-16 06:15:00;1.0;0.9999866453614873;1.0;0.9999972709182707;0.9999470597506545;0.9999962527296692;1.0020610009387658;0.9999945334154047;0.9999614727711386;1.0;0.9999987805920523;1.0020263833330305;1.0020325637853842;0.9999933456860128;0.9999961156919349;0.9999999999999999;0.9999989940570476;0.9999466953287885;1.0006798697776578;0.9999914000697481;0.9999989661565192;0.9999999999999999;0.9999992329501413;1.0020587526286788;1.0020621205553437;1.0;1.0;0.9999966544026296;1.0011767474801077;1.0008098278522248;1.000408315997053;1.0001967265101335;0.9999500255607581;0.9999999999999999;0.9999533495647341;1.000048932964218;1.0000232664337285;1.0;1.0018741030678113;0.9999487111955361;0.9999992194288531;1.0;1.0020288408670561;1.024999976158142;
2016-05-16 06:30:00;1.0;0.9999890295612426;1.0;0.9999974455172351;0.9999496051018331;0.9999966983947831;1.0020598960490863;0.9999952932178034;0.9999643706184531;1.0;0.9999986173379997;1.00202309722849;1.0020290238166776;0.9999943510004868;0.999996809289523;1.0;0.9999988744751857;0.9999486952684864;1.0006790337314064;0.9999920473629968;0.9999974220012207;1.0;0.9999991065616511;1.0020574394338881;1.0020612344192734;0.9999999999999999;1.0;0.9999970956798016;1.0011801579198982;1.000814275252611;1.000410636688642;1.0001973333251963;0.9999533650602115;1.0;0.9999556431150947;1.0000476704152614;1.000022504940389;1.0;1.001873275583684;0.9999519158841387;0.9999980547903937;1.0;1.0020255816090546;1.024999976158142;
2016-05-16 06:45:00;0.9999999999999999;0.9999898967482538;1.0;0.9999977569115144;0.9999538986746639;0.9999971988422638;1.0021035645777787;0.9999959957288003;0.9999678927995668;1.0;0.9999986711126599;1.0020642731420566;1.0020707209958826;0.9999950425698071;0.9999970606108998;1.0;0.9999989300319233;0.9999528877245842;1.000693281918504;0.9999928339499797;0.9999971366341408;1.0;0.9999991404235535;1.002100988847395;1.0021049661730068;1.0;1.0;0.9999975018868229;1.0012076447078153;1.0008304339717684;1.000421123494405;1.0002026757573426;0.9999575401648222;1.0;0.9999497355394503;1.0000498286599127;1.000023106988084;0.9999999999999999;1.001913023003041;0.9999561555229253;0.9999978394981396;0.9999999999999999;1.002067103295103;1.024999976158142;
2016-05-16 07:00:00;1.0;0.9999898240761909;1.0;0.9999971655178969;0.9999551526384935;0.9999965337197331;1.0022211055866264;0.9999953367245614;0.9999678733782855;0.9999999999999999;0.9999982325662629;1.0021869960289043;1.0021929106467704;0.9999944783603477;0.9999970415918366;1.0;0.9999988175272811;0.9999545445751258;1.0007322685206597;0.9999928293088558;0.9999982792124816;1.0;0.999999085744829;1.0022187275206214;1.002222392164122;1.0;1.0;0.9999970357807177;1.0012715985524878;1.00087141635646;1.000445023061983;1.0002175742459523;0.9999581990896036;1.0;0.9999417604428513;1.0000632652600816;1.0000312317876383;0.9999999999999999;1.002019707178518;0.9999569781502098;0.999998700503401;1.0;1.0021895293196006;1.024999976158142;
2016-05-16 07:15:00;1.0;0.9999892462570741;1.0;0.9999972178048376;0.999947696043242;0.9999960199509544;1.0021334086661369;0.9999942794887542;0.9999616186625697;0.9999999999999999;0.9999989439456733;1.0020892543197786;1.0020978980969164;0.9999936646316004;0.9999968729660306;1.0;0.9999990024357255;0.9999472305088642;1.0007036163566865;0.9999914329656094;0.9999986808069667;1.0;0.999999232036917;1.0021307251465454;1.0021347057087902;1.0;1.0;0.999996599703493;1.0011994344758344;1.000808815247303;1.0004035481553426;1.000189562490524;0.9999511324330176;1.0;0.9999356748091739;1.000033770320589;1.000011963149321;1.0;1.0019401374256152;0.9999497815441178;0.9999990041508106;1.0;1.0020932429638452;1.024999976158142;
2016-05-16 07:30:00;0.9999999999999999;0.999988018566097;1.0;0.9999966926989511;0.9999460035311926;0.9999958536345092;1.0021001350759604;0.9999943538600287;0.9999611784546182;1.0;0.9999980571024374;1.002052342555764;1.0020612097577153;0.9999933963864243;0.9999965133737077;1.0;0.9999986435127338;0.9999452975170586;1.0006925490368421;0.9999913342055121;0.9999979939952496;1.0;0.9999989506083723;1.0020969841474394;1.0021017725694836;1.0;1.0;0.9999964545722729;1.0011706996410772;1.0007919037523911;1.0003921845115886;1.0001862609429422;0.9999496792006874;1.0;0.999942000112358;1.0000388823689703;1.0000147880214412;1.0;1.0019100265259373;0.9999482164991841;0.9999984873813035;1.0;1.0020563676219576;1.024999976158142;
2016-05-16 07:45:00;1.0;0.9999844049382225;1.0;0.9999978760578051;0.9999416743701303;0.9999966590239633;1.0021395292726554;0.9999945901540878;0.9999578559059158;1.0;0.9999995526769836;1.0020903792036668;1.0020997922641592;0.9999930613148653;0.9999954666780944;1.0;0.9999992502546922;0.9999412394821839;1.00070565114983;0.9999905922764054;0.9999987657107404;1.0;0.9999994168544385;1.0021367220287183;1.0021407995732705;1.0;0.9999999999999999;0.9999968082686085;1.0011703373500456;1.0007840674032253;1.0003817164351465;1.0001795870534815;0.9999448447549487;1.0;0.9999374275530798;1.0000327845120665;1.0000112545375726;1.0;1.0019456274248377;0.9999433920256086;0.9999990683926904;1.0;1.0020944529056741;1.024999976158142;
2016-05-16 08:00:00;0.9999999999999999;0.9999669207141937;1.0;0.9999957916843824;0.9999009006492859;0.9999944756392138;1.0021948049341523;0.9999913248040153;0.9999293522397814;0.9999999999999999;0.9999978333284986;1.0021279572085051;1.0021394532639314;0.9999871854988847;0.9999903825250255;1.0;0.999998342406419;0.999900404489969;1.000724037392347;0.9999842216571143;0.9999985782903171;1.0;0.9999987433695607;1.00219048321691;1.0021968925440266;1.0;1.0;0.999994431080632;1.0011977735074684;1.000802374505325;1.000389456938786;1.0001832407918259;0.9999049699743717;1.0;0.9999366025414635;1.0000334366667971;1.0000117579140908;1.0;1.0019958730092022;0.9999026297677275;0.9999989261552588;1.0;1.002131955704997;1.024999976158142;
2016-05-16 08:15:00;1.0;0.9999259523740837;1.0;0.9999946161456897;0.999800956308769;0.9999916729517502;1.0023082789767974;0.9999846408074663;0.9998586249965609;1.0;0.999998753884436;1.002200717992875;1.0022175444485286;0.999974682719105;0.999978493803932;1.0;0.999998062485812;0.9998004601990451;1.000761627902934;0.9999684070693605;0.9999985298536495;1.0;0.9999985370283054;1.002301809979155;1.0023111213218523;1.0;1.0;0.9999903293638723;1.0012879955620841;1.0008680004779031;1.0004352551475382;1.0002109238440975;0.9998073500310776;1.0;0.9999287783747096;1.00005587132363;1.0000243029905134;0.9999999999999999;1.0020986744748237;0.9998028726919833;0.9999988882829391;1.0;1.002204792143432;1.024999976158142;
2016-05-16 08:30:00;1.0;0.9999333932536426;1.0;0.9999888807854854;0.9998219476725656;0.9999878718966225;1.0025465386161825;0.9999832835801541;0.999873606772372;1.0;0.9999913973268186;1.0024444744366912;1.0024604090245504;0.9999741923137617;0.9999806571462232;1.0;0.9999953929195908;0.9998215112731058;1.0008403501571774;0.9999717504228856;0.9999986888511896;1.0;0.999996573411539;1.002538419743107;1.0025508735562902;1.0;1.0;0.9999882068628154;1.0013503497830518;1.0008373493620264;1.0004223238480467;1.0002032674697767;0.9998276019398966;1.0;0.9998379852511262;1.0000508278315237;1.0000214046554419;1.0;1.0023156873950836;0.9998236017980451;0.999999007323265;1.0;1.002448576460086;1.024999976158142;
2016-05-16 08:45:00;1.0;0.9999601961134966;1.0;0.9999931896861021;0.9998842392918926;0.999992276845407;1.0023668599994133;0.9999891645043684;0.9999177425467661;0.9999999999999999;0.9999950538229633;1.0022912455590431;1.002303773258314;0.9999840373814978;0.9999884519499467;1.0;0.9999971547909292;0.9998836619460887;1.0007806185551331;0.9999816275433279;0.9999983430962458;1.0;0.9999978622673973;1.0023612738756629;1.0023697907202997;0.9999999999999999;0.9999999999999999;0.9999926191854493;1.0012189289652969;1.00073374187234;1.0003596896193807;1.0001668104955757;0.9998888109817015;1.0;0.9998343885535487;1.0000241765037878;1.0000063412934221;0.9999999999999999;1.002152343761417;0.9998860888488287;0.9999987483344381;1.0;1.0022953469554223;1.024999976158142;
2016-05-16 09:00:00;1.0;0.9999729166574363;1.0;0.9999938560144133;0.9999168095565758;0.9999933789400091;1.0023409796790606;0.9999914359551628;0.9999406894585349;1.0;0.9999951272453406;1.0022777536471248;1.0022889040513512;0.9999880732192145;0.999992129307754;1.0;0.999997418270583;0.9999163333010803;1.0007722187993249;0.9999867534194647;0.999998634551186;1.0;0.999998063569308;1.0023361581040753;1.0023435738685147;1.0;1.0;0.999994035469627;1.0012020924329261;1.0007226733067758;1.0003520011301867;1.0001617860124619;0.9999204067059443;1.0;0.9998369685922237;1.0000191222926849;1.000003260569296;1.0;1.0021289390357146;0.9999184169919;0.9999989683776369;1.0;1.0022819804614957;1.024999976158142;
2016-05-16 09:15:00;1.0;0.9999612110812282;0.9999999999999999;0.999994358243448;0.9998881533286333;0.9999932694911771;1.0023061058409102;0.9999900278954486;0.9999206141006163;1.0;0.9999963004556983;1.0022312279463692;1.0022438127253686;0.9999849915365187;0.99998873153067;1.0;0.9999976736349669;0.9998875958873091;1.0007606746711721;0.9999822674599488;0.9999983985200362;1.0;0.9999982461107196;1.0023009059168198;1.00230873441379;1.0;1.0;0.9999933363907644;1.0012033151092414;1.0007383411469242;1.0003630418782807;1.0001689760759407;0.9998925195609847;1.0;0.9998522132492216;1.000025889248492;1.0000071332869689;1.0;1.0020971022636243;0.9998898897755996;0.9999987899048098;0.9999999999999999;1.0022354277042813;1.024999976158142;
2016-05-16 09:30:00;1.0;0.9999672803949446;1.0;0.9999949037088758;0.9998914648128052;0.9999930872720683;1.0023225641794353;0.9999895356816902;0.9999215435686356;1.0;0.9999976356123956;1.0022557849118026;1.0022673712534118;0.999985904374134;0.9999904940548507;1.0;0.9999981234939217;0.9998910084761929;1.0007660856879461;0.9999824771241149;0.9999986893011426;1.0;0.999998584798652;1.002318200496441;1.0023246827959578;1.0;1.0;0.9999934357343698;1.0011953858735316;1.0007210707204457;1.000353456542848;1.000164746043083;0.9998963679466925;1.0;0.9998392472007943;1.00002605864965;1.0000074529819254;1.0;1.0021119824593099;0.999893808985956;0.999999009420592;1.0;1.002259859286218;1.024999976158142;
2016-05-16 09:45:00;1.0;0.9999722636454443;1.0;0.9999911379234394;0.9999143823552104;0.9999910682224461;1.0023517867962195;0.9999895813883052;0.9999382221554756;1.0;0.9999922358959351;1.0022906088161598;1.0023014705623654;0.9999862443266461;0.9999919514271133;1.0;0.9999963055961747;0.9999141588731273;1.0007761381736864;0.9999862019737978;0.9999993466272794;1.0;0.999997261117622;1.0023463134806967;1.0023549198803048;1.0;1.0;0.9999924387618243;1.001193023195427;1.0007079890725503;1.0003421995466975;1.000156744441957;0.9999177905283665;1.0;0.9998288586344807;1.0000169253512299;1.0000023774183797;0.9999999999999999;1.0021388447234831;0.9999158312899881;0.9999995055470478;1.0;1.0022946348394268;1.024999976158142;
2016-05-16 10:00:00;1.0;0.9999701688473241;0.9999999999999999;0.9999958902123306;0.9999052150182958;0.999994759984661;1.0023159370148842;0.9999919189977144;0.9999330683787576;1.0;0.9999976996472677;1.0022492121911202;1.002260291249846;0.9999882381376441;0.9999913405196532;1.0;0.999998256286313;0.9999043266960856;1.000763443172935;0.9999850530731782;0.9999974666088842;0.9999999999999999;0.999998652390719;1.0023115595698115;1.002318146191229;1.0;1.0;0.9999947998720587;1.00117216370697;1.0006876488781897;1.0003322989443486;1.0001495554784796;0.9999098814244828;1.0;0.9998224288033668;1.0000085065194393;0.9999976666863214;1.0;1.0021060565303916;0.9999074945093189;0.9999980889166733;1.0;1.0022532111714204;1.024999976158142;
2016-05-16 10:15:00;1.0;0.9999782636262254;1.0;0.9999959174183508;0.9999129250532635;0.999994391743874;1.0023666682778618;0.9999916637962966;0.9999375755500262;1.0;0.9999981872052938;1.0023054937306006;1.0023160017712138;0.9999896060167465;0.9999936818717563;1.0;0.9999983789977444;0.9999119463554373;1.0007799999538631;0.999986059510516;0.9999972103875847;1.0;0.9999987365085193;1.0023627576954126;1.0023686536873657;1.0;1.0;0.9999948933977459;1.0011905372219354;1.000696696436461;1.0003371087790325;1.0001546456028894;0.9999182934904872;0.9999999999999999;0.9998176623578814;1.0000178823483423;1.0000025245550215;0.9999999999999999;1.0021522475665494;0.9999160037859401;0.9999978960359565;0.9999999999999999;1.0023097400747152;1.024999976158142;
2016-05-16 10:30:00;1.0;0.999979996255271;1.0;0.9999965471134458;0.9999292550523419;0.9999954927462578;1.0024276313749505;0.9999933288281648;0.999949379208477;1.0;0.9999981855778357;1.0023746824728932;1.0023840734899123;0.9999911593000494;0.9999941910161063;1.0;0.9999986175315935;0.9999286394247262;1.0008001997054587;0.999988697743899;0.9999982464381247;1.0;0.9999989377938215;1.0024242011841458;1.0024293468613943;1.0;1.0;0.999995797527989;1.0011624477620844;1.000638587601673;1.0002965238071482;1.000129811397995;0.999933037683794;1.0;0.9997810440818626;0.9999978615703947;0.9999920847688488;1.0;1.002207448582888;0.99993125434244;0.9999986772985378;1.0;1.0023784384336096;1.024999976158142;
2016-05-16 10:45:00;0.9999999999999999;0.9999800691440968;1.0;0.999996619471993;0.9999242637328524;0.9999948725606855;1.0023822573058263;0.9999921301353575;0.9999442843613536;1.0;0.9999990646859089;1.0023325829908445;1.0023420183745309;0.9999903676560207;0.9999942100980573;0.9999999999999999;0.9999989144908514;0.999924050984157;1.0007856585768056;0.9999875595194876;0.9999993887921185;1.0;0.9999991849355354;1.0023792861464185;1.0023836017896286;1.0;1.0;0.9999953090315828;1.001186619933324;1.0006808885672687;1.000328308448611;1.0001484008594423;0.9999280184230415;1.0;0.99980310654231;1.000011108052408;0.9999995206295393;0.9999999999999999;1.0021660867075883;0.9999262452734056;0.9999995381324767;1.0;1.0023363678913442;1.024999976158142;
2016-05-16 11:00:00;1.0;0.999976601958076;1.0;0.9999967960809752;0.999922770704773;0.9999953969447916;1.002428927878629;0.9999927445513377;0.9999441564045395;1.0;0.9999988137489283;1.0023701130921083;1.0023811995710277;0.9999901506944944;0.9999931982504899;0.9999999999999999;0.9999988584839429;0.9999224675822013;1.0008009361561307;0.9999875305144902;0.9999991309369695;1.0;0.9999991373148853;1.0024253830024032;1.0024305505065632;1.0;1.0;0.9999955376490105;1.0011877522707435;1.000672646113601;1.0003183703768657;1.000143312302329;0.9999262193941499;1.0;0.9997965852037083;1.0000094137181346;0.9999973789196247;1.0;1.0022085817881776;0.999924404958532;0.9999993439765315;1.0;1.0023745605714212;1.024999976158142;
2016-05-16 11:15:00;0.9999999999999999;0.9999676417602132;1.0;0.9999921642054447;0.9998470529450872;0.9999878408125157;1.0024733990155072;0.9999821263681874;0.9998853309842748;1.0;0.9999981671306446;1.0024073853005233;1.0024190786928775;0.9999805232042068;0.9999905990779607;1.0;0.9999976660284683;0.9998467084656082;1.000815874064444;0.99997438279255;0.9999989848635403;1.0;0.9999982554413788;1.0024692365512726;1.0024753519046017;1.0;1.0;0.9999895610015787;1.0012591447479924;1.000746617806247;1.0003639888658926;1.0001676276530427;0.9998557627982994;0.9999999999999999;0.9998172724276072;1.0000215070618534;1.00000473286751;1.0;1.002249043824426;0.9998521545221548;0.9999992322923308;1.0;1.0024115431369034;1.024999976158142;
2016-05-16 11:30:00;1.0;0.9999563702792676;1.0;0.9999936483673615;0.9998325231448699;0.9999894698321018;1.002485267613541;0.9999831336215355;0.9998768312077986;1.0;0.9999993206290562;1.0024087790692686;1.0024214514844039;0.9999793080471814;0.9999873253392866;0.9999999999999999;0.999998112812289;0.9998319872038021;1.0008195561718625;0.999972483013671;0.9999984381529358;1.0;0.9999985713422741;1.0024807703207115;1.0024872632980373;0.9999999999999999;1.0;0.9999901591241955;1.0012425631991628;1.0007146407012166;1.0003496967231875;1.000162614285135;0.9998409628775331;0.9999999999999999;0.9997923453192423;1.0000254761257694;1.0000074179579586;1.0;1.0022596727781037;0.9998370201294459;0.9999988201128641;1.0;1.0024126897628682;1.024999976158142;
2016-05-16 11:45:00;1.0;0.9999353482469034;1.0;0.9999928396406386;0.9997993566692078;0.9999890856176546;1.002658096003958;0.9999819538879521;0.9998550928284208;1.0;0.9999981391044379;1.002560351637376;1.0025757833079696;0.9999743432505993;0.999981207180713;1.0;0.9999976052816056;0.9997988513895191;1.0008766133292064;0.9999676131419197;0.9999984900278662;1.0;0.9999981993741466;1.0026520331400965;1.0026608479443693;1.0;0.9999999999999999;0.9999888945075015;1.0012095762462705;1.0006378733230523;1.0002793621057329;1.0001216729761635;0.9998073719610953;0.9999999999999999;0.999751472731566;0.999996620381202;0.9999910242893189;0.9999999999999999;1.0024166504791543;0.9998027817383454;0.9999988584920009;1.0;1.0025643092090581;1.024999976158142;
2016-05-16 12:00:00;1.0;0.9999610672688606;1.0;0.9999960562754054;0.9998813517107639;0.9999940327940102;1.00251169162925;0.9999898735372535;0.9999149987239762;1.0;0.9999989065220399;1.0024398808679604;1.0024519943004826;0.9999851410531957;0.9999886869361732;1.0;0.9999985857920568;0.9998808555611473;1.0008280862605474;0.9999810138279773;0.9999985720853592;1.0;0.9999989227720499;1.0025073620274831;1.0025136593268973;1.0;1.0;0.9999937713792098;1.001153304392984;1.0006271461200318;1.0002732308616944;1.0001197950337275;0.9998862158339324;1.0;0.9997872673276023;0.9999989669810657;0.9999923987195901;1.0;1.002283667565477;0.999883441505468;0.9999989213058973;1.0;1.00244381108229;1.024999976158142;
2016-05-16 12:15:00;1.0;0.9999687939618401;1.0;0.9999960187470415;0.999904512894147;0.9999946405916609;1.0024758408495948;0.9999915423134936;0.9999317375526595;0.9999999999999999;0.9999981042069652;1.0024117236319243;1.0024228484900324;0.9999877425909889;0.9999909493450498;1.0;0.9999984642253784;0.9999040458161881;1.000816260395491;0.999984755953536;0.9999986668656412;0.9999999999999999;0.9999988352043603;1.0024717507146153;1.0024777984757116;1.0;1.0;0.9999946363746536;1.0011803262366903;1.0006655831791016;1.000302526261264;1.000134988517129;0.999908531001333;1.0;0.9998029867520543;1.000005669442116;0.9999961873417882;1.0;1.002251167152952;0.9999062760573326;0.9999989922541774;0.9999999999999999;1.002415653735859;1.024999976158142;
2016-05-16 12:30:00;1.0;0.9999635968471439;1.0;0.9999971270694572;0.9998942948547789;0.9999953601546255;1.002462860306095;0.9999915590491985;0.9999246477220927;0.9999999999999999;0.9999995503270714;1.0023934200816509;1.0024054246672127;0.9999869333548648;0.9999894186111536;1.0;0.9999989786542768;0.9998938691634074;1.0008120337211142;0.9999831705592949;0.9999987779929884;0.9999999999999999;0.9999992172965887;1.0024588552427842;1.0024646090374913;0.9999999999999999;1.0;0.999994843556558;1.0012043512691844;1.0006724392762611;1.0003213213136668;1.0001438707874832;0.9998983405459453;1.0;0.9997800828844232;1.0000071564868054;0.9999968206478814;1.0;1.002239263313631;0.999895886251;0.9999990766138498;1.0;1.0023974659162906;1.024999976158142;
2016-05-16 12:45:00;1.0;0.9999203924907746;0.9999999999999999;0.9999933900577792;0.9997304388642296;0.9999903773824365;1.0027740767826165;0.9999824405265074;0.9998158807563235;1.0;0.9999978345099138;1.0026236355988312;1.0026407789243665;0.9999719726972904;0.9999768645786087;1.0;0.9999963527338558;0.999725033844303;1.0009106283398403;0.9999588380862908;0.9999845316679117;1.0;0.9999969324523734;1.0027644848410586;1.0027793253854969;1.0;1.0;0.9999890180869113;1.0014011938182572;1.0008220952849431;1.000404339923346;1.0001918266884045;0.9997479185255749;0.9999999999999999;0.9997847907108749;1.0000419837714727;1.0000168477891211;1.0;1.0025232421788202;0.9997401431303357;0.999988333884715;0.9999999999999999;1.0026274911378557;1.024999976158142;
2016-05-16 13:00:00;0.9999999999999999;0.9998905603671181;0.9999999999999999;0.9999924158165792;0.9996832787140808;0.9999883582980826;1.0028941322202938;0.999978090337434;0.9997797508230355;1.0;0.9999982651565335;1.002728852043081;1.0027501428222414;0.9999630909336011;0.9999681757018961;1.0;0.9999966094019475;0.999679907818448;1.0009521501767622;0.9999507353182749;0.9999902393090687;1.0;0.9999972642812639;1.0028839341373215;1.0028991385705932;1.0;1.0;0.9999860618583533;1.0014632720940808;1.0008680411788609;1.0004243315754966;1.0002019644985085;0.9996978080237634;1.0;0.9997886155439687;1.0000462515942787;1.0000189179062509;1.0;1.0026316291837762;0.9996897685128115;0.9999926332884438;0.9999999999999999;1.002732899231583;1.024999976158142;
2016-05-16 13:15:00;1.0;0.9998654141106159;1.0;0.9999897127817863;0.999622766921152;0.9999840993177199;1.002940212640164;0.9999712552320629;0.999733406082323;1.0;0.9999977530496397;1.0027606138773444;1.0027851511070223;0.9999532106179984;0.9999609007597811;0.9999999999999999;0.9999961468529641;0.9996207729408602;1.0009687066861919;0.9999403570731465;0.9999940954227531;1.0;0.9999970198856852;1.0029291307930122;1.002945336822239;1.0;1.0;0.9999817378584367;1.001462274121613;1.0008696741395453;1.0004145826847886;1.0001976153869556;0.9996370257531305;1.0;0.9997983125774905;1.0000459909215191;1.0000187060551888;0.9999999999999999;1.0026730087828726;0.9996281512699132;0.999995536209789;1.0;1.002764697773018;1.024999976158142;
2016-05-16 13:30:00;1.0;0.9998828926224126;1.0;0.9999929803281931;0.999691518324685;0.9999882261157536;1.0029006959573457;0.9999770985061124;0.9997812457185037;1.0;0.9999995268887354;1.0027499378718372;1.0027720730918717;0.9999610913041043;0.999965994408116;0.9999999999999999;0.9999976079715078;0.9996908308015415;1.0009563761042566;0.9999510851087804;0.9999978951470321;0.9999999999999999;0.9999981885581168;1.0028918724855362;1.002904433306871;1.0;1.0;0.999985630180886;1.001389025236577;1.0007981882299468;1.0003656660121159;1.0001700258845627;0.9997009667369483;1.0;0.999785943916148;1.0000292359677279;1.0000094082930122;1.0;1.0026366567203462;0.9996940722776694;0.9999984072507608;1.0;1.0027539253016344;1.024999976158142;
2016-05-16 13:45:00;0.9999999999999999;0.9998937302067442;1.0;0.999993253543183;0.9997182804795945;0.9999890619809411;1.0028105621805101;0.9999790418093724;0.9998005031979804;0.9999999999999999;0.9999990823771757;1.0026679306418604;1.002689082106201;0.9999645218195997;0.9999691374751443;1.0;0.9999976007523019;0.9997174842705833;1.0009266206336649;0.9999553968126934;0.99999760606243;1.0;0.9999981756181857;1.0028021025826839;1.002814228244442;1.0;1.0;0.9999867984960428;1.0012461288407142;1.0006706962525294;1.0002735513077745;1.0001180852279112;0.9997272144799313;1.0;0.9997747762155246;0.9999943927571516;0.9999893299943434;1.0;1.002554917680967;0.9997208569829776;0.9999981913260264;0.9999999999999999;1.0026721322297347;1.024999976158142;
2016-05-16 14:00:00;1.0;0.9998872957382389;1.0;0.9999919036806917;0.9997123967820664;0.9999880265859583;1.0027264064619987;0.9999780193333458;0.9997959412877816;1.0;0.9999975139707011;1.0025790627114957;1.0026015374718162;0.9999623879358456;0.9999672896005681;1.0;0.9999970871155772;0.9997121228008787;1.0008995286956879;0.9999543785962461;0.9999990916362377;1.0;0.9999978336303701;1.0027172992417241;1.0027304004795818;1.0;1.0;0.9999858104336105;1.0012405900538202;1.0006881370376683;1.0002904633136898;1.000128159777014;0.9997202223110464;1.0;0.9997938608214243;1.0000011881418907;0.9999926650838719;0.9999999999999999;1.0024783963399724;0.9997139428877272;0.9999993100542685;1.0;1.0025835477060139;1.024999976158142;
2016-05-16 14:15:00;0.9999999999999999;0.9999168530355147;0.9999999999999999;0.9999912619719611;0.9997460090280362;0.9999863431391804;1.0027147312298288;0.9999771535592278;0.9998161511475023;0.9999999999999999;0.9999981503078509;1.002596011880526;1.0026147293152916;0.9999673012479805;0.9999758337526481;1.0;0.9999972111449469;0.9997456446794413;1.0008955841736455;0.9999588982132677;0.9999988489009635;0.9999999999999999;0.9999979187262982;1.0027074757468228;1.0027179293655937;1.0;1.0;0.9999859640061204;1.0012557862295302;1.000709470993997;1.000305241020668;1.000135794935258;0.9997556229273242;1.0;0.9998035274095628;1.0000046015534052;0.9999946191486038;1.0;1.0024680487928816;0.9997499139045662;0.9999991277022818;1.0;1.0026004834044173;1.024999976158142;
2016-05-16 14:30:00;0.9999999999999999;0.9999140311574435;1.0;0.9999893961376297;0.9996997745585519;0.999982299020961;1.0026667859651632;0.9999709993108234;0.9997802032120691;1.0;0.9999990824360998;1.0025417331460755;1.002561244093789;0.999962320410821;0.9999750324308996;1.0;0.999996915664285;0.9996991467474908;1.0008797099863058;0.9999508586019751;0.9999980758489896;1.0;0.9999976824490432;1.002659405041026;1.002669983424981;1.0;1.0;0.9999827973091799;1.0012872505797172;1.0007252834208462;1.0003379125539684;1.0001525704225434;0.9997132978349946;1.0;0.9997781804655098;1.0000109017265006;0.9999977451992847;1.0;1.0024245556435791;0.9997063974553402;0.9999985432922516;1.0;1.0025464479887516;1.024999976158142;
2016-05-16 14:45:00;1.0;0.9999003014069732;1.0;0.9999904784288504;0.9996753344568534;0.9999838885900215;1.0027298876837343;0.9999720978337592;0.9997665465726927;0.9999999999999999;0.9999994775913621;1.002584111627335;1.0026051301909984;0.9999606383614507;0.9999710593155638;1.0;0.999996900054091;0.9996736591046658;1.000899563056565;0.9999477985352008;0.9999950764824349;1.0;0.9999975974644422;1.002721312842172;1.00273374209615;1.0;1.0;0.9999832560820645;1.0013927449387476;1.000828189430135;1.0004095467999008;1.0001951902675832;0.9996900887303973;1.0;0.999797067270957;1.000044322011913;1.000016858858927;1.0;1.0024820162617818;0.9996823474452916;0.9999962819161827;1.0;1.0025887011421362;1.024999976158142;
2016-05-16 15:00:00;1.0;0.9999536256856684;1.0;0.9999945533308267;0.9998406166468531;0.9999919376766514;1.0025979399286806;0.9999866984695226;0.9998870400405396;1.0;0.9999982942754758;1.0025045362430833;1.002518744392298;0.9999813485709794;0.9999865234732982;1.0;0.9999977972163306;0.9998389286911216;1.0008556163961297;0.9999747620050196;0.9999951730068092;1.0;0.9999982579229237;1.0025921283683243;1.0026008265259092;0.9999999999999999;1.0;0.999991865833118;1.001265206504994;1.0007170427197842;1.0003382001628804;1.0001537944252012;0.9998492820736328;1.0;0.999785133458594;1.0000151650868367;1.0000004307594412;1.0;1.0023624642569626;0.9998451759196924;0.999996356924441;1.0;1.0025090962909873;1.024999976158142;
2016-05-16 15:15:00;1.0;0.9999907624326314;1.0;0.9999952183843523;0.9999314028146125;0.9999943417446089;1.0025419141541345;0.9999928608426962;0.9999517949830277;1.0;0.9999967974099857;1.0024821341563426;1.0024919084653465;0.999992698970436;0.9999973184993206;1.0;0.9999977822229364;0.9999295232205849;1.0008366816924816;0.9999892378781916;0.9999946702583254;1.0;0.9999982334515841;1.0025376773893802;1.0025443824746154;0.9999999999999999;1.0;0.999995512896776;1.0012693636130505;1.0007383696762198;1.0003561911289673;1.0001644342924578;0.9999381714149901;1.0;0.9998029590451062;1.000024247452883;1.0000052886125523;0.9999999999999999;1.002311909271729;0.9999359462467327;0.9999959790808183;0.9999999999999999;1.0024868487187315;1.024999976158142;
2016-05-16 15:30:00;1.0;0.9999902555175092;1.0;0.9999969732481789;0.9999476642476591;0.9999965106509114;1.0023880176016162;0.9999953803989733;0.9999639873558;1.0;0.9999978646396255;1.0023328983977937;1.002342325215982;0.9999945831590856;0.9999971753839141;1.0;0.9999984821044346;0.9999461875355296;1.0007864108686824;0.9999919616960842;0.9999958187169797;1.0;0.9999987775926495;1.0023843572568216;1.0023900462352144;1.0;1.0;0.9999970437210439;1.0011648823661656;1.0006593472726055;1.0003057057730909;1.0001316895409331;0.9999524576821762;1.0;0.9998042155049365;0.9999910471375721;0.9999869205748232;1.0;1.0021718703851936;0.9999507658878614;0.9999968446698597;1.0;1.002337388368145;1.024999976158142;
2016-05-16 15:45:00;1.0;0.9999949527868045;1.0;0.9999968471886629;0.9999424282407259;0.9999955096760292;1.0024199743858735;0.9999938550498975;0.9999586972347345;1.0;0.9999987805806316;1.0023718688827892;1.00238011943237;0.999994429186472;0.9999985369959066;1.0;0.9999986554779686;0.9999409208600378;1.000796799127461;0.9999907808639046;0.9999957333748207;0.9999999999999999;0.9999989032383512;1.0024169532504237;1.0024216482342396;1.0;1.0;0.9999964898483255;1.001162876875551;1.0006437627061304;1.0002847517474698;1.0001086251617828;0.9999484463583413;1.0;0.9997966327137076;0.9999497767856244;0.9999641601078506;1.0;1.0022008494746233;0.999946583232701;0.9999967800863803;1.0;1.0023760401312956;1.024999976158142;
2016-05-16 16:00:00;1.0;0.9999924230303141;1.0;0.9999956492828922;0.9999233988448063;0.9999944452008582;1.0024676822296108;0.9999926609761782;0.9999467240404614;1.0;0.9999975688367669;1.0024101961415626;1.0024183262788544;0.9999929651249961;0.9999978053055835;1.0;0.9999978716480314;0.9999208329145444;1.000811722044078;0.9999881051449955;0.9999927230411161;1.0;0.9999982512395862;1.0024636952762362;1.0024701084809606;1.0;0.9999999999999999;0.9999956190354415;1.0012150203213634;1.0006845744753599;1.0003169983297109;1.0001294914549812;0.9999319376057252;0.9999999999999999;0.9997925848955077;0.9999697221807355;0.9999758669974567;1.0;1.0022445388457886;0.9999292793150993;0.9999945106800332;0.9999999999999999;1.0024141262395085;1.024999976158142;
2016-05-16 16:15:00;1.0;0.9999933648528503;1.0;0.9999953723757424;0.9999173061440526;0.9999933030363488;1.0024182461012408;0.9999908577906791;0.9999402644955957;1.0;0.9999983409063651;1.002364930413646;1.002373173921483;0.9999918678890606;0.9999980692081246;1.0;0.9999980998186986;0.9999152458298495;1.0007959504614974;0.9999866618206303;0.9999941517680605;0.9999999999999999;0.9999984548811224;1.002414754965222;1.0024202768838322;1.0;0.9999999999999999;0.9999947942277823;1.0011550954802217;1.000625661707134;1.0002822006717476;1.0001115570961827;0.9999259271347353;1.0;0.9997768905837866;0.9999615020038357;0.9999709961966579;1.0;1.0021994885789092;0.999923278938174;0.9999955885990515;1.0;1.002368985834001;1.024999976158142;
2016-05-16 16:30:00;1.0;0.9999850548045291;1.0;0.9999938011899616;0.9999062300073676;0.9999920560796159;1.0024244753718012;0.9999895133244886;0.9999322277054341;1.0;0.9999965674187933;1.0023650238871855;1.0023745072836858;0.9999891151057939;0.9999956576439701;0.9999999999999999;0.9999974604125034;0.9999045924947508;1.0007984818007547;0.9999848660611029;0.9999953485182401;1.0;0.9999980132116058;1.0024201801830228;1.0024269415760276;1.0;1.0;0.9999935659275434;1.0011855401619698;1.000669707443366;1.0003073339518003;1.0001269163290398;0.9999140158233504;1.0;0.9998011011320949;0.9999742594308346;0.9999780253667576;1.0;1.002205093010021;0.9999112987850451;0.999996490206143;0.9999999999999999;1.0023691815478568;1.024999976158142;
2016-05-16 16:45:00;1.0;0.9999762400147396;1.0;0.9999955720696095;0.9998881695446388;0.9999933092985089;1.002517556587649;0.9999896905896332;0.9999201996629922;1.0;0.9999987581467669;1.0024477494991042;1.0024586168331755;0.9999878495155168;0.9999930965602835;1.0;0.9999982053300482;0.9998863804024927;1.0008289049206158;0.9999821766903267;0.9999949113908883;1.0;0.9999985516633987;1.0025132386141145;1.0025198130146484;1.0;1.0;0.9999939540174299;1.0012405135869826;1.0007025527208784;1.0003259771099422;1.0001350759217562;0.9998963395951156;1.0;0.9997922870871961;0.99997473299921;0.9999780341735899;1.0;1.0022895361539714;0.9998931946476349;0.9999961601896614;1.0;1.0024520524128961;1.024999976158142;
2016-05-16 17:00:00;1.0;0.9999736333290384;1.0;0.9999870633976399;0.9998174538746841;0.9999822905950101;1.0025651591044888;0.999976562490751;0.9998635115165029;1.0;0.999994198548905;1.0024947070323298;1.002505317816942;0.9999770806282963;0.9999923621086976;1.0;0.9999954568905187;0.9998157675216005;1.0008452264711813;0.9999694992219621;0.9999951467422217;0.9999999999999999;0.9999965329463945;1.0025595655862292;1.0025684275239837;1.0;1.0;0.9999859045829324;1.001282842164969;1.0007349357088744;1.0003446796194355;1.0001423953060589;0.9998312839045315;1.0;0.9997922424695507;0.9999711660460752;0.9999765835946633;1.0;1.0023331195885214;0.9998264672701503;0.9999963373449328;1.0;1.0024986934472029;1.024999976158142;
2016-05-16 17:15:00;1.0;0.999972547978176;1.0;0.9999936640764747;0.9998634653362269;0.9999908558043565;1.0024809594554767;0.9999865373641524;0.9999018902814624;1.0;0.9999977104847413;1.0024046876668893;1.0024161122154327;0.9999847367492561;0.9999920536889424;0.9999999999999999;0.9999974835792921;0.999861395961745;1.0008167231407152;0.999978086315772;0.9999941052511815;0.9999999999999999;0.9999980000004464;1.0024759625191944;1.0024836681202283;0.9999999999999999;0.9999999999999999;0.9999920191820713;1.0011968039375183;1.000650654063087;1.0002968830608554;1.0001170068349226;0.9998735541618045;1.0;0.9997696538798192;0.999958518102051;0.9999687679398257;1.0;1.0022564070515154;0.9998697430998794;0.9999955536100518;1.0;1.0024090463764193;1.024999976158142;
2016-05-16 17:30:00;1.0;0.999976741730914;0.9999999999999999;0.999993575883687;0.999874448211976;0.9999907459120726;1.0025711153766417;0.9999867146157801;0.9999087640967487;1.0;0.99999765469443;1.002504603286756;1.0025148222933487;0.9999856206727844;0.999993259182467;1.0;0.9999975728791313;0.9998727494596841;1.0008466171029928;0.9999796222967307;0.9999951646349342;1.0;0.9999980918145189;1.0025666823178496;1.0025735252055452;1.0;1.0;0.9999921466539435;1.0012609787172673;1.0007005567771585;1.00032700584952;1.0001344328951165;0.9998837903093045;1.0;0.999771525697493;0.9999719437868364;0.9999770231033489;0.9999999999999999;1.0023382064244468;0.9998803385980295;0.9999963507526846;1.0;1.0025085897409818;1.024999976158142;
2016-05-16 17:45:00;1.0;0.9999787694195935;0.9999999999999999;0.9999930462032853;0.9998686467644353;0.9999898770918009;1.0026207244164218;0.9999856557546212;0.999904211129833;1.0;0.9999975927029174;1.00255558383221;1.0025652372253089;0.9999851895191907;0.9999938281673723;1.0;0.9999973983050385;0.9998667151728136;1.000862789908675;0.9999786014975497;0.9999944967358102;0.9999999999999999;0.9999979468055065;1.002616329645088;1.002623175670045;0.9999999999999999;1.0;0.9999915945274271;1.0012873244488998;1.0007322468836566;1.0003306964392173;1.0001297248762908;0.9998790883994778;1.0;0.999795058612049;0.9999529463647114;0.999966594806382;1.0;1.002383372044084;0.999875401034624;0.9999958463807884;0.9999999999999999;1.002559396459687;1.024999976158142;
2016-05-16 18:00:00;1.0;0.999977972593473;0.9999999999999999;0.99999010111783;0.9998805256235145;0.9999885483682834;1.00259263475314;0.9999858752736839;0.9999138268378427;1.0;0.9999930791426421;1.002523980362087;1.0025342104724952;0.999984687320523;0.9999936056920754;1.0;0.9999958618844343;0.9998786552966404;1.0008538753684981;0.999980748638403;0.9999946656156571;1.0;0.9999968185750635;1.002586837667013;1.0025961529253598;1.0;0.9999999999999999;0.999990782080709;1.001186163989266;1.0006364667132348;1.0002577013519336;1.000089540057519;0.9998897333179827;1.0;0.99978378497933;0.9999282772433543;0.9999521768805333;1.0;1.0023581525635397;0.9998863625008237;0.9999959741159878;1.0;1.0025280558267715;1.024999976158142;
2016-05-16 18:15:00;1.0;0.9999752990887338;1.0;0.9999823969225251;0.9998673071775664;0.9999823508408381;1.002682806749903;0.9999811405252119;0.9999043044735965;1.0;0.9999844935780373;1.0026209188277375;1.002628196376523;0.9999796665993987;0.9999928294047158;1.0;0.9999923884496531;0.999865243810681;1.0008837732350724;0.9999786145297745;0.9999940938562059;1.0;0.9999942446629682;1.002674978670638;1.0026881652976976;1.0;1.0;0.9999864503562872;1.0012956626271938;1.0007255754865283;1.0003239614952504;1.0001285331457541;0.9998774761738871;0.9999999999999999;0.9997816429510512;0.999957724590653;0.9999720465058379;1.0;1.0024404349640745;0.999873739855815;0.9999955414207333;1.0;1.0026231902160885;1.024999976158142;
2016-05-16 18:30:00;1.0;0.9999805749412214;1.0;0.999986859779034;0.9998770873749936;0.9999861381862419;1.0025947047573351;0.9999843876286408;0.9999122197645817;1.0;0.9999892283238941;1.0025344350293166;1.0025412850113402;0.9999836472272786;0.9999943563949721;0.9999999999999999;0.9999942107207204;0.9998745215635727;1.0008540307498892;0.9999803899552977;0.9999926888837445;1.0;0.9999955526939198;1.002588219584299;1.0025990891623917;1.0;0.9999999999999999;0.9999892944662031;1.0013070823160424;1.000755842634634;1.0003537297663496;1.0001443363096936;0.9998878148345359;1.0;0.9997978611577502;0.9999654687797286;0.9999761880907656;1.0;1.0023602393350828;0.9998841138254441;0.99999448400715;1.0;1.0025368378218336;1.024999976158142;
2016-05-16 18:45:00;1.0;0.9999758786436067;1.0;0.9999842331518415;0.9998801393815815;0.999984583430278;1.0025903568736023;0.9999836937324191;0.9999146656848966;1.0;0.9999856486526847;1.002527734720461;1.0025352299571226;0.9999818015426806;0.9999929915366785;1.0;0.9999930136429477;0.9998780194199726;1.0008532928703135;0.9999809314708713;0.9999939344889537;1.0;0.9999947015387526;1.0025828019714993;1.002595485385789;1.0;1.0;0.9999880703126968;1.0013109846337598;1.0007600931540053;1.000357391155913;1.000146131483256;0.9998893428528959;1.0;0.9997979809468185;0.999965432676307;0.9999761200796822;1.0;1.0023564003827419;0.9998858963187085;0.9999954239989246;0.9999999999999999;1.002530164380976;1.024999976158142;
2016-05-16 19:00:00;1.0;0.9999808619190395;0.9999999999999999;0.9999892522030265;0.9998918537914427;0.9999884507336882;1.002642647124434;0.9999866459201162;0.9999226021367733;1.0;0.9999914379730184;1.002588089237699;1.002594821343111;0.9999856158962847;0.9999944489026251;1.0;0.9999953294581617;0.999889853254345;1.0008701261448856;0.999982710265422;0.9999942982961564;1.0;0.9999964169798794;1.0026371293940657;1.002646269475133;1.0;0.9999999999999999;0.9999909224457313;1.001264494340092;1.0006892784914927;1.0003029992694077;1.0001115533996399;0.9999006759877956;1.0;0.9997675701803931;0.9999349101684275;0.999958988948953;1.0;1.0024034984853079;0.9998975183396179;0.9999956978843961;1.0;1.0025904495072337;1.024999976158142;
2016-05-16 19:15:00;1.0;0.9999621485338664;0.9999999999999999;0.9999905328298679;0.9998377504225672;0.9999877673084723;1.0027158328717958;0.9999830325010606;0.9998828614415259;1.0;0.9999949037218454;1.0026437006756108;1.0026532775065766;0.9999798340958529;0.9999890116817923;1.0;0.9999962672578574;0.9998359828401242;1.000894333507636;0.9999738284380163;0.9999949390358728;1.0;0.9999971245806133;1.002710243151795;1.0027190365400882;1.0;0.9999999999999999;0.9999893577843848;1.001326375636259;1.000742657424954;1.0003371694483643;1.0001327995985485;0.9998480927608866;1.0;0.999773606431217;0.9999540752544593;0.9999693651697402;1.0;1.0024696219918794;0.9998438300931645;0.9999961810328507;1.0;1.0026463179856524;1.024999976158142;
2016-05-16 19:30:00;1.0;0.9999087614951963;1.0;0.9999880013376116;0.9997164377554663;0.99998391720623;1.002845724209985;0.9999750162390185;0.9997979575717515;0.9999999999999999;0.9999943335034186;1.002720881580434;1.0027371423525941;0.9999637433614964;0.9999734826528731;1.0;0.9999953467403725;0.9997146520431256;1.0009376502690974;0.9999548165273071;0.9999947635100521;0.9999999999999999;0.9999964447296373;1.0028368718575027;1.002850303751923;1.0;1.0;0.9999838918525493;1.0013679909342421;1.0007650487675603;1.0003382137019299;1.000132471237641;0.9997290477180837;1.0;0.9997704753643973;0.9999507283761283;0.9999675727945266;1.0;1.0025874058105546;0.999722208190529;0.9999960463827614;1.0;1.0027234430939636;1.024999976158142;
2016-05-16 19:45:00;1.0;0.9999766731406274;1.0;0.9999846259753988;0.999890982054098;0.9999843478256363;1.0025733349269894;0.9999831167090861;0.9999193326663014;1.0;0.9999867259542872;1.0025238734030983;1.0025311933551913;0.9999816036727031;0.9999932238376519;1.0;0.9999937047011715;0.9998903557148554;1.000848966255516;0.9999819742810657;0.9999981733832595;1.0;0.9999953156742737;1.0025669458631947;1.0025775532054686;1.0;1.0;0.9999879153057305;1.001306567756817;1.0007713979915605;1.0003575529319821;1.0001443973010407;0.9998976027123888;1.0;0.9998187850361041;0.9999599032242988;0.9999730662929222;1.0;1.0023404851325095;0.9998949061593608;0.99999862053354;1.0;1.0025262626244549;1.024999976158142;
2016-05-16 20:00:00;1.0;0.9999845504938755;0.9999999999999999;0.9999931111946889;0.9998981849647766;0.9999899484386386;1.0025235186862511;0.9999862838621014;0.9999222189181286;1.0;0.99999761960739;1.0024874291882702;1.0024938793520377;0.9999866981230459;0.9999955047791206;0.9999999999999999;0.9999978761924695;0.9998979415749535;1.000832107590973;0.9999826301340373;0.999999295002075;1.0;0.9999984174469778;1.002520879692722;1.0025249021945213;1.0;0.9999999999999999;0.9999919637533742;1.0012182777408856;1.0006666849380452;1.0002984234413153;1.0001119102357676;0.999904946470685;1.0;0.9997753780858655;0.9999417150615376;0.9999626600009514;0.9999999999999999;1.002294418279633;0.9999024961980125;0.9999994669489619;1.0;1.0024898878530404;1.024999976158142;
2016-05-16 20:15:00;1.0;0.9999771063067129;1.0;0.9999952452200622;0.9999059423357772;0.9999930747317153;1.0024821311400074;0.9999897837570912;0.9999306015982339;1.0;0.9999983457772619;1.0024392665186457;1.002446339597259;0.9999880030642395;0.999993351126647;1.0;0.9999984142580767;0.9999055779288962;1.0008183015850962;0.9999845032304866;0.9999989559445642;1.0;0.9999988055743132;1.0024792693789482;1.0024835465737496;1.0;1.0;0.9999938740810554;1.0012123941022222;1.0006690557648645;1.0003019256791892;1.0001120526005576;0.9999110081868341;1.0;0.9997814815318629;0.999937212816;0.9999604254599729;0.9999999999999999;1.0022566837579414;0.9999087615315909;0.999999211449024;1.0;1.002441551056097;1.024999976158142;
2016-05-16 20:30:00;1.0;0.9999519584069029;1.0;0.9999937726163586;0.9998302184583779;0.9999900635236829;1.0026237516885903;0.9999838637833859;0.999876434565931;1.0;0.9999988776269932;1.0025531456884669;1.0025635412259895;0.999979000391897;0.9999860626966406;1.0;0.9999979853441604;0.9998295308398456;1.0008647584376846;0.9999723955977662;0.9999980108300751;0.9999999999999999;0.9999984667473601;1.002619380215391;1.0026257801957164;1.0;0.9999999999999999;0.999990407040052;1.0013318380714649;1.0007798846258447;1.0003669021621542;1.0001512434781188;0.9998383523999674;1.0;0.9998052655634542;0.9999695529815238;0.9999785735009756;1.0;1.0023852736890082;0.9998343369180408;0.9999984977590012;1.0;1.0025555058757385;1.024999976158142;
2016-05-16 20:45:00;1.0;0.999930649024914;1.0;0.9999917280113123;0.9997768469069197;0.9999873034647819;1.0026131917563836;0.9999793168572925;0.9998381727407345;1.0;0.9999979526079699;1.0025225264885778;1.0025355843918773;0.9999714956989407;0.9999798553642092;1.0;0.9999972899127524;0.9997763002617043;1.0008618240506213;0.999963829510086;0.9999983624071991;1.0;0.9999979640106591;1.0026073980301506;1.0026158658114286;1.0;1.0;0.9999873622463447;1.001315162963395;1.0007582661722627;1.000354857159945;1.0001439223239301;0.9997861448567257;1.0;0.9997933315577401;0.9999621952394407;0.9999744619986497;1.0;1.0023756306517881;0.9997810274275039;0.9999987612734309;1.0;1.0025248597198475;1.024999976158142;
2016-05-16 21:00:00;1.0;0.9999501506871386;1.0;0.9999931070824095;0.9998308070781856;0.9999896919060918;1.002575343181557;0.999983707382764;0.9998769334427962;1.0;0.9999979443359819;1.002503990256791;1.0025146117400023;0.9999784363631051;0.9999855443148352;1.0;0.9999976864713103;0.9998302818769836;1.000849100648432;0.9999725050043445;0.9999984645979314;1.0;0.9999982578327189;1.002570687705452;1.0025775578479896;1.0;1.0;0.9999900900874656;1.001284173108892;1.0007386210849587;1.0003415721361169;1.000138202138153;0.9998384210787699;1.0;0.9997993571406977;0.9999632143622126;0.9999749901181717;1.0;1.0023413094541493;0.9998344858159159;0.9999988403924958;1.0;1.0025063503283416;1.024999976158142;
2016-05-16 21:15:00;1.0;0.999965257657077;1.0;0.9999936272346972;0.9998616204471809;0.9999904651387861;1.002579895148729;0.9999855904337387;0.9998984963658446;1.0;0.999998101236218;1.0025214340632786;1.0025303795354896;0.9999826460303577;0.9999899054884238;1.0;0.999997880202136;0.9998609618889052;1.0008504518398003;0.9999773229119947;0.999998098804363;1.0;0.9999983912849822;1.0025760402444281;1.0025817994085504;1.0;1.0;0.999991373750179;1.0012945884679791;1.0007445409231372;1.0003510080110736;1.000146082833134;0.9998690610989224;1.0;0.9997933621874945;0.9999746214697146;0.9999812148628147;1.0;1.0023456200078242;0.9998657202167243;0.9999985634118577;1.0;1.002523919679402;1.024999976158142;
2016-05-16 21:30:00;1.0;0.9999461819805315;1.0;0.9999924146902934;0.9998081411226439;0.999988182342992;1.0025935592930777;0.9999812281965418;0.9998598834068958;1.0;0.9999983051387336;1.0025174345238637;1.0025285692167385;0.9999758765174876;0.9999843698612665;1.0;0.9999975639071105;0.999807504096537;1.0008550954721516;0.9999686921651938;0.9999981361729482;1.0;0.9999981596434159;1.0025887123242219;1.0025958330552378;1.0;0.9999999999999999;0.9999887574844876;1.0013015414919386;1.0007481216004384;1.0003542564832788;1.0001491086390835;0.9998172353892779;1.0;0.999790303509968;0.9999791188084793;0.9999839810524787;1.0;1.0023578762985519;0.9998127399582877;0.9999985918345472;1.0;1.002519794627065;1.024999976158142;
2016-05-16 21:45:00;1.0;0.9999312268293963;1.0;0.9999917896365189;0.9997788909388652;0.999987401415335;1.0026401289631566;0.9999794865700375;0.9998396318028546;1.0;0.9999979647310323;1.0025501949148796;1.002563179507541;0.9999717279460163;0.9999800239961888;1.0;0.9999973156881555;0.9997783642014985;1.000870691896302;0.9999641553192216;0.999998419235865;1.0;0.9999979844056284;1.0026343829724942;1.0026427782418676;1.0;1.0;0.9999874607334522;1.0013282189162975;1.000761354117848;1.0003674615177407;1.0001603492536664;0.9997880780759232;0.9999999999999999;0.9997786872029568;0.9999953447206842;0.9999932009190008;1.0;1.002400106169022;0.9997830126835204;0.9999988039501074;1.0;1.0025525282105436;1.024999976158142;
2016-05-16 22:00:00;1.0;0.9999711080089589;1.0;0.9999938589645284;0.9998801868236534;0.9999909534711101;1.0024898066677879;0.9999866890433848;0.9999111813451474;1.0;0.9999979910576317;1.0024390982916427;1.0024474589465906;0.9999845451716683;0.9999916141670676;1.0;0.9999980214665553;0.999879862243754;1.0008210556143475;0.9999801612465385;0.9999990566870093;1.0;0.999998518834921;1.0024864070386654;1.0024914697915204;1.0;0.9999999999999999;0.9999920352454702;1.001240834583517;1.0007052011796047;1.0003318573747892;1.0001374284053515;0.9998865248894927;0.9999999999999999;0.9997917128584342;0.9999736039856457;0.9999804801652742;1.0;1.0022637144831725;0.9998837056765223;0.9999992866856852;1.0;1.0024416726461733;1.024999976158142;
2016-05-16 22:15:00;0.9999999999999999;0.9999791324849101;1.0;0.9999951540315113;0.9999021389433091;0.9999924173257804;1.0024562683541012;0.9999887545797668;0.9999268539534648;1.0;0.9999989368113924;1.002415095046745;1.0024221809623644;0.999987663408591;0.9999939266857863;1.0;0.9999985478430109;0.9999018557340409;1.000809986445511;0.9999836626524697;0.9999991776411727;1.0;0.9999989097350848;1.0024536797226746;1.0024574890288453;0.9999999999999999;1.0;0.9999934544007442;1.0012397695357327;1.0007191580125487;1.0003504952979279;1.0001586421013389;0.9999077659468273;1.0;0.9998013208448618;1.0000127061944086;1.0000028424555476;1.0;1.0022332143931856;0.999905434734022;0.9999993787205796;1.0;1.0024175244342737;1.024999976158142;
2016-05-16 22:30:00;1.0;0.9999813694435746;1.0;0.9999924005967861;0.9998951286553376;0.9999899404673349;1.0024072115127287;0.9999867027894255;0.9999217305318387;1.0;0.9999961697674301;1.002363468222174;1.0023704552591999;0.9999862666773275;0.9999945886960382;1.0;0.9999972951655158;0.9998944318487437;1.0007936791163519;0.9999825177783832;0.9999980006876704;1.0;0.9999979573697332;1.0024037046424674;1.002409206070392;0.9999999999999999;1.0;0.999991861800441;1.0012045291176142;1.000694886568828;1.000339484882365;1.000157778590906;0.9999022077101622;1.0;0.9998013514556748;1.000024225902795;1.00000916716328;1.0;1.0021889674149131;0.9998995541019008;0.9999984912069593;1.0;1.00236600195895;1.024999976158142;
2016-05-16 22:45:00;1.0;0.9999679979627502;1.0;0.9999927886865123;0.9998523613381158;0.9999891836671455;1.0024550378545982;0.9999840349338991;0.9998913729112838;1.0;0.9999978751337586;1.0023968280685416;1.0024052639032657;0.9999820083096629;0.9999907236111495;1.0;0.9999975664200884;0.9998513106742606;1.0008091080622588;0.9999757342659795;0.9999969863402006;1.0;0.999998132497068;1.0024511051329597;1.002457083058161;1.0;1.0;0.9999905723960817;1.0012391146967048;1.000720465209653;1.0003544465192802;1.0001651646550314;0.9998615030201845;1.0;0.9998007805142999;1.0000266603262051;1.000010777551103;1.0;1.0022323087227547;0.9998577897987171;0.9999977255366723;1.0;1.0023992305312537;1.024999976158142;
2016-05-16 23:00:00;1.0;0.9999825259423646;1.0;0.9999902720718685;0.9998608001388855;0.9999858950592668;1.002441817926493;0.9999810400174933;0.9998939337533058;1.0;0.9999965479882799;1.0024000409663254;1.0024065648552316;0.9999823139133478;0.9999949227003653;0.9999999999999999;0.9999969005087921;0.9998600313065024;1.0008051253263897;0.9999763048178809;0.9999977835757711;0.9999999999999999;0.9999976614119249;1.002438514022857;1.0024437029488191;1.0;0.9999999999999999;0.9999889124370396;1.0012625671394655;1.0007513992700345;1.0003772247846607;1.0001784563488825;0.9998711422114605;1.0;0.999812472196997;1.000036237722727;1.0000162672545045;1.0;1.002220455339829;0.9998676196854498;0.9999983261494088;1.0;1.0024024007931613;1.024999976158142;
2016-05-16 23:15:00;0.9999999999999999;0.9999800699768876;1.0;0.9999932314498005;0.9998796277213239;0.9999893043847803;1.0024087917200486;0.9999846709370054;0.9999084036212753;1.0;0.9999986342623284;1.002367153027896;1.002374482758985;0.9999847791000133;0.999994206839853;1.0;0.9999980777474724;0.9998793644294233;1.0007945191085768;0.9999795404597792;0.9999992279247805;0.9999999999999999;0.9999985646206594;1.0024061076060509;1.00241008104827;1.0;1.0;0.9999912224243621;1.0011849586092794;1.0006794645860548;1.0003240445823554;1.0001490166392542;0.9998873437761998;0.9999999999999999;0.999804934195957;1.0000183865438672;1.000005694480516;1.0;1.0021901594966454;0.9998844645703285;0.9999994162672123;1.0;1.0023697831599219;1.024999976158142;
2016-05-16 23:30:00;1.0;0.9999734961507744;1.0;0.9999914814575167;0.9998573444871408;0.9999874919395224;1.0024118371688782;0.9999824412403392;0.9998928081310814;1.0;0.99999717070314;1.0023636573700974;1.0023711437250615;0.9999817272281065;0.9999922914261291;1.0;0.9999972944092057;0.9998567794553098;1.000795459247432;0.9999760509248308;0.999998353086981;1.0;0.9999979660495285;1.0024083313308736;1.0024136881027406;1.0;1.0;0.9999896233510066;1.0011898891896498;1.000678246651496;1.0003273498873553;1.0001516682386258;0.9998663363631813;1.0;0.9997963150684921;1.000021620431781;1.0000081879984886;1.0;1.002193038311864;0.9998628612501647;0.9999987567309933;0.9999999999999999;1.0023659148555766;1.024999976158142;
2016-05-16 23:45:00;1.0;0.9999666282725055;1.0;0.9999911960278989;0.9998557817181563;0.9999879690553363;1.0023808228958142;0.9999832157603474;0.9998930446624229;1.0;0.9999960188816237;1.00232498435722;1.0023335989606053;0.9999809071191601;0.9999903129289748;0.9999999999999999;0.9999969762522161;0.9998552764099513;1.0007853401161981;0.9999761054380543;0.9999985268271614;1.0;0.9999977357171057;1.0023765680045609;1.0023830935370683;0.9999999999999999;1.0;0.9999897026953979;1.0012092418858265;1.0007180282666674;1.0003503107479625;1.0001634312074084;0.9998637645324995;0.9999999999999999;0.9998248555289672;1.0000263126058928;1.000010581012594;1.0;1.0021648531609701;0.9998603233461335;0.9999988872896692;1.0;1.0023273866477427;1.024999976158142;
2016-05-17 00:00:00;1.0;0.9999797060495066;0.9999999999999999;0.9999932858521351;0.9998617439342969;0.9999898765489966;1.0024306214574317;0.9999854081175304;0.9998997467424026;1.0;0.9999980872386331;1.0023745937724735;1.0023811583290925;0.9999852621630817;0.9999941115782276;1.0;0.999997424335458;0.9998592976121763;1.0007998319030087;0.9999776062124728;0.9999930399842929;1.0;0.9999979298973737;1.0024267662961799;1.0024329095008646;1.0;1.0;0.9999916109983126;1.0012381487764237;1.000733184221543;1.000360491424312;1.0001687343226722;0.9998735410134671;0.9999999999999999;0.9998168209314574;1.0000292127028312;1.0000126035704369;1.0;1.0022105500971858;0.9998695108133208;0.9999947479396176;1.0;1.002376781760139;1.024999976158142;
2016-05-17 00:15:00;1.0;0.9999774674188612;1.0;0.9999935382025393;0.9998639870367956;0.999990638494461;1.0023979267483507;0.9999864805818306;0.9999026172065483;1.0;0.9999977186730651;1.0023369473774129;1.0023440623873816;0.9999855940610717;0.9999934560746689;1.0;0.9999973448891836;0.9998613445174623;1.000788997870848;0.9999782452675358;0.9999924888463144;1.0;0.9999978575770344;1.002393675688334;1.0024004576283327;1.0;1.0;0.9999920725752766;1.0012581142701837;1.0007632871934973;1.000385106841401;1.000183169967396;0.999875471050918;1.0;0.9998288280906373;1.0000395904451205;1.000018209989532;1.0;1.0021809362477068;0.9998714461543978;0.9999943293887917;1.0;1.0023392801767732;1.024999976158142;
2016-05-17 00:30:00;1.0;0.999979997963763;1.0;0.9999940753838187;0.999881695410656;0.9999918282517423;1.0023496441553221;0.9999884101947137;0.9999158503716835;1.0;0.999997415668458;1.002291466554364;1.002298492084451;0.9999874633575658;0.9999941845114351;1.0;0.9999974543340446;0.9998792231130847;1.0007732003955752;0.9999812040291688;0.999992963173056;1.0;0.999997950189821;1.0023454955179145;1.0023521324535523;1.0;1.0;0.9999930928361467;1.0012378955253611;1.000760460249649;1.000382469774698;1.0001827470476405;0.9998918259836701;0.9999999999999999;0.9998435350126292;1.000041737038656;1.0000191993585517;0.9999999999999999;1.0021370419396325;0.9998882700503138;0.9999946929791423;1.0;1.0022939247385234;1.024999976158142;
2016-05-17 00:45:00;1.0;0.9999803584659669;1.0;0.9999961954534714;0.999903653302854;0.999994502572249;1.0022412545604042;0.9999916011929764;0.9999322187796102;1.0;0.9999986349025449;1.0021875978814179;1.0021945754015313;0.9999900305589638;0.999994292781601;1.0;0.9999982844284249;0.9999016634819865;1.0007378536486957;0.999984863239192;0.9999943472582453;1.0;0.9999985958983797;1.002237733338317;1.0022432484352015;1.0;1.0;0.999995036981255;1.0011744419775448;1.0007188099866933;1.0003574744671806;1.0001677779739082;0.9999113513031351;1.0;0.9998508202566121;1.0000295854584118;1.0000123312221192;1.0;1.0020383232207144;0.9999084878802319;0.9999957357668083;1.0;1.0021900558108325;1.024999976158142;
2016-05-17 01:00:00;1.0;0.9999368643385479;1.0;0.999995547336102;0.9998196906336907;0.9999930586368905;1.0023299077834125;0.9999869485904563;0.9998735393201501;1.0;0.9999990442613459;1.0022385543372871;1.0022508726129131;0.999978476995757;0.9999816527063821;1.0;0.9999981454769132;0.9998182630681007;1.0007678034847507;0.9999717401135452;0.9999959007215206;1.0;0.9999985328842048;1.0023243077978992;1.0023325674561576;1.0;1.0;0.9999918442673025;1.001261589287355;1.0008000820069203;1.0004068646295552;1.0001962062012286;0.9998272561266801;1.0;0.9998669987381191;1.0000493873400065;1.0000236992519067;0.9999999999999999;1.0021184117059025;0.9998228471823561;0.9999969039987339;1.0;1.002240913783955;1.024999976158142;
2016-05-17 01:15:00;1.0;0.9999799236243819;1.0;0.9999963653022558;0.999907613448353;0.9999951919982292;1.0021790203536316;0.9999926918518246;0.999936275852301;1.0;0.9999981724914859;1.002120471840041;1.0021280055998696;0.9999907226012905;0.9999941720081876;0.9999999999999999;0.999998149775856;0.9999053310031288;1.0007171387194933;0.9999857706033769;0.9999935210042278;1.0;0.9999984761255557;1.0021750824028843;1.0021812968738453;1.0;1.0;0.9999955431091552;1.0011950889537118;1.0007721194702368;1.0003895167013344;1.0001845533708547;0.9999152409523402;1.0;0.9998928570269983;1.0000373274177825;1.0000162135505855;1.0;1.001981897229693;0.9999123820811968;0.9999951128579956;1.0;1.0021232057896015;1.024999976158142;
2016-05-17 01:30:00;1.0;0.9999747898594941;1.0;0.9999956444141895;0.9998992081112131;0.9999940813280814;1.002159783495489;0.9999910437418644;0.9999286765281267;1.0;0.9999979897469263;1.0021062211707472;1.0021134510926817;0.9999885116126442;0.9999926961239473;1.0;0.9999981306829012;0.9998977131230141;1.000711503489755;0.999984073493484;0.9999957512107167;1.0;0.9999985172680653;1.0021561137136932;1.002161805189878;1.0;1.0;0.9999945028251469;1.0012097308971244;1.000803991401943;1.000408110654534;1.0001960389451405;0.9999058381915666;1.0;0.9999163456632935;1.00004714803717;1.0000226927387543;1.0;1.001964109838246;0.9999030729265725;0.9999967946929096;1.0;1.0021084354453667;1.024999976158142;
2016-05-17 01:45:00;1.0;0.9999786976654266;1.0;0.9999959696911387;0.9998995173031656;0.9999945722858885;1.0021359357177837;0.999991793211345;0.9999303262240201;1.0;0.9999980890462675;1.002077171147464;1.0020843958794856;0.999989811594751;0.9999938059141812;1.0;0.9999980143061439;0.9998971261571347;1.000702933989712;0.9999844404084898;0.9999932033031323;1.0;0.9999983686447877;1.0021319401616005;1.0021382680362347;0.9999999999999999;1.0;0.9999950256164627;1.001227602649202;1.000839174121829;1.0004299568938393;1.0002091248439196;0.9999077875072041;1.0;0.9999400496269945;1.0000574758900374;1.0000280594543294;1.0;1.0019427560625072;0.9999047034156526;0.9999948746739558;1.0;1.0020796481985519;1.024999976158142;
2016-05-17 02:00:00;1.0;0.9999844026313117;0.9999999999999999;0.9999977744085491;0.9999261128610202;0.9999964179913807;1.0020714159642996;0.9999940654473882;0.9999482968264557;1.0;0.9999996301330257;1.0020272766500449;1.002033242953479;0.9999927229376355;0.9999954765135385;1.0;0.9999989520419457;0.9999245290220888;1.0006822095763797;0.9999884572853524;0.9999955037706528;1.0;0.9999991164741616;1.002068735332647;1.0020728719914036;1.0;1.0;0.9999966088333866;1.001195867866571;1.000822447575567;1.0004179334037757;1.0001995020246726;0.9999320013887727;1.0;0.9999497966489922;1.0000444823488488;1.0000212339047965;1.0;1.0018837875530908;0.9999297912227509;0.9999966096947241;1.0;1.002029463879585;1.024999976158142;
2016-05-17 02:15:00;1.0;0.9999978448677974;1.0;0.9999976236996562;0.9999511071528616;0.9999968990778421;1.0020467988142918;0.9999958587164;0.9999668884521914;1.0;0.9999987490278492;1.0020093045377345;1.0020138838718589;0.9999964669275219;0.9999993704781848;1.0;0.9999986505261025;0.9999488798834978;1.000673531134596;0.9999926100461047;0.9999936793652678;1.0;0.9999988491113626;1.0020442390364992;1.0020484448789482;1.0;1.0;0.9999976402406208;1.0011754096492134;1.0008080494699347;1.0004093599769788;1.000196385097771;0.999957672484868;1.0;0.9999511009821088;1.0000465132780512;1.0000220748600095;1.0;1.0018617626171613;0.999955760987316;0.9999952358260181;1.0;1.0020116634447078;1.024999976158142;
2016-05-17 02:30:00;1.0;0.9999961102078839;1.0;0.9999967962299318;0.9999541459441194;0.9999960957536904;1.002047589900768;0.9999951061550977;0.999967738755359;1.0;0.9999979844536954;1.0020142568529955;1.0020190557103876;0.9999954785062103;0.9999988677577387;1.0;0.999998501979408;0.9999526922579393;1.0006744966890027;0.9999927999182573;0.9999958795452702;1.0;0.9999987938594435;1.0020451227971912;1.0020491212156346;1.0;1.0;0.9999970152195233;1.0011811089137046;1.0008116144226236;1.0004143251521136;1.0001999763264124;0.9999592596977734;0.9999999999999999;0.9999483422231519;1.0000507240819771;1.0000244546833008;0.9999999999999999;1.0018623082507527;0.999957690409085;0.999996892507399;1.0;1.0020166157716275;1.024999976158142;
2016-05-17 02:45:00;1.0;0.9999908359497303;1.0;0.9999956542114655;0.9999434675316153;0.9999951148011371;1.0020696362347552;0.9999939963545054;0.9999602644725901;1.0;0.999996783334243;1.002030426187109;1.0020360745947627;0.999993537689567;0.99999733426125;0.9999999999999999;0.9999979951937141;0.9999420659804465;1.000681889310407;0.9999911300410704;0.9999960203054664;1.0;0.999998423956128;1.0020665088535268;1.0020715588624352;1.0;0.9999999999999999;0.9999960955646078;1.0011852996444386;1.0008096087983784;1.000411015825262;1.0001970405683875;0.9999486274442122;1.0;0.9999439199866658;1.0000462810888948;1.0000217675860321;1.0;1.001882379528511;0.9999468532560125;0.9999969996710453;0.9999999999999999;1.0020328837310497;1.024999976158142;
2016-05-17 03:00:00;1.0;0.9999948818824713;1.0;0.9999982511203653;0.9999546593651004;0.999997509107245;1.0020369431906488;0.9999963356462358;0.9999689560829482;0.9999999999999999;0.9999993263011421;1.0019992708500653;1.002004718390089;0.9999963160888952;0.9999985114852852;1.0;0.9999990359873588;0.9999530141886779;1.0006707899478906;0.9999930716810924;0.9999953366151175;1.0;0.9999991740537026;1.002034583960791;1.0020383183158907;1.0;0.9999999999999999;0.9999979291125421;1.0011767653262775;1.0008115331807343;1.0004141183236934;1.000200307336506;0.9999597649301208;1.0;0.9999520596284509;1.000052002638548;1.0000246944091666;1.0;1.0018526308113551;0.999958153315518;0.999996483293009;1.0;1.0020019000167972;1.024999976158142;
2016-05-17 03:15:00;1.0;0.9999948818824712;1.0;0.9999977765068193;0.9999550780353245;0.9999970981579965;1.002038856054287;0.9999960137128598;0.9999690008455621;1.0;0.9999988294824927;1.002000731735837;1.0020064719916104;0.9999960188636396;0.9999985114852851;1.0;0.9999988608441364;0.9999535447067637;1.0006715436999396;0.9999930816909031;0.9999956515843608;1.0;0.9999990527969332;1.0020363536287853;1.0020403216689548;1.0;1.0;0.9999976522179365;1.001184548559657;1.0008213119421647;1.000417436774426;1.0001995139584647;0.999960014406669;0.9999999999999999;0.9999580561688999;1.0000451845875011;1.0000205546932546;1.0;1.001854390862597;0.9999584500167007;0.999996721358578;1.0;1.0020035213165164;1.024999976158142;
2016-05-17 03:30:00;1.0;0.9999948818824713;1.0;0.9999968100552128;0.9999393943887463;0.9999955436756639;1.0020544445289399;0.9999939063558153;0.999957135366202;1.0;0.99999866584111;1.0020135610518002;1.002019375088966;0.9999944468185078;0.9999985114852851;0.9999999999999999;0.9999985403479532;0.9999375545994967;1.0006764755119437;0.9999904316864205;0.9999947886078997;0.9999999999999999;0.9999987950659205;1.0020517168507088;1.0020560846643107;1.0;1.0;0.9999965094842417;1.0011963677591933;1.0008328121137158;1.0004253367512004;1.0002060583238377;0.9999460585135409;1.0;0.9999601852846516;1.0000543966575057;1.000025688672593;1.0;1.0018686759712851;0.9999440118835067;0.9999960680641974;1.0;1.002016391061619;1.024999976158142;
2016-05-17 03:45:00;1.0;0.9999917743100635;1.0;0.9999967766836195;0.9999379290134112;0.999995541122552;1.0020612575046177;0.9999937902320949;0.9999558628566328;1.0;0.9999986000075479;1.0020218449713163;1.0020275589223946;0.9999937667325478;0.9999976111691883;1.0;0.9999985859750185;0.9999364124958892;1.0006789930031736;0.9999901473571564;0.9999957035319492;0.9999999999999999;0.9999988513650504;1.0020586050615523;1.0020628059616041;1.0;1.0;0.9999963667483283;1.0011960774099364;1.0008297830737316;1.000423082344006;1.0002045161835023;0.9999438541324506;0.9999999999999999;0.9999573371902031;1.0000527473362224;1.0000252395943507;1.0;1.0018747222175748;0.9999419010377962;0.99999675815503;1.0;1.002024404699113;1.024999976158142;
2016-05-17 04:00:00;1.0;0.9999899670334168;1.0;0.9999962117494502;0.9999337592267963;0.9999951989854458;1.0020700074185984;0.9999935356728372;0.9999534127176943;1.0;0.9999978376527348;1.0020268520094617;1.0020328716063405;0.9999931653554849;0.9999970894425428;1.0;0.9999982503509734;0.9999320603737372;1.0006817468597398;0.9999895998890345;0.9999951869911656;1.0;0.9999985911877973;1.0020669192183211;1.0020718569504483;1.0;1.0;0.9999960613676837;1.0011927284857591;1.0008204810553334;1.0004165369956965;1.000199496970959;0.9999399824183732;0.9999999999999999;0.9999504263394444;1.0000463327235884;1.0000215376479433;1.0;1.0018827559505463;0.9999378808003585;0.9999963681841525;1.0;1.0020294543938695;1.024999976158142;
2016-05-17 04:15:00;1.0;0.999991050917846;1.0;0.9999975920729346;0.9999547229881379;0.9999968395868758;1.002034439481986;0.9999955592203136;0.9999677729481727;1.0;0.9999987516932819;1.002000282189619;1.0020059842002045;0.9999949434818967;0.9999974044406432;1.0;0.9999989654321699;0.9999539050908238;1.0006706927577722;0.9999928076353257;0.99999768175897;1.0;0.9999991800544882;1.0020321821843938;1.002035662903647;1.0;1.0;0.9999972947229631;1.0011699154778964;1.0008054193011673;1.0004094416286748;1.0001977858377575;0.9999582464526301;1.0;0.9999517612210571;1.0000506301505259;1.0000241425598115;1.0;1.0018501155015413;0.9999569378065121;0.9999982514573085;1.0;1.002002785920554;1.024999976158142;
2016-05-17 04:30:00;1.0;0.9999926406152916;1.0;0.9999975058452997;0.9999595424481162;0.9999968017006943;1.0020460529383626;0.9999956871707198;0.9999709080756349;1.0;0.9999986176888223;1.002014877315914;1.0020202935792015;0.999995312873014;0.9999978657368167;1.0;0.9999989666095711;0.9999588655092008;1.0006746381040983;0.9999935077858856;0.9999980823665164;1.0;0.9999991908060594;1.0020439423511005;1.0020472027910896;0.9999999999999999;1.0;0.999997351628811;1.001165118007586;1.000796603564958;1.0004016428548619;1.0001923439052969;0.9999627266138944;1.0;0.9999476537972253;1.0000446109420134;1.000020823572028;1.0;1.0018606487949961;0.9999615704321152;0.9999985533049884;1.0;1.0020173348217205;1.024999976158142;
2016-05-17 04:45:00;1.0;0.9999963995826427;1.0;0.999996937119974;0.9999652298581203;0.9999960011559693;1.0020349151063037;0.9999949736910337;0.9999735669936124;1.0;0.9999983841203272;1.002009371069228;1.0020145779978116;0.9999954399276257;0.999998950453963;1.0;0.9999989134217914;0.9999649450671914;1.000671335905049;0.9999941014347595;0.9999991970120398;0.9999999999999999;0.9999991790985278;1.0020331092037258;1.0020358857935336;1.0;1.0;0.9999969598770715;1.0011578748983756;1.0007908289765175;1.0003985189092892;1.0001905541835006;0.9999680420510692;0.9999999999999999;0.9999471439544984;1.000043378353985;1.0000198679228243;0.9999999999999999;1.0018504947170368;0.9999671255170528;0.9999993928341202;1.0;1.0020119734082356;1.024999976158142;
2016-05-17 05:00:00;0.9999999999999999;0.9999967609679062;1.0;0.9999973106191585;0.9999651505807342;0.9999964128010799;1.0020361736241354;0.9999953984985934;0.9999740228921705;1.0;0.9999986714586163;1.0020116010895568;1.0020161804767176;0.9999958609970105;0.9999990554785781;1.0;0.9999989958648507;0.9999646329174163;1.0006715193718139;0.999994203254993;0.9999985389769416;1.0;0.9999992235393909;1.0020344675862938;1.0020371210640282;1.0;1.0;0.99999726256175;1.0011670213303556;1.0008004918035933;1.0004039447456594;1.0001919557663963;0.9999683011129613;1.0;0.9999503652307002;1.0000403722799398;1.0000187388574957;1.0;1.0018516418620598;0.9999673032940157;0.9999988961341733;0.9999999999999999;1.0020138846523678;1.024999976158142;
2016-05-17 05:15:00;1.0;0.9999925694524526;1.0;0.999996715601457;0.999955518183063;0.9999958902026662;1.002065160676668;0.9999946947374007;0.9999675021453746;1.0;0.999998059816582;1.0020326463100357;1.0020384756524163;0.9999944954806644;0.9999978401513667;0.9999999999999999;0.999998698056637;0.999954910119473;1.000681055705396;0.999992746616039;0.9999982796061212;1.0;0.9999989976827682;1.0020628388032242;1.0020664444825818;1.0;1.0;0.9999967032319435;1.0011710681704202;1.0008046023074888;1.0003970346220095;1.0001844176888015;0.9999589620089302;0.9999999999999999;0.9999577413199701;1.000026847187887;1.0000103896688217;1.0;1.0018780720816312;0.9999577301490283;0.9999987008098912;0.9999999999999999;1.0020353240604518;1.024999976158142;
2016-05-17 05:30:00;1.0;0.9999930746361595;0.9999999999999999;0.9999970873854452;0.9999695465200185;0.9999969441565615;1.002054314563001;0.9999964180600062;0.9999782770823658;1.0;0.9999975853202602;1.0020223216805326;1.0020283635653835;0.9999958123492297;0.9999979897694294;1.0;0.9999987253270803;0.9999691008838407;1.000677586437727;0.9999951531851371;0.9999987401932833;1.0;0.9999990291738424;1.002051915828456;1.0020556489206518;1.0;1.0;0.9999975302703538;1.0011255415412528;1.0007599083261582;1.0003629570233739;1.0001648671289702;0.999971653275475;0.9999999999999999;0.9999514158264787;1.0000133138596923;1.0000024684546234;1.0;1.0018682008361903;0.9999708133440498;0.9999990488064353;1.0;1.0020251517150944;1.024999976158142;
2016-05-17 05:45:00;1.0;0.9999925694524526;1.0;0.9999978247255668;0.9999657258883914;0.9999971535519171;1.0020597231818615;0.999996111390357;0.9999748670619049;0.9999999999999999;0.9999988614004204;1.0020296517257314;1.0020355831622776;0.9999956251040116;0.9999978401513668;1.0;0.9999991864338197;0.9999654518377764;1.0006794703532513;0.9999943917914776;0.9999992263173407;0.9999999999999999;0.9999993810901904;1.0020577871105487;1.002060689065424;1.0;0.9999999999999999;0.9999976015449047;1.0011321653713334;1.0007648419057251;1.0003649593170698;1.0001639708563312;0.9999678833257967;1.0;0.9999519256776606;1.0000079413988296;0.9999996039074276;1.0;1.0018729821645531;0.9999670105144932;0.9999994153769939;1.0;1.0020323854275197;1.024999976158142;
2016-05-17 06:00:00;1.0;0.9999909788694512;0.9999999999999999;0.9999975006634714;0.9999589637982225;0.9999965554257971;1.0020539622114282;0.9999951873854976;0.9999694977627255;1.0;0.9999988955487473;1.002024714394772;1.0020304793778243;0.9999946491621393;0.9999973821008137;1.0;0.9999991412914127;0.9999588016270615;1.000677655333739;0.9999931930540301;0.9999995413969525;1.0;0.9999993556602635;1.0020520797171901;1.0020548787971895;1.0;1.0;0.9999970863565426;1.0011207495113439;1.0007604740049365;1.0003600755974937;1.0001635133978066;0.999961329240701;1.0;0.9999582817360547;1.0000130725293737;1.000002862982785;1.0;1.001867670602305;0.9999603410180684;0.9999996535299379;1.0;1.002027247275259;1.024999976158142;
2016-05-17 06:15:00;1.0;0.9999968327203594;1.0;0.9999981179853152;0.999969300995986;0.9999973379156117;1.0021029778235926;0.9999964012948995;0.999977501232326;1.0;0.9999992489103858;1.002069201838116;1.0020759814396507;0.9999966856812621;0.9999990777322125;1.0;0.9999992734595331;0.999968725164857;1.0006933869632955;0.9999949804711217;0.9999983703772845;0.9999999999999999;0.9999994240779309;1.0021009516761108;1.0021039998942542;0.9999999999999999;1.0;0.9999979194584177;1.0011782500263988;1.0008052234749159;1.0003947390449313;1.0001841396820568;0.9999721668517053;1.0;0.999954174264766;1.0000291528128085;1.0000102333090743;0.9999999999999999;1.0019124651677151;0.9999712512768505;0.999998770662138;1.0;1.0020726964769051;1.024999976158142;
2016-05-17 06:30:00;1.0;0.9999939418318425;1.0;0.9999958542971844;0.9999621851854656;0.9999956421304775;1.0021705071544718;0.9999951031745663;0.999972854296888;1.0;0.9999965718927656;1.00201610881836;1.0020517372272355;0.9999948943460699;0.9999982410917867;1.0;0.9999981861595598;0.9999614576597325;1.0007163886022348;0.9999939422444447;0.9999979387346981;1.0;0.9999986119821116;1.0021615565882138;1.0021746453451499;1.0;1.0;0.9999966564964672;1.0011659024330521;1.0007791113091518;1.0003600212978967;1.0001566105400543;0.9999653997617574;0.9999999999999999;0.9999482834843141;0.9999924734962272;0.9999615748481091;1.0;1.0019761697435972;0.9999642820923418;0.9999984449204126;1.0;1.0020352130175911;1.024999976158142;
2016-05-17 06:45:00;0.9999999999999999;0.99999278526174;1.0;0.9999973414783774;0.9999532781991751;0.9999962254202365;1.0021711999109328;0.9999947443493237;0.9999657883982599;0.9999999999999999;0.999998956240857;1.0019382573033875;1.0019933520729416;0.9999946790204564;0.9999979070732353;1.0;0.9999990010123001;0.9999526104084443;1.0007170966120453;0.999992364694853;0.9999981102107506;0.9999999999999999;0.9999992168061216;1.0021588866975386;1.002176400449759;1.0;1.0;0.9999969187803528;1.0011840097441134;1.000785200815796;1.00036050658661;1.000144214491572;0.9999570186203914;0.9999999999999999;0.9999417768736016;0.9999544553204346;0.999921130190232;1.0;1.0019780918353323;0.9999557123567406;0.9999985736752061;0.9999999999999999;1.0019679495781544;1.024999976158142;
2016-05-17 07:00:00;1.0;0.9999931463869599;1.0;0.9999966028921451;0.9999416577447533;0.9999950804303912;1.0022686492705841;0.9999932264422379;0.9999571689140571;1.0;0.9999987805947619;1.0019947216237284;1.0020593055771725;0.9999936106769043;0.9999980120228734;1.0;0.9999987248037993;0.999940669842292;1.0007491396359958;0.9999904390919819;0.9999971937300162;0.9999999999999999;0.9999989907644168;1.0022541577606456;1.0022748118672016;1.0;1.0;0.9999960954422132;1.0010696746836847;1.0006626631190265;1.0002382825839442;1.0000666889414294;0.9999468522364423;1.0;0.999935031022145;0.999883893299731;0.9998718624143502;1.0;1.00206746800908;0.9999451532632618;0.9999978844224476;1.0;1.0020296392454953;1.024999976158142;
2016-05-17 07:15:00;1.0;0.9999950265694939;1.0;0.9999904099834351;0.9998515195540355;0.9999837749648728;1.002530360726711;0.9999776046528644;0.9998832722600365;0.9999999999999999;0.9999993249413713;1.002064314588782;1.0021769417268447;0.9999824030599037;0.9999985528333611;1.0;0.9999975723265769;0.9998508120148364;1.0008370915966738;0.9999739222398805;0.999997953090452;1.0;0.9999981609212949;1.0025062645221947;1.0025402522962759;1.0;1.0;0.9999878268250438;1.0011217171506372;1.000674435967501;1.000197709669991;1.0000245117789608;0.9998645624518354;1.0;0.9999368143184596;0.9998117724516512;0.9997835261384459;0.9999999999999999;1.0023089836335666;0.999860740596745;0.9999984543757152;0.9999999999999999;1.0021256901575637;1.024999976158142;
2016-05-17 07:30:00;1.0;0.9999952430085577;1.0;0.9999925120218548;0.9999049662212596;0.999988646848241;1.0025303042786982;0.9999850104181769;0.9999250959866832;1.0;0.9999979122630571;1.0020018524596768;1.0021306696466792;0.999987777304226;0.9999986164350753;0.9999999999999999;0.9999978641377972;0.9999047320014794;1.000837716545598;0.9999832721011576;0.9999993223845893;1.0;0.9999984092079847;1.002502703067603;1.0025416625579924;1.0;1.0;0.9999915076603613;1.001091271670878;1.0006421897465732;1.0001629531622416;0.9999946816569836;0.9999128074163992;1.0;0.999937758824305;0.999768683452467;0.9997432066160417;1.0;1.0023100203835855;0.9999104453939474;0.9999994869744009;0.9999999999999999;1.002072115776827;1.024999976158142;
2016-05-17 07:45:00;1.0;0.999986788287421;0.9999999999999999;0.9999912182010385;0.9998775326898345;0.9999867876792708;1.002611534719555;0.9999821759203313;0.9999048934912113;1.0;0.9999974383020703;1.0021254379035036;1.0022429060329276;0.9999840424950758;0.9999961635320498;1.0;0.9999974561290192;0.9998773398576377;1.0008642193864137;0.9999787568707237;0.9999994264819624;1.0;0.9999981113594981;1.0025859057694637;1.0026221474921684;1.0;1.0;0.9999897495924094;1.0011252899219985;1.0006611210376566;1.0001672200005118;0.9999935877971403;0.9998863972226105;1.0;0.9999350894708845;0.9997599870884086;0.9997504806604878;1.0;1.002382862814835;0.9998834424537525;0.9999995658310219;1.0;1.002188894621589;1.024999976158142;
2016-05-17 08:00:00;1.0;0.999953913610001;1.0;0.9999908788245333;0.9998165145212634;0.9999866318324856;1.0027437163416515;0.9999801979571267;0.99986467662904;1.0;0.9999969606634311;1.0022482749408432;1.0023634100061913;0.999976389176605;0.9999866127484526;1.0;0.9999970109899647;0.9998159173048522;1.0009073545779255;0.9999697608007464;0.9999982458945413;1.0;0.9999977548733698;1.0027171709056064;1.0027548373233892;0.9999999999999999;1.0;0.9999880473868786;1.0011560340163446;1.0006685513015172;1.0001608042404921;0.9999909459336664;0.9998260450014141;1.0;0.9999250164623629;0.9997610061272753;0.9997573397461555;1.0;1.0025023782127738;0.9998217086142349;0.9999986741029723;1.0;1.00230816693384;1.024999976158142;
2016-05-17 08:15:00;1.0;0.9999437228443689;1.0;0.9999893475331861;0.9997658020523458;0.9999831886960296;1.0028842332602999;0.9999744930101526;0.9998262134559485;1.0;0.9999978864375689;1.002289964140432;1.0024283094732227;0.9999703422920735;0.999983667038749;1.0;0.9999968221475706;0.9997652140084192;1.0009542679798913;0.9999611537505854;0.9999982339040978;0.9999999999999999;0.9999976163169033;1.0028528182166279;1.0028971983993795;1.0;1.0;0.9999849617916012;1.001202908806034;1.0006874703471214;1.0001450359552138;0.999963041232472;0.9997781682049224;1.0;0.9999256907904112;0.9996988820041514;0.9997006433374699;1.0;1.002631624611693;0.999772671622528;0.9999986633769892;1.0;1.0023618704936428;1.024999976158142;
2016-05-17 08:30:00;1.0;0.9999914840886415;0.9999999999999999;0.9999924742473757;0.9998934461397091;0.9999884473464244;1.002856904447125;0.9999844092257716;0.9999172635054938;1.0;0.9999980725815173;1.0023531709856506;1.0024750756045193;0.9999866602456529;0.9999975317300983;1.0;0.9999978144072348;0.9998930005374455;1.00094441089376;0.9999815218527586;0.9999987186105005;1.0;0.9999983577280582;1.0028305505915662;1.002867789375793;1.0;1.0;0.9999911686510099;1.0010777998879563;1.000517407999732;1.0000473881928795;0.9999072531264654;0.9999019576365186;1.0;0.9998418521365399;0.9996627734680915;0.9996901480724465;1.0;1.0026061469485088;0.9998992727088912;0.9999990319519197;1.0;1.00241938614449;1.024999976158142;
2016-05-17 08:45:00;0.9999999999999999;0.9999893883278842;1.0;0.9999943552804936;0.9999034080498161;0.9999906218589486;1.0027396215328626;0.9999866851073786;0.9999252212277624;1.0;0.9999993911140652;1.002226996151827;1.0023513679050797;0.9999881068831882;0.9999969240620347;1.0;0.9999985320230417;0.9999031845701858;1.0009060389748965;0.9999833018852086;0.9999993561851884;1.0;0.999998902265555;1.0027131843608905;1.0027503411843828;1.0;1.0;0.9999926148338345;1.0010458736871561;1.0005295682543418;1.0000541474201639;0.9999130148029123;0.9999104552771647;0.9999999999999999;0.9998814447288545;0.999670014589256;0.9996920560870617;1.0;1.0024995779050392;0.9999081029612714;0.9999995130173989;1.0;1.002294417975984;1.024999976158142;
2016-05-17 09:00:00;1.0;0.9999851233787203;1.0;0.9999923290874057;0.9998827409276424;0.9999883668448437;1.0027712375636646;0.9999840051857499;0.9999100999596853;0.9999999999999999;0.9999978679742401;1.002288273634568;1.0024043639849145;0.9999851637073466;0.9999956929881599;1.0;0.9999977103872738;0.9998823168048538;1.0009161722484883;0.9999799224507656;0.9999987765410363;1.0;0.9999982825593141;1.0027458414414143;1.0027817572615423;1.0;1.0;0.9999908160658905;1.0010197993271446;1.0004832573282658;1.0000213527432213;0.9998912894467236;0.9998911648796953;1.0;0.9998551049976896;0.9996481550619911;0.999688456420857;1.0;1.0025277771828982;0.9998882741654462;0.9999990764767156;1.0;1.0023508624022186;1.024999976158142;
2016-05-17 09:15:00;1.0;0.9999863542742606;1.0;0.9999929939935815;0.9999018804525682;0.9999898275556728;1.0027797077425873;0.9999862834310534;0.9999245635668595;1.0;0.9999975178364866;1.0022590451158;1.0023850269681207;0.9999870293992992;0.9999960395000778;1.0;0.9999978566869109;0.9999017182906649;1.0009193923844408;0.9999831538681271;0.9999995251678901;1.0;0.9999984087673809;1.0027523360418538;1.0027910039154224;1.0;1.0;0.9999919713655764;1.0009897404308814;1.0004426159609727;0.9999776506017901;0.9998496130490133;0.9999085132603561;1.0;0.9998487056549057;0.999581127657103;0.9996407639115659;1.0;1.002536166688222;0.9999061658595869;0.9999996408413566;1.0;1.0023271375459888;1.024999976158142;
2016-05-17 09:30:00;1.0;0.9999894618532053;1.0;0.9999944409450657;0.9999100650891551;0.999991414838151;1.0027778982403914;0.9999880835592652;0.9999314953840128;1.0;0.9999986359524758;1.0023478698365265;1.00245120024346;0.9999890788135294;0.9999969398248348;1.0;0.9999983101311821;0.9999094892921369;1.0009177317271305;0.9999847030357808;0.9999983560259386;1.0;0.999998714001306;1.002755425729874;1.0027871899367906;1.0;1.0;0.9999932301498359;1.000999128179691;1.000452610470736;0.999995894115557;0.9998699498149902;0.999916957230195;1.0;0.9998438498088031;0.9996182147542099;0.9996834690717809;1.0;1.002532891869634;0.9999146501726006;0.9999987594419624;1.0;1.0024037643372332;1.024999976158142;
2016-05-17 09:45:00;1.0;0.9999949536747227;1.0;0.9999946317452579;0.999895863447;0.9999909781424902;1.0028182698936328;0.9999872105909827;0.9999222576073871;0.9999999999999999;0.9999995487933793;1.002348662457785;1.002459792616096;0.99998959386551;0.999998533750537;1.0;0.9999982197528643;0.9998939273177018;1.000930018885381;0.9999826392575363;0.9999944921922896;1.0;0.9999985519932704;1.0027938902198124;1.002828512439715;1.0;1.0;0.9999931052722021;1.0009574696092927;1.000389111167188;0.999959232499831;0.9998571263388076;0.9999064626705373;1.0;0.9998079623729252;0.9996288881509767;0.9996811764862744;1.0;1.002570575502813;0.9999033204888245;0.9999958471724887;1.0;1.0024092128928492;1.024999976158142;
2016-05-17 10:00:00;1.0;0.9999919181094982;0.9999999999999999;0.999994440642375;0.9998789473604747;0.9999911294942223;1.0028515074436937;0.9999873149504478;0.999912939680547;1.0;0.9999989851138276;1.002303301086196;1.002430697486158;0.9999890843334445;0.9999976557627213;1.0;0.9999976985632797;0.9998756310762257;1.0009402363573743;0.9999805571536801;0.9999905691897739;0.9999999999999999;0.9999980710343572;1.0028227591018246;1.0028638615533465;1.0;0.9999999999999999;0.9999930711632083;1.001005868011894;1.000425148589016;0.9999816571952714;0.9998625515301629;0.9998921780681225;1.0;0.9998065832177188;0.999615423502389;0.9996580529424387;1.0;1.0026023585944766;0.9998881914702515;0.9999928903759462;1.0;1.0023725555467418;1.024999976158142;
2016-05-17 10:15:00;1.0;0.9999693726414172;1.0;0.999993192329901;0.9998510814517888;0.9999899722855553;1.0029399654469409;0.9999851151410867;0.9998924441755715;1.0;0.9999977824911285;1.002426402537534;1.0025451570874089;0.999983079328743;0.9999911147234447;1.0;0.9999974031872529;0.999849094858152;1.000970290165505;0.9999759743381037;0.9999943286625789;1.0;0.9999979465433226;1.0029126566059732;1.0029515958314799;1.0;1.0;0.9999912067879022;1.001075884040703;1.0004830643718519;1.0000210076508942;0.9998891774999924;0.9998616507833905;1.0;0.9998095361727265;0.9996439585292537;0.9996855304053267;1.0;1.002681410394571;0.9998575880533895;0.9999957231911132;1.0;1.0024893551880307;1.024999976158142;
2016-05-17 10:30:00;0.9999999999999999;0.9999413353832903;1.0;0.9999876426146643;0.9997252868445339;0.9999802112204008;1.0030822579219387;0.9999701368058903;0.9997967280415291;1.0;0.9999978891374702;1.0024913189417373;1.0026266075850088;0.9999666975972616;0.999982986454388;1.0;0.9999961825675676;0.999723684983282;1.0010182747259941;0.9999545629129575;0.9999953291078788;1.0;0.9999970737701264;1.0030508625062762;1.0030954315302987;1.0;1.0;0.9999826335946383;1.0011129643894057;1.0004829969253504;0.999985291799948;0.9998388690221868;0.9997420125941994;1.0;0.9998016219352915;0.9995399014281788;0.9996137698860817;1.0;1.002811513153304;0.9997352140561439;0.9999964756440031;0.9999999999999999;1.0025613863612912;1.024999976158142;
2016-05-17 10:45:00;1.0;0.9999348309456491;1.0;0.9999887350999593;0.9997146279308162;0.9999809960171138;1.0030096496821646;0.9999702397171248;0.9997894507387041;1.0;0.9999992297694471;1.002456106657225;1.0025817298305835;0.9999657105046612;0.9999811065056038;1.0;0.9999966848182779;0.9997131224852802;1.0009942735205277;0.9999529342830126;0.9999956047956471;1.0;0.9999974507472376;1.002980489082707;1.0030217524556388;1.0;1.0;0.9999828351566482;1.001116277207578;1.0005187800832598;1.0000258475985486;0.9998806191263588;0.9997311558744679;1.0;0.999824300833528;0.9996104596336814;0.9996640967466329;0.9999999999999999;1.0027446232103363;0.9997241772154062;0.9999966805975292;1.0;1.0025204273507982;1.024999976158142;
2016-05-17 11:00:00;1.0;0.9999648774052552;0.9999999999999999;0.9999861514854868;0.999729806677031;0.9999767802078372;1.0029381160212034;0.9999663165862215;0.9997953568931179;1.0;0.9999988189456684;1.0024531873070028;1.0025647000627056;0.9999684181468528;0.9999898721677472;1.0;0.9999960969024475;0.9997279350685553;1.0009700376906256;0.9999542704332341;0.9999946050399482;1.0;0.9999969917203093;1.002912533206881;1.0029489100882232;1.0;1.0;0.9999812197499719;1.0010773411051617;1.0004907093291646;1.000020820714255;0.9998866442740816;0.9997501415355461;1.0;0.999818066315214;0.9996352084891608;0.9996881840009255;1.0;1.002679198329747;0.9997431976692661;0.9999959258573076;1.0;1.0025118738528302;1.024999976158142;
2016-05-17 11:15:00;1.0;0.9999828847484077;1.0;0.999990618489767;0.9998307312879889;0.999984832331612;1.002856914120904;0.9999785498508702;0.9998721670110301;1.0;0.9999985178583356;1.0023888470717637;1.0024984559596362;0.9999807968335004;0.9999950374849003;1.0;0.9999971208097855;0.9998289637179552;1.0009431314156612;0.999971444406888;0.9999949493536345;1.0;0.9999977537617422;1.0028322615916367;1.0028673480223194;1.0;0.9999999999999999;0.9999880419322148;1.0010082075348785;1.0004188007263293;0.9999851761432196;0.9998678878895194;0.999844928289165;1.0;0.9997915485190312;0.9996261631666437;0.999682773218907;1.0;1.0026054763278938;0.9998403441826994;0.9999961891009869;1.0;1.0024477268771685;1.024999976158142;
2016-05-17 11:30:00;1.0;0.9999820193038031;1.0;0.9999946905348628;0.9998723516011317;0.9999916366430486;1.0029027417022307;0.9999875268386835;0.9999085676572778;1.0;0.9999989067935727;1.0023807287350335;1.0025015966995023;0.9999873740757749;0.9999947796614054;1.0;0.9999978234328821;0.9998695867207484;1.0009573154374451;0.9999795801028238;0.9999921384593794;1.0;0.9999982017405002;1.0028753034319313;1.0029144615398888;1.0;1.0;0.9999929802861898;1.0010006025210423;1.000395395446268;0.9999545428360487;0.9998377599928632;0.9998839546587813;0.9999999999999999;0.9997849245049953;0.9995775722073164;0.9996442763320679;1.0;1.0026480804193625;0.999880062255976;0.9999940712805602;1.0;1.0024457169722223;1.024999976158142;
2016-05-17 11:45:00;1.0;0.9999783339655232;1.0;0.9999930656112256;0.9998504726379575;0.9999894556919642;1.0030689868615934;0.9999846728675402;0.9998921681597679;1.0;0.9999981350711833;1.0025290736472816;1.002653599909878;0.9999844738888537;0.999993710715396;1.0;0.9999972646148381;0.9998475729480946;1.0010119828769823;0.9999759116255322;0.9999917467547247;1.0;0.9999977803704241;1.0030403792864058;1.0030812928925565;0.9999999999999999;1.0;0.9999912213053535;1.0010972240397729;1.0004676074468435;0.9999688429242894;0.9998223349188888;0.9998635751078329;1.0;0.9998056554861823;0.9995140765755454;0.9996051076686623;1.0;1.002799439020613;0.9998591303704072;0.9999937730481359;1.0;1.0025958105795998;1.024999976158142;
2016-05-17 12:00:00;0.9999999999999999;0.9999847663152923;1.0;0.9999942877352911;0.9998900823580386;0.9999910348124065;1.002950175890194;0.9999871317301835;0.9999183124095893;0.9999999999999999;0.9999987782440846;1.0024400482450715;1.0025612013346392;0.9999875258763825;0.9999955717022001;1.0;0.9999981066892999;0.9998888155510459;1.0009741853412808;0.9999817558146874;0.9999963985666614;1.0;0.9999985155849362;1.0029235267443908;1.002961273807733;1.0;0.9999999999999999;0.9999926998463997;1.001042780569171;1.000444795131083;0.9999858947301982;0.9998631518377007;0.9998988010830357;1.0;0.999804410474448;0.9996132848839085;0.9996638740940942;1.0;1.0026908535910126;0.999895812901756;0.9999972800431394;1.0;1.0025053822816572;1.024999976158142;
2016-05-17 12:15:00;0.9999999999999999;0.9999871496657218;1.0;0.9999921924007602;0.999857506038113;0.9999878358731987;1.0029106914988124;0.9999829923640134;0.9998944549288934;1.0;0.9999982331820559;1.0024274301621208;1.0025399852799768;0.9999848638754598;0.9999962685562607;1.0;0.9999972632254875;0.9998550872395741;1.0009602528188244;0.9999764229713307;0.9999931196656779;1.0;0.9999978130732771;1.0028851339007563;1.0029216602989157;1.0;1.0;0.9999904582986631;1.0010448279134234;1.0004539856854273;1.0000020069629363;0.9998773238839732;0.9998708054172761;1.0;0.9998037806244322;0.9996330225777239;0.9996832007307267;1.0;1.002654798862622;0.999866625969593;0.9999948061427519;1.0;1.0024882191978517;1.024999976158142;
2016-05-17 12:30:00;1.0;0.999985269810919;1.0;0.9999874752014692;0.999769257166993;0.9999785821588731;1.0029968435177918;0.9999696484874087;0.9998242228890342;0.9999999999999999;0.9999994284069021;1.0025201527721055;1.0026305746726951;0.9999747228777388;0.9999957278346827;1.0;0.9999964292159765;0.9997666395217519;1.0009886595095072;0.9999607178078456;0.99999249351578;1.0;0.9999971843588474;1.0029719065810747;1.0030074682709818;1.0;1.0;0.9999834742228539;1.0010874746546332;1.0004661920651567;1.0000176185782144;0.9998898435715735;0.9997902106968382;1.0;0.9997753920626893;0.9996499350884085;0.9996951541596888;1.0;1.0027330062704454;0.9997838271993045;0.999994334252946;0.9999999999999999;1.0025796432340373;1.024999976158142;
2016-05-17 12:45:00;1.0;0.9999760215723648;1.0;0.9999908299587897;0.9998046574096057;0.9999848105765524;1.0029924876748968;0.999977799492026;0.999855506172579;1.0;0.9999990110019488;1.0024472009177394;1.0025730325998683;0.9999790180351151;0.9999930393768877;1.0;0.9999969751277665;0.9998018557943819;1.0009873009098131;0.9999677130967122;0.9999920007321146;1.0;0.9999975738562511;1.0029638393028517;1.0030046881811407;1.0;1.0;0.9999876372224654;1.0011086270368847;1.0004994157936338;1.000026043471091;0.9998842780206039;0.9998212868510999;1.0;0.9998027471713442;0.999622221473121;0.9996653818685042;0.9999999999999999;1.0027300466208633;0.9998157736616865;0.999993961916545;0.9999999999999999;1.002514492648321;1.024999976158142;
2016-05-17 13:00:00;1.0;0.9999721221243894;1.0;0.9999919912947679;0.9997560390706678;0.9999877273200178;1.0031381007625733;0.9999813027622689;0.999833695539729;1.0;0.9999980569932617;1.0025285035222293;1.0026573866745285;0.9999808981412716;0.9999918969953104;1.0;0.9999954271596783;0.9997469192244477;1.0010299155057791;0.99996283053014;0.9999740394949351;1.0;0.9999959896947046;1.0031050543058353;1.0031535249292396;1.0;1.0;0.9999894911115248;1.0011116904561888;1.0004644758003116;0.9999758823755753;0.999839922748264;0.9997837595175159;1.0;0.9997815091795474;0.9995561472665019;0.9996254970193278;1.0;1.0028642848651024;0.9997750076711404;0.9999804157141491;1.0;1.0025971938487601;1.024999976158142;
2016-05-17 13:15:00;1.0;0.9999845496206975;1.0;0.9999904138138934;0.9997703356924468;0.9999851517187585;1.0030762671508837;0.9999787302169992;0.999839293476117;1.0;0.9999978046516248;1.0024751207879317;1.0026055326376824;0.9999812630197944;0.9999955080257927;1.0;0.9999953791495759;0.9997623416809627;1.0010106457816117;0.9999640844847587;0.999977233768581;1.0;0.9999960332785428;1.0030438280024874;1.0030912361716209;1.0;1.0;0.9999882376400271;1.0011307883760248;1.000492032380952;1.0000141246286802;0.9998699300723181;0.999797426439643;1.0;0.9997808185105538;0.9995950899156683;0.9996445538712208;1.0;1.0028081615528783;0.9997893024283313;0.9999828283364683;1.0;1.0025455134849435;1.024999976158142;
2016-05-17 13:30:00;0.9999999999999999;0.9999901843567153;1.0;0.9999938238659692;0.9998071953468125;0.9999897825710328;1.0030719757158502;0.9999846008832179;0.999868306390403;0.9999999999999999;0.9999993516454377;1.0023926124145568;1.0025425535922179;0.9999868991073139;0.999997149798682;0.9999999999999999;0.9999963871790416;0.9997989577083097;1.001009147810291;0.9999705784053486;0.9999765690261218;1.0;0.999996759250579;1.003035976062642;1.0030882476586742;1.0;1.0;0.9999918708937098;1.0011249089054068;1.0004828696832395;1.0000083605926597;0.9998651376414966;0.9998322356631045;1.0;0.999777745926041;0.9995897299570616;0.9996216177378947;0.9999999999999999;1.002805682201485;0.9998248894923363;0.9999823338677304;1.0;1.002474100596543;1.024999976158142;
2016-05-17 13:45:00;1.0;0.9999883053360735;0.9999999999999999;0.9999916646745571;0.9998142525546315;0.9999867852163639;1.0029973339322764;0.9999811740690686;0.9998675339758268;1.0;0.9999984232932598;1.0023794442680682;1.0025191221928216;0.9999838132552933;0.999996605818925;0.9999999999999999;0.9999963972707538;0.9998086674182505;1.000986904520263;0.9999704018429774;0.9999841273937529;1.0;0.999996952710075;1.0029645522892776;1.0030118545228275;1.0;0.9999999999999999;0.9999896573756956;1.0011053817379691;1.0004906129548117;1.000020524245328;0.9998803688668211;0.9998352504017829;1.0;0.9997957636901101;0.9996177721685727;0.999647780923217;1.0;1.0027364924323265;0.9998289644293435;0.9999880197160225;1.0;1.0024551778273099;1.024999976158142;
2016-05-17 14:00:00;0.9999999999999999;0.9999781901655541;1.0;0.9999943443058297;0.9998395498445007;0.9999908805530167;1.002942464859311;0.9999859871972423;0.9998874053628092;1.0;0.99999911259895;1.0023529328206797;1.0024867283342;0.9999855668859546;0.9999936661224034;1.0;0.9999973500300492;0.9998351089613368;1.000969488839243;0.9999748465097231;0.9999873869553244;1.0;0.9999977352501144;1.0029113875848805;1.002955978392969;1.0;1.0;0.9999921855605703;1.0010823676420497;1.00047526764559;1.000023720298503;0.9998906223394225;0.9998554008085767;1.0;0.9997896629874515;0.9996442353082519;0.9996698426824062;1.0;1.0026855992750376;0.9998501833452379;0.9999904806963248;1.0;1.0024247390397987;1.024999976158142;
2016-05-17 14:15:00;1.0;0.9999816561977515;0.9999999999999999;0.9999924985060739;0.9998130420996145;0.9999892982055689;1.0030333399886036;0.9999846057607445;0.9998719967710661;0.9999999999999999;0.9999971970738293;1.002476115293948;1.0025971646675838;0.9999850245059884;0.9999946811403101;1.0;0.9999959243492869;0.9998059833602401;1.0009969300790018;0.9999714007390589;0.9999799511443048;1.0;0.99999650076355;1.0030030765554505;1.0030473065120982;0.9999999999999999;1.0;0.9999912144573815;1.0010872353123847;1.0004664346023626;0.9999779945088901;0.999836359722626;0.9998348397698396;0.9999999999999999;0.9998031374369213;0.9995419454990093;0.99962403924846;1.0;1.002768118210113;0.9998280895861378;0.9999848704145746;0.9999999999999999;1.0025411792467251;1.024999976158142;
2016-05-17 14:30:00;1.0;0.999804655101388;1.0;0.9999859069474829;0.999458241063163;0.9999767915046726;1.003350452925312;0.9999576563234988;0.9996143552280791;1.0;0.9999987265784807;1.0026605719660164;1.002804362497551;0.9999317074921661;0.9999432936708496;1.0;0.9999953600553045;0.9994566226192613;1.0011073157099273;0.9999136634041774;0.9999949297291881;1.0;0.9999964662137505;1.003313174943121;1.0033658867569542;0.9999999999999999;1.0;0.9999732688372099;1.0013191111832904;1.00066287034968;1.0001198737470876;0.9999488975731631;0.9994769302969622;1.0;0.9998065691926915;0.9996904493456524;0.9997079126664091;1.0;1.0030536455205552;0.9994646161979805;0.9999961601106792;1.0;1.0027257928347908;1.024999976158142;
2016-05-17 14:45:00;1.0;0.9998445102703464;1.0;0.9999887888128878;0.9995201870974934;0.9999815467406009;1.003212948142608;0.9999656424675832;0.9996647090880006;1.0;0.9999989382725584;1.00258357215295;1.0027097041070854;0.9999454026730239;0.9999549449165701;0.9999999999999999;0.9999952162000908;0.9995147232496929;1.0010579414387093;0.9999249962498961;0.9999841812454939;0.9999999999999999;0.9999960904627619;1.0031786211107856;1.003227999412313;1.0;1.0;0.999978717858978;1.001258377295245;1.0006192330608605;1.0000997564812777;0.9999333058459062;0.999544248924293;1.0;0.9998054299703849;0.9996702023619553;0.9997087670541771;1.0;1.0029289479214463;0.9995318932261432;0.9999880585100303;1.0;1.0026419069397545;1.024999976158142;
2016-05-17 15:00:00;0.9999999999999999;0.9999019650824578;1.0;0.9999905493904112;0.9996560533726631;0.9999848512981505;1.0030581999849912;0.9999736564315597;0.9997588693554906;1.0;0.9999985565099732;1.0026335254076166;1.002717103281412;0.9999620206107023;0.9999715330852561;1.0;0.9999959506294721;0.9996512029067403;1.0010064515238655;0.9999460712303775;0.9999860413867427;1.0;0.9999966749180612;1.003034739972786;1.0030688076833016;0.9999999999999999;1.0;0.9999839936556787;1.0011989968618902;1.000584376069416;1.0001089048300857;0.999957386446473;0.9996764990442902;1.0;0.999795972323322;0.9997298889345657;0.9997772418990837;1.0;1.0027859875628782;0.9996672285637902;0.9999894635720482;1.0;1.0026725114990338;1.024999976158142;
2016-05-17 15:15:00;1.0;0.9999507276023879;1.0;0.9999917739345466;0.9997676070782467;0.9999884160871972;1.0029312989080403;0.9999819445189602;0.9998396840960485;1.0;0.9999967710104769;1.0025765763072954;1.0026465480063584;0.999977193897863;0.9999857161924687;1.0;0.999995830413566;0.9997617526898357;1.0009632666039912;0.999964171727083;0.9999833247385367;1.0;0.9999965159510545;1.00291117155083;1.0029409913788907;1.0;1.0;0.9999890989513408;1.0011005867896619;1.0005044547345014;1.0000623113248628;0.9999325728020155;0.9997871190675391;0.9999999999999999;0.9997898716132704;0.9997174128474484;0.9997774668466025;1.0;1.0026707720065684;0.999779884505799;0.9999874155138195;1.0;1.002611502268418;1.024999976158142;
2016-05-17 15:30:00;1.0;0.9999253025565988;1.0;0.9999877248726012;0.999698762025875;0.999983273795004;1.00305755891201;0.9999746222815649;0.9997890325633785;1.0;0.9999945612985277;1.0026904179717173;1.0027612564771022;0.9999666377621557;0.9999783028419452;0.9999999999999999;0.9999945183356154;0.9996933888762803;1.0010056335788577;0.9999528232335515;0.9999846012494308;1.0;0.9999955824943978;1.0030360634271775;1.0030679494979131;1.0;0.9999999999999999;0.9999841279652294;1.0012241731460525;1.0006206594277969;1.0001340939963512;0.9999756101258158;0.9997197364399946;1.0;0.9998128650700652;0.9997512923802342;0.999798946787599;1.0;1.0027852419744312;0.9997111657383544;0.9999883737169694;1.0;1.0027240433869486;1.024999976158142;
2016-05-17 15:45:00;1.0;0.9999745039747776;1.0;0.9999891108065105;0.9998064552195216;0.9999848246425572;1.002808842323884;0.9999792144250378;0.999860586394541;1.0;0.9999954587806248;1.002499399678631;1.0025643805926412;0.9999794112155018;0.9999926004251655;1.0;0.9999955573388611;0.9998024005593859;1.000924534008929;0.9999688472448933;0.9999884455397776;0.9999999999999999;0.9999964409034381;1.0027910903510286;1.0028173483196794;1.0;1.0;0.9999877098777147;1.0010481651060668;1.0004864180993112;1.0000531195472222;0.9999291610952209;0.999824166644792;0.9999999999999999;0.9998123107181796;0.9997185623540952;0.9997800346598;0.9999999999999999;1.0025591599902417;0.9998182964978256;0.9999912798315691;1.0;1.0025332389927009;1.024999976158142;
2016-05-17 16:00:00;1.0;0.9999902555175091;1.0;0.9999919795463892;0.9998854552296786;0.9999883599636746;1.0027077147969319;0.9999845207066617;0.9999133413142408;1.0;0.9999971587276977;1.0024510494217507;1.002510326907086;0.999986436944074;0.999997175383914;1.0;0.999997297591885;0.9998841517383283;1.0008931334625417;0.9999806458445102;0.99999628490594;1.0;0.9999979166184165;1.0026936002071174;1.0027139796746551;1.0;1.0;0.999991072006823;1.0009481921799255;1.0003917698699003;1.000003875666952;0.9999082318019437;0.9998954811017153;1.0;0.9997872810061907;0.9997215571070097;0.9997853550164568;1.0;1.0024661716261365;0.9998923288737176;0.9999971966948665;1.0;1.0024828584519503;1.024999976158142;
2016-05-17 16:15:00;1.0;0.9999926414619572;1.0;0.9999931788763393;0.9998873781813944;0.9999895292470824;1.0026870181559269;0.9999856962455816;0.9999157742122846;1.0;0.9999982617760095;1.0024324022773485;1.0024904477090277;0.9999878859866684;0.9999978624796853;0.9999999999999999;0.9999976540882158;0.999885517013049;1.000885809087955;0.9999811888703938;0.9999947095784464;1.0;0.9999981402903678;1.002673253110188;1.0026931354989659;1.0;0.9999999999999999;0.9999919839936645;1.000986110502328;1.000444111392446;1.000038390385716;0.9999259806896017;0.9998982681479027;1.0;0.9998109484597159;0.9997286451242378;0.9997902803301381;1.0;1.0024474111459103;0.9998949607664932;0.9999960070909125;1.0;1.0024637006112522;1.024999976158142;
2016-05-17 16:30:00;1.0;0.999993942675293;0.9999999999999999;0.9999938492331696;0.9998944934357892;0.9999902379878052;1.002638449433628;0.9999865138917312;0.9999208023771219;0.9999999999999999;0.9999988078112175;1.0023966865896299;1.0024520594207034;0.9999887922282166;0.9999982378344424;1.0;0.9999979555391316;0.9998927870415418;1.000869877408213;0.9999823125657901;0.9999951441558772;1.0;0.9999983733475546;1.0026255189055706;1.0026441364263325;1.0;1.0;0.9999925470255473;1.0009075981550097;1.000359116037497;0.9999823983205696;0.999890484664384;0.999904784545898;1.0;0.9997856181007359;0.9996960304185329;0.9997744662580769;1.0;1.0024030232550185;0.9999016913113962;0.9999963371060371;1.0;1.0024266101572141;1.024999976158142;
2016-05-17 16:45:00;1.0;0.999956658762231;1.0;0.9999912618260929;0.9998123827956322;0.9999865261508776;1.002671685499233;0.9999797577258488;0.9998614443201269;1.0;0.9999978764569982;1.0023847854960437;1.002448450961898;0.9999766872798928;0.9999874112805011;1.0;0.9999972189314411;0.9998114929923669;1.0008820398055114;0.9999690385731433;0.9999974153801434;1.0;0.9999978876342199;1.002656014609748;1.0026784030581015;1.0;1.0;0.9999880554316911;1.0009197706363044;1.0003899309555389;0.9999944167252871;0.999905727480411;0.9998230509603594;1.0;0.9998129265631974;0.9997251767095673;0.9997875229201167;0.9999999999999999;1.0024331279591805;0.9998184970105809;0.9999980478646423;1.0;1.0024166619482302;1.024999976158142;
2016-05-17 17:00:00;1.0;0.9998928492659248;1.0;0.9999879148216869;0.9996682078467015;0.999981891274613;1.0028288382573314;0.9999703283438259;0.9997608783749359;1.0;0.9999965292302493;1.0025281977707228;1.0025875126389596;0.9999576225615066;0.999968941615094;1.0;0.9999958695658452;0.9996671848610317;1.000933710154702;0.9999465376068005;0.9999969393869268;1.0;0.9999968836217503;1.0028115877088328;1.0028363707079258;1.0;1.0;0.9999815819800294;1.0009645092228734;1.0004059608867992;0.9999962311115861;0.9999110314640095;0.9996816511871659;1.0;0.9997977413686157;0.9997387629998865;0.9998074041890981;1.0;1.0025746572488425;0.9996740107218919;0.9999976847848813;1.0;1.0025532676547648;1.024999976158142;
2016-05-17 17:15:00;1.0;0.9999196571475369;1.0;0.9999904210520038;0.9997285444277567;0.9999847058734226;1.0026670482199518;0.9999748699135445;0.999803099428517;0.9999999999999999;0.9999983300094029;1.0025115765443986;1.002538410005365;0.9999662269753923;0.9999767068144848;1.0;0.9999969057199363;0.9997275169242921;1.0008794814514137;0.9999559899507088;0.9999969713163199;0.9999999999999999;0.9999976470900523;1.0026579021978541;1.0026711258548486;1.0;1.0;0.999984894020778;1.0009222405206153;1.000398240914268;1.0000214562814278;0.9999443857756407;0.9997409159299799;0.9999999999999999;0.9998043964468567;0.9998051285501527;0.9998734792182189;1.0;1.0024255254782655;0.9997345465618241;0.9999977138488126;1.0;1.0025207052910166;1.024999976158142;
2016-05-17 17:30:00;1.0;0.99991800697265;1.0;0.9999900360182438;0.9997290684754517;0.9999842952007891;1.0027195742063852;0.9999744576316085;0.9998028488542147;1.0;0.9999980461573824;1.002560130296956;1.0025885183925078;0.9999655036252681;0.999976177517595;1.0;0.9999968690081248;0.9997284589860385;1.000897311681205;0.9999559195664272;0.9999981415659606;0.9999999999999999;0.9999976493427868;1.002710189821839;1.0027236901903327;1.0;1.0;0.9999845066472243;1.0009845024481476;1.0004398314371965;1.0000515683922155;0.9999554516667057;0.999740638107618;0.9999999999999999;0.9997943539413915;0.9997983722039958;0.9998683735960897;1.0;1.002473301864003;0.9997344262900784;0.9999985920175433;1.0;1.0025699840130184;1.024999976158142;
2016-05-17 17:45:00;1.0;0.9999203196370354;1.0;0.9999906403341143;0.9997245549203887;0.9999849909431736;1.0027256432100438;0.9999752317548846;0.9998014648564387;1.0;0.9999984878640693;1.0025751437852308;1.0025995382238393;0.9999665738318623;0.9999768454987349;1.0;0.9999968332717531;0.9997228655969095;1.000898281645944;0.9999556085443164;0.9999950719660736;1.0;0.9999975472664892;1.0027167120694687;1.0027297574732839;1.0;1.0;0.9999850828924643;1.0010294520032592;1.0004744621209336;1.0000898672645553;0.9999819481219412;0.999738155105498;0.9999999999999999;0.9997828713502481;0.9998270921936115;0.999888247435742;1.0;1.0024788283067707;0.9997314601651786;0.9999962770251251;0.9999999999999999;1.0025829687548053;1.024999976158142;
2016-05-17 18:00:00;1.0;0.9999112119764663;1.0;0.999988845182717;0.9997003376910681;0.9999832116129023;1.002740254221583;0.9999729669089157;0.9997845276730155;1.0;0.9999968885362165;1.00256353320563;1.0025929135668668;0.9999630290377285;0.9999742214210766;1.0;0.9999960314952563;0.9996984922941623;1.0009031309481202;0.9999518214469407;0.9999946045859993;1.0;0.9999969453100455;1.002729459864652;1.0027453323252133;0.9999999999999999;1.0;0.9999834024621521;1.001071722072157;1.0005067980910902;1.0001146358455941;0.9999913631348005;0.9997148148303489;1.0;0.9997794394163061;0.9998224715352217;0.9998818688185261;1.0;1.002492449357937;0.9997075466767144;0.9999959273851038;1.0;1.0025734623464995;1.024999976158142;
2016-05-17 18:15:00;1.0;0.9999367849762268;1.0;0.9999904097403621;0.9997762619293862;0.9999869960579847;1.0026501769257148;0.99998011357662;0.9998410795885857;1.0;0.9999956038110926;1.0025154176789348;1.002536258412373;0.9999730184210779;0.999981659717151;1.0;0.9999960921432469;0.9997738480466046;1.0008726748026913;0.9999644810179009;0.9999930651951485;0.9999999999999999;0.9999969501598539;1.002641299582658;1.0026547560868364;1.0;1.0;0.9999875018145981;1.0009199540926315;1.000392382122176;1.0000253484727732;0.9999490173883524;0.9997887778597794;1.0;0.999794699296015;0.9998138535069643;0.9998821802873451;1.0;1.0024105690135978;0.9997829881392797;0.9999947664803605;0.9999999999999999;1.0025224480516814;1.024999976158142;
2016-05-17 18:30:00;1.0;0.9999741417628052;1.0;0.9999920902212033;0.9998623399107107;0.9999892135466232;1.0025210917070873;0.9999850320633881;0.999899979907399;1.0;0.9999964036142145;1.0024376842661684;1.0024514088869239;0.9999837347914953;0.9999924986590564;1.0;0.9999969524279612;0.9998605078707993;1.0008303653674364;0.9999776556978309;0.9999947780968568;1.0;0.9999976251215495;1.002515419331081;1.0025241702867713;0.9999999999999999;1.0;0.9999909397277719;1.0010430932763636;1.0005190561608868;1.0001390800500392;0.9999990183113582;0.9998724931662238;1.0;0.9998060458039164;0.999812709833887;0.9998838666605286;1.0;1.0022931382668459;0.9998687198332913;0.9999960575643342;1.0;1.0024434099163912;1.024999976158142;
2016-05-17 18:45:00;1.0;0.999986789167578;1.0;0.9999819196424122;0.9999006726646552;0.9999821788888523;1.00262828594559;0.9999820669476894;0.9999261052878505;1.0;0.9999836959030046;1.002562171530719;1.0025735048375617;0.9999823599006132;0.9999961602860458;0.9999999999999999;0.9999924216233033;0.9998995085153667;1.0008668531545681;0.9999834863286002;0.9999966507597534;0.9999999999999999;0.9999943321648207;1.0026202332893017;1.0026336339371358;1.0;1.0;0.999986922810273;1.0010811799335213;1.0005209756349378;1.0001482738210457;1.0000110349161218;0.9999086639719365;1.0;0.9997704200808895;0.9998368771897691;0.9998983129476967;1.0;1.002391242698631;0.9999059525152829;0.9999974704274016;1.0;1.002567463112635;1.024999976158142;
2016-05-17 19:00:00;0.9999999999999999;0.9999901860760765;1.0;0.9999911287386906;0.9999176385186771;0.9999896644561265;1.002446838584333;0.9999878847111872;0.9999383889196976;0.9999999999999999;0.9999938659281924;1.00237477089499;1.0023891099860058;0.9999885216263188;0.9999971432949337;1.0;0.9999965434280765;0.9999166980672034;1.0008067944377341;0.9999862395966075;0.9999973168641528;1.0;0.9999973861659256;1.0024412979202264;1.0024499650885395;1.0;1.0;0.9999921827813663;1.0010236472993896;1.000510960175643;1.0001586422863762;1.000027791107024;0.9999244139790716;1.0;0.9997970838315358;0.9998732581532979;0.999915516733242;1.0;1.0022258902067689;0.9999221649624758;0.9999979747519747;1.0;1.0023819451799125;1.024999976158142;
2016-05-17 19:15:00;1.0;0.9999915592919129;1.0;0.9999907353763194;0.9998742648724754;0.9999863736862862;1.0024346816192329;0.9999819977981218;0.9999035697865477;1.0;0.9999969315830437;1.0023875744394273;1.002395760952288;0.9999847645196666;0.9999975409773736;1.0;0.9999970309512982;0.9998731238159781;1.0008024250468177;0.9999784614190025;0.9999967368341657;1.0;0.9999977314636865;1.0024312314479484;1.0024366609920687;1.0;1.0;0.9999896805671807;1.0010149337187926;1.0005051829764495;1.000158230892817;1.0000309020069187;0.9998852764623547;1.0;0.9997958388524407;0.9998830825888607;0.9999269344593488;1.0;1.0022143088308255;0.9998818948845469;0.9999975379025021;1.0;1.0023914721712792;1.024999976158142;
2016-05-17 19:30:00;1.0;0.9999854879758199;1.0;0.9999895748736168;0.9998428704273685;0.999984795407205;1.0025144177189664;0.9999796008918191;0.9998820970362685;1.0;0.9999964106120102;1.0024637950634097;1.0024703340238699;0.9999818162297872;0.9999957849330418;1.0;0.9999964131790563;0.9998408133935615;1.000827893570219;0.9999736607789688;0.9999941183568025;1.0;0.999997211856161;1.0025104797127706;1.0025168480625184;1.0;1.0;0.9999882258332514;1.0009889279403197;1.0004638602439342;1.0001229830516747;1.000015887070299;0.9998567582128925;1.0;0.999778929723199;0.9998850436341955;0.9999304102579964;1.0;1.0022868316589402;0.9998523539896528;0.99999556442044;1.0;1.002466369481364;1.024999976158142;
2016-05-17 19:45:00;1.0;0.999986931497195;1.0;0.9999919024201225;0.9998768085999032;0.999987644831892;1.002413885939136;0.9999831050430351;0.9999056453507343;1.0;0.9999978426947503;1.0023746941314593;1.002381285872115;0.9999848258624949;0.9999962114574759;1.0;0.9999975521863133;0.9998760903076976;1.0007958411906779;0.9999789255629163;0.9999979401286555;1.0;0.9999981453181792;1.0024111063857393;1.0024154015723068;1.0;1.0;0.9999903618917155;1.0010019059157522;1.0005073426393658;1.0001587669210126;1.0000360330042397;0.999886380663744;1.0;0.9998097757055122;0.99989778587197;0.99993738143021;1.0;1.0021950328130516;0.9998832344124796;0.9999984446334527;1.0;1.0023773996599517;1.024999976158142;
2016-05-17 20:00:00;1.0;0.9999891015725603;1.0;0.9999900165241047;0.9998858075860511;0.9999862086682961;1.0023977534590713;0.9999823444015604;0.9999110845217691;1.0;0.999995638393741;1.0023639362832117;1.00237025707912;0.9999843905990465;0.999996831618163;1.0;0.999996837809017;0.9998855841103542;1.0007911073914444;0.9999801400106498;0.9999993409340131;0.9999999999999999;0.9999976534362411;1.002394731591612;1.0023995133099728;1.0;1.0;0.9999895156685662;1.001005005794212;1.0005200268658632;1.0001725522285814;1.00005084333513;0.9998943436783314;1.0;0.9998170465172032;0.9999239055421907;0.9999521489444223;1.0;1.0021804123705034;0.9998915642290912;0.9999995010960069;1.0;1.0023666417826673;1.024999976158142;
2016-05-17 20:15:00;0.9999999999999999;0.9999840403637021;1.0;0.9999895893263281;0.9998775831138826;0.9999859342357746;1.0024325767581468;0.9999819178769644;0.9999056422805414;1.0;0.999995080560106;1.0023957799157015;1.0024022331940081;0.9999830801012634;0.999995374734743;1.0;0.9999966061607192;0.9998773703751194;1.0008025494724022;0.9999789244741403;0.9999993686668107;1.0;0.9999974834369648;1.0024292134818444;1.0024345351973953;1.0;0.9999999999999999;0.9999890985748021;1.0009622396462377;1.0004679482170158;1.0001319011973313;1.000030019466028;0.999886034843685;0.9999999999999999;0.9998016971285141;0.9999155201143322;0.9999479022139434;1.0;1.0022119915728227;0.9998830965312306;0.9999995223911176;0.9999999999999999;1.0023982092564194;1.024999976158142;
2016-05-17 20:30:00;1.0;0.9999797745531611;1.0;0.9999914242436112;0.9998679527729558;0.999987239787273;1.002406673971103;0.9999824044028651;0.9998992058880998;1.0;0.999997333506412;1.002363833169737;1.0023712244783942;0.9999829162415891;0.9999941469082648;1.0;0.9999974055330682;0.9998676281970277;1.0007938423514176;0.9999774865608811;0.9999990533239596;1.0;0.999998064826401;1.0024035658958896;1.0024082955704237;1.0;0.9999999999999999;0.9999897519401694;1.0010195615119757;1.000511286416083;1.0001850539317187;1.0000630182834058;0.9998767176033534;0.9999999999999999;0.9997831108671436;0.999944167377831;0.9999637041433087;1.0;1.0021883356075623;0.9998735381720926;0.9999992840567222;1.0;1.002366482706847;1.024999976158142;
2016-05-17 20:45:00;0.9999999999999999;0.9999867156520909;1.0;0.9999929024950569;0.999887036903484;0.999989043146979;1.002405925815;0.9999848356104536;0.9999136923584216;1.0;0.9999982595516749;1.0023683840479043;1.0023747653227546;0.9999861114403856;0.9999961445242492;1.0;0.9999978779428107;0.9998864181462777;1.0007932552986878;0.9999807236996995;0.9999982291314812;1.0;0.9999983924167378;1.0024033547408056;1.00240728880308;1.0;1.0;0.9999913636023426;1.001009584564489;1.000491086573995;1.0001754142639416;1.0000565732031514;0.9998955634163805;1.0;0.999767386190323;0.9999376733092393;0.9999601677385715;1.0;1.00218771677746;0.9998927006091406;0.9999986617676192;1.0;1.0023709582208349;1.024999976158142;
2016-05-17 21:00:00;1.0;0.9999844743790407;1.0;0.9999906239589739;0.9998719514758468;0.9999866618904397;1.0023752541698057;0.9999822905002268;0.99990234099159;0.9999999999999999;0.9999963637803914;1.0023348482194931;1.0023413354235715;0.9999835942315111;0.9999954987668793;1.0;0.9999969625244268;0.9998712256075591;1.0007832494183015;0.9999781860898159;0.9999979083903118;1.0;0.999997710136924;1.0023719912320386;1.002377134792752;1.0;1.0;0.9999895854447407;1.0011412025731945;1.000628192638526;1.0002859446919246;1.0001174168753821;0.9998815726912628;1.0;0.9997893758973411;0.9999734289457441;0.999980553384096;0.9999999999999999;1.0021599875624982;0.999878323489598;0.999998422175453;1.0;1.0023373259075372;1.024999976158142;
2016-05-17 21:15:00;1.0;0.9999843331842607;1.0;0.9999933145941451;0.9998879007569322;0.9999894910629965;1.0023203500379394;0.9999851941109452;0.9999142838077822;1.0;0.9999985834672611;1.0022843890311899;1.0022906352614045;0.9999859574214076;0.9999954444242869;1.0;0.9999980859841754;0.9998875455281633;1.0007653690906124;0.9999808550673384;0.9999989730963409;1.0;0.999998564245496;1.00231796321808;1.0023215456450711;1.0;0.9999999999999999;0.9999915666977172;1.0011691199682862;1.0006773638503843;1.0003273644628963;1.000145662021226;0.9998956681211769;1.0;0.9998125476974719;1.000003261143186;0.9999976759278102;1.0;1.0021098262928771;0.9998929295452035;0.9999992234796287;1.0;1.002286721708228;1.024999976158142;
2016-05-17 21:30:00;1.0;0.9999418462668751;1.0;0.9999904983536665;0.9997798395256573;0.9999852656419707;1.0024579544531464;0.9999772409612092;0.9998379785423033;1.0;0.9999978051490183;1.0023754451738947;1.0023877090897608;0.9999720312437036;0.9999831132344967;1.0;0.9999970422998595;0.9997792514734741;1.0008108361755172;0.999963788964691;0.9999982512472292;1.0;0.9999977785914808;1.0024526194117063;1.002460470412592;1.0;1.0;0.9999864109244192;1.0012449957990828;1.0007265032341528;1.000351729282829;1.0001568928494518;0.9997906758295005;1.0;0.9998061486647024;1.0000046010801529;0.9999978153729372;0.9999999999999999;1.0022347627927122;0.9997855368929917;0.9999986769367667;0.9999999999999999;1.0023781238403784;1.024999976158142;
2016-05-17 21:45:00;1.0;0.9999447393537546;1.0;0.9999882114820942;0.999746110276105;0.9999813576039236;1.002507067466424;0.999972064557128;0.999811751262901;1.0;0.999997717940416;1.0024217354508496;1.0024337656131972;0.9999686929924367;0.9999839400920459;1.0;0.9999963898297478;0.9997448758570547;1.0008266179736227;0.9999579168236757;0.9999963826989484;1.0;0.9999972523130001;1.0025015034228053;1.0025098229540919;1.0;0.9999999999999999;0.9999836423532581;1.0012864780967552;1.0007611016414433;1.000375817471848;1.0001732766193134;0.9997611080863399;1.0;0.9998071654886388;1.0000218648531611;1.0000074492486206;1.0;1.0022796734070623;0.9997549111924297;0.9999972665410992;1.0;1.0024244837669427;1.024999976158142;
2016-05-17 22:00:00;1.0;0.9999758760468217;0.9999999999999999;0.9999914836501563;0.9998530274176928;0.9999877089219684;1.0023789182630518;0.9999828486686387;0.9998913327221486;1.0;0.9999969156762324;1.002324141387865;1.002331581797863;0.9999824955336064;0.9999930012860565;1.0;0.999996999361142;0.9998514636049435;1.0007837092922796;0.9999757261356843;0.9999955287838521;0.9999999999999999;0.9999976785268658;1.0023748947058064;1.0023812195601698;0.9999999999999999;1.0;0.9999899007230324;1.0011844723215817;1.0006713200738262;1.0003251949905116;1.000145398584775;0.9998639429587306;1.0;0.9997917744398874;1.0000054550725046;0.9999987916994448;0.9999999999999999;1.0021634167195752;0.9998600198027902;0.9999966274449593;1.0;1.0023265436763675;1.024999976158142;
2016-05-17 22:15:00;1.0;0.999963588509986;1.0;0.9999905656890575;0.9997951075067255;0.99998478886436;1.0024252454496565;0.9999773599861708;0.9998484966925333;0.9999999999999999;0.9999984831846319;1.0023544131531053;1.0023638063355456;0.9999763202829614;0.9999894512046928;1.0;0.9999969651305634;0.9997931883548316;1.0007987497824946;0.9999661497378328;0.9999944982962874;1.0;0.9999976283699509;1.0024206862939817;1.0024276573654582;1.0;1.0;0.9999870715068377;1.0012123964909876;1.0006942794146887;1.0003374768641367;1.0001532504405153;0.9998095844749;1.0;0.9997946075358384;1.0000127357690243;1.0000025131764154;1.0;1.0022054935951077;0.9998042228503238;0.9999958481873598;1.0;1.0023570357859126;1.024999976158142;
2016-05-17 22:30:00;1.0;0.9998800619241529;0.9999999999999999;0.9999870451141111;0.9996265526998153;0.9999801475877054;1.0026186630941971;0.9999670598040917;0.9997311931386701;1.0;0.9999968279105869;1.0024703904619148;1.002490150662232;0.9999528243750296;0.9999652290104833;0.9999999999999999;0.9999956021126648;0.9996252081754321;1.0008634191577854;0.9999398907557038;0.99999598477915;1.0;0.9999966639154468;1.0026091287809535;1.002623134910536;1.0;1.0;0.9999796408086216;1.001347003545225;1.0007998355059307;1.0003984877780483;1.0001879659950825;0.9996420120445949;1.0;0.9997992679161183;1.000035990581657;1.000015868444435;1.0;1.0023805879534617;0.999633344281055;0.9999969645750849;0.9999999999999999;1.0024728953675246;1.024999976158142;
2016-05-17 22:45:00;1.0;0.9999034167716644;1.0;0.9999864372327228;0.99964492939058;0.9999785680139304;1.002663064008586;0.9999660001921888;0.9997420437350758;1.0;0.9999974601528457;1.002531468378442;1.0025486225957947;0.9999563689121027;0.9999719236214077;0.9999999999999999;0.9999955770249953;0.9996429539433946;1.0008776274287894;0.9999422977614947;0.9999941533686078;1.0;0.9999966011744159;1.0026546513771128;1.0026671480304836;0.9999999999999999;1.0;0.9999795243681564;1.0013795214271968;1.0008245884754863;1.0004123188963798;1.00019425355934;0.9996631740255231;1.0;0.9997999280399315;1.000036537861401;1.0000158669075516;1.0;1.0024213701679192;0.9996545668323822;0.9999955853769262;0.9999999999999999;1.0025341474618696;1.024999976158142;
2016-05-17 23:00:00;1.0;0.9999128802410296;1.0;0.9999876018974039;0.9996969422289457;0.9999814970550799;1.0026037583098784;0.9999710853656726;0.9997804034709237;1.0;0.99999637259627;1.0024847267378154;1.002500804833311;0.999961801144903;0.9999746755782076;1.0;0.9999957804767073;0.9996954781836761;1.000858503955909;0.9999508838406365;0.9999956549667354;1.0;0.9999967870169983;1.0025958315379102;1.0026076635445615;1.0;1.0;0.9999822155911698;1.001360742734601;1.0008219613228433;1.0004149504248105;1.000198565366929;0.9997115260177506;0.9999999999999999;0.9998101184545491;1.0000459481438948;1.0000210611671791;1.0;1.0023674646752176;0.9997042849656012;0.9999967171851258;1.0;1.0024874752266104;1.024999976158142;
2016-05-17 23:15:00;1.0;0.9999004507062459;1.0;0.9999889876969966;0.9996956279439463;0.9999839467725521;1.0025623323080544;0.9999736798039309;0.9997822044156065;1.0;0.9999963352929818;1.00243286352206;1.002450168720514;0.9999614468626102;0.9999710810553403;0.9999999999999999;0.9999960101683194;0.9996942144437525;1.0008448055756984;0.9999512953278266;0.9999958189020806;1.0;0.999996959869527;1.002553771950025;1.002566485230085;1.0;1.0;0.9999834414801864;1.0013567699418258;1.0008287630682546;1.000418690971762;1.0001973098280492;0.9997083185011003;1.0;0.999821331187076;1.000037095128571;1.0000163931355677;1.0;1.002329624602321;0.9997011558876852;0.9999968414544472;1.0;1.0024354242998292;1.024999976158142;
2016-05-17 23:30:00;0.9999999999999999;0.9999583195397809;1.0;0.9999892954244373;0.9997970257723512;0.9999840189563168;1.0024167745231625;0.999976893229735;0.9998493765459096;1.0;0.9999967767544795;1.0023447025351142;1.0023551051118662;0.9999747472179427;0.9999878981550336;1.0;0.9999965112709096;0.9997958525731782;1.0007967963443731;0.9999663410720564;0.9999966037450597;1.0;0.9999973461296974;1.0024117451799497;1.0024194110966946;1.0;1.0;0.9999863288980538;1.00125632832391;1.0007539373974954;1.0003760920414886;1.0001753975025587;0.9998096254601246;1.0;0.9998218884786724;1.0000278514398624;1.0000107333411639;1.0;1.0021977146144145;0.9998045933714858;0.9999974350325529;1.0;1.0023475066169734;1.024999976158142;
2016-05-17 23:45:00;0.9999999999999999;0.9999654740887962;1.0;0.9999927470694184;0.9998426297268085;0.9999894385196182;1.0023455634262586;0.999984316620242;0.9998863244335203;1.0;0.9999975053392126;1.0022768181620714;1.002285895946255;0.9999817019772654;0.9999899690894163;1.0;0.999997259698024;0.9998407411284487;1.0007725595261154;0.9999746017586749;0.999994598947168;1.0;0.9999978476436263;1.0023408631471653;1.002348137622508;1.0;0.9999999999999999;0.9999906285360408;1.0012219042730592;1.0007370000448885;1.0003686271800347;1.0001736109132533;0.9998532138263161;1.0;0.9998304940277568;1.0000323395374973;1.0000136805638558;1.0;1.0021331254485404;0.9998490035440694;0.9999959247253899;1.0;1.002279392099852;1.024999976158142;
2016-05-18 00:00:00;1.0;0.9999667760807195;1.0;0.9999954829103306;0.9998743033115775;0.9999933180299394;1.0022986015462414;0.9999892428273458;0.9999109014722488;1.0;0.9999985697721091;1.0022339461031646;1.0022427341474853;0.999985724895636;0.9999903411896827;1.0;0.9999981352391858;0.9998726690023436;1.0007571296017472;0.9999800975839742;0.9999953364996154;1.0;0.9999985108527917;1.002294441597118;1.0023007829009787;1.0;1.0;0.9999935129786908;1.0011933881404678;1.000718394993818;1.0003565004330797;1.0001658089124368;0.9998820208735084;1.0;0.9998346756125532;1.0000249939806514;1.0000096530828495;1.0;1.002090263012204;0.999878657240624;0.9999964827941702;1.0;1.0022364504179633;1.024999976158142;
2016-05-18 00:15:00;1.0;0.9999765267400821;1.0;0.9999931512493339;0.9998737829532499;0.9999904478371139;1.0022893588601276;0.9999865281691401;0.999908411737894;1.0;0.9999971308224088;1.0022330799434656;1.0022406242675916;0.9999853788114303;0.9999931889932314;1.0;0.9999973595964774;0.999872035213516;1.000754056737373;0.9999795424995725;0.9999950201401524;1.0;0.9999979311659084;1.0022852979262122;1.0022916897872336;1.0;1.0;0.9999919383742285;1.0012071556243265;1.0007356138277705;1.0003672096952294;1.0001691943123538;0.9998832075347295;1.0;0.9998419301980259;1.0000208892244369;1.000007333009643;1.0;1.0020820735066593;0.9998797240131624;0.9999962426822702;1.0;1.0022355842560997;1.024999976158142;
2016-05-18 00:30:00;0.9999999999999999;0.9999755140874852;1.0;0.9999949745648867;0.999901685047581;0.999993634452342;1.002275891287799;0.9999908710829418;0.9999303946749261;1.0;0.999997132539111;1.0022204295291124;1.002228226986324;0.9999884175778223;0.9999928995945432;1.0;0.9999978231853099;0.999900231437666;1.00074972156311;0.9999844568520653;0.9999958657404792;1.0;0.9999982935102643;1.0022719027993718;1.00227813029712;1.0;1.0;0.9999942490163516;1.0011789747350042;1.0007105304374917;1.0003427481369038;1.0001499357363763;0.9999081627620479;1.0;0.9998442674779076;0.9999954860762523;0.9999928496805941;1.0;1.0020696966096063;0.9999054654993839;0.9999968817099409;1.0;1.0022230033220823;1.024999976158142;
2016-05-18 00:45:00;1.0;0.9999822374532126;1.0;0.9999970108808054;0.9999266761515279;0.9999958981274257;1.0022457624026113;0.9999937110843249;0.9999484400910119;1.0;0.9999986676930359;1.0021986170936097;1.0022056214891333;0.9999919298399507;0.9999948367586069;1.0;0.9999986627680556;0.9999254139895833;1.0007398686261457;0.9999884880899683;0.9999964154193229;0.9999999999999999;0.999998925803133;1.0022426921016403;1.0022474163453694;1.0;1.0;0.9999961691321019;1.0011644133221353;1.0007048235391647;1.0003370876956768;1.0001449483444134;0.9999317958440973;1.0;0.9998517926968913;0.9999879664055243;0.9999885472798441;0.9999999999999999;1.0020422250535042;0.9999297201657227;0.9999972962060135;1.0;1.0022012199241117;1.024999976158142;
2016-05-18 01:00:00;1.0;0.9999808651360637;1.0;0.9999976361218128;0.9999246566660619;0.9999965183424061;1.0022152365936974;0.9999942011207749;0.9999475684532625;1.0;0.999999230177811;1.0021652691193341;1.0021725327928404;0.999992103967938;0.999994435831831;1.0;0.9999988631475064;0.9999232321065842;1.0007296879386;0.9999882931738533;0.9999959568072232;1.0;0.9999990621170415;1.0022121428349537;1.0022168701165515;1.0;1.0;0.9999965296438875;1.0011551985840539;1.0007172194074399;1.0003403515624165;1.0001486034008586;0.9999299300571741;1.0;0.9998763210704245;0.9999945408774449;0.999992180724836;1.0;1.002014495444677;0.9999277612787332;0.9999969497549684;1.0;1.0021679181315821;1.024999976158142;
2016-05-18 01:15:00;1.0;0.9999803550123725;1.0;0.9999972439322798;0.9999137100928518;0.9999958851911513;1.0022119123336186;0.9999932632638219;0.9999399984517261;1.0;0.9999991645008354;1.0021564622046555;1.0021641667729804;0.999991335469864;0.9999943057878313;1.0;0.9999986495038807;0.9999118459866269;1.000728194140315;0.9999866035689102;0.9999947016649287;1.0;0.9999988738162492;1.0022084598356509;1.0022137911724622;1.0;1.0;0.9999960392991754;1.0011475655964666;1.0007077574966663;1.0003344384469666;1.0001449073873365;0.9999203801715718;0.9999999999999999;0.9998724398308254;0.9999912907329279;0.9999899679128424;1.0;1.0020116064500666;0.9999178052797432;0.999996006299052;1.0;1.0021593217263904;1.024999976158142;
2016-05-18 01:30:00;0.9999999999999999;0.9999790529710013;0.9999999999999999;0.9999955300998714;0.9999087992817352;0.9999943921260636;1.002234432178678;0.9999919613775409;0.9999362268279299;1.0;0.9999973861094106;1.0021792868905814;1.0021867345320932;0.9999899284809955;0.999993933691769;1.0;0.9999979230333517;0.9999069825833184;1.0007357481375656;0.9999857602665221;0.9999948389413778;1.0;0.9999983416503069;1.0022305089689327;1.0022366935231952;1.0;1.0;0.9999949609385198;1.0011600420871862;1.000709169669174;1.0003380808612592;1.0001468209484934;0.9999156399315159;1.0;0.9998615127260784;0.999992213291404;0.9999909001152028;0.9999999999999999;1.0020321369723382;0.999912970843161;0.9999961076878865;0.9999999999999999;1.0021819165296613;1.024999976158142;
2016-05-18 01:45:00;1.0;0.9999799962552711;1.0;0.9999969215380214;0.9999216950443494;0.9999960710905152;1.0021861908700254;0.9999939406333241;0.9999459924311619;1.0;0.9999982825451816;1.0021325697206263;1.0021401199796167;0.999991654299442;0.9999941910161062;1.0;0.9999984537937462;0.9999200391866649;1.0007200047309717;0.9999879409838889;0.9999952980620698;1.0;0.9999987441588916;1.0021826166963532;1.0021881750817263;1.0;1.0;0.9999961997767901;1.0012080944751194;1.0007903633936572;1.0003901250134917;1.0001760313718655;0.9999273661072678;1.0;0.999909028572149;1.000010813105633;1.0000012024427563;1.0;1.0019882326186298;0.9999250556798348;0.9999964535235824;1.0;1.0021353172439207;1.024999976158142;
2016-05-18 02:00:00;1.0;0.9999847671895363;1.0;0.9999974587584182;0.9999303613028986;0.999996120669116;1.0021149957974116;0.9999938714685269;0.9999506129247447;0.9999999999999999;0.9999993281414181;1.0020703409948621;1.0020772115024932;0.9999925909048013;0.9999955684556088;1.0;0.9999989238462214;0.9999291711908465;1.0006969259866954;0.9999889739502081;0.9999966186219067;1.0;0.9999991232994337;1.0021122609838542;1.0021164240740505;0.9999999999999999;1.0;0.9999964256416325;1.0012016865214761;1.0008130967389872;1.0004034692221544;1.0001832463092406;0.9999354689982537;1.0;0.9999402000246305;1.0000147398762431;1.0000034985009945;1.0;1.0019233805250058;0.9999334882853723;0.9999974504158854;1.0;1.002073045701869;1.024999976158142;
2016-05-18 02:15:00;0.9999999999999999;0.9999814429468797;1.0;0.9999967651901653;0.9999341130185277;0.9999956496785074;1.0021252731003318;0.9999935351287027;0.9999523943281154;0.9999999999999999;0.9999984490146555;1.0020836907475739;1.002090880197914;0.9999916023686135;0.9999946044572122;1.0;0.9999987767709967;0.9999337087816299;1.0007010188979615;0.9999893716403475;0.9999988487254636;1.0;0.9999990699943851;1.002122533450242;1.0021266362337644;1.0;1.0;0.99999597427806;1.0011999132246867;1.0008068268767003;1.0003996707916802;1.0001814259254138;0.9999374450059111;1.0;0.9999347440848865;1.0000143200882095;1.000003360875191;1.0;1.001932525494618;0.9999358392123339;0.9999991311556569;1.0;1.0020863395441868;1.024999976158142;
2016-05-18 02:30:00;0.9999999999999999;0.9999841156137949;1.0;0.9999969027662158;0.9999388103789548;0.9999956766883271;1.0021102777804698;0.9999936326305219;0.999955301049552;1.0;0.9999986999532402;1.0020732032904769;1.0020797879514993;0.9999921981139089;0.9999953839943376;1.0;0.9999988970469191;0.9999384965157802;1.000696147426441;0.9999900211645133;0.9999991069837478;1.0;0.9999991649879685;1.002107869113895;1.0021114601282493;1.0;1.0;0.999996112984209;1.0011894319969812;1.0007971713428758;1.0003944190219254;1.000178076185359;0.9999420440081639;1.0;0.9999325261370269;1.0000112136777426;1.000001864065269;1.0;1.0019188651431026;0.9999405632745489;0.999999325624295;1.0;1.002075707203622;1.024999976158142;
2016-05-18 02:45:00;0.9999999999999999;0.9999825242203978;1.0;0.9999960671732044;0.9999370312403854;0.9999952484873411;1.0021263607073712;0.9999934899403664;0.9999546432272804;1.0;0.9999974795363757;1.0020854657782172;1.0020924290159419;0.9999916690042819;0.9999949292039176;1.0;0.9999984226208544;0.9999365657109726;1.000701363946171;0.9999898741776775;0.9999986769619197;0.9999999999999999;0.9999988046483036;1.002123393843723;1.0021279392083786;1.0;1.0;0.9999957769271631;1.0012101325763862;1.0008173148943316;1.000407007165271;1.0001850205443013;0.9999403506704343;1.0;0.9999370681028655;1.0000153774011846;1.0000040414756832;1.0;1.001933592678288;0.999938789042716;0.9999990011486356;1.0;1.0020880683148516;1.024999976158142;
2016-05-18 03:00:00;1.0;0.9999756552176855;1.0;0.999997222107864;0.9999210936314085;0.9999960294023917;1.0021002377854855;0.999993436665846;0.9999440485915877;1.0;0.9999989458644862;1.0020497393819456;1.0020579312975173;0.9999905409786854;0.9999929539319948;0.9999999999999999;0.9999988701122221;0.9999203968067201;1.0006924930315533;0.9999875086457054;0.9999980198323418;1.0;0.9999991182804736;1.00209709501715;1.0021017681136082;1.0;1.0;0.9999959532075098;1.0011965364500433;1.0008107567751383;1.0004038689134218;1.0001844495416725;0.9999250080600371;1.0;0.9999407850382364;1.0000178341562485;1.0000050713655944;1.0;1.0019097805242974;0.999923033038523;0.9999985061842548;1.0;1.0020525426386386;1.024999976158142;
2016-05-18 03:15:00;0.9999999999999999;0.999981223921259;1.0;0.9999970932149594;0.9999343614671328;0.9999959440301875;1.0021079993037694;0.9999937766236614;0.9999526803268638;1.0;0.9999987801487829;1.0020643275008476;1.0020720088515511;0.9999917831151904;0.999994550605981;0.9999999999999999;0.9999989130469009;0.9999339449306618;1.000695339409716;0.9999894356433127;0.9999988190058997;1.0;0.9999991695819425;1.002105239800809;1.0021093350610346;1.0;0.9999999999999999;0.9999961656786948;1.0012099152394633;1.0008290040877437;1.000411112056716;1.0001863278123675;0.9999376545623144;0.9999999999999999;0.9999522378932977;1.0000138436336838;1.0000026331012253;1.0;1.001916850394773;0.999936052880309;0.9999991072734141;1.0;1.002067233007578;1.024999976158142;
2016-05-18 03:30:00;0.9999999999999999;0.9999835378016564;1.0;0.9999969570754855;0.9999419084882388;0.9999960415552;1.0020907159443346;0.9999942400680994;0.9999580797636398;1.0;0.9999983833699527;1.0020518368519358;1.0020586749031664;0.9999925065473652;0.9999952153688335;0.9999999999999999;0.9999988273918855;0.9999415425044409;1.0006896912031527;0.9999906414854207;0.9999989629457049;1.0;0.9999991099900208;1.0020881179372603;1.0020920216378426;1.0;1.0;0.9999963675529294;1.0011939304866062;1.0008149804692648;1.000407184933579;1.0001889474230736;0.9999448436338991;1.0;0.9999472164575663;1.000026975957672;1.0000105972285844;1.0;1.0019011308853132;0.9999434250950897;0.9999992158981407;1.0;1.0020544393012316;1.024999976158142;
2016-05-18 03:45:00;1.0;0.9999906912646547;1.0;0.999996764417412;0.9999556387769392;0.9999958362661948;1.0020470282101805;0.9999944866667687;0.999966972037705;1.0;0.9999982231369885;1.0020137644009348;1.0020203748095349;0.9999939972564555;0.9999972929133294;1.0;0.9999988358610264;0.9999554459296792;1.0006754559502558;0.9999926282684288;0.9999994532531475;0.9999999999999999;0.9999991283739638;1.0020447519956805;1.0020481862924233;1.0;1.0;0.9999965726275548;1.0011664873921766;1.0007937330805998;1.0004014094216684;1.0001914872029212;0.999958287994945;1.0;0.9999422397822438;1.000042339672656;1.000018615187546;1.0;1.0018614969009303;0.9999572093993377;0.9999995867592016;1.0;1.0020167392582782;1.024999976158142;
2016-05-18 04:00:00;0.9999999999999999;0.9999857790101296;0.9999999999999999;0.9999970495095262;0.9999433121372417;0.9999959633670312;1.0020796524094882;0.9999941330622069;0.9999587694486798;1.0;0.9999986658113388;1.0020403993366114;1.0020475329886132;0.999992872115511;0.9999958611127053;1.0;0.9999989091592106;0.999942907896625;1.0006860356977876;0.9999907955489138;0.9999988499260859;1.0;0.9999991675787044;1.0020771243664095;1.0020809058430205;0.9999999999999999;1.0;0.999996402617811;1.001186207582275;1.0008063049361815;1.0004073832242584;1.0001930821983178;0.9999465192626221;1.0;0.9999405316461834;1.0000391830246467;1.0000169307641549;1.0;1.0018911393866072;0.9999451056669932;0.9999991320945224;1.0;1.002043318313067;1.024999976158142;
2016-05-18 04:15:00;1.0;0.9999872199775978;1.0;0.9999973613323972;0.999951455229066;0.9999965197621412;1.0020499394005062;0.9999950025918978;0.9999647761519627;0.9999999999999999;0.9999986516968895;1.0020141673322775;1.0020207722854635;0.9999937951290995;0.9999962973983574;1.0;0.9999990014134129;0.9999511306260315;1.0006762528142663;0.9999921382707041;0.999999081658549;1.0;0.9999992411649978;1.0020476072863775;1.0020510989160276;1.0;1.0;0.9999968885518125;1.0011688734127233;1.000793282028176;1.0004021324469683;1.0001916270047069;0.9999540833771565;1.0;0.9999390631740543;1.0000417954682568;1.0000187388015767;0.9999999999999999;1.0018640799971785;0.9999528860089478;0.9999993061908355;1.0;1.0020169009918216;1.024999976158142;
2016-05-18 04:30:00;0.9999999999999999;0.9999903266684671;0.9999999999999999;0.9999972479366736;0.9999572935588006;0.9999966820610113;1.0020480435106223;0.9999955705710089;0.9999694715081917;1.0;0.9999982257583467;1.0020110687255022;1.0020177546461024;0.9999947572440677;0.9999972009683791;1.0;0.9999988333083509;0.9999566870861509;1.0006753749769504;0.9999931870313509;0.9999982824374197;0.9999999999999999;0.9999990974900144;1.0020455219252729;1.002049388059156;1.0;1.0;0.999997173984215;1.0011590965438488;1.0007858336302278;1.0003946342271528;1.0001870799488823;0.9999602314159368;1.0;0.9999410555968911;1.0000380770502826;1.0000161708703108;1.0;1.0018625066520068;0.9999590607429456;0.9999987040479983;1.0;1.0020140629662404;1.024999976158142;
2016-05-18 04:45:00;1.0;0.9999944461200916;1.0;0.999997582485845;0.9999699614727752;0.9999972142049854;1.0020399792583532;0.9999965418903457;0.9999784111636297;1.0;0.9999982892530924;1.0020102815414058;1.0020158689491339;0.9999962432177312;0.9999983939544358;1.0;0.9999989697692104;0.9999694637153297;1.0006727734256966;0.9999951834808217;0.9999985971941642;1.0;0.9999992056999085;1.0020378926899172;1.0020411188744047;1.0;1.0;0.9999977620487813;1.0011533839613194;1.000778455296521;1.0003917499055237;1.0001854187321146;0.9999723074927392;1.0;0.9999366639848078;1.000036912249407;1.0000160785241725;0.9999999999999999;1.0018551318331244;0.9999714513901274;0.9999989398722714;1.0;1.0020129592320557;1.024999976158142;
2016-05-18 05:00:00;1.0;0.9999956770698686;1.0;0.9999980991674352;0.999965519404135;0.9999971711337432;1.002039633273196;0.9999960347225845;0.9999746295604338;1.0;0.9999994070667267;1.0020112755653987;1.0020166762936784;0.9999962137350411;0.9999987404793367;0.9999999999999999;0.9999993059385992;0.9999649833917771;1.0006726041058727;0.9999943389601391;0.9999984835535547;1.0;0.9999994508101666;1.002037922689469;1.0020405021367014;1.0;1.0;0.9999977335006109;1.0011607559692353;1.0007883688806003;1.000394911489843;1.0001840612762927;0.9999684891185402;1.0;0.9999433040870411;1.0000286021566556;1.0000114167371683;0.9999999999999999;1.0018547789503602;0.9999675023254118;0.9999988556063256;0.9999999999999999;1.002013933867705;1.024999976158142;
2016-05-18 05:15:00;1.0;0.9999959664027088;1.0;0.9999968930898824;0.9999705938626902;0.999996296082398;1.0020650891479415;0.9999955741212059;0.9999776769314002;0.9999999999999999;0.9999979456785217;1.0020365279982817;1.002042632597171;0.9999957500936749;0.9999988231637874;1.0;0.9999988466201825;0.9999704316896433;1.0006813839540556;0.9999950193258323;0.9999995416625654;1.0;0.9999991384555258;1.002063022919056;1.0020661883176216;1.0;1.0;0.9999971786745994;1.00117304167314;1.00079656718559;1.000395894264404;1.0001818934646969;0.999972722962247;1.0;0.9999446081117096;1.0000207555357543;1.0000062556583007;0.9999999999999999;1.001877959741603;0.9999719811507507;0.999999653737356;1.0;1.0020395918139042;1.024999976158142;
2016-05-18 05:30:00;1.0;0.9999904010512809;1.0;0.9999970772082153;0.9999547447062995;0.9999962111793302;1.0020783300788234;0.9999948617453914;0.9999668675417239;1.0;0.9999984276868219;1.0020445358286294;1.0020508501103986;0.9999942542921582;0.9999972134749058;1.0;0.9999988911445055;0.999954340461061;1.000685521268919;0.9999926053021646;0.9999988537068674;1.0;0.9999991543007483;1.0020760524156553;1.0020795104635316;1.0;1.0;0.9999968224751817;1.0011786117698773;1.0007994379349634;1.000395479133475;1.0001800105579417;0.9999576751864377;1.0;0.9999444882770288;1.0000156308661612;1.0000038416357604;1.0;1.0018899475011522;0.9999565081394827;0.9999991350502674;1.0;1.0020473293735421;1.024999976158142;
2016-05-18 05:45:00;1.0;0.9999940873617795;1.0;0.9999979361971569;0.9999667039820282;0.9999972145722213;1.0020648757929118;0.999996197895981;0.9999756028595277;1.0;0.9999990196861346;1.0020368789134775;1.0020422522677486;0.9999959912983599;0.9999982791824804;1.0;0.9999992207981871;0.999966308904232;1.0006810394028298;0.9999945561802444;0.9999988834421532;1.0;0.9999993979342916;1.0020630845315084;1.0020657913154383;1.0;1.0;0.999997709589524;1.001163174267208;1.0007871355564344;1.0003859723770292;1.0001740603936429;0.9999691552093164;1.0;0.9999453133008573;1.0000103592306622;1.0000013282944054;1.0;1.0018776720812452;0.9999682553711335;0.9999991568937924;1.0;1.0020394118247133;1.024999976158142;
2016-05-18 06:00:00;1.0;0.9999949536747226;1.0;0.9999985087761906;0.9999729560208552;0.9999979311269176;1.0021057758474659;0.999997088481589;0.9999803371344321;1.0;0.9999993583693029;1.0020774628188347;1.002083116382678;0.9999968505694065;0.9999985337505372;1.0;0.9999994281682677;0.9999726007618687;1.000694472415013;0.9999956134609982;0.999998998397523;1.0;0.9999995535804761;1.0021040723870993;1.0021066088457493;0.9999999999999999;1.0;0.9999982637978333;1.0011861974248466;1.0008075293485132;1.0003959765466217;1.0001807744200595;0.9999749516769628;1.0;0.9999500198794242;1.0000173228103817;1.000004880950872;1.0;1.0019148285479789;0.9999742108708866;0.9999992432241912;1.0;1.0020802101910435;1.024999976158142;
2016-05-18 06:15:00;0.9999999999999999;0.9999969056143918;1.0;0.9999981356522059;0.9999704236312029;0.9999975917281839;1.0021257001859551;0.9999968482752927;0.9999789775634152;1.0;0.9999989880397444;1.002096026172669;1.002101356152862;0.9999970053237791;0.9999990968150013;0.9999999999999999;0.9999991705690092;0.9999696256294311;1.0007006676251757;0.9999953096945502;0.9999977401815152;1.0;0.9999993326582834;1.0021237840348123;1.002126755504789;1.0;1.0;0.9999981172589211;1.0011802018517821;1.000796385806744;1.0003906061170371;1.0001822211924005;0.999973468413865;0.9999999999999999;0.9999418356147911;1.0000288780155864;1.0000114892995098;1.0;1.0019330902834138;0.9999725052868926;0.9999982953629842;1.0;1.0020987309490035;1.024999976158142;
2016-05-18 06:30:00;1.0;0.999989171635215;1.0;0.9999968457399165;0.9999598886918608;0.9999964637529286;1.0021318649774822;0.9999955102067329;0.9999710578595007;1.0;0.9999976530044434;1.0020339968538394;1.0020560660640896;0.9999944175445362;0.9999968603859924;1.0;0.9999987056683912;0.9999595839942718;1.0007036629355182;0.9999935408506803;0.9999991387081284;1.0;0.9999990245638675;1.0021261107528168;1.002134507081798;0.9999999999999999;0.9999999999999999;0.999996987393701;1.001100475297931;1.0007235157817802;1.0003212857680182;1.0001382891816641;0.9999620614807433;0.9999999999999999;0.9999453133008571;0.9999887677549267;0.999973362514994;1.0;1.0019397811426638;0.9999610617024526;0.9999993490243193;1.0;1.0020453399398142;1.024999976158142;
2016-05-18 06:45:00;0.9999999999999999;0.9999831020704764;0.9999999999999999;0.9999972392011528;0.9999409726023432;0.9999962907560687;1.0021908890278666;0.9999944126667316;0.9999575775581754;1.0;0.9999986709700501;1.0019616218403276;1.002015139713593;0.9999925957829822;0.9999950978407686;1.0;0.9999989291028256;0.9999405468910993;1.0007237572635013;0.9999905302808294;0.9999987937659244;0.9999999999999999;0.9999991807741553;1.002178641887535;1.0021960440210314;0.9999999999999999;1.0;0.9999965183024527;1.001178734700863;1.0007682491570515;1.00035151174895;1.000139838405987;0.9999439902799444;1.0;0.999926515439441;0.999953253662497;0.9999232095652614;1.0;1.001995649086323;0.9999425339896174;0.9999990889291392;1.0;1.00198977775059;1.024999976158142;
2016-05-18 07:00:00;1.0;0.999985776460819;1.0;0.9999968220118222;0.9999336623119808;0.9999951527042543;1.0023177087932154;0.9999927880483166;0.9999510675494067;1.0;0.9999991504609471;1.0020429834357742;1.0021080019480417;0.9999919375413859;0.9999958708745703;1.0;0.9999989474893407;0.9999332258637601;1.0007657516256847;0.9999890755069708;0.9999987619158952;1.0;0.9999991935745021;1.0023032913458676;1.0023236814273773;1.0;1.0;0.9999957843385671;1.001037899592575;1.0006141476961645;1.0001902951650379;1.0000292101106545;0.9999377528127753;1.0;0.9999206082152214;0.9998349982855039;0.9998447202403029;1.0;1.0021117866840172;0.9999360938796075;0.9999990644068504;1.0;1.002077626805094;1.024999976158142;
2016-05-18 07:15:00;1.0;0.9999914858218348;1.0;0.9999906366636717;0.9998542269733324;0.9999844467618981;1.002481102843504;0.9999784822674301;0.9998859130539594;1.0;0.9999990010364153;1.0021221026397007;1.0022082652727542;0.999982356061981;0.9999975252276176;1.0;0.9999975766123749;0.9998536711145504;1.00082032077567;0.9999745130573435;0.9999983848172006;1.0;0.9999981747158105;1.002462373857509;1.0024888468015;1.0;0.9999999999999999;0.999988169301028;1.001125601760692;1.0006794812883033;1.0002187918501872;1.0000429229543621;0.9998662979017874;0.9999999999999999;0.9999265436733906;0.9998387689621289;0.9998253019298465;1.0;1.0022621393549973;0.9998626186779142;0.9999987801748493;1.0;1.0021687292274486;1.024999976158142;
2016-05-18 07:30:00;1.0;0.999986428881945;0.9999999999999999;0.9999910448542048;0.9998688931281361;0.9999865949835387;1.002515496445424;0.9999818644189318;0.9998996050964293;1.0;0.9999973112105318;1.0021999057853916;1.002274198503887;0.9999837433514351;0.9999960520786607;1.0;0.9999972341217654;0.9998680860360177;1.0008310275063976;0.9999775753067756;0.9999976798641538;1.0;0.999997904640215;1.0024984510921011;1.0025228128283632;1.0;1.0;0.9999895835951148;1.001117958345612;1.0006677717618582;1.0002052099724583;1.0000357510643862;0.999879176749116;1.0;0.9999246849199928;0.9998354948607979;0.9998356654918885;1.0;1.0022925243698106;0.9998758119403354;0.9999982495715296;1.0;1.002239674756976;1.024999976158142;
2016-05-18 07:45:00;1.0;0.9999150490236317;0.9999999999999999;0.9999840815090029;0.9996890829760081;0.9999772592551749;1.0028536192951332;0.9999665983968355;0.9997709261243715;1.0;0.9999941059172301;1.002370622021835;1.0024782320410603;0.9999585572391844;0.999975298961148;1.0;0.999994828805048;0.9996886175620299;1.000944148397139;0.9999487581860781;0.9999984667078391;0.9999999999999999;0.999996155552045;1.0028266501866947;1.002865207375783;1.0;0.9999999999999999;0.9999793024613766;1.0013140839010766;1.0008009463497718;1.000261344690497;1.0000495131548635;0.9997035101498245;1.0;0.9999224055683451;0.999802417970068;0.9997931229631772;1.0;1.0026013563389504;0.9996963908793446;0.9999988366500914;1.0;1.002423681367876;1.024999976158142;
2016-05-18 08:00:00;1.0;0.9999572382266719;1.0;0.9999874970050061;0.9997835265907651;0.9999812317235024;1.0027205709790565;0.9999733341519477;0.9998367117984459;1.0;0.9999963605635066;1.0022721422241463;1.0023764662459045;0.9999718064886656;0.9999875733966843;1.0;0.9999962355763256;0.9997831407558814;1.0008999491741615;0.9999635013163571;0.9999988120755038;1.0;0.9999971981277274;1.0026963163762537;1.0027307965633627;1.0;1.0;0.9999842432743883;1.0011837230995149;1.000698843438885;1.0001935174912697;1.000014540138705;0.9997962136741181;1.0;0.9999243395336319;0.9997877292324245;0.9997827153319121;1.0;1.0024806752034967;0.9997911165517502;0.9999990997466407;1.0;1.0023263394194197;1.024999976158142;
2016-05-18 08:15:00;1.0;0.9999779008031011;1.0;0.9999886435640187;0.9998230940398665;0.9999824443452181;1.0026829962716703;0.999975723443258;0.9998639198320735;1.0;0.9999972532636909;1.0022224963953363;1.002332020030876;0.9999775844674818;0.9999935834272039;1.0;0.9999967302953453;0.9998225887481811;1.0008873367075724;0.999969598777778;0.9999985178826651;1.0;0.9999975544263937;1.0026585130706755;1.0026932373352515;1.0;1.0;0.9999861203681922;1.0011468350090507;1.0006662376466458;1.0001695400496897;0.9999975288689195;0.9998356875215522;1.0;0.999923155395416;0.9997689602891857;0.9997644016239497;1.0;1.0024471731441378;0.9998313689370507;0.999998880290625;1.0;1.0022809816628089;1.024999976158142;
2016-05-18 08:30:00;1.0;0.9999814397662538;1.0;0.9999922199862776;0.9998702596043204;0.9999879518981393;1.0027875258794627;0.9999830860363671;0.9999012235507044;1.0;0.9999981396640593;1.0022131932570482;1.0023511260187399;0.99998381930176;0.9999946175391865;0.9999999999999999;0.9999976951969971;0.9998697236430245;1.0009221043867156;0.9999779363632267;0.9999984523899639;1.0;0.9999982635188464;1.0027574969749693;1.0027998960291529;1.0;1.0;0.9999903127829618;1.0010679681883956;1.0005177814110906;1.0000613185831795;0.9999208539155158;0.9998793334078894;1.0;0.9998395454623906;0.9996838123248658;0.9996878460766883;1.0;1.0025442104440978;0.999876126661401;0.9999988312490837;0.9999999999999999;1.0022874946958868;1.024999976158142;
2016-05-18 08:45:00;1.0;0.9999876571865535;1.0;0.9999946021012026;0.9999033368659301;0.9999914031436844;1.0027977539127972;0.9999877854034488;0.9999269148877238;1.0;0.9999989883802809;1.0022135658223499;1.0023543224088844;0.9999885557176519;0.9999964083493942;1.0;0.999998368916048;0.999902607819308;1.000925204152768;0.9999836776076801;0.9999979200809093;1.0;0.9999987465854351;1.0027674750021771;1.0028101683742598;1.0;0.9999999999999999;0.9999931108179689;1.0010538279509977;1.0005289311520076;1.000047045330831;0.9999097474075158;0.9999107189068885;1.0;0.9998791240874894;0.9996700119177782;0.9996764473850347;0.9999999999999999;1.0025537775569173;0.9999082085654256;0.9999984293383107;1.0;1.0022898433547678;1.024999976158142;
2016-05-18 09:00:00;1.0;0.9999900413917608;1.0;0.9999930823331485;0.9999019994177247;0.9999899071496434;1.0029260225872825;0.9999865043576117;0.9999253120103692;1.0;0.9999976121992855;1.0023886858805398;1.0025180590986662;0.9999878949808376;0.9999971019470758;1.0;0.9999977673719443;0.9999012488968905;1.0009669934871808;0.9999833191437535;0.9999978598421077;0.9999999999999999;0.9999983016755317;1.0028977770690717;1.0029377841272842;1.0;0.9999999999999999;0.9999921878442832;1.001094268030294;1.000513302108891;1.0000134727288148;0.9998580783922987;0.9999098959798068;1.0;0.9998457552971068;0.9995607636366841;0.9996254802756789;1.0;1.0026695639646488;0.9999073288735443;0.9999983830111722;1.0;1.0024588910378598;1.024999976158142;
2016-05-18 09:15:00;1.0;0.9999883764947408;1.0;0.9999949995039372;0.9999152799441337;0.9999926639934211;1.0027708755094538;0.9999898244255884;0.9999371013788386;1.0;0.9999983194928863;1.0022058221854988;1.002341373074787;0.9999901513516823;0.9999966314039415;1.0;0.9999982502541597;0.999914270596836;1.000915898301287;0.9999859554102702;0.9999971278942789;1.0;0.9999986394644711;1.002741360848124;1.0027831202230593;1.0;1.0;0.999994106789003;1.0009831664087225;1.0004349875331155;0.9999836008367765;0.9998626364099926;0.9999220619589113;1.0;0.9998389630181862;0.9996125844212048;0.9996490133464415;1.0;1.0025290449285755;0.9999197470189213;0.9999978336881924;0.9999999999999999;1.0022793003240313;1.024999976158142;
2016-05-18 09:30:00;0.9999999999999999;0.9999908350683088;1.0;0.9999938681392332;0.999902260091724;0.999990524091389;1.0028085349431908;0.9999869661484556;0.9999256918691998;1.0;0.9999985062730804;1.002238771869349;1.0023760069751033;0.9999884951206599;0.9999973375072069;0.9999999999999999;0.9999980883111494;0.9999013702084706;1.000928523361994;0.9999834051269758;0.9999974633482032;1.0;0.9999985284711576;1.002778865409842;1.002820794745417;1.0;1.0;0.9999926381869774;1.00107299659993;1.0005120269816068;1.0000464736841912;0.999899065405126;0.9999104230003211;1.0;0.9998375535629176;0.9996386913067445;0.9996617903704228;1.0;1.002563432047346;0.9999078110477179;0.999998085365063;1.0;1.0023133419572143;1.024999976158142;
2016-05-18 09:45:00;1.0;0.9999896785482382;1.0;0.9999950605326474;0.9999141954371576;0.9999922128979987;1.0028348427482783;0.9999890229755585;0.9999350373043729;1.0;0.9999989747331746;1.0022455543596085;1.002387906133494;0.9999898587335658;0.9999970035010437;1.0;0.9999984881200022;0.9999135200925742;1.0009372995663521;0.9999854946034926;0.9999980728287582;1.0;0.9999988382184531;1.0028043228047776;1.0028473440644137;1.0;1.0;0.9999938115441115;1.0010178629814623;1.0004186688166516;0.9999890137659722;0.9998623299906221;0.999920879139186;1.0;0.9997821636871372;0.9996053696536117;0.9996380200430901;1.0;1.0025875533015658;0.9999186382317281;0.9999985468620785;0.9999999999999999;1.0023228485114297;1.024999976158142;
2016-05-18 10:00:00;0.9999999999999999;0.9999891007322336;0.9999999999999999;0.999992313981104;0.9999154578073981;0.9999902444432155;1.002880224324352;0.9999878470903653;0.999935943510514;0.9999999999999999;0.9999956252576582;1.0024368677084552;1.0025432217635584;0.9999884936441236;0.9999968348755766;0.9999999999999999;0.9999972379358714;0.9999148820072743;1.0009515394475665;0.9999856946616059;0.9999983516249883;1.0;0.9999979236722591;1.0028562514068993;1.0028904631160984;1.0;1.0;0.9999924892715181;1.0010459066299764;1.000440140408943;0.9999870503955925;0.9998469453846555;0.9999218263999169;0.9999999999999999;0.9997922671814257;0.9995616572479046;0.9996486662748822;1.0;1.0026262610442094;0.9999196523293136;0.9999987559992068;1.0;1.0024943940240283;1.024999976158142;
2016-05-18 10:15:00;1.0;0.9999938697821635;1.0;0.9999846542831445;0.9998945445918436;0.9999838983646229;1.0029333170361658;0.9999830284013063;0.9999225723361646;1.0;0.9999873112311243;1.002485801638662;1.002589680537241;0.9999848656875093;0.9999982187516746;0.9999999999999999;0.9999934764847703;0.9998921794128691;1.0009681296648911;0.9999827011382283;0.9999932564927471;1.0;0.9999950255355095;1.0029066781601537;1.002945961128251;1.0;1.0;0.9999883631003912;1.0011213196225;1.0005250605004916;1.0000549753476626;0.9999052034348818;0.9999055945834174;1.0;0.9998100933751911;0.9996456860478363;0.9996981136423438;1.0;1.0026755210825722;0.9999022871435517;0.9999949111620441;1.0;1.0025423027997347;1.024999976158142;
2016-05-18 10:30:00;1.0;0.9999911964501298;1.0;0.9999877693395396;0.999880653430886;0.9999852258909142;1.0028861015110984;0.9999825108431245;0.9999107644030812;1.0;0.9999921709793385;1.0023843494386686;1.0025025213104293;0.9999845444100945;0.9999974425316606;1.0;0.9999952406131092;0.9998787647607035;1.000953150294702;0.999980065757089;0.9999946095767397;1.0;0.9999963593400296;1.0028580555305289;1.0028986504170503;1.0;1.0;0.9999890122454543;1.0010885694263127;1.0005036521792676;1.000042050041578;0.9998994659752511;0.9998919349153157;0.9999999999999999;0.9998140352597984;0.9996455503942602;0.9996843700599273;1.0;1.0026332136404592;0.9998884656770419;0.9999959330373809;1.0;1.0024484976168873;1.024999976158142;
2016-05-18 10:45:00;1.0;0.9999939435556733;1.0;0.9999939402268396;0.9999188422410941;0.9999910741721396;1.0028489675794847;0.9999881902166121;0.9999374306547109;1.0;0.9999980048561777;1.002350308477427;1.0024710387915443;0.9999899092043197;0.9999982345884034;0.9999999999999999;0.9999981081805102;0.9999182923623633;1.0009416189948823;0.9999860275693417;0.9999984373076568;0.9999999999999999;0.9999985669586816;1.0028228593680422;1.002859784129553;0.9999999999999999;0.9999999999999999;0.999993221197907;1.0010152052217465;1.0004178387694884;0.9999867028200179;0.9998635932777346;0.9999256391157297;1.0;0.9997845065965792;0.9996121227382057;0.9996625571820335;1.0;1.0025988977013058;0.9999235207644707;0.9999988178306332;1.0;1.0024160483386642;1.024999976158142;
2016-05-18 11:00:00;1.0;0.9999945925489497;0.9999999999999999;0.999993946583992;0.9999067683982888;0.999990347312629;1.002829701804663;0.9999867908086797;0.9999280950775987;0.9999999999999999;0.9999988720392338;1.0022636044624997;1.0024006307205167;0.9999891041851631;0.9999984288007729;1.0;0.9999982300920969;0.999905997966785;1.0009354951860434;0.9999839436964478;0.9999978098619932;1.0;0.9999986413561506;1.0028003636105798;1.0028417613029126;1.0;1.0;0.9999926758527974;1.001041291819096;1.0004628833927163;1.0000091958483452;0.9998721493472751;0.9999149784567901;1.0;0.9998155173125889;0.9996077626944165;0.9996439723995434;1.0;1.0025826383980088;0.9999124899852279;0.9999983456846444;1.0;1.0023383212911376;1.024999976158142;
2016-05-18 11:15:00;1.0;0.9999940864782808;1.0;0.999995299056292;0.9999310266747123;0.9999932057562247;1.0028835056456036;0.9999909394558748;0.9999481914875907;1.0;0.9999982978380922;1.0023610270489955;1.0024869371522434;0.9999920284034421;0.9999982824282176;0.9999999999999999;0.9999983670213721;0.9999301061226226;1.0009525867839613;0.9999884328615161;0.9999973872420426;0.9999999999999999;0.9999987317618725;1.002856213949748;1.002894842503568;1.0;1.0;0.9999947817983037;1.0010441547318318;1.0004483805497466;0.9999781308252039;0.9998343496091376;0.9999372189399963;1.0;0.9998134168247115;0.999536418487627;0.9996145598888772;1.0;1.0026306845252673;0.9999352753331087;0.9999980279972674;1.0;1.002429616973731;1.024999976158142;
2016-05-18 11:30:00;1.0;0.999982378094077;1.0;0.9999921993338373;0.9998543520237817;0.9999884312066251;1.0030317865347225;0.9999838017766788;0.9998937889718859;1.0;0.9999975484005142;1.002395507984704;1.002544551827033;0.9999845137157013;0.9999948944443126;1.0;0.9999970331609142;0.9998516513997571;1.0010006799069693;0.9999762753998132;0.9999923200311338;1.0;0.9999976237225403;1.0029981600074236;1.0030461300324454;1.0;1.0;0.9999906940419915;1.0011240372258718;1.0004947458925133;1.000014484932457;0.9998647325735239;0.999867510677452;1.0;0.9997926600847541;0.9995804588529769;0.9996182517441349;1.0;1.0027675660150002;0.9998631984650667;0.9999942036509386;1.0;1.0024759646596513;1.024999976158142;
2016-05-18 11:45:00;1.0;0.9999802146574811;0.9999999999999999;0.9999929836265983;0.9998573242977407;0.9999899217396313;1.0030165687716828;0.9999857065253345;0.9998981347732647;1.0;0.9999974168012096;1.0024640858653038;1.0025911936124823;0.9999855161350786;0.999994248187395;1.0;0.9999970218766364;0.9998540767158014;1.00099459568197;0.9999772460376603;0.9999907749121639;0.9999999999999999;0.9999975770494547;1.0029870934616965;1.0030293795654972;1.0;1.0;0.9999916821813174;1.0011080165238921;1.0004836363460807;1.000018854672391;0.9998804473557862;0.9998705244598235;1.0;0.9997860666539319;0.999621833564848;0.9996635399708854;1.0;1.0027521872849094;0.9998661197449595;0.9999930373012575;1.0;1.0025323662568673;1.024999976158142;
2016-05-18 12:00:00;0.9999999999999999;0.9999866461923427;1.0;0.999993461699476;0.9998873846181334;0.999990465066422;1.0030068380948332;0.9999868627980868;0.9999172007547755;1.0;0.9999977474201468;1.0024875677016911;1.0026099818478478;0.9999875700427836;0.9999961124339097;0.9999999999999999;0.999997583063495;0.999885534185091;1.0009923744690867;0.9999815067999989;0.9999947372720817;1.0;0.999998088687369;1.0029793806027127;1.0030185032281551;0.9999999999999999;0.9999999999999999;0.9999924054465065;1.0011507943663327;1.000541144717047;1.000058747286651;0.9999049714831643;0.9998973199343879;0.9999999999999999;0.9998109013370554;0.999643036444413;0.9996793739504185;1.0;1.002742681877223;0.9998940598902054;0.9999960283590538;1.0;1.0025537222066252;1.024999976158142;
2016-05-18 12:15:00;1.0;0.9999911244396998;1.0;0.9999902354401238;0.9998482038826527;0.9999845498542174;1.0030682764609486;0.9999789021534015;0.9998836193748584;1.0;0.999998053451332;1.0025142215873097;1.0026463806717318;0.9999825252554088;0.9999974202031379;1.0;0.9999970515848582;0.9998466875012089;1.0010132044313764;0.9999740035021372;0.9999956686062812;1.0;0.9999977203531012;1.0030392061896407;1.0030804817376278;1.0;0.9999999999999999;0.9999882564238863;1.0011437187761063;1.0005050062075358;1.000014327444474;0.9998571745642567;0.9998618662486469;1.0;0.9997926880619638;0.9995588327363862;0.999621559275889;1.0;1.0027992536152757;0.9998577296839308;0.9999967308952655;1.0;1.0025860295557494;1.024999976158142;
2016-05-18 12:30:00;1.0;0.9999872943503743;1.0;0.9999913760870985;0.9998616504848264;0.9999866198672297;1.0030349241867205;0.9999815893386536;0.9998948544136604;1.0;0.9999979708155989;1.0024680198613667;1.0026033022469185;0.9999837902864764;0.9999963099041453;0.9999999999999999;0.9999973179744176;0.999860347024509;1.0010025146539219;0.9999765128275224;0.9999962727319046;1.0;0.9999979316425395;1.003005173580239;1.0030473662464037;1.0;0.9999999999999999;0.9999896034155389;1.001142776853435;1.0005109766490001;1.0000286365695126;0.9998724894164484;0.9998732935884003;1.0;0.9997923928522967;0.9995853902856259;0.999633972514472;0.9999999999999999;1.0027690641805196;0.9998695816104366;0.9999971871785598;1.0;1.0025412736668564;1.024999976158142;
2016-05-18 12:45:00;1.0;0.9999922817990322;0.9999999999999999;0.999987959632752;0.999853294219192;0.9999833230018876;1.003185859667388;0.9999787720326502;0.9998884194206018;1.0;0.9999948167685834;1.002639400561347;1.002768889203248;0.9999822561163101;0.9999977509515742;1.0;0.9999958275192037;0.9998514132083157;1.0010516954866644;0.9999750688908291;0.9999946198579512;1.0;0.9999967925001118;1.0031562595460568;1.003198726728634;1.0;1.0;0.9999875340281666;1.0011954652951258;1.0005215461888284;1.00003009877761;0.9998704865679632;0.999867131779784;0.9999999999999999;0.9997648599588114;0.999579231532018;0.9996355512753167;1.0;1.002906241128984;0.9998629877226168;0.9999959387534235;1.0;1.0027098242028172;1.024999976158142;
2016-05-18 13:00:00;0.9999999999999999;0.9999797094717066;0.9999999999999999;0.9999886811961002;0.9997859363260834;0.9999819053694313;1.0031838638204986;0.9999744481150143;0.9998410099162764;1.0;0.9999980148858564;1.0026118715604504;1.0027435061305436;0.9999770930990184;0.9999940985694437;1.0;0.9999961860169542;0.9997825588015162;1.00104987678009;0.9999644681244916;0.9999903475671037;1.0;0.9999969517993987;1.0031535354976322;1.0031969753909458;1.0;1.0;0.9999856974765241;1.0011994069359382;1.0005328372337763;1.0000420982770106;0.9998852187552817;0.9998054558036402;1.0;0.9997691301702039;0.9996065320210337;0.9996504888324903;1.0;1.002904648855411;0.9997992685833571;0.9999927142800153;1.0;1.002682596689381;1.024999976158142;
2016-05-18 13:15:00;1.0;0.9999831758053478;1.0;0.9999947719930503;0.9998783950315626;0.9999914920716038;1.0030597721694956;0.9999873267953059;0.9999115963778478;1.0;0.9999992430911979;1.0024778842321918;1.0026148014109288;0.9999874579291197;0.9999951136659558;1.0;0.9999980692431577;0.9998762336643527;1.001009686344817;0.9999802561225548;0.9999938538601264;1.0;0.9999984252520847;1.0030294573337115;1.0030724780521743;1.0;1.0;0.9999929236261187;1.0011124706556558;1.0004593776345685;0.9999911042878894;0.9998453195275696;0.9998889411279442;0.9999999999999999;0.9997664003898223;0.9995546666062944;0.9996154685440076;1.0;1.002791753689687;0.9998853855558099;0.9999953635152373;1.0;1.002551747533457;1.024999976158142;
2016-05-18 13:30:00;0.9999999999999999;0.9999865726902137;1.0;0.9999917787494405;0.999845639109762;0.9999864809224112;1.0030252543895726;0.9999807912739255;0.9998839902158787;1.0;0.9999989690364435;1.002543051233353;1.0026560857659412;0.9999831987749364;0.9999960966728582;1.0;0.99999741651655;0.9998436111515642;1.0009980652569963;0.9999740864396275;0.9999942126312742;0.9999999999999999;0.9999979534728471;1.002999997076704;1.0030359348820104;1.0;1.0;0.9999894078426226;1.0010778348589209;1.0004234119941047;0.9999850442075167;0.9998556627743974;0.9998594184946651;0.9999999999999999;0.9997434872480394;0.9995925906467457;0.9996599894742244;0.9999999999999999;1.002758716142255;0.9998550835575967;0.9999956350152743;1.0;1.0026040617373795;1.024999976158142;
2016-05-18 13:45:00;1.0;0.9999703152300865;1.0;0.9999929387173992;0.999847862846352;0.9999892948183974;1.0029867068476934;0.9999841539665612;0.9998891608101644;1.0;0.9999980638882249;1.0025071354517512;1.0026179976210892;0.9999825475806816;0.999991375362132;1.0;0.9999974601187037;0.9998460538660512;1.0009856548608107;0.9999752376495505;0.999994832822036;1.0;0.9999980009619386;1.0029612395280176;1.0029975284100912;0.9999999999999999;1.0;0.999990734651821;1.0011201379850072;1.000491734967145;1.000027886274321;0.9998780451336253;0.9998586504444911;1.0;0.999780821460568;0.9996016125940478;0.9996692676705493;0.9999999999999999;1.002723266920623;0.9998545594292728;0.999996100540588;1.0;1.0025658251558613;1.024999976158142;
2016-05-18 14:00:00;0.9999999999999999;0.9999203917024782;1.0;0.9999895481683804;0.9997053138197852;0.9999840095502524;1.0032261710015422;0.9999742260714589;0.9997898368060492;1.0;0.9999974155814805;1.002729592848954;1.0028361122082428;0.9999657418831873;0.999976867839884;1.0;0.9999960024216145;0.9997021204308613;1.0010634757033847;0.9999530063411648;0.9999907879579853;1.0;0.9999968293394179;1.003199090393561;1.0032380082318655;1.0;1.0;0.9999843736626789;1.001276343691777;1.00061510699803;1.000098288686271;0.9999206945177244;0.9997223788045065;1.0;0.9997887799096052;0.9996370388701893;0.999699839450306;1.0;1.0029401990642455;0.9997147196307252;0.9999930456643996;1.0;1.0027824280613684;1.024999976158142;
2016-05-18 14:15:00;1.0;0.9999746486554096;0.9999999999999999;0.9999928310057736;0.9997512076058231;0.9999890530108754;1.0032169629282945;0.9999829959671489;0.9998336557406508;1.0;0.9999982499894925;1.0026673221083058;1.0027784421032107;0.9999826891325128;0.9999926417726896;1.0;0.999995230056784;0.9997403704476091;1.0010538093886725;0.9999628224689416;0.9999691888851661;1.0;0.999995723964032;1.0031868240115067;1.0032315662717333;1.0;1.0;0.9999905444206585;1.0012534542005367;1.0005991291241012;1.0000828281388243;0.9999126885581655;0.9997817711206662;1.0;0.9997951507296717;0.9996341038705917;0.9996869020654385;1.0;1.0029350732434594;0.9997723189675454;0.9999767507057182;1.0;1.0027264560252116;1.024999976158142;
2016-05-18 14:30:00;1.0;0.9999813686041711;1.0;0.9999887126837395;0.9998035822888389;0.9999859391626553;1.003049698872904;0.9999817406351801;0.9998647175117967;1.0;0.9999933451746273;1.0025272539226668;1.0026392304752223;0.9999823915631048;0.9999945919536951;1.0;0.9999942966456088;0.9997964135917916;1.0010022107106173;0.9999697714040674;0.9999796014384817;1.0;0.9999952932286756;1.0030201481046936;1.0030638450374363;1.0;0.9999999999999999;0.9999888893604484;1.0011764181630236;1.0005494372908534;1.0000578583572883;0.9998948440522993;0.9998262888338706;1.0;0.9997995104323114;0.9996116016949622;0.9996724334822205;1.0;1.002782580481089;0.9998192738139009;0.9999846131945679;0.9999999999999999;1.0025873244002939;1.024999976158142;
2016-05-18 14:45:00;1.0;0.9999443774122905;0.9999999999999999;0.9999815898443721;0.9997657353775167;0.9999797040072688;1.0031833596100088;0.9999748984646372;0.9998341688363782;1.0;0.9999860505837574;1.0026245942031682;1.0027473631168824;0.9999693663093889;0.9999838383924385;1.0;0.9999919777826863;0.9997620103493101;1.0010500765960932;0.9999629170943137;0.9999892784802779;0.9999999999999999;0.999993825361517;1.0031501369320337;1.0031990782097253;0.9999999999999999;1.0;0.9999828229502661;1.0012760452142084;1.0006328660170025;1.000113277184768;0.9999341211175379;0.9997819010436163;0.9999999999999999;0.9998039033202532;0.9996558723956855;0.9996915547506453;1.0;1.0029038479454089;0.999775365409643;0.9999919095396668;1.0;1.0026880040583797;1.024999976158142;
2016-05-18 15:00:00;0.9999999999999999;0.9999377297454257;1.0;0.9999895245779288;0.9997303360583593;0.9999837937709937;1.0030118413063231;0.9999747869401555;0.9998063347554403;0.9999999999999999;0.9999975795732863;1.0025987579449516;1.0026863992122275;0.9999694540646065;0.9999819105190257;1.0;0.9999960627632023;0.9997269498143574;1.0009923949708632;0.9999567059737824;0.9999902573746732;1.0;0.9999968603071021;1.0029891764039052;1.0030219306117139;1.0;1.0;0.9999850638252273;1.0011716508106416;1.0005540471163892;1.0000729411820921;0.9999121870722157;0.9997481577002427;1.0;0.9997986719502009;0.9996424883095305;0.9997192871337454;1.0;1.002744386160001;0.9997409185713425;0.9999926519484428;1.0;1.00264245581756;1.024999976158142;
2016-05-18 15:15:00;1.0;0.9999713261938097;1.0;0.9999799294981341;0.9998543029876481;0.9999795708701903;1.002987664257384;0.9999780249171452;0.9998932384607188;1.0;0.9999826990773413;1.002681481071422;1.0027493870741802;0.9999763077895535;0.9999916712752804;1.0;0.9999916429816916;0.9998528279770211;1.0009863332122295;0.9999761337289361;0.9999957253785429;0.9999999999999999;0.9999937363665917;1.0029669268917436;1.002998280117799;0.9999999999999999;1.0;0.9999842468327597;1.001162039720958;1.0005520748031902;1.0000856460072636;0.9999340020961909;0.999864291045714;1.0;0.9997942507452211;0.9996905270275203;0.9997617220460041;0.9999999999999999;1.002721957805264;0.9998604602383395;0.9999967727226292;1.0;1.0027167005769966;1.024999976158142;
2016-05-18 15:30:00;1.0;0.9999864271663855;1.0;0.999985086323925;0.9998410191954932;0.9999802584961636;1.0029313637768285;0.9999754115617905;0.9998773182561935;1.0;0.9999924951265072;1.002670173700044;1.0027306079817235;0.9999783809238797;0.9999960585827653;1.0;0.9999949559162552;0.9998401385422347;1.000967495247928;0.9999725863281238;0.999997443641725;1.0;0.9999962201713285;1.0029157781129903;1.002938662950547;1.0;1.0;0.9999851165157065;1.0011139902267383;1.0005136390331413;1.000058274342535;0.9999151111480739;0.9998538323352036;1.0;0.9997965435212451;0.9996710648959235;0.9997560927284501;1.0;1.0026696755845235;0.999849762323717;0.9999980686044667;1.0;1.0027023491143163;1.024999976158142;
2016-05-18 15:45:00;1.0;0.9999877266341864;1.0;0.99998702152438;0.999776845365458;0.9999789705587998;1.0029056125499707;0.9999708845417621;0.9998314214764423;1.0;0.9999980331103688;1.0026447445202022;1.0027010432504244;0.9999759578257238;0.9999964404387437;1.0;0.9999958999158289;0.999773590700738;1.000956765047508;0.9999623266568496;0.999990670494344;1.0;0.9999967495298668;1.0028912470438964;1.002912294249294;1.0;1.0;0.9999839314051275;1.0011107928999194;1.0005156102928694;1.0000698403613606;0.9999295311215273;0.9997982759418516;0.9999999999999999;0.9997937715847677;0.9996985908925605;0.9997756360262283;1.0;1.0026463329078639;0.9997918485067142;0.9999929650485535;1.0;1.00267474503237;1.024999976158142;
2016-05-18 16:00:00;1.0;0.9999963995826426;1.0;0.999988778131075;0.9998042872169953;0.9999809249006651;1.002842408059634;0.9999734818744641;0.9998507233404612;0.9999999999999999;0.9999993342837542;1.002595868424539;1.0026502744115475;0.9999796552523484;0.9999989504539629;0.9999999999999999;0.9999966546054614;0.9998013095961411;1.0009360213706833;0.9999666484897745;0.9999914963855254;1.0;0.9999973252587867;1.0028292303955437;1.00284840517237;1.0;1.0;0.9999857459928124;1.0010705972145972;1.0004840893763964;1.0000479564343727;0.9999121151318512;0.9998243394782185;1.0;0.9997944597169196;0.9996750144584048;0.9997630578842187;1.0;1.0025887230806472;0.9998186109936131;0.9999935852997015;1.0;1.0026254326783306;1.024999976158142;
2016-05-18 16:15:00;1.0;0.9999948818824712;0.9999999999999999;0.9999927917863811;0.9998948622858521;0.9999894329317585;1.00277276198121;0.9999860255383908;0.9999211183343542;1.0;0.9999975750861979;1.0025329583753488;1.0025876902856679;0.999988466088544;0.9999985114852852;1.0;0.9999974583352669;0.9998930623921661;1.0009139083885323;0.9999823821017683;0.9999948818534241;1.0;0.9999980002965724;1.002759591928874;1.0027787064615172;0.9999999999999999;1.0;0.9999920536749356;1.0009845600097464;1.0004078316959055;0.9999964685162013;0.9998835328103606;0.9999053795513069;0.9999999999999999;0.9997864705768799;0.9996575521418033;0.999753081725513;1.0;1.002525109896765;0.999902257455803;0.9999961374832333;1.0;1.002562596164125;1.024999976158142;
2016-05-18 16:30:00;1.0;0.9999954605891705;1.0;0.9999934915011521;0.9999256988145737;0.9999915886327873;1.0026866808897035;0.9999895971935693;0.999944433706213;1.0;0.9999964731014785;1.002453072480971;1.0025073258054924;0.9999910875990566;0.9999986768658786;1.0;0.9999975275323686;0.9999244442619324;1.0008860446976884;0.999987592176647;0.9999964378480626;0.9999999999999999;0.999998089544611;1.0026736035524646;1.002692598106553;1.0;1.0;0.999993734120535;1.00088510650198;1.000345160294137;0.9999426154243392;0.9998559033073847;0.9999329660080496;1.0;0.9998112048856702;0.999645400565225;0.99974669872905;1.0;1.0024467583132135;0.9999307717614521;0.9999973113477767;1.0;1.0024824876137346;1.024999976158142;
2016-05-18 16:45:00;1.0;0.999990184356715;1.0;0.99999503582507;0.9999320979564909;0.9999933282046655;1.0026445700771514;0.9999912302003572;0.9999492410368793;1.0;0.9999976109622432;1.002409963952326;1.0024651463958836;0.9999914325465578;0.999997149798682;0.9999999999999999;0.9999982239002724;0.9999314699995309;1.000872666071493;0.9999886667341588;0.9999982156751496;1.0;0.9999986467819967;1.002631791473357;1.0026501030691062;1.0;1.0;0.9999947211196054;1.00092269151538;1.000369955372921;0.999979267602999;0.9998749942101078;0.9999372423231626;1.0;0.9997919723488374;0.999653998547426;0.9997513804085577;1.0;1.0024082160177787;0.9999354493794864;0.9999986526102066;1.0;1.002439522724221;1.024999976158142;
2016-05-18 17:00:00;1.0;0.9999926414619573;1.0;0.9999924021004301;0.9999098438140439;0.9999897687054382;1.0026379766153706;0.9999870174055036;0.9999314698082243;1.0;0.9999963677955739;1.0024938920571733;1.0025264287038997;0.9999886280590295;0.9999978624796855;1.0;0.9999973403625327;0.9999089156733617;1.0008698474240074;0.9999846957809748;0.9999973503034695;1.0;0.999997974465461;1.0026294603918002;1.0026420069860575;0.9999999999999999;1.0;0.999992267294693;1.000816891516805;1.0002837896759833;0.9999177723654683;0.9998598903750905;0.9999176702839;1.0;0.9997917939012095;0.9996901812451137;0.9997937828305504;1.0;1.002400774010129;0.9999152179674922;0.9999980015123499;0.9999999999999999;1.0025112110560106;1.024999976158142;
2016-05-18 17:15:00;1.0;0.9999937250951654;1.0;0.9999925418423496;0.9998997259182227;0.9999887844097576;1.002564435876639;0.9999851008556352;0.9999221674416353;1.0;0.9999978122577914;1.002487376057155;1.002504300684404;0.9999875645593103;0.9999981774036008;0.9999999999999999;0.9999977510569175;0.9998991302157763;1.000845527344243;0.999982618882674;0.9999982945942684;1.0;0.9999983005060684;1.0025597843110012;1.0025666797032182;1.0;1.0;0.999991535185175;1.0008409221328276;1.0003309538024763;0.9999652757718269;0.9998962408036396;0.9999082097994202;1.0;0.9998102577883275;0.9997357252802088;0.99983473689987;1.0;1.0023326339833616;0.9999056134239145;0.9999987131757596;1.0;1.0024962147522394;1.024999976158142;
2016-05-18 17:30:00;1.0;0.9999856309307006;1.0;0.9999927076076639;0.9998880521372958;0.9999893208072319;1.0025069599091627;0.9999854453334842;0.9999154766707007;0.9999999999999999;0.9999975292052842;1.0024227615001287;1.0024399159306718;0.9999862945981708;0.9999958327838631;1.0;0.9999976099955622;0.9998871622666872;1.0008264446662358;0.9999811232289958;0.9999974599032171;1.0;0.999998175898726;1.0025017655333595;1.002509516641744;0.9999999999999999;0.9999999999999999;0.9999915480510306;1.0008998445962725;1.0003983500569573;1.0000354041921942;0.9999456463346453;0.999896638872846;1.0;0.9998147122164652;0.9997905415617576;0.9998665378777027;1.0;1.002280392955595;0.9998937202238242;0.9999980826733708;1.0;1.0024311649060458;1.024999976158142;
2016-05-18 17:45:00;1.0;0.999987874755987;0.9999999999999999;0.9999890664404659;0.9998447025679363;0.9999834908604525;1.0025531377856298;0.9999778431675946;0.9998804126943582;1.0;0.9999968866756797;1.0024544276009992;1.002475006539579;0.9999809865344147;0.9999964687792717;1.0;0.9999966556079692;0.9998436304144735;1.0008417792760558;0.9999732868141791;0.9999969257830245;1.0;0.9999974596234644;1.0025470221981012;1.0025561764027688;1.0;1.0;0.9999873809964389;1.0009628950047105;1.000443838433726;1.0000722379701967;0.9999650925630912;0.9998576318348839;1.0;0.9998053436183858;0.999799993437842;0.9998682542186141;0.9999999999999999;1.0023228093695264;0.9998535807692052;0.9999976789766969;0.9999999999999999;1.0024648599223116;1.024999976158142;
2016-05-18 18:00:00;1.0;0.999988089742018;1.0;0.9999936273093434;0.9998874123052356;0.9999896985963128;1.002568798307832;0.9999854409281368;0.9999145346805409;1.0;0.9999989853766652;1.0024906832518956;1.002506610177371;0.9999869048244755;0.9999965389603457;1.0;0.9999981037555754;0.9998864627106393;1.0008466285942237;0.9999809113672756;0.9999972863905962;0.9999999999999999;0.9999985356672999;1.0025643208767445;1.0025709132834648;1.0;1.0;0.9999918721691304;1.000904078962624;1.000359684153587;1.000014688568993;0.999927345676805;0.9998965145412939;1.0;0.9997666090386406;0.9997634726949284;0.9998521275459786;0.9999999999999999;1.002336464732233;0.9998935404272448;0.9999979523060443;1.0;1.002498582948127;1.024999976158142;
2016-05-18 18:15:00;0.9999999999999999;0.9999829573860869;1.0;0.9999899995162543;0.9998555603649926;0.9999854249083793;1.0026393180460926;0.9999803917410236;0.9998900643504393;1.0;0.9999965361652097;1.002544200928392;1.0025635477216681;0.9999819285807796;0.9999950564928819;0.9999999999999999;0.9999967929018929;0.9998546123642036;1.0008700874264425;0.9999754418165616;0.999997272100886;1.0;0.9999975695305939;1.0026332686735884;1.0026423438425882;0.9999999999999999;1.0;0.9999885888827352;1.000978684682338;1.0004374333381822;1.0000639613856706;0.9999608612203498;0.9998666394387479;1.0;0.9997887493003997;0.9997993595257092;0.9998697096536644;1.0;1.0024008874238226;0.9998629279595268;0.9999979421056631;1.0;1.0025536198204625;1.024999976158142;
2016-05-18 18:30:00;1.0;0.9999801394294253;1.0;0.9999807317235745;0.9998739271248774;0.9999797614116711;1.0027412677522891;0.9999782493129687;0.9999044894257884;1.0;0.9999840943970577;1.0026629198791435;1.0026777386036652;0.9999783198622486;0.9999942389299462;1.0;0.9999923690515617;0.9998733911616158;1.0009046026231296;0.9999786554875169;0.999998415869701;1.0;0.9999943374614934;1.0027327290996793;1.0027466307748636;1.0;1.0;0.9999848129852986;1.0010611163665373;1.0004969368604315;1.0001148477443067;1.000000469360009;0.9998824729718843;1.0;0.9997744338603917;0.9998507247996864;0.9999035516713953;1.0;1.0024938589987336;0.9998793661797544;0.9999988026795992;1.0;1.0026696614036863;1.024999976158142;
2016-05-18 18:45:00;1.0;0.9999775359588655;1.0;0.9999701326564556;0.9998405787066272;0.9999697973391949;1.0028208574483661;0.9999690844251029;0.9998781604427531;1.0;0.9999739876660606;1.0027393790298909;1.0027539965081511;0.9999698037309487;0.9999934914080658;1.0;0.9999880072855016;0.9998400626714402;1.0009314302944867;0.9999727590214664;0.9999984199694528;0.9999999999999999;0.9999911236117381;1.0028093985057889;1.0028285464308202;1.0;1.0;0.9999777507239104;1.001144973399801;1.0005640719351496;1.0001581916155051;1.0000213159035787;0.9998516104994024;1.0;0.9997757237668387;0.9998555635087408;0.9999068059864687;1.0;1.0025668006184554;0.9998477162705757;0.9999988040984439;1.0;1.0027458311642108;1.024999976158142;
2016-05-18 19:00:00;1.0;0.9999841885020079;0.9999999999999999;0.9999705515616422;0.9998564007224341;0.9999707459570489;1.002881879282543;0.9999708259991855;0.9998906211884082;0.9999999999999999;0.9999737468685304;1.00279555533085;1.0028111285351147;0.9999722363272572;0.9999954030766007;1.0;0.9999879760071869;0.9998553775441819;1.0009512297726677;0.9999755432717228;0.999996983941271;1.0;0.9999910649376748;1.0028700925859608;1.002889835885747;1.0;1.0;0.9999787189942818;1.0011580390045316;1.0005647389281562;1.000150324973702;1.0000133907459723;0.9998676763432054;1.0;0.9997708516416541;0.9998422040629803;0.9998975058239545;0.9999999999999999;1.0026226415201398;0.9998639533987266;0.999997719612517;1.0;1.0028029889243095;1.024999976158142;
2016-05-18 19:15:00;1.0;0.9999838262889819;1.0;0.9999855934858477;0.9998653282107581;0.9999829920090924;1.0026948284263577;0.9999799502187724;0.9998987789565971;1.0;0.9999903251458706;1.0026389220938752;1.002647517798642;0.9999810226264696;0.9999953013105491;1.0;0.9999944978420751;0.9998639833652158;1.0008881639853144;0.9999773814530329;0.9999961334055018;1.0;0.9999958499537053;1.002689049206999;1.0026985429771127;1.0;1.0;0.9999870900715315;1.0011143752392455;1.000558281780296;1.00016808471384;1.0000298438136626;0.9998761599521455;0.9999999999999999;0.9997866349604116;0.9998683278930625;0.9999191525755484;1.0;1.0024510821682693;0.9998725481524271;0.9999970808016673;1.0;1.002642507679628;1.024999976158142;
2016-05-18 19:30:00;1.0;0.9999769607850476;1.0;0.9999883227275388;0.9998096749203101;0.9999829672205184;1.0026804908700622;0.9999767333311104;0.9998586406946915;1.0;0.9999959988476531;1.0026182894645503;1.0026257334337407;0.9999780564872581;0.9999933130361094;1.0;0.9999958927233731;0.9998071401866763;1.000882128010027;0.9999684127828965;0.9999927253066448;0.9999999999999999;0.9999967947147771;1.002675721272909;1.0026834038864298;1.0;1.0;0.9999864694099044;1.0011052599039643;1.0005385075532658;1.0001656026872272;1.0000308420659796;0.9998257023895509;0.9999999999999999;0.9997660101439106;0.999874699176486;0.9999247331329262;1.0;1.0024378119388833;0.99982039148145;0.9999945173795628;1.0;1.0026207678532373;1.024999976158142;
2016-05-18 19:45:00;1.0;0.9999825268162158;1.0;0.9999803123566112;0.9997324587174513;0.999970955008927;1.0027657373530972;0.999961789174227;0.9997951957199246;1.0;0.9999936825454541;1.0027077294795326;1.0027144722168193;0.9999676335496712;0.9999949194538482;1.0;0.9999937243975884;0.9997298474505462;1.0009107417405672;0.9999542065109855;0.9999924232377255;1.0;0.9999951910172757;1.0027605887401478;1.0027690834961736;1.0;1.0;0.9999779345884823;1.0012292437649266;1.0006552672800424;1.0002499042036292;1.000084021142652;0.9997561963120973;1.0;0.9997807322697055;0.9999220785313043;0.9999515232677577;0.9999999999999999;1.002515692303005;0.9997489345543619;0.9999942829069879;1.0;1.0027102080893078;1.024999976158142;
2016-05-18 20:00:00;1.0;0.9999695927531143;1.0;0.9999840646927348;0.9997959751706552;0.999978569611938;1.0027217067092693;0.9999721619611343;0.9998456341918223;1.0;0.9999924165951344;1.0026626827750604;1.0026710122973963;0.9999727837949458;0.999991165390526;1.0;0.9999945858491825;0.9997948740176875;1.0008973735785605;0.9999654930774792;0.9999967721062402;1.0;0.9999959319095963;1.0027162576787474;1.0027249962541671;1.0;1.0;0.9999830298259398;1.0013477419826284;1.0007714727806045;1.0003504118755648;1.0001371701307131;0.999810354294335;0.9999999999999999;0.9997892727296456;0.9999485376383419;0.9999665334140531;0.9999999999999999;1.00247513988465;0.9998052345914967;0.9999975619189477;1.0;1.0026651321664586;1.024999976158142;
2016-05-18 20:15:00;1.0;0.9999842602964628;1.0;0.9999901916977876;0.9998782553461695;0.9999867941537767;1.0025245078421134;0.9999829523998619;0.9999074926539898;1.0;0.9999953207517263;1.0024826042351715;1.002489353502741;0.9999839118070354;0.9999954253420514;1.0;0.9999966584273952;0.9998775278814999;1.0008323425567178;0.9999793344552589;0.9999979028352756;1.0;0.9999974858682494;1.0025208831648436;1.0025266535173931;1.0;1.0;0.9999897141173245;1.0012448326488717;1.0007070896771304;1.0003214309361297;1.0001259073557978;0.9998872954268735;0.9999999999999999;0.9997981146928879;0.9999526824559906;0.9999686010801132;1.0;1.002295682471558;0.9998841992315187;0.9999984168478419;1.0;1.0024852078032223;1.024999976158142;
2016-05-18 20:30:00;1.0;0.9999820910961491;1.0;0.9999912018153573;0.9998651407345513;0.9999870050614134;1.0024761240566569;0.9999822380795602;0.9998977142283679;1.0;0.9999971551425032;1.002432162091096;1.002439081181556;0.9999832031870721;0.9999948019265712;1.0;0.9999972040556688;0.9998643014362688;1.000816233599149;0.9999771524220984;0.9999975912303519;1.0;0.9999978802192682;1.0024728606788145;1.0024779383615863;1.0;1.0;0.9999896845542547;1.0012376864617762;1.0007042546388234;1.000332067680907;1.0001370350650587;0.9998751150052271;1.0;0.9997925377129703;0.9999718366392466;0.9999795287803002;1.0;1.0022515991127587;0.9998716800149338;0.9999981814403344;1.0;1.0024347095463244;1.024999976158142;
2016-05-18 20:45:00;1.0;0.9999779684703647;1.0;0.9999923468683983;0.9998734591280463;0.9999891881879261;1.002456987788183;0.9999850433349523;0.999906272789116;1.0;0.9999969484834049;1.002405851456696;1.0024134232985709;0.9999845177869605;0.9999936220149657;0.9999999999999999;0.9999973062114234;0.9998722965742187;1.0008096165828733;0.9999790654414255;0.9999966801688001;1.0;0.9999979328511215;1.0024532278809777;1.0024590940198117;1.0;1.0;0.9999911019927505;1.0012112059408582;1.0006779478918948;1.000310998046331;1.0001208443515248;0.9998824494702868;1.0;0.9997891196856028;0.9999509936552484;0.9999676112728213;1.0;1.00223425806691;0.9998791413700607;0.9999974943772741;1.0;1.0024084742240904;1.024999976158142;
2016-05-18 21:00:00;1.0;0.9999863542742606;1.0;0.999991357432432;0.9998862454172789;0.9999881944773718;1.00244001518341;0.9999846091511116;0.9999141921848422;1.0;0.9999960740547458;1.0023998209947274;1.0024058817826798;0.9999856345892167;0.9999960395000776;1.0;0.9999969998476542;0.9998852253641567;1.0008042366252232;0.9999808335573709;0.9999970807947978;1.0;0.9999977170187019;1.0024366603552632;1.0024420288082645;1.0;1.0;0.9999908113572182;1.0012164079410995;1.0006928947456553;1.0003250549162137;1.0001340899914075;0.9998952600916847;1.0;0.999797875166737;0.9999720126955232;0.9999799392217604;1.0;1.0022189131117656;0.9998922478814098;0.9999977972366254;1.0;1.0024021943652157;1.024999976158142;
2016-05-18 21:15:00;1.0;0.999989247132899;1.0;0.9999915190674153;0.9998884021662782;0.9999878774105491;1.0024611623111617;0.9999840542716126;0.9999144405331486;1.0;0.9999967762516563;1.0024243293999644;1.0024305318109286;0.999985832132858;0.9999968697196749;1.0;0.9999972637014096;0.9998876854576143;1.0008113783445032;0.9999808897766357;0.9999979425633921;1.0;0.9999979327838928;1.0024582316327384;1.0024628605494694;1.0;1.0;0.999990692785976;1.0012124276556618;1.0006873144337214;1.0003103325204799;1.0001188785564759;0.999897320497492;0.9999999999999999;0.9998028779874518;0.9999460514024134;0.9999647693791859;0.9999999999999999;1.0022380511759474;0.9998944391287332;0.9999984475254652;1.0;1.0024269790969835;1.024999976158142;
2016-05-18 21:30:00;1.0;0.9999864983296474;1.0;0.9999930136597381;0.9999107312428159;0.9999907712082643;1.002470243291155;0.999988033276837;0.999932809106003;1.0;0.9999964506576398;1.0024332331891;1.0024393768201252;0.9999882431908833;0.9999960841683498;0.9999999999999999;0.9999975406490057;0.999910135533813;1.000814358467169;0.9999849948038776;0.9999982944593464;1.0;0.9999981454087653;1.0024672095873202;1.0024719944302394;1.0;1.0;0.9999927129234237;1.0011809137210763;1.000646289631588;1.0002841831869023;1.0001060104009156;0.999917129161933;1.0;0.9997851470814028;0.9999423245452791;0.9999630561445049;1.0;1.0022461928361104;0.9999148529104661;0.9999987130701751;1.0;1.002435662620587;1.024999976158142;
2016-05-18 21:45:00;1.0;0.9999809371493622;1.0;0.999987347136897;0.9998178133247222;0.9999811809283852;1.002496865436522;0.999974659361954;0.9998604277443186;1.0;0.9999960754761293;1.0024451452702354;1.0024532966150297;0.9999772233702106;0.9999944581602577;1.0;0.9999960870483205;0.9998167351800487;1.0008231650817103;0.99996881442059;0.9999968764174101;1.0;0.9999970401041658;1.00249287333744;1.002499146508578;1.0;1.0;0.9999853703150925;1.0012454602342147;1.0007245598266241;1.0003338669234858;1.0001372505293766;0.999832022242798;1.0;0.9998152165560779;0.9999696034686419;0.999977206960235;0.9999999999999999;1.0022707349670819;0.999827362286296;0.999997643654767;1.0;1.002448285717609;1.024999976158142;
2016-05-18 22:00:00;1.0;0.9999837544955752;1.0;0.9999886235363131;0.9998740660934107;0.9999855489559492;1.0024760764504694;0.9999820036608025;0.9999047327886711;1.0;0.9999935542724623;1.0024308938200726;1.0024378932175553;0.999982912642532;0.9999952790451841;1.0;0.9999959107321801;0.9998731455937596;1.000816412573971;0.999978716790432;0.9999973531154777;1.0;0.9999969211895459;1.0024717760076844;1.0024787368622716;1.0;1.0;0.999988846031892;1.0012253763629193;1.00070457487028;1.0003284814157607;1.0001403502846007;0.9998836185708653;0.9999999999999999;0.9998056083258835;0.999986198741645;0.9999873654527038;1.0;1.0022518683510047;0.9998803610424479;0.9999980013396087;1.0;1.0024335995002545;1.024999976158142;
2016-05-18 22:15:00;1.0;0.9999520963016354;0.9999999999999999;0.9999869226691318;0.999749687057681;0.9999795641788946;1.0025280740591365;0.9999702538225129;0.9998120249328977;1.0;0.9999971246166268;1.0024539067032183;1.0024646140018405;0.999968732840502;0.9999861301195996;1.0;0.9999960882544434;0.9997487575022557;1.0008335412644993;0.9999579967344732;0.9999972818747374;1.0;0.9999970514078769;1.002523016382399;1.0025306300197685;1.0;1.0;0.9999827486793799;1.0012549553351353;1.000725883283549;1.0003379616541226;1.000143972426305;0.9997651605104566;1.0;0.9998063716210419;0.999984460374103;0.9999866649747998;1.0;1.0022986627533237;0.9997591050304299;0.9999979469880277;1.0;1.0024564542137058;1.024999976158142;
2016-05-18 22:30:00;1.0;0.9999646764554311;1.0;0.9999883732972523;0.9998115955998172;0.9999833373735886;1.002539676665389;0.9999768801889628;0.9998588703278288;1.0;0.9999956674467024;1.0024787872101024;1.0024876490978525;0.9999757964288124;0.9999897498746296;0.9999999999999999;0.9999961876547164;0.9998107057972524;1.0008373844924772;0.9999684623724908;0.9999974095678403;1.0;0.999997127466256;1.0025350036715783;1.0025422371839978;1.0;1.0;0.999986194706238;1.0012865137692235;1.0007571788563165;1.0003605543275838;1.0001568151049423;0.9998235907930368;1.0;0.9998121743296271;0.999993294784431;0.9999919178777935;0.9999999999999999;1.0023093579463824;0.999818959243258;0.9999980433189246;1.0;1.0024811898692472;1.024999976158142;
2016-05-18 22:45:00;1.0;0.9999745800025454;1.0;0.9999878660484409;0.9998502753203872;0.9999841599273438;1.0024764008536295;0.9999795746273429;0.999886817912132;1.0;0.9999936400565005;1.002427276705102;1.002434890360687;0.9999793849772619;0.9999926064218567;1.0;0.999995807625123;0.9998497194638021;1.0008169415071242;0.9999747082873568;0.9999983663723805;1.0;0.9999968707554624;1.002471898651483;1.0024790541727577;1.0;1.0;0.9999873740222015;1.001278269711538;1.0007620155685573;1.0003718064173805;1.0001656926347517;0.9998600438779774;1.0;0.9998186793053442;1.0000046806722669;0.9999983539445113;1.0;1.0022519795074714;0.999856391425992;0.9999987657425087;1.0;1.0024296792407907;1.024999976158142;
2016-05-18 23:00:00;1.0;0.9999715443212324;0.9999999999999999;0.9999871125939424;0.9998158411035598;0.9999816507500356;1.0025412836107657;0.9999752905780737;0.9998599339017117;1.0;0.9999950465141239;1.0024886751554014;1.0024967573001604;0.9999758026141783;0.9999917283706814;1.0;0.9999958956603635;0.9998152148113864;1.0008382034453185;0.9999687008416189;0.9999981551883036;1.0;0.9999969307097417;1.0025369525737307;1.0025437219457547;1.0;1.0;0.9999853120552817;1.001227921112649;1.000707620639941;1.0003156276662066;1.0001326923948863;0.9998282196480676;1.0;0.9998167291646293;0.9999803438562676;0.9999845141964968;1.0;1.0023108689927074;0.9998237288065213;0.9999986062941415;1.0;1.0024911241217183;1.024999976158142;
2016-05-18 23:15:00;1.0;0.9999752279138869;1.0;0.9999896972753282;0.999875057323296;0.9999871036586563;1.0024237106951883;0.99998350607536;0.9999064198612603;1.0;0.9999939395459305;1.0023739948856767;1.0023820260126703;0.9999824807603048;0.9999928038182009;1.0;0.9999962849814796;0.9998745902590964;1.0007995426697733;0.9999790935569155;0.9999986426063062;1.0;0.9999972288530042;1.0024192760838881;1.0024262837821944;1.0;1.0;0.9999895756091244;1.0011542131346662;1.0006618243111216;1.0002883927426498;1.0001199855114102;0.9998826563888475;1.0;0.9998278974420615;0.9999779532869942;0.9999827520944952;1.0;1.0022040462589141;0.9998796341694781;0.9999989733129314;1.0;1.0023766735482849;1.024999976158142;
2016-05-18 23:30:00;1.0;0.9999758803366555;1.0;0.999991191010518;0.9998790382136598;0.9999883446726435;1.0024316154707564;0.9999845180801934;0.9999092625037703;1.0;0.9999955615213519;1.0023838342479376;1.0023917332026653;0.9999835255469258;0.9999929850308594;1.0;0.9999969664301386;0.9998786523419164;1.0008021484344767;0.9999797289091473;0.999998874020353;1.0;0.9999977368520631;1.002427735224211;1.0024337629160647;1.0;1.0;0.999990444707052;1.0012042213108048;1.000710492049924;1.0003263735412955;1.000141379221568;0.9998862937459564;1.0;0.9998339233907422;0.9999919242423578;0.9999907015426248;0.9999999999999999;1.0022111156864844;0.9998833900988311;0.9999991481746814;1.0;1.0023864838379162;1.024999976158142;
2016-05-18 23:45:00;1.0;0.9999799253370091;1.0;0.999992344427142;0.9998679858513604;0.9999887106385902;1.0023543224466076;0.9999842266380973;0.9999018563815294;0.9999999999999999;0.9999975104354657;1.002304136545499;1.0023113817591096;0.9999843237023199;0.9999941655039662;0.9999999999999999;0.999997384178872;0.999866642565755;1.0007757922952445;0.9999780768682518;0.9999961607606547;0.9999999999999999;0.9999979776479765;1.0023507548353916;1.0023563256058168;1.0;1.0;0.9999908084563718;1.0012060189763996;1.0007093221454764;1.0003451210980254;1.0001522490071937;0.9998779689818976;1.0;0.9998178573294698;0.9999994237356412;0.9999950754534579;1.0;1.0021410326582842;0.9998744518321011;0.9999971031581825;1.0;1.0023067105534358;1.024999976158142;
2016-05-19 00:00:00;0.9999999999999999;0.9999802155283141;1.0;0.9999931188768854;0.9998589402132378;0.9999891765612531;1.0023550831364183;0.9999843141545567;0.9998963162010924;1.0;0.9999985690492958;1.0022997292885278;1.0023069928690005;0.9999845741914117;0.9999942449411576;0.9999999999999999;0.9999975906004913;0.999856895210063;1.0007754356273326;0.999976838054317;0.9999941786418888;1.0;0.9999980805957416;1.0023514494841073;1.0023571412351204;1.0;1.0;0.9999911001806199;1.001217760029111;1.0007285090765223;1.0003564318409912;1.0001601188637597;0.999870585615619;1.0;0.9998293989747987;1.0000080202646047;0.9999998829056851;1.0;1.0021418692675739;0.9998666144505645;0.999995604931894;1.0;1.0023023323816302;1.024999976158142;
2016-05-19 00:15:00;1.0;0.9999818008819653;0.9999999999999999;0.9999947670385259;0.9998535333970244;0.999991337916389;1.0023570282338985;0.9999867312668702;0.9998965428434493;1.0;0.9999994333720349;1.0022885418424479;1.0022955967741463;0.9999868275811756;0.9999947224881315;1.0;0.9999976481907175;0.9998495827763163;1.0007743338646344;0.9999768901809943;0.9999887742707455;1.0;0.999997989413461;1.0023527222289303;1.0023596640308454;1.0;1.0;0.9999926973202956;1.0012116746852013;1.0007151013669355;1.0003496176140654;1.0001555349235298;0.9998681539769806;1.0;0.9998187879278506;1.0000032956683944;0.9999972122684557;0.9999999999999999;1.0021440829337782;0.9998634121870245;0.9999915308382424;1.0;1.002291144906495;1.024999976158142;
2016-05-19 00:30:00;1.0;0.9999771780570351;1.0;0.9999947964914037;0.9998827373206484;0.9999929948660577;1.0023407901627577;0.9999897609829701;0.9999180910113956;1.0;0.999997534557049;1.0022771590497477;1.0022846762682742;0.9999879628533088;0.9999933733795218;1.0;0.9999975541043444;0.9998799891950648;1.000770065558444;0.9999817046137305;0.9999921884664538;1.0;0.9999980043875769;1.002336337493856;1.0023434456542448;1.0;1.0;0.9999938042838736;1.0012042413010434;1.000716315079702;1.000349204009828;1.0001564026290084;0.9998926619768488;1.0;0.9998272735937251;1.0000064429757838;0.9999991156091049;1.0;1.0021290523906963;0.9998890619552343;0.9999941066410639;1.0;1.0022796925683548;1.024999976158142;
2016-05-19 00:45:00;1.0;0.9999768192601307;1.0;0.9999955312428405;0.9998871505869489;0.9999931838403855;1.0022909232915391;0.9999895182216572;0.9999194002861579;1.0;0.9999988236588906;1.0022338248446874;1.0022415187062776;0.9999878323891536;0.9999932586047025;0.9999999999999999;0.9999981972113624;0.9998853001543395;1.000754398766668;0.9999819972293194;0.9999947372165359;1.0;0.9999985413811388;1.0022872682267934;1.0022929193150187;1.0;1.0;0.9999938831773331;1.0012108325659876;1.0007450010957433;1.0003674244438854;1.0001662953529176;0.9998955725918801;1.0;0.9998529795067767;1.0000118598331718;1.0000020531914358;1.0;1.0020834312390532;0.9998923776101235;0.9999960283157192;1.0;1.0022364277666282;1.024999976158142;
2016-05-19 01:00:00;1.0;0.999978694196072;1.0;0.9999957891903856;0.9998937549571894;0.9999935307920146;1.0022365866737877;0.9999900534894297;0.9999239984785417;1.0;0.9999989393120221;1.0021809628321185;1.0021887249659809;0.9999886079028323;0.9999938189102903;1.0;0.9999983096244844;0.999892007182545;1.0007365433259958;0.9999830274745928;0.9999950325790242;0.9999999999999999;0.9999986314428618;1.00223306658094;1.002238493474172;1.0;1.0;0.999994233482008;1.0011929149444152;1.0007469105902056;1.0003658226165186;1.0001640177625093;0.9999017718626343;1.0;0.9998722283679896;1.0000070523173739;0.9999990288629147;1.0;1.0020340321661219;0.999898760101651;0.9999962524013214;1.0;1.002183737346913;1.024999976158142;
2016-05-19 01:15:00;0.9999999999999999;0.9999741385201381;1.0;0.9999950444929618;0.9998798168133305;0.9999924042147753;1.0022147840476896;0.9999883511224985;0.9999132619878832;1.0;0.9999987272886748;1.0021571089413124;1.0021652658805706;0.9999864807920782;0.9999925117354814;1.0;0.9999981368164489;0.9998782896205042;1.0007295804018597;0.9999806304070897;0.9999956605084867;0.9999999999999999;0.9999985195301814;1.002211095354212;1.002216735629278;1.0;1.0;0.9999932020378581;1.001208300720409;1.0007742244967464;1.0003855201818217;1.000176635954408;0.9998880743897972;1.0;0.9998874599804066;1.0000187954206912;1.0000058386373796;1.0;1.0020141226545283;0.9998848317951922;0.9999967249293475;1.0;1.002159787024332;1.024999976158142;
2016-05-19 01:30:00;1.0;0.9999880159648392;1.0;0.9999960366032284;0.9999316765116306;0.9999946267476273;1.0021793240720007;0.9999925821492038;0.9999504424270459;1.0;0.9999981491644772;1.002139861839451;1.002146076331856;0.9999921072331351;0.9999965231229963;1.0;0.999998440123821;0.9999306532563468;1.0007182721987444;0.9999889361924226;0.999997101685081;1.0;0.9999987784430611;1.0021765819822526;1.0021808548210043;1.0;1.0;0.9999955417657015;1.001173927464245;1.0007472190070434;1.0003664533848609;1.0001654600310959;0.9999369790431593;1.0;0.9998885104614624;1.0000105174186507;1.0000013461750017;1.0;1.0019818785376917;0.9999350634852691;0.9999978115412521;0.9999999999999999;1.0021424354255155;1.024999976158142;
2016-05-19 01:45:00;1.0;0.9999912682423022;1.0;0.9999973961236664;0.9999458621410078;0.9999963518702497;1.0020819473251994;0.9999947728369343;0.9999615558597756;0.9999999999999999;0.9999989241401823;1.002044560332809;1.0020503630610278;0.9999944274431484;0.9999974647968776;1.0;0.999998864465532;0.9999446672910145;1.0006860408105818;0.9999914185778119;0.9999966188701331;0.9999999999999999;0.9999990791988901;1.0020795243178224;1.0020832979245853;0.9999999999999999;1.0;0.9999969295081171;1.0011691184597007;1.0007831988889955;1.00039540621088;1.0001891006608616;0.9999506390745267;1.0;0.9999279674388799;1.0000431446249234;1.0000197875530858;0.9999999999999999;1.001893408720957;0.9999489881253625;0.9999974475438392;1.0;1.0020471336741308;1.024999976158142;
2016-05-19 02:00:00;1.0;0.999992786148485;0.9999999999999999;0.9999975547914638;0.9999406078932757;0.9999965450820308;1.0020508335540386;0.999994970026987;0.9999589816961124;1.0;0.9999990241381941;1.0020093358209263;1.0020148198383054;0.9999948934303206;0.9999979038277199;1.0;0.9999987261701382;0.9999386318617856;1.0006750875052168;0.9999908442926085;0.9999943925538229;1.0;0.9999989224841586;1.0020481374288144;1.0020524490790894;1.0;1.0;0.9999971280368223;1.0011834706340121;1.000810993167008;1.000417162851142;1.0002035927423378;0.9999470010125113;1.0;0.9999435158625221;1.0000578492861714;1.0000282226779558;1.0;1.001865325019996;0.999944953936244;0.9999957728434264;1.0;1.0020118395744841;1.024999976158142;
2016-05-19 02:15:00;1.0;0.9999922783421971;0.9999999999999999;0.999997170293866;0.9999552551617727;0.9999968532003727;1.0020627420437815;0.9999959882125431;0.9999693660064471;1.0;0.999997867296014;1.002023860612248;1.0020297231719453;0.9999954079135099;0.9999977639573868;1.0;0.9999985611200238;0.999953877987345;1.0006795884070747;0.9999931629441929;0.9999961050914574;1.0;0.9999988428164874;1.0020599402394716;1.0020644046567522;1.0;1.0;0.9999973953736059;1.001178337227468;1.000807049293386;1.0004078186258765;1.0001955814446981;0.9999595860044104;1.0;0.9999481025999434;1.0000461423802236;1.000021295325329;1.0;1.0018760808506426;0.9999580970229713;0.9999970597165235;1.0;1.0020265383391858;1.024999976158142;
2016-05-19 02:30:00;1.0;0.9999925677180869;1.0;0.9999973351418571;0.999948479336525;0.9999966668732811;1.00205336935296;0.9999954552250786;0.9999644544851032;1.0;0.999998427378315;1.0020113351512856;1.0020175769517408;0.9999951364825836;0.9999978466537012;1.0;0.9999986498570933;0.99994686009877;1.000676292073108;0.9999920663265878;0.9999954185369834;1.0;0.999998891251743;1.0020505291451673;1.0020550348556319;1.0;1.0;0.999997241559606;1.0011831647631955;1.0008144655923654;1.0004154769871916;1.0002014067515532;0.9999537304609298;1.0;0.9999501561093411;1.0000535061408928;1.0000250506774961;1.0;1.0018676310249968;0.9999519949716668;0.9999965421254712;1.0;1.0020142405043633;1.024999976158142;
2016-05-19 02:45:00;1.0;0.9999937250951654;1.0;0.9999972524908344;0.9999455567106694;0.999996139845189;1.0020426261618873;0.9999946106731927;0.9999614087397404;1.0;0.9999988755936493;1.00200434931932;1.0020101333541998;0.9999947682916734;0.9999981774036009;1.0;0.9999987680639788;0.9999440938648512;1.0006728657089183;0.9999913862805853;0.9999958505360644;1.0;0.9999989893491359;1.002040128697405;1.0020440694363628;1.0;1.0;0.9999968904094594;1.0011846978374366;1.0008219435492636;1.0004192709324844;1.0002031074146387;0.999951058750703;1.0;0.9999576661502793;1.0000535802143098;1.0000253992867674;1.0;1.00185778661721;0.9999492946433205;0.9999968712252092;0.9999999999999999;1.0020070829520789;1.024999976158142;
2016-05-19 03:00:00;1.0;0.9999924238797344;1.0;0.9999971039215212;0.9999497959230116;0.9999961478372572;1.0020354683656818;0.9999947483995026;0.9999640504016639;1.0;0.9999985590960205;1.0019993444283113;1.0020052392149368;0.9999945815848216;0.9999978020487115;1.0;0.9999987704903043;0.9999487527368596;1.0006708906608952;0.9999919760983174;0.9999970494145936;1.0;0.9999990205641652;1.002033039736219;1.0020368306755967;0.9999999999999999;1.0;0.9999968561178074;1.0011952828172455;1.0008368118698634;1.000429713918751;1.0002089960887828;0.999954229469919;1.0;0.999964262239484;1.0000574236779853;1.000027623426456;1.0;1.0018511757126567;0.9999527165938233;0.999997772422006;1.0;1.0020020489436903;1.024999976158142;
2016-05-19 03:15:00;1.0;0.9999922800798071;1.0;0.9999965668483185;0.9999405287176849;0.9999957377800888;1.0020505337724646;0.9999943549945137;0.9999586258663196;1.0;0.9999979353126898;1.0020085627866304;1.002014339604847;0.9999942157801155;0.9999977574553317;1.0;0.9999983296493382;0.9999387135535488;1.0006752126864844;0.9999907642087164;0.9999948480010478;1.0;0.9999986414848873;1.0020475352844125;1.0020523609881777;1.0;1.0;0.9999965628185703;1.0011950274204113;1.0008313440122598;1.0004256725154224;1.000206839637;0.9999466621488926;1.0;0.999958880878572;1.0000563052740212;1.000027125947442;1.0;1.001865099617908;0.9999446692275857;0.9999961157955087;1.0;1.0020111919777437;1.024999976158142;
2016-05-19 03:30:00;1.0;0.999994303215043;1.0;0.999997094325488;0.9999521646280736;0.999996391152079;1.0020518373281595;0.9999952853947045;0.9999665683004344;1.0;0.9999982545164278;1.0020157811788917;1.0020210721163048;0.9999953047864719;0.9999983461162291;1.0;0.9999986146373081;0.999950716960985;1.000675936976418;0.9999925379615027;0.9999959041478601;1.0;0.9999988773220623;1.00204929127196;1.0020533680353723;0.9999999999999999;0.9999999999999999;0.9999971320532292;1.0011838462949316;1.0008182413111706;1.0004165700498375;1.0002019127542792;0.9999571652831651;0.9999999999999999;0.9999545783957844;1.0000535764844567;1.0000258077146242;1.0;1.0018661694488424;0.9999555622431994;0.9999969082977601;1.0;1.0020182849485544;1.024999976158142;
2016-05-19 03:45:00;1.0;0.99998591787573;0.9999999999999999;0.9999970334312722;0.9999402579123382;0.9999961890607354;1.0020574051031577;0.9999945078089475;0.9999577969918754;1.0;0.9999983664897616;1.0020156726323606;1.0020222848798073;0.9999931795026626;0.9999959252889847;0.9999999999999999;0.9999986943458061;0.9999392668838148;1.0006781606287662;0.9999905793273168;0.9999971918807792;1.0;0.9999989680934667;1.0020545941771777;1.0020589316467297;1.0;1.0;0.9999965853282392;1.0011696000756172;1.000798949008519;1.00040240180961;1.000192786725455;0.999944449863582;0.9999999999999999;0.9999468737323587;1.000044936837761;1.0000206657164379;1.0;1.001871041273145;0.9999427694244495;0.9999978809266853;1.0;1.0020183212491818;1.024999976158142;
2016-05-19 04:00:00;1.0;0.9999901125643254;0.9999999999999999;0.9999970743306023;0.9999509612895884;0.9999961491108205;1.002042091025466;0.999994697445058;0.9999644409070572;1.0;0.9999984958306443;1.0020057306941483;1.0020122374427907;0.9999940918570689;0.9999971275332665;0.9999999999999999;0.9999988472769201;0.9999503456486089;1.0006734470018352;0.9999920630740062;0.9999982525245772;1.0;0.9999991071429817;1.0020396709391997;1.0020433658425687;1.0;1.0;0.9999967555710803;1.0011669391031535;1.0007978373072761;1.0004057757917653;1.000196588955527;0.9999544284378867;1.0;0.9999452404432471;1.0000519078727497;1.000024195161513;1.0;1.0018570857001827;0.9999531008383813;0.9999986820620091;1.0;1.0020086091768519;1.024999976158142;
2016-05-19 04:15:00;0.9999999999999999;0.9999905448503569;1.0;0.9999971076675427;0.9999622726118973;0.9999965446617929;1.0020314240687314;0.9999955153082143;0.9999722748338391;1.0;0.9999980967610982;1.0019989624977055;1.0020054122080022;0.9999947241370467;0.999997258068349;1.0;0.9999988914519031;0.9999621104401998;1.000670294315375;0.9999938130945173;0.999999541386025;1.0;0.9999991715015554;1.0020291575346911;1.0020325862273585;0.9999999999999999;1.0;0.9999970959324577;1.0011506499319747;1.0007886782747566;1.0003940276561945;1.000188076966092;0.9999642824461996;1.0;0.9999530041648265;1.0000418956483321;1.0000185363701164;1.0;1.0018472806627552;0.999963377947219;0.9999996535214042;1.0;1.002001840960966;1.024999976158142;
2016-05-19 04:30:00;1.0;0.9999915567281321;1.0;0.9999973244523134;0.999962765098099;0.999996710558048;1.0020339142144687;0.9999956739178808;0.9999727503229832;0.9999999999999999;0.9999983499199634;1.0020028451764285;1.0020088497112607;0.9999950595394873;0.999997550738433;1.0;0.9999989654850975;0.9999624803078717;1.0006710100091798;0.9999939190639623;0.9999991968817422;1.0;0.9999992174741386;1.002031779281178;1.002035020762359;1.0;1.0;0.9999972517467821;1.0011377031207074;1.0007757283958634;1.0003849832332004;1.0001848205497448;0.9999650361755429;0.9999999999999999;0.9999504263394445;1.0000441341176491;1.0000201124210324;0.9999999999999999;1.0018495546946053;0.999964095406583;0.9999993927327423;1.0;1.002005549701256;1.024999976158142;
2016-05-19 04:45:00;1.0;0.9999953150590373;1.0;0.9999973684009391;0.9999677095775166;0.9999967622612521;1.0020338770231223;0.9999959361461948;0.9999762736071731;1.0;0.9999983791830785;1.0020051636822855;1.0020106931694992;0.9999959584354869;0.9999986387751374;1.0;0.9999989587710183;0.9999672532061072;1.000670833441766;0.9999947060591549;0.9999987115873552;1.0;0.9999992004944765;1.0020318771371612;1.0020349627214287;1.0;1.0;0.9999974658675701;1.0011336884003565;1.0007748264137943;1.000381599882753;1.0001824155422714;0.9999703366875857;0.9999999999999999;0.9999547291251574;1.000041389814169;1.000018561392503;1.0;1.0018495943357903;0.9999694327850488;0.9999990268072708;1.0;1.0020078682133713;1.024999976158142;
2016-05-19 05:00:00;1.0;0.999992278342197;1.0;0.999997688994501;0.9999610302576089;0.9999970667399004;1.0020431716726013;0.999996002667882;0.9999721423532095;1.0;0.999998683547556;1.002008198779294;1.002014554479531;0.9999954889362304;0.9999977639573867;1.0;0.9999990226312722;0.999960374789608;1.0006737111584816;0.999993783511898;0.9999981407334851;1.0;0.9999992336058207;1.002040885214575;1.0020443799226555;1.0;0.9999999999999999;0.9999975274574283;1.0011551140357784;1.0007940335768295;1.0003914721438012;1.000183015178192;0.9999640041498032;1.0;0.999959031613744;1.0000300333072556;1.0000117074725139;1.0;1.0018580778407;0.9999628939137438;0.9999985982027577;1.0;1.0020111467659254;1.024999976158142;
2016-05-19 05:15:00;1.0;0.9999929299489979;0.9999999999999999;0.9999978584845701;0.9999587989904517;0.9999970381553557;1.0020445669155966;0.9999958122792362;0.9999704561097434;0.9999999999999999;0.9999990682319526;1.0020108131765666;1.0020167709359422;0.9999955107157853;0.9999979484213364;1.0;0.9999991146175394;0.9999580408186547;1.0006740879320075;0.9999934066154792;0.9999978527900509;1.0;0.9999992942081404;1.00204243859434;1.0020456895745984;1.0;1.0;0.9999975162638796;1.0011678444628527;1.0008005007140504;1.0003983377549492;1.000184442456951;0.9999621917092945;1.0;0.9999534247343964;1.00002518689707;1.0000092791210344;1.0;1.0018593438158845;0.999960987670533;0.999998379865118;1.0;1.0020135872203055;1.024999976158142;
2016-05-19 05:30:00;1.0;0.9999902546237746;1.0;0.9999980651699849;0.9999623312113904;0.999997331089487;1.0020469895174962;0.9999960918791129;0.9999725285205444;1.0;0.9999991487945065;1.0020143760220224;1.0020208074090597;0.9999952181356554;0.9999971786288665;1.0;0.9999993001509254;0.9999621184545956;1.0006753215895385;0.9999938697654405;0.9999993984663152;0.9999999999999999;0.9999994692096069;1.0020449918398273;1.0020479340683743;1.0;1.0;0.9999976103276473;1.001162940127018;1.0007918805779668;1.0003888713771438;1.0001742962357099;0.9999643532932366;1.0;0.9999508166885458;1.000007202089081;0.9999989788116811;1.0;1.0018613688607363;0.9999634354284127;0.9999995456927158;1.0;1.002017225425403;1.024999976158142;
2016-05-19 05:45:00;1.0;0.9999915567281321;1.0;0.9999971183058868;0.9999661522747344;0.9999966942615951;1.0020501707632552;0.999995857697707;0.9999751627559031;1.0;0.999997943099403;1.0020194343266575;1.002025565777276;0.9999951455390683;0.9999975507384329;1.0;0.999998872247384;0.9999659901024075;1.0006764799506174;0.9999944577860403;0.9999995410921961;1.0;0.9999991573449297;1.0020479584825308;1.00205132878353;1.0;1.0;0.9999972608067814;1.0011724924549537;1.0008046837540023;1.0003986410000363;1.0001824810646394;0.9999679822717196;1.0;0.9999555984446858;1.0000188645679258;1.0000057055700025;1.0;1.0018643279008015;0.9999671646143897;0.9999996532919245;0.9999999999999999;1.002022208394264;1.024999976158142;
2016-05-19 06:00:00;1.0;0.9999928579407177;0.9999999999999999;0.9999977017869719;0.9999638534781238;0.999997155120171;1.0020811393676623;0.9999962025386622;0.9999741211640972;0.9999999999999999;0.9999986056943023;1.0020489703449322;1.0020548112606171;0.9999957304714068;0.9999979260929425;1.0;0.9999990271812123;0.9999632577374724;1.0006862168038293;0.9999942254467914;0.9999983122467622;0.9999999999999999;0.9999992411477125;1.0020789870529612;1.0020822900053084;1.0;1.0;0.9999976242079106;1.0011852477425673;1.0008150607071087;1.0004030750613668;1.0001864385760402;0.9999665979603509;1.0;0.9999575322022706;1.0000249045570688;1.0000092438390633;1.0;1.0018925323423578;0.999965572057715;0.9999987269857977;1.0;1.0020516749942574;1.024999976158142;
2016-05-19 06:15:00;1.0;0.9999925685668355;1.0;0.999997881903498;0.9999661255260839;0.9999974007071428;1.0020963065574433;0.9999964996171954;0.9999757672322049;1.0;0.9999986885807486;1.0020663524034432;1.002071814085997;0.999995903817047;0.9999978433967994;1.0;0.9999991060421448;0.9999656293344017;1.0006912632877554;0.9999945929819472;0.9999985976185167;1.0;0.9999993062570793;1.0020943005522829;1.002097367761197;0.9999999999999999;1.0;0.9999977889823274;1.0011957229179305;1.000826671346212;1.000414394181743;1.000199192515044;0.9999685100808432;1.0;0.9999587167644636;1.0000483179298338;1.0000228836951772;1.0;1.0019062453281762;0.9999675742838006;0.9999989412441495;1.0;1.0020688294277877;1.024999976158142;
2016-05-19 06:30:00;1.0;0.999993942675293;1.0;0.9999970037001753;0.9999571653991854;0.9999960921110904;1.0020827671851007;0.9999948814688865;0.9999686212218698;1.0;0.9999984156425751;1.0019640529910905;1.0019911705494844;0.9999949316962368;0.9999982378344424;1.0;0.9999988259302267;0.9999565083700047;1.0006873258493614;0.9999929970626081;0.9999981390635041;1.0;0.9999990885066741;1.0020761471095276;1.0020857443334925;1.0;1.0;0.999996901228791;1.0011888247966614;1.0008224753827495;1.0004056861828636;1.0001880960206513;0.9999607353366443;1.0;0.9999639779481981;1.000026413763769;0.9999891109946392;1.0;1.0018956806017965;0.9999595180736349;0.9999985958628789;1.0;1.0019784923139199;1.024999976158142;
2016-05-19 06:45:00;0.9999999999999999;0.9999917013741102;1.0;0.9999971914556787;0.9999584838377944;0.9999965316460196;1.002148317646372;0.999995423716825;0.9999700222143106;1.0;0.9999982865223087;1.0019468157583487;1.0019941804480492;0.9999949030320281;0.9999975920748126;1.0;0.9999988495165135;0.9999579064491206;1.0007094747460819;0.9999933098288019;0.9999983671699559;1.0;0.9999991114762713;1.002137430584153;1.0021530037357167;1.0;1.0;0.9999971250089996;1.00120503358984;1.0008095307976723;1.0003884972248724;1.0001658229279315;0.9999614960516338;1.0;0.9999420611683277;0.9999822445306262;0.9999445636736853;1.0;1.0019567133325198;0.9999603535972965;0.9999987671235556;1.0;1.0019721964152777;1.024999976158142;
2016-05-19 07:00:00;1.0;0.9999911964501299;1.0;0.9999969196902432;0.9999583990929105;0.9999962497014467;1.0022517239558484;0.9999951355773672;0.9999696284069055;1.0;0.9999980574317766;1.0020228695929991;1.0020772171376797;0.9999945614191944;0.9999974425316607;1.0;0.9999987869818117;0.9999579932823948;1.0007437989927281;0.9999932216819813;0.9999988526933646;1.0;0.9999990774115785;1.0022393972320733;1.0022569770112173;1.0;1.0;0.9999969057771226;1.0011348316337199;1.000724174103146;1.0002926063258988;1.0000961053822377;0.9999611363964998;1.0;0.9999365746483249;0.9999001173509988;0.9998913201830404;1.0;1.0020511578068423;0.9999600519486401;0.9999991332266239;1.0;1.0020520411657117;1.024999976158142;
2016-05-19 07:15:00;1.0;0.9999841147349217;1.0;0.9999905196112573;0.9998426442265974;0.9999844216242875;1.0025045018897032;0.9999781082968731;0.9998782139695908;1.0;0.99999879342214;1.0021278243742922;1.0022175641261515;0.9999806836109558;0.9999953872404378;1.0;0.9999974823670623;0.9998421389250319;1.0008281478472487;0.999972792275158;0.9999985240123628;1.0;0.9999981087902887;1.0024847634725673;1.0025126635856392;1.0;1.0;0.9999878056350553;1.0011424058874072;1.0006954519686386;1.0002275693113212;1.0000486918154923;0.99985451219418;1.0;0.9999307730155643;0.9998445457174462;0.9998259517985035;1.0;1.0022835349712163;0.9998506219401846;0.9999988850871485;0.9999999999999999;1.0021758996380272;1.024999976158142;
2016-05-19 07:30:00;1.0;0.9999130211185204;0.9999999999999999;0.9999896319628174;0.9997148715474443;0.99998341151756;1.0027318710549813;0.9999728970075349;0.9997919349168943;1.0;0.9999982614050892;1.0022438180395183;1.002352954094282;0.9999634258954753;0.9999747332752891;1.0;0.9999968680318745;0.9997145163801472;1.0009038122457843;0.9999534769016928;0.9999988469250066;1.0;0.9999976664567509;1.0027057699214434;1.0027426115193443;1.0;1.0;0.9999836037072618;1.001274206890653;1.0007863288276824;1.000266344924547;1.0000594519276373;0.9997266015462423;1.0;0.999930773015564;0.9998255398628505;0.9998050099806808;1.0;1.0024904273050363;0.9997201642024252;0.9999991248078054;0.9999999999999999;1.0022975791345567;1.024999976158142;
2016-05-19 07:45:00;0.9999999999999999;0.9999883078917146;1.0;0.9999908213532521;0.9998779318048804;0.999986487583676;1.0025668661042642;0.9999820507824901;0.9999053891739096;1.0;0.9999969774711396;1.0022148587056277;1.0022990967027114;0.9999841748897793;0.9999965960575716;1.0;0.9999972331844268;0.9998775351984526;1.0008485678906336;0.9999788652006865;0.9999988479713922;1.0;0.9999979327350192;1.002547940419178;1.0025748870742333;1.0;1.0;0.9999896149882821;1.0011554340093731;1.0006951664159789;1.0002100472038669;1.0000258168256346;0.9998872421493441;1.0;0.9999316873553747;0.9997994826151595;0.9998052844357043;1.0;1.0023399045868333;0.9998842171016786;0.999999128196775;1.0;1.0022602081423135;1.024999976158142;
2016-05-19 08:00:00;1.0;0.9999876571865534;1.0;0.9999903578898817;0.9998694064529369;0.9999857964953205;1.0026072815073395;0.9999810975556728;0.9998991888203412;1.0;0.9999968359974777;1.0021694641482821;1.0022743277388877;0.9999833385244284;0.9999964083493941;1.0;0.9999970476603874;0.9998688076129957;1.0008622277703085;0.9999774801974912;0.9999982735908652;1.0;0.9999977818016665;1.002583906450263;1.0026171461976607;0.9999999999999999;1.0;0.9999890781569852;1.001130541012062;1.0006627694014691;1.0001667414551665;0.9999877855992318;0.9998795960887819;1.0;0.9999330359708237;0.9997429035776182;0.9997530512143007;0.9999999999999999;1.0023782317880252;0.9998763021187866;0.9999986947808256;1.0;1.0022260718539537;1.024999976158142;
2016-05-19 08:15:00;1.0;0.9999783362922305;1.0;0.9999931004627481;0.999873399282159;0.9999889437741393;1.002744203832016;0.9999840115426352;0.9999036702092061;1.0;0.9999987920117726;1.0022937536932564;1.0024015271980502;0.9999839780555854;0.9999937008904036;1.0;0.9999980863740393;0.9998731865442859;1.0009073604422938;0.9999784814267835;0.9999993665394913;0.9999999999999999;0.9999985745239045;1.0027206921509093;1.0027538164812502;1.0;1.0;0.9999908640209951;1.0010520755874188;1.0005150029467247;1.0000578996367846;0.9999166501208653;0.9998813300109218;1.0;0.9998501572892147;0.9996750288287656;0.9997129056733013;1.0;1.0025024095668063;0.9998783275415837;0.9999995207268044;1.0;1.0023513078729096;1.024999976158142;
2016-05-19 08:30:00;1.0;0.9999885972577897;1.0;0.9999930856126588;0.9998821053471219;0.9999883945665993;1.0026861121345565;0.9999835671909936;0.9999085777493253;1.0;0.9999994016891951;1.0021498108304014;1.0022796554924318;0.9999856317091568;0.9999966787530762;1.0;0.999998224522647;0.9998817516840609;1.000888753051754;0.9999795795120779;0.9999989713162023;1.0;0.9999986664747638;1.0026584461337995;1.0026973510154036;1.0;1.0;0.9999909251023016;1.0010814024995955;1.000578095712726;1.0000899517956783;0.9999276616061357;0.999891046641036;1.0;0.9998992122722353;0.9996651785721289;0.9996843459408326;1.0;1.0024514866388703;0.9998881349542597;0.9999992230797109;1.0;1.0022201732278102;1.024999976158142;
2016-05-19 08:45:00;1.0;0.9999881615358283;1.0;0.9999935929461252;0.9999014298528303;0.9999904638325597;1.002738894719491;0.9999869722462733;0.999925245593823;0.9999999999999999;0.9999980093564818;1.002194732126028;1.0023256382658552;0.9999879420927781;0.9999965612256421;1.0;0.9999979546119917;0.9999007008075984;1.0009056908831018;0.9999833054525363;0.9999979203551265;1.0;0.9999984411976084;1.0027103969907676;1.0027507071969244;1.0;1.0;0.9999924911139484;1.0010586030327004;1.000539079088084;1.0000569251843523;0.999907489297615;0.9999090552374531;1.0;0.9998825844713747;0.9996491846033523;0.9996742933909727;1.0;1.0024996393916388;0.9999064961180851;0.9999984295524108;1.0;1.0022656480716092;1.024999976158142;
2016-05-19 09:00:00;1.0;0.9999857740877341;1.0;0.99999258669071;0.9998743394959356;0.9999883755035124;1.0028336124249826;0.9999837358192253;0.9999047409491196;0.9999999999999999;0.9999983935543609;1.0022628306507633;1.002399457156293;0.9999851589343645;0.999995880696651;1.0;0.9999977236702018;0.9998733102834968;1.00093666240888;0.9999787249297672;0.9999970577853506;1.0;0.9999982499188328;1.002803802967388;1.0028459709896158;0.9999999999999999;1.0;0.9999908169144822;1.0009877420752167;1.0004319885035133;0.9999525113267199;0.9998248070096162;0.9998843129930338;1.0;0.9998517646191019;0.9995403668506988;0.9996072851998508;1.0;1.002586138001406;0.9998810132832993;0.9999977806270667;1.0;1.00233671851404;1.024999976158142;
2016-05-19 09:15:00;1.0;0.9999866430152554;0.9999999999999999;0.9999954400208535;0.9999118841164056;0.9999929641201881;1.002755636088713;0.9999898777159627;0.999934755653093;1.0;0.999998877014809;1.0022204645013346;1.0023485187033678;0.9999899280835346;0.999996125516338;1.0;0.9999984525349543;0.99991088238055;1.000910698203882;0.9999854315298291;0.9999971546400193;1.0;0.9999987891005151;1.002727785130515;1.0027671480244433;1.0;1.0;0.9999942171584744;1.0010434321609758;1.0004993095911492;1.000021211059557;0.9998693084689048;0.9999186795010733;1.0;0.9998596936562832;0.9995822317042804;0.9996393707187554;1.0;1.0025145760906606;0.9999162974875044;0.9999978522014275;1.0;1.0022897132382609;1.024999976158142;
2016-05-19 09:30:00;1.0;0.9999763820989118;1.0;0.9999935836268146;0.9998705133730784;0.9999896646196138;1.0028151915870673;0.9999847538188709;0.9999028304994341;1.0;0.99999893858764;1.0022319406146147;1.0023713959466136;0.9999842095209134;0.9999931476572147;1.0;0.9999981077264791;0.999869905361179;1.0009310526063693;0.9999782967964789;0.9999982550261329;1.0;0.999998562544975;1.0027848751221755;1.0028276008286934;1.0;1.0;0.9999912928386387;1.0010632969217814;1.0005031307359606;1.000020791091135;0.9998677842836251;0.999878853632074;0.9999999999999999;0.9998490344803572;0.9995783670017899;0.9996272150636637;1.0;1.0025693128234887;0.9998756675898437;0.9999986816306922;1.0;1.0023067245910833;1.024999976158142;
2016-05-19 09:45:00;1.0;0.9999857055485392;1.0;0.9999871588951197;0.9998042979570356;0.9999789870920524;1.0029973268978336;0.9999710303502526;0.9998466921965542;1.0;0.9999982763365395;1.0023980349805797;1.0025428183604275;0.9999756391637863;0.9999958453632746;1.0;0.999996683711222;0.9998038723039793;1.0009916252117004;0.9999657388141401;0.9999987184870696;1.0;0.9999975256773233;1.0029661098398368;1.003010133812393;1.0;1.0;0.9999838900314103;1.0010660986998847;1.0004366950114272;0.9999892533984621;0.9998635737660526;0.9998196764151432;1.0;0.9997684195410108;0.9996090131806113;0.9996382068808161;1.0;1.0027355114705856;0.9998148637031725;0.999999030088814;1.0;1.002476384331855;1.024999976158142;
2016-05-19 10:00:00;0.9999999999999999;0.9999923512402933;1.0;0.9999885251535967;0.9998254319924814;0.9999810987571629;1.0029426544079072;0.9999740589917403;0.999863434443022;1.0;0.9999985841806436;1.0023441088033662;1.0024885136716317;0.9999792092493184;0.9999977830405754;1.0;0.9999969393399256;0.9998244947547029;1.0009729481648628;0.9999694931314405;0.999997294736296;0.9999999999999999;0.9999976782304176;1.0029115435738123;1.0029554931611964;1.0;1.0;0.999985761273047;1.0008642860776789;1.000282065816148;0.9998262439158139;0.9997525110579039;0.9998405930051171;1.0;0.9998152165560777;0.9994920020613048;0.9995714497389389;1.0;1.0026859492741782;0.9998360835799707;0.9999979594000777;1.0;1.002422714619394;1.024999976158142;
2016-05-19 10:15:00;1.0;0.9999903290424949;0.9999999999999999;0.9999900863402633;0.9998475597673888;0.9999839362389332;1.0029833213913988;0.9999779226845484;0.9998815204679399;1.0;0.9999984696095504;1.0024717447184601;1.0025947252362677;0.9999816729030384;0.9999971911466542;0.9999999999999999;0.9999972750707267;0.9998467296593695;1.0009857779696376;0.9999735316327127;0.9999976083572417;0.9999999999999999;0.9999979332132127;1.0029566160191326;1.00299438371949;1.0;1.0;0.9999877563120607;1.000853363248018;1.000254083787824;0.9997998640154682;0.9997300130102927;0.9998603526921007;0.9999999999999999;0.9998003489111825;0.9994598273988258;0.9995745530133484;1.0;1.0027212068705038;0.9998564301217792;0.9999981934642518;1.0;1.002538467893298;1.024999976158142;
2016-05-19 10:30:00;1.0;0.9999897497081366;0.9999999999999999;0.99999426617606;0.9998942392023421;0.9999911301204182;1.0028757032441178;0.9999875575132153;0.9999218962985235;1.0;0.9999986180142105;1.0023258372144117;1.0024562730281446;0.9999887772643445;0.9999970290863581;0.9999999999999999;0.9999979562802089;0.9998924241222341;1.0009495251769254;0.9999825575168755;0.9999948327161858;1.0;0.9999983662720099;1.0028469502296677;1.0028877804727507;1.0;1.0;0.9999930118630956;1.0008980799178564;1.0003369416990893;0.9998880783438927;0.9998055387990495;0.9999040270072909;1.0;0.9998281676002998;0.999569209604173;0.9996292842395079;1.0;1.0026241387786683;0.9999009229064655;0.9999961038112728;1.0;1.0023966073464063;1.024999976158142;
2016-05-19 10:45:00;0.9999999999999999;0.9999918460608977;1.0;0.999995273934028;0.9998938121930585;0.9999933017417199;1.0029308666622034;0.9999906061164386;0.9999266672482257;1.0;0.999998154297317;1.0024124613024825;1.0025311840317617;0.9999914321912098;0.9999976334228745;0.9999999999999999;0.9999975449920686;0.9998898368096406;1.0009654692638947;0.9999836232281033;0.9999887315138927;1.0;0.999997911619323;1.0029033265154157;1.0029429725312469;1.0;1.0;0.9999946918277539;1.0010510475894463;1.0004462679090689;0.9999930869230363;0.9998642237452368;0.9999065087183809;1.0;0.999793841280171;0.9996062992396668;0.9996615522056149;1.0;1.0026740085254844;0.9999026684150265;0.9999914961604619;1.0;1.0024769570452448;1.024999976158142;
2016-05-19 11:00:00;1.0;0.9999946651855096;1.0;0.9999921879687685;0.9998796045048445;0.9999885913312798;1.0029227390894484;0.9999848575084536;0.9999109397843216;1.0;0.9999973215042063;1.0024522185769649;1.0025621005408543;0.9999875569956828;0.9999984478088537;1.0;0.9999970697635814;0.9998770067433277;1.000963866801542;0.9999801084351324;0.9999925963081487;1.0;0.9999976579251523;1.0028976193684538;1.002933675343611;1.0;0.9999999999999999;0.9999914220519487;1.0010583682534422;1.0004532408427707;1.0000100684989577;0.999883121560326;0.9998923623404161;1.0;0.99978678235964;0.9996406602169989;0.9996893397481456;1.0;1.0026657194293256;0.9998886068990014;0.9999944200745035;1.0;1.0025120643650558;1.024999976158142;
2016-05-19 11:15:00;0.9999999999999999;0.9999927132538403;1.0;0.999993718835475;0.9999077671209166;0.9999911752158254;1.002894293512941;0.9999883648952321;0.9999316750729944;1.0;0.9999974322292549;1.0023988275463303;1.0025164481380173;0.9999897865584555;0.9999978847448793;0.9999999999999999;0.9999976538386328;0.9999061096943037;1.000955430720541;0.9999847425124282;0.9999952913338962;1.0;0.9999981543950459;1.0028680384018953;1.0029054714341732;1.0;1.0;0.999993245963916;1.001093721636154;1.0005146947993746;1.000045835630118;0.9999022180464178;0.9999166456343367;1.0;0.9998261897855958;0.9996505573176134;0.9996876090463437;0.9999999999999999;1.002640128844812;0.9999139024642222;0.9999964472627139;1.0;1.0024627794765781;1.024999976158142;
2016-05-19 11:30:00;1.0;0.9999906904232815;1.0;0.9999928836691894;0.9999082724635202;0.9999909535478939;1.0029319183445367;0.9999885926617389;0.9999329599365239;1.0;0.9999959706526826;1.002336204543348;1.0024778524011964;0.9999894165217758;0.9999972961708928;1.0;0.999997129696514;0.9999064665014055;1.0009683643468097;0.9999850289790848;0.9999948623161162;1.0;0.9999977576255548;1.0029001148103174;1.0029455207423041;1.0;1.0;0.9999930492692444;1.0011058526687522;1.0005136055787112;1.0000286647297372;0.9998755470147618;0.9999169652521289;1.0;0.9998263095825543;0.9995933818335366;0.999631806428557;1.0;1.002676215860405;0.9999142002248725;0.9999961255767981;1.0;1.002413182938199;1.024999976158142;
2016-05-19 11:45:00;0.9999999999999999;0.9999939426752926;1.0;0.9999903620882361;0.9998965567824002;0.9999881813360116;1.0028854734834234;0.9999858294176839;0.9999238054359598;1.0;0.9999940377638175;1.0023862158274799;1.0025035856240865;0.9999877482369243;0.9999982378344423;1.0;0.999996109256383;0.9998943388063557;1.0009524265529133;0.9999829805378949;0.9999936777498382;1.0;0.9999969765483525;1.0028580397631754;1.0028976331852053;1.0;1.0;0.999991236710787;1.0010747991540052;1.0004897299368243;1.0000290493052644;0.9998897779843867;0.9999072731146383;1.0;0.9998139877276819;0.9996341708990024;0.9996783759311719;0.9999999999999999;1.0026325573393347;0.9999040611938871;0.9999952330797977;0.9999999999999999;1.0024501148328557;1.024999976158142;
2016-05-19 12:00:00;0.9999999999999999;0.9999853424479592;1.0;0.9999869957780159;0.9999240759172914;0.9999874361968325;1.002949675739967;0.999987277812955;0.9999441727719278;1.0;0.9999879633013444;1.0023532096910812;1.0024959633951114;0.9999864773658117;0.9999957468426114;1.0;0.9999944891259988;0.9999233560273857;1.0009757460172697;0.9999875294200443;0.9999979370773731;1.0;0.9999958873438566;1.0029157603090062;1.0029648115182257;1.0;1.0;0.9999905691397902;1.001113814841755;1.0005101405877308;1.00003130007622;0.9998787544044766;0.9999292694365781;1.0;0.9998109595531328;0.999598461858455;0.9996342833432762;1.0;1.0026926196115105;0.9999272871078655;0.9999984412614734;1.0;1.0024304232186136;1.024999976158142;
2016-05-19 12:15:00;1.0;0.9999868585987002;1.0;0.9999879642808096;0.9998831346096513;0.9999850144614292;1.0030084746837045;0.9999818361306136;0.9999103202924471;1.0;0.9999928146728346;1.0024713896840713;1.0026003952678557;0.9999832837208361;0.9999961923740192;1.0;0.9999957292357667;0.9998825879063212;1.0009946145408313;0.9999799669677074;0.9999984174969305;1.0;0.9999968136179478;1.0029789419058628;1.003021259245137;1.0;1.0;0.9999886478428561;1.0011027986667427;1.0004679866494461;0.9999834406472957;0.9998276708058377;0.9998919406581727;1.0;0.9997898996046186;0.9995094828177095;0.9995972616704356;1.0;1.0027446904242516;0.9998890058214139;0.99999880435698;1.0;1.0025411755769036;1.024999976158142;
2016-05-19 12:30:00;1.0;0.9999877266341863;1.0;0.9999846625467774;0.9998192517713926;0.9999841923764192;1.0031334996498749;0.9999824303620726;0.9998790467393892;0.9999999999999999;0.9999870373825147;1.002481901651974;1.0026235419367056;0.9999833826500886;0.9999964404387439;1.0;0.9999918655191621;0.9998108473944847;1.0010296880019574;0.9999729739067715;0.999976043663103;1.0;0.9999934145093111;1.0030955325440902;1.0031520093524635;0.9999999999999999;1.0;0.999988156377251;1.0011619649487333;1.000494757540865;1.000011855055024;0.9998574487957176;0.9998430437278589;1.0;0.9997608652449689;0.9995614126952088;0.9996143095494637;1.0;1.002861756337685;0.9998359571706307;0.9999819463118138;1.0;1.0025586709370602;1.024999976158142;
2016-05-19 12:45:00;1.0;0.999992062755633;1.0;0.9999888860399835;0.999846756450107;0.9999883959378412;1.0030247018826473;0.9999868059693187;0.9998991539645249;1.0;0.9999907992556539;1.0024287470170878;1.0025582496401673;0.9999878696735107;0.999997697099114;1.0;0.999993668092629;0.9998387542210582;1.0009938280436008;0.9999774676082434;0.9999772456693322;1.0;0.9999947714676151;1.0029906825357786;1.0030411105317911;1.0;1.0;0.9999913123700518;1.0011591770919321;1.0005355028714842;1.000047710553964;0.9998872320146365;0.9998683539400779;1.0;0.9997994489354485;0.9996020405441699;0.9996486867539315;1.0;1.0027617412570082;0.9998620372261925;0.9999828399292193;1.0;1.0024991655560453;1.024999976158142;
2016-05-19 13:00:00;1.0;0.9999961102078838;1.0;0.9999900719714083;0.9998993837135275;0.9999878673169106;1.0030248108859832;0.9999856453537405;0.9999254734298592;1.0;0.9999938109805202;1.0023952103140223;1.0025449302696394;0.9999879832419513;0.9999988677577387;1.0;0.9999960220529556;0.9998971977024971;1.0009990386850005;0.9999833527953947;0.9999937854207099;1.0;0.9999969145107162;1.0029906842173373;1.0030396739147602;1.0;1.0;0.9999911182000795;1.0011146739067038;1.000476008176533;0.9999998268867236;0.9998485461875013;0.9999101523918283;0.9999999999999999;0.9997817321235323;0.9995511865543881;0.9995994547834589;1.0;1.0027616198619829;0.9999070047304625;0.9999953088244926;1.0;1.0024769885195046;1.024999976158142;
2016-05-19 13:15:00;0.9999999999999999;0.999992280079807;1.0;0.9999848173504686;0.9998803291604957;0.9999822186037688;1.0029442369912112;0.9999797393613556;0.9999081522566865;1.0;0.999989622594388;1.0023827265898997;1.002517100728236;0.9999823604174471;0.9999977574553317;1.0;0.9999942965513852;0.9998792462337087;1.0009735947921172;0.9999794777782957;0.9999968849490654;1.0;0.9999957199496573;1.0029125633991085;1.0029583607437056;1.0;1.0;0.9999869706470217;1.0011249985006876;1.0005150590521947;1.0000471925966725;0.9998940097852088;0.9998908637156926;0.9999999999999999;0.9997974572390654;0.9996227775629064;0.9996555893814767;1.0;1.0026872559552764;0.9998876423862044;0.9999976474517547;0.9999999999999999;1.002455829258544;1.024999976158142;
2016-05-19 13:30:00;1.0;0.9999960384549673;1.0;0.999981932777436;0.9998953905926642;0.9999801975107009;1.0030512149900113;0.9999789036230737;0.9999179219620388;1.0;0.9999860448978831;1.0025040765202988;1.0026361936177928;0.9999820016670177;0.9999988455040019;0.9999999999999999;0.9999931106603125;0.9998948729654598;1.0010092869232172;0.9999816591143521;0.9999984851347231;0.9999999999999999;0.9999948854312416;1.0030194064844244;1.0030656826928628;1.0;1.0;0.9999858281635945;1.0011270877403713;1.0004835359818374;1.0000236532676556;0.9998825731217703;0.9999045296757149;1.0;0.9997654698459177;0.9996211642456772;0.999656333469728;1.0;1.0027844054933537;0.9999018340744332;0.9999988541174606;1.0;1.0025762027217902;1.024999976158142;
2016-05-19 13:45:00;1.0;0.9999969782492535;1.0;0.9999929174151388;0.9999231619547069;0.9999908754408852;1.0029486304673156;0.9999888577299421;0.9999422829513784;1.0;0.9999961292886697;1.0023713849983398;1.0025101036231314;0.9999907800452513;0.9999991158229546;1.0;0.9999973193064433;0.9999218078594293;1.000974158093921;0.9999871109272286;0.9999961497017194;1.0;0.9999979290776121;1.0029179207155996;1.0029616794808125;0.9999999999999999;1.0;0.9999932934893481;1.0010295214288096;1.000406047665442;0.9999663525087576;0.9998454203054719;0.9999310072108119;0.9999999999999999;0.9997701941673879;0.9995861488810432;0.9996298641492931;0.9999999999999999;1.0026911615363363;0.9999287065814273;0.9999970948954061;1.0;1.0024471936854804;1.024999976158142;
2016-05-19 14:00:00;1.0;0.9999890989949614;0.9999999999999999;0.9999932404969776;0.999871320917884;0.9999905471344532;1.0029452217107917;0.9999871019106419;0.9999091469564602;0.9999999999999999;0.9999972056871063;1.0023667394860194;1.0024998899518458;0.9999882115298608;0.9999968413775692;1.0;0.9999969033148709;0.9998673642063773;1.0009707439965383;0.9999797068248814;0.999988753255758;0.9999999999999999;0.9999974399339914;1.0029143394218756;1.0029587725930633;1.0;1.0;0.9999925718225674;1.0010538712760582;1.000444678053735;0.9999882739492906;0.9998584182633228;0.999885537443361;0.9999999999999999;0.9997921838599524;0.9995951175081443;0.999641402258979;1.0;1.002688184930888;0.9998811737221441;0.9999915177222238;1.0;1.0024389522909443;1.024999976158142;
2016-05-19 14:15:00;1.0;0.999992929099948;1.0;0.9999921150785982;0.9997795819347401;0.9999891607841882;1.003125041739296;0.9999848115670829;0.99985510398724;0.9999999999999999;0.9999966304424207;1.002537264142724;1.0026575585254103;0.9999872964431014;0.9999979516782139;0.9999999999999999;0.9999945520364575;0.999767601745422;1.0010229885197113;0.9999676206380803;0.9999659723489102;1.0;0.99999514404484;1.0030925098590013;1.003141035044823;1.0;1.0;0.9999915639708948;1.0011902116161842;1.0005515936848142;1.0000526716316058;0.9998941024402869;0.9998118746181183;1.0;0.9997951061350492;0.9996167626191028;0.9996657974927208;0.9999999999999999;1.0028529869903087;0.9998026045874941;0.9999743241469096;1.0;1.0026026973015585;1.024999976158142;
2016-05-19 14:30:00;1.0;0.9999910518049455;1.0;0.9999929027644451;0.9998589949083508;0.9999904713401947;1.0030335728979942;0.9999871903267188;0.9999028915847078;0.9999999999999999;0.9999966123408915;1.0024828449001777;1.002606246656449;0.999988606457349;0.9999974011953336;1.0;0.9999963152891178;0.9998534357133547;1.000998150376548;0.9999783089350158;0.9999842209403372;1.0;0.9999968941127044;1.0030037511663343;1.0030471091799005;1.0;1.0;0.9999926024571515;1.0011450595625129;1.0005244518324816;1.0000252392922968;0.9998642144236238;0.9998764761819025;0.9999999999999999;0.9998122218615489;0.999564343185322;0.9996332763084457;1.0;1.0027682219159197;0.9998712713148011;0.9999880947580384;1.0;1.0025498491864429;1.024999976158142;
2016-05-19 14:45:00;1.0;0.9999937245052586;1.0;0.9999923735449945;0.9999207925139364;0.9999907149520441;1.002891990113839;0.9999888602446253;0.9999411410085055;1.0;0.9999951920721796;1.0023878562695019;1.002508159538248;0.9999900858075463;0.9999981807353837;1.0;0.9999969900044712;0.9999194399856236;1.000955052793352;0.9999868575140708;0.9999961539841546;1.0;0.9999976864546859;1.0028647322629571;1.0029037620371208;1.0;0.9999999999999999;0.999993068204049;1.0009867260787568;1.0003772993046531;0.9999425819096261;0.9998279768341123;0.9999283299621674;1.0;0.9997777459260406;0.9995644038728626;0.999636023052232;1.0;1.0026382900233175;0.9999259981632489;0.9999970992485644;1.0;1.0024533492020398;1.024999976158142;
2016-05-19 15:00:00;1.0;0.9999958208736146;1.0;0.9999924900756225;0.9998788749953683;0.999988171800939;1.0028514904569121;0.9999839146557002;0.9999085778637062;1.0;0.9999984370593096;1.0025073426497844;1.0025874664116432;0.9999871806792227;0.9999987850731641;0.9999999999999999;0.9999975146582352;0.9998768485334212;1.000940188206062;0.9999795810772194;0.9999942248049322;0.9999999999999999;0.9999980259241138;1.0028332070036645;1.0028594350825923;1.0;1.0;0.9999911265539861;1.0010012964355153;1.0004153961774394;0.9999733308278876;0.9998525495900892;0.9998912020296129;1.0;0.9998007834580438;0.9995961532277041;0.9996932214358515;1.0;1.002598570799455;0.9998876090595178;0.9999956455352793;1.0;1.0025509611498022;1.024999976158142;
2016-05-19 15:15:00;1.0;0.9999908333331106;0.9999999999999999;0.9999964892847737;0.9999127823084887;0.9999946049135574;1.0027947466181264;0.9999920543874768;0.9999388032671062;1.0;0.999999115513342;1.002530128199926;1.0025889346851744;0.9999923992969995;0.9999973440096385;1.0;0.9999983299426578;0.999910120016176;1.000920156488309;0.9999863358542256;0.9999924387418997;1.0;0.9999985822961057;1.0027805835221357;1.0028010970964838;1.0;1.0;0.9999955871570064;1.0009746346270905;1.0004040454913632;0.999977690052584;0.9998663884146406;0.9999221180712967;1.0;0.9998031986303119;0.9996319994013276;0.9997350710734785;1.0;1.0025453557611477;0.9999191795681881;0.9999942992490363;1.0;1.0025617194311174;1.024999976158142;
2016-05-19 15:30:00;1.0;0.9999797780564698;1.0;0.9999927841152296;0.999678475037536;0.9999884697006232;1.0030434642322428;0.9999814681121753;0.9997907988095861;1.0;0.999998929421003;1.0026723070140862;1.002727499385014;0.9999827102417771;0.9999941339061843;1.0;0.9999937430877983;0.999661093288549;1.0009899004968708;0.9999532376588182;0.9999505139443268;0.9999999999999999;0.9999941688082855;1.003021804128077;1.0030559878288625;1.0;0.9999999999999999;0.9999901768829982;1.001182429291137;1.0005598321950173;1.0000781785797332;0.9999200019025077;0.999723922952731;1.0;0.9997935460953794;0.9996583304979703;0.9997549690180692;1.0;1.0027750947609335;0.9997105031963157;0.9999626803028158;1.0;1.0027011489105624;1.024999976158142;
2016-05-19 15:45:00;0.9999999999999999;0.9999830320002925;0.9999999999999999;0.9999926082875173;0.9997158024491151;0.9999886708012793;1.0030206928361063;0.9999825694311888;0.9998141007153162;1.0;0.99999833473589;1.0026820211981167;1.0027340337284245;0.999983967080182;0.9999950690720332;1.0;0.9999941965934682;0.9997007318382453;1.0009845292006954;0.999958440292051;0.9999571502799744;1.0;0.9999946652350116;1.003000857150511;1.0030320585074053;1.0;1.0;0.9999905371150725;1.0011934365337478;1.0005818636301071;1.0001001412821025;0.999939400907501;0.9997557665501894;0.9999999999999999;0.9998021065238517;0.9996868849049705;0.9997738698157466;1.0;1.0027537126192998;0.9997439944269955;0.9999676620506885;1.0;1.002709344388976;1.024999976158142;
2016-05-19 16:00:00;1.0;0.999981733135823;1.0;0.9999941841229345;0.9997836371275397;0.9999917796814926;1.0029890639319878;0.9999872825598377;0.9998592162332453;1.0;0.9999978163415862;1.0026741546760192;1.0027275199426342;0.9999871532750192;0.9999946838935928;0.9999999999999999;0.9999953640643024;0.9997723784634677;1.0009771168905897;0.9999685371948266;0.9999680098082027;1.0;0.9999957932051833;1.002970786467406;1.0029990501429866;1.0;1.0;0.999992910631123;1.0011180304677434;1.0005040906265545;1.0000206261860076;0.999867300050942;0.9998129731134703;0.9999999999999999;0.9998028087104421;0.9995765710478525;0.9997102960662478;1.0;1.0027239343572554;0.9998041192255132;0.999975863650354;1.0;1.0027021269691334;1.024999976158142;
2016-05-19 16:15:00;1.0;0.9999833922397594;1.0;0.9999932889363026;0.9997395393851756;0.9999894838851654;1.0030308395678154;0.9999835292386435;0.9998284894985943;1.0;0.9999986712050315;1.002704591046651;1.0027570864604893;0.9999848598945636;0.9999951772672947;1.0;0.9999948310231955;0.9997262600680298;1.0009889120650977;0.999961675816786;0.9999622173841369;1.0;0.9999952585460644;1.0030119641322701;1.0030413998222132;0.9999999999999999;1.0;0.9999912362089977;1.001075577737815;1.000458175689459;0.9999778346880017;0.9998439473703523;0.9997753702856014;1.0;0.9997991982566808;0.9995643032634194;0.9997040294340109;0.9999999999999999;1.0027622923577313;0.999764765369584;0.999971512021644;1.0;1.002732204748858;1.024999976158142;
2016-05-19 16:30:00;0.9999999999999999;0.9999842602964628;1.0;0.9999954342938641;0.9998987519239253;0.9999930860258499;1.0027047361626245;0.9999898526496533;0.9999271983648939;1.0;0.9999987321050186;1.0024681744519734;1.0025206759982095;0.9999894664333835;0.9999954253420515;1.0;0.9999981708088562;0.9998968063823308;1.0008912616796057;0.9999837415582581;0.9999944840609174;1.0;0.9999985152537608;1.0026919431446697;1.0027104278132046;1.0;1.0;0.9999941769634776;1.0009368658370905;1.000387639111944;0.9999688037748353;0.9998603519520647;0.9999074340421569;1.0;0.9998139906398668;0.9996239825018183;0.999737745657995;1.0;1.0024628906380115;0.9999044377471888;0.9999958348279537;1.0;1.0024958511738158;1.024999976158142;
2016-05-19 16:45:00;0.9999999999999999;0.9999858501909261;1.0;0.9999939654845253;0.9999023382306022;0.9999915001953146;1.0026771798203367;0.9999883984917042;0.9999279154664947;1.0;0.9999975632809451;1.002450512110779;1.0025020179106519;0.9999885311489618;0.9999958866993696;1.0;0.9999977988755587;0.9999010821434825;1.0008828714580535;0.9999839010057281;0.9999964299034886;1.0;0.9999982894443642;1.0026646772782672;1.0026827416924435;1.0;1.0;0.9999931524672577;1.0009087351446149;1.0003580015224822;0.999958231013078;0.9998602826723662;0.9999101449282832;1.0;0.999799554714318;0.9996376272684122;0.9997462736268351;1.0;1.002437709126552;0.9999074507423704;0.9999973041522485;1.0;1.0024777536091605;1.024999976158142;
2016-05-19 17:00:00;1.0;0.9999851968744451;0.9999999999999999;0.9999894585370586;0.9998089230161463;0.9999867892316178;1.0027342926168492;0.9999827997146911;0.999869364908455;1.0;0.9999938684630147;1.0025749556730925;1.0025971914174534;0.999983989510479;0.9999957087400474;1.0;0.9999944553906962;0.9998012751878576;1.0008957801653255;0.9999708125823199;0.999978222090665;1.0;0.9999953766520224;1.002723382542004;1.0027410054179253;1.0;1.0;0.9999896817374456;1.000980480790825;1.0004209666303814;1.0000183777491634;0.9999114796739846;0.9998323354977474;1.0;0.9997926464029213;0.9997110313049159;0.9998166100197992;1.0;1.002489404428452;0.9998252632590976;0.9999835829266134;1.0;1.0025861138909007;1.024999976158142;
2016-05-19 17:15:00;1.0;0.9999875101997355;1.0;0.9999833068465847;0.9998011012274838;0.9999783829380086;1.0027187594938007;0.9999732196006968;0.9998526931661466;1.0;0.999991073181432;1.0026399717260754;1.0026497515343622;0.9999768470000372;0.9999963768377351;1.0;0.9999935298245175;0.9997972136880761;1.0008940359664755;0.9999670765719151;0.9999888821685107;0.9999999999999999;0.9999949580969025;1.0027117126370344;1.0027234396491358;1.0;1.0;0.9999837764004488;1.001034452997817;1.0004795100797552;1.0000788486277032;0.9999590466667457;0.9998211236035938;1.0;0.9997943734126497;0.9997732383351295;0.9998637376876789;1.0;1.0024736857054402;0.9998150812436065;0.9999916118783149;1.0;1.0026444637374412;1.024999976158142;
2016-05-19 17:30:00;1.0;0.9999674970839315;1.0;0.9999829485395345;0.999719267212515;0.9999744749018686;1.002816079762815;0.9999650330841447;0.9997903066748121;1.0;0.9999949981943944;1.0027157330532916;1.0027296713597404;0.9999674204318837;0.9999905577307715;0.9999999999999999;0.9999942737990881;0.9997158472147144;1.0009266167959856;0.9999531105929557;0.9999901258512943;1.0;0.9999955392706239;1.0028089042665262;1.0028202604944014;0.9999999999999999;1.0;0.9999797301437342;1.0010901005580493;1.0005096571704521;1.0000924418028658;0.9999598488696937;0.9997427643258175;1.0;0.9997837267102407;0.9997577251175112;0.999853391679316;1.0;1.0025618077871667;0.9997350236514096;0.9999925494141163;1.0;1.0027211105516747;1.024999976158142;
2016-05-19 17:45:00;0.9999999999999999;0.9999745791807177;0.9999999999999999;0.999988282603219;0.9998174822964389;0.9999837111711835;1.002672457689694;0.9999780674846521;0.9998653191419871;1.0;0.9999950438152063;1.0025730512450162;1.0025894393306998;0.9999784828607856;0.9999926096809487;1.0;0.9999956953193954;0.9998150208918489;1.0008798379043933;0.999969904476498;0.9999929496799247;1.0;0.9999966543459616;1.0026655209243447;1.0026763335914717;0.9999999999999999;1.0;0.9999869446667327;1.0010010225004882;1.0004446626976082;1.0000590435821914;0.9999441617992123;0.9998323623892996;1.0;0.9997833533845375;0.9997549796845506;0.99984856505449;1.0;1.002431184699445;0.9998272836645147;0.9999946819822818;1.0;1.0025802628689646;1.024999976158142;
2016-05-19 18:00:00;1.0;0.9999814362529564;1.0;0.9999925031199932;0.9999021126701376;0.9999915888926445;1.0025572889502226;0.9999895778062515;0.9999309318515553;1.0;0.9999944405769035;1.0024813950445228;1.0024935104378103;0.9999882739047351;0.9999946305402964;0.9999999999999999;0.9999966216456169;0.9999000356074736;1.0008418557440928;0.9999845761368488;0.9999940894833572;1.0;0.9999973641175681;1.0025514919428709;1.002560695358534;1.0;0.9999999999999999;0.9999931392122104;1.0009726857568844;1.00042926354053;1.0000649089041291;0.9999488194096885;0.9999102183258471;0.9999999999999999;0.9997800858537547;0.9997610564295963;0.9998553251420147;0.9999999999999999;1.002326132514876;0.9999072834127951;0.999995543665595;1.0;1.002486749090058;1.024999976158142;
2016-05-19 18:15:00;0.9999999999999999;0.9999815141257185;1.0;0.9999903901913526;0.9997915175704147;0.9999871056244127;1.0028555157617942;0.999982291159203;0.9998575719936312;1.0;0.9999954545274956;1.0027218216146347;1.0027364167907886;0.999983074616127;0.9999946300437142;1.0;0.9999948412854923;0.9997833471234748;1.0009350300261168;0.9999681709613035;0.9999767529005136;1.0;0.9999956244371886;1.002846247926978;1.0028614996223602;1.0;0.9999999999999999;0.999989630574337;1.001153457630386;1.0005552833556646;1.0001404619506817;0.9999954648673811;0.9998164877864143;1.0;0.9997683473858118;0.9998025400566758;0.9998763556515785;1.0;1.0025990077190778;0.999808845714196;0.9999824631042069;1.0;1.0027285342036618;1.024999976158142;
2016-05-19 18:30:00;1.0;0.9999816588077346;1.0;0.9999925121435422;0.9997792590934752;0.9999908887193563;1.002852929040583;0.99998709126605;0.9998579348827114;1.0;0.9999954411867363;1.0027075299766275;1.0027173745899114;0.9999867255864068;0.999994671391374;1.0;0.9999943104441565;0.9997671424532092;1.000930744380869;0.9999682475103432;0.9999655800179258;1.0;0.9999949563821473;1.0028425456077061;1.002860204882942;1.0;1.0;0.9999923266692397;1.0011943513196386;1.0005995652654196;1.0001777967454786;1.0000208610276773;0.9998099787596302;1.0;0.9997749465091715;0.999828533239767;0.999895695759573;1.0;1.0025973860030977;0.9998007370915831;0.9999740248240925;1.0;1.002711649080431;1.024999976158142;
2016-05-19 18:45:00;1.0;0.9999636614096071;1.0;0.9999908116483377;0.9998134718900243;0.9999879228621393;1.0027120948360064;0.9999828700976757;0.9998689391421265;1.0;0.9999953179138173;1.002610106434998;1.0026227579603448;0.9999801072597556;0.9999894702873636;1.0;0.9999958363405478;0.9998093912491776;1.0008912427680656;0.9999707162709225;0.9999883722209209;1.0;0.9999966447322853;1.0027048037277329;1.002716427504223;1.0;1.0;0.9999894791705402;1.0010970497801925;1.0005315566263246;1.000133986061014;0.999994872827551;0.9998289078825319;1.0;0.9997837126935317;0.9998083695430047;0.9998837691324058;1.0;1.0024670991756297;0.9998232809426577;0.9999912274880044;0.9999999999999999;1.002614518628822;1.024999976158142;
2016-05-19 19:00:00;1.0;0.9998727111394725;1.0;0.999985377441268;0.9995395120439537;0.9999810208176347;1.0031766068437364;0.9999692210986255;0.9996879823579766;1.0;0.9999927255874005;1.002930421419831;1.002954332036897;0.999952388728797;0.9999630161865672;1.0;0.9999920332233838;0.9995284933773121;1.001039257355241;0.9999301521884635;0.9999683040004845;1.0;0.9999933545033358;1.0031596436185501;1.0031865935917283;0.9999999999999999;1.0;0.9999796861789891;1.0013670315374383;1.0007366266077768;1.0002404232260607;1.0000577050832629;0.9995728319864439;1.0;0.9997933371074323;0.9998555264632606;0.9999107370016113;1.0;1.0028907539532446;0.9995589023778216;0.9999760734350117;1.0;1.0029346670099615;1.024999976158142;
2016-05-19 19:15:00;0.9999999999999999;0.9998618747596071;0.9999999999999999;0.9999780093908623;0.9995038744338354;0.9999701109622839;1.003217146364604;0.9999554199788191;0.9996478450747127;1.0;0.999990366121851;1.0030102421659612;1.0030334804803605;0.9999396655384534;0.9999598698885481;1.0;0.9999912687782259;0.9994982284413892;1.0010575270217958;0.999921142181625;0.9999834477528142;1.0;0.9999931678629101;1.0032021669549358;1.0032254588544702;1.0;1.0;0.9999713042379798;1.0012937279087206;1.0006633071959046;1.0001846673346129;1.000037700817685;0.999532277337164;0.9999999999999999;0.9997817933440261;0.9998697337552688;0.9999207765435103;1.0;1.0029261457617822;0.9995193265168572;0.9999874990421102;1.0;1.0030133649729185;1.024999976158142;
2016-05-19 19:30:00;0.9999999999999999;0.9999221906185393;1.0;0.9999780964309503;0.9997394584885638;0.9999760472413802;1.0028445756179538;0.9999702128722228;0.999812010799124;1.0;0.9999831594130824;1.0027298015075472;1.0027453145922123;0.9999613416624396;0.9999774221490211;1.0;0.9999911348265286;0.999738158342498;1.0009382957895225;0.9999579551875193;0.9999961200755679;1.0;0.999993374018645;1.0028333734099704;1.0028512757392616;1.0;1.0;0.9999792123041623;1.0012074330089424;1.000642480766035;1.0002114606924146;1.0000587486078567;0.9997515925262594;0.9999999999999999;0.999805343618386;0.9998968235246438;0.999936141569486;1.0;1.0025871401552957;0.9997453789629706;0.9999970695246461;1.0;1.002732896567847;1.024999976158142;
2016-05-19 19:45:00;1.0;0.9999325253493832;0.9999999999999999;0.9999870450043258;0.9997779721445489;0.9999838732991762;1.0027314850176405;0.9999772973690836;0.9998393967010409;1.0;0.9999923414575539;1.002633986605799;1.0026479777290207;0.9999696937605467;0.9999804090924566;1.0;0.9999950782086783;0.9997771297965714;1.0009007696198302;0.9999640976266716;0.9999975114368937;1.0;0.9999963129728997;1.002723795977923;1.0027356258421738;1.0;1.0;0.9999851610611804;1.0013073935455716;1.000735437361094;1.0003158324354604;1.0001171676527347;0.9997878160808067;1.0;0.9997920611957676;0.9999343425263919;0.9999575668773779;1.0;1.002483658444952;0.9997826155785493;0.9999981171820803;0.9999999999999999;1.0026369633045067;1.024999976158142;
2016-05-19 20:00:00;1.0;0.9999729183443292;1.0;0.9999942399376278;0.9998820678815947;0.9999912669405513;1.0025648462851706;0.9999870158584463;0.9999126560776161;1.0;0.9999984098543464;1.0025095421138353;1.002518971601243;0.9999851637805512;0.9999921228012084;1.0;0.9999981594357754;0.9998815916426463;1.0008455701382848;0.9999804901718001;0.9999986271606863;1.0;0.9999986098989329;1.0025613196360788;1.0025665447300907;1.0;1.0;0.9999923277970383;1.0012414007663488;1.000687078608089;1.0003039616269602;1.000111685947209;0.9998886995175612;1.0;0.9997831444372649;0.9999338974321912;0.9999567696033197;0.9999999999999999;1.0023320164372975;0.9998858620491787;0.9999989626029974;1.0;1.0025128238378649;1.024999976158142;
2016-05-19 20:15:00;1.0;0.9999582491738952;1.0;0.9999923852283316;0.9998522511542673;0.9999895604672716;1.0026001991064653;0.9999846543270646;0.9998920260403041;1.0;0.9999966095401289;1.0025322197279902;1.0025430388646837;0.9999804645641825;0.9999878693084051;1.0;0.9999973321737751;0.9998518254807955;1.0008574788866682;0.9999758745498637;0.9999987487737075;1.0;0.9999980036529769;1.0025954293394792;1.0026025914431458;1.0;1.0;0.9999904379672067;1.0012741662690494;1.000719938880993;1.0003277231666718;1.0001309399178897;0.9998591388496487;1.0;0.9997889443129898;0.9999600504590512;0.999972013719086;1.0;1.0023641282349798;0.9998556973766821;0.9999990537741862;1.0;1.0025352446452438;1.024999976158142;
2016-05-19 20:30:00;1.0;0.9999107851085104;1.0;0.9999900830778855;0.999721393541498;0.999985110541482;1.0027359460965353;0.9999754972956642;0.9997998997761253;1.0;0.9999972052729127;1.002615611943219;1.0026323732564462;0.9999648198607505;0.9999740680251488;1.0;0.9999965331632127;0.9997202128526319;1.0009019548361642;0.9999552535609877;0.9999964961596917;1.0;0.9999973617162232;1.0027281982045833;1.0027396240788593;1.0;1.0;0.9999847705094883;1.0013646976766462;1.0007829506368946;1.0003716680716654;1.0001609356342862;0.9997331775191808;1.0;0.9997776290804001;0.9999915140386588;0.9999898869487366;1.0;1.0024873856655119;0.9997266418063139;0.9999973531300294;1.0;1.0026185885873748;1.024999976158142;
2016-05-19 20:45:00;1.0;0.9999707440655355;1.0;0.9999839070896642;0.9997380012350318;0.9999741729522251;1.0025951741437547;0.9999639828796157;0.9997980963645636;1.0;0.9999972745375784;1.0025367764278275;1.0025457858260571;0.9999675022673565;0.9999915189036379;0.9999999999999999;0.999995580302214;0.9997370808606442;1.000855884006481;0.9999548676048949;0.9999972676626728;1.0;0.9999966776368909;1.0025911096125424;1.0025973123305867;1.0;1.0;0.9999796414186773;1.0013183900888538;1.0007727905905366;1.0003731276944396;1.0001649659910778;0.9997574141661992;1.0;0.9998001845586301;1.000001105710443;0.9999954331406353;0.9999999999999999;1.0023599470880322;0.9997509337661655;0.9999979345165402;0.9999999999999999;1.0025396833044333;1.024999976158142;
2016-05-19 21:00:00;0.9999999999999999;0.9999689420327612;1.0;0.9999918677621354;0.9998272039832586;0.999987586620882;1.0024891126661593;0.9999817613477495;0.9998739983987813;0.9999999999999999;0.9999978727053096;1.002418204311632;1.0024275269021041;0.999980503637362;0.9999909776735534;1.0;0.9999970680403844;0.9998249463456541;1.0008194127978176;0.9999718474062632;0.9999935376786999;1.0;0.9999976804907217;1.0024843805448926;1.0024917364288781;1.0;1.0;0.9999894077109082;1.0012607502930668;1.0007289652308213;1.0003551513987037;1.0001578805609304;0.9998401138396535;1.0;0.9997946963703493;1.0000036455466457;0.9999967922289023;1.0;1.0022637188880001;0.9998353806987407;0.9999951270246557;1.0;1.0024211535045318;1.024999976158142;
2016-05-19 21:15:00;1.0;0.9999053651391453;1.0;0.9999907024831717;0.9997003372349479;0.9999856354705141;1.0026848927148808;0.9999754749388076;0.9997871169555155;1.0;0.9999978913036608;1.0025509828522159;1.002568354520298;0.9999638885914415;0.9999724996821727;1.0;0.999996501802571;0.9996980460887606;1.0008842517658656;0.9999523920719091;0.9999933292943021;1.0;0.9999972607138907;1.0026764512472865;1.0026890071513883;0.9999999999999999;0.9999999999999999;0.9999848344140201;1.0013856219186281;1.000817154176512;1.000412597139935;1.0001959712808175;0.9997144249085738;1.0;0.9997837543385506;1.00004199421988;1.0000184924435038;1.0;1.0024412166675087;0.9997070499175422;0.9999949642447703;1.0;1.0025539188897878;1.024999976158142;
2016-05-19 21:30:00;1.0;0.9999644614411303;1.0;0.9999934351127158;0.9998327195546292;0.9999901271967878;1.0025033620926957;0.9999847843974051;0.9998809440740639;1.0;0.9999981144410953;1.002423602627389;1.0024335412684422;0.9999819673752434;0.9999896796828345;1.0;0.999997292019716;0.9998299149683425;1.0008235113448976;0.9999734031505298;0.9999920017814667;1.0;0.9999978072320678;1.0024981369404091;1.002506272821199;1.0;1.0;0.9999910472696691;1.0012297174086946;1.0006868859744318;1.0003321395719809;1.0001509613116721;0.9998450852423559;0.9999999999999999;0.9997727680244521;1.0000137111074343;1.0000024338988662;1.0;1.0022767205782581;0.9998403414682615;0.9999939679156843;1.0;1.002426578701492;1.024999976158142;
2016-05-19 21:45:00;1.0;0.9999111431990347;1.0;0.9999900402145563;0.999703008825126;0.9999850504814259;1.0026998086180858;0.9999752580141813;0.9997892916726844;1.0;0.9999972121439638;1.0025666982765236;1.002583442613528;0.9999647437193356;0.9999741860616256;1.0;0.9999961149760729;0.9997001724031888;1.0008887016478198;0.9999528809732092;0.9999917859695843;1.0;0.9999969373332398;1.0026911975281492;1.0027041856371506;1.0;0.9999999999999999;0.9999847025616254;1.001339835867016;1.0007783148663263;1.0003700305208503;1.0001685199725048;0.9997184108127621;1.0;0.9997922671814259;1.0000159864787248;1.0000036849513967;1.0;1.002455013237026;0.9997108800828848;0.9999938002972775;0.9999999999999999;1.0025696941776117;1.024999976158142;
2016-05-19 22:00:00;1.0;0.9999236434709889;1.0;0.9999890046277836;0.9997050604758332;0.9999829491928747;1.0026610003713543;0.9999729162912767;0.9997879495984352;1.0;0.9999975247163357;1.0025414215396793;1.002556268999292;0.999965394000729;0.9999778094625852;1.0;0.9999960052195696;0.9997022041406703;1.000875842780366;0.9999525907914597;0.9999917486403785;0.9999999999999999;0.9999968550422785;1.0026532592147557;1.0026649972597212;1.0;1.0;0.9999837596663457;1.0013307027437177;1.0007696462730846;1.0003742182596849;1.0001735797348155;0.9997222506065538;1.0;0.9997840385180745;1.0000256130404546;1.000009433023519;0.9999999999999999;1.0024198062249263;0.9997146743888567;0.9999937728735504;1.0;1.0025442455733262;1.024999976158142;
2016-05-19 22:15:00;1.0;0.9999574571665839;1.0;0.9999903185045309;0.9997911422532358;0.9999851426974286;1.0025618441137865;0.9999779327304702;0.9998471169147866;0.9999999999999999;0.9999975833798199;1.0024811815693837;1.0024919683385314;0.9999754462706755;0.9999876272403886;1.0;0.9999966745048863;0.999789103667197;1.0008437237843029;0.9999658294464329;0.9999941305134129;1.0;0.999997405762858;1.0025564749365299;1.0025647092682117;1.0;1.0;0.9999870509066222;1.001286591149154;1.000745955483556;1.000363517805115;1.000167629537283;0.9998051473377892;1.0;0.9997928970188148;1.0000219628830564;1.0000071459317657;1.0;1.0023297339678445;0.9997996890706868;0.9999955711574448;0.9999999999999999;1.0024841309475674;1.024999976158142;
2016-05-19 22:30:00;0.9999999999999999;0.9997803741424148;1.0;0.9999805248785091;0.9993525857813007;0.9999688088043601;1.0030462428179816;0.999946214009696;0.9995367018471409;1.0;0.9999971807348179;1.0027897638997418;1.0028227576702333;0.9999183979491514;0.9999362932061147;0.9999999999999999;0.9999936295254298;0.9993502923106068;1.0010041054171988;0.9998962519245594;0.9999928496206075;1.0;0.9999951432049857;1.003030391853084;1.00305340330575;1.0;1.0;0.9999661883451042;1.0016144821297772;1.000998104169327;1.0005003107318478;1.0002368077018584;0.999377505042568;1.0;0.9998045885456843;1.0000478491622156;1.000022000899466;1.0;1.002768806042765;0.9993625766113813;0.9999945872666919;0.9999999999999999;1.0027925886329379;1.024999976158142;
2016-05-19 22:45:00;1.0;0.9998457665597709;1.0;0.9999859324355547;0.999524091421073;0.9999780511859955;1.002982398034033;0.9999622062944038;0.9996631860372052;1.0;0.9999972711049614;1.0027779220448307;1.0028028099495832;0.9999426059267081;0.9999551869835699;0.9999999999999999;0.9999947387393227;0.9995203165223022;1.0009815156269428;0.9999245948813854;0.9999888637491007;1.0;0.9999958569715766;1.002969534660858;1.002988669932869;0.9999999999999999;0.9999999999999999;0.9999762017868989;1.0015777137147623;1.0009616880107417;1.0004854605920104;1.0002283135284962;0.9995460010820257;1.0;0.9997909190276962;1.0000424412263114;1.000018796841583;1.0;1.002711686295371;0.9995342763732039;0.9999915830099102;1.0;1.0027808296206433;1.024999976158142;
2016-05-19 23:00:00;1.0;0.9999197450688101;0.9999999999999999;0.9999800930499075;0.9995728102988559;0.9999687821374326;1.0028247173393288;0.999954171559366;0.9996867612336238;1.0;0.9999960245264525;1.0026859167824504;1.0027015450520858;0.9999503841370018;0.9999766638494849;1.0;0.9999933728163964;0.9995682084986;1.0009289364992824;0.9999298955602512;0.9999865648521713;1.0;0.9999947921773568;1.0028153350356248;1.002829914905363;1.0;1.0;0.9999730385352451;1.0015120357670528;1.000933770160358;1.0004747236649305;1.000224854173607;0.9996030180012744;1.0;0.9998112883200693;1.0000458059205688;1.000020574333553;1.0;1.002569372006712;0.9995916653094348;0.9999898570181249;1.0;1.0026888936353329;1.024999976158142;
2016-05-19 23:15:00;1.0;0.9999112182144667;1.0;0.9999837525305065;0.9996218022132087;0.9999746438524804;1.002734189967341;0.999961470506723;0.9997237462337308;1.0;0.9999965810952455;1.0026005264056184;1.002617369435624;0.9999543398775081;0.9999741953022767;1.0;0.9999946517198327;0.9996189675848213;1.0009004419715646;0.9999381926892554;0.9999916720402034;1.0;0.9999958588509853;1.0027253831359075;1.0027387161285712;1.0;1.0;0.9999770105269093;1.0014421145235375;1.0008774412270662;1.00044144733227;1.0002068188030169;0.9996443095388488;1.0;0.9998075414914975;1.0000357281047672;1.0000147436112734;1.0;1.0024864505262356;0.9996347970016771;0.9999937119757374;1.0;1.0026035783990326;1.024999976158142;
2016-05-19 23:30:00;1.0;0.9999411263045342;0.9999999999999999;0.9999898681109842;0.9997405087821586;0.9999842789526365;1.0025815064787524;0.9999756145124424;0.9998135779543815;1.0;0.9999977182871981;1.0024749603898213;1.002487737125687;0.9999707042751863;0.9999828934981108;1.0;0.999996202366305;0.9997371822237303;1.0008492368170072;0.9999583224619544;0.9999904270749174;1.0;0.9999969673988942;1.0025745579078544;1.0025852641692998;0.9999999999999999;0.9999999999999999;0.9999855749907456;1.0013382128678243;1.0007941258146178;1.0003948645324476;1.0001804141072022;0.9997579073871664;1.0;0.9998008111292508;1.0000182904115502;1.0000051466060562;1.0;1.0023478367302607;0.999750909374598;0.9999927793758632;1.0;1.0024778670871903;1.024999976158142;
2016-05-19 23:45:00;1.0;0.9999480455750621;1.0;0.9999907190613492;0.9997722792225934;0.9999856110939253;1.0024323648649134;0.9999777826008588;0.9998350751874655;1.0;0.9999978369833855;1.0023402298164041;1.0023520967672008;0.9999737102702375;0.9999849724907662;1.0;0.999996662792323;0.9997698792101983;1.000800668483195;0.9999631532599847;0.9999931263890335;1.0;0.9999973717812234;1.0024263593006386;1.0024355336355797;1.0;1.0;0.9999869556834343;1.001236432254561;1.0007362703933682;1.0003525538716411;1.0001577201868246;0.999786886635599;1.0;0.9998278668404843;1.0000060580403338;0.9999982324557474;1.0;1.0022120044043918;0.9997809279116568;0.9999948158303209;1.0;1.002343136123119;1.024999976158142;
2016-05-20 00:00:00;1.0;0.9999773195309904;1.0;0.999989793056503;0.9998291246874286;0.9999849095114054;1.002443446168251;0.9999791478324631;0.9998727122486272;1.0;0.999996735931328;1.0023827697288894;1.0023910708105892;0.9999799981689313;0.9999934278069308;1.0;0.9999965099440646;0.9998271748258927;1.0008047469620092;0.999971561327186;0.9999944216882275;1.0;0.9999972906968645;1.00243903413323;1.0024460062028084;1.0;1.0;0.9999879019324619;1.001196898917816;1.0006939874686873;1.0003170989188772;1.0001363038540008;0.9998428164280247;1.0;0.9998211837618926;0.9999888865016422;0.9999884016664676;1.0;1.0022223036577569;0.9998381718112795;0.9999957904495291;1.0;1.0023857456817646;1.024999976158142;
2016-05-20 00:15:00;1.0;0.9999766714217512;1.0;0.999990792576163;0.999858875458855;0.9999871634572105;1.0024002660368718;0.9999825791588247;0.9998948104713853;1.0;0.9999961358326759;1.0023453079974811;1.0023536212857866;0.9999823337144079;0.9999932303408418;0.9999999999999999;0.9999968002812158;0.9998577205294216;1.0007911971363175;0.9999764995213805;0.9999966919804907;1.0;0.999997560456178;1.0023960815164232;1.0024026338768393;1.0;1.0;0.9999895760190389;1.0011556434762958;1.0006615224054187;1.000295002138764;1.0001240748535407;0.9998689295143133;1.0;0.9998216934927178;0.9999813474106362;0.9999842126195625;1.0;1.0021828559943655;0.9998652754839082;0.9999975012778607;1.0;1.0023482434327202;1.024999976158142;
2016-05-20 00:30:00;1.0;0.9999828873179984;1.0;0.9999915571506697;0.9998500711444884;0.999987335282764;1.0023390707058588;0.9999823821458899;0.9998893632693866;1.0;0.9999975120136378;1.0022805285756937;1.002288183174797;0.9999835345752431;0.9999950277243503;1.0;0.9999969681353155;0.9998477000270279;1.0007699592619408;0.9999752848723712;0.9999932361864845;1.0;0.9999975988995313;1.00233496597413;1.0023415086033671;1.0;0.9999999999999999;0.9999899180041185;1.0012280373920195;1.0007473542202951;1.0003685953027701;1.0001666643551521;0.9998632961732958;1.0;0.9998410750652839;1.0000114646354905;1.0000011123221353;1.0;1.0021275501409317;0.9998589821255064;0.9999948985914132;1.0;1.002283533336944;1.024999976158142;
2016-05-20 00:45:00;1.0;0.9999790555695756;1.0;0.9999926567726838;0.9998687016162681;0.9999889981894277;1.0023105941376782;0.9999844455993175;0.9999023320184639;0.9999999999999999;0.9999978151522957;1.002258376358172;1.0022662838727208;0.9999843635509015;0.9999939239336275;1.0;0.999997539974115;0.9998674809363374;1.00076152557019;0.9999781832362197;0.9999965059210527;1.0;0.9999981010849542;1.0023070150475613;1.0023125407604057;1.0;0.9999999999999999;0.9999909688787886;1.0012112347149689;1.0007405130402043;1.0003627517613245;1.0001634994548194;0.9998783473900638;1.0;0.999848914677718;1.0000096924127366;1.0000003346052517;1.0;1.00210128082395;0.999874894154325;0.9999973644111176;1.0;1.0022612555666564;1.024999976158142;
2016-05-20 01:00:00;1.0;0.9999603448041199;1.0;0.999992320010064;0.9998235603487474;0.999987924184012;1.0023099500478496;0.9999815893833954;0.9998704553300483;1.0;0.999998406265452;1.0022392767513777;1.0022495629726471;0.9999788098451593;0.9999884769656009;1.0;0.9999974851629165;0.9998223258340672;1.0007614312059603;0.9999710568403262;0.9999964546528538;1.0;0.9999980597046983;1.0023054413583392;1.00231220427766;1.0;1.0;0.9999892377325296;1.0012628323414594;1.0008079408624977;1.0004043492249381;1.0001859430261575;0.9998342275226081;1.0;0.9998795751408182;1.0000217691361901;1.0000071607316259;0.9999999999999999;1.002100544785244;0.9998298072600728;0.9999973227728489;1.0;1.0022421559049939;1.024999976158142;
2016-05-20 01:15:00;1.0;0.9999702431760621;1.0;0.9999935738942465;0.9998608587757999;0.999990144991559;1.0022650773287207;0.9999852504839772;0.9998978688564937;0.9999999999999999;0.9999983626380274;1.0022056097408465;1.0022145020727276;0.9999833732686142;0.9999913530224079;1.0;0.9999978262789273;0.9998597360533654;1.0007466390203312;0.999977186138535;0.9999967893058789;1.0;0.9999983189901912;1.0022612203658592;1.002267051589469;1.0;1.0;0.9999913629804459;1.0012441048067124;1.0008002073528162;1.0004024162352088;1.0001867384484635;0.9998696864929082;0.9999999999999999;0.9998851056727588;1.0000267546105386;1.0000101133974562;1.0;1.0020597751914753;0.9998661397019035;0.9999975761832495;1.0;1.0022084134335902;1.024999976158142;
2016-05-20 01:30:00;1.0;0.9999871505461804;1.0;0.999994328463691;0.9999124351146141;0.9999920709831293;1.002211239115523;0.9999892666225456;0.9999349527349835;1.0;0.9999976367003711;1.002169402458901;1.0021761982935093;0.9999894176593126;0.9999962653102812;1.0;0.9999979789327316;0.9999114823404809;1.000728984068124;0.9999854740162133;0.9999972925272027;1.0;0.9999984434353297;1.00220823931647;1.0022129168143468;1.0;1.0;0.9999936384222461;1.0012127448026353;1.0007811806932467;1.0003884939641001;1.0001766283406621;0.9999192035084576;0.9999999999999999;0.9998922411627711;1.000014804692151;1.0000033111526188;1.0;1.0020109645913435;0.99991684653169;0.9999979551009743;1.0;1.0021722329088663;1.024999976158142;
2016-05-20 01:45:00;0.9999999999999999;0.9999901851979466;0.9999999999999999;0.9999955032718373;0.9999298250375513;0.9999935781517104;1.0021100208384652;0.9999912516008529;0.999947577900087;1.0;0.9999982807947798;1.0020735812725432;1.0020799426593536;0.9999915250009023;0.9999971465411598;1.0;0.9999984439000997;0.9999291282067782;1.0006958108755932;0.9999882960632026;0.9999980180914811;1.0;0.9999988041163563;1.0021075283628158;1.0021113666394321;0.9999999999999999;1.0;0.9999948727902558;1.0011895280117078;1.000800040000699;1.0004047019643763;1.000193996827729;0.999935244708571;1.0;0.9999299151878427;1.0000455211456245;1.000020720223454;0.9999999999999999;1.0019188734290732;0.9999333745169712;0.9999985048227501;1.0;1.0020763845959344;1.024999976158142;
2016-05-20 02:00:00;1.0;0.9999958217158839;1.0;0.9999965370786228;0.9999405686983844;0.9999949903052201;1.0020487120651318;0.9999932132674377;0.9999568238045093;1.0;0.9999987513676066;1.0020100026795722;1.0020161671906747;0.9999941048695041;0.999998781815721;1.0;0.9999986023405317;0.999939127331316;1.000674931587489;0.9999903620290483;0.9999959070203576;1.0;0.999998868699303;1.0020461779952705;1.0020501796637373;0.9999999999999999;1.0;0.9999961505036745;1.0011901238171137;1.0008224626543942;1.0004215307248798;1.0002041377491413;0.9999468098763531;0.9999999999999999;0.9999523298072337;1.0000536723129705;1.0000248209848766;1.0;1.0018633955429017;0.9999449151467469;0.9999969146401998;0.9999999999999999;1.00201308944236;1.024999976158142;
2016-05-20 02:15:00;0.9999999999999999;0.9999946651855096;1.0;0.9999971089760251;0.9999615335649115;0.9999963429284217;1.002036017592219;0.9999953147813354;0.9999718462069014;1.0;0.9999983377871101;1.002003228036602;1.0020093872298605;0.9999953767170349;0.9999984478088535;1.0;0.9999988489512734;0.9999609254976635;1.0006714379412804;0.9999937171588724;0.9999982814182038;1.0;0.9999991089091298;1.0020337734620546;1.0020372383699294;1.0;1.0;0.9999971250534431;1.0011658579521012;1.000802234690961;1.0004056470996774;1.0001953488837005;0.9999647784737443;1.0;0.9999528843272478;1.0000483379113325;1.0000219534414647;1.0;1.0018516227132854;0.9999636782225731;0.9999987022199397;1.0;1.002006231966526;1.024999976158142;
2016-05-20 02:30:00;1.0;0.9999926414619571;1.0;0.9999965786215458;0.9999598774219238;0.9999957681226948;1.002035609016249;0.9999946489999865;0.9999699713615375;1.0;0.9999979188143895;1.0020032625934217;1.0020098148476828;0.9999944491621332;0.9999978624796854;1.0;0.9999987395269554;0.999959664665651;1.0006716854627324;0.9999932982839659;0.9999993969850072;0.9999999999999999;0.9999990559695995;1.002033309819018;1.0020368154645962;1.0;1.0;0.9999966312805176;1.001179416981271;1.0008145028990578;1.0004170996714683;1.0002025023600412;0.9999624855080874;0.9999999999999999;0.9999523298072338;1.0000546462801962;1.0000253841335087;1.0;1.0018511702026063;0.9999614897111402;0.9999995445359613;1.0;1.0020063418725798;1.024999976158142;
2016-05-20 02:45:00;1.0;0.9999910518049456;1.0;0.9999965716052559;0.999955456121905;0.9999956364846848;1.0020497445187189;0.9999943094272891;0.9999667356498103;1.0;0.9999980599137683;1.0020173176148264;1.0020237539524817;0.9999939167461501;0.9999974011953338;1.0;0.9999987640373194;0.9999552632746805;1.000676353767427;0.9999925755793341;0.9999994532938249;1.0;0.9999990754319632;1.0020474696535693;1.0020509207746902;1.0;1.0;0.9999964511914953;1.0011732059126317;1.0008050073247945;1.0004077041852129;1.0001961961969443;0.9999581778337778;0.9999999999999999;0.9999494512523167;1.0000481498281968;1.000022023292145;1.0;1.0018639693669669;0.9999570925627524;0.9999995867909611;1.0;1.0020202229852504;1.024999976158142;
2016-05-20 03:00:00;1.0;0.9999943038017667;1.0;0.999996784686243;0.9999608833621353;0.9999960765139296;1.002030134126989;0.9999950955109005;0.9999713301893194;1.0;0.9999979820823105;1.001996268856513;1.0020026850609236;0.999995105478939;0.9999983427841845;1.0;0.9999987137185854;0.9999603059720761;1.000669571217397;0.9999936017394118;0.9999983668689973;1.0;0.9999990113786333;1.0020277398066477;1.0020314493488198;1.0;1.0;0.9999969284850115;1.0011915094846275;1.0008327055471693;1.0004280874668554;1.0002082860308033;0.9999640928199969;1.0;0.9999623281226897;1.0000574481709468;1.0000268952379994;1.0;1.0018463095904933;0.9999629893129572;0.9999987668892281;1.0;1.0019993885065304;1.024999976158142;
2016-05-20 03:15:00;1.0;0.9999929299489979;1.0;0.9999976199081098;0.9999636336784813;0.9999970117048823;1.0020157504303957;0.9999960206163274;0.9999737479073143;1.0;0.9999986056529523;1.0019832831939983;1.0019893428965818;0.9999956070581073;0.9999979484213364;1.0;0.9999990278597142;0.9999631084075069;1.0006648195906724;0.9999941418813035;0.9999985118103769;0.9999999999999999;0.9999992465890839;1.0020135927649603;1.0020168881428004;1.0;1.0;0.9999975231718771;1.0011794078359981;1.0008259633725263;1.0004226278445978;1.0002056358477607;0.9999663282272488;1.0;0.9999660456213887;1.0000567380165433;1.0000270118977626;0.9999999999999999;1.001833125318801;0.9999653190576399;0.9999988773317537;1.0;1.001986113118303;1.024999976158142;
2016-05-20 03:30:00;1.0;0.999995171256451;1.0;0.9999971667853084;0.9999574689391977;0.9999960259785763;1.0020217097736344;0.9999946841223032;0.9999683818948392;1.0;0.9999988296810342;1.0019889819860515;1.0019952636755496;0.9999950570052192;0.9999985941814382;0.9999999999999999;0.9999989709462728;0.9999568839382437;1.0006667475033315;0.9999929436893131;0.9999983402112425;1.0;0.9999992004497396;1.0020196092121143;1.002022811661647;1.0;1.0;0.9999968931079973;1.0011844601721813;1.0008260192118021;1.000423361640037;1.0002045186434567;0.9999611200032188;1.0;0.9999613389547302;1.0000523858162798;1.0000240587898144;1.0;1.0018386079250765;0.9999599247171809;0.9999987484812103;1.0;1.0019920880750046;1.024999976158142;
2016-05-20 03:45:00;1.0;0.9999899670334167;1.0;0.9999962769819086;0.9999473762382632;0.9999951074525393;1.0020519824226113;0.9999934866259593;0.9999608393209604;1.0;0.9999980744193655;1.0020166593404614;1.002023411717245;0.9999931142772448;0.999997089442543;1.0;0.999998661153985;0.9999470424600624;1.000676978405133;0.9999912590294856;0.9999990526624254;1.0;0.9999989897136886;1.002049536828357;1.0020532555776627;1.0;1.0;0.9999960073279417;1.0011730912296581;1.0008079037988433;1.0004084658126242;1.0001977448709438;0.9999507982196046;0.9999999999999999;0.9999534388476335;1.0000518064200052;1.0000239137864317;0.9999999999999999;1.0018660451478085;0.9999494784586827;0.9999992849220259;1.0;1.0020196633106513;1.024999976158142;
2016-05-20 04:00:00;1.0;0.9999870770301624;1.0;0.9999965221955475;0.9999421751560814;0.9999952825041568;1.002045854142187;0.9999934147426196;0.9999573443924139;1.0;0.9999983761895549;1.0020076192928205;1.002014773712019;0.9999925559899306;0.9999962495484416;1.0;0.9999987608647946;0.9999418413796166;1.0006749807199466;0.9999904781825703;0.9999990514311137;1.0;0.9999990632108772;1.0020433191776061;1.002047128519649;0.9999999999999999;1.0;0.9999959819617784;1.0011870147508217;1.000820576799808;1.0004204102398737;1.0002040746290841;0.9999456001117789;1.0;0.9999529007612997;1.000054980412075;1.0000256726145014;1.0;1.0018604445773929;0.9999441743548485;0.999999283959744;0.9999999999999999;1.0020106426272088;1.024999976158142;
2016-05-20 04:15:00;0.9999999999999999;0.9999902581304455;1.0;0.9999973827122688;0.9999484418490313;0.9999962999851321;1.0020465739632234;0.9999946830965529;0.999962741500661;1.0;0.99999895594636;1.0020078629070452;1.0020147194505338;0.9999941601208651;0.9999971656355117;1.0;0.9999989735242129;0.9999476836850871;1.000674808422611;0.9999916835018015;0.9999978509693755;1.0;0.9999991902068852;1.0020441411145853;1.002047831586341;1.0;1.0;0.9999968481259879;1.001183323609306;1.0008186016769938;1.0004180653496164;1.000203357508947;0.9999523177769326;1.0;0.9999545783957845;1.0000559401893288;1.0000261153411036;1.0;1.0018612061584344;0.9999508808526429;0.9999983784441663;0.9999999999999999;1.0020109422003405;1.024999976158142;
2016-05-20 04:30:00;1.0;0.999994159995868;0.9999999999999999;0.9999972498207331;0.9999668729040093;0.999996635534135;1.0020368133226336;0.9999957569267898;0.9999754888193857;0.9999999999999999;0.9999982841195914;1.0020053284123422;1.0020116904388112;0.9999955914014176;0.9999982981901765;1.0;0.9999989458320899;0.9999665682042921;1.0006719794546417;0.9999945304009895;0.9999991397428032;1.0;0.9999992015917536;1.0020346568986123;1.0020379402850235;1.0;1.0;0.9999973226464545;1.00116737856518;1.0008007408014552;1.0004079369431422;1.000198183956796;0.999969214900928;1.0;0.9999478182541551;1.0000538360628863;1.0000249261528986;1.0;1.0018522787494124;0.9999683479306046;0.9999993498302806;1.0;1.0020084076978488;1.024999976158142;
2016-05-20 04:45:00;1.0;0.9999952430085576;1.0;0.9999979339910994;0.9999713488179908;0.999997263561513;1.002014929710375;0.9999963873923909;0.999978646549111;1.0;0.999998956500267;1.0019842114077662;1.001990698651996;0.9999963357402069;0.9999986164350754;1.0;0.99999925496065;0.9999711161464563;1.0006647826349646;0.9999952360362586;0.9999993422540222;1.0;0.9999994345034611;1.0020130127990479;1.0020158681781173;1.0;1.0;0.9999978075743824;1.0011560058763393;1.000796683366229;1.000403923373841;1.0001953326096973;0.9999733834017946;1.0;0.9999540238737413;1.000050589470394;1.0000228322238147;1.0;1.0018323481860738;0.9999726420846571;0.9999995035146504;1.0;1.0019874354712488;1.024999976158142;
2016-05-20 05:00:00;1.0;0.9999935812920325;1.0;0.9999972890915757;0.9999592940038831;0.9999964454848175;1.002027191458355;0.9999952753920829;0.9999702620862754;1.0;0.9999985885751466;1.0019940283365063;1.002000198194965;0.9999951736815864;0.9999981328098143;1.0;0.9999989382918786;0.9999586998296282;1.0006685277804026;0.999993363624726;0.9999983124877893;1.0;0.9999991757364349;1.002024989599798;1.0020283635710432;1.0;1.0;0.9999971369112162;1.0011802366717484;1.000823967304542;1.0004164573962409;1.0001980773875747;0.9999625470644731;1.0;0.9999664215536724;1.0000421589211188;1.0000185854884711;1.0;1.0018435614241052;0.999961405095397;0.9999987282093238;1.0;1.0019969627429997;1.024999976158142;
2016-05-20 05:15:00;1.0;0.9999926414619574;1.0;0.9999962963739852;0.9999625639943679;0.9999959314658888;1.0020592442369645;0.9999951996390987;0.999972739272326;1.0;0.9999971441507379;1.0020250587190451;1.002031558007542;0.9999947774755658;0.9999978624796854;0.9999999999999999;0.9999984645416045;0.999962118361302;1.0006792764529282;0.999993916538401;0.9999987391604432;1.0;0.9999988369455528;1.0020566105118969;1.0020607233941872;1.0;1.0;0.9999967839991172;1.0011801003478094;1.000813507856277;1.0004046223020473;1.000187806840906;0.9999652088825671;1.0;0.9999585214137282;1.0000269534625024;1.0000097840860618;1.0;1.0018727477798688;0.9999642028130118;0.9999990480014752;1.0;1.0020281089606913;1.024999976158142;
2016-05-20 05:30:00;1.0;0.9999932193231936;1.0;0.9999977125724777;0.9999549011342904;0.9999966299580857;1.0020508472589438;0.999995180790796;0.9999672262904282;1.0;0.9999992461540665;1.0020166627277558;1.002022775016975;0.999995117423649;0.9999980311175058;1.0;0.9999991194296237;0.999954144557395;1.0006761238283268;0.9999926858796011;0.9999978545555048;1.0;0.9999992978670301;1.0020487476343674;1.0020519376862982;1.0;1.0;0.9999972220873933;1.0011488726085604;1.0007862552754945;1.0003801437629682;1.0001720128402356;0.9999586728155176;1.0;0.999960065446227;1.0000119519052026;1.000001611676632;1.0;1.0018650463364898;0.9999573733587145;0.9999983822765651;0.9999999999999999;1.0020195412418642;1.024999976158142;
2016-05-20 05:45:00;0.9999999999999999;0.9999936533429048;1.0;0.9999979318214635;0.9999698236958159;0.9999974630469124;1.0020512948714486;0.999996655589122;0.999978169409712;0.9999999999999999;0.9999987178083505;1.0020156255996586;1.0020228566947447;0.9999962176648971;0.999998155150024;0.9999999999999999;0.9999991611148795;0.9999694500933329;1.0006766312185176;0.9999951294148136;0.999998941896797;0.9999999999999999;0.9999993554472205;1.002049029625344;1.0020524304941787;1.0;1.0;0.999997887062409;1.0010797435393943;1.0007258082063342;1.0003292623495186;1.0001468448552364;0.999971909625739;1.0;0.9999611298365192;1.000003882439159;0.9999959016672744;1.0;1.0018654668164708;0.999971096215987;0.9999992018615341;1.0;1.002019146921973;1.024999976158142;
2016-05-20 06:00:00;1.0;0.999995532382851;1.0;0.9999974561972899;0.9999668658366315;0.9999965476310407;1.0020552916376244;0.9999954872473443;0.9999749097006239;1.0;0.999998812722128;1.0020158589726604;1.0020245507706884;0.9999957046831917;0.9999986991312545;1.0;0.9999991282219078;0.9999666530788717;1.0006781579235327;0.999994401359294;0.9999993983750111;1.0;0.9999993424798056;1.0020528958613808;1.002056434363178;1.0;1.0;0.9999973012301371;1.0010823054731546;1.0007282777627364;1.0003300120288015;1.0001468760373884;0.9999693147165236;1.0;0.9999621942297177;1.000002976316215;0.9999937282994078;1.0;1.0018692082029692;0.999968468118647;0.999999545621436;0.9999999999999999;1.0020203109552581;1.024999976158142;
2016-05-20 06:15:00;1.0;0.9999957490805221;1.0;0.9999975131467469;0.9999723539393867;0.9999972216156766;1.0020624591282674;0.9999966933604303;0.9999802105083019;1.0;0.9999981380308222;1.0020223132787518;1.002030473440636;0.9999965745560803;0.9999987628078039;1.0;0.9999989165658634;0.9999717872788517;1.0006802141685776;0.9999955849332098;0.9999983972979509;1.0;0.99999916165144;1.0020597992894893;1.002063860687585;1.0;1.0;0.999997833642056;1.001141222252085;1.000777729244127;1.000377237880005;1.0001764232901798;0.9999747758995047;0.9999999999999999;0.9999555984446855;1.0000291315037517;1.000009005659237;1.0;1.0018758156998397;0.9999739447877726;0.9999987903071181;1.0;1.0020264891482455;1.024999976158142;
2016-05-20 06:30:00;1.0;0.9999865701195816;1.0;0.9999971562356327;0.9999503295088178;0.999996703508124;1.0021723211612177;0.9999954521475836;0.9999651318689267;1.0;0.9999980134973502;1.0020342195907732;1.0020650507732998;0.9999939480747985;0.9999961064333213;1.0;0.9999987157945117;0.9999495820793294;1.0007167759488604;0.9999922173707188;0.9999978802287119;1.0;0.9999990009845571;1.0021645331811282;1.0021758320779433;1.0;1.0;0.999997014956831;1.0012347774045636;1.0008506552505638;1.0004170504315504;1.0001910267554084;0.9999534545572806;1.0;0.9999601406186354;1.0000202360606496;0.999982891134073;1.0;1.0019772444915493;0.9999520945848275;0.9999984009491931;1.0;1.0020501840048446;1.024999976158142;
2016-05-20 06:45:00;1.0;0.9999902563651206;1.0;0.99999684331483;0.9999549052413997;0.9999962753999134;1.0021887576418123;0.999995162162587;0.9999677195214937;0.9999999999999999;0.9999978699505839;1.00200674395795;1.0020489436685271;0.999994396830342;0.999997172126896;1.0;0.9999986586529269;0.9999542374495823;1.0007225614002324;0.999992795462249;0.9999981092130873;1.0;0.9999989644497139;1.0021787288557225;1.0021931666261898;1.0;1.0;0.9999968848648699;1.0012172737098284;1.0008161680536432;1.0003880659879827;1.0001649013222589;0.9999581102692442;1.0;0.9999420917149838;0.9999801216296046;0.9999486013107296;0.9999999999999999;1.001993091068378;0.9999568614140962;0.9999985728975612;1.0;1.0020291935633785;1.024999976158142;
2016-05-20 07:00:00;1.0;0.9999924959278406;1.0;0.9999981710403288;0.9999636969590497;0.9999974879155026;1.0022269659214533;0.9999963817636985;0.9999739281637592;1.0;0.9999991829492377;1.0020517981827013;1.0020929220139128;0.999995860558032;0.9999978243887001;1.0;0.9999992590140286;0.9999631609476685;1.0007350812161782;0.9999941824168076;0.9999984836142348;1.0;0.999999416221579;1.0022176775458038;1.002230899335296;1.0;1.0;0.9999978258629629;1.001101618179029;1.000698157888666;1.0002770105560126;1.0000917400722797;0.9999663294549038;1.0;0.9999357805212075;0.9999077335418229;0.9999084395272515;1.0;1.002027629911439;0.9999653220741798;0.9999988556536457;1.0;1.002073814238059;1.024999976158142;
2016-05-20 07:15:00;1.0;0.9999908333331105;1.0;0.9999945916595743;0.9999194945352208;0.9999917961910967;1.002392346034458;0.9999887914124403;0.9999380646307368;1.0;0.9999984951682318;1.0021128986422043;1.002179874940463;0.9999898405627856;0.9999973440096384;1.0;0.9999983895114289;0.99991918984994;1.0007905199367064;0.9999861710807828;0.9999991305808092;0.9999999999999999;0.999998791524654;1.0023775667406334;1.0023985107645361;0.9999999999999999;1.0;0.9999935906558229;1.0010881615398965;1.0006663863779721;1.000221419523565;1.0000545758412354;0.9999254587450997;1.0;0.9999368589826717;0.9998703684448054;0.9998620498244997;1.0;1.0021798644606432;0.9999234612929049;0.9999993426842243;1.0;1.0021489673468031;1.024999976158142;
2016-05-20 07:30:00;1.0;0.9999890278370415;0.9999999999999999;0.9999936786151419;0.9999063362269573;0.9999909526924469;1.0024774588109269;0.9999878472587908;0.9999296258526348;1.0;0.9999976101217856;1.0021056638106902;1.0021937872658633;0.999988717766146;0.9999968157926127;0.9999999999999999;0.9999978351419735;0.9999053651435343;1.0008185807768493;0.9999842843535071;0.9999972357810583;1.0;0.999998336163041;1.002457625029822;1.0024858943151644;1.0;1.0;0.9999929085407551;1.0011208920477221;1.0006842839522232;1.0002155592487996;1.0000400547856256;0.9999139547475714;0.9999999999999999;0.9999405316461834;0.9998347777041415;0.9998213413772646;1.0;1.0022590165216614;0.9999114294165868;0.9999979135014275;1.0;1.0021531951437748;1.024999976158142;
2016-05-20 07:45:00;0.9999999999999999;0.9999776866837093;1.0;0.999995780494956;0.9999091334695771;0.9999941705321688;1.0024947901784411;0.9999913248696473;0.9999348937670136;1.0;0.9999981673146937;1.0021307884669888;1.0022155218005042;0.9999892422579136;0.9999935099995207;1.0;0.99999832051174;0.9999080628389156;1.0008240281647505;0.9999854599183204;0.9999969501501373;0.9999999999999999;0.9999986869503859;1.002475403062331;1.002503003888681;1.0;0.9999999999999999;0.9999946996627231;1.0011182588487542;1.0006746026477669;1.0002014736143658;1.000024453282103;0.9999148495503343;1.0;0.9999375027726268;0.999806551249865;0.9998101329016919;1.0;1.002274282600027;0.9999124412956177;0.9999976990097591;0.9999999999999999;1.0021756707890541;1.024999976158142;
2016-05-20 08:00:00;0.9999999999999999;0.9999746526215162;1.0;0.9999958548418693;0.9999091884679605;0.9999938875255833;1.0025158803373309;0.9999906459616693;0.999933296582548;1.0;0.9999986499450912;1.0020805280176401;1.0021842477589331;0.9999882024136694;0.9999926254283059;1.0;0.9999986473392042;0.9999090263048721;1.0008321963885727;0.999985103849766;0.9999995266529641;1.0;0.9999989915615539;1.002493077868777;1.0025252142066714;1.0;0.9999999999999999;0.9999943396372002;1.0011103950886588;1.0006592761902002;1.0001816218462918;1.0000051499502651;0.9999133488505393;0.9999999999999999;0.9999345795890451;0.999775084828198;0.9997740711442789;1.0;1.0022945415436937;0.9999112640578532;0.9999996420029711;1.0;1.002135603622522;1.024999976158142;
2016-05-20 08:15:00;1.0;0.9999436558204023;1.0;0.9999947800872991;0.9998409591482196;0.9999921979091011;1.0027559053038915;0.9999865748357447;0.9998859382511868;1.0;0.9999984526727536;1.0022296897476695;1.0023520096021614;0.9999793761611757;0.9999836251764038;1.0;0.9999981951578741;0.9998407265070239;1.0009116110275955;0.9999745144444152;0.9999992937063353;0.9999999999999999;0.9999986533040306;1.0027281606754457;1.0027672582569527;1.0;1.0;0.999991595086904;1.001109008830314;1.0005727349096993;1.000105010469938;0.9999480794490396;0.999846317801501;1.0;0.9998571750016912;0.9997064876833975;0.9997208203849242;1.0;1.0025135560593639;0.9998427717411078;0.9999994655334985;1.0;1.0022928040190415;1.024999976158142;
2016-05-20 08:30:00;1.0;0.9998506066071108;1.0;0.9999909036863922;0.9996156162812673;0.9999853472067407;1.0030632223456022;0.9999717824131192;0.9997280780668985;1.0;0.9999987408619895;1.0023715827822528;1.0025227354261506;0.9999509199679465;0.9999565931676343;1.0;0.9999968341245673;0.999614829294921;1.0010135078526552;0.9999391603997981;0.9999975022021343;1.0;0.9999976111412;1.003026319179711;1.0030783297867665;1.0;1.0;0.999981917925459;1.00131026659391;1.0007203423071571;1.0001802550632901;0.999979932236983;0.9996267591373302;1.0;0.9998593929105881;0.9997022217223583;0.9997017222082499;1.0;1.0027936802333037;0.999618215182857;0.9999981086445043;1.0;1.0024440260715912;1.024999976158142;
2016-05-20 08:45:00;1.0;0.9999333981695543;1.0;0.9999921623100027;0.999792412769545;0.9999883958661944;1.0029201225726336;0.9999811443277657;0.9998501117903473;1.0;0.9999975544218571;1.0022856395159478;1.0024326817631615;0.9999733168388809;0.9999806376156286;1.0;0.9999973103248503;0.9997918462109784;1.000966096258072;0.9999665006484981;0.9999983167311718;1.0;0.999997977659539;1.0028864853134234;1.0029340125577517;1.0;1.0;0.999988319695143;1.001183627271773;1.0006178307113538;1.0000984387076883;0.9999179092064538;0.9998007967798574;0.9999999999999999;0.9998682523527028;0.999625578836834;0.9996519936010659;0.9999999999999999;1.0026646348145656;0.9997960323490512;0.9999987273214346;1.0;1.0023615867463977;1.024999976158142;
2016-05-20 09:00:00;0.9999999999999999;0.9999392466671703;0.9999999999999999;0.9999938900138529;0.9998259867199419;0.999991021320706;1.0028883990766295;0.9999849071913486;0.9998748702525944;1.0;0.999998006097097;1.0023074456895038;1.002442726150986;0.9999772699274396;0.9999823527941389;1.0;0.9999978927943579;0.9998257739921564;1.0009554700537193;0.9999720400209333;0.999999343577334;1.0;0.9999984318237443;1.002857708290504;1.0029009803841096;1.0;1.0;0.9999905362632343;1.0011245160595037;1.0005617144435148;1.000046432321355;0.9998757090013752;0.9998319412616319;0.9999999999999999;0.9998685534394135;0.999567943100497;0.9996301637951528;0.9999999999999999;1.002634842512537;0.9998280696011683;0.9999995027599635;0.9999999999999999;1.0023773577695125;1.024999976158142;
2016-05-20 09:15:00;0.9999999999999999;0.9998966939077509;1.0;0.9999913927705607;0.9997044268288474;0.9999860375489523;1.0030282647771942;0.9999752846359975;0.9997876472703306;1.0;0.9999988214337312;1.0023867719317;1.0025316478247663;0.9999622124421894;0.9999699898215914;1.0;0.9999972619234799;0.9997040012183098;1.0010019080201913;0.9999525135959756;0.9999986367339859;1.0;0.9999979518538175;1.0029943476152832;1.003042090200068;1.0;1.0;0.9999847164415094;1.0011474674741234;1.000552536109878;1.0000508736004134;0.9998992621113856;0.9997145990537992;1.0;0.9998313465972177;0.9996326116348523;0.9996627362207331;1.0;1.0027620679934048;0.9997080027060086;0.9999989661326832;1.0;1.002458982492197;1.024999976158142;
2016-05-20 09:30:00;1.0;0.9999708201481579;1.0;0.999994665697154;0.9998846151522237;0.9999919018956276;1.0028236375200237;0.9999877200370813;0.999914852036783;1.0;0.9999985392847204;1.0022360205857954;1.002376406311255;0.9999853161359704;0.999991524904637;1.0;0.9999983023235812;0.999884281394972;1.0009340498066635;0.999980981336994;0.9999990305803442;1.0;0.9999987252146353;1.0027929823558697;1.0028361697600185;1.0;1.0;0.9999926940284619;1.0009753626706395;1.0004061943985274;0.9999593515131996;0.9998445634321188;0.9998905323723892;0.9999999999999999;0.999818066315214;0.9995904545428801;0.9996339965871017;1.0;1.0025768879460468;0.9998878194433303;0.9999992676528544;1.0;1.0023109261549839;1.024999976158142;
2016-05-20 09:45:00;1.0;0.9999604886167769;1.0;0.9999949709079476;0.9998718434869864;0.9999927016205241;1.0028994845823382;0.999988310113579;0.999907678921452;1.0;0.9999982362414778;1.0022910895747745;1.002434892259801;0.999983800362264;0.9999885215601202;1.0;0.9999981901082322;0.99987126614834;1.0009588189763188;0.9999793774414036;0.9999983379769323;1.0;0.9999986254156797;1.0028675738274484;1.0029126070798067;1.0;1.0;0.9999927920558012;1.0010166792680806;1.0003948559178162;0.9999699689556957;0.9998502188683877;0.9998775446660877;1.0;0.999759626036432;0.9995942860736106;0.9996341035977722;1.0;1.0026459444775484;0.9998745160080911;0.9999987443345197;1.0;1.0023671486726449;1.024999976158142;
2016-05-20 10:00:00;1.0;0.9998683065471708;0.9999999999999999;0.9999886951528193;0.9996273954771439;0.9999822853698905;1.0031992147724866;0.9999690717331478;0.9997330338373899;1.0;0.9999977696479914;1.002645242355371;1.0027647156996775;0.9999520964037155;0.9999617275633592;1.0;0.9999962735228258;0.9996267111526116;1.0010574196683473;0.9999402711405786;0.9999977968986232;1.0;0.9999972051202202;1.0031692246045132;1.0032116398626412;1.0;1.0;0.9999805683908565;1.001251839551153;1.0005945065999549;1.0000746043344033;0.9998967599582319;0.9996401576192355;1.0;0.9997912090322237;0.9995942178812526;0.9996694496030281;1.0;1.0029151825107128;0.9996318043760654;0.9999983320705956;1.0;1.002701551570253;1.024999976158142;
2016-05-20 10:15:00;1.0;0.9998197354199866;1.0;0.9999857972817975;0.9995288196269541;0.9999787759138709;1.0033543094654287;0.9999623357548391;0.9996638419722373;0.9999999999999999;0.9999959867136045;1.0026858935146916;1.002828812910072;0.9999378609879724;0.9999477424938976;1.0;0.9999951753395055;0.9995286575255529;1.0011094430474325;0.9999247935719878;0.9999992193148207;1.0;0.999996432228662;1.003317688049438;1.003369485672549;1.0;0.9999999999999999;0.9999757140158354;1.0012787104116487;1.000591907676657;1.0000510977606674;0.9998763941497539;0.9995419902812915;1.0;0.9997821832658745;0.9995657117309912;0.9996362383954526;1.0;1.0030569514415841;0.9995317729137694;0.9999994014370556;1.0;1.002751702177084;1.024999976158142;
2016-05-20 10:30:00;1.0;0.9999178592859558;1.0;0.9999873093430013;0.9997726807164138;0.9999851483598603;1.003116655639356;0.9999786621638563;0.9998375292905887;1.0;0.9999913905917439;1.0024859302160611;1.0026301357693348;0.9999678510074642;0.9999761492663816;1.0;0.9999949773893707;0.9997722765447772;1.0010310079736038;0.9999636791441906;0.9999987426000049;1.0;0.9999962693718335;1.0030814373816113;1.0031318518660466;1.0;1.0;0.9999854393102373;1.001177414223944;1.00053500258999;1.0000451872998648;0.9998908767359643;0.9997801721504659;1.0;0.9997858410935393;0.9996170620681187;0.9996518817185069;0.9999999999999999;1.0028430502066676;0.9997750949633436;0.999999048101314;1.0;1.0025592474146177;1.024999976158142;
2016-05-20 10:45:00;1.0;0.9999071674869182;1.0;0.9999846294814099;0.9997285224813139;0.9999819993755771;1.0032196462591982;0.9999745085396176;0.9998066732133144;0.9999999999999999;0.9999896265442044;1.0025356326675776;1.0026899539719238;0.9999625233508664;0.9999730409913891;0.9999999999999999;0.9999937878785115;0.9997272804730379;1.0010646992190246;0.999956765862978;0.9999963097046867;1.0;0.9999953337722305;1.0031810373386305;1.0032365831040013;0.9999999999999999;1.0;0.9999826218545469;1.0012564769932448;1.0005923559366108;1.0000811428873697;0.9999095600057168;0.9997391888013489;1.0;0.9997817627347271;0.9996256458217564;0.9996481338171721;1.0;1.0029376151739646;0.9997328364419329;0.9999972116843775;1.0;1.0026137489573208;1.024999976158142;
2016-05-20 11:00:00;1.0;0.9999423514150526;0.9999999999999999;0.999982916945466;0.9997923672878709;0.9999825306041495;1.003182915441568;0.9999789388308586;0.9998552603495587;1.0;0.999985439665915;1.0025647390687633;1.0027025066053399;0.9999719379726216;0.9999832628492406;1.0;0.9999922125897821;0.9997889821630603;1.0010505194852073;0.9999676376287729;0.9999902756155682;1.0;0.9999940222814483;1.0031465236053845;1.0031999026421865;1.0;1.0;0.9999848551347683;1.0012579169431128;1.0006063385960644;1.0000982425935683;0.9999259456093532;0.9998054896869223;0.9999999999999999;0.9997897658129312;0.9996518874170394;0.9996749080707087;1.0;1.002904437617292;0.9997997313665465;0.9999926603301432;1.0;1.002636230986959;1.024999976158142;
2016-05-20 11:15:00;1.0;0.9999706054073932;1.0;0.9999896298685819;0.9998596349373751;0.9999892315236497;1.0031093161645204;0.9999869457922413;0.9999040442667047;1.0;0.9999913339176035;1.0024544534912558;1.0026039328837686;0.9999839294018462;0.9999914547976518;1.0;0.9999948610884929;0.99985573487209;1.0010255370116465;0.9999785581556419;0.9999888933925413;1.0;0.9999959385153794;1.0030728042698211;1.0031257860742147;1.0;1.0;0.9999909490994533;1.001183258057298;1.0005348171892463;1.0000428025435086;0.9998815009188775;0.9998719063410062;1.0;0.9997837713175508;0.9995931485518476;0.999626579939794;0.9999999999999999;1.0028385764080419;0.9998674111043008;0.9999916200956332;0.9999999999999999;1.0025343253125636;1.024999976158142;
2016-05-20 11:30:00;1.0;0.9999805031471632;1.0;0.9999958154762176;0.9998677222098746;0.9999944079708355;1.0030123931782322;0.9999913472638006;0.9999120878764791;0.9999999999999999;0.9999979888125955;1.002401338014399;1.0025387530014436;0.9999898815312473;0.9999943341291929;1.0;0.9999972093432657;0.9998623193405322;1.000991544748095;0.999980363813599;0.9999846602678473;1.0;0.9999975640947678;1.0029798044951432;1.0030268476675994;1.0;1.0;0.9999949341592115;1.001142849120671;1.0005235484354789;1.0000361053627378;0.9998784309856211;0.999882608331639;1.0;0.9998055220532998;0.9995926311660244;0.9996367614851078;1.0;1.002749685926071;0.9998777437914994;0.9999884293934544;0.9999999999999999;1.0024752877568122;1.024999976158142;
2016-05-20 11:45:00;1.0;0.9999810080691354;0.9999999999999999;0.9999942655684154;0.9998577033689806;0.9999904282985435;1.003106724790909;0.9999855738497331;0.9998970535120026;1.0;0.9999994652631977;1.0024900951350113;1.0026341167655193;0.9999857842800074;0.9999944836725171;1.0;0.9999978381569651;0.9998549199471961;1.001024892790005;0.9999770035419514;0.9999920904516619;0.9999999999999999;0.9999982112909862;1.0030745996003092;1.0031202639908836;1.0;1.0;0.9999920068114494;1.0011626578651915;1.0005084405989892;1.000026214476082;0.9998712486268345;0.9998704550408325;1.0;0.99977508282777;0.9995865465911522;0.9996269525922842;1.0;1.0028351154847621;0.9998662049882138;0.9999940292493094;0.9999999999999999;1.002567701113422;1.024999976158142;
2016-05-20 12:00:00;1.0;0.9999902563651207;1.0;0.9999949183911085;0.9999349693769182;0.9999936647956541;1.0029360333818849;0.9999919514660226;0.9999523050212222;1.0;0.9999969728660828;1.0023170592994521;1.0024661612303323;0.999991919873995;0.9999971721268961;1.0;0.9999979939998994;0.9999340472573123;1.0009704595605358;0.9999893512560898;0.9999973860533209;1.0;0.9999984566933536;1.0029034273854405;1.0029496537245617;1.0;1.0;0.9999949979162132;1.0010765761021057;1.0004613305360297;0.9999939612017004;0.9998474557413384;0.999940220378143;1.0;0.9997963485831474;0.99955601292739;0.9996034807140555;0.9999999999999999;1.0026801500007518;0.9999384004657097;0.9999980260537021;1.0;1.0023980930988665;1.024999976158142;
2016-05-20 12:15:00;1.0;0.999979920141554;1.0;0.9999943746819274;0.9999006743725959;0.9999933441961584;1.0030295453257876;0.9999910303567707;0.9999310569011955;1.0;0.999996242724757;1.0023966334979095;1.0025449971985905;0.9999892792112666;0.9999941850121037;1.0;0.9999972932631744;0.9998982447341113;1.0009999438947934;0.999984603920417;0.9999931112136846;1.0;0.99999783445532;1.0029957513835903;1.0030440480613094;1.0;0.9999999999999999;0.9999942679806377;1.0011246210772289;1.0004936502470563;1.0000180331946689;0.9998695625442882;0.9999090827890947;1.0;0.9997892115041488;0.9995912674541965;0.9996254118606672;1.0;1.0027653411954938;0.999906007584919;0.9999947998411929;0.9999999999999999;1.0024765474666109;1.024999976158142;
2016-05-20 12:30:00;1.0;0.9999805740635012;1.0;0.9999936293759151;0.9998068984151856;0.9999926600079853;1.003264052281997;0.9999894843886473;0.9998767170138124;1.0;0.9999956190155399;1.0026186959991676;1.0027541843085894;0.9999883226449522;0.9999943596411699;1.0;0.9999949402293806;0.999796230665452;1.0010699683637099;0.9999724513576027;0.9999697117440018;1.0;0.9999955222418481;1.003228381221698;1.0032811403689124;1.0;1.0;0.9999936208649073;1.001274955768682;1.0006047256968422;1.000089694013191;0.9999188110949028;0.9998333223432311;1.0;0.9997828882655483;0.9996452775363235;0.9996686195531198;1.0;1.0029798322053185;0.999825240643487;0.9999771448355154;1.0;1.0026915955476872;1.024999976158142;
2016-05-20 12:45:00;1.0;0.9999334715884864;1.0;0.9999862195118994;0.9996980941401518;0.9999850391535692;1.0035011648006118;0.9999793951599298;0.9997999045444482;1.0;0.9999894772115269;1.0027884598108947;1.002934912743939;0.9999711197905903;0.9999806533713191;1.0;0.9999919335740505;0.999687589911949;1.0011491431606525;0.9999552400771522;0.9999699992726508;0.9999999999999999;0.9999933172872031;1.003460044226482;1.0035211065894838;1.0;1.0;0.9999858765252625;1.001367994455748;1.000630505859202;1.0000892092066545;0.999903632741229;0.9997264580304738;1.0;0.999742994136199;0.999600007249141;0.999638065769128;1.0;1.0031958042240716;0.9997161190599262;0.9999773583585158;1.0;1.0028640854203688;1.024999976158142;
2016-05-20 13:00:00;0.9999999999999999;0.9999385247858246;1.0;0.9999838166120149;0.9996917080805257;0.9999794911457899;1.003493105346185;0.9999717421217509;0.9997844322940641;1.0;0.9999909911193176;1.0028092867492415;1.002956098194409;0.9999665288665291;0.9999821394917309;1.0;0.999992617036447;0.9996846931355595;1.0011494221883703;0.9999517844595527;0.9999798968301069;1.0;0.9999940658362187;1.003454366646381;1.003511172239585;1.0;1.0;0.9999820692040454;1.0012455295240483;1.0005388479523205;0.9999895793551821;0.9998401353654294;0.999717309526554;1.0;0.9997763115429343;0.9995424894241656;0.9996044693301307;1.0;1.0031875707966407;0.9997079276651708;0.9999848268470741;0.9999999999999999;1.0028854646616832;1.024999976158142;
2016-05-20 13:15:00;1.0;0.9999797815294423;0.9999999999999999;0.9999946932144995;0.9999028007903014;0.9999934690645887;1.0030669447935379;0.9999910102010525;0.9999319200061836;1.0;0.9999967562066902;1.0025524888922475;1.0026723962356132;0.9999892654659321;0.9999941209103673;1.0;0.999997553558007;0.9999007143152084;1.0010117511001049;0.9999847947820304;0.9999940804655255;1.0;0.9999980503851535;1.0030393789865601;1.0030788176149743;1.0;0.9999999999999999;0.9999943286886234;1.001122373951577;1.0004789420500872;1.0000202434062277;0.9998839691847861;0.9999105947859689;1.0;0.9997679295209595;0.9996325156486522;0.9996767723100599;1.0;1.0027970546246758;0.9999076830484166;0.9999955306514069;1.0;1.0026167927529974;1.024999976158142;
2016-05-20 13:30:00;1.0;0.9999798541513787;1.0;0.9999941081936735;0.9999008966888581;0.9999925969303897;1.0029160091985174;0.9999899523710922;0.9999293949627056;1.0;0.9999965757173299;1.0024526349458163;1.0025606968352014;0.9999884580503658;0.9999941399169162;1.0;0.9999974869149024;0.9998991824362021;1.0009623886530743;0.9999842300202291;0.9999951356282815;0.9999999999999999;0.999998027361711;1.0028910508839215;1.0029267773543273;0.9999999999999999;1.0;0.9999937025715492;1.0010239521557196;1.0004155886742552;0.9999941182447852;0.9998845625485413;0.999908428522201;0.9999999999999999;0.9997689935039059;0.9996661411034303;0.999707571204881;1.0;1.0026590118113063;0.9999055923392945;0.9999963254874786;1.0;1.0025104519940917;1.024999976158142;
2016-05-20 13:45:00;1.0;0.9999797789420974;0.9999999999999999;0.9999940951968608;0.999903371270423;0.9999927001491767;1.0028764683895082;0.9999901600805408;0.9999311575766184;1.0;0.999996420753036;1.0024062638469817;1.0025161756804903;0.9999885953831791;0.9999941306605254;1.0;0.9999974729011111;0.9999017521057123;1.0009494664650316;0.9999846258165347;0.9999954013707549;1.0;0.9999980237015089;1.0028511316084796;1.0028873858219924;1.0;1.0;0.9999937912350211;1.0010259854252168;1.0004182762014866;0.9999938004827733;0.9998733968488733;0.9999105640276315;1.0;0.9997712415460804;0.9996325583574883;0.9996867722755854;1.0;1.0026231809489352;0.9999078213266437;0.9999965287706941;1.0;1.002465092553031;1.024999976158142;
2016-05-20 14:00:00;1.0;0.9999766723051422;1.0;0.9999931887322716;0.9998845282366429;0.9999906863156394;1.0028590645701372;0.9999870390941163;0.9999152972901602;0.9999999999999999;0.9999969197798367;1.0025126887346052;1.0025928610049333;0.9999857442134075;0.9999932270956254;0.9999999999999999;0.9999974944747556;0.9998834453053079;1.0009434321178274;0.9999810829130695;0.9999969146165284;1.0;0.9999980772051632;1.0028402288664977;1.002867203013462;1.0;1.0;0.9999921452810028;1.001049605203557;1.0004450155212443;1.0000188838607076;0.9998890523675872;0.9998922439288879;1.0;0.9997743446869954;0.9996459839065769;0.9997239832638037;1.0;1.0026049119170353;0.9998892421482575;0.9999976706192546;1.0;1.0025550031850403;1.024999976158142;
2016-05-20 14:15:00;1.0;0.99989279488693;0.9999999999999999;0.9999914309024422;0.9996964617020253;0.9999866075286322;1.0030350934045127;0.9999760162488668;0.999784209010348;0.9999999999999999;0.999998244636527;1.0027481168127461;1.0028037827654317;0.999961968998419;0.9999688474729697;1.0;0.9999969353027469;0.9996952488106683;1.001001072116833;0.9999517434281854;0.9999963961683106;1.0;0.9999976558743636;1.0030189783925039;1.0030420141853418;0.9999999999999999;1.0;0.9999849521371781;1.0011620838191309;1.000551574167514;1.0000806872028996;0.9999361436807591;0.9997076428035769;1.0;0.9997970226813173;0.9997042852525956;0.9997915179326302;1.0;1.0027617062468934;0.9997006218810527;0.9999972762192887;1.0;1.002771162842676;1.024999976158142;
2016-05-20 14:30:00;1.0;0.9998982856795486;1.0;0.999991388855423;0.9996985157965519;0.9999862433728366;1.0029774652559005;0.9999756523895253;0.9997851721592947;1.0;0.9999985837521742;1.0027779743152418;1.0028123138861729;0.9999627696391216;0.9999704413137614;0.9999999999999999;0.9999969608473578;0.9996970593552785;1.0009813724952448;0.9999519601332039;0.9999957110131756;1.0;0.9999976576261538;1.0029659181117605;1.0029825674520942;1.0;1.0;0.9999849314541032;1.001102498445749;1.000486625012365;1.000049389852206;0.9999219207622859;0.9997106637476767;1.0;0.9997691025144537;0.9997023836647501;0.9998106741189823;1.0;1.0027078891210157;0.9997035724865394;0.9999967588122828;1.0;1.0027897146239093;1.024999976158142;
2016-05-20 14:45:00;1.0;0.9998303112887872;1.0;0.9999882828950506;0.9995510373960252;0.9999817181290347;1.0031594067180913;0.9999662515417687;0.9996823379440195;1.0;0.9999977318166308;1.0029019090553022;1.0029427723025535;0.9999427883202276;0.9999506819583923;1.0;0.99999585084595;0.999549691409899;1.0010419499434036;0.9999288901830535;0.9999958034301748;1.0;0.9999968471118396;1.0031441568769985;1.0031660641798916;0.9999999999999999;0.9999999999999999;0.9999782222713312;1.0012763566366043;1.0006328649853131;1.0001523937548027;0.9999884096604756;0.9995653039168924;1.0;0.9997732360867736;0.9997648739743745;0.999848106925924;1.0;1.0028726927620075;0.999555148496541;0.9999968218813629;1.0;1.0029124910097653;1.024999976158142;
2016-05-20 15:00:00;0.9999999999999999;0.9999203188511095;1.0;0.9999910327901356;0.9997614682605899;0.9999875944920524;1.0028670669677158;0.9999798564532651;0.999830404052784;0.9999999999999999;0.9999962090145397;1.002695322139538;1.0027254097958018;0.999969756268617;0.9999768487597808;1.0;0.9999965357236517;0.9997601036505568;1.000945083549057;0.9999620837752151;0.9999960165775943;0.9999999999999999;0.9999973507072646;1.0028564744833626;1.0028720399369686;1.0;0.9999999999999999;0.9999871192822674;1.0010989057375235;1.0005126192241602;1.000082296977047;0.9999489815079936;0.999771460074639;1.0;0.999788841057631;0.9997393762740531;0.9998330264372405;1.0;1.002607736665983;0.9997657725961576;0.9999969912133375;1.0;1.0027062672061093;1.024999976158142;
2016-05-20 15:15:00;1.0;0.9999318796803736;1.0;0.9999918120718546;0.999772616459543;0.9999874258698063;1.0029036280199082;0.9999794740217283;0.9998361444261837;0.9999999999999999;0.9999979926090569;1.0027462158458103;1.0027745753310158;0.9999718451646314;0.9999802018644901;0.9999999999999999;0.9999971638778249;0.9997714233802064;1.0009570214657912;0.9999633742776993;0.9999965236295169;1.0;0.9999978257706958;1.00289436345171;1.0029078275377235;1.0;1.0;0.9999874894684686;1.001143672466616;1.0005519018244171;1.0001124366717011;0.9999689918754212;0.9997832356791205;1.0;0.9997914316925169;0.9997606816532162;0.9998453412901518;1.0;1.0026408421320547;0.9997777928541809;0.9999973741486391;1.0;1.0027570165148776;1.024999976158142;
2016-05-20 15:30:00;1.0;0.9999489296199654;1.0;0.9999939090776722;0.9998170079510441;0.9999905206026153;1.002867132068077;0.9999843000034319;0.9998695404290774;1.0;0.9999986433069663;1.002714309872973;1.0027422997126072;0.9999787306352297;0.9999851586339752;1.0;0.9999976648972659;0.9998151607753415;1.0009442018370054;0.9999708492199006;0.9999947043725291;1.0;0.9999981492195567;1.002858325371294;1.0028712137331244;1.0;1.0;0.9999905714628459;1.0010794780457108;1.0004893145581204;1.0000732081475567;0.9999504207913186;0.9998271883980466;1.0;0.9997780161156624;0.9997576787805099;0.9998418902267152;1.0;1.002608006428283;0.9998224885356446;0.9999960045924597;1.0;1.002726095057308;1.024999976158142;
2016-05-20 15:45:00;1.0;0.9999560105932761;0.9999999999999999;0.9999927460369147;0.9998291723424075;0.9999899081701421;1.0027559919048121;0.9999846112782548;0.9998785626895063;0.9999999999999999;0.999996960811602;1.0026058945454634;1.0026332355760679;0.9999800972616175;0.9999872138090714;1.0;0.9999970205399883;0.9998269728579949;1.0009075205529043;0.9999728656116046;0.9999937059033444;1.0;0.9999976495492167;1.0027468769016064;1.002760465528769;1.0;1.0;0.999990532634883;1.0010299770124964;1.0004709832948309;1.000066785890367;0.9999522710811177;0.9998398144066232;1.0;0.9997948330948223;0.9997701347916899;0.9998487001153025;1.0;1.0025073238574393;0.999835242992935;0.9999952523122395;1.0;1.0026178166272626;1.024999976158142;
2016-05-20 16:00:00;1.0;0.9999666282725056;1.0;0.9999938653757087;0.9998748454735914;0.9999917919513244;1.0027016259502786;0.9999879140353078;0.9999101145556621;1.0;0.9999970255801275;1.0025761333241585;1.002600689147792;0.9999845308818021;0.9999903129289746;1.0;0.9999975950165069;0.9998736905257111;1.0008903201303738;0.9999799222673779;0.9999967055987011;1.0;0.9999981462611869;1.0026940038715568;1.002705270560686;1.0;1.0;0.9999924635353089;1.0009891758815326;1.0004348259703415;1.0000497922829565;0.9999454620382158;0.9998819258948737;1.0;0.9997862616019026;0.9997724371119924;0.9998514031344434;1.0;1.0024575647168277;0.9998787365579114;0.9999975119010912;1.0;1.0025872711398982;1.024999976158142;
2016-05-20 16:15:00;1.0;0.9999684377186665;1.0;0.9999945455099398;0.999879139434132;0.9999923461409103;1.0026013849053252;0.9999884461310968;0.9999130678708683;0.9999999999999999;0.9999977780677399;1.0024837493330316;1.0025066901646391;0.9999853348493926;0.9999908248085978;1.0;0.9999979132432202;0.9998780151273486;1.0008574179050203;0.9999805810863527;0.9999967912868347;1.0;0.9999983829795376;1.0025943860210624;1.00260468667648;1.0;1.0;0.9999929210996046;1.0009511628279386;1.0004238607011744;1.0000446942684458;0.9999428019572224;0.9998860912419767;1.0;0.9998040231138717;0.999769997261699;0.9998513994488959;1.0;1.0023663703233718;0.999883001890352;0.9999975767451581;0.9999999999999999;1.0024941248583246;1.024999976158142;
2016-05-20 16:30:00;1.0;0.9999720511864102;1.0;0.9999941295798538;0.9998669290429543;0.9999912895315073;1.002618349431928;0.9999869420890505;0.9999041266652964;1.0;0.9999981673296239;1.0024932854233013;1.0025171754731665;0.9999849526153732;0.9999918714820475;1.0;0.9999977457713288;0.9998651215919832;1.0008624434514353;0.9999785826636002;0.9999948430350957;1.0;0.9999982116302113;1.0026110160173085;1.0026218866701109;1.0;1.0;0.9999922857538122;1.0009065851821335;1.0003854629059297;1.000007113047001;0.9999227811486836;0.9998763209704529;1.0;0.99980894010401;0.9997598131171304;0.9998442624987723;1.0;1.0023820895274702;0.9998726816076337;0.9999961094994662;1.0;1.0025044316922167;1.024999976158142;
2016-05-20 16:45:00;0.9999999999999999;0.9999773227379963;1.0;0.9999949501310765;0.9998852170189224;0.999992704631238;1.0026007263234578;0.9999891523243899;0.9999181831760308;1.0;0.9999981858844291;1.002485504460317;1.0025071584794665;0.9999875990246444;0.9999934147270994;1.0;0.9999978967224137;0.9998831858534355;1.0008562881263265;0.9999817266292388;0.9999942247975587;1.0;0.9999983072141413;1.002593912227714;1.002604101146756;1.0;1.0;0.9999935850396262;1.000857130134205;1.000340275378534;0.9999722392149033;0.9999032136769594;0.9998940996317087;1.0;0.9998059425894588;0.9997474437820796;0.9998387963909849;1.0;1.0023660193848838;0.9998907956367659;0.9999956425611384;1.0;1.002495794801694;1.024999976158142;
2016-05-20 17:00:00;1.0;0.9999763100510525;1.0;0.9999929247675353;0.9998517351554856;0.9999909176261288;1.0027140670377;0.9999872810723556;0.9998977241859792;1.0;0.9999961322906542;1.0025869634047593;1.0026065817371883;0.9999858501112812;0.9999931253172707;1.0;0.9999964233488949;0.9998472790045115;1.0008915447708058;0.9999771537579983;0.9999873394677546;1.0;0.9999970511095446;1.0027057640748904;1.0027187926527406;1.0;0.9999999999999999;0.9999922634920202;1.0009119893155118;1.0003653753908273;0.9999812603780643;0.9999018985560749;0.9998662425648399;1.0;0.9997918496064284;0.9997320344908716;0.9998321972993996;1.0;1.0024696263066746;0.9998613323905267;0.9999904482015932;1.0;1.002596068698019;1.024999976158142;
2016-05-20 17:15:00;0.9999999999999999;0.9999835346016165;1.0;0.9999950068971529;0.9998933626136023;0.9999937662576801;1.0026250813789452;0.9999912866304873;0.9999272095090249;1.0;0.9999970470218034;1.0025118049221704;1.0025306789357729;0.9999902718481531;0.999995228449297;1.0;0.999997323573682;0.9998898105041518;1.0008627844661082;0.9999837462792764;0.9999898940462211;1.0;0.9999977780879324;1.0026179067953904;1.0026290566226461;0.9999999999999999;1.0;0.9999947000753581;1.0009378978841843;1.0004076763558474;1.0000323605936254;0.9999398352287493;0.9999042988091038;1.0;0.9998001259252796;0.9997785658479058;0.999858347067521;1.0;1.0023884578978557;0.9999006487158911;0.9999923857331404;1.0;1.0025210059320449;1.024999976158142;
2016-05-20 17:30:00;1.0;0.9999846934274474;1.0;0.9999956589682945;0.9999173144354477;0.9999945375436307;1.0025667801071574;0.9999924339607248;0.9999422345302643;1.0;0.9999974810941356;1.0024668933936443;1.002485624954226;0.9999913293983935;0.9999955526198628;1.0;0.9999979527951256;0.9999153062391577;1.0008449849260053;0.999987101683;0.9999942959968247;1.0;0.9999983501611922;1.0025606177096849;1.0025699696640522;1.0;1.0;0.9999953277378671;1.0008365009037203;1.0003123470650839;0.9999671421347269;0.9999047845796514;0.9999245164226159;1.0;0.999784537199059;0.9997590856236822;0.999847329223042;1.0;1.0023350761064198;0.9999219491837942;0.9999956984587992;1.0;1.0024760939913226;1.024999976158142;
2016-05-20 17:45:00;1.0;0.9999807172759878;1.0;0.9999911284501289;0.9998253517888885;0.9999879007841471;1.00269533389876;0.9999833822098212;0.9998776942911489;1.0;0.999995995752807;1.0025661043062002;1.0025850244791152;0.9999837667963141;0.9999944075664522;1.0;0.9999958104468564;0.9998200057131733;1.0008848151505574;0.9999726744014985;0.9999847990094601;1.0;0.9999965369142552;1.0026868040701065;1.0027003561142889;1.0;1.0;0.99999023178462;1.000996659672355;1.0004353507179389;1.000065496009249;0.9999638166572177;0.9998439073876662;1.0;0.9997688125205016;0.9998058483781711;0.9998740869856774;1.0;1.0024529511843636;0.9998380278607399;0.9999885307371196;1.0;1.0025751340185807;1.024999976158142;
2016-05-20 18:00:00;1.0;0.9999838965706793;1.0;0.9999878513602453;0.9997596229060525;0.9999819992644389;1.0027731957505905;0.9999752061674988;0.9998289184779565;1.0;0.9999962370050806;1.0026322918867874;1.0026507323725258;0.999978314275657;0.9999953301416635;1.0;0.9999946930844135;0.999752348712794;1.0009090375571332;0.9999617633619097;0.9999792738785321;1.0;0.9999955780404645;1.0027639095002245;1.0027789052739358;1.0;1.0;0.999985958358938;1.0011388194924355;1.0005874721517383;1.0001646461106242;1.0000224717740436;0.9997866957098792;1.0;0.999812372196253;0.999850395493982;0.9998993577293961;1.0;1.0025243364943406;0.9997785544404971;0.9999843622224395;1.0;1.0026412795254733;1.024999976158142;
2016-05-20 18:15:00;1.0;0.999991484937122;1.0;0.9999879561003364;0.9998122361436209;0.9999829074646801;1.0028344943731995;0.9999775628739842;0.9998631950134353;1.0;0.9999953321470313;1.0027219942817034;1.002738971611262;0.999981341777418;0.9999975284731233;1.0;0.9999951777357075;0.9998073925267862;1.0009310657708055;0.9999694309229376;0.9999862112428052;1.0;0.9999961057674897;1.0028267883544266;1.0028391550583227;1.0;0.9999999999999999;0.999987102585068;1.0010723496287621;1.0004904059679045;1.0000832854079835;0.99996414483718;0.9998330287717562;1.0;0.9997777013853048;0.9997846996161504;0.9998626954616848;1.0;1.0025793903256104;0.9998269156019106;0.9999895938796666;1.0;1.0027307063747846;1.024999976158142;
2016-05-20 18:30:00;1.0;0.9999862095893791;1.0;0.9999949741904818;0.999860542258787;0.999993901118132;1.0027181954553581;0.9999913030796569;0.9999092470533387;1.0;0.999996857701908;1.0025865067444124;1.00260339236689;0.9999908278043357;0.9999959981521744;1.0;0.9999964098359351;0.999853474255599;1.0008905162727486;0.9999797296193461;0.9999799357661762;1.0;0.9999968579941553;1.002709590747414;1.0027235171864581;1.0;1.0;0.99999485485385;1.0010827403191265;1.0005131381937;1.0001291295112555;1.0000007430050546;0.9998789117520622;1.0;0.9997719907933779;0.9998331957474613;0.9998908660854853;0.9999999999999999;1.002473985715545;0.9998732832997148;0.9999848666994324;1.0;1.0025948022719473;1.024999976158142;
2016-05-20 18:45:00;1.0;0.9999892454175426;1.0;0.9999949206979701;0.9999217945562441;0.9999942951201483;1.0025973089518287;0.9999928571847229;0.9999465790053971;1.0;0.9999962459433176;1.0025031657471146;1.002519564255098;0.9999923686524291;0.9999968762235099;1.0;0.9999973898825859;0.9999190830101379;1.0008544321066304;0.9999880716548357;0.9999923166317545;1.0;0.9999978859122267;1.0025910480486726;1.002600829995179;1.0;1.0;0.9999954118161611;1.0010482143979629;1.0005111661996091;1.0001342019040982;1.0000057470448005;0.9999301466504055;1.0;0.9997946075358385;0.9998410523057745;0.9998954098261819;1.0;1.0023629933716862;0.9999274241276249;0.9999942012833817;1.0;1.0025114046151844;1.024999976158142;
2016-05-20 19:00:00;1.0;0.9999888857524748;1.0;0.9999930532148156;0.9998897344882192;0.9999908591073879;1.0026549742847901;0.9999880006619799;0.9999212086959482;1.0;0.9999964421020906;1.0025616109639188;1.0025774811848103;0.9999887180820729;0.9999967646952874;1.0;0.9999969800821294;0.9998868653266718;1.0008733170646147;0.9999824027942452;0.9999918497466271;1.0;0.9999975727865409;1.0026487829936417;1.0026584785375021;1.0;1.0;0.9999928481736751;1.0010501663667652;1.0004829549484053;1.000123431661401;1.000003067946625;0.9999010163824068;0.9999999999999999;0.9997576315172537;0.9998477534505885;0.9998997615592208;1.0;1.0024154083521442;0.9998974621554388;0.99999385139919;0.9999999999999999;1.0025695335750708;1.024999976158142;
2016-05-20 19:15:00;1.0;0.9999855599851649;1.0;0.9999947243997841;0.999905947210316;0.9999932306235583;1.0026367378827457;0.9999908222488458;0.9999337725452897;1.0;0.9999970933069862;1.002548056641635;1.0025634210112735;0.9999902614521488;0.9999958072615112;1.0;0.9999975872440131;0.9999035851319689;1.0008676103588567;0.9999852111121326;0.9999932904281114;1.0;0.999998055892648;1.0026310026188638;1.0026398762729432;1.0;1.0;0.9999944176960538;1.0010435447129213;1.0004888683006001;1.0001290197557278;1.0000119082787835;0.9999146951581788;1.0;0.9997688154590711;0.9998672869641523;0.9999117169151386;1.0;1.0023985270529998;0.9999117283075134;0.9999949396461205;1.0;1.002555472826788;1.024999976158142;
2016-05-20 19:30:00;1.0;0.9999865709670526;1.0;0.9999951961187745;0.9999304107708472;0.9999943760625193;1.0026243529625665;0.9999927653321312;0.9999507240381865;1.0;0.9999967119177755;1.0025425469354052;1.002558201695757;0.9999918228190904;0.9999961031763333;1.0;0.9999978653981;0.9999290244587965;1.0008643275230114;0.999988998199379;0.9999960696762655;1.0;0.9999983293481908;1.002619000691461;1.0026271730418614;1.0;1.0;0.9999953476723958;1.0011535486950485;1.0005941588725737;1.0002195220477488;1.0000635202114672;0.9999360289489739;1.0;0.9997747792239196;0.9999027415010581;0.9999313543339311;1.0;1.002387048759107;0.999933972706064;0.9999970334541175;0.9999999999999999;1.0025501931107876;1.024999976158142;
2016-05-20 19:45:00;0.9999999999999999;0.9999935095389269;1.0;0.9999946197667168;0.9999316292494307;0.9999936506290894;1.0024929507880556;0.99999225977925;0.9999515744777413;1.0;0.9999963758178555;1.0024167254628074;1.002430641424345;0.9999927128297086;0.9999981105561286;1.0;0.9999975589302383;0.9999296516721501;1.000820719877749;0.9999891879354628;0.9999943839968952;1.0;0.999998061988897;1.0024877690221448;1.0024958673075555;0.9999999999999999;1.0;0.999995151722348;1.0012370531190233;1.0007064950626248;1.0003250275153275;1.0001302300804948;0.9999389250998802;1.0;0.9998021651823265;0.9999615898415067;0.999965468990702;1.0;1.0022678618045475;0.9999366519447481;0.9999957651179255;1.0;1.0024238993803927;1.024999976158142;
2016-05-20 20:00:00;0.9999999999999999;0.9999953885776415;0.9999999999999999;0.9999948238744016;0.9999286952621005;0.9999933307370311;1.002550220608524;0.999991574470836;0.9999486279436676;1.0;0.9999971745084051;1.002477877444167;1.002491203662244;0.9999926391929799;0.9999986545374048;1.0;0.999997788067077;0.9999267651182691;1.000839533790347;0.9999885296463747;0.9999945242062024;1.0;0.999998234214675;1.0025454746072453;1.002552860672496;1.0;0.9999999999999999;0.9999949688413531;1.0012577669731475;1.00071039826502;1.0003256683203627;1.0001289894098426;0.9999364849520325;1.0;0.999790562613487;0.9999576479980186;0.9999635868429858;1.0;1.0023198294988225;0.9999341420727166;0.9999958688082987;0.9999999999999999;1.0024848583673436;1.024999976158142;
2016-05-20 20:15:00;1.0;0.9999915567281321;1.0;0.9999948925593855;0.9999188152267396;0.9999936132287476;1.0025872538447875;0.9999917330409727;0.9999429978585298;1.0;0.9999969822904401;1.0025102795115022;1.0025232282976904;0.9999920520146947;0.9999975507384329;1.0;0.9999976022444312;0.9999163368162525;1.0008511114264045;0.9999872737895726;0.9999929576932436;0.9999999999999999;0.999998058795849;1.0025821175466942;1.0025901897057172;1.0;1.0;0.9999949965554272;1.0012813909770573;1.0007183705741434;1.000339128900283;1.0001411042401336;0.9999275107677721;1.0;0.9997741803088536;0.999977021870964;0.9999753808711418;1.0;1.0023534963675926;0.9999247768434251;0.9999946921279781;1.0;1.0025167893341076;1.024999976158142;
2016-05-20 20:30:00;1.0;0.999991845212116;0.9999999999999999;0.9999928824897344;0.9999122070347508;0.9999913580365932;1.0024648819434137;0.9999893850057099;0.9999367208156088;1.0;0.9999954891383211;1.0023994046120153;1.0024101082694574;0.9999901866441997;0.9999976366796434;1.0;0.9999969463727382;0.9999100655060013;1.0008113420615894;0.9999858705817577;0.9999939214448673;0.9999999999999999;0.9999975989676998;1.0024599738824718;1.002467825367938;1.0;1.0;0.9999934249933935;1.001230186860836;1.0006943063976101;1.0003341222997284;1.0001442888055936;0.9999211297230589;1.0;0.999782946542896;0.9999915058951546;0.9999857292201814;0.9999999999999999;1.002242195803083;0.999918343161666;0.9999954145835707;1.0;1.0024047046941638;1.024999976158142;
2016-05-20 20:45:00;1.0;0.9999885963851941;1.0;0.9999943267130182;0.9999032769817479;0.9999927787022984;1.0025020646724574;0.9999904512912671;0.9999322061767374;1.0;0.9999968079827549;1.0024290619096423;1.002439918477124;0.9999905267054615;0.9999966819996834;1.0;0.9999973299810723;0.9999004077813406;1.0008229391187144;0.9999848605068969;0.9999918558765644;1.0;0.9999978307006423;1.0024970095358807;1.0025050712626553;1.0;1.0;0.9999942328304041;1.0012479545865245;1.00070474313586;1.0003429189721127;1.0001529782938972;0.9999133305534249;1.0;0.9997778351455764;1.0000061245750362;0.9999942520194071;0.9999999999999999;1.0022760707495024;0.999910108810744;0.9999938561825169;1.0;1.0024342172412417;1.024999976158142;
2016-05-20 21:00:00;1.0;0.9999897520637452;1.0;0.9999947882256227;0.9999295706904675;0.9999928268269637;1.0025369563623232;0.9999905095340332;0.9999466397242084;1.0;0.9999976888943996;1.0024849878680542;1.0024956977132844;0.9999908161448592;0.9999970192630259;0.9999999999999999;0.9999982481555193;0.9999291955393178;1.0008363896785935;0.9999880860319242;0.9999989312178306;1.0;0.9999986823871578;1.0025335492338168;1.0025386682294763;1.0;1.0;0.9999943313264641;1.0012559235244292;1.000706026628063;1.000341513953553;1.000152558067662;0.9999345653187983;1.0;0.9997749435474196;1.0000078427129868;0.9999952231369571;1.0;1.002307024106275;0.9999327978262705;0.9999991924918681;1.0;1.0024901434872722;1.024999976158142;
2016-05-20 21:15:00;1.0;0.9999927852617398;0.9999999999999999;0.9999954145329099;0.9999435475167053;0.9999937434699971;1.00247857230047;0.999991880613788;0.9999567054594591;1.0;0.9999978989754074;1.002433686316787;1.0024433768152976;0.9999924219583117;0.9999979070732354;1.0;0.9999984888843227;0.9999433546717773;1.0008172707785858;0.9999903353472741;0.9999994510746479;1.0;0.9999988726149301;1.002475631398442;1.0024800341974276;1.0;1.0;0.9999951487594536;1.0012271468797493;1.0006858595404426;1.0003320488704017;1.0001467197407652;0.9999475810614562;1.0;0.9997747149697424;1.000002390213604;0.9999927589662089;1.0;1.0022538702185821;0.9999461929848553;0.9999995850578625;1.0;1.0024384958745327;1.024999976158142;
2016-05-20 21:30:00;0.9999999999999999;0.9999881615358279;1.0;0.9999946884774914;0.9999299320549048;0.9999928821026198;1.0024799993412397;0.9999906312206088;0.9999470333039457;0.9999999999999999;0.9999974184821736;1.0024295331824784;1.0024398852875458;0.9999905790591549;0.9999965612256422;1.0;0.9999981908397139;0.9999296671860038;1.0008178090771302;0.9999881735562967;0.999999244679674;1.0;0.9999986478720152;1.0024765976271277;1.002481716454166;1.0;1.0;0.9999943103810391;1.001227686267094;1.0006877412790773;1.0003327539141549;1.0001476551433102;0.9999345190275104;1.0;0.9997762720425918;1.0000038815077152;0.9999935294160521;0.9999999999999999;1.0022552171240058;0.9999328079647599;0.9999994283566003;1.0;1.002434383146638;1.024999976158142;
2016-05-20 21:45:00;0.9999999999999999;0.9999896794320798;1.0;0.9999946380907562;0.999934685384469;0.9999932449356576;1.0024824408289408;0.9999914230402158;0.9999513406729754;1.0;0.9999968875428337;1.002431485187379;1.002441469648087;0.9999913972909743;0.9999970002555982;0.9999999999999999;0.9999979994624996;0.9999340972412084;1.0008183337293493;0.9999891358797056;0.9999983302151243;1.0;0.9999984841373352;1.0024788395222668;1.0024843679661117;1.0;0.9999999999999999;0.999994669615008;1.0012418025234782;1.000712055058383;1.0003425330627045;1.0001513374907733;0.9999394739638565;0.9999999999999999;0.9997946936948057;1.00000194661674;0.9999926078223832;1.0;1.002257547836423;0.9999377616006349;0.9999987386267633;1.0;1.0024362387687291;1.024999976158142;
2016-05-20 22:00:00;1.0;0.9999892454175426;0.9999999999999999;0.9999924108548579;0.9999118710977501;0.9999903462064708;1.0024628178934785;0.9999879047710134;0.9999339533475016;1.0;0.9999957056428885;1.0024081304885109;1.002418217915425;0.9999885850986562;0.9999968762235097;1.0;0.999997182559815;0.9999109306517011;1.0008117427281922;0.9999852511307276;0.9999973223706915;1.0;0.9999978572842545;1.0024586561003805;1.0024651805330818;0.9999999999999999;0.9999999999999999;0.9999925620317669;1.0012089501163641;1.000665565723471;1.0003185190228934;1.0001369255599402;0.9999190004766816;1.0;0.999767689960648;0.9999899935895534;0.9999858032326621;0.9999999999999999;1.002239921711234;0.9999166192378841;0.9999979790537421;1.0;1.002412910823971;1.024999976158142;
2016-05-20 22:15:00;1.0;0.9999790581687923;1.0;0.9999953914304546;0.9999087480099735;0.9999936325449551;1.0024422363904852;0.9999907518470492;0.9999340613617654;0.9999999999999999;0.9999979947480693;1.0023769449696456;1.0023885058253696;0.9999890578912202;0.999993914184433;1.0;0.999998224765833;0.9999077494046856;1.0008048319162237;0.9999852746893547;0.9999971525652607;1.0;0.9999986214266228;1.0024380671045707;1.0024443518970076;0.9999999999999999;1.0;0.9999943817259919;1.0012249640425899;1.0007068295105777;1.000340211022707;1.0001511437916952;0.9999146281987463;1.0;0.9998021010420022;1.000003782800803;0.999993421828249;1.0;1.002221014765318;0.9999122247479127;0.9999978525929966;1.0;1.0023818237781372;1.024999976158142;
2016-05-20 22:30:00;1.0;0.9999636686469977;1.0;0.9999928087619111;0.9998470199484584;0.9999890232399121;1.002519301427434;0.9999835168234559;0.9998870446565769;0.9999999999999999;0.9999981148867617;1.0024404913805534;1.002454295723169;0.9999808055668733;0.9999894408769281;1.0;0.9999977033496161;0.9998463813057122;1.000830787861419;0.999974762579592;0.9999981480378326;1.0;0.9999982623204201;1.0025144021292545;1.0025216185580683;1.0;1.0;0.9999902310922093;1.00125843654209;1.0007165402910518;1.0003480271409682;1.0001562291400508;0.9998554620348193;0.9999999999999999;0.9997829159047272;1.0000085723006773;0.9999958467550296;1.0;1.0022909315073487;0.999851783482892;0.9999986001486172;1.0;1.0024455287281275;1.024999976158142;
2016-05-20 22:45:00;1.0;0.9999224104432453;1.0;0.9999908162788755;0.9997580028147202;0.9999864768696461;1.002630021419985;0.9999781044673314;0.9998255171611856;0.9999999999999999;0.9999970632893056;1.0025102322026402;1.002529026167171;0.9999689540545968;0.9999774727467424;0.9999999999999999;0.9999968209862665;0.9997572432317184;1.000867430304198;0.999960996039033;0.9999977421958991;1.0;0.9999976034174631;1.0026224084274065;1.0026335722666604;1.0;1.0;0.9999863822364251;1.0013494538877732;1.0007919204712918;1.000387705824269;1.0001722069430092;0.9997679120317934;1.0;0.9997931195903226;1.0000036506095142;0.9999932993055577;1.0;1.0023913445761699;0.9997623257372683;0.9999982924420373;1.0;1.0025151385435502;1.024999976158142;
2016-05-20 23:00:00;0.9999999999999999;0.999939172946777;1.0;0.9999886329324926;0.9997719440826858;0.999983776624869;1.0025908408743471;0.9999759796334152;0.9998326360346428;1.0;0.9999957123742889;1.0024940109362768;1.00250905098794;0.9999703629149324;0.9999823369614594;1.0;0.9999961597523566;0.9997712075486602;1.0008545049438478;0.9999625940044213;0.9999978179561124;1.0;0.999997117634909;1.0025841666110313;1.0025941656254156;1.0;1.0;0.9999852770024984;1.001333273400178;1.0007874668348573;1.0003839375599302;1.0001692901507073;0.9997832245338043;1.0;0.9998026999863103;0.9999997939785421;0.9999927136395625;0.9999999999999999;1.0023558218679387;0.9997778644581059;0.9999983517911505;1.0;1.0024980246587554;1.024999976158142;
2016-05-20 23:15:00;1.0;0.9999753742873708;0.9999999999999999;0.9999925351188692;0.9998624374578127;0.999988414746079;1.0024591779250789;0.9999833041243088;0.9998964525624177;1.0;0.9999982509323481;1.0024093126542903;1.002417504732148;0.9999828520977811;0.9999928386599098;0.9999999999999999;0.9999977464598226;0.9998618708595649;1.0008108764563537;0.9999768693500691;0.9999983627524397;1.0;0.9999982991543628;1.0024558934650731;1.0024608166817552;0.9999999999999999;1.0;0.999990350721357;1.001241792155724;1.0007185700127939;1.0003452402919881;1.0001497009955091;0.9998712739671947;1.0;0.9998019060719368;0.9999922851497427;0.9999906815334474;1.0;1.0022360354536242;0.9998679107327129;0.999998763316998;1.0;1.0024120878012657;1.024999976158142;
2016-05-20 23:30:00;1.0;0.9999596926672767;1.0;0.9999936455178643;0.9998302085141604;0.9999894309291235;1.0024827736934931;0.9999831815152251;0.9998759587528148;1.0;0.9999993662732835;1.0024133467332053;1.0024233472970345;0.9999799841338332;0.9999882958295043;1.0;0.9999979677722559;0.9998289878812237;1.0008181152752742;0.9999722861666227;0.9999964885330818;1.0;0.9999984164167817;1.0024785858063758;1.0024847863360222;1.0;1.0;0.9999902737637323;1.001280265154035;1.000756298979621;1.000370096609065;1.0001633913125065;0.9998401861426706;0.9999999999999999;0.9998097311309551;1.0000003204414396;0.9999953955929411;1.0;1.0022574589264597;0.9998359356540714;0.9999973507948955;1.0;1.002416025500974;1.024999976158142;
2016-05-20 23:45:00;1.0;0.9999269657096749;1.0;0.9999903450941171;0.9997574498165923;0.9999859631202538;1.0025872473963777;0.999977776678175;0.9998254169022663;1.0;0.9999967021623765;1.0024835590012273;1.0024978193765752;0.9999695182528107;0.9999787799412527;1.0;0.9999965285459254;0.9997561373218616;1.0008528333483693;0.9999609708002978;0.9999961635167299;1.0;0.9999973490797883;1.0025803211850886;1.0025906823270556;1.0;1.0;0.9999862252017268;1.0013235579260322;1.0007767033411934;1.0003785249790806;1.0001679261212528;0.9997687719350569;1.0;0.9997979197380074;1.0000025670361403;0.999996566014875;1.0;1.0023523999731423;0.9997629549351004;0.999997103101145;1.0;1.0024862939413492;1.024999976158142;
2016-05-21 00:00:00;1.0;0.9999511681728821;1.0;0.9999901884916389;0.9998171889340002;0.9999864991634213;1.0025080817668175;0.9999804443493627;0.9998659213617294;1.0;0.9999956983217887;1.002432500810579;1.0024439521903168;0.999975910443153;0.9999858141309507;1.0;0.9999965888321863;0.9998165809545269;1.0008272743998041;0.9999700359828906;0.9999982104532906;1.0;0.9999974429370638;1.002502598222427;1.0025109034410458;1.0;1.0;0.9999878707711362;1.0013026272073815;1.000776717508432;1.0003828666187575;1.0001716072315332;0.999826246725413;0.9999999999999999;0.9998129070711449;1.0000078582401393;0.999999297659647;1.0;1.0022805137940756;0.9998219422826579;0.9999986467968722;1.0;1.002435380519274;1.024999976158142;
2016-05-21 00:15:00;1.0;0.9999778287908146;1.0;0.9999925805930285;0.9998762617055877;0.9999887792317181;1.0023989958257247;0.999984165014177;0.9999059672987289;1.0;0.9999979105922343;1.0023546765933045;1.0023625526793425;0.999983903585964;0.999993561098344;1.0;0.9999978051112058;0.9998760995478391;1.0007914572720729;0.999978995436353;0.9999995114206077;1.0;0.9999983707483673;1.0023959744149977;1.0024004817589705;1.0;1.0;0.9999907626525412;1.0012154652952066;1.000707389144752;1.0003393596082413;1.0001465821171478;0.9998838034524696;1.0;0.9998109905024732;0.9999903458272789;0.9999895851827583;1.0;1.0021812858224004;0.9998808920488094;0.9999996300864905;0.9999999999999999;1.0023574515890215;1.024999976158142;
2016-05-21 00:30:00;1.0;0.9999701671207926;1.0;0.9999939709396604;0.9998737574158867;0.999990890182685;1.0024007287931864;0.9999863718971415;0.9999068252009373;1.0;0.9999982978436709;1.0023464090384584;1.002355125257522;0.9999841815008846;0.9999913470228914;1.0;0.9999980428653781;0.9998732015462468;1.0007916112654267;0.9999791882163104;0.999998398338955;1.0;0.9999985183898993;1.0023971907056064;1.002402461642702;1.0;1.0;0.9999919263989628;1.0012195688845122;1.0007077209372872;1.0003401221809056;1.0001452642757098;0.9998807848575516;1.0;0.99980752747599;0.9999853982474316;0.9999869124857005;0.9999999999999999;1.0021828394650856;0.9998777397866011;0.9999987907534535;1.0;1.0023491144906058;1.024999976158142;
2016-05-21 00:45:00;1.0;0.9999705308326255;1.0;0.9999929183642663;0.9998625317017987;0.9999891532814038;1.002388735964877;0.9999840889833379;0.9998972327876309;1.0;0.9999981730366536;1.0023351122946755;1.002344015834442;0.9999825269456643;0.999991442221615;1.0;0.9999978331925574;0.9998621458364255;1.0007879007639802;0.9999770436449285;0.9999988775866218;1.0;0.9999983757593743;1.0023852245704152;1.0023904360123213;1.0;1.0;0.9999906701392002;1.0012242374477938;1.000721487129671;1.0003500379342116;1.0001535836487487;0.9998703925020086;1.0;0.9998176900559835;0.9999971115883759;0.9999933101333196;1.0;1.0021719520051295;0.9998671267590539;0.9999991509612721;0.9999999999999999;1.0023379432126591;1.024999976158142;
2016-05-21 01:00:00;1.0;0.9999536234476055;1.0;0.9999914220484801;0.9998238743339454;0.9999874562446888;1.0023929828308955;0.9999812436673121;0.9998701969753913;0.9999999999999999;0.9999970988877739;1.0023217753553417;1.0023329113524524;0.9999771425301851;0.9999865333146715;1.0;0.9999971944142041;0.9998234594071039;1.0007894396141168;0.999970999394644;0.9999987749771784;1.0;0.9999979028639275;1.0023881468154032;1.0023953431737034;1.0;0.9999999999999999;0.9999886484791924;1.001243791056796;1.0007391016080323;1.0003631472001544;1.0001598010282422;0.9998324963723205;1.0;0.9998188631512303;0.9999981580392651;0.999993814559663;1.0;1.00217577456039;0.999828403589105;0.9999990738649244;1.0;1.0023246547459532;1.024999976158142;
2016-05-21 01:15:00;1.0;0.9999557181878752;1.0;0.9999943158653567;0.9998502532642481;0.9999910708905503;1.0023640641793103;0.9999855608671958;0.9998906425614837;1.0;0.9999988076959913;1.002295529839284;1.0023066277183579;0.9999809313319716;0.9999871442157158;1.0;0.9999982145097508;0.9998499700696759;1.000779893102417;0.9999755701615766;0.999999161139102;1.0;0.9999986640283967;1.0023598616444618;1.002365946558002;1.0;1.0;0.9999913388502392;1.0012099674596264;1.0007129624258038;1.0003439225938335;1.0001493727373056;0.9998567480849564;1.0;0.999820840946073;0.999992348641082;0.999990306857023;1.0;1.002149364522331;0.9998533254874761;0.9999993658086149;1.0;1.0022985346455067;1.024999976158142;
2016-05-21 01:30:00;1.0;0.9999765284604258;1.0;0.9999943626320588;0.9998699194754447;0.9999913601640096;1.0023259392435002;0.9999870735952983;0.9999061843125118;1.0;0.99999855812086;1.0022644939057457;1.002272738907658;0.9999859526765787;0.999993182490137;0.9999999999999999;0.9999978226231008;0.9998678270256955;1.0007657104281502;0.9999790460310529;0.9999940488303689;1.0;0.9999982482961441;1.0023219565613184;1.0023281488104987;1.0;1.0;0.9999925380053855;1.0012058572142057;1.0007172702079303;1.0003509649619495;1.0001544430239702;0.9998800831355823;1.0;0.9998261311374546;0.9999981834832441;0.9999938162352912;1.0;1.002115360359752;0.999876392514911;0.9999955092897599;0.9999999999999999;1.0022673805968059;1.024999976158142;
2016-05-21 01:45:00;1.0;0.9999797772083772;1.0;0.9999967843705454;0.9998951865869625;0.9999951057711718;1.002278464966537;0.9999920502309383;0.9999277745607706;1.0;0.9999991458485067;1.0022157994636178;1.0022232960390656;0.9999903452900218;0.9999941371631396;1.0;0.9999982944519388;0.9998923341647352;1.0007493303571147;0.9999838707098114;0.9999919111256594;1.0;0.9999985427979102;1.0022745055125193;1.0022807602741626;1.0;1.0;0.9999954150395213;1.0011980373328595;1.0007360653146877;1.0003511380940187;1.0001477590085264;0.9999045534056001;1.0;0.999861256666639;0.9999776779098482;0.9999825485466617;1.0;1.0020723624133443;0.9999012047081881;0.9999938956234421;1.0;1.0022185045632346;1.024999976158142;
2016-05-21 02:00:00;1.0;0.9999826714975881;1.0;0.9999964652920975;0.9999187494715818;0.9999953709675492;1.0022397368483194;0.9999931679777383;0.9999435293994076;1.0;0.9999981676244694;1.0021865801254928;1.0021938967496664;0.9999915637418246;0.9999949608014617;1.0;0.999998292464891;0.9999168775093835;1.0007374663824604;0.9999873901416271;0.999994692146406;0.9999999999999999;0.9999986100878122;1.0022361477328574;1.0022417863862492;1.0;1.0;0.9999958113636908;1.0011769886866744;1.0007341940048198;1.0003522558806746;1.000155914136029;0.9999253489199312;1.0;0.9998756187031707;1.0000007194087177;0.99999539715957;1.0;1.002037000406625;0.9999228757542743;0.999995993811795;0.9999999999999999;1.0021893837650007;1.024999976158142;
2016-05-21 02:15:00;1.0;0.9999818760778322;1.0;0.9999960860551748;0.9999207790510517;0.9999948598602618;1.0021821282581984;0.9999925734409107;0.999943790997314;1.0;0.9999979807723982;1.002134348116975;1.0021413979252074;0.9999909431221675;0.9999947317350077;1.0;0.9999983170800646;0.9999195061610409;1.0007190069625773;0.9999874497127383;0.9999963851232001;1.0;0.9999986702403653;1.0021788350285417;1.0021839526049885;1.0;0.9999999999999999;0.9999954195565516;1.001161988540714;1.0007454853453097;1.0003552171946746;1.0001571060070968;0.999926367332085;0.9999999999999999;0.9999035783745912;1.0000002797244294;0.9999955074062178;1.0;1.0019844558117137;0.9999241477168012;0.9999972728964609;1.0;1.0021369507805629;1.024999976158142;
2016-05-21 02:30:00;1.0;0.9999781172749737;1.0;0.9999969509953962;0.99991029729516;0.9999955528699435;1.0021840379951128;0.9999927999782321;0.9999372982764004;1.0;0.9999989544987716;1.0021287039930122;1.0021364670580664;0.9999905364061396;0.9999936470396724;1.0;0.9999985807039876;0.9999086215491989;1.0007192737495447;0.9999859991403818;0.9999952393619901;1.0;0.9999988363100398;1.0021805414811817;1.0021859182477861;1.0;1.0;0.9999956959891777;1.0011965452868736;1.0007853524497;1.0003793270359804;1.000167186416686;0.9999166922960123;1.0;0.9999186158612894;0.9999985268354807;0.9999942813333184;1.0;1.0019862305183498;0.9999141117018377;0.9999964093954687;1.0;1.0021314379650315;1.024999976158142;
2016-05-21 02:45:00;1.0;0.9999766740123429;1.0;0.9999965611190313;0.9999058155036853;0.9999952738933712;1.002154156093449;0.9999925210124834;0.9999344992954698;0.9999999999999999;0.9999984794443756;1.0020960441673132;1.002103940082703;0.9999900095177546;0.9999932205909656;1.0;0.9999983442530912;0.9999039605839758;1.0007093244994767;0.9999853735019357;0.9999947244134066;0.9999999999999999;0.9999986494551738;1.0021503540233814;1.0021562515800246;1.0;1.0;0.9999954392350633;1.0012064683869193;1.000807463844884;1.000398353883059;1.000181339063985;0.9999125862186174;1.0;0.999931012683493;1.000015810266075;1.000004103454014;1.0;1.0019591386456776;0.9999098473641804;0.9999960226793988;1.0;1.002098748943696;1.024999976158142;
2016-05-21 03:00:00;1.0;0.9999797045687024;1.0;0.9999965016411222;0.9999212433600143;0.9999955457665444;1.0020960732532027;0.9999933472698147;0.9999449493270164;1.0;0.9999980297881295;1.0020427789821178;1.0020507511071475;0.9999911360827312;0.9999941181549425;0.9999999999999999;0.9999983795684732;0.9999198709237045;1.000690613442981;0.9999877093613558;0.9999961023025301;1.0;0.99999870932122;1.0020924823045922;1.0020980326262938;1.0;1.0;0.9999958205966829;1.001227357412112;1.0008514928246526;1.000430637435219;1.000200033072129;0.9999265721148286;1.0;0.9999585355210359;1.0000291493564892;1.0000111847108282;1.0;1.0019062989723166;0.9999243481084155;0.9999970606126253;0.9999999999999999;1.002045740386507;1.024999976158142;
2016-05-21 03:15:00;1.0;0.9999805740635013;1.0;0.9999962904146265;0.9999166725385158;0.9999950800165837;1.0021250191232578;0.9999926874699059;0.9999414222151073;1.0;0.9999981439799631;1.0020718704085139;1.00207963520274;0.9999908169796765;0.9999943596411698;0.9999999999999999;0.9999983244715566;0.9999151576169265;1.000700028235216;0.9999869209835298;0.9999956990782142;1.0;0.9999986587172256;1.0021214544992005;1.002126985266936;1.0;1.0;0.9999955089076961;1.0012298265636117;1.000849861879416;1.0004250506198855;1.000196177297198;0.9999227022291483;1.0;0.999957666150279;1.0000249650555137;1.000008919295506;1.0;1.0019326439192489;0.9999203128209795;0.9999967556977741;1.0;1.002074775937115;1.024999976158142;
2016-05-21 03:30:00;1.0;0.9999825251047756;1.0;0.9999968577252837;0.9999206759528859;0.9999958362222446;1.002100081903662;0.9999936685677315;0.999945183070367;1.0;0.9999984263478194;1.0020452062490792;1.0020529034866013;0.9999919477499726;0.9999949259581787;1.0;0.99999842119777;0.9999187795946659;1.0006915022681229;0.9999877606511194;0.9999946133139385;1.0;0.9999987032684149;1.0020964711156914;1.0021021156556695;1.0;1.0;0.9999961385008077;1.001217945658982;1.000839723585636;1.0004244437521967;1.0001990191595578;0.9999271148923159;1.0;0.9999528397116222;1.0000343480796232;1.000014046600118;1.0;1.0019101027770128;0.9999246821638885;0.9999959383522403;1.0;1.002048210304851;1.024999976158142;
2016-05-21 03:45:00;1.0;0.9999797102975491;1.0;0.9999966980681855;0.99991485669951;0.9999953942385894;1.002102800865903;0.9999928511691217;0.9999403117659477;1.0;0.9999986206589593;1.0020477618313004;1.0020558217847517;0.9999908173980546;0.9999940953111818;1.0;0.9999984946664685;0.9999132912263441;1.000692741710046;0.9999866709285389;0.9999955515348313;1.0;0.9999987806238065;1.0020992555076615;1.0021047153533174;1.0;1.0;0.9999956695105506;1.0012146287380692;1.000838513647667;1.0004260341245077;1.0002046245970337;0.9999209724541606;1.0;0.9999527950434147;1.0000491390455903;1.0000224064387548;1.0;1.0019124728633937;0.9999185259280766;0.9999966442553069;1.0;1.0020507658947333;1.024999976158142;
2016-05-21 04:00:00;1.0;0.9999732771568816;1.0;0.9999958703268129;0.9999007516235918;0.9999944041852236;1.002104174002277;0.9999913786569152;0.9999298424020182;0.9999999999999999;0.9999980773724615;1.0020453148795807;1.0020540060548992;0.9999884706098857;0.9999922375780328;1.0;0.9999982307477917;0.9998994297690369;1.0006934231416098;0.9999843328862839;0.9999962371809696;0.9999999999999999;0.9999986031676037;1.0021002680871105;1.002106243300704;1.0;1.0;0.9999946631818128;1.0012169694480304;1.0008399961506131;1.0004293510366593;1.000208405255293;0.9999068036161773;1.0;0.9999508777300369;1.0000561200953628;1.000026528146575;0.9999999999999999;1.0019136151175105;0.9999041422885001;0.9999971621466418;1.0;1.0020482203311833;1.024999976158142;
2016-05-21 04:15:00;0.9999999999999999;0.9999929299489979;1.0;0.9999973903563509;0.9999532009888774;0.9999967851531358;1.0020462765386466;0.9999956857331472;0.9999675169307488;1.0;0.9999984008487929;1.0020067944123434;1.0020129427484454;0.9999953626680345;0.9999979484213364;1.0;0.9999987215235822;0.9999518376807737;1.0006741594694657;0.9999927501288255;0.9999961362017911;1.0;0.9999989620241371;1.0020435956161837;1.0020478265489356;1.0;1.0;0.9999973517069666;1.001178979659385;1.0008097991540814;1.0004105536877117;1.0001954078060311;0.9999577968435913;1.0;0.999949916435062;1.0000419742841689;1.0000185809273008;1.0;1.0018611109948214;0.9999562569922725;0.9999970857221362;1.0;1.0020096728981027;1.024999976158142;
2016-05-21 04:30:00;1.0;0.9999971949888858;1.0;0.9999976295918648;0.9999574915435185;0.9999971395434399;1.0020495295911984;0.9999963281397443;0.9999712670258404;1.0;0.9999984786914337;1.0020085728814567;1.0020145991248923;0.9999966497251223;0.9999991795112044;1.0;0.9999986844318023;0.999955621072676;1.0006748039897704;0.999993587551098;0.9999947050911918;1.0;0.9999988991224396;1.002046761365475;1.0020512140170081;1.0;1.0;0.9999978036893095;1.001174531952786;1.0008043931006088;1.000407167832686;1.0001945199262907;0.9999629757657346;1.0;0.9999477736344639;1.0000438109330103;1.0000192123993326;1.0;1.001864269955874;0.9999613421093848;0.999996004899076;1.0;1.0020116790311402;1.024999976158142;
2016-05-21 04:45:00;0.9999999999999999;0.9999975561171957;1.0;0.9999970228391619;0.999955978555546;0.999996619538641;1.0020581838532732;0.9999959152070548;0.9999702189744285;1.0;0.9999978381037725;1.0020163005131597;1.0020223587919008;0.9999963424346271;0.9999992844611543;0.9999999999999999;0.9999983994528934;0.9999540085385861;1.0006775971283715;0.999993353386565;0.9999944192238681;1.0;0.9999986820817126;1.0020551843662453;1.0020600557177113;1.0;1.0;0.9999974668231174;1.001181662554386;1.0008110998532633;1.000411282005715;1.0001973051566326;0.9999617692685062;1.0;0.9999491222962646;1.0000467248944744;1.000020782931563;1.0;1.00187220949564;0.9999600632076728;0.9999957902462283;1.0;1.002019449329782;1.024999976158142;
2016-05-21 05:00:00;1.0;0.99999423204817;1.0;0.9999977448648647;0.9999622790933621;0.9999973013305583;1.002050752725521;0.9999964588436095;0.999973823578347;1.0;0.9999985250531706;1.0020060676445424;1.0020141745715907;0.9999961772477273;0.9999983205305104;1.0;0.9999989015143399;0.999961185337405;1.0006759226774142;0.9999941584025841;0.9999969073848652;1.0;0.9999991135976685;1.0020478853118255;1.002052305714678;1.0;0.9999999999999999;0.999997791296991;1.0011876464367448;1.0008204172808426;1.0004135240567706;1.0001939154754995;0.9999659657986909;1.0;0.9999566628253397;1.0000335113028611;1.0000117202618246;1.0;1.0018652747901664;0.9999647262971392;0.9999976652823593;1.0;1.0020101085174133;1.024999976158142;
2016-05-21 05:15:00;0.9999999999999999;0.9999926431824215;1.0;0.9999976334187202;0.9999565408326153;0.9999969719304914;1.002057633497291;0.9999958431728521;0.9999694171467826;1.0;0.9999986832023469;1.0020223587186494;1.002028092599042;0.9999954390707244;0.9999978559761583;1.0;0.9999989163236312;0.9999555068159179;1.0006781806239893;0.9999931743563755;0.9999970777749296;1.0;0.999999128701816;1.002055284512953;1.0020589476882618;1.0;1.0;0.9999974651034073;1.0011868036219544;1.0008195877327903;1.0004121621405047;1.0001939582470643;0.999960406690581;1.0;0.9999570223419523;1.0000354571241075;1.0000153430811969;1.0;1.0018713002861086;0.9999590590162195;0.9999977931945858;1.0;1.0020249879459622;1.024999976158142;
2016-05-21 05:30:00;0.9999999999999999;0.9999931463869598;1.0;0.9999980500294396;0.9999543458903318;0.9999973052616045;1.0020428270577892;0.9999960745994045;0.9999683141561909;1.0;0.9999991509502879;1.0020037929563963;1.0020099625060683;0.9999957735845596;0.9999980120228734;1.0;0.9999990260022561;0.999953010101449;1.0006730218217155;0.9999929283074855;0.99999622099009;1.0;0.9999991883873788;1.0020403777999143;1.002044192300792;0.9999999999999999;1.0;0.9999977097415306;1.0011669612317282;1.0008015273806345;1.0004020871406674;1.0001905743169823;0.9999588421867287;1.0;0.9999532602781142;1.0000386850821945;1.000016674019855;1.0;1.0018579315890666;0.9999573380870413;0.9999971478134021;0.9999999999999999;1.0020066982876055;1.024999976158142;
2016-05-21 05:45:00;1.0;0.9999876539961214;1.0;0.9999963499165306;0.999936940002563;0.9999958219684703;1.0020630803536394;0.9999944565777243;0.9999566147105242;1.0;0.9999973895918456;1.00201434315164;1.002021387185412;0.9999933717203257;0.9999964214307588;1.0;0.9999981707216301;0.9999352152201366;1.0006794645672887;0.99999031483714;0.9999951040685487;1.0;0.9999985306738355;1.0020595643008725;1.002065158366892;1.0;1.0;0.9999964301694295;1.001185356574527;1.0008178136532435;1.0004133348259319;1.0001984381304616;0.9999425582848468;1.0;0.999954804298201;1.0000474113368112;1.0000214300144852;0.9999999999999999;1.0018765203373965;0.9999405418604349;0.9999963085495737;1.0;1.0020173471148863;1.024999976158142;
2016-05-21 06:00:00;0.9999999999999999;0.9999895321222511;1.0;0.9999967530167719;0.9999402423796611;0.9999956845319828;1.0020489679013593;0.9999939992087535;0.9999573803606083;0.9999999999999999;0.9999983810794718;1.0020062992249164;1.0020132063506666;0.9999934771773553;0.9999969686551279;1.0;0.9999986098005551;0.9999390690124321;1.000675259408189;0.9999904863989836;0.9999966767083386;1.0;0.9999988929891895;1.0020461174635895;1.0020505475639014;1.0;1.0;0.999996382950988;1.001181825436511;1.0008192489680419;1.0004150726603855;1.0002002530998966;0.9999452129211612;0.9999999999999999;0.9999588366037021;1.0000505701279987;1.0000231156550414;1.0;1.001863516227521;0.9999434458107177;0.9999974920192246;1.0;1.0020093591061656;1.024999976158142;
2016-05-21 06:15:00;1.0;0.9999911964501299;1.0;0.9999965969728184;0.9999408663762326;0.9999956023067408;1.0020839185589587;0.9999940571686573;0.9999581146934777;0.9999999999999999;0.9999981568753561;1.0020420241488759;1.0020484425961549;0.9999938047128767;0.9999974425316607;1.0;0.9999984776535598;0.9999394494017588;1.0006865513772354;0.9999906501389314;0.9999959888692146;1.0;0.9999987785007056;1.00208102770986;1.0020855921684169;1.0;0.9999999999999999;0.9999964067394227;1.0011944565621584;1.0008239056418144;1.0004158330892798;1.000199954336483;0.9999463273350465;1.0;0.9999546092865218;1.0000486452388124;1.0000223035321447;1.0;1.0018953515369926;0.9999444826777523;0.9999969723994169;1.0;1.0020449295909368;1.024999976158142;
2016-05-21 06:30:00;0.9999999999999999;0.9999891733656524;0.9999999999999999;0.9999979086395424;0.9999359988505127;0.9999968434715891;1.0021409311136953;0.999995005238887;0.9999558604857798;1.0;0.9999994061938148;1.0020955231585877;1.002101783533324;0.9999942842586433;0.999996853883142;1.0;0.9999988894911018;0.9999341299834326;1.0007048183426086;0.9999901466371302;0.9999947029567815;1.0;0.9999990503824924;1.0021381247935912;1.0021425241467625;1.0;1.0;0.9999971559529576;1.0012247586895557;1.0008469379856904;1.0004260201294;1.0002051683430861;0.9999421038095876;1.0;0.9999569776732508;1.0000508518364741;1.0000239570798237;0.9999999999999999;1.001947144834856;0.9999400056958689;0.9999960042636368;1.0;1.0020982010770305;1.024999976158142;
2016-05-21 06:45:00;0.9999999999999999;0.9999904754035757;1.0;0.99999691890752;0.9999373113064662;0.9999962616821619;1.0021077117084707;0.9999948685214394;0.9999573287113686;1.0;0.9999980471834499;1.0020618753904407;1.0020677577620563;0.9999942789488337;0.9999972259789542;1.0;0.9999983348128721;0.9999351652666802;1.0006937042849668;0.9999904743853275;0.999993904904877;1.0;0.9999986220890308;1.0021044886018668;1.0021096868759956;1.0;1.0;0.9999968492661712;1.0011680910986263;1.0007854226656654;1.0003878589476387;1.0001837007395185;0.999943831698156;1.0;0.9999373100297314;1.0000369298006366;1.0000162997555355;1.0;1.0019171063438528;0.9999416642224297;0.9999954060924472;1.0;1.0020644352204973;1.024999976158142;
2016-05-21 07:00:00;1.0;0.9999934357616929;0.9999999999999999;0.9999962639562954;0.9999557267823118;0.9999952887550806;1.0021110051566657;0.9999940523698233;0.9999668717230906;0.9999999999999999;0.9999978334126075;1.0020810507046116;1.0020867691700548;0.9999941510265319;0.9999980947190935;0.9999999999999999;0.9999986161730317;0.9999553424447863;1.000696302607165;0.9999926062234911;0.9999989104866567;1.0;0.999998953013036;1.002108788618119;1.0021122249184944;1.0;1.0;0.9999963178599757;1.001052299514998;1.0006743368716786;1.000293417420941;1.0001282745718418;0.9999590221808269;1.0;0.9999302937304022;0.9999956968039084;0.9999927821329753;1.0;1.0019196829363934;0.9999578636257475;0.9999991776729569;1.0;1.0020837285843796;1.024999976158142;
2016-05-21 07:15:00;1.0;0.9999937979887403;0.9999999999999999;0.9999914846498734;0.9998849168143102;0.999986664024146;1.0022032836699517;0.9999820929919968;0.9999092030630615;0.9999999999999999;0.9999981263441269;1.00216558072141;1.0021735981743314;0.9999853707091694;0.9999981964864054;1.0;0.999997678486864;0.9998847040739866;1.0007271214862623;0.9999797219213336;0.9999993765085959;1.0;0.9999982738699587;1.0022007768699277;1.0022045494001035;1.0;1.0;0.9999899691819185;1.0010436980849047;1.000657479545607;1.000258808529576;1.0001023007534362;0.999894254343232;1.0;0.999935075689356;0.9999635295662609;0.9999723058696348;1.0;1.00200375777783;0.9998914220939071;0.9999995285256665;1.0;1.002169542810818;1.024999976158142;
2016-05-21 07:30:00;1.0;0.999976963938548;0.9999999999999999;0.999997233970037;0.9999230005637599;0.9999958799588876;1.0021891421425217;0.9999932436944504;0.999944858259531;1.0;0.999999149834128;1.0021295093192575;1.0021404112145702;0.9999906307463855;0.9999932999520706;0.9999999999999999;0.999998964393579;0.9999224645741934;1.000721996940324;0.9999876875363517;0.9999984733296359;1.0;0.9999991990529732;1.002185619076092;1.0021907671922852;0.9999999999999999;1.0;0.9999958903712188;1.0010147578683024;1.0006335938638706;1.0002417706355553;1.0000951870873775;0.9999267583017921;0.9999999999999999;0.9999348803040294;0.9999648252517965;0.9999723083858681;1.0;1.0019907655204832;0.9999248703402608;0.9999988476216313;1.0;1.0021338803724364;1.024999976158142;
2016-05-21 07:45:00;0.9999999999999999;0.9999117959606902;1.0;0.999993312010489;0.9997548529771273;0.9999891119172901;1.0024047995587986;0.9999801956451967;0.9998245459698467;0.9999999999999999;0.9999991179120676;1.0022934744140046;1.0023098367198635;0.9999687362598155;0.9999743639215475;1.0;0.9999978186729014;0.9997544778915282;1.0007936095273207;0.9999607758727398;0.9999988290611306;1.0;0.9999983657923343;1.002398143050422;1.002407648805133;1.0;1.0;0.9999877201530524;1.001150499277012;1.0007330450298468;1.0002986459356027;1.0001279921345887;0.9997629177470565;1.0;0.9999320911324794;0.999987890954692;0.9999880976883379;1.0;1.0021861052797834;0.9997574570684346;0.9999991126105592;1.0;1.0022963052143894;1.024999976158142;
2016-05-21 08:00:00;1.0;0.9998886058082266;1.0;0.9999919489728156;0.9997181435292088;0.9999882210309605;1.0024769378294809;0.9999784780625857;0.9998001201772347;1.0;0.9999973989670164;1.002342927029409;1.0023623708876774;0.9999628991474544;0.9999676257040351;1.0;0.9999971040845137;0.9997179308243687;1.0008176910344806;0.9999553006121645;0.9999992436180831;1.0;0.9999978504318219;1.0024684980542835;1.0024806638582269;1.0;0.9999999999999999;0.9999860000280613;1.0012003541183425;1.000769482834447;1.000320280442927;1.0001397133125787;0.9997255970827539;1.0;0.9999304723054215;0.9999944023787374;0.999991643780513;1.0;1.0022515630089621;0.9997194635456472;0.9999994245255454;1.0;1.0023458333439446;1.024999976158142;
2016-05-21 08:15:00;0.9999999999999999;0.9998710606295981;1.0;0.9999906479367087;0.9996607904395901;0.9999856567406473;1.0025783761631166;0.9999738589386099;0.9997591794404141;0.9999999999999999;0.9999978304587874;1.0024250134061865;1.0024463916291;0.9999561287156273;0.9999624835880937;1.0;0.999996742197687;0.9996601642445414;1.00085099001292;0.9999461111845129;0.9999979744843713;1.0;0.9999975546620288;1.0025688762974627;1.0025825646303634;1.0;0.9999999999999999;0.9999831702967846;1.0012609352480073;1.0008140306193967;1.0003407799968993;1.0001477724504846;0.9996709930696274;0.9999999999999999;0.9999327211381074;0.9999913465664811;0.9999902232773404;0.9999999999999999;1.002343756265408;0.9996634487330429;0.9999984648446686;1.0;1.0024277481865862;1.024999976158142;
2016-05-21 08:30:00;1.0;0.9998568608298146;1.0;0.9999921159651349;0.9996383743252805;0.9999871233546554;1.002588740614676;0.9999742235201239;0.9997447173191834;1.0;0.9999990462243424;1.0024203041699133;1.0024437185274602;0.9999541430143737;0.9999585398972786;1.0;0.9999971725849487;0.9996376546410642;1.0008538322876508;0.9999429287370415;0.9999978041130446;1.0;0.9999978653672738;1.00257867939428;1.0025930361783113;1.0;0.9999999999999999;0.999983607111943;1.001124602087603;1.0006265151777434;1.0002281082279596;1.000087165280364;0.9996484434938582;1.0;0.9998395148549578;0.9999592332619224;0.999971762603117;0.9999999999999999;1.0023528581310313;0.999640442800535;0.9999983373471636;1.0;1.0024232107088054;1.024999976158142;
2016-05-21 08:45:00;1.0;0.9998854239590815;1.0;0.9999923915715827;0.9996931498576168;0.9999874025884631;1.00259364317447;0.9999762737853557;0.9997813478630444;0.9999999999999999;0.9999992851047674;1.0024568362369048;1.0024762640121228;0.9999608994271968;0.9999667162093979;1.0;0.9999975057313157;0.9996926936115126;1.000855771212635;0.9999511047210929;0.9999985467377966;1.0;0.9999981294155789;1.0025855163240884;1.0025970793296135;0.9999999999999999;1.0;0.999985154422208;1.001122803727916;1.0006335296768165;1.0002270682377468;1.0000870784959335;0.9997025763430659;1.0;0.9998523776333313;0.9999602963073095;0.9999727699714687;1.0;1.002357508644774;0.9996957783622554;0.9999988979396636;1.0;1.0024595151208913;1.024999976158142;
2016-05-21 09:00:00;1.0;0.9999212397108288;0.9999999999999999;0.999994388336969;0.9997939249989345;0.9999913541396299;1.0024258980629768;0.9999839790282833;0.999853233414829;1.0;0.9999986417909148;1.0023265769585605;1.0023414746158879;0.9999733600925563;0.999977194156571;1.0;0.9999980422517031;0.9997937520921488;1.0008003405384802;0.9999672107360587;0.9999994602508476;1.0;0.9999985447821739;1.0024198256071566;1.00242852547563;1.0;1.0;0.9999899016004015;1.0010263314126615;1.0005489483339698;1.00018626408017;1.0000611717508525;0.9997998239734066;1.0;0.9998335500073735;0.9999366817210006;0.9999593720124682;1.0;1.0022051805566092;0.9997953220286134;0.9999995904636974;1.0;1.0023292823571788;1.024999976158142;
2016-05-21 09:15:00;1.0;0.9999669919081298;1.0;0.9999941755927291;0.9998775684807472;0.9999918669526265;1.0023878120565168;0.999987830900177;0.9999112413243288;1.0;0.9999975740043445;1.0023281539791278;1.0023373332501415;0.99998458396549;0.9999904081133194;1.0;0.9999978698560364;0.9998767936149208;1.0007872257251036;0.9999801736362506;0.9999977696121485;1.0;0.9999983755030124;1.0023837511526312;1.0023898843209453;1.0;1.0;0.9999925177362893;1.0010206959215961;1.0005519674229675;1.0001891807149903;1.0000607371820631;0.9998840207770977;1.0;0.9998411668003261;0.9999315758419758;0.9999564333604892;1.0;1.0021711833639546;0.9998810186759035;0.9999983185794898;1.0;1.002330888495279;1.024999976158142;
2016-05-21 09:30:00;1.0;0.9999789852809488;1.0;0.9999959374517203;0.9999123079851221;0.9999940990578791;1.002356369672126;0.9999911537552881;0.9999362881452584;1.0;0.999998569894775;1.002309483392098;1.0023170373738155;0.9999894032070997;0.9999938951019393;1.0;0.9999985232632106;0.9999115605840535;1.0007766951917212;0.99998577331879;0.9999978703857787;1.0;0.9999988590672255;1.0023533280750165;1.0023579133348148;0.9999999999999999;1.0;0.999994701057189;1.000929132866178;1.00046396479201;1.0001200494449451;1.000017950120249;0.999917566005963;1.0;0.9998318729053051;0.9998948785239816;0.9999357837889231;1.0;1.0021425869091205;0.9999153338202221;0.9999983932523991;1.0;1.0023121618823108;1.024999976158142;
2016-05-21 09:45:00;1.0;0.9999828887638887;1.0;0.9999957909668905;0.9999171964078477;0.9999936630536447;1.002452649947842;0.9999907260033222;0.9999386878522828;1.0;0.9999987794830952;1.0024127721984017;1.0024195175839807;0.9999898220978314;0.9999950211447837;1.0;0.9999986138315332;0.9999166818967867;1.0008084852095638;0.9999863087535371;0.999998528473249;1.0;0.9999989421575007;1.0024500837559607;1.0024539292020112;1.0;0.9999999999999999;0.9999945605212694;1.0009471896296158;1.0004251719828932;1.000106520217848;1.00000904221393;0.9999223649578602;1.0;0.9997671605857629;0.9998867993761673;0.9999315264605458;1.0;1.002229997450497;0.9999202987363645;0.9999988899785319;1.0;1.0024152769600387;1.024999976158142;
2016-05-21 10:00:00;1.0;0.999954492211772;1.0;0.9999940906745811;0.9998520569641514;0.9999912386843355;1.0025183822214634;0.9999860225375308;0.9998926438734751;0.9999999999999999;0.9999981517417997;1.002450115278212;1.0024607791858717;0.9999809601163818;0.9999867781120515;1.0;0.9999980050170449;0.999851683405668;1.000830538000927;0.9999760139334479;0.9999988977696506;1.0;0.9999985032706579;1.002513993678014;1.002520433671673;0.9999999999999999;1.0;0.9999914261662252;1.001034063809093;1.0005115602777959;1.0001547146485583;1.0000301327666488;0.9998583125221658;1.0;0.999792002890038;0.9998858166652903;0.9999306565984051;0.9999999999999999;1.0022895905580358;0.9998549108653563;0.9999991673254857;1.0;1.002452794144238;1.024999976158142;
2016-05-21 10:15:00;1.0;0.9999170648740648;0.9999999999999999;0.9999919352248605;0.9997506451561591;0.9999873872305871;1.002624406530638;0.9999784682356321;0.9998206290229024;1.0;0.9999983005333408;1.0025160117359049;1.0025316501811887;0.9999683715140072;0.999975916972887;1.0;0.9999973070585485;0.9997499790923966;1.000865489886418;0.9999599040333748;0.9999980031605369;1.0;0.9999979682688371;1.00261768109299;1.0026274395288217;1.0;1.0;0.9999867431302105;1.0011247565022865;1.000589465006488;1.0001969187061563;1.0000490007947256;0.9997602490214482;1.0;0.9998046695280051;0.9998863219874837;0.9999307219360087;1.0;1.0023857964250151;0.9997545532009418;0.9999984909051854;1.0;1.0025188162970051;1.024999976158142;
2016-05-21 10:30:00;1.0;0.9999823804217156;1.0;0.9999948887721161;0.9999263007161237;0.9999940817401977;1.0024511587316862;0.999992285963764;0.9999474298261127;1.0;0.9999964221639658;1.0024045524726284;1.0024117771035532;0.9999906455066782;0.9999948846104266;1.0;0.9999978133745754;0.9999252929213189;1.0008076060767015;0.9999882627657869;0.9999971313066519;1.0;0.9999983175412047;1.0024475409967422;1.0024532354715732;1.0;1.0;0.9999949501074952;1.0009256637094937;1.0004241738704311;1.0000856933593745;0.9999915028925093;0.9999311727472865;1.0;0.9997981312996986;0.9998617129977634;0.9999169306792548;1.0;1.0022289132480722;0.9999291721870567;0.9999978373724873;0.9999999999999999;1.0024072871972074;1.024999976158142;
2016-05-21 10:45:00;1.0;0.9999825251047757;1.0;0.999996035327786;0.9999218443045841;0.9999941968674312;1.002545929383801;0.9999914962003198;0.9999424699387316;0.9999999999999999;0.9999986532393129;1.0025021318679161;1.002509832615325;0.9999903207309375;0.9999949259581785;1.0;0.9999986434814494;0.9999213496985667;1.0008390649077874;0.9999871546553287;0.9999985886240522;1.0;0.9999989654088833;1.0025431287829167;1.0025473129305675;1.0;1.0;0.9999949458666194;1.0009075413144843;1.0003657279350286;1.000043133950798;0.9999640362076471;0.9999265268594897;1.0;0.9997544113799263;0.9998368414397564;0.9999023818493299;1.0;1.0023147784461084;0.9999245843651245;0.9999989352431121;1.0;1.0025051372935163;1.024999976158142;
2016-05-21 11:00:00;1.0;0.9999780437577737;1.0;0.9999958205433087;0.9999242122373118;0.9999945816504091;1.0025525056386182;0.9999921976004095;0.9999449135517954;0.9999999999999999;0.9999977570070484;1.0025068612085677;1.0025148453952137;0.9999899057905179;0.9999936312773793;1.0;0.9999984451038433;0.9999239290217914;1.0008414228797968;0.9999877004270791;0.9999991891882739;0.9999999999999999;0.9999988340047201;1.0025493602388453;1.0025540850727006;1.0;0.9999999999999999;0.9999950605542746;1.0009537313538373;1.000395319489581;1.0000756159545665;0.9999810890874393;0.9999277383625967;0.9999999999999999;0.9997383648058766;0.9998449807731138;0.9999072609092929;1.0;1.0023206822000768;0.9999259565327331;0.9999993877530451;1.0;1.0025097120124165;1.024999976158142;
2016-05-21 11:15:00;1.0;0.9999724074418794;1.0;0.9999956119283837;0.9998746585964536;0.99999295235465;1.0025594429557196;0.9999887161000155;0.9999104511195638;1.0;0.9999992599735681;1.0024962976030622;1.0025049470276115;0.9999864868128397;0.9999919960203008;0.9999999999999999;0.9999982685934617;0.9998727791090896;1.0008424421826745;0.9999800003765865;0.9999946547826447;1.0;0.9999985919594525;1.0025555595253774;1.002561486902421;1.0;1.0;0.9999934862379143;1.0009917862037296;1.0004530825634066;1.0001031474598154;0.9999936434489719;0.9998835146297352;1.0;0.9997746623130034;0.9998455032516541;0.9999076044450962;1.0;1.0023273298438278;0.9998800404286562;0.9999959670021444;1.0;1.0024991215096004;1.024999976158142;
2016-05-21 11:30:00;1.0;0.9999737812365175;0.9999999999999999;0.9999939964764754;0.9998469250486615;0.9999928281089681;1.002599799451587;0.9999895949575611;0.9998982556690037;0.9999999999999999;0.9999961111584913;1.0025064166593587;1.002514629457103;0.9999871232731837;0.9999923903782884;1.0;0.9999962732785076;0.9998410136026233;1.000852525594045;0.9999772707824761;0.999983211616202;1.0;0.9999968384310549;1.0025930015961686;1.0026042346531483;1.0;1.0;0.9999935158998847;1.001029053061112;1.00048410571112;1.000125029279568;1.000008411353949;0.9998631766337641;1.0;0.9997747375340436;0.9998602630320502;0.9999162099169266;1.0;1.0023653138923017;0.9998576876165057;0.9999873340273658;1.0;1.0025090956758398;1.024999976158142;
2016-05-21 11:45:00;1.0;0.9999763094660854;1.0;0.9999935354304361;0.9998703229795967;0.999992128301197;1.0025769639407636;0.9999891100257595;0.9999109879969469;1.0;0.9999959601037689;1.0025027571889644;1.0025106474471102;0.9999871700594746;0.9999931286497333;1.0;0.999996694458145;0.9998665331474369;1.000846800544621;0.9999801177810541;0.9999892348905676;1.0;0.9999972976760055;1.002571401064534;1.0025804679822374;1.0;1.0;0.9999931757058821;1.0010507155189066;1.0005046085544291;1.0001496993786723;1.00002457073825;0.9998824218559026;0.9999999999999999;0.9997710631955249;0.9998762523525431;0.9999252511597572;1.0;1.002344013643699;0.9998781843430218;0.9999918778511;0.9999999999999999;1.0025054361956662;1.024999976158142;
2016-05-21 12:00:00;1.0;0.9999693033990794;0.9999999999999999;0.9999806973490382;0.9998627359202241;0.9999824146366079;1.0027797206806544;0.9999823714091655;0.9999053179395574;1.0;0.9999809451635404;1.0026973222229933;1.0027062838878484;0.9999790032189233;0.9999910826960251;1.0;0.9999909744403288;0.9998594272976582;1.0009149067432204;0.9999788338866135;0.9999905234658658;1.0;0.9999931149713379;1.0027696726063267;1.0027866426064305;1.0;1.0;0.9999862854608494;1.001188896381434;1.0006072558195802;1.0002117924959348;1.0000611663865187;0.9998738355346841;1.0;0.9997679353080423;0.999904109136033;0.9999408312227556;1.0;1.0025291186426426;0.9998696207712285;0.9999928521397979;0.9999999999999999;1.0027000981673166;1.024999976158142;
2016-05-21 12:15:00;0.9999999999999999;0.99976937734364;1.0;0.9999783182225087;0.9993375844559491;0.999967754223869;1.0032415615049002;0.9999455832776999;0.9995282975010374;1.0;0.9999938800854815;1.0029696785305409;1.0030041927531095;0.999915530966291;0.9999331742561045;1.0;0.9999923259158564;0.9993348867909161;1.0010680401192802;0.9998943821718638;0.9999916991371142;1.0;0.9999941538865583;1.0032238901027812;1.0032499174962282;1.0;1.0;0.9999650062334036;1.001491887941145;1.0008394560334364;1.000338376456262;1.0001280730501259;0.9993625829964836;1.0;0.9997778546461168;0.9999374200691419;0.9999594304196963;1.0;1.0029464782822266;0.9993472422093597;0.9999937192056476;1.0;1.0029725866623553;1.024999976158142;
2016-05-21 12:30:00;1.0;0.9997667016860962;0.9999999999999999;0.9999589263656583;0.9993098865200774;0.999950549658645;1.003427968046497;0.9999313675058447;0.9995043166784298;1.0;0.9999743758904365;1.0031548224587892;1.0031896291244256;0.9999016640275024;0.9999324076720134;0.9999999999999999;0.9999844495493013;0.9993080478890597;1.0011313819832808;0.9998889417305092;0.9999938799847452;1.0;0.9999884078906633;1.0034050321690922;1.0034404876281975;0.9999999999999999;1.0;0.9999527213049846;1.0016112423016834;1.000925673990761;1.0003829662266217;1.0001484435114345;0.9993358595485616;1.0;0.999776609363663;0.999938842310728;0.9999602824469291;1.0;1.0031169549222707;0.9993201510559112;0.9999953572875795;1.0;1.0031577042425124;1.024999976158142;
2016-05-21 12:45:00;1.0;0.9998941694331269;1.0;0.9999720705139192;0.999559819140713;0.9999626696541906;1.0031740729907486;0.9999490502279322;0.9996751143342447;1.0;0.9999867397432;1.003029996433823;1.00304874861759;0.999940517394034;0.999969238629707;1.0;0.9999903613111389;0.999558030586098;1.0010468040020495;0.9999272593092736;0.9999944635623909;1.0;0.9999927695567701;1.0031620698216974;1.0031807847405898;0.9999999999999999;0.9999999999999999;0.9999676638130328;1.0013854775887447;1.0007349819435865;1.0002683782758592;1.0000875943726946;0.9995838328868631;1.0;0.9997569910671099;0.9999090192048106;0.9999433731556537;0.9999999999999999;1.0028864603507115;0.9995732796307705;0.999995809941801;1.0;1.0030329047405309;1.024999976158142;
2016-05-21 13:00:00;1.0;0.9998086434016114;1.0;0.9999838129892312;0.9994701720483188;0.9999749622601142;1.0031563501157088;0.9999565913315552;0.9996212885933932;1.0;0.9999966143801728;1.002937335539861;1.0029669032733155;0.9999312573495658;0.9999443764941649;1.0;0.9999946922711037;0.999469221286888;1.0010413896987886;0.9999151805497588;0.9999967612933492;1.0;0.999996020791081;1.003142647812989;1.0031624282544063;1.0;1.0;0.9999721559679879;1.001420588596654;1.0007891100462252;1.0003021380490178;1.0001066160091538;0.9994876417616525;1.0;0.999786052622538;0.9999206453342194;0.9999499939717509;1.0;1.0028687721587575;0.9994758035295327;0.9999975405376406;1.0;1.002940216698805;1.024999976158142;
2016-05-21 13:15:00;1.0;0.9998751712738226;1.0;0.9999867944555262;0.9996408078618273;0.9999807406476626;1.002990013895447;0.9999683795312991;0.9997415212217639;1.0;0.9999956677575162;1.002838864051497;1.0028604191180595;0.9999525910322965;0.9999637124523472;1.0;0.9999955410080035;0.9996403822783745;1.0009865111889023;0.9999421658443474;0.9999985334894267;1.0;0.999996683310807;1.0029800986305235;1.0029945743622617;0.9999999999999999;1.0;0.9999798502496142;1.0013177409242469;1.0006858983891558;1.0002527468714024;1.0000735868374273;0.9996531650719853;1.0;0.9997509379720994;0.9998877828587365;0.999930981599575;1.0;1.0027179440611556;0.9996451732692652;0.9999988853434912;0.9999999999999999;1.0028419863248796;1.024999976158142;
2016-05-21 13:30:00;1.0;0.9999254455633322;1.0;0.999988259839119;0.999740828274271;0.9999827807314502;1.0028391642026795;0.9999736810867077;0.9998101444300876;0.9999999999999999;0.999996143933688;1.0027382964648788;1.0027532906607273;0.9999661106831012;0.9999783506967034;1.0;0.999996174143476;0.9997403628362024;1.0009363555269966;0.9999575581285871;0.999998559935526;1.0;0.9999971472456066;1.0028323294763255;1.0028424455251204;1.0;1.0;0.9999838465450118;1.0012167395166398;1.0006207701643621;1.0002101432845063;1.0000499588115899;0.9997523597739933;1.0;0.999766943641194;0.9998735741294206;0.9999231066861798;1.0;1.0025811267106208;0.99974643063686;0.999998909610167;1.0;1.0027413294722474;1.024999976158142;
2016-05-21 13:45:00;1.0;0.9999766731406273;1.0;0.9999938265418883;0.9998927627945653;0.9999912379258264;1.0027530884655178;0.9999875819123958;0.9999203776269053;1.0;0.9999975870232518;1.0026928687518102;1.0027038883006718;0.9999861963784874;0.9999932238376518;1.0;0.9999979256067258;0.9998922865505231;1.0009073520290837;0.9999822160484207;0.9999986303590632;1.0;0.9999984375404963;1.0027491170835854;1.0027550597664197;1.0;1.0;0.999992527897151;1.0010326121007576;1.0004258481060786;1.000081108842021;0.9999760369686749;0.9998990504998031;1.0;0.9997158678414871;0.9998244628131858;0.9998928607493988;1.0;1.0025032400314946;0.9998964468777378;0.9999989651022947;1.0;1.0026972851539433;1.024999976158142;
2016-05-21 14:00:00;1.0;0.9999930034699158;1.0;0.9999810718793886;0.9997985584741464;0.9999731462992412;1.0028261107708063;0.9999660759151097;0.9998402123404322;1.0;0.9999925951170524;1.0027940256750805;1.0027998052487894;0.9999726503200986;0.999997964183706;1.0;0.999994267207397;0.9997981527284986;1.000932174865353;0.9999642897015985;0.9999987608734404;1.0;0.9999957458165477;1.0028223588457967;1.0028285510650667;1.0;0.9999999999999999;0.9999801850755833;1.0010543455802714;1.0004540514099116;1.0000810993394744;0.9999746853383681;0.9998155432892567;1.0;0.9997389942684335;0.9998193125369436;0.999893051853358;1.0;1.0025700220617626;0.9998105474978317;0.9999990614694781;1.0;1.0027967054601448;1.024999976158142;
2016-05-21 14:15:00;1.0;0.9999924968161459;1.0;0.9999819917067789;0.9998717423563146;0.999978985874111;1.0026555391348926;0.999976311686535;0.9998994297296108;1.0;0.9999875912225089;1.0026211845832618;1.0026270746859574;0.9999796036191829;0.9999978211433065;1.0;0.9999934413706666;0.9998713166745448;1.0008761288284749;0.9999775305946397;0.9999987439782154;1.0;0.9999951356545715;1.0026503059662701;1.002659151952573;1.0;1.0;0.9999847007128138;1.0011928364529088;1.0006122064493128;1.0002428657618678;1.0000779614506565;0.9998822733777697;1.0;0.9997513894159012;0.9999133071508388;0.9999461560849102;1.0;1.0024152662951669;0.9998790610136004;0.9999990500244412;1.0;1.002623890777061;1.024999976158142;
2016-05-21 14:30:00;1.0;0.9999927132538402;1.0;0.999994531747963;0.9999315930713448;0.9999926647910949;1.002517704342503;0.9999905803267704;0.9999483992203738;1.0;0.9999973502783142;1.002472371821919;1.0024811486136411;0.9999913936520313;0.9999978847448793;1.0;0.9999980591592245;0.9999308962393395;1.0008297720216397;0.9999884788798825;0.9999980164478237;0.9999999999999999;0.9999985205201404;1.0025145252088883;1.0025194323584772;1.0;1.0;0.999994365450353;1.001064821515435;1.0005128671385126;1.0001623879334764;1.0000198156230087;0.999937257953498;1.0;0.9997637542699358;0.9998454456174966;0.9999049274430694;1.0;1.00228955211553;0.9999354117520525;0.9999985035371485;1.0;1.0024766752846332;1.024999976158142;
2016-05-21 14:45:00;1.0;0.9999319444644812;1.0;0.9999931973592842;0.9997857528969548;0.9999889638635623;1.0026707920499085;0.9999811322279172;0.9998453211552646;1.0;0.9999990122942497;1.0025633088153652;1.0025805222633006;0.999973244623842;0.999980253558151;1.0;0.9999977962078512;0.9997850959804019;1.0008805464156612;0.9999654356497211;0.9999980694038952;1.0;0.9999983294781637;1.0026644232511113;1.0026735990623914;1.0;1.0;0.9999886135305351;1.001233699891321;1.0006410196524582;1.0002496679888768;1.0000600120956418;0.999794605445017;1.0;0.999756004832031;0.9998502331469161;0.9999069169350864;1.0;1.0024282064817225;0.9997896621656076;0.9999985413835742;1.0;1.0025680144999902;1.024999976158142;
2016-05-21 15:00:00;1.0;0.9999224863372274;1.0;0.9999781911854188;0.9995544616466423;0.999963310575199;1.0028581235636227;0.9999458960380808;0.9996626498430574;0.9999999999999999;0.9999984420896657;1.0027446252095635;1.0027608962081875;0.9999450717758254;0.9999774787328953;0.9999999999999999;0.999994263585647;0.9995531478551886;1.0009425416783995;0.9999245376018413;0.9999959675708946;1.0;0.9999956794383436;1.0028511389716595;1.002861380391092;0.9999999999999999;1.0;0.999969163898695;1.0014336346741548;1.0008161255436827;1.0003764504578223;1.0001437496552756;0.9995827960695235;1.0;0.999765957378594;0.9999329792202459;0.9999558186179345;1.0;1.0025987622148351;0.9995720683044221;0.9999969488838379;1.0;1.0027481490937566;1.024999976158142;
2016-05-21 15:15:00;0.9999999999999999;0.9999734869165937;0.9999999999999999;0.999992474948716;0.9998684039278645;0.9999893267818679;1.0025745472551182;0.9999849387161749;0.9999027458346038;1.0;0.9999970485097959;1.0025185183051812;1.0025271744007962;0.9999836205736827;0.999992327272148;1.0;0.9999973793264088;0.9998674436163592;1.0008483452824901;0.9999782783380612;0.9999972538149778;1.0;0.9999980009268459;1.0025705561664549;1.0025766915761403;1.0;0.9999999999999999;0.9999909902659926;1.001222479560855;1.0006430085591742;1.0002681054689906;1.0000749805821143;0.9998768951700621;1.0;0.9997564256689245;0.9998709235505013;0.9999218316414159;1.0;1.002340982600811;0.9998735642698915;0.9999979272229422;1.0;1.0025214251288472;1.024999976158142;
2016-05-21 15:30:00;1.0;0.9999463191988154;1.0;0.9999940786467559;0.9998276193796525;0.999990474851972;1.0026179978792809;0.9999840677393437;0.9998745828554209;1.0;0.999999019527813;1.0025419610166495;1.002553876152567;0.9999781236899733;0.9999844405544493;1.0;0.9999981570936919;0.9998273561014468;1.0008631933843046;0.9999719846642272;0.9999992183811495;1.0;0.9999986231028121;1.0026133993637667;1.0026200105319425;1.0;1.0;0.9999904454304895;1.0012845183698889;1.0007077714499728;1.000304640174172;1.000092109786763;0.9998345950450165;1.0;0.9997777514338871;0.9998740965239131;0.99992380872297;0.9999999999999999;1.0023799122255377;0.9998306997633868;0.9999994088012627;1.0;1.0025447656503435;1.024999976158142;
2016-05-21 15:45:00;1.0;0.9998934414877582;1.0;0.9999917255151421;0.999701565608062;0.9999864567315376;1.002760814382756;0.9999755769073714;0.9997860185615567;1.0;0.9999990139053335;1.002630396101116;1.0026493004637087;0.9999618521582936;0.9999690514604482;1.0;0.9999973650468916;0.9997011798048087;1.0009107319550365;0.9999521508904416;0.9999987528677124;1.0;0.9999980306592154;1.0027530116963408;1.0027641368034181;1.0;1.0;0.999984862969281;1.0013675679591407;1.000762579196213;1.0003408030971084;1.0001175506754008;0.999711431872147;0.9999999999999999;0.9997651189335277;0.9999017782923788;0.9999392019756222;1.0;1.0025094957480973;0.9997048034586072;0.9999990534371457;1.0;1.0026333459183006;1.024999976158142;
2016-05-21 16:00:00;1.0;0.9999842611303582;1.0;0.9999948878026297;0.9998989788452969;0.9999918256388599;1.0025771426218832;0.9999881028526154;0.9999245344751325;1.0;0.9999990830862056;1.0025332859940799;1.0025405412014405;0.9999881731789605;0.9999954220838291;1.0;0.9999984017259721;0.999898128783248;1.000849144170962;0.9999831456701327;0.9999975757799756;1.0;0.9999987622831392;1.002574422796339;1.0025785203188522;1.0;1.0;0.9999932511867082;1.0012054354136466;1.0006138127956816;1.0002480382363623;1.0000585937275175;0.9999063522313951;0.9999999999999999;0.9997403145907862;0.9998485486290707;0.9999092270198282;0.9999999999999999;1.002343264486879;0.9999037208170938;0.9999981697404655;0.9999999999999999;1.0025361659923027;1.024999976158142;
2016-05-21 16:15:00;1.0;0.9999521683326147;1.0;0.9999934990206282;0.9998400488739384;0.9999904035095085;1.0026246480211332;0.9999848068767463;0.9998839478427781;1.0;0.9999979066071474;1.002549519145056;1.002561264418723;0.9999796466424236;0.9999861524583438;1.0;0.9999977691127935;0.9998395006022822;1.000865199099744;0.9999740767825093;0.9999984163906682;0.9999999999999999;0.9999983171314749;1.002619802596424;1.002626948295472;1.0;1.0;0.9999907213161175;1.0012916347201015;1.0007165032650336;1.0003143196504507;1.0001030950094105;0.99984719712594;1.0;0.9997785315672416;0.9998943962731147;0.999934721115424;1.0;1.0023861974574964;0.9998434679885158;0.9999988025142459;1.0;1.0025526405175824;1.024999976158142;
2016-05-21 16:30:00;1.0;0.9998105534873583;1.0;0.999983741880039;0.9995108031643533;0.9999772193860158;1.0029351982258916;0.9999607539122741;0.9996519084928444;1.0;0.9999935952433185;1.0027219413684756;1.0027514117125507;0.9999347077836553;0.9999451091953032;1.0;0.9999941614332686;0.9995104894355228;1.0009687887214835;0.9999221244562474;0.9999987739735595;1.0;0.9999956742010311;1.0029210658894785;1.0029416623089311;1.0;0.9999999999999999;0.9999742193669754;1.0015060489144811;1.0008828308253759;1.000418170868139;1.0001699140628524;0.99952429276736;1.0;0.9997778294241718;0.9999565048250422;0.9999700439744059;1.0;1.0026676501963319;0.9995136568773523;0.999999065007016;1.0;1.002724947453048;1.024999976158142;
2016-05-21 16:45:00;1.0;0.9998613796971455;1.0;0.9999805592275408;0.9996346810630692;0.9999770721137278;1.0029717960790756;0.9999666472556203;0.9997395504647902;1.0;0.9999872241451842;1.002808906719192;1.002831418506904;0.9999475524025585;0.9999596745381111;1.0;0.9999924836053322;0.9996343979295548;1.000981364183507;0.99994168622585;0.9999988351865757;1.0;0.9999944395217535;1.002958902105099;1.0029784879166765;1.0;1.0;0.9999767378483112;1.0015157269243211;1.0008785309935828;1.000426926605171;1.0001856310058725;0.9996452420803259;1.0;0.9997566789166747;0.9999918785507791;0.9999906236852762;1.0;1.002701805879709;0.9996372461823965;0.9999991106515144;1.0;1.002811586544023;1.024999976158142;
2016-05-21 17:00:00;1.0;0.999888748335943;1.0;0.9999880905144595;0.999680375554834;0.9999827333592782;1.0027932025117448;0.9999716946660151;0.9997697910329693;1.0;0.9999959325469983;1.002658766126286;1.0026780915752045;0.9999576876363985;0.9999676768899567;1.0;0.9999959652283648;0.9996800924083773;1.000921763624771;0.9999485083531092;0.9999989974528251;1.0;0.9999970060152912;1.00278433592787;1.0027972825281666;1.0;0.9999999999999999;0.9999820059443351;1.0014194892266826;1.0008222278779866;1.0003879569710874;1.0001569116775175;0.999691236537007;1.0;0.999779715372961;0.9999575778609158;0.9999709262846912;0.9999999999999999;1.0025390876843385;0.9996841584821913;0.999999237685181;1.0;1.002661617362103;1.024999976158142;
2016-05-21 17:15:00;1.0;0.99990464593346;1.0;0.9999863287474731;0.999653949858999;0.9999779571691477;1.0028802963418297;0.9999651841679534;0.9997457649239576;1.0;0.9999979502582503;1.0027581397705285;1.0027755840362234;0.999956010102856;0.9999722766988252;1.0;0.9999959770314077;0.9996532333183878;1.0009500923477874;0.9999431216879943;0.9999977234485756;0.9999999999999999;0.9999969843329932;1.0028726726305544;1.0028837387323013;1.0;1.0;0.9999791353916714;1.001418833753672;1.000793144964494;1.0003604741449654;1.0001363189313692;0.9996701223105782;1.0;0.99975500202721;0.999932721399662;0.9999567490904652;1.0;1.002618438940838;0.9996621376656751;0.9999982759838469;1.0;1.0027610608377855;1.024999976158142;
2016-05-21 17:30:00;1.0;0.9999239303305685;1.0;0.9999775402782257;0.9995571953774073;0.9999624593851386;1.0029157498291852;0.9999451541945512;0.9996636505814178;1.0;0.9999981512065212;1.0028110625692548;1.0028260005408383;0.9999446755429822;0.9999779019142163;1.0;0.9999941819527303;0.9995562353647983;1.000961958539695;0.9999247268043977;0.9999969041853132;1.0;0.9999956440837271;1.0029091953139961;1.0029187912342064;1.0;1.0;0.9999685875891429;1.0014790486747411;1.000865381861835;1.0004142411615315;1.0001794641424833;0.9995851304368365;1.0;0.9997769884819263;0.9999906965000404;0.9999895719538091;1.0;1.0026510456158058;0.9995745670916113;0.9999976536516028;1.0;1.0028139569149728;1.024999976158142;
2016-05-21 17:45:00;1.0;0.9999289149039097;1.0;0.9999819602090247;0.9996297163295325;0.9999702521947316;1.0028908983481952;0.9999559982096217;0.9997209270153602;1.0;0.9999979981764385;1.0027912982481109;1.0028055772122353;0.9999537430736873;0.9999793527500308;0.9999999999999999;0.999995108688136;0.9996287685428745;1.000953427478769;0.9999375726211158;0.9999970527937599;1.0;0.9999963280577265;1.0028845993263849;1.0028938536720378;1.0;1.0;0.9999746321898668;1.0014005944880944;1.0007802325868156;1.000353265127604;1.0001414859193223;0.999652078667394;1.0;0.9997559602303934;0.9999581801756826;0.9999712134115529;1.0;1.0026283749319167;0.9996432521901849;0.9999977703506772;1.0;1.0027941789875308;1.024999976158142;
2016-05-21 18:00:00;1.0;0.9999227580491327;1.0;0.9999910036150542;0.9997523756102348;0.9999860098378376;1.0026671181288;0.9999770351162239;0.9998201848468345;1.0;0.9999979708792717;1.0025639649023592;1.0025793068240052;0.9999683969879916;0.999977629842183;1.0;0.999997102229394;0.9997518810880444;1.000879509246175;0.9999598168295624;0.9999985128197696;1.0;0.999997829324425;1.0026606383788823;1.0026700542095237;1.0;1.0;0.9999860495900783;1.001322698601297;1.0007417964442757;1.000345346278646;1.0001374000800545;0.9997625246841686;1.0;0.9997691942256123;0.9999562447834881;0.9999698139790136;1.0;1.002424598841307;0.9997568911264373;0.9999988759003012;0.9999999999999999;1.0025670167844776;1.024999976158142;
2016-05-21 18:15:00;1.0;0.9999563023796033;1.0;0.9999946234925194;0.9998540187003169;0.9999914676406229;1.0026153639948183;0.9999860818062215;0.9998935329071663;1.0;0.9999989843636958;1.002547835268113;1.0025587715102173;0.9999814166662554;0.9999872867324074;1.0;0.9999983251748005;0.9998537446803161;1.0008624600039273;0.9999762109130842;0.9999991809264344;1.0;0.9999987462433286;1.00261126590043;1.0026171821824599;1.0;1.0;0.9999916403334307;1.0012867562641488;1.0007188987297484;1.0003339363410741;1.000135196484985;0.9998602662371298;0.9999999999999999;0.9997728656303925;0.9999650316538785;0.9999749640680974;1.0;1.0023776859071758;0.9998569304998749;0.9999993799068856;1.0;1.0025507848423971;1.024999976158142;
2016-05-21 18:30:00;1.0;0.9999693777453644;1.0;0.9999938126296873;0.9998592902631617;0.9999898655620139;1.0025718209679053;0.9999845043387223;0.9998952717187364;0.9999999999999999;0.9999991790473223;1.0025154533566267;1.002524672370909;0.9999827340704187;0.9999910952085491;1.0;0.9999981864084447;0.9998587543077458;1.0008477815417216;0.9999766074562231;0.9999984531259769;1.0;0.9999986255929596;1.0025684133330148;1.0025733961786103;1.0;1.0;0.9999910894485795;1.0012689541322355;1.0007039675584994;1.0003280114543556;1.000130001549515;0.9998674207135243;1.0;0.9997693280446516;0.9999572633508022;0.9999706242485147;0.9999999999999999;1.0023382485553383;0.999864036263535;0.999998831824728;0.9999999999999999;1.0025183737169303;1.024999976158142;
2016-05-21 18:45:00;1.0;0.999932746719168;1.0;0.9999924641053478;0.9998021769131343;0.9999893219698914;1.0027089891119754;0.9999826115157481;0.9998580335889315;0.9999999999999999;0.999997089055524;1.0026165012751287;1.0026302438314016;0.9999742274260067;0.9999804531638801;1.0;0.9999972929449493;0.9998016608977671;1.0008932929224246;0.9999682684447497;0.9999984582431022;0.9999999999999999;0.9999979683921956;1.0027028877189037;1.0027118792155318;1.0;1.0;0.9999889903420252;1.0013407433941068;1.0007469587028694;1.0003596204876986;1.0001560993088507;0.9998095549066595;1.0;0.9997524227458561;0.9999940823309958;0.9999915625014341;1.0;1.0024627732774682;0.9998050481530432;0.9999988340446438;0.9999999999999999;1.0026193523907578;1.024999976158142;
2016-05-21 19:00:00;1.0;0.9999635173698226;1.0;0.999992231228149;0.9998588046609868;0.9999894456971667;1.0025712647240865;0.9999848401247118;0.9998965635560737;1.0;0.9999964097706573;1.0025072291846397;1.002517279641656;0.9999816060705156;0.9999894256210806;0.9999999999999999;0.9999972254949501;0.999858169166172;1.000847615427862;0.9999768958729758;0.9999981662031402;1.0;0.9999979103095119;1.0025666560086195;1.0025736604789977;1.0;0.9999999999999999;0.999990630385472;1.0012471222652826;1.0006733466962183;1.0003159454224917;1.0001294963700715;0.9998661881734986;1.0;0.9997493949790623;0.9999717921529003;0.9999787379918375;1.0;1.0023378813879278;0.9998628031618606;0.999998616307749;1.0;1.00251020550702;1.024999976158142;
2016-05-21 19:15:00;1.0;0.9999708913211971;1.0;0.9999919457601448;0.9998797199896877;0.9999898298525985;1.0025627396413492;0.9999862950413271;0.9999118777971064;1.0;0.9999953694821758;1.0025042172631558;1.0025135301430403;0.9999839191694201;0.9999915504912174;1.0;0.9999969794763277;0.9998790032872472;1.000844850907025;0.9999803152792341;0.9999979363667173;1.0;0.9999977232680695;1.0025581767114542;1.0025652537084286;1.0;1.0;0.9999913065229584;1.0012727160854524;1.0007138398487767;1.0003357267479291;1.000136743660669;0.9998865266156082;1.0;0.9997756234398754;0.9999669343752187;0.9999758051920038;1.0;1.002330323842384;0.9998835686480371;0.999998442675258;1.0;1.002507298081809;1.024999976158142;
2016-05-21 19:30:00;1.0;0.9999053698728043;1.0;0.9999905191317606;0.9997264516090933;0.9999857134789145;1.0027633812073595;0.9999760384983316;0.9998028759386345;1.0;0.9999973949136379;1.0026454117505965;1.002662765160699;0.9999641955224828;0.9999724801461679;0.9999999999999999;0.9999968739722482;0.9997261975275922;1.0009117841972952;0.9999559159002831;0.9999991269252445;1.0;0.9999976779158568;1.0027558840206734;1.0027667387648154;1.0;1.0;0.9999849570555119;1.0013939145131916;1.0008002138220735;1.0003829496447123;1.0001624036825538;0.999735849019631;1.0;0.9997716038359113;0.9999811229346595;0.9999841122944779;1.0;1.0025120076848655;0.9997297806345575;0.9999993358829353;1.0;1.002648332489473;1.024999976158142;
2016-05-21 19:45:00;1.0;0.999964744977637;0.9999999999999999;0.9999906627343588;0.9998282163653028;0.9999858693670685;1.0025352969834076;0.999979573173456;0.9998710746204076;0.9999999999999999;0.9999973855869992;1.0024764668315496;1.0024858174117548;0.9999780317733394;0.999989785205749;1.0;0.9999971370222319;0.9998277707921087;1.0008360242770278;0.9999712007417375;0.9999986994302797;1.0;0.9999978584155123;1.0025312536490956;1.0025373133836875;1.0;1.0;0.9999880128508035;1.0012680950743031;1.000724738984847;1.0003434480641367;1.0001448657100906;0.9998382349859584;1.0;0.9997906377887117;0.9999807736103241;0.9999843462171345;1.0;1.0023051064957682;0.9998341595340904;0.9999990169565979;1.0;1.0024791457679953;1.024999976158142;
2016-05-21 20:00:00;0.9999999999999999;0.9999791282438597;0.9999999999999999;0.9999926482929977;0.9998865840648664;0.9999896607399523;1.0025650017779788;0.9999858192466021;0.9999148681671298;1.0;0.9999970098414546;1.0025194288047543;1.0025270372394075;0.9999852867400089;0.9999939429534028;0.9999999999999999;0.999997558204389;0.9998860787410946;1.0008456071257366;0.9999809857785908;0.999998544175123;1.0;0.99999816468524;1.0025616369821082;1.0025668021782184;0.9999999999999999;0.9999999999999999;0.9999915127553701;1.0012548036395383;1.000708562316788;1.0003228619374114;1.0001300391508052;0.9998938293582942;1.0;0.9997918385206834;0.9999641056094845;0.9999748511953944;0.9999999999999999;1.0023322227769413;0.999891048503612;0.9999989008626504;1.0;1.0025221482858337;1.024999976158142;
2016-05-21 20:15:00;0.9999999999999999;0.9999876580177549;1.0;0.9999949537007135;0.9999225380045779;0.9999926571594743;1.002631382068178;0.9999899140039538;0.9999413003619194;1.0;0.9999982339641029;1.0025946177973348;1.002601517740853;0.9999900363008293;0.9999964050909409;0.9999999999999999;0.999998401466293;0.9999222333183698;1.0008673543524371;0.9999868917379067;0.9999991270213368;1.0;0.9999988003348363;1.0026288914930133;1.0026326487751578;1.0;1.0;0.9999940777538044;1.0012662701389818;1.0006980680468363;1.000313512419337;1.0001229679745267;0.999927740247697;0.9999999999999999;0.9997737763877274;0.9999567918042397;0.9999703576668708;1.0;1.0023924470743333;0.9999258379062341;0.9999993399049478;1.0;1.002597538388247;1.024999976158142;
2016-05-21 20:30:00;1.0;0.9999888145668941;1.0;0.9999943384277765;0.9999293115970719;0.9999924442241259;1.002575379631497;0.9999901717736503;0.9999461862123165;1.0;0.9999972113911932;1.0025412005996936;1.0025477429446543;0.9999903263158654;0.9999967391078303;1.0;0.999998094146846;0.9999291187548894;1.0008490779187778;0.9999879839546157;0.9999994447814033;1.0;0.9999985816490113;1.0025727670718547;1.0025767886625339;1.0;1.0;0.9999940281370846;1.0012793427783662;1.000724598544925;1.0003408219894425;1.0001416276400954;0.9999339668785627;1.0;0.9997840889936215;0.9999760056331537;0.999981426922511;1.0;1.0023415843638026;0.9999322590241879;0.9999995801401499;1.0;1.0025440052312602;1.024999976158142;
2016-05-21 20:45:00;1.0;0.9999756627792818;1.0;0.9999934020991138;0.9998830019513647;0.9999904730795214;1.0025591971588288;0.9999864339707722;0.9999130509075153;1.0;0.999997611428852;1.0025094063086832;1.0025175126347514;0.9999851634950998;0.9999929246018812;1.0;0.999997798448449;0.9998824062588816;1.0008435844991468;0.9999805796422157;0.999998287084028;1.0;0.9999983354353191;1.0025557410868187;1.0025609844487915;0.9999999999999999;1.0;0.9999919136306524;1.0012671337893861;1.000708649412868;1.0003308050255395;1.0001324317036944;0.9998901209304221;1.0;0.9997760690622238;0.9999606865776158;0.999972866359498;1.0;1.0023269025662795;0.9998872478287338;0.9999987072982552;1.0;1.0025121548651417;1.024999976158142;
2016-05-21 21:00:00;1.0;0.9999692296842793;1.0;0.9999936204408316;0.9998698294316173;0.9999909802200989;1.0025955608329435;0.9999867382539033;0.9999055581322892;1.0;0.9999974738115427;1.002535175472954;1.002543966691975;0.999984194919213;0.9999910668723364;1.0;0.9999976347139129;0.9998686302202496;1.000855057541753;0.9999789042258248;0.9999965654949324;1.0;0.9999981724199619;1.0025913976637042;1.0025977763651088;1.0;1.0;0.9999919700273827;1.0012895136327093;1.0007342312313274;1.000337247982615;1.0001325581670755;0.9998778096222073;1.0;0.9997916712679304;0.9999525416040731;0.9999683858393842;1.0;1.0023600577375757;0.9998744635514983;0.9999974102132474;1.0;1.0025378545662875;1.024999976158142;
2016-05-21 21:15:00;1.0;0.9999830293923999;1.0;0.9999925802726707;0.9998969446533019;0.9999897574547574;1.0025152431401632;0.9999863114133596;0.9999219330849833;0.9999999999999999;0.9999967479498224;1.0024738532122635;1.002481120379581;0.9999863554323113;0.9999950788211512;1.0;0.9999975391801659;0.9998965695143931;1.000829299891294;0.9999825665376327;0.9999989230599099;0.9999999999999999;0.9999981597937985;1.0025120683012858;1.002516969661341;1.0;1.0;0.9999917926593019;1.0012418564746046;1.000690982007264;1.0003201406711761;1.0001252903045623;0.9999037372433386;1.0;0.9997776707469573;0.9999531057393541;0.9999684811147054;1.0;1.0022870087325235;0.9999012249604725;0.9999991861198779;1.0;1.0024766576554243;1.024999976158142;
2016-05-21 21:30:00;1.0;0.9999731299204446;1.0;0.9999920713051119;0.9998791390165835;0.999989342289618;1.0025157401894333;0.9999854176273453;0.999909979292885;1.0;0.9999961982820134;1.0024635664899568;1.0024722998070448;0.9999837785668234;0.9999922059920494;1.0;0.9999972683060971;0.9998787638843549;1.0008296458729304;0.9999798918625331;0.9999989102230629;1.0;0.9999979601256279;1.0025117886294324;1.00251784104687;1.0;1.0;0.9999910281813219;1.0012571384260478;1.0007124615080953;1.0003341510471806;1.0001347078101652;0.9998859463745879;1.0;0.9997874734107096;0.9999623576252318;0.999973504195671;1.0;1.0022874728418787;0.9998830702770557;0.9999991760876557;1.0;1.0024664866991122;1.024999976158142;
2016-05-21 21:45:00;1.0;0.9999630198661523;1.0;0.9999910474865268;0.9998479842373947;0.9999875052652872;1.0025686982054485;0.9999823030122659;0.9998868224767001;1.0;0.999996266242818;1.0025062085988947;1.0025166547668234;0.9999795583625962;0.9999892467272942;1.0;0.9999970533746536;0.9998477914108966;1.0008473888253675;0.9999747108396478;0.9999994038371023;1.0;0.9999978144778796;1.0025641832316177;1.0025709779471426;0.9999999999999999;1.0;0.9999891741323071;1.0013038076022924;1.0007565526726954;1.0003540390873271;1.0001406951871556;0.9998557154192305;1.0;0.9998013823570913;0.999953882149719;0.9999683019311629;1.0;1.002335540609875;0.9998522109831085;0.9999995481167253;1.0;1.0025093589550438;1.024999976158142;
2016-05-21 22:00:00;1.0;0.9999121468465814;1.0;0.9999890675360483;0.9997260975004808;0.9999837447838655;1.0026431873060238;0.9999740051563983;0.9998006929994478;1.0;0.9999966814661019;1.0025327586428399;1.0025491980326688;0.999963947315316;0.9999745113318329;1.0;0.9999964615097331;0.9997259353670855;1.0008722591910721;0.9999554440385088;0.999999413797183;1.0;0.9999973803405376;1.0026359471570914;1.0026465044923056;1.0;1.0;0.9999839017673859;1.001366970513236;1.0008135458059793;1.000392283828103;1.0001678261449602;0.9997364858223857;1.0;0.9998080065890305;0.9999842205465015;0.999985888295816;0.9999999999999999;1.0024028257456896;0.9997303951410041;0.9999995536827351;0.9999999999999999;1.0025356655077962;1.024999976158142;
2016-05-21 22:15:00;1.0;0.999926742618746;1.0;0.9999901511432419;0.9997568867689772;0.9999851456331589;1.0026447174956015;0.9999764812579665;0.9998228040262671;1.0;0.9999972515402836;1.0025457765616403;1.002560530007295;0.9999685786752986;0.9999787423707106;1.0;0.9999968126879045;0.999756419759978;1.0008724101789321;0.9999603910498785;0.9999985734439306;0.9999999999999999;0.9999976178220268;1.0026382919650825;1.0026477081137366;1.0;1.0;0.9999856106923884;1.0013161531302883;1.0007698615428684;1.0003506150426194;1.0001426714924142;0.9997672286979736;1.0;0.9998129988818026;0.9999640667426078;0.9999743355080616;1.0;1.002404387371406;0.999761680580947;0.999998919254242;1.0;1.0025487724002093;1.024999976158142;
2016-05-21 22:30:00;1.0;0.9999356311611249;1.0;0.9999864577094539;0.9997467983770107;0.9999809460399744;1.002659426274798;0.9999724096937608;0.9998135351725999;1.0;0.9999945703098072;1.0025569789681519;1.0025726567203037;0.9999669181716783;0.9999813159703915;1.0;0.9999954081303553;0.9997459301038668;1.0008770572848436;0.999958321964259;0.9999974273870624;1.0;0.999996554356584;1.0026521109336108;1.0026631670782535;1.0;1.0;0.9999830627947351;1.0013655179481775;1.000807691588847;1.000386663632825;1.000164303483234;0.9997598741374597;1.0;0.9998043935610726;0.9999813950081103;0.999982126303185;1.0;1.0024182532618444;0.9997538851924722;0.9999980564086589;1.0;1.0025610974534949;1.024999976158142;
2016-05-21 22:45:00;1.0;0.9999581045016902;1.0;0.999989701508593;0.9998156887514965;0.9999853136137872;1.0025796605956474;0.9999790238057814;0.9998634192929131;1.0;0.9999960837641161;1.0025097369300706;1.002520334163033;0.999976200075795;0.9999878279615544;1.0;0.999996558041089;0.9998149291246669;1.0008506088620992;0.9999694791065931;0.999997784283767;1.0;0.9999974096095077;1.0025746046419761;1.002582299121199;1.0;1.0;0.9999873148516092;1.001298262782127;1.000759433084881;1.0003491092067025;1.0001391732680158;0.9998261384603153;1.0;0.9998134919943096;0.9999555920948557;0.9999697272416591;1.0;1.0023456226098058;0.999821697649635;0.9999983253457692;1.0;1.002512630406093;1.024999976158142;
2016-05-21 23:00:00;1.0;0.999967282077279;1.0;0.9999897505542713;0.9998413274692837;0.9999855996879239;1.0025356256985347;0.9999801339921264;0.9998805471002068;1.0;0.9999958325759747;1.002478325567389;1.002487862820054;0.9999786949080419;0.9999904875481639;0.9999999999999999;0.9999966943590477;0.9998410840933005;1.000836532011198;0.9999733086123322;0.9999992573003766;1.0;0.999997546298737;1.0025312848498633;1.0025378961257299;1.0;1.0;0.9999879949012278;1.0012818145839366;1.0007496338520818;1.0003492165445702;1.0001419513567014;0.9998503659963682;0.9999999999999999;0.9998125197088036;0.9999637591679955;0.9999742445239939;1.0;1.0023055585854703;0.9998466520241461;0.9999994374610421;1.0;1.0024812749371703;1.024999976158142;
2016-05-21 23:15:00;1.0;0.9999771028428878;1.0;0.9999907275091624;0.9998643436189911;0.9999866824717577;1.002475137634529;0.999981849579057;0.9998964995671629;1.0;0.9999965493861769;1.0024284648993789;1.002436745151026;0.9999819141128538;0.9999933641314623;1.0;0.9999971208876077;0.9998641814631756;1.000816481819511;0.9999768831702284;0.9999995132718258;0.9999999999999999;0.9999978663986251;1.0024716212414178;1.0024769782288387;1.0;0.9999999999999999;0.9999892529045664;1.0012786490476202;1.0007578444405323;1.0003629457901952;1.0001512859338868;0.9998728045008046;1.0;0.9998186037433368;0.9999736952203664;0.9999798618575799;1.0;1.0022505467970255;0.9998696119006529;0.9999996315348949;1.0;1.0024314141224662;1.024999976158142;
2016-05-21 23:30:00;0.9999999999999999;0.9999782627923969;1.0;0.9999908326944826;0.9998775774161537;0.9999878519654289;1.0024846366726947;0.9999840195471338;0.9999080234279457;1.0;0.999995396716362;1.0024374025647924;1.002445049229695;0.9999836017139077;0.9999936851293552;1.0;0.999996811625399;0.9998769924619384;1.000819316789401;0.9999794540520677;0.9999983076877207;1.0;0.9999976087865837;1.0024807322297218;1.0024868553655477;1.0;1.0;0.9999902080023239;1.0012603963512818;1.0007271478465647;1.0003472932738884;1.0001447421700134;0.9998855691743351;1.0;0.9997978751667369;0.9999747352998106;0.9999809327602072;0.9999999999999999;1.0022593478355803;0.9998825476945323;0.999998723011125;1.0;1.0024400813968461;1.024999976158142;
2016-05-21 23:45:00;1.0;0.999982673190263;1.0;0.9999930852662734;0.9998984425716705;0.9999902035060027;1.0024348530977438;0.9999866963208514;0.9999230676616456;1.0;0.9999972749909293;1.0023937487956582;1.0024010697733459;0.9999866004371504;0.9999949542954621;1.0;0.9999977811964451;0.9998981378928047;1.000803126165923;0.9999828153613807;0.9999991136972544;1.0;0.9999983431242717;1.0024318421046676;1.002436438253648;1.0;1.0;0.999992067294255;1.0012390615359341;1.0007213926002771;1.0003425925288547;1.0001416560098886;0.9999049707731893;1.0;0.9998101962510869;0.999971371322034;0.9999788070331128;1.0;1.002213985182572;0.9999025166918218;0.9999993294954814;1.0;1.0023965530147252;1.024999976158142;
2016-05-22 00:00:00;1.0;0.9999767434720831;0.9999999999999999;0.9999929125224613;0.9998773360978107;0.999989659292937;1.002451293899898;0.9999853956594131;0.9999084865172115;0.9999999999999999;0.9999975600342341;1.0024008385767413;1.0024090404177926;0.9999845984388954;0.9999932526811437;1.0;0.9999976634637455;0.999876639303616;1.0008081332341676;0.999979559501305;0.9999979980917336;0.9999999999999999;0.9999982288473404;1.0024477857413796;1.00245312951461;1.0;1.0;0.999991368033113;1.0012362837994577;1.0007098886832686;1.0003331475989994;1.0001335704991023;0.9998852445408908;1.0;0.9998015467560516;0.9999597690286327;0.9999721135737611;1.0;1.0022289474820776;0.9998821921693933;0.9999984891756488;1.0;1.0024037181944794;1.024999976158142;
2016-05-22 00:15:00;1.0;0.9999768161033239;1.0;0.9999916073538985;0.9998719629575721;0.9999881561247064;1.0024325628221051;0.9999837818011513;0.9999035999059358;0.9999999999999999;0.9999966344757144;1.002383288913907;1.0023915313295728;0.9999833049442266;0.9999932716884442;1.0;0.9999972421552937;0.9998714668126141;1.0008022135348973;0.9999784680752972;0.9999985680760475;1.0;0.9999979323657929;1.002428890626623;1.0024345274637665;1.0;1.0;0.9999903116182988;1.0012449274722335;1.0007275706129382;1.0003462556726646;1.0001422219261655;0.9998801104029857;1.0;0.9998121128234648;0.9999681966453488;0.9999768298139516;1.0;1.0022119422147848;0.9998769937069224;0.9999989181719471;1.0;1.002386195345473;1.024999976158142;
2016-05-22 00:30:00;1.0;0.9999613582389765;1.0;0.9999927339041382;0.9998359025633271;0.999988413873497;1.0024747699993852;0.9999822933265763;0.9998784224760789;1.0;0.9999986817926758;1.0024093501932747;1.0024197912059698;0.9999795239310469;0.9999887631102163;0.9999999999999999;0.9999978085166914;0.9998353467147323;1.0008161546891199;0.9999728340058786;0.9999983723959686;0.9999999999999999;0.9999983456471624;1.0024707006524545;1.0024766714978035;1.0;1.0;0.9999896441260405;1.001274563897192;1.0007519757090597;1.0003615224759412;1.0001524554106809;0.9998448574875177;1.0;0.999813581175951;0.9999786005908603;0.9999824874192346;1.0;1.0022501334398126;0.9998409509503834;0.9999987704559401;1.0;1.0024123822056716;1.024999976158142;
2016-05-22 00:45:00;1.0;0.9999691593322416;1.0;0.9999928187387115;0.9998619091689925;0.9999891809725937;1.0024332992665248;0.9999841651301776;0.9998970097088189;1.0;0.9999979385560375;1.0023788165010197;1.0023877948297435;0.99998229039404;0.9999910380275598;1.0;0.9999977671031225;0.9998615447781589;1.0008026083648884;0.9999769922028864;0.9999989318028611;1.0;0.999998328547556;1.0024296723742054;1.0024350678924696;1.0;1.0;0.9999906307194371;1.0012638536168321;1.0007560842275016;1.000363737456381;1.000153780793325;0.9998695843890361;1.0;0.9998274934970363;0.9999795795433413;0.999983498939065;0.9999999999999999;1.0022124455906172;0.9998663198377271;0.999999192569429;1.0;1.002381591563567;1.024999976158142;
2016-05-22 01:00:00;0.9999999999999999;0.9999665604600263;1.0;0.999993244123626;0.9998505156940151;0.9999890680024733;1.0024284680880504;0.9999833754690289;0.9998885421887852;1.0;0.999998951466491;1.0023702779440213;1.002379854173409;0.9999813331134251;0.9999902743287196;1.0;0.9999980378040857;0.9998501099272814;1.000800958401935;0.999975100924565;0.9999988157933212;1.0;0.9999985251832876;1.002424900907785;1.0024301054094447;1.0;1.0;0.9999903740407274;1.0012657382139962;1.0007601270054982;1.0003643095555736;1.000151831462343;0.9998588213858846;1.0;0.9998316473547468;0.9999728999374689;0.9999794640219474;1.0;1.0022080049726763;0.9998552852543211;0.9999991044118893;1.0;1.002373197881424;1.024999976158142;
2016-05-22 01:15:00;1.0;0.9999652584775102;0.9999999999999999;0.9999931590204363;0.9998553631888254;0.9999893048695119;1.0024078547741784;0.9999838725768094;0.9998921738488953;1.0;0.9999984982443761;1.0023516955471692;1.002361042868156;0.999981400844472;0.9999899022292208;0.9999999999999999;0.9999979827596438;0.9998551902714146;1.000794425988113;0.9999759106624905;0.999999472001741;1.0;0.99999850093697;1.0024042887539644;1.00240949382574;1.0;1.0;0.9999905092957019;1.0012633240504405;1.0007648249070171;1.0003696980563352;1.0001569640757826;0.9998627737410342;1.0;0.9998371354781493;0.9999810421740493;0.9999844501524877;1.0;1.0021892103427374;0.9998594408613222;0.9999995996548757;1.0;1.0023544010135854;1.024999976158142;
2016-05-22 01:30:00;1.0;0.9999703118013815;1.0;0.9999941200779949;0.9998682486382919;0.9999902934637391;1.0023276396808398;0.9999851445176208;0.9999013153714147;1.0;0.9999993062413667;1.002276336615085;1.0022851610154813;0.9999834004456741;0.999991388370461;1.0;0.9999983797460258;0.9998680864818431;1.0007679288586768;0.9999779576751433;0.9999995140881182;1.0;0.9999987943177618;1.002324581905817;1.0023289801461022;1.0;1.0;0.9999914543300722;1.0012575689933152;1.0007938790325848;1.0003880793320745;1.0001691100435564;0.99987531397738;1.0;0.9998739108032858;0.9999929950462584;0.9999910817524487;1.0;1.0021162871988192;0.9998722635118836;0.9999996321735553;0.9999999999999999;1.0022791113939191;1.024999976158142;
2016-05-22 01:45:00;1.0;0.9999734970078967;1.0;0.9999950461104339;0.9998951820936364;0.9999925599883873;1.0022965428007438;0.9999887744803212;0.9999225481191977;0.9999999999999999;0.999998542745088;1.0022469845751114;1.0022554688589356;0.999986594025574;0.9999922881782426;1.0;0.9999984119886058;0.9998949080623545;1.0007575213031819;0.999982703958596;0.999999210838857;1.0;0.9999988102382456;1.0022933762418726;1.0022980384698468;1.0;1.0;0.9999933111089915;1.0012410913926397;1.000782131028093;1.0003808669666552;1.0001635576952879;0.9999005089264934;1.0;0.9998749306895308;0.9999858571154664;0.9999869960863981;1.0;1.002088093279918;0.9998980563444743;0.9999994032924553;1.0;1.0022497883836021;1.024999976158142;
2016-05-22 02:00:00;1.0;0.9999729870048185;1.0;0.999995561163992;0.9998991566731821;0.9999938262860579;1.0022899528086553;0.9999905959565961;0.9999277303960302;0.9999999999999999;0.9999981186552062;1.002234284583701;1.0022428255475435;0.9999878317962531;0.9999921581529179;1.0;0.9999982602365728;0.9998981779888323;1.0007547619278108;0.999983861013934;0.999997208920071;1.0;0.9999986489673436;1.0022862635788485;1.0022918572510424;0.9999999999999999;1.0;0.9999942275957117;1.0012412653080582;1.0007876947595764;1.0003845195903602;1.0001672798477501;0.9999048986987221;0.9999999999999999;0.999880731327545;0.9999921590600032;0.9999905581351084;0.9999999999999999;1.0020823114766173;0.9999023139443061;0.999997894886948;0.9999999999999999;1.0022370883566631;1.024999976158142;
2016-05-22 02:15:00;1.0;0.9999710301244612;1.0;0.9999951972899743;0.9998944184544152;0.9999936155725192;1.0022246510106254;0.9999903885321308;0.9999248455269286;1.0;0.9999976125756839;1.0021650123935226;1.0021739276219888;0.9999872857658406;0.9999916146626613;1.0;0.9999980187382203;0.9998932590316979;1.0007331170296567;0.9999832182783346;0.9999966973522338;1.0;0.9999984582833322;1.0022205834398352;1.0022268038313957;1.0;1.0;0.9999940064411313;1.0012266854677254;1.0007996500249445;1.000396611083955;1.0001809160142054;0.9999004846044469;0.9999999999999999;0.9999031742752849;1.0000170326626316;1.0000044835155544;0.9999999999999999;1.0020230256670641;0.9998977413356991;0.9999975098127196;0.9999999999999999;1.002167891333798;1.024999976158142;
2016-05-22 02:30:00;1.0;0.999978333965523;1.0;0.9999967651053647;0.9999209619833856;0.9999950555739001;1.0022006005481972;0.9999922195682366;0.9999423288627426;1.0;0.9999991500401644;1.0021552426259648;1.0021632070481736;0.9999901294687771;0.999993710715396;1.0;0.9999989232629292;0.9999206373902498;1.0007258577718818;0.9999871231431479;0.9999990741944719;1.0;0.999999183559202;1.0021978447530275;1.002201872748294;1.0;1.0;0.9999953560111013;1.001208437363513;1.0007932367266639;1.0003866882039476;1.0001732109559573;0.9999248653188104;1.0;0.999915648495149;1.0000069989152494;0.9999988470723111;1.0;1.002000921548747;0.9999229881527966;0.9999993003656688;1.0;1.0021581021442199;1.024999976158142;
2016-05-22 02:45:00;1.0;0.9999732737135048;1.0;0.9999966080081313;0.9999155344762762;0.9999950520803637;1.0021832182078505;0.9999920792028593;0.9999387544350781;1.0;0.9999988308521051;1.0021343014866901;1.0021428502432055;0.9999890503841911;0.9999922505849616;1.0;0.9999988381989123;0.9999153723121583;1.0007203089698327;0.9999863244176667;0.9999995310225818;1.0;0.9999991322469829;1.0021801760812192;1.0021846071033513;1.0;1.0;0.9999951291023493;1.0012058931436736;1.0008036674288765;1.000386395130066;1.0001696443764097;0.9999189323347595;1.0;0.9999337713482052;0.9999965614427649;0.9999929989807328;1.0;1.001985055831195;0.9999170134323737;0.9999996454204997;1.0;1.0021371318375192;1.024999976158142;
2016-05-22 03:00:00;1.0;0.9999751494628067;1.0;0.9999958095152235;0.9999161818005706;0.9999943293593994;1.0021445706151695;0.9999915536456725;0.9999389690958704;1.0;0.9999980299233533;1.002094788344184;1.0021035974675794;0.9999889332604768;0.9999928076468421;1.0;0.9999984964663521;0.999915958318085;1.000707564447047;0.9999863737803343;0.9999993613837127;1.0;0.9999988760533924;1.0021412739648357;1.0021461665383267;1.0;1.0;0.9999947280780325;1.001210130209288;1.0008281010104063;1.0004048820690703;1.0001847991747863;0.9999198859749463;1.0;0.9999548932425261;1.0000175665592652;1.000004378693151;1.0;1.0019500446862863;0.9999179513263472;0.9999995170786766;0.9999999999999999;1.0020978947611285;1.024999976158142;
2016-05-22 03:15:00;1.0;0.9999805749412213;1.0;0.9999954330824049;0.9999274252285669;0.9999943812839093;1.002159496915353;0.9999923063736313;0.9999474739935296;1.0;0.9999971941610661;1.002113494738895;1.0021213881007207;0.9999903918398696;0.9999943563949723;1.0;0.9999982053993007;0.9999269198841545;1.0007123028330684;0.9999882717373312;0.999998558867996;1.0;0.9999986417396914;1.0021561714031073;1.0021612604208996;1.0;1.0;0.9999950545877688;1.0012538589397442;1.0008719653179747;1.000439073483541;1.000206878817057;0.9999313270643114;1.0;0.9999614141297029;1.000038577043628;1.0000164886389804;1.0;1.0019637817916105;0.9999295311602819;0.9999989123548537;1.0;1.0021164698923255;1.024999976158142;
2016-05-22 03:30:00;1.0;0.9999805740635014;0.9999999999999999;0.9999974551735743;0.9999302441771338;0.9999961029516077;1.00212510802583;0.9999936786310051;0.9999498220878683;1.0;0.9999993403117952;1.0020802179012114;1.0020879337545132;0.9999916554493895;0.99999435964117;1.0;0.9999990711957715;0.9999297097473571;1.000700823391945;0.999988797495222;0.9999984778371879;1.0;0.9999992778880431;1.0021224177062138;1.0021263770095932;0.9999999999999999;0.9999999999999999;0.9999962229826571;1.0012344830891136;1.0008545766675445;1.0004305730326104;1.0002009974162611;0.9999339335654454;1.0;0.9999572173506417;1.0000321574146083;1.000013032360745;1.0;1.0019323795468609;0.9999321973634525;0.9999988521649644;1.0;1.002083096597896;1.024999976158142;
2016-05-22 03:45:00;1.0;0.9999760944601465;1.0;0.9999967899701339;0.9999081871040032;0.9999949950126785;1.0021414333882848;0.9999918508697053;0.999934290753939;1.0;0.999999276195218;1.002089079545854;1.0020972261407728;0.9999894727343881;0.999993058459235;0.9999999999999999;0.9999987733274617;0.9999071976710052;1.0007058622728675;0.9999853276971884;0.9999971849643602;0.9999999999999999;0.9999990264200087;1.0021382502245266;1.0021430044801005;1.0;1.0;0.9999951853575143;1.0012455929459634;1.0008626631140491;1.0004358855799744;1.0002044726961414;0.9999136376059056;1.0;0.9999564678197439;1.0000355461444563;1.0000150824733087;1.0;1.0019473103371825;0.9999112469410146;0.9999978765414534;1.0;1.002091882912602;1.024999976158142;
2016-05-22 04:00:00;1.0;0.9999836801367278;1.0;0.9999967058757862;0.9999296363307326;0.9999955375337359;1.002128505011672;0.9999934226294437;0.9999499167744187;1.0;0.9999984586687357;1.0020823811346895;1.0020897009986438;0.9999919646211931;0.9999952665404406;0.9999999999999999;0.9999986154339446;0.9999285855856753;1.0007015158091963;0.9999888191870615;0.9999970187939364;1.0;0.9999989057380297;1.0021254693968253;1.0021301238453657;1.0;0.9999999999999999;0.9999959904071274;1.0012366116580396;1.0008536309400318;1.0004310278823645;1.0002011352879823;0.9999344712297186;1.0;0.9999536644105432;1.0000319664832225;1.0000129244461478;1.0;1.0019356791802039;0.9999325288546315;0.9999977509093319;1.0;1.0020852598375884;1.024999976158142;
2016-05-22 04:15:00;1.0;0.9999904745678491;1.0;0.999996593494342;0.9999509577185566;0.9999956885665431;1.0020789809914517;0.9999943039689566;0.9999641400349354;1.0;0.9999980451716592;1.002043450584038;1.0020499131696166;0.9999938118710437;0.9999972292369741;1.0;0.9999986742470462;0.999950420150207;1.0006856704663196;0.9999919958829986;0.999998479508822;1.0;0.9999989850751739;1.0020764939635178;1.0020803176457702;1.0;1.0;0.9999964557460497;1.0012019925798197;1.0008259563280466;1.0004147405139594;1.0001914215472163;0.9999543858126716;1.0;0.9999520313944256;1.0000243642521938;1.0000086275130937;1.0;1.001890620563875;0.999953081848854;0.9999988514205831;1.0;1.0020463291751003;1.024999976158142;
2016-05-22 04:30:00;1.0;0.9999955314981466;1.0;0.9999968053486086;0.9999582445596547;0.9999962082418467;1.0020651080236205;0.9999953232483703;0.9999703703037631;1.0;0.9999978700458888;1.002028095104621;1.0020343297977115;0.9999955107585864;0.9999987023768945;1.0;0.9999985583559152;0.9999571034073199;1.0006805565577328;0.9999933876659953;0.9999967665287939;1.0;0.9999988573295214;1.002062458522526;1.002066658858431;1.0;1.0;0.999997081352125;1.0011855105560221;1.0008109611858709;1.0004093698140415;1.0001930369924361;0.9999625411398075;1.0;0.999946904279764;1.0000363985330807;1.0000150229568066;1.0;1.0018782445911536;0.9999611792278468;0.999997561123878;1.0;1.0020312013148216;1.024999976158142;
2016-05-22 04:45:00;1.0;0.9999949536747228;1.0;0.9999980372615122;0.9999471830751133;0.9999970262158757;1.0020716013778403;0.9999955824753026;0.9999635748014276;1.0;0.9999994551678374;1.0020299769865852;1.0020359188937513;0.9999957931401444;0.999998533750537;1.0;0.9999989505703013;0.9999452819753651;1.000682007225389;0.9999918695453767;0.9999946175946796;1.0;0.9999990931463676;1.0020690425592667;1.002073096421706;1.0;1.0;0.9999975660201911;1.0011987556877215;1.0008240386382627;1.0004192418086681;1.0001994030793566;0.9999532560916138;1.0;0.9999488826214182;1.000042436965554;1.0000187946180261;1.0;1.001884236888649;0.9999513772347449;0.9999959386390875;1.0;1.0020328823937152;1.024999976158142;
2016-05-22 05:00:00;1.0;0.9999958208736146;1.0;0.9999972994943813;0.999946451348576;0.9999966349998247;1.002081376693438;0.9999955324657307;0.9999637921626067;1.0;0.9999983930553369;1.002037215875699;1.002043048089214;0.99999581000987;0.9999987850731639;0.9999999999999999;0.9999984821217066;0.9999441580790049;1.0006849288310147;0.9999919181333482;0.9999935025367078;1.0;0.9999987203497359;1.0020783557328106;1.0020832625954208;1.0;0.9999999999999999;0.9999973629496034;1.0012035972223283;1.0008247770883807;1.000414205189289;1.0001902059118462;0.9999531844388496;1.0;0.9999492280113591;1.0000214112758763;1.0000069105905296;1.0;1.0018932954354076;0.9999511528154538;0.9999950987807168;1.0;1.0020401213038184;1.024999976158142;
2016-05-22 05:15:00;1.0;0.9999901125643254;1.0;0.9999969392987732;0.9999568942402922;0.9999961010340817;1.0020552790651605;0.9999947967459069;0.9999680414055917;1.0;0.9999982719616709;1.0020214923665132;1.002028228144276;0.9999941268035127;0.9999971275332667;1.0;0.9999988880550815;0.999956732069467;1.0006781663662985;0.9999928674212724;0.9999995402399396;1.0;0.9999991689976511;1.0020529889310634;1.002056430593008;1.0;1.0;0.9999967389233243;1.001188952677623;1.0008179766080874;1.000409435027387;1.0001876751851977;0.9999593059331899;1.0;0.9999545646210164;1.0000201380441114;1.0000060148006031;1.0;1.001868971609388;0.9999582729258196;0.9999996526261846;1.0;1.0020244963511924;1.024999976158142;
2016-05-22 05:30:00;1.0;0.9999904731008066;1.0;0.9999970810148625;0.9999563409619101;0.9999962590410288;1.0020462162469843;0.9999949649354456;0.9999679547245036;1.0;0.9999983789970394;1.0020119934830798;1.0020185551036034;0.9999943372930735;0.9999972358149571;0.9999999999999999;0.9999989008119511;0.999956007180717;1.0006750387329886;0.9999928481093544;0.9999990539615115;1.0;0.99999916636753;1.0020439133512933;1.002047397275496;1.0;1.0;0.9999968648928093;1.001191832609593;1.0008248019094086;1.0004183470814902;1.0001970151724073;0.9999590605989842;1.0;0.99995654298698;1.0000364291498052;1.0000153471600908;1.0;1.0018607722158663;0.999957955198409;0.999999285937039;1.0;1.002014927942185;1.024999976158142;
2016-05-22 05:45:00;1.0;0.9999894609671217;1.0;0.999997611335369;0.9999525290372206;0.9999967665842914;1.0020362197734354;0.9999953283470753;0.9999659729460029;1.0;0.9999988781876384;1.0019985007250665;1.0020052147801157;0.99999448491024;0.9999969430703493;1.0;0.9999990283517067;0.9999518720110862;1.0006714633134817;0.9999924052869342;0.9999981379829314;1.0;0.9999992377126975;1.0020338236639093;1.0020374499848814;1.0;1.0;0.9999971605512418;1.001189363919868;1.0008256737092005;1.0004226869450406;1.0002033052227817;0.9999558078247174;0.9999999999999999;0.9999570975123011;1.0000496218628028;1.0000227789102774;1.0;1.0018517404870007;0.999954509701034;0.9999985950192992;1.0;1.0020014486831654;1.024999976158142;
2016-05-22 06:00:00;1.0;0.9999953885776416;1.0;0.9999965206095104;0.9999568036843468;0.9999957476648963;1.0020291767636509;0.9999947290397437;0.999968686317975;1.0;0.9999978237912172;1.0019948388891906;1.002000805661365;0.9999950281248854;0.9999986545374049;1.0;0.9999985395857918;0.9999558755000756;1.0006689394356165;0.9999930115198726;0.9999973672984849;0.9999999999999999;0.9999988584268353;1.0020266778629632;1.0020306269983055;1.0;0.9999999999999999;0.9999967402545777;1.0011854787922443;1.0008244059254787;1.0004205655447436;1.000201295824477;0.9999609506771647;1.0;0.9999599009404533;1.0000463938142068;1.0000209545214878;1.0;1.0018455235600507;0.9999596245274359;0.9999980148202398;1.0;1.0019977868365162;1.024999976158142;
2016-05-22 06:15:00;1.0;0.9999928579407177;1.0;0.9999981460683873;0.9999614011022321;0.9999974883073455;1.0020335647319287;0.9999963890918332;0.9999727216642764;1.0;0.9999991316448049;1.0019990801082779;1.0020051006538153;0.9999959336505564;0.9999979260929427;1.0;0.9999991749569028;0.9999605847913715;1.0006703908551915;0.9999939128317195;0.9999976836140794;1.0;0.9999993346081328;1.002031408070808;1.0020347039143263;1.0;1.0;0.999997840446556;1.0011812158330078;1.0008144544666544;1.0004162165851873;1.0001993355139738;0.9999646220185539;1.0;0.999951326538265;1.0000462688594065;1.0000211429733963;1.0;1.0018493503243955;0.9999634631363373;0.9999982539407586;1.0;1.0020018832232505;1.024999976158142;
2016-05-22 06:30:00;1.0;0.9999838965706792;1.0;0.9999977343651636;0.9999480216708991;0.999996835753422;1.0020521458428642;0.9999950752930358;0.9999623908164065;1.0;0.9999990509755785;1.0019990920249922;1.0020099034680234;0.9999932686766061;0.9999953301416634;1.0;0.9999991871039432;0.9999478595015128;1.000677225137874;0.9999916052401004;0.9999995389470753;1.0;0.9999993894281485;1.0020490352918938;1.0020535370413386;1.0;1.0;0.9999969441861307;1.0011976192336884;1.0008286440799254;1.0004228629901966;1.0002010533772634;0.9999502393852308;1.0;0.9999544447820029;1.0000425883524309;1.0000154803602475;1.0;1.001866280366214;0.9999490354608618;0.9999996516159853;1.0;1.0020038994976062;1.024999976158142;
2016-05-22 06:45:00;1.0;0.9999891733656523;1.0;0.9999974464816495;0.9999576716314624;0.9999967643233503;1.0020976827243013;0.9999955114920318;0.9999692943968216;1.0;0.9999985396939367;1.0020498993942597;1.0020596932671841;0.9999945145701566;0.9999968538831422;1.0;0.9999990108479612;0.9999573577623676;1.0006920464695759;0.9999931470422079;0.9999991107752276;1.0;0.9999992488719199;1.0020947236713436;1.0020991042125613;1.0;1.0;0.9999971658702351;1.0012255266555647;1.000850452681039;1.0004340507182146;1.000207093072092;0.9999600484198249;1.0;0.9999563033602666;1.0000459135081932;1.0000177057068573;1.0;1.0019077416954125;0.9999589908888139;0.9999993285858134;1.0;1.0020545137775743;1.024999976158142;
2016-05-22 07:00:00;1.0;0.9999914849371221;1.0;0.9999963584669999;0.9999521892707882;0.9999954412098293;1.0021064217423648;0.9999941212610487;0.9999647827510741;1.0;0.9999978503458335;1.0020719781935277;1.0020783593061227;0.9999938447795483;0.9999975284731232;1.0;0.9999986007977316;0.9999516930860212;1.0006947261005685;0.9999921394984946;0.9999985946485075;1.0;0.9999989338368858;1.0021039507958904;1.0021077654606976;0.9999999999999999;1.0;0.9999963331992119;1.0012397317617807;1.000867017139917;1.0004442020292068;1.0002133909837463;0.9999556211664232;1.0;0.9999625536968729;1.0000513741244308;1.0000238458194037;1.0;1.0019155657207395;0.9999543536103146;0.9999989389294395;1.0;1.0020748837224411;1.024999976158142;
2016-05-22 07:15:00;1.0;0.9999935804488841;1.0;0.9999948840187626;0.9999299774048154;0.9999924977047298;1.0021490381224616;0.9999900082840436;0.9999461692269009;1.0;0.9999982713950768;1.0020978051936458;1.0021087269221172;0.9999912293443571;0.9999981360671827;1.0;0.9999983921661318;0.9999295532619906;1.0007089869405599;0.9999879817060762;0.9999987909384205;1.0;0.9999987851052442;1.0021458505407779;1.0021506055301308;1.0;1.0;0.9999942477041401;1.001267836127159;1.0008882083077884;1.0004539722559023;1.000216478604532;0.9999355949063922;1.0;0.9999642622394839;1.0000477081779138;1.0000170708385125;1.0;1.0019546573447906;0.9999337933993712;0.9999990877432107;1.0;1.0021033444571603;1.024999976158142;
2016-05-22 07:30:00;0.9999999999999999;0.9999952438912268;1.0;0.9999961563152117;0.9999644614078523;0.9999957004879807;1.002085220650383;0.9999950376190267;0.9999738543117601;0.9999999999999999;0.9999971270358498;1.002040892499765;1.0020500304936963;0.9999951370144292;0.9999986131893723;1.0;0.9999984250289401;0.9999639361364432;1.00068784172531;0.9999941652312384;0.9999985104300301;1.0;0.9999988022365716;1.0020820745189252;1.0020869242709731;0.9999999999999999;1.0;0.999996737168198;1.0012141010024815;1.0008427383716376;1.0004173664250213;1.0001868183094866;0.9999674434465246;1.0;0.9999653713018349;1.0000069818556367;0.9999955937336026;1.0;1.0018966276214043;0.9999664372747558;0.9999988762528608;1.0;1.0020455684344078;1.024999976158142;
2016-05-22 07:45:00;1.0;0.9999863527933592;1.0;0.999994404175965;0.9999434882372042;0.9999940870473485;1.0021418244104994;0.9999930591486946;0.9999592399724572;1.0;0.9999954118264001;1.0020901615070958;1.0020998391386138;0.9999918361415702;0.9999960460771621;1.0;0.9999976333362242;0.9999429016807816;1.0007065082005577;0.9999909008268271;0.9999983338445051;1.0;0.9999982143707835;1.0021377613344842;1.002144105442664;1.0;1.0;0.9999952018852665;1.0012266495304014;1.0008375296979046;1.0004179861171236;1.0001923395862236;0.9999469857595681;0.9999999999999999;0.9999463776603499;1.0000228240940134;1.0000051185274148;1.0;1.0019480743333689;0.9999455142696322;0.9999987424758053;1.0;1.0020945188489865;1.024999976158142;
2016-05-22 08:00:00;1.0;0.9999624378446696;0.9999999999999999;0.9999939185893462;0.999877160008505;0.9999918804538325;1.0022345232291092;0.9999878844521545;0.9999109426728084;1.0;0.9999970283108524;1.0021618409708704;1.00217445295563;0.9999837076213968;0.9999890943644195;1.0;0.999997783823511;0.9998767940484052;1.0007373516859208;0.9999801069130749;0.999998938923626;1.0;0.9999983407597114;1.0022296678786005;1.0022368891983153;1.0;1.0;0.9999923415604515;1.001270856984842;1.0008554216943948;1.0004279405568681;1.0001958823228192;0.999882452515961;1.0;0.9999292294095098;1.0000202525695703;1.0000037646062494;1.0;1.0020320135618463;0.9998796096372656;0.9999991971516539;1.0;1.0021661426574267;1.024999976158142;
2016-05-22 08:15:00;1.0;0.9999300000536354;0.9999999999999999;0.9999945411965102;0.9998084026984104;0.9999915983582378;1.0023321762705193;0.9999848264231693;0.9998635591052513;1.0;0.9999986880166553;1.0022268694903238;1.002243679900678;0.9999755542312773;0.9999796611546072;1.0;0.9999980665968007;0.9998079463997065;1.0007695575333915;0.9999695077250546;0.9999986420406115;1.0;0.9999985428509355;1.0023258411908693;1.0023349639545538;0.9999999999999999;0.9999999999999999;0.9999904693216473;1.0013395365003879;1.000912981332148;1.000460245913895;1.000214724524747;0.9998147343584007;0.9999999999999999;0.9999364994802359;1.0000340163759731;1.0000114677739458;1.0;1.0021204668414778;0.9998104204776596;0.9999989724812415;0.9999999999999999;1.0022312141080354;1.024999976158142;
2016-05-22 08:30:00;1.0;0.9999756636020135;1.0;0.9999960492466577;0.9999144541795542;0.9999944429353358;1.002300391959619;0.9999915614230488;0.9999378952182132;1.0;0.999998399104117;1.0022407324219562;1.0022517271530007;0.9999890482076068;0.9999929213428624;1.0;0.9999985861957366;0.9999140682941431;1.0007587697352276;0.9999861302163613;0.9999988957229414;1.0;0.9999989308049932;1.0022966733823488;1.0023021493722337;1.0;1.0;0.999994804945514;1.0012128613667084;1.0007429887534798;1.0003634187642463;1.0001607740578184;0.9999185822084903;1.0;0.9998510124444985;1.000000743433144;0.9999926851885633;1.0;1.0020918594296995;0.9999165434923497;0.999999165126535;1.0;1.0022450635579796;1.024999976158142;
2016-05-22 08:45:00;1.0;0.9999789065147533;1.0;0.9999957165387386;0.9999159063699792;0.9999937744298261;1.0022798511108528;0.9999908068518908;0.9999378110217194;0.9999999999999999;0.9999984902171685;1.002225866319146;1.0022361943366946;0.9999891284300516;0.9999938988433676;0.9999999999999999;0.999998593435183;0.9999156920593357;1.0007520427651224;0.9999861153549601;0.9999993896292779;1.0;0.9999989481737079;1.002276495452863;1.002281416005031;1.0;0.9999999999999999;0.9999944786356387;1.0011835403175222;1.000707429602928;1.0003401247814425;1.0001435479993874;0.9999202107870705;1.0;0.9998376593354038;0.9999799258901071;0.999981151903652;1.0;1.0020731152325404;0.9999182452333116;0.9999995377693695;1.0;1.0022300660545906;1.024999976158142;
2016-05-22 09:00:00;1.0;0.9999818728873741;1.0;0.9999961898614372;0.9999354592588051;0.9999950695800323;1.0023026297081348;0.999993032492205;0.999952742002345;1.0;0.9999979423887636;1.0022525048987294;1.0022622837881;0.9999912545910559;0.9999947448163259;1.0;0.9999986170855509;0.9999352970914562;1.000759561494415;0.9999894497122555;0.9999995355514268;1.0;0.9999989692620641;1.0022993520035186;1.002304215048604;0.9999999999999999;1.0;0.9999955982798645;1.0011832905640203;1.0006994544964627;1.0003342647149123;1.0001403928790813;0.9999384575873129;1.0;0.9998297893058655;0.9999783570566986;0.9999804398762848;1.0;1.0020938344594954;0.9999369624970486;0.9999996489617557;1.0;1.0022566061365812;1.024999976158142;
2016-05-22 09:15:00;1.0;0.9999871505461803;1.0;0.9999952179158474;0.9999393977561597;0.9999940194273693;1.002310019038583;0.9999922563717196;0.9999548086006104;1.0;0.9999971725335685;1.002263844030226;1.0022730858182902;0.9999915645962861;0.9999962653102809;1.0;0.999998263857034;0.9999391742684852;1.0007620233156296;0.9999899102810001;0.9999993613885413;1.0;0.9999987045941074;1.0023067670986718;1.0023116954088063;1.0;1.0;0.9999951105729039;1.001195595878613;1.0007155392478648;1.0003426127829416;1.0001449886800666;0.9999429502313127;1.0;0.9998381858916194;0.9999810759765364;0.999981853838031;1.0;1.0021006886183295;0.9999414908562714;0.999999517082448;1.0;1.0022680148292002;1.024999976158142;
2016-05-22 09:30:00;1.0;0.9999879442154179;1.0;0.9999961704733403;0.9999434161703113;0.99999533369706;1.0023043932397662;0.9999938442627289;0.9999592488280619;1.0;0.9999975917196899;1.0022551293910575;1.00226421917892;0.9999929590484536;0.9999965008699282;1.0;0.9999984227631304;0.9999426580101778;1.00075962586135;0.9999909029261752;0.9999978486143243;1.0;0.9999987842352158;1.0023010336656708;1.0023061789706031;1.0;0.9999999999999999;0.9999960900550985;1.0011877491487637;1.0007036901620405;1.0003330779927928;1.0001353739717633;0.9999473719203793;1.0;0.9998332686343206;0.9999648268924478;0.9999727158945434;1.0;1.0020956719394878;0.9999458294789529;0.9999983766052556;1.0;1.0022592732769282;1.024999976158142;
2016-05-22 09:45:00;1.0;0.9999770368167115;1.0;0.9999832992697361;0.9998850802858967;0.999983460059831;1.0025452093215743;0.9999826131291105;0.9999163806298403;1.0;0.9999850483253114;1.0024754469900585;1.002486270571505;0.9999810911440125;0.9999933190336281;0.9999999999999999;0.9999928999060989;0.9998837262421895;1.0008393772231412;0.9999813111440093;0.9999960995390885;0.9999999999999999;0.9999946713953707;1.0025372367012617;1.0025504103388831;1.0;0.9999999999999999;0.9999873207705743;1.0013544212850582;1.0008309420863561;1.00041013015466;1.0001815676413635;0.9998931299305898;1.0;0.9998329844478898;1.000001483349299;0.9999931034814393;1.0;1.002315535318962;0.9998900464492577;0.9999970556802518;0.9999999999999999;1.0024797791403899;1.024999976158142;
2016-05-22 10:00:00;1.0;0.9999439434538716;1.0;0.999990880671682;0.9998423938872161;0.9999895471925685;1.002547894202451;0.9999852006855297;0.9998876909395149;1.0;0.9999935339340132;1.0024546296062682;1.0024696732614091;0.9999778484546917;0.9999837143650132;1.0;0.9999962926737723;0.9998419069280541;1.0008405266453146;0.9999749022447896;0.999998565048226;0.9999999999999999;0.9999972331110041;1.002540879593946;1.0025515523584476;1.0;1.0;0.9999898700067695;1.001296090853922;1.000747820361322;1.0003627418081398;1.0001564350361265;0.9998479742917822;1.0;0.9997884205446145;0.9999893098769297;0.9999861974196297;0.9999999999999999;1.0023168832963372;0.9998443774995106;0.9999989144429061;1.0;1.0024589752113116;1.024999976158142;
2016-05-22 10:15:00;1.0;0.9999706731675314;1.0;0.999994109597488;0.999898801297478;0.9999923635853002;1.002455795831806;0.999989139367514;0.9999258680484394;1.0;0.9999968402544148;1.002391928261084;1.0024037106384318;0.9999861602770582;0.9999914933936498;1.0;0.9999978796763652;0.9998986391360744;1.0008100358366023;0.9999834452936235;0.9999995253984058;1.0;0.999998425708061;1.0024514300700968;1.0024579437863563;0.9999999999999999;1.0;0.9999931156712254;1.001223710629894;1.0006856155556179;1.0003119973087182;1.000112502469786;0.9999032475699678;1.0;0.9997899050950059;0.9999247231662598;0.9999495492182173;1.0;1.0022330411130733;0.9999009412461485;0.9999996410216676;1.0;1.0023963489726386;1.024999976158142;
2016-05-22 10:30:00;1.0;0.9999801394294252;1.0;0.9999919877847672;0.999903272265475;0.9999899924308729;1.0025205041888798;0.999987178992541;0.9999274081952352;1.0;0.9999952519650704;1.0024667240011458;1.0024768528381733;0.9999862812792403;0.9999942389299462;1.0;0.9999971296174918;0.9999030288744136;1.0008313313299333;0.9999837874403315;0.9999992913888145;1.0;0.999997867134789;1.0025162856977172;1.0025227926069746;0.9999999999999999;1.0;0.999991894153102;1.0012349180873437;1.000681776910847;1.0003037946074114;1.0001066119904187;0.9999089100157289;1.0;0.9997804175254937;0.9999183573783099;0.999946395650504;1.0;1.0022920261351826;0.9999066148988277;0.9999994641238785;1.0;1.0024708956443802;1.024999976158142;
2016-05-22 10:45:00;0.9999999999999999;0.9999416240969389;1.0;0.9999939921437234;0.9998417066102347;0.9999919382502348;1.0025286581820276;0.9999866885554833;0.9998870755684199;1.0;0.9999971239735073;1.0024373634987749;1.0024523697723058;0.9999789681769294;0.9999830724684226;1.0;0.9999977362645411;0.9998414524994415;1.0008340742595263;0.9999747730543457;0.9999992435203597;1.0;0.9999983135419799;1.0025227310028957;1.002531419015036;1.0;1.0;0.9999913790031777;1.0012590400917187;1.000708153518376;1.0003230378839032;1.0001192875655223;0.999846710279926;1.0;0.9997866238149621;0.9999304764317176;0.999953247804479;0.9999999999999999;1.0022990202133832;0.9998431940956406;0.9999994270855564;1.0;1.002441535019829;1.024999976158142;
2016-05-22 11:00:00;1.0;0.9999508813892131;1.0;0.9999940514828345;0.9998467987625349;0.9999915865413896;1.002586676438103;0.9999864593606624;0.9998902384411236;1.0;0.9999976663049602;1.0024991648861625;1.00251338133308;0.9999805604682341;0.9999857216918958;1.0;0.9999977859294986;0.9998460514104324;1.0008527498209723;0.9999754765572707;0.9999978370593088;1.0;0.9999983155624721;1.0025810966039035;1.0025893411392592;0.9999999999999999;0.9999999999999999;0.999991520700173;1.0012855124026232;1.000716968979859;1.0003328243791256;1.0001281619392814;0.9998533826889121;1.0;0.9997712750957215;0.9999446415481352;0.999960897705005;1.0;1.002351968207204;0.9998497571193079;0.9999983671769571;0.9999999999999999;1.002503537551692;1.024999976158142;
2016-05-22 11:15:00;1.0;0.9999700258754245;1.0;0.9999938525770435;0.9998859134017584;0.9999916422576602;1.0025723231618164;0.9999879168440031;0.999916582465782;0.9999999999999999;0.9999971657898779;1.0025044841805235;1.0025164824426216;0.9999851674202397;0.9999912926675789;1.0;0.9999977928531854;0.9998853881716097;1.0008480286007164;0.9999813686014551;0.9999984883905777;1.0;0.999998336250699;1.0025677902183086;1.0025745783517175;1.0;0.9999999999999999;0.9999925264521219;1.0012509501852644;1.000676799320627;1.0002946217805049;1.0000928897220436;0.9998918144732474;1.0;0.9997659127940832;0.9998897421548671;0.9999296462656314;1.0;1.002339011385713;0.9998890769725214;0.999998859012301;1.0;1.0025089749194969;1.024999976158142;
2016-05-22 11:30:00;1.0;0.9999785495539608;1.0;0.9999933301400264;0.999876639934625;0.9999904965194109;1.0025825288038392;0.9999865827738923;0.9999101240710471;1.0;0.9999974424764929;1.0025159107021095;1.0025263300863336;0.9999858270289449;0.9999937775741955;1.0;0.99999748610358;0.9998749320072221;1.0008504085249228;0.999979925041824;0.9999951344425788;1.0;0.9999980272073926;1.0025780455837838;1.00258498503543;1.0;1.0;0.9999920564878269;1.001248991605339;1.0006672001861485;1.0002805898404912;1.000075343857035;0.9998860849974555;1.0;0.999762119139252;0.9998552521652083;0.9999106262580595;1.0;1.002348651732785;0.9998826694518412;0.9999963285237811;1.0;1.0025201310538416;1.024999976158142;
2016-05-22 11:45:00;0.9999999999999999;0.9999820184611702;1.0;0.9999933446913419;0.9998708328342039;0.9999916458721789;1.0026628701935167;0.9999886535189576;0.9999110760888972;1.0;0.9999961334523008;1.0025805864204524;1.00259035186452;0.9999879271031119;0.9999947829188107;1.0;0.9999966110001048;0.9998666385563928;1.0008746686877665;0.9999801375973685;0.999988090646003;1.0;0.9999972078013626;1.002656933717651;1.0026665907419132;1.0;1.0;0.9999930828300263;1.0012546775057551;1.0006408327450704;1.0002659694831415;1.0000692111780136;0.9998842588370432;1.0;0.9997276662102361;0.9998569683264036;0.9999118071867246;0.9999999999999999;1.0024223902517593;0.9998798580283924;0.9999910145443504;1.0;1.0025846890008203;1.024999976158142;
2016-05-22 12:00:00;1.0;0.9999795607764561;1.0;0.9999956067949906;0.9998787503611806;0.999994251146557;1.0026343276408873;0.9999913347940239;0.9999183040190281;0.9999999999999999;0.9999977341036258;1.002543463362197;1.0025549874645048;0.9999896488847695;0.9999940735620374;1.0;0.999997389472076;0.9998744625250612;1.0008651338013086;0.9999817535771358;0.9999878380215597;1.0;0.9999977750653969;1.0026283562336542;1.0026378986067463;1.0;1.0;0.999994810200699;1.0012911328573193;1.0007028978265264;1.000304491299867;1.0000916833170805;0.9998912114802261;0.9999999999999999;0.9997650437699895;0.999873250620448;0.999919594728789;0.9999999999999999;1.0023964540867445;0.9998869911621667;0.999990822486067;1.0;1.0025483599431995;1.024999976158142;
2016-05-22 12:15:00;1.0;0.9999809371493622;1.0;0.9999949165428308;0.9998961158158416;0.9999928765973163;1.0026432068531224;0.9999897556649648;0.9999257453108941;1.0;0.9999979132608129;1.002569787174645;1.0025818277457093;0.9999886774501852;0.9999944581602576;1.0;0.9999978900278687;0.9998942239891966;1.0008701071724548;0.9999834152617881;0.9999946247901894;1.0;0.9999983120519215;1.002638498399284;1.002645738809663;1.0;1.0;0.9999938990174342;1.0012898756898725;1.0006988817803482;1.0003038387429226;1.000093705726595;0.999904448616023;0.9999999999999999;0.9997609519591989;0.9998808671735174;0.9999232318686639;1.0;1.0024039318401;0.9999014287216259;0.9999959429463611;1.0;1.0025750588332676;1.024999976158142;
2016-05-22 12:30:00;0.9999999999999999;0.9999771765897355;0.9999999999999999;0.9999949772844563;0.9998897339477952;0.9999930926188922;1.002584208166698;0.999989852099075;0.999921983512016;1.0;0.9999977819749049;1.0025043561488909;1.002517180408463;0.9999880545706126;0.9999933799573645;1.0;0.9999978091318064;0.9998876569108451;1.0008505586325733;0.9999825765149902;0.9999940876789699;0.9999999999999999;0.9999982394334954;1.0025790823792695;1.0025869621247396;1.0;0.9999999999999999;0.9999938845529638;1.0012597211165402;1.0006827686774693;1.0002937175904187;1.0000874319335789;0.9998982552833038;1.0;0.9997683112173724;0.9998747519099512;0.9999194666399965;1.0;1.0023503625099144;0.999895047769915;0.9999955422506418;0.9999999999999999;1.002509799248896;1.024999976158142;
2016-05-22 12:45:00;1.0;0.9999826706245019;1.0;0.9999895019756738;0.9998333427671586;0.9999842725770935;1.0026885436979545;0.99997854780215;0.9998746950323112;1.0;0.9999968887276702;1.0026151076561487;1.0026272766578885;0.9999805411032479;0.999994964048035;1.0;0.999996525192671;0.999831448166264;1.0008854237229314;0.9999720002924273;0.9999945606216131;1.0;0.9999973058123568;1.0026835705754504;1.0026912995328745;1.0;1.0;0.9999876755302933;1.0013119069718273;1.0007079347053236;1.0003142303473023;1.0001039220969257;0.9998474422406649;1.0;0.9997484396602451;0.9998973391795947;0.9999322038327509;1.0;1.0024453670740168;0.999842876157743;0.9999958980250675;1.0;1.0026205707599385;1.024999976158142;
2016-05-22 13:00:00;1.0;0.999977031947558;1.0;0.9999898857275819;0.9998198239326853;0.9999843851199023;1.002673997355393;0.9999780436958837;0.9998653608054491;1.0;0.9999975509365373;1.0025956357435206;1.0026082501709574;0.9999792076517314;0.9999933386212143;1.0;0.9999966882937593;0.9998178450129651;1.0008805317843616;0.9999699160059095;0.9999943286745756;1.0;0.999997420122636;1.0026688977469427;1.0026767459283614;1.0;1.0;0.9999874587309744;1.0013287742307815;1.0007433564867998;1.0003463033632323;1.0001359470466749;0.9998343198857341;1.0;0.999766333563245;0.9999511596558287;0.9999628929461581;1.0;1.0024320585048108;0.9998294396411685;0.999995720841409;1.0;1.0026009538102052;1.024999976158142;
2016-05-22 13:15:00;1.0;0.9999765987900643;0.9999999999999999;0.999986776928091;0.9997702528943561;0.9999784129647251;1.00282683879716;0.9999696100070591;0.9998246051130902;1.0;0.9999981903252002;1.0027505054309587;1.002763255295528;0.9999729047118834;0.9999932113335046;1.0;0.9999962305897722;0.9997686048660998;1.0009311975822428;0.9999607989442054;0.9999952333989872;1.0;0.9999971059452227;1.0028220570438444;1.0028293155066885;1.0;0.9999999999999999;0.9999830006505448;1.0012962573463904;1.000649083381461;1.0002756853553345;1.0000910521696693;0.9997886224895787;0.9999999999999999;0.9996991761883743;0.9999113002579394;0.9999402804807003;1.0;1.0025708791697963;0.9997826451524835;0.9999964006460065;0.9999999999999999;1.0027558669934673;1.024999976158142;
2016-05-22 13:30:00;1.0;0.99995694466611;1.0;0.999983046732273;0.9996897518865685;0.9999722602641059;1.0028267262603368;0.9999602725507459;0.9997637689828167;1.0;0.9999977840210607;1.002733601246747;1.0027486279434992;0.9999622274118267;0.9999875069729627;1.0;0.9999953040805123;0.9996883383946827;1.0009316841715672;0.9999471884469896;0.9999958343004912;0.9999999999999999;0.9999964394370799;1.0028208556698466;1.0028296353098494;1.0;1.0;0.9999775209189982;1.0013672946587688;1.0007662996118594;1.0003361876387935;1.0001250026240236;0.9997117930068011;1.0;0.9997752974702695;0.999931865856123;0.9999521197925305;1.0;1.0025706519021003;0.999704076848964;0.9999968535064803;1.0;1.0027388446416066;1.024999976158142;
2016-05-22 13:45:00;0.9999999999999999;0.9997827387104707;1.0;0.9999853352044822;0.9994337122474717;0.9999767256457326;1.0031072407382402;0.9999567297004974;0.9995975401440889;0.9999999999999999;0.9999975588322524;1.0028466747138385;1.0028840162195953;0.9999269485305243;0.999937055042283;1.0;0.9999950819418196;0.9994329743714934;1.0010250789949007;0.9999099378734263;0.9999974818834025;0.9999999999999999;0.9999963229795976;1.0030915002379088;1.0031139841683168;1.0;1.0;0.9999722932896252;1.0015894916996526;1.000926087879266;1.000437944303579;1.0001765839072407;0.9994500943085695;0.9999999999999999;0.9997604282400764;0.9999517316640628;0.99996309176583;1.0;1.0028239801753833;0.9994376435078121;0.9999980878442182;0.9999999999999999;1.0028520636672633;1.024999976158142;
2016-05-22 14:00:00;1.0;0.9998802204353173;1.0;0.9999904361671929;0.9996966379629355;0.9999867020872863;1.0029209555250986;0.9999765180920899;0.9997851060443192;1.0;0.9999960855468377;1.0027668959268339;1.0027899749599791;0.9999597262257727;0.9999652149101871;0.9999999999999999;0.9999964443268341;0.99969630426843;1.0009636020841677;0.9999519404010985;0.9999988794169888;1.0;0.9999973556158789;1.0029110550430442;1.0029254437310031;0.9999999999999999;1.0;0.9999845209139815;1.00143007716652;1.0008098282986566;1.000363883933271;1.0001415722866054;0.9997048046249472;1.0;0.9997696762277358;0.9999452767902123;0.9999613559749195;1.0;1.0026552346115687;0.999698170317718;0.9999991493438547;1.0;1.0027712137753289;1.024999976158142;
2016-05-22 14:15:00;1.0;0.9999023942572899;1.0;0.9999913739327199;0.9997371218343947;0.9999874561239847;1.0027895521924224;0.9999783206171675;0.9998120573435317;1.0;0.9999970692462696;1.0026590905537753;1.0026792699504161;0.9999653878893507;0.999971676707595;1.0;0.9999969752061298;0.9997369182956833;1.0009202328195643;0.9999579865608968;0.9999993106531022;0.9999999999999999;0.999997756086985;1.002781312572853;1.0027932346621873;1.0;1.0;0.9999861511164196;1.0013754519042377;1.0007616661355334;1.0003460092811363;1.0001268626288817;0.9997450685791898;1.0;0.9997546596022874;0.9999243179368449;0.9999495792674266;1.0;1.0025358519313483;0.9997393044689169;0.9999994756334553;1.0;1.002663367503014;1.024999976158142;
2016-05-22 14:30:00;1.0;0.999965544438636;1.0;0.9999950893813446;0.9998952758747104;0.9999938443885844;1.0025527349766454;0.9999906798752062;0.9999255118361788;1.0;0.9999971268741452;1.0024801190835213;1.0024925557680784;0.9999863864011788;0.9999899979349571;1.0;0.9999980040298665;0.9998946387930858;1.0008414603459308;0.9999833641409009;0.9999981770961281;1.0;0.9999984840658684;1.0025478979882505;1.0025551404833895;1.0;1.0;0.9999939330481392;1.0011710514649954;1.0005945914694065;1.0002467139453475;1.0000776438319707;0.9998997902107539;1.0;0.9997409609176843;0.9999076552177147;0.9999398989017784;0.9999999999999999;1.002321181025689;0.9998972776452567;0.9999986238396501;1.0;1.0024845401840121;1.024999976158142;
2016-05-22 14:45:00;1.0;0.9999937971444947;1.0;0.9999962414612024;0.9999489664354295;0.9999950330999641;1.0024697467473127;0.9999935564871854;0.9999622238151291;0.9999999999999999;0.9999980889768193;1.0024245290232319;1.0024333960140064;0.9999938897090881;0.9999981997436843;1.0;0.9999985775386822;0.9999482389193136;1.000813845165118;0.9999915681676133;0.9999979371431339;1.0;0.9999989004720201;1.0024667783041725;1.0024713121642275;1.0;1.0;0.999996128869109;1.0011274352199209;1.0005615945886692;1.0002304691131643;1.0000671987163112;0.9999533139004849;1.0;0.9997389079455921;0.9998978154888443;0.9999343228176701;1.0;1.0022459244868058;0.9999518748495531;0.9999984436772924;1.0;1.0024289573448981;1.024999976158142;
2016-05-22 15:00:00;1.0;0.9999942302771667;0.9999999999999999;0.9999967348178925;0.9999573459515122;0.9999959660774367;1.0025334358059006;0.9999948979011597;0.9999690095965691;1.0;0.9999980087867838;1.0024865923930981;1.0024958063267904;0.9999949587810696;0.999998327021541;1.0;0.999998658450989;0.9999565678726943;1.0008346468350422;0.999993083908906;0.9999977959346383;1.0;0.9999989565680444;1.00253035935707;1.0025350645819013;1.0;0.9999999999999999;0.9999968402875196;1.001216852855303;1.0006474123098033;1.0002862031448665;1.0000977747447901;0.9999610878421108;1.0;0.9997568320940691;0.9999167985218935;0.9999446618759585;1.0;1.0023038113745406;0.9999598337519613;0.9999983371833314;1.0;1.0024912412895834;1.024999976158142;
2016-05-22 15:15:00;1.0;0.9999905448503567;1.0;0.9999948037077055;0.9999277417318598;0.9999928093759171;1.002491347183398;0.9999904731143318;0.999945598640537;1.0;0.9999977402676438;1.0024438951334518;1.0024531246096708;0.9999909581648618;0.9999972580683489;1.0;0.9999982028678895;0.999927124541478;1.0008211411400805;0.9999878543045255;0.9999982463579145;1.0;0.9999986320341457;1.0024881592134618;1.0024930169996489;1.0;1.0;0.9999943530256291;1.0011849837228557;1.0006165233195028;1.0002638293541326;1.0000785295695644;0.9999333059186865;1.0;0.9997509714547279;0.9998874360338985;0.9999285014461631;1.0;1.0022655418799131;0.9999314093558009;0.9999986762191055;1.0;1.0024482966746393;1.024999976158142;
2016-05-22 15:30:00;1.0;0.9999798492532719;1.0;0.9999882758590974;0.9998234997119942;0.9999818780579778;1.0026182717449463;0.9999751143064618;0.9998634819562252;1.0;0.9999971563436431;1.0025613013820827;1.0025720231729132;0.9999774915394147;0.9999941595028429;1.0;0.9999966685839052;0.9998231046907766;1.000863488641152;0.9999695027302189;0.9999988354127964;0.9999999999999999;0.9999975166720956;1.0026143859203924;1.0026202404868556;1.0;0.9999999999999999;0.9999858076898513;1.0012437573339747;1.000652241160724;1.0002755785407909;1.0000806484989753;0.9998362323598671;1.0;0.9997474062976207;0.9998783215162904;0.9999232125225401;1.0;1.0023809114620013;0.9998319470572578;0.9999991193579301;1.0;1.0025657788298306;1.024999976158142;
2016-05-22 15:45:00;0.9999999999999999;0.999959043690769;1.0;0.9999890943787931;0.9997855986635269;0.9999825503982024;1.0026728827117297;0.9999744038112006;0.9998386056499124;1.0;0.9999980982286338;1.0025925991398978;1.0026062323261795;0.9999731558152019;0.9999881016192652;0.9999999999999999;0.9999968751169853;0.9997849616517827;1.0008814664098515;0.9999639274394841;0.9999981064502755;0.9999999999999999;0.9999976519329503;1.0026678688160315;1.0026752468973528;1.0;1.0;0.9999852256012715;1.0012828020238524;1.0006809824691794;1.0003007382626428;1.0001023527926627;0.9997986863559376;0.9999999999999999;0.9997407100984056;0.9999099977828573;0.9999408642947374;1.0;1.0024304658282284;0.999793543545906;0.9999985685808895;1.0;1.002597221657965;1.024999976158142;
2016-05-22 16:00:00;1.0;0.999919883540448;1.0;0.9999933223597454;0.9997896283499761;0.9999907092049151;1.0026569503704204;0.9999836696746558;0.9998511432463244;1.0;0.9999972320554674;1.0025389731279128;1.002557410637959;0.9999726481941211;0.9999767313193846;1.0;0.9999974263604778;0.9997890617929875;1.0008762298773166;0.9999667300614594;0.9999983150345602;1.0;0.9999980631858854;1.0026494800663128;1.0026603837294503;0.9999999999999999;1.0;0.9999893870697075;1.001298261427915;1.000707606743029;1.000315486693435;1.0001087066821477;0.9997961480646415;1.0;0.9997577931214523;0.9999091557176922;0.9999405477178355;1.0;1.0024156060315508;0.9997914149249009;0.9999987259941612;1.0;1.0025435064640216;1.024999976158142;
2016-05-22 16:15:00;1.0;0.9999414843124497;1.0;0.9999885575979431;0.9998238463889839;0.999986768408736;1.0026415900316616;0.9999819468685095;0.999873089420494;0.9999999999999999;0.9999920153891318;1.0025538402891003;1.0025672997026671;0.9999747986601712;0.9999830115337883;1.0;0.9999954929957918;0.9998234421966629;1.0008714389943847;0.9999716391142687;0.9999987860036024;0.9999999999999999;0.9999966494495719;1.0026344365429907;1.0026454603555317;1.0;1.0;0.9999877701341079;1.0012824872575263;1.00068779571767;1.0003140747101857;1.000116220985337;0.9998305611601321;1.0;0.9997419190979581;0.9999336141141904;0.9999565610700085;1.0;1.0024019361842385;0.9998265597877264;0.9999990820750485;1.0;1.0025571490429472;1.024999976158142;
2016-05-22 16:30:00;1.0;0.9999608448391721;0.9999999999999999;0.9999856375519767;0.9998871566779985;0.9999865159948563;1.0026833156805057;0.9999853884582605;0.9999191974607058;1.0;0.9999862608356271;1.002617124968562;1.00262734117698;0.9999803010441883;0.9999886460948699;1.0;0.9999938279176916;0.9998868627377787;1.0008853241678184;0.9999819462104297;0.9999991222863646;1.0;0.999995429797156;1.002675866000104;1.0026879417804822;1.0;1.0;0.9999887822489574;1.0012958913394574;1.0006918811633465;1.0003108338089466;1.0001107851254216;0.9998912405831443;1.0;0.9997395373535249;0.9999222134578123;0.9999508782821319;1.0;1.0024402347615882;0.9998886789037889;0.9999993358193695;1.0;1.0026200052076304;1.024999976158142;
2016-05-22 16:45:00;1.0;0.9999037039531944;1.0;0.9999915397721443;0.9997404917315897;0.9999882459694662;1.0027799707866132;0.9999796908573888;0.9998165130107374;1.0;0.9999965057007807;1.0026538169509627;1.002671510830113;0.9999665445333832;0.9999720161547403;1.0;0.9999967177020737;0.9997395024645302;1.0009165034994445;0.9999589744259131;0.9999970621874463;1.0;0.999997511159408;1.0027717049633016;1.0027838960624618;0.9999999999999999;1.0;0.9999867800334908;1.001388336155292;1.0007792858284599;1.000362162805726;1.0001393990219603;0.9997492681038325;1.0;0.9997588683110545;0.9999397959284224;0.9999606141307709;1.0;1.0025272733529789;0.9997433149206636;0.9999977804454893;1.0;1.0026568131123814;1.024999976158142;
2016-05-22 17:00:00;1.0;0.9999707500835912;1.0;0.9999840752566722;0.9998846193377532;0.999984295175951;1.002649120214034;0.9999831699792491;0.9999158907250927;1.0;0.9999856603602263;1.00258902522632;1.0025979960054012;0.999980402028337;0.9999914961448353;1.0;0.999993314627127;0.9998838903047783;1.0008738834596123;0.9999812038053166;0.9999978796416232;0.9999999999999999;0.999995020924936;1.002641839080189;1.0026538404128373;0.9999999999999999;1.0;0.9999876252045871;1.001305868475084;1.0007193891416046;1.0003318639253218;1.0001265520055997;0.9998909839692738;1.0;0.9997579993000927;0.9999409474744966;0.9999614726269799;1.0;1.0024094614936745;0.9998881425604066;0.9999983977408834;0.9999999999999999;1.002591905384666;1.024999976158142;
2016-05-22 17:15:00;1.0;0.9999800674225343;1.0;0.9999917538115846;0.9999282647482922;0.9999918934042599;1.0025158821860805;0.9999909857464123;0.9999487209037258;1.0;0.9999925314393818;1.0024659287868585;1.0024740766789124;0.9999887903831803;0.9999942166016313;1.0;0.9999964232108884;0.9999275878305508;1.0008294651577163;0.999988548341123;0.9999980656382045;1.0;0.9999973160239835;1.0025110631201812;1.0025188161481253;1.0;1.0;0.9999934055693885;1.0012495283172382;1.0006972038178752;1.0003195046929072;1.000118660993894;0.9999322177583144;1.0;0.9997807628111084;0.9999337492190492;0.9999570440553172;1.0;1.0022879399095037;0.9999303900657861;0.9999985402271466;1.0;1.0024690094878466;1.024999976158142;
2016-05-22 17:30:00;0.9999999999999999;0.9999784048711582;1.0;0.999995051686728;0.9999101865140537;0.9999930979139503;1.0025501618025092;0.9999900848551087;0.9999338204244024;1.0;0.9999979174349853;1.002503955047096;1.0025118933642032;0.9999884281250163;0.9999937362264912;1.0;0.999998280462269;0.9999097807231041;1.0008405911496931;0.9999852226566996;0.999998842461651;1.0;0.9999987040509456;1.002547018108892;1.0025517483119792;1.0;1.0;0.9999939755555434;1.001232285890683;1.0006571526532753;1.0002969539618167;1.00010658791091;0.9999151358226216;1.0;0.9997506542229957;0.9999284742440303;0.9999544721762654;1.0;1.002318597836186;0.9999129699116761;0.9999991252461958;1.0;1.0025068058426805;1.024999976158142;
2016-05-22 17:45:00;1.0;0.9999777567393974;1.0;0.9999953189780285;0.9999098190902264;0.999993152624831;1.0024919400684857;0.9999899343070972;0.9999330527426802;1.0;0.999998406573127;1.0024468063062424;1.002454908275065;0.9999882329289367;0.9999935387580947;1.0;0.9999984993493299;0.9999096569270357;1.0008217436186113;0.9999850500345384;0.9999995274966297;1.0;0.9999988824773854;1.0024890105812705;1.0024933324680059;1.0;1.0;0.9999939619592758;1.0012210720476225;1.0006678045529633;1.0002970024653406;1.0001003838179034;0.999914412569231;1.0;0.9997755008055196;0.9999087163997366;0.9999432247178874;1.0;1.0022656354976571;0.9999123212510199;0.9999996426628558;1.0;1.0024496996006322;1.024999976158142;
2016-05-22 18:00:00;1.0;0.9999759472039799;1.0;0.9999964668164065;0.9999172919433981;0.9999949133074467;1.0024543083168864;0.999992078603845;0.9999400744271455;0.9999999999999999;0.9999987018786869;1.0024069184379931;1.0024149792644033;0.9999895397493185;0.9999930268710843;1.0;0.9999987417755645;0.9999169167968553;1.0008090931004139;0.9999866198425632;0.9999989309247251;1.0;0.9999990462381455;1.002451301993355;1.0024557432209802;1.0;1.0;0.9999951585793779;1.0012241694427764;1.0006880803054437;1.0003314054984616;1.0001421647107107;0.9999212031207738;1.0;0.9997806736253738;0.9999889123396959;0.9999888225665836;1.0;1.0022314139561643;0.9999192381425612;0.9999991922630094;0.9999999999999999;1.0024096667134628;1.024999976158142;
2016-05-22 18:15:00;1.0;0.9999810066025902;1.0;0.9999950552899238;0.9999047866797212;0.9999927814655977;1.0025916384121947;0.9999895686617324;0.9999300713544113;1.0;0.9999982995062803;1.002545134153116;1.002552556796573;0.9999885833708548;0.9999944902503918;1.0;0.9999982531540991;0.9999039075340201;1.0008537943142073;0.9999843848270044;0.9999974967051629;1.0;0.9999986507296144;1.002588541616977;1.0025932634475787;1.0;1.0;0.9999938403228407;1.0012806362922668;1.0007110071935712;1.0003376999441576;1.0001408230747506;0.9999111748259311;1.0;0.9997645481249828;0.9999780761529432;0.9999826968851034;1.0;1.0023563992981224;0.9999087017290511;0.9999981110619272;1.0;1.0025478828075283;1.024999976158142;
2016-05-22 18:30:00;1.0;0.9999877274809604;1.0;0.9999959956815858;0.9999273292780008;0.9999940852108842;1.0025049396135255;0.9999916056020369;0.9999462221350031;1.0;0.9999987021013937;1.0024649498692075;1.002471888034233;0.9999913811137583;0.9999964371819189;1.0;0.9999986158512895;0.9999266109495021;1.0008254141907933;0.9999879928304463;0.9999979591937576;1.0;0.9999989293559218;1.0025023581070416;1.0025062775115912;1.0;1.0;0.9999951080433883;1.0012569080226323;1.0007146221071086;1.000341396821067;1.0001435043750304;0.9999326119750338;0.9999999999999999;0.9997869662709625;0.999980299206363;0.9999835949570046;1.0;1.0022776375189693;0.9999306911937489;0.9999984595279671;1.0;1.0024678991996365;1.024999976158142;
2016-05-22 18:45:00;1.0;0.9999245736702846;1.0;0.9999934320622814;0.9997853766312346;0.9999900891858444;1.002636959796247;0.9999826217031675;0.9998471041648143;1.0;0.9999981807293116;1.0025361381478335;1.0025505858688766;0.9999728838692862;0.9999781189773206;1.0;0.9999976127096575;0.9997846078568478;1.0008693081088123;0.9999658310755769;0.9999977481041195;1.0;0.9999981863712794;1.002630633201375;1.0026398690441483;1.0;1.0;0.9999891197704696;1.0013230990741548;1.0007485705865937;1.0003691747395134;1.0001673068832144;0.9997932467361126;1.0;0.9997629269578601;1.0000145086764787;1.0000034156165878;1.0;1.0023972109906665;0.9997883104239613;0.9999982984119311;1.0;1.00253881724374;1.024999976158142;
2016-05-22 19:00:00;1.0;0.9999791258710462;0.9999999999999999;0.9999954400022774;0.9999139065357245;0.9999934531692596;1.0024280706906061;0.999990460106938;0.9999363362879364;0.9999999999999999;0.9999982999429597;1.0023844388536074;1.0023920950714589;0.9999888837574;0.999993952775147;1.0;0.9999984782956934;0.9999136233231232;1.0008006143285695;0.99998578455805;0.9999991872308277;1.0;0.9999988584717258;1.0024251841727496;1.0024294839878953;1.0;1.0;0.9999942571123405;1.0011938712351904;1.0006773419092203;1.0003202129590933;1.0001411855505316;0.9999185045306404;1.0;0.9997973542971095;1.0000005569777983;0.999995404979081;1.0;1.002207620286996;0.9999164637884911;0.9999993862221306;1.0;1.0023871870674452;1.024999976158142;
2016-05-22 19:15:00;1.0;0.9999466828887782;0.9999999999999999;0.9999953613898473;0.9998537699782558;0.9999932755097131;1.002562281533476;0.9999882352958062;0.9998959295900325;1.0;0.9999983717559043;1.0024854342786385;1.0024973071605574;0.9999812000618372;0.9999845357431951;1.0;0.9999982804984722;0.9998533856799177;1.0008448243008188;0.9999767523853982;0.999998878308827;1.0;0.9999987055764734;1.002557452532729;1.002564486794077;0.9999999999999999;1.0;0.9999925485014949;1.0012154616960627;1.0006543581067862;1.000299319367664;1.0001255413761827;0.9998586657326916;1.0;0.9997583085306807;0.9999816230863284;0.9999846022605464;1.0;1.0023293663774637;0.9998553628565102;0.999999152509066;1.0;1.0024882387541978;1.024999976158142;
2016-05-22 19:30:00;1.0;0.999937806444225;1.0;0.9999948363270976;0.9998215920629316;0.9999920390277042;1.0026139871307715;0.9999858114062183;0.9998731828456456;0.9999999999999999;0.999998774087564;1.0025240869539136;1.002537370396579;0.9999777505950711;0.9999819132516173;1.0;0.9999981032365053;0.9998208049144228;1.0008616975831395;0.999971658411355;0.9999977040092188;1.0;0.9999985466595889;1.0026084786682468;1.0026165043269957;1.0;1.0;0.9999911604116754;1.001305423516459;1.0007483797851975;1.0003517668187731;1.0001471097275556;0.9998283832902765;1.0;0.9997892755958279;0.9999764793166189;0.9999814356418043;1.0;1.002376454711847;0.9998242230763515;0.9999982666529093;1.0;1.0025270364583283;1.024999976158142;
2016-05-22 19:45:00;1.0;0.9999866453614873;0.9999999999999999;0.999990942123681;0.9998536675208267;0.9999852129202659;1.0025271765541157;0.9999793647783435;0.9998865392429149;1.0;0.9999987284022049;1.0024879379925613;1.002494938904966;0.9999820804739;0.9999961156919348;1.0;0.9999975686677087;0.9998531423076165;1.000833259965898;0.9999746547113841;0.999998474577313;1.0;0.9999981710071724;1.0025246578969822;1.0025284446480809;1.0;1.0;0.9999885149099806;1.0012795167933712;1.0007408593174014;1.000357626492674;1.0001555942517382;0.9998649862596362;1.0;0.9997960503947919;0.999994251103502;0.9999915582181138;1.0;1.002297912696296;0.9998613405048745;0.9999988482026656;1.0;1.0024908447275591;1.024999976158142;
2016-05-22 20:00:00;1.0;0.9999862095893791;1.0;0.9999954811174117;0.9999352017829687;0.9999942594361516;1.0024651974929395;0.9999923686175637;0.9999523566427719;1.0;0.9999974332714245;1.0024258348191302;1.0024327844883736;0.9999915173765515;0.9999959981521744;1.0;0.9999982971737881;0.999934705606631;1.000812596047638;0.9999893633097823;0.9999985900576669;0.9999999999999999;0.9999987100320553;1.002462320854415;1.0024667517951924;1.0;1.0;0.999995227487781;1.0012168111053752;1.0006735317851547;1.0003181965313233;1.0001303763843676;0.9999392945916794;0.9999999999999999;0.9997737152181156;0.9999709511882204;0.9999784866296261;1.0;1.0022415156241589;0.9999376509509199;0.9999989353470111;1.0;1.002428685392566;1.024999976158142;
2016-05-22 20:15:00;1.0;0.9999869355158139;1.0;0.9999951035314024;0.9999416372289428;0.99999436480297;1.0024305130163864;0.9999929723388825;0.9999574852946268;1.0;0.9999965318178048;1.0023925121155455;1.0023990620892451;0.9999919866655127;0.9999961951175963;1.0;0.9999980286535992;0.9999410996656037;1.0008012608526096;0.9999905077406548;0.9999984734292232;1.0;0.9999985091991964;1.0024274612183361;1.002432249743924;1.0;1.0;0.9999953768912146;1.0012272600034655;1.0007016120569177;1.000338112366465;1.000143926648422;0.9999453284233961;1.0;0.9997937104354162;0.999984747186127;0.9999865925041205;1.0;1.0022100730109809;0.9999438215396466;0.9999988466837676;1.0;1.0023951908276374;1.024999976158142;
2016-05-22 20:30:00;1.0;0.9999857038249932;1.0;0.9999959901375138;0.9999322227606487;0.9999946474038036;1.0024621665645579;0.9999925694377113;0.9999505715854997;1.0;0.9999980276433191;1.002422243167026;1.0024289432696278;0.9999916464982375;0.9999958518667164;1.0;0.9999984756081938;0.9999315350719644;1.0008113819382338;0.9999889650259686;0.9999980474411315;1.0;0.999998828129267;1.0024593935629929;1.0024636520689947;1.0;1.0;0.9999954583011332;1.0012079872575224;1.000661274656168;1.0003154371857628;1.0001327762388894;0.9999367214337332;1.0;0.999764467115717;0.9999819118705982;0.9999849895398678;1.0;1.0022387413028733;0.9999349461943862;0.9999985263780965;1.0;1.002424921958569;1.024999976158142;
2016-05-22 20:45:00;0.9999999999999999;0.9999836816060248;1.0;0.9999958407311328;0.9999215780193969;0.9999940795885736;1.0025394823713882;0.9999914949891009;0.9999425746983169;0.9999999999999999;0.9999983900197051;1.002496402263339;1.002503590464295;0.9999905100786561;0.9999952599628112;1.0;0.9999984975352784;0.9999208505232074;1.0008367643877811;0.9999871783389704;0.9999979303922557;1.0;0.9999988414993639;1.0025366254574912;1.002540968457843;1.0;1.0;0.9999949227036007;1.0012464027671204;1.000685264277854;1.0003238452643528;1.000133898417942;0.9999267357214326;1.0;0.9997632387367563;0.9999748451725429;0.9999807709791341;1.0;1.0023089877626992;0.9999247024281472;0.999998438401203;1.0;1.0024992067695813;1.024999976158142;
2016-05-22 21:00:00;1.0;0.9999828153065424;1.0;0.9999957417043327;0.999919760142114;0.999993863870125;1.0024754490724248;0.9999911458175221;0.999940932602306;1.0;0.9999984410001063;1.0024329189079377;1.0024401647215928;0.9999900876502201;0.9999950053956971;0.9999999999999999;0.9999985191456618;0.9999191827758;1.0008159237698058;0.9999868106951162;0.9999983567102403;1.0;0.9999988679559145;1.0024726469556104;1.0024768752057547;1.0;1.0;0.9999947208583801;1.0012332222931444;1.000692278708459;1.0003341944286241;1.000144492218193;0.999924766166106;0.9999999999999999;0.9997774784302049;0.9999921712293219;0.9999906171373202;1.0;1.002250777466165;0.9999227433342641;0.9999987589665964;1.0;1.0024356941202663;1.024999976158142;
2016-05-22 21:15:00;1.0;0.9999781155456119;1.0;0.999994784489002;0.9999014677246911;0.9999936372563739;1.0025473940079903;0.9999911405636727;0.9999312067897133;1.0;0.9999967421821075;1.0024885453491044;1.0024962552281147;0.9999890675219625;0.9999936535425901;1.0;0.9999975639471256;0.9998993982715574;1.000838378698464;0.9999846367041471;0.9999941165138345;1.0;0.9999980592374604;1.0025430662339723;1.0025499455784326;1.0;1.0;0.9999943795018951;1.0012943695770735;1.000746860210245;1.0003653288609056;1.000161443681414;0.999909103021905;1.0;0.9997878187294734;1.0000021917189512;0.9999964053817084;1.0;1.0023166044425593;0.9999061770618277;0.9999955624205151;1.0;1.0024912511848947;1.024999976158142;
2016-05-22 21:30:00;0.9999999999999999;0.9999908367863947;0.9999999999999999;0.9999945985239699;0.9999183112526183;0.999993017033476;1.002535332331438;0.999990904772236;0.999941363324674;1.0;0.9999970793604063;1.002489034137275;1.0024954020084889;0.9999912869211423;0.9999973310036179;1.0;0.9999976917626623;0.9999163719569404;1.0008344447227264;0.9999869074888682;0.9999944954511183;1.0;0.9999981625836553;1.002531852726837;1.0025374773909421;1.0;1.0;0.999994523410338;1.0012669570719763;1.0007129633785745;1.0003381209610036;1.0001383588678456;0.9999263010519992;1.0;0.9997779854907428;0.9999689346783939;0.9999773464176827;1.0;1.0023057016043304;0.9999237365985387;0.9999958477145636;1.0;1.0024918848904292;1.024999976158142;
2016-05-22 21:45:00;1.0;0.999985489686707;0.9999999999999999;0.9999956887218708;0.9999128283141984;0.9999941887691147;1.0024779834157682;0.9999917860225833;0.9999385715765301;1.0;0.9999979578303421;1.0024262421358172;1.0024331502334551;0.9999910419285915;0.9999957784290237;1.0;0.9999980485774583;0.9999107648533736;1.0008155588898688;0.999986282038832;0.9999941455140701;1.0;0.9999984168873693;1.0024744064748217;1.002480093168291;1.0;1.0;0.9999950813979099;1.0012587859357616;1.000724534568792;1.0003509024338444;1.0001502960141437;0.9999206133066226;0.9999999999999999;0.9997931672064496;0.9999870303759144;0.9999877109657991;1.0;1.0022535519337876;0.9999179116172724;0.9999955817129287;1.0;1.0024290173296613;1.024999976158142;
2016-05-22 22:00:00;1.0;0.9999797820950045;1.0;0.9999940759946365;0.9998799610685066;0.9999920910124556;1.0025150310029045;0.9999888447262988;0.9999156716914079;1.0;0.9999971131194854;1.0024489258369975;1.0024569792915743;0.9999877183436229;0.9999941175762461;0.9999999999999999;0.9999972778873861;0.99987703822653;1.0008271651737588;0.9999811636877557;0.9999916981107534;1.0;0.9999977885339084;1.0025103347848456;1.0025178699503292;0.9999999999999999;1.0;0.9999932792748144;1.001299086447854;1.0007669059966005;1.0003714481982464;1.0001585752609408;0.9998907371008104;1.0;0.9998094332435439;0.9999845270214203;0.9999858851537298;1.0;1.002287517731223;0.9998869926289936;0.9999937348041317;1.0;1.00245193110309;1.024999976158142;
2016-05-22 22:15:00;1.0;0.9999787679696115;0.9999999999999999;0.999993117555448;0.9998895017384676;0.9999914135612078;1.0024883146494863;0.9999885177904946;0.9999211306959567;0.9999999999999999;0.9999959230414966;1.0024242007193742;1.0024334104466375;0.9999871370423119;0.9999938347466013;1.0;0.9999970657379863;0.9998875302887711;1.0008192558747977;0.9999823845553021;0.999994393919289;1.0;0.9999976988705694;1.002483513886636;1.0024911287649654;1.0;1.0;0.9999928082266997;1.0012802322265122;1.000754407948539;1.0003654985661894;1.00015774616302;0.9998981638311154;0.9999999999999999;0.9998103606443601;0.999989832753553;0.9999878727887529;0.9999999999999999;1.0022631187693836;0.9998949739740877;0.999995769500789;1.0;1.0024277719767871;1.024999976158142;
2016-05-22 22:30:00;1.0;0.9999843331842606;1.0;0.9999926757047525;0.9998944395240194;0.9999905979554878;1.0024755600773068;0.9999877377033977;0.9999232991489526;1.0;0.9999959694255491;1.0024115474271604;1.0024217314728117;0.9999875866865817;0.999995444424287;1.0;0.9999970564127357;0.999892650370654;1.0008152956615781;0.9999828682450812;0.9999949083999696;1.0;0.9999977047818885;1.0024708444498525;1.0024782957767677;1.0;0.9999999999999999;0.9999924747918298;1.0012588279270838;1.0007319119041316;1.0003534601378894;1.0001532054044733;0.9999033275137703;0.9999999999999999;0.9998022624451252;0.9999920382315719;0.9999874771539505;0.9999999999999999;1.0022516684924208;0.9999002761495133;0.9999961578547626;1.0;1.0024160379700293;1.024999976158142;
2016-05-22 22:45:00;1.0;0.999940837015473;0.9999999999999999;0.999990100086073;0.9997754653026167;0.9999857599103856;1.0025733988799006;0.9999783487627998;0.9998378939239528;1.0;0.9999964131359637;1.0024677153580879;1.00248307687589;0.999972529945331;0.9999828108172992;0.9999999999999999;0.999996357100472;0.999773647283029;1.000847818627606;0.9999637694613063;0.9999947562213711;1.0;0.9999971872572226;1.0025663342260573;1.0025770309057407;1.0;1.0;0.9999867620778995;1.0013461229030183;1.0008096486272708;1.0003997440619896;1.0001791224958378;0.9997879719339287;1.0;0.9998147679863569;1.0000081983447535;0.9999969461391698;1.0;1.0023402714808511;0.9997823289294261;0.9999960420048876;1.0;1.0024720188008123;1.024999976158142;
2016-05-22 23:00:00;0.9999999999999999;0.9999619321056518;1.0;0.9999912309301661;0.99982444273665;0.9999875706549126;1.0024827890351653;0.9999819489268318;0.999872757336745;1.0;0.999996579144379;1.0024085279597879;1.0024182925895635;0.9999791892669802;0.9999889480810655;1.0;0.9999966969985447;0.9998224530734124;1.000817607448116;0.9999715704463773;0.9999943065344634;1.0;0.9999974257794015;1.0024775151173961;1.0024857211037301;0.9999999999999999;1.0;0.9999891235841064;1.0012974365526635;1.0007828835146375;1.0003859056366757;1.0001738199080568;0.999836177061914;0.9999999999999999;0.9998247494033442;1.0000105105487107;1.0000011076845081;1.0;1.0022578795358443;0.9998315179228843;0.9999957039333627;1.0;1.0024112335796016;1.024999976158142;
2016-05-22 23:15:00;1.0;0.9999834668767853;1.0;0.9999928586065167;0.9998871939921045;0.9999904300808378;1.0023932506973547;0.9999871777764203;0.9999179847506806;1.0;0.9999965486062532;1.002340100947117;1.0023473186472251;0.9999870743692032;0.9999951898566259;0.9999999999999999;0.9999971776813472;0.9998852838350432;1.0007881032049402;0.9999816796889542;0.9999945610098676;1.0;0.9999977856855105;1.0023892241218835;1.002395669387646;1.0;1.0;0.9999922781722359;1.0012360963913398;1.0007346225109939;1.000358906299434;1.0001590716880855;0.9998967246278097;1.0;0.9998215707773872;1.000001813949223;0.9999960157835709;1.0;1.0021766606965437;0.9998934620201438;0.9999958958442648;1.0;1.0023429050161028;1.024999976158142;
2016-05-22 23:30:00;1.0;0.9999712518479658;1.0;0.9999921720656285;0.9998429937485056;0.9999890449189702;1.0024296169274869;0.9999843306283336;0.9998875497401803;1.0;0.9999967798983362;1.0023583604022075;1.002366940558687;0.9999827418443843;0.999991658772017;0.9999999999999999;0.9999967915889805;0.9998402074798579;1.0007993833096709;0.9999748783294469;0.999992056852883;1.0;0.9999974396439736;1.0024245194319406;1.0024326255613438;1.0;1.0;0.9999906380452769;1.0012627720550924;1.0007530752653704;1.000370925043403;1.0001656780921742;0.9998555076388999;1.0;0.9998188462525462;1.000005692960863;0.9999983846840202;1.0;1.0022098317396582;0.9998509702771051;0.9999940082444516;1.0;1.0023610658866131;1.024999976158142;
2016-05-22 23:45:00;1.0;0.9999425680964867;1.0;0.9999897566028807;0.9997684313010362;0.9999851666026179;1.0025432029178662;0.9999775841463892;0.9998329794871013;1.0;0.9999964054877439;1.0024477311996047;1.0024599028292818;0.9999723020630135;0.99998332652433;1.0;0.999996177219435;0.999766156780266;1.00083743907863;0.9999626729653253;0.9999934657374282;1.0;0.9999970226475532;1.0025366115199543;1.0025467435751991;1.0;1.0;0.999986400629804;1.0013366192219633;1.0008108442593098;1.0004024262288822;1.0001831814678623;0.9997823608591203;1.0;0.9998226992801993;1.000016615569135;1.0000046064737134;1.0;1.0023127550344757;0.999776385270771;0.9999950673680439;1.0;1.0024504100592597;1.024999976158142;
2016-05-23 00:00:00;1.0;0.999971396487635;1.0;0.999994867069693;0.9998898219444967;0.9999922094318346;1.0023277301576279;0.9999881714252249;0.9999184614090593;0.9999999999999999;0.9999985886089702;1.0022772813864975;1.0022859696447883;0.9999857679909474;0.9999917001079591;1.0;0.9999984015152861;0.999889659784549;1.0007679021222584;0.9999817892928282;0.9999995214049137;0.9999999999999999;0.9999988103633725;1.002324529457586;1.0023292103186827;1.0;0.9999999999999999;0.999992952830927;1.0012018392980255;1.0007134783700824;1.0003464262957817;1.000150727475395;0.9998951715589557;1.0;0.9998269696741338;0.9999931625060748;0.9999911762826256;0.9999999999999999;1.0021163901782708;0.9998926389896176;0.9999996378977719;0.9999999999999999;1.0022800561679475;1.024999976158142;
2016-05-23 00:15:00;1.0;0.999965179876015;1.0;0.9999935195980378;0.9998741228638007;0.9999908861907951;1.0022926278525512;0.9999865394219594;0.9999072879222357;1.0;0.9999973677281105;1.0022351019906306;1.0022447286781406;0.9999832707384939;0.999989905992787;1.0;0.9999978293173571;0.9998739607063992;1.0007564706422172;0.9999792930408931;0.9999995170015599;1.0;0.9999983885880399;1.0022886864112375;1.0022945449825833;0.9999999999999999;1.0;0.9999917367767833;1.0012048236325812;1.000732074442695;1.0003599817733928;1.0001604031520555;0.9998798692395482;1.0;0.9998434289076407;1.0000040486048862;0.99999717945989;1.0;1.0020845387601522;0.9998770013060375;0.9999996344529434;0.9999999999999999;1.002237961736754;1.024999976158142;
2016-05-23 00:30:00;1.0;0.9999700976709929;1.0;0.999995140039991;0.9998788361232652;0.9999921198799022;1.0022795878271038;0.9999876060061953;0.9999109016198283;1.0;0.9999992603962117;1.0022231039264462;1.0022324285574384;0.9999851887880113;0.9999913149330131;1.0;0.9999984922228543;0.9998782909858649;1.0007517670696322;0.9999801006628839;0.9999984329861433;1.0;0.9999988503687777;1.0022762009684512;1.0022811473882276;0.9999999999999999;1.0;0.9999927845028411;1.0012091846168878;1.0007441676018234;1.0003675211494758;1.0001650148081394;0.9998853885895632;1.0;0.9998530518390567;1.0000078973811288;0.9999990479852893;1.0;1.0020727419945918;0.999882472069561;0.9999988174603613;1.0;1.0022261353754993;1.024999976158142;
2016-05-23 00:45:00;0.9999999999999999;0.9999674962553102;1.0;0.999994894397826;0.9998720663641059;0.9999917476367534;1.0022613471199349;0.9999869781184669;0.999905939123439;1.0;0.9999991941889689;1.0022048734161042;1.0022139847953297;0.9999842291802769;0.999990560989324;0.9999999999999999;0.9999984250556679;0.9998715702190965;1.0007458417492388;0.999978991434876;0.999998572201472;1.0;0.9999988042938913;1.002257928980036;1.0022629162991679;1.0;1.0;0.9999923878940883;1.0012194592754586;1.0007690690726105;1.0003809990063497;1.0001724900418756;0.9998787449288278;1.0;0.9998731113231515;1.0000123817886228;1.0000021137169506;1.0;1.002056107661715;0.9998756988200561;0.9999989213966531;1.0;1.002207607595926;1.024999976158142;
2016-05-23 01:00:00;1.0;0.9999739226966313;1.0;0.9999960313091144;0.9998986799604253;0.9999934193580335;1.002203607899564;0.9999895276437503;0.9999251265222127;1.0;0.9999995635390341;1.0021548018972692;1.0021633545185646;0.9999873650367745;0.9999924448043667;1.0;0.9999988527166399;0.9998984672171729;1.000726992364312;0.9999832801416447;0.9999993842343536;0.9999999999999999;0.9999991394018862;1.0022007689240975;1.0022048420907343;1.0;1.0;0.9999939228705065;1.0012053567094077;1.0007747085075143;1.0003841410639678;1.0001737996543443;0.9999037120615769;1.0;0.9998916256232097;1.000012102399268;1.00000169664405;0.9999999999999999;1.0020035859108885;0.9999013613505087;0.9999995345683926;1.0;1.0021576808082129;1.024999976158142;
2016-05-23 01:15:00;1.0;0.99997992446258;1.0;0.9999952281737613;0.9999081219276812;0.9999931420116019;1.0021994686002627;0.9999900561983428;0.9999326102207282;0.9999999999999999;0.9999982335376991;1.0021542117626068;1.0021615075609125;0.9999887238195416;0.9999941687504331;1.0;0.9999983138508972;0.9999074036129806;1.0007252560021869;0.9999849510272144;0.9999979527383629;1.0;0.9999987067469336;1.002196430275646;1.0022010432204875;0.9999999999999999;1.0;0.9999940568271136;1.0011918624886018;1.0007535489556818;1.0003810864556937;1.0001797701021786;0.9999138599981706;1.0;0.9998729609225702;1.0000341768687453;1.0000146672846209;1.0;1.0020000625274845;0.9999115280897801;0.999998454486637;1.0;1.0021568144777828;1.024999976158142;
2016-05-23 01:30:00;1.0;0.999984768017054;0.9999999999999999;0.9999950699077009;0.9999198804711629;0.9999932140150921;1.002182261658692;0.9999906427475476;0.9999408228307186;1.0;0.999997819864021;1.0021402577719367;1.0021473591361796;0.999990005557811;0.9999955651969609;1.0;0.9999982311496084;0.999919201967149;1.000719647368378;0.999986785545191;0.9999980689532539;1.0;0.9999986485795318;1.0021793199798572;1.0021838364727067;1.0;1.0;0.9999943621025164;1.0011895450856265;1.0007601405672673;1.0003790803986468;1.0001737138500424;0.9999253001220102;1.0;0.9998863511442776;1.0000185646939952;1.0000054363887745;1.0;1.0019845120536317;0.9999232319349192;0.9999985418138824;1.0;1.002143088139588;1.024999976158142;
2016-05-23 01:45:00;1.0;0.9999743567059596;1.0;0.999996333940853;0.9999051341219682;0.9999942342661553;1.0021114118035734;0.9999907928207471;0.9999308521819819;1.0;0.999999227688226;1.0020615897762974;1.0020699499425214;0.999988354786913;0.9999925688359977;1.0;0.9999987908214064;0.9999046793428141;1.0006964584598508;0.9999845601251293;0.9999987011604503;1.0;0.9999990768060912;1.0021084014591113;1.0021128049506463;1.0;1.0;0.99999455647971;1.0012022039127348;1.0008129932959333;1.0004134967265823;1.0001979369491383;0.999909951509973;1.0;0.9999329134593353;1.000045676171071;1.0000208079906145;1.0;1.0019198762151587;0.9999076762532678;0.9999990196934314;1.0;1.0020643930661417;1.024999976158142;
2016-05-23 02:00:00;1.0;0.9999762383028276;1.0;0.9999967807991723;0.999915016383932;0.9999949617753968;1.0020944500912634;0.9999918880199239;0.9999381916252237;1.0;0.999999293594305;1.002047749510429;1.002055696363119;0.9999895130026485;0.9999931030645687;0.9999999999999999;0.9999989291238004;0.9999146320620538;1.0006909309540946;0.9999861991271949;0.9999989023611809;1.0;0.9999991836907348;1.0020916405599634;1.0020957401110024;1.0;1.0;0.9999951784814856;1.0011800978864283;1.000808059287559;1.000401959361976;1.0001920988936865;0.9999191806994111;1.0;0.9999520149621149;1.0000434498771502;1.0000197257794712;1.0;1.001904442825809;0.999917154608906;0.9999991713222406;0.9999999999999999;1.002050454156459;1.024999976158142;
2016-05-23 02:15:00;1.0;0.9999793457764549;1.0;0.9999968503646083;0.9999310353680655;0.9999955864864711;1.0020814861622287;0.999993237959679;0.9999498691911413;1.0;0.9999986996888959;1.0020397422719796;1.0020471584518844;0.9999910174035272;0.9999940033715475;1.0;0.9999988907547662;0.9999308425255506;1.0006868275465504;0.9999888075051199;0.9999994481669798;1.0;0.9999991688353194;1.002078817773457;1.00208274680467;1.0;1.0;0.9999958191600866;1.0011729043105373;1.0008027640726487;1.0003982669961686;1.0001889465660079;0.9999340613518712;1.0;0.9999525694817195;1.000038865800365;1.00001726963805;1.0;1.0018926557711219;0.9999324657057556;0.9999995827861238;1.0;1.0020423715449052;1.024999976158142;
2016-05-23 02:30:00;1.0;0.999982164823994;1.0;0.9999969490311243;0.999938554377934;0.9999958664770897;1.0020757921279178;0.9999938473370377;0.999955363364041;1.0;0.9999985732018962;1.002034604578435;1.0020421200517984;0.9999919773396602;0.9999948177513068;1.0;0.9999988910038058;0.9999383201502863;1.000684925649208;0.9999900346131688;0.9999993342262361;1.0;0.9999991661173128;1.0020731343625917;1.0020770718650007;1.0;1.0;0.9999961656204498;1.0011788699101682;1.0008111966406052;1.0004064884959958;1.0001955946026264;0.9999414130737193;1.0;0.9999548180718753;1.0000479564581064;1.0000219620555697;1.0;1.001887556575229;0.9999399660874968;0.9999994962184137;1.0;1.0020374831440853;1.024999976158142;
2016-05-23 02:45:00;1.0;0.9999833948211339;1.0;0.999996518164933;0.9999310704227915;0.9999951684598101;1.0020810849077342;0.9999929414074673;0.9999499703793231;1.0;0.9999985071073949;1.002037595084442;1.002045108974498;0.9999915320432009;0.9999951675160126;1.0;0.9999986987638155;0.9999304731379531;1.000686393028875;0.9999888297692052;0.9999983027489111;1.0;0.9999989989576548;1.0020782536867445;1.002082519303522;1.0;1.0;0.9999957057282796;1.0012013550438719;1.0008292352724888;1.0004211801759424;1.0002022697062107;0.999935200755571;1.0;0.999953243839785;1.000048504931646;1.0000221245087209;1.0;1.0018925014580162;0.9999334426362486;0.9999987185409878;1.0;1.002040556473511;1.024999976158142;
2016-05-23 03:00:00;1.0;0.9999794913351724;1.0;0.9999969810679405;0.9999257615082697;0.9999956695718327;1.0020827307360087;0.9999932190920567;0.9999467929784375;1.0;0.9999988746756693;1.0020339616760443;1.0020422315282365;0.9999910598160007;0.9999940414729324;1.0;0.9999988374820863;0.9999251029077477;1.0006868788627667;0.9999881199748379;0.9999981298006921;0.9999999999999999;0.999999096908127;1.0020796914119852;1.0020842195253115;1.0;1.0;0.9999958692358387;1.0012231614036426;1.0008524999397088;1.0004359088912278;1.0002081428630003;0.9999298196597846;1.0;0.9999601547260484;1.0000465839786206;1.0000207797927028;1.0;1.0018939770290856;0.9999279406938412;0.9999985876139051;1.0;1.0020370679044313;1.024999976158142;
2016-05-23 03:15:00;1.0;0.9999710310320005;1.0;0.9999967800159463;0.9999081790710926;0.9999951773171207;1.0020690729495032;0.9999919765797286;0.9999340867769111;0.9999999999999999;0.9999990379495518;1.0020141841327574;1.0020234127487633;0.9999886004094548;0.9999916114189633;1.0;0.999998832809022;0.9999077334622634;1.0006825328757174;0.9999852832547835;0.9999987313232127;1.0;0.9999991083983452;1.0020657278676888;1.0020706201367753;1.0;1.0;0.999995102340245;1.0012071609536692;1.000838998741353;1.0004300338584646;1.0002084873300718;0.9999121994810981;1.0;0.9999572314607755;1.000055458964344;1.0000258953297256;1.0;1.0018814022268843;0.9999100267908352;0.9999990418848976;1.0;1.0020172343413005;1.024999976158142;
2016-05-23 03:30:00;1.0;0.9999787662443483;1.0;0.9999965539911951;0.9999270998120323;0.9999952715929756;1.0020706117288516;0.9999928616796517;0.9999471725164294;1.0;0.9999984585256025;1.0020257215363653;1.0020335748249185;0.9999906125234943;0.9999938412498025;1.0;0.9999987409893477;0.999926775216904;1.0006831581325717;0.9999882055309628;0.9999990759389888;1.0;0.9999990492032511;1.0020676957288426;1.002072027453672;0.9999999999999999;0.9999999999999999;0.9999955698763078;1.0012163273893633;1.0008495164715925;1.0004348599399386;1.0002088829083127;0.9999305337402662;1.0;0.9999621636711103;1.0000502152649866;1.000023325643943;1.0;1.001882845623409;0.9999288039333531;0.9999993017278404;1.0;1.0020285515805294;1.024999976158142;
2016-05-23 03:45:00;1.0;0.9999799253370091;0.9999999999999999;0.9999979269578364;0.9999357664354994;0.9999969291993436;1.002063365709273;0.9999947746085798;0.9999544954974134;1.0;0.9999993428136121;1.0020174510154713;1.0020253001541264;0.9999923437141248;0.9999941655039662;1.0;0.9999991648913084;0.9999352105313867;1.000680519750332;0.9999898408820614;0.9999984200971406;0.9999999999999999;0.9999993454459669;1.0020606157568748;1.0020646628901473;1.0;1.0;0.9999967981430388;1.0012084993812866;1.0008417397861067;1.0004334439911562;1.00021130824367;0.999938897671864;1.0;0.9999579809959439;1.00005941701942;1.0000283914456283;1.0;1.0018762821210314;0.9999372929461523;0.9999988077689602;1.0;1.0020203563862822;1.024999976158142;
2016-05-23 04:00:00;1.0;0.9999927149780583;0.9999999999999999;0.9999969778825453;0.999958974434276;0.9999961759313578;1.002051479668828;0.999995025414404;0.9999698288493475;1.0;0.9999982644097758;1.0020174646124986;1.0020240100773739;0.9999947821992451;0.9999978782416539;1.0;0.9999988404349877;0.9999585303665802;1.0006767072549039;0.9999932662685033;0.9999987392097701;1.0;0.999999114129943;1.0020491592100784;1.0020527044284162;1.0;1.0;0.9999969129238718;1.0011831127426531;1.000813581837417;1.000413043943581;1.0001971427250163;0.9999619448278239;1.0;0.9999504709564694;1.000043884911651;1.0000193020275927;1.0;1.0018656397968198;0.9999608498793294;0.9999990490723603;1.0;1.0020205439353014;1.024999976158142;
2016-05-23 04:15:00;1.0;0.9999897497081364;1.0;0.9999975477997263;0.9999575337856103;0.9999966387249004;1.0020300676000167;0.9999952293111088;0.9999686477326997;1.0;0.9999988954781518;1.0019974160284901;1.0020038772164463;0.9999944538485451;0.999997029086358;1.0;0.9999991450746498;0.9999573716146812;1.000669835230979;0.99999300297975;0.9999995407625797;1.0;0.9999993584488724;1.0020280018767558;1.0020310576596743;1.0;1.0;0.999997088858333;1.0011753239029504;1.000809566416955;1.0004136714807876;1.000199161012587;0.9999598356033165;1.0;0.999950621682131;1.000049137267757;1.0000227163289104;1.0;1.0018459948662584;0.9999588209362188;0.9999996530344659;1.0;1.0020002459927104;1.024999976158142;
2016-05-23 04:30:00;1.0;0.9999923529731019;1.0;0.999996264701071;0.9999601295330024;0.9999956354435577;1.0020373317947515;0.999994665922436;0.9999704024813032;1.0;0.9999974269137778;1.0020055724246746;1.0020117958015926;0.9999943544705071;0.9999977765378796;1.0;0.999998553230072;0.9999598570476632;1.0006722047887557;0.9999933944203666;0.9999992256258092;1.0;0.9999989144606122;1.00203491897666;1.0020386529519094;1.0;1.0;0.9999965419121081;1.001174657656125;1.0008059622537202;1.000411197823155;1.0001977957198576;0.9999627413318715;1.0;0.9999473530793347;1.0000483179791073;1.0000221663007383;1.0;1.0018527478989128;0.9999617337372388;0.9999994158716585;1.0;1.0020084509069236;1.024999976158142;
2016-05-23 04:45:00;0.9999999999999999;0.9999944493268162;0.9999999999999999;0.9999987494740185;0.9999634596407101;0.999998027786174;1.0020348820253453;0.9999969206965009;0.9999744746602404;1.0;0.9999997430673732;1.0020001235339904;1.0020060830111484;0.9999966921512933;0.9999983808744835;1.0;0.9999993910006685;0.9999624609807821;1.0006706388075997;0.9999943042457391;0.9999971687331776;0.9999999999999999;0.9999994810697509;1.002032865650927;1.002035933809234;1.0;1.0;0.9999982805710846;1.0011757025860912;1.0008060605222064;1.000411540556327;1.0001969584576076;0.9999669639007683;1.0;0.9999463944351715;1.0000453323791674;1.000020478941814;1.0;1.0018505822741457;0.9999657828791935;0.9999978652566092;1.0;1.002003002000586;1.024999976158142;
2016-05-23 05:00:00;1.0;0.9999932919599582;1.0;0.9999980721646086;0.9999595574621108;0.9999974396887846;1.002042056265829;0.9999963587052053;0.9999717328929275;0.9999999999999999;0.999999036644855;1.0020050580395752;1.0020112887725658;0.9999959876499573;0.999998050125422;1.0;0.9999990821399454;0.9999585082493944;1.0006729900546552;0.9999936920855834;0.9999970253440018;1.0;0.9999992498613489;1.0020397184081433;1.0020433287480954;1.0;1.0;0.9999978259270013;1.0011839065687251;1.0008149115972216;1.0004123312513087;1.0001931792015997;0.999963280197512;1.0;0.9999522851911412;1.0000328791046205;1.0000133159627882;1.0;1.0018571569113455;0.9999619967812668;0.9999977570583696;1.0;1.0020080060169665;1.024999976158142;
2016-05-23 05:15:00;1.0;0.9999952421631061;1.0;0.9999967609054178;0.9999642394697007;0.9999959230631814;1.0020312048782143;0.9999949242275347;0.9999729595739433;1.0;0.9999981114162275;1.002002036741954;1.0020080430683327;0.9999951616983205;0.9999986196922568;1.0;0.9999988214052989;0.9999639853277654;1.0006701453713576;0.999993966193175;0.9999992837494321;1.0;0.9999991134213839;1.00202913511209;1.0020323061025391;1.0;1.0;0.9999968618170392;1.0011821312074471;1.00081880150093;1.0004126186661717;1.000192025691639;0.9999669183267604;1.0;0.9999595109186192;1.0000290183122327;1.0000111106393532;1.0;1.001847160262681;0.999965997591998;0.9999994585073276;1.0;1.0020049980259351;1.024999976158142;
2016-05-23 05:30:00;1.0;0.9999961822582506;1.0;0.9999969652026865;0.9999741955710361;0.999996595989068;1.0020412036478958;0.9999960904634909;0.9999806106696512;0.9999999999999999;0.9999977412553667;1.002010665724635;1.0020172094689384;0.999996154726955;0.999998890097727;1.0;0.9999988130845591;0.9999740027201973;1.0006735019044393;0.9999956745798593;0.9999994562511256;1.0;0.9999991115854358;1.0020389788705963;1.002042396386949;0.9999999999999999;0.9999999999999999;0.9999974201972462;1.0011796588640742;1.0008138470224586;1.000403052074358;1.0001814212821747;0.9999760808837623;1.0;0.9999604554689185;1.0000097864116906;0.9999995975289064;1.0;1.0018563039020294;0.9999754154977237;0.9999995890985494;1.0;1.0020139862245032;1.024999976158142;
2016-05-23 05:45:00;1.0;0.9999932919599586;1.0;0.9999984851803131;0.9999683880518783;0.9999979443624099;1.0020428525204157;0.9999970091877333;0.9999775280464436;0.9999999999999999;0.9999992949485704;1.0020102834740796;1.0020164364272133;0.9999964811574145;0.9999980501254218;1.0;0.9999993547716196;0.9999678520379823;1.0006736773049727;0.9999949859813441;0.9999984834305378;1.0;0.9999994868050337;1.0020408779639307;1.0020438400908707;1.0;1.0;0.9999981933061575;1.0011648226412069;1.000799600058866;1.0003938913732926;1.0001792297568082;0.9999707372236338;1.0;0.999957576867197;1.0000153897495294;1.000003507007279;1.0;1.0018577218110707;0.9999698371879726;0.9999988555103881;1.0;1.002013188824108;1.024999976158142;
2016-05-23 06:00:00;0.9999999999999999;0.9999885229151666;1.0;0.999997958041214;0.9999528951180626;0.9999970206769179;1.0020566205556036;0.9999954532977576;0.9999660186970939;1.0;0.9999992946948058;1.0020214640495113;1.0020278195065249;0.9999944411922103;0.9999966662499403;1.0;0.9999992291580458;0.9999524204091332;1.0006782879357732;0.9999924155763992;0.999998653460114;1.0;0.9999993985122805;1.002054484592205;1.002057659761941;1.0;1.0;0.9999972851318009;1.0011651762342586;1.000800618755469;1.0003932196748029;1.0001809708745182;0.9999557782889017;0.9999999999999999;0.9999592712408899;1.0000215365253942;1.0000073752902747;1.0;1.0018701569187451;0.9999545559256093;0.9999989841695096;1.0;1.0020241492333986;1.024999976158142;
2016-05-23 06:15:00;1.0;0.9999932201666772;1.0;0.9999985028556106;0.999969682504433;0.9999978944628439;1.0020615520958316;0.9999969210259044;0.9999780642503534;1.0;0.9999993899310046;1.0020314997794495;1.0020374229761524;0.9999964052488296;0.9999980278601127;1.0;0.9999994294389749;0.9999693487187863;1.0006799901078285;0.9999951056453289;0.9999990555084003;1.0;0.9999995560225535;1.0020597576192962;1.002062413370987;1.0;1.0;0.9999981515766836;1.0011703196893342;1.0008016283359737;1.0003934373048928;1.0001786152854124;0.9999716691137335;0.9999999999999999;0.9999562728067786;1.0000141471120045;1.0000030390140338;1.0;1.001874636426355;0.9999708674865904;0.9999992871451935;1.0;1.0020342738804586;1.024999976158142;
2016-05-23 06:30:00;0.9999999999999999;0.9999942302771669;0.9999999999999999;0.9999964725215474;0.9999639072394709;0.9999959913510549;1.0020993267533909;0.9999952374478294;0.999973544245999;1.0;0.999997436640824;1.0019895340320693;1.0020147563907735;0.9999951378899907;0.9999983270215407;1.0;0.9999985588653273;0.9999634217848881;1.0006928890745095;0.9999940964706571;0.9999986257193912;1.0;0.9999989036812363;1.0020929212259233;1.0021022934659494;1.0;1.0;0.9999968912237392;1.0011817862609507;1.0008065286615573;1.0003875883264082;1.0001697692330063;0.9999667320596389;0.9999999999999999;0.9999578470474663;0.9999952923119245;0.9999733380276082;1.0;1.0019105963985473;0.9999657339367563;0.9999989628490158;1.0;1.0020029560777546;1.024999976158142;
2016-05-23 06:45:00;1.0;0.9999966880325528;1.0;0.9999965823248731;0.9999693157576917;0.999996422885432;1.0022202155884714;0.9999960644873724;0.999978235060236;1.0;0.999997156303068;1.001994249102369;1.0020476233432842;0.9999961821397072;0.9999990363840714;1.0;0.9999984531335709;0.9999684779356796;1.0007330839031867;0.9999951437806853;0.9999976251900918;1.0;0.9999988010375578;1.0022077782351357;1.002225708630153;1.0;1.0;0.9999973326608136;1.0012376402827847;1.0008308753766955;1.0003859683523129;1.0001530116616257;0.9999724686604768;1.0;0.9999485818962991;0.9999471823152611;0.9999182350496995;1.0;1.0020227197784084;0.9999714677887285;0.9999982090003392;1.0;1.0020232686911195;1.024999976158142;
2016-05-23 07:00:00;1.0;0.9999938697821636;1.0;0.9999970716128842;0.9999617299983891;0.9999966509794277;1.0022612000137712;0.9999958561115163;0.9999729338597317;1.0;0.999997899192642;1.0019955152548072;1.002058279074299;0.9999955901921;0.9999982187516746;1.0;0.9999986782588424;0.9999608384983042;1.000746713716998;0.9999939599944889;0.9999974799606185;1.0;0.9999989632157589;1.0022469081140652;1.0022673630548842;0.9999999999999999;1.0;0.9999973293088877;1.0011338940907912;1.0007216835295014;1.0002852106259437;1.000087678411569;0.9999651670308767;1.0;0.9999385976166499;0.9998846398559806;0.9998739956652603;1.0;1.002060583733583;0.9999639844729569;0.9999980972999183;1.0;1.0020294848686628;1.024999976158142;
2016-05-23 07:15:00;1.0;0.9999912673540752;1.0;0.999992723836311;0.9999461087997494;0.9999924097396488;1.0024639998597722;0.9999917382639917;0.9999601348506223;1.0;0.9999939162205527;1.0020198730980523;1.0021265521337372;0.999991595406636;0.9999974680422699;1.0;0.9999969968313621;0.9999455329819755;1.0008150492800512;0.9999911003124866;0.9999983613563427;1.0;0.999997745946192;1.0024395417232914;1.0024746290817197;1.0;0.9999999999999999;0.9999942710105749;1.0010762076373159;1.0006385814019814;1.0001722835765674;1.000005356533831;0.9999501317383069;0.9999999999999999;0.9999383133294418;0.9997880581257516;0.999776424601257;1.0;1.0022483034096887;0.9999486916479022;0.9999987636110886;1.0;1.0020777294911103;1.024999976158142;
2016-05-23 07:30:00;1.0;0.9999914111900454;1.0;0.9999964904953269;0.9999454280557288;0.9999951137420648;1.0024089899709363;0.9999933551169747;0.999959446459969;1.0;0.9999985079621398;1.0020612004320624;1.0021446053112766;0.9999933426497001;0.9999975126469456;1.0;0.9999987510881824;0.9999448920541405;1.0007960794639676;0.9999909480767666;0.9999984805601825;1.0;0.9999990418257605;1.002390700715911;1.0024166102912828;0.9999999999999999;1.0;0.999996058278575;1.0010188713871349;1.000592957758953;1.0001475520022174;0.999998390964947;0.9999494865016878;1.0;0.9999343258526867;0.9997999242713006;0.9998059592706764;1.0;1.002196241790886;0.9999480420860263;0.9999988532703293;1.0;1.0021063127812926;1.024999976158142;
2016-05-23 07:45:00;1.0;0.9999855573981044;1.0;0.9999946126278033;0.9999436022908552;0.9999941713739084;1.002499234494543;0.999993006907087;0.9999589479051156;1.0;0.9999957429464067;1.0020989913232543;1.002194753287363;0.9999916795996859;0.9999958170206805;1.0;0.9999977995872404;0.9999432363064372;1.0008263622526348;0.9999908356002396;0.9999989621425238;1.0;0.9999983523821266;1.0024774943850374;1.0025085194305754;1.0;1.0;0.9999952135079703;1.00107092678907;1.0006268952275799;1.0001595909555727;0.9999978706255648;0.9999467048897543;1.0;0.9999340251361848;0.9997827194870139;0.9997848163882612;0.9999999999999999;1.0022792021810742;0.9999453149475986;0.9999992152722825;1.0;1.002150469769334;1.024999976158142;
2016-05-23 08:00:00;1.0;0.9999266755945112;1.0;0.9999921912510628;0.9998052583308095;0.9999900803494647;1.0028369086300826;0.9999839581995406;0.9998620081884801;1.0;0.9999956346738779;1.0022535837728426;1.0023872140930243;0.9999739336029998;0.9999787005099139;1.0;0.9999969085517914;0.9998047315795512;1.0009385558017985;0.9999691579691693;0.9999984308427917;0.9999999999999999;0.9999976842881819;1.002805314073969;1.0028501911393861;0.9999999999999999;0.9999999999999999;0.9999893202298987;1.0012388800022334;1.000729346911737;1.0001850427688468;0.9999859739524768;0.9998114277878475;0.9999999999999999;0.9999312218086607;0.9997142904447117;0.9997160933510637;1.0;1.0025880155670799;0.9998070389134678;0.9999988130278858;1.0;1.0023217175303318;1.024999976158142;
2016-05-23 08:15:00;1.0;0.9999621494053422;1.0;0.9999949674033763;0.9998926816901876;0.9999939267922568;1.0026805547694613;0.9999907663856592;0.9999240617488091;1.0;0.9999967827096022;1.002106481404757;1.002241958408473;0.9999857688666022;0.9999890084350949;1.0;0.9999979115476367;0.9998921150748011;1.0008868710978207;0.9999830385155131;0.9999983728724325;1.0;0.9999984208343473;1.0026500157955955;1.0026932916145614;1.0;1.0;0.9999938425815929;1.0011113196164443;1.0006250448713798;1.0001146250006743;0.9999399825714489;0.9998968095931847;1.0;0.9999283433707901;0.9996692617085748;0.9996844982192108;1.0;1.0024465562903715;0.9998942809945933;0.9999987712291281;1.0;1.0021780949677135;1.024999976158142;
2016-05-23 08:30:00;1.0;0.9999803559027067;1.0;0.9999950435532062;0.9999331508571057;0.9999944620621365;1.0027700478051436;0.9999928282990338;0.9999519593711836;0.9999999999999999;0.9999962931973098;1.0021686201608773;1.002313154664538;0.9999906420608764;0.9999943025426623;1.0;0.9999979562936222;0.9999327144091081;1.0009163890291486;0.9999892743095364;0.9999987600421697;1.0;0.9999984629511489;1.0027381391632166;1.0027833625541458;1.0;0.9999999999999999;0.9999951491933218;1.0010632076272419;1.0005247266080413;1.000039839471067;0.9998859239160073;0.9999364355686393;1.0;0.9998695259244391;0.9996078761952304;0.9996384461979942;1.0;1.0025287758124086;0.9999348051665615;0.9999990629458899;0.9999999999999999;1.002246464258882;1.024999976158142;
2016-05-23 08:45:00;1.0;0.999986715652091;1.0;0.9999932159480345;0.9999448266735727;0.9999930348958597;1.0027690056298915;0.9999922329078792;0.9999595231793272;1.0;0.9999941984127838;1.0021202189503455;1.0022772233630566;0.9999911350703564;0.9999961445242492;1.0;0.9999972052759327;0.9999445112447268;1.0009166546311496;0.9999909632553888;0.9999991026424967;1.0;0.9999979178491447;1.0027341771659093;1.0027837057320685;1.0;1.0;0.9999945009926827;1.0010621426775543;1.000524849960231;1.0000340520594;0.9998776095279083;0.999947941538092;1.0;0.9998742622588891;0.9995903992104481;0.9996155253739676;1.0;1.0025290047025965;0.9999465891804715;0.999999321215542;0.9999999999999999;1.0022053377419142;1.024999976158142;
2016-05-23 09:00:00;1.0;0.9999908359497303;1.0;0.9999960544363988;0.9999545972192234;0.999995367530018;1.002720213039692;0.9999942513730062;0.9999666039782605;1.0;0.9999973115728727;1.0020875538084526;1.002241146663369;0.9999937477360551;0.9999973342612503;1.0;0.9999984549804904;0.9999542113183205;1.000900297339468;0.99999254516891;0.9999989064295012;1.0;0.9999988340848567;1.002687074775248;1.0027338933170657;1.0;1.0;0.9999962711509963;1.0010216981051772;1.0004857282383113;1.0000185088527382;0.9998743307878201;0.9999575895261074;1.0;0.999859197925855;0.9996008888953867;0.9996242758932448;0.9999999999999999;1.0024843039113749;0.999956420346382;0.9999991734791663;1.0;1.002171087521115;1.024999976158142;
2016-05-23 09:15:00;1.0;0.9999864974796119;1.0;0.9999950908394761;0.9999427105450741;0.9999945473642515;1.002673908021519;0.9999932963279103;0.9999586602452126;1.0;0.9999962885177316;1.0020951852277329;1.0022344971588883;0.9999921359862737;0.9999960874251526;1.0;0.9999979548239916;0.9999420933454529;1.0008845800511745;0.9999907712269678;0.999998247599059;0.9999999999999999;0.9999984491946514;1.0026431810120244;1.0026867880853818;1.0;1.0;0.9999955051433016;1.0010174824047784;1.0004946759647613;1.0000287585350476;0.9998820285366001;0.9999463359805387;1.0;0.9998684613870407;0.9996096614677081;0.9996439107152829;1.0;1.0024412122158601;0.9999448339656869;0.9999986771881488;1.0;1.00217059438724;1.024999976158142;
2016-05-23 09:30:00;1.0;0.9999874373030248;0.9999999999999999;0.9999943804291308;0.9999457170045025;0.9999941518037988;1.0027944861806986;0.9999932633239169;0.9999609827143734;1.0;0.9999952873005379;1.0022213584722686;1.0023592369042418;0.9999921712673693;0.9999963577544243;1.0;0.999997593423215;0.9999450508107772;1.0009240755654916;0.9999912898491029;0.9999981051726823;1.0;0.9999981793641147;1.0027637737020696;1.0028074858210965;1.0;1.0;0.9999953034417406;1.0010003314778695;1.0004197244721331;0.9999893764181119;0.9998664065534894;0.9999492823382463;1.0;0.9997974958849635;0.9996165317285736;0.9996489517968062;1.0;1.0025507223863428;0.9999478309470204;0.9999985707638288;1.0;1.0022960466436739;1.024999976158142;
2016-05-23 09:45:00;1.0;0.999983898299069;1.0;0.9999953563626109;0.9999324847265084;0.999994121040757;1.0028028899894672;0.999992104024085;0.9999502433904234;1.0;0.9999973383026288;1.0021797206001575;1.0023303183264944;0.9999908742661366;0.9999953236390842;1.0;0.9999982839575351;0.9999321708653195;1.0009273543341677;0.9999888914635859;0.9999991052494294;1.0;0.9999987130736472;1.0027701985019384;1.0028163726246564;1.0;0.9999999999999999;0.9999950218384216;1.000963882648845;1.00036507728654;0.9999541487941668;0.9998439410123596;0.9999362350111453;1.0;0.9997696649013207;0.9995961979228962;0.9996254797574929;1.0;1.0025590236058508;0.9999346025171438;0.9999993242690516;1.0;1.0022611316605856;1.024999976158142;
2016-05-23 10:00:00;0.9999999999999999;0.9999818720345371;0.9999999999999999;0.9999969091055109;0.999932351420342;0.9999957419115739;1.0027441421207925;0.9999935746399298;0.9999513925847856;0.9999999999999999;0.9999986366249141;1.0021181986545684;1.0022687741317877;0.9999917520225846;0.9999947480728436;1.0;0.9999987984371994;0.9999317449628197;1.000907732970613;0.9999891487333309;0.9999982777986987;1.0;0.9999990717852237;1.0027116077247684;1.002757475357209;1.0;1.0;0.9999960543850752;1.000965759584297;1.000392750631042;0.9999681391559002;0.9998487891038681;0.9999361460868427;1.0;0.9997999140339267;0.9995915003406844;0.9996231014638929;1.0;1.0025056029535957;0.9999344291357647;0.9999987004247591;1.0;1.0021994598573976;1.024999976158142;
2016-05-23 10:15:00;1.0;0.9999769625007103;1.0;0.9999960120282712;0.999919333934005;0.9999951153760575;1.0027866760703426;0.9999928738524613;0.9999432163823454;1.0;0.9999975298123918;1.0022241325107377;1.0023576233942961;0.9999901925119936;0.9999933065326492;1.0;0.9999982442169527;0.9999182939353723;1.0009210187144888;0.9999873201612588;0.9999970407169685;1.0;0.9999986328610905;1.002756981313216;1.0027990901047337;1.0;1.0;0.9999953945487782;1.0009810026119428;1.0004045697505486;0.9999693814193534;0.9998482063111949;0.9999240092320745;1.0;0.9998039619597452;0.9995880299293985;0.9996385016066213;1.0;1.0025430903138972;0.9999218659913544;0.9999977676739165;0.9999999999999999;1.002295685910778;1.024999976158142;
2016-05-23 10:30:00;1.0;0.9999799218920055;0.9999999999999999;0.9999957133711899;0.9999273278895165;0.9999946448409782;1.0027975542150263;0.9999925105741378;0.9999475019521531;1.0;0.9999974620856001;1.0022544750535614;1.0023845966904639;0.9999904588047097;0.9999941785108617;1.0;0.999998323767154;0.999926842452692;1.0009249320641442;0.9999882783663608;0.9999986166257213;1.0;0.9999987303857579;1.0027689305868401;1.0028094279998137;0.9999999999999999;1.0;0.9999952069622517;1.000946331907633;1.0003727118643473;0.9999419556976847;0.9998349663737811;0.999931115562198;1.0;0.999803989597982;0.9995850682751548;0.9996397091059064;1.0;1.002552611399017;0.9999293292490071;0.9999989557450617;1.0;1.002324390731676;1.024999976158142;
2016-05-23 10:45:00;1.0;0.9999859931536952;1.0;0.9999957028817448;0.999944222064857;0.999994866037648;1.002769946432221;0.999993345006769;0.9999589989947615;0.9999999999999999;0.9999971753458023;1.0021769538347496;1.0023205203650076;0.9999921642125263;0.9999959345508324;1.0;0.9999983599005376;0.9999439893996344;1.0009164121948364;0.999990847163226;0.9999993363331081;1.0;0.9999987747454342;1.0027387779353232;1.0027828196784916;1.0;1.0;0.9999956808488759;1.0009188636388149;1.000342949592079;0.9999209768187669;0.9998181900363526;0.9999471810541242;0.9999999999999999;0.9997961506612596;0.9995624302747675;0.9996130169627148;0.9999999999999999;1.002528583083407;0.9999458459121039;0.9999994988867015;1.0;1.002254657906786;1.024999976158142;
2016-05-23 11:00:00;1.0;0.9999847654785827;1.0;0.9999954073365293;0.9999434071444073;0.9999948569456892;1.0027979091406274;0.9999935167484892;0.9999590388465516;1.0;0.9999965782770066;1.0022173546767728;1.002357383080929;0.9999919956946647;0.9999955749600878;1.0;0.9999981318107412;0.999943022811617;1.0009254277688004;0.9999908552668318;0.9999989051072476;1.0;0.9999985959816835;1.0027671837909002;1.0028107055763582;1.0;1.0;0.9999956379568739;1.0009586001758928;1.0003811978143942;0.9999530598282897;0.9998432647877713;0.9999464255255563;0.9999999999999999;0.999799209355145;0.9995954507997029;0.9996353534416106;1.0;1.00255378833693;0.9999450287802029;0.9999991734691029;1.0;1.0022930336921871;1.024999976158142;
2016-05-23 11:15:00;1.0;0.999988304447508;1.0;0.9999966660141811;0.9999478421379973;0.9999956544140784;1.0027522616187732;0.9999940631849774;0.9999617059995067;1.0;0.9999982350854207;1.002291378657389;1.002402542900977;0.9999932522612605;0.9999966090642742;1.0;0.999998761252709;0.9999474761520274;1.0009095257574838;0.9999914523228693;0.9999989653730158;0.9999999999999999;0.9999990612387839;1.0027281239103143;1.0027622223328874;1.0;0.9999999999999999;0.999996321678635;1.0009622323724492;1.0003930242472177;0.9999713338094119;0.9998574505119471;0.999951003714797;1.0;0.9998015021462245;0.9996137380986742;0.9996737267832527;1.0;1.0025100663503712;0.9999496964853765;0.9999992177885929;1.0;1.0023514871115984;1.024999976158142;
2016-05-23 11:30:00;0.9999999999999999;0.9999888831511589;1.0;0.9999955746850503;0.9999377237959307;0.9999940428433168;1.00279661376086;0.9999920483096275;0.9999532913377877;1.0;0.9999978792013817;1.002197540644461;1.0023428092182245;0.9999918222891954;0.9999967744446262;0.9999999999999999;0.99999846647683;0.9999373991973537;1.00092510953981;0.99998957268861;0.9999990778874098;1.0;0.9999988468585278;1.0027653366188367;1.0028094694895135;1.0;0.9999999999999999;0.9999951794022582;1.0009722970591595;1.000391634845438;0.9999608562667351;0.9998445449447758;0.9999418096378822;1.0;0.9997985798422718;0.9995892319826851;0.9996261984414843;1.0;1.0025529753960485;0.9999402651440421;0.9999993032488272;1.0;1.0022763784632231;1.024999976158142;
2016-05-23 11:45:00;1.0;0.9999913411360304;1.0;0.9999947289871725;0.9999392497680166;0.9999931961331738;1.0027636185359559;0.9999913802908168;0.9999538479258709;1.0;0.9999971290787876;1.0022331011622756;1.0023618006826476;0.9999916964184461;0.9999974838796432;1.0;0.9999981508688893;0.9999389558124829;1.0009139279814754;0.9999896968127217;0.9999991634171438;1.0;0.999998616369811;1.0027356598288457;1.0027752230010207;1.0;1.0;0.9999947096022982;1.0009030914776673;1.0003077299218956;0.9999193345877775;0.9998285013078116;0.9999435498595822;1.0;0.9997569574584592;0.9995956424981554;0.9996458190029687;1.0;1.0025218422480442;0.9999420343966975;0.9999993679780651;1.0;1.0023030286602477;1.024999976158142;
2016-05-23 12:00:00;0.9999999999999999;0.9999836807247648;1.0;0.9999959537644136;0.9999224452118503;0.999994189216566;1.0027456326979318;0.9999916041869958;0.9999431831991589;1.0;0.9999984948752804;1.0022008062221164;1.002331468784236;0.9999906042411422;0.9999952632087153;1.0;0.9999985500707371;0.9999217559661207;1.0009077303443628;0.9999873138003496;0.9999980430043565;1.0;0.9999988829070021;1.0027172028930655;1.0027573538147534;1.0;0.9999999999999999;0.999994999882196;1.0009233644931974;1.0003402980129952;0.9999359234113216;0.999833160895875;0.9999274864706268;1.0;0.9997774784302045;0.9995871117083484;0.9996400533956524;1.0;1.0025055571902894;0.9999254860836196;0.9999985218989293;1.0;1.0022712780305034;1.024999976158142;
2016-05-23 12:15:00;1.0;0.9999857029366098;1.0;0.9999972687888852;0.9999401246331941;0.9999961408256447;1.0028497782291583;0.9999942207262426;0.9999569564056715;1.0;0.9999989095057186;1.0022822114531083;1.002418731483761;0.9999929714105461;0.9999958551120507;0.9999999999999999;0.9999989316827484;0.9999394353752782;1.0009418662795482;0.9999903912506172;0.9999980485872426;1.0;0.9999991641963789;1.002820316181647;1.002861865832709;1.0;1.0;0.9999965168670851;1.0009567506266426;1.0003461289005993;0.9999251913708874;0.9998154410675171;0.9999439374290578;1.0;0.9997679155242827;0.9995501506187726;0.9996131216025377;1.0;1.0026005572019245;0.9999423540307023;0.9999985262484402;1.0;1.0023560348339964;1.024999976158142;
2016-05-23 12:30:00;1.0;0.9999820175718412;1.0;0.9999963751709575;0.999940241803655;0.9999957033010723;1.0028404341426034;0.9999940492168015;0.9999571768757421;0.9999999999999999;0.9999975796352921;1.002279112036868;1.002414145713187;0.9999920021292892;0.9999947861641683;1.0;0.9999985237248429;0.9999398467363136;1.0009390904184108;0.999990440095099;0.999998877822276;1.0;0.9999988841144071;1.0028109394739042;1.0028526244946132;1.0;1.0;0.9999960851320993;1.0009867468293;1.0003886888469853;0.999942872817888;0.9998158126559148;0.9999431211169652;1.0;0.9997947133068856;0.9995272900074399;0.9996020954526806;0.9999999999999999;1.0025918996436467;0.9999416644197667;0.9999991525094754;1.0;1.002351865008284;1.024999976158142;
2016-05-23 12:45:00;1.0;0.9999912673540751;1.0;0.999997762136875;0.9999620698578363;0.9999969779562783;1.002779637603973;0.9999957619968606;0.9999721298317099;0.9999999999999999;0.999998939221495;1.0022765752893592;1.0023987627873066;0.999995134918579;0.99999746804227;1.0;0.9999991929186758;0.9999618371884609;1.0009188134303808;0.9999937803378836;0.9999993404831602;1.0;0.9999993887716642;1.0027535789546609;1.002790259415121;1.0;0.9999999999999999;0.999997407332818;1.0008720021376223;1.0002986598529062;0.9998877112657109;0.999804942317649;0.9999642980966738;1.0;0.9997919554042691;0.9995674882382893;0.9996362465847927;1.0;1.0025357145777356;0.9999633589297314;0.9999995021311168;1.0;1.0023429302708229;1.024999976158142;
2016-05-23 13:00:00;1.0;0.9999782601882594;1.0;0.9999959923722208;0.9999209964782981;0.999994426757721;1.002811032074337;0.9999917583242093;0.9999421633957478;1.0;0.9999982949892903;1.0022663415979463;1.0023971936547276;0.9999896773987775;0.9999936948787794;1.0;0.9999986052300567;0.9999207530829224;1.000929551760901;0.9999870859032736;0.9999993021098742;1.0;0.9999989548271965;1.0027825709992049;1.002822693371101;1.0;0.9999999999999999;0.9999949311706043;1.000992691067229;1.0004178541508233;0.999968703385806;0.9998429204835806;0.9999247910753909;0.9999999999999999;0.9998155953845236;0.9995736881884469;0.9996328654174975;1.0;1.0025647687472607;0.9999229422769099;0.9999994725049874;0.9999999999999999;1.0023365417880346;1.024999976158142;
2016-05-23 13:15:00;1.0;0.9999827409523829;0.9999999999999999;0.9999966462487495;0.9999298791105342;0.9999950786528704;1.0027547288957488;0.9999926386818722;0.999948560390494;1.0;0.9999988751170658;1.0022777605350721;1.002392280055788;0.999991232097546;0.9999949928917308;1.0;0.9999988561386801;0.999929513131139;1.0009104697388291;0.999988515711914;0.9999989617006565;1.0;0.9999991311797484;1.0027299004304673;1.0027648931375004;0.9999999999999999;1.0;0.9999955985167448;1.0009469845548529;1.000366921755891;0.9999621964505423;0.999856964666902;0.9999337402773603;1.0;0.9997805649438903;0.999624130279611;0.9996770133072691;1.0;1.0025124504759941;0.9999320354212492;0.999999214927914;1.0;1.002339320895792;1.024999976158142;
2016-05-23 13:30:00;1.0;0.9999851986079862;1.0;0.9999931761378296;0.9998930518793598;0.9999897776306086;1.0028686336119634;0.9999859054258936;0.9999187088184484;1.0;0.9999979601045322;1.0023216020807966;1.0024532412811378;0.9999865855266037;0.9999957022373949;0.9999999999999999;0.9999978883689952;0.9998925159058467;1.0009484513517237;0.9999818434145461;0.9999984593242953;1.0;0.9999984059071354;1.0028399783648738;1.0028804736161288;1.0;1.0;0.9999918465389006;1.0009564777298783;1.0003511267561316;0.999938647342992;0.9998405850011731;0.9999007224964844;1.0;0.9997652718408974;0.999606938000463;0.9996501108317125;1.0;1.0026174570169137;0.9998980432012267;0.9999988366721606;0.9999999999999999;1.0023927140676117;1.024999976158142;
2016-05-23 13:45:00;1.0;0.9999742889966453;0.9999999999999999;0.9999872228901318;0.9997936916866244;0.9999797458451459;1.0029781828628457;0.9999717302617126;0.9998410434406217;1.0;0.9999975227557455;1.0024203949940267;1.0025534804148744;0.999973948778605;0.9999925302448743;1.0;0.9999964694953298;0.9997932063146765;1.0009849989490132;0.9999644759236799;0.9999985432212231;0.9999999999999999;0.9999973635832407;1.002948782593896;1.0029903603173598;1.0;1.0;0.9999839301028001;1.0010766843133323;1.000451787253028;0.9999957676979011;0.9998604979635877;0.9998082764119431;0.9999999999999999;0.999777369660183;0.9995907198221059;0.9996408870674772;0.9999999999999999;1.0027170913993448;0.9998032702040224;0.9999988983228464;1.0;1.0024915401250472;1.024999976158142;
2016-05-23 14:00:00;1.0;0.9999649674777493;1.0;0.9999913849945897;0.9998344296104429;0.9999868641920197;1.002823875125643;0.9999808203504851;0.9998763276513946;1.0;0.9999977177380974;1.0024017426853176;1.0025002821902043;0.9999790054431598;0.9999898260529584;1.0;0.9999973424429988;0.9998338829337431;1.00093312395042;0.9999723678976798;0.9999984018689867;1.0;0.9999980027420642;1.0028013691622881;1.0028332788137857;1.0;1.0;0.9999887253855129;1.0010283989419686;1.0004522809017529;1.0000125777009057;0.9998859406760189;0.9998440670192525;1.0;0.9998057892927492;0.999643317409774;0.9997057510132643;1.0;1.0025740486302444;0.9998401030753368;0.9999987921376295;1.0;1.0024533087148098;1.024999976158142;
2016-05-23 14:15:00;0.9999999999999999;0.9999812247613348;1.0;0.9999919713094331;0.9998714022728493;0.9999877646788912;1.002895995752214;0.9999829701887079;0.9999018268188673;1.0;0.9999978472193631;1.0024850366747375;1.0025830131498958;0.9999836493764465;0.999994547348354;1.0;0.9999976179640868;0.9998710056690115;1.0009567097641336;0.9999780711098364;0.9999988513876914;1.0;0.9999982163607284;1.0028742415585479;1.0029050513802475;1.0;1.0;0.999990178342996;1.0010266933129466;1.0004211558791898;0.9999688792694938;0.9998372354974623;0.9998801728833867;1.0;0.999791701830186;0.9995565659523922;0.9996551454865931;1.0;1.0026396964566036;0.9998770419741728;0.9999991308644942;1.0;1.0025374242517777;1.024999976158142;
2016-05-23 14:30:00;1.0;0.999988159802111;1.0;0.9999948154814824;0.9999229268027552;0.9999926816159814;1.0028767408681485;0.9999900887332135;0.9999419740986825;1.0;0.9999979155030584;1.0024527191737282;1.0025545271729408;0.9999902470735831;0.999996567727956;1.0;0.9999982590068844;0.9999224306325086;1.000950069311875;0.9999870446971423;0.9999985887037324;1.0;0.9999986819003063;1.0028543795465206;1.002886053688382;1.0;1.0;0.999994138155198;1.000877932958553;1.000287376562414;0.9998743531227183;0.9998023642259629;0.9999283956545707;0.9999999999999999;0.999779768152342;0.9995785403065318;0.999662988826981;1.0;1.0026225140321354;0.9999264392631576;0.9999989342899236;0.9999999999999999;1.0025076902220165;1.024999976158142;
2016-05-23 14:45:00;1.0;0.9999806461131577;1.0;0.9999965256795649;0.9999224923838159;0.99999461013214;1.0027469745976616;0.9999917495468683;0.9999427152933249;1.0;0.9999991792681185;1.002379815405625;1.0024674046834914;0.9999902095170216;0.9999943819809005;1.0;0.9999989192193199;0.9999222796354974;1.000907362507501;0.9999872092956045;0.999999389021977;1.0;0.9999991884214661;1.0027278365143946;1.0027547892125779;0.9999999999999999;0.9999999999999999;0.9999951395038434;1.0008491241960846;1.0002972957053844;0.9998951949317293;0.9998252947864255;0.9999264931887556;0.9999999999999999;0.99980258281626;0.9996176555593451;0.9997000419334409;1.0;1.0025032934374871;0.9999246728677246;0.9999995383121992;1.0;1.0024264711749866;1.024999976158142;
2016-05-23 15:00:00;1.0;0.9999845487850849;0.9999999999999999;0.9999954478043734;0.9999266331286021;0.9999935857684702;1.002693306424604;0.9999910519819105;0.9999450112646739;1.0;0.9999981589026307;1.0023832054920512;1.0024572191947123;0.9999902995872724;0.9999955112837703;1.0;0.9999985081695065;0.9999264601988657;1.0008895123615342;0.999987721632267;0.9999995023383815;1.0;0.9999988882257557;1.0026768390639704;1.0027001585604458;1.0;0.9999999999999999;0.99999462125422;1.000934454058911;1.0003816423518217;0.9999804656131528;0.9998787924308931;0.999930836501572;1.0;0.9997999140339267;0.9996645556383936;0.9997394553989045;0.9999999999999999;1.0024536505754935;0.9999291010418078;0.9999996233729336;1.0;1.0024226919333428;1.024999976158142;
2016-05-23 15:15:00;1.0;0.9999895347470596;1.0;0.999996954460315;0.9999358963699483;0.999995042513879;1.002654963571617;0.9999926598811989;0.999952274710964;1.0;0.9999995525396105;1.0023987589239782;1.0024594497599981;0.9999925881454058;0.9999969589076888;1.0;0.999999046259242;0.9999353389020073;1.0008761083666313;0.999989345441431;0.9999984197893178;1.0;0.999999257893261;1.0026416136849297;1.0026604879256193;1.0;1.0;0.9999958628915827;1.000910792653721;1.000365621331191;0.999972452348984;0.9998755245828339;0.9999405212956085;1.0;0.9998007665091558;0.9996651643513411;0.9997522609176972;1.0;1.00241789240657;0.9999388494328413;0.9999988065062438;1.0;1.0024312907088864;1.024999976158142;
2016-05-23 15:30:00;1.0;0.9999939426752928;1.0;0.9999961370327513;0.9999474488805621;0.9999951358724773;1.002598324625408;0.9999938106271968;0.9999619765452814;1.0;0.9999977550904183;1.0023555619355944;1.0024122545066214;0.9999940752825495;0.9999982378344424;0.9999999999999999;0.999998389340777;0.9999463352329411;1.00085703552857;0.9999915122760717;0.9999968470499547;1.0;0.9999987346742768;1.0025851345369532;1.0026041099336662;1.0;1.0;0.9999962188112883;1.0009017191350986;1.0003679472328193;0.9999875743985155;0.9998929389012986;0.9999524088460195;0.9999999999999999;0.9998009032475076;0.9996967088538362;0.9997734922343744;0.9999999999999999;1.0023664779275283;0.9999508036060882;0.9999976198952338;1.0;1.002386208762811;1.024999976158142;
2016-05-23 15:45:00;1.0;0.9999914129285526;0.9999999999999999;0.9999961329184323;0.9999418962578661;0.9999954673590113;1.0026340096899022;0.9999942240190385;0.9999594447977812;1.0;0.9999973580297348;1.002391047539852;1.002446475247181;0.9999938864812181;0.9999975061448886;1.0;0.9999981623201951;0.9999402694226033;1.0008682526187889;0.9999909469626218;0.9999953889098041;1.0;0.9999985313500932;1.0026206146599648;1.0026400324134406;1.0;1.0;0.9999963520125976;1.0008964859722231;1.0003398925251887;0.9999678392622969;0.9998762244935256;0.9999475508469963;1.0;0.999776319641096;0.9996729832956005;0.999761617055043;1.0;1.0023989038769063;0.9999456601095223;0.9999965213900182;1.0;1.002420826034673;1.024999976158142;
2016-05-23 16:00:00;1.0;0.9999935086561597;1.0;0.9999948112186099;0.9999366643756457;0.9999929907111473;1.0026546751996572;0.9999910120542441;0.9999518551159994;1.0;0.9999975428158978;1.00242571111046;1.0024800820433684;0.9999918766927184;0.9999981138019712;1.0;0.9999982064709294;0.9999361375551553;1.0008760508207868;0.9999892508658458;0.9999985028619128;1.0;0.9999986410265858;1.0026422052799908;1.0026600706300213;1.0;1.0;0.9999946374415645;1.0009053830174213;1.0003522180166584;0.9999666669534056;0.9998714262635996;0.9999418094191987;0.9999999999999999;0.9997884622296663;0.9996601916087913;0.9997551365589249;1.0;1.0024173713212765;0.9999401369925411;0.9999988693183499;1.0;1.002455055915999;1.024999976158142;
2016-05-23 16:15:00;1.0;0.9999914858218346;0.9999999999999999;0.9999976310707323;0.9999532149206247;0.9999965719647331;1.0025950771198155;0.9999950614163416;0.9999660151934394;1.0;0.9999991484178926;1.0023636319582319;1.002418256609214;0.9999946878230618;0.9999975252276176;0.9999999999999999;0.9999991015102404;0.9999525670379715;1.0008561990750662;0.999992414408265;0.9999981653365688;0.9999999999999999;0.9999992922795968;1.0025828845215166;1.0026002030815058;1.0;0.9999999999999999;0.9999971003385955;1.0008835485847891;1.0003427160869707;0.9999710046682188;0.9998811970015843;0.9999567397578975;1.0;0.9997893006794942;0.9996835632117395;0.9997683909024071;0.9999999999999999;1.0023630999452768;0.9999554458531534;0.9999986150094833;1.0;1.0023929749464784;1.024999976158142;
2016-05-23 16:30:00;1.0;0.9999888113612637;0.9999999999999999;0.999996569424753;0.9999484660533284;0.9999958094869981;1.0025608323699555;0.999994441435664;0.9999629132015644;1.0;0.9999978550421262;1.0023213290164978;1.002377473428639;0.9999935904817651;0.9999967521796692;1.0;0.9999985849573442;0.9999477859661099;1.0008450680419838;0.9999917212973009;0.9999980767928762;1.0;0.9999989092656055;1.002547852445431;1.0025664292570238;1.0;1.0;0.9999964714178751;1.0008667076013718;1.000338477446343;0.9999681129057725;0.9998814235791516;0.9999520254267035;1.0;0.999798460053534;0.9996876057461401;0.9997695905589332;1.0;1.0023321571614634;0.9999506250854043;0.9999985469037161;1.0;1.0023513198516283;1.024999976158142;
2016-05-23 16:45:00;1.0;0.9999956770698687;1.0;0.9999973962492738;0.999950526833958;0.9999963381723617;1.0025345757695752;0.9999949766993116;0.9999649000538601;0.9999999999999999;0.9999989389417842;1.0022923336711123;1.0023485387421376;0.9999954055718351;0.9999987404793368;1.0;0.99999882754661;0.9999490807614149;1.0008357243231283;0.999992165993176;0.9999959063523615;1.0;0.9999990343708645;1.0025217035699479;1.0025401688582163;1.0;1.0;0.9999971266862728;1.0008502087632365;1.0003307341324337;0.9999574264164798;0.9998710806753688;0.9999558781186774;1.0;0.9998076612815344;0.999670530928523;0.9997590550737441;1.0;1.0023085597930337;0.999954226594518;0.9999969110392976;1.0;1.002322833674965;1.024999976158142;
2016-05-23 17:00:00;1.0;0.9999901117197697;1.0;0.9999947687304676;0.9999240404197591;0.9999936628080596;1.0025513748221562;0.9999919386785648;0.9999463079004907;1.0;0.9999966724074865;1.002348705341125;1.0023933171053139;0.9999918772182245;0.9999971307905684;1.0;0.9999976323996502;0.9999220474024235;1.0008407404277775;0.9999880114159986;0.9999943498687529;0.9999999999999999;0.999998115058872;1.0025397921866621;1.0025568274911612;0.9999999999999999;1.0;0.999994981604669;1.0008897839956088;1.0003647760249055;1.0000009427694794;0.9999122204254303;0.9999314848002969;1.0;0.9997959276974685;0.9997361142649612;0.9998082376049762;1.0;1.0023231994701616;0.9999290475094511;0.9999957357933138;0.9999999999999999;1.0023724666730105;1.024999976158142;
2016-05-23 17:15:00;1.0;0.9999886658270363;1.0;0.9999965114127114;0.9999338419280435;0.9999952119630947;1.0024946817620135;0.9999932655328785;0.9999525938613341;1.0;0.9999984414785296;1.0023777010171324;1.002402666137506;0.9999927751646602;0.9999967140883549;1.0;0.9999985510722599;0.9999326072771947;1.0008220835080857;0.9999894163495544;0.9999965012421197;1.0;0.999998845401918;1.0024880402485763;1.0024977880273844;1.0;1.0;0.9999959867515513;1.0008853432329703;1.0003644093090818;1.0000175409177898;0.9999282413139529;0.9999393115772325;1.0;0.9997877265959186;0.9997621342371205;0.999842418643823;1.0;1.0022698425171788;0.9999373732842404;0.9999973591282506;1.0;1.002390595839445;1.024999976158142;
2016-05-23 17:30:00;1.0;0.9999859202602946;1.0;0.9999960294951475;0.9999180651757024;0.9999947337440821;1.0025023837600762;0.9999925253831261;0.9999425909995291;1.0;0.9999980124848218;1.00238113358815;1.002405263134896;0.9999916934197857;0.9999959154680522;1.0;0.9999981406809728;0.9999160370706048;1.0008239233064073;0.999987182310511;0.9999942416631367;0.9999999999999999;0.9999984872591392;1.0024952824960718;1.0025058931219757;1.0;1.0;0.9999955092117268;1.0008173408709848;1.0003044806563965;0.9999643236861958;0.9999002881072975;0.9999254167766619;1.0;0.9997902618715828;0.9997488715968585;0.9998360878636641;1.0;1.0022769636911457;0.9999228532110835;0.999995657747617;1.0;1.0023933793300057;1.024999976158142;
2016-05-23 17:45:00;0.9999999999999999;0.9999848366449821;1.0;0.999994462847868;0.9999203860128748;0.99999369787565;1.0025036607762077;0.9999919980837965;0.9999442054189712;0.9999999999999999;0.9999960000652197;1.0023941695091154;1.0024155284081928;0.999990861754282;0.9999956005455882;1.0;0.9999974431036577;0.9999185585579271;1.0008246064728072;0.999987541589685;0.9999948090729768;0.9999999999999999;0.9999979871335454;1.0024966313139554;1.0025073292233135;1.0;1.0;0.9999947879966034;1.0008600443498277;1.0003512533927743;1.0000008248037735;0.9999233666037596;0.9999271295839349;0.9999999999999999;0.999800167616868;0.9997695151591621;0.9998506193480774;0.9999999999999999;1.0022779924373366;0.9999246962953559;0.9999960847147722;1.0;1.0024048214841124;1.024999976158142;
2016-05-23 18:00:00;0.9999999999999999;0.9999870067402347;1.0;0.9999885363505672;0.9999291955710065;0.9999885832752442;1.0025791201211087;0.9999881427961149;0.9999474028171512;1.0;0.9999897903372532;1.0024678519168653;1.0024919770844216;0.9999876295716933;0.9999962207161817;1.0;0.99999525198398;0.9999286687544512;1.000851083538278;0.999988251250691;0.9999984848185944;1.0;0.9999964632069964;1.0025705018588162;1.0025838599305597;1.0;1.0;0.9999914165084549;1.0008439738872335;1.0003325149079498;0.999974834473912;0.9999129785446815;0.9999339744990123;1.0;0.9998028057910009;0.999772927725031;0.9998495739446246;1.0;1.0023469125461029;0.9999321672224217;0.9999988552266841;1.0;1.002480168246768;1.024999976158142;
2016-05-23 18:15:00;1.0;0.9999849118714035;1.0;0.999991987357348;0.9999266450107238;0.9999915103940699;1.0025058688286705;0.9999902966058072;0.999946715238905;1.0;0.9999934643314764;1.0024151321013042;1.0024335788263068;0.9999892832892096;0.9999956098032634;1.0;0.9999966410774194;0.9999257857533099;1.0008262882849195;0.9999881003345511;0.9999975502132603;1.0;0.9999974638348316;1.0024992354390363;1.0025094623259727;1.0;1.0;0.9999933092147529;1.0009476098180892;1.0004311497542961;1.0000732609677287;0.9999682035717881;0.9999317089662658;1.0;0.9997982344809558;0.9998079256299574;0.9998751968975911;1.0;1.0022797085809867;0.9999297456410492;0.9999981511321214;1.0;1.0024241903399973;1.024999976158142;
2016-05-23 18:30:00;1.0;0.999977757614562;1.0;0.9999935239499559;0.9998915313441828;0.999992073364506;1.0025238883154477;0.99998931972659;0.9999233268266666;1.0;0.9999959862785885;1.0024138964675173;1.0024340424809652;0.9999875500717955;0.999993535512209;1.0;0.9999971315044085;0.9998894404412368;1.0008311143528543;0.9999828748539541;0.9999940518461349;1.0;0.9999977389707932;1.0025167396519206;1.0025276622778685;1.0;1.0;0.9999932389251032;1.0009689488978584;1.0004342608162369;1.000086326493763;0.9999774436963863;0.9998999985392605;1.0;0.9997760075572016;0.9998183851249328;0.9998803368905571;1.0;1.0022962697345723;0.9998968256129932;0.999995512631483;1.0;1.0024233894099486;1.024999976158142;
2016-05-23 18:45:00;1.0;0.9999753685122102;1.0;0.9999928143780046;0.9998992407035064;0.9999914152598128;1.0024948590920475;0.9999887446747957;0.9999269617467752;1.0;0.999995285970752;1.002384965742505;1.0024071188947166;0.9999865858219056;0.999992861491778;1.0;0.9999971281748656;0.9998983631262631;1.0008226387669816;0.9999836883818836;0.9999974913806441;1.0;0.999997821599817;1.0024876659601658;1.0024984719931709;1.0;1.0;0.9999927016567147;1.0009405627839632;1.0004220909246033;1.0000710737399316;0.9999681206931036;0.9999052333925096;1.0;0.9997919107928971;0.9998105261934711;0.9998742110412524;1.0;1.0022696980115835;0.99990266673942;0.9999981078976458;1.0;1.0023953973409432;1.024999976158142;
2016-05-23 19:00:00;1.0;0.99997500803551;1.0;0.9999865346118787;0.9998974166122019;0.999986771745188;1.002579493642313;0.999985776217092;0.9999260213993052;1.0;0.9999878037231769;1.0024764707751668;1.0024960291110543;0.9999834312038333;0.9999927532233454;1.0;0.9999942169077024;0.9998963659010017;1.0008507640832311;0.9999834732530615;0.9999969851990534;0.9999999999999999;0.9999956634814039;1.0025705950476294;1.0025846855155003;1.0;1.0;0.9999895786754894;1.0009905069852447;1.0004583311114423;1.0000972988447834;0.9999900729362092;0.9999037124195529;1.0;0.9997866961370139;0.9998416596435445;0.9998944117154013;1.0;1.0023469707861417;0.9999010476065394;0.9999977246441253;1.0;1.002485454288107;1.024999976158142;
2016-05-23 19:15:00;1.0;0.9999844769905509;1.0;0.9999872864400262;0.9999143075010989;0.9999875047786693;1.0025374768670656;0.9999870079030039;0.9999378814124626;1.0;0.999988486395205;1.0024407407220348;1.0024595051025789;0.9999861839298181;0.9999954890184168;1.0;0.9999945201620853;0.9999130560901981;1.0008367417889787;0.9999861239977692;0.9999964207343842;1.0;0.9999958729482833;1.0025291319278193;1.0025424113419619;1.0;0.9999999999999999;0.9999905409342397;1.0010351576015568;1.0004989503468165;1.0001553246846149;1.000036472149153;0.999920842583148;1.0;0.9997713307643518;0.9999041083955511;0.9999293319875526;1.0;1.0023089153792883;0.9999184535262127;0.9999972999633184;1.0;1.0024499441017534;1.024999976158142;
2016-05-23 19:30:00;1.0;0.999985268920149;1.0;0.9999864696669382;0.9999072400838184;0.9999861254824616;1.0025300905260326;0.9999852204210458;0.9999313826437791;1.0;0.9999884230737939;1.0024349187628088;1.0024538417169147;0.9999849994104447;0.9999957310798209;1.0;0.9999943930135802;0.9999062215729069;1.000834547874903;0.9999846720497846;0.9999970767719963;1.0;0.9999957955581736;1.0025218453420905;1.0025349424721173;1.0;0.9999999999999999;0.9999895724738352;1.0010415603835066;1.0005136827482135;1.000161738388689;1.0000389404091594;0.9999142461747804;1.0;0.999783904762684;0.9999029177615302;0.9999283997382378;0.9999999999999999;1.0023021818821722;0.9999117559644481;0.9999977950710027;1.0;1.0024442669970832;1.024999976158142;
2016-05-23 19:45:00;1.0;0.9999821639867064;1.0;0.9999868491902267;0.9998868946315493;0.9999851451059283;1.0025028286929758;0.9999828450908888;0.9999149433858413;1.0;0.9999903662249943;1.0024021094914546;1.0024227514119657;0.9999828714760701;0.9999948210091443;1.0;0.9999949227901216;0.9998861763320981;1.00082586340714;0.9999809972660536;0.9999979254849832;1.0;0.9999962071303685;1.0024948428603773;1.0025072894659988;1.0;1.0;0.9999886194659312;1.001115759891765;1.000588174849503;1.0002256773225038;1.0000736526528895;0.9998948402204323;0.9999999999999999;0.9997909190276962;0.9999221620675307;0.9999379860184243;1.0;1.0022773082332772;0.9998919738421055;0.9999984331860489;0.9999999999999999;1.0024121819369038;1.024999976158142;
2016-05-23 20:00:00;1.0;0.9999825988288343;1.0;0.9999933221167265;0.9998951355892037;0.9999903911757572;1.0024250968459025;0.9999867801200953;0.9999211499105631;1.0;0.9999975409420805;1.002336158185121;1.002354708039321;0.9999867002057788;0.9999949417825904;1.0;0.9999978093212301;0.9998945474692057;1.0007999131532819;0.9999823886858652;0.9999983153574135;1.0;0.9999983439818065;1.0024196793678128;1.002427677141116;1.0;1.0;0.9999921899546863;1.0011469195203266;1.0006158811831147;1.0002686867718005;1.0000986298561263;0.9999022748893461;1.0;0.999777712342691;0.999940168117179;0.9999501679718882;1.0;1.0022060060776776;0.9998996486757722;0.9999987270336849;1.0;1.0023451131301775;1.024999976158142;
2016-05-23 20:15:00;0.9999999999999999;0.9999745791807176;1.0;0.9999927389760551;0.9998749317270853;0.9999894930405808;1.002395861936261;0.9999851377590281;0.9999066271905497;0.9999999999999999;0.9999974012160482;1.0023005396877813;1.0023198373614357;0.9999839684416844;0.9999926096809486;1.0;0.9999976254459436;0.9998744049391192;1.000790435651876;0.9999791424980754;0.9999984796996652;1.0;0.9999982127442284;1.002390026119714;1.0023986127752267;1.0;1.0;0.9999911470736303;1.0011772384010555;1.0006559236367536;1.0003065172724623;1.0001264215763856;0.999882507442534;1.0;0.9997872338398422;0.9999733160356697;0.9999691841649909;1.0;1.0021793667848358;0.999879467434225;0.9999988512265175;1.0;1.002309346305565;1.024999976158142;
2016-05-23 20:30:00;1.0;0.9999713287056753;0.9999999999999999;0.9999946879896255;0.9998746431228909;0.9999920616209239;1.002393212423086;0.9999878886257868;0.9999096288300927;1.0;0.9999984066054651;1.0022910578597402;1.0023099095746548;0.9999855408920795;0.9999916615101292;1.0;0.9999979980130485;0.9998731772536542;1.0007886672056185;0.9999798134092335;0.9999958201620275;0.9999999999999999;0.9999984215141964;1.0023871521932806;1.002396138594401;1.0;1.0;0.9999928166959124;1.0011810299448993;1.0006599594543217;1.0003165826092018;1.0001386915558836;0.999882841846617;1.0;0.9997833504352424;0.9999968833247456;0.999983348507345;1.0;1.0021770445581908;0.9998795092284815;0.9999968454683387;1.0;1.0022993931555573;1.024999976158142;
2016-05-23 20:45:00;0.9999999999999999;0.9999780477996316;1.0;0.9999899899328759;0.9998793714132729;0.9999884952620006;1.0024024057659118;0.999985857316508;0.9999132356184942;1.0;0.9999929112979753;1.0023009378637497;1.0023189612965662;0.9999846701250747;0.9999936149483707;1.0;0.9999957648922959;0.9998773617298217;1.000791508194587;0.9999806169843545;0.9999942676232169;1.0;0.9999967373090589;1.0023948710061719;1.0024066695775145;1.0;1.0;0.9999907527579447;1.001194084721098;1.0006784984804091;1.0003259221129934;1.0001447794905765;0.9998888507941959;0.9999999999999999;0.9997939916818468;1.000002626367586;0.9999865704041723;1.0;1.0021859556832806;0.9998854053066893;0.9999956752725755;1.0;1.002309286784565;1.024999976158142;
2016-05-23 21:00:00;1.0;0.9999824541878582;1.0;0.9999791209563559;0.9999180678669461;0.9999819257079652;1.0025445324932187;0.999983937364962;0.9999416644785917;1.0;0.9999782310617379;1.0024509984713441;1.0024678320634017;0.9999822597496344;0.9999949004466124;0.9999999999999999;0.9999906460776775;0.9999167197987768;1.0008396696814321;0.9999869593517858;0.9999961246275536;1.0;0.9999930104016823;1.0025335398907118;1.002551725242091;1.0;1.0;0.9999867277429121;1.0012943809630523;1.0007553931889452;1.0003693921077494;1.0001675242924115;0.9999240747203045;1.0;0.9997961646669283;1.0000132105648978;0.9999931709807702;1.0;1.0023158979785685;0.9999217593998806;0.9999970720355639;1.0;1.0024590028380478;1.024999976158142;
2016-05-23 21:15:00;1.0;0.9999671308138789;0.9999999999999999;0.9999858749089526;0.9998873477389927;0.9999863506108383;1.0025191914490434;0.9999851574150069;0.9999191979936953;1.0;0.9999869452914452;1.0024169277424324;1.0024357794706993;0.9999813919904259;0.9999904722924315;1.0;0.9999939205838997;0.9998865298967872;1.0008312340302776;0.9999819468323307;0.9999976357164623;1.0;0.9999954613714944;1.002510067980092;1.0025245219798211;1.0;1.0;0.9999889229604538;1.0012366846245664;1.0006857431848133;1.0003212900374074;1.0001330638397077;0.9998930180414177;1.0;0.999772001765193;0.9999737375736126;0.9999707742463645;1.0;1.0022919997296522;0.9998902422309612;0.9999982154316301;1.0;1.0024249781165004;1.024999976158142;
2016-05-23 21:30:00;1.0;0.9999688694082075;1.0;0.9999830476394836;0.999872416223252;0.9999832586512015;1.0025474280421838;0.9999819940150473;0.9999076596679052;1.0;0.9999847680854226;1.002442463111898;1.0024613318846298;0.999979088356689;0.9999909586659044;1.0;0.9999927871149961;0.9998712429356128;1.0008404499395018;0.9999793631958762;0.9999966122425066;0.9999999999999999;0.9999946009268869;1.002537542892149;1.0025533894846999;1.0;1.0;0.9999867993794432;1.0012725117884267;1.000726697855725;1.0003442316622726;1.000146436195189;0.9998800800758085;1.0;0.9997882502851628;0.9999833504337822;0.9999759848061849;1.0;1.0023179678769998;0.9998768087486632;0.9999974416750164;1.0;1.0024506392012393;1.024999976158142;
2016-05-23 21:45:00;1.0;0.999947049096148;1.0;0.9999892816116428;0.9998152104582966;0.9999874095669558;1.0025311180934766;0.9999826107609394;0.9998693865662935;1.0;0.999992773199989;1.0024005255297168;1.0024217952046048;0.9999764397146437;0.9999846211759301;1.0;0.99999539205432;0.9998130384933798;1.0008339119962877;0.9999708095604364;0.9999937674136238;1.0;0.9999964510725773;1.0025217965366826;1.0025361484545983;1.0;1.0;0.9999884313670574;1.0012612251737736;1.000715334117419;1.000339289826777;1.0001438523455288;0.9998256364845322;1.0;0.9997838295706468;0.9999820558385992;0.9999756115660972;1.0;1.0023027134218028;0.9998208007880975;0.999995296332007;1.0;1.0024085003938734;1.024999976158142;
2016-05-23 22:00:00;1.0;0.9999685815325945;1.0;0.9999808487087992;0.999855863772025;0.9999818992404585;1.0025691792586546;0.9999812453822746;0.9998990639573233;1.0;0.9999818594921419;1.0024478536202797;1.0024670259106672;0.9999781589434582;0.9999908694032268;0.9999999999999999;0.9999912640883203;0.9998528936050356;1.0008462523084265;0.9999774371585768;0.9999914960029358;1.0;0.9999933522388222;1.002557432595583;1.0025766045496876;1.0;1.0;0.9999858584359806;1.0012950463432273;1.0007483410244409;1.0003580352500745;1.000155399718482;0.9998670501989241;0.9999999999999999;0.99979253771297;0.9999918227585323;0.9999805151313484;1.0;1.002338426311936;0.9998627845060285;0.9999935827042546;0.9999999999999999;1.0024561746639602;1.024999976158142;
2016-05-23 22:15:00;1.0;0.9999762414513722;1.0;0.9999853130150096;0.9998813880546232;0.9999859109815582;1.002515826050555;0.9999851651211974;0.9999172273240925;0.9999999999999999;0.9999863245582049;1.0024076462624403;1.0024252168441043;0.9999830349856866;0.9999930899796077;1.0;0.9999932342110269;0.9998786399327481;1.0008285784987256;0.9999815022061197;0.9999921545852504;1.0;0.9999948200712081;1.0025060505982497;1.002521901513087;1.0;1.0;0.9999890122024635;1.001254754613203;1.0007248801998536;1.000341120469138;1.0001472387670636;0.9998912804522028;1.0;0.9998025938445365;0.9999897858077293;0.9999799813258416;1.0;1.0022895996930714;0.9998876539520819;0.9999940801800086;0.9999999999999999;1.0024156211832473;1.024999976158142;
2016-05-23 22:30:00;1.0;0.9999698100518339;1.0;0.9999924870779032;0.9998521691979022;0.9999895472591968;1.0024411574968446;0.9999850075757614;0.9998935300002617;1.0;0.9999968404818325;1.002335782724705;1.0023539019014813;0.9999829467217595;0.9999912257451847;1.0;0.9999970400648024;0.9998500629225503;1.0008040607717945;0.999976212728545;0.9999939970638839;1.0;0.9999976704834507;1.0024344127732217;1.0024446744032576;1.0;1.0;0.9999909420096904;1.0012153464285456;1.0007041352668846;1.0003294399301257;1.0001413479702965;0.9998628500671725;1.0;0.9998125476974716;0.999987599399087;0.999979004617834;1.0;1.0022208444755327;0.9998587701032882;0.9999954673032302;1.0;1.0023436121799938;1.024999976158142;
2016-05-23 22:45:00;1.0;0.9999721229868097;1.0;0.99999289698099;0.9998675855992494;0.9999904197892876;1.0024334692769128;0.999986454904691;0.9999046627408771;1.0;0.9999966493942851;1.0023325549363988;1.0023503822884192;0.9999844275719242;0.9999918937478665;1.0;0.9999971729343864;0.9998657642846539;1.0008017108645464;0.9999787024212927;0.9999948097538911;1.0;0.9999977884084765;1.0024269553766194;1.0024368547734135;0.9999999999999999;0.9999999999999999;0.9999917149248579;1.0012027515093356;1.0006900272561112;1.0003182619660898;1.0001322208953742;0.9998769424565505;1.0;0.9998093997621967;0.999975049424796;0.9999719097940732;1.0;1.002213787387866;0.9998733156696038;0.9999960819167584;1.0;1.0023403843664744;1.024999976158142;
2016-05-23 23:00:00;1.0;0.9999695223795523;1.0;0.9999921700452833;0.9998550693598971;0.9999895328879946;1.002443187198055;0.9999852651179924;0.9998959080263446;1.0;0.99999620245234;1.0023372323967128;1.0023554436552224;0.9999830081910324;0.999991136543964;1.0;0.999996843446706;0.9998529785331977;1.0008047610167166;0.9999767430060739;0.9999940283624178;1.0;0.9999975266363386;1.0024362393380533;1.0024468554357702;0.9999999999999999;1.0;0.9999909463382922;1.0011682403413151;1.000663760050661;1.0002925815692127;1.0001210666293359;0.9998654360226068;1.0;0.9998159794904006;0.9999755693823543;0.9999721521188515;1.0;1.0022227202448548;0.9998614325884476;0.9999954942764103;1.0;1.002345090961023;1.024999976158142;
2016-05-23 23:15:00;1.0;0.9999704590379628;1.0;0.9999917315739569;0.999847043434899;0.9999887059702971;1.002442352379987;0.9999841225065836;0.9998897555070483;1.0;0.9999962707071473;1.0023355721777976;1.0023536950459242;0.9999823591220269;0.9999914199562674;1.0;0.9999967113455195;0.9998447412176756;1.0008042936749653;0.9999753690123955;0.9999934267213773;1.0;0.9999974144400472;1.0024353608875156;1.0024460754640154;1.0;1.0;0.9999903790989293;1.0011801977584793;1.0006655094233832;1.0002999736131122;1.0001238555045677;0.9998585098782908;1.0;0.9998035244763617;0.9999741470466588;0.999971312674923;1.0;1.0022220221062168;0.9998542349703187;0.9999950409109177;1.0;1.0023434501424495;1.024999976158142;
2016-05-23 23:30:00;1.0;0.9999691578908695;1.0;0.9999938934108351;0.9998421065346342;0.9999910903825944;1.002407497311441;0.9999863830140758;0.9998891985248433;1.0;0.9999979249620445;1.0022930646616852;1.002310719791792;0.9999840291320069;0.9999910446070928;1.0;0.9999972009145631;0.9998386080482143;1.0007916249266215;0.9999752481193203;0.9999900333325709;1.0;0.999997691419464;1.0024003972480828;1.002411329898049;1.0;1.0;0.9999919812027945;1.0012134817844527;1.000702595360036;1.0003350853656545;1.0001441719444757;0.9998552093984991;1.0;0.999808037538319;0.9999885675796892;0.9999800828840615;0.9999999999999999;1.0021904739409209;0.9998504307497614;0.999992485250396;1.0;1.002300596543185;1.024999976158142;
2016-05-23 23:45:00;0.9999999999999999;0.9999768178207326;1.0;0.9999949538794974;0.9998712672869099;0.9999927242794535;1.002367820134742;0.9999890120936918;0.9999101171331372;1.0;0.9999981842783273;1.0022627998848126;1.0022796115075043;0.9999874233171202;0.9999932651851589;1.0;0.9999975987488566;0.9998680610688477;1.0007788010063319;0.9999799223594652;0.9999908939530308;1.0;0.9999980051719308;1.00236136883873;1.0023713004283932;1.0;1.0;0.9999935478518738;1.0012115839229596;1.0007158287156508;1.0003428535507004;1.000147463517922;0.9998826772918458;0.9999999999999999;0.9998244961385022;0.999988005391372;0.999979640484785;1.0;1.002154399939522;0.9998786491469626;0.9999931278097944;1.0;1.002270401053142;1.024999976158142;
2016-05-24 00:00:00;1.0;0.9999639472202113;1.0;0.9999915357370265;0.9998388156148096;0.9999875078778776;1.0023762804623852;0.9999818152728003;0.9998803775560064;1.0;0.9999972588601886;1.0022794201190814;1.0022976186636727;0.9999795421647856;0.9999895659806403;1.0;0.9999972491608152;0.9998381586633912;1.000783877619867;0.9999732795811808;0.9999981018461713;1.0;0.9999979262483805;1.0023702284236413;1.0023791620610103;1.0;1.0;0.9999891827723889;1.0012043965086819;1.0007022403516859;1.0003354052640814;1.0001438986817903;0.9998480383765458;0.9999999999999999;0.999814993569805;0.9999872344138445;0.9999794288902497;1.0;1.002161352936411;0.9998441576010203;0.9999985667654011;1.0;1.0022868959244648;1.024999976158142;
2016-05-24 00:15:00;0.9999999999999999;0.9999688651151668;1.0;0.9999929240563278;0.9998622228382698;0.9999892224410322;1.0023297998259932;0.9999841340289297;0.9998969836877971;1.0;0.9999981002213487;1.0022418609274404;1.0022593059273628;0.9999822503863129;0.9999909749298517;1.0;0.9999978518465575;0.9998619886285018;1.0007688887676434;0.9999769897625007;0.9999993098870242;1.0;0.9999984001432654;1.0023245246621457;1.0023321831504683;1.0;1.0;0.9999906505519822;1.0011966046578369;1.0007082150376678;1.0003420552045714;1.000148739821005;0.9998696715671119;1.0;0.9998261897855957;0.9999928611068982;0.9999827442669175;1.0;1.002118977124868;0.9998664623322969;0.9999994772103429;1.0;1.0022492610856468;1.024999976158142;
2016-05-24 00:30:00;1.0;0.9999819481306664;1.0;0.9999946113340671;0.999894229518102;0.9999915168593795;1.0022693044671815;0.9999876386024128;0.9999210351173492;1.0;0.9999988737920414;1.0021903412052988;1.0022061102076907;0.999987378787229;0.9999947540750064;1.0;0.9999983072572869;0.9998934622236761;1.0007484024753401;0.9999823652418742;0.9999978074566538;1.0;0.9999986984526206;1.0022647291774334;1.0022714324821709;1.0;0.9999999999999999;0.9999929260498809;1.001184423318799;1.0007187961182804;1.000347801629063;1.0001517246664522;0.9999015540778035;1.0;0.9998487949226285;0.999994113417512;0.9999834768675323;0.9999999999999999;1.0020641823193117;0.9998988526540459;0.9999983458143038;1.0;1.0021977274420995;1.024999976158142;
2016-05-24 00:45:00;1.0;0.9999791299618674;1.0;0.9999939520183161;0.99989426278575;0.9999914729278776;1.0022906524166646;0.9999879996334596;0.9999220849752352;0.9999999999999999;0.9999975677471906;1.0022081412291266;1.00222411236193;0.9999869752896056;0.9999939364495076;1.0;0.9999978555654737;0.9998933653016077;1.000755387744685;0.9999825987357972;0.9999974332760169;1.0;0.9999983563737525;1.0022855026225579;1.0022931883547581;1.0;1.0;0.999992813994326;1.001191964939961;1.000721601753018;1.0003487817463241;1.0001525785472665;0.9999012977604607;1.0;0.9998460560149075;0.9999954007988933;0.9999843559679933;1.0;1.0020836657058017;0.999898574789417;0.9999980642322495;1.0;1.0022154425334264;1.024999976158142;
2016-05-24 01:00:00;1.0;0.9999746460314978;0.9999999999999999;0.9999954019698348;0.9998941795446398;0.9999929170802837;1.0022115570926677;0.9999891465533963;0.9999225339533478;0.9999999999999999;0.9999988591687368;1.0021291395043168;1.0021450927687356;0.9999871472582746;0.9999926515198452;1.0;0.9999984597120406;0.9998935026499728;1.0007294721343378;0.9999826999520636;0.9999980650761753;1.0;0.999998817166814;1.002206756627724;1.0022137577466597;1.0;1.0;0.9999936107484506;1.0011782522784403;1.0007404915719207;1.0003637974123554;1.0001662949850136;0.9999002666032646;1.0;0.999876368453227;1.0000165997328114;0.9999969050190665;1.0;1.002011559278355;0.9998976473234709;0.9999985397875576;0.9999999999999999;1.0021361236320485;1.024999976158142;
2016-05-24 01:15:00;1.0;0.9999810792380034;0.9999999999999999;0.9999961981817495;0.999913302234725;0.9999941740994411;1.0021777829468979;0.9999911671173164;0.9999368342468973;1.0;0.9999990204800752;1.0021012113940033;1.0021161625949242;0.9999898585771921;0.9999945092581881;1.0;0.9999986582489915;0.9999124613322428;1.000718176640135;0.9999858949860181;0.9999976109067684;1.0;0.9999989520110485;1.0021733531646344;1.0021798515474296;1.0;1.0;0.9999948348556766;1.001174038224967;1.000748060292644;1.000371257705079;1.000172675468342;0.9999189160601824;1.0;0.9998863929982422;1.0000258601391103;1.0000023258196864;1.0;1.001980934578477;0.9999166614617752;0.9999981958088563;1.0;1.0021080909845497;1.024999976158142;
2016-05-24 01:30:00;0.9999999999999999;0.9999816596422083;1.0;0.9999958947785035;0.9999140296922358;0.9999935694910813;1.0021420134536698;0.9999903893233149;0.9999360893989747;1.0;0.9999991035057664;1.0020700171365666;1.0020847963809643;0.9999893802467129;0.9999946681332016;1.0;0.9999987267347552;0.9999136453707368;1.000706814580822;0.9999857285905259;0.9999988998647329;1.0;0.9999990345089077;1.0021379037657843;1.0021438466377361;1.0;1.0;0.9999944207822828;1.0011846413236596;1.0007804415308041;1.0003908510808945;1.0001848287942061;0.9999191293418371;1.0;0.9999134978390722;1.0000363486406205;1.000008353768445;1.0;1.001948306061215;0.9999170381517721;0.9999991693702203;1.0;1.0020768405512444;1.024999976158142;
2016-05-24 01:45:00;1.0;0.9999804293811289;0.9999999999999999;0.9999944312623593;0.999917797555729;0.9999927189254879;1.0021170500352832;0.9999901070562813;0.999938842972868;1.0;0.9999970820010553;1.0020455535887207;1.0020603582193714;0.9999887137682668;0.9999943182934751;1.0;0.9999980509915087;0.9999176353912441;1.0006988832969799;0.9999863437657327;0.9999995291791197;0.9999999999999999;0.9999985519884302;1.0021124370702834;1.0021192693433076;1.0;1.0;0.9999938353881964;1.001192307673804;1.0008087840446518;1.0004044769570635;1.0001926272902169;0.9999221127256123;0.9999999999999999;0.9999409636303229;1.0000416857563412;1.0000114948387062;1.0;1.0019256633772435;0.999920196689365;0.9999996439787794;1.0;1.0020523072328942;1.024999976158142;
2016-05-24 02:00:00;1.0;0.99997421116464;1.0;0.999996408830886;0.9999101624562644;0.9999947620497028;1.0021045580633878;0.9999917072129122;0.9999352821425722;1.0;0.9999987601996608;1.0020239111886566;1.0020395491185254;0.9999889610021762;0.9999925307443893;1.0;0.9999986793805207;0.9999095759193904;1.000694280651228;0.9999855502585184;0.9999983310343736;1.0;0.9999989854224651;1.002099829485783;1.0021067220127617;1.0;0.9999999999999999;0.9999949590930294;1.0011595279774166;1.0007850617518217;1.0003815566490184;1.00017922345569;0.9999146713478629;1.0;0.999948222437648;1.0000318163762452;1.0000058647170524;1.0;1.0019142480370646;0.9999124774233809;0.9999987402803562;1.0;1.0020306937914893;1.024999976158142;
2016-05-24 02:15:00;1.0;0.9999795630891063;0.9999999999999999;0.9999969819134096;0.9999254709761726;0.9999957125978859;1.0021049713415635;0.9999932930131173;0.9999467772460877;1.0;0.9999988259448158;1.0020297645757643;1.0020443668085786;0.9999911261600838;0.9999940637269936;1.0;0.9999988054719715;0.9999247220015389;1.0006942815350954;0.999988116486493;0.999997872632823;1.0;0.999999066976041;1.0021005583765499;1.002107035880853;1.0;1.0;0.9999959053133521;1.001169446155576;1.00079541650978;1.000391161448066;1.0001864123570383;0.9999296729162412;1.0;0.9999490917418924;1.000040693731987;1.000011241045787;1.0;1.0019146915356314;0.9999277566033334;0.9999983939957782;1.0;1.0020363464090312;1.024999976158142;
2016-05-24 02:30:00;1.0;0.9999812265109489;1.0;0.9999974261705622;0.9999252452890768;0.9999958744787822;1.0020985356073193;0.9999932696196691;0.9999463501141806;1.0;0.9999995519712318;1.0020239603218504;1.0020385301481067;0.9999914988096946;0.9999945408553879;1.0;0.9999990398988178;0.9999244350240234;1.0006920738905343;0.9999880214060293;0.9999977015945434;1.0;0.9999992354771161;1.002094356673929;1.0021004361629482;1.0;1.0;0.9999960691107862;1.0011800871862184;1.000804125597973;1.0003983320935887;1.0001878049980089;0.9999297971915803;1.0;0.999948462059437;1.0000353333073864;1.0000080389706072;1.0;1.0019088403380905;0.9999278429421262;0.9999982645566335;1.0;1.0020306385741777;1.024999976158142;
2016-05-24 02:45:00;0.9999999999999999;0.9999805766433798;1.0;0.9999958763981457;0.9999285402476318;0.9999948049925386;1.002102754931239;0.9999926936309679;0.9999484234533078;1.0;0.9999976107044098;1.0020294178530127;1.002044022137552;0.9999907222527246;0.9999943498897863;1.0;0.9999983808590777;0.9999280149950917;1.0006938056107229;0.9999884839002671;0.9999985024658727;1.0;0.9999987696769457;1.0020981447275055;1.002104990095788;1.0;1.0;0.9999953457090701;1.0011832102318914;1.000801834041881;1.000401172880427;1.0001913180745619;0.9999323658982633;1.0;0.9999404423565632;1.0000421421308545;1.0000119352102834;1.0;1.0019127112922062;0.9999305904438758;0.9999988700246197;1.0;1.0020360692868056;1.024999976158142;
2016-05-24 03:00:00;1.0;0.9999582474883106;1.0;0.9999953086327297;0.9998711851385331;0.9999929481705777;1.0021606761986006;0.9999883686979838;0.9999069252553836;0.9999999999999999;0.9999986428270933;1.0020654720774358;1.002083407587572;0.9999834651205111;0.9999878758148067;1.0;0.9999984118521958;0.9998709003743877;1.0007132325577561;0.9999792092629745;0.9999991676493255;1.0;0.99999880938085;1.002155087390009;1.002163133790465;1.0;1.0;0.9999928514125341;1.0012399924561124;1.0008542143793937;1.0004303806998442;1.0002051665165885;0.9998762481801007;0.9999999999999999;0.9999520596284508;1.0000449742040487;1.0000130426031446;0.9999999999999999;1.001965123794437;0.999873316784763;0.9999993699158369;1.0;1.0020723998159375;1.024999976158142;
2016-05-24 03:15:00;1.0;0.9999647507928722;0.9999999999999999;0.9999953623799878;0.9998860346774872;0.9999935040264101;1.0021429777161404;0.9999897197041434;0.9999182518752542;0.9999999999999999;0.9999980935325451;1.0020516156886068;1.0020686388734263;0.9999856316222658;0.9999897623771435;1.0;0.9999982526433799;0.9998853976017507;1.0007070472804787;0.9999817414451373;0.9999981740302762;1.0;0.9999986673234293;1.0021374405383539;1.0021455529460317;1.0;1.0;0.9999935977748533;1.001225919796326;1.000845009769092;1.000423388806197;1.0002010455417167;0.9998912332011765;1.0;0.9999547429000469;1.0000418634917707;1.0000113711909213;1.0;1.0019491907276794;0.9998885001851263;0.9999986214428046;1.0;1.0020584949386706;1.024999976158142;
2016-05-24 03:30:00;1.0;0.9999815132462676;1.0;0.9999977745199924;0.9999350010148333;0.9999966340249175;1.0020669116685874;0.9999944377016446;0.9999537020951231;1.0;0.9999993745740278;1.0019910866229729;1.0020063235141001;0.9999924004006664;0.9999946332897647;1.0;0.9999991259647737;0.999934363907898;1.0006818079797697;0.9999896641426318;0.9999981917095143;1.0;0.9999993110593239;1.002062645909671;1.0020688304310947;1.0;1.0;0.9999966560432416;1.0011906592506892;1.000824405005433;1.0004156189361093;1.0001984678484037;0.9999385437143996;1.0;0.999958730536184;1.0000444490062526;1.0000124986977323;1.0;1.0018801080266542;0.9999368827168836;0.999998635258955;1.0;1.0019981525998873;1.024999976158142;
2016-05-24 03:45:00;1.0;0.9999855582510205;1.0;0.9999969689104933;0.9999462081140047;0.9999960368442266;1.0020441816613264;0.9999943533139831;0.9999608372506431;1.0;0.9999984104300333;1.0019762677194013;1.0019906474903861;0.9999929758409524;0.9999958137641147;1.0;0.9999988690142404;0.9999459248922545;1.0006746380569753;0.9999912583698515;0.9999991954257719;1.0;0.9999991464737027;1.002040136212455;1.0020460470540853;1.0;0.9999999999999999;0.9999964647253046;1.0011803686303424;1.0008160140569118;1.0004111724512619;1.000194400202948;0.9999489858609157;1.0;0.9999577413199698;1.0000381145444543;1.0000092522485597;1.0;1.0018594169694475;0.9999476861810442;0.9999993926300317;1.0;1.0019831464521887;1.024999976158142;
2016-05-24 04:00:00;0.9999999999999999;0.999993653342905;0.9999999999999999;0.9999973533865483;0.999964061381946;0.9999968419148357;1.0020393823354767;0.9999959757058635;0.9999742024842927;1.0;0.999998254985569;1.0019775520666807;1.0019906804672958;0.9999956709552028;0.9999981551500239;1.0;0.999998874453398;0.9999634273838839;1.0006726922943125;0.9999942433630327;0.9999981984840361;1.0;0.9999991258884829;1.0020356224040816;1.002041226013318;0.9999999999999999;1.0;0.9999974474913281;1.0011531243720675;1.0007876248869443;1.000391897474386;1.0001849997026162;0.9999669597406298;1.0;0.9999507106307103;1.00003545188234;1.0000079714150687;0.9999999999999999;1.001855192104431;0.9999659195706637;0.9999986426188303;1.0;1.0019843052525337;1.024999976158142;
2016-05-24 04:15:00;1.0;0.9999918452121159;1.0;0.9999970363381342;0.9999529868782393;0.9999965751332325;1.002051625405015;0.9999955647725781;0.9999673841083603;1.0;0.9999979161813125;1.0019821275167977;1.0019956624573705;0.9999950174205633;0.9999976366796433;1.0;0.9999985635089589;0.9999517079261651;1.0006761949793936;0.9999927206776268;0.9999963674211454;1.0;0.9999988514646078;1.0020472838252859;1.0020538789206463;1.0;0.9999999999999999;0.999997170218085;1.001159437027407;1.0007917886776383;1.0003935608130077;1.000185600544657;0.999957331711211;1.0;0.9999505461257405;1.0000350470844162;1.000007566277265;1.0;1.001866510523543;0.9999558228890711;0.9999972625061008;0.9999999999999999;1.001988979436317;1.024999976158142;
2016-05-24 04:30:00;1.0;0.9999927852617398;1.0;0.9999976424043192;0.999952752464959;0.9999966567365463;1.0020470278093943;0.9999952424342425;0.9999661811918984;1.0;0.9999990707153307;1.0019937915777026;1.002004097454392;0.999995070938064;0.9999979070732353;1.0;0.9999990095964217;0.9999517737281505;1.0006748100672702;0.9999924522751595;0.9999972245844034;1.0;0.9999992013305139;1.0020438759154244;1.0020486077678603;1.0;1.0;0.9999972255886745;1.001153199010759;1.0007848289549377;1.0003902624568666;1.0001843055963342;0.9999569085236029;1.0;0.9999475034155787;1.0000355380652455;1.000010889638954;1.0;1.0018619586654631;0.9999554862491671;0.9999979071508949;1.0;1.0019989385954589;1.024999976158142;
2016-05-24 04:45:00;1.0;0.9999917022599508;1.0;0.9999969715642332;0.9999583942612013;0.9999962264046786;1.0020496402883832;0.9999950703899233;0.9999695029017107;1.0;0.9999981915514974;1.0020189764303153;1.002024651116715;0.9999946229603817;0.999997588829224;1.0;0.9999988257012326;0.9999579884506877;1.0006760867887547;0.9999931937346849;0.9999988530130749;1.0;0.9999991059526209;1.0020474682644522;1.0020508057082576;1.0;0.9999999999999999;0.9999969070861173;1.0011545772974881;1.000785555841582;1.0003934596676585;1.0001888124995078;0.9999612113930895;1.0;0.9999452991867612;1.0000448698118907;1.0000208351815347;1.0;1.0018638687396695;0.9999601229828501;0.9999991334755993;1.0;1.0020215092962976;1.024999976158142;
2016-05-24 05:00:00;1.0;0.9999928570527472;1.0;0.9999970560340122;0.9999640913656075;0.9999963730083116;1.00204344379429;0.9999953716951756;0.9999732621803286;1.0;0.9999981917664987;1.0020139243531871;1.002019865757542;0.9999950584577287;0.9999979293383119;1.0;0.999998904606401;0.9999638985167175;1.0006742056991376;0.9999940336410763;0.999999455539689;1.0;0.9999991790470683;1.0020413672759556;1.002044525422963;1.0;1.0;0.9999970757150329;1.001147892176279;1.0007797595855985;1.0003841859813394;1.0001780370999152;0.9999663401341293;1.0;0.9999483727707492;1.000024732235243;1.0000090468018288;0.9999999999999999;1.0018582094876158;0.9999654529992154;0.999999588543744;1.0;1.0020166848664158;1.024999976158142;
2016-05-24 05:15:00;1.0;0.9999962548953115;1.0;0.9999975306653822;0.9999680417354344;0.9999966930127583;1.0020425586493233;0.9999957230815778;0.9999760018592297;1.0;0.9999987956456684;1.0020147606030607;1.0020204364198988;0.999996015435458;0.9999989091058548;1.0;0.9999991141974938;0.9999677063865341;1.0006737913577834;0.9999946452655479;0.9999990545101644;1.0;0.9999993235464862;1.0020407416015997;1.002043497435861;1.0;0.9999999999999999;0.999997441645903;1.0011604507061154;1.0007933733337735;1.000394383456755;1.0001836566947213;0.9999706449950252;1.0;0.9999515356636505;1.0000280864638007;1.0000107832197394;1.0;1.0018574587875861;0.9999697815996812;0.9999992853281403;1.0;1.002017610007535;1.024999976158142;
2016-05-24 05:30:00;1.0;0.9999928579407176;1.0;0.9999969115017819;0.9999568542535616;0.9999961352760719;1.0020676403396453;0.9999949865804697;0.9999686314269394;1.0;0.999998174512177;1.001990681105432;1.0020073884626226;0.9999947834470833;0.9999979260929426;1.0;0.9999987516093758;0.9999561972245852;1.0006820748329175;0.9999929993944849;0.9999981391114031;1.0;0.9999990337239586;1.0020630773097774;1.0020698202175975;0.9999999999999999;1.0;0.9999968928835118;1.0011634261243754;1.0007945217944163;1.000386812432461;1.0001754336071693;0.9999602817964144;1.0;0.9999557629540903;1.000013380218529;0.999992082632574;0.9999999999999999;1.0018811418437188;0.9999590652426751;0.9999985959002659;1.0;1.0019993408203236;1.024999976158142;
2016-05-24 05:45:00;1.0;0.9999906904232816;0.9999999999999999;0.9999977408883255;0.9999540128239276;0.9999970490266282;1.0021069140954786;0.9999957787983978;0.9999676201877722;1.0;0.9999988125149758;1.001933212533334;1.0019729446516927;0.9999950478430839;0.9999972961708928;1.0;0.999998976454928;0.9999530662934112;1.000695308467419;0.9999927736257835;0.9999973116348653;1.0;0.9999991791594844;1.0020975321249306;1.0021110151587989;1.0;1.0;0.9999974259947167;1.0011998659380346;1.0008185728244963;1.0003951891950345;1.0001696903872006;0.9999576917231272;1.0;0.9999556431150947;0.9999849222757431;0.999953682310497;1.0;1.0019185592169337;0.9999563261358133;0.9999979741047323;0.9999999999999999;1.0019543395831403;1.024999976158142;
2016-05-24 06:00:00;0.9999999999999999;0.9999862824819502;1.0;0.999996857796434;0.9999454828408567;0.9999961929881689;1.0021109581278242;0.9999947354963868;0.9999613159602478;1.0;0.9999979987803601;1.001936497131188;1.0019762128663783;0.9999933583289089;0.9999960172348991;1.0;0.9999986428564661;0.9999447246791561;1.0006968787813697;0.9999913650226896;0.9999978503054316;1.0;0.9999989464685106;1.002101306855697;1.0021152201973318;1.0;1.0;0.9999966246532689;1.0011841946388806;1.0008069579556333;1.0003864972818375;1.000169224188954;0.9999489964045686;1.0;0.9999571421800474;0.9999950924380703;0.9999599976183362;1.0;1.0019221700042134;0.9999475168247611;0.9999983779258191;0.9999999999999999;1.0019573091975849;1.024999976158142;
2016-05-24 06:15:00;1.0;0.9999894626944701;1.0;0.9999980870318137;0.9999566969240506;0.9999972178337313;1.002152779211329;0.9999957746223657;0.9999687066615177;1.0;0.9999993289227462;1.0018563367228532;1.001927172486968;0.9999948540370718;0.9999969365672636;1.0;0.9999992834298062;0.9999562803782756;1.0007116806169352;0.9999930158343864;0.9999988240830283;0.9999999999999999;0.9999994425949069;1.0021373330599144;1.0021591396980274;1.0;1.0;0.9999974742998471;1.0011591836845577;1.0007711876718346;1.000347824865508;1.0001393204756215;0.9999593254700022;1.0;0.9999500362719128;0.9999565590249878;0.9999072934112009;1.0;1.001962398623549;0.9999582080230969;0.9999991112259947;0.9999999999999999;1.0018944231799378;1.024999976158142;
2016-05-24 06:30:00;1.0;0.9999833204882754;1.0;0.9999961503235563;0.9999355568650294;0.9999951755205198;1.0022330268458322;0.9999933073017511;0.9999534732108931;1.0;0.9999977377078714;1.0018317145069895;1.0019272658245524;0.9999917092132401;0.9999951550136972;1.0;0.9999984758326924;0.9999350101330365;1.0007387479733365;0.9999896126775818;0.9999984473698866;1.0;0.9999988381776767;1.0022117321160802;1.002241942906687;1.0;0.9999999999999999;0.9999957468807861;1.001199256260405;1.0007967837522511;1.0003506817305128;1.0001315770111074;0.999939224548235;1.0;0.9999529594980217;0.9999295207727451;0.999868526369235;1.0;1.002037228756315;0.9999375939932811;0.9999988276984488;1.0;1.0018829193630883;1.024999976158142;
2016-05-24 06:45:00;1.0;0.9999721221243894;1.0;0.999996782427099;0.9999073888156488;0.9999953265910403;1.0023040874308147;0.9999922741638039;0.9999343249915293;1.0;0.9999988738404687;1.001995265521756;1.0020662096027122;0.9999889905736984;0.9999918969953104;1.0;0.9999986989484315;0.9999065112312542;1.0007611396152967;0.9999853337871116;0.9999974968687159;1.0;0.9999989794361297;1.0022876900658702;1.0023109798690264;1.0;1.0;0.9999952554495326;1.0012480449465588;1.0008266308490719;1.0003756683301153;1.0001490909630075;0.9999121572256442;1.0;0.9999402026859807;0.9999491439592825;0.9999051636178368;1.0;1.0020997747792801;0.999909811515289;0.9999981121956119;1.0;1.00203220536774;1.024999976158142;
2016-05-24 07:00:00;1.0;0.9998951810531493;1.0;0.999992564414695;0.9997310001796732;0.9999891559393669;1.0026377706851208;0.9999800036885771;0.9998101696348114;1.0;0.999997561063006;1.0022134850397386;1.0023041481896637;0.9999652927137878;0.9999695312693394;0.9999999999999999;0.9999971800012857;0.9997303018958221;1.0008720242315823;0.9999575504741973;0.9999978799796397;0.9999999999999999;0.9999978723385836;1.0026145485618763;1.0026475101066332;1.0;1.0;0.9999869938902994;1.0013370787422087;1.0008551989580352;1.000350150164803;1.0001189106201813;0.9997389314505958;1.0;0.9999249577118728;0.9998924247496602;0.9998633272457967;1.0;1.0024033076556134;0.999732903089966;0.9999983958226129;1.0;1.0022558777596935;1.024999976158142;
2016-05-24 07:15:00;1.0;0.9999601975711623;1.0;0.9999950426552456;0.9998607843352958;0.9999917789321627;1.0024720379448266;0.999986493860114;0.9998980052261546;1.0;0.9999994687224291;1.0020765925959754;1.0021686925208655;0.9999825357198766;0.9999884453710605;1.0;0.999998532785305;0.999860521048357;1.0008174915565191;0.9999772167915174;0.9999992245660552;1.0;0.9999989000307506;1.0024513690297265;1.0024804436706671;0.9999999999999999;1.0;0.9999920489368765;1.0010610020301391;1.0006236429337871;1.0001702114938764;1.0000156927196775;0.9998670371651563;0.9999999999999999;0.9999293492428546;0.9998214639652491;0.9998136081692934;1.0;1.00225360088362;0.9998638450085165;0.9999994136398117;1.0;1.0021243000910571;1.024999976158142;
2016-05-24 07:30:00;0.9999999999999999;0.9999804319633944;1.0;0.9999951012731609;0.9999141410836365;0.9999932541418143;1.0024375426097187;0.9999904442447664;0.9999368358854723;1.0;0.9999978369374597;1.002054690352844;1.002145412105706;0.9999890535354888;0.999994308542288;0.9999999999999999;0.9999982559710225;0.99991361583866;1.0008058360702572;0.999985895491177;0.9999984994822482;1.0;0.9999986776216115;1.002417196938129;1.0024460621055478;1.0;1.0;0.999994186187544;1.0010328493980214;1.0006011121963854;1.0001507525188813;0.9999993596954634;0.9999192007328754;1.0;0.9999323170192657;0.9997983103009918;0.9997993151112103;1.0;1.0022226312321043;0.9999170756827503;0.9999988676906031;1.0;1.0021030457178615;1.024999976158142;
2016-05-24 07:45:00;1.0;0.9999729149547659;1.0;0.9999947096472795;0.9998896123321199;0.999992742815125;1.0024868568770757;0.9999892884166378;0.9999206985058832;1.0;0.9999976384224161;1.0021310720150913;1.002212890903436;0.9999868004400051;0.9999921358127967;1.0;0.9999979134734904;0.9998883824506265;1.0008212279081221;0.9999822898116195;0.9999964912913331;1.0;0.9999983757489199;1.002467687795908;1.00249507780007;0.9999999999999999;1.0;0.9999934433047996;1.001048629466076;1.0006075186739571;1.0001505301667368;0.9999982609927797;0.9998964717967391;0.9999999999999999;0.9999288535361928;0.9997953927131823;0.9998072985957583;0.9999999999999999;1.0022668437283473;0.9998935723592087;0.9999973543715268;1.0;1.0021740283206328;1.024999976158142;
2016-05-24 08:00:00;1.0;0.9999791307929586;1.0;0.9999935494775062;0.9999228185821253;0.9999932209402428;1.0025912037233533;0.9999917279608155;0.9999454014086674;1.0;0.9999946793421198;1.0021726266445565;1.0022708408101935;0.9999894106571295;0.9999939331911648;1.0;0.9999971610052419;0.9999218183991169;1.0008562723480532;0.9999878063431618;0.9999971491067554;1.0;0.9999978371986581;1.0025681051861788;1.0026012908356454;1.0;1.0;0.9999942305481805;1.0010759356261445;1.000614754588654;1.00013583083356;0.999978907205587;0.9999274819336522;1.0;0.9999273988853448;0.9997573503894293;0.9997688976034523;1.0;1.0023631169222247;0.9999254204906465;0.999997848885083;1.0;1.0022249978957627;1.024999976158142;
2016-05-24 08:15:00;1.0;0.9999812982658812;0.9999999999999999;0.9999923259210759;0.9998574325613401;0.999986914491091;1.0027006854779683;0.999981023669573;0.9998900510332243;1.0;0.9999995789147681;1.0021911933325893;1.0023138865871692;0.999982407874839;0.9999945631096301;0.9999999999999999;0.9999980904835825;0.9998572198268639;1.0008934731185788;0.9999754409244038;0.9999993667815259;0.9999999999999999;0.9999985775550665;1.0026743975239358;1.0027113212014795;1.0;1.0;0.9999894787286918;1.001100795539981;1.0006195400350013;1.0001109502271988;0.9999462635370854;0.9998672141885944;1.0;0.9999317011396804;0.9996932241653269;0.9997083054768734;0.9999999999999999;1.0024640151537798;0.999863803072408;0.9999995209161631;1.0;1.0022571303212888;1.024999976158142;
2016-05-24 08:30:00;1.0;0.9999827400637233;1.0;0.9999868010092032;0.9997866912450699;0.9999778198618947;1.0028685266227624;0.9999689382094445;0.9998329313313855;1.0;0.99999890310239;1.0022966800704967;1.002434598460244;0.9999736272983614;0.9999949961370396;1.0;0.999996735108231;0.9997863575205049;1.0009491960472694;0.9999626704035547;0.9999989848139021;1.0;0.9999975700104518;1.0028388696798178;1.002880616385646;1.0;1.0;0.9999828704612369;1.0010851694138792;1.0005236149107104;1.0000298172520998;0.9998765084347607;0.9998030241026553;1.0;0.999854879420383;0.9995922138650155;0.9996359388112867;1.0;1.0026178566396697;0.9997978386951374;0.999999231840272;1.0;1.002371064189546;1.024999976158142;
2016-05-24 08:45:00;1.0;0.9999765994140353;1.0;0.9999933997961733;0.9998951238137972;0.9999910882363949;1.0027652304958914;0.999987695917456;0.9999222707857819;1.0;0.9999968808785209;1.0021806859708358;1.002320611785889;0.9999861922771599;0.9999932080125125;1.0;0.9999976921882215;0.9998946567402243;1.0009148671537318;0.9999826397098298;0.9999986598883837;1.0;0.9999982661273211;1.002734309387077;1.0027780881867363;1.0;1.0;0.9999924487819012;1.0010318098831823;1.0004946454305839;1.0000170686394512;0.9998739485741447;0.9999011815576149;0.9999999999999999;0.9998644273731927;0.9996011604655852;0.9996397357330569;1.0;1.0025240450163977;0.9998986401380429;0.999998986808981;1.0;1.0022557423096545;1.024999976158142;
2016-05-24 09:00:00;1.0;0.9999864254337753;1.0;0.9999953957296315;0.9999310096663119;0.9999939360449702;1.002800321468723;0.9999918328774937;0.9999491031016584;1.0;0.9999976377346564;1.0022921457047849;1.0024142922508843;0.9999911877455777;0.9999960650853672;0.9999999999999999;0.999998304420125;0.9999304430292059;1.000925530869834;0.9999886368107628;0.9999983895569485;1.0;0.9999987104325406;1.0027735670711022;1.0028114429040114;1.0;1.0;0.9999949894428225;1.0009908181710596;1.000429516479509;0.9999787599892208;0.9998563650762646;0.9999355856716663;1.0;0.9998278945001264;0.9996005791579015;0.9996556123891194;1.0;1.0025546435717134;0.9999338155462361;0.9999987842667311;0.9999999999999999;1.0023581424228312;1.024999976158142;
2016-05-24 09:15:00;1.0;0.9999863527933595;1.0;0.9999966189553413;0.9999323178134925;0.9999948634632029;1.0027705700826341;0.9999924553964183;0.9999499149721981;1.0;0.9999990702415298;1.0021698601506308;1.0023150516008006;0.999991796832625;0.999996046077162;1.0;0.9999988824811747;0.9999318522862741;1.0009163699987977;0.9999888186993018;0.9999986778025276;1.0;0.9999991436176957;1.0027394946746204;1.0027832383852737;1.0;1.0;0.9999956047005558;1.0009823815459817;1.000416857856444;0.9999710388793827;0.999844970972411;0.9999366504339022;1.0;0.999820910624249;0.9995764334373468;0.9996193682386709;1.0;1.0025292241482295;0.9999349458602427;0.9999990018051507;1.0;1.0022484814081847;1.024999976158142;
2016-05-24 09:30:00;1.0;0.9999808628042992;1.0;0.9999962384322044;0.999915483300569;0.9999941467184288;1.0027740596189596;0.9999911000929623;0.9999378469133487;0.9999999999999999;0.9999991328466924;1.0021871593509744;1.0023281805503235;0.9999897742290991;0.9999944456570395;1.0;0.9999987649444927;0.9999149457512899;1.0009174296909285;0.9999861221662087;0.9999984719028381;1.0;0.9999990519288956;1.002743653459238;1.0027864676792253;0.9999999999999999;1.0;0.999994805675853;1.0010209203195655;1.0004712190660483;0.9999892212116122;0.9998418306955956;0.9999205106506791;1.0;0.9998580891250437;0.9995424237275699;0.9996047833813198;0.9999999999999999;1.0025320313906496;0.9999184117825608;0.9999988454934976;1.0;1.0022631121861147;1.024999976158142;
2016-05-24 09:45:00;1.0;0.9999779759999169;1.0;0.9999971220485513;0.9999221124930333;0.9999956995741103;1.0027708898444276;0.9999930525879639;0.9999441934137113;0.9999999999999999;0.999999132568624;1.0022149339929332;1.0023477878204312;0.9999906760226253;0.9999935926825784;0.9999999999999999;0.9999989140288038;0.9999214630667304;1.0009160863320914;0.9999875386065273;0.9999981559732446;1.0;0.9999991539743368;1.0027420251624326;1.0027827036612273;1.0;1.0;0.9999958039269768;1.000997590084633;1.0004462369628218;0.9999843688412285;0.999852355308077;0.9999262402205159;1.0;0.9998429637467359;0.9995804021204594;0.9996346782805173;1.0;1.002528518165367;0.9999242856431676;0.999998606691348;1.0;1.0022862067786928;1.024999976158142;
2016-05-24 10:00:00;1.0;0.9999759506552841;1.0;0.9999957051837749;0.9999190778591955;0.9999946608824839;1.0028501167388477;0.9999922900535019;0.9999421462992588;1.0;0.9999974299290814;1.0022792336812918;1.002415471586875;0.9999895480320524;0.9999930138653386;1.0;0.9999982606109177;0.9999184606741616;1.0009422494272289;0.9999870814136272;0.9999982417243789;1.0;0.999998674592699;1.0028200170833248;1.0028626142455497;1.0;0.9999999999999999;0.999995023372755;1.0009894768378251;1.000395467307538;0.9999504915597803;0.9998274528776312;0.9999231158966838;1.0;0.9997968387695;0.9995515778173998;0.9996153064425131;1.0;1.0026007962390868;0.9999211138800836;0.9999986726002014;0.9999999999999999;1.002352222485284;1.024999976158142;
2016-05-24 10:15:00;1.0;0.9999767408346804;1.0;0.9999959938645975;0.9999151436705268;0.999994319465494;1.0028398745059526;0.9999914378689354;0.9999381459621018;1.0;0.9999984241172765;1.0022632486477407;1.0024015337514136;0.9999891838448906;0.999993262427199;1.0;0.9999985886258846;0.9999147669610171;1.0009390546581693;0.9999861894404318;0.9999989298640629;1.0;0.9999989332401137;1.002809789804116;1.0028522005920535;1.0;1.0;0.9999947732078955;1.0009815226879109;1.0003949437874982;0.9999520889685708;0.9998334100106674;0.9999193667296546;1.0;0.9998020871032605;0.9995676423622812;0.999622338992078;0.9999999999999999;1.0025915179560168;0.9999173441969038;0.9999991904196617;1.0;1.0023374188676701;1.024999976158142;
2016-05-24 10:30:00;1.0;0.9999856334960776;1.0;0.9999968639200508;0.9999374345019792;0.9999953594702476;1.0028278785507483;0.9999931518554666;0.9999537955988658;1.0;0.9999989923536595;1.0022341844708853;1.0023778725364247;0.9999921561590216;0.9999958230233037;1.0;0.9999989567720746;0.9999371313749623;1.000935235154442;0.9999896850737979;0.9999991361735298;1.0;0.9999992097653321;1.0027971558584556;1.0028403796190475;1.0;1.0;0.9999959391289311;1.0009764276048998;1.0003863181666401;0.9999401304105645;0.9998162616906962;0.9999410129237449;1.0;0.9998018198334275;0.999532190353928;0.9995958347200041;0.9999999999999999;1.0025811052298765;0.9999394909269929;0.9999993480731908;1.0;1.0023119285841704;1.024999976158142;
2016-05-24 10:45:00;1.0;0.9999838254085486;1.0;0.9999959229756197;0.9999218598486407;0.9999937123820767;1.0029208261243532;0.9999907929840067;0.9999413497568646;1.0;0.9999989895289755;1.0023489771536818;1.0024873150188873;0.9999900708619914;0.9999953045565273;1.0;0.9999987728252803;0.9999216761797483;1.0009657020720342;0.9999869050697898;0.9999994752736772;0.9999999999999999;0.9999990825529289;1.0028912187297083;1.0029328547183007;1.0;1.0;0.9999946421408338;1.0009853929363748;1.0003588574536926;0.9999318112195229;0.9998201884277574;0.9999263746873138;1.0;0.9997595784650272;0.9995563861900233;0.9996150297417082;1.0;1.0026650814374836;0.999924526410795;0.999999602587261;1.0;1.002423664893528;1.024999976158142;
2016-05-24 11:00:00;1.0;0.9999837527735457;1.0;0.9999964899334897;0.9999286393044495;0.9999951850596597;1.002939394697747;0.999992974822522;0.9999487218173181;1.0;0.9999984270404617;1.0023716868379664;1.002507558896674;0.9999916371360948;0.9999952855487656;1.0;0.9999985987920497;0.999927732617486;1.0009710474280833;0.9999885521856361;0.9999974204511447;1.0;0.9999989035725972;1.002909750613405;1.0029516571472377;1.0;1.0;0.9999957381713366;1.0010687418113122;1.0004710680705653;0.9999918706807422;0.9998493061579303;0.9999334034577173;1.0;0.9998196095974465;0.9995646452271663;0.9996221848934843;1.0;1.0026819578632493;0.9999314832095778;0.9999980556237558;1.0;1.002445018675061;1.024999976158142;
2016-05-24 11:15:00;1.0;0.9999868611782389;0.9999999999999999;0.9999961183836512;0.9999389159523309;0.9999954219804241;1.0028942151857452;0.9999939436571146;0.9999568750818996;1.0;0.9999973820407546;1.0022926835023682;1.0024367042741045;0.9999928168392307;0.9999961826146369;1.0;0.9999982661225282;0.9999377748220538;1.0009563574364284;0.9999903726904278;0.9999967612551968;0.9999999999999999;0.9999986419191941;1.0028625546620145;1.0029074562630407;0.9999999999999999;0.9999999999999999;0.9999961050970277;1.0010171936409251;1.000417491812667;0.9999555335762575;0.9998237240319776;0.9999435448775598;1.0;0.9998050399812256;0.9995348224662791;0.9995968107348477;1.0;1.0026417357588624;0.9999417746941441;0.9999975570027361;1.0;1.002370695783565;1.024999976158142;
2016-05-24 11:30:00;1.0;0.9999887401925945;0.9999999999999999;0.9999955520665436;0.9999352305670482;0.9999942039033343;1.0029674350014999;0.9999923116189485;0.9999524247078686;1.0;0.9999976452717865;1.0023849195928551;1.0025252615913265;0.9999919733455975;0.9999967265938128;1.0;0.9999983036835197;0.9999344831488461;1.0009805758588457;0.999989378422383;0.9999978755697819;1.0;0.9999986972142109;1.002936882636992;1.0029801173435742;1.0;0.9999999999999999;0.9999952933237809;1.0010247894736537;1.0004040830398946;0.9999192716216388;0.9997787155486626;0.9999400128622864;1.0;0.9998044576651122;0.9994489132074977;0.9995515185268826;1.0;1.0027078750989782;0.9999382679867211;0.9999983973067327;1.0;1.002461045968815;1.024999976158142;
2016-05-24 11:45:00;1.0;0.9999902563651207;1.0;0.9999965276691619;0.9999593180007396;0.9999959818137205;1.0028604100357636;0.9999949648474469;0.9999700997599844;0.9999999999999999;0.9999975630673638;1.002342538361184;1.0024681911964635;0.9999942007053334;0.999997172126896;1.0;0.9999986451374864;0.9999591052445859;1.0009454747875226;0.9999933266978388;0.9999993963084021;1.0;0.9999989863935115;1.0028332165768588;1.0028716405531155;0.9999999999999999;1.0;0.9999966904097634;1.0009818820641896;1.000394099540988;0.999933755625588;0.9998086179298598;0.9999616032949977;1.0;0.999814093864975;0.9995182630178148;0.9996050682824194;1.0;1.0026094094332116;0.9999606111502496;0.9999995440074239;0.9999999999999999;1.0024107215327713;1.024999976158142;
2016-05-24 12:00:00;1.0;0.9999883070584327;0.9999999999999999;0.9999955303204733;0.9999421215882854;0.9999944136054726;1.0028465851764754;0.9999927639943034;0.999957094660306;1.0;0.9999973529650704;1.002386316842906;1.0024972634427542;0.9999921811172627;0.9999965993157377;1.0;0.9999983365313989;0.9999417556044096;1.0009405565153002;0.9999904212922323;0.9999989617539887;1.0;0.9999987481720795;1.0028222390405732;1.002856730660938;1.0;0.9999999999999999;0.9999954462586567;1.000980574212257;1.0003813123309313;0.9999504116210206;0.9998336842345901;0.9999457832124946;0.9999999999999999;0.9997833783865901;0.9995708338641779;0.9996495800032724;1.0;1.0025958096459642;0.9999443351936799;0.9999992149694804;0.9999999999999999;1.0024463035949411;1.024999976158142;
2016-05-24 12:15:00;1.0;0.9999864997999506;1.0;0.9999957615600334;0.999943860366207;0.999995156906496;1.0028566739760278;0.9999938198968359;0.9999596964214682;1.0;0.9999969560688532;1.0023508581298044;1.0024722061209153;0.9999925959566801;0.9999960775904274;1.0;0.9999982214513726;0.9999432033457681;1.0009438711810608;0.9999910024566186;0.9999981339489318;1.0;0.9999986429379513;1.0028298433563352;1.002867923538289;0.9999999999999999;1.0;0.9999959213264717;1.0009495565660105;1.0003529780092857;0.999921619619086;0.9998155787553679;0.9999474324056379;1.0;0.9997864675969413;0.9995549548229352;0.9996306176274496;1.0;1.0026058131569127;0.9999459440624502;0.9999985918683094;1.0;1.0024164201660242;1.024999976158142;
2016-05-24 12:30:00;1.0;0.999985776460819;1.0;0.9999964204914631;0.9999414434175343;0.9999953866237623;1.0028659624582503;0.9999936201699237;0.999957313175156;1.0;0.9999980449229566;1.002329278685132;1.002458659694385;0.9999924316395261;0.9999958708745704;1.0;0.9999986396306483;0.9999410177060901;1.0009472496921477;0.9999904707810545;0.9999987924909046;0.9999999999999999;0.9999989674017309;1.0028378767687716;1.0028775409740927;1.0;1.0;0.9999960096624786;1.0009089690631807;1.0003120935539858;0.9998890251095636;0.9997990563750264;0.999944839084661;1.0;0.9997812054872003;0.9995489802560651;0.9996194436662006;1.0;1.0026147042697653;0.999943374086973;0.9999990879346318;1.0;1.0023991934907461;1.024999976158142;
2016-05-24 12:45:00;1.0;0.9999844761113761;1.0;0.9999954274519481;0.9999212508639128;0.9999933607473431;1.0029405049131963;0.9999906048614808;0.9999411444834733;1.0;0.9999983806026653;1.0023220240966206;1.0024715291887332;0.9999899888987718;0.9999954922644928;1.0;0.9999985018364498;0.9999208956232954;1.0009723375918205;0.9999868592775784;0.9999989888074654;1.0;0.9999988707737092;1.0029083348114525;1.0029536677490056;1.0;1.0;0.9999944402068307;1.0009628400127808;1.0003463257374403;0.9999076619760184;0.9998040594666788;0.9999261212032956;0.9999999999999999;0.9997764254426379;0.9995403504404358;0.9995949037397021;1.0;1.002683894903652;0.9999241972048794;0.9999992357496577;1.0;1.002402876600329;1.024999976158142;
2016-05-24 13:00:00;1.0;0.9999693751947929;1.0;0.9999962651995956;0.9998938355243896;0.9999942967447542;1.0029435871731032;0.9999906306857621;0.9999238923225184;1.0;0.9999990196831556;1.0023720097213604;1.0025073773515143;0.9999872799985546;0.9999911049621978;1.0;0.9999986153051013;0.9998930176768775;1.0009726349731187;0.9999830033839358;0.9999976653836884;1.0;0.9999989219702646;1.0029138055427447;1.0029558176068383;1.0;1.0;0.9999943600344915;1.00102270942158;1.0004095186091797;0.9999418549352109;0.9998099445443525;0.9998992866742049;1.0;0.9997976521912496;0.9995118172063541;0.9995945063216355;1.0;1.002685478929947;0.9998966512426214;0.999998238648533;1.0;1.002444064355203;1.024999976158142;
2016-05-24 13:15:00;1.0;0.999968148367894;1.0;0.9999944758794481;0.9998802147920178;0.9999922677610168;1.003020076993523;0.9999883567782608;0.99991351496845;1.0;0.999997720494537;1.002423918782561;1.0025648602245194;0.9999852124695355;0.9999907421143722;1.0;0.9999979278307594;0.9998792759393818;1.0009979178568515;0.9999806829352544;0.999997313624063;1.0;0.9999984067380882;1.0029886626381523;1.003033137037735;0.9999999999999999;1.0;0.9999928604871653;1.0010105822503752;1.0003796494966093;0.9999275564565412;0.9998162892333988;0.9998868056663243;1.0;0.999773202518825;0.9995508812796806;0.999611323387772;1.0;1.0027555061505982;0.9998838067027931;0.999997973211836;1.0;1.002498940977371;1.024999976158142;
2016-05-24 13:30:00;1.0;0.9999869329719167;1.0;0.9999972539842908;0.9999408602415535;0.9999958968472373;1.0029531108927252;0.9999938630994795;0.9999568006848787;1.0;0.9999991652801136;1.0023654856470974;1.002507427758478;0.9999929533900377;0.9999962048799214;1.0;0.9999990304620358;0.9999403425908103;1.0009759793057753;0.9999903566035445;0.9999985352364851;1.0;0.9999992490404693;1.0029227263593157;1.0029655024312314;1.0;0.9999999999999999;0.999996386155827;1.0010143549420156;1.000390854920532;0.999948240242276;0.9998298860881342;0.9999445951469246;1.0;0.999773937802519;0.9995649322993487;0.9996159904168064;0.9999999999999999;1.0026947725704283;0.9999430772853649;0.9999988932256177;1.0;1.0024423640411686;1.024999976158142;
2016-05-24 13:45:00;1.0;0.9999875845565881;1.0;0.9999951898447431;0.999942297095329;0.9999942378940921;1.0028643033476436;0.9999927096186721;0.9999573246354622;1.0;0.9999968561770772;1.0022960953368;1.0024335300255767;0.9999919506927506;0.9999963893420343;0.9999999999999999;0.999998166180954;0.9999419633188235;1.0009471155892913;0.9999904728258322;0.999999048966209;0.9999999999999999;0.9999986248628936;1.0028343120956231;1.0028767627491717;1.0;1.0;0.9999953064673149;1.0009869350372056;1.00039188182209;0.9999534105577393;0.9998374562564564;0.9999457911008852;0.9999999999999999;0.9997926574481967;0.9995786892380191;0.9996281084678259;1.0;1.0026139066716642;0.9999443635754307;0.9999992820329473;1.0;1.0023705478134217;1.024999976158142;
2016-05-24 14:00:00;1.0;0.9999833204882754;1.0;0.9999954034079237;0.999928648941659;0.9999939886423362;1.0029228221637578;0.9999917686481179;0.9999474049229617;1.0;0.9999975937470686;1.0023449550129695;1.0024842822978004;0.9999905445169657;0.9999951550136973;1.0;0.9999983330685857;0.9999282936984133;1.00096633469684;0.9999882565113546;0.9999989876293456;1.0;0.999998746372099;1.002892502083618;1.0029353333683764;1.0;1.0;0.9999948819021748;1.000958275550072;1.000343132162776;0.9999105908196443;0.9998081049334238;0.9999326965884701;1.0;0.9997727233991125;0.999548034285878;0.9996093336462333;1.0;1.002667103994038;0.9999309599834987;0.9999992348301475;1.0;1.0024201491495963;1.024999976158142;
2016-05-24 14:15:00;1.0;0.9999819464129237;1.0;0.9999947790398616;0.9999285990359252;0.999993997087483;1.0029253105376665;0.9999922463964281;0.9999487176778746;1.0;0.9999962973887426;1.0023917331478938;1.002519160797945;0.9999905075802021;0.9999947605788307;1.0;0.999997833957169;0.9999278516226799;1.000966599812234;0.9999885493546542;0.9999978712161555;1.0;0.9999983509688327;1.0028968369386115;1.002937313831026;1.0;1.0;0.9999948736325012;1.001055198383446;1.0004603733327073;1.0000023744807498;0.9998734666935141;0.999932898834096;1.0;0.9998065415074068;0.9996225120036827;0.9996633750476209;1.0;1.002668643260835;0.9999310424610653;0.9999983939018885;1.0;1.0024603116241886;1.024999976158142;
2016-05-24 14:30:00;0.9999999999999999;0.9999831020704764;1.0;0.9999954379408982;0.9999185564646427;0.999993822788407;1.002936797277791;0.9999913191711233;0.9999408793268103;1.0;0.9999978613765929;1.002394873336539;1.0025241919722951;0.9999902239328126;0.9999950978407686;1.0;0.9999982414557752;0.9999175992322044;1.0009701081503015;0.9999867995148546;0.9999972730078105;1.0;0.9999986366310051;1.0029083039431317;1.0029486739138007;1.0;1.0;0.9999947275497321;1.0010335569499147;1.0004301956542068;0.9999806382711847;0.9998599648742026;0.9999241616067326;0.9999999999999999;0.999794398566464;0.9996114104390484;0.9996551184509193;1.0;1.0026791798347439;0.9999219831277306;0.9999979442458212;1.0;1.0024645688295124;1.024999976158142;
2016-05-24 14:45:00;1.0;0.9999833213237794;1.0;0.9999873685120596;0.999926907312384;0.9999881881462546;1.0029200126248718;0.9999882364271362;0.999947048487079;1.0;0.9999878487035699;1.0024262897586287;1.0025434541848866;0.9999867934082483;0.9999951517557122;0.9999999999999999;0.9999945267321704;0.9999261476010544;1.0009652945578604;0.9999881716673977;0.9999978235226704;1.0;0.9999959122678952;1.002891288490354;1.0029330882046799;1.0;1.0;0.9999910273132506;1.001056619381892;1.0004607569704038;1.000015960106374;0.999892954685973;0.99993158113313;1.0;0.9997942481740378;0.9996613364308489;0.9996953312835726;1.0;1.0026637219613803;0.9999296693464488;0.999998356004554;1.0;1.0024893374180497;1.024999976158142;
2016-05-24 15:00:00;1.0;0.9999819455254874;1.0;0.9999923320365179;0.9999213388706867;0.9999913957246472;1.00272749599711;0.9999896341460536;0.9999419437621109;1.0;0.9999943094833018;1.0023528691851955;1.0024417488690442;0.9999883328604088;0.9999947638243435;0.9999999999999999;0.9999969899209894;0.9999209422470412;1.0009012426623438;0.9999870350515887;0.9999988653705905;1.0;0.9999977534135068;1.0027066412874244;1.0027365968682596;1.0;1.0;0.9999930539494021;1.0009590947347329;1.0004087345809645;1.0000024759077266;0.999901737746349;0.9999258593549512;1.0;0.9998051011929853;0.9997041340036953;0.9997475414385326;1.0;1.0024861283917808;0.9999239417956415;0.9999991417786281;1.0;1.002400323561153;1.024999976158142;
2016-05-24 15:15:00;0.9999999999999999;0.9999752967688486;1.0;0.9999953755808585;0.9999156293290573;0.99999417795479;1.0027048853355698;0.9999916494885464;0.9999392505212603;0.9999999999999999;0.99999731565216;1.0024295468562971;1.0024932238656512;0.9999889479313533;0.9999928392390615;1.0;0.9999981886366702;0.9999151148188027;1.0008927498454705;0.9999864354713793;0.9999985298688019;0.9999999999999999;0.999998628739576;1.0026898463118585;1.00271133439817;1.0;1.0;0.9999946473391468;1.0009298197336327;1.0003830809386185;0.999991494287608;0.9999019952477626;0.9999197472878629;1.0;0.9997986410082536;0.9997197833057749;0.9997819724318631;0.9999999999999999;1.0024633580051778;0.99991770110136;0.9999988910711903;1.0;1.0024627289038865;1.024999976158142;
2016-05-24 15:30:00;1.0;0.9999806478282632;1.0;0.9999965019322874;0.9999319525592388;0.9999955932196289;1.0026622414774058;0.9999935992090604;0.9999514716701271;1.0;0.9999979736756296;1.0024090009346085;1.0024676480676804;0.9999914546860951;0.9999943754767767;0.9999999999999999;0.9999985618964343;0.9999313062823112;1.0008784581842562;0.9999891653756661;0.9999981612156216;1.0;0.9999988946348728;1.0026485329536492;1.0026681096948273;0.9999999999999999;1.0;0.9999959114513316;1.0009238359499801;1.0003905409289033;0.9999905007518565;0.9998941757663311;0.9999356335868295;0.9999999999999999;0.9998152190956893;0.9996970786559496;0.9997733894718245;1.0;1.0024243196889733;0.9999339017003095;0.9999986128120498;1.0;1.0024397942965904;1.024999976158142;
2016-05-24 15:45:00;1.0;0.9999858484689707;1.0;0.9999953575411684;0.9999296978551273;0.9999939438722347;1.0027363556323128;0.9999918373651265;0.9999483711296987;1.0;0.9999975502131725;1.0025145668494468;1.0025660730950163;0.9999910748178523;0.9999958932029421;1.0;0.999998254068509;0.9999290607515708;1.0009025837501895;0.9999884730699335;0.9999981889975809;1.0;0.999998668377389;1.0027241794193873;1.0027416560228206;1.0;1.0;0.9999949701915555;1.000930149643402;1.0003768490743907;0.9999727197808141;0.9998795230806199;0.9999343816705248;1.0;0.999802387848681;0.9996776925011729;0.999768684289193;1.0;1.002491216094188;0.9999325599320821;0.9999986331407887;1.0;1.0025418100885102;1.024999976158142;
2016-05-24 16:00:00;1.0;0.9999870761833094;1.0;0.9999953332422639;0.9999565940872324;0.9999952951476081;1.0026674725731295;0.9999945921397414;0.999968670530233;0.9999999999999999;0.9999959064808648;1.0024970928971582;1.0025368062256519;0.9999931484628208;0.999996252805506;1.0;0.9999980358202847;0.9999563813316581;1.0008800618170461;0.999993007054522;0.9999993944356329;1.0;0.9999985372572094;1.0026575390290418;1.0026719714983583;1.0;1.0;0.9999961091150151;1.000925388327231;1.000389410946525;1.0000016462811079;0.9999116675889617;0.9999586201315402;1.0;0.9998050539857121;0.999735243850621;0.999812696112603;0.9999999999999999;1.0024277422935488;0.9999575852337534;0.9999995425441073;1.0;1.0025179595012204;1.024999976158142;
2016-05-24 16:15:00;1.0;0.9999901134457799;1.0;0.9999952390730216;0.9999437927422065;0.9999940393020478;1.0026711864453255;0.9999924430774092;0.9999578530485185;1.0;0.999997192187646;1.002512013488836;1.0025492311637114;0.9999922580016486;0.9999971242876248;1.0;0.9999982665714732;0.9999434880495219;1.0008811705686003;0.9999905902098718;0.9999991329316968;1.0;0.9999987009019153;1.0026621853983644;1.0026751835512713;1.0;1.0;0.9999952656743684;1.0009319243237385;1.0004001128741493;1.000009650675429;0.9999193641729521;0.9999475220384805;1.0;0.9998102408510837;0.999747668064366;0.9998218337782443;1.0;1.0024309626194887;0.9999461208648391;0.9999993445192046;0.9999999999999999;1.0025317210467848;1.024999976158142;
2016-05-24 16:30:00;0.9999999999999999;0.9999893180505156;1.0;0.9999968365949462;0.9999374005098987;0.9999955486144134;1.0025766460676893;0.9999936501280182;0.9999550560821189;1.0;0.9999987145258526;1.0024127222057329;1.0024495074131385;0.9999932059463055;0.9999968952310384;1.0;0.9999987038873032;0.9999362609450693;1.0008493078090306;0.9999899667792151;0.9999967631553122;1.0;0.9999989647109612;1.0025677002376556;1.002580624827338;1.0;0.9999999999999999;0.9999962546343689;1.0008675059345;1.000357797342876;0.9999846961636467;0.9999085359133393;0.9999425455490688;1.0;0.9998163141118747;0.9997474918083735;0.9998224127830184;1.0;1.0023451431647201;0.9999407205411203;0.999997559509914;1.0;1.002432138000209;1.024999976158142;
2016-05-24 16:45:00;1.0;0.9999869314971949;1.0;0.9999960627934057;0.999928040170875;0.9999946942932455;1.002579640171155;0.9999925872895953;0.9999483097510649;1.0;0.9999981226127533;1.0024119516055208;1.0024491730105418;0.9999919187493304;0.999996211457476;1.0;0.999998379190232;0.9999268102421146;1.0008502482313262;0.9999884603499468;0.999996505135415;1.0;0.9999987190366623;1.0025703112813327;1.0025838597391026;1.0;1.0;0.9999955393640205;1.0008475545843325;1.0003351267468765;0.9999704852729784;0.9999032028776035;0.9999337353962487;1.0;0.9998083077014567;0.9997505022356304;0.9998240270898471;1.0;1.002347913162086;0.9999316712082345;0.9999973652251739;1.0;1.0024314427659133;1.024999976158142;
2016-05-24 17:00:00;1.0;0.9999925677180872;1.0;0.999993777238462;0.9999535576621833;0.9999934438749626;1.0025684270153978;0.9999928170372131;0.9999654919908569;1.0;0.9999948715377067;1.0024137064272325;1.0024496847965307;0.9999927455864718;0.9999978466537014;1.0;0.9999974560500531;0.9999531135968931;1.0008473641959785;0.9999922972481559;0.9999987363813874;1.0;0.9999980936842814;1.0025590245994038;1.002572881037798;1.0;1.0;0.9999950558656424;1.0008790413578945;1.0003633458633612;0.9999991926369365;0.9999209286865433;0.9999569802958626;1.0;0.9998050259793827;0.9997655647384686;0.99983306658191;1.0;1.002337723156556;0.9999557551660008;0.9999990468587914;1.0;1.0024329078114242;1.024999976158142;
2016-05-24 17:15:00;0.9999999999999999;0.9999961110894369;1.0;0.9999951786820085;0.9999768986274381;0.9999954783940428;1.0025057929332823;0.9999956392255667;0.9999828686603189;1.0;0.9999953687652023;1.00244680709564;1.0024601309372456;0.9999955373387892;0.9999988645118457;1.0;0.9999979403247021;0.999976685867544;1.0008263162920077;0.9999961780271025;0.9999993972272365;0.9999999999999999;0.9999984668680674;1.0025014689104481;1.0025081039787036;1.0;0.9999999999999999;0.9999967036817109;1.0008670201200696;1.0003532460219726;1.0000140615513171;0.9999392717903637;0.9999785623968586;1.0;0.9997893482370872;0.9998006350365974;0.9998746910776535;0.9999999999999999;1.0022790605363134;0.9999779556426674;0.9999995447251584;1.0;1.002453836987239;1.024999976158142;
2016-05-24 17:30:00;1.0;0.9999875110442638;1.0;0.9999949562214975;0.9999455885405608;0.9999944974778775;1.0025515862185332;0.9999933937768344;0.9999606614135911;1.0;0.9999960694043453;1.0025007383170934;1.0025103913133924;0.9999923659901857;0.9999963735804921;1.0;0.9999978927419881;0.9999450019829063;1.000840983823816;0.9999912177918452;0.9999983333017048;1.0;0.9999984055824086;1.0025477514933805;1.0025537005148124;1.0;0.9999999999999999;0.9999955267395265;1.0008433499323206;1.0003306814713269;0.9999800695922099;0.999914954761551;0.9999490848593113;0.9999999999999999;0.9997980867363606;0.9997727232405004;0.9998635680133807;1.0;1.002320324475952;0.9999476547127273;0.9999987420517885;1.0;1.0025051601734445;1.024999976158142;
2016-05-24 17:45:00;1.0;0.9999867148055392;1.0;0.99999667123793;0.9999440819112865;0.9999957452265282;1.0025240027708664;0.9999941088126545;0.9999595559455268;1.0;0.9999981400107817;1.002479660758838;1.0024878255920355;0.999992986430422;0.9999961477813382;1.0;0.9999986853368353;0.9999435244387819;1.0008317530024144;0.9999909720574478;0.9999984215485473;1.0;0.9999989918533787;1.0025210596996066;1.0025255158196062;1.0;1.0;0.9999963132563552;1.0008149606056722;1.0003161666423976;0.9999748226211793;0.9999219299307766;0.9999475492471012;1.0;0.9998037054449864;0.9998008011483059;0.999881007873427;1.0;1.0022949800543794;0.9999460989172662;0.9999988078771699;1.0;1.0024832130352959;1.024999976158142;
2016-05-24 18:00:00;1.0;0.9999825945255028;1.0;0.9999955768687344;0.9999324713608897;0.999994647177352;1.0025607045225218;0.9999927916446365;0.9999512350297026;1.0;0.9999971750524153;1.0025140457034531;1.0025222016644442;0.9999911395162009;0.9999949580452766;0.9999999999999999;0.9999982266310313;0.999931895550969;1.0008438688649874;0.9999891130219829;0.9999983620246145;1.0;0.9999986524494666;1.0025573468305828;1.0025624984075403;1.0;1.0;0.9999953515306701;1.0008482441631994;1.0003442623891532;0.9999921241612217;0.999931252689306;0.999936332726871;1.0;0.9998067198771036;0.999806115026121;0.9998845314468834;1.0;1.0023283289812386;0.9999346234504689;0.9999987641336924;1.0;1.0025173082623502;1.024999976158142;
2016-05-24 18:15:00;1.0;0.9999891030232592;1.0;0.9999966948506136;0.9999525468727813;0.9999960608945774;1.0026313895954673;0.9999948384893359;0.9999658434328271;1.0;0.9999978183938335;1.002594058192975;1.0026007256350313;0.9999939219746449;0.9999968250386019;1.0;0.9999986368373952;0.999951978631423;1.0008669651555795;0.999992375430412;0.9999983917547981;1.0;0.9999989553486316;1.002628733841115;1.0026328266407365;1.0;0.9999999999999999;0.999996671365298;1.0009486434434438;1.0004105638211889;1.0000464976551313;0.9999550255097982;0.999955660282321;1.0;0.9997865873808229;0.99980637443567;0.9998853408316866;1.0;1.0023924917400238;0.9999543935388083;0.9999987849599136;1.0;1.002596951912368;1.024999976158142;
2016-05-24 18:30:00;1.0;0.9999864271663855;1.0;0.9999953308182988;0.9999423110103673;0.9999948064201198;1.002608117885566;0.9999935390859372;0.9999586704369582;1.0;0.9999964788098458;1.0025671191276695;1.002573958942833;0.9999923264131462;0.9999960585827655;0.9999999999999999;0.9999980086578469;0.9999415727588932;1.0008592471346858;0.9999907736229889;0.9999979051283524;1.0;0.9999984803898421;1.0026048684369548;1.00260998297609;1.0;1.0;0.9999956820363658;1.000956402381503;1.0004258686195429;1.0000631504231283;0.999969176017157;0.9999461010711219;1.0;0.9997916546537049;0.9998263988148455;0.9998968260533043;1.0;1.0023714424071155;0.9999445494955489;0.9999984190222914;1.0;1.0025699238317438;1.024999976158142;
2016-05-24 18:45:00;1.0;0.9999847654785826;1.0;0.999993855651566;0.9999280504738949;0.9999927423964359;1.0026384053061104;0.9999909230447415;0.9999469993785378;1.0;0.9999958686195204;1.0025982549989698;1.002605077253875;0.9999899899475458;0.9999955749600878;1.0;0.9999976192698773;0.9999275328297831;1.0008695884908054;0.9999881645157065;0.9999985249638519;1.0;0.9999982088326008;1.0026350495722804;1.0026403357756604;1.0;1.0;0.9999941074879974;1.0010057412865208;1.0004597095785932;1.0000927071318853;0.9999843363558844;0.9999325699505037;1.0;0.9997809382951106;0.9998324470125838;0.9999004705554787;1.0;1.002398974274742;0.999930754233291;0.9999988852194831;1.0;1.0026009342608726;1.024999976158142;
2016-05-24 19:00:00;1.0;0.9999865692257851;0.9999999999999999;0.9999937029851608;0.9999354571759289;0.9999929072337688;1.0026304739373078;0.9999914927354446;0.9999524769592258;0.9999999999999999;0.9999953552489658;1.0025925244500953;1.002599024515103;0.9999907006619773;0.9999961096780039;1.0;0.9999974971198724;0.9999349609994644;1.000866949767384;0.9999893893637584;0.9999985870004242;1.0;0.9999981203000681;1.0026271083057232;1.0026324627305352;1.0;0.9999999999999999;0.9999943445683985;1.001039359516659;1.0004943381656601;1.0001195114241352;0.9999976128496944;0.999939586289404;1.0;0.9997871277208651;0.9998368940888929;0.999903073627542;1.0;1.0023917768946542;0.9999379464798245;0.999998932959818;0.9999999999999999;1.0025951551734775;1.024999976158142;
2016-05-24 19:15:00;1.0;0.9999842570940118;1.0;0.9999827819711734;0.9999224680022195;0.9999839637100347;1.0027000276879239;0.9999846032774343;0.9999419927806396;1.0;0.9999833546320019;1.0026574785203637;1.002664409866501;0.999983737877973;0.99999543842232;1.0;0.9999927472261727;0.9999221847871934;1.0008908785561161;0.9999870408381136;0.9999991610845124;1.0;0.9999946339437412;1.002693180003244;1.0027047437205006;1.0;1.0;0.9999881634936851;1.0011278125317287;1.0005751086450796;1.0001757362722459;1.0000321292285959;0.9999271155618685;1.0;0.9997958665267855;0.9998651223987507;0.9999189022004611;1.0;1.0024557644597296;0.9999252470022982;0.9999993657658973;0.9999999999999999;1.0026601848121246;1.024999976158142;
2016-05-24 19:30:00;1.0;0.9999844761113762;1.0;0.999992810611987;0.9999301360055171;0.9999920367839034;1.0026088391110068;0.999990559811103;0.99994836891341;1.0;0.9999945390782601;1.0025697222904317;1.002576442908179;0.9999895162256729;0.9999954922644931;1.0;0.9999971574438459;0.999929762417862;1.0008600434419632;0.9999884710719315;0.999998928368424;1.0;0.9999978785142253;1.0026051918646584;1.0026110082029087;1.0;1.0;0.9999936400417714;1.0010509248123056;1.0005077723042004;1.000136920950636;1.0000107568072294;0.9999342548322477;1.0;0.9997855539886584;0.9998528900417788;0.9999121669861559;1.0;1.0023721347612262;0.9999325405878832;0.9999991912765483;1.0;1.0025723260847388;1.024999976158142;
2016-05-24 19:45:00;1.0;0.9999887401925946;1.0;0.9999930040418765;0.9999143074428305;0.9999908369955215;1.0025844394740395;0.9999882865795181;0.9999354662566218;0.9999999999999999;0.999996353244098;1.002544975109892;1.0025517342606434;0.9999888345218222;0.9999967265938128;1.0;0.9999975002221602;0.9999135891236863;1.0008517393035106;0.9999855885658152;0.9999979511555127;1.0;0.999998107011854;1.0025812552325524;1.0025862884253538;1.0;1.0;0.9999928701675523;1.0011942523294646;1.0006524653920548;1.000257525752384;1.000079713892601;0.9999208838218759;1.0;0.9998023126344459;0.9998997674632071;0.9999381100370068;1.0;1.002350057992128;0.9999186381975345;0.9999984532501316;0.9999999999999999;1.0025478955561933;1.024999976158142;
2016-05-24 20:00:00;1.0;0.9999879442154181;1.0;0.9999922898340518;0.9999274242136198;0.9999915121022891;1.0025229572751464;0.9999901770557915;0.9999469038234298;1.0;0.999994083609079;1.0024822261573743;1.002488554622345;0.999989845678265;0.9999965008699283;1.0;0.999996815271265;0.9999264515177152;1.0008313864907532;0.9999881436522736;0.9999972372488649;1.0;0.9999975842866284;1.0025190529762993;1.0025254096384897;1.0;1.0;0.9999934319976708;1.001206629487363;1.0006664276453767;1.0002884143229869;1.0001045392010353;0.9999330302654876;1.0;0.9997915485190313;0.999932787616965;0.9999573029181199;0.9999999999999999;1.0022943441678354;0.9999310272052924;0.9999979136429081;1.0;1.0024848565913427;1.024999976158142;
2016-05-24 20:15:00;1.0;0.999985269810919;1.0;0.9999799386012796;0.9999122943518135;0.9999810228835194;1.0026241170107948;0.9999817304721538;0.9999336008995146;1.0;0.9999809570059903;1.00258266300882;1.0025892276895025;0.9999814999887456;0.9999957278346827;0.9999999999999999;0.9999916424188103;0.9999119881049231;1.0008661585289327;0.9999851629064546;0.9999990892216817;1.0;0.9999938179355313;1.0026166799002598;1.0026293490663576;1.0;1.0;0.999986140820531;1.0012905514009998;1.000729660007517;1.0003370409100403;1.0001391463525717;0.9999180164941672;0.9999999999999999;0.9997830692134493;0.9999719294962616;0.9999795335743396;0.9999999999999999;1.002386984996574;0.9999158842447287;0.9999993093945801;1.0;1.0025852377320381;1.024999976158142;
2016-05-24 20:30:00;1.0;0.9999806461131577;1.0;0.9999877550750803;0.9999098025094215;0.9999872068281518;1.002570527677625;0.9999858932836142;0.9999324641880935;1.0;0.9999897956695127;1.0025272038933826;1.0025344937155287;0.9999847898271129;0.9999943819809007;0.9999999999999999;0.9999951195828856;0.9999095897638031;1.0008480081159057;0.9999849153613943;0.9999993719046234;1.0;0.9999963876400548;1.0025653697807348;1.0025738120668082;1.0;1.0;0.9999901114832086;1.0012875932379954;1.000745939704551;1.0003516567233102;1.0001501780769193;0.9999149069306231;1.0;0.9998010675990812;0.9999862733499211;0.9999875072880078;1.0;1.0023376128371004;0.9999127785819666;0.9999995249241274;1.0;1.0025298538623284;1.024999976158142;
2016-05-24 20:45:00;1.0;0.9999752990887338;1.0;0.9999870956327753;0.9999024367303306;0.9999870955841904;1.0025878365100651;0.9999859551066446;0.99992867021168;1.0;0.9999885785480339;1.0025386772237759;1.0025460674324056;0.9999836891896463;0.9999928294047159;1.0;0.9999946263292604;0.9999018991880658;1.0008535803702499;0.999984064348006;0.9999984441574251;1.0;0.9999960012643775;1.0025819662564046;1.0025916154457126;1.0;1.0;0.9999898065616747;1.0012859685260613;1.0007331073496373;1.0003490786151918;1.0001525244980363;0.9999077348681129;0.9999999999999999;0.9997842780325347;0.9999964526029199;0.999993827367469;1.0;1.002353453039586;0.9999053580546039;0.9999988238314231;1.0;1.0025410104926342;1.024999976158142;
2016-05-24 21:00:00;0.9999999999999999;0.9999732780267109;1.0;0.9999895956864892;0.9998933496464412;0.9999886392082525;1.0025117194359936;0.9999864030777362;0.9999219837546264;1.0;0.9999919186071913;1.0024577445034801;1.0024662009633007;0.9999840425258951;0.9999922343312015;1.0;0.9999958103591899;0.9998927523841343;1.000828337069928;0.9999825722293766;0.9999982784551178;1.0;0.9999968698643887;1.002506486186629;1.0025148725398922;1.0;1.0;0.9999907040831931;1.001233688881851;1.0007000028998458;1.000334721283604;1.0001529206327382;0.9998991944128108;0.9999999999999999;0.9997878773491727;1.0000164575566215;1.0000043450786893;1.0;1.0022841258639914;0.9998965905257822;0.9999986995612916;1.0;1.002460519784538;1.024999976158142;
2016-05-24 21:15:00;1.0;0.9999799244625801;1.0;0.9999827348663644;0.9999119071182911;0.9999839445442051;1.0025811907443798;0.999984315333897;0.9999352502482135;1.0;0.9999832878611518;1.002533377901097;1.0025405495782362;0.9999827017347718;0.9999941687504331;1.0;0.999992630381232;0.9999113436192368;1.0008516901970512;0.9999855330211677;0.9999983552750098;1.0;0.9999945281531967;1.0025739860665581;1.002586117161748;1.0;1.0;0.9999879295958196;1.0012931162382661;1.0007440605439497;1.0003628334897294;1.000166909724968;0.9999171269885212;1.0;0.9997852222787121;1.0000210549606103;1.000007374893926;1.0;1.0023478384317626;0.9999149397157182;0.9999987594168637;1.0;1.0025359120673643;1.024999976158142;
2016-05-24 21:30:00;1.0;0.9999720477958284;1.0;0.9999870613521119;0.9998730910521596;0.9999854910971536;1.0025278596788623;0.9999827000321936;0.9999058644140459;1.0;0.999990395733476;1.0024707216678879;1.0024797507763399;0.9999808955642704;0.9999918844934981;1.0;0.9999949497701401;0.999872515276433;1.000833787436912;0.9999789709048112;0.9999983294633178;1.0;0.9999962370112266;1.0025220451874381;1.0025314158875471;0.9999999999999999;0.9999999999999999;0.9999883952792137;1.0012532324083154;1.0007171267693151;1.000335749784978;1.000142705292325;0.9998804835047754;0.9999999999999999;0.9997965265914155;0.9999840720296458;0.9999856281343847;1.0;1.0022989161783162;0.9998774038507078;0.9999987386586325;1.0;1.0024737269993225;1.024999976158142;
2016-05-24 21:45:00;1.0;0.9999677770954456;1.0;0.9999929051641033;0.9998537354229353;0.9999901189823517;1.002502682720399;0.9999855653080884;0.999894847201605;1.0;0.9999970089199561;1.0024349551569234;1.0024439161234115;0.9999830538110838;0.9999906762538207;1.0;0.9999971852467318;0.999851788640477;1.0008238920994648;0.9999765151821791;0.9999944515670451;0.9999999999999999;0.9999977886876328;1.002497910170837;1.0025053557051433;1.0;1.0;0.9999912838446057;1.0012067217842489;1.0006652243065983;1.000304709197412;1.0001258214077569;0.9998637727948302;1.0;0.9997781468671899;0.9999747076952007;0.9999809175041259;1.0;1.0022758707575945;0.9998598036417653;0.9999958157739437;1.0;1.0024376339824366;1.024999976158142;
2016-05-24 22:00:00;1.0;0.9999713287056754;1.0;0.9999944464811256;0.9998762575474158;0.9999919161294264;1.0024759270143417;0.9999878601204034;0.9999107056166904;1.0;0.9999980822496802;1.0024163440834741;1.0024248745167217;0.9999854748781194;0.999991661510129;1.0;0.999997905219032;0.9998748804817865;1.0008156700119475;0.9999800525184501;0.9999960731671137;1.0;0.9999983593411398;1.0024719629257421;1.0024780308206505;1.0;1.0;0.9999927231148275;1.0011917389325022;1.0006701022663287;1.000302430892283;1.0001262969408022;0.999884212961524;1.0;0.9997995074914885;0.9999787529904056;0.999983204229467;1.0;1.0022514231155246;0.9998809482522018;0.9999970348619239;1.0;1.0024190228592529;1.024999976158142;
2016-05-24 22:15:00;1.0;0.9999699555479349;1.0;0.9999936385729609;0.9998820397971365;0.9999913586066194;1.0024600524699927;0.999987569056455;0.9999139954873328;1.0;0.9999970690625328;1.0024047786317252;1.0024132920259163;0.9999848676838975;0.999991263833117;1.0;0.9999976863071227;0.9998813199374943;1.0008110884846242;0.9999807864098609;0.9999979322444046;1.0;0.9999982440626528;1.0024561086841903;1.0024621238835727;1.0;1.0;0.9999923036210477;1.0011888685581147;1.0006762676342702;1.0003054023226323;1.0001288649817281;0.9998885022950504;0.9999999999999999;0.9998092214097539;0.9999823870780776;0.9999854452961295;0.9999999999999999;1.002236868992467;0.9998856044836488;0.9999984374886338;1.0;1.00240735289812;1.024999976158142;
2016-05-24 22:30:00;0.9999999999999999;0.9999656899477012;1.0;0.999993306346091;0.9998520370761934;0.9999903108899028;1.0025146024655522;0.9999854994336439;0.9998933180061035;1.0;0.999997629950603;1.0024488359328485;1.0024576216115868;0.9999826305902636;0.9999900360239745;1.0;0.9999974622032051;0.9998503582723348;1.000828212933278;0.9999761649218221;0.9999952022276026;0.9999999999999999;0.9999980116254891;1.0025101169901605;1.0025170315603105;1.0;1.0;0.9999912804664808;1.0012256984871337;1.000688048192605;1.000320531309836;1.0001378056807861;0.9998615873200956;1.0;0.9997857629431081;0.9999894203215909;0.9999896799485464;1.0;1.0022866171920854;0.9998576739714271;0.9999963784057047;1.0;1.0024512654021496;1.024999976158142;
2016-05-24 22:45:00;1.0;0.999962794008466;1.0;0.9999919555651112;0.999847440585397;0.9999883806252875;1.00246327786649;0.9999830500974467;0.9998870529556838;0.9999999999999999;0.9999970984020808;1.0024025165878085;1.0024121138447026;0.9999802133332363;0.9999892188950801;1.0;0.9999973525376566;0.9998470041748102;1.000812375943952;0.99997476960042;0.9999987307111797;1.0;0.9999980179161871;1.0024590439480516;1.002465401669122;1.0;0.9999999999999999;0.9999897807978272;1.001215791744606;1.000700530561097;1.000325355770766;1.0001395991526754;0.9998554712771116;1.0;0.9998098788735391;0.9999882732779933;0.9999885861040291;1.0;1.0022396626404035;0.9998518797585376;0.9999990400433764;0.9999999999999999;1.0024051953266357;1.024999976158142;
2016-05-24 23:00:00;1.0;0.999967200224979;1.0;0.9999908632295257;0.9998423982493806;0.9999868075205989;1.0024708030430312;0.999981311567099;0.9998822950992503;1.0;0.9999966918981527;1.0024129143345248;1.0024219991992136;0.9999797080716438;0.9999905043874464;1.0;0.9999970194891328;0.9998418117522565;1.0008147285911593;0.9999737084663509;0.9999983037963212;1.0;0.9999977618969826;1.0024666203643997;1.0024729850394147;1.0;1.0;0.9999888530890103;1.0012186528150961;1.000694681465494;1.0003260880806484;1.0001409930561829;0.9998517314292202;1.0;0.9997981593137183;0.9999915975088858;0.9999904172427253;0.9999999999999999;1.0022466062505335;0.9998479373223916;0.9999987189842375;1.0;1.002415619966178;1.024999976158142;
2016-05-24 23:15:00;1.0;0.9999694472466883;1.0;0.9999916342642126;0.9998381402722327;0.9999874819350052;1.002477126310297;0.9999819133228922;0.9998806013609192;1.0;0.9999975058760485;1.0024142206632085;1.0024231603139537;0.9999806530190625;0.9999911273017402;1.0;0.9999971476009467;0.9998366836275434;1.0008161458549139;0.9999733248235108;0.9999958294854314;1.0;0.9999977953084244;1.0024728117998831;1.0024794535803914;1.0;1.0;0.999989390239245;1.001242465135449;1.000724431080934;1.0003435495407513;1.0001502527193604;0.9998492243262102;1.0;0.9998111854860456;0.9999959956467881;0.9999927789653636;1.0;1.0022526089192334;0.9998450195176027;0.9999968514050721;0.9999999999999999;1.0024169958237716;1.024999976158142;
2016-05-24 23:30:00;1.0;0.999971038533279;1.0;0.9999911038956415;0.9998321500220079;0.9999869157874807;1.002454311825127;0.999981345695634;0.9998767833304991;1.0;0.9999970772896798;1.0023882141447604;1.002397043445326;0.9999804950961955;0.999991582075006;1.0;0.9999968141381468;0.9998301527314821;1.0008081825223745;0.9999724729753126;0.9999942880747843;1.0;0.9999975115943559;1.0024496595730163;1.0024569392193037;0.9999999999999999;1.0;0.9999890612270782;1.001252847597025;1.0007413850974893;1.0003581521710019;1.000159194308057;0.9998446386186387;1.0;0.9998181831852754;1.0000033537770556;0.9999968513526305;0.9999999999999999;1.00223206115689;0.9998400987264239;0.9999956918328573;1.0;1.0023910377468412;1.024999976158142;
2016-05-24 23:45:00;1.0;0.9999730613352431;1.0;0.9999917733908352;0.9998450930859126;0.9999873781274973;1.0024211227339366;0.9999818342935924;0.9998844915003613;1.0;0.9999979086125331;1.0023652741957774;1.002373546411795;0.9999813043186786;0.9999921706550642;1.0;0.9999973583505934;0.9998439580826373;1.0007979823953614;0.9999741957093504;0.9999967499100446;1.0;0.9999979732123611;1.0024173478506417;1.00242311873664;1.0;1.0;0.9999894775407878;1.0012118862250134;1.0007065824853663;1.0003345214248494;1.000146727175652;0.9998557512161862;1.0;0.9998158906654196;0.9999971085342649;0.9999936152899231;1.0;1.0022016250826695;0.9998517959157265;0.9999975448077827;1.0;1.00236793343723;1.024999976158142;
2016-05-25 00:00:00;1.0;0.9999693040085769;1.0;0.9999922184624518;0.999853633761038;0.9999887379086616;1.002426297900824;0.9999838050918018;0.9998922789845116;1.0;0.9999972309920715;1.002366286647662;1.0023751199437037;0.9999819831084139;0.9999910793747478;1.0;0.9999973040875626;0.9998525094829344;1.000799742977168;0.9999759332895954;0.9999967764250622;1.0;0.9999979339638952;1.002422098708169;1.0024285394311085;1.0;1.0;0.9999903251913426;1.0012149531538022;1.0007138723333597;1.0003353459477826;1.0001463897724951;0.999862951334853;1.0;0.999823791086199;0.9999949527025744;0.9999923138693214;1.0;1.0022063433071282;0.9998592335611902;0.9999975651479995;1.0;1.0023689921534613;1.024999976158142;
2016-05-25 00:15:00;1.0;0.9999722668015331;1.0;0.9999934221023395;0.9998546546715732;0.9999909693631053;1.002389636116212;0.9999868322150878;0.9998977123211306;1.0;0.9999970922848538;1.0023156626217615;1.00232430028335;0.9999848297348172;0.9999919383425661;1.0;0.9999970302838067;0.9998514838389572;1.0007858469442679;0.9999771502454148;0.9999909763484006;1.0;0.9999975886242207;1.0023844418248284;1.0023927299345134;0.9999999999999999;1.0;0.9999920844622132;1.001183630798901;1.00069532084548;1.0003207346730334;1.0001393042698605;0.9998667567728773;1.0;0.999831914598778;0.999992893643046;0.9999909737676175;1.0;1.0021735880436824;0.9998623693407895;0.9999931930164313;1.0;1.0023184666223808;1.024999976158142;
2016-05-25 00:30:00;1.0;0.9999693040085769;1.0;0.9999923068453271;0.9998399629052065;0.9999889531382607;1.002387051523363;0.9999839576453536;0.9998848868325255;1.0;0.9999971736076261;1.0023175409780503;1.0023260073424827;0.9999821240493971;0.9999910793747478;1.0;0.9999969569700349;0.999837444611999;1.00078567154255;0.9999742798130805;0.9999928187282765;1.0;0.9999975803414558;1.0023821697610806;1.002389871066797;0.9999999999999999;0.9999999999999999;0.9999904575830866;1.0012136753517726;1.000735067673521;1.00034597883658;1.0001533456480927;0.9998521216934159;1.0;0.9998497698062091;1.0000014634244994;0.999996352788875;1.0;1.002171040732083;0.9998476109046488;0.9999945796924669;1.0;1.00232004550173;1.024999976158142;
2016-05-25 00:45:00;1.0;0.9999715426237433;1.0;0.9999932167397764;0.9998593554224365;0.9999904024715032;1.0023548423462094;0.9999860444358002;0.9998989920009173;1.0;0.999997333562946;1.002287841715325;1.0022967055340666;0.9999841090735889;0.9999917348763425;1.0;0.9999972943745404;0.9998572200504977;1.00077534827134;0.999977434499699;0.9999939185767494;1.0;0.9999978559030926;1.0023501995676292;1.0023574660376526;1.0;0.9999999999999999;0.9999916392681942;1.0012035416880498;1.0007237011763084;1.0003465712693826;1.0001552380765253;0.9998697184405465;1.0;0.9998407933704376;1.0000063936912162;0.9999984700241391;1.0;1.0021417060655273;0.9998657909319052;0.9999954090451674;0.9999999999999999;1.0022907210084548;1.024999976158142;
2016-05-25 01:00:00;0.9999999999999999;0.9999617113440818;1.0;0.9999922944032241;0.9998404200366401;0.99999010767366;1.0022857455453944;0.999985672736453;0.9998877001809949;0.9999999999999999;0.9999957815402938;1.0022052670715833;1.0022150013875606;0.9999818645062034;0.9999889007324877;1.0;0.9999965674340424;0.9998376628520346;1.0007521355260924;0.9999749130860146;0.9999921446084563;1.0;0.9999972764530772;1.0022798360446616;1.002289187925349;1.0;1.0;0.9999910132090121;1.0012267025384076;1.0007826356924427;1.0003907351009362;1.000187432955492;0.999851631498341;0.9999999999999999;0.9998809823289792;1.0000444117551843;1.0000203172198252;1.0;1.0020790494607754;0.9998471123485789;0.9999940737323572;1.0;1.0022079452832968;1.024999976158142;
2016-05-25 01:15:00;1.0;0.9999721154777454;1.0;0.9999953403130799;0.999871307081126;0.9999928764959075;1.0022233697244418;0.9999887614112551;0.9999088782456322;1.0;0.999998791956314;1.0021582769604442;1.0021665534568702;0.9999864308392353;0.9999919230828671;1.0;0.9999980112986382;0.9998690184350842;1.0007317976665937;0.9999796492241406;0.9999935056528301;1.0;0.9999983736118285;1.0022192046563971;1.0022256674968617;1.0;1.0;0.9999934315100087;1.001199910913713;1.0007706403291055;1.0003848325165703;1.000183940470328;0.9998808932108864;1.0;0.9998895719683748;1.0000417333636844;1.0000189381313223;1.0;1.002022114627458;0.9998772060983243;0.9999950969053585;0.9999999999999999;1.002160879686178;1.024999976158142;
2016-05-25 01:30:00;1.0;0.9999818017293544;1.0;0.9999956479316042;0.9998962113702702;0.9999934732426593;1.002211790652868;0.9999902244355232;0.9999260831045049;1.0;0.9999987175375201;1.002158373229323;1.0021653018331653;0.999989294096216;0.9999947192310122;1.0;0.9999981671674515;0.9998941356444103;1.0007281276654676;0.9999834927995764;0.9999941133445273;1.0;0.9999985034403667;1.0022083044092713;1.0022137793394397;1.0;1.0;0.9999943441489361;1.0011748495657786;1.000739632812599;1.0003665955041623;1.000173253931119;0.999904886273341;0.9999999999999999;0.9998760841592678;1.0000338448803503;1.0000146039198057;1.0;1.002011604605429;0.9999018035812667;0.9999955559546572;0.9999999999999999;1.0021609064476675;1.024999976158142;
2016-05-25 01:45:00;1.0;0.9999856334960777;1.0;0.9999951162084096;0.9998921609699074;0.9999924015827303;1.0021429403070374;0.9999888870877861;0.9999221044517743;1.0;0.9999988785043752;1.002091587474346;1.002098297961579;0.9999890324934064;0.9999958230233038;1.0;0.9999980819421681;0.9998900011648728;1.0007054270195233;0.999982604534384;0.9999938604742485;1.0;0.9999984347244147;1.0021396219027945;1.00214486118083;1.0;1.0;0.9999937306277819;1.0011897021370533;1.0007956100735524;1.0003981783430973;1.0001916059468248;0.9999018856221877;0.9999999999999999;0.9999273824380353;1.0000470053434944;1.0000217830586728;0.9999999999999999;1.0019491110503562;0.9998986481387696;0.999995369679955;1.0;1.0020942653822713;1.024999976158142;
2016-05-25 02:00:00;1.0;0.9999919189555612;1.0;0.9999956971517182;0.9999376835048475;0.9999946268281603;1.0020688246264782;0.999993086263029;0.9999553950020407;1.0;0.9999974478433229;1.002028668256898;1.0020346816200425;0.9999931381876344;0.9999976525055414;1.0;0.9999981426763471;0.9999362604903783;1.0006816433565509;0.9999900420922918;0.9999959603220304;1.0;0.9999985311614945;1.0020658350644105;1.0020706203700371;1.0;1.0;0.9999957555238265;1.0011815197583263;1.000809747368462;1.0004103805667321;1.0001985198542394;0.9999435463318569;1.0;0.9999477877543677;1.0000515969425414;1.0000242783664874;1.0;1.0018816765657221;0.9999416157998423;0.9999969535182619;1.0;1.002031401956003;1.024999976158142;
2016-05-25 02:15:00;0.9999999999999999;0.9999935821721114;1.0;0.9999960802488934;0.9999302089777016;0.9999945915910377;1.0020729126740129;0.9999926815129944;0.9999502645460581;1.0;0.9999982807696605;1.0020295988198245;1.002035668202851;0.9999932533890831;0.9999981295639325;1.0;0.9999982752347262;0.999928285113617;1.000682519813334;0.9999888965672994;0.9999945324045567;1.0;0.999998593751824;1.0020699352295943;1.0020747150588467;1.0;1.0;0.9999957614078965;1.001183998445144;1.0008159417378433;1.000410564291681;1.0001973841392162;0.9999375735778104;1.0;0.9999549379091777;1.000047923630615;1.0000219433219613;0.9999999999999999;1.0018855067984191;0.9999352836141632;0.9999958792752504;1.0;1.0020324773710945;1.024999976158142;
2016-05-25 02:30:00;1.0;0.9999935086561599;0.9999999999999999;0.9999978510537727;0.9999438884635768;0.9999966718989642;1.002062803012655;0.9999950188836476;0.9999607051364132;1.0;0.9999994868698758;1.0020207053615822;1.0020270104995304;0.999995104602998;0.9999981138019712;1.0;0.9999989625491978;0.9999422003334995;1.0006792999676353;0.9999912289474616;0.9999952189717698;1.0;0.999999116908897;1.002060245186564;1.0020642485337123;1.0;1.0;0.9999972382430701;1.0011580289241229;1.0007871502854984;1.0003923778943757;1.000187541779416;0.9999497692374061;1.0;0.9999454941905849;1.0000424794898477;1.0000186424290498;1.0;1.0018761827329823;0.9999478914556564;0.9999963928039858;1.0;1.002023709343902;1.024999976158142;
2016-05-25 02:45:00;1.0;0.9999970503016871;1.0;0.9999977883321978;0.9999494789778786;0.9999968070611958;1.0020459193837425;0.9999955118458608;0.9999651111231576;1.0;0.9999991971350035;1.0020069604725077;1.0020123250327109;0.9999961029053005;0.9999991381631068;1.0;0.9999988366421264;0.9999475029288577;1.000673472102737;0.9999922131059875;0.999994393488831;1.0;0.9999990039140159;1.0020434330591035;1.0020474309586185;1.0;1.0;0.9999975168518165;1.001157620434126;1.0007903594502736;1.000395942404785;1.0001893380136189;0.9999557650278854;0.9999999999999999;0.9999483422231519;1.0000431481972787;1.0000195034122155;1.0;1.0018609195508503;0.9999539023928705;0.9999957735778716;1.0;1.0020096941123906;1.024999976158142;
2016-05-25 03:00:00;1.0;0.999996760967906;1.0;0.9999976986731826;0.9999597745194166;0.9999970171016281;1.0020340580957854;0.9999960686423056;0.9999719459473017;1.0;0.999998763739484;1.0019990484235524;1.0020045227499756;0.9999963947644417;0.9999990554785779;1.0;0.9999988795315278;0.9999583897305733;1.0006701036770835;0.9999937393888975;0.9999960793438517;1.0;0.9999990769873774;1.002031730922593;1.002035429242378;1.0;1.0;0.9999976880156779;1.0011712460514757;1.0008128818559405;1.0004109753543124;1.0001985052368085;0.9999644179186902;1.0;0.999960904265537;1.0000507619822323;1.0000237340591167;1.0;1.0018500139670234;0.9999630034181026;0.9999970420066264;1.0;1.0020018224347207;1.024999976158142;
2016-05-25 03:15:00;1.0;0.999994376693558;1.0;0.9999968395260059;0.9999489978589731;0.9999959920341124;1.002053891833016;0.999994762978303;0.9999640364015818;1.0;0.9999981982740892;1.0020140897545056;1.0020202688160915;0.9999949207488028;0.9999983618668425;1.0;0.9999985463913955;0.9999475318807286;1.0006766430173046;0.9999919726167885;0.9999958476470151;1.0;0.9999988257322624;1.002051137392448;1.0020555164617961;1.0;1.0;0.9999968426630113;1.0011755328334824;1.0008193451492915;1.0004086981371212;1.0001958019155923;0.9999543039821452;1.0;0.9999685648033909;1.000045649133182;1.000020450587683;1.0;1.001868119990863;0.999952617655109;0.9999968669161191;1.0;1.002017084004271;1.024999976158142;
2016-05-25 03:30:00;1.0;0.9999883756000731;1.0;0.9999969332917689;0.9999403035610012;0.9999961775060442;1.0020502127848476;0.9999946665652344;0.9999584204110045;1.0;0.999998174022065;1.002007411455152;1.002013678511152;0.9999937435944809;0.9999966346488657;0.9999999999999999;0.9999985315767385;0.9999388590670839;1.000675411040351;0.999990718554898;0.9999959051712795;1.0;0.9999988163182348;1.0020472548831751;1.00205191718791;1.0;1.0;0.9999966956536539;1.0011672830616352;1.0008059546901082;1.000404249802086;1.0001951155598634;0.9999454097904773;1.0;0.9999582511833307;1.0000495056840055;1.0000232832125455;0.9999999999999999;1.0018646571373417;0.9999435629846786;0.9999969111467093;1.0;1.0020100406432442;1.024999976158142;
2016-05-25 03:45:00;1.0;0.9999867868112315;1.0;0.9999968567228653;0.9999287473539906;0.9999955550461227;1.0020694277161686;0.9999934415136585;0.9999496154658197;0.9999999999999999;0.999998750879913;1.0020229641979184;1.0020298891000265;0.9999926026128934;0.999996170109509;1.0;0.9999986098612912;0.9999272523216265;1.000681719905303;0.9999887514830559;0.9999957592070945;1.0;0.9999988704777163;1.0020664203288052;1.0020710965996167;0.9999999999999999;1.0;0.9999961312165335;1.001184164783474;1.0008162562607885;1.0004115143855468;1.0001979132163858;0.9999346750815595;1.0;0.999954653566588;1.0000482523934526;1.0000221291059803;1.0;1.001882133543301;0.9999325408204977;0.9999968009397362;1.0;1.002025842730129;1.024999976158142;
2016-05-25 04:00:00;0.9999999999999999;0.9999898214967831;1.0;0.999997232478546;0.999947813891793;0.999996333984994;1.0020454958966756;0.9999948413457675;0.9999627871761088;1.0;0.9999986053446427;1.0020066517382595;1.0020131386483127;0.9999941720544074;0.9999970513512781;1.0;0.999998823211289;0.9999468841521519;1.0006742825672676;0.9999916940250931;0.9999973653868411;1.0;0.9999990673795423;1.0020429355660452;1.0020468814920582;1.0;1.0;0.9999968686335586;1.0011548824302772;1.0007902693818702;1.000394323462644;1.0001886219100105;0.9999518815447545;1.0;0.9999516413825054;1.0000431473614746;1.0000192956016392;1.0;1.0018602474128384;0.9999503767967879;0.9999980122958858;0.9999999999999999;1.0020095011196748;1.024999976158142;
2016-05-25 04:15:00;1.0;0.9999947378205021;1.0;0.9999973348240269;0.9999601344138148;0.9999964977356155;1.002041281776577;0.9999953857359883;0.9999710155309472;1.0;0.9999986226027615;1.002007138874208;1.0020134272859398;0.9999954759063698;0.9999984668166239;1.0;0.9999989270259984;0.9999594068895736;1.0006730726825377;0.9999935314442262;0.9999979386190205;1.0;0.9999991580822384;1.0020390307268663;1.002042498189625;1.0;1.0;0.9999972261076272;1.00115193256203;1.0007862048634597;1.0003936236039763;1.0001890121974646;0.9999636553746495;1.0;0.9999484479417828;1.0000452555889703;1.0000200767008747;1.0;1.0018564375629042;0.9999624804534978;0.999998444830077;1.0;1.0020102181652784;1.024999976158142;
2016-05-25 04:30:00;1.0;0.9999932193231937;1.0;0.9999971788310973;0.9999575862139455;0.9999964319293112;1.0020571016548878;0.9999953105817443;0.9999694625883189;1.0;0.9999983788754279;1.0020230465659024;1.002029021398497;0.9999951149169807;0.9999980311175056;1.0;0.9999988238205508;0.999956806571197;1.0006782415637312;0.9999931845107818;0.9999977939664554;1.0;0.9999990783536968;1.0020547703887874;1.0020583893031147;0.9999999999999999;1.0;0.9999971156174803;1.0011508649574947;1.000783853603549;1.0003872840650287;1.0001835892681061;0.9999611548106501;1.0;0.9999499916573973;1.0000373495779067;1.0000161017016134;1.0;1.001870795315743;0.9999599120367542;0.9999983346162334;1.0;1.0020258497479215;1.024999976158142;
2016-05-25 04:45:00;1.0;0.9999908342237865;1.0;0.9999971324217274;0.9999510913514272;0.9999960912648072;1.0020316882022031;0.9999945797860805;0.9999642895497654;0.9999999999999999;0.9999986833310041;1.0019961361191216;1.0020025987060022;0.999994160872192;0.9999973407644599;1.0;0.999998910865796;0.9999505047905449;1.0006700456378272;0.9999920295951017;0.9999983382053161;1.0;0.9999991560537799;1.0020293697833986;1.0020328945483359;1.0;0.9999999999999999;0.9999967399757153;1.001178137735894;1.0008163569646311;1.0004173541592918;1.0002027538657914;0.9999546240644016;1.0;0.9999560777982995;1.0000550729700788;1.0000259361381192;1.0;1.001847624623643;0.999953304864766;0.9999987458809609;1.0;1.0019990414281297;1.024999976158142;
2016-05-25 05:00:00;1.0;0.9999942320481698;0.9999999999999999;0.9999974242714134;0.9999692522259678;0.9999968313638893;1.0020164674313363;0.9999959869220884;0.9999771004046972;1.0;0.9999984132999362;1.0019876820388947;1.0019936146829846;0.9999957874294498;0.9999983205305103;1.0;0.999999038434132;0.9999690593760826;1.0006653575435358;0.9999948903981122;0.9999994552915316;0.9999999999999999;0.9999992776922482;1.0020144990583901;1.002017480286511;1.0;0.9999999999999999;0.9999974665204618;1.001174497749428;1.0008174034171677;1.0004139056669104;1.0001962882233006;0.9999712663356537;1.0;0.9999630638994323;1.0000401726137094;1.0000176143951884;1.0;1.0018337174814747;0.9999704936807197;0.9999995883501576;1.0;1.0019905313663662;1.024999976158142;
2016-05-25 05:15:00;1.0;0.9999928564580972;1.0;0.9999974307628506;0.9999654868171507;0.9999967202163698;1.0020295869459732;0.999995688126035;0.9999743124682832;0.9999999999999999;0.9999985570346684;1.0019997655736206;1.0020058676369172;0.9999953339654656;0.9999979326697112;1.0;0.9999990692134134;0.9999653246449317;1.0006696718605688;0.9999942681299895;0.9999995416641235;0.9999999999999999;0.9999993025310578;1.0020275982192222;1.0020305849419153;1.0;0.9999999999999999;0.9999973146817243;1.0011748716923952;1.0008134344521453;1.0004079013387117;1.0001898775104838;0.9999675800984013;1.0;0.9999606951470624;1.000028829453284;1.0000112031740218;1.0;1.0018456026171687;0.9999667367791293;0.9999996537385725;1.0;1.002002614935454;1.024999976158142;
2016-05-25 05:30:00;1.0;0.9999969056143919;0.9999999999999999;0.999998255907921;0.9999687980259379;0.999997379660883;1.0020186987311674;0.9999963585858848;0.9999770277528623;1.0;0.9999994849659628;1.0019905594395264;1.0019960156714418;0.9999966907722996;0.9999990968150013;1.0;0.9999993583194414;0.9999682421034611;1.000665699680099;0.9999948746106544;0.9999984270469889;0.9999999999999999;0.9999994880244408;1.0020170274322062;1.0020195471670272;1.0;1.0;0.9999979419924558;1.0011690398266644;1.0008100363420234;1.0004065086907123;1.0001896571468671;0.9999716961084736;1.0;0.9999614446875085;1.0000300259674844;1.000012014236866;1.0;1.00183578128374;0.999970773928186;0.9999988131976295;1.0;1.0019933334271933;1.024999976158142;
2016-05-25 05:45:00;1.0;0.9999945931749572;1.0;0.9999968019510433;0.9999640821005296;0.9999961524986637;1.0020700887168519;0.9999952662791045;0.9999734484482694;1.0;0.9999979283733235;1.0019756289312343;1.0019972699793558;0.9999952724403859;0.9999984254802787;1.0;0.999998749278168;0.9999636563794473;1.000683264950239;0.9999940745817054;0.9999987957683742;0.9999999999999999;0.9999990482241872;1.0020646096068282;1.0020726147629775;1.0;0.9999999999999999;0.9999970024794889;1.0011737065913553;1.0008037392150682;1.0003933231795827;1.0001781352515875;0.9999668792958842;1.0;0.9999566628253395;1.0000128486019477;0.999986732496612;1.0;1.0018837387037007;0.9999659012120404;0.99999909049022;1.0;1.0019871119084727;1.024999976158142;
2016-05-25 06:00:00;0.9999999999999999;0.9999918460608979;1.0;0.999997397127654;0.9999552534472889;0.9999963778636908;1.0020892684490075;0.999994953926727;0.999967176488526;1.0;0.9999988928107275;1.0019181209412442;1.0019582337889232;0.999994644999706;0.9999976334228747;1.0;0.9999990388200133;0.9999547556971646;1.0006899599285426;0.9999926740721229;0.9999985944411082;1.0;0.9999992565974293;1.0020801065004539;1.002093176193559;1.0;1.0;0.9999969905377334;1.001189680914212;1.0008131363387878;1.0003983277692088;1.0001784076587408;0.9999584780589172;1.0;0.9999539792565353;1.0000070117219906;0.9999656528556151;1.0;1.001902472513414;0.9999572814991007;0.999998937735858;1.0;1.0019395373398858;1.024999976158142;
2016-05-25 06:15:00;1.0;0.9999928570527471;1.0;0.999997363900753;0.9999623613546872;0.9999968069466117;1.002129564494631;0.9999958554927536;0.9999729509882912;0.9999999999999999;0.9999983182493062;1.0018064035831866;1.0018837679641133;0.9999954431668188;0.9999979293383118;0.9999999999999999;0.9999988926398842;0.999961754878964;1.0007040997742942;0.9999939638680312;0.9999982824769762;1.0;0.9999991412235931;1.002112482566279;1.0021367374097914;1.0;1.0;0.9999973815707417;1.0012099023435106;1.0008223271936112;1.0003895602971924;1.00015909365773;0.999965252145046;1.0;0.999956587657858;0.9999605373345596;0.9999027114963621;1.0;1.0019419658181021;0.9999641858120445;0.999998704078877;1.0;1.0018483053989482;1.024999976158142;
2016-05-25 06:30:00;1.0;0.9999887369792277;1.0;0.9999979727231613;0.999954360586306;0.999997194846192;1.0022072357853853;0.9999957720781422;0.9999674390491825;1.0;0.9999991194683062;1.0017939684549464;1.0018931125337078;0.9999947095328249;0.9999967396730981;1.0;0.9999991693212854;0.9999537740235057;1.0007301661343768;0.9999927331264988;0.9999983392887705;1.0;0.9999993465634043;1.0021857432694676;1.0022160813192684;1.0;1.0;0.9999974325179978;1.0012571224249434;1.0008581102752385;1.000400729076363;1.0001576385146151;0.999957283060388;1.0;0.9999634985908565;0.9999414635310567;0.9998710694226172;0.9999999999999999;1.0020140488038016;0.9999560589200541;0.9999987467264068;1.0;1.0018475213683977;1.024999976158142;
2016-05-25 06:45:00;1.0;0.999995171256451;1.0;0.9999981052727916;0.9999685427778555;0.9999977954786904;1.0022092959553817;0.9999971367461805;0.999978351464923;1.0;0.9999986860425966;1.0018751720670818;1.0019548035836032;0.9999968703637286;0.999998594181438;1.0;0.9999990465221218;0.9999675640255918;1.0007299877513613;0.9999951698633087;0.9999972258140164;0.9999999999999999;0.9999992285484425;1.0021917235991988;1.0022167029302953;1.0;1.0;0.9999981955177905;1.0012346854659642;1.0008264946925682;1.0003879407627523;1.0001566101592594;0.9999716941404158;0.9999999999999999;0.999943201020137;0.999955427283108;0.9998973276844253;0.9999999999999999;1.0020146875138354;0.9999706383267501;0.999997908113452;1.0;1.0019184753894002;1.024999976158142;
2016-05-25 07:00:00;1.0;0.9999953876957371;1.0;0.9999958523747082;0.9999677239399107;0.9999955545405336;1.0022902196109933;0.999995080960493;0.9999760358212989;1.0;0.9999966714296331;1.0019894124732787;1.002061920137375;0.9999951394050273;0.9999986577831645;0.9999999999999999;0.9999983111971255;0.9999673579466641;1.000757067128155;0.9999946522525751;0.9999989664394314;0.9999999999999999;0.9999987294972523;1.0022738828758186;1.0022972311819425;1.0;1.0;0.9999966601995245;1.001091960376299;1.0006752798832033;1.0002471944037448;1.0000687460936817;0.999970255763623;1.0;0.9999293797836393;0.999878313067722;0.9998606831747207;0.9999999999999999;1.002087666604681;0.9999693808369542;0.9999992186185312;1.0;1.0020288269750175;1.024999976158142;
2016-05-25 07:15:00;1.0;0.9999905439989336;1.0;0.9999895529560939;0.9998853312959338;0.999985692651402;1.0024716182123203;0.9999818808470806;0.999910521717597;1.0;0.999995290064382;1.0021363699421946;1.0022168526711936;0.9999842827246852;0.9999972613250689;0.9999999999999999;0.999996658498955;0.9998850480914262;1.0008173610959568;0.9999800129950291;0.999999166828552;1.0;0.9999975170776746;1.0024531225280946;1.0024796360594772;1.0;1.0;0.999989221095901;1.0010934449381346;1.0006628393686878;1.000203909711834;1.0000418987979458;0.999894214652929;1.0;0.9999385976166498;0.999855484245684;0.9998404317875512;1.0;1.0022531952785991;0.9998913920786819;0.9999993702605965;1.0;1.0021798206508428;1.024999976158142;
2016-05-25 07:30:00;1.0;0.9999905457373449;0.9999999999999999;0.9999951386709537;0.9999484430209298;0.9999942375517276;1.0023962174770475;0.9999929417787395;0.9999614941623031;0.9999999999999999;0.999996749336255;1.0020475465809289;1.0021313883381051;0.9999926654637245;0.9999972548229079;1.0;0.9999981550451171;0.9999481383268284;1.000792229880481;0.9999914042896142;0.9999991354474811;0.9999999999999999;0.9999986186952572;1.0023774291291394;1.002404190167531;1.0;1.0;0.9999954562330301;1.0010205812484227;1.000601147597981;1.0001620117592411;1.0000164246731404;0.9999518319057178;1.0;0.9999352398082761;0.999834683924778;0.9998253463477264;1.0;1.002184720188225;0.9999505420900593;0.9999993464821204;1.0;1.0020928365792219;1.024999976158142;
2016-05-25 07:45:00;1.0;0.9999793423006158;1.0;0.999995233370769;0.9999262049560963;0.9999947158699778;1.0024424434095924;0.9999929912222476;0.9999481470393908;1.0;0.9999963880045547;1.0020672096408119;1.0021548631654538;0.9999906090305195;0.9999940163759553;0.9999999999999999;0.9999978606785753;0.9999251756902701;1.0008069084797968;0.9999884229980804;0.9999970734582899;1.0;0.9999983509033763;1.0024220192098034;1.0024512683223008;1.0;1.0;0.9999952739382182;1.0010492678229836;1.0006181828581446;1.000164130648234;1.0000083371855952;0.9999306399801885;1.0;0.9999353737569473;0.9998076220840301;0.9998076513978313;1.0;1.002227024458894;0.9999286526805319;0.9999977928969562;1.0;1.0021138135858294;1.024999976158142;
2016-05-25 08:00:00;0.9999999999999999;0.9999377223845025;1.0;0.9999926178620118;0.9998301960478653;0.9999908849578738;1.0026155942273471;0.9999857091644371;0.9998797368092195;1.0;0.9999955411801138;1.0021255987899464;1.002237349217461;0.9999773295524251;0.9999819398729383;1.0;0.999997006389373;0.9998295574158652;1.0008650932930148;0.999973129469123;0.9999981422862526;0.9999999999999999;0.9999977485676074;1.0025888096350837;1.0026269828077834;1.0;1.0;0.9999904699755107;1.001152924986643;1.0006918109154117;1.0001950134454303;1.0000160270985512;0.9998360496824866;0.9999999999999999;0.999938491895155;0.9997898825412412;0.9997791567668057;1.0;1.002385482221966;0.9998321544763658;0.9999985956545622;1.0;1.002182517952597;1.024999976158142;
2016-05-25 08:15:00;1.0;0.9999405435057864;1.0;0.9999913025502339;0.9998387753386128;0.9999898410665631;1.0026568397537676;0.9999851810226394;0.9998849487137251;0.9999999999999999;0.9999940531812955;1.0021070257970968;1.0022344686432203;0.9999772699641486;0.9999827443971948;1.0;0.9999965345821826;0.9998385319632511;1.000879489566237;0.9999742925456474;0.9999992578974045;0.9999999999999999;0.9999974285061427;1.0026266718462107;1.0026696713334111;0.9999999999999999;1.0;0.9999899086473304;1.0011440720922833;1.0006760414974087;1.0001687633980245;0.9999920101836361;0.9998438520496857;0.9999999999999999;0.9999400355763588;0.9997527870365229;0.9997423879207817;1.0;1.0024241827304716;0.9998402744084404;0.999999437928114;1.0;1.0021727372699956;1.024999976158142;
2016-05-25 08:30:00;1.0;0.9999896785482382;1.0;0.9999842723536113;0.9999569228860776;0.9999867196801062;1.002787530714294;0.9999888026144718;0.9999681654936005;0.9999999999999999;0.9999831718821869;1.0021606779036567;1.0023121495207412;0.9999878627229959;0.9999970035010437;1.0;0.9999930841092036;0.9999567607152475;1.0009234038669756;0.999992890297926;0.9999995216855456;0.9999999999999999;0.999994890769683;1.0027508710064423;1.0028041973588089;1.0;1.0;0.9999904858164302;1.001083289665815;1.0005357439547649;1.000058172635904;0.9999042529499471;0.9999592627832956;0.9999999999999999;0.9998552834070925;0.9996376171543744;0.9996474210723157;0.9999999999999999;1.0025461682647399;0.9999582342842677;0.9999996381173052;1.0;1.002242969947082;1.024999976158142;
2016-05-25 08:45:00;1.0;0.9999902563651207;0.9999999999999999;0.9999953138146193;0.9999600165063696;0.9999953044642078;1.002695474275655;0.9999947911035936;0.9999712399139279;1.0;0.9999958553060639;1.002092415640159;1.0022384675804108;0.9999938845210773;0.9999971721268961;1.0;0.9999979831576535;0.999959581610446;1.000891959287382;0.9999935809286102;0.999998765603125;1.0;0.99999848286291;1.0026634407026724;1.0027088890782625;1.0;0.9999999999999999;0.9999962665934437;1.001016579354951;1.0004836404056034;1.0000203006203638;0.9998753461429641;0.9999625016466341;1.0;0.9998588103986653;0.9996012271309839;0.9996320374211052;1.0;1.0024613366292072;0.9999614537215764;0.9999990683086165;1.0;1.0021717780202821;1.024999976158142;
2016-05-25 09:00:00;1.0;0.9999960384549674;1.0;0.9999956481850358;0.9999725162511613;0.9999957584115589;1.0026863861933695;0.9999956857989417;0.9999800872072195;1.0;0.9999960092955122;1.0021384107663671;1.0022714768955723;0.999995640540567;0.9999988455040019;1.0;0.9999980993295375;0.999972020056308;1.0008885035422883;0.9999955570401666;0.999998596043837;1.0;0.9999985641990462;1.0026572427288567;1.002698637472285;1.0;0.9999999999999999;0.9999968717504607;1.000981077073109;1.000432920764397;1.0000005226441424;0.9998718764025591;0.9999748856345663;1.0;0.999825351252649;0.9996172415272156;0.999653157084013;0.9999999999999999;1.0024521857821913;0.9999740795529214;0.9999989400173583;1.0;1.0022110571608651;1.024999976158142;
2016-05-25 09:15:00;1.0;0.9999911947136924;1.0;0.9999965849294641;0.9999266152254204;0.9999960919259103;1.0027575643401516;0.9999947538383667;0.9999515181393158;1.0;0.9999975642081914;1.0021783136636553;1.0023132035102944;0.9999943136776757;0.9999974490338619;0.9999999999999999;0.9999978778634326;0.9999233200200558;1.0009095292088506;0.999989176209503;0.9999906640432867;1.0;0.9999982046850391;1.0027268427081624;1.002770868319476;1.0;1.0;0.9999967615531873;1.0009869320447375;1.0004173606001185;0.9999880857168594;0.9998659191770348;0.9999355412011542;1.0;0.999805429970385;0.9996162077601639;0.9996513851181229;1.0;1.002517587708188;0.9999327302213148;0.9999929563868373;1.0;1.0022516252635802;1.024999976158142;
2016-05-25 09:30:00;1.0;0.9999870041360739;0.9999999999999999;0.9999943864973108;0.9998550658376838;0.9999935618022167;1.0028415826435213;0.9999911664817613;0.9999065383121537;1.0;0.9999960509974147;1.0021828791304215;1.002327997509664;0.9999908034302594;0.9999962304656056;1.0;0.9999959352289957;0.9998472686323868;1.0009338899598037;0.9999791238237528;0.9999778698397802;1.0;0.9999964570168541;1.002805773909746;1.0028580622686365;1.0;1.0;0.9999946666368053;1.001087769590779;1.0005143071554703;1.0000426094806394;0.9998907285376667;0.9998748994993903;0.9999999999999999;0.9998296248785675;0.9996178220200237;0.9996427810114378;1.0;1.0025960212420557;0.9998688914634325;0.9999833070782943;1.0;1.0022615045102714;1.024999976158142;
2016-05-25 09:45:00;1.0;0.9999893909415224;0.9999999999999999;0.9999943369008957;0.9998353116325552;0.9999938777907128;1.002933484066506;0.9999916686320744;0.9998967630785599;1.0;0.9999956157031745;1.002225240429381;1.0023777802533274;0.9999916046590199;0.9999969143138991;0.9999999999999999;0.9999952018480142;0.9998249301291268;1.000962203873858;0.9999769353374018;0.9999705424692156;1.0;0.9999957351864011;1.0028947099969057;1.002951755105164;1.0;0.9999999999999999;0.9999949668169232;1.0011125990987546;1.0005038521845961;1.0000369920296144;0.9998863094641854;0.9998602935192111;1.0;0.9997968107917635;0.9996124014389361;0.9996321705837087;1.0;1.0026808872025108;0.9998529341557351;0.9999777742509672;1.0;1.0023080966897715;1.024999976158142;
2016-05-25 10:00:00;1.0;0.9999854862452133;0.9999999999999999;0.9999936471280673;0.9998783947096537;0.9999933719755926;1.0029507532083846;0.9999916525078169;0.9999209759007804;1.0;0.9999947347482846;1.0023206460628027;1.0024619920427382;0.9999906846588932;0.999995791435885;1.0;0.9999959631653175;0.9998724202262657;1.0009711508600263;0.9999823495434181;0.999983053492653;1.0;0.9999966054355645;1.0029162728918377;1.0029664617745087;0.9999999999999999;0.9999999999999999;0.999994549939182;1.0010918146809562;1.0004648272567969;1.0000189818303198;0.9998796159749219;0.9998938015591421;0.9999999999999999;0.9997690935970845;0.999617594641113;0.9996465460289736;1.0;1.0026944505598967;0.9998889741340107;0.9999872136794811;0.9999999999999999;1.0023970989133801;1.024999976158142;
2016-05-25 10:15:00;0.9999999999999999;0.999989969637446;1.0;0.9999883729154498;0.9999367155806635;0.9999897089325538;1.0028509539635693;0.9999904445089176;0.9999563347848335;1.0;0.9999881317860001;1.002259628014052;1.0023993716194257;0.9999897395202789;0.9999970796936051;1.0;0.99999454404125;0.9999348129086131;1.0009422178963963;0.999990247128509;0.9999945944374395;1.0;0.9999958448906783;1.0028172278437357;1.0028662472219223;1.0;1.0;0.9999924392914066;1.0010761140882225;1.0004928919965648;1.0000310683199478;0.999884645227458;0.9999429213523598;1.0;0.9998152471098065;0.99961525742793;0.9996462520095201;1.0;1.002603082853685;0.9999408233742632;0.9999959196073903;1.0;1.0023355110761087;1.024999976158142;
2016-05-25 10:30:00;1.0;0.9999795647919382;1.0;0.9999927607570115;0.9999120069261179;0.9999923976200135;1.0028847854061602;0.9999908255522084;0.9999384041693916;1.0;0.9999940237143741;1.0022350266910478;1.0023887274838794;0.9999887673663174;0.9999940572219631;1.0;0.9999966787497984;0.9999103005019824;1.0009534606856152;0.9999862435522188;0.9999951443870065;1.0;0.9999974321967834;1.0028496206866755;1.0028999376836676;1.0;1.0;0.999993661901454;1.0010395169549569;1.0004403840805567;0.9999907204918633;0.9998595776130513;0.9999185113518986;1.0;0.9997951894401949;0.9995946087471278;0.999622103731733;1.0;1.0026342249121196;0.9999159515745811;0.9999963372867939;1.0;1.0023178350831656;1.024999976158142;
2016-05-25 10:45:00;1.0;0.9999258803151124;1.0;0.9999839762453692;0.9997944672641979;0.9999839713306524;1.003171974927016;0.9999799582305543;0.9998559994668066;1.0;0.9999859285324683;1.0024873521914612;1.0026432558183713;0.9999696196754584;0.9999784714633221;0.9999999999999999;0.999992938449042;0.999792980015775;1.0010490440679232;0.9999677982876356;0.9999956531763468;0.9999999999999999;0.9999946904149335;1.0031324436571534;1.0031897590109313;1.0;0.9999999999999999;0.999985128512748;1.0011904356488122;1.0005395469159226;1.000042519711531;0.9998901684797721;0.9998025897875019;1.0;0.9997827209541443;0.9996180576901897;0.9996399798254358;1.0;1.0028950456681391;0.9997976271288285;0.9999967157639502;1.0;1.0025676359785987;1.024999976158142;
2016-05-25 11:00:00;1.0;0.9999749362495882;1.0;0.9999906068686897;0.9999041689313617;0.9999912465819819;1.0029051135995994;0.9999903208748191;0.9999346768718173;1.0;0.9999909434745055;1.0022404136074081;1.0023959496687602;0.9999871899323053;0.9999927309592298;1.0;0.9999954274757656;0.9999018972294201;1.000959959702425;0.9999854086553304;0.9999935320688994;1.0;0.9999964702072303;1.0028682409270437;1.002921424938305;1.0;1.0;0.9999927115383089;1.0010200379413594;1.000427030545008;0.9999688027662935;0.9998450843691905;0.9999113064237077;1.0;0.9998056864262023;0.9995797747941132;0.9996125009026375;1.0;1.002653133892723;0.999908403888837;0.9999951211269855;1.0;1.0023239104261419;1.024999976158142;
2016-05-25 11:15:00;1.0;0.9999408386591784;1.0;0.9999941512801565;0.9998343824498535;0.9999921694026191;1.0029906174059229;0.9999868663156627;0.9998831561262119;0.9999999999999999;0.9999971993085033;1.0023603758477613;1.0025064937041044;0.9999789351435556;0.9999828043074974;1.0;0.9999976138770729;0.9998334436402524;1.0009886904227832;0.999973890365836;0.9999972830287261;0.9999999999999999;0.9999981753088181;1.002957109074733;1.0030045764139512;1.0;1.0;0.9999914768396072;1.0010856762506801;1.0004787467735108;0.9999963654671413;0.9998557290591282;0.9998407080490398;1.0;0.9998110962945196;0.9995760560112152;0.9996239285686586;1.0;1.0027287827884643;0.9998367893346112;0.9999979492656158;1.0;1.0024363348251994;1.024999976158142;
2016-05-25 11:30:00;0.9999999999999999;0.9999337471845154;1.0;0.9999936482142316;0.9997256061962848;0.9999910452593359;1.0031557706532703;0.999983880901946;0.9998168002883769;1.0;0.9999975954973637;1.0024310071858915;1.0025849443301498;0.9999756163149908;0.9999807915184242;1.0;0.9999956472947363;0.9997171052438273;1.0010368452583307;0.9999590527523259;0.999975796004372;0.9999999999999999;0.9999961953334181;1.0031165034093377;1.0031736097107147;1.0;1.0;0.9999901161330645;1.001224252299684;1.0005857326813294;1.0000644881660703;0.9998926463280929;0.9997492535035852;0.9999999999999999;0.9998104052192297;0.9995968933460567;0.9996288550470764;1.0;1.0028813772700436;0.9997402482444935;0.9999817357626126;1.0;1.0025107690386839;1.024999976158142;
2016-05-25 11:45:00;1.0;0.9999911261546647;1.0;0.9999954874679539;0.9998989946409362;0.9999946042496133;1.0028916910202248;0.9999927411024777;0.9999333164205555;1.0;0.9999970675883376;1.0022336500239288;1.00238484411118;0.9999927762049248;0.9999974136993052;1.0;0.999997143701239;0.9998941383036433;1.000952811833246;0.999985108142677;0.999986240703901;1.0;0.9999975540476556;1.0028566085608763;1.002907134410308;1.0;0.9999999999999999;0.9999956480732839;1.0010562899018007;1.0004617575655148;0.9999968140554891;0.9998568695171349;0.9999121606880523;1.0;0.9998095807335864;0.9995785020414086;0.9996139926417779;1.0;1.0026411680366203;0.9999081618205364;0.9999896160488875;1.0;1.0023158882392063;1.024999976158142;
2016-05-25 12:00:00;0.9999999999999999;0.9999888122440563;1.0;0.9999939137790833;0.9999110096745242;0.999993723477125;1.0029183501547663;0.9999925402809303;0.9999408509032861;1.0;0.9999948447892596;1.0022572338756475;1.0024107880208266;0.9999919239387418;0.9999967489340674;0.9999999999999999;0.9999966079960093;0.9999071984515695;1.0009625326876086;0.9999867917504432;0.9999891725242989;1.0;0.9999972324564148;1.0028826264942496;1.0029340824045827;1.0;1.0;0.999995012928651;1.0010509548739421;1.0004469707412502;0.9999788973098019;0.9998398817074503;0.9999215344019573;1.0;0.9998047864465183;0.9995519846731832;0.9995969256117241;1.0;1.0026653462436235;0.9999181895303633;0.9999918371626539;1.0;1.002340606406449;1.024999976158142;
2016-05-25 12:15:00;1.0;0.9999862816376542;1.0;0.9999934742281971;0.9999231923375925;0.9999927062857786;1.0029362337157617;0.9999911731426698;0.9999452238053048;1.0;0.9999951255359457;1.0023022550620153;1.00245337008769;0.9999904058233259;0.999996020492185;1.0;0.9999971501049623;0.999921708053569;1.0009703066655102;0.9999877687002128;0.9999957804160796;0.9999999999999999;0.9999977952217493;1.0029022562166339;1.002950736119833;1.0;1.0;0.9999941718954803;1.001042855340237;1.0004188757049828;0.9999590570847625;0.9998206142754354;0.9999295113844321;1.0;0.9997828547219403;0.9995208303148654;0.9995820595241438;1.0;1.002680722186774;0.9999272491687722;0.9999968171461033;0.9999999999999999;1.0023841165283744;1.024999976158142;
2016-05-25 12:30:00;0.9999999999999999;0.9999857046692866;1.0;0.9999952663178849;0.9999117633511637;0.9999947761740916;1.0029407182329697;0.9999931561433717;0.9999409414216199;1.0;0.9999963986415475;1.0023166949515612;1.0024618134623065;0.9999919639799991;0.9999958486093516;1.0;0.9999973236636139;0.9999084375476983;1.0009699773702883;0.9999868120982148;0.9999905695973623;1.0;0.9999977940245133;1.002907347903355;1.0029552247364115;1.0;1.0;0.9999955749368206;1.0010775308317423;1.0004509987383392;0.9999771646797658;0.9998224652414647;0.9999211617164575;1.0;0.9997895878107844;0.9995019142969706;0.9995772866682096;1.0;1.0026847475840546;0.9999180184975958;0.9999928847268182;0.9999999999999999;1.0023952288456333;1.024999976158142;
2016-05-25 12:45:00;1.0;0.9999862095893792;1.0;0.9999951923975927;0.9999086157606337;0.9999939005668006;1.0029067184710803;0.999991664245406;0.999936483130795;1.0;0.9999972711925561;1.0022585171517127;1.0024110381254887;0.9999910371580701;0.9999959981521744;1.0;0.9999976581683921;0.9999059794072319;1.0009595519493664;0.9999858168979863;0.999992518383753;1.0;0.9999980889399869;1.0028724454537397;1.0029213394663405;1.0;1.0;0.9999949300719776;1.001048183611954;1.000431205931431;0.9999812866081975;0.9998441851192198;0.9999175561005128;1.0;0.9997816152841749;0.99956178159196;0.9996038320216395;1.0;1.002654182700052;0.999914559450349;0.9999943563550462;1.0;1.0023411435612557;1.024999976158142;
2016-05-25 13:00:00;0.9999999999999999;0.9999872222997448;0.9999999999999999;0.9999955711448705;0.9999209136916237;0.9999948729855179;1.0029234015548911;0.9999932354655402;0.9999460561736346;1.0;0.9999969062979053;1.0022384094101224;1.0024001535979719;0.99999234702881;0.9999962875639602;1.0;0.9999976818994587;0.9999183202760907;1.0009652647194955;0.9999879551488142;0.9999926371785959;1.0;0.9999981094454251;1.0028871658359209;1.0029388423419152;1.0;0.9999999999999999;0.9999957130942656;1.0010658349329788;1.0004475654831513;0.9999946545620283;0.999855116389187;0.9999288892593283;0.9999999999999999;0.9997833810605395;0.9995776576195002;0.9996037104073244;1.0;1.0026700389975904;0.9999261981245409;0.9999944477089582;0.9999999999999999;1.0023261597783788;1.024999976158142;
2016-05-25 13:15:00;1.0;0.9999872917229902;1.0;0.99999508353825;0.9999354530214847;0.9999945940338181;1.0028914448509838;0.9999933243227028;0.9999547440654216;1.0;0.9999962203855481;1.0022418173928886;1.0023970712830808;0.9999923262139025;0.999996319651379;1.0;0.9999977306852035;0.999934017710834;1.0009555535387968;0.9999898967756775;0.9999959300974772;1.0;0.9999982266152032;1.0028569800475253;1.0029060066384643;1.0;1.0;0.9999955685257397;1.0009866843511122;1.0003741774399126;0.9999424177907672;0.9998285452046638;0.9999408021542343;1.0;0.9997740102990821;0.9995670054653195;0.99960400038657;1.0;1.002640224673112;0.9999388481098989;0.9999969292452301;1.0;1.0023260186070482;1.024999976158142;
2016-05-25 13:30:00;1.0;0.9999911996097672;1.0;0.9999944276630642;0.999942556604851;0.9999940402732453;1.0028683904134674;0.9999931416733715;0.9999592995872847;1.0;0.9999955207654782;1.0022233685558886;1.002378062250408;0.9999928108081653;0.9999974294480336;1.0;0.9999974962127322;0.9999412132190626;1.0009482284915738;0.9999909124775077;0.9999961846094388;1.0;0.9999980602263826;1.0028340129618052;1.0028829777286146;1.0;1.0;0.9999953743698669;1.0009831368350022;1.0003742786813499;0.9999484147975403;0.9998353324254938;0.9999477862914501;1.0;0.9997720017651929;0.9995786104804135;0.9996106879689854;1.0;1.002619377742664;0.9999460045474102;0.999997121805278;0.9999999999999999;1.002307528465138;1.024999976158142;
2016-05-25 13:45:00;0.9999999999999999;0.9999838262889821;1.0;0.9999954424349649;0.9999184877272523;0.9999939430647827;1.0028993802960227;0.9999915561812263;0.9999413418062052;1.0;0.9999977319631675;1.0023161440748134;1.0024551799015087;0.9999905204221526;0.999995301310549;1.0;0.9999981533886627;0.9999172638308971;1.0009579482006348;0.999986902289362;0.9999965252867956;1.0;0.9999985530164682;1.0028687145245112;1.0029121999134547;1.0;1.0;0.9999948495873857;1.0010259783570246;1.0004128566625317;0.9999794812562808;0.9998568713047189;0.9999245242466894;1.0;0.9997740884921802;0.9996027542245451;0.9996406564114777;1.0;1.0026460421743326;0.9999222508404206;0.9999973775625307;1.0;1.002391213701693;1.024999976158142;
2016-05-25 14:00:00;1.0;0.9999839694649469;1.0;0.9999950982576846;0.9999220765548894;0.9999940993416188;1.0029348364171982;0.9999921621917125;0.999944814464246;1.0;0.9999968381729195;1.0024437914701188;1.0025596587124384;0.9999909072258772;0.9999953492245152;1.0;0.9999978385365239;0.999920619787915;1.0009687579713846;0.9999876777310481;0.9999958668918077;0.9999999999999999;0.9999983046065436;1.0029086032727905;1.0029460308390563;1.0;0.9999999999999999;0.9999950103581279;1.0010696326530697;1.0004506785152465;1.0000052391166394;0.9998704791728195;0.9999281001393444;1.0;0.9997776707469574;0.999609798976427;0.99966727154094;0.9999999999999999;1.0026766087251449;0.9999258363402254;0.9999968805951186;0.9999999999999999;1.0025061755074127;1.024999976158142;
2016-05-25 14:15:00;1.0;0.9999914872778312;0.9999999999999999;0.9999950979567902;0.9999337373448434;0.9999946180534484;1.0029207043440589;0.9999935068090637;0.9999544938180192;1.0;0.9999962292010339;1.0024314146996576;1.0025461215514886;0.9999932454984565;0.9999975186487453;1.0;0.9999975530404258;0.9999314792037138;1.0009634721161904;0.9999898392931609;0.9999936052494194;1.0;0.999998037972729;1.0028943489559217;1.0029321889724523;1.0;1.0;0.999995764967517;1.0010340972407015;1.0004081051194815;0.9999668897949348;0.9998360816737384;0.9999408610822554;1.0;0.9997682582368764;0.9995567120583568;0.9996374800030324;1.0;1.002664082449176;0.9999385618493223;0.9999951725517254;1.0;1.0024936821764354;1.024999976158142;
2016-05-25 14:30:00;1.0;0.9999902581304453;1.0;0.9999949015869566;0.9999313944727165;0.9999944606872995;1.0028169256437784;0.9999933100963806;0.9999528763334269;0.9999999999999999;0.9999960055066851;1.0023169595375285;1.0024341515979573;0.9999928536836583;0.9999971656355118;1.0;0.9999974589823667;0.9999291442084426;1.0009294932612465;0.9999894790055656;0.9999936123383584;1.0;0.9999979691933449;1.0027899563526486;1.002828680379726;1.0;0.9999999999999999;0.9999956040268696;1.0009837255095038;1.000394376320516;0.9999686149251537;0.9998527506279389;0.9999385204148352;1.0;0.9997873842575056;0.9996033238517676;0.9996615370957092;0.9999999999999999;1.0025699762039206;0.9999361763665996;0.9999951831278822;1.0;1.0023805045241636;1.024999976158142;
2016-05-25 14:45:00;1.0;0.9999894635726334;1.0;0.9999950012687363;0.9999407965921894;0.9999948831495391;1.0028107776951065;0.9999940451108219;0.9999593448819829;1.0;0.9999957113424033;1.0023519337317943;1.0024598753227185;0.9999932049556288;0.9999969333213526;1.0;0.9999975413686629;0.9999390502990072;1.0009276130552922;0.9999909237968452;0.9999950441755731;1.0;0.9999980652619294;1.0027858868990402;1.0028216249525768;0.9999999999999999;1.0;0.999995901167046;1.0009632398994597;1.000366905557679;0.9999617470628137;0.9998574603104936;0.9999463832708814;1.0;0.999767762189031;0.9996267424565389;0.9996839569419789;0.9999999999999999;1.0025635400476791;0.9999444397625975;0.9999962624730149;1.0;1.0024103536696307;1.024999976158142;
2016-05-25 15:00:00;1.0;0.9999843331842607;1.0;0.9999945367126254;0.9999086979832471;0.9999933052699846;1.0027669916349562;0.9999910914827054;0.9999358964879038;0.9999999999999999;0.9999966184035751;1.0024294375116747;1.0025061278685095;0.9999901704955525;0.9999954444242869;1.0;0.999997481371554;0.9999064907154563;1.0009121325569286;0.9999856844985529;0.9999937202836157;1.0;0.999997988708741;1.0027484369099018;1.0027752923286102;1.0;1.0;0.9999944371746067;1.0009334025608634;1.0003759742575986;0.9999544757019401;0.9998559522214365;0.9999168342657904;0.9999999999999999;0.9998100764587198;0.9996305628055536;0.9997175102946643;1.0;1.002521441608883;0.9999139927078419;0.9999952659862698;1.0;1.0024703747498538;1.024999976158142;
2016-05-25 15:15:00;1.0;0.9999807181212002;0.9999999999999999;0.9999951458321061;0.9999098372839936;0.9999942695997971;1.0027989624877807;0.9999921446324731;0.9999376348513122;1.0;0.9999967402287071;1.002517150215302;1.0025797575571298;0.999990299770634;0.9999944043092597;1.0;0.9999976252822751;0.9999076467939965;1.0009221914486637;0.9999860739992357;0.9999937782442788;1.0;0.9999980959619521;1.0027832595734154;1.0028061020431658;0.9999999999999999;1.0;0.9999949698683467;1.000978142184549;1.0003956895228077;0.9999632533608377;0.9998429591288821;0.999917285208622;1.0;0.9997966021633755;0.9995801516964443;0.9997032500766391;1.0;1.0025493254833002;0.9999145055464306;0.9999953075383425;1.0;1.0025501206044674;1.024999976158142;
2016-05-25 15:30:00;0.9999999999999999;0.9999843282401577;0.9999999999999999;0.9999964576626047;0.9999235097260745;0.9999956788465351;1.0027268021689653;0.9999938275244395;0.999947555202633;1.0;0.9999977836299392;1.0024480311225;1.0025105627175315;0.9999923465701951;0.9999954640065095;1.0;0.9999981625913555;0.9999214095799045;1.0008984550437738;0.9999882915231552;0.9999940425336257;1.0;0.9999984983577527;1.0027115780594702;1.0027336107486555;1.0;1.0;0.9999961398760349;1.000928034578074;1.0003675057375612;0.9999644755623064;0.9998669449744967;0.9999302230456302;1.0;0.9997949974560254;0.9996503497883;0.9997426206320931;1.0;1.0024837097916452;0.9999277811026365;0.9999955067258861;1.0;1.0024812137819485;1.024999976158142;
2016-05-25 15:45:00;1.0;0.9999831775142088;1.0;0.9999964170032;0.9999173933958359;0.9999956889355485;1.0027122949014906;0.9999937602856415;0.9999439796808265;1.0;0.9999976929552754;1.0024634545125557;1.0025176813840684;0.9999920672388976;0.9999951071614127;1.0;0.9999980232122379;0.9999148827545695;1.0008931913437296;0.9999874912760636;0.9999928672590894;1.0;0.9999983668341725;1.002698510377925;1.0027186242432888;1.0;1.0;0.9999960830989636;1.0008731712909966;1.0003266672350872;0.9999371029373362;0.9998633726675801;0.9999249447311129;1.0;0.9997973960107023;0.999675641905827;0.9997652816422664;0.9999999999999999;1.002470022170124;0.9999222242067546;0.9999946225454182;1.0;1.0024920005778113;1.024999976158142;
2016-05-25 16:00:00;1.0;0.9999969056143918;1.0;0.9999967385258947;0.9999547096520695;0.9999962030417304;1.0026522422217934;0.9999953813385962;0.9999686930302694;0.9999999999999999;0.9999977406826362;1.002422667793657;1.0024752870677685;0.9999958079972718;0.9999990968150014;1.0;0.9999983787040185;0.999952990855405;1.0008740231176776;0.999993012730581;0.9999951335413864;0.9999999999999999;0.9999986844024387;1.0026396651023313;1.0026579127578918;1.0;1.0;0.9999971380719969;1.0007418963433825;1.0002335384638588;0.9998417254135114;0.9998016121080319;0.999960211289585;1.0;0.9998316919286068;0.9996167123884788;0.9997318043958224;1.0;1.0024153391898682;0.9999585624179383;0.9999963281502595;1.0;1.0024512879744598;1.024999976158142;
2016-05-25 16:15:00;1.0;0.9999842579464462;1.0;0.9999962705790163;0.9999168624379077;0.999994820981778;1.0026701081364016;0.9999924040346568;0.9999413505113047;1.0;0.9999984091879858;1.0024300383821712;1.0024837286809216;0.9999913291434999;0.9999954351656625;1.0;0.999998332680561;0.9999150947156051;1.0008799722489297;0.9999869044917088;0.9999949821943916;1.0;0.9999986470417371;1.002657071823296;1.0026758964801903;1.0;1.0;0.9999954778773179;1.000900699175676;1.0003606060883194;0.9999694962159184;0.9998821210464044;0.999923755284311;1.0;0.9998034076183916;0.9996887306262555;0.9997730998495651;1.0;1.0024314474349414;0.9999212596245152;0.9999962147690193;0.9999999999999999;1.002458368959509;1.024999976158142;
2016-05-25 16:30:00;1.0;0.9999831740768915;1.0;0.9999918685778917;0.9998484295703929;0.9999869439396315;1.0026866661575033;0.9999814357311553;0.9998864246284362;1.0;0.9999986130130224;1.0024525170191358;1.0025046221912992;0.9999829975998519;0.999995120168996;1.0;0.9999974127364972;0.9998466527978941;1.0008857291727211;0.9999746281245742;0.9999949230791315;1.0;0.9999979683003862;1.0026739784620795;1.0026922929247855;1.0;1.0;0.9999896042648352;1.000945826607244;1.0003907135949255;1.0000031391354964;0.9999039217731466;0.999861146221044;1.0;0.9997870389024428;0.9997088860417582;0.9997862991593839;1.0;1.0024464828617587;0.9998569856442128;0.999996169925404;1.0;1.0024799034852572;1.024999976158142;
2016-05-25 16:45:00;1.0;0.9999918469459119;0.9999999999999999;0.9999969180156246;0.9999293265415196;0.9999953697676826;1.0025424427195886;0.9999932752706571;0.9999499891327523;1.0;0.9999990964912551;1.002327041300263;1.0023752728460147;0.9999934636537153;0.9999976301772117;1.0;0.99999861194198;0.999927394832674;1.0008377614410355;0.9999888350710068;0.9999945276978967;1.0;0.9999988413914561;1.0025308896132519;1.0025475924768483;1.0;0.9999999999999999;0.9999962120389597;1.0008907883331026;1.0003703822642807;0.9999972800178639;0.999903071279443;0.9999365052556118;0.9999999999999999;0.999806421712883;0.999713635774075;0.9997917531104468;1.0;1.0023151921810194;0.999934204645323;0.9999958705135212;1.0;1.0023529058884275;1.024999976158142;
2016-05-25 17:00:00;1.0;0.999995098362095;1.0;0.9999940276195538;0.9999152699543472;0.9999921424534496;1.002572655020308;0.9999899811589155;0.9999388002416855;1.0;0.999996930645883;1.002359131579262;1.00240642313434;0.9999913911511042;0.9999985750986419;0.9999999999999999;0.9999974718673881;0.9999129751923177;1.000847538167815;0.9999863352743588;0.9999934922215483;1.0;0.9999979755707469;1.0025605880096173;1.0025783368281143;1.0;1.0;0.9999940857804025;1.0009402412378774;1.000416461793559;1.0000287175038145;0.999920052816481;0.9999246115715948;1.0;0.9998132413142717;0.9997229222651671;0.9997975259079352;1.0;1.0023428918581663;0.9999218255812637;0.9999950897277432;1.0;1.0023847072006788;1.024999976158142;
2016-05-25 17:15:00;1.0;0.9999956043931858;1.0;0.9999947970144266;0.9998727166994884;0.999993922468012;1.0026970924564431;0.9999920196347466;0.9999183642691003;1.0;0.9999964747353062;1.0024324929914799;1.0024819663148477;0.9999930658263716;0.9999987214597016;0.9999999999999999;0.9999961948328474;0.9998650493018497;1.0008840790828049;0.9999817648260104;0.9999782636631681;1.0;0.9999966574878446;1.0026815960703552;1.002705349804567;1.0;1.0;0.9999953236897929;1.0010315307572746;1.000479187283485;1.0000633743019385;0.9999324738771938;0.9998922009378747;0.9999999999999999;0.9998074832071676;0.9997141791238585;0.9997903832127515;1.0;1.0024576636246778;0.9998866023087478;0.9999835968933927;1.0;1.0024592992752892;1.024999976158142;
2016-05-25 17:30:00;1.0;0.9999925702926448;1.0;0.9999956564708171;0.9998273379956313;0.9999943948503501;1.002706842099768;0.9999915248259429;0.9998911407064887;1.0;0.9999977363111825;1.0024908451233976;1.0025216688645409;0.9999923414199413;0.9999978368937048;1.0;0.9999957853292557;0.9998163499301919;1.0008839849600386;0.9999756793043455;0.9999688222745081;0.9999999999999999;0.9999961227394796;1.002693710655852;1.0027147157641607;1.0;0.9999999999999999;0.9999953897159328;1.0010166810819359;1.0004696259112933;1.0000660627929296;0.9999504550646662;0.9998542295031783;1.0;0.9998031511191204;0.9997644112025728;0.999837485949023;1.0;1.0024659118859722;0.9998464526462619;0.9999764763516032;1.0;1.002507219291622;1.024999976158142;
2016-05-25 17:45:00;0.9999999999999999;0.9999925702926451;0.9999999999999999;0.9999958769256719;0.9998935528047563;0.99999447998125;1.0025622697389285;0.9999921995166746;0.9999290491332236;1.0;0.9999980195567048;1.0024609665936832;1.0024751308098718;0.9999927544945708;0.9999978368937047;1.0;0.9999973864566049;0.999888515724783;1.0008409257412858;0.999984154810526;0.9999857244792649;1.0;0.9999977203096446;1.0025558465043465;1.0025661492626416;1.0;1.0;0.9999955772500778;1.000935525081742;1.000410937743397;1.0000456116306464;0.9999479172052196;0.9999076355058888;1.0;0.9997966298107237;0.9997839291042939;0.9998648704432701;1.0;1.0023316117355399;0.9999034337755329;0.9999892273368246;1.0;1.0024682110244125;1.024999976158142;
2016-05-25 18:00:00;1.0;0.9999924256480406;1.0;0.9999956245806685;0.9997929347857885;0.9999942091486796;1.0027394674240686;0.9999908602424479;0.9998707552268814;1.0;0.9999979292572416;1.0025662319961968;1.0025810822411905;0.9999918967641005;0.9999977955574375;1.0;0.9999951086973742;0.9997791317434561;1.0008919064882111;0.9999711215167658;0.9999608131611945;1.0;0.9999954265405713;1.002728201607433;1.0027471722786818;0.9999999999999999;1.0;0.9999951708699332;1.00106072105512;1.0005132835916586;1.0001031535936222;0.9999809008739309;0.9998261311079012;1.0;0.9998070040918232;0.999806795441624;0.9998771494035977;1.0;1.0024951087208445;0.9998165893122094;0.9999704364071512;1.0;1.002573842433846;1.024999976158142;
2016-05-25 18:15:00;1.0;0.9999958208736146;1.0;0.9999938747512463;0.9999208411839364;0.9999933984379195;1.0026526473321895;0.9999923938649694;0.9999466920452224;1.0;0.9999951403736178;1.0025772865777882;1.0025879169909435;0.9999931542305396;0.9999987850731639;1.0;0.99999673272315;0.9999171831501653;1.0008716312465493;0.9999880972623604;0.9999896070400222;0.9999999999999999;0.9999973351434487;1.0026469722545117;1.002656262652224;1.0;1.0;0.9999951045629498;1.000996138641365;1.0004311675805178;1.0000803286563478;0.9999779393359568;0.9999314251297861;1.0;0.9997542889640466;0.9998299574619535;0.9998939586714338;1.0;1.0024132506744756;0.9999283186768012;0.999992166170006;1.0;1.0025828213633132;1.024999976158142;
2016-05-25 18:30:00;1.0;0.9999965433854632;1.0;0.999987148927816;0.9999396515867782;0.9999886838127876;1.0026241626845527;0.9999899420536636;0.999958689240801;1.0;0.9999868051732147;1.002553184367753;1.0025644630435648;0.999990469628389;0.9999989950475858;1.0;0.9999938878516766;0.9999371440448032;1.0008638220550867;0.999990774498399;0.9999928602525819;1.0;0.9999953187882115;1.0026166053900036;1.0026292429048054;1.0;1.0;0.9999920574128234;1.0010334372947758;1.0004787820525163;1.0001110853058925;0.9999893220151467;0.9999473447833281;1.0;0.9997730857499687;0.9998221178006884;0.9998888083102744;1.0;1.0023876924466146;0.9999450714724715;0.9999946190322069;1.0;1.002559124691568;1.024999976158142;
2016-05-25 18:45:00;1.0;0.9999970503016868;1.0;0.999985649686891;0.9999430258241288;0.9999868224588381;1.0026311740033704;0.9999879948081534;0.9999583400134082;1.0;0.9999859054559238;1.0025791981283856;1.002587992621189;0.9999889574884984;0.9999991381631068;1.0;0.9999936790085892;0.999941651794146;1.0008672411349355;0.9999906938137766;0.9999960802070819;1.0;0.9999952443157514;1.0026244947884748;1.0026357629797167;0.9999999999999999;1.0;0.9999907570211906;1.0010342232405078;1.0004870474029164;1.0001145865453729;0.9999950020786416;0.9999491679949104;1.0;0.999782197252674;0.9998341828623682;0.9998980050793401;1.0;1.0023937001094918;0.999947345518793;0.9999970423294234;0.9999999999999999;1.0025838113254903;1.024999976158142;
2016-05-25 19:00:00;1.0;0.9999912682423026;1.0;0.9999913740652586;0.9999498258752871;0.999991701950659;1.0025492190561593;0.9999916620827967;0.999963305739572;1.0;0.9999919670667977;1.0025058756457157;1.0025137293977227;0.9999913075460305;0.9999974647968773;1.0;0.9999962980498754;0.9999491871668746;1.0008404422683246;0.9999918068356086;0.9999981836797202;1.0;0.9999972264475137;1.0025446766600157;1.00255209875185;1.0;1.0;0.9999938317403193;1.001026106421884;1.000501268002283;1.000129329477159;1.0000037499059524;0.9999536010247883;1.0;0.9998009784392579;0.9998409491458189;0.9999034700164304;1.0;1.002318421167381;0.9999522296880574;0.9999986279781391;1.0;1.0025095727116669;1.024999976158142;
2016-05-25 19:15:00;1.0;0.9999895338623916;0.9999999999999999;0.9999956576779306;0.9999427316474819;0.999994302550887;1.0024416450977807;0.9999925164966924;0.999956935306666;1.0;0.9999977431996248;1.0024048748130256;1.0024121009899516;0.9999922743599775;0.9999969621530602;1.0;0.9999984802585659;0.9999424974188557;1.0008050228743983;0.9999903870018579;0.9999993369062559;1.0;0.9999988633547003;1.0024390451440173;1.0024429969674609;1.0;1.0;0.999995411229901;1.001007763960247;1.0005108993359366;1.0001457017588051;1.0000170541722295;0.9999463731356534;1.0;0.9998200441115312;0.9998589440172096;0.9999144761092363;1.0;1.0022200867881617;0.99994497617;0.9999994983082274;1.0;1.0024081076959117;1.024999976158142;
2016-05-25 19:30:00;1.0;0.9999943032150427;1.0;0.9999949447254743;0.9999486781921382;0.9999936558814178;1.0024600966377237;0.9999922365169558;0.99996076671267;1.0;0.9999970318813327;1.0024285351107458;1.0024348434615582;0.9999928729467068;0.9999983461162291;1.0;0.9999981917020573;0.9999483719341045;1.000811059635702;0.9999912425141693;0.9999991357496846;0.9999999999999999;0.999998645606089;1.0024575973969532;1.002461505099569;1.0;0.9999999999999999;0.9999951959312458;1.0010021931648578;1.000488185315973;1.000135198791787;1.0000107582240243;0.9999526312458173;1.0;0.999797334489055;0.9998540445260613;0.9999120120739745;1.0;1.0022369407100065;0.9999513206094146;0.9999993456903594;1.0;1.0024315962814;1.024999976158142;
2016-05-25 19:45:00;1.0;0.9999935095389271;0.9999999999999999;0.9999954081396175;0.9999510329029057;0.9999943815619188;1.0024855545533249;0.9999931217089482;0.9999632817644101;0.9999999999999999;0.9999971363142409;1.0024506924793253;1.002457417343787;0.999993391689202;0.9999981105561286;1.0;0.9999982721904489;0.9999505673669744;1.000819307188115;0.9999918036454669;0.9999986785235797;1.0;0.9999986937652124;1.0024828879915095;1.0024870521702776;1.0;1.0;0.9999956817537891;1.0011025580106638;1.0005716965111426;1.0002080417675705;1.0000520958196026;0.999954846092176;1.0;0.9997902003629927;0.9998818847775651;0.9999274487956521;1.0;1.0022601303744163;0.9999535449977531;0.999999002368225;1.0;1.0024539255099791;1.024999976158142;
2016-05-25 20:00:00;1.0;0.9999962548953116;1.0;0.9999960156052594;0.9999581289808943;0.9999947903731545;1.002399215339825;0.9999935280646892;0.999967676455721;1.0;0.9999979063284554;1.0023692814151433;1.0023756569419964;0.9999942848261079;0.9999989091058546;1.0;0.9999986385349108;0.9999579162249934;1.000791095547685;0.9999927860031992;0.9999993968031419;1.0;0.9999989815269626;1.0023970639155781;1.0024003640666563;1.0;1.0;0.9999960848943934;1.0011706040310326;1.0006451524783104;1.0002839832258215;1.0000968896529063;0.9999614505351584;1.0;0.9997924960532507;0.999915120831151;0.9999462404339369;1.0;1.0021815826702596;0.9999603866541932;0.999999544393904;1.0;1.0023725141832358;1.024999976158142;
2016-05-25 20:15:00;1.0;0.999992786148485;1.0;0.9999943762451827;0.9999532379404041;0.9999939003814677;1.0024757348130289;0.9999931284434668;0.9999653991216992;1.0;0.9999955727165073;1.0024410432714204;1.0024474180292007;0.9999930911837404;0.9999979038277198;1.0;0.9999977104297549;0.9999527126748904;1.000816096562478;0.9999922759658828;0.9999985062242173;1.0;0.9999982754967349;1.002472639223598;1.0024775965492263;1.0;1.0;0.9999953655196961;1.0011368598924968;1.0006053522240137;1.00024824354418;1.00008581682569;0.9999568198017603;1.0;0.9997850749004964;0.9999299290419263;0.99995504442784;1.0;1.0022512817176892;0.9999555573879226;0.999998872964243;1.0;1.0024440349534203;1.024999976158142;
2016-05-25 20:30:00;0.9999999999999999;0.9999930763609807;1.0;0.999992835986787;0.9998853644637734;0.9999906731643546;1.002542259389449;0.9999879861732445;0.9999193464046826;1.0;0.9999962239867526;1.0024804436313792;1.0024870483711392;0.9999894786220996;0.9999979832660707;1.0;0.9999966581116786;0.9998814734412378;1.00083534049317;0.9999819841234151;0.9999889497026146;1.0;0.9999972637995268;1.0025375183168312;1.0025454252535613;1.0;0.9999999999999999;0.9999928970932145;1.0012584991230942;1.0007157206565769;1.0003315899428615;1.0001356678495459;0.9998988964079962;1.0;0.9997930057695217;0.9999688212872418;0.9999767725410648;1.0;1.0023127187138436;0.9998948667316526;0.9999916627062131;1.0;1.0024835803455585;1.024999976158142;
2016-05-25 20:45:00;1.0;0.9999922800798069;1.0;0.9999925261164337;0.9998995639008482;0.9999907161488142;1.0025353299670943;0.9999884368338807;0.9999282878465388;0.9999999999999999;0.9999955192146287;1.0024797694772467;1.0024867018851857;0.9999895709200194;0.9999977574553317;1.0;0.9999967043399154;0.999896708573539;1.0008338826378702;0.9999839843108376;0.9999918823788073;1.0;0.9999973705036636;1.0025308460609954;1.00253825234648;1.0;0.9999999999999999;0.999992949753284;1.0012793621039733;1.000744250528436;1.000348317752871;1.000142853596891;0.9999105060689027;1.0;0.9998076781643288;0.9999685110212332;0.9999763735675952;0.9999999999999999;1.0023061584356843;0.9999071709649804;0.9999938785067235;0.9999999999999999;1.002483031703437;1.024999976158142;
2016-05-25 21:00:00;1.0;0.9999240085557453;1.0;0.9999892828269705;0.9997491772412533;0.9999857947459581;1.0027120338125333;0.9999781997792605;0.9998223586089247;1.0;0.999994746248471;1.0025938232322866;1.0026090129803231;0.9999690257015236;0.9999778981304357;1.0;0.9999956199210344;0.9997467542535221;1.000893102196628;0.9999602763855902;0.9999929845583029;1.0;0.9999966014179373;1.0027036671877105;1.0027165076998152;1.0;1.0;0.999985994041639;1.0013911562351112;1.0008218387909011;1.0003981196622131;1.0001748878062022;0.99976206657984;1.0;0.9997961031234776;0.999997982791402;0.999993443968774;1.0;1.0024662553866055;0.9997557017678609;0.9999947047464343;1.0;1.0025968558026634;1.024999976158142;
2016-05-25 21:15:00;0.9999999999999999;0.9999734232712374;1.0;0.9999921423333076;0.9998478975005298;0.9999894925510134;1.0025469524514807;0.9999852618064449;0.9998922261210323;1.0;0.9999961839880532;1.0024715955729202;1.0024804552626607;0.999983781741788;0.999992272344666;1.0;0.9999965522087442;0.9998446305377637;1.0008374367108865;0.9999759256067348;0.9999906716723429;1.0;0.9999972294830284;1.002541437130094;1.002550299946255;1.0;1.0;0.9999910934224964;1.0012449390458056;1.00068665913453;1.0003178031971376;1.0001273790686669;0.9998608820039913;1.0;0.999769408336877;0.9999621032658347;0.9999732094705148;1.0;1.002316622803482;0.9998562901024242;0.9999929727705845;1.0;1.0024746009069747;1.024999976158142;
2016-05-25 21:30:00;1.0;0.9999830320002924;0.9999999999999999;0.9999923201690729;0.9998807280131249;0.9999903172363374;1.0025013581556597;0.9999873309593839;0.9999151152126512;1.0;0.9999955737181595;1.0024395493038276;1.0024471092103588;0.9999870214709279;0.9999950690720331;1.0;0.9999966468062756;0.9998779555297331;1.0008229039451;0.999981039107237;0.9999921022992043;1.0;0.9999973338957296;1.00249650877927;1.0025044029588073;1.0;1.0;0.9999922015783009;1.0012496679209624;1.000713346614755;1.0003413079542924;1.0001482489708504;0.9998917717469291;1.0;0.9997900193891879;0.9999934408197335;0.9999910008306077;1.0;1.0022751848240101;0.9998880716915985;0.9999940453499444;1.0;1.002442511880819;1.024999976158142;
2016-05-25 21:45:00;1.0;0.9999810801199028;0.9999999999999999;0.999995052046744;0.9998935949626641;0.9999932681012753;1.002431421557162;0.999990301845417;0.999925246208685;1.0;0.9999977329160606;1.0023706888035608;1.0023784451071114;0.9999891121429764;0.9999945060123516;1.0;0.9999977310113262;0.9998910980093416;1.0007999746729763;0.9999833049420581;0.9999929101295283;1.0;0.999998152404796;1.0024272337886047;1.0024338945779347;1.0;1.0;0.9999941934898556;1.0011999839035624;1.0006716547022236;1.0003251380833313;1.0001461291573548;0.999902882227077;1.0;0.9997795871580301;1.0000083429646287;0.9999994721558128;1.0;1.0022113799809378;0.9998996019205515;0.999994650300907;1.0;1.0023736243131292;1.024999976158142;
2016-05-25 22:00:00;1.0;0.9999849118714036;1.0;0.9999921178372129;0.9999031835971448;0.9999909462969796;1.0024515837370898;0.9999889316918956;0.9999309705497883;1.0;0.9999944080782279;1.0023962180991657;1.0024036683529425;0.9999884073234466;0.9999956098032633;1.0;0.9999965512512359;0.9999011034050559;1.0008071612629472;0.9999845820471731;0.999994080968199;1.0;0.9999973120084288;1.0024468520012526;1.0024545671395528;1.0;1.0;0.999992823954695;1.0012073541206776;1.0006729485502284;1.0003273296850093;1.0001489112477269;0.9999117394775617;1.0;0.9997737874044943;1.0000138095704616;1.0000023899394836;1.0;1.0022298578154334;0.9999088015134235;0.999995535013417;1.0;1.0023992500718415;1.024999976158142;
2016-05-25 22:15:00;1.0;0.9999799244625802;0.9999999999999999;0.9999887046384042;0.9998738855948969;0.9999870605423062;1.0025272999966377;0.9999844243461993;0.9999087992595972;1.0;0.9999919509115498;1.002464960430845;1.002473178241983;0.9999838470139788;0.9999941687504332;1.0;0.9999952634110394;0.9998717027673834;1.00083220427195;0.9999796255142394;0.9999937753788772;1.0;0.999996355510906;1.002521493471608;1.0025310180231104;1.0;1.0;0.9999898220368415;1.001249110083105;1.0007009938860456;1.0003418283789238;1.0001567019065156;0.9998843413426675;1.0;0.9997712079481971;1.0000181534413177;1.0000047105001493;1.0;1.0022988471217917;0.9998806926799545;0.9999953029478845;1.0;1.0024680679952946;1.024999976158142;
2016-05-25 22:30:00;1.0;0.999967852425195;1.0;0.9999902080817864;0.9998637703967311;0.9999887702254062;1.0024960421242766;0.9999855785651754;0.9999029611271788;0.9999999999999999;0.9999930442980791;1.0024222897550106;1.002432448394854;0.9999825937532;0.9999906855198464;1.0;0.9999958040183764;0.9998618189039539;1.0008220838150663;0.9999783213260043;0.9999944326466939;1.0;0.9999967702235736;1.002489886265475;1.002499725324015;1.0;1.0;0.9999904590196281;1.0012596116063797;1.0007298276294543;1.0003605710196564;1.0001690013269895;0.9998729553558391;1.0;0.9997933897948469;1.0000300579761805;1.0000110286775672;1.0;1.0022702319411478;0.9998692252720424;0.9999957980435317;1.0;1.0024256271747864;1.024999976158142;
2016-05-25 22:45:00;1.0;0.9999691593322415;0.9999999999999999;0.9999898022945487;0.9998560819221523;0.999988084178107;1.0025050472518173;0.9999846750193455;0.9998974299634954;1.0;0.9999930193370701;1.0024315322206174;1.0024410328473827;0.9999821560880325;0.99999103802756;1.0;0.9999956185454135;0.9998537490433785;1.0008247259057999;0.9999770843877227;0.9999933424139629;1.0;0.9999966067626973;1.0024988564521962;1.0025088287634076;1.0;1.0;0.9999900058016177;1.0012879670837953;1.0007625512060792;1.0003801456545394;1.0001786670510906;0.9998665841944306;1.0;0.9998059230736974;1.0000331283544996;1.0000132575751628;1.0;1.002278499330119;0.9998625305738805;0.9999949771512702;0.9999999999999999;1.0024345934004242;1.024999976158142;
2016-05-25 23:00:00;1.0;0.9999685800941738;1.0;0.9999916217701129;0.9998654362062107;0.9999897315353405;1.0024811100066877;0.9999861442998441;0.9999037346883467;0.9999999999999999;0.9999948317068689;1.0024095986114168;1.0024196986417415;0.9999833307830653;0.9999908759830323;0.9999999999999999;0.9999965177948951;0.9998636348017406;1.0008172638207942;0.9999784938411348;0.9999948617756661;1.0;0.999997306885814;1.0024755784707982;1.002484305744562;1.0;1.0;0.9999911179568417;1.001265581581687;1.0007380000682837;1.0003688399711514;1.0001735443899198;0.9998744058732801;0.9999999999999999;0.9997951312288691;1.0000326170775904;1.0000124504357921;1.0;1.0022565379857737;0.999870759726982;0.9999961208389814;1.0;1.0024129495329535;1.024999976158142;
2016-05-25 23:15:00;1.0;0.9999678559078096;1.0;0.9999909263242903;0.9998703672054455;0.9999900051047413;1.0024828597183613;0.9999872278453218;0.9999091106418125;1.0;0.9999930779818942;1.0024076633411343;1.0024175630992493;0.9999838170234863;0.9999906725159118;1.0;0.9999958874028861;0.9998681000319519;1.0008174874227502;0.9999796939532901;0.999993542899772;1.0;0.9999968095502101;1.0024765977341483;1.0024866490095463;1.0;1.0;0.999991356546329;1.0012490273372112;1.000711243118287;1.0003539738142515;1.0001649257659824;0.9998793471726323;1.0;0.9997784170033355;1.0000263960004916;1.000009217961738;1.0;1.0022583215085603;0.9998756726683381;0.9999951253195379;1.0;1.0024108558081464;1.024999976158142;
2016-05-25 23:30:00;1.0;0.9999735656415474;1.0;0.9999899339852771;0.9998545724235861;0.9999888089350307;1.0024673047225257;0.9999859826020725;0.9998993339454879;1.0;0.9999924397086778;1.002386649173528;1.00239527037335;0.999983932618038;0.9999923235194065;0.9999999999999999;0.9999951457342984;0.9998506343584437;1.000810902302676;0.9999775112629532;0.9999887731834947;1.0;0.999996145679883;1.002460416670123;1.0024717753398358;1.0;1.0;0.9999907512885504;1.0012309555620267;1.0006915348868455;1.0003441239143889;1.0001607657772478;0.9998677930520792;1.0;0.9997704001196018;1.0000268885801171;1.000010041664588;1.0;1.0022446625430055;0.9998631416469838;0.9999915377339973;1.0;1.002389536216416;1.024999976158142;
2016-05-25 23:45:00;1.0;0.9999733489517987;1.0;0.999991444516789;0.99985600942215;0.9999893438455909;1.0024506163799822;0.9999857020970213;0.9998982475326241;1.0;0.9999949330034721;1.0023755776268013;1.0023846815915896;0.9999839296624766;0.9999922598434157;1.0;0.9999962076057131;0.9998529564705991;1.0008061943745954;0.9999772658813564;0.9999913058374194;1.0;0.9999969904772567;1.0024448060829125;1.002454179600551;1.0;1.0;0.9999910307963865;1.0012514343412025;1.0007277278719502;1.000365924086167;1.0001731839203383;0.9998680303319389;1.0;0.999793242400328;1.0000350875168944;1.0000142301189385;1.0;1.0022291880373664;0.999863705811691;0.9999934391140887;1.0;1.00237871401286;1.024999976158142;
2016-05-26 00:00:00;1.0;0.9999737045063013;1.0;0.9999929700152091;0.9998698914428058;0.9999911016656945;1.0023961784433788;0.9999876757744103;0.9999083367575116;1.0;0.999995997069225;1.002325516319247;1.002334426446241;0.9999856051758983;0.9999923877033792;0.9999999999999999;0.9999968498228713;0.9998672290016374;1.0007884644721967;0.999979525069032;0.9999924364755335;0.9999999999999999;0.9999974912573597;1.0023909344384678;1.0023993092575554;1.0;1.0;0.9999923166790683;1.0012194644756236;1.000704481432558;1.000352439151906;1.0001644516332568;0.999880296674318;1.0;0.9997942507452211;1.0000266864495597;1.0000096165256867;1.0;1.0021795024761906;0.9998764391112054;0.9999942901843822;1.0;1.0023285771753068;1.024999976158142;
