;('LV4.101 Bus 1', 'L1');('LV4.101 Bus 10', 'L1');('LV4.101 Bus 11', 'L1');('LV4.101 Bus 12', 'L1');('LV4.101 Bus 13', 'L1');('LV4.101 Bus 14', 'L1');('LV4.101 Bus 15', 'L1');('LV4.101 Bus 16', 'L1');('LV4.101 Bus 17', 'L1');('LV4.101 Bus 18', 'L1');('LV4.101 Bus 19', 'L1');('LV4.101 Bus 2', 'L1');('LV4.101 Bus 20', 'L1');('LV4.101 Bus 21', 'L1');('LV4.101 Bus 22', 'L1');('LV4.101 Bus 23', 'L1');('LV4.101 Bus 24', 'L1');('LV4.101 Bus 25', 'L1');('LV4.101 Bus 26', 'L1');('LV4.101 Bus 28', 'L1');('LV4.101 Bus 29', 'L1');('LV4.101 Bus 3', 'L1');('LV4.101 Bus 30', 'L1');('LV4.101 Bus 31', 'L1');('LV4.101 Bus 32', 'L1');('LV4.101 Bus 33', 'L1');('LV4.101 Bus 34', 'L1');('LV4.101 Bus 35', 'L1');('LV4.101 Bus 36', 'L1');('LV4.101 Bus 37', 'L1');('LV4.101 Bus 38', 'L1');('LV4.101 Bus 39', 'L1');('LV4.101 Bus 4', 'L1');('LV4.101 Bus 40', 'L1');('LV4.101 Bus 41', 'L1');('LV4.101 Bus 42', 'L1');('LV4.101 Bus 43', 'L1');('LV4.101 Bus 44', 'L1');('LV4.101 Bus 5', 'L1');('LV4.101 Bus 6', 'L1');('LV4.101 Bus 7', 'L1');('LV4.101 Bus 8', 'L1');('LV4.101 Bus 9', 'L1');('MV1.101 Bus 52', 'L1');('metainfo', 'in the first', 'few indices')
2016-05-06 00:00:00;0.9999187566926482;1.0;0.9999307155112005;0.9999241626571772;0.9999601127499195;0.9999303586214232;1.0002574409812737;0.9998452944553499;1.0;1.0;0.9999373100843726;0.9999999999999999;1.0000321714753548;0.99989235210372;0.9997969032145597;0.9998071421211588;0.9998095447598743;0.999959316348305;1.0;0.9999478974608003;0.999922118984355;0.9999560519341851;0.9998088572729896;1.000241542611367;1.0002642657930787;0.9999318597872459;0.9999499036885808;0.9999412027209309;0.9999999999999999;0.9998309638341266;0.9998666382542193;0.9999078090027437;0.9999687806349844;0.9998560800320583;1.0;1.0;0.9999843635979504;0.9999756369950104;1.0;0.9999650787604151;0.9999267158600508;0.9999338644506981;1.0;1.024999976158142;simulation#6357
2016-05-06 00:15:00;0.999944948078245;1.0;0.9999507060075584;0.9999480742486981;0.9999725352533482;0.9999517100267713;1.000247454944114;0.9998956873320741;1.0;1.0;0.9999548036680401;1.0;1.0000311555238128;0.9999277012875831;0.9998669326872371;0.9998727947783144;0.9998742110652225;0.9999719701564214;1.0;0.9999632164339509;0.9999468279629398;0.9999664344650877;0.9998737991004252;1.0002324188442357;1.000253774587525;0.9999530449182612;0.999962541608707;0.9999597218032047;1.0;0.9998191144050979;0.9998649752189561;0.9999193968413759;0.9999795833965001;0.9999098732547987;1.0;1.0;0.9999844257663444;0.9999756991628619;0.9999999999999999;0.9999768818231582;0.9999497170454967;0.999952362852787;1.0;1.024999976158142;comment data format: active and reactive powers in Watts
2016-05-06 00:30:00;0.9999337278863415;1.0;0.9999436204621698;0.9999404091017831;0.9999658822130724;0.99994610949605;1.0002496445873041;0.9998934698447031;0.9999999999999999;1.0;0.999947731283481;1.0;1.0000299915419282;0.9999249345242699;0.9998659158871339;0.9998715043573508;0.9998727397512828;0.9999638571383325;1.0;0.9999558176326057;0.9999309719215915;0.9999594679223028;0.9998722729846307;1.0002345776270438;1.000256203724347;0.999940697510064;0.9999539240369302;0.9999562156612669;1.0;0.9998305763383378;0.9998609529556629;0.9999115110550629;0.9999761910189897;0.9998830271213116;1.0;1.0;0.9999838828091657;0.9999751562104215;1.0;0.9999726136140401;0.9999345366552845;0.9999451083554691;1.0;1.024999976158142;step time in minutes: 15
2016-05-06 00:45:00;0.999919648686373;1.0;0.999937049340424;0.9999266252782978;0.9999660236306243;0.9999343082377138;1.0002416373640672;0.9998547563850237;1.0;1.0;0.9999407585702996;1.0;1.0000288169525935;0.9999008631248796;0.9998074472701516;0.9998141237479072;0.9998163062378956;0.9999639265225586;1.0;0.9999491968448683;0.9999175919638406;0.9999580785894812;0.999815585441065;1.0002264844297744;1.0002484826308184;0.9999287064880943;0.9999508866942552;0.9999450443695872;0.9999999999999999;0.9998556853654422;0.9998846318655102;0.9999335849395442;0.9999752843344248;0.9999332365146885;1.0;1.0;0.9999847980551967;0.9999768654087205;1.0;0.9999718631667087;0.9999218482440585;0.9999393685315816;1.0;1.024999976158142;start time of simulation: 2016-05-06 00:00:00+00:00
2016-05-06 01:00:00;0.9999335902238932;1.0;0.9999476425739814;0.999937787028788;0.9999754462960785;0.9999437126710619;1.0002358449260482;0.9998701210831549;1.0;1.0;0.9999496796891816;0.9999999999999999;1.0000287367146778;0.9999133089888883;0.9998279067713197;0.9998322103037819;0.9998341652822392;0.9999740232278689;1.0;0.9999576462717222;0.9999326344599487;0.9999645633645271;0.9998335515502991;1.0002209679751162;1.0002424831871037;0.9999407414394048;0.9999588047994511;0.9999525528016483;1.0;0.9998609471307603;0.9998946488988357;0.9999390084896939;0.9999826161304445;0.9999375860174575;0.9999999999999999;1.0;0.9999843411730432;0.9999756145702992;0.9999999999999999;0.9999800757558662;0.9999358295457413;0.9999492965507104;1.0;1.024999976158142;end time of simulation: 2016-05-20 00:00:00+00:00
2016-05-06 01:15:00;0.999952519109456;1.0;0.9999616909755598;0.9999575358361511;0.9999785772505245;0.9999621143750042;1.0002259730582264;0.9999241340398857;1.0;0.9999999999999999;0.9999632909302973;1.0;1.0000270948648464;0.9999478149521833;0.9999037648363565;0.999906137694113;0.9999069888766553;0.9999766991317098;1.0;0.9999685477986054;0.9999486673393935;0.9999713826512592;0.9999066334179693;1.000212267133792;1.0002319747854667;0.9999559325171432;0.9999670263350184;0.9999693447067574;1.0;0.999889784026661;0.9999145258421961;0.9999490582850155;0.9999860991963664;0.9999428085929806;1.0;1.0;0.9999842550976078;0.9999763224554388;1.0;0.9999837023624553;0.999951026878665;0.9999623881206141;1.0;1.024999976158142;"[""terminal(s) with malfunction: ['LV4.101 Bus 1']"", 'type of malfunction: EVSE without P(U) control']"
2016-05-06 01:30:00;0.999948469559905;1.0;0.9999629624421825;0.9999560403554083;0.9999779629711225;0.9999624282640371;1.0002272260598652;0.9999276568865828;1.0;0.9999999999999999;0.9999638855212823;1.0;1.0000261716122372;0.9999500384739322;0.9999056948045185;0.999907558565031;0.9999083878039107;0.9999750047414683;1.0;0.9999672335935471;0.9999409774275981;0.999972170567176;0.9999079623862643;1.0002134106529965;1.00023348581835;0.9999505358271732;0.9999665608075652;0.9999699708964652;1.0;0.9998821853543802;0.9999089826133707;0.9999463544232611;0.9999862253628101;0.9999417687019151;1.0;1.0;0.9999824481860692;0.9999725148219232;1.0;0.9999836856142261;0.9999436745265806;0.9999636602776891;1.0;1.024999976158142;terminals with PVs: ['LV4.101 Bus 17', 'LV4.101 Bus 9', 'LV4.101 Bus 10', 'LV4.101 Bus 42', 'LV4.101 Bus 2', 'LV4.101 Bus 5', 'LV4.101 Bus 41', 'LV4.101 Bus 26', 'LV4.101 Bus 36', 'LV4.101 Bus 18']
2016-05-06 01:45:00;0.9999508540385716;1.0;0.9999639494355502;0.9999555215830978;0.9999827686696856;0.9999608456549861;1.0002174633019938;0.9999130076301664;1.0;1.0;0.9999644863666444;1.0;1.0000259507370313;0.9999421471494615;0.9998842224663248;0.9998861084495313;0.9998873482642993;0.9999808829298242;1.0;0.999969009822205;0.9999469526640663;0.9999744434954123;0.9998868901043665;1.000203939185493;1.0002235300226288;0.9999542055218433;0.9999695552765238;0.9999675067999142;1.0;0.9999262518651139;0.9999375388208644;0.9999608212100859;0.9999888370134515;0.9999495009556013;1.0;0.9999999999999999;0.999984304229394;0.9999759587641596;1.0;0.999986906869128;0.9999493005476665;0.9999648342268248;1.0;1.024999976158142;terminals with EVSE: ['LV4.101 Bus 10', 'LV4.101 Bus 19', 'LV4.101 Bus 20', 'LV4.101 Bus 40', 'LV4.101 Bus 41', 'LV4.101 Bus 1', 'LV4.101 Bus 15', 'LV4.101 Bus 38', 'LV4.101 Bus 18', 'LV4.101 Bus 25']
2016-05-06 02:00:00;0.999961537874879;1.0;0.9999707990950881;0.9999651894574023;0.9999853065374735;0.9999691612206398;1.0002142291236824;0.9999330281291341;1.0;1.0;0.9999715712290422;1.0;1.0000260352839654;0.9999550174969344;0.9999118915527913;0.9999136568119568;0.9999145713799059;0.9999838910639036;1.0;0.999975411539815;0.9999587687087347;0.9999791421809917;0.999914231693656;1.0002011124666201;1.0002199535820613;0.999964403077409;0.9999754461200965;0.9999745283970941;1.0;0.9999434180927632;0.9999428103182043;0.9999633392131348;0.9999903408426548;0.9999501790574176;1.0;1.0;0.9999837851804116;0.999974645761153;1.0;0.9999887144389471;0.9999606340801318;0.9999715058159135;1.0;1.024999976158142;
2016-05-06 02:15:00;0.9999727389128577;1.0;0.9999791525936366;0.99997515559868;0.99998931182116;0.9999778846444537;1.000211452824438;0.9999508841780705;1.0;0.9999999999999999;0.9999799792522425;1.0;1.0000262619186258;0.9999668860851891;0.9999348352098669;0.9999365526726738;0.9999372721180322;0.9999884616823145;1.0;0.999982754745328;0.9999714381721861;0.9999856965461895;0.9999370233638167;1.0001986351580345;1.000216895593711;0.999975289564931;0.9999831487898991;0.9999815574595196;1.0;0.9999440366939774;0.9999420740646398;0.9999627867519523;0.999992573300192;0.9999491742849873;1.0;1.0;0.9999843522612812;0.999976006795646;1.0;0.9999914477092683;0.9999728123250008;0.9999798058553366;1.0;1.024999976158142;
2016-05-06 02:30:00;0.9999763413603713;1.0;0.9999810871052895;0.9999789006905291;0.9999894527429457;0.9999812357123932;1.0002087276205234;0.9999624697667253;1.0;1.0;0.9999817985655418;1.0;1.000025801969776;0.9999742400575524;0.9999523226029783;0.9999534102010407;0.9999538289387861;0.9999884724064304;1.0;0.9999843604300722;0.9999742519311431;0.9999857970549231;0.9999536501099988;1.0001962200180923;1.000214006366012;0.9999779248089897;0.9999835873699251;0.9999848372520048;1.0;0.9999467393989342;0.9999490983682658;0.9999684585673713;0.9999932272943058;0.9999604486950704;1.0;1.0;0.999984951903915;0.9999770192562185;1.0;0.999992037376801;0.9999754203309738;0.9999814161045284;0.9999999999999999;1.024999976158142;
2016-05-06 02:45:00;0.9999629773918761;1.0;0.999971864734089;0.9999653569072895;0.9999883827366266;0.9999689055870038;1.0002109358066467;0.9999278084292802;1.0;1.0;0.9999719991355994;1.0;1.0000259257715796;0.9999527781739371;0.9999044143054555;0.9999055050965168;0.9999065418137014;0.9999873012848629;1.0;0.9999762887755742;0.9999611153309653;0.999979933268506;0.9999061934342527;1.0001978654534114;1.0002166432116917;0.9999657516232919;0.9999765062642068;0.9999739315882877;1.0;0.9999472949061444;0.9999477634582475;0.9999675582944493;0.99999264084562;0.9999590880178123;1.0;1.0;0.9999830152151844;0.9999738758029629;1.0;0.999991315553458;0.9999627206297731;0.9999724556693935;1.0;1.024999976158142;
2016-05-06 03:00:00;0.9999661983648375;1.0;0.9999730681371278;0.9999677364786544;0.9999883210484956;0.9999705565103292;1.0002102466367728;0.9999298981617802;1.0;1.0;0.9999739818269078;1.0;1.0000264006978108;0.9999536508022449;0.9999068726803502;0.9999090067493299;0.9999100897284251;0.9999877942007899;1.0;0.9999784192680973;0.9999663859924717;0.9999819534308684;0.9999097680699606;1.0001972841288465;1.0002157800132778;0.999970077876653;0.9999791316489918;0.9999749759455154;1.0;0.9999548032760109;0.9999518436346411;0.9999685542107986;0.9999916469365654;0.9999554837283093;1.0;1.0;0.9999844565958628;0.9999769050894117;1.0;0.9999904511899724;0.9999679444004301;0.9999739311291865;1.0;1.024999976158142;
2016-05-06 03:15:00;0.9999705451642118;1.0;0.999976276141791;0.9999728312835741;0.9999871415919369;0.9999754519236195;1.0002088144894004;0.9999453160810173;1.0;0.9999999999999999;0.9999778378679409;1.0;1.0000261508650312;0.9999626125155384;0.9999277766949777;0.9999304770908167;0.9999313027016379;0.9999865167561499;1.0;0.9999812542225575;0.9999703606570837;0.9999843197024086;0.999931041833472;1.000196171109023;1.0002141379434148;0.9999742201846389;0.9999818073882645;0.9999793973764928;1.0;0.9999571222816777;0.9999541971889258;0.9999704341106594;0.9999904821282245;0.9999591676632993;0.9999999999999999;1.0;0.9999847189452009;0.9999763734765055;1.0;0.999989211378489;0.9999719279259979;0.9999771853740933;1.0;1.024999976158142;
2016-05-06 03:30:00;0.9999792482054607;1.0;0.9999822986767647;0.999980179613253;0.9999910373010359;0.9999816626963053;1.000207952546033;0.9999576423466502;1.0;0.9999999999999999;0.9999835378573476;1.0;1.000026511706284;0.9999712766251179;0.9999444427063092;0.9999465165024469;0.9999471637595889;0.9999908751246732;1.0;0.9999865530503491;0.9999801193567468;0.9999884123245968;0.9999469822176849;1.000195426881324;1.0002131150977764;0.9999823198085761;0.9999868651396828;0.9999844460728444;0.9999999999999999;0.9999535024101216;0.9999509364454185;0.9999688121810022;0.9999931912212099;0.9999584100189016;1.0;1.0;0.9999826921809535;0.9999735527716843;1.0;0.9999923301466278;0.9999811761337987;0.9999829788096147;1.0;1.024999976158142;
2016-05-06 03:45:00;0.9999737065680787;1.0;0.9999784707441673;0.9999749377065336;0.9999894267371929;0.9999770047787585;1.0002103646633538;0.9999454161198527;0.9999999999999999;1.0;0.9999798971366939;1.0;1.0000267444408149;0.9999632149951029;0.9999271909198567;0.9999298308872641;0.9999307206543502;0.9999892032383372;1.0;0.9999833808318646;0.9999747609636516;0.9999863958717922;0.9999304710581658;1.0001975800943192;1.0002156920509726;0.9999776028428271;0.9999843244800178;0.9999803352380935;1.0;0.9999483175257522;0.9999470874284846;0.9999661559393811;0.9999917904487077;0.9999542154400046;1.0;1.0;0.9999830097310344;0.9999742831399097;1.0;0.9999907999125178;0.9999761135532192;0.9999794047770717;1.0;1.024999976158142;
2016-05-06 04:00:00;0.9999690598945659;1.0;0.9999755752551625;0.9999706899868486;0.9999887467710519;0.9999733591577047;1.0002107796565367;0.9999366288936549;0.9999999999999999;1.0;0.9999766831700413;1.0;1.0000265298302098;0.999957779298049;0.9999152392566051;0.9999176246454611;0.99991863885429;0.999988270481293;1.0;0.9999805049283662;0.9999693766144832;0.999984117424444;0.9999183388196534;1.0001978585753366;1.000216256094296;0.9999729045033887;0.9999815026907145;0.999977299706188;0.9999999999999999;0.999949044007698;0.9999471543428277;0.9999661575852702;0.999991649406928;0.9999540956579597;1.0;1.0;0.9999821790831347;0.9999726585437144;1.0;0.9999905403258578;0.9999708889160815;0.999976500735219;1.0;1.024999976158142;
2016-05-06 04:15:00;0.9999712547968529;1.0;0.9999777815643008;0.9999731772117391;0.9999897844761834;0.9999758615471607;1.0002101959900338;0.9999441321924549;1.0;0.9999999999999999;0.9999784512669407;1.0;1.0000262300247444;0.9999628897870732;0.999925716065726;0.9999273475774904;0.9999281890523235;0.9999890768391418;0.9999999999999999;0.9999817573863181;0.999970478120769;0.9999848463260937;0.9999279182085226;1.000197358172896;1.0002156607748707;0.9999740889562767;0.9999822665510639;0.9999796699861814;1.0;0.999947615140544;0.9999454369917974;0.9999665169633818;0.99999290937034;0.9999590401808315;0.9999999999999999;0.9999999999999999;0.9999841520803426;0.999976600576191;1.0;0.9999918326643276;0.9999718415816531;0.9999784541540594;1.0;1.024999976158142;
2016-05-06 04:30:00;0.9999672694068091;1.0;0.9999730715714524;0.9999700136663002;0.9999845483384571;0.999972862058369;1.000213416485958;0.9999412590261549;1.0;1.0;0.999975126100088;1.0;1.000026663903922;0.9999593197705982;0.9999231127192084;0.9999263983890052;0.999927256220302;0.9999838407051209;1.0;0.9999789851721868;0.9999670923323276;0.99998208940705;0.9999269810764618;1.0002005340388997;1.0002188372998024;0.9999714973994797;0.9999793498672537;0.9999773579453568;0.9999999999999999;0.9999432515201707;0.9999428614098185;0.9999647353865182;0.9999885244582164;0.9999562182401309;0.9999999999999999;1.0;0.9999837050535102;0.9999757724157046;1.0;0.999987003012727;0.9999688852908853;0.9999741085382278;0.9999999999999999;1.024999976158142;
2016-05-06 04:45:00;0.9999729997773992;1.0;0.9999783764014522;0.9999741170172315;0.9999900632324598;0.9999763007740178;1.0002113173652103;0.9999424021024046;1.0;1.0;0.9999795881455278;0.9999999999999999;1.0000268578105054;0.9999615731352772;0.9999226025032782;0.9999250929263586;0.999926054484043;0.9999898397334619;0.9999999999999999;0.9999830949325411;0.9999740489743143;0.9999864560041728;0.9999257860144398;1.0001984123867722;1.0002167203531716;0.9999768837751931;0.9999842809902098;0.9999796262933196;1.0;0.9999408256469814;0.9999425463401709;0.9999644221544447;0.9999922739884065;0.9999554629286789;0.9999999999999999;1.0;0.9999825159077765;0.9999733765001185;1.0;0.9999913448700639;0.9999753977626072;0.9999793177759697;1.0;1.024999976158142;
2016-05-06 05:00:00;0.9999790621007375;1.0;0.9999830851576776;0.9999796159896036;0.9999934099607638;0.9999812213751742;1.0002084875183141;0.9999541419077111;1.0;0.9999999999999999;0.9999834922890142;1.0;1.0000265006586335;0.9999700227607448;0.999939177241477;0.9999403094161543;0.9999410185213675;0.9999931864610178;1.0;0.9999865249910204;0.9999794830795287;0.9999885782214449;0.9999408164204198;1.00019579713689;1.0002137841043848;0.9999814898555769;0.9999869036214644;0.9999839551420676;0.9999999999999999;0.9999508458005195;0.9999493284521821;0.9999685599636181;0.999995354895566;0.999960477164362;0.9999999999999999;1.0;0.9999837050535103;0.9999757724157046;1.0;0.9999946700679039;0.9999803835244772;0.9999835777257174;1.0;1.024999976158142;
2016-05-06 05:15:00;0.9999755865308255;1.0;0.9999817446433744;0.999976892952034;0.9999928013159913;0.9999792183708501;1.000210449941303;0.9999496257979773;0.9999999999999999;0.9999999999999999;0.9999819248756698;1.0;1.000026410665323;0.9999671557004048;0.9999322051427182;0.9999332513734501;0.9999340478902514;0.9999922453801704;0.9999999999999999;0.9999847148967705;0.999974997814484;0.9999876946390136;0.9999337995016228;1.000197573295622;1.0002159124497676;0.9999778604562106;0.9999854589395678;0.9999823121779486;1.0;0.9999501734444645;0.9999468834871122;0.9999681714983841;0.9999950989566385;0.9999636130554163;1.0;1.0;0.9999831914882756;0.9999740520744432;1.0;0.9999943264450921;0.9999760833307053;0.9999822880725405;1.0;1.024999976158142;
2016-05-06 05:30:00;0.9999780125310871;1.0;0.999982663978101;0.9999793067259929;0.9999923906348686;0.9999812586631426;1.0002119283060371;0.9999567530647808;0.9999999999999999;0.9999999999999999;0.9999830507279511;0.9999999999999999;1.0000266472071055;0.9999714316133621;0.99994305237277;0.999944060525998;0.9999446830324575;0.9999918653487884;1.0;0.9999858137439821;0.999977402108491;0.9999878308131868;0.9999444825390074;1.0001990816225934;1.0002173232215184;0.9999800380447217;0.9999859069952538;0.9999842667731638;1.0;0.9999496609324261;0.9999434673252168;0.9999640288027248;0.999994911808663;0.9999520400687931;1.0;1.0;0.9999817446292272;0.9999714301379544;1.0;0.9999940816755248;0.9999783903643905;0.9999830917143019;1.0;1.024999976158142;
2016-05-06 05:45:00;0.9999735870687152;0.9999999999999999;0.9999797711780766;0.9999745311470379;0.9999917032946744;0.9999768181637033;1.0002137608637445;0.9999415560837923;1.0;1.0;0.9999805891679681;1.0;1.0000271612911242;0.9999615438309262;0.9999203714104634;0.9999225343491922;0.9999235556138198;0.9999914797953099;0.9999999999999999;0.999983807955559;0.9999745314418026;0.9999876547862709;0.9999232714474803;1.0002006376797294;1.0002192828589798;0.9999772287214735;0.9999854242613823;0.9999798906988694;1.0;0.9999479532679543;0.9999422560109056;0.9999643701071308;0.9999934779171644;0.9999559085775402;1.0;0.9999999999999999;0.9999829419599957;0.9999734214133124;1.0;0.9999927115404375;0.9999758056788492;0.9999806943590737;1.0;1.024999976158142;
2016-05-06 06:00:00;0.9999678396385895;1.0;0.999974109159177;0.9999702804892243;0.9999854170188099;0.9999731120503401;1.0002152130848343;0.9999389909314239;1.0;1.0;0.9999762539360425;1.0;1.000027078265872;0.9999579893432265;0.999918481806055;0.9999221651129614;0.9999231572898166;0.9999849009088694;1.0;0.9999798861057573;0.999968420849625;0.9999838021844039;0.9999228602552116;1.00020217016031;1.0002206861244995;0.9999725626897012;0.9999811110910952;0.9999772133638116;1.0;0.9999479956550422;0.9999364666029296;0.9999627030307745;0.9999886349498981;0.9999598025363056;1.0;1.0;0.9999824720453637;0.9999717447259978;1.0;0.9999872753283428;0.999970232115132;0.999975342811494;0.9999999999999999;1.024999976158142;
2016-05-06 06:15:00;0.999970323493218;1.0;0.9999770261891773;0.9999729152910402;0.9999879887143426;0.9999758183075683;1.000216190003681;0.9999464217517259;1.0;1.0;0.999978092935931;1.0;1.0000268495907532;0.999963722564018;0.9999290292130798;0.9999310997320986;0.999931887402983;0.9999871202317263;0.9999999999999999;0.9999811941891443;0.9999691504153579;0.9999843573540501;0.9999316194266309;1.0002030782780282;1.0002217601956576;0.9999733000224281;0.9999816355944761;0.9999798197677873;1.0;0.9999394590952401;0.9999239884213224;0.9999527553390402;0.9999915227578572;0.9999402970731845;1.0;1.0;0.9999834680940792;0.9999747414989542;0.9999999999999999;0.9999902768762174;0.9999706707179646;0.9999777821639697;1.0;1.024999976158142;
2016-05-06 06:30:00;0.9999665434468717;0.9999999999999999;0.9999743247533017;0.9999672090802265;0.999991580197889;0.9999699969103778;1.0002297659939117;0.9999236938849243;1.0;1.0;0.9999744237817433;1.0;1.0000290539003127;0.9999508662416602;0.9998971698872172;0.9998985565571621;0.9998998049013207;0.999991214195911;1.0;0.9999789588710123;0.9999670786616566;0.9999830532000575;0.9998994510461884;1.0002154700913983;1.0002358840731982;0.9999701687276638;0.9999802253755036;0.9999741053786564;1.0;0.999939804682064;0.999922369879505;0.9999461547378554;0.9999941218657441;0.9999150562809104;1.0;1.0;0.9999212827324775;0.9999121438844641;1.0;0.9999932386031922;0.9999684459114885;0.9999751083124657;1.0;1.024999976158142;
2016-05-06 06:45:00;0.9999350388526719;1.0;0.999953941941408;0.9999352218385174;0.9999905417911047;0.9999411329803898;1.0002352956146978;0.9998397337764638;1.0;1.0;0.9999523790855049;0.9999999999999999;1.0000293799902502;0.9998992471671024;0.9997793543498079;0.9997806930157535;0.999783521948232;0.9999899444707426;0.9999999999999999;0.9999605609760291;0.9999361270688455;0.9999708713660629;0.9997827363490751;1.0002195567253418;1.0002425107755153;0.9999414694384091;0.9999650174963508;0.9999482899780204;1.0;0.9999283762599914;0.9999188037692066;0.9999422607905234;0.9999935929421975;0.9999050412747649;0.9999999999999999;1.0;0.9999260656013756;0.9999165455961955;1.0;0.9999925734674248;0.999938520187338;0.9999554456411355;1.0;1.024999976158142;
2016-05-06 07:00:00;0.9999193141531817;0.9999999999999999;0.999931941255731;0.9999183529233795;0.9999797281338632;0.9999232941314271;1.0002543039228275;0.9998079278585463;1.0;1.0;0.9999318584031613;1.0;1.000032204589629;0.9998770526078727;0.999748840878762;0.9997506885255729;0.9997534958685882;0.9999795046371751;1.0;0.9999461865367779;0.9999223400398419;0.9999516703022151;0.9997527421508984;1.0002375080252588;1.0002618468285838;0.9999278355207905;0.999945859711199;0.9999343383825642;1.0;0.9999074548557532;0.9998860461585931;0.9999264640960995;0.9999872100183225;0.9999000056404278;1.0;0.9999999999999999;0.9999164530272476;0.9999077270169456;1.0;0.9999848901020081;0.9999251217684572;0.9999330844214526;1.0;1.024999976158142;
2016-05-06 07:15:00;0.9998902519970851;1.0;0.9999077140754054;0.9998890261070934;0.9999728328633912;0.9998958234903992;1.0002693320071332;0.9997393452701547;1.0;0.9999999999999999;0.9999074099453963;1.0;1.0000338863065321;0.9998333181353519;0.9996592387333244;0.999661461442717;0.9996652558433181;0.9999724485192909;1.0;0.9999267766129004;0.9998939984539432;0.999934221430273;0.9996642313585024;1.0002509945683165;1.0002778021887837;0.9999015454727095;0.99992626582103;0.9999108808943097;1.0;0.9998907732459412;0.999847334077257;0.999911370176904;0.9999830892958609;0.9999092711444773;0.9999999999999999;1.0;0.9998858031409611;0.9998762835191081;0.9999999999999999;0.9999799479597001;0.9998977504321409;0.9999091826211968;1.0;1.024999976158142;
2016-05-06 07:30:00;0.9999018247666492;1.0;0.999915895553843;0.9999035914035351;0.9999654176204561;0.999909979058764;1.0002722195749054;0.9997855649764115;1.0;1.0;0.9999190802764862;1.0;1.0000342366685548;0.9998584794019614;0.9997205715810402;0.9997267128900594;0.999729850838798;0.9999648983648552;1.0;0.9999350377747414;0.9999057007908402;0.9999422646437395;0.9997289894738641;1.0002545476976423;1.0002800915148364;0.9999142917865707;0.9999351769468697;0.9999235062470915;1.0;0.9998890698310123;0.999837744438386;0.9999093058966642;0.999975435149804;0.9999188663116394;0.9999999999999999;1.0;0.9998779478728994;0.9998684283258341;1.0;0.9999718696965529;0.9999099043128463;0.9999181336778442;0.9999999999999999;1.024999976158142;
2016-05-06 07:45:00;0.9998661886727457;1.0;0.9998991424168666;0.9998769014368876;0.999940721627098;0.999890039100556;1.000287718707178;0.9997353091402339;0.9999999999999999;1.0;0.9999103668240735;0.9999999999999999;1.0000355170468465;0.9998166645759412;0.9996316437620449;0.9996523061645276;0.9996574701330444;0.9999394977035283;1.0;0.9999218020449351;0.999873223325744;0.9999470750545743;0.9996560267419629;1.0002690981311222;1.0002961152430314;0.9998906858175369;0.9999354025022376;0.999904375430173;1.0;0.9998838018736819;0.9998304919076104;0.999901580331008;0.9999486093788431;0.9998993545458007;1.0;1.0;0.9998783060563837;0.9998707553515415;0.9999999999999999;0.9999438194124939;0.9998816304360929;0.9999064394566709;0.9999999999999999;1.024999976158142;
2016-05-06 08:00:00;0.9999045266515816;1.0;0.9999235471288968;0.9999079975337746;0.9999666916585731;0.9999156265827865;1.0002830408834507;0.9997942019630822;1.0;1.0;0.9999271983634639;1.0;1.00003535850438;0.9998634850614209;0.9997241422409947;0.9997320168216796;0.9997354034875297;0.9999659120087254;0.9999999999999999;0.9999398656986835;0.9999079609124001;0.999951390830343;0.9997344584821358;1.0002647199663823;1.000291224270695;0.9999176438769749;0.9999437317166168;0.9999275104190942;1.0;0.9998778247408081;0.9998249156613592;0.9998999356441877;0.9999745385444978;0.9999041169584557;1.0;1.0;0.9998256126162052;0.9998164746425753;1.0;0.9999713618596267;0.9999125440685538;0.9999266088716058;1.0;1.024999976158142;
2016-05-06 08:15:00;0.9999477185903383;1.0;0.9999546375688803;0.9999495935364704;0.9999782982417029;0.9999530877451406;1.0002833398632576;0.9998920222538261;0.9999999999999999;1.0;0.999957323345561;1.0;1.0000359211263095;0.9999273035154973;0.9998598748369535;0.9998643025338444;0.999865868591897;0.9999779123316532;1.0;0.9999654762161327;0.9999497380089489;0.9999692741398334;0.9998654298156718;1.0002659490011185;1.0002906741641924;0.9999549376587127;0.9999654908175563;0.9999603624155411;1.0;0.9998652227681784;0.9997962884326365;0.999888152469472;0.9999840625563648;0.9999084373165253;1.0;0.9999999999999999;0.9998213350753721;0.9998126098951396;1.0;0.9999818989502266;0.9999522279163489;0.9999560733567485;0.9999999999999999;1.024999976158142;
2016-05-06 08:30:00;0.9999346265456648;1.0;0.999940032264292;0.9999371004500458;0.9999701916789558;0.9999408887460985;1.0003017958947669;0.9998716493530498;1.0;1.0;0.9999435039016709;0.9999999999999999;1.0000380069397214;0.9999128678180708;0.999839263989119;0.9998439712040635;0.9998455295180498;0.9999695131408027;0.9999999999999999;0.9999548752059992;0.9999361954300503;0.9999565625523688;0.9998450722628672;1.0002833502675188;1.00030959321542;0.9999427461373307;0.9999521426904412;0.9999509800172234;1.0;0.9997712221144447;0.9997463032320749;0.9998615476674301;0.9999793578567185;0.9998902449268812;1.0;1.0;0.999831581930865;0.9998236504998167;0.9999999999999999;0.9999762097230399;0.9999391687238793;0.9999412818477663;1.0;1.024999976158142;
2016-05-06 08:45:00;0.9999336275361839;1.0;0.9999428521132155;0.999935363096728;0.9999761580103047;0.9999397762477625;1.000290423202781;0.999860357066471;1.0;1.0;0.9999445526935316;1.0;1.0000364234606192;0.9999078838551599;0.9998202312583205;0.9998234116586868;0.999825303104738;0.9999754074338073;1.0;0.9999553970797559;0.999934619485129;0.999959067637367;0.9998247532212932;1.0002722700058921;1.0002982780113483;0.9999408721165103;0.9999541591496923;0.999949364199101;1.0;0.9998111431666945;0.9997837149552748;0.999880203095925;0.9999840268937925;0.999898736779989;1.0;0.9999999999999999;0.9998436610045149;0.9998349356294498;1.0;0.9999814320601669;0.9999373715813594;0.999943987305125;1.0;1.024999976158142;
2016-05-06 09:00:00;0.9999060282624291;1.0;0.9999001979174965;0.9999067398937794;0.9999519771222751;0.9999089215139635;1.0003130545810146;0.9998187505748859;0.9999999999999999;1.0;0.9999052019915173;1.0;1.000039648430473;0.9998765380166068;0.999792944776329;0.9997965416969103;0.9997977842299868;0.999951479373782;1.0;0.9999277778067028;0.9999087970663658;0.9999192674370512;0.9997974226681492;1.0002940598502592;1.0003209895448772;0.9999159131436187;0.9999147620471689;0.9999266788251341;1.0;0.9998060788241291;0.9997802284712307;0.9998778834748913;0.9999704040545612;0.9998970712945628;1.0;1.0;0.9998197904156084;0.9998106524951911;1.0;0.999964810131708;0.9999122033696882;0.9999000995964824;1.0;1.024999976158142;
2016-05-06 09:15:00;0.999844448516901;1.0;0.9998347470867492;0.9998473010166689;0.9999204480525659;0.9998513930246385;1.0003229748140154;0.9997166953974326;1.0;1.0;0.9998414851510702;1.0;1.0000393683587603;0.9998069427724191;0.9996852354742121;0.999687976550316;0.9996893462385662;0.9999184199426352;1.0;0.9998785317038089;0.9998439057683663;0.9998614183498419;0.9996888439732282;1.0003032214206729;1.0003315696403725;0.9998569766476181;0.9998535609823711;0.999882095412353;1.0;0.9998009147021476;0.9997728409156347;0.999873006424597;0.9999539294226231;0.9998892931387995;1.0;1.0;0.999814481077072;0.9998041683110692;1.0;0.9999442407372032;0.9998492198855812;0.9998333645052891;1.0;1.024999976158142;
2016-05-06 09:30:00;0.9999135178869611;1.0;0.9999210221904085;0.9999208859716565;0.9999572666243453;0.9999270589927495;1.0003083167102063;0.9998651878436202;1.0;1.0;0.9999239228869324;1.0;1.0000363773220344;0.9999068626629424;0.9998427457195542;0.9998448480692846;0.9998456869380326;0.9999540970583486;1.0;0.9999376684861865;0.9999065804091738;0.999935304500736;0.9998452441810495;1.0002897332994074;1.0003165205986675;0.9999183733485468;0.9999285881304578;0.9999424816073859;0.9999999999999999;0.9998060156424285;0.9997787475923162;0.9998793336775468;0.99997468120317;0.9999061119103901;1.0;1.0;0.9997919022421458;0.999782764576614;1.0;0.9999695570443515;0.9999102947260234;0.9999209757153112;1.0;1.024999976158142;
2016-05-06 09:45:00;0.9999104203368065;1.0;0.9999120195948432;0.9999135623402202;0.9999574560412193;0.9999176512901882;1.000326252585114;0.9998356620330882;1.0;1.0;0.9999154319630025;0.9999999999999999;1.0000402448361907;0.99988862531863;0.9998074990446445;0.9998100593472428;0.9998113066607446;0.9999558766094274;1.0;0.999933649360535;0.9999091432184218;0.9999289925391024;0.9998108680100495;1.0003063743394454;1.000334785112484;0.9999179450354466;0.9999234295250874;0.9999337716305122;1.0;0.9997287773369199;0.9997296833412985;0.9998456591582477;0.999974362599296;0.9998558547168781;1.0;1.0;0.9998015835106827;0.9997920646906603;0.9999999999999999;0.9999693228730586;0.9999125673827205;0.9999120168412966;0.9999999999999999;1.024999976158142;
2016-05-06 10:00:00;0.9999463505289522;1.0;0.9999525999345295;0.9999504590209051;0.999974656508526;0.9999544558044772;1.0003157848267017;0.99990888390861;1.0;1.0;0.9999547923463111;1.0;1.0000389498838576;0.999937467179885;0.9998881907297523;0.9998908083430859;0.9998917053121089;0.9999730985218936;1.0;0.9999628096885963;0.9999438697058356;0.9999636569989696;0.9998913602622659;1.0002967717326987;1.0003238597472888;0.9999508462574481;0.9999594386318372;0.9999631849632082;1.0;0.9997428504446073;0.9997410043461535;0.9998586362831612;0.9999837232511478;0.9998908960431435;1.0;0.9999999999999999;0.9997850296037452;0.9997758920010263;1.0;0.9999808645834504;0.9999463380059446;0.9999531772010705;1.0;1.024999976158142;
2016-05-06 10:15:00;0.9998787255643298;0.9999999999999999;0.9999010155424347;0.9998918247199542;0.9999289181101972;0.9999029915971427;1.0003449805572298;0.999791366195179;1.0;1.0;0.9999161388367381;0.9999999999999999;1.0000428977679818;0.9998472561233166;0.9997167534458303;0.999740041670363;0.9997438685174584;0.9999275716152203;1.0;0.9999268555063395;0.9998854102540515;0.9999459696338826;0.9997427680499873;1.0003241646521372;1.0003537732638197;0.9999032712318178;0.9999360899121775;0.9999174879521252;1.0;0.9997311769422296;0.999697762856005;0.9998332815214245;0.9999397436777709;0.9998637036904368;1.0;1.0;0.9997960853452397;0.9997865665775638;1.0;0.9999338050865226;0.9998939218865022;0.9999081263978536;0.9999999999999999;1.024999976158142;
2016-05-06 10:30:00;0.9999052657466087;1.0;0.9999192419370838;0.9999127364768411;0.9999495954255877;0.9999202061601451;1.0003361690599757;0.9998258708652904;1.0;1.0;0.999928492995134;1.0;1.000042185450399;0.9998766223915123;0.9997703172012322;0.999784376010005;0.9997871749199373;0.999948682436304;0.9999999999999999;0.9999399688539788;0.9999098274246626;0.9999505270464292;0.9997863750821091;1.0003157168213628;1.000344804170676;0.9999219223333063;0.9999433232298368;0.9999326178672245;1.0;0.9997124765498416;0.9996773763656116;0.9998220262929015;0.9999595231403205;0.9998538002472366;0.9999999999999999;1.0;0.9998089149258911;0.9997993960360684;1.0;0.9999549911844537;0.9999155964464685;0.9999234781212113;0.9999999999999999;1.024999976158142;
2016-05-06 10:45:00;0.9999287055821786;0.9999999999999999;0.9999368367249283;0.9999337519608099;0.9999655188499911;0.9999388920444299;1.0003300511690878;0.9998743490402504;1.0;1.0;0.9999407062662301;1.0;1.000040739789244;0.9999132960729236;0.9998432993247247;0.9998483948591896;0.9998498224932812;0.99996393023332;1.0;0.9999513154412987;0.9999275008535468;0.9999537118023551;0.9998493357895923;1.0003100642036657;1.0003385799170346;0.9999363881418711;0.9999482957291745;0.999950018482964;1.0;0.9997091489166402;0.9996939606885764;0.9998270173197151;0.999976451385852;0.9998445700760263;1.0;0.9999999999999999;0.9998047754468967;0.9997956376637097;1.0;0.9999727616053865;0.9999309740025905;0.9999381398952626;1.0;1.024999976158142;
2016-05-06 11:00:00;0.9999099356506962;1.0;0.9999215337719474;0.99991803180708;0.9999564140941137;0.9999252464133767;1.0003331184270956;0.999854579677662;0.9999999999999999;1.0;0.9999253616202398;1.0;1.0000397026651333;0.9998993082176894;0.9998221268760842;0.9998265957348865;0.9998279626080251;0.9999534053720264;1.0;0.9999378367047809;0.9999044008718838;0.9999396486364789;0.9998273923205373;1.000312927090671;1.0003419989415532;0.9999169774439133;0.9999322948063557;0.9999399653014527;0.9999999999999999;0.99971642743508;0.999718896408342;0.9998404507576114;0.9999720427752185;0.9998552766581011;1.0;1.0;0.9997733276861661;0.9997638091351593;0.9999999999999999;0.9999671207016265;0.9999086749497018;0.9999224832008456;0.9999999999999999;1.024999976158142;
2016-05-06 11:15:00;0.9998753112593729;1.0;0.9998771087085381;0.9998828112085457;0.9999351951707419;0.9998891907743406;1.0003493152615093;0.9997965551838095;1.0;0.9999999999999999;0.9998825690117766;0.9999999999999999;1.0000415038358637;0.9998590951496686;0.9997703672387932;0.9997736589074085;0.999774684764378;0.9999318907651741;1.0;0.9999065574509326;0.9998695270866813;0.9998983007013088;0.9997741834068499;1.0003282936837208;1.0003585296692066;0.9998839593649098;0.9998902078667828;0.999912701106867;1.0;0.9997276696955857;0.9997102879248491;0.9998331761816328;0.9999615025037356;0.9998403851104559;1.0;1.0;0.9997656109427085;0.9997564735174681;1.0;0.9999537472562195;0.999874522515179;0.9998766274851042;1.0;1.024999976158142;
2016-05-06 11:30:00;0.9998497995621826;1.0;0.9998626609640066;0.999860969023494;0.9999202850450166;0.9998710442585826;1.0003547584765584;0.9997443705095727;1.0;1.0;0.9998736520872472;1.0;1.0000426287640523;0.9998198748149293;0.999685853639372;0.999699351622661;0.9997021227556505;0.9999174388302884;1.0;0.9998964043916212;0.9998494809396148;0.9999004283850825;0.9997011947038333;1.000333167973554;1.0003642226039962;0.9998682167036927;0.9998897382023885;0.9998950454718365;1.0;0.9997352533652407;0.9997115793850053;0.9998336437553539;0.9999439937031904;0.9998394485533469;1.0;1.0;0.9997783381438283;0.9997684068072173;1.0;0.9999356853966652;0.999857177482353;0.9998657908153981;0.9999999999999999;1.024999976158142;
2016-05-06 11:45:00;0.9998084666407384;1.0;0.9998535881142426;0.9998333627890642;0.9998967196828841;0.9998541336400915;1.0003697694580844;0.9996970886450821;1.0;0.9999999999999999;0.9998720022842723;1.0;1.000042224632817;0.999779737446932;0.9995878981838361;0.9996170958750491;0.9996223515335202;0.9998915833131434;1.0;0.9998847368588283;0.9998065611190531;0.9999149637599941;0.9996206097871532;1.0003470418191378;1.0003802169366145;0.9998383052945827;0.9998971788792927;0.9998778498681887;1.0;0.9997028620380194;0.9996903607175027;0.9998234929291813;0.9999167099265449;0.9998366790858152;0.9999999999999999;1.0;0.9997907535153031;0.999782028601948;1.0;0.9999074728088102;0.9998193758307142;0.9998627621879972;1.0;1.024999976158142;
2016-05-06 12:00:00;0.9997068974438297;1.0;0.999770810580057;0.9997463893080726;0.999824341194436;0.9997772942525475;1.0003778116093378;0.9995420284753894;1.0;1.0;0.9998077997074165;1.0;1.0000426602430925;0.9996576040598572;0.9993718702839786;0.999428535643923;0.9994371030764599;0.9998185479983571;1.0;0.9998261946799609;0.9997141207849002;0.99987721634513;0.9994344446811361;1.0003549186933665;1.000388318317316;0.9997628287693274;0.9998512460163085;0.9998121887242685;1.0;0.9997055728907045;0.9997090235517887;0.9998372609142274;0.9998517962781884;0.9998585415300073;1.0;1.0;0.9998751074598289;0.9998667629059068;1.0;0.9998370339240663;0.9997354834902474;0.999788063954246;0.9999999999999999;1.024999976158142;
2016-05-06 12:15:00;0.9998265497724523;1.0;0.9998535832412708;0.9998458610190625;0.999892086070622;0.9998610297510717;1.0003488238950617;0.9997132473775795;1.0;1.0;0.9998769176921379;1.0;1.0000429345778046;0.9997866592143116;0.9996170120417366;0.9996512249060543;0.9996562249475824;0.999890235628879;1.0;0.9998932783479414;0.9998364152145093;0.9999176707065295;0.9996547807298507;1.000328007882385;1.0003576162452537;0.9998621067154279;0.9999041527168692;0.999882889217961;0.9999999999999999;0.9997050875955479;0.9997171397193294;0.9998431090514383;0.9999095482874695;0.9998680154495748;0.9999999999999999;1.0;0.9999008563680089;0.9998917177066835;0.9999999999999999;0.9999003887204129;0.9998486993821384;0.9998635378640851;0.9999999999999999;1.024999976158142;
2016-05-06 12:30:00;0.9998345508789608;1.0;0.9998561879972769;0.9998498893763308;0.9999056059170514;0.9998629710632934;1.0003502658952534;0.9997188773241598;0.9999999999999999;1.0;0.9998735109031489;0.9999999999999999;1.0000426199326946;0.9997968324860159;0.9996363554309892;0.9996608500785362;0.999664993663348;0.9999033004373021;1.0;0.9998931860432815;0.9998398233525495;0.9999087993467445;0.999663742708183;1.0003290373511642;1.000359446978784;0.9998623929386272;0.9998963150524685;0.9998860299284137;1.0;0.9996908231431728;0.9997000987893249;0.9998236027516473;0.99992586727166;0.9998166483321729;1.0;0.9999999999999999;0.9999033001873208;0.9998949553981137;0.9999999999999999;0.9999171437043994;0.9998500435378971;0.999863039677565;1.0;1.024999976158142;
2016-05-06 12:45:00;0.9998585360149643;1.0;0.999882036947213;0.9998716863600746;0.9999238152911184;0.9998838415255398;1.0003510953622736;0.9997517116424112;1.0;1.0;0.9998959692078334;1.0;1.0000429906744701;0.9998225452388184;0.9996712720702828;0.9996923741802703;0.9996963837885714;0.9999218055183383;1.0;0.9999111587526697;0.9998630809096518;0.9999281977737808;0.9996951887822291;1.000329588777208;1.0003604310738188;0.9998825714678472;0.9999169067906453;0.9999023258447024;1.0;0.9996709225945745;0.9996619690793945;0.9997939046427806;0.9999389499797294;0.9997615971713357;1.0;1.0;0.9999003980692353;0.9998912594120988;1.0;0.9999320823374342;0.9998719083180337;0.9998883812351999;0.9999999999999999;1.024999976158142;
2016-05-06 13:00:00;0.9999167410792099;1.0;0.999930636550965;0.9999240622733742;0.9999608701512913;0.9999312488039094;1.0003271648627265;0.9998566458682884;0.9999999999999999;1.0;0.9999350888798121;1.0;1.0000397021779621;0.9999008333063275;0.9998161809620688;0.9998228129112577;0.9998246593160526;0.9999586289644827;1.0;0.9999452340053808;0.9999142364854602;0.9999511372719982;0.999824016772071;1.0003072043930858;1.0003358655052585;0.9999257238303643;0.9999441416966782;0.9999434311809348;1.0;0.9996772436862099;0.9996782441626723;0.9998052276584033;0.9999725017884837;0.9997795374513789;1.0;1.0;0.9999024514639275;0.9998933127880238;1.0;0.9999684244427629;0.9999185696752316;0.9999325954295148;1.0;1.024999976158142;
2016-05-06 13:15:00;0.9999244247012075;1.0;0.999931284898341;0.9999297857835315;0.999961269203859;0.9999348813030641;1.0003231182512333;0.9998689235740251;1.0;1.0;0.9999360525721265;1.0;1.0000398887428577;0.9999086735238677;0.9998385806556118;0.9998445127483313;0.9998459234533649;0.9999597020659313;1.0;0.9999477882714343;0.999923660806001;0.9999494258101774;0.999845442706068;1.0003036359909372;1.0003314008893216;0.9999330191469964;0.9999439296419739;0.9999469557216211;1.0;0.999684025595968;0.999687180039377;0.9998183441292392;0.9999733561934433;0.9998188252090794;0.9999999999999999;1.0;0.9999019931758318;0.9998928545041167;1.0;0.9999692394162261;0.9999274035735348;0.9999326839568682;1.0;1.024999976158142;
2016-05-06 13:30:00;0.9999128087760875;0.9999999999999999;0.9999142011690881;0.9999177142369415;0.9999523051220399;0.9999220441959706;1.0003246487161455;0.9998504441976904;1.0;0.9999999999999999;0.9999199708520227;1.0;1.00004014315518;0.9998952928505583;0.999825005234184;0.9998307495699014;0.9998319282855638;0.9999507762546179;0.9999999999999999;0.9999364158670732;0.9999124723966022;0.9999333178940801;0.9998315112110454;1.0003052193897566;1.0003328420543736;0.9999222094029413;0.9999278699670129;0.9999374456455384;1.0;0.9996876930694324;0.9997028975891996;0.9998316370299328;0.9999686212276864;0.9998461778815019;1.0;1.0;0.9999018523848716;0.9998931265019855;1.0;0.9999633475455066;0.9999164415287355;0.9999150393820584;1.0;1.024999976158142;
2016-05-06 13:45:00;0.9999214541874415;1.0;0.9999294163630521;0.9999263861440391;0.9999628444544496;0.9999317192731522;1.000322911742478;0.9998593176889269;1.0;1.0;0.9999332742483552;1.0;1.0000397358125663;0.9999035473395128;0.999825955891845;0.9998308191377233;0.999832345468954;0.9999611762005479;0.9999999999999999;0.9999456769035454;0.9999201775765432;0.9999473370825956;0.9998318272366754;1.0003032567960282;1.0003313610166407;0.9999295194501497;0.999941535294007;0.9999442382988135;1.0;0.9996792786855119;0.999700439926897;0.9998262365609126;0.9999751988947755;0.9998282963349476;1.0;0.9999999999999999;0.9999012417492741;0.9998917219804346;1.0;0.9999711413201322;0.99992382729931;0.9999305867635526;1.0;1.024999976158142;
2016-05-06 14:00:00;0.9998776189396988;1.0;0.9998916674436926;0.9998822096019288;0.9999500452791568;0.9998901032183424;1.0003364605621965;0.9997569873493436;1.0;1.0;0.9998963061013425;0.9999999999999999;1.0000413957087266;0.9998371240396974;0.9996925557515026;0.9996993582103225;0.9997023905994185;0.9999484168668418;1.0;0.9999164180097577;0.9998787311599137;0.9999211941303994;0.9997014792361923;1.00031513146415;1.0003459465440392;0.9998910819583954;0.999912394027577;0.999908651019856;1.0;0.9996795884856577;0.9996928816342069;0.9998149233103469;0.9999664056261365;0.9997938623539553;0.9999999999999999;1.0;0.9999068257744996;0.9998988937465594;1.0;0.999960986965693;0.9998840260696119;0.9998936494577567;1.0;1.024999976158142;
2016-05-06 14:15:00;0.9998862106497978;0.9999999999999999;0.9999110387659336;0.9998903137620109;0.9999655773129907;0.9998998981057321;1.0003343636064532;0.9997556332886076;1.0;0.9999999999999999;0.9999128611539907;1.0;1.0000410415743906;0.9998403036627299;0.9996735062020691;0.9996794024947502;0.9996832561558348;0.9999639580475486;0.9999999999999999;0.999927751897037;0.9998869722691023;0.9999405845745213;0.999682129528204;1.0003124957679252;1.0003443455231145;0.9998986791920979;0.9999310010515657;0.9999144604681495;1.0;0.9996844280352658;0.9996884073505601;0.9998120430915037;0.9999757519086289;0.9997915676479423;1.0;0.9999999999999999;0.9999267171077896;0.9999183721231543;1.0;0.999972173270292;0.9998919425160288;0.9999137443448668;1.0;1.024999976158142;
2016-05-06 14:30:00;0.9998315850875991;1.0;0.9998801756741361;0.999835267401489;0.9999673077760769;0.9998512383456521;1.0003235731884201;0.9996066097166316;1.0;1.0;0.9998784898558396;1.0;1.0000388277839911;0.9997494289407377;0.9994587588154058;0.9994647109084059;0.9994716288794895;0.9999651569810999;1.0;0.999897945008565;0.9998329353368355;0.999924811910492;0.9994696594292272;1.0003001889842384;1.0003351780318652;0.9998489376551837;0.9999094157150739;0.9998701373797191;1.0;0.9996962361039832;0.9996955911704075;0.9998226817083353;0.9999766428383103;0.9998200659530568;1.0;1.0;0.999942255746851;0.9999339106325364;1.0;0.99997329137773;0.9998397846471941;0.9998844967382804;1.0;1.024999976158142;
2016-05-06 14:45:00;0.9998778131391642;1.0;0.9999100776609923;0.9998827000518911;0.999968901721877;0.9998942376838352;1.0003172962379616;0.9997347391832037;1.0;1.0;0.9999102223816038;1.0;1.000038178611257;0.9998286399869609;0.9996400221833528;0.9996449166049101;0.9996492984161305;0.999966678865985;0.9999999999999999;0.9999243228433745;0.9998766318582952;0.9999409875856152;0.9996479906359218;1.0002959621941807;1.0003273762602132;0.9998897448003538;0.9999298802545664;0.9999090780115327;1.0;0.9996962425635411;0.9996894335256105;0.9998267044736244;0.9999784937940664;0.9998490969677546;1.0;1.0;0.999944547400885;0.9999362022674451;1.0;0.9999752032188489;0.9998818590400683;0.9999129404748271;1.0;1.024999976158142;
2016-05-06 15:00:00;0.9998193755723378;0.9999999999999999;0.9998711632948617;0.9998224308859932;0.9999674657174404;0.9998393135695953;1.000318649436254;0.9995738088216186;1.0;1.0;0.9998683944598143;1.0;1.0000380307328072;0.9997296783105427;0.9994149582513189;0.9994199689549457;0.9994273817593258;0.9999652106520897;1.0;0.9998899468920268;0.9998206086374005;0.9999179599780892;0.9994252749184114;1.000295114829154;1.000330521636299;0.9998371618810835;0.9999015366846633;0.9998597886169023;1.0;0.9997073716101172;0.9997156618912445;0.9998406769446014;0.999977593941345;0.9998588916680499;1.0;1.0;0.9999438634644707;0.9999343432898424;1.0;0.9999741390104159;0.999827663810325;0.9998754114449586;1.0;1.024999976158142;
2016-05-06 15:15:00;0.9998244904229763;1.0;0.9998756928785242;0.9998295839623323;0.9999654614809292;0.9998466839208622;1.0003214583431486;0.9996003580995978;1.0;1.0;0.999873271291731;0.9999999999999999;1.0000377413912576;0.9997455510867289;0.9994518976814736;0.9994567400356893;0.9994636014093347;0.9999625048519567;1.0;0.9998930097851552;0.9998230414757739;0.9999198804047974;0.9994615903654853;1.0002981271705425;1.0003332210115754;0.9998406839266843;0.999903508599015;0.9998669411751563;1.0;0.9996943240574588;0.9997033902737739;0.999833885355151;0.9999766505896244;0.9998534839253463;0.9999999999999999;1.0;0.9999405876152134;0.999931861394295;0.9999999999999999;0.999972920666511;0.9998301000528963;0.9998796834904473;1.0;1.024999976158142;
2016-05-06 15:30:00;0.999727256323308;1.0;0.9997999987003072;0.9997433666704281;0.9999080409582545;0.9997701844489187;1.0003513770897685;0.999428811699252;1.0;1.0;0.9998118538404078;1.0;1.0000411830038727;0.9996185280859635;0.9992104091704902;0.9992379645650353;0.9992485032300824;0.9999047337494701;1.0;0.9998377182452465;0.9997346469099981;0.9998857092170678;0.9992455009063457;1.000325872338073;1.0003642512114466;0.999766736427962;0.999861278424525;0.999800445847986;1.0;0.9996985146408609;0.999710953449256;0.9998311698928579;0.9999243917589807;0.9998268649682545;1.0;1.0;0.9999438506430508;0.999935505515426;0.9999999999999999;0.9999163748456573;0.9997491667574944;0.9998111576638686;1.0;1.024999976158142;
2016-05-06 15:45:00;0.999831498165137;1.0;0.9998787183873226;0.999841862229945;0.9999489354364078;0.9998590756420535;1.000327936218292;0.9996516319203153;1.0;1.0;0.9998823320661084;1.0;1.000038359177559;0.9997705954766145;0.9995212380286239;0.99953300363578;0.9995391018330096;0.9999455987451922;1.0;0.9998984151944473;0.9998303242857739;0.99992547042724;0.9995372647695346;1.0003054261559352;1.000338927149335;0.9998508383297965;0.9999096483590661;0.999878611895211;1.0;0.9997018551988605;0.999707940666777;0.9998187974169929;0.999961258021961;0.9997794333953999;1.0;1.0;0.9999459223925514;0.9999375772476367;1.0;0.9999563444604626;0.9998386131937755;0.9998841290167808;1.0;1.024999976158142;
2016-05-06 16:00:00;0.9998477681817299;0.9999999999999999;0.9998914184655489;0.9998650083068648;0.9999451949354331;0.9998827877688103;1.0003191504745852;0.9997480763883395;1.0;1.0;0.9998929335836981;0.9999999999999999;1.0000338394394594;0.9998312240895966;0.9996642353727486;0.9996696258874713;0.9996731205019693;0.9999382992345538;1.0;0.9999045942016249;0.9998319164523599;0.9999222361766494;0.9996717184034618;1.000298375515444;1.00032958261056;0.9998564107393281;0.9999063490154242;0.9999036087291321;1.0;0.999702737137363;0.9997156671374356;0.9998350558748774;0.9999650545051771;0.9998349325616043;1.0;1.0;0.9999468390586125;0.9999384939060474;0.9999999999999999;0.9999588359930107;0.9998393829937738;0.999893963040918;1.0;1.024999976158142;
2016-05-06 16:15:00;0.9997152366157717;1.0;0.9998021303847555;0.9997391770013493;0.9999120626510616;0.9997712919102805;1.0003478701316333;0.9994535912252885;1.0;1.0;0.9998065546694014;1.0;1.0000355073262024;0.9996387804644902;0.9992483406082456;0.9992651198551902;0.9992744221767951;0.9999035525020192;0.9999999999999999;0.9998287903158971;0.9997024637051778;0.9998747407311418;0.9992713803016158;1.0003224040516934;1.0003617585495288;0.9997419816805458;0.9998461306684816;0.9998052495498692;0.9999999999999999;0.9997116746292439;0.9997233129156391;0.9998349646109715;0.9999364746989917;0.9998202709380851;1.0;1.0;0.9999435050594249;0.999935159934684;1.0;0.9999275581768015;0.9997166631478526;0.999810189803413;1.0;1.024999976158142;
2016-05-06 16:30:00;0.9997546946339609;1.0;0.9998238516124275;0.9997784833592485;0.999910217466558;0.9998057403075911;1.000344351471436;0.9995573827499097;1.0;0.9999999999999999;0.9998314008920296;1.0;1.0000360055965105;0.9997015951021693;0.9993974619125668;0.9994151689397632;0.9994224052673238;0.9999024473495824;1.0;0.9998505939796573;0.999742979436322;0.9998868939936232;0.9994199583085973;1.000320637214513;1.0003567428914117;0.9997790165319065;0.9998626702953631;0.9998363193519636;1.0;0.9997062160662503;0.9997195044043796;0.9998318328988756;0.9999346181337064;0.9998140081312468;1.0;1.0;0.9999431034701319;0.999935171154409;1.0;0.9999255888665788;0.9997559178335059;0.9998310539770386;1.0;1.024999976158142;
2016-05-06 16:45:00;0.9998944030978676;1.0;0.9999188621418257;0.9999050440073429;0.9999569959776561;0.9999158838428339;1.000313717376186;0.999821521777885;1.0;1.0;0.9999218573740523;0.9999999999999999;1.000036237386361;0.9998788085454695;0.99976648043089;0.9997721450107003;0.9997745273305223;0.9999530894836383;1.0;0.9999322348063142;0.9998868829030539;0.9999421592054677;0.9997736271603771;1.0002940728233263;1.0003227998808168;0.9999027111819581;0.9999321201380332;0.999930817955366;1.0;0.9997000603585675;0.9997166961766907;0.9998335737888774;0.9999712654964757;0.9998273546972454;1.0;1.0;0.9999422359943081;0.9999338908801584;1.0;0.9999665729973025;0.9998921701698567;0.9999209003372027;1.0;1.024999976158142;
2016-05-06 17:00:00;0.9998921726140116;1.0;0.9999179188810314;0.9999010071611062;0.9999624163633734;0.9999117787170817;1.0003044142509656;0.9998041580875383;1.0;0.9999999999999999;0.9999190374245359;1.0;1.000035177607455;0.9998701841991017;0.9997427505026936;0.9997463189073974;0.9997489807890715;0.9999586997746421;0.9999999999999999;0.9999305975643366;0.9998848374949497;0.999940620853821;0.999748020444091;1.0002849211533111;1.0003135702833175;0.9998996500376405;0.9999304332366302;0.999926880654065;1.0;0.9997205146468046;0.9997333514889578;0.9998452903452822;0.9999761553070586;0.9998447770565514;1.0;1.0;0.9999433417258272;0.9999338215561662;1.0;0.9999718734248706;0.9998897342445727;0.9999195501775657;1.0;1.024999976158142;
2016-05-06 17:15:00;0.9999088938220971;1.0;0.9999328621509433;0.9999153188907101;0.9999716403374587;0.999924573260222;1.0002985718690975;0.9998226189442092;1.0;1.0;0.999933575885276;1.0;1.0000354828984406;0.9998835969830321;0.99976179773824;0.999765467965453;0.9997681905606876;0.9999689839051674;0.9999999999999999;0.9999429495191067;0.9999045938042702;0.9999539879421014;0.9997672885704895;1.0002793949767066;1.000307417935642;0.999916400071848;0.9999453073380729;0.9999363689371485;1.0;0.999707419162658;0.9997282350265033;0.9998440334700878;0.9999811098403629;0.9998489438434361;0.9999999999999999;1.0;0.9999437872321757;0.99993544210508;0.9999999999999999;0.9999780068780486;0.9999087568436908;0.9999347347655179;1.0;1.024999976158142;
2016-05-06 17:30:00;0.999913074035837;1.0;0.9999357601758726;0.9999179588098269;0.9999752412501907;0.9999264534173077;1.000294411061198;0.9998220815468088;1.0;1.0;0.9999360233959602;1.0;1.0000354382426828;0.9998842667315347;0.999760414083738;0.9997636197981644;0.9997664154096597;0.9999730888460341;1.0;0.9999456184315727;0.9999102120233957;0.9999563674027281;0.9997655295577057;1.0002753846010657;1.000303144246576;0.9999205897912063;0.9999482658554315;0.9999374940386648;1.0;0.9997306740296181;0.9997381365523684;0.9998458392219058;0.9999835049020628;0.9998373865865292;1.0;1.0;0.9999476655303036;0.999939733178391;1.0;0.9999807966893444;0.9999140250502266;0.9999375578320732;1.0;1.024999976158142;
2016-05-06 17:45:00;0.9999128397103507;1.0;0.9999344073295565;0.9999180835577003;0.9999747840618249;0.9999264943018298;1.0002956934126674;0.9998276589043139;1.0;1.0;0.9999339922572128;1.0;1.0000351757534096;0.9998881524693407;0.9997716307290303;0.9997732842378396;0.9997757502952992;0.9999721952257176;1.0;0.9999441239718116;0.9999080215460361;0.9999527265143642;0.9997749204858106;1.0002766716531228;1.0003044704365829;0.9999187234698316;0.9999445926682891;0.9999383240621296;1.0;0.9997004607247912;0.9997228636026052;0.999838100591092;0.9999846772731389;0.9998334220489429;1.0;0.9999999999999999;0.9999503745621381;0.9999424421887354;1.0;0.9999817086404903;0.9999116451003742;0.9999355831285875;1.0;1.024999976158142;
2016-05-06 18:00:00;0.9999170987518351;1.0;0.9999381172756282;0.9999250825750223;0.9999696320133633;0.9999338791765313;1.00029404821053;0.9998556251577487;1.0;1.0;0.9999393219141667;1.0;1.000034434908046;0.9999034980968604;0.999809373997661;0.9998126592937213;0.9998146430695176;0.9999664456227626;1.0;0.9999472256662277;0.9999104974020682;0.9999556513244103;0.9998138981506348;1.0002756160940405;1.0003024890251004;0.9999227697131375;0.9999475289078146;0.9999453702895705;1.0;0.9997213239849957;0.9997298220910068;0.9998375506351455;0.9999803578517531;0.9998169949963823;1.0;1.0;0.9999534797434352;0.9999447534100108;1.0;0.9999769524596099;0.9999144699856324;0.9999395383891821;1.0;1.024999976158142;
2016-05-06 18:15:00;0.9999392494989622;1.0;0.999952233296695;0.9999449980852383;0.9999751975525818;0.9999509381643524;1.000299415059872;0.9998964647913805;1.0;1.0;0.9999537736576996;1.0;1.0000361520197847;0.9999299485834716;0.9998660944950848;0.9998688964041142;0.9998702003406001;0.9999729822909511;1.0;0.9999603837258892;0.999934924000786;0.999965084932509;0.9998697022223629;1.0002810990965427;1.0003074456060033;0.9999437694869896;0.9999594499995874;0.9999597863965203;1.0;0.9997004426827258;0.9997063443749127;0.9998246333451157;0.9999838473492304;0.9998068082912374;1.0;1.0;0.9999579598366266;0.9999500274030518;1.0;0.9999810819697607;0.9999378553301485;0.9999532139939717;1.0;1.024999976158142;
2016-05-06 18:30:00;0.9998886724486916;0.9999999999999999;0.9998837307804131;0.9998930116655036;0.999940833174736;0.9998968912760939;1.0003148554216124;0.9998108781304338;0.9999999999999999;1.0;0.999888541050842;1.0;1.0000380567439489;0.9998698236169262;0.9997925354098566;0.9997944022161522;0.9997951112729179;0.9999384969703783;1.0;0.9999135273168767;0.9998853075273253;0.9999015002191155;0.9997947610740389;1.0002959541048726;1.0003230038621154;0.9998964248473821;0.9998952639440218;0.9999189915576168;1.0;0.999713096184853;0.9997174174167421;0.999825789222054;0.9999658963399545;0.9997907105752115;1.0;1.0;0.9999577339800886;0.999949388736599;1.0;0.9999586668338714;0.9998893384119842;0.9998826872283814;1.0;1.024999976158142;
2016-05-06 18:45:00;0.9999082945527183;1.0;0.9999202421028793;0.9999154929593661;0.9999582669466278;0.9999226270975837;1.000298464525364;0.9998448048998889;1.0;0.9999999999999999;0.9999234146769945;0.9999999999999999;1.0000353879044326;0.9998940090400669;0.9998089423816958;0.9998127302147402;0.9998142592990216;0.9999554175008527;1.0;0.9999366513148829;0.9999031991413502;0.9999385152118737;0.9998136575362904;1.0002801395748222;1.0003066433759884;0.999915289804131;0.9999311101312962;0.999937497002248;1.0;0.9997235258842538;0.9997463593451947;0.9998443236598525;0.9999736743189432;0.9998146679059239;1.0;1.0;0.9999581193978389;0.9999493930239253;1.0;0.9999688992997788;0.9999073445953701;0.9999210796078808;1.0;1.024999976158142;
2016-05-06 19:00:00;0.9999242903692432;1.0;0.9999360680274091;0.9999308028980495;0.9999658695443742;0.9999371906075661;1.0002933028786836;0.9998723974784248;0.9999999999999999;1.0;0.9999387414008748;1.0;1.0000351095021367;0.9999127650874813;0.9998402478478349;0.9998438862803203;0.9998452676426586;0.9999633923187563;1.0;0.9999487411710708;0.999919851180132;0.9999517562644927;0.99984473080624;1.000275373289735;1.0003012159253943;0.9999302883148158;0.9999453515699629;0.9999490242655972;1.0;0.9997325234431235;0.9997501168720326;0.999840804726233;0.9999779717745468;0.9997923838738894;1.0;0.9999999999999999;0.9999590877351877;0.9999507424804003;1.0;0.9999741379977145;0.9999234224003045;0.9999370388664304;1.0;1.024999976158142;
2016-05-06 19:15:00;0.9999151865889119;1.0;0.999931098335472;0.9999229650155952;0.9999634944412839;0.9999307617107912;1.0002866374039503;0.9998566725861757;1.0;1.0;0.9999337533741639;1.0;1.0000337666630141;0.9999024089194817;0.999817246461732;0.99982138410972;0.9998230802845798;0.9999605530109807;1.0;0.9999437860072683;0.9999096844747412;0.9999490123348851;0.9998224281449413;1.000268928596684;1.0002946210708261;0.9999217842581883;0.9999414617131215;0.9999435081259214;1.0;0.9997396071438599;0.9997652166168445;0.9998516742670996;0.9999762108350325;0.9998095855285709;0.9999999999999999;1.0;0.9999604005947242;0.99995205532898;1.0;0.9999721431027543;0.9999137652663751;0.9999323760781789;1.0;1.024999976158142;
2016-05-06 19:30:00;0.9999355292640925;0.9999999999999999;0.9999492523620358;0.9999427880382074;0.9999706551558499;0.9999493431917091;1.000296046719922;0.9998976204405619;1.0;1.0;0.9999517971906859;1.0;1.0000354077581692;0.9999291567115867;0.9998679921977344;0.9998720222870354;0.9998732855905126;0.9999681074529269;1.0;0.9999581608995547;0.9999305444403263;0.9999633528186445;0.9998727748462255;1.000278074682917;1.000303938865464;0.9999407159136738;0.9999572797840899;0.9999587851970216;1.0;0.9997116254510057;0.9997369424022503;0.9998355131967575;0.9999802431181466;0.9997951850781766;0.9999999999999999;1.0;0.9999610482389264;0.9999531157808521;1.0;0.9999770620738601;0.9999339142296255;0.9999505146206746;0.9999999999999999;1.024999976158142;
2016-05-06 19:45:00;0.9999304477057122;1.0;0.9999422481433123;0.9999363166602182;0.9999695262121733;0.9999423386032871;1.0002929127694529;0.999880149553947;1.0;1.0;0.9999447034873702;0.9999999999999999;1.0000353596368434;0.9999183327256783;0.9998479012191868;0.9998515651854466;0.999852976454569;0.9999673523481755;1.0;0.999953547616605;0.9999268222521532;0.9999573327676875;0.9998524530230256;1.0002749880145494;1.0003007756443487;0.99993633824175;0.9999513732650656;0.9999528735031683;1.0;0.999735105052107;0.9997414361428711;0.9998398829143744;0.999979953702306;0.9998047929334881;0.9999999999999999;1.0;0.999960780293124;0.999952847837175;1.0;0.9999765841752797;0.9999301492911674;0.9999433322313803;1.0;1.024999976158142;
2016-05-06 20:00:00;0.9999297726501218;0.9999999999999999;0.9999396041777411;0.9999365292241994;0.9999664198039601;0.9999424286724996;1.000295482922923;0.9998892278331041;0.9999999999999999;1.0;0.9999421820718086;1.0;1.000035265312325;0.9999234170538839;0.9998647609756566;0.9998676999758754;0.9998686934613896;0.9999637909063382;1.0;0.9999515700212196;0.9999243664632054;0.9999529276908498;0.9998682479588926;1.0002776286571335;1.000303306699134;0.9999345473401697;0.9999469913353627;0.9999539694195659;1.0;0.999728315492526;0.9997444874097181;0.999838535243201;0.999978923985472;0.9997932523585747;1.0;0.9999999999999999;0.9999604375386366;0.9999517111444932;1.0;0.9999750656199403;0.9999276686696716;0.9999402009784661;1.0;1.024999976158142;
2016-05-06 20:15:00;0.9998937963273278;1.0;0.9999038622771489;0.9999022365619287;0.9999476788522378;0.9999097887906007;1.0003029449157737;0.999826578086176;1.0;1.0;0.9999084325086873;1.0;1.0000355784504924;0.9998800426562292;0.9997922757433002;0.9997969098151229;0.9997983469911793;0.9999444249613425;1.0;0.9999249127376227;0.9998880431125997;0.9999244641076063;0.9997977410380551;1.0002844999098444;1.0003111848670045;0.9999019946050736;0.9999163467269808;0.9999278654716446;0.9999999999999999;0.9997552534693627;0.9997626306423504;0.9998444353390008;0.99996710695941;0.9997839171114921;0.9999999999999999;1.0;0.9999626542185123;0.9999551028767044;1.0;0.9999611037006927;0.999892847015685;0.999904578346072;1.0;1.024999976158142;
2016-05-06 20:30:00;0.9998921037070593;1.0;0.9998986122027135;0.9998989083013627;0.9999456544871087;0.9999054081368673;1.0002951587078148;0.999815172866994;0.9999999999999999;1.0;0.9999041106618962;1.0;1.000035357719077;0.9998722130618509;0.999779699310711;0.9997852905435105;0.9997868636654714;0.9999431804675044;1.0;0.9999227296551457;0.9998893057116306;0.9999210099058276;0.9997862766474718;1.0002771700651774;1.0003030733174776;0.9999020641471448;0.9999135142700996;0.9999239447954763;1.0;0.9997530248016331;0.999778989771998;0.9998513621644073;0.999965115829782;0.9997814427488623;1.0;0.9999999999999999;0.9999613159201546;0.9999517955793665;1.0;0.9999589834103084;0.9998941137091628;0.9998994825261808;1.0;1.024999976158142;
2016-05-06 20:45:00;0.9999131826707738;1.0;0.9999284923375518;0.9999215869449507;0.9999597967243481;0.9999294636382149;1.0002781975093102;0.9998566755073665;0.9999999999999999;0.9999999999999999;0.9999323064257409;1.0;1.0000327535749671;0.9999010035458141;0.9998177949344013;0.9998233482961778;0.9998250478586368;0.9999569074536945;1.0;0.9999424911085565;0.9999083014272998;0.9999479065601352;0.9998243984839239;1.000261117513554;1.0002858638077714;0.9999209098180558;0.9999403173423778;0.9999425304743055;1.0;0.9997720411942166;0.9998229583280314;0.9998786797419887;0.9999728963142983;0.9998154175249058;0.9999999999999999;1.0;0.999963362381423;0.9999554299049911;1.0;0.9999685443230807;0.9999126978808089;0.9999300946640385;1.0;1.024999976158142;
2016-05-06 21:00:00;0.9999314642789551;1.0;0.9999431306953745;0.9999385380874267;0.9999663359724893;0.9999447644537531;1.0002715087030134;0.9998896485084221;1.0;1.0;0.9999467535705173;1.0;1.0000325206736438;0.9999228854182991;0.999860009595274;0.9998651460621637;0.9998664500076081;0.9999640410932654;1.0;0.9999546633517179;0.9999277855278115;0.9999589419220831;0.9998659463043149;1.000255062379997;1.0002787094145045;0.9999380249184918;0.9999529717849487;0.9999550874421285;1.0;0.9997692037597572;0.9998259020549103;0.9998826818102625;0.999976845395879;0.9998271428203398;1.0;1.0;0.9999635511721794;0.9999552058801418;1.0;0.9999732685974921;0.9999314031550571;0.9999445682460972;1.0;1.024999976158142;
2016-05-06 21:15:00;0.9999397463970419;0.9999999999999999;0.9999512030293531;0.9999467207385988;0.9999717216185959;0.999952651101126;1.00026462883018;0.9999088187047732;1.0;1.0;0.9999532708493223;1.0;1.0000312988135047;0.9999367147831341;0.9998858244702358;0.9998886264345542;0.9998895470161118;0.9999690819710098;1.0;0.9999597659786661;0.9999339157178698;0.9999628057031833;0.9998891199232819;1.0002486336818739;1.0002716928467361;0.999943569073532;0.9999571981974656;0.999962085402935;1.0;0.9997871767837411;0.9998417278465419;0.9998969227490362;0.9999819442952645;0.9998582606607775;1.0;0.9999999999999999;0.9999649840967435;0.999957051607447;1.0;0.9999787399018207;0.9999369281761908;0.9999519464181822;1.0;1.024999976158142;
2016-05-06 21:30:00;0.9999238304884216;1.0;0.9999390141080493;0.9999317856977048;0.999967331546562;0.9999392257640715;1.0002679070135496;0.999878471965639;0.9999999999999999;1.0;0.9999407663596172;1.0;1.0000311121404568;0.9999171847291621;0.9998465267406751;0.9998491474900926;0.9998504414385175;0.999964122127855;1.0;0.9999492286469465;0.9999166293151118;0.9999533375171155;0.99984987624988;1.0002514389141117;1.0002753847516275;0.999928267072338;0.9999462443765464;0.9999510042766412;1.0;0.9997880579564774;0.9998376138895078;0.999893904682761;0.9999797122517874;0.9998530077703928;0.9999999999999999;1.0;0.9999650320812065;0.999957099591529;1.0;0.9999759282021226;0.9999202363221369;0.999939792181672;1.0;1.024999976158142;
2016-05-06 21:45:00;0.9999028864053325;1.0;0.9999201821108148;0.9999126863254286;0.9999568305650134;0.9999216845520558;1.0002757665069828;0.9998454602255848;1.0;0.9999999999999999;0.9999228446133126;0.9999999999999999;1.0000314010591693;0.9998942173498153;0.9998071889686072;0.9998107065159401;0.9998122574417111;0.9999529133355181;0.9999999999999999;0.9999344299409684;0.9998943161169503;0.9999384568539635;0.9998115750792155;1.0002587393894398;1.000283639427449;0.9999088351211758;0.9999297228077186;0.9999370512419243;1.0;0.9997765926847293;0.9998276208725956;0.9998857193200807;0.9999731373396671;0.9998368225245662;0.9999999999999999;0.9999999999999999;0.9999655750160406;0.9999576425220563;1.0;0.9999681451360157;0.9998988844370573;0.9999210874581345;1.0;1.024999976158142;
2016-05-06 22:00:00;0.999919721663327;1.0;0.9999335722294997;0.9999270042902344;0.9999635205855142;0.9999341089509438;1.0002804964421965;0.9998644318506601;1.0;1.0;0.9999369620244938;1.0;1.000033408835683;0.999906814645414;0.9998275337601417;0.9998325242822412;0.9998341497702659;0.9999609928089084;1.0;0.9999467190741045;0.99991566874045;0.9999516122579261;0.9998335452116188;1.0002632799735522;1.000288150996462;0.9999269768073449;0.9999446913821395;0.9999461687218152;1.0;0.9997528601053142;0.9998086105211911;0.9998750463000408;0.9999754534409221;0.9998275791873255;1.0;1.0;0.9999675957659272;0.9999600443868025;1.0;0.9999714975968188;0.9999196650120891;0.999935029098616;1.0;1.024999976158142;
2016-05-06 22:15:00;0.999911187399062;1.0;0.9999222760366053;0.9999190294013289;0.9999554966729094;0.9999260064158909;1.00027896361302;0.9998540741267686;1.0;1.0;0.999927059759445;1.0;1.0000331641539428;0.9998982412513084;0.9998196686008466;0.9998256832628118;0.9998272031957323;0.9999528984524187;0.9999999999999999;0.9999393095677218;0.9999074583905496;0.9999420602687004;0.9998266214483593;1.0002620089487992;1.000286452964124;0.9999196829684017;0.9999349620640379;0.9999401455386698;1.0;0.9997744260399601;0.9998052558744042;0.9998771887008235;0.9999701191207006;0.9998425105820081;1.0;1.0;0.9999719182518085;0.9999631917574758;1.0;0.9999652843072487;0.9999118883225833;0.9999237177664478;0.9999999999999999;1.024999976158142;
2016-05-06 22:30:00;0.9999130222711281;0.9999999999999999;0.9999166925803908;0.9999185851102922;0.9999550751803971;0.9999235558739883;1.0002789788447957;0.9998542892356579;1.0;1.0;0.9999209358736245;1.0;1.000033596891096;0.9998990767571883;0.9998297499327085;0.9998335411010173;0.9998345895834494;0.9999528937394205;1.0;0.9999366453727333;0.9999099398756557;0.9999334625039306;0.999834160996635;1.0002621403106051;1.000286294613033;0.9999203023824546;0.999927521901721;0.9999390371869152;1.0;0.9997693955367895;0.9998033424316146;0.9998770626354813;0.9999719262277601;0.9998457781594685;1.0;1.0;0.9999722479860716;0.9999635214888615;1.0;0.9999667478527734;0.9999137093976471;0.9999170497686836;1.0;1.024999976158142;
2016-05-06 22:45:00;0.9999401306031435;1.0;0.9999497738618794;0.9999450815085329;0.9999731220914042;0.9999501346862342;1.0002660597176998;0.9998963592767193;1.0;0.9999999999999999;0.999952193567216;1.0;1.000032345344605;0.9999291208498693;0.9998685846331026;0.9998721279036885;0.9998733598941578;0.9999713681613047;0.9999999999999999;0.9999599743636054;0.9999375057953424;0.9999631810842151;0.9998729130328072;1.0002498325371543;1.0002731160534097;0.9999455991692182;0.9999581492111538;0.9999591947012371;0.9999999999999999;0.9997826002033121;0.9998252502755538;0.9998854183338703;0.9999820367934469;0.9998397586549678;1.0;1.0;0.999971668427666;0.999963323067885;0.9999999999999999;0.9999791046334477;0.9999404162199613;0.9999508013392954;1.0;1.024999976158142;
2016-05-06 23:00:00;0.9999262631724138;1.0;0.9999354365503929;0.9999306249663105;0.9999658283791985;0.9999358587474622;1.0002729530439067;0.9998615056059322;1.0;1.0;0.9999396610858654;1.0;1.0000338009306953;0.9999051202693098;0.9998235482931467;0.9998297027382076;0.9998315103457515;0.999964665717973;1.0;0.9999506027215791;0.9999269261889377;0.999954690596388;0.9998309536125836;1.0002561659888571;1.0002801903291743;0.9999354807314368;0.9999491792290922;0.9999467362650162;1.0;0.9997653458755136;0.9998233579261611;0.9998826349828165;0.999975642498503;0.9998316577037031;1.0;0.9999999999999999;0.9999718830067962;0.999964331595296;1.0;0.9999721322552569;0.9999305768306667;0.999937212071385;1.0;1.024999976158142;
2016-05-06 23:15:00;0.9999232007730929;1.0;0.9999330543984284;0.9999303143475335;0.9999566827258222;0.9999363678214296;1.000268451279889;0.9998699146074588;1.0;1.0;0.9999403673822617;1.0;1.0000331066566466;0.9999066312444612;0.9998329255666649;0.9998432535103106;0.9998450747783314;0.9999553484976219;1.0;0.9999499234476588;0.9999245433143811;0.9999560920893631;0.9998445024238198;1.0002523195515864;1.0002752917371776;0.9999351345335273;0.9999501940459865;0.9999473118178279;1.0;0.9997994135275153;0.9998460965547916;0.9998962477355687;0.9999668097953222;0.9998463864256948;1.0;1.0;0.9999722732575497;0.9999639278927211;0.9999999999999999;0.9999626895375688;0.9999291510892894;0.9999359323741673;1.0;1.024999976158142;
2016-05-06 23:30:00;0.9999298527927533;1.0;0.9999385756834209;0.9999355398343879;0.9999630458303314;0.9999408506420561;1.000264161677826;0.9998774295280206;1.0;1.0;0.9999441480592108;0.9999999999999999;1.0000326241783912;0.9999136006426848;0.9998437644366269;0.9998515958781494;0.9998532228475058;0.9999617943584336;1.0;0.999953573388258;0.9999305181241296;0.9999582019092473;0.9998527073751141;1.0002481812174628;1.000270969537253;0.99993967591074;0.9999528654043373;0.99995110575248;1.0;0.9997969430341102;0.9998531175267109;0.9999083010621768;0.9999725964559069;0.9998853901274994;1.0;1.0;0.9999731958495819;0.9999656444281676;0.9999999999999999;0.9999689497546138;0.9999344201003066;0.9999407461407305;1.0;1.024999976158142;
2016-05-06 23:45:00;0.9999419296121272;1.0;0.9999481702297658;0.9999457173601282;0.999971950244303;0.9999497453805476;1.0002608654346588;0.9998955096761795;0.9999999999999999;1.0;0.9999514388417012;1.0;1.0000323049414146;0.9999280089642036;0.9998694416346032;0.999873789946495;0.9998750056417404;0.9999708106400996;1.0;0.999960330767479;0.9999415287236605;0.9999622819201107;0.999874606133698;1.000245034564154;1.0002676114964422;0.9999485258568022;0.9999579722555982;0.9999587565023459;1.0;0.9997910137328984;0.9998505056928411;0.9999080135279548;0.9999806630918461;0.9998893731069642;1.0;1.0;0.9999727316108981;0.9999643862422443;1.0;0.9999776864542257;0.9999443579510555;0.9999492967286456;1.0;1.024999976158142;
2016-05-07 00:00:00;0.9999358445930155;1.0;0.9999432084739166;0.9999401894597761;0.9999669505539869;0.9999447131348452;1.0002642973122493;0.9998821586652015;1.0;1.0;0.999948356851663;1.0;1.0000330887669582;0.9999175648450356;0.9998491389071602;0.9998565091618082;0.9998581345695872;0.9999661525549864;1.0;0.9999575322875286;0.9999377048453667;0.9999618503057808;0.99985765129972;1.000248266353081;1.0002710599532076;0.9999454414386647;0.999957175078539;0.9999539523352825;1.0;0.9997993629862031;0.9998476479918561;0.999907031912978;0.9999751571440143;0.9998905424761413;1.0;1.0;0.9999725668930862;0.9999654282953463;1.0;0.9999719433439075;0.9999412189856527;0.9999452939019813;1.0;1.024999976158142;
2016-05-07 00:15:00;0.9999466048597716;1.0;0.9999512640778753;0.9999499136843161;0.9999742770383134;0.9999533887875812;1.0002593115174792;0.9999052687507302;1.0;1.0;0.9999538471459856;1.0;1.0000320807034313;0.9999349919093;0.9998841160423875;0.9998871823750595;0.9998881405218888;0.9999731051949284;1.0;0.9999626256342385;0.9999455435121786;0.9999630133691281;0.9998878064612859;1.0002436295120076;1.0002659793983064;0.9999518667462342;0.9999591390354616;0.999962113355883;0.9999999999999999;0.9997887140405985;0.9998464857842345;0.999912151299492;0.9999831101778843;0.9999151301151693;0.9999999999999999;1.0;0.9999713693740386;0.9999618489375344;1.0;0.9999802605182346;0.9999479815893928;0.9999519334418425;0.9999999999999999;1.024999976158142;
2016-05-07 00:30:00;0.9999177904904428;0.9999999999999999;0.99993523936377;0.9999269824322713;0.999960252292588;0.9999352549956197;1.0002584674602102;0.9998659388757468;0.9999999999999999;0.9999999999999999;0.9999402150432216;1.0;1.000030467867437;0.9999059265485399;0.9998238111376386;0.9998317375919645;0.999833651832002;0.9999576006100315;1.0;0.9999479045521348;0.9999142296591425;0.9999565910165111;0.9998329626742436;1.0002426286891426;1.0002655593949048;0.9999270208446704;0.9999490479479151;0.9999465872457046;1.0;0.9998136031017074;0.9998641003284844;0.9999228438648156;0.9999709728236675;0.9999273144945492;1.0;1.0;0.9999725908013827;0.999964658251744;1.0;0.9999669876663246;0.9999189274469807;0.999937735139888;1.0;1.024999976158142;
2016-05-07 00:45:00;0.9999120255166966;1.0;0.9999320033418403;0.9999220606808519;0.9999577411745794;0.9999311973667061;1.0002616836071236;0.9998553716892726;1.0;0.9999999999999999;0.9999376112719636;1.0;1.0000307643531983;0.9998983785243223;0.9998074760735625;0.9998167131728118;0.9998189143516957;0.999954982102618;1.0;0.9999451672767121;0.9999087181676254;0.9999559021233702;0.9998181422323059;1.000245579693047;1.0002689340112232;0.9999225372773785;0.9999477013374525;0.9999428913741008;1.0;0.9998172121356016;0.9998650020802899;0.9999217853046493;0.9999684040459054;0.9999208655956358;0.9999999999999999;0.9999999999999999;0.9999719800863904;0.9999632535915183;1.0;0.9999642708210736;0.9999138796881208;0.9999349983442894;1.0;1.024999976158142;
2016-05-07 01:00:00;0.9999173269536675;1.0;0.9999355448568359;0.9999266454547573;0.9999584654987451;0.9999350583969291;1.000257479247394;0.9998620585099282;1.0;1.0;0.9999419271060442;1.0;1.0000307841556126;0.999902229173486;0.9998150640361816;0.999825430384733;0.9998276535430108;0.9999562534020849;0.9999999999999999;0.9999490061518806;0.9999159903368088;0.9999599623474039;0.9998269139903673;1.0002417170540066;1.0002644520089252;0.9999288111851007;0.9999524408229706;0.9999457135255202;1.0;0.9998208543891836;0.9998784997823746;0.9999298831896396;0.9999677631631702;0.9999301301943163;1.0;1.0;0.9999724695959427;0.9999649181800127;1.0;0.9999638695711854;0.9999210711555828;0.9999388650811926;1.0;1.024999976158142;
2016-05-07 01:15:00;0.9999248891135991;0.9999999999999999;0.9999395539384397;0.9999341668834691;0.9999624464888469;0.9999417337194129;1.000248891558192;0.999887921011679;1.0;1.0;0.9999433768682163;1.0;1.0000288133892423;0.999920834521525;0.9998576890492993;0.999863096355223;0.999864366877974;0.9999593413261118;1.0;0.9999507712453379;0.9999187634137758;0.9999559945661893;0.9998638151529351;1.0002338281604193;1.000255666384166;0.9999311435677644;0.9999490039163956;0.9999530751746154;1.0;0.9998387780618729;0.9998847535687264;0.9999333556588884;0.9999744814917763;0.9999329027479879;1.0;1.0;0.9999712481679547;0.999962108863279;1.0;0.9999704449625528;0.9999228607091418;0.9999410635075936;1.0;1.024999976158142;
2016-05-07 01:30:00;0.9999577443270983;1.0;0.9999662827808443;0.9999623046537082;0.999979281655361;0.9999664320039688;1.0002345892411193;0.9999302221480771;1.0;0.9999999999999999;0.9999689497693346;1.0;1.0000288065153673;0.9999510220585763;0.9999084922243581;0.99991270692337;0.9999137032937806;0.9999779963908874;1.0;0.9999731305505577;0.999956241250396;0.9999774257385861;0.9999133512305748;1.0002204499038663;1.0002406241300204;0.999962687628272;0.9999736198102991;0.999972269526724;1.0;0.9998579014975516;0.9999001262921908;0.9999423428139423;0.9999847938834225;0.9999418449234291;1.0;0.9999999999999999;0.9999720351518722;0.9999636897890308;1.0;0.9999827273387891;0.9999586548091918;0.9999675991315266;1.0;1.024999976158142;
2016-05-07 01:45:00;0.9999464046540483;1.0;0.9999593685062186;0.9999517201875306;0.9999771709179118;0.999957265123531;1.0002368533888566;0.9999056174297125;1.0;1.0;0.9999619150675166;1.0;1.000028759743383;0.999935272868529;0.9998733368491356;0.9998781018171922;0.9998795821975794;0.9999755869981068;0.9999999999999999;0.9999667661880917;0.9999445100572605;0.9999735986017597;0.9998790819543023;1.0002222933484364;1.0002432343748215;0.9999524267171975;0.9999685602910242;0.999964204015096;1.0;0.9998575899970671;0.999896330046595;0.9999396335233389;0.9999831374680523;0.9999373285353726;1.0;1.0;0.9999715657103171;0.9999628392190612;0.9999999999999999;0.9999808751849926;0.9999474691841245;0.999961068014756;1.0;1.024999976158142;
2016-05-07 02:00:00;0.9999436654749602;1.0;0.9999575032186734;0.9999485922522007;0.9999771197132185;0.9999542924718451;1.0002338236265895;0.999895236106181;1.0;1.0;0.9999601801157247;0.9999999999999999;1.0000285647725622;0.9999287144601577;0.9998581202233778;0.9998634192763524;0.9998651549014816;0.9999757472002159;1.0;0.9999654444988966;0.9999427678966663;0.999973300593965;0.9998646023781524;1.0002193149663081;1.0002401994035857;0.999950604810369;0.9999680935767129;0.9999612879881483;1.0;0.9998643827569657;0.9999053979491951;0.9999457923263978;0.9999826117815939;0.9999466302203578;1.0;0.9999999999999999;0.9999712372943076;0.9999633047554057;1.0;0.9999804150373894;0.9999458612117594;0.9999594629296729;1.0;1.024999976158142;
2016-05-07 02:15:00;0.9999550001833004;1.0;0.9999650862597542;0.9999606902892452;0.9999772887671726;0.9999654759373809;1.0002273568068714;0.9999302455794642;1.0;1.0;0.9999679988291685;1.0;1.0000275236862517;0.9999504506841532;0.9999080041887058;0.9999126099683927;0.9999136079837735;0.999975643553519;1.0;0.9999717308321595;0.9999524846841646;0.9999767374678213;0.9999132302514813;1.000213681537773;1.000233256111968;0.9999599764836521;0.9999724581233558;0.9999716516061065;1.0;0.9998898422627139;0.9999174765661838;0.9999507610370086;0.9999833390068412;0.9999447391295477;1.0;0.9999999999999999;0.9999698620265045;0.9999603416043513;0.9999999999999999;0.999981073320256;0.9999551631766763;0.9999665254082829;1.0;1.024999976158142;
2016-05-07 02:30:00;0.9999481640810034;1.0;0.999961039332774;0.9999542888411729;0.9999767669351598;0.9999599633000421;1.0002251529729982;0.9999158757124752;1.0;0.9999999999999999;0.9999634291165047;1.0;1.0000268988043102;0.9999416653009755;0.999888025118149;0.9998922778173782;0.9998935092237184;0.9999748091770816;1.0;0.9999676427361989;0.9999447729604758;0.9999737758342835;0.9998930482235524;1.0002114086374325;1.000231221907114;0.9999531680378098;0.9999686979026955;0.9999669435579795;1.0;0.9999005006672799;0.9999200441814861;0.9999521933796613;0.9999833793954573;0.9999458442531588;1.0;1.0;0.9999833327654861;0.999974606171542;1.0;0.9999810009903667;0.9999476784517756;0.9999625032598072;0.9999999999999999;1.024999976158142;
2016-05-07 02:45:00;0.9999507073189504;1.0;0.9999619212508057;0.9999572280867043;0.9999748828883379;0.9999625777319551;1.000221478585406;0.9999256649943267;1.0;1.0;0.9999650659068252;1.0;1.0000264820382576;0.9999469796728635;0.9999022181561827;0.9999071388780453;0.9999081761225389;0.9999729526553515;1.0;0.999968990953923;0.9999474799331438;0.9999743786641538;0.9999077680943891;1.000208150640445;1.00022729048999;0.9999558984444383;0.999969621482583;0.9999694132995373;1.0;0.999925926282949;0.9999327927246073;0.9999581654654383;0.9999817333529555;0.9999471008022708;1.0;1.0;0.9999846936699897;0.9999759670641692;1.0;0.9999792048681037;0.9999504207748604;0.9999634442394864;1.0;1.024999976158142;
2016-05-07 03:00:00;0.9999409419419685;1.0;0.999956531558115;0.9999455148041974;0.9999799159402234;0.9999515973802742;1.0002186703468319;0.9998865436825048;0.9999999999999999;1.0;0.9999577502745468;1.0;1.0000263092162176;0.9999247024299339;0.9998466605108065;0.9998501623735366;0.9998519745069665;0.9999782660022366;1.0;0.9999634775233797;0.9999387343184685;0.9999712786483386;0.9998513824220963;1.0002048307867257;1.000224924465343;0.9999466412610323;0.9999656492108682;0.9999590458387915;0.9999999999999999;0.999943677148623;0.9999438256533215;0.9999639953198979;0.9999857947026756;0.999951185294043;1.0;0.9999999999999999;0.9999842114490205;0.9999762788071976;1.0;0.9999837150939921;0.9999416332502362;0.9999580746816601;0.9999999999999999;1.024999976158142;
2016-05-07 03:15:00;0.9999558217820871;1.0;0.9999669870016294;0.9999604372782744;0.9999829660647528;0.9999652019442488;1.0002126068688777;0.9999255127012924;1.0;1.0;0.9999678172566733;1.0;1.0000254428808315;0.9999498259998562;0.9999018857491062;0.9999038196127893;0.9999048239569243;0.9999811722957881;0.9999999999999999;0.9999718732091869;0.9999520303642404;0.9999762858543682;0.9999044341472271;1.0001995400396786;1.000218400628455;0.999958830485564;0.9999719176627734;0.999971379677188;1.0;0.9999554345050915;0.9999544396804133;0.9999689376562828;0.9999889054927528;0.9999522003759461;0.9999999999999999;1.0;0.9999833677612602;0.9999742283458165;1.0;0.9999870053389375;0.9999542100416466;0.9999677682587449;1.0;1.024999976158142;
2016-05-07 03:30:00;0.9999686524975847;1.0;0.9999751403523994;0.9999715628615092;0.9999869739968951;0.999974572587228;1.000211506871506;0.9999462736532184;1.0;1.0;0.9999760272592014;1.0;1.0000260191692394;0.9999635849974862;0.9999305710372686;0.9999321388847896;0.9999328187916031;0.9999858726335654;1.0;0.9999795324561713;0.9999666001778341;0.9999819035420091;0.999932562818238;1.0001986981717474;1.000216987076462;0.9999711190112337;0.9999790321652697;0.9999791390971003;1.0;0.9999511253522534;0.9999490098281159;0.9999676086664918;0.9999914284858203;0.9999569409440862;1.0;1.0;0.9999855243249594;0.9999775916727217;1.0;0.999989988643238;0.9999681250558712;0.9999756772433073;1.0;1.024999976158142;
2016-05-07 03:45:00;0.9999670436279947;1.0;0.9999745976539142;0.9999710189901777;0.9999848132392454;0.9999745344170378;1.0002132086563553;0.999948486391063;1.0;1.0;0.9999760014290303;1.0;1.0000259978017918;0.9999641722257193;0.9999328418488453;0.9999351510912924;0.9999358207659323;0.9999834606243356;1.0;0.9999789330445698;0.999964402245779;0.999982030893889;0.9999355498663439;1.0002003775549475;1.0002187109879475;0.9999698024706903;0.999978837418457;0.9999792402573636;1.0;0.9999442625951159;0.9999470536070049;0.9999648652497668;0.999989571221707;0.9999486967916327;1.0;0.9999999999999999;0.9999844607620594;0.9999753213366263;1.0;0.9999879538265756;0.999966193727469;0.9999753445957282;0.9999999999999999;1.024999976158142;
2016-05-07 04:00:00;0.9999547583784448;1.0;0.9999666561817292;0.9999587160494066;0.9999834778288161;0.9999634720718169;1.0002143151291598;0.9999161443866516;1.0;1.0;0.9999678858303662;1.0;1.0000260768954214;0.9999438206752463;0.9998867913210788;0.9998897874897833;0.9998911165113549;0.9999821160432317;1.0;0.9999720485878968;0.9999528081808862;0.9999780074899512;0.9998906716329151;1.0002010225826612;1.0002201730749731;0.9999591833571724;0.999973654804177;0.9999692285994899;1.0;0.9999462121452347;0.9999466879499593;0.9999668119738623;0.9999882066682043;0.9999579719300048;1.0;1.0;0.9999835876831499;0.9999744482656963;1.0;0.9999865113677837;0.9999551200317528;0.9999678918670131;0.9999999999999999;1.024999976158142;
2016-05-07 04:15:00;0.9999538121866398;1.0;0.9999658521665116;0.9999594822517412;0.9999795131509646;0.9999647052987787;1.0002158576880817;0.9999258707391193;1.0;1.0;0.9999678754986369;1.0;1.0000258304411038;0.9999486102686844;0.9999008415094215;0.9999045628393703;0.999905661288324;0.9999776748518171;1.0;0.9999713624437009;0.9999504603244682;0.9999770975724106;0.9999052436162373;1.0002027034534247;1.0002216502858945;0.999958108723325;0.9999724682799065;0.9999708670326386;0.9999999999999999;0.999943029846104;0.9999438056069119;0.9999646570600046;0.9999853649175308;0.9999541129034065;1.0;1.0;0.9999829899913419;0.9999734694442013;1.0;0.9999832653838076;0.999953062272272;0.9999671635273576;1.0;1.024999976158142;
2016-05-07 04:30:00;0.9999548913428157;0.9999999999999999;0.9999676531259549;0.9999595390774131;0.9999836426104031;0.9999646437739593;1.000214602167884;0.9999209838749156;1.0;1.0;0.9999685026958002;1.0;1.0000257487977111;0.9999470411126778;0.999893416138588;0.9998958238129269;0.9998970278936291;0.9999819114638236;1.0;0.9999721388171993;0.9999515222299713;0.9999779979653102;0.999896589965409;1.0002013225344355;1.0002205102741721;0.9999584249145267;0.9999734110343251;0.9999705090209497;1.0;0.999947165271985;0.99994867269652;0.9999665456140762;0.9999888353791564;0.9999529138955255;1.0;1.0;0.9999852127713311;0.9999772801215651;0.9999999999999999;0.999987084289236;0.9999538099814941;0.999968708658217;0.9999999999999999;1.024999976158142;
2016-05-07 04:45:00;0.9999639664766241;1.0;0.9999740532793105;0.9999687843310716;0.9999854633529495;0.9999731244009799;1.0002128863599702;0.9999460067745467;1.0;1.0;0.9999745533820211;1.0;1.0000253780423316;0.9999632159262752;0.9999291640518077;0.9999303821512793;0.9999310430554392;0.999983545399522;1.0;0.9999771332117628;0.9999592275557319;0.9999806983005796;0.9999307348251465;1.0001999762861855;1.0002185662481702;0.999965576178897;0.9999768447648406;0.9999783045528825;1.0;0.9999438976263785;0.9999452656963406;0.9999650105723157;0.9999909268694737;0.9999528217460737;0.9999999999999999;1.0;0.999983826124839;0.9999746867052062;1.0;0.9999892491902355;0.9999610591078283;0.9999745555780252;1.0;1.024999976158142;
2016-05-07 05:00:00;0.9999601486641757;1.0;0.999971443048046;0.999964104657307;0.9999866229895947;0.9999685983431416;1.0002133153102315;0.9999300492752324;0.9999999999999999;1.0;0.999971613039247;1.0;1.000025665402779;0.9999537017965343;0.9999064878078151;0.9999077248858493;0.999908725389755;0.9999849701516694;1.0;0.9999750234981227;0.9999564878789722;0.9999796294300152;0.9999083464703481;1.0002001433439782;1.0002191521281436;0.9999625273512003;0.9999755448820806;0.9999739626090076;1.0;0.9999475267227467;0.9999444337892749;0.9999643672864266;0.9999915429545949;0.9999516337386476;0.9999999999999999;1.0;0.9999843522612815;0.9999760067956462;1.0;0.9999900146088573;0.9999583744555895;0.9999721052863844;1.0;1.024999976158142;
2016-05-07 05:15:00;0.9999761504542442;1.0;0.9999798748024741;0.9999766360696754;0.9999917667572941;0.9999782569356647;1.0002137299898894;0.9999477218619891;1.0;1.0;0.9999805766941101;1.0;1.0000272325085422;0.999965591595805;0.9999314898766245;0.9999329592731346;0.9999337392317612;0.9999916045808132;1.0;0.9999843566708863;0.9999769846881273;0.9999862585656609;0.9999335228032477;1.0002007133289805;1.0002191532730071;0.9999791387033158;0.9999844846598663;0.9999814840568343;1.0;0.9999417519993379;0.9999379052391805;0.9999606252991643;0.999994147355166;0.9999479300353588;1.0;1.0;0.9999840351755129;0.9999761025350883;1.0;0.9999932986962151;0.9999780160125775;0.9999804360816186;1.0;1.024999976158142;
2016-05-07 05:30:00;0.9999808172638123;1.0;0.9999847720402305;0.9999816500937152;0.9999929567467527;0.9999832367716175;1.0002116290979999;0.9999591155980357;0.9999999999999999;1.0;0.9999856511233942;0.9999999999999999;1.0000269755192535;0.9999727046583281;0.9999448501538548;0.9999466758986544;0.9999473691700038;0.999992794570079;1.0;0.9999880724932921;0.9999815688296104;0.9999905816597398;0.9999471755311115;1.0001988299231497;1.0002169253158162;0.9999836123690582;0.9999890187435904;0.9999855658344776;1.0;0.9999421008026753;0.9999413903506206;0.999962584525761;0.9999944720818372;0.9999497032701573;1.0;1.0;0.9999839067181584;0.9999743861622896;1.0;0.9999938203087023;0.9999825405468727;0.9999854662205309;0.9999999999999999;1.024999976158142;
2016-05-07 05:45:00;0.9999752742596693;1.0;0.9999805255549508;0.9999760614333207;0.9999920496664167;0.9999780759364455;1.000211400149717;0.9999455504604883;0.9999999999999999;1.0;0.9999812490053911;1.0;1.0000268753057835;0.9999641937731345;0.9999266700501275;0.999928499019125;0.9999294063625851;0.9999918369032988;0.9999999999999999;0.9999845196374074;0.999976086311964;0.9999876178966915;0.9999291528983939;1.0001984652741183;1.0002168237146531;0.9999785415113219;0.9999855949395354;0.9999810992536207;1.0;0.999948814444235;0.9999463990916152;0.9999654446305468;0.9999939748237662;0.9999525331496747;1.0;1.0;0.9999849982366622;0.999976271628184;1.0;0.9999932082553288;0.9999772385425518;0.9999812918238904;0.9999999999999999;1.024999976158142;
2016-05-07 06:00:00;0.999968236383814;0.9999999999999999;0.9999757340425716;0.9999696467877167;0.9999901214595772;0.9999724867489044;1.0002129216075986;0.999932350715686;1.0;1.0;0.9999763739971219;1.0;1.0000267694585916;0.9999556338728038;0.9999086902896845;0.9999106557512155;0.99991176828299;0.9999896252559879;0.9999999999999999;0.9999802064262052;0.9999684145613177;0.9999842794283055;0.9999114410037109;1.0001997658014445;1.0002185418573852;0.9999718907215985;0.999981510347887;0.9999763985903153;0.9999999999999999;0.9999462156386617;0.9999390443838347;0.9999622244941995;0.9999927865997381;0.9999526677675583;1.0;1.0;0.9999836737593799;0.9999737403830599;1.0;0.999991796393429;0.9999698823692871;0.9999766194337723;0.9999999999999999;1.024999976158142;
2016-05-07 06:15:00;0.9999723588466465;1.0;0.9999793366455006;0.999974710919171;0.9999896475904584;0.9999775447815967;1.000215942190088;0.9999485916582022;1.0;1.0;0.9999801826112111;0.9999999999999999;1.0000268918967805;0.9999654758616963;0.9999308048737979;0.9999327355357996;0.999933545759578;0.9999888571819615;1.0;0.9999828467768052;0.9999713452032678;0.9999863702444258;0.9999332773280435;1.0002028151859068;1.0002215169119812;0.9999751782364901;0.9999837567449853;0.9999810866416251;1.0;0.9999407800543822;0.9999289534772202;0.9999563923481471;0.9999925642263208;0.9999466540319243;1.0;1.0;0.9999845721835497;0.9999762267160792;1.0;0.9999915081868155;0.9999727594419777;0.9999801085643678;1.0;1.024999976158142;
2016-05-07 06:30:00;0.9999711410724268;1.0;0.9999773491592722;0.999973555516646;0.9999884037153565;0.9999762974716415;1.0002216963709742;0.9999478136087337;1.0;1.0;0.9999782913521643;1.0;1.0000275791520696;0.9999647631701916;0.9999314315288081;0.9999332349219913;0.9999339718817859;0.9999875567048732;1.0;0.9999814921134037;0.9999699266529598;0.9999842346764279;0.9999337187425484;1.000208269496483;1.0002273847560768;0.9999738880969178;0.9999816269154989;0.9999802864607586;1.0;0.9999295959228948;0.9999014104417345;0.9999410461861393;0.9999919988288585;0.9999328180986138;1.0;1.0;0.9999832705972439;0.9999745440038423;1.0;0.9999907693542638;0.9999713629791452;0.9999780017327845;1.0;1.024999976158142;
2016-05-07 06:45:00;0.9999780071659802;0.9999999999999999;0.9999824105936357;0.9999801217988308;0.9999897505993808;0.9999822016620434;1.0002308869653267;0.9999619564471036;1.0;1.0;0.9999836625452349;0.9999999999999999;1.000029020606237;0.9999736330474915;0.9999500017758061;0.9999520565015441;0.9999526082574964;0.9999891441070459;1.0;0.9999859931441458;0.9999774046020082;0.999988208183204;0.9999524206701279;1.0002170714323786;1.000236621410206;0.9999805823237664;0.9999862599321795;0.9999852164907899;1.0;0.9999031444146603;0.9998707171696207;0.9999156815426137;0.9999925056392213;0.9998813300920605;1.0;1.0;0.9999810000088605;0.9999722734352736;1.0;0.9999914791725105;0.9999786181421019;0.9999830736606693;0.9999999999999999;1.024999976158142;
2016-05-07 07:00:00;0.9999717382286909;1.0;0.9999770874288247;0.9999725871135536;0.9999900990527477;0.9999747439875735;1.0002286902985211;0.9999379830656498;1.0;1.0;0.9999782050938549;1.0;1.0000291410848559;0.9999589124975785;0.9999169787642272;0.9999193674024215;0.9999203891269972;0.9999899368765373;1.0;0.9999821425923322;0.9999730188249337;0.9999854422964117;0.9999201091391949;1.0002147077821375;1.0002345360642397;0.9999757594297005;0.9999832316728751;0.9999782597724131;1.0;0.9999001719314081;0.9998866821312938;0.9999248056339456;0.9999923891500003;0.9998904674241862;1.0;1.0;0.999985608968583;0.999977676315674;1.0;0.9999914506313422;0.999974368004437;0.9999780104029715;1.0;1.024999976158142;
2016-05-07 07:15:00;0.9999475392912135;1.0;0.9999484428339974;0.999947284412719;0.9999786482426315;0.9999491562710916;1.0002437877469268;0.9998879131433162;1.0;1.0;0.9999500610700957;1.0;1.000031056044607;0.9999258709560548;0.9998637372649896;0.9998653719205062;0.9998665302948812;0.9999784860682781;1.0;0.9999616619261972;0.9999494772449915;0.9999599429500324;0.9998662143829194;1.0002287452251084;1.00025013053301;0.9999531306797492;0.9999569887714324;0.9999580049610206;1.0;0.9998797950006431;0.9998426303595617;0.999910546129856;0.9999868116978986;0.9999134409560284;1.0;1.0;0.9999798283652561;0.999971101801894;1.0;0.9999843282454022;0.9999513142058477;0.9999486918384326;1.0;1.024999976158142;
2016-05-07 07:30:00;0.9999407728367403;1.0;0.9999357289312361;0.9999402421983902;0.9999711948913638;0.999941136534698;1.0002498605893315;0.999881575602637;1.0;1.0;0.9999381064325227;1.0;1.0000317975225848;0.9999204818393129;0.999866116888722;0.9998671217075997;0.9998678511763246;0.9999709622198651;1.0;0.9999534922204306;0.9999424630963151;0.9999465783203677;0.9998676430796632;1.0002347010303363;1.000256160286304;0.9999462951589627;0.9999439409487649;0.999952682932948;1.0;0.9998806712030786;0.9998379141102098;0.9999041574217036;0.9999833078474276;0.9998947718753922;1.0;0.9999999999999999;0.9999802259207827;0.9999726744462798;1.0;0.9999798009067592;0.9999443319962307;0.9999352610046308;1.0;1.024999976158142;
2016-05-07 07:45:00;0.9999749690025874;1.0;0.9999768526630832;0.9999762079486938;0.9999878775710602;0.9999776952165196;1.0002387856595707;0.9999532370625933;1.0;1.0;0.9999782509448311;1.0;1.000030264651509;0.9999679636348235;0.999942198547679;0.9999439763762313;0.9999444989867367;0.9999875039618323;1.0;0.9999825689096246;0.9999751774363227;0.9999829033408014;0.9999443353899051;1.0002244971865077;1.0002446693603166;0.9999779014340484;0.9999811836357261;0.9999816816345666;1.0;0.9998835701529505;0.999842263546542;0.9999054559204386;0.9999917309106859;0.9998920832797222;1.0;1.0;0.999983668276457;0.9999741477228584;1.0;0.9999904325650462;0.9999763398905546;0.9999772846293606;1.0;1.024999976158142;
2016-05-07 08:00:00;0.9999622907364971;0.9999999999999999;0.9999678214413843;0.9999655979134978;0.9999800315356098;0.9999686680868768;1.0002431215956487;0.9999340414046944;1.0;1.0;0.9999709964009398;1.0;1.0000305163076992;0.9999533439276955;0.9999144209904738;0.9999191160541604;0.9999200708815033;0.999979354582824;1.0;0.9999756225243316;0.9999627962660432;0.9999789451862005;0.9999197723889324;1.0002285527547587;1.0002491843359542;0.9999679086682002;0.9999759626768404;0.9999739212952246;0.9999999999999999;0.9998855900172594;0.9998446781516006;0.9999096473660971;0.9999847626703197;0.999905856869261;1.0;1.0;0.9999846020399817;0.9999758754349611;1.0;0.999982853987815;0.9999649969018259;0.9999691958322259;0.9999999999999999;1.024999976158142;
2016-05-07 08:15:00;0.9999282506592256;1.0;0.9999404480602774;0.9999350691372849;0.9999619908835355;0.9999413437364633;1.0002630302290072;0.99987516675724;1.0;1.0;0.9999468659171714;1.0;1.0000324327021024;0.9999112663614094;0.9998353676944859;0.9998451740314183;0.9998471225878578;0.9999607011839634;1.0;0.9999546763337295;0.999929434733761;0.9999626864245648;0.9998465198917427;1.000247077204782;1.0002698503403582;0.9999395251549629;0.9999568115451744;0.9999508813537776;1.0;0.9998380844116537;0.999809391095686;0.9998929654074815;0.9999701960450159;0.9999018237461427;1.0;1.0;0.9999846806851898;0.9999755412577468;1.0;0.9999666775447679;0.9999338114802057;0.9999434168383766;1.0;1.024999976158142;
2016-05-07 08:30:00;0.9999261546526101;0.9999999999999999;0.999935796911918;0.999930327054745;0.9999669278208969;0.999935618540594;1.000256801926248;0.9998595825575344;0.9999999999999999;0.9999999999999999;0.9999396473800982;1.0;1.0000316984973447;0.9999043494579233;0.9998206036399093;0.9998263637096324;0.9998282112981395;0.9999657484013916;1.0;0.9999506085061373;0.999926658982148;0.9999548278968656;0.9998276428796037;1.0002409007109965;1.0002637151719818;0.9999351196894705;0.9999492558415805;0.9999464538798284;1.0;0.9998570939218399;0.9998193853523808;0.9998983691676221;0.9999766089051425;0.9999058981122921;1.0;1.0;0.9999857627675273;0.9999778301133982;1.0;0.9999731851836726;0.9999302464639622;0.9999375049836879;1.0;1.024999976158142;
2016-05-07 08:45:00;0.9999585991177471;1.0;0.9999612245846715;0.9999607028489429;0.9999800000865735;0.9999630961245614;1.000261554623143;0.9999246217552479;1.0;1.0;0.9999632273463049;0.9999999999999999;1.000032778652056;0.9999484593284484;0.9999085600931774;0.9999108214443064;0.999911557827597;0.9999792327263294;1.0;0.9999706053963829;0.9999582246635275;0.9999702904391048;0.9999113104250862;1.0002458169021657;1.0002681366781163;0.9999627810804693;0.9999674562759544;0.9999699919941073;1.0;0.9998003638571253;0.9997895110806801;0.9998816872639041;0.9999869756286192;0.9998916694282013;1.0;1.0;0.9999855482318728;0.9999768216185951;1.0;0.9999847452696504;0.9999600474830175;0.9999616737436565;0.9999999999999999;1.024999976158142;
2016-05-07 09:00:00;0.9999587107998078;1.0;0.9999605890897599;0.999960490555683;0.9999808109551273;0.9999626759407885;1.0002661148495195;0.9999247087806922;1.0;1.0;0.9999620149611612;1.0;1.000033271489492;0.9999490842776492;0.9999105278466898;0.9999117459234591;0.9999123675297843;0.9999799516511676;0.9999999999999999;0.9999699283006767;0.9999577217433219;0.999968448088437;0.99991214385551;1.00025009080982;1.0002728363150843;0.9999620674045079;0.9999656887498588;0.9999699022354792;1.0;0.9998086077428655;0.9997831761796234;0.9998705742589897;0.9999883797041813;0.9998557306387057;0.9999999999999999;1.0;0.9999792273043995;0.9999712947021147;1.0;0.9999861144226279;0.9999593532933039;0.9999606750569822;1.0;1.024999976158142;
2016-05-07 09:15:00;0.9999548333130183;1.0;0.9999617059832737;0.9999586322141951;0.9999804470582115;0.9999624146865086;1.0002631524162628;0.9999244935123655;1.0;1.0;0.9999627237382387;1.0;1.0000321017400848;0.999948876846272;0.9999066935326989;0.9999079306109877;0.9999086597537509;0.9999788062961094;0.9999999999999999;0.9999689457391829;0.9999513781649121;0.9999699710080461;0.9999083530202142;1.0002472287254842;1.0002700096972756;0.9999575834559179;0.9999661154223884;0.9999697219944956;1.0;0.9998073015620413;0.9997884834688778;0.999879338393962;0.9999881616519508;0.9998834354795283;1.0;1.0;0.9999764309359199;0.9999677044022064;1.0;0.9999858532820355;0.9999533623353335;0.9999619871090332;1.0;1.024999976158142;
2016-05-07 09:30:00;0.9999438549323632;0.9999999999999999;0.9999555229697639;0.9999497610751001;0.9999760855618375;0.9999553463099738;1.0002720694337075;0.9999097181260335;0.9999999999999999;1.0;0.9999568604847628;1.0;1.000032526563744;0.9999384986299416;0.9998850354216305;0.9998871917815487;0.9998882049852514;0.9999737416666461;1.0;0.9999629036465105;0.9999387043803594;0.9999664136670122;0.9998877742784891;1.0002555052232294;1.0002793614213448;0.999947317670741;0.9999611297048674;0.9999638680035627;1.0;0.9997673485807989;0.9997690854892588;0.9998748365374363;0.9999849285453067;0.9999020792011923;0.9999999999999999;1.0;0.9999824707757806;0.9999741253258476;1.0;0.9999821900964513;0.9999414026744896;0.9999562093665233;1.0;1.024999976158142;
2016-05-07 09:45:00;0.999932199895925;1.0;0.9999385303921489;0.9999356944276374;0.9999679664860873;0.9999399836472334;1.0002752788038638;0.9998725549174475;1.0;1.0;0.9999423411528051;1.0;1.0000342817740393;0.9999127574102147;0.9998406360051483;0.9998457282689419;0.9998472458986303;0.9999669769939362;1.0;0.9999534324085557;0.9999328963948078;0.9999554565685622;0.9998467775389199;1.0002584547715987;1.0002824553407184;0.999940365935307;0.9999506750411206;0.9999504798724553;1.0;0.9997741300026323;0.9997739648645856;0.9998771238192402;0.9999777920928404;0.9999025078952726;1.0;1.0;0.9999853283091181;0.9999766016977595;0.9999999999999999;0.9999744116806244;0.9999361045152013;0.9999398577357901;1.0;1.024999976158142;
2016-05-07 10:00:00;0.9998967753903821;0.9999999999999999;0.9999101925754746;0.9999064115809045;0.9999403764194645;0.9999145649330123;1.0002850662761247;0.9998238151576335;1.0;0.9999999999999999;0.999921099898032;1.0;1.0000351086272665;0.9998726730919685;0.9997716064382733;0.9997872006682706;0.9997898241728603;0.9999389211896067;0.9999999999999999;0.9999335169372683;0.9999001842304619;0.9999432224583392;0.9997890324339319;1.000267892338517;1.0002923728461561;0.9999143722109441;0.9999353907952803;0.9999288394627576;1.0;0.9997855454709519;0.9997819665270337;0.9998785960853304;0.9999530414366713;0.9998933160931092;1.0;0.9999999999999999;0.999984460762059;0.9999753213366258;0.9999999999999999;0.9999475531690188;0.9999066272755008;0.9999146008152704;1.0;1.024999976158142;
2016-05-07 10:15:00;0.999899293464891;0.9999999999999999;0.9999180340849325;0.9999111577032549;0.9999488335899268;0.9999209593270231;1.0002924700651998;0.9998457352520532;1.0;1.0;0.999923927260446;0.9999999999999999;1.0000337768493175;0.9998907633450194;0.9998032890222385;0.9998116700189408;0.9998135202910301;0.9999451170516791;0.9999999999999999;0.9999341821530613;0.9998929148527143;0.9999416356488915;0.9998127732986445;1.0002747094139053;1.000300491901579;0.9999090026903213;0.9999325349602802;0.9999359525345972;1.0;0.9997363694339811;0.999721720678432;0.9998465793048442;0.9999642995600164;0.9998706396966113;1.0;1.0;0.9999855298584367;0.9999771843829738;1.0;0.9999589329371891;0.99989850009088;0.9999203898241097;0.9999999999999999;1.024999976158142;
2016-05-07 10:30:00;0.9999145399391645;1.0;0.9999302163576718;0.9999231538230722;0.999962038905225;0.9999311481324691;1.0002836042520387;0.9998625737221303;1.0;1.0;0.9999327408219632;0.9999999999999999;1.0000329673257473;0.9999059009785995;0.9998272018693638;0.9998307575836175;0.9998322176994661;0.9999586793693089;1.0;0.9999427385828996;0.9999074415311787;0.9999469384317919;0.9998315983046667;1.0002661792616216;1.0002915051248926;0.9999202135095532;0.9999392216675802;0.9999444356009942;1.0;0.9997539231118898;0.9997403119779066;0.9998486115369319;0.9999759511753119;0.9998434059599625;0.9999999999999999;0.9999999999999999;0.9999846020399817;0.9999758754349611;1.0;0.9999716225431952;0.9999115360874955;0.9999312053347746;1.0;1.024999976158142;
2016-05-07 10:45:00;0.9999281714586188;1.0;0.9999410864439925;0.9999354958300535;0.9999607194897076;0.9999420093728671;1.00029532419795;0.9998763983978969;1.0;1.0;0.9999482570201955;1.0;1.0000366558072877;0.9999112475353883;0.9998351867462137;0.9998462310474543;0.9998482739211966;0.9999595002611319;0.9999999999999999;0.9999554089842374;0.9999299453228333;0.9999646313910417;0.9998476513696296;1.0002775166976752;1.0003028529611262;0.9999403623974937;0.9999586786404092;0.9999512214193664;0.9999999999999999;0.999725324496401;0.9997207171737615;0.9998405752656407;0.9999683807172439;0.9998472048233121;1.0;0.9999999999999999;0.9999839052339159;0.9999751786349762;1.0;0.9999648590006144;0.999934556109165;0.9999444564188963;1.0;1.024999976158142;
2016-05-07 11:00:00;0.9999299755686992;1.0;0.9999392721835358;0.99993634200449;0.999960035690329;0.9999418659938535;1.0002948816538801;0.9998787164473264;1.0;0.9999999999999999;0.9999465503810021;1.0;1.0000368840848917;0.9999127131091265;0.9998422401516515;0.9998527813903745;0.9998546136043018;0.999959086026762;1.0;0.9999550321632703;0.9999324363998047;0.99996176092405;0.9998540653327225;1.0002772026385236;1.0003022659760532;0.9999419681658236;0.9999564345231864;0.9999514531047019;1.0;0.9997249420924135;0.9997188615557937;0.9998313064935216;0.9999684526018083;0.9998103393974581;1.0;1.0;0.9999737627036213;0.9999654173263623;1.0;0.9999647829724927;0.9999367943129939;0.9999422926924998;1.0;1.024999976158142;
2016-05-07 11:15:00;0.999913625012341;1.0;0.9999302709008827;0.999921403641868;0.9999555112765846;0.9999291945139364;1.0003074557708957;0.9998418982452464;1.0;0.9999999999999999;0.9999386107871947;1.0;1.0000383362872118;0.9998880190302956;0.9997863139146159;0.9997998067470193;0.9998025852613442;0.9999544528959144;1.0;0.9999472239584513;0.9999172350660186;0.9999597839654109;0.9998017805921309;1.000288651140184;1.000315474700784;0.999929031217065;0.9999526614143884;0.999939691354387;0.9999999999999999;0.9997058160219341;0.9996923759474142;0.9998150927496795;0.9999632810467055;0.9997916784784122;1.0;1.0;0.9999823184114458;0.9999731790055927;1.0;0.9999594223116783;0.9999227246331206;0.9999345780459353;1.0;1.024999976158142;
2016-05-07 11:30:00;0.9999282775371469;1.0;0.9999397740157775;0.9999352265789625;0.9999597244656988;0.9999413623092833;1.0003030450038228;0.9998754906117;1.0;1.0;0.9999473283330232;1.0;1.0000378587884882;0.999910342123243;0.999835100580367;0.9998464880843255;0.9998485150505909;0.9999587119177116;1.0;0.999955054531187;0.9999308496233296;0.999963652651873;0.9998479111709287;1.0002848255612986;1.0003106820963144;0.9999409358257938;0.9999579434104886;0.9999506944477298;0.9999999999999999;0.9996897391217817;0.999702773037106;0.999831915302904;0.9999675117751428;0.9998452112161779;1.0;1.0;0.9999841376767705;0.9999749982542904;0.9999999999999999;0.999963911884447;0.9999354541985707;0.9999431761544619;1.0;1.024999976158142;
2016-05-07 11:45:00;0.9998981400865904;1.0;0.9999156385096022;0.9999077333995166;0.9999469397452633;0.9999166629937617;1.000306393645414;0.9998228559547035;1.0;0.9999999999999999;0.9999244193886064;1.0;1.0000373734527443;0.999874403000698;0.999766763413604;0.9997801510556582;0.9997828838824803;0.999945050949873;1.0;0.9999354881925018;0.9998994512325285;0.9999467054379825;0.9997820330097115;1.000287674536784;1.0003145216076181;0.9999137136739488;0.999938346824392;0.9999302980706045;1.0;0.9997093321388418;0.9997235710647799;0.9998347569556653;0.9999586843092867;0.9998172367535041;1.0;1.0;0.9999846936699901;0.9999759670641698;1.0;0.9999537292977292;0.9999055730270289;0.999919686331905;0.9999999999999999;1.024999976158142;
2016-05-07 12:00:00;0.9999129289756495;1.0;0.9999268071161553;0.9999224946410326;0.9999499048720336;0.9999302235589985;1.0003056268963286;0.9998585905060807;1.0;1.0;0.9999356497503151;1.0;1.0000373947966;0.9998971841628664;0.9998152897642317;0.9998281340984295;0.9998302583172266;0.9999480849713569;1.0;0.9999446931025994;0.9999137257302902;0.9999538564201089;0.9998295722695169;1.0002873271927506;1.0003134144981425;0.9999268190959797;0.9999467206774436;0.9999421267774419;0.9999999999999999;0.9997224273093268;0.9997297165164611;0.9998348107914101;0.9999608072823396;0.9998060357853544;1.0;1.0;0.9999845523919423;0.9999754129656717;0.9999999999999999;0.9999561554502551;0.9999192763942911;0.9999305011218733;1.0;1.024999976158142;
2016-05-07 12:15:00;0.9999371737806512;1.0;0.9999468396753916;0.9999425327320806;0.9999690682166886;0.9999477351457824;1.0003012601367471;0.9998905344259353;1.0;1.0;0.999950909352408;1.0;1.0000371866057656;0.9999237116501658;0.9998593425518175;0.999865341618533;0.9998668042719062;0.9999676312939517;1.0;0.9999587859949008;0.9999364446591442;0.9999634134603764;0.9998663189953257;1.0002830268279117;1.0003090312194312;0.9999449360296767;0.9999583071156367;0.9999568124965139;1.0;0.999699690417577;0.9997119257407218;0.999823642006563;0.9999775677048293;0.9997923690511172;1.0;1.0;0.9999848699433729;0.9999761433360143;0.9999999999999999;0.9999744438807824;0.999939834324223;0.9999485913579726;1.0;1.024999976158142;
2016-05-07 12:30:00;0.999942714788275;1.0;0.9999450007427416;0.9999445917744917;0.9999729838981198;0.9999473903920293;1.000299116821868;0.9998903323790063;1.0;1.0;0.9999477836354616;1.0;1.0000376535097903;0.9999255175245827;0.9998672282784146;0.999870291313797;0.9998713810819588;0.9999722946175539;1.0;0.9999588645727195;0.9999434294714479;0.9999579016252955;0.9998710462515806;1.0002809890542823;1.0003067163126593;0.999948939366738;0.9999542953557361;0.9999570024075463;1.0;0.9996942699413195;0.9997099088760876;0.9998189211820199;0.9999824027964082;0.9997749986267841;1.0;1.0;0.9999845284844712;0.9999761830173653;1.0;0.9999793900466619;0.9999458277401859;0.9999455789909611;0.9999999999999999;1.024999976158142;
2016-05-07 12:45:00;0.9999347719470335;0.9999999999999999;0.9999368676088571;0.9999367786790626;0.9999677844354501;0.9999398056354345;1.0003018757406195;0.9998733614745251;1.0;1.0;0.9999409501012174;1.0;1.0000382373481707;0.9999132631828972;0.9998454616145471;0.9998503183790012;0.999851685447735;0.9999673280640067;1.0;0.9999535701777205;0.9999370813040569;0.9999531734843539;0.9998512940453617;1.0002835617642551;1.0003095169720473;0.9999431826332678;0.9999492341325604;0.9999504870833333;1.0;0.9997036058398989;0.9997062822058443;0.9998179459473179;0.9999779048331796;0.9997776782564882;1.0;1.0;0.9999845721835501;0.9999762267160797;1.0;0.9999744716351922;0.9999399926635608;0.999937932461289;1.0;1.024999976158142;
2016-05-07 13:00:00;0.999962747264014;1.0;0.9999664503652331;0.9999658098023518;0.9999788775836226;0.9999684495375233;1.0002914313512574;0.9999358064399406;1.0;1.0;0.9999698993494486;1.0;1.0000368259772627;0.9999541559641247;0.999918888009154;0.9999235863395608;0.9999244216380562;0.9999783001831732;0.9999999999999999;0.9999751534260068;0.9999635590336341;0.9999772672017474;0.999924161548742;1.0002740939098946;1.0002985500866923;0.9999684167238378;0.9999745582542128;0.9999739749674471;1.0;0.9997082801865463;0.9997308289760687;0.9998288866607056;0.9999841302632178;0.9997781367691918;1.0;1.0;0.9999847484068558;0.9999764029379146;0.9999999999999999;0.9999820756036226;0.9999657047384559;0.9999677034137479;1.0;1.024999976158142;
2016-05-07 13:15:00;0.9999448451232826;1.0;0.9999517774063905;0.9999491799279777;0.9999721702504923;0.9999533622557469;1.0002948943990189;0.9999036384355402;1.0;1.0;0.9999554324614102;1.0;1.0000366577018618;0.9999327788880278;0.9998781323367614;0.9998832090434137;0.999884409238324;0.9999710091738608;1.0;0.9999630758814901;0.9999444731154308;0.9999660195495695;0.9998840122991037;1.0002771319226484;1.0003023852433284;0.9999516332433378;0.9999617580871739;0.9999616403408137;1.0;0.9996976529119677;0.9997170015132363;0.9998283026377482;0.9999801118093752;0.9998019976306317;1.0;1.0;0.9999842900424473;0.9999759445773314;1.0;0.9999772592353153;0.9999473739461995;0.9999531645536139;1.0;1.024999976158142;
2016-05-07 13:30:00;0.9999499315246898;1.0;0.9999543375906995;0.999953282513339;0.9999750012481002;0.9999565960736791;1.0002822138583112;0.9999123262454941;0.9999999999999999;1.0;0.999957130343165;1.0;1.0000351140966215;0.99993935822567;0.9998924769254075;0.9998958805134193;0.9998967902434677;0.999973918218778;0.9999999999999999;0.9999651609655934;0.9999491441291445;0.9999658178128031;0.9998964751376095;1.0002652445689157;1.0002893532238633;0.9999552309924613;0.9999621765437049;0.9999646981363346;1.0;0.9997421433664632;0.9997667714486358;0.9998555627215927;0.9999831987745202;0.999823742226418;1.0;1.0;0.9999840460469148;0.999974906625272;1.0;0.999980484291922;0.9999515291073572;0.9999551138014617;1.0;1.024999976158142;
2016-05-07 13:45:00;0.9999153858877389;1.0;0.9999236752999344;0.9999185122543294;0.9999655636203056;0.999923712109231;1.000293057758558;0.9998351082329154;1.0;0.9999999999999999;0.9999260287229282;1.0;1.0000360243314723;0.9998900498571249;0.9997953508340705;0.9997983434723231;0.9998001552402752;0.9999640915729933;1.0;0.9999407942547173;0.9999145063935292;0.9999417273122096;0.9997995757266513;1.0002747762873518;1.000301081148861;0.9999230955895944;0.9999356845263635;0.999937252154438;0.9999999999999999;0.9997224987534244;0.9997511048396185;0.9998446500162259;0.9999783993682102;0.9998071358533174;1.0;1.0;0.9999838938973014;0.9999755484354915;1.0;0.9999744417164322;0.9999179142083623;0.9999244056029097;1.0;1.024999976158142;
2016-05-07 14:00:00;0.9999342272296603;1.0;0.9999385778272584;0.9999369631336563;0.9999695959452917;0.9999406508293917;1.0002888657004836;0.9998757392300793;1.0;1.0;0.999941575043837;1.0;1.0000360063272928;0.9999156647513066;0.9998479711475607;0.9998514855936568;0.9998527777441072;0.9999685881068509;1.0;0.999953466308292;0.9999343187463042;0.9999533594842421;0.999852367375627;1.0002712451128994;1.0002963623074175;0.9999411152515979;0.9999489316734982;0.999951434467093;1.0;0.9997241144988289;0.9997482567636846;0.9998422282023968;0.9999801269445572;0.9998016084122818;0.9999999999999999;1.0;0.9999846567768328;0.9999763113086563;1.0;0.9999767472525534;0.9999371478557203;0.9999393289167906;1.0;1.024999976158142;
2016-05-07 14:15:00;0.9999576840946637;1.0;0.9999653834981279;0.999961001546492;0.9999814003651187;0.9999646812765954;1.0002846893112531;0.999923094184236;0.9999999999999999;1.0;0.9999674444633777;1.0;1.000035497921089;0.9999474275596376;0.9998997973631498;0.999903197718218;0.9999042771196495;0.9999804001235132;1.0;0.9999725814262107;0.9999569222508993;0.9999762382779618;0.9999039232119284;1.0002674537752876;1.000291971321825;0.9999624915407758;0.9999726595381264;0.9999706065321681;1.0;0.9997216618350341;0.9997460897099296;0.999845811534765;0.9999867028917494;0.9998214809964371;1.0;1.0;0.999984387672136;0.9999764550289153;1.0;0.999984796854098;0.9999590988073385;0.9999664866278755;1.0;1.024999976158142;
2016-05-07 14:30:00;0.99994410506893;1.0;0.9999561930335645;0.9999496821819934;0.9999757716136923;0.999955217951956;1.0002868587543146;0.9999052795691149;1.0;1.0;0.9999583865169202;1.0;1.0000348650167246;0.9999351113772981;0.9998762506470139;0.9998800262315256;0.9998813098235644;0.9999738735872996;0.9999999999999999;0.9999641039481443;0.9999409329994462;0.9999692785115232;0.9998808392932343;1.0002693884878942;1.0002944458229752;0.9999492330748674;0.9999641135195304;0.9999630978435593;1.0;0.9997060944014614;0.9997526270843292;0.9998511070930756;0.999983275587666;0.9998325952341058;1.0;1.0;0.9999853044015072;0.9999773717510143;1.0;0.9999807080920048;0.9999438352657715;0.99995746092849;0.9999999999999999;1.024999976158142;
2016-05-07 14:45:00;0.9999538673152393;1.0;0.9999631228862753;0.9999568893595342;0.9999820077990844;0.9999609333802871;1.0002797872148508;0.9999109936069233;1.0;1.0;0.9999648174147016;1.0;1.000034874300927;0.9999402069532211;0.9998825471732058;0.9998858202056362;0.9998871432927281;0.9999810382060448;1.0;0.999970448275774;0.9999533442844989;0.9999750330628772;0.999886727470858;1.0002626574457083;1.0002870994218245;0.9999590260977358;0.9999710892237543;0.9999671477104638;1.0;0.9997169757010842;0.9997645916655933;0.9998628996603403;0.9999871510767185;0.9998602109398647;1.0;1.0;0.9999839052339161;0.9999751786349763;1.0;0.9999853054259638;0.9999556078296549;0.9999643149838741;1.0;1.024999976158142;
2016-05-07 15:00:00;0.9999450615174039;0.9999999999999999;0.999954457225873;0.9999494253146702;0.9999763254471352;0.9999541258986021;1.0002748483150916;0.9999029398608048;1.0;1.0;0.9999564358449454;0.9999999999999999;1.0000336364642626;0.9999340560035321;0.9998760471582643;0.9998791292259158;0.9998803253043554;0.9999747415286694;1.0;0.9999634937009965;0.9999427076178053;0.9999667941178983;0.9998798998030359;1.0002580822380056;1.0002820971431958;0.999950028122615;0.9999621278599131;0.9999623082854351;1.0;0.9997422912620499;0.9997827847848093;0.9998723596160125;0.9999842134866055;0.9998657705680983;1.0;1.0;0.9999853044015069;0.999977371751014;1.0;0.9999816256448408;0.999945342662436;0.999955407661957;1.0;1.024999976158142;
2016-05-07 15:15:00;0.9999378152263851;1.0;0.9999488683911724;0.9999419874030937;0.9999755030936558;0.9999472164834461;1.0002722561987691;0.9998845533325583;1.0;1.0;0.9999505178669481;1.0;1.000033224415988;0.999922664478574;0.9998515242625357;0.9998544408982009;0.9998559200005724;0.9999738686190092;1.0;0.999958779290181;0.9999355411253762;0.9999627710591692;0.9998554165514856;1.0002554280836418;1.0002796309803503;0.9999433039563974;0.9999575165093841;0.9999563277023616;1.0;0.999758452545634;0.999814365663518;0.9998866848213487;0.9999839165718774;0.999867410309652;0.9999999999999999;0.9999999999999999;0.9999839784904121;0.9999756330278964;1.0;0.9999812027811746;0.999938372554397;0.9999498685908625;1.0;1.024999976158142;
2016-05-07 15:30:00;0.9999485303553529;1.0;0.999956580514816;0.9999519029431131;0.9999767005339346;0.9999559464317231;1.0002704161040612;0.999902741506997;1.0;1.0;0.9999596220916142;1.0;1.0000338254735675;0.9999333456935416;0.9998734975762891;0.9998783294723055;0.9998797289544357;0.9999758687547268;1.0;0.9999664821177531;0.9999491053704255;0.9999707845762635;0.9998793027106643;1.0002539369224606;1.000277401160524;0.9999553305265935;0.9999667272492911;0.999963109054922;1.0;0.9997618463735742;0.9998252710213305;0.9998962448258097;0.9999828214320966;0.9998878001940986;1.0;1.0;0.9999792526450425;0.9999697321334841;1.0;0.9999805076851458;0.999951775830001;0.9999580977885492;1.0;1.024999976158142;
2016-05-07 15:45:00;0.9999372148693911;1.0;0.9999471562419184;0.9999410007160643;0.9999728083546275;0.9999458899491724;1.0002685676720435;0.9998794182310767;1.0;1.0;0.9999503951255692;1.0;1.0000333736035019;0.9999180187960842;0.9998432805867644;0.9998485605560359;0.9998502784004595;0.9999717882131967;1.0;0.9999589604681987;0.9999377191278148;0.9999640051539254;0.9998497552563435;1.000252015855794;1.0002756936815613;0.9999451086743938;0.9999590513552862;0.9999546666449325;0.9999999999999999;0.9997657089494715;0.9998312099479554;0.9998991785242518;0.9999802701519499;0.9998889584362493;0.9999999999999999;1.0;0.9999841436757455;0.9999754170747249;1.0;0.9999775260077052;0.9999408619091321;0.9999488524406416;1.0;1.024999976158142;
2016-05-07 16:00:00;0.9999553810331367;0.9999999999999999;0.9999604509470194;0.9999569169495934;0.9999826094575285;0.9999597675755314;1.0002684308429564;0.9999109813567011;1.0;0.9999999999999999;0.999961583911216;1.0;1.0000336631099924;0.9999409161602196;0.9998880861637456;0.9998897654480998;0.9998908178625397;0.9999818819169356;1.0;0.9999691951646426;0.9999551406667749;0.9999703041970537;0.9998904901694963;1.0002520099101155;1.000275397691566;0.9999596095092715;0.9999670489957241;0.9999666848526011;1.0;0.9997394173108407;0.9998140120195251;0.9998919687706086;0.999988941495108;0.9998912073088321;1.0;1.0;0.9999851829148253;0.9999776314028892;1.0;0.9999869636362158;0.99995694939721;0.9999609442781953;1.0;1.024999976158142;
2016-05-07 16:15:00;0.9999663822994266;1.0;0.9999726285030305;0.9999684450876313;0.999987964354727;0.9999712959063185;1.0002650943074687;0.9999365519709154;1.0;1.0;0.9999729947702638;1.0;1.0000330185534638;0.9999580963481877;0.9999185538461275;0.9999194379519415;0.9999202259780785;0.9999870054921868;1.0;0.9999775747452062;0.9999647116880997;0.9999795067612806;0.9999199515723761;1.0002489788900897;1.000271934999436;0.9999688085108038;0.9999766150766375;0.9999762846111188;1.0;0.9997539099218322;0.9998178720070797;0.9998905969035745;0.9999926034234943;0.999877649202625;1.0;0.9999999999999999;0.9999839968637328;0.9999752702639934;1.0;0.9999911976847523;0.9999661267610745;0.9999729917651096;0.9999999999999999;1.024999976158142;
2016-05-07 16:30:00;0.9999479797904621;0.9999999999999999;0.9999558702293406;0.9999501230085659;0.9999814051109139;0.9999539258749083;1.0002758547804715;0.999896503782032;1.0;1.0;0.9999566315092452;1.0;1.0000342466419636;0.999931845197291;0.9998680820820292;0.9998695862264326;0.9998708686214319;0.9999803328108625;1.0;0.9999647381457458;0.9999468269464631;0.999967008872441;0.9998704562979187;1.0002588168422977;1.0002832086523883;0.9999523559979753;0.9999629054928549;0.9999617442574491;1.0;0.999746771578325;0.9998001632527952;0.9998662095904822;0.9999884373212611;0.9998059896874035;1.0;1.0;0.9999852127713311;0.9999772801215652;1.0;0.9999862859618585;0.9999489201235067;0.9999564265822278;1.0;1.024999976158142;
2016-05-07 16:45:00;0.9999303042906971;1.0;0.9999445856248701;0.999935590500021;0.9999747466175508;0.9999420076028559;1.000281157505251;0.9998743452321556;1.0;1.0;0.9999451833797324;0.9999999999999999;1.0000335822999362;0.9999167371450022;0.9998385362868252;0.9998401295712747;0.9998416544175132;0.9999723490121754;0.9999999999999999;0.9999537990504082;0.9999253783536712;0.99995816685573;0.9998410854437032;1.0002636433345349;1.000289016411041;0.9999346327075431;0.9999518599533174;0.999952370818321;1.0;0.9997479545798116;0.9998032578837797;0.999863280188974;0.9999847139031417;0.9997878031416715;1.0;1.0;0.9999836853118973;0.9999749587148767;0.9999999999999999;0.9999817321511311;0.9999283775574169;0.999945269425809;1.0;1.024999976158142;
2016-05-07 17:00:00;0.9999417995569353;0.9999999999999999;0.999948724633383;0.9999449679090235;0.9999749147908933;0.9999490179067114;1.0002688777943405;0.9998912758756799;1.0;1.0;0.9999508231822365;1.0;1.0000332226491944;0.9999266524701782;0.9998638830666613;0.9998667708993765;0.9998680166150973;0.9999736908254715;1.0;0.9999600294246703;0.9999407333238116;0.9999616841944517;0.9998676033011771;1.000252409707558;1.000275964085114;0.9999473748936972;0.9999572763724821;0.999958097855308;1.0;0.9997624119429753;0.9998269922981587;0.9998906271693003;0.9999836152585101;0.9998600676739224;1.0;0.9999999999999999;0.9999844313712319;0.9999764987276645;1.0;0.9999808249763362;0.9999433013786025;0.9999495053652127;0.9999999999999999;1.024999976158142;
2016-05-07 17:15:00;0.9999506524906446;1.0;0.9999563988660483;0.9999533118919683;0.9999790905641944;0.9999567257470257;1.0002696943978697;0.9999083275707724;0.9999999999999999;1.0;0.999957881224428;1.0;1.0000334314508608;0.9999384000056709;0.9998859831258847;0.9998879295367378;0.9998889276913405;0.9999779601285936;1.0;0.9999658300134255;0.9999492882897483;0.9999667770609209;0.9998885860162541;1.0002532617945505;1.000276713369231;0.9999549251335896;0.9999630252201707;0.9999645717647945;1.0;0.999760542952148;0.9998115302453023;0.9998692933784216;0.999986766051978;0.99979686147119;1.0;0.9999999999999999;0.9999841436757452;0.9999754170747247;1.0;0.999984379762225;0.9999513922506468;0.9999568943606443;1.0;1.024999976158142;
2016-05-07 17:30:00;0.9999455931323555;1.0;0.9999520786364916;0.9999487593227562;0.9999768868655743;0.999952615063601;1.0002688279620162;0.9999007657920026;1.0;0.9999999999999999;0.9999536083303924;1.0;1.0000330768505081;0.9999332632145844;0.9998770570749408;0.9998789843877669;0.9998800271692075;0.999975517508287;1.0;0.9999622427316374;0.9999435924127379;0.9999631428778328;0.9998796570118738;1.0002524125720924;1.0002758984998368;0.9999499868308624;0.99995894620833;0.9999613528162793;1.0;0.9997581635970144;0.9998222105213009;0.9998853843825577;0.9999855784207267;0.9998464502975958;1.0;1.0;0.9999841436757453;0.9999754170747246;1.0;0.9999829109208314;0.9999459050838116;0.9999525417516718;1.0;1.024999976158142;
2016-05-07 17:45:00;0.999949452992291;1.0;0.9999549613181268;0.9999504525987575;0.9999816177771097;0.9999534619965221;1.0002670033065029;0.9998943439030045;1.0;1.0;0.9999559793610258;1.0;1.000033576216742;0.9999305047405653;0.9998666360073003;0.9998682896732376;0.999869578895129;0.9999810096976487;1.0;0.9999650343768457;0.99994985384599;0.9999662857045593;0.999869197322402;1.0002504975562352;1.0002740542324589;0.9999543820344428;0.9999627176775396;0.9999612230383398;0.9999999999999999;0.9997612100916681;0.999826980273043;0.9998910045555949;0.9999884186951485;0.9998615635091406;0.9999999999999999;1.0;0.9999844368545084;0.9999760913881672;1.0;0.9999863131677764;0.9999517937108657;0.9999554914143902;1.0;1.024999976158142;
2016-05-07 18:00:00;0.999940579603261;1.0;0.9999493199806835;0.9999418114445355;0.9999804063740196;0.9999457948235145;1.0002704371982383;0.9998727333509914;1.0;1.0;0.9999501738008674;1.0;1.0000338620965301;0.9999168721532582;0.9998359627666666;0.9998379950080454;0.9998397095274938;0.9999796788350296;0.9999999999999999;0.9999600018879338;0.9999410608248667;0.9999631824028615;0.9998392077719502;1.000253468189132;1.0002778069526022;0.9999464830136247;0.9999587230234168;0.9999543839283251;1.0;0.9997441934111797;0.9998137172539525;0.9998811830549593;0.9999874091612314;0.9998446599067317;1.0;1.0;0.9999843522612812;0.999976006795646;0.9999999999999999;0.9999851998708379;0.9999433854340211;0.9999501500501725;1.0;1.024999976158142;
2016-05-07 18:15:00;0.9999287984016768;1.0;0.9999324740791853;0.9999316964078802;0.9999671417539183;0.9999354943030349;1.000274785204966;0.9998677867501904;1.0;0.9999999999999999;0.9999352263655686;0.9999999999999999;1.0000339226092394;0.9999105251858366;0.9998411177075702;0.9998438336303304;0.9998450372322087;0.9999658580687603;1.0;0.9999486468488568;0.9999279242262871;0.9999469985945532;0.9998446308044212;1.0002579829606681;1.0002820101688459;0.999935256818921;0.9999422676878715;0.9999476675539484;1.0;0.9997525383557126;0.9998187589458545;0.9998821070371986;0.9999795141262685;0.9998388850590731;1.0;0.9999999999999999;0.999984515964479;0.9999765833202406;0.9999999999999999;0.9999757204814415;0.9999308106709518;0.9999328590085478;1.0;1.024999976158142;
2016-05-07 18:30:00;0.9999087256825147;1.0;0.9999081746603573;0.9999110208166357;0.9999565120980185;0.999914552457748;1.0002796180292781;0.9998294586539471;1.0;0.9999999999999999;0.9999116179762646;1.0;1.0000344669268302;0.9998847262953914;0.9998022260396481;0.9998044458102218;0.999805661820138;0.9999551610850073;1.0;0.9999313734294583;0.9999081604951103;0.9999251615913768;0.9998052474128675;1.0002624730614318;1.000287017120681;0.9999164386349896;0.9999198569309588;0.9999313411987951;1.0;0.9997601137104947;0.9998180497824002;0.9998759593511979;0.9999741543986997;0.9998131175809613;1.0;1.0;0.9999857005987817;0.9999777679451458;0.9999999999999999;0.9999689519640077;0.9999114914073806;0.9999079546127682;1.0;1.024999976158142;
2016-05-07 18:45:00;0.9999471435479421;1.0;0.9999506609800896;0.9999490911166675;0.9999777101005475;0.9999520417886673;1.0002688816434968;0.999900443138235;1.0;1.0;0.9999518180965864;1.0;1.000033340942201;0.9999336169918993;0.9998801293382186;0.9998810324157675;0.9998819175870234;0.9999765964192244;1.0;0.9999617952741823;0.999945655784373;0.9999604207391003;0.9998816067899418;1.000252476534387;1.0002758952126263;0.9999510238096915;0.9999567694527434;0.9999611236261436;1.0;0.9997458860617328;0.9998129894875811;0.999876568631373;0.9999869704426185;0.9998254097718412;1.0;0.9999999999999999;0.9999848330502826;0.9999764875806351;1.0;0.9999842724548961;0.9999476252004812;0.999950680597252;1.0;1.024999976158142;
2016-05-07 19:00:00;0.9999485587866489;1.0;0.9999573099930209;0.9999507019034762;0.9999825341000801;0.9999546563296475;1.0002677217790061;0.999896496670083;1.0;1.0;0.9999578625554901;1.0;1.0000331859312543;0.999932124041136;0.9998667600342499;0.9998682037534067;0.9998695463608089;0.9999814510625993;1.0;0.9999655577522975;0.999947343739058;0.9999684618095916;0.9998691174550414;1.0002511151856164;1.0002749255608734;0.9999528517648479;0.9999642843564264;0.999962185490183;1.0;0.999753761281842;0.9998141995579496;0.9998742917394842;0.9999891126577354;0.9998132210768981;1.0;1.0;0.999984376118727;0.9999752366940674;1.0;0.999987095487733;0.9999494174026411;0.9999579241160791;1.0;1.024999976158142;
2016-05-07 19:15:00;0.9999487620121772;1.0;0.9999546253917003;0.9999507268442647;0.9999801824689515;0.999954072568344;1.0002793464053907;0.9998998786864501;1.0;1.0;0.9999556415543075;1.0;1.0000347721351264;0.9999336557294862;0.9998750595540483;0.9998764651989426;0.9998775807020021;0.999979173056139;1.0;0.9999643583815733;0.9999477340782348;0.9999651990022642;0.9998772166620695;1.0002622085806239;1.0002866834621524;0.9999530296267952;0.9999613956154405;0.9999621961470567;1.0;0.999734021065296;0.9997900455920813;0.9998491336727492;0.9999878628482058;0.9997514156547597;1.0;0.9999999999999999;0.9999839968637325;0.999975270263993;1.0;0.9999855429131217;0.999949753065657;0.9999550082836092;1.0;1.024999976158142;
2016-05-07 19:30:00;0.9999220806281535;1.0;0.9999211308693244;0.9999231680850915;0.9999640472068337;0.99992587849617;1.000283931728097;0.9998488012015795;1.0;0.9999999999999999;0.9999239173255658;1.0;1.0000355105285503;0.9998984486023841;0.9998235308317799;0.9998253372757832;0.9998264933096846;0.9999631863534455;1.0;0.9999413385525234;0.9999225882031632;0.9999360125827913;0.9998261290317572;1.0002665345775876;1.000291340548669;0.9999290177338971;0.9999316593671995;0.9999401169325618;1.0;0.9997308159558645;0.9997960101222704;0.9998606130446126;0.9999786630991733;0.9997892401468356;1.0;1.0;0.9999859021482189;0.9999783506308515;1.0;0.9999743571488378;0.9999253315989821;0.9999209591402356;1.0;1.024999976158142;
2016-05-07 19:45:00;0.9999298296095388;1.0;0.9999328521713775;0.9999320883211376;0.9999677225440329;0.9999355567035543;1.0002765798567026;0.9998657112276134;1.0;0.9999999999999999;0.9999358468972701;1.0;1.0000344847695881;0.999909207057823;0.9998377867608866;0.9998409291320459;0.9998422267530871;0.9999667713092996;1.0;0.9999494426321682;0.999930165724142;0.999948004795079;0.999841818915341;1.0002596486434447;1.0002838056743;0.9999369202204306;0.9999435343664268;0.9999474229364165;0.9999999999999999;0.9997576771597877;0.9998098747079379;0.9998664610902871;0.9999794462106887;0.9997873737348368;1.0;1.0;0.9999755257728123;0.9999675931998909;0.9999999999999999;0.9999757802187536;0.9999330156568469;0.9999333830607963;1.0;1.024999976158142;
2016-05-07 20:00:00;0.9999271253249539;0.9999999999999999;0.9999318285495531;0.9999286101351675;0.9999708653197399;0.9999323409077866;1.0002782229987546;0.999853616906466;0.9999999999999999;1.0;0.999933541017813;1.0;1.0000346163694505;0.9999030284215502;0.9998209565043703;0.9998227183575283;0.9998242122939776;0.9999698742608819;1.0;0.9999477388052567;0.999927069504736;0.9999467042515778;0.9998237500550955;1.0002609226316335;1.0002857196763237;0.9999335672715893;0.99994190762616;0.999944459100176;1.0;0.999748171295602;0.9998050196004682;0.9998634725202488;0.9999824349547427;0.9997840435234191;1.0;1.0;0.9999813428330345;0.9999734102139678;1.0;0.9999789848461531;0.9999297477073867;0.9999321123462024;1.0;1.024999976158142;
2016-05-07 20:15:00;0.9999491493641823;1.0;0.9999553662441689;0.9999517656541294;0.9999775904383786;0.9999552721712929;1.000267579427605;0.9999024231035575;1.0;1.0;0.9999578000558172;1.0;1.0000334884813697;0.9999338231944601;0.9998760219531037;0.9998796099253048;0.9998808556455316;0.9999767893032199;1.0;0.9999656757831896;0.9999494427739897;0.9999680933563271;0.9998804719737109;1.0002512569655755;1.0002745001454394;0.9999550930990486;0.999964314328495;0.9999628576800109;1.0;0.99976423722163;0.9998203286528295;0.9998773423894355;0.9999844441387743;0.9998144064813951;1.0;0.9999999999999999;0.9999841138193832;0.9999757683557381;1.0;0.9999820816391022;0.9999518282382978;0.9999564140574856;1.0;1.024999976158142;
2016-05-07 20:30:00;0.9999268586822088;1.0;0.9999400029144685;0.999932283780695;0.9999662138441028;0.9999384871868591;1.0002742015796744;0.9998624404459352;1.0;1.0;0.999944970053623;0.9999999999999999;1.0000339706785406;0.9999050475746365;0.9998178812788697;0.9998260775471225;0.9998282347844979;0.9999650710907028;0.9999999999999999;0.9999536461767088;0.9999281872371644;0.9999617168601307;0.9998275875307945;1.0002572868790462;1.0002815087374577;0.999937468869242;0.9999557456618077;0.9999480986847367;1.0;0.9997678054246824;0.9998149117918214;0.9998667844768073;0.9999739722001671;0.9997788961677868;1.0;1.0;0.9999855243249592;0.9999775916727218;1.0;0.9999707800297645;0.999932250738916;0.9999426630050496;1.0;1.024999976158142;
2016-05-07 20:45:00;0.9999221892137072;1.0;0.999932998525663;0.9999272941515788;0.9999621442267541;0.9999331088737384;1.0002759350949453;0.9998533007781261;1.0;1.0;0.9999387887813279;1.0;1.0000344039515783;0.9998982634155007;0.9998093763138798;0.9998181870666133;0.999820341519565;0.9999612021695105;1.0;0.9999493593093624;0.9999245257872617;0.999955977739148;0.9998197090681025;1.0002589816188885;1.0002831940678172;0.9999338351900221;0.999950104379453;0.99994387191591;1.0;0.9997642074006085;0.9998177279944898;0.9998723776578256;0.999971200506242;0.9997978008449503;1.0;0.9999999999999999;0.999983679312879;0.999974539894588;1.0;0.9999675691015978;0.9999287691274943;0.9999356560894819;0.9999999999999999;1.024999976158142;
2016-05-07 21:00:00;0.999928839716891;1.0;0.9999390433927781;0.9999334808754872;0.9999680452561833;0.9999389170364481;1.0002674692143665;0.9998682048026774;1.0;1.0;0.999942653093761;1.0;1.0000328745454805;0.9999099832596935;0.9998313628953112;0.9998368021447539;0.9998385266624146;0.9999666651706988;1.0;0.9999526494046388;0.9999284574123471;0.9999570354865946;0.9998379765298882;1.0002509912904418;1.0002746281216826;0.9999370785000175;0.9999514646830364;0.9999493467326687;1.0;0.9997817809590349;0.9998358088449131;0.9998897267456378;0.9999775253721533;0.9998380670416706;1.0;1.0;0.9999846936699897;0.9999759670641692;1.0;0.9999741979309821;0.9999319630115769;0.9999406685678373;1.0;1.024999976158142;
2016-05-07 21:15:00;0.9999470231296649;1.0;0.9999539972568786;0.9999506723212422;0.9999749032851208;0.9999546371937025;1.0002635166872225;0.9999037379417668;1.0;0.9999999999999999;0.9999570425315475;1.0;1.0000327494131125;0.9999337176075104;0.999877571469503;0.9998819671596998;0.9998831972241993;0.9999738724053481;1.0;0.9999645761079362;0.9999468307154215;0.9999675247567011;0.9998828015606953;1.000247520541637;1.0002703120490937;0.9999533638533444;0.9999634375176288;0.9999625028421733;1.0;0.9997780880468264;0.9998315318845659;0.99988574497972;0.9999822252423083;0.9998288665963828;1.0;1.0;0.9999841138193836;0.9999757683557385;1.0;0.9999796308927144;0.9999495015490845;0.9999552521074403;1.0;1.024999976158142;
2016-05-07 21:30:00;0.9999321295200595;1.0;0.9999414285946081;0.999936222538758;0.9999695166157383;0.99994123333067;1.0002639758137823;0.9998721405702287;1.0;0.9999999999999999;0.9999449687243;1.0;1.000032638075627;0.9999127897571058;0.9998363195874819;0.9998416631114222;0.9998433548412954;0.9999683463698488;1.0;0.9999547820136476;0.9999323202223269;0.9999588933146294;0.9998428280395422;1.0002477204363358;1.0002709998735648;0.9999402931004993;0.9999536843725249;0.999951145048387;1.0;0.9997877330892354;0.9998371943668355;0.9998895334795277;0.9999784101792341;0.9998343175618729;0.9999999999999999;0.9999999999999999;0.9999848571244578;0.999977305614982;1.0;0.9999752584446718;0.9999356525828745;0.9999430272622861;1.0;1.024999976158142;
2016-05-07 21:45:00;0.999925334353037;1.0;0.999936906170136;0.9999299874926206;0.9999669554324335;0.9999357780230368;1.0002672622907758;0.9998578187472659;1.0;1.0;0.999941004119677;1.0;1.0000330041698733;0.9999029860839281;0.9998154943949277;0.99982202133386;0.9998240379242448;0.9999657437766368;1.0;0.9999511499732893;0.9999259980284794;0.9999570832106285;0.9998234228161014;1.0002507001192051;1.0002744652926459;0.9999348773908178;0.9999512227082181;0.9999462521505668;1.0;0.9997776210983816;0.9998345448022404;0.9998913735586745;0.9999759296121528;0.9998476397931305;1.0;1.0;0.9999840079513544;0.9999756624885927;1.0;0.9999726071518004;0.9999297842591932;0.9999389611688333;1.0;1.024999976158142;
2016-05-07 22:00:00;0.9999345373544286;0.9999999999999999;0.9999473625974983;0.9999369810235393;0.9999778853886193;0.9999422097639127;1.0002579269698344;0.9998610203995931;1.0;1.0;0.9999491542669279;1.0;1.0000321610630507;0.9999083364088959;0.9998154601015492;0.999819629822619;0.999821790687941;0.9999770750809102;1.0;0.9999580959256713;0.9999356115174832;0.9999648869744096;0.9998211657879292;1.0002415893699417;1.0002651048487454;0.9999423558487129;0.999959570398745;0.9999507337839784;1.0;0.9997912344934682;0.9998450600775688;0.999899784046081;0.999984068385723;0.9998635049812685;1.0;1.0;0.9999851616401499;0.9999776101283746;1.0;0.9999818202024569;0.9999385816676357;0.9999490472445055;1.0;1.024999976158142;
2016-05-07 22:15:00;0.999901006084408;1.0;0.9999123970606577;0.999908262326206;0.9999549212871582;0.9999155585027333;1.0002704258169808;0.9998315922316665;1.0;0.9999999999999999;0.9999156613102552;1.0;1.0000316364261363;0.9998852156879832;0.9997947784228757;0.9997983214319118;0.9997998796596281;0.999951930917948;0.9999999999999999;0.9999307553112236;0.9998956190138687;0.9999315085560061;0.9997992603579455;1.0002537091728023;1.0002780045538564;0.9999082798280037;0.9999237367596638;0.9999319682433154;1.0;0.9997820848108674;0.9998382771341701;0.9998953752594802;0.999972071931501;0.9998575716132719;1.0;1.0;0.9999843746857578;0.9999760292199358;1.0;0.9999668409954536;0.9998999513947128;0.999913048040684;1.0;1.024999976158142;
2016-05-07 22:30:00;0.9998640088576171;0.9999999999999999;0.9998954710527136;0.9998810511885664;0.9999416197738729;0.9998958936854832;1.000271424096447;0.9997992283173486;1.0;1.0;0.9998979614846739;1.0;1.0000278164196255;0.9998622793257265;0.999745702900906;0.9997495574110814;0.99975159145132;0.9999347180783769;1.0;0.9999103895716193;0.9998469094759782;0.9999191173297634;0.9997505728726556;1.0002543412825209;1.0002800017362614;0.9998698344398693;0.999905511010754;0.9999169109164785;1.0;0.9997978914787847;0.9998502176806666;0.9999027910813024;0.9999645015973346;0.9998665766628579;1.0;1.0;0.9999845398712452;0.999975813266767;1.0;0.9999576319657574;0.9998535190586619;0.9998966583500768;1.0;1.024999976158142;
2016-05-07 22:45:00;0.9998979107199436;1.0;0.9999180411629538;0.9999096574272274;0.9999515984320527;0.9999197919635933;1.0002643491893315;0.9998423463473638;1.0;1.0;0.9999224564146979;1.0;1.0000297706920986;0.999890050685626;0.9997994668812331;0.9998058567025954;0.99980766175387;0.9999475067537046;0.9999999999999999;0.9999329108567306;0.9998897374672702;0.9999399071651599;0.9998069003525978;1.0002480890959122;1.000271906327601;0.9999059670739773;0.9999304626511236;0.9999351946554821;1.0;0.9997917693349332;0.9998510107064107;0.9999061696775101;0.9999676392796937;0.9998798385903686;1.0;1.0;0.9999846485383564;0.9999767158930664;1.0;0.9999623615710193;0.9998950851202413;0.999919873006965;1.0;1.024999976158142;
2016-05-07 23:00:00;0.9999007571702803;0.9999999999999999;0.9999203022187578;0.9999096336191922;0.999959413113967;0.999918904450306;1.0002628499252577;0.999830493011076;1.0;1.0;0.9999226856484297;1.0;1.0000300910910986;0.9998854617776832;0.9997832814943788;0.9997872699031287;0.999789283646598;0.999955886462012;1.0;0.9999343085908031;0.9998937832495548;0.9999406248462956;0.9997885069990249;1.0002463037983917;1.0002705771560083;0.999907824087181;0.999931671022316;0.9999337785807579;1.0;0.9997967651196348;0.9998533534561964;0.999905972013337;0.9999741264892523;0.9998743286367676;1.0;1.0;0.9999850107574183;0.9999758713269584;1.0;0.9999695200434248;0.9998984199616013;0.9999216147376155;1.0;1.024999976158142;
2016-05-07 23:15:00;0.9998917935289523;0.9999999999999999;0.9999056966998042;0.9998992159198437;0.9999533988428067;0.9999073601308959;1.000265098350929;0.999810587408425;1.0;0.9999999999999999;0.9999086717623379;1.0;1.0000307476780375;0.9998719948871647;0.9997664721935428;0.9997699770957268;0.9997718656366882;0.9999502353051353;0.9999999999999999;0.9999249388565608;0.9998861805568116;0.9999268199898586;0.9997711473626374;1.0002484590524685;1.000272779138626;0.9998996946410295;0.9999182094158681;0.9999249292211506;1.0;0.9998095518201234;0.9998643041553162;0.9999146948136924;0.9999712760203903;0.9998911818383652;1.0;1.0;0.9999853651389219;0.9999782264498178;1.0;0.9999658470579218;0.9998908269739304;0.9999064561558711;1.0;1.024999976158142;
2016-05-07 23:30:00;0.9999238787409054;0.9999999999999999;0.9999391819311527;0.9999307390884329;0.9999686355782288;0.9999379123117399;1.0002593689361676;0.9998692514519786;1.0;1.0;0.9999412354621723;1.0;1.0000305627817752;0.9999114991842389;0.9998318467513122;0.9998353708871348;0.999836985371954;0.9999659959387889;1.0;0.9999499732111943;0.9999189056639659;0.9999553395024148;0.9998363758640874;1.0002432651347293;1.0002666543921264;0.9999297085586984;0.9999484484969295;0.9999491362097833;1.0;0.9998074226283616;0.9998605736130357;0.999910432323232;0.9999795992468092;0.9998801454150811;0.9999999999999999;1.0;0.9999838938973012;0.9999755484354914;1.0;0.9999760975681976;0.9999225379046015;0.9999403640005645;1.0;1.024999976158142;
2016-05-07 23:45:00;0.9999207468148926;1.0;0.9999369056054193;0.9999291590453327;0.9999633575883459;0.9999369349778465;1.0002605465289331;0.9998704129194973;1.0;0.9999999999999999;0.9999406203505763;1.0;1.000030618289819;0.999910151853963;0.9998321610707771;0.9998380197136626;0.9998397055681536;0.9999605985008879;0.9999999999999999;0.9999487480924011;0.9999161332863208;0.9999555206476165;0.9998390689217957;1.0002445456675773;1.0002677392544046;0.9999282040824291;0.9999482731487624;0.9999483446870943;1.0;0.9997996352180711;0.9998580236439009;0.9999122451795622;0.9999745593094415;0.999893093838899;1.0;1.0;0.9999858175045209;0.9999782659877925;0.9999999999999999;0.9999706988184975;0.9999203518780592;0.9999387338408179;1.0;1.024999976158142;
2016-05-08 00:00:00;0.9999144995352964;1.0;0.9999327680775159;0.9999238238197224;0.9999613657333667;0.9999324503539925;1.0002608419922243;0.9998616312914392;1.0;1.0;0.9999363477991382;1.0;1.0000302318270078;0.9999043271668524;0.999820630813097;0.9998263974597493;0.9998281776864153;0.9999581914345903;1.0;0.9999447901951447;0.9999086895575535;0.999952215513539;0.9998274871227049;1.0002447475313456;1.0002681813960956;0.9999219262438854;0.9999442348197412;0.9999447834110773;0.9999999999999999;0.99981255040101;0.9998656002978913;0.9999161707378559;0.9999735623444851;0.9998953506876601;1.0;0.9999999999999999;0.9999849306800788;0.9999769980325506;1.0;0.9999694356770464;0.9999131885978395;0.9999346031862003;1.0;1.024999976158142;
2016-05-08 00:15:00;0.999903555418457;1.0;0.999921936598153;0.9999129694365247;0.9999560824744467;0.999921994969442;1.0002645109871384;0.999838767085942;0.9999999999999999;1.0;0.9999262501665617;1.0;1.00003072327049;0.9998887830075087;0.9997925035527134;0.9997991761725005;0.9998012238998859;0.9999529419685397;1.0;0.9999369788510355;0.9998985237825984;0.999944350669446;0.9998004653850656;1.0002480991180869;1.000272014520956;0.9999125955575692;0.9999357801695272;0.9999360854743383;1.0;0.9998013937455092;0.9998603810441564;0.9999149074279409;0.9999698272248339;0.999900193811523;1.0;1.0;0.9999800538258629;0.9999713272605332;1.0;0.9999651549650214;0.9999035013882418;0.9999239827859888;0.9999999999999999;1.024999976158142;
2016-05-08 00:30:00;0.9999105568786636;1.0;0.999929219025995;0.9999177833262387;0.9999661378382323;0.9999261598086188;1.0002558233326646;0.9998402598780998;1.0;1.0;0.9999307374562384;0.9999999999999999;1.0000297040066068;0.9998933164851141;0.9997935473721535;0.999796724356949;0.9997987433047639;0.9999631382587917;1.0;0.999941280657535;0.999904798626939;0.9999477756232606;0.9997980022383053;1.000239611650416;1.0002633533872507;0.9999169520208449;0.9999396610809617;0.9999392140509972;1.0;0.9998136027982826;0.9998700435450922;0.9999222938756257;0.9999785416139922;0.9999134658919332;1.0;1.0;0.9999843635979503;0.9999756369950101;1.0;0.9999746814426659;0.9999088601469075;0.999930434898018;0.9999999999999999;1.024999976158142;
2016-05-08 00:45:00;0.9999321262060505;1.0;0.9999448341851004;0.9999379160062899;0.9999730145596047;0.9999440871905274;1.0002511541630963;0.9998840582188474;0.9999999999999999;1.0;0.9999458412412386;1.0;1.0000296229774457;0.9999222561714998;0.9998535686715597;0.9998552223158851;0.9998564857729397;0.999970482306695;1.0;0.9999543410464746;0.9999266410170761;0.9999574940456615;0.9998559760748181;1.0002356005978432;1.000258171002109;0.9999360845760804;0.9999514111124241;0.9999546030711709;1.0;0.9998201358205044;0.9998754753975337;0.9999271607353362;0.9999837084749938;0.9999241866577582;0.9999999999999999;1.0;0.9999854437820362;0.9999778922681302;1.0;0.9999805163533528;0.9999296288164543;0.9999453697938342;1.0;1.024999976158142;
2016-05-08 01:00:00;0.9999327831051495;1.0;0.9999435621613538;0.9999386996016348;0.999970036556796;0.9999444752000679;1.0002494091676506;0.9998876272176831;1.0;0.9999999999999999;0.9999457367123199;0.9999999999999999;1.0000296566030682;0.9999232811560496;0.9998594215686232;0.999862373067852;0.9998635703118223;0.9999677356200919;1.0;0.9999544864467059;0.9999284054980333;0.9999571456616784;0.9998630942363246;1.000234131542158;1.0002561996394541;0.9999377878615094;0.9999513878103717;0.9999550181475433;1.0;0.9998272944622534;0.9998822343500647;0.999932548568577;0.9999808865980196;0.9999344960598158;1.0;1.0;0.9999758692827219;0.9999675238878822;1.0;0.9999774883625305;0.9999315535070422;0.9999443471834344;1.0;1.024999976158142;
2016-05-08 01:15:00;0.9999275745537962;1.0;0.9999384738228074;0.9999324933029634;0.9999691910501161;0.9999382104853274;1.0002447423431728;0.9998685394595053;1.0;1.0;0.9999409450175043;1.0;1.000029475673969;0.9999111304537385;0.999833529185548;0.9998372154355797;0.9998387835803914;0.9999673344209349;1.0;0.9999511694984637;0.999925138322495;0.9999545469836953;0.9998382411491031;1.0002295506933547;1.000251497245948;0.9999341580088663;0.9999486666931943;0.9999492197004898;0.9999999999999999;0.9998507253311532;0.999894956893039;0.9999393608728836;0.9999797506897419;0.9999393003063393;0.9999999999999999;0.9999999999999999;0.9999774883483624;0.9999699368945327;1.0;0.9999763414810791;0.9999284625900207;0.999939564116981;1.0;1.024999976158142;
2016-05-08 01:30:00;0.9999209936225403;1.0;0.9999393287331128;0.9999290523193515;0.9999675223010178;0.9999371880334441;1.0002443051893364;0.999866892852253;1.0;1.0;0.9999416426486923;1.0;1.0000283199466315;0.9999095040310445;0.9998257470488414;0.9998301011701397;0.9998318821842402;0.9999645777306325;1.0;0.9999493565075139;0.9999153532628982;0.9999568190924067;0.9998312075195909;1.000229052654116;1.0002513217616114;0.9999272683839121;0.9999492883308998;0.9999483424338459;1.0;0.9998610219228967;0.9999016878369935;0.999943907442332;0.9999782225128182;0.9999459943288165;1.0;0.9999999999999999;0.9999843635979505;0.9999756369950106;1.0;0.9999746904174907;0.9999193324339242;0.99994088926596;1.0;1.024999976158142;
2016-05-08 01:45:00;0.9999180590016076;1.0;0.9999355632657532;0.999926683063028;0.9999642380045493;0.9999348928796091;1.0002418947802298;0.9998659063522266;1.0;1.0;0.9999383768508768;1.0;1.0000278555162847;0.9999080426358161;0.9998267353323032;0.9998313979030011;0.9998330772305151;0.9999611249893651;1.0;0.9999467685592169;0.9999120197364295;0.9999533710806972;0.9998324174888267;1.0002268840851316;1.000248802913096;0.9999245284568752;0.9999457045051041;0.9999468397321257;0.9999999999999999;0.999869370033981;0.9999057307369087;0.9999450616718684;0.9999761372115569;0.9999430505430214;1.0;1.0;0.999985817504521;0.9999782659877927;0.9999999999999999;0.9999722318328762;0.9999161796637807;0.999937082891299;1.0;1.024999976158142;
2016-05-08 02:00:00;0.9999075180391529;0.9999999999999999;0.9999300996564028;0.9999174104863771;0.9999622441932261;0.9999272616735286;1.0002427021389269;0.9998459322115913;1.0;1.0;0.9999327139116815;1.0;1.0000274286998105;0.9998951923218968;0.9997972761306054;0.9998023872525752;0.9998044821449695;0.9999586332026309;1.0;0.9999411555528765;0.9999003645382013;0.9999505203461325;0.9998036782480955;1.0002273965701156;1.0002499258136115;0.9999146702420382;0.9999415107809919;0.9999401770294705;0.9999999999999999;0.999877389649687;0.9999093093060555;0.9999469052633458;0.9999746402843628;0.9999441125724703;1.0;0.9999999999999999;0.9999849135931937;0.9999761869854542;1.0;0.9999705400219214;0.9999050787962801;0.9999319776211919;1.0;1.024999976158142;
2016-05-08 02:15:00;0.9999311152674697;0.9999999999999999;0.9999471597221069;0.9999374978978853;0.9999717524970643;0.9999444148029452;1.0002390586514602;0.9998775088542786;1.0;1.0;0.9999498443321949;1.0;1.0000285250309067;0.9999166843940588;0.9998371861187763;0.9998423072048633;0.9998441341895956;0.9999696813347092;1.0;0.9999566219916518;0.9999282703514316;0.9999644349010898;0.9998435086695895;1.00022415821615;1.0002457550397097;0.999938143045863;0.9999580387131022;0.999953617564795;1.0;0.99988004116188;0.9999050019588296;0.9999443608751755;0.9999798441223557;0.9999412368349155;1.0;1.0;0.999984986849082;0.9999766413781508;1.0;0.9999769440778353;0.99993187742948;0.9999490107633503;1.0;1.024999976158142;
2016-05-08 02:30:00;0.999939095612719;1.0;0.9999557779271278;0.9999454300938809;0.9999775951089295;0.9999522358468602;1.0002314175130702;0.9998949537052698;1.0;1.0;0.9999568583197457;0.9999999999999999;1.0000272047064203;0.9999295210470436;0.9998594802647973;0.9998624225068615;0.999863954252025;0.9999751854596222;1.0;0.9999619637230105;0.9999341765401571;0.9999692308179141;0.9998633826168495;1.0002169655522795;1.000237997311897;0.9999435430474424;0.9999630823439404;0.9999603791851651;0.9999999999999999;0.99990281367717;0.9999130420881899;0.9999476964761209;0.9999850417953406;0.9999400144819106;1.0;1.0;0.9999835891663459;0.9999736557908658;1.0;0.9999825946469412;0.999937228872263;0.9999570492654931;1.0;1.024999976158142;
2016-05-08 02:45:00;0.9999554908502541;1.0;0.9999667057974131;0.9999588376038925;0.9999830284296286;0.9999632592314273;1.0002238888520245;0.9999125696097596;1.0;1.0;0.9999687594944946;0.9999999999999999;1.000027810333795;0.9999410142564834;0.9998805186213698;0.9998848794832681;0.9998864013775544;0.9999821722794034;1.0;0.9999730327131536;0.9999556195991449;0.9999798267534957;0.9998859412434493;1.0002100256042112;1.0002298848850104;0.9999614185820864;0.999975769884182;0.9999685339768349;1.0;0.9999315354619209;0.999931288940103;0.999959049732724;0.9999867107861091;0.9999542209712975;1.0;1.0;0.999984713461801;0.9999767808159958;1.0;0.9999851366664698;0.9999580428822803;0.9999683854450782;0.9999999999999999;1.024999976158142;
2016-05-08 03:00:00;0.9999633935301594;1.0;0.9999708342116894;0.9999653636885126;0.9999848682740012;0.9999684406010494;1.0002208946797075;0.9999237526611234;1.0;1.0;0.9999732540901072;1.0;1.0000280677111264;0.9999482224346263;0.9998964829176502;0.9999010059563135;0.9999023556517906;0.9999846355993209;0.9999999999999999;0.999977575535577;0.9999653706680626;0.9999828794863735;0.9999019844990731;1.0002073460471352;1.000226590919978;0.9999694935566302;0.9999799198489623;0.9999727421482921;0.9999999999999999;0.9999392451072413;0.9999361728212661;0.9999601341592205;0.999987565406127;0.999949424299015;1.0;0.9999999999999999;0.9999842353056276;0.9999755087038074;1.0;0.9999862459760412;0.9999674092332456;0.999972445513162;1.0;1.024999976158142;
2016-05-08 03:15:00;0.9999491726797086;1.0;0.99996072165373;0.9999521871781599;0.9999808845112187;0.9999567967539391;1.0002221761649148;0.9998960715638755;1.0;1.0;0.9999630851321386;1.0;1.0000277310100996;0.9999302185015629;0.9998590506869668;0.9998639711963936;0.9998657507545431;0.9999801860528305;0.9999999999999999;0.9999687538023707;0.9999502583011171;0.999975910982753;0.9998652339380005;1.0002082869239708;1.0002282078023759;0.9999562659134337;0.99997153529866;0.9999629112291228;0.9999999999999999;0.9999449524367271;0.9999468233372877;0.999965293434809;0.9999850192042344;0.9999514063349467;1.0;1.0;0.9999847484068559;0.9999764029379147;1.0;0.9999832487308502;0.9999529261903146;0.9999625962705209;1.0;1.024999976158142;
2016-05-08 03:30:00;0.9999541229934013;1.0;0.9999633943691902;0.999956440147472;0.9999817620320327;0.9999602600132586;1.000220790221103;0.9999040824159162;1.0;1.0;0.999966071827881;0.9999999999999999;1.0000279199820787;0.9999352434965293;0.9998703495111803;0.999875467509393;0.99987712392023;0.999981415942255;1.0;0.999971647183264;0.9999562596837113;0.9999779309179051;0.999876664182131;1.000207089939168;1.00022663554243;0.9999613350258878;0.9999742178304458;0.9999657657127691;1.0;0.999950278028263;0.9999497855467224;0.9999664733640804;0.9999853249229949;0.9999507564986864;0.9999999999999999;1.0;0.9999842112341677;0.9999746906753997;1.0;0.9999836893223181;0.9999587176359414;0.9999652455485778;1.0;1.024999976158142;
2016-05-08 03:45:00;0.9999508011484046;1.0;0.9999616530277405;0.9999539137990354;0.999979972661011;0.9999583346726922;1.0002218226361002;0.9999001550543147;1.0;1.0;0.9999646493172692;1.0;1.000027850526171;0.999932206811728;0.9998640998295033;0.9998698443898324;0.9998716052048517;0.9999794259047332;1.0;0.999970007390583;0.999952566547398;0.9999773160999317;0.9998711039510194;1.0002080479495115;1.0002277405737798;0.9999584743422406;0.9999731534111231;0.9999641286000742;1.0;0.9999490856244222;0.9999469446294167;0.9999646832290636;0.9999837690547229;0.9999484397731078;1.0;1.0;0.9999846698132696;0.9999767371678105;1.0;0.9999819898088297;0.999955307538238;0.9999637347730483;1.0;1.024999976158142;
2016-05-08 04:00:00;0.9999546807942692;1.0;0.9999661859046176;0.9999590227205797;0.9999813258238334;0.9999637748448921;1.000221360652914;0.9999180610943407;1.0;1.0;0.9999683068487226;1.0;1.0000270982803836;0.9999440542358992;0.9998889414257545;0.9998931369618506;0.9998944844284434;0.9999800664810974;0.9999999999999999;0.9999722666791152;0.9999534298551322;0.9999786295138133;0.999894041882614;1.0002077537531728;1.0002272826865866;0.9999600158249082;0.999974333843772;0.999969432662118;1.0;0.9999454060687114;0.9999488787113767;0.9999680159195552;0.9999859319201868;0.999959346392379;1.0;1.0;0.9999845044118203;0.9999753649859882;0.9999999999999999;0.9999841206781448;0.9999559406960326;0.9999677368229006;1.0;1.024999976158142;
2016-05-08 04:15:00;0.9999371153695409;1.0;0.99995428321106;0.9999428689197615;0.9999768954358779;0.9999496548485187;1.0002232318718107;0.999884018491142;1.0;1.0;0.9999561650403818;1.0;1.000026642051134;0.9999220847960522;0.9998424001347894;0.9998469327627919;0.9998488239076055;0.9999749866710513;1.0;0.9999615552463776;0.9999344581257119;0.9999704684765739;0.9998481929053893;1.0002091656297671;1.0002296064491203;0.9999434941036909;0.9999643338335661;0.9999574853425363;1.0;0.9999451123929837;0.9999459954763944;0.9999641869094446;0.9999831983569472;0.9999481075006214;1.0;1.0;0.9999845398712455;0.9999758132667673;1.0;0.9999808712669165;0.9999377512316359;0.9999561434624329;1.0;1.024999976158142;
2016-05-08 04:30:00;0.9999455063349656;1.0;0.9999597262814065;0.9999493540168533;0.9999806383391141;0.9999548109895593;1.0002238627435307;0.9998910620559275;1.0;1.0;0.9999617648707979;1.0;1.000027563506228;0.999927140890369;0.9998508970268071;0.9998556842252766;0.9998575795098704;0.9999795660398848;0.9999999999999999;0.9999670130014535;0.9999454414641193;0.9999754097327219;0.9998570060607717;1.000209781659198;1.0002300799603139;0.9999523925637214;0.9999703888014878;0.9999612319171586;1.0;0.9999425386232673;0.999944697452194;0.9999647666056644;0.9999850163278611;0.999953202810728;0.9999999999999999;1.0;0.9999752332376847;0.9999652999452087;1.0;0.9999831946372496;0.9999483062812334;0.9999616679125372;1.0;1.024999976158142;
2016-05-08 04:45:00;0.9999418720134626;0.9999999999999999;0.999957411034544;0.9999461856636841;0.9999803174788635;0.9999521532143104;1.0002180874148803;0.9998860664451565;1.0;1.0;0.9999588541530217;1.0;1.0000264323391366;0.9999243304972772;0.9998450015307804;0.9998489614325146;0.9998508537797579;0.9999788668819533;1.0;0.999964421588607;0.9999404242415427;0.999972711696288;0.9998502545822291;1.0002042698661067;1.000224301350449;0.9999480582201219;0.9999672112653412;0.9999592606880577;1.0;0.9999421066822809;0.9999464450134322;0.9999658857878783;0.9999855922295511;0.9999544814823008;0.9999999999999999;1.0;0.9999793543920649;0.999971421788772;0.9999999999999999;0.9999836238453209;0.9999433429274354;0.9999591264236611;1.0;1.024999976158142;
2016-05-08 05:00:00;0.999959502323241;0.9999999999999999;0.9999701646964518;0.9999634565862798;0.9999848452893085;0.9999678251205142;1.0002167023937247;0.9999284327583277;1.0;0.9999999999999999;0.9999710911327422;1.0;1.0000263097975413;0.9999519297842265;0.9999042264316554;0.9999064877729835;0.9999075533149269;0.9999833946858298;1.0;0.9999747054841901;0.999956839201389;0.9999795452978939;0.9999071714758933;1.0002033836210773;1.0002225382455743;0.9999628665184074;0.9999755623085808;0.999973190138868;1.0;0.9999395373905295;0.9999390577576744;0.9999610447046957;0.9999896283540273;0.9999476264982563;1.0;1.0;0.9999837176239618;0.999975372163623;1.0;0.9999880099485046;0.9999588886456136;0.9999710979225809;1.0;1.024999976158142;
2016-05-08 05:15:00;0.9999579728220375;1.0;0.9999691345472859;0.9999614486150945;0.9999861933256091;0.9999658681207865;1.000215187946553;0.9999218819793273;0.9999999999999999;1.0;0.9999694492720819;1.0;1.0000261034142546;0.9999484876627589;0.9998955914471518;0.9998971402218615;0.9998982922369849;0.9999847487654003;1.0;0.9999735658727886;0.9999552076519945;0.9999783698705108;0.9998978880892024;1.0002018286978807;1.0002210942065317;0.9999610407752477;0.9999742626676361;0.9999714515123129;1.0;0.9999504685750922;0.9999494273627028;0.9999670016011143;0.999991019897452;0.9999536364841345;1.0;1.0;0.9999845044118205;0.9999753649859882;0.9999999999999999;0.9999894785826238;0.9999571568182033;0.9999699178258992;1.0;1.024999976158142;
2016-05-08 05:30:00;0.9999583728730449;1.0;0.9999706094323736;0.9999625928398453;0.9999864179649939;0.9999673993681328;1.0002175635666648;0.9999271326337159;1.0;1.0;0.9999706377186742;1.0;1.0000260685527398;0.9999518992185443;0.9999022309733562;0.999903385357813;0.9999044366008679;0.9999846286470477;1.0;0.9999740349163203;0.9999543097099285;0.9999790327361029;0.999904034774162;1.0002040963643593;1.0002235629329816;0.9999606906501841;0.9999746902826203;0.9999729600755517;1.0;0.9999479817226286;0.9999424079062299;0.9999586855428195;0.9999915073643556;0.9999307038696832;0.9999999999999999;1.0;0.9999846567768329;0.9999763113086565;1.0;0.999989942081657;0.9999562664605616;0.9999712862643174;0.9999999999999999;1.024999976158142;
2016-05-08 05:45:00;0.9999477563721845;1.0;0.9999619860907677;0.9999513371116842;0.9999848179973037;0.9999567293945407;1.000223987722342;0.9998973369468677;1.0;1.0;0.999961951274435;1.0;1.0000270387598111;0.9999331255760417;0.9998619161429508;0.9998635094646573;0.999865081195998;0.9999832186093037;1.0;0.9999673130827468;0.9999449109981527;0.9999736583199287;0.9998645558549253;1.000209817376;1.0002303721228594;0.9999516425674583;0.9999685967269744;0.9999634800904735;1.0;0.9999417317449111;0.999933745923533;0.9999480014059042;0.999990227938877;0.9999007551097697;0.9999999999999999;1.0;0.9999841998956177;0.9999750604725688;1.0;0.9999885182108449;0.9999472162816497;0.9999629537396971;1.0;1.024999976158142;
2016-05-08 06:00:00;0.9999487605406782;1.0;0.9999626052710786;0.9999535592597861;0.9999813334689497;0.9999591030785394;1.0002232214259759;0.9999071771003635;1.0;1.0;0.9999638129348201;1.0;1.0000268549651186;0.9999378110280271;0.9998748113179976;0.9998779092057346;0.9998793533756507;0.9999796161903407;1.0;0.9999683136878121;0.9999458757354713;0.9999749745142513;0.9998788533029218;1.0002093311192237;1.000229415244926;0.999953343276875;0.9999699350904705;0.9999656951641009;0.9999999999999999;0.9999411113045279;0.9999307757394569;0.9999460020892934;0.9999869371050957;0.9998976841900806;1.0;1.0;0.9999844257663445;0.9999756991628621;1.0;0.9999849848926026;0.9999484812486914;0.9999639117169539;0.9999999999999999;1.024999976158142;
2016-05-08 06:15:00;0.9999627620303242;1.0;0.9999728447385599;0.9999655407441846;0.9999879171811149;0.9999694079855788;1.0002242895441886;0.9999275279325534;1.0;1.0;0.9999734271437419;1.0;1.0000276790679186;0.9999521554727705;0.9999018012237325;0.9999038303421325;0.9999049970878537;0.9999868755472795;1.0;0.9999770361719492;0.99996132007597;0.9999820572014232;0.9999046173160518;1.000210428177111;1.0002303079398354;0.9999662440388046;0.9999784789974551;0.999974064945811;1.0;0.9999409769062275;0.9999273574811077;0.9999372000385435;0.999991521926506;0.999865853917925;1.0;1.0;0.999984455227893;0.9999757286241537;1.0;0.999990261488503;0.9999631147022644;0.9999737942162783;1.0;1.024999976158142;
2016-05-08 06:30:00;0.9999658893742084;0.9999999999999999;0.9999746623932284;0.9999684799073449;0.9999884500063438;0.9999719435796048;1.0002171053747104;0.9999346782039774;1.0;0.9999999999999999;0.9999752543635261;0.9999999999999999;1.0000268297923929;0.9999567377019648;0.9999122217485937;0.9999140218501267;0.9999150349909502;0.9999874696708118;1.0;0.9999787091220761;0.9999644559580038;0.9999828986061897;0.9999146998983117;1.0002037546221894;1.0002228708041656;0.9999689928268712;0.9999796652570575;0.9999763427355407;0.9999999999999999;0.9999489823858438;0.9999395611752225;0.9999555320388006;0.9999920248074663;0.9999223821988034;0.9999999999999999;1.0;0.9999848344839606;0.9999756950551116;1.0;0.9999908014100307;0.9999660922664452;0.999975470767119;1.0;1.024999976158142;
2016-05-08 06:45:00;0.9999624123391595;1.0;0.9999721955126264;0.9999632720736488;0.9999911558747926;0.9999666220975143;1.0002160637345379;0.9999132949884764;1.0;1.0;0.9999722710054489;1.0;1.000027214585956;0.9999442789300679;0.9998816234942846;0.9998833821973779;0.9998848764100384;0.9999907408785292;1.0;0.9999769237165369;0.9999630688600004;0.9999823834081573;0.999884454482423;1.0002024355235257;1.0002219807041184;0.9999666450741297;0.9999790848303058;0.9999709734489205;1.0;0.9999494557559896;0.9999425707715032;0.9999572336472967;0.999993544590041;0.9999239995268792;1.0;1.0;0.9999855243249594;0.9999775916727217;0.9999999999999999;0.9999926574246627;0.9999646587731326;0.9999732117174107;1.0;1.024999976158142;
2016-05-08 07:00:00;0.9999631469721049;1.0;0.9999711985953458;0.9999640552432646;0.9999903931935119;0.9999670778720307;1.0002187949583974;0.9999186154487644;1.0;0.9999999999999999;0.9999710953133804;1.0;1.0000274185220228;0.9999476462980202;0.999891838364904;0.9998928051227957;0.9998940408926147;0.9999898173502368;1.0;0.99997628210745;0.9999629752565143;0.9999799121167254;0.9998936756316457;1.0002051095736872;1.000224720112877;0.9999665228883773;0.9999767987016983;0.9999719104014217;1.0;0.9999426084515672;0.9999347027625857;0.9999509893487193;0.9999938565503931;0.9999119215906556;1.0;1.0;0.9999839614537871;0.9999748220329173;1.0;0.9999927686171829;0.999964414558222;0.9999718225008583;1.0;1.024999976158142;
2016-05-08 07:15:00;0.9999222796620493;1.0;0.9999245880289278;0.9999240772151353;0.99996508935097;0.9999275642127889;1.0002299544689017;0.999848412487534;1.0;0.9999999999999999;0.9999275613691739;1.0;1.000028516736245;0.9998980913173137;0.9998179701052223;0.9998208197958405;0.9998222339189623;0.9999641703313115;1.0;0.9999433666388274;0.9999229126740646;0.9999408910927594;0.9998217977128013;1.0002156641406164;1.0002361627850282;0.9999298789594085;0.9999361270237076;0.9999409294469956;1.0;0.9999497435873317;0.9999417004372568;0.9999586085506929;0.999978273496385;0.9999316955518116;1.0;1.0;0.9999806406354547;0.9999730891578203;1.0;0.99997423651143;0.9999259011340046;0.9999249545642827;0.9999999999999999;1.024999976158142;
2016-05-08 07:30:00;0.9999521705880768;1.0;0.9999572612946932;0.9999544241043227;0.9999798749188709;0.9999575585852827;1.0002237459609362;0.9999095106282097;1.0;1.0;0.9999587125426442;0.9999999999999999;1.0000276866857403;0.9999393212143828;0.9998876653896215;0.9998895323735433;0.9998905178015911;0.9999788945917453;0.9999999999999999;0.999966711979765;0.9999512342365859;0.9999674156418116;0.9998901899962305;1.0002100297971206;1.0002296467759915;0.9999564510273301;0.9999638843943478;0.9999651965238031;1.0;0.9999461206183676;0.9999328456361681;0.9999495589328624;0.9999872715059943;0.9999091860523923;1.0;1.0;0.9999797803809728;0.9999710538180294;1.0;0.9999849730084602;0.9999532352479655;0.9999577236141376;1.0;1.024999976158142;
2016-05-08 07:45:00;0.9999400448877968;1.0;0.9999521932910164;0.9999453466747947;0.9999760939556634;0.9999510097980121;1.0002266292504707;0.9998967655291546;1.0;1.0;0.9999533707954421;0.9999999999999999;1.00002684424509;0.999930568576245;0.9998676554516175;0.9998698117740538;0.9998710481532945;0.9999739200773878;1.0;0.9999603897441899;0.999935638881412;0.9999642666308529;0.9998705706968816;1.0002125914637503;1.0002329436132056;0.9999441076376006;0.9999587944898991;0.9999599534005612;1.0;0.9999332836340352;0.9999280082115675;0.9999476630266092;0.9999849331435037;0.9999103485651764;1.0;1.0;0.9999796151966558;0.9999712697705543;1.0;0.9999821957544389;0.999938401436236;0.9999529518096042;1.0;1.024999976158142;
2016-05-08 08:00:00;0.999951610297061;1.0;0.9999553885071122;0.9999523043752465;0.9999804493347949;0.9999548048937456;1.0002264909815068;0.999897726544301;0.9999999999999999;1.0;0.9999572505778322;1.0;1.0000287384878987;0.9999319382539733;0.9998713270038675;0.9998740081666998;0.9998752818054176;0.9999801860163453;1.0;0.9999663802032046;0.999953380039492;0.9999673849624173;0.999874928499743;1.0002124888140163;1.0002324272069536;0.9999574467599203;0.9999642480933906;0.9999622255030503;0.9999999999999999;0.9999203339783822;0.9999207133890288;0.9999450487004925;0.999986837035412;0.9999131297933938;1.0;1.0;0.9999790666399944;0.9999699272638611;1.0;0.9999847181660773;0.9999553600429493;0.9999561518311526;1.0;1.024999976158142;
2016-05-08 08:15:00;0.9999574572044111;1.0;0.9999634315138988;0.9999583327179543;0.9999841453854921;0.9999610880667222;1.0002399549676517;0.9999071668738709;1.0;1.0;0.9999651832299402;1.0;1.0000305633216156;0.9999383678306226;0.9998786018759592;0.9998818302954238;0.999883224193972;0.9999839832102473;0.9999999999999999;0.9999720450887979;0.9999595301430565;0.999975404699337;0.9998828463633266;1.000225126773853;1.0002462170724251;0.9999633251680102;0.9999723558209007;0.9999668485126565;1.0;0.9998764434832126;0.9998865800383007;0.9999160086475721;0.9999883603655821;0.9998528557414484;1.0;1.0;0.9999802498307321;0.9999719043993343;1.0;0.9999867794020822;0.9999614488403945;0.9999645710131916;1.0;1.024999976158142;
2016-05-08 08:30:00;0.9999464469993672;1.0;0.999955524943197;0.9999484421217638;0.9999784200229416;0.9999523920750311;1.000238383812931;0.9998855202717559;1.0;1.0;0.9999587520031609;1.0;1.0000303484866777;0.9999228249670383;0.9998471176242887;0.9998529735992739;0.9998548787678986;0.9999782578486252;0.9999999999999999;0.9999661693128709;0.9999497065294819;0.9999724685091343;0.9998543665264047;1.000223541227846;1.000244697651393;0.999955078287664;0.9999684376791819;0.9999590687482188;1.0;0.9998978078701586;0.999899597431403;0.9999231170101901;0.9999828215523355;0.9998583234830956;1.0;1.0;0.9999804882711217;0.9999721428377338;1.0;0.9999808594387847;0.999952477177528;0.9999575699798599;1.0;1.024999976158142;
2016-05-08 08:45:00;0.9998985686846065;1.0;0.9999238742423547;0.999909839113776;0.999958729929847;0.9999208573941454;1.000253314688972;0.9998338591090736;1.0;1.0;0.9999265122937749;1.0;1.0000282103879345;0.9998869431868072;0.9997816076509719;0.9997868334541532;0.9997890536305164;0.9999545475833471;0.9999999999999999;0.9999354457712404;0.999889841421333;0.9999456588458036;0.9997881767454897;1.0002373062354586;1.0002609582356037;0.9999058635749131;0.9999356380790448;0.9999351109413691;1.0;0.999839301003797;0.9998770140466287;0.9999216199403159;0.9999726181733388;0.9998961942789656;1.0;1.0;0.9999809820945312;0.9999730494783261;1.0;0.999968087057219;0.9998950041210182;0.999925810703155;1.0;1.024999976158142;
2016-05-08 09:00:00;0.9999236187795004;1.0;0.9999280796516159;0.9999263654427093;0.999966510153091;0.9999304640871578;1.0002486207733159;0.9998556131690421;1.0;1.0;0.9999304784916515;1.0;1.0000304586907873;0.9999030662012457;0.9998258416098202;0.9998281060189648;0.999829440945239;0.9999651360908381;1.0;0.999944930075958;0.9999225070501878;0.9999432585096277;0.9998289936580799;1.000233229837194;1.0002553538340373;0.999930146004909;0.9999381438055815;0.9999434824403406;1.0;0.9998482852913245;0.9998822908805004;0.9999265425679018;0.9999795893131368;0.9999073682753621;0.9999999999999999;1.0;0.9999762516386241;0.9999679062405936;1.0;0.9999756549340041;0.9999254804132576;0.9999283548784684;1.0;1.024999976158142;
2016-05-08 09:15:00;0.9999286209674503;1.0;0.9999284239683588;0.9999289893921597;0.999969749334869;0.9999314708507705;1.0002535402678912;0.9998567309469091;1.0;0.9999999999999999;0.9999299996962162;1.0;1.000031649777149;0.9999051476009231;0.9998315643446003;0.9998321110900006;0.9998332443095923;0.9999689405975899;0.9999999999999999;0.999946234122867;0.9999287479773298;0.9999412762888801;0.9998328896830828;1.0002378360315836;1.000260304125004;0.9999342770154077;0.9999372122275536;0.9999444494462476;1.0;0.9998475474157658;0.9998645473228737;0.9999090258797769;0.9999829387485584;0.999865568084125;0.9999999999999999;1.0;0.9999797128259849;0.9999717802198487;1.0;0.9999791887189856;0.9999310564821612;0.9999280431475756;0.9999999999999999;1.024999976158142;
2016-05-08 09:30:00;0.9998976078505641;1.0;0.9999225177433961;0.9999102319313592;0.999958728134676;0.9999216252648053;1.0002585117966027;0.9998468078456365;0.9999999999999999;1.0;0.9999232553128218;1.0;1.000027658634026;0.9998962323866144;0.9998053994783023;0.9998069481133105;0.9998084900869764;0.9999533108814107;0.9999999999999999;0.9999325564959565;0.9998836436600369;0.9999390884289429;0.9998077049195437;1.000242316578;1.0002664063477078;0.9999008637639816;0.9999286273533564;0.9999374395925168;1.0;0.9998396411878133;0.9998641666322674;0.9999117514389374;0.9999759828108822;0.9998782236246384;1.0;1.0;0.9999805912887502;0.9999718647187303;1.0;0.9999709726207248;0.9998884199446935;0.9999231138520684;1.0;1.024999976158142;
2016-05-08 09:45:00;0.9998804536771576;1.0;0.9999122072215452;0.9998956630591517;0.9999531038705062;0.9999095835891787;1.0002578124847865;0.9998200773823298;1.0;1.0;0.9999130176424793;0.9999999999999999;1.0000265608659094;0.9998783020619332;0.9997675681644077;0.9997699118623051;0.9997719128409397;0.9999467108383622;1.0;0.9999226671343099;0.999864087092364;0.9999324512506579;0.9997709386088701;1.0002414126729715;1.0002660737744495;0.9998845750215151;0.9999198953865006;0.9999274171036631;1.0;0.9998477666195439;0.9998703777148463;0.9999156372477342;0.9999721734210925;0.9998830552390744;1.0;1.0;0.9999799566549524;0.9999712300904708;1.0;0.9999665570877266;0.9998698144040001;0.9999132458499549;1.0;1.024999976158142;
2016-05-08 10:00:00;0.9998567653768765;1.0;0.9998799607250904;0.9998717672936502;0.9999354982672132;0.9998847889554692;1.0002698140719914;0.9997831490200367;1.0;0.9999999999999999;0.9998828537282531;0.9999999999999999;1.000028058056767;0.9998514468477897;0.9997373715748601;0.9997399218775478;0.9997416020210319;0.9999290286004315;1.0;0.9999008254725604;0.9998409472737696;0.999902951435317;0.9997407067688711;1.0002529491233092;1.0002781723805918;0.9998627726522542;0.9998901210353782;0.9999088420841927;0.9999999999999999;0.9998448658775593;0.9998720562194299;0.9999131262623765;0.9999623427825073;0.9998691678795998;0.9999999999999999;1.0;0.9999795843729663;0.9999700638582495;0.9999999999999999;0.9999545304519343;0.9998473150894468;0.9998801894880047;1.0;1.024999976158142;
2016-05-08 10:15:00;0.9998238892670659;0.9999999999999999;0.9998531123846854;0.9998419390104045;0.9999214042597896;0.9998579666791395;1.0002811680398809;0.9997289662429394;1.0;1.0;0.9998571658006642;0.9999999999999999;1.0000283789294382;0.9998143079716502;0.999668870620172;0.9996730048967996;0.9996752999112715;0.9999138349719894;0.9999999999999999;0.9998788838209717;0.9998059556245291;0.9998830766052598;0.9996741659527434;1.000263351689809;1.0002902304791494;0.9998324274617458;0.9998673891426367;0.9998870679713714;1.0;0.9998282149243646;0.999861809731792;0.9999068275604986;0.9999531823436145;0.9998616950210425;0.9999999999999999;0.9999999999999999;0.9999799327450564;0.9999720001371755;1.0;0.9999437945562929;0.9998138958203774;0.999853770074087;1.0;1.024999976158142;
2016-05-08 10:30:00;0.9998818033522683;1.0;0.9999116529267813;0.9998975501989621;0.9999481134462689;0.999911116900258;1.000276571119485;0.9998262220457318;0.9999999999999999;1.0;0.9999148718353738;1.0;1.0000294828506677;0.9998797092232224;0.9997749759064153;0.9997804751910943;0.9997825107834931;0.9999421951161157;1.0;0.9999240964063201;0.9998678725011656;0.9999346493520825;0.9997815607236252;1.0002593423980233;1.0002849591093512;0.9998884431042142;0.9999225225388209;0.9999284996288756;1.0;0.9997939571026104;0.9998366555398805;0.999888161505547;0.9999665556286809;0.9998294958620737;1.0;1.0;0.9999802498307321;0.9999719043993341;1.0;0.9999607191811128;0.9998740367899711;0.9999134933520866;1.0;1.024999976158142;
2016-05-08 10:45:00;0.9999309601525089;1.0;0.9999470889621175;0.9999378212298516;0.9999714995264967;0.9999448916712345;1.0002747090105482;0.9998813456605045;1.0;1.0;0.9999494439065835;1.0;1.0000327982540211;0.9999192343021859;0.9998435108362141;0.9998479575401605;0.9998496298956209;0.9999691205405156;1.0;0.9999561347116462;0.9999268652847645;0.9999632811775314;0.9998490234456257;1.000257747061517;1.000282270257551;0.9999371328210239;0.9999567549389436;0.9999543985314533;0.9999999999999999;0.9997458952382207;0.9998081517765104;0.9998719479811159;0.9999803214220191;0.9998150957692403;1.0;1.0;0.9999800538213385;0.9999709144361827;1.0;0.999977302010916;0.9999304291543811;0.9999486853779069;1.0;1.024999976158142;
2016-05-08 11:00:00;0.9999176750294435;1.0;0.999932764286406;0.9999251411873372;0.9999641127714977;0.999932620879747;1.0002753530569173;0.9998605424833374;1.0;1.0;0.99993559839589;1.0;1.0000325086880668;0.9999048093754734;0.9998221921729668;0.9998265495236185;0.9998282142265247;0.9999613612943923;1.0;0.9999454372598192;0.9999127770376569;0.999950551890384;0.9998275836767146;1.0002583477663052;1.000283002745754;0.9999244249899423;0.999943297798115;0.9999449751901224;1.0;0.9997692124024034;0.9998224037664001;0.9998757017855292;0.9999763552000683;0.9998034057864938;1.0;1.0;0.9999806645453854;0.9999723191105263;1.0;0.9999723922449336;0.9999167710207746;0.999934093121689;1.0;1.024999976158142;
2016-05-08 11:15:00;0.9999146531249369;0.9999999999999999;0.9999221914347238;0.999918703724122;0.9999619371018079;0.9999239915677107;1.0002784151392927;0.9998404745773419;1.0;1.0;0.9999255831127757;1.0;1.000034069318378;0.9998920648148495;0.9998035144430075;0.9998076204500016;0.9998093110632124;0.9999603608189727;1.0;0.9999401858636285;0.9999137336739771;0.9999409202298379;0.9998087560919663;1.000261188032051;1.0002859545218334;0.9999229609033846;0.9999348626271766;0.9999378096661377;0.9999999999999999;0.9997655144434366;0.9998178049137341;0.9998769394782898;0.9999753946350068;0.9998177569007386;0.9999999999999999;1.0;0.9999797068269264;0.9999713614000603;0.9999999999999999;0.9999711239955227;0.9999173965014113;0.9999231200339657;1.0;1.024999976158142;
2016-05-08 11:30:00;0.9999223533293735;1.0;0.9999329411653373;0.999926963508814;0.9999619758348512;0.999932583629779;1.0002828293974826;0.9998491458877123;1.0;0.9999999999999999;0.9999393191543807;1.0;1.0000356789942109;0.9998952812587238;0.9998023802420946;0.9998122373439855;0.9998145766928006;0.9999614274963354;1.0;0.999949959773215;0.9999263220824707;0.9999574317832317;0.9998139232349854;1.000265440386799;1.0002902027739926;0.9999352063887025;0.9999517358579617;0.9999429755580643;1.0;0.9997586176764527;0.9998097561651381;0.9998689187271353;0.9999701475719343;0.9997988496057112;1.0;1.0;0.9999800482851944;0.9999713217199131;0.9999999999999999;0.9999666320019609;0.9999306636684745;0.9999359593515187;1.0;1.024999976158142;
2016-05-08 11:45:00;0.9998800659295007;1.0;0.9998970051774487;0.9998908365079024;0.9999285925275043;0.9999003584576678;1.0003008342491233;0.9997848365859625;0.9999999999999999;1.0;0.9999124926537394;1.0;1.000038075245536;0.9998432121051753;0.999712702224565;0.999735844025477;0.9997396198770552;0.999928087182502;1.0;0.9999257600465207;0.9998894766254025;0.999941989171542;0.9997385917829699;1.000282646151677;1.0003084090253345;0.9999054294558503;0.9999331372834561;0.9999152705112648;1.0;0.9997474360758869;0.9998056393008498;0.999863016541437;0.9999396999584493;0.9997813649462368;1.0;1.0;0.9999799130089413;0.9999711864448407;1.0;0.9999337010245986;0.9998976583868519;0.999903864828867;1.0;1.024999976158142;
2016-05-08 12:00:00;0.9999053769504507;1.0;0.9999237074453885;0.9999141793937993;0.9999481421606247;0.9999227311317945;1.0003017129206433;0.9998253092913639;1.0;1.0;0.9999348431781809;1.0;1.000038047144833;0.9998745053819894;0.9997605222968031;0.9997784424334959;0.9997817698026996;0.9999475233656048;1.0;0.9999435933907257;0.9999120587563807;0.9999596180920918;0.9997808516590921;1.0002832881080022;1.0003094818266323;0.9999250309126081;0.9999519703924955;0.9999334947686814;1.0;0.999726347728203;0.9997801532113004;0.9998396828920976;0.9999551898178509;0.9997300284606594;1.0;1.0;0.9999794191875286;0.9999702798081732;1.0;0.9999509781058807;0.9999185480221858;0.9999294021558509;0.9999999999999999;1.024999976158142;
2016-05-08 12:15:00;0.9999109512760364;0.9999999999999999;0.9999280761878095;0.9999190415349998;0.999953411208869;0.9999270685670586;1.0002875152459259;0.9998368444757333;1.0;1.0;0.9999370837811579;1.0;1.0000358468812438;0.9998840603741518;0.9997788858475687;0.9997934250397462;0.9997963397073432;0.9999524201673098;0.9999999999999999;0.9999458453990648;0.9999151996866651;0.9999591910536075;0.9997955039650217;1.000269894171947;1.000295044823536;0.9999273822073756;0.9999518806492216;0.9999377563648961;1.0;0.9997633351282832;0.9998058807778798;0.9998593619664307;0.9999611704945095;0.9997646470294125;1.0;0.9999999999999999;0.9999796151966557;0.9999712697705542;0.9999999999999999;0.9999571836265189;0.9999209543169688;0.9999327079533903;0.9999999999999999;1.024999976158142;
2016-05-08 12:30:00;0.9998894005718851;1.0;0.9999130789716214;0.999899009771706;0.9999468989095933;0.9999093849886269;1.0002957669536352;0.9997928044913913;1.0;1.0;0.9999225967005103;1.0;1.0000363899405904;0.9998549796925189;0.9997176488431309;0.9997338534621047;0.9997375726669199;0.9999454467976644;1.0;0.9999331250116773;0.9998934164086413;0.9999503552956477;0.9997364930966819;1.0002772513680553;1.000303913852826;0.9999083628811144;0.9999409451394036;0.999922463463477;1.0;0.9997497345413068;0.9997950769748621;0.9998476093419526;0.9999560694714148;0.9997349886055622;1.0;1.0;0.9999799327450565;0.9999720001371757;0.9999999999999999;0.9999514799967079;0.9999002778406983;0.999918477555079;1.0;1.024999976158142;
2016-05-08 12:45:00;0.9998567501081366;1.0;0.999876566158801;0.9998693743529041;0.9999154239289874;0.9998806231537694;1.0003196378238988;0.9997433224739827;1.0;1.0;0.9998947733109276;1.0;1.0000403744065114;0.9998131979097205;0.9996585358658456;0.9996855309766799;0.9996899641967236;0.9999148143259615;0.9999999999999999;0.9999108403926099;0.9998677292005866;0.999929669990758;0.9996887559755506;1.00030024744239;1.000327753757495;0.9998865773315472;0.9999191807811926;0.9998986798058899;0.9999999999999999;0.9997304356707728;0.9997813051013703;0.9998400749101032;0.9999289540425982;0.9997294764404488;1.0;0.9999999999999999;0.9999775126636116;0.9999695800749285;0.9999999999999999;0.9999217961292304;0.9998773691656212;0.9998845101277378;0.9999999999999999;1.024999976158142;
2016-05-08 13:00:00;0.9998493122660315;1.0;0.9998510741778024;0.9998561995188877;0.999914551687239;0.9998630338420282;1.0003187427336404;0.9997248027742511;1.0;1.0;0.9998649585866637;0.9999999999999999;1.0000401764729372;0.9998054491326456;0.9996674787995168;0.9996838196808772;0.9996867605920874;0.9999138608875012;1.0;0.9998929746033159;0.9998570684098713;0.9998928545425392;0.9996859390020897;1.0002994308186226;1.0003268301196127;0.9998723262931074;0.9998842412582251;0.9998878502448109;1.0;0.9997310625628616;0.9997847987319529;0.9998446339181495;0.9999382421340721;0.9997424714626733;0.9999999999999999;1.0;0.9999774449432193;0.9999687184006568;1.0;0.9999295828075475;0.9998646787746661;0.9998546016813404;0.9999999999999999;1.024999976158142;
2016-05-08 13:15:00;0.9999450092471361;0.9999999999999999;0.9999479574184655;0.9999468715326463;0.9999736416466838;0.9999496905420275;1.000289573945497;0.9998925919268029;1.0;1.0;0.9999512143887981;1.0;1.000036667600702;0.9999266924367178;0.9998673498944249;0.9998714561635794;0.9998726843915783;0.9999731852725671;1.0;0.9999613971849522;0.9999467436684242;0.9999618394001375;0.9998723294893216;1.0002720164713654;1.0002968999719795;0.9999520514747322;0.9999583496623928;0.9999584545529289;1.0;0.999729187910523;0.9997790057245646;0.9998355125160752;0.9999818028065434;0.9997143473385951;1.0;1.0;0.9999687338588209;0.9999603885235306;1.0;0.9999790104630026;0.9999492303467361;0.9999489445425617;1.0;1.024999976158142;
2016-05-08 13:30:00;0.9999489582867908;1.0;0.9999573469718351;0.9999509754938233;0.9999806209972281;0.9999547614154466;1.0002829573840881;0.9998942957994037;1.0;1.0;0.9999593038044371;0.9999999999999999;1.0000356526333534;0.9999295258678639;0.9998615130236084;0.999865173795209;0.9998667402482663;0.9999800375464278;1.0;0.9999667300300937;0.9999500497036522;0.9999710726301625;0.9998662875191767;1.0002655102077747;1.0002903819432967;0.9999553370022706;0.9999671213897816;0.9999617021942547;1.0;0.9997508967101705;0.9997838692178939;0.9998342569755073;0.9999860286631688;0.999698876619829;1.0;1.0;0.9999686606047088;0.9999599341388049;1.0;0.9999840606502931;0.9999524229258606;0.9999586525156141;1.0;1.024999976158142;
2016-05-08 13:45:00;0.9999402747511065;1.0;0.9999486124047775;0.9999421713657413;0.9999775241431168;0.9999462219022898;1.0002816417816776;0.9998760440936131;1.0;0.9999999999999999;0.9999505070236739;1.0;1.0000353515365643;0.9999177503910409;0.999840178211306;0.999843552781248;0.9998452506668905;0.9999768272791031;1.0;0.9999600527188265;0.99994124002886;0.9999635839801095;0.9998447554343889;1.0002641514661241;1.000289155521365;0.9999470960385264;0.9999591394266333;0.9999547903155768;1.0;0.9997548574653558;0.9997894556886121;0.9998365920210449;0.9999846008359496;0.9996980739425817;1.0;1.0;0.9999780091128319;0.999969282565346;1.0;0.9999822028062898;0.999943825863881;0.9999497753437722;1.0;1.024999976158142;
2016-05-08 14:00:00;0.999951407505625;0.9999999999999999;0.9999599310193249;0.9999531542052632;0.9999817668883277;0.999956802621594;1.0002823358101824;0.9998964796548064;1.0;1.0;0.9999620966660011;1.0;1.0000357977793009;0.9999309268530592;0.9998625665896711;0.9998667587695144;0.9998684066528584;0.9999814116262108;1.0;0.9999689429884355;0.9999533492708819;0.9999740697394298;0.9998679485137717;1.0002649187898625;1.0002897085752265;0.9999582375661744;0.9999703144450811;0.9999630604010824;1.0;0.9997352798891926;0.9997885787284037;0.9998452772801848;0.9999861740392874;0.999738018053803;1.0;1.0;0.9999789663827934;0.9999706209621065;0.9999999999999999;0.999984418733534;0.9999556975923465;0.9999614599313507;1.0;1.024999976158142;
2016-05-08 14:15:00;0.9999576687819058;1.0;0.9999652334573882;0.9999605927622296;0.9999819976099363;0.9999641504529067;1.0002802154105124;0.9999203683725801;1.0;1.0;0.9999672069142258;1.0;1.0000350485485323;0.9999459153687351;0.999895981124305;0.9998993368767273;0.9999004776800067;0.9999811275687127;1.0;0.9999725717776665;0.9999573468087821;0.9999762735881081;0.9999001167586229;1.0002631978563945;1.0002874059036577;0.9999626330688538;0.9999727628572926;0.999970015604236;1.0;0.9997457854687861;0.9997910850600262;0.9998460831564786;0.9999870688401248;0.9997364159698229;1.0;0.9999999999999999;0.9999788140197386;0.9999696746459144;1.0;0.9999852329447279;0.9999594794709818;0.9999663492799441;0.9999999999999999;1.024999976158142;
2016-05-08 14:30:00;0.9999497275932518;1.0;0.9999569188737129;0.9999512499196641;0.999980866905197;0.9999546581724484;1.0002845816801547;0.9998941883575285;1.0;1.0;0.999958825802909;1.0;1.0000359973285462;0.9999296066499959;0.9998625324876446;0.9998659484755552;0.9998674686143826;0.9999804212639744;1.0;0.9999667375041669;0.9999511918403893;0.99997028946759;0.9998670377226314;1.0002670478760674;1.0002920110785802;0.9999560483901917;0.9999665768682713;0.9999616648380829;1.0;0.9997282733493249;0.9997818519415764;0.9998392030154829;0.9999863926454399;0.9997249295652142;1.0;1.0;0.9999786984794413;0.9999703530609904;0.9999999999999999;0.9999844223323939;0.9999534470644397;0.999958100780159;1.0;1.024999976158142;
2016-05-08 14:45:00;0.9999427461010847;1.0;0.9999474575618379;0.9999440085124613;0.9999759599282059;0.9999471112721104;1.0002843497826903;0.9998815663546747;1.0;1.0;0.9999499949945995;1.0;1.0000360439461977;0.9999206539479535;0.9998508757180841;0.9998544793479228;0.9998559629210916;0.9999755847596522;1.0;0.9999604270570553;0.9999447306285404;0.9999619302664898;0.9998555465831576;1.0002668718180103;1.0002917258837636;0.9999498369952727;0.9999581628727235;0.999955851719876;0.9999999999999999;0.9997479289356314;0.9997891271571397;0.999839169359825;0.999983533266679;0.9997099161003532;1.0;0.9999999999999999;0.999977442784981;0.9999679416904956;0.9999999999999999;0.999980967932683;0.9999471762458361;0.9999484685832468;0.9999999999999999;1.024999976158142;
2016-05-08 15:00:00;0.9999540127911623;1.0;0.9999603120506335;0.9999551285907484;0.9999821184364182;0.9999581142272598;1.000283834692221;0.9999008178042615;1.0;1.0;0.999962485503031;1.0;1.0000361921456984;0.9999337815699;0.9998703422183478;0.9998741782035867;0.9998756731061408;0.9999819562615021;1.0;0.9999698243396182;0.9999563858466003;0.9999735260170061;0.9998752687219424;1.0002664007505664;1.0002911480136543;0.9999605840312373;0.9999702469595273;0.9999643384053715;1.0;0.9997204714997578;0.9997733538320515;0.999831030025306;0.9999866932253327;0.9997052639657766;1.0;0.9999999999999999;0.9999792484687512;0.9999709030457103;0.9999999999999999;0.9999849357415707;0.9999585217775078;0.9999616248050304;1.0;1.024999976158142;
2016-05-08 15:15:00;0.9999517821013532;1.0;0.9999579864250112;0.9999534685393847;0.9999802007188533;0.9999566529745643;1.0002771030277138;0.9999007700878566;0.9999999999999999;1.0;0.9999602558277159;1.0;1.0000350825599458;0.999933364606664;0.9998718691115958;0.9998755777537379;0.9998769751949657;0.9999797841632873;1.0;0.9999679140090885;0.9999533324573133;0.9999710272031852;0.9998765785988145;1.0002601236126725;1.0002842567782335;0.9999581113864381;0.99996754114562;0.9999634864436304;0.9999999999999999;0.9997355559126258;0.999792697552194;0.9998497693878508;0.9999857589746375;0.9997486575584748;1.0;1.0;0.9999779594693308;0.9999688201033166;1.0;0.9999837429388045;0.9999555691571987;0.9999591800719115;1.0;1.024999976158142;
2016-05-08 15:30:00;0.999945977128662;1.0;0.999950894136081;0.9999478284021716;0.999976736896361;0.9999510129909699;1.0002732154991332;0.9998925312780426;1.0;1.0;0.9999532080963711;1.0;1.0000343662447362;0.9999277205732383;0.9998652338903223;0.999868439940852;0.9998697347090879;0.9999760997628337;0.9999999999999999;0.9999626607150799;0.9999468363408224;0.9999639579643246;0.9998693496411288;1.0002564897274342;1.0002802978359742;0.9999521608619524;0.9999602330341772;0.9999593653101944;1.0;0.9997398944116871;0.999803801210453;0.9998655856376293;0.9999843237676967;0.9997958373274445;1.0;1.0;0.9999785591502162;0.99996983259793;0.9999999999999999;0.999981804455157;0.9999491837289383;0.9999517676295876;1.0;1.024999976158142;
2016-05-08 15:45:00;0.999943391271048;1.0;0.9999478680505753;0.9999444162036589;0.9999774192755854;0.9999474161598495;1.0002703252627667;0.9998827449619666;1.0;1.0;0.9999496769435906;1.0;1.0000340979002194;0.9999221407652006;0.9998536342746107;0.9998560864404314;0.9998574635466261;0.9999769031697724;1.0;0.9999603285799749;0.9999445462661656;0.9999609635831297;0.9998570653177963;1.0002536406883988;1.0002774238064955;0.9999494835938822;0.9999572219969526;0.9999563213805102;1.0;0.9997331679504228;0.9998107031269394;0.9998797624349781;0.999985389175566;0.9998439151180684;1.0;1.0;0.9999796520914669;0.9999709255296432;1.0;0.9999828573627052;0.9999467827931963;0.9999485193154602;1.0;1.024999976158142;
2016-05-08 16:00:00;0.9999463494964868;1.0;0.9999535783210194;0.9999489245658901;0.9999770355943783;0.9999527040549044;1.0002680822761627;0.9998943221762484;1.0;1.0;0.9999562092762;1.0;1.0000336378718768;0.9999285250687232;0.9998640243809707;0.9998681719674142;0.9998696196305485;0.9999763311219458;1.0;0.9999643085677749;0.9999472361787035;0.9999677183306009;0.9998691896460365;1.0002516407320499;1.000275071118855;0.9999530629791645;0.9999637052852637;0.999960414491539;1.0;0.9997465597470399;0.9998160906037028;0.9998792109459853;0.9999836226553396;0.9998308743628458;1.0;1.0;0.9999797422907133;0.9999718096843433;1.0;0.999981264490369;0.9999497982074794;0.9999548715452873;1.0;1.024999976158142;
2016-05-08 16:15:00;0.9999504429997177;1.0;0.9999579683815726;0.9999529190215699;0.9999788698301211;0.9999565831564255;1.0002642852920356;0.999901150970213;1.0;1.0;0.9999606760158327;1.0;1.0000333017660097;0.999932991589679;0.9998709359007273;0.9998754273153574;0.9998768892575335;0.9999783139020451;0.9999999999999999;0.999967714522492;0.9999517871905513;0.9999719322213282;0.9998764659330257;1.0002480909640858;1.0002711377392923;0.9999572279092827;0.9999681550232816;0.9999633698431019;1.0;0.9997633326364546;0.999828793768321;0.9998901027883923;0.9999843176420086;0.9998534398340685;1.0;1.0;0.9999845721835501;0.9999762267160796;1.0;0.9999822344015319;0.999954264382969;0.9999594324884888;1.0;1.024999976158142;
2016-05-08 16:30:00;0.9999379018875796;1.0;0.9999426304695358;0.999938924581758;0.9999749184800797;0.9999421514362681;1.0002719501215578;0.9998705330716545;0.9999999999999999;1.0;0.9999448726467276;1.0;1.0000343675055037;0.9999138389521859;0.9998380238473206;0.9998411090431337;0.9998426636948542;0.9999744728415081;1.0;0.9999565935156578;0.9999396837362903;0.9999575069116545;0.9998422237305059;1.0002551035515532;1.000279128728425;0.9999449957841268;0.9999534648624301;0.9999518404271621;1.0;0.9997474708124844;0.9998147738099357;0.9998773973765969;0.9999834425441055;0.9998256447301228;1.0;1.0;0.9999841984125502;0.9999758529481991;1.0;0.9999806767712058;0.9999421804531659;0.9999434652457305;1.0;1.024999976158142;
2016-05-08 16:45:00;0.9999403465752088;1.0;0.9999547129464142;0.9999415281344789;0.9999851734987858;0.9999465853214008;1.000267733001719;0.9998628427628634;1.0;1.0;0.9999550458821039;1.0;1.0000336296451127;0.9999115963489087;0.9998140865146723;0.9998169426967976;0.9998192512887015;0.9999846052388865;1.0;0.9999628846495353;0.9999416883820557;0.9999708562748639;0.9998186045208484;1.0002505842079925;1.000275290534905;0.9999471810540294;0.9999657871828423;0.9999537020471602;1.0;0.9997527175152918;0.9998224697241317;0.9998845305788128;0.99998926820381;0.9998419164824722;1.0;0.9999999999999999;0.9999821100427639;0.9999741774176111;1.0;0.9999877674041505;0.9999441853922797;0.9999562696394332;1.0;1.024999976158142;
2016-05-08 17:00:00;0.9999118627249276;1.0;0.9999370969338071;0.9999125175155646;0.9999854006864632;0.9999205357428282;1.0002736007475017;0.9997853466830944;1.0;1.0;0.9999356062152118;1.0;1.000034004924877;0.9998643222574254;0.9997045289980951;0.9997070857173156;0.9997108855505679;0.9999845995450471;0.9999999999999999;0.9999465390000833;0.9999135673951772;0.9999605831747178;0.9997098304206872;1.0002550303558746;1.0002822298123848;0.9999210641008762;0.9999526817510543;0.9999302613971887;1.0;0.999745431007491;0.9998122582677346;0.9998737842473178;0.9999896628588683;0.9998149866595106;1.0;1.0;0.9999760403514564;0.9999681077744529;1.0;0.9999881527873365;0.9999169545017869;0.9999392965129968;1.0;1.024999976158142;
2016-05-08 17:15:00;0.9998864846381192;1.0;0.9999208895128043;0.9998864796205962;0.9999843746230033;0.9998969577185728;1.0002747302366277;0.9997142015586469;1.0;1.0;0.9999185914825116;0.9999999999999999;1.0000341346940673;0.9998201813259641;0.9996032194182272;0.999606736247949;0.9996119879974816;0.9999836853345857;1.0;0.9999323335954653;0.9998899423128536;0.999952396160271;0.9996105590090715;1.0002551671856215;1.0002841312700355;0.999899022990416;0.999942139991093;0.9999087634149811;1.0;0.9997544876337445;0.9998157527076869;0.9998753592104271;0.9999882175638696;0.9998149063793043;0.9999999999999999;0.9999999999999999;0.9999775250749358;0.999968004579825;1.0;0.9999867042016863;0.9998942802090841;0.9999240267482932;1.0;1.024999976158142;
2016-05-08 17:30:00;0.9999387291317898;1.0;0.9999546119892718;0.9999415373399861;0.9999825588517164;0.9999473224909206;1.0002650812474465;0.999868621347439;1.0;1.0;0.9999553905594432;0.9999999999999999;1.0000328146432897;0.9999143520917073;0.9998212751538844;0.9998246975784777;0.9998269093068392;0.9999814988787071;1.0;0.9999622947603354;0.9999386141680179;0.9999709217067243;0.9998262535323522;1.0002482131028136;1.0002725638863768;0.9999454241304682;0.99996538510062;0.9999546620597817;1.0;0.9997550793637597;0.9998197539843942;0.9998802336402998;0.9999873176481872;0.9998281347703468;1.0;1.0;0.9999837289606474;0.9999750023632458;1.0;0.9999855605770779;0.9999414136717935;0.9999563058487528;1.0;1.024999976158142;
2016-05-08 17:45:00;0.9999316209068287;0.9999999999999999;0.9999473724886051;0.9999374910004304;0.9999721476185072;0.9999442030586512;1.0002667967733483;0.9998745847417583;1.0;1.0;0.9999503076811004;1.0;1.0000323760114602;0.9999147873401321;0.9998323763517004;0.9998380190425716;0.9998399685081665;0.9999703722181558;1.0;0.9999572156231556;0.9999299091363285;0.9999654722166074;0.9998393315237786;1.0002502206972332;1.0002741269539892;0.9999393417355419;0.9999592434329159;0.9999531141540838;1.0;0.999767432678601;0.9998307163091339;0.9998904177875738;0.9999795803745987;0.9998511807397145;1.0;1.0;0.9999805177912366;0.9999725851787148;1.0;0.9999767989028572;0.9999335265071483;0.9999494220590521;0.9999999999999999;1.024999976158142;
2016-05-08 18:00:00;0.999891249223343;0.9999999999999999;0.9999171122943087;0.999902792967649;0.9999474309803446;0.9999140313930269;1.0002918863382408;0.9998092612503205;1.0;1.0;0.9999258160545608;1.0;1.0000349685925665;0.9998656629765728;0.9997395473440674;0.9997544579745954;0.999757820293574;0.9999450381560736;1.0;0.9999345463531407;0.9998916252218449;0.999951676917839;0.9997567685991114;1.0002737247592484;1.0003000113042102;0.999907942083763;0.9999417553738635;0.999927111039006;1.0;0.999728157913033;0.9997954494665362;0.9998594835460988;0.9999575514361121;0.9997856227266365;1.0;1.0;0.9999835637754744;0.9999752183164199;1.0;0.9999528589426739;0.9998984410629838;0.9999221042742293;1.0;1.024999976158142;
2016-05-08 18:15:00;0.9998761271279343;0.9999999999999999;0.999906157630693;0.9998855187549776;0.9999504373866135;0.9998975913056788;1.0003066683417725;0.9997580292317817;0.9999999999999999;1.0;0.999913024762413;1.0;1.0000370638090803;0.9998354893262602;0.9996695697455585;0.9996830893282123;0.9996873380600314;0.9999483479198019;1.0;0.9999249493832807;0.9998778034098815;0.9999440896470742;0.9996860746075115;1.0002868766318822;1.0003157135496614;0.999893845294077;0.9999330440074556;0.9999122474606377;1.0;0.9997202610003993;0.9997723891144664;0.9998290484211321;0.9999604673575938;0.9996995794123634;1.0;1.0;0.9999847484068561;0.999976402937915;1.0;0.9999559742225478;0.9998847242467022;0.9999111465616306;1.0;1.024999976158142;
2016-05-08 18:30:00;0.9998759924510435;0.9999999999999999;0.9999080764251127;0.9998818303771153;0.9999643398081282;0.999893580414419;1.0002868755158911;0.9997357088630403;1.0;1.0;0.9999098253306702;1.0;1.0000343643767649;0.9998274023094766;0.9996405976470211;0.9996476830500275;0.9996521285688127;0.9999621966039008;1.0;0.99992366396301;0.9998757664593647;0.9999412192558492;0.9996508096221418;1.0002674967642864;1.0002960865344475;0.9998896012723636;0.999930023674095;0.9999084794735699;1.0;0.9997364446300437;0.9998036342457375;0.9998728369092863;0.9999739798017863;0.9998279033609434;1.0;1.0;0.9999848897356671;0.9999769570884636;1.0;0.9999704014061961;0.9998814523954778;0.9999115254102389;1.0;1.024999976158142;
2016-05-08 18:45:00;0.9999207894748726;1.0;0.9999372171448168;0.999927658734102;0.9999656668918725;0.9999350914163891;1.0002755313311482;0.9998577064407608;0.9999999999999999;0.9999999999999999;0.9999410897430484;1.0;1.0000332373279368;0.999902563368503;0.9998121886303644;0.9998189189798795;0.999821022853241;0.9999636324068121;1.0;0.9999496425301012;0.9999189225803654;0.9999579730424878;0.9998203271139212;1.0002584355513535;1.0002831193327908;0.9999298398068185;0.9999509732611248;0.9999458047039945;1.0;0.999755866463309;0.9998157119277592;0.9998830182026109;0.9999750331320933;0.9998483650153189;1.0;1.0;0.9999846567768326;0.999976311308656;1.0;0.9999715757635466;0.999923123848605;0.9999394951722016;1.0;1.024999976158142;
2016-05-08 19:00:00;0.999903338047832;1.0;0.9999250464201536;0.9999120016555194;0.9999588224740594;0.9999214495952701;1.0002889787762943;0.9998254852814852;1.0;1.0;0.9999298477548435;0.9999999999999999;1.000034484572212;0.9998805347495392;0.9997671059277606;0.9997758113080965;0.9997785213735283;0.9999563408134312;1.0;0.9999394945744121;0.9999011942457475;0.9999511424046705;0.999777634925066;1.0002708527773856;1.0002971630913082;0.999914737255805;0.9999424066424863;0.9999340920877546;1.0;0.9997295237517151;0.9997919737630505;0.9998617932735493;0.9999694780514778;0.9998029618812185;1.0;1.0;0.9999851631226203;0.9999768176502181;1.0;0.9999654134114836;0.9999064402513795;0.9999280868653567;0.9999999999999999;1.024999976158142;
2016-05-08 19:15:00;0.999911253944612;1.0;0.9999319543108177;0.9999203985622652;0.9999595188838675;0.9999294816810906;1.000285459759514;0.9998457548337439;1.0;1.0;0.9999373505645155;1.0;1.0000341255085758;0.9998928608294859;0.9997926843604072;0.9998021084995171;0.9998045852703824;0.9999570985138496;1.0;0.9999452162073844;0.9999092047884578;0.999956967049508;0.999803764446657;1.0002677737603933;1.0002933572833732;0.9999224574924754;0.9999487709281792;0.9999408560344007;1.0;0.9997395554509325;0.9998001558965528;0.9998628215946743;0.9999691894988387;0.999791550999796;1.0;1.0;0.9999853283091182;0.9999766016977595;0.9999999999999999;0.9999653097849714;0.9999143472034487;0.9999351552047356;1.0;1.024999976158142;
2016-05-08 19:30:00;0.9999198787755869;1.0;0.9999384106113764;0.9999289731396583;0.9999608482340725;0.9999373219126446;1.0002807119404407;0.9998659699640118;1.0;1.0;0.9999441699309625;1.0;1.000033706414364;0.999905465576188;0.9998196632582551;0.9998292660065611;0.9998314390822168;0.9999585855754531;1.0;0.9999507831764336;0.9999180676803157;0.9999616879040883;0.9998307091511963;1.0002635380004385;1.0002882765190368;0.9999305829368869;0.9999542559553433;0.9999475723169755;1.0;0.9997549278246936;0.9998153717121678;0.9998737390473066;0.9999697614565644;0.9998092407939073;1.0;1.0;0.9999844552278929;0.9999757286241534;1.0;0.9999660708039506;0.9999229423459934;0.9999415547003409;0.9999999999999999;1.024999976158142;
2016-05-08 19:45:00;0.9999085354772095;1.0;0.9999292961742369;0.9999179564014856;0.99995711933595;0.9999271887561832;1.0002839081166204;0.9998411002317168;1.0;1.0;0.9999354450968897;1.0;1.0000340206749097;0.9998890419634807;0.9997863769526761;0.9997968512652157;0.9997994319038058;0.9999547877851444;1.0;0.9999436075118827;0.9999071828119329;0.9999558693383553;0.9997985900006426;1.0002663422560694;1.000291729291151;0.9999207818701199;0.99994754419045;0.9999388578455867;1.0;0.9997480286912752;0.999809680984395;0.9998707101460795;0.9999669293507786;0.9998069702611507;1.0;0.9999999999999999;0.9999855975809496;0.9999780460658823;1.0;0.9999628791969726;0.999912584065281;0.999932786551239;1.0;1.024999976158142;
2016-05-08 20:00:00;0.9999181468089615;1.0;0.9999366915584907;0.9999258745847288;0.9999638706840672;0.9999339854506643;1.0002845301553938;0.9998539755198832;1.0;1.0;0.9999413076450718;0.9999999999999999;1.0000343450137466;0.9998993251150174;0.999804387674154;0.99981256858114;0.9998148866319877;0.9999617903657249;1.0;0.9999491283916949;0.9999166363468668;0.999959518777577;0.9998141313735626;1.000266891462313;1.00029234929752;0.9999283542979851;0.9999520948958672;0.9999445520958709;1.0;0.9997412201291298;0.9998031457520197;0.9998635471030678;0.9999727225429575;0.9997888003509161;1.0;0.9999999999999999;0.9999852914159484;0.9999769459424755;1.0;0.9999692270707149;0.9999212318775111;0.999939501437028;0.9999999999999999;1.024999976158142;
2016-05-08 20:15:00;0.9998805238821877;0.9999999999999999;0.999893469704555;0.9998872767610555;0.9999448874394492;0.9998953441182203;1.0002918372091532;0.9997787421208976;1.0;1.0;0.9998997308167651;1.0;1.000035302053091;0.9998486621462316;0.999722649486176;0.9997310586434213;0.9997336919532402;0.9999428529966657;1.0;0.9999183446014105;0.9998805505068145;0.9999226884432191;0.9997328570393995;1.0002735690395308;1.000299984856994;0.9998941464761915;0.9999139785365739;0.9999137836227814;1.0;0.9997658190212665;0.9998169503266152;0.9998716235891373;0.9999621182366856;0.9997966746722889;0.9999999999999999;0.9999999999999999;0.9999848460366272;0.9999769133897703;0.9999999999999999;0.9999562554082659;0.9998861768134165;0.9998956814055351;1.0;1.024999976158142;
2016-05-08 20:30:00;0.9998929053233699;1.0;0.9999016899421657;0.9998991463346222;0.9999487347718669;0.999905908642108;1.000282305331756;0.9998085982461775;1.0;1.0;0.9999069636301611;1.0;1.0000339785608179;0.9998687098217554;0.9997662940637515;0.9997724198324376;0.9997743500395446;0.999946564108945;0.9999999999999999;0.9999247898290717;0.9998913088412632;0.9999254495070538;0.999773690414179;1.0002648744021856;1.0002900250313038;0.9999036401683572;0.9999178454407619;0.9999234836172094;1.0;0.999769732105401;0.9998317098301164;0.9998893465503396;0.9999663196472477;0.9998451023119589;0.9999999999999999;1.0;0.9999845960418016;0.999975456615132;1.0;0.9999606440211152;0.9998961425247964;0.9999029803934413;0.9999999999999999;1.024999976158142;
2016-05-08 20:45:00;0.9998899742759058;1.0;0.9998948888797708;0.999895115225581;0.9999457636987676;0.9999009590735485;1.0002850015531577;0.9998004046461627;1.0;1.0;0.999900735801072;1.0;1.0000347298118477;0.9998629288510748;0.9997605132659638;0.9997666836586022;0.9997685330023821;0.9999439896414374;1.0;0.9999209827602836;0.9998898128261616;0.9999191482895871;0.9997679224395134;1.000267472090546;1.00029266198931;0.999901449359814;0.9999120040690476;0.9999196808794304;1.0;0.9997570209437107;0.9998280593424039;0.999890542847146;0.9999646539407937;0.9998572102565426;1.0;1.0;0.9999846698132694;0.9999767371678104;1.0;0.999958608370908;0.9998945950553437;0.9998959497210169;1.0;1.024999976158142;
2016-05-08 21:00:00;0.9998866777520683;1.0;0.9998957857994786;0.9998924609313254;0.9999473915476728;0.9998993869626399;1.00028206097809;0.9997921551513438;0.9999999999999999;0.9999999999999999;0.9999009854280981;1.0;1.0000340139506607;0.9998583349602973;0.9997454751371049;0.9997515594407086;0.9997537028942146;0.9999453081076869;1.0;0.9999203212350734;0.9998856183168747;0.9999209717876455;0.9997529933245968;1.0002644917341603;1.0002898852667932;0.9998980840073134;0.9999130428245749;0.999917914726772;1.0;0.9997642489296461;0.9998320800924301;0.9998933132501864;0.9999656225662318;0.999861502226592;0.9999999999999999;1.0;0.9999845721835499;0.9999762267160794;1.0;0.9999597717690253;0.9998905954497656;0.9998970855727658;0.9999999999999999;1.024999976158142;
2016-05-08 21:15:00;0.9998591039317869;1.0;0.9998851648246458;0.9998687763970504;0.9999455636945934;0.9998808860884482;1.0002785136065462;0.9997396092280467;1.0;0.9999999999999999;0.9998886957079255;1.0;1.0000317460095403;0.9998256953372053;0.9996645123721148;0.9996708507422118;0.9996742030373965;0.999941780348931;0.9999999999999999;0.9999068453746821;0.9998534803884658;0.9999165263804592;0.999673056521285;1.000260325324296;1.0002872521578408;0.9998712017623302;0.9999045077931774;0.9999014688570562;1.0;0.9997772730629464;0.9998387320244987;0.9998958877921315;0.9999643905653586;0.9998595741038871;1.0;1.0;0.9999850107574182;0.9999758713269583;0.9999999999999999;0.9999583415733884;0.9998598825422287;0.9998873675877906;1.0;1.024999976158142;
2016-05-08 21:30:00;0.999844694382161;1.0;0.9998912266949771;0.9998522707770652;0.9999624668146471;0.9998683171122031;1.0002837508625924;0.999663614539933;1.0;1.0;0.999891364843739;0.9999999999999999;1.000032859047666;0.9997827436303255;0.9995360538061988;0.9995433516025809;0.999549255676552;0.9999593556345361;1.0;0.9999066268864616;0.999842548679044;0.9999320746237593;0.9995474854536238;1.0002635509845843;1.0002938980832847;0.9998602876149761;0.9999171879023009;0.999885988817333;1.0;0.9997689003260115;0.9998274940619049;0.9998824038056608;0.9999727614455938;0.9998229231751652;0.9999999999999999;1.0;0.999984789350802;0.9999764438815192;1.0;0.9999689736316264;0.9998495349066251;0.9998955295184497;1.0;1.024999976158142;
2016-05-08 21:45:00;0.9997799829265162;1.0;0.9998457354670812;0.999783338175518;0.9999644690298471;0.999804348515897;1.000292610639279;0.9994753875778362;0.9999999999999999;0.9999999999999999;0.9998412332544215;1.0;1.0000339472600686;0.9996686486942253;0.999277092181635;0.999282254961569;0.9992914894544032;0.999961656226221;1.0;0.9998668561067428;0.999781029812853;0.999902450878189;0.9992888646390864;1.00026934301112;1.0003050176523587;0.9998010297339917;0.9998821352464772;0.9998288199011786;0.9999999999999999;0.9997712892456938;0.9998322544838258;0.9998873205786734;0.9999758175048191;0.9998350728133458;1.0;1.0;0.9999846808510812;0.9999771293429365;1.0;0.9999720028418898;0.999789478440962;0.9998508579137448;1.0;1.024999976158142;
2016-05-08 22:00:00;0.9998630243766515;0.9999999999999999;0.9998987004074387;0.9998728740776744;0.9999557108735257;0.9998867532660247;1.0002800172011705;0.9997343107636175;1.0;1.0;0.9999006732725935;1.0;1.0000318682620326;0.99982467694155;0.9996425718424995;0.9996493298739256;0.999653475906235;0.9999519238454869;1.0;0.9999145549753234;0.9998575668579729;0.9999317853895554;0.9996521204687543;1.0002612219566693;1.0002892214600185;0.9998753499371648;0.9999188427515844;0.9999043337243765;1.0;0.9997722062847718;0.9998343376432032;0.999891735209043;0.999969561513549;0.9998500039721828;0.9999999999999999;0.9999999999999999;0.9999797123705545;0.999971366943642;1.0;0.9999648488755953;0.9998640085447394;0.999901854454619;1.0;1.024999976158142;
2016-05-08 22:15:00;0.9998631576720516;1.0;0.9998960311821405;0.9998760693766808;0.9999445388584958;0.9998900702366328;1.0002806845448278;0.9997574266354163;0.9999999999999999;1.0;0.9999013233978942;1.0;1.0000316809915542;0.9998349812159812;0.9996765167970243;0.9996867446353264;0.9996904099500707;0.9999403858895519;1.0;0.999914233260384;0.999857319016782;0.9999305505387954;0.9996891552271943;1.0002625208803435;1.0002894172550125;0.9998770728226614;0.999917729424632;0.9999082023492365;0.9999999999999999;0.9997783026930751;0.9998382716103048;0.9998941799975494;0.9999602560503675;0.9998530225908914;1.0;1.0;0.9999779847983785;0.9999696393858837;1.0;0.9999545878503917;0.9998645167157106;0.9998997637417992;1.0;1.024999976158142;
2016-05-08 22:30:00;0.9997973438141717;0.9999999999999999;0.9998498133335758;0.9998089794023839;0.9999413100455316;0.9998287753847571;1.0002957671631105;0.99958853241965;1.0;1.0;0.9998510275986062;1.0;1.000032555988853;0.999731522252079;0.9994464548300782;0.9994544707649419;0.999460926253643;0.9999363940121448;0.9999999999999999;0.9998731155585148;0.9997910196809794;0.9998984070111419;0.9994588845921627;1.0002745391955803;1.0003067954228917;0.9998152424402209;0.9998796388809175;0.9998546322422135;1.0;0.9997796815290386;0.999827994830946;0.9998766012179852;0.999960523447201;0.999796511307761;1.0;1.0;0.9999859937784985;0.9999784422604392;1.0;0.9999541562246508;0.9997999804385734;0.9998540678550534;1.0;1.024999976158142;
2016-05-08 22:45:00;0.9998076538433002;0.9999999999999999;0.9998623905656525;0.9998199651835746;0.9999445794798465;0.9998399576603711;1.0002864922042478;0.999608486657019;0.9999999999999999;1.0;0.9998644055483782;1.0;1.0000316365759117;0.9997438132676015;0.9994649302840221;0.999474997253754;0.9994815795118798;0.9999399175359973;1.0;0.9998827874598103;0.9998024586737834;0.9999115997247014;0.9994795223250128;1.0002659243743284;1.00029716131538;0.9998263969734711;0.9998931664921459;0.9998630468166737;1.0;0.9997762764327682;0.9998425160328016;0.9999001278115112;0.9999604302184428;0.9998706976767259;1.0;1.0;0.9999840590825926;0.9999753324823102;1.0;0.9999547446232442;0.9998114871271102;0.9998675077790931;1.0;1.024999976158142;
2016-05-08 23:00:00;0.999873608605193;1.0;0.9999068312302887;0.9998876572455084;0.9999467737579084;0.9999016327229842;1.0002773794047757;0.999786185132681;1.0;1.0;0.9999123196509595;1.0;1.0000310532154428;0.999853013170863;0.9997119093686746;0.9997224464851514;0.999725784100216;0.9999423816306764;1.0;0.9999221871626608;0.9998666608805522;0.9999391640025619;0.9997245987536757;1.000259672503762;1.0002858614548968;0.9998864674566322;0.9999267466443008;0.9999179976777662;1.0;0.9997865455348678;0.9998429373100794;0.9998948473716418;0.9999612074582427;0.9998467516384218;0.9999999999999999;0.9999999999999999;0.9999840460469149;0.9999749066252721;1.0;0.9999558588068409;0.9998736899765718;0.9999106593860101;1.0;1.024999976158142;
2016-05-08 23:15:00;0.9998817998465334;1.0;0.9999115798928259;0.9998941224026591;0.9999526275449304;0.9999068046155943;1.0002703095609538;0.9997987573346443;1.0;1.0;0.9999151763164232;1.0;1.0000302004728119;0.9998632620423841;0.9997326894429578;0.999739988675013;0.9997428859232212;0.9999482919638588;1.0;0.9999256346461051;0.9998738130905028;0.999939041520784;0.9997418203080671;1.000253016617548;1.0002786163491568;0.9998918338280876;0.9999275248440853;0.9999228361725124;1.0;0.9998005838437322;0.9998536982596659;0.9999032467433315;0.9999673745060723;0.9998622035603822;1.0;1.0;0.9999853591384543;0.9999778076251874;0.9999999999999999;0.9999623439831198;0.9998799261178145;0.9999143248094333;1.0;1.024999976158142;
2016-05-08 23:30:00;0.9998687792314865;0.9999999999999999;0.999902062993203;0.9998839538814839;0.9999411712246916;0.9998983381880792;1.0002730870932048;0.9997824528467084;1.0;1.0;0.9999090893788218;1.0;1.0000304745167452;0.9998486952010768;0.9997073459502319;0.9997198517309701;0.9997232594101776;0.9999367316941561;1.0;0.9999192176934375;0.9998623762225796;0.9999368496081721;0.9997220523200984;1.0002557732522146;1.0002813608476337;0.9998832563766802;0.9999241213105423;0.9999153717382543;1.0;0.9998128671075731;0.9998626185350509;0.9999100023989451;0.9999563335959945;0.9998743728472906;1.0;1.0;0.9999859997782601;0.9999788610846255;1.0;0.9999505349827624;0.9998699428044544;0.9999063755764298;1.0;1.024999976158142;
2016-05-08 23:45:00;0.9998990633908872;1.0;0.9999206465321183;0.9999084660276137;0.9999547315107334;0.9999181928785597;1.0002586059782947;0.9998213021384172;0.9999999999999999;1.0;0.9999263511562015;1.0;1.000030503057394;0.9998766368979356;0.999762654428158;0.9997724094710507;0.9997751427967094;0.9999521532001933;0.9999999999999999;0.999936525192156;0.9998970459909594;0.9999482122247422;0.9997742434576545;1.0002423585640203;1.0002660186900538;0.9999113811968734;0.9999392093797596;0.999931574157649;1.0;0.9998327043618874;0.9998833194359463;0.9999304705289361;0.9999662768405123;0.9999232951749351;1.0;1.0;0.99998469366999;0.9999759670641697;1.0;0.9999618323889979;0.9999026372447164;0.9999239080539984;0.9999999999999999;1.024999976158142;
2016-05-09 00:00:00;0.9998939747874946;1.0;0.9999183459074573;0.9999045093695856;0.9999524257241026;0.9999152050798544;1.0002563022298727;0.9998140656607399;1.0;1.0;0.9999245301597098;1.0;1.0000299484435802;0.9998712804656456;0.9997507455340578;0.9997615723993148;0.9997645247975435;0.9999495946387833;1.0;0.9999342533892093;0.999891611881059;0.9999479149542432;0.9997635501463674;1.0002401393482059;1.0002637496924587;0.9999071568244678;0.999938203200419;0.9999288970366886;1.0;0.999841653717804;0.9998870563590215;0.9999305993844967;0.9999640335706119;0.9999161996214989;1.0;1.0;0.9999853044015072;0.9999773717510142;1.0;0.9999594374148925;0.9998976454956491;0.9999220321632485;0.9999999999999999;1.024999976158142;
2016-05-09 00:15:00;0.999895898683352;1.0;0.9999206719897363;0.9999054025488628;0.999958194025189;0.9999159259824065;1.0002510330009542;0.9998133584926446;1.0;1.0;0.9999245948336148;1.0;1.0000289952988093;0.9998733326044905;0.9997511627072146;0.999758843840238;0.9997616675827851;0.999955116396896;0.9999999999999999;0.9999346809068189;0.9998917374642934;0.999946950595376;0.999760709473274;1.0002349699727666;1.000258575497978;0.9999065524315732;0.9999372548240535;0.9999297033121886;1.0;0.9998426171397637;0.9998903361453806;0.9999347672687766;0.9999700752580729;0.9999278843988204;1.0;1.0;0.9999862197020164;0.9999790810068119;1.0;0.9999657967859299;0.9998971704807929;0.9999234970036056;1.0;1.024999976158142;
2016-05-09 00:30:00;0.9999249458803412;1.0;0.9999436947703421;0.9999342790650965;0.9999663156912013;0.9999426455957264;1.0002407560009146;0.9998824201296416;1.0;1.0;0.9999468228749642;1.0;1.0000277102147714;0.9999183381177341;0.9998447000054177;0.9998501583320225;0.9998517818573945;0.9999631877129653;1.0;0.9999527672562759;0.999918792533755;0.999961034094282;0.999851135733329;1.0002259291296949;1.0002475434396534;0.9999313123349425;0.9999535709416583;0.9999530368296439;0.9999999999999999;0.9998463125254705;0.9998917949779487;0.9999366199465312;0.9999765596377815;0.9999330222336335;1.0;1.0;0.9999850898666931;0.9999763632574152;1.0;0.9999730166197213;0.9999229480257351;0.9999455473329204;0.9999999999999999;1.024999976158142;
2016-05-09 00:45:00;0.9999518876304667;0.9999999999999999;0.9999631072499588;0.999957333906142;0.999977158863144;0.999962375465403;1.0002333089732625;0.9999199141049515;1.0;1.0;0.9999661210693674;0.9999999999999999;1.000028416396947;0.999943899461199;0.9998928263733625;0.9998979287387786;0.9998991767211735;0.9999756621945961;0.9999999999999999;0.999970199214888;0.9999501606567973;0.9999763077344804;0.9998987436895914;1.0002191532867337;1.0002394281277354;0.9999577075049091;0.9999717865102479;0.9999686676222045;1.0;0.9998686900759809;0.9999068354092226;0.9999465483695539;0.9999828228910089;0.9999471461940896;1.0;1.0;0.9999846567768329;0.9999763113086565;1.0;0.9999806028048736;0.9999529924735413;0.9999647977824752;1.0;1.024999976158142;
2016-05-09 01:00:00;0.9999465564886404;1.0;0.9999600433071553;0.9999528126076617;0.9999755243861757;0.9999586693544069;1.0002289938895381;0.999911424024255;1.0;1.0;0.9999630457963798;1.0;1.0000275427644272;0.9999382545905682;0.9998806395026396;0.999885980018259;0.9998873817838699;0.999973719894504;1.0;0.999967190084345;0.9999440602427005;0.9999744005934943;0.9998868867429489;1.0002150070182674;1.0002351385697108;0.9999526359568234;0.9999692097318789;0.9999655587176692;1.0;0.9998840015271157;0.999915647118628;0.9999502447193511;0.9999817000187248;0.9999460789466866;1.0;1.0;0.9999844805031668;0.9999761350364615;1.0;0.9999793073044025;0.9999471921273532;0.9999618809370509;1.0;1.024999976158142;
2016-05-09 01:15:00;0.9999530517336842;1.0;0.9999639409473485;0.9999578473272316;0.9999775936757574;0.9999626046094723;1.0002292665394643;0.9999167953487752;0.9999999999999999;1.0;0.9999674957086578;1.0;1.00002834943531;0.9999416976991929;0.9998868838578137;0.9998930169448161;0.9998944538638991;0.9999765536165299;1.0;0.9999715322214313;0.9999531271485427;0.9999785416758528;0.9998940031748064;1.0002153153075175;1.0002352342134928;0.9999600623479296;0.9999742860927668;0.9999683300584224;1.0;0.999893453982836;0.9999192709119981;0.9999517707008108;0.9999821183793971;0.9999456451918476;0.9999999999999999;0.9999999999999999;0.9999851392158211;0.9999775877042151;1.0;0.999980087212571;0.9999560102257045;0.9999660034774951;1.0;1.024999976158142;
2016-05-09 01:30:00;0.9999426734989891;1.0;0.9999556361911153;0.9999473989085084;0.9999770643133645;0.9999529343044922;1.0002293338891093;0.9998940857708284;0.9999999999999999;1.0;0.9999578744795684;1.0;1.0000278624618042;0.9999283295741439;0.9998589695753874;0.999863340167695;0.9998649549068269;0.9999755692087597;0.9999999999999999;0.999963898283867;0.9999411257666915;0.9999704500074523;0.999864425569365;1.000215085058451;1.0002356296941717;0.9999489098945019;0.9999652597692861;0.9999604963154568;1.0;0.999894578014038;0.9999197602431886;0.9999510574864547;0.9999834435084382;0.9999415566674655;1.0;0.9999999999999999;0.9999855735073153;0.9999772280314881;1.0;0.9999811154316575;0.9999440869262196;0.9999572392512136;0.9999999999999999;1.024999976158142;
2016-05-09 01:45:00;0.9999430231373307;1.0;0.9999560570476452;0.9999487403463785;0.9999748619670766;0.9999545034664706;1.0002211988195195;0.9999011785918044;1.0;1.0;0.9999589186834194;0.9999999999999999;1.0000266306996193;0.9999319240288626;0.9998684545329453;0.9998735279330421;0.9998750249447605;0.9999731585913583;1.0;0.999964304504593;0.99994093295862;0.9999709835031215;0.9998745119545548;1.000207580280652;1.0002272162967454;0.999949383427338;0.999965705485069;0.9999620649535029;1.0;0.9999267019295889;0.9999395273872949;0.9999633222960316;0.9999815861476237;0.9999567423518286;0.9999999999999999;0.9999999999999999;0.9999858175045208;0.9999782659877925;1.0;0.9999790737693538;0.9999440813155684;0.9999577987837647;1.0;1.024999976158142;
2016-05-09 02:00:00;0.9999507111360171;1.0;0.99996296067797;0.9999576525107845;0.9999751259671402;0.999963304159719;1.0002172121718556;0.9999272423730139;1.0;1.0;0.9999660245003746;1.0;1.0000257868749056;0.9999479935991462;0.9999033106860665;0.9999082569965853;0.999909305598233;0.9999730487528082;1.0;0.999969406982475;0.9999469878725895;0.9999753868640373;0.9999088842791733;1.0002041307076126;1.0002229546094332;0.999955737908449;0.9999704526209499;0.9999700048014148;1.0;0.9999484510541758;0.999949818425845;0.9999667080910406;0.999981846296526;0.9999514928269406;1.0;1.0;0.9999847544065775;0.9999768217604476;1.0;0.9999793509308401;0.9999499855993919;0.9999645352111485;1.0;1.024999976158142;
2016-05-09 02:15:00;0.9999493380031158;1.0;0.9999606382588538;0.9999552056135977;0.9999745328419711;0.9999604317207229;1.0002204690200962;0.9999165199433443;1.0;1.0;0.9999644069756889;1.0;1.0000268066856917;0.9999408390416574;0.9998882442073869;0.9998943865464232;0.999895711622526;0.999973068390173;0.9999999999999999;0.9999686986609166;0.9999481036826254;0.9999752561788128;0.9998952605820703;1.0002071161075115;1.0002262412381178;0.9999560989134183;0.9999705845964296;0.9999670151359603;1.0;0.9999392941627375;0.9999433692597599;0.999963456881258;0.9999804256872372;0.9999497680950786;1.0;1.0;0.9999846806851898;0.9999755412577467;1.0;0.9999780114944042;0.9999512051714327;0.999962609939059;1.0;1.024999976158142;
2016-05-09 02:30:00;0.9999479696876125;1.0;0.9999615962899228;0.9999542616703184;0.999975749883999;0.9999600968353232;1.00022009596168;0.9999138547579401;1.0;0.9999999999999999;0.9999648825378853;1.0;1.0000265133514705;0.9999395850721088;0.9998826967969651;0.9998885562269794;0.9998899936598923;0.9999740541154875;0.9999999999999999;0.9999685488131007;0.9999459387881974;0.9999763352118284;0.9998894968643436;1.0002066585516374;1.0002259901185064;0.9999544087665168;0.9999712373387548;0.9999665791341643;1.0;0.9999434708050748;0.9999466020190997;0.9999647934395851;0.999981359044308;0.9999493255352074;1.0;1.0;0.9999856089685831;0.9999776763156742;1.0;0.9999790594574492;0.9999491034845728;0.9999636164234486;1.0;1.024999976158142;
2016-05-09 02:45:00;0.9999416627134866;1.0;0.9999566045030766;0.9999479476744623;0.9999745278900316;0.9999542527212716;1.0002194902726955;0.9998990559929385;0.9999999999999999;1.0;0.9999596996017142;0.9999999999999999;1.0000263251005994;0.9999302861704934;0.9998632120328822;0.9998689946735948;0.999870645008567;0.9999727433086473;0.9999999999999999;0.9999643844215702;0.9999395641984394;0.999972643510097;0.9998700860174783;1.0002059319648853;1.0002255159523745;0.9999485357101084;0.9999670284224442;0.9999615929250738;1.0;0.9999478349265406;0.9999486312530733;0.9999657350399903;0.999980750384232;0.999949538474806;1.0;1.0;0.9999838444992853;0.9999743239440092;0.9999999999999999;0.9999782892091355;0.9999429265271189;0.9999586647499185;1.0;1.024999976158142;
2016-05-09 03:00:00;0.9999465792263542;0.9999999999999999;0.9999573935494979;0.9999512168391449;0.9999755344495314;0.9999561495412845;1.0002167779197682;0.9999029585176169;1.0;1.0;0.9999607400663219;1.0;1.0000266203122499;0.9999329468256508;0.999870927089869;0.9998765982624552;0.9998781181218774;0.9999743825131376;1.0;0.9999664405454376;0.9999463989270204;0.9999726602441897;0.9998776377855931;1.00020346263091;1.0002225542495464;0.9999537244980236;0.9999680351109793;0.9999631383415001;1.0;0.9999541163091257;0.9999530169956836;0.9999692030758135;0.9999813988997736;0.9999561974576333;1.0;1.0;0.9999843396908872;0.9999764070480471;1.0;0.999979051625012;0.9999494001232851;0.9999592738301453;1.0;1.024999976158142;
2016-05-09 03:15:00;0.9999575956358551;1.0;0.9999654247627686;0.9999617938098571;0.9999781989135846;0.9999656731026147;1.0002173368376865;0.9999269747018457;1.0;0.9999999999999999;0.9999688284984802;0.9999999999999999;1.0000269439745186;0.9999483808011244;0.9999035329265223;0.9999088513014049;0.9999099768153995;0.9999772659896888;0.9999999999999999;0.9999732649550914;0.9999576120926685;0.9999779976712662;0.9999096155039838;1.0002042310188684;1.0002228854884851;0.9999637427235291;0.9999743882052199;0.9999713238488264;1.0;0.9999546632005958;0.9999483780428338;0.9999663560697691;0.9999831837494629;0.999952702513521;1.0;1.0;0.9999839674023505;0.9999752408028681;1.0;0.9999811261909208;0.9999601496711138;0.9999670684356506;1.0;1.024999976158142;
2016-05-09 03:30:00;0.9999438097017723;1.0;0.9999562270857265;0.9999494371342006;0.9999727975622995;0.999954984148993;1.0002205610159725;0.9999004854478575;1.0;1.0;0.999960511191185;0.9999999999999999;1.0000270409412932;0.9999302297864742;0.9998655173064944;0.99987277242317;0.9998744532201607;0.9999715751633566;0.9999999999999999;0.999965622803125;0.9999439506875656;0.9999735379400504;0.9998739256339774;1.0002070602376387;1.0002264086453496;0.9999521624899189;0.9999685237434895;0.9999619642700233;1.0;0.9999497939621227;0.9999422297848218;0.9999636823593604;0.9999784413689042;0.9999529674134566;1.0;1.0;0.9999846698132695;0.9999767371678105;1.0;0.9999759573117577;0.9999473728753212;0.9999586310848582;1.0;1.024999976158142;
2016-05-09 03:45:00;0.9999461857075759;1.0;0.99995823889427;0.9999516310025652;0.999973484854507;0.9999569736494323;1.0002227533012245;0.9999041833849922;1.0;1.0;0.9999627267607963;1.0;1.0000274911070155;0.9999325093239997;0.9998696389495632;0.9998772285570451;0.9998789086150095;0.9999724264548129;0.9999999999999999;0.999967432169389;0.999946878467252;0.9999755826830184;0.9998783927206011;1.000209156029296;1.0002285954625267;0.9999547580166638;0.9999707983411189;0.9999634768664678;0.9999999999999999;0.9999427019761813;0.9999383694923979;0.9999619371410845;0.9999785254342884;0.9999528506299246;1.0;1.0;0.9999843635979506;0.9999756369950107;0.9999999999999999;0.9999761678605918;0.9999502574147169;0.9999607511532222;1.0;1.024999976158142;
2016-05-09 04:00:00;0.9999470479423311;0.9999999999999999;0.9999599721357603;0.9999520635172967;0.9999767788285298;0.9999574722806733;1.0002243306389087;0.9999032279296015;1.0;1.0;0.9999632511906481;1.0;1.0000275232875597;0.9999332512997849;0.9998681943092482;0.9998742505941755;0.9998759143937588;0.9999755687527234;0.9999999999999999;0.999967889425352;0.9999467758773437;0.9999758173192089;0.9998753921403022;1.000210505510879;1.0002303494697207;0.9999543739159039;0.9999709462336933;0.9999638934410844;1.0;0.9999393294909924;0.9999373764695391;0.9999611419227595;0.9999817326405065;0.9999515223437129;1.0;1.0;0.9999833438536389;0.9999749983964195;1.0;0.9999795913068377;0.999949876041467;0.9999621127875047;1.0;1.024999976158142;
2016-05-09 04:15:00;0.9999454425469197;1.0;0.9999576510536217;0.999950861730815;0.9999737811164835;0.9999562637011646;1.0002252221548291;0.9999027717207124;1.0;0.9999999999999999;0.9999618062486652;0.9999999999999999;1.0000277003699711;0.9999319101834511;0.9998683088041133;0.9998754018243682;0.999877060897792;0.9999726200379818;1.0;0.9999667257896451;0.9999456822849423;0.9999745800653557;0.9998765433216233;1.0002114463573886;1.000231168681367;0.9999536258444772;0.999969704962954;0.9999629824105647;1.0;0.9999366988003484;0.9999352095592149;0.9999590622938582;0.9999791325553954;0.9999465991613444;1.0;0.9999999999999999;0.9999841998956175;0.9999750604725685;1.0;0.9999767504043711;0.9999490105040992;0.999960016305924;1.0;1.024999976158142;
2016-05-09 04:30:00;0.9999707660466196;1.0;0.9999769994017216;0.9999727637283632;0.9999880321869721;0.9999753985602591;1.000217654632972;0.9999426317251162;1.0;1.0;0.9999785476806934;1.0;1.0000274256648616;0.9999610866413282;0.9999228573049751;0.9999257899846281;0.9999267374735924;0.9999875558975537;1.0;0.9999818278516185;0.9999711626433272;0.9999855844775631;0.9999264549790976;1.0002044263621073;1.0002232121943886;0.9999747967098506;0.9999830812782304;0.9999790526005192;1.0;0.9999455563148578;0.9999467793808964;0.9999655636915553;0.9999907579253794;0.9999526608330326;1.0;0.9999999999999999;0.9999845284844712;0.9999761830173655;0.9999999999999999;0.9999896296842901;0.9999727323121803;0.9999780534137361;0.9999999999999999;1.024999976158142;
2016-05-09 04:45:00;0.9999741482808915;1.0;0.9999785758592851;0.9999756001407147;0.9999894879921682;0.9999776556747391;1.0002155412876108;0.9999492347955599;1.0;1.0;0.9999796780921175;1.0;1.0000272028327257;0.9999658225152639;0.9999336380326719;0.9999355877816543;0.9999363238763819;0.9999890530834271;1.0;0.9999831906104051;0.9999742602707083;0.9999853786502226;0.9999360998577167;1.0002024927022213;1.0002209956739514;0.9999772527054158;0.9999832966455575;0.9999812171065312;1.0;0.9999465612681305;0.9999485355947423;0.9999657079550177;0.999992457969557;0.9999498412614639;1.0;1.0;0.9999845284844712;0.9999761830173655;1.0;0.9999913846525014;0.9999755171828529;0.9999792437198265;1.0;1.024999976158142;
2016-05-09 05:00:00;0.9999747232720424;1.0;0.9999798916113056;0.9999762072858183;0.9999899032795618;0.999978382153494;1.000214807602967;0.9999489464551591;1.0;1.0;0.9999811917397224;1.0;1.0000272066696976;0.9999655438812594;0.9999314622517401;0.9999339526968868;0.9999347957918413;0.9999895694871658;1.0;0.9999842163960625;0.9999753202718157;0.9999873757111485;0.999934550732686;1.0002017791957867;1.000220245155563;0.9999782870204007;0.9999852702641003;0.9999815395019531;1.0;0.9999560572597902;0.9999546965023718;0.9999692609781932;0.9999921864158349;0.9999535166267962;1.0;1.0;0.9999838206408239;0.9999750940426222;0.9999999999999999;0.9999912370951872;0.9999766481967073;0.9999807931519581;1.0;1.024999976158142;
2016-05-09 05:15:00;0.9999731254770676;0.9999999999999999;0.9999789784854078;0.9999747330330491;0.9999906862104614;0.9999771479836211;1.0002155048093548;0.9999468892853131;1.0;1.0;0.9999795115076913;0.9999999999999999;1.0000269947022393;0.999964883701772;0.9999297122661329;0.9999310733971709;0.9999318581806951;0.9999900598087635;1.0;0.9999827932582158;0.9999724733695818;0.9999854595076155;0.9999316079362413;1.000202368914465;1.0002210676339998;0.9999757175825715;0.9999830954537131;0.9999807570540113;1.0;0.9999546169938116;0.9999532920738916;0.9999698301646793;0.999993652560481;0.9999588553679911;1.0;1.0;0.9999838078219386;0.9999762563203868;1.0;0.9999926539668537;0.9999737063012776;0.9999795511478379;1.0;1.024999976158142;
2016-05-09 05:30:00;0.9999683496046303;1.0;0.9999757281768171;0.9999694346714841;0.9999916013782496;0.9999721940845574;1.0002161805088754;0.9999316212444695;0.9999999999999999;0.9999999999999999;0.9999756499408028;1.0;1.0000270798343767;0.9999559190135912;0.9999087519743179;0.9999096328143572;0.9999106807219762;0.9999910056210671;1.0;0.9999798091073178;0.9999678742560175;0.9999831627232003;0.9999103634525519;1.0002027730063239;1.0002219452321426;0.9999711515424077;0.9999803934018473;0.9999763048143233;1.0;0.9999496801871797;0.9999501928073053;0.9999667140598466;0.999994595318439;0.9999511518389786;1.0;1.0;0.9999843635979506;0.9999756369950106;0.9999999999999999;0.9999936491683107;0.9999691508372472;0.9999762893493291;1.0;1.024999976158142;
2016-05-09 05:45:00;0.999969553657725;1.0;0.999976743105375;0.9999718142852612;0.9999885953850051;0.9999747524839442;1.0002167640933375;0.9999414824233681;1.0;1.0;0.9999777671740064;1.0;1.0000270530225552;0.9999607757176667;0.9999214661466221;0.9999237052634705;0.9999246314449993;0.9999878678400572;1.0;0.99998099415397;0.9999689513805108;0.9999847391686698;0.999924336936456;1.0002035377794691;1.0002223886502029;0.9999729237871448;0.999981975258433;0.9999786508655496;1.0;0.9999506515204347;0.9999510268068638;0.9999676524525603;0.9999917009620024;0.9999536713808951;1.0;0.9999999999999999;0.9999848897356672;0.9999769570884638;1.0;0.999990553556506;0.999970494018531;0.9999776189409046;0.9999999999999999;1.024999976158142;
2016-05-09 06:00:00;0.9999746467028174;1.0;0.9999810755110717;0.9999763862110539;0.9999914081739916;0.9999788886290254;1.0002159172771294;0.9999498568394674;1.0;1.0;0.9999816645951835;1.0;1.0000270665665665;0.9999667704546494;0.9999322403354873;0.999933856096372;0.9999346676325465;0.9999908000885769;0.9999999999999999;0.9999843010951094;0.9999740795956655;0.9999876289159968;0.9999344116390113;1.0002027621592453;1.000221482236945;0.9999773054689914;0.9999852806114359;0.9999820591338084;1.0;0.9999472407708329;0.9999482119630714;0.9999666677441554;0.9999938165230638;0.9999547597841079;1.0;1.0;0.9999833507247846;0.9999734173516732;1.0;0.9999929417891595;0.9999753179757781;0.9999817749706936;0.9999999999999999;1.024999976158142;
2016-05-09 06:15:00;0.9999775163948822;1.0;0.9999821753331224;0.9999791995270592;0.9999905519552763;0.9999812367974225;1.0002151154801844;0.9999573416723677;1.0;1.0;0.9999833134966061;1.0;1.0000271363594235;0.9999709831557021;0.9999431683173794;0.999945245367938;0.999945914791889;0.9999900971372722;1.0;0.9999858485689531;0.9999774664098758;0.9999884320118594;0.9999457069045996;1.0002021514862773;1.0002205142663971;0.999980376843065;0.9999864913337694;0.9999841619467446;1.0;0.9999461402127154;0.9999456665213412;0.999965386444991;0.9999929248586394;0.9999539896154976;1.0;1.0;0.9999848106256499;0.9999764651561894;1.0;0.9999920022545693;0.9999786623533737;0.9999829029517147;1.0;1.024999976158142;
2016-05-09 06:30:00;0.9999749587765027;1.0;0.9999796179476725;0.9999759667206043;0.9999903822374707;0.9999779187955006;1.0002173292850336;0.9999466680717873;1.0;0.9999999999999999;0.9999808966844437;1.0;1.000027700554749;0.9999642581168647;0.9999285669782177;0.9999310415799436;0.9999319275823348;0.9999902200612143;1.0;0.9999842478743439;0.9999761270643147;0.99998725700051;0.9999316832752884;1.0002041220074995;1.000222820326739;0.9999787204603242;0.9999852925680031;0.999981029960292;1.0;0.9999492202056326;0.9999461661029287;0.9999632308812623;0.9999924669000275;0.9999435711441247;0.9999999999999999;1.0;0.9999703535493781;0.9999588324158177;1.0;0.999991574959568;0.9999773964225737;0.9999805197188876;1.0;1.024999976158142;
2016-05-09 06:45:00;0.9999642219684011;1.0;0.9999710624712513;0.9999648177537895;0.999989807795524;0.9999674826525995;1.0002337005694526;0.9999197259573818;0.9999999999999999;1.0;0.9999713790431821;1.0;1.0000295743613743;0.9999480188135148;0.9998937863313259;0.9998952143403435;0.9998964366683861;0.9999894525305506;1.0;0.9999767963130501;0.9999648840410463;0.9999800871460899;0.9998960904056213;1.0002191961269076;1.0002398904889567;0.9999680748983999;0.9999772491109485;0.9999721990297865;1.0;0.9999389193549543;0.999936378956363;0.999958326320694;0.9999931131547045;0.9999420030490104;1.0;1.0;0.99989572597521;0.9998846184846649;1.0;0.9999920115570322;0.9999663147590078;0.9999717727943257;1.0;1.024999976158142;
2016-05-09 07:00:00;0.9999371226060348;0.9999999999999999;0.9999486789867976;0.9999422932399645;0.9999701375287995;0.9999477876771825;1.0002550367539378;0.9998848280215427;1.0;1.0;0.9999531532040884;0.9999999999999999;1.0000315718078767;0.9999199905503741;0.9998474894768103;0.9998547547102004;0.9998565561295237;0.9999690178394423;1.0;0.9999602649593383;0.9999378535434756;0.9999673093178819;0.9998560040341582;1.0002394250792725;1.0002617469992627;0.9999462044627896;0.9999620912472461;0.9999560679817309;1.0;0.9999064673425472;0.9998811329126093;0.9999283325441248;0.9999769981600691;0.9999179360659478;1.0;0.9999999999999999;0.9998676486162338;0.999825633968472;1.0;0.9999741731868591;0.9999414332691765;0.999951004675078;1.0;1.024999976158142;
2016-05-09 07:15:00;0.999924667123812;1.0;0.9999443241561206;0.9999274891106992;0.9999793449865514;0.9999344566633701;1.0002831291568424;0.9998330020442568;1.0;1.0;0.9999454605384748;1.0;1.0000351912259795;0.9998913267239953;0.9997715199333285;0.9997762589099761;0.9997791694011039;0.9999783753960937;1.0;0.9999540781721216;0.9999258226097555;0.999965468250908;0.9997783362635605;1.0002648423038019;1.0002913183493383;0.9999337183223465;0.9999587746848637;0.99994315010717;1.0;0.9998714953539006;0.9998169793420474;0.999882465932762;0.9999843478312898;0.9998442675285871;1.0;1.0;0.9997390636651742;0.9995749642966127;0.9999999999999999;0.9999823577267044;0.9999292846657573;0.999946643671813;1.0;1.024999976158142;
2016-05-09 07:30:00;0.9999227642406872;0.9999999999999999;0.9999450440457838;0.9999288525378862;0.9999754057774093;0.9999371973496805;1.000284042791383;0.9998496905708947;0.9999999999999999;1.0;0.9999463223069763;1.0;1.0000341113286253;0.9999007247390322;0.9997944182747914;0.9997989887676602;0.9998015022199177;0.9999732059713036;1.0;0.9999531031562726;0.9999197349852968;0.9999646623177952;0.9998006872183155;1.0002659612821452;1.0002922651130397;0.9999302025248203;0.9999570710368559;0.9999465345576901;1.0;0.9998830645170927;0.9998284581791957;0.9998987739303731;0.999982345084767;0.9998941771342937;1.0;1.0;0.999681682503365;0.9994634082651077;0.9999999999999999;0.9999798356004149;0.9999235592653617;0.9999471989664195;1.0;1.024999976158142;
2016-05-09 07:45:00;0.9999183436399202;1.0;0.999942243185267;0.9999199539845215;0.9999838449580555;0.9999276880648916;1.0002928653210088;0.9998059796240605;1.0;1.0;0.9999419176331354;1.0;1.0000365432292098;0.999876123913483;0.9997313264181786;0.999735206452258;0.9997387384456099;0.9999830469455732;1.0;0.9999511937571943;0.9999201535271308;0.9999652214032354;0.9997377539476654;1.000273484460617;1.0003016832631542;0.9999277790810592;0.9999577931729634;0.9999364544247772;1.0;0.9998663024655543;0.9998146698116328;0.9998894313442279;0.9999875995310004;0.9998819453314027;1.0;1.0;0.9996652622939641;0.9993910431625067;1.0;0.9999860653980123;0.9999236137801963;0.9999447080680135;1.0;1.024999976158142;
2016-05-09 08:00:00;0.9999047361371659;1.0;0.9999301556556985;0.99990974237032;0.9999692965630401;0.9999189638251973;1.000314920661029;0.9997954975532533;1.0;1.0;0.999933657609088;1.0;1.0000390875171454;0.9998644553959581;0.999717310056354;0.9997263109002196;0.9997300735307433;0.9999681737188432;1.0;0.9999432466100746;0.9999073704870726;0.9999596503899971;0.9997290056282772;1.0002945583534202;1.0003240542144978;0.9999182435340952;0.9999511048416915;0.9999294571470112;0.9999999999999999;0.9998577861461334;0.9997956435848098;0.9998707941018388;0.9999749428968145;0.9998390343751286;1.0;1.0;0.9996381372255773;0.9994021092593257;1.0;0.9999722393444666;0.9999123119954654;0.9999339574831289;0.9999999999999999;1.024999976158142;
2016-05-09 08:15:00;0.9999205088220076;1.0;0.9999428767620658;0.9999252215575525;0.9999761400110789;0.9999333144495353;1.0003049055569229;0.999833731082117;1.0;1.0;0.9999445579419628;1.0;1.0000374483896102;0.9998906708905967;0.9997710215496812;0.9997766926586004;0.9997796334785175;0.9999746310156403;0.9999999999999999;0.9999522397888994;0.9999202540959027;0.9999651765785382;0.9997787545539065;1.0002853906441709;1.0003136606909429;0.9999298256368336;0.9999577121745562;0.9999424105800799;1.0;0.9998667589831857;0.9998087618404574;0.999888627090913;0.9999817454529459;0.9998907068879618;1.0;1.0;0.9996423620862289;0.9994175938283435;0.9999999999999999;0.9999794704079529;0.9999241698584768;0.9999455085771494;1.0;1.024999976158142;
2016-05-09 08:30:00;0.9999191387347981;1.0;0.9999419066776251;0.9999249965368271;0.9999745808527502;0.9999335068797618;1.0003158940317471;0.9998396294603396;1.0;1.0;0.9999432726294937;1.0;1.0000382814334043;0.999894260877464;0.9997808971160607;0.9997857535668917;0.9997884436148293;0.9999724790072062;0.9999999999999999;0.999950779609184;0.9999166747437886;0.9999627720093683;0.9997875890560314;1.0002958307899645;1.0003249357889399;0.9999272321156221;0.9999549639422021;0.9999432604847112;0.9999999999999999;0.9998229829368611;0.9997719633990277;0.9998679919877761;0.999981625841862;0.9998735584368748;1.0;1.0;0.9996425168734504;0.9994242256307851;1.0;0.9999790510374006;0.9999206292186144;0.9999441931980749;1.0;1.024999976158142;
2016-05-09 08:45:00;0.9998957342596695;1.0;0.9999264349535023;0.9998974129374862;0.9999804674291215;0.9999072487446793;1.000324499835332;0.9997496322219693;1.0;1.0;0.9999257505817389;1.0;1.0000403763070909;0.9998405360852237;0.9996530773043292;0.999657783642712;0.9996623546968272;0.9999795376591193;1.0;0.9999377289943305;0.9998982749118318;0.9999557978052908;0.9996610878020675;1.0003025934728562;1.0003346340134744;0.999907738092669;0.999946329535026;0.9999183707761469;1.0;0.9997934562078654;0.9997679336746345;0.9998713884095867;0.9999849837665448;0.9998976955231063;1.0;1.0;0.9996333697337282;0.9994143864299515;0.9999999999999999;0.9999831334712236;0.9999026181673972;0.999929555957086;1.0;1.024999976158142;
2016-05-09 09:00:00;0.9999074651138392;1.0;0.9999322418322382;0.999908715390893;0.9999819693137499;0.9999169338242628;1.000337164264622;0.9997812316921085;1.0;1.0;0.9999311207300081;1.0;1.0000419587318334;0.9998609735503764;0.9997015298879184;0.9997042296727575;0.9997079605110338;0.9999809384266929;1.0;0.9999429412792876;0.9999085777243147;0.9999561599578093;0.9997069074153898;1.0003149124563488;1.0003472848283947;0.9999168188466429;0.9999479858147031;0.9999276820643149;1.0;0.9997628806413923;0.9997344465178029;0.9998457993314566;0.9999876503325179;0.9998538466350205;1.0;1.0;0.999636683955258;0.9994232018973045;0.9999999999999999;0.9999857263191071;0.9999121750398614;0.9999343604762504;1.0;1.024999976158142;
2016-05-09 09:15:00;0.999937105143834;1.0;0.9999557996137203;0.9999406606354929;0.9999853252014289;0.9999472817636197;1.0003145853958517;0.9998694472244498;0.9999999999999999;1.0;0.9999548133843825;1.0;1.0000384009104948;0.9999163615000718;0.9998224870362681;0.9998235777379554;0.9998256675789937;0.999983499191496;1.0;0.9999611765737666;0.9999338016024002;0.999969718846013;0.9998249901459428;1.0002946642695167;1.0003234923105682;0.9999414443637697;0.9999635076614211;0.9999550590996011;1.0;0.9997831717962656;0.9997625121351769;0.9998708428556359;0.9999909668585562;0.9999054337213247;1.0;0.9999999999999999;0.9996670146432339;0.999472983002971;1.0;0.9999892553970137;0.999936410810464;0.999956895505804;1.0;1.024999976158142;
2016-05-09 09:30:00;0.9999538232723815;1.0;0.999967359867685;0.999957824767767;0.9999856561085415;0.9999629674309993;1.0003179085644678;0.999913554393445;0.9999999999999999;0.9999999999999999;0.9999675805069451;1.0;1.0000391017954182;0.9999431765341179;0.9998827903137992;0.9998845936192567;0.9998859459304001;0.999984020057981;1.0;0.9999715661022863;0.9999506596447243;0.999977778837076;0.999885475701552;1.000298379369028;1.000326373559958;0.9999572275376678;0.9999731002068984;0.9999688312703068;1.0;0.9997687707264636;0.9997412275072542;0.9998517681378869;0.9999904945246211;0.9998638594876403;1.0;0.9999999999999999;0.9996769184843348;0.9994680949926729;1.0;0.9999889180252586;0.9999528462004844;0.9999683375796523;1.0;1.024999976158142;
2016-05-09 09:45:00;0.9998883603057471;1.0;0.9999163419865559;0.9999012431304283;0.9999443266639801;0.9999132758950778;1.0003520453566168;0.9998080902131379;1.0;0.9999999999999999;0.9999261453791715;0.9999999999999999;1.0000425728573454;0.9998635448917421;0.9997352703923065;0.9997520387288574;0.9997555691757097;0.9999417944837174;1.0;0.9999339295074395;0.9998888992082821;0.9999531743562246;0.9997544635116462;1.0003303992459613;1.0003615675077824;0.9999063635503023;0.999942769341668;0.9999262742460255;1.0;0.9997065130063603;0.9997098353041953;0.9998374385852804;0.9999541577959942;0.9998639209079303;1.0;1.0;0.9996656044659474;0.9994569625654062;1.0;0.9999493133829573;0.9998962185510417;0.9999219490596237;1.0;1.024999976158142;
2016-05-09 10:00:00;0.9998599176818496;1.0;0.9998969480294482;0.9998785763889312;0.9999320149986742;0.9998947735269405;1.0003719803076216;0.9997808992480964;1.0;1.0;0.9999062630802964;1.0;1.0000425342842656;0.9998444039425304;0.9997027076583531;0.9997186037089989;0.9997221621511496;0.9999269059396295;1.0;0.999915105512808;0.9998525337366504;0.9999357647688266;0.9997208684885894;1.0003490468457306;1.0003825391536745;0.9998765151304807;0.9999218029874388;0.9999126121129013;1.0;0.9997114560687994;0.9996977716819524;0.9998277440364538;0.9999482078097623;0.9998497539089498;1.0;1.0;0.9996181515699454;0.9993868143490907;1.0;0.9999416969550533;0.9998612170204428;0.9999022561657023;1.0;1.024999976158142;
2016-05-09 10:15:00;0.999907301823168;0.9999999999999999;0.9999318500666552;0.9999192582509934;0.9999566295430936;0.9999299097900203;1.0003508123335882;0.9998529956220671;1.0;1.0;0.9999372046325881;1.0;1.0000414726206897;0.9998966446263835;0.9998012965635734;0.9998107082065545;0.9998130329038516;0.9999531443134844;0.9999999999999999;0.9999434444334567;0.9999017880516438;0.9999564548665799;0.9998121774049938;1.0003293770360475;1.0003603649496562;0.999917453165107;0.9999471788600214;0.9999418623107714;1.0;0.9997291836493974;0.9997127933304728;0.999841574241926;0.9999676252227008;0.9998785658315581;1.0;0.9999999999999999;0.9996255379968574;0.9994133184287691;1.0;0.9999633772396926;0.9999073435517727;0.9999350627474417;1.0;1.024999976158142;
2016-05-09 10:30:00;0.9999110872781064;0.9999999999999999;0.9999353416116943;0.9999210327222835;0.9999636979495372;0.9999310644837034;1.0003420121757076;0.9998491413578984;1.0;1.0;0.9999387135971639;1.0;1.0000405636943281;0.9998968151778048;0.9997961039006784;0.9998030125598836;0.9998053772518302;0.9999604670422981;1.0;0.9999454543763427;0.9999056076735536;0.9999576126203062;0.9998045290712155;1.000320829412174;1.0003515310372073;0.999919646464531;0.99994871830782;0.9999425043736828;1.0;0.9997232346984936;0.9997126291132306;0.9998444395937569;0.9999737992488968;0.9998889670150591;1.0;0.9999999999999999;0.9996311425996024;0.9994107773788562;1.0;0.9999701143706118;0.9999104971065754;0.9999379518409427;1.0;1.024999976158142;
2016-05-09 10:45:00;0.9998724306334832;1.0;0.9999075199589935;0.9998900291257968;0.9999431563901021;0.9999053178295136;1.0003694979066189;0.9998091868933497;1.0;0.9999999999999999;0.9999123416310505;1.0;1.0000412880846026;0.9998669777363419;0.9997460902216916;0.9997548900886799;0.9997575339639452;0.9999371157446493;1.0;0.9999206308083795;0.9998594085191582;0.9999359589056122;0.9997564154220676;1.0003466773432443;1.0003801990976182;0.9998819962427663;0.9999226183649855;0.9999228304921236;1.0;0.999692530001229;0.9996694831030326;0.9997949301430824;0.9999607917560919;0.9997617831577101;0.9999999999999999;0.9999999999999999;0.9996144810166248;0.9993496996448823;1.0;0.9999547671027497;0.9998665663787977;0.9999106091019199;0.9999999999999999;1.024999976158142;
2016-05-09 11:00:00;0.9998462809076498;1.0;0.9998911354666515;0.9998681191574571;0.999933779653954;0.99988721183009;1.000365395522915;0.9997725110018727;1.0;1.0;0.9998960972759322;1.0;1.0000390810054034;0.9998419859353808;0.9996956030625793;0.9997052872787016;0.9997084655063057;0.9999260981630178;1.0;0.9999050009918192;0.9998289594985568;0.9999244650857269;0.9997070914778176;1.0003425252160638;1.000376543221975;0.9998567122576262;0.9999079662805742;0.9999081508151377;1.0;0.9996912135473695;0.999687296997376;0.9998181787648662;0.9999548649589913;0.9998257302227218;1.0;1.0;0.9996617328150526;0.9994382162744427;1.0;0.9999477665537706;0.9998375285561584;0.9998946935926705;1.0;1.024999976158142;
2016-05-09 11:15:00;0.9998044141012994;1.0;0.9998550955032472;0.9998303167360421;0.9998962789827984;0.9998524869203704;1.000401217272541;0.9996850276703269;1.0;1.0;0.9998744396279231;1.0;1.0000463537834927;0.9997712761510443;0.9995633693295038;0.9995952693657488;0.9996011710724902;0.9998912542210386;1.0;0.9998853498960968;0.9998039014326142;0.9999208962845036;0.9995992673132028;1.0003764434637117;1.0004125470346605;0.9998366918497227;0.9999022529386609;0.9998752323111535;0.9999999999999999;0.999687227195667;0.9996814019385248;0.9998143001550137;0.9999139892265264;0.9998247044929572;1.0;1.0;0.9996066418010133;0.9993564539195614;0.9999999999999999;0.9999050499003171;0.9998173780644652;0.9998654663909416;1.0;1.024999976158142;
2016-05-09 11:30:00;0.9998169168954133;0.9999999999999999;0.999859684301328;0.9998402439673462;0.9998956814672989;0.99985976449533;1.0003909042823422;0.9996991719669668;1.0;1.0;0.9998814060106236;1.0;1.0000467134658537;0.9997788327081679;0.9995830423918216;0.9996177723405799;0.9996235964539628;0.9998922959926843;1.0;0.9998928989327684;0.999822273436224;0.9999266781617269;0.9996218279946346;1.0003670651151795;1.0004014184605872;0.9998519811331957;0.9999101893936058;0.9998806268282326;1.0;0.9997011395210201;0.9996852670098489;0.9998109710923302;0.999911037304901;0.9998000590983898;1.0;1.0;0.9996052943779135;0.9993528972482197;1.0;0.9999024007364931;0.9998354634221954;0.999870671336809;1.0;1.024999976158142;
2016-05-09 11:45:00;0.9998561075939095;1.0;0.9998891499953106;0.9998714646588632;0.9999226237499941;0.9998859566585344;1.0003829032087976;0.9997418348584335;1.0;0.9999999999999999;0.9999057559840324;1.0;1.0000474572143563;0.9998139050138433;0.9996406922526228;0.9996681421130238;0.9996732766197611;0.9999210367652486;0.9999999999999999;0.9999162977317286;0.9998640944186898;0.999943846654689;0.9996718155210962;1.0003593287254835;1.000393068678217;0.9998853082239928;0.9999313778910526;0.9999016408774232;0.9999999999999999;0.9996978896159571;0.9996822412153976;0.9998082895628759;0.9999324891661234;0.9997942939783995;1.0;1.0;0.9995996655390882;0.9993478580745141;0.9999999999999999;0.9999262970956955;0.9998742132820444;0.9998980836120352;1.0;1.024999976158142;
2016-05-09 12:00:00;0.9998815175819861;1.0;0.9999080120641349;0.999895064376306;0.9999346540471873;0.999907097565973;1.0003607727916963;0.999795805318544;1.0;1.0;0.999921371031757;1.0;1.0000444128827963;0.9998519706171288;0.9997182454255824;0.9997398983459228;0.9997437951515674;0.9999328111105901;0.9999999999999999;0.9999301373422461;0.9998860218250886;0.9999511012291533;0.9997426414911698;1.0003388235893012;1.000370199528983;0.9999041965941533;0.9999407008101456;0.9999206281815971;1.0;0.9996970542722444;0.9996994931295504;0.9998270920623037;0.9999443682730284;0.99983992017318;1.0;1.0;0.9996676509192909;0.999455707466384;0.9999999999999999;0.9999389446819956;0.9998942965828951;0.9999149378959915;1.0;1.024999976158142;
2016-05-09 12:15:00;0.9998894690676403;1.0;0.9999156313011468;0.9999037076382772;0.9999388056480943;0.99991563531125;1.0003636311976132;0.9998207405023581;1.0;1.0;0.9999272949211839;0.9999999999999999;1.0000440613360024;0.9998692729078118;0.9997534179159224;0.9997722156987051;0.9997755178786429;0.999936222926076;1.0;0.999934530773962;0.9998903203717932;0.9999533724886629;0.9997744686775009;1.00034165779557;1.0003731425848192;0.9999085424894574;0.9999431776697183;0.9999286946182516;1.0;0.99968302838251;0.9996821766452783;0.9998157573062444;0.9999492714667271;0.999825345051881;1.0;1.0;0.9996922432374868;0.9995089339797733;1.0;0.9999439957726715;0.9998980056619976;0.9999216132137739;1.0;1.024999976158142;
2016-05-09 12:30:00;0.9999026098644032;1.0;0.9999237781216131;0.9999151275659266;0.9999452182742941;0.9999252894213894;1.0003592097164546;0.9998456922924285;1.0;1.0;0.9999336861121731;1.0;1.000043606259135;0.9998872895456941;0.9997913923452979;0.9998068443595451;0.9998094795808884;0.9999427274709826;1.0;0.999940927852793;0.999902298713119;0.9999553049547021;0.9998086121599834;1.0003376457063762;1.0003684768251;0.9999183515143841;0.9999464660421189;0.9999374949375455;0.9999999999999999;0.9996727302579155;0.9996783086911075;0.9998137571472736;0.9999558411359272;0.999823981156133;1.0;1.0;0.9996986058302498;0.9995248169052484;0.9999999999999999;0.9999509407101895;0.9999088918397195;0.9999285497104649;1.0;1.024999976158142;
2016-05-09 12:45:00;0.9999382865667974;1.0;0.9999523078523949;0.9999456349537278;0.9999662458517193;0.9999520322868785;1.0003654506447563;0.9998960294717192;0.9999999999999999;1.0;0.9999587943514843;0.9999999999999999;1.0000456531445199;0.9999247534487822;0.9998572018833325;0.9998677405312145;0.9998696606737932;0.9999650127247712;1.0;0.9999633384489851;0.9999395193937382;0.9999736832345707;0.999869069412106;1.00034354366224;1.0003746096967703;0.9999492631736562;0.9999681330643186;0.9999592753259487;1.0;0.9996682669593727;0.9996735183221886;0.9998098375057738;0.9999718682549886;0.9998198968701566;1.0;0.9999999999999999;0.9995731705624024;0.9993257485229219;0.9999999999999999;0.9999689789559757;0.9999437585125084;0.9999556825171749;1.0;1.024999976158142;
2016-05-09 13:00:00;0.9999235891417476;1.0;0.9999396723358065;0.9999308237391076;0.9999599173909647;0.9999380324234098;1.0003588481116692;0.9998588546877045;1.0;1.0;0.9999478302279391;1.0;1.000045250449526;0.999899432256615;0.9998059070863125;0.9998194159265338;0.9998220944858948;0.9999591576545551;1.0;0.9999546097055623;0.9999278649128277;0.999967690450044;0.9998213370300985;1.0003370853178346;1.000367967870968;0.9999385235283343;0.999961269073688;0.9999466903489771;1.0;0.99968883838916;0.9996925555971934;0.9998221535097017;0.9999656751785363;0.9998343528328187;1.0;0.9999999999999999;0.9995989486882948;0.9993572811312894;1.0;0.9999623760418754;0.9999329932014794;0.9999440696759461;1.0;1.024999976158142;
2016-05-09 13:15:00;0.9999501702714747;1.0;0.999960484761158;0.9999539383735958;0.9999789210625063;0.9999584601994366;1.0003548101815112;0.9999057066122868;0.9999999999999999;1.0;0.9999630971129408;1.0;1.000044502284631;0.9999357414918454;0.9998743247913587;0.9998790451751521;0.9998805307403398;0.9999779299956646;1.0;0.999968664338326;0.9999501364452763;0.9999744778046342;0.9998800706983204;1.000333285205075;1.0003638777075066;0.9999565961743818;0.9999701828314166;0.9999649270087546;1.0;0.9996770729357871;0.9996803074805299;0.9998155935827181;0.9999841346174106;0.9998311684578884;1.0;1.0;0.9995837627905138;0.9993291478856611;1.0;0.9999820880900948;0.9999528033859065;0.9999621279200506;1.0;1.024999976158142;
2016-05-09 13:30:00;0.9999500309398414;1.0;0.9999584509913265;0.9999547061822425;0.9999751851628538;0.9999590826305047;1.0003533450299955;0.9999146444233538;1.0;1.0;0.9999617369629896;1.0;1.0000440710457645;0.9999402829274757;0.9998896147736994;0.9998945544400647;0.999895721308294;0.9999739213758182;1.0;0.999967562072593;0.9999490967106709;0.9999717014909871;0.999895325928879;1.0003321489497417;1.0003622268293828;0.9999561660246381;0.9999675011793682;0.9999661941541163;1.0;0.9996863992719613;0.999685861216957;0.999817853203089;0.9999818800316419;0.9998295407986142;1.0;1.0;0.9995761267232035;0.9993251472901344;1.0;0.999979392595543;0.9999518645053782;0.9999599218197027;1.0;1.024999976158142;
2016-05-09 13:45:00;0.9999513837488144;1.0;0.9999607929669226;0.999956473542;0.9999770200286778;0.9999611264003816;1.000346055921467;0.9999204677936656;1.0;1.0;0.9999632403595093;1.0;1.0000427723357979;0.9999446917374766;0.9998973971655584;0.999901157070414;0.9999021801447336;0.9999753839922465;0.9999999999999999;0.9999684208118731;0.9999487936504242;0.9999723410575394;0.9999017964692003;1.0003252819268813;1.0003548426232554;0.9999561349037814;0.9999679700126575;0.9999681776955198;0.9999999999999999;0.9996827889996327;0.9996833518673401;0.9998182096304257;0.9999839772764083;0.9998340222395644;0.9999999999999999;1.0;0.9996612819345111;0.9994619505912592;1.0;0.9999815643542284;0.9999513965208522;0.9999619370424687;1.0;1.024999976158142;
2016-05-09 14:00:00;0.9999440136536987;1.0;0.9999532777278594;0.9999485956414683;0.999974071864708;0.9999533288050607;1.0003393042051143;0.9999009245537082;1.0;1.0;0.9999562533456072;1.0;1.000042152481958;0.999931761557657;0.9998724013010611;0.9998769623174948;0.9998782785235385;0.9999726962282609;1.0;0.9999632689888932;0.9999428320233272;0.9999673812873794;0.9998778360435239;1.000318802708112;1.0003479881681663;0.999950313451281;0.9999627299879483;0.9999614134946146;1.0;0.9997086830787903;0.9997024753184456;0.9998269887138342;0.9999816167368665;0.9998344109141099;1.0;0.9999999999999999;0.9996732628973152;0.9994373350435783;1.0;0.9999789394612092;0.999945728211704;0.9999546625505877;1.0;1.024999976158142;
2016-05-09 14:15:00;0.9998875590444566;1.0;0.9999090589992192;0.9998989059116632;0.999952155507558;0.9999096310876144;1.0003578375789144;0.9998199297314904;1.0;1.0;0.9999113946918673;1.0;1.0000411395183049;0.9998775888364259;0.9997741238702372;0.9997774122947181;0.9997792516240068;0.9999474584290323;1.0;0.999924417687587;0.9998768800542589;0.9999296113365104;0.9997784387785431;1.0003357457803705;1.0003679817022606;0.999893752366969;0.9999192796199615;0.999927288420703;1.0;0.9996807481356241;0.9996921081499822;0.9998293948432931;0.9999707889280082;0.9998664252530712;0.9999999999999999;1.0;0.9996462224761706;0.9994266762755014;0.9999999999999999;0.9999651760049164;0.9998820662464887;0.9999099757660819;1.0;1.024999976158142;
2016-05-09 14:30:00;0.9999058694437178;0.9999999999999999;0.9999223431968113;0.9999147871303216;0.9999587982843597;0.9999233125977374;1.000345108653744;0.9998461714375273;1.0;1.0;0.9999249200903066;1.0;1.0000406652971416;0.9998950973906383;0.9998073506861652;0.9998108872384167;0.9998124931347588;0.9999552318141585;1.0;0.9999364944374094;0.9998983975512645;0.9999405384524332;0.9998118209113763;1.0003239584882466;1.0003545865762253;0.9999120365837386;0.9999321924628739;0.9999380872380155;0.9999999999999999;0.999701525566022;0.9997072390280013;0.9998379844705836;0.9999741958443017;0.9998728360902968;1.0;1.0;0.9996859688575446;0.9994743030620132;0.9999999999999999;0.9999694550361902;0.9999027847149975;0.9999232982099704;1.0;1.024999976158142;
2016-05-09 14:45:00;0.9999315166467512;1.0;0.9999452947303195;0.9999372452593839;0.9999718197237759;0.9999435769987737;1.0003365514246214;0.9998780501843851;1.0;1.0;0.9999475756108717;1.0;1.0000410949774554;0.999917423985286;0.9998414535185661;0.9998454960779426;0.9998471303202571;0.9999697776178386;1.0;0.9999554962918135;0.9999284299820007;0.9999611743925813;0.9998465575081968;1.0003159371906376;1.0003455205637037;0.9999377902696709;0.9999550890691354;0.9999533323117872;1.0;0.9997029175125627;0.999711966738616;0.9998450907827987;0.9999808630951382;0.9998945618972951;0.9999999999999999;0.9999999999999999;0.999718330513978;0.9995070353679784;1.0;0.9999778324786444;0.9999317834997679;0.9999466834907911;1.0;1.024999976158142;
2016-05-09 15:00:00;0.9998894359486669;1.0;0.9999086919742667;0.9998984668687719;0.9999544732951194;0.9999081109377393;1.0003381544941419;0.9998093794685119;1.0;0.9999999999999999;0.9999112256709286;1.0;1.000039552502619;0.9998714554536478;0.9997595709753826;0.9997633428741564;0.9997654580422158;0.9999507321362258;1.0;0.9999254863850792;0.9998820873187441;0.9999305858239653;0.9997646396976745;1.0003170818421483;1.0003477754078172;0.9998970685059937;0.9999209940363228;0.9999252168029106;0.9999999999999999;0.9997179141362134;0.9997268137737382;0.9998569239585285;0.9999716154848858;0.9999159499127513;0.9999999999999999;1.0;0.9997506561095166;0.999574551506135;0.9999999999999999;0.9999663582242321;0.9998870482843824;0.9999098087594191;1.0;1.024999976158142;
2016-05-09 15:15:00;0.9998917632378965;1.0;0.9998985489585899;0.9998972428068073;0.9999495279185947;0.9999035168543601;1.0003433147184437;0.9998060622096097;1.0;0.9999999999999999;0.9999027534738716;0.9999999999999999;1.0000416728698207;0.9998680971166779;0.9997676743520302;0.9997716975346035;0.9997733929581035;0.999947202429703;1.0;0.9999221768827595;0.9998890718355656;0.9999200967068606;0.9997727842030119;1.0003222566067471;1.0003525329123395;0.9999009776933284;0.9999126416482359;0.9999221015021679;0.9999999999999999;0.9996955941356295;0.999707471077373;0.9998399337556705;0.9999686773172477;0.9998786000124001;1.0;1.0;0.9997671185463698;0.9995963320271682;1.0;0.9999628283456291;0.9998935430928123;0.9998990653678798;1.0;1.024999976158142;
2016-05-09 15:30:00;0.9998754415155331;1.0;0.9998911443705455;0.9998810258048987;0.9999515666399118;0.9998896129649247;1.0003400014213177;0.9997605807537965;1.0;1.0;0.9998938491846898;1.0;1.0000408371012246;0.9998408566021155;0.9997002033896796;0.9997039875668684;0.9997066929561359;0.9999489317653288;1.0;0.9999139768601636;0.9998723730513426;0.9999171094294566;0.9997057970081958;1.0003184086984702;1.0003498018508574;0.9998858036173146;0.9999076499214036;0.9999091818876849;1.0;0.9997033990100416;0.9997111677194781;0.9998454076541315;0.9999700065711605;0.9998952679011738;1.0;1.0;0.9997782581839714;0.9996097281348795;1.0;0.999964385527273;0.999877414611666;0.9998921927102701;0.9999999999999999;1.024999976158142;
2016-05-09 15:45:00;0.9998694550667965;1.0;0.9998807035729964;0.9998745142158224;0.9999450723371048;0.9998822972477293;1.0003420241017393;0.9997504356774835;1.0;1.0;0.9998847959635349;0.9999999999999999;1.0000414595025335;0.9998327362332492;0.9996932769632165;0.9996979454110011;0.9997005421351395;0.9999427790706965;1.0;0.9999078327765346;0.9998679440057933;0.9999082084109564;0.9996996987011253;1.000320471686854;1.0003516772876624;0.9998812577380778;0.999899083586965;0.9999036507022638;1.0;0.9997062567523778;0.999715564981605;0.99984771641839;0.9999656428378147;0.9998962122232097;1.0;1.0;0.9997736126590251;0.9995924880966983;1.0;0.999959316355653;0.999873196946483;0.9998816578422661;1.0;1.024999976158142;
2016-05-09 16:00:00;0.9998920460246123;1.0;0.9998898379802947;0.9998954278523349;0.9999442141539627;0.9998994251551226;1.0003387859386237;0.9998038082718436;1.0;0.9999999999999999;0.999895612841663;1.0;1.0000420493931557;0.9998652169729468;0.9997741830885147;0.9997787817519956;0.9997801484693943;0.9999428110380413;1.0;0.9999188130346754;0.9998925270225301;0.9999115409806326;0.9997796907902617;1.000318279516057;1.0003474912082626;0.9999026316244065;0.9999055062904699;0.9999193522307173;1.0;0.9997221667950248;0.9997212077023903;0.9998513655138989;0.9999652320987759;0.9999010883635364;1.0;1.0;0.9997855123920306;0.9996180717491984;1.0;0.9999587895166752;0.9998967873756298;0.9998899922625433;1.0;1.024999976158142;
2016-05-09 16:15:00;0.9998942072089965;1.0;0.9998932604753537;0.9998989904557993;0.999944733356644;0.9999035221334993;1.000336532520492;0.9998179074821503;0.9999999999999999;1.0;0.9998984193642797;1.0;1.000041080689398;0.9998743689463201;0.9997932444208332;0.9997967940022373;0.9997978508559666;0.9999426347295554;1.0;0.9999202626309907;0.9998919370955903;0.9999126455664218;0.9997974258781;1.0003162764311886;1.0003452154640393;0.9999029786069454;0.9999063167259807;0.9999233977004784;1.0;0.9997101479583399;0.9997224101647985;0.9998534150140087;0.9999664927542454;0.9999071586687283;1.0;1.0;0.9998035978622989;0.9996560961030251;1.0;0.9999599746229063;0.9998961236945212;0.9998930653465143;0.9999999999999999;1.024999976158142;
2016-05-09 16:30:00;0.9998812284471151;0.9999999999999999;0.9998805696706032;0.9998865326370296;0.9999382727687554;0.9998916769328392;1.0003259341151514;0.999794325400258;1.0;1.0;0.9998864293102357;1.0;1.0000395208174462;0.9998581691459585;0.9997653585958227;0.9997695726915143;0.9997708296549852;0.9999359902535467;0.9999999999999999;0.999910781706265;0.9998789960248786;0.9999027479430543;0.999770339180705;1.0003062245417775;1.0003344644863916;0.9998913335354248;0.9998956262056242;0.9999138289895415;1.0;0.9997258244171452;0.9997350913323666;0.9998606008146036;0.9999623417368978;0.9999111270259713;1.0;0.9999999999999999;0.9998943967653403;0.9998342711625727;1.0;0.9999550957306159;0.9998837235096762;0.9998804574602904;1.0;1.024999976158142;
2016-05-09 16:45:00;0.9999209601436725;1.0;0.9999214825801136;0.9999241026694968;0.9999607568187026;0.9999276260426582;1.0003129164635371;0.9998587742494076;1.0;1.0;0.9999248442633978;1.0;1.0000386499766016;0.9999035904547259;0.9998365726877695;0.9998390215550582;0.9998399928796016;0.9999592724789184;1.0;0.9999410437396099;0.9999195558277945;0.9999362399752191;0.9998396334492392;1.000294006493827;1.0003209654591918;0.9999275635492332;0.9999313909986003;0.9999421010591101;1.0;0.9997234471907759;0.9997293941062982;0.9998589131274761;0.999976267197524;0.9999141916783197;1.0;1.0;0.9999161598840455;0.9998804426798992;0.9999999999999999;0.9999716311311062;0.9999226328298425;0.9999214351273666;1.0;1.024999976158142;
2016-05-09 17:00:00;0.9999432952244193;1.0;0.9999512676907789;0.9999451371883812;0.9999806577989836;0.9999490580136279;1.000302550610576;0.9998853005635558;1.0;1.0;0.9999516668971486;1.0;1.0000376063277001;0.9999250171427939;0.9998548625213973;0.9998557879013769;0.9998571505386177;0.9999795257696485;1.0;0.9999610428320309;0.999941954664091;0.9999627655480189;0.9998567129331793;1.0002838279785364;1.000310639005744;0.9999476386240329;0.9999583932545149;0.9999577791237727;1.0;0.9997152152389555;0.9997126075765819;0.9998501153727742;0.999988564788682;0.9999073298888936;1.0;0.9999999999999999;0.9999395333774406;0.9999038153383885;1.0;0.9999862417466182;0.9999440809038415;0.9999516417556381;1.0;1.024999976158142;
2016-05-09 17:15:00;0.9999466185079369;1.0;0.9999515458984545;0.999948982440775;0.9999776875036467;0.9999523150260634;1.0002994764263349;0.9998998229915045;1.0;0.9999999999999999;0.9999528553506407;1.0;1.0000372125401609;0.9999330494051814;0.9998773875811828;0.9998787932293498;0.9998797829121663;0.9999765172481949;1.0;0.9999622087236478;0.9999451038786275;0.9999620200831516;0.9998794406731624;1.0002812418520504;1.0003072448989165;0.9999508253652726;0.99995814818386;0.9999611494880324;0.9999999999999999;0.9997188226992281;0.9997049506315198;0.9998459398862546;0.9999864968647473;0.9999031853558247;1.0;1.0;0.9999489067059948;0.9999143633299923;1.0;0.9999838618135516;0.9999472177351093;0.9999517969204963;0.9999999999999999;1.024999976158142;
2016-05-09 17:30:00;0.9999511664991724;1.0;0.999955926283252;0.9999527520594145;0.9999809915892715;0.9999557071398258;1.0002966073023318;0.9999038439318934;1.0;1.0;0.9999568657689292;1.0;1.0000371115427498;0.9999363710021072;0.9998810248903666;0.9998821602447152;0.9998831855931535;0.9999800940272833;1.0;0.9999656064439845;0.999950342831218;0.9999657705504139;0.9998828530960098;1.0002784940371483;1.0003042976525134;0.9999551785041919;0.9999622745583374;0.9999636152862857;1.0;0.9997106186041028;0.9997025947331888;0.9998451236047761;0.9999885552577341;0.9999037839510304;1.0;1.0;0.9999600485262835;0.9999453520762076;0.9999999999999999;0.9999863017487475;0.9999522063017674;0.999956182221354;1.0;1.024999976158142;
2016-05-09 17:45:00;0.9998952530108408;1.0;0.9999212741795763;0.9998969695081782;0.9999771640973432;0.9999059638609574;1.000309930509946;0.9997579123518603;1.0;1.0;0.9999204475346;1.0;1.0000382035069788;0.9998454118036527;0.9996727504560978;0.9996757938073445;0.9996797703563481;0.9999759079162266;1.0;0.9999343620872666;0.9998961558824351;0.9999477208928664;0.9996786368737023;1.0002891350743597;1.0003195701714465;0.9999056279705477;0.999938668307712;0.9999187005795437;1.0;0.9997078475629897;0.999702985927935;0.9998450565073872;0.99998471032836;0.9999035308145554;1.0;1.0;0.9999718088548993;0.9999634634939465;1.0;0.9999822226594972;0.9999002249334406;0.9999234673575782;0.9999999999999999;1.024999976158142;
2016-05-09 18:00:00;0.9998321692410681;1.0;0.9998826500257368;0.9998515743931853;0.9999446863046645;0.9998718229266266;1.000312051962735;0.9997265843565498;1.0;1.0;0.9998814953043383;1.0;1.0000312039914256;0.9998192207149011;0.9996374394827477;0.9996393505772985;0.9996428982060396;0.9999361206052275;1.0;0.999894003498882;0.9998102904920054;0.999912070664261;0.9996413651256169;1.000291319986576;1.000322933954343;0.9998378128707395;0.9998939720283071;0.9998953738640796;0.9999999999999999;0.9997312950701874;0.9997464591373156;0.999866162950663;0.9999679668723608;0.9999108128590642;0.9999999999999999;1.0;0.9999628802849015;0.9999545349984629;1.0;0.9999612293220869;0.999817994679425;0.9998843195488094;1.0;1.024999976158142;
2016-05-09 18:15:00;0.9998686138026358;1.0;0.9999051437410968;0.9998838062150879;0.999954400083359;0.9998990940021176;1.0003052319196521;0.9997909054209618;1.0;1.0;0.9999043023584163;1.0;1.0000321269777428;0.9998612933410159;0.9997276773138467;0.9997284339952582;0.9997308761622852;0.9999475472909587;0.9999999999999999;0.9999152749432272;0.999850744975793;0.9999266301611336;0.9997297537328531;1.0002855694310575;1.0003150842879982;0.9998722690700363;0.9999127509506718;0.9999183917266713;1.0;0.9997299763385662;0.9997558889124853;0.9998726350601851;0.9999743427142076;0.9999214619043906;1.0;1.0;0.9999727255648293;0.999964380196226;1.0;0.9999686814518061;0.9998566450297582;0.9999059794758499;1.0;1.024999976158142;
2016-05-09 18:30:00;0.9998309253297997;1.0;0.9998760654381962;0.999853509031422;0.9999335846873869;0.9998735475361675;1.0003096616577118;0.9997558469087513;0.9999999999999999;1.0;0.9998763992081083;1.0;1.0000298191253605;0.9998346992691606;0.9996880140620085;0.9996896071065946;0.9996920453098429;0.9999238394888927;0.9999999999999999;0.9998896789433499;0.9998048489638756;0.9999020174740415;0.9996907211747164;1.0002898185637084;1.0003200855733676;0.99983463529574;0.9998840001641626;0.9998994826531336;1.0;0.9997294906744785;0.9997559310718853;0.9998703080166972;0.9999621778842881;0.9999101630998415;1.0;1.0;0.9999677697591275;0.9999586304862428;1.0;0.9999539973508291;0.9998127853641559;0.9998768755554195;1.0;1.024999976158142;
2016-05-09 18:45:00;0.9998170543699583;1.0;0.9998710128117746;0.9998403351919697;0.9999335409956981;0.999862686013167;1.0003073328013439;0.999717528982597;1.0;1.0;0.9998713290289684;1.0;1.0000294036873667;0.9998105196372922;0.9996275625199325;0.9996311397691817;0.9996346559411535;0.9999237559789638;1.0;0.999884164674477;0.9997920439263659;0.9999031874341956;0.9996330456600295;1.0002870603852962;1.0003181778969839;0.9998234861215376;0.9998833736008625;0.999888783738706;1.0;0.9997220107572098;0.9997608066717175;0.9998738082486595;0.9999603292540792;0.9999155674154111;1.0;1.0;0.9999648525561926;0.9999561261235204;1.0;0.9999524039500858;0.9998008453856914;0.9998730162097321;1.0;1.024999976158142;
2016-05-09 19:00:00;0.9998390804285684;1.0;0.999882489891426;0.9998494245708123;0.9999547724829849;0.9998657950220496;1.0002994524547777;0.9996807734260438;1.0;0.9999999999999999;0.9998820494649133;0.9999999999999999;1.0000333037054507;0.9997925838514445;0.9995714464305634;0.9995757613695901;0.9995806173329815;0.9999500248358216;1.0;0.9998989328444999;0.9998306588947219;0.9999182044854671;0.999579007946818;1.0002787783041849;1.000309899088589;0.9998508616829945;0.9999027790641878;0.9998867037695749;1.0;0.9997274067163993;0.999760671642445;0.999873524064292;0.999971279771127;0.999913999311561;1.0;1.0;0.9999718123888764;0.9999630858954677;1.0;0.9999661316075028;0.9998376027872048;0.9998852723261148;1.0;1.024999976158142;
2016-05-09 19:15:00;0.9999030210842462;1.0;0.9999241437130834;0.9999087591379269;0.9999680000971538;0.9999175047353889;1.000283963643221;0.9998101124611034;1.0;1.0;0.9999251612022021;1.0;1.000033744849642;0.9998751766781181;0.9997505121631299;0.9997539120105245;0.9997565839106942;0.9999654877652013;1.0;0.9999371864723808;0.9998993168545846;0.9999458433429859;0.9997557053510909;1.000265653638068;1.0002924320129096;0.9999109977572418;0.9999372464654737;0.999930918851179;0.9999999999999999;0.9997514101115935;0.9997794857164269;0.9998825114344826;0.9999793663245515;0.999916593324555;0.9999999999999999;1.0;0.9999749627049835;0.9999662361840829;0.9999999999999999;0.9999757678185949;0.9999035296328417;0.9999257188509523;1.0;1.024999976158142;
2016-05-09 19:30:00;0.9999058673887188;0.9999999999999999;0.9999263848460932;0.9999137697899021;0.9999629575853192;0.9999227904810521;1.0002852519141654;0.9998305677640098;1.0;1.0;0.9999291313648839;1.0;1.0000336251586448;0.9998858339953666;0.999777755647213;0.9997831179368826;0.9997854755774787;0.9999601036688857;0.9999999999999999;0.9999394751642429;0.9999014039012847;0.9999483186363451;0.9997846556834137;1.0002672726994926;1.000293477339641;0.9999143332622497;0.9999397620504122;0.9999358962280083;0.9999999999999999;0.9997351162075323;0.9997803538363927;0.9998834030162084;0.9999748002699301;0.9999191410112938;1.0;1.0;0.9999741138830522;0.9999645934204184;1.0;0.9999708230034444;0.9999060069505112;0.9999283532927241;1.0;1.024999976158142;
2016-05-09 19:45:00;0.999914600600859;1.0;0.999925442828258;0.9999221567916742;0.9999553927189374;0.9999288568197673;1.000281372464215;0.9998570330990281;1.0;1.0;0.9999314174714097;0.9999999999999999;1.0000340355188415;0.9998992587207918;0.999820247739882;0.9998282981762721;0.9998300117524234;0.9999533490826654;1.0;0.9999427576838339;0.9999132061666551;0.9999472019363327;0.9998294179765801;1.000264333598051;1.000288768703756;0.9999248676698319;0.9999404989994608;0.9999418448601863;1.0;0.9997576099405685;0.9998013794272337;0.999894436275103;0.9999681972432755;0.9999259517767055;1.0;1.0;0.9999755167411594;0.9999671713492618;1.0;0.9999636148815514;0.9999177948948466;0.99992756447567;1.0;1.024999976158142;
2016-05-09 20:00:00;0.9999119448117224;1.0;0.9999195131831528;0.9999171139674843;0.9999584622747496;0.999922759840235;1.0002817891437867;0.9998427280118064;1.0;1.0;0.9999235012196294;0.9999999999999999;1.000034200017992;0.9998924485571072;0.9998079940122285;0.9998125933202218;0.9998141609687812;0.9999565627173753;1.0;0.9999381321069822;0.9999101428126608;0.9999385552109762;0.9998136156602484;1.0002644983502755;1.0002893563391695;0.9999203517928908;0.9999322174830317;0.9999372398617682;1.0;0.9997555737125683;0.9998003310107934;0.9998931217557123;0.9999730478943999;0.999922315890663;1.0;1.0;0.999976604573233;0.9999686719917539;1.0;0.9999684006099822;0.9999140632997806;0.999920468628579;1.0;1.024999976158142;
2016-05-09 20:15:00;0.9999017937411037;1.0;0.9999204821217499;0.9999071904143936;0.9999659748581069;0.9999154293042104;1.0002806797058175;0.999809038663025;0.9999999999999999;1.0;0.9999217614646074;1.0;1.000033413357857;0.9998741068759829;0.999752765626197;0.9997559398127135;0.9997584568380888;0.999963540609064;1.0;0.9999350671511902;0.9998983067614646;0.9999418451407017;0.999757624467508;1.000262650096131;1.0002889844117349;0.9999097726520524;0.999933502479663;0.9999296048451372;1.0;0.999749048968154;0.9998005947004059;0.9998912478497376;0.9999784679543317;0.9999137205427815;1.0;1.0;0.9999763843237094;0.9999684517439773;1.0;0.9999745831863501;0.9999024650228016;0.9999218054386229;1.0;1.024999976158142;
2016-05-09 20:30:00;0.9998800295610848;0.9999999999999999;0.9999074670275736;0.9998931237039063;0.9999507601176923;0.999905661978661;1.0002715327769751;0.9998075876524378;1.0;1.0;0.999909909653533;0.9999999999999999;1.0000295194166502;0.9998693100565655;0.9997524109549654;0.9997568251734444;0.9997590863524566;0.9999455621790385;1.0;0.9999216933195574;0.9998682922590046;0.9999307786431688;0.9997581274986449;1.0002543387011413;1.0002798859531545;0.9998870759394078;0.9999191459676978;0.9999234936138689;1.0;0.9997782676160544;0.9998452004925356;0.999912166304458;0.9999689881208346;0.9999180329085284;1.0;0.9999999999999999;0.9999755973324425;0.9999668708060035;1.0;0.999963347344392;0.9998740942586887;0.9999090080923382;1.0;1.024999976158142;
2016-05-09 20:45:00;0.9998794632900213;0.9999999999999999;0.9999086113390636;0.9998920075490836;0.9999527994017793;0.9999047511848137;1.0002672276443252;0.9997992955089435;1.0;1.0;0.9999108864790511;1.0;1.0000292055696163;0.9998645614026325;0.999738084929847;0.9997429156694652;0.9997454909416619;0.9999478649679262;1.0;0.9999223932384972;0.9998687987249818;0.9999332557711768;0.999744467991698;1.0002501081236137;1.0002755788899986;0.9998872561590233;0.99992149466466;0.9999220349280348;1.0;0.9997874761216078;0.9998569764256149;0.9999205082660516;0.9999697207057882;0.9999314965872659;1.0;0.9999999999999999;0.9999759938526536;0.9999672673227543;1.0;0.9999643924718866;0.9998746468115192;0.999910476167924;1.0;1.024999976158142;
2016-05-09 21:00:00;0.9998289550691234;1.0;0.9998701783878133;0.9998394531967191;0.9999381698400817;0.9998555284858145;1.000283383954408;0.9996514835714213;1.0;1.0;0.9998776226831405;1.0;1.0000335251306294;0.9997664019610961;0.9995254165434548;0.9995414560028781;0.9995474927516911;0.9999356635992522;0.9999999999999999;0.9998955515835606;0.9998318076254237;0.9999211078962323;0.9995457300433602;1.0002639548160583;1.0002927927968053;0.9998522485584622;0.9999061079610331;0.9998758740931899;1.0;0.9997893644198698;0.999857080042572;0.9999190268320456;0.999951443067533;0.9999248002457096;1.0;1.0;0.9999763716186191;0.9999680262195872;1.0;0.999945728786279;0.9998407438325192;0.999876419613096;0.9999999999999999;1.024999976158142;
2016-05-09 21:15:00;0.9998335473357296;1.0;0.9998747977973165;0.9998478773754828;0.9999340504744493;0.9998647605032294;1.0002821353779743;0.9996903583841696;1.0;1.0;0.9998823387807853;0.9999999999999999;1.000031914505356;0.9997896675204304;0.9995810154090848;0.9995960285806932;0.9996011319051201;0.9999300167685705;1.0;0.9998977311624618;0.999830683158026;0.9999210842296692;0.999599507516838;1.000263335468903;1.000291336618425;0.9998536021562819;0.9999057194935363;0.9998855334972403;0.9999999999999999;0.9997886646761751;0.9998580622389099;0.9999187389443954;0.999950129650876;0.9999215662853491;1.0;1.0;0.9999760906353159;0.9999669512863822;1.0;0.9999437608610149;0.9998396825554031;0.999880381508206;1.0;1.024999976158142;
2016-05-09 21:30:00;0.9997809166179602;1.0;0.9998425234558108;0.9997908625426364;0.9999425670868243;0.9998124783804825;1.000287194969605;0.999523877705088;1.0;1.0;0.9998448071916974;1.0;1.0000326465207705;0.9996905313482484;0.9993457175602084;0.9993583237736116;0.9993666725702648;0.999938959295276;0.9999999999999999;0.9998675359597586;0.9997811392339531;0.9999025868748344;0.9993642248735009;1.0002655873414021;1.0002985128189112;0.9998053701291013;0.9998823498173581;0.9998375985309066;0.9999999999999999;0.9997921331515823;0.9998591415383987;0.9999186715204109;0.9999570016433178;0.9999192803807605;1.0;1.0;0.9999749977014825;0.9999658583625375;0.9999999999999999;0.999951393022106;0.9997912012534429;0.999849040706298;1.0;1.024999976158142;
2016-05-09 21:45:00;0.9997771332878987;1.0;0.9998307783113177;0.9997964583918861;0.9999003196879387;0.999818548819453;1.000305174211416;0.9995774220983472;1.0;1.0;0.9998485082423163;1.0;1.000035852881267;0.9997062571833985;0.9994179252526145;0.9994495439623358;0.9994573938102357;0.999897307978644;1.0;0.9998674384122629;0.9997845100320276;0.9999062327731544;0.9994551190272875;1.00028467544612;1.000315014136114;0.9998146008443914;0.9998866584895836;0.9998439565666153;1.0;0.9997868289247819;0.9998574426049168;0.9999188334153901;0.9999164521417416;0.9999232581917197;1.0;1.0;0.9999773915165588;0.9999702528843768;0.9999999999999999;0.999907987853796;0.9997981961982804;0.9998417155316806;1.0;1.024999976158142;
2016-05-09 22:00:00;0.9998514473730591;1.0;0.9998866768249188;0.999861181621603;0.9999491223649484;0.9998752991198033;1.0002784898094366;0.9997085968431785;0.9999999999999999;1.0;0.9998901792115865;0.9999999999999999;1.0000320086795704;0.9998065978396538;0.9996102368908344;0.9996190110607105;0.9996235337240441;0.9999456801090962;1.0;0.9999065308902119;0.9998481371277661;0.9999242138444667;0.9996221034438;1.0002597135741103;1.0002876535995753;0.9998665650907183;0.9999108313652839;0.999894571772121;1.0;0.9997806739253409;0.9998527758132063;0.9999165875009212;0.9999641081862286;0.9999225265510773;1.0;1.0;0.9999761700732414;0.9999674435418042;1.0;0.9999588261261496;0.9998552067011004;0.999890349343514;1.0;1.024999976158142;
2016-05-09 22:15:00;0.9998718123383289;0.9999999999999999;0.9999002182910217;0.9998811528957938;0.999953129089899;0.9998931900554003;1.0002686290344953;0.9997591598515246;0.9999999999999999;1.0;0.9999033111999319;1.0;1.0000307983040266;0.9998392476999453;0.9996824508391935;0.9996892379789317;0.9996927006086641;0.9999496669079507;1.0;0.9999178408834589;0.999867028205648;0.9999305859678628;0.9996915475952958;1.0002509917856073;1.0002771022546502;0.9998836093828173;0.999919080605684;0.9999107187174013;0.9999999999999999;0.9998083176889014;0.9998691140693549;0.9999257508006573;0.9999681271955468;0.99993053522994;1.0;0.9999999999999999;0.9999763951962513;0.9999672558445338;1.0;0.9999630906707446;0.9998730862309998;0.9999028859969752;1.0;1.024999976158142;
2016-05-09 22:30:00;0.999876617192618;1.0;0.999903126061217;0.9998870591923564;0.9999503203610094;0.9998988091458387;1.000269811418508;0.9997786623519404;1.0;1.0;0.9999073615760793;1.0;1.0000308737001526;0.9998501718361318;0.9997095263501323;0.9997173534821309;0.9997204662888055;0.9999467340132059;1.0;0.9999208018027047;0.999871488955143;0.9999327238288032;0.9997193965313583;1.0002524500535022;1.0002780496807944;0.9998884176144859;0.999921617422943;0.999915925578015;0.9999999999999999;0.9997969384490272;0.9998631689783284;0.9999223926853456;0.999965629973431;0.9999274478127802;0.9999999999999999;0.9999999999999999;0.9999759938526536;0.9999672673227543;1.0;0.9999603762636424;0.9998776311106258;0.9999059002100251;1.0;1.024999976158142;
2016-05-09 22:45:00;0.9998747601558533;0.9999999999999999;0.9999005246468876;0.9998870690799837;0.9999448059842827;0.9998991743261917;1.000266020632959;0.9997888034824167;1.0;1.0;0.9999058163095319;0.9999999999999999;1.0000299090614582;0.9998548376548195;0.9997257255013642;0.9997343478480785;0.9997371458623326;0.9999407004427748;1.0;0.9999190023447164;0.9998681074109588;0.9999299641615884;0.9997361224609961;1.0002491813500773;1.0002740180700083;0.9998864711889841;0.9999186218661951;0.999917086098439;1.0;0.9998182733412333;0.9998742706552269;0.999926289495942;0.9999618807883786;0.9999227087831589;1.0;1.0;0.9999768426813338;0.9999689100979656;1.0;0.9999560348073616;0.9998745908897203;0.9999032980712528;1.0;1.024999976158142;
2016-05-09 23:00:00;0.9998888739905574;1.0;0.9999089502401562;0.9998997975722629;0.9999470092643846;0.9999099675256261;1.0002641493304059;0.9998149627587113;1.0;1.0;0.9999150739734582;0.9999999999999999;1.0000304886775075;0.9998711592799329;0.9997619012405913;0.9997710520075012;0.9997734491774947;0.9999436788631829;1.0;0.9999274952142834;0.9998844307482816;0.9999362518692001;0.9997725854871323;1.0002477524675188;1.0002716850548956;0.9999005914106683;0.9999266044639477;0.9999261224521474;1.0;0.9998185154190435;0.9998740143629431;0.9999253991621487;0.9999626057104872;0.9999191887554026;1.0;1.0;0.9999778789339931;0.9999695335223819;1.0;0.9999571062177316;0.9998903724142875;0.9999116639371625;1.0;1.024999976158142;
2016-05-09 23:15:00;0.9998933995622279;1.0;0.9999143067725883;0.9999022717162795;0.9999541924459692;0.9999119689881136;1.0002602286384898;0.9998089621102946;0.9999999999999999;0.9999999999999999;0.9999191464729381;1.0;1.0000305133294851;0.9998694965322215;0.9997502960901754;0.9997584417213958;0.9997611326845783;0.9999514318196869;1.0;0.999931294574667;0.9998904987143579;0.9999411891731548;0.9997602317040915;1.0002437605177725;1.0002678169351251;0.999904908515512;0.9999319321644462;0.9999268253011396;1.0;0.9998332971464691;0.9998839405931168;0.9999327572155269;0.9999674608158274;0.9999319283708592;1.0;1.0;0.9999778789339933;0.999969533522382;1.0;0.9999627369942452;0.9998959714800096;0.9999169980720289;1.0;1.024999976158142;
2016-05-09 23:30:00;0.9999128878381784;1.0;0.9999286976838587;0.9999197239444408;0.9999621114343414;0.9999273007842647;1.0002541335306006;0.9998425476988425;1.0;1.0;0.9999327203994512;1.0;1.0000303903352807;0.9998924986320972;0.9997955224990217;0.9998020906354592;0.9998042551655176;0.9999599821267966;1.0;0.9999433113952682;0.9999109201021867;0.9999505501962548;0.9998035368341159;1.0002382446311207;1.000261279418776;0.9999223864148137;0.9999431786879419;0.9999396345533298;0.9999999999999999;0.9998301356090614;0.9998844015318638;0.9999333677184304;0.9999732392327543;0.9999337581950342;1.0;1.0;0.9999783318090752;0.9999703992138943;1.0;0.9999693104903886;0.9999153353012643;0.999930812191593;0.9999999999999999;1.024999976158142;
2016-05-09 23:45:00;0.9999389577970325;1.0;0.9999485253683001;0.9999439363070515;0.9999701271261654;0.9999489631112618;1.000255392865592;0.9998911835468832;0.9999999999999999;1.0;0.9999526762807167;1.0;1.0000315144727923;0.9999242445193319;0.9998590409646925;0.9998653261569752;0.9998668563166351;0.9999689047304867;1.0;0.9999602991961892;0.9999389706089017;0.9999653704357491;0.9998663683331064;1.000239847935962;1.0002620552869412;0.9999470385416345;0.9999604491045417;0.9999575664711259;0.9999999999999999;0.999826688615214;0.999869390972013;0.9999118118444913;0.9999778797781025;0.9998688914326923;0.9999999999999999;0.9999999999999999;0.999977544814658;0.9999688182712239;1.0;0.9999749285738164;0.9999423114019412;0.9999504111266678;1.0;1.024999976158142;
2016-05-10 00:00:00;0.9999265455784138;1.0;0.999930982317092;0.999931523061742;0.9999592181930214;0.9999359546275717;1.0002562377235489;0.9998723426454245;1.0;0.9999999999999999;0.9999369690918726;1.0;1.0000317720178464;0.999909744169127;0.9998437518954876;0.9998511313641272;0.9998525227836284;0.9999581168602611;1.0;0.9999489794747494;0.9999276645288351;0.9999502211261873;0.9998520797621996;1.000240845640662;1.000262730255955;0.9999364594662709;0.9999452758805749;0.9999477371243501;1.0;0.9998299462834775;0.9998789384645663;0.9999253961227939;0.9999709068060494;0.9999094670167495;1.0;0.9999999999999999;0.9999796504197981;0.9999728929070453;0.9999999999999999;0.9999667199634341;0.9999314913082384;0.9999326971196658;1.0;1.024999976158142;
2016-05-10 00:15:00;0.9999321652113884;1.0;0.9999434190517467;0.9999390301598573;0.9999656119336338;0.9999450735245536;1.0002520360728615;0.9998888492739146;0.9999999999999999;1.0;0.9999477950936406;1.0;1.0000303477085988;0.9999217766991965;0.9998577465665079;0.9998640540757383;0.9998654743735458;0.9999636418976954;1.0;0.9999555730654471;0.999929888056431;0.9999605603817876;0.9998649628559969;1.0002367694429117;1.0002586905355704;0.9999398603822932;0.9999547884927684;0.9999550162746897;0.9999999999999999;0.9998311037626729;0.9998821582247808;0.9999307772602829;0.9999753882288045;0.9999269441888625;1.0;0.9999999999999999;0.9999791918426592;0.9999708464200908;1.0;0.999971869400244;0.9999336317344961;0.9999452172637373;0.9999999999999999;1.024999976158142;
2016-05-10 00:30:00;0.9999443363426279;1.0;0.9999553388413469;0.9999491906647728;0.9999745499356422;0.9999542960359051;1.0002416783636023;0.9998999579143992;1.0;1.0;0.9999586637524115;1.0;1.000029692346846;0.9999309093367225;0.9998677599448413;0.9998733135841422;0.9998748290978593;0.9999732738494006;0.9999999999999999;0.9999647327888171;0.9999437843151456;0.9999707594502723;0.9998743412002414;1.0002268838718067;1.0002480749480438;0.9999514328554645;0.9999659468828941;0.9999617420402559;1.0;0.999850271191117;0.9998935467811007;0.9999363966636937;0.999980973603513;0.9999287983526643;0.9999999999999999;1.0;0.9999792540095156;0.9999709085864286;1.0;0.9999784849590387;0.9999468545938188;0.9999571592514963;1.0;1.024999976158142;
2016-05-10 00:45:00;0.9999486469981506;1.0;0.9999613226882572;0.999953832343576;0.9999775430409743;0.9999592028585531;1.0002380282577659;0.9999090596893011;0.9999999999999999;1.0;0.999964210433769;1.0;1.000029101563055;0.9999372442139388;0.9998768307158884;0.9998821652008918;0.9998836684249531;0.9999761459229937;1.0;0.9999686070108124;0.9999474707099894;0.9999758670573233;0.9998831752722088;1.00022343603419;1.0002443717507736;0.9999550866287412;0.9999710435427606;0.9999656245936801;1.0;0.9998528522497315;0.9998956776707719;0.9999383186227843;0.9999828215004166;0.9999328040570853;1.0;1.0;0.9999784178834805;0.9999696913324276;1.0;0.9999806799521748;0.9999504226992102;0.9999632089416081;1.0;1.024999976158142;
2016-05-10 01:00:00;0.9999437420686098;1.0;0.9999578108555108;0.9999503711532655;0.999973649074468;0.9999565148515224;1.0002321066327866;0.9999068153200261;1.0;1.0;0.9999612641917637;0.9999999999999999;1.0000279175912155;0.9999347440223191;0.9998741634532101;0.9998802099536659;0.999881710272702;0.9999718183945515;1.0;0.9999655839499443;0.999941478397452;0.9999733726885062;0.999881187486881;1.0002179344583126;1.0002383314625247;0.9999505072081268;0.9999679409252943;0.9999637008186272;1.0;0.9998822447537786;0.9999118330820501;0.9999450847982406;0.9999800210726375;0.9999308292792001;1.0;1.0;0.9999790525133252;0.9999703259567337;0.9999999999999999;0.9999774851321447;0.9999448329015649;0.9999598673612345;1.0;1.024999976158142;
2016-05-10 01:15:00;0.9999451195207112;1.0;0.999958064205953;0.9999515913500445;0.9999715962281874;0.9999573829233774;1.0002282191489198;0.9999076868846497;1.0;1.0;0.9999629571545646;1.0;1.0000279329356323;0.9999340305811599;0.9998738831504793;0.9998820134474459;0.9998836457190933;0.9999702651031991;1.0;0.9999670762054159;0.9999450742145587;0.9999757311909522;0.999883123266425;1.0002143845593225;1.0002341705826232;0.9999537712017091;0.9999706669646746;0.9999640066019126;1.0;0.999901692124704;0.9999234413441065;0.9999518503746467;0.9999769925269295;0.9999377529275812;1.0;0.9999999999999999;0.9999797307935664;0.9999710042310559;0.9999999999999999;0.9999744679592609;0.9999486674089924;0.9999607169144543;0.9999999999999999;1.024999976158142;
2016-05-10 01:30:00;0.999954487844338;1.0;0.9999635141707566;0.9999600209769048;0.999974396037815;0.9999645318492568;1.0002265033489899;0.9999270590819965;1.0;1.0;0.9999679927121919;1.0;1.0000279382904018;0.999946980561634;0.9999026310955599;0.9999094958999708;0.9999106789756186;0.9999732640155685;1.0;0.9999719046307428;0.9999543694817683;0.999977827753522;0.9999102885720597;1.0002129641867978;1.0002322169279017;0.9999616524338815;0.9999738098477069;0.9999704335782909;1.0;0.9999164606948631;0.9999294722336273;0.9999544845596579;0.9999796953309134;0.9999375154612984;0.9999999999999999;1.0;0.9999802172786266;0.9999726658041891;1.0;0.999977356344381;0.9999573631678003;0.9999655977701539;1.0;1.024999976158142;
2016-05-10 01:45:00;0.9999472917248744;1.0;0.9999601090740584;0.9999514437553514;0.9999802835439032;0.9999566662330077;1.0002190252873737;0.9999000869488379;1.0;1.0;0.9999618283842049;1.0;1.0000266768659856;0.9999329575701941;0.9998657348692352;0.9998695452544833;0.9998711255317745;0.9999789293712715;1.0;0.9999671830412568;0.9999458982492728;0.999973804800638;0.9998706151343981;1.0002053557829926;1.0002250754161177;0.9999529483233871;0.9999689396208247;0.9999634117539787;0.9999999999999999;0.9999368197198152;0.9999423640113939;0.9999621193642432;0.9999857087792875;0.9999458194994412;1.0;1.0;0.9999800299194633;0.9999720973108117;0.9999999999999999;0.9999837171274718;0.9999485813262466;0.9999616107984837;0.9999999999999999;1.024999976158142;
2016-05-10 02:00:00;0.99995090109567;1.0;0.9999642783754651;0.9999561060716714;0.9999806355392254;0.9999615784952016;1.0002163207765762;0.9999147654162083;1.0;1.0;0.9999658909675013;1.0;1.0000259560726898;0.9999421347360423;0.9998848307567091;0.9998883643387722;0.9998896987504349;0.9999788876127175;1.0;0.9999698164013122;0.9999479401523886;0.9999764171206479;0.9998892253827285;1.0002029561575643;1.0002222592822152;0.9999555080352539;0.9999715220346153;0.9999678869898415;1.0;0.9999432313828962;0.9999472740501523;0.9999653589421712;0.9999861522462351;0.9999504701125825;0.9999999999999999;0.9999999999999999;0.999979967751923;0.9999720351437645;1.0;0.9999841697372208;0.9999505741490529;0.9999656626657909;1.0;1.024999976158142;
2016-05-10 02:15:00;0.9999603787773719;1.0;0.9999703777093216;0.9999649178883201;0.9999822749318819;0.9999692444115865;1.0002156680631338;0.9999339378657466;1.0;1.0;0.99997239424918;1.0;1.0000262847831507;0.9999541927290888;0.9999112062666154;0.9999148704648582;0.9999158978594541;0.9999809084564917;0.9999999999999999;0.9999755646001223;0.9999583629022641;0.9999807332341943;0.9999155319464169;1.0002025707224875;1.000221331656377;0.999964659067031;0.9999768757955242;0.9999744003905707;1.0;0.9999440419029738;0.9999476294389491;0.9999659736792038;0.9999869335548659;0.9999524887806911;1.0;1.0;0.9999806756406681;0.9999731241627691;1.0;0.9999851742040151;0.9999606278532259;0.9999716579644999;1.0;1.024999976158142;
2016-05-10 02:30:00;0.9999588536935163;0.9999999999999999;0.9999676344510573;0.9999638681152658;0.9999792619569179;0.9999681162044891;1.0002168722291211;0.9999356325365808;0.9999999999999999;1.0;0.9999702417141056;1.0;1.000026354973745;0.999954398527536;0.9999156741300727;0.9999197359960552;0.9999206309077252;0.9999777927781413;1.0;0.9999739149197595;0.9999566419022023;0.9999781382286892;0.9999202926225882;1.0002038356299816;1.0002224742633823;0.9999633486779791;0.999974290840764;0.99997385211399;1.0;0.9999431529939192;0.9999447062680271;0.9999631415999228;0.9999849188635589;0.9999457010448077;0.9999999999999999;1.0;0.9999795954666973;0.9999708689053678;1.0;0.9999828310794182;0.9999590427126842;0.9999688862825609;1.0;1.024999976158142;
2016-05-10 02:45:00;0.9999552287498849;1.0;0.9999646685358331;0.9999599783702077;0.9999777505458481;0.9999643865205464;1.00021932643604;0.9999238099173482;0.9999999999999999;1.0;0.9999679854389217;1.0;1.0000269824900088;0.9999463092222712;0.9998983245965696;0.9999037288769215;0.9999049352210129;0.9999766062153059;1.0;0.9999721641177636;0.9999546499906239;0.9999777339989605;0.999904537838085;1.000206054021854;1.0002250020072527;0.9999613872338975;0.999973727126926;0.9999702206142589;1.0;0.9999408698138217;0.9999461282737937;0.9999657174678792;0.9999828609827072;0.9999543647509637;0.9999999999999999;1.0;0.9999798886426978;0.9999715432143141;1.0;0.999980757605959;0.9999573390367569;0.999966402673207;1.0;1.024999976158142;
2016-05-10 03:00:00;0.9999654332789588;1.0;0.9999719633890374;0.9999666634682813;0.9999878769074957;0.9999693561696222;1.0002138734103472;0.999926053754481;1.0;1.0;0.9999731325554847;1.0;1.000027046946616;0.9999510518051614;0.999901671196824;0.9999042029119999;0.9999053719413221;0.9999875323794981;1.0;0.9999779307112797;0.9999663858901735;0.9999815879172045;0.9999050404431136;1.00020067654098;1.0002194760914471;0.9999698905354848;0.9999788327294843;0.9999738088790178;1.0;0.9999442896128964;0.9999473281685798;0.9999648496581052;0.9999910386545987;0.9999481439006019;0.9999999999999999;1.0;0.9999772571750435;0.9999677366824833;1.0;0.9999898389229029;0.999967995784839;0.9999729487500371;1.0;1.024999976158142;
2016-05-10 03:15:00;0.9999652026385221;1.0;0.9999727300813573;0.9999659731957304;0.9999906699033922;0.9999687840541392;1.0002115240831175;0.9999221857750399;0.9999999999999999;0.9999999999999999;0.9999728638436258;0.9999999999999999;1.0000266329984129;0.999949772008711;0.999896146336113;0.9998974438261392;0.9998986620660812;0.9999902349941372;0.9999999999999999;0.9999777643373368;0.9999655215584149;0.9999814594575123;0.9998983112942406;1.0001983120243974;1.0002172148554656;0.9999687879592113;0.9999785646282433;0.9999732440919945;0.9999999999999999;0.999957118162209;0.9999506220678679;0.99996618836522;0.9999937014041483;0.9999475172090031;1.0;0.9999999999999999;0.999982129834219;0.9999749911682112;1.0;0.999992692590121;0.999966926641472;0.9999734447070234;1.0;1.024999976158142;
2016-05-10 03:30:00;0.9999834242054454;1.0;0.9999852468570999;0.9999842244088446;0.9999922808024906;0.9999853076990803;1.0002079965165367;0.9999676709049374;1.0;1.0;0.9999862510637012;1.0;1.0000265082005284;0.9999779188661453;0.9999587333452085;0.9999602152987891;0.9999606489134342;0.9999920971206631;0.9999999999999999;0.9999888764965328;0.9999838816732607;0.9999897491739149;0.9999605220294586;1.0001955614387437;1.0002130869152706;0.9999856728574944;0.9999885645646321;0.9999877316277678;1.0;0.9999543956082165;0.9999536628561986;0.9999688930524724;0.9999944112279167;0.9999535192764217;1.0;1.0;0.9999838022171046;0.9999754567560598;1.0;0.9999936308282379;0.9999846986179661;0.9999856793844155;0.9999999999999999;1.024999976158142;
2016-05-10 03:45:00;0.9999722706119704;1.0;0.9999776008208499;0.9999744981544791;0.9999874895883304;0.9999769671398693;1.000212920312748;0.9999489025738465;1.0;1.0;0.9999792502355913;1.0;1.0000267432797507;0.9999648499300132;0.999932403016337;0.9999351926063936;0.9999359755142075;0.9999869244829525;1.0;0.9999824181740686;0.9999722452448063;0.9999854032586198;0.9999357300601167;1.000200072855723;1.0002182983803536;0.9999759184880657;0.9999830495643636;0.9999806541573001;1.0;0.9999453507028007;0.9999481729044373;0.9999658807530972;0.9999905947381901;0.999951009983428;1.0;1.0;0.9999838813269663;0.9999759486877623;1.0;0.9999893785203169;0.9999737615739185;0.9999785238632778;1.0;1.024999976158142;
2016-05-10 04:00:00;0.9999638748546118;0.9999999999999999;0.9999707868006403;0.999967036840572;0.9999826056627362;0.9999702924343539;1.0002160592526623;0.9999346053649452;1.0;1.0;0.9999734009226463;1.0;1.000027008855344;0.9999544433237026;0.9999130677363953;0.9999173553104778;0.9999183918364389;0.9999819072031458;1.0;0.9999773208520897;0.9999641575262014;0.9999815402252;0.999918070357948;1.000202992860935;1.0002215641287842;0.9999691018815717;0.9999784806089094;0.9999750015770945;1.0;0.9999456227361252;0.9999490330143558;0.9999679591003136;0.9999865390588207;0.9999586262282613;1.0;1.0;0.9999834851316625;0.9999755524956014;1.0;0.9999849040657616;0.9999662503893288;0.9999721700446716;1.0;1.024999976158142;
2016-05-10 04:15:00;0.9999628282996266;1.0;0.9999705603662669;0.9999644230962005;0.9999873714298918;0.9999675263800579;1.000215482428143;0.9999217244710055;1.0;0.9999999999999999;0.9999716078315956;1.0;1.000027073353214;0.9999483024233028;0.9998954955052415;0.9998979891059525;0.9998992307211404;0.9999868553189423;1.0;0.9999764402719832;0.9999632959590109;0.9999806055176397;0.9998988681109212;1.0002021357656579;1.000221199898106;0.999967289203823;0.9999775075108487;0.99997228078161;1.0;0.9999447465083837;0.9999499596135721;0.9999700159888608;0.9999907996160595;0.9999659415985414;1.0;1.0;0.9999844313712317;0.9999764987276641;1.0;0.9999895302884674;0.9999650266173116;0.9999715778290202;0.9999999999999999;1.024999976158142;
2016-05-10 04:30:00;0.9999698312383528;1.0;0.999976915311263;0.9999709468060997;0.9999913616740733;0.9999735908746376;1.0002156439021568;0.9999346393322973;0.9999999999999999;1.0;0.9999772261103553;1.0;1.000027139377816;0.999957503320238;0.9999120996027322;0.9999135466442586;0.9999145988316828;0.9999908869468829;1.0;0.999981038959963;0.9999698689793586;0.9999846779383432;0.9999142889223802;1.0002023203274486;1.0002213304808467;0.9999730275758943;0.9999820600582224;0.9999773640901753;1.0;0.9999418510785961;0.9999454436345285;0.9999646503624743;0.9999939450818183;0.9999511775128506;1.0;1.0;0.9999833861356425;0.9999738655847303;1.0;0.9999930426114692;0.9999711825782951;0.9999776393952688;1.0;1.024999976158142;
2016-05-10 04:45:00;0.9999807053419553;1.0;0.9999838288224583;0.9999814425364973;0.9999927912189858;0.9999828640933721;1.0002136701077156;0.9999600736237957;1.0;1.0;0.9999844754622275;1.0;1.0000271580124718;0.9999734665402789;0.9999478777196228;0.9999491180945292;0.9999496964664697;0.9999925462422667;1.0;0.9999873457701308;0.9999810068287596;0.9999888477413795;0.9999495272288742;1.000200774233397;1.000219010221802;0.9999829921953088;0.99998734962433;0.9999855286854652;1.0;0.9999471550638706;0.9999490170348245;0.9999667079810935;0.999994919403804;0.9999532164617574;1.0;1.0;0.9999843635979506;0.9999756369950107;1.0;0.999994169879822;0.9999818774375455;0.9999842782190961;1.0;1.024999976158142;
2016-05-10 05:00:00;0.9999805299405244;1.0;0.9999830419472838;0.9999817402399002;0.9999907023200455;0.9999831503826315;1.0002143531008514;0.9999633485403878;1.0;1.0;0.9999842978384438;1.0;1.0000272231553107;0.9999747627644688;0.999952904720554;0.9999547875879831;0.9999552913217812;0.9999904190856929;1.0;0.9999871157547329;0.9999808722211282;0.9999884005920884;0.9999551390238174;1.0002015307848433;1.0002196222644821;0.9999831719983412;0.9999869356709099;0.9999859478482908;1.0;0.999949709040929;0.9999492650654157;0.9999671772392329;0.9999931812742617;0.9999548983587222;1.0;1.0;0.9999845837385876;0.9999774450550617;1.0;0.9999922533892064;0.9999818812977352;0.9999836005502782;1.0;1.024999976158142;
2016-05-10 05:15:00;0.9999746021821188;0.9999999999999999;0.9999796291756736;0.9999757114629402;0.9999902304645897;0.9999777688943027;1.0002171083089604;0.9999459222020861;0.9999999999999999;1.0;0.9999809936568149;1.0;1.0000276680950921;0.9999636919126109;0.9999270440550811;0.9999297253673191;0.9999306517383585;0.999990068288358;0.9999999999999999;0.9999842263382628;0.9999758458923423;0.9999875884399122;0.9999303968185413;1.000203903503071;1.0002226023132588;0.9999785372699189;0.9999855582038466;0.9999808342214576;1.0;0.9999506988906406;0.999950289785785;0.9999675245359728;0.9999921921528866;0.9999545620438391;1.0;1.0;0.9999827515500445;0.9999732310051739;1.0;0.9999913086498131;0.9999771685023106;0.9999806157290845;1.0;1.024999976158142;
2016-05-10 05:30:00;0.9999723268059815;1.0;0.9999780822700407;0.9999737635510606;0.9999905975925341;0.9999761495713656;1.0002172568503538;0.9999441819775065;1.0;1.0;0.9999785927552942;0.9999999999999999;1.0000272633397982;0.9999632086677444;0.9999263236781897;0.9999276657979369;0.9999284863235456;0.9999900185931782;1.0;0.999982171969541;0.9999718678018636;0.9999847780866084;0.9999282300062053;1.000203989459262;1.000222875683541;0.9999750403031211;0.9999824000095369;0.9999798865063869;1.0;0.9999487545282564;0.9999481169933652;0.9999679027512482;0.9999936228546381;0.9999604352922744;1.0;1.0;0.999982988507013;0.9999742619160731;1.0;0.9999926101977729;0.9999731014296951;0.9999786538203221;1.0;1.024999976158142;
2016-05-10 05:45:00;0.9999700188955646;1.0;0.9999776832671884;0.9999715181891253;0.9999915806240083;0.9999743686006047;1.000216638639969;0.9999373688275175;0.9999999999999999;1.0;0.9999777700875886;1.0;1.0000270665739863;0.9999593493787485;0.9999156490980516;0.9999167779893402;0.9999177692872983;0.9999909036634043;1.0;0.9999812280707444;0.9999692737084439;0.9999848963010272;0.9999174612068605;1.0002032686990725;1.0002223757827513;0.999972724922721;0.9999821453644276;0.9999781547652887;0.9999999999999999;0.999948174756928;0.9999440631123084;0.9999631514194753;0.9999943539780448;0.9999474049121376;1.0;1.0;0.9999842114490204;0.9999762788071976;1.0;0.9999934383338325;0.9999705766500788;0.9999783181454863;1.0;1.024999976158142;
2016-05-10 06:00:00;0.9999765873677208;1.0;0.9999813262345252;0.9999775086470539;0.9999926701867539;0.9999794355252402;1.0002152354616167;0.9999510796689578;0.9999999999999999;1.0;0.9999815631474225;1.0;1.000027151385101;0.9999680710379824;0.9999355667641461;0.999936447627807;0.9999371609455797;0.9999922352766287;1.0;0.9999848034559593;0.9999763125817531;0.9999868609894985;0.9999369429148696;1.000202118401828;1.0002207541027424;0.9999787948132799;0.9999848921518997;0.9999826155423666;1.0;0.9999458612227924;0.9999458573317934;0.9999645395316947;0.9999951804857741;0.9999499431075854;1.0;1.0;0.9999834114100488;0.9999742719942062;0.9999999999999999;0.9999943693272468;0.9999772932973504;0.9999817454444556;1.0;1.024999976158142;
2016-05-10 06:15:00;0.9999765576361866;1.0;0.9999814988132272;0.9999785267843557;0.9999900862573987;0.9999807267856754;1.0002163673185422;0.999957316159584;1.0;0.9999999999999999;0.9999825418904658;0.9999999999999999;1.0000271451027984;0.9999709341446992;0.9999435684666773;0.9999454545618224;0.9999460879767871;0.9999894781727882;1.0;0.9999851096879008;0.9999759709512692;0.999987561928061;0.9999458788102175;1.0002033361571432;1.0002218184681417;0.9999791721955524;0.9999854787072102;0.9999838846469777;1.0;0.9999441738157172;0.9999424227474775;0.9999630106871031;0.9999928433537613;0.9999498537809246;1.0;1.0;0.9999836259436906;0.999975280484117;0.9999999999999999;0.9999918374281762;0.9999771958340308;0.99998215527243;1.0;1.024999976158142;
2016-05-10 06:30:00;0.999967141700119;1.0;0.9999743609141251;0.9999687652112408;0.9999887394303771;0.9999716360060851;1.0002293358927743;0.9999317351931286;1.0;0.9999999999999999;0.9999753447337474;1.0;1.0000288799434023;0.9999547871563594;0.9999084075739385;0.9999107456024786;0.9999118482077504;0.9999882340549777;1.0;0.9999793706353636;0.9999674234665595;0.999983342897854;0.9999115228949713;1.0002152557535235;1.0002353108559232;0.9999711069488318;0.9999805374201504;0.9999757759669432;1.0;0.999937853281332;0.999929173466954;0.9999462090047179;0.9999917000051579;0.9999023021422878;1.0;1.0;0.999954565937695;0.9999406634961746;1.0;0.9999905806818025;0.9999689950615848;0.999975314221421;1.0;1.024999976158142;
2016-05-10 06:45:00;0.9999687849565446;0.9999999999999999;0.9999744765202331;0.999970669469479;0.9999872229906697;0.9999732488938632;1.0002397074626155;0.9999389718003218;1.0;1.0;0.9999759099091141;1.0;1.000030217802729;0.9999587871121919;0.9999196435826234;0.9999222199333696;0.999923135925358;0.9999866961435424;1.0;0.999979936975756;0.9999689770919191;0.9999829467534944;0.9999228581667303;1.000225171424903;1.000245803959633;0.9999726772256095;0.999980387343074;0.999977449787796;0.9999999999999999;0.9999234524617165;0.999917909354956;0.9999421877649465;0.9999906416777592;0.9999073275859235;0.9999999999999999;1.0;0.9999146068653819;0.9999034991650956;1.0;0.9999893646458875;0.9999705396472264;0.9999753696477421;0.9999999999999999;1.024999976158142;
2016-05-10 07:00:00;0.9999639267153786;1.0;0.9999726475835112;0.9999653420256671;0.9999901830505766;0.9999685909172947;1.000249261127959;0.9999226885419052;1.0;1.0;0.9999727042759701;1.0;1.0000312391227475;0.999949976066214;0.9998962823554484;0.9998975575080373;0.9998987720242793;0.9999894953220311;1.0;0.9999772177115492;0.999963430788112;0.9999813978781843;0.999898404506378;1.0002338270959052;1.0002558900041008;0.9999672820045324;0.9999781948290778;0.9999731849842788;1.0;0.9999027024000292;0.9998850547287046;0.9999276007569271;0.9999934543726117;0.9999077134428256;1.0;1.0;0.9998970921838108;0.9998819295224197;1.0;0.9999923814181558;0.9999649407205605;0.9999733836213046;1.0;1.024999976158142;
2016-05-10 07:15:00;0.999899898891721;1.0;0.9999104320033577;0.9998999132344603;0.9999686791939111;0.9999053652788252;1.0002830087064443;0.9997796067890771;1.0;1.0;0.9999108861619788;1.0;1.0000352335154268;0.9998573651052113;0.9997219592718589;0.9997231738623714;0.9997258476934027;0.999967790815319;0.9999999999999999;0.999930023606767;0.999901150506396;0.9999317184368722;0.9997250824686202;1.0002645528839484;1.0002913258720318;0.9999087481124203;0.9999248817556752;0.9999208586052407;0.9999999999999999;0.9998825898544309;0.9998432148874088;0.9999099674560572;0.9999817382368683;0.9999133838266784;1.0;1.0;0.9997969757128922;0.9996832704327021;1.0;0.9999779409361754;0.9999045043000421;0.9999109573250042;1.0;1.024999976158142;
2016-05-10 07:30:00;0.9998719227261665;0.9999999999999999;0.9998746337831771;0.9998758821223254;0.9999356334647036;0.9998815547819927;1.0003050728044136;0.9997548212984825;1.0;1.0;0.9998830806026913;1.0;1.0000382576250615;0.9998313124928425;0.9997035235405223;0.9997130745864897;0.9997156004942939;0.9999348124554975;1.0;0.9999080734667816;0.9998765772239463;0.9999064810622103;0.9997148788791762;1.00028621708304;1.0003131535850291;0.9998884434797314;0.9998989910664359;0.9999029409890774;1.0;0.9998773627301084;0.9998321944591871;0.9999051331138356;0.9999560117800942;0.9999143549490808;1.0;1.0;0.9997532919462564;0.9996092790536546;1.0;0.9999491273950674;0.9998822649307465;0.9998765476143866;1.0;1.024999976158142;
2016-05-10 07:45:00;0.9998287416375287;1.0;0.9998597951856033;0.9998423073883194;0.9999150427528768;0.9998569735339199;1.0003174206987322;0.9996792768269142;1.0;0.9999999999999999;0.9998754288245959;1.0;1.000038902334213;0.9997745853141937;0.999569750555176;0.9995948161583567;0.9996002973440333;0.9999133622792884;1.0;0.9998939543323002;0.9998367121949883;0.99991732062895;0.9995987385588376;1.0002972416937113;1.0003264437464805;0.9998586561195949;0.9999036777717798;0.9998782850420772;1.0;0.9998787259019138;0.9998300024637312;0.9999047669206073;0.9999305134909481;0.9999173489084212;1.0;0.9999999999999999;0.9997553575843197;0.9995969099968419;1.0;0.9999230553171642;0.9998471272003245;0.9998677485100078;1.0;1.024999976158142;
2016-05-10 08:00:00;0.9999175743039124;1.0;0.9999318684013174;0.9999217825575689;0.9999665599840766;0.9999282468177345;1.0002997403958562;0.9998339306047411;1.0;1.0;0.9999360023962821;1.0;1.0000373779504974;0.9998879500889689;0.9997809439284555;0.9997882848518231;0.9997908384174917;0.9999655765140264;0.9999999999999999;0.9999470546917462;0.9999195869305904;0.9999552764439406;0.9997900981396965;1.000280967993632;1.0003079160618802;0.9999287361929403;0.99994877192743;0.9999391869555998;0.9999999999999999;0.9998638862775415;0.9998082424609858;0.999893254694342;0.9999749640759831;0.9999105949452213;0.9999999999999999;1.0;0.9997256024998539;0.9995518786025971;1.0;0.9999716987595043;0.9999237088927285;0.9999343941368901;1.0;1.024999976158142;
2016-05-10 08:15:00;0.9999617912739593;0.9999999999999999;0.9999679008632005;0.9999633686117877;0.9999854407811498;0.9999661964097091;1.0002903340166618;0.9999219483170049;1.0;0.9999999999999999;0.9999692375319971;1.0;1.000036710267746;0.9999479915529528;0.9998983728645057;0.9999008441463163;0.9999019598044836;0.999984923107328;1.0;0.9999748783199288;0.9999622639323469;0.9999777710577205;0.9999016301981529;1.0002726613617268;1.0002977508005997;0.9999662738830096;0.9999748014881613;0.9999715181301092;1.0;0.9998584683529217;0.9997944597421725;0.9998852219220968;0.9999897620994648;0.9999020939093434;0.9999999999999999;1.0;0.9997360605506475;0.9995768227945312;1.0;0.9999882462807009;0.9999640012096037;0.9999687750856119;1.0;1.024999976158142;
2016-05-10 08:30:00;0.9999430201430792;0.9999999999999999;0.9999539447062495;0.9999450997297178;0.9999803350525849;0.9999495912674627;1.0002981753546498;0.9998786612475609;0.9999999999999999;0.9999999999999999;0.9999557181051276;1.0;1.0000375503255203;0.9999197833167349;0.9998387910741876;0.9998427286147463;0.9998446314491709;0.9999797086573711;1.0;0.9999635673990743;0.9999443074540073;0.9999695470671509;0.9998440872767859;1.0002796273880528;1.000306138628519;0.9999501243779478;0.9999649696003984;0.9999569740006428;1.0;0.9998392967190451;0.999789565254759;0.9998848517112063;0.99998562136702;0.9999105446398168;0.9999999999999999;1.0;0.9996974505165038;0.9995165135820674;1.0;0.9999836525523387;0.9999469310977586;0.9999554984236196;1.0;1.024999976158142;
2016-05-10 08:45:00;0.9999505524771211;1.0;0.9999594621029991;0.99995249164758;0.9999828768245038;0.9999563314242563;1.00032290851966;0.9998975196988493;1.0;1.0;0.9999606164467844;1.0;1.0000406181236359;0.9999324053821376;0.9998657585352834;0.9998683379924845;0.9998698228387616;0.999982118634451;1.0;0.9999677001420035;0.9999506916103904;0.9999717907224416;0.9998693793131862;1.0003030646486009;1.0003313462891257;0.9999558592688199;0.9999678124163239;0.9999631200613691;0.9999999999999999;0.9997624113130408;0.9997402591447694;0.9998594424661101;0.999988261545109;0.9998994573653899;1.0;1.0;0.9996773339304245;0.999484115228528;0.9999999999999999;0.9999864353571821;0.9999528531621374;0.9999604834473089;0.9999999999999999;1.024999976158142;
2016-05-10 09:00:00;0.9999394720048604;1.0;0.9999487877974739;0.999941621956437;0.9999773281386776;0.9999459458943115;1.0003373816355152;0.9998745309445912;1.0;0.9999999999999999;0.9999508729041604;1.0;1.0000425217849802;0.9999165729874093;0.9998368408889946;0.9998406832487511;0.9998424754580691;0.9999766296827732;1.0;0.9999600616757716;0.9999405939844719;0.9999645134864605;0.9998419553166272;1.000316586937456;1.000346230672167;0.9999466803266842;0.9999599084224337;0.9999543950845646;1.0;0.9997597438101585;0.999732424365153;0.9998495374110302;0.9999840692925703;0.9998743455555894;0.9999999999999999;1.0;0.9996541413789167;0.9994536585266371;1.0;0.9999817063295073;0.9999433002176918;0.9999501451391296;1.0;1.024999976158142;
2016-05-10 09:15:00;0.9999158846064632;1.0;0.9999312300434324;0.9999228373446832;0.9999593341201845;0.9999301685660221;1.0003260290159395;0.9998458524398214;1.0;1.0;0.9999376670917234;1.0;1.0000404141763535;0.9998924680258583;0.9997953551489895;0.9998057403079276;0.999808198479085;0.9999579676761426;0.9999999999999999;0.9999470723779691;0.9999174869062498;0.9999569221907263;0.9998074564300209;1.0003060597053168;1.0003346031388367;0.9999286268940714;0.9999499969335661;0.9999411260255052;1.0;0.999783572557795;0.9997516544570311;0.999862217660387;0.9999682199012644;0.9998874646434842;1.0;0.9999999999999999;0.999704172789104;0.999556740020641;0.9999999999999999;0.9999644388897572;0.9999223642155946;0.9999345374906812;1.0;1.024999976158142;
2016-05-10 09:30:00;0.9998818524078533;1.0;0.9999083187878893;0.9998934868407094;0.9999475488794327;0.9999052735115971;1.0003409902558786;0.9997945433842662;1.0;1.0;0.9999146371059127;1.0;1.000040317332149;0.9998581346720224;0.9997267641133435;0.999737695715319;0.9997408200705845;0.9999442200683487;1.0;0.9999258974362838;0.9998782600192662;0.9999398705089848;0.9997397653249065;1.0003197207311665;1.000350625221428;0.9998955282252412;0.9999290860758281;0.9999209643533422;1.0;0.9997599682381549;0.9997404168597092;0.9998572739243211;0.9999612673749697;0.9998900447700898;0.9999999999999999;0.9999999999999999;0.999661153463423;0.9994568779589786;1.0;0.9999560689582473;0.9998848042574734;0.9999120087644504;1.0;1.024999976158142;
2016-05-10 09:45:00;0.9998639136926138;0.9999999999999999;0.9998863042676054;0.9998728294033168;0.9999398790376345;0.9998837338514812;1.000350631504795;0.9997423421344395;1.0;1.0;0.9998941510255928;1.0;1.0000426691605333;0.9998236932522575;0.999663825945919;0.9996764013445641;0.9996801560716818;0.9999376992218019;1.0;0.99991173283871;0.999865334362849;0.9999239747762136;0.9996790161576844;1.0003285134941224;1.0003605149543453;0.9998817590028216;0.9999131741365523;0.99990252565015;0.9999999999999999;0.9997180105580481;0.9997171247893971;0.9998459003404679;0.9999555670102527;0.9998852762984922;1.0;1.0;0.9996807364903592;0.9994912821569886;1.0;0.9999496129066456;0.9998723694397524;0.9998902920601693;1.0;1.024999976158142;
2016-05-10 10:00:00;0.9999147672239584;1.0;0.9999338510468243;0.9999213406070689;0.9999677963041096;0.9999294561593445;1.0003372012743326;0.9998412042861933;1.0;1.0;0.9999362532579636;1.0;1.0000408254732274;0.9998935685029325;0.999790007280511;0.9997950802825613;0.9997973986807754;0.9999654587070264;1.0;0.9999456688332509;0.9999116461023948;0.9999544681412028;0.999796625297999;1.00031616478415;1.0003465567090752;0.9999229436884643;0.9999467583087264;0.9999409930724013;1.0;0.9997093327660264;0.9997085966021467;0.9998435929991815;0.9999777177418664;0.9998928275234046;1.0;0.9999999999999999;0.9996845624373706;0.99951317138451;1.0;0.999974312962795;0.99991580047384;0.9999358010243774;1.0;1.024999976158142;
2016-05-10 10:15:00;0.9999211820959829;1.0;0.9999351891108347;0.9999254711465766;0.9999687814323126;0.9999317999205969;1.0003425583172156;0.9998436856825365;0.9999999999999999;1.0;0.9999384541917353;1.0;1.0000425930562722;0.999894993514609;0.999794866496225;0.9998007983295861;0.9998031071982387;0.99996751765337;1.0;0.9999489874956331;0.9999217071369462;0.999956149724792;0.9998024115990536;1.0003212947864337;1.0003517678374638;0.9999307219494983;0.9999497779415322;0.9999425158607128;1.0;0.9996994483694361;0.999697901010017;0.9998346360298421;0.9999774691083296;0.9998749968693457;1.0;0.9999999999999999;0.9996586556084827;0.9994895054970117;1.0;0.9999743011307781;0.9999255252587028;0.9999372633129141;1.0;1.024999976158142;
2016-05-10 10:30:00;0.999920389543145;1.0;0.9999362822612707;0.9999247349654099;0.9999700482844253;0.9999314754161966;1.0003519215999075;0.9998396646133367;1.0;1.0;0.9999393619592328;1.0;1.0000437853651292;0.9998927183544678;0.9997869885808679;0.9997931335550617;0.999795629483954;0.9999687968037637;1.0;0.9999493663729467;0.9999210559568014;0.9999580238559439;0.9997948855700672;1.0003299871964526;1.000361447055612;0.9999301941827793;0.9999513943295422;0.9999418708016287;1.0;0.9997023811749225;0.999691402576448;0.9998210130947991;0.9999779697869337;0.9998297427549026;0.9999999999999999;1.0;0.9996465855379713;0.9994938633489344;1.0;0.9999749889590492;0.9999249502769222;0.9999385676684656;0.9999999999999999;1.024999976158142;
2016-05-10 10:45:00;0.9999238995543539;1.0;0.9999392602495941;0.9999285329783306;0.9999719777499292;0.9999351547044597;1.00035195621974;0.9998517314890046;1.0;1.0;0.9999413449768064;1.0;1.0000433808814095;0.9999012190165305;0.999805062584337;0.9998094231171425;0.9998115691374279;0.9999703034642582;0.9999999999999999;0.9999508834127196;0.999922473270429;0.999957945539305;0.9998108875716701;1.0003300979356105;1.000361496339749;0.9999316332506758;0.9999514256077471;0.9999455619793292;1.0;0.9997013324678566;0.9996865935370569;0.9998163595842827;0.999980660600893;0.9998192997585048;1.0;0.9999999999999999;0.9996297056181886;0.9994456390237731;1.0;0.9999776907695515;0.9999260256969527;0.999940927543503;1.0;1.024999976158142;
2016-05-10 11:00:00;0.9999325997586269;1.0;0.9999476703575123;0.9999361186195668;0.999978154104019;0.999942140399046;1.000355922989678;0.9998628517420017;1.0;1.0;0.9999487483827787;1.0;1.000044154490899;0.9999098538973256;0.9998175856384871;0.999820855201588;0.9998229376061937;0.9999767478128937;1.0;0.9999570566351901;0.9999314733431857;0.9999642218667718;0.9998222915518546;1.0003337726056096;1.000365556494508;0.9999392260872696;0.9999583165697631;0.999951012820902;1.0;0.9996717104876364;0.9996485738770303;0.9998014413196364;0.9999850418344557;0.9998285167229374;1.0;1.0;0.9996094745546796;0.9993870199091378;1.0;0.9999827096885389;0.9999344908927352;0.9999491387613506;1.0;1.024999976158142;
2016-05-10 11:15:00;0.9999297947690813;1.0;0.9999440303925768;0.9999356972048894;0.9999704829179515;0.9999422003299798;1.000348758022921;0.9998741125446547;1.0;1.0;0.9999468281961372;1.0;1.000042745917396;0.999914392100798;0.9998352827960818;0.9998401999326739;0.9998419627713572;0.999968534344292;1.0;0.9999547789050192;0.9999273406213709;0.9999612330455188;0.999841362709548;1.0003274122235457;1.0003580063531494;0.9999369286104159;0.9999550252812398;0.9999519841327787;1.0;0.9996964027787549;0.9996890315134656;0.9998212574346699;0.9999793250326428;0.9998361157018735;1.0;1.0;0.9996480872512831;0.999459100663713;1.0;0.9999762410571233;0.999930896492029;0.9999457085143126;1.0;1.024999976158142;
2016-05-10 11:30:00;0.9999379161175891;1.0;0.9999499390051327;0.999942110639064;0.9999756216397032;0.999947509489477;1.000360843683329;0.9998824671363383;1.0;1.0;0.9999519982568584;1.0;1.0000447893024556;0.999921063138079;0.9998463188322074;0.9998501769756163;0.9998518347383687;0.9999741663585525;1.0;0.9999597403027115;0.9999365321757242;0.9999651407718266;0.9998512968832849;1.0003387597555484;1.0003703081662625;0.9999442807004281;0.9999598353453168;0.9999561471957145;1.0;0.9996589669928679;0.9996619542047028;0.9998058398664385;0.9999831168235164;0.9998243157565395;1.0;1.0;0.9996126910016515;0.9993821953023594;1.0;0.999980541427572;0.9999395056047348;0.9999513170825637;1.0;1.024999976158142;
2016-05-10 11:45:00;0.9999315735731197;1.0;0.9999418478375367;0.9999351757290207;0.9999719866759323;0.9999402963992902;1.0003614045742022;0.9998671796554449;1.0;0.9999999999999999;0.9999445133115579;1.0;1.0000451040294502;0.9999106706547628;0.9998291746438779;0.9998335287801028;0.99983530370042;0.9999707841863719;1.0;0.9999544753601153;0.9999314130299934;0.9999587837128578;0.999834752768582;1.0003392504943645;1.0003708653992704;0.9999391345495435;0.9999534418178866;0.9999502124532549;1.0;0.9996870079632364;0.9996731965853801;0.9998061660885216;0.9999806667438822;0.9998036638396653;1.0;1.0;0.9996109328659187;0.9994026834846309;1.0;0.9999776985024202;0.9999345809386282;0.9999432497675451;1.0;1.024999976158142;
2016-05-10 12:00:00;0.9999194341052042;1.0;0.9999206517589384;0.9999205727891033;0.9999635866466865;0.9999237668747049;1.0003794767615253;0.9998387551450763;1.0;1.0;0.9999240790208257;1.0;1.0000480358290889;0.9998916182006863;0.9998062084126362;0.9998095987027236;0.9998111481073267;0.9999629893424252;0.9999999999999999;0.99994108447747;0.9999214171561684;0.9999383143779248;0.9998106988906065;1.0003563234205313;1.000389197603452;0.9999280637577319;0.9999336526798398;0.9999375951347074;1.0;0.999656378687673;0.9996374071854551;0.9997749555680508;0.9999769518470664;0.9997390393750256;0.9999999999999999;1.0;0.9996199185851049;0.9994571130584643;1.0;0.9999727966142773;0.9999244990693748;0.9999211372731954;1.0;1.024999976158142;
2016-05-10 12:15:00;0.9999324104424449;1.0;0.999933381500728;0.9999329629050876;0.999970293702358;0.9999355455377563;1.000364652358644;0.9998619774018643;1.0;1.0;0.9999360315407073;1.0;1.0000463426588655;0.9999076739159406;0.9998335934920476;0.9998362332123427;0.9998375882733874;0.9999698878870152;0.9999999999999999;0.9999505546992248;0.9999343579725666;0.9999482109805274;0.9998372035726125;1.0003424410970958;1.0003739335058806;0.9999396560444773;0.999944340258402;0.9999470979945417;1.0;0.999675244399043;0.9996503351364405;0.999780073327405;0.9999813151945868;0.9997332888390184;1.0;1.0;0.9996712062528265;0.999518329659443;1.0;0.9999779081401106;0.9999368760064563;0.9999337675112429;1.0;1.024999976158142;
2016-05-10 12:30:00;0.9999204255879538;1.0;0.9999262866840599;0.9999223679908849;0.9999661213552715;0.9999266033685624;1.000363067265665;0.9998386567322731;1.0;1.0;0.9999296819774376;1.0;1.0000458358947208;0.999891755369984;0.9997989300193443;0.999803405278288;0.9998053065360882;0.9999654428198805;1.0;0.999944368629334;0.9999224607652053;0.9999455152536891;0.9998047591240405;1.0003407420621193;1.0003725322769084;0.9999296830896097;0.9999403149925192;0.999939111318329;1.0;0.9996806933251164;0.9996730478223331;0.9998004283370686;0.9999773561706563;0.9997778591533462;1.0;1.0;0.9996733317936695;0.9995259578981177;1.0;0.9999736596750831;0.9999257897662561;0.9999274342471809;1.0;1.024999976158142;
2016-05-10 12:45:00;0.9998927904544644;1.0;0.9999043994382145;0.9998984684535138;0.9999472641730008;0.9999055147283664;1.000387609886139;0.9997931756398197;1.0;1.0;0.9999126952878015;1.0;1.0000488667822778;0.9998567449529641;0.9997344064027052;0.9997464671008427;0.9997493931200476;0.9999464769255515;1.0;0.9999288877414821;0.9998976481862614;0.9999362360130751;0.9997485686825799;1.0003638351124498;1.0003976743540248;0.9999093848289029;0.9999287479053605;0.9999207958078665;1.0;0.9996366524757807;0.9996378793511768;0.9997752673634405;0.9999600741191723;0.9997396017823433;1.0;1.0;0.9996540287335944;0.9995336048838737;1.0;0.9999549878856815;0.9999033208551468;0.9999078741520927;0.9999999999999999;1.024999976158142;
2016-05-10 13:00:00;0.9999197596730305;1.0;0.999933009262558;0.9999265251247321;0.9999588723086529;0.999933262041387;1.0003698655928266;0.9998549698697287;1.0;0.9999999999999999;0.9999399571242708;1.0;1.0000462640843761;0.9998978075714423;0.9998085522870899;0.9998193096086756;0.9998215973909035;0.99995770048332;1.0;0.9999492101639238;0.9999219516437948;0.999958141296216;0.9998209137791637;1.000347467784294;1.000379311283495;0.9999326041948224;0.9999517328277926;0.9999438533852565;1.0;0.9996756326893474;0.99965497372737;0.9997759159612002;0.9999676221193806;0.9997074060645589;1.0;0.9999999999999999;0.9996738304690865;0.9995002979492011;1.0;0.9999638324670136;0.9999267280849903;0.9999363086582701;1.0;1.024999976158142;
2016-05-10 13:15:00;0.9999366276544659;0.9999999999999999;0.9999446545694394;0.9999404976484944;0.9999700498045148;0.9999450448474971;1.0003700978253294;0.9998809772487106;1.0;1.0;0.9999486291706307;1.0;1.0000465373664922;0.9999181196524423;0.9998476072385493;0.9998534724728206;0.9998550771769061;0.999969120044199;1.0;0.9999578562222787;0.9999376014126637;0.9999618337881088;0.9998545901128488;1.0003476981581205;1.0003794945981768;0.9999450202701462;0.9999570939586817;0.999954243915132;0.9999999999999999;0.9996576539406055;0.9996450368002432;0.9997745205989526;0.9999782219957798;0.999722564484605;1.0;1.0;0.9996243541552486;0.9994002793339303;1.0;0.9999752062769065;0.9999408348433017;0.999946369214322;1.0;1.024999976158142;
2016-05-10 13:30:00;0.9999366791251634;1.0;0.9999455034733037;0.99994048724622;0.9999718056991627;0.9999451896019618;1.0003690899598017;0.9998805856925908;1.0;1.0;0.9999487392621363;0.9999999999999999;1.0000462263886851;0.9999186275920893;0.9998470160660266;0.9998519272593709;0.9998535105876023;0.9999707043525389;1.0;0.9999578487258716;0.9999368048090642;0.9999617526812811;0.9998530171139506;1.0003466747605911;1.000378556567992;0.9999442381111432;0.999956875958473;0.9999544241397236;1.0;0.9996522910009668;0.9996411174939337;0.9997702218804129;0.999980065527106;0.9997104965906906;1.0;1.0;0.9996140597753657;0.9993732205827099;1.0;0.9999771448273652;0.9999399016476792;0.9999469812144601;1.0;1.024999976158142;
2016-05-10 13:45:00;0.9999312425350202;1.0;0.9999445096533144;0.9999345525125598;0.9999750188199517;0.9999401864019994;1.0003595923712905;0.9998595748910964;0.9999999999999999;1.0;0.9999467737037098;1.0;1.0000450034554993;0.9999065907922554;0.9998143082260924;0.9998189902438095;0.999821126717408;0.9999739695910123;1.0;0.9999558639650702;0.999931752989878;0.9999627383941917;0.9998204914801732;1.000337327449703;1.0003691640277745;0.9999393489243033;0.9999570911620898;0.9999493105445874;1.0;0.9996692934376801;0.9996537615613489;0.9997846400020243;0.9999820358545347;0.9997463822608077;1.0;1.0;0.9996587425688673;0.9994643983057776;1.0;0.9999794907192182;0.9999349830174056;0.9999462879651786;1.0;1.024999976158142;
2016-05-10 14:00:00;0.9999273450979866;1.0;0.9999393840845785;0.9999339807927686;0.9999650161283096;0.9999402878690941;1.000356348147628;0.9998763995784732;1.0;1.0;0.999943541202618;1.0;1.000043730328425;0.9999140735460577;0.999841557655736;0.9998476872071215;0.9998492805063544;0.9999630384849992;1.0;0.9999522762294322;0.9999251814758963;0.9999574874928409;0.9998487229761438;1.000334795106802;1.0003655836307137;0.9999353727310597;0.9999513753571541;0.9999509126643181;1.0;0.9996827206529115;0.9996549776697459;0.9997871459456438;0.9999752328977831;0.9997534951859163;1.0;1.0;0.9996974839284853;0.9995392547285976;1.0;0.9999716134015447;0.9999290363867785;0.9999411749759254;0.9999999999999999;1.024999976158142;
2016-05-10 14:15:00;0.9999298709534923;1.0;0.9999419729773453;0.9999375174061188;0.999964406716095;0.9999440054305846;1.0003595319529608;0.9998891354854178;0.9999999999999999;1.0;0.9999461906635132;1.0;1.0000437956814374;0.9999217968740188;0.9998588946605087;0.999864871473387;0.9998662146549504;0.9999620628482785;1.0;0.999953924203516;0.9999263122248653;0.9999587761428744;0.9998656972017615;1.0003379502637697;1.0003687787014675;0.9999370514140776;0.9999526396423811;0.9999544609627578;1.0;0.9996577778712022;0.9996540259759163;0.9997912298089474;0.9999750350059913;0.9997743281142858;1.0;0.9999999999999999;0.9996798526658531;0.9994927031055231;1.0;0.9999713197894307;0.9999301577365327;0.9999436451798076;0.9999999999999999;1.024999976158142;
2016-05-10 14:30:00;0.9999203249839226;1.0;0.9999381775996754;0.9999314218087135;0.9999618816068543;0.9999402453776421;1.0003516065007847;0.9998894360398373;1.0;0.9999999999999999;0.9999408665212409;0.9999999999999999;1.0000409674943298;0.9999222420007942;0.9998606050268554;0.9998643615472883;0.9998654513865501;0.9999577314599168;1.0;0.9999476891410746;0.9999103651786542;0.9999529045071737;0.9998648738991459;1.0003304557561683;1.0003610287919373;0.9999245410281313;0.9999449162332589;0.9999525854292665;1.0;0.9996864162065532;0.9996756900709015;0.9998087523099144;0.9999756897007924;0.999807601743469;1.0;1.0;0.9996868079378285;0.9994920228289915;0.9999999999999999;0.999971365012344;0.9999145579339414;0.9999392124503452;1.0;1.024999976158142;
2016-05-10 14:45:00;0.9999245664570934;1.0;0.9999450204215592;0.9999339879934336;0.9999705038321629;0.9999427934017038;1.00034228703059;0.999883670091521;1.0;0.9999999999999999;0.9999458304202632;1.0;1.000040024025878;0.9999212795802429;0.9998480156013544;0.999850184887371;0.9998515943686821;0.9999666599065561;1.0;0.9999517662520911;0.9999151178019617;0.9999588073386252;0.9998509543236104;1.00032131055146;1.0003517427791078;0.9999279054126815;0.9999508959958882;0.9999537218178932;1.0;0.9997055612518503;0.9996977064824712;0.9998287641272381;0.9999818700210458;0.9998507427384191;1.0;1.0;0.9996742478601776;0.9994696845676307;0.9999999999999999;0.9999784256768839;0.9999188176399187;0.9999459530222442;1.0;1.024999976158142;
2016-05-10 15:00:00;0.9999161224204893;0.9999999999999999;0.9999324007455248;0.9999239672696761;0.9999655148246943;0.9999318568256378;1.0003369668894506;0.9998603804552256;1.0;1.0;0.9999340122508557;1.0;1.0000399059231897;0.9999057183937236;0.999823273749869;0.9998258340928631;0.999827365571737;0.9999622393992769;1.0;0.999943931305999;0.9999090042905089;0.999948307358928;0.9998267333145275;1.0003162590730095;1.0003462301162431;0.9999211612245515;0.9999406567384403;0.9999447683498017;0.9999999999999999;0.9997084005052224;0.9997039716389226;0.9998330259588337;0.9999787747521676;0.9998563097911279;1.0;1.0;0.9997178412316386;0.9995053123122231;1.0;0.9999747528563014;0.9999128366107127;0.9999332064674371;1.0;1.024999976158142;
2016-05-10 15:15:00;0.9998127544361008;1.0;0.9998415895314798;0.9998334590694946;0.9999118567665277;0.9998504486989207;1.000362357603787;0.9997266395769802;1.0;1.0;0.9998463274685307;1.0;1.000037742757547;0.9998107945584548;0.9996728362439651;0.9996767888888515;0.9996786923573934;0.9999031750518269;1.0;0.9998696454793597;0.9997913929806235;0.9998713761871452;0.9996775833469421;1.000340014167074;1.0003733310888057;0.9998206045755804;0.9998546953912192;0.9998824060670253;1.0;0.9997091275275549;0.9996948614823931;0.9998215572008405;0.9999481117047471;0.9998241604197954;1.0;1.0;0.9997527159680341;0.9995584357607626;1.0;0.9999374971155485;0.999799883994926;0.9998418309628332;0.9999999999999999;1.024999976158142;
2016-05-10 15:30:00;0.9998852575987216;0.9999999999999999;0.9999049636086662;0.9998995220365706;0.9999445543849848;0.9999107001136828;1.0003381218365184;0.9998399726376023;1.0;1.0;0.9999080845823409;1.0;1.000037557592473;0.9998882370901185;0.9998075842531225;0.9998105323431707;0.9998116399060759;0.999938737457153;1.0;0.9999210306615188;0.9998706734379816;0.9999231500024325;0.99981094091711;1.0003176750088232;1.000347608053188;0.9998897865217203;0.9999124591013988;0.9999300522753274;1.0;0.9997251134538055;0.9997096767997503;0.9998367646513429;0.9999669358729949;0.9998599319016419;1.0;1.0;0.9997313745482195;0.9995141140479588;1.0;0.9999603194453877;0.9998761309558991;0.9999053241338971;1.0;1.024999976158142;
2016-05-10 15:45:00;0.9998793899893799;1.0;0.9999054157003213;0.9998941816639568;0.999948094638751;0.999906929461387;1.0003409857531278;0.9998237029611443;1.0;1.0;0.9999070853049223;1.0;1.0000374183031893;0.9998794007163823;0.9997805541978774;0.9997826689932876;0.999784233850738;0.9999418286770911;1.0;0.9999191115992792;0.9998633502756955;0.9999246396694335;0.9997833831739354;1.0003199680216641;1.000350954207723;0.999883468792788;0.9999127514124241;0.9999262444300703;1.0;0.9997135307603725;0.9996998409318291;0.9998269030628181;0.9999696419503294;0.9998365836756691;1.0;1.0;0.9997779142039809;0.9995836290999801;0.9999999999999999;0.9999633627047438;0.999868976380671;0.9999059323010993;1.0;1.024999976158142;
2016-05-10 16:00:00;0.9999366539639235;1.0;0.9999520709770341;0.9999440487425477;0.999974296869526;0.9999509695142983;1.0003076656851178;0.9999007373413823;1.0;1.0;0.9999530472889443;1.0;1.0000364302071165;0.9999326780406883;0.9998719527128821;0.999873924604131;0.9998750742528782;0.9999712896571447;1.0;0.9999588470713937;0.9999294905600459;0.9999637931879208;0.999874561172638;1.0002888944319472;1.0003160124604396;0.9999398200686587;0.9999574378326239;0.9999603713879894;1.0;0.9997495171461639;0.9997346455078229;0.9998524351639676;0.9999841214511487;0.9998769973039782;0.9999999999999999;1.0;0.9998005599357999;0.9996089073870903;1.0;0.9999811321224504;0.9999325629822218;0.9999528098100605;1.0;1.024999976158142;
2016-05-10 16:15:00;0.9999519396413394;1.0;0.9999614781857403;0.9999554432043167;0.9999822733179713;0.9999597657135284;1.0003085876572635;0.9999123597781102;1.0;1.0;0.9999620873934127;1.0;1.000038005871688;0.9999418121518108;0.9998872693630092;0.9998886527738777;0.9998897367551534;0.9999807260556951;1.0;0.9999681603448974;0.9999489882805626;0.9999712046386603;0.9998893432933513;1.000289751930768;1.0003166955498943;0.9999552538256344;0.9999669279057828;0.9999668704900787;0.9999999999999999;0.9997469468208425;0.9997282828462786;0.9998481152345375;0.9999890270163141;0.9998708141401768;1.0;1.0;0.9998099514635324;0.999632295607304;1.0;0.9999869685182934;0.9999510838612722;0.9999620305878466;1.0;1.024999976158142;
2016-05-10 16:30:00;0.9999077074174603;1.0;0.9999300355129944;0.9999200935018698;0.9999585207916919;0.9999305230689699;1.0003126616827867;0.999866402134538;1.0;1.0;0.9999326011832972;1.0;1.0000353814454959;0.9999072443908374;0.9998287035715505;0.9998327971682026;0.9998342674178129;0.9999538236832665;1.0;0.999940167238928;0.9998965006207213;0.9999474663916424;0.9998335515839817;1.000293571207305;1.0003214586086897;0.9999126307985107;0.99993807652349;0.9999443826036266;0.9999999999999999;0.9997259275267003;0.9997228713226445;0.9998472014505013;0.9999735417800533;0.9998754180801416;1.0;1.0;0.9998668632260335;0.9997640775328276;1.0;0.9999688363244656;0.9999012914368859;0.9999313279084938;1.0;1.024999976158142;
2016-05-10 16:45:00;0.9999122155334428;1.0;0.9999300798397938;0.9999227137316236;0.9999584739944491;0.99993164021863;1.0003073438378531;0.9998669429666097;1.0;1.0;0.9999336443075261;1.0;1.0000356685571103;0.9999071472821848;0.9998309408242956;0.9998360999619088;0.999837587152241;0.9999547359481075;0.9999999999999999;0.9999423416893487;0.9999043723369413;0.9999483171479354;0.9998369341011307;1.0002886568991294;1.0003157638568663;0.9999186447411835;0.9999400459364687;0.9999449447681696;1.0;0.9997427677379227;0.9997353880984208;0.9998545263736519;0.999972536530108;0.9998822145938727;1.0;1.0;0.9999027021602575;0.9998411470509758;1.0;0.9999679651476322;0.9999089593513606;0.9999315590501874;0.9999999999999999;1.024999976158142;
2016-05-10 17:00:00;0.9999323399703228;0.9999999999999999;0.9999436843095038;0.9999382893560254;0.9999708579245855;0.9999442072674523;1.000302568244518;0.9998867896018853;1.0;0.9999999999999999;0.9999453945387495;1.0;1.0000363349060262;0.9999231917872732;0.9998583908347715;0.9998607347455792;0.9998619185224705;0.9999684113354999;0.9999999999999999;0.9999541373696837;0.9999273311739212;0.9999567122500894;0.9998614357764369;1.0002841085095637;1.0003106817436278;0.9999368136500886;0.9999508183663748;0.999954860234159;1.0;0.9997262303528771;0.9997300426091513;0.9998527655897403;0.9999818936797809;0.999885146490121;0.9999999999999999;0.9999999999999999;0.9999190869257046;0.9998678219919245;0.9999999999999999;0.9999785196997303;0.9999304117679915;0.9999443154945228;1.0;1.024999976158142;
2016-05-10 17:15:00;0.9999533911774813;1.0;0.9999591202879957;0.9999572187121911;0.9999781355039341;0.9999608228077398;1.0002938009266482;0.9999227269175662;1.0;1.0;0.9999607747054975;1.0;1.0000361606095403;0.9999470199996257;0.999905669348424;0.9999075521269106;0.9999082665529712;0.9999766050328127;1.0;0.9999676017204224;0.9999505337407087;0.9999681430888432;0.9999079714207806;1.0002761418438966;1.0003013032892543;0.9999568064718767;0.9999643757470841;0.9999685015636484;1.0;0.9997320838377628;0.9997272890662157;0.9998513658239229;0.9999863009908414;0.9998830330810498;1.0;1.0;0.9999454291908006;0.999916493981203;0.9999999999999999;0.9999837859068926;0.999952645708371;0.9999595005564503;1.0;1.024999976158142;
2016-05-10 17:30:00;0.9999300620417679;1.0;0.9999457051683849;0.9999388724544491;0.999970103649081;0.999946434412648;1.0002908302532545;0.9998985267376393;1.0;0.9999999999999999;0.9999465011817554;0.9999999999999999;1.0000335246054177;0.9999306838234923;0.9998733050948966;0.9998743958520211;0.9998753002282967;0.9999663458847146;1.0;0.9999532692810695;0.9999203040070527;0.9999566304181366;0.9998747990077417;1.0002731347654128;1.000298847768038;0.999932186669118;0.9999496147504315;0.999957583355767;1.0;0.99974335145632;0.9997352458899905;0.9998561955829567;0.9999826331238566;0.9998882181387109;1.0;1.0;0.9999449025831837;0.9999146869401156;1.0;0.9999789991668955;0.9999235874974114;0.9999459993059434;1.0;1.024999976158142;
2016-05-10 17:45:00;0.9999573134915393;1.0;0.9999642562441906;0.9999597830074229;0.9999835930085488;0.999963159608522;1.0002878854234714;0.9999191900955634;0.9999999999999999;1.0;0.9999651800300606;1.0;1.0000358435673375;0.9999461978129957;0.9998969043790662;0.9998985200828525;0.9998995155276227;0.999982534598156;1.0;0.9999713109478705;0.9999558589841563;0.9999734654548632;0.9998991796141341;1.00027035428618;1.0002953439433917;0.9999609088082344;0.999969965065867;0.9999695565724694;1.0;0.999740448690527;0.9997352541795592;0.9998516987956031;0.9999895377566338;0.9998684488336955;1.0;1.0;0.9999406682711883;0.999911192296386;1.0;0.9999876759602433;0.9999577057105938;0.999964805618777;1.0;1.024999976158142;
2016-05-10 18:00:00;0.9999477771190376;0.9999999999999999;0.9999554453120546;0.9999510773328145;0.9999779222683727;0.999955096172414;1.000285828392269;0.9999034789073499;1.0;1.0;0.9999572725936852;1.0;1.0000354010308334;0.999934864865129;0.9998775273680381;0.9998802912221839;0.9998814658794125;0.9999766891270254;1.0;0.9999648065487537;0.9999464235887938;0.9999672768333789;0.9998810706023311;1.000268402673071;1.0002932833070761;0.9999527461742115;0.9999630994963101;0.9999629836986075;1.0;0.9997385023879108;0.9997404764633917;0.9998559761958258;0.999985376820543;0.9998764998715337;1.0;1.0;0.9999486797932842;0.9999192035823203;1.0;0.9999829498227736;0.9999488119849063;0.9999562738431186;1.0;1.024999976158142;
2016-05-10 18:15:00;0.999961463876288;1.0;0.9999652147471223;0.999963855203772;0.9999817219193062;0.9999664385278817;1.0002995265125287;0.9999309682528736;1.0;1.0;0.9999670441405674;1.0;1.0000375905506447;0.9999527317451748;0.9999148550391;0.9999171354859143;0.9999178688821535;0.9999808840868999;1.0;0.9999732459351957;0.999960753117462;0.999973851688242;0.9999176173237998;1.000281554601569;1.0003070158653595;0.9999653296437706;0.9999710110588541;0.9999726272391773;1.0;0.9997173930017693;0.9997096047520629;0.9998144133608361;0.9999878994368412;0.9997566960747234;1.0;1.0;0.9999436396389988;0.9999175216493875;0.9999999999999999;0.9999858894283478;0.9999625278777065;0.9999657533026413;1.0;1.024999976158142;
2016-05-10 18:30:00;0.9999633460404667;1.0;0.9999663064173478;0.9999658277466686;0.9999822618512697;0.999968233197509;1.0002865634049198;0.9999375709549729;1.0;0.9999999999999999;0.999967764141658;1.0;1.000035756919622;0.9999572007739636;0.9999251920866827;0.999926654983472;0.9999271831861586;0.9999812492804613;1.0;0.999973896147936;0.9999617308107466;0.9999734055807549;0.9999269733207681;1.0002694207366802;1.0002937243461223;0.9999662489924431;0.9999706983608964;0.9999744933972563;0.9999999999999999;0.9997341983627865;0.9997449493444025;0.9998422032599985;0.9999889447039461;0.9998081749932098;1.0;1.0;0.9999591715191639;0.9999373300556568;1.0;0.9999868960316362;0.999963327325932;0.9999665241782139;1.0;1.024999976158142;
2016-05-10 18:45:00;0.999957163517345;1.0;0.9999603502718032;0.9999590744068786;0.9999810290480057;0.9999615969341836;1.0002774173160103;0.9999204262314356;1.0;1.0;0.9999617330287137;1.0;1.0000346929011719;0.9999464199389222;0.9999033856688562;0.999904832697772;0.9999055917507466;0.9999801482714276;1.0;0.999969456385321;0.9999562390341866;0.999968952823296;0.9999053304371676;1.000260651204921;1.000284472703752;0.9999608087472883;0.9999659486829381;0.9999687829944649;1.0;0.9997578237985387;0.9997748585783375;0.9998662462597508;0.999988288010818;0.9998543516932912;0.9999999999999999;1.0;0.9999691244486655;0.9999603979787137;0.9999999999999999;0.9999860805214983;0.9999579732783702;0.9999605925593359;1.0;1.024999976158142;
2016-05-10 19:00:00;0.9999116919934705;0.9999999999999999;0.9999287641593819;0.9999121030907739;0.9999782269666816;0.9999184943310269;1.000285174749544;0.9997955832947173;1.0;0.9999999999999999;0.9999284362883996;0.9999999999999999;1.0000355851972176;0.999869095376486;0.9997297581760929;0.9997318728640562;0.9997349588566844;0.9999774580440044;1.0;0.9999423811591664;0.9999132773168204;0.9999501566265276;0.9997340936498037;1.0002663802755798;1.0002936920164174;0.9999204344079844;0.9999432049358081;0.9999301812486702;1.0;0.9997615234675;0.9997661857249329;0.9998524741041032;0.9999861392919182;0.9998111106302235;1.0;1.0;0.9999718953678692;0.9999627560572784;1.0;0.9999836657820065;0.999916504826283;0.9999301765852924;1.0;1.024999976158142;
2016-05-10 19:15:00;0.9999308570018831;1.0;0.9999425394605057;0.9999323731525922;0.999979358268527;0.9999373477552219;1.0002777324036953;0.9998515456656474;0.9999999999999999;1.0;0.9999427175650519;0.9999999999999999;1.000034431458125;0.9999038557935683;0.9998077261590238;0.9998091730495045;0.9998111831701882;0.9999782967350659;1.0;0.9999537296175895;0.9999304314959384;0.9999578646863645;0.999810580289161;1.000260068148178;1.0002855558390766;0.9999368650056639;0.9999524337350615;0.9999472584005146;0.9999999999999999;0.9997648395704108;0.9997834239613413;0.9998722169170107;0.999987373264394;0.9998635191529217;1.0;1.0;0.9999739841602875;0.9999652576479263;0.9999999999999999;0.9999849547544938;0.9999330215793736;0.9999433249538998;0.9999999999999999;1.024999976158142;
2016-05-10 19:30:00;0.9999329091141075;1.0;0.9999438078910524;0.9999332843042099;0.9999810331187101;0.9999377427395957;1.0002788580706656;0.9998477616068936;1.0;1.0;0.9999441443531634;1.0;1.000035090610132;0.9999017586112187;0.999801331448685;0.9998032553590981;0.999805440231065;0.9999804970980364;0.9999999999999999;0.999955375364718;0.999934344168368;0.9999599399695258;0.9998048282492983;1.0002610524662217;1.000286673245137;0.9999397693002557;0.9999549106243092;0.9999470330391751;1.0;0.9997688899933618;0.9997811448107919;0.9998594849743946;0.9999878491082265;0.999812646885293;1.0;1.0;0.9999733845307882;0.999964245206587;1.0;0.9999857055146628;0.9999368300327599;0.9999448065183892;1.0;1.024999976158142;
2016-05-10 19:45:00;0.999856233570037;1.0;0.999895177061331;0.9998545967998055;0.9999799410614238;0.9998666112228325;1.0002924448189012;0.9996346452198027;1.0;0.9999999999999999;0.9998919239445161;0.9999999999999999;1.0000364411660294;0.9997705596339891;0.999499291595161;0.9995023535033909;0.9995087616590617;0.9999794034774929;1.0;0.9999118001824078;0.9998612937527174;0.9999335683415349;0.9995070392918441;1.0002709761137751;1.0003029482403003;0.9998715423228424;0.9999212782002963;0.9998825755223154;1.0;0.9997489841721332;0.9997740267852842;0.9998594350331489;0.9999862118248186;0.9998264826224466;1.0;1.0;0.9999791550153357;0.9999692216839027;1.0;0.9999840777686476;0.9998663839896285;0.9998984751955226;1.0;1.024999976158142;
2016-05-10 20:00:00;0.9999201393058872;1.0;0.9999353739248701;0.9999222113894032;0.9999742199993638;0.9999282977242788;1.000279289326342;0.999824404189415;1.0;1.0;0.999937494288121;1.0;1.0000350269635263;0.9998846810856721;0.9997663339384998;0.9997715052446106;0.9997742890961658;0.9999735812753698;1.0;0.9999489124304983;0.9999226586016463;0.9999574062619387;0.999773512445899;1.0002613448252053;1.0002872272795982;0.9999301991509998;0.9999511062856911;0.9999385400606646;1.0;0.999758529211281;0.9997931960538342;0.9998728999195614;0.9999811398220108;0.9998476981283723;1.0;1.0;0.9999826709567845;0.9999735315477093;0.9999999999999999;0.9999785605087484;0.9999262009869491;0.9999375098060945;1.0;1.024999976158142;
2016-05-10 20:15:00;0.9999217510917793;0.9999999999999999;0.9999332739462814;0.9999249637693008;0.9999696336991123;0.9999305615304342;1.00027819505227;0.9998421047366615;1.0;1.0;0.9999360132155236;0.9999999999999999;1.0000344797052185;0.9998946285611191;0.9997963120568745;0.9998010255700538;0.9998031833321153;0.9999685339186849;1.0;0.9999479031857358;0.9999224295570063;0.9999529037067569;0.999802538955294;1.0002607114422168;1.0002858641976131;0.9999306059211513;0.9999469397994528;0.9999417864538737;1.0;0.9997627254773283;0.9997944886309247;0.9998713104192686;0.9999790511001838;0.9998380036214191;0.9999999999999999;1.0;0.9999823553558971;0.9999728348147986;1.0;0.9999758320314668;0.9999259276900742;0.9999348579958273;0.9999999999999999;1.024999976158142;
2016-05-10 20:30:00;0.9999374665314249;1.0;0.9999475281685106;0.9999409177164436;0.9999739713778815;0.9999457489878496;1.000273494766403;0.999877773861262;1.0;1.0;0.9999504473460569;0.9999999999999999;1.0000340474860443;0.9999173993621788;0.9998409275421175;0.9998458387055551;0.9998475875579326;0.9999730002287732;1.0;0.9999591086049516;0.9999380290947102;0.9999641524833849;0.9998470596968481;1.000256594745441;1.0002807758925987;0.9999451730812673;0.9999592262564623;0.9999544621900178;1.0;0.9997703194412566;0.9998050473071401;0.9998708026831792;0.9999812512196534;0.9998152067497925;1.0;1.0;0.9999836614050021;0.9999757287675426;1.0;0.9999786040480287;0.9999410789773476;0.9999491484039363;1.0;1.024999976158142;
2016-05-10 20:45:00;0.9999207244978549;0.9999999999999999;0.9999368203012248;0.9999260664663815;0.9999699106626349;0.9999331077474817;1.000272106763576;0.999849222987751;1.0;1.0;0.9999391325561084;1.0;1.0000328847990092;0.9998991081813292;0.9998021841855016;0.9998067992993485;0.9998089476066729;0.9999679956273365;1.0;0.9999487970189096;0.9999186857836706;0.9999560397115312;0.9998082485621517;1.0002549803425589;1.0002797841453657;0.9999285901655683;0.9999491659950238;0.9999440486053437;1.0;0.9997598408280763;0.9998222238019271;0.9998872156144619;0.999979297557056;0.9998536833440036;1.0;1.0;0.9999835440340283;0.9999744046169736;1.0;0.9999760993285509;0.999922437751606;0.999938537830582;1.0;1.024999976158142;
2016-05-10 21:00:00;0.9999069999275562;0.9999999999999999;0.9999256017834669;0.9999142104919048;0.9999638284620457;0.9999226710459092;1.0002716053336245;0.9998320568880862;1.0;0.9999999999999999;0.9999278178973307;1.0;1.0000319016958639;0.9998873576530068;0.9997827149647102;0.9997868877943952;0.9997890626918021;0.9999610017956629;1.0;0.9999390172758879;0.9999022550106018;0.9999459743735816;0.9997882927502413;1.0002544481161095;1.0002794888667816;0.9999145979747306;0.9999377368791541;0.9999361423657965;1.0;0.9997824984216566;0.99983367432516;0.9998934062045836;0.9999763716350552;0.9998581852844265;1.0;1.0;0.9999846075944633;0.9999766749494979;0.9999999999999999;0.999972347821619;0.9999065593189819;0.999927099627134;1.0;1.024999976158142;
2016-05-10 21:15:00;0.9998332961795265;0.9999999999999999;0.9998559785068127;0.9998472262812318;0.9999164430621289;0.9998604046038314;1.0002943272914449;0.9997146473251625;1.0;1.0;0.9998672331436638;1.0;1.0000340010730817;0.9998001016904956;0.9996385635189202;0.9996540164280172;0.9996575856186647;0.999912780090185;1.0;0.9998889220729167;0.9998314916897657;0.9998991981245934;0.9996563905156898;1.0002759281000828;1.0003028217147587;0.9998535905641578;0.9998861434769677;0.999885372914299;1.0;0.9997865464814442;0.9998366007928515;0.9998969352032933;0.9999400863055978;0.9998677394251404;1.0;0.9999999999999999;0.9999829769545101;0.9999730435851116;1.0;0.9999315513087739;0.9998403253935393;0.9998601587364351;1.0;1.024999976158142;
2016-05-10 21:30:00;0.9998267474243951;1.0;0.9998523726162498;0.9998393510214489;0.9999216002722;0.9998530647460722;1.0002970395256074;0.9996902894381864;0.9999999999999999;1.0;0.9998610729295435;0.9999999999999999;1.0000340644970176;0.999787496300054;0.9996059967670978;0.9996185012800145;0.9996223891161822;0.9999177229996176;1.0;0.9998843280026604;0.9998236817601156;0.9998947591657922;0.9996210952312926;1.000277974269551;1.0003060558282904;0.9998455257032822;0.9998809847505801;0.9998789278804683;1.0;0.9997791699060617;0.9998301413311067;0.999887420877396;0.9999456186598616;0.9998392593088948;1.0;0.9999999999999999;0.9999838938973014;0.9999755484354915;1.0;0.9999373482124458;0.9998322029103964;0.9998559405447627;1.0;1.024999976158142;
2016-05-10 21:45:00;0.9998577001320647;1.0;0.9998852160083811;0.9998673554999626;0.9999428377662972;0.9998797017007252;1.000286814399461;0.9997301878706701;1.0;1.0;0.9998910791049241;1.0;1.0000336351346095;0.9998177101342554;0.9996457126484977;0.9996561887343385;0.9996601243253437;0.9999398764846485;0.9999999999999999;0.9999083660120234;0.9998561672232;0.999922078378869;0.9996588820885697;1.000268123510334;1.0002956092753754;0.9998738019125432;0.9999100808371916;0.9998991734528567;1.0;0.9998010503504005;0.9998391165691037;0.99988428240958;0.9999591096530356;0.999808024704743;0.9999999999999999;0.9999999999999999;0.999983526947445;0.999973593572583;0.9999999999999999;0.9999532554944046;0.9998632044489593;0.999888843167261;1.0;1.024999976158142;
2016-05-10 22:00:00;0.9997406543125961;1.0;0.9998099232435349;0.9997474016374879;0.9999408458158158;0.9997711385862948;1.000293287333323;0.9994092222957025;1.0;0.9999999999999999;0.9998099371289868;0.9999999999999999;1.0000336385634137;0.9996203547582589;0.999193423374939;0.9992045714420531;0.9992147068142406;0.9999376425025357;1.0;0.9998407887434806;0.9997434688998631;0.9998792111848916;0.9992118178106683;1.0002699225140763;1.000305830209112;0.9997685718849962;0.999856193388395;0.9998013829336244;1.0;0.9998125877709425;0.9998554865002844;0.9999014974138491;0.999957387682122;0.9998508959826241;1.0;1.0;0.9999851506026486;0.9999772179533757;1.0;0.9999513733658263;0.9997543266186006;0.9998165966033584;1.0;1.024999976158142;
2016-05-10 22:15:00;0.999830185394;1.0;0.9998740148191936;0.9998392637122873;0.9999511971639558;0.9998556356576755;1.0002769886609857;0.9996491693980333;1.0;1.0;0.9998753240186136;0.9999999999999999;1.0000313810977866;0.9997712207721824;0.9995266527981888;0.9995340842478857;0.9995396998047807;0.9999474439524835;1.0;0.9998941074260664;0.9998263737780889;0.9999159722113694;0.9995379604337673;1.0002574088639078;1.0002869117030475;0.9998461820300651;0.9999003876223901;0.9998769481472114;1.0;0.9998172636020306;0.999858648859191;0.99990526328422;0.9999664745043745;0.9998613374724917;1.0;0.9999999999999999;0.999983905233916;0.999975178634976;1.0;0.9999612791938636;0.999833931807503;0.9998778728242034;1.0;1.024999976158142;
2016-05-10 22:30:00;0.9998144583601613;1.0;0.9998553746365492;0.9998244359916241;0.9999417405066588;0.9998410401633678;1.0002768409146423;0.9996301313702061;1.0;1.0;0.9998567823486552;1.0;1.0000306170734874;0.9997578698676566;0.9995130302711891;0.9995189859321213;0.9995242575639339;0.999937228942412;1.0;0.9998799599785416;0.9998081572669961;0.9998971295633717;0.9995225554607062;1.0002573670959267;1.000286819633705;0.9998297422695563;0.9998807859758513;0.999866524565108;1.0;0.9998248560665761;0.9998675291409758;0.9999135500170989;0.9999626442991565;0.9998800302802485;0.9999999999999999;0.9999999999999999;0.9999839375459275;0.9999755920837535;1.0;0.9999560634328161;0.9998160305955069;0.9998583092998046;1.0;1.024999976158142;
2016-05-10 22:45:00;0.9998393370043533;1.0;0.9998693202524684;0.9998519645287743;0.9999332349829153;0.9998661640281699;1.0002741094843057;0.9997119741702718;1.0;0.9999999999999999;0.9998750916890888;1.0;1.0000305555734725;0.9998047439956063;0.9996279759173685;0.9996375447478201;0.9996413231984511;0.9999288216773157;1.0;0.999894619057131;0.9998332600031493;0.9999068355444374;0.9996400204952309;1.0002561923395907;1.0002828512586994;0.999854504450477;0.9998930167271869;0.9998894061356253;1.0;0.9998266675616626;0.9998700043840358;0.9999145674191819;0.9999546648588107;0.999879852251311;1.0;1.0;0.9999837415317668;0.9999746021129071;1.0;0.999947484655454;0.9998410348196842;0.9998724461668783;1.0;1.024999976158142;
2016-05-10 23:00:00;0.9997736388712539;1.0;0.9998326519354326;0.9997798081056909;0.9999466690110804;0.9998003243018205;1.0002805596674764;0.9994887901576489;1.0;1.0;0.9998328095770965;1.0;1.00003238117595;0.9996710678918023;0.9993044857211141;0.9993139595751792;0.9993225976025487;0.9999437216096584;1.0;0.9998601826252881;0.9997754865021031;0.9998923108875049;0.9993201201547435;1.0002588350640138;1.0002920186519058;0.9997975847502939;0.999872323864683;0.9998271899608627;0.9999999999999999;0.9998295646885323;0.999877891289283;0.9999249597957478;0.9999621134310203;0.9999096662236098;1.0;1.0;0.99998419841255;0.9999758529481991;1.0;0.999956615361733;0.9997849408101162;0.9998382562656939;0.9999999999999999;1.024999976158142;
2016-05-10 23:15:00;0.9998674553729807;1.0;0.9998973246457303;0.9998743064989811;0.9999567459833106;0.9998861629554434;1.0002654078834472;0.9997290939623499;0.9999999999999999;1.0;0.9999000346867268;1.0;1.000031265463478;0.9998214439884766;0.9996384054294158;0.9996457643816967;0.9996499753626239;0.9999542321157977;1.0;0.9999160535770181;0.999866288137235;0.9999311565002394;0.9996486920928663;1.000247486443034;1.0002740220240764;0.9998813978127817;0.9999196242012592;0.9999033468930001;1.0;0.9998342193606847;0.9998819646360111;0.9999271520032185;0.999969572100279;0.9999114250174637;0.9999999999999999;0.9999999999999999;0.9999837289606474;0.9999750023632459;1.0;0.9999650701442307;0.9998723445927011;0.9999005064811389;1.0;1.024999976158142;
2016-05-10 23:30:00;0.9999186294767588;0.9999999999999999;0.9999290032900419;0.9999235266446969;0.9999618595349099;0.9999293633443455;1.0002598474026416;0.9998468857452671;0.9999999999999999;1.0;0.9999340880668734;1.0;1.0000321122279374;0.999894713867307;0.9998038982101758;0.9998113921390872;0.9998134613475403;0.9999607000339916;1.0;0.999945898824489;0.9999199565938346;0.9999511119802582;0.9998128360628966;1.0002437745458395;1.0002668227132865;0.9999294147209301;0.9999450431851177;0.9999411689340051;1.0;0.9998261394471801;0.9998783809678274;0.999926318048367;0.9999722548594316;0.9999149027424545;1.0;1.0;0.999982575277309;0.9999730547341168;1.0;0.9999684146213028;0.9999240944749105;0.999931193015259;1.0;1.024999976158142;
2016-05-10 23:45:00;0.9999034399512358;1.0;0.9999138901174046;0.9999107921739067;0.9999507812790832;0.9999177451848867;1.0002562501122978;0.9998331203763844;1.0;1.0;0.9999201350705353;0.9999999999999999;1.0000307668466892;0.9998835243105268;0.9997920746986181;0.999800233168822;0.9998021480493121;0.9999487132873279;1.0;0.9999342446703845;0.9999024044781871;0.9999377895961886;0.9998014996471429;1.0002405635891274;1.0002631638318797;0.9999147346428178;0.9999305342641643;0.999932767227764;0.9999999999999999;0.9998367302165447;0.9998844401177359;0.9999300519820215;0.9999655757320448;0.9999190586863365;1.0;1.0;0.9999842353056276;0.9999755087038075;1.0;0.9999604243967434;0.9999073339746177;0.9999159549296001;0.9999999999999999;1.024999976158142;
2016-05-11 00:00:00;0.9999048425398098;1.0;0.999918154443443;0.9999113831459115;0.9999546885973721;0.9999186194708591;1.000258467483476;0.999824635297611;1.0;1.0;0.9999243015602619;1.0;1.0000315086664386;0.9998788625726701;0.9997743518087949;0.9997835086862927;0.99978591799706;0.999953112325963;1.0;0.9999372974545112;0.9999057722318678;0.9999441635184181;0.9997851740853337;1.0002423996744554;1.0002655502268585;0.999917438175148;0.9999368344558002;0.9999322578704991;1.0;0.999835774439978;0.9998834558234966;0.9999303937602391;0.9999667938057993;0.9999227430373777;1.0;1.0;0.9999842844888062;0.999975145064984;1.0;0.9999622680140502;0.9999107553096904;0.999920859406733;1.0;1.024999976158142;
2016-05-11 00:15:00;0.9999090131396091;1.0;0.9999220435180667;0.9999157226522658;0.9999550856058943;0.9999227883328337;1.0002524981958618;0.9998338386948353;1.0;1.0;0.9999287103755242;1.0;1.0000309075489715;0.9998842874873424;0.9997849093716163;0.9997948903070623;0.9997972623720984;0.9999536594391832;0.9999999999999999;0.9999406545988466;0.9999105296643129;0.9999481234578561;0.9997965387739189;1.0002368869794067;1.0002593259527415;0.9999219654358167;0.9999410872480234;0.9999355662252785;0.9999999999999999;0.9998441518018324;0.9998914054556902;0.9999368442108725;0.9999662602645887;0.9999350649933605;1.0;1.0;0.9999843522612812;0.9999760067956461;1.0;0.9999618910086331;0.999915515387113;0.9999250064086668;1.0;1.024999976158142;
2016-05-11 00:30:00;0.9999394237141791;1.0;0.9999491460174512;0.9999455352601654;0.9999676864377329;0.999950832987215;1.0002410707151832;0.999899326155464;1.0;1.0;0.9999540415947524;1.0;1.0000294754711443;0.9999283484324616;0.9998697510045615;0.9998769049581812;0.9998783107618127;0.9999662403403746;1.0;0.9999608742167532;0.9999388905412817;0.9999662043760874;0.9998778397862562;1.0002265416791607;1.000247294259885;0.9999477054659123;0.9999611835532685;0.9999593947438954;1.0;0.9998576967127546;0.9998986224352995;0.9999397471655306;0.9999757535749921;0.9999334074751149;1.0;1.0;0.9999839674023504;0.999975240802868;1.0;0.9999726058044281;0.999942447670168;0.9999512155225259;1.0;1.024999976158142;
2016-05-11 00:45:00;0.9999522578822811;1.0;0.999962357237956;0.9999576983563663;0.9999750590904554;0.9999624790176548;1.000237536065539;0.9999207383174572;1.0;1.0;0.9999663956190413;1.0;1.000029254704361;0.999943423309224;0.999893813932908;0.9999002554493963;0.9999015423164969;0.9999738442971453;1.0;0.999970558727825;0.9999518431812441;0.9999768501438495;0.9999011188242204;1.0002232318865631;1.0002436198374032;0.9999592691356953;0.9999725664305246;0.9999686212608645;0.9999999999999999;0.9998653690628715;0.9999017701877944;0.9999413270365183;0.9999804435898346;0.9999342351307404;0.9999999999999999;0.9999999999999999;0.9999846020399816;0.9999758754349609;1.0;0.9999781338210807;0.9999548449295836;0.9999643863036399;1.0;1.024999976158142;
2016-05-11 01:00:00;0.9999570976308075;0.9999999999999999;0.9999662411347947;0.9999611140356247;0.9999808182703889;0.9999652491579759;1.0002275370763944;0.9999242891122887;1.0;0.9999999999999999;0.9999685341180662;1.0;1.0000280120786744;0.9999478376549853;0.9998996867038147;0.9999036342447095;0.9999047723397224;0.9999796632001003;1.0;0.9999729252834048;0.9999560061251059;0.9999776773235489;0.9999043921465541;1.0002136896197693;1.0002334834732742;0.9999621364055712;0.999973828559704;0.9999709894348657;1.0;0.999885585499886;0.9999164713780316;0.9999502864565237;0.9999858840160666;0.9999445622475918;0.9999999999999999;0.9999999999999999;0.9999841984125502;0.999975852948199;1.0;0.9999839755425574;0.9999583572978312;0.9999675664555626;1.0;1.024999976158142;
2016-05-11 01:15:00;0.9998990191792455;1.0;0.9999216356373072;0.9999084628252503;0.9999513460514937;0.999918294091293;1.0002453351744338;0.9998143622182858;1.0;1.0;0.9999302163371394;1.0;1.0000297903615794;0.9998697765792596;0.9997463487609656;0.999761046238739;0.9997643896594307;0.9999497514366829;1.0;0.9999392315640703;0.9999017568888848;0.9999553004565417;0.9997633988894498;1.0002299166892747;1.000252215153215;0.9999159236629667;0.9999464839944159;0.999930201094827;1.0;0.9998850694439985;0.9999150608338871;0.9999480071877241;0.999959887878153;0.9999374715531354;1.0;1.0;0.9999833268170052;0.9999741874019359;1.0;0.9999556627091429;0.9999080803454071;0.9999265545868933;0.9999999999999999;1.024999976158142;
2016-05-11 01:30:00;0.9999031241651795;1.0;0.999924376059819;0.9999140551029975;0.9999455865225352;0.999923759320909;1.0002438014775414;0.9998312533169231;0.9999999999999999;0.9999999999999999;0.9999358699023864;1.0;1.0000299626380504;0.9998773573774784;0.9997665366362485;0.99978514656243;0.9997884284140425;0.9999443028650483;1.0;0.9999431454879569;0.9999078380722545;0.9999606720866848;0.9997874756266089;1.000228891733323;1.0002502422128334;0.9999225622158696;0.9999522792341496;0.9999346314347024;0.9999999999999999;0.999887471693603;0.9999171956806546;0.9999508927195827;0.9999531416481914;0.9999457943646334;1.0;0.9999999999999999;0.9999823990044306;0.9999728784629166;1.0;0.9999487019196998;0.9999147230583229;0.9999303202376049;1.0;1.024999976158142;
2016-05-11 01:45:00;0.9999485065575974;1.0;0.9999607115561181;0.9999547601824723;0.9999752344888874;0.9999603075348286;1.0002241713933127;0.999917511959702;1.0;1.0;0.9999638196013324;1.0;1.00002693453444;0.9999419580948321;0.999890103473943;0.9998952851799783;0.9998965243030067;0.9999734268421333;1.0;0.9999679767336902;0.9999458650529701;0.9999742678792313;0.9998960717978135;1.0002105673921566;1.0002301213864508;0.9999542630286261;0.9999693278350554;0.9999671817957122;1.0;0.9999202774073137;0.9999340524472102;0.9999588728844477;0.9999816933528635;0.9999478779576412;1.0;1.0;0.9999842605809587;0.9999759151160886;1.0;0.9999792414786215;0.999948896763579;0.9999624071840767;0.9999999999999999;1.024999976158142;
2016-05-11 02:00:00;0.9999519849918779;1.0;0.9999626195815281;0.9999574460995624;0.9999771519234681;0.9999623880168436;1.0002178527854715;0.9999217882751712;1.0;0.9999999999999999;0.9999653509349495;0.9999999999999999;1.0000263072250275;0.9999452817401756;0.9998968462293873;0.9999013154221591;0.9999024403219282;0.9999755266229294;1.0;0.9999697024338439;0.9999496228835595;0.999974913252223;0.9999020306295486;1.000204635374416;1.0002236082982319;0.9999571903261;0.99997042459629;0.9999689618346708;1.0;0.9999450460437846;0.9999473457383383;0.9999650922478444;0.9999833966335028;0.9999491772319699;1.0;1.0;0.9999837415317667;0.9999746021129069;1.0;0.9999810937659451;0.9999523582117378;0.9999640590796713;0.9999999999999999;1.024999976158142;
2016-05-11 02:15:00;0.9999462553276323;1.0;0.9999594131474585;0.99995215432758;0.9999766556004788;0.9999578922399459;1.0002176043363462;0.9999098792810365;1.0;1.0;0.9999617728229284;0.9999999999999999;1.0000259928377409;0.9999379347466368;0.9998799539954937;0.9998842610101044;0.999885597330775;0.9999747698721452;1.0;0.9999664087572887;0.9999431989483086;0.9999727679843154;0.9998851138000066;1.000204237457278;1.000223537738321;0.9999515754420115;0.9999675877793741;0.9999650841876024;1.0;0.9999472162143063;0.9999473221747051;0.9999651821946329;0.9999832775807934;0.9999495461125383;0.9999999999999999;1.0;0.9999842550976078;0.9999763224554388;1.0;0.9999808897125472;0.9999461538324995;0.9999609233816346;1.0;1.024999976158142;
2016-05-11 02:30:00;0.999949485537078;1.0;0.999963492484182;0.9999557403020353;0.9999777892828358;0.9999616114195977;1.0002181821292149;0.9999174054060286;1.0;1.0;0.9999659816060109;1.0;1.0000260636418068;0.9999426475197282;0.9998876925304816;0.9998924194817987;0.9998937524035424;0.9999758944082272;0.9999999999999999;0.9999693635308606;0.9999463965490486;0.9999767252845504;0.9998932691241548;1.0002048230409215;1.0002240962454456;0.9999547912311523;0.9999716056027051;0.9999680085627637;1.0;0.99994534679078;0.9999457595099079;0.9999631332643181;0.9999835137095717;0.9999436074448416;1.0;1.0;0.9999836498516117;0.9999745104335899;1.0;0.9999813237762658;0.9999493541421801;0.9999651950461051;0.9999999999999999;1.024999976158142;
2016-05-11 02:45:00;0.9999497174624187;1.0;0.999962521302135;0.9999554510049145;0.999976166078246;0.9999609186800787;1.0002168096358186;0.9999138269971971;1.0;1.0;0.9999661547398538;1.0;1.0000264276538133;0.9999394559832203;0.9998820018315108;0.9998884210095447;0.9998899272600552;0.9999748058944508;1.0;0.9999698543919895;0.9999489148750819;0.999977824832938;0.9998894359003972;1.0002035714343402;1.0002225598786745;0.9999568084397227;0.9999730386047824;0.9999669832061453;1.0;0.999953000233571;0.9999530883495873;0.9999690581012478;0.9999810691212769;0.9999553660272956;1.0;1.0;0.9999838022171049;0.9999754567560603;1.0;0.999978896522789;0.9999520490547871;0.9999647191782485;1.0;1.024999976158142;
2016-05-11 03:00:00;0.9999490231970906;1.0;0.9999609393285899;0.9999543306789684;0.9999766987652071;0.9999595680526476;1.0002158197583761;0.9999117280325588;1.0;1.0;0.9999639843392875;1.0;1.0000262217744267;0.9999387024021535;0.9998814224172675;0.9998867629370686;0.9998881723591087;0.999975264959117;0.9999999999999999;0.9999685102088558;0.9999476951874579;0.9999751712718343;0.9998877012939661;1.0002026053113044;1.0002215887143728;0.9999553616698414;0.9999704391437578;0.9999661215362059;1.0;0.9999521636355345;0.9999515477755586;0.9999677165109009;0.9999823429832057;0.9999524509245908;1.0;1.0;0.9999835030901382;0.9999743636734577;1.0;0.9999800985943484;0.9999506451563117;0.9999627578469085;1.0;1.024999976158142;
2016-05-11 03:15:00;0.9999563071488142;1.0;0.9999640290353875;0.9999601956239357;0.9999773314945618;0.9999640023736065;1.0002148643770064;0.999921127959674;1.0;1.0;0.9999679522666708;0.9999999999999999;1.0000268975275093;0.9999442829070072;0.9998949261871836;0.9999011349223051;0.9999024291209585;0.9999766744521307;1.0;0.9999727193735133;0.9999575653909518;0.9999780733821316;0.999902042805492;1.0002018714769612;1.0002203309455553;0.9999635303331419;0.9999745030744984;0.9999696010350002;1.0;0.9999493501619602;0.9999506863630195;0.9999672762252386;0.9999818844859523;0.9999522146185588;1.0;0.9999999999999999;0.9999842605809586;0.9999759151160885;1.0;0.999979835956178;0.9999602453373484;0.9999659701954087;1.0;1.024999976158142;
2016-05-11 03:30:00;0.9999627041164079;1.0;0.9999706562846544;0.9999655141641014;0.9999834082580494;0.999968915569183;1.0002141955761716;0.999927618733102;1.0;1.0;0.9999733107607812;1.0;1.000026956407776;0.9999501673492891;0.9999017997525522;0.9999065426044057;0.9999078060519507;0.9999829120577911;1.0;0.9999772145332035;0.9999638653747979;0.9999826255598787;0.9999074390975385;1.0002011237029793;1.00021971470032;0.9999686445918735;0.99997946032439;0.9999733924052737;1.0;0.9999507269536683;0.9999525672422838;0.9999682473624529;0.9999865718063342;0.9999528106590438;1.0;1.0;0.999982404487439;0.9999724711237272;0.9999999999999999;0.9999850946681177;0.9999660377217621;0.9999722934887337;1.0;1.024999976158142;
2016-05-11 03:45:00;0.9999579834509982;1.0;0.9999659412524767;0.9999616164110962;0.9999790184122641;0.999965355123368;1.0002170666680203;0.9999227410006952;1.0;1.0;0.9999695593799252;1.0;1.000027225167597;0.9999457482516451;0.9998963252284188;0.9999022260819692;0.9999035289777416;0.9999784103343838;1.0;0.9999740069628833;0.9999592625946011;0.9999795546665428;0.9999031438087488;1.0002039089214834;1.0002226053349619;0.9999649341516208;0.9999760738182909;0.999970610571468;1.0;0.9999508186657262;0.9999497422191062;0.9999656758945934;0.9999831102073911;0.9999470058953203;1.0;1.0;0.9999838206408239;0.9999750940426222;1.0;0.9999812289613108;0.9999618235268501;0.999967836387379;1.0;1.024999976158142;
2016-05-11 04:00:00;0.999956167091759;1.0;0.999965516030928;0.9999601422848826;0.9999781923408648;0.9999642759043138;1.000219288605034;0.999918450187042;0.9999999999999999;0.9999999999999999;0.9999695604647313;1.0;1.0000275465830215;0.9999425922702878;0.9998885371163363;0.9998953762392006;0.9998968643511142;0.9999776256770214;1.0;0.9999736534257011;0.9999579352315255;0.9999806319248646;0.999896433393221;1.0002059594957913;1.0002249055560006;0.9999639810895841;0.9999768948918153;0.9999693913876042;0.9999999999999999;0.9999429769423942;0.9999380335212303;0.9999614822091679;0.9999817939305411;0.9999513574600681;1.0;1.0;0.9999826485324559;0.9999735091235857;1.0;0.9999799320011218;0.9999607339938223;0.9999677794333547;0.9999999999999999;1.024999976158142;
2016-05-11 04:15:00;0.9999557624844196;1.0;0.9999657323680197;0.9999593925540937;0.9999804729530036;0.9999636089577179;1.0002186637881212;0.999915800495172;1.0;1.0;0.999968746468108;1.0;1.0000272889215496;0.9999419937046151;0.9998855036556252;0.9998909622049842;0.9998924310089995;0.9999797454139653;0.9999999999999999;0.9999730851339369;0.9999566143995097;0.9999796505488128;0.9998919938484497;1.0002052518520903;1.000224394527569;0.999962514930067;0.9999757819983701;0.9999689179685851;0.9999999999999999;0.9999445767588453;0.9999398818178854;0.9999621962046639;0.9999843106327353;0.9999508855862318;1.0;1.0;0.9999830208192448;0.9999746753647215;1.0;0.9999825556965218;0.9999591994400837;0.9999676353694018;1.0;1.024999976158142;
2016-05-11 04:30:00;0.9999650454974095;1.0;0.9999723545578447;0.9999671755543051;0.9999852114684749;0.999970211108314;1.0002171557428043;0.9999286207025366;1.0;1.0;0.9999747674980567;1.0;1.00002754465698;0.9999512962289216;0.9999028948622685;0.9999073483345263;0.9999086196924564;0.9999849282356772;1.0;0.9999786906690553;0.9999667607636297;0.9999838932376021;0.9999082655896465;1.0002038764714396;1.0002227327054096;0.9999708745616951;0.9999810176278505;0.9999743051990448;1.0;0.999939137184522;0.9999357962274655;0.9999598088857944;0.9999878273594867;0.999948366060469;1.0;1.0;0.9999827898094905;0.9999740632202847;1.0;0.9999865393207269;0.9999687514458087;0.9999739276292063;0.9999999999999999;1.024999976158142;
2016-05-11 04:45:00;0.9999757345025583;1.0;0.9999802173485899;0.9999768563231055;0.9999901990801205;0.999978772687907;1.000211982077084;0.9999491882790487;1.0;0.9999999999999999;0.9999816348191358;0.9999999999999999;1.0000270170573298;0.9999656988042428;0.9999318731249481;0.9999345006014088;0.9999353521423816;0.9999900369038939;1.0;0.9999847940129988;0.9999769117335316;0.9999877879366722;0.9999351168950669;1.0001991278761735;1.000217315117209;0.999979517840163;0.9999858816403658;0.999981775363638;0.9999999999999999;0.9999473155875804;0.9999451520867378;0.9999650965844787;0.9999922308518046;0.9999533783866058;0.9999999999999999;1.0;0.9999831675804676;0.9999748221247192;0.9999999999999999;0.9999913345309474;0.9999781878455369;0.9999811479801479;1.0;1.024999976158142;
2016-05-11 05:00:00;0.9999807744551021;1.0;0.9999828823691576;0.9999818343571867;0.9999910646209818;0.9999831308647015;1.0002108259778304;0.9999638297655327;1.0;1.0;0.999983904992805;1.0;1.0000267393972675;0.9999753005712563;0.9999543725740632;0.9999558164197246;0.9999562632838672;0.9999907507414055;0.9999999999999999;0.9999869398426753;0.9999808756727085;0.9999876908788788;0.999956123788097;1.0001982097537747;1.0002160190232752;0.9999830581787753;0.9999862808992328;0.9999860491944033;1.0;0.9999447360962812;0.9999481790474282;0.9999661976925451;0.9999937830843936;0.9999524353116195;1.0;1.0;0.999982989991342;0.9999734694442014;1.0;0.9999928433259697;0.9999817954317468;0.9999832839024299;0.9999999999999999;1.024999976158142;
2016-05-11 05:15:00;0.9999774041019811;1.0;0.9999813076037463;0.9999787758392146;0.9999901943009587;0.999980592189421;1.0002116079047156;0.9999557301510648;1.0;1.0;0.9999826012151326;1.0;1.0000268262043988;0.9999698657129632;0.9999415983025227;0.9999438151373877;0.999944496450708;0.9999898788578021;1.0;0.9999855369885915;0.9999778730823601;0.9999877975471448;0.9999442952096896;1.0001988559603057;1.0002168938830804;0.9999805409838887;0.9999859897896912;0.9999835928818555;0.9999999999999999;0.9999468348880353;0.9999502139606977;0.999968728544795;0.9999925958676386;0.9999596515343856;1.0;1.0;0.9999844368545086;0.9999760913881673;1.0;0.9999916477578595;0.9999790545333946;0.9999820486689633;1.0;1.024999976158142;
2016-05-11 05:30:00;0.9999620182438181;1.0;0.9999712948228887;0.9999633396553113;0.9999894443814685;0.9999667162555225;1.0002142822045947;0.9999163563658284;1.0;1.0;0.9999717302468922;1.0;1.0000268880531453;0.9999456583862226;0.9998867002863919;0.9998887326308985;0.9998901272491794;0.999988917533171;1.0;0.9999764105692407;0.9999623732408576;0.9999814565786265;0.9998897236625881;1.0002008540703058;1.0002200992958712;0.9999662833942613;0.999978142165189;0.9999713085173187;1.0;0.999951620059109;0.9999525993106779;0.9999696182030372;0.9999923574260343;0.9999589781461016;1.0;1.0;0.9999801195545776;0.999968598308498;1.0;0.9999912896444224;0.9999640501557386;0.9999723124257653;0.9999999999999999;1.024999976158142;
2016-05-11 05:45:00;0.9999737551391814;1.0;0.9999786740104426;0.9999754154663019;0.9999898735439918;0.9999776429251037;1.0002137911610924;0.9999498487108642;1.0;0.9999999999999999;0.9999794263610366;1.0;1.0000267936534222;0.9999664731402754;0.9999347015637262;0.9999361486379614;0.9999368397303847;0.9999892563152603;1.0;0.9999828519635982;0.9999731220948012;0.9999849123751382;0.9999366147598675;1.000200828902129;1.0002192517480164;0.9999763271148265;0.9999826881991014;0.999981345545429;1.0;0.9999506244531049;0.9999461902879352;0.9999632953960996;0.9999931303390643;0.9999436172816915;1.0;1.0;0.9999840590825924;0.9999753324823099;0.9999999999999999;0.9999920399162364;0.9999743413732957;0.9999791992779146;1.0;1.024999976158142;
2016-05-11 06:00:00;0.9999750818884086;1.0;0.9999803400272417;0.9999769123081027;0.9999903659715724;0.9999791996047068;1.0002193056014805;0.9999532302132194;1.0;1.0;0.9999811006323492;1.0;1.0000274749180775;0.9999686238104919;0.9999384077949056;0.9999399408862002;0.9999406157654657;0.999989719656891;1.0;0.9999840161878679;0.9999743221751304;0.9999864070173553;0.9999403930179058;1.0002060372966652;1.0002248859373286;0.999977556705845;0.9999842009979611;0.9999826065625879;1.0;0.999943441728875;0.9999299264348841;0.9999432335867326;0.9999933225820297;0.9998871770242717;1.0;0.9999999999999999;0.999983668276457;0.9999741477228586;1.0;0.9999923051743006;0.9999755332051509;0.9999809128917495;1.0;1.024999976158142;
2016-05-11 06:15:00;0.9999781212420084;1.0;0.9999827631731888;0.9999794906596481;0.9999918585715301;0.99998144140335;1.0002152902161154;0.9999569622468062;0.9999999999999999;1.0;0.9999834642854072;1.0;1.0000271520836201;0.9999712658040609;0.9999428374284278;0.9999443258602709;0.9999449826297893;0.9999914037529315;1.0;0.999986095372336;0.9999778846453086;0.9999884248864558;0.999944778069334;1.0002022680661602;1.000220732674931;0.9999805485094628;0.9999865286098777;0.9999843280688254;1.0;0.9999474809600895;0.9999351790184616;0.9999508015993611;0.9999941787996326;0.9999100619837371;1.0;0.9999999999999999;0.9999837415317667;0.9999746021129071;1.0;0.9999933446092195;0.9999789471663361;0.9999833360907895;0.9999999999999999;1.024999976158142;
2016-05-11 06:30:00;0.9999759587277124;1.0;0.999981353812686;0.9999776820735561;0.9999895714419587;0.9999799030801424;1.000220412556125;0.9999521020845304;1.0;1.0;0.9999830800278056;1.0;1.0000280115662703;0.9999671396492429;0.9999344023963366;0.9999376021671416;0.9999384736913803;0.9999893081211073;1.0;0.9999855284325192;0.9999769494620157;0.9999893532349019;0.9999382260990638;1.0002071047868204;1.0002259288651185;0.9999799694153434;0.9999873009869245;0.9999826664986491;1.0;0.9999464371151686;0.999939129068238;0.9999561629512677;0.9999913518701373;0.9999262073958722;0.9999999999999999;1.0;0.9999399147287382;0.9999200739934181;1.0;0.999990454036352;0.9999783654724889;0.9999824869715158;1.0;1.024999976158142;
2016-05-11 06:45:00;0.9999667816582842;1.0;0.9999746040499988;0.9999676394002517;0.9999908780096814;0.9999704575065571;1.0002300865506848;0.9999248688064178;1.0;0.9999999999999999;0.9999750662033865;0.9999999999999999;1.0000291423929728;0.9999512378828976;0.9998981874727138;0.9999001115695062;0.9999013801950999;0.9999905533938497;1.0;0.9999793640139217;0.9999676006548022;0.9999838023282125;0.9999010239095714;1.0002158108928858;1.0002361723296802;0.9999707949224993;0.9999809905240565;0.999974424365129;1.0;0.9999362632699691;0.9999313614648159;0.9999501401939724;0.9999932391394276;0.9999153915589482;1.0;1.0;0.9999102578215815;0.9998951809997683;1.0;0.9999923389644969;0.9999690594467547;0.9999755448539848;1.0;1.024999976158142;
2016-05-11 07:00:00;0.9999660703271834;1.0;0.9999741118467246;0.9999681798748269;0.999988089647413;0.9999713615715364;1.000244666749425;0.9999317684075382;1.0;0.9999999999999999;0.9999751493182485;0.9999999999999999;1.0000306947307984;0.999954619897164;0.9999080092343365;0.9999104837851865;0.9999115959183726;0.9999874218334344;1.0;0.9999789108840216;0.9999658855351258;0.99998328749363;0.9999112567121605;1.000229692267386;1.0002510273542584;0.9999700143194007;0.999980262382552;0.9999755981559602;1.0;0.9999058525476129;0.9998908852698194;0.9999300824785864;0.9999912117163334;0.9999066791515844;1.0;1.0;0.999885677635177;0.999853230074027;1.0;0.9999900302199753;0.9999675624724775;0.9999751224171906;1.0;1.024999976158142;
2016-05-11 07:15:00;0.9999261499198534;1.0;0.9999348003827092;0.9999279005350754;0.9999723299621069;0.9999324603441179;1.0002800119091284;0.9998458405902241;1.0;1.0;0.9999369209223861;1.0;1.0000350611957918;0.9998979775866321;0.9998037294517831;0.9998072121601502;0.9998092013986424;0.9999715626077488;1.0;0.9999496119526;0.9999274302107835;0.9999525677941775;0.9998086246302671;1.0002624299489447;1.0002876585547138;0.9999342115497101;0.9999473223623674;0.9999434756737331;1.0;0.9998854031322765;0.9998479154025184;0.9999131152928925;0.9999816602317692;0.9999180368567548;1.0;1.0;0.9997213932650336;0.9995622386199591;1.0;0.9999786196361591;0.99993045158613;0.9999359278760144;1.0;1.024999976158142;
2016-05-11 07:30:00;0.9999240724056033;0.9999999999999999;0.9999329627454306;0.9999262970548181;0.9999687867384369;0.9999310359947498;1.0002825482586222;0.9998419942799665;0.9999999999999999;1.0;0.9999366279535938;1.0;1.0000356813826776;0.999893951367451;0.9997967043162328;0.9998025469163226;0.9998047509927334;0.9999683012814853;1.0;0.9999491363287129;0.99992706345751;0.9999536277938891;0.9998041375064607;1.000264893915977;1.0002901395278894;0.9999342428007134;0.9999483151819002;0.9999418949438186;1.0;0.9998857868775745;0.9998364779451568;0.9999034854112032;0.9999775499918715;0.999898142302904;1.0;1.0;0.9997269695682321;0.9995531156771453;1.0;0.9999743720960649;0.9999305366083708;0.9999348040690968;1.0;1.024999976158142;
2016-05-11 07:45:00;0.9999275043071901;1.0;0.9999395935716571;0.9999296627166319;0.9999755212692254;0.9999349408607512;1.0002904765830885;0.9998465702581754;1.0;0.9999999999999999;0.9999410832940503;1.0;1.000036210820447;0.9998992315068965;0.9998000362881168;0.9998034199825068;0.9998056025274706;0.9999745823270999;0.9999999999999999;0.9999521413479412;0.9999281706214923;0.9999574571072739;0.9998049629109801;1.0002721318101622;1.0002985220698792;0.9999352444629955;0.9999518176335066;0.9999450398387699;1.0;0.9998718960780315;0.9998255481557904;0.9999019509899884;0.9999834873400665;0.9999144568203175;1.0;1.0;0.9996826226353774;0.9995006169833845;1.0;0.9999808399119209;0.9999312102227159;0.9999409450382458;1.0;1.024999976158142;
2016-05-11 08:00:00;0.9999352227169008;1.0;0.9999479444916316;0.9999369882260142;0.9999806008228761;0.999942045629254;1.0002853816407233;0.9998592682066847;1.0;0.9999999999999999;0.9999486552490382;1.0;1.0000356267149013;0.9999084504205109;0.9998140591246362;0.9998167113724531;0.9998188243020188;0.9999797339104028;0.9999999999999999;0.9999580198963799;0.9999356484209537;0.9999639850723198;0.9998182080362238;1.0002673167815932;1.0002933106487395;0.9999419199093073;0.9999587192454539;0.9999506746877123;1.0;0.9998814408264982;0.9998324973879755;0.9999080722090259;0.9999869406816801;0.9999276932536859;1.0;0.9999999999999999;0.9996793942595016;0.9994848512945286;1.0;0.9999848387678613;0.9999383165936663;0.9999492092065291;1.0;1.024999976158142;
2016-05-11 08:15:00;0.9999256689559882;1.0;0.999942130609113;0.9999266880480345;0.9999827392686523;0.9999326411919828;1.0002966023071425;0.9998301470820612;0.9999999999999999;1.0;0.9999414337423139;1.0;1.0000369105114786;0.9998915397473194;0.999773633384075;0.9997751183076677;0.9997777376759349;0.9999817819747712;1.0;0.9999522181936709;0.9999258796953583;0.9999597730718918;0.9997769819359212;1.000277406573475;1.0003052006618307;0.9999324628637225;0.9999535620131432;0.9999422451865061;0.9999999999999999;0.9998763590299117;0.9998226718665781;0.9998999873992646;0.9999891866581313;0.9999133315305533;1.0;1.0;0.9996595886637313;0.999465705905741;1.0;0.9999872009221189;0.9999286410861397;0.999943332195858;1.0;1.024999976158142;
2016-05-11 08:30:00;0.9999414257816537;0.9999999999999999;0.9999508962490814;0.9999427335349511;0.9999806306418725;0.9999468312508452;1.0003100295129943;0.9998730819058179;1.0;1.0;0.9999521133282511;1.0;1.0000390991792898;0.9999168390529497;0.999834325428924;0.999837152841517;0.999838986748564;0.9999800440636625;1.0;0.9999613326564275;0.999942587748937;0.9999656665186448;0.9998384634886228;1.0002907225458877;1.0003183141369778;0.9999479810178358;0.9999612106486122;0.9999549182724062;1.0;0.9998208752903363;0.9997890958584134;0.9998827337366772;0.9999868017902512;0.9999046154149611;1.0;1.0;0.9996618264057997;0.9994798791418738;1.0;0.9999847250347779;0.999945014515861;0.999952037680414;1.0;1.024999976158142;
2016-05-11 08:45:00;0.9999337215318652;1.0;0.9999491450290714;0.9999394921726696;0.9999764373677908;0.9999461320672272;1.0003222148004804;0.9998832760467464;0.9999999999999999;1.0;0.9999495294903811;1.0;1.000038711816836;0.9999226390835196;0.9998483895273141;0.9998498968985948;0.9998513637444988;0.9999738820657582;1.0;0.9999567780595316;0.9999281066177881;0.9999619390552418;0.9998507989617904;1.0003023159515094;1.0003310448585283;0.999937496053048;0.9999556184693358;0.9999557568208984;1.0;0.9997843636132218;0.9997550308025557;0.9998652143961251;0.9999857168765957;0.9998960143319001;0.9999999999999999;1.0;0.999649157354423;0.9994551485964799;1.0;0.9999829378556153;0.9999310485783665;0.9999498730692182;1.0;1.024999976158142;
2016-05-11 09:00:00;0.9999206056144766;1.0;0.9999404375857538;0.9999230230364371;0.999980819417043;0.9999301254617592;1.0003250213277042;0.999824425496593;1.0;0.9999999999999999;0.9999399481739224;1.0;1.0000401267477355;0.9998873480467759;0.999763619624393;0.9997658170609589;0.9997686170527814;0.9999794361627186;1.0;0.999950022120263;0.9999197900543815;0.9999595861084959;0.9997677839678056;1.0003040910292422;1.0003344183846612;0.999927809179928;0.9999525373235303;0.9999400584476444;1.0;0.9997828176839842;0.9997485746662724;0.9998615704877041;0.9999874819794466;0.999892942000914;1.0;1.0;0.9996466611177637;0.9994511940679466;1.0;0.999985346941925;0.9999229720676;0.999941971388165;1.0;1.024999976158142;
2016-05-11 09:15:00;0.9999230012774503;0.9999999999999999;0.9999407425462903;0.9999268835535503;0.9999755879827286;0.9999338217283774;1.0003335323361568;0.9998412681203972;1.0;1.0;0.9999420106371669;1.0;1.000041144170821;0.9998957881320181;0.9997877312887371;0.999791713224281;0.999794190864198;0.9999740805520532;1.0;0.9999513294921257;0.9999221276841704;0.999960153787644;0.9997934338162994;1.0003124921867312;1.000342828079935;0.999930886314678;0.9999533862642461;0.9999437391031644;1.0;0.9997836717796718;0.9997537827808373;0.9998649571956065;0.9999829833978571;0.9998996181305713;1.0;1.0;0.9996281497430507;0.9994313103333964;0.9999999999999999;0.9999804203158725;0.9999256038982193;0.9999425512753453;1.0;1.024999976158142;
2016-05-11 09:30:00;0.9999332594705994;1.0;0.9999464884738167;0.9999381324167685;0.9999744814746332;0.9999441080807163;1.0003192967943981;0.9998772353557084;1.0;0.9999999999999999;0.9999479764931658;1.0;1.0000389627909303;0.9999179520295265;0.9998409178112121;0.9998438567413466;0.9998454665052986;0.9999725389139702;1.0;0.9999562348817559;0.99993014781288;0.9999612016730821;0.9998449071079734;1.0002996126083756;1.0003279113507095;0.9999388049026174;0.999955332042599;0.9999537227747081;1.0;0.9997822598584652;0.9997546858512091;0.9998660407471415;0.9999833377276268;0.9998994648896403;1.0;1.0;0.9996957658942028;0.9995150155487192;1.0;0.9999804975555817;0.9999332052278936;0.9999475748569278;1.0;1.024999976158142;
2016-05-11 09:45:00;0.9999153268597315;1.0;0.999933511141889;0.9999217253662845;0.9999685857159518;0.999929628645536;1.0003230145450703;0.9998437333859818;1.0;1.0;0.999935205334552;0.9999999999999999;1.000038807459676;0.9998958125398141;0.9997957578570095;0.999799504300207;0.9998016306713181;0.9999660474527073;1.0;0.9999451011993135;0.9999111222584026;0.9999523612917457;0.9998008937037252;1.0003028266136407;1.0003320623457561;0.9999223023468696;0.9999447264267824;0.9999415536046422;1.0;0.9997477312776897;0.999731356131228;0.9998539898732052;0.9999793621301047;0.9998918220580125;1.0;1.0;0.9997125370923076;0.9995416799487251;1.0;0.9999758848592724;0.9999150468971734;0.9999349870428336;1.0;1.024999976158142;
2016-05-11 10:00:00;0.9999364569281228;1.0;0.9999488707350804;0.9999420069166454;0.9999736079856025;0.9999478774357605;1.0003292505360621;0.9998897123655688;1.0;1.0;0.9999507095086624;1.0;1.0000401008114854;0.9999253335995306;0.9998581731037001;0.9998612932021022;0.9998626669022607;0.9999715016891721;1.0;0.9999581978644442;0.9999326799304923;0.9999626050048279;0.9998621580836171;1.0003091607392134;1.0003379801952776;0.9999415679337738;0.9999569271215107;0.999957229366918;1.0;0.9997335531558009;0.9997257395760553;0.9998500898993076;0.9999826879944829;0.9998875719271227;0.9999999999999999;1.0;0.9996831750519363;0.9995078500190409;1.0;0.9999797626864274;0.9999357263766321;0.999949906908145;1.0;1.024999976158142;
2016-05-11 10:15:00;0.9999224537990896;0.9999999999999999;0.9999405613640537;0.9999285677172205;0.9999716782231505;0.9999361380354673;1.0003490629622231;0.9998560637131548;0.9999999999999999;1.0;0.999942273265474;0.9999999999999999;1.0000423903455564;0.9999039517677251;0.9998094517818965;0.9998134751325871;0.9998155613143266;0.9999693772826689;0.9999999999999999;0.9999506254262487;0.9999188725853277;0.9999586750372795;0.9998148515479264;1.0003273886639286;1.0003586402228035;0.9999292958923456;0.999951515312107;0.9999466458744014;1.0;0.9997212890230367;0.9997010391217528;0.9998322151138107;0.9999808045118713;0.999861426178502;1.0;0.9999999999999999;0.9996530111706704;0.9994698086183755;1.0;0.9999777531422398;0.9999225854370463;0.9999421948459281;1.0;1.024999976158142;
2016-05-11 10:30:00;0.9999138752372949;1.0;0.9999341188158269;0.9999217780708238;0.9999669736645911;0.9999304940095235;1.0003506152662929;0.9998486961913985;0.9999999999999999;1.0;0.9999360453955507;1.0;1.0000418806448594;0.9998983028984508;0.9998011717815071;0.9998053256094311;0.9998073989882317;0.9999639601905783;1.0;0.9999448340568727;0.9999082364212951;0.9999531404990646;0.9998066426363379;1.0003288690333503;1.0003603443370668;0.999920620611784;0.9999449943640495;0.9999425143862711;1.0;0.9997211290826455;0.9996845251630232;0.9998170496822915;0.9999781125278504;0.9998255515958049;1.0;0.9999999999999999;0.9996627205714826;0.9994839694813689;1.0;0.9999744830719335;0.9999124111028866;0.9999357345525748;1.0;1.024999976158142;
2016-05-11 10:45:00;0.9999251998203553;1.0;0.9999412973178713;0.9999310965567623;0.9999709575965766;0.9999381276650096;1.00035114207541;0.9998626829732375;1.0;1.0;0.9999434743808557;1.0;1.0000428549361955;0.9999077138859325;0.9998195992792683;0.9998239343690557;0.9998258738978052;0.9999688358503251;1.0;0.9999519302884816;0.9999221920129762;0.9999590187589009;0.9998252152466949;1.0003294765733055;1.0003606268845073;0.9999321858817118;0.9999522986488412;0.9999484659291;1.0;0.9997088862158576;0.9996968463842111;0.999823730898262;0.9999801221473525;0.9998324896163;0.9999999999999999;1.0;0.9996508733672705;0.9994647821136395;0.9999999999999999;0.9999770210605932;0.9999258217724131;0.999942907671338;1.0;1.024999976158142;
2016-05-11 11:00:00;0.999933889455914;0.9999999999999999;0.9999494144411839;0.9999408967612162;0.9999724297662747;0.9999478028249856;1.000345690609862;0.9998900448449871;1.0;1.0;0.9999514243683105;1.0;1.0000417756293973;0.999925043943401;0.9998559627032393;0.9998597093720369;0.9998611788676464;0.9999698899015106;1.0;0.9999577089170012;0.999928927492209;0.9999640270410479;0.999860614468151;1.0003246211736225;1.000354896719481;0.999939103134114;0.9999576691532213;0.9999571298565939;1.0;0.999710095300273;0.9996885192244449;0.9998153937116141;0.9999814667317696;0.9998113245003645;1.0;0.9999999999999999;0.9996613479771804;0.9994781438970313;1.0;0.9999784749677301;0.9999323081655637;0.9999507477341304;1.0;1.024999976158142;
2016-05-11 11:15:00;0.9999346986075686;1.0;0.999949226752413;0.9999396342068849;0.9999764206093571;0.9999458352564194;1.000340529342132;0.9998790312262728;1.0;1.0;0.9999503228285931;1.0;1.0000416222902284;0.9999195845218203;0.9998414006541968;0.9998441040617879;0.999845766994631;0.9999744199030619;1.0;0.9999578165786533;0.999931276640326;0.999963649999482;0.9998451895431857;1.0003195310232833;1.0003497075918488;0.9999399138495031;0.9999576873655621;0.9999549662667374;1.0;0.9997230975938939;0.9996957719509958;0.9998203793708413;0.9999846118168705;0.9998175853859668;0.9999999999999999;1.0;0.9996764778653503;0.9994986139275192;0.9999999999999999;0.9999819867654726;0.9999342753093553;0.99995034875346;1.0;1.024999976158142;
2016-05-11 11:30:00;0.9999323785573861;1.0;0.9999489605621611;0.9999378077051666;0.9999778565903127;0.9999446380726391;1.0003437723622914;0.9998766252500114;1.0;1.0;0.9999489176976981;0.9999999999999999;1.00004151397348;0.9999189938941608;0.9998382947388675;0.9998395317325338;0.9998411602375735;0.9999753455623882;0.9999999999999999;0.9999562653132538;0.9999269242990321;0.9999621448929548;0.9998405560612856;1.0003224673522382;1.0003532169597005;0.9999362044591918;0.9999556438556856;0.9999542178915956;1.0;0.999697831488457;0.9996895176296379;0.9998159633181596;0.9999867433782808;0.9998112865550958;1.0;1.0;0.9996729026365394;0.9994824052949565;1.0;0.9999841078306057;0.9999298439338759;0.9999497196874804;1.0;1.024999976158142;
2016-05-11 11:45:00;0.9999097372369871;0.9999999999999999;0.9999254587111933;0.9999171789025205;0.9999638813472256;0.9999251026926465;1.0003565485276993;0.9998463222640055;1.0;1.0;0.9999266639421484;1.0;1.000042293331783;0.999897029134898;0.9998079142377019;0.9998096124781819;0.9998111826539894;0.9999605123934044;1.0;0.9999385359378035;0.9999022937315792;0.999941623329952;0.999810533670029;1.0003345649016315;1.0003663883089906;0.9999146464912232;0.9999336819933807;0.9999394256547135;1.0;0.999717736024474;0.9996980164876588;0.9998218656345113;0.9999786690323808;0.9998222494873577;1.0;1.0;0.9996312934683308;0.99945749062442;1.0;0.9999743286810923;0.9999061504711155;0.9999259333392877;1.0;1.024999976158142;
2016-05-11 12:00:00;0.9999031633805517;1.0;0.9999118383324987;0.9999081840269757;0.9999588518662126;0.9999143814193737;1.0003705453349672;0.999825384988614;1.0;1.0;0.9999138515823247;1.0;1.0000449117875987;0.9998830622128518;0.9997893561194447;0.9997909493255237;0.9997924711968722;0.9999562905643085;1.0;0.999930700569273;0.9998986061465467;0.9999291732192717;0.9997918915349059;1.0003477646744794;1.0003805457460326;0.9999095292543637;0.9999220265851761;0.9999309160483835;0.9999999999999999;0.9996818709787303;0.9996670415392817;0.9997940365892231;0.9999760116040917;0.999764427030218;1.0;0.9999999999999999;0.9996229183554338;0.9994166652234046;0.9999999999999999;0.9999710223296037;0.9999023623588841;0.9999118869443452;1.0;1.024999976158142;
2016-05-11 12:15:00;0.9999236382530791;1.0;0.9999356513015462;0.9999292644127711;0.9999685934178477;0.9999355376122543;1.0003651732498193;0.9998657917197956;1.0;1.0;0.9999373107019274;1.0;1.0000443746721128;0.999909794777446;0.9998318946367668;0.9998342384854612;0.9998356839231907;0.99996616833455;1.0;0.9999479563385485;0.9999190373262021;0.9999505825423713;0.9998351338991882;1.0003428349861976;1.0003749175864887;0.9999289375261813;0.9999441636000971;0.99994754014029;1.0;0.9996594293456673;0.9996604437592739;0.9997954129296747;0.9999806538754346;0.9997819373149662;1.0;1.0;0.9996520517163182;0.9994813136407483;1.0;0.9999769938858437;0.9999223600530566;0.9999363059973035;1.0;1.024999976158142;
2016-05-11 12:30:00;0.9999323656443073;1.0;0.9999459581597759;0.9999369262613221;0.9999755026580744;0.9999429392369052;1.0003531019681609;0.9998732075474422;1.0;0.9999999999999999;0.9999469871323213;1.0;1.0000432773560675;0.9999159244540898;0.9998356278696338;0.9998380163134938;0.9998396750448941;0.999973547795318;1.0;0.9999555491452685;0.9999291041442718;0.9999604631848572;0.9998391019127025;1.0003313345998128;1.0003625914317478;0.9999376335150385;0.9999545095297674;0.9999526903372193;1.0;0.9996785444585738;0.9996810854956388;0.9998125738229189;0.9999843976885953;0.9998151664479827;1.0;1.0;0.9996695841395974;0.9995013511105929;1.0;0.9999816156328715;0.9999320820550184;0.999946922507008;1.0;1.024999976158142;
2016-05-11 12:45:00;0.9999189584433699;1.0;0.9999278669577729;0.999923035807493;0.9999668174295502;0.9999284879716618;1.0003682902641087;0.9998497441704824;1.0;1.0;0.9999295939940028;0.9999999999999999;1.0000452020487032;0.9998997020968339;0.9998151103037588;0.9998170407423779;0.9998185489149578;0.9999648227629694;1.0;0.9999430941550891;0.9999158757107568;0.9999435026916149;0.9998180125754016;1.0003456927416676;1.0003780928780863;0.9999249499293276;0.9999373823598439;0.9999417544532161;0.9999999999999999;0.9996570524281974;0.9996433041016614;0.9997783767771139;0.9999800648141516;0.9997412821408024;1.0;1.0;0.9996530593343854;0.9994420851065652;1.0;0.9999761253058068;0.999919109106538;0.9999282448670547;1.0;1.024999976158142;
2016-05-11 13:00:00;0.9999035497227071;0.9999999999999999;0.9999198640162591;0.9999104285360411;0.9999619421520318;0.9999185100772856;1.0003613380985392;0.9998273106281654;1.0;1.0;0.9999216550904839;1.0;1.0000432677295428;0.9998845227773637;0.9997817865481851;0.999784632816188;0.9997865891285981;0.9999589347412252;0.9999999999999999;0.9999347954614191;0.9998979218012968;0.9999389862430088;0.9997858639815657;1.0003389231576933;1.0003713514311376;0.9999102908376919;0.999930780003145;0.999933379740997;1.0;0.9996804172852175;0.9996616461214641;0.999790497831772;0.999976551110046;0.9997566258971138;1.0;1.0;0.9996861047695448;0.9994764005100197;0.9999999999999999;0.9999721168531727;0.9999020891243875;0.9999207607541523;1.0;1.024999976158142;
2016-05-11 13:15:00;0.999896894303435;1.0;0.9999223011075309;0.99990690274972;0.9999638526918504;0.9999177782802373;1.0003558604018905;0.9998253792797752;1.0;1.0;0.9999222335799972;0.9999999999999999;1.000040987254138;0.9998843952683013;0.9997738566214617;0.9997751381193049;0.9997772243916379;0.9999593027710505;1.0;0.9999327064878951;0.999885872127425;0.9999405621370533;0.9997763569464039;1.0003335239239028;1.0003662303180625;0.9999012957959588;0.9999303639570247;0.9999329773439408;1.0;0.9996707452082737;0.9996653469500346;0.9997996785358422;0.999979037357413;0.9997885499416986;1.0;1.0;0.9996927000982709;0.9995057021599123;1.0;0.999974638393375;0.9998904054385415;0.9999230994128409;1.0;1.024999976158142;
2016-05-11 13:30:00;0.9999254632778051;1.0;0.9999417645615175;0.9999315609401261;0.999972494972204;0.9999387097965154;1.000347822144649;0.9998664607971337;1.0;1.0;0.9999428008260682;1.0;1.000041988901232;0.9999110757458457;0.9998265939269738;0.9998290841109337;0.9998308026729866;0.99996992735188;1.0;0.9999513414384398;0.9999204107820968;0.9999571416893286;0.9998301708544095;1.0003263363572932;1.0003573256037133;0.9999306230467901;0.9999502647555575;0.9999494707102932;1.0;0.999691073302398;0.999676993703058;0.999806347166086;0.9999826554525512;0.9997946120488315;1.0;1.0;0.9996971409845471;0.9995026912588721;1.0;0.999979507446628;0.999923786289054;0.9999427865198643;1.0;1.024999976158142;
2016-05-11 13:45:00;0.9999226502885444;0.9999999999999999;0.9999378875497277;0.9999272248803595;0.999971069750072;0.9999338429393313;1.0003553361528597;0.9998483969062845;1.0;1.0;0.9999402474059224;0.9999999999999999;1.0000439157919947;0.9998988290229534;0.9998006224322373;0.9998053963104515;0.9998076088652285;0.9999694811245824;1.0;0.9999500876556535;0.9999216967265425;0.9999572887201813;0.9998069158133059;1.0003332792227846;1.000364942962111;0.9999308848563844;0.9999507402270736;0.9999443806928918;1.0;0.9996759633924663;0.9996652777514529;0.9997969853199823;0.9999797801880381;0.9997777730157764;1.0;1.0;0.9996757058569098;0.9994521929037432;1.0;0.9999767508859672;0.9999253369582526;0.9999396777140294;1.0;1.024999976158142;
2016-05-11 14:00:00;0.9998825521238242;1.0;0.9999095576818537;0.9998907520438081;0.9999550616548595;0.9999017947556528;1.0003626223565314;0.9997704342978635;0.9999999999999999;1.0;0.9999145999811221;1.0;1.000044115413455;0.9998453554832935;0.9996907501140799;0.9997010004315161;0.9997047639064601;0.9999528142016857;1.0;0.9999271256091192;0.9998825151596039;0.9999426150976781;0.9997036169499909;1.0003395679033769;1.0003729924359608;0.9998972989030193;0.9999322510880975;0.9999164960076352;1.0;0.9996757837125003;0.9996690680216055;0.999801355484469;0.9999659976493478;0.9997883628649862;1.0;1.0;0.999705250793566;0.9995126965520843;1.0;0.9999616611475177;0.9998886232385183;0.9999134148602364;1.0;1.024999976158142;
2016-05-11 14:15:00;0.99984604582165;1.0;0.9998787239042982;0.9998564369449003;0.9999366170316368;0.9998702318343873;1.0003645222651605;0.9996975084709577;1.0;0.9999999999999999;0.999887677062591;1.0;1.0000443976198847;0.9997940717484138;0.9995926098501656;0.9996090511684504;0.9996141222693004;0.9999344524107483;1.0;0.999904591733062;0.999849418884455;0.9999253550350006;0.9996126373597611;1.000341029718984;1.000375191696335;0.9998682957984227;0.9999123649621157;0.9998893094688964;0.9999999999999999;0.9996994511359153;0.9996887396507735;0.9998152853657944;0.999950227187537;0.9998091479691731;1.0;1.0;0.9996810458435553;0.999448082066046;1.0;0.9999443686626373;0.9998577941485643;0.9998845247451283;1.0;1.024999976158142;
2016-05-11 14:30:00;0.9998572872077977;1.0;0.9998711948794602;0.9998662523431872;0.9999260619023441;0.9998756841466787;1.0003622501917233;0.9997382126869411;1.0;1.0;0.9998827371871363;1.0;1.0000448580913461;0.9998167274216623;0.9996685510457938;0.9996843698910238;0.9996878137090537;0.9999245008635217;1.0;0.9999041487509216;0.9998618573193347;0.9999120559140675;0.9996867989044492;1.0003399778409388;1.0003718563972912;0.9998784216484865;0.9999020815549801;0.9998968511783507;1.0;0.9996899672756888;0.999685854241326;0.9998187879755246;0.9999450089154851;0.9998292265137955;1.0;1.0;0.9997222481493142;0.9995136652680098;0.9999999999999999;0.9999377389278183;0.9998694742129757;0.9998754587178839;1.0;1.024999976158142;
2016-05-11 14:45:00;0.9998728176694784;1.0;0.9998837429876275;0.9998809800934516;0.9999341508512718;0.9998891914262783;1.0003662113665075;0.9997722229451872;1.0;1.0;0.9998929847534839;1.0;1.0000450582256086;0.9998409049215551;0.9997165368683303;0.999728517430469;0.9997312060276818;0.9999322589526635;1.0;0.9999128979979566;0.9998745865825933;0.9999171701318444;0.9997303665703594;1.0003438671806748;1.00037583834024;0.999889556822264;0.9999082728498756;0.9999089552599042;1.0;0.9996774764667298;0.9996603628099933;0.9997888671843234;0.9999529557183413;0.999749675456026;1.0;0.9999999999999999;0.9997363446645812;0.9995543841687415;1.0;0.9999462062325224;0.9998810751935749;0.9998867462419693;1.0;1.024999976158142;
2016-05-11 15:00:00;0.999903356015692;1.0;0.9999168694149422;0.9999115127559077;0.9999491896134711;0.9999191822053685;1.0003504389874274;0.9998305227493094;0.9999999999999999;1.0;0.9999249651855668;1.0;1.000043312660441;0.9998802095088397;0.9997811761269073;0.9997929290382565;0.9997953349943007;0.9999475551818342;0.9999999999999999;0.9999370976783807;0.9999048377984716;0.999945194504717;0.9997945878854219;1.0003292012048404;1.0003594996340717;0.9999176545828492;0.9999376965355118;0.9999328236012242;0.9999999999999999;0.999705954128723;0.9996828801157374;0.9998050799897525;0.9999614153880595;0.99977519993389;1.0;0.9999999999999999;0.9997441911146908;0.9995450737827001;1.0;0.9999565308234536;0.9999103912021019;0.9999202488132248;1.0;1.024999976158142;
2016-05-11 15:15:00;0.9998484437997848;1.0;0.9998796839439578;0.9998623668454855;0.9999242328359577;0.9998765213430062;1.000357916180213;0.9997232683963705;1.0;1.0;0.9998936651800786;1.0;1.0000437577250516;0.9998045678034166;0.9996244534918772;0.9996474279337402;0.999652335222632;0.999922175634759;0.9999999999999999;0.9999079233767146;0.9998538400263961;0.999930982131768;0.9996509009007557;1.000335554657434;1.0003677963645699;0.999874746432602;0.9999182098849979;0.9998947710153764;0.9999999999999999;0.9997037261859253;0.9996897062889281;0.9998171646103632;0.9999374664052938;0.9998131809427612;1.0;1.0;0.9997430025006815;0.9995286372108422;1.0;0.9999308947494202;0.999863398810809;0.9998871250996123;0.9999999999999999;1.024999976158142;
2016-05-11 15:30:00;0.9999245367400155;1.0;0.9999387414504277;0.9999293257925018;0.999970081521655;0.9999357192835463;1.0003339306732455;0.9998548126202116;0.9999999999999999;0.9999999999999999;0.9999415668663307;1.0;1.0000412154365768;0.9999023790003061;0.9998097507134797;0.9998149445799992;0.999817039195582;0.9999685282617274;1.0;0.9999511662085923;0.9999237241740957;0.9999579426752242;0.9998163796276109;1.0003132590587094;1.0003429225825946;0.9999328897160481;0.9999516202859626;0.9999461003125669;1.0;0.9996892247614977;0.9996869216192404;0.9998275068574373;0.9999788545215482;0.9998643883413638;1.0;1.0;0.9997431565228541;0.9995272042868009;0.9999999999999999;0.9999757551634649;0.9999273820712263;0.9999405725868962;1.0;1.024999976158142;
2016-05-11 15:45:00;0.9999254635699505;1.0;0.9999391112391173;0.9999301061209898;0.9999718044191288;0.9999363686350179;1.0003422451220705;0.9998586665581308;0.9999999999999999;1.0;0.9999408579466307;1.0;1.0000419759680899;0.9999057976908547;0.9998173547166125;0.9998207037037166;0.9998225636600642;0.999969946221398;1.0;0.9999507842538307;0.9999230447156037;0.9999559419291039;0.9998219444050176;1.0003210690077673;1.0003515013331772;0.9999320966958498;0.9999496436977044;0.9999471468242767;0.9999999999999999;0.9996964987435479;0.9996614911869267;0.9998078656362991;0.9999814893868022;0.9998293127518763;0.9999999999999999;1.0;0.9997107625588411;0.9994520967730279;1.0;0.9999783665428224;0.9999263841653242;0.9999403266365459;0.9999999999999999;1.024999976158142;
2016-05-11 16:00:00;0.999927315264262;1.0;0.9999419958901542;0.9999333271596687;0.9999724049817771;0.9999400981406747;1.0003284073291274;0.9998728710213085;1.0;1.0;0.9999429007259201;0.9999999999999999;1.0000394428716668;0.9999151771319069;0.9998374554098566;0.9998393223000267;0.99984081433057;0.9999697745046322;1.0;0.9999516952781118;0.9999217741366925;0.9999560297639736;0.9998402376577373;1.0003081620248218;1.0003373838503278;0.9999317622160151;0.9999494230239327;0.9999510428393908;1.0;0.9997232912061642;0.9997152527714;0.9998386837246399;0.9999831817331937;0.9998576092698326;1.0;1.0;0.9997421256789273;0.9995230444833615;1.0;0.9999799397784574;0.9999249730282036;0.9999427054540254;1.0;1.024999976158142;
2016-05-11 16:15:00;0.9999298980155799;1.0;0.999942619974493;0.9999343914513906;0.9999733439667796;0.9999402950438524;1.0003119878086928;0.9998684639326417;0.9999999999999999;1.0;0.9999441637213591;1.0;1.000038116400449;0.9999123084471921;0.9998306384843528;0.9998335518023769;0.9998352405274814;0.9999715009588748;1.0;0.9999535230645713;0.9999272399883825;0.9999580516530219;0.9998346673520226;1.0002926760389688;1.0003204599258027;0.999935851169638;0.9999521061516515;0.9999505519827955;1.0;0.9997397059332095;0.9997355324303032;0.999855306383414;0.9999827350788014;0.9998873336924918;0.9999999999999999;0.9999999999999999;0.999797121595018;0.9996459657588567;1.0;0.9999797488213577;0.9999303535452314;0.9999436665659329;0.9999999999999999;1.024999976158142;
2016-05-11 16:30:00;0.9999222444976714;1.0;0.9999359179672209;0.9999271994425415;0.9999682408888624;0.9999336074744234;1.0003134118799848;0.9998521390236529;1.0;1.0;0.9999390234485398;1.0;1.0000385404385326;0.9999002278532851;0.9998076816942932;0.9998130348884593;0.9998151000868031;0.9999666430912675;1.0;0.9999492128104874;0.9999214007159911;0.9999554943018703;0.9998144451301794;1.0002939858091497;1.0003218976143162;0.9999308227800986;0.9999490951166322;0.99994454190791;1.0;0.999722654771933;0.9997248560089947;0.9998498599167491;0.9999777097505534;0.9998833077920989;1.0;1.0;0.9998629707468119;0.9997950434907403;1.0;0.9999743962106898;0.9999251565573891;0.999937719209296;1.0;1.024999976158142;
2016-05-11 16:45:00;0.9998124763628707;1.0;0.9998513534166231;0.9998314740167613;0.9998975737969916;0.9998493195292535;1.000340511592305;0.9996636897365792;1.0;0.9999999999999999;0.9998733546321962;1.0;1.0000418654974117;0.9997571826610568;0.9995374379499103;0.999572723666527;0.9995791716207932;0.9998958474905926;1.0;0.9998888528824137;0.999823765532635;0.999921961865146;0.9995773554634523;1.0003192730438886;1.000349839378129;0.9998505145376814;0.9999063756021044;0.9998706464324417;1.0;0.9997341747981096;0.9997351751648531;0.9998570358692769;0.9999115861403377;0.9998928853983166;1.0;1.0;0.9999159174543639;0.9998873450929039;1.0;0.9999032547451041;0.9998367286359842;0.9998625520465936;1.0;1.024999976158142;
2016-05-11 17:00:00;0.9998532269017272;1.0;0.9998858817903581;0.9998682639238381;0.999925055068449;0.9998827893634915;1.0003235583628751;0.9997385523219806;0.9999999999999999;1.0;0.9999000321604375;1.0;1.0000390861379844;0.9998139885685828;0.9996419860438343;0.9996654215009937;0.9996702085596099;0.9999227280444649;1.0;0.9999121858142479;0.999857686351976;0.9999364140051036;0.9996687869295362;1.0003033488133029;1.0003325707319062;0.9998790668922376;0.9999236055161662;0.9999000099900826;0.9999999999999999;0.9997313945231988;0.9997250627150917;0.9998454340690099;0.9999374786891504;0.9998614768536176;1.0;1.0;0.9999395293573142;0.9999109563211497;1.0;0.9999310754023136;0.9998672799278102;0.9998935207366881;1.0;1.024999976158142;
2016-05-11 17:15:00;0.999868982931807;1.0;0.9998995131382573;0.9998817984180649;0.9999390168938499;0.9998949752290656;1.0003197780093371;0.9997644885677766;1.0;1.0;0.9999092401619625;0.9999999999999999;1.0000382055152446;0.9998355435338387;0.9996795916992354;0.999696479845019;0.9997005698810322;0.9999363207284899;1.0;0.999920577286208;0.9998697554324137;0.999940505935295;0.9996993056164347;1.0002996489345335;1.0003288854484187;0.9998886406378;0.9999287279396897;0.9999108772802229;1.0;0.9997086742283339;0.9997124013007873;0.9998339165590912;0.9999511364158916;0.9998359922197035;1.0;1.0;0.9999624976967277;0.9999390683184436;1.0;0.9999456381611599;0.9998777000751582;0.9999052288136663;1.0;1.024999976158142;
2016-05-11 17:30:00;0.9999195338586089;1.0;0.9999380467950924;0.9999273243433786;0.9999637511007605;0.9999353839390871;1.0003049575713026;0.9998565542828238;0.9999999999999999;1.0;0.9999430264932471;0.9999999999999999;1.0000370893536599;0.999900665050312;0.9998067842508188;0.9998155693873539;0.9998179159540856;0.9999617841958752;0.9999999999999999;0.9999504257543205;0.9999185260449962;0.9999612977625423;0.9998171611493926;1.000286152566529;1.0003132074101748;0.9999301630671193;0.9999539831158374;0.999945564510555;1.0;0.9997139407426519;0.9997127093507714;0.9998329447664955;0.9999721004166522;0.9998311356000985;1.0;1.0;0.9999622032277411;0.9999407745017548;1.0;0.9999686695405742;0.999923174214185;0.99994105338931;1.0;1.024999976158142;
2016-05-11 17:45:00;0.9999290735412346;1.0;0.9999442261399131;0.9999331790999864;0.999975231288618;0.9999394637647512;1.0002915516013662;0.9998591868783553;1.0;1.0;0.9999458337448471;0.9999999999999999;1.0000357576203052;0.9999067321770508;0.9998136592769203;0.999817510792594;0.9998196051664722;0.9999736948060896;0.9999999999999999;0.9999545736368587;0.9999277941850876;0.999961703438157;0.9998189468385084;1.0002732450157126;1.0002996468922383;0.9999362112137032;0.9999555421110551;0.9999489637363828;0.9999999999999999;0.9997201852026801;0.9997329069673982;0.9998531112449232;0.9999829043725732;0.9998789448414532;0.9999999999999999;1.0;0.9999575128839958;0.9999380529186392;1.0;0.9999802801362829;0.9999310616281805;0.9999458037468724;1.0;1.024999976158142;
2016-05-11 18:00:00;0.9998780675911545;1.0;0.9998961234473221;0.9998798588924872;0.9999610803899701;0.9998878845287859;1.0003094804646226;0.9997336182110886;1.0;1.0;0.999897971416419;1.0;1.000038324409463;0.9998262470275541;0.9996552655463654;0.9996597777512424;0.9996634690568168;0.9999599559910491;1.0;0.9999182459988638;0.9998803567136142;0.9999255879772273;0.9996624198010788;1.0002890524142052;1.000318803376448;0.9998908739110348;0.9999165833972448;0.9999052482092259;1.0;0.9997110420035128;0.9997052760581765;0.9998367821303236;0.9999745435612915;0.9998614194021926;1.0;1.0;0.999956354374059;0.9999357196929277;1.0;0.999970220390877;0.9998850907756963;0.9998979921273271;1.0;1.024999976158142;
2016-05-11 18:15:00;0.9999013787258378;1.0;0.99991387095358;0.9999037360856625;0.9999664849871737;0.9999100721681781;1.0003026071705778;0.99979635331041;0.9999999999999999;1.0;0.9999147609948388;1.0;1.000037037034757;0.99986696371079;0.9997429710374107;0.9997447104934922;0.9997471324843724;0.9999648688762446;1.0;0.9999318086179226;0.9999002471576367;0.9999343325213612;0.9997463824519102;1.0002832154673256;1.0003113363753624;0.9999094627985834;0.999927041937827;0.9999253179678976;0.9999999999999999;0.9997217035761313;0.9997402032768499;0.9998418016070677;0.9999800561961576;0.9998164690360122;1.0;1.0;0.9999553400687463;0.9999347054085457;1.0;0.9999760502062581;0.9999038698490529;0.9999145128854102;1.0;1.024999976158142;
2016-05-11 18:30:00;0.9998788663184431;1.0;0.9998812075793834;0.9998817559400103;0.9999465627951528;0.9998870224212023;1.0003051490971746;0.9997698910397;1.0;1.0;0.999884616906748;0.9999999999999999;1.0000371080345876;0.9998459612574009;0.999729466316414;0.9997313710855071;0.9997331578180784;0.9999446326168322;0.9999999999999999;0.9999098982045926;0.9998773523393334;0.9999033388975648;0.9997325527757892;1.0002860658717674;1.0003136162300206;0.9998883020156554;0.9998959344010443;0.999908862207252;0.9999999999999999;0.9997367603488249;0.9997548160275599;0.9998518562744708;0.9999689955394604;0.9998310989873;1.0;0.9999999999999999;0.9999691727138118;0.999950506454129;1.0;0.9999624954472008;0.999881625671483;0.9998808189928119;1.0;1.024999976158142;
2016-05-11 18:45:00;0.9999101981257779;1.0;0.9999160464284313;0.9999133933004924;0.9999616710475895;0.9999183363554404;1.0002978318348896;0.9998297176839099;1.0;1.0;0.9999184932320613;1.0;1.0000364379886726;0.9998860895783397;0.9997941763605044;0.9997964151923138;0.9997979969946417;0.999959986038875;1.0;0.9999353473049951;0.9999085263711897;0.9999335587497729;0.9997974630084928;1.00027935627997;1.0003059352517936;0.9999175057959719;0.9999274565729178;0.9999336083807022;1.0;0.9997294370916465;0.999755038978581;0.9998493296848749;0.9999769600110618;0.9998202361712852;1.0;1.0;0.9999759382715144;0.9999660049720349;1.0;0.9999724120378469;0.9999119614378923;0.9999162857500254;1.0;1.024999976158142;
2016-05-11 19:00:00;0.9998329742331638;0.9999999999999999;0.9998659887337499;0.9998361115599048;0.9999554254654321;0.9998489194728051;1.0003084426590376;0.9996308202066176;1.0;1.0;0.9998659110017858;1.0;1.0000369175374793;0.9997620990504285;0.9995138627806787;0.9995179453436587;0.9995233640679829;0.9999532010754572;1.0;0.9998908150852243;0.9998332499536684;0.9999052061848366;0.9995217835970996;1.0002868195952666;1.0003189822223832;0.9998484264023126;0.9998916989960162;0.9998715293286099;1.0;0.9997215399703293;0.9997526399025182;0.9998542737635239;0.9999718489846185;0.9998459025746391;1.0;1.0;0.9999782763934943;0.9999675491191374;1.0;0.9999667532799932;0.9998395735468506;0.999868471858321;1.0;1.024999976158142;
2016-05-11 19:15:00;0.9997818899972506;1.0;0.9998416420571822;0.9997881662197065;0.999944475701268;0.9998084157157432;1.0003198171120224;0.9994970580396492;0.9999999999999999;1.0;0.9998457328120481;1.0;1.0000388577379271;0.9996731821141688;0.9993040192654443;0.9993203183153633;0.9993296046192821;0.9999429392659961;1.0;0.9998698784765593;0.9997902095511123;0.9999080402860434;0.9993270556103143;1.000295976068665;1.000331779246207;0.9998115035659149;0.999888831648254;0.9998318745126;0.9999999999999999;0.9997258862841926;0.9997522122999423;0.9998498442898314;0.9999546322858818;0.999828013296375;1.0;1.0;0.9999833916686177;0.9999734582950995;1.0;0.9999497549264723;0.9998004178969208;0.9998495519762798;1.0;1.024999976158142;
2016-05-11 19:30:00;0.9997507875775137;1.0;0.9998204998191009;0.9997552714253947;0.9999479571775791;0.9997781674893506;1.0003187823324189;0.9994101904393167;0.9999999999999999;1.0;0.999820709849678;1.0;1.000038096037124;0.9996220617758614;0.9991865043299903;0.9991992477105236;0.9992098831899616;0.9999459688276404;1.0;0.999849898883221;0.9997578786163065;0.999891517704578;0.9992069478374537;1.0002937101027491;1.000331871983016;0.9997805629609665;0.9998694205163517;0.9998054325886292;1.0;0.9997312576422042;0.9997699246431379;0.9998628229875681;0.9999598044915162;0.9998503049249295;1.0;1.0;0.9999825863640056;0.9999734469557037;1.0;0.9999549005628711;0.9997684570695412;0.9998280352208689;1.0;1.024999976158142;
2016-05-11 19:45:00;0.9997698476540229;1.0;0.999832676526119;0.9997755849838176;0.9999528836315748;0.9997969469303617;1.0003069632375687;0.999476292418629;1.0;1.0;0.999829673519573;1.0;1.0000350002094704;0.9996663634810705;0.9992876270479815;0.9992932281018924;0.9993019461893123;0.999949226806347;1.0;0.9998574822383638;0.9997684216476435;0.9998894624398752;0.9992993979904983;1.0002832526317103;1.0003195308895836;0.9997907839195054;0.9998686094385828;0.9998244643016833;1.0;0.9997591002373291;0.9997864730490121;0.9998677979072582;0.9999690561300081;0.9998392006372391;1.0;0.9999999999999999;0.9999840576003155;0.9999761249597132;1.0;0.9999638401009511;0.9997774342624918;0.9998373870698389;1.0;1.024999976158142;
2016-05-11 20:00:00;0.999848730571255;0.9999999999999999;0.9998895124044846;0.9998537934420281;0.9999659694178096;0.9998680373937416;1.0002912194725073;0.9996654523105399;1.0;1.0;0.9998879747084395;1.0;1.0000340742822496;0.9997859480855441;0.9995464483715155;0.9995503053578031;0.9995557656633512;0.9999631183859746;1.0;0.9999059143171339;0.9998463392417101;0.9999259994937367;0.999554130338197;1.0002705649491028;1.0003015066646854;0.9998619863079674;0.9999121559343552;0.9998865090387755;1.0;0.9997794243687241;0.9997952037374869;0.9998655879582616;0.9999778322845567;0.999812365817607;1.0;1.0;0.9999847484068559;0.999976402937915;1.0;0.9999740378035424;0.9998524104363379;0.9998925140053184;0.9999999999999999;1.024999976158142;
2016-05-11 20:15:00;0.9998111781281181;0.9999999999999999;0.9998670562288333;0.999818032443514;0.9999614204512738;0.999836925527516;1.0002943437241167;0.9995793211971641;0.9999999999999999;1.0;0.9998643915050702;1.0;1.0000334355066156;0.9997317500575534;0.9994233989188561;0.999428285703705;0.9994354363937012;0.9999576779371775;1.0;0.9998848282223469;0.9998076063939603;0.9999134382587213;0.9994332942206463;1.0002724077164211;1.0003057767265962;0.9998276189483931;0.9998955092939216;0.9998589731184764;1.0;0.999780622921755;0.9997986298643842;0.999867294849981;0.9999743992033056;0.9998127601758141;1.0;0.9999999999999999;0.9999844115787683;0.9999756849754097;0.9999999999999999;0.9999701641813481;0.9998152902620613;0.999871183196596;1.0;1.024999976158142;
2016-05-11 20:30:00;0.9998456117814616;1.0;0.9998907941243016;0.9998578632901096;0.9999539215796471;0.9998747827882676;1.0002915791276432;0.9997033208182288;1.0;1.0;0.9998915878428141;0.9999999999999999;1.0000321239935115;0.9998054442563665;0.9995966518628505;0.9996030213015612;0.9996077710873429;0.9999489701205003;1.0;0.9999052337465552;0.9998368314079421;0.9999268943655776;0.9996061753197727;1.000271636185402;1.000301656160092;0.9998578757779016;0.9999114809715809;0.9998940751066819;1.0;0.9997663245025673;0.9997926139067385;0.9998684095288765;0.9999689300658501;0.9998291185116389;0.9999999999999999;1.0;0.9999847783134027;0.9999760517068438;1.0;0.9999639428933322;0.9998440623508731;0.9998942479074343;1.0;1.024999976158142;
2016-05-11 20:45:00;0.99980091015647;1.0;0.9998572892254822;0.9998141289744951;0.9999382961228592;0.9998348172583476;1.0002986481115757;0.9995947790995213;1.0;0.9999999999999999;0.9998618690694411;1.0;1.0000336480388063;0.9997323881322642;0.999442828475137;0.9994570158786467;0.9994641038380595;0.9999340800623638;1.0;0.999880152080865;0.9997986348827916;0.9999123692369043;0.9994619449559817;1.000277395971838;1.0003094955324066;0.9998235508367144;0.9998935010164746;0.9998579704450546;1.0;0.9997840252094281;0.9998225789034617;0.9998804513343099;0.9999532049861932;0.9998236631368624;1.0;1.0;0.9999842900424472;0.9999759445773313;1.0;0.999947266036212;0.9998085592172739;0.9998637160948936;1.0;1.024999976158142;
2016-05-11 21:00:00;0.9998542298067908;0.9999999999999999;0.9998916069586501;0.9998628695379451;0.9999559490047039;0.9998770762253123;1.000284049536268;0.9997049724012702;0.9999999999999999;1.0;0.9998931998802992;0.9999999999999999;1.000032675623421;0.9998067313985346;0.9996025898950236;0.9996093889876954;0.9996140668018416;0.9999525035977835;0.9999999999999999;0.9999090011422326;0.9998503190903133;0.9999274806553033;0.999612595516373;1.0002646489440485;1.00029358985005;0.9998679134683834;0.9999140269268002;0.999895541453934;1.0;0.9997865060943932;0.9998349439249684;0.9998856122109635;0.9999696535372209;0.9998223841620447;0.9999999999999999;1.0;0.9999852477157714;0.9999769022426631;1.0;0.999964976500773;0.9998569413188384;0.9998949576039173;1.0;1.024999976158142;
2016-05-11 21:15:00;0.9998447967049003;1.0;0.999876344879377;0.9998589267770875;0.999925978998713;0.9998733993468883;1.0002982986844529;0.999721526465379;1.0;1.0;0.9998880577544925;1.0;1.000035199167799;0.9998052705814435;0.9996275123869013;0.9996467020912669;0.9996512444630212;0.9999230484425966;1.0;0.9999035321536919;0.9998462803335475;0.9999237121850906;0.9996498448578929;1.0002793398004233;1.000307021368756;0.9998677727299657;0.9999104374211661;0.999893275360704;1.0;0.9997770748355929;0.9998259982363156;0.9998777742992815;0.9999418845534381;0.9998056522278765;1.0;1.0;0.9999853830460596;0.9999770375718221;1.0;0.9999350411733869;0.9998554206628887;0.9998825469860915;0.9999999999999999;1.024999976158142;
2016-05-11 21:30:00;0.9996038438459408;1.0;0.9996980203362424;0.9996238002453165;0.9998602428741076;0.9996596427653511;1.0003454727685466;0.9991618989712276;1.0;1.0;0.9997182986049001;1.0;1.0000405683472462;0.9994379848071894;0.9988523164466241;0.9988944761439422;0.9989096144498016;0.9998573324167191;1.0;0.9997603135448415;0.9996212434906956;0.9998252769478005;0.9989054307573715;1.0003184907627638;1.000359643513873;0.9996647198194675;0.9997919551247021;0.9997049885111019;1.0;0.9997821868158886;0.9998320818225815;0.9998848974494213;0.9998847932483786;0.9998249667007096;1.0;1.0;0.9999852238593472;0.9999776723471017;0.9999999999999999;0.9998726559715867;0.9996421448891977;0.9997141570459827;0.9999999999999999;1.024999976158142;
2016-05-11 21:45:00;0.9998431974903433;1.0;0.9998739158098847;0.9998582331458062;0.9999240701584979;0.9998728542273632;1.000288304862404;0.9997274453307606;0.9999999999999999;1.0;0.9998850630838902;1.0;1.000033286422172;0.9998090686838225;0.9996395690034465;0.9996573146360908;0.9996614886337469;0.9999204930766896;1.0;0.9999010934115584;0.9998421325504969;0.9999190147704202;0.9996601405507194;1.0002700560661788;1.0002968106566221;0.9998644626757697;0.9999055018483467;0.9998937925062572;1.0;0.9997853882087746;0.999844205514968;0.9999008878587594;0.9999421503134668;0.9998708170190791;1.0;0.9999999999999999;0.9999830856705957;0.9999739462577302;0.9999999999999999;0.9999348808826797;0.9998511916450119;0.9998795076207869;1.0;1.024999976158142;
2016-05-11 22:00:00;0.9997974148188612;1.0;0.9998350405534456;0.9998135999630372;0.9999067081590698;0.9998313159374326;1.00029771066833;0.9996290247060186;1.0;1.0;0.9998488035972067;1.0;1.0000344391269687;0.9997429171774223;0.9995098549314665;0.999532002997887;0.9995377366423115;0.9999031665054113;0.9999999999999999;0.9998714929434875;0.9997993890779517;0.9998942807222014;0.9995359810433246;1.0002782342983243;1.0003069891231018;0.9998257918423293;0.9998775623191571;0.9998582725639401;0.9999999999999999;0.9998068419212384;0.9998551012289062;0.9999054155134198;0.99992862275856;0.9998690515488742;1.0;0.9999999999999999;0.999984924680268;0.9999765792098556;1.0;0.9999197313142524;0.9998106443828135;0.9998420968941353;1.0;1.024999976158142;
2016-05-11 22:15:00;0.9998159032138407;1.0;0.9998456201922814;0.9998295044981003;0.9999121068510841;0.99984444604375;1.0002966470342403;0.999660197600817;1.0;0.9999999999999999;0.9998592001349618;1.0;1.0000352399560033;0.9997637251492161;0.9995550605122089;0.9995760040994388;0.9995811264302049;0.9999094613124613;1.0;0.9998817143014345;0.9998198516712359;0.9999002015122839;0.9995795943451105;1.0002775476254193;1.000305475103082;0.9998429070111471;0.9998857369272419;0.9998694715820872;0.9999999999999999;0.9997993607759587;0.9998500014563549;0.9999011424793568;0.9999326761882993;0.9998604618542297;0.9999999999999999;1.0;0.9999843139498594;0.999975174525768;1.0;0.9999243112205625;0.9998300524568667;0.9998520361764089;1.0;1.024999976158142;
2016-05-11 22:30:00;0.9998478915176721;1.0;0.9998751760655181;0.9998606189146506;0.9999299886026285;0.9998739234577108;1.0002848795194068;0.99972931280532;1.0;0.9999999999999999;0.9998841933234027;0.9999999999999999;1.0000330020539625;0.9998128365282981;0.999647093861228;0.9996612368397917;0.9996650941552304;0.9999265846638515;1.0;0.9999018417700714;0.9998461838360672;0.9999160107956235;0.9996638414642242;1.0002667113590258;1.0002933726408865;0.9998665699704478;0.9999032893661158;0.9998951263687106;1.0;0.9997988222099433;0.9998511049610082;0.9999029729446886;0.9999487113117435;0.9998661141003424;1.0;0.9999999999999999;0.9999843746857576;0.9999760292199354;1.0;0.9999417137983574;0.9998543307250229;0.9998795756848328;1.0;1.024999976158142;
2016-05-11 22:45:00;0.999866239968756;1.0;0.9998768917800598;0.9998734517601081;0.9999356948369431;0.9998816663320944;1.0002870090004634;0.999756241521935;1.0;1.0;0.9998842981071309;1.0;1.000034523364474;0.9998324681267751;0.9997003238890052;0.9997092930083555;0.9997119141367357;0.9999334919624828;1.0;0.9999065991276137;0.9998663060814127;0.9999085255916469;0.9997110706199506;1.0002690875009028;1.000295022583764;0.9998811734192347;0.9998992697178557;0.9999032463615259;1.0;0.9997933201870568;0.999844700999188;0.999897822706866;0.9999565825979019;0.9998563926966624;1.0;1.0;0.9999835030901381;0.9999743636734578;0.9999999999999999;0.9999496289039201;0.9998724660538845;0.9998789257457178;1.0;1.024999976158142;
2016-05-11 23:00:00;0.9998646538224407;1.0;0.9998858267533224;0.9998715568808663;0.9999461733482924;0.9998817996956835;1.0002733362534906;0.9997354704317213;0.9999999999999999;1.0;0.9998909102105478;0.9999999999999999;1.0000325877868483;0.999822444147135;0.9996587110164256;0.9996671707195298;0.9996707614437955;0.9999438892510646;1.0;0.999910270535277;0.999864547403883;0.9999195697609848;0.9996696573382122;1.0002554931363226;1.0002816439400326;0.9998796214589022;0.999908981449415;0.9999012555911426;0.9999999999999999;0.9998184581043237;0.9998631949251884;0.9999091206154761;0.9999627820421503;0.9998689587756587;1.0;1.0;0.999984455227893;0.9999757286241535;0.9999999999999999;0.9999570864557901;0.999870764846628;0.9998885998125061;1.0;1.024999976158142;
2016-05-11 23:15:00;0.9998790063674672;1.0;0.9998997495059305;0.9998851734301455;0.9999528649324207;0.9998946646972042;1.0002670150178032;0.9997596444385303;1.0;1.0;0.9999044566904655;1.0;1.000032182341497;0.999838854077581;0.9996861722299049;0.9996945843261142;0.9996980511212639;0.9999509761258385;1.0;0.9999210548762584;0.9998797155952908;0.9999313010700103;0.9996970073019218;1.0002496267676049;1.0002750325888223;0.9998932095543478;0.9999216630271687;0.9999114059889629;1.0;0.9998261141084979;0.9998735084724671;0.9999182639560082;0.9999664852515052;0.9998889426078269;1.0;1.0;0.9999849007735279;0.9999773492637225;1.0;0.9999616297554151;0.9998854178152933;0.9999026611243412;1.0;1.024999976158142;
2016-05-11 23:30:00;0.9999020438151466;0.9999999999999999;0.9999199076503695;0.999908845224596;0.9999567945579078;0.9999171062754373;1.0002603709701088;0.9998133992868112;1.0;1.0;0.9999258807284489;1.0;1.0000317586893896;0.9998721158437658;0.9997532810361434;0.9997633128192118;0.9997662056685953;0.9999552581037078;1.0;0.9999376867109206;0.9999035121102923;0.9999482681880472;0.9997653374298439;1.000243934320524;1.0002677037760632;0.9999156352176419;0.9999402737565019;0.9999300607863341;1.0;0.9998259092724714;0.9998774837787181;0.9999249426012722;0.9999671555759754;0.9999102669899902;1.0;1.0;0.99998469366999;0.9999759670641697;0.9999999999999999;0.9999630070088023;0.999908774456771;0.9999232144817208;1.0;1.024999976158142;
2016-05-11 23:45:00;0.9998595577716689;0.9999999999999999;0.9998936107850551;0.9998685490034673;0.9999557300662194;0.9998820470411586;1.0002600892773175;0.9997250199621069;1.0;1.0;0.9998947264901998;1.0;1.0000292348528106;0.9998196271798784;0.9996345367766982;0.9996396122465363;0.9996436643442449;0.9999518819791927;1.0;0.9999105809938368;0.9998535182304432;0.9999255322305258;0.9996423293248983;1.0002423796680755;1.0002689076503553;0.9998709867990351;0.9999126078892216;0.9999008273808926;1.0;0.9998271126311024;0.9998798929446547;0.999928634537949;0.9999711109160051;0.9999218101190362;1.0;0.9999999999999999;0.9999845046278106;0.9999769531209968;1.0;0.9999661819279134;0.9998597378824932;0.9998961451989038;0.9999999999999999;1.024999976158142;
2016-05-12 00:00:00;0.9999232393754349;0.9999999999999999;0.9999339360761067;0.999929746372698;0.9999626201364592;0.999935913084018;1.0002542763863442;0.9998695988901997;0.9999999999999999;1.0;0.9999381501998521;1.0;1.0000305419832396;0.9999094752370368;0.9998359674756845;0.9998417216236256;0.9998432455699692;0.9999605749212288;1.0;0.9999483913943962;0.9999208871187342;0.9999521150719076;0.9998427015356233;1.0002387509391795;1.0002611022520322;0.999931261854853;0.9999459221955899;0.9999476633708596;1.0;0.9998266880650911;0.9998806251057805;0.9999294215337734;0.9999742667464051;0.9999238443105549;1.0;1.0;0.9999835269474451;0.9999735935725832;1.0;0.9999702951695624;0.9999247815154202;0.999935478049213;1.0;1.024999976158142;
2016-05-12 00:15:00;0.9999130471814431;1.0;0.999930438312891;0.9999242390436537;0.9999569861034777;0.9999332117429904;1.0002518523222381;0.9998743247391119;1.0;0.9999999999999999;0.9999342955100053;1.0;1.0000283403547694;0.9999112897889474;0.9998417762005741;0.9998470529052624;0.9998483615047116;0.9999530350740072;1.0;0.9999426470815371;0.9999044654053315;0.9999480935935675;0.9998477404694226;1.0002365725123095;1.0002588870850524;0.9999191602056928;0.9999398314715162;0.9999466264538753;0.9999999999999999;0.9998335957789424;0.9998862033903043;0.9999340062030722;0.9999716081961946;0.9999329094470771;1.0;1.0;0.9999857005987818;0.9999777679451459;1.0;0.9999668659156151;0.9999091024978249;0.9999318558261683;1.0;1.024999976158142;
2016-05-12 00:30:00;0.9999174881652102;0.9999999999999999;0.9999374715506922;0.999926168205272;0.99996464341323;0.9999348507557484;1.0002499873876658;0.9998594054435852;1.0;1.0;0.9999410752165445;1.0;1.0000292448668295;0.9999034086582576;0.9998126511504989;0.9998192765733918;0.9998213787059848;0.999961895062532;1.0;0.9999483973485873;0.9999132927984281;0.9999582249444023;0.9998206333779617;1.0002343895622137;1.0002571106466147;0.9999258494623412;0.9999503576330946;0.999945852557166;1.0;0.9998420645287356;0.9998897772825264;0.9999359406446608;0.9999745688824154;0.9999343839874351;0.9999999999999999;1.0;0.9999837639560343;0.9999746245369695;1.0;0.9999709685659025;0.9999177831838997;0.9999398082001375;0.9999999999999999;1.024999976158142;
2016-05-12 00:45:00;0.9999349767997486;1.0;0.9999475853638663;0.9999418249624848;0.9999677477012657;0.9999480241775421;1.0002457056909428;0.9998920615228002;0.9999999999999999;1.0;0.999951935054733;1.0;1.0000296477660555;0.9999240602662446;0.9998587638509958;0.9998655043396053;0.999867045771358;0.9999658971195002;1.0;0.9999585385083968;0.9999331413598795;0.9999650580357645;0.9998665107828977;1.0002307676143072;1.0002522255054784;0.9999429016485101;0.9999593183156001;0.9999570327475342;1.0;0.999851637871998;0.9998954578040317;0.9999389751341037;0.9999761703850625;0.9999364789996943;1.0;1.0;0.9999855975809495;0.999978046065882;1.0;0.9999729751457708;0.9999368704274207;0.999949654198601;1.0;1.024999976158142;
2016-05-12 01:00:00;0.9999393113430414;0.9999999999999999;0.9999508465910698;0.9999456879568225;0.9999697541799216;0.9999514263664151;1.0002359476094778;0.9998994854376659;1.0;0.9999999999999999;0.999954866470407;0.9999999999999999;1.0000285023191247;0.9999292963098205;0.9998688848718048;0.9998750651892812;0.9998764776643284;0.9999680062724339;1.0;0.9999611505197654;0.9999374986963493;0.9999669731000239;0.999875983775649;1.0002216230160978;1.0002421864017197;0.9999466051285294;0.9999616333109319;0.9999599046883997;1.0;0.999885341055768;0.9999131792828791;0.9999474109968187;0.9999777716947094;0.9999386485639681;0.9999999999999999;1.0;0.9999841376767701;0.9999749982542898;1.0;0.9999747597048108;0.9999409622699926;0.9999527285137262;1.0;1.024999976158142;
2016-05-12 01:15:00;0.999934052419359;1.0;0.999945593794559;0.9999403796725056;0.9999665519242269;0.9999462613002761;1.0002353123797485;0.9998868367311801;1.0;1.0;0.9999504818886743;1.0;1.0000286356607628;0.99992034602736;0.9998520967987281;0.9998595840117747;0.9998612331842003;0.9999650245989231;1.0;0.9999577972902826;0.9999335705331366;0.9999642298294665;0.999860692534741;1.0002209834753613;1.0002415301192655;0.9999429713705563;0.9999586740680478;0.9999553452566913;1.0;0.999886749143286;0.9999156183923126;0.9999503262819465;0.9999748102170019;0.9999466666077466;0.9999999999999999;1.0;0.9999851506026486;0.9999772179533758;1.0;0.9999715673411161;0.9999373786745369;0.9999478652566735;1.0;1.024999976158142;
2016-05-12 01:30:00;0.9999540234231215;1.0;0.9999631052147306;0.9999573091518197;0.9999812331545461;0.9999613758629324;1.0002311976637006;0.9999132582765006;1.0;1.0;0.9999650037184716;1.0;1.0000285929861081;0.9999413498636269;0.9998857898847355;0.9998892663767319;0.9998905424205274;0.9999802098485496;1.0;0.9999705207814356;0.999953372201438;0.999975009398905;0.9998901352001387;1.0002169895118025;1.0002373258664807;0.999959217793439;0.9999710649389292;0.9999676170161144;1.0;0.9998838294053607;0.9999143453262744;0.9999491275896878;0.9999865359488682;0.9999439091418759;1.0;1.0;0.9999850714925693;0.9999767260209319;1.0;0.9999846202960431;0.9999556798997203;0.9999643268596395;1.0;1.024999976158142;
2016-05-12 01:45:00;0.999963494296674;1.0;0.9999714183042062;0.9999670345963505;0.9999843056778783;0.9999706325771459;1.0002199564536853;0.9999372205888575;1.0;1.0;0.9999728548989584;0.9999999999999999;1.0000270053689744;0.999957075998235;0.9999177033897608;0.9999202383906717;0.9999211079895829;0.9999831107819482;1.0;0.9999766288706277;0.9999616103972312;0.9999801163773758;0.9999207955898383;1.0002066082423025;1.000225687730963;0.9999669549574922;0.9999767520534879;0.9999757252975318;1.0;0.9999183095447024;0.9999338381561634;0.9999586822169002;0.9999890827950492;0.999947459529244;1.0;1.0;0.9999848106256498;0.9999764651561894;1.0;0.9999874317824132;0.9999635035740189;0.9999722854107136;1.0;1.024999976158142;
2016-05-12 02:00:00;0.9999567096022882;1.0;0.9999674555411338;0.999961955847424;0.9999816254434697;0.9999667575484023;1.0002146313682636;0.9999323796095386;1.0;1.0;0.999968580621336;1.0;1.00002553781786;0.9999536745099551;0.999911818182063;0.9999139141738925;0.9999147615607565;0.9999796493309228;1.0;0.9999722824121746;0.9999522980740188;0.9999762665255822;0.9999144002288781;1.0002015713004673;1.0002204022079004;0.9999594734503144;0.9999719156460206;0.9999729928648902;1.0;0.9999423517446204;0.9999448176147813;0.9999640527564059;0.9999880188249516;0.9999495134491706;1.0;1.0;0.9999827515500447;0.9999732310051741;0.9999999999999999;0.999985971664713;0.9999545284834874;0.999968200735109;1.0;1.024999976158142;
2016-05-12 02:15:00;0.9999578908778393;1.0;0.9999697461849526;0.9999615508553297;0.9999858887230404;0.9999661371588022;1.0002178685004122;0.9999212754458111;1.0;1.0;0.9999703983895554;0.9999999999999999;1.0000265147770584;0.9999477976146091;0.999893253397213;0.9998954892061357;0.9998967406657528;0.9999845115064232;1.0;0.9999741073545514;0.9999555675570556;0.9999798358180286;0.9998963150959441;1.0002043473583915;1.0002238289424799;0.9999615232264136;0.9999756582270233;0.9999714485654034;1.0;0.9999321302075304;0.9999298777429149;0.9999560837532395;0.9999902196983531;0.999943537594516;1.0;1.0;0.9999835329475539;0.9999740123952439;0.9999999999999999;0.9999887306712992;0.9999576394791537;0.9999707877688278;0.9999999999999999;1.024999976158142;
2016-05-12 02:30:00;0.9999578409638115;1.0;0.9999689021490358;0.999962140603627;0.9999840242835563;0.9999667344358399;1.000218026935385;0.9999271646584504;1.0;1.0;0.9999697818096264;1.0;1.0000263115790196;0.9999510083451743;0.999902991010541;0.9999051441525825;0.9999061924569248;0.9999824049882426;1.0;0.9999735161677742;0.9999546505880583;0.9999782950127035;0.9999058033226386;1.0002046304219565;1.0002239249120273;0.9999610560561728;0.9999741080932225;0.9999724271829041;0.9999999999999999;0.9999336097433975;0.9999332171276684;0.9999585485095054;0.999989275594622;0.9999479289059386;0.9999999999999999;1.0;0.999983532947554;0.999974012395244;1.0;0.9999875400436681;0.9999567631187062;0.9999697919873837;0.9999999999999999;1.024999976158142;
2016-05-12 02:45:00;0.9999615345487004;1.0;0.9999699941270349;0.9999653622610087;0.9999841473591558;0.9999692177348003;1.0002162014409042;0.9999353878533684;1.0;1.0;0.9999709859926682;1.0;1.0000262509863194;0.9999561823349332;0.9999162661967564;0.9999180886438642;0.999918905101374;0.9999826844568822;1.0;0.9999750176906127;0.9999586025743389;0.999978109928109;0.9999185878822515;1.0002030434274223;1.0002219191594006;0.9999643483968694;0.9999744867365434;0.9999748005147576;1.0;0.999939017989944;0.9999384965296425;0.9999624826324083;0.9999896496115279;0.9999549605293627;1.0;0.9999999999999999;0.9999848460366273;0.9999769133897705;1.0;0.999987885436064;0.9999604887801874;0.9999706359340254;1.0;1.024999976158142;
2016-05-12 03:00:00;0.9999636649497445;1.0;0.9999715733355966;0.9999665915898127;0.9999857450088858;0.9999700350597343;1.0002140049900468;0.9999333938192897;1.0;1.0;0.9999726726916216;1.0;1.0000263811225443;0.9999551909831017;0.9999123003827055;0.999914498146065;0.999915448716888;0.9999847017852305;0.9999999999999999;0.9999767303208084;0.9999622065591155;0.9999802507226236;0.9999151256643716;1.0002009204199718;1.0002196399896204;0.999967113867713;0.999976966022944;0.9999750225707545;1.0;0.9999461296393058;0.9999461569647049;0.999963883267333;0.9999901787151834;0.9999461405412887;1.0;1.0;0.9999833677612602;0.9999742283458165;1.0;0.9999886657846985;0.999963990448053;0.9999723907966149;1.0;1.024999976158142;
2016-05-12 03:15:00;0.9999501077422408;1.0;0.9999629218623683;0.9999547565510388;0.99998190210258;0.9999600336040776;1.000213991014089;0.9999112975778666;1.0;1.0;0.9999637415166187;1.0;1.000025577632094;0.9999407759430271;0.9998821377844587;0.9998843800698439;0.9998856496277254;0.9999800868633401;1.0;0.9999684810367948;0.999946576400578;0.9999739161655767;0.9998851885912907;1.000200687212607;1.0002199498752116;0.9999538535135147;0.9999690450723638;0.9999667973862068;1.0;0.9999510802271354;0.9999492916630881;0.9999666410193622;0.9999880357875635;0.999952129906561;1.0;1.0;0.9999852067724049;0.9999768612996383;1.0;0.9999860427837979;0.9999489963732853;0.9999638921083783;1.0;1.024999976158142;
2016-05-12 03:30:00;0.9999595269264143;1.0;0.9999697565833111;0.9999631260214191;0.9999855958460848;0.9999673375534953;1.0002135533461363;0.9999271984397333;1.0;1.0;0.9999703086640116;0.9999999999999999;1.0000259038249135;0.9999515676249839;0.99990348846192;0.9999051421888071;0.999906173810191;0.999984148130597;1.0;0.9999743157807385;0.9999567144582036;0.999978555779551;0.999905801091469;1.0002003860757736;1.0002193425869506;0.9999624931499671;0.9999746340644334;0.9999728585889229;0.9999999999999999;0.9999495474909532;0.9999485046003679;0.9999659561436389;0.9999905966683619;0.9999506541124763;1.0;1.0;0.9999838500323099;0.9999739166542386;1.0;0.999988993574802;0.9999586310054682;0.9999704957477649;1.0;1.024999976158142;
2016-05-12 03:45:00;0.9999580841873001;0.9999999999999999;0.999967974257541;0.9999617316399839;0.9999824601802306;0.9999658845121948;1.0002155862785491;0.9999222852783285;1.0;0.9999999999999999;0.9999701120483923;1.0;1.0000266297924119;0.9999469544488001;0.9998951211357949;0.999899195436061;0.9999004702599336;0.9999814691098812;1.0;0.9999741647819583;0.9999575628376682;0.9999797997110466;0.999900065619707;1.0002023603056691;1.0002212888836923;0.9999633699162128;0.9999759804676294;0.9999711411871491;1.0;0.9999428869710552;0.9999437103265157;0.9999620556335734;0.9999866523083947;0.9999428740212405;1.0;1.0;0.9999848330502826;0.999976487580635;1.0;0.9999849717983398;0.9999598777931202;0.999969444694747;1.0;1.024999976158142;
2016-05-12 04:00:00;0.9999663562210784;1.0;0.9999732140742114;0.9999685676590686;0.999986519903191;0.9999715240191411;1.0002139779102306;0.9999343443228151;1.0;1.0;0.9999747300097577;1.0;1.0000268064239919;0.9999556929360915;0.9999126384490428;0.9999155106730835;0.9999165370090498;0.9999859042403189;1.0;0.9999787251032096;0.9999664322961436;0.9999824851309289;0.9999162240146846;1.0002009069470548;1.0002195235464864;0.9999705711193236;0.9999796254285839;0.9999759059534523;1.0;0.9999394056332027;0.9999450128742648;0.9999642416358625;0.9999899871747822;0.9999499759657319;0.9999999999999999;1.0;0.9999828006817321;0.9999728673140845;0.9999999999999999;0.9999886595280668;0.9999681583389535;0.9999742466326386;0.9999999999999999;1.024999976158142;
2016-05-12 04:15:00;0.9999708880846381;1.0;0.99997711322648;0.9999718981992153;0.9999899975007375;0.9999742841448158;1.0002115305357095;0.9999357398442439;1.0;1.0;0.9999783373846189;0.9999999999999999;1.0000269348187019;0.9999573917368715;0.9999128096904148;0.9999155513905137;0.9999166703638602;0.9999898353245436;1.0;0.9999820447288968;0.9999723121720723;0.9999861143030254;0.9999163648097305;1.0001985275733547;1.000216997920399;0.9999752394413761;0.9999837521748107;0.9999777040046828;1.0;0.9999407739318846;0.9999464712683978;0.9999653890065625;0.999992007390764;0.999952169847577;1.0;1.0;0.9999830447268776;0.9999739053143863;1.0;0.9999911028667053;0.9999737627653638;0.9999781989917389;1.0;1.024999976158142;
2016-05-12 04:30:00;0.9999721178355819;1.0;0.9999779855334323;0.9999733489399321;0.9999900145030136;0.9999756871061152;1.0002124719164787;0.9999407758684623;1.0;1.0;0.9999791197423068;1.0;1.0000269411643075;0.9999605832771117;0.9999202013454994;0.9999226504176172;0.9999236428680257;0.999989729705026;1.0;0.9999826194176391;0.9999729867167269;0.9999861984098951;0.9999233619791448;1.0001994729916601;1.0002179348478808;0.9999759822689805;0.9999838961523925;0.9999790998385742;0.9999999999999999;0.9999434991536159;0.9999450594538646;0.9999640196068723;0.9999922856423453;0.9999488810189067;0.9999999999999999;1.0;0.9999835876831497;0.999974448265696;1.0;0.9999913448477492;0.9999743712565732;0.9999789371366105;1.0;1.024999976158142;
2016-05-12 04:45:00;0.9999734840366951;1.0;0.999979094134503;0.9999746279328235;0.9999914357671436;0.9999768748308279;1.0002113787100408;0.9999445710706222;1.0;1.0;0.9999795625309298;1.0;1.0000266286796868;0.9999636295884483;0.9999263452506361;0.9999277063770908;0.9999285546312932;0.9999909793849058;1.0;0.9999830480925709;0.9999734026849207;0.9999857800773523;0.9999282996210493;1.0001984403983764;1.0002168505765765;0.9999762737587693;0.9999835291469336;0.9999803537267485;1.0;0.9999435503884958;0.9999464524965026;0.9999651228163597;0.9999940629395465;0.9999510119945173;0.9999999999999999;1.0;0.9999830447268776;0.9999739053143866;0.9999999999999999;0.9999931590155624;0.9999745760041233;0.9999796959187766;1.0;1.024999976158142;
2016-05-12 05:00:00;0.9999711835139452;1.0;0.9999777241689587;0.9999733023686973;0.9999888875948356;0.9999760275957668;1.00021272538891;0.9999447357470042;1.0;0.9999999999999999;0.999978806703953;1.0;1.000026611819274;0.9999628308418752;0.9999260388310778;0.9999282747133101;0.9999291443601735;0.9999882321085745;1.0;0.9999819441292616;0.9999707520107279;0.9999853921847479;0.9999288697663135;1.0001997757246535;1.0002182094270393;0.9999744833457106;0.9999828168315203;0.9999797445313089;1.0;0.9999466355908571;0.9999497112795641;0.9999672359108853;0.9999918615698776;0.9999540804913478;1.0;1.0;0.9999836443675232;0.9999749177708598;1.0;0.9999907513028888;0.9999722244856395;0.9999785717179653;1.0;1.024999976158142;
2016-05-12 05:15:00;0.9999725133185154;1.0;0.9999781984796984;0.9999748659617578;0.9999883425363014;0.9999774415653654;1.0002181412272675;0.9999506520609851;0.9999999999999999;1.0;0.9999793513174577;1.0;1.0000272177613387;0.9999663933520784;0.999935150977483;0.9999372024273125;0.9999379093655943;0.9999875843421046;1.0;0.9999824047993056;0.9999716166739578;0.9999850698732236;0.9999376703457599;1.0002049683020082;1.000223692666204;0.9999754036885984;0.9999826238153958;0.9999812228955359;1.0;0.9999488067184671;0.9999476584716667;0.9999658682752387;0.9999917353553812;0.9999523923643838;1.0;1.0;0.999983270597244;0.9999745440038424;1.0;0.9999905312810466;0.9999730328150291;0.9999789043453351;0.9999999999999999;1.024999976158142;
2016-05-12 05:30:00;0.999977892039056;1.0;0.9999818634961547;0.9999793363929959;0.999989802410704;0.9999811559032824;1.0002175175429564;0.9999564925949913;1.0;1.0;0.9999835246133588;1.0;1.0000276906007752;0.9999700172369215;0.9999417504724366;0.9999445716871862;0.9999453008768521;0.9999895896480644;1.0;0.9999861977138745;0.9999788584225128;0.9999889567001908;0.999945094248446;1.0002044400483514;1.0002229052304112;0.9999815158268276;0.9999871967556135;0.9999839191613883;1.0;0.9999458050079281;0.9999459028787469;0.9999650497484548;0.9999918245481011;0.999952236964907;1.0;1.0;0.9999832209493763;0.9999740815352746;1.0;0.9999909066580612;0.999980120307037;0.9999827999257476;1.0;1.024999976158142;
2016-05-12 05:45:00;0.999971310820801;0.9999999999999999;0.9999778176260927;0.9999721703828454;0.9999909892950297;0.9999745734398573;1.000218737373509;0.9999354868199911;0.9999999999999999;0.9999999999999999;0.9999787674863558;1.0;1.0000278535364184;0.9999575610618816;0.9999121275165027;0.9999145765688454;0.9999157106743073;0.9999908271186748;0.9999999999999999;0.9999823941802057;0.9999726364698864;0.9999865696951501;0.9999154011419767;1.0002052673432633;1.0002244096590232;0.9999754353832834;0.9999842004865769;0.9999778900004732;1.0;0.999941297796825;0.9999449944934871;0.9999653391875138;0.9999928193374684;0.9999553163212449;1.0;0.9999999999999999;0.9999843028640684;0.9999747823044283;1.0;0.9999920016598295;0.9999740173703989;0.9999788522346009;1.0;1.024999976158142;
2016-05-12 06:00:00;0.9999721446721175;1.0;0.9999785787092019;0.999974033206691;0.9999897320483061;0.999976650348919;1.0002167296823283;0.9999453185853128;1.0;1.0;0.9999795177656824;0.9999999999999999;1.0000271831015175;0.9999634401171752;0.999926600923389;0.9999286746825244;0.9999295473387835;0.9999891362922374;1.0;0.9999825945049263;0.9999718387626282;0.9999860167834513;0.999929276141551;1.0002035267214704;1.0002223114866575;0.9999753383394653;0.9999835320410773;0.9999801970331517;0.9999999999999999;0.9999477423575889;0.9999477366935006;0.9999645558322185;0.9999924766015583;0.9999464360199265;1.0;0.9999999999999999;0.9999837528695105;0.9999742323151064;1.0;0.9999914506723729;0.9999732358492931;0.9999793940452962;1.0;1.024999976158142;
2016-05-12 06:15:00;0.9999741730965844;1.0;0.9999801800505483;0.9999758943186113;0.9999903580602284;0.9999783144144083;1.0002174518785372;0.9999487296444667;1.0;1.0;0.9999811816884802;1.0;1.0000273794895127;0.9999656431237984;0.9999308247421022;0.9999329812007699;0.9999338250302617;0.9999898618565216;1.0;0.999983995740916;0.9999741532348199;0.9999873800736351;0.9999335683911234;1.0002042354295704;1.0002230083839574;0.9999773683291802;0.9999850902761928;0.9999815249461312;1.0;0.9999455167812261;0.9999431627526757;0.9999623889476742;0.9999927426727737;0.9999458202735511;1.0;1.0;0.9999833677612603;0.9999742283458167;1.0;0.9999918068530533;0.9999754796911994;0.9999810165498183;1.0;1.024999976158142;
2016-05-12 06:30:00;0.9999684069823297;1.0;0.9999746741311627;0.9999701744677127;0.9999885438178345;0.9999728625472569;1.0002285597026384;0.9999373753620264;1.0;1.0;0.9999754846881223;1.0;1.0000286378717704;0.9999584206921927;0.9999176502022615;0.99991941222581;0.9999203220110697;0.9999878867680362;1.0;0.9999795800374478;0.9999679493606006;0.9999824388164877;0.9999200367557383;1.0002146056723904;1.0002344774387888;0.9999716503913254;0.9999797581712945;0.9999771730786128;1.0;0.9999384220881201;0.9999263590158042;0.9999382399565748;0.9999921138673175;0.9998728127669808;1.0;1.0;0.9999627617965706;0.9999504468134752;1.0;0.9999908965661107;0.9999694038191145;0.999975361320023;1.0;1.024999976158142;
2016-05-12 06:45:00;0.9999680237980493;1.0;0.9999751728470856;0.9999699094233969;0.9999884612775778;0.9999727966620375;1.000231684066418;0.9999354428353379;1.0;1.0;0.9999762518495117;1.0;1.0000291185879788;0.9999569834186908;0.9999133573158533;0.9999157650382091;0.9999168042711913;0.9999878838715947;1.0;0.9999799794748919;0.9999680479504294;0.9999838832716951;0.999916490568535;1.0002175183611492;1.0002376844152885;0.9999718535441416;0.9999811008875976;0.9999768402485453;0.9999999999999999;0.9999268480209056;0.9999233976509707;0.9999432934435138;0.9999914735817194;0.999901027329475;1.0;0.9999999999999999;0.9999434949546052;0.9999260358846979;1.0;0.9999903310931326;0.9999696259240608;0.9999761246891234;1.0;1.024999976158142;
2016-05-12 07:00:00;0.9999676065757818;1.0;0.9999746188560815;0.9999690864467621;0.9999887703449428;0.9999718621838939;1.0002394608285472;0.9999316447329678;1.0;1.0;0.9999757333517064;0.9999999999999999;1.0000302815214357;0.9999546655059528;0.9999080104571858;0.9999105676968048;0.9999116967921529;0.9999883645221018;1.0;0.9999797554844665;0.999968276152077;0.9999838315382278;0.999911371494905;1.0002247862107119;1.000245654899191;0.9999718060041497;0.999981108600894;0.9999758698606788;1.0;0.9999098480490364;0.9998990749932959;0.9999329071000036;0.9999915077316707;0.9999030557026194;0.9999999999999999;1.0;0.9999423432044018;0.9999221950731227;1.0;0.9999904232508738;0.9999698484294587;0.9999756440715576;0.9999999999999999;1.024999976158142;
2016-05-12 07:15:00;0.9999325208674893;1.0;0.9999318098959827;0.9999344992343536;0.9999644259245805;0.9999370534264499;1.0002792738734214;0.9998729356136238;1.0;0.9999999999999999;0.9999362909716871;1.0;1.0000353274206433;0.9999123122964493;0.9998497482824538;0.9998543603702154;0.999855496372186;0.9999639205614687;1.0;0.9999504284509997;0.9999346366172683;0.9999476330513279;0.9998551622815637;1.000262445211306;1.0002862681805085;0.9999408280139788;0.9999438863477251;0.999948847692295;1.0;0.9998811621782401;0.9998330468063431;0.9999008894709581;0.9999762953376922;0.9998932277739019;1.0;1.0;0.9997886440654646;0.9996240188842286;1.0;0.9999724046098603;0.9999375534766705;0.9999325495563506;1.0;1.024999976158142;
2016-05-12 07:30:00;0.9998704121701601;1.0;0.9998883367902588;0.9998817161371786;0.999922920593016;0.9998918444947331;1.000302461614305;0.9997656872010517;1.0;1.0;0.9999052679718878;1.0;1.0000384392049966;0.9998293257139368;0.9996871147775551;0.999712374234905;0.9997165039488461;0.9999225653518052;1.0;0.9999197707140203;0.999881274348079;0.9999374263916986;0.9997153933485738;1.000284137023506;1.000310082901309;0.999898223924792;0.9999279911931206;0.9999079161876164;1.0;0.9998735593273577;0.999825747702737;0.9998999838515213;0.9999346530329252;0.9999035617665579;1.0;0.9999999999999999;0.9997864352586205;0.9995947594776688;1.0;0.9999282143494428;0.9998901109275565;0.999895814797024;1.0;1.024999976158142;
2016-05-12 07:45:00;0.9999330469354463;1.0;0.9999374465090093;0.9999339764227237;0.9999725400329627;0.9999372757914821;1.0002810779299502;0.9998601443399523;1.0;0.9999999999999999;0.9999400109615945;1.0;1.0000356018334644;0.9999067971270745;0.9998257219511342;0.999829125311915;0.9998307800012398;0.999972143389008;1.0;0.9999529352188283;0.999935265216439;0.9999535510413614;0.9998303171724319;1.0002636621303957;1.0002884924506075;0.9999408410768688;0.9999493086099767;0.9999478236479102;0.9999999999999999;0.9998731398389806;0.9998254036545071;0.9999020925929858;0.9999818512583688;0.9999138511380475;1.0;1.0;0.9997891420688595;0.9996253362812753;1.0;0.9999788259244743;0.9999379433174768;0.9999383268562576;1.0;1.024999976158142;
2016-05-12 08:00:00;0.9999275428812348;1.0;0.999932924478657;0.9999289635628632;0.9999702146298983;0.9999327559392895;1.0002941574256223;0.9998508860339079;1.0;1.0;0.9999356188506847;1.0;1.0000370744072686;0.9999005326433275;0.9998140657960177;0.9998176567917106;0.9998194116037048;0.9999696157295812;1.0;0.999949228558372;0.9999293424489218;0.9999500920488655;0.9998189082741015;1.0002759191784545;1.0003019610300945;0.9999356971456804;0.9999453628837773;0.9999441583968255;1.0;0.9998715149266464;0.9998195250457945;0.9998996829560868;0.9999804052930754;0.9999168121115936;1.0;1.0;0.9997216484723804;0.9995286757039361;1.0;0.999977110990978;0.9999322723181198;0.9999338585657495;1.0;1.024999976158142;
2016-05-12 08:15:00;0.9999434646073024;1.0;0.9999459403656206;0.9999458610791733;0.9999697261566797;0.9999487245948872;1.0003000256558237;0.9998916919800882;1.0;1.0;0.999950785821688;1.0;1.00003828991183;0.9999244086039069;0.9998653707099108;0.9998716690111366;0.9998730067427518;0.9999695133983112;0.9999999999999999;0.99996088750279;0.9999466842023146;0.9999622482319829;0.9998726401317751;1.0002819929757096;1.0003074406692636;0.9999523749465882;0.9999587931532434;0.9999574697449013;1.0;0.9998640822010685;0.9998020191587591;0.9998836951101165;0.9999776576494815;0.999881619095917;1.0;1.0;0.9997008574730863;0.9994746211323157;1.0;0.9999746548908883;0.9999495796433155;0.999947522039229;1.0;1.024999976158142;
2016-05-12 08:30:00;0.999951978387062;0.9999999999999999;0.999950328707415;0.9999533917423065;0.9999735251774106;0.9999549902007214;1.0003145138753389;0.999911185497213;1.0;0.9999999999999999;0.9999537389104864;1.0;1.0000400303509798;0.9999383112848165;0.9998967416551399;0.9999000625701467;0.9999007749347313;0.9999731714820141;1.0;0.9999642033753907;0.9999535083599289;0.9999613765286132;0.9999005628490889;1.0002957800487686;1.000322170453737;0.9999578949725692;0.999958839396943;0.999963635652102;1.0;0.9997764094079672;0.9997568252189728;0.9998657217194998;0.9999824672888326;0.9998923061252439;1.0;1.0;0.9997174959660212;0.9995467683112519;1.0;0.9999795553358392;0.9999555803133942;0.9999507781399906;1.0;1.024999976158142;
2016-05-12 08:45:00;0.9999454559060689;1.0;0.999950910872536;0.9999476858726534;0.9999761824785409;0.9999510804953157;1.0003105556488463;0.9998933318286571;1.0;1.0;0.9999533692806263;1.0;1.0000390912370358;0.9999279822185914;0.9998658877685853;0.9998693260935849;0.9998706243660391;0.9999754533788058;1.0;0.9999625413942587;0.9999460837407623;0.9999642091684877;0.9998702319291779;1.000291655202065;1.0003185185283845;0.9999517158189162;0.999960356523727;0.9999594510792769;0.9999999999999999;0.9998186733557377;0.9997734799634557;0.9998716416617769;0.9999838084332381;0.9998863112454367;1.0;1.0;0.999717486975628;0.9995539231717185;1.0;0.99998124912255;0.9999485186749737;0.999951858483409;1.0;1.024999976158142;
2016-05-12 09:00:00;0.999936476735219;1.0;0.9999412961202921;0.9999396713474465;0.9999695956505256;0.9999434718619443;1.0003246458895312;0.999882309044616;1.0;1.0;0.999944637788406;1.0;1.0000406119587708;0.999919475682076;0.9998551526261641;0.999859271349809;0.9998605434670271;0.9999685663400355;0.9999999999999999;0.9999555654840208;0.9999365864270465;0.9999561871383625;0.9998601368593083;1.0003049969074054;1.0003329289375784;0.999943533481645;0.9999518016024711;0.999953702742113;1.0;0.9997884856206859;0.9997557700244484;0.9998621227398901;0.9999795700977807;0.9998817958820994;1.0;1.0;0.9997170153834979;0.9995634436755398;1.0;0.9999762700736886;0.9999394801753733;0.9999422527102557;1.0;1.024999976158142;
2016-05-12 09:15:00;0.9999525371812582;0.9999999999999999;0.9999586667397793;0.999955980828334;0.9999771269709777;0.999959550953473;1.0003207128106089;0.9999152238269531;1.0;0.9999999999999999;0.9999614109652105;1.0;1.000040154337003;0.9999414619731405;0.9998926794081376;0.9998965534909976;0.9998976055390537;0.9999761251697602;1.0;0.9999681432688274;0.9999520847584153;0.9999705563259509;0.9998972587133111;1.0003014282930287;1.0003287886030865;0.9999580692148949;0.9999668769584968;0.9999666834254138;1.0;0.9997617567640033;0.9997395087452019;0.9998530964776755;0.9999839227990341;0.9998731704393031;1.0;1.0;0.9997477452298126;0.9996025075622698;1.0;0.9999815406300424;0.9999544840790698;0.9999597452739688;1.0;1.024999976158142;
2016-05-12 09:30:00;0.9999401230378808;1.0;0.999944783661036;0.9999437968140282;0.999967679733098;0.9999474981535282;1.0003192124084734;0.9998904080517451;0.9999999999999999;0.9999999999999999;0.9999498861894287;1.0;1.000040357519088;0.9999229816176725;0.9998623882576407;0.9998692397044117;0.9998706351547766;0.9999670716621124;0.9999999999999999;0.9999593859610902;0.9999423012146841;0.9999619271521137;0.999870225654925;1.0003000584383486;1.000327144715135;0.9999491948548208;0.9999578709125397;0.9999565351294819;1.0;0.9997840511071038;0.9997535597808639;0.9998620302628423;0.9999760208025921;0.9998832411073187;1.0;1.0;0.9996800290870782;0.9994854564966217;0.9999999999999999;0.9999728344507454;0.9999455186943463;0.9999465794805615;1.0;1.024999976158142;
2016-05-12 09:45:00;0.9999170939525422;1.0;0.9999136903358364;0.9999182012785188;0.9999575992601178;0.9999205581602431;1.000325547081637;0.9998398687689936;1.0;0.9999999999999999;0.9999184827592534;0.9999999999999999;1.000041333516603;0.9998905898271713;0.9998139734538773;0.999818127334988;0.9998193897877982;0.9999571735417954;1.0;0.999937463811727;0.9999198865932066;0.9999317183103891;0.9998190280382826;1.0003058564736402;1.0003337309226967;0.9999265197751771;0.9999275267682622;0.9999356923456734;1.0;0.9997861049817358;0.9997595571783173;0.9998690730262594;0.9999729800762244;0.9999022629457692;1.0;1.0;0.9996737555858769;0.999458600657181;1.0;0.9999681666263142;0.9999230984294525;0.9999140186462286;1.0;1.024999976158142;
2016-05-12 10:00:00;0.9999241251182969;1.0;0.9999215516184573;0.999925719747357;0.9999619923589241;0.9999281616739698;1.0003254050464214;0.999858381017943;1.0;0.9999999999999999;0.9999249373963854;1.0;1.0000408113532593;0.9999037327268661;0.9998378989852599;0.9998401155902271;0.9998410462471458;0.9999610549931334;1.0;0.9999421983003586;0.9999243868711365;0.9999358529255146;0.9998407358550013;1.0003057702473341;1.0003336407454089;0.9999309872206341;0.9999317465463998;0.999942416473458;0.9999999999999999;0.9997323384481145;0.9997313396618845;0.9998549256823366;0.999977155442315;0.999896000155305;1.0;1.0;0.9996871355163364;0.9994373303148132;1.0;0.9999726454012523;0.9999271627137285;0.9999213539725716;0.9999999999999999;1.024999976158142;
2016-05-12 10:15:00;0.9999307844785722;1.0;0.9999305166221114;0.9999325914801738;0.9999660352753257;0.9999352913195482;1.0003393517418415;0.9998695816660657;1.0;1.0;0.9999337927934436;1.0;1.0000427073441311;0.9999112918410916;0.9998471079221172;0.9998499163538999;0.9998509603296788;0.9999652050689436;1.0;0.9999485415524271;0.9999313590977198;0.9999447099392914;0.9998506276586777;1.0003188710557036;1.0003479169104244;0.9999376448205255;0.9999407221141462;0.9999477138620824;1.0;0.9997310160957928;0.9997107483000631;0.9998388765228378;0.9999788297159163;0.9998688802396359;0.9999999999999999;1.0;0.9996709886983028;0.9994294706902759;1.0;0.9999749066807957;0.9999340548482222;0.9999307217359376;0.9999999999999999;1.024999976158142;
2016-05-12 10:30:00;0.9999392633004085;1.0;0.9999476605978753;0.9999440576419277;0.9999723407435284;0.9999488735885063;1.0003300894124125;0.9998959712854398;1.0;1.0;0.9999499402509151;1.0;1.000040525974126;0.999928904530559;0.9998705734437426;0.9998735439816947;0.9998746485312345;0.9999705255216449;1.0;0.9999584957890825;0.9999362820669941;0.9999603812356903;0.9998742308763178;1.0003101256341798;1.0003386406521444;0.9999443172889748;0.9999554345722559;0.9999584872470376;1.0;0.9997415077777905;0.9997016597479943;0.9998286490216335;0.9999821293130008;0.9998392473184562;0.9999999999999999;1.0;0.9996971286100251;0.9995273822873305;1.0;0.9999790249697146;0.9999391078770531;0.999948409431452;1.0;1.024999976158142;
2016-05-12 10:45:00;0.9999194129307473;1.0;0.9999393571437513;0.9999291614685151;0.9999671425353034;0.9999381207023388;1.000340103764353;0.999876085954748;1.0;1.0;0.9999405303474069;1.0;1.0000396171060277;0.9999157988554473;0.999840354170194;0.9998427203751051;0.9998441262110231;0.9999631668603383;1.0;0.9999476551339758;0.9999097574270116;0.9999539482076236;0.9998434778888758;1.000319278356189;1.0003495141609076;0.9999231408446974;0.9999457666454523;0.9999501387335601;1.0;0.9997103526652844;0.9996876949300193;0.9998138695611237;0.9999798399917657;0.9998032738072533;1.0;1.0;0.9996932257287556;0.9994913239101787;1.0;0.9999759994067705;0.9999136687381144;0.9999402439452713;1.0;1.024999976158142;
2016-05-12 11:00:00;0.9999202773284389;1.0;0.9999329222821575;0.9999258446136489;0.9999686619295475;0.9999323521251157;1.0003370006511314;0.9998584597099747;1.0;1.0;0.9999340312473699;1.0;1.0000405782816002;0.999905612137349;0.9998231701042753;0.9998247220233569;0.9998262052234499;0.999966063936653;0.9999999999999999;0.9999453691922464;0.9999149788972671;0.9999476803138073;0.9998256331515538;1.0003162287456198;1.0003461911337814;0.9999251444861278;0.9999409634141652;0.9999450062161596;0.9999999999999999;0.9997231355421603;0.9996929549862242;0.9998218991919389;0.9999814209014359;0.9998279251331126;1.0;1.0;0.9996776749870047;0.9994640601268845;1.0;0.9999776651255311;0.9999182998864159;0.9999333518695454;1.0;1.024999976158142;
2016-05-12 11:15:00;0.9999372527338496;1.0;0.9999476940704091;0.9999410231179788;0.9999760904143012;0.9999460717675097;1.0003261366219984;0.9998822555902488;1.0;1.0;0.999948884691135;1.0;1.0000401356540736;0.9999216863608759;0.9998499819658794;0.9998520969081472;0.9998535243061067;0.9999744328744372;1.0;0.9999577836384196;0.9999346972379006;0.9999608813723457;0.9998530328332575;1.0003060991420554;1.0003348195020905;0.9999422304984861;0.9999556732317667;0.9999555249408684;1.0;0.9997338112224862;0.999706311840954;0.9998327229830986;0.9999849695343869;0.9998474761169591;1.0;1.0;0.9997083835572292;0.9995308289934539;0.9999999999999999;0.9999822261768325;0.9999373844191655;0.9999484222359675;1.0;1.024999976158142;
2016-05-12 11:30:00;0.9999254137533058;1.0;0.9999411088184197;0.9999295125408307;0.9999753108718344;0.9999360531970924;1.000335216436788;0.9998522261263951;1.0;1.0;0.9999419665260423;1.0;1.0000410970289506;0.9999029069051997;0.999806104283361;0.9998088075955166;0.9998108878185534;0.9999735047886397;0.9999999999999999;0.9999515460489374;0.9999230278953518;0.9999579871765195;0.9998102143115853;1.0003142400160128;1.0003444748000696;0.9999317756547366;0.9999514841771809;0.9999463853426078;0.9999999999999999;0.9997046311478656;0.999689981666259;0.9998224297629869;0.9999840042432474;0.9998354842596338;1.0;1.0;0.9997026949296273;0.999539270573157;1.0;0.9999812390306109;0.9999262482035995;0.999942338518111;1.0;1.024999976158142;
2016-05-12 11:45:00;0.999905365142784;1.0;0.9999258368268132;0.9999094362342894;0.9999727492700828;0.9999176077455459;1.0003433250925857;0.9998054400232579;1.0;1.0;0.9999255703238502;1.0;1.0000416505667533;0.9998739930234153;0.9997445601380087;0.9997463218565433;0.9997490494489301;0.9999705311250278;1.0;0.9999382568950969;0.9999021183005489;0.9999461783395991;0.9997481768726902;1.000321322762566;1.00035330383314;0.9999124760047476;0.999937929270458;0.9999307271475901;1.0;0.9997148843307778;0.9996997755404984;0.9998190375814547;0.9999834664189093;0.9998031295048403;0.9999999999999999;1.0;0.9996697029909117;0.9994790254684134;0.9999999999999999;0.9999802542534086;0.9999058611472789;0.999927011658691;0.9999999999999999;1.024999976158142;
2016-05-12 12:00:00;0.999881155203091;1.0;0.9999144769563361;0.999881522735908;0.9999799020233513;0.9998920599965021;1.0003357465367715;0.9997070618095668;1.0;1.0;0.9999129967068603;1.0;1.000041968628947;0.9998144741683245;0.9995964692911602;0.9996007207503513;0.9996059644833469;0.9999791820932538;1.0;0.9999280455638134;0.9998848858303145;0.9999473275880689;0.9996045354546295;1.0003126634403126;1.0003465343621014;0.9998945524709403;0.9999368890164048;0.9999050086978903;1.0;0.9997235393683406;0.9997153502110088;0.9998366632354123;0.9999850958325934;0.9998478502714904;1.0;1.0;0.9996951800148327;0.9995119141433225;1.0;0.9999831133932071;0.9998895116166545;0.9999176859944284;1.0;1.024999976158142;
2016-05-12 12:15:00;0.9999038494175042;1.0;0.9999203418446755;0.999904386995141;0.9999728118789833;0.9999109311374749;1.0003391375236013;0.9997796304263459;1.0;1.0;0.9999213310997791;1.0;1.0000427585516993;0.9998574260919496;0.9997100067141731;0.9997138132504619;0.9997171267283573;0.9999722651266207;1.0;0.9999369244600003;0.9999069459369068;0.9999449312986206;0.9997162172906159;1.000317170027548;1.0003488857442908;0.999914670278563;0.9999376975421619;0.9999237935536623;1.0;0.9997153138507905;0.9996946368463568;0.9998110304825849;0.9999816187172986;0.9997767109622276;0.9999999999999999;1.0;0.999739483582978;0.9995813683815415;0.9999999999999999;0.9999786836173211;0.9999106618603922;0.999922172904976;1.0;1.024999976158142;
2016-05-12 12:30:00;0.9997803175426984;1.0;0.9998468397474626;0.9997984795556718;0.9999401977987316;0.9998232887047686;1.0003539712232157;0.999586235593689;1.0;1.0;0.9998443384737221;1.0;1.0000365219681835;0.9997316555171267;0.9994412607297084;0.9994448183147612;0.9994510472368845;0.9999317924051638;1.0;0.9998635180437699;0.9997615566920036;0.9998916805709175;0.9994488206012203;1.000329042437226;1.0003672432230268;0.9997923279309018;0.9998690518626145;0.9998518146648503;0.9999999999999999;0.9997055194886445;0.9996949305412189;0.9998151141078586;0.999963992633261;0.9997945955679866;1.0;1.0;0.9997493771231303;0.999594667973123;1.0;0.9999569052187868;0.999771153678159;0.999850100098766;1.0;1.024999976158142;
2016-05-12 12:45:00;0.999820147568498;0.9999999999999999;0.999875674414448;0.9998377726580252;0.9999475972009689;0.9998589722890711;1.000361303692438;0.9996808814640628;1.0;1.0;0.9998736400608771;1.0;1.0000380030380382;0.9997917815900828;0.9995709245425198;0.9995732264605887;0.9995778107798979;0.9999395941648457;1.0;0.999887900615622;0.9998008143882294;0.999909983045328;0.9995760446350919;1.0003369773715352;1.0003738179993564;0.9998280540953659;0.9998908903666037;0.9998829648773158;1.0;0.9996869850165775;0.9996850478252873;0.9998135356535779;0.9999691968691801;0.9998090341977025;0.9999999999999999;1.0;0.9996797420123283;0.999490459717077;1.0;0.999962879518215;0.9998088404828892;0.9998779726371756;1.0;1.024999976158142;
2016-05-12 13:00:00;0.9999054812308661;1.0;0.9999257137863321;0.9999091019677043;0.9999739083391451;0.9999171281425001;1.0003434478443909;0.9998034562324809;1.0;0.9999999999999999;0.9999250023409695;1.0;1.0000416926653772;0.9998732718657709;0.9997424587511149;0.9997435907030586;0.9997463153753515;0.9999717221651868;1.0;0.9999380404395848;0.9999021821722307;0.9999455356644908;0.999745445808576;1.0003213807765048;1.0003534716150753;0.9999122225468972;0.999937343065816;0.9999303246444672;1.0;0.9996949848109636;0.9996992504600557;0.9998260383150682;0.999984677820059;0.9998349012246098;1.0;1.0;0.9996824604713738;0.9994894443640623;1.0;0.9999815299240908;0.9999057794357263;0.9999267130824091;1.0;1.024999976158142;
2016-05-12 13:15:00;0.9998772640172793;0.9999999999999999;0.9999022165634279;0.9998775247940027;0.9999721743480857;0.9998865846263175;1.0003405003508756;0.9997130281858023;1.0;1.0;0.9999010885417905;1.0;1.0000422750309237;0.9998170500229803;0.9996194874955503;0.9996217291919296;0.9996261018650554;0.9999710913218248;1.0;0.9999202207182429;0.9998792070171656;0.9999316345418384;0.9996248763838631;1.0003175588096516;1.000351118681687;0.9998889629661042;0.9999218544103414;0.9999026679113757;1.0;0.9997284129693766;0.9997072794886336;0.9998191806329108;0.9999827098709463;0.9997879160237264;1.0;1.0;0.9997048031090694;0.9994786107406726;1.0;0.9999794882455593;0.9998835688698628;0.9999040680261935;1.0;1.024999976158142;
2016-05-12 13:30:00;0.9998621636225583;1.0;0.999892818031629;0.9998596929009268;0.999977466781143;0.9998697310770398;1.0003371163263364;0.9996549661887082;1.0;0.9999999999999999;0.9998896446797395;1.0;1.0000422794675332;0.9997831016351219;0.9995373205376825;0.9995384745008513;0.9995440136598667;0.9999769491114492;1.0;0.9999116323326807;0.9998664148530024;0.9999266844084883;0.9995425211432597;1.0003134520926558;1.000348313379004;0.9998755008646112;0.9999157087741922;0.9998868043342891;1.0;0.999727262971754;0.9997203339940991;0.9998365995308682;0.9999866066143732;0.9998381684349912;1.0;1.0;0.9997210944752456;0.999514891599959;1.0;0.9999839107918239;0.9998708872964248;0.9998949411412874;1.0;1.024999976158142;
2016-05-12 13:45:00;0.9999363832374387;1.0;0.9999480607210227;0.9999385707442807;0.9999808778996568;0.9999435307556848;1.0003307696158312;0.9998684348104915;1.0;1.0;0.9999479481332373;1.0;1.0000409896441356;0.999914758413605;0.9998298664715368;0.9998307504989355;0.999832478575306;0.9999795237262205;1.0;0.9999574936014827;0.9999345802379653;0.9999612872025347;0.9998319293256971;1.0003101298716504;1.0003397784451207;0.9999411162965921;0.999956039131647;0.999952757252032;1.0;0.9997322272686696;0.9997043587020193;0.9998177851464467;0.9999887236085929;0.9997879514032187;1.0;1.0;0.9997105007517376;0.9994866415397772;1.0;0.999986422846415;0.99993698141353;0.9999486407266114;1.0;1.024999976158142;
2016-05-12 14:00:00;0.9999047744942392;0.9999999999999999;0.9999262980120274;0.9999144787002322;0.999962170524502;0.9999242172280128;1.0003432680431237;0.9998427883602881;1.0;1.0;0.9999279103553337;1.0;1.0000400084519139;0.9998939585178287;0.9997974786810555;0.9998006366737728;0.9998025107251959;0.9999582134534832;1.0;0.9999377258856504;0.9998959575074283;0.9999447867601959;0.9998017406251547;1.0003220032407067;1.0003529591034235;0.9999103915609724;0.9999356541496343;0.9999383271223784;0.9999999999999999;0.999710105366276;0.9996860469121119;0.9998043174912428;0.9999763883417101;0.9997658607819733;1.0;1.0;0.9997402138424326;0.9995537937430825;1.0;0.9999720242240001;0.9999004498511812;0.9999274607940818;1.0;1.024999976158142;
2016-05-12 14:15:00;0.9998081953194994;1.0;0.9998643937550158;0.9998365005297545;0.9999244670030715;0.9998608488243429;1.0003588811170216;0.9997354690714092;1.0;1.0;0.9998645986910248;1.0;1.0000338949843268;0.9998199726193033;0.9996583877790307;0.9996604354052793;0.9996631360278214;0.9999124850776203;1.0;0.9998767396212184;0.9997755523078103;0.9998933723060427;0.9996615861261995;1.000335996185837;1.00037099767526;0.9998113864176877;0.9998719843278143;0.9998897727509988;0.9999999999999999;0.9997182598608244;0.9996986413552786;0.9998152890720361;0.9999567643662085;0.9997891584368886;0.9999999999999999;1.0;0.9997398467270047;0.9995544501841154;1.0;0.9999474929921993;0.9997848846483189;0.9998655351294083;1.0;1.024999976158142;
2016-05-12 14:30:00;0.9998844502509416;0.9999999999999999;0.9999140651582314;0.9998976073262745;0.9999560990604938;0.9999104677315592;1.0003521705193992;0.9998158472945219;1.0;1.0;0.9999149210303566;1.0;1.0000395129873576;0.9998762926801249;0.9997611416352968;0.9997637398259692;0.9997659172101334;0.9999505393256007;1.0;0.9999252292472641;0.9998708576197245;0.9999348427973175;0.9997649550223301;1.0003301121856847;1.0003625893077301;0.9998895035119342;0.9999230751233851;0.9999274624358131;1.0;0.9997060333564637;0.9996845372464356;0.9998104658235755;0.9999735820317884;0.9997981298965714;1.0;1.0;0.9997443944586468;0.9995556651562911;0.9999999999999999;0.9999683766592019;0.9998762857457163;0.9999152353346271;0.9999999999999999;1.024999976158142;
2016-05-12 14:45:00;0.9999282915789575;1.0;0.999943369409365;0.9999307030506082;0.9999796503076657;0.9999366267970975;1.0003376479815156;0.9998474138770341;1.0;1.0;0.9999433882843727;0.9999999999999999;1.0000418385380154;0.9999012903973831;0.9997988387329677;0.9998006576349275;0.9998028753202275;0.9999782976997396;0.9999999999999999;0.9999533891706951;0.999927115768887;0.9999596963199592;0.999802197466597;1.000316349884269;1.0003470278250708;0.9999344644673073;0.9999536164794863;0.9999463532476931;0.9999999999999999;0.9996949421348126;0.999659428380684;0.9997987934187628;0.9999871881995703;0.9997930274996354;1.0;0.9999999999999999;0.9997628077978609;0.9995861036203322;1.0;0.9999848562633962;0.9999299599111037;0.9999444481938099;1.0;1.024999976158142;
2016-05-12 15:00:00;0.9999327423647872;1.0;0.9999390971273943;0.999936970692477;0.999970294415912;0.999941517418549;1.0003335089093817;0.9998835676185208;1.0;1.0;0.9999406528190664;0.9999999999999999;1.0000407441954755;0.9999214654731744;0.9998603570072813;0.9998615717659373;0.9998625247431141;0.9999682677686844;1.0;0.9999519206575932;0.9999287636022149;0.9999508242821852;0.9998621321146414;1.0003132800293522;1.0003422321959317;0.9999368957503644;0.9999457183195763;0.9999530908951617;1.0;0.9996989552934239;0.9996793448971852;0.9998045809887494;0.9999826225772239;0.9997782103862884;1.0;1.0;0.9997947608226018;0.9996447061590452;1.0;0.9999790292786215;0.9999314620138346;0.9999391241178418;1.0;1.024999976158142;
2016-05-12 15:15:00;0.9999424475969483;1.0;0.9999550664581293;0.9999494817574132;0.9999739774488882;0.999955563002777;1.0003224605577214;0.999913231691822;1.0;1.0;0.9999568039031947;1.0;1.000038709025868;0.9999399904629661;0.9998894804107293;0.9998921361146054;0.9998930880443933;0.9999713149936418;1.0;0.9999622773779321;0.9999363927514395;0.9999662368705501;0.9998926511108964;1.0003030222421612;1.0003309248742183;0.9999459294272179;0.9999606328987707;0.9999642913089999;0.9999999999999999;0.999712458346803;0.9997068315179765;0.9998311130073979;0.9999833137830496;0.9998401294066249;1.0;1.0;0.9997945523011498;0.9996409617765808;1.0;0.9999803751001033;0.9999393242537227;0.9999558708762462;1.0;1.024999976158142;
2016-05-12 15:30:00;0.9997451251860637;1.0;0.9998211839835036;0.9997887741093878;0.9998876527247653;0.9998228135507903;1.0003587837846617;0.9996881442692233;1.0;1.0;0.9998245166759767;1.0;1.0000285139289287;0.9997810524964674;0.9995999789074791;0.999605842689131;0.9996086929077861;0.9998702673387347;1.0;0.9998369192940828;0.9996974219109807;0.9998597420126295;0.9996067249211936;1.0003361564435538;1.0003716849818594;0.9997492277551414;0.9998305368797468;0.99986175952229;1.0;0.9997251256655623;0.9997120496183355;0.9998298460815529;0.9999331101497076;0.9998249321224744;0.9999999999999999;1.0;0.9997833803517993;0.9996146691606621;0.9999999999999999;0.9999196875852756;0.9997108481499226;0.9998232036798593;1.0;1.024999976158142;
2016-05-12 15:45:00;0.9997719930793166;1.0;0.9998392443888677;0.9998095021860804;0.9999016834568257;0.9998394194102177;1.0003556789908268;0.9997116950237248;1.0;1.0;0.9998418779761323;1.0;1.0000304267300313;0.9997989733013424;0.9996297165325885;0.9996346456590194;0.9996373758534226;0.9998866100438192;0.9999999999999999;0.999853937817418;0.9997309664573728;0.9998741967881779;0.9996356014715992;1.0003332330857098;1.0003680823147658;0.9997761951697176;0.9998483753256159;0.999874154583175;0.9999999999999999;0.9997399562377741;0.9997208494165504;0.9998355291919815;0.999941654988579;0.9998315134349798;0.9999999999999999;1.0;0.9997638345264923;0.9995691167417055;0.9999999999999999;0.999929880676549;0.9997427694559329;0.9998410210501628;1.0;1.024999976158142;
2016-05-12 16:00:00;0.9998208106462865;1.0;0.9998750412452431;0.9998493612777907;0.9999244102524837;0.9998728845621045;1.00034022724196;0.9997621237012531;1.0;1.0;0.9998774727313036;1.0;1.0000322705120137;0.999835062320693;0.9996891552991145;0.9996944697812905;0.9996970924234009;0.9999131500031513;1.0;0.9998867635620247;0.9997910316290406;0.999905110908968;0.9996956135838788;1.0003188105157024;1.00035146531643;0.9998259162836678;0.9998848423989123;0.9998992015893066;0.9999999999999999;0.9997294545793879;0.9997185297687078;0.9998406635700791;0.9999537503690268;0.9998574315294695;1.0;1.0;0.9998111939795945;0.9996747593131657;1.0;0.9999448952344102;0.9998004553363805;0.9998771313375806;1.0;1.024999976158142;
2016-05-12 16:15:00;0.9997970556204065;0.9999999999999999;0.9998554991242365;0.99983025672563;0.9999110346280864;0.9998565637448363;1.000331744884485;0.9997423511518904;0.9999999999999999;1.0;0.9998582257734923;1.0;1.0000291691795797;0.999820113316916;0.9996699395435491;0.9996747607077124;0.9996771831877427;0.9998977530330074;1.0;0.9998695924253093;0.9997610654243028;0.9998869220387367;0.9996756152772578;1.0003109185344188;1.0003430794918184;0.9998011880425569;0.9998641117675572;0.9998875669426157;1.0;0.9997541666077578;0.999734396353259;0.9998498440780157;0.9999468716749418;0.999866165069638;1.0;1.0;0.9998290035047919;0.9996746143827304;1.0;0.9999362649397582;0.9997716299712828;0.9998571614613618;1.0;1.024999976158142;
2016-05-12 16:30:00;0.9999392216129294;1.0;0.9999505307484194;0.9999452378290676;0.9999715514879315;0.9999508818675904;1.0003071093611269;0.9998988427014506;1.0;1.0;0.9999535277724353;0.9999999999999999;1.000037437673921;0.9999299007169286;0.9998698419602927;0.9998744160437376;0.99987570846026;0.999969605804688;1.0;0.9999603175160346;0.9999362969489547;0.9999649541226078;0.9998752322690672;1.0002885186177635;1.0003151248344895;0.9999452125925175;0.9999595857417077;0.9999597437726462;1.0;0.9997324610737105;0.9997290824980394;0.9998489596940622;0.999980234238282;0.9998712929342182;0.9999999999999999;1.0;0.9998946883620187;0.9998093211516097;1.0;0.9999772377251626;0.9999394906970747;0.9999519143116247;1.0;1.024999976158142;
2016-05-12 16:45:00;0.9999378724309583;1.0;0.9999481774179381;0.9999416697078992;0.9999744209202515;0.9999466301808083;1.0003017288366431;0.9998816384547099;1.0;1.0;0.9999506273357854;1.0;1.000037392350891;0.9999201815709394;0.9998468924207188;0.9998510051084886;0.9998526173397176;0.9999731647425809;1.0;0.9999590923995128;0.9999372305913963;0.9999635849422155;0.9998521054131341;1.00028318512149;1.0003097123297018;0.9999446428436916;0.9999585522507226;0.9999555025640515;1.0;0.9997280173458066;0.9997114573443748;0.9998413813150577;0.9999822281807152;0.9998707516124009;1.0;0.9999999999999999;0.9999540309780861;0.9999246283709365;1.0;0.9999795338005794;0.9999401876266989;0.999949531840175;1.0;1.024999976158142;
2016-05-12 17:00:00;0.9998306397221899;1.0;0.9998763838846924;0.9998488489940865;0.9999395502108281;0.9998678791041273;1.0003144261521681;0.9997183456567582;1.0;1.0;0.9998773235816296;1.0;1.00003244266547;0.999812156380439;0.9996293813528503;0.9996336710407903;0.9996373269438309;0.9999319013833343;1.0;0.9998919441191355;0.9998125162376824;0.9999087058816886;0.9996358296670902;1.0002937093191577;1.0003250662166803;0.9998390870327941;0.9998913985923564;0.9998918574883058;0.9999999999999999;0.9997395380994908;0.9997125251868538;0.9998403469383861;0.9999629657513198;0.9998639979312285;1.0;1.0;0.9999521923651752;0.9999279693162371;0.9999999999999999;0.999955892588667;0.9998204753916395;0.9998785295790509;0.9999999999999999;1.024999976158142;
2016-05-12 17:15:00;0.9998381673131959;1.0;0.9998698525623934;0.9998458775497998;0.9999484004603717;0.999859367965609;1.0003267843742387;0.9996775593312077;1.0;0.9999999999999999;0.9998706242021541;0.9999999999999999;1.000037716109198;0.9997893269889544;0.999581747592833;0.9995853692528237;0.999589644386642;0.9999445123482185;1.0;0.9998928975379454;0.9998323617041255;0.9999041930565226;0.9995882479390562;1.0003048418533418;1.000337433853467;0.9998504567432414;0.9998904463728737;0.9998826514219756;1.0;0.9997154132796208;0.9996976523032091;0.9998176677485853;0.9999684257863494;0.9997949942379715;1.0;1.0;0.9999584572261244;0.9999378225015993;1.0;0.99996238253615;0.9998388726319178;0.9998716769724285;1.0;1.024999976158142;
2016-05-12 17:30:00;0.9998373990271623;0.9999999999999999;0.9998585294789379;0.999847342169815;0.9999289456380788;0.9998592294694866;1.0003250515809408;0.9997021437100486;1.0;1.0;0.9998654086996392;1.0;1.0000381115042847;0.9997975947070581;0.9996252962866602;0.9996347351069592;0.9996382543568773;0.9999255249229775;1.0;0.9998894113802806;0.9998346032627934;0.9998962219547748;0.9996370893724067;1.000304300573625;1.0003346733881695;0.9998537835577365;0.9998837627645899;0.9998842578932483;1.0;0.9997268229288049;0.9997261058747161;0.9998408062234865;0.9999524476796019;0.9998396806619625;1.0;1.0;0.9999606767350891;0.9999384541219869;1.0;0.9999447053816859;0.9998420689021735;0.9998610838995675;1.0;1.024999976158142;
2016-05-12 17:45:00;0.9998799242846625;1.0;0.9999005850699971;0.9998871305837039;0.9999521567108766;0.9998968429930448;1.0003049685441805;0.9997702802124186;1.0;0.9999999999999999;0.9999048747339954;1.0;1.0000365036284777;0.9998456219194253;0.9997024187587632;0.9997098069331953;0.9997129436746016;0.999949694974738;1.0;0.9999210203994958;0.9998783461273009;0.9999300124713707;0.9997119464614921;1.0002854783018567;1.000313876271676;0.999892582453209;0.9999202178854347;0.9999139573009652;1.0;0.9997576373767626;0.9997451538525127;0.9998501962717875;0.9999670388080708;0.9998430294107818;1.0;1.0;0.9999549328254612;0.9999335042552762;1.0;0.9999619593991868;0.999883973002545;0.9999030720996236;1.0;1.024999976158142;
2016-05-12 18:00:00;0.9999083365036685;1.0;0.999932349122387;0.9999140795373154;0.999971178827957;0.9999231649290894;1.0002891238358798;0.999814389367356;1.0;1.0;0.9999339528336636;1.0;1.0000348305268867;0.9998778321999452;0.9997482357957431;0.9997536039324328;0.9997566558045559;0.9999691016218243;1.0;0.9999434783472216;0.9999065176017007;0.999956074058809;0.9997557078548466;1.000270429206639;1.000297700252464;0.9999177961523905;0.9999475569413462;0.9999344379759931;1.0;0.9997616023628121;0.9997530628657648;0.999859219144509;0.999979285043548;0.9998664627388129;1.0;1.0;0.9999664245231948;0.9999473771936661;1.0;0.9999763499277732;0.9999108817869227;0.9999348346429973;1.0;1.024999976158142;
2016-05-12 18:15:00;0.9998310185962214;1.0;0.9998756800485374;0.9998513560226903;0.9999339361674431;0.9998706681628879;1.0003128190079438;0.9997357640620731;0.9999999999999999;1.0;0.9998779564615335;1.0;1.000031767400871;0.9998210645392054;0.999655130969533;0.9996604991027136;0.9996637374220959;0.9999257645566368;0.9999999999999999;0.999891731687727;0.9998113730588919;0.9999075551542104;0.9996623132634925;1.000292588632978;1.0003231934735792;0.9998393450519737;0.9998901666566735;0.9998951458705194;1.0;0.9997527228877086;0.9997538905546627;0.9998469861322492;0.9999589099404075;0.9998123839757594;1.0;0.9999999999999999;0.9999669995259615;0.9999467454482497;1.0;0.999951266779589;0.9998196445631948;0.9998778707106659;0.9999999999999999;1.024999976158142;
2016-05-12 18:30:00;0.9997956955250242;1.0;0.9998600558560742;0.9998257846035147;0.9999213130320893;0.9998525058313035;1.0003254736650722;0.9997078035680909;1.0;0.9999999999999999;0.999861404750368;1.0;1.0000294132289367;0.9998010695482717;0.9996123794216727;0.9996177059932035;0.9996213202742092;0.9999091946702271;1.0;0.999872291042478;0.9997640734623257;0.9998956910836139;0.9996195206442106;1.0003042271710474;1.000337098061817;0.9998021573312503;0.9998726019972832;0.9998814737239216;1.0;0.99974221592071;0.9997469530908651;0.9998362917729485;0.9999520370630576;0.999780250227876;1.0;1.0;0.9999697171840127;0.9999506697917656;0.9999999999999999;0.9999427940819051;0.9997745052769496;0.9998626429026453;1.0;1.024999976158142;
2016-05-12 18:45:00;0.999865409266816;1.0;0.9998976999007755;0.9998783396711642;0.9999445254773585;0.999892145963342;1.0003155681762572;0.9997625777887302;1.0;1.0;0.9999032402402112;1.0;1.0000362381724979;0.9998380457238992;0.9996831330578064;0.9996936595447657;0.9996972667262605;0.9999404443016293;1.0;0.9999157940369817;0.9998598355711266;0.999932023506861;0.9996960323171133;1.0002954145224088;1.0003250558593757;0.9998794122261155;0.999919406966881;0.9999099261645858;0.9999999999999999;0.9997314855049202;0.999728189688507;0.9998269596866999;0.9999599634931854;0.9997757216104096;1.0;1.0;0.9999712077492295;0.9999509535862813;1.0;0.999954335815743;0.9998669990390301;0.9999014986252922;1.0;1.024999976158142;
2016-05-12 19:00:00;0.9996769736801545;1.0;0.999767718013602;0.9997187279740604;0.9998514833461621;0.9997568242469812;1.0003611765042062;0.9994825459733576;1.0;1.0;0.9997887083566646;1.0;1.000035014019737;0.9996345644178216;0.9992904793280346;0.9993274382675695;0.9993362672704802;0.9998404612404291;1.0;0.9998068892406379;0.9996623140107829;0.9998601091497302;0.9993331737170634;1.000337186953623;1.0003739720071025;0.9997164517634405;0.9998277820294919;0.9997966624090034;0.9999999999999999;0.9997461179210616;0.99976430462458;0.9998564637707162;0.9998848136883067;0.9998341189812454;1.0;1.0;0.9999714194682845;0.9999515781078494;1.0;0.9998708797320444;0.9996822362963471;0.9997804049639113;1.0;1.024999976158142;
2016-05-12 19:15:00;0.9996875604102683;1.0;0.9997578713371809;0.9997167462774798;0.9998559786412924;0.9997473805966127;1.0003648746425364;0.9994378277186347;1.0;1.0;0.9997817767258835;1.0;1.0000408220634627;0.9996068213491088;0.9992388975905518;0.9992789987681439;0.9992886465942695;0.9998503306598817;1.0;0.9998092550719443;0.9996914948288972;0.9998564208833273;0.9992857144156723;1.0003403986552615;1.0003769889618168;0.9997350554098844;0.9998291457086392;0.9997859401637473;1.0;0.9997228759841816;0.9997511055935913;0.9998474910541016;0.9998843915503668;0.9998205387375187;1.0;1.0;0.9999760461999988;0.9999557919390492;1.0;0.9998714361677581;0.9997101689407761;0.9997711289302064;1.0;1.024999976158142;
2016-05-12 19:30:00;0.9997660536520384;1.0;0.9998249658566574;0.9997748753665501;0.9999274340478261;0.9997959952589844;1.0003226580229325;0.9994784817706701;1.0;1.0;0.9998339600790048;1.0;1.0000395117384024;0.999655431290008;0.9992811327505862;0.9993036948804918;0.9993133144350484;0.999926133657301;1.0;0.9998597885643264;0.9997774247486552;0.9998997750397709;0.999310694355574;1.0002990157231477;1.0003343415168575;0.9998013623489748;0.9998798377284902;0.9998216585252645;1.0;0.9997573915680549;0.99977562212006;0.9998632168066842;0.9999395703670181;0.9998405922387541;1.0;0.9999999999999999;0.9999738166748511;0.9999519748914594;1.0;0.9999333556354267;0.999789240589782;0.9998344174704555;1.0;1.024999976158142;
2016-05-12 19:45:00;0.9998503029337225;1.0;0.9998827247214803;0.9998588835723391;0.9999385655769387;0.9998719611533813;1.000303281030105;0.9996893171441976;1.0;1.0;0.9998932079718348;1.0;1.0000378218971524;0.9997883643138923;0.999575112412414;0.9995946953796719;0.999600369716616;0.9999377230936557;1.0;0.9999095172623427;0.999858947094855;0.9999335133902775;0.9995988188920999;1.0002832768446062;1.0003123581250704;0.9998760653185643;0.999921253138048;0.9998890352564338;0.9999999999999999;0.9997710532298901;0.9997945864929434;0.9998694424862608;0.9999484110944186;0.999830748960197;1.0;0.9999999999999999;0.999982593582716;0.999971485127189;0.9999999999999999;0.9999432097568095;0.9998674802627713;0.9998897128744798;1.0;1.024999976158142;
2016-05-12 20:00:00;0.9999402517335246;1.0;0.9999478660756023;0.9999441098521329;0.9999694091320502;0.9999484006583033;1.0002857982735869;0.999886590825766;1.0;1.0;0.9999531069060468;0.9999999999999999;1.000036163178559;0.9999206544086082;0.9998522070293827;0.9998600831260211;0.9998618082066454;0.9999689328515017;1.0;0.9999613141840732;0.9999431988047972;0.9999667216369691;0.9998613212880989;1.0002684746947261;1.0002930291918846;0.9999502410697887;0.9999623696862255;0.9999565236206495;0.9999999999999999;0.9997493946567881;0.9997784708316274;0.9998556647519397;0.9999760413473011;0.9998017815431447;1.0;1.0;0.99998321539593;0.9999732820241629;1.0;0.999973203631061;0.9999466073953547;0.9999502117655746;0.9999999999999999;1.024999976158142;
2016-05-12 20:15:00;0.9999145589948703;0.9999999999999999;0.9999298183584258;0.9999198316714143;0.9999602208188465;0.9999267369084365;1.0002878886272535;0.9998288412230533;0.9999999999999999;1.0;0.9999370237301872;1.0;1.0000364186071082;0.9998815944944311;0.9997694359615612;0.9997815640033766;0.9997845508148606;0.9999597950994084;1.0;0.9999471892347509;0.9999199288406695;0.9999589481760465;0.9997837357383595;1.0002699633935364;1.0002955557088566;0.9999298732354944;0.999952317396651;0.9999370719665974;1.0;0.9997526457734714;0.9997812248502699;0.9998563688105921;0.9999671092579998;0.9997987629486983;0.9999999999999999;1.0;0.9999854326947227;0.9999775000432121;1.0;0.9999636674134035;0.9999249455069759;0.999933821301941;1.0;1.024999976158142;
2016-05-12 20:30:00;0.9998578727970888;1.0;0.9998841956935672;0.9998714034998083;0.999921478053114;0.99988411807991;1.000295864743869;0.9997437110120146;1.0;1.0;0.999900698810693;1.0;1.0000367110498338;0.9998152892607743;0.9996518107834517;0.9996777344013192;0.9996824383424854;0.9999202971279445;0.9999999999999999;0.9999141146687233;0.9998666519204837;0.9999365844387703;0.9996811189011953;1.0002775853439854;1.0003037648103552;0.9998863048091835;0.999925184860873;0.9999009567615205;1.0;0.9997792787506619;0.9998113002897923;0.9998774282518512;0.9999332643892447;0.9998313714436469;1.0;1.0;0.9999847484068559;0.9999764029379148;1.0;0.9999267273683186;0.9998762584929566;0.9998922649659355;1.0;1.024999976158142;
2016-05-12 20:45:00;0.999880666360881;1.0;0.9998830520766132;0.9998845009754398;0.9999398927345939;0.9998898027804531;1.0002780511115656;0.9997728792206683;1.0;1.0;0.9998906749373667;1.0;1.0000346792917274;0.9998438442396046;0.9997262336882293;0.999734712534663;0.9997369915330174;0.9999389721743419;1.0;0.9999140813035151;0.9998843780668512;0.9999120612349525;0.9997363278500251;1.0002608524523893;1.0002854554288718;0.9998955800487479;0.9999050284377707;0.9999098774001622;1.0;0.9997949969122034;0.9998496966853297;0.9999032374390517;0.9999593095860939;0.9998698173367006;1.0;1.0;0.9999852067724051;0.9999768612996386;1.0;0.9999528278773798;0.9998896341802447;0.9998846931337237;1.0;1.024999976158142;
2016-05-12 21:00:00;0.9999034928422611;1.0;0.9999189664070471;0.9999118225040046;0.9999531996875666;0.999919969052045;1.000276415894139;0.9998322841130878;1.0;1.0;0.9999250470262284;1.0;1.000033143944389;0.9998832391277775;0.9997840824286194;0.9997931028883728;0.9997953556814376;0.9999509417654604;0.9999999999999999;0.9999368495072336;0.9999020932082215;0.9999443144055385;0.9997946051295084;1.000259382540035;1.0002839713115124;0.9999152025787041;0.9999363951744341;0.9999338687869173;1.0;0.9997706757464935;0.9998266866206633;0.9998815973123668;0.9999661111708281;0.9998203426108042;1.0;1.0;0.9999841376767701;0.9999749982542897;1.0;0.9999613774334574;0.9999072852037685;0.9999216203087001;1.0;1.024999976158142;
2016-05-12 21:15:00;0.9998456749739486;1.0;0.9998765944199597;0.999862818432961;0.9999132018015675;0.9998776938841292;1.0002966798211586;0.9997373649879938;1.0;1.0;0.9998942171093842;1.0;1.0000357214116462;0.9998089036411039;0.9996429624672944;0.9996704537224942;0.9996752127748065;0.99991091016753;1.0;0.9999070121382154;0.9998515627867476;0.9999315464529864;0.9996738009853422;1.000278462228198;1.0003047130504341;0.9998747473405241;0.9999185063794325;0.9998962598731924;1.0;0.99978787610819;0.9998342025674322;0.9998839889070485;0.9999272924748586;0.9998159814121903;1.0;1.0;0.9999849191274092;0.9999757796977867;1.0;0.999919915913482;0.9998621446212476;0.9998850982506262;1.0;1.024999976158142;
2016-05-12 21:30:00;0.9999017745780081;0.9999999999999999;0.9999216461771002;0.99991224521754;0.9999517697384661;0.9999217990411594;1.0002751191852564;0.9998365972021216;0.9999999999999999;1.0;0.9999281923789713;0.9999999999999999;1.000032435793929;0.9998851153336201;0.9997850415777657;0.9997953597829792;0.9997977492540221;0.9999489648182369;0.9999999999999999;0.9999377815903491;0.9998989875030071;0.9999483170730991;0.9997969244220057;1.0002581905076948;1.000282721640011;0.9999138263511174;0.9999395500878666;0.9999352206465707;1.0;0.9997773356588512;0.9998296532401131;0.9998821746232809;0.9999641368985769;0.9998171128584641;0.9999999999999999;1.0;0.9999843139498596;0.9999751745257682;1.0;0.9999593925596407;0.9999046613942678;0.9999248648722335;1.0;1.024999976158142;
2016-05-12 21:45:00;0.9998389126959589;1.0;0.9998722788883889;0.9998563893023306;0.9999136989680956;0.9998720928140082;1.000298628780478;0.999724431033046;1.0;1.0;0.9998885880814984;1.0;1.0000353959964996;0.9998017297383508;0.9996267681716805;0.9996525731415995;0.9996574120604942;0.9999108619483746;0.9999999999999999;0.999902231519987;0.9998427501240779;0.9999267105139029;0.9996559410469374;1.0002800762263608;1.0003069904231516;0.9998668104559791;0.9999128428759748;0.9998918410364565;1.0;0.99978406598514;0.9998306877714811;0.9998799842891157;0.9999291042017433;0.9998055557495827;1.0;1.0;0.9999850714925693;0.9999767260209319;1.0;0.999921571884744;0.9998533497736779;0.9998803667955305;1.0;1.024999976158142;
2016-05-12 22:00:00;0.9998449012440683;1.0;0.9998727607973363;0.9998605858325356;0.9999170932969957;0.9998746556030257;1.000290323292313;0.9997351977791092;1.0;1.0;0.9998873267313647;0.9999999999999999;1.0000343199379282;0.9998104848425338;0.9996490095972668;0.9996711928382739;0.9996754239822941;0.9999142363560174;1.0;0.999902882358643;0.9998473942224753;0.9999218267988287;0.999674111351364;1.0002723421897641;1.0002984246122397;0.9998697702358179;0.9999089562637007;0.9998950125687578;1.0;0.9997976041427405;0.9998428616676235;0.9998913569143252;0.9999342870736645;0.9998312176723405;1.0;1.0;0.9999839177546337;0.9999747783341634;1.0;0.9999267092490861;0.9998570714177609;0.9998794674538385;1.0;1.024999976158142;
2016-05-12 22:15:00;0.999888330271615;1.0;0.9999051641171222;0.9998975150443817;0.9999440167795625;0.9999065775091943;1.0002749554331483;0.999802261095823;0.9999999999999999;0.9999999999999999;0.9999135346412813;1.0;1.0000331694205287;0.9998614401194362;0.999744137757092;0.9997565075040292;0.9997593061450005;0.9999419778818109;1.0;0.9999273776311107;0.9998891858771232;0.9999369017427476;0.9997584274499741;1.0002579479497835;1.0002824863342754;0.9999038898445648;0.9999280719022;0.9999223202645761;1.0;0.9998015680056657;0.9998502324122421;0.9998996031510601;0.9999580240055835;0.9998526909286936;1.0;1.0;0.9999849246802683;0.999976579209856;1.0;0.9999525649038767;0.9998954140872204;0.9999087907425538;0.9999999999999999;1.024999976158142;
2016-05-12 22:30:00;0.999692590731685;0.9999999999999999;0.9997486043480923;0.9997262774629652;0.9998157985939886;0.9997545797827764;1.000334683504917;0.9994758855709952;1.0;1.0;0.9997906301900713;1.0;1.0000405834559345;0.9996120374103474;0.9992855442419338;0.9993492095760478;0.9993591401245389;0.9998135040602414;1.0;0.9998159508419628;0.9997140377454832;0.9998683606534041;0.9993563685987833;1.0003140546575393;1.0003437578613559;0.9997589175145627;0.9998439248006086;0.9997907579440977;0.9999999999999999;0.9997958050651444;0.9998491163078065;0.9999007703118042;0.9998407294056549;0.999859927569968;1.0;1.0;0.999985328309118;0.9999766016977594;1.0;0.9998257940549478;0.9997361989469657;0.9997677956908426;1.0;1.024999976158142;
2016-05-12 22:45:00;0.9997549041877397;1.0;0.9998057448331192;0.9997835713553882;0.9998608585190759;0.9998078792923248;1.0003165058246664;0.9995927717895579;1.0;1.0;0.9998347426565594;1.0;1.00003675459686;0.9997013206431796;0.999444752893485;0.9994895430347985;0.9994970197026539;0.9998570823484381;1.0;0.9998531663964152;0.9997638774218606;0.9998940508121035;0.9994947894299329;1.0002968646326587;1.0003254928148502;0.9998015123113554;0.99987316515017;0.99983725488418;1.0;0.9998017651270512;0.9998573490864939;0.9999094048337451;0.9998827755619943;0.9998814891817199;1.0;0.9999999999999999;0.9999846936699899;0.9999759670641695;1.0;0.9998710469027965;0.9997809454222372;0.9998194970527946;1.0;1.024999976158142;
2016-05-12 23:00:00;0.9997739590362879;1.0;0.9998067604979336;0.9997934359787963;0.999886013360198;0.9998118001105759;1.0003024946639536;0.9996134285179861;1.0;0.9999999999999999;0.999823447075957;1.0;1.0000340682924744;0.9997278104255813;0.9995059014981572;0.9995292266626349;0.9995343439305637;0.9998814101180281;1.0;0.9998511862349483;0.999773252938194;0.9998684257052098;0.9995326759622732;1.0002832812962659;1.0003116311749431;0.9998034521677448;0.9998506590648458;0.999844849270049;1.0;0.9998080042265053;0.9998602007650619;0.9999114219498635;0.9999162305278045;0.999884653098501;1.0;1.0;0.9999837289606476;0.9999750023632459;1.0;0.9999048742787479;0.9997856238547951;0.9998132162068032;1.0;1.024999976158142;
2016-05-12 23:15:00;0.9998067936463972;1.0;0.9998357604302961;0.9998235596676666;0.999898027809274;0.9998393366226168;1.0002971963015026;0.9996615918293446;0.9999999999999999;1.0;0.9998534050003932;1.0;1.0000351912773455;0.9997593786370067;0.9995588962328561;0.999584690213636;0.9995897669881637;0.9998951923975931;1.0;0.9998759493447555;0.9998116695103956;0.9998954949366946;0.9995882335663012;1.0002785624511126;1.0003056609880683;0.9998373761361692;0.9998805076224442;0.9998658583621417;1.0;0.9998117254394103;0.9998644235607744;0.9999146280772565;0.9999205413543665;0.9998908900783473;0.9999999999999999;1.0;0.9999836737593798;0.9999737403830596;1.0;0.9999110261885941;0.9998231225639246;0.9998432510186304;0.9999999999999999;1.024999976158142;
2016-05-12 23:30:00;0.9998583892646952;1.0;0.9998841209282326;0.9998729292698557;0.9999269172035314;0.9998859535704997;1.0002760318713682;0.9997630133028342;1.0;1.0;0.9998954646322618;1.0;1.000032015854222;0.9998316754489696;0.9996893728724333;0.9997064743531257;0.9997099844940587;0.9999235900248439;1.0;0.9999099814241131;0.9998573179829001;0.9999250769052398;0.9997088284434492;1.0002589123268522;1.000283866221259;0.9998780641948241;0.9999130593761153;0.999905330031879;1.0;0.999822748126626;0.9998753899668743;0.9999238362543664;0.9999443190526283;0.9999097511499629;0.9999999999999999;1.0;0.99998419841255;0.9999758529481989;1.0;0.9999373197352326;0.9998657245512723;0.9998892397633379;1.0;1.024999976158142;
2016-05-12 23:45:00;0.9998795330336415;1.0;0.9998995394866417;0.9998908665357116;0.9999371936768077;0.999901319501753;1.0002626912256558;0.999792060208001;1.0;1.0;0.9999095050237423;1.0;1.000031238994583;0.999852770425189;0.9997280087292416;0.999743032376892;0.9997461284123744;0.9999347932685257;0.9999999999999999;0.999923020680566;0.9998802829048792;0.9999351695917732;0.999745146191625;1.0002464501304658;1.0002699631676837;0.9998971676604133;0.9999252946751617;0.9999177866486529;1.0;0.9998289445946635;0.9998810232168317;0.9999293769347988;0.9999518034993352;0.9999230021015522;1.0;1.0;0.9999844552278929;0.9999757286241534;0.9999999999999999;0.9999458437924899;0.9998873980503468;0.9999040304055109;1.0;1.024999976158142;
2016-05-13 00:00:00;0.9998888085235783;1.0;0.9999120531698635;0.9998989385794411;0.9999520690599297;0.9999095499475056;1.0002570537807856;0.9998049740628501;0.9999999999999999;0.9999999999999999;0.9999169588394734;1.0;1.0000296428147075;0.9998665113707671;0.9997441544459248;0.9997525795296245;0.9997553397969519;0.9999488505179391;1.0;0.9999288055564315;0.9998846113868861;0.9999397125971895;0.9997543884965493;1.0002407492787244;1.0002646705119767;0.9999003250074743;0.9999297481196043;0.9999249482027883;1.0;0.9998443972690775;0.9998902722158871;0.9999342420653377;0.9999660319969426;0.9999261756962299;1.0;0.9999999999999999;0.999984895218993;0.9999765497488267;1.0;0.9999610793078398;0.999890410377169;0.9999148806333024;1.0;1.024999976158142;
2016-05-13 00:15:00;0.9999191267642887;1.0;0.9999356904768348;0.9999259887371291;0.9999660529663871;0.9999335222384357;1.0002506163359188;0.999855249655861;1.0;1.0;0.9999389446888143;1.0;1.0000298158708523;0.9999015150470665;0.9998104297920113;0.9998161424645371;0.9998181776693764;0.9999638010320814;1.0;0.9999479861559598;0.9999162820968234;0.9999555647897006;0.999817484738842;1.000234943551884;1.0002576941939536;0.9999273690655901;0.9999483973889343;0.9999447656495795;0.9999999999999999;0.9998402136510015;0.999890143884312;0.9999376358792905;0.999976184538052;0.9999412967898257;1.0;1.0;0.9999837528695106;0.9999742323151068;1.0;0.9999726410079248;0.9999203922214251;0.9999376393333026;1.0;1.024999976158142;
2016-05-13 00:30:00;0.9999336032608458;1.0;0.9999462950618766;0.9999390984524057;0.9999708343363057;0.9999450575241035;1.000245650747163;0.9998805142084705;1.0;1.0;0.9999495342739343;0.9999999999999999;1.0000298016041174;0.9999182062890877;0.999843746722201;0.9998491572099067;0.9998508551652512;0.9999691783972472;1.0;0.9999572330377546;0.999932129172035;0.9999633568848462;0.999850292675714;1.0002304792820618;1.0002523288622767;0.9999410851398524;0.9999576374249511;0.9999542709166738;1.0;0.9998471126828659;0.9998942144855646;0.9999387876709076;0.9999790731443149;0.9999383841857786;1.0;1.0;0.9999858474112118;0.9999779147564112;1.0;0.9999760957801478;0.9999355880505738;0.9999480690129036;1.0;1.024999976158142;
2016-05-13 00:45:00;0.9999321348794216;1.0;0.9999443331525457;0.9999384940319851;0.9999675427275337;0.9999446023138123;1.00024395288021;0.9998837772401955;0.9999999999999999;1.0;0.9999483281473417;1.0;1.000029432581004;0.9999191819684092;0.9998493061487367;0.9998554607523509;0.9998570492292967;0.9999657151864024;1.0;0.9999560428673412;0.9999303232803475;0.9999618429216391;0.9998565034894865;1.0002290296578562;1.0002505000222885;0.9999399660993983;0.9999560191774727;0.9999542343360636;0.9999999999999999;0.9998593573586071;0.9998951987970588;0.9999377582498082;0.9999765810956311;0.9999316630855825;1.0;0.9999999999999999;0.9999846806851899;0.9999755412577466;1.0000000000000002;0.999973287376307;0.9999340097212864;0.9999462112105854;1.0;1.024999976158142;
2016-05-13 01:00:00;0.9999419475027623;1.0;0.9999512655596339;0.9999467445394498;0.9999719549636403;0.9999515859851338;1.00024168880238;0.9998969642236399;1.0;1.0;0.9999549878193105;0.9999999999999999;1.0000297247932743;0.9999284450223263;0.9998666729467569;0.999872328345808;0.999873757407257;0.9999707019168705;0.9999999999999999;0.9999621892682405;0.9999415671966483;0.9999668996851836;0.9998732938527846;1.0002269644114559;1.0002480225667352;0.9999493102734541;0.9999621641644967;0.9999598124712705;0.9999999999999999;0.9998653535197155;0.9998942125237922;0.9999382663522878;0.9999794573324485;0.9999356892877119;1.0;0.9999999999999999;0.9999847484068561;0.999976402937915;1.0;0.9999766548630258;0.9999447072841231;0.9999529678938273;1.0;1.024999976158142;
2016-05-13 01:15:00;0.9999336905004399;1.0;0.9999465258655706;0.9999396159302016;0.9999703355109866;0.9999457066306628;1.0002386412506983;0.9998838043086227;1.0;1.0;0.9999497449896649;1.0;1.0000287278364408;0.9999201667602305;0.9998485211601124;0.9998537946557835;0.9998554052613187;0.9999684987880281;1.0;0.9999572112327814;0.999931552310093;0.9999631459996533;0.9998548530608331;1.0002239321306343;1.0002451465643452;0.9999408242706106;0.999957344249039;0.9999550179997283;1.0;0.9998835170779181;0.9999037057180974;0.9999439502164035;0.9999789175479173;0.9999419888086978;0.9999999999999999;1.0;0.9999830575481808;0.9999727430433657;1.0;0.9999758615428848;0.9999350310166749;0.9999482268588147;1.0;1.024999976158142;
2016-05-13 01:30:00;0.9999401214316765;1.0;0.9999542582261096;0.9999460630235613;0.9999751596792128;0.9999522180779613;1.0002361966060977;0.9998964263436761;1.0;1.0;0.999956435573597;1.0;1.0000282379446412;0.9999294284287671;0.9998628247326938;0.9998669658131042;0.9998684629760156;0.9999731513667487;1.0;0.9999621630533234;0.9999368513551188;0.9999686721837319;0.9998679285682999;1.0002216015391925;1.0002427005773153;0.9999457421129415;0.9999630074086977;0.9999603505578888;1.0;0.9998801321875381;0.9999036271467615;0.9999428524583027;0.999982596863965;0.9999373391284204;1.0;1.0;0.999985206772405;0.9999768612996386;1.0;0.9999800022313831;0.9999399822613084;0.9999557514438696;1.0;1.024999976158142;
2016-05-13 01:45:00;0.9999485750956425;1.0;0.9999586866911739;0.999952709121006;0.9999793063941181;0.9999573846741454;1.000224680046532;0.9999079696158194;0.9999999999999999;1.0;0.9999601006767175;1.0;1.0000272014320502;0.9999380201486977;0.9998810163095809;0.9998835669787024;0.9998847573183974;0.999977731647655;0.9999999999999999;0.999966291981897;0.9999459829342389;0.9999700862512172;0.9998843339686606;1.000210829529076;1.0002307779235609;0.9999529177748925;0.9999655350652705;0.9999648374243394;1.0;0.9999284468371726;0.9999391990899461;0.9999610719270489;0.9999863275260248;0.9999478229860321;1.0;1.0;0.9999840590825928;0.9999753324823104;1.0;0.999984048201719;0.999948417763865;0.9999595737592762;1.0;1.024999976158142;
2016-05-13 02:00:00;0.9999516205084661;1.0;0.999963933966553;0.9999571268695215;0.9999794652057313;0.9999624418199556;1.0002207087432193;0.9999201341700782;1.0;1.0;0.9999657218347912;1.0;1.0000264157426042;0.9999451980481652;0.9998936955908153;0.999897108428505;0.9998982658207961;0.9999775993850321;1.0;0.9999697334998053;0.9999481712667111;0.9999753664343909;0.999897830724118;1.0002071980667762;1.0002266791468295;0.9999558883943559;0.9999705879070194;0.9999689745695126;1.0;0.9999425138172469;0.9999465765072989;0.9999641667930634;0.9999856258598281;0.9999469472322045;1.0;1.0;0.9999843522612814;0.9999760067956462;1.0;0.9999834787408504;0.9999507871224309;0.999965167218906;1.0;1.024999976158142;
2016-05-13 02:15:00;0.9999661768295154;1.0;0.9999737221087176;0.9999700996973773;0.9999840064369485;0.9999736174406648;1.000219980011239;0.999945639974127;1.0;1.0;0.9999754981672263;1.0;1.0000269950445082;0.9999620268543017;0.9999285791075511;0.9999314894656042;0.9999322471832164;0.9999827824603986;1.0;0.9999785615260322;0.9999641849122599;0.9999820545663326;0.9999319621568192;1.00020674488006;1.0002256225317467;0.9999695823393515;0.999978855940561;0.9999783149344181;1.0;0.9999415767126152;0.9999444933767081;0.9999632912434564;0.9999885733659173;0.9999471873992403;1.0;1.0;0.9999844805031667;0.9999761350364614;1.0;0.9999869340182846;0.9999660826457563;0.9999746603664602;1.0;1.024999976158142;
2016-05-13 02:30:00;0.9999646246855428;1.0;0.9999723501363075;0.9999671122428433;0.9999871089136685;0.9999703923270364;1.0002191429764433;0.9999328710861236;1.0;1.0;0.9999731326524911;1.0;1.0000271243556234;0.9999553149125713;0.9999115412872848;0.9999133478903022;0.9999143101324943;0.9999861560683818;1.0;0.9999772819646722;0.9999633280799718;0.999980659369246;0.9999139903482337;1.0002057081348195;1.0002249217684247;0.9999678550852269;0.9999774894154133;0.9999752344443377;1.0;0.9999455098100637;0.9999476489216174;0.9999663251237627;0.99999128929854;0.9999543495553296;1.0;1.0;0.9999839674023505;0.9999752408028683;1.0;0.9999898960589062;0.999964981387391;0.9999730768192218;1.0;1.024999976158142;
2016-05-13 02:45:00;0.9999563994585907;1.0;0.9999674261728005;0.999960385476205;0.9999846288292447;0.9999649622433565;1.0002194046261288;0.9999228182037975;0.9999999999999999;1.0;0.9999678236429482;1.0;1.0000264307752644;0.9999487426038295;0.9998982088808861;0.9998996368962196;0.9999006891557336;0.9999829621028179;1.0;0.999972147928541;0.9999528917552508;0.9999764195242733;0.9999002956569016;1.0002058540376066;1.000225404057677;0.9999592095215558;0.9999721567142545;0.9999710293484186;1.0;0.9999455984720642;0.9999476786853572;0.9999649546601592;0.9999902776933993;0.9999482398013055;0.9999999999999999;1.0;0.9999843635979505;0.9999756369950105;1.0;0.999988521987835;0.9999549166580277;0.9999681002645846;1.0;1.024999976158142;
2016-05-13 03:00:00;0.9999619764472464;1.0;0.9999715381749505;0.9999655857417127;0.9999859044862668;0.9999695868144883;1.0002174230721153;0.9999332173459206;1.0;1.0;0.9999721875719918;1.0;1.0000264409215498;0.9999553144658809;0.9999116447773413;0.9999133208557431;0.9999142543413871;0.9999844874479712;1.0;0.9999758545711622;0.9999591715461748;0.9999797840846594;0.9999139095722169;1.0002040981278342;1.0002232397481905;0.9999647588383036;0.9999760791449095;0.9999748134730096;1.0;0.9999524425017972;0.9999525842663388;0.9999682947696639;0.9999907461316708;0.9999533745814662;1.0;1.0;0.9999835329475537;0.9999740123952437;1.0;0.9999891846698656;0.9999610103952814;0.9999722467869121;1.0;1.024999976158142;
2016-05-13 03:15:00;0.9999634089126308;0.9999999999999999;0.9999714734105626;0.9999678880938692;0.9999815924260871;0.9999717170798272;1.0002176430507161;0.9999422954525446;1.0;1.0;0.9999738671623618;1.0;1.000026647695067;0.9999591043585074;0.9999238285828287;0.9999276359332745;0.999928471640673;0.9999803163308586;1.0;0.9999770109923719;0.9999616044300065;0.9999810877334296;0.9999281624570207;1.0002045772512866;1.0002232139868503;0.9999675815460872;0.9999776446917906;0.9999767140136002;0.9999999999999999;0.99995684641607;0.9999540873645684;0.9999682129050047;0.9999864260185481;0.9999500458687774;1.0;0.9999999999999999;0.9999843635979504;0.9999756369950105;1.0;0.999984599910518;0.9999637725352346;0.9999726691583547;1.0;1.024999976158142;
2016-05-13 03:30:00;0.9999641534376903;0.9999999999999999;0.999971690054328;0.9999672298024609;0.9999837995664594;0.9999705835323554;1.0002193437434315;0.9999340390327988;1.0;1.0;0.9999739541448373;1.0;1.0000273846343772;0.9999544959667065;0.9999116769856176;0.9999156148132137;0.9999166810292738;0.9999830628763594;1.0;0.9999776864746482;0.9999642002432689;0.9999821733817894;0.9999163490651122;1.0002060290685393;1.0002249783650203;0.9999690944498155;0.9999790489347554;0.9999751653285984;1.0;0.9999471138042823;0.9999464570059877;0.9999628911295788;0.9999875181704938;0.9999415666820323;1.0;1.0;0.9999826598701623;0.9999731393261647;1.0;0.9999859869271216;0.9999662341490316;0.9999730220286754;1.0;1.024999976158142;
2016-05-13 03:45:00;0.9999657432936636;1.0;0.9999720770474892;0.9999675415330301;0.9999851395319088;0.9999702813316923;1.0002170108450457;0.9999289928226276;1.0;0.9999999999999999;0.9999745621283637;1.0;1.0000276490764985;0.9999515313456713;0.9999041963514617;0.9999086144850065;0.9999098511849411;0.9999849773565028;1.0;0.999978811422566;0.9999678301926663;0.9999834614139648;0.9999095146809733;1.000203761641548;1.0002225440985077;0.9999716346021499;0.9999807839083198;0.9999743919185982;1.0;0.9999404090619293;0.9999439256956614;0.9999631097305418;0.9999878100217527;0.9999472563430648;0.9999999999999999;1.0;0.9999853044015071;0.9999773717510142;1.0;0.9999865111695302;0.9999697552287367;0.9999735963101699;1.0;1.024999976158142;
2016-05-13 04:00:00;0.9999599956774603;1.0;0.999969315874158;0.9999616294365357;0.9999870808267043;0.9999651352646655;1.0002155037381704;0.9999131410009217;1.0;1.0;0.9999705609766835;1.0;1.000027152518077;0.9999427191186159;0.999881981275598;0.9998851808786563;0.9998866755101363;0.9999866566596574;1.0;0.9999753719847754;0.999961101331986;0.9999810198670236;0.999886252829286;1.0002020442023323;1.0002212970532338;0.9999653359667888;0.9999776136888013;0.9999698707819751;1.0;0.9999428441133635;0.9999461035834066;0.9999640680103237;0.9999899882717771;0.9999471488131401;1.0;1.0;0.9999842844888063;0.9999751450649842;1.0;0.9999887758708367;0.9999630398843454;0.9999706659434155;1.0;1.024999976158142;
2016-05-13 04:15:00;0.9999764644388804;1.0;0.9999801782920378;0.99997811520988;0.9999885285640158;0.999979979604687;1.000212697222109;0.9999553644472075;1.0;1.0;0.999982009693805;1.0;1.0000270057526643;0.9999690023365356;0.9999411725211017;0.9999440829158088;0.9999447819084265;0.9999882453302787;1.0;0.999984994841126;0.9999772649495073;0.9999874284622948;0.9999445782778078;1.0001999349192532;1.0002179584646673;0.9999801697423767;0.9999855939287758;0.9999830926223549;1.0;0.9999465970411552;0.9999492362010671;0.9999663633553805;0.9999910492084323;0.9999511375727738;1.0;1.0;0.9999848460366275;0.9999769133897707;1.0;0.9999899810095961;0.9999786014705413;0.9999810913834813;1.0;1.024999976158142;
2016-05-13 04:30:00;0.9999692041721843;1.0;0.9999753236907296;0.9999715344830298;0.999987276224279;0.999974293652738;1.000213812662927;0.9999428089178187;1.0;1.0;0.99997657799553;1.0;1.0000266661378028;0.9999612734426043;0.9999248681656667;0.9999271327990867;0.9999279598223436;0.9999865303591408;1.0;0.9999802194693386;0.9999685413305334;0.9999831328028493;0.9999276900974725;1.0002008328004515;1.0002193110674251;0.9999725650304994;0.9999804656449425;0.9999785139905121;1.0;0.999946944952757;0.9999489854647731;0.9999669922503692;0.9999909586548777;0.9999544631937862;1.0;1.0;0.9999826485324558;0.9999735091235855;0.9999999999999999;0.999989647046518;0.9999700962554393;0.9999761111306779;1.0;1.024999976158142;
2016-05-13 04:45:00;0.9999718936213596;1.0;0.9999776281188855;0.9999743839039873;0.9999867616504962;0.9999769935752099;1.000213524300763;0.9999488231669327;1.0;1.0;0.9999795981397483;1.0;1.0000268296300412;0.9999644461892616;0.9999315068560231;0.9999348371435776;0.9999356686692563;0.999986202562049;1.0;0.9999825169976954;0.9999720703115698;0.999986041024404;0.9999354108555923;1.0002006600704785;1.000218899996253;0.9999759474890308;0.999983612603596;0.999980584304142;1.0;0.9999495999116624;0.999950387828049;0.9999666836366551;0.9999896972748831;0.9999502838069017;1.0;1.0;0.9999837289606474;0.9999750023632459;1.0;0.9999884606628773;0.9999737023061459;0.9999787296139816;1.0;1.024999976158142;
2016-05-13 05:00:00;0.9999644090858232;1.0;0.999973247166234;0.9999659543957963;0.9999888227402317;0.9999691956325837;1.000214057482658;0.9999225096782668;1.0;1.0;0.9999743054139351;1.0;1.0000269942906221;0.9999489715414556;0.9998940063271157;0.9998968975782966;0.9998982627157805;0.9999884169173693;0.9999999999999999;0.9999783506050057;0.999965322491219;0.9999837602563;0.9998978753642729;1.0002007469687113;1.0002197606225096;0.9999691719863358;0.9999806563941301;0.9999732934157121;1.0;0.999950846864481;0.9999522637533553;0.9999688341460733;0.9999912290816009;0.9999561778670958;1.0;1.0;0.9999832099130568;0.9999736893638222;1.0;0.9999901951665734;0.9999670680831828;0.9999744971222361;1.0;1.024999976158142;
2016-05-13 05:15:00;0.9999722194290571;0.9999999999999999;0.9999785929666711;0.9999732361579456;0.9999914888335757;0.9999756293884352;1.000213736975534;0.9999393865045081;1.0;0.9999999999999999;0.999979206648416;1.0;1.000027044612911;0.99996029635556;0.9999181135851748;0.9999199392811574;0.9999209497690661;0.9999911550406502;1.0;0.9999826973332886;0.9999727461688939;0.9999863028033055;0.9999206607031998;1.0002005912885248;1.0002192984750833;0.999975620744487;0.9999839412692721;0.9999790103100089;1.0;0.9999467728303496;0.9999500578021746;0.9999679462923668;0.9999936684072109;0.9999566191616371;1.0;0.9999999999999999;0.9999838938973014;0.9999755484354915;1.0;0.999992831235137;0.9999740241257112;0.9999794067344178;1.0;1.024999976158142;
2016-05-13 05:30:00;0.9999771748187286;0.9999999999999999;0.9999809819506652;0.9999785190065343;0.9999899835555016;0.9999803190441242;1.000214211266506;0.9999551093769314;1.0;1.0;0.9999823582031724;1.0;1.0000271926531499;0.9999693870753957;0.9999408213212426;0.9999431496753396;0.9999438429650271;0.9999897003213526;1.0;0.9999853746497093;0.9999777863856691;0.9999876487177973;0.9999436408336709;1.0002013064689026;1.0002195522463295;0.9999804415182009;0.9999858502632032;0.9999833503280754;1.0;0.9999506355125111;0.9999525936385625;0.9999691666802075;0.9999923830530386;0.9999571159055274;1.0;1.0;0.9999834353177577;0.9999735019438062;0.9999999999999999;0.9999914215555806;0.9999789878131945;0.9999817524515088;1.0;1.024999976158142;
2016-05-13 05:45:00;0.9999706848754452;1.0;0.9999750606929428;0.9999728378083323;0.9999843333106649;0.9999751122784722;1.0002230773939138;0.9999442104443739;0.9999999999999999;1.0;0.9999780892758383;1.0;1.000028459439732;0.9999605443434432;0.9999256402056782;0.9999303733356626;0.9999313212651105;0.9999841711353896;1.0;0.9999816758833748;0.9999726400199889;0.9999852923861116;0.9999310606776612;1.0002097015592903;1.0002285627873644;0.9999762701254328;0.999983091131209;0.9999787900216277;1.0;0.9999372837884437;0.999922914155028;0.9999486519891871;0.9999870802396951;0.9999247665404853;1.0;1.0;0.9999838697735719;0.9999747303535401;1.0;0.9999857206177871;0.9999744707680412;0.9999765232162664;1.0;1.024999976158142;
2016-05-13 06:00:00;0.9999621462331406;1.0;0.9999702058306077;0.9999655142536927;0.9999822004157751;0.9999690898768288;1.000221870247356;0.9999303323205243;1.0;1.0;0.9999730120974507;1.0;1.000027758430831;0.9999515355578693;0.9999059429713145;0.999910762016459;0.9999119435745021;0.9999815126927193;1.0;0.9999767601638107;0.9999626926340388;0.9999820033683593;0.9999115847206046;1.000208409808358;1.000227552885769;0.9999679178213703;0.9999787163873247;0.9999737685121305;1.0;0.9999465119128594;0.9999400349000614;0.9999544100432007;0.9999858351335856;0.9999167289323981;1.0;0.9999999999999999;0.9999839913112729;0.9999744707545989;1.0;0.9999842169459483;0.9999649464967325;0.9999718200163246;1.0;1.024999976158142;
2016-05-13 06:15:00;0.9999609620654853;1.0;0.9999688214160384;0.999963834465339;0.9999830770579201;0.9999673077379416;1.0002182410476717;0.9999253987000136;1.0;0.9999999999999999;0.9999711093655863;1.0;1.0000272926553622;0.9999489946375935;0.9999003577664265;0.9999044195701908;0.9999056196094366;0.9999824016668141;1.0;0.9999755338742542;0.9999613810646363;0.9999802203808421;0.9999052567618376;1.0002049090750464;1.0002239063324465;0.9999663672552722;0.999976913591165;0.9999723096280407;1.0;0.9999469235218039;0.9999410824498696;0.9999586051128933;0.9999870076135131;0.9999329713862919;1.0;1.0;0.99998468068519;0.9999755412577468;1.0;0.9999854016800244;0.9999635160825016;0.9999702167419345;1.0;1.024999976158142;
2016-05-13 06:30:00;0.999967198463866;1.0;0.9999738307849368;0.9999693091605653;0.9999865162472594;0.9999721636929183;1.000222061664182;0.999935262844165;1.0;0.9999999999999999;0.9999755451192184;0.9999999999999999;1.000027959755966;0.9999561436008046;0.9999134201389186;0.9999166133423973;0.9999176606815201;0.9999860093092056;1.0;0.9999794227005655;0.9999677085669113;0.9999833554017243;0.999917349788235;1.0002085311677023;1.0002277649907054;0.999971689610907;0.9999806010242541;0.9999763347640983;1.0;0.9999464889004147;0.9999375420930334;0.9999512055093009;0.9999896804249613;0.9999075599616206;1.0;1.0;0.9999621796716778;0.9999510714429218;1.0;0.9999883971802783;0.9999694407210663;0.9999749655262287;1.0;1.024999976158142;
2016-05-13 06:45:00;0.9999569731221383;1.0;0.9999671660253049;0.9999605107258019;0.9999817963257182;0.9999647159479662;1.0002298427640421;0.9999178275012313;0.9999999999999999;0.9999999999999999;0.9999697250606174;1.0;1.0000286480299192;0.999943790976854;0.9998880824507004;0.999892942186789;0.9998943678629525;0.9999809891424647;1.0;0.9999738556148723;0.9999573471313065;0.9999802602016766;0.9998939364567638;1.0002157487832477;1.0002358725265443;0.9999631325628843;0.9999764072721936;0.9999698743337267;1.0;0.9999294762149038;0.9999290254938303;0.9999496370428838;0.9999855605832069;0.9999177313276092;1.0;1.0;0.9999334060638861;0.9999052140054445;0.9999999999999999;0.9999839011333188;0.9999598051273857;0.9999689156046934;1.0;1.024999976158142;
2016-05-13 07:00:00;0.9999744279840164;1.0;0.9999793908135929;0.9999765044502507;0.9999882101630387;0.9999787860146642;1.0002377692236486;0.9999526148017058;1.0;1.0;0.9999810809877501;1.0;1.0000300382256906;0.999967270771286;0.9999369480508227;0.9999397980805529;0.9999405500747843;0.9999877354373441;1.0;0.9999839320928674;0.9999746460627066;0.9999869058061789;0.9999403190843745;1.000223489313078;1.0002436925572136;0.9999780424325472;0.9999847446414286;0.9999821087663324;1.0;0.9999042087749133;0.999892133261676;0.9999330710297615;0.9999909320330109;0.9999169736624414;1.0;0.9999999999999999;0.9999228969772457;0.9999002624168332;1.0;0.9999898152270271;0.9999760883944447;0.9999803314801432;1.0;1.024999976158142;
2016-05-13 07:15:00;0.9999416651008397;1.0;0.9999433021330023;0.9999430876857588;0.9999719463912998;0.9999456611135095;1.0002715292948259;0.999884686421145;1.0;0.9999999999999999;0.9999466795651887;0.9999999999999999;1.0000344651780486;0.9999214959694975;0.9998594097406392;0.9998633696994373;0.9998646052547071;0.9999715911326718;0.9999999999999999;0.9999582733646155;0.9999438112135554;0.9999576202659672;0.9998642555153515;1.0002550260599241;1.0002784215597766;0.9999490187025641;0.9999541537285775;0.9999552634398852;1.0;0.9998809935154572;0.9998416001508638;0.9999098725258053;0.9999810090880739;0.9999154069835422;1.0;1.0;0.9997837031562301;0.9996199299819518;1.0;0.9999779834297365;0.9999463254243318;0.999944148254211;1.0;1.024999976158142;
2016-05-13 07:30:00;0.9999619396363254;1.0;0.9999669171582538;0.9999641260263769;0.999981786876753;0.9999668358164896;1.0002699051335704;0.9999263617520866;1.0;0.9999999999999999;0.9999696420848717;1.0;1.000034246222898;0.999949239286365;0.9999044439043809;0.999908626501487;0.9999097048255817;0.9999814025292112;1.0;0.9999751057927448;0.9999633235743847;0.9999781314101167;0.9999093943814449;1.0002536295349376;1.0002766554443956;0.9999676661578095;0.9999753222016695;0.9999721124464436;1.0;0.999882981795412;0.9998323820005943;0.9999052488967727;0.9999861868828465;0.9999136665154132;0.9999999999999999;1.0;0.9997585995990157;0.9995935790405003;1.0;0.9999844347938777;0.9999653531392377;0.9999681879741213;0.9999999999999999;1.024999976158142;
2016-05-13 07:45:00;0.9999462865977787;1.0;0.9999562981422406;0.9999501704642079;0.9999753665578625;0.9999547553362557;1.000277946726109;0.999897157324342;0.9999999999999999;1.0;0.9999601057540517;1.0;1.000034906191293;0.9999290576565147;0.9998627530932244;0.9998691721476826;0.9998708518897513;0.9999746374587221;1.0;0.9999663399343043;0.9999477691629773;0.9999728510664985;0.9998703591658374;1.00026098882572;1.000285122753957;0.9999545148163007;0.9999684633398933;0.9999615984882279;0.9999999999999999;0.9998736350997091;0.9998252254598243;0.9999015320365301;0.9999806313800494;0.999911583796287;1.0;1.0;0.999763606481018;0.9996035672350596;1.0;0.999978357803123;0.9999508088588879;0.9999584179657354;1.0;1.024999976158142;
2016-05-13 08:00:00;0.9999320016223379;1.0;0.9999480842814347;0.9999352375943942;0.9999775628201624;0.9999413512299863;1.0002987648303774;0.99985558186397;1.0;0.9999999999999999;0.9999502367591688;0.9999999999999999;1.0000373299034897;0.9999044919331052;0.999803965714409;0.9998093411505421;0.9998118028605252;0.999976671305962;1.0;0.9999581109674243;0.999933271538772;0.9999676511136096;0.9998110931771331;1.0002799309483417;1.0003069992698184;0.9999408009205597;0.99996177209894;0.9999494868010452;0.9999999999999999;0.9998511089200872;0.9997815233233994;0.9998629912101162;0.9999827939997369;0.9998300002616832;1.0;1.0;0.9997413227474413;0.9995621436616032;0.9999999999999999;0.9999806604706252;0.999936599312121;0.9999503266174142;0.9999999999999999;1.024999976158142;
2016-05-13 08:15:00;0.9999424617316771;1.0;0.9999583562013384;0.9999440048803311;0.9999863287728555;0.9999493606067485;1.0003063177784401;0.9998668920783257;1.0;1.0;0.9999588281280608;0.9999999999999999;1.0000386127220489;0.999914124031158;0.9998163859923589;0.999819849729022;0.9998222524781043;0.9999857696846502;0.9999999999999999;0.9999654066424118;0.999943944976806;0.9999749339658143;0.9998215815995637;1.0002868941452039;1.0003147889529513;0.9999495521636225;0.9999697922085717;0.9999556798589773;0.9999999999999999;0.9998235107914286;0.9997663192528369;0.9998621151654588;0.9999893433258413;0.9998575415227249;1.0;1.0;0.9997423456255211;0.9995826522401308;0.9999999999999999;0.9999880679219458;0.9999465126245097;0.9999602129125684;1.0;1.024999976158142;
2016-05-13 08:30:00;0.9999489293959813;1.0;0.9999587241002752;0.9999520289704159;0.9999782815929041;0.9999563107389204;1.0003102697083637;0.9998979108963499;0.9999999999999999;0.9999999999999999;0.9999619040727169;1.0;1.0000392076575073;0.9999304523511734;0.9998632196919163;0.999868907157061;0.9998706007290377;0.9999777133369215;1.0;0.9999680675175441;0.9999506616720639;0.9999744332261987;0.9998701156457975;1.000291323643333;1.0003182480755488;0.9999566695872824;0.9999702850857346;0.9999627031288907;1.0;0.9998235174330357;0.9997660074882934;0.9998646701057012;0.9999828997112524;0.9998703207023013;0.9999999999999999;1.0;0.999705168117901;0.9995093075787362;0.9999999999999999;0.9999808982599159;0.9999534375853453;0.9999606894612088;1.0;1.024999976158142;
2016-05-13 08:45:00;0.9999424298885068;1.0;0.9999473119221537;0.9999453757836145;0.9999706965266638;0.9999488749300586;1.0003287564880086;0.9998900557249123;1.0;1.0;0.999951784261746;0.9999999999999999;1.000041724927471;0.9999236997133648;0.9998608277000123;0.9998670400540259;0.9998684937679853;0.9999702401538911;1.0;0.9999611013528192;0.9999448749586705;0.9999638262771949;0.9998680795863719;1.0003089404568815;1.0003369692611688;0.9999511125876267;0.9999599384995647;0.9999574077117251;1.0;0.9997755222039022;0.9997397982929939;0.9998532582623668;0.9999782662199393;0.9998748577536446;0.9999999999999999;0.9999999999999999;0.9996994100548295;0.9995006103533736;0.9999999999999999;0.9999753752059083;0.9999478660491316;0.9999490094928636;0.9999999999999999;1.024999976158142;
2016-05-13 09:00:00;0.9999231792508118;1.0;0.9999375710368154;0.9999313305850721;0.9999548610230036;0.9999384063739181;1.0003338977823732;0.9998652348087791;1.0;1.0;0.9999474104227049;1.0;1.0000421568890157;0.9999014639019493;0.9998157363405928;0.9998311190742856;0.9998336725857693;0.9999541625827919;1.0;0.9999541467113433;0.9999281637396642;0.9999669120734912;0.9998329523010364;1.00031388134795;1.0003421915554351;0.9999393828247591;0.999960658388446;0.9999473015695506;1.0;0.999773651446756;0.9997432790897025;0.9998507664578362;0.9999611945196129;0.9998559976904594;1.0;1.0;0.99970478992674;0.9995051220090688;1.0;0.999957500033605;0.9999336433068022;0.99994233134102;1.0;1.024999976158142;
2016-05-13 09:15:00;0.9998905749490868;1.0;0.9999131049258608;0.9998998855841621;0.9999451018759823;0.9999098775743804;1.0003319476493828;0.9997925123457209;1.0;1.0;0.9999239959131445;1.0;1.0000415934344506;0.9998536200773702;0.9997159127095736;0.9997341056227673;0.9997379715171881;0.9999441813109348;1.0;0.9999344316119372;0.9998969093259548;0.9999525050559039;0.9997368906445222;1.000311393133238;1.0003407760845793;0.9999114277763561;0.9999434731307143;0.9999224323079438;1.0;0.9997927709074466;0.9997609116306438;0.999866106254408;0.9999532752097214;0.9998870945738934;1.0;1.0;0.9997311123978521;0.999577938807465;1.0;0.9999487150445742;0.9999039807492508;0.9999190741171962;1.0;1.024999976158142;
2016-05-13 09:30:00;0.9999100234689081;1.0;0.999928631597675;0.9999187341534608;0.9999515591799134;0.9999271891736484;1.0003328465338501;0.9998351200155281;1.0;0.9999999999999999;0.9999388470606149;1.0;1.000041887953671;0.9998817557492549;0.9997730716303553;0.9997897486933579;0.9997929106984207;0.9999507688015221;1.0;0.9999466870861631;0.9999156000642122;0.9999623666817686;0.9997920239991835;1.0003125873505365;1.000341384383222;0.999928227450902;0.9999548815775087;0.999937334375024;1.0;0.999772985691153;0.9997514087049191;0.9998640666739224;0.9999582110345254;0.9998972454506705;0.9999999999999999;1.0;0.9997186987368565;0.999535867124563;0.9999999999999999;0.9999542655088662;0.9999217610680079;0.9999339977564412;1.0;1.024999976158142;
2016-05-13 09:45:00;0.9998845954106004;1.0;0.9999079065825776;0.9998980751519753;0.9999316804517359;0.9999093366830405;1.000352326486228;0.9998046937132824;1.0;0.9999999999999999;0.999922797606601;1.0;1.0000437783705067;0.9998560664094126;0.999731697060523;0.9997549415704324;0.9997586843755131;0.9999302498330369;1.0;0.9999316702262625;0.9998907530686592;0.9999517445529525;0.9997576001036727;1.0003311372209034;1.0003612615466722;0.99990848591387;0.9999420201066744;0.9999226390024606;1.0;0.9997501465525005;0.9997387871625089;0.9998588360175827;0.9999413099774379;0.9999015836881606;1.0;1.0;0.9996889943581503;0.9994805479705604;1.0;0.9999357107381801;0.9998991274014417;0.9999150953483446;1.0;1.024999976158142;
2016-05-13 10:00:00;0.9999042753806445;1.0;0.9999134148540136;0.9999103867592796;0.9999475791512389;0.9999166345365083;1.0003458222345971;0.9998218307668006;1.0;0.9999999999999999;0.9999228685737772;1.0;1.000043812728402;0.9998738948396201;0.9997713426549254;0.9997847047759064;0.9997872819075622;0.9999470324126727;1.0;0.9999368842512416;0.9999098559436252;0.9999439478334838;0.9997865660501069;1.000324894725541;1.0003545420896327;0.9999209435124331;0.9999374179713593;0.9999301751802302;1.0;0.9997097037825546;0.9997133070222599;0.9998456689790152;0.9999590545298511;0.9998926119689262;1.0;1.0;0.9997328222779142;0.9995662926859479;1.0;0.9999541778550615;0.9999153804632424;0.9999171446948074;1.0;1.024999976158142;
2016-05-13 10:15:00;0.9998980415690384;1.0;0.9999021765006668;0.9999008566023196;0.999951199864196;0.9999056736586743;1.0003469768945856;0.9997986073566018;0.9999999999999999;0.9999999999999999;0.9999083088379062;0.9999999999999999;1.0000438550969994;0.9998626694415346;0.9997524579530843;0.9997599639953287;0.9997622280870588;0.9999505933952422;1.0;0.9999278452919435;0.9999019820095897;0.9999279870405634;0.9997615903405898;1.0003256404757834;1.0003560170232937;0.9999112984966619;0.9999217855371751;0.9999221160551583;1.0;0.9997368337630952;0.9997116168027619;0.9998250451824315;0.9999664012389592;0.9998066646780366;1.0;1.0;0.999699624821434;0.9994949835954585;1.0;0.9999612179994048;0.9999064983468473;0.9999039037138278;0.9999999999999999;1.024999976158142;
2016-05-13 10:30:00;0.9999054975543501;1.0;0.9999105880902672;0.9999077978587877;0.9999573982790121;0.9999124548721071;1.0003622710495372;0.9998103492726336;1.0;1.0;0.9999153683811484;1.0;1.0000457534525715;0.999871849007627;0.9997656350020039;0.9997716145031031;0.9997737797526768;0.9999567412496781;1.0;0.9999333437765952;0.9999085739032619;0.9999338274435114;0.9997731644467727;1.0003399518670582;1.000371747957453;0.999917062622223;0.9999279129188522;0.9999275721239912;1.0;0.999712057723776;0.9996900316365355;0.9998092047021148;0.9999711973117895;0.9997831381591877;1.0;1.0;0.9996220319343113;0.9993832192516202;1.0;0.9999665966893316;0.9999126025681124;0.9999120116514411;1.0;1.024999976158142;
2016-05-13 10:45:00;0.9999149257692694;1.0;0.9999336801077834;0.9999176288704233;0.9999740090196996;0.999924721435855;1.0003496546753365;0.9998127428389968;1.0;1.0;0.9999356431973812;1.0;1.0000438512330145;0.9998773464071279;0.9997477144180611;0.9997533278064765;0.9997564312042521;0.9999731604576775;1.0;0.9999467208952746;0.9999170915129897;0.9999574798399192;0.9997555558374386;1.0003273868059694;1.0003594424965516;0.9999255434981758;0.9999504066527423;0.999935149495849;1.0;0.9996997858413854;0.9996834628156925;0.9998060663612617;0.9999806202493007;0.9997803677331832;1.0;1.0;0.9996763163347552;0.9994532833828706;1.0;0.9999780716875264;0.9999209533032687;0.9999361506351845;1.0;1.024999976158142;
2016-05-13 11:00:00;0.9999447600515227;0.9999999999999999;0.9999555893335493;0.9999498515875915;0.9999732461797132;0.9999549430554991;1.0003417613534462;0.9999016523968826;1.0;1.0;0.9999596090507605;1.0;1.0000426948540988;0.9999312827330746;0.9998692226229462;0.9998757782382351;0.9998773324931698;0.9999720942459556;1.0;0.9999653774746012;0.9999448879585434;0.9999719293419003;0.9998768431144797;1.0003211386080695;1.0003504426190517;0.9999526308040816;0.9999671915029267;0.9999621585844142;1.0;0.9997164303402365;0.9996892990701889;0.99980465739867;0.9999793379569385;0.9997619233433812;1.0;1.0;0.9997296511840879;0.9995703177872947;1.0;0.9999768164682562;0.999948113552277;0.9999576951069534;1.0;1.024999976158142;
2016-05-13 11:15:00;0.9999296223416888;0.9999999999999999;0.9999428789848179;0.9999337572172597;0.9999717614009258;0.999939615273166;1.0003636599993018;0.999860897252519;1.0;1.0;0.9999461195424351;1.0;1.0000454779660115;0.9999062037150963;0.9998160267917194;0.9998219620078437;0.9998240969310556;0.9999706524457629;1.0;0.9999550319288228;0.9999303355231614;0.9999623144322716;0.9998234579138784;1.0003412748615688;1.0003732388793036;0.9999385948930205;0.9999565360621181;0.9999489317500739;1.0;0.9996737397816428;0.9996722152237817;0.9998044724462662;0.9999790999818866;0.9997995211111657;0.9999999999999999;0.9999999999999999;0.99966085882665;0.9994966705280455;1.0;0.9999763081481948;0.9999338747981672;0.999944965954539;1.0;1.024999976158142;
2016-05-13 11:30:00;0.9999366308553704;1.0;0.9999502103959719;0.9999406089030217;0.9999752564853427;0.9999462598569493;1.0003491410335943;0.9998737093704008;1.0;1.0;0.9999532023349792;1.0;1.0000437375195397;0.9999148653686056;0.9998303543462789;0.999836225981699;0.9998382977758665;0.9999742654221327;1.0;0.9999604773918332;0.9999374712196156;0.9999685242233933;0.999837683619104;1.000327648737017;1.000358325013992;0.99994510075939;0.9999631221414278;0.9999542057820954;1.0;0.9997062961197202;0.9996907220344737;0.9998130827366143;0.9999810713489596;0.9997970416503611;1.0;1.0;0.999670778841801;0.9995013702404528;0.9999999999999999;0.9999787127793254;0.9999407691163098;0.9999523711479841;1.0;1.024999976158142;
2016-05-13 11:45:00;0.999932585811156;1.0;0.9999486246742928;0.9999370331909521;0.9999748607751681;0.9999434027005982;1.0003444396055525;0.9998649045607514;1.0;1.0;0.9999515620059398;1.0;1.000042977414209;0.999909255189693;0.9998165808146648;0.9998228151431294;0.9998251161871877;0.9999737227312961;1.0;0.9999586587647206;0.9999331994817412;0.9999682906588576;0.9998244314582503;1.0003231034323978;1.0003536412140186;0.9999415164035654;0.9999623303335987;0.9999515474653008;1.0;0.9996825457849555;0.9996782236184483;0.9998073279314492;0.9999805266727935;0.999795168293015;1.0;1.0;0.9997318417439304;0.9995524081695436;1.0;0.9999781642487697;0.9999367467517982;0.9999510266286888;1.0;1.024999976158142;
2016-05-13 12:00:00;0.9999276135973553;1.0;0.9999465449437613;0.9999327456313978;0.9999733830755896;0.9999399868675724;1.0003565695175696;0.9998542190971151;1.0;0.9999999999999999;0.9999499167552979;1.0;1.0000444410556115;0.999901942203865;0.9997992552025616;0.9998066854322983;0.9998093156467152;0.9999721745675803;1.0;0.999956681914156;0.9999285460923458;0.9999686626420926;0.9998085394413416;1.0003343971204646;1.0003661693106445;0.999937743260829;0.9999620575877404;0.9999482429848255;1.0;0.9996856858741877;0.9996694806583709;0.9997972671804749;0.9999786217641928;0.9997706355245376;1.0;0.9999999999999999;0.9996651356430507;0.9994904236632831;1.0;0.9999762287898382;0.999932511493353;0.999949465554991;0.9999999999999999;1.024999976158142;
2016-05-13 12:15:00;0.9998848548377761;1.0;0.9999150329620432;0.9998977626032379;0.9999529690942038;0.9999105497258386;1.0003580844826943;0.9998083763934079;1.0;1.0;0.9999187871588879;1.0;1.0000413753090238;0.9998691567650696;0.9997443315006497;0.9997518755741187;0.9997546711307114;0.9999485064716077;1.0;0.9999281138869152;0.9998763783243074;0.999941934926168;0.9997536233406195;1.0003357170319678;1.0003684083441247;0.999894601416026;0.9999304787438423;0.9999260216856123;0.9999999999999999;0.9996672747153239;0.9996631984750998;0.9997966659835715;0.9999673321613559;0.9997787058850095;1.0;1.0;0.9997203901811007;0.9995326206303022;1.0;0.9999623781331072;0.9998824955246953;0.9999178524438548;1.0;1.024999976158142;
2016-05-13 12:30:00;0.9998922750587647;0.9999999999999999;0.9999188203219112;0.9999036035145084;0.9999522155789058;0.9999149710701627;1.0003512300078228;0.9998130828572146;0.9999999999999999;1.0;0.9999249548857292;0.9999999999999999;1.0000418898846242;0.9998705430672857;0.9997475427382757;0.9997586110667959;0.9997616515008714;0.9999491256694284;1.0;0.9999339402819503;0.9998891680756521;0.9999489133032493;0.9997606355616406;1.0003294325650252;1.0003610019006546;0.999905450884358;0.9999387531692504;0.9999286209985802;1.0;0.9996821423432529;0.9996813501358816;0.9998162918901378;0.9999636898202071;0.9998275246847959;1.0;0.9999999999999999;0.9997384208422592;0.9995654688257717;1.0;0.9999591007082113;0.9998953843696694;0.9999226731174661;0.9999999999999999;1.024999976158142;
2016-05-13 12:45:00;0.9999017408662756;1.0;0.9999216477136061;0.9999059853276293;0.999963683351939;0.9999140407104791;1.0003544293346955;0.9997912176483972;1.0;0.9999999999999999;0.9999262912665643;1.0;1.0000445449387207;0.9998604058738929;0.9997188729621569;0.9997282833330121;0.9997318051670644;0.9999629052681899;1.0;0.9999387188431956;0.9999057167776211;0.9999514790348732;0.9997308247362217;1.0003319514687437;1.000364257884196;0.9999161133118194;0.999943542022705;0.999926040710637;0.9999999999999999;0.9996624973786779;0.9996664756032327;0.9998047772741951;0.9999714720905162;0.9998075787624282;0.9999999999999999;1.0;0.9997306537604872;0.9995744115272645;1.0;0.9999681192716837;0.9999106873257716;0.9999251799854592;0.9999999999999999;1.024999976158142;
2016-05-13 13:00:00;0.9998826859663557;1.0;0.9999089968953765;0.9998844320379847;0.9999691554854903;0.9998938398280245;1.0003549431037833;0.9997279828825573;1.0;1.0;0.99991056666392;1.0;1.000044581573462;0.9998238983118807;0.9996323041094232;0.9996389663384686;0.999643551668012;0.9999684861202959;0.9999999999999999;0.9999266618042773;0.9998870881736703;0.9999420073538068;0.9996422992731376;1.0003314220080428;1.0003656017018374;0.9998973497455735;0.9999324350780331;0.9999078866219856;1.0;0.99969037288256;0.9996777179910824;0.9998058933737204;0.9999770015868136;0.9997902180133204;1.0;1.0;0.9997351003909412;0.9995796827047513;0.9999999999999999;0.9999739768914127;0.9998920726723013;0.9999122738131033;1.0;1.024999976158142;
2016-05-13 13:15:00;0.9998820352808729;1.0;0.9999083211158427;0.9998830489483783;0.9999707549563626;0.9998923084275496;1.0003571912136564;0.9997219547678242;1.0;1.0;0.9999093517598681;0.9999999999999999;1.000044977437835;0.9998208119283782;0.9996244557321967;0.9996304757214376;0.9996351459409498;0.9999702097688477;1.0;0.9999260259993284;0.9998867096915649;0.9999411730760422;0.9996338799331043;1.0003334168192555;1.0003679798324199;0.9998965232086143;0.9999316320065316;0.9999064471460488;0.9999999999999999;0.9996672356208561;0.9996658848946359;0.9997998235668553;0.9999784716688108;0.9997866534360644;0.9999999999999999;1.0;0.9997344059708627;0.9995967439178508;1.0;0.9999755635317559;0.9998915564601776;0.9999114569872944;1.0;1.024999976158142;
2016-05-13 13:30:00;0.9999194711974009;0.9999999999999999;0.9999365356872816;0.9999232472689107;0.9999722134351242;0.9999301106162696;1.0003430306062984;0.9998323468478003;1.0;1.0;0.9999390348118593;1.0;1.0000427394859392;0.9998888952131124;0.999775807341981;0.9997815165594011;0.9997841955878084;0.9999710615025562;1.0;0.999949153758786;0.9999204165048012;0.9999585556758378;0.9997834105175276;1.000321462626132;1.0003524619275772;0.9999292626201909;0.9999517954544908;0.9999403632608577;1.0;0.9996591974563788;0.9996696233530371;0.999803935900189;0.9999795579875157;0.9997952176293151;1.0;1.0;0.9998117171322796;0.9997330819384806;1.0;0.9999767927619928;0.9999242358571706;0.999938822329543;1.0;1.024999976158142;
2016-05-13 13:45:00;0.9998963460351382;0.9999999999999999;0.9999186929616791;0.9998988400304858;0.9999700138592922;0.9999072028005245;1.0003395030712765;0.9997677133581908;1.0;0.9999999999999999;0.9999205339585802;1.0;1.000042431654222;0.9998486763206332;0.9996879168145103;0.9996939561878787;0.9996977609151192;0.9999691131796652;1.0;0.9999346425668126;0.9998992073678429;0.9999471855654505;0.9996966975211952;1.0003173822032132;1.000349433723172;0.9999089424841765;0.999938701622878;0.9999200261480147;1.0;0.9996956240607582;0.9996773040199491;0.9998009730032597;0.9999780471064047;0.9997658426679814;0.9999999999999999;0.9999999999999999;0.9998705549566418;0.9998300767244669;0.9999999999999999;0.9999750482394659;0.9999037157572074;0.9999214745255808;1.0;1.024999976158142;
2016-05-13 14:00:00;0.9998308729505545;1.0;0.9998787485547307;0.999830162078741;0.999974801912093;0.9998449668859136;1.0003407482481346;0.9995745514687528;1.0;1.0;0.9998758665266222;1.0;1.0000423895695942;0.9997317147787037;0.9994133236935038;0.999418623632876;0.9994262794246065;0.9999740835494909;1.0;0.9998977218833778;0.9998369982936909;0.9999255854614453;0.9994242163921089;1.0003157698003307;1.0003529768699841;0.9998498825123197;0.999910826225283;0.9998631770674757;1.0;0.9996989897101579;0.9996812468968387;0.9998051682070257;0.9999813421693414;0.9997745636835546;1.0;1.0;0.9998957582756329;0.9998576605589184;1.0;0.999978852453417;0.999843358691996;0.9998832190975597;1.0;1.024999976158142;
2016-05-13 14:15:00;0.9998510901594015;1.0;0.9998914428068325;0.999853691024187;0.999967099122837;0.999867077830695;1.0003322011740179;0.9996475998383748;1.0;1.0;0.9998921487423507;1.0;1.0000411245227954;0.9997736172699402;0.9995147750089033;0.9995230551886144;0.999529393982152;0.9999660514658585;1.0;0.999910048446385;0.9998560230677142;0.9999343831972386;0.9995276541003382;1.0003089395637041;1.0003432844412952;0.9998695037890692;0.9999213595137645;0.9998834475315339;1.0;0.9997166017907617;0.9996921125607823;0.9998056841856603;0.9999743946323936;0.9997550155356567;0.9999999999999999;1.0;0.9999177562886549;0.9998796577337791;1.0;0.9999713208260531;0.9998624325670802;0.99989607676203;1.0;1.024999976158142;
2016-05-13 14:30:00;0.9998835024025844;1.0;0.9999053488272748;0.9998882384066258;0.9999567680579171;0.9998974063893297;1.0003146491049533;0.999754397214351;0.9999999999999999;1.0;0.9999105363014764;1.0;1.0000391772940975;0.9998359127574636;0.9996726159381994;0.9996827866579292;0.9996867507804119;0.9999557801405273;0.9999999999999999;0.9999261004710044;0.9998876557175909;0.9999394084285891;0.9996856393666825;1.0002942691612993;1.0003237780504504;0.9998997412685418;0.9999302021088734;0.9999122383146067;1.0;0.9997316794830161;0.9997239183295057;0.999842455466049;0.9999670079291438;0.9998514151467602;1.0;1.0;0.9999403385559551;0.9999032540282493;1.0;0.9999628756732193;0.9998933557831771;0.9999090935732127;1.0;1.024999976158142;
2016-05-13 14:45:00;0.9997422398294764;1.0;0.9997883636414757;0.999751745825853;0.9999021209614158;0.9997713125455278;1.000351818758041;0.9994526628273662;1.0;1.0;0.9998022058755257;1.0;1.000043596874952;0.9996323485879361;0.9992700038111377;0.9992953957353609;0.9993043900701294;0.9999010579180148;1.0;0.9998367459107389;0.9997557698865421;0.999867693660393;0.9993019509887001;1.000327168260037;1.0003635604655654;0.9997813694698618;0.9998481007654819;0.9998038701271461;1.0;0.999733341854874;0.9997220665120262;0.9998344430759126;0.9999231317272892;0.9998196607612205;1.0;1.0;0.9999369339251926;0.99990080319659;1.0;0.9999140854433625;0.9997686288537382;0.9997973380323686;1.0;1.024999976158142;
2016-05-13 15:00:00;0.9999062880367076;1.0;0.9999264921708665;0.9999090490354168;0.9999703953096133;0.9999166969772609;1.0003103997217087;0.9997916282633768;1.0;0.9999999999999999;0.9999293530296981;1.0;1.0000389810463637;0.9998629781023467;0.9997184891377696;0.9997257339268792;0.9997292665763108;0.9999697565880623;1.0;0.999941623446902;0.9999099800234721;0.999954026559722;0.9997282930716566;1.0002902935651163;1.0003193441694465;0.9999190689963953;0.9999463892402227;0.9999279650891526;1.0;0.9997377326868979;0.999720722290705;0.9998369150147562;0.9999771430877733;0.9998341047605228;1.0;1.0;0.9999403322951731;0.9999042014437773;1.0;0.9999743520559924;0.999914360430103;0.9999295336241281;0.9999999999999999;1.024999976158142;
2016-05-13 15:15:00;0.9998819981608933;1.0;0.9999071711879844;0.9998834958815244;0.9999676947847921;0.9998926307989323;1.000312012731836;0.999725670811518;1.0;1.0;0.9999092640651827;1.0;1.000039256609744;0.9998219395148724;0.9996300659787383;0.9996373101270605;0.9996419187384575;0.9999672276773196;1.0;0.9999259231120954;0.9998872713472157;0.9999409146469571;0.9996406743997556;1.0002910558888576;1.0003215886856764;0.9998973535989496;0.9999315079075447;0.9999068484905164;1.0;0.9997406516223835;0.9997237025454744;0.9998383569182924;0.9999756645684225;0.9998340154625717;1.0;0.9999999999999999;0.9999389588371691;0.9999020341543948;1.0;0.9999725324572627;0.9998923282133727;0.9999105600556749;1.0;1.024999976158142;
2016-05-13 15:30:00;0.9998989088322622;0.9999999999999999;0.9999233186923178;0.9999027799316234;0.9999679282662778;0.9999117270959641;1.0003088448547695;0.9997766904819367;1.0;1.0;0.9999269328475714;0.9999999999999999;1.0000386528477458;0.9998525536364131;0.9996941731486142;0.9997032819603773;0.9997072815751107;0.9999671776959578;1.0;0.9999386598414787;0.9999030613414933;0.9999545301102823;0.999706177467297;1.0002886820998744;1.0003178965519726;0.9999135071706032;0.9999459468122033;0.9999231950079889;0.9999999999999999;0.9997411384193785;0.9997234169781625;0.9998390621878553;0.9999740970133906;0.9998370252028368;0.9999999999999999;1.0;0.9999357620977345;0.9999000441933934;1.0;0.9999712340984408;0.999908080070993;0.9999271356076271;1.0;1.024999976158142;
2016-05-13 15:45:00;0.9998660485175552;0.9999999999999999;0.9999050721585616;0.9998664480222254;0.9999786784434279;0.9998786031831721;1.0003079184536046;0.9996675039850419;1.0;1.0;0.9999032549520033;1.0;1.0000382586592735;0.9997896860565565;0.9995398659964834;0.9995448360089323;0.9995508939794662;0.9999779079565173;1.0;0.9999196742446879;0.999870452752172;0.9999426500910059;0.9995492473497195;1.0002859647151674;1.000318477871362;0.9998813567872669;0.9999307328740646;0.999892818080534;0.9999999999999999;0.999742398553501;0.9997213248722385;0.9998367730111918;0.9999837711655315;0.9998306249329892;1.0;1.0;0.99993848967193;0.9999011842059864;1.0;0.9999817268932252;0.9998757037044282;0.9999088633978345;1.0;1.024999976158142;
2016-05-13 16:00:00;0.9998807297090101;1.0;0.999911154560568;0.9998831400860001;0.9999713779283066;0.9998935835509942;1.000303757248165;0.9997231959606026;1.0;0.9999999999999999;0.9999120043917938;1.0;1.000037642753556;0.9998215661607172;0.9996218193907009;0.9996282558987332;0.9996330802916179;0.9999703868689404;1.0;0.9999268954509751;0.9998840885354443;0.9999446781551071;0.9996317425001012;1.0002830564080474;1.0003134258522164;0.9998950840186702;0.9999344027725734;0.9999072698408197;1.0;0.9997554825391103;0.9997322985623674;0.9998446701852415;0.9999784288205786;0.9998433794594813;1.0;1.0;0.9999409414040267;0.9999044297286352;1.0;0.9999756543457601;0.999889202460909;0.9999146207053629;0.9999999999999999;1.024999976158142;
2016-05-13 16:15:00;0.999944044855459;1.0;0.9999526703857188;0.9999485838147544;0.9999701151155023;0.9999530949495152;1.0002944966499974;0.9998970513424261;1.0;1.0;0.99995816718732;0.9999999999999999;1.0000372059823068;0.9999270382670332;0.9998635425019377;0.9998720225129103;0.9998737094782696;0.9999695484562361;1.0;0.999964792841215;0.9999467235982625;0.9999713235780803;0.999873226243429;1.00027674618168;1.0003018794964544;0.9999539819390798;0.9999670006342734;0.9999603107269949;0.9999999999999999;0.9997458036578178;0.9997320986466697;0.9998455129129975;0.9999758561113001;0.999847784298424;1.0;0.9999999999999999;0.9999422709752444;0.9999061400537982;1.0;0.9999731915275364;0.9999501771588442;0.9999552603062423;1.0;1.024999976158142;
2016-05-13 16:30:00;0.9999320026222381;1.0;0.9999412065409016;0.999935734975288;0.9999675545794433;0.9999405786395162;1.0002905427909279;0.9998660749004058;0.9999999999999999;1.0;0.9999463969399197;1.0;1.0000367386232316;0.9999076172186456;0.9998248113551765;0.999832928251996;0.9998349819011019;0.9999670675593237;1.0;0.999955990571326;0.9999353309316628;0.999962210934633;0.9998344078510089;1.0002727350507032;1.00029805786457;0.9999429286919406;0.9999572299131916;0.9999497297348372;0.9999999999999999;0.999761604409844;0.9997460297459636;0.9998581814168773;0.9999747822733239;0.9998755904890506;1.0;1.0;0.999942032715456;0.9999074895769166;1.0;0.9999717481660798;0.9999390332897974;0.9999437182089189;1.0;1.024999976158142;
2016-05-13 16:45:00;0.9999376313050763;1.0;0.999948856355934;0.9999427076358124;0.9999703431827199;0.9999481061765908;1.0002969502584214;0.9998858549178635;1.0;1.0;0.9999532295215263;1.0;1.0000369379383285;0.9999207478421092;0.9998492628892957;0.9998563306916806;0.9998580930874316;0.9999692203373476;1.0;0.9999604244515016;0.9999382827398147;0.9999671523237512;0.9998575510298566;1.0002788653263448;1.0003046502357746;0.999946526398535;0.9999619965185393;0.9999563931321569;1.0;0.9997360038219436;0.9997209083039265;0.9998386196641116;0.9999772854876083;0.9998392786926732;1.0;1.0;0.99994948883659;0.9999161521227429;1.0;0.9999744624447551;0.9999418027484472;0.9999511094134997;1.0;1.024999976158142;
2016-05-13 17:00:00;0.9999390485969848;1.0;0.9999501166922252;0.9999433610140585;0.9999727847647957;0.9999485071578214;1.000298514218809;0.9998841811029878;1.0;0.9999999999999999;0.9999538906788923;1.0;1.0000372684923506;0.9999205430239356;0.9998468443952369;0.9998531806757834;0.9998549771757985;0.99997180600838;1.0;0.9999612480065574;0.999939929970584;0.999967783642686;0.9998544362544729;1.0002802433236204;1.0003063018349427;0.999947547531486;0.9999627962214005;0.9999565600860645;1.0;0.9997177058873479;0.9997059435998884;0.9998346749312663;0.9999792945223152;0.9998510246129637;1.0;1.0;0.9999552977728599;0.9999267242861166;1.0;0.9999766838199842;0.9999432312022384;0.9999522027049144;1.0;1.024999976158142;
2016-05-13 17:15:00;0.9999351756828513;1.0;0.999948583567267;0.9999391952023903;0.9999725573467343;0.9999448183523426;1.0002891402263334;0.999868795376774;1.0;1.0;0.9999529727789093;1.0;1.0000364307011074;0.999910442970849;0.9998220811673797;0.9998301001149072;0.9998324015552505;0.9999719707732602;1.0;0.9999602701278725;0.9999380565883071;0.9999696390329799;0.9998317553826466;1.0002712296194967;1.0002967933735738;0.9999457277311204;0.9999643080921208;0.999952532363478;1.0;0.9997414833179953;0.9997439313985061;0.99985703661717;0.99997763110487;0.9998742405629681;1.0;1.0;0.9999748581618303;0.9999637497922333;1.0;0.999975210455147;0.9999417150169377;0.9999513978506273;1.0;1.024999976158142;
2016-05-13 17:30:00;0.9999296489872763;0.9999999999999999;0.9999403420582664;0.9999344140404882;0.9999647652934982;0.9999398435043928;1.0002914811965316;0.9998649587754505;1.0;1.0;0.9999465779861954;1.0;1.0000368126083006;0.9999056424066329;0.9998211956419825;0.9998310083426548;0.9998332057308746;0.9999642261299898;1.0;0.9999554669213836;0.9999333686841771;0.9999634071866318;0.999832590236646;1.0002736773040908;1.0002989785801377;0.9999418362714081;0.9999580824244818;0.9999489292793851;1.0;0.9997460754967521;0.9997297050345637;0.999848152783419;0.9999717137397018;0.9998625538679963;0.9999999999999999;1.0;0.9999756887988384;0.9999653743700295;1.0;0.9999685451911262;0.9999374955903851;0.9999433967224124;1.0;1.024999976158142;
2016-05-13 17:45:00;0.9999383274358529;1.0;0.9999487456207957;0.9999441525938175;0.9999676655011799;0.9999495331623112;1.0002894115690573;0.9998929252001111;1.0;0.9999999999999999;0.9999540124405064;0.9999999999999999;1.0000359352202914;0.9999241021186589;0.9998592827494656;0.9998673144952739;0.9998689496786025;0.999966484521462;1.0;0.9999608422443509;0.9999389972580176;0.9999673878364533;0.999868436987932;1.0002719519803487;1.0002967943065213;0.9999476659695696;0.9999623209058784;0.99995783420421;1.0;0.999740967874721;0.9997432515397418;0.9998565439726167;0.9999749353241915;0.999873573233359;1.0;1.0;0.9999753275540134;0.9999646003112901;1.0;0.9999719001568951;0.9999426977949278;0.9999511720928295;1.0;1.024999976158142;
2016-05-13 18:00:00;0.9998688478352321;1.0;0.99988258368731;0.9998805186591607;0.9999327462152658;0.999890359667971;1.000308501524025;0.9997912949833285;0.9999999999999999;1.0;0.999889571752494;0.9999999999999999;1.0000355161357273;0.9998537626189318;0.9997480531028221;0.9997558201967025;0.9997576717504897;0.9999287172347933;1.0;0.9999085249996589;0.9998622365071874;0.9999099406976297;0.9997569025280836;1.0002897349323674;1.000317010130414;0.9998802722823633;0.9998997415900587;0.9999122213673823;0.9999999999999999;0.9997480565241453;0.9997466160583142;0.9998537988594183;0.9999560653922923;0.9998550361092032;1.0;1.0;0.9999756942824027;0.9999649670357453;1.0;0.9999485836567523;0.9998685868364164;0.9998840864991435;0.9999999999999999;1.024999976158142;
2016-05-13 18:15:00;0.9998786768597155;0.9999999999999999;0.9998911083045398;0.9998878119825745;0.9999403416408778;0.9998964548791793;1.0003052809965753;0.9997946254077764;0.9999999999999999;1.0;0.9998973238625187;0.9999999999999999;1.000035989119465;0.9998577540835301;0.9997489001618515;0.9997562218356608;0.9997582574351049;0.9999372242477285;1.0;0.9999156891550105;0.9998747116556509;0.9999176323401485;0.9997575037348774;1.000286532424315;1.000313687513776;0.9998901994447951;0.9999084639989205;0.9999162525464905;1.0;0.9997592086415802;0.9997546245369284;0.9998494520222008;0.9999606285482152;0.9998206640362207;1.0;1.0;0.9999760118279161;0.9999656973957752;0.9999999999999999;0.9999540489513384;0.9998804545869653;0.9998926908181759;1.0;1.024999976158142;
2016-05-13 18:30:00;0.9998898155347343;0.9999999999999999;0.9999080837216335;0.9998976344164785;0.999951819717378;0.9999066802941351;1.0003014808894655;0.9997974426319342;1.0;1.0;0.9999134369022559;1.0;1.0000362207524836;0.9998617580653878;0.9997382659569687;0.9997467198287072;0.9997494744162921;0.9999494758790648;1.0;0.9999276984670681;0.9998885229641034;0.999936123473828;0.9997485859284408;1.0002825608302959;1.0003099824172543;0.9999023515902341;0.9999271479723003;0.9999224480310273;1.0;0.9997458017706946;0.9997559663996997;0.999856357047631;0.9999658746712957;0.999848324218658;1.0;1.0;0.9999781794452409;0.9999694528962686;1.0;0.9999608926848776;0.999894026975238;0.9999107285960758;1.0;1.024999976158142;
2016-05-13 18:45:00;0.9999078018589074;1.0;0.9999246258594616;0.9999160029461989;0.9999589894511525;0.9999242977065409;1.000306317724415;0.999841503405585;0.9999999999999999;1.0;0.9999285740919457;0.9999999999999999;1.0000364642769461;0.9998912849425942;0.9997963373697921;0.9998024666439537;0.9998044839634327;0.9999562288116269;1.0;0.9999394520703786;0.999903746165013;0.9999461462784787;0.9998037600731291;1.0002874063387057;1.0003147669837011;0.9999166056989688;0.9999381456001284;0.999937804309727;0.9999999999999999;0.9997234388847785;0.9997423058481519;0.9998402612671576;0.999971933304097;0.9998060055260706;0.9999999999999999;1.0;0.9999772810336234;0.9999669665883911;1.0;0.9999675526369828;0.9999083834301803;0.9999265128134547;1.0;1.024999976158142;
2016-05-13 19:00:00;0.9998815305640173;1.0;0.9999109325917979;0.9998957732020335;0.9999476562772535;0.9999088281456708;1.0003094779665558;0.9998116243529592;1.0;1.0;0.9999157826658466;1.0;1.0000348389148912;0.9998695424143733;0.9997511157213652;0.9997596398671471;0.9997622604640672;0.9999428871880298;1.0;0.9999253885549385;0.9998723834660048;0.9999385129462743;0.9997612371819803;1.0002901865318823;1.0003185326596173;0.9998917449055639;0.9999268327298854;0.9999251944152743;0.9999999999999999;0.9997396013325728;0.9997416679755801;0.9998276649463226;0.9999635361226028;0.9997520976361364;1.0;1.0;0.9999787349657605;0.9999695955926586;0.9999999999999999;0.9999580359975561;0.9998788565799631;0.9999138451813422;1.0;1.024999976158142;
2016-05-13 19:15:00;0.999886865761438;1.0;0.9999079154331609;0.9998957672659929;0.9999523223916924;0.9999057316375323;1.0003083997336457;0.9997964210758399;1.0;1.0;0.9999123352664291;1.0;1.0000364301568194;0.9998617167750087;0.9997363979263669;0.9997437227664396;0.9997464429154642;0.9999493105257649;1.0;0.9999260521732809;0.999883130637361;0.9999349640006034;0.9997455166524568;1.0002889916935584;1.0003172538861014;0.9998980959472134;0.9999252634406824;0.9999219509095646;1.0;0.9997350436728024;0.9997462310890372;0.9998311409173232;0.9999671872758541;0.9997588154492497;0.9999999999999999;1.0;0.9999778917546934;0.9999683712560918;1.0;0.9999621206341357;0.9998886938712082;0.9999103052994616;1.0;1.024999976158142;
2016-05-13 19:30:00;0.99988932598399;0.9999999999999999;0.9999145504755694;0.9998993981596044;0.9999556341886515;0.9999103787468205;1.0002980080139583;0.9998043233580031;0.9999999999999999;1.0;0.9999181038069662;1.0;1.000034566901963;0.9998675491175643;0.9997421274639652;0.9997489720894152;0.9997517440378328;0.9999521028579156;1.0;0.999929433310222;0.9998836604595739;0.9999406699178177;0.9997507677412573;1.000279133414924;1.000306778182851;0.9998994294847721;0.9999304110514665;0.999925601537043;1.0;0.9997544388069516;0.999767207453448;0.9998422213626493;0.9999694422216793;0.9997656408283386;1.0;1.0;0.9999794978380351;0.9999703584579609;1.0;0.9999647307134706;0.99988922950817;0.9999170424073572;0.9999999999999999;1.024999976158142;
2016-05-13 19:45:00;0.999664992368154;1.0;0.999766330446689;0.9997183870783641;0.9998529608038818;0.9997622107031053;1.0003476463552927;0.9995504117397188;1.0;0.9999999999999999;0.999775708641311;0.9999999999999999;1.0000249259202627;0.9996841156487328;0.9994050476856481;0.9994221888733407;0.9994277749457744;0.9998335363653266;1.0;0.9997913536735238;0.9996166211271831;0.9998314239693813;0.9994249449795035;1.0003248297854472;1.0003613591828906;0.9996813006676492;0.9997941845139079;0.9998098164088556;1.0;0.9997478072609514;0.9997608807164481;0.9998414697977716;0.9999037896942179;0.9997744651370734;0.9999999999999999;1.0;0.9999795954666973;0.9999708689053678;1.0;0.999887454874397;0.9996352415605526;0.9997723888596222;1.0;1.024999976158142;
2016-05-13 20:00:00;0.9996466598484037;1.0;0.999755300452098;0.9997038543267679;0.9998403863409756;0.9997505133528998;1.0003596468770204;0.9995246260920834;0.9999999999999999;1.0;0.9997685951959137;1.0;1.000026258441804;0.999662814429697;0.9993633712602054;0.999386998139117;0.9993934321077939;0.9998207489407523;1.0;0.9997830747157272;0.9996000694243101;0.9998304231038209;0.9993903643373914;1.0003361450115589;1.0003736644344647;0.9996686559185592;0.9997912227135158;0.999799220544817;1.0;0.9997411807537143;0.9997470911326372;0.999823885484012;0.9998909637109759;0.9997244743441744;0.9999999999999999;1.0;0.999979382419506;0.9999690679525988;1.0;0.9998738864574725;0.9996205985600155;0.9997634817871808;1.0;1.024999976158142;
2016-05-13 20:15:00;0.9997585658452987;1.0;0.9998295800248185;0.9997927722167009;0.9998969496777218;0.9998228508313702;1.0003225320603066;0.9996425390158031;1.0;0.9999999999999999;0.9998374433020584;1.0;1.0000292022980104;0.9997516656519506;0.9995211274417064;0.9995363974841641;0.9995414291856797;0.9998850018524319;1.0;0.9998510213327175;0.9997316695625991;0.9998823188277495;0.9995392689209155;1.0003014158019887;1.000334091847895;0.9997751056552516;0.9998564379796862;0.9998556627763966;1.0;0.9997594922072305;0.9997745011529091;0.9998492659255502;0.9999295853736287;0.9997814208731993;1.0;1.0;0.9999808970433548;0.9999725516065556;1.0;0.9999185631496854;0.9997451143488103;0.9998351830145633;1.0;1.024999976158142;
2016-05-13 20:30:00;0.9998528590828878;0.9999999999999999;0.9998946451160368;0.9998718249101968;0.9999400225102905;0.9998894304644123;1.0003012987598299;0.9997705746250234;1.0;1.0;0.9998984247685725;1.0;1.000031593975919;0.9998428671426762;0.9996938795186956;0.9997019480260082;0.9997051514032135;0.9999331197625471;1.0;0.9999084030678854;0.9998374549755125;0.9999261862991942;0.9997038253579155;1.0002820346233605;1.0003109295854153;0.99986267138572;0.9999107241721608;0.9999095113641088;1.0;0.9997468999208078;0.999767125802069;0.9998375285177293;0.9999597633049768;0.9997452729952045;1.0;1.0;0.9999794132456037;0.9999702738663028;1.0;0.9999532425439628;0.9998453104055737;0.9998977679364449;1.0;1.024999976158142;
2016-05-13 20:45:00;0.9999009259405203;1.0;0.999922675700711;0.9999106230220075;0.9999554761889313;0.999920399454156;1.000288800530904;0.9998276076628732;1.0;1.0;0.9999281453959674;1.0;1.000034222553129;0.9998808028323879;0.9997710468292026;0.9997804011024451;0.9997830154530035;0.9999527354714589;0.9999999999999999;0.999937757341978;0.9998981631251361;0.999949280834511;0.999782136005477;1.000270815036341;1.0002969212642236;0.9999125893240921;0.9999403012592549;0.9999335899057133;0.9999999999999999;0.9997698251428648;0.9998109066186133;0.99986151476362;0.9999670502568705;0.9997647120299222;1.0;1.0;0.9999815191060232;0.9999735864855581;1.0;0.9999626479856468;0.9999036660772739;0.9999258038909155;0.9999999999999999;1.024999976158142;
2016-05-13 21:00:00;0.999910444624778;1.0;0.9999309706551995;0.9999199314548188;0.9999585012398193;0.9999290955406704;1.0002846916063757;0.9998471747897528;1.0;0.9999999999999999;0.9999364555782099;1.0;1.0000338954110315;0.9998934874771855;0.9997955626060999;0.9998049203550952;0.9998073154770143;0.9999559397037298;1.0;0.9999444109191734;0.9999079307051781;0.9999557812223929;0.9998065062213717;1.0002671022771243;1.000292555048095;0.9999214743339268;0.9999475093099393;0.9999407759840752;1.0;0.9997785785172081;0.9998151260889667;0.9998623435320514;0.9999687058175235;0.999759715030199;1.0;1.0;0.9999815316269738;0.9999731861848785;1.0;0.9999646853836907;0.9999131087789899;0.9999340932648939;0.9999999999999999;1.024999976158142;
2016-05-13 21:15:00;0.9998905928951223;0.9999999999999999;0.9999146916901912;0.999898566793241;0.9999573279589911;0.9999087519639551;1.0002913570493945;0.9997912093612623;0.9999999999999999;0.9999999999999999;0.9999190779282215;1.0;1.0000348239246841;0.999859197474288;0.9997215379725802;0.9997301635411893;0.9997334129741959;0.999954931987631;1.0;0.999931119644263;0.9998892444423444;0.9999439277848332;0.9997323907421795;1.0002727034376568;1.000299902457056;0.999903277948068;0.9999342881864375;0.9999230120633147;0.9999999999999999;0.9997604154557947;0.999803361277679;0.999854831152337;0.9999687358280649;0.9997502658945385;1.0;1.0;0.9999815430139063;0.9999728164355808;1.0;0.9999644711595029;0.9998948234915362;0.9999178730974081;1.0;1.024999976158142;
2016-05-13 21:30:00;0.9999017431079551;1.0;0.9999180290389278;0.9999100500010627;0.9999537907553196;0.9999184187110598;1.0002768114773677;0.9998279030027651;0.9999999999999999;1.0;0.9999236279160918;0.9999999999999999;1.000033048499379;0.9998809195601429;0.999778268985324;0.9997867264417425;0.9997890260087939;0.9999513979158302;1.0;0.9999356691334648;0.9998998191034048;0.9999431900973531;0.9997882537029751;1.0002596692566268;1.0002844719164998;0.9999130928709136;0.9999350385722696;0.9999325794657896;1.0;0.9997931339669872;0.9998353061777225;0.9998854824504355;0.9999669532002666;0.9998208599842853;1.0;1.0;0.9999841436757454;0.9999754170747248;1.0;0.9999622199217181;0.9999049888689274;0.9999205633243952;1.0;1.024999976158142;
2016-05-13 21:45:00;0.9998684564625222;1.0;0.9998972801386948;0.999881794105315;0.999943023827874;0.9998949536866591;1.0002838403259962;0.999778644614688;1.0;0.9999999999999999;0.9999025923862884;0.9999999999999999;1.0000318162836952;0.99984805668947;0.9997105525643301;0.9997195979414123;0.9997226107481528;0.9999385552051643;1.0;0.999915670993724;0.9998609505056135;0.9999282908635845;0.9997215054300412;1.000265836320747;1.0002924194199843;0.9998805767236485;0.9999161098951849;0.9999134700375898;1.0;0.9997749387789437;0.9998289139792649;0.9998856668379875;0.9999605198296321;0.9998342325047738;0.9999999999999999;1.0;0.9999846936699899;0.9999759670641696;1.0;0.9999545032864607;0.9998678133757604;0.9999002973607688;1.0;1.024999976158142;
2016-05-13 22:00:00;0.9998874539250441;1.0;0.9999143155157028;0.999899789925918;0.9999496968571718;0.9999116495620026;1.00027839302471;0.9998115564056322;1.0;1.0;0.999920061157494;1.0;1.0000319083813285;0.9998693961758192;0.999748900712878;0.9997589324519933;0.9997617678392328;0.9999459894876133;1.0;0.999929752661133;0.9998821164910012;0.9999434067770979;0.9997607625199304;1.0002609307784205;1.0002865208806757;0.9998995326536636;0.9999327325111464;0.999926639990673;1.0;0.999791880626144;0.9998365052376663;0.9998867944791582;0.9999632696530979;0.9998240435605726;1.0;0.9999999999999999;0.999984919127409;0.9999757796977868;0.9999999999999999;0.9999582246354135;0.9998884257401104;0.9999177252147408;1.0;1.024999976158142;
2016-05-13 22:15:00;0.9998854033419831;1.0;0.99991041603741;0.9998956933742249;0.9999507807871353;0.9999067695136492;1.0002757936993603;0.9997948944774526;1.0;1.0;0.9999160492975011;1.0;1.000032249705587;0.999859466891068;0.9997277466285248;0.9997377204908786;0.9997408246866276;0.9999477767727805;1.0;0.999927747379048;0.9998825178523489;0.9999407970601786;0.9997397980102659;1.000258289413088;1.0002838918718437;0.9998985692827699;0.9999305105143975;0.9999220298766194;1.0;0.9997869255490085;0.9998398746254672;0.999893935637136;0.9999639046783401;0.9998487003849187;1.0;0.9999999999999999;0.9999844607620593;0.9999753213366263;1.0;0.9999589921792793;0.9998886786445138;0.9999138412921763;1.0;1.024999976158142;
2016-05-13 22:30:00;0.9998830893040668;1.0;0.9999079371498735;0.9998923581199247;0.9999502559189066;0.999903197802458;1.0002772990279007;0.9997812441687589;1.0;1.0;0.9999143195613515;1.0;1.0000330585941368;0.999850440457669;0.9997077755831787;0.9997191931387586;0.9997226732279765;0.9999478845638606;0.9999999999999999;0.9999268015560832;0.9998828741950548;0.9999411053379905;0.9997215920835721;1.0002595817044275;1.000285419084337;0.9998982854305034;0.9999309484425147;0.9999182844907074;1.0;0.9997838759125581;0.9998366168595116;0.9998906322562509;0.9999622914863495;0.9998405119740148;1.0;1.0;0.9999852914159483;0.9999769459424752;1.0;0.9999575019047388;0.9998892165170822;0.9999118880483638;0.9999999999999999;1.024999976158142;
2016-05-13 22:45:00;0.9998820142774064;0.9999999999999999;0.9999042535692912;0.9998906000881435;0.9999524384346271;0.9999009031987945;1.0002761365044175;0.9997830576542285;1.0;1.0;0.9999082674172222;0.9999999999999999;1.0000322617581752;0.9998536456154089;0.9997185541110073;0.9997255449069058;0.999728470857372;0.9999494252712277;0.9999999999999999;0.99992286452724;0.999878349147687;0.99993225843589;0.9997274904026245;1.0002584512899906;1.0002843772130694;0.999893475445366;0.9999221738338879;0.9999177447890092;0.9999999999999999;0.9997896955858498;0.9998354004463146;0.9998847071321345;0.9999675580790646;0.999816682974238;1.0;1.0;0.9999843522612815;0.9999760067956465;1.0;0.9999624621542631;0.999883996041939;0.9999066275000624;1.0;1.024999976158142;
2016-05-13 23:00:00;0.9998978642894418;1.0;0.9999178933064656;0.9999059551426127;0.9999559264078647;0.9999151177678612;1.0002700158623852;0.9998126121809109;1.0;1.0;0.999923077227525;1.0;1.000032236067529;0.9998718920902675;0.9997533091138745;0.9997621449542882;0.9997649163767398;0.9999536331165637;1.0;0.9999347353254001;0.9998965834756576;0.9999451480985158;0.9997640270047644;1.0002529810209646;1.0002777401961174;0.999910056549518;0.9999364023145992;0.9999289748790241;0.9999999999999999;0.9997985293273249;0.9998439141619088;0.9998891691280387;0.9999677761270084;0.9998193205722862;1.0;1.0;0.9999846567768328;0.9999763113086564;1.0;0.9999633618289188;0.9999019428064962;0.999920841073497;1.0;1.024999976158142;
2016-05-13 23:15:00;0.999909268789345;0.9999999999999999;0.9999265999932045;0.9999160718518468;0.9999612399342301;0.99992403826613;1.0002713592694548;0.9998315295951983;1.0;1.0;0.999931046248895;1.0;1.0000327607383066;0.9998851641395364;0.9997786272450868;0.99978625098722;0.999788726423478;0.9999592882512158;1.0;0.9999417933880712;0.999908372246337;0.9999506958224592;0.9997879388102577;1.000254334331537;1.0002789784022048;0.9999200664734258;0.9999430104169179;0.9999364035663462;1.0;0.9997829026951875;0.9998303853435357;0.9998808605232262;0.9999717843619267;0.9998096133937163;0.9999999999999999;1.0;0.9999848897356672;0.9999769570884637;0.9999999999999999;0.9999678862230831;0.9999130591722369;0.9999291544955373;1.0;1.024999976158142;
2016-05-13 23:30:00;0.9998938373021509;1.0;0.9999160152629433;0.9999021993626422;0.9999549897814961;0.999911967914614;1.0002711536615547;0.9998020941225151;1.0;1.0;0.9999215363594058;1.0;1.0000324152936244;0.999864881058618;0.9997366925835502;0.9997465360336352;0.9997496175926714;0.9999527470485285;0.9999999999999999;0.9999331248252029;0.9998931953011112;0.9999454567243852;0.9997486502333486;1.000253927300301;1.0002789983976017;0.9999071668886573;0.9999362480649003;0.9999258736043475;1.0;0.9997795740795372;0.9998324178635994;0.9998930041229231;0.9999663253014495;0.999858337241866;1.0;1.0;0.9999848219631252;0.9999760953561853;0.9999999999999999;0.9999619283047249;0.999898868543036;0.9999194127921137;1.0;1.024999976158142;
2016-05-13 23:45:00;0.9999002577216097;0.9999999999999999;0.9999216952055842;0.9999075929573942;0.9999581025746117;0.9999167290339331;1.0002621268191159;0.9998077870442657;1.0;1.0;0.9999274429973464;1.0;1.0000318259953624;0.9998688372896115;0.9997413777262024;0.9997519021441649;0.9997550898876825;0.9999564296367588;1.0;0.9999381577235822;0.9999015337540145;0.9999513460664817;0.9997541345559984;1.000245426258247;1.0002696589454185;0.9999142456172382;0.9999427751403819;0.9999291885454505;1.0;0.9998086211537066;0.999854204278006;0.9999095977215667;0.9999674124125411;0.9998880526525747;1.0;1.0;0.999984541306098;0.9999750207441875;1.0;0.9999634955279216;0.999907004523164;0.9999253969928552;1.0;1.024999976158142;
2016-05-14 00:00:00;0.9998934916596101;0.9999999999999999;0.9999177169537881;0.9999024902845978;0.9999555979379354;0.9999128177595509;1.0002613073565338;0.9998029345670396;1.0;0.9999999999999999;0.9999230980306265;1.0;1.000030937415565;0.9998654841195811;0.9997356064620564;0.9997455934841268;0.9997487514932342;0.9999531453656602;1.0;0.9999337651359316;0.9998922029891321;0.9999473968911261;0.999747749325648;1.0002446236803826;1.0002689897497035;0.9999067069148245;0.9999378488917767;0.9999264443655215;1.0;0.9998134195739006;0.9998609141005633;0.999916823147919;0.9999665394174045;0.9999066893682044;1.0;0.9999999999999999;0.9999848106256497;0.9999764651561891;1.0;0.9999622344208413;0.9998979893233413;0.9999212633445606;1.0;1.024999976158142;
2016-05-14 00:15:00;0.9999196671579191;1.0;0.9999365554612276;0.999925665420967;0.9999683513832931;0.9999330368519131;1.0002503710845858;0.9998497855059303;1.0;1.0;0.9999394031413272;1.0;1.0000300254752572;0.9998987866655776;0.999801903052748;0.9998073611457168;0.9998095579220255;0.9999663598698617;1.0;0.999948618690069;0.9999176386337303;0.9999566898155552;0.9998088407733725;1.000234575304811;1.0002575087977965;0.999928079899581;0.999949624477489;0.999943945197637;0.9999999999999999;0.9998217035834227;0.9998755663319051;0.9999267070290339;0.9999776741402155;0.9999213989635998;1.0;0.9999999999999999;0.999984541306098;0.9999750207441879;0.9999999999999999;0.9999743882385643;0.9999216173033666;0.9999385353354228;0.9999999999999999;1.024999976158142;
2016-05-14 00:30:00;0.9999178355472328;1.0;0.9999353853751493;0.9999253137626014;0.9999646646711489;0.9999332146486818;1.000248636931958;0.9998547826619125;1.0;1.0;0.9999390918959704;1.0;1.0000294824817584;0.9999006388609287;0.9998085908903909;0.9998150889449259;0.9998171960605196;0.9999623299750089;1.0;0.9999477083988263;0.9999149934247179;0.9999562077485973;0.9998164784228358;1.0002331061164613;1.0002556623961514;0.9999266117632378;0.9999488092784075;0.9999444240266122;1.0;0.9998270580505056;0.9998806636739379;0.9999284541702635;0.9999746962187198;0.9999190974280217;1.0;1.0;0.9999863605140384;0.9999788089932097;0.9999999999999999;0.999971082243142;0.9999193227007933;0.9999375993930844;1.0;1.024999976158142;
2016-05-14 00:45:00;0.9999146258268776;1.0;0.9999340798221736;0.9999249172263628;0.9999608729652353;0.9999340055597065;1.0002480504101914;0.9998672714747898;1.0;1.0;0.9999375778515776;1.0;1.0000282242769323;0.9999077380588204;0.9998275691666576;0.9998332433494126;0.999834930035991;0.9999573248361416;1.0;0.9999452037103356;0.9999075236122621;0.9999529782279807;0.9998342378539529;1.0002327688057575;1.0002551081128521;0.999921491644397;0.9999447140919127;0.9999463102365468;1.0;0.9998300195331392;0.9998821137095094;0.9999301281709675;0.9999733711945159;0.9999235429983772;1.0;1.0;0.9999843761187269;0.9999752366940675;1.0;0.9999691719275589;0.9999121082287857;0.9999358957357828;1.0;1.024999976158142;
2016-05-14 01:00:00;0.9999127046166821;1.0;0.9999342435900941;0.9999244207185831;0.9999590397431802;0.9999343157217698;1.0002463536214117;0.9998701960062535;1.0;1.0;0.9999380727049612;1.0;1.0000276012771934;0.9999088871288413;0.9998300125695252;0.9998362975793333;0.9998379839512784;0.9999550779693133;0.9999999999999999;0.999944714570034;0.9999044437027568;0.9999536882455129;0.9998372628511215;1.0002312298657865;1.0002533997029128;0.9999196039265725;0.9999449042718281;0.9999467101471441;1.0;0.9998384764999139;0.9998867274927132;0.9999337913619056;0.9999718095084593;0.9999304824656547;0.9999999999999999;1.0;0.999986598956998;0.9999790474343687;1.0;0.9999674579553818;0.9999093272422186;0.999936275350345;0.9999999999999999;1.024999976158142;
2016-05-14 01:15:00;0.9999311777522893;1.0;0.9999482531051118;0.999939083545501;0.9999697208483593;0.9999465653420928;1.0002387927675318;0.9998869639692373;0.9999999999999999;0.9999999999999999;0.9999512989645212;1.0;1.000028041661151;0.9999218819696708;0.999849526816534;0.9998550232651204;0.9998566820198325;0.9999671794269189;1.0;0.99995700211924;0.9999268172057244;0.9999651513333437;0.9998560677559157;1.0002240603699133;1.0002454434488617;0.9999377958398895;0.9999584403977092;0.9999558231309261;1.0;0.9998577129847599;0.9999004303978752;0.99994171035517;0.9999783862282597;0.9999385134110452;1.0;0.9999999999999999;0.9999846582606089;0.9999755188333705;1.0;0.9999752790403801;0.9999306302075704;0.9999501653538356;1.0;1.024999976158142;
2016-05-14 01:30:00;0.9999299644230697;1.0;0.9999475865876531;0.9999369191739449;0.9999706587060859;0.9999442951159742;1.0002378193765666;0.9998755802440462;1.0;0.9999999999999999;0.9999508972342865;1.0;1.0000283944581423;0.9999148031908325;0.9998319242300794;0.9998383142588797;0.9998403235155748;0.9999686166025195;1.0;0.9999569635715638;0.9999276425969625;0.9999665202658411;0.9998396521145283;1.0002229851282942;1.0002444869270208;0.999937996265753;0.999959866594184;0.9999531666205415;1.0;0.9998591291533645;0.9999017422904564;0.9999426705862998;0.9999780746421559;0.9999400663670913;1.0;1.0;0.9999848897356673;0.9999769570884638;1.0;0.9999752042691885;0.99993153603082;0.9999499132272371;1.0;1.024999976158142;
2016-05-14 01:45:00;0.9999449055557891;1.0;0.9999563339343258;0.9999503239372635;0.9999732448764745;0.9999556069370733;1.0002295232883818;0.999903412687584;1.0;1.0;0.9999603251569432;1.0;1.0000281509488045;0.9999323618316392;0.9998709853961677;0.9998775758652264;0.9998791212185167;0.9999719779641197;1.0;0.9999657195987137;0.9999446616788332;0.9999725903802367;0.9998786261188852;1.0002155243320707;1.0002355657156574;0.9999526422349952;0.9999677405157866;0.9999627312954303;0.9999999999999999;0.9998864066698322;0.999916559652895;0.9999503311327816;0.9999793001718332;0.9999445706354714;0.9999999999999999;1.0;0.9999845044118206;0.9999753649859884;1.0;0.9999767845024953;0.9999479206746573;0.9999584731201838;1.0;1.024999976158142;
2016-05-14 02:00:00;0.999945629198019;1.0;0.9999579336355696;0.9999513484175869;0.9999747411266817;0.9999568710383098;1.000233414249;0.9999070033998958;1.0;1.0;0.9999612100210948;1.0;1.0000283453189207;0.9999352643796479;0.9998758048554064;0.9998814032025249;0.9998828483446399;0.9999731724037628;1.0;0.999966161777168;0.9999440509244206;0.9999728678665813;0.9998823584302449;1.000219161058191;1.000239624658915;0.9999522616488902;0.9999678534642823;0.9999639950617581;1.0;0.9998686073149766;0.9999031491368752;0.9999415308286939;0.9999810392573053;0.9999321651602638;1.0;1.0;0.9999849627763624;0.999975823346341;1.0;0.99997858005947;0.9999471816213703;0.9999598022966386;1.0;1.024999976158142;
2016-05-14 02:15:00;0.9999448301668699;1.0;0.9999588979918491;0.9999520334197531;0.9999733209582566;0.9999582859277335;1.0002302491575046;0.9999136433725201;1.0;1.0;0.9999623060554731;1.0;1.0000274498563255;0.9999389290946654;0.9998838461354947;0.9998896386563008;0.9998909799094319;0.9999712497926531;1.0;0.9999661609274791;0.9999416166530487;0.9999735807743491;0.9998904820797516;1.0002162731747113;1.0002364025610766;0.9999509893217763;0.9999681159042787;0.9999654942760887;1.0;0.9998866734778393;0.9999138456552226;0.9999485492143222;0.9999800876874212;0.9999419725022985;0.9999999999999999;1.0;0.99998481062565;0.9999764651561895;0.9999999999999999;0.9999774733858025;0.9999449549644588;0.9999608235047642;0.9999999999999999;1.024999976158142;
2016-05-14 02:30:00;0.9999579259908349;1.0;0.999967683533739;0.9999614645989936;0.9999818151897114;0.9999655573167674;1.000224753304288;0.9999205252597644;1.0;1.0;0.999970317505307;0.9999999999999999;1.0000280087291042;0.9999454126576651;0.9998919894345963;0.9998968595052616;0.999898229569314;0.9999810247874054;1.0;0.9999743669675103;0.9999583176049243;0.9999805375454708;0.9998978139596125;1.0002109942204522;1.0002306294380676;0.9999640110725171;0.9999767913623708;0.9999706472719698;1.0;0.9999090666586965;0.9999278335868323;0.9999553338347089;0.9999855839941165;0.9999445317635087;1.0;1.0;0.9999849388683472;0.9999765933978164;1.0;0.9999839219821576;0.9999607380659519;0.9999694061953741;1.0;1.024999976158142;
2016-05-14 02:45:00;0.9999638902884393;1.0;0.9999717511421184;0.999964950033999;0.99998829595613;0.9999678999950875;1.0002206794454516;0.999918990014016;0.9999999999999999;1.0;0.9999730708886357;1.0;1.0000280755318518;0.999946573564603;0.9998899706200536;0.9998931577442599;0.9998945715133934;0.9999881230157295;1.0;0.9999777346213359;0.999965690546869;0.9999828345084127;0.9998941877040023;1.0002069700355931;1.0002265029712745;0.999969185420245;0.9999799024702725;0.9999721169546031;1.0;0.9999266391003283;0.9999358506086364;0.9999579109609256;0.9999906711013761;0.9999402639680257;1.0;1.0;0.9999858175045208;0.9999782659877925;1.0;0.99998960883919;0.9999674388348305;0.9999730601751848;0.9999999999999999;1.024999976158142;
2016-05-14 03:00:00;0.9999727713808029;1.0;0.9999775062848583;0.9999739291156556;0.9999898882268841;0.9999760221226911;1.0002165963624672;0.9999439774994329;1.0;1.0;0.9999784255026667;0.9999999999999999;1.0000273872051202;0.9999627435836644;0.999926495111633;0.9999283017416684;0.9999291293329523;0.9999895130531047;1.0;0.9999822954212019;0.999973108311371;0.9999846471988653;0.999928885448482;1.000203407739289;1.0002221290119553;0.999976003062445;0.9999824851459777;0.9999797227474785;1.0;0.9999411203776669;0.9999454968505338;0.9999638520622947;0.9999928109617978;0.9999475581711679;1.0;1.0;0.999983985311959;0.9999740519325439;0.9999999999999999;0.9999917687515136;0.9999743619968608;0.9999781712149997;1.0;1.024999976158142;
2016-05-14 03:15:00;0.9999737645576238;1.0;0.9999772674662935;0.9999761299948046;0.9999865231016104;0.9999782373302616;1.0002145234806359;0.9999562165082095;1.0;1.0;0.9999789308426209;1.0;1.0000268356952695;0.9999693022468931;0.9999449558641611;0.9999472205430758;0.9999477358009959;0.9999858262313255;1.0;0.999982407418257;0.9999730602008075;0.9999836913841452;0.999947551472245;1.0002017193088302;1.0002198495781442;0.9999767035719409;0.9999815823252431;0.9999822426324069;1.0;0.9999533690362112;0.9999518481373881;0.9999674585351493;0.9999905463217991;0.9999509691034492;1.0;1.0;0.9999855059506926;0.9999779544363169;1.0;0.9999891395938636;0.9999744496654306;0.9999778708071473;1.0;1.024999976158142;
2016-05-14 03:30:00;0.9999736424976197;1.0;0.9999783272475398;0.99997515033892;0.999989012979604;0.9999772775757877;1.0002151134064683;0.9999477028250756;1.0;1.0;0.9999796977743093;1.0;1.000027217742324;0.9999645976543111;0.9999309064423685;0.9999333364592001;0.9999341434715387;0.9999886485424485;1.0;0.9999831384698781;0.9999741526222814;0.9999858094278551;0.9999339057498037;1.0002020857157636;1.000220548293012;0.9999772058596904;0.9999836902219098;0.9999807647780256;1.0;0.9999486178686592;0.9999474326717858;0.9999638852041718;0.999991756197165;0.9999438524048281;1.0;1.0;0.9999842844888064;0.9999751450649842;1.0;0.9999906860281642;0.9999755014842451;0.9999791610915924;1.0;1.024999976158142;
2016-05-14 03:45:00;0.9999693202999157;1.0;0.9999744196252605;0.9999711777872052;0.9999857183375673;0.9999735859577277;1.0002167580312775;0.9999391314680529;1.0;1.0;0.9999767878822363;1.0;1.0000275602014255;0.9999580374049821;0.9999189024358844;0.9999228435490132;0.9999238500581583;0.9999854840988716;1.0;0.9999806905194072;0.999970871601407;0.9999843081938199;0.9999235690179373;1.0002036378588646;1.0002222041896416;0.999974438783037;0.9999819378519734;0.9999774704625018;1.0;0.9999463898565328;0.9999496780393688;0.9999680551204037;0.9999885680476804;0.9999578588009588;1.0;1.0;0.9999850305488565;0.9999766850775607;1.0;0.999987278917323;0.9999726074748067;0.9999757067128621;0.9999999999999999;1.024999976158142;
2016-05-14 04:00:00;0.9999661269739374;0.9999999999999999;0.999972822037896;0.999968182735609;0.9999860070748644;0.999971067646411;1.0002178484894086;0.9999322649226255;1.0;0.9999999999999999;0.9999747224862535;1.0;1.0000274835209104;0.9999540641715193;0.9999092690791578;0.9999127711611681;0.9999138843302545;0.9999855721676372;1.0;0.9999787962506652;0.9999670072582721;0.9999829577680418;0.9999135611806954;1.0002045468756247;1.0002234542316228;0.9999710136967287;0.9999801639188101;0.9999753286559283;1.0;0.9999391949960115;0.9999441115476639;0.9999628891835686;0.9999891295701469;0.9999459754259595;1.0;1.0;0.9999848219631251;0.9999760953561853;1.0;0.9999878192769416;0.9999688130218061;0.9999740576283989;1.0;1.024999976158142;
2016-05-14 04:15:00;0.9999632577346248;1.0;0.9999708487250631;0.9999659457924895;0.9999839158365457;0.9999692384006343;1.0002186073754606;0.9999289019928689;1.0;1.0;0.9999732308336147;1.0;1.0000274746024584;0.9999512567583837;0.9999042641858639;0.9999085169541607;0.9999097120672817;0.9999833722055943;1.0;0.9999772645973819;0.9999640892286816;0.9999821417575783;0.9999093597523427;1.000205275942842;1.0002242387742024;0.9999687570484147;0.9999790374215994;0.9999737889925591;1.0;0.9999386201507167;0.9999416437248485;0.9999620496693902;0.9999872933770602;0.9999471078945753;1.0;0.9999999999999999;0.9999837415317666;0.9999746021129069;0.9999999999999999;0.9999858178856106;0.9999661621315807;0.999972315677392;1.0;1.024999976158142;
2016-05-14 04:30:00;0.9999695640042439;1.0;0.9999757120261823;0.999971479868113;0.9999887245442666;0.9999741435442469;1.0002177645149517;0.9999411425284037;1.0;0.9999999999999999;0.9999764949256498;1.0;1.0000271925029125;0.9999608057674249;0.9999227557586635;0.9999244128492145;0.9999252526401;0.9999880077636927;1.0;0.999980315363432;0.9999688221237227;0.9999830237161766;0.9999249815980358;1.000204484244219;1.0002234064722875;0.9999725465154606;0.9999803961538336;0.9999783380610702;1.0;0.9999391624383209;0.9999335523058742;0.9999591839133063;0.9999923089179192;0.9999502170554551;1.0;1.0;0.9999852689911585;0.9999769235178727;1.0;0.9999911007603516;0.9999702390293476;0.9999763490212306;1.0;1.024999976158142;
2016-05-14 04:45:00;0.9999680110340132;1.0;0.9999737952992244;0.9999696365301451;0.9999868841031541;0.9999721785163638;1.0002193484136492;0.999934529554815;1.0;1.0;0.9999755700028702;1.0;1.0000277986033934;0.9999557579544767;0.9999128085985212;0.9999160338830575;0.9999170918102314;0.99998657022489;1.0;0.9999797525994897;0.9999691501370095;0.999983363618376;0.999916791668959;1.0002059716185563;1.0002249562729983;0.999972699998561;0.9999808282358189;0.9999762622571079;0.9999999999999999;0.9999351936195315;0.999931562543074;0.9999571299220518;0.9999898604248013;0.9999450883334764;1.0;1.0;0.9999845721835499;0.9999762267160793;0.9999999999999999;0.9999886255957525;0.9999708103495799;0.9999749220849661;1.0;1.024999976158142;
2016-05-14 05:00:00;0.9999786798384479;1.0;0.9999818534364989;0.999979761412039;0.99999040681813;0.999981319403404;1.0002177028232937;0.9999570954104497;0.9999999999999999;1.0;0.9999832934168489;1.0;1.0000277646472215;0.9999706847816736;0.9999435443358441;0.9999459140304585;0.9999465831069457;0.9999902446418695;1.0;0.9999862848964975;0.9999796548553774;0.9999883453940679;0.9999463958288053;1.0002046138034593;1.0002230860223609;0.9999819936921551;0.9999867483149234;0.999984143038659;1.0;0.9999434631479999;0.9999365738527454;0.9999592895763089;0.9999925764637074;0.9999448835867656;0.9999999999999999;0.9999999999999999;0.999985006640804;0.9999774551301991;1.0;0.9999916739451179;0.9999807863554954;0.9999826199072833;1.0;1.024999976158142;
2016-05-14 05:15:00;0.9999665725949842;1.0;0.9999740756010684;0.9999698181389585;0.9999859738921256;0.9999731623275453;1.0002168704491545;0.9999423089259115;1.0;1.0;0.9999752763658513;1.0;1.0000266872234307;0.9999606938740243;0.9999241751239497;0.9999263761585357;0.9999271807612439;0.9999848557487072;0.9999999999999999;0.9999786628478773;0.9999647232198848;0.999981949218332;0.9999268908296376;1.000203718441393;1.0002225027852099;0.9999696377064701;0.9999788354970423;0.9999778010440955;0.9999999999999999;0.9999465441968525;0.9999458610539812;0.9999636371187594;0.9999903034054205;0.9999459016931085;0.9999999999999999;1.0;0.9999845413060982;0.9999750207441878;1.0;0.9999888191507553;0.9999664482795856;0.9999748492788398;1.0;1.024999976158142;
2016-05-14 05:30:00;0.9999699270528547;1.0;0.9999764417014615;0.9999711134384742;0.9999901844141863;0.9999736478583244;1.0002177595176736;0.9999354773041466;1.0;1.0;0.9999772423231255;1.0;1.000027518443472;0.9999575239377942;0.9999133445430985;0.9999153991935124;0.9999164509739389;0.9999898092402961;1.0;0.9999811036636748;0.9999704684705379;0.9999847376111384;0.9999161481512591;1.0002043695107412;1.0002234294979155;0.9999736295160191;0.9999822180202483;0.9999773979385285;0.9999999999999999;0.9999397543834148;0.9999400769453701;0.9999617310203105;0.99999274314995;0.9999488346119799;0.9999999999999999;1.0;0.9999848952189933;0.9999765497488269;1.0;0.9999917714745873;0.9999718667912286;0.9999773080542179;1.0;1.024999976158142;
2016-05-14 05:45:00;0.9999655895377819;1.0;0.9999723622593594;0.9999668249788175;0.9999877249453711;0.9999695469038565;1.0002177627404516;0.9999254673368699;1.0;1.0;0.9999738013756799;1.0;1.000027645453584;0.9999504711710504;0.9998999325872008;0.9999029701393789;0.9999042107997473;0.9999874815337527;1.0;0.9999783939122816;0.999967027796085;0.9999826085928836;0.9999038675592433;1.0002043344882083;1.0002234400293113;0.9999705097026274;0.9999798668235337;0.9999737878932263;1.0;0.9999411604675316;0.9999368901158052;0.9999609457353122;0.9999904936071635;0.9999514353940212;1.0;0.9999999999999999;0.9999842237538488;0.9999742903720652;1.0;0.9999893402436826;0.9999687100056904;0.9999735281389673;1.0;1.024999976158142;
2016-05-14 06:00:00;0.9999670664544926;1.0;0.9999727239134444;0.9999687125363419;0.9999854403258069;0.999971242720105;1.0002149476960998;0.9999317469868337;1.0;1.0;0.9999751783926665;1.0;1.000027427824356;0.9999533418600236;0.9999084094235006;0.9999126654665463;0.9999138334754746;0.9999853163801083;1.0;0.999979446424946;0.9999691844640597;0.9999836406242812;0.9999135177104053;1.00020185343563;1.0002203978237783;0.999972769596924;0.9999811282363238;0.9999752701523836;1.0;0.9999469622781075;0.9999421428350839;0.9999631431074428;0.9999881273861115;0.9999506603994017;1.0;1.0;0.9999822099098472;0.9999738644620915;1.0;0.9999868442096572;0.9999710225132291;0.9999741602481484;1.0;1.024999976158142;
2016-05-14 06:15:00;0.999967511839647;1.0;0.9999733937252294;0.9999707262920954;0.9999828433088973;0.9999736672052653;1.0002209537224176;0.9999437299808274;1.0;1.0;0.9999762557428181;1.0;1.0000277140346392;0.9999600163043973;0.9999253681510838;0.9999298277233477;0.9999307221676773;0.9999822061714791;1.0;0.9999796418584985;0.9999678964230596;0.9999834579892571;0.9999304423407734;1.0002077142929184;1.000226467267474;0.9999725762017558;0.999980729549292;0.9999779237978875;1.0;0.9999377873703711;0.9999293338431877;0.9999450079817636;0.9999865145208189;0.9998960271121238;0.9999999999999999;1.0;0.9999834680940793;0.999974741498954;1.0;0.9999849311748323;0.9999698973788459;0.999974768003587;1.0;1.024999976158142;
2016-05-14 06:30:00;0.9999716384835053;1.0;0.9999771893870512;0.999974457261617;0.9999860242036053;0.9999771239792903;1.0002186340244403;0.9999511782924801;1.0;1.0;0.9999791754133314;1.0;1.0000273446191819;0.999965775174319;0.999935506456171;0.9999386872232243;0.9999394263729477;0.9999853181612147;0.9999999999999999;0.999982098343961;0.9999712642420031;0.9999852082856409;0.9999391825411265;1.0002055178475522;1.0002241164696823;0.9999754031984935;0.99998273185022;0.9999809288150855;0.9999999999999999;0.999941303267006;0.9999302569863875;0.9999442001344991;0.9999894285916624;0.9998906505938123;0.9999999999999999;0.9999999999999999;0.9999850604053583;0.9999763337963374;1.0;0.9999880798668918;0.9999729150099171;0.9999781943204219;1.0;1.024999976158142;
2016-05-14 06:45:00;0.9999702676597257;0.9999999999999999;0.9999762302501854;0.9999715980830792;0.9999890743168642;0.9999740389001943;1.0002168675167373;0.9999374508460781;1.0;1.0;0.9999774792056195;1.0;1.0000274743532922;0.9999582815279104;0.9999161801183184;0.9999187597055971;0.9999197849860122;0.9999887604379127;1.0;0.9999813070896871;0.9999711423202079;0.9999848758178007;0.9999194934273995;1.0002035983382846;1.000222448666582;0.9999743443935943;0.9999824519399876;0.9999777593907843;1.0;0.9999293525557444;0.9999306253306155;0.9999529026471887;0.9999916546463523;0.9999281365684264;1.0;0.9999999999999999;0.9999859472791314;0.999977601800185;0.9999999999999999;0.9999906112066137;0.9999726141144887;0.9999772082048135;0.9999999999999999;1.024999976158142;
2016-05-14 07:00:00;0.9999603263924115;1.0;0.9999693387524281;0.9999616578513395;0.9999868469378264;0.9999650014406097;1.0002346016183583;0.9999111979467147;0.9999999999999999;1.0;0.9999709980732492;1.0;1.0000298540497046;0.9999412214446204;0.999878587607779;0.9998824807168888;0.9998840766570704;0.9999866739976762;1.0;0.9999758588740822;0.9999624776362344;0.9999819458540057;0.9998836449556864;1.0002200105847447;1.0002408040847313;0.9999664325028921;0.9999786813267787;0.9999694901140482;0.9999999999999999;0.999886769327747;0.9998570491525709;0.999915773543432;0.9999892255452356;0.9999083074901167;1.0;1.0;0.9999847428539138;0.9999756034259026;1.0;0.9999880738985415;0.9999644753558936;0.9999709164031972;1.0;1.024999976158142;
2016-05-14 07:15:00;0.9999326167845235;1.0;0.9999337377602598;0.9999348935908626;0.9999647589972224;0.9999378459208746;1.000250989970004;0.9998713951941002;1.0;1.0;0.9999386045016718;1.0;1.0000317729115844;0.9999110655836531;0.9998442167333571;0.9998498942555812;0.9998512458066054;0.9999643531841259;1.0;0.9999517958501585;0.9999353974131981;0.9999509986588528;0.9998508620282704;1.0002357745914943;1.0002573397347057;0.9999417970268312;0.9999470670673962;0.9999490047957397;1.0;0.9998809747304158;0.9998460360832157;0.99990844354941;0.9999754981363518;0.9998977985046842;1.0;1.0;0.999980885897268;0.9999717465045077;1.0;0.9999717894492746;0.999938511398719;0.9999349398427191;1.0;1.024999976158142;
2016-05-14 07:30:00;0.9999618873575615;0.9999999999999999;0.9999685226721196;0.9999650556021332;0.9999812477401331;0.9999683191250184;1.0002452837240239;0.9999306401448492;1.0;1.0;0.9999714428795591;1.0;1.0000308115349503;0.9999515582684398;0.9999084048101285;0.9999130459242545;0.9999141257841667;0.9999805998393171;1.0;0.999975848304875;0.9999625117689137;0.9999799842836026;0.9999137964581577;1.000230495674519;1.0002514682891124;0.9999675832501663;0.9999768676264414;0.9999733681004884;1.0;0.9998813526991261;0.99984186367645;0.999898876717218;0.999985484481914;0.9998640752801115;1.0;1.0;0.999978371325007;0.9999684380013586;1.0;0.9999837205444678;0.9999647146521452;0.999969979620355;1.0;1.024999976158142;
2016-05-14 07:45:00;0.9999174868737447;0.9999999999999999;0.9999395925137937;0.9999175176903807;0.9999850041434613;0.9999245681801074;1.000251162005141;0.999795812391986;1.0;1.0;0.9999390173331244;1.0;1.000031635762219;0.9998702717859628;0.9997193343135451;0.9997228042174728;0.9997264547930513;0.9999846902657871;1.0;0.999949844654001;0.9999208514441026;0.9999629416372843;0.9997254730573114;1.000234106148524;1.000259012634079;0.9999273584000099;0.9999558765196063;0.9999336029523306;1.0;0.999882215771601;0.999837399349754;0.9999004371751332;0.9999886168369458;0.9998795186222151;1.0;0.9999999999999999;0.9999848234472805;0.999975302882684;1.0;0.9999871736694387;0.9999241094717894;0.999941925601809;1.0;1.024999976158142;
2016-05-14 08:00:00;0.9999427130413651;1.0;0.9999532595373607;0.9999463252213217;0.9999731577794297;0.9999510282786528;1.0002496095563598;0.999884793812255;1.0;1.0;0.9999582432009702;0.9999999999999999;1.000031717196684;0.9999202006705395;0.9998440119818134;0.9998524923311066;0.9998545486334285;0.999972903635228;1.0;0.9999648970325229;0.9999465402976451;0.9999732029812096;0.9998539902115399;1.0002342477785136;1.0002560874131565;0.9999532676728607;0.9999687203925592;0.9999578069969588;1.0;0.9998873894594541;0.9998469198412401;0.9999052007021274;0.9999775369563392;0.9998819225088431;1.0;1.0;0.9999846088631444;0.9999742943423281;1.0;0.9999752524120439;0.9999499666937877;0.9999560814239457;1.0;1.024999976158142;
2016-05-14 08:15:00;0.9999337125660237;0.9999999999999999;0.9999503968500589;0.9999383076704648;0.9999745739224387;0.9999447740340474;1.0002439220020805;0.9998658939923433;0.9999999999999999;1.0;0.9999539748214499;1.0;1.000030251784408;0.99990936231787;0.9998153827598179;0.9998228381866352;0.9998252803954292;0.9999736349812027;1.0;0.9999603452809077;0.9999353256631441;0.9999713520174187;0.9998245725128818;1.0002285254230352;1.0002506977795755;0.9999436270675538;0.9999654308380529;0.9999522890589996;1.0;0.9998885661529958;0.9998537686555027;0.9999155196562063;0.9999792385725759;0.9999137049430986;1.0;1.0;0.9999857497812502;0.9999774043039519;0.9999999999999999;0.9999770026790153;0.9999390327767324;0.999953239195866;1.0;1.024999976158142;
2016-05-14 08:30:00;0.9999495400056839;0.9999999999999999;0.9999598791417584;0.9999539120379594;0.9999780544023161;0.9999586205321824;1.0002541599748211;0.999909492508055;1.0;1.0;0.9999623166111714;1.0;1.0000312555293145;0.9999380431809332;0.9998807746461785;0.9998849892283587;0.9998863136721322;0.9999767416179726;1.0;0.9999678357535099;0.9999482746081078;0.9999729800943334;0.9998858734325461;1.0002386336769427;1.0002608540307887;0.9999552378510359;0.999968529190784;0.9999654871546745;1.0;0.9998235322345111;0.9998166473243607;0.9998979930123378;0.9999841219660516;0.9999096958963978;1.0;1.0;0.9999852195932961;0.9999756990249279;0.9999999999999999;0.9999819004186982;0.9999509438051325;0.9999612991565793;0.9999999999999999;1.024999976158142;
2016-05-14 08:45:00;0.9999489313991314;1.0;0.9999575945042237;0.9999522803053918;0.9999775031045245;0.9999564196013812;1.0002542914495862;0.9999024137137903;1.0;1.0;0.999960494886446;0.9999999999999999;1.0000317523856372;0.9999333566985531;0.9998720733254092;0.9998768796302111;0.99987833075312;0.9999766744524534;1.0;0.9999670732981217;0.9999495024269563;0.9999718390211797;0.9998778911525881;1.000238726464576;1.0002609251006775;0.9999557060852532;0.9999677344210769;0.9999633625277456;1.0;0.9998234669102753;0.9998180580406795;0.9998978726218745;0.999983280999919;0.9999063941349036;1.0;1.0;0.9999857627675273;0.9999778301133981;1.0;0.9999810661952595;0.9999521655084359;0.99995915957871;0.9999999999999999;1.024999976158142;
2016-05-14 09:00:00;0.9999484838542748;1.0;0.9999605620226967;0.9999529534838681;0.9999781417797686;0.9999580342621313;1.000255049320966;0.9999041911785236;0.9999999999999999;1.0;0.9999634113711996;1.0;1.0000315300546596;0.9999344130911064;0.9998704338772127;0.9998757743383224;0.9998773708379697;0.999977000604727;1.0;0.9999683613698281;0.9999481880837796;0.9999754945862298;0.9998768711079584;1.0002393874778415;1.0002618015550446;0.9999552934439228;0.9999708357018339;0.9999644285534504;1.0;0.9998198382464982;0.9998126481903994;0.9998941415970505;0.9999831330227061;0.9999006722949966;1.0;1.0;0.9999860318727632;0.9999776863931107;1.0;0.9999810708884264;0.9999510791516772;0.9999624686851283;1.0;1.024999976158142;
2016-05-14 09:15:00;0.9999412380931895;1.0;0.9999529735495334;0.9999448731899188;0.9999766648028489;0.9999499402059039;1.0002574157615403;0.9998841086079295;1.0;1.0;0.9999556110450322;1.0;1.0000319584405837;0.9999218993521781;0.9998459154126775;0.9998509185296547;0.9998527310451324;0.999975673738243;1.0;0.9999627597574557;0.9999416460522859;0.9999692680464214;0.9998521850509391;1.0002414300489644;1.0002643486611047;0.9999486908769998;0.9999643338657773;0.9999575958594288;1.0;0.9998148861885585;0.9998111399793826;0.999890354017963;0.999982632287045;0.9998871269748913;1.0;1.0;0.9999856104006317;0.9999768837868114;1.0;0.9999803399014863;0.999944629407753;0.9999547744755584;0.9999999999999999;1.024999976158142;
2016-05-14 09:30:00;0.9999399927360458;1.0;0.9999490593856611;0.9999429499256053;0.9999758261488763;0.9999474012520551;1.0002618087364339;0.9998818878480066;1.0;0.9999999999999999;0.9999513493077454;1.0;1.0000325343115042;0.9999207509445821;0.9998476896101899;0.9998515255085225;0.9998531292583674;0.999974842669713;1.0;0.9999601589836604;0.999940114961681;0.9999640743126751;0.9998526386796622;1.000245598679078;1.0002688152267565;0.9999467432847984;0.9999594098235701;0.9999560241460403;1.0;0.9998104578554278;0.999809266914369;0.9998891809702442;0.9999832482224037;0.999885823256448;1.0;1.0;0.9999856104006315;0.9999768837868112;1.0;0.9999806960180234;0.9999428759974085;0.9999503205035435;1.0;1.024999976158142;
2016-05-14 09:45:00;0.999886488451392;1.0;0.999912903916497;0.999896842628104;0.9999437873981271;0.9999079488372111;1.0002878522386707;0.9997842894147233;1.0;1.0;0.9999245056148915;1.0;1.0000358448535263;0.9998475951813406;0.9996999057586403;0.9997199240098794;0.9997241850888662;0.9999428071063796;1.0;0.9999337998647322;0.9998933189603965;0.9999553369977253;0.9997229961372986;1.0002697883799632;1.000295737972039;0.9999088959880925;0.9999455861678672;0.9999201684703017;1.0;0.999773933365353;0.999784336168769;0.999877673129074;0.9999508828942993;0.999884377044332;1.0;1.0;0.9999849627763624;0.9999758233463409;1.0;0.9999463949110903;0.9999009123794289;0.9999196444099827;0.9999999999999999;1.024999976158142;
2016-05-14 10:00:00;0.9998629274801231;0.9999999999999999;0.9998937439980498;0.9998743707713138;0.9999345721565174;0.9998873554350713;1.0002961459856372;0.9997354344896704;1.0;1.0;0.9999066124668701;0.9999999999999999;1.0000366830278213;0.9998146792133574;0.9996346650592438;0.9996570127771155;0.9996620746458695;0.9999334111235413;0.9999999999999999;0.9999189282386793;0.9998707180580848;0.9999433192765045;0.9996606625038411;1.0002772528272061;1.0003045424734678;0.9998888054623986;0.9999317160203121;0.9999025522555847;0.9999999999999999;0.9997649167790127;0.9997750053094312;0.999872013472528;0.9999436881780527;0.9998780389114145;0.9999999999999999;1.0;0.9999848952189931;0.9999765497488267;1.0;0.9999383443018498;0.999879511919107;0.9999013086112278;1.0;1.024999976158142;
2016-05-14 10:15:00;0.9998610483664849;1.0;0.9998901711654112;0.9998743173115602;0.9999247706518589;0.9998873756931492;1.000298928021401;0.9997423342292401;0.9999999999999999;0.9999999999999999;0.9999067977183993;1.0;1.0000374366880675;0.99981480271067;0.9996432531173624;0.9996704452297012;0.999675539852397;0.9999239436071526;1.0;0.9999185020211592;0.9998713424205374;0.9999442662761341;0.9996741425094863;1.0002803144427022;1.0003069621904637;0.9998906047248562;0.9999328166530365;0.9999025740433166;1.0;0.9997799864847124;0.9997801775296551;0.999872861130222;0.9999338965233916;0.9998715410509408;1.0;1.0;0.9999851166252366;0.9999759771938089;1.0;0.9999279431588697;0.999881043074382;0.9998989405832255;1.0;1.024999976158142;
2016-05-14 10:30:00;0.9998473679553951;1.0;0.9998795757812743;0.9998639411422682;0.999914979825663;0.999878840580652;1.000310683243934;0.99973298501279;1.0;1.0;0.9998976096683735;1.0;1.000037976860286;0.9998061712423788;0.9996326114465736;0.9996614287143707;0.9996665320363867;0.9999131615523782;0.9999999999999999;0.9999096468716021;0.9998552269437281;0.9999364571906846;0.9996650629230169;1.0002915248793438;1.0003190552670642;0.999877859019172;0.999923516880916;0.9998962999538726;1.0;0.9997690623707026;0.9997631049522229;0.9998553746753053;0.9999270538850535;0.9998287578532474;0.9999999999999999;0.9999999999999999;0.9999855298584367;0.9999771843829737;1.0;0.9999200740653073;0.9998659111560297;0.9998886860525522;0.9999999999999999;1.024999976158142;
2016-05-14 10:45:00;0.9998466718740123;1.0;0.9998694345231754;0.9998589895694702;0.9999214731009948;0.9998712459615714;1.000305288297267;0.9997249144722572;1.0;1.0;0.9998824207178452;1.0;1.0000368779919724;0.9998062045097051;0.9996416457146323;0.9996609123602186;0.999665008502831;0.9999192809979001;1.0;0.9999011749447682;0.9998505003392145;0.9999159305612797;0.9996637779700108;1.000286240178432;1.0003137728131328;0.9998703075824027;0.9999040760923266;0.9998923311139689;0.9999999999999999;0.9997514867321443;0.9997724277147124;0.9998675624838016;0.9999393572460082;0.999864023103278;0.9999999999999999;1.0;0.9999859035802205;0.9999775581016387;1.0;0.999931952017433;0.9998593372641048;0.9998751110503957;1.0;1.024999976158142;
2016-05-14 11:00:00;0.9998810235809258;1.0;0.9999075861539286;0.9998916331290679;0.9999427937487827;0.9999030511514032;1.0002985993247118;0.9997768361365398;1.0;1.0;0.9999182257983927;1.0;1.0000367085145416;0.9998434547206942;0.9996938005548158;0.9997120599089164;0.9997161850039181;0.999941307871843;1.0;0.9999288833667468;0.9998858384912251;0.9999487380356756;0.9997149963613288;1.0002798295761026;1.0003068915693227;0.9999020880981274;0.9999385153130138;0.9999167460222023;1.0;0.9997629902985811;0.9997615518012812;0.9998503421092855;0.999951953115992;0.9998100280581872;1.0;1.0;0.9999859149671577;0.9999771883506793;1.0;0.9999471093650739;0.9998933709137533;0.9999137094471562;1.0;1.024999976158142;
2016-05-14 11:15:00;0.9998707599902235;1.0;0.9998949197813018;0.9998809776926244;0.9999330325443496;0.9998920846380079;1.0003053315376451;0.9997515220330208;1.0;1.0;0.9999089913051796;1.0;1.0000385838028452;0.9998239176785113;0.9996609343184051;0.9996838492648995;0.9996884949133426;0.9999325455410434;1.0;0.999922187734539;0.9998806327921772;0.9999432013679272;0.9996872394403653;1.0002862463089266;1.0003135317167924;0.9998970611391833;0.9999330462830267;0.9999069368367608;1.0;0.9997677585469503;0.9997643620288068;0.9998471313892966;0.9999423412110728;0.9997907701605062;0.9999999999999999;1.0;0.9999852366790217;0.9999765100684627;0.9999999999999999;0.9999368725954585;0.9998890879909971;0.9999022824833771;1.0;1.024999976158142;
2016-05-14 11:30:00;0.9998885123779216;1.0;0.9999098518087753;0.9998995368188053;0.9999422553525348;0.9999098484700737;1.0002965893019369;0.9998057402117362;1.0;1.0;0.9999197860391248;1.0;1.0000359307069222;0.9998620063487018;0.9997406124668586;0.9997562611207784;0.99975944680995;0.9999401949869242;0.9999999999999999;0.999930770467399;0.9998902695693221;0.9999451661048976;0.999758464856036;1.0002783451459978;1.000304602931479;0.99990625894598;0.9999357475330968;0.999924155759464;1.0;0.9997535123299178;0.999766528302625;0.9998543189538637;0.9999540442315674;0.9998180105299118;1.0;0.9999999999999999;0.9999846695984612;0.9999751490353295;1.0;0.9999487936296183;0.9998971810592463;0.9999147319289237;1.0;1.024999976158142;
2016-05-14 11:45:00;0.9998699930508756;1.0;0.9999023602924206;0.9998879373435318;0.999932447895398;0.9999027002544283;1.0002999112848874;0.999802541121164;1.0;1.0;0.9999125058091376;1.0;1.0000338032986051;0.9998575567060115;0.9997335622208066;0.9997499199376209;0.999753090311267;0.9999278198075652;1.0;0.999920852764887;0.9998639454933004;0.9999394441552751;0.9997519323774179;1.0002815471620212;1.0003084140416485;0.9998865253108864;0.9999267358513492;0.9999194845404098;1.0;0.999742773651636;0.9997598501870919;0.9998528666943847;0.9999480219240163;0.9998244882528603;1.0;1.0;0.9999855735073155;0.9999772280314884;1.0;0.9999416260182052;0.9998722708353966;0.9999075703318536;0.9999999999999999;1.024999976158142;
2016-05-14 12:00:00;0.999870729894543;1.0;0.9998990633734313;0.9998840166395359;0.9999407273863201;0.9998969209301961;1.000291631448277;0.9997798537752663;1.0;1.0;0.999906400143231;1.0;1.0000335250406425;0.9998470856148723;0.9997083320466342;0.9997206056026209;0.9997238939235368;0.9999369511507977;0.9999999999999999;0.9999186460775528;0.9998664224150525;0.9999334395983408;0.9997227647094792;1.0002732837522095;1.0003001714755115;0.9998856872663148;0.9999216504348962;0.9999142983186666;1.0;0.9997614857775141;0.9997736341626592;0.9998623315545895;0.9999563023981265;0.9998387388589176;1.0;0.9999999999999999;0.9999856104006314;0.999976883786811;0.9999999999999999;0.999950417699588;0.9998736707586717;0.9999030973054801;1.0;1.024999976158142;
2016-05-14 12:15:00;0.9999108386599894;1.0;0.9999265423232518;0.9999169480798777;0.9999607663946517;0.99992435171146;1.00028801953432;0.9998307525513151;0.9999999999999999;1.0;0.9999316573949117;1.0;1.0000353527665247;0.9998842619910637;0.9997775341869529;0.9997860553111111;0.9997885981769546;0.9999592637058351;0.9999999999999999;0.9999427723548944;0.9999116561347627;0.9999515404401097;0.9997878243128112;1.0002700516554819;1.0002959166592003;0.9999226669484004;0.9999442881471674;0.9999363857812487;1.0;0.9997422654734961;0.9997569742713398;0.9998497781115163;0.999970714463861;0.9998168087748548;1.0;1.0;0.9999858910600513;0.9999779584049047;1.0;0.999966870387433;0.9999163515088558;0.9999293311378483;1.0;1.024999976158142;
2016-05-14 12:30:00;0.999866242911073;0.9999999999999999;0.9998897352895953;0.9998776253865311;0.9999282410962143;0.9998890437355351;1.0003013459589123;0.9997516317717742;1.0;1.0;0.9999043563003156;1.0;1.0000376681207646;0.9998228368499363;0.9996644139948497;0.9996875285787792;0.9996919837628121;0.9999273297184711;0.9999999999999999;0.9999183031612445;0.9998748741149344;0.9999381084484356;0.9996907486138498;1.0002826460785057;1.0003094057360062;0.9998924503790647;0.9999276110472028;0.9999051230867481;1.0;0.9997563188418221;0.999771088400024;0.9998605280187516;0.9999395127048073;0.9998360831087547;1.0;1.0;0.9999838936821457;0.9999739603036409;1.0;0.9999334712130825;0.9998835956102543;0.9998969692478796;1.0;1.024999976158142;
2016-05-14 12:45:00;0.9998135953831849;1.0;0.9998331552143213;0.9998286220056078;0.999897876800586;0.9998419936416814;1.000319998219677;0.999680507757784;1.0;1.0;0.9998497805673582;0.9999999999999999;1.0000381560633624;0.9997722706793081;0.99959734147548;0.9996194817146226;0.9996235705129696;0.9998950351061424;0.9999999999999999;0.9998753141728243;0.9998170687881246;0.999886488903959;0.9996222963796711;1.0003003611317707;1.0003287197744828;0.9998409532683571;0.9998730071952187;0.9998699239500164;1.0;0.9997555139999652;0.999768827678454;0.9998539838184247;0.9999237895862536;0.9998120508556543;1.0;1.0;0.9999862758702237;0.999978724350034;0.9999999999999999;0.9999137834184494;0.999827528230092;0.9998389198878885;1.0;1.024999976158142;
2016-05-14 13:00:00;0.99969042312825;0.9999999999999999;0.9997392421261558;0.9997210402531087;0.9998416470300383;0.9997479493469327;1.0003529835326694;0.9994965266000236;1.0;0.9999999999999999;0.9997618459627872;1.0;1.0000373128958555;0.9996427094501438;0.999358078797425;0.9993891481234958;0.9993956007866318;0.9998338300239307;1.0;0.9997966705544973;0.9996839032117263;0.9998209801015906;0.9993933565418608;1.0003305901653723;1.0003640732736503;0.9997281073117198;0.9997956524739505;0.9997936727617276;0.9999999999999999;0.9997349628804936;0.9997519126821482;0.9998426236193376;0.9998848152746689;0.9997958282664855;1.0;1.0;0.9999838090890564;0.999973875711392;1.0;0.9998688736193081;0.9997010853299608;0.999747684260833;1.0;1.024999976158142;
2016-05-14 13:15:00;0.9997850488309965;1.0;0.99983798140695;0.9998154685366012;0.999904193894949;0.9998403930513624;1.0003183474413715;0.9997041481071225;1.0;1.0;0.999842627594854;0.9999999999999999;1.0000287406566883;0.9997942317744508;0.999625505232077;0.9996322914023215;0.9996351506612547;0.9998922292349983;1.0;0.9998593675082994;0.9997545171948244;0.9998746114200264;0.9996335602711172;1.0002981894111773;1.00032922194488;0.999793231782713;0.9998523361878524;0.9998736930771588;0.9999999999999999;0.9997264630830256;0.9997462245295471;0.999839703951683;0.9999413205535301;0.9997942067440317;1.0;1.0;0.9999859882239408;0.9999776427446526;1.0;0.9999301076997049;0.9997653990942739;0.9998399594258445;1.0;1.024999976158142;
2016-05-14 13:30:00;0.9998237080036783;0.9999999999999999;0.9998676416206047;0.999847603141838;0.9999257262622626;0.9998679399731674;1.0003062101097047;0.9997508894223209;0.9999999999999999;0.9999999999999999;0.999869689435777;1.0;1.0000292289530557;0.999829169500538;0.9996848366833174;0.9996881568945334;0.9996905273548028;0.9999158098094534;1.0;0.999884142280438;0.9997977249919165;0.9998958018213204;0.999689209019433;1.0002867803580946;1.0003164095551125;0.9998288654404162;0.9998774540359492;0.9998953906869557;1.0;0.9997431160744463;0.99975405299922;0.9998410919530266;0.9999562976228419;0.9997847876179009;1.0;1.0;0.9999847612284881;0.9999752406644841;1.0;0.9999473486230123;0.999806243284388;0.9998687133396688;1.0;1.024999976158142;
2016-05-14 13:45:00;0.9997504046952783;1.0;0.9998235490799762;0.999788532761146;0.9998983227973859;0.9998205052415636;1.000332723952546;0.9996644143045117;1.0;1.0;0.9998250762264296;1.0;1.0000267521468735;0.9997695810480903;0.9995668971096133;0.9995710086456733;0.999574406639077;0.9998826079103194;1.0;0.9998399325216704;0.9997078130831414;0.9998621845660455;0.9995724117934011;1.0003110806226982;1.0003451566581698;0.9997552611791424;0.9998343060620906;0.9998581659382816;1.0;0.999714647456432;0.9997309744972291;0.999822112764386;0.9999405648249726;0.9997487987773499;1.0;1.0;0.9999853774923959;0.9999762380585842;1.0;0.9999282591842542;0.9997202801390306;0.9998253356800105;1.0;1.024999976158142;
2016-05-14 14:00:00;0.9998514044114838;1.0;0.9998818047281637;0.9998671158686547;0.9999339453956563;0.9998817563015703;1.0003054141866277;0.9997603212956973;1.0;1.0;0.9998872901206598;1.0;1.0000334474849697;0.9998349125911702;0.9996926830691105;0.9997011365553965;0.9997040240810394;0.9999283336360026;1.0;0.999902743174384;0.9998404650221748;0.9999138485068826;0.9997028715681351;1.0002861674994197;1.0003146891649213;0.9998631008642813;0.9999001547870048;0.9999038172842679;0.9999999999999999;0.9997530595923119;0.9997528911271921;0.9998423509605464;0.9999560885989738;0.9997924003631543;1.0;1.0;0.9999849996707197;0.9999754791044456;1.0;0.9999488490665721;0.9998479880024997;0.99988439357377;1.0;1.024999976158142;
2016-05-14 14:15:00;0.9998290050397027;0.9999999999999999;0.999854573204686;0.9998458132718672;0.9999220090564359;0.9998606472918516;1.0003074379642551;0.9997354657815651;1.0;0.9999999999999999;0.9998590233480209;1.0;1.0000322995283406;0.999818369829289;0.9996795401878064;0.9996837920003127;0.9996859356274352;0.9999149741528517;1.0;0.999881331979771;0.9998127266357915;0.999883824582353;0.9996848789232361;1.0002881887518387;1.0003169260446674;0.9998378286873971;0.9998690418446715;0.9998893099136313;1.0;0.9997570272243269;0.9997665669872104;0.9998588961254329;0.9999533997157768;0.9998380725295011;1.0;1.0;0.9999857258742039;0.9999781743581676;1.0;0.999944105341582;0.9998203716163713;0.9998551226377614;1.0;1.024999976158142;
2016-05-14 14:30:00;0.9997815552001708;1.0;0.9998123222027844;0.999801573120153;0.9999020335424651;0.9998198172988598;1.0003218729324905;0.999656233608351;0.9999999999999999;1.0;0.9998177071306583;1.0;1.000032582429646;0.9997648434744365;0.9995851839714186;0.9995898361581453;0.9995925776056517;0.9998934789721711;1.0;0.9998473798431307;0.9997619122224378;0.9998494554609304;0.999591257252215;1.0003013881991238;1.0003323001757662;0.9997928354801126;0.9998310281856084;0.9998567750059958;1.0;0.9997551025757943;0.9997680601495067;0.9998545702170025;0.9999420974389673;0.9998166851647542;0.9999999999999999;1.0;0.9999845610960145;0.9999758344913513;1.0;0.9999303320232436;0.9997713949564441;0.9998126998589923;0.9999999999999999;1.024999976158142;
2016-05-14 14:45:00;0.999825609063907;1.0;0.9998632409425282;0.9998480831712158;0.9999204951573593;0.9998667176218149;1.0003102509207629;0.9997506726816813;0.9999999999999999;1.0;0.9998678839872811;0.9999999999999999;1.0000309230569324;0.9998267126819418;0.9996880588590864;0.9996941841484096;0.9996965341471254;0.9999117135558188;1.0;0.9998841525890735;0.9998041622611618;0.9998940300443094;0.9996953007380038;1.0002908691130228;1.0003201004736209;0.9998338307300296;0.9998769304817126;0.9998942212580986;1.0;0.9997531950785505;0.9997696455039128;0.9998537151925019;0.9999508585493497;0.9998100308680307;1.0;1.0;0.9999829858236796;0.9999750531915794;1.0;0.9999416162422565;0.9998128232775593;0.999864822295602;1.0;1.024999976158142;
2016-05-14 15:00:00;0.9997750707367935;1.0;0.9998289955410321;0.999805123143911;0.9998945085184762;0.9998303023712577;1.000319451666199;0.9996709933028693;1.0;0.9999999999999999;0.9998389783947867;1.0;1.000030693165577;0.9997683066791369;0.9995731396921439;0.9995885252001857;0.9995925918677192;0.9998843545585622;1.0;0.9998562632402376;0.9997534749680994;0.9998781744339313;0.9995908110041515;1.0002992067259817;1.0003300375693756;0.9997922274676743;0.9998558776031915;0.9998629863115837;1.0;0.9997527348186234;0.9997916579961938;0.9998747043388031;0.9999281507522652;0.999858944212328;1.0;1.0;0.9999824835973523;0.9999729630550328;1.0;0.9999168332195226;0.9997658688138302;0.9998337161760286;1.0;1.024999976158142;
2016-05-14 15:15:00;0.9997529770661763;1.0;0.9997972922883726;0.9997802058339263;0.9998569093149052;0.9998029848908722;1.0003311520764493;0.9995884358710098;1.0;1.0;0.9998268455880643;1.0;1.0000390708566615;0.9996979441765919;0.9994477448327749;0.9994919402577669;0.9994990938846512;0.9998535470049431;1.0;0.9998486264572577;0.99976315036026;0.9998848370083608;0.9994969775442748;1.0003108147571915;1.000340270108152;0.9997997316460108;0.999864780413182;0.9998339922607327;0.9999999999999999;0.9997713981268036;0.9998301623373844;0.9998973418337477;0.9998811534335019;0.9998829905361281;1.0;1.0;0.9999854948630228;0.999977562211019;0.9999999999999999;0.999868849789896;0.9997799886359577;0.9998104390525125;1.0;1.024999976158142;
2016-05-14 15:30:00;0.9998567672232767;1.0;0.9998812583054187;0.9998694329912381;0.9999313306342148;0.9998818875102495;1.0003023407274105;0.9997515634944754;0.9999999999999999;0.9999999999999999;0.9998903441053029;1.0;1.000035311987591;0.9998269393554478;0.9996782711384856;0.9996919626576015;0.9996953929227959;0.9999279617900595;1.0;0.9999070223074968;0.999854692899527;0.9999194290854292;0.999694254955084;1.0002833965530789;1.0003110297716584;0.999874332248199;0.9999075144018434;0.9999022197655337;0.9999999999999999;0.9997826920402899;0.9998107061977886;0.9998585989844496;0.9999498519908601;0.999752301005017;1.0;1.0;0.9999849080406275;0.9999753874752255;0.9999999999999999;0.9999429672735639;0.999862465990312;0.9998853566096157;1.0;1.024999976158142;
2016-05-14 15:45:00;0.9998727894812816;1.0;0.9998996324844485;0.9998864501111837;0.9999382393776627;0.9998990529059909;1.0002881818214724;0.9997876776053606;0.9999999999999999;0.9999999999999999;0.9999082052314838;1.0;1.0000333088226647;0.9998507205025564;0.9997190170530409;0.9997327221411123;0.999735916545821;0.9999346606808264;1.0;0.999920048529082;0.9998694450512517;0.9999347968270303;0.9997348258659815;1.000270241627809;1.000296435447237;0.999888708045661;0.9999233512807661;0.9999161553258011;1.0;0.9997963841122874;0.9998311096538244;0.9998844267354595;0.999953631927823;0.9998244944710243;1.0;1.0;0.9999848219631251;0.999976095356185;1.0;0.9999476188756883;0.9998768512329228;0.9999039666562072;1.0;1.024999976158142;
2016-05-14 16:00:00;0.9998451159694736;1.0;0.9998704281482553;0.9998594064613031;0.9999197475725313;0.9998726936316793;1.0003021912770877;0.999732462985827;1.0;1.0;0.9998833503322895;0.9999999999999999;1.0000357446937878;0.9998104980529597;0.9996507560001398;0.9996699907306505;0.9996739512652005;0.9999168062709113;1.0;0.9999007827034799;0.9998464678221088;0.9999163438931705;0.9996727038639858;1.000283417844768;1.000310664612517;0.999867890715316;0.9999038032652493;0.9998939870321516;1.0;0.999769911431047;0.999818047684273;0.9998783191386222;0.9999384339898734;0.9998238055202563;0.9999999999999999;0.9999999999999999;0.9999849758119728;0.9999762492036904;1.0;0.9999308088561405;0.999855556419762;0.9998761131725854;1.0;1.024999976158142;
2016-05-14 16:15:00;0.999780762767387;1.0;0.9998255497778904;0.9998036337819182;0.9998811909562587;0.9998246028735771;1.0003232084795681;0.9996169697824284;0.9999999999999999;0.9999999999999999;0.9998497548174976;1.0;1.0000385271678451;0.9997235317336906;0.9994780579088575;0.9995162955422603;0.9995233045138286;0.9998783708076653;0.9999999999999999;0.9998681692018065;0.9997902939187614;0.9999039901033883;0.9995212642035921;1.0003028729311783;1.0003324245193217;0.9998221062856747;0.9998856019586407;0.9998506850251722;0.9999999999999999;0.9997916528064263;0.9998209458341748;0.9998727135495942;0.999899906979501;0.9997932726807467;1.0;1.0;0.9999864410562568;0.9999785083967472;0.9999999999999999;0.9998898927130291;0.9998050529169548;0.9998375300470084;1.0;1.024999976158142;
2016-05-14 16:30:00;0.9997304904560624;1.0;0.9997928879528352;0.9997503913591721;0.9998901299261889;0.9997759542892332;1.0003222452552905;0.9994761911342037;1.0;1.0;0.9998093343780282;1.0;1.0000369956067714;0.9996421507123455;0.999287761457329;0.9993182822756133;0.9993274061504127;0.9998862085054507;1.0;0.9998356989777544;0.9997362125481956;0.999876846463763;0.9993247327060613;1.0002997343104192;1.0003334873101362;0.9997703391718072;0.9998535088128194;0.9998083281981027;1.0;0.9997938476211486;0.9998330597320093;0.9998867656922185;0.9999118738441031;0.9998309108375528;1.0;1.0;0.9999856104006317;0.9999768837868114;1.0;0.9999019803833877;0.9997512935809405;0.999803756980391;1.0;1.024999976158142;
2016-05-14 16:45:00;0.9998414891113725;1.0;0.9998791131319512;0.9998539380136257;0.9999380127338567;0.9998694130476737;1.000292157947355;0.9996990217327272;1.0;1.0;0.9998861615856182;1.0;1.000033773338349;0.9997962371165693;0.9995941943095585;0.9996082093106862;0.9996131283022792;0.9999345506042466;1.0;0.999901954447916;0.9998399549413611;0.9999233215196063;0.9996115924354496;1.00027279697153;1.00030146520457;0.9998608879546297;0.9999090374182042;0.9998893342219696;1.0;0.9997692116215476;0.9998265360033707;0.999890914394797;0.9999532200783088;0.9998617893386105;1.0;1.0;0.9999857627675272;0.9999778301133982;1.0;0.9999472196873105;0.9998483597337056;0.9998843215913504;1.0;1.024999976158142;
2016-05-14 17:00:00;0.9997708757349311;1.0;0.9998184582875344;0.9997966874458668;0.9998730802755079;0.9998192258696693;1.0003185319397758;0.9996118675017355;1.0;1.0;0.9998437829738472;1.0;1.0000370483478458;0.9997181779819571;0.9994716455499082;0.9995113977747104;0.9995184221273407;0.9998693640188148;0.9999999999999999;0.9998621235888311;0.9997781943583647;0.999898985343181;0.999516314964147;1.0002986058159269;1.000327691832843;0.9998128926120772;0.9998793332335855;0.9998467914383058;1.0;0.9997934687421348;0.9998186985575643;0.9998678317858303;0.9998940212726615;0.9997761424225501;1.0;1.0;0.9999852803279362;0.9999765537169962;1.0;0.9998831962415708;0.9997937785276666;0.9998308336887345;1.0;1.024999976158142;
2016-05-14 17:15:00;0.9998057599030313;1.0;0.9998553335887256;0.9998291507394006;0.9999156635548124;0.9998508384670668;1.000307967334094;0.9996907285993115;1.0;1.0;0.9998631511250392;0.9999999999999999;1.0000315351862765;0.9997859973086256;0.9995899051329717;0.9996038466611845;0.9996082218302571;0.999907877938655;1.0;0.9998782193743172;0.9997907953770104;0.9999008966697187;0.9996065258756764;1.0002880466929231;1.0003181369275258;0.999822515266772;0.9998816434415141;0.9998774570578969;1.0;0.999781490039259;0.9998097602104736;0.999860170097467;0.999941043814195;0.9997605691945276;0.9999999999999999;1.0;0.9999849758119732;0.9999762492036908;1.0;0.9999322132173805;0.9998013987351251;0.99986015735189;1.0;1.024999976158142;
2016-05-14 17:30:00;0.9998696427175092;1.0;0.9999070565366176;0.9998883264948994;0.9999460225941859;0.9999045193397534;1.0002851427387123;0.9998130283231694;1.0;1.0;0.9999091859951627;1.0;1.0000291717529506;0.9998714973950407;0.9997548343835044;0.9997594938624055;0.9997617303281996;0.9999387242449295;0.9999999999999999;0.9999174984111111;0.9998512644117913;0.999930826846079;0.9997606307227852;1.0002671824090947;1.0002941741975484;0.9998750833367579;0.9999166451306173;0.9999233492055535;1.0;0.9997863658131885;0.9998132951660967;0.9998639086801083;0.9999661800501092;0.9997696571283237;0.9999999999999999;1.0;0.9999834003230278;0.9999738797719805;1.0;0.9999599700192726;0.9998580342699048;0.9999088854532526;1.0;1.024999976158142;
2016-05-14 17:45:00;0.9998447323085436;0.9999999999999999;0.9998752571039238;0.9998608252240219;0.9999347987558886;0.999875921184421;1.0002887032381433;0.9997545724826468;1.0;1.0;0.9998779536250645;1.0;1.0000301082122667;0.99983338092956;0.9996927413165887;0.9996964558709553;0.999698889485602;0.999928012109271;1.0;0.999895528574065;0.9998286947609665;0.9999025840059763;0.999697773947237;1.0002703055040103;1.0002979125179;0.9998523289554263;0.9998881288104083;0.9999004567300763;0.9999999999999999;0.9997798937103188;0.9998193971433743;0.9998746422571704;0.9999609003288458;0.9998045074333176;1.0;1.0;0.9999852689911582;0.9999769235178724;1.0;0.999953149526583;0.9998357782843054;0.9998762698710747;1.0;1.024999976158142;
2016-05-14 18:00:00;0.9998958276737973;1.0;0.9999093838356037;0.99990290859429;0.9999542649517041;0.9999107349261068;1.000284061913228;0.9998151426944734;1.0;1.0;0.9999129567771347;1.0;1.0000335680711576;0.9998746162007975;0.9997699902539099;0.999774630725579;0.9997766194576807;0.9999514828251788;0.9999999999999999;0.9999284283728725;0.9998917133014946;0.9999312780550564;0.9997759015811886;1.0002663438459793;1.0002920876192367;0.9999046424869116;0.9999230429998932;0.9999272498989965;1.0;0.9997764092932483;0.9998103605979802;0.9998626330390431;0.9999707115745238;0.9997699034858025;1.0;0.9999999999999999;0.999984975811973;0.9999762492036904;0.9999999999999999;0.9999655396811462;0.9998963685878121;0.9999105510284721;1.0;1.024999976158142;
2016-05-14 18:15:00;0.9999233426478104;1.0;0.999933308755038;0.9999266845621736;0.9999705627447597;0.999932008320267;1.0002840403510542;0.9998512262122895;1.0;1.0;0.9999348805139879;0.9999999999999999;1.0000347389429067;0.9999013014875924;0.9998129434960006;0.9998153128811134;0.9998170334343488;0.99996896181987;0.9999999999999999;0.9999472668704984;0.999921583827629;0.9999494328371037;0.9998164688646043;1.00026629388833;1.0002918719008564;0.9999298046155803;0.999943569286542;0.9999439294842507;1.0;0.999764892370964;0.9997907965748157;0.9998405742485138;0.9999817119207804;0.9997120907488032;1.0;1.0;0.9999868188802461;0.9999792673559558;1.0;0.999978303079039;0.9999246865954163;0.9999340184472458;1.0;1.024999976158142;
2016-05-14 18:30:00;0.9999005113013048;1.0;0.9999205001666627;0.999910563639587;0.9999593319509155;0.9999202635350544;1.00028876298139;0.9998403641941085;1.0;0.9999999999999999;0.9999218449015811;1.0;1.0000326083806976;0.9998922158127833;0.9997994199337203;0.9998014488443562;0.9998030648528028;0.9999549856048828;1.0;0.9999331816248547;0.9998901872619621;0.9999378305150272;0.9998023353002794;1.0002707754681284;1.0002971812494934;0.9999051899923197;0.9999285153838844;0.9999358905047205;1.0;0.999756777723297;0.9997842267729068;0.9998383646065583;0.9999758716288741;0.9997151042735669;1.0;1.0;0.9999850544064697;0.9999759149756108;1.0;0.9999710008526718;0.9998946578198331;0.9999211100614325;1.0;1.024999976158142;
2016-05-14 18:45:00;0.9999021459395846;1.0;0.9999174225761741;0.9999096934609318;0.999960163838012;0.9999178137014189;1.0002804919233905;0.9998323468938625;0.9999999999999999;1.0;0.9999189104363224;1.0;1.0000324212518936;0.9998875695747699;0.9997923874670193;0.9997941460131543;0.9997957827146295;0.9999566985041264;1.0;0.9999325906359453;0.9998946490972246;0.9999348388526771;0.9997951094873472;1.000262954213028;1.0002885837532927;0.99990761927629;0.9999265177464242;0.9999336425869758;1.0;0.999760227387241;0.9997944745995262;0.9998544192254334;0.9999765765727718;0.9997641304217898;1.0;1.0;0.9999865989569985;0.9999790474343689;1.0;0.9999717750881812;0.9998987549859284;0.9999178068288921;1.0;1.024999976158142;
2016-05-14 19:00:00;0.9999079898036897;1.0;0.9999239263911593;0.9999164181411386;0.9999593975032424;0.9999246286124835;1.0002838316773244;0.9998469028229582;1.0;1.0;0.9999268946307155;0.9999999999999999;1.0000331151880868;0.9998954221455724;0.9998071033656006;0.9998113268959832;0.9998130188089953;0.9999561694977541;1.0;0.9999382567333145;0.9999017943136281;0.9999427830792451;0.9998123477005473;1.0002662941015472;1.0002917959047033;0.9999148760373417;0.9999347368052438;0.9999388407294484;1.0;0.9997733542081372;0.9997884516698425;0.9998391800496025;0.9999738904839325;0.999709609960506;1.0;1.0;0.9999847865025342;0.9999756470741239;1.0;0.9999693161162005;0.9999061621872883;0.9999251156529474;1.0;1.024999976158142;
2016-05-14 19:15:00;0.9998909415893736;1.0;0.9999070054948035;0.999898357604721;0.9999550246060863;0.9999069479461021;1.0002817890723896;0.999805260458161;0.9999999999999999;1.0;0.9999096257699301;1.0;1.0000328575746136;0.9998691254296281;0.9997564512874613;0.9997600513327112;0.9997621625575844;0.9999518503274395;0.9999999999999999;0.9999253842815481;0.9998854028884101;0.9999288395435014;0.9997613849902923;1.000264016341183;1.000289989183128;0.9998990385279891;0.9999199187782246;0.9999241285529712;1.0;0.9997656864587918;0.9997983014508415;0.9998557612667038;0.9999720719277913;0.9997625356581081;1.0;1.0;0.999986446590585;0.9999781011074715;1.0;0.9999668626722099;0.9998901122001771;0.9999079802550342;1.0;1.024999976158142;
2016-05-14 19:30:00;0.9999070881708301;1.0;0.9999259878707805;0.9999140950654379;0.9999664993724944;0.999922616408481;1.000273102165759;0.9998327988763861;1.0;1.0;0.9999266902441216;1.0;1.0000316911885534;0.9998892772729582;0.9997856144955634;0.9997875226282519;0.9997895240126042;0.9999632852366936;0.9999999999999999;0.9999382404327541;0.9999003759482545;0.9999438515076473;0.9997887725243464;1.0002557584337366;1.000281173265335;0.9999126807910543;0.99993546408632;0.9999365184090905;1.0;0.9997746657787271;0.9998128721012234;0.9998656340037949;0.9999799101206279;0.9997772031974363;1.0;1.0;0.9999846821182014;0.9999747487318646;1.0;0.9999759278017432;0.9999043380513413;0.9999268140212368;1.0;1.024999976158142;
2016-05-14 19:45:00;0.9999042441534878;1.0;0.9999160840086071;0.9999105178834383;0.9999589137785382;0.9999175660133381;1.0002815644857435;0.9998307243855901;0.9999999999999999;1.0;0.999918613436597;0.9999999999999999;1.000033299021074;0.9998858534369958;0.9997915427319818;0.999794494030838;0.9997961745575713;0.9999561777433899;0.9999999999999999;0.9999333682809997;0.9998994654968794;0.9999346742747685;0.9997955409354409;1.0002640463825319;1.0002894787469843;0.9999112276644222;0.9999271258978291;0.9999331603185985;1.0;0.9997521331060653;0.9997945803331971;0.9998513833426187;0.9999747969365523;0.9997511126445416;1.0;1.0;0.9999854326947228;0.9999775000432122;0.9999999999999999;0.999969993883254;0.9999035298646249;0.9999167112657107;0.9999999999999999;1.024999976158142;
2016-05-14 20:00:00;0.9998883236020106;1.0;0.9999156562169004;0.9999028018941766;0.9999536590206184;0.9999154290526743;1.000276032566401;0.9998377433302886;1.0;0.9999999999999999;0.9999167485684853;1.0;1.000029219012697;0.9998893661386105;0.9997944478940266;0.999796394126694;0.999797975953375;0.9999475522992027;1.0;0.9999264771376601;0.9998724801529913;0.999933594339439;0.9997971319754373;1.0002588113069344;1.0002844619719646;0.9998917587082436;0.9999220828323069;0.9999327672246794;1.0;0.9997804099023534;0.9998133293881777;0.9998650315747762;0.9999728423739747;0.9997734583734996;1.0;1.0;0.9999854211412927;0.9999762817070821;1.0;0.999967244060845;0.999877790560722;0.9999163308957422;1.0;1.024999976158142;
2016-05-14 20:15:00;0.9997768989375109;1.0;0.9998376142931766;0.9998095462190606;0.9999074711699112;0.999836876120389;1.0003026209865202;0.9996967969853454;1.0;1.0;0.9998392721631975;1.0;1.0000250390781606;0.9997918122964217;0.9996139834705617;0.9996172458679138;0.9996201064209249;0.999893868510181;1.0;0.9998548322874631;0.9997402066080305;0.9998716154268793;0.9996184008878989;1.0002830525193378;1.0003137052579993;0.9997814887321643;0.999847421560304;0.9998713496600682;1.0;0.9997794484288269;0.9997997187129374;0.9998534886937077;0.9999463444382477;0.9997494988816703;1.0;0.9999999999999999;0.9999860996461103;0.9999785481272514;0.9999999999999999;0.9999350854441956;0.9997511087088012;0.9998388328255312;1.0;1.024999976158142;
2016-05-14 20:30:00;0.9997930729487534;1.0;0.9998465743057082;0.9998214860435704;0.9999041491905885;0.9998455653973867;1.0003083286468597;0.9996951904113681;1.0;1.0;0.9998559006938146;1.0;1.000030002514647;0.9997854905064743;0.999598260973874;0.9996136561765977;0.9996177397851846;0.9998947351425539;1.0;0.9998700590805757;0.9997734003078387;0.9998935575692952;0.9996160063221093;1.000288729993787;1.000318523190912;0.9998096839822471;0.9998725183157415;0.9998745731091665;1.0;0.9997770763608252;0.9998048197448035;0.9998510579995955;0.999933412029716;0.9997295570984285;1.0;0.9999999999999999;0.9999845610960146;0.9999758344913513;0.9999999999999999;0.9999233156804989;0.9997850987571505;0.9998515904345107;1.0;1.024999976158142;
2016-05-14 20:45:00;0.9998776944717674;1.0;0.9998994583477231;0.9998875399263703;0.9999465119924249;0.9998981707298308;1.000287670063606;0.9997825744436531;1.0;1.0;0.9999049456676017;1.0;1.0000336174501225;0.9998513428471706;0.9997194027985955;0.9997280696734335;0.9997309497395087;0.9999433469126007;1.0;0.9999198639657594;0.9998741380179309;0.9999292612997844;0.9997299706963396;1.0002694962063272;1.000296053006072;0.9998903906431235;0.9999189156665624;0.9999158268226447;0.9999999999999999;0.9997702398873135;0.9998073546774717;0.9998583328971999;0.9999627758225338;0.9997562967504492;1.0;1.0;0.9999857273563038;0.9999773818791928;1.0;0.999957150608973;0.9998802624135149;0.9999021714908326;0.9999999999999999;1.024999976158142;
2016-05-14 21:00:00;0.9999208594845865;1.0;0.9999353930068209;0.9999269518026187;0.999966946841267;0.9999338633684216;1.0002718132271495;0.9998571097189477;1.0;1.0;0.9999382691913669;1.0;1.0000326569671854;0.9999031854861624;0.9998154002210063;0.9998202062533851;0.9998220882370171;0.9999648143675999;1.0;0.9999480790737634;0.9999180846581668;0.9999539707831476;0.9998214439622248;1.0002549092679285;1.0002793538503454;0.9999284770285102;0.9999471939321193;0.9999452896454004;0.9999999999999999;0.9997669800206597;0.9998135146873007;0.9998705038794526;0.9999775014994198;0.9997971714715014;1.0;1.0;0.9999858358585225;0.9999766964205216;1.0;0.9999739534295001;0.999921917835207;0.9999369706849905;1.0;1.024999976158142;
2016-05-14 21:15:00;0.9998803447632467;0.9999999999999999;0.9999032109674256;0.9998909654862558;0.9999455020839869;0.9999018624072268;1.0002811497502517;0.999789706085162;1.0;1.0;0.999909860666579;1.0;1.0000329499867449;0.9998547493923093;0.999725033066516;0.9997357166540375;0.9997387157105242;0.9999424902386022;1.0;0.9999231447280764;0.9998777861274767;0.9999346553204631;0.9997377161252081;1.000263471955777;1.000289258402792;0.9998943438411795;0.9999243451316667;0.99991846795555;0.9999999999999999;0.9997746356705756;0.9998167378723195;0.9998759751919417;0.9999603767073519;0.999814415858349;1.0;1.0;0.9999854566017159;0.9999767299892376;1.0;0.9999548866589159;0.9998842057728631;0.999906604974846;1.0;1.024999976158142;
2016-05-14 21:30:00;0.9998884218551632;1.0;0.9999081979961888;0.9998980196508539;0.9999517042749972;0.999907891779248;1.0002839231299436;0.9998083223906633;1.0;1.0;0.9999121192765975;0.9999999999999999;1.000032809295097;0.9998693580839804;0.999755889582892;0.9997618276877606;0.9997641238273905;0.9999481931057245;1.0;0.9999258305787584;0.9998824833988222;0.9999325903832404;0.9997632740285174;1.0002661205716126;1.0002921565659633;0.9998978608741237;0.9999229414529412;0.9999246647984998;1.0;0.9997640519983553;0.9997860419188586;0.9998572713406371;0.9999681181999258;0.9997923730737266;1.0;0.9999999999999999;0.9999855127715261;0.9999763733364779;1.0;0.9999627928996825;0.9998878502315645;0.9999099841521353;0.9999999999999999;1.024999976158142;
2016-05-14 21:45:00;0.9998458697699609;1.0;0.9998717463050752;0.9998582427205202;0.9999259404102842;0.999871197618152;1.0002951883512206;0.9997214028479289;1.0;1.0;0.9998827872787102;1.0;1.0000350435376717;0.9998059518858754;0.9996354198432856;0.9996524823171643;0.9996566267747803;0.9999232442801829;1.0;0.9999010522409123;0.9998474513997362;0.9999163664026244;0.9996553482112336;1.0002764886789954;1.0003037314686767;0.9998675530389047;0.9999039349600264;0.9998922655092638;1.0;0.9997713032456208;0.9998024577848201;0.9998698288096329;0.9999438219817554;0.9998152946454745;1.0;1.0;0.9999858414114874;0.9999774959334246;1.0;0.9999366935395891;0.9998560337311793;0.9998769801743042;1.0;1.024999976158142;
2016-05-14 22:00:00;0.99984750412469;1.0;0.999871539011925;0.9998597925152335;0.9999270296363038;0.9998723582723731;1.0002818329059027;0.9997295044817212;1.0;1.0;0.9998813803456328;1.0;1.0000329017170462;0.9998120765022127;0.9996509555053352;0.9996655912452986;0.9996693059121984;0.9999238968295657;1.0;0.9999003161424428;0.9998468318696071;0.9999126329092242;0.9996681097271498;1.0002639935969064;1.0002900805895651;0.9998668212017938;0.9999003704167337;0.9998941459009681;1.0;0.9998117817108683;0.9998465618403951;0.9998923069286809;0.9999466320203275;0.9998275068314667;1.0;1.0;0.9999852012186576;0.9999760617864571;1.0;0.9999393272625943;0.9998549873538687;0.9998758623287199;1.0;1.024999976158142;
2016-05-14 22:15:00;0.9998470383088921;0.9999999999999999;0.9998733443282193;0.9998573985672161;0.9999367357842697;0.9998700614878624;1.0002821275670681;0.9997160976376961;1.0;1.0;0.9998792684598964;1.0;1.0000325193691584;0.9998079985121556;0.9996335529310705;0.9996432621239452;0.999647050686258;0.999933256878789;1.0;0.9998992408584458;0.9998438898156644;0.9999104194584181;0.9996458108213552;1.0002637449206784;1.0002908804911739;0.9998628334406101;0.9998978045414927;0.9998921199734048;1.0;0.9997812331558125;0.9998287613866064;0.9998840817101923;0.9999564633188286;0.9998266347182699;1.0;1.0;0.9999856651375908;0.9999773196609989;1.0;0.9999497406877909;0.9998512017357292;0.9998764854664389;1.0;1.024999976158142;
2016-05-14 22:30:00;0.9998665328875599;1.0;0.9998913464853255;0.9998783704360966;0.9999419245265025;0.9998904708310965;1.00027382655407;0.9997707218065048;1.0;1.0;0.9998965286607271;0.9999999999999999;1.0000308777269336;0.9998432672021953;0.9997057064034865;0.999713784754852;0.9997166635421445;0.9999378038075816;1.0;0.9999121819126531;0.9998599522212731;0.9999217210353634;0.9997156178470137;1.000256415846496;1.0002821024540722;0.9998785726472129;0.9999100678549431;0.9999101244009009;1.0;0.9998019160015332;0.9998386558932576;0.9998886206474721;0.9999608027434861;0.9998267749426737;1.0;1.0;0.9999861235031643;0.999977778022747;0.9999999999999999;0.9999545215193347;0.9998665566302272;0.9998938454892253;1.0;1.024999976158142;
2016-05-14 22:45:00;0.9998052573314747;1.0;0.9998479728126246;0.999819112980039;0.9999244364319286;0.9998371203785551;1.0002871849863995;0.9996268632992705;1.0;1.0;0.9998561233580454;1.0;1.0000325412313167;0.9997481871982357;0.9995021319775031;0.9995178595529789;0.9995237064207919;0.9999204459737929;1.0;0.9998774577844906;0.999803748798054;0.999900799521257;0.9995218896078828;1.0002676319874504;1.000296873635811;0.9998283677168964;0.9998838139516747;0.9998624381961537;1.0;0.9998014046213322;0.999843923516797;0.999893535646916;0.9999442119274718;0.9998380600622986;1.0;0.9999999999999999;0.9999849627763624;0.999975823346341;1.0;0.9999367218062176;0.9998136856952399;0.9998537141390021;1.0;1.024999976158142;
2016-05-14 23:00:00;0.9997876142704687;1.0;0.9998249559714663;0.9998042629809583;0.9998996525002687;0.9998223302680673;1.0002941757561072;0.9996105022651394;1.0;1.0;0.9998404993432636;1.0;1.0000342068561878;0.9997290277301218;0.9994864928945365;0.9995110002205708;0.9995170219079094;0.9998963283009256;1.0;0.9998649312858865;0.9997913509598242;0.9998883687474569;0.9995152058277047;1.0002749300228175;1.0003033125474126;0.9998186778679679;0.999871217909179;0.9998506768242975;1.0;0.9998181779005578;0.9998530891203556;0.9999010972471031;0.9999226046656293;0.9998529249679231;0.9999999999999999;0.9999999999999999;0.9999853774923957;0.9999762380585839;1.0;0.9999131280219974;0.9998032817571242;0.9998326237536248;1.0;1.024999976158142;
2016-05-14 23:15:00;0.9998179198435317;1.0;0.9998629326131212;0.999824987909886;0.9999486792565583;0.9998414684036541;1.0002795062396483;0.9996050192251172;1.0;1.0;0.9998655291356007;1.0;1.0000327982627544;0.9997424826855581;0.9994648755795906;0.9994750539346201;0.999481645140693;0.9999460779256207;1.0;0.9998870870493932;0.9998193087695598;0.999911980903376;0.999479730016445;1.0002593517799128;1.0002896293174697;0.9998384378331503;0.9998960435340737;0.9998635485574624;1.0;0.9998134958951354;0.9998530533327555;0.999898054001377;0.9999625774299002;0.9998398559461703;1.0;1.0;0.9999838090890565;0.999973875711392;1.0;0.9999574228671119;0.9998274532512856;0.9998678560921062;0.9999999999999999;1.024999976158142;
2016-05-14 23:30:00;0.9998343514712936;0.9999999999999999;0.9998770044935825;0.9998408238351462;0.9999545973148859;0.9998561571343898;1.0002705426355814;0.9996378086061729;0.9999999999999999;1.0;0.99987914881428;1.0;1.0000319139380973;0.9997642740645676;0.9995066693665929;0.9995161478816967;0.9995223205465495;0.9999522335576801;1.0;0.9998982006154203;0.9998357290208716;0.9999221979071373;0.999520532099596;1.0002511424204525;1.0002802231330195;0.9998532172541874;0.9999074824367752;0.9998757783852408;1.0;0.9998240966445648;0.9998588622148543;0.9999037204288643;0.9999664384661341;0.999853178820798;1.0;1.0;0.9999865257001134;0.9999785930399323;1.0;0.9999619457748113;0.9998431967262931;0.999881709239809;1.0;1.024999976158142;
2016-05-14 23:45:00;0.9998400454500285;1.0;0.9998754157275062;0.9998554287955894;0.9999252489015983;0.9998711035273489;1.0002810473110635;0.9997149278309626;1.0;1.0;0.9998869183721866;1.0;1.0000324992488976;0.9998010230649662;0.9996158767916552;0.9996353365734914;0.9996400833825374;0.99992184810651;1.0;0.999901626750143;0.9998402247811565;0.9999238911581808;0.9996385970719895;1.0002629906907687;1.0002895443318462;0.9998630703380329;0.9999097247229114;0.9998912034795306;1.0;0.9998003210975426;0.999840321985079;0.999899025249552;0.9999412353992673;0.9998688119787423;0.9999999999999999;1.0;0.9999838090890564;0.9999738757113918;1.0;0.9999343355729629;0.9998497090132316;0.9998818726069277;1.0;1.024999976158142;
2016-05-15 00:00:00;0.9998181927668235;1.0;0.9998616007231019;0.9998293338126323;0.9999337597699596;0.9998463307972734;1.0002841420402817;0.9996301091582053;1.0;1.0;0.9998698065928773;0.9999999999999999;1.0000335310338604;0.9997517382792976;0.999496625688279;0.9995139625669136;0.9995203668350445;0.9999311815134933;1.0;0.9998888985783365;0.99982156528223;0.9999160356366861;0.9995185024636019;1.0002645332193982;1.000293693503705;0.9998432323183984;0.9999001829076382;0.9998680002520909;1.0;0.9998059950173549;0.9998474564965185;0.9999035248744113;0.9999478521942923;0.9998747029793847;1.0;1.0;0.9999864410562568;0.9999785083967471;1.0;0.999941746676085;0.9998310947160394;0.9998682778297512;1.0;1.024999976158142;
2016-05-15 00:15:00;0.9998355011055594;1.0;0.9998792541107199;0.9998427552669923;0.9999576412992831;0.9998585205431383;1.0002661970125222;0.9996481162317928;1.0;1.0;0.9998793142575584;1.0;1.0000304157402582;0.9997725056842728;0.9995231725006077;0.9995293479308148;0.9995350928780985;0.9999543383790009;1.0;0.99989791065457;0.9998327040989615;0.9999200083606217;0.9995333510526477;1.0002470392489013;1.0002759593103798;0.9998508544802442;0.9999049117707006;0.9998787248597054;1.0;0.9998210132743877;0.9998635737913346;0.9999170775567446;0.9999711556159167;0.9999023852172936;0.9999999999999999;0.9999999999999999;0.9999852251272204;0.9999752917354896;1.0;0.999966609734438;0.9998397441642458;0.9998829238994607;0.9999999999999999;1.024999976158142;
2016-05-15 00:30:00;0.9999117957071865;1.0;0.9999276188417835;0.9999212553123604;0.9999547775314919;0.9999294584278808;1.000256733356714;0.9998569407934762;1.0;1.0;0.9999337702599925;0.9999999999999999;1.0000303401943367;0.9998987027629354;0.9998149674492981;0.9998240452749608;0.9998259793532115;0.9999522099566608;1.0;0.9999430668384207;0.9999090522375543;0.9999508697021485;0.9998252908770076;1.0002410918622433;1.0002636898194295;0.9999223733528165;0.999943215763875;0.9999420455376248;0.9999999999999999;0.9998251230832831;0.9998674509702068;0.9999155877043194;0.9999669185042954;0.9998883659650829;1.0;0.9999999999999999;0.9999856104006317;0.9999768837868113;1.0;0.9999623926753096;0.9999141019772758;0.9999302743275676;1.0;1.024999976158142;
2016-05-15 00:45:00;0.9998901244111523;1.0;0.9999102665258927;0.9999013836778581;0.9999445967670175;0.9999115440731188;1.0002649919274262;0.9998169261028381;1.0;1.0;0.999918123177467;1.0;1.0000310576432188;0.9998707820358649;0.9997612986263639;0.9997731720593754;0.9997757748550543;0.9999417119916764;1.0;0.9999296369924283;0.9998879326186207;0.9999403785757678;0.999774888345571;1.000248661795584;1.0002723690899549;0.9999041117719386;0.9999309224017775;0.9999268617476854;1.0;0.999824622428489;0.9998651177756253;0.9999108127114286;0.9999587864471048;0.9998720747486267;1.0;1.0;0.999985456601716;0.9999767299892378;0.9999999999999999;0.9999533386015189;0.9998942547195633;0.9999138270971528;1.0;1.024999976158142;
2016-05-15 01:00:00;0.9998955449201399;0.9999999999999999;0.9999174262213482;0.9999062457493815;0.9999523816427948;0.9999164937407198;1.000259138034193;0.9998248635337716;0.9999999999999999;1.0;0.9999226680556158;1.0;1.0000298428564989;0.9998787145931943;0.999770952196585;0.9997794732646448;0.9997819003992853;0.9999490619595882;1.0;0.9999331551929302;0.9998907434231364;0.9999433365543022;0.9997810295820005;1.0002429555108863;1.0002666200985326;0.9999063334831828;0.9999338449281756;0.9999311115585918;1.0;0.9998428658682704;0.9998697615175828;0.9999057890239379;0.999966123856358;0.9998409968786343;1.0;1.0;0.99998450589493;0.9999745725103438;1.0;0.9999612207807292;0.9998963894742686;0.9999201597243298;1.0;1.024999976158142;
2016-05-15 01:15:00;0.9998993420696158;1.0;0.9999189242968759;0.9999112963060272;0.999944062275463;0.9999211427034627;1.000255712320963;0.999838286217943;1.0;1.0;0.9999285956619229;1.0;1.0000303221105318;0.9998827318187876;0.999785088770898;0.9997997710727643;0.9998023423631225;0.9999415927116945;1.0;0.999937469649909;0.999899003504951;0.9999501578917702;0.9998014932395258;1.0002402210105792;1.000262552771528;0.999914871737871;0.9999413576677286;0.9999343700962899;0.9999999999999999;0.9998514540152662;0.999886132539719;0.9999271647004014;0.9999559182391039;0.9999024371473706;0.9999999999999999;1.0;0.9999848781830017;0.9999757387537537;1.0;0.9999507700225704;0.9999055095341619;0.9999233442727079;1.0;1.024999976158142;
2016-05-15 01:30:00;0.9999234261484502;1.0;0.9999405819686717;0.9999338480399488;0.9999615676357284;0.9999422109170022;1.000247495132703;0.999888916172244;1.0;1.0;0.9999446869639709;1.0;1.0000283516442023;0.999920969420362;0.9998563856898944;0.9998625500958799;0.9998639196864477;0.9999581821717337;1.0;0.9999509490897768;0.9999166262975254;0.9999579409608974;0.9998633222650806;1.0002325153208316;1.0002542870518247;0.9999299684610597;0.9999504603576272;0.9999533530551235;0.9999999999999999;0.9998463740773833;0.9998764682185788;0.9999145515803802;0.9999733078814492;0.9998661634783528;1.0;1.0;0.9999840911794273;0.9999741577989607;0.9999999999999999;0.9999692588073944;0.9999210100716069;0.9999424166293718;1.0;1.024999976158142;
2016-05-15 01:45:00;0.9999307593019058;0.9999999999999999;0.9999436450134018;0.9999383386219193;0.999966014983505;0.9999449405494624;1.0002407440336303;0.9998898189947166;0.9999999999999999;1.0;0.9999474391731078;1.0;1.0000284654551153;0.9999227317003462;0.9998588555238647;0.9998644189376379;0.9998657846110096;0.9999636173990651;1.0;0.9999547913411471;0.9999268837185383;0.9999600145899978;0.9998652574791292;1.0002261092954028;1.0002472384762882;0.9999375435710431;0.9999538212612309;0.9999551432150836;0.9999999999999999;0.9998743398294272;0.9998947560594609;0.9999294220526703;0.9999762988038235;0.9998952572608246;1.0;1.0;0.999984975811973;0.9999762492036904;1.0;0.9999727315045588;0.999930641037833;0.9999452611874261;0.9999999999999999;1.024999976158142;
2016-05-15 02:00:00;0.999915666410455;1.0;0.9999330968478081;0.9999243314842519;0.9999625015667458;0.9999326041504705;1.0002435227036146;0.9998606234399144;0.9999999999999999;1.0;0.9999364319086937;1.0;1.0000281762299417;0.9999041229964304;0.9998197447999457;0.9998251519006638;0.9998269341904104;0.9999595004106551;1.0;0.9999452586110641;0.9999103048620827;0.9999521707219438;0.9998262552232505;1.0002284144353362;1.0002504500231704;0.9999229825214406;0.9999444190079889;0.9999448270500613;1.0;0.9998566845356102;0.9998883290261498;0.9999294825249266;0.9999745116437557;0.9999081766522453;1.0;1.0;0.9999851404836942;0.9999752070928041;1.0;0.9999704820716379;0.9999146490749443;0.9999348267059801;1.0;1.024999976158142;
2016-05-15 02:15:00;0.9999326164660833;1.0;0.9999496874354611;0.9999407938596941;0.9999702844465325;0.9999483042913959;1.000235926511589;0.9998925792684076;1.0;0.9999999999999999;0.9999524148281678;1.0;1.000027479239863;0.9999256653042087;0.9998575066344044;0.9998624336383146;0.9998639541752695;0.9999675420963082;1.0;0.999957765885068;0.999927371809776;0.99996546228058;0.9998633621604025;1.0002214061803485;1.0002425109986213;0.9999384604387087;0.9999587542508664;0.9999575170477618;1.0;0.9998843703843636;0.9999027219419775;0.9999327544430759;0.9999792144617634;0.9998943063007407;0.9999999999999999;1.0;0.9999850604053583;0.9999763337963377;0.9999999999999999;0.9999761047286095;0.9999310757894658;0.9999514031057306;1.0;1.024999976158142;
2016-05-15 02:30:00;0.9999515692904501;1.0;0.9999640635515155;0.9999578310820324;0.9999776445450641;0.9999633516438222;1.0002248372510314;0.9999245681772594;1.0;1.0;0.9999664275954147;1.0;1.0000268351722303;0.999947224401778;0.999899353753827;0.9999034889836509;0.9999045909479605;0.9999756530131247;1.0;0.9999699450033754;0.9999478980013371;0.9999758885483144;0.9999041616083457;1.0002111909172573;1.000230839249415;0.9999561313544074;0.9999710217224606;0.9999698687470906;1.0;0.999912064890553;0.9999212351448302;0.9999466633807048;0.9999839735955561;0.9999190871113354;1.0;1.0;0.9999852251272203;0.9999752917354894;0.9999999999999999;0.9999816890105558;0.9999506870986944;0.9999654690631259;1.0;1.024999976158142;
2016-05-15 02:45:00;0.99994222111214;1.0;0.9999571707798457;0.9999502411363012;0.9999719120531765;0.9999569575790754;1.0002258956589787;0.9999133927565784;0.9999999999999999;1.0;0.9999604570585744;1.0;1.0000265128150725;0.9999385664659916;0.9998843211691524;0.9998898243135997;0.9998910949997032;0.9999694594408879;1.0;0.9999643026041466;0.9999377210939578;0.9999715982662308;0.9998905889783676;1.000212199100473;1.0002319976936584;0.9999479153978412;0.9999657473102543;0.9999647244465386;1.0;0.9999274486667018;0.9999270430450125;0.9999451167362815;0.9999795846284489;0.999900914858791;1.0;1.0;0.9999849627763625;0.9999758233463414;1.0;0.99997675373228;0.9999411847335105;0.999958978331014;1.0;1.024999976158142;
2016-05-15 03:00:00;0.9999352511247778;0.9999999999999999;0.999951856185948;0.9999410474053495;0.9999744523367455;0.9999477678459939;1.000221703576047;0.9998799223702666;1.0;1.0;0.9999546343933908;1.0;1.0000266652432948;0.999918567335133;0.9998369514684118;0.9998427023762705;0.9998446963050889;0.9999727565704343;1.0;0.9999604294031401;0.9999337279257321;0.9999696648000727;0.999844053214146;1.000207773596578;1.0002279647005194;0.9999428679146765;0.999963562272589;0.999955767306838;1.0;0.999946175040691;0.9999369442809519;0.999951664516496;0.9999807454501906;0.9999102557818466;1.0;1.0;0.9999841321239699;0.9999741987430962;1.0;0.9999782685196518;0.9999372552832448;0.9999540405059257;1.0;1.024999976158142;
2016-05-15 03:15:00;0.9999541983543759;1.0;0.9999642589221088;0.9999588763077645;0.999978569978083;0.9999634311795914;1.000220723869958;0.9999209048537607;1.0;1.0;0.9999671292917688;1.0;1.0000270531203923;0.9999449177504028;0.9998944898415181;0.9998993408441481;0.9999005733914553;0.9999773276591615;1.0;0.9999714438565934;0.9999531706028919;0.9999770290928796;0.999900162250208;1.000207298238616;1.0002265088283018;0.9999599766855415;0.9999728709209378;0.9999694320956519;1.0;0.9999474286355576;0.9999350287711093;0.9999493988725479;0.9999838261490869;0.9999040489451744;1.0;1.0;0.9999836328157615;0.9999736994398479;1.0;0.9999817513815403;0.999955814632256;0.9999658638169684;0.9999999999999999;1.024999976158142;
2016-05-15 03:30:00;0.9999554616915155;0.9999999999999999;0.9999655897016123;0.9999595000780737;0.9999819474918689;0.9999639127668325;1.0002163002451858;0.9999208382707038;1.0;1.0;0.9999671222002521;1.0;1.000026328609463;0.9999463482058105;0.9998954050713446;0.9998983631788247;0.9998995046089165;0.9999805657953713;1.0;0.9999717021408355;0.9999533780164123;0.9999763396242142;0.9998991076507057;1.0002030170571787;1.0002221040786343;0.9999597147501573;0.9999722186008625;0.9999699824638848;1.0;0.9999454691311354;0.9999409739847;0.9999577220204712;0.9999874065133787;0.9999290443581845;1.0;0.9999999999999999;0.9999865257001134;0.9999785930399322;1.0;0.9999855121780427;0.9999556516420484;0.9999666664707663;1.0;1.024999976158142;
2016-05-15 03:45:00;0.9999624502036807;1.0;0.9999710931584945;0.9999663751433923;0.9999836725691115;0.999970235003237;1.000215318943641;0.9999365930889572;1.0;1.0;0.9999726568062776;1.0;1.0000263109943095;0.9999564547571166;0.9999163234715263;0.9999191130167249;0.9999200145274687;0.9999823781221249;1.0;0.999976215928408;0.9999603403457903;0.999980169808283;0.9999196867586021;1.0002022469256218;1.0002209567719798;0.9999660483656375;0.9999766242872652;0.999975388318732;1.0;0.9999431351479547;0.9999431288197688;0.9999618864561582;0.9999885049351381;0.9999432270226376;1.0;1.0;0.9999835650450604;0.9999728377139694;1.0;0.9999868066249608;0.9999623469357096;0.9999720550632778;1.0;1.024999976158142;
2016-05-15 04:00:00;0.9999568871717384;1.0;0.9999667355767173;0.9999610995967187;0.9999814347221939;0.9999654393208447;1.00021750157648;0.9999247751787093;1.0;1.0;0.9999686793583086;1.0;1.0000265588303217;0.9999484365722956;0.9999001154713637;0.9999036398478148;0.999904760055721;0.9999801188056762;1.0;0.9999728662063698;0.9999551401479253;0.9999777260529107;0.9999043732880557;1.0002042171237329;1.0002232642863857;0.9999614621635988;0.9999737259598026;0.9999712142940302;1.0;0.9999403301625556;0.9999395359725047;0.9999624404642132;0.9999866067207465;0.9999526761995502;1.0;1.0;0.9999848219631253;0.9999760953561854;1.0;0.9999847215845847;0.9999574610089138;0.9999679653022209;1.0;1.024999976158142;
2016-05-15 04:15:00;0.999943177254918;1.0;0.9999554948151995;0.9999486293304488;0.9999749842552895;0.9999541913053556;1.0002176947415322;0.9999009326479323;0.9999999999999999;1.0;0.9999582128575202;1.0;1.000026208472642;0.9999319330725682;0.9998691657859604;0.9998738986486242;0.9998753466692936;0.9999733084009199;1.0;0.9999639837301562;0.9999410813881612;0.9999700102735694;0.9998748484881373;1.0002042848572021;1.0002236226703989;0.9999493267449135;0.9999648379970134;0.999961904194344;1.0;0.9999420781475805;0.9999429303323111;0.9999618684240061;0.9999819616891183;0.9999435303947684;1.0;0.9999999999999999;0.9999844933247884;0.999974972763335;1.0;0.9999794212714039;0.9999441420810162;0.9999570977540615;0.9999999999999999;1.024999976158142;
2016-05-15 04:30:00;0.9999731192111662;1.0;0.9999779745397398;0.9999753621818662;0.9999870642712171;0.9999777046527044;1.0002134583159095;0.9999510585191579;1.0;1.0;0.9999798977463821;1.0;1.0000268875311957;0.9999659554685721;0.9999353155880074;0.9999384234231051;0.9999391817988719;0.9999865680691448;1.0;0.9999829748754979;0.99997338512043;0.9999858905007878;0.9999389476250081;1.0002006274819786;1.000218796355185;0.9999769815253741;0.9999836582435832;0.9999812690681574;1.0;0.9999431419457077;0.9999439174170446;0.9999644944942732;0.9999900727872718;0.9999531626292548;1.0;0.9999999999999999;0.9999852012186579;0.9999760617864573;1.0;0.9999888436891996;0.9999749173978204;0.9999789643704055;0.9999999999999999;1.024999976158142;
2016-05-15 04:45:00;0.9999770920560704;0.9999999999999999;0.9999810725623456;0.9999783931726732;0.9999905558086738;0.9999802267973192;1.0002119877773454;0.9999548384638645;1.0;1.0;0.9999821512509387;1.0;1.0000268312951077;0.9999695102216439;0.9999406834310494;0.9999425918596935;0.9999432655847202;0.9999902005434345;1.0;0.9999852118378695;0.9999773487898505;0.9999873181989254;0.9999430635466344;1.0001991882149832;1.0002173108301569;0.9999800025135799;0.9999854744728292;0.9999833277277025;1.0;0.9999417794083192;0.9999420439478583;0.999962869681898;0.9999930809153679;0.9999496680267806;1.0;0.9999999999999999;0.9999855127715258;0.9999763733364778;1.0;0.9999921369445615;0.9999784890678775;0.9999817263135871;1.0;1.024999976158142;
2016-05-15 05:00:00;0.999970471735021;0.9999999999999999;0.9999759321357459;0.9999715293091421;0.9999893804867599;0.9999738093415151;1.0002139996979282;0.9999368960267896;0.9999999999999999;1.0;0.9999770466188201;1.0;1.0000271538774395;0.999958105102531;0.9999160690307736;0.9999183908251877;0.9999193945947219;0.9999891156021119;1.0;0.9999811633867594;0.9999714315078809;0.9999843158739024;0.9999191121262703;1.0002008888487421;1.0002195130384814;0.9999744158249438;0.9999819822079578;0.9999776026988088;0.9999999999999999;0.9999462392116578;0.999940835185993;0.9999631113621167;0.9999920541350025;0.9999531103123839;1.0;1.0;0.999983204309581;0.999972889803252;1.0;0.9999910169319971;0.9999728264712227;0.9999768167018169;1.0;1.024999976158142;
2016-05-15 05:15:00;0.9999764020953046;0.9999999999999999;0.9999800888454536;0.9999771564518862;0.9999909563520394;0.9999788231041544;1.000215255564854;0.9999497891210336;1.0;1.0;0.9999811271789333;1.0;1.0000274346662383;0.9999665000889825;0.9999339715251329;0.9999358989476643;0.9999366673775526;0.99999079417569;1.0;0.9999846794305666;0.9999773499840494;0.9999867883945418;0.9999364539798495;1.0002021982866005;1.0002206739769013;0.9999796525346064;0.999985020307528;0.9999819687544176;1.0;0.999941371797972;0.9999311816861208;0.9999556799914157;0.9999932813978842;0.9999392373328696;0.9999999999999999;1.0;0.999984585005175;0.9999750644428486;1.0;0.9999923908869587;0.9999784619104248;0.9999807721017236;1.0;1.024999976158142;
2016-05-15 05:30:00;0.9999759670360818;1.0;0.9999801676953055;0.9999775560270588;0.9999886766366025;0.9999795107073425;1.000215552145801;0.9999528700449616;0.9999999999999999;1.0;0.9999820765589484;1.0;1.0000274370801603;0.9999674045841516;0.9999369480845921;0.999940135358538;0.9999409267623579;0.9999884638742024;1.0;0.9999849907461126;0.9999771128767424;0.9999879822946215;0.9999407037781268;1.0002025827611205;1.0002208998186874;0.9999800086850625;0.9999860892624215;0.999982515548402;1.0;0.9999387845846212;0.9999304085523482;0.9999573633181724;0.9999908795217218;0.9999481136315601;1.0;1.0;0.9999849866841142;0.9999750532947519;1.0;0.9999898653398841;0.9999785035867204;0.9999812112664502;1.0;1.024999976158142;
2016-05-15 05:45:00;0.999966810688084;1.0;0.9999737891633445;0.9999696598574274;0.9999853284352035;0.9999727716021395;1.0002150319477399;0.9999393619851932;1.0;0.9999999999999999;0.9999756580048971;0.9999999999999999;1.0000268119134599;0.9999583462528802;0.9999192345673149;0.9999225077198385;0.999923454849395;0.999984570243292;1.0;0.9999791699933775;0.9999664921195921;0.9999830488105357;0.999923152684881;1.0002019923149041;1.0002205513776015;0.9999710415190258;0.999980133079447;0.999977108928534;0.9999999999999999;0.9999453151530486;0.9999382032012566;0.9999625428538325;0.9999889691086014;0.9999557038824135;1.0;1.0;0.9999860318727632;0.9999776863931108;1.0;0.999987542857158;0.9999683209973473;0.9999749022525135;1.0;1.024999976158142;
2016-05-15 06:00:00;0.9999672146224334;0.9999999999999999;0.9999734838806328;0.9999693029504325;0.9999854562305798;0.9999720619727208;1.000214783618515;0.9999346669974377;1.0;1.0;0.9999758133623677;1.0;1.0000272173212654;0.9999551935006887;0.9999120776518176;0.9999161650983761;0.999917279119217;0.9999851407889176;1.0;0.9999796747397459;0.9999686246847148;0.9999840097217451;0.9999169641214571;1.0002017189268155;1.0002202485224188;0.9999725369434596;0.9999813593722168;0.9999760827288029;1.0;0.9999480231697929;0.9999441113521755;0.999962807940774;0.9999882900379817;0.9999453472542482;1.0;1.0;0.9999850544064698;0.9999759149756109;1.0;0.9999869870173876;0.999970479363652;0.9999748758513407;1.0;1.024999976158142;
2016-05-15 06:15:00;0.9999659514658922;1.0;0.9999730512906588;0.9999676072488706;0.9999879930351178;0.9999705022247372;1.0002150130391783;0.9999296146437481;1.0;1.0;0.9999741217523291;0.9999999999999999;1.0000270219430387;0.9999533017440708;0.9999060662952217;0.9999084740000213;0.9999095872609751;0.9999874753599747;0.9999999999999999;0.9999784416915783;0.9999662610073526;0.9999822739480662;0.9999092582846192;1.000201774127415;1.0002206533681322;0.9999700492598254;0.9999794116000374;0.9999748747395956;1.0;0.9999453708787779;0.9999403765084565;0.9999602724381171;0.9999912172186318;0.9999414872103608;1.0;0.9999999999999999;0.9999848104105832;0.999974877022972;1.0;0.9999900155909509;0.9999678791686815;0.9999740071256895;1.0;1.024999976158142;
2016-05-15 06:30:00;0.9999653775475251;1.0;0.9999728788088013;0.9999674955866643;0.9999863431345972;0.9999705745412084;1.000217000162614;0.9999299808208751;1.0;1.0;0.999974669079884;1.0;1.0000273358366183;0.9999527442143852;0.9999053939119049;0.9999089118047447;0.9999100978311947;0.9999858760184138;0.9999999999999999;0.9999786077788584;0.9999661967283765;0.9999832922146549;0.9999097532696699;1.0002037000482988;1.0002226319487202;0.9999703236157965;0.9999803537071197;0.9999747968192392;0.9999999999999999;0.9999463232050113;0.9999394050009718;0.9999541343668249;0.9999892953110532;0.9999164342678543;1.0;1.0;0.9999843281382349;0.9999751887140138;1.0;0.9999880305741234;0.9999680407932895;0.9999741734221999;0.9999999999999999;1.024999976158142;
2016-05-15 06:45:00;0.9999728003025957;1.0;0.9999768895291515;0.9999749491998787;0.9999855625663948;0.9999771104524516;1.000218557236299;0.9999497666401346;1.0;1.0;0.9999794866245735;1.0;1.0000277614760036;0.9999644956651655;0.9999336175844336;0.9999376191826205;0.9999384298937518;0.999985279333498;0.9999999999999999;0.9999828010557534;0.9999740493649584;0.9999858214311172;0.999938196892839;1.000205474502068;1.000223936121173;0.9999775455669586;0.9999837295944279;0.9999806556052411;1.0;0.9999429600441767;0.9999313539967187;0.9999475309909314;0.9999884255508455;0.9999031119102166;1.0;0.9999999999999999;0.9999835650450603;0.999972837713969;1.0;0.9999871251484589;0.9999757060808764;0.9999781095064597;1.0;1.024999976158142;
2016-05-15 07:00:00;0.9999678069038199;0.9999999999999999;0.9999712080174941;0.999970038499237;0.9999829834656898;0.9999722661580671;1.0002246528367893;0.9999415471332747;1.0;1.0;0.9999738415328306;0.9999999999999999;1.0000284013291127;0.9999589789704684;0.9999256144896732;0.9999293200859584;0.9999301038382907;0.999982559300381;1.0;0.9999785538975314;0.9999686703464887;0.9999804593027862;0.999929868043828;1.0002111997998133;1.0002302105733416;0.9999725915217934;0.9999781314220436;0.9999769750191818;1.0;0.9999393164778958;0.9999211633959446;0.9999357807997536;0.9999872831444969;0.9998714868012962;1.0;1.0;0.9999850194604669;0.9999762928518034;0.9999999999999999;0.9999856188033046;0.9999704383667559;0.9999722350829666;1.0000000000000002;1.024999976158142;
2016-05-15 07:15:00;0.9999350000814146;1.0;0.999928608317449;0.9999350536157063;0.9999650089757821;0.9999359957143318;1.0002373341422208;0.9998742144854558;0.9999999999999999;1.0;0.9999325234848756;0.9999999999999999;1.0000302992164658;0.999913890548863;0.9998586230952843;0.9998613711488623;0.9998621449549009;0.9999648667119415;1.0;0.9999491621822144;0.9999376792980541;0.999941867767052;0.9998619315403797;1.0002230476321257;1.0002432103544783;0.9999422384169854;0.9999390852340297;0.9999486200794252;1.0;0.9999380155003637;0.9999181314422497;0.9999324624773891;0.999978325032401;0.9998628391132725;1.0;1.0;0.9999808733752372;0.9999721468027556;1.0;0.9999742639730875;0.9999400148191403;0.9999284898613064;1.0;1.024999976158142;
2016-05-15 07:30:00;0.9999415259383706;1.0;0.9999437618925099;0.9999420802680553;0.9999752561799583;0.9999445957490218;1.000225481137782;0.9998786486090279;1.0;1.0;0.9999459759384579;0.9999999999999999;1.0000285314469861;0.9999190781398102;0.9998512356761841;0.9998537993482864;0.9998551129337895;0.9999749208286386;1.0;0.9999580077723196;0.999943375531928;0.9999571585025715;0.9998547440764816;1.0002114990010502;1.0002314394640637;0.9999480464708538;0.9999536466026371;0.9999542076575203;1.0;0.9999491547064306;0.9999341793820843;0.9999536242299972;0.9999841074572305;0.9999243447006316;1.0;1.0;0.9999798903685955;0.9999695758964487;1.0;0.9999813156739562;0.9999456177831553;0.999944297745975;1.0;1.024999976158142;
2016-05-15 07:45:00;0.9999164294868632;1.0;0.9999214312578559;0.9999217086632785;0.9999523893288012;0.999926599241125;1.0002388361067478;0.9998495951912367;0.9999999999999999;1.0;0.9999295325843303;1.0;1.000029967227533;0.9998930347447423;0.9998125204623697;0.9998230999793679;0.9998249841894354;0.9999517215386637;0.9999999999999999;0.999943004295617;0.9999203115353311;0.9999461832417786;0.9998244420108442;1.0002244326754088;1.000244868945846;0.9999299314639315;0.9999407636689407;0.999939366468028;0.9999999999999999;0.9999314965434216;0.9999235149522044;0.9999479827052616;0.9999642436013749;0.999920377787842;1.0;1.0;0.9999810879057194;0.9999731552886748;1.0;0.9999596097257778;0.9999249434439033;0.9999241067965766;0.9999999999999999;1.024999976158142;
2016-05-15 08:00:00;0.9998923429040376;1.0;0.9999024623572785;0.999901530133566;0.9999332285496858;0.9999090058412827;1.0002494142782037;0.9998126785534396;1.0;1.0;0.9999162236269148;1.0;1.0000314389153204;0.9998627654217304;0.9997582623853042;0.999777445353769;0.9997803082337213;0.999932652739329;1.0;0.9999303112691938;0.9998998528012993;0.9999401845193429;0.9997795152155385;1.0002345238104051;1.000255567590211;0.9999137689156653;0.9999328097078164;0.9999238526056516;1.0;0.9999248430313536;0.9999239870269854;0.9999469493768306;0.9999458705028063;0.9999149783314882;1.0;1.0;0.9999806363681991;0.9999711158434667;1.0;0.9999399391943457;0.9999068720820414;0.999907733333322;0.9999999999999999;1.024999976158142;
2016-05-15 08:15:00;0.9999172418337988;0.9999999999999999;0.999921972634601;0.9999216434914842;0.9999548534082731;0.9999262603880595;1.0002371700134776;0.9998461666116598;1.0;1.0;0.9999293137570862;1.0;1.000029859210791;0.9998918752752324;0.9998082266312498;0.9998178325157536;0.9998197505121454;0.9999543082294275;1.0;0.9999432383150031;0.9999212471041162;0.9999459564550006;0.9998192080474441;1.0002227479847097;1.0002432374102868;0.9999302164559829;0.9999406758355398;0.999938952698727;1.0;0.99992361031094;0.99992302484099;0.9999489091058519;0.9999664787191476;0.9999254318864887;0.9999999999999999;1.0;0.9999799211925264;0.999970781808583;1.0;0.9999620306796513;0.9999256315110947;0.999924408316123;0.9999999999999999;1.024999976158142;
2016-05-15 08:30:00;0.9999413522252703;1.0;0.9999463158743119;0.9999436503189498;0.9999735433790125;0.9999470973576513;1.000236452056595;0.9998856551821588;0.9999999999999999;1.0;0.9999492149975272;1.0;1.0000295824977872;0.9999225130720757;0.9998571883116193;0.9998610688341784;0.9998624251235373;0.9999728373454341;1.0;0.9999594000817323;0.9999423274208075;0.9999607082293446;0.9998620190516233;1.000221918089283;1.0002426591639677;0.9999482828984786;0.9999566976261963;0.9999562319462917;0.9999999999999999;0.9998978814934769;0.9998973051993666;0.9999260174597784;0.9999819594770564;0.9998752310562979;1.0;1.0;0.9999807942667961;0.9999716548748732;1.0;0.9999791242437382;0.9999449564387412;0.9999473292449708;1.0;1.024999976158142;
2016-05-15 08:45:00;0.9999271996277436;1.0;0.9999301084435214;0.9999279484782166;0.9999679914920026;0.9999310850094575;1.000255653212428;0.9998476586100468;0.9999999999999999;1.0;0.9999337537328643;1.0;1.0000325790492701;0.9998976555112459;0.9998114053995625;0.9998160205559748;0.9998178039094497;0.9999678492277374;1.0000000000000002;0.9999484052722429;0.9999308273838838;0.9999484842419614;0.9998173250888444;1.0002397570484338;1.000262400145452;0.9999366149603389;0.9999441894843311;0.999942685052581;0.9999999999999999;0.9998165003056406;0.9998580763641555;0.9999137609584916;0.9999782468385088;0.9998986684192348;1.0;0.9999999999999999;0.9999783219822564;0.9999672135741813;1.0;0.9999748062141901;0.9999338310991931;0.9999312262589823;1.0;1.024999976158142;
2016-05-15 09:00:00;0.9999423254405184;0.9999999999999999;0.9999470113127521;0.9999430415009881;0.9999766466909811;0.9999460131145949;1.0002486085266282;0.9998765393670581;1.0;1.0;0.9999495148873481;1.0;1.0000316584221636;0.9999176940481213;0.999843637109693;0.9998473489790257;0.9998489562787021;0.999976482924937;0.9999999999999999;0.9999602657895362;0.9999450883117709;0.9999620485445612;0.9998485222344181;1.0002331666492243;1.00025516084664;0.9999498292149137;0.9999583477990138;0.9999546631004941;1.0;0.9998279293645962;0.9998659748003474;0.9999153082354195;0.9999838124515478;0.9998899897037603;1.0;1.0;0.9999794517440888;0.9999699312306346;1.0;0.9999813473193683;0.9999475130709727;0.9999481022346552;1.0;1.024999976158142;
2016-05-15 09:15:00;0.9999474510491363;1.0;0.9999545620935734;0.9999499032871287;0.9999769444682246;0.9999535699230172;1.0002446454050173;0.999894952503618;1.0;1.0;0.999957616097592;1.0;1.0000308308540913;0.9999286328205029;0.9998637230545372;0.9998685864841187;0.9998701069321229;0.9999764375350232;1.0;0.9999654383509048;0.999949186070444;0.9999694090246464;0.9998696716618249;1.0002296081508486;1.0002510261058855;0.999954810810804;0.9999655354682816;0.9999608897785639;1.0;0.9998439105379899;0.9998681467749984;0.9999165013496883;0.9999829185675823;0.9998906745105733;0.9999999999999999;1.0;0.9999795489095641;0.9999696155742183;1.0;0.9999806418394931;0.9999518041695002;0.9999560923156076;1.0;1.024999976158142;
2016-05-15 09:30:00;0.999918603429643;1.0;0.999926551252228;0.9999217331105424;0.9999646184758814;0.9999267115568242;1.0002542078632686;0.9998397600520178;0.9999999999999999;0.9999999999999999;0.9999302789030522;1.0;1.0000315376708044;0.999891852363621;0.9997984969415598;0.9998036907496178;0.9998056518683858;0.999963628987043;1.0;0.9999440620262188;0.9999198647475723;0.9999465911005392;0.9998050669198044;1.000238326518214;1.000261135058896;0.9999281030372187;0.9999409114210179;0.9999391921067324;1.0;0.9998470128679582;0.9998670801247939;0.9999079105668416;0.9999758635316096;0.9998553398220331;1.0;0.9999999999999999;0.9999807887313408;0.9999720621595977;1.0;0.9999720741858177;0.9999234857131084;0.9999279776934531;1.0;1.024999976158142;
2016-05-15 09:45:00;0.9998849713479476;0.9999999999999999;0.9999064590318217;0.9998942666356772;0.9999423805032456;0.999904257566649;1.0002616085416247;0.9997833551639278;0.9999999999999999;1.0;0.9999172771709064;1.0;1.0000323848915358;0.9998475797595302;0.9997076352909547;0.9997252330649303;0.9997290334974765;0.9999412959453075;0.9999999999999999;0.9999294287503424;0.9998907689984501;0.9999459320650821;0.9997279583389695;1.0002451883815735;1.0002688140697302;0.9999056800499153;0.9999366763911819;0.9999182309076368;1.0;0.9998583454810889;0.9998795859596447;0.9999195383812396;0.9999523250896435;0.9998816647710707;1.0;1.0;0.9999803795527273;0.9999712401645947;1.0;0.9999473450639892;0.9998979108036756;0.9999121066917221;1.0;1.024999976158142;
2016-05-15 10:00:00;0.9998747389818713;1.0;0.9998980871003037;0.9998877982300818;0.9999345294856526;0.9998994543924542;1.000265002477851;0.9997895460682913;0.9999999999999999;1.0;0.9999087388774596;1.0;1.0000311433787437;0.9998500205536246;0.9997221859442463;0.9997384515663165;0.9997416932932914;0.9999317306626176;0.9999999999999999;0.9999211468758318;0.9998746435372977;0.999935636069304;0.9997406448411138;1.0002486434677782;1.0002723879163735;0.9998931137229099;0.9999249692891959;0.9999162118647456;1.0;0.9998589542507625;0.9998799637289159;0.9999175996925743;0.9999492551001421;0.9998724519200687;1.0;1.0;0.9999799580885375;0.9999704375702628;1.0;0.9999431075085304;0.9998822687014934;0.999903015856926;1.0;1.024999976158142;
2016-05-15 10:15:00;0.9998777681181336;1.0;0.9998894010678505;0.9998837481400535;0.9999391254188312;0.9998913513518528;1.0002699169181035;0.9997630093457027;0.9999999999999999;1.0;0.9998991699649961;1.0;1.0000338636368393;0.999835656708468;0.9996971936896982;0.9997111018835764;0.999714403130814;0.9999384560737385;0.9999999999999999;0.9999183234944055;0.9998840973557049;0.9999259035498176;0.999713488313507;1.0002530013668087;1.0002772463002338;0.9998970524933856;0.9999176477762083;0.9999089931163263;1.0;0.9998373413580328;0.9998644459472009;0.9999063297493717;0.9999539260606558;0.99985360694354;0.9999999999999999;1.0;0.9999814841008896;0.9999735514807022;1.0;0.99994805274307;0.9998905188900382;0.999893319127559;1.0;1.024999976158142;
2016-05-15 10:30:00;0.9998621636027315;0.9999999999999999;0.999886890290512;0.9998730422678307;0.9999295652832032;0.9998847290193618;1.0002870776004884;0.9997390909931866;1.0;1.0;0.999900758686015;1.0;1.0000357845856604;0.9998157115873095;0.9996478444719188;0.9996700913411302;0.9996747195782832;0.9999286279478098;1.0;0.9999155016773096;0.9998706028517726;0.9999355863078614;0.9996734371158291;1.0002690189223329;1.0002949709970108;0.9998881700522636;0.9999247565367593;0.9999013755022752;1.0;0.9997804624863043;0.9998303618589567;0.9998889885803972;0.9999410574103023;0.9998447821588232;0.9999999999999999;0.9999999999999999;0.9999798042920301;0.9999702837752195;1.0;0.9999350630063236;0.999879290287988;0.9998939471535461;1.0;1.024999976158142;
2016-05-15 10:45:00;0.9998500975293477;1.0;0.9998655712405744;0.9998593691761563;0.9999190078112966;0.9998692901826673;1.0003015607168584;0.9997172773093579;1.0;1.0;0.9998808779649488;0.9999999999999999;1.0000381341803612;0.9997998748833534;0.9996342435936518;0.9996561817875073;0.9996604540498586;0.999918531554754;1.0;0.9999021522143141;0.9998603161278942;0.999915186812167;0.9996592974926017;1.0002828678496907;1.000309529329992;0.9998773449910457;0.9999050106999298;0.999889978647866;1.0;0.9997509839464052;0.9998055698185814;0.9998744900039077;0.9999355644711522;0.9998300997727457;1.0;0.9999999999999999;0.9999810819075431;0.999972736469201;1.0;0.999928195122367;0.9998690758196203;0.9998718015576062;1.0;1.024999976158142;
2016-05-15 11:00:00;0.9998796903194096;0.9999999999999999;0.9998845165597995;0.999885466328253;0.9999356105093526;0.9998916821814771;1.0002804079803298;0.9997778089981852;1.0;1.0;0.9998940620763661;1.0;1.0000349282665388;0.9998447455104926;0.9997280637230224;0.9997397300898133;0.9997422052046128;0.999934610313549;1.0;0.9999155564137335;0.9998840920281997;0.9999166764082684;0.9997414843799911;1.0002632390186543;1.0002877437321924;0.9998966973115706;0.9999092101842852;0.9999110554753534;1.0;0.9997870388720442;0.9998251951882962;0.9998855190954633;0.9999540582657583;0.9998394819601024;1.0;0.9999999999999999;0.9999796405398164;0.9999697072035602;1.0;0.9999474478245428;0.9998900460961915;0.9998871955214761;0.9999999999999999;1.024999976158142;
2016-05-15 11:15:00;0.9999036659483928;1.0;0.9999178548874961;0.999911690131452;0.9999552315884943;0.9999195733933863;1.0002720120727573;0.9998357200300632;0.9999999999999999;1.0;0.9999222084256482;1.0;1.000032070776017;0.9998869475971218;0.9997935751004984;0.9997995324330746;0.9998014038222778;0.999952469634221;1.0;0.9999350365207885;0.9998996613649835;0.9999394519189622;0.9998007182043033;1.0002552131906532;1.0002795770294841;0.999912648317641;0.9999315418970526;0.9999344338433646;1.0;0.9997860453472471;0.9998213411816973;0.999875948485475;0.9999700305807566;0.9998053012642344;1.0;1.0;0.9999814841008895;0.9999735514807019;1.0;0.9999651536524187;0.9999043654051277;0.9999194565907131;1.0;1.024999976158142;
2016-05-15 11:30:00;0.999895561550797;1.0;0.9999073580525617;0.9999009569351851;0.9999550054775168;0.9999080275339362;1.0002798061060882;0.9998042411677485;1.0;1.0;0.9999113006564053;1.0;1.0000337512316588;0.9998678274264121;0.9997555497188223;0.9997607976348241;0.9997630252104733;0.9999529681210935;1.0;0.9999280186869225;0.9998941295301701;0.9999308236267433;0.9997622967556704;1.0002622291084493;1.0002876850010225;0.9999057763110367;0.9999230773762576;0.9999244161069492;1.0;0.9997679790646303;0.9998013692772884;0.9998696558534426;0.9999705596230037;0.9998166411710991;0.9999999999999999;1.0;0.9999800128228811;0.9999708734381001;1.0;0.999965560743312;0.9998987092368311;0.9999087225956312;1.0;1.024999976158142;
2016-05-15 11:45:00;0.9998885004919046;1.0;0.9999070097343538;0.9998953438980511;0.9999556061134415;0.999904296433445;1.00028314261781;0.9997901735202939;1.0;1.0;0.9999104823685141;1.0;1.0000336255023587;0.9998591723566528;0.9997306913576851;0.9997364672350211;0.9997391719921057;0.9999530524283653;0.9999999999999999;0.9999258089294046;0.9998858001749622;0.9999328017530453;0.9997382818965267;1.0002650853486221;1.0002914301096106;0.9998991559447982;0.9999236968658266;0.9999206676489277;1.0;0.9997720033218969;0.9997926114058211;0.9998581179696915;0.9999704070906313;0.9997832589157233;1.0;0.9999999999999999;0.9999813994568378;0.9999734668373219;1.0;0.9999655522866737;0.9998908732802242;0.9999089014367851;1.0;1.024999976158142;
2016-05-15 12:00:00;0.9998554063680373;1.0;0.9998950590831955;0.9998709249214804;0.9999469283631732;0.9998872307041587;1.0002869230594211;0.9997558617863069;1.0;1.0;0.9998972087713623;1.0;1.0000305525886641;0.9998361521806695;0.9996751216003745;0.9996811576396597;0.9996845861615156;0.9999408785229547;1.0;0.9999091273014911;0.9998422871639179;0.9999256175078112;0.9996832607267501;1.0002681554106079;1.0002963476220268;0.9998648541477628;0.9999109207583713;0.9999069605504538;0.9999999999999999;0.9997633304381884;0.9997989992958889;0.9998569167253378;0.9999654085764685;0.999766233834506;1.0;1.0;0.9999802512631425;0.9999711118761823;1.0;0.9999594942169758;0.9998494202113973;0.9998977026590362;1.0;1.024999976158142;
2016-05-15 12:15:00;0.9998494593926386;1.0;0.9998851926079693;0.9998687715986478;0.9999334219837949;0.9998854377064035;1.000288595361567;0.9997771207819706;1.0;1.0;0.9998893336135329;1.0;1.0000295925349303;0.9998458380420757;0.999714205086794;0.999720813526082;0.999723305508918;0.999926099127808;1.0;0.9999021980866639;0.9998322627305074;0.9999140647051885;0.99972213702438;1.0002704399241251;1.0002977061047769;0.999857869934059;0.9998989856906273;0.9999080217130093;1.0;0.9997732055609769;0.9998031702568533;0.9998566219399151;0.9999574785981072;0.9997567616844761;1.0;1.0;0.9999808494651147;0.9999729168499617;0.9999999999999999;0.9999499361210161;0.99983996762219;0.9998872827869775;1.0;1.024999976158142;
2016-05-15 12:30:00;0.9998925596953753;1.0;0.9999142586845319;0.9999027090532727;0.999953685585556;0.9999129371939333;1.0002747577641378;0.9998172142061533;1.0;1.0;0.999918206111755;1.0;1.0000315780007034;0.9998750915177025;0.9997636486238987;0.9997701589639786;0.9997725139430526;0.9999501160054755;1.0;0.9999300228736556;0.999886479621878;0.9999386230350031;0.9997716445792019;1.0002575096193158;1.0002827742965414;0.9999019781051782;0.9999289252650947;0.9999285010704289;0.9999999999999999;0.9997813340181937;0.9998204984044443;0.999871336546234;0.9999686676218114;0.9997869874275721;1.0;1.0;0.9999801780084839;0.9999706574881154;0.9999999999999999;0.9999636703176672;0.9998918682047134;0.9999163737435117;1.0;1.024999976158142;
2016-05-15 12:45:00;0.9998592654715759;1.0;0.9998846328467957;0.999872000172223;0.9999258350329384;0.9998843762242627;1.0002912045881514;0.9997462768805448;1.0;0.9999999999999999;0.9998986871944892;0.9999999999999999;1.0000355986297789;0.9998193440690315;0.9996596614486168;0.9996817046605387;0.9996860499178845;0.9999241576689313;1.0;0.999913126977535;0.9998652236387091;0.9999324674012001;0.9996847899736364;1.0002730774871882;1.0002991870874645;0.9998843666442947;0.9999211103584422;0.9999019437636766;1.0;0.9997888421068694;0.9998244072086411;0.9998715690120037;0.9999391911807815;0.9997803978199253;1.0;1.0;0.9999805319161755;0.9999721864824233;1.0;0.9999327020465677;0.9998741445605723;0.9998914841869192;1.0;1.024999976158142;
2016-05-15 13:00:00;0.9998375032315053;1.0;0.9998684232023607;0.9998529260320694;0.9999139699886131;0.9998676867947242;1.0003020723471883;0.9997094112775753;0.9999999999999999;1.0;0.9998851550227077;1.0;1.000036678109733;0.999792324113565;0.9996077520435299;0.9996341514571342;0.999639259854746;0.9999119908825518;1.0;0.9999007105940407;0.9998444688856778;0.9999246991737413;0.999637778136549;1.0002831861412833;1.0003104653984567;0.9998670511734342;0.9999113837706483;0.9998875764314962;1.0;0.9997951460810848;0.999810699711746;0.9998558327054065;0.9999287127536337;0.9997382238526636;1.0;1.0;0.999980555827024;0.9999714164372804;1.0;0.999921290821906;0.999854981912198;0.9998766776387378;1.0;1.024999976158142;
2016-05-15 13:15:00;0.9998458650835681;1.0;0.9998681792713535;0.9998587057887913;0.9999190697352244;0.9998710144431857;1.0003009730198476;0.999727032952672;1.0;1.0;0.9998818847125208;1.0;1.0000363159977708;0.9998066269203587;0.9996450078608236;0.9996650886664107;0.9996691383340417;0.9999168530340136;0.9999999999999999;0.9999006068821875;0.9998498585594042;0.9999153402432772;0.9996679182940501;1.0002822899505122;1.0003092689709572;0.9998700462466787;0.9999034730251563;0.9998922911580673;1.0;0.9997778089369155;0.9998004529938939;0.9998549887936988;0.9999372924375387;0.9997545163648563;1.0;0.9999999999999999;0.9999814841008896;0.9999735514807022;1.0;0.9999296907441245;0.999858877854185;0.999874019240198;1.0;1.024999976158142;
2016-05-15 13:30:00;0.9998966508809589;1.0;0.9999076877096706;0.9999028244422857;0.9999521313275636;0.9999098687671079;1.0002724175493278;0.9998117875496751;1.0;1.0;0.9999127457856514;1.0;1.000032838130942;0.9998712987177789;0.9997656068145435;0.9997721938322287;0.9997743269181127;0.9999501015899073;1.0;0.9999289220315151;0.9998955672346939;0.9999318590204956;0.999773623836453;1.000255472694207;1.000279958220571;0.9999076161357264;0.9999242358804229;0.9999260986573725;1.0;0.9997972809265516;0.9998329296882483;0.9998798541533606;0.9999677563051476;0.9997996597772366;0.9999999999999999;1.0;0.9999809650057307;0.9999722384324495;1.0;0.9999625699454705;0.9999003703291964;0.9999093498898977;0.9999999999999999;1.024999976158142;
2016-05-15 13:45:00;0.9998737102839329;1.0;0.9998894866443083;0.999879490524233;0.9999506470881425;0.9998882099167401;1.0002802692823762;0.9997587493771141;1.0;0.9999999999999999;0.9998922472041115;1.0;1.0000330648769478;0.9998394821107577;0.9996985041993558;0.9997022693676028;0.9997049612742888;0.9999479278559065;0.9999999999999999;0.9999126452736652;0.9998704028829962;0.9999156377203448;0.9997040629576515;1.000262195264162;1.0002886732256886;0.9998840852824633;0.9999060475327446;0.9999081524255128;1.0;0.9997840961329786;0.9998184406604408;0.9998692386135052;0.9999695219197879;0.9997816303149054;0.9999999999999999;0.9999999999999999;0.9999804882711215;0.9999721428377335;1.0;0.9999637818662797;0.9998755059667367;0.9998904998122679;1.0;1.024999976158142;
2016-05-15 14:00:00;0.9998676415395013;1.0;0.9998961695887055;0.999873091194418;0.9999609073309825;0.9998844056135521;1.0002729249322682;0.9997247152585437;0.9999999999999999;1.0;0.999896757519398;1.0;1.0000320315116178;0.9998209714812983;0.9996366786385552;0.9996407012939863;0.9996447140707563;0.9999582202830588;1.0;0.99991434020318;0.9998649472568025;0.9999266442791457;0.9996434707712636;1.000254381715059;1.0002818958899993;0.999879160005328;0.9999152672962294;0.9999023352695136;1.0;0.9998024866849566;0.9998347988047187;0.9998784315199288;0.9999749074988615;0.9997898030089617;0.9999999999999999;1.0;0.9999811665515139;0.9999728211124655;1.0;0.9999704957561976;0.9998703750052108;0.9998983132240425;0.9999999999999999;1.024999976158142;
2016-05-15 14:15:00;0.9998182917702496;0.9999999999999999;0.9998658359270403;0.9998253605741063;0.999949995439074;0.9998422914142081;1.0002941087182706;0.9996003491650459;1.0;1.0;0.9998688516121411;0.9999999999999999;1.0000349392019403;0.9997394033742355;0.9994533249355806;0.9994649625217527;0.9994719277937033;0.9999476775288743;1.0;0.9998892451203611;0.9998210850408148;0.999917100422914;0.9994699341934187;1.000272967664552;1.0003046283870713;0.9998401857126966;0.9999009734801322;0.9998633431835596;1.0;0.999776318830193;0.9998130616833139;0.9998593358173058;0.9999619539680603;0.9997493020305511;1.0;1.0;0.9999810819075431;0.9999727364692008;1.0;0.9999571579562;0.9998294545026009;0.9998714420784176;1.0;1.024999976158142;
2016-05-15 14:30:00;0.9998568716513349;1.0;0.9998840533811627;0.9998651270861935;0.9999434022653739;0.9998770632372438;1.000288135537084;0.9997168533609722;1.0;1.0;0.9998905369542913;0.9999999999999999;1.0000345489037044;0.9998091900474211;0.9996255197525531;0.9996373877391493;0.9996417346264094;0.9999412069863223;1.0;0.9999085288856052;0.9998584036906714;0.9999235910449377;0.9996404379581053;1.0002692120033574;1.0002969484557669;0.9998750227874965;0.9999118674108275;0.9998960296146994;1.0;0.9997799437732218;0.9998059144075084;0.9998627491759804;0.999958118188908;0.9997776627605636;0.9999999999999999;1.0;0.999979934227636;0.9999712076633501;1.0;0.9999525239425373;0.9998655350685508;0.9998882317248127;1.0;1.024999976158142;
2016-05-15 14:45:00;0.999888958445819;1.0;0.9999120851351203;0.9998994390290513;0.9999475280851079;0.9999100057014146;1.0002738664356274;0.9998030500762987;1.0;0.9999999999999999;0.9999198274479788;1.0;1.0000325969574886;0.9998626460139858;0.9997370255543633;0.9997498683750181;0.9997530156521288;0.9999450831450565;1.0;0.9999307997930764;0.9998886397141741;0.999944718722988;0.999752016838964;1.0002567237823095;1.0002816114136712;0.9999043863095641;0.9999350116745147;0.9999243784264616;1.0;0.9997889957737972;0.9998314308515519;0.9998866846474237;0.9999594910092856;0.9998324945705905;1.0;1.0;0.9999791472318732;0.9999696267213184;0.9999999999999999;0.9999545432357161;0.9998951015694563;0.9999162748371081;1.0;1.024999976158142;
2016-05-15 15:00:00;0.9998970912322148;1.0;0.999914119154362;0.9999041774455614;0.9999567794154252;0.9999125988121289;1.0002704071113857;0.9998110269966025;1.0;0.9999999999999999;0.9999180430133403;1.0;1.0000321222055617;0.999872062800054;0.9997575295072845;0.999763760222225;0.9997661982188409;0.999954325276331;1.0;0.9999317488521348;0.999894520551802;0.9999384507234768;0.999765385227462;1.0002533324157803;1.000278183978195;0.9999073655732799;0.9999299935953206;0.9999276908069088;1.0;0.9997880144114385;0.9998296821270872;0.9998871753407591;0.9999706278567548;0.9998378647789593;1.0;1.0;0.9999812287168097;0.9999728832772425;1.0;0.9999659819715152;0.9998994034013612;0.9999160784616308;1.0;1.024999976158142;
2016-05-15 15:15:00;0.9998925569124565;1.0;0.9999112470914364;0.9999016058233096;0.9999509019966775;0.999910933215805;1.0002768208790616;0.9998111411975937;1.0;0.9999999999999999;0.9999168925682059;1.0;1.0000327188870108;0.9998698620918466;0.9997560744262024;0.9997647829567972;0.9997673182088398;0.9999481966272759;1.0;0.999929820388425;0.9998899889841658;0.9999383557840379;0.9997664620361044;1.0002595356651582;1.0002846571354662;0.9999045084418451;0.9999293225269302;0.9999263584241223;1.0;0.9997834182147229;0.9998147079850334;0.9998760302266335;0.9999651410036976;0.9998182976627084;1.0;1.0;0.9999800735565977;0.9999717281266709;1.0;0.9999600757709749;0.9998955659608679;0.9999139118939898;1.0;1.024999976158142;
2016-05-15 15:30:00;0.9998918751497399;1.0;0.9999098409996758;0.9998996604994609;0.9999534304488156;0.9999085954531248;1.0002710973030202;0.9998028972486275;0.9999999999999999;1.0;0.9999144424992243;1.0;1.0000321050247538;0.9998659590942376;0.999746560463264;0.9997538184590294;0.9997564001211307;0.9999508707243142;1.0;0.9999285837273234;0.9998894317587037;0.9999360340368392;0.9997555419599327;1.0002539780399822;1.0002789131698242;0.9999031499850869;0.9999271274470751;0.999924334029735;0.9999999999999999;0.99978346686777;0.9998242746382627;0.9998830698627073;0.999967852436447;0.9998304752844983;1.0;1.0;0.9999811795363951;0.9999732469186238;1.0;0.9999629177963233;0.9998947010823145;0.9999121084435217;1.0;1.024999976158142;
2016-05-15 15:45:00;0.9999022025403214;1.0;0.9999135362429284;0.9999070763065891;0.99995908310211;0.9999137318028763;1.0002632003424832;0.999815636542468;1.0;1.0;0.999916636276723;1.0;1.0000316451082352;0.9998761827060195;0.9997699059133943;0.9997740629433479;0.999776133337867;0.9999570701024614;1.0;0.9999324417296431;0.9999003268691304;0.999934768805453;0.9997754479115362;1.0002466082096602;1.0002706779319417;0.9999111547100994;0.9999274412132394;0.9999291438755602;1.0;0.9998087334570345;0.9998413084390573;0.9998976770087517;0.9999737918057686;0.9998607804370265;1.0;1.0;0.999981081907543;0.9999727364692008;1.0;0.9999691655398079;0.9999044898517279;0.9999146273656999;0.9999999999999999;1.024999976158142;
2016-05-15 16:00:00;0.9999087112248826;0.9999999999999999;0.9999231789344917;0.9999155175104125;0.9999608858280232;0.9999230161053938;1.0002817010492797;0.999838183280498;0.9999999999999999;1.0;0.9999263116032621;1.0;1.0000335055911358;0.9998902382460279;0.9997951305332249;0.999799748860353;0.9998016569695127;0.9999583365860439;1.0;0.999938630359037;0.9999049039092085;0.9999431807553614;0.9998009766111202;1.0002641751152423;1.0002895844325808;0.9999167004408104;0.9999356124334619;0.9999369171660087;0.9999999999999999;0.9997874288418993;0.9998063044738774;0.9998478910252028;0.9999743558840531;0.9997128604103456;1.0;0.9999999999999999;0.9999811795363949;0.9999732469186237;1.0;0.9999700175789424;0.9999091425022543;0.9999245306369102;1.0;1.024999976158142;
2016-05-15 16:15:00;0.9999055057348764;0.9999999999999999;0.9999150334487814;0.9999112730392741;0.9999554730940622;0.9999176349897009;1.0002711952171208;0.9998296318040664;1.0;1.0;0.9999197477850063;1.0;1.0000328137076007;0.9998832362282383;0.9997889240053243;0.999794900399942;0.9997967735334005;0.9999535596504391;1.0;0.9999347031232235;0.9999043156421903;0.9999368599500991;0.9997961469424149;1.0002544465373973;1.0002785828091132;0.999915413833385;0.9999299284411985;0.9999326437239632;1.0;0.9998053581044287;0.9998404943019332;0.9998842577001154;0.9999701438883627;0.9998045080706685;1.0;0.9999999999999999;0.9999843281382348;0.9999751887140136;1.0;0.9999653003483803;0.999908704564987;0.9999164848360552;1.0;1.024999976158142;
2016-05-15 16:30:00;0.9999083322728386;1.0;0.9999198600027981;0.9999135410350461;0.9999584214770135;0.9999200297918833;1.0002695559111974;0.9998267061075232;1.0;1.0;0.9999247936512211;1.0;1.0000330458933713;0.9998816995989296;0.9997792769931346;0.999786499899356;0.9997887504978601;0.9999569706770695;1.0;0.999938489797828;0.9999090197905681;0.9999434697865187;0.9997880571072316;1.0002527589412975;1.0002769394746835;0.99991950870318;0.999936613494493;0.999933585355245;1.0;0.9997878856814774;0.9998378817497181;0.9998913287692313;0.9999706070039253;0.9998406179960471;0.9999999999999999;0.9999999999999999;0.9999851773105835;0.9999768318380627;1.0;0.9999663010140879;0.999913471367399;0.9999219560319662;1.0;1.024999976158142;
2016-05-15 16:45:00;0.9999103215142208;1.0;0.9999267632109914;0.9999174348941136;0.9999611610338496;0.9999252885820326;1.0002779860672766;0.9998384431291991;1.0;1.0;0.999930758822421;1.0;1.0000333083462425;0.9998897869918875;0.9997902976052796;0.9997968494585936;0.9997990555084711;0.9999588952465989;1.0;0.9999416085101915;0.9999079998079011;0.9999489872674068;0.9997983166945599;1.0002606572340558;1.000285747523157;0.9999198712751192;0.999941352279403;0.9999380186005691;1.0;0.9997798511285408;0.999814655034111;0.9998598710682484;0.9999727220407698;0.9997490545207437;0.9999999999999999;1.0;0.9999852012186577;0.999976061786457;1.0;0.9999686744165309;0.9999125198746509;0.99992888016565;1.0;1.024999976158142;
2016-05-15 17:00:00;0.9998942308638317;1.0;0.9999107814083437;0.9999020334011507;0.9999538145429101;0.9999106381683968;1.0002878060604947;0.9998110018594504;0.9999999999999999;1.0;0.9999150071693431;1.0;1.0000340903335203;0.9998713720018544;0.9997597167755524;0.9997660013434754;0.9997683131853605;0.9999510847999831;1.0;0.9999292383682995;0.9998908185504822;0.9999350864443826;0.9997675140381678;1.0002697953726116;1.0002959697602696;0.9999043853300743;0.9999264158995632;0.999926526721076;1.0;0.9997714053367802;0.9997831226255735;0.9998372563105512;0.9999689487561643;0.9997115681522855;1.0;1.0;0.9999860996461101;0.9999785481272512;1.0;0.9999639372528173;0.9998958633429477;0.9999126363259342;0.9999999999999999;1.024999976158142;
2016-05-15 17:15:00;0.9999073502760669;0.9999999999999999;0.999923187669854;0.9999138342517024;0.9999619128340582;0.9999215538853097;1.000300616520697;0.9998304130249743;0.9999999999999999;1.0;0.999926254403547;1.0;1.000036082311663;0.9998855965457535;0.9997824908219534;0.9997874908687916;0.9997896498030004;0.9999595338708843;0.9999999999999999;0.9999385041924168;0.9999042954198321;0.9999443928626308;0.9997889154431119;1.0002818349982667;1.0003090307524092;0.9999159893492047;0.9999366575164942;0.999935195114836;1.0;0.9997362294766615;0.9997401162273942;0.9998024677431537;0.9999745713371633;0.9996448225592158;0.9999999999999999;0.9999999999999999;0.9999851957344948;0.9999764691242933;1.0;0.9999704117362218;0.9999086237805525;0.9999247963570957;0.9999999999999999;1.024999976158142;
2016-05-15 17:30:00;0.9999132930812346;1.0;0.9999268024317414;0.999919591251739;0.9999625347443658;0.9999266156207404;1.0002787663015573;0.9998448234963434;1.0;1.0;0.9999300558236445;1.0;1.000033410925411;0.999894613807427;0.9998030587071653;0.9998078870047875;0.9998097606042761;0.9999602629098217;1.0;0.9999418406155641;0.9999103046220005;0.9999463874469884;0.999809108764882;1.000261458599225;1.0002864916081748;0.9999213700370411;0.99993927830865;0.9999397122902092;1.0;0.9997874040766943;0.9998065017330265;0.9998547629201424;0.9999750663930285;0.9997422250602557;0.9999999999999999;1.0;0.9999864226826146;0.9999788711613163;1.0;0.9999709637201785;0.9999143814046434;0.9999282245808433;0.9999999999999999;1.024999976158142;
2016-05-15 17:45:00;0.9999240305199317;1.0;0.99994071951803;0.9999315112817497;0.9999672434753785;0.9999390592148192;1.0002789708864952;0.9998699065512401;0.9999999999999999;1.0;0.9999438330984683;0.9999999999999999;1.0000332461174923;0.9999108791736563;0.9998291930134386;0.999834641506354;0.9998364595403643;0.9999647662463568;1.0;0.9999514934712487;0.9999201600807646;0.9999590185586487;0.999835807905982;1.0002617500224278;1.0002866571996658;0.9999313469273308;0.9999520041869316;0.9999496083621966;1.0;0.999778269502563;0.9998048904536275;0.9998467071579057;0.9999770694672034;0.9997110354690972;0.9999999999999999;1.0;0.9999846456893715;0.9999759190839698;1.0;0.9999736443263393;0.9999241372305148;0.999942573346235;1.0;1.024999976158142;
2016-05-15 18:00:00;0.9999067442803226;1.0;0.9999183103311482;0.9999131106564223;0.9999570087397534;0.9999199801279813;1.0002807309610222;0.9998337500024762;0.9999999999999999;0.9999999999999999;0.9999226601214871;0.9999999999999999;1.0000337920204667;0.999886175672931;0.9997919854251464;0.9997978187415543;0.9997997196504212;0.9999548548109973;1.0;0.9999364163880531;0.9999046658045195;0.9999397800647594;0.9997990688979366;1.0002633836697274;1.0002884180147154;0.9999161634170451;0.9999325798214639;0.9999344839829358;1.0;0.9997890450605107;0.9998177742657062;0.9998591178519421;0.9999711185318568;0.9997397304231426;1.0;1.0;0.9999854889137998;0.9999771434386788;1.0;0.9999664494991642;0.9999090720956224;0.9999198399907262;1.0;1.024999976158142;
2016-05-15 18:15:00;0.9999224101729969;1.0;0.9999358585370265;0.9999285770765494;0.9999663701134197;0.9999352481594747;1.000280945704867;0.9998623530664913;1.0;1.0;0.9999389436247272;1.0;1.0000338473371173;0.9999062441247886;0.9998234166358068;0.9998282672936238;0.9998300194881629;0.999964243923969;1.0;0.999948739219625;0.9999195803334388;0.9999539396165938;0.9998294097736813;1.0002635953836114;1.0002886244622737;0.9999298843961932;0.9999473680607117;0.9999466506975068;1.0;0.9997661513230314;0.9997969416879512;0.9998465611167867;0.9999771468051201;0.9997258404252436;1.0;1.0;0.9999852195932961;0.9999756990249279;1.0;0.999973531180014;0.9999233718281921;0.9999373685773156;1.0;1.024999976158142;
2016-05-15 18:30:00;0.999905461357392;1.0;0.9999221298998017;0.9999138288617165;0.9999569483627612;0.9999222013712584;1.0002764286915333;0.9998371603676642;1.0;1.0;0.9999266091344714;1.0;1.0000326885625805;0.999887917872494;0.9997907830399222;0.9997976404976655;0.999799732797526;0.9999542476960384;0.9999999999999999;0.9999379175066674;0.9999018901826032;0.9999447769039475;0.9997989934000411;1.0002592976379723;1.0002841458780591;0.999915018133504;0.9999366760490216;0.999936016124526;0.9999999999999999;0.9997820003153415;0.9998147853269764;0.9998670911914718;0.9999701442021813;0.9997799406592727;1.0;1.0;0.9999851957344948;0.9999764691242932;1.0;0.9999656020012433;0.9999067263019256;0.9999242118055954;1.0;1.024999976158142;
2016-05-15 18:45:00;0.999881817673357;1.0;0.9999008612554396;0.9998919962155698;0.9999431678346593;0.9999019952421585;1.0002984506598043;0.999794882921685;1.0;1.0;0.9999080700743592;1.0;1.0000353800595;0.9998574025421814;0.9997362524139225;0.9997469262833665;0.999749654697749;0.9999403414669491;1.0;0.9999225344445783;0.9998797850926338;0.9999315073442026;0.9997487392629515;1.00027993974181;1.0003067786909419;0.9998958274935347;0.9999217845238656;0.9999190923971306;1.0;0.9997517688663257;0.9997800460358236;0.9998310688653095;0.9999591007371607;0.9996916233908241;1.0;1.0;0.9999860687669112;0.9999773421490907;1.0;0.9999533165424299;0.9998860822557047;0.9999039970091873;1.0;1.024999976158142;
2016-05-15 19:00:00;0.999850932407877;1.0;0.9998776467904219;0.9998664113186365;0.9999200088548139;0.9998800340017786;1.000304617689519;0.9997492324271464;1.0;1.0;0.9998913851966655;1.0;1.0000360137251783;0.9998202936851855;0.9996688175332161;0.999689563360328;0.9996934840314414;0.9999170018056925;1.0;0.9999062801176991;0.9998522669913609;0.9999238313656703;0.9996922424971856;1.0002858711446385;1.000313019857835;0.9998740911897902;0.9999113719662208;0.9998998655143039;1.0;0.9997753366998461;0.9997936324062434;0.9998402664284537;0.9999371928023271;0.9997045468674987;1.0;0.9999999999999999;0.9999864465905848;0.9999781011074712;0.9999999999999999;0.9999297978074838;0.9998615220794101;0.999883865967751;1.0;1.024999976158142;
2016-05-15 19:15:00;0.9998415660884925;0.9999999999999999;0.9998773776621631;0.999862898622427;0.9999256652282014;0.9998803181945431;1.0002918393495805;0.9997746947379261;1.0;0.9999999999999999;0.9998828842436076;1.0;1.0000295088597548;0.9998420460790993;0.9997141117645074;0.9997220026030144;0.9997243635789437;0.9999178124660943;1.0;0.9998964077639488;0.9998231616688631;0.9999078329407026;0.9997231923833828;1.000273706331873;1.0003009476463607;0.999850736742042;0.9998921027408986;0.9999045449871319;1.0;0.9997798329481598;0.9998152849557891;0.9998600661156388;0.9999520736472389;0.9997486413972962;1.0;1.0;0.9999859826904138;0.9999780500345402;0.9999999999999999;0.9999437141319473;0.9998314806168004;0.9998796210763251;1.0;1.024999976158142;
2016-05-15 19:30:00;0.9998879492373621;1.0;0.9999110624307571;0.9998997085736596;0.9999516400596883;0.9999107945964066;1.0002854528551557;0.9998195782911328;1.0;1.0;0.9999142810254169;1.0;1.000032038413671;0.9998765847050374;0.9997697733026103;0.9997748113663785;0.9997768875452606;0.9999471512507877;1.0;0.9999261831985687;0.9998784765667909;0.9999337044793025;0.9997760270339703;1.0002676266201738;1.0002938476532643;0.9998955694197058;0.9999232644483189;0.9999276826442841;1.0;0.9997799207867204;0.9998081878172456;0.9998486746903958;0.9999689093255992;0.9997128863290918;1.0;1.0;0.9999860010456033;0.9999764804697953;1.0;0.9999634580201658;0.9998839542650076;0.9999126274454375;1.0;1.024999976158142;
2016-05-15 19:45:00;0.9998967855993866;1.0;0.999912756297259;0.9999039674853293;0.9999568002735099;0.9999122494360644;1.0002796633430686;0.9998143573338523;1.0;1.0;0.9999159185783228;1.0;1.0000329577042513;0.9998747077308137;0.9997654180918575;0.999770074374397;0.9997722400151778;0.9999539890837915;0.9999999999999999;0.9999302796270755;0.999892563703184;0.9999349592061942;0.9997714735939551;1.00026208323726;1.000287690911626;0.9999055517914777;0.9999264898343656;0.9999280598789426;0.9999999999999999;0.9997788307439132;0.99980909957314;0.9998538545513164;0.9999720813729592;0.9997331929400212;1.0;1.0;0.9999861842397808;0.999978632720283;1.0;0.9999672328088307;0.9998972260171365;0.9999141178093984;1.0;1.024999976158142;
2016-05-15 20:00:00;0.9999072419545337;1.0;0.9999277836967515;0.9999157692662027;0.9999622105732164;0.9999248939592672;1.000272945061664;0.9998377239258656;1.0;0.9999999999999999;0.9999307650394934;1.0;1.0000318879513839;0.9998899736034249;0.9997872524205069;0.9997928246915089;0.999795061468449;0.9999591863774089;1.0;0.9999404848811715;0.9999022181358413;0.999949296350229;0.9997942614097228;1.0002557970898447;1.0002808235475322;0.9999154854796186;0.9999407347384996;0.9999378545394929;1.0;0.9997753076263672;0.9998168296969706;0.9998647124759756;0.9999741990039037;0.9997654288608133;1.0;0.9999999999999999;0.9999854211412926;0.9999762817070819;1.0;0.9999701547643702;0.9999068612883852;0.9999297719552047;0.9999999999999999;1.024999976158142;
2016-05-15 20:15:00;0.9998762418006871;1.0;0.9998996367529923;0.99988726709594;0.9999405710672057;0.999898428618258;1.000290920656967;0.9997796726002024;0.9999999999999999;1.0;0.9999085481115776;1.0;1.00003474570123;0.9998461321207001;0.9997086185085023;0.9997228482757483;0.9997262549420687;0.9999380923403333;1.0;0.9999218250459116;0.9998766543211487;0.9999358765986393;0.9997251855711285;1.0002727200409633;1.0002991180524605;0.9998936476756716;0.9999254453686763;0.9999148745573399;1.0;0.9997634211973556;0.9998076395396341;0.9998559180380819;0.9999544277911685;0.9997452881462501;1.0;0.9999999999999999;0.9999847995380611;0.999976072931317;0.9999999999999999;0.9999487776750984;0.9998837520964413;0.9999041321954808;0.9999999999999999;1.024999976158142;
2016-05-15 20:30:00;0.9998815186833152;1.0;0.9998986328430622;0.9998922415937009;0.9999400678085695;0.9999020030937653;1.0002842870008177;0.9998011005652073;1.0;1.0;0.9999064167850596;0.9999999999999999;1.0000334336934837;0.9998604293189396;0.9997477731946938;0.9997585837753035;0.9997610511378076;0.9999370850635722;1.0;0.9999213264642202;0.9998789696474605;0.9999287128252617;0.9997601933672905;1.000266810165875;1.0002921449881477;0.9998953647896214;0.9999191360841182;0.9999197180074952;1.0;0.9997912611216109;0.9998198363167817;0.9998590364054623;0.9999572708722149;0.9997348511180588;0.9999999999999999;1.0;0.9999851166252368;0.9999759771938094;1.0;0.9999511150483837;0.9998853226194784;0.9999015919509516;1.0;1.024999976158142;
2016-05-15 20:45:00;0.9998872736724604;1.0;0.9999094564581557;0.9998992968311439;0.9999496383068446;0.9999102817860785;1.0002749330322902;0.9998210427108887;0.9999999999999999;1.0;0.9999131496020677;1.0;1.000030682941873;0.9998768845903298;0.9997730537471061;0.999778479598931;0.9997804752621008;0.9999451311638292;1.0;0.9999253505179123;0.9998778531210305;0.999932299954711;0.9997796346310587;1.0002578216416511;1.000283004619043;0.999895146495958;0.9999219161888315;0.9999274768900823;1.0;0.9997840765243904;0.9998261333195799;0.9998750347761338;0.9999674502563438;0.9997921113727792;1.0;1.0;0.9999854341768697;0.9999767075645871;1.0;0.9999617989142484;0.9998834237149129;0.9999110392744859;0.9999999999999999;1.024999976158142;
2016-05-15 21:00:00;0.9998683125634429;1.0;0.9998964881859427;0.9998823587442005;0.9999405166568652;0.9998955537422823;1.0002783773358506;0.999783768309449;1.0;1.0;0.9999024148864515;1.0;1.0000309936671499;0.9998504413349095;0.9997184086199539;0.9997280163971424;0.9997308984244632;0.9999359071148529;1.0;0.9999153592492006;0.9998604764437508;0.9999275631587909;0.9997298176058272;1.0002608429198196;1.0002867312598118;0.999880589703709;0.9999153802809142;0.999914281820688;1.0;0.9997771252287727;0.9998236327045499;0.9998729381004735;0.9999586138139448;0.9997880130118523;1.0;0.9999999999999999;0.9999862211331839;0.9999782884754187;1.0;0.999952359048163;0.9998674857476685;0.9998995639019884;1.0;1.024999976158142;
2016-05-15 21:15:00;0.9998151047599186;1.0;0.9998529568450856;0.9998358311260979;0.9999030321706235;0.9998540238779801;1.0003043124246718;0.9996940985086896;0.9999999999999999;0.9999999999999999;0.9998692101778474;1.0;1.000034572738482;0.9997809228752832;0.999591754181826;0.9996170264613634;0.9996219516266993;0.9998986569864895;1.0;0.9998854359092184;0.9998144591694298;0.9999096948615215;0.9996203501250298;1.000285313617957;1.0003131835326524;0.9998427446923652;0.9998934546926731;0.9998780648282631;0.9999999999999999;0.9997696018402259;0.9998108111627311;0.9998586333792951;0.9999237313097923;0.9997509240615537;1.0;0.9999999999999999;0.9999852195932959;0.9999756990249278;1.0;0.99991478801335;0.9998260516327911;0.9998607531765042;1.0;1.024999976158142;
2016-05-15 21:30:00;0.9998493236011308;1.0;0.9998806872338086;0.9998669674825791;0.9999262704953292;0.9998822318054534;1.0002871727022145;0.9997631300055554;1.0;1.0;0.9998894661520941;1.0;1.0000314227127762;0.9998330843053199;0.999692077116984;0.9997054604254562;0.999708618669712;0.9999209346155393;1.0;0.9999034728116942;0.9998407880279754;0.999917849771938;0.9997074143203865;1.0002692865152516;1.0002957308433356;0.9998647804696176;0.9999039489406238;0.9999036912709007;0.9999999999999999;0.9997684248744959;0.999821946753013;0.9998759300847331;0.9999473688462154;0.9998045782816165;1.0;1.0;0.9999864465905851;0.9999781011074717;0.9999999999999999;0.9999398034897672;0.9998492787167809;0.9998847377522811;1.0;1.024999976158142;
2016-05-15 21:45:00;0.9998892476813569;1.0;0.9999096582391254;0.9998996679090751;0.9999508783000605;0.9999098287210976;1.0002758397810985;0.9998147179466634;1.0;0.9999999999999999;0.9999137862255315;1.0;1.0000315457166744;0.9998730116650465;0.9997637882893564;0.9997700125406705;0.9997722231169376;0.9999471279826133;0.9999999999999999;0.9999267163911295;0.999882567828007;0.9999338038401041;0.9997713790451418;1.0002586027185667;1.0002838530654616;0.999898486700218;0.9999240170169762;0.9999264400761833;1.0;0.9997830377723115;0.9998250091436386;0.999872288621485;0.9999673983149061;0.9997825643354682;1.0;1.0;0.9999855127715263;0.9999763733364783;1.0;0.9999620075705128;0.999888030019803;0.9999115216968376;1.0;1.024999976158142;
2016-05-15 22:00:00;0.9998833586162311;1.0;0.999898067166648;0.9998926840123806;0.9999464612359642;0.9999017097053255;1.0002802198303076;0.9998051958785457;1.0;1.0;0.9999021066644274;1.0;1.0000321548501176;0.9998667033010029;0.9997616983020423;0.9997662528129023;0.9997680854489914;0.999942744706534;1.0;0.9999190118970561;0.9998764450658416;0.9999208081848624;0.9997673431048899;1.0002628291737996;1.0002882435078717;0.999891923087927;0.9999114271491941;0.9999208688773985;1.0;0.9997817858737311;0.9998194848338201;0.9998671095800004;0.9999665163474927;0.9997706248018339;1.0;1.0;0.9999856343102692;0.9999761137379527;1.0;0.9999603480303394;0.999881686834057;0.9998989752007176;1.0;1.024999976158142;
2016-05-15 22:15:00;0.9998375266051299;0.9999999999999999;0.9998781170556094;0.999858535843839;0.9999181913415401;0.9998766632998359;1.0002956208823242;0.9997427051895055;1.0;1.0;0.9998906442159421;1.0;1.0000326200421243;0.9998159771506637;0.9996511630646275;0.999671810120318;0.9996760746261323;0.9999129765527689;1.0;0.99990152773352;0.9998319520992324;0.9999257436190975;0.999674587941844;1.0002771529871795;1.0003044260521405;0.9998591114847862;0.9999100881227424;0.999897208432066;1.0;0.9997863349348823;0.9998188993935759;0.9998616161726835;0.9999362925413485;0.9997479351117938;1.0;1.0;0.9999848781830017;0.9999757387537535;1.0;0.9999286538558168;0.9998422506358642;0.9998848229283996;1.0;1.024999976158142;
2016-05-15 22:30:00;0.9998633402108098;1.0;0.999890228809936;0.9998787844449766;0.9999302888776062;0.9998921341434025;1.0002861824393605;0.9997801613590085;1.0;0.9999999999999999;0.9999000271069918;1.0;1.0000325722820853;0.9998438866683537;0.9997124792574409;0.9997273258138224;0.9997304531552236;0.9999262095848848;0.9999999999999999;0.99991306833338;0.999858908194498;0.9999272224490586;0.999729345012802;1.000268515413143;1.0002943524519643;0.9998801059994883;0.9999150510639574;0.9999111192638219;1.0;0.9997770925978723;0.9998186845123096;0.999866248327956;0.9999482241994134;0.999768681722906;1.0;1.0;0.9999849080406275;0.9999753874752255;1.0;0.9999413584526275;0.9998669410314417;0.999894692948367;0.9999999999999999;1.024999976158142;
2016-05-15 22:45:00;0.9998904105279954;1.0;0.9999058281918792;0.999899265076395;0.9999474888325673;0.9999079895522772;1.000278659216455;0.9998106063350336;1.0;1.0;0.9999118616993291;1.0;1.0000329658736808;0.999868859059473;0.9997607865209527;0.999769151403417;0.9997714319425528;0.999944775628782;1.0;0.9999265242167088;0.999887769480054;0.9999323303586332;0.9997706421824483;1.0002614115838966;1.000286419373901;0.9999022343734859;0.9999235670584979;0.9999246039037071;0.9999999999999999;0.9997842771144501;0.9998268373285987;0.9998755228268602;0.9999635814636801;0.999793064028633;1.0;1.0;0.9999858303234562;0.9999771037077166;1.0;0.9999580419001933;0.9998933063836062;0.9999081138249655;0.9999999999999999;1.024999976158142;
2016-05-15 23:00:00;0.9998914567537928;1.0;0.9999119159428185;0.9999015612161652;0.9999506584221225;0.9999115378000211;1.0002746478943976;0.9998144592796068;1.0;1.0;0.9999171562907562;1.0;1.000031934891279;0.9998720681214268;0.999760018907837;0.9997682407781974;0.9997706965398998;0.9999474474648973;1.0;0.9999293924224453;0.9998870971387516;0.9999382793073777;0.9997698258209123;1.0002574998544083;1.0002825182791237;0.9999025390142651;0.9999287809816414;0.9999271410403016;1.0;0.9997858104657122;0.9998244097199853;0.9998740003184912;0.9999654506254129;0.9997910189423319;1.0;1.0;0.9999849080406277;0.9999753874752259;1.0;0.9999602919449183;0.9998927547093667;0.9999144713897046;1.0;1.024999976158142;
2016-05-15 23:15:00;0.9999049156809741;1.0;0.999926844136276;0.9999155160446402;0.999957608529227;0.9999254602813429;1.0002667982317426;0.9998446854588775;1.0;1.0;0.9999309858290127;1.0;1.0000306648738813;0.99989262467267;0.9997958755065213;0.999802939685933;0.9998050862436278;0.9999541201400073;1.0;0.9999396148984802;0.9998988021689021;0.9999494338927338;0.9998042773577731;1.0002502204625927;1.0002744455262584;0.9999137012899625;0.9999403795144498;0.9999386964891733;1.0;0.9997897391294586;0.9998367248483784;0.9998876423189309;0.9999703139653819;0.999826429809897;1.0;1.0;0.9999851520354924;0.9999764254256721;1.0;0.9999658827550257;0.9999039375730627;0.9999292015285952;1.0;1.024999976158142;
2016-05-15 23:30:00;0.9999291885130681;1.0;0.9999424381697061;0.9999365288857548;0.9999667803522336;0.9999432149837423;1.0002598529388191;0.9998851843323138;1.0;1.0;0.9999457167633222;0.9999999999999999;1.0000308347497076;0.9999203114979796;0.9998532239122039;0.9998580970521187;0.9998594919383771;0.999964312296382;1.0;0.9999535129682287;0.9999249400287384;0.9999585097908196;0.9998589521870388;1.0002440016594394;1.000266885728193;0.9999355785748482;0.9999521771006382;0.9999537363147462;1.0;0.9998039097847937;0.9998469193550338;0.9998932793477923;0.9999773518597391;0.999831031686912;1.0;1.0;0.9999863619467485;0.9999780164643414;1.0;0.9999737907050111;0.99992862591469;0.9999438745387582;0.9999999999999999;1.024999976158142;
2016-05-15 23:45:00;0.9999216049798895;1.0;0.9999351600509554;0.9999284407684129;0.9999644310780612;0.9999353094798975;1.0002600059089408;0.999864931882182;1.0;1.0;0.9999387521099228;0.9999999999999999;1.0000310453551224;0.9999071503940341;0.9998270235716148;0.9998324627974509;0.999834166215638;0.9999621760195535;1.0;0.9999483019287383;0.9999185373511984;0.9999536500833158;0.9998335602888128;1.0002439836278898;1.0002671371085237;0.9999293518745919;0.9999469624677709;0.9999468658042998;1.0;0.999810806958323;0.9998512958582759;0.9998976107091647;0.9999755466070961;0.9998413586916657;1.0;0.9999999999999999;0.9999850843142102;0.99997556374713;1.0;0.9999717626967403;0.9999224950193926;0.9999367939629316;1.0;1.024999976158142;
2016-05-16 00:00:00;0.9998978196979941;1.0;0.9999148608860289;0.9999049282597994;0.9999501239327522;0.9999131597808125;1.000268884317668;0.9998035530213801;1.0;0.9999999999999999;0.9999237014957738;1.0;1.000033567365546;0.9998629917236955;0.9997381651960997;0.9997523731355848;0.9997556455417673;0.9999492845631337;1.0;0.9999359463112508;0.9999029843752105;0.9999485589991353;0.9997547263862039;1.0002520787135252;1.0002761799447122;0.9999154247981519;0.9999406436871826;0.9999260967151011;1.0;0.9998078864999865;0.9998512626972454;0.9998978451695896;0.9999596773531088;0.9998425364509532;1.0;1.0;0.9999852195932961;0.999975699024928;1.0;0.9999552311330219;0.9999089993638467;0.9999193721676007;0.9999999999999999;1.024999976158142;
2016-05-16 00:15:00;0.9999206699812772;1.0;0.9999322534632381;0.9999251780719058;0.9999620326901377;0.9999310132180866;1.0002565424384093;0.9998430243960158;0.9999999999999999;1.0;0.9999387823938888;0.9999999999999999;1.0000324164787093;0.9998913353896581;0.9997927058196234;0.9998030751950925;0.9998056015261313;0.9999616069699278;1.0;0.9999494141597872;0.9999252700811253;0.9999579442264499;0.9998049075077243;1.0002406229430916;1.0002633390534674;0.9999342007793631;0.9999520894524203;0.9999413314213107;1.0;0.9998301971845942;0.9998704872814784;0.9999126655902025;0.9999697155112751;0.9998696799087984;0.9999999999999999;1.0;0.99998404753082;0.999974114150787;1.0;0.9999662722349459;0.9999297377553279;0.9999355102711108;1.0;1.024999976158142;
2016-05-16 00:30:00;0.9999311253552576;0.9999999999999999;0.9999402868280497;0.9999347175608588;0.9999669751725916;0.9999395366912041;1.0002534274486636;0.9998628721294308;1.0;1.0;0.9999458604684285;0.9999999999999999;1.0000321404180723;0.9999052503011968;0.9998201088929748;0.9998288213024162;0.9998309703434868;0.9999666597367592;1.0;0.999955599370342;0.9999352256081946;0.9999622602377455;0.9998303832443327;1.0002377982784667;1.0002600417629257;0.9999427455257571;0.9999573043289754;0.9999486847367762;1.0;0.9998302502165498;0.9998665267098659;0.9999095492256286;0.9999739402353606;0.9998636095703688;1.0;1.0;0.9999854211412927;0.9999762817070822;1.0;0.999970904845588;0.9999390250876234;0.9999429829979621;0.9999999999999999;1.024999976158142;
2016-05-16 00:45:00;0.9999276914507158;1.0;0.9999387588656662;0.999932018566872;0.9999655405792225;0.9999374896525491;1.0002480078244709;0.9998577724519447;1.0;1.0;0.999944614993372;1.0;1.0000312697864588;0.9999015512321693;0.9998117720181326;0.9998211587615145;0.9998234587989832;0.9999650551238465;1.0;0.999954062452762;0.9999315441462976;0.9999620506511699;0.9998228200841913;1.0002326572473603;1.0002545594731949;0.9999398646104057;0.999956614915775;0.9999468454018653;1.0;0.9998515547620966;0.9998843396599866;0.9999229501688859;0.999972539016468;0.999887437091767;1.0;1.0;0.9999859149671578;0.9999771883506796;1.0;0.9999694098502062;0.9999356344037382;0.9999417307861083;1.0;1.024999976158142;
2016-05-16 01:00:00;0.9998938683265173;1.0;0.9999031701870518;0.9998972696372616;0.999951408734838;0.9999033224810674;1.0002471319135229;0.9997837273038337;1.0;1.0;0.9999099155408302;1.0;1.0000311441724818;0.9998528517545797;0.9997246299959696;0.9997344324975964;0.9997373623271203;0.9999509646705019;1.0;0.9999281075348744;0.9998992735467578;0.9999331145973752;0.9997365609461908;1.0002314324475838;1.0002539865981597;0.9999093784950277;0.9999261060641486;0.9999188661805762;1.0;0.9998684893631296;0.9998906120892614;0.9999237269428236;0.9999644180475621;0.9998785009055926;1.0;1.0;0.9999852012186579;0.9999760617864571;1.0;0.9999595589743975;0.9999043639850348;0.9999059910625977;1.0;1.024999976158142;
2016-05-16 01:15:00;0.9999356714125051;1.0;0.9999443076626056;0.9999379269339228;0.9999734661590882;0.999942232670847;1.0002434092505874;0.9998665886177764;1.0;1.0;0.9999476391370284;0.9999999999999999;1.0000307092427616;0.9999102076941929;0.9998265786636151;0.9998320973107406;0.9998340501025387;0.9999730296934942;1.0;0.9999576144285425;0.9999382989031871;0.9999624717247891;0.9998335061118601;1.0002282030112781;1.0002499477798616;0.9999446539815662;0.999957822420167;0.9999511296793021;1.0;0.9998617329451595;0.9998831792305575;0.999919241474758;0.9999804172381687;0.9998732798672773;1.0;1.0;0.9999851166252368;0.9999759771938094;1.0;0.9999777857394293;0.9999413689803183;0.9999461051689433;0.9999999999999999;1.024999976158142;
2016-05-16 01:30:00;0.9999355356777554;1.0;0.9999455347625411;0.9999402807694107;0.999967380591262;0.9999453911048667;1.0002413398987653;0.9998789709201242;1.0;1.0;0.9999511738153198;1.0;1.0000302569381299;0.9999152010457883;0.9998401148530919;0.9998489161164381;0.9998508531059804;0.9999667112272558;1.0;0.9999591209437557;0.9999382902176228;0.999966226437716;0.9998502969410851;1.000226581580666;1.0002476032126077;0.9999463386999462;0.9999612563192355;0.9999538175025828;0.9999999999999999;0.9998762517661541;0.9998885783073901;0.9999262443760703;0.9999740692651569;0.9998932525106715;0.9999999999999999;1.0;0.9999852689911586;0.9999769235178728;1.0;0.9999710999128313;0.999942082180704;0.9999482535810749;1.0;1.024999976158142;
2016-05-16 01:45:00;0.9999573120611439;1.0;0.9999622251001723;0.9999606312637379;0.9999758597244542;0.9999637157795207;1.0002294134461196;0.9999228751354265;1.0;1.0;0.9999666855068114;1.0;1.0000290606518067;0.9999448894472155;0.9998999489914031;0.9999064096285982;0.9999075763279003;0.9999754829920705;1.0;0.9999723762285485;0.9999595277761102;0.9999761817114147;0.9999072431839977;1.000215674882549;1.0002350791735555;0.9999649196830382;0.9999730975933376;0.9999695722001464;1.0;0.999916932426606;0.9999117709481283;0.99993836577251;0.9999808630535242;0.9999010221165223;1.0;0.9999999999999999;0.9999848104105833;0.999974877022972;1.0;0.9999786572855475;0.9999621296680282;0.9999640755616642;1.0;1.024999976158142;
2016-05-16 02:00:00;0.9999462821288604;1.0;0.9999544671691215;0.9999498090257187;0.9999734348360112;0.9999539332997884;1.000224664755982;0.9998961063636399;1.0;1.0;0.9999590768709945;1.0;1.000028374623294;0.9999276462854765;0.9998624624627518;0.9998697718874727;0.9998714570307976;0.9999730198471021;1.0;0.9999659547000405;0.9999490684359541;0.999971928304616;0.9998709849085573;1.0002109254168439;1.0002304576589305;0.9999554740588712;0.9999678595131525;0.9999608759055179;1.0;0.9999366106584903;0.9999256006236503;0.9999467767144076;0.9999787494350181;0.9999108856886848;1.0;1.0;0.9999848234472806;0.9999753028826843;1.0;0.9999763504598624;0.9999521872532039;0.9999567574244431;1.0;1.024999976158142;
2016-05-16 02:15:00;0.9999408219707566;1.0;0.9999513619367829;0.9999440656018599;0.9999730525826043;0.9999487454277911;1.0002220315031765;0.9998781724571595;1.0;1.0;0.9999562416205326;1.0;1.0000282585717626;0.9999161746067723;0.9998354378047055;0.999843850655294;0.9998460055976914;0.9999728904091586;1.0;0.9999635227860969;0.9999450266425189;0.9999717988776811;0.9998454276916355;1.0002082215805062;1.0002279024957388;0.9999516364244029;0.9999672511625459;0.9999557815926968;1.0;0.9999435304287291;0.9999395800472274;0.9999564857981912;0.9999775228228098;0.9999263713599122;0.9999999999999999;1.0;0.9999854341768698;0.9999767075645873;1.0;0.999975221305778;0.9999484687022061;0.9999541896162517;0.9999999999999999;1.024999976158142;
2016-05-16 02:30:00;0.999956827695627;1.0;0.9999640477874905;0.9999600723838125;0.999977368955617;0.9999635822782998;1.0002192656687037;0.9999170321958027;1.0;1.0;0.999968520231087;1.0;1.000027891586367;0.9999414185766239;0.9998881979659051;0.9998953770590957;0.9998968482056723;0.9999771454594562;1.0;0.9999734564740483;0.999959823380926;0.9999794847521097;0.9998964457673536;1.0002059829134575;1.0002247814074783;0.9999652299920285;0.9999761588481519;0.9999687859634433;1.0;0.9999417143963274;0.9999372331321051;0.999955897282671;0.9999810195819303;0.999928367115061;1.0;1.0;0.9999845058949302;0.9999745725103439;1.0;0.9999791013903591;0.9999625638296664;0.9999663212461413;1.0;1.024999976158142;
2016-05-16 02:45:00;0.9999551743126942;1.0;0.9999646733255513;0.999960024214681;0.9999763771321326;0.9999644387117461;1.0002184265272764;0.9999227225968177;1.0;1.0;0.9999688631512961;1.0;1.0000271172330129;0.9999448185234292;0.9998953072582167;0.9999021078405432;0.9999034501627097;0.9999754795742865;1.0;0.999972769401387;0.9999558258238121;0.9999793561242099;0.999903034332982;1.000205244809794;1.000224003945456;0.9999625825150416;0.9999754142355725;0.9999699394369926;0.9999999999999999;0.9999398213406067;0.9999400700512475;0.9999589517345331;0.9999808227842745;0.9999362741560598;1.0;1.0;0.9999855127715261;0.999976373336478;0.9999999999999999;0.999978730097237;0.9999587327043323;0.9999668480083742;1.0;1.024999976158142;
2016-05-16 03:00:00;0.9999706788187944;1.0;0.999976332590834;0.9999737324841698;0.9999847800765086;0.9999764951032039;1.0002135677429482;0.9999500953079232;0.9999999999999999;1.0;0.9999787432051194;1.0;1.0000267263389204;0.9999646008573482;0.9999337644667049;0.9999375593498137;0.9999383427060363;0.9999841015284564;1.0;0.9999816530687919;0.9999706141612593;0.9999851097923705;0.9999380891801678;1.0002007790709138;1.000218901816489;0.9999749675366103;0.9999825700763093;0.9999803553158413;1.0;0.9999474194026877;0.9999447980927931;0.9999618815727143;0.9999881887936114;0.9999399248970656;0.9999999999999999;0.9999999999999999;0.9999848781830019;0.9999757387537538;1.0;0.9999867619555999;0.9999724038365462;0.9999775131549481;1.0;1.024999976158142;
2016-05-16 03:15:00;0.9999572261228333;0.9999999999999999;0.9999670978057025;0.9999588841027961;0.9999866079248543;0.9999626027817506;1.0002157889541616;0.9999070749478315;1.0;0.9999999999999999;0.9999681945335656;1.0;1.0000271069788498;0.9999389467625507;0.9998742132056234;0.9998772571701927;0.9998788234982571;0.9999861101591228;1.0;0.9999734672065597;0.9999581544889818;0.9999792052619038;0.9998783768089522;1.0002022469475924;1.0002216569470321;0.9999626277649921;0.9999755623068874;0.999967761548541;1.0;0.9999472645517682;0.999943175426645;0.9999619680748842;0.9999898807914691;0.9999434496403125;1.0;1.0;0.9999846695984614;0.9999751490353298;1.0;0.9999885858841976;0.9999601600169598;0.9999684220296492;1.0;1.024999976158142;
2016-05-16 03:30:00;0.999971446539909;1.0;0.9999759826080841;0.9999727207912404;0.9999878312106273;0.9999748215819614;1.0002116299365587;0.9999409428165213;1.0;1.0;0.9999777698756126;1.0;1.000026957599568;0.999959943467068;0.9999217893002675;0.9999248747545554;0.9999258203755671;0.999987658270307;1.0;0.999981762256207;0.9999728826561641;0.9999847547674188;0.9999255596403378;1.0001987739888467;1.0002169751760974;0.9999758980020153;0.9999826029146415;0.9999785133308083;1.0;0.9999515230850297;0.9999486540673692;0.9999670983855716;0.99999051220486;0.9999553396783409;1.0;1.0;0.9999858064664553;0.9999778738119797;0.9999999999999999;0.9999893773206338;0.9999743712401318;0.9999770202836582;0.9999999999999999;1.024999976158142;
2016-05-16 03:45:00;0.999967361504812;0.9999999999999999;0.9999725017221093;0.9999692887588352;0.999984890644743;0.9999717889509342;1.0002137582607795;0.9999356430464265;1.0;0.9999999999999999;0.9999748691753417;1.0;1.000027113054996;0.9999557389324049;0.9999149593628313;0.9999188368639252;0.9999198588646737;0.9999845966757922;1.0;0.9999791889983898;0.9999687651859328;0.9999826169080439;0.9999195695640809;1.0002007986221844;1.0002191580663173;0.9999725344280085;0.9999801163847092;0.9999760534744192;1.0;0.9999490978037977;0.9999446798651068;0.9999634465262549;0.9999881726647784;0.9999470186302313;1.0;0.9999999999999999;0.9999839742758639;0.9999736597615932;1.0;0.9999867708346843;0.9999705604555925;0.9999737511914742;1.0;1.024999976158142;
2016-05-16 04:00:00;0.9999764011201309;1.0;0.999979962664354;0.9999784700500689;0.9999879742926001;0.9999804188932405;1.000211549121396;0.9999590340461176;1.0;1.0;0.999981655950324;1.0;1.0000266332142782;0.9999712743803012;0.9999472160185955;0.9999497130056493;0.9999502734742031;0.9999874581813395;1.0;0.9999845947095917;0.9999762860812255;0.9999864136819581;0.9999500899332399;1.00019891185864;1.0002167786582348;0.9999795117490913;0.9999845061493271;0.9999837937459309;1.0;0.9999477800604428;0.9999460842239787;0.9999642047297013;0.9999911290430133;0.9999476359819106;1.0;1.0;0.9999849516892282;0.9999754311234108;1.0;0.9999899356275495;0.9999776010661027;0.9999806911600306;1.0;1.024999976158142;
2016-05-16 04:15:00;0.9999614711372018;1.0;0.9999695986487311;0.9999636733452784;0.9999849923874896;0.999967024031826;1.0002144736018117;0.9999214251867876;1.0;1.0;0.9999715245897208;1.0;1.000026984221379;0.999947089410227;0.9998941288553824;0.9998979235880688;0.9998992410604426;0.9999845069226705;1.0;0.999976066788651;0.9999624573764212;0.9999811076200127;0.9998988606561011;1.0002012560434044;1.0002201040613645;0.9999669363957523;0.999977879154009;0.9999717650057196;0.9999999999999999;0.9999449414467233;0.9999441057871563;0.9999658151730397;0.9999883050327876;0.9999585793064052;1.0;1.0;0.9999848841314788;0.9999761575239963;1.0;0.9999869050098459;0.9999644764994567;0.9999709976427941;1.0;1.024999976158142;
2016-05-16 04:30:00;0.99996640135579;1.0;0.9999741357960256;0.9999680893540829;0.9999878842293882;0.9999710774907028;1.000215022578584;0.9999287144397094;1.0;1.0;0.9999757074672555;1.0;1.0000272157642478;0.9999523520450647;0.9999027407554648;0.9999061443784143;0.9999074055909608;0.9999875596145285;1.0;0.9999795307875382;0.9999676390010989;0.999984581914504;0.9999070512541168;1.0002017750599876;1.0002206343823823;0.9999713882167434;0.9999817310667849;0.9999749782871559;1.0;0.9999410158228458;0.9999397193158294;0.9999613323299744;0.9999902521384733;0.9999473948663697;1.0;1.0;0.9999841888093127;0.9999746682507585;0.9999999999999999;0.99998916478875;0.9999693978388663;0.9999754606842098;1.0;1.024999976158142;
2016-05-16 04:45:00;0.9999605034244501;1.0;0.9999682197405556;0.9999628813159201;0.999983276935275;0.9999662088625773;1.0002152687635573;0.9999205090141234;1.0;1.0;0.9999706824816369;1.0;1.0000271531427987;0.9999459038079019;0.9998931936028816;0.99989765303165;0.9998989879887332;0.9999828512060207;1.0;0.9999754098029858;0.9999619180699345;0.9999804716885946;0.9998986071757394;1.000202057360145;1.000220863110717;0.9999665619367207;0.999977251647852;0.9999710932553696;1.0;0.999941371504599;0.9999413611047269;0.9999613073273294;0.9999867519292855;0.9999441255335919;0.9999999999999999;1.0;0.9999854211412929;0.9999762817070822;1.0;0.9999852233506971;0.9999640769046954;0.999969773807317;1.0;1.024999976158142;
2016-05-16 05:00:00;0.9999759104739423;1.0;0.9999801493571668;0.9999781302483897;0.9999880116448814;0.9999802627696691;1.0002118648152385;0.999957979395282;1.0;1.0;0.9999818536786145;1.0;1.0000266396784288;0.9999705842926514;0.9999450003681812;0.9999476562195182;0.9999482718589213;0.999987464884208;1.0;0.9999845867842736;0.9999757624523824;0.999986919998322;0.9999480716648895;1.000199184530271;1.0002171276210756;0.9999791410420378;0.9999848918686884;0.9999835694314347;0.9999999999999999;0.9999456357100955;0.9999442206493813;0.9999642453865737;0.9999909974347654;0.9999514882391163;1.0;1.0;0.9999852012186577;0.999976061786457;0.9999999999999999;0.9999898312840303;0.9999771349835561;0.9999809676386704;1.0;1.024999976158142;
2016-05-16 05:15:00;0.999967529581209;1.0;0.9999749558409656;0.9999697533748425;0.9999871578220665;0.9999727768829939;1.0002131485683914;0.9999355474734074;1.0;0.9999999999999999;0.9999766041937972;1.0;1.0000267866093284;0.9999564239495922;0.9999126198411491;0.9999159054764671;0.9999170040986769;0.9999866309749735;1.0;0.9999800660238298;0.9999679913616148;0.9999846302801193;0.9999166783274439;1.0002001140744583;1.0002186684578245;0.9999720425601626;0.9999817931557583;0.9999767131674706;1.0;0.9999518361921074;0.9999473149355305;0.9999652015624758;0.9999899531349129;0.9999496588364094;1.0;1.0;0.999985219593296;0.999975699024928;1.0;0.9999887612699306;0.9999697446058394;0.9999761755785928;1.0;1.024999976158142;
2016-05-16 05:30:00;0.9999568676176379;0.9999999999999999;0.9999662423527357;0.9999597021115687;0.9999818313291201;0.9999635671727162;1.0002160757157148;0.9999130574034876;1.0;1.0;0.9999691063328588;0.9999999999999999;1.0000272181672243;0.9999406830665669;0.9998815903662682;0.9998869341321538;0.9998884783962525;0.9999813749512658;1.0;0.9999737594088945;0.99995858273218;0.9999802321843719;0.9998880404086947;1.0002027547066947;1.0002217461823384;0.9999638250182117;0.9999766026345862;0.9999686264246858;1.0;0.9999476124666662;0.999943169859886;0.9999639918470407;0.9999851524015059;0.9999523921993857;1.0;1.0;0.9999855127715263;0.9999763733364783;1.0;0.9999835560296548;0.99996103950449;0.999968144049695;1.0;1.024999976158142;
2016-05-16 05:45:00;0.9999620708855368;1.0;0.9999703796657904;0.9999640255834666;0.9999851136420841;0.9999673090350902;1.0002136583458348;0.9999195595366431;1.0;1.0;0.9999727282409285;1.0;1.0000271386447799;0.9999456697659131;0.9998899738655637;0.9998946051446678;0.9998960669689431;0.9999848901441922;1.0;0.9999770423433967;0.9999641737638703;0.9999829834837288;0.9998956669814327;1.0002004688421187;1.0002192378607935;0.9999683988314352;0.9999798571302317;0.9999716197932174;1.0;0.99994755329625;0.999946602520428;0.9999657851471202;0.9999876029330584;0.9999535634168499;1.0;1.0;0.9999850433697409;0.9999755228030508;1.0;0.9999863279554035;0.9999662751217431;0.9999720878187837;0.9999999999999999;1.024999976158142;
2016-05-16 06:00:00;0.9999728943125988;1.0;0.999976663319957;0.9999746258243881;0.9999862001689271;0.9999766240030364;1.0002124146121067;0.9999475465798641;1.0;1.0;0.9999791345516336;1.0;1.0000270887851652;0.9999633274758237;0.9999308124332138;0.9999346584002673;0.9999355039219129;0.9999860379933491;1.0;0.9999827378519801;0.9999745081640675;0.99998561171147;0.9999352702570377;1.0001996550934957;1.0002176584093447;0.9999776929465792;0.9999836142379539;0.9999801577023828;1.0;0.9999543336019407;0.9999498283845857;0.9999659575693215;0.9999889260621876;0.9999480222782589;0.9999999999999999;1.0;0.9999855426800885;0.9999760221086446;1.0;0.9999876834122319;0.9999760971595603;0.9999778472275678;1.0;1.024999976158142;
2016-05-16 06:15:00;0.9999682630865198;1.0;0.9999741470124723;0.9999704121531007;0.9999855864241994;0.9999730797921922;1.0002151505203933;0.9999380455870479;1.0;1.0;0.9999764174588505;0.9999999999999999;1.0000272208309606;0.9999573653076178;0.9999170819259883;0.9999209659270607;0.9999219955169347;0.9999852219882926;1.0;0.9999801768945333;0.9999693994736226;0.999984122450685;0.9999216992806248;1.00020210395994;1.0002206002072607;0.9999732794496927;0.999981555697007;0.9999770664687992;1.0;0.999942214885437;0.9999389311204985;0.9999600621490282;0.9999885523485722;0.9999433466236227;1.0;0.9999999999999999;0.9999842973108919;0.9999739827932891;0.9999999999999999;0.9999872379327094;0.9999711957999061;0.999975444033142;0.9999999999999999;1.024999976158142;
2016-05-16 06:30:00;0.9999642364305134;1.0;0.9999726272770606;0.999967369313612;0.9999852339572756;0.999970919423569;1.0002148510649507;0.9999342888951275;1.0;1.0;0.9999742848574917;0.9999999999999999;1.0000266262561148;0.9999552466043956;0.9999117273628987;0.9999149178019032;0.9999159661364596;0.9999843240915106;1.0;0.9999777991943132;0.9999634884566017;0.9999823567915839;0.9999156267318773;1.0002017412241597;1.000220461091454;0.9999684662925415;0.9999790814434232;0.9999754963789479;1.0;0.9999446516476066;0.999941011352815;0.9999614437901024;0.9999889940496237;0.9999453671858407;1.0;1.0;0.9999854341768699;0.9999767075645876;0.9999999999999999;0.9999875448219158;0.9999654223543143;0.9999737861738416;1.0;1.024999976158142;
2016-05-16 06:45:00;0.9999653944972001;1.0;0.9999741955878586;0.999968698222229;0.9999860054257704;0.9999723312802655;1.000219411850027;0.9999375802743251;1.0;1.0;0.9999756456698323;1.0;1.0000271118057396;0.9999575371107428;0.9999156570192415;0.9999185961690642;0.9999196016485216;0.999984994443231;1.0;0.9999787159185952;0.999964191278441;0.9999833909455469;0.9999192664208583;1.000206040360725;1.0002251422280213;0.9999692316094725;0.9999800950611389;0.9999767108803128;0.9999999999999999;0.9999356536424351;0.9999298224829045;0.9999473981161188;0.9999896470328504;0.9999055307025047;1.0;0.9999999999999999;0.9999840236221162;0.9999748842006784;1.0;0.9999882623464953;0.9999660744312089;0.999975297783974;1.0;1.024999976158142;
2016-05-16 07:00:00;0.9999658596692125;1.0;0.9999737690188039;0.9999680704710106;0.9999872788515201;0.9999712507682708;1.000231727574924;0.9999317480286195;1.0;0.9999999999999999;0.9999751509646604;1.0;1.0000290821611895;0.9999542394908506;0.9999077808077439;0.9999107389518369;0.9999118743095473;0.9999866707686164;1.0;0.9999788879310462;0.9999660210948118;0.9999834623008214;0.9999115331853715;1.0002175382975373;1.0002377502139623;0.9999702102302951;0.9999804548438981;0.999975460637567;0.9999999999999999;0.9999172773337077;0.9999013387754243;0.9999145445603729;0.9999903254005057;0.999817167976927;1.0;1.0;0.9999846695984616;0.9999751490353297;1.0;0.9999891044218858;0.9999677806304279;0.9999749133188063;1.0;1.024999976158142;
2016-05-16 07:15:00;0.9999694563557351;1.0;0.9999744918873908;0.9999715054697143;0.9999860768462848;0.9999739581454569;1.00022365276339;0.9999418244545777;1.0;1.0;0.9999764100699581;1.0;1.000028216538142;0.9999600739725187;0.9999236790605028;0.9999268058655917;0.9999276806464121;0.9999856112940386;1.0;0.9999803497997988;0.9999699794186789;0.9999832388571205;0.9999274180193476;1.0002101413879372;1.0002292917414064;0.9999737145199525;0.9999808058963553;0.9999780886401259;1.0;0.9999208450642998;0.9999175732486778;0.9999389204851122;0.9999895133679584;0.9998922950085072;1.0;1.0;0.9999806829188973;0.9999719563480778;1.0;0.9999881624272079;0.9999716125813273;0.9999754953196468;1.0;1.024999976158142;
2016-05-16 07:30:00;0.9999604479539941;1.0;0.9999692891412694;0.9999630566997603;0.9999848244874365;0.9999666875241483;1.0002205872484957;0.9999216709906686;1.0;1.0;0.9999709978708768;1.0;1.0000275482907284;0.9999473149945628;0.9998945832707017;0.9998980695416007;0.9998993536961798;0.9999841184458929;1.0;0.9999754048659831;0.9999606336539599;0.9999804887479603;0.9998989665863983;1.0002070025578509;1.0002264083425279;0.9999655139737643;0.9999770412597362;0.9999716359657285;1.0;0.9999283238135854;0.9999245252584124;0.999950126645443;0.9999885002996322;0.9999277896479364;0.9999999999999999;0.9999999999999999;0.9999796405398163;0.99996970720356;1.0;0.9999870375413421;0.9999626853670758;0.999970601761017;1.0;1.024999976158142;
2016-05-16 07:45:00;0.9999708798263428;1.0;0.9999756587557231;0.9999736874241714;0.9999838177822286;0.9999761965407853;1.0002257767650748;0.9999491115255495;0.9999999999999999;1.0;0.9999786298428839;1.0;1.0000285429980758;0.9999634995532592;0.999932489908605;0.9999370229450152;0.999937852951134;0.9999833828759532;1.0;0.9999817800167954;0.9999718363997203;0.9999852588059508;0.9999376042434331;1.0002123058793175;1.0002313232870133;0.9999759439279708;0.9999829158440326;0.9999799699832531;1.0;0.9999179467188928;0.9999082178221925;0.9999359137157913;0.9999869883006659;0.9998972246531361;1.0;0.9999999999999999;0.9999798042920301;0.9999702837752196;0.9999999999999999;0.999985535510099;0.9999736968243923;0.9999770277915129;1.0;1.024999976158142;
2016-05-16 08:00:00;0.9999407591304115;1.0;0.9999537542785621;0.9999455987617922;0.9999715463993216;0.9999511166004325;1.0002327460605895;0.9998849726134221;1.0;1.0;0.9999592831647182;1.0;1.0000293153726099;0.9999195376060552;0.9998414738775822;0.9998510899204177;0.999853274859896;0.9999710502049496;1.0;0.9999648418832355;0.9999441760648976;0.9999750795433239;0.9998526656502856;1.0002183997549483;1.000238853170088;0.9999519467871099;0.9999700932555609;0.9999577169173456;1.0;0.9999182564125455;0.9999099385968687;0.9999404519236613;0.9999756160119163;0.999913749762499;1.0;1.0;0.9999803359069024;0.9999711965191687;1.0;0.99997327563993;0.999947965620034;0.9999570087730731;1.0;1.024999976158142;
2016-05-16 08:15:00;0.999904696262365;1.0;0.9999235956378697;0.9999151540978258;0.9999423231581427;0.9999241688891848;1.0002463898449863;0.9998311947847092;1.0;0.9999999999999999;0.9999371920280552;1.0;1.0000311054160158;0.9998754652442734;0.999765416310514;0.9997869179239972;0.9997903652137352;0.9999418269782714;1.0;0.9999446310435343;0.9999128195235844;0.9999628856100922;0.9997894241386872;1.000231489545685;1.000252612881724;0.9999268893434311;0.9999551154953059;0.9999344465339147;1.0;0.9999138347366013;0.9999116841641055;0.999939290349072;0.9999487177844918;0.999905269426041;1.0;0.9999999999999999;0.9999800974665803;0.999970958081026;0.9999999999999999;0.9999442398123242;0.9999200063726691;0.9999303216710336;0.9999999999999999;1.024999976158142;
2016-05-16 08:30:00;0.9998616353313766;1.0;0.999897327341569;0.999869197179243;0.9999483343700081;0.9998822869881728;1.0002734116879244;0.999700156102502;1.0;1.0;0.9999066174450087;0.9999999999999999;1.0000343637388305;0.9997973800522747;0.9995805701383776;0.9995999052531804;0.999605862755408;0.9999478979153833;1.0;0.9999197547614154;0.999871242584813;0.9999472129481934;0.9996042659468438;1.0002549445757063;1.000281894162291;0.9998868961636169;0.999935324501358;0.9998963220440966;1.0;0.9998287231755516;0.9998562883182008;0.9998971791980922;0.9999539893520903;0.9998297221501585;1.0;0.9999999999999999;0.9999803303707446;0.9999716038030017;1.0;0.999949988704584;0.9998793336135773;0.9999047023048605;1.0;1.024999976158142;
2016-05-16 08:45:00;0.9999134758358886;1.0;0.999935110390389;0.9999186871801347;0.9999664939890048;0.9999268531223363;1.0002540060756668;0.999817157408209;1.0;1.0;0.999940776106274;1.0;1.0000318606645429;0.9998761756461542;0.9997459116535194;0.999757456902673;0.9997609807600943;0.999965916595706;1.0;0.9999491671592527;0.9999183199319399;0.9999651182824077;0.9997600138644761;1.0002376530116388;1.0002612532807236;0.999928508420008;0.9999576417349405;0.9999360224050972;1.0;0.9998295349672021;0.9998628156139018;0.9999090277902347;0.9999710660549008;0.9998687000521708;1.0;1.0;0.9999797196484052;0.9999701991324005;0.9999999999999999;0.9999683436980937;0.9999233498103552;0.9999394564278523;1.0;1.024999976158142;
2016-05-16 09:00:00;0.999928392188206;0.9999999999999999;0.9999469190372913;0.9999317457610741;0.9999761186816275;0.999938441891503;1.0002505343860784;0.9998427890734581;1.0;1.0;0.9999502425117809;1.0;1.0000315184256652;0.9998953903007564;0.9997819353799534;0.9997898044178148;0.9997927805926986;0.9999756423978833;1.0;0.9999576623770805;0.9999319432783188;0.999970551688123;0.9997919647679379;1.0002344120370903;1.0002576592035188;0.9999397600518529;0.9999643206875357;0.9999460730840041;1.0;0.9998338205232618;0.9998683362743311;0.9999158362301025;0.9999797160443573;0.9998876500617859;1.0;0.9999999999999999;0.9999790059575839;0.9999690726276315;1.0;0.9999777262122952;0.9999357742426124;0.9999501237999951;0.9999999999999999;1.024999976158142;
2016-05-16 09:15:00;0.9999238755687896;1.0;0.9999422466709013;0.9999292416297787;0.999967536650885;0.9999364659084949;1.0002469058731898;0.9998446951353918;1.0;1.0;0.9999482062779528;0.9999999999999999;1.0000310155740768;0.999893355696947;0.999784355328356;0.9997956214946531;0.9997986265471905;0.9999669791653043;1.0;0.9999552971900367;0.9999282602992324;0.9999692969546822;0.9997977974377541;1.0002313084178327;1.000253703103398;0.9999377180507477;0.9999627553722173;0.9999446150687138;1.0;0.9998497339073711;0.9998811378604505;0.9999254695750445;0.9999719032298813;0.9999047004886912;1.0;1.0;0.9999800188211067;0.9999712922560824;0.9999999999999999;0.9999692732357117;0.9999329102265642;0.9999462937038371;1.0;1.024999976158142;
2016-05-16 09:30:00;0.9999367279151968;1.0;0.9999490938733466;0.9999412783744018;0.9999699188841131;0.9999467477383116;1.0002488601013362;0.9998756933796216;0.9999999999999999;1.0;0.9999546683793779;0.9999999999999999;1.0000314162376418;0.9999135175251326;0.999831067761584;0.9998405721912215;0.9998428116846361;0.9999694625116954;1.0;0.9999615123184674;0.9999403970823022;0.9999710585396792;0.9998421909250435;1.0002335119472174;1.0002553831105367;0.9999482426054708;0.9999659496328088;0.9999541801510489;1.0;0.9998362228611184;0.999870180446198;0.999917000885071;0.9999748224027128;0.9998890354255847;1.0;1.0;0.9999804150145247;0.9999716884460431;1.0;0.9999722632411939;0.999944259547537;0.9999522615005609;1.0;1.024999976158142;
2016-05-16 09:45:00;0.9999090371590482;1.0;0.9999334835583259;0.9999111162705383;0.9999761587268717;0.9999193094371155;1.00025205166908;0.9997850482329732;1.0;1.0;0.99993587385914;1.0;1.000031861588795;0.9998599818253374;0.999701324749682;0.99970937098342;0.9997134519838297;0.9999759352309815;1.0;0.9999462316850938;0.9999143343553791;0.9999628708099564;0.9997123634265724;1.0002350803184352;1.0002597939097366;0.9999227965997904;0.9999550426185115;0.9999287137481053;0.9999999999999999;0.9998276191447972;0.9998661609660268;0.9999178699228368;0.9999795671105906;0.9999007480165558;1.0;1.0;0.9999787366448499;0.9999676282321683;0.9999999999999999;0.9999776077511671;0.9999187262113797;0.9999372150667145;1.0;1.024999976158142;
2016-05-16 10:00:00;0.9999389806272337;1.0;0.9999533858680919;0.9999443060489012;0.9999721447751413;0.9999503025684024;1.0002487617143951;0.9998839967188964;1.0;1.0;0.9999581923870269;1.0;1.000030969553566;0.9999194410311472;0.9998403977576423;0.9998490559308918;0.9998511966950689;0.9999712563934704;1.0;0.9999636277048805;0.9999408645582014;0.9999738598733768;0.9998505716039635;1.0002334066427068;1.0002553723734542;0.9999491935472379;0.9999684746567292;0.999957272376838;1.0;0.9998233012622794;0.9998661213875514;0.999916983502566;0.9999768114936802;0.999897029480769;1.0;1.0;0.9999803359069023;0.9999711965191684;1.0;0.9999744244187451;0.9999446286347674;0.999956393299143;1.0;1.024999976158142;
2016-05-16 10:15:00;0.9999460814254806;1.0;0.9999572148102547;0.9999505953989678;0.9999753479643468;0.9999555632064311;1.0002540680930943;0.9998999257284883;1.0;1.0;0.9999608941763249;1.0;1.0000315765327352;0.9999307834283319;0.9998657535493423;0.9998720708693134;0.9998737174470984;0.9999743692054222;1.0;0.9999665339006056;0.9999466889643095;0.9999735013021492;0.9998732159385195;1.000238524014021;1.00026071808733;0.9999539354988861;0.9999688751816372;0.999962379118798;0.9999999999999999;0.9998114799466614;0.9998474005543119;0.9998972773490843;0.9999807167367135;0.9998474358884037;1.0;0.9999999999999999;0.999979261289467;0.9999697407778263;1.0;0.9999784268892239;0.9999497907166783;0.9999593316433147;1.0;1.024999976158142;
2016-05-16 10:30:00;0.9999547030195735;1.0;0.9999645532329058;0.9999581844957751;0.9999798748251144;0.9999623687921054;1.0002624464134071;0.9999122803279413;1.0;1.0;0.999967789135842;1.0;1.000033016557428;0.9999395776137924;0.9998807446556539;0.9998865529805356;0.9998880956460384;0.9999792591663338;1.0;0.9999724223682442;0.9999560766218303;0.999979146798755;0.9998876469116131;1.000246430979046;1.0002692083384364;0.999961932138849;0.9999752751389068;0.9999677682771011;1.0;0.999772732462747;0.9998156226970308;0.9998754537167196;0.9999836576480554;0.9998144901086077;1.0;0.9999999999999999;0.9999811058176361;0.9999719664228657;1.0;0.9999818742164228;0.9999587312667372;0.9999665651430653;1.0;1.024999976158142;
2016-05-16 10:45:00;0.9999624785963283;1.0;0.9999676106030507;0.9999651167507438;0.9999799782559733;0.9999679167056401;1.0002558279888436;0.9999288211951449;0.9999999999999999;1.0;0.9999713890315102;1.0;1.00003260571255;0.9999497203123392;0.9999059857312078;0.9999117751223372;0.9999129391211865;0.9999797654954238;1.0;0.9999762195021079;0.9999648729158473;0.9999803770252303;0.9999126181833604;1.0002404668364249;1.0002621410069361;0.9999694267391381;0.9999776180083133;0.9999727750169487;1.0;0.9997974961486791;0.9998380629949698;0.9998892961854484;0.9999837331553697;0.9998310416947331;1.0;1.0;0.9999813317355863;0.9999726051591048;1.0;0.9999819599069358;0.9999671596313622;0.9999693669038516;0.9999999999999999;1.024999976158142;
2016-05-16 11:00:00;0.9999586455861398;1.0;0.9999661346916816;0.9999619628709447;0.9999786131059136;0.9999654901153685;1.0002620340933737;0.9999214000738817;0.9999999999999999;0.9999999999999999;0.9999703180799264;1.0;1.0000333031543145;0.9999444986162035;0.9998936068981348;0.999900407970245;0.9999018167430095;0.9999783099664136;1.0;0.9999747638246947;0.9999611879071216;0.9999808190335051;0.9999014251186576;1.0002462336457443;1.0002685712385595;0.9999665320907187;0.9999775347105975;0.9999704216791734;0.9999999999999999;0.9997854632105079;0.9998212826192143;0.99987577297508;0.9999820619878881;0.9998048020994149;1.0;1.0;0.9999776984396949;0.9999669711715379;1.0;0.99998024745094;0.9999638269878489;0.9999683128684381;1.0;1.024999976158142;
2016-05-16 11:15:00;0.9999268910531179;1.0;0.9999337103052476;0.9999308568578504;0.9999617175710019;0.9999354445924932;1.0002655388613142;0.9998596370452142;0.9999999999999999;1.0;0.999940280314127;1.0;1.0000336887493744;0.9999018061407274;0.9998199777255784;0.9998293770436044;0.9998313890760874;0.999961373052017;1.0;0.9999515229381383;0.9999312066327235;0.9999564865386171;0.9998308359569829;1.0002493565426034;1.0002723115372296;0.9999392198635485;0.9999515522801388;0.9999458270325976;1.0;0.9998067609218821;0.999838112877014;0.9998851406091018;0.9999704284230794;0.9998126665004248;1.0;1.0;0.9999801541467762;0.9999714275805712;1.0;0.9999668197331297;0.9999352471281592;0.9999363684530705;1.0;1.024999976158142;
2016-05-16 11:30:00;0.9999261194131115;1.0;0.9999343325277852;0.9999324398919954;0.9999556864790299;0.9999378293436347;1.0002683554437721;0.9998697328729335;1.0;0.9999999999999999;0.9999431819456159;1.0;1.0000339009722747;0.9999054026132838;0.9998304974656408;0.9998431701385889;0.9998452040941896;0.9999551504719426;1.0;0.9999525880360866;0.9999307218086008;0.9999598404399697;0.9998446317862606;1.0002523045569434;1.0002749841139098;0.9999403764884787;0.9999545659104626;0.9999478190848068;1.0;0.999787449999494;0.9998313999235321;0.9998847252132647;0.9999641272513324;0.9998239915177121;1.0;1.0;0.9999812287168093;0.999972883277242;1.0;0.999960184017562;0.999935490127212;0.9999379195543738;0.9999999999999999;1.024999976158142;
2016-05-16 11:45:00;0.9999018238940292;1.0;0.9999185581136362;0.999910736340884;0.9999442557630475;0.9999191135520008;1.0002925244060452;0.999820393422705;1.0;1.0;0.999930611970425;1.0;1.000036994053208;0.9998702445034549;0.9997564537334295;0.9997752423288861;0.9997785541930171;0.9999437504101294;0.9999999999999999;0.9999405184857831;0.9999092315553187;0.9999557258871236;0.9997776480781434;1.000274734303644;1.0002999786231763;0.9999224555294048;0.9999481080709224;0.9999307108854281;1.0;0.999735824020897;0.9997768545598574;0.9998545006802873;0.9999522722165763;0.9997985285332144;1.0;1.0;0.9999795672856358;0.9999692528168216;1.0;0.999947681328574;0.9999159481802565;0.9999243594991112;1.0;1.024999976158142;
2016-05-16 12:00:00;0.9999405729809238;1.0;0.9999516344754131;0.9999463973280319;0.9999663501265045;0.9999517509946672;1.000274521615128;0.9998928046474667;0.9999999999999999;1.0;0.9999587769469389;0.9999999999999999;1.0000347166005203;0.9999225086788082;0.9998537551467126;0.9998650666840302;0.9998670711491042;0.9999658539347107;1.0;0.9999643412526914;0.9999444338026705;0.9999739267138164;0.9998665093851131;1.0002579972033805;1.0002813793703347;0.9999528023806268;0.9999691214214375;0.9999586620895949;1.0;0.9997642892588976;0.9997875595453316;0.9998561914856389;0.9999712146631651;0.9997845619544645;1.0;1.0;0.999980555827024;0.9999714164372804;1.0;0.9999684400988592;0.9999485452877471;0.9999551753676739;1.0;1.024999976158142;
2016-05-16 12:15:00;0.9999446157021908;1.0;0.999956291303353;0.9999491802882955;0.9999727734829373;0.9999542572409007;1.0002685541630543;0.9998933436371478;1.0;1.0;0.9999615840892498;1.0;1.0000339489286085;0.9999251655241815;0.9998535844561036;0.9998626338678004;0.9998646344426262;0.9999723063730926;1.0;0.9999669265675271;0.9999478150935283;0.9999761662440341;0.9998640757406032;1.0002521674319194;1.0002754424954348;0.9999550950295969;0.9999715535426683;0.9999605299446773;0.9999999999999999;0.9997813442047546;0.9998027627171204;0.999861559201661;0.9999767918644283;0.9997785162756786;1.0;0.9999999999999999;0.9999805558270239;0.99997141643728;0.9999999999999999;0.9999745367664893;0.9999513642195157;0.9999593131676043;1.0;1.024999976158142;
2016-05-16 12:30:00;0.999950502270976;1.0;0.9999596334111036;0.9999560374865195;0.9999696448453533;0.9999606212852469;1.0002664853473193;0.9999145266308892;0.9999999999999999;1.0;0.9999664537471468;0.9999999999999999;1.0000337798101047;0.9999368386890665;0.9998827699853152;0.9998933502456591;0.9998950028666878;0.9999692191219026;1.0;0.9999706452707641;0.9999539994232743;0.9999790899164999;0.9998945385409962;1.000250612890687;1.000272993026009;0.9999614137506816;0.9999750690567482;0.9999662797545291;1.0;0.9997742347527304;0.9998204299536367;0.9998767767397646;0.9999736908413955;0.9998109449760236;1.0;1.0;0.9999807998210013;0.9999724543850134;1.0;0.9999712363614991;0.999957654782793;0.9999628819047917;0.9999999999999999;1.024999976158142;
2016-05-16 12:45:00;0.9998346078311127;1.0;0.9998782333741616;0.9998574536247284;0.9999145423735141;0.9998766616470619;1.000302286124789;0.9997430076924267;0.9999999999999999;1.0;0.9998921847692289;1.0;1.0000332969976622;0.9998144197274427;0.9996473799905767;0.9996705077890269;0.9996749934679136;0.9999091363582359;0.9999999999999999;0.9999014963668204;0.9998291797214138;0.999928744146572;0.9996734352322642;1.0002835090637578;1.000311214795673;0.9998578423128288;0.9999124653640997;0.9998968859938243;1.0;0.9997649991359536;0.9997946403961837;0.9998458271910861;0.9999320252537935;0.999726500531099;1.0;1.0;0.9999814049915551;0.9999730595505166;1.0;0.9999242484266909;0.9998401313945667;0.9998857800662628;0.9999999999999999;1.024999976158142;
2016-05-16 13:00:00;0.9998303575581663;1.0;0.9998705835572467;0.9998524627085466;0.9999035066384611;0.9998707931314261;1.0003167089052554;0.9997248594066002;1.0;1.0;0.9998905214381478;1.0;1.0000372202476573;0.9997973633383543;0.999618695164185;0.9996505083399624;0.9996558111706405;0.9999001350002278;1.0;0.99990075558723;0.9998343879036812;0.9999320428300801;0.9996541807182409;1.0002973390467058;1.000325391039388;0.999862287305963;0.9999166228403903;0.9998902352180964;1.0;0.99976154563718;0.9997820537616839;0.9998334722200577;0.9999180391489174;0.9996972429785911;1.0;1.0;0.9999801890968611;0.9999710497104691;1.0;0.9999099978668797;0.9998466084850375;0.9998806318593105;1.0;1.024999976158142;
2016-05-16 13:15:00;0.9998113380889205;1.0;0.9998509125631176;0.9998332294413312;0.9998893313352354;0.99985187377872;1.0003238364995652;0.9996776942848373;1.0;0.9999999999999999;0.9998757907278208;1.0;1.0000395077105815;0.9997624304959034;0.999554284506047;0.9995933678472575;0.9995997263825558;0.9998873368232188;1.0;0.9998894213398862;0.9998227931659798;0.9999244387119017;0.9995979149297652;1.0003040052225798;1.0003324676769731;0.9998515433394207;0.999908540336566;0.9998730604715612;1.0;0.9997640167530291;0.9997728396162334;0.999829410762249;0.9999035939695454;0.9996970184865397;1.0;0.9999999999999999;0.9999806857629798;0.9999723403279439;0.9999999999999999;0.9998947171198139;0.9998366087289251;0.9998630870649062;1.0;1.024999976158142;
2016-05-16 13:30:00;0.9998619021227085;1.0;0.999888371829566;0.9998787405278602;0.9999102529736349;0.9998919828706305;1.000320118139246;0.9997668673239619;0.9999999999999999;1.0;0.9999104533783765;1.0;1.0000404096949969;0.9998239390251158;0.9996753950823203;0.9997093907918662;0.9997142568764652;0.9999095653000601;1.0;0.999920201578952;0.9998744555815937;0.9999474455500642;0.9997129293825396;1.0003010658090288;1.0003279570829944;0.9998958334018203;0.999936280922618;0.9999068661650171;1.0;0.9997428096084855;0.9997451856438199;0.9998064176952212;0.9999197034532308;0.9996512503804491;0.9999999999999999;1.0;0.9999794756554032;0.9999691611875343;1.0;0.9999128074854293;0.9998854097268396;0.9998987516810997;1.0;1.024999976158142;
2016-05-16 13:45:00;0.9998694134725141;1.0;0.9998953545546629;0.9998849710868027;0.9999177608751715;0.999897606532037;1.0003131768735154;0.9997767746944451;1.0;0.9999999999999999;0.9999151721562044;1.0;1.0000393915317185;0.9998329366987895;0.9996891398930796;0.9997199937762362;0.9997246142878595;0.9999169645072874;0.9999999999999999;0.9999244763498376;0.9998804516934819;0.9999500994854019;0.9997233437344271;1.0002944060180061;1.0003209774135666;0.9999005018522618;0.9999393964293205;0.999911688608444;1.0;0.9997340488984185;0.9997396778649223;0.999821774885442;0.9999266966581688;0.999727954560982;1.0;0.9999999999999999;0.9999797012734593;0.9999705618915258;1.0;0.9999203378926617;0.9998906036739448;0.9999048740639519;1.0;1.024999976158142;
2016-05-16 14:00:00;0.9998590663264723;0.9999999999999999;0.9998882046795515;0.9998738386711323;0.9999164384428186;0.9998872142920596;1.000303092256016;0.9997429672332083;1.0;1.0;0.9999085710844338;1.0;1.0000385668825083;0.9998112715383153;0.9996399280996348;0.9996726277905906;0.9996780516371896;0.9999161644057113;1.0;0.9999192073688178;0.9998728672861683;0.9999481823607884;0.9996766065071581;1.0002845313597402;1.0003108766808293;0.9998931111859019;0.9999367436160913;0.9999017572319236;1.0;0.9997603211871402;0.9997688925742477;0.9998457814542144;0.9999242655689926;0.9997751990046955;0.9999999999999999;1.0;0.999979416494977;0.9999710710705338;1.0;0.9999179848640408;0.999883562284489;0.9998985805706185;1.0;1.024999976158142;
2016-05-16 14:15:00;0.999880869912581;1.0;0.9998999938973663;0.9998918292648695;0.9999298449826131;0.9999017724324595;1.0002992308347527;0.999783627580382;1.0;1.0;0.999915746429655;0.9999999999999999;1.0000380004980478;0.9998423655159789;0.999706871346152;0.9997310310935347;0.9997350548464351;0.9999294805670208;0.9999999999999999;0.9999278277429995;0.9998910417828722;0.9999463993862693;0.9997339714593872;1.0002810603818202;1.0003068055419317;0.9999070743531933;0.9999373788594383;0.9999158312094181;1.0;0.9997686078955621;0.9997734986113223;0.9998449758391571;0.9999394606497308;0.9997628072932093;1.0;1.0;0.9999788494176358;0.9999697100434878;1.0;0.9999337505771824;0.9998993841878194;0.9999073430446764;1.0;1.024999976158142;
2016-05-16 14:30:00;0.9998695113474523;1.0;0.9998851793446234;0.9998814010543615;0.9999195536646348;0.9998912727018703;1.0002924257503436;0.9997717157533101;1.0;1.0;0.9999024662695771;1.0;1.0000368957979728;0.999832373683841;0.9996994940929477;0.9997244547823538;0.9997282567563972;0.9999189257155526;1.0;0.9999177569585784;0.9998793597386798;0.9999331767887941;0.9997272132001352;1.0002748904541041;1.0002996948862646;0.9998967609626255;0.9999238454708101;0.9999082527701996;0.9999999999999999;0.9997686243559922;0.9998099873385775;0.9998767671818874;0.9999330799141046;0.9998308383008914;0.9999999999999999;1.0;0.9999790077791;0.9999710751785567;0.9999999999999999;0.9999261780174351;0.9998882128536284;0.999892318090475;0.9999999999999999;1.024999976158142;
2016-05-16 14:45:00;0.9998525869752093;1.0;0.9998762541294373;0.9998691058141627;0.9999087665854088;0.9998821571072117;1.0002977143413516;0.9997556092932363;0.9999999999999999;1.0;0.999895824875772;1.0;1.0000365339631387;0.9998185426909446;0.9996727541731603;0.9997016862241915;0.9997059751145722;0.9999070908420132;1.0;0.9999095779849487;0.9998606363886547;0.9999305629550533;0.9997047300983736;1.0002799035601164;1.0003052716513674;0.9998826188726033;0.9999189345485939;0.9999005993731327;1.0;0.9997827511627462;0.9998148963016027;0.9998658289613745;0.9999235243041922;0.9997737697004461;1.0;0.9999999999999999;0.9999784757030893;0.9999693363323569;1.0;0.9999157812114352;0.9998710840251877;0.9998847400024019;0.9999999999999999;1.024999976158142;
2016-05-16 15:00:00;0.9999117013360395;1.0;0.9999302247521032;0.9999211475480426;0.999953571361738;0.9999297757876077;1.0002822454522;0.99984761429827;1.0;1.0;0.9999385955140713;1.0;1.000034485779177;0.9998910933926634;0.999793746246673;0.9998072201753726;0.9998098657613118;0.9999518832153136;1.0;0.9999462950120382;0.9999132432839529;0.9999593164945207;0.999809051887744;1.0002650215942457;1.000289707503311;0.9999264319582476;0.9999516215405103;0.9999406328921376;1.0;0.9997671543167423;0.9997980469911938;0.999855007968051;0.999962237767474;0.9997595813154592;1.0;1.0;0.999979495603213;0.9999715629987999;1.0;0.9999581311496507;0.9999189592571006;0.999934506796091;0.9999999999999999;1.024999976158142;
2016-05-16 15:15:00;0.9999382502542574;0.9999999999999999;0.9999540878845995;0.999942920203854;0.999979606848531;0.9999491836218003;1.000272780654819;0.9998823456925758;1.0;1.0;0.9999548202922443;1.0;1.000033016879217;0.9999223667702025;0.9998426220202221;0.9998453031060818;0.9998470744788002;0.9999777271638932;0.9999999999999999;0.9999611683750408;0.9999351259088791;0.9999683174470215;0.9998464770035703;1.0002556961620424;1.0002803996905285;0.9999433480124055;0.9999624417163255;0.9999572984565658;1.0;0.9997753161378986;0.9997918203198307;0.99983526052066;0.9999863757752053;0.9996859846073389;0.9999999999999999;1.0;0.9999783970568631;0.9999696705059917;1.0;0.9999841504996779;0.9999380028253576;0.9999553598475975;1.0;1.024999976158142;
2016-05-16 15:30:00;0.9999541547455464;1.0;0.9999667177167121;0.9999583054951485;0.9999836763040001;0.9999632657874562;1.0002570720847808;0.9999155914923873;1.0;1.0;0.9999677658578292;0.9999999999999999;1.0000314464225555;0.999943593434505;0.9998857224454667;0.99988854674674;0.9998898877348286;0.9999821995386884;1.0;0.9999717881977213;0.9999518005551696;0.999977983194727;0.9998894316494443;1.0002412290309017;1.000263985255224;0.9999583777594151;0.9999734760133141;0.9999690731999482;0.9999999999999999;0.9997926807614406;0.9998259365074204;0.9998795085771163;0.9999884699111474;0.999811827578418;1.0;1.0;0.9999787845553471;0.999969645181792;1.0;0.9999867780559044;0.9999541255019995;0.9999679325403632;1.0;1.024999976158142;
2016-05-16 15:45:00;0.9999598337999517;1.0;0.9999680136888902;0.9999635248364424;0.9999837303340077;0.999967358290084;1.0002608429252764;0.999931702045063;1.0;1.0;0.9999688292909332;1.0;1.0000319318810893;0.9999539679035423;0.9999125356774277;0.9999139985557006;0.9999148071582779;0.999982222891058;1.0;0.9999734674663115;0.9999567221639437;0.9999760272539836;0.9999144888818043;1.0002450204883158;1.0002676496012586;0.9999625031978253;0.9999723338147523;0.9999733678751201;1.0;0.999783768392558;0.9998181412119063;0.9998736449951853;0.9999897487001989;0.9998018922965031;0.9999999999999999;0.9999999999999999;0.9999801104514882;0.9999713838856645;1.0;0.999987885497603;0.9999585899625545;0.9999685202195653;1.0;1.024999976158142;
2016-05-16 16:00:00;0.9999361538628208;1.0;0.9999523228428332;0.9999424129383446;0.999976673561605;0.9999492234381264;1.0002652566543215;0.9998900403812737;1.0;1.0;0.9999530584769252;1.0;1.000031386918337;0.9999265780216341;0.9998553424232153;0.9998575368049686;0.9998590059420195;0.999974107494633;1.0;0.9999591740289901;0.999930604873382;0.9999653434562703;0.9998584398009026;1.0002487768218482;1.0002726912089253;0.9999401478055524;0.9999590459005183;0.9999581909592169;1.0;0.999782973793535;0.9998224498470664;0.999874618999275;0.9999852127774598;0.999797886620833;1.0;0.9999999999999999;0.999980555827024;0.9999714164372804;1.0;0.9999825543452031;0.9999336210381947;0.9999533029998701;1.0;1.024999976158142;
2016-05-16 16:15:00;0.9999437795809192;1.0;0.9999545590786981;0.9999487745542185;0.9999770402769457;0.9999539739713197;1.0002610465862596;0.9999043957837536;0.9999999999999999;1.0;0.9999557265744075;1.0;1.0000313847742783;0.9999355299736576;0.9998784842147155;0.9998804147756968;0.9998815052583486;0.9999749798396617;0.9999999999999999;0.9999625184417029;0.9999395321540602;0.9999656265597385;0.9998810741094081;1.0002450570315133;1.0002680883542159;0.9999474799155729;0.9999605599536631;0.9999625334299697;1.0;0.9997756601211871;0.9998279347755622;0.9998900454299119;0.9999856617826387;0.9998543073818905;1.0;1.0;0.999980770356641;0.9999724249208989;1.0;0.9999830134278767;0.9999421072296198;0.9999551873067501;1.0;1.024999976158142;
2016-05-16 16:30:00;0.9999289866692814;0.9999999999999999;0.9999443615629937;0.9999336436484869;0.9999740005398907;0.9999400980974716;1.000261149659304;0.9998621722830544;1.0;1.0;0.9999463464949463;1.0;1.0000317607238975;0.9999081026865341;0.9998173739273125;0.9998217155091677;0.999823775770755;0.9999723629162887;1.0;0.999954720167731;0.9999275030086016;0.999962105967752;0.99982311931969;1.0002447073255616;1.0002684857255253;0.9999363103603626;0.9999558632712686;0.9999495808676356;1.0;0.9997935086524079;0.9998323132821825;0.9998878108747198;0.9999817868835713;0.9998357797569926;1.0;1.0;0.9999798365990805;0.9999706972159103;1.0;0.9999790696611137;0.999930897623902;0.9999460618880357;1.0;1.024999976158142;
2016-05-16 16:45:00;0.9999352315375293;0.9999999999999999;0.9999479740458942;0.9999420030193874;0.999967967325428;0.999948198402297;1.0002715927900578;0.9998916059137508;1.0;0.9999999999999999;0.9999523746410001;0.9999999999999999;1.0000330298365683;0.9999237778646095;0.9998576126064347;0.9998645151108393;0.9998660972859866;0.9999661780404964;1.0;0.9999588866959881;0.9999336442399003;0.9999656755420618;0.9998655558838246;1.0002551128262123;1.0002787254509147;0.9999433272286127;0.9999599540690612;0.9999570665843823;1.0;0.999779825561378;0.9998160884365523;0.9998683323704651;0.9999761380279298;0.9997828153663357;1.0;1.0;0.999980306511702;0.999972373900856;1.0;0.9999729928294612;0.9999373835456911;0.9999501165038063;1.0;1.024999976158142;
2016-05-16 17:00:00;0.999879844260116;0.9999999999999999;0.9998988984683418;0.9998850387129252;0.9999539360709838;0.9998939511211797;1.0002759635243497;0.9997573818109404;1.0;1.0;0.9999032055252377;1.0;1.0000335265280762;0.9998380212077593;0.9996850542948789;0.9996926898389797;0.9996961053874653;0.999952249487701;1.0;0.9999207437055678;0.9998809876556765;0.9999296690696654;0.9996950892165537;1.0002580090141429;1.000284186843682;0.9998937167593955;0.9999203629990159;0.9999108637396117;1.0;0.999788269402051;0.9998341029595381;0.9998883291416276;0.999967767988729;0.9998348853706815;1.0;1.0;0.9999803795527273;0.9999712401645946;1.0;0.9999629506968427;0.9998864465671442;0.9999015255945508;1.0;1.024999976158142;
2016-05-16 17:15:00;0.999916737633645;1.0;0.9999330085881208;0.9999242755464659;0.9999615712845343;0.9999319443115314;1.0002688270067313;0.9998531256800135;1.0;1.0;0.9999378740254218;1.0;1.0000323534358486;0.9998983920969262;0.9998068908152082;0.9998148356548924;0.9998169919360791;0.9999595017070065;1.0;0.9999469202955222;0.9999152288870142;0.9999554273737203;0.9998162799587157;1.0002522099295248;1.0002761942482123;0.999926879608236;0.9999482002008238;0.999943293250239;1.0;0.9997696720530169;0.9998257483401662;0.999887037753921;0.999971661100021;0.9998457127555465;1.0;1.0;0.9999798126887666;0.9999714672610168;1.0;0.9999678496641569;0.9999197973173031;0.9999355646334309;0.9999999999999999;1.024999976158142;
2016-05-16 17:30:00;0.9999238499288581;1.0;0.9999375546609366;0.9999299112312147;0.9999656809841021;0.9999365101220687;1.0002774608932326;0.9998618707361334;1.0;1.0;0.9999417099054505;1.0;1.000033832504178;0.9999051153393587;0.9998196609267636;0.9998264005740943;0.999828375671919;0.9999639820768089;0.9999999999999999;0.9999508370893335;0.9999229844111847;0.9999577458073268;0.9998277373122877;1.000260343768706;1.0002849560844658;0.9999330294280682;0.9999513566104025;0.9999470776515369;1.0;0.9997612164553509;0.9998059585381566;0.9998599857233464;0.9999750239338426;0.9997667215155753;1.0;0.9999999999999999;0.9999797688293209;0.9999698354917905;1.0;0.9999715719076191;0.9999269944967101;0.9999397106534549;0.9999999999999999;1.024999976158142;
2016-05-16 17:45:00;0.9999200111588304;1.0;0.9999338938517192;0.9999263001070149;0.9999644322276071;0.9999331304851493;1.0002826380450502;0.9998562505192276;0.9999999999999999;1.0;0.9999377926313452;1.0;1.0000342601492596;0.999901570783668;0.9998140752321555;0.9998202459553713;0.9998221903780162;0.9999625004509426;1.0;0.9999477082980268;0.9999183282656627;0.9999539719116778;0.9998215437578785;1.000265183206097;1.0002903252910496;0.9999288458549737;0.9999472833062047;0.9999445683624787;1.0;0.9997751539746813;0.9998033839811;0.9998559259770436;0.9999748748629375;0.9997542475985274;1.0;1.0;0.9999818578175881;0.999973925194436;1.0;0.9999711871448415;0.9999223958807288;0.9999358264911219;1.0;1.024999976158142;
2016-05-16 18:00:00;0.9998922545956093;1.0;0.9999183045635819;0.999897502440141;0.9999666959157562;0.9999073858906715;1.0002826034732644;0.9997739896684614;1.0;1.0;0.9999203475356218;1.0;1.0000341523099971;0.9998516441475909;0.9996950013753177;0.9997013937738622;0.99970508726679;0.9999648254276965;0.9999999999999999;0.9999328765369984;0.9998920745958412;0.9999468582827442;0.9997039851344306;1.000263942995021;1.0002912776146697;0.9999041746710031;0.9999373367942874;0.9999207361608963;1.0;0.9997655696751662;0.9997965083905761;0.9998696936652491;0.9999759044037481;0.9998270000801643;1.0;1.0;0.9999794867433685;0.99996955340864;0.9999999999999999;0.9999725332960905;0.9998970503147125;0.9999212062162166;0.9999999999999999;1.024999976158142;
2016-05-16 18:15:00;0.9998248641793971;1.0;0.9998733859016862;0.999828782794582;0.9999629991631567;0.9998449798081082;1.0002895885782936;0.9995932004128891;1.0;1.0;0.9998726438289463;1.0;1.000034538900578;0.9997398007204384;0.9994419631802984;0.9994491298255155;0.9994562363969585;0.9999609355987973;1.0;0.9998933403495355;0.9998271196433148;0.9999204529802299;0.9994542234794249;1.0002681975175818;1.0003003811368425;0.9998437435496926;0.9999047349183411;0.9998648641915102;0.9999999999999999;0.9997670904234692;0.9998037792298944;0.999866625423128;0.9999731691326975;0.9997997662960634;1.0;1.0;0.9999870163789484;0.9999794648531666;0.9999999999999999;0.9999694324570424;0.9998343759068865;0.9998780079954942;1.0;1.024999976158142;
2016-05-16 18:30:00;0.9998590497043183;1.0;0.9998970426350989;0.9998646547596142;0.9999648645262086;0.999878084963802;1.0002780897307948;0.9996922475386795;1.0;1.0;0.9998970601791988;0.9999999999999999;1.0000327297020912;0.9998014815762699;0.9995812451816153;0.9995868864551933;0.9995920232129799;0.9999622984895402;0.9999999999999999;0.9999130805244476;0.9998577086607824;0.9999328496285729;0.9995904929151723;1.0002586141848973;1.0002876796698335;0.9998728560316186;0.9999199502235652;0.9998949968467568;1.0;0.9997882516888236;0.9998272250233492;0.9998776334679673;0.9999755929274934;0.9998022025628372;1.0;1.0;0.9999853774923957;0.9999762380585842;0.9999999999999999;0.9999718915934973;0.99986375128392;0.9999004085710472;1.0;1.024999976158142;
2016-05-16 18:45:00;0.9998369812659345;1.0;0.999883678413064;0.9998413585622664;0.9999654707501564;0.999856913852176;1.0002774581230989;0.9996241920588669;1.0;0.9999999999999999;0.9998830562850591;1.0;1.000032967723095;0.999759400042767;0.9994826322120189;0.9994896370984806;0.9994962787466742;0.9999633506076263;1.0;0.9999014471478026;0.9998384979894652;0.9999277282817453;0.9994943840851988;1.0002570896165612;1.0002877205350753;0.9998545188059835;0.9999128290768077;0.9998751780330026;1.0;0.9997950399356149;0.9998411828029863;0.9998939806457623;0.99997467500691;0.9998461322251359;1.0;0.9999999999999999;0.9999862211331839;0.9999782884754189;1.0;0.9999712281785899;0.9998453831811568;0.9998881490856203;0.9999999999999999;1.024999976158142;
2016-05-16 19:00:00;0.9998840615024609;0.9999999999999999;0.9999146190378149;0.9998888871433725;0.9999692492746307;0.999899844356347;1.0002855563003556;0.9997485410030996;1.0;1.0;0.9999153545809912;1.0;1.0000343378485088;0.999836967480435;0.9996579406210446;0.9996634898504189;0.999667706766857;0.9999672485826836;1.0;0.9999285462112245;0.9998835765262557;0.9999448681105052;0.9996664579068806;1.0002662708038303;1.0002946967563984;0.9998961250892824;0.999934359336079;0.9999137464990417;0.9999999999999999;0.9997558409536332;0.9998003214879598;0.9998629306568104;0.9999780721538551;0.9997909828600907;1.0;1.0;0.9999864410562567;0.999978508396747;1.0;0.9999749142612636;0.9998886874167497;0.9999176057284463;1.0;1.024999976158142;
2016-05-16 19:15:00;0.9998882432567924;0.9999999999999999;0.9999120302424072;0.9998957266653321;0.9999548836961826;0.9999057575225498;1.0002938823537608;0.9997804774353393;1.0;1.0;0.9999178644364484;1.0;1.0000357713658719;0.9998511973527499;0.9997051574670167;0.9997161426661098;0.9997197519794305;0.9999531159066635;1.0;0.9999303836884886;0.9998897931027202;0.9999447556464827;0.9997186791731638;1.0002750538760175;1.0003023929519588;0.9999035338894681;0.9999352399156837;0.9999197851231219;1.0;0.9997553960595129;0.9997916636710102;0.9998480910633613;0.9999652272461301;0.9997435162112976;1.0;0.9999999999999999;0.9999847019091418;0.9999755624815047;1.0;0.9999609640790269;0.9998957394975304;0.9999159691754087;1.0;1.024999976158142;
2016-05-16 19:30:00;0.9998306048147819;1.0;0.9998676700099307;0.9998452326485735;0.9999184637099232;0.999861230647357;1.0003120533878571;0.9996802198410502;1.0;1.0;0.9998832612290759;1.0;1.0000380734942815;0.9997754719170672;0.9995614909563341;0.9995879973782442;0.9995939302990954;0.9999166776367199;0.9999999999999999;0.9998986648413811;0.9998386294709697;0.9999271401094618;0.999592245353419;1.0002920065617924;1.00032111967125;0.9998613034553083;0.999912822956692;0.9998807080720793;1.0;0.9997545559064536;0.9997926762135159;0.9998610358755977;0.9999310762208035;0.9997972800119287;1.0;1.0;0.9999851957344948;0.9999764691242932;1.0;0.9999242353110948;0.9998493596806408;0.9998765020292001;1.0;1.024999976158142;
2016-05-16 19:45:00;0.999860100500992;1.0;0.9998968538480493;0.9998609834928334;0.9999716471006435;0.999872977417981;1.0002751226360524;0.9996602713664579;1.0;1.0;0.9998967767084019;1.0;1.00003421265307;0.999782958430616;0.9995337111151503;0.9995404841637445;0.9995465347138205;0.9999710207108717;1.0;0.9999148192706504;0.9998656810922603;0.9999368119829958;0.9995449001340234;1.0002552819883268;1.0002847317125203;0.9998772335114614;0.9999248739210703;0.9998884724587745;1.0;0.9998098043906024;0.9998435196016954;0.9998936260540736;0.9999782682930483;0.9998398344163808;1.0;1.0;0.9999848104105833;0.9999748770229722;1.0;0.999975571522479;0.9998713995167218;0.9999009397596844;1.0;1.024999976158142;
2016-05-16 20:00:00;0.9999446456185832;1.0;0.9999496922890336;0.9999460894129567;0.9999759641771186;0.9999492205430334;1.000271857145962;0.9998852228475043;1.0;0.9999999999999999;0.9999527157178867;1.0;1.000034577310167;0.9999225710127359;0.999853831624968;0.9998583262089925;0.9998598693431985;0.9999757207683628;1.0;0.9999623921422975;0.9999472648607848;0.9999648385572978;0.9998594465840244;1.000255158746325;1.0002788783077587;0.9999523315584531;0.9999611649850318;0.9999573557702683;0.9999999999999999;0.9997678767186028;0.9998149359830181;0.9998731843489124;0.9999827262089844;0.9998069196947525;1.0;1.0;0.999986129502756;0.9999781968457178;0.9999999999999999;0.9999802757457128;0.9999498012368291;0.9999510162698773;1.0;1.024999976158142;
2016-05-16 20:15:00;0.9999495817219907;1.0;0.9999569866061013;0.9999527029032861;0.9999753390261116;0.9999564818286865;1.0002673598536878;0.9999017473551243;1.0;1.0;0.9999611875523013;1.0;1.0000339057541643;0.9999317731429206;0.999870343857501;0.9998769919129888;0.9998785636421708;0.9999749745939395;1.0;0.9999678595253404;0.9999522216824742;0.9999731923048363;0.9998781248804062;1.0002511142302455;1.0002741421517451;0.9999580989454654;0.9999694175606815;0.9999630665697485;0.9999999999999999;0.9997767400460251;0.9998254953821356;0.999880603905565;0.9999804052287551;0.9998186132012792;1.0;1.0;0.9999863619467485;0.9999780164643416;1.0;0.9999781584175869;0.9999550972920249;0.9999590658643812;1.0;1.024999976158142;
2016-05-16 20:30:00;0.9999200524550504;1.0;0.9999316780130855;0.9999272769514179;0.999953778181027;0.9999337247844436;1.0002826080238834;0.9998575281740106;1.0;1.0;0.999940971369784;1.0;1.0000355599673856;0.9998970557148806;0.9998109189358567;0.9998248537981503;0.9998272461348034;0.9999530904775183;1.0;0.9999500163214036;0.9999247655279196;0.9999598653822706;0.9998265689754608;1.0002655857883012;1.0002897093347325;0.9999355535419566;0.9999537946720289;0.9999439414414517;1.0;0.9997860685295877;0.9998129812751;0.999856791023815;0.9999619131278148;0.999739358429623;0.9999999999999999;0.9999999999999999;0.9999858303234563;0.999977103707717;1.0;0.999957897149652;0.9999300215210118;0.9999358187489277;1.0;1.024999976158142;
2016-05-16 20:45:00;0.9998916667918255;1.0;0.9999091565827258;0.9999011544608191;0.9999386642403875;0.9999101329321182;1.0002831041958207;0.9998013323884124;0.9999999999999999;0.9999999999999999;0.9999222056275051;1.0;1.000035736128199;0.9998567865621191;0.9997322862704053;0.9997524259189065;0.9997559995715191;0.9999381175066957;1.0;0.9999336990529692;0.9998996989154565;0.9999494918584579;0.9997550217332585;1.0002658176386123;1.0002903864612918;0.9999140406071415;0.9999412170040997;0.9999232148221423;1.0;0.9997907882990176;0.9998385877244467;0.9998931422773318;0.9999479636950985;0.9998476268913391;0.9999999999999999;1.0;0.9999862081469406;0.9999778626658171;0.9999999999999999;0.9999428454376031;0.9999069822040385;0.9999153179967007;1.0;1.024999976158142;
2016-05-16 21:00:00;0.9999144362608469;1.0;0.9999283034311468;0.9999213096119087;0.9999538679580781;0.9999282882221575;1.0002782396149816;0.9998396824318818;1.0;1.0;0.9999375298722489;0.9999999999999999;1.000035128975564;0.9998859480739465;0.9997848507114104;0.9997993034953697;0.9998021068993859;0.9999533426922333;1.0;0.9999471537227519;0.9999200911663974;0.9999588246695837;0.9998013330607364;1.000261235872358;1.0002854056150154;0.99993106695217;0.9999522599502835;0.9999387893516019;0.9999999999999999;0.9997879762273868;0.9998243033562839;0.9998762042670762;0.9999614828958063;0.9998015969553978;1.0;1.0;0.9999855127715261;0.9999763733364779;1.0;0.9999575471485936;0.9999255836318771;0.9999327842134668;1.0;1.024999976158142;
2016-05-16 21:15:00;0.9999280719542757;1.0;0.9999387999358912;0.9999333030681293;0.9999631203379152;0.9999389028545153;1.0002775451921098;0.9998649774637701;1.0;1.0;0.9999453402805628;1.0;1.0000349098468846;0.9999051460455786;0.9998218848792314;0.9998319776947046;0.9998341385508114;0.9999624617127868;1.0;0.9999543129713152;0.9999315026416279;0.9999621797304602;0.9998335242855483;1.000260614626497;1.0002846924666633;0.999940403209626;0.9999567189020435;0.9999483287389023;1.0;0.9997829140106655;0.9998221794435648;0.9998722756601724;0.9999705617449869;0.999788773630212;0.9999999999999999;0.9999999999999999;0.9999857273563036;0.9999773818791926;1.0;0.9999672205236425;0.9999357610454174;0.9999418856092985;1.0;1.024999976158142;
2016-05-16 21:30:00;0.9999076899348737;1.0;0.9999210435484813;0.9999153619855413;0.9999482504647801;0.9999226474431936;1.0002801771481684;0.9998314285402562;0.9999999999999999;1.0;0.9999313748628139;1.0;1.0000352796279814;0.9998791349269329;0.9997762240830499;0.9997918509683853;0.9997946835104968;0.9999476133494029;1.0;0.9999421756251631;0.9999135240173502;0.9999535061349366;0.9997938941703193;1.0002631495616119;1.000287335017802;0.9999254968633751;0.9999465812630266;0.9999344165948914;1.0;0.9997830586668955;0.9998261992350995;0.9998783640064736;0.9999573460058501;0.9998072297338123;1.0;1.0;0.999985830323456;0.9999771037077164;1.0;0.9999528499448873;0.9999194584438544;0.9999257297817085;0.9999999999999999;1.024999976158142;
2016-05-16 21:45:00;0.9998927137111869;1.0;0.9999100019888713;0.9999020863079314;0.9999392493935454;0.9999109677365446;1.0002859802551978;0.9998031454879365;1.0;1.0;0.9999229419139062;1.0;1.0000361256459658;0.999858086955527;0.9997347288903408;0.9997546999940381;0.9997582425460205;0.9999387225716931;1.0;0.9999343408145634;0.9999007239735441;0.9999499909358618;0.9997572742797678;1.000268528424474;1.000293323173257;0.9999149054874761;0.9999418048972742;0.9999239205314273;0.9999999999999999;0.9997749199477527;0.9998247858656665;0.9998789005416299;0.9999484380041647;0.9998122534548819;1.0;1.0;0.9999849866841142;0.999975053294752;1.0;0.9999433717993036;0.9999079371016019;0.9999161119051349;1.0;1.024999976158142;
2016-05-16 22:00:00;0.9999374926291124;1.0;0.9999458886197535;0.9999411169328174;0.9999690027253694;0.9999455864526692;1.000267700754322;0.9998774887466612;1.0;1.0;0.9999512916763148;1.0;1.000033977952265;0.9999148082713178;0.9998390213709485;0.9998474059242525;0.9998493453801728;0.9999686781166386;1.0;0.9999598882454671;0.9999412202724947;0.9999661617325725;0.999848812736808;1.0002513434904416;1.0002745597244875;0.999948293717179;0.9999616257870941;0.9999538385068395;1.0;0.9997868208260675;0.9998320649593986;0.999883999896104;0.9999753413541972;0.9998202208934286;1.0;1.0;0.9999854452148329;0.9999770997400764;1.0;0.9999725218908055;0.999944773148984;0.9999484648139373;1.0;1.024999976158142;
2016-05-16 22:15:00;0.9999534930022977;0.9999999999999999;0.9999579493818852;0.9999562341155643;0.9999752831819058;0.9999592279603486;1.0002629928132443;0.999912008978281;0.9999999999999999;1.0;0.9999622019338924;1.0;1.0000334491957052;0.9999382225070635;0.9998871592579873;0.9998932319237649;0.9998944903631714;0.9999749999519203;0.9999999999999999;0.9999692213114824;0.999956052598984;0.9999724182787771;0.9998941396568193;1.000247169642305;1.0002695206469345;0.9999613127563347;0.9999692354395149;0.9999658369786865;0.9999999999999999;0.9997939405578209;0.9998334447171832;0.9998817370159145;0.9999809105970475;0.9998073282056718;1.0;1.0;0.9999852928488306;0.9999761534157925;1.0;0.9999785792137106;0.99995865930666;0.9999596623821881;1.0;1.024999976158142;
2016-05-16 22:30:00;0.9999289422364815;1.0;0.999941003471033;0.9999316197929043;0.9999733960412212;0.9999369211390582;1.0002579441756592;0.9998510810596644;1.0;1.0;0.9999438460846513;1.0;1.000032282448176;0.9999007493482731;0.9998038720770835;0.9998092823490141;0.9998115522529609;0.9999726991800842;1.0;0.9999540243709489;0.9999309445907405;0.9999606677237165;0.9998109066404675;1.0002416479427076;1.0002650665073065;0.9999381953219835;0.9999551708005282;0.9999463885975663;1.0;0.9997995339170261;0.9998446879315356;0.9998983196978233;0.999980475650163;0.9998575089518749;1.0;1.0;0.9999855735073152;0.9999772280314881;0.9999999999999999;0.9999778218341889;0.9999342817182543;0.9999429563841943;1.0;1.024999976158142;
2016-05-16 22:45:00;0.9999211689961005;0.9999999999999999;0.9999326329872968;0.9999268092067272;0.9999609841886584;0.9999329084142832;1.000263657317312;0.9998537266977744;1.0;1.0;0.9999387213480048;1.0;1.000032722882201;0.9998980911995602;0.9998094025282237;0.9998186772350538;0.9998208498631027;0.9999599334106604;1.0;0.9999489947321846;0.999923297771835;0.9999561269690872;0.999820205011416;1.0002474588861685;1.0002706205092988;0.9999330616686282;0.999950072049945;0.9999437306379357;1.0;0.9997982075295369;0.9998428397746181;0.9998949010249704;0.9999701268638689;0.9998462925527699;0.9999999999999999;0.9999999999999999;0.9999856950442774;0.9999769684297184;1.0;0.9999664132390015;0.9999276957825803;0.9999354332939281;1.0;1.024999976158142;
2016-05-16 23:00:00;0.9999201084716335;1.0;0.9999284310493821;0.9999225914725328;0.9999668628708496;0.9999274346495264;1.0002601285183994;0.999837627020591;1.0;1.0;0.9999318568790866;1.0;1.0000325038382107;0.9998910999938764;0.9997941068685332;0.9997991831485606;0.999801266914529;0.9999660939569107;1.0;0.9999454632412679;0.9999220501495472;0.9999485861014884;0.9998006651860513;1.0002438003173444;1.0002672355694981;0.9999297250473944;0.9999430343057925;0.9999394146419166;1.0;0.9998109312505419;0.9998540293932168;0.9999004048357493;0.9999772060404857;0.9998485000334276;1.0;1.0;0.9999849020406485;0.9999749686521271;0.9999999999999999;0.9999736831408145;0.9999255513228735;0.9999299232118584;1.0;1.024999976158142;
2016-05-16 23:15:00;0.9999444357908941;1.0;0.9999473709506491;0.9999467039758233;0.9999712214640396;0.9999496017171893;1.0002589134714375;0.9998925668885587;1.0;1.0;0.999951773368755;1.0;1.000032934523201;0.9999254866922251;0.9998660253539718;0.9998718177715388;0.9998731528811972;0.9999709581480201;1.0;0.999961638165954;0.9999473153953233;0.9999630869162593;0.9998727834150442;1.000243251371354;1.000265407016553;0.9999528799709244;0.999959617777274;0.9999581550566097;1.0;0.9997994201874952;0.9998390523670982;0.9998961315311692;0.9999789382257428;0.9998588192309426;0.9999999999999999;1.0;0.999984658260609;0.9999755188333708;1.0;0.9999760587561227;0.9999501015339842;0.9999488496354217;1.0;1.024999976158142;
2016-05-16 23:30:00;0.9999227450519902;1.0;0.9999317545195106;0.9999262313109513;0.999964532554237;0.9999313059712824;1.0002594465625851;0.9998464870784802;0.9999999999999999;1.0;0.9999368567436203;1.0;1.0000326461773708;0.9998950066438432;0.9998021960963045;0.9998099032048002;0.9998120863655194;0.9999639674618324;1.0;0.9999487610164521;0.9999260123310715;0.9999540526037464;0.9998114727946191;1.000243340611461;1.0002663496579176;0.9999341108205334;0.9999485955658532;0.9999422480707568;1.0;0.9997991207006052;0.9998503843807818;0.9999107483889355;0.9999735253942375;0.9999005689103183;1.0;0.9999999999999999;0.9999861534106733;0.9999774267921142;1.0;0.999970049908677;0.999929912774678;0.9999340634104626;1.0;1.024999976158142;
2016-05-16 23:45:00;0.9999130156440641;1.0;0.9999271146755145;0.9999170821943759;0.9999627330698342;0.9999235731740806;1.0002552853764934;0.9998211424949335;0.9999999999999999;1.0;0.9999327820597232;1.0;1.0000321310107583;0.9998783754378983;0.9997627620374443;0.9997724469041466;0.999775335766597;0.999962227707578;1.0;0.999944622629763;0.9999174866568242;0.9999541689005802;0.9997745408578094;1.0002391202984808;1.0002623312460446;0.999926763344233;0.9999476013701811;0.9999347532386088;1.0;0.9998241985848659;0.9998644212526385;0.9999168446921152;0.9999707167380738;0.9998997110283573;1.0;1.0;0.9999850843142102;0.9999755637471301;1.0;0.9999672751836152;0.9999220767223549;0.9999303502425596;1.0;1.024999976158142;
2016-05-17 00:00:00;0.9999175416484715;0.9999999999999999;0.9999319179007283;0.999925026484408;0.999961993381607;0.9999323389489453;1.0002601214408056;0.9998596462297722;1.0;1.0;0.9999358367319712;1.0;1.0000308686118238;0.9999032121031775;0.9998202837162512;0.9998261711144458;0.9998279355180473;0.9999595468142101;1.0;0.9999456928802103;0.9999141088082816;0.9999513817979896;0.9998273001330792;1.0002440935328465;1.000267289598664;0.9999256978349695;0.9999442998459404;0.9999444961319557;0.9999999999999999;0.9998120895204393;0.9998501194304147;0.9998996462616435;0.9999737916435913;0.9998527140557517;1.0;1.0;0.9999866665137709;0.999978321028822;1.0;0.9999697610393636;0.9999183259410129;0.9999336720933493;1.0;1.024999976158142;
2016-05-17 00:15:00;0.999913516087688;1.0;0.9999309164831185;0.9999217652139948;0.9999613660679678;0.9999299729687493;1.000255497782577;0.9998520177482113;0.9999999999999999;1.0;0.9999349241894927;0.9999999999999999;1.0000300650816196;0.9998981494611808;0.9998072897284137;0.9998138324354782;0.9998158459657529;0.9999587232912737;1.0;0.9999442235425572;0.9999097887659351;0.9999519999687313;0.9998151313328926;1.0002396314279687;1.0002626850349299;0.9999222662152889;0.9999442699748268;0.9999422040497744;1.0;0.9998292120061388;0.9998703191398697;0.9999144465245058;0.9999728512005444;0.9998779540327367;1.0;1.0;0.9999862081469405;0.999977862665817;1.0;0.9999688259120305;0.9999143212571554;0.9999330226073435;1.0;1.024999976158142;
2016-05-17 00:30:00;0.9999190961593752;0.9999999999999999;0.99993677912362;0.9999266221655034;0.9999658421646018;0.9999345325048249;1.0002499905619986;0.9998583483929008;0.9999999999999999;0.9999999999999999;0.9999400362154871;1.0;1.0000295180312462;0.9999033334348773;0.9998136158566155;0.9998194302950795;0.9998214451382008;0.9999633696589703;1.0;0.9999483970594495;0.9999155315164339;0.9999565695928738;0.999820742096867;1.0002343787555772;1.0002570742767871;0.9999271245517294;0.9999491816495962;0.9999456720376317;1.0;0.9998410039300741;0.9998749039478781;0.9999168197521979;0.9999759735901717;0.9998792201432019;1.0;1.0;0.9999845904881962;0.9999746571027696;1.0;0.9999724173575597;0.9999197311172736;0.999938787328092;1.0;1.024999976158142;
2016-05-17 00:45:00;0.9999388238384795;0.9999999999999999;0.9999525355142893;0.9999455725108337;0.9999714325869082;0.9999518506512474;1.0002385528050861;0.9998986436393353;1.0;1.0;0.9999559570553914;1.0;1.00002858120212;0.9999293395757094;0.9998658581543559;0.999871564639746;0.9998730522744513;0.9999694426311592;1.0;0.9999615187644271;0.9999360921494642;0.9999684014626039;0.9998725216574414;1.0002239760768172;1.000244979162105;0.9999455770442813;0.9999626981323883;0.9999601356964124;1.0;0.9998541285371308;0.9998927941544463;0.9999374116266174;0.9999791311090047;0.999934336795924;1.0;1.0;0.9999861295027558;0.9999781968457175;1.0;0.9999762674920017;0.9999395580905303;0.9999544039353501;1.0;1.024999976158142;
2016-05-17 01:00:00;0.9999080991508982;0.9999999999999999;0.9999283566378355;0.9999194637481948;0.9999461445029378;0.99992891495241;1.0002491714071715;0.999846533677199;1.0;1.0;0.9999398980609693;1.0;1.0000305322057177;0.9998869054167087;0.9997875286656079;0.9998058723975097;0.9998088677938346;0.9999447167567939;0.9999999999999999;0.999946203380577;0.999912034019391;0.9999629603256603;0.9998079802111429;1.0002341207186434;1.0002556202362491;0.9999266840476622;0.9999548953909264;0.9999393045168893;1.0;0.9998689963825014;0.9999022785268621;0.9999413076012128;0.9999537109527858;0.9999328041277953;1.0;1.0;0.9999855127715261;0.999976373336478;1.0;0.9999493014508332;0.9999187554477599;0.9999341212363743;1.0;1.024999976158142;
2016-05-17 01:15:00;0.9999344863259496;1.0;0.9999513477050124;0.9999419460921415;0.9999713357694479;0.9999491529762696;1.0002301528069473;0.9998902738966521;1.0;1.0;0.9999544873634931;0.9999999999999999;1.0000271913054186;0.9999241677616109;0.9998523230136248;0.9998581501787375;0.9998598601927371;0.9999690531787678;1.0;0.9999596468495312;0.9999309923851606;0.999968307952196;0.999859250598795;1.000215928045682;1.0002365533331876;0.999941387044499;0.9999618934586462;0.9999576529442161;1.0;0.9998922518861802;0.9999162603875926;0.9999492376030948;0.9999789637595228;0.9999402819423882;1.0;1.0;0.999984034960737;0.9999745144036475;1.0;0.9999761047061886;0.9999347070044664;0.999953414905804;1.0;1.024999976158142;
2016-05-17 01:30:00;0.9999355002701168;0.9999999999999999;0.9999500192178488;0.9999416445160944;0.999970529481148;0.9999480124720821;1.0002272475620986;0.9998843134743561;1.0;0.9999999999999999;0.9999541928161148;0.9999999999999999;1.0000276054479282;0.9999197824048016;0.9998441823834833;0.9998514851748019;0.9998533885762537;0.9999690343863137;1.0;0.9999602601485897;0.9999350586651938;0.999968951754267;0.9998527833517031;1.000213198569525;1.0002334306158498;0.9999443021472675;0.9999631481566501;0.9999561460537751;1.0;0.9999119062031303;0.9999255626183792;0.9999530193103822;0.9999771600344155;0.9999386303946814;0.9999999999999999;1.0;0.9999856779592444;0.9999761573865126;1.0;0.9999743945721793;0.9999388098020872;0.9999525020381013;1.0;1.024999976158142;
2016-05-17 01:45:00;0.9999300605880639;1.0;0.9999475527107559;0.9999378996533896;0.9999691889324218;0.9999454670680639;1.0002236152520452;0.9998827818524001;1.0;1.0;0.999950958624774;1.0;1.0000262397423372;0.9999189400214826;0.9998428585564532;0.9998490517072854;0.9998508525132535;0.999966797619779;1.0;0.9999566900272892;0.9999264616587504;0.9999656099121238;0.9998502114292467;1.0002097469374445;1.0002299054779684;0.9999374534921834;0.9999588411542402;0.9999546371527525;1.0;0.9999336817249934;0.9999394189530131;0.9999610968782213;0.9999774597127166;0.9999470074674175;1.0;1.0;0.9999851390499742;0.9999759996183416;1.0;0.9999743754062699;0.9999304072359716;0.9999497190770973;1.0;1.024999976158142;
2016-05-17 02:00:00;0.9999573869598012;1.0;0.9999666913359322;0.9999629444060674;0.9999778148875228;0.9999674681216201;1.0002161369571048;0.9999353907937046;1.0;1.0;0.9999696287509162;1.0;1.0000261488454507;0.9999537462564705;0.9999151462830012;0.9999196694060882;0.9999205765823371;0.9999762309666977;1.0;0.9999731502742023;0.9999549540148569;0.9999777508274039;0.9999202270279305;1.0002031775279414;1.0002217144303547;0.9999621562111974;0.9999737126722773;0.9999733777427847;1.0;0.9999421443070379;0.9999441197475453;0.9999632320526292;0.9999837037197469;0.9999472229443106;1.0;1.0;0.999986666513771;0.9999783210288222;1.0;0.9999814934394464;0.9999575269812427;0.9999680699194252;1.0;1.024999976158142;
2016-05-17 02:15:00;0.999957381970141;1.0;0.9999689828031655;0.9999625187372733;0.9999842181781113;0.9999674709263762;1.0002130803433191;0.9999334235746852;1.0;1.0;0.9999690152563624;1.0;1.000025074029741;0.9999554442112761;0.9999133944983742;0.9999140239660659;0.9999147998445636;0.999981990834997;1.0;0.9999725474749152;0.9999516795035785;0.9999761948744547;0.9999144396983374;1.0002000202246557;1.0002189362800622;0.9999588102345323;0.9999717073173059;0.9999737336806924;1.0;0.9999425672559169;0.9999430652778951;0.9999633431424145;0.9999907837275128;0.9999497337224136;1.0;1.0;0.9999858303234562;0.9999771037077166;0.9999999999999999;0.9999888721666662;0.9999536752390322;0.9999693442879758;1.0;1.024999976158142;
2016-05-17 02:30:00;0.9999586367688456;1.0;0.9999690357983009;0.9999619315777598;0.9999864067502239;0.9999661414129613;1.0002129059776415;0.9999234540999132;1.0;1.0;0.9999691865523936;1.0;1.000025803969804;0.9999496544193214;0.9998988205401156;0.999899952669099;0.9999010182770215;0.9999849530171444;1.0;0.9999735538213147;0.9999556892606397;0.9999776132241862;0.9999006362020468;1.0001997035293755;1.0002187415546262;0.9999613475657017;0.9999736345195844;0.9999718369922695;0.9999999999999999;0.9999409497237783;0.9999435365280174;0.9999628579506465;0.9999915206688594;0.9999466893863916;1.0;1.0;0.9999861235031642;0.9999777780227471;1.0;0.9999899513295419;0.9999575360320968;0.99996964409423;1.0;1.024999976158142;
2016-05-17 02:45:00;0.9999458132494853;1.0;0.9999601523777989;0.999949387880902;0.9999832023915648;0.9999548324915045;1.0002158216238417;0.9998918384957405;1.0;1.0;0.9999607971418677;1.0;1.000026187477406;0.9999290027845633;0.9998538115787896;0.9998564769349444;0.99985820689454;0.9999818007847022;1.0;0.9999663936949025;0.9999440149230138;0.9999734603806781;0.9998576538222448;1.000202128517691;1.0002219802464154;0.9999508552415314;0.9999683498372883;0.999961633263127;1.0;0.9999371592251851;0.9999415530861173;0.9999630748433868;0.9999883625092015;0.999951534853556;1.0;1.0;0.9999849080406276;0.9999753874752257;0.9999999999999999;0.9999865882505009;0.999946545206527;0.9999614540427055;1.0;1.024999976158142;
2016-05-17 03:00:00;0.9999664849788492;1.0;0.999975058044657;0.9999707879011774;0.9999857028383126;0.9999746186898802;1.0002119417524178;0.9999492407431197;1.0;1.0;0.9999758489070429;1.0;1.0000255366719077;0.999965144735446;0.9999339107284841;0.9999353991470395;0.9999360155919194;0.9999840576108155;1.0;0.9999785489438272;0.9999626422128648;0.9999816101077584;0.9999357381705973;1.0001991437214677;1.0002175024152749;0.9999683814196204;0.9999781671279179;0.9999794865488474;1.0;0.9999447408896605;0.9999465152132403;0.9999659272486566;0.9999908085618346;0.9999543760850692;1.0;1.0;0.9999843650829013;0.9999748445226688;0.9999999999999999;0.9999891968971995;0.9999643722038597;0.9999755908112217;1.0;1.024999976158142;
2016-05-17 03:15:00;0.9999639865684231;1.0;0.9999732493797522;0.9999678908532078;0.999986076758155;0.9999718427102492;1.000211906102112;0.9999401778550139;1.0;0.9999999999999999;0.9999738701428822;1.0;1.0000256266651817;0.9999596811256346;0.9999212396261474;0.9999227280258419;0.9999235241740527;0.9999845433820609;0.9999999999999999;0.9999770789386346;0.9999606343458787;0.9999806594564981;0.9999232073528912;1.0001989843594123;1.0002175493824097;0.9999662888291339;0.999977052025895;0.9999769004662725;1.0;0.999949500560733;0.9999483997776387;0.9999658035871558;0.999991013282527;0.9999501662719448;1.0;1.0;0.9999844694155114;0.9999757428116481;1.0;0.9999894488440626;0.9999624122636437;0.9999738587353988;1.0;1.024999976158142;
2016-05-17 03:30:00;0.9999553937741501;0.9999999999999999;0.9999653801413166;0.999959876539133;0.9999822582620517;0.9999644070935628;1.0002134873414494;0.9999258788026496;0.9999999999999999;1.0;0.9999661217101405;1.0;1.000025514991897;0.9999500553401973;0.9999044970345045;0.9999059854092772;0.9999068720124443;0.9999804183939365;1.0;0.9999708154353816;0.9999513348487903;0.9999740561253083;0.9999065099240663;1.0002004078149147;1.0002192779119765;0.9999580573126606;0.9999697867297201;0.9999710109064301;1.0;0.9999511268791929;0.9999488586921008;0.9999662887568074;0.9999889226725137;0.9999513729627185;1.0;1.0;0.9999843411730432;0.9999756145702992;1.0;0.9999868759547479;0.9999534335848004;0.9999659354033478;1.0;1.024999976158142;
2016-05-17 03:45:00;0.9999562548755755;1.0;0.9999658187350355;0.9999603727348156;0.9999820653651947;0.9999646835969193;1.0002144175480612;0.9999245172215743;1.0;1.0;0.9999671006133689;1.0;1.000025958005262;0.9999488418189303;0.9999015681221044;0.9999039567234849;0.9999049596791829;0.9999805487807351;1.0;0.9999717552529315;0.9999535195586408;0.9999755739557667;0.999904589667854;1.0002012874170096;1.0002201670177977;0.9999598632479346;0.9999715121615107;0.9999709035615305;1.0;0.9999483702611142;0.9999468942793103;0.9999650708722022;0.9999879907457634;0.9999498551743212;1.0;1.0;0.999984585005175;0.9999750644428486;1.0;0.9999860375649011;0.9999556841149996;0.9999666682449266;1.0;1.024999976158142;
2016-05-17 04:00:00;0.9999476366729653;1.0;0.9999604312631171;0.9999522521998643;0.9999803455934585;0.9999575883846965;1.0002157745709026;0.9999052585287797;1.0;1.0;0.9999616936461924;1.0;1.0000259207021343;0.9999364786206854;0.9998740800011587;0.9998769902005888;0.9998783764455494;0.9999786466612507;0.9999999999999999;0.9999669207136035;0.9999447978452698;0.9999726685146734;0.9998778928873515;1.0002023474444457;1.0002217692348647;0.9999521998322903;0.9999677017858694;0.9999646254288723;1.0;0.9999429754940116;0.9999450058235229;0.9999651683889288;0.99998656907497;0.9999539982857677;0.9999999999999999;1.0;0.9999850604053584;0.9999763337963378;1.0;0.9999844673590426;0.9999473826757201;0.9999616011291679;1.0;1.024999976158142;
2016-05-17 04:15:00;0.9999680459698201;1.0;0.9999752452970425;0.9999707150668637;0.9999869496193885;0.9999737989389511;1.0002119015933524;0.9999410036795857;1.0;1.0;0.9999765971947289;1.0;1.0000263447690019;0.9999599761652002;0.999921314390683;0.9999239097525433;0.9999248193606638;0.999986131695715;1.0;0.9999799362010334;0.9999672878934888;0.9999836530468955;0.9999245228725531;1.0001990078575533;1.0002173900224312;0.9999716518957115;0.9999807651850797;0.9999779857138694;1.0;0.999943235557427;0.9999435925164497;0.9999635106852449;0.9999904731974353;0.9999494265574043;1.0;1.0;0.9999853719581306;0.9999766453463911;1.0;0.9999891645091419;0.999968966758582;0.9999761862797305;1.0;1.024999976158142;
2016-05-17 04:30:00;0.9999701618097068;0.9999999999999999;0.9999767131544841;0.999972249966681;0.9999886340418229;0.9999750084153447;1.0002133795862496;0.9999425339760101;1.0;1.0;0.9999777386977;1.0;1.000026671374382;0.9999614600458665;0.9999234935249424;0.9999256276293956;0.9999265099674154;0.9999879570832135;1.0;0.9999811383102567;0.9999696701966999;0.9999844628051944;0.9999262305317341;1.0002003720090797;1.000218898959644;0.9999734576667606;0.9999818246656789;0.9999789264587853;1.0;0.9999381123564615;0.9999381601620507;0.999959712941366;0.9999918183002375;0.9999433201157248;1.0;1.0;0.9999858119498797;0.9999774664720625;1.0;0.9999906620848217;0.9999711549241034;0.9999775256679263;0.9999999999999999;1.024999976158142;
2016-05-17 04:45:00;0.9999742896374816;0.9999999999999999;0.999978383064523;0.9999748175588816;0.999991662644123;0.9999765950084128;1.0002119515360308;0.9999441924480061;1.0;0.9999999999999999;0.999978794817736;1.0;1.0000268747743046;0.9999635621934037;0.9999273872829717;0.9999284367538998;0.999929226393943;0.9999913778456657;1.0;0.9999829267713218;0.999974664712783;0.9999846445533922;0.999928998823102;1.000198992079825;1.0002173947484463;0.9999770124260551;0.999982687366502;0.9999801931447273;1.0;0.9999385445861603;0.9999398700360608;0.999961935406068;0.9999944749114096;0.9999497730325757;1.0;1.0;0.9999844496761318;0.9999749291150939;1.0;0.9999935583531655;0.9999756980542537;0.9999788243100668;1.0;1.024999976158142;
2016-05-17 05:00:00;0.9999745599865588;1.0;0.9999789981909293;0.9999756856162523;0.9999911274580807;0.9999776706269713;1.0002117448509669;0.9999488025997045;1.0;1.0;0.9999794039222821;1.0;1.0000266237435311;0.9999663031942086;0.9999337284215756;0.9999346728812946;0.9999353598157118;0.9999906097813152;1.0;0.9999831163193755;0.9999740975897332;0.9999847557080488;0.9999351429182134;1.0001988588392419;1.0002171753782632;0.9999768680184116;0.9999826797492122;0.9999813245876055;1.0;0.9999425305010281;0.9999440874636579;0.9999647346670943;0.9999942780721518;0.9999539025507775;1.0;1.0;0.9999854580364816;0.9999759374658432;1.0;0.9999932802272852;0.9999751646853214;0.9999793794603822;1.0;1.024999976158142;
2016-05-17 05:15:00;0.9999654130030543;1.0;0.9999727078755984;0.9999671633254156;0.9999880156482234;0.9999701420974105;1.0002155771335441;0.9999292106477304;1.0;1.0;0.9999736195375012;1.0;1.0000270029215759;0.9999531515610056;0.9999058155672969;0.9999079752171705;0.9999090694790033;0.9999874075648719;1.0;0.999977994413562;0.9999653651672202;0.9999817063774759;0.9999087391589453;1.0002022949930947;1.0002212557391994;0.9999692789064035;0.9999787619973799;0.9999746552710338;1.0;0.9999453106636846;0.999939447222201;0.9999616131466582;0.9999914595860112;0.9999492347231345;1.0;1.0;0.9999845044118204;0.9999753649859883;1.0;0.9999902276860753;0.9999669755278359;0.9999735871068721;1.0;1.024999976158142;
2016-05-17 05:30:00;0.9999679783089571;1.0;0.9999765522406167;0.999969251961227;0.9999912692479966;0.9999722721142897;1.0002158007894764;0.9999291842100236;1.0;1.0;0.9999770030949245;1.0;1.0000271778081156;0.9999539424459768;0.9999028714579486;0.999904881497309;0.9999061243206824;0.9999908236021384;1.0;0.9999805729242687;0.9999683679122534;0.9999855198475687;0.999905766333001;1.0002023888712346;1.0002215511490105;0.9999717904380411;0.9999826352685274;0.9999759353850961;0.9999999999999999;0.9999362761963217;0.9999283975313965;0.9999577509349091;0.999993376049219;0.999953788619523;1.0;1.0;0.9999834128931677;0.9999734795194387;1.0;0.9999925360995476;0.9999698491155828;0.9999775493834667;1.0;1.024999976158142;
2016-05-17 05:45:00;0.9999770031544334;0.9999999999999999;0.9999813890298392;0.999978212422635;0.999990858596736;0.9999800988455619;1.0002162558320669;0.9999530986148418;1.0;1.0;0.9999825326191978;1.0;1.0000274559935134;0.9999684211836617;0.9999374476477824;0.9999396073659765;0.9999403628642529;0.999990584539233;1.0;0.9999854720666509;0.9999776170665964;0.9999880996430106;0.9999401450219799;1.000203171346823;1.0002216922771385;0.999980210193712;0.9999862337491279;0.9999830347253637;1.0;0.9999365735387302;0.9999283850277969;0.9999564040689993;0.9999930160883654;0.9999479103485717;1.0;1.0;0.9999846456893718;0.9999759190839701;0.9999999999999999;0.999992143255125;0.9999787925964411;0.9999821635957815;1.0;1.024999976158142;
2016-05-17 06:00:00;0.9999755760730433;1.0;0.9999793727374212;0.9999766911742319;0.9999894657141799;0.9999784772722158;1.0002159696628112;0.9999497842882111;1.0;1.0;0.9999809075078794;1.0;1.000027533193274;0.9999659083179151;0.9999336614725813;0.9999362792049532;0.9999370742139257;0.9999893035380724;1.0;0.9999843472619435;0.9999767504431889;0.999986811736805;0.9999368538286871;1.0002029187645107;1.0002213648846134;0.9999793502457607;0.9999849753845598;0.9999816651059074;1.0;0.9999394112642436;0.9999252470007974;0.999954474703634;0.9999918312288111;0.9999454723726396;1.0;1.0;0.9999855735073153;0.9999772280314883;0.9999999999999999;0.9999908429760349;0.999978023494439;0.9999802446056576;1.0;1.024999976158142;
2016-05-17 06:15:00;0.9999795489100092;1.0;0.9999831655025896;0.999980993339028;0.9999917995791617;0.9999827271266426;1.0002200390892912;0.9999625708486228;1.0;1.0;0.9999836968009039;1.0;1.0000276514543338;0.9999748953616805;0.9999520113989548;0.9999529336233347;0.9999534020010326;0.9999912237350768;1.0;0.9999864101079838;0.9999786697524987;0.9999876299052851;0.9999532384824268;1.0002068147299477;1.000225551653578;0.9999812832594586;0.9999858877467722;0.9999857541439634;1.0;0.9999331405188226;0.9999178283055838;0.999938557642465;0.9999946654993601;0.9998901583768489;1.0;1.0;0.9999816290915862;0.9999721085574023;0.9999999999999999;0.9999937499039057;0.9999796035006029;0.9999834768069508;1.0;1.024999976158142;
2016-05-17 06:30:00;0.999956456556624;1.0;0.9999680792061258;0.9999579854980333;0.9999893305989496;0.9999620611453486;1.00023261109282;0.9999034135312629;1.0;1.0;0.9999680531723552;1.0;1.0000290256696485;0.999937817493909;0.9998684959632491;0.9998702546432522;0.9998718767543023;0.9999886030534667;1.0;0.9999731607509884;0.9999562898376678;0.9999792518315753;0.9998713992909698;1.0002179212014686;1.0002390498293605;0.9999608353393584;0.999975301230535;0.9999672462448757;1.0;0.9999225789195159;0.9999032425974992;0.9999340747622668;0.9999925452625051;0.9998992786954463;1.0;0.9999999999999999;0.9999202829057137;0.9998952123965773;0.9999999999999999;0.9999914275627486;0.9999581429197033;0.9999691411711469;1.0;1.024999976158142;
2016-05-17 06:45:00;0.9999706514955071;0.9999999999999999;0.9999757510632484;0.9999727189126232;0.9999874893729077;0.9999751739563316;1.0002346062951886;0.9999455147768118;1.0;1.0;0.9999770011880457;1.0;1.0000294322492853;0.9999630399386652;0.9999293387814678;0.9999314315647237;0.9999321785207597;0.9999868215593297;1.0;0.9999808045056757;0.9999701456310903;0.9999830625960339;0.999931935317399;1.0002204443122382;1.0002405477105014;0.999973850080933;0.9999806206500906;0.9999793409546668;1.0;0.9999248616662774;0.9999185467255898;0.9999474940886025;0.9999912299220941;0.9999289092700412;1.0;1.0;0.9998832026318462;0.9998534753750352;0.9999999999999999;0.9999899236137525;0.9999715929668852;0.9999764377890087;1.0;1.024999976158142;
2016-05-17 07:00:00;0.9999631756314619;1.0;0.9999693134397359;0.9999658440685558;0.999984488166307;0.9999689045358009;1.0002520896660578;0.9999333326487568;0.9999999999999999;0.9999999999999999;0.999970558949599;1.0;1.0000313489121162;0.9999549330696434;0.9999147930099717;0.9999167808216605;0.9999176114969184;0.9999835002215309;1.0;0.9999754796221049;0.9999618323118459;0.9999776261571067;0.9999173238399085;1.000236827555673;1.000258560576528;0.9999665570574552;0.9999745462065762;0.9999743770135836;1.0;0.999895060849679;0.9998619195591278;0.9999200407073966;0.9999896828804917;0.9999191210207591;1.0;1.0;0.999857976373178;0.9998169351431112;0.9999999999999999;0.9999879838345392;0.9999635631310664;0.9999699398128507;1.0;1.024999976158142;
2016-05-17 07:15:00;0.9999401412446571;0.9999999999999999;0.9999355982050107;0.9999411766329973;0.9999682435871461;0.9999425648144478;1.0002888860165497;0.9998907377982501;1.0;1.0;0.999938505709614;1.0;1.00003636938124;0.9999252456995154;0.999879018828659;0.999880465822312;0.9998809874788077;0.9999675359653479;1.0;0.9999531120230786;0.999940340978168;0.9999461325664659;0.9998808007164938;1.0002716150831712;1.0002960401879681;0.999945337243315;0.9999432048244402;0.999954415677808;0.9999999999999999;0.9998794066238585;0.9998274947154444;0.9999045800917712;0.9999812880075915;0.9999210515133219;1.0;1.0;0.9997051256027835;0.9995741553504548;1.0;0.9999774657063325;0.9999424408541583;0.9999351560340434;1.0;1.024999976158142;
2016-05-17 07:30:00;0.9999514893650878;1.0;0.9999521120432465;0.9999514130294785;0.999979868726663;0.9999531461895338;1.000291867824758;0.9998979704667286;1.0;0.9999999999999999;0.9999535958208603;1.0;1.0000371717677428;0.9999324072359221;0.9998767538376511;0.9998781372339706;0.999879145411869;0.9999796344893376;0.9999999999999999;0.9999643568947126;0.9999529585257726;0.9999624359427053;0.9998788639336852;1.0002740700865214;1.0002992943829896;0.9999564529368599;0.9999596944429084;0.9999614505541414;0.9999999999999999;0.9998732086000641;0.9998137298544996;0.9998931032869067;0.9999877105091839;0.9998985294300237;1.0;0.9999999999999999;0.9996740325518892;0.999539169655381;1.0;0.9999853483097939;0.9999546500654964;0.9999522713129908;1.0;1.024999976158142;
2016-05-17 07:45:00;0.9999375179381262;1.0;0.9999402319163989;0.99993827217447;0.9999726365961848;0.9999410433562969;1.0002998390891287;0.9998698679796326;1.0;0.9999999999999999;0.9999432496509302;1.0;1.0000382263060468;0.9999126223821314;0.9998388922941435;0.9998427281587252;0.9998442441860064;0.9999724437456469;1.0;0.9999557472933301;0.999940362876085;0.9999558219398342;0.9998438320978142;1.0002814500661192;1.0003075479360595;0.9999454229661023;0.9999520778224917;0.9999510067843631;1.0;0.9998657036210228;0.9998018385522156;0.9998821183327065;0.9999815019721164;0.9998739643304966;1.0;1.0;0.999695262127337;0.9995599959817517;1.0;0.9999785469222138;0.9999429341700533;0.9999411659536998;1.0;1.024999976158142;
2016-05-17 08:00:00;0.9999029663730024;1.0;0.9999171291049086;0.9999091106811108;0.9999518313738806;0.9999163871476501;1.000316687096827;0.9998119434872647;1.0;1.0;0.9999256925028445;1.0;1.0000399647234843;0.9998688364245075;0.9997516029691331;0.9997649870745036;0.9997680261818668;0.9999512340766409;1.0;0.9999382974103206;0.9999085092138857;0.9999489697820061;0.9997671853291487;1.0002971495985604;1.0003249968039651;0.999919846400334;0.9999417674058744;0.9999290017722651;0.9999999999999999;0.9998498073941486;0.9997822256736771;0.9998724984874442;0.9999613631439032;0.9998708522911879;1.0;1.0;0.9996613701451654;0.9994673644818498;1.0;0.9999570261698297;0.9999141310616234;0.9999212723262267;1.0;1.024999976158142;
2016-05-17 08:15:00;0.9998903113807779;0.9999999999999999;0.9999022001653619;0.9998978050634083;0.9999395780958826;0.9999053398779533;1.000336160167449;0.9997965262651569;0.9999999999999999;1.0;0.9999135341925686;1.0;1.0000424978761382;0.9998554204053417;0.9997363661143447;0.9997526950363733;0.9997557781960732;0.9999389899497444;1.0;0.9999286917043795;0.9998971142912201;0.9999383998824234;0.9997549264036968;1.0003157186791827;1.0003447241767442;0.9999101401795785;0.9999307588388817;0.9999204172411372;1.0;0.9998399392815609;0.9997623766824235;0.9998556762396613;0.9999519463979042;0.9998378710040918;1.0;1.0;0.9996354541890398;0.9994571364515629;1.0;0.9999464488601117;0.9999036452584524;0.9999068580102131;1.0;1.024999976158142;
2016-05-17 08:30:00;0.9999463208225761;1.0;0.999948196374518;0.99994728069119;0.9999761806634881;0.9999496629724258;1.0003328205852322;0.9998920441632544;1.0;1.0;0.9999504256398628;1.0;1.0000422311925525;0.9999275377293483;0.9998686148204097;0.999871082772109;0.9998721973569548;0.9999757350243542;1.0;0.999961322870062;0.9999475731226757;0.9999602835463077;0.9998718730837978;1.000312638898815;1.0003412297379908;0.99995217922976;0.9999570213084241;0.999958615947349;1.0;0.9997678627272933;0.9997285983975073;0.999844274021559;0.9999846928645669;0.9998567833191567;1.0;0.9999999999999999;0.9995823863587433;0.9993116806721238;1.0;0.9999820077147796;0.9999496887151237;0.9999486678306393;0.9999999999999999;1.024999976158142;
2016-05-17 08:45:00;0.9999601891376322;1.0;0.9999592288183758;0.9999613199065492;0.9999781851907676;0.9999627048021638;1.0003195649129046;0.9999249367926336;1.0;1.0;0.9999621573124116;1.0;1.0000407978298067;0.9999479266424387;0.9999114633478146;0.9999145390229075;0.9999152118446845;0.9999779616944243;1.0;0.9999706835371382;0.9999618085053151;0.9999688712822496;0.9999150192829324;1.0003005326855068;1.0003273149866836;0.9999654214603904;0.9999667387749569;0.9999696750302689;1.0;0.9998068996916646;0.9997547414376192;0.9998645160874182;0.999985232945139;0.9998930638583736;1.0;1.0;0.9995732665610769;0.9992956967922824;1.0;0.9999828804533291;0.9999635749262084;0.9999597475731175;1.0;1.024999976158142;
2016-05-17 09:00:00;0.9999400958318885;1.0;0.999943996921832;0.9999418156513087;0.9999726385081599;0.9999449461842074;1.0003236604526982;0.9998798319520809;1.0;0.9999999999999999;0.9999472499594484;0.9999999999999999;1.000041070190527;0.9999185880489179;0.9998501805541558;0.9998544869392694;0.9998559297538528;0.9999722143472392;1.0;0.9999582676133881;0.9999421981490243;0.9999592776905535;0.9998555206964048;1.0003039664201316;1.0003318928354004;0.9999477857390241;0.9999554299172941;0.9999542917578195;1.0;0.999783690089458;0.9997411354511784;0.9998596590092552;0.9999810632175941;0.9998979067744179;1.0;1.0;0.9996235209061819;0.9993914104043449;0.9999999999999999;0.9999781722434465;0.9999448637705483;0.9999451052025911;1.0;1.024999976158142;
2016-05-17 09:15:00;0.9999461670556581;0.9999999999999999;0.9999506380002189;0.9999471311127272;0.9999773151744444;0.9999499849245175;1.0003269751304558;0.9998861531524019;1.0;1.0;0.999953316635885;1.0;1.000041742802919;0.9999236588396102;0.9998554919812908;0.9998594519245725;0.9998609577844143;0.9999771530003072;1.0;0.9999631264220191;0.9999488554566589;0.9999650757965504;0.9998605505197847;1.0003070069617368;1.00033530179396;0.9999534806288496;0.9999615946067067;0.9999579827286997;1.0;0.9997743686389842;0.9997307300517926;0.9998526234761048;0.9999839484826263;0.999888036166384;1.0;1.0;0.9996612407947821;0.9995008153784872;1.0;0.9999816009047638;0.9999512209977874;0.9999517976853973;1.0;1.024999976158142;
2016-05-17 09:30:00;0.9999542370312915;1.0;0.9999575064119567;0.999956116178777;0.9999785682369671;0.9999587089485874;1.0003235246660744;0.9999122162369288;0.9999999999999999;1.0;0.9999599108511992;1.0;1.0000409326947557;0.9999402359116968;0.9998913599568217;0.9998944198088928;0.9998954125417752;0.9999779924005016;1.0;0.9999680330841891;0.9999549200177201;0.9999685795262822;0.9998951111743255;1.0003040367068052;1.000331618876854;0.9999596167014989;0.9999655069839264;0.9999659882600782;1.0;0.9997717350975189;0.9997321142744263;0.9998536017970721;0.9999854608501829;0.9998897051661023;1.0;1.0;0.9996288426060786;0.9993761126266033;1.0;0.9999831536345334;0.9999569783376174;0.999958251796749;1.0;1.024999976158142;
2016-05-17 09:45:00;0.9999466789881527;1.0;0.999951478749915;0.999951230307835;0.9999736037875068;0.9999550694227788;1.0003310711100923;0.9999162555761658;1.0;1.0;0.9999533123038431;1.0;1.000040560076653;0.9999421653720358;0.9999017121660345;0.9999031782735326;0.9999037333583237;0.9999716675076773;1.0;0.9999617465099959;0.9999425317629245;0.9999604956734732;0.9999034516647629;1.0003112890557058;1.0003394688795146;0.9999498242271504;0.9999563294485555;0.9999644821926419;0.9999999999999999;0.9997366486223465;0.9997067597680531;0.9998420752872231;0.9999842038351174;0.9998887662854276;1.0;0.9999999999999999;0.9996131195774879;0.9993590874491521;1.0;0.9999810614091047;0.9999448542521326;0.9999515298800941;1.0;1.024999976158142;
2016-05-17 10:00:00;0.9999256216397412;0.9999999999999999;0.9999388575239079;0.9999338015818203;0.9999660047202868;0.999940867032448;1.0003360216227393;0.9998869291360761;1.0;1.0;0.999940806879236;1.0;1.000039773383651;0.9999221630133919;0.9998604747078599;0.9998628186235529;0.9998638393886184;0.9999626881472959;1.0;0.9999494804031988;0.9999178709236339;0.9999519666854485;0.9998633385031712;1.0003156976779164;1.0003449955961297;0.9999295051535926;0.9999451509834978;0.9999528974647031;1.0;0.9997384118534484;0.9997135566238948;0.9998430039683371;0.9999792365799053;0.9998799862538859;1.0;1.0;0.9996248103357642;0.9994217762469348;1.0;0.9999752496349293;0.9999213866757221;0.9999393813232684;1.0;1.024999976158142;
2016-05-17 10:15:00;0.9999130565504016;1.0;0.9999290024449945;0.9999207995657864;0.9999586328269361;0.9999285667084873;1.000344376904016;0.9998466465008905;1.0;1.0;0.9999346114789036;1.0;1.0000421505616317;0.9998933787373772;0.9997990205785701;0.9998079041483006;0.9998101494730257;0.9999566460196064;1.0;0.9999443693479252;0.9999122168139266;0.9999529871364774;0.9998094198896573;1.0003233314452749;1.0003534939677543;0.9999242298127066;0.9999456204813104;0.9999404818958765;1.0;0.9997339926217261;0.9997011222296979;0.9998243502071303;0.9999692032954535;0.9998230550589746;0.9999999999999999;1.0;0.9996435585000131;0.9994389566563693;1.0;0.9999651401284351;0.9999170487598569;0.9999317851172033;1.0;1.024999976158142;
2016-05-17 10:30:00;0.9998685322274522;1.0;0.9998834409138722;0.9998785856743925;0.9999285442780599;0.9998880638401464;1.0003643723303182;0.999765978953921;0.9999999999999999;1.0;0.9998955550307274;1.0;1.000045103429865;0.9998339296270399;0.9997003178160931;0.9997173265524273;0.9997205988454251;0.9999269420911284;1.0;0.999913433395034;0.999872872418888;0.9999232007001835;0.9997196262462754;1.00034220107214;1.0003738456100095;0.999889386041896;0.9999136516895738;0.9999069129340433;1.0;0.9997308155329356;0.9997071248436372;0.9998425131408168;0.9999452734282929;0.9998930197464933;1.0;1.0;0.999614978805491;0.9994024496916678;1.0;0.9999384735080042;0.9998804360064975;0.9998881552527377;1.0;1.024999976158142;
2016-05-17 10:45:00;0.9998737254389166;1.0;0.9998865014500103;0.9998847662968869;0.9999251614349085;0.9998938566620805;1.00035415631793;0.9997849806721582;1.0;1.0;0.9999002960847274;1.0;1.0000439417042974;0.9998440768713923;0.9997258761960047;0.9997447648681174;0.999747768191842;0.9999236556723355;0.9999999999999999;0.9999169798091196;0.9998786892832926;0.9999264621290836;0.9997468730600041;1.00033295662631;1.000363065782965;0.9998953857429249;0.9999174349988625;0.9999120439144397;1.0;0.9997537752532549;0.9997213401769215;0.9998493625569047;0.9999416928592392;0.9998926111637855;1.0;1.0;0.9996396545379699;0.9994355940604014;0.9999999999999999;0.9999347127305165;0.9998864304464417;0.9998915824214968;1.0;1.024999976158142;
2016-05-17 11:00:00;0.9998805996583231;1.0;0.9998855111449464;0.9998879343490944;0.9999344363667673;0.9998945496277348;1.0003433724974518;0.9997925792707008;0.9999999999999999;1.0;0.9998943771629274;1.0;1.0000421794594727;0.9998541736644795;0.9997507103618274;0.9997608357718648;0.9997628402097859;0.9999325643752013;0.9999999999999999;0.9999152516520716;0.9998815617970829;0.9999146114303888;0.9997621820069001;1.0003226759631219;1.0003522057996672;0.9998953088019925;0.9999068470858468;0.9999145215674843;1.0;0.999750100022433;0.9997214727574721;0.9998490511132604;0.9999547753875225;0.9998903414430426;1.0;0.9999999999999999;0.9996449617233207;0.999424645785312;0.9999999999999999;0.9999478300999373;0.9998874086182394;0.9998875730656425;0.9999999999999999;1.024999976158142;
2016-05-17 11:15:00;0.9999166211360447;1.0;0.9999226642436904;0.9999217595095392;0.9999585589794279;0.9999269366425998;1.0003344845450177;0.9998536219296912;0.9999999999999999;1.0;0.9999270450362486;1.0;1.0000411313998778;0.9998990477631157;0.9998226288845329;0.9998275905440484;0.9998289985018877;0.9999567911834114;1.0;0.9999411203398094;0.9999151876141887;0.9999409930589738;0.9998285044108909;1.0003142368636664;1.0003431507457496;0.9999249863652746;0.9999351129118337;0.99994080290661;1.0;0.9997320580515571;0.9997196395824915;0.999852190083695;0.9999727577956814;0.9999073768638373;1.0;1.0;0.9996655787598475;0.9994728765063078;1.0;0.9999681731031406;0.9999190009476508;0.9999236580314197;1.0;1.024999976158142;
2016-05-17 11:30:00;0.9999249142293782;0.9999999999999999;0.9999388286152093;0.9999331376445323;0.9999637806322319;0.9999403040940225;1.0003422497767858;0.9998814783225047;1.0;0.9999999999999999;0.9999424476476727;1.0;1.0000411312673332;0.9999172581187828;0.9998492225106496;0.9998544420893827;0.9998558327666334;0.999961015499026;1.0;0.9999505764491823;0.9999199061132221;0.9999555955503324;0.9998552732944243;1.0003215772641516;1.0003512547881224;0.9999315112965272;0.9999488335671668;0.9999515843707026;1.0;0.9997168963064053;0.9996990707558235;0.9998337104969965;0.9999753847508733;0.9998686669981303;1.0;1.0;0.9996575172644148;0.9994794548030411;1.0;0.9999714919921437;0.9999238683441307;0.9999403180212754;1.0;1.024999976158142;
2016-05-17 11:45:00;0.9999102678912661;1.0;0.9999265493374666;0.9999190159240703;0.9999582999816011;0.9999272469221014;1.0003604962606094;0.9998509987083166;1.0;1.0;0.9999307607607362;1.0;1.0000433108283258;0.9998969174847495;0.9998093242345182;0.9998156123594558;0.9998174560472411;0.9999553999790255;1.0;0.9999410153157016;0.999905679858227;0.9999473226670998;0.9998167680313839;1.0003385315068067;1.0003701363443076;0.9999187436100034;0.999939451286014;0.9999405223598753;0.9999999999999999;0.9997204912162662;0.9996830538127528;0.9998114962142898;0.9999714038644922;0.9998064622211292;1.0;1.0;0.9996357234006089;0.9994364706746702;1.0;0.9999669586477307;0.9999103136559853;0.9999284117219516;0.9999999999999999;1.024999976158142;
2016-05-17 12:00:00;0.9999421570042972;1.0;0.9999489315506711;0.9999463391240592;0.9999717676422174;0.9999505590283259;1.0003462954617732;0.9998980494828503;1.0;1.0;0.9999522293836133;1.0;1.000043159882445;0.9999294963196771;0.99987234601124;0.9998767737633573;0.9998779632163362;0.999970500731734;0.9999999999999999;0.9999607065533602;0.9999413508780931;0.9999629416022328;0.9998775616817405;1.0003254527907066;1.0003550639729757;0.9999486202455062;0.9999585272926937;0.9999594896973287;1.0;0.9997225128410736;0.9996850856725374;0.9998131144528363;0.999980487079484;0.9998064307772998;1.0;0.9999999999999999;0.9996476200245206;0.9994580903287186;1.0;0.999977498654087;0.9999442206676022;0.999950092436309;1.0;1.024999976158142;
2016-05-17 12:15:00;0.9999191480486738;1.0;0.999929777093976;0.9999254316480676;0.9999630472090362;0.9999317149973717;1.000340249114645;0.999862015816511;1.0;1.0;0.9999327723119636;0.9999999999999999;1.0000412027773211;0.9999056821040838;0.9998293337087621;0.9998330645295913;0.9998344774423651;0.9999606281551782;1.0;0.9999443951054279;0.9999151062513082;0.9999464015878484;0.9998339363911056;1.0003195396582927;1.0003492720003495;0.9999257119809238;0.9999398880864135;0.9999446800276207;1.0;0.999733674253801;0.9997075086860692;0.9998357018901312;0.999976347992031;0.9998598037354613;1.0;1.0;0.9996630906992918;0.9994750008584318;1.0;0.9999721681031813;0.9999188120783896;0.9999306595303533;1.0;1.024999976158142;
2016-05-17 12:30:00;0.9998964913283892;1.0;0.9998990395027044;0.9999031305089053;0.9999450246145453;0.9999087006010354;1.0003494868744058;0.9998301868776197;1.0;1.0;0.9999043379903649;1.0;1.0000422345163236;0.9998817448775724;0.999805147268709;0.9998094186198311;0.9998104635194919;0.9999424065091013;1.0;0.9999235901758434;0.9998926171380912;0.9999183495942019;0.9998100052637883;1.000328542341133;1.0003585090446174;0.9999048948360907;0.9999115049231158;0.9999276452883976;1.0;0.9997122071918934;0.9997012025513385;0.9998332888050585;0.9999659818281886;0.9998614442492083;1.0;1.0;0.9996762027537758;0.9994998007089085;1.0;0.9999595972083851;0.9998970435323979;0.9998992114698619;1.0;1.024999976158142;
2016-05-17 12:45:00;0.9999015724951719;1.0;0.9999124967856818;0.9999102655561;0.9999491438886329;0.999917729706403;1.000350584586846;0.9998402415177883;1.0;1.0;0.9999182557841276;1.0;1.0000421662185042;0.9998879149589447;0.9998043950158978;0.9998113543259186;0.9998129423420326;0.9999463418685346;1.0;0.9999322075886856;0.9998977493932882;0.9999345015137646;0.9998123284096125;1.0003294460503829;1.0003597718785786;0.9999112326195864;0.9999268260569346;0.9999336593279691;1.0;0.9997340015226106;0.9997112525045254;0.9998372414438115;0.9999657757333256;0.9998603464637447;1.0;1.0;0.9996271121281527;0.9994189642597514;1.0;0.9999602617471753;0.9999026827325151;0.9999140654545288;1.0;1.024999976158142;
2016-05-17 13:00:00;0.9998279380936266;1.0;0.9998720312203911;0.9998524396601441;0.9999223306141747;0.9998727022730275;1.0003707284049916;0.9997582647251296;1.0;0.9999999999999999;0.9998770656583078;1.0;1.0000383340800914;0.9998311425353764;0.9996882559017233;0.9996963564459876;0.9996990630142002;0.9999132092510312;1.0;0.999889464325115;0.999805858675387;0.9999047602222084;0.999697712045694;1.00034771239414;1.0003821245713476;0.9998369119237981;0.9998868497272608;0.9998982901808217;1.0;0.9997061196717841;0.9996820336470671;0.9998223900113363;0.999950055671823;0.9998535739220702;1.0;1.0;0.999639644942939;0.9994535206190268;1.0;0.9999413023697347;0.9998149954364085;0.9998746138908798;1.0;1.024999976158142;
2016-05-17 13:15:00;0.9998427376975392;1.0;0.9998777999024681;0.9998625798366853;0.9999310311325824;0.9998795225704962;1.0003616118404275;0.9997710143707839;1.0;1.0;0.9998810067259273;1.0;1.0000382909365753;0.9998422814074114;0.9997121941891106;0.9997166848906736;0.9997188910556413;0.999923035836202;1.0;0.9998957066456602;0.9998228571667981;0.9999048487941734;0.9997177505734197;1.0003391423064545;1.0003725779245263;0.999849408770903;0.9998892720729498;0.9999041798156543;1.0;0.9997147675175618;0.9997012302264837;0.999833074495195;0.9999581262341386;0.9998621389913777;1.0;1.0;0.9996454983688203;0.9994739960600489;1.0;0.9999500009170355;0.9998305037670129;0.9998790473258792;1.0;1.024999976158142;
2016-05-17 13:30:00;0.9998654739024334;1.0;0.9998985222974484;0.9998857302808554;0.9999388809074149;0.9999016409062357;1.0003635817429932;0.9998247157840763;1.0;0.9999999999999999;0.9999007531417656;1.0;1.0000383407904485;0.9998776654691419;0.9997815659556518;0.9997844155425107;0.9997858321573826;0.9999306421839246;1.0;0.9999110941518032;0.9998434194517365;0.9999188743359346;0.999784882146308;1.0003413865041495;1.0003743135172039;0.9998686518775203;0.9999046361631398;0.9999231183172381;1.0;0.9997046075192509;0.9996863286940479;0.9998147596210331;0.9999639245217912;0.9998126714961668;1.0;1.0;0.9996131798486864;0.9994452919166906;1.0;0.9999565773834517;0.9998501613962497;0.9998992251910718;1.0;1.024999976158142;
2016-05-17 13:45:00;0.9998815847359833;1.0;0.9999044372234399;0.9998953016355749;0.9999467115198915;0.9999070664957072;1.0003530087242944;0.9998234664268539;0.9999999999999999;0.9999999999999999;0.999907218644056;1.0;1.0000396341411018;0.9998784424941379;0.999781341897217;0.999784735347645;0.9997863298701077;0.9999411256435714;0.9999999999999999;0.9999200737157072;0.9998681252057741;0.9999248456832812;0.9997855190705524;1.0003313731473817;1.0003630563764467;0.999887163907754;0.9999136915391656;0.9999261123438872;1.0;0.9997289064069035;0.9997100171986281;0.9998379502703909;0.9999677121489129;0.9998658593708886;0.9999999999999999;1.0;0.9996172371610959;0.9994309696107393;1.0;0.9999614253436855;0.9998737338073762;0.9999052174972578;1.0;1.024999976158142;
2016-05-17 14:00:00;0.9999014548308408;1.0;0.9999225353597453;0.9999142247386709;0.9999521390928089;0.9999246714360678;1.000346442676915;0.9998558902533716;1.0;1.0;0.9999269028145356;1.0;1.000039974985727;0.9998984934358315;0.9998162594248317;0.9998225921787487;0.9998242140743021;0.9999476977095689;1.0;0.9999357901925742;0.9998919762323396;0.9999432035919774;0.9998234763027244;1.0003254590943873;1.000355906125033;0.9999087025984593;0.9999336935063997;0.9999394965718247;1.0;0.9997252512826389;0.9997098392258876;0.9998357818000582;0.9999679918418196;0.9998558396239637;1.0;1.0;0.999635467883163;0.9994567692769625;1.0;0.999962773790956;0.9998972996470181;0.9999243549812337;1.0;1.024999976158142;
2016-05-17 14:15:00;0.9998594268454447;1.0;0.9998954950700604;0.9998775260755349;0.9999410377811936;0.9998936474089243;1.0003565256119828;0.9997892933532436;1.0;1.0;0.9998983355665892;1.0;1.0000385649090657;0.999855543668729;0.9997269644743559;0.9997322819100909;0.9997347449329437;0.9999339781381621;1.0;0.9999095681645878;0.9998424459450488;0.9999219510628139;0.9997336025118903;1.0003342584487573;1.000367280872514;0.9998665191994565;0.9999074787403261;0.9999143385237478;1.0;0.9997295122529583;0.9997012140982598;0.9998330849277057;0.9999628382419485;0.9998621797385971;1.0;1.0;0.9996649179452823;0.9994967602083523;1.0;0.9999560871940908;0.9998495468822423;0.9998973985773807;1.0;1.024999976158142;
2016-05-17 14:30:00;0.9997506846125577;1.0;0.9997975609209971;0.999780040239698;0.9998438256072455;0.9998036490400467;1.0003984805884916;0.9995814967589542;0.9999999999999999;1.0;0.9998348502486799;0.9999999999999999;1.0000494851679873;0.9996860687987373;0.9994235426930669;0.9994802195473758;0.9994885513227967;0.9998422065389585;0.9999999999999999;0.9998533472260247;0.9997704081666106;0.9998995168920568;0.99948624743629;1.0003745285463894;1.0004085696394325;0.9998081593134623;0.9998795144979751;0.9998318681384932;1.0;0.999734089750553;0.9997024381778032;0.9998347077648483;0.9998625220512306;0.9998640251715442;1.0;1.0;0.9996597977695593;0.9994855781200271;0.9999999999999999;0.999850203201549;0.9997893335300123;0.9998146877460727;1.0;1.024999976158142;
2016-05-17 14:45:00;0.9997538073145302;1.0;0.9998086048068874;0.9997869993764502;0.9998554295363311;0.9998132193633851;1.0003799755416007;0.9996157681960579;1.0;0.9999999999999999;0.9998377738495609;1.0;1.000043245071546;0.9997145075824833;0.999474194002767;0.9995192274249484;0.9995262657012051;0.9998499638559376;1.0;0.9998534494756914;0.9997572482207713;0.9998950081223487;0.9995240322487198;1.0003569093888287;1.0003905077581985;0.9997984232924055;0.9998728379360176;0.9998428636892249;1.0;0.9997392583785485;0.9997153880249234;0.99984280031088;0.9998794994335487;0.9998741763140697;0.9999999999999999;0.9999999999999999;0.9996800093789079;0.9995037867539996;1.0;0.9998671395912563;0.9997748587059443;0.9998224095780336;0.9999999999999999;1.024999976158142;
2016-05-17 15:00:00;0.9998147077020564;1.0;0.9998552596660424;0.9998385912082391;0.9998971592191076;0.9998580273287788;1.0003543061368891;0.9997096201627778;1.0;1.0;0.9998737102134864;1.0;1.000040571820366;0.9997878261627104;0.9996086759569955;0.9996371325420225;0.999642008619236;0.9998923075833067;1.0;0.9998871685797219;0.9998133156929078;0.9999143308081355;0.9996403866161966;1.0003326982697551;1.0003641678885389;0.9998438034301784;0.9998975206602968;0.9998815725665683;1.0;0.9997391210054777;0.9997261441717308;0.9998484529908173;0.999917609822002;0.9998759227716508;0.9999999999999999;1.0;0.9997397193959979;0.9995615920561143;1.0;0.9999083371055655;0.9998256923815275;0.9998639723216158;1.0;1.024999976158142;
2016-05-17 15:15:00;0.9998434641966442;1.0;0.9998829143694588;0.9998627886210851;0.9999279114252537;0.9998802187228608;1.0003379281016123;0.9997509161342114;1.0;1.0;0.9998912185400565;1.0;1.0000373912347382;0.9998256694732137;0.9996672396646216;0.9996815189230304;0.9996852472046529;0.9999220560981407;1.0;0.9999029440884267;0.9998337284780417;0.9999227761468251;0.9996838565911185;1.000316734818849;1.000348043824567;0.9998595182831288;0.9999074076800132;0.999901097015648;1.0;0.9997320299952702;0.9997190056765728;0.9998433718404696;0.9999474265431296;0.9998673408126131;1.0;1.0;0.9997608717778004;0.9995935651948559;1.0;0.9999401908213883;0.9998427588053266;0.9998877139404473;0.9999999999999999;1.024999976158142;
2016-05-17 15:30:00;0.9998021109504507;1.0;0.9998494845070207;0.9998230953539282;0.999909710414335;0.9998437241960421;1.0003505841467597;0.9996600803219258;1.0;1.0;0.9998620664519606;1.0;1.0000394217364732;0.999762918184564;0.9995418340689886;0.9995635217567058;0.9995690538765785;0.9999043361309412;1.0;0.9998784671793841;0.9997976817216826;0.9999061110257929;0.9995672227978715;1.0003280871343698;1.0003613715716297;0.9998275044600847;0.9998877625938964;0.9998689305529453;1.0;0.9997508406071399;0.9997275835856517;0.999843408077557;0.9999306892543068;0.9998508072744228;1.0;0.9999999999999999;0.9997475716056368;0.9995576111586356;0.9999999999999999;0.9999221167441461;0.9998092689046275;0.9998567947561796;1.0;1.024999976158142;
2016-05-17 15:45:00;0.9998667650865899;1.0;0.9998938361320915;0.9998779626323362;0.9999458612773071;0.9998903460518165;1.0003221814005767;0.9997637667591229;1.0;0.9999999999999999;0.9998980265855076;1.0;1.0000371367913106;0.9998402060996092;0.9996932993325107;0.9997006966926281;0.9997038265677017;0.9999418060518177;0.9999999999999999;0.9999132735673371;0.999860300906784;0.9999242456138905;0.9997027194584378;1.0003016861774265;1.0003317840343648;0.9998785393222578;0.9999123776297969;0.9999094291403408;1.0;0.9997570248944004;0.9997398997444771;0.9998620307538796;0.9999635751721349;0.9999073764581385;1.0;1.0;0.999753808710389;0.9995728630099844;1.0;0.9999577042066763;0.9998667577585165;0.999896374173689;1.0;1.024999976158142;
2016-05-17 16:00:00;0.9999302507972668;1.0;0.9999387135467436;0.9999332449246252;0.9999721114986583;0.9999379440549382;1.0003110422887016;0.9998643221315839;0.9999999999999999;1.0;0.9999406517659888;1.0;1.0000385435307262;0.9999095180854701;0.9998293861222665;0.9998322102644109;0.9998338049225611;0.9999708078943392;0.9999999999999999;0.9999520509908517;0.9999293505387836;0.9999540777157591;0.9998332942924268;1.0002918459823982;1.0003193435819335;0.9999367591918317;0.999948860837999;0.999948744012618;1.0;0.999733531337141;0.9997244144860606;0.9998528764017872;0.9999821382395987;0.9998975126782442;1.0;1.0;0.9997551020586114;0.9995674978293039;1.0;0.9999789857384097;0.999932264524307;0.9999395291510595;1.0;1.024999976158142;
2016-05-17 16:15:00;0.9999348422297747;0.9999999999999999;0.9999426863922476;0.9999391624746423;0.9999716015772292;0.9999439271748223;1.000306967791921;0.9998852754696832;0.9999999999999999;1.0;0.9999445226639683;0.9999999999999999;1.0000374979056292;0.9999224796178735;0.9998589399193103;0.9998610771426747;0.999862207580838;0.9999697402521119;1.0;0.9999546168386134;0.9999316448593245;0.9999553944597813;0.9998617798891603;1.000288270087439;1.0003150617967016;0.9999396815025269;0.9999502754521137;0.9999545626530737;1.0;0.999757969960024;0.9997438491270768;0.9998629870376121;0.9999824924610312;0.999903629694345;1.0;1.0;0.9997544926403199;0.9995639989744524;0.9999999999999999;0.9999791848010313;0.9999344310684395;0.9999431377982017;1.0;1.024999976158142;
2016-05-17 16:30:00;0.9999425224774982;0.9999999999999999;0.9999482649181811;0.9999464609086391;0.9999736889748965;0.9999504699023823;1.0003032670414536;0.9999015888120096;1.0;1.0;0.9999500488553444;1.0;1.0000371982482814;0.9999330823486021;0.9998811893027851;0.9998829512620835;0.9998838071489053;0.999971982445496;0.9999999999999999;0.999959324250475;0.9999394239524012;0.9999589877085451;0.9998834624858994;1.0002849444716522;1.0003111151749653;0.9999465853202311;0.9999545834930879;0.9999601880611734;1.0;0.9997352393674896;0.999728597762735;0.9998553544395792;0.9999839809001012;0.999898714315822;1.0;0.9999999999999999;0.9998552927806732;0.999790205336994;1.0;0.9999808874206032;0.9999418667261065;0.9999485154446988;1.0;1.024999976158142;
2016-05-17 16:45:00;0.9999064428150084;1.0;0.9999184476753296;0.9999130909864822;0.9999509316768093;0.9999199700128949;1.0003095672149243;0.9998268403375823;1.0;0.9999999999999999;0.9999269655328717;0.9999999999999999;1.0000387989676398;0.9998780451293603;0.9997748088754486;0.9997873949185221;0.9997900032977473;0.9999500417502395;1.0;0.9999394185605012;0.9999105912960311;0.9999479195581179;0.9997892551664712;1.0002906809206156;1.000317573174591;0.9999220184964515;0.999941044641164;0.9999327869582094;1.0;0.9997543745033416;0.9997288949403386;0.9998584851466915;0.9999616013198762;0.9999103540286186;0.9999999999999999;0.9999999999999999;0.9998781056486624;0.9998507089968205;1.0;0.9999570467390345;0.9999160160958436;0.9999221344977238;1.0;1.024999976158142;
2016-05-17 17:00:00;0.9998330406236046;1.0;0.9998628796284763;0.9998482246184816;0.9999073073069396;0.9998627693007065;1.0003302280253126;0.9996941726786948;1.0;1.0;0.999882635858512;1.0;1.0000412695953216;0.9997798633780514;0.9995845602376481;0.9996156066839187;0.9996212509351498;0.9999062840765933;1.0;0.9998990315117084;0.9998447819371272;0.9999253630175101;0.9996196953474324;1.0003097560944503;1.000339050771953;0.9998673061549643;0.9999122158773492;0.9998824357048985;1.0;0.9997350261487195;0.999707494242552;0.9998477385803981;0.9999207538627659;0.9999046975602043;0.9999999999999999;1.0;0.9999008655543576;0.9998750560115024;1.0;0.9999131115700545;0.9998560724226233;0.9998725457611088;1.0;1.024999976158142;
2016-05-17 17:15:00;0.999872235479256;1.0;0.9998917273141206;0.9998842679342551;0.9999254303164288;0.9998948602803079;1.0003060891389033;0.9997741577995284;1.0;1.0;0.9999072149373085;1.0;1.0000382214151509;0.9998359459012268;0.9996985386882354;0.9997218253941781;0.9997257258378718;0.9999244026106083;0.9999999999999999;0.999920862087849;0.9998802214229234;0.999937944224101;0.9997246283711863;1.0002875179345296;1.0003139456038952;0.9998977245313279;0.9999281668624873;0.9999108915620379;0.9999999999999999;0.9997484838168197;0.9997256834100591;0.9998570323579862;0.9999378042550865;0.9999085843082389;1.0;1.0;0.9999534284705882;0.9999304121037045;1.0;0.999931433632552;0.9998888072251297;0.9998986722687213;1.0;1.024999976158142;
2016-05-17 17:30:00;0.9998727804065157;1.0;0.9998917160345928;0.9998840150969275;0.9999262050724825;0.9998942670528406;1.0003106628170528;0.9997700073824853;1.0;1.0;0.9999075093878188;1.0;1.000039222208547;0.9998332910425262;0.9996922820944353;0.9997160978135854;0.9997201412940188;0.9999255954628838;1.0;0.9999214017310436;0.9998823096721524;0.999938915552651;0.9997190355328726;1.0002917760169325;1.0003185886959265;0.9998991377195886;0.9999294100065542;0.9999100131631337;1.0;0.9997458238254606;0.9997349912511195;0.99986112797444;0.9999377769860646;0.9999086798020995;0.9999999999999999;1.0;0.9999618115653056;0.9999526723468763;1.0;0.9999315639436165;0.9998908710720766;0.999898842707651;1.0;1.024999976158142;
2016-05-17 17:45:00;0.9998664122510693;1.0;0.9998886452917117;0.9998800833842106;0.9999230747915943;0.9998918077740122;1.0003094532880086;0.9997712339864949;1.0;1.0;0.9999040580028786;1.0;1.000037992401551;0.9998335548475812;0.9996947834200014;0.9997179313901086;0.9997218145949953;0.9999213851326585;1.0;0.9999173222525148;0.9998723085156204;0.9999352338333263;0.9997206752563464;1.0002906827192788;1.0003175121639403;0.9998914662304969;0.9999245933098806;0.9999087747991652;1.0;0.9997439203170465;0.9997475332402815;0.9998681386660675;0.9999366776773542;0.999914936015394;1.0;1.0;0.999968838822847;0.9999604934866809;1.0;0.99992998140759;0.9998812234969676;0.9998955454994564;1.0;1.024999976158142;
2016-05-17 18:00:00;0.999843762298822;1.0;0.9998724455073319;0.999858611147067;0.9999157918735312;0.9998725922796036;1.0003108605673698;0.9997213432449097;1.0;0.9999999999999999;0.9998889264515343;1.0;1.0000379588239705;0.9998003757164602;0.9996247436453747;0.9996505132150253;0.9996553822602416;0.9999139460789075;1.0;0.9999042295056823;0.9998507751535415;0.9999267396602723;0.9996539728100369;1.0002915681622337;1.000319344816162;0.9998724846168039;0.999914060371173;0.9998918335545796;1.0;0.9997464808207823;0.9997588084015524;0.9998736811302734;0.9999302721329076;0.9999175811944043;1.0;0.9999999999999999;0.999960962428349;0.9999510292776328;0.9999999999999999;0.9999230024128495;0.9998609368962182;0.9998804328284469;1.0;1.024999976158142;
2016-05-17 18:15:00;0.9998617128165568;1.0;0.999892295478966;0.9998743471444103;0.9999351720383141;0.9998877047201918;1.0003026797218124;0.9997466363864361;1.0;1.0;0.9999029950574707;1.0;1.0000362828040896;0.9998231892431705;0.9996561783049916;0.99967451261831;0.9996789140325181;0.9999327577718565;1.0;0.9999158099570867;0.9998641295362446;0.9999364289643293;0.9996775876717254;1.0002834817169575;1.0003113954132548;0.9998833500265096;0.9999243543276437;0.999904505372848;0.9999999999999999;0.9997430658812347;0.9997274795247624;0.9998580098203218;0.9999476899580599;0.9999091660575524;1.0;1.0;0.9999710573286965;0.9999623308418769;1.0;0.9999418993173094;0.9998724885301525;0.9998984379006509;0.9999999999999999;1.024999976158142;
2016-05-17 18:30:00;0.9999092613316131;1.0;0.999926879022394;0.999915648515641;0.9999623562381792;0.9999235667358027;1.0002793902100802;0.999828096544043;1.0;1.0;0.9999311100668234;1.0;1.0000339036409236;0.9998833714996231;0.9997733508423308;0.9997808505393597;0.9997834206951767;0.9999605240150085;1.0;0.9999419589022467;0.9999087548303209;0.9999511656129729;0.9997826165559675;1.0002618164688293;1.0002872398625426;0.9999201664073193;0.9999434988836424;0.9999357861057351;1.0;0.9997825766547618;0.999800594090233;0.9998947107770049;0.9999725105093238;0.9999283347656036;0.9999999999999999;1.0;0.9999751825253723;0.9999664560025533;1.0;0.9999687367989444;0.9999133892764844;0.9999294562146498;1.0;1.024999976158142;
2016-05-17 18:45:00;0.9998399733591722;1.0;0.9998838941988071;0.9998400008669311;0.9999745654973303;0.9998539280598452;1.0002900176558212;0.9996058826559796;0.9999999999999999;1.0;0.9998808474174319;1.0;1.00003547299321;0.9997514057693679;0.9994601426371625;0.9994639802929545;0.9994708418681204;0.9999734012620108;0.9999999999999999;0.9999018801602063;0.9998437650838433;0.999926019059672;0.9994689563838272;1.0002684483893114;1.0003007813665654;0.999856490812264;0.9999120417052947;0.999871955400326;1.0;0.9997516025493659;0.9997837450341474;0.9998847921583158;0.9999825573951703;0.9999177353065232;1.0;1.0;0.9999771683205013;0.9999692357345501;1.0;0.9999798457381398;0.9998496666658033;0.9998875645207196;1.0;1.024999976158142;
2016-05-17 19:00:00;0.9999201943314368;1.0;0.9999375824321904;0.9999217743234907;0.9999792483204462;0.9999282032772643;1.0002697844653674;0.9998203481338218;1.0;1.0;0.9999377789780555;0.9999999999999999;1.000033476026748;0.9998842109468188;0.9997600706307652;0.9997629266585829;0.9997657494411537;0.9999783078110266;1.0;0.9999490269182495;0.9999210627858501;0.9999576440516827;0.9997649414013375;1.0002521558445687;1.0002777567021301;0.999928406164415;0.99995102258187;0.9999383960429735;1.0;0.9997785770711077;0.9998039726275272;0.9998951955183516;0.9999860241983097;0.9999232823215847;1.0;1.0;0.9999708921495306;0.9999625467962282;1.0;0.9999837750431411;0.9999242469017461;0.9999392015008183;1.0;1.024999976158142;
2016-05-17 19:15:00;0.999926536011185;1.0;0.9999333417267057;0.9999287834395827;0.9999706922597764;0.9999331154080981;1.0002678638288338;0.9998541221951838;0.9999999999999999;1.0;0.9999352617251325;1.0;1.0000331355818475;0.9999030586842421;0.9998188940761341;0.9998213526594629;0.9998229679656913;0.9999695510932363;1.0;0.9999484521537807;0.9999262088894488;0.9999490796350129;0.9998224632958148;1.0002511564274001;1.0002751585752194;0.9999333252505902;0.999943932759589;0.9999448740597289;1.0;0.9997786571373373;0.9998055291959708;0.9998978913909635;0.9999817049116078;0.9999318564180748;1.0;1.0;0.9999821860516745;0.9999750473852653;1.0;0.9999783230076823;0.9999290986063277;0.9999339478156026;1.0;1.024999976158142;
2016-05-17 19:30:00;0.9999039169628392;1.0;0.9999166932873131;0.999908988797015;0.999960768765619;0.9999159097011108;1.0002790326616497;0.9998183822082876;1.0;1.0;0.99991958404363;1.0;1.000033625239753;0.9998782396867799;0.9997711720850078;0.9997753862052037;0.9997775239322342;0.999958711489253;1.0;0.9999344037511035;0.9999018444884171;0.999937872660256;0.9997768177006217;1.0002614637429144;1.0002869276453445;0.9999127263797706;0.9999304522802347;0.9999307127616632;1.0;0.9997542238535081;0.9997756020483782;0.9998815213139625;0.9999746581887475;0.9999183821578852;0.9999999999999999;1.0;0.9999848344839604;0.9999756950551115;0.9999999999999999;0.9999702534461752;0.9999060007879447;0.999917912231751;0.9999999999999999;1.024999976158142;
2016-05-17 19:45:00;0.9999360702263874;1.0;0.9999403919892754;0.9999382033893774;0.9999711605280318;0.9999416722597563;1.0002656651599706;0.9998748055141459;1.0;1.0;0.9999434030364597;1.0;1.0000333117286635;0.9999153423514472;0.9998452289111122;0.9998490168816301;0.9998504229886583;0.9999704421680456;1.0;0.9999550988408683;0.999937170109187;0.9999555823512386;0.9998500029561438;1.000249360191859;1.0002726041611378;0.999943376748035;0.9999513651134369;0.9999519011154366;0.9999999999999999;0.9997868753967235;0.999802976616744;0.999894487128176;0.9999807334951267;0.9999215729920293;1.0;1.0;0.9999856412806495;0.999978089765252;0.9999999999999999;0.9999775869469709;0.9999399224037969;0.9999413002818924;1.0;1.024999976158142;
2016-05-17 20:00:00;0.9999278059078847;1.0;0.9999349109948827;0.9999279152473595;0.9999747208165707;0.9999317294406439;1.0002632011749337;0.9998396666593756;1.0;1.0;0.999936732802281;1.0;1.0000334135727549;0.9998948546399635;0.9997957087022822;0.9997988764468829;0.9998009918756171;0.9999744973210014;1.0;0.9999503421316794;0.9999307957924202;0.999952797669974;0.9998004200590613;1.0002464833299463;1.0002704524787334;0.9999362438884852;0.9999480390102878;0.999942446567836;1.0;0.9997941544232085;0.9998081032407814;0.9998985908353877;0.9999832576679093;0.999929294896385;1.0;1.0;0.9999844198185762;0.9999752803935174;1.0;0.999980477971511;0.9999335518549278;0.9999359847622713;1.0;1.024999976158142;
2016-05-17 20:15:00;0.9999200992576418;1.0;0.9999298516506082;0.9999207317239819;0.9999719381854938;0.9999254161799247;1.0002693263660702;0.9998222341794888;0.9999999999999999;1.0;0.9999323239169642;1.0;1.0000341899147112;0.9998830215800117;0.9997701159573087;0.9997747401806792;0.9997772678645926;0.9999717254266551;1.0;0.9999463396797389;0.9999238617103724;0.9999510351036365;0.9997765884206659;1.0002520977456753;1.00027684405042;0.9999302598031814;0.9999455451566591;0.9999366880970558;0.9999999999999999;0.9997731045871115;0.9997835208820325;0.9998851730459711;0.9999803907128572;0.9999183784605816;0.9999999999999999;1.0;0.999986831867249;0.9999796931676743;1.0;0.9999774521231244;0.9999271412885562;0.9999315024220184;1.0;1.024999976158142;
2016-05-17 20:30:00;0.9999309921396676;1.0;0.9999366211960742;0.9999330158254746;0.999968743734407;0.9999368360370334;1.0002644876805111;0.999859308529632;0.9999999999999999;0.9999999999999999;0.9999407272451075;1.0;1.0000335395752684;0.9999045474809356;0.9998218687644369;0.9998277208478064;0.9998295671585194;0.9999684191257606;1.0;0.9999528571691786;0.9999342346383591;0.9999555124449362;0.9998290590031875;1.0002481426014451;1.0002714170465774;0.9999406795339107;0.9999510004534807;0.9999471302926964;1.0;0.9997704136263449;0.999805186704128;0.9998952077812632;0.999977509448337;0.9999204517087729;1.0;0.9999999999999999;0.999985206772405;0.9999768612996386;0.9999999999999999;0.9999743296965757;0.9999374456638185;0.9999382691836486;1.0;1.024999976158142;
2016-05-17 20:45:00;0.9999430782089384;1.0;0.9999467437776086;0.9999451887079669;0.9999733422442955;0.9999482838058956;1.0002643873292434;0.9998897988318556;0.9999999999999999;0.9999999999999999;0.9999497966361581;1.0;1.0000332635987177;0.9999249995996815;0.9998638040124929;0.9998676589780059;0.9998689050864739;0.9999727234336813;1.0;0.9999601111461908;0.999944265669521;0.999960656645687;0.9998685340954298;1.000248276536804;1.000271179564042;0.9999499186670101;0.9999569205482718;0.9999573658295351;1.0;0.9997593367536168;0.9998036575824567;0.9998963329667405;0.9999818694931584;0.9999285997463739;1.0;0.9999999999999999;0.999986055947218;0.9999785044286893;1.0;0.9999790064388153;0.9999468026902837;0.9999476729494249;1.0;1.024999976158142;
2016-05-17 21:00:00;0.9999233572069811;1.0;0.9999319859221237;0.9999254819934992;0.9999696075161559;0.999930204916722;1.0002559575005308;0.9998417672225783;1.0;1.0;0.9999348573246646;1.0;1.00003200439866;0.9998944892271923;0.9997984292520369;0.9998029295980977;0.9998049981229011;0.9999688815769736;1.0;0.9999478796716731;0.9999251660625883;0.9999511965566688;0.9998044034138789;1.0002398284133993;1.000262996735479;0.9999323770314059;0.9999458026277547;0.9999415716597251;1.0;0.9997964729333935;0.9998547072712096;0.9999212297875704;0.9999792296712624;0.9999382901330305;0.9999999999999999;1.0;0.9999857497812502;0.999977404303952;1.0;0.9999759801522526;0.9999284547627191;0.9999333830790628;1.0;1.024999976158142;
2016-05-17 21:15:00;0.9999470961516944;1.0;0.9999496108141729;0.9999490042294678;0.9999736146874983;0.9999516710340035;1.000248047136779;0.9998973618208575;0.9999999999999999;1.0;0.999953202622686;1.0;1.0000314448301915;0.9999294284286122;0.9998731925026848;0.9998777475214675;0.9998789412011522;0.9999732594282777;1.0;0.9999629589820336;0.999949212694828;0.9999635414729341;0.9998786024703341;1.0002330064136726;1.0002543169406275;0.9999543647619331;0.9999602442192166;0.999960057017082;1.0;0.9998196650437826;0.999872393954281;0.9999269161603838;0.9999813827175897;0.999928521831021;1.0;1.0;0.9999865257001135;0.9999785930399322;0.9999999999999999;0.9999786439068555;0.9999516991887066;0.9999507153402821;1.0;1.024999976158142;
2016-05-17 21:30:00;0.9998940444298325;1.0;0.9999079255065284;0.9999019098809832;0.9999418515620588;0.9999097844643249;1.0002653898953375;0.9998031416933564;0.9999999999999999;1.0;0.9999192298756391;1.0;1.000033414102966;0.9998598271439598;0.9997409445526768;0.9997578272286655;0.9997610164192016;0.9999412634145831;1.0;0.9999326434591936;0.9999009024560255;0.9999442869648758;0.9997601367514;1.0002491059134868;1.0002722959259025;0.9999139581694226;0.9999365930596499;0.9999236658067631;1.0;0.9998144641673662;0.9998702423154762;0.9999279423087525;0.9999526896219004;0.9999373042305781;1.0;1.0;0.999984211234168;0.9999746906754002;1.0;0.9999475498526387;0.9999074555458488;0.9999129263480263;1.0;1.024999976158142;
2016-05-17 21:45:00;0.9998776823055052;1.0;0.9998914873647365;0.9998864613128078;0.9999343466540412;0.9998951257254262;1.0002700278645698;0.9997781289453229;1.0;0.9999999999999999;0.9999028030361976;1.0;1.0000333546607199;0.9998430052571561;0.9997149404268596;0.9997309960146346;0.999734164673864;0.9999331120025694;1.0;0.9999196553841655;0.9998826708373826;0.9999291391778937;0.9997332450834239;1.0002534040002216;1.0002772175348384;0.9998975986621154;0.999920366106391;0.9999124853195709;0.9999999999999999;0.9998161649947361;0.9998724521755359;0.999928865839262;0.9999493472881272;0.9999370206372254;1.0;1.0;0.9999846020399816;0.9999758754349609;1.0;0.9999431492274393;0.9998896833300566;0.9998959927114781;1.0;1.024999976158142;
2016-05-17 22:00:00;0.9999124463327478;1.0;0.9999259494252097;0.9999179438433377;0.9999616905325592;0.9999247509129563;1.0002556044675017;0.9998345001933823;0.9999999999999999;0.9999999999999999;0.9999303708313989;1.0;1.000031136077704;0.9998873249729857;0.9997861750343898;0.9997931723008053;0.999795452035012;0.9999601265498563;1.0;0.9999423727628843;0.9999125389323943;0.9999487971308955;0.9997947430497017;1.0002395886778686;1.000262713641423;0.999923000502919;0.9999418859770018;0.9999372292376391;1.0;0.999802049299625;0.9998636956987969;0.999923176325982;0.999972607259888;0.9999292643981882;0.9999999999999999;1.0;0.9999859882239407;0.9999776427446524;0.9999999999999999;0.9999686836775827;0.9999168845707163;0.9999281403941451;1.0;1.024999976158142;
2016-05-17 22:15:00;0.999898850796326;1.0;0.999910541321178;0.9999069950199987;0.9999466027243279;0.9999144878210089;1.000261360185068;0.9998251899057432;1.0;1.0;0.9999182851911493;1.0;1.000031575613848;0.9998768214640669;0.9997793603271203;0.9997899069061984;0.9997921020933974;0.999944683281632;1.0;0.9999322850689817;0.9998991757850305;0.9999378272482313;0.9997913904144625;1.0002454030991998;1.0002683418256322;0.9999123290650622;0.9999302061213698;0.9999296664006423;1.0;0.9998032564741959;0.9998621723022556;0.9999218645704089;0.9999610818861433;0.9999264197970895;1.0;1.0;0.9999852914159482;0.9999769459424753;1.0;0.9999557194491404;0.9999046725915103;0.9999133581539206;1.0;1.024999976158142;
2016-05-17 22:30:00;0.9998156286834696;1.0;0.9998482514718585;0.9998333315950403;0.9998953314255136;0.999849552833059;1.0002859630256593;0.9996694885953571;1.0;1.0;0.9998706561433268;1.0;1.000035262606837;0.9997605533913452;0.9995518342780996;0.9995865908929724;0.9995926543016843;0.9998939865396158;1.0;0.9998883326889497;0.9998279378654729;0.9999171486899173;0.999590965973844;1.0002681583844795;1.0002937499898734;0.9998534265015668;0.9999025831709011;0.9998714942760185;1.0;0.999807301761911;0.9998643247418717;0.99992266141182;0.9999107949269885;0.9999256855456236;1.0;1.0;0.9999856651375905;0.9999773196609986;1.0;0.999902124832868;0.9998405505150706;0.9998589464835919;1.0;1.024999976158142;
2016-05-17 22:45:00;0.9998259712077711;1.0;0.9998529429794103;0.9998421297718577;0.9999028605977868;0.9998566696196889;1.0002890875159267;0.9996958628252763;0.9999999999999999;1.0;0.9998718338757945;1.0;1.0000350499877022;0.9997807344438331;0.9995978280620988;0.9996258939371478;0.9996308605895177;0.999900884640891;0.9999999999999999;0.9998906892489433;0.9998337271378824;0.9999119427715341;0.9996294163558342;1.0002712259056756;1.000296959172904;0.9998574710160624;0.9998984684932519;0.9998793816980615;1.0;0.9998072267592648;0.9998633426642781;0.9999200489441281;0.9999211099402621;0.9999161786781143;1.0;0.9999999999999999;0.9999848219631251;0.999976095356185;1.0;0.9999125005262689;0.9998448540345312;0.9998612257507674;0.9999999999999999;1.024999976158142;
2016-05-17 23:00:00;0.9998419087632326;1.0;0.9998691731677228;0.9998554681918485;0.999916520426197;0.9998689391410401;1.0002815564765395;0.9997113358144514;1.0;0.9999999999999999;0.9998854468227065;0.9999999999999999;1.0000345581513264;0.9997944458408512;0.9996132857610333;0.9996386010306059;0.9996435617898799;0.9999150560593576;1.0;0.9999022001129829;0.9998501234327828;0.9999238765997803;0.9996421549662525;1.0002638800822277;1.000289369913374;0.9998709874252839;0.9999114457316014;0.9998886666560706;1.0;0.9998178591778148;0.9998718702621731;0.9999258112850385;0.9999311074182546;0.9999246849821203;1.0;1.0;0.9999852127713312;0.9999772801215653;0.9999999999999999;0.9999238647756461;0.9998601348208719;0.9998769867015478;1.0;1.024999976158142;
2016-05-17 23:15:00;0.9998389442331743;1.0;0.9998706824737567;0.9998542047126247;0.9999134046682577;0.9998689793507635;1.000277243104391;0.9997067768765497;0.9999999999999999;1.0;0.9998887284703672;1.0;1.0000340548876667;0.9997897025674546;0.9995995084405447;0.9996284166394057;0.9996338805367102;0.9999119908601425;1.0;0.9999033837404396;0.9998485259603317;0.9999299598724452;0.9996323449848109;1.0002598147915427;1.0002849506947509;0.9998708050798283;0.9999167985589063;0.999887717999721;1.0;0.9998302574750693;0.9998831554994323;0.9999331609091012;0.9999260979899616;0.9999349059930154;1.0;1.0;0.999985195734495;0.999976469124293;1.0;0.9999189338162205;0.9998593536097011;0.999879842974162;1.0;1.024999976158142;
2016-05-17 23:30:00;0.9998918410926065;1.0;0.9999061865790214;0.9998985455272924;0.99994764134;0.9999064091753385;1.000258881456733;0.9997947666379049;1.0;1.0;0.9999142263821191;1.0;1.0000319488043627;0.9998578131626003;0.9997340712440219;0.9997461700171772;0.9997491561953046;0.9999464679640888;1.0;0.9999292738052106;0.9998954636722233;0.9999381191949636;0.9997482888739904;1.000242664310533;1.0002660033888662;0.9999080789673949;0.9999301039506694;0.9999214880133186;0.9999999999999999;0.9998292651447546;0.9998800522399395;0.9999306433502796;0.9999602429258678;0.9999298126386722;1.0;1.0;0.9999844257663444;0.9999756991628621;1.0;0.9999552100791639;0.9999012911308387;0.9999097989611658;1.0;1.024999976158142;
2016-05-17 23:45:00;0.9999080110575876;1.0;0.9999250564850586;0.9999159817299446;0.9999563003257036;0.9999241665473959;1.0002508404008206;0.999835340158059;1.0;1.0;0.9999313198638653;1.0;1.0000302211775371;0.9998854595239123;0.9997830014581914;0.9997930302926806;0.9997955265534956;0.999954411512632;1.0;0.9999415494220758;0.9999080260716503;0.9999513870238735;0.9997947378713911;1.0002352439553852;1.0002577828903838;0.9999205378340768;0.9999436532500694;0.9999365276728577;0.9999999999999999;0.999837957586319;0.9998866242530946;0.9999359775538769;0.9999668856285014;0.9999402499737653;1.0;1.0;0.9999854452148329;0.9999770997400765;1.0;0.9999626748675942;0.999913205861673;0.9999282300021111;1.0;1.024999976158142;
2016-05-18 00:00:00;0.9999282638103139;1.0;0.9999433128835634;0.9999359297431929;0.9999633985781942;0.9999429650896995;1.000245865886727;0.999877497027801;1.0;1.0;0.9999493038016671;1.0;1.000029877850377;0.9999130721763995;0.999835611089148;0.999845268404942;0.9998472848098112;0.9999617641233327;1.0;0.99995578946506;0.9999282596348619;0.9999654071187044;0.9998466401067093;1.0002308654452916;1.0002523936008476;0.9999390380367961;0.9999590699953382;0.9999521043967141;1.0;0.9998412245125656;0.9998878385651482;0.9999365403516277;0.9999711168278104;0.9999403848055647;1.0;1.0;0.9999850544064696;0.9999759149756107;1.0;0.9999677528952041;0.999932720531443;0.9999463850382626;1.0;1.024999976158142;
2016-05-18 00:15:00;0.9999194215762182;1.0;0.999934749713604;0.9999255092485445;0.9999653680434755;0.9999325749486322;1.0002435808800703;0.9998505800434284;1.0;0.9999999999999999;0.9999387367880854;1.0;1.000029415801234;0.9998981030846359;0.9998037215545951;0.9998105312708907;0.9998127233437484;0.9999636201436544;1.0;0.9999482923773675;0.9999185952260485;0.9999561326332803;0.9998120245093228;1.000228320352153;1.0002504018147558;0.9999290259968616;0.9999493069793199;0.9999435628231705;1.0;0.9998493462660679;0.9998954421435482;0.9999403064232089;0.9999747934882149;0.9999421102387022;1.0;0.9999999999999999;0.9999862758702238;0.9999787243500342;0.9999999999999999;0.9999713096475692;0.9999227724766222;0.9999370235448012;1.0;1.024999976158142;
2016-05-18 00:30:00;0.9999306858807845;1.0;0.9999470675810338;0.9999364276095964;0.9999712883741734;0.9999432203631404;1.000242938468383;0.999868976969282;1.0;1.0;0.9999507747423239;1.0;1.0000296298671603;0.9999106460481104;0.999822492327071;0.9998295915225587;0.9998317950587636;0.9999698346630723;1.0;0.9999575080312053;0.9999305427864142;0.9999672718980303;0.9998311138334208;1.0002277357756617;1.0002496734867667;0.9999399131640069;0.9999610261264923;0.9999517432439127;1.0;0.9998482063064563;0.9998897490719193;0.9999369306260576;0.999977766539555;0.9999385737498394;1.0;1.0;0.9999851520354924;0.9999764254256721;1.0;0.9999750690891341;0.9999343972783742;0.99994963895594;1.0;1.024999976158142;
2016-05-18 00:45:00;0.9999527252755075;1.0;0.9999636639052903;0.9999575805345434;0.9999782349383102;0.999962393818814;1.0002392679127785;0.9999175856289584;1.0;1.0;0.9999666270015866;0.9999999999999999;1.0000294075413643;0.9999426949490564;0.9998891464794603;0.9998943091751462;0.9998956412617761;0.9999769727112855;1.0;0.9999708537808796;0.9999517821853199;0.9999771338869681;0.9998952025566223;1.0002247066766377;1.0002455292867225;0.9999588315308764;0.9999727831498776;0.999968427915473;1.0;0.9998546979114056;0.9998931946179664;0.9999392110986717;0.9999833548948638;0.9999418435703069;1.0;1.0;0.9999853535846184;0.9999770081106266;0.9999999999999999;0.9999812791094617;0.9999545413326927;0.9999654131965436;1.0;1.024999976158142;
2016-05-18 01:00:00;0.999954429434659;1.0;0.9999651962059357;0.9999600212901169;0.9999770870114362;0.9999649135874331;1.000235901600816;0.9999263114582027;0.9999999999999999;1.0;0.9999685684540858;1.0;1.0000288328584794;0.9999476285659988;0.9999008041122798;0.9999063677594633;0.9999075550423467;0.9999756623772627;1.0;0.9999720807663276;0.9999529702044434;0.9999783048373873;0.9999071430179399;1.0002216794270986;1.0002419972311376;0.9999604027460948;0.9999739900153062;0.9999707696349657;1.0;0.9998731119319156;0.9998980658885714;0.9999417336230474;0.9999823606790551;0.9999431318825147;1.0;1.0;0.9999858175045206;0.9999782659877924;1.0;0.9999801917868959;0.9999558006222254;0.9999670007068927;1.0;1.024999976158142;
2016-05-18 01:15:00;0.9999469099265594;1.0;0.9999594244930856;0.9999535577623627;0.9999737100636897;0.9999593032342156;1.0002359345407672;0.9999160645345817;1.0;1.0;0.999962898041161;1.0;1.0000283907797622;0.9999405497516207;0.9998880682266714;0.9998937618338972;0.9998950331326244;0.9999718458456088;1.0;0.9999670710022673;0.9999442755540551;0.9999736649293316;0.9998945682023688;1.0002216625633027;1.0002421514071096;0.9999530679183393;0.9999685727448255;0.9999663662192596;1.0;0.9998695567079141;0.9998958703136042;0.9999404981921297;0.9999803805426487;0.9999420062687702;1.0;1.0;0.9999836387645374;0.9999741182112201;1.0;0.9999778054963132;0.9999474744349478;0.9999612608838495;1.0;1.024999976158142;
2016-05-18 01:30:00;0.9999328119040827;1.0;0.9999496169338136;0.9999390470055743;0.9999725707045523;0.9999459953497807;1.000238275866405;0.9998775564013819;1.0;1.0;0.9999526771695149;1.0;1.000028674015948;0.9999165799026613;0.9998343868125464;0.9998404521529108;0.9998424511155443;0.9999707538902715;1.0;0.9999587333941369;0.9999310534607518;0.9999679755052312;0.9998417982150054;1.0002233915259202;1.0002449316517243;0.9999406779690514;0.9999616634304512;0.999954427528021;1.0;0.9998622676327792;0.9998956978883713;0.9999414749111373;0.9999794117906107;0.9999467023987709;0.9999999999999999;1.0;0.9999852689911586;0.9999769235178727;1.0;0.9999767425320288;0.9999347419341433;0.9999518619379354;1.0;1.024999976158142;
2016-05-18 01:45:00;0.9999447593699495;1.0;0.999959183074006;0.9999507981398582;0.9999757013008714;0.9999568349320566;1.000230474102706;0.9999042904260229;0.9999999999999999;1.0;0.9999622892492698;1.0;1.0000278683279413;0.9999337454834094;0.9998696418312839;0.9998754500916692;0.9998770548846055;0.9999740453537533;1.0;0.9999665383349589;0.999942990063301;0.9999747646735436;0.9998765168841014;1.000216302288189;1.000236707257981;0.9999515387885457;0.9999694238997207;0.9999636611923314;0.9999999999999999;0.9999056041985337;0.9999226681759077;0.9999528683976874;0.9999813726700876;0.9999439629700757;0.9999999999999999;1.0;0.9999846020399816;0.9999758754349609;1.0;0.9999790621178669;0.99994623097004;0.9999612536836163;1.0;1.024999976158142;
2016-05-18 02:00:00;0.9999597493833646;1.0;0.9999679811802635;0.9999642378556742;0.9999797473779367;0.9999682107021807;1.0002214063759949;0.9999339616392589;0.9999999999999999;1.0;0.9999707970361513;1.0;1.0000272117763647;0.9999533358024228;0.9999129511976772;0.999917382375945;0.9999183563216839;0.9999785572071056;1.0;0.999974612107055;0.9999585435554578;0.9999790129224448;0.9999180168206264;1.000208081807133;1.0002270808848888;0.9999647783067495;0.9999753855793443;0.9999736808418075;0.9999999999999999;0.9999338668148215;0.9999400142996162;0.9999629744905149;0.9999848553255583;0.9999543976257969;1.0;0.9999999999999999;0.9999847373698002;0.9999760107635987;1.0;0.9999828745148505;0.999960922286061;0.9999693596782431;1.0;1.024999976158142;
2016-05-18 02:15:00;0.9999601314887856;1.0;0.9999680647378194;0.9999629715875197;0.9999817178200767;0.9999664457005161;1.0002227693066057;0.9999218172301158;1.0;1.0;0.9999711744005753;1.0;1.0000281472726296;0.9999459927820616;0.999894183227917;0.999899578228875;0.9999009464671672;0.9999813135639343;0.9999999999999999;0.999975558136993;0.9999618899199714;0.9999812306596239;0.9999005584100218;1.0002091817245564;1.0002284823398018;0.9999668576570386;0.9999779592289281;0.9999712340188116;1.0;0.9999277366351967;0.9999343508030403;0.9999581745214162;0.9999850499660893;0.9999443329996511;1.0;1.0;0.9999858175045209;0.9999782659877926;1.0;0.9999834440960635;0.9999642413979414;0.9999698864335917;1.0;1.024999976158142;
2016-05-18 02:30:00;0.9999648049407601;0.9999999999999999;0.9999709536234541;0.9999671172451514;0.9999835085922533;0.9999699782492759;1.0002210449529518;0.9999309770339014;1.0;1.0;0.9999737170525371;1.0;1.0000280256656289;0.9999522911713373;0.9999077180477517;0.9999123336487457;0.9999134887471737;0.9999831947150486;1.0;0.9999779929558174;0.9999664541644956;0.9999823521239636;0.9999131630599669;1.000207632351303;1.0002266398558881;0.999970681517768;0.9999795802182049;0.9999743896065396;1.0;0.9999280521612134;0.9999383141935576;0.9999635500179412;0.9999867423660087;0.9999602676107175;1.0;1.0;0.9999853719581309;0.9999766453463913;1.0;0.9999852615662037;0.9999684804959043;0.9999724656995367;1.0;1.024999976158142;
2016-05-18 02:45:00;0.999954061090807;1.0;0.9999645039944567;0.9999566714983563;0.9999823872142466;0.999960796231819;1.0002224414674736;0.9999044804651996;1.0;0.9999999999999999;0.9999669986569042;0.9999999999999999;1.000028007401143;0.9999356533110607;0.9998696431675013;0.9998747133282806;0.9998764113375579;0.999981921663718;1.0;0.9999720724174754;0.9999557866762191;0.9999790506672199;0.9998759322882179;1.000208608529502;1.0002283769055922;0.9999611083406733;0.9999751509402894;0.9999661324693747;1.0;0.9999309415515437;0.999938154275384;0.9999604112878003;0.9999857067948607;0.999946766307073;1.0;1.0;0.9999856711372251;0.999977738483823;1.0;0.999984145096309;0.9999582786757296;0.9999664087202943;1.0;1.024999976158142;
2016-05-18 03:00:00;0.9999558474331931;1.0;0.9999652454428346;0.9999602867312477;0.9999770437553861;0.9999645467200984;1.000220230577563;0.9999208404961635;1.0;1.0;0.9999695080831107;1.0;1.000027544632558;0.9999437409821749;0.9998919987006676;0.9998990440573303;0.9999004745194402;0.9999763468917071;1.0;0.9999734324606021;0.9999572395432336;0.9999803498461853;0.9999000495889602;1.0002069064457395;1.0002258434859903;0.9999636428156607;0.999976532946004;0.9999697736834867;1.0;0.9999351706221279;0.9999420460735552;0.9999645982309809;0.9999809584030449;0.9999575496092316;1.0;0.9999999999999999;0.9999847189452008;0.9999763734765054;1.0;0.9999789832710192;0.9999601238365975;0.9999675332702429;1.0;1.024999976158142;
2016-05-18 03:15:00;0.9999624505567705;1.0;0.9999697002628976;0.99996543364259;0.9999816802733846;0.9999687343003314;1.0002203246646988;0.9999285752604133;1.0;1.0;0.9999729562551527;1.0;1.000027833294404;0.9999501014236102;0.9999034911820004;0.999908940079798;0.999910187724631;0.9999812637172021;1.0;0.9999769755889458;0.9999640853507716;0.9999822824897524;0.9999098305084666;1.0002069695370799;1.0002259091992032;0.9999689596223428;0.999979202417353;0.9999732837096219;0.9999999999999999;0.9999441179182715;0.9999452523879332;0.999965509150955;0.9999849735244024;0.9999553185823853;1.0;0.9999999999999999;0.9999828812752836;0.9999725667722866;1.0;0.999983371766602;0.9999663758861249;0.9999714882081522;1.0;1.024999976158142;
2016-05-18 03:30:00;0.9999630067340225;1.0;0.99997069759785;0.9999654833350382;0.9999838280466659;0.9999687379454367;1.0002184855895273;0.9999260625914552;1.0;1.0;0.9999733507911962;0.9999999999999999;1.0000276333721563;0.9999492993118773;0.9998995854132524;0.9999043695868625;0.9999056755176466;0.9999834620475252;1.0;0.9999774107189513;0.999964618097299;0.9999828287557326;0.9999053065230656;1.000205135745983;1.0002241026489043;0.9999691287759611;0.9999797622835646;0.9999731197574202;1.0;0.9999394855990872;0.9999420768978443;0.9999637607079213;0.9999867633153737;0.9999536794512829;0.9999999999999999;1.0;0.9999850604053583;0.9999763337963375;1.0;0.9999853447170961;0.9999667542526988;0.9999723599990358;0.9999999999999999;1.024999976158142;
2016-05-18 03:45:00;0.9999693983620056;0.9999999999999999;0.9999748834737943;0.9999704393399836;0.9999886663649074;0.9999727425897269;1.000213579965487;0.9999340715597199;1.0;1.0;0.9999762505586863;0.9999999999999999;1.00002717158187;0.9999560705317398;0.9999121542973337;0.999914861153526;0.9999159291271482;0.999988473511278;1.0;0.9999805457808214;0.9999707538630044;0.9999839253336028;0.9999156348298551;1.0002004879251258;1.000219075126188;0.9999737951873132;0.9999815576916329;0.9999766220603987;1.0;0.9999366388380363;0.9999428328172643;0.9999657861750759;0.9999913156704147;0.9999609932264981;1.0;1.0;0.9999844935395196;0.9999765608954588;1.0;0.9999902370391823;0.9999722398406049;0.9999758842851794;1.0;1.024999976158142;
2016-05-18 04:00:00;0.9999656863409004;1.0;0.9999721071136192;0.9999680097083665;0.9999845420512246;0.9999709081356581;1.0002173141617838;0.999933042211609;1.0;1.0;0.9999745161528579;1.0;1.0000274547665022;0.999953962528759;0.9999103832385229;0.9999145217720328;0.9999156327227389;0.9999841377939401;1.0;0.9999785654558541;0.9999668586121339;0.9999828381547528;0.9999153123051426;1.0002041066905114;1.0002228499640036;0.9999710545853715;0.9999800538190337;0.9999752227428865;1.0;0.9999344715294606;0.9999405818989006;0.9999630175155574;0.9999877493088413;0.9999532347810358;0.9999999999999999;1.0;0.999983741531767;0.9999746021129073;1.0;0.999986335654927;0.9999687920998365;0.9999734939347681;1.0;1.024999976158142;
2016-05-18 04:15:00;0.9999692702588319;1.0;0.9999753717424124;0.9999712310969289;0.9999866786078743;0.9999738649963186;1.0002140682808722;0.9999385883783453;1.0;1.0;0.9999774327713025;1.0;1.0000271170676907;0.9999580217173375;0.9999171907959661;0.9999208931047074;0.9999219432634491;0.9999863539934055;1.0;0.9999809980837675;0.9999704596138005;0.9999851294491456;0.9999216444116316;1.000201053520624;1.0002195115003119;0.9999741418901991;0.9999826093680677;0.9999776143327133;1.0;0.9999339303237315;0.9999415084177499;0.9999640302445596;0.9999893068485408;0.9999558585695772;0.9999999999999999;1.0;0.9999852564206464;0.9999773237705342;1.0;0.9999881094381551;0.9999721826630733;0.9999766543932169;1.0;1.024999976158142;
2016-05-18 04:30:00;0.9999666574959323;1.0;0.9999745516850893;0.9999687943179749;0.9999878216788258;0.9999719226978709;1.0002140931945986;0.9999329497686194;1.0;1.0;0.9999758131437266;1.0;1.0000268202597913;0.9999551748971096;0.9999092528287404;0.999912051614191;0.999913171524432;0.999987215187661;0.9999999999999999;0.9999794282913165;0.9999667514207154;0.9999839536154976;0.9999128345729356;1.000200943322192;1.0002196994561376;0.9999708442889877;0.9999809960270736;0.9999760081021117;1.0;0.9999337555417742;0.9999381328008382;0.9999617964141114;0.9999907596256524;0.9999526185912574;1.0;1.0;0.9999841138193836;0.9999757683557383;1.0;0.9999895889169216;0.9999684608715202;0.9999756547928301;1.0;1.024999976158142;
2016-05-18 04:45:00;0.9999730451872584;1.0;0.999979617846757;0.9999744142596896;0.9999915501267219;0.9999769074645672;1.0002129370284212;0.9999436151552428;1.0;1.0;0.9999801202146842;1.0;1.0000267831950922;0.9999629918348943;0.9999238372017397;0.999925443127562;0.9999263656789447;0.9999910523585305;1.0;0.9999832383068117;0.9999729236966987;0.9999867200607031;0.9999260882347119;1.0001998795055091;1.0002184758379733;0.9999760064670974;0.9999843158588461;0.99998023888366;1.0;0.9999306290711772;0.9999376380883734;0.9999614522770861;0.9999938961973353;0.9999520820686643;1.0;1.0;0.9999845044118205;0.9999753649859886;1.0;0.9999930400762407;0.9999741772393971;0.9999803504161193;1.0;1.024999976158142;
2016-05-18 05:00:00;0.9999794754527969;1.0;0.9999826356834735;0.9999810023068589;0.9999908896125649;0.9999826645293759;1.000212589591083;0.9999633227516032;1.0;1.0;0.9999834751273734;1.0;1.0000267409049477;0.9999750195710418;0.9999533665588766;0.9999546260223905;0.9999550750730114;0.9999903535866076;0.9999999999999999;0.9999862737999147;0.9999788236644327;0.9999873611499274;0.999954919427084;1.0001998500898528;1.000217881107153;0.9999814737972152;0.9999856763690268;0.9999857465901751;1.0;0.999937074124921;0.9999423493872428;0.9999645657803887;0.9999938594023158;0.9999566280301702;1.0;1.0;0.9999851773105837;0.9999768318380632;1.0;0.999992872584151;0.9999798103909314;0.9999830096608119;1.0;1.024999976158142;
2016-05-18 05:15:00;0.999973796939308;1.0;0.9999789404964132;0.9999740299037296;0.9999929167731695;0.9999759567564829;1.0002152952294683;0.9999393628499826;1.0;1.0;0.9999791832621949;1.0;1.00002741186038;0.9999608394142953;0.9999191935265148;0.9999203702690161;0.9999213311924895;0.9999927545965023;1.0;0.9999831756409056;0.9999746574930606;0.999985873811444;0.9999210671890504;1.0002020291108393;1.0002208854522574;0.9999768451561581;0.9999838167628431;0.9999792944418591;1.0;0.9999367809809317;0.9999399189017008;0.9999620491549452;0.9999950459202561;0.9999503958456473;1.0;1.0;0.9999748861730366;0.9999548305594906;1.0;0.9999943040921996;0.9999757071814943;0.9999795337925328;1.0;1.024999976158142;
2016-05-18 05:30:00;0.9999688612512859;1.0;0.9999749655319592;0.9999705171487487;0.9999878767629014;0.999973110881446;1.0002171095074495;0.9999365537498568;1.0;1.0;0.9999764045108948;1.0;1.000027418718485;0.9999573835117211;0.9999153373112069;0.9999181236081505;0.999919142572988;0.9999874725042687;1.0;0.999980337799756;0.9999695360767279;0.9999839140491414;0.9999188463381109;1.0002038495273164;1.0002226936932996;0.9999730704440817;0.9999813581129527;0.9999770874640432;1.0;0.9999370400984593;0.999940727510302;0.9999636438191137;0.9999908073401373;0.9999558846176775;1.0;1.0;0.999973672138505;0.9999509273979859;1.0;0.9999896402545135;0.9999711121638877;0.9999759813561049;1.0;1.024999976158142;
2016-05-18 05:45:00;0.9999778553687028;1.0;0.9999819588947408;0.9999791867615667;0.9999911009053882;0.9999810308038968;1.000215697851605;0.9999566765672744;1.0;1.0;0.9999828942938029;1.0;1.0000272678630018;0.9999708268714536;0.9999429742144322;0.999944694936782;0.9999453407042852;0.9999907058179527;1.0;0.9999857529948507;0.9999778924099342;0.9999878559129746;0.9999451432240548;1.0002026804513837;1.0002211150889229;0.9999805215528595;0.9999860256295456;0.9999840215713893;1.0;0.9999369169614403;0.999939188235503;0.9999631907655502;0.9999935521924811;0.999956872477981;1.0;1.0;0.9999755483841858;0.9999541701476009;1.0;0.9999926523323442;0.9999789859632315;0.9999825650924213;1.0;1.024999976158142;
2016-05-18 06:00:00;0.9999827844677477;1.0;0.9999860023572926;0.9999840233135792;0.9999926187412858;0.9999855088101487;1.0002200148159275;0.9999676314089049;1.0;1.0;0.9999868464113021;1.0;1.0000278744363627;0.9999779758347562;0.9999574431677665;0.9999589093569803;0.9999593877884725;0.9999922634753137;1.0;0.9999889533431708;0.9999826869031693;0.9999906042262136;0.9999592370919919;1.0002068361165664;1.0002254495163083;0.9999848737985382;0.9999891561831742;0.999987848484394;1.0;0.9999340233358199;0.9999260478085565;0.9999470878703641;0.9999946144366346;0.9999117773399863;1.0;1.0;0.9999734448936948;0.99995021388645;1.0;0.9999938736159915;0.999983574388702;0.999986497613673;1.0;1.024999976158142;
2016-05-18 06:15:00;0.9999763240118114;1.0;0.9999818032660199;0.9999782622688022;0.9999914458879596;0.9999805918860345;1.0002226637293437;0.9999570004333321;1.0;1.0;0.9999821393818202;1.0;1.0000277541773863;0.9999714087465257;0.99994358147716;0.9999444846120179;0.9999450696621356;0.9999906478694114;1.0;0.9999847451203541;0.999974820131761;0.9999868808199206;0.9999448598938734;1.0002091990304314;1.0002283498886875;0.99997807104482;0.9999846649829159;0.9999839126538036;1.0;0.9999240628612859;0.9999157272833271;0.9999400408744878;0.9999944907346321;0.999900879287492;0.9999999999999999;1.0;0.9999746313827749;0.999952766894013;0.9999999999999999;0.9999935275874119;0.9999759126804627;0.9999821911637767;1.0;1.024999976158142;
2016-05-18 06:30:00;0.999965559577887;1.0;0.9999739525394409;0.9999670066991406;0.9999888305090912;0.9999701015563118;1.000228551900421;0.9999245615443122;1.0;1.0;0.9999751987861808;1.0;1.0000289666729776;0.9999501284065508;0.9998966000377407;0.9998997393369684;0.9999010914867846;0.9999885258026833;1.0;0.9999791404342679;0.9999668346682837;0.9999845402564395;0.9999007146387827;1.0002144187379896;1.0002345535625872;0.9999704975078894;0.9999815805318738;0.9999740070666427;1.0;0.9999192111575042;0.999899249107479;0.999940023246823;0.9999910033608604;0.999932887540073;1.0;1.0;0.9999472993960348;0.9999254355048882;1.0;0.9999900035536332;0.9999685638948442;0.9999752659870021;1.0;1.024999976158142;
2016-05-18 06:45:00;0.9999642197539582;1.0;0.9999715835065407;0.9999669695177054;0.9999833943397152;0.9999701846729138;1.0002374648094359;0.9999308793710108;1.0;1.0;0.9999744033715713;1.0;1.000030033279732;0.9999521135191939;0.9999062226253771;0.9999111243489263;0.9999123414150636;0.9999829686104108;0.9999999999999999;0.9999781663479697;0.9999656058670624;0.9999833845298278;0.9999119915947949;1.0002230742425025;1.0002434788751473;0.9999702118934435;0.9999803913509773;0.9999744618824378;1.0;0.9999119811482073;0.9999120659740754;0.999944729805895;0.9999864121453388;0.9999293419270264;0.9999999999999999;1.0;0.9999029938108029;0.9998926801318194;1.0;0.99998495579323;0.9999677442452373;0.9999732408276731;1.0;1.024999976158142;
2016-05-18 07:00:00;0.9999657589840608;1.0;0.9999703535861075;0.9999681855189042;0.9999825939108522;0.9999707505106983;1.0002596788733782;0.999936590076925;1.0;1.0;0.9999731085742188;0.9999999999999999;1.000032893963634;0.9999556990283854;0.9999177295345502;0.9999218583373229;0.9999227869349913;0.9999821574412739;1.0;0.9999777263514201;0.999966796671629;0.999980590086205;0.9999225121987405;1.0002441062133027;1.0002661143696592;0.9999710197118512;0.9999780058958887;0.9999755002781288;1.0;0.9998771408024404;0.9998433194897254;0.9999114076349197;0.9999866846118146;0.9999177508911316;1.0;1.0;0.9998809388255216;0.9998686248501121;1.0;0.999985025597467;0.999968717424248;0.9999715788277981;1.0;1.024999976158142;
2016-05-18 07:15:00;0.9999391182557883;1.0;0.9999361817457264;0.9999402554424603;0.999968310303991;0.9999419946121207;1.0002794091007268;0.9998858648980132;1.0;1.0;0.9999394630658868;0.9999999999999999;1.0000353011734555;0.9999219035749031;0.999869539938451;0.9998720143940981;0.9998727842561183;0.9999677543817856;1.0;0.9999535540321925;0.9999401870627327;0.9999483956182755;0.9998725428773105;1.0002626244903452;1.0002863728422875;0.9999453256369413;0.9999452697507634;0.9999534248299773;1.0;0.9998775126297642;0.9998370951699581;0.9999085511131729;0.9999803826097386;0.9999186765811644;1.0;1.0;0.9997797578202725;0.9996851590634173;1.0;0.9999767029660662;0.999942492162172;0.9999361847311677;1.0;1.024999976158142;
2016-05-18 07:30:00;0.9999288812238497;1.0;0.9999345795992405;0.9999311242538009;0.9999692849480711;0.9999351309088312;1.000282760093108;0.9998588114935627;1.0;0.9999999999999999;0.999937579333788;0.9999999999999999;1.0000354173681525;0.9999050492498962;0.9998242184527966;0.9998281656957474;0.9998298044723807;0.9999684777749168;0.9999999999999999;0.9999503765117966;0.9999300066868226;0.9999514476030965;0.999829317046378;1.0002653073348686;1.0002902387768149;0.9999368490720065;0.9999466572740989;0.999946340657984;1.0;0.9998699573448441;0.9998234811436287;0.9998990599974265;0.9999795696015785;0.9999039302619306;1.0;1.0;0.9997761265467119;0.9996486254480799;0.9999999999999999;0.9999762044549542;0.9999330276636198;0.9999355886228636;1.0;1.024999976158142;
2016-05-18 07:45:00;0.9998314803731922;1.0;0.9998577995441481;0.9998416141677321;0.9999181380992147;0.9998544369117705;1.0003256760572847;0.99966707318408;1.0;1.0;0.9998733268680542;1.0;1.0000411489721253;0.9997678741847645;0.9995560203288013;0.9995807110107798;0.9995863570272339;0.9999176725785979;1.0;0.999894325264969;0.9998433365046725;0.9999157446291836;0.9995848400691434;1.0003048561555354;1.000334796422168;0.9998624839647676;0.9999033019865728;0.9998755543774929;0.9999999999999999;0.9998668146692942;0.999821604920133;0.9999012209098271;0.9999325685786767;0.9999186117225414;0.9999999999999999;1.0;0.9997159487499722;0.999564808819958;1.0;0.9999254476769844;0.9998532484159189;0.9998655788238867;1.0;1.024999976158142;
2016-05-18 08:00:00;0.9998901193144952;1.0;0.9999008687536218;0.9998948335250413;0.9999468061063832;0.9999015613696113;1.0003111908540534;0.9997816807397248;1.0;1.0;0.9999094070179643;1.0;1.0000394540450472;0.9998494166677446;0.9997197390293899;0.999732162304393;0.9997352774614189;0.999946420208487;1.0;0.9999268264896621;0.9998965404912664;0.9999340950756122;0.9997344314358513;1.0002918336863922;1.0003194513928;0.9999077262116745;0.9999267295134372;0.9999171969569954;1.0;0.9998603539796883;0.999804627731461;0.9998908793261548;0.9999594952617251;0.9999065243806683;1.0;1.0;0.9996888514126219;0.9995071699276175;1.0;0.9999543973069214;0.9999022458956583;0.9999044524155664;0.9999999999999999;1.024999976158142;
2016-05-18 08:15:00;0.9999138352001706;1.0;0.9999178343061212;0.9999162042641816;0.9999591686514561;0.9999203677861404;1.0003075326432562;0.999828761139848;0.9999999999999999;1.0;0.9999229500174958;1.0;1.0000388944866987;0.99988340010708;0.9997885823922992;0.9997949976496826;0.9997969685728;0.999958663291001;0.9999999999999999;0.999939309117697;0.9999172319428525;0.9999398313111378;0.9997964149863479;1.0002886204269588;1.0003155387767397;0.999925119982661;0.9999345287443692;0.9999341160746591;1.0;0.9998535880540178;0.9997927443264291;0.9998781838870757;0.9999717638470981;0.9998747857465122;0.9999999999999999;1.0;0.9996789044914184;0.9995019430563458;1.0;0.9999674446748429;0.9999210663051247;0.9999193659308218;0.9999999999999999;1.024999976158142;
2016-05-18 08:30:00;0.999936097745792;1.0;0.9999403877252543;0.9999386258659289;0.9999690329948057;0.999942142424612;1.0003269387524028;0.9998759687072377;0.9999999999999999;1.0;0.9999444801568119;0.9999999999999999;1.0000413753998565;0.9999149821347848;0.9998454095533026;0.9998507912110056;0.9998522867189931;0.9999684969805643;1.0;0.9999557460955333;0.9999382634560156;0.9999571909059423;0.9998518559668949;1.0003071104839658;1.000335217829614;0.9999446847292189;0.9999530265549658;0.9999520714791263;1.0;0.9997745084037206;0.9997431131028283;0.9998545663752669;0.9999781076947412;0.9998709273110371;1.0;1.0;0.9996399654774416;0.9994774114871247;1.0;0.9999749006314707;0.9999412840673118;0.999941760906752;1.0;1.024999976158142;
2016-05-18 08:45:00;0.999952825959835;1.0;0.9999562115828032;0.9999553980621997;0.999976420254879;0.9999582190549935;1.0003288421568706;0.9999137685022282;1.0;1.0;0.9999591000905622;1.0;1.0000414537645321;0.9999404858243507;0.9998938630635755;0.9998974543458732;0.9998983989587802;0.9999756911549704;1.0;0.9999671122357943;0.999953181456938;0.9999677218285874;0.9998980994963675;1.000309114825367;1.0003370249858543;0.9999584568675776;0.9999644919191822;0.9999657801854247;1.0;0.999792983566198;0.9997277314085571;0.9998375850396293;0.9999838028353939;0.9998271819003517;1.0;0.9999999999999999;0.9996232275350521;0.9994470377129648;1.0;0.9999812923104491;0.9999554229531286;0.9999570568188325;1.0;1.024999976158142;
2016-05-18 09:00:00;0.9999430574388646;0.9999999999999999;0.999948942810795;0.9999449640676898;0.9999766856660549;0.9999484537705111;1.000342131755258;0.9998860514825056;1.0;1.0;0.9999509650973013;1.0;1.0000430990118503;0.9999238346135939;0.9998566339381706;0.9998595315840099;0.9998609118733092;0.9999759350891613;0.9999999999999999;0.9999607575754231;0.9999435624500019;0.999962329729358;0.99986049636934;1.0003212545726985;1.0003509375716495;0.9999491734976461;0.9999583057783875;0.9999572147609076;0.9999999999999999;0.9997609541421226;0.9997106617568484;0.9998226658429367;0.9999845828179594;0.9997985947178613;1.0;1.0;0.9996514641533186;0.9994869721776785;1.0;0.9999820155199504;0.9999459671237299;0.9999497641498672;1.0;1.024999976158142;
2016-05-18 09:15:00;0.9999500237583725;1.0;0.9999571825205337;0.9999531154867116;0.9999781771926708;0.999956893020827;1.000327381711952;0.9999065488482797;0.9999999999999999;1.0;0.9999593966472894;1.0;1.0000409628069094;0.9999365809461342;0.9998806967596012;0.9998840649651214;0.9998852638426323;0.9999771677818827;1.0;0.9999665813907268;0.9999495120156872;0.9999693715258579;0.9998848778833658;1.000307543583895;1.0003357453047756;0.9999554804085488;0.9999654508608926;0.9999642805022292;1.0;0.999763274745754;0.9997201027206186;0.9998413164768839;0.9999849596340546;0.999858589797486;1.0;1.0;0.9996607109188198;0.9995217532341237;1.0;0.999982644548449;0.9999518963686022;0.9999581976097082;0.9999999999999999;1.024999976158142;
2016-05-18 09:30:00;0.9999486001583644;1.0;0.9999526755096554;0.9999509579132706;0.9999765664812225;0.9999540263369004;1.000329009076463;0.9999036115754693;1.0;1.0;0.999954884231732;1.0;1.0000412983185418;0.9999346478002037;0.9998815392330779;0.9998842014175582;0.9998852189624887;0.9999756765318386;1.0;0.9999638743071422;0.9999483163575503;0.999964115600777;0.9998848890501604;1.0003091329501201;1.0003373410107992;0.9999538088461047;0.9999605360460442;0.9999623755784105;0.9999999999999999;0.999769975068959;0.999738302128076;0.9998483628725535;0.9999847299964354;0.9998546713671391;1.0;0.9999999999999999;0.9996377465522674;0.9994734076730197;1.0;0.9999821178497283;0.999950540712906;0.9999532720133896;1.0;1.024999976158142;
2016-05-18 09:45:00;0.9999572368015512;0.9999999999999999;0.9999604306686477;0.9999594529953018;0.999979156778753;0.9999620110481829;1.0003349702395525;0.9999209969955428;0.9999999999999999;0.9999999999999999;0.9999628343489391;0.9999999999999999;1.000042295654399;0.999945775430246;0.999902654356388;0.9999056505726264;0.9999065152298586;0.9999784813902945;1.0;0.9999701586548192;0.9999574398903223;0.999970655309587;0.9999062405530004;1.0003148817064933;1.000343288111679;0.9999621615188007;0.9999677103353254;0.9999688665920442;0.9999999999999999;0.9997236836462268;0.9997178850505849;0.9998430155628174;0.9999858409150008;0.9998723374626404;1.0;1.0;0.999628468720302;0.9994632644800902;0.9999999999999999;0.9999835998619581;0.999959428852893;0.99996113819613;1.0;1.024999976158142;
2016-05-18 10:00:00;0.9999345432754958;1.0;0.9999459041148241;0.9999357816681906;0.999979512984558;0.9999404529582738;1.0003351643660285;0.9998553910155586;1.0;1.0;0.9999470876287194;1.0;1.0000423174908537;0.999905625023391;0.999809852439373;0.9998130169719717;0.9998151782804777;0.9999789371475484;1.0;0.9999572060916129;0.9999361238967779;0.9999627372346027;0.999814569701757;1.0003141813920442;1.0003442026079024;0.999942008886237;0.9999577044192834;0.9999492522983808;1.0;0.9997312483417787;0.9997206976616171;0.9998435672766386;0.9999858819850526;0.9998698167226159;1.0;1.0;0.9996756889893645;0.9994905605774856;1.0;0.999983707775177;0.9999388249058276;0.9999472623044134;1.0;1.024999976158142;
2016-05-18 10:15:00;0.999855910104578;1.0;0.9998937875881345;0.999858686624874;0.9999719700853881;0.9998716114218081;1.0003386367563871;0.9996697760756172;1.0;0.9999999999999999;0.9998908902248532;0.9999999999999999;1.0000406528877868;0.9997907269322138;0.9995539048305745;0.9995556852874652;0.9995610006366642;0.9999696047232693;1.0;0.9999094994985974;0.9998543051378169;0.9999274749600275;0.9995594374592316;1.0003150948440978;1.0003500339022113;0.9998677936451755;0.9999145757093582;0.9998893731130676;0.9999999999999999;0.9997474390745847;0.9997278289468161;0.9998453249746712;0.9999830209326035;0.9998615205777874;1.0;1.0;0.9996751235409506;0.9994850331875671;1.0;0.9999797132366305;0.99985961578456;0.9998961604089333;1.0;1.024999976158142;
2016-05-18 10:30:00;0.9998889443206144;1.0;0.9999121528411195;0.9998920076433627;0.9999698863405929;0.9999010116113933;1.0003358097348662;0.9997596682641294;1.0;1.0;0.9999119273510079;1.0;1.0000409430177064;0.9998450008267313;0.9996829679405999;0.9996855246046782;0.999689040926782;0.9999679975018587;1.0;0.9999277481016455;0.999887726077035;0.9999376028732396;0.9996879840881079;1.0003137691530815;1.0003459472279557;0.9998985926231165;0.9999282960930408;0.9999160224933934;0.9999999999999999;0.9997497686843626;0.9997267417444308;0.9998443187828385;0.9999811688318225;0.9998588758104582;1.0;0.9999999999999999;0.9996688402519919;0.9995020424305342;1.0;0.9999776992839416;0.9998920178060616;0.9999137850359039;1.0;1.024999976158142;
2016-05-18 10:45:00;0.9999538709299084;1.0;0.9999575217511228;0.999954929410112;0.9999814104232433;0.9999574402715923;1.0003338673171982;0.9999064106265505;1.0;1.0;0.9999588903549561;0.9999999999999999;1.0000422581899104;0.9999377942312813;0.999883836628019;0.9998856018376557;0.999886655093377;0.9999808605101049;0.9999999999999999;0.9999675212038405;0.9999543106815975;0.9999677644543125;0.9998863396325658;1.0003135985357106;1.0003423414482877;0.9999585005054286;0.999964663031016;0.9999648157651999;1.0;0.9997217791257377;0.9997094596725866;0.9998351072732634;0.9999882077231824;0.9998534363142756;1.0;1.0;0.9996580149131808;0.9994836936918683;1.0;0.9999860892393707;0.9999561153817179;0.9999579607512314;1.0;1.024999976158142;
2016-05-18 11:00:00;0.9999545661184903;0.9999999999999999;0.9999559699062328;0.9999561786465551;0.9999786717870882;0.999958370140866;1.0003325892162507;0.9999153819056845;1.0;1.0;0.9999577291576776;1.0;1.0000418933790887;0.999942739844579;0.9998994830365748;0.9999010540803382;0.9999017703606312;0.9999779013001827;1.0;0.9999667708626194;0.9999541337074734;0.9999649939536378;0.9999015280243648;1.0003126087360672;1.0003408957111104;0.9999586297911606;0.9999620994996773;0.9999663296715418;1.0;0.9997489222766095;0.9997247447107931;0.9998427670112511;0.9999868824359749;0.9998574553253853;1.0;0.9999999999999999;0.9996288433723921;0.9994535234014219;1.0;0.9999843937854667;0.9999559196065231;0.9999561169378496;0.9999999999999999;1.024999976158142;
2016-05-18 11:15:00;0.9999570534119632;1.0;0.9999628181162894;0.9999591939933026;0.9999828342977921;0.9999622692562267;1.000338014766746;0.9999178194603211;0.9999999999999999;1.0;0.9999639500067896;1.0;1.0000424255497053;0.9999451462862265;0.999896314314462;0.9998980317111065;0.9998990033101318;0.9999819136980076;1.0;0.9999706728482125;0.999956104897223;0.9999721612792939;0.9998986833274601;1.0003175535178817;1.000346611700397;0.9999609005339689;0.9999688346686958;0.99996887177647;1.0;0.9997396742742822;0.9997104630552835;0.999829040836913;0.9999890268839046;0.99982722438978;1.0;0.9999999999999999;0.9996550299946948;0.9994885416581744;1.0;0.9999870831763163;0.9999579290712197;0.9999633346064548;1.0;1.024999976158142;
2016-05-18 11:30:00;0.9999100256728961;1.0;0.9999254040232818;0.99991753956835;0.999960558862813;0.9999253349337289;1.0003576064147126;0.9998440547078629;1.0;1.0;0.9999287786279449;1.0;1.0000431055947416;0.9998936179891563;0.9998014240537854;0.9998065286216938;0.9998084129406324;0.9999578579519218;1.0;0.9999401329904135;0.9999058032011817;0.9999454571449252;0.999807728202618;1.0003356613349645;1.0003672636092957;0.9999180208210974;0.9999377745325675;0.9999388381534349;0.9999999999999999;0.99971627351919;0.9996909028302889;0.9998120430820873;0.9999737189142257;0.9997919215267557;1.0;0.9999999999999999;0.9996108613973522;0.9994356726523114;1.0;0.9999694062437873;0.9999101464644683;0.9999269362245007;1.0;1.024999976158142;
2016-05-18 11:45:00;0.9999051842517853;1.0;0.9999248708014439;0.9999143908893497;0.9999591853668833;0.9999235782032;1.0003537100005082;0.9998396195596468;1.0;1.0;0.999928303676391;1.0;1.000042058201811;0.9998903686981416;0.999792145724274;0.9997978963744167;0.9997999763100057;0.9999559374540946;1.0;0.9999384572372547;0.9998995073285716;0.9999463067662147;0.9997992017990663;1.0003319271300346;1.000363433608334;0.9999133887239002;0.9999376445956545;0.999937245591697;1.0;0.9997082727488203;0.9996811123862447;0.9998031858541132;0.9999723868737411;0.9997708962453745;1.0;1.0;0.9996574205393639;0.9994927395809384;1.0;0.999967981710144;0.9999042937250625;0.9999267627655352;1.0;1.024999976158142;
2016-05-18 12:00:00;0.9999298294739344;0.9999999999999999;0.9999412689256364;0.9999349157047803;0.9999701813944012;0.9999406979980926;1.000349808750996;0.9998734909210225;1.0;0.9999999999999999;0.9999437749363904;1.0;1.0000429835654667;0.9999142934964652;0.9998386503737269;0.9998425373276704;0.9998441014699246;0.9999683308081317;0.9999999999999999;0.9999531774956594;0.9999273911044801;0.9999571949346832;0.9998435605139254;1.0003284418530003;1.0003590298911689;0.999936359880735;0.9999513721329703;0.999951173421763;1.0;0.9997260710593542;0.9996855966631154;0.9997949813440928;0.9999801175333601;0.9997265571757951;0.9999999999999999;0.9999999999999999;0.9996647946434438;0.999500956898175;1.0;0.9999768572192261;0.9999306911586691;0.9999424639278802;1.0;1.024999976158142;
2016-05-18 12:15:00;0.9999229460235263;0.9999999999999999;0.9999270050648322;0.9999262435601051;0.9999645803856386;0.9999304211386324;1.0003588107142682;0.9998585045255243;1.0;1.0;0.9999297836161571;1.0;1.0000444852521708;0.9999042882150634;0.9998306608008589;0.9998332401675147;0.9998344778595848;0.999963063827697;0.9999999999999999;0.9999442611913214;0.9999214573122788;0.9999422112179804;0.9998340461443826;1.0003370165703196;1.0003680968847022;0.9999295198771934;0.9999370374308444;0.9999437154723513;1.0;0.9997106060176864;0.9996803101761444;0.9997975962640285;0.999978244341852;0.9997502820515802;0.9999999999999999;0.9999999999999999;0.9996537472417781;0.9994987759963118;1.0;0.9999741072956642;0.9999245420353331;0.9999272972747253;1.0;1.024999976158142;
2016-05-18 12:30:00;0.9999274616236777;1.0;0.9999331931465512;0.9999309114428556;0.9999667925795533;0.9999352724299143;1.0003551408322748;0.9998651498422806;1.0;1.0;0.9999363134361754;1.0;1.000044223272479;0.9999084549714805;0.9998346701293278;0.9998383596287139;0.9998397588642625;0.9999654889821683;1.0;0.9999489377837779;0.9999268588348198;0.999949189777601;0.9998392996094644;1.0003335542574099;1.0003643078773294;0.9999346870760967;0.9999441265297958;0.9999471189354332;1.0;0.9997148880264889;0.9996891275513692;0.9998049933985913;0.9999784369074766;0.9997648195466167;1.0;1.0;0.9996386299522023;0.9994699587610818;1.0;0.9999747245391739;0.99992999617313;0.9999339942080006;0.9999999999999999;1.024999976158142;
2016-05-18 12:45:00;0.9998989012156733;1.0;0.9999129406007001;0.9999022105511447;0.9999648708788632;0.9999091617392808;1.000371400901179;0.9997957364634293;0.9999999999999999;1.0;0.9999141099961196;1.0;1.0000456186969753;0.9998659991427;0.9997412618724605;0.9997435103440289;0.9997459712455705;0.9999629896580792;0.9999999999999999;0.999930695205991;0.9998971055159226;0.999934143917764;0.9997451923991023;1.0003479717987993;1.0003817906655985;0.9999071917036344;0.9999264287841003;0.9999246347963088;1.0;0.9996820234638281;0.9996604087997069;0.9997812595281058;0.9999787099836303;0.9997193281370871;1.0;0.9999999999999999;0.9996372061702911;0.9994549987972031;0.9999999999999999;0.9999745654640153;0.9999009750833883;0.99991376164144;1.0;1.024999976158142;
2016-05-18 13:00:00;0.9998845707971415;1.0;0.999898136081693;0.9998937629666966;0.9999449176522607;0.9999024662576063;1.0003722487060402;0.9998069148164533;1.0;1.0;0.9999031690929369;1.0;1.0000443304391566;0.9998668847980036;0.9997635186576175;0.9997694187274143;0.9997712979046797;0.9999415395906154;0.9999999999999999;0.9999200258543455;0.9998791394105531;0.9999221133007385;0.9997705670516923;1.0003495255712171;1.0003823080532175;0.9998943358821545;0.9999130394633393;0.9999212979578754;0.9999999999999999;0.9996895537074043;0.9996682448467812;0.9997912597993127;0.9999644402337139;0.9997462755831409;1.0;0.9999999999999999;0.9996364474905176;0.9994545014598323;1.0;0.999958252029568;0.999884510671621;0.9998994010732968;1.0;1.024999976158142;
2016-05-18 13:15:00;0.9999342527042877;1.0;0.9999442177757312;0.999940927645786;0.9999667957183354;0.999946637295902;1.0003600185466552;0.9998952140987042;1.0;1.0;0.9999478728120537;1.0;1.0000440290670682;0.9999264676874395;0.9998687815199392;0.9998736672366794;0.9998748260985443;0.9999646341600358;1.0;0.9999559276421488;0.9999308250618144;0.999959152192431;0.999874369882956;1.0003384263031931;1.0003692253368655;0.9999405380821452;0.9999535851134713;0.9999568089908757;1.0;0.9996891763457069;0.9996723181822401;0.99979580822868;0.9999773427471127;0.9997590501975026;1.0;1.0;0.9996311605720442;0.9994552780126089;1.0;0.9999737868606252;0.9999342682762719;0.9999454914367762;1.0;1.024999976158142;
2016-05-18 13:30:00;0.9999234561034492;1.0;0.9999294917440811;0.9999289348042463;0.9999616444442639;0.9999339818937123;1.0003536702837381;0.9998712907347017;1.0;1.0;0.9999331841877163;1.0;1.000043350180718;0.9999109678387618;0.9998456152423707;0.9998495179821321;0.9998506346590459;0.9999596162507758;1.0;0.9999457169629531;0.9999205664085943;0.9999451264881489;0.9998501988865541;1.000332394339014;1.0003627527965173;0.9999301568630838;0.9999395207135711;0.9999469650222311;1.0;0.9996778014636759;0.999676765918243;0.9998078512818853;0.9999754254278955;0.9998008695713223;1.0;0.9999999999999999;0.9996669186868004;0.9994846827422809;0.9999999999999999;0.9999710899878738;0.9999240502357569;0.9999301626626211;0.9999999999999999;1.024999976158142;
2016-05-18 13:45:00;0.9999155255261025;0.9999999999999999;0.9999292536596015;0.9999227372000699;0.9999586974582487;0.9999298696937705;1.0003477238541711;0.9998514567584887;1.0;1.0;0.9999349620203647;1.0;1.0000427734630504;0.9998963983118293;0.9998074901749745;0.9998161132268858;0.9998181954967277;0.9999568882774199;1.0;0.9999451680036129;0.9999151003627068;0.9999523890104837;0.999817521231383;1.0003265705708444;1.0003568139136128;0.9999264926659457;0.9999454855370886;0.9999417843178854;0.9999999999999999;0.9997161388475697;0.9997050551782837;0.9998244628357429;0.9999694862522087;0.9998169523287227;1.0;1.0;0.9996757433447138;0.9994954507009497;1.0;0.9999653947834958;0.9999197421964569;0.9999318368579523;1.0;1.024999976158142;
2016-05-18 14:00:00;0.9998405785214415;1.0;0.9998718415596132;0.999857592749284;0.999915459246384;0.9998727703884713;1.0003745106362862;0.9997304020930656;1.0;1.0;0.9998867488130618;1.0;1.0000447941024198;0.9998068026473633;0.9996396805657809;0.9996628049258465;0.9996672393817623;0.9999122651861864;1.0;0.9999013685852383;0.9998423739526664;0.9999226282754349;0.9996658496707308;1.0003515135465875;1.0003847076196004;0.9998660584230193;0.9999089948632438;0.9998932535003293;0.9999999999999999;0.9997127569813872;0.9996879402523309;0.999803195172704;0.9999325278182902;0.9997580085616953;1.0;1.0;0.999690682695765;0.9995057007775698;1.0;0.9999248670344946;0.9998524728106649;0.9998789581422726;1.0;1.024999976158142;
2016-05-18 14:15:00;0.9998148484499598;0.9999999999999999;0.9998660430785584;0.9998432532869279;0.9999175381481188;0.999866310453724;1.0003737304851263;0.9997511285414832;1.0;1.0;0.999870372084435;0.9999999999999999;1.0000370028649217;0.9998259677440882;0.9996781199091174;0.9996854758220872;0.9996881707299817;0.9999066991869061;1.0;0.9998817745653382;0.9997872630845686;0.9998990471077658;0.9996867024265029;1.000350477037275;1.000385565714326;0.9998223034232245;0.9998789538066803;0.9998938663886587;0.9999999999999999;0.999711573759959;0.9996769763487201;0.9997937308964356;0.9999481067478724;0.9997384879754325;0.9999999999999999;1.0;0.9996760051268624;0.9994978400169625;1.0;0.9999386530221787;0.9997971178438079;0.9998684995251751;0.9999999999999999;1.024999976158142;
2016-05-18 14:30:00;0.999828030088334;1.0;0.9998736784401601;0.9998454461471272;0.9999388565053966;0.9998643331801529;1.0003542183454053;0.9997062433256358;1.0;1.0;0.9998752033642369;1.0;1.0000380214846096;0.9998041378150797;0.9996121215238104;0.9996175275016862;0.9996214860065835;0.9999316868384187;1.0;0.999890609986838;0.9998119932671452;0.9999083070196817;0.9996199427712957;1.0003310483017727;1.000365799733395;0.9998381153659266;0.9998910476626515;0.9998883289938797;1.0;0.9997337905805058;0.9997158963066984;0.999834351763942;0.9999615661226419;0.999838633980528;1.0;1.0;0.9996654192919577;0.9994773736760226;1.0;0.9999545501535343;0.9998201075123445;0.999876228972312;0.9999999999999999;1.024999976158142;
2016-05-18 14:45:00;0.9997814902726876;1.0;0.9998391772938956;0.9997939183770194;0.9999315551908545;0.9998152904013662;1.00036965328369;0.9995456165656272;1.0;1.0;0.9998449305473608;1.0;1.0000432094243596;0.9996999148586527;0.9993786336273275;0.9993947854536492;0.9994026586495598;0.9999278295448196;1.0;0.9998671579786489;0.9997821548362081;0.9999008788645375;0.9994003277152269;1.0003438498437802;1.0003823901614874;0.9998078442920982;0.9998810223206065;0.9998409963220438;1.0;0.9997364283218867;0.9997151024812582;0.9998319419831937;0.99994772353817;0.9998292895182342;0.9999999999999999;1.0;0.9996581134099785;0.9994742694200744;1.0;0.9999411868202048;0.9997928957863784;0.9998462539849949;1.0;1.024999976158142;
2016-05-18 15:00:00;0.9998528824266956;1.0;0.9998797725807294;0.999867956526908;0.9999239865817626;0.9998815013589502;1.0003479936915292;0.9997527956752803;1.0;0.9999999999999999;0.9998917067924283;1.0;1.0000412035686275;0.9998244058988134;0.9996752959388415;0.9996933798732168;0.9996970848613942;0.9999205996818362;1.0;0.9999067126880395;0.9998521065026945;0.9999227441647187;0.9996958734020839;1.0003265924069302;1.0003575736243313;0.9998736334551391;0.9999102598839187;0.999901495234621;0.9999999999999999;0.9997415123029868;0.9997308692111974;0.9998491405400293;0.9999418116757463;0.9998720517908831;1.0;1.0;0.9997192253511983;0.9995338252850915;1.0;0.999934571144607;0.9998608864556431;0.9998852123888922;1.0;1.024999976158142;
2016-05-18 15:15:00;0.999811439771956;0.9999999999999999;0.9998619258204919;0.9998140031144743;0.9999610603696755;0.9998307223386625;1.0003402394904646;0.999552441529817;1.0;1.0;0.9998614821241801;1.0;1.000041592264142;0.9997138295442789;0.9993865204684159;0.999394844152959;0.9994027131318123;0.9999595852015571;1.0;0.999884947895967;0.9998165309761191;0.9999141511159786;0.9994005410187575;1.0003154288112646;1.0003524827210157;0.9998331102255597;0.9998977206872143;0.9998519902175224;1.0;0.9997408863452598;0.9997333455153717;0.999853483732306;0.9999710494941951;0.9998844687373862;1.0;1.0;0.999756231779337;0.9995840840812743;0.9999999999999999;0.9999672182777942;0.9998242462767277;0.9998671089970109;1.0;1.024999976158142;
2016-05-18 15:30:00;0.9998849125690228;1.0;0.9999008558644186;0.9998859298314606;0.9999636964855227;0.9998931274993029;1.0003334677674;0.9997455021375194;1.0;1.0;0.9999024674473073;1.0;1.0000416796570026;0.9998343344028113;0.9996716964388841;0.999675636577667;0.9996791228009406;0.999962815724211;1.0;0.9999223133866727;0.9998875934413964;0.9999285026451226;0.9996781445376043;1.000311725984819;1.000343232943717;0.9998970276414562;0.9999202126675604;0.9999096720775531;1.0;0.9997361466691773;0.9997216557030842;0.9998399899431158;0.9999765111973641;0.9998493809244227;0.9999999999999999;0.9999999999999999;0.9997443201538435;0.999544175492514;1.0;0.9999724406865002;0.9998919459414599;0.9999024889296294;1.0;1.024999976158142;
2016-05-18 15:45:00;0.9998846304268824;0.9999999999999999;0.9998936210024003;0.9998922240084182;0.9999454146871022;0.9998996990980485;1.0003304223647786;0.9998044690528836;1.0;1.0;0.9998977019378361;1.0;1.0000390952577591;0.99986636337224;0.99976753500041;0.9997710937468601;0.9997726362980776;0.9999421594736232;1.0;0.9999171675904504;0.9998788834291501;0.9999149140693828;0.9997720025548474;1.0003101860225942;1.0003394560282959;0.9998929179764839;0.9999064635016525;0.9999197455674245;1.0;0.9997367187201572;0.9997253337139186;0.9998424390188179;0.9999668488768402;0.9998517428959324;1.0;1.0;0.9997807263318554;0.9996189780586109;1.0;0.9999604203579922;0.9998837278608046;0.9998939156225787;1.0;1.024999976158142;
2016-05-18 16:00:00;0.9999073009272851;1.0;0.9999102899975609;0.9999134074186186;0.9999535569436697;0.9999186353188162;1.000323224093227;0.9998510115807522;0.9999999999999999;0.9999999999999999;0.999913195956268;0.9999999999999999;1.0000384976405474;0.999897698546402;0.9998319285431404;0.9998329779138803;0.9998336551177857;0.9999505788782599;1.0;0.9999306193797313;0.9999009071089924;0.9999243000933619;0.9998332682894012;1.0003037797854553;1.0003317324681862;0.999912180214786;0.9999178739926338;0.9999361691658704;1.0;0.9997410981161119;0.9997335553811262;0.9998516045522051;0.9999736121986739;0.9998757611814099;1.0;0.9999999999999999;0.9997802038587611;0.9996159889970989;1.0;0.999967882858812;0.9999044971339823;0.9999096129462739;1.0;1.024999976158142;
2016-05-18 16:15:00;0.9999333921197764;0.9999999999999999;0.9999423598182986;0.9999371169102335;0.9999737418802171;0.9999420150590509;1.0003173337148787;0.9998770108414252;1.0;1.0;0.9999434923804498;0.9999999999999999;1.0000388651082137;0.9999181481710437;0.9998469455673675;0.9998484338564739;0.9998497341905468;0.9999719418445412;1.0;0.9999538885273386;0.9999302968211539;0.999955197501494;0.9998492661325713;1.0002978437725272;1.0003258109755493;0.9999380690398035;0.999949912631111;0.9999526636167696;1.0;0.9997305697097759;0.9997212383402027;0.9998464606470827;0.9999842599753557;0.9998768522662596;0.9999999999999999;1.0;0.9998011540732198;0.9996644872796664;1.0;0.9999811376335567;0.9999329911987117;0.999942740544451;1.0;1.024999976158142;
2016-05-18 16:30:00;0.999940079797797;1.0;0.9999511807086642;0.9999423482167706;0.9999812640672737;0.999947075180962;1.0003097772655845;0.9998768272400641;1.0;1.0;0.9999514015709597;1.0;1.0000384043725916;0.9999198368472768;0.9998402533407353;0.9998415762652411;0.9998432259276434;0.9999800094449175;1.0;0.9999601940877897;0.9999385993307355;0.999964092594963;0.999842704270993;1.0002904740549632;1.000318189589805;0.9999448922044472;0.9999591370885816;0.9999556675804169;1.0;0.9997432817432722;0.9997107754329863;0.9998429994892475;0.9999885316645832;0.9998803519469353;1.0;1.0;0.9998437860129596;0.9997616401494317;1.0;0.9999863372960525;0.9999409532099393;0.99995187236987;1.0;1.024999976158142;
2016-05-18 16:45:00;0.9999538894907102;1.0;0.9999614649794977;0.9999557304533981;0.9999828560494032;0.9999591637908029;1.0003034627833693;0.9999051856404703;1.0;0.9999999999999999;0.9999629558114296;1.0;1.0000382675092891;0.9999370002859711;0.9998763477134319;0.9998791975704385;0.9998805596377587;0.999982228060567;1.0;0.9999697296612374;0.9999544107322643;0.9999733034615842;0.9998801575180162;1.0002848804056488;1.0003113222497717;0.9999592193457062;0.9999697018240895;0.9999655562744587;1.0;0.9997387339322509;0.9997286731593837;0.9998495259073228;0.9999880006772107;0.9998738874785804;1.0;1.0;0.9998805362935475;0.9998467664474886;1.0;0.999986207642522;0.999956487215515;0.9999624961262171;1.0;1.024999976158142;
2016-05-18 17:00:00;0.9999360872916258;1.0;0.9999455766008856;0.9999378085806296;0.9999783725236857;0.9999422141333577;1.000303399250998;0.9998661134222342;1.0;1.0;0.9999465382502901;0.9999999999999999;1.000037903193841;0.9999122959346735;0.9998279445317486;0.9998300816888595;0.9998318477498412;0.9999774443193938;0.9999999999999999;0.9999569054175979;0.9999360767875543;0.9999601934315299;0.9998313183767447;1.0002844627177072;1.000311607053516;0.9999421891615597;0.9999553294303188;0.9999515569737252;0.9999999999999999;0.9997233750167881;0.9996919048982338;0.9998317008023836;0.9999861995299276;0.9998657218159428;0.9999999999999999;1.0;0.9999242350915778;0.9998969426239959;1.0;0.9999837470454507;0.999938605093992;0.999946421295057;1.0;1.024999976158142;
2016-05-18 17:15:00;0.9999459288077208;1.0;0.9999488456002544;0.9999469164963845;0.9999775567297697;0.9999495385881327;1.0002912695439417;0.9998906570788734;0.9999999999999999;0.9999999999999999;0.9999504919768398;1.0;1.0000367258536145;0.9999272465311219;0.9998662096044796;0.9998680319603541;0.9998691710389077;0.9999769609809548;1.0;0.9999612233605786;0.99994651368478;0.9999604392645892;0.999868829802654;1.0002734553025656;1.0002987912393713;0.9999512240209268;0.9999569855191168;0.999958492548511;1.0;0.9997467819382547;0.999715430285432;0.9998436397155813;0.9999860412713412;0.9998710465579884;1.0;1.0;0.9999552489843005;0.999933407606471;1.0;0.999983444693737;0.9999485612201515;0.9999491937997907;1.0;1.024999976158142;
2016-05-18 17:30:00;0.999935873062598;1.0;0.9999432775361619;0.999938648333345;0.9999725731483868;0.9999428654141967;1.0002824052791144;0.9998741272980639;1.0;0.9999999999999999;0.9999460986469636;1.0;1.0000352823016314;0.9999151352244866;0.9998403578358197;0.9998445244040561;0.999846121352024;0.9999716832025568;1.0;0.9999564531107068;0.9999365419802604;0.9999591710819732;0.9998456391190831;1.0002650191882267;1.0002898502809852;0.9999432928665889;0.9999545127779464;0.9999524858694394;1.0;0.9997638145387657;0.9997456731141346;0.999859005452792;0.9999811606097778;0.9998784901884817;1.0;1.0;0.9999673229612166;0.9999593904533662;1.0;0.9999782417140411;0.9999394473308759;0.9999444969994555;1.0;1.024999976158142;
2016-05-18 17:45:00;0.9999162628251188;0.9999999999999999;0.9999219242930036;0.9999186255576363;0.9999642856025908;0.9999230896978608;1.0002862976745213;0.9998344704481471;0.9999999999999999;1.0;0.9999249072269386;1.0;1.000035576873212;0.9998891533795099;0.9997964192901033;0.9997999498044101;0.9998017230542796;0.999963213320897;1.0;0.999940619670636;0.9999168508804493;0.9999404129014442;0.9998011816919007;1.0002684985276817;1.000294020473158;0.9999247324601795;0.9999348679360683;0.9999367390656762;1.0;0.9997629801667911;0.9997578867068991;0.9998666018769203;0.999977216415899;0.9998882292628907;1.0;1.0;0.9999605888900556;0.9999522436227399;0.9999999999999999;0.9999731648657062;0.9999202097877534;0.9999226927504486;1.0;1.024999976158142;
2016-05-18 18:00:00;0.9999460004951755;1.0;0.9999490968973873;0.999948918304566;0.9999728753064746;0.9999520063822293;1.0002898294720033;0.9999030251798311;1.0;1.0;0.9999521410829206;1.0;1.0000362273488341;0.9999331371395541;0.9998826238923088;0.9998860845376972;0.999887032262547;0.999971925630714;1.0;0.9999616882695266;0.9999458112338312;0.9999613558608675;0.9998867165179225;1.000272391573568;1.0002971413522193;0.9999518373756471;0.999957714285493;0.999961002160806;1.0;0.9997271494586613;0.9997355048988901;0.9998565228170917;0.9999819783205247;0.999888357335878;1.0;1.0;0.9999679896747881;0.9999588503998935;1.0;0.9999790039522707;0.9999482727813159;0.9999497944373376;1.0;1.024999976158142;
2016-05-18 18:15:00;0.9999170612031929;1.0;0.9999257438161891;0.9999198698914931;0.9999654922209182;0.9999249674639009;1.0002966321118243;0.9998333720137959;1.0;1.0;0.9999291366745142;1.0;1.000037014321428;0.9998882459087188;0.9997893849534571;0.9997943274438317;0.9997964162832141;0.9999645441158989;1.0;0.9999432053232039;0.999918468456962;0.999946125619801;0.9997958006591859;1.0002781363842992;1.000304647959326;0.9999266244132342;0.9999403020347386;0.9999375336461545;1.0;0.9997373612325514;0.9997267458235306;0.9998377701158332;0.9999765725127926;0.9998234638826291;1.0;1.0;0.9999631862730212;0.9999540470420277;0.9999999999999999;0.9999728606255028;0.9999220806085647;0.9999271706612628;1.0;1.024999976158142;
2016-05-18 18:30:00;0.9998374244155833;0.9999999999999999;0.9998775610902058;0.9998367601323263;0.9999694347797844;0.9998498312164732;1.0003055544612645;0.9995989225145377;1.0;1.0;0.9998762874465524;1.0;1.000038116521596;0.9997452377371663;0.9994539620674809;0.9994597200249441;0.9994666298711311;0.9999688987653277;1.0;0.9998991816362239;0.9998439462648957;0.9999220844878461;0.9994647757223641;1.0002832183577308;1.0003164460741387;0.9998561762340854;0.9999086282906435;0.9998685280549231;1.0;0.999728878288488;0.999728199847338;0.9998387684125342;0.9999779814430891;0.9998246857898078;1.0;1.0;0.9999722672096701;0.999963921844892;1.0;0.9999748743541987;0.999850102644862;0.9998815809318888;1.0;1.024999976158142;
2016-05-18 18:45:00;0.99975412036574;1.0;0.9998178909110637;0.9997510607708687;0.9999624136843748;0.9997709476858982;1.0003123721846412;0.9993762888392885;1.0;1.0;0.9998136742353217;1.0;1.000038641237186;0.9996069797197565;0.9991475205505761;0.9991540236363953;0.9991649098027419;0.9999618975863064;1.0;0.999848381738875;0.9997644013723097;0.999884690068356;0.9991620116995137;1.0002869220260593;1.0003256644975453;0.9997815699577762;0.999864170832503;0.9997985451627184;0.9999999999999999;0.999734720720101;0.9997394900347494;0.9998447422648593;0.9999734468214225;0.9998288765336699;1.0;1.0;0.9999725732015959;0.9999634338848099;1.0;0.999969552118067;0.9997732322486672;0.999823687063817;1.0;1.024999976158142;
2016-05-18 19:00:00;0.9997552433679192;1.0;0.9998208724468445;0.9997525587802958;0.9999657757906226;0.9997729409055641;1.0003194073141188;0.9993815051415352;1.0;0.9999999999999999;0.9998151812640507;1.0;1.0000390237468668;0.9996115594492074;0.9991542391207198;0.9991588321773351;0.9991695721771082;0.9999647525004441;1.0;0.9998491604518992;0.9997632150376233;0.9998853859910974;0.9991666769656681;1.0002934428054007;1.0003330414816365;0.9997806717680068;0.9998645324777145;0.9998005230962712;1.0;0.9997281713100101;0.9997320938896793;0.9998418566301621;0.9999770526448429;0.9998307388960929;1.0;1.0;0.9999698027136437;0.9999610762377728;1.0;0.9999733292931082;0.9997717754896994;0.9998261932978941;1.0;1.024999976158142;
2016-05-18 19:15:00;0.9998732100818544;1.0;0.9998999242318328;0.9998754649348996;0.9999665458678964;0.9998854404347081;1.0002972733727646;0.9997142465469465;1.0;1.0;0.9999004876750481;0.9999999999999999;1.0000364624260356;0.9998155901949396;0.9996192815902412;0.999623978512884;0.9996284403153495;0.9999652008862132;1.0;0.9999186843162108;0.9998750966404346;0.9999320081439987;0.9996271730407305;1.0002770424428264;1.0003067802977483;0.9998865176741625;0.9999216627638681;0.9999017614811704;1.0;0.9997464192976526;0.999749874085113;0.9998437736010656;0.9999773787057957;0.9998044739017723;1.0;1.0;0.9999825684058429;0.9999746357770539;1.0;0.9999737665404498;0.9998801383914355;0.9999024814209108;0.9999999999999999;1.024999976158142;
2016-05-18 19:30:00;0.9998841498385386;0.9999999999999999;0.999901234782337;0.9998913506790048;0.9999510273028681;0.9999002450769803;1.0002964380954924;0.9997849140378147;1.0;1.0;0.9999056706825225;0.9999999999999999;1.000035362463229;0.9998545738867253;0.9997263378954593;0.999733023074085;0.9997357025283404;0.9999484922108752;1.0;0.999922185418236;0.9998818911250343;0.9999283299047864;0.9997348203880769;1.0002776992186537;1.000304951007314;0.9998957525843774;0.9999191500698684;0.9999175952446663;0.9999999999999999;0.9997332489298926;0.999750718480231;0.9998461722729592;0.9999670570380624;0.999813469267623;1.0;1.0;0.9999851390499743;0.999975999618342;1.0;0.9999617453791085;0.9998872530059004;0.9999032357018736;0.9999999999999999;1.024999976158142;
2016-05-18 19:45:00;0.9998424725558807;1.0;0.9998577617429331;0.9998478911741919;0.999937250146088;0.9998574715434418;1.0003022956788714;0.999692537634904;1.0;1.0;0.9998619514512971;1.0;1.0000359521236961;0.9997951988440824;0.9996191468854599;0.9996242255224722;0.9996275707224797;0.9999346383442748;1.0;0.9998894590546384;0.9998409943681399;0.9998911938458431;0.9996265081995879;1.00028258623568;1.0003114781600517;0.9998565888378402;0.9998800757388064;0.9998828427046346;1.0;0.9997527690953436;0.9997719994308749;0.999856222395095;0.9999609926032907;0.9998154630160756;1.0;1.0;0.9999866780681047;0.999979539369628;1.0;0.9999537293580115;0.9998471980742354;0.9998589219622107;1.0;1.024999976158142;
2016-05-18 20:00:00;0.9998635325651783;1.0;0.9998839952994552;0.9998673098813138;0.9999503333119939;0.9998766894588754;1.0002930719289507;0.9997107440079909;1.0;1.0;0.9998887857234242;1.0;1.0000362471253683;0.9998080886393793;0.9996233322368885;0.9996321635966714;0.9996363610257576;0.9999492319890194;1.0;0.9999099358797712;0.9998676336222513;0.9999203669558197;0.9996351803304707;1.0002736694084828;1.0003019546845462;0.9998804918764231;0.9999102717744293;0.9998956004769365;1.0;0.9997754293632403;0.9998115663851742;0.9998677470006623;0.9999647146556612;0.9997896701049328;1.0;1.0;0.9999852306800434;0.9999760912475735;1.0;0.9999595941623939;0.9998736419496647;0.9998871227603834;1.0;1.024999976158142;
2016-05-18 20:15:00;0.9999178661062265;1.0;0.9999297253087549;0.9999198370550341;0.9999707599872639;0.9999253340867914;1.0002710699829458;0.9998247219671085;0.9999999999999999;1.0;0.9999321185574429;1.0;1.0000339043530986;0.9998842755965895;0.9997727526185467;0.999777326257839;0.9997798039452949;0.9999700324552921;0.9999999999999999;0.9999453352595218;0.9999199434350079;0.9999507932259186;0.9997791015584543;1.0002537686381503;1.0002786989831858;0.9999275201361761;0.9999447415134393;0.9999369004890255;1.0;0.9997897873837686;0.9998293194781581;0.9998840451049139;0.9999798009043191;0.9998257240500942;1.0;1.0;0.9999853535846184;0.9999770081106267;0.9999999999999999;0.9999767044225171;0.9999234275254673;0.9999313821332372;0.9999999999999999;1.024999976158142;
2016-05-18 20:30:00;0.999925271724352;1.0;0.999932924495574;0.9999281749313025;0.9999674231740358;0.9999328144745826;1.0002654555468342;0.9998520259228248;1.0;1.0;0.999936540124619;1.0;1.0000331386317487;0.9999000184615022;0.9998128757241475;0.9998180728519055;0.999819946416127;0.9999665837898961;0.9999999999999999;0.9999490103362191;0.9999268017942591;0.9999518812061902;0.9998193950076488;1.0002489708230766;1.0002725710119866;0.9999343804000481;0.9999466413596417;0.9999440841430415;0.9999999999999999;0.9997912805445495;0.9998403027836403;0.9998930166143237;0.9999773984650423;0.9998434159291886;0.9999999999999999;1.0;0.9999849191274094;0.9999757796977868;1.0;0.9999739631233623;0.9999301942689708;0.9999344027033588;1.0;1.024999976158142;
2016-05-18 20:45:00;0.9999230418190401;0.9999999999999999;0.9999351448019648;0.9999273904158875;0.9999671832631108;0.9999332952967417;1.0002643373864315;0.9998502839534034;1.0;1.0;0.9999390174104852;1.0;1.0000326619518807;0.9998984899493413;0.9998052760812728;0.9998116528650317;0.9998137976664666;0.9999660206003105;0.9999999999999999;0.999949671469536;0.9999239324207466;0.9999558686001653;0.9998131522876313;1.0002478413434543;1.0002715499957302;0.9999327779676741;0.9999498459536803;0.9999440206799507;1.0;0.9997898071553176;0.999841850664298;0.9998980961297563;0.9999761744480694;0.9998626351085397;1.0;1.0;0.999985608968583;0.999977676315674;1.0;0.9999728660377556;0.9999277418773729;0.9999372113833258;1.0;1.024999976158142;
2016-05-18 21:00:00;0.9999240732779532;1.0;0.9999353650190034;0.9999267050729913;0.9999720508341796;0.9999320562935766;1.000261354310862;0.9998437442609224;1.0;1.0;0.9999375147071716;1.0;1.0000323896568277;0.9998964634219116;0.9997983243130644;0.9998022840299328;0.9998044174087896;0.9999710306935216;1.0;0.9999493285868288;0.9999247298899958;0.9999540359033542;0.9998037850253231;1.0002448086966766;1.000268656496205;0.9999323419595176;0.9999482644019447;0.9999429505259354;1.0;0.9997984434189271;0.9998478969552346;0.9999021969152655;0.9999810662821809;0.9998685400647805;1.0;1.0;0.9999854691225306;0.9999763296878816;1.0;0.9999780538134125;0.999927990124044;0.9999367641799171;0.9999999999999999;1.024999976158142;
2016-05-18 21:15:00;0.99993278274275;1.0;0.9999398095203861;0.9999344058068997;0.9999739594051106;0.999938394973705;1.0002640128141733;0.9998610927155385;1.0;1.0;0.9999418736520903;1.0;1.0000330622656353;0.9999078332099747;0.9998244667609475;0.9998275965016012;0.9998293243810688;0.9999732426351203;1.0;0.9999537141682707;0.9999338691994646;0.9999557196388723;0.9998288198683795;1.0002475191368823;1.0002711492122436;0.9999400524323928;0.9999510362481694;0.9999486293120439;1.0;0.999797363476154;0.999838773414742;0.9998934355822445;0.9999828784994375;0.9998482569228793;1.0;1.0;0.9999855243249592;0.9999775916727216;1.0;0.9999799968841292;0.9999366106027322;0.9999407510990179;1.0;1.024999976158142;
2016-05-18 21:30:00;0.9999381091962182;0.9999999999999999;0.9999481383897721;0.9999399570776969;0.9999779206532797;0.9999443873633445;1.0002663731960468;0.9998683096709927;1.0;1.0;0.9999500942064283;1.0;1.0000334748559914;0.9999128879631938;0.9998275720393294;0.9998314872111117;0.9998334331611957;0.9999773249042476;1.0;0.9999594740436962;0.9999396685432679;0.999964544202512;0.9998328798027022;1.0002496605044546;1.0002736089857742;0.9999456578078496;0.9999598260884324;0.9999528173637532;1.0;0.9997797359820375;0.9998257609521627;0.9998878154688641;0.9999843190023088;0.9998492742044186;1.0;1.0;0.9999856104006316;0.9999768837868113;1.0;0.9999820425978879;0.9999424093236498;0.9999495970842226;1.0;1.024999976158142;
2016-05-18 21:45:00;0.9998998608428981;1.0;0.9999082181700415;0.9999028889539763;0.9999573796317834;0.999908560231821;1.0002679677216952;0.9998000126381462;1.0;1.0;0.9999123814338472;1.0;1.000033181580878;0.9998656802794758;0.9997504087827579;0.9997559492700103;0.999758303499131;0.9999563013366097;1.0;0.9999302829396681;0.9999016155954717;0.9999321379507518;0.9997576089804393;1.0002510297913183;1.0002754390578712;0.9999111453876324;0.9999253913735063;0.9999242538927173;1.0;0.999811037941558;0.9998505075389955;0.9999066660373898;0.9999715905333064;0.9998829795972031;0.9999999999999999;0.9999999999999999;0.9999839730071848;0.9999760403672535;1.0;0.9999669299263129;0.9999058547930763;0.999909657530912;1.0;1.024999976158142;
2016-05-18 22:00:00;0.9999023624399661;0.9999999999999999;0.9999194963682729;0.9999044217575181;0.9999693303829301;0.9999114916469384;1.0002656771564953;0.9997859533399472;1.0;1.0;0.9999212890073943;1.0;1.0000329534883428;0.9998601540918279;0.9997186128432385;0.9997233324919192;0.9997265235656877;0.9999684097955773;1.0;0.9999361906901252;0.9999044826019726;0.9999445391220793;0.9997256201017632;1.00024820728851;1.0002736169448605;0.9999133873986458;0.9999369880638445;0.9999246494923818;1.0;0.9998022488799166;0.9998447955110032;0.9999026728807547;0.9999788837705093;0.9998765203035237;0.9999999999999999;0.9999999999999999;0.9999850305488563;0.9999766850775605;0.9999999999999999;0.9999756259317268;0.9999085227279911;0.9999215116103184;1.0;1.024999976158142;
2016-05-18 22:15:00;0.999879465398148;1.0;0.9998902921461014;0.999886149054579;0.9999376504046141;0.9998937050610477;1.0002732498893376;0.9997723021207662;1.0;1.0;0.9999002543934487;1.0;1.0000340503913585;0.9998411387633844;0.9997108055220452;0.9997246715836732;0.9997277466584785;0.9999367206744229;1.0;0.9999190732884815;0.999884842314601;0.9999257490507908;0.9997268730473219;1.0002562939959132;1.0002805763090092;0.9998981946010327;0.9999175537554003;0.999911381858544;1.0;0.9998026152440179;0.9998445377252401;0.9999031430719137;0.99995312676656;0.9998791370953869;1.0;0.9999999999999999;0.9999852366790215;0.9999765100684624;1.0;0.9999470701480401;0.9998912702892387;0.9998940946095833;1.0;1.024999976158142;
2016-05-18 22:30:00;0.9998924460701407;1.0;0.9999067529261482;0.9998973185172925;0.99995271859918;0.9999047365972603;1.0002727160006748;0.9997844856558059;1.0;1.0;0.9999132639298525;1.0;1.0000339676061396;0.9998533790955753;0.9997203970407847;0.9997306444052266;0.9997337815676572;0.9999518286710198;0.9999999999999999;0.9999292638276702;0.9998965173790787;0.9999376045600642;0.9997328944246421;1.0002554021278611;1.0002803444487702;0.9999078573680436;0.9999297787697242;0.9999196966358554;0.9999999999999999;0.9998059903498322;0.9998441973555289;0.999896130051832;0.9999647154855161;0.9998493029697757;1.0;1.0;0.9999850843142103;0.9999755637471301;1.0;0.9999600832819958;0.9999018929320186;0.9999099471720586;1.0;1.024999976158142;
2016-05-18 22:45:00;0.9998956928344142;1.0;0.9999125005487938;0.9998980696643334;0.9999634532718206;0.9999053177436203;1.000264279926406;0.9997722456632022;1.0;0.9999999999999999;0.999916201687525;1.0;1.0000331464523153;0.9998493942111979;0.9997002125421381;0.9997076039584285;0.9997110936828579;0.9999628973523155;1.0;0.9999321447607931;0.9999000431369134;0.9999416199931498;0.9997101372678091;1.000246941566691;1.0002720791580921;0.9999095347053694;0.9999338636436026;0.999919178056078;0.9999999999999999;0.9998194461328316;0.999863986085873;0.9999132018090701;0.9999732229351613;0.9998852279467829;1.0;1.0;0.9999856950442771;0.9999769684297182;1.0;0.999969570069737;0.9999047012927507;0.9999152536588198;1.0;1.024999976158142;
2016-05-18 23:00:00;0.999893175313514;1.0;0.9999052961052974;0.9998962393432721;0.999955901025078;0.9999028181342229;1.000274457047813;0.9997781144973437;1.0;1.0;0.9999105810322676;1.0;1.0000344332859614;0.9998509119315778;0.9997150457298275;0.9997233150705108;0.9997263907409268;0.9999552746451698;0.9999999999999999;0.9999282643066961;0.9998975487891304;0.9999344316432999;0.9997255382390817;1.0002568910570484;1.0002822015179471;0.9999075606536016;0.999927036528964;0.9999181804208301;1.0;0.9998033050661346;0.9998308541687749;0.9998945325928587;0.9999682813036429;0.9998680117459852;1.0;1.0;0.9999861589644788;0.9999782263072069;1.0;0.9999637898329938;0.9999024260183876;0.9999078612275114;1.0;1.024999976158142;
2016-05-18 23:15:00;0.9999069038224396;1.0;0.999924160219213;0.9999092199180434;0.9999686345268508;0.9999161543042854;1.0002620624625689;0.9997939354043796;1.0;1.0;0.999927444882658;1.0;1.000032962306465;0.9998639914513566;0.999725060535986;0.999732254791042;0.9997355990149535;0.9999681674189393;1.0;0.9999407542414791;0.9999111074759033;0.9999511884595542;0.9997346870764385;1.0002449409156478;1.0002697217847623;0.9999197650481696;0.9999440020839804;0.9999278882270407;1.0;0.9998161186071691;0.9998421224500632;0.999908227995821;0.9999762343035904;0.9999055669050588;1.0;1.0;0.9999845044118205;0.9999753649859884;1.0;0.9999732118013748;0.9999153950270296;0.9999269811686596;1.0;1.024999976158142;
2016-05-18 23:30:00;0.9999204799515281;1.0;0.9999333237846085;0.999922941375854;0.9999697729671662;0.99992860527805;1.0002612700052664;0.999829451461058;1.0;1.0;0.9999371070029268;1.0;1.0000330019967505;0.9998860435932598;0.9997745873166122;0.9997816007536887;0.9997842861338787;0.9999693870604067;1.0;0.9999487851310565;0.9999243246556139;0.999956715206718;0.999783553093803;1.0002446362991664;1.000268530776261;0.9999319755339343;0.9999507803846934;0.9999389781293517;1.0;0.9998236043392638;0.999850457952813;0.9999068117430144;0.9999770291578709;0.9998832677689916;1.0;1.0;0.9999852067724052;0.9999768612996388;1.0;0.9999741252472522;0.9999281354772239;0.999935812001885;1.0;1.024999976158142;
2016-05-18 23:45:00;0.999924167105268;1.0;0.9999346642673751;0.9999287810067004;0.9999661261453283;0.9999344123362071;1.000251511353175;0.9998575907960106;1.0;1.0;0.999938541959261;1.0;1.0000308549636845;0.999902899160922;0.9998178142847087;0.999823647751816;0.9998255209308967;0.999964782727875;1.0;0.9999494468537599;0.9999242114288851;0.9999540221108137;0.9998249342876214;1.0002359118149642;1.0002583385566879;0.9999331478399639;0.9999481833746948;0.9999455171245459;1.0;0.9998256322169444;0.9998783354061398;0.9999300444399775;0.9999761102557424;0.9999308207833331;0.9999999999999999;1.0;0.9999848344839606;0.9999756950551119;1.0;0.9999725927607261;0.9999279167146897;0.9999364046247644;1.0;1.024999976158142;
2016-05-19 00:00:00;0.9999232393754339;1.0;0.9999339360761054;0.9999297463726969;0.9999626201364613;0.9999359130840167;1.0002513404458302;0.9998695988901946;1.0;1.0;0.9999381501998509;1.0;1.0000301649870191;0.9999094752370338;0.999835967475677;0.9998417216236181;0.9998432455699617;0.9999605749212309;1.0;0.999948391394395;0.999920887118733;0.9999521150719068;0.9998427015356159;1.0002359882576501;1.000258096826961;0.9999312618548516;0.999945922195589;0.9999476633708583;1.0;0.99983517098958;0.999882575774221;0.9999322827540799;0.9999742667464065;0.9999322692340806;1.0;1.0;0.9999850604053583;0.9999763337963375;1.0;0.999970295169564;0.9999247815154187;0.9999354780492115;1.0;1.024999976158142;
2016-05-19 00:15:00;0.999913047181446;1.0;0.9999304383128921;0.999924239043657;0.9999569861034782;0.999933211742994;1.0002521299033154;0.9998743247391234;0.9999999999999999;1.0;0.9999342955100063;1.0;1.0000283759041266;0.9999112897889543;0.9998417762005902;0.9998470529052788;0.9998483615047277;0.9999530350740077;1.0;0.9999426470815382;0.9999044654053338;0.9999480935935677;0.9998477404694388;1.000236833666046;1.0002591712559172;0.9999191602056946;0.9999398314715165;0.9999466264538789;1.0;0.9998276187568454;0.9998813546499312;0.999933164342999;0.9999716081961947;0.9999386034120605;1.0;1.0;0.9999844496761316;0.9999749291150939;0.9999999999999999;0.9999668659156156;0.999909102497827;0.9999318558261696;1.0;1.024999976158142;
2016-05-19 00:30:00;0.9999174881652062;1.0;0.999937471550692;0.9999261682052677;0.9999646434132305;0.999934850755744;1.000250322291144;0.9998594054435683;0.9999999999999999;1.0;0.9999410752165444;0.9999999999999999;1.0000292874167027;0.9999034086582476;0.9998126511504752;0.9998192765733679;0.9998213787059609;0.9999618950625324;1.0;0.9999483973485862;0.9999132927984247;0.9999582249444025;0.9998206333779379;1.0002347044774342;1.0002574535740174;0.9999258494623389;0.9999503576330948;0.9999458525571615;1.0;0.9998330047240697;0.999880836395125;0.9999313849846233;0.999974568882416;0.9999316621166853;1.0;1.0;0.9999846695984613;0.9999751490353294;1.0;0.9999709685659033;0.9999177831838967;0.9999398082001371;1.0;1.024999976158142;
2016-05-19 00:45:00;0.99993497679975;1.0;0.9999475853638675;0.9999418249624862;0.9999677477012658;0.9999480241775436;1.0002437236652495;0.9998920615228026;1.0;1.0;0.9999519350547341;1.0;1.0000293932577897;0.9999240602662465;0.999858763850999;0.9998655043396084;0.9998670457713608;0.9999658971195003;1.0;0.999958538508398;0.9999331413598812;0.9999650580357649;0.9998665107829007;1.0002289025532314;1.0002501965719501;0.9999429016485115;0.9999593183156007;0.9999570327475357;1.0;0.9998568543024934;0.9998962014935947;0.9999394195145654;0.9999761703850628;0.9999367781007055;1.0;1.0;0.9999850604053585;0.9999763337963378;1.0;0.999972975145771;0.9999368704274225;0.9999496541986024;1.0;1.024999976158142;
2016-05-19 01:00:00;0.9999393113430377;0.9999999999999999;0.999950846591069;0.9999456879568178;0.9999697541799211;0.9999514263664095;1.000237455464949;0.9998994854376391;1.0;1.0;0.9999548664704064;1.0;1.0000286957588091;0.9999292963098053;0.9998688848717661;0.9998750651892424;0.9998764776642901;0.9999680062724332;1.0;0.9999611505197648;0.9999374986963466;0.9999669731000237;0.9998759837756104;1.000223041799274;1.0002437299820903;0.9999466051285283;0.9999616333109316;0.9999599046883938;1.0;0.9998735984548294;0.9999052492716864;0.9999452238762274;0.9999777716947087;0.9999444908268464;1.0;1.0;0.9999845174467127;0.99997579084243;1.0;0.9999747597048099;0.9999409622699909;0.9999527285137253;1.0;1.024999976158142;
2016-05-19 01:15:00;0.9999340524193582;0.9999999999999999;0.9999455937945585;0.9999403796725037;0.9999665519242271;0.9999462613002735;1.0002343827729054;0.9998868367311625;1.0;1.0;0.999950481888674;1.0;1.000028516216041;0.9999203460273504;0.9998520967987029;0.9998595840117495;0.9998612331841751;0.9999650245989234;1.0;0.999957797290282;0.9999335705331365;0.9999642298294664;0.9998606925347157;1.0002201086897404;1.0002405785281019;0.9999429713705563;0.9999586740680477;0.9999553452566877;1.0;0.9998880734803516;0.999915174275961;0.9999497461422124;0.9999748102170022;0.9999448737273132;0.9999999999999999;1.0;0.9999848219631252;0.9999760953561854;1.0;0.9999715673411166;0.999937378674537;0.999947865256673;1.0;1.024999976158142;
2016-05-19 01:30:00;0.9999540234231239;1.0;0.9999631052147302;0.9999573091518226;0.9999812331545427;0.9999613758629358;1.0002301420704247;0.9999132582765183;1.0;1.0;0.9999650037184709;1.0;1.000028457372337;0.9999413498636367;0.9998857898847611;0.9998892663767577;0.9998905424205532;0.9999802098485462;1.0;0.9999705207814358;0.9999533722014399;0.999975009398904;0.9998901352001645;1.000215996178993;1.0002362453053306;0.9999592177934399;0.9999710649389281;0.9999676170161181;1.0;0.9998873934778767;0.9999120778546889;0.9999484930163188;0.9999865359488658;0.999945387077889;1.0;1.0;0.9999848344839607;0.9999756950551119;1.0;0.9999846202960403;0.9999556798997216;0.9999643268596394;1.0;1.024999976158142;
2016-05-19 01:45:00;0.9999634942966708;1.0;0.9999714183042069;0.9999670345963464;0.9999843056778769;0.999970632577141;1.000217952966642;0.9999372205888298;1.0;1.0;0.9999728548989587;1.0;1.00002674810444;0.9999570759982196;0.9999177033897204;0.9999202383906313;0.9999211079895428;0.9999831107819468;1.0;0.9999766288706279;0.9999616103972293;0.9999801163773757;0.9999207955897977;1.0002047229861717;1.0002236368285482;0.9999669549574918;0.9999767520534878;0.999975725297526;1.0;0.9999227906968653;0.9999327922721484;0.9999590293192537;0.9999890827950482;0.999950866304402;1.0;1.0;0.9999854452148329;0.9999770997400764;1.0;0.999987431782412;0.9999635035740181;0.9999722854107143;1.0;1.024999976158142;
2016-05-19 02:00:00;0.9999567096022881;0.9999999999999999;0.9999674555411348;0.9999619558474234;0.9999816254434707;0.9999667575484017;1.0002136105787152;0.9999323796095371;1.0;1.0;0.9999685806213365;1.0;1.0000254062660383;0.9999536745099541;0.9999118181820609;0.9999139141738902;0.9999147615607542;0.9999796493309236;1.0;0.9999722824121751;0.9999522980740192;0.9999762665255825;0.9999144002288758;1.0002006105153474;1.0002193573622455;0.9999594734503149;0.9999719156460208;0.9999729928648895;1.0;0.9999376285507129;0.999943207555039;0.9999630250468711;0.999988018824952;0.999948057737194;1.0;1.0;0.999984761228488;0.999975240664484;1.0;0.9999859716647138;0.9999545284834879;0.9999682007351098;1.0;1.024999976158142;
2016-05-19 02:15:00;0.9999578908778427;1.0;0.999969746184954;0.999961550855333;0.9999858887230384;0.9999661371588054;1.000215185759942;0.9999212754458232;1.0;1.0;0.9999703983895568;1.0;1.0000261702686608;0.9999477976146159;0.9998932533972308;0.9998954892061533;0.9998967406657703;0.9999845115064209;1.0;0.9999741073545526;0.9999555675570585;0.9999798358180301;0.9998963150959618;1.0002018229230616;1.0002210827151967;0.9999615232264158;0.9999756582270248;0.9999714485654067;1.0;0.9999391550165706;0.9999398291029898;0.9999612928639219;0.9999902196983518;0.999947032020578;0.9999999999999999;1.0;0.9999845044118203;0.9999753649859883;1.0;0.9999887306712976;0.9999576394791562;0.9999707877688294;0.9999999999999999;1.024999976158142;
2016-05-19 02:30:00;0.9999578409638177;0.9999999999999999;0.9999689021490376;0.9999621406036341;0.9999840242835558;0.9999667344358474;1.0002139385682418;0.9999271646584845;1.0;1.0;0.9999697818096277;1.0;1.0000257868036768;0.9999510083451938;0.9999029910105901;0.9999051441526313;0.9999061924569735;0.9999824049882422;1.0;0.9999735161677762;0.9999546505880637;0.9999782950127043;0.9999058033226875;1.0002007834216848;1.000219739742907;0.9999610560561767;0.9999741080932235;0.999972427182912;1.0;0.9999424863897304;0.9999442634667113;0.9999643473058428;0.9999892755946217;0.9999518077022224;0.9999999999999999;1.0;0.9999834920032368;0.9999739714513167;1.0;0.9999875400436675;0.9999567631187108;0.9999697919873857;1.0;1.024999976158142;
2016-05-19 02:45:00;0.9999615345486996;1.0;0.9999699941270344;0.9999653622610079;0.9999841473591576;0.9999692177347993;1.0002124120106317;0.9999353878533673;0.9999999999999999;1.0;0.9999709859926676;1.0;1.000025764445668;0.9999561823349321;0.9999162661967553;0.9999180886438629;0.9999189051013728;0.9999826844568841;1.0;0.9999750176906121;0.9999586025743381;0.9999781099281088;0.9999185878822501;1.0001994776480805;1.0002180400348852;0.9999643483968689;0.9999744867365431;0.9999748005147566;1.0;0.9999487202591852;0.9999471534908939;0.9999653187883486;0.9999896496115296;0.9999504298247732;0.9999999999999999;1.0;0.9999852564206463;0.9999773237705339;1.0;0.9999878854360658;0.9999604887801868;0.9999706359340246;1.0;1.024999976158142;
2016-05-19 03:00:00;0.9999636649497445;1.0;0.9999715733355947;0.9999665915898127;0.9999857450088878;0.9999700350597345;1.0002111182203306;0.9999333938192895;0.9999999999999999;1.0;0.9999726726916198;1.0;1.0000260102898866;0.9999551909831018;0.9999123003827046;0.9999144981460641;0.9999154487168872;0.9999847017852325;1.0;0.9999767303208072;0.9999622065591154;0.9999802507226222;0.9999151256643708;1.000198203933425;1.0002166849319631;0.9999671138677124;0.9999769660229423;0.9999750225707545;1.0;0.9999552770746919;0.9999521601287495;0.9999674190918927;0.9999901787151847;0.9999499013636107;0.9999999999999999;1.0;0.9999844198185762;0.9999752803935174;1.0;0.9999886657847002;0.9999639904480526;0.9999723907966133;1.0;1.024999976158142;
2016-05-19 03:15:00;0.9999501077422399;0.9999999999999999;0.9999629218623688;0.9999547565510379;0.99998190210258;0.9999600336040767;1.000213147161828;0.999911297577865;1.0;1.0;0.9999637415166187;1.0;1.000025469259178;0.9999407759430259;0.9998821377844564;0.9998843800698418;0.9998856496277235;0.9999800868633398;1.0;0.9999684810367945;0.9999465764005772;0.9999739161655766;0.9998851885912887;1.0001998931509313;1.0002190860549545;0.9999538535135136;0.9999690450723635;0.999966797386206;1.0;0.9999502335461741;0.9999487776302936;0.9999660726981556;0.9999880357875637;0.9999505737764113;1.0;1.0;0.9999858797232205;0.9999783282060224;0.9999999999999999;0.999986042783798;0.999948996373284;0.9999638921083785;1.0;1.024999976158142;
2016-05-19 03:30:00;0.9999595269264138;1.0;0.9999697565833098;0.999963126021419;0.9999855958460845;0.9999673375534956;1.0002134795716087;0.9999271984397369;1.0;0.9999999999999999;0.9999703086640106;1.0;1.000025894153225;0.9999515676249857;0.9999034884619256;0.9999051421888127;0.9999061738101963;0.9999841481305964;1.0;0.9999743157807373;0.9999567144582022;0.9999785557795506;0.9999058010914745;1.0002003165567448;1.0002192671092172;0.9999624931499658;0.9999746340644332;0.9999728585889234;1.0;0.9999456177926642;0.999944742346077;0.999964243073563;0.9999905966683618;0.999950397167788;1.0;1.0;0.9999856651375905;0.9999773196609986;1.0;0.9999889935748016;0.9999586310054667;0.9999704957477636;1.0;1.024999976158142;
2016-05-19 03:45:00;0.9999580841872922;1.0;0.9999679742575381;0.9999617316399755;0.9999824601802314;0.9999658845121862;1.0002151605629275;0.9999222852782904;1.0;0.9999999999999999;0.9999701120483899;1.0;1.000026575017909;0.9999469544487779;0.9998951211357405;0.9998991954360065;0.9999004702598797;0.999981469109882;0.9999999999999999;0.9999741647819551;0.9999575628376609;0.9999797997110454;0.9999000656196527;1.0002019596587062;1.000220853116403;0.9999633699162073;0.9999759804676278;0.9999711411871399;1.0;0.9999383856206608;0.9999398806135625;0.9999628523893593;0.9999866523083952;0.9999537862831396;1.0;0.9999999999999999;0.9999852067724049;0.9999768612996386;0.9999999999999999;0.9999849717983403;0.9999598777931138;0.999969444694744;0.9999999999999999;1.024999976158142;
2016-05-19 04:00:00;0.9999663562210808;1.0;0.999973214074213;0.9999685676590709;0.9999865199031904;0.9999715240191434;1.0002130561242435;0.999934344322823;1.0;1.0;0.9999747300097588;1.0;1.0000266879830377;0.9999556929360964;0.9999126384490543;0.9999155106730949;0.999916537009061;0.9999859042403184;1.0;0.9999787251032114;0.9999664322961457;0.9999824851309292;0.9999162240146959;1.0002000395205923;1.0002185799615075;0.9999705711193259;0.9999796254285844;0.9999759059534548;1.0;0.9999382940906195;0.9999421218977621;0.9999642482201271;0.999989987174782;0.9999555538151117;1.0;1.0;0.9999838697735717;0.9999747303535398;0.9999999999999999;0.9999886595280665;0.9999681583389558;0.9999742466326403;0.9999999999999999;1.024999976158142;
2016-05-19 04:15:00;0.9999708880846409;1.0;0.9999771132264816;0.9999718981992185;0.9999899975007349;0.9999742841448194;1.0002121709972853;0.9999357398442593;1.0;1.0;0.99997833738462;1.0;1.0000270167314471;0.9999573917368803;0.9999128096904374;0.9999155513905359;0.9999166703638824;0.999989835324541;1.0;0.9999820447288984;0.9999723121720745;0.9999861143030259;0.9999163648097527;1.0001991300769688;1.0002176536103233;0.9999752394413778;0.9999837521748115;0.9999777040046863;1.0;0.9999420312069746;0.9999389614199554;0.9999618254720853;0.999992007390762;0.999951040648598;0.9999999999999999;1.0;0.9999844805031666;0.9999761350364613;1.0;0.9999911028667029;0.9999737627653658;0.9999781989917408;1.0;1.024999976158142;
2016-05-19 04:30:00;0.9999721178355904;1.0;0.9999779855334342;0.9999733489399418;0.9999900145030126;0.999975687106126;1.0002128611695476;0.9999407758685142;1.0;1.0;0.9999791197423082;1.0;1.0000269908357617;0.9999605832771411;0.9999202013455737;0.9999226504176912;0.9999236428680996;0.9999897297050248;1.0;0.9999826194176418;0.9999729867167337;0.9999861984098962;0.9999233619792189;1.0001998391194173;1.0002183333804864;0.9999759822689859;0.9999838961523938;0.9999790998385861;1.0;0.9999385837223578;0.9999349367158962;0.9999609466622488;0.9999922856423447;0.9999549840264166;1.0;1.0;0.9999850305488567;0.9999766850775609;1.0;0.9999913448477483;0.9999743712565791;0.9999789371366127;1.0;1.024999976158142;
2016-05-19 04:45:00;0.9999734840366947;0.9999999999999999;0.9999790941345039;0.9999746279328228;0.9999914357671444;0.9999768748308268;1.000212796419972;0.999944571070616;1.0;1.0;0.9999795625309306;1.0;1.0000268101954395;0.999963629588445;0.9999263452506265;0.9999277063770814;0.9999285546312839;0.9999909793849068;0.9999999999999999;0.9999830480925718;0.9999734026849209;0.9999857800773531;0.9999282996210398;1.0001997741830053;1.0002183019529205;0.9999762737587701;0.9999835291469343;0.9999803537267472;1.0;0.9999405773672798;0.9999330439081527;0.999959225077859;0.9999940629395473;0.9999510905569268;1.0;1.0;0.9999847373698002;0.9999760107635984;1.0;0.9999931590155635;0.9999745760041239;0.9999796959187776;1.0;1.024999976158142;
2016-05-19 05:00:00;0.9999711835139458;1.0;0.9999777241689599;0.999973302368698;0.9999888875948364;0.9999760275957673;1.000213508396095;0.9999447357470042;1.0;1.0;0.9999788067039538;0.9999999999999999;1.0000267122341557;0.9999628308418754;0.9999260388310774;0.9999282747133099;0.9999291443601733;0.9999882321085752;1.0;0.9999819441292622;0.9999707520107287;0.9999853921847479;0.9999288697663133;1.0002005124601576;1.0002190109932114;0.9999744833457112;0.9999828168315206;0.9999797445313093;1.0;0.9999454734839821;0.9999378715441136;0.9999602469303486;0.9999918615698783;0.999946255583993;1.0;1.0;0.9999842605809586;0.9999759151160886;1.0;0.9999907513028897;0.9999722244856402;0.9999785717179666;0.9999999999999999;1.024999976158142;
2016-05-19 05:15:00;0.9999725133185164;1.0;0.9999781984796993;0.9999748659617588;0.9999883425363014;0.9999774415653662;1.0002131822980362;0.9999506520609924;1.0;1.0;0.9999793513174584;1.0;1.0000265809898443;0.9999663933520822;0.999935150977494;0.9999372024273234;0.9999379093656051;0.9999875843421046;1.0;0.9999824047993066;0.9999716166739593;0.9999850698732237;0.9999376703457705;1.0002003020103483;1.0002186163780682;0.9999754036886002;0.9999826238153962;0.9999812228955369;1.0;0.999944976599393;0.9999451529905533;0.9999663860069029;0.9999917353553811;0.9999591460562566;1.0;1.0;0.9999845174467127;0.99997579084243;1.0;0.9999905312810463;0.9999730328150308;0.9999789043453361;1.0;1.024999976158142;
2016-05-19 05:30:00;0.9999778920390487;1.0;0.999981863496153;0.999979336392988;0.9999898024107033;0.9999811559032737;1.000213749972783;0.9999564925949529;1.0;1.0;0.9999835246133572;1.0;1.0000272068018445;0.9999700172368993;0.9999417504723815;0.9999445716871312;0.9999453008767976;0.9999895896480635;1.0;0.999986197713872;0.9999788584225066;0.9999889567001896;0.9999450942483911;1.000200894806709;1.000219048498571;0.999981515826823;0.999987196755612;0.9999839191613792;1.0;0.9999420587231376;0.9999425735962683;0.999963902900147;0.9999918245481008;0.9999533231474323;0.9999999999999999;1.0;0.9999851829148255;0.9999776314028895;1.0;0.9999909066580609;0.9999801203070314;0.9999827999257456;1.0;1.024999976158142;
2016-05-19 05:45:00;0.9999713108207965;1.0;0.9999778176260901;0.9999721703828407;0.99999098929503;0.9999745734398527;1.0002136521133878;0.9999354868199741;0.9999999999999999;1.0;0.999978767486354;1.0;1.0000272010022069;0.9999575610618717;0.9999121275164781;0.9999145765688208;0.9999157106742831;0.9999908271186753;1.0;0.9999823941802031;0.9999726364698821;0.9999865696951494;0.9999154011419523;1.0002004824046846;1.0002192039505866;0.9999754353832796;0.999984200486576;0.9999778900004688;1.0;0.9999461422678548;0.9999446183554574;0.9999648992481687;0.9999928193374688;0.9999536755867278;0.9999999999999999;1.0;0.9999839067181584;0.9999743861622898;1.0;0.9999920016598298;0.9999740173703948;0.9999788522345981;1.0;1.024999976158142;
2016-05-19 06:00:00;0.9999721446721229;1.0;0.9999785787092039;0.999974033206697;0.9999897320483047;0.9999766503489252;1.0002171043964372;0.9999453185853415;1.0;0.9999999999999999;0.9999795177656843;1.0;1.0000272310445646;0.9999634401171916;0.9999266009234307;0.999928674682566;0.9999295473388247;0.9999891362922358;1.0;0.9999825945049288;0.9999718387626325;0.9999860167834526;0.9999292761415923;1.000203879236788;1.000222695106351;0.9999753383394687;0.9999835320410786;0.9999801970331582;1.0;0.9999422570909737;0.9999332165275067;0.9999522888965834;0.9999924766015573;0.9999204919502472;1.0;1.0;0.9999841266409978;0.9999746060830353;1.0;0.9999914506723717;0.9999732358492969;0.9999793940452985;1.0;1.024999976158142;
2016-05-19 06:15:00;0.9999741730965847;1.0;0.999980180050549;0.9999758943186118;0.9999903580602285;0.9999783144144088;1.0002185795868013;0.9999487296444663;1.0;1.0;0.9999811816884808;1.0;1.0000275237034093;0.9999656431237984;0.9999308247421009;0.9999329812007688;0.999933825030261;0.9999898618565219;1.0;0.9999839957409162;0.9999741532348198;0.9999873800736355;0.9999335683911225;1.0002052962948937;1.0002241629091428;0.9999773683291798;0.9999850902761934;0.9999815249461315;1.0;0.999938904538498;0.9999239271333835;0.9999412034200267;0.9999927426727737;0.9998897809278833;1.0;1.0;0.9999842351421293;0.9999739206251677;1.0;0.9999918068530534;0.999975479691199;0.9999810165498187;1.0;1.024999976158142;
2016-05-19 06:30:00;0.9999684069823286;1.0;0.9999746741311605;0.9999701744677121;0.9999885438178345;0.9999728625472567;1.0002197731949583;0.9999373753620316;1.0;1.0;0.9999754846881205;0.9999999999999999;1.000027513595251;0.9999584206921953;0.9999176502022697;0.9999194122258183;0.9999203220110778;0.9999878867680362;1.0;0.999979580037446;0.9999679493605992;0.9999824388164867;0.9999200367557465;1.0002063396541852;1.0002254821248397;0.9999716503913235;0.9999797581712933;0.9999771730786132;1.0;0.9999472417152984;0.9999348540256847;0.9999538042221849;0.9999921138673176;0.9999239621032522;1.0;0.9999999999999999;0.9999482232776319;0.9999402909212948;1.0;0.9999908965661107;0.9999694038191126;0.9999753613200207;1.0;1.024999976158142;
2016-05-19 06:45:00;0.999968023798054;0.9999999999999999;0.999975172847086;0.9999699094234027;0.9999884612775773;0.9999727966620436;1.000230041836495;0.9999354428353645;1.0;0.9999999999999999;0.9999762518495123;1.0;1.0000289121196002;0.9999569834187062;0.999913357315892;0.9999157650382478;0.9999168042712296;0.9999878838715941;1.0;0.9999799794748931;0.9999680479504335;0.9999838832716954;0.9999164905685737;1.0002159752226227;1.0002360023699235;0.9999718535441443;0.999981100887598;0.9999768402485516;1.0;0.9999291945791724;0.9999275874900979;0.999950626745033;0.9999914735817194;0.9999247912282975;1.0;1.0;0.999908107936973;0.9998930311475761;1.0;0.9999903310931325;0.999969625924064;0.999976124689124;1.0;1.024999976158142;
2016-05-19 07:00:00;0.999967606575782;1.0;0.9999746188560826;0.9999690864467613;0.9999887703449446;0.9999718621838927;1.0002463488157278;0.9999316447329584;0.9999999999999999;1.0;0.9999757333517075;0.9999999999999999;1.000031172058726;0.9999546655059478;0.9999080104571718;0.9999105676967908;0.9999116967921389;0.9999883645221035;1.0;0.9999797554844673;0.9999682761520778;0.9999838315382289;0.999911371494891;1.0002312707119683;1.0002527045983602;0.9999718060041509;0.9999811086008953;0.9999758698606771;1.0;0.9999066140679428;0.9998858457591524;0.9999304882033603;0.9999915077316716;0.9999184550559315;1.0;1.0;0.9998746687078561;0.9998317001626553;1.0;0.9999904232508751;0.9999698484294599;0.9999756440715585;1.0;1.024999976158142;
2016-05-19 07:15:00;0.999932520867494;1.0;0.9999318098959832;0.9999344992343587;0.9999644259245799;0.9999370534264554;1.000282525327493;0.9998729356136451;1.0;1.0;0.9999362909716872;1.0;1.000035744308436;0.9999123122964619;0.9998497482824839;0.9998543603702456;0.9998554963722159;0.9999639205614682;1.0;0.999950428451001;0.9999346366172724;0.9999476330513274;0.9998551622815939;1.0002655044711166;1.0002895967254624;0.9999408280139815;0.9999438863477247;0.9999488476923006;1.0;0.9998789960080776;0.9998345267128;0.9999048884704266;0.9999762953376918;0.9999077567837257;1.0;0.9999999999999999;0.999759562305931;0.9996446550260631;1.0;0.9999724046098597;0.9999375534766738;0.9999325495563512;1.0;1.024999976158142;
2016-05-19 07:30:00;0.9998704121701607;1.0;0.9998883367902588;0.9998817161371796;0.9999229205930157;0.9998918444947344;1.0003121884418817;0.9997656872010587;1.0;1.0;0.9999052679718877;1.0;1.00003968004939;0.9998293257139405;0.9996871147775657;0.9997123742349155;0.9997165039488567;0.9999225653518051;1.0;0.9999197707140202;0.9998812743480793;0.9999374263916982;0.9997153933485844;1.0002932857757272;1.000320041710966;0.999898223924792;0.9999279911931205;0.9999079161876177;1.0;0.9998757138129406;0.9998285536879754;0.9999002494535857;0.999934653032925;0.9999000247886259;1.0;1.0;0.9997304755023364;0.9996010914500246;1.0;0.9999282143494425;0.9998901109275566;0.9998958147970238;1.0;1.024999976158142;
2016-05-19 07:45:00;0.9999330469354514;1.0;0.9999374465090121;0.9999339764227295;0.9999725400329605;0.9999372757914885;1.0002889702047935;0.9998601443399814;1.0;1.0;0.9999400109615969;1.0;1.0000366168940262;0.9999067971270912;0.9998257219511761;0.999829125311957;0.9998307800012813;0.999972143389006;1.0;0.9999529352188308;0.9999352652164435;0.9999535510413632;0.9998303171724736;1.0002710894469138;1.0002965711708127;0.9999408410768723;0.9999493086099788;0.9999478236479171;1.0;0.9998736886242675;0.9998232108976872;0.999895253912083;0.9999818512583675;0.9998888409650976;1.0;1.0;0.9997383417122747;0.9995846036984603;1.0;0.9999788259244727;0.9999379433174805;0.9999383268562605;1.0;1.024999976158142;
2016-05-19 08:00:00;0.9999275428812345;1.0;0.9999329244786577;0.9999289635628629;0.9999702146298985;0.9999327559392889;1.0002975768871745;0.9998508860338999;1.0;1.0;0.9999356188506853;1.0;1.0000375076218673;0.9999005326433232;0.999814065796006;0.9998176567916988;0.9998194116036927;0.9999696157295815;1.0;0.9999492285583723;0.999929342448922;0.9999500920488655;0.9998189082740895;1.0002791339232868;1.0003054626976389;0.9999356971456808;0.9999453628837774;0.9999441583968244;0.9999999999999999;0.9998697246979225;0.9998133947793718;0.9998939198440988;0.9999804052930754;0.9999032183736501;1.0;1.0;0.9996958629330314;0.9995332227130075;1.0;0.9999771109909783;0.9999322723181201;0.99993385856575;1.0;1.024999976158142;
2016-05-19 08:15:00;0.999943464607304;1.0;0.9999459403656212;0.9999458610791749;0.9999697261566832;0.9999487245948889;1.0003184038520252;0.9998916919800939;1.0;1.0;0.9999507858216885;1.0;1.000040644853371;0.9999244086039103;0.9998653707099188;0.9998716690111444;0.9998730067427595;0.9999695133983151;0.9999999999999999;0.9999608875027907;0.9999466842023164;0.9999622482319834;0.9998726401317829;1.0002992841525349;1.0003262548914067;0.99995237494659;0.999958793153244;0.999957469744903;1.0;0.9997871763743539;0.9997540105773031;0.9998637282814002;0.9999776576494842;0.9998888124027967;1.0;0.9999999999999999;0.9996911304337445;0.9995262159416554;1.0;0.9999746548908913;0.9999495796433172;0.9999475220392297;0.9999999999999999;1.024999976158142;
2016-05-19 08:30:00;0.9999519783870653;1.0;0.9999503287074158;0.99995339174231;0.9999735251774096;0.999954990200725;1.0003123662872133;0.9999111854972272;1.0;1.0;0.9999537389104869;1.0;1.0000397368252134;0.9999383112848246;0.9998967416551601;0.9999000625701671;0.9999007749347514;0.999973171482013;1.0;0.9999642033753917;0.9999535083599319;0.9999613765286135;0.9999005628491091;1.0002937503841849;1.0003199758898225;0.9999578949725711;0.9999588393969432;0.9999636356521057;1.0;0.9998314845914381;0.9997807752683552;0.9998772873618086;0.9999824672888319;0.9998962145155824;1.0;1.0;0.9996505207882262;0.9994855164348007;1.0;0.9999795553358385;0.9999555803133967;0.9999507781399913;0.9999999999999999;1.024999976158142;
2016-05-19 08:45:00;0.9999454559060656;1.0;0.9999509108725348;0.99994768587265;0.9999761824785425;0.9999510804953123;1.0003200166245145;0.999893331828641;0.9999999999999999;1.0;0.9999533692806251;1.0;1.0000402898510046;0.999927982218582;0.9998658877685622;0.9998693260935619;0.9998706243660161;0.9999754533788073;0.9999999999999999;0.9999625413942574;0.9999460837407599;0.9999642091684866;0.9998702319291548;1.0003005497874375;1.0003282069374981;0.9999517158189143;0.9999603565237258;0.9999594510792732;1.0;0.9998076872027696;0.9997537711283437;0.9998580553827437;0.9999838084332392;0.9998654115717686;1.0;1.0;0.9996474937465207;0.9994808169874472;1.0;0.9999812491225513;0.9999485186749716;0.9999518584834074;1.0;1.024999976158142;
2016-05-19 09:00:00;0.9999364767352197;1.0;0.9999412961202924;0.9999396713474473;0.9999695956505262;0.999943471861945;1.0003354074554676;0.9998823090446188;0.9999999999999999;0.9999999999999999;0.9999446377884063;1.0;1.000041977098324;0.9999194756820776;0.9998551526261678;0.9998592713498128;0.9998605434670308;0.9999685663400362;1.0;0.9999555654840211;0.999936586427047;0.9999561871383625;0.999860136859312;1.0003151151046437;1.0003439488157555;0.9999435334816453;0.9999518016024712;0.9999537027421136;1.0;0.9997705634424435;0.9997191380389578;0.999845559845494;0.9999795700977809;0.9998807516499539;1.0;0.9999999999999999;0.9996291038896533;0.9994507136318702;1.0;0.9999762700736892;0.9999394801753736;0.9999422527102559;1.0;1.024999976158142;
2016-05-19 09:15:00;0.9999525371812562;1.0;0.999958666739778;0.9999559808283319;0.9999771269709777;0.9999595509534709;1.0003225419220851;0.9999152238269471;1.0;1.0;0.9999614109652096;1.0;1.0000403728828808;0.9999414619731366;0.9998926794081291;0.9998965534909893;0.9998976055390455;0.9999761251697603;0.9999999999999999;0.999968143268826;0.9999520847584132;0.9999705563259507;0.9998972587133029;1.0003031413532069;1.000330664545162;0.9999580692148934;0.9999668769584963;0.9999666834254118;1.0;0.9997905218074213;0.9997508768098604;0.9998590098075393;0.9999839227990343;0.9998767216335558;1.0;1.0;0.9996589381038392;0.9995002796499076;1.0;0.9999815406300424;0.9999544840790678;0.9999597452739672;1.0;1.024999976158142;
2016-05-19 09:30:00;0.9999401230378812;1.0;0.9999447836610368;0.9999437968140285;0.9999676797330974;0.9999474981535287;1.000331138711706;0.9998904080517478;1.0;1.0;0.9999498861894297;1.0;1.000041870165748;0.9999229816176739;0.999862388257645;0.9998692397044158;0.9998706351547807;0.9999670716621122;0.9999999999999999;0.9999593859610906;0.9999423012146845;0.9999619271521144;0.9998702256549291;1.0003112716112528;1.0003393573431232;0.9999491948548213;0.9999578709125406;0.9999565351294823;1.0;0.9997819923929178;0.9997481083912577;0.9998611496384934;0.9999760208025917;0.9998921275932922;1.0;1.0;0.999628404363553;0.9994527978820276;1.0;0.9999728344507448;0.9999455186943469;0.9999465794805622;1.0;1.024999976158142;
2016-05-19 09:45:00;0.9999170939525406;0.9999999999999999;0.9999136903358358;0.999918201278517;0.999957599260115;0.9999205581602412;1.0003540926876215;0.9998398687689856;0.9999999999999999;1.0;0.9999184827592525;0.9999999999999999;1.0000449800988371;0.9998905898271665;0.9998139734538665;0.999818127334977;0.9998193897877873;0.9999571735417927;0.9999999999999999;0.9999374638117265;0.9999198865932055;0.9999317183103883;0.9998190280382718;1.0003327081352416;1.0003629562011898;0.9999265197751767;0.9999275267682615;0.9999356923456713;1.0;0.9997051076173283;0.9996969523134095;0.9998323405933969;0.9999729800762223;0.9998666574290757;0.9999999999999999;1.0;0.9996143663018391;0.9994351116108819;0.9999999999999999;0.9999681666263116;0.9999230984294519;0.999914018646228;1.0;1.024999976158142;
2016-05-19 10:00:00;0.999924125118294;1.0;0.9999215516184583;0.9999257197473534;0.999961992358923;0.9999281616739657;1.0003541117408978;0.9998583810179236;1.0;1.0;0.9999249373963868;1.0;1.0000444782366498;0.9999037327268548;0.9998378989852317;0.999840115590199;0.9998410462471177;0.9999610549931323;1.0;0.9999421983003587;0.9999243868711347;0.999935852925516;0.999840735854973;1.0003327733174594;1.0003630310033325;0.9999309872206333;0.9999317465464014;0.9999424164734534;1.0;0.9997165816939084;0.9996534123603805;0.9998131482371403;0.9999771554423141;0.999867724395033;0.9999999999999999;1.0;0.999628117710532;0.9994678175132167;1.0;0.9999726454012514;0.9999271627137272;0.9999213539725723;1.0;1.024999976158142;
2016-05-19 10:15:00;0.9999307844785774;1.0;0.9999305166221111;0.9999325914801798;0.9999660352753272;0.9999352913195548;1.000357062440615;0.999869581666095;1.0;1.0;0.9999337927934431;1.0;1.0000449740810518;0.9999112918411088;0.9998471079221593;0.9998499163539419;0.9998509603297205;0.9999652050689454;1.0;0.999948541552428;0.9999313590977238;0.999944709939291;0.9998506276587197;1.0003355328802441;1.0003660483864236;0.9999376448205277;0.9999407221141458;0.9999477138620895;1.0;0.9997002832655196;0.9996400299721254;0.9998045907204303;0.9999788297159173;0.999856918409264;1.0;1.0;0.9996707202988653;0.9995169242105899;1.0;0.9999749066807968;0.999934054848225;0.9999307217359374;1.0;1.024999976158142;
2016-05-19 10:30:00;0.9999392633004041;1.0;0.9999476605978727;0.9999440576419232;0.9999723407435275;0.9999488735885015;1.000343040966389;0.9998959712854204;0.9999999999999999;1.0;0.999949940250913;1.0;1.0000421781477784;0.9999289045305478;0.9998705734437143;0.9998735439816664;0.9998746485312066;0.9999705255216438;1.0;0.9999584957890799;0.9999362820669898;0.999960381235689;0.9998742308762896;1.000322307472837;1.000351901087921;0.9999443172889709;0.9999554345722542;0.9999584872470332;1.0;0.9997290378415062;0.9996612823506658;0.9998052344291581;0.9999821293129999;0.9998162503341983;1.0;1.0;0.9996600978638487;0.9995091612163094;1.0;0.9999790249697136;0.9999391078770488;0.9999484094314495;1.0;1.024999976158142;
2016-05-19 10:45:00;0.9999194129307429;1.0;0.9999393571437492;0.9999291614685097;0.9999671425353044;0.9999381207023327;1.000343501193018;0.9998760859547187;1.0;1.0;0.9999405303474053;0.9999999999999999;1.0000400429853624;0.9999157988554305;0.9998403541701517;0.9998427203750629;0.9998441262109815;0.9999631668603393;1.0;0.9999476551339739;0.9999097574270082;0.9999539482076231;0.9998434778888339;1.0003224701151783;1.000352994260127;0.9999231408446947;0.9999457666454513;0.9999501387335531;0.9999999999999999;0.9997194244222979;0.9996922151339056;0.9998166100137645;0.9999798399917662;0.9998067402742988;1.0;0.9999999999999999;0.9996810115574191;0.999531460264029;1.0;0.9999759994067711;0.9999136687381113;0.9999402439452693;1.0;1.024999976158142;
2016-05-19 11:00:00;0.9999202773284341;1.0;0.9999329222821556;0.9999258446136435;0.9999686619295466;0.9999323521251098;1.000340668800694;0.9998584597099538;1.0;1.0;0.9999340312473685;1.0;1.0000410447062777;0.9999056121373365;0.9998231701042458;0.9998247220233273;0.9998262052234206;0.9999660639366519;1.0;0.9999453691922446;0.9999149788972631;0.9999476803138063;0.9998256331515244;1.00031967815915;1.0003499470859905;0.9999251444861248;0.9999409634141639;0.9999450062161533;1.0;0.9997140853331665;0.9996902487544223;0.9998125839129792;0.9999814209014354;0.9997925155393854;0.9999999999999999;1.0;0.9996876433779881;0.9995275901958935;1.0;0.9999776651255303;0.9999182998864123;0.9999333518695435;1.0;1.024999976158142;
2016-05-19 11:15:00;0.999937252733853;1.0;0.9999476940704103;0.9999410231179828;0.9999760904143008;0.9999460717675142;1.0003366954760315;0.9998822555902688;1.0;0.9999999999999999;0.999948884691136;0.9999999999999999;1.0000414840428289;0.9999216863608874;0.9998499819659075;0.9998520969081753;0.9998535243061352;0.9999744328744368;1.0;0.9999577836384206;0.9999346972379034;0.9999608813723463;0.9998530328332861;1.0003160311811974;1.0003456298700728;0.999942230498488;0.9999556732317676;0.9999555249408733;1.0;0.9997442317541865;0.9997000470561437;0.9998088822669144;0.999984969534386;0.9997570737169343;1.0;1.0;0.9996829069023049;0.9995335854076176;1.0;0.9999822261768317;0.9999373844191678;0.9999484222359686;1.0;1.024999976158142;
2016-05-19 11:30:00;0.999925413753306;0.9999999999999999;0.9999411088184194;0.9999295125408315;0.9999753108718363;0.9999360531970931;1.0003441100915857;0.9998522261263991;1.0;0.9999999999999999;0.9999419665260422;1.0;1.0000422193290879;0.999902906905202;0.9998061042833667;0.9998088075955223;0.9998108878185589;0.9999735047886418;1.0;0.9999515460489371;0.9999230278953515;0.9999579871765196;0.9998102143115909;1.0003225990488536;1.0003535832122352;0.999931775654736;0.9999514841771809;0.9999463853426086;1.0;0.9997459067516875;0.9997055967272898;0.9998169907948669;0.9999840042432487;0.9997834862569183;0.9999999999999999;0.9999999999999999;0.9996290183927712;0.9994631997608189;0.9999999999999999;0.9999812390306125;0.999926248203599;0.9999423385181107;1.0;1.024999976158142;
2016-05-19 11:45:00;0.999905365142788;1.0;0.9999258368268139;0.9999094362342936;0.9999727492700824;0.9999176077455505;1.0003361431975824;0.9998054400232791;1.0;1.0;0.9999255703238505;1.0;1.0000407225017378;0.9998739930234273;0.9997445601380391;0.9997463218565739;0.9997490494489607;0.9999705311250272;1.0;0.9999382568950979;0.9999021183005522;0.9999461783395993;0.9997481768727209;1.000314561797174;1.0003459532278476;0.9999124760047501;0.9999379292704581;0.9999307271475948;1.0;0.9997449762603094;0.9997171503118362;0.9998348238678454;0.9999834664189089;0.9998364818745247;1.0;1.0;0.9996701544773298;0.9995040408494149;1.0;0.9999802542534081;0.999905861147282;0.9999270116586917;1.0;1.024999976158142;
2016-05-19 12:00:00;0.9998811552030923;1.0;0.999914476956336;0.9998815227359097;0.9999799020233502;0.9998920599965039;1.0003459335447085;0.9997070618095751;1.0;1.0;0.9999129967068598;0.9999999999999999;1.0000432559018664;0.9998144741683294;0.9995964692911727;0.9996007207503639;0.9996059644833589;0.9999791820932528;1.0;0.9999280455638133;0.9998848858303155;0.9999473275880685;0.9996045354546418;1.000322238892953;1.0003569670287829;0.9998945524709407;0.9999368890164044;0.9999050086978923;1.0;0.9997426227764653;0.999718423108658;0.9998359977663889;0.999985095832593;0.9998407158041318;1.0;1.0;0.9996321900531018;0.9994714576779243;1.0;0.9999831133932064;0.9998895116166553;0.9999176859944281;1.0;1.024999976158142;
2016-05-19 12:15:00;0.9999038494175045;1.0;0.9999203418446759;0.9999043869951412;0.9999728118789829;0.999910931137475;1.0003521893930243;0.9997796304263433;1.0;1.0;0.9999213310997794;0.9999999999999999;1.0000444230857222;0.9998574260919485;0.9997100067141691;0.9997138132504579;0.9997171267283532;0.9999722651266204;1.0;0.9999369244600007;0.9999069459369074;0.9999449312986206;0.9997162172906117;1.0003294459568237;1.0003622490203254;0.9999146702785635;0.999937697542162;0.9999237935536623;1.0;0.9997201349784075;0.9997025107260032;0.9998246346919395;0.9999816187172983;0.9998241445054613;1.0;1.0;0.9996807556242634;0.9995526035712841;1.0;0.9999786836173208;0.9999106618603928;0.9999221729049764;1.0;1.024999976158142;
2016-05-19 12:30:00;0.999780317542702;1.0;0.9998468397474644;0.9997984795556759;0.9999401977987318;0.9998232887047729;1.0003688135200983;0.9995862355937071;1.0;0.9999999999999999;0.9998443384737237;1.0;1.0000384024331406;0.9997316555171374;0.9994412607297339;0.9994448183147869;0.9994510472369097;0.999931792405164;1.0;0.9998635180437715;0.9997615566920066;0.9998916805709187;0.9994488206012458;1.0003429963120005;1.0003824423182095;0.999792327930904;0.999869051862616;0.999851814664855;1.0;0.9996926220053555;0.9996829736736782;0.999810193402369;0.999963992633261;0.9997980779641402;1.0;1.0;0.9996906881385178;0.9996041532558021;1.0;0.9999569052187868;0.9997711536781615;0.9998501000987676;1.0;1.024999976158142;
2016-05-19 12:45:00;0.9998201475684977;0.9999999999999999;0.9998756744144469;0.9998377726580249;0.999947597200969;0.9998589722890708;1.0003534407282855;0.9996808814640632;0.9999999999999999;1.0;0.9998736400608762;1.0;1.0000369766970245;0.9997917815900828;0.9995709245425212;0.9995732264605899;0.999577810779899;0.9999395941648458;1.0;0.9998879006156214;0.9998008143882292;0.9999099830453279;0.999576044635093;1.000329570151697;1.0003657725491764;0.9998280540953658;0.9998908903666035;0.9998829648773155;1.0;0.9997301097228393;0.9997066365080041;0.9998219607741976;0.9999691968691805;0.9998011716037332;1.0;0.9999999999999999;0.9997004194861087;0.9996004455661615;0.9999999999999999;0.9999628795182154;0.9998088404828891;0.9998779726371745;1.0;1.024999976158142;
2016-05-19 13:00:00;0.9999054812308668;1.0;0.9999257137863331;0.9999091019677048;0.9999739083391458;0.9999171281425004;1.00035630437257;0.9998034562324806;1.0;1.0;0.99992500234097;1.0;1.000043318243201;0.9998732718657708;0.9997424587511141;0.9997435907030582;0.999746315375351;0.9999717221651874;1.0;0.9999380404395856;0.9999021821722313;0.9999455356644911;0.9997454458085755;1.000333465994106;1.000366637941914;0.9999122225468978;0.9999373430658164;0.9999303246444673;1.0;0.9997076830985123;0.9996873703436455;0.999807543727636;0.999984677820059;0.9997787315746273;1.0;0.9999999999999999;0.9996478413891681;0.9995262112757592;0.9999999999999999;0.9999815299240911;0.999905779435727;0.9999267130824102;1.0;1.024999976158142;
2016-05-19 13:15:00;0.9998772640172822;0.9999999999999999;0.9999022165634287;0.999877524794006;0.999972174348087;0.9998865846263215;1.0003436098151446;0.9997130281858203;1.0;1.0;0.9999010885417909;1.0;1.0000426574020818;0.9998170500229906;0.9996194874955764;0.9996217291919554;0.9996261018650812;0.9999710913218265;1.0;0.9999202207182439;0.9998792070171675;0.9999316345418388;0.999624876383889;1.0003204763421063;1.000354305438298;0.9998889629661054;0.999921854410342;0.99990266791138;1.0;0.9997337857934083;0.999716728622201;0.9998311730204729;0.9999827098709472;0.9998213152652804;1.0;1.0;0.9996824155778412;0.9995700821740638;0.9999999999999999;0.9999794882455604;0.9998835688698643;0.9999040680261945;0.9999999999999999;1.024999976158142;
2016-05-19 13:30:00;0.9998621636225576;1.0;0.9998928180316264;0.9998596929009266;0.9999774667811406;0.9998697310770406;1.0003563248708047;0.9996549661887131;0.9999999999999999;1.0;0.9998896446797373;0.9999999999999999;1.000044734331411;0.9997831016351246;0.9995373205376893;0.9995384745008581;0.9995440136598737;0.999976949111447;1.0;0.9999116323326785;0.999866414853001;0.9999266844084871;0.9995425211432667;1.0003315212035149;1.0003679791320597;0.9998755008646092;0.9999157087741906;0.9998868043342903;1.0;0.9996976106305213;0.9996861685552226;0.9998118213912488;0.9999866066143716;0.9997981569392242;1.0;1.0;0.9996609665617009;0.9995166933751676;1.0;0.9999839107918218;0.9998708872964227;0.9998949411412847;1.0;1.024999976158142;
2016-05-19 13:45:00;0.9999363832374437;1.0;0.9999480607210237;0.9999385707442866;0.9999808778996566;0.9999435307556913;1.000348156110894;0.9998684348105268;1.0;1.0;0.9999479481332382;1.0;1.000043204454405;0.9999147584136246;0.9998298664715884;0.9998307504989873;0.9998324785753573;0.9999795237262201;1.0;0.9999574936014838;0.9999345802379694;0.9999612872025353;0.9998319293257488;1.000326481501552;1.0003575802914624;0.9999411162965945;0.9999560391316477;0.9999527572520394;1.0;0.9996962358991398;0.9996771025267108;0.9998064816483255;0.9999887236085928;0.9997930502022759;1.0;1.0;0.999646618061147;0.9994988658747316;1.0;0.999986422846415;0.9999369814135332;0.9999486407266126;1.0;1.024999976158142;
2016-05-19 14:00:00;0.9999047744942358;1.0;0.9999262980120264;0.9999144787002282;0.9999621705245025;0.9999242172280084;1.0003471029367759;0.9998427883602631;1.0;1.0;0.9999279103553326;1.0;1.000040482119605;0.9998939585178149;0.9997974786810192;0.9998006366737364;0.9998025107251598;0.9999582134534838;1.0;0.9999377258856494;0.9998959575074255;0.9999447867601952;0.9998017406251181;1.000325602510877;1.0003568888268664;0.9999103915609705;0.9999356541496334;0.9999383271223735;0.9999999999999999;0.9997175079446098;0.9996902996450399;0.9998156012420507;0.9999763883417108;0.9998059896112614;0.9999999999999999;1.0;0.9996620790534638;0.9995196489109813;0.9999999999999999;0.9999720242240009;0.9999004498511789;0.9999274607940809;0.9999999999999999;1.024999976158142;
2016-05-19 14:15:00;0.9998081953195077;0.9999999999999999;0.9998643937550172;0.9998365005297638;0.9999244670030701;0.9998608488243527;1.0003647708143033;0.9997354690714533;1.0;0.9999999999999999;0.9998645986910258;1.0;1.0000346317465736;0.9998199726193286;0.9996583877790934;0.999660435405342;0.999663136027884;0.9999124850776189;1.0;0.9998767396212205;0.9997755523078171;0.9998933723060431;0.9996615861262623;1.000341528500989;1.0003770310745763;0.9998113864176925;0.999871984327815;0.9998897727510091;1.0;0.999719819627046;0.9996918180193612;0.9998132280016436;0.9999567643662075;0.9997929357193934;1.0;1.0;0.9996815945157582;0.9995366260141677;1.0;0.9999474929921981;0.9997848846483247;0.9998655351294099;1.0;1.024999976158142;
2016-05-19 14:30:00;0.9998844502509419;1.0;0.999914065158232;0.9998976073262743;0.9999560990604923;0.9999104677315587;1.0003540721531587;0.9998158472945149;1.0;1.0;0.9999149210303572;1.0;1.0000397429196306;0.9998762926801212;0.9997611416352864;0.9997637398259587;0.9997659172101232;0.9999505393255991;1.0;0.9999252292472646;0.9998708576197249;0.9999348427973178;0.9997649550223195;1.0003318944708626;1.000364539064949;0.9998895035119347;0.9999230751233855;0.999927462435812;1.0;0.9997299891632081;0.9996921161108996;0.9998057338739628;0.9999735820317875;0.9997612048234238;0.9999999999999999;1.0;0.9996847986469415;0.999550471840287;0.9999999999999999;0.9999683766592008;0.9998762857457169;0.9999152353346278;1.0;1.024999976158142;
2016-05-19 14:45:00;0.9999282915789608;1.0;0.9999433694093663;0.9999307030506124;0.9999796503076678;0.9999366267971022;1.000340384434629;0.9998474138770554;1.0;1.0;0.9999433882843739;1.0;1.000042183004183;0.9999012903973956;0.9997988387329977;0.9998006576349574;0.9998028753202572;0.9999782976997419;0.9999999999999999;0.999953389170696;0.9999271157688895;0.9999596963199601;0.999802197466627;1.000318921421367;1.0003498305351581;0.9999344644673085;0.9999536164794874;0.9999463532476983;1.0;0.9997064033131249;0.9996866769357075;0.9998188218121792;0.9999871881995718;0.999827422351419;1.0;1.0;0.9996929813710892;0.9995631075580863;1.0;0.9999848562633978;0.9999299599111053;0.9999444481938111;1.0;1.024999976158142;
2016-05-19 15:00:00;0.9999327423647895;0.9999999999999999;0.9999390971273949;0.9999369706924791;0.9999702944159129;0.9999415174185509;1.0003298623825174;0.9998835676185244;1.0;1.0;0.9999406528190666;0.9999999999999999;1.0000402796335466;0.9999214654731765;0.9998603570072861;0.999861571765942;0.9998625247431188;0.9999682677686853;1.0;0.9999519206575943;0.9999287636022174;0.999950824282185;0.9998621321146463;1.0003098505167984;1.0003384985771637;0.9999368957503665;0.9999457183195761;0.999953090895163;1.0;0.9997305253229222;0.9997033543991335;0.9998288094273481;0.9999826225772245;0.9998363413803087;1.0;0.9999999999999999;0.9997588394129716;0.9996246398354267;1.0;0.9999790292786221;0.999931462013837;0.9999391241178427;1.0;1.024999976158142;
2016-05-19 15:15:00;0.9999424475969528;1.0;0.9999550664581288;0.9999494817574185;0.9999739774488879;0.9999555630027828;1.0003214021553979;0.9999132316918431;1.0;1.0;0.9999568039031942;1.0;1.0000385747314307;0.9999399904629788;0.9998894804107586;0.9998921361146348;0.9998930880444226;0.9999713149936416;1.0;0.9999622773779329;0.9999363927514432;0.9999662368705496;0.999892651110926;1.0003020270984553;1.0003298410748231;0.9999459294272204;0.99996063289877;0.9999642913090058;1.0;0.9997307279134573;0.9996992840862423;0.9998222755488766;0.999983313783049;0.9998147384930868;0.9999999999999999;1.0;0.9997945817945937;0.9996574050028391;1.0;0.9999803751001026;0.9999393242537257;0.9999558708762462;1.0;1.024999976158142;
2016-05-19 15:30:00;0.9997451251860605;1.0;0.9998211839835027;0.999788774109384;0.9998876527247675;0.9998228135507867;1.000348475514543;0.9996881442692082;1.0;1.0;0.9998245166759759;1.0;1.0000271894743074;0.9997810524964588;0.9995999789074567;0.9996058426891087;0.9996086929077643;0.9998702673387369;1.0;0.9998369192940819;0.9996974219109777;0.9998597420126292;0.9996067249211715;1.0003264560921183;1.0003611328904292;0.9997492277551395;0.9998305368797463;0.9998617595222863;1.0;0.999735785101007;0.999722890391628;0.9998423533304482;0.9999331101497092;0.999855757606788;1.0;1.0;0.9998193764894893;0.9997031150266176;1.0;0.9999196875852776;0.9997108481499203;0.9998232036798584;0.9999999999999999;1.024999976158142;
2016-05-19 15:45:00;0.9997719930793095;1.0;0.9998392443888661;0.9998095021860725;0.9999016834568246;0.9998394194102092;1.0003440787538729;0.9997116950236891;1.0;0.9999999999999999;0.999841877976131;1.0;1.0000289363654913;0.9997989733013215;0.999629716532537;0.9996346456589679;0.9996373758533719;0.9998866100438181;0.9999999999999999;0.9998539378174158;0.9997309664573667;0.9998741967881772;0.9996356014715478;1.000322316994628;1.0003562076884553;0.999776195169713;0.9998483753256152;0.9998741545831661;1.0;0.9997475709605466;0.9997349795943666;0.9998517823508886;0.9999416549885781;0.9998724767654398;1.0;1.0;0.9998262441510771;0.9997126668127881;1.0;0.9999298806765481;0.9997427694559274;0.999841021050161;1.0;1.024999976158142;
2016-05-19 16:00:00;0.999820810646284;1.0;0.9998750412452421;0.9998493612777885;0.9999244102524831;0.9998728845621027;1.0003423041326782;0.9997621237012504;1.0;1.0;0.999877472731303;1.0;1.000032537438485;0.9998350623206909;0.9996891552991106;0.9996944697812866;0.9996970924233972;0.9999131500031506;1.0;0.9998867635620237;0.9997910316290383;0.9999051109089679;0.9996956135838752;1.0003207649565378;1.00035359131591;0.9998259162836658;0.9998848423989121;0.999899201589305;1.0;0.9997392119985052;0.9997180780366546;0.9998387840282322;0.9999537503690262;0.9998502683537883;1.0;1.0;0.99984368349329;0.9997554475387036;1.0;0.9999448952344094;0.9998004553363781;0.9998771313375795;1.0;1.024999976158142;
2016-05-19 16:15:00;0.9997970556204099;1.0;0.999855499124237;0.9998302567256341;0.999911034628086;0.9998565637448411;1.000349377633963;0.9997423511519162;1.0;1.0;0.9998582257734927;0.9999999999999999;1.0000314372394938;0.9998201133169304;0.9996699395435867;0.99967476070775;0.99967718318778;0.9998977530330069;1.0;0.9998695924253097;0.999761065424305;0.9998869220387373;0.9996756152772953;1.0003275126686157;1.0003611287446124;0.9998011880425582;0.9998641117675579;0.999887566942621;0.9999999999999999;0.9997199648798497;0.9996819861975863;0.9998106482906735;0.9999468716749418;0.9997979719436206;1.0;1.0;0.9998563771141612;0.9997831662780154;1.0;0.9999362649397581;0.9997716299712843;0.9998571614613623;1.0;1.024999976158142;
2016-05-19 16:30:00;0.9999392216129294;1.0;0.9999505307484204;0.9999452378290674;0.9999715514879314;0.9999508818675901;1.0003107649758745;0.9998988427014457;1.0;1.0;0.9999535277724362;0.9999999999999999;1.0000379170496545;0.999929900716926;0.9998698419602857;0.9998744160437305;0.9998757084602529;0.999969605804688;1.0;0.9999603175160351;0.9999362969489551;0.9999649541226082;0.9998752322690599;1.0002919634173097;1.0003188648259527;0.999945212592518;0.9999595857417085;0.9999597437726455;0.9999999999999999;0.9997482263386371;0.9997180213686574;0.9998395137755356;0.9999802342382819;0.9998509462222509;1.0;0.9999999999999999;0.9998787509397258;0.9998349146329495;1.0;0.9999772377251623;0.9999394906970751;0.9999519143116256;1.0;1.024999976158142;
2016-05-19 16:45:00;0.999937872430954;1.0;0.9999481774179368;0.9999416697078941;0.9999744209202505;0.9999466301808027;1.0003079075335444;0.9998816384546821;1.0;1.0;0.9999506273357843;1.0;1.0000382024099441;0.9999201815709237;0.9998468924206787;0.9998510051084486;0.999852617339678;0.99997316474258;1.0;0.9999590923995113;0.999937230591393;0.9999635849422144;0.9998521054130943;1.0002890074331212;1.0003160336644905;0.9999446428436894;0.9999585522507217;0.9999555025640453;1.0;0.9997383697009276;0.9997160544535834;0.999841308513557;0.9999822281807144;0.9998620049266559;0.9999999999999999;1.0;0.9998926474179215;0.9998650905767068;0.9999999999999999;0.9999795338005782;0.9999401876266963;0.9999495318401737;1.0;1.024999976158142;
2016-05-19 17:00:00;0.999830639722189;1.0;0.9998763838846912;0.9998488489940861;0.9999395502108264;0.9998678791041273;1.0003101114496125;0.9997183456567619;0.9999999999999999;1.0;0.9998773235816284;1.0;1.0000318922416132;0.9998121563804409;0.9996293813528558;0.9996336710407958;0.9996373269438362;0.9999319013833323;0.9999999999999999;0.9998919441191347;0.9998125162376812;0.9999087058816877;0.9996358296670956;1.0002896510448205;1.0003206486029694;0.999839087032793;0.9998913985923554;0.9998918574883062;1.0;0.9997385542630306;0.9997243420047834;0.9998467146425518;0.9999629657513187;0.9998680404799605;0.9999999999999999;1.0;0.9999442518992802;0.9999176473361765;0.9999999999999999;0.9999558925886656;0.999820475391638;0.99987852957905;1.0;1.024999976158142;
2016-05-19 17:15:00;0.9998381673131896;0.9999999999999999;0.9998698525623919;0.999845877549793;0.9999484004603718;0.9998593679656018;1.0003036519099526;0.9996775593311781;1.0;1.0;0.9998706242021524;0.9999999999999999;1.0000347459359964;0.9997893269889373;0.9995817475927902;0.9995853692527807;0.9995896443865997;0.9999445123482186;1.0;0.9998928975379437;0.9998323617041202;0.9999041930565207;0.9995882479390135;1.0002830746485953;1.000313753826847;0.9998504567432376;0.9998904463728718;0.9998826514219684;0.9999999999999999;0.9997488496835687;0.9997433238667178;0.9998564357371488;0.9999684257863495;0.9998725974681414;1.0;1.0;0.9999687058656921;0.9999464830741545;1.0;0.9999623825361499;0.9998388726319134;0.999871676972427;1.0;1.024999976158142;
2016-05-19 17:30:00;0.9998373990271653;1.0;0.999858529478939;0.9998473421698185;0.9999289456380781;0.9998592294694909;1.0003154404920793;0.9997021437100723;1.0;1.0;0.9998654086996404;1.0;1.000036877961781;0.9997975947070715;0.9996252962866943;0.9996347351069932;0.9996382543569111;0.9999255249229765;1.0;0.999889411380282;0.9998346032627957;0.9998962219547753;0.9996370893724409;1.00029525696649;1.000324834696606;0.9998537835577385;0.9998837627645907;0.9998842578932533;1.0;0.9997406046500064;0.9997412185705291;0.9998550409714809;0.9999524476796013;0.999871107350753;1.0;1.0;0.9999756789820862;0.9999661585045516;1.0;0.9999447053816853;0.9998420689021756;0.999861083899569;0.9999999999999999;1.024999976158142;
2016-05-19 17:45:00;0.9998799242846632;1.0;0.9999005850699966;0.9998871305837047;0.9999521567108761;0.9998968429930457;1.0003003228375298;0.9997702802124213;1.0;1.0;0.9999048747339949;1.0;1.0000359060561845;0.9998456219194269;0.9997024187587664;0.9997098069331986;0.9997129436746052;0.9999496949747375;1.0;0.9999210203994958;0.9998783461273016;0.9999300124713705;0.9997119464614955;1.000281106246488;1.0003091208344614;0.9998925824532096;0.9999202178854344;0.9999139573009662;1.0;0.9997412422230443;0.999742890319994;0.9998563778347721;0.9999670388080704;0.999873511645897;1.0;1.0;0.9999701819589959;0.9999610426640647;1.0;0.9999619593991862;0.9998839730025458;0.9999030720996231;0.9999999999999999;1.024999976158142;
2016-05-19 18:00:00;0.9999083365036691;1.0;0.9999323491223876;0.999914079537316;0.9999711788279559;0.99992316492909;1.0002859191190914;0.9998143893673617;1.0;1.0;0.9999339528336639;1.0;1.0000344186436596;0.9998778321999481;0.999748235795752;0.9997536039324418;0.9997566558045649;0.9999691016218234;1.0;0.9999434783472219;0.9999065176017011;0.9999560740588093;0.9997557078548553;1.00026741342816;1.0002944197678965;0.9999177961523907;0.9999475569413464;0.9999344379759938;1.0;0.9997469433401377;0.9997602830686213;0.9998668395343538;0.9999792850435472;0.9998853687564166;1.0;1.0;0.9999760556299071;0.9999669162812931;1.0;0.9999763499277721;0.999910881786923;0.9999348346429977;1.0;1.024999976158142;
2016-05-19 18:15:00;0.9998310185962225;1.0;0.9998756800485392;0.9998513560226912;0.9999339361674424;0.9998706681628887;1.0003185827099714;0.9997357640620751;1.0;1.0;0.9998779564615352;1.0;1.0000325083010582;0.9998210645392067;0.9996551309695361;0.9996604991027167;0.9996637374220988;0.9999257645566362;1.0;0.9998917316877285;0.9998113730588934;0.9999075551542115;0.9996623132634956;1.0002980125930512;1.0003290934232134;0.9998393450519754;0.9998901666566749;0.9998951458705204;0.9999999999999999;0.9997214032897244;0.9997234680801831;0.9998248412924777;0.9999589099404069;0.9997746047781377;1.0;1.0;0.9999720716303789;0.9999633451347076;0.9999999999999999;0.9999512667795883;0.9998196445631966;0.9998778707106676;1.0;1.024999976158142;
2016-05-19 18:30:00;0.9997956955250281;1.0;0.9998600558560751;0.9998257846035193;0.9999213130320873;0.9998525058313085;1.0003169901638738;0.9997078035681124;1.0;1.0;0.9998614047503688;1.0;1.0000283235471672;0.9998010695482842;0.9996123794217036;0.9996177059932346;0.9996213202742402;0.9999091946702249;1.0;0.9998722910424793;0.9997640734623289;0.9998956910836144;0.9996195206442418;1.0002962441410082;1.0003284138343433;0.9998021573312527;0.999872601997284;0.9998814737239269;1.0;0.9997348312566671;0.9997423570194153;0.9998387813797104;0.9999520370630565;0.9997979575920296;0.9999999999999999;1.0;0.9999802737469337;0.9999715471796848;1.0;0.9999427940819037;0.9997745052769522;0.9998626429026461;1.0;1.024999976158142;
2016-05-19 18:45:00;0.9998654092668162;1.0;0.999897699900776;0.9998783396711636;0.9999445254773599;0.9998921459633408;1.000302290220907;0.999762577788718;1.0;1.0;0.9999032402402119;1.0;1.0000345346004995;0.9998380457238927;0.9996831330577881;0.9996936595447475;0.9996972667262425;0.9999404443016309;0.9999999999999999;0.9999157940369824;0.9998598355711273;0.9999320235068619;0.9996960323170951;1.0002829208487023;1.0003114633376609;0.9998794122261163;0.999919406966882;0.9999099261645837;0.9999999999999999;0.9997432515760174;0.999747626811407;0.9998456370643147;0.9999599634931866;0.9998173642224198;0.9999999999999999;0.9999999999999999;0.9999793487858178;0.9999706222266409;1.0;0.9999543358157444;0.9998669990390309;0.9999014986252927;0.9999999999999999;1.024999976158142;
2016-05-19 19:00:00;0.9996769736801564;1.0;0.9997677180136022;0.9997187279740627;0.9998514833461623;0.9997568242469839;1.0003582665472517;0.9994825459733687;1.0;1.0;0.9997887083566643;1.0;1.0000346403700202;0.9996345644178282;0.9992904793280508;0.9993274382675857;0.999336267270496;0.9998404612404291;1.0;0.9998068892406383;0.999662314010784;0.9998601091497299;0.9993331737170793;1.0003344487277515;1.0003709931712579;0.9997164517634409;0.9998277820294913;0.9997966624090062;0.9999999999999999;0.99974306986802;0.9997328284159288;0.999836656280013;0.9998848136883066;0.9998065640269824;1.0;1.0;0.9999798775536319;0.9999711509898407;1.0;0.9998708797320445;0.999682236296348;0.9997804049639117;1.0;1.024999976158142;
2016-05-19 19:15:00;0.9996875604102663;1.0;0.9997578713371812;0.999716746277477;0.9998559786412912;0.9997473805966091;1.000365206889124;0.9994378277186117;1.0;1.0;0.9997817767258835;1.0;1.00004086498633;0.9996068213490962;0.9992388975905185;0.9992789987681107;0.9992886465942363;0.9998503306598804;1.0;0.9998092550719443;0.9996914948288961;0.9998564208833268;0.9992857144156388;1.0003407114223966;1.0003773290168658;0.999735055409884;0.9998291457086389;0.9997859401637429;1.0;0.999720392547048;0.9996983267081252;0.9998206116974465;0.9998843915503657;0.9998031088424436;1.0;0.9999999999999999;0.9999834244456764;0.9999746978509321;0.9999999999999999;0.999871436167757;0.9997101689407755;0.9997711289302068;1.0;1.024999976158142;
2016-05-19 19:30:00;0.9997660536520364;1.0;0.999824965856657;0.9997748753665473;0.9999274340478247;0.9997959952589813;1.0003163055662587;0.9994784817706543;1.0;0.9999999999999999;0.9998339600790044;1.0;1.0000386966755814;0.999655431289999;0.9992811327505634;0.9993036948804691;0.9993133144350258;0.9999261336572994;1.0;0.999859788564326;0.9997774247486538;0.9998997750397707;0.9993106943555513;1.0002930384842554;1.0003278385607517;0.9998013623489742;0.99987983772849;0.9998216585252611;1.0;0.9997616250749927;0.999754830519158;0.9998518986537156;0.9999395703670171;0.9998294114241729;1.0;1.0;0.9999822875840516;0.9999719730871783;1.0;0.9999333556354257;0.9997892405897812;0.9998344174704552;1.0;1.024999976158142;
2016-05-19 19:45:00;0.9998503029337212;1.0;0.9998827247214783;0.9998588835723382;0.9999385655769403;0.9998719611533807;1.000298159108199;0.999689317144202;1.0;1.0;0.9998932079718331;0.9999999999999999;1.0000371647851403;0.9997883643138942;0.9995751124124208;0.9995946953796788;0.9996003697166228;0.9999377230936576;1.0;0.9999095172623415;0.9998589470948538;0.9999335133902764;0.9995988188921066;1.000278457478421;1.0003071148522933;0.999876065318563;0.9999212531380467;0.9998890352564338;0.9999999999999999;0.9997708269982649;0.9997968635171456;0.9998608165535843;0.9999484110944196;0.9997877070705797;1.0;1.0;0.9999841759876993;0.9999758305235351;1.0;0.9999432097568106;0.99986748026277;0.9998897128744779;0.9999999999999999;1.024999976158142;
2016-05-19 20:00:00;0.9999402517335223;0.9999999999999999;0.999947866075603;0.9999441098521293;0.9999694091320522;0.9999484006582988;1.0002772219001779;0.9998865908257399;1.0;0.9999999999999999;0.9999531069060472;1.0;1.0000350630464556;0.9999206544085938;0.9998522070293441;0.9998600831259828;0.9998618082066075;0.9999689328515038;0.9999999999999999;0.9999613141840736;0.9999431988047962;0.9999667216369692;0.9998613212880607;1.0002604050042896;1.0002842495990167;0.9999502410697887;0.9999623696862255;0.9999565236206444;1.0;0.9997696183792313;0.9998078019667507;0.9998638963496266;0.9999760413473028;0.9997802081702285;0.9999999999999999;1.0;0.9999826005510903;0.9999734611426586;1.0;0.9999732036310628;0.9999466073953545;0.9999502117655755;1.0;1.024999976158142;
2016-05-19 20:15:00;0.9999145589948685;1.0;0.9999298183584261;0.9999198316714124;0.9999602208188484;0.9999267369084348;1.0002812771922995;0.9998288412230509;1.0;0.9999999999999999;0.9999370237301879;1.0;1.000035570608141;0.9998815944944291;0.9997694359615581;0.9997815640033734;0.9997845508148577;0.9999597950994101;1.0;0.9999471892347507;0.999919928840668;0.999958948176047;0.9997837357383565;1.0002637425980436;1.0002887875943163;0.9999298732354935;0.9999523173966517;0.999937071966596;1.0;0.9997749366705203;0.9998105407625563;0.9998658264210987;0.9999671092580011;0.9997829612516894;1.0;1.0;0.9999840221391263;0.9999756766762462;1.0;0.999963667413405;0.9999249455069745;0.9999338213019411;1.0;1.024999976158142;
2016-05-19 20:30:00;0.9998578727970848;1.0;0.999884195693565;0.9998714034998042;0.9999214780531146;0.9998841180799056;1.0002982820252049;0.9997437110119946;1.0;1.0;0.9999006988106912;0.9999999999999999;1.000037021366293;0.9998152892607628;0.999651810783423;0.9996777344012907;0.999682438342457;0.9999202971279452;0.9999999999999999;0.9999141146687215;0.9998666519204803;0.9999365844387692;0.9996811189011666;1.000279859933261;1.0003062393189002;0.9998863048091806;0.9999251848608717;0.9999009567615159;1.0;0.999769694498365;0.9998147356619773;0.9998726472744225;0.9999332643892457;0.9998043592543123;1.0;1.0;0.9999838828091656;0.9999751562104214;0.9999999999999999;0.9999267273683197;0.9998762584929536;0.9998922649659334;1.0;1.024999976158142;
2016-05-19 20:45:00;0.9998806663608836;1.0;0.9998830520766151;0.9998845009754425;0.9999398927345937;0.9998898027804558;1.0002783145701806;0.9997728792206803;1.0;0.9999999999999999;0.9998906749373684;0.9999999999999999;1.0000347132695877;0.9998438442396114;0.9997262336882466;0.9997347125346804;0.9997369915330345;0.9999389721743415;1.0;0.999914081303517;0.9998843780668536;0.9999120612349536;0.9997363278500424;1.0002611004365627;1.0002857250908581;0.9998955800487503;0.9999050284377718;0.9999098774001649;1.0;0.9997966404518084;0.9998406203640986;0.9998932441589296;0.9999593095860937;0.9998434652389862;1.0;1.0;0.9999843959098516;0.9999760504438523;1.0;0.9999528278773794;0.9998896341802471;0.9998846931337259;1.0;1.024999976158142;
2016-05-19 21:00:00;0.9999034928422604;1.0;0.9999189664070471;0.9999118225040039;0.9999531996875635;0.9999199690520446;1.000267485205682;0.9998322841130903;1.0;0.9999999999999999;0.9999250470262286;1.0;1.000031998017514;0.9998832391277788;0.9997840824286235;0.999793102888377;0.9997953556814418;0.9999509417654571;1.0;0.9999368495072333;0.999902093208221;0.9999443144055391;0.9997946051295126;1.0002509792972747;1.0002748290782848;0.9999152025787037;0.9999363951744346;0.9999338687869169;1.0;0.9997957762692;0.9998464399234333;0.9998986205566169;0.9999661111708258;0.9998555947447375;1.0;1.0;0.999983649851612;0.9999745104335901;1.0;0.9999613774334546;0.999907285203768;0.9999216203087001;1.0;1.024999976158142;
2016-05-19 21:15:00;0.9998456749739467;1.0;0.9998765944199576;0.9998628184329592;0.999913201801568;0.9998776938841272;1.0002916784637232;0.9997373649879832;1.0;1.0;0.9998942171093825;1.0;1.000035079618663;0.9998089036410978;0.9996429624672788;0.9996704537224788;0.9996752127747911;0.9999109101675304;1.0;0.9999070121382141;0.9998515627867459;0.9999315464529855;0.9996738009853267;1.0002737562243558;1.0002995932351773;0.9998747473405225;0.9999185063794314;0.99989625987319;0.9999999999999999;0.9997855349580799;0.9998397619909043;0.9998927806511698;0.9999272924748592;0.9998431697830327;1.0;1.0;0.9999843042293941;0.9999759587641597;1.0;0.9999199159134827;0.999862144621246;0.999885098250624;0.9999999999999999;1.024999976158142;
2016-05-19 21:30:00;0.9999017745780142;1.0;0.9999216461771006;0.9999122452175472;0.9999517697384663;0.9999217990411673;1.0002707925160712;0.9998365972021589;1.0;0.9999999999999999;0.9999281923789716;1.0;1.0000318806333703;0.9998851153336415;0.9997850415778191;0.9997953597830325;0.9997977492540753;0.9999489648182371;1.0;0.9999377815903501;0.9998989875030115;0.9999483170730987;0.9997969244220591;1.0002541193750663;1.0002782924812412;0.9999138263511199;0.9999395500878664;0.9999352206465794;0.9999999999999999;0.9997737083986029;0.9998293802775121;0.9998895157894786;0.9999641368985771;0.999849111738061;1.0;1.0;0.9999829545300765;0.9999730211609008;1.0;0.9999593925596411;0.999904661394271;0.999924864872234;1.0;1.024999976158142;
2016-05-19 21:45:00;0.999838912695955;1.0;0.9998722788883864;0.9998563893023266;0.9999136989680952;0.9998720928140041;1.000294894689573;0.9997244310330304;1.0;1.0;0.9998885880814962;1.0;1.000034916889131;0.9998017297383416;0.9996267681716589;0.9996525731415776;0.9996574120604722;0.9999108619483743;1.0;0.9999022315199849;0.999842750124074;0.9999267105139016;0.9996559410469156;1.0002765626835062;1.0003031678751213;0.9998668104559759;0.9999128428759732;0.9998918410364523;1.0;0.9997841335591713;0.9998239476314988;0.9998858486275564;0.9999291042017426;0.9998434500985746;1.0;1.0;0.9999841138193835;0.9999757683557383;1.0;0.9999215718847434;0.9998533497736742;0.9998803667955278;1.0;1.024999976158142;
2016-05-19 22:00:00;0.9998449012440682;1.0;0.9998727607973359;0.9998605858325358;0.9999170932969965;0.9998746556030261;1.0002895270469188;0.9997351977791125;1.0;1.0;0.9998873267313644;1.0;1.0000342176779191;0.9998104848425355;0.9996490095972711;0.9996711928382783;0.9996754239822986;0.9999142363560182;1.0;0.9999028823586431;0.999847394222475;0.9999218267988284;0.9996741113513684;1.000271592925431;1.0002976095253984;0.9998697702358176;0.9999089562637004;0.9998950125687583;1.0;0.9997815856487677;0.9998302378899508;0.9998906003635256;0.999934287073665;0.9998520259785926;0.9999999999999999;0.9999999999999999;0.9999843635979506;0.9999756369950108;1.0;0.9999267092490867;0.9998570714177606;0.9998794674538384;1.0;1.024999976158142;
2016-05-19 22:15:00;0.9998883302716083;1.0;0.9999051641171208;0.9998975150443745;0.9999440167795614;0.9999065775091865;1.0002763546200197;0.9998022610957858;1.0;1.0;0.9999135346412804;1.0;1.0000333490507138;0.9998614401194149;0.9997441377570385;0.9997565075039759;0.9997593061449477;0.9999419778818097;1.0;0.9999273776311087;0.9998891858771175;0.9999369017427473;0.999758427449921;1.0002592645482087;1.0002839186435688;0.9999038898445608;0.9999280719021996;0.9999223202645677;1.0;0.9997898304208374;0.9998357033625983;0.9998915510467554;0.9999580240055829;0.999845493074359;1.0;1.0;0.9999839674023506;0.9999752408028681;1.0;0.9999525649038761;0.9998954140872156;0.9999087907425525;1.0;1.024999976158142;
2016-05-19 22:30:00;0.9996925907316819;1.0;0.9997486043480917;0.9997262774629617;0.999815798593988;0.9997545797827726;1.0003370103979718;0.9994758855709756;1.0;1.0;0.9997906301900711;1.0;1.0000408823514526;0.9996120374103363;0.9992855442419053;0.9993492095760191;0.9993591401245107;0.9998135040602408;1.0;0.9998159508419614;0.9997140377454805;0.9998683606534045;0.9993563685987547;1.0003162442848517;1.0003461398027207;0.9997589175145606;0.9998439248006088;0.9997907579440933;1.0;0.9998006239601954;0.999843094654013;0.9998970137092125;0.9998407294056545;0.999855228750115;1.0;1.0;0.999984046046915;0.9999749066252723;0.9999999999999999;0.9998257940549473;0.9997361989469632;0.9997677956908417;1.0;1.024999976158142;
2016-05-19 22:45:00;0.9997549041877399;1.0;0.9998057448331191;0.9997835713553883;0.9998608585190747;0.9998078792923248;1.0003264045901337;0.9995927717895606;1.0;1.0;0.9998347426565595;0.9999999999999999;1.0000380256491823;0.9997013206431808;0.9994447528934894;0.9994895430348031;0.9994970197026583;0.9998570823484368;1.0;0.9998531663964152;0.9997638774218608;0.9998940508121038;0.9994947894299374;1.000306179231153;1.0003356258621507;0.9998015123113555;0.9998731651501703;0.9998372548841801;1.0;0.9997879429155203;0.9998356890238995;0.9998867177166144;0.9998827755619937;0.999825042684484;0.9999999999999999;1.0;0.999985324193916;0.9999781855051042;1.0;0.9998710469027955;0.9997809454222372;0.9998194970527944;1.0;1.024999976158142;
2016-05-19 23:00:00;0.9997739590362895;1.0;0.9998067604979334;0.9997934359787988;0.9998860133601996;0.9998118001105786;1.0003042763843968;0.9996134285179987;1.0;1.0;0.9998234470759569;1.0;1.000034296929613;0.9997278104255886;0.9995059014981754;0.9995292266626531;0.9995343439305818;0.9998814101180299;1.0;0.9998511862349485;0.9997732529381955;0.9998684257052097;0.9995326759622915;1.0002849577973039;1.0003134550971091;0.9998034521677458;0.9998506590648457;0.9998448492700518;1.0;0.9998129216363411;0.9998603892352482;0.9999079578825001;0.9999162305278059;0.9998692907300661;0.9999999999999999;1.0;0.9999835652585078;0.9999744258412592;1.0;0.9999048742787491;0.9997856238547964;0.999813216206803;0.9999999999999999;1.024999976158142;
2016-05-19 23:15:00;0.9998067936464026;1.0;0.9998357604302971;0.999823559667673;0.9998980278092767;0.999839336622624;1.0002955746358932;0.9996615918293802;1.0;1.0;0.9998534050003939;1.0;1.000034983306096;0.9997593786370267;0.9995588962329077;0.9995846902136877;0.9995897669882148;0.9998951923975959;1.0;0.9998759493447567;0.9998116695103996;0.9998954949366948;0.9995882335663527;1.0002770366159;1.0003040008849897;0.9998373761361714;0.9998805076224446;0.9998658583621494;0.9999999999999999;0.9998111852520891;0.999861728343995;0.9999127411788129;0.9999205413543684;0.9998875672265977;0.9999999999999999;1.0;0.9999839375459275;0.9999755920837534;1.0;0.9999110261885964;0.9998231225639275;0.9998432510186314;1.0;1.024999976158142;
2016-05-19 23:30:00;0.9998583892646891;1.0;0.9998841209282306;0.9998729292698489;0.9999269172035324;0.9998859535704925;1.0002782882444563;0.999763013302802;1.0;1.0;0.9998954646322605;1.0;1.0000323053234246;0.9998316754489508;0.9996893728723871;0.9997064743530795;0.9997099844940128;0.9999235900248448;1.0;0.9999099814241107;0.9998573179828951;0.9999250769052396;0.999708828443403;1.000261035412141;1.0002861760540918;0.9998780641948204;0.999913059376115;0.9999053300318711;0.9999999999999999;0.9998068727979579;0.9998620439371689;0.9999144546565853;0.9999443190526287;0.9998945727732077;1.0;1.0;0.9999831744517325;0.9999732410803723;1.0;0.9999373197352333;0.9998657245512681;0.9998892397633354;0.9999999999999999;1.024999976158142;
2016-05-19 23:45:00;0.9998795330336435;1.0;0.999899539486641;0.9998908665357142;0.9999371936768078;0.999901319501756;1.0002625341704727;0.999792060208017;1.0;0.9999999999999999;0.9999095050237418;0.9999999999999999;1.000031218838806;0.9998527704251979;0.9997280087292649;0.9997430323769154;0.9997461284123975;0.9999347932685259;0.9999999999999999;0.999923020680566;0.9998802829048804;0.999935169591773;0.9997451461916482;1.0002463023492092;1.0002698023930272;0.9998971676604136;0.9999252946751614;0.9999177866486564;1.0;0.999827404350639;0.9998674785790886;0.9999213064363932;0.9999518034993353;0.9999135516257309;1.0;0.9999999999999999;0.9999843959098514;0.999976050443852;1.0;0.99994584379249;0.9998873980503475;0.9999040304055106;1.0;1.024999976158142;
2016-05-20 00:00:00;0.9999005841333103;1.0;0.999914113238082;0.9999065839215512;0.9999564068899331;0.9999139354963041;1.0002633529566023;0.9998146987398707;1.0;1.0;0.999918582971217;1.0;1.0000317348695449;0.9998741140387257;0.9997645721635445;0.9997711428525203;0.9997734686786883;0.9999544567801721;1.0;0.9999331180871581;0.9998996729015902;0.9999382137855486;0.9997727205091834;1.0002468058002536;1.0002707779106783;0.9999113788658869;0.9999305347676439;0.9999288193705418;1.0;0.9998153913889849;0.9998505806295822;0.9999117145079394;0.9999701003735418;0.9999044936168678;1.0;1.0;0.9999838828091658;0.9999751562104218;1.0;0.9999654551655185;0.9999043628154971;0.9999160291701006;1.0;1.024999976158142;
