;('LV4.101 Bus 1', 'L1');('LV4.101 Bus 10', 'L1');('LV4.101 Bus 11', 'L1');('LV4.101 Bus 12', 'L1');('LV4.101 Bus 13', 'L1');('LV4.101 Bus 14', 'L1');('LV4.101 Bus 15', 'L1');('LV4.101 Bus 16', 'L1');('LV4.101 Bus 17', 'L1');('LV4.101 Bus 18', 'L1');('LV4.101 Bus 19', 'L1');('LV4.101 Bus 2', 'L1');('LV4.101 Bus 20', 'L1');('LV4.101 Bus 21', 'L1');('LV4.101 Bus 22', 'L1');('LV4.101 Bus 23', 'L1');('LV4.101 Bus 24', 'L1');('LV4.101 Bus 25', 'L1');('LV4.101 Bus 26', 'L1');('LV4.101 Bus 28', 'L1');('LV4.101 Bus 29', 'L1');('LV4.101 Bus 3', 'L1');('LV4.101 Bus 30', 'L1');('LV4.101 Bus 31', 'L1');('LV4.101 Bus 32', 'L1');('LV4.101 Bus 33', 'L1');('LV4.101 Bus 34', 'L1');('LV4.101 Bus 35', 'L1');('LV4.101 Bus 36', 'L1');('LV4.101 Bus 37', 'L1');('LV4.101 Bus 38', 'L1');('LV4.101 Bus 39', 'L1');('LV4.101 Bus 4', 'L1');('LV4.101 Bus 40', 'L1');('LV4.101 Bus 41', 'L1');('LV4.101 Bus 42', 'L1');('LV4.101 Bus 43', 'L1');('LV4.101 Bus 44', 'L1');('LV4.101 Bus 5', 'L1');('LV4.101 Bus 6', 'L1');('LV4.101 Bus 7', 'L1');('LV4.101 Bus 8', 'L1');('LV4.101 Bus 9', 'L1');('MV1.101 Bus 52', 'L1');('metainfo', 'in the first', 'few indices')
2016-12-17 00:00:00;1.0;0.999983536081728;0.9999419991201851;0.9999903375801802;0.9999810755292022;0.9999843475727542;1.0;0.999946988917078;0.999928203343703;0.999994690443543;0.9999678557295684;1.0;0.9999939585740547;1.0;0.9999155002014619;0.999920277947972;0.9999216795344843;1.0;1.0;0.999938937960208;0.9999737346866543;1.0;0.9999211643314869;0.9999992072161512;1.0001838968898895;0.9999531397190791;0.9999999999999999;0.9999903053741563;0.9996618732617724;0.9996730647073966;1.0;0.9997624204969131;0.9999527597589036;0.9991965263994076;0.9989957299032008;0.9998325794206854;1.0;0.9999912732606053;1.0001583231070228;0.9999600630409974;0.9999607897131177;0.9999332229283148;0.9999955479273203;1.024999976158142;simulation#3344
2016-12-17 00:15:00;1.0;0.9999863551568042;0.9999499680055276;0.9999915844934506;0.9999833467366521;0.9999861147150274;1.0;0.9999569567953495;0.9999369451902576;0.9999954365974186;0.9999725445130355;1.0;0.9999957221616019;1.0;0.9999339985352145;0.9999379620350421;0.9999390055378268;1.0;0.9999999999999999;0.9999476304764123;0.999979401604356;1.0;0.9999386354974261;0.9999994510688318;1.0001810512529623;0.9999614320671218;1.0;0.9999914544781467;0.9996218210255209;0.9996394177399972;0.9999999999999999;0.9997611051988817;0.9999587105243903;0.999172437267733;0.9989549314596766;0.9998449674111066;1.0;0.999990479290912;1.0001560203357962;0.9999650891948739;0.9999684971703171;0.9999421787440368;0.9999967089217526;1.024999976158142;comment data format: active and reactive powers in Watts
2016-12-17 00:30:00;1.0;0.9999946651855094;0.9999737192261096;0.9999959429435219;0.9999920568334365;0.9999935360765697;1.0;0.9999720911176836;0.9999686178775067;0.9999980159733488;0.9999853442734452;1.0;0.9999948348184485;1.0;0.9999533885299304;0.9999549406511361;0.9999556616661698;1.0;1.0;0.9999706226724833;0.9999818924451227;0.9999999999999999;0.9999553087377628;0.9999994513425807;1.000172706210502;0.9999734449843048;1.0;0.9999960681606298;0.9996379347239165;0.999667676985671;0.9999999999999999;0.9997726815894428;0.999980026797676;0.9992146532424481;0.9990257781903693;0.9998510330041191;1.0;0.9999904792909119;1.0001490909153838;0.9999831896614483;0.9999753523572883;0.9999694145630793;0.9999967985197866;1.024999976158142;step time in minutes: 15
2016-12-17 00:45:00;1.0;0.9999935804488839;0.9999606773748547;0.9999929399905806;0.9999875834220276;0.9999888978802647;1.0;0.9999600703696454;0.9999513466460824;0.9999969231288337;0.999977717731816;1.0;0.999995819903318;1.0;0.9999369878360611;0.9999388516549018;0.9999398342721886;1.0;1.0;0.9999576370537259;0.9999804270454592;1.0;0.9999394546703825;0.9999993256169739;1.000178254298992;0.9999661408549595;0.9999999999999999;0.9999933281246677;0.9996497001985271;0.9996890689391356;1.0;0.9997567199399909;0.9999694722703127;0.9991649762036018;0.9989991748739059;0.9998369120907221;1.0;0.9999904792909118;1.000153748521443;0.9999742930545341;0.9999712195411267;0.9999541237545314;0.9999972639534097;1.024999976158142;start time of simulation: 2016-12-17 00:00:00+00:00
2016-12-17 01:00:00;1.0;0.9999920627556329;0.999954954542943;0.9999924247447325;0.9999855267219838;0.9999875403117281;1.0;0.9999583139157024;0.9999434769931025;0.999996451289138;0.9999752312971085;1.0;0.9999945020828783;1.0;0.9999362614419984;0.9999385642014037;0.9999394558983734;1.0;1.0;0.9999510182907719;0.9999763317782769;1.0;0.9999390573458794;0.9999993808110984;1.0001771165204216;0.9999607171884769;1.0;0.999992483601913;0.9996578791818365;0.9996966036290584;1.0;0.9997792468136493;0.9999643804492877;0.9992500202120332;0.9990879378170514;0.9998467319515606;1.0;0.9999904792909119;1.0001527992800248;0.9999699931857938;0.9999658887503097;0.9999472074374175;0.9999964368892313;1.024999976158142;end time of simulation: 2016-12-31 00:00:00+00:00
2016-12-17 01:15:00;1.0;0.9999946660658569;0.9999602043966671;0.9999926460105765;0.9999872907056321;0.9999883585829802;1.0;0.9999606416255115;0.9999500633081241;0.9999969466914957;0.9999774942552648;0.9999999999999999;0.9999965192951006;0.9999999999999999;0.9999397083386343;0.9999412636844102;0.9999421635754768;0.9999999999999999;1.0;0.9999572500053271;0.9999815486304597;1.0;0.9999418265681251;0.9999993801068279;1.0001680491855913;0.9999668124105685;1.0;0.9999930516944686;0.9996890864986119;0.9997221636933291;1.0;0.9998261828311162;0.999969018516416;0.9994015871411915;0.9992493978084577;0.9998845676441206;1.0;0.999990479290912;1.000144958679678;0.9999739229025111;0.9999723462724611;0.9999533544186278;0.9999977209160897;1.024999976158142;"[""terminal(s) with malfunction: ['LV4.101 Bus 9']"", 'type of malfunction: EVSE without P(U) control']"
2016-12-17 01:30:00;1.0;0.9999930034699158;0.999958290201345;0.9999926414947652;0.9999860258472535;0.9999876536481074;0.9999999999999999;0.9999653999236521;0.9999459804290782;0.9999965986603682;0.9999773041743465;1.0;0.9999970662342725;1.0;0.9999512016523052;0.9999532373733994;0.9999538561582554;1.0;1.0;0.9999556428382353;0.9999829757506936;1.0;0.9999536177578248;0.9999996361029527;1.000170138302984;0.9999678089566376;0.9999999999999999;0.9999925879482787;0.9996925335639284;0.9997288557870203;1.0;0.9998232448915169;0.999966036056127;0.9994204003448272;0.9992760433048711;0.9998629975678744;1.0;0.9999920672329302;1.000146838320528;0.9999713595834099;0.9999738342634035;0.9999509512254677;0.999997905929191;1.024999976158142;terminals with PVs: ['LV4.101 Bus 25', 'LV4.101 Bus 34', 'LV4.101 Bus 38', 'LV4.101 Bus 3', 'LV4.101 Bus 21', 'LV4.101 Bus 1', 'LV4.101 Bus 43', 'LV4.101 Bus 26', 'LV4.101 Bus 15', 'LV4.101 Bus 2']
2016-12-17 01:45:00;1.0;0.999993580448884;0.9999429565102849;0.999989325894357;0.9999810940617558;0.9999824768200121;1.0;0.9999500117601173;0.9999260021410181;0.9999955881867272;0.9999684623638003;0.9999999999999999;0.9999967109677155;1.0;0.9999296778964617;0.9999315417016772;0.9999324317095531;1.0;0.9999999999999999;0.9999391156125359;0.99997722928038;0.9999999999999999;0.999932108469403;0.9999994196341263;1.0001721414305078;0.9999558453524666;1.0;0.9999895790910868;0.9997117978681738;0.9997438319518347;0.9999999999999999;0.9998395857213852;0.9999544464769;0.9994819412965602;0.9993433308903066;0.9998702334061657;1.0;0.9999900664615025;1.0001484777445262;0.9999616491804212;0.9999645465091105;0.9999325969953249;0.9999977522810839;1.024999976158142;terminals with EVSE: ['LV4.101 Bus 4', 'LV4.101 Bus 25', 'LV4.101 Bus 9', 'LV4.101 Bus 13', 'LV4.101 Bus 38', 'LV4.101 Bus 41', 'LV4.101 Bus 6', 'LV4.101 Bus 31', 'LV4.101 Bus 12', 'LV4.101 Bus 37']
2016-12-17 02:00:00;1.0;0.9999939418318426;0.9999737786094378;0.9999957914580704;0.9999916338946218;0.99999311724596;1.0;0.9999751489066979;0.9999676361401154;0.999997850678458;0.9999855517135152;1.0;0.9999963425052935;1.0;0.9999604123176226;0.9999621711592984;0.9999627750791974;1.0;1.0;0.9999715896609979;0.9999856310339649;1.0;0.9999625101861679;0.999999600096475;1.0001619529575854;0.9999767285134205;1.0;0.9999958078968343;0.9997134392838531;0.9997561545947706;0.9999999999999999;0.9998481357833262;0.9999791596063017;0.9995132131720944;0.9993916493887612;0.9998746417291342;1.0;0.9999908604325449;1.0001397952433067;0.9999824206172799;0.999979530287363;0.9999695302761883;0.9999975754354197;1.024999976158142;
2016-12-17 02:15:00;1.0;0.9999927861484851;0.9999313113526028;0.9999871627172903;0.9999773186810966;0.9999789407289214;0.9999999999999999;0.9999393097580545;0.9999109590940003;0.9999947536435873;0.9999620118187793;1.0;0.9999957429707839;1.0;0.9999143969678743;0.9999164929651095;0.9999175673245707;1.0;1.0;0.9999264051382719;0.9999717346222516;1.0;0.9999171645807555;0.9999992782981513;1.0001667744425884;0.9999460851720243;1.0;0.9999874878547149;0.9997502699176783;0.9998067616705151;1.0;0.9998830547180826;0.9999453574182152;0.9996209171926345;0.9995433853599541;0.9999062618248468;1.0;0.9999896853204289;1.000143765913271;0.999954013633499;0.9999563628867769;0.9999187554394482;0.9999971663133849;1.024999976158142;
2016-12-17 02:30:00;1.0;0.9999875819481081;0.999963780580214;0.9999939196007983;0.9999883334846649;0.9999905610385903;1.0;0.9999639524996687;0.9999562899169087;0.9999965340924649;0.9999794130137659;1.0;0.9999963273304403;1.0;0.9999392167294777;0.9999428174328517;0.9999439593650461;1.0;1.0;0.9999625559634269;0.9999843755593381;0.9999999999999999;0.9999435812828336;0.9999993736020423;1.000158617892713;0.999971204033127;1.0;0.9999941062075635;0.9997601050144427;0.9998189301767174;1.0;0.9998934195503153;0.9999705261965172;0.9996854546496929;0.9996181381794312;0.9998935348517738;0.9999999999999999;0.9999908604325449;1.0001365911553548;0.999975044859458;0.9999762956282275;0.9999588960244546;0.9999971272397836;1.024999976158142;
2016-12-17 02:45:00;1.0;0.9999914840886415;0.9999541890245892;0.9999914723034058;0.9999850256006656;0.9999864876057443;1.0;0.9999564120838744;0.9999422020451394;0.9999961785811261;0.9999740919399916;1.0;0.9999971846409617;1.0;0.9999333903850588;0.9999358584966421;0.9999369173708738;1.0;0.9999999999999999;0.9999519370687059;0.9999822232896276;1.0;0.9999365764803569;0.9999993668353218;1.0001607204109775;0.9999648156298728;1.0;0.9999918633272055;0.9997669009983741;0.9998385103974734;1.0;0.9999032830234984;0.9999633763930397;0.9997223667855918;0.999678771538442;0.9998980671633391;1.0;0.999990479290912;1.0001384912803595;0.9999691088793987;0.9999720254473642;0.9999467083049578;0.9999978675524871;1.024999976158142;
2016-12-17 03:00:00;1.0;0.9999949536747227;0.9999580479034778;0.9999923875979444;0.9999860478802397;0.9999873156047893;0.9999999999999999;0.9999642230632468;0.9999454441187855;0.9999967797059429;0.9999770473464545;1.0;0.9999971419821716;1.0;0.9999501389411262;0.9999516051196301;0.9999522024661948;1.0;1.0;0.99995501509926;0.9999824484220162;0.9999999999999999;0.9999519645397308;0.99999960689372;1.0001570627862948;0.9999670500856721;0.9999999999999999;0.9999924619940485;0.9997834898562395;0.9998543286284436;1.0;0.9999184628800974;0.9999663252320287;0.9997658730647256;0.9997315531595471;0.9999140677025395;1.0;0.9999912732606052;1.0001355700383432;0.9999716455227602;0.9999731206275111;0.9999503751882708;0.9999980834666569;1.024999976158142;
2016-12-17 03:15:00;1.0;0.9999935798173375;0.9999610528028153;0.9999931876411593;0.9999873679377393;0.9999888873230429;1.0;0.9999639769009994;0.9999507339021624;0.9999969399389683;0.9999784318256024;1.0;0.9999961741610749;1.0;0.9999456723757645;0.9999475328909156;0.9999483029980462;1.0;0.9999999999999999;0.9999580805258489;0.999981494940508;1.0;0.9999479907620924;0.99999948630613;1.0001567129630786;0.9999675306916408;0.9999999999999999;0.9999933360920965;0.9997727006360096;0.9998433014528503;1.0;0.9999112085717533;0.9999690781785724;0.9997395494411794;0.9996979175340521;0.9999101792600664;1.0;0.9999904792909119;1.0001351955417461;0.9999739492971036;0.9999726020217656;0.9999543437410374;0.9999974588838246;1.024999976158142;
2016-12-17 03:30:00;1.0;0.9999906177463144;0.9999739628104911;0.9999958313731405;0.9999920409385934;0.9999937876638392;1.0;0.9999708171509512;0.9999699460673608;0.9999975658494619;0.9999849448812878;1.0;0.9999959296719745;1.0;0.9999479858952004;0.9999507086096896;0.9999517130073385;0.9999999999999999;0.9999999999999999;0.9999725122558834;0.9999855667982187;1.0;0.9999513435840194;0.9999993849119462;1.0001559069210286;0.999976516917538;1.0;0.9999960793800831;0.9997707106397746;0.9998393869495197;1.0;0.9999014615964397;0.9999795436478719;0.999713579429291;0.9996680064273088;0.9998985668807886;1.0;0.999990860432545;1.0001343600550805;0.9999826903813878;0.9999793946278349;0.9999706462415427;0.9999971189927581;1.024999976158142;
2016-12-17 03:45:00;1.0;0.9999916287351273;0.9999513196937487;0.9999908092925236;0.9999843383481105;0.9999856738342497;0.9999999999999999;0.9999513439056837;0.9999391929985154;0.9999960164615889;0.9999721703352529;1.0;0.9999966906959232;1.0;0.999924245287534;0.9999266720430398;0.9999279025006725;1.0;0.9999999999999999;0.9999486854898777;0.9999800714753716;1.0;0.9999274989978046;0.9999992265277351;1.0001617880794222;0.9999615093544849;0.9999999999999999;0.999991384649972;0.9997698575523699;0.9998385966942003;1.0;0.9999063796512534;0.9999616760793029;0.9997329158234245;0.9996868627148012;0.9999001971790659;0.9999999999999999;0.9999896853204289;1.0001393579950029;0.9999676963777949;0.9999690355279595;0.999943388874481;0.9999976067276066;1.024999976158142;
2016-12-17 04:00:00;1.0;0.999992567718087;0.9999605002510692;0.9999929376995652;0.9999869229218503;0.9999884521814019;1.0;0.9999649841095545;0.9999495885016866;0.9999967198836214;0.999978138745202;1.0;0.9999972058796054;1.0;0.9999481691775016;0.9999503224168274;0.9999510758462775;1.0;1.0;0.9999582622641969;0.9999839955863655;1.0;0.9999508096715038;0.999999556152385;1.000157233064186;0.9999694247421707;1.0;0.9999930449687002;0.9997667977701231;0.9998347805603475;0.9999999999999999;0.9999000834126854;0.9999680469819977;0.9996860799837907;0.9996365832474535;0.9999131080658716;1.0;0.9999900664615025;1.0001356144793871;0.9999730450118182;0.9999752709478356;0.9999538495916189;0.9999979543954384;1.024999976158142;
2016-12-17 04:15:00;1.0;0.9999922074425773;0.9999721406974618;0.9999953629842016;0.999991104995594;0.9999926691933559;1.0;0.9999724919750703;0.999966077761785;0.9999975380490321;0.9999843312799906;1.0;0.9999966942966632;0.9999999999999999;0.9999547539977748;0.9999570154533739;0.9999577945046539;1.0;1.0;0.9999705128738281;0.9999863967337881;1.0;0.9999575045106364;0.9999995299342365;1.0001565410806956;0.9999765295383544;0.9999999999999999;0.9999954851063961;0.9997636628756378;0.9998338089115928;1.0;0.9999010572397853;0.9999777033413273;0.9997138882104374;0.9996659638659221;0.9998971403877706;1.0;0.999990860432545;1.000135009516178;0.9999811602024578;0.9999800224528009;0.9999680049984999;0.999997648199646;1.024999976158142;
2016-12-17 04:30:00;1.0;0.9999904722104319;0.999963087889508;0.9999940390963934;0.9999881018072682;0.9999902628989102;1.0;0.9999656993512822;0.9999543833900436;0.9999968290594534;0.9999796473811642;0.9999999999999999;0.9999953044244728;1.0;0.9999453004412008;0.9999480612378226;0.9999489241564582;1.0;1.0;0.9999604618856263;0.9999810981675872;1.0;0.9999485686198322;0.9999994643327891;1.0001582319400701;0.9999683903943358;1.0;0.9999940266825548;0.9997689349149047;0.9998364871460225;1.0;0.9999007130663801;0.999970305423774;0.9997101112551879;0.9996616773899505;0.9998986743014465;1.0;0.9999908604325449;1.0001364355263294;0.9999749261538329;0.9999726607250817;0.9999572850314428;0.9999967672399273;1.024999976158142;
2016-12-17 04:45:00;1.0;0.9999923521294253;0.9999465031557825;0.9999902767619705;0.9999818556155845;0.9999836052006572;1.0;0.9999572242871925;0.9999297401919419;0.9999956776270813;0.9999709664306541;1.0;0.999997296638831;1.0;0.9999423863754341;0.9999446064571931;0.9999452718692371;1.0;1.0;0.9999433258763752;0.9999801759024893;1.0;0.9999450324887276;0.9999996257643937;1.000162365452497;0.9999603265160854;0.9999999999999999;0.999990202615778;0.9997729006110737;0.9998411753643214;1.0;0.9999080828485761;0.9999562291263749;0.9997392560606174;0.9996944620540923;0.9999010005596238;1.0;0.999990479290912;1.0001400797761884;0.9999631023686839;0.9999686242625514;0.9999368243455506;0.9999979881634719;1.024999976158142;
2016-12-17 05:00:00;1.0;0.9999853415598775;0.9999557140805155;0.9999923096309389;0.9999852782250847;0.9999877912717627;1.0;0.9999594868112902;0.9999451217377017;0.9999956791267044;0.9999750915209877;0.9999999999999999;0.9999971157876272;1.0;0.9999347702040375;0.999939019856907;0.9999402167556989;0.9999999999999999;1.0;0.9999548658503088;0.9999844658190999;1.0;0.9999398623550342;0.9999994133487262;1.0001577424465609;0.999967876783498;0.9999999999999999;0.9999924133807794;0.9997742825649331;0.9998450822959346;1.0;0.9999082221754577;0.9999632024670885;0.9997264710157804;0.9996860987056563;0.9999100761563788;1.0;0.9999908604325449;1.000135757612558;0.9999688309830396;0.9999749850312893;0.9999495331301337;0.9999974043569345;1.024999976158142;
2016-12-17 05:15:00;1.0;0.9999940138399062;0.9999630857493812;0.9999931632546467;0.999988101710779;0.9999892082865256;1.0;0.9999637592791176;0.9999536640462526;0.999997059757831;0.9999790768229502;1.0;0.9999971910960539;0.9999999999999999;0.9999441892664386;0.9999459257525527;0.9999467956985806;1.0;0.9999999999999999;0.9999608095091612;0.9999841577569502;1.0;0.9999464934178949;0.999999440554658;1.0001585922392018;0.9999703101917373;1.0;0.9999935377975365;0.9997605160412986;0.9998381388585673;1.0;0.9999032346396886;0.9999709213141722;0.9997258858509764;0.9996872964526439;0.9998955306517308;1.0;0.9999892724926028;1.0001367694152725;0.9999754984136012;0.9999757617328481;0.999956927054661;0.9999980458302423;1.024999976158142;
2016-12-17 05:30:00;0.9999999999999999;0.9999955314981465;0.999950509667398;0.9999905249416545;0.9999838630214655;0.9999847636132863;0.9999999999999999;0.9999536448156919;0.9999363530545111;0.9999963238741464;0.9999722242736523;1.0;0.999997020674479;1.0;0.9999329769071573;0.9999342744449758;0.9999351745398124;0.9999999999999999;1.0;0.9999469829162821;0.9999795172215723;0.9999999999999999;0.9999348523039372;0.9999993771437561;1.0001630451461472;0.9999607541796308;1.0;0.9999909934657899;0.9997502023504665;0.9998299846171436;1.0;0.9998975793507917;0.9999611678825273;0.9996988433003633;0.9996568536785587;0.9998969414231704;1.0;0.9999873037170537;1.0001406362708158;0.9999673387293722;0.9999683056651062;0.9999415156812035;0.9999980572431135;1.024999976158142;
2016-12-17 05:45:00;0.9999999999999999;0.9999915558368533;0.9999624257516804;0.9999934840702119;0.9999873149460929;0.9999891182756784;0.9999999999999999;0.9999689675697783;0.9999516229697603;0.9999967449291773;0.999979492835595;1.0;0.9999975452015921;1.0;0.999954985137425;0.9999574310499195;0.9999580740209699;1.0;1.0;0.9999606325176865;0.9999857533327853;1.0;0.9999578525695906;0.9999996679263657;1.0001569735111295;0.9999720100528148;1.0;0.9999934095367966;0.9997532275672448;0.999833403168823;1.0;0.9999023641197563;0.9999689140746026;0.9997103459182612;0.9996706484328298;0.9999034637826293;1.0;0.999990479290912;1.0001354094405386;0.999973742988566;0.9999776680671024;0.9999562058782322;0.9999980704885568;1.024999976158142;
2016-12-17 06:00:00;0.9999999999999999;0.9999930017403547;0.9999493765571316;0.9999905215646943;0.9999826835778445;0.9999841288175191;1.0;0.9999596617789291;0.9999330991777869;0.9999958886622866;0.9999723628417091;1.0;0.9999984916684818;1.0;0.9999464461855967;0.9999484753945955;0.9999491084664065;1.0;1.0;0.9999469140739045;0.9999835403428019;1.0;0.9999489185116424;0.9999996730382581;1.0001654864129381;0.9999642425014724;1.0;0.9999905463956756;0.9996845340540318;0.9997956872110558;1.0;0.9998943348016633;0.999958377139949;0.999707069858775;0.99966990501933;0.9998815894200924;1.0;0.999989685320429;1.0001427816701183;0.9999649060553804;0.999972781737262;0.9999402468194166;0.9999986886827044;1.024999976158142;
2016-12-17 06:15:00;1.0;0.9999911244397;0.9999146582379036;0.9999835366787697;0.9999707909879494;0.9999724843943819;1.0;0.9999324358130152;0.9998864399605267;0.9999931780914699;0.99995335080046;1.0;0.999998286834125;1.0;0.9999128874525695;0.9999154670313538;0.9999164116453755;1.0;1.0;0.9999102441801482;0.9999731254571241;1.0;0.9999161419368466;0.9999994931580225;1.000177594421599;0.9999401643017056;0.9999999999999999;0.9999836419283604;0.999675544028314;0.999793798150728;1.0;0.9998958152374142;0.9999302395943612;0.9997462631949602;0.9997144765977536;0.9998594107564395;1.0;0.999990860432545;1.0001530907267402;0.9999412318143162;0.9999549576704849;0.9998988008394445;0.9999984449009403;1.024999976158142;
2016-12-17 06:30:00;1.0;0.999994304681812;0.9999304021739478;0.9999862567420922;0.9999767035406537;0.9999776179552639;1.0;0.9999393948572032;0.9999086476798638;0.9999946589290915;0.9999612225326766;0.9999999999999999;0.9999981146879645;0.9999999999999999;0.9999174070689645;0.9999190673964089;0.9999200897316446;1.0;1.0;0.9999264192856184;0.9999763160001298;1.0;0.9999197812239256;0.9999993571970583;1.0001738730503902;0.9999491693136446;1.0;0.9999867609060951;0.999671452985915;0.9997855697710363;1.0;0.9998918971759169;0.9999443770349995;0.9997170543281587;0.9996761864504042;0.9998674951898092;0.9999999999999999;0.9999892724926028;1.0001499044909288;0.9999531897095695;0.999961093005385;0.9999175331894556;0.9999985701304906;1.024999976158142;
2016-12-17 06:45:00;1.0;0.9999909797540527;0.999925077176512;0.9999860625266017;0.9999743286991806;0.9999763568690937;1.0;0.9999424083154155;0.9999004022329753;0.9999939664041507;0.9999595062663696;1.0;0.9999973596625569;0.9999999999999999;0.9999261024480172;0.9999287234060147;0.9999294750279911;1.0;1.0;0.9999207682488916;0.9999743264752063;1.0;0.999929221359808;0.9999996002007803;1.0001745143044525;0.9999461365629975;1.0;0.9999858987691943;0.9996630020912328;0.9997657955987788;1.0;0.9998868531675061;0.9999384594358738;0.9996796878028581;0.9996157868719455;0.9998777015848772;1.0;0.999990479290912;1.0001505210037411;0.9999481401675514;0.9999583362140492;0.9999111601019636;0.9999979269538647;1.024999976158142;
2016-12-17 07:00:00;1.0;0.9999914129285525;0.9999396478457976;0.9999887843207372;0.9999793764220762;0.9999811697451171;1.0;0.9999521877281377;0.9999203439481663;0.9999950603048919;0.9999671304381669;1.0;0.9999979338785415;1.0;0.9999364470880604;0.999938940790899;0.9999396858738969;1.0;1.0;0.9999365953232195;0.9999798358788445;1.0;0.9999394531557054;0.9999996138739352;1.0001788660853503;0.9999569827024811;1.0;0.9999887540480009;0.999623163547615;0.9997409500137507;1.0;0.9998157361282106;0.999950368237043;0.9994295539924134;0.9993646358524794;0.9998342674000882;1.0;0.9999888913511111;1.000154290901468;0.9999581508381947;0.9999669833203323;0.9999287748590014;0.9999982720520151;1.024999976158142;
2016-12-17 07:15:00;1.0;0.9999904745678493;0.999930383223485;0.9999870952488785;0.9999760034964839;0.9999780698382391;1.0;0.9999473096837175;0.9999073567312399;0.9999942768765717;0.9999624127087546;1.0;0.9999979134750787;1.0;0.9999325837740419;0.9999353543579501;0.9999360596004975;1.0;1.0;0.999926831417995;0.9999773681766465;1.0;0.9999358401480134;0.9999996629414812;1.0001904884188484;0.999951075721559;1.0;0.9999868962567434;0.9995251798756661;0.9996827198534575;1.0;0.9997715467542776;0.9999423905353451;0.9992701988370445;0.999203718029073;0.999809966487265;1.0;0.9999888913511114;1.0001643395450843;0.9999514231669088;0.9999626759115054;0.9999176329175253;0.999998194724789;1.024999976158142;
2016-12-17 07:30:00;1.0;0.9999313730934185;0.9998983302523917;0.9999860140679087;0.9999642892906393;0.9999764733818669;1.0;0.9999260808641568;0.9998773340938374;0.9999863481879883;0.9999452254126014;1.0;0.9999916727282568;1.0;0.9998679328748835;0.9998878718182485;0.9998909580755818;0.9999999999999999;1.0;0.9999026235119203;0.9999717257560977;1.0;0.9998901352177272;0.9999991878689757;1.0001960654226794;0.9999361968435329;0.9999999999999999;0.9999837962300377;0.9995197805653078;0.9996789481779969;0.9999999999999999;0.9998488363719356;0.999906649110921;0.9995548841151668;0.9994846241454147;0.9998484274979716;0.9999999999999999;0.9999884785248686;1.0001673039757766;0.9999202357309306;0.9999522570855074;0.9998891611794494;0.9999906737945586;1.024999976158142;
2016-12-17 07:45:00;0.9999999999999999;0.9999555040126841;0.9999213482357509;0.999988487917187;0.9999727337929136;0.9999807673314991;0.9999999999999999;0.9999399462161769;0.9999038855261289;0.999990370847428;0.9999573790294114;1.0;0.9999936844996783;1.0;0.999897482427821;0.9999104104933513;0.9999125989080827;1.0;1.0;0.9999229000564521;0.9999757541518566;1.0;0.9999119837306527;0.9999993116262218;1.000189592618317;0.9999479659149079;1.0;0.9999872101960253;0.9995130971794116;0.999681742626745;1.0;0.9998573112241391;0.999929719903838;0.9995934923027935;0.9995333431787596;0.9998476713896138;0.9999999999999999;0.9999892724926027;1.000162453055947;0.999940103832177;0.9999601690404686;0.9999128685572257;0.9999934509642329;1.024999976158142;
2016-12-17 08:00:00;1.0;0.9999804293811291;0.9999085094555368;0.999983459232431;0.9999690309195971;0.9999726299473404;0.9999999999999999;0.9999248426544822;0.9998819000498288;0.9999918137838891;0.9999497994459717;0.9999999999999999;0.999995543413332;1.0;0.9998922994046526;0.999897980531533;0.9998995311382687;0.9999999999999999;1.0;0.9999047059923769;0.9999682308651978;1.0;0.9998990481910287;0.9999992300941108;1.0001936808820624;0.9999339398173217;1.0;0.9999833177356118;0.9995057951575755;0.9996703395254519;0.9999999999999999;0.9998271628800365;0.9999243735283019;0.999482939766309;0.999412729448055;0.9998323129031413;1.0;0.9999884785248686;1.000166629409729;0.999936122807115;0.9999486879151125;0.9998933396909001;0.9999962006073639;1.024999976158142;
2016-12-17 08:15:00;1.0;0.9999870049809728;0.9999265756172109;0.9999863868010984;0.999974967377099;0.999977387309889;1.0;0.9999406158143699;0.9999040143094365;0.9999936994025316;0.9999597438835509;1.0;0.9999975059888178;1.0;0.9999181225094118;0.9999218950063697;0.9999229866773033;1.0;1.0;0.9999235006124289;0.9999761979718353;1.0;0.9999226670307321;0.9999994615984542;1.0001923524964524;0.999948249759073;0.9999999999999999;0.9999863772834934;0.9994409327984465;0.9996065196666079;1.0;0.9998118901334558;0.9999393881628224;0.9994390723920166;0.9993290796210061;0.9998162875023254;0.9999999999999999;0.999988891351111;1.0001657479809378;0.9999488439701318;0.9999606232413668;0.9999139119255196;0.9999977320537601;1.024999976158142;
2016-12-17 08:30:00;0.9999999999999999;0.9999833939929914;0.9999416113025483;0.9999897272498054;0.9999799605460884;0.9999829625047765;1.0;0.999953315483201;0.9999249736956625;0.9999944099247167;0.9999680101504128;1.0;0.999997608990733;1.0;0.9999316143578645;0.9999364432763141;0.9999375373758513;1.0;1.0;0.9999403841928847;0.9999821221973489;1.0;0.9999372353474613;0.9999995494433225;1.0001964518812037;0.9999601619077669;1.0;0.9999895138905914;0.9993717634853497;0.999530558724269;1.0;0.9997677277035958;0.9999506480141991;0.9992687715664074;0.9991054359202571;0.9997995229604669;1.0;0.9999892724926028;1.0001692318991668;0.9999582232090637;0.9999700216870948;0.9999326206191709;0.9999975362047128;1.024999976158142;
2016-12-17 08:45:00;1.0;0.9999838254085486;0.999927479992369;0.9999871893840773;0.9999748662698639;0.9999781456766895;1.0;0.9999461729074088;0.9999047278224759;0.9999934539872889;0.9999609890571807;1.0;0.9999971743414361;1.0;0.9999275677399669;0.9999322628653837;0.9999331862322574;1.0;1.0;0.9999248026578098;0.9999768977953375;0.9999999999999999;0.9999329101888051;0.9999996431780015;1.0001965311641412;0.9999499379862432;0.9999999999999999;0.9999867074308605;0.9994151177590869;0.9995526853981618;1.0;0.999769857142489;0.999938809684913;0.9992688049913102;0.9991008288753747;0.9998058694178683;1.0;0.9999888913511111;1.0001693802420129;0.9999482831742879;0.9999618503804238;0.9999152138741452;0.9999973299595469;1.024999976158142;
2016-12-17 09:00:00;1.0;0.9999815835587464;0.999925913350169;0.9999867694558372;0.9999750121094327;0.999978332970587;1.0;0.9999373130123808;0.9999053718501164;0.999993211715621;0.9999590737167416;1.0;0.9999961372911522;1.0;0.9999068966950398;0.9999122340943379;0.999913697274066;1.0;0.9999999999999999;0.999923378564108;0.9999744583301861;1.0;0.9999132537487693;0.9999992839954235;1.000192512639438;0.9999466745165869;1.0;0.9999867380582257;0.9994542137457534;0.9995872887932239;0.9999999999999999;0.9997975496110489;0.9999385867023994;0.9993667061164411;0.9992159253972727;0.9998224020463936;1.0;0.9999892724926027;1.0001656738402627;0.9999480826711988;0.9999586590656039;0.999914187817032;0.9999966081849947;1.024999976158142;
2016-12-17 09:15:00;1.0;0.9999854153418517;0.9999305959459042;0.9999871330036099;0.9999764753976322;0.9999789658436395;1.0;0.9999416394541238;0.9999103845061121;0.999993827485491;0.9999615466187473;1.0;0.9999975890560561;1.0;0.9999159563728683;0.9999201901095945;0.9999214529444539;1.0;1.0;0.9999282948766238;0.9999779903516833;1.0;0.9999210988238946;0.9999993803340701;1.0001973892667335;0.9999513823842431;1.0;0.9999872439602308;0.9994015021202701;0.99953984861741;1.0;0.9997679686519195;0.9999426751231367;0.999275715070837;0.999100427113013;0.9997955197466928;1.0;0.999989685320429;1.0001700080916516;0.9999515769150495;0.9999632711814247;0.9999192045291635;0.9999976674109751;1.024999976158142;
2016-12-17 09:30:00;1.0;0.9999790564533277;0.9999020755971963;0.9999822445640173;0.9999662036961207;0.9999700837745978;0.9999999999999999;0.9999255051246555;0.9998716611073002;0.9999910954373606;0.9999469033945139;1.0;0.9999968128347247;1.0;0.9998988147260793;0.9999048934599771;0.9999062332596637;1.0;1.0;0.9998986439651047;0.9999697382840159;1.0;0.9999058562234042;0.9999994528369109;1.0002038280571086;0.9999327924114157;1.0;0.9999817704019169;0.9994348865121221;0.9995625689564253;1.0;0.9997712571789638;0.9999178241344155;0.9993071686393802;0.9991374180753484;0.9997840448770013;1.0;0.9999892724926029;1.0001754383377088;0.9999305619876445;0.9999493508229894;0.9998855544106949;0.9999968013646029;1.024999976158142;
2016-12-17 09:45:00;0.9999999999999999;0.9999838974575551;0.9999125107903608;0.9999841714147389;0.9999695656188656;0.9999728686100889;1.0;0.9999365604203481;0.9998838220441444;0.9999923254305184;0.9999530916461258;1.0;0.9999973602852021;1.0;0.9999186081007208;0.9999232808456333;0.9999241803459132;1.0;1.0;0.9999088401851676;0.9999728126182108;1.0;0.9999239169135516;0.9999996648583681;1.0001969833541784;0.9999400160441018;1.0;0.9999835964818412;0.9994397927588887;0.9995608537213005;1.0;0.9997793968694095;0.9999264604863308;0.9992866025653561;0.9991084814717498;0.9998223343780481;0.9999999999999999;0.9999896853204289;1.0001697712048785;0.9999379030142772;0.9999546604700662;0.9998970556497753;0.9999974372016727;1.024999976158142;
2016-12-17 10:00:00;1.0;0.9999877995300057;0.999931137543924;0.9999878416003244;0.9999774791641783;0.9999800974966179;1.0;0.9999381306727212;0.9999126249418194;0.9999943287513892;0.9999619814740459;1.0;0.9999938699940608;1.0;0.9999075969036659;0.9999111370670677;0.9999124475632555;1.0;1.0;0.9999263384200235;0.9999689533887067;1.0;0.9999119355725838;0.9999991685076466;1.0001989791106558;0.9999440670645006;1.0;0.9999879599349714;0.9994076599641234;0.999519098080706;0.9999999999999999;0.9997568649137731;0.9999448717845362;0.9992093340616216;0.9989969725326049;0.9998072558075843;0.9999999999999999;0.9999892724926027;1.0001714766062006;0.9999535272363328;0.9999534256449606;0.9999193815558526;0.9999957948049962;1.024999976158142;
2016-12-17 10:15:00;0.9999999999999999;0.9999355638361827;0.9998882537583615;0.9999842370899087;0.9999614678262831;0.99997333843992;1.0;0.9999160593047843;0.999864133453411;0.9999861317870079;0.9999399763307033;1.0;0.9999888851948805;1.0;0.9998553937716436;0.9998741173834451;0.9998771626466096;0.9999999999999999;1.0;0.9998893762175737;0.9999610205685893;0.9999999999999999;0.9998762316616115;0.9999990246547984;1.000218561388087;0.9999226821953039;1.0;0.9999820388482049;0.9994244965206829;0.9995264640383534;1.0;0.9997201679266704;0.9999002379834105;0.9991108024649016;0.9988973097170847;0.9997641732271888;1.0;0.9999892724926028;1.000186892608534;0.9999149774567898;0.9999385879293796;0.999876195726045;0.9999894361885246;1.024999976158142;
2016-12-17 10:30:00;0.9999999999999999;0.9999586848115818;0.9998762274872287;0.999978978528543;0.999957346856007;0.9999648504095594;0.9999999999999999;0.9999043417558595;0.9998418344910532;0.999987408641282;0.9999326934709744;1.0;0.9999937640984563;1.0;0.9998573634451143;0.9998693750469536;0.9998717509752636;1.0;0.9999999999999999;0.9998741339547803;0.9999613023610996;0.9999999999999999;0.9998710781273925;0.9999991091471445;1.0002134692520674;0.999915563096158;1.0;0.9999779873317584;0.9994382628137047;0.9995539403374822;1.0;0.9997305496037111;0.999894042147909;0.9991726446213821;0.9989888518638194;0.9997533666079993;1.0;0.9999876845582998;1.0001830653259114;0.9999102011129815;0.9999358549903774;0.9998580232725961;0.9999937133592256;1.024999976158142;
2016-12-17 10:45:00;0.9999999999999999;0.9999260953749953;0.9998784497431601;0.9999826110753863;0.9999574508512865;0.9999706521849853;0.9999999999999999;0.9999115145963868;0.9998515319530449;0.9999844158107574;0.9999345922843964;1.0;0.9999904569990351;1.0;0.999847613195166;0.9998690687273839;0.9998724281027305;0.9999999999999999;1.0;0.9998818927441004;0.9999645762139548;0.9999999999999999;0.999871511533323;0.999999080163122;1.0002164559799356;0.9999218605476483;1.0;0.9999801655917389;0.9994283352850806;0.9995405425855057;1.0;0.9997179361213632;0.9998898186804399;0.9990907789016173;0.9988947044081586;0.999770997388734;1.0;0.9999896853204289;1.0001847546179286;0.9999060024467252;0.9999409290802345;0.9998660360066259;0.9999896451501541;1.024999976158142;
2016-12-17 11:00:00;1.0;0.9999554280075172;0.9998957824477308;0.9999832070523211;0.9999640304846057;0.9999720209058132;1.0;0.9999192490867372;0.9998693049163642;0.9999885201482904;0.9999432929660184;1.0;0.9999936033436212;1.0;0.999872273488177;0.9998852072233648;0.9998876072603816;0.9999999999999999;1.0;0.9998956406838988;0.9999678118497194;1.0;0.999886934943855;0.9999991618491295;1.0002177241892083;0.9999298648436238;1.0;0.9999820792818953;0.9994394903011278;0.9995511135084665;1.0;0.9996390306555107;0.99990928071114;0.998799946974931;0.9986143666561071;0.9997320082380449;1.0;0.999989685320429;1.0001866942915385;0.9999229378001635;0.9999466838843842;0.9998821497895041;0.999993405105987;1.024999976158142;
2016-12-17 11:15:00;0.9999999999999999;0.9999756613363153;0.9999281753650806;0.9999883335658486;0.9999753951223223;0.9999802174544483;0.9999999999999999;0.9999446370149957;0.9999086336739111;0.9999928330292547;0.999961291493326;1.0;0.9999947993064713;1.0;0.9999168016342953;0.999923869914103;0.9999252111294248;1.0;1.0;0.9999261603544944;0.9999741813213847;1.0;0.9999247735664513;0.9999994653140506;1.0002088158022429;0.999948495176227;1.0;0.9999876160815258;0.9994501925264861;0.9995632424244502;1.0;0.9996462922745357;0.9999386933958794;0.9988309846864095;0.9986541582354398;0.9997327078544026;0.9999999999999999;0.999990479290912;1.0001797457059554;0.9999480497263669;0.9999592044740122;0.9999175041052624;0.9999954615193176;1.024999976158142;
2016-12-17 11:30:00;1.0;0.9999357020852393;0.9999060559241172;0.9999881640908849;0.9999683701570043;0.9999804178029316;0.9999999999999999;0.999922925033318;0.9998906094933949;0.9999877253639708;0.9999490975809919;1.0;0.9999864481283826;1.0;0.9998551012102921;0.9998737573724901;0.9998770365187288;1.0;1.0;0.9999072282083342;0.9999607098779713;1.0;0.9998759554279547;0.9999987748891769;1.0002115757182575;0.9999300280247526;1.0;0.9999862523321538;0.9994508696307145;0.9995791188043306;1.0;0.9997257091264856;0.9999160517314963;0.9991281147414278;0.9989711848277842;0.9997689932475973;1.0;0.9999892724926029;1.0001808267773682;0.9999283138922032;0.9999413959701267;0.9998978512228579;0.9999881167135274;1.024999976158142;
2016-12-17 11:45:00;1.0;0.9999082486917785;0.9998442462297801;0.99997800979323;0.9999457587950205;0.9999625058340316;1.0;0.9998876710885;0.9998094981903397;0.9999802792826477;0.9999167363857309;1.0;0.9999857766860861;1.0;0.9998080263183953;0.9998346561832346;0.9998387393813134;1.0;1.0;0.9998467106309467;0.9999491576377918;0.9999999999999999;0.999837536927921;0.9999988396165389;1.0002266518607812;0.9998954688804328;1.0;0.9999746354090158;0.9994346059632513;0.9995513958588019;1.0;0.9997189267764892;0.9998596255669228;0.9990967971876863;0.9989121051464601;0.9997699164417494;0.9999999999999999;0.9999892724926028;1.0001930335678375;0.9998803211473508;0.9999183718142807;0.9998275937423959;0.9999858438706734;1.024999976158142;
2016-12-17 12:00:00;1.0;0.9999274026441423;0.9998106417150926;0.9999689138884443;0.9999350568754295;0.9999479964579643;0.9999999999999999;0.9998545420039499;0.9997612211357715;0.9999795109825929;0.9998973728675874;0.9999999999999999;0.9999872959001863;1.0;0.9997751778410605;0.9997962826632332;0.999800231052391;1.0;1.0;0.9998076134497716;0.9999362245969163;1.0;0.9997990432008508;0.9999985323866538;1.0002370189264835;0.999867747294825;0.9999999999999999;0.9999667096469086;0.999450319587874;0.9995530224629955;1.0;0.9996679275385902;0.9998369829221159;0.9989042554578901;0.9987106165341351;0.9997477899048335;1.0;0.9999900664615025;1.0002023168251173;0.9998616994156295;0.9998971372322626;0.9997843084993917;0.9999879959931816;1.024999976158142;
2016-12-17 12:15:00;1.0;0.9999577448545508;0.9998893119750393;0.9999821153396118;0.9999615131066483;0.9999695405960596;0.9999999999999999;0.9999186236031625;0.999858783039144;0.999988301016011;0.9999405406383081;1.0;0.9999934422823826;1.0;0.9998778313823004;0.9998901135896502;0.9998921900882872;1.0;0.9999999999999999;0.9998879423428131;0.9999650334146665;1.0;0.9998915858584758;0.9999993302969236;1.000214935616633;0.9999250370552468;1.0;0.9999807202258676;0.9994391529223128;0.9995421083191306;0.9999999999999999;0.999662072447487;0.9999037490916394;0.9988820431463337;0.9986815185573021;0.999745283162719;1.0;0.9999916544037752;1.0001844505322426;0.9999183286878093;0.9999425900577011;0.9998736193197786;0.9999934724493825;1.024999976158142;
2016-12-17 12:30:00;1.0;0.9999794166837558;0.9999329293527589;0.9999886739066264;0.9999770957700503;0.9999810800017047;0.9999999999999999;0.9999463515520505;0.9999143955421983;0.9999935387319393;0.999963461167166;1.0;0.9999959318094804;1.0;0.9999198044028731;0.9999257750768609;0.9999270665058343;1.0;1.0;0.9999310930590671;0.9999769679442185;1.0;0.9999266681324295;0.9999994481739487;1.000198341386742;0.9999524123662641;1.0;0.9999882903868488;0.9994625323652198;0.9995435660390429;1.0;0.999684485362662;0.9999432360812844;0.9989416979473172;0.9987211149008034;0.999771869050163;0.9999999999999999;0.9999920672329302;1.000170752651925;0.9999519371226638;0.9999629277306138;0.9999227613634186;0.9999963443476088;1.024999976158142;
2016-12-17 12:45:00;1.0;0.9999883061797581;0.9998830760164181;0.9999785196046483;0.9999599513020676;0.9999631348374917;1.0;0.9999120679880147;0.9998436581175032;0.9999908668341453;0.9999373401270543;1.0;0.9999948173743706;1.0;0.9998901319462529;0.9998935290226594;0.9998944657883313;1.0;1.0;0.9998750627469395;0.9999569069023112;1.0;0.9998940822480317;0.9999994492547412;1.0002095600214655;0.9999136179874292;1.0;0.9999780752931087;0.999436998287417;0.9995358925950232;1.0;0.9997002189819569;0.9999041823034018;0.9990261235194822;0.9988162888634201;0.999761803106883;1.0;0.9999924483761709;1.000180751800745;0.9999193172909521;0.9999317376822798;0.999860710683585;0.9999963482300493;1.024999976158142;
2016-12-17 13:00:00;1.0;0.9999768169452007;0.9999207447829762;0.9999865285552771;0.99997339827618;0.9999778006027348;0.9999999999999999;0.9999332331810261;0.9998999433567738;0.9999924644254066;0.9999564915611411;1.0;0.9999941543545621;1.0;0.9998978361152472;0.9999045670413078;0.9999062293377796;1.0;1.0;0.9999178402766035;0.9999698932658989;1.0;0.9999056812664683;0.9999991917759286;1.0002045204427041;0.999941056754001;0.9999999999999999;0.9999862356452733;0.9994875363967665;0.999549645811917;1.0;0.999684887577459;0.99993397333629;0.9989568564162075;0.9987242293359022;0.9997628640357995;1.0;0.9999924483761707;1.000175933598077;0.9999441316006512;0.9999528918441528;0.9999086908061181;0.9999951886328806;1.024999976158142;
2016-12-17 13:15:00;0.9999999999999999;0.9999853441709022;0.9999466250431082;0.9999908761019236;0.999982223889551;0.9999850751622341;0.9999999999999999;0.9999535030282024;0.9999327826074161;0.9999951006800305;0.9999705367938904;1.0;0.9999958652097766;1.0;0.9999283921277695;0.9999326515014035;0.9999338137454626;1.0;0.9999999999999999;0.9999444242690593;0.9999789869495531;1.0;0.9999334225915709;0.9999993971574467;1.0001945591065617;0.9999595468669199;1.0;0.9999908189568075;0.9995007946240936;0.9995669758163856;1.0;0.9996971845662795;0.9999559421379708;0.9989930485672376;0.9987743407533943;0.9997750968870746;1.0;0.9999912732606051;1.00016763643124;0.9999627429801605;0.9999674057438885;0.9999384118097294;0.9999967165922015;1.024999976158142;
2016-12-17 13:30:00;1.0;0.9999851259731263;0.9999246131254473;0.9999863397043356;0.9999745461004967;0.999977396937324;1.0;0.999937435577457;0.9999025278034028;0.9999934543535473;0.9999586039872621;1.0;0.9999962107898327;1.0;0.999910726042763;0.9999150424463884;0.9999162976628114;1.0;1.0;0.9999211698191074;0.9999732053457318;0.9999999999999999;0.9999158961373058;0.9999993473302793;1.0002048436260058;0.9999449761212158;1.0;0.9999863092392482;0.9994666585035157;0.999543883688346;1.0;0.9996673717745053;0.999937984565461;0.9988862471153808;0.9986638201788854;0.9997582537253171;1.0;0.9999900664615023;1.0001764789741294;0.9999476463047948;0.9999570115472338;0.9999119050472878;0.9999968923406138;1.024999976158142;
2016-12-17 13:45:00;1.0;0.9999809345957416;0.9999127526857549;0.9999843260408939;0.999970423946129;0.9999739772508507;1.0;0.9999289382911446;0.9998873440579076;0.999992162019459;0.9999522417211517;0.9999999999999999;0.9999956378915428;1.0;0.9998983675341294;0.9999038990803615;0.9999053546927607;1.0;1.0;0.9999091274719909;0.9999695959812518;1.0;0.999904897471493;0.9999992884199341;1.0002100773671745;0.9999370147920653;0.9999999999999999;0.9999841245977164;0.9994936315123376;0.9995589937887964;1.0;0.9996518860126353;0.9999277362830953;0.9988367469531139;0.9986146593846144;0.999745484935245;1.0;0.9999916544037752;1.0001808592619397;0.9999389547464147;0.9999509908954116;0.9998983025017497;0.9999962881440349;1.024999976158142;
2016-12-17 14:00:00;1.0;0.9999824515840685;0.9999287219617783;0.9999880436640886;0.9999764942448842;0.9999801852923098;1.0;0.9999383820390657;0.9999102316420778;0.9999936473292609;0.9999610353777177;1.0;0.999992971969448;0.9999999999999999;0.99990610020432;0.999911189556246;0.9999125970595308;1.0;1.0;0.9999243890257601;0.9999678865099907;0.9999999999999999;0.999912048508253;0.9999991971981912;1.0002074506687864;0.9999426979293055;1.0;0.9999878041588239;0.9995119530060831;0.9995432290680129;1.0;0.9996469229293237;0.9999418259213705;0.9988169342138601;0.9985549848745262;0.9997440630159423;1.0;0.9999920672329303;1.0001786890328768;0.9999508623293047;0.9999520561188663;0.9999172318415471;0.9999949326965871;1.024999976158142;
2016-12-17 14:15:00;1.0;0.9999743567059596;0.9999313027280383;0.9999896822573107;0.9999769733561892;0.9999824405257196;1.0;0.999944535765224;0.9999145115447255;0.9999931418870879;0.9999631067922552;1.0;0.9999919545752681;1.0;0.999911841542878;0.9999192721069783;0.9999207346779938;1.0;0.9999999999999999;0.9999282575554157;0.9999690665166219;1.0;0.9999201668189539;0.9999993147618284;1.0002003493759803;0.9999458235471093;1.0;0.9999888735255935;0.9995562472357149;0.9995887282801116;1.0;0.9996611539875756;0.9999418754141676;0.9988616165069346;0.9986287613948858;0.9997562713069241;0.9999999999999999;0.9999912732606053;1.0001724095940545;0.9999507388556207;0.999954241762521;0.9999214366469712;0.9999938159541861;1.024999976158142;
2016-12-17 14:30:00;1.0;0.9999603422462212;0.9999235698281306;0.9999892953750165;0.9999744098614523;0.9999821777305326;1.0;0.999936407111455;0.9999080287466611;0.9999912999053141;0.999958546532639;1.0;0.9999901926805514;1.0;0.9998895105512561;0.9999010226935813;0.9999032241858522;1.0;1.0;0.9999223563478931;0.9999669722063447;1.0;0.999902458413946;0.9999990719673181;1.000203211766299;0.9999413512043802;1.0;0.9999882195936595;0.9996174317763148;0.9996221583626852;1.0;0.9996540265877523;0.9999338036702224;0.9988512528220731;0.9986167943062807;0.999742080405995;1.0;0.999990479290912;1.0001743837634278;0.9999436930141999;0.9999508095012704;0.9999147165543053;0.9999918754351154;1.024999976158142;
2016-12-17 14:45:00;1.0;0.9999468348836864;0.9999317557938792;0.9999917799288555;0.9999777473765262;0.9999873568304547;0.9999999999999999;0.9999357354690221;0.9999245738947041;0.9999906324704269;0.9999619157848819;1.0;0.9999883854826509;0.9999999999999999;0.9998708398636791;0.9998862903752838;0.9998894048714063;1.0;1.0;0.9999334855773409;0.9999691681418099;1.0;0.9998883929613029;0.9999986934190018;1.0002076684568184;0.9999470135898164;0.9999999999999999;0.9999907453750775;0.9995740576172424;0.9995867333373011;1.0;0.999637387930344;0.9999395219455572;0.9987969060238736;0.9985473728123269;0.9997290937421957;1.0;0.9999916544037752;1.0001776799638158;0.9999482540375197;0.9999548118655529;0.9999274217504842;0.9999899442820048;1.024999976158142;
2016-12-17 15:00:00;1.0;0.9999604182327732;0.9999286348320547;0.9999899546868389;0.9999763305211173;0.9999837159552412;0.9999999999999999;0.9999377295435811;0.9999156236355438;0.9999915820308091;0.9999607889601629;1.0;0.9999907057580831;0.9999999999999999;0.9998883914122427;0.9998998975483482;0.9999022372520823;0.9999999999999999;1.0;0.9999281501669645;0.9999694817636212;0.9999999999999999;0.9999014547975345;0.9999989906603242;1.0002027013150119;0.9999453330106549;0.9999999999999999;0.999989087153757;0.9996215054847383;0.9996151063019758;1.0;0.999667211063349;0.9999383088305785;0.9988931803603384;0.9986437287745398;0.9997531118361533;0.9999999999999999;0.9999836923428768;1.000173875220784;0.9999474777401419;0.9999543486010742;0.9999210493697928;0.999992158066089;1.024999976158142;
2016-12-17 15:15:00;1.0;0.9999795607764562;0.9999385281219411;0.9999903846856055;0.9999795191389703;0.9999838470091815;1.0;0.9999487547408938;0.9999232790512195;0.9999940948929972;0.9999667096319553;0.9999999999999999;0.9999932583167817;0.9999999999999999;0.9999194080924492;0.9999253340879088;0.9999266423614505;1.0;1.0;0.9999355638239613;0.9999725271111504;1.0;0.9999261411649542;0.9999993435572683;1.0001945853357863;0.9999513470932878;1.0;0.9999898808706086;0.9996233693926281;0.9996383332670707;1.0;0.9996820953525358;0.9999486220385662;0.9989418533477101;0.9987253163172229;0.9997646680026034;1.0;0.9999789796683627;1.0001675506303278;0.9999565018106457;0.9999591376730191;0.9999293917083655;0.9999948898421086;1.024999976158142;
2016-12-17 15:30:00;1.0;0.9999773212721641;0.999943693307113;0.9999925231139469;0.9999826349918675;0.9999878743420278;0.9999999999999999;0.9999438019451415;0.9999346164629992;0.9999946347990176;0.999969113137976;0.9999999999999999;0.9999876975603265;1.0;0.9998998700458122;0.9999064481253255;0.9999082340898673;1.0;1.0;0.9999387649653967;0.999961931008289;0.9999999999999999;0.9999074158162412;0.9999988788893402;1.000194563443087;0.9999447777616534;1.0;0.9999921429966266;0.9996318923005953;0.9996246310375794;1.0;0.9996908779499104;0.9999548632672658;0.9989873414660504;0.9987426721985744;0.9997602059194441;0.9999999999999999;0.9999772319535376;1.0001674144815875;0.9999617892746282;0.999948437172699;0.9999361879417809;0.9999916864692688;1.024999976158142;
2016-12-17 15:45:00;1.0;0.9999867877005194;0.9999541960191262;0.9999927133918243;0.9999858341629679;0.9999886326641811;1.0;0.9999520243498663;0.9999455839390542;0.9999960058809237;0.9999741448610748;0.9999999999999999;0.999992653113716;1.0;0.999918241003225;0.9999220738402759;0.9999234966513492;1.0;1.0;0.9999506118393209;0.9999733258822547;1.0;0.9999229152921564;0.9999990733655901;1.0001870735380005;0.99995780300049;1.0;0.9999929316815233;0.9996601046116652;0.999671982803374;1.0;0.9997209224660483;0.999964098874073;0.9991004385894646;0.9989020883723854;0.9997735023097615;1.0;0.99997792045506;1.0001611476079078;0.9999696843728075;0.9999624154907947;0.9999475104771964;0.9999950580690163;1.024999976158142;
2016-12-17 16:00:00;1.0;0.9999862089992331;0.9999358172061198;0.9999894922268819;0.9999794580640305;0.9999827270715554;1.0;0.9999405735250655;0.9999203276427826;0.9999946551575564;0.9999647741922407;1.0;0.9999913684506562;0.9999999999999999;0.9999069574173647;0.9999109555772261;0.9999123207878787;1.0;1.0;0.9999303014866696;0.9999651974413343;1.0;0.9999117094471993;0.9999990833264414;1.0001967647394159;0.9999433104852644;0.9999999999999999;0.9999894234273761;0.9996379470270567;0.9996382124063817;1.0;0.9996860881797862;0.9999490192248899;0.9989518005325596;0.9987220963826448;0.9997698679351007;1.0;0.999985427821392;1.0001695602047453;0.9999570121561816;0.9999502798912173;0.9999251836240949;0.9999943145024471;1.024999976158142;
2016-12-17 16:15:00;1.0;0.9999908350683088;0.9999579472935562;0.9999929278945352;0.9999872247379614;0.9999891497758304;1.0;0.9999537969748941;0.9999500012928553;0.9999966021856113;0.9999759683266418;1.0;0.9999933651322636;1.0;0.9999221490849537;0.9999248113775576;0.9999261235197554;1.0;1.0;0.9999541324490263;0.9999747765858655;1.0;0.9999255805856623;0.9999990787320551;1.0001990426425653;0.999960251468911;1.0;0.9999933586081036;0.9996129237496767;0.9996102111211519;1.0;0.9996110129521921;0.9999679350061663;0.9986879706123329;0.9984410684707159;0.9997240136873041;1.0;0.999989685320429;1.0001715981591948;0.9999729845434836;0.9999645177204102;0.9999514308544261;0.9999957278432315;1.024999976158142;
2016-12-17 16:30:00;1.0;0.9999870776562853;0.9999422312560259;0.9999909211892918;0.9999818428273765;0.999985109632486;1.0;0.9999446187239088;0.9999292935608876;0.9999952658007307;0.999968300364101;0.9999999999999999;0.9999905751652869;0.9999999999999999;0.9999109123935368;0.9999146658454355;0.9999159929436087;0.9999999999999999;1.0;0.9999365238786221;0.9999650825191039;1.0;0.9999153589650089;0.9999990639440166;1.0001998591264316;0.9999460468099591;1.0;0.9999908510678296;0.9996524080404812;0.9996568224619432;0.9999999999999999;0.9996384325012033;0.9999546132400815;0.9988005885706511;0.9985888844727389;0.999729718948709;1.0;0.9999912732606053;1.0001722840322684;0.9999617414290028;0.9999513256093828;0.9999327491201048;0.9999939382159874;1.024999976158142;
2016-12-17 16:45:00;0.9999999999999999;0.9999830293923999;0.9999298025125986;0.9999912759871916;0.9999803513485838;0.9999858754611496;0.9999999999999999;0.9999204652405659;0.9999207934005337;0.9999947309501394;0.9999616711584975;1.0;0.9999769008048162;1.0;0.9998580087184545;0.9998629292227534;0.9998650774325569;1.0;0.9999999999999999;0.9999169420225504;0.9999313297940446;1.0;0.9998637485317523;0.9999981285101301;1.0002113447454302;0.9999128852047854;1.0;0.9999910105215436;0.9996277153249038;0.9996347782187628;1.0;0.9996479608258689;0.9999488651399785;0.9988118870282606;0.9985873482092884;0.999750531619555;0.9999999999999999;0.9999900664615023;1.0001820707497167;0.9999570335322275;0.999912137278097;0.9999184199732238;0.9999861651018005;1.024999976158142;
2016-12-17 17:00:00;1.0;0.9999789126511034;0.9999000384305442;0.9999888925020685;0.9999733352094486;0.999981591201783;1.0;0.9998837066366539;0.9998895787091401;0.9999929198219869;0.9999463166057644;1.0;0.9999596817260296;1.0;0.9997894293655296;0.9997955520192866;0.999798516801039;1.0;1.0;0.9998767895047083;0.9998843808174707;1.0;0.9997963652467511;0.9999970786104001;1.0002312750737155;0.9998614857879186;1.0;0.9999880507101652;0.9996382257903572;0.9996431107041537;1.0;0.9996494681939226;0.9999297751281173;0.9988608098109835;0.9986404978292152;0.9997218651865688;1.0;0.999989685320429;1.0001991871450746;0.9999411585437405;0.999855444345584;0.9998829215499793;0.9999764403177819;1.024999976158142;
2016-12-17 17:15:00;1.0;0.9999893917757087;0.999915401955739;0.999989546363203;0.9999770107951237;0.9999826670841158;1.0;0.999902661272567;0.9999035730016074;0.9999947700117698;0.9999543245256324;1.0;0.9999692903138168;1.0;0.9998309566170303;0.9998340450485986;0.9998362446459758;1.0;1.0;0.9998960168364671;0.999907731681302;0.9999999999999999;0.9998345989644909;0.9999976891429411;1.000220181142842;0.9998868232909781;0.9999999999999999;0.9999892864811238;0.9996172107699713;0.9996266708235639;1.0;0.9996353762717584;0.9999409241453888;0.9988016596576638;0.9985752811650671;0.9997198374390215;0.9999999999999999;0.9999900664615025;1.000189935295509;0.9999506046540404;0.999883560579608;0.9998997602924342;0.9999824315225692;1.024999976158142;
2016-12-17 17:30:00;0.9999999999999999;0.9999727016509067;0.9999428068401569;0.9999929096480942;0.9999831165832745;0.9999891013888415;1.0;0.9999368092889067;0.9999369538881557;0.9999942237069905;0.999968037501769;1.0;0.9999848365499514;1.0;0.999880255730237;0.9998881957174701;0.9998905060845283;1.0;0.9999999999999999;0.9999375298674841;0.999956417747192;0.9999999999999999;0.9998894674321678;0.9999985252585909;1.0002111472652029;0.9999397181432544;1.0;0.9999926379224323;0.999611865650625;0.9996226200056944;1.0;0.9995850487117075;0.9999549478786581;0.9986216501534285;0.9983962557166737;0.9996912612085381;0.9999999999999999;0.9999896853204289;1.0001815199042616;0.9999618138059507;0.9999421741801103;0.9999362045447052;0.9999897932063996;1.024999976158142;
2016-12-17 17:45:00;1.0;0.9999740019381045;0.9999202435159812;0.9999873342763117;0.9999738222959299;0.9999791238649801;1.0;0.9999301429163503;0.9999015403635255;0.9999923266173364;0.9999563597616857;1.0;0.9999906828753967;1.0;0.9998877358710316;0.9998952973572938;0.9998971723885209;1.0;1.0;0.9999160818111432;0.9999627249482923;0.9999999999999999;0.9998964540937324;0.9999989934706861;1.0002156479168003;0.9999351717681045;1.0;0.9999868679567441;0.9996105610625109;0.999618574369726;1.0;0.99954064273683;0.9999341737955214;0.998436201721132;0.9982071389705599;0.9996839281389223;1.0;0.999990479290912;1.000185487396468;0.9999442901783753;0.9999450465383285;0.9999085225741164;0.9999930877698285;1.024999976158142;
2016-12-17 18:00:00;0.9999999999999999;0.9999786264324122;0.9999337888229096;0.9999895795561975;0.9999777019414534;0.9999822640296115;1.0;0.9999472767160987;0.9999164813842408;0.9999936169327994;0.999964421612888;1.0;0.9999933564429249;1.0;0.9999193979326749;0.9999256171554953;0.9999268695963239;1.0;1.0;0.9999307039578512;0.9999716864130576;1.0;0.9999263902786566;0.9999994099708658;1.00020606434891;0.9999487873557094;1.0;0.9999889048480108;0.9996099459269729;0.9996118213725316;1.0;0.9995993606946025;0.9999442947460094;0.9986684908018922;0.9984273988470985;0.9997022966665507;1.0;0.9999920672329303;1.0001774794145621;0.9999528381108516;0.9999574445059898;0.9999237272727424;0.9999948736707115;1.024999976158142;
2016-12-17 18:15:00;0.9999999999999999;0.9999578160566216;0.9999334161985541;0.999991139080229;0.9999771744524029;0.9999851121897149;1.0;0.9999480943778453;0.9999204437262151;0.9999915908653151;0.9999640940249356;1.0;0.9999923284936455;0.9999999999999999;0.999906719180978;0.9999189761560033;0.9999210315676611;1.0;1.0;0.9999344984102214;0.9999756271427539;1.0;0.9999203915330602;0.9999993058170497;1.0002037029020634;0.9999532008052717;1.0;0.999989847145762;0.9996256015540805;0.9996362399640402;1.0;0.9996121893209848;0.999940263440091;0.9987013005286685;0.9984826259833834;0.9997184180201989;1.0;0.9999916544037752;1.0001747829813168;0.9999490287435461;0.9999622444348041;0.9999269396251523;0.9999928682880911;1.024999976158142;
2016-12-17 18:30:00;1.0;0.9999151899423204;0.999912011855884;0.9999904181169266;0.9999693222263926;0.9999843375467142;1.0;0.9999326561356642;0.9999012608485799;0.9999859746205243;0.999952267283489;1.0;0.9999885937877838;1.0;0.9998587207296381;0.9998833611955192;0.9998872261359492;1.0;1.0;0.9999193813994103;0.9999737665563376;1.0;0.9998861553852965;0.999998924176337;1.0002149030810081;0.9999448352842402;1.0;0.9999878505698956;0.99962722027256;0.9996330574524079;1.0;0.9995885506204489;0.9999159313687656;0.9986248485213295;0.998401339200049;0.999699508086725;1.0;0.9999916544037752;1.0001830828591327;0.9999277442503831;0.9999573735828383;0.9999086318215797;0.9999878634964227;1.024999976158142;
2016-12-17 18:45:00;0.9999999999999999;0.9999578880744564;0.9999144522852562;0.9999878418557455;0.9999719731511031;0.9999801519262187;1.0;0.9999242886073252;0.9998982864314165;0.9999904732998832;0.9999531657604287;1.0;0.999987688081146;1.0;0.9998669445297226;0.9998791786906669;0.9998817945762732;0.9999999999999999;1.0;0.999911975195788;0.9999591054916755;1.0;0.9998808407984741;0.9999987579299613;1.0002069570133887;0.9999306341053074;1.0;0.9999868783269424;0.9996413188804917;0.999650623400789;1.0;0.9996303951383553;0.999927399620379;0.9987297101936663;0.998517303371459;0.9997535434308266;0.9999999999999999;0.9999908604325448;1.000177454118775;0.9999383049129451;0.9999404347760401;0.9999043568316025;0.9999903304075368;1.024999976158142;
2016-12-17 19:00:00;0.9999999999999999;0.9999342619985085;0.9999076758676585;0.9999898424766861;0.9999702924449904;0.9999833542998693;1.0;0.9999168434810127;0.9998968278124895;0.9999880763702723;0.9999499954492916;0.9999999999999999;0.9999799469050323;1.0;0.9998360556708589;0.9998551509527491;0.9998587829481498;1.0;1.0;0.9999058678695505;0.9999467843978023;1.0;0.9998573794646479;0.9999983467431866;1.0002179955160808;0.9999193320810149;1.0;0.9999878607073278;0.9996560216336907;0.9996691978999486;1.0;0.9995838825203052;0.9999195276622899;0.998586234168632;0.9983921449073068;0.9997116775678934;0.9999999999999999;0.9999908604325449;1.000186333967104;0.9999313009848902;0.9999264698769645;0.9999000620931554;0.9999844487792307;1.024999976158142;
2016-12-17 19:15:00;1.0;0.9999214682141623;0.9999014548427649;0.9999897936255624;0.9999684204056573;0.9999836585146784;0.9999999999999999;0.9999089272253182;0.9998925289557885;0.9999865161582182;0.9999462664364149;0.9999999999999999;0.9999775140491397;1.0;0.9998135783889951;0.9998363624774692;0.9998407083768582;1.0;1.0;0.9999009252684125;0.9999432189152501;1.0;0.9998390834810725;0.9999980668261786;1.0002190440855305;0.9999142331779535;1.0;0.9999875790178385;0.9996511902646212;0.9996662386906972;1.0;0.9996034408527813;0.9999131569270991;0.9986709982717588;0.9984761162989997;0.9997127981590688;1.0;0.9999916544037752;1.0001867832375813;0.9999257232977183;0.9999216660292587;0.9998949255870628;0.9999822341853044;1.024999976158142;
2016-12-17 19:30:00;1.0;0.9999479873999256;0.999911752959398;0.999988975769638;0.9999709050959696;0.9999814303223516;1.0;0.9999257935304295;0.9998965158389433;0.9999894930186094;0.999952580151438;1.0;0.9999847276021455;0.9999999999999999;0.9998645141520011;0.9998796142545816;0.999882387232498;1.0;1.0;0.999909534163029;0.9999548232981775;1.0;0.9998813240690894;0.9999987819925539;1.0002136623655153;0.9999271367816251;1.0;0.9999872798478248;0.9996307338134971;0.9996307290756178;1.0;0.9995851932745061;0.9999233803060401;0.9985893998693467;0.9983586580631502;0.9997133975788896;0.9999999999999999;0.9999912732606052;1.0001830788696864;0.9999347501997197;0.9999357625498286;0.9999024185920847;0.9999880233330398;1.024999976158142;
2016-12-17 19:45:00;1.0;0.9998969073217465;0.9998877525880423;0.9999885483109168;0.9999620113338247;0.9999810467465743;0.9999999999999999;0.9999100729485197;0.9998755728559722;0.9999828101452023;0.9999395748091776;1.0;0.9999799739612347;1.0;0.9998116793663667;0.9998416081110589;0.999846446553495;1.0;1.0;0.9998929218395947;0.9999524472055986;0.9999999999999999;0.9998448833575824;0.9999983865482095;1.0002264542043973;0.9999178772963455;1.0;0.9999851510012981;0.9996275373914429;0.9996313158015019;1.0;0.9995681917399108;0.9998954290151891;0.9985311307389324;0.9983053839660844;0.9997021035001069;0.9999999999999999;0.9999908604325449;1.0001925146546227;0.9999102587930898;0.9999301325219778;0.9998823452453839;0.9999818757553388;1.024999976158142;
2016-12-17 20:00:00;1.0;0.9999358450355621;0.9999069808923635;0.9999884564104146;0.999968309871665;0.999980486937841;1.0;0.9999274453899617;0.9998906484467516;0.9999877752958416;0.9999501024450101;1.0;0.9999870335342166;1.0;0.9998649177017539;0.9998835262012229;0.9998865764490291;1.0;1.0;0.9999083491227289;0.9999624115276726;1.0;0.9998855746536006;0.9999989518961431;1.0002069438417538;0.9999321684597381;1.0;0.9999863097347046;0.9996544372952728;0.9996547921084439;1.0;0.9996498887375224;0.9999160763961612;0.9988131248176333;0.998595369236809;0.9997554649407058;0.9999999999999999;0.9999904792909119;1.0001769039400903;0.9999283208673795;0.9999435654663069;0.9998987105461995;0.9999884492119835;1.024999976158142;
2016-12-17 20:15:00;1.0;0.999962577586737;0.9999442850542484;0.9999928818179292;0.9999821338266591;0.9999890668929622;1.0;0.99994532602328;0.9999376772177437;0.9999930392619838;0.9999687612255276;1.0;0.9999902784050402;1.0;0.9998937518949779;0.9999045955653609;0.9999070008987249;1.0;0.9999999999999999;0.9999442550749003;0.9999723931198026;1.0;0.9999061768178348;0.9999988767932276;1.0001926203671538;0.9999542388790751;0.9999999999999999;0.9999923350642093;0.9996462390860266;0.9996613427440417;1.0;0.9996755796395257;0.9999520557044081;0.9989036699350041;0.9987018583764049;0.9997709974202703;1.0;0.9999908604325449;1.0001651861992162;0.9999590913888764;0.9999602360487976;0.9999397510594055;0.9999920822280601;1.024999976158142;
2016-12-17 20:30:00;1.0;0.9999784794867177;0.999944547386926;0.9999912873978508;0.9999819445046265;0.9999860489509999;1.0;0.9999485132830295;0.999933022544756;0.9999944047965662;0.9999691606995069;1.0;0.9999934241875936;1.0;0.9999130461411008;0.9999192968307281;0.9999209147801809;1.0;1.0;0.9999425412773447;0.99997483239134;1.0;0.9999203447351519;0.9999991592917975;1.0001943977866645;0.9999554711128747;1.0;0.999991122450747;0.999646075618391;0.999652876670145;1.0;0.9996515286919594;0.999954070259085;0.9988111738884227;0.9985974613850589;0.9997616771591897;0.9999999999999999;0.9999896853204288;1.0001672448885754;0.9999610659735988;0.9999625820128002;0.9999372096921114;0.9999949032687084;1.024999976158142;
2016-12-17 20:45:00;1.0;0.9999846207950275;0.9999540137666324;0.9999928486289789;0.9999854252906291;0.9999886147578534;1.0;0.9999548237614361;0.9999448836439254;0.9999957251756313;0.9999743520733804;1.0;0.9999932161854511;1.0;0.9999234557611548;0.9999279218269314;0.9999292751596764;0.9999999999999999;1.0;0.9999511226070925;0.9999753196637214;1.0;0.9999287408466642;0.9999991926351316;1.0001912347532163;0.9999597151913686;1.0;0.999992843754965;0.9996273538831499;0.9996328679333599;1.0;0.9996749322954167;0.9999629802581919;0.9989214662108877;0.9986933273941336;0.9997570132662863;1.0;0.9999908604325449;1.0001647255003936;0.9999686845216127;0.9999647083436299;0.9999475314016443;0.9999952155241943;1.024999976158142;
2016-12-17 21:00:00;0.9999999999999999;0.9999786215612922;0.9999344414495817;0.9999896899406681;0.9999779899396681;0.9999825408571557;1.0;0.9999468637969962;0.9999175573975623;0.999993701013608;0.9999646595632631;0.9999999999999999;0.9999932678037098;1.0;0.9999179508155382;0.999924150443186;0.9999254476598225;1.0;1.0;0.9999313769993058;0.9999716643622379;0.9999999999999999;0.9999249533388607;0.999999374884694;1.000199391179517;0.9999489830812551;1.0;0.999989082656687;0.9996124274140734;0.999613824822397;1.0;0.9996355108124709;0.9999449440314203;0.9987536838321963;0.9985108966696585;0.9997527244601181;1.0;0.999990479290912;1.0001716945723769;0.9999533890435092;0.9999575056788363;0.9999245532544528;0.9999948297975483;1.024999976158142;
2016-12-17 21:15:00;1.0;0.9999835360817281;0.9999366812074479;0.9999894099269157;0.9999791739405021;0.9999826202402966;0.9999999999999999;0.999943862022423;0.9999206459447189;0.999994356646546;0.9999651544992498;1.0;0.9999937567428385;1.0;0.9999128760351856;0.999917653769157;0.9999190227062433;0.9999999999999999;1.0;0.9999331135375421;0.9999717490680362;1.0;0.9999185084639585;0.9999992234264554;1.0001895502097025;0.9999492608785516;1.0;0.9999893167861061;0.9996630977058029;0.9996771124317148;1.0;0.9996736948580672;0.999948298148161;0.9988565724889071;0.9986633017201614;0.9997972499557822;1.0;0.9999896853204289;1.0001632302552514;0.9999563158476357;0.9999576881820255;0.9999267272600721;0.9999954373374819;1.024999976158142;
2016-12-17 21:30:00;0.9999999999999999;0.9999886684382298;0.9999588384375114;0.9999936422323615;0.9999866018073791;0.9999893087540656;0.9999999999999999;0.9999639945648023;0.9999488562163134;0.9999963792253599;0.999977719653673;1.0;0.9999943469469302;1.0;0.9999433657834348;0.9999466612675753;0.9999475120229112;1.0;1.0;0.9999557456594048;0.9999783044068058;1.0;0.9999471318558055;0.9999994856174925;1.0001890077396118;0.9999645525335201;1.0;0.9999933903511224;0.9996445535803709;0.9996607836065595;1.0;0.999664543114265;0.9999664986819435;0.9988541291627214;0.998653418364164;0.9997715683774119;1.0;0.999990860432545;1.0001630445717868;0.9999716960352544;0.999968962605174;0.9999523119665044;0.9999961148113724;1.024999976158142;
2016-12-17 21:45:00;1.0;0.9999885972577895;0.9999460517028932;0.9999904420098392;0.9999829893103596;0.9999851151847166;1.0;0.9999446860735524;0.9999340514068702;0.9999954823463352;0.9999693053531125;1.0;0.9999941172074353;1.0;0.9999104085650539;0.9999137295254521;0.9999152215239221;1.0;0.9999999999999999;0.9999424116561748;0.9999735561802525;0.9999999999999999;0.9999146690173872;0.9999990327283306;1.0001927157039963;0.9999539658474514;1.0;0.9999909281003926;0.9996535394108755;0.9996681200291626;1.0;0.999670042055656;0.9999577983817217;0.9988837269990555;0.9986863799644776;0.9997679836858936;1.0;0.999990479290912;1.000166000463203;0.9999644121279981;0.9999609965351786;0.9999375761837046;0.9999959827755924;1.024999976158142;
2016-12-17 22:00:00;1.0;0.9999882350053249;0.9999622933059525;0.9999940213106859;0.9999881590126818;0.9999905899108963;1.0;0.9999618074703994;0.9999549390903528;0.9999965919462296;0.9999788159073177;1.0;0.9999944190752127;1.0;0.9999352189436597;0.9999386417582866;0.9999397838618042;1.0;1.0;0.9999597754812642;0.9999794285918265;1.0;0.999939333438251;0.9999992954690254;1.0001916790081715;0.9999665392443183;0.9999999999999999;0.9999941244987242;0.9996547176229009;0.9996692364107318;1.0;0.999623856013014;0.9999699891137236;0.9987090418738657;0.9985141083065491;0.9997481293174267;0.9999999999999999;0.999988891351111;1.000165231970292;0.9999746310992033;0.9999706327284684;0.9999569035373839;0.9999961239059317;1.024999976158142;
2016-12-17 22:15:00;1.0;0.9999896785482382;0.9999682111929233;0.9999948938518303;0.9999906770432909;0.9999926284701599;1.0;0.9999612725684793;0.9999641438443492;0.9999971993191052;0.9999813400827811;1.0;0.9999940344162821;1.0;0.9999298258371482;0.999932822134806;0.999934164710609;1.0;1.0;0.999965732554941;0.9999796882888912;0.9999999999999999;0.9999336429961732;0.9999991075344308;1.0001832568418296;0.9999688353641631;1.0;0.9999953645501195;0.9996560113629946;0.9996777484719479;0.9999999999999999;0.9996758528849479;0.9999759201993301;0.998876190802713;0.9986901622345062;0.999790409815186;1.0;0.999990479290912;1.0001579015362845;0.9999796631674607;0.9999717777110917;0.9999640929315682;0.9999960149807728;1.024999976158142;
2016-12-17 22:30:00;1.0;0.999989317167612;0.9999755710530385;0.9999967111254346;0.9999923735769717;0.9999947209032272;1.0;0.999975685446717;0.9999716433495422;0.999997588482435;0.9999865162686729;1.0;0.999995115549433;1.0;0.9999563685338739;0.999959469931297;0.9999602846801842;1.0;1.0;0.9999739047014635;0.9999848032811293;1.0;0.9999599392166112;0.9999995214864922;1.0001813571626477;0.9999771401212476;1.0;0.9999965733548084;0.9996617842384822;0.9996836688783242;1.0;0.9996913124349095;0.9999801473575389;0.9989719704432438;0.9987902377954475;0.9997718309292133;1.0;0.999990479290912;1.0001564386905104;0.9999831709923241;0.999979072920407;0.9999724972316246;0.9999965824008317;1.024999976158142;
2016-12-17 22:45:00;1.0;0.9999829567535995;0.9999673746968267;0.9999953675294314;0.9999899505550066;0.99999314156236;1.0;0.9999641165270041;0.999963456367043;0.99999647628455;0.9999812682964905;0.9999999999999999;0.9999941088004143;1.0;0.9999323747048056;0.9999373145824139;0.999938740131272;1.0;1.0;0.9999662874601615;0.9999817894235162;1.0;0.999938226470379;0.9999992110320685;1.0001825010320158;0.9999709062670546;1.0;0.9999954422850523;0.9996586900148959;0.9996924271930533;1.0;0.9997025136271617;0.9999734250766119;0.999026929750459;0.9988610453146843;0.9997681127445348;0.9999999999999999;0.9999904792909121;1.0001570990674602;0.9999774183211899;0.9999742208698829;0.9999640721111286;0.9999955915762205;1.024999976158142;
2016-12-17 23:00:00;1.0;0.9999826665278545;0.9999734038185193;0.9999965270798756;0.9999914641908583;0.9999946865544139;1.0;0.9999736179033356;0.9999701090939638;0.9999967596391943;0.9999850288030573;0.9999999999999999;0.9999955620292874;1.0;0.9999491546036372;0.9999541740004371;0.9999553179982137;1.0;1.0;0.9999734056289352;0.9999871276479815;0.9999999999999999;0.9999549307750031;0.9999994610591079;1.0001756723296702;0.9999783440333262;1.0;0.9999963321476514;0.9996499008492586;0.9996892942248327;1.0;0.9997438888059778;0.9999771890267595;0.9991526555558241;0.998987590954448;0.9998067360593007;1.0;0.999990479290912;1.0001512697853572;0.99998054436615;0.9999813260880994;0.9999711689986156;0.9999963690541994;1.024999976158142;
2016-12-17 23:15:00;1.0;0.9999898943951558;0.9999792871386531;0.9999967232403574;0.9999934361336007;0.9999951462197331;1.0;0.9999778927848653;0.9999761769309409;0.9999977588664251;0.999987998812582;1.0;0.9999974768420076;1.0;0.9999596176485318;0.9999625471043476;0.999963408010711;1.0;1.0;0.9999791119884981;0.9999909681512366;1.0;0.999963134848741;0.9999995524620829;1.0001719026656524;0.9999835071084056;1.0;0.999996848054779;0.9996553834295394;0.9996941875993013;0.9999999999999999;0.9997755639830465;0.9999829361106684;0.999278143648532;0.9991151073792364;0.9998165701234739;1.0;0.999989685320429;1.0001482064492992;0.9999854996105215;0.9999863598121637;0.9999771151840634;0.9999979175323704;1.024999976158142;
2016-12-17 23:30:00;1.0;0.9999892445313145;0.9999764354026819;0.9999960417168754;0.9999926128620505;0.9999942926702802;0.9999999999999999;0.9999735256159193;0.9999729929537391;0.9999975042923208;0.9999860881461106;1.0;0.9999974672048321;1.0;0.9999517080176203;0.9999548284079022;0.9999558641301349;1.0;1.0;0.9999763132617276;0.9999902023970627;0.9999999999999999;0.9999555484451745;0.9999994449133706;1.0001737857909614;0.999981410556764;1.0;0.9999963314061743;0.9996574989099782;0.9996987617735824;1.0;0.9997681796060803;0.9999808709486627;0.9992654250835087;0.9991080088157369;0.9998030864376464;1.0;0.999989685320429;1.0001497551602674;0.9999837571370811;0.999984913397873;0.9999739540583097;0.9999978666542426;1.024999976158142;
2016-12-17 23:45:00;0.9999999999999999;0.9999890278370415;0.9999744973174309;0.9999956996143192;0.9999916087280657;0.999993412671797;0.9999999999999999;0.9999750530603989;0.9999693678191279;0.999997306756998;0.9999853897029568;1.0;0.999998130996127;1.0;0.9999569599661426;0.9999601440466203;0.9999610330138767;1.0;1.0;0.9999745485015734;0.9999913070293056;1.0;0.9999607800826841;0.9999995767383486;1.0001700025991336;0.9999817118659569;0.9999999999999999;0.9999958202134344;0.9996623451179517;0.9997122869590739;1.0;0.9997844436054424;0.9999786228791728;0.9993037513572527;0.9991618638175713;0.9998258255404067;1.0;0.9999896853204289;1.0001465250044355;0.9999818482831146;0.9999858721811438;0.9999714957303671;0.9999982152389784;1.024999976158142;
2016-12-18 00:00:00;1.0;0.999981223921259;0.9999708029830227;0.9999957717223582;0.9999900654782685;0.9999933196495254;1.0;0.9999746508232938;0.999965574202849;0.999996301548956;0.9999837013994033;1.0;0.9999974631900607;1.0;0.9999535055707979;0.9999589547411452;0.9999600369924629;1.0;1.0;0.9999719444829885;0.9999911727275297;1.0;0.9999597410919135;0.9999996027257781;1.0001726870579828;0.9999806916777321;0.9999999999999999;0.9999954926102717;0.9996334110409828;0.9996686687294153;1.0;0.9997675564451616;0.9999739844352671;0.9992149400633219;0.9990316848370859;0.999835406448972;1.0;0.9999904792909121;1.0001486502436852;0.999977789989651;0.9999853488796275;0.9999682517299389;0.9999973083222484;1.024999976158142;
2016-12-18 00:15:00;1.0;0.9999885929291531;0.999970601957277;0.9999950454996973;0.9999903280410753;0.9999922741458892;1.0;0.9999719352906673;0.999964331540167;0.9999970134077742;0.9999833250199923;1.0;0.9999976713691917;1.0;0.9999527440198852;0.9999560488691853;0.999956974465463;1.0;1.0;0.9999702445651184;0.9999892325089212;1.0;0.9999566969724244;0.9999995449797048;1.0001727455966505;0.9999783236728014;1.0;0.9999951376710338;0.9996551541851635;0.9996906524425582;1.0;0.9997791326284383;0.9999755276576776;0.9992822979209784;0.999113840684132;0.9998244512636602;0.9999999999999999;0.9999904792909118;1.000148885468596;0.9999792442658467;0.9999829042604659;0.9999668493753875;0.9999979345143135;1.024999976158142;
2016-12-18 00:30:00;0.9999999999999999;0.9999917013741101;0.9999793401207375;0.999996388358268;0.999993742838672;0.9999949625766749;1.0;0.9999746894278833;0.9999767028649713;0.9999979486077621;0.9999875498766589;1.0;0.9999975361422697;1.0;0.999953600119733;0.9999560079389908;0.9999569878098459;0.9999999999999999;1.0;0.9999789200046807;0.9999904274476225;0.9999999999999999;0.9999566791849115;0.9999994295977528;1.000171466740965;0.9999826492384636;1.0;0.9999968044928536;0.9996578008624103;0.9996838352127917;1.0;0.9997640508972756;0.9999838221641807;0.9992206326269054;0.9990398734193016;0.999821092525487;1.0;0.9999908604325449;1.0001478124085401;0.9999862893027474;0.9999855975216101;0.9999770825449987;0.999998074623293;1.024999976158142;
2016-12-18 00:45:00;1.0;0.9999947378205021;0.999981240439191;0.9999967013283625;0.9999942478227459;0.9999951324120019;0.9999999999999999;0.999978591172477;0.9999779540331638;0.9999983589133083;0.9999890008929918;0.9999999999999999;0.9999977237894521;1.0;0.9999629627070401;0.9999644958359818;0.9999651940400112;0.9999999999999999;1.0;0.999980248519239;0.9999906028562705;1.0;0.9999649524838503;0.999999560859589;1.0001698264541494;0.9999837125113331;1.0;0.9999970047312406;0.9996690543072801;0.9996879812276422;1.0;0.9997688642259203;0.9999854710681509;0.9992323690204586;0.9990478636634443;0.9998275549595468;1.0;0.9999900664615025;1.0001465521456128;0.9999877284783809;0.9999861709323503;0.9999786628418582;0.9999983863591096;1.024999976158142;
2016-12-18 01:00:00;1.0;0.9999942311654358;0.9999779795294191;0.9999959269557955;0.9999928942473948;0.9999937867429172;1.0;0.9999774050625397;0.9999729887068268;0.9999980311308176;0.9999872589936724;1.0;0.9999985978476993;1.0;0.9999630940123225;0.9999647701769651;0.9999654480654757;0.9999999999999999;1.0;0.9999773341055277;0.9999917968395788;1.0;0.9999652456850276;0.9999996154883131;1.0001640904616809;0.9999833015011843;1.0;0.9999962129591703;0.9996702066453039;0.9996983117303433;1.0;0.9998033552064713;0.9999823492348618;0.9993345375921336;0.9991631232905104;0.9998615784666524;1.0;0.9999896853204289;1.0001415738352617;0.9999850822557937;0.9999868998243487;0.9999748034904247;0.9999988312128293;1.024999976158142;
2016-12-18 01:15:00;1.0;0.9999926423448862;0.9999799975834401;0.9999965251063004;0.9999933911217666;0.9999946050835538;1.0;0.9999808775866024;0.9999755639186102;0.9999979947317734;0.9999885992211731;1.0;0.9999987245564219;1.0;0.9999681768682087;0.9999703175708152;0.9999709399116181;0.9999999999999999;1.0;0.9999798484003032;0.999993250314103;1.0;0.9999707627688934;0.9999996965526797;1.0001656816935407;0.9999856699829731;1.0;0.99999663129101;0.9996905704659391;0.9997152457763144;1.0;0.9998030885588598;0.9999833631276467;0.9993647625565046;0.9992021826887603;0.9998403182063741;0.9999999999999999;0.9999892724926028;1.0001429420155434;0.9999858936882502;0.9999889765767501;0.9999774039810136;0.9999987896950681;1.024999976158142;
2016-12-18 01:30:00;1.0;0.9999927140978179;0.9999813108914614;0.9999969342933347;0.9999938541245311;0.9999951699243176;1.0;0.9999823725400596;0.9999773143059866;0.9999981178172406;0.9999894743314335;0.9999999999999999;0.9999983170738875;0.9999999999999999;0.9999703234182273;0.9999724418721359;0.9999730148660003;1.0;0.9999999999999999;0.9999809735536517;0.9999927325589228;1.0;0.9999728351210773;0.999999716968829;1.0001621255839537;0.9999859264863511;1.0;0.9999969605690568;0.999706692108723;0.9997419013929593;1.0;0.999829358295224;0.9999844281581627;0.9994603167312631;0.9993235668373622;0.9998542223639035;1.0;0.9999900664615023;1.0001398958286942;0.9999867934751194;0.9999886922967831;0.9999789011778626;0.9999985717071757;1.024999976158142;
2016-12-18 01:45:00;1.0;0.999993507769448;0.9999853481214193;0.9999975701664283;0.9999959499258876;0.9999969270023267;1.0;0.999978784945811;0.9999847821161697;0.999998569994918;0.999990855132611;1.0;0.9999971056867264;1.0;0.9999587970356757;0.9999606799141995;0.9999615710531188;1.0;1.0;0.9999846720797148;0.999990695153779;0.9999999999999999;0.9999612622257898;0.999999434086919;1.0001612697723556;0.9999854447586967;1.0;0.9999980025961273;0.9997093995645295;0.9997447611177351;1.0;0.9998331792346629;0.9999891675863097;0.9994664379021394;0.9993314856882534;0.9998615274055985;1.0;0.9999908604325449;1.0001390671819608;0.9999908245745533;0.9999869551534164;0.9999839934410756;0.9999979640736679;1.024999976158142;
2016-12-18 02:00:00;1.0;0.9999933639693184;0.9999866764234175;0.9999976671143485;0.9999965000897088;0.9999973324768023;1.0;0.9999783066877194;0.9999869877229628;0.9999986321820555;0.999991280159534;1.0;0.9999973648311425;1.0;0.9999565752141858;0.9999585026802869;0.999959489545962;1.0;1.0;0.9999863357219477;0.999991640598497;0.9999999999999999;0.9999591662985698;0.9999993778139793;1.0001557386145226;0.9999866345413544;1.0;0.9999982318504159;0.9997200930115815;0.9997618812944975;1.0;0.9998683626092789;0.9999904280339234;0.9995715873281764;0.9994522053910618;0.9998956659069541;0.9999999999999999;0.9999904792909119;1.0001342373783764;0.9999918812140328;0.9999881619161102;0.9999857549366031;0.999998095464913;1.024999976158142;
2016-12-18 02:15:00;1.0;0.9999939426752927;0.9999896090642709;0.999998377533851;0.9999969880967288;0.9999979215805596;1.0;0.9999860172185749;0.9999891961381722;0.9999988245517197;0.9999936037931391;0.9999999999999999;0.9999981686135349;1.0;0.999972258344152;0.9999740204639295;0.9999746564845969;1.0;0.9999999999999999;0.9999895557195942;0.9999943788434239;1.0;0.9999744502882407;0.999999637589779;1.0001549258400508;0.9999906465857499;1.0;0.9999985941064155;0.9997378194574059;0.9997949920005131;1.0;0.9998751017509749;0.9999918479749983;0.9996274831771335;0.9995434473292154;0.9998779264704564;1.0;0.999990860432545;1.0001336663959453;0.9999930617687168;0.999991888202017;0.9999888627721293;0.9999985754502863;1.024999976158142;
2016-12-18 02:30:00;1.0;0.9999901125643256;0.999978522699237;0.9999965324081349;0.9999928609704319;0.9999945751836035;0.9999999999999999;0.9999800010171159;0.9999741304647327;0.9999976742495124;0.999987870047312;1.0;0.9999982622185026;1.0;0.99996551455466;0.9999683869305861;0.999969099175868;1.0;1.0;0.9999785845909527;0.9999925532025111;1.0;0.99996889206068;0.9999996789192398;1.0001548273175873;0.9999846544385463;1.0;0.9999965288176877;0.9997611318688607;0.9998206801955135;1.0;0.9998871080319757;0.9999817517058557;0.9996706899889296;0.9996053078778688;0.9998846120554715;1.0;0.999989685320429;1.0001334860389197;0.9999844924161116;0.9999880307613196;0.9999760302949116;0.9999983616057173;1.024999976158142;
2016-12-18 02:45:00;1.0;0.9999923521294253;0.9999870518832036;0.9999979925554745;0.9999959825000105;0.9999972048113155;1.0;0.9999849597971789;0.9999857562715798;0.999998484645163;0.999992299769471;1.0;0.9999982826176974;1.0;0.9999710087682221;0.9999732289135287;0.9999738944764726;1.0;1.0;0.9999872255546103;0.9999943893591978;1.0;0.9999736911481849;0.9999996582832621;1.000150633025282;0.9999896809500585;1.0;0.9999981269810505;0.9997777832583007;0.999845255980543;1.0;0.9999052960781081;0.9999893184952464;0.9997344307339608;0.9996915842957278;0.9998958836642788;1.0;0.9999912732606053;1.0001299134512645;0.9999909002513107;0.9999914965224861;0.9999860149469493;0.9999985285525934;1.024999976158142;
2016-12-18 03:00:00;1.0;0.9999945931749573;0.9999888919135648;0.999998029188749;0.9999967626869081;0.9999974710664091;1.0;0.9999847076055315;0.9999881598943297;0.9999988161627347;0.9999930346159046;1.0;0.9999985792124679;1.0;0.9999705353869115;0.9999721098627193;0.9999727768950644;1.0;1.0;0.9999889083994242;0.9999948559005865;1.0;0.9999725752198392;0.9999996148626878;1.0001497875818666;0.9999905601068855;1.0;0.9999983565431824;0.9997725517465865;0.999846843079961;0.9999999999999999;0.9999072812845017;0.9999914284332748;0.9997313076401889;0.999695250614308;0.999903975427014;0.9999999999999999;0.9999880973849139;1.0001292138804454;0.9999927199104789;0.9999922115143149;0.9999879669499674;0.9999988452791699;1.024999976158142;
2016-12-18 03:15:00;1.0;0.9999946651855094;0.9999821690316025;0.9999966352123937;0.9999945196066841;0.9999952061766235;1.0;0.9999787274085424;0.9999791992569675;0.9999983662188365;0.999989268175778;1.0;0.9999984933783711;1.0;0.9999627683976507;0.9999643205334159;0.9999650682510399;1.0;0.9999999999999999;0.9999817216837293;0.9999926017430975;1.0;0.9999648424624192;0.9999995533178244;1.000152284286224;0.9999856260005198;1.0;0.9999970456914639;0.9997820234383694;0.9998477333594865;1.0;0.9999069928435209;0.9999861646364776;0.9997401647399758;0.9996974683615374;0.9998971013166126;1.0;0.9999912732606053;1.0001313457776584;0.9999883019557327;0.9999884682005455;0.9999799003935841;0.9999988035669578;1.024999976158142;
2016-12-18 03:30:00;1.0;0.99999329048205;0.9999858188860119;0.999997440337042;0.9999960355439074;0.9999968608230622;1.0;0.9999788578425038;0.9999853459068843;0.9999985339958287;0.9999909120808647;1.0;0.999997891288979;1.0;0.9999587535433613;0.9999606967644183;0.9999616292853617;0.9999999999999999;1.0;0.9999856843577379;0.9999926333809079;1.0;0.9999613394468707;0.999999436136015;1.0001526914989598;0.999987143264552;1.0;0.9999979598210497;0.999758202384178;0.999827835299866;1.0;0.9998979986665395;0.9999894125964818;0.9997059579415408;0.9996537469327527;0.9998933474895831;1.0;0.999989685320429;1.0001316128176192;0.9999910175626264;0.9999891212897261;0.9999846863195482;0.999998380204641;1.024999976158142;
2016-12-18 03:45:00;1.0;0.9999919898587586;0.9999876971671665;0.9999978209837053;0.9999965350728609;0.9999974988082972;1.0;0.9999810897923108;0.9999878598352686;0.9999985012819185;0.9999919399758423;0.9999999999999999;0.9999983673907703;1.0;0.999961503500632;0.9999638254005446;0.9999647665216108;1.0;1.0;0.9999882261068437;0.9999946858708929;0.9999999999999999;0.9999644970872178;0.9999994774688448;1.000148309537853;0.9999897695552166;1.0;0.9999982861928579;0.9997751955619151;0.9998422360357218;1.0;0.9999117198540487;0.9999904774769649;0.9997354806322302;0.9996899374644709;0.9999144711843939;0.9999999999999999;0.9999912732606054;1.000127787956823;0.9999918772487439;0.9999917565111053;0.9999871733277484;0.9999985507004182;1.024999976158142;
2016-12-18 04:00:00;1.0;0.9999928579407178;0.999975672706805;0.9999956602190568;0.9999919672132163;0.9999931812450786;1.0;0.9999769707892034;0.9999697781632273;0.9999977379565371;0.9999862016077952;1.0;0.9999985277286007;1.0;0.999963108403937;0.9999651822387855;0.9999658491742652;0.9999999999999999;1.0;0.9999750980569095;0.9999914294027685;1.0;0.9999656524654126;0.9999996541515835;1.0001516912521702;0.9999821921741597;1.0;0.9999958159856909;0.9997639494432738;0.99983322056039;1.0;0.999910583184424;0.999980023520957;0.9997391046626107;0.9996897109804579;0.9999085929362872;0.9999999999999999;0.9999900664615023;1.0001308338141714;0.9999830970904029;0.9999861630760272;0.9999721718229505;0.9999986978164827;1.024999976158142;
2016-12-18 04:15:00;0.9999999999999999;0.999993435761693;0.9999883525945611;0.9999983223478999;0.9999962127012669;0.9999974140191658;1.0;0.9999886445332907;0.9999865116663306;0.9999986640283796;0.999993421595756;1.0;0.9999984767539565;1.0;0.999979065312848;0.9999809705574981;0.9999814255503071;0.9999999999999999;1.0;0.9999883535269725;0.9999950036706152;1.0;0.9999812789758806;0.9999997867068862;1.0001507460008725;0.9999909663849372;1.0;0.9999982861903295;0.9997690310918613;0.9998356330234892;0.9999999999999999;0.9998972731316198;0.9999900748053804;0.9996964203084557;0.9996466529195244;0.9998976568506063;0.9999999999999999;0.9999900664615023;1.000130108331907;0.9999915491628238;0.999992491771178;0.9999872080266642;0.9999987101305039;1.024999976158142;
2016-12-18 04:30:00;1.0;0.9999918469459118;0.9999872421300972;0.9999981571307008;0.9999961185859894;0.9999974798615535;1.0;0.9999847528302992;0.9999863368893055;0.9999984742215027;0.9999924173448415;1.0;0.9999978541111963;1.0;0.99996983928072;0.9999722090376488;0.999972907080727;1.0;1.0;0.999987316793291;0.9999936294799652;1.0;0.9999726817868779;0.9999996337857395;1.0001515469836664;0.9999891809145508;1.0;0.9999982675740581;0.9997607225167756;0.999830774083943;1.0;0.9999035692118198;0.9999895205649786;0.999719737541472;0.9996696401625835;0.9999007056947669;1.0;0.999990860432545;1.0001306909598136;0.9999910651654422;0.9999907166825021;0.9999863272960307;0.9999982579793719;1.024999976158142;
2016-12-18 04:45:00;1.0;0.9999924238797345;0.9999819872952571;0.9999967899539388;0.9999947203184464;0.9999957411036181;1.0;0.9999760205472045;0.9999803478547067;0.9999981946218698;0.9999888625983614;1.0;0.99999765203411;0.9999999999999999;0.9999548875791923;0.9999570854361566;0.9999580652983097;1.0;1.0;0.99998166997281;0.9999912228796348;1.0;0.9999577580714386;0.9999994140613607;1.0001505641444244;0.9999843530593973;0.9999999999999999;0.9999972787125824;0.9997524736530665;0.999832823527416;1.0;0.9999220754071986;0.9999861992325438;0.9997629793134859;0.9997224857174828;0.9999268917596889;1.0;0.9999892724926028;1.0001297442299322;0.9999883020586895;0.9999869025652643;0.9999802049680107;0.9999981882719834;1.024999976158142;
2016-12-18 05:00:00;1.0;0.9999908333331108;0.9999852558123109;0.9999974268002692;0.9999956974710873;0.9999968616983843;1.0;0.9999790369516445;0.9999848504637899;0.9999982291212911;0.9999905850789613;0.9999999999999999;0.9999982298689113;0.9999999999999999;0.99995809281354;0.9999607486996503;0.9999617598843321;1.0;0.9999999999999999;0.9999858229812926;0.9999939924306745;1.0;0.9999614720305205;0.9999994513236932;1.0001515387848077;0.999988169454416;1.0;0.9999978783580591;0.9997483592872805;0.999828341942254;1.0;0.9999094980406741;0.9999883497373152;0.9997439245474351;0.9997007041642063;0.9999020603959036;1.0;0.9999900664615025;1.0001305366639646;0.9999900677575226;0.999990571134187;0.9999844424031583;0.9999983955737105;1.024999976158142;
2016-12-18 05:15:00;1.0;0.9999931472733701;0.9999784563226523;0.9999962783101505;0.9999927767664544;0.9999940082665744;1.0;0.999980911194474;0.9999730369216182;0.9999979364543858;0.9999879784306002;1.0;0.99999867968788;1.0;0.9999699139375109;0.9999719051041855;0.9999724392822705;1.0;1.0;0.999978012096368;0.9999925892690895;1.0;0.9999722810195976;0.9999997454205769;1.0001547938894135;0.9999845450997266;0.9999999999999999;0.9999963014087261;0.9997485256938821;0.9998237720024449;1.0;0.9998961832330101;0.999982018090654;0.9996974353926108;0.9996474283999883;0.9998936863465263;1.0;0.9999896853204289;1.00013357142971;0.9999847712738619;0.9999880118426961;0.9999753593258147;0.9999988008382121;1.024999976158142;
2016-12-18 05:30:00;1.0;0.9999934357616931;0.999983564341952;0.999997213566661;0.9999947198793312;0.9999957981176241;0.9999999999999999;0.9999829831460277;0.9999805161787116;0.9999983351678648;0.9999905032623131;1.0;0.9999984883974955;1.0;0.9999703604024195;0.9999722656304842;0.9999728661179486;1.0;1.0;0.9999833515093183;0.9999935125175394;1.0;0.9999726826899086;0.9999996851628532;1.000152300268765;0.9999873967702843;1.0;0.9999973483139957;0.9997609598133643;0.9998406086066307;1.0;0.9999084734620426;0.9999865441415742;0.9997384099676959;0.9997030127779172;0.9999027494675847;0.9999999999999999;0.9999892724926028;1.0001313965279157;0.9999885872313299;0.9999898892233168;0.9999815784471442;0.9999987165262857;1.024999976158142;
2016-12-18 05:45:00;1.0;0.9999943032150426;0.9999760878722922;0.9999955762661611;0.9999924244908691;0.9999933076222866;1.0;0.9999744820504313;0.9999709400725927;0.9999979377196335;0.9999861017460369;1.0;0.9999980898180837;1.0;0.9999579452146231;0.9999595990315756;0.999960360330692;1.0;1.0;0.9999750764002641;0.9999900059272642;0.9999999999999999;0.9999601176548305;0.9999995396802606;1.0001536303463503;0.9999808891909924;1.0;0.9999959331372095;0.9997642512951945;0.9998382094739453;0.9999999999999999;0.9998979577093007;0.999981184171109;0.9996902542017075;0.9996483401377629;0.9999038865107838;1.0;0.9999900664615023;1.0001325076037724;0.9999841139960773;0.9999845508533955;0.9999725683733534;0.99999855813659;1.024999976158142;
2016-12-18 06:00:00;1.0;0.9999940873617794;0.9999853008699795;0.9999973992179179;0.9999957407895368;0.999996556257902;0.9999999999999999;0.9999801175917125;0.9999840320441173;0.9999985660098542;0.9999909130070372;1.0;0.9999979013629071;1.0;0.999962588696517;0.9999643094526197;0.9999651121845623;1.0;0.9999999999999999;0.9999848924177573;0.9999923433358736;1.0;0.9999648529201877;0.9999995100024368;1.0001529787364496;0.9999868074189066;1.0;0.9999978076983489;0.9997617513539989;0.999832677465679;1.0;0.9998989260764467;0.9999888663596688;0.9997051754218171;0.9996572209585665;0.9998966690778036;0.9999999999999999;0.9999896853204289;1.0001319263365962;0.9999905693588172;0.9999887634309005;0.9999838020705067;0.9999984388455341;1.024999976158142;
2016-12-18 06:15:00;1.0;0.9999910532656541;0.9999476990527392;0.9999900032513547;0.9999824825707947;0.999983925513405;1.0;0.9999533803002121;0.9999326059623221;0.9999955986065192;0.999970644649377;1.0;0.9999983424583149;0.9999999999999999;0.9999322326587909;0.9999348378721825;0.9999358619174931;1.0;1.0;0.9999457127428277;0.9999830852112398;1.0;0.9999355742279612;0.9999994419480414;1.0001606807541565;0.9999627246997983;1.0;0.9999903607093408;0.9997788005291537;0.9998516744137043;1.0;0.9999131439089227;0.9999575228934869;0.9997642143716402;0.9997302844580243;0.9998992415508677;1.0;0.9999896853204289;1.000138440269428;0.9999641620302675;0.9999718110641751;0.9999389318316114;0.9999984693055018;1.024999976158142;
2016-12-18 06:30:00;1.0;0.9999892477063362;0.9999429606872703;0.9999893709807443;0.9999808545518309;0.999982746624296;1.0;0.9999502819399751;0.999926564610098;0.9999951198572951;0.9999682280223512;0.9999999999999999;0.9999976737789286;1.0;0.9999276913169058;0.9999308247137544;0.9999319066085751;1.0;1.0;0.9999406776927785;0.9999807349795835;1.0;0.9999315868494499;0.9999994212551242;1.0001603025268653;0.9999588953285362;1.0;0.9999896058093437;0.9997790221927655;0.9998539994939759;1.0;0.9999178292740953;0.9999534151303519;0.9997621712161303;0.9997312086449647;0.9999146842192567;0.9999999999999999;0.9999892724926028;1.0001380704087854;0.9999606800567947;0.9999684543466846;0.9999334653106674;0.9999979766991202;1.024999976158142;
2016-12-18 06:45:00;1.0;0.9999898958685018;0.9999585153312782;0.9999925386729344;0.9999859408754801;0.9999877787121002;0.9999999999999999;0.9999650078515359;0.9999467898159704;0.9999962493966367;0.9999770567753152;1.0;0.999998182041219;0.9999999999999999;0.9999484685471244;0.9999514045474552;0.9999522133235661;1.0;1.0;0.9999572688795534;0.9999864613737637;1.0;0.9999519794352263;0.999999613774818;1.0001587942376966;0.9999707626559365;1.0;0.9999925654271039;0.9997771367261467;0.9998480049172489;1.0;0.9999066212406493;0.9999655301063328;0.9997398733001058;0.999701882402231;0.9998961955627375;0.9999999999999999;0.9999900664615022;1.000136877781087;0.9999708584988356;0.9999776853675735;0.9999519257410647;0.9999983024112328;1.024999976158142;
2016-12-18 07:00:00;1.0;0.9999890998451788;0.9999572168827503;0.9999924344836029;0.9999855598320693;0.9999875980216134;1.0;0.999963670550836;0.9999453907494393;0.999996113274021;0.9999763693986904;0.9999999999999999;0.9999976982577732;1.0;0.999945802588468;0.9999489643063477;0.9999498232039989;1.0;1.0;0.9999558023860409;0.9999852195083635;1.0;0.9999495618501832;0.9999995809941669;1.0001660769610872;0.9999692196915912;1.0;0.9999924323976114;0.9997745713111504;0.9998482576660648;0.9999999999999999;0.9998313915825158;0.9999644776486234;0.9994551389795319;0.999421264144369;0.9998638753500037;1.0;0.9999908604325449;1.0001431526714284;0.9999699651134057;0.9999761088377693;0.9999504872503615;0.9999979833700424;1.024999976158142;
2016-12-18 07:15:00;1.0;0.9999455223566771;0.9999358302047548;0.999992610185655;0.9999775442406821;0.9999875541810612;1.0;0.9999521481715106;0.9999256687958685;0.9999906205825633;0.9999655084499027;1.0;0.999992213826541;1.0;0.9999054529599098;0.9999212336385946;0.9999236567618829;1.0;1.0;0.9999397403080714;0.9999799375487038;1.0;0.9999229665636762;0.9999993328411887;1.0001676871998768;0.9999587428279421;1.0;0.9999908909376063;0.9997923413105492;0.9998620201863524;1.0;0.9998809169861772;0.999939573159303;0.9996428747358658;0.9996135341793672;0.999884956984819;1.0;0.9999892724926029;1.0001432851335994;0.9999481933222443;0.9999677881753698;0.9999319032017586;0.9999919637884114;1.024999976158142;
2016-12-18 07:30:00;1.0;0.9999623691998342;0.9999433471474758;0.9999918265352423;0.999980925266107;0.9999872950461831;1.0;0.9999492631099915;0.9999341458192719;0.9999926387000153;0.9999681716945168;1.0;0.9999945733667667;1.0;0.9999050735007422;0.999916013558755;0.9999182552058438;1.0;1.0;0.9999456044922234;0.9999820037418715;1.0;0.9999176317288169;0.9999991425460675;1.0001666360367036;0.9999617376235239;1.0;0.999991297070442;0.9997785200218102;0.9998442826883372;1.0;0.9998964042124784;0.9999497314181802;0.9996918638618634;0.9996470860906692;0.9998981479324572;1.0;0.999990479290912;1.000142687043261;0.9999570665415792;0.9999705851822567;0.9999387145999591;0.9999944129018571;1.024999976158142;
2016-12-18 07:45:00;1.0;0.9999414882411155;0.9999191981943215;0.9999889647993903;0.999972283657705;0.999982358515344;1.0;0.9999332727334443;0.9999057210713869;0.9999889213323347;0.9999553618759405;1.0;0.9999922122075382;1.0;0.999873858582155;0.9998908615304156;0.9998939320552742;1.0;0.9999999999999999;0.9999232338937301;0.9999758530084956;1.0;0.9998930928187373;0.9999989781975652;1.0001783198227174;0.9999474759878564;1.0;0.9999876427866565;0.9997531338596414;0.9998119948414022;1.0;0.9998716585455633;0.9999265729629019;0.9996089313851901;0.9995377234922157;0.9998802456752934;1.0;0.9999888913511111;1.0001521400987308;0.9999371992586067;0.9999600411309261;0.9999130933997507;0.9999916706311515;1.024999976158142;
2016-12-18 08:00:00;1.0;0.9999841859402478;0.999954468435873;0.9999923894620605;0.9999845014638069;0.9999874441017957;1.0;0.9999625201276464;0.9999425969140942;0.9999954606656216;0.9999750089189259;1.0;0.9999971598724805;1.0;0.9999419032831923;0.9999464902002821;0.9999475051265552;1.0;1.0;0.9999536639622533;0.9999847139360929;0.9999999999999999;0.9999472036158138;0.9999995696335888;1.0001691933054817;0.9999679953485141;1.0;0.9999921703316015;0.999743546075694;0.9997985440115571;1.0;0.9998282460708274;0.9999613262944917;0.9994523240888249;0.9993699155200498;0.9998563553613093;1.0;0.999989685320429;1.0001457122035384;0.9999672193625738;0.9999752219887643;0.9999479657570061;0.9999973478832783;1.024999976158142;
2016-12-18 08:15:00;1.0;0.9999867877005196;0.9999550142166876;0.9999925695995517;0.9999847587430112;0.9999875095798183;1.0;0.9999635899523276;0.999942722202271;0.999995807075581;0.9999755884887425;1.0;0.9999965484465678;1.0;0.9999453968209548;0.9999492297620981;0.9999500774081708;1.0;1.0;0.9999532599498712;0.9999827591280116;1.0;0.9999497860400972;0.9999996053659543;1.000171929905076;0.9999666349064795;1.0;0.9999923031454137;0.9997196904221912;0.9997544802835964;1.0;0.9997830569381149;0.9999622159267136;0.9992560926436247;0.9991280846641717;0.9998540456171274;1.0;0.9999888913511111;1.0001482018686463;0.9999680269490264;0.9999731861150115;0.9999480456185131;0.9999971928622029;1.024999976158142;
2016-12-18 08:30:00;1.0;0.9999867868112315;0.9999539838961035;0.999991689536245;0.9999849236657878;0.9999870527747781;1.0;0.9999554660223363;0.9999431569847641;0.9999957118575011;0.9999737646349868;1.0;0.9999971199368711;1.0;0.9999281646878332;0.9999319943178698;0.9999333003723696;1.0;1.0;0.9999528029698178;0.999983400924482;0.9999999999999999;0.9999329124440874;0.9999993039555705;1.0001697481752199;0.9999658763239577;1.0;0.9999920355927667;0.9997204942828349;0.9997559348762607;1.0;0.9998254029259507;0.9999625037386127;0.9994336296411906;0.999306347892598;0.999860526629456;0.9999999999999999;0.9999892724926027;1.0001461237285523;0.9999682808812824;0.9999733549599263;0.9999473707245531;0.9999975068275644;1.024999976158142;
2016-12-18 08:45:00;0.9999999999999999;0.999983824821431;0.9999612329001544;0.9999938727804559;0.999986748193812;0.99998980827286;0.9999999999999999;0.9999687798461728;0.9999516496678464;0.9999959010625159;0.9999788621466119;0.9999999999999999;0.9999970957234721;0.9999999999999999;0.9999500277828882;0.9999547196820745;0.9999556465525083;1.0;1.0;0.9999608727878574;0.9999867594062608;1.0;0.9999553666855555;0.9999996378548351;1.000173014442142;0.9999728394787906;1.0;0.9999935337111026;0.999680306172426;0.9997079767710602;1.0;0.9997931834471613;0.9999665578983934;0.999301838617177;0.9991371807530252;0.9998533755852037;1.0;0.9999892724926028;1.0001490472034098;0.9999716049051884;0.9999787692742821;0.999956102044243;0.9999972876715694;1.024999976158142;
2016-12-18 09:00:00;1.0;0.9999851268555923;0.9999259516850374;0.9999864590659018;0.9999746879437265;0.9999774544990933;1.0;0.9999407909192247;0.9999034576478376;0.9999934685034731;0.9999594881600821;1.0;0.999997330681413;1.0;0.9999176518784608;0.9999219715575509;0.9999231050078179;0.9999999999999999;1.0;0.9999231452113816;0.9999762141606374;1.0;0.999922775773394;0.999999469581954;1.0001842862449126;0.9999481644743161;1.0;0.9999863453222698;0.9996565510596521;0.9996774576783136;1.0;0.9997822591520991;0.9999384827708102;0.9992550641873552;0.9990649675851543;0.9998523771269593;1.0;0.9999896853204289;1.0001587239559075;0.9999480447246201;0.9999605998588647;0.999913449680974;0.9999975052268028;1.024999976158142;
2016-12-18 09:15:00;1.0;0.9999945931749572;0.9999228135006509;0.999984997367616;0.9999734193474165;0.9999746369918342;0.9999999999999999;0.9999409964485543;0.9998960618472187;0.9999940726338714;0.9999581309331866;1.0;0.9999988378909399;1.0;0.9999279686603906;0.999929543069176;0.9999301667721919;1.0;1.0;0.9999183570760737;0.9999758694522135;1.0;0.9999299857271888;0.9999996528309637;1.0001790825191603;0.9999460694337221;1.0;0.9999850274813543;0.9996923559869336;0.9997134671946194;1.0;0.999809427287276;0.9999369579522797;0.9993424690823985;0.9991748702823968;0.999874486755893;1.0;0.9999888913511111;1.000154555930237;0.9999469349682014;0.9999594724998124;0.9999078719332706;0.9999989869375873;1.024999976158142;
2016-12-18 09:30:00;1.0;0.9999930017403548;0.9999302915767262;0.9999866685137561;0.9999765116858467;0.9999779290336438;1.0;0.9999417839737175;0.9999082578448693;0.9999945687991324;0.999961646532148;1.0;0.9999974802833634;0.9999999999999999;0.9999217584793337;0.9999237876382333;0.9999247016760199;1.0;0.9999999999999999;0.9999261256031655;0.999975358972599;1.0;0.9999244027388492;0.9999994424349595;1.0001806058377667;0.999948734158415;0.9999999999999999;0.999986902275059;0.9996855145973114;0.9997086932581567;1.0;0.999788352378218;0.9999437512364223;0.9992853139484082;0.9991173515680772;0.9998500988220016;1.0;0.9999888913511111;1.0001557620787929;0.9999526387952699;0.9999601930617318;0.9999174018024951;0.9999981343214893;1.024999976158142;
2016-12-18 09:45:00;0.9999999999999999;0.9999930025866854;0.9999332183343861;0.9999875682712757;0.9999771108112494;0.9999788152702969;1.0;0.9999490627608252;0.9999109101693906;0.9999947421494448;0.9999640130533364;1.0;0.9999975923542073;1.0;0.999935762333872;0.9999377947781009;0.9999383933542819;1.0;1.0;0.999929094206606;0.9999767020239597;0.9999999999999999;0.9999381793873586;0.9999996676573858;1.0001825605359769;0.9999516525487482;1.0;0.9999874116995231;0.9996773409862348;0.9997034075214297;1.0;0.999772388253655;0.9999452788027844;0.9992233965213344;0.9990550408696087;0.9998442736110074;1.0;0.9999888913511112;1.0001575748883318;0.9999539068284458;0.9999624131580844;0.9999205826584101;0.9999981949534141;1.024999976158142;
2016-12-18 10:00:00;1.0;0.999991122707746;0.9999133302181893;0.99998338995037;0.9999702972915877;0.9999720768908807;1.0;0.9999324432516913;0.9998844771501917;0.9999930750691515;0.9999528377873382;1.0;0.9999980098409701;1.0;0.9999139025000539;0.999916475579272;0.9999173600531923;1.0;1.0;0.9999086145398489;0.9999721199128536;0.9999999999999999;0.9999170955212852;0.9999995255696984;1.0001818748119358;0.9999388659163054;1.0;0.9999833879162836;0.9997074658321797;0.9997421534824265;1.0;0.999803875292086;0.9999290811348668;0.9993260401593835;0.9991891387795724;0.9998689792723354;1.0;0.999988097384914;1.000156820337491;0.9999402594652339;0.9999536613096268;0.9998971036686969;0.9999982946435054;1.024999976158142;
2016-12-18 10:15:00;1.0;0.9999909062309262;0.9999247527980256;0.9999859543916657;0.9999739922352017;0.9999760262907863;1.0;0.9999439520692922;0.9998993245233165;0.9999938983868082;0.9999594982409673;1.0;0.9999979886013025;1.0;0.9999301137352514;0.9999327504653501;0.9999334121488648;1.0;1.0;0.9999207207902163;0.9999757313238428;0.9999999999999999;0.9999332047914388;0.9999996860615828;1.0001813698168964;0.9999472690520733;1.0;0.9999857096191475;0.9996997781019099;0.999731778127827;1.0;0.9997902882236462;0.9999377693776814;0.9992894077282295;0.9991440616786162;0.9998531222565994;1.0;0.9999892724926028;1.00015647424157;0.9999475468004917;0.9999598645687718;0.9999107024062641;0.9999982677998929;1.024999976158142;
2016-12-18 10:30:00;1.0;0.9999940864782809;0.9998956480828742;0.9999810548079617;0.9999664071519118;0.9999686556032136;1.0;0.9999052461769613;0.9998654986814874;0.9999926687929735;0.9999427424562309;0.9999999999999999;0.9999893263525222;1.0;0.9998656377621586;0.9998673551061138;0.9998688408676188;1.0;1.0;0.9998846621860756;0.9999459367515299;1.0;0.9998680926960976;0.9999987441650653;1.000191743082565;0.9999088034422302;1.0;0.9999814409447674;0.9996955375368821;0.9997394437775329;1.0;0.9997831719655853;0.9999191418249654;0.9992631383580988;0.9991333923728044;0.999849616734849;1.0;0.9999892724926028;1.0001653252361544;0.9999321142574578;0.9999214706287842;0.9998755052838725;0.9999937400011764;1.024999976158142;
2016-12-18 10:45:00;1.0;0.9999910509178462;0.9999134390821292;0.9999870830232835;0.9999746165199106;0.9999786959502909;1.0;0.9999091063659838;0.9998960394427706;0.999994224146239;0.9999528425023165;1.0;0.9999784241298256;0.9999999999999999;0.9998523656996386;0.999854960882538;0.9998568237849784;1.0;1.0;0.9998984556742331;0.9999273996976579;1.0;0.9998555920277684;0.9999981885339355;1.000198468299976;0.999901836194357;1.0;0.9999870785170868;0.9996975180401596;0.9997408146414383;1.0;0.9997650484901832;0.9999366504561582;0.9991899096026294;0.9990609664671545;0.9998449864391091;1.0;0.9999892724926028;1.0001711430448066;0.9999469175325428;0.9999046001749714;0.9998972837101113;0.9999875551196563;1.024999976158142;
2016-12-18 11:00:00;1.0;0.9999913402504911;0.9999183465414462;0.9999863109294451;0.9999740339427008;0.9999770285464229;0.9999999999999999;0.9999258655699684;0.9998965353564282;0.9999940536827125;0.9999557265709439;1.0;0.9999883832917035;1.0;0.9998907116424517;0.9998932242490632;0.9998944841237873;0.9999999999999999;1.0;0.9999088141667559;0.999951630500973;1.0;0.9998937701850176;0.9999989366353206;1.0001987638263816;0.9999242287278963;1.0;0.9999862255126123;0.9996123466361521;0.9996206793977122;1.0;0.9997094336719841;0.999936639264101;0.9989646737219131;0.9987285856440635;0.9998311017390004;1.0;0.9999892724926027;1.0001714660638346;0.9999467583347633;0.9999321476677205;0.9999030436529509;0.9999930332072062;1.024999976158142;
2016-12-18 11:15:00;0.9999999999999999;0.9999927132538403;0.999924377367171;0.9999869215931844;0.999975220060655;0.999977724468397;1.0;0.9999364452981255;0.99990192213434;0.9999944231690161;0.9999593242782708;1.0;0.9999919309360426;0.9999999999999999;0.9999120421698492;0.9999141572433906;0.9999150440496117;1.0;1.0;0.999916720116904;0.9999612302375678;0.9999999999999999;0.999914550103302;0.9999992833908926;1.0001924547976369;0.9999349913215874;0.9999999999999999;0.9999867205480757;0.999654738948707;0.9996818219404517;1.0;0.999720911101212;0.9999400949734394;0.9990177500951403;0.9988374588444827;0.99982950271474;1.0;0.9999892724926028;1.0001661172089933;0.9999496309792708;0.9999438445426557;0.9999099276342988;0.9999950724884185;1.024999976158142;
2016-12-18 11:30:00;1.0;0.9999892436820168;0.9999111314572098;0.9999853152114995;0.9999720554449715;0.99997553034574;1.0;0.9999171677417681;0.9998886536419084;0.9999934163149984;0.9999516607248312;1.0;0.9999861293276204;0.9999999999999999;0.999874685440497;0.999877802333896;0.9998793348629584;1.0;0.9999999999999999;0.9999004306497977;0.9999448768052039;1.0;0.9998784768482996;0.9999987202883233;1.0002003481315824;0.9999154482588678;0.9999999999999999;0.9999852282104712;0.9996793720191007;0.9996928795869438;1.0;0.9997114938849657;0.9999314280521764;0.9989881547807895;0.9988037361519919;0.99982137198221;0.9999999999999999;0.9999884785248685;1.0001727277261645;0.9999423729261965;0.999923417042167;0.9998947778195598;0.999991653551164;1.024999976158142;
2016-12-18 11:45:00;1.0;0.9999922065934941;0.9999276952387438;0.9999869224301761;0.9999759207868758;0.9999779983807243;1.0;0.9999399188070066;0.9999055543906767;0.9999944557945879;0.9999607341420252;1.0;0.9999948047191476;0.9999999999999999;0.9999180186731066;0.9999202767889527;0.9999211727745471;0.9999999999999999;1.0;0.9999219908143552;0.9999688390468697;1.0;0.9999207836239836;0.9999993849440005;1.000190956431325;0.9999425533965286;0.9999999999999999;0.9999868931126021;0.9996618754761529;0.9996718926458223;0.9999999999999999;0.9996858420650058;0.999941991213233;0.998869447779256;0.9986685531485594;0.9998249855755674;1.0;0.9999884785248686;1.0001647578202804;0.9999511760624498;0.9999527162647447;0.9999141864979827;0.9999966133233223;1.024999976158142;
2016-12-18 12:00:00;1.0;0.9999953159433119;0.9999597031001826;0.9999925812772401;0.9999875872801306;0.9999885669672568;1.0;0.9999563100085617;0.9999505712807607;0.999997073441885;0.9999768494458585;1.0;0.9999952973049819;1.0;0.9999302762898701;0.9999316406670884;0.9999327245782046;0.9999999999999999;1.0;0.9999560261041891;0.9999783124283879;1.0;0.9999322931103105;0.9999991960298555;1.0001837605178023;0.999963622619128;1.0;0.9999931966290607;0.9996587293656077;0.9996718875057545;0.9999999999999999;0.9996856311339165;0.999969584219671;0.9988854463969243;0.9986877065575774;0.9998135366289015;1.0;0.9999892724926029;1.0001585103026667;0.9999744373945786;0.9999685847000257;0.9999528035511991;0.9999970967030026;1.024999976158142;
2016-12-18 12:15:00;1.0;0.9999911956046698;0.9999610130202388;0.9999932958084194;0.9999873576158937;0.9999891916067548;1.0;0.9999634466456792;0.9999513773288388;0.9999966967720227;0.9999782786436175;1.0;0.9999961241635862;0.9999999999999999;0.9999428238526641;0.9999453779244402;0.999946279841087;1.0;1.0;0.9999585882396792;0.9999820646375833;1.0;0.9999459415480995;0.9999994476853521;1.0001830106864602;0.999968058852091;1.0;0.9999934265351146;0.9996655777332523;0.999684155193716;1.0;0.9996750395112044;0.9999687289482155;0.9988408903432955;0.9986561094003527;0.9998120300575627;1.0;0.9999896853204289;1.0001578470490537;0.9999736078045873;0.9999732511535471;0.9999547694339415;0.9999972657521808;1.024999976158142;
2016-12-18 12:30:00;0.9999999999999999;0.9999869306043692;0.9999547883555582;0.9999924131896949;0.9999851525739013;0.9999877299911354;0.9999999999999999;0.9999588165776121;0.9999438368212327;0.9999958656041789;0.9999748889361021;0.9999999999999999;0.9999957454784851;1.0;0.9999345550634929;0.9999383401277762;0.9999394407238515;1.0;0.9999999999999999;0.9999527167265835;0.999980644648312;1.0;0.9999390544969174;0.9999993968134506;1.0001922525054168;0.9999643940554244;1.0;0.9999924312450245;0.9996487874377282;0.9996551440139464;1.0;0.9995879693513323;0.9999629755378864;0.998517949965016;0.998307009462377;0.9997702154321025;1.0;0.9999900664615023;1.0001656964830652;0.9999686904419436;0.999970663442956;0.9999480046681236;0.9999967642391877;1.024999976158142;
2016-12-18 12:45:00;1.0;0.9999872222997449;0.9999628926577966;0.9999942822953126;0.9999875713835078;0.9999903438341234;1.0;0.9999693779556813;0.999953588639839;0.9999964401725184;0.9999799508511924;0.9999999999999999;0.9999959760045817;1.0;0.9999518191933603;0.9999555314643136;0.9999563201920748;1.0;1.0;0.9999612364924764;0.9999837228817394;1.0;0.9999560213174147;0.9999996176873861;1.000189596013677;0.9999709607641429;1.0;0.9999939657380056;0.9996310699300466;0.9996396129586178;0.9999999999999999;0.9995783588144198;0.9999687885821017;0.9984465969456638;0.998226946398882;0.999789743893234;1.0;0.9999900664615023;1.0001635220424088;0.999973565480746;0.9999757008145409;0.9999574333195035;0.9999969079606857;1.024999976158142;
2016-12-18 13:00:00;1.0;0.9999880159648391;0.9999576305360517;0.999992940728304;0.9999857539737809;0.9999882311648444;0.9999999999999999;0.9999647359022842;0.9999462714389458;0.9999961030512109;0.9999768899502298;1.0;0.9999966016113745;1.0;0.9999466274446739;0.9999501041481957;0.99995093801046;1.0;0.9999999999999999;0.999955831775124;0.9999832536553873;1.0;0.9999506472550337;0.9999995869001894;1.0001938442749954;0.9999680444851252;1.0;0.9999927603112326;0.9996225993438509;0.9996250452379911;1.0;0.9995821550033944;0.9999646939246871;0.9985020744463222;0.9982687772566778;0.9997635858983995;1.0;0.999989685320429;1.0001671799247152;0.9999701357557723;0.9999741409355366;0.9999510409596951;0.9999973070819274;1.024999976158142;
2016-12-18 13:15:00;0.9999999999999999;0.9999883053360735;0.9999451722222422;0.999990543338788;0.9999828052038117;0.9999852015179965;1.0;0.9999436034900779;0.999933156543664;0.9999954910236171;0.9999689371165078;0.9999999999999999;0.9999931752099439;1.0;0.999908146379293;0.9999115402601197;0.9999130504835709;1.0;0.9999999999999999;0.9999410099984699;0.9999712839098979;1.0;0.9999124598861809;0.9999989938149182;1.0002050622266938;0.9999517905141516;1.0;0.9999909872463755;0.9995871869182362;0.9995781336283927;1.0;0.9995243170873651;0.9999572184248651;0.9982779600218916;0.9980069204481333;0.9997423616047826;1.0;0.9999908604325449;1.000176686715802;0.9999639335673697;0.9999583824963675;0.9999365088480194;0.9999954489526168;1.024999976158142;
2016-12-18 13:30:00;1.0;0.9999879450575286;0.9999450310133837;0.9999922854001154;0.9999842269839188;0.9999878589956612;1.0;0.9999373892793431;0.9999368211313695;0.999995926791567;0.9999693612558181;1.0;0.9999852337795161;1.0;0.9998904636277073;0.9998939656438535;0.9998956843391746;1.0;1.0;0.9999366311710368;0.9999532941714004;1.0;0.9998947510898516;0.9999985898677048;1.0001979060956976;0.9999371911922507;0.9999999999999999;0.999992471052775;0.9996503626046266;0.9996646152657033;1.0;0.9996179195148406;0.9999595564138738;0.9986267777762178;0.9984276121252106;0.9997861059948818;1.0;0.9999908604325448;1.0001705581754703;0.9999660019758122;0.999938780471259;0.9999361809326754;0.9999910707413123;1.024999976158142;
2016-12-18 13:45:00;0.9999999999999999;0.9999856302966522;0.999927657225406;0.9999914139900032;0.9999798387664144;0.9999855729447463;1.0;0.9999199625547959;0.9999175159666255;0.9999950051933321;0.9999611765109111;0.9999999999999999;0.9999746209404798;1.0;0.9998595243395049;0.9998636876680315;0.9998656162241796;1.0;0.9999999999999999;0.9999126919144812;0.9999248730861807;1.0;0.9998642499145177;0.9999981436734884;1.000205609302807;0.999906860332042;1.0;0.9999909309437677;0.9996526741646995;0.9996590241866965;1.0;0.9996547865256725;0.9999477929637475;0.9987539568343551;0.9985425184987237;0.9998102499248085;0.9999999999999999;0.999991654403775;1.0001772853819546;0.9999562121875136;0.9999047775663706;0.9999150798014598;0.999985096113074;1.024999976158142;
2016-12-18 14:00:00;1.0;0.9999885938199483;0.9999516634215064;0.9999931980309735;0.9999855182883902;0.9999888607492734;1.0;0.999949996698924;0.9999428503633495;0.9999962337796926;0.9999735646614619;1.0;0.9999885054551952;1.0;0.9999152323339114;0.9999185403041212;0.999919813776557;1.0;1.0;0.9999451099354121;0.9999627665017136;1.0;0.9999191117181447;0.9999989953386331;1.0001948784932815;0.9999483209615054;1.0;0.9999930903048857;0.9996370082086008;0.9996455367141298;1.0;0.9996385694868579;0.9999631671519058;0.9987040777240278;0.9984868133814301;0.9997955451789209;1.0;0.9999912732606054;1.00016806525549;0.9999689898543029;0.9999505203741877;0.9999437887336602;0.9999929102039568;1.024999976158142;
2016-12-18 14:15:00;1.0;0.9999882326999165;0.9999577594820697;0.9999933863791097;0.9999865898247595;0.999989266751355;1.0;0.9999594854192847;0.9999486040164558;0.999996321826917;0.9999766692186541;1.0;0.9999936752708318;1.0;0.9999335230610231;0.999936936034652;0.9999380160552056;1.0;1.0;0.9999544616598944;0.9999764595207379;1.0;0.9999375542365373;0.9999993121130795;1.0001878180350823;0.9999622683360889;1.0;0.9999933535664376;0.9996402484744608;0.9996536554545571;0.9999999999999999;0.9996600763631635;0.9999662643272687;0.9987926286042826;0.998584100794581;0.9997999081269721;1.0;0.9999916544037751;1.0001619314508896;0.9999715090111527;0.9999666244796639;0.9999512902159401;0.9999957184861348;1.024999976158142;
2016-12-18 14:30:00;1.0;0.9999862807478724;0.9999433004453172;0.9999926725466823;0.9999838460685009;0.9999881806265668;1.0;0.999936544387177;0.9999353174841508;0.999995746358469;0.9999688937731602;1.0;0.9999829075696368;1.0;0.9998878679603143;0.9998918437928515;0.999893561908008;1.0;1.0;0.9999338037667058;0.9999481057779385;0.9999999999999999;0.9998925501659187;0.9999985524317067;1.0001958799731345;0.9999325283285823;1.0;0.9999925689678945;0.9996422114672641;0.9996413108945076;1.0;0.9996703169622082;0.9999582246568475;0.9988141566394403;0.9985843369174071;0.9998159409064268;1.0;0.9999904792909121;1.000168819855603;0.9999648758533977;0.9999329299649133;0.9999341674357438;0.9999896826442678;1.024999976158142;
2016-12-18 14:45:00;1.0;0.9999883061797579;0.9999498023799165;0.9999935486157154;0.9999862716497703;0.9999900162267525;1.0;0.9999389109282936;0.9999443174079057;0.999996382188285;0.9999719714345565;1.0;0.9999834317876749;0.9999999999999999;0.9998893151069581;0.9998927121805894;0.9998944770803014;0.9999999999999999;1.0;0.9999406848836758;0.9999505332225447;0.9999999999999999;0.9998934646294929;0.9999984907015281;1.0001954960394472;0.9999369977241672;1.0;0.9999937125340778;0.9996236443327183;0.9996371919363013;0.9999999999999999;0.999683746930802;0.9999641636187445;0.9988850682337014;0.998665190539547;0.9998081128156013;1.0;0.9999908604325448;1.0001684957720434;0.9999699070054964;0.9999366071327743;0.9999418632201853;0.9999901081977569;1.024999976158142;
2016-12-18 15:00:00;1.0;0.9999883796888567;0.9999318221401411;0.9999916222669006;0.9999831002453357;0.9999877611460645;0.9999999999999999;0.9999055344480497;0.9999281283264044;0.9999957452201391;0.9999612504882964;1.0;0.999971784042711;1.0;0.9998239820571068;0.9998273631501695;0.999830149315408;1.0;1.0;0.9999156258058743;0.9999182080254382;1.0;0.9998284488660156;0.9999973846675076;1.0002058276898171;0.9999015742959144;0.9999999999999999;0.9999922602711179;0.999641094698708;0.9996460408050281;1.0;0.999708390820839;0.9999551092955962;0.9989763394289155;0.9987540875742127;0.9998200750757273;1.0;0.9999888913511112;1.0001772329096341;0.9999624949606795;0.9998975595308042;0.9999206198871875;0.9999837280186088;1.024999976158142;
2016-12-18 15:15:00;1.0;0.9999851259731262;0.9999274579503783;0.9999888498135124;0.9999776491506643;0.9999817582249139;1.0;0.9999280570073013;0.9999120173178537;0.9999942931036895;0.9999601878685754;1.0;0.9999862949941939;1.0;0.9998827885060724;0.999887104789097;0.9998888176828297;1.0;1.0;0.9999189831109424;0.9999514384504795;1.0;0.9998879358856743;0.9999986974371196;1.0001965003212951;0.9999282465494933;1.0;0.9999888020434079;0.9996442449818048;0.9996590926451258;1.0;0.999688571538176;0.9999439758142052;0.9989033939547262;0.9986987804351645;0.9998101375242093;1.0;0.9999916544037751;1.000169270419391;0.9999528311321036;0.9999336678890872;0.999915319617126;0.9999914579846155;1.024999976158142;
2016-12-18 15:30:00;1.0;0.999983680136728;0.9999416464369782;0.9999916215849539;0.9999819047864068;0.9999861337601013;1.0;0.999943480179724;0.9999300000274923;0.9999950548480424;0.9999682298466415;1.0;0.9999882543070315;0.9999999999999999;0.9999054957284946;0.9999102287631254;0.999911692961593;1.0;1.0;0.999935376616318;0.9999606948588279;1.0;0.999910952279922;0.9999989702987624;1.0001916219466973;0.9999425546625285;1.0;0.9999913326975541;0.999627517097566;0.9996347373521546;1.0;0.9996732594190539;0.9999540647155982;0.9988117670973937;0.9985843571569293;0.9998263646223793;1.0;0.9999908604325449;1.0001650924915724;0.9999612406226444;0.9999465786628351;0.9999325174451512;0.9999924322855005;1.024999976158142;
2016-12-18 15:45:00;1.0;0.9999785486651342;0.999902309081244;0.999980103134929;0.9999719961998158;0.9999732968047323;1.0;0.999865556552249;0.9998901965318971;0.9999915820349552;0.999938844453617;1.0;0.9999895247555994;1.0;0.9997595328821538;0.9997657506058281;0.9997705613296579;0.9999999999999999;1.0;0.9998974073362317;0.9999510606425516;1.0;0.9997690302539112;0.9999967829754892;1.0002050396426716;0.9999121184036808;0.9999999999999999;0.9999835366685055;0.9996453828636911;0.999656396600438;1.0;0.9996998766351954;0.9999292538401244;0.9989519430464134;0.9987420016466342;0.9998110799731988;1.0;0.9999912732606054;1.0001752343209889;0.9999404014023505;0.9999267059790582;0.9998896061919392;0.9999927737720692;1.024999976158142;
2016-12-18 16:00:00;1.0;0.9999889551997905;0.9999104597501653;0.9999791282495661;0.9999787627801021;0.9999763299261215;1.0;0.999830334342425;0.9999111418616384;0.9999934507026926;0.999937569962043;1.0;0.9999862101260344;1.0;0.9996787119306293;0.9996819141273229;0.9996886528147338;1.0;1.0;0.9999035653382441;0.9999411592135351;1.0;0.999686465301722;0.9999950709317479;1.0002075190913855;0.9999031237877478;1.0;0.9999856132827176;0.9996573247851337;0.9996677592941995;1.0;0.9996952172514579;0.9999452089888481;0.9989360668268478;0.998733107771015;0.9998078766286422;1.0;0.999990860432545;1.0001768543520861;0.9999541704263808;0.9999155139076878;0.999900196601218;0.9999916774336652;1.024999976158142;
2016-12-18 16:15:00;1.0;0.9999840421007489;0.9999194513095263;0.9999850495182413;0.9999758873542184;0.9999782115315757;1.0;0.9999038851383685;0.9999052742399371;0.9999934288925669;0.9999522736870116;1.0;0.9999898526657042;1.0;0.9998357162580307;0.999840347285825;0.9998433148880912;0.9999999999999999;1.0;0.9999135287326866;0.9999565118762342;1.0;0.9998422462126404;0.9999979604095195;1.0001980638127803;0.9999266227069044;1.0;0.9999867022126939;0.9996106166292911;0.9996107413735452;1.0;0.9996957929863409;0.9999396721271765;0.9989264889267958;0.998677310146033;0.9998160917056798;0.9999999999999999;0.9999884785248687;1.0001700374110154;0.9999491975851394;0.9999368214355168;0.9999074605422849;0.9999933326081049;1.024999976158142;
2016-12-18 16:30:00;1.0;0.9999813711506937;0.9998764473107717;0.9999847797357779;0.9999713168608763;0.999978804964762;1.0;0.999816914889698;0.9998746676360908;0.9999922045729022;0.9999288739832652;1.0;0.9999430575234217;1.0;0.9996525089595795;0.9996579249150306;0.9996634926116462;1.0;1.0;0.9998435145342359;0.9998370147773374;1.0;0.9996600565800419;0.9999946444645116;1.0002331784899319;0.9998085067175858;1.0;0.9999861620110077;0.9996710733361576;0.9996792428553211;1.0;0.9997227386954406;0.9999225545345847;0.9990290193430545;0.9988303997743565;0.9998272534698384;1.0;0.999989685320429;1.0002000934848418;0.9999354750891214;0.9997978042765305;0.9998561723661901;0.9999674969242178;1.024999976158142;
2016-12-18 16:45:00;0.9999999999999999;0.9999818769483922;0.9998277165157744;0.9999703602072283;0.9999467068785398;0.9999518507521207;1.0;0.9998315359030567;0.9997861489115132;0.9999869885186651;0.9999049421046337;1.0;0.9999729918776551;1.0;0.9997402275494799;0.9997454977196466;0.9997488644032709;1.0;0.9999999999999999;0.9998064524434565;0.9998913174379731;1.0;0.9997470852042655;0.9999971727012444;1.0002326780466522;0.9998333887430902;1.0;0.9999706979644452;0.9996187438071831;0.9996356436057718;1.0;0.9996652849149607;0.9998691410959096;0.9988243539584912;0.9986074499981438;0.9997939618604946;1.0;0.9999900664615026;1.0001999851992824;0.9998901163280932;0.9998490460722758;0.9997962033935098;0.9999839390238665;1.024999976158142;
2016-12-18 17:00:00;1.0;0.9999724834932534;0.9998935036590904;0.9999804761955468;0.9999672738450995;0.9999711286469818;1.0;0.9998805055614941;0.9998740495079074;0.9999903109853756;0.9999375615893921;1.0;0.999988289773937;1.0;0.9997959390731852;0.9998039354863419;0.9998077309257003;1.0;1.0;0.9998877739181522;0.9999483973491425;1.0;0.999806439041637;0.9999976010736064;1.000206964780062;0.9999086668880511;1.0;0.9999820199208915;0.9996213514871872;0.9996463170443689;1.0;0.9997204621340995;0.9999177353410078;0.9990375964917219;0.9988327161359281;0.9998146434011936;0.9999999999999999;0.9999896853204291;1.0001772102457582;0.9999305558257081;0.9999232663194277;0.9998784850905295;0.9999916721900517;1.024999976158142;
2016-12-18 17:15:00;1.0;0.9999784074730017;0.9998812680644719;0.9999747130011812;0.9999669686133807;0.9999669992558968;1.0;0.9998259769193588;0.9998686122566731;0.9999900859379521;0.9999240865319314;1.0;0.9999871807646826;1.0;0.9996865946348903;0.9996928662311821;0.9996991672745479;1.0;1.0;0.9998746496632398;0.9999384216881566;0.9999999999999999;0.9996971693473188;0.999995666077404;1.0002122013256847;0.9998900828478572;1.0;0.9999797263824229;0.9995841648241401;0.9996220853371915;1.0;0.999723582336921;0.9999166838141672;0.9990285485896427;0.9988184880540733;0.9998300739839746;1.0;0.9999841789311031;1.0001808560092484;0.9999299282811436;0.9999080500251213;0.9998657848043061;0.9999914761938155;1.024999976158142;
2016-12-18 17:30:00;1.0;0.9999797806562228;0.9998838476118883;0.9999766346884237;0.9999649505897849;0.9999664231146952;1.0;0.9998601397297963;0.9998624001923844;0.9999902055011002;0.999930083473527;1.0;0.9999900180414903;1.0;0.9997638377861742;0.9997697122766309;0.9997740694168531;1.0;1.0;0.9998773307877391;0.999946539198889;1.0;0.9997726678872428;0.9999970898340541;1.0002134574587218;0.9999008639735594;1.0;0.9999794892313636;0.9995963272180078;0.9996157647240296;0.9999999999999999;0.9996896708092309;0.9999131313954113;0.998917053190772;0.9986887206456982;0.9998041775102602;0.9999999999999999;0.9999799211750422;1.0001826869238333;0.999926853661257;0.9999186324596261;0.999866586903076;0.9999931261689022;1.024999976158142;
2016-12-18 17:45:00;1.0;0.9999872934660997;0.9999055046099239;0.9999821836002796;0.9999710830147096;0.9999729871864665;0.9999999999999999;0.9998956727960564;0.9998852684516394;0.9999926271326091;0.9999452072829874;1.0;0.9999893560576343;0.9999999999999999;0.999830868589442;0.9998345548296645;0.9998373088129907;1.0;1.0;0.9998974883066084;0.9999501970912503;1.0;0.9998362637541729;0.9999980149487151;1.0002049508658923;0.9999152557925317;1.0;0.9999836662522548;0.999625709090466;0.9996307730529645;1.0;0.9997019034926066;0.9999288455478992;0.9989726836651;0.9987411630069524;0.9998031016533556;0.9999999999999999;0.9999793607997015;1.0001761256574435;0.9999401687562637;0.9999273516638478;0.9998898646095454;0.9999932861305538;1.024999976158142;
2016-12-18 18:00:00;1.0;0.9999870049809728;0.9998644968918463;0.9999814567182277;0.9999644494401659;0.9999711775091097;0.9999999999999999;0.9998308277806536;0.9998487635957254;0.999991504564338;0.9999245815480525;1.0;0.9999514315424036;1.0;0.9997016803353911;0.9997054520157549;0.9997096438074052;1.0;1.0;0.9998332806900883;0.9998513121457792;1.0;0.9997068437492591;0.9999957532111536;1.0002364513752715;0.999816100651698;0.9999999999999999;0.9999820398933378;0.9996092787170626;0.999608562759532;1.0;0.9996712921803044;0.9999085732464318;0.9988495549032886;0.9985998722714596;0.9997949308826243;0.9999999999999999;0.9999780259050224;1.000203428578808;0.9999236850964953;0.999811749363383;0.9998397901418743;0.9999724796880489;1.024999976158142;
2016-12-18 18:15:00;1.0;0.9999833907675272;0.9998726505536856;0.9999819718511854;0.9999665032459681;0.9999727370259831;1.0;0.9998377047980237;0.9998591332413792;0.9999913859114035;0.9999281174730824;0.9999999999999999;0.9999563567760611;1.0;0.9997100290148033;0.9997148437967138;0.9997192127346852;1.0;1.0;0.999845645086085;0.9998660352696073;1.0;0.9997165619981813;0.9999958770030637;1.000238229530348;0.9998315640487555;1.0;0.9999828336995459;0.9996124896679307;0.9996069735924923;1.0;0.9996363147849104;0.9999134340316123;0.9986996807432564;0.9984455593827617;0.9997917401044479;1.0;0.9999788198537624;1.0002047415356952;0.9999276323937416;0.9998292261653725;0.9998506409632494;0.9999749301353189;1.024999976158142;
2016-12-18 18:30:00;1.0;0.9999828144297018;0.9998791454894154;0.999980876712286;0.9999650444132823;0.9999701342917061;1.0;0.9998636768216436;0.9998580610126732;0.9999911577401246;0.9999321386267552;0.9999999999999999;0.999971787312109;1.0;0.9997698848870405;0.9997748751213925;0.9997782988798571;1.0;1.0;0.9998607698267775;0.9999037995000567;0.9999999999999999;0.9997764571596552;0.9999970693293525;1.000225674085965;0.999866165740176;1.0;0.9999815999688765;0.999633322255444;0.9996359102929558;1.0;0.9996396196890351;0.9999120103165631;0.9987303929760618;0.998502431056696;0.9997808699561807;1.0;0.9999785668500218;1.0001940023017133;0.9999261795860667;0.9998720267946168;0.9998583308819395;0.9999833457357303;1.024999976158142;
2016-12-18 18:45:00;1.0;0.9999659818065908;0.9998641375261914;0.9999767153500068;0.9999577750449702;0.9999638763551039;1.0;0.999860000976866;0.9998368212390402;0.9999877557225394;0.9999229579351934;1.0;0.9999814553723483;0.9999999999999999;0.999766714849852;0.9997766036877;0.9997805846946738;1.0;1.0;0.9998539033172781;0.9999261921594365;1.0;0.999779021065533;0.9999973973234886;1.0002231613871422;0.9998784645128664;1.0;0.999977381765873;0.9996322381849388;0.9996309974537821;1.0;0.9996533093829758;0.9998939357259959;0.9987811637856792;0.9985460345944872;0.9997874285083131;1.0;0.9999796681704696;1.0001911267375412;0.9999105071981346;0.9998940142415379;0.9998436310240627;0.99998747438676;1.024999976158142;
2016-12-18 19:00:00;0.9999999999999999;0.9999760967732683;0.9999061435455083;0.9999837300740967;0.9999712263667896;0.9999753667374015;1.0;0.9998976103978011;0.99988873728366;0.999991696324564;0.9999459450877137;1.0;0.9999870841389483;1.0;0.9998259333273252;0.9998328835333717;0.9998359776419459;1.0;1.0;0.9998994100678652;0.9999488000617014;1.0;0.9998348069673716;0.9999979676461196;1.0002090058852025;0.9999153963490828;1.0;0.9999846583803264;0.9996331640963413;0.9996341394545879;1.0;0.999648706196713;0.9999275108638653;0.9987509519659357;0.99851949663462;0.9997940929795661;1.0;0.9999785668500218;1.0001793492426603;0.9999388378674158;0.9999263555333352;0.9998924090364545;0.9999912613786566;1.024999976158142;
2016-12-18 19:15:00;1.0;0.9999771780570351;0.9999008368879823;0.9999821889642206;0.999969117561513;0.9999728013309983;1.0;0.9998949970407751;0.9998805091343158;0.9999912864269007;0.9999429894341323;1.0;0.9999887706925575;1.0;0.9998259974436243;0.9998326229549587;0.9998356510315869;1.0;1.0;0.9998943922921567;0.9999506460882445;1.0;0.9998345545402952;0.9999980439022089;1.0002121267708626;0.9999144260650686;1.0;0.9999831854141711;0.9996421019920484;0.9996339807771223;0.9999999999999999;0.9996183249758512;0.9999229212299402;0.9986403736444102;0.998402195690607;0.9997780947082163;1.0;0.9999795083559125;1.0001820579447513;0.9999349809040635;0.9999273469840303;0.9998858529249053;0.9999922632825666;1.024999976158142;
2016-12-18 19:30:00;1.0;0.9999761662534253;0.9998788007333822;0.9999780919431434;0.9999608546755956;0.99996499368538;1.0;0.9998863538667498;0.9998485107979427;0.9999894238247837;0.9999321524210472;0.9999999999999999;0.9999891987094349;1.0;0.999824445332623;0.999831363441282;0.9998340820008236;1.0;1.0;0.9998709845300888;0.999945503709284;0.9999999999999999;0.9998330844931002;0.9999982982586699;1.0002134239541491;0.9999011133061243;1.0;0.9999785032916193;0.9996631541379619;0.9996566544215957;1.0;0.9996659294896884;0.9999036352917088;0.9988297604021082;0.9986061331056459;0.9997922764623998;0.9999999999999999;0.9999781857192422;1.0001832532925967;0.9999187327406697;0.9999179545012342;0.9998589666250282;0.9999924279538832;1.024999976158142;
2016-12-18 19:45:00;1.0;0.9999711111947024;0.9998932679684213;0.9999827637052168;0.9999674270390316;0.9999732113924653;1.0;0.9998875776277529;0.999873897158893;0.9999904573863077;0.9999397788896519;1.0;0.9999816116410865;1.0;0.9998081624482177;0.999816559813514;0.9998198361914936;1.0;1.0;0.999883662403923;0.9999340920353506;1.0;0.99981843833837;0.9999977747116144;1.0002132074455523;0.9998983171773249;1.0;0.9999830988514182;0.9996629282093754;0.9996494220951115;1.0;0.999682365159461;0.9999173781158165;0.9988909972691667;0.9986559788402511;0.999799978762058;1.0;0.999975336990899;1.000182906226009;0.9999302898316791;0.9999081898776252;0.9998773921593291;0.9999879164446788;1.024999976158142;
2016-12-18 20:00:00;1.0;0.9999688725175014;0.999871959959994;0.9999780339591178;0.9999593482564625;0.9999652042516606;1.0;0.9998751237467042;0.9998433662051152;0.9999885447581087;0.9999281769183908;1.0;0.9999846051305068;1.0;0.9997978096348078;0.9998068623075768;0.999810189515949;1.0;1.0;0.9998630306891214;0.9999352442355545;1.0;0.999808897201109;0.9999978932795104;1.000212129506264;0.9998899244406186;1.0;0.9999783745729052;0.9996812851224005;0.9996750095752829;1.0;0.9996779839343732;0.9998985340169729;0.9988608006178973;0.9986483044646924;0.9998072760243202;0.9999999999999999;0.9999793607997016;1.000181852671772;0.9999143670503878;0.9999055836643673;0.999852114493054;0.9999894004678074;1.024999976158142;
2016-12-18 20:15:00;1.0;0.9999626576913077;0.9998812046711855;0.9999804743975498;0.9999618838813349;0.9999688169542397;1.0;0.9998880368096686;0.9998557347409122;0.9999884849084548;0.9999338636077582;1.0;0.9999852631366526;0.9999999999999999;0.9998151207892191;0.9998259739351557;0.9998291807742121;1.0;1.0;0.9998744335371198;0.9999415710574685;1.0;0.9998279679944988;0.9999981490308688;1.000214026659918;0.9999001010225789;1.0;0.9999802445276653;0.9996363250449496;0.9996350014946731;1.0;0.9996918583503875;0.9999038690039114;0.9989264493792884;0.9986923321532911;0.9998043657459829;1.0;0.9999791272244049;1.0001834235106821;0.9999186956168069;0.9999145653878435;0.9998640337281411;0.9999893310919375;1.024999976158142;
2016-12-18 20:30:00;1.0;0.9999367883709256;0.999869842676537;0.999979773774836;0.9999571476068712;0.9999679875672725;1.0;0.9998821633614217;0.9998449661944541;0.9999850558791595;0.9999273917472703;1.0;0.9999858615239902;1.0;0.9997938118853619;0.9998121617315706;0.99981638318897;1.0;0.9999999999999999;0.999868532659568;0.9999473720783157;1.0;0.9998150349494863;0.9999980698102721;1.0002155731989442;0.9999013806874132;1.0;0.9999788614255468;0.9996471132299884;0.9996433815425365;1.0;0.9996754921244697;0.9998895203723359;0.9988660872196685;0.9986359242072046;0.9997962740389287;1.0;0.9999788742200575;1.000183900776928;0.9999060904857311;0.9999194772881619;0.9998549526183977;0.9999878683337788;1.024999976158142;
2016-12-18 20:45:00;1.0;0.9999526073771181;0.9998769209617457;0.9999797043028822;0.9999594391250921;0.9999676190954714;0.9999999999999999;0.9998888762296301;0.9998499985486433;0.9999870838376417;0.9999313675793342;1.0;0.9999884882293101;1.0;0.9998152664008454;0.9998290071352582;0.9998324833034102;1.0;1.0;0.9998738742430502;0.9999507145138075;1.0;0.9998313590203995;0.9999983051405709;1.0002104189981957;0.9999063493715146;1.0;0.9999792785665089;0.9996687514981071;0.9996687085918712;1.0;0.9996670583735576;0.9998972710636246;0.9988232076630086;0.9986127393717855;0.9998000774926628;1.0;0.9999787144058814;1.0001799757198753;0.9999128954830263;0.9999240539964882;0.9998606648847108;0.9999904089509226;1.024999976158142;
2016-12-18 21:00:00;1.0;0.9999846207950275;0.9999253361962845;0.9999870726189236;0.999975997297594;0.999979170038134;1.0;0.9999295114035635;0.9999070644447614;0.9999936999523936;0.9999584389869612;1.0;0.9999919548361996;0.9999999999999999;0.9998899561125043;0.9998944220286577;0.9998961111635832;1.0;1.0;0.9999199646881515;0.9999636778322395;1.0;0.9998954446421415;0.9999989148287147;1.0001885170050766;0.9999370686456334;1.0;0.999987280963727;0.9996773531874036;0.999680207774491;1.0;0.9997245201031691;0.9999406953877203;0.9990167823417245;0.998813433901862;0.9998408620099659;1.0;0.9999792870387794;1.0001622553022653;0.9999499865937269;0.9999465514711255;0.9999131197854072;0.9999945242697055;1.024999976158142;
2016-12-18 21:15:00;1.0;0.9999851994877639;0.9999004279535808;0.9999824011934033;0.9999672505381036;0.999970689711634;0.9999999999999999;0.9999145625694277;0.9998721852271638;0.9999919154585504;0.9999456812679369;1.0;0.9999910682145984;1.0;0.9998771597599433;0.9998814602583718;0.9998830031530721;0.9999999999999999;1.0;0.999892566939063;0.9999541281660894;0.9999999999999999;0.9998823394138949;0.9999989724924083;1.000196857363057;0.9999185010567534;1.0;0.9999822761003099;0.9996791243048394;0.9996760960720028;0.9999999999999999;0.9997382313096874;0.9999202641873298;0.9990821518344438;0.998871239364092;0.9998376716584693;1.0;0.9999779204550601;1.0001695346668362;0.999932835322704;0.9999316586858784;0.9998826582036429;0.999994077825197;1.024999976158142;
2016-12-18 21:30:00;1.0;0.999987147930633;0.9999200510701108;0.9999868720247465;0.9999745376089484;0.9999781088788825;1.0;0.9999270561088934;0.9998998094904761;0.9999937496516321;0.9999565121998931;1.0;0.9999884866339916;0.9999999999999999;0.9998891023622639;0.999892826904649;0.9998942655048886;1.0;1.0;0.9999116652833073;0.9999536117837612;1.0;0.99989352606858;0.9999989129912044;1.0001942625655607;0.9999268177027251;1.0;0.9999867092377838;0.9996838830692164;0.9996861694141126;1.0;0.9997407330289375;0.9999372835641474;0.9991147838174649;0.9989156515901725;0.9998230890484339;1.0;0.9999770843979897;1.0001674278259223;0.9999472117682264;0.99993471576005;0.9999058848617796;0.9999928005623954;1.024999976158142;
2016-12-18 21:45:00;0.9999999999999999;0.9999853415598774;0.999912640752523;0.999983991191286;0.9999724892696705;0.9999750447816075;1.0;0.9999107173096142;0.9998923183153797;0.9999928813681336;0.9999502554927373;1.0;0.9999911427629765;1.0;0.9998583427700328;0.9998625920980911;0.9998648497174047;1.0;1.0;0.9999061671084117;0.9999573672602978;1.0;0.9998640048611495;0.9999984724673862;1.000193967308719;0.9999252813061232;1.0;0.9999848552427367;0.9996779419067776;0.9996842648458768;1.0;0.999755309024677;0.9999322906476521;0.9991695665306457;0.9989722355524397;0.999829596428644;1.0;0.9999779204550601;1.0001667650120387;0.9999429748395982;0.9999369128567979;0.9998982707619666;0.9999941309051054;1.024999976158142;
2016-12-18 22:00:00;1.0;0.9999850530783416;0.9999113768493547;0.9999842385421513;0.9999711586489176;0.9999742783592017;1.0;0.9999198105434184;0.9998877729136101;0.9999926860392266;0.9999510049404049;1.0;0.999991867944698;1.0;0.9998800624307392;0.9998843977826871;0.9998860879755016;1.0;1.0;0.9999048739610291;0.9999591313950464;1.0;0.9998854162378344;0.9999988991626372;1.00019298282084;0.9999271347109341;1.0;0.99998439831437;0.9996767818513204;0.9996735265674034;1.0;0.9997502396936964;0.9999294266169512;0.999133933619172;0.9989209312247019;0.9998385342637565;1.0;0.999978333274933;1.0001661163428996;0.9999405278241233;0.9999390092559802;0.9998961530545467;0.999994507801414;1.024999976158142;
2016-12-18 22:15:00;1.0;0.9999869323449675;0.9999226305255513;0.9999865634990023;0.9999752447419666;0.9999781933716534;1.0;0.9999271366014861;0.9999032042894738;0.9999937719321935;0.9999571169539495;1.0;0.9999911723472101;1.0;0.999888131527974;0.9998919229176547;0.9998935293608159;1.0;1.0;0.9999160979092817;0.9999603614341619;1.0;0.9998928461371441;0.9999988917000036;1.0001875865390775;0.9999330567462729;1.0;0.99998677735378;0.99970157255824;0.9997125472895374;1.0;0.9997705515705668;0.9999391511299174;0.9992238337484073;0.999048301869932;0.999838433722573;1.0;0.9999795083559126;1.000161535865474;0.9999487475360249;0.9999423935530878;0.999909390207093;0.9999942565138009;1.024999976158142;
2016-12-18 22:30:00;1.0;0.9999818746208032;0.9999253097917283;0.9999872686521348;0.9999757922348921;0.9999794274538344;1.0;0.9999307753098469;0.9999071857171632;0.9999934188653645;0.9999585230289534;1.0;0.9999921855382525;1.0;0.9998910524413592;0.9998963135821354;0.9998980475435578;0.9999999999999999;1.0;0.9999206526835046;0.9999650894900781;1.0;0.9998973888894667;0.9999989562099921;1.0001855953416765;0.9999384755204062;1.0;0.999987344335305;0.9996958071121707;0.9997143459094611;1.0;0.9997872296344873;0.9999399080625263;0.999289319173231;0.9991211893210379;0.9998440134574642;1.0;0.9999783332749329;1.0001596599461091;0.9999492622282409;0.9999481970951498;0.9999135180026842;0.9999944607340435;1.024999976158142;
2016-12-18 22:45:00;1.0;0.9999899696374461;0.9999273519117611;0.9999857722795641;0.9999778449521153;0.9999789627157234;1.0;0.9999160989993641;0.9999123369676999;0.9999943345969107;0.999957049306557;1.0;0.9999932296392249;1.0;0.9998621632163149;0.9998650831287114;0.9998674599941355;1.0;1.0;0.9999222603269579;0.9999648879748935;1.0;0.9998666428527683;0.9999983467509839;1.000188310913539;0.9999369884502287;1.0;0.9999873509531393;0.9996604589086618;0.9996862515537297;0.9999999999999999;0.9997738419059052;0.9999455167640361;0.9992363030144138;0.9990564816652713;0.9998398508506029;1.0;0.9999796681704696;1.0001618724275358;0.9999541720076613;0.9999474290536166;0.9999157436034946;0.9999955921094578;1.024999976158142;
2016-12-18 23:00:00;1.0;0.9999862104727495;0.9999249321695168;0.9999862258636008;0.9999764703370796;0.9999787784944029;1.0;0.999921420535199;0.999908178824133;0.9999938098526129;0.9999569370552276;1.0;0.9999923794027108;1.0;0.999873276742254;0.9998772813443135;0.9998793823611526;1.0;0.9999999999999999;0.999919746448469;0.9999636779882416;1.0;0.999878619590726;0.9999986007775914;1.000183852700485;0.9999359424712367;1.0;0.9999871009447151;0.9996811903982653;0.9997039313015627;1.0;0.9998033423789506;0.9999418822225313;0.9993223117528879;0.9991500281384089;0.9998699002458298;1.0;0.9999773917673769;1.000158075272758;0.9999510320754669;0.9999460853816583;0.9999129347197522;0.9999948670777146;1.024999976158142;
2016-12-18 23:15:00;0.9999999999999999;0.9999943038017667;0.9999388222401413;0.9999885813207897;0.9999802793260206;0.9999815816926286;1.0;0.999942156554104;0.999921941310957;0.9999954704499594;0.9999658044781621;0.9999999999999999;0.999994993821188;1.0;0.9999151546861114;0.9999168117640659;0.9999179385837003;0.9999999999999999;1.0;0.9999337534323954;0.9999717064035704;1.0;0.999917488967381;0.9999991790207894;1.0001778884886325;0.9999491139212668;1.0;0.9999890645530201;0.9996985233924868;0.9997311908177071;1.0;0.9998177210098086;0.9999523530819378;0.9994019452485873;0.9992562822544858;0.9998590009841563;1.0;0.9999774655298134;1.000153398096088;0.9999599383407407;0.9999575972498739;0.9999276768218519;0.9999968605958943;1.024999976158142;
2016-12-18 23:30:00;1.0;0.9999933648528504;0.9999388319955024;0.9999891293496442;0.9999801795112744;0.9999820375085064;1.0;0.9999447477061297;0.9999217029617932;0.99999544820221;0.999966406107939;1.0;0.9999939082114527;1.0;0.9999198915595812;0.9999218222005116;0.9999228093289283;0.9999999999999999;1.0;0.9999332453044416;0.9999696989941578;1.0;0.9999223594819742;0.9999992642075398;1.0001773412587422;0.9999479106049955;1.0;0.9999892991595222;0.9996922713206825;0.9997326924834553;1.0;0.9998260426093802;0.9999519400873528;0.9994329656314227;0.9992948048449921;0.9998628948455578;1.0;0.9999781857192422;1.0001529855309985;0.9999595784346769;0.999955584020609;0.9999275834997116;0.9999962003088795;1.024999976158142;
2016-12-18 23:45:00;1.0;0.99999350865616;0.9999455304992895;0.9999898941559645;0.9999821984165334;0.9999835995114953;1.0;0.9999500289033343;0.9999301694325542;0.999995817512131;0.9999696699427986;0.9999999999999999;0.9999961230246966;1.0;0.9999272367729658;0.9999291228373061;0.9999301053951561;0.9999999999999999;1.0;0.9999416204333016;0.999976642877582;1.0;0.999929737197026;0.9999993384398542;1.000176329867166;0.9999563881776924;1.0;0.9999902363164228;0.9996494303713092;0.9997028989840676;1.0;0.9998155613056187;0.999956918192744;0.9993868240631724;0.999240625766538;0.9998627661335361;1.0;0.9999795083559126;1.0001520756660898;0.9999637365984239;0.9999643283721494;0.999935798236881;0.9999974247760988;1.024999976158142;
2016-12-19 00:00:00;1.0;0.9999911956046698;0.9999449882545729;0.9999905709960638;0.9999815950396519;0.9999839179819233;1.0;0.999955473872279;0.9999285637582562;0.9999955948945479;0.9999704078536136;1.0;0.9999952717770365;1.0;0.9999380481303584;0.9999406021899362;0.9999413150425462;1.0;1.0;0.9999408352201863;0.9999755271852486;1.0;0.9999409939065403;0.999999553529019;1.0001734445441246;0.9999560568628797;1.0;0.9999903429565441;0.9996591677631492;0.9997088853472352;0.9999999999999999;0.9998347172732673;0.9999552462304858;0.9994477533236311;0.9993015015095547;0.9998788453097364;1.0;0.9999781857192421;1.0001496634656155;0.9999622791493129;0.999963351835789;0.9999350787654219;0.9999967987271942;1.024999976158142;
2016-12-19 00:15:00;0.9999999999999999;0.999994737236165;0.9999377172751164;0.9999883117878939;0.9999790448354714;0.999980397692388;0.9999999999999999;0.9999489703560536;0.9999177335013212;0.9999952951268897;0.9999660552498251;1.0;0.999996979583384;1.0;0.9999326744884528;0.9999342042389303;0.9999349021151883;1.0;1.0;0.9999332905007969;0.999976037935979;1.0;0.9999346333540904;0.9999995356918643;1.0001776278249264;0.9999527305580846;1.0;0.9999884005443065;0.9996925587982818;0.9997116207938362;1.0;0.9998111644022962;0.9999498882738617;0.9993726684520643;0.999202486471851;0.9998592056945917;1.0;0.9999791272244049;1.0001533115975654;0.9999578327799853;0.999962355783501;0.9999258855070445;0.9999979793062994;1.024999976158142;
2016-12-19 00:30:00;1.0;0.999995315059037;0.9999511668429439;0.9999902525588682;0.9999839397916219;0.9999845436979481;1.0;0.9999538804867567;0.9999370340261733;0.9999962512710941;0.9999722676451125;1.0;0.9999984334710209;1.0;0.9999334105577966;0.9999347716938689;0.9999357252784218;0.9999999999999999;1.0;0.9999485603956911;0.9999829209505986;1.0;0.9999354419338666;0.9999993918940208;1.000170662256631;0.9999636705487113;1.0;0.9999908580632887;0.9997108599137563;0.9997329122713503;1.0;0.999830580142588;0.9999614605364656;0.9994488439907074;0.9992947426287357;0.9998657208647349;1.0;0.999978714405881;1.0001471720851733;0.9999675632072055;0.9999720785119867;0.9999424870510474;0.9999988163475796;1.024999976158142;
2016-12-19 00:45:00;1.0;0.999994086478281;0.9999607402093197;0.9999924099069447;0.999987168749215;0.999988058449046;1.0;0.9999621380369894;0.9999501791906518;0.999996827557164;0.9999776375979876;1.0;0.9999981765704745;1.0;0.999942980087329;0.9999446975641254;0.9999455896418664;1.0;1.0;0.99995885866117;0.9999856381521869;1.0;0.9999453175259826;0.9999994548192942;1.0001667780549113;0.9999703766750644;1.0;0.9999928676988296;0.9996946272104078;0.999720804958873;1.0;0.9998356651724102;0.9999688519644546;0.9994420081171936;0.9992829629614634;0.9998856019573372;1.0;0.9999781857192422;1.0001438214094636;0.9999737485566427;0.9999769043824291;0.9999541629545854;0.999998590466129;1.024999976158142;
2016-12-19 01:00:00;1.0;0.9999886667165397;0.9999522221187798;0.9999916487137366;0.9999835890352817;0.9999858998714127;1.0;0.9999628177159686;0.9999378576149147;0.999995706981456;0.9999741099280882;1.0;0.999997713676498;1.0;0.9999478229790325;0.9999511119748385;0.9999518389224414;1.0;1.0;0.9999504633380495;0.9999840163764189;1.0;0.9999516136536296;0.9999996845343078;1.0001642455413402;0.9999663265089189;1.0;0.9999914272042332;0.9997189075853623;0.9997554937087018;1.0;0.9998570263426848;0.9999598729465581;0.9995116238474563;0.9993836305333621;0.9999024102904999;1.0;0.9999770843979895;1.000141612490584;0.9999660794242083;0.9999740034025276;0.9999443384735136;0.9999979614797455;1.024999976158142;
2016-12-19 01:15:00;0.9999999999999999;0.9999916287351273;0.9999844068566699;0.9999975375536446;0.9999951143367382;0.9999964757520922;1.0;0.9999824988876925;0.9999824606058072;0.9999982482349089;0.9999908200055085;1.0;0.9999980552580264;1.0;0.9999671104643403;0.9999695373238773;0.9999702685831363;1.0;1.0;0.9999844625833285;0.9999932944791464;1.0;0.9999700429332404;0.9999996214725617;1.000158186388978;0.99998761769496;1.0;0.9999976803979741;0.9997258683650355;0.9997679989644458;1.0;0.9998527830107864;0.9999871600455602;0.9995260135933408;0.9994116248897057;0.9998799240424687;1.0;0.9999779204550601;1.0001364125262262;0.9999890760210949;0.9999898157482294;0.9999829689389161;0.9999983545724576;1.024999976158142;
2016-12-19 01:30:00;1.0;0.9999945196528409;0.9999462767910796;0.9999896246369729;0.9999818190551225;0.9999828648533593;1.0;0.9999551951770239;0.9999291394963301;0.9999958041674563;0.9999703676500606;1.0;0.9999985474026797;1.0;0.9999400401033356;0.9999416302926724;0.9999423433125524;1.0;1.0;0.9999433810992785;0.9999821635073485;1.0;0.9999421289047565;0.9999995829258571;1.0001667689328237;0.9999614140054324;1.0;0.9999898513651558;0.9997409965314303;0.9997879968809719;0.9999999999999999;0.9998648334529793;0.9999565144686151;0.9995736923442026;0.9994764261917404;0.9998836946998219;1.0;0.9999787144058812;1.000143883091196;0.999963376794248;0.9999705731394224;0.9999363891877777;0.9999988240822584;1.024999976158142;
2016-12-19 01:45:00;1.0;0.9999946643405023;0.9999702460490212;0.9999943140138026;0.9999901817190254;0.9999910081166767;1.0;0.9999720017263084;0.9999622034835606;0.999997509717515;0.9999831169802108;1.0;0.9999987633545897;1.0;0.9999578500709873;0.9999593989421316;0.9999600720655843;1.0;1.0;0.9999690785931313;0.9999897341613144;1.0;0.9999598752355559;0.99999961369502;1.0001563739712065;0.9999781655263664;0.9999999999999999;0.9999946066761488;0.9997681336976856;0.9998329512619529;1.0;0.9998985844643957;0.9999760981473415;0.9996932240087157;0.9996400973143921;0.9999037857817835;1.0;0.9999785668500216;1.000134908096597;0.9999798345636157;0.9999832182628916;0.9999653788392523;0.9999989522935374;1.024999976158142;
2016-12-19 02:00:00;1.0;0.9999930746361594;0.9999497294728563;0.9999903373694002;0.9999830174596694;0.9999842058215138;1.0;0.9999571703838522;0.9999343130006018;0.999995903478495;0.99997208138301;1.0;0.9999986649302454;0.9999999999999999;0.9999406214600863;0.9999426315753331;0.9999434302687329;1.0;0.9999999999999999;0.9999474939322767;0.9999838749534633;0.9999999999999999;0.9999432039718913;0.9999995603977986;1.0001580517955595;0.9999643607919426;1.0;0.9999905862924415;0.9997870674585022;0.9998474209646515;1.0;0.9999109093348024;0.9999591281589825;0.9997191596896863;0.9996712186730067;0.9999231594987457;1.0;0.9999785668500216;1.000136283004361;0.9999655430548636;0.9999730840480975;0.9999408742852507;0.9999987881978936;1.024999976158142;
2016-12-19 02:15:00;1.0;0.9999919907475888;0.9999516601000729;0.9999910413613476;0.9999837486967208;0.9999852884525648;1.0;0.9999587515817647;0.999937344482288;0.9999959930067455;0.9999732789848917;1.0;0.9999978294571502;1.0;0.9999414435037501;0.9999437686020707;0.999944578170929;1.0;1.0;0.9999493170764225;0.9999829306480735;1.0;0.9999443228057643;0.9999995504523975;1.0001612762446368;0.9999646106180585;1.0;0.9999911816103988;0.9997756517315787;0.9998430458108688;1.0;0.9998992019933634;0.9999606122877667;0.9997040442520392;0.9996598954433041;0.9998982893402077;1.0;0.9999785668500216;1.0001390654527962;0.9999667776762421;0.999972475340417;0.9999433223222105;0.9999982551056966;1.024999976158142;
2016-12-19 02:30:00;0.9999999999999999;0.9999954597465663;0.9999538604802812;0.9999912771737;0.9999844345269955;0.9999854877555153;1.0;0.9999616296806488;0.9999391502049945;0.9999964797134588;0.9999746883343924;1.0;0.9999981671200385;1.0;0.9999486349568556;0.999949954767547;0.9999505393674982;1.0;0.9999999999999999;0.999950999148897;0.9999833621164097;1.0;0.9999503402420014;0.9999996381069495;1.0001588151230036;0.9999658563920297;1.0;0.9999914253032539;0.9997832342270655;0.9998478575476174;1.0;0.9999070510164368;0.9999627279729688;0.9997312042955169;0.9996876838165238;0.9999034026100305;1.0;0.9999778783491228;1.0001370795349254;0.9999686202596078;0.9999733160076187;0.9999452775317956;0.9999986802338826;1.024999976158142;
2016-12-19 02:45:00;0.9999999999999999;0.9999933639693183;0.99997140596731;0.9999947861051199;0.9999904680231941;0.9999916280339165;1.0;0.9999742370468482;0.9999637412661186;0.9999974755620166;0.9999839745073087;1.0;0.9999985496401168;1.0;0.9999609274132715;0.9999628548877616;0.9999634914914382;1.0;1.0;0.9999704342007326;0.9999900654242596;1.0;0.999963301360881;0.9999996640220448;1.0001537719037916;0.9999791918712904;1.0;0.9999949242866809;0.9997863873035989;0.999854170919402;1.0;0.9999112327754505;0.9999766046488612;0.9997377035337282;0.9997008214375245;0.9999115305857683;1.0;0.9999763642139445;1.0001326543179632;0.9999802322196174;0.9999838923587414;0.9999669006290024;0.9999987447621546;1.024999976158142;
2016-12-19 03:00:00;1.0;0.9999945204986439;0.999973957975195;0.9999952626232071;0.9999911304510044;0.9999921744526223;1.0;0.9999784788394009;0.9999662293749417;0.9999977360707389;0.9999856615225212;1.0;0.999999019982225;0.9999999999999999;0.9999693434090206;0.9999709369019167;0.9999713835894991;0.9999999999999999;1.0;0.9999730566509392;0.9999916319985634;1.0;0.9999712547763578;0.9999997852431972;1.000150506936729;0.9999817446044273;1.0;0.9999952848226511;0.9997822355927175;0.9998554777030096;1.0;0.9999237408059141;0.999978400884891;0.9997656691666277;0.9997339571124599;0.9999300921719996;0.9999999999999999;0.9999772319535376;1.0001299156353365;0.999981753887788;0.9999861312195105;0.9999696420546658;0.9999990822716104;1.024999976158142;
2016-12-19 03:15:00;1.0;0.9999944484884101;0.9999480753628684;0.9999895310136276;0.9999831975384543;0.9999837909283068;1.0;0.9999476483901881;0.9999340641553254;0.9999959991473881;0.9999700238504106;1.0;0.9999980761165972;0.9999999999999999;0.9999211910696756;0.9999228068127061;0.999924038888464;1.0;1.0;0.9999454268414677;0.9999813068774192;1.0;0.9999236745974422;0.9999992057352688;1.0001595922000823;0.9999606522158534;1.0;0.9999903998990675;0.9997992993192888;0.9998613823447248;1.0;0.9999083863924214;0.9999594789539936;0.9997381274430914;0.9997012762186259;0.9999027029277798;1.0;0.999977391767377;1.0001374799349796;0.9999658956620529;0.999969612436262;0.9999391658508914;0.9999985596902256;1.024999976158142;
2016-12-19 03:30:00;1.0;0.9999915592919127;0.9999551555203534;0.999991555101064;0.9999852059205415;0.999986577411282;1.0;0.9999582194073856;0.999943101852888;0.9999961956966856;0.999974670974535;1.0;0.9999978211123529;1.0;0.9999369532435849;0.9999394121172244;0.999940414396287;1.0;0.9999999999999999;0.9999532790314019;0.9999839554520157;0.9999999999999999;0.9999401111604742;0.9999994281724712;1.0001600073656451;0.9999667111744523;1.0;0.9999919125723371;0.9997850757653404;0.9998470756511337;1.0;0.999904443109186;0.9999638990717802;0.9997243488614258;0.9996781011933255;0.9999002215802105;1.0;0.9999776130855301;1.0001378855880358;0.9999695371774633;0.9999741174461733;0.9999478439925814;0.9999982186007615;1.024999976158142;
2016-12-19 03:45:00;0.9999999999999999;0.9999950271931143;0.9999491196903187;0.9999904890168135;0.9999826071414332;0.9999838908027245;1.0;0.9999601765772987;0.9999321440108595;0.9999961000912992;0.9999724349093818;1.0;0.9999982129112268;0.9999999999999999;0.9999490880313098;0.9999505384468959;0.9999510386248565;1.0;1.0;0.9999459839339179;0.9999822773897533;1.0;0.9999508645972229;0.9999997091979764;1.0001587349256416;0.9999630914260645;1.0;0.9999904844421127;0.9997868176564737;0.9998476663056378;1.0;0.9999012698410953;0.9999584398293291;0.9997004194796667;0.9996534541540836;0.9999069546433434;1.0;0.9999777728995519;1.0001370344998513;0.9999650024472609;0.9999713539037587;0.9999394958806042;0.9999986741307142;1.024999976158142;
2016-12-19 04:00:00;1.0;0.9999937979887404;0.9999743985655566;0.9999953236786335;0.9999914483348977;0.9999925118521099;0.9999999999999999;0.9999768945766699;0.9999675660061862;0.9999977123974213;0.9999856241774594;1.0;0.9999987989093982;1.0;0.9999647928792746;0.9999665963326251;0.9999671819194952;0.9999999999999999;1.0;0.9999736486384799;0.999991405792899;0.9999999999999999;0.9999670122906822;0.9999996983750337;1.0001519299637023;0.9999816196757045;0.9999999999999999;0.9999954545782082;0.9997732786338577;0.9998440455428778;1.0;0.9999162065314294;0.9999789875185884;0.9997490719830547;0.9997079352919449;0.9999187294541121;1.0;0.9999776130855301;1.0001310838640127;0.9999822392236813;0.9999859084325334;0.9999704231634542;0.9999989109798076;1.024999976158142;
2016-12-19 04:15:00;1.0;0.9999954597465663;0.9999669307474316;0.9999933461365392;0.9999892207269631;0.9999897262253656;1.0;0.9999668435647511;0.9999580856770324;0.9999973549180876;0.9999808714329228;0.9999999999999999;0.9999990540617512;1.0;0.9999496893963159;0.999951009208399;0.9999518301254506;1.0;1.0;0.9999656383420363;0.9999890448118213;1.0;0.9999516029289;0.9999995025672779;1.0001562703366123;0.9999757762716779;1.0;0.9999938953366831;0.9997652400977263;0.9998351142184811;0.9999999999999999;0.9999040558340279;0.9999739196554659;0.9997210460770388;0.9996737650251714;0.9999013139010857;1.0;0.9999766715831959;1.0001347688384012;0.9999780245493838;0.9999817092614007;0.9999614452441263;0.9999991663159933;1.024999976158142;
2016-12-19 04:30:00;1.0;0.9999928579407178;0.9999499312661757;0.9999905713975145;0.9999831969050902;0.9999845666182231;1.0;0.9999567894540643;0.9999348891370855;0.9999959629840333;0.9999722406276913;1.0;0.9999979595701073;1.0;0.9999391445343004;0.99994121831945;0.9999420410169324;1.0;0.9999999999999999;0.9999473738171629;0.9999824236507472;1.0;0.9999417835962768;0.999999526290012;1.0001605453964453;0.9999633003514709;1.0;0.9999907988589312;0.9997690067633083;0.9998386032363968;1.0;0.9999034378471889;0.9999594296220607;0.9997205294267091;0.9996753016950299;0.9998998007831036;1.0;0.9999769245839243;1.000138441402979;0.9999658025487952;0.9999715504793542;0.9999411324286507;0.999998386444985;1.024999976158142;
2016-12-19 04:45:00;1.0;0.9999930754804386;0.9999604869831276;0.999992463135587;0.9999870460159159;0.9999881235129544;1.0;0.9999622261109723;0.9999499925856691;0.9999967131457705;0.9999775375961286;1.0;0.9999980993938348;1.0;0.9999426589310992;0.9999446723075958;0.9999455905658788;1.0;1.0;0.9999587682441742;0.9999857127587002;1.0;0.9999453129633896;0.9999994586496037;1.0001569514427815;0.9999704184334177;1.0;0.9999928706608875;0.9997649141576332;0.9998440845495878;1.0;0.9999187688967874;0.9999684306609669;0.9997612541557296;0.9997273994989555;0.9999181470152197;1.0;0.999977772899552;1.0001352966071113;0.9999733735249206;0.9999769777351695;0.9999540174931378;0.9999984774982564;1.024999976158142;
2016-12-19 05:00:00;1.0;0.999995171838432;0.9999755557169319;0.9999954089328115;0.9999923383821806;0.9999930742187046;0.9999999999999999;0.9999734123732792;0.9999702733049051;0.9999979909391524;0.9999857515151112;0.9999999999999999;0.9999979305033226;1.0;0.9999564852299356;0.9999578943215923;0.9999586591197206;1.0;1.0;0.999974252798857;0.9999891997816989;0.9999999999999999;0.9999584063951031;0.9999995106320634;1.0001526115357857;0.9999798887779584;1.0;0.9999958227114432;0.9997891276440206;0.9998528566142902;1.0;0.9999124513555943;0.99998106441765;0.9997383231499957;0.9996970060604866;0.9999147642125954;1.0;0.9999781857192422;1.0001316422851192;0.9999840342641674;0.9999835294062634;0.999971808574063;0.9999985292311737;1.024999976158142;
2016-12-19 05:15:00;1.0;0.9999919915909635;0.999962100913871;0.9999931812473954;0.9999872303684793;0.9999887812362734;1.0;0.9999678590777819;0.9999512446824016;0.9999967160464472;0.9999790981666288;0.9999999999999999;0.9999980409255281;1.0;0.9999532509830611;0.9999555793661005;0.9999562695023586;1.0;0.9999999999999999;0.9999605173203503;0.9999865955374296;1.0;0.9999560525150955;0.9999996425099505;1.0001583797049232;0.9999723884501979;0.9999999999999999;0.9999932191597056;0.9997762595489285;0.9998444107787731;1.0;0.9999062687158017;0.9999688098661346;0.9997288893124158;0.999686268562005;0.9999026490459625;1.0;0.9999674803421589;1.0001366047044988;0.9999736589250323;0.9999784584681517;0.9999558430924771;0.9999983702188887;1.024999976158142;
2016-12-19 05:30:00;1.0;0.9999927123650432;0.9999569234707937;0.9999920610475291;0.9999853904824798;0.9999868367072274;1.0;0.9999644265876404;0.9999438127564706;0.9999964110885826;0.9999763384351468;1.0;0.9999982646563275;0.9999999999999999;0.999950503270083;0.9999526151798314;0.9999532750231502;1.0;1.0;0.999954935889091;0.999985337055859;1.0;0.999953071050194;0.9999996523957184;1.0001592082868405;0.9999690287098405;1.0;0.9999921139052272;0.9997911963748864;0.999857766144896;1.0;0.9999043717919445;0.9999646322363103;0.9997223163585698;0.9996871593525177;0.999901433221689;1.0;0.9999677877084382;1.0001373408829282;0.9999701607384983;0.9999761192822204;0.9999494489712083;0.9999985444922537;1.024999976158142;
2016-12-19 05:45:00;1.0;0.9999865709670526;0.9999796059735732;0.9999971869517579;0.9999936586324201;0.9999959987215616;1.0;0.9999772159065594;0.9999777997014444;0.9999975161316887;0.9999881213616393;0.9999999999999999;0.9999965667904063;1.0;0.999955115147771;0.9999590118117141;0.9999600485461297;0.9999999999999999;1.0;0.9999797370529674;0.9999899954749059;1.0;0.9999597102587512;0.9999994784426065;1.0001535197504423;0.9999830363698023;1.0;0.9999972298891087;0.9997588517478464;0.9998347941008761;1.0;0.9999078960307575;0.9999829075182637;0.9997283964587462;0.9996859707365058;0.9999078507049041;1.0;0.999977254660645;1.000132199884974;0.9999854199995135;0.999985433475149;0.9999780997002613;0.9999971877606252;1.024999976158142;
2016-12-19 06:00:00;1.0;0.9999922809624344;0.9999457190832141;0.9999889908003115;0.9999826959420519;0.9999833813962117;1.0;0.9999421630542827;0.9999324823698809;0.9999956141421165;0.9999681578898629;1.0;0.9999977399376856;1.0;0.9999091134589858;0.9999113590504443;0.9999129120680137;0.9999999999999999;0.9999999999999999;0.9999433871148252;0.999980322245046;1.0;0.9999124618971325;0.9999990189345184;1.0001706270584996;0.9999585429258186;1.0;0.999990064744175;0.9996596349809448;0.9997781968812969;1.0;0.9998895540209777;0.9999579107854583;0.9996957536210548;0.9996538839321986;0.9998749653540093;1.0;0.9999767262732858;1.0001468637900246;0.9999645461592629;0.9999679954843724;0.9999369669415755;0.9999982249992893;1.024999976158142;
2016-12-19 06:15:00;1.0;0.9999933648528502;0.999907223374881;0.9999812300268003;0.9999690218864413;0.9999697179428172;1.0;0.9999179023244543;0.999878307648501;0.9999928320456916;0.9999479390095629;1.0;0.9999982468546139;1.0;0.9998877908849908;0.9998897214639412;0.9998911456979901;0.9999999999999999;1.0;0.9999021504364404;0.9999696860640164;1.0;0.9998907428102942;0.9999990990933911;1.0001821085081801;0.9999329421763811;1.0;0.9999820636114017;0.9996794826207326;0.9997929533930627;1.0;0.9998874326904298;0.9999261839812811;0.9997143849249799;0.9996782392513733;0.9998559621167498;1.0;0.999976726273286;1.0001568355992294;0.999937895204863;0.9999493732395645;0.9998900729377043;0.9999985779746886;1.024999976158142;
2016-12-19 06:30:00;1.0;0.9999911244396998;0.9998977563287338;0.9999774641890713;0.9999683319053102;0.9999673542998945;0.9999999999999999;0.9998796265960721;0.9998745415129128;0.9999919859756522;0.9999379643602391;1.0;0.9999974086885327;1.0;0.9998073109148764;0.9998098902212941;0.9998133110992494;1.0;1.0;0.9998934230524253;0.9999642415201617;1.0;0.9998123749282839;0.9999977232116453;1.0001902135752019;0.9999211960757142;1.0;0.999980549641941;0.9996674013125157;0.9997787062365354;1.0;0.9998553312602576;0.999923505174509;0.999596682780721;0.9995502014385355;0.9998395997887163;1.0;0.9999782084239731;1.0001630250595424;0.9999356900470093;0.9999404051726732;0.999881227098515;0.9999979635820654;1.024999976158142;
2016-12-19 06:45:00;1.0;0.9999931472733701;0.999931819735847;0.9999852892540496;0.9999785932836681;0.9999784128641952;1.0;0.9999221892968359;0.9999156489894693;0.9999946910287463;0.9999590242151581;0.9999999999999999;0.9999983496932057;1.0;0.9998766422599764;0.999878633240926;0.9998808005813495;1.0;1.0;0.9999291367985301;0.9999768982459558;1.0;0.9998802129675276;0.999998582147627;1.0001897591059503;0.9999484230069013;1.0;0.9999871939782278;0.9996383596615926;0.9997476340729291;1.0;0.9998199527089825;0.999948275814693;0.9994780512096059;0.9994122610386954;0.9998145786809585;0.9999999999999999;0.9999701958035209;1.0001631697580182;0.9999564867359431;0.9999612233824297;0.9999207739055146;0.9999986175557204;1.024999976158142;
2016-12-19 07:00:00;0.9999999999999999;0.9999914840886414;0.9999507530027579;0.9999892107347689;0.9999855598247932;0.9999855100928902;1.0;0.9999321811276253;0.9999433139998917;0.9999959646393488;0.9999687567472412;1.0;0.9999973575203878;1.0;0.9998815883154908;0.9998840562992123;0.999886437488157;0.9999999999999999;0.9999999999999999;0.9999493188672296;0.9999806840777635;1.0;0.9998857652957805;0.9999984371839471;1.0001883200590678;0.9999597384138176;1.0;0.9999912844840803;0.9996003929484604;0.9997272213950833;1.0;0.9998245859170284;0.9999641725546052;0.9995250985903663;0.999461717471429;0.9997965882435861;1.0;0.9999719309363472;1.0001618347943033;0.9999698320155509;0.9999687632523776;0.9999441279390848;0.9999979598806095;1.024999976158142;
2016-12-19 07:15:00;1.0;0.9999873655141577;0.9998959463977988;0.9999785534053675;0.9999669245171998;0.9999676503250339;1.0;0.9998890093485521;0.9998702386878722;0.9999916188256517;0.9999388976848735;1.0;0.9999958005825715;0.9999999999999999;0.9998268347689273;0.9998304986579886;0.9998334054055484;1.0;1.0;0.9998910035588802;0.9999618491970328;1.0;0.999832558206619;0.9999981100788912;1.0002122005192928;0.999919931915099;1.0;0.9999806252911655;0.9994942616661707;0.9996652797828175;1.0;0.9998319313394837;0.9999197880848126;0.9995423146079352;0.9994793668685836;0.9998077221327495;1.0;0.9998531349088382;1.0001822177593127;0.9999324815899471;0.9999380766460269;0.9998788291218635;0.9999968204318461;1.024999976158142;
2016-12-19 07:30:00;1.0;0.9999750849724045;0.9999190476408487;0.9999854134117496;0.999974011414572;0.999977809294161;0.9999999999999999;0.9999171928864438;0.999902035503703;0.9999922456024957;0.9999532737961975;1.0;0.9999935902048642;1.0;0.999861567343669;0.999868810416385;0.999871432518898;0.9999999999999999;0.9999999999999999;0.9999167984054359;0.9999682076530266;1.0;0.9998706274935132;0.9999985225445933;1.0002089543031605;0.9999375288548423;1.0;0.9999861816247351;0.9994852771726744;0.9996570484388119;1.0;0.9998285940642313;0.9999347939045772;0.9995234734140074;0.9994563017417613;0.9998106561259817;1.0;0.999858053664546;1.0001793669636927;0.9999448303775927;0.9999501573343356;0.9999079839864452;0.9999947516530093;1.024999976158142;
2016-12-19 07:45:00;1.0;0.999929635660725;0.9998997719812664;0.9999856716796937;0.9999673850510761;0.9999788480227148;0.9999999999999999;0.9999003771066189;0.9998879033946149;0.9999865937667551;0.9999424833378607;1.0;0.9999875243978262;0.9999999999999999;0.9998056757085749;0.9998261029312151;0.9998307722680294;0.9999999999999999;1.0;0.9999033789250666;0.9999624445051857;1.0;0.9998294016538056;0.9999979582588534;1.0002209324294213;0.9999269797058405;1.0;0.9999850968236004;0.9994836136270758;0.9996578483528853;1.0;0.9998218113125626;0.9999126713743558;0.9995139350063108;0.9994505100008858;0.9997970436791996;1.0;0.9998441567727717;1.0001882362915666;0.999925380298282;0.9999414436167933;0.9998927774721079;0.9999882769926395;1.024999976158142;
2016-12-19 08:00:00;1.0;0.9999437945943359;0.9998990086896591;0.9999841353620459;0.9999667783103651;0.9999758327217324;1.0;0.9999033328497804;0.9998820803350079;0.999987792813637;0.9999424391626932;0.9999999999999999;0.9999903523693141;1.0;0.9998240951343762;0.9998404032398278;0.9998443188323576;1.0;1.0;0.9999007564932767;0.9999644247103067;0.9999999999999999;0.999843189017237;0.9999982417184314;1.0002282092987829;0.9999275731975368;1.0;0.9999838586105426;0.999451793790081;0.9996392830844227;1.0;0.9997665517023131;0.9999134741315536;0.9993375948978158;0.9992777761347825;0.9997516262680375;1.0;0.9998509612162997;1.0001950219717968;0.9999263055278284;0.9999431842581228;0.9998892284373345;0.9999908094479958;1.024999976158142;
2016-12-19 08:15:00;1.0;0.9999427150386859;0.9998933003709184;0.9999826458958844;0.9999646174289403;0.9999735079728195;0.9999999999999999;0.9998994140280856;0.9998741570214789;0.999987123286523;0.9999391089480297;1.0;0.9999916710668305;1.0;0.9998198104979907;0.999836449735425;0.9998404525469343;1.0;1.0;0.99989568502838;0.9999660652994201;1.0;0.9998393547901582;0.9999982421874196;1.0002306816167448;0.9999262924218153;1.0;0.9999824288506937;0.9994721536322592;0.9996455363791673;1.0;0.9997869403225644;0.9999084105404356;0.9994279592172568;0.9993597607724087;0.9997517097424335;1.0;0.9998522447385978;1.000197073681344;0.9999220101892481;0.9999438884092451;0.9998826526664113;0.9999914497243417;1.024999976158142;
2016-12-19 08:30:00;1.0;0.9999769616260048;0.9999322306699137;0.9999869717349565;0.9999789692770128;0.9999815909059501;1.0;0.999919804470002;0.9999212055749019;0.999993291815778;0.9999589858894874;1.0;0.999995324295529;0.9999999999999999;0.999858431700757;0.9998651210192965;0.9998680763128681;1.0;1.0;0.9999317742150426;0.9999753145915204;1.0;0.9998672448161322;0.9999982861462222;1.0002310895649253;0.9999482086691206;1.0;0.9999884710300814;0.999412354934891;0.999554716506618;1.0;0.9996951555906505;0.9999466896190656;0.9990784778284716;0.998931183481762;0.9997147212418379;0.9999999999999999;0.999834427117026;1.000198385202182;0.9999548597967377;0.999959940923611;0.9999241934193228;0.9999958275484838;1.024999976158142;
2016-12-19 08:45:00;1.0;0.9999831014385371;0.9999348275354204;0.9999876146161772;0.9999796453594582;0.9999818262025691;1.0;0.99992653159065;0.9999221686522519;0.9999941452258942;0.9999613960682134;1.0;0.9999947860357675;1.0;0.9998755474084967;0.999880445662224;0.9998828256501077;0.9999999999999999;1.0;0.9999326409938977;0.9999734345945973;1.0;0.9998821001797734;0.9999985093089042;1.000232421922514;0.999948057704211;0.9999999999999999;0.9999888436858004;0.9993807568495824;0.9995084457029196;1.0;0.9997321734883773;0.9999491320554803;0.9992342357633878;0.9990449338305996;0.9997207759033673;1.0;0.9998145987286915;1.0001998819671918;0.9999570336173941;0.9999584618516469;0.9999258025102908;0.9999959539144284;1.024999976158142;
2016-12-19 09:00:00;1.0;0.9999864263227616;0.9999154436699138;0.9999839482674472;0.9999727535608827;0.9999748338916826;1.0;0.999916974900243;0.9998939469990312;0.9999930253662028;0.9999518665613513;1.0;0.9999940436918933;1.0;0.9998722541556576;0.9998761918279999;0.9998782095100751;1.0;1.0;0.9999105510491166;0.9999651085919307;1.0;0.9998775369721623;0.9999986544043964;1.000237607003931;0.9999329390824893;1.0;0.9999848109346438;0.999378580524981;0.9995061895063849;1.0;0.9997415270741742;0.9999334630344159;0.9992416934021936;0.9990492751082835;0.9997433627325768;1.0;0.9998201858092789;1.0002045704509201;0.9999439332969611;0.9999459235456045;0.9999014204099161;0.9999957755557001;1.024999976158142;
2016-12-19 09:15:00;0.9999999999999999;0.9999630181938524;0.9999151529429775;0.9999870892814242;0.9999722475919418;0.9999791976268686;1.0;0.9999233074789537;0.9998981522464548;0.9999909243954599;0.9999530975413319;1.0;0.9999892100591965;0.9999999999999999;0.9998684086442893;0.9998791541105891;0.9998816765471465;1.0;1.0;0.9999125807445021;0.9999614795917887;1.0;0.9998807888082365;0.9999987081137902;1.0002367560375778;0.9999322755427451;0.9999999999999999;0.9999865021845477;0.999395145472407;0.9995445859252183;1.0;0.9997480796250957;0.9999288551450248;0.9993210305969209;0.9991711558821139;0.9997086144027467;1.0;0.9998490664256844;1.0002033223487206;0.9999396174048808;0.9999429082159828;0.9999045139305952;0.9999915054663193;1.024999976158142;
2016-12-19 09:30:00;0.9999999999999999;0.9999561469947263;0.9998687825811517;0.9999772642594374;0.9999566831752568;0.9999638611950183;0.9999999999999999;0.9998810585361635;0.9998382574936002;0.9999867115443378;0.9999264716508205;1.0;0.9999897665423437;1.0;0.9998075229923257;0.9998202329527955;0.9998237346772094;0.9999999999999999;1.0;0.9998652841770653;0.9999503814406879;1.0;0.9998226441742482;0.9999981966510141;1.0002495981670907;0.9999018826861636;1.0;0.9999771778347093;0.9994134452894164;0.9995546847331152;1.0;0.999746469968508;0.9998913878922363;0.9993275595768575;0.9991785693120447;0.9996999377808022;1.0;0.9998470468558395;1.0002138846061641;0.9999080135470321;0.9999219539809295;0.9998504569117;0.9999913389171257;1.024999976158142;
2016-12-19 09:45:00;1.0;0.9999437971572593;0.9998859147090942;0.9999826189375232;0.9999626587206719;0.9999725394141457;1.0;0.9998950649485048;0.9998649022752913;0.9999869921899173;0.99993634041689;1.0;0.9999861240383285;1.0;0.9998146037782488;0.999830921480966;0.9998347215426151;1.0;1.0;0.9998843587020032;0.999951443281241;1.0;0.9998334732279506;0.9999981463797847;1.0002499985522177;0.9999116192103283;1.0;0.9999818465934468;0.9993912565448938;0.9995368850458685;1.0;0.9997440805097402;0.9999034326698185;0.9992861874346313;0.9991301040935854;0.999721079586087;1.0;0.9998409818410597;1.000213980553718;0.9999179140041651;0.9999267861874336;0.9998730040163832;0.9999884754922701;1.024999976158142;
2016-12-19 10:00:00;1.0;0.9999371503182978;0.9998681877434542;0.999979436033968;0.9999558205007757;0.999966739317142;1.0;0.9998878682185142;0.9998403130724496;0.999984856106726;0.999927289253077;1.0;0.9999872906217029;1.0;0.9998090849681044;0.9998273334116509;0.9998311681471767;1.0;1.0;0.9998673527924629;0.9999508405285042;1.0;0.999829979350784;0.9999983225180429;1.0002556926184296;0.9999040049288382;1.0;0.9999781567626983;0.999337410485015;0.9994742293012409;1.0;0.999728406602784;0.9998867820528068;0.999210257911405;0.9990061659579341;0.9997252265970882;1.0;0.9998445605343811;1.0002187383787877;0.9999037585511534;0.9999231769416908;0.999852538843187;0.9999886552942184;1.024999976158142;
2016-12-19 10:15:00;1.0;0.9999643176339424;0.9998888643512802;0.9999811921812518;0.9999625521204458;0.9999690365779236;1.0;0.9999077458932691;0.999860117189962;0.9999889423671134;0.9999390284021801;1.0;0.9999918594556629;1.0;0.9998575005064896;0.9998678640481351;0.9998702661017538;1.0;1.0;0.9998855631220799;0.9999592451122993;1.0;0.9998695012022787;0.9999988488332038;1.0002453600578525;0.9999187436035318;1.0;0.9999805875022317;0.9993541573735275;0.9994958221088146;0.9999999999999999;0.9997314811972353;0.9999066711805484;0.9992408718885473;0.9990547168883449;0.9997136522729799;0.9999999999999999;0.9998324813460232;1.0002107722646132;0.9999209650498826;0.9999356183015699;0.9998725095073175;0.9999930481504593;1.024999976158142;
2016-12-19 10:30:00;1.0;0.999963304986509;0.9998954539309652;0.9999827174462651;0.9999658614690073;0.9999724180236691;0.9999999999999999;0.9999037916830713;0.9998724980671547;0.999989491910308;0.9999416844737163;1.0;0.9999891118751262;1.0;0.9998410915469035;0.9998517442851099;0.9998546314922645;1.0;1.0;0.999891626034385;0.9999549981350749;0.9999999999999999;0.9998536458235213;0.9999984403953994;1.0002441265074007;0.9999176257895307;1.0;0.9999825053030456;0.9993932965529955;0.9995303442099805;1.0;0.9997285483990567;0.9999138199566154;0.9992302020410964;0.9990619343906453;0.9997120821798401;1.0;0.9998337614948799;1.0002095496832335;0.9999270063763799;0.9999319548176249;0.9998810405197945;0.999991472791515;1.024999976158142;
2016-12-19 10:45:00;1.0;0.9999577408837083;0.9999320248840758;0.9999907043379072;0.9999780106753695;0.9999856454657627;1.0;0.999934443497437;0.9999225888134637;0.9999916789179341;0.9999618396414003;1.0;0.9999894699856104;0.9999999999999999;0.9998758995675665;0.999888165416979;0.9998909276216991;1.0;1.0;0.9999320695891967;0.9999688912767819;0.9999999999999999;0.9998900117605258;0.9999986568562022;1.0002372672472786;0.9999460261196976;0.9999999999999999;0.9999901426088386;0.9993925439380104;0.9995251346406763;1.0;0.9997079083967806;0.999941674889626;0.9991057147576273;0.9989315646893663;0.9997350095234738;1.0;0.9998358544564258;1.0002035851238151;0.999950278398616;0.9999541936089477;0.999925942869019;0.9999912780246013;1.024999976158142;
2016-12-19 11:00:00;1.0;0.9999721915971402;0.9999001647437077;0.9999833837063506;0.9999666301173165;0.9999723192889308;0.9999999999999999;0.9999166503610051;0.9998737469051471;0.9999907192018166;0.9999456040738137;1.0;0.9999909460879071;1.0;0.9998732850248868;0.9998813549801773;0.9998833139441466;1.0;1.0;0.9998952881766047;0.9999584261700503;1.0;0.9998825990440982;0.9999989342405804;1.0002399636008708;0.9999228975543535;1.0;0.9999828559166004;0.9994094739852246;0.9995413012510646;0.9999999999999999;0.9997004931872575;0.9999171754257081;0.9990853843474262;0.9989203279824467;0.9997261849086511;0.9999999999999999;0.9998502184842545;1.0002064452133024;0.9999299639921124;0.9999367227628319;0.9998845563870828;0.9999930924295594;1.024999976158142;
2016-12-19 11:15:00;1.0;0.9999838991780866;0.9999288237115365;0.9999899469493586;0.9999790771746502;0.9999837876788852;0.9999999999999999;0.9999235995413902;0.9999168149648057;0.9999944838061556;0.9999608239593206;0.9999999999999999;0.9999817771601879;0.9999999999999999;0.9998687758108052;0.9998734548257382;0.9998754510938886;1.0;1.0;0.9999184922055289;0.9999424065326354;1.0;0.9998743449510685;0.9999983236115378;1.000241544143327;0.9999213740819385;1.0;0.9999898855661229;0.9993949538009385;0.9995174559750944;1.0;0.9997137224902266;0.9999465984427564;0.9991652588757786;0.9989767661783752;0.9997117653957158;1.0;0.9998528560047281;1.0002081766929705;0.9999550745832219;0.9999240068884306;0.9999172340109209;0.9999888768187273;1.024999976158142;
2016-12-19 11:30:00;1.0;0.999983826288982;0.9999172781741612;0.9999884434535963;0.9999757581553766;0.9999809947768066;0.9999999999999999;0.9999131091014454;0.9999027117579027;0.9999937662768345;0.9999549848435357;1.0;0.9999778871353218;1.0;0.9998529768440785;0.9998576748647878;0.9998597563759557;1.0;0.9999999999999999;0.9999039911192944;0.9999300431567192;1.0;0.9998584854030088;0.9999981409018772;1.0002442428689378;0.9999062474334443;1.0;0.9999881510273785;0.9994148572814888;0.9995398322391557;1.0;0.9997261388005504;0.9999383720291641;0.9992059656143197;0.9990321597061559;0.9997208984476632;1.0;0.9998670193700947;1.0002105359215636;0.999948214072718;0.999908418416173;0.9999031423512148;0.9999867422585309;1.024999976158142;
2016-12-19 11:45:00;0.9999999999999999;0.9999403997087297;0.9998834137464865;0.999985552984402;0.9999630523245111;0.9999757803158071;0.9999999999999999;0.9998950473743992;0.9998648720642754;0.9999870519690217;0.9999373787416423;1.0;0.999974359108376;1.0;0.9998090459189657;0.999826343110197;0.9998299320883316;1.0;1.0;0.9998755593477181;0.999925343927376;0.9999999999999999;0.9998283187511142;0.9999979925868976;1.0002534799252891;0.9998906543211209;1.0;0.9999834718824249;0.9993965011793504;0.9995184393327567;1.0;0.9997232112585156;0.9999027213189515;0.9991786967871058;0.9989880748839289;0.9997303933839148;1.0;0.9998665300865517;1.0002172213701388;0.9999173865473159;0.9998984173552463;0.9998695080118768;0.9999817981605205;1.024999976158142;
2016-12-19 12:00:00;1.0;0.999950372848031;0.9999067976585576;0.9999894290687777;0.9999722311680375;0.9999831480690765;1.0;0.9999028783953314;0.9998975531644562;0.999989905552296;0.9999490057879755;0.9999999999999999;0.9999731126631117;1.0;0.999813419716876;0.999827832156011;0.9998314363676378;1.0;1.0;0.9998979491906188;0.9999263302099867;1.0;0.9998297354594998;0.9999976957832243;1.00024988386467;0.9999005473818564;0.9999999999999999;0.99998817412169;0.9994146410880715;0.999543557777049;1.0;0.9997213135645149;0.9999251991470549;0.999150743182387;0.9989826086108466;0.9997438303264047;1.0;0.9998562115658608;1.0002143167528386;0.9999365159473674;0.9999032583266133;0.9998964464221121;0.9999818010637261;1.024999976158142;
2016-12-19 12:15:00;0.9999999999999999;0.9999729175249279;0.9999205588704985;0.9999887136291917;0.9999765395485408;0.9999825829089162;0.9999999999999999;0.9999121184163577;0.9999096319320168;0.9999927859886079;0.9999553602686704;0.9999999999999999;0.9999810884469464;1.0;0.9998418244194823;0.9998496971754842;0.9998525080033586;1.0;0.9999999999999999;0.9999120391996454;0.9999413624232109;1.0;0.9998512109433004;0.9999979934136957;1.0002461073938163;0.9999169169848209;1.0;0.9999887525486245;0.9993628441448517;0.9994798333748536;1.0;0.9996967799317709;0.9999390322972792;0.9991031568480517;0.9988856970610536;0.9997026892430356;1.0;0.9998918280382618;1.0002116182479006;0.9999485115078623;0.999921378295325;0.9999096214778151;0.99998773798541;1.024999976158142;
2016-12-19 12:30:00;1.0;0.9999913417586899;0.9999437192170628;0.9999910272041344;0.99998277696643;0.9999853991851877;1.0;0.9999431771930626;0.9999313884066859;0.9999958402418421;0.9999689723319145;0.9999999999999999;0.9999894881858018;1.0;0.999908907909004;0.9999114271269204;0.9999126990094682;1.0;1.0;0.9999366921089653;0.9999620164057529;0.9999999999999999;0.9999120279892244;0.9999989306790351;1.0002284981670504;0.9999437930311033;0.9999999999999999;0.999991151031969;0.9993497307113324;0.9994729467282801;1.0;0.9997274308031245;0.9999572060577052;0.9992023260498635;0.998982228254764;0.9997265098420063;1.0;0.9999014591175139;1.0001971666638276;0.9999640258368074;0.9999480813064341;0.9999338680389065;0.9999936253916502;1.024999976158142;
2016-12-19 12:45:00;1.0;0.9999878713199208;0.9999332036758074;0.999989725329153;0.9999798638445794;0.999983387671585;1.0;0.9999307615042746;0.9999198785296732;0.9999949380084;0.9999631295520544;1.0;0.9999859858099892;1.0;0.9998858341906507;0.999889352014675;0.9998910154339622;1.0;1.0;0.9999244544523069;0.9999519032469012;1.0;0.9998901300944891;0.9999986184841568;1.0002370614656948;0.9999308719349487;0.9999999999999999;0.9999898170679086;0.999352646724318;0.99946320482276;1.0;0.9997159809845338;0.9999494770367233;0.9991686568534789;0.9989335115608977;0.9997156325212232;1.0;0.9998665296820354;1.0002044225785818;0.9999575151290473;0.9999351026538521;0.9999218510262435;0.9999914662840163;1.024999976158142;
2016-12-19 13:00:00;1.0;0.9999831740768914;0.9999322029456109;0.9999888739692705;0.9999781451439244;0.9999818217605524;1.0;0.9999375215310772;0.9999160595130839;0.9999940920863326;0.9999626516005139;1.0;0.9999914324240533;1.0;0.999901113560802;0.9999059929330673;0.9999075297986838;1.0;1.0;0.9999272848391259;0.9999654742801929;0.9999999999999999;0.9999068940679948;0.9999990044695504;1.000228587439069;0.9999420336786153;1.0;0.9999887954880179;0.9993669223770856;0.9994851052007;1.0;0.999728343005095;0.9999455609503476;0.9991968725141283;0.998980068482624;0.999732983708859;1.0;0.9998828434819567;1.000196961187162;0.999954042228831;0.9999499618666297;0.9999214247752686;0.999994127777745;1.024999976158142;
2016-12-19 13:15:00;0.9999999999999999;0.9999892454175427;0.9999465640549229;0.999989593022637;0.9999853714299248;0.9999863594681123;1.0;0.9999216588447859;0.9999415579341387;0.9999958109251624;0.999966353274843;1.0;0.9999913596131942;1.0;0.9998572337597248;0.9998603571000019;0.999863168518984;1.0;1.0;0.9999423318931393;0.9999667568171788;1.0;0.9998621815038741;0.9999979503747876;1.000233530468259;0.9999464101628048;1.0;0.9999916661873082;0.9993039987964402;0.9994365752353613;1.0;0.9997237328421473;0.9999626759026458;0.9991910860003482;0.9989585573228476;0.9997238266337334;1.0;0.9998776650434473;1.0002008391755404;0.9999686181403779;0.9999527426268128;0.9999395295762077;0.999994503094951;1.024999976158142;
2016-12-19 13:30:00;1.0;0.9999897503396106;0.9999264729969992;0.9999866841289625;0.9999774805034335;0.9999794917953869;0.9999999999999999;0.9999203848563766;0.9999105899712569;0.9999943877156121;0.9999578661559183;0.9999999999999999;0.9999902642065461;1.0;0.9998712636162893;0.9998742374758602;0.999876268883253;1.0;0.9999999999999999;0.9999195693156442;0.9999587560471332;1.0;0.9998754406254123;0.9999984442446861;1.000237693684792;0.9999323723756239;1.0;0.9999876266049673;0.999364445054503;0.9994868400629987;1.0;0.9997304110392417;0.9999444685488252;0.9992219188864315;0.9990123575988302;0.9997230402293936;0.9999999999999999;0.9998871392121039;1.0002047716970475;0.9999533074740594;0.9999408934188924;0.999914135719655;0.9999939361650904;1.024999976158142;
2016-12-19 13:45:00;1.0;0.9999833204882754;0.9999252735829854;0.9999874498596137;0.9999757239965424;0.9999793717564923;1.0;0.9999327428032014;0.9999064599945316;0.999993575432602;0.9999589506312139;1.0;0.9999914330376223;1.0;0.9998962754718297;0.9999011199790602;0.9999026615440378;1.0;1.0;0.9999198812222823;0.9999635072792934;1.0;0.999902026727542;0.9999989831037691;1.0002349091586697;0.9999373428320637;0.9999999999999999;0.9999873516230194;0.99938288295595;0.9994874644791967;1.0;0.9997261100882202;0.999939925514465;0.999210195345666;0.9989849410101231;0.9997178552392333;1.0;0.9998866844363647;1.0002024253911266;0.9999493078378049;0.9999465361810019;0.9999130250852054;0.9999941308219423;1.024999976158142;
2016-12-19 14:00:00;1.0;0.9999824541878584;0.9999469083428897;0.9999907007899548;0.9999837182124124;0.9999864416482191;1.0;0.9999391061328836;0.9999383578847832;0.9999949876088997;0.9999687268017974;1.0;0.999993439112497;0.9999999999999999;0.9998925982560116;0.999897697287701;0.9998998104843122;1.0;1.0;0.9999447271931545;0.9999742694433547;1.0;0.9998991047697345;0.9999986780991102;1.0002323955593824;0.9999546699346298;0.9999999999999999;0.9999914909145632;0.9993713732294671;0.9994768041162629;0.9999999999999999;0.9996926297690367;0.9999585141398796;0.999148132560287;0.9989197777485285;0.9996599920586067;0.9999999999999999;0.9998881982918943;1.0001999787006677;0.9999649090429363;0.9999618278043486;0.9999401399280312;0.9999951724659413;1.024999976158142;
2016-12-19 14:15:00;1.0;0.9999213307860317;0.9998824655267079;0.999979897399984;0.9999642224557265;0.9999741807461776;1.0;0.999850447080833;0.9998761007907737;0.9999844149298943;0.9999269634825282;1.0;0.9999875983264757;1.0;0.9997016444857624;0.9997244967080375;0.9997318375357539;1.0;1.0;0.9998885944170064;0.9999586957213219;1.0;0.999729825926148;0.9999962360010382;1.0002544649180896;0.9999126964304581;1.0;0.9999819616908981;0.9994066461196631;0.99952298332754;0.9999999999999999;0.9997352108879488;0.9999033808879736;0.9992784965680196;0.9990879307493908;0.9996994690993085;0.9999999999999999;0.999889680470804;1.0002160154080306;0.9999174955994021;0.9999326999374286;0.9998761293208887;0.999987721768734;1.024999976158142;
2016-12-19 14:30:00;1.0;0.9999444486587153;0.9999178037799104;0.9999864339766817;0.9999754430524663;0.9999828897973733;1.0;0.9998917883814513;0.9999147616267262;0.999989361904956;0.9999487728015966;0.9999999999999999;0.9999892769552305;1.0;0.999782109312459;0.9997982420630465;0.9998035600818587;0.9999999999999999;1.0;0.9999212223736906;0.9999666548791659;1.0;0.9998020328930722;0.9999971847362314;1.0002474292075256;0.9999352309562101;0.9999999999999999;0.9999880209215692;0.9994017529805953;0.9995203715545352;1.0;0.9996338894649965;0.9999331865288394;0.9988899104195694;0.9987043748706419;0.9996594623916228;1.0;0.9998859643318526;1.000211131350625;0.9999429579293563;0.99994803485773;0.9999135187773865;0.9999902540396323;1.024999976158142;
2016-12-19 14:45:00;0.9999999999999999;0.9999764547324682;0.999924139152631;0.9999863789571366;0.9999753224359165;0.9999789599400125;1.0;0.9999255446086154;0.9999073016485159;0.9999926571274225;0.9999566068948279;0.9999999999999999;0.9999945077892299;1.0;0.9998775600754927;0.9998843926206485;0.999886680256576;1.0;1.0;0.9999222819085564;0.9999717337888219;0.9999999999999999;0.9998859922711433;0.9999987365202302;1.000231238160927;0.9999429824508678;0.9999999999999999;0.9999868973681154;0.9994177964917015;0.9995328263604739;1.0;0.9997224358835071;0.9999382630756315;0.9992078479682418;0.9990208752854252;0.9997084344253653;1.0;0.9998773156627173;1.0001987814153706;0.9999477486646111;0.9999550747385726;0.9999136204471987;0.9999953450383278;1.024999976158142;
2016-12-19 15:00:00;1.0;0.9999549211366389;0.9999208987365079;0.9999882056929409;0.9999735815642353;0.9999814166535557;1.0;0.9999289739398174;0.999906525174657;0.9999904752334092;0.999955774575619;0.9999999999999999;0.9999917905057146;1.0;0.9998720500696255;0.9998851268989081;0.9998879378561145;1.0;1.0;0.9999220494428873;0.9999716664953676;0.9999999999999999;0.9998871044490846;0.9999987732144369;1.0002391382594569;0.9999435448363027;0.9999999999999999;0.9999875980914682;0.999406411637218;0.9995151293828098;1.0;0.9996836831290076;0.9999312301967851;0.9990709300320734;0.9988710885336725;0.9996860297896395;1.0;0.9998800778161216;1.0002050912039295;0.9999414107226929;0.9999552564394414;0.9999130250378422;0.9999923585944424;1.024999976158142;
2016-12-19 15:15:00;1.0;0.9999363566865002;0.9999057936535478;0.9999868752057387;0.9999682743994973;0.9999792506248857;1.0;0.9999182709805973;0.9998905426281947;0.9999875636925858;0.9999476642223107;0.9999999999999999;0.9999895170942504;1.0;0.9998465907992988;0.9998650754564926;0.999868670110579;1.0;0.9999999999999999;0.9999088410031995;0.9999673804383539;1.0;0.9998676229420871;0.9999986130425386;1.0002412869170345;0.9999345434355329;1.0;0.9999855973223545;0.9993863500041812;0.9995027153386771;1.0;0.9996713466758133;0.9999161397165164;0.9990136461246408;0.9988100424298745;0.9996866709606935;1.0;0.99989282371063;1.000206352811938;0.9999283723544711;0.9999482961705448;0.9998980135187746;0.999989829352098;1.024999976158142;
2016-12-19 15:30:00;0.9999999999999999;0.9999544922117717;0.9999199157210295;0.9999884294252951;0.9999730338285413;0.9999812580754022;0.9999999999999999;0.9999319530535943;0.9999045290589076;0.9999903473918226;0.9999559222286688;1.0;0.9999913249305709;1.0;0.9998789674665315;0.9998921879290009;0.9998947899655851;1.0;1.0;0.9999205971984535;0.999970279013184;1.0;0.999893989791101;0.9999989480515151;1.0002327027954683;0.9999424271873549;1.0;0.9999874629496021;0.9993949629368796;0.9995116575207567;1.0;0.9996731781894458;0.9999299063358319;0.9990197063465268;0.9988209659900531;0.9996876668713468;1.0;0.9998901352485049;1.0001996076964839;0.9999402853042731;0.9999537490697344;0.9999116216064594;0.9999920805872398;1.024999976158142;
2016-12-19 15:45:00;1.0;0.9999866444838122;0.999940885033307;0.9999885467125467;0.9999823327349981;0.9999838182388849;1.0;0.9999262955323202;0.9999313082578507;0.9999949755672374;0.999964182619566;0.9999999999999999;0.9999939459025475;1.0;0.9998718463129788;0.9998757268924268;0.9998781950417802;1.0;1.0;0.9999379213072265;0.9999717524267758;0.9999999999999999;0.9998773968789236;0.9999983696328946;1.0002271900291486;0.9999487919303021;1.0;0.9999901087015154;0.9993691844591195;0.9994932321539951;1.0;0.9996729762675657;0.9999556801035782;0.9990243928889654;0.9988204419575913;0.999683892614628;1.0;0.9998925164084502;1.0001954009174612;0.9999626317519597;0.9999574975887942;0.9999327243216359;0.9999957485466775;1.024999976158142;
2016-12-19 16:00:00;1.0;0.9999862089992332;0.9999156454452232;0.9999801956941979;0.9999766937695956;0.9999751646090276;1.0;0.9998671194288081;0.9999074524861229;0.9999930461136702;0.9999438148099205;0.9999999999999999;0.999995392480512;1.0;0.9997597117905316;0.9997637093616271;0.9997687661581711;1.0;0.9999999999999999;0.9999136545173384;0.9999656833748084;1.0;0.999767358885047;0.9999966080762656;1.0002378910655614;0.9999281865430873;1.0;0.9999849805389396;0.9993363912768614;0.9994519021199816;1.0;0.9996638678779097;0.9999416803250216;0.99899131100616;0.9987540646868327;0.9996790232162776;1.0;0.9998900932186838;1.000203586061448;0.9999509501975314;0.9999443888084965;0.9999053713955453;0.9999965145693859;1.024999976158142;
2016-12-19 16:15:00;1.0;0.9999919915909636;0.9999410862897015;0.9999866118416567;0.9999838312708502;0.9999829949516603;1.0;0.9999082191906575;0.9999350434011232;0.9999954684536387;0.9999612559373877;0.9999999999999999;0.9999952914525138;1.0;0.9998350359096173;0.9998373640173938;0.9998407292089776;1.0;1.0;0.9999384441950999;0.999972336975833;1.0;0.9998397285194679;0.9999976577085298;1.0002304445923333;0.9999470188839057;1.0;0.9999898064106048;0.9993534879331215;0.9994850013504178;1.0;0.999649733692634;0.9999596151083502;0.9989515557962524;0.9987505415926182;0.999663752814369;0.9999999999999999;0.999886738749505;1.0001979241410295;0.9999660813936239;0.999957204890399;0.9999334063669391;0.9999968584803095;1.024999976158142;
2016-12-19 16:30:00;1.0;0.9999874381514514;0.9999074934477551;0.9999763249703311;0.9999780528908737;0.9999739614075216;1.0;0.9998157257012292;0.9999093733954187;0.9999928133794126;0.999932968558747;1.0;0.999991438692434;1.0;0.9996494608955536;0.9996531051331995;0.9996607841041771;1.0;0.9999999999999999;0.9999043454296389;0.9999520186262915;1.0;0.9996585555974027;0.9999946043869281;1.0002398078530306;0.99990894798685;1.0;0.9999842138720567;0.9993576208507483;0.9994830664263352;0.9999999999999999;0.9996918747869317;0.9999436188398577;0.9990918530684287;0.9988800397118843;0.9996940771891634;1.0;0.9999309371878441;1.0002042897764518;0.9999527710683023;0.999926116873485;0.9998982280339467;0.9999944320352709;1.024999976158142;
2016-12-19 16:45:00;1.0;0.999988015964839;0.9998878068933119;0.9999745365365524;0.9999676597977324;0.9999658138799421;1.0;0.9998427524222542;0.9998705404276147;0.9999911661483454;0.9999285149734519;1.0;0.999993659360585;1.0;0.9997285656423384;0.9997320415876836;0.999737329398764;1.0;1.0;0.9998826668673967;0.9999526519756351;0.9999999999999999;0.9997357925476819;0.99999634519068;1.0002432906888168;0.9999047185817513;1.0;0.9999794570276982;0.9993723448099808;0.9994983412579479;1.0;0.9996732557859722;0.999920498118799;0.9990388837825562;0.9988388233167779;0.9996744163517854;1.0;0.9999404632658947;1.000208206013634;0.99993322187028;0.999924841782055;0.9998715955740154;0.9999956889683196;1.024999976158142;
2016-12-19 17:00:00;1.0;0.9999865718507244;0.9999144967620911;0.999983465510863;0.9999731385481394;0.9999748520634024;1.0;0.9999089680150834;0.9998948574322672;0.9999930109700391;0.9999503618029878;0.9999999999999999;0.99999329790407;0.9999999999999999;0.9998546086011292;0.9998585081186769;0.9998609439157671;1.0;1.0;0.9999092909017298;0.9999623968059022;1.0;0.9998601298692782;0.9999983722703775;1.0002319280456222;0.999929606863332;1.0;0.9999847992351254;0.9993755123200314;0.9995063735530797;1.0;0.9996812224639164;0.9999341228731524;0.9990490869009069;0.9988572425488741;0.9996911521586315;0.9999999999999999;0.9999396693707768;1.0001995090753004;0.9999445211137787;0.9999424950335151;0.9999007038381512;0.9999953906113583;1.024999976158142;
2016-12-19 17:15:00;1.0;0.9999877300731875;0.9998874211453621;0.9999776757048876;0.9999650825745489;0.9999662469732025;1.0;0.9998770402839074;0.999861427931403;0.9999912331260992;0.9999343040017288;0.9999999999999999;0.9999908651137145;1.0;0.9998049387495266;0.9998085106339035;0.9998116744006983;1.0;1.0;0.9998791995882746;0.9999478135358091;0.9999999999999999;0.9998105789751113;0.9999977605355512;1.000234301370231;0.999904484657058;1.0;0.9999797122946302;0.999362216358877;0.9994952154554448;1.0;0.9996823573749195;0.9999148783648347;0.9990357773135278;0.99883585375168;0.9997027744259979;1.0;0.9999408443752199;1.0002013185960834;0.9999284384352558;0.9999210942517835;0.9998684902833607;0.9999941385624144;1.024999976158142;
2016-12-19 17:30:00;1.0;0.999972553843353;0.9998785660886101;0.9999694461892955;0.9999713826531814;0.9999673654401475;1.0;0.999754658177639;0.9998846596690973;0.9999893488027797;0.9999113218635798;1.0;0.9999879764437553;0.9999999999999999;0.9995239361869709;0.9995319015923075;0.9995426463749544;1.0;1.0;0.9998766107654435;0.999938197318989;1.0;0.9995395629354915;0.9999927005020789;1.0002386567275774;0.9998817223271456;1.0;0.9999796756508121;0.9993757871528646;0.999505060661561;1.0;0.9997117177514353;0.9999248151588067;0.9991479273921549;0.9989484265364982;0.999714251538781;1.0;0.9999603104555981;1.000201857478596;0.9999368113134416;0.9999044200692605;0.9998686230673649;0.9999915064330976;1.024999976158142;
2016-12-19 17:45:00;1.0;0.9999653997614781;0.9998533607860205;0.9999632367504203;0.9999641738851521;0.9999596262167545;0.9999999999999999;0.9997162700244241;0.9998572537919179;0.9999866045001327;0.9998943889120202;1.0;0.9999879012103678;1.0;0.9994533343229749;0.9994633723456802;0.9994757185874861;1.0;1.0;0.9998521379563258;0.9999316055541568;1.0;0.9994722503330641;0.9999917478770171;1.0002453122269908;0.9998633493798867;1.0;0.9999747257498759;0.9993697105979262;0.9995016399462621;1.0;0.9997025006313253;0.9999065534810996;0.9990964332268153;0.9988964639412493;0.9997213353078422;1.0;0.9999746007165454;1.0002068221835447;0.9999213731213858;0.9998918410886177;0.9998409526787426;0.9999909701585891;1.024999976158142;
2016-12-19 18:00:00;0.9999999999999999;0.999972113963545;0.9999040869303706;0.9999792883872891;0.9999738736198984;0.9999746652111244;0.9999999999999999;0.9998478570426884;0.9998988604782039;0.999991080511067;0.9999364684575472;1.0;0.9999904728909662;1.0;0.9997140439662009;0.9997221120667733;0.9997283504640783;1.0;1.0;0.9999021655493902;0.9999548621916127;1.0;0.9997265139791581;0.9999959619896865;1.0002243669622355;0.9999143090098189;0.9999999999999999;0.9999841274684228;0.9993919568275897;0.9995089131030325;0.9999999999999999;0.9996967471424576;0.9999324985579707;0.999079850646925;0.9988716634198929;0.9997153886890878;0.9999999999999999;0.9999761886104858;1.0001912646450184;0.9999430332915262;0.9999304789855511;0.9998943557015457;0.9999928506929593;1.024999976158142;
2016-12-19 18:15:00;1.0;0.999972113963545;0.9998959422604902;0.9999797788162315;0.9999687485317639;0.9999716152636668;1.0;0.9998711790661752;0.9998798875435864;0.9999904433006265;0.9999367963089605;0.9999999999999999;0.9999900807596541;1.0;0.9997734877318685;0.9997815563121764;0.9997860567066864;0.9999999999999999;1.0;0.9998919668661636;0.9999527910945937;1.0;0.9997846509201461;0.9999971723317613;1.0002197914375281;0.999912062002791;1.0;0.9999823439332117;0.9994563364981198;0.9995403907390656;1.0;0.9996998373980597;0.9999210999369644;0.9990715524748629;0.9988535148327875;0.9997300223756752;1.0;0.9999789512991439;1.0001879986978721;0.9999333844697781;0.9999279856768671;0.9998824027121826;0.9999926361086943;1.024999976158142;
2016-12-19 18:30:00;1.0;0.9999718252437167;0.9998598767327722;0.9999676238624804;0.9999631122217552;0.999960923970659;1.0;0.9997659246153232;0.9998530079895471;0.9999877508323659;0.9999053683276892;1.0;0.9999866858054707;1.0;0.9995640285829844;0.9995721814513194;0.9995815034182988;1.0;1.0;0.9998549528403966;0.9999308277103565;1.0;0.9995787395801132;0.9999936689307872;1.0002378437671218;0.9998700365742226;1.0;0.9999757543628556;0.9995172498205959;0.9995757990599262;1.0;0.9996939978572079;0.9999057628421587;0.9990638448392297;0.9988473814736447;0.9997179011604315;1.0;0.999978951299144;1.000201696416416;0.9999207424422073;0.999894022214235;0.9998443313573676;0.9999907548685263;1.024999976158142;
2016-12-19 18:45:00;0.9999999999999999;0.9999722619127114;0.9999006097170781;0.9999786733275275;0.9999735247519709;0.9999742646589262;1.0;0.9998378324005982;0.9998965889039522;0.9999909955059731;0.9999338437903981;1.0;0.9999883064098685;1.0;0.9996934731620837;0.9997015128319405;0.9997081593785777;1.0;1.0;0.9998974930378347;0.9999486248677683;1.0;0.9997061384887805;0.9999956079455175;1.0002196692708087;0.9999071072940315;1.0;0.9999838863873218;0.999520822079028;0.9995836073707081;1.0;0.9996971399925587;0.9999313135164204;0.9990811543030247;0.9988731476670885;0.999715552919041;0.9999999999999999;0.9999793644182156;1.0001870840234024;0.9999420849498052;0.9999227941120913;0.9998904797166984;0.999991670345365;1.024999976158142;
2016-12-19 19:00:00;1.0;0.9999694455330684;0.9998766623958781;0.999977498491066;0.999961671837734;0.9999661296483645;1.0;0.9998668058939181;0.999852376209393;0.9999888206989321;0.9999284481335771;0.9999999999999999;0.9999868799961424;0.9999999999999999;0.9997764720186905;0.9997853363096133;0.9997893753502411;1.0;0.9999999999999999;0.9998697122335725;0.9999409813709642;1.0;0.9997879814134687;0.9999974558366896;1.0002227055560873;0.9998952256696095;1.0;0.9999789386782313;0.999489396832722;0.999550344444538;1.0;0.9997227950793249;0.9999040467707698;0.9991498959085378;0.9989168648520462;0.9997456075050977;1.0;0.9999797452538722;1.0001906931882236;0.9999190139709739;0.9999121094710086;0.999858694521293;0.9999906919790498;1.024999976158142;
2016-12-19 19:15:00;0.9999999999999999;0.9999682187286397;0.9998848857042468;0.9999788554363311;0.9999642625824583;0.9999686293009584;0.9999999999999999;0.9998732465147421;0.9998633812794928;0.9999892245340098;0.9999326234867447;0.9999999999999999;0.9999884518192277;1.0;0.9997839250650556;0.9997931521954235;0.9997972228572566;1.0;1.0;0.999879686678809;0.9999473981831997;1.0;0.9997958833212784;0.9999975131469315;1.0002220232858487;0.9999041075783417;1.0;0.9999803878065976;0.9994869882927179;0.9995419515310794;1.0;0.9997077276567392;0.9999101224358525;0.9990870390321406;0.998843945463781;0.9997431376749143;1.0;0.9999797452538722;1.0001900452565882;0.9999240724660856;0.9999206240510738;0.9998689508881248;0.9999914668548558;1.024999976158142;
2016-12-19 19:30:00;1.0;0.9999736391392088;0.9998960193077305;0.999980660132226;0.999967921751653;0.9999714363665988;1.0;0.9998834783921622;0.9998766078835967;0.9999905415715842;0.999938898210379;1.0;0.9999895268942993;1.0;0.9998018931353452;0.9998095523966152;0.9998132476714259;1.0;1.0;0.99989085796504;0.999951636029824;1.0;0.9998120221729901;0.9999976852343896;1.0002142522520372;0.9999123718655335;1.0;0.9999822557224438;0.9995112905883555;0.9995840779267744;1.0;0.9997396766472584;0.9999195570600422;0.9991992704598208;0.998997215405956;0.9997626274046058;1.0;0.9999908604325449;1.0001835538377766;0.9999320923655868;0.9999272402811459;0.9998813280073802;0.9999924306332278;1.024999976158142;
2016-12-19 19:45:00;1.0;0.999972332201619;0.9998874635345322;0.9999803061293216;0.9999648013252487;0.9999695955520473;1.0;0.9998834852606507;0.9998642272028888;0.999989979772355;0.9999358386933661;1.0;0.9999863722110419;1.0;0.9998069297465684;0.9998149414935978;0.9998182733859865;0.9999999999999999;1.0;0.9998799137234148;0.9999426572336735;1.0;0.9998170303231328;0.9999978640197887;1.000212351813572;0.999902246265399;1.0;0.9999811171404202;0.9995848330608722;0.9996123868565666;0.9999999999999999;0.9997333415760268;0.9999118996542831;0.9991550914020425;0.9989316000325967;0.9997736008340588;1.0;0.9999912732606053;1.0001820874495304;0.999925656025053;0.9999162780815629;0.9998705135734756;0.9999906174560265;1.024999976158142;
2016-12-19 20:00:00;1.0;0.9999809304511131;0.999920269412337;0.9999852546999697;0.9999755588526617;0.999978266656533;1.0;0.9999091398383927;0.9999055088611838;0.9999930458720967;0.999953068616456;1.0;0.9999914472242151;1.0;0.9998454643051133;0.9998509792398803;0.9998538312644695;1.0;1.0;0.9999158280077619;0.9999613983253631;1.0;0.9998528626868359;0.9999981649175476;1.0001933076806058;0.9999314607913107;1.0;0.9999866197369714;0.9996721462061686;0.999683635186367;0.9999999999999999;0.9997419725015043;0.9999387757261887;0.999142700796847;0.998950003634708;0.999807807921254;1.0;0.9999908604325449;1.0001658840584595;0.9999483489611108;0.9999425119921624;0.9999088170073583;0.9999939953510082;1.024999976158142;
2016-12-19 20:15:00;1.0;0.999984040363702;0.9999265746259559;0.9999868528750628;0.9999785294426436;0.9999810620959162;1.0;0.999909466914703;0.9999154576160026;0.9999939823361537;0.9999564197504902;1.0;0.9999884453163869;1.0;0.9998416563418518;0.9998462808961172;0.9998491707212415;1.0;1.0;0.9999202989337651;0.9999554609261961;0.9999999999999999;0.9998480704046917;0.9999979652928164;1.0001922330507096;0.9999290958006352;0.9999999999999999;0.9999883341581428;0.9996628088550673;0.9996800165163129;1.0;0.9997816575603407;0.9999457291767855;0.9992959334042508;0.9991049439959601;0.9998228118810626;1.0;0.9999912732606053;1.0001650493603775;0.9999543024494455;0.9999370550677578;0.9999159198785066;0.9999925627772294;1.024999976158142;
2016-12-19 20:30:00;1.0;0.9999870776562851;0.999916681015514;0.9999846438718626;0.999975280211347;0.9999773232599579;1.0;0.9999013667955131;0.999901568804374;0.9999935334581429;0.9999510639280563;0.9999999999999999;0.9999881685952582;1.0;0.9998336404152814;0.9998373935771175;0.9998402380264905;0.9999999999999999;0.9999999999999999;0.9999089091992852;0.9999509091351194;1.0;0.9998391272902369;0.9999979166967939;1.0001945706896547;0.9999207140951953;1.0;0.9999862166428185;0.9996728031134197;0.9996917525424903;1.0;0.9997883746067896;0.9999384660488205;0.9993171304538999;0.9991350201310557;0.9998285551867291;0.9999999999999999;0.999990479290912;1.0001671372114838;0.9999482680144933;0.9999301481709859;0.9999034696170284;0.9999926192681176;1.024999976158142;
2016-12-19 20:45:00;0.9999999999999999;0.9999903298829305;0.9999232842775568;0.9999856890194081;0.9999763921498699;0.9999780914203947;1.0;0.9999165246646773;0.999906216947572;0.9999941889546846;0.9999557656882193;1.0;0.99999134296541;0.9999999999999999;0.9998660190903723;0.9998688308324436;0.9998709595118985;1.0;0.9999999999999999;0.999916595666551;0.9999594957001211;1.0;0.9998701354368459;0.9999984505908533;1.000186766599877;0.999931292387757;1.0;0.9999868458906883;0.999664547082402;0.999677742786402;1.0;0.9997948898862742;0.9999420462930106;0.9993040353495319;0.9991068111178676;0.9998569402151767;1.0;0.9999900664615026;1.0001606763191833;0.999951277821964;0.999941004466494;0.9999103602330902;0.9999945838403211;1.024999976158142;
2016-12-19 21:00:00;1.0;0.9999867173736297;0.9999260285887022;0.9999871578921853;0.9999776873172697;0.9999804268818794;1.0;0.9999174707009562;0.9999117469180339;0.9999942129990752;0.9999574986992311;1.0;0.9999885934621963;1.0;0.9998621249883226;0.9998659864501306;0.9998682629859816;0.9999999999999999;1.0;0.9999188301943357;0.9999552260221436;1.0;0.9998673147664244;0.9999983387051337;1.0001885411840277;0.9999293903022902;1.0;0.9999880793284713;0.9996311723279665;0.9996598352817136;1.0;0.9997972111370486;0.9999442972841468;0.9993181214227803;0.9991227540958286;0.9998543428060676;1.0;0.999990860432545;1.0001621435120598;0.9999531307299852;0.9999370007253006;0.9999141858761471;0.9999928262211835;1.024999976158142;
2016-12-19 21:15:00;1.0;0.9999816596422082;0.9999271847609579;0.9999875532547297;0.9999775767949121;0.9999809678158067;1.0;0.9999217424972522;0.9999132870742536;0.9999936666611302;0.9999583005995778;1.0;0.9999898542361323;0.9999999999999999;0.9998678161354665;0.9998731473259034;0.9998754601386014;0.9999999999999999;1.0;0.9999218142606956;0.999960033742779;1.0;0.999874568866818;0.9999984754023599;1.0001908279793166;0.9999343264353189;1.0;0.999988202844599;0.9996633848689862;0.9996784900825035;1.0;0.999781624895485;0.9999435874255467;0.9992828241465032;0.9990888112941403;0.9998316112897534;1.0;0.9999892724926028;1.0001639939416387;0.9999524040668526;0.9999426689066105;0.9999163801668812;0.9999931662289675;1.024999976158142;
2016-12-19 21:30:00;1.0;0.9999865015101648;0.9998999713057041;0.9999834756757535;0.9999710634952234;0.9999747281285051;1.0;0.9998837927686317;0.9998826663361939;0.9999927990328196;0.9999429528043786;0.9999999999999999;0.9999788008420138;1.0;0.9998034987629056;0.9998074269200486;0.9998104731913929;1.0;1.0;0.9998860145946548;0.9999248345892979;1.0;0.9998089702534625;0.9999974813072038;1.0002017733443613;0.9998923454257275;1.0;0.9999845867628413;0.9996815132885697;0.9996953374158586;1.0;0.9997796388381595;0.9999274375895999;0.9992775284130828;0.9990935686716309;0.9998292631249445;1.0;0.9999912732606053;1.0001734421482589;0.9999391171009281;0.9998987501625067;0.9998830066376859;0.9999874431741074;1.024999976158142;
2016-12-19 21:45:00;1.0;0.9999867156520909;0.9999193347267169;0.9999861335220438;0.9999763111852751;0.9999791894181079;1.0;0.9999052921998384;0.9999052744745731;0.9999939259976066;0.9999533253373105;0.9999999999999999;0.999985564974853;1.0;0.9998389757082643;0.999842830578052;0.9998454992631286;0.9999999999999999;0.9999999999999999;0.9999102391532235;0.9999461291714629;1.0;0.9998443395778647;0.9999979671570219;1.0001907700944563;0.9999185190723379;1.0;0.9999873317593533;0.9996544814950954;0.9996867675623672;1.0;0.9997993279937682;0.9999406129759625;0.9993390802315788;0.9991646500528848;0.9998464833532931;0.9999999999999999;0.9999888913511114;1.000163973323249;0.9999500908924056;0.9999256389768012;0.9999063570408324;0.9999911680209053;1.024999976158142;
2016-12-19 22:00:00;1.0;0.9999890998451787;0.9999316516993728;0.9999888249020568;0.999980367180566;0.9999831568018017;0.9999999999999999;0.9999184184045996;0.9999207553832883;0.9999950397485331;0.9999607163348765;1.0;0.9999852276042474;1.0;0.9998596855845913;0.9998628470301785;0.999865116479106;1.0;1.0;0.9999224642941048;0.9999484892775891;1.0;0.9998640372601673;0.999998175500475;1.0001915193656556;0.9999262551444644;1.0;0.9999897215634888;0.9996605066116425;0.9996884084527807;1.0;0.999783891471198;0.999950477108768;0.9992984782896248;0.9991220478735781;0.9998277764535329;1.0;0.9999912732606052;1.0001648276039772;0.9999584213318736;0.999930624203106;0.9999204739280876;0.9999911487252299;1.024999976158142;
2016-12-19 22:15:00;1.0;0.9999874398729236;0.9999323608891096;0.9999880427362753;0.9999787907911208;0.9999812659858749;1.0;0.9999308406031691;0.999917107978317;0.9999944966427979;0.99996167546125;1.0;0.9999920068345055;1.0;0.9998889744934755;0.9998926261071148;0.9998944001205207;1.0;1.0;0.9999270109555127;0.9999649001141913;1.0;0.9998937026906091;0.9999987890688771;1.0001840756615241;0.9999406456028007;1.0;0.9999886082948964;0.9996776808979962;0.9997144603388072;1.0;0.9998127006528557;0.999947521403437;0.9993945665663025;0.9992418491538962;0.999848939475074;1.0;0.999989685320429;1.0001584294494668;0.9999557895306705;0.999948953627659;0.9999213606386256;0.9999947471226036;1.024999976158142;
2016-12-19 22:30:00;1.0;0.9999879450575286;0.9999461552248695;0.9999905792302051;0.9999843167861991;0.9999864100948879;1.0;0.999933381915862;0.9999382235977095;0.9999956416038298;0.9999681287662557;0.9999999999999999;0.9999909249468888;1.0;0.9998829162172665;0.9998864182069787;0.9998885503738436;1.0;1.0;0.9999413207512116;0.9999661603908784;1.0;0.9998877195745656;0.9999984888357906;1.0001816294916663;0.9999471212077193;1.0;0.9999916380400029;0.9996790881222959;0.9997111351284987;1.0;0.9998106024324668;0.9999602416597806;0.9993837810468511;0.9992248648868292;0.9998499892785461;1.0;0.999985427821392;1.0001562065346972;0.9999665212644319;0.9999525831624726;0.9999383650344339;0.9999941898749243;1.024999976158142;
2016-12-19 22:45:00;1.0;0.9999858484689705;0.9999422494905291;0.9999901388805916;0.9999832326947992;0.9999857730667052;0.9999999999999999;0.9999286063614804;0.99993417798496;0.9999952303437809;0.9999659158289349;1.0;0.9999896234610156;1.0;0.9998734211127046;0.9998775274067925;0.9998798488588595;0.9999999999999999;1.0;0.999936967095167;0.9999626200934554;0.9999999999999999;0.9998789301701191;0.9999983625322674;1.0001798879066548;0.9999425298449919;0.9999999999999999;0.9999911807622212;0.9996968131070368;0.9997284981794078;1.0;0.9998250857354641;0.9999572593598581;0.9994180170333565;0.9992693110422864;0.9998701558673001;1.0;0.9999769789522027;1.0001546128300816;0.9999639928601054;0.9999480132129038;0.9999340599440432;0.9999933322868935;1.024999976158142;
2016-12-19 23:00:00;1.0;0.9999843305839203;0.9999564356648454;0.9999927286369039;0.9999879051006048;0.9999903766964175;0.9999999999999999;0.9999394340604637;0.999953483774594;0.9999960286147437;0.9999733147509431;1.0;0.9999911077672755;1.0;0.9998854665051548;0.9998900118315406;0.9998923539500153;1.0;1.0;0.9999532946543391;0.9999706571452018;1.0;0.9998914903052033;0.9999984327228363;1.0001775430015571;0.9999554083887955;1.0;0.9999938409564707;0.999691124195985;0.9997231684517994;1.0;0.9998191397218329;0.9999681545633775;0.9994160424832996;0.9992648196521626;0.9998537102284232;1.0;0.9999787144058812;1.000152527138859;0.9999730969635376;0.9999594092148999;0.9999515579900822;0.9999940409205866;1.024999976158142;
2016-12-19 23:15:00;1.0;0.9999851274355798;0.999949949709058;0.9999920381114739;0.9999840142561812;0.9999871744280484;1.0;0.9999521244865608;0.999939139600483;0.9999954835305798;0.9999722316405362;1.0;0.9999931347088163;1.0;0.9999211059035508;0.9999254289297339;0.9999267573405881;0.9999999999999999;1.0;0.999946613062257;0.9999737889028131;1.0;0.9999262245294261;0.9999991952325353;1.000176138496544;0.9999566603232687;1.0;0.9999920166032222;0.9997015539024794;0.9997297637145259;1.0;0.9998227507967158;0.9999597410970061;0.9994300138963303;0.9992796579169076;0.9998550536076188;0.9999999999999999;0.99997792045506;1.0001516875029417;0.999965973343306;0.9999622882269926;0.9999425084346715;0.9999952049218173;1.024999976158142;
2016-12-19 23:30:00;1.0;0.9999893892173541;0.9999563166897418;0.9999930954689383;0.9999863427440434;0.9999888803043139;1.0;0.999956606531959;0.9999470359742187;0.9999963845175706;0.999975761825376;1.0;0.9999929850176337;1.0;0.9999287366305722;0.9999318156038615;0.9999329454880529;0.9999999999999999;1.0;0.9999523340348965;0.9999740511966171;1.0;0.9999324410267163;0.9999992272802976;1.0001734880811737;0.9999594764800156;1.0;0.9999931664248216;0.9996916877901317;0.9997200552347079;1.0;0.9998270095578542;0.9999657264683763;0.9994403396178416;0.9992835249964334;0.9998607945391198;1.0;0.9999773917673768;1.0001495510155523;0.9999710940917728;0.9999636543048059;0.9999494073492632;0.9999954199985776;1.024999976158142;
2016-12-19 23:45:00;1.0;0.9999871505461803;0.9999761441984195;0.9999968837088246;0.9999925765567622;0.9999951742415824;0.9999999999999999;0.9999753958397476;0.9999730811455159;0.9999974079252417;0.9999866417039175;1.0;0.9999952047123941;1.0;0.9999537502955412;0.9999574848264792;0.9999584358222813;1.0;1.0;0.9999751045165574;0.9999857974307866;1.0;0.9999580674330817;0.9999994799580648;1.0001660018071297;0.9999782440386862;1.0;0.9999967623053536;0.9997043986677573;0.9997352235335438;1.0;0.9998339836430888;0.999980331793764;0.999459917091382;0.9993148165893888;0.999868414138117;1.0;0.99997792045506;1.0001430656854124;0.9999832813534817;0.9999802810784233;0.9999736498515236;0.9999964799605205;1.024999976158142;
2016-12-20 00:00:00;1.0;0.9999914137698928;0.9999503412434454;0.9999907324510435;0.999984486747369;0.999985855949724;1.0;0.9999468134558301;0.9999393445376374;0.9999959941527783;0.999971294252616;1.0;0.9999952630305946;1.0;0.999914022744969;0.9999165196491353;0.9999179622932509;0.9999999999999999;1.0;0.9999470389630457;0.9999764905613556;1.0;0.9999174531595207;0.9999990350183157;1.0001754327565413;0.9999578909221865;1.0;0.9999914593892285;0.9997102934911665;0.9997359981810555;0.9999999999999999;0.999825353996433;0.9999617658054927;0.9994347152906153;0.9992860819522191;0.9998596620095433;1.0;0.9999784930889264;1.0001510970231682;0.999967793556399;0.9999648341283351;0.9999424080409636;0.9999968074940684;1.024999976158142;
2016-12-20 00:15:00;1.0;0.9999961831011395;0.9999730886613888;0.9999957437383897;0.9999920699651691;0.9999933058530681;1.0;0.999969998819497;0.9999680192249308;0.999998144665114;0.9999848777778542;0.9999999999999999;0.9999942967220053;1.0;0.999950000417098;0.9999511135222804;0.9999518583600893;1.0;0.9999999999999999;0.9999693640779022;0.9999799969525981;0.9999999999999999;0.9999514736920732;0.999999379513718;1.0001704330629306;0.9999714029831845;0.9999999999999999;0.9999959753272016;0.9996828177062717;0.9997116141780166;1.0;0.9998260713903852;0.9999801659949153;0.9994315407546827;0.9992696515266453;0.9998639868594191;0.9999999999999999;0.9999769789522027;1.0001471517611267;0.9999833485620362;0.999973070885174;0.9999684488934248;0.9999966083666556;1.024999976158142;
2016-12-20 00:30:00;1.0;0.9999962548953113;0.9999616663403025;0.9999936309318198;0.9999881700459583;0.9999895851585461;1.0;0.999961731450387;0.9999524309942759;0.9999973836928482;0.9999788657972625;1.0;0.9999936691927404;1.0;0.9999408097810715;0.9999419006118366;0.999942661662608;1.0;1.0;0.999956795121298;0.9999751608677309;0.9999999999999999;0.999942249535879;0.9999993461991883;1.0001698471994773;0.9999624396039849;1.0;0.9999938078310542;0.9996983677714706;0.9997293155728955;1.0;0.9998320591722811;0.9999709942340658;0.999428528355099;0.9992793141260733;0.9998839485293807;1.0;0.9999784930889265;1.0001466519076578;0.9999756506620291;0.9999657143720231;0.9999545801912524;0.999996269798279;1.024999976158142;
2016-12-20 00:45:00;1.0;0.9999925694524529;0.9999761945359283;0.9999964650027756;0.9999932298537242;0.9999948667144083;1.0;0.9999703746295233;0.9999735919438063;0.9999980154559522;0.9999861686314895;1.0;0.9999942697864986;1.0;0.9999456960169948;0.9999478557530043;0.9999488577831555;0.9999999999999999;1.0;0.9999735782200818;0.9999818634607764;1.0;0.9999484205442057;0.9999992838441644;1.000167308897905;0.999974314174785;0.9999999999999999;0.9999967618349893;0.999693288194306;0.9997266410092177;1.0;0.999839791926524;0.9999823625952965;0.9994803662807128;0.9993318346937982;0.9998719783889435;1.0;0.9999784930889265;1.0001442869231398;0.9999851248471358;0.9999756854038906;0.9999729959811864;0.9999963436757553;1.024999976158142;
2016-12-20 01:00:00;1.0;0.9999906168977648;0.9999715304252722;0.9999953950063923;0.9999909339016327;0.9999927702004778;1.0;0.9999716364686689;0.9999657877127875;0.9999973586074408;0.9999839569751843;1.0;0.9999963741310185;1.0;0.9999521040209747;0.9999548234900033;0.9999556897944774;1.0;0.9999999999999999;0.9999700635931549;0.9999859550438931;1.0;0.999955372031038;0.9999994944546851;1.00016354596948;0.9999759718596444;0.9999999999999999;0.9999954879530616;0.9997234355142239;0.9997671826554821;1.0;0.9998575581232445;0.9999770561076631;0.9995485470020113;0.9994351137903648;0.999878971408103;1.0;0.9999783332749329;1.000141012022365;0.9999805884941265;0.9999794596318858;0.9999675621174323;0.9999973632778507;1.024999976158142;
2016-12-20 01:15:00;0.9999999999999999;0.9999912673540752;0.999967205161354;0.9999947149569934;0.9999902664466862;0.9999921074548226;1.0;0.999961785410325;0.9999620787467488;0.9999973022941665;0.9999810472779064;1.0;0.9999939576363086;1.0;0.999932915365367;0.999935447159652;0.9999366480049192;0.9999999999999999;1.0;0.9999641882134435;0.9999787745826173;1.0;0.9999361534664931;0.9999991656825761;1.000160669499374;0.9999676978137771;1.0;0.9999951235272032;0.9997601420762926;0.999819794374099;1.0;0.9998878119014207;0.9999751846027739;0.9996634745550236;0.9995976530822177;0.999891688089469;1.0;0.9999768191385614;1.0001384511128164;0.9999790764702655;0.9999706228214028;0.9999624881094283;0.9999960837429509;1.024999976158142;
2016-12-20 01:30:00;1.0;0.9999935804488838;0.999951096920614;0.9999917017094212;0.9999846565778718;0.9999865304550154;1.0;0.9999519562445678;0.9999390957350187;0.9999964354683895;0.999972887883813;1.0;0.9999931573589346;1.0;0.9999256352427054;0.9999274990403857;0.9999285214319407;0.9999999999999999;1.0;0.9999459251409073;0.9999715708809542;1.0;0.999928034173032;0.9999992092938468;1.000159510975519;0.9999547988465863;1.0;0.9999919494075088;0.99976473979339;0.9998274208917961;1.0;0.9999126853287913;0.9999623241873786;0.9997167264119088;0.9996575591052568;0.9999301607862724;1.0;0.9999792870387789;1.0001375728598523;0.9999683228425525;0.9999598498291828;0.9999424066805277;0.999995804684708;1.024999976158142;
2016-12-20 01:45:00;1.0;0.9999945204986435;0.9999601875070941;0.9999929075304228;0.9999875989601147;0.999988854820618;1.0;0.9999586730911947;0.9999509195354729;0.9999970287462461;0.9999774437223139;1.0;0.9999951263654218;1.0;0.999934590465961;0.9999361839034769;0.999937175227826;1.0;1.0;0.9999565424509574;0.9999784075579835;1.0;0.9999367643343495;0.9999992745699351;1.0001614065852642;0.9999641835079464;1.0;0.9999933331723622;0.9997767045564047;0.9998419249624423;0.9999999999999999;0.9999007377858273;0.9999695367851763;0.9997121608051068;0.9996654791423337;0.9998974062907038;0.9999999999999999;0.9999765981197067;1.0001392033037322;0.9999743777307644;0.9999688864803224;0.9999533754832888;0.9999969483593444;1.024999976158142;
2016-12-20 02:00:00;1.0;0.9999940144690654;0.9999682076058439;0.9999949948601542;0.9999904133339528;0.999992071955538;1.0;0.9999658995012426;0.9999619837651216;0.9999976278203883;0.9999822026129412;1.0;0.9999938689892363;1.0;0.9999432152258586;0.9999449550303458;0.9999458306052156;1.0;1.0;0.9999644314194149;0.9999782210306675;1.0;0.9999454053409101;0.9999993259841305;1.0001610012869488;0.9999678937971379;0.9999999999999999;0.9999951890441748;0.9997460812849442;0.9998220687240811;1.0;0.9999012702425079;0.9999759510813608;0.9997135643331014;0.9996631662474179;0.9998980490473793;1.0;0.9999792870387791;1.0001389148897022;0.9999797691233521;0.9999702802051124;0.9999629493912239;0.9999962242858269;1.024999976158142;
2016-12-20 02:15:00;1.0;0.9999929308349164;0.9999602625072577;0.9999933784896;0.9999872615520319;0.9999891066534402;1.0;0.9999630121332902;0.9999502101968456;0.9999968932542102;0.9999781540643237;0.9999999999999999;0.9999949540837687;1.0;0.9999431616169565;0.9999452163286392;0.9999460142170976;1.0;1.0;0.9999567069882912;0.9999787218221173;1.0;0.9999456528893733;0.9999994410280597;1.0001612274017544;0.9999650266410899;1.0;0.9999934346802969;0.9997509114874215;0.9998255254328954;1.0;0.9999004341481281;0.9999686084347105;0.9997078752965274;0.9996585114032848;0.9998994011916519;0.9999999999999999;0.999977539322716;1.0001391005462346;0.9999735565984416;0.999969473862855;0.9999534392692857;0.9999967437810391;1.024999976158142;
2016-12-20 02:30:00;1.0;0.9999956770698687;0.9999672066591725;0.9999942107576472;0.9999902744260687;0.9999912734225981;1.0;0.9999617941343186;0.9999609713019503;0.9999976731487868;0.9999809913532492;1.0;0.9999947506052633;0.9999999999999999;0.9999362926094879;0.9999375520514968;0.9999385835371515;1.0;1.0;0.9999636328898425;0.9999792112663735;1.0;0.9999381440469524;0.9999992043936976;1.0001559144635954;0.9999677258497651;0.9999999999999999;0.9999947827005494;0.9997529091973025;0.9998337288836949;1.0;0.9999197746827299;0.9999758589576913;0.9997403124792141;0.9997007782173539;0.9999354210570143;1.0;0.9999794345948028;1.0001344637439389;0.9999797241485006;0.9999709627570857;0.9999617563510949;0.9999968221737743;1.024999976158142;
2016-12-20 02:45:00;1.0;0.9999958208736147;0.9999751375070419;0.9999961241739711;0.9999929402311994;0.9999941592502475;0.9999999999999999;0.9999697680157604;0.9999714372444812;0.9999982821242305;0.9999857363675262;1.0;0.9999940848266998;1.0;0.9999473942966545;0.9999486091610544;0.9999494614586085;1.0;1.0;0.9999715798292319;0.9999801375927707;1.0;0.9999490428652512;0.9999993051221581;1.0001580149505473;0.9999722963941614;1.0;0.9999964647345673;0.9997666625707491;0.9998382654026488;1.0;0.9999048948351004;0.9999820943070892;0.9997288252260641;0.9996851850443105;0.9998985590304027;1.0;0.9999771265073594;1.0001363671205654;0.9999849689243601;0.9999735534531786;0.9999710934998529;0.999996467967378;1.024999976158142;
2016-12-20 03:00:00;1.0;0.9999939409420133;0.9999645862965083;0.9999940321721331;0.9999884146386251;0.9999900045429709;1.0;0.9999690368037589;0.9999548987074758;0.999997205136369;0.9999807321008898;1.0;0.9999961652059729;1.0;0.9999543493224561;0.99995610490849;0.9999566988045553;0.9999999999999999;1.0;0.9999616593299452;0.9999825229291858;1.0;0.9999564299892881;0.9999996001619084;1.0001598441989437;0.9999701767215751;1.0;0.9999939909790764;0.9997690295931247;0.9998395235686419;1.0;0.9999039738305662;0.9999716321591643;0.9997308772214925;0.9996871923415203;0.9998943994149512;1.0;0.9999783332749329;1.0001379791970186;0.9999760957509739;0.9999744719478197;0.9999583696639285;0.9999974789607902;1.024999976158142;
2016-12-20 03:15:00;1.0;0.9999920636417754;0.9999736933680362;0.9999964509614069;0.9999923595070243;0.9999944522021776;1.0;0.9999702473955681;0.9999701097367656;0.9999978619287007;0.9999853096311558;1.0;0.9999930535765104;1.0;0.9999466644967429;0.9999489705255116;0.999949872997276;1.0;1.0;0.9999702550410915;0.9999786330224346;1.0;0.999949418749276;0.9999993250929409;1.0001586918141616;0.9999708888968342;1.0;0.9999964992206145;0.9997833767786902;0.9998521243101391;1.0;0.9999114884897334;0.9999801752957586;0.9997530658566552;0.9997159744612671;0.9999018897728991;0.9999999999999999;0.9999767456746949;1.0001368886952948;0.9999832867043036;0.999971831152635;0.9999698435622714;0.9999956421659728;1.024999976158142;
2016-12-20 03:30:00;0.9999999999999999;0.9999906177463146;0.999971634981638;0.9999954889018495;0.9999915369816883;0.9999933559990566;1.0;0.9999668282412612;0.9999676069072083;0.9999974729633611;0.9999835178437381;1.0;0.9999949144587215;0.9999999999999999;0.9999405022357248;0.9999432249298371;0.9999443521940533;1.0;0.9999999999999999;0.9999695427249407;0.9999825171127263;1.0;0.9999439141583624;0.9999992641382142;1.0001537809411016;0.9999728476313154;1.0;0.9999958249088357;0.9997741197844137;0.999842117078431;1.0;0.9999214372481942;0.999978208853995;0.9997549525493308;0.9997099628791476;0.9999304561656794;1.0;0.9999769789522027;1.0001324923619077;0.9999815874206629;0.9999755737391346;0.9999679134334828;0.9999965625560775;1.024999976158142;
2016-12-20 03:45:00;1.0;0.9999933639693184;0.9999696592527455;0.9999945939394835;0.9999910116359824;0.9999921526655473;1.0;0.9999631227696362;0.9999647398940621;0.9999975742285132;0.9999820392971462;1.0;0.9999955591993267;0.9999999999999999;0.9999359788562708;0.9999379062826719;0.9999390733727405;1.0;1.0;0.9999672661626735;0.9999824289477657;1.0;0.9999386378717802;0.9999991924779653;1.0001592287752783;0.9999714493529931;0.9999999999999999;0.9999952225003224;0.9997606914136052;0.9998290596236931;1.0;0.9998920279135286;0.9999773540166496;0.9996790321641125;0.9996267779082191;0.9998937718363178;1.0;0.999977539322716;1.000137222547979;0.999980924134831;0.9999749308592211;0.9999652391535562;0.999997105793579;1.024999976158142;
2016-12-20 04:00:00;1.0;0.9999955323828511;0.9999682056084427;0.9999947166533061;0.9999901594872971;0.9999914750695729;0.9999999999999999;0.9999678368772009;0.9999608854299218;0.9999976967162751;0.9999823282907639;1.0;0.9999950040266553;1.0;0.9999491347281895;0.9999504355324581;0.9999511553583745;1.0;1.0;0.9999646508526355;0.999980354064243;1.0;0.9999508055350407;0.9999994366675169;1.0001588919727311;0.9999696457635616;1.0;0.9999948950214576;0.9997774160774351;0.9998432157360841;0.9999999999999999;0.9999022773462185;0.9999757186353057;0.9997174004787829;0.9996720389616858;0.9998984673000969;1.0;0.9999775393227162;1.0001371556694818;0.9999795856985679;0.9999726188078357;0.9999626277929248;0.9999969511872517;1.024999976158142;
2016-12-20 04:15:00;1.0;0.9999953150590373;0.9999689287083977;0.9999951802895937;0.9999912541743345;0.9999927266406643;1.0;0.9999618832545464;0.9999643613165322;0.999997915416188;0.9999821989893785;1.0;0.9999922918128352;1.0;0.9999337363701912;0.999935097506707;0.9999361526523166;0.9999999999999999;0.9999999999999999;0.9999641841192802;0.999974291654515;1.0;0.999935618429922;0.9999991169668734;1.0001601686384662;0.9999646205040658;1.0;0.9999956065185301;0.9997675688254063;0.9998349866011375;1.0;0.9999042509315114;0.9999778336455722;0.9997256120504745;0.9996762190349455;0.999898803802827;1.0;0.9999776991363291;1.0001381768119133;0.9999814083513263;0.9999659669053123;0.999963770853096;0.9999954503731309;1.024999976158142;
2016-12-20 04:30:00;1.0;0.9999902546237746;0.9999668197767412;0.9999946139666265;0.9999893696534545;0.9999913881363812;1.0;0.9999679476820563;0.9999595720474844;0.9999970308272327;0.9999814833731141;1.0;0.9999958252977033;1.0;0.9999473016807059;0.9999501229111176;0.9999510221051273;1.0;1.0;0.9999648140618483;0.9999834287831758;1.0;0.9999506772166273;0.9999994624045909;1.0001553440607933;0.9999718640338188;1.0;0.9999946717053003;0.999768659099674;0.9998336307651519;1.0;0.9999085693142836;0.99997329071478;0.9997020363699356;0.9996490174871617;0.9999277876013511;1.0;0.9999768191385615;1.0001339108218725;0.999977424585928;0.9999758531577976;0.999961905963246;0.9999970381588228;1.024999976158142;
2016-12-20 04:45:00;1.0;0.9999932184349216;0.9999700178198438;0.9999950200994595;0.9999908079541318;0.9999922899342483;1.0;0.9999677236225354;0.9999641522308778;0.9999975829443973;0.9999829494828582;1.0;0.9999953785679818;1.0;0.9999459111652524;0.9999478766999463;0.9999487832974407;1.0;1.0;0.9999673922171549;0.9999823640236704;0.9999999999999999;0.9999484084335432;0.9999993720114009;1.0001580737426363;0.999972032482712;1.0;0.9999952954159026;0.999774775030633;0.9998430420358734;1.0;0.9999037265034634;0.9999769386646413;0.9997259952426032;0.9996826558275153;0.9998969757470973;1.0;0.9999773917673769;1.0001363275585449;0.9999805630480946;0.9999751227085713;0.9999653722973046;0.999996997713884;1.024999976158142;
2016-12-20 05:00:00;1.0;0.9999923512402934;0.9999563483011285;0.9999923353445853;0.9999863554032682;0.999987987539397;0.9999999999999999;0.9999548323698066;0.9999464956185574;0.9999965838900289;0.9999752536815407;1.0;0.9999946629851961;0.9999999999999999;0.9999274909275312;0.9999297077311206;0.9999308554439268;0.9999999999999999;1.0;0.9999527211596564;0.9999768212029444;1.0;0.9999303960354807;0.9999992011396776;1.0001613329277466;0.9999612427376569;1.0;0.9999927568537775;0.9997803954869995;0.9998482072450601;0.9999999999999999;0.9999069010712323;0.9999662780190272;0.9997393074540417;0.9996989346255392;0.9998974608556748;1.0;0.9999769789522026;1.0001390502535954;0.9999716032730701;0.9999664762176657;0.9999491665486199;0.9999965455216818;1.024999976158142;
2016-12-20 05:15:00;1.0;0.9999956761859288;0.9999698818043734;0.9999943175058961;0.9999906581831673;0.9999913702639726;1.0;0.9999669839439956;0.9999631760848962;0.9999977040486073;0.9999825075331077;1.0;0.9999970912928141;1.0;0.9999467838868564;0.9999480400965474;0.9999489195919667;1.0;0.9999999999999999;0.9999676947587137;0.9999853858722539;1.0;0.9999486046977707;0.999999389476686;1.00015951037554;0.9999740648142107;0.9999999999999999;0.9999948469202656;0.9997667410991378;0.9998356276324177;1.0;0.9998904802154709;0.999977067923805;0.9996795624221058;0.999632163531686;0.9998887670209967;1.0;0.9999769789522025;1.0001375890776434;0.9999807032770825;0.9999782405812284;0.9999649504880629;0.9999981057473867;1.024999976158142;
2016-12-20 05:30:00;1.0;0.9999901843567152;0.999963492179531;0.9999949648030703;0.9999891382398848;0.999991863113376;0.9999999999999999;0.9999612718274908;0.9999574050753419;0.9999970795111758;0.9999799091122945;1.0;0.9999910599692795;1.0;0.9999328853014471;0.9999357353195978;0.9999367993025541;1.0;1.0;0.9999587249172197;0.9999716406445481;1.0;0.9999362381444369;0.9999991899401421;1.0001630301832425;0.9999607783375926;1.0;0.9999949160769619;0.999782452689122;0.9998497641948961;1.0;0.9999018227411369;0.9999721608890514;0.9997171696340895;0.9996774272210194;0.9998972520469341;1.0;0.9999771265073591;1.0001405825290746;0.9999765416351942;0.9999623718007887;0.9999578087187071;0.999994419623274;1.024999976158142;
2016-12-20 05:45:00;1.0;0.9999894618532055;0.9999540657358303;0.9999932031834383;0.9999866673725007;0.9999894793778484;0.9999999999999999;0.9999474519606939;0.9999470338953522;0.9999964653845683;0.9999741155446832;1.0;0.9999889403924006;1.0;0.9999082151516625;0.999911275055314;0.999912771976947;1.0;1.0;0.9999479106353216;0.999964008208098;1.0;0.9999120252460529;0.9999988328395178;1.0001684710569716;0.9999498647355181;1.0;0.9999934776937668;0.9997833874092245;0.9998530988694765;1.0;0.9999047568462511;0.999965920097542;0.9997410653064656;0.9997057572798199;0.9998898483443772;1.0;0.9999772863207743;1.0001451427668326;0.9999713263456271;0.99995209512889;0.9999468758657242;0.9999932077376156;1.024999976158142;
2016-12-20 06:00:00;1.0;0.9999878027002047;0.9999427358872582;0.9999908141794372;0.999983147565861;0.9999859892063045;1.0;0.999934527084438;0.999933257241969;0.999995491154436;0.9999673296154993;1.0;0.9999884277357552;1.0;0.9998871831140952;0.9998907362871501;0.999892614094943;1.0;1.0;0.9999361124332328;0.9999597683246167;1.0;0.999891757778605;0.9999985894462436;1.0001777113926287;0.999940999022963;1.0;0.9999913540508168;0.9996911999154613;0.9997984536840789;1.0;0.9998912534223989;0.9999573108717982;0.9997136198726685;0.9996753903626573;0.9998679510541333;1.0;0.9999780802688556;1.00015295961496;0.9999640752912086;0.9999452245649889;0.999933800277515;0.9999928089776362;1.024999976158142;
2016-12-20 06:15:00;1.0;0.999973999638534;0.9999120674038404;0.9999854060151189;0.9999733344151374;0.9999780514103233;1.0;0.9999022508500636;0.9998974900410245;0.9999920122139151;0.999949366188693;1.0;0.9999859585484571;0.9999999999999999;0.9998295257353845;0.9998370769548816;0.9998401931262698;1.0;1.0;0.9999055580047705;0.9999487390348375;1.0;0.9998389839940154;0.9999979654693486;1.000186528987672;0.9999182608351664;1.0;0.9999861680644092;0.9996901139148776;0.9998044249066886;0.9999999999999999;0.9999026225244776;0.9999320718334516;0.9997575895148763;0.9997292345900298;0.9998721987706101;1.0;0.9999771265073591;1.0001598886739371;0.999942639237142;0.9999274949737766;0.9998998149659516;0.9999905005275904;1.024999976158142;
2016-12-20 06:30:00;0.9999999999999999;0.9999454612057344;0.9998789611592067;0.9999795822964581;0.999962396645921;0.9999704367790674;1.0;0.9998656174239923;0.999861948884556;0.9999866400581134;0.9999289123294579;1.0;0.9999854353265845;1.0;0.999754514680966;0.9997703576581505;0.999775560336647;1.0;1.0;0.9998770470040677;0.9999456021545179;0.9999999999999999;0.9997739111750135;0.999997157548085;1.000201739066196;0.9999011693391088;1.0;0.9999805827132541;0.9996784030822983;0.9997918414946373;1.0;0.9998605730793634;0.9999023911714611;0.9996016993785398;0.9995654967379416;0.999851947584106;1.0;0.9999847936753412;1.0001717010598141;0.9999171491260697;0.9999180522453278;0.9998659890475646;0.9999882328104893;1.024999976158142;
2016-12-20 06:45:00;1.0;0.9999547111542553;0.9999080199648961;0.9999862404021357;0.9999717579945564;0.9999796744384938;1.0;0.9998994255590633;0.9998966061371227;0.9999898707381779;0.999947061468002;1.0;0.9999841197808012;1.0;0.9998123374395653;0.9998255031858176;0.9998294163872973;1.0;1.0;0.9999046871160437;0.9999493492067576;1.0;0.9998280142695327;0.9999977903993945;1.0002039680767576;0.9999181878671354;1.0;0.999986411717428;0.9996575629633568;0.9997569978629346;0.9999999999999999;0.9998216214513697;0.9999256712389852;0.9994655656203698;0.9993968547113474;0.9998279689506562;0.9999999999999999;0.9999781576447029;1.000174353949169;0.9999368818036581;0.9999279266719813;0.999898340319257;0.9999881482465807;1.024999976158142;
2016-12-20 07:00:00;1.0;0.9999831781252596;0.9999184609917322;0.9999858110695549;0.9999756551528618;0.9999787651830403;1.0;0.9999062647963798;0.9999041424388584;0.9999933430729971;0.9999527193104375;0.9999999999999999;0.9999870044075726;1.0;0.9998400130169329;0.9998449084176821;0.999847673341208;1.0;1.0;0.9999109245041812;0.999950323291815;1.0;0.9998465578338747;0.9999980176128725;1.0002046506347713;0.9999217361998409;1.0;0.9999869261915513;0.9995568937978602;0.9997022744741169;1.0;0.9998393891111114;0.9999387956312;0.9995744451929792;0.999510581864063;0.999807464354218;1.0;0.9999707241809211;1.0001758445991942;0.9999484672325777;0.9999301279334855;0.99990598737836;0.9999917045274871;1.024999976158142;
2016-12-20 07:15:00;1.0;0.9999817314371701;0.9999214300103532;0.9999861532059435;0.9999771413003083;0.999980083809159;1.0;0.9999029439898922;0.9999101445219216;0.9999934118165897;0.9999534476721665;1.0;0.9999867483264585;0.9999999999999999;0.9998288667188172;0.9998341754392993;0.9998373166596034;0.9999999999999999;1.0;0.9999145217201603;0.9999508378995986;1.0;0.9998361014764117;0.999997773814773;1.0002139130065735;0.9999229963167149;1.0;0.9999876263739002;0.9994747867110317;0.9996537560309153;1.0;0.9998398025508457;0.9999419433747958;0.9995652955275036;0.9995013576453541;0.9998156505155295;1.0;0.9998889892339733;1.000183685612694;0.9999510996215664;0.9999310372480399;0.9999102116730941;0.9999914645489808;1.024999976158142;
2016-12-20 07:30:00;0.9999999999999999;0.9999889560467966;0.9999320550298968;0.9999878816584141;0.9999804524457306;0.9999824239901935;1.0;0.9999151498133186;0.9999215927054292;0.9999948718353828;0.9999598416701897;0.9999999999999999;0.9999879294116163;1.0;0.9998530590097701;0.999856265021261;0.9998588160463033;1.0;1.0;0.9999246929121094;0.9999547548115363;0.9999999999999999;0.9998577675128413;0.9999980513536185;1.0002147982257488;0.9999309063091549;1.0;0.9999892916207425;0.9994501429203866;0.9996321217799662;0.9999999999999999;0.9998250807118569;0.9999508644155043;0.999536080670053;0.9994625855474681;0.9997917258731689;0.9999999999999999;0.9998964409471549;1.0001847961230832;0.9999587188799228;0.9999372679907146;0.9999214788526202;0.9999926118034039;1.024999976158142;
2016-12-20 07:45:00;1.0;0.9999861378383235;0.9999265177695813;0.9999871824493619;0.9999775417580642;0.9999802792840371;1.0;0.9999204862881174;0.9999116937332331;0.9999940806411911;0.9999580001997405;1.0;0.9999894045323665;1.0;0.999868506371696;0.9998725299600292;0.9998746901805545;1.0;1.0;0.9999198776493033;0.9999576333398442;1.0;0.9998738067915867;0.9999984423868156;1.0002177694280945;0.9999317738138093;1.0;0.999987948839837;0.9994654379798009;0.9996477544358005;1.0;0.9997988960112216;0.9999440396739663;0.9994659348837035;0.9994045652932246;0.9997610278061578;1.0;0.9998968537034072;1.0001874427135655;0.9999528838684157;0.9999397985428946;0.9999147679867135;0.999993225287947;1.024999976158142;
2016-12-20 08:00:00;1.0;0.9999778261793316;0.9999366448509932;0.9999895458457841;0.9999814207504687;0.9999851544103736;1.0;0.99992200506201;0.999929102454212;0.9999940802595945;0.9999624694231937;1.0;0.9999886733302326;1.0;0.9998573545596456;0.9998637828367581;0.9998665982170711;0.9999999999999999;1.0;0.9999324725286578;0.9999614096603444;1.0;0.9998655545110002;0.9999981470132007;1.0002142507655152;0.9999393021320923;1.0;0.9999905309285252;0.999443052795491;0.9996307469930974;1.0;0.999832517226682;0.9999518362559318;0.9995636337502476;0.9994946014085866;0.9997955457795387;1.0;0.9998964409471549;1.0001840174691992;0.9999592865859953;0.9999457627714994;0.9999288725451287;0.9999922471908225;1.024999976158142;
2016-12-20 08:15:00;1.0;0.9999724074418797;0.9999259325802824;0.9999878265165894;0.9999787432925408;0.9999832323681594;1.0;0.9999042672877881;0.9999189800314298;0.9999929621467264;0.9999555405649077;1.0;0.999985724947997;1.0;0.999821293632019;0.9998292962454086;0.9998329127100803;0.9999999999999999;1.0;0.999921044855063;0.9999528940636078;1.0;0.9998315788318832;0.999997606103464;1.0002250867433655;0.9999271219073379;1.0;0.9999891930823566;0.999438377943092;0.9996229148151337;1.0;0.9998054883958178;0.9999443447133243;0.999516553470415;0.9994430597836501;0.9997471961761442;1.0;0.9998937521735697;1.000193031573201;0.9999529410256729;0.999934301716716;0.9999174021404639;0.9999902520067268;1.024999976158142;
2016-12-20 08:30:00;0.9999999999999999;0.999967925960623;0.9998956902281111;0.9999814416594124;0.9999666078519662;0.9999716048851538;1.0;0.9998941713871388;0.9998739330931321;0.9999899696871771;0.9999400915409035;1.0;0.9999906443965465;1.0;0.999823102081427;0.999832399239721;0.9998357045235071;1.0;1.0;0.9998921138849447;0.9999566786293034;1.0;0.9998346486908346;0.9999980883907373;1.0002398889470754;0.9999177131707394;1.0;0.9999822390649188;0.999354393833554;0.9995059030407839;1.0;0.9997422255566342;0.9999161150797614;0.999263743548275;0.9990901920733497;0.99972958914522;0.9999999999999999;0.999894059463342;1.0002057742152002;0.9999290395591482;0.9999332602935759;0.9998812861289001;0.9999926376904927;1.024999976158142;
2016-12-20 08:45:00;1.0;0.9999734912885977;0.9999296526195597;0.9999878515378215;0.9999775027521859;0.9999817058178874;1.0;0.9999268696003991;0.9999164137956538;0.9999928967443198;0.9999593041488485;1.0;0.9999933320353515;1.0;0.9998733801451307;0.9998810682152592;0.9998835974457836;1.0;1.0;0.9999283107331809;0.9999716316986441;1.0;0.9998828170541679;0.9999985922927026;1.0002292504894459;0.9999453751689727;1.0;0.9999884296741662;0.9993437326841098;0.9994969340912914;1.0;0.9997385454124562;0.9999427960394806;0.9992403122350143;0.9990624082180466;0.9997344278437167;1.0;0.9998951605800885;1.00019694197139;0.9999515183442318;0.999955990385494;0.9999209081460841;0.9999944944529642;1.024999976158142;
2016-12-20 09:00:00;1.0;0.9999775377037534;0.9999326038962932;0.9999882551318281;0.9999773839698748;0.9999811831052097;1.0;0.9999404865422806;0.9999158881233706;0.9999933052098409;0.9999623107680401;1.0;0.9999959449929299;1.0;0.9999055967013193;0.9999121112222927;0.9999138272452864;1.0;1.0;0.9999315376560296;0.9999776214129884;1.0;0.9999133349735844;0.9999991525276777;1.0002261004640733;0.9999522903584772;1.0;0.9999882707508508;0.9994174965233567;0.9995613802525101;1.0;0.9997492895725137;0.9999435696401473;0.999309330742374;0.9991650760954625;0.9997202077371278;1.0;0.9998909578918912;1.0001945576637432;0.9999521898844519;0.999963370010245;0.999923132960317;0.9999962063810849;1.024999976158142;
2016-12-20 09:15:00;1.0;0.9999752247220132;0.9999252274043735;0.9999876577578422;0.9999741061251844;0.9999789527700831;1.0;0.9999443358715586;0.9999039423277708;0.9999925275972364;0.9999598260073534;0.9999999999999999;0.9999954805487914;1.0;0.9999187248230044;0.9999259073917424;0.9999271832875674;1.0;1.0;0.999923519965368;0.9999754151437883;1.0;0.9999267953344265;0.9999995030317185;1.0002294560788916;0.999948318686743;0.9999999999999999;0.9999868693676772;0.9994150442175331;0.999560089088851;0.9999999999999999;0.9997407531904656;0.9999357510726458;0.9993022063089613;0.999158913253978;0.9996995135702967;1.0;0.9998919535329064;1.0001976005403024;0.9999455543864931;0.9999600606468706;0.9999139575280837;0.9999957935973149;1.024999976158142;
2016-12-20 09:30:00;0.9999999999999999;0.9999767440544157;0.999896745181918;0.9999815868154236;0.9999646871265715;0.9999691349722623;1.0;0.9999188678374282;0.9998658436755716;0.99999062654375;0.9999438387415722;0.9999999999999999;0.9999950963725464;1.0;0.9998860824617843;0.9998928323899191;0.9998944182618832;1.0;1.0;0.9998927224622689;0.9999653001154972;1.0;0.9998939303411929;0.9999992409666133;1.000238617665518;0.9999268055903161;0.9999999999999999;0.9999811518639007;0.9994070626051671;0.9995545491966844;0.9999999999999999;0.9997271268969935;0.9999137448697958;0.9993102613467807;0.9991675071116208;0.9996534998682954;1.0;0.9998927791010704;1.0002054252592174;0.9999271137317384;0.9999435243319004;0.9998796057611914;0.9999956876800462;1.024999976158142;
2016-12-20 09:45:00;1.0;0.9999755158190275;0.999875696300471;0.9999776781670185;0.9999579550237486;0.9999627814956289;1.0;0.9998991278242781;0.999838845023866;0.9999891138654156;0.9999321572409022;1.0;0.999993029901036;0.9999999999999999;0.9998575007790069;0.9998646067243976;0.9998665368028066;1.0;0.9999999999999999;0.999869522080946;0.9999545411021034;1.0;0.999865889760174;0.9999989612376264;1.0002386994773027;0.9999084404078592;0.9999999999999999;0.9999773706831515;0.9993976293186558;0.9995271922132682;1.0;0.999733043210622;0.9998975051778617;0.9992386172380456;0.9990596668194994;0.9997190669547197;1.0;0.9998953940853869;1.0002053693984536;0.9999134814526439;0.9999278070564598;0.9998545637830855;0.9999944704287318;1.024999976158142;
2016-12-20 10:00:00;1.0;0.9999829573860867;0.999876409470671;0.9999771698964579;0.9999574216863262;0.999961141684404;1.0;0.9999070454141239;0.9998354766747579;0.9999897609521433;0.9999333921688617;1.0;0.999995704487522;0.9999999999999999;0.9998811712976551;0.9998861142417782;0.9998873368669187;1.0;1.0;0.9998697952881148;0.9999588720631379;1.0;0.9998869403670715;0.9999993640609681;1.0002389089930657;0.9999124057226854;1.0;0.9999767103369658;0.9993856045636136;0.9994979885365443;1.0;0.9997217790789341;0.9998976706131155;0.999172128555021;0.9989601951364063;0.999730635670566;1.0;0.9998941875020074;1.000205910898162;0.999913722882091;0.9999327161838316;0.9998537474525597;0.9999964505828782;1.024999976158142;
2016-12-20 10:15:00;1.0;0.999992208327893;0.99988689697504;0.9999785594005889;0.9999610264170959;0.999963259248114;1.0;0.999915977929108;0.9998472726558447;0.9999913934398956;0.9999392872527197;1.0;0.9999966825126612;1.0;0.9998993269835982;0.9999015915591725;0.9999023261827015;0.9999999999999999;1.0;0.9998793641480433;0.9999614757033809;1.0;0.9999020537879781;0.9999995201547281;1.0002333503571854;0.9999187516444927;1.0;0.9999782906213053;0.9994080935502465;0.9995378186477946;1.0;0.9997298581197749;0.9999074466343274;0.9991876305007898;0.9990151889546914;0.9997441140934233;1.0;0.9998949813298106;1.0002014403295911;0.9999221127331805;0.9999373080583308;0.9998646967384337;0.999997626445329;1.024999976158142;
2016-12-20 10:30:00;0.9999999999999999;0.9999934366056372;0.9999174441088471;0.9999850173486052;0.9999726493706527;0.9999747000809575;1.0;0.9999313780457636;0.9998918909537754;0.9999938699664082;0.9999553005510263;1.0;0.9999933522388942;0.9999999999999999;0.9999076268295529;0.999909535195107;0.999910452918363;0.9999999999999999;1.0;0.999910068580215;0.9999624810536045;1.0;0.999910006920345;0.9999992511281943;1.0002292710064185;0.9999327122218099;0.9999999999999999;0.9999849683997594;0.999417707437088;0.999547042618174;1.0;0.9997429589589221;0.9999343373327556;0.9992286418838002;0.999060357985713;0.9997552860302887;1.0;0.9998971292631275;1.0001979288757021;0.9999447883233151;0.999943844973434;0.9999015645283472;0.9999958862298819;1.024999976158142;
2016-12-20 10:45:00;1.0;0.9999884482423094;0.9999221670853045;0.9999865817618961;0.9999754798141192;0.9999783179939541;0.9999999999999999;0.9999243119821314;0.9999032345282503;0.9999939746074221;0.9999567727907593;1.0;0.9999895855787271;1.0;0.9998825841704438;0.9998859301313253;0.9998875905531318;0.9999999999999999;1.0;0.9999145432871381;0.9999565306428767;1.0;0.9998868357635996;0.999998724015026;1.0002340625841943;0.9999295098987651;1.0;0.9999868903170772;0.9994140830946157;0.9995426234403824;1.0;0.9997191991727731;0.9999396972585229;0.999189427318746;0.9990200864440079;0.9997110647087148;1.0;0.9998961879149608;1.000201768054104;0.9999492624432584;0.9999380298684737;0.9999086080685055;0.999993479299282;1.024999976158142;
2016-12-20 11:00:00;1.0;0.9999932910743745;0.9999346103907539;0.9999884017224185;0.9999788383868984;0.9999807802277114;0.9999999999999999;0.9999411709351104;0.9999162538832369;0.9999951556952206;0.999964168532955;1.0;0.9999930947304494;1.0;0.9999150538967292;0.9999170003641722;0.9999180206941332;1.0;1.0;0.9999284035883923;0.9999669955490292;1.0;0.9999175392324938;0.9999991748822773;1.000231940555449;0.9999438231668227;1.0;0.9999885439721384;0.9993773358225124;0.9994987083138128;0.9999999999999999;0.9997017262081438;0.9999487197753425;0.999107243725682;0.9989045337656387;0.9997145595131776;1.0;0.9998953080973998;1.0002002065653293;0.9999568802813802;0.9999518506159111;0.9999224808057533;0.9999957365781175;1.024999976158142;
2016-12-20 11:15:00;1.0;0.9999953150590373;0.9999253852173116;0.9999862795790532;0.9999751076418092;0.9999767291122602;1.0;0.9999392528371692;0.9999014719391449;0.9999945513687832;0.9999596979053071;0.9999999999999999;0.9999946976658509;1.0;0.9999206121762174;0.9999219732948684;0.9999226873803836;1.0;1.0;0.999918808187591;0.999967432411728;1.0;0.9999223357269366;0.9999993906093704;1.0002299064463445;0.999940280889114;1.0;0.9999862358952468;0.9994254067531055;0.9995537209010541;1.0;0.9997056342515921;0.9999405223039253;0.9990668747971648;0.998903756139382;0.9997533339258886;1.0;0.9998943667525841;1.000198567949072;0.9999500021981665;0.9999507106139413;0.9999107701877988;0.9999967535019341;1.024999976158142;
2016-12-20 11:30:00;1.0;0.9999950974750035;0.9999111070817512;0.9999831871814155;0.9999697865629771;0.9999714104960898;1.0;0.9999306092838252;0.9998808579324351;0.9999934717419615;0.9999520125851382;1.0;0.9999962049968469;1.0;0.9999137247736368;0.9999151463089186;0.9999158428087922;1.0;1.0;0.9999044027724205;0.9999666788128174;0.9999999999999999;0.9999155509927123;0.9999994620347081;1.0002330661675496;0.9999333761370282;1.0;0.999983164650422;0.999400485178232;0.9995304283722125;1.0;0.999671713744837;0.9999282206393771;0.9989406340463967;0.9987659755490352;0.9997374525594221;0.9999999999999999;0.9998961879149607;1.0002012756201875;0.9999396407972834;0.9999472839406532;0.9998935624665258;0.9999975666355454;1.024999976158142;
2016-12-20 11:45:00;1.0;0.9999360682037163;0.9999228352885384;0.9999910234262188;0.9999733777023602;0.9999850797877288;1.0;0.9999401607314667;0.9999113154246664;0.9999888177777357;0.999958325918732;1.0;0.9999895399694787;1.0;0.9998815554949153;0.9999001267316989;0.9999031057261637;0.9999999999999999;1.0;0.9999267764308689;0.9999732905129163;1.0;0.9999022211615444;0.9999990328008906;1.0002335066256118;0.9999479947998637;0.9999999999999999;0.9999890526117302;0.999398746475263;0.9995197139516251;1.0;0.999694626475879;0.9999282636299143;0.9990129421563544;0.9988219317402727;0.9997568842133627;0.9999999999999999;0.9998954678696276;1.0001998696508188;0.9999385271604848;0.9999583237558052;0.9999179680807188;0.9999898151405399;1.024999976158142;
2016-12-20 12:00:00;1.0;0.9999174283901308;0.999882996018904;0.9999842325816263;0.9999598665023628;0.9999742766467123;1.0;0.9999069477861304;0.9998626661048728;0.999983990187647;0.9999361110724658;1.0;0.9999873484033424;1.0;0.9998260800918986;0.9998500643479584;0.9998541942182388;1.0;0.9999999999999999;0.9998874408169863;0.9999617689582655;0.9999999999999999;0.9998530098890386;0.9999985881432124;1.0002464047908375;0.9999215014744027;1.0;0.9999819158297159;0.9993824078296971;0.9994956512957128;1.0;0.9997052617804427;0.9998938705668308;0.9990304184611059;0.9988161357970917;0.9997767076753997;1.0;0.9998960281427616;1.0002102575793723;0.9999092810850869;0.9999386622491492;0.9998734579993401;0.9999873183657393;1.024999976158142;
2016-12-20 12:15:00;1.0;0.9999621494053422;0.9999145224682258;0.9999871061900617;0.9999711236403606;0.9999783939214391;1.0;0.9999312867730098;0.9998947774245931;0.9999906592148656;0.9999537470219315;1.0;0.9999909841054142;1.0;0.9998871661772364;0.9998981566227233;0.9999002497666126;1.0;1.0;0.9999127516563252;0.9999658408348173;1.0;0.9998995399761008;0.999999091728563;1.0002411949631693;0.9999363026170254;1.0;0.9999860094672897;0.9993732904452024;0.9995090623319912;1.0;0.9996612725198308;0.9999264824981876;0.9989459575193701;0.9987642461739851;0.9997027012314523;0.9999999999999999;0.9998930126036552;1.0002072841357148;0.9999375624500619;0.9999478636479519;0.9999034536321312;0.9999924198994461;1.024999976158142;
2016-12-20 12:30:00;0.9999999999999999;0.9999855591401993;0.9999300690633196;0.9999876314468009;0.9999774662675355;0.9999802425463119;0.9999999999999999;0.9999333038557575;0.9999129192320871;0.9999940595861719;0.9999608201125576;1.0;0.9999931290192923;1.0;0.9998957697011034;0.9998999587631366;0.9999015991933737;1.0;1.0;0.9999255473078832;0.9999677950183986;0.9999999999999999;0.999900989832179;0.9999989315678716;1.000231893840952;0.9999423976844042;1.0;0.9999879531814198;0.9993630499134357;0.9995016444629331;1.0;0.9996820322478998;0.9999444017731551;0.9989826265855342;0.9987961164910878;0.9997396412629268;0.9999999999999999;0.9998879426787336;1.0001997877702278;0.9999531034727892;0.9999518606777519;0.9999187434558351;0.9999952220092982;1.024999976158142;
2016-12-20 12:45:00;1.0;0.9999864263227612;0.9999428553105819;0.9999901683332989;0.9999803776326754;0.9999832457101092;1.0;0.9999563690648593;0.9999256345425938;0.9999948555989072;0.9999692438443206;1.0;0.9999966310149417;1.0;0.9999392367841505;0.999943174720282;0.9999439859526745;1.0;1.0;0.9999404397817286;0.9999798469397668;1.0;0.9999437143540703;0.9999996045192265;1.000227996532696;0.9999589935772898;1.0;0.9999897857093855;0.999356845519386;0.9994870041087214;1.0;0.9996660208762259;0.9999519849457055;0.9989106971595795;0.9987084335253611;0.999740616029597;1.0;0.9998926193297583;1.0001966948066632;0.9999594149530119;0.9999678218844307;0.9999333367623149;0.9999972000074902;1.024999976158142;
2016-12-20 13:00:00;1.0;0.9999874381514514;0.9999106801351852;0.9999837798340944;0.9999698880996346;0.9999727163680986;1.0;0.9999278710573731;0.9998831146130007;0.9999927316612046;0.9999514966537257;0.9999999999999999;0.999994735107224;1.0;0.9999018882381657;0.9999055333960396;0.9999066733323062;1.0;1.0;0.9999049437388215;0.9999653064712846;1.0;0.9999062428236569;0.9999992957562226;1.0002346043621384;0.9999323644872956;1.0;0.9999836243859271;0.9993541848005092;0.9994804057014773;1.0;0.9996524149095946;0.999927258347866;0.9988540259683041;0.998643284288807;0.9997377756755242;0.9999999999999999;0.9998992031818821;1.000202326512731;0.9999386967777987;0.9999458341711756;0.9998945059746447;0.9999962335128159;1.024999976158142;
2016-12-20 13:15:00;1.0;0.9999875101997355;0.9999257573376356;0.9999869739862592;0.9999753381609232;0.999978209086317;0.9999999999999999;0.9999375102547928;0.9999044140448994;0.9999938931196019;0.9999595772996951;1.0;0.9999937827922434;1.0;0.9999105805731663;0.9999142034245763;0.9999153487782856;1.0;1.0;0.9999205668425466;0.999967740161685;1.0;0.9999148834346436;0.9999992473388621;1.0002343484553862;0.9999410243678991;1.0;0.9999868417548194;0.99931712341717;0.999444075362946;0.9999999999999999;0.9996679920869835;0.9999399054552964;0.9988869741037666;0.9986533783095012;0.9997622948079461;1.0;0.9999102972277712;1.000202125913625;0.9999493388027542;0.9999512542096902;0.9999127133284961;0.9999957131888717;1.024999976158142;
2016-12-20 13:30:00;1.0;0.9999914858218347;0.9999344526200488;0.9999875708843481;0.9999784193787526;0.9999799417021881;0.9999999999999999;0.9999404022992742;0.9999158044580546;0.9999947716190732;0.999963346284093;0.9999999999999999;0.9999961983269084;1.0;0.9999135499263345;0.9999160244908967;0.9999172322428802;1.0;0.9999999999999999;0.9999304901310558;0.9999744616028298;1.0;0.9999168244982288;0.9999991835408617;1.0002363308063469;0.9999495732420163;1.0;0.9999880068040675;0.9993143435570652;0.9994410352401489;1.0;0.9996436550056658;0.9999478067771493;0.9988142252214176;0.9985810664762819;0.9997391450114168;0.9999999999999999;0.9999110910719606;1.0002038381752025;0.9999560392262568;0.9999598598280763;0.9999229366240437;0.9999973095698369;1.024999976158142;
2016-12-20 13:45:00;1.0;0.9999914137698926;0.9999164490253951;0.9999846951792948;0.9999715603375365;0.9999738159703518;1.0;0.9999360303498445;0.999888955410497;0.999993449164559;0.9999551424879978;1.0;0.9999956408899232;1.0;0.999918566241659;0.9999210631571709;0.9999217983604114;1.0;1.0;0.9999105457935058;0.9999680576281761;1.0;0.9999214898292023;0.9999995101262862;1.0002347898348272;0.9999372730173377;1.0;0.9999843962559459;0.9993601118436302;0.9994835528443086;0.9999999999999999;0.9996493349262274;0.9999318744490169;0.9988308329442948;0.99861985686607;0.9997443251107897;0.9999999999999999;0.99990870951943;1.000202696875938;0.9999426352455291;0.9999499408707031;0.9999005437133226;0.9999970023475796;1.024999976158142;
2016-12-20 14:00:00;1.0;0.9999645366057666;0.999907185653499;0.9999850512874905;0.9999682867366478;0.9999749417242297;1.0;0.9999272115471741;0.9998833170684616;0.9999902548022634;0.9999496852763122;1.0;0.9999929527102448;1.0;0.9998866374829523;0.9998969474850952;0.9998989323908105;1.0;1.0;0.9999054395103503;0.9999673279252076;1.0;0.9998983122899869;0.9999991821873452;1.0002387821062313;0.9999340630839256;1.0;0.9999840898481871;0.9993568172600822;0.9994721819329513;1.0;0.9996514484783965;0.9999203734979055;0.9988488504696525;0.9986236466669883;0.9997384608743936;1.0;0.9999102972277714;1.0002052413546427;0.9999324517030744;0.9999480607954966;0.9998942383092548;0.9999936629844332;1.024999976158142;
2016-12-20 14:15:00;0.9999999999999999;0.9999529024178729;0.9999111918914321;0.9999874939802895;0.9999695915234879;0.9999787022700402;0.9999999999999999;0.9999321715028799;0.9998914391247383;0.9999895818446491;0.9999524156538622;1.0;0.9999901500306961;1.0;0.9998852383873241;0.99989892024086;0.9999012031002532;1.0;1.0;0.99991073993499;0.999965989991488;1.0;0.9999004514971612;0.9999991472781886;1.0002345493394333;0.9999358927679558;1.0;0.9999858886200425;0.9993899581383666;0.9995103367008715;1.0;0.9997125316103563;0.9999216705702829;0.9990991607670662;0.9989007526355329;0.9997519241485171;1.0;0.9998989501891794;1.0002013185694694;0.9999333288935476;0.999947809059775;0.9999008303815858;0.9999913188518825;1.024999976158142;
2016-12-20 14:30:00;0.9999999999999999;0.9999810809575586;0.9999371566224613;0.9999896416035353;0.9999800243522318;0.999983672609334;1.0;0.999937912744807;0.9999240910179517;0.9999942130908932;0.9999646686751794;1.0;0.999991934593984;0.9999999999999999;0.9998965434459416;0.9999020401529912;0.9999038557218247;0.9999999999999999;1.0;0.9999334911224244;0.9999685618724226;1.0;0.9999031752997384;0.9999988778860843;1.0002266811544127;0.9999464995665213;1.0;0.9999898057739944;0.9993539969173333;0.9994752866363404;0.9999999999999999;0.9997065968228213;0.9999496668024886;0.9990486766652066;0.998827502252807;0.9997679708695402;1.0;0.9998998915504417;1.0001951579248625;0.9999574496563141;0.9999541416521617;0.9999280671718985;0.9999942557611741;1.024999976158142;
2016-12-20 14:45:00;1.0;0.9999866461923426;0.999962461184504;0.9999939149652309;0.9999883099165596;0.9999907605056997;1.0;0.9999599268440462;0.9999559912766552;0.9999964223344115;0.9999784855417844;1.0;0.9999946261149516;1.0;0.9999298518287865;0.9999337391372832;0.9999350772616135;1.0;1.0;0.9999606029523163;0.9999806088472873;0.9999999999999999;0.9999345950701016;0.9999991741557283;1.0002197401582311;0.9999674204440642;1.0;0.9999941658831973;0.9993756215730405;0.9994974149791777;1.0;0.9997099079911687;0.9999701244342344;0.9991430291098657;0.9989377235559422;0.9997141119079824;1.0;0.9999056082132604;1.0001893894685725;0.9999747126254249;0.9999718870250611;0.9999575732240559;0.9999961166530641;1.024999976158142;
2016-12-20 15:00:00;0.9999999999999999;0.9999878730470845;0.999933811913269;0.9999889396766336;0.9999783642487631;0.9999814190432232;1.0;0.9999428524950282;0.9999159282448976;0.9999945957089327;0.9999641120680648;1.0;0.9999923650828598;1.0;0.9999154212744704;0.9999189457048704;0.99992004841169;1.0;1.0;0.9999282650723628;0.999966756561707;1.0;0.999919538846748;0.9999992331294313;1.0002220888365434;0.9999438790540482;1.0;0.9999887219147559;0.9994049474510359;0.9995246411459057;1.0;0.9997384419653629;0.9999468693750961;0.999192114323429;0.9989993940285855;0.9997658901983315;1.0;0.9999118849329537;1.0001915739842677;0.9999552163224941;0.9999516927198954;0.9999222914425718;0.9999949640301522;1.024999976158142;
2016-12-20 15:15:00;0.9999999999999999;0.9999863527933593;0.999956594976623;0.9999940139314665;0.9999869402654891;0.9999903743008108;1.0;0.9999545808231906;0.9999495175150734;0.9999962794020796;0.999976064380168;1.0;0.9999897953604008;1.0;0.9999204745906605;0.9999244282146935;0.9999257515697785;1.0;0.9999999999999999;0.9999516441898796;0.999968029777016;0.9999999999999999;0.9999250961254664;0.999999035236657;1.0002158995163983;0.9999549091525396;1.0;0.9999939055091684;0.9994088400773868;0.9995322557534827;1.0;0.9997342351188676;0.9999663693403902;0.9991988532412932;0.999014070142716;0.9997485182678616;1.0;0.9999097246746926;1.0001861631980211;0.9999716145845968;0.9999572195325465;0.9999501985553078;0.9999934556653353;1.024999976158142;
2016-12-20 15:30:00;0.9999999999999999;0.9999893883278842;0.9999002758174866;0.9999839152127539;0.9999691393901237;0.9999731417822745;1.0;0.9999048794861042;0.9998758984811483;0.9999928778478906;0.9999458881594836;1.0;0.9999819238288596;1.0;0.9998543704222019;0.99985744592168;0.9998591823423524;1.0;1.0;0.9998866176121023;0.9999322065590011;0.9999999999999999;0.9998581207759485;0.9999984135646693;1.000235015110668;0.9999001868502033;1.0;0.9999837914740838;0.999407291830832;0.9995115176892337;1.0;0.9997142474960106;0.9999240910239364;0.9991296398549959;0.9989152468367432;0.9997353886059116;0.9999999999999999;0.9999106783041136;1.0002027078089577;0.9999362738642886;0.9999075385804748;0.9998816171083434;0.9999893519518305;1.024999976158142;
2016-12-20 15:45:00;1.0;0.9999891710006817;0.9999484179671592;0.9999913784602519;0.9999838189257081;0.9999862633328631;1.0;0.9999482842244501;0.9999369583205341;0.9999958063539869;0.9999711336147584;1.0;0.9999927596602188;1.0;0.9999164254885987;0.9999195615305778;0.9999208764566412;0.9999999999999999;1.0;0.9999439676414581;0.9999712845889906;1.0;0.9999203194753885;0.9999990809296444;1.000213414751138;0.9999534558560631;1.0;0.9999916242396922;0.9994203230997168;0.9995444310628874;0.9999999999999999;0.9997405271017981;0.99995972582865;0.9992436876183606;0.9990667740828688;0.9997367825209091;1.0;0.9999102972277712;1.0001840094906818;0.9999660563525169;0.9999590720563277;0.9999400729938738;0.9999952777444377;1.024999976158142;
2016-12-20 16:00:00;1.0;0.9999890269485093;0.9999324020229446;0.9999904689558313;0.9999811591422917;0.9999850634351588;0.9999999999999999;0.9999202150739446;0.9999227948480645;0.9999953670971233;0.9999623029580349;0.9999999999999999;0.9999799289945704;1.0;0.9998607794781218;0.9998639600074706;0.9998660388515671;1.0;1.0;0.9999202100487967;0.9999371504574635;1.0;0.9998648174472349;0.9999981198783781;1.0002292373173256;0.9999179587657482;1.0;0.9999907840374689;0.9993984813636384;0.9995086166251329;1.0;0.9997128571256164;0.9999518113651236;0.9991401312033974;0.9989291789446572;0.9997240837648469;1.0;0.9999110910719609;1.000197625189201;0.9999596012721096;0.9999186281937811;0.9999208624542606;0.999988234609625;1.024999976158142;
2016-12-20 16:15:00;1.0;0.9999887393512967;0.9999261285675539;0.9999894968516966;0.9999787220726516;0.9999829106424848;0.9999999999999999;0.9999194603901755;0.9999133559923061;0.9999948317296534;0.9999595479686234;1.0;0.9999796982208289;0.9999999999999999;0.999864015390007;0.9998672851049406;0.9998691667259887;1.0;1.0;0.9999132748305462;0.9999349660061113;1.0;0.9998679884644982;0.9999982572595262;1.0002346616045794;0.9999137863023515;1.0;0.9999894777435361;0.9994025313655963;0.9995119626850336;1.0;0.9996938144295809;0.9999461238869275;0.9991130816532353;0.9989053076761691;0.9996854863001293;1.0;0.9999118849329537;1.0002023864972618;0.9999548092103939;0.9999152509914386;0.9999130637162345;0.9999880872774087;1.024999976158142;
2016-12-20 16:30:00;1.0;0.9999807907549407;0.999925074607609;0.9999895732830213;0.9999771644549557;0.9999825474337107;0.9999999999999999;0.9999269234124849;0.9999106175234168;0.9999938060981514;0.9999595532276185;1.0;0.9999826206001445;1.0;0.9998775758301359;0.9998831518615667;0.9998849461151674;1.0;1.0;0.9999153228980938;0.9999439311025952;0.9999999999999999;0.9998839283037996;0.9999986067888201;1.0002315851275188;0.9999216598762145;1.0;0.9999890297254888;0.9993901861014814;0.9994922716747918;0.9999999999999999;0.9996908247946499;0.9999419185351189;0.9990783701043546;0.9988509270499092;0.9996999131039104;1.0;0.9999121062390743;1.0001995711905391;0.9999510542440382;0.9999252728684004;0.9999129082282061;0.999989139029437;1.024999976158142;
2016-12-20 16:45:00;1.0;0.9999771085760275;0.999926561087877;0.9999889688191995;0.9999759498202363;0.9999812349294319;1.0;0.9999380989309222;0.9999089367081274;0.999993154414654;0.9999605887743261;1.0;0.9999894792758727;1.0;0.9999020223868559;0.9999086804910268;0.9999101731236552;0.9999999999999999;1.0;0.9999212877340523;0.9999612297013312;1.0;0.9999094976651248;0.9999991400809812;1.0002201836908948;0.9999370580882265;1.0;0.9999882057372687;0.9994069055291801;0.9995259926798451;1.0;0.9997234314572898;0.999939513541239;0.9991792667748572;0.9989854688266894;0.9997287821976878;0.9999999999999999;0.9999114721645008;1.000189639667733;0.9999488466566147;0.9999446970211578;0.9999152390018654;0.9999926411973238;1.024999976158142;
2016-12-20 17:00:00;1.0;0.999890681019047;0.9998851548938286;0.9999881573762628;0.9999612088152078;0.9999809927386678;1.0;0.9999043933783794;0.9998741345316028;0.9999821075158972;0.9999374204551431;1.0;0.9999801189049049;1.0;0.9997970553987582;0.9998287350732845;0.999834066706158;1.0;1.0;0.9998918450067387;0.9999538237107428;0.9999999999999999;0.9998324077959162;0.9999981799403791;1.0002334085851163;0.9999178100734167;0.9999999999999999;0.9999849627485579;0.9994169028823285;0.9995265970825093;0.9999999999999999;0.9996977282264654;0.9998926989416834;0.9990888790582028;0.9988883744304621;0.9997130954546816;1.0;0.9999035339727386;1.0001982373654845;0.9999078474371887;0.9999311433566521;0.9998805888411934;0.9999815337936729;1.024999976158142;
2016-12-20 17:15:00;1.0;0.9999758074576747;0.9999381723568522;0.9999906121872648;0.9999802444151525;0.9999850486567249;1.0;0.9999405195338195;0.9999263710895864;0.999993838767203;0.9999655866205802;1.0;0.9999909666871599;1.0;0.9998974358391477;0.9999044692179323;0.9999063714578643;1.0;1.0;0.9999350974063159;0.9999681252600899;1.0;0.9999056498834701;0.9999989373694462;1.0002147778307915;0.9999471908734522;1.0;0.9999904305701567;0.9993419079579287;0.9994746813148369;0.9999999999999999;0.9996925700436841;0.999949414967223;0.999046762061399;0.9988309452260867;0.9997255530273583;1.0;0.9999417631730552;1.0001847582889851;0.9999571371960245;0.9999540991247947;0.9999300439794635;0.9999933682863785;1.024999976158142;
2016-12-20 17:30:00;1.0;0.9999112190175531;0.999858868766772;0.9999755471387968;0.9999587878432686;0.9999695777722983;1.0;0.9998070965308297;0.9998548420092704;0.9999819188661148;0.9999110533618673;1.0;0.9999813624923314;1.0;0.9996135404924448;0.9996393391360489;0.9996486325445694;0.9999999999999999;0.9999999999999999;0.9998630929936846;0.9999388871883023;0.9999999999999999;0.9996459233476312;0.9999949626144604;1.0002461021706766;0.9998843952216827;0.9999999999999999;0.9999787198329799;0.9993329928748858;0.9994541248552758;1.0;0.9996874773897435;0.9998880780194606;0.9990275603340797;0.9987883298162241;0.9997231592296731;1.0;0.9999694439596104;1.0002079189307982;0.9999045756754438;0.9999060464543158;0.9998508568247575;0.9999836202747991;1.024999976158142;
2016-12-20 17:45:00;1.0;0.9999645360066902;0.9998835072144813;0.999977113961329;0.9999676330281944;0.999970559303303;1.0;0.9998306774190774;0.9998747773353763;0.9999890305727037;0.9999260584154144;0.9999999999999999;0.9999838094974302;1.0;0.9996842046344698;0.9996945092274132;0.9997011405308308;1.0;1.0;0.9998782073939929;0.9999359439444935;0.9999999999999999;0.9996989907005125;0.9999956432408849;1.0002453063036714;0.9998904533006135;1.0;0.9999812874612971;0.9993384004153911;0.999473456752043;0.9999999999999999;0.9996282751861761;0.9999161445354398;0.9988488773563049;0.998638598729999;0.999667283912194;1.0;0.99997736369426;1.0002091857971207;0.9999292198174852;0.9999063349425975;0.9998705551678438;0.9999886632903353;1.024999976158142;
2016-12-20 18:00:00;0.9999999999999999;0.9999334644498137;0.999923844100524;0.9999896306088003;0.9999766889734047;0.9999868974167696;1.0;0.9999069260275749;0.9999230543121695;0.9999888227262111;0.9999538478759019;1.0;0.9999874442255791;1.0;0.9998027648139457;0.9998220786418377;0.9998271547618482;0.9999999999999999;1.0;0.9999285953008364;0.9999677633035128;1.0;0.9998256593730188;0.9999975949703089;1.0002254449611285;0.9999407509038862;1.0;0.9999899862362159;0.9993580950894562;0.9994830675185599;0.9999999999999999;0.9996423196746569;0.9999347014087084;0.9988673303167199;0.9986522561780353;0.9996966323577531;1.0;0.9999618983115;1.0001920641379836;0.9999439995059229;0.9999511565953519;0.9999218910983032;0.9999885041733059;1.024999976158142;
2016-12-20 18:15:00;0.9999999999999999;0.9999361360476511;0.999888134146694;0.9999836162205906;0.9999632294408543;0.999974314297985;1.0;0.9998973510940052;0.9998694597165402;0.9999864081027272;0.9999374733076754;0.9999999999999999;0.9999862580880792;1.0;0.9998125633272248;0.9998310946867182;0.9998351705263908;1.0;1.0;0.9998884121251823;0.9999541845838098;1.0;0.9998338774243359;0.9999981933033161;1.0002311972008613;0.9999153506070048;1.0;0.9999826241444878;0.9994566013223554;0.9995403629223268;1.0;0.9996272283225317;0.9999037738791305;0.9987873623501112;0.9985730537382302;0.9997056172003531;1.0;0.9999817459866364;1.000197477809708;0.9999180423516257;0.999930399353262;0.9998770328456392;0.9999880406090293;1.024999976158142;
2016-12-20 18:30:00;0.9999999999999999;0.999928987510457;0.9998965454984896;0.9999854577263465;0.9999664655020508;0.9999782950609325;1.0;0.999897960881342;0.9998840923555493;0.9999863443568985;0.9999410193433266;1.0;0.999985998495322;1.0;0.9998017428577828;0.9998223674368152;0.9998270472079153;0.9999999999999999;1.0;0.9998991612714214;0.999958097291659;0.9999999999999999;0.9998256183123001;0.9999979344537686;1.0002234044164873;0.9999221585826714;1.0;0.9999847121244236;0.9995207787954814;0.9995888218845548;0.9999999999999999;0.9996658279501741;0.999910264927715;0.9989358075689426;0.9987365302095014;0.9997203315960342;1.0;0.9999888913511112;1.0001903843530202;0.9999233635972916;0.9999361659816188;0.9998888800477986;0.9999873988979388;1.024999976158142;
2016-12-20 18:45:00;1.0;0.9999570223908607;0.9998927277879035;0.9999748776789649;0.9999739579695676;0.9999738238042477;1.0;0.9997895258753771;0.9999007980706048;0.9999887897901876;0.9999224038722542;0.9999999999999999;0.9999883751334521;1.0;0.9995801750687574;0.9995926635063723;0.9996025601769306;1.0;0.9999999999999999;0.9998945169933465;0.9999491202782151;1.0;0.9995997704527141;0.9999936803664922;1.0002313803877925;0.9999003313708626;1.0;0.9999829541102563;0.9995099668667939;0.9995665183627508;0.9999999999999999;0.9996343717384102;0.9999293947926898;0.9987860701976315;0.998562764008506;0.9997275381447068;1.0;0.9999904792909121;1.0001956356120973;0.9999402655766562;0.999920361354828;0.9998868664379914;0.9999906445054964;1.024999976158142;
2016-12-20 19:00:00;1.0;0.9999544913965454;0.9998924745583226;0.9999794624109273;0.9999689525905858;0.9999735580596828;1.0;0.9998506981149476;0.9998845571244862;0.9999884985672435;0.999932064876743;1.0;0.9999877426870973;1.0;0.9997167132391328;0.9997299282969475;0.9997362315788136;1.0;1.0;0.9998918034193794;0.999951062149508;1.0;0.9997343490386561;0.9999962448269865;1.0002321100036484;0.9999083952940016;0.9999999999999999;0.9999827740641047;0.9995267712834014;0.9995876588520429;1.0;0.9995867657773013;0.9999186270073752;0.9986275653855571;0.9984246244765212;0.9996925873975057;1.0;0.9999908604325449;1.0001976667235635;0.999931014131429;0.9999251634659537;0.9998825847415796;0.9999901248604443;1.024999976158142;
2016-12-20 19:15:00;1.0;0.999979634259469;0.9999261833401956;0.9999879286485631;0.9999772360672923;0.999981299116368;0.9999999999999999;0.9999222413033216;0.9999123112798848;0.9999934873064741;0.9999581575575978;1.0;0.9999885535924365;1.0;0.9998678639187916;0.9998737738599238;0.9998760719775603;1.0;1.0;0.9999204095934451;0.9999575093541967;1.0;0.9998751449322717;0.9999984893928499;1.0002149134433072;0.9999321902421924;1.0;0.9999883290595722;0.999501122979058;0.9995685990369202;1.0;0.9996336873167174;0.9999424222315354;0.9987999419569257;0.9985878455356424;0.9997160951988211;1.0;0.9999916544037752;1.000184825175893;0.9999513963859437;0.9999398809505987;0.9999153379977037;0.9999923148145772;1.024999976158142;
2016-12-20 19:30:00;1.0;0.9999432928151343;0.9999183070994434;0.999989199408726;0.9999742922635636;0.9999841945913119;1.0;0.9999141770362897;0.9999107650263178;0.9999894792430478;0.999953231515168;1.0;0.9999856490556819;0.9999999999999999;0.9998298390932867;0.9998463098978332;0.9998502677490406;0.9999999999999999;1.0;0.999918871487048;0.9999595569774011;1.0;0.9998489537968945;0.9999980923101319;1.000213754753935;0.9999323964365933;0.9999999999999999;0.9999887358529391;0.9995273605950893;0.9995852839986282;1.0;0.9996683125387144;0.999930436668055;0.9989330937784561;0.9987217787545051;0.999729469302574;1.0;0.9999916544037752;1.0001825951824344;0.9999406116196042;0.9999415149063284;0.9999124446994748;0.9999882002461369;1.024999976158142;
2016-12-20 19:45:00;1.0;0.9999243642657347;0.9998738861792242;0.9999819712885277;0.9999594410192981;0.9999724366609554;0.9999999999999999;0.9998773830504152;0.9998564125895745;0.999984360035871;0.9999288470557411;1.0;0.9999815428533012;1.0;0.9997690515945579;0.9997910210627468;0.9997961315931266;0.9999999999999999;0.9999999999999999;0.9998736074517379;0.9999424222535055;1.0;0.9997944474787687;0.9999975933579243;1.0002257456004249;0.9998994427590274;1.0;0.9999809880094092;0.9995722456437599;0.9996241695194429;1.0;0.9996781895125338;0.9998926479295749;0.9989625409022456;0.9987702960281042;0.9997390009565494;0.9999999999999999;0.9999920672329302;1.0001922128103269;0.9999085322179723;0.9999149407958319;0.9998623242000213;0.999984635970626;1.024999976158142;
2016-12-20 20:00:00;1.0;0.9999556494923659;0.9999067100503878;0.9999835050517172;0.9999735994192414;0.999979107529891;1.0;0.9998681019720317;0.9999024412639929;0.9999898826401417;0.9999413659094425;1.0;0.99998537329421;1.0;0.9997438644453411;0.9997567524473877;0.9997624782087032;1.0;1.0;0.9999050743074178;0.9999500572177002;1.0;0.9997606522328151;0.9999965520929038;1.0002108522431523;0.9999148761508815;1.0;0.9999861220169249;0.999655419627235;0.9996825748609232;1.0;0.9996855956680197;0.9999295745017179;0.9989658275303367;0.9987890357101123;0.9997589971342278;0.9999999999999999;0.999989685320429;1.0001795901268233;0.9999402448533565;0.9999270923801579;0.9998988365345325;0.9999889047130877;1.024999976158142;
2016-12-20 20:15:00;1.0;0.9999846943031073;0.9999263644136321;0.9999856077246377;0.999977943187427;0.9999795169957645;1.0;0.9999094412868457;0.9999139043342351;0.9999937636211624;0.999955543404773;1.0;0.9999927034115715;1.0;0.9998440510758333;0.9998485010280759;0.9998514529096737;1.0;1.0;0.999922383997942;0.999964745754019;1.0;0.9998504902963854;0.9999980491501655;1.0002002865939192;0.9999361461221862;0.9999999999999999;0.9999874743072819;0.9996509811418842;0.9996619540798148;1.0;0.9996851649695585;0.9999448765241847;0.9989321832629496;0.998727290947402;0.9997804941800761;1.0;0.9999916544037752;1.0001719212012317;0.9999535462546132;0.9999469731863219;0.9999159042931912;0.9999949379405524;1.024999976158142;
2016-12-20 20:30:00;0.9999999999999999;0.9999817314371702;0.9999435977393402;0.9999901434181915;0.9999827554324461;0.9999856149182106;1.0;0.9999352234892742;0.9999345441805417;0.9999947108124686;0.9999668073374388;1.0;0.9999929674135614;0.9999999999999999;0.9998858330171658;0.9998911420401178;0.9998933720240603;1.0;1.0;0.9999410552318557;0.9999719921018395;0.9999999999999999;0.9998926157357363;0.9999986352709382;1.000189871356414;0.9999512773476369;1.0;0.9999909723727475;0.9996495946368705;0.9996534517561028;1.0;0.9997134068140744;0.9999560679260799;0.9990135126639612;0.998795036997071;0.9998098363412193;1.0;0.9999900664615025;1.0001631507500626;0.9999628504083781;0.99995870524517;0.999936330117034;0.9999948775052032;1.024999976158142;
2016-12-20 20:45:00;1.0;0.9999559337378169;0.9999082156435625;0.9999829865663176;0.9999737851829291;0.9999786627854514;1.0;0.9998689823193038;0.9999037276719437;0.999989873856939;0.9999415863678986;1.0;0.9999882822884579;1.0;0.9997460956202397;0.9997588814738128;0.9997646645061101;1.0;1.0;0.99990830187725;0.9999569079851551;1.0;0.9997629289421113;0.9999965945763005;1.0002012670686689;0.9999208167571396;1.0;0.9999859050730526;0.9996675644941664;0.9996819389591994;1.0;0.9997283064783782;0.9999303419254492;0.9990699250896533;0.9988786474761803;0.9998161988981358;1.0;0.9999908604325449;1.000171227105677;0.999940863120643;0.9999347185794992;0.9999008563258831;0.999990523489951;1.024999976158142;
2016-12-20 21:00:00;1.0;0.9998533998758672;0.999815680646871;0.9999741152167667;0.9999407912305198;0.9999634095138081;1.0;0.9998085381015241;0.9998009842280743;0.9999731385712884;0.9998927106483978;1.0;0.9999751617152293;1.0;0.9996105170767998;0.9996529937557775;0.9996627967835588;1.0;0.9999999999999999;0.9998252567333772;0.9999306801557473;1.0;0.9996599579044302;0.9999957627906143;1.0002362886938345;0.9998654890969116;0.9999999999999999;0.9999729168492473;0.9996669341582363;0.9996882849441671;1.0;0.9996710349483838;0.9998384634776135;0.9988768548631245;0.9986987011384341;0.999775688021061;1.0;0.9999900664615023;1.000198298831811;0.9998616909244423;0.9998920252266226;0.9998064859893631;0.9999762382299375;1.024999976158142;
2016-12-20 21:15:00;1.0;0.9998137319323348;0.9998279204575797;0.9999811776783515;0.9999437280507676;0.9999741284487792;0.9999999999999999;0.9998289542991015;0.9998241092384448;0.999970545626688;0.9999010814247111;0.9999999999999999;0.9999707497873785;1.0;0.9996172824512299;0.9996712329569212;0.9996818849394891;1.0;1.0;0.9998445258609386;0.9999371875500389;1.0;0.9996788243547686;0.999995961411993;1.0002302889364767;0.9998801655182276;1.0;0.9999779249382659;0.9996872204395753;0.9996998583495003;1.0;0.9997042824930864;0.9998399993539756;0.9990395233320987;0.9988606085686373;0.9997649626798306;1.0;0.999990860432545;1.0001922086562338;0.9998621819289741;0.999903005842291;0.9998273054591608;0.9999710786854584;1.024999976158142;
2016-12-20 21:30:00;1.0;0.9998433592525285;0.9998396778308132;0.9999823826761152;0.9999460450224034;0.9999729283839389;1.0;0.9998613536135444;0.9998264396288046;0.9999741071299382;0.9999111626179074;0.9999999999999999;0.999974636655929;1.0;0.9997026900615156;0.9997480872486109;0.9997560913681965;1.0;1.0;0.9998514341994138;0.9999414848597785;0.9999999999999999;0.9997537340779569;0.9999972483038989;1.0002234087715753;0.9998893918220547;1.0;0.999978324015031;0.9996714980552117;0.9996837380283524;0.9999999999999999;0.9997286966102099;0.9998501979097046;0.9990934001224455;0.9989022237150358;0.9998015226001111;1.0;0.9999896853204289;1.0001877519703686;0.9998712532414241;0.9999100674351044;0.9998346983632379;0.9999752536551119;1.024999976158142;
2016-12-20 21:45:00;1.0;0.9998708317825055;0.9998613092042523;0.9999830709816949;0.9999550127865606;0.9999760205649055;0.9999999999999999;0.9998613002173967;0.9998537257366341;0.9999781934366397;0.9999203320757001;1.0;0.9999779728957021;0.9999999999999999;0.999704529769857;0.999742044591444;0.9997498354879949;1.0;0.9999999999999999;0.9998708373238783;0.999946511847253;0.9999999999999999;0.9997475471462028;0.99999686201115;1.0002184042422655;0.9998996835390129;1.0;0.9999810937232774;0.9996805478671511;0.9997142897524801;1.0;0.9997582353055314;0.9998747552132196;0.9991895257790708;0.9990358346571266;0.9998248552846314;1.0;0.999989685320429;1.000183919871315;0.9998924495583046;0.9999181217042634;0.9998572196984422;0.9999789651090635;1.024999976158142;
2016-12-20 22:00:00;1.0;0.9999345439758959;0.9999070022028483;0.9999871946228562;0.9999707918589408;0.9999817169022648;1.0;0.9998994709886411;0.9998990300059134;0.9999878454117822;0.9999460535778042;0.9999999999999999;0.9999848809039047;1.0;0.9997998355323753;0.9998188181023034;0.9998235566600974;1.0;1.0;0.9999086494421904;0.9999568086359181;1.0;0.9998220489491618;0.999997724142037;1.0001996255837504;0.9999249824706136;1.0;0.9999869661774055;0.9996601854392495;0.9996984767306508;1.0;0.9997501825412125;0.9999208855465548;0.9991540690001672;0.9989940341296295;0.9998247614379794;1.0;0.9999908604325449;1.0001699233942016;0.9999324339840936;0.999936367732182;0.9999007871740766;0.9999871792736899;1.024999976158142;
2016-12-20 22:15:00;1.0;0.9999430755344311;0.9999268494852547;0.9999907813027333;0.9999763330298227;0.999986265000284;0.9999999999999999;0.9999279739230829;0.9999198325171199;0.9999899229424271;0.9999585523081851;1.0;0.999988144539311;1.0;0.9998547496390814;0.9998712812009344;0.9998748189193049;1.0;1.0;0.9999291615126493;0.9999681205618662;1.0;0.999873704764742;0.9999984726618524;1.0001919245272126;0.9999437535638303;1.0;0.9999899682842511;0.9996512235763971;0.9996947015966031;1.0;0.9997784065295175;0.9999356033943335;0.9992570885426177;0.9990982647608562;0.9998394740618627;1.0;0.9999876845582997;1.0001638304898717;0.9999448988355534;0.9999526704725693;0.9999224686235191;0.9999895536198427;1.024999976158142;
2016-12-20 22:30:00;0.9999999999999999;0.9999509547938878;0.9999350213398577;0.9999914533860399;0.9999790347614481;0.9999874198187888;0.9999999999999999;0.9999346728631608;0.9999286614032982;0.9999911677490639;0.9999628840068084;1.0;0.9999901440738858;1.0;0.9998692576339597;0.9998835185355622;0.9998866933611884;1.0;1.0;0.999937187177201;0.999972693638826;1.0;0.9998857142447283;0.9999986091159873;1.000186363428747;0.9999505838608793;0.9999999999999999;0.9999909294456492;0.9996567566188735;0.9996890189182648;1.0;0.9997859772514001;0.9999431727343812;0.9992600027550373;0.9990868305170566;0.9998601310336122;1.0;0.9999908604325448;1.0001592635757444;0.9999513944429432;0.9999589471487644;0.9999310096639769;0.9999911919685075;1.024999976158142;
2016-12-20 22:45:00;0.9999999999999999;0.9999664115454178;0.9999365682131502;0.999990253475692;0.9999801943492299;0.9999857997927217;1.0;0.9999306030525205;0.9999285593516908;0.9999928129223444;0.9999631130395372;1.0;0.9999909671517416;1.0;0.9998698883979248;0.9998796379826718;0.9998824716508641;1.0;1.0;0.9999359315160117;0.9999700792200292;1.0;0.9998815482823499;0.9999985072414109;1.0001846932490992;0.9999476739617856;1.0;0.9999905418564937;0.9996682847408324;0.9997023318553403;1.0;0.9998020582074135;0.9999478813958224;0.9993480047076069;0.9991853327195085;0.9998486756170761;1.0;0.9999900664615025;1.0001582071747885;0.999955677593811;0.9999557717104933;0.9999304533141454;0.9999927205910836;1.024999976158142;
2016-12-20 23:00:00;1.0;0.9999063722396897;0.9999146940064377;0.9999916986726851;0.9999717808223283;0.9999880188114897;0.9999999999999999;0.9999198526888702;0.9999119226935628;0.9999856127814817;0.9999519972512626;0.9999999999999999;0.9999841542701852;1.0;0.9998195181507412;0.9998467020368305;0.9998517201339738;1.0;1.0;0.9999223726330526;0.9999667118341597;1.0;0.999850226568172;0.9999981720963196;1.0001918086170227;0.9999396594640252;1.0;0.9999896776609112;0.9997015709375585;0.9997296523107492;0.9999999999999999;0.9998123777916497;0.9999197616102261;0.9993837669581269;0.9992334179361732;0.9998553395639066;1.0;0.9999896853204291;1.0001625830526362;0.9999308732499838;0.9999499110379716;0.9999141612164747;0.9999848220683035;1.024999976158142;
2016-12-20 23:15:00;0.9999999999999999;0.999933606595796;0.9999139995468768;0.9999896228292169;0.9999714202032316;0.9999834983685608;1.0;0.9999244529260957;0.9999031033743869;0.9999881202050678;0.9999526642174178;0.9999999999999999;0.9999864022965044;1.0;0.9998503860996469;0.9998696497430152;0.9998732450703083;1.0;1.0;0.9999163640402592;0.9999634797161382;1.0;0.999872089766327;0.9999985999305427;1.0001905872662509;0.9999355173952091;1.0;0.9999879926692091;0.9996889589237086;0.9997139240119955;1.0;0.9998092816388657;0.9999228218668932;0.9993646796214366;0.999201272940575;0.9998589915402636;1.0;0.9999908604325448;1.0001625152424038;0.999933970279716;0.9999457554509779;0.9999081235344158;0.9999879462088503;1.024999976158142;
2016-12-20 23:30:00;0.9999999999999999;0.9999330313569844;0.9999304972906553;0.9999926013532182;0.9999762740243272;0.9999882366589485;1.0;0.9999423576987228;0.9999234749005869;0.9999891042821086;0.9999619071919957;1.0;0.9999894555402347;1.0;0.9998778451697888;0.9998972877129785;0.9999005651581196;1.0;1.0;0.9999356352853156;0.9999757183205645;1.0;0.9998996054558603;0.9999989398836177;1.0001818999334704;0.9999532401459992;1.0;0.9999907979093288;0.99969396964908;0.9997222740909112;1.0;0.9998261698055269;0.9999345490673148;0.9994122088422033;0.9992563870265321;0.9998773665467822;0.9999999999999999;0.9999896853204289;1.0001550704316282;0.9999437579593314;0.9999623246870423;0.9999279837974939;0.9999895770286982;1.024999976158142;
2016-12-20 23:45:00;1.0;0.9998895265049189;0.9999057135101802;0.9999920721900387;0.9999672500376585;0.9999871064901336;1.0;0.9999272437369027;0.9998995568558534;0.9999833405449848;0.9999491050254802;0.9999999999999999;0.9999834998650703;1.0;0.9998320503543343;0.999864071586168;0.9998689801340487;1.0;1.0;0.9999156808242105;0.9999682402720548;0.9999999999999999;0.9998675568198696;0.9999986240603516;1.000190267337498;0.9999393435157292;1.0;0.9999885778478406;0.9997128504119125;0.9997373153113216;1.0;0.9998246199566707;0.9999072126843336;0.9994296945564007;0.999280897627009;0.999860870044477;1.0;0.9999900664615025;1.0001610189397852;0.9999199556449958;0.9999509297177896;0.9999053309569016;0.9999833081291153;1.024999976158142;
2016-12-21 00:00:00;1.0;0.9999604877520608;0.9999507273165729;0.9999943044833415;0.9999843355083635;0.9999915440664388;1.0;0.9999500490674731;0.9999470122998795;0.9999932677706641;0.9999721921583111;1.0;0.9999902389799541;1.0;0.9998974368908049;0.9999089110381966;0.9999113856543249;1.0;1.0;0.9999516108659406;0.9999749174285613;0.9999999999999999;0.9999105511816949;0.9999988788986648;1.0001772547030308;0.9999592864826123;0.9999999999999999;0.9999936960813068;0.9997019108303886;0.999736309365353;1.0;0.9998340637998188;0.9999569241535405;0.9994659845953705;0.9993248984813803;0.9998645556799421;1.0;0.9999900664615025;1.000151833174385;0.9999631367723022;0.999964223345092;0.9999479246766281;0.9999919097352616;1.024999976158142;
2016-12-21 00:15:00;1.0;0.999957232549606;0.99994633555187;0.9999936481373783;0.9999827038353916;0.9999904473336803;1.0;0.9999471751948396;0.999941547481378;0.9999926484282196;0.9999698046567602;1.0;0.9999902593057446;1.0;0.9998924766085435;0.9999048791840868;0.9999074854259079;1.0;0.9999999999999999;0.9999476648158268;0.9999746362443643;1.0;0.9999066306402046;0.9999988636526075;1.0001737985923758;0.9999573165675715;1.0;0.9999929535724187;0.9997166444243987;0.9997521766211712;0.9999999999999999;0.9998444768142272;0.9999526953730827;0.9994827166950382;0.9993522820230956;0.9998844016735938;1.0;0.9999892724926027;1.0001487366791895;0.9999595164555584;0.9999631969350276;0.9999431854477686;0.9999916991716623;1.024999976158142;
2016-12-21 00:30:00;1.0;0.9999799947866872;0.9999680598521872;0.9999957787658929;0.9999905608013252;0.9999941946297952;1.0;0.9999611261053097;0.9999663192913343;0.9999963084154577;0.9999812451682574;1.0;0.9999928730309311;1.0;0.9999224360433246;0.9999282380331335;0.9999299707553029;1.0;1.0;0.9999671489052179;0.9999799877540482;1.0;0.9999293450776154;0.9999990242714324;1.0001701685236533;0.9999696574973425;1.0;0.9999959440798908;0.9996929942318734;0.9997221368755631;1.0;0.9998290180404353;0.9999742659503119;0.9994345694294703;0.99927969075578;0.999870780224705;1.0;0.9999772319535377;1.0001462852163057;0.9999780868461643;0.9999723440944089;0.9999655912722291;0.9999947081553876;1.024999976158142;
2016-12-21 00:45:00;1.0;0.9999903290424949;0.9999590538286893;0.999993475543822;0.9999873762619829;0.9999896617242596;0.9999999999999999;0.9999575928730041;0.999950840801914;0.9999966656822827;0.9999770698734837;1.0;0.9999931506129255;1.0;0.9999293623380844;0.9999321710009083;0.9999333160658112;1.0;0.9999999999999999;0.9999551762340096;0.9999748988241387;1.0;0.9999328100932158;0.9999992008517927;1.0001721145556803;0.9999612206472831;1.0;0.9999936561242466;0.9996948952847581;0.9997190982990402;1.0;0.9998308142039559;0.9999682641821441;0.99944256632495;0.9992814217083085;0.9998707420818047;1.0;0.9999782594795509;1.0001483707234364;0.9999732459423879;0.999965018958896;0.9999526255868549;0.9999955752391494;1.024999976158142;
2016-12-21 01:00:00;1.0;0.9999932201666772;0.9999788669349517;0.9999972102565722;0.9999939841273794;0.999995745245302;1.0;0.9999749683594822;0.9999764594266836;0.9999982816631047;0.9999880825997753;1.0;0.9999940593078525;1.0;0.9999541675323577;0.9999561395857461;0.9999569415008026;1.0;1.0;0.9999760414953178;0.9999820984258934;1.0;0.9999565452799832;0.9999994022419075;1.0001658195369947;0.9999759625027962;1.0;0.9999972988456116;0.9997019009421036;0.9997400490952866;0.9999999999999999;0.9998378065930197;0.9999842463504319;0.999478893746908;0.9993434444407014;0.9998670372081575;1.0;0.9999766715831961;1.000143092844408;0.9999867169217983;0.9999765492599846;0.999975897069351;0.9999962730497648;1.024999976158142;
2016-12-21 01:15:00;1.0;0.9999907624326314;0.9999725347164786;0.9999952527823947;0.999991462001646;0.9999929771849058;1.0;0.9999694245846086;0.9999678019268482;0.9999974209220105;0.9999839482226808;1.0;0.9999968598880611;1.0;0.9999465544294787;0.9999492357940339;0.9999502807443807;1.0;1.0;0.9999715078361094;0.9999871689799834;1.0;0.9999499344946838;0.9999993834345806;1.0001621828328133;0.9999770519366662;1.0;0.9999956155704062;0.9997170768806947;0.9997541412262237;0.9999999999999999;0.9998516927181976;0.9999782947033415;0.9995054665035717;0.9993774598995808;0.9998906180143543;1.0;0.999976671583196;1.0001397560281664;0.9999816336118258;0.9999808229729772;0.9999689993523498;0.9999976385315873;1.024999976158142;
2016-12-21 01:30:00;1.0;0.9999943038017668;0.9999727869484086;0.9999946757009585;0.9999916728448338;0.9999923194178952;1.0;0.9999675888695219;0.9999676937062374;0.9999977290311094;0.999983662942769;1.0;0.9999978218477334;0.9999999999999999;0.9999450410561805;0.9999466981836633;0.999947734534848;1.0;1.0;0.9999715986524389;0.9999882333391263;1.0;0.9999474117049995;0.9999993371643304;1.0001620480270637;0.999977529994695;1.0;0.999995354433566;0.9997285955649277;0.9997781576659133;1.0;0.9998672129082938;0.9999793025404996;0.9995853064788134;0.9994839785269428;0.9998829918952433;1.0;0.9999761309373665;1.0001396842292614;0.9999825472831243;0.9999818228234492;0.9999688820355327;0.9999984103357573;1.024999976158142;
2016-12-21 01:45:00;1.0;0.9999925677180872;0.9999518682904875;0.9999910864196339;0.9999836335791491;0.9999851559683942;1.0;0.9999607334039693;0.9999368785329421;0.9999960507075369;0.9999736336386064;1.0;0.9999981828051967;1.0;0.9999463244273729;0.9999484776627262;0.9999491585592207;1.0;1.0;0.9999495269989583;0.9999837022955451;1.0;0.9999489467933482;0.9999996388790726;1.0001606805035808;0.9999654614902141;1.0;0.9999911331039101;0.9997749679119872;0.9998406794250622;1.0;0.9999066856694806;0.9999604932055451;0.9997325792631179;0.9996854315863792;0.9999013984882017;1.0;0.9999785668500217;1.0001386051718952;0.9999666812430025;0.9999734083510256;0.9999433613366074;0.9999984896821895;1.024999976158142;
2016-12-21 02:00:00;1.0;0.9999943749650517;0.9999766912522776;0.9999959348620848;0.9999922708210799;0.9999933930504397;1.0;0.9999791618498397;0.999970547163335;0.9999979681833508;0.9999870592739554;1.0;0.9999982780021924;1.0;0.9999681424372872;0.9999697740182758;0.9999702798758036;1.0;1.0;0.9999756291839212;0.9999907757049702;1.0;0.9999701092949679;0.9999997218135211;1.0001541466493054;0.9999822024554882;1.0;0.9999959880443131;0.9997640203305889;0.9998367153826844;1.0;0.9999052018074367;0.9999809417525904;0.999719164398728;0.99967529913773;0.9999060465698579;1.0;0.9999781857192424;1.0001330516247404;0.9999838991443383;0.9999856749313707;0.9999729988285445;0.9999986664553766;1.024999976158142;
2016-12-21 02:15:00;1.0;0.9999932193231936;0.9999807121302741;0.99999665502112;0.9999938580751303;0.9999949697038466;1.0;0.9999796336770933;0.9999770383568053;0.9999981409599284;0.9999888165053064;0.9999999999999999;0.9999981973423135;1.0;0.9999649363224294;0.9999669051397637;0.9999675941707933;1.0;0.9999999999999999;0.9999802462114843;0.9999920277390902;1.0;0.999967378336081;0.9999996178317894;1.000152435268676;0.9999848248069242;1.0;0.9999968614582239;0.9997434992836397;0.9998215926383974;1.0;0.9999134442679307;0.9999844406281931;0.9997310440143808;0.9996815282919829;0.9999227150520865;0.9999999999999999;0.9999772319535377;1.000131480320661;0.999986822305334;0.9999877054588554;0.9999782397289199;0.9999985416937345;1.024999976158142;
2016-12-21 02:30:00;1.0;0.9999931463869598;0.9999694017803228;0.9999939210689748;0.9999902336762198;0.9999910026443701;1.0;0.9999664915190337;0.9999625996332522;0.9999973341391405;0.9999818584030696;1.0;0.9999987640178808;1.0;0.9999450641000955;0.9999470519719625;0.9999480866431508;1.0;1.0;0.9999687288636601;0.9999897433586648;0.9999999999999999;0.9999478032514126;0.9999993971692136;1.0001557390643818;0.9999773750574426;1.0;0.9999945635956764;0.9997624921522402;0.9998393395883056;1.0;0.999910685890256;0.9999759029194755;0.9997521064572484;0.9997136499606863;0.9999001331377015;1.0;0.9999784070356191;1.0001341906099637;0.9999796534347414;0.9999828981052228;0.9999649823570708;0.999998847718644;1.024999976158142;
2016-12-21 02:45:00;0.9999999999999999;0.9999956043931859;0.9999848887305952;0.9999972934020526;0.9999955261833221;0.9999961958451641;1.0;0.9999810009253363;0.9999827835405748;0.9999986854829306;0.9999908996648634;1.0;0.9999979512423192;1.0;0.999966003033077;0.9999672815315436;0.9999679509501866;1.0;1.0;0.9999840758374946;0.9999919309751416;0.9999999999999999;0.999967721682902;0.999999567464726;1.000153615247466;0.9999863165785454;1.0;0.9999976521278445;0.9997561850381758;0.9998386847600542;1.0;0.9999121441681744;0.999988587987344;0.9997549623145747;0.9997209270040467;0.9999025792593468;1.0;0.9999777728995521;1.0001325535578076;0.9999903641662559;0.9999882483636422;0.9999829462995242;0.9999985716789039;1.024999976158142;
2016-12-21 03:00:00;1.0;0.9999946643405022;0.9999841511854402;0.9999974834203812;0.9999951403742543;0.999996192133198;1.0;0.999982584188499;0.9999815386225162;0.9999985649978833;0.9999909084928161;1.0;0.9999974598880712;1.0;0.9999693595039014;0.9999709083928731;0.9999714813405538;1.0;1.0;0.9999831365165744;0.9999909938187173;1.0;0.9999712625007892;0.9999996403963524;1.0001524604251615;0.9999855444290301;1.0;0.9999976157230279;0.9997763061406336;0.9998487534715395;1.0;0.9999142528011689;0.9999875637453643;0.9997507596195131;0.9997144317715239;0.999911754657964;1.0;0.9999780259050224;1.0001315869359282;0.9999894842267222;0.9999872212859062;0.9999820344100524;0.999998237822289;1.024999976158142;
2016-12-21 03:15:00;1.0;0.9999954597465663;0.9999823887896787;0.9999968456724256;0.9999944210988582;0.9999951937724377;0.9999999999999999;0.9999814421208105;0.9999786599797061;0.9999984657452516;0.9999898327093719;1.0;0.9999983646314123;1.0;0.9999692163826972;0.9999705362205533;0.9999710927359338;1.0;0.9999999999999999;0.9999815860989802;0.9999922518287282;1.0;0.9999709080845166;0.9999996635537205;1.0001513689449288;0.9999856730813582;1.0;0.9999970672389713;0.999772205979871;0.9998401188859252;1.0;0.999915238349984;0.9999860784922928;0.9997500670517248;0.9997040578103601;0.9999151720610031;0.9999999999999999;0.999976671583196;1.0001306453083403;0.9999882414516005;0.9999882245368636;0.9999798261316949;0.9999987883871694;1.024999976158142;
2016-12-21 03:30:00;1.0;0.9999929316754104;0.9999881213977334;0.9999979192764971;0.9999966388212306;0.9999975234628504;1.0;0.9999823074903048;0.9999880301801852;0.999998617003938;0.9999923394825132;1.0;0.9999983262082511;1.0;0.9999645088848574;0.9999665668979408;0.999967412232782;1.0;1.0;0.9999884092384119;0.9999944883685556;1.0;0.9999671622863938;0.9999995209714081;1.0001528714742982;0.9999898447297801;1.0;0.9999983291229546;0.9997697914657886;0.9998371909374655;0.9999999999999999;0.9999028291255494;0.9999908595201715;0.9997201392333617;0.9996722287109844;0.999898274420533;1.0;0.9999777728995519;1.000131787668935;0.9999922146567591;0.9999916383654837;0.999987451299868;0.9999985910202719;1.024999976158142;
2016-12-21 03:45:00;0.9999999999999999;0.99999068953712;0.9999793114413297;0.9999966023916578;0.9999931917441854;0.9999947595613202;1.0;0.9999800781853363;0.9999752533128308;0.9999977808373295;0.9999882162820513;1.0;0.9999982825398375;0.9999999999999999;0.9999654269457688;0.9999681274432859;0.9999688426929664;1.0;1.0;0.9999793278588085;0.9999926335564244;1.0;0.9999686332823723;0.9999996611291997;1.0001552090786607;0.9999849771343048;0.9999999999999999;0.9999966520623411;0.9997647895605088;0.9998350198643121;1.0;0.9999031088852716;0.9999825954893187;0.9997208257080609;0.999673934570433;0.9998986469232397;1.0;0.9999777728995521;1.0001338240342814;0.999985214529461;0.999988224050734;0.9999769157958672;0.9999984136535892;1.024999976158142;
2016-12-21 04:00:00;1.0;0.9999922783421972;0.9999863898293726;0.9999975863519429;0.999996167804843;0.9999971194718102;1.0;0.999979604547813;0.999986228327901;0.999998459316959;0.9999912115584465;1.0;0.9999980629456647;1.0;0.9999593290437342;0.9999615650004049;0.9999625230340997;0.9999999999999999;0.9999999999999999;0.9999866150999785;0.999993511647972;1.0;0.9999622370131773;0.9999994467946459;1.000150306461182;0.9999881838592655;1.0;0.9999980746936551;0.9997772295742398;0.9998447418762831;1.0;0.999916313053697;0.9999896153170859;0.9997504585182622;0.9997070875516572;0.9999181359766005;1.0;0.9999776130855302;1.000129519255976;0.999991163962179;0.9999902134943803;0.9999855542535943;0.999998404253674;1.024999976158142;
2016-12-21 04:15:00;1.0;0.9999958208736145;0.9999799579871471;0.9999963989508283;0.999993508148155;0.9999943018002218;1.0;0.9999805620518215;0.9999749869999325;0.9999983297441738;0.9999886755728323;0.9999999999999999;0.9999983735425111;1.0;0.9999695578204333;0.9999707727117602;0.9999712678823173;1.0;1.0;0.9999788780897795;0.999991485281424;1.0;0.9999710978507315;0.9999996984076659;1.000154996500715;0.9999840400779394;1.0;0.9999965620656294;0.9997657187172587;0.9998351514646733;1.0;0.9998993013164545;0.9999840124349694;0.9997057356164496;0.9996583049451716;0.999897476169139;1.0;0.9999772319535376;1.000133813322465;0.9999865103384654;0.9999869695235892;0.9999767595745266;0.9999988183035325;1.024999976158142;
2016-12-21 04:30:00;1.0;0.999993507769448;0.999986537674828;0.9999975809581809;0.9999959343495275;0.9999967802082277;0.9999999999999999;0.999982659634772;0.9999852120549005;0.9999985447213307;0.9999916771464062;0.9999999999999999;0.9999986606617124;1.0;0.9999672169622957;0.999969099856674;0.9999698413862772;1.0;1.0;0.9999867073140241;0.9999946517879398;1.0;0.9999696278588875;0.9999995904108201;1.0001521015828978;0.999989364569118;1.0;0.9999979209965989;0.9997741233528195;0.9998423096420194;1.0;0.9999040361954954;0.999989353770896;0.999725944230132;0.9996820199535744;0.9998979428521799;1.0;0.9999765981197068;1.0001311663501156;0.999990954471673;0.9999915621199984;0.9999853482062024;0.9999988161940776;1.024999976158142;
2016-12-21 04:45:00;1.0;0.9999938706645957;0.9999710142537557;0.9999948676505457;0.9999902787319557;0.9999915474976857;1.0;0.9999751224653788;0.9999627993257285;0.9999975302978139;0.9999840263355042;1.0;0.9999982163875387;1.0;0.999963458472089;0.9999652429042092;0.9999657819222684;0.9999999999999999;1.0;0.9999696523954553;0.9999891157911726;1.0;0.9999656026238153;0.9999997101594437;1.00015418904082;0.9999783727241882;0.9999999999999999;0.9999949017795441;0.9997763832366551;0.9998480173249975;1.0;0.9999102891133927;0.9999762087395129;0.9997505378855247;0.9997131761286476;0.9998999788575769;1.0;0.9999772319535377;1.0001330683526952;0.9999799119252941;0.9999828376445195;0.9999662233798582;0.9999985962945261;1.024999976158142;
2016-12-21 05:00:00;1.0;0.9999946651855094;0.9999762587027764;0.9999952262275054;0.9999934322653015;0.999993837454119;1.0;0.9999646635550024;0.9999740747974891;0.9999980861214195;0.9999848454829947;1.0;0.9999969286034056;1.0;0.9999353271503719;0.9999368792435429;0.9999381969596308;1.0;0.9999999999999999;0.9999749298014792;0.9999869109793126;1.0;0.9999377678336374;0.9999991027684063;1.000153374052721;0.9999774957642542;1.0;0.9999962501027821;0.9997791826306885;0.9998469108538255;1.0;0.9999107502777103;0.9999832501062953;0.99974441143886;0.9997027793292658;0.9999055062067631;0.9999999999999999;0.999976671583196;1.0001320950780537;0.9999858973606441;0.9999808138224294;0.9999733209072645;0.9999979460076699;1.024999976158142;
2016-12-21 05:15:00;1.0;0.9999958937677933;0.9999718276443234;0.999994869307651;0.999990898435242;0.9999917743310718;1.0;0.9999730597464458;0.9999644098094292;0.9999978183013716;0.9999841975917905;1.0;0.9999976366665932;1.0;0.9999592527840395;0.9999604485808354;0.9999610448544152;1.0;1.0;0.9999698352736939;0.9999873169884451;1.0;0.9999608216098489;0.9999996022223611;1.0001578460023688;0.9999769328512174;1.0;0.9999950931838428;0.9997692760431548;0.9998382992161441;1.0;0.9998969447867789;0.9999778151842043;0.9997127848453027;0.9996672427114547;0.9998855939938073;1.0;0.9999671729750642;1.0001362546181598;0.9999813166363672;0.99998088615334;0.9999669749119398;0.9999984191518951;1.024999976158142;
2016-12-21 05:30:00;1.0;0.9999954597465663;0.9999834790494795;0.9999969344330206;0.9999950380382093;0.9999956622617016;1.0;0.9999796092843828;0.9999809356867244;0.9999985584481497;0.9999900416985698;1.0;0.9999981654108396;1.0;0.9999640571138548;0.9999653769449014;0.999966083314288;1.0;1.0;0.9999827467505952;0.9999920089953848;1.0;0.9999658529300549;0.9999995524888563;1.0001534789093522;0.9999857058276337;1.0;0.9999973370909085;0.9997785582987206;0.9998478337035934;1.0;0.9999021918787501;0.9999874461223041;0.9997234698361097;0.9996841758521495;0.9998940789754657;0.9999999999999999;0.9999739089159583;1.000132415052016;0.9999893995673634;0.9999880552939405;0.9999813131077258;0.9999986792998892;1.024999976158142;
2016-12-21 05:45:00;1.0;0.9999916304667295;0.9999786714046095;0.999996307199702;0.9999931427074802;0.9999944685184186;1.0;0.99997772267955;0.9999746722844989;0.9999978388038716;0.9999876099999558;1.0;0.9999982352049614;1.0;0.9999612667466878;0.9999637000944334;0.9999644901938299;1.0;1.0;0.9999784804765384;0.9999919749566947;1.0;0.9999642561649106;0.9999995869190904;1.0001534203648614;0.9999839156347291;1.0;0.9999965161267741;0.9997758074860886;0.9998469681231044;1.0;0.9999046569636303;0.9999825545635245;0.9997202465866828;0.999681777211623;0.9999036580541686;0.9999999999999999;0.9999767262732859;1.0001322649489783;0.9999852047974013;0.9999872881004015;0.9999761010465832;0.9999984516004424;1.024999976158142;
2016-12-21 06:00:00;1.0;0.9999904754035756;0.9999769769591266;0.999995350377678;0.9999933784197246;0.9999941997574058;1.0;0.9999661987833199;0.9999754345472519;0.9999976296853975;0.9999850568500257;1.0;0.9999981192960773;1.0;0.9999357755398558;0.9999385493904364;0.9999400114719714;1.0;1.0;0.9999773212234432;0.9999911056633211;1.0;0.9999396057224281;0.9999991385025542;1.0001598604980266;0.9999814494447489;1.0;0.999996314281317;0.9997047542572001;0.9998070626863673;1.0;0.9998979668587379;0.9999827199285197;0.9997289885125281;0.9996917473179677;0.9998776368823085;1.0;0.9999780486113318;1.0001375516066155;0.9999853471544164;0.9999856114001487;0.9999749969860889;0.9999983067432269;1.024999976158142;
2016-12-21 06:15:00;1.0;0.9999917757726134;0.9999477541949255;0.9999898067955748;0.9999833076712333;0.9999843946602026;1.0;0.9999457346469625;0.9999349744023499;0.9999957725253831;0.9999697186276022;1.0;0.9999969793317877;1.0;0.9999147844454558;0.999917179656097;0.9999186050223408;1.0;1.0;0.9999451495906043;0.9999794878013998;1.0;0.9999181617757272;0.999999095541346;1.0001743475089382;0.9999590978932211;0.9999999999999999;0.9999906483461884;0.9996471546535202;0.9997735612093098;1.0;0.9998564360556147;0.9999592389098776;0.9996006611427775;0.9995637841023105;0.9998402065458692;1.0;0.9999787687952687;1.0001501392863337;0.9999656557143081;0.9999675986610039;0.9999393036946868;0.9999977723534953;1.024999976158142;
2016-12-21 06:30:00;1.0;0.999990545737345;0.9999382044437868;0.9999876264151767;0.9999802324170989;0.9999812048764576;0.9999999999999999;0.9999352177639356;0.9999230657774172;0.9999949369131259;0.999963940000138;1.0;0.9999972153951566;1.0;0.9998983705178086;0.9999011154234453;0.9999028437292138;1.0;0.9999999999999999;0.9999355258365531;0.9999773506297003;1.0;0.999902336308841;0.9999989197425864;1.0001785563560004;0.9999527627563393;1.0;0.9999887279034005;0.9996570384625698;0.9997753048951866;0.9999999999999999;0.9998370062034609;0.9999518383776963;0.999518479837569;0.9994760465926357;0.9998377343270978;1.0;0.9999776677776139;1.000153631861234;0.9999594181657585;0.9999633626658422;0.9999282688176768;0.9999978181845253;1.024999976158142;
2016-12-21 06:45:00;1.0;0.9999923521294254;0.9999541323388756;0.9999895443679223;0.9999876714814103;0.9999870978883134;0.9999999999999999;0.9999253952829031;0.9999506756751767;0.9999963796033488;0.9999693658800178;1.0;0.999996047344501;1.0;0.99986336407529;0.9998655839816029;0.9998684450323827;1.0;1.0;0.9999523647781658;0.9999780522873183;0.9999999999999999;0.9998675982550874;0.9999980365326597;1.0001849003066448;0.9999582045754819;1.0;0.9999922234022961;0.9996176208022369;0.9997377146435417;1.0;0.9998324282297025;0.999968890640836;0.9995286583825264;0.9994650821261811;0.9998175013052549;1.0;0.9999689890521707;1.0001587263047749;0.9999738538140732;0.9999661473774151;0.9999486061356815;0.999997301714709;1.024999976158142;
2016-12-21 07:00:00;1.0;0.9999209678307023;0.9999011251009107;0.9999852902531345;0.99996872399169;0.9999803574432949;1.0;0.9998871613753136;0.9998952890422343;0.9999858131838482;0.9999406226115377;1.0;0.9999883039121914;1.0;0.9997689633895335;0.9997919156404401;0.9997978219952971;1.0;1.0;0.9999078887547436;0.9999665359438906;1.0;0.9997961964233546;0.9999973311254744;1.000209601208006;0.9999298599909482;1.0;0.9999856779981908;0.999548684278376;0.9996957478173422;1.0;0.9998220855401025;0.9999144407984955;0.9995053057811492;0.9994391686539487;0.9998025160821964;1.0;0.9999713705715407;1.0001777828321232;0.999926713792986;0.999945723242563;0.9998970840266008;0.9999881034007452;1.024999976158142;
2016-12-21 07:15:00;1.0;0.9999592617948263;0.999921177713562;0.999986912557825;0.9999741651881522;0.9999804266344313;0.9999999999999999;0.9999213789628951;0.9999075908504659;0.9999908125610462;0.9999544069495251;0.9999999999999999;0.9999939660614471;1.0;0.9998584274364587;0.9998702671874952;0.9998734084139361;0.9999999999999999;1.0;0.9999228320093173;0.9999745150200312;0.9999999999999999;0.9998725457601728;0.9999985561083423;1.000204136116634;0.999944750837146;1.0;0.9999871737838123;0.9994675716020291;0.9996489554998681;1.0;0.9998309879254668;0.9999331826249714;0.9995487146277325;0.9994833237400523;0.9998001781983247;1.0;0.9999023016647884;1.000174718859974;0.9999431363567766;0.9999579061873891;0.9999133061400752;0.9999938625107091;1.024999976158142;
2016-12-21 07:30:00;1.0;0.9999789820815969;0.9999364278834141;0.9999874949590486;0.9999806177950642;0.9999827688682686;1.0;0.9999204190304377;0.9999270523796724;0.9999938266188365;0.9999608802700197;1.0;0.9999956476722275;1.0;0.9998578160710165;0.9998639070594914;0.999866909970966;1.0;0.9999999999999999;0.9999360054867266;0.9999763490916707;1.0;0.9998660659556875;0.999998240946926;1.0001999841700397;0.9999505516508325;1.0;0.9999892538642587;0.9994627404122298;0.9996460298365172;1.0;0.9998321028521654;0.9999507804557953;0.9995482528461801;0.9994828173934203;0.9998039432733928;0.9999999999999999;0.9999038698751478;1.0001714970949305;0.9999583441765343;0.9999616915970954;0.9999290667505472;0.9999961563150911;1.024999976158142;
2016-12-21 07:45:00;1.0;0.9999803541567809;0.9999077358227088;0.9999822632800255;0.9999697001412301;0.99997234064717;1.0;0.9999114837495141;0.9998841069630621;0.9999917633999604;0.9999472474474409;1.0;0.9999961286769568;1.0;0.9998630358730104;0.9998687260817101;0.99987106197576;1.0;1.0;0.9999048075385097;0.9999688729119126;0.9999999999999999;0.9998704011605245;0.9999986897454408;1.0002101230884113;0.9999327435133913;1.0;0.9999831587745057;0.9994827231751486;0.9996586153975426;1.0;0.9998242803559602;0.9999257238134245;0.9995486663564151;0.9994861973361431;0.9997804555752026;1.0;0.9999066321905528;1.0001805314356833;0.9999372821187866;0.9999486794686477;0.9998933703420211;0.9999965152245609;1.024999976158142;
2016-12-21 08:00:00;1.0;0.999986933810435;0.9998794841752869;0.9999763393221414;0.9999594096734283;0.9999613075100844;1.0;0.9998983120932137;0.9998418846462658;0.9999901620402265;0.9999331593866645;1.0;0.9999969009925984;1.0;0.9998618505385597;0.9998656484060617;0.9998673835221329;1.0;1.0;0.9998732248737036;0.9999603870595197;1.0;0.999866879896807;0.9999989738404419;1.0002222858718743;0.9999134634964336;1.0;0.9999768423995169;0.9994584884663642;0.9996406681360948;1.0;0.9998225068935763;0.999902713575155;0.9995523244843779;0.9994848808278014;0.99977296905061;1.0;0.9999074260349352;1.0001913616719904;0.999918056495615;0.9999342948886478;0.9998576328326325;0.9999973886106727;1.024999976158142;
2016-12-21 08:15:00;1.0;0.9999802815137615;0.999865504733946;0.9999742254054272;0.9999541677662344;0.9999574552406456;1.0;0.9998906906969088;0.9998231895303454;0.9999886035751309;0.9999259165048481;1.0;0.999996724788586;0.9999999999999999;0.9998519399900653;0.9998576491414416;0.9998595523929061;1.0;1.0;0.9998596716028746;0.9999581242316006;1.0;0.9998590271185953;0.9999989942518229;1.0002289890181184;0.9999060737487133;0.9999999999999999;0.9999744209059361;0.9994601161570164;0.9996436929646794;1.0;0.9997922636274482;0.9998896152959854;0.9994702857934574;0.9994092447109167;0.9997386829898788;1.0;0.9999059858708472;1.0001969856348651;0.9999069109031307;0.9999295290180167;0.9998417641324533;0.9999968317215981;1.024999976158142;
2016-12-21 08:30:00;1.0;0.9999756552176854;0.9998401200764612;0.9999688207575822;0.9999463935928308;0.9999498033112793;1.0;0.9998599356653829;0.9997929036839334;0.9999863620857072;0.9999103945778434;1.0;0.9999954934200964;1.0;0.9998001406838598;0.99980718539328;0.9998100863847955;1.0;1.0;0.999833481192767;0.9999487417958968;0.9999999999999999;0.9998092811975223;0.9999983476659081;1.0002437440879763;0.9998861649914799;1.0;0.9999697383000966;0.9994144063418295;0.999594808026013;1.0;0.999775082722683;0.9998704126163126;0.9994407221834525;0.9993492670212238;0.9997083279251046;1.0;0.9999005664718134;1.0002092829949685;0.9998907285904007;0.999914210824039;0.9998127527548907;0.9999958322291882;1.024999976158142;
2016-12-21 08:45:00;1.0;0.9999271725489877;0.9998603070236601;0.999977622454328;0.9999528820646304;0.999964654133118;1.0;0.9998784350269552;0.9998319787878309;0.9999832159498401;0.9999218092275358;1.0;0.9999895442224931;1.0;0.9997886007822225;0.9998097140267005;0.9998142667989035;0.9999999999999999;0.9999999999999999;0.9998626805882698;0.9999562659968442;0.9999999999999999;0.9998130138278158;0.9999981370269564;1.0002465930077429;0.9999048859612241;1.0;0.9999766255239833;0.9993919678232573;0.9995608969234824;1.0;0.9997623952987503;0.9998787556776645;0.9993511982063881;0.9992271765115409;0.9997306480364494;1.0;0.9999004804611248;1.000210370078957;0.9998967933158499;0.9999276335039464;0.9998452885265324;0.9999892100798161;1.024999976158142;
2016-12-21 09:00:00;1.0;0.9998942391233132;0.9998488342947325;0.99997884584072;0.9999484551704537;0.9999662107001391;1.0;0.9998755979466413;0.999823439748462;0.9999791634948005;0.9999165620465845;1.0;0.9999847153704818;1.0;0.9997666156733355;0.9997973387071657;0.9998029238047422;1.0;1.0;0.9998550624810324;0.9999522482905234;1.0;0.9998013634614414;0.9999980256350438;1.0002672561690416;0.999899238399981;1.0;0.9999762251804476;0.9992778942378503;0.9994002625727293;1.0;0.9996815627084132;0.999863678985379;0.9990247149925372;0.9987621820933404;0.9997103135282185;1.0;0.9999053518068085;1.0002273326214568;0.9998834838400598;0.9999222632973767;0.9998367738241257;0.9999842633449503;1.024999976158142;
2016-12-21 09:15:00;1.0;0.9999676417602134;0.9999019331784762;0.9999831058262234;0.9999666600519882;0.9999722931724196;0.9999999999999999;0.9999193522052799;0.9998760919194083;0.9999901070996325;0.999946006525209;1.0;0.9999944801340959;1.0;0.9998761608004307;0.9998855606466344;0.9998877050908022;1.0;1.0;0.9999001582906422;0.9999680455125353;1.0;0.9998870875151794;0.9999990470331794;1.0002370656235915;0.9999315681378447;1.0;0.9999826587005997;0.9993302323878659;0.9994851386239407;1.0;0.9997310655888537;0.9999170408403544;0.9992266230047023;0.9990427923372333;0.9997211462466737;1.0;0.999896799135683;1.000203716894214;0.9999297089613272;0.9999475678935725;0.9998877350635413;0.9999947175869286;1.024999976158142;
2016-12-21 09:30:00;0.9999999999999999;0.9999625858900849;0.999869228189911;0.9999741890916787;0.9999583843094227;0.9999621435548507;1.0;0.9998578310089361;0.9998428445492077;0.9999871363002361;0.9999223620961674;1.0;0.9999939062158699;1.0;0.9997607666304547;0.999771641448145;0.9997763773269683;0.9999999999999999;1.0;0.9998676580582891;0.9999566620280294;1.0;0.9997750946952497;0.9999973328281504;1.0002512257769105;0.999904009714506;1.0;0.9999763855372504;0.9993152889286477;0.9994523409287552;1.0;0.9997013280407678;0.9998961041342126;0.9991320138422275;0.9989129750894279;0.9996961115349362;1.0;0.9999168976501417;1.0002148328638925;0.9999121190413295;0.9999275708575609;0.9998518562958929;0.999994051382738;1.024999976158142;
2016-12-21 09:45:00;1.0;0.9999753734222372;0.9998474659259861;0.999966936909219;0.9999527395894873;0.9999527164253051;1.0;0.99981929284767;0.999815889863051;0.9999867052636532;0.9999070112605871;0.9999999999999999;0.9999954991446753;1.0;0.9997015506384568;0.9997087066462174;0.9997143710011154;1.0;1.0;0.9998433526009116;0.9999488270912993;1.0;0.9997128584539499;0.9999964218488827;1.0002612256691819;0.9998846596632364;0.9999999999999999;0.9999712606337496;0.9992861252675366;0.9994093822103682;1.0;0.9996714544133656;0.9998842129611467;0.9990106609906151;0.99875469366864;0.999689314204508;1.0;0.9999066004745089;1.0002232852878807;0.9999024357508399;0.9999136509992428;0.999824999577616;0.9999958115012992;1.024999976158142;
2016-12-21 10:00:00;1.0;0.9999765250036515;0.9999220480780517;0.999985137056846;0.9999764093040674;0.9999791427751489;1.0;0.9999042744381431;0.9999101670416262;0.9999927010709332;0.9999527156077488;0.9999999999999999;0.9999924638235418;1.0;0.9998304564170684;0.9998372598142404;0.999840692824421;1.0;1.0;0.9999197528306659;0.9999658613481976;1.0;0.999839639172034;0.9999978411854621;1.0002439800841887;0.9999353894740701;1.0;0.999987002796009;0.9992544135444333;0.9994010944110743;0.9999999999999999;0.9996949750476365;0.9999401769349893;0.9990822200709111;0.9988415068890293;0.999711724565859;1.0;0.9999051725655658;1.0002093877699074;0.9999494355024787;0.9999475020528035;0.9999123222428887;0.9999942252867733;1.024999976158142;
2016-12-21 10:15:00;0.9999999999999999;0.9999527487995871;0.9999232798790306;0.9999885871845995;0.9999754311480367;0.9999832274545251;1.0;0.9999202880592;0.9999135771931331;0.9999905617026079;0.9999556928857319;1.0;0.9999899435267686;1.0;0.9998481086561003;0.9998617954259609;0.9998652737568154;1.0;0.9999999999999999;0.9999244606655581;0.9999683999908902;1.0;0.9998642095821594;0.9999982939813293;1.0002439328052353;0.9999411420999363;1.0;0.9999885625568554;0.9992429087545485;0.9994239605893678;1.0;0.9996981264726141;0.9999348624311382;0.9991363318257926;0.9989406855506296;0.9996844547561224;1.0;0.9999075223767853;1.0002089722459393;0.9999444691113503;0.999951797599802;0.9999168788004746;0.9999912017537705;1.024999976158142;
2016-12-21 10:30:00;1.0;0.9999366437454069;0.9998964015606181;0.9999851867399538;0.9999647524274753;0.9999759248779395;1.0;0.9999148772452848;0.9998766620211744;0.9999868926295431;0.9999431454085997;0.9999999999999999;0.9999894108970561;1.0;0.99984705715303;0.999865449306395;0.9998688567355293;1.0;1.0;0.9998985840997798;0.9999645848448041;1.0;0.9998678561055855;0.9999987080141373;1.0002563007056813;0.9999284007570144;1.0;0.999983650920085;0.9992179774728926;0.9993888130071048;0.9999999999999999;0.9996556548234315;0.9999080048176234;0.9989617804033127;0.9987372078874232;0.9996757073979992;1.0;0.9999050990744014;1.000219413820223;0.9999215358207999;0.9999436455583763;0.999886377459244;0.9999897850138404;1.024999976158142;
2016-12-21 10:45:00;0.9999999999999999;0.9999197380331962;0.9998707825805291;0.9999817532966978;0.9999559298445183;0.9999700727597155;0.9999999999999999;0.9998965724532697;0.9998460721093799;0.9999833568356762;0.9999295212917046;1.0;0.9999864060231304;1.0;0.999814093470216;0.9998373964573477;0.9998415377930842;1.0;1.0;0.9998733373067479;0.9999550916852286;1.0;0.9998403052341763;0.9999985017446408;1.0002608937266628;0.9999103896410225;1.0;0.9999794994803011;0.9992705471031583;0.9993967293584444;1.0;0.9996360873073354;0.9998848163711339;0.9988567529696807;0.9985965294239236;0.9996876831572554;1.0;0.9999046863195302;1.0002228358931302;0.9999017392891042;0.9999290262580516;0.9998583149528073;0.9999869676589261;1.024999976158142;
2016-12-21 11:00:00;1.0;0.9999668464071844;0.9998975821584558;0.9999824402958872;0.9999666805816596;0.9999722972803017;1.0;0.9999034539538023;0.9998748736943287;0.9999899064479749;0.9999423783547025;1.0;0.9999903836773484;1.0;0.9998415011675821;0.9998511297089769;0.9998540003637562;1.0;0.9999999999999999;0.9998938783732649;0.9999572698524622;1.0;0.9998530506177394;0.9999984157587142;1.0002544542561262;0.9999199089119518;0.9999999999999999;0.9999825537092887;0.999320663695754;0.9994601011515978;1.0;0.999602738994013;0.9999162856443267;0.9987556056106627;0.9985505743751573;0.99965689349329;1.0;0.999902231008803;1.00021852662005;0.9999291409273898;0.9999346107966427;0.9998832021415119;0.9999924164550753;1.024999976158142;
2016-12-21 11:15:00;1.0;0.9999844786954638;0.9999193964171393;0.9999848691567443;0.9999731292810775;0.9999756876849607;1.0;0.9999279059733588;0.9998968855566317;0.9999930259939633;0.9999548178803975;0.9999999999999999;0.9999963539579629;1.0;0.999893273155542;0.9998977901803802;0.999899442987656;1.0;1.0;0.9999161869622274;0.9999723258898392;1.0;0.9998989536890824;0.9999990519377087;1.000240016466389;0.9999413523362933;1.0;0.9999852988082394;0.9993274142395063;0.9994754830801211;1.0;0.9996577185520986;0.9999344795517423;0.999007240864404;0.9988176841075593;0.9996511445834692;1.0;0.9999024523112244;1.0002067266556824;0.9999446989390802;0.9999548461893223;0.9999061651129036;0.9999969096619857;1.024999976158142;
2016-12-21 11:30:00;1.0;0.99997349275537;0.9998831492148857;0.9999790373485794;0.9999599738703435;0.9999648628421385;1.0;0.9999090027673474;0.9998480944367996;0.9999892434176418;0.9999364722088075;1.0;0.9999948333936117;1.0;0.9998728214832834;0.9998805161265979;0.9998822851701317;1.0;1.0;0.9998787851572151;0.9999615541493634;1.0;0.9998817542566941;0.9999991783685429;1.0002498099807444;0.9999178407501595;1.0;0.9999784776141549;0.9993667524182873;0.9995102702668325;1.0;0.9996169676729929;0.9999022589499124;0.9987864627023211;0.9986153928671354;0.9996784310080153;0.9999999999999999;0.99990468631953;1.000214972281097;0.9999173984409724;0.9999369878947126;0.9998637804966495;0.9999953164102199;1.024999976158142;
2016-12-21 11:45:00;1.0;0.9999752973593852;0.9998927969747409;0.9999795806054738;0.9999649909105607;0.9999683059971459;1.0;0.9998960810377132;0.9998664048972982;0.9999901955802344;0.9999386135193674;0.9999999999999999;0.9999945580711678;1.0;0.9998366073492511;0.9998437703229506;0.9998466178935883;1.0;1.0;0.9998893619271578;0.9999623638465556;1.0;0.9998457921651405;0.9999983749667393;1.0002496725180268;0.9999206752610239;1.0;0.9999805568122878;0.9993339418867457;0.9994937890797105;1.0;0.9995978008193133;0.9999137811219425;0.9987147509325628;0.9985477970439494;0.9996693618199004;1.0;0.9999065810086536;1.0002144679022071;0.9999271727178635;0.9999387735033446;0.9998764835636622;0.9999952949766485;1.024999976158142;
2016-12-21 12:00:00;1.0;0.9999553607447169;0.999864064766563;0.9999687598444715;0.9999626076400294;0.999962582574742;1.0;0.999779876955287;0.999857797669808;0.999986161375776;0.9999079119361255;0.9999999999999999;0.9999923683426574;1.0;0.9995831779805978;0.9995961498942908;0.999605638088716;1.0;1.0;0.9998661707640562;0.9999506633063998;0.9999999999999999;0.9996031110345246;0.9999941089019333;1.0002624930775978;0.9998896268711358;1.0;0.9999762704492234;0.9993529640770753;0.9995000557466259;0.9999999999999999;0.9996274309288724;0.9999032677346289;0.9988345940854889;0.9986590245879631;0.9996768152171659;1.0;0.9999062737088686;1.0002225856284999;0.9999182003398973;0.9999170934643775;0.9998521299673699;0.9999927059666331;1.024999976158142;
2016-12-21 12:15:00;1.0;0.9999148310364925;0.9998644883933058;0.9999786121064835;0.999955276147712;0.9999681571074281;1.0;0.9998687300009856;0.9998442744594962;0.9999823002246074;0.9999219641310136;1.0;0.9999883459648518;1.0;0.9997538747482935;0.9997786273904109;0.99978444599869;1.0;0.9999999999999999;0.9998699225614369;0.9999581457617437;1.0;0.9997828765725657;0.9999974994574775;1.0002731930941748;0.9999077396081132;0.9999999999999999;0.9999781871714746;0.9993156384953115;0.9994512942079962;0.9999999999999999;0.9995489693786963;0.9998823334782759;0.998573830465292;0.9983657822547823;0.9996201399290323;1.0;0.99989651468263;1.0002326857898591;0.999899585569225;0.999930232413383;0.9998534587217701;0.999987680125904;1.024999976158142;
2016-12-21 12:30:00;1.0;0.9999500835489727;0.9998940788372966;0.9999834012048888;0.9999638699247967;0.9999726987075007;1.0;0.9999145440759206;0.999869685847991;0.9999879127581395;0.9999420303582405;1.0;0.9999915217728168;1.0;0.9998584662127702;0.9998729619735969;0.9998757689370896;1.0;1.0;0.9998941357925675;0.9999645699574996;1.0;0.9998749460381238;0.9999988818918818;1.000267737813021;0.9999265402367734;0.9999999999999999;0.9999822331954381;0.9992679269036054;0.9993878786037728;1.0;0.9995098141033983;0.9999079380557491;0.9984358521991384;0.9981766639446624;0.9995965440740874;1.0;0.9998995842578876;1.0002297335989103;0.9999217291203282;0.9999428642264676;0.9998811853529448;0.9999918726251853;1.024999976158142;
2016-12-21 12:45:00;1.0;0.999982741796891;0.999924918006293;0.9999864627280902;0.9999747762839675;0.9999778975286382;0.9999999999999999;0.9999356717767688;0.9999040089392695;0.9999932640387234;0.999958425261545;1.0;0.9999958490472111;1.0;0.9999047552182637;0.9999097651317799;0.9999112370474259;1.0;1.0;0.9999220425502348;0.9999735770863158;1.0;0.9999107833835672;0.9999991943735704;1.0002531451250798;0.9999453583080136;0.9999999999999999;0.9999865239110063;0.9992699905024094;0.9994095245518662;1.0;0.9995320200146184;0.9999381467982542;0.9985056186175806;0.9982753854809889;0.9996156072333383;0.9999999999999999;0.9998970747064795;1.000218133197711;0.9999477407710035;0.9999574492161616;0.9999128411956951;0.9999965128828807;1.024999976158142;
2016-12-21 13:00:00;1.0;0.9999862104727495;0.9999019868496586;0.9999807375397309;0.9999673647592949;0.999969205950811;0.9999999999999999;0.9999115862735825;0.9998735421939137;0.9999918303899644;0.9999447612130398;1.0;0.9999969864119448;1.0;0.9998725895376188;0.9998765941369259;0.9998784683823786;1.0;1.0;0.9998977401986089;0.9999679280235295;1.0;0.9998779416050362;0.9999988575678215;1.0002605616207394;0.9999294178836162;1.0;0.9999815202816964;0.9992624435891585;0.9993900698122962;0.9999999999999999;0.9995556614580844;0.9999212158017329;0.9986020230196817;0.9983487973685545;0.9996214388686331;1.0;0.9999014566408971;1.0002244187757328;0.9999335911485422;0.9999465890050029;0.9998851496254859;0.9999973716329073;1.024999976158142;
2016-12-21 13:15:00;1.0;0.9999864997999504;0.999910468204507;0.9999826264079573;0.9999698791985838;0.9999718860958197;1.0;0.9999223758487873;0.9998837457310484;0.9999924488185861;0.9999499710870794;1.0;0.9999975211782074;0.9999999999999999;0.9998902253220555;0.9998941473164304;0.9998957137637317;0.9999999999999999;0.9999999999999999;0.9999068235725399;0.9999717048286951;1.0;0.9998952827265839;0.9999990925078053;1.0002491395886066;0.9999367064202556;1.0;0.9999831148718039;0.999298383667566;0.9994185403029711;0.9999999999999999;0.9996113971511178;0.9999272898244811;0.9987872047232337;0.9985396215076409;0.9996619759185136;0.9999999999999999;0.9998867102143576;1.0002146585508853;0.9999386825912484;0.9999524547706395;0.9998950500008306;0.9999976879495335;1.024999976158142;
2016-12-21 13:30:00;1.0;0.9999872943503743;0.9998943084902738;0.9999799149679917;0.9999635569847802;0.9999660371369387;1.0;0.9999200948173688;0.9998589205512881;0.9999912706784263;0.999942766368744;0.9999999999999999;0.9999975807254122;0.9999999999999999;0.9998992249772473;0.9999029147148478;0.999903936321131;1.0;1.0;0.999888957880312;0.9999669818645929;1.0;0.9999036420744939;0.9999994681386328;1.0002467593881368;0.9999265425064648;1.0;0.9999796777428751;0.9993367098842669;0.9994501122813714;1.0;0.9996352340982283;0.9999127970988011;0.9988732482456799;0.9986364669693589;0.99967429480452;1.0;0.9998987678329445;1.0002128186560928;0.999926497862861;0.9999446828897437;0.9998747310893386;0.9999977800286558;1.024999976158142;
2016-12-21 13:45:00;1.0;0.9999893909415224;0.9998946984435243;0.9999744824772728;0.9999705736336231;0.9999674152806148;1.0;0.9998371628161289;0.9998817273961713;0.9999917761972775;0.9999300946301701;1.0;0.9999962455916183;0.9999999999999999;0.9997122449258073;0.9997153297335052;0.999721227808909;0.9999999999999999;0.9999999999999999;0.9998917011525947;0.9999597647407219;1.0;0.9997196248205009;0.9999959619775384;1.0002493684850142;0.9999122097719736;1.0;0.9999805227291017;0.9992220810178255;0.9993672116259132;1.0;0.9996336658901107;0.9999275269908605;0.9988579598842894;0.9985942774151466;0.9996791551795697;0.9999999999999999;0.9999040717214871;1.0002132062539741;0.9999391524582478;0.9999333101398877;0.9998806356197351;0.999997197896163;1.024999976158142;
2016-12-21 14:00:00;1.0;0.9999756561226709;0.9998777389798249;0.9999759071432426;0.9999602456643242;0.9999629882907367;1.0;0.9998784271470424;0.999847272534503;0.9999891170914099;0.9999293439741243;1.0;0.9999951087976119;1.0;0.9998099128743136;0.999816960895931;0.9998202568192984;1.0;1.0;0.9998737712191992;0.999958556468544;1.0;0.9998193329830302;0.9999980780864796;1.0002469220598265;0.9999100776766483;1.0;0.9999774482084235;0.9992860611232269;0.9994400131612705;1.0;0.9996407288704988;0.9999026185768078;0.9988842609928947;0.9986739053660197;0.9996823860154361;1.0;0.9999036906427893;1.0002118999771286;0.9999178147692652;0.9999315139702232;0.9998587581146949;0.9999956282975534;1.024999976158142;
2016-12-21 14:15:00;1.0;0.9999319452939393;0.9998732600103996;0.9999762821679599;0.9999614381141041;0.9999689287110122;1.0;0.9998375069745795;0.9998621587758822;0.9999846832752217;0.9999208078180447;1.0;0.9999902708146583;1.0;0.9996886932358086;0.9997084371768784;0.9997157801855024;1.0;1.0;0.9998779794347276;0.9999579615838465;1.0;0.999713816337467;0.9999961129064102;1.0002484434281362;0.9999065175884607;0.9999999999999999;0.9999792753028494;0.9993751198664295;0.9994862393582231;1.0;0.9996612754227806;0.9998983768119771;0.9989514862027977;0.9987307813388091;0.9996979396154375;1.0;0.9999015304208639;1.0002109395722032;0.9999134998629686;0.9999295898483583;0.9998636963517055;0.9999899437647802;1.024999976158142;
2016-12-21 14:30:00;1.0;0.9998847054966834;0.9998672481108474;0.9999800586756977;0.9999585425104163;0.9999746254127413;1.0;0.9998411408996646;0.9998638027112234;0.9999797227896147;0.999918816793038;1.0;0.99998413994042;0.9999999999999999;0.9996663323708506;0.9996998323592536;0.9997086165462411;1.0;0.9999999999999999;0.9998786700501404;0.9999571086908262;1.0;0.9997062483640824;0.9999960154353604;1.0002545265798046;0.9999071051511189;1.0;0.9999808212445968;0.9993999875927354;0.999515772646295;1.0;0.9996662489750361;0.9998849470945187;0.9989802852053793;0.9987827103233412;0.9996934161935066;0.9999999999999999;0.9999019431885968;1.000214910879457;0.9999012865044051;0.9999291879118434;0.9998641061973023;0.9999832956297042;1.024999976158142;
2016-12-21 14:45:00;0.9999999999999999;0.999797622981632;0.9998342685574305;0.9999843427964578;0.9999428207583096;0.9999768118735793;1.0;0.9998612990716292;0.9998276416856442;0.9999692479533443;0.9999077351007888;1.0;0.9999748407398038;1.0;0.9996758378387173;0.9997344635155877;0.9997442059452487;1.0;1.0;0.9998563020458274;0.9999546518437463;1.0;0.9997415964756784;0.9999970871930163;1.0002606248642552;0.9999006595181699;1.0;0.9999790673287874;0.9993708624861629;0.9994797258740571;1.0;0.9996566983950457;0.9998368217091677;0.9989573152089307;0.998731680797567;0.9996804721455199;1.0;0.9999021767366282;1.00021848571187;0.9998590538964764;0.9999246641328318;0.9998362956672173;0.9999721947313844;1.024999976158142;
2016-12-21 15:00:00;1.0;0.999903620028373;0.9999063904165507;0.9999904891888142;0.9999672560385462;0.9999843990799109;1.0;0.9999291471673784;0.9998962144014786;0.9999845587274089;0.9999493709139807;0.9999999999999999;0.9999868851004398;1.0;0.9998469826406937;0.9998749363585289;0.9998792362118846;1.0;1.0;0.999915086119089;0.9999719984024495;1.0;0.999878040491163;0.9999988103324796;1.0002323005453029;0.9999417453641996;1.0;0.999987496483647;0.9993854161847661;0.999510804791109;1.0;0.9997048412760412;0.9999094481715537;0.9991206680474493;0.9989255926118903;0.9997135045295252;0.9999999999999999;0.9999039945244664;1.0001977953989267;0.9999220784971069;0.9999547608189522;0.9999037629891335;0.9999861275837112;1.024999976158142;
2016-12-21 15:15:00;1.0;0.9998367092800987;0.9998581996837301;0.9999863019545076;0.9999506012796004;0.9999786410682653;0.9999999999999999;0.9998877507827552;0.9998482648315452;0.9999747303971114;0.9999221788353093;1.0;0.9999794536278136;1.0;0.9997445647300284;0.9997918782889305;0.999799420645289;0.9999999999999999;0.9999999999999999;0.9998750727718698;0.9999607477643375;1.0;0.9997973873068543;0.9999978709955823;1.000246825668979;0.9999147276247043;0.9999999999999999;0.9999816388274391;0.9993888569507305;0.9995094219466626;0.9999999999999999;0.999692977366477;0.9998608199617418;0.9990985658181825;0.998899242015451;0.9996929494264148;0.9999999999999999;0.9999088856627217;1.0002080344768323;0.9998799452247426;0.9999350867973243;0.9998577169146524;0.9999774292330155;1.024999976158142;
2016-12-21 15:30:00;1.0;0.9998975609408293;0.9998872800550117;0.999984767087744;0.9999636548908117;0.9999793808067401;0.9999999999999999;0.999879078964481;0.9998816602034073;0.9999825518534621;0.9999334391311178;1.0;0.9999854341174159;1.0;0.9997448518200697;0.9997746039837049;0.999781381831328;1.0;1.0;0.9998968014808458;0.9999631513144686;1.0;0.9997795220986568;0.9999971740463433;1.000239122000542;0.9999226539089178;0.9999999999999999;0.9999842110470292;0.9993944616023617;0.9995132691196412;1.0;0.9997064934829373;0.9998992608143433;0.9991315811546817;0.9989313378874245;0.9997107108647257;1.0;0.9999203804096929;1.000202611761721;0.9999135029680382;0.9999401849544829;0.9998843140226807;0.999984903917154;1.024999976158142;
2016-12-21 15:45:00;1.0;0.9999046419729753;0.9998990211743999;0.9999880200080734;0.9999675885697457;0.9999833666780538;1.0;0.9998951446568662;0.9998948747409362;0.9999843043294601;0.9999416570384034;1.0;0.9999826787402684;0.9999999999999999;0.9997749786610266;0.9998026802131798;0.9998086004272064;1.0;0.9999999999999999;0.9999057912278199;0.9999587519773481;1.0;0.9998068315808586;0.9999975178769185;1.0002348245095822;0.999924980300915;0.9999999999999999;0.9999868092398553;0.9993923026723436;0.999514089168635;1.0;0.9997107581048097;0.9999092799031365;0.999118444539457;0.9989199239039397;0.9997321111240327;1.0;0.99993449353175;1.000199417195562;0.9999220809054783;0.9999378304511019;0.9998964100653751;0.9999838835993726;1.024999976158142;
2016-12-21 16:00:00;1.0;0.9999310109542574;0.9999054029847338;0.999987654497029;0.9999700555325056;0.9999819160411291;0.9999999999999999;0.9999023650677727;0.9998970433350719;0.9999873333666924;0.9999459753346065;0.9999999999999999;0.9999834383543073;1.0;0.9998044966494525;0.9998245360727462;0.999829167098164;1.0;1.0;0.9999068023596068;0.9999544702387315;1.0;0.9998276511263531;0.9999978200775977;1.0002337896551474;0.9999230624889902;0.9999999999999999;0.9999868823307472;0.9993830107484525;0.9995053690608727;1.0;0.9997109272156333;0.9999186314006432;0.9991216165660551;0.9989179293451652;0.9997304270752755;1.0;0.9999369806635926;1.000199471081457;0.9999304706412019;0.9999338046369859;0.9998991416581324;0.9999861310446938;1.024999976158142;
2016-12-21 16:15:00;1.0;0.9998971982589443;0.9998625620847829;0.999981024265363;0.9999573955100393;0.9999737608937663;1.0;0.9998464463029547;0.9998542368785386;0.9999810734682972;0.9999194085296632;1.0;0.9999765911791839;1.0;0.9996876755449803;0.9997175244161512;0.9997250949646791;1.0;0.9999999999999999;0.9998659719744747;0.999935296608371;1.0;0.9997227101351649;0.9999963309141245;1.0002484561640008;0.9998881536879786;1.0;0.9999807087676892;0.9993966065197617;0.9995113258272627;1.0;0.9996978974466767;0.9998833117275273;0.9990729737469665;0.9988671397732332;0.9997244332909274;1.0;0.9999357934280901;1.0002104954648816;0.9999002431123187;0.999904896342083;0.9998548696486452;0.9999800332106412;1.024999976158142;
2016-12-21 16:30:00;1.0;0.9998912751609136;0.9998772314519753;0.9999846081222452;0.9999607340470891;0.9999784652589305;1.0;0.9998720058501844;0.9998706867321477;0.9999814490531136;0.9999289500627946;1.0;0.9999797865632931;0.9999999999999999;0.9997304536564605;0.9997620278303881;0.9997689734024789;1.0;1.0;0.9998842462288798;0.9999493799405755;1.0;0.9997668889235772;0.9999970166202485;1.0002452905110395;0.9999078085773013;1.0;0.9999833632542965;0.9993593577307721;0.9994776965747143;1.0;0.9996817525911812;0.9998910153143857;0.9990216441369516;0.9987978957432074;0.9997107351055382;1.0;0.9999502201627034;1.0002078636180551;0.9999065139845242;0.9999236511778621;0.999872863256331;0.9999813735091224;1.024999976158142;
2016-12-21 16:45:00;1.0;0.9998809443932288;0.9998609033994115;0.9999824672604495;0.9999541726862459;0.999973917802945;1.0;0.9998693230065284;0.9998482062299104;0.9999790848523489;0.9999213292693047;1.0;0.9999798262710629;0.9999999999999999;0.9997308825099577;0.9997654560401124;0.9997723552702965;1.0;1.0;0.9998687755444996;0.9999479030574197;1.0;0.9997703241094408;0.9999973027396175;1.0002472689441986;0.9999007722780423;1.0;0.9999802575916117;0.9993250718058856;0.9994664305734192;1.0;0.9996805113159768;0.999874489531307;0.9990133334807825;0.9988011499036807;0.9997121937376138;1.0;0.9999545899586748;1.000209393297326;0.999892391859649;0.9999196226020403;0.9998544228332344;0.9999806810621877;1.024999976158142;
2016-12-21 17:00:00;0.9999999999999999;0.9999347671632537;0.9998922799078399;0.9999835576664773;0.999966456998341;0.999976692240103;1.0;0.9998798599303386;0.9998813267368233;0.9999867223743009;0.9999367321304753;1.0;0.9999847347712835;1.0;0.9997679035941802;0.9997868479882138;0.9997921666650598;1.0;1.0;0.9998931805771651;0.9999515955044956;1.0;0.9997905050551339;0.9999973081778615;1.0002353882825965;0.9999132027330825;1.0;0.9999839636288002;0.9993039152154117;0.9994588336764503;1.0;0.9996858877056709;0.999910546399934;0.9990713869945871;0.9988663630893592;0.9996888769250327;1.0;0.9999604353274788;1.000200621375091;0.9999237743479176;0.9999275583268369;0.9998836225367042;0.9999871069338598;1.024999976158142;
2016-12-21 17:15:00;1.0;0.9999109927772157;0.9998571648909467;0.9999790589062739;0.9999543060747527;0.9999688376063454;1.0;0.9998559152445303;0.9998392913063809;0.9999818218642608;0.9999182965807867;1.0;0.9999801298686521;1.0;0.9997247479389978;0.9997505739940132;0.9997568422526767;1.0;0.9999999999999999;0.9998584024986138;0.9999378083989859;1.0;0.9997548626947421;0.9999970501126012;1.0002436865575797;0.9998880764612192;1.0;0.9999783343493823;0.9993501000836215;0.999494769706585;1.0;0.999664543379489;0.9998785281043162;0.9989572949214398;0.9987656659455575;0.9997020132724664;0.9999999999999999;0.9999706312933846;1.0002070546916417;0.9998964353773743;0.9999067518917572;0.9998451422524209;0.9999829399620713;1.024999976158142;
2016-12-21 17:30:00;1.0;0.9999328866925941;0.9998523642597854;0.9999739960962383;0.9999549451312488;0.9999638055381392;1.0;0.9998242087517305;0.9998345971101755;0.9999835736718338;0.999911174658914;1.0;0.999983243224627;1.0;0.9996737075332239;0.9996931874412153;0.9997002959403262;1.0;1.0;0.9998512542137254;0.9999355604098471;1.0;0.9996981281560539;0.9999960403112866;1.0002380198032317;0.9998797058973778;0.9999999999999999;0.9999761917038257;0.9993642007005336;0.9995017790261436;1.0;0.9997046262895796;0.999882582031107;0.9990926675527431;0.9988967598710699;0.9997301390562537;1.0;0.9999638669926305;1.0002021362675126;0.9999003317880173;0.9999015936757296;0.9998375934952228;0.9999861622951672;1.024999976158142;
2016-12-21 17:45:00;1.0;0.9999590436907689;0.9998673844546682;0.999976453897458;0.9999586705042742;0.9999647656959297;1.0;0.9998571984710317;0.9998430924745213;0.9999871635455903;0.9999230274008847;1.0;0.999985320880369;1.0;0.9997546352193045;0.9997665308221342;0.9997711881549933;1.0;1.0;0.9998614477468686;0.9999377332254817;1.0;0.9997696204018967;0.999997216454771;1.000233892194069;0.9998888455118939;1.0;0.9999777350015187;0.9993577153343917;0.999499103099107;1.0;0.9996989526113497;0.9998954267501534;0.9990777673345657;0.9988839415703343;0.9997232911018487;1.0;0.9999718060640133;1.0001999659466714;0.9999115817715906;0.9999070182587202;0.9998494985887642;0.9999891130701726;1.024999976158142;
2016-12-21 18:00:00;1.0;0.9999714005062198;0.9998949830861131;0.9999807741512284;0.9999686920495616;0.999972485145193;1.0;0.9998732416537479;0.999879141897196;0.9999904056594874;0.9999373819868006;1.0;0.9999862937824856;1.0;0.9997766054448053;0.9997849198794646;0.9997892154593243;1.0;1.0;0.9998888118020294;0.9999443350308922;1.0;0.9997877269002671;0.9999972096879001;1.0002268384997397;0.9999053822416794;1.0;0.9999827354637457;0.9994534184548457;0.9995506946555759;0.9999999999999999;0.9996692134369272;0.9999205269173113;0.9989603240910333;0.9987620156696002;0.9997138409604818;1.0;0.9999710121228927;1.0001942207241166;0.999932924232074;0.9999188421834765;0.9998809028846211;0.9999905019527916;1.024999976158142;
2016-12-21 18:15:00;1.0;0.9999719766176182;0.9998881373516522;0.9999795545364881;0.9999653936462796;0.9999694028813957;1.0;0.9998776488151079;0.9998667043926375;0.9999898321737336;0.999934886584842;1.0;0.999987863861699;1.0;0.9997934319999413;0.9998015714778034;0.9998053371206598;1.0;1.0;0.9998818583345267;0.9999459976658929;1.0;0.9998040395346484;0.9999976166286555;1.0002311567427846;0.9999044594428391;1.0;0.9999809496518081;0.9994980007952571;0.9995761211403155;1.0;0.9996194316188688;0.9999132444590906;0.9987600199140246;0.998563863090227;0.999700742045134;0.9999999999999999;0.9999603104555983;1.000198140782478;0.9999267750294528;0.9999197132228316;0.9998719982199865;0.9999914039939687;1.024999976158142;
2016-12-21 18:30:00;1.0;0.999974144317638;0.9998819413736443;0.9999764386666713;0.9999646351455658;0.9999667060674897;1.0;0.9998544464348247;0.9998624734707903;0.9999894945549376;0.9999283647212777;1.0;0.9999893025507398;1.0;0.9997483064397195;0.9997558157081676;0.999760666183714;1.0;0.9999999999999999;0.9998763605650715;0.9999458231830464;1.0;0.9997591345396682;0.9999968536224306;1.0002336104292355;0.9998993333383137;0.9999999999999999;0.9999794117615032;0.9994872519033706;0.9995574871721158;1.0;0.9995978716104275;0.9999114910995047;0.9986668476019979;0.99845202826325;0.9996991497171359;1.0;0.9999746007165454;1.000199836726572;0.9999253781502848;0.9999174603985151;0.9998655761828619;0.9999923433186532;1.024999976158142;
2016-12-21 18:45:00;1.0;0.9999776832707776;0.9998995175702176;0.9999803464394554;0.9999696891647448;0.9999719115017527;1.0;0.9998785890990834;0.9998822733774566;0.9999911769944465;0.9999395180773605;1.0;0.9999905248898434;1.0;0.9997911609814117;0.999797636662247;0.9998016132294641;1.0;1.0;0.9998945496856394;0.9999533619516631;1.0;0.9998003360245721;0.9999974237607309;1.0002219171213007;0.999914258314462;1.0;0.9999826927640366;0.9994983969837179;0.9995618046522583;1.0;0.9996508418301853;0.9999241702462518;0.9988742604932004;0.99865379501516;0.999717109890432;1.0;0.9999757757929602;1.0001901283552528;0.9999360599882441;0.9999293257950282;0.9998854115108411;0.9999932602165058;1.024999976158142;
2016-12-21 19:00:00;1.0;0.99997992446258;0.9999099535354191;0.9999834698445399;0.9999722773898156;0.999975252288775;1.0;0.999900322312074;0.999892420264016;0.9999921936073757;0.9999475312282374;1.0;0.9999900042512173;1.0;0.9998327984289337;0.9998386287375044;0.9998416127473408;1.0;1.0;0.9999042733933103;0.9999552908846164;0.9999999999999999;0.999840561889395;0.9999980494349172;1.0002174940827941;0.999921898042171;1.0;0.9999847529495292;0.99952828618773;0.9995930658828805;1.0;0.9996512526487219;0.9999307766932638;0.9988846489288555;0.9986854734916986;0.9997112708377672;1.0;0.99997577579296;1.000186750158421;0.9999416262449635;0.9999339446328177;0.9998965474991993;0.9999931291497924;1.024999976158142;
2016-12-21 19:15:00;1.0;0.9999659818065907;0.9998923953795686;0.9999814482413091;0.9999658698887103;0.9999714868274204;1.0;0.9998905741616824;0.9998709528220417;0.9999895952305916;0.9999385596630805;1.0;0.999988246017682;1.0;0.999815141879796;0.999825031196643;0.9998284535987053;1.0;1.0;0.9998876073550982;0.9999504421033931;1.0;0.9998272815783512;0.9999980196478422;1.000219449725349;0.9999113510362964;1.0;0.9999820266687467;0.999535743527249;0.9995905162199255;1.0;0.999651118978209;0.9999138324901259;0.9988738503494533;0.9986633883079136;0.9997179980062774;1.0;0.9999908604325448;1.0001880523653484;0.9999271131712119;0.999925918270792;0.9998775588767036;0.999991196057412;1.024999976158142;
2016-12-21 19:30:00;1.0;0.9999594064662599;0.9999034035379099;0.999984423165353;0.9999704717093678;0.9999772168083361;1.0;0.9998913511723059;0.999890136745911;0.9999899861420206;0.9999437483794817;0.9999999999999999;0.9999852991566133;1.0;0.9998017954761689;0.9998135932170322;0.9998176263030422;0.9999999999999999;0.9999999999999999;0.9998995195770833;0.999948884731624;1.0;0.9998162160891325;0.9999976482174907;1.0002119156141498;0.9999149131181478;1.0;0.9999851660310322;0.9995454280473396;0.999603242218677;1.0;0.9997114722733605;0.999923289593764;0.9990952999136425;0.9988931185803089;0.9997485768394772;1.0;0.999990860432545;1.0001812449616883;0.9999349770897679;0.999926221425071;0.9998923197772527;0.9999891251481944;1.024999976158142;
2016-12-21 19:45:00;0.9999999999999999;0.9999386001186612;0.9998831203293055;0.9999827308468833;0.9999639460703259;0.9999744422476112;1.0;0.9998744107819535;0.9998691291067033;0.9999865188011456;0.9999329504031103;1.0;0.9999797804508482;0.9999999999999999;0.9997635564892744;0.9997814037754279;0.999786418994534;1.0;1.0;0.9998795667684695;0.9999365240444944;0.9999999999999999;0.9997846381271507;0.9999972660559534;1.0002269613111332;0.9998971118977426;1.0;0.9999826153406524;0.9995614396886996;0.9996094980336129;1.0;0.9996683664197673;0.9999046564403761;0.9989272980469129;0.9987223787994577;0.9997334187763429;1.0;0.9999912732606053;1.0001935775147548;0.9999189631347736;0.9999095219978623;0.9998714041191956;0.9999846553266215;1.024999976158142;
2016-12-21 20:00:00;1.0;0.9999665604600266;0.9999212070913157;0.9999873613318169;0.9999773745242581;0.9999827396463663;1.0;0.9998984138112774;0.9999148854460638;0.9999920323278111;0.9999527063318658;1.0;0.9999845409060464;1.0;0.9998072943610894;0.9998170182527495;0.9998210231232707;1.0;1.0;0.9999166939250227;0.9999501182653566;1.0;0.9998195640365481;0.999997471043515;1.000206906940119;0.9999229176442525;1.0;0.9999886371184088;0.9996496404669568;0.9996589939913335;0.9999999999999999;0.999681377099367;0.9999401771506384;0.9989390703176113;0.9987309290641052;0.9997643532119813;1.0;0.9999916544037751;1.0001770658342064;0.9999493385844275;0.9999304630703161;0.9999128597164605;0.9999892049465672;1.024999976158142;
2016-12-21 20:15:00;1.0;0.9999690106467262;0.9999113149521025;0.9999862032694374;0.9999751207881497;0.9999807707519697;1.0;0.9998850533414355;0.9999037401082351;0.999991877079982;0.9999474453548189;0.9999999999999999;0.999979289132012;0.9999999999999999;0.9997849243815387;0.9997939095086948;0.9997980927601124;1.0;0.9999999999999999;0.9999027777226431;0.999934383431273;1.0;0.9997963856164648;0.9999971106991592;1.0002140253934417;0.999905383653542;0.9999999999999999;0.9999875231332354;0.9996352379966918;0.9996534056129964;1.0;0.9996537962749882;0.9999345532008775;0.998827586304799;0.9986245881307458;0.9997573790474372;0.9999999999999999;0.999990479290912;1.0001832878383126;0.9999447467573109;0.9999113364704096;0.9999004481281184;0.9999865031121243;1.024999976158142;
2016-12-21 20:30:00;1.0;0.9999812974329818;0.9999220776953911;0.9999850973242218;0.9999777682121012;0.9999797774122924;1.0;0.9998944549872738;0.9999128417005555;0.9999933542371321;0.9999519320227351;1.0;0.9999891572202922;0.9999999999999999;0.9998098934940491;0.9998153261227725;0.9998190719227343;1.0;1.0;0.9999170610365504;0.9999560453391468;1.0;0.9998177894293422;0.9999974532754429;1.0002033901953027;0.9999264239017059;1.0;0.9999874799959764;0.9996654215436646;0.9996807955676167;1.0;0.9996569309135093;0.9999433957569537;0.9988251385250269;0.9986368572793373;0.9997684133654519;1.0;0.999990860432545;1.00017429726362;0.9999523066609691;0.9999363867778962;0.9999119030959274;0.9999927600109115;1.024999976158142;
2016-12-21 20:45:00;0.9999999999999999;0.9999843323076297;0.9999259610955376;0.9999864136071569;0.9999789863584344;0.9999811257230753;1.0;0.9999020394322392;0.999916659731084;0.9999939943121596;0.9999551279984961;1.0;0.9999876699018523;1.0;0.9998251927815253;0.9998297443357835;0.9998330288087637;1.0;1.0;0.9999194366460434;0.9999531674181855;1.0;0.9998317979874373;0.9999976563141003;1.000198332818736;0.9999262693094951;1.0;0.9999883546291557;0.9996632211887636;0.999677185433808;1.0;0.9997285544644551;0.9999465973423671;0.9991066821033209;0.9989125223009989;0.9997920043455838;1.0;0.999989685320429;1.0001701851180846;0.9999550649054234;0.9999341502420908;0.999915569984353;0.9999921553468333;1.024999976158142;
2016-12-21 21:00:00;1.0;0.9999840412553882;0.9999168274793664;0.9999809058744885;0.9999795522195976;0.9999782091634014;1.0;0.9998472784251743;0.9999169193698598;0.9999932972612613;0.9999423635155699;0.9999999999999999;0.9999887858699545;1.0;0.9997093935918491;0.9997140207786648;0.999720263874806;0.9999999999999999;0.9999999999999999;0.9999124607860282;0.9999508699007523;1.0;0.9997183170399596;0.9999956227036919;1.0001980977602924;0.9999152094385623;1.0;0.9999865979861579;0.9996771507788152;0.9996966012646292;0.9999999999999999;0.9997578533803566;0.9999469510867681;0.9991961823479387;0.999018121950401;0.9998190679574229;1.0;0.999989685320429;1.0001687775094503;0.9999554685766421;0.9999278406154626;0.9999081188611825;0.9999927487735388;1.024999976158142;
2016-12-21 21:15:00;0.9999999999999999;0.9999789074224521;0.999899885542598;0.9999793168861595;0.9999748340491235;0.9999753016742413;0.9999999999999999;0.9998297764551596;0.9998979497846865;0.9999919404626776;0.9999336199631806;0.9999999999999999;0.9999817983641179;1.0;0.99967758624516;0.9996836887145941;0.9996903627448552;1.0;1.0;0.9998917344472392;0.9999314683329759;1.0;0.9996880699113518;0.9999952127489982;1.000209026611787;0.9998922309749826;1.0;0.999984636232774;0.9996644622791853;0.9996707121373918;1.0;0.9997235900366713;0.9999344130080464;0.999077195040656;0.9988722284610634;0.9997971567543531;1.0;0.9999892724926028;1.000178092551283;0.9999449267932955;0.9999036966284843;0.9998883788594624;0.9999885667682455;1.024999976158142;
2016-12-21 21:30:00;1.0;0.9999795590278795;0.9999242467292284;0.9999873369810278;0.9999799546440514;0.9999833435239637;1.0;0.9998897666461862;0.9999199624066671;0.9999938055946735;0.999953541948239;1.0;0.9999812987805455;1.0;0.9997928517799013;0.9997987705253076;0.9998027833251382;1.0;1.0;0.9999155016370462;0.9999393441521843;0.9999999999999999;0.9998011514010712;0.9999970452242483;1.0002011844579242;0.9999139536783782;1.0;0.9999894414277543;0.9996662504375228;0.999682859283031;1.0;0.9997278589469919;0.9999473552742361;0.9990932781527109;0.9989050966282477;0.9997990362491755;1.0;0.9999912732606052;1.0001724012568882;0.999955710007149;0.9999186322489331;0.9999146167611839;0.9999883370035352;1.024999976158142;
2016-12-21 21:45:00;1.0;0.9999737068689738;0.999915082755218;0.9999854185311321;0.999973255964163;0.999977718622053;1.0;0.9999116362509701;0.9998985621577361;0.9999919981629773;0.9999513314471491;0.9999999999999999;0.999990196281331;1.0;0.9998499237302071;0.999857544771278;0.999860320644826;1.0;1.0;0.9999109802303789;0.9999595337437106;1.0;0.9998593545661535;0.9999983497152188;1.0001958535338922;0.9999287916663989;1.0;0.9999860322960943;0.9996532249040212;0.9996674073729606;1.0;0.9997356176769034;0.9999324439140015;0.9991131578533441;0.9989122308139248;0.9998087594389998;1.0;0.999989685320429;1.000168012336527;0.999942877411203;0.9999399958099406;0.9999033388597354;0.9999928068465487;1.024999976158142;
2016-12-21 22:00:00;0.9999999999999999;0.9999875125033355;0.9999344953210375;0.999987969187932;0.999981283190597;0.9999830945030175;1.0;0.9999145065879085;0.9999254838200234;0.9999948683120183;0.9999604995436495;1.0;0.9999893454521942;1.0;0.9998491288957988;0.9998527613592539;0.9998555403704252;0.9999999999999999;1.0;0.9999285095513096;0.9999588200662086;1.0;0.9998544877521669;0.9999979954313152;1.0001921718700872;0.9999350302037725;1.0;0.9999896654297312;0.9996496244857503;0.9996779749345566;1.0;0.9997440961308011;0.9999526962838371;0.9991519002213541;0.9989701039710807;0.9998079129526164;0.9999999999999999;0.9999908604325451;1.00016508857071;0.9999602183078288;0.9999420408411909;0.9999249731778279;0.9999932931847136;1.024999976158142;
2016-12-21 22:15:00;1.0;0.9999799218920055;0.999939416541846;0.999989773662033;0.9999826803095502;0.9999859127961715;1.0;0.999920694085828;0.9999333023587323;0.9999945233706136;0.9999634985279479;1.0;0.9999888001178303;1.0;0.9998535192885616;0.999859339958849;0.99986225508653;1.0;1.0;0.9999350875574662;0.9999614765265756;1.0;0.9998611775362325;0.9999980628942692;1.0001899590803918;0.9999401462231207;0.9999999999999999;0.9999910634808877;0.999635538168498;0.9996558545396673;1.0;0.9997561041236493;0.9999549851736773;0.9991960964688458;0.9989925892445202;0.9998139259599444;1.0;0.9999892724926028;1.0001630064869833;0.999961984489699;0.9999461644520603;0.999932063649905;0.9999924716896118;1.024999976158142;
2016-12-21 22:30:00;1.0;0.9999823813009431;0.9999496924588701;0.9999919563553965;0.9999856805869248;0.9999888087974013;1.0;0.999935001640057;0.999944930580246;0.9999954310245361;0.9999700201081144;1.0;0.9999895083777804;1.0;0.9998791083652032;0.9998842264082495;0.9998866107819904;0.9999999999999999;1.0;0.9999456113225663;0.9999656859845399;1.0;0.999885685539855;0.9999983984283775;1.0001849636367894;0.9999486581656485;1.0;0.9999928389435659;0.9996479756309173;0.999672668454847;1.0;0.9997770855046971;0.9999625434663174;0.999266308913396;0.9990766584076094;0.9998291461031383;0.9999999999999999;0.9999896853204291;1.000158923895762;0.9999683589967638;0.9999528633258256;0.9999436074748279;0.9999930276947355;1.024999976158142;
2016-12-21 22:45:00;1.0;0.9999814397662538;0.9999532744231142;0.9999930453111774;0.9999865917705318;0.9999901508635617;1.0;0.999941575644897;0.999948987592344;0.999995607358199;0.9999725748608618;1.0;0.9999894110460249;1.0;0.9998902710387875;0.9998956529379568;0.9998978234197534;1.0;1.0;0.9999494205571786;0.9999669977512097;1.0;0.999896953009642;0.9999985667740957;1.000181329243982;0.9999518019792751;1.0;0.9999935999985814;0.9996623724623719;0.9996881223232984;1.0;0.9997937384714463;0.9999646309506132;0.9993238699226641;0.9991447708531068;0.9998400346473179;0.9999999999999999;0.9999908604325448;1.0001558527995305;0.9999700852456387;0.999955154422566;0.9999478077705831;0.9999929113508034;1.024999976158142;
2016-12-21 23:00:00;1.0;0.9999804293811289;0.9999540118608012;0.9999927839473784;0.9999874652421656;0.9999906975504662;1.0;0.9999345017002135;0.9999523377725477;0.9999955877135527;0.9999717795039565;1.0;0.9999892145942825;1.0;0.9998728470417128;0.9998785280580696;0.9998811933145797;0.9999999999999999;0.9999999999999999;0.9999506586812213;0.9999667469395805;1.0;0.9998801930561353;0.9999982379915264;1.0001795164315146;0.9999512103421556;1.0;0.9999938809006461;0.9996859099748485;0.9997042807619015;1.0;0.9998046939192066;0.9999663555233952;0.9993550526456928;0.9991796896537396;0.9998517370845079;1.0;0.9999896853204289;1.0001540758384775;0.9999715349213583;0.9999547224354935;0.9999494135917533;0.9999927322149379;1.024999976158142;
2016-12-21 23:15:00;1.0;0.9999838271252639;0.9999574472389632;0.9999933866614789;0.9999883210712559;0.9999911909832697;1.0;0.9999411775977713;0.9999550441233335;0.9999961164725467;0.99997425791632;0.9999999999999999;0.9999898167493622;0.9999999999999999;0.9998876238957287;0.9998923253369253;0.9998945974171904;1.0;1.0;0.9999537087272964;0.9999682923613543;1.0;0.9998937065249768;0.999998454299511;1.0001783347245414;0.9999541886763242;1.0;0.9999942869762319;0.999680949132408;0.9997030014004007;1.0;0.9998113004113682;0.9999689513576965;0.9993828700792539;0.9992097211533592;0.9998526553858553;1.0;0.9999908604325449;1.0001532561511255;0.9999737678459377;0.9999571175898783;0.9999526941673209;0.9999932962066822;1.024999976158142;
2016-12-21 23:30:00;1.0;0.9999808628042993;0.9999540200387701;0.9999933336941557;0.9999869520432318;0.9999906786597692;1.0;0.9999413716743275;0.9999504236004126;0.999995653198797;0.9999729365780244;1.0;0.9999889138223316;1.0;0.9998885522698905;0.9998941060246797;0.9998963331069969;0.9999999999999999;0.9999999999999999;0.9999500980560189;0.9999662663088014;1.0;0.999895432352733;0.9999985239892403;1.0001748102475747;0.9999515442479705;1.0;0.9999938960920609;0.9996975458397068;0.9997215328581309;0.9999999999999999;0.9998147808715014;0.9999653239527768;0.9993704481810439;0.9992103815295765;0.999871493910814;1.0;0.9999900664615023;1.0001501920874671;0.9999706639595879;0.999954497315721;0.9999488280330183;0.9999925977933894;1.024999976158142;
2016-12-21 23:45:00;1.0;0.9999854862452137;0.999965908140943;0.9999958794739666;0.9999900579070837;0.9999935690571323;1.0;0.9999618725225583;0.9999622168210295;0.9999968505404551;0.9999810619417122;1.0;0.9999902982928498;1.0;0.9999286260487453;0.9999328343301891;0.9999341429369238;1.0;1.0;0.9999619971941833;0.9999720309274746;1.0;0.9999335097359877;0.9999991050030798;1.0001714153645722;0.9999623887465857;1.0;0.9999957541465867;0.9996991158475396;0.9997278315798317;1.0;0.9998286657016567;0.9999735939611747;0.9994453600471509;0.9992937458455038;0.999862321517508;1.0;0.9999892724926028;1.0001476738334116;0.9999776614336696;0.9999633334731871;0.9999616032277445;0.9999936779354118;1.024999976158142;
2016-12-22 00:00:00;0.9999999999999999;0.9999909806347091;0.9999585615099624;0.9999926404462766;0.9999874614598242;0.9999890672133527;1.0;0.9999522056931941;0.9999510004454817;0.9999966318329203;0.9999757800724565;1.0;0.9999944202110792;1.0;0.999918579565785;0.9999212037498298;0.9999226541866364;0.9999999999999999;1.0;0.9999554476540162;0.9999772052467942;0.9999999999999999;0.9999221138895092;0.9999990131443136;1.0001710478478039;0.9999621910062934;1.0;0.9999933389216142;0.9997017069156787;0.9997230135320692;1.0;0.9998240593430953;0.9999685557052537;0.9994299019189552;0.9992687758972963;0.9998589841493202;1.0;0.9999912732606052;1.000147313395849;0.9999735030605396;0.999967153100503;0.9999523817923801;0.9999963152820169;1.024999976158142;
2016-12-22 00:15:00;0.9999999999999999;0.9999896056534144;0.9999706931182223;0.9999957769685723;0.9999911343901791;0.9999934565863868;1.0;0.9999682288189546;0.9999661924039049;0.9999973645732103;0.9999834988204712;0.9999999999999999;0.9999939468170643;1.0;0.9999433518604901;0.9999463672803869;0.999947393747819;1.0;0.9999999999999999;0.9999681248780309;0.9999804859097521;1.0;0.99994695008466;0.9999993263290736;1.0001679688553395;0.9999711348774655;1.0;0.999995846790642;0.9996810612080802;0.9997001154062615;1.0;0.999823066721575;0.999977079;0.9994041007140828;0.9992257361545168;0.9998735268846;1.0;0.9999888913511111;1.0001448040305465;0.9999806238380348;0.9999733303537857;0.9999667312071945;0.999995962409746;1.024999976158142;
2016-12-22 00:30:00;1.0;0.9999920627556328;0.9999832297287456;0.9999976914508694;0.9999951386508221;0.9999967205589241;1.0;0.999979403409936;0.999981864306189;0.9999983444134597;0.999990230830534;1.0;0.9999960139719373;1.0;0.9999605317897035;0.999962834605001;0.9999636397917119;1.0;1.0;0.9999820289394162;0.999988170103386;0.9999999999999999;0.9999633187536348;0.999999492285012;1.0001614377768084;0.9999828543297578;1.0;0.9999978314674711;0.9996942114105447;0.9997234593450968;1.0;0.9998428458207195;0.9999870182013452;0.9994782941706889;0.999323528462695;0.9998824781429992;1.0;0.9999888913511111;1.0001392435762528;0.9999889960354468;0.9999839773680691;0.9999814534792375;0.9999972654890807;1.024999976158142;
2016-12-22 00:45:00;1.0;0.9999953159433119;0.9999868720795444;0.9999976563505607;0.9999962327800418;0.9999968859282551;1.0;0.9999820789178242;0.9999856707016751;0.9999987875834899;0.9999918856453865;0.9999999999999999;0.9999980358625935;1.0;0.999966580680828;0.9999679451075829;0.9999686448305776;0.9999999999999999;1.0;0.9999863232056683;0.9999927700707928;1.0;0.9999684120055733;0.999999556716579;1.0001604389155165;0.9999878546448219;1.0;0.9999980415562759;0.999699622030162;0.9997307948868593;1.0;0.9998382080504271;0.9999902041620234;0.9994742289956069;0.9993262944968458;0.9998713406199494;1.0;0.9999908604325449;1.0001384357566243;0.999991715728939;0.999989519438631;0.9999854298196098;0.9999985976693584;1.024999976158142;
2016-12-22 01:00:00;1.0;0.9999920645233367;0.999983558968527;0.9999967910595025;0.9999956337189548;0.9999963747891957;1.0;0.9999724193520326;0.9999838535317157;0.9999982762821662;0.9999889492040963;1.0;0.9999976946950051;0.9999999999999999;0.9999451661654957;0.9999474754364044;0.9999487524559073;1.0;1.0;0.9999836579110523;0.9999916880298292;1.0;0.9999483721601412;0.9999992188036897;1.0001610477242286;0.999984959714787;1.0;0.9999976340240325;0.9997000783654787;0.9997320029734357;0.9999999999999999;0.999837645053443;0.9999881884974431;0.9994714592342672;0.9993249535533221;0.999871524559221;1.0;0.9999896853204289;1.0001386868802988;0.9999899771196734;0.9999875054541407;0.9999825114959732;0.9999981850509397;1.024999976158142;
2016-12-22 01:15:00;1.0;0.999991123555925;0.9999847718021795;0.9999977711984936;0.9999955204380024;0.9999970203682672;0.9999999999999999;0.9999806404465582;0.9999838980500774;0.9999982928829542;0.9999908548076726;1.0;0.9999970760334685;1.0;0.9999618170578055;0.9999643935172142;0.9999652513447032;1.0;1.0;0.9999844960304972;0.9999912673842342;1.0;0.9999649594478796;0.9999995130935186;1.0001556298140886;0.9999860326363657;1.0;0.9999979776172073;0.9997180535620603;0.9997593057210293;1.0;0.9998653171399542;0.9999878977360751;0.9995536093316301;0.9994320547268344;0.999898750260338;1.0;0.9999912732606052;1.0001341621440472;0.9999897024335509;0.9999876337757143;0.9999835718072024;0.9999977821910222;1.024999976158142;
2016-12-22 01:30:00;1.0;0.9999963277881213;0.9999852167392843;0.9999975602598882;0.9999956524130139;0.9999964069656649;0.9999999999999999;0.9999822855952697;0.9999829877312169;0.9999988135181205;0.9999913773317424;1.0;0.9999973229639948;1.0;0.9999688533124547;0.9999699250917415;0.9999704858184372;1.0;1.0;0.9999838563854717;0.9999904403612525;1.0;0.999970258491745;0.9999996062714505;1.000156052948406;0.9999853813474282;1.0;0.9999977957626873;0.9997229976325053;0.9997725359015424;0.9999999999999999;0.9998740417505916;0.9999889410486426;0.9996003834879994;0.999494753760525;0.9998931632021177;1.0;0.9999892724926028;1.0001347294355645;0.9999906797892935;0.9999867396006663;0.9999830836814468;0.9999982768652089;1.024999976158142;
2016-12-22 01:45:00;1.0;0.9999924238797344;0.9999838295500268;0.9999970747611121;0.9999952661545224;0.9999962209200706;1.0;0.9999778646617772;0.9999826311792754;0.9999982936363467;0.9999898594107202;1.0;0.9999980797930951;1.0;0.9999576832107294;0.9999598810738385;0.9999608339921505;1.0;0.9999999999999999;0.9999838582592353;0.9999927532540397;1.0;0.9999605493161074;0.9999994488901365;1.0001529673717953;0.9999864350824988;1.0;0.9999975582589462;0.9997724943281235;0.9998367682851642;0.9999999999999999;0.9998999840385302;0.999987531428225;0.9997080104059254;0.9996570277558727;0.9998979403966568;1.0;0.9999783332749327;1.0001318253995866;0.9999894147924222;0.9999889175734152;0.9999824275894845;0.999998422702549;1.024999976158142;
2016-12-22 02:00:00;1.0;0.9999941591150576;0.9999875919597934;0.9999975920133124;0.9999965692395839;0.9999971484628486;1.0;0.9999804628511115;0.9999873520183167;0.9999986991003267;0.9999918235220365;1.0;0.9999985138780537;1.0;0.9999617295102055;0.9999634280119509;0.9999643137097779;0.9999999999999999;1.0;0.99998772139818;0.9999943078863632;1.0;0.9999640553011433;0.9999994712139195;1.0001513266141824;0.9999892264018325;1.0;0.9999981563514034;0.9997639492785909;0.9998347706567867;0.9999999999999999;0.9999028616685416;0.9999908419514146;0.9997195705280749;0.999672888519304;0.9998987221858001;1.0;0.9999780259050224;1.0001304533585287;0.9999922275956102;0.9999912465565162;0.9999867010244664;0.9999987798565669;1.024999976158142;
2016-12-22 02:15:00;0.9999999999999999;0.9999906912646548;0.9999850894564294;0.9999974603031841;0.9999956498286124;0.9999968820870141;1.0;0.9999790520353469;0.9999846703918464;0.9999982095375737;0.9999905431298209;1.0;0.9999980556790609;0.9999999999999999;0.9999580667351847;0.9999607737156664;0.9999617811074958;1.0;1.0;0.9999855806750114;0.9999936137482548;1.0;0.9999614885570386;0.9999994517870235;1.0001491235703959;0.9999878248670638;1.0;0.9999978828946929;0.9997687300831134;0.9998350649938811;1.0;0.999915209434269;0.9999882018807351;0.9997350032589228;0.9996840192323011;0.9999253025124129;0.9999999999999999;0.9999770843979898;1.000128449933057;0.9999899414714791;0.9999901425954152;0.99998425068615;0.9999982879020453;1.024999976158142;
2016-12-22 02:30:00;1.0;0.9999932928007536;0.9999859434343636;0.9999974609464981;0.999996079368144;0.9999968979351318;1.0;0.9999789666287308;0.9999855281379632;0.9999985352305536;0.9999909777655015;1.0;0.9999979081667503;1.0;0.9999588778288324;0.99996083088434;0.9999617637231554;1.0;1.0;0.999985835357802;0.9999927156048882;1.0;0.9999614745541453;0.999999437286877;1.0001511133554606;0.9999872683599232;1.0;0.9999979786190207;0.9997727625057852;0.9998451922097975;1.0;0.9999134275718079;0.9999895170262996;0.9997504377666309;0.9997116971131093;0.9999094664451106;0.9999999999999999;0.9999773917673768;1.000130247396716;0.9999911038449155;0.9999892354956573;0.9999848433768583;0.9999983871134414;1.024999976158142;
2016-12-22 02:45:00;1.0;0.9999953150590372;0.999990149887932;0.9999983695050414;0.9999970438331933;0.9999977678293275;0.9999999999999999;0.9999877131565963;0.9999891666290909;0.9999989678190739;0.999994053266146;1.0;0.9999986121645749;1.0;0.999976784542787;0.9999781457379012;0.999978652437019;1.0;1.0;0.9999900100017786;0.999995171314523;1.0;0.9999784901205925;0.9999997110512578;1.0001503790785835;0.9999915519134661;1.0;0.9999985532717386;0.9997726775248433;0.9998417221079982;1.0;0.999905896016794;0.9999922309257988;0.9997317260672036;0.9996880106048484;0.9998995694991335;1.0;0.9999789796683627;1.000129800243838;0.9999934036001885;0.9999928603535733;0.9999892052520619;0.999998914278071;1.024999976158142;
2016-12-22 03:00:00;1.0;0.9999932910743745;0.9999887438578637;0.9999982623548039;0.9999965691813346;0.9999976360526879;1.0;0.9999863560780362;0.9999878193014523;0.9999986897767513;0.9999932436683029;1.0;0.9999983565465477;1.0;0.9999734061041934;0.9999753526852267;0.9999759644867754;1.0;1.0;0.9999888456460881;0.999994777233674;1.0;0.9999757738962239;0.9999996762413205;1.000151136794851;0.9999907069313653;1.0;0.9999984089453757;0.9997579225144084;0.9998352275721956;1.0;0.9999110239787885;0.9999908233896478;0.9997506311936665;0.9997097481752382;0.9999021251771149;1.0;0.9999762907510513;1.0001303845380611;0.9999921831325851;0.9999922139801368;0.9999878802394483;0.9999986343932926;1.024999976158142;
2016-12-22 03:15:00;1.0;0.9999944478616377;0.9999889976318266;0.9999978120006907;0.9999972230355437;0.9999976901459573;0.9999999999999999;0.9999799701491436;0.9999897235688762;0.9999988429250176;0.9999923842636952;1.0;0.9999982630454093;0.9999999999999999;0.9999595004169712;0.9999611129015907;0.9999620676445121;1.0;1.0;0.999989074975517;0.9999940029162007;1.0;0.9999617812024973;0.9999994056093595;1.0001498493508483;0.9999894460381112;1.0;0.9999984781035999;0.9997542055508475;0.999833226513738;1.0;0.9999163170524088;0.9999923504679925;0.9997533977737908;0.9997123196812083;0.9999161225053407;1.0;0.9999776130855303;1.0001291577014206;0.9999935083274369;0.999991107772346;0.9999884357414828;0.9999986629311296;1.024999976158142;
2016-12-22 03:30:00;1.0;0.9999936541840017;0.9999862403028579;0.9999975885005;0.9999964897928502;0.9999972856571241;1.0;0.9999768194070856;0.9999867243721144;0.9999986570605844;0.9999909423821268;1.0;0.9999970011201501;1.0;0.9999536240900583;0.9999554721153311;0.9999565103809368;1.0;1.0;0.9999856452939891;0.999990563535895;1.0;0.9999561595513228;0.9999993246863795;1.0001538980563642;0.9999854654935441;1.0;0.9999982141456483;0.999745044923621;0.9998232131553824;1.0;0.9999025892422293;0.9999903792172629;0.9997166880949093;0.9996687777379242;0.9998998657974054;0.9999999999999999;0.9999773917673768;1.0001326379694417;0.9999918530937603;0.9999868665582852;0.9999852271404431;0.9999979150953968;1.024999976158142;
2016-12-22 03:45:00;1.0;0.9999939435556733;0.9999883778135665;0.9999984195129095;0.9999966560863581;0.9999978186019347;1.0;0.9999853541386565;0.9999876797068346;0.9999988005105057;0.9999931617325879;0.9999999999999999;0.9999972081147726;1.0;0.9999713893773571;0.9999731547415606;0.9999737593544274;1.0;1.0;0.9999876822222388;0.9999918827962839;1.0;0.9999735260741349;0.9999996282513487;1.0001527617089188;0.9999881835320054;1.0;0.9999985326434091;0.999748432722406;0.9998262596815507;1.0;0.9999094321384768;0.9999909792356129;0.999743956219292;0.9996976629864603;0.9999018809161534;1.0;0.9999766715831961;1.0001318264933856;0.9999923424115768;0.9999889867142226;0.9999872783392484;0.9999980482815943;1.024999976158142;
2016-12-22 04:00:00;1.0;0.9999932919599583;0.999990518090644;0.9999985626583071;0.9999970824879815;0.9999981069784833;1.0;0.9999884007108233;0.9999899716026839;0.9999987829529461;0.9999942480035211;0.9999999999999999;0.9999987266627761;1.0;0.9999766717637304;0.9999786215966235;0.9999791912612594;1.0;1.0;0.9999909219217521;0.9999961716596323;1.0;0.9999790250650753;0.9999997187714151;1.0001495218103444;0.9999926755379928;1.0;0.9999986809076791;0.9997641937643215;0.9998314361565376;1.0;0.9999051080572467;0.9999920777820812;0.9997136419692717;0.9996614469182684;0.9999094886421925;1.0;0.999976438306248;1.0001289971287106;0.9999932302823387;0.9999940792394658;0.9999900029542513;0.9999988364491438;1.024999976158142;
2016-12-22 04:15:00;1.0;0.9999924238797345;0.9999886601067279;0.999998111718326;0.9999967726072722;0.9999977816830633;0.9999999999999999;0.9999833026152198;0.999988720343658;0.9999986103753362;0.9999927171040097;1.0;0.9999982786254533;1.0;0.9999659348098993;0.999968132691145;0.9999689601224101;1.0;1.0;0.9999890400275574;0.9999947103021551;1.0;0.9999687148827602;0.9999995426684039;1.0001498369935462;0.9999903552782863;1.0;0.9999984634208705;0.9997748425116716;0.9998422194718279;1.0;0.9999097963204139;0.9999911119084643;0.999737298898513;0.999692295903434;0.9999074853941996;1.0;0.9999777728995521;1.0001291621109871;0.9999924164348096;0.9999920171129462;0.9999881458953521;0.9999985316677039;1.024999976158142;
2016-12-22 04:30:00;1.0;0.999992424766178;0.9999862517905338;0.9999973970960222;0.99999631776949;0.9999970996138519;1.0;0.9999771312345389;0.9999866533365708;0.9999984705258986;0.9999907708463747;1.0;0.9999980346799955;1.0;0.9999539205919737;0.9999561216920357;0.9999572171066814;1.0;1.0;0.9999865215301187;0.9999932597658556;0.9999999999999999;0.9999568943258387;0.9999993473395212;1.000152937798403;0.9999876658678806;1.0;0.9999980674630785;0.9997629654276915;0.999832173527278;1.0;0.9999003281705605;0.9999899268382629;0.9997136449353776;0.9996639823687186;0.9998951464335349;1.0;0.9999773917673768;1.0001317434304182;0.9999914347645207;0.9999898097395076;0.9999855316784666;0.9999983971945304;1.024999976158142;
2016-12-22 04:45:00;1.0;0.9999927132538402;0.9999877490731113;0.9999980660277314;0.9999963667816901;0.9999974799202221;1.0;0.9999840377736819;0.9999870531916257;0.9999985863100819;0.9999924958719795;0.9999999999999999;0.9999980961346047;1.0;0.9999685004280158;0.9999706156209808;0.9999713451810553;1.0;1.0;0.9999878351836362;0.9999940109490467;1.0;0.9999711171857556;0.9999995996667367;1.0001506660522679;0.9999895319499326;1.0;0.9999982993148446;0.9997726376250047;0.9998381279671392;1.0;0.999906114332175;0.9999902119252736;0.9997303357096737;0.9996811961495706;0.9999011733596047;0.9999999999999999;0.9999772319535375;1.0001299266734756;0.9999916647235418;0.9999911489543053;0.9999868749510611;0.9999984514109709;1.024999976158142;
2016-12-22 05:00:00;1.0;0.9999924230303141;0.999981298019705;0.9999966723002782;0.9999940714810542;0.9999951729134098;1.0;0.9999792042001443;0.9999781543039197;0.9999980865978678;0.999988922117736;1.0;0.999998520750365;1.0;0.9999630745293203;0.9999652691475134;0.9999660478888597;1.0;0.9999999999999999;0.9999812728279589;0.9999931239028201;0.9999999999999999;0.9999658239355849;0.9999995856428371;1.0001491575316181;0.9999859043446118;1.0;0.9999969541405144;0.9997796400769617;0.9998520347706826;1.0;0.9999251223458259;0.9999848520126806;0.9997832683845163;0.9997486635949492;0.999922262932945;1.0;0.9999779204550601;1.0001285910638615;0.9999871501667463;0.99998897800274;0.9999791764663899;0.9999986651356672;1.024999976158142;
2016-12-22 05:15:00;1.0;0.9999919898587586;0.999984278597564;0.9999971978537807;0.9999951305338923;0.9999961918155049;0.9999999999999999;0.9999807903586043;0.9999824873682064;0.999998236416838;0.999990384464168;1.0;0.9999986959611761;0.9999999999999999;0.9999638863201462;0.9999662082255919;0.9999670357024283;1.0;1.0;0.999984680683075;0.9999945036295964;1.0;0.9999668074222982;0.9999995670765748;1.0001533457266158;0.999988297728104;1.0;0.9999975284943182;0.9997670039295655;0.9998397575115805;0.9999999999999999;0.9999039235303437;0.9999872771723635;0.9997335270161479;0.999691970510066;0.9998924461164073;1.0;0.9999674803421588;1.0001321822558333;0.9999891781258485;0.999991009244656;0.9999829163529321;0.9999987307734779;1.024999976158142;
2016-12-22 05:30:00;1.0;0.9999961102078838;0.9999920443342892;0.9999988510922619;0.9999977208283484;0.9999984370936899;1.0;0.9999897199584092;0.9999915476479406;0.9999991996960248;0.9999952624036165;1.0;0.9999982115436333;1.0;0.9999800756333164;0.9999812078543004;0.9999816284028835;1.0;0.9999999999999999;0.9999915904037141;0.9999946258488387;1.0;0.9999814703674487;0.9999997389371212;1.0001517228589822;0.9999920078392442;0.9999999999999999;0.9999989662219637;0.999777201895889;0.9998445850680858;1.0;0.9999016869203015;0.9999938901427232;0.9997250591051235;0.9996821237598242;0.9998915056267881;1.0;0.9999652463592672;1.0001310171613693;0.9999948173466001;0.9999926381157282;0.9999912714872301;0.9999987493821563;1.024999976158142;
2016-12-22 05:45:00;1.0;0.9999903290424949;0.9999844926872004;0.9999979063236005;0.9999957574704835;0.9999974418217145;1.0;0.9999778832743561;0.9999846891363053;0.9999982728824705;0.9999904923730831;1.0;0.9999959140154729;1.0;0.9999547516232395;0.9999575603573786;0.9999585813413393;1.0;1.0;0.9999838267090868;0.9999887188320302;1.0;0.999958208309517;0.9999993772439724;1.000154342883071;0.9999837138359735;0.9999999999999999;0.999998190570257;0.9997708981624177;0.9998495200767938;1.0;0.9999058269409086;0.9999881736104876;0.9997376278581793;0.9997074154051995;0.9998953632920224;1.0;0.9999778275900724;1.0001329934769867;0.9999899383659628;0.9999847517277396;0.9999834691356091;0.9999970898415039;1.024999976158142;
2016-12-22 06:00:00;1.0;0.9999881606505046;0.999984934903147;0.9999982292675887;0.9999957490219138;0.9999978527820655;1.0;0.9999795960461199;0.9999853723291459;0.999998088320282;0.999990909170493;1.0;0.9999959078225571;1.0;0.9999567642983718;0.999960199690672;0.999961227295111;1.0;1.0;0.9999847347546111;0.9999895604742248;1.0;0.9999608608987395;0.9999994254236805;1.0001576767203273;0.9999848667721821;1.0;0.9999983570224118;0.9996824091398779;0.9997956750160119;1.0;0.9999004805913423;0.9999879019394259;0.9997328653767733;0.9996974824856643;0.9998825323703419;1.0;0.9999783559783891;1.0001358378932932;0.999989661691896;0.9999858626003267;0.9999842967720223;0.9999969367931137;1.024999976158142;
2016-12-22 06:15:00;1.0;0.9999919907475888;0.9999374188606801;0.9999880404384995;0.9999788812016083;0.9999803550867571;1.0;0.9999470504222491;0.9999180540446259;0.9999949681150615;0.9999653737981764;1.0;0.9999980158451999;0.9999999999999999;0.9999271653702811;0.9999294904354017;0.9999304308334253;1.0;1.0;0.9999342799712353;0.9999790340462792;1.0;0.9999301488068627;0.9999994657155681;1.0001734789380934;0.9999549309594301;1.0;0.9999883018198369;0.9996372373427459;0.999772150303309;1.0;0.9998889227982558;0.9999492146523259;0.9997155952153584;0.9996843193217496;0.9998596143114558;1.0;0.9999774144729054;1.0001495625172645;0.9999572020895491;0.9999655285252645;0.9999262328442282;0.9999983571717457;1.024999976158142;
2016-12-22 06:30:00;1.0;0.9999911244396997;0.9999062397341941;0.9999821961785998;0.9999675627004423;0.9999696937535196;1.0;0.9999296965062302;0.9998737519672498;0.9999926636314945;0.9999493933240683;1.0;0.9999981466827954;1.0;0.9999138384464262;0.999916418027664;0.9999171808138961;0.9999999999999999;0.9999999999999999;0.9999010429831483;0.9999705251861281;0.9999999999999999;0.9999169525706414;0.9999996151119668;1.0001819098280538;0.9999346934534907;1.0;0.99998206434828;0.9996154982251559;0.9997539141325522;1.0;0.9998486341009521;0.9999227295740303;0.9995561634140608;0.9995170403873922;0.9998470576353254;1.0;0.9999749591605362;1.0001569010806184;0.999934916695903;0.9999507329007342;0.9998883735039797;0.9999983680737926;1.024999976158142;
2016-12-22 06:45:00;0.9999999999999999;0.9999904736873654;0.9999034269587399;0.9999810668277984;0.9999675333549352;0.9999690955730282;1.0;0.9999171326820743;0.9998731815126217;0.9999923983470406;0.9999463038949821;1.0;0.9999974654222008;1.0;0.9998870095014538;0.9998897767134537;0.9998911965759152;1.0;0.9999999999999999;0.9998982490474698;0.999967857706362;1.0;0.9998907779770111;0.9999991428378971;1.0001922909724132;0.9999302378277575;1.0;0.9999816462825091;0.9994965880749982;0.9996666847095041;1.0;0.999842634282234;0.9999222810666325;0.9995372386552429;0.9994695118660424;0.9998420554479905;1.0;0.9999689890521707;1.0001656159337295;0.9999345614268416;0.9999468767503435;0.9998858012826128;0.9999979491583982;1.024999976158142;
2016-12-22 07:00:00;1.0;0.9999872926167535;0.999862452536701;0.9999715455097081;0.9999557517040812;0.9999561757727599;1.0;0.9998610039252223;0.9998256694102292;0.9999890194507299;0.9999203571431338;1.0;0.9999951981822888;0.9999999999999999;0.9997913212777948;0.9997950041162919;0.9997982422043393;1.0;0.9999999999999999;0.9998549839136498;0.999950065636182;1.0;0.9997972873873716;0.9999978669462334;1.0002114386056287;0.9998949570962615;1.0;0.9999737622988105;0.9994982162360714;0.999669098962802;1.0;0.9998449582289437;0.9998934639668651;0.9996019312641957;0.9995377068190454;0.9998052104065674;1.0;0.9999715181225848;1.0001814028493576;0.9999103806336227;0.9999188472922309;0.9998386410838901;0.9999964877462273;1.024999976158142;
2016-12-22 07:15:00;1.0;0.9999453157303095;0.9998502546662111;0.9999746068924147;0.9999498490993288;0.9999589289238671;1.0;0.9998723841798327;0.9998143901345714;0.9999841234523282;0.9999171111871978;1.0;0.99998900393107;1.0;0.999795341109057;0.9998112228123645;0.9998149581663016;1.0;1.0;0.999847220019415;0.9999460456572742;0.9999999999999999;0.9998138165483407;0.9999983075191904;1.0002244443776729;0.9998911582734492;0.9999999999999999;0.9999737734000064;0.999460666891833;0.999645008824738;1.0;0.999836692226214;0.9998739413816214;0.9995752436680332;0.9995088176971344;0.999798924639586;1.0;0.9999222977804628;1.0001918269572092;0.9998931295031529;0.999914238726829;0.9998297182690375;0.9999901783789532;1.024999976158142;
2016-12-22 07:30:00;1.0;0.9999118664241856;0.9998140484266883;0.9999702324934892;0.9999357745563487;0.9999505430906175;1.0;0.9998595340628815;0.9997689868290468;0.9999778504259538;0.9998990076854853;1.0;0.9999881044113209;1.0;0.99977283294706;0.9997984350092575;0.9998029210574302;1.0;0.9999999999999999;0.999815109192073;0.9999435693061421;1.0;0.9998016876672463;0.9999985425667861;1.0002345558080954;0.9998761111765928;1.0;0.999967470888199;0.999481533446462;0.9996546975827535;1.0;0.9998398434377237;0.999836756266023;0.9995873845789495;0.9995177211946072;0.9998002159526306;1.0;0.9999113215055841;1.000199658456492;0.9998611725018365;0.9999061364256587;0.9997912098984127;0.9999873625958855;1.024999976158142;
2016-12-22 07:45:00;1.0;0.9999851986079861;0.9998666098949789;0.9999741961447681;0.999955633469912;0.9999579503434938;1.0;0.999884355982979;0.9998265925834585;0.9999891456891595;0.9999259424293875;1.0;0.9999942289456056;1.0;0.9998387178040653;0.9998430148919856;0.9998450875108125;1.0;1.0;0.9998584886254597;0.9999507280957325;1.0;0.9998444050345047;0.9999986971759582;1.0002216585594115;0.9998996717626032;1.0;0.9999747426531984;0.9994740393036222;0.9996568977161698;1.0;0.9998349078599718;0.9998932567095837;0.9996004696427123;0.9995424929277865;0.9997770194495419;0.9999999999999999;0.999896639360481;1.0001906911860625;0.9999101211131767;0.9999212979605167;0.9998425215267046;0.9999958080564629;1.024999976158142;
2016-12-22 08:00:00;1.0;0.999985850190926;0.9998122561605619;0.9999635221243625;0.9999364192157794;0.999939105149925;1.0;0.9998498159056175;0.9997504110321493;0.999985191176903;0.9998974730274744;1.0;0.9999940170192381;1.0;0.9998067962783221;0.9998109088011637;0.999812842010291;1.0;1.0;0.99979992164859;0.9999339306462358;1.0;0.9998121855559479;0.9999987716320299;1.0002322265215209;0.9998621643336727;0.9999999999999999;0.9999636701900955;0.9994512206089472;0.9996369772741862;1.0;0.999830578284714;0.999848399687698;0.9995841680061377;0.9995165577689104;0.9997752817678247;0.9999999999999999;0.9999028108053479;1.0001998667594738;0.9998724383915245;0.9998930993038783;0.9997764427868376;0.9999957346551983;1.024999976158142;
2016-12-22 08:15:00;1.0;0.999985417631962;0.9998403041827324;0.9999693813401328;0.9999450094192182;0.9999481216946098;1.0;0.999879499937951;0.9997856196055245;0.999987242043148;0.9999136426377779;1.0;0.9999964594157259;0.9999999999999999;0.9998512361847849;0.9998554794829437;0.9998568200313785;1.0;0.9999999999999999;0.9998310669425672;0.9999485894605644;1.0;0.999856407353033;0.9999992745816018;1.0002291190977914;0.9998875146182948;1.0;0.9999691018758837;0.999460999474216;0.9996425509960248;0.9999999999999999;0.9998093975358846;0.9998689425310612;0.9995601221495505;0.9994952401731392;0.9997287152996182;1.0;0.9999016675987249;1.0001973986056487;0.9998896327487383;0.9999146538522963;0.9998098868979334;0.999997040343812;1.024999976158142;
2016-12-22 08:30:00;1.0;0.9999872240111647;0.9998858911537186;0.9999784100171419;0.9999604971474539;0.9999632559821073;1.0;0.9999152127464543;0.9998468481713529;0.9999907409475886;0.9999384620498429;1.0;0.9999976040148043;0.9999999999999999;0.9998952939198588;0.9998990124847718;0.9998999865204725;1.0;1.0;0.9998799106665227;0.9999644529053084;0.9999999999999999;0.9998997020978407;0.9999995283305174;1.000222564878105;0.9999209103564937;1.0;0.9999780986903317;0.9993972817247153;0.9995776174287248;1.0;0.9997903932870499;0.9999056361920499;0.9994631814051884;0.9993556893660208;0.999737405726945;0.9999999999999999;0.9998950099434563;1.0001919120694422;0.9999204777370426;0.9999404459926283;0.9998644797187185;0.9999977937883534;1.024999976158142;
2016-12-22 08:45:00;1.0;0.9999680014238608;0.9998799686538686;0.9999788714410176;0.9999586972307074;0.9999644956494572;1.0;0.9999082079114389;0.9998446820953517;0.9999884310040719;0.999934904412358;1.0;0.99999463435531;1.0;0.9998697200729754;0.9998790083435856;0.9998809286170532;1.0;1.0;0.9998764178092269;0.9999616215623562;1.0;0.9998803700871128;0.9999992152425238;1.0002463609047203;0.9999169355706403;1.0;0.9999780377360167;0.9992590452164611;0.9993998301910173;1.0;0.9996887828857544;0.9998985525622781;0.9990840768143396;0.9988347804615765;0.9996907590949188;1.0;0.9998971064303241;1.0002118335808927;0.9999141702594111;0.9999366640486282;0.9998608297043708;0.999994834176484;1.024999976158142;
2016-12-22 09:00:00;1.0;0.9999606315554569;0.9999151097260953;0.9999862797296131;0.9999715513610488;0.9999781959586058;1.0;0.9999249748503559;0.9998970973039947;0.9999904711246513;0.9999525558235101;1.0;0.9999932679581424;1.0;0.9998723534409825;0.999883782711931;0.9998863904758283;1.0;1.0;0.9999152994602041;0.9999711298675471;1.0;0.9998856355208501;0.9999988611697456;1.0002278885735298;0.9999400725527426;1.0;0.999985876074833;0.9993362266255025;0.9995071784282851;1.0;0.9997588147009457;0.9999273660343586;0.9993295853461587;0.9991707055160318;0.9997337049285175;1.0;0.9999012231232067;1.0001955062223697;0.9999382642771774;0.9999534154855725;0.9999051003078143;0.9999935730696938;1.024999976158142;
2016-12-22 09:15:00;1.0;0.9999904731008067;0.9999075249867735;0.999982426192691;0.999969465065287;0.9999712972670844;1.0;0.9999183719761126;0.9998801673692961;0.9999927691551442;0.9999487284550305;1.0;0.9999947081849703;1.0;0.9998851040856607;0.9998878679607498;0.9998893222145571;1.0;1.0;0.9999011321267771;0.9999629428502923;0.9999999999999999;0.9998887966052038;0.9999990111150477;1.0002325477134184;0.9999280894099871;1.0;0.9999828622696382;0.9993297798078264;0.9995056565628957;1.0;0.9997420778997838;0.9999264985885801;0.9993055091866716;0.9991517556496609;0.9997001077262934;1.0;0.9998994141536961;1.0002004712816452;0.9999381410209414;0.9999422775407574;0.999890654053661;0.9999964327612552;1.024999976158142;
2016-12-22 09:30:00;1.0;0.9999905457373448;0.9998888134967251;0.999979495707648;0.9999639419595605;0.9999662748457179;1.0;0.9999003979243858;0.9998569892203945;0.9999915714083049;0.9999387997628001;1.0;0.9999900284016401;0.9999999999999999;0.9998581690052205;0.9998609138004967;0.9998625944602334;1.0;0.9999999999999999;0.9998786077760788;0.9999466325341202;1.0;0.999861840473137;0.9999986868587832;1.000252014167413;0.999906349750773;1.0;0.9999798047680571;0.9992545585283715;0.9994078677852374;1.0;0.9996877835238427;0.9999129919256762;0.9991090548332571;0.9988777252502982;0.9996713254770109;1.0;0.9998996671711678;1.000217289967353;0.9999268628637552;0.9999209721185264;0.9998679943646539;0.9999938700917171;1.024999976158142;
2016-12-22 09:45:00;0.9999999999999999;0.999978334805732;0.999891540742193;0.9999804386642945;0.9999645210476593;0.9999684226895311;1.0;0.9999015759594555;0.999863194257912;0.9999905360235136;0.9999396257616134;1.0;0.9999913167413439;1.0;0.9998506852917597;0.9998569769334797;0.9998592452920595;1.0;1.0;0.9998851453532605;0.9999540184834987;0.9999999999999999;0.9998584361643271;0.999998609796907;1.000244449842644;0.9999140920480526;1.0;0.9999806801096035;0.9992805277792499;0.999438806835834;1.0;0.9997137781010177;0.9999128716980455;0.9991701102434873;0.9989600033593524;0.9997073626815692;0.9999999999999999;0.9999003872275363;1.0002102869409442;0.9999264943706689;0.9999297500646135;0.9998736909531203;0.9999937295566963;1.024999976158142;
2016-12-22 10:00:00;1.0;0.999960994610041;0.9998593449658555;0.9999757440452229;0.9999521816958055;0.9999593651700793;0.9999999999999999;0.999889578747624;0.9998199448283812;0.9999863134564531;0.9999236882299222;1.0;0.9999910276081598;0.9999999999999999;0.9998384242808245;0.9998497546608487;0.999852193047843;1.0;1.0;0.99985406706643;0.9999492595698013;1.0;0.999851398304488;0.9999988949535612;1.0002455501449683;0.9998979224532057;0.9999999999999999;0.999974668931007;0.9993309018893705;0.9994827684078866;0.9999999999999999;0.9997331458056825;0.9998819097127245;0.9992230596104412;0.9990327882884465;0.9997290218074731;1.0;0.9998975703706756;1.0002108491402075;0.9999000958334188;0.9999194661305555;0.9998372106261665;0.9999923684720987;1.024999976158142;
2016-12-22 10:15:00;1.0;0.9999507316861719;0.9998412019521609;0.9999731151180805;0.9999458826106039;0.999954992203986;1.0;0.9998755077659689;0.9997976735039609;0.9999841412181674;0.9999138186066786;1.0;0.9999895360050352;1.0;0.9998142893296535;0.9998285870117241;0.9998315414706483;1.0;1.0;0.9998362682456708;0.9999436214093358;1.0;0.9998306008640729;0.9999987234914425;1.0002486493281255;0.9998858799007332;1.0;0.9999717804373487;0.9993537292375135;0.9994987315163847;1.0;0.9997146793098125;0.9998656474609747;0.9991734655537231;0.9989891047578374;0.9997076178182888;1.0;0.9999010756018032;1.0002131754076484;0.9998862413872875;0.9999102321028042;0.9998171231597973;0.9999908412670521;1.024999976158142;
2016-12-22 10:30:00;1.0;0.9999411924785964;0.9998438804962528;0.9999741000644173;0.9999467494392991;0.9999571173358525;1.0;0.9998758013730595;0.9998038857097602;0.9999833714909077;0.9999147686512656;1.0;0.9999895467007219;1.0;0.999806098375734;0.9998231567423114;0.9998266090424501;1.0;0.9999999999999999;0.9998414156322494;0.9999472533219471;1.0;0.9998255788968344;0.9999986005803794;1.0002533397156197;0.9998903840752247;0.9999999999999999;0.9999726805409693;0.9993558986514575;0.9994899220851965;1.0;0.9996853687211611;0.9998663993919636;0.9991149525883084;0.9989182444003061;0.9996598592707963;1.0;0.9999004610047662;1.0002168719933602;0.9998866799444716;0.9999148323704945;0.99982222749152;0.9999901882115323;1.024999976158142;
2016-12-22 10:45:00;1.0;0.9999401841142919;0.9998365076820971;0.9999727252582159;0.9999448266119375;0.9999551365831871;1.0;0.9998667275444864;0.9997959139181666;0.9999825949326013;0.9999104876886488;1.0;0.999987582080828;1.0;0.9997899271888151;0.9998072908965546;0.9998110081913945;1.0;1.0;0.9998327413315741;0.9999406055453852;1.0;0.9998098432943663;0.9999983695137745;1.0002579371922735;0.9998813871712938;1.0;0.9999713053370048;0.9993778564893098;0.9995004033380133;1.0;0.9996842106353823;0.9998614562346092;0.9990418989658223;0.9988405325811094;0.9997057143031569;1.0;0.9998980057218998;1.000220731761709;0.9998825397485899;0.9999060913400406;0.99981366322874;0.9999890366523064;1.024999976158142;
2016-12-22 11:00:00;1.0;0.9999160514932169;0.999798049876389;0.9999682899483092;0.9999322698990601;0.9999474510589437;1.0;0.9998360660089302;0.9997513279122706;0.9999776761479344;0.9998902360917178;0.9999999999999999;0.9999793822216079;0.9999999999999999;0.9997325228158709;0.9997568860664076;0.9997617617248654;1.0;1.0;0.9997925924323299;0.9999177521210468;1.0;0.9997600958808222;0.9999978569439876;1.0002663116624309;0.9998473058160849;1.0;0.999965758686811;0.9994028922746824;0.9995230476123627;1.0;0.9996772897139303;0.9998279519222881;0.9990061320631558;0.9988169484643817;0.9997091099386423;1.0;0.9998884486930534;1.0002272068352294;0.9998539997786878;0.999874746056291;0.99977123203437;0.9999828700377523;1.024999976158142;
2016-12-22 11:15:00;1.0;0.9998749290909345;0.9998111927897233;0.9999750341295625;0.9999359326851285;0.9999585425595913;1.0;0.9998509646942942;0.9997775761160714;0.9999749571301304;0.9998979777520804;1.0;0.9999754251367737;1.0;0.999725306686318;0.9997615448386871;0.9997677062698559;1.0;0.9999999999999999;0.9998137064971069;0.9999257301593092;1.0;0.9997657293411911;0.9999977890045859;1.0002657208007215;0.9998629773603916;1.0;0.9999709133193311;0.9994036537658322;0.9995299985927192;0.9999999999999999;0.9996623288904465;0.9998309234077565;0.9989633652254852;0.998785465987129;0.9996934877028353;1.0;0.9998942387087665;1.0002255841051064;0.9998556787437879;0.9998872479456378;0.9997938816022104;0.9999778632986115;1.024999976158142;
2016-12-22 11:30:00;1.0;0.9998676388629233;0.9997686143845037;0.9999661242653257;0.9999209193075053;0.9999438147867636;0.9999999999999999;0.9998216534822459;0.9997205438979042;0.999970501042492;0.9998746789196679;0.9999999999999999;0.9999769509192492;1.0;0.9996898583272802;0.9997282361814116;0.9997348276621707;1.0;0.9999999999999999;0.9997705764526498;0.9999181445155103;1.0;0.9997328254286152;0.9999977137680551;1.0002769242923728;0.9998379271258744;1.0;0.9999616945695403;0.9994094701891617;0.999529265481227;1.0;0.99966272172712;0.9997949066995835;0.9989788497729594;0.9987948699152992;0.999684157563843;1.0;0.9998918572363353;1.0002348624588966;0.9998252492847695;0.9998711488052996;0.9997439608041802;0.9999781889076719;1.024999976158142;
2016-12-22 11:45:00;1.0;0.9999666314062464;0.9998537713403477;0.9999739653377684;0.999951829326929;0.9999577228879427;1.0;0.9998711336956702;0.9998155578753667;0.999986623306354;0.9999190340582826;1.0;0.9999883947067225;1.0;0.9998041768151787;0.9998138751670963;0.9998168979403629;1.0;1.0;0.9998459170525861;0.9999394165389524;1.0;0.9998158347312851;0.9999982650590323;1.000252365191798;0.9998858499333466;1.0;0.9999738613245153;0.9993722719613647;0.9994848698762993;1.0;0.9996768287270988;0.9998812261638956;0.999026105074838;0.9988060095869055;0.9996941614016386;0.9999999999999999;0.9998905768732389;1.0002166523828881;0.9998997084283447;0.9999070386036079;0.9998302540144978;0.9999913156395228;1.024999976158142;
2016-12-22 12:00:00;1.0;0.9999724834932534;0.9999219346964076;0.9999874711923039;0.9999755357283503;0.9999806432879054;1.0;0.9999197737127189;0.9999078101738188;0.999992435005605;0.999955749933201;0.9999999999999999;0.9999887331113049;1.0;0.9998610147975764;0.9998690117312118;0.9998716007820105;1.0;1.0;0.999917665916392;0.9999590295420535;0.9999999999999999;0.99987063764205;0.9999984424803012;1.0002318561649377;0.9999319680594537;0.9999999999999999;0.9999876886846192;0.999372864955062;0.9995065356111602;1.0;0.9997043623400707;0.9999375475331216;0.9991309190789468;0.9989415196611687;0.9997054945754598;1.0;0.999890189563249;1.0001992355401117;0.9999471461188744;0.9999409353334934;0.9999115091986672;0.9999919075482074;1.024999976158142;
2016-12-22 12:15:00;1.0;0.9999768161033239;0.9998980755451315;0.9999819887863746;0.9999669277842821;0.9999711590079319;1.0;0.9999049172665134;0.9998729681465983;0.9999909618002248;0.9999430307282119;1.0;0.9999906505740228;0.9999999999999999;0.9998514378474113;0.9998581652046584;0.9998605423241018;0.9999999999999999;1.0;0.9998921542417453;0.999954897746707;1.0;0.999859686347574;0.9999985514464099;1.0002501181317984;0.999917757858382;0.9999999999999999;0.9999822616216817;0.9993029308422648;0.9994324167144915;1.0;0.9996127008162946;0.999918213585124;0.9988257073120637;0.9985927991115616;0.9996386903880866;1.0;0.9998891653622504;1.000215142341816;0.9999309631173816;0.9999319328858093;0.9998818892513781;0.9999932615241833;1.024999976158142;
2016-12-22 12:30:00;1.0;0.9999322360604749;0.999837613022879;0.9999731316415518;0.9999465130803709;0.9999576386114252;0.9999999999999999;0.9998519191639642;0.9998036795804436;0.9999821945944799;0.9999089116184121;1.0;0.9999851498662248;1.0;0.9997491425823343;0.9997688116224281;0.9997737391451683;0.9999999999999999;1.0;0.9998351011731671;0.9999373940167686;0.9999999999999999;0.9997722061393586;0.9999976298866161;1.0002564349198166;0.9998784068434138;0.9999999999999999;0.9999725548641759;0.9993641887193552;0.9994861770342709;1.0;0.9996702643520032;0.999863785675869;0.9989881577038089;0.9987768170660181;0.9997000583730812;1.0;0.9998984605378347;1.000218874032745;0.9998844019978187;0.9999024349936351;0.9998173461304548;0.9999871543541134;1.024999976158142;
2016-12-22 12:45:00;1.0;0.9999518883691698;0.999835234501002;0.9999697664443947;0.9999480677083924;0.9999545972338032;1.0;0.9998260969716947;0.9998027657387272;0.9999839695024041;0.9999042991661374;1.0;0.9999850226703924;1.0;0.9997062911686878;0.9997202533218716;0.9997257935089319;1.0;1.0;0.999828949446542;0.9999293299510293;1.0;0.999724020629981;0.9999967305309532;1.0002595363105136;0.9998671724587992;0.9999999999999999;0.9999714080855022;0.999339054101231;0.9994914735506707;1.0;0.9996854967827925;0.9998694534194308;0.9990798992412342;0.9988990458577777;0.9996836696177144;1.0;0.9999032973437789;1.0002216467748783;0.9998896364668715;0.9998917062479084;0.9998125670924907;0.9999884479139425;1.024999976158142;
2016-12-22 13:00:00;1.0;0.9999840429823103;0.9998934596433214;0.999981145381014;0.9999668904866771;0.9999702568647236;1.0;0.9998913160946217;0.9998691066820169;0.9999916033901123;0.9999399474155383;1.0;0.9999860080905507;0.9999999999999999;0.9998274944529665;0.999832128688029;0.9998347277392972;0.9999999999999999;1.0;0.9998833009238253;0.9999404285069536;0.9999999999999999;0.9998336160270432;0.9999980702699284;1.0002438983262605;0.9999028562808308;1.0;0.9999819233807629;0.9993727110717154;0.9995048949291605;1.0;0.9996514657835212;0.9999183638167521;0.9989306765375253;0.9987415238218689;0.9996828893306909;0.9999999999999999;0.9999021224205298;1.0002098781210917;0.9999313225596437;0.9999148583732939;0.9998753392344065;0.9999912175673316;1.024999976158142;
2016-12-22 13:15:00;1.0;0.9999804279084045;0.99991333245715;0.9999868297626209;0.9999730104385796;0.9999781959604342;1.0;0.9999171896678842;0.9998945150001923;0.9999928909543973;0.9999527906621604;1.0;0.9999839039005856;1.0;0.9998658716756655;0.9998715460757934;0.9998734939881596;1.0;1.0;0.9999036719780962;0.9999433547318032;1.0;0.9998724862015671;0.9999985427813007;1.0002399709958023;0.9999157445025612;1.0;0.9999865028337842;0.9993562281990492;0.9994791215392773;1.0;0.999626302779921;0.9999322609824234;0.9988187146486875;0.9986055236000037;0.9996833304917996;0.9999999999999999;0.999903869875148;1.000206732989955;0.9999429201157698;0.9999224026194456;0.9998989852520453;0.9999898160685079;1.024999976158142;
2016-12-22 13:30:00;1.0;0.9999729870048183;0.9999142900499475;0.9999839857966548;0.9999754338461851;0.999978549562939;1.0;0.9998839511753316;0.9999056055791148;0.9999920106446587;0.9999469907889367;1.0;0.99998794347594;0.9999999999999999;0.9997864794687447;0.9997943197029131;0.9997987127897983;1.0;1.0;0.9999102137088655;0.9999534142079805;1.0;0.9997972555237732;0.9999971411525472;1.0002329585658487;0.9999208608194993;1.0;0.9999864411478782;0.9993710639843135;0.9994999808693031;1.0;0.9996770689931227;0.999936630523778;0.9989835167121824;0.9987843660725099;0.9997230051267385;1.0;0.9999075540983097;1.000199493115822;0.9999464761084639;0.9999321018408676;0.9999042765268028;0.9999915141645633;1.024999976158142;
2016-12-22 13:45:00;1.0;0.9999409742954245;0.9998725470657811;0.9999743770402931;0.999967826284848;0.9999719795220682;1.0;0.9997748108354859;0.9998791062764524;0.9999862307200418;0.9999129718077002;1.0;0.9999785398722444;1.0;0.9995486369540864;0.9995657480117253;0.9995761829949404;1.0;1.0;0.9998710308136408;0.9999260335095369;0.9999999999999999;0.9995729615209127;0.9999933375535434;1.0002568060688888;0.9998742874633508;1.0;0.9999811922436066;0.9993699333484067;0.9994985873442418;1.0;0.9996582689613295;0.9999119489704751;0.998970130473214;0.9987728079560304;0.9996761934651759;1.0;0.999915853919167;1.0002173075075154;0.9999253964362396;0.9998921726363285;0.9998646252654577;0.9999841433215633;1.024999976158142;
2016-12-22 14:00:00;0.9999999999999999;0.9999787636410012;0.9999211985973789;0.9999836737387159;0.9999781034540977;0.9999792401781872;0.9999999999999999;0.9998821161220883;0.9999148380056857;0.9999929278862373;0.9999491543005559;1.0;0.9999911562211998;0.9999999999999999;0.9997819285822986;0.9997880762716297;0.9997926795971288;1.0;0.9999999999999999;0.9999183921774534;0.9999606236941111;1.0;0.9997912628548713;0.9999969601781872;1.0002370491249006;0.999928480114642;0.9999999999999999;0.9999870772482978;0.9993426199309005;0.9994766977392939;1.0;0.9996473533466618;0.9999438151576417;0.9989352082260693;0.9987292996040343;0.9996672445533329;1.0;0.9999158539191674;1.000202990353254;0.9999526131696558;0.9999406895851048;0.999912305116573;0.9999936794314876;1.024999976158142;
2016-12-22 14:15:00;1.0;0.9999632323607515;0.9999115069187411;0.999984462692445;0.9999722018490789;0.9999774424526824;1.0;0.9999021263403102;0.9998974991922137;0.9999906008863186;0.9999477975265325;0.9999999999999999;0.999991502646364;1.0;0.999824743370852;0.9998354149389619;0.9998390994402037;1.0;1.0;0.9999106856965595;0.9999643666081478;1.0;0.9998379924536721;0.9999979900089323;1.0002299753471102;0.9999308598815103;1.0;0.9999854942711813;0.9993794480831053;0.9995070970386359;1.0;0.9996846169464988;0.9999285964843364;0.9990367690143366;0.9988409028852019;0.9997094740397571;1.0;0.9999150603573002;1.0001969595066638;0.9999394276504163;0.9999444987029618;0.9999015677873565;0.9999927892184565;1.024999976158142;
2016-12-22 14:30:00;1.0;0.9999585385179846;0.9999022403281239;0.9999832089806652;0.9999687031283839;0.999974944856488;1.0;0.999898513987621;0.9998850905795689;0.999989456491345;0.9999432754850371;1.0;0.9999910436910898;1.0;0.9998209181953227;0.9998329641808017;0.9998366855733424;0.9999999999999999;0.9999999999999999;0.9999014808855627;0.9999621058680819;1.0;0.9998355711488409;0.9999980624661107;1.000232591424454;0.999925503247261;0.9999999999999999;0.9999838493697661;0.9994072512786432;0.999532193575603;1.0;0.9996738696105547;0.99991980953036;0.9990290570030296;0.9988478232172809;0.9996825453789937;1.0;0.9999384629888285;1.0001991304581301;0.9999319438994845;0.9999405766118157;0.9998909918704321;0.9999922093769831;1.024999976158142;
2016-12-22 14:45:00;1.0;0.9999505117814906;0.9999015637318418;0.9999837681994852;0.9999679988505787;0.9999756556034438;1.0;0.9999013198664883;0.9998849063606814;0.9999886314542701;0.9999432258279192;1.0;0.9999911946023036;1.0;0.9998224493672179;0.9998367977639975;0.9998406643855547;1.0;1.0;0.9999025542996989;0.9999648217614988;0.9999999999999999;0.9998395499080712;0.9999981536197752;1.0002335990238311;0.9999281977838742;1.0;0.9999840089653432;0.9993738026295907;0.9994823806295137;1.0;0.9996685425335534;0.9999172125014876;0.9990162030946391;0.9987890135151931;0.9996752599901603;1.0;0.9999520642111044;1.000199808470634;0.999929586768699;0.9999437395843639;0.9998914063111094;0.9999917417975454;1.024999976158142;
2016-12-22 15:00:00;1.0;0.9999380802173109;0.9999222400991338;0.999988190042009;0.999976518914619;0.9999853538195466;1.0;0.9998994635905623;0.9999210540360027;0.9999891390005179;0.9999518202651986;1.0;0.9999889558180424;1.0;0.999791260594473;0.9998091992756956;0.999814488590017;1.0;1.0;0.9999269594016552;0.9999690864667502;1.0;0.9998129768972538;0.9999973731561468;1.0002270784481069;0.9999400689531442;1.0;0.9999892805836254;0.9993881623911521;0.9995079686821442;1.0;0.9996823478648716;0.9999349415861506;0.9990698970530817;0.9988678375716924;0.999680041550694;1.0;0.9999654548589725;1.0001934478904921;0.9999442974721051;0.9999518734654484;0.99991965384463;0.9999896569297178;1.024999976158142;
2016-12-22 15:15:00;1.0;0.9998859111768319;0.9998490057915652;0.9999790688536763;0.999950108170924;0.999968631095413;1.0;0.999857616951912;0.9998309375018594;0.9999787036556356;0.9999142207236303;1.0;0.9999817332122805;1.0;0.9997190507020165;0.9997521048999554;0.9997590420756898;0.9999999999999999;1.0;0.9998561184860316;0.9999469947400359;1.0;0.999757051316592;0.9999972099464866;1.0002455637365582;0.9998939662001153;1.0;0.9999773961279018;0.999383913962405;0.9995068272367418;0.9999999999999999;0.9996885681650859;0.9998657888298597;0.9990535152838604;0.9988515648293594;0.9997093789459714;0.9999999999999999;0.9999769825611591;1.000207960847645;0.999885174328471;0.9999161210873891;0.9998394613467263;0.9999820861504565;1.024999976158142;
2016-12-22 15:30:00;1.0;0.9999383100007626;0.9998765182375093;0.9999794304699259;0.9999609169157836;0.9999699995153684;1.0;0.9998679972939962;0.9998587347442165;0.9999856376696861;0.9999278301628189;1.0;0.999986720198469;1.0;0.9997575534314079;0.9997754800236832;0.9997807800170645;1.0;1.0;0.9998766930403409;0.9999502113210509;1.0;0.9997791840006932;0.999997288063706;1.0002432953316782;0.9999045258329182;1.0;0.9999800726962251;0.9993593426406983;0.9994862743397239;1.0;0.9996801091299826;0.9998982205566233;0.9990218352866808;0.9988110552154766;0.9997056498166734;1.0;0.9999756476551397;1.0002074652849413;0.9999134684650768;0.9999229183960725;0.999864179958029;0.999988433849172;1.024999976158142;
2016-12-22 15:45:00;1.0;0.9999427158483842;0.9998638532976455;0.9999732973807496;0.9999611090140013;0.9999661957005435;1.0;0.9998054866832973;0.9998552317624492;0.9999852831355036;0.9999129678341715;0.9999999999999999;0.9999850837424606;1.0;0.9996292615706814;0.9996459008953913;0.9996542210229585;1.0;1.0;0.9998634986900036;0.999939047244677;1.0;0.9996517738309927;0.9999950086393855;1.000252525051341;0.9998841313547105;1.0;0.9999779118227715;0.9993550418041295;0.9994860822911407;1.0;0.9996346077879021;0.9998979153840002;0.9988504023003794;0.9986457381240542;0.9996857622665596;1.0;0.9999751067131689;1.0002143457658552;0.9999134631417979;0.9999060628372594;0.9998517430214174;0.9999878437546789;1.024999976158142;
2016-12-22 16:00:00;0.9999999999999999;0.9999477707209682;0.9998724549896802;0.999975742858533;0.9999621086577786;0.9999676161737648;0.9999999999999999;0.9998340084197672;0.999859255590192;0.9999863400358495;0.9999208445889345;1.0;0.9999872896396355;1.0;0.9996910351379191;0.9997061962782073;0.9997129767546291;0.9999999999999999;1.0;0.9998718300374125;0.9999460434522437;1.0;0.9997109842453368;0.9999960404263073;1.000245162958299;0.9998955305690332;1.0;0.9999790108835181;0.9993875312433158;0.9994949256977479;1.0;0.9996397038213948;0.9999016349385982;0.9988571918360756;0.9986363406396372;0.999696260203197;1.0;0.9999738578530926;1.0002086463509494;0.9999166092795241;0.9999160563958329;0.999859779090296;0.9999894066434636;1.024999976158142;
2016-12-22 16:15:00;1.0;0.9999414794236198;0.9998470235244035;0.9999706690152464;0.999953476045356;0.9999595817015918;1.0;0.9998122479973665;0.9998267208655464;0.9999837301058575;0.9999064730926784;1.0;0.9999871442375631;1.0;0.9996588353494501;0.9996757987267071;0.9996831310438753;1.0;1.0;0.9998461372900395;0.9999397215870602;1.0;0.9996810163272011;0.9999957963086656;1.0002492491282853;0.9998789760339316;0.9999999999999999;0.9999739809819733;0.999414762203219;0.9995274022230574;0.9999999999999999;0.999659300534889;0.9998805038773833;0.9989455198200841;0.998749535309335;0.9996951090330133;1.0;0.9999681918320662;1.0002118284285797;0.9998987383213571;0.9999044289863719;0.9998304655252893;0.9999888967781979;1.024999976158142;
2016-12-22 16:30:00;1.0;0.9998774573945637;0.9998571822840218;0.9999778569174029;0.9999584612096257;0.9999746395952646;1.0;0.999798787125451;0.9998624805186955;0.9999787998980189;0.9999089401877483;1.0;0.9999775637595061;1.0;0.9995715270527595;0.999607024997687;0.99961808989467;1.0;1.0;0.9998672420768315;0.9999399032445226;1.0;0.9996149215270398;0.9999943742989954;1.000247688887965;0.9998859941601956;1.0;0.9999805423856766;0.9994238893693929;0.9995348945654348;1.0;0.9996551645657329;0.9998824017761315;0.998933925841348;0.9987401003901544;0.9996901562264309;1.0;0.9999702659762842;1.0002080924357515;0.9998991775349837;0.9999074715748911;0.9998551515436467;0.9999792188145689;1.024999976158142;
2016-12-22 16:45:00;1.0;0.999963014799408;0.9998627472426616;0.9999738638171825;0.9999585524696083;0.9999626830075141;1.0;0.9998358460453339;0.9998406577664791;0.9999871724706058;0.9999177021300862;1.0;0.9999856756965761;0.9999999999999999;0.9997131985094013;0.9997239293002217;0.9997295207753509;1.0;0.9999999999999999;0.9998565538969714;0.9999351876650286;1.0;0.9997277119530201;0.9999964717307113;1.0002400657964414;0.9998825518301171;1.0;0.9999766088288848;0.9994186807458856;0.9995300458143984;1.0;0.999666608000237;0.9998953188374641;0.9989536423766864;0.9987558445151983;0.9997109544661312;0.9999999999999999;0.99996914527919;1.0002049905028076;0.9999116165835608;0.9999024890505647;0.9998444791365404;0.9999895831570289;1.024999976158142;
2016-12-22 17:00:00;1.0;0.999964388813708;0.9999003739994917;0.9999793643079485;0.9999750948251076;0.9999769106500837;1.0;0.9998227708177563;0.9999033289578518;0.9999904575325828;0.9999320638881126;1.0;0.9999833945228702;0.9999999999999999;0.9996519454023055;0.999662281234624;0.9996700560029348;1.0;1.0;0.9998969002961958;0.999939342596841;1.0;0.9996675984831278;0.9999948325619523;1.0002338337446897;0.99989876284987;1.0;0.9999850854489103;0.999400281956143;0.999506336892797;1.0;0.999669587774172;0.999933124842168;0.9989768710083631;0.9987594968364627;0.9997041837169875;1.0;0.9999536679111641;1.0001988384259355;0.9999435412530105;0.9999123402507394;0.9998923147822704;0.9999884282557804;1.024999976158142;
2016-12-22 17:15:00;1.0;0.9999726239122863;0.9999122038426539;0.9999816262894454;0.9999780260382234;0.9999790977773332;1.0;0.9998450520854545;0.9999136078783711;0.9999919993439668;0.9999403854620955;0.9999999999999999;0.9999855074662255;1.0;0.9996989290866486;0.9997068671262427;0.999713474158303;0.9999999999999999;1.0;0.9999082407702854;0.9999456659653896;1.0;0.9997113598098463;0.9999955246464404;1.000228804682709;0.9999099564305101;0.9999999999999999;0.9999866850737817;0.9994095250597672;0.999529464296832;1.0;0.9996544839541254;0.9999415778251806;0.9989143729465946;0.9987238905589428;0.9997011202339694;0.9999999999999999;0.9999657078637652;1.0001950572316027;0.9999507540068484;0.9999217441556154;0.9999042855793623;0.999990160257718;1.024999976158142;
2016-12-22 17:30:00;1.0;0.9999529727461296;0.9998888320427625;0.9999829072950804;0.9999664854705613;0.9999747516042398;1.0;0.9998754308884885;0.999874700284462;0.9999884555642705;0.9999359349491922;1.0;0.9999795210127399;1.0;0.9997709997258896;0.9997846511880667;0.9997892078362093;1.0;1.0;0.9998823147840783;0.9999331971640006;1.0;0.9997874779392193;0.9999972335104669;1.000242826008051;0.999895875216941;1.0;0.9999833372685926;0.9993575124187405;0.999485795994097;0.9999999999999999;0.9996058409571309;0.9999124019760577;0.9987220468489092;0.998513411164971;0.9996859151563185;1.0;0.9999641199969728;1.0002077478262348;0.9999257815431948;0.999906505966091;0.9998758308565294;0.9999855144064366;1.024999976158142;
2016-12-22 17:45:00;1.0;0.9999713253175053;0.9999024787279241;0.999984094809265;0.9999710547916196;0.9999763688257527;1.0;0.9998876137435413;0.9998880302318323;0.999991243203353;0.999943613964019;1.0;0.9999821651654028;1.0;0.9998009851448582;0.99980930903549;0.9998129508117922;1.0;1.0;0.9998940740241277;0.9999378032000535;1.0;0.9998114789373745;0.9999975300331603;1.000234800769901;0.9999047505267157;1.0;0.9999850276983698;0.9992981246640076;0.9994514775330436;1.0;0.9996209019676728;0.9999258276052325;0.9987547082163831;0.9985439569190315;0.9997085845415815;1.0;0.9999700586731572;1.0002014536452593;0.9999374039731804;0.9999136600528765;0.9998889684908017;0.9999882365136242;1.024999976158142;
2016-12-22 18:00:00;1.0;0.999971032535231;0.9999102970404085;0.9999844073435513;0.9999744946972311;0.9999787084696478;1.0;0.9998813484529732;0.9999015510882805;0.9999917372368521;0.999945600701222;1.0;0.9999838852099934;1.0;0.9997808222494267;0.9997892156360663;0.9997935958014419;1.0;1.0;0.9999040042007169;0.9999435957384337;0.9999999999999999;0.9997919986499889;0.9999970722352429;1.0002246771005487;0.9999115809395479;0.9999999999999999;0.9999864153842091;0.9993763957103244;0.9995090239612968;1.0;0.999688743406063;0.9999337615675374;0.9990305472158467;0.9988355950802337;0.9997247490133964;1.0;0.9999696037670054;1.0001923721301604;0.9999440758282349;0.9999208525913179;0.9998994470369266;0.9999891627475217;1.024999976158142;
2016-12-22 18:15:00;1.0;0.9999687213261502;0.9999055679288718;0.9999845707037934;0.999971272952849;0.9999768602086496;1.0;0.9998955418965567;0.999890551353877;0.9999910804934864;0.999945620354647;1.0;0.9999848317075236;1.0;0.9998157259135386;0.9998247939872523;0.9998282511409828;1.0;0.9999999999999999;0.9998992743372613;0.9999457576438343;1.0;0.9998269344460003;0.9999978074033128;1.0002236542949312;0.9999131104790657;1.0;0.9999852709154509;0.9994522314014345;0.999527326131868;1.0;0.999670864527674;0.999926400948369;0.9989553794728382;0.9987226942336638;0.9997222277488371;1.0;0.9999734994077746;1.0001917950369736;0.9999377854089797;0.999923118158318;0.9998929851330671;0.9999895200304538;1.024999976158142;
2016-12-22 18:30:00;0.9999999999999999;0.9999727007915757;0.9998972971736496;0.9999831909939071;0.9999724580127961;0.9999772108797762;1.0;0.9998571235516657;0.9998900492446346;0.9999913910077024;0.9999381101533491;1.0;0.9999740933761508;1.0;0.9997337174809516;0.9997416530576678;0.9997466868208461;0.9999999999999999;1.0;0.9998847096924562;0.9999165849146453;1.0;0.9997445576495152;0.9999962526560089;1.0002315455487094;0.9998829944114506;1.0;0.9999854132255016;0.999501479061922;0.9995690722633678;1.0;0.9996733322156218;0.9999278668443022;0.9989537510659364;0.9987407980337555;0.9997306141451601;1.0;0.9999613256982142;1.0001982404547036;0.999939313394846;0.999888647073807;0.999883711613494;0.9999839053856614;1.024999976158142;
2016-12-22 18:45:00;1.0;0.9999547103464596;0.999892435923673;0.9999854121398911;0.999971324814048;0.9999802122616523;1.0;0.9998547432430852;0.9998891663217169;0.9999895466682855;0.999936718366644;1.0;0.9999660756424338;1.0;0.9997163384789646;0.9997294997022166;0.9997350803549536;0.9999999999999999;1.0;0.9998790045818456;0.9999026838819378;1.0;0.9997325894761657;0.9999960276625741;1.0002472305237158;0.9998712959151063;1.0;0.9999863830178254;0.9994597864385759;0.9995276105219137;1.0;0.9996091117369064;0.9999220492532784;0.9987169360964196;0.9984807702726607;0.9996989042561905;1.0;0.999975468431506;1.0002114094841;0.9999341471718826;0.9998733084401153;0.9998804238908071;0.9999782624699736;1.024999976158142;
2016-12-22 19:00:00;1.0;0.9999494356383226;0.9998866534810368;0.9999855996157512;0.9999687416204313;0.9999792896052941;0.9999999999999999;0.9998593215447732;0.9998805202111641;0.9999886268877524;0.999935185441065;1.0;0.9999642978887434;1.0;0.9997270810093001;0.9997417722121069;0.99974703455022;0.9999999999999999;1.0;0.9998726336754968;0.9998989151883464;0.9999999999999999;0.9997445811566533;0.9999963160427464;1.0002459772883951;0.9998669838594247;0.9999999999999999;0.9999856104086084;0.9994900224867075;0.999559587059565;0.9999999999999999;0.9996242707979193;0.9999153128906166;0.9987637333009118;0.9985483946080664;0.9997125022422133;0.9999999999999999;0.9999744409075019;1.0002103820526738;0.9999283773403818;0.9998686789830679;0.9998736496830687;0.9999769225995877;1.024999976158142;
2016-12-22 19:15:00;1.0;0.9999373700484453;0.9998805533192586;0.9999848218772325;0.9999653500776438;0.9999776713528306;1.0;0.9998625168570616;0.9998718100739046;0.9999868532672037;0.9999322155782718;1.0;0.9999675791444628;1.0;0.9997325776424927;0.9997507741183336;0.999756186345244;0.9999999999999999;1.0;0.9998704907217623;0.9999083907512303;1.0;0.9997538625045624;0.9999966071665896;1.0002411373340732;0.9998731670402402;1.0;0.9999843127991587;0.9994957092979364;0.9995658174567887;1.0;0.9996415652097576;0.9999063043874482;0.9988337524359127;0.9986218435648018;0.9997167265854635;1.0;0.9999868908910453;1.0002058744175137;0.999920497767632;0.9998783940844821;0.999868232595812;0.9999778836446355;1.024999976158142;
2016-12-22 19:30:00;1.0;0.9998988685905414;0.9998770713378156;0.9999878839792558;0.9999647037325147;0.9999835708358626;1.0;0.9998546008085031;0.9998788681781219;0.9999830106439788;0.9999298644074457;1.0;0.9999604504397468;1.0;0.9996876027345694;0.9997170073583806;0.9997242583095615;1.0;1.0;0.9998718442667696;0.9999028245345905;1.0;0.9997213564750785;0.9999959922358728;1.000243500990254;0.9998692585015863;1.0;0.9999862582697395;0.9995357443656596;0.9995971767995881;1.0;0.9996710717865024;0.9998988848988245;0.9989320353723606;0.9987309749312308;0.9997383619996641;1.0;0.9999896853204289;1.0002066323183785;0.9999135641276522;0.9998725730093808;0.9998709511944058;0.9999712982923075;1.024999976158142;
2016-12-22 19:45:00;1.0;0.9999380941133282;0.9998753035570919;0.9999819261728619;0.9999626199399362;0.9999735599165421;1.0;0.9998596085704162;0.9998623900780026;0.9999861603787306;0.999928258591233;1.0;0.9999745134503959;1.0;0.9997339836514402;0.9997519767434336;0.9997574745561901;1.0;1.0;0.9998686780353057;0.9999221260057892;0.9999999999999999;0.9997553796410045;0.9999967633311128;1.0002348069379776;0.9998814339383573;0.9999999999999999;0.9999819952140171;0.9996238265228337;0.9996338971831389;1.0;0.9996108608312175;0.999900739635107;0.9986996342991191;0.998479805434448;0.999715714189448;0.9999999999999999;0.9999912732606053;1.0002002503068639;0.9999157499913913;0.9998921757550482;0.9998622774060009;0.9999817329610207;1.024999976158142;
2016-12-22 20:00:00;1.0;0.9999687253434362;0.99990036982941;0.9999844474127108;0.9999716989999137;0.999977658957484;1.0;0.9998759786022293;0.9998897335986282;0.9999910897883407;0.9999417623432705;0.9999999999999999;0.9999771418371638;1.0;0.9997724239943817;0.99978150801156;0.99978576580833;1.0;1.0;0.9998899566199494;0.9999263039803811;1.0;0.999783962601609;0.9999969966275262;1.0002225348350533;0.9998939830613476;1.0;0.9999856180730257;0.9996476834542152;0.999654163517581;1.0;0.9996169634809214;0.9999262537513511;0.9986913662425918;0.9984805087333056;0.999739564482525;1.0;0.9999884785248686;1.0001906408077519;0.9999377951096529;0.9999005223419265;0.9998872035457778;0.9999853020328918;1.024999976158142;
2016-12-22 20:15:00;1.0;0.9999722645253608;0.9999116132889452;0.9999868746278293;0.9999761240804268;0.9999817604069895;1.0;0.9998816810675915;0.9999056191417403;0.9999923797656515;0.9999478832870273;0.9999999999999999;0.9999750923932792;1.0;0.9997773687551944;0.9997854188463277;0.999789589682123;1.0;1.0;0.9999000725065866;0.9999239389843949;1.0;0.9997877196418674;0.9999969015097393;1.0002195736077157;0.9998968051109837;1.0;0.9999881273042744;0.9996551681370048;0.9996614068259511;1.0;0.9996353939826571;0.9999368122008341;0.9987439819175837;0.9985362817194398;0.9997589941247232;1.0;0.9999908604325449;1.0001882154337343;0.9999467717781815;0.9998999034389042;0.999900131202479;0.9999844257937215;1.024999976158142;
2016-12-22 20:30:00;1.0;0.9999739244456757;0.9999197640286531;0.9999865235457377;0.9999780846134485;0.9999821324066773;1.0;0.9998873533770374;0.999914524579148;0.999992828889477;0.9999509321336727;1.0;0.9999823619680707;1.0;0.9997877381860867;0.9997952983345504;0.9997995412771199;1.0;1.0;0.9999126037361703;0.9999421465614147;1.0;0.9997979119918227;0.9999970537861779;1.0002101544699633;0.9999145310447912;1.0;0.9999885282576924;0.9996379832719857;0.9996488672231646;1.0;0.9996648154977822;0.9999423682154543;0.9988643817392715;0.9986516594816599;0.9997654882246633;1.0;0.9999888913511114;1.0001799495820405;0.9999513870842829;0.9999209793774421;0.9999102737585516;0.9999885271974912;1.024999976158142;
2016-12-22 20:45:00;1.0;0.9999786933488835;0.9999204618855826;0.9999866314752612;0.9999780374227095;0.9999816658577696;1.0;0.9998921604164346;0.9999131744611385;0.9999933630562772;0.9999520592110204;1.0;0.999982624057518;1.0;0.9998014539312273;0.9998076305754825;0.9998114135361046;0.9999999999999999;0.9999999999999999;0.999912209978591;0.9999416959055144;0.9999999999999999;0.9998098927197635;0.9999972725536717;1.0002052958309204;0.9999146479274874;1.0;0.999988445297981;0.999645538190534;0.999660955727854;0.9999999999999999;0.9996960723501807;0.9999430005187964;0.9989802485435594;0.9987781041492751;0.999780528765675;0.9999999999999999;0.9999912732606053;1.000176009025361;0.9999520030866623;0.9999206906653115;0.9999099505283511;0.9999890013263321;1.024999976158142;
2016-12-22 21:00:00;0.9999999999999999;0.9999799218920056;0.9999144040425348;0.9999864990643829;0.9999767703002292;0.999981029397167;1.0;0.9998853096014435;0.9999065431087422;0.9999933089757296;0.9999493840765156;0.9999999999999999;0.9999776164854933;1.0;0.9997897410771381;0.9997955613761391;0.9997993486612534;0.9999999999999999;1.0;0.9999026655770771;0.9999282168302703;1.0;0.9997976386367045;0.9999970764711011;1.0002081254585753;0.9999010937288453;1.0;0.9999880559372579;0.9996480991349511;0.9996722343708419;1.0;0.9997007410407537;0.9999396271291734;0.9989819109995862;0.9987940954382821;0.9997933467954067;1.0;0.9999884785248688;1.0001785639466676;0.9999492612588463;0.999904909551141;0.9999021635860335;0.9999863418414047;1.024999976158142;
2016-12-22 21:15:00;0.9999999999999999;0.9999768855189897;0.9998988079609974;0.9999844146281637;0.999972021937674;0.9999773304860123;1.0;0.9998714471429351;0.9998876017066106;0.9999920606600815;0.9999412513576997;1.0;0.9999735600414792;1.0;0.9997676637668664;0.9997743584808937;0.9997783922649942;1.0;1.0;0.9998844665446732;0.9999151884126881;1.0;0.9997764825794339;0.9999968380317888;1.0002120747025354;0.9998837736193138;1.0;0.999985713195789;0.999662736032656;0.9996830001723032;1.0;0.9997179824489939;0.9999276417360848;0.9990591862957111;0.9988747715023121;0.9997926193327834;1.0;0.9999912732606053;1.0001818905615003;0.9999391848417023;0.9998879215878969;0.9998837413467235;0.9999839097007164;1.024999976158142;
2016-12-22 21:30:00;1.0;0.999981008944469;0.9999350590391973;0.9999879982403858;0.9999810018657843;0.9999834313389906;1.0;0.9999160741145179;0.9999268515779969;0.9999941396081763;0.9999604510844621;1.0;0.999991408356124;1.0;0.9998486071445477;0.9998541259132617;0.9998571571025111;1.0;1.0;0.9999317597927734;0.9999656001054984;1.0;0.9998561413127811;0.9999980419876584;1.0001924800085238;0.9999411024186218;1.0;0.9999896520386471;0.9996527888262801;0.9996823897725994;1.0;0.9997351791700684;0.999951432379499;0.9991169243131578;0.9989396575841787;0.9998049994430197;1.0;0.999989685320429;1.0001651065607864;0.9999589926042687;0.9999496719698552;0.9999269376174901;0.9999939729624309;1.024999976158142;
2016-12-22 21:45:00;0.9999999999999999;0.999984695134647;0.9999037876829793;0.9999828277569482;0.9999718212479147;0.9999746198965437;1.0;0.9998848038701148;0.9998873011062652;0.9999926224503253;0.99994371934432;1.0;0.9999840427768621;1.0;0.9998036560156076;0.999808109045865;0.9998114392583515;1.0;1.0;0.9998936233548783;0.9999382601282841;1.0;0.9998100627019736;0.9999975005172909;1.0002043039078217;0.9999044326076332;1.0;0.9999845191020982;0.9996542601174977;0.9996770666157625;1.0;0.9997297754607772;0.9999294733761821;0.999095964358579;0.9989095082237351;0.9998030077098468;1.0;0.9999912732606053;1.0001753968062985;0.9999407311612463;0.9999138675497572;0.999888503726002;0.9999901906887678;1.024999976158142;
2016-12-22 22:00:00;0.9999999999999999;0.9999812982658813;0.9999324984368471;0.999989810081569;0.999981945226407;0.9999859414304945;1.0;0.9999074317405294;0.9999278164525548;0.999994580346513;0.9999599450244874;1.0;0.999980986417673;1.0;0.9998268439288165;0.9998322799073107;0.9998354853581817;1.0;1.0;0.9999232440058999;0.9999411770413505;1.0;0.9998340424501349;0.9999975634848174;1.0001995822021088;0.9999202877135658;1.0;0.9999910355184329;0.9996519312799952;0.9996730389939716;0.9999999999999999;0.9997321629182119;0.9999524572983547;0.9990967573853512;0.9989058506261594;0.999809614671495;1.0;0.9999892724926028;1.000171375678022;0.9999600043282928;0.9999226320605539;0.9999234094631902;0.9999882806627117;1.024999976158142;
2016-12-22 22:15:00;1.0;0.9999798501032571;0.999936488661431;0.9999891963595545;0.9999807215500357;0.9999841375689125;1.0;0.9999269832337475;0.9999264397674645;0.9999941772775767;0.9999628348666556;1.0;0.9999909491142772;0.9999999999999999;0.9998710982896701;0.9998769413245027;0.9998794119533934;1.0;1.0;0.9999328637391437;0.9999657985746973;0.9999999999999999;0.9998785274205086;0.9999984428987988;1.0001888916203248;0.9999430433606983;0.9999999999999999;0.9999900500415223;0.9996611458107582;0.9996891245070734;1.0;0.999741883504748;0.9999507880667367;0.9991303133572682;0.9989555296725798;0.9998160050877573;1.0;0.9999908604325448;1.0001622148524274;0.9999584093748756;0.9999506271001494;0.9999281293610653;0.9999936438243733;1.024999976158142;
2016-12-22 22:30:00;0.9999999999999999;0.9999783339655232;0.9999445344093243;0.999991767763445;0.9999828873505591;0.9999872745234458;1.0;0.9999416580140644;0.999935699693175;0.9999946325060017;0.9999687056283304;0.9999999999999999;0.9999900411949142;1.0;0.9998960045679236;0.9999022932380219;0.9999042523751793;1.0;1.0;0.9999409035133985;0.9999670316262315;1.0;0.999903471688842;0.9999988103497921;1.0001847284240053;0.999948727656057;1.0;0.9999918251657473;0.9996728633758126;0.9996973250623729;1.0;0.999760499905988;0.9999557601698937;0.9991895499383762;0.999016223099147;0.9998315938656123;1.0;0.9999904792909121;1.0001588101025884;0.9999625425777159;0.9999539086705573;0.9999374184948222;0.9999930398976077;1.024999976158142;
2016-12-22 22:45:00;0.9999999999999999;0.999977250107116;0.9999505212339953;0.9999932023081862;0.9999847121523702;0.9999893864593878;1.0;0.9999489630676982;0.9999434057209265;0.9999949189732446;0.9999723508232611;1.0;0.9999900896894415;1.0;0.9999066925214823;0.9999132962291928;0.9999151069886139;0.9999999999999999;1.0;0.9999474499293048;0.9999693944881501;1.0;0.9999143704506769;0.9999989403024175;1.0001817226526026;0.9999536702283213;1.0;0.9999930079955481;0.9996623096581065;0.9996960568746717;1.0;0.9997908836423121;0.9999599586101725;0.9992865761065449;0.9991193152327448;0.9998568177985991;1.0;0.9999904792909119;1.000156248698863;0.9999660391919161;0.9999577320129397;0.9999446468649901;0.9999929912081751;1.024999976158142;
2016-12-22 23:00:00;1.0;0.9999731325188985;0.9999488961647764;0.9999929967402177;0.9999840723760596;0.9999892638066262;1.0;0.999947073845793;0.9999421537678006;0.9999943861270776;0.9999712065318777;1.0;0.9999904460891779;1.0;0.999901105916291;0.9999089089631217;0.99991095168953;1.0;1.0;0.9999469074521483;0.9999709088469204;1.0;0.9999101851175327;0.9999988890024755;1.000182466276703;0.9999543134290841;1.0;0.9999928033166687;0.9996595499638807;0.9996991144442887;1.0;0.999788375908937;0.999957945486813;0.9992942990398976;0.999134525676946;0.9998440730361754;1.0;0.9999900664615026;1.0001567238236813;0.9999642592406368;0.9999591449295083;0.999943521246131;0.9999929001719368;1.024999976158142;
2016-12-22 23:15:00;1.0;0.9999740731324708;0.999953425131709;0.9999936272600259;0.9999860816117343;0.9999908809418936;1.0;0.9999457473461336;0.9999495232353687;0.9999948390891548;0.9999729912516456;1.0;0.9999901090433118;1.0;0.9998947426835205;0.9999022786369385;0.99990453785406;1.0;1.0;0.9999515323683089;0.9999710181457343;1.0;0.9999036998761943;0.9999987027154439;1.0001818056052139;0.9999559214189407;1.0;0.999993780330146;0.999685427444325;0.999709818946149;1.0;0.9997750943001987;0.9999626306333584;0.9992442145875804;0.9990786366102444;0.9998382655910525;0.9999999999999999;0.9999900664615023;1.0001560896866304;0.9999682312239023;0.9999598967076719;0.9999491245999611;0.9999927791306541;1.024999976158142;
2016-12-22 23:30:00;1.0;0.9999691593322414;0.9999522983183361;0.9999942784860179;0.9999843510830644;0.9999905357065212;1.0;0.999958266399284;0.9999450683753996;0.9999941670680592;0.9999741458940625;1.0;0.9999913861492911;0.9999999999999999;0.9999211780814966;0.9999301394278484;0.9999318387646009;1.0;0.9999999999999999;0.9999516341615828;0.9999756349021923;1.0;0.9999312104765814;0.9999992549290705;1.0001780333601407;0.9999607250154721;1.0;0.9999934223081236;0.9996971325164685;0.9997243994642461;0.9999999999999999;0.9997947278255807;0.9999583595255493;0.9993087327011336;0.9991544246479995;0.9998533328347653;1.0;0.9999833849712725;1.0001529400031703;0.9999644906315442;0.9999653623251624;0.9999478217316691;0.9999931386956322;1.024999976158142;
2016-12-22 23:45:00;0.9999999999999999;0.9999656187640404;0.9999494064300276;0.9999942077869606;0.9999839369633462;0.9999908037119222;0.9999999999999999;0.9999513093813888;0.9999437384348357;0.9999937636582943;0.9999721633343931;0.9999999999999999;0.9999891119930082;1.0;0.9999044596729388;0.9999144483817961;0.9999165497135616;0.9999999999999999;1.0;0.9999482671000129;0.9999705526747622;1.0;0.9999157492551097;0.9999989809067542;1.0001793241797179;0.9999551990432362;0.9999999999999999;0.9999934455689012;0.9996979294071717;0.9997242071756198;1.0;0.9997964776256332;0.9999565882560575;0.9993122297448245;0.9991568437221486;0.9998562038424811;1.0;0.9999776130855301;1.0001538797766245;0.9999629693591123;0.99995924242782;0.9999451352726777;0.999991646925708;1.024999976158142;
2016-12-23 00:00:00;1.0;0.9999940144690652;0.9999352569114104;0.9999880517717681;0.9999792713222478;0.9999807598689349;1.0;0.9999378013332978;0.9999177100235686;0.9999952744948877;0.9999637934510412;1.0;0.9999940100248038;0.9999999999999999;0.9999077324630137;0.999909472205764;0.9999107057405197;0.9999999999999999;1.0;0.9999295249145458;0.9999685176346409;0.9999999999999999;0.999910193999369;0.999999078718504;1.0001800450447298;0.9999448557819253;1.0;0.9999885832951657;0.9997005021544894;0.99973289329962;1.0;0.9998094650404531;0.9999498088631014;0.9993749718331664;0.9992306019979766;0.9998525981259604;1.0;0.9999787144058813;1.0001552359726456;0.9999578123763757;0.9999534227405187;0.9999234616441971;0.9999963014878844;1.024999976158142;
2016-12-23 00:15:00;1.0;0.999987654844497;0.9999444222479498;0.9999906930549701;0.9999822025672651;0.9999849363095438;1.0;0.9999473094376182;0.9999311861548048;0.9999953375629873;0.9999691713522151;1.0;0.999993206879607;1.0;0.9999167027811177;0.9999202843215643;0.9999215711948941;1.0;0.9999999999999999;0.9999401983448237;0.9999714870880451;0.9999999999999999;0.9999210415722899;0.9999991642984356;1.0001786656710754;0.9999520851330216;1.0;0.9999907966235605;0.999689907119925;0.9997193036576542;1.0;0.999811772015042;0.9999558232864763;0.9993805112788519;0.9992245911893638;0.9998557536787712;0.9999999999999999;0.9999777728995521;1.0001539299209432;0.9999627359914307;0.9999586586124201;0.9999354291926733;0.9999954214718016;1.024999976158142;
2016-12-23 00:30:00;1.0;0.9999941585275381;0.9999592019933903;0.9999927020497611;0.9999869395234029;0.9999882737234628;1.0;0.9999606035442397;0.9999487238850312;0.9999968715423172;0.9999771806254816;0.9999999999999999;0.9999959059577491;1.0;0.9999398965311581;0.9999415916640285;0.9999424591504364;1.0;1.0;0.9999559082598196;0.9999800758015592;1.0;0.9999421099254714;0.9999993959961488;1.0001712894035926;0.9999653294729627;1.0;0.9999929877261311;0.9996608877154789;0.9996986906570986;1.0;0.9998220593304463;0.9999680866364129;0.9993886630140373;0.9992256558128173;0.9998810317843415;1.0;0.9999791272244049;1.0001477789168545;0.9999731355213417;0.9999706197501468;0.9999521254003839;0.9999973512934949;1.024999976158142;
2016-12-23 00:45:00;1.0;0.999995532382851;0.9999560867789968;0.9999917738619774;0.999985725925975;0.9999867263078268;1.0;0.9999588253633898;0.9999437346511357;0.9999967338894323;0.9999754351864921;0.9999999999999999;0.9999968557353969;1.0;0.9999398766084421;0.9999411774006671;0.9999419886430346;0.9999999999999999;0.9999999999999999;0.9999527932613702;0.9999808842335923;1.0;0.9999416832075768;0.9999994344404659;1.0001669017842865;0.999964487476094;1.0;0.9999921416764483;0.9996865679012807;0.9997278650951261;1.0;0.9998463650817622;0.9999655286379293;0.9994680396950237;0.9993263405768743;0.9999000495748636;1.0;0.9999777728995521;1.0001440109929374;0.9999710021073215;0.999970880660566;0.9999481583211904;0.9999979660035392;1.024999976158142;
2016-12-23 01:00:00;0.9999999999999999;0.9999959664027085;0.9999517728290412;0.9999910553006004;0.9999841772530621;0.9999852641248337;1.0;0.9999570854268444;0.9999374792541507;0.9999964688213868;0.9999734031789539;1.0;0.9999965178797653;0.9999999999999999;0.9999397431043459;0.9999409198710308;0.9999416358428318;1.0;1.0;0.9999478373007926;0.9999787497916206;1.0;0.9999413407412239;0.9999994789886394;1.000172891039958;0.9999609729947153;1.0;0.9999912910784046;0.9996776697137011;0.9997234469387517;1.0;0.9998367976743029;0.9999619635987554;0.9994673631197748;0.9993275658647708;0.9998718247140409;1.0;0.999978714405881;1.0001492409438177;0.9999680151508643;0.9999678170993834;0.9999427450996426;0.9999978104880906;1.024999976158142;
2016-12-23 01:15:00;1.0;0.9999944478616377;0.999957965078857;0.9999919412188663;0.9999868085158788;0.9999876630272825;1.0;0.9999551406216663;0.9999480414655174;0.9999967839722734;0.9999756716589303;1.0;0.9999965518171765;0.9999999999999999;0.9999290615415852;0.9999306739771205;0.9999318223810564;1.0;1.0;0.9999550898441744;0.9999808452905399;1.0;0.9999314236979396;0.9999992124767456;1.0001685627665577;0.9999648521867116;0.9999999999999999;0.9999926439777448;0.9997110541329947;0.999749717956011;1.0;0.9998436617141243;0.9999677830756332;0.9994920005143124;0.9993630043990873;0.9998756885199355;1.0;0.9999765117693286;1.0001453013672923;0.9999728905312776;0.9999710054660739;0.9999509615909555;0.999997725035373;1.024999976158142;
2016-12-23 01:30:00;1.0;0.9999907624326315;0.9999531340382836;0.9999917323578036;0.9999842779692241;0.999986242425804;1.0;0.9999607287465312;0.9999396444133699;0.9999960287574707;0.9999743653324057;1.0;0.9999968881707486;1.0;0.9999434057961731;0.9999460871522852;0.9999468690083048;1.0;1.0;0.9999505940698689;0.9999816806073151;1.0;0.999946591172681;0.9999995681712581;1.000166482018789;0.9999645001076007;1.0;0.999991689624863;0.9997344017340662;0.9997779074211964;1.0;0.9998636639262717;0.9999616160272911;0.9995663604413745;0.9994595034170559;0.9998851798776255;1.0;0.9999784930889265;1.0001435763744797;0.9999676043643536;0.9999714866572704;0.9999451834708135;0.99999765409995;1.024999976158142;
2016-12-23 01:45:00;1.0;0.9999945925489498;0.9999618571935817;0.9999930487672363;0.9999873351830001;0.9999885496203776;1.0;0.999966717621542;0.9999507144261267;0.9999969969306733;0.9999789670676744;1.0;0.9999975427496084;1.0;0.9999524629916597;0.9999540341186655;0.999954660407777;1.0;1.0;0.9999594055688958;0.9999845824274887;1.0;0.9999544312022988;0.9999996080046668;1.0001552935585287;0.9999704402619588;1.0;0.9999931748615956;0.9997788203494319;0.999850493831834;1.0;0.9999176641347487;0.9999693198673381;0.9997457384063368;0.9997095305490679;0.9999253895229683;1.0;0.9999777728995521;1.0001340147378208;0.999974150657878;0.9999761340732994;0.9999550964646962;0.9999982779943263;1.024999976158142;
2016-12-23 02:00:00;1.0;0.9999956043931858;0.9999526580933713;0.9999916080608687;0.9999844811537103;0.9999859056553635;1.0;0.9999590639559691;0.9999386490964973;0.9999965574376585;0.999974256668133;1.0;0.9999955960978247;1.0;0.9999428247646615;0.9999441032334934;0.9999447304171575;1.0;1.0;0.9999482748561438;0.9999771116547255;1.0;0.999944425687239;0.9999995189860311;1.0001615737070235;0.9999602827702467;1.0;0.9999916528836456;0.9997847533488142;0.9998506325601676;1.0;0.9999063948482041;0.9999625640090274;0.9997305748958547;0.9996900215710075;0.9999018679233037;0.9999999999999999;0.9999796681704695;1.0001394996481379;0.9999685200778893;0.9999662987950962;0.9999437050838875;0.9999972810354423;1.024999976158142;
2016-12-23 02:15:00;1.0;0.9999951703714117;0.9999554924319776;0.9999917093117535;0.99998620173159;0.9999871716365578;1.0;0.9999524714705765;0.9999450783729302;0.9999967604127824;0.9999744713737904;0.9999999999999999;0.9999951984228119;1.0;0.999925032844783;0.9999264353145916;0.9999275831788109;1.0;1.0;0.9999515417884843;0.9999768248807757;0.9999999999999999;0.9999271322165715;0.9999991499242087;1.000162337713437;0.9999604666513731;1.0;0.9999923723649176;0.999774081248018;0.9998453587153364;1.0;0.9999079725364047;0.9999663014331781;0.9997380696918273;0.9996987445837355;0.9999015202449335;1.0;0.999977391767377;1.0001399550824073;0.9999716792184439;0.999966157520391;0.9999477919910938;0.999997033452537;1.024999976158142;
2016-12-23 02:30:00;1.0;0.9999957490805222;0.9999582761362427;0.9999925193345325;0.9999865654104501;0.9999877576529095;1.0;0.99996119608507;0.9999468103965465;0.999996957904116;0.9999769238544992;1.0;0.9999958363337784;1.0;0.9999430691855492;0.9999443063088418;0.9999450323778373;1.0;1.0;0.9999544608227132;0.9999792084527681;1.0;0.9999447105587733;0.999999453574061;1.000159114666303;0.9999642552160206;1.0;0.9999927372590667;0.9997859038765659;0.9998567597586278;1.0;0.9999157764292195;0.999967437860695;0.9997566125300458;0.999724075898148;0.9999123287211771;1.0;0.9999796681704695;1.0001373319094675;0.9999726207176483;0.9999695221232469;0.9999506254564711;0.9999974225695419;1.024999976158142;
2016-12-23 02:45:00;1.0;0.9999912682423024;0.9999581688609718;0.9999924464456761;0.9999859785935474;0.9999876365079594;1.0;0.9999639128252501;0.9999463892835531;0.999996383201558;0.9999768554773301;1.0;0.9999977127320749;1.0;0.9999470346602524;0.9999495697355241;0.9999503609220027;0.9999999999999999;1.0;0.9999563461347737;0.9999848523554352;1.0;0.999950108881796;0.9999995774003454;1.0001568573911708;0.9999691720119779;1.0;0.9999925219917233;0.9997789424966941;0.9998511496860941;1.0;0.999921237410858;0.9999657348699976;0.9997592381615115;0.9997238989402142;0.9999269489905476;0.9999999999999999;0.9999768191385614;1.0001352418296046;0.9999710667713047;0.9999758122092112;0.9999512751484912;0.999998140939972;1.024999976158142;
2016-12-23 03:00:00;1.0;0.9999930746361594;0.9999604291006251;0.9999927742909377;0.9999867606870125;0.9999881380175114;0.9999999999999999;0.9999658393976656;0.9999489869097752;0.999996718617291;0.9999781327997257;0.9999999999999999;0.9999978533088598;1.0;0.9999507843690536;0.9999527945047302;0.9999534871483647;0.9999999999999999;1.0;0.9999584067282289;0.9999853043836796;1.0;0.9999532583341761;0.9999996082270121;1.0001588750524684;0.9999704659876711;1.0;0.999992880229176;0.9997860252522016;0.9998539849151715;1.0;0.999909390232748;0.9999678198265258;0.9997456986541133;0.9997091756882373;0.999900596034574;1.0;0.9999791272244047;1.000137054387128;0.9999728539121525;0.999976690297435;0.9999536636655735;0.9999983433046774;1.024999976158142;
2016-12-23 03:15:00;1.0;0.999995315943312;0.9999614414631677;0.9999926548725087;0.9999873005700954;0.9999881641366074;1.0;0.9999646632600167;0.9999503964966434;0.9999969959523242;0.9999783928846772;1.0;0.9999980089001086;1.0;0.9999488606108232;0.9999502250133995;0.9999509381170103;0.9999999999999999;1.0;0.999959142877686;0.9999851940646285;1.0;0.9999507009107691;0.9999995456572383;1.0001595935483212;0.9999704822175051;1.0;0.9999929662928765;0.9997814577370162;0.9998495773409133;1.0;0.9999029344439276;0.9999693483825857;0.9997174191620621;0.9996781700688503;0.9999004231283702;1.0;0.9999779204550598;1.000137702257154;0.9999741873951515;0.9999766121174732;0.9999546293699537;0.999998582840819;1.024999976158142;
2016-12-23 03:30:00;1.0;0.9999955323828511;0.9999577716485556;0.9999922369579898;0.9999862308296711;0.9999873264895286;1.0;0.9999614193640363;0.999945773270459;0.9999968506376556;0.9999765772410265;1.0;0.999996708410157;1.0;0.9999442319768341;0.9999455327747249;0.9999462537541747;1.0;1.0;0.9999544499568015;0.999981093016516;1.0;0.9999459660422063;0.9999994912763965;1.0001586588355489;0.9999655614012807;1.0;0.9999924857967087;0.9997842857935866;0.9998514690788266;1.0;0.9999115093559836;0.9999667277802113;0.9997396384132461;0.9997005387542276;0.9999110580350037;1.0;0.999977126507359;1.000136919240567;0.9999720075142136;0.9999714859994546;0.9999500875640386;0.9999978852922248;1.024999976158142;
2016-12-23 03:45:00;1.0;0.9999945204986437;0.9999650998874458;0.9999933765177801;0.9999888498857866;0.9999897257307194;1.0;0.9999644181875404;0.9999565086839858;0.9999972179754915;0.9999799762914369;1.0;0.9999975015702915;1.0;0.9999444268629067;0.9999460203160975;0.9999469189205876;1.0;0.9999999999999999;0.9999630616612469;0.9999852675817934;0.9999999999999999;0.9999466187679279;0.9999994172612748;1.000158491756867;0.9999719596626011;1.0;0.9999938481241245;0.9997711213299459;0.9998411362955223;0.9999999999999999;0.9999056507037436;0.9999727520723977;0.9997196270830444;0.9996763326056709;0.9999070744528793;1.0;0.9999775393227162;1.000136672637438;0.999977044948371;0.9999772791530768;0.9999593578116771;0.9999982500623239;1.024999976158142;
2016-12-23 04:00:00;1.0;0.9999945213797556;0.9999520723464386;0.9999908721533171;0.999984105255299;0.9999851565452451;1.0;0.9999573091298886;0.9999378989401322;0.9999962717349109;0.9999733065288035;1.0;0.9999977179061044;1.0;0.9999395171212424;0.999941113812357;0.9999419170346816;1.0;1.0;0.9999491842295146;0.9999819566157244;1.0;0.9999416492667755;0.9999994922417149;1.0001620016182318;0.9999636886589881;1.0;0.9999911839753707;0.9997823303401357;0.9998484475199444;1.0;0.9999021925723424;0.9999617299313454;0.9997185432136756;0.9996768812951624;0.9998974322340641;1.0;0.9999779204550598;1.0001397405202215;0.9999677740898626;0.9999713598198497;0.9999434732775193;0.9999983678643907;1.024999976158142;
2016-12-23 04:15:00;1.0;0.9999958946080415;0.9999621975306922;0.9999927530659645;0.9999871516591448;0.9999879758447311;1.0;0.9999689249610147;0.9999500397728139;0.9999970386953497;0.9999792126228463;1.0;0.999999024858153;1.0;0.9999586959557587;0.9999598950093258;0.9999603806858994;1.0;1.0;0.9999602426798718;0.9999876777968448;1.0;0.999960236679829;0.9999997258915463;1.000158001933365;0.9999731071921675;1.0;0.9999928840690883;0.9997826581241404;0.9998529284008806;0.9999999999999999;0.9999109193550012;0.9999692589998345;0.9997521171173565;0.9997168533542519;0.9999008172788302;0.9999999999999999;0.9999772319535376;1.0001364060249882;0.9999741021532861;0.9999795732134668;0.999955257505924;0.9999991791081594;1.024999976158142;
2016-12-23 04:30:00;1.0;0.9999956770698685;0.9999647038497814;0.9999933254047473;0.9999881799142063;0.9999890468628472;1.0;0.9999695200555727;0.9999539968732335;0.9999972298917158;0.9999804586429453;1.0;0.9999985034006217;1.0;0.999957538496428;0.9999587979651966;0.9999593467586416;0.9999999999999999;1.0;0.9999627179556846;0.9999872761364852;1.0;0.9999591683256778;0.9999996691353359;1.0001551117050114;0.9999738268133576;1.0;0.9999934980248711;0.9997838727898497;0.9998561180455398;1.0;0.9999202954551233;0.9999715557763678;0.999760349870592;0.9997283678066672;0.999923363614;1.0;0.9999765117693287;1.0001338880186519;0.9999760373606535;0.9999795670257221;0.9999583668322477;0.9999988788818744;1.024999976158142;
2016-12-23 04:45:00;1.0;0.9999948810366849;0.9999591708151021;0.9999923885527137;0.9999869256635711;0.999987940717297;1.0;0.9999597328364904;0.9999485791220507;0.9999968969781498;0.9999769063611977;1.0;0.9999966411495154;1.0;0.9999387709170675;0.9999402560859325;0.9999411602318263;1.0;1.0;0.9999561671852287;0.9999814404060853;1.0;0.9999408256508034;0.9999993772176353;1.0001593107409574;0.9999662305336133;1.0;0.9999928212556309;0.9997847285955881;0.9998553287187234;1.0;0.999909558001843;0.9999682060787671;0.9997444343147148;0.9997109537572053;0.9999019338628089;0.9999999999999999;0.999988011335754;1.0001374022201361;0.9999732440917075;0.9999720238395347;0.9999520781068496;0.9999978043777258;1.024999976158142;
2016-12-23 05:00:00;1.0;0.9999915558368533;0.9999509997390099;0.999990570335887;0.9999841793638286;0.9999853986797992;1.0;0.9999507093827792;0.9999386884689164;0.9999959624966133;0.9999718266522257;1.0;0.9999972712547176;1.0;0.9999232968266393;0.9999257426616235;0.999927013710107;1.0;1.0;0.999948710608655;0.9999812905299281;1.0;0.9999266213380745;0.999999219140305;1.000160763601756;0.999962270130337;1.0;0.9999912307677207;0.9997868866069111;0.9998570278319336;1.0;0.9999133305238669;0.9999613421511617;0.9997710869369949;0.9997383548629265;0.9998951268608517;1.0;0.999989685320429;1.0001384441491894;0.9999674089325311;0.9999702686218617;0.9999430904517853;0.9999979203169642;1.024999976158142;
2016-12-23 05:15:00;1.0;0.9999893874754374;0.9999561155469338;0.9999923117794046;0.9999849422643746;0.9999870706287494;1.0;0.9999654956285221;0.9999430423082956;0.9999960458165251;0.9999761543681887;1.0;0.9999979372085371;1.0;0.999951184068985;0.9999542566097877;0.9999549533417513;0.9999999999999999;1.0;0.9999545821626721;0.9999854449085076;1.0;0.9999547410670373;0.9999996949955217;1.0001598723440703;0.9999691480086543;1.0;0.9999921377859402;0.999787887275864;0.9998575663724761;1.0;0.9999008971917032;0.9999631545484157;0.9997217213595438;0.9996891858631638;0.9998913728353364;1.0;0.999980897649285;1.0001378508271646;0.9999688500512082;0.9999762497989094;0.9999489337930358;0.9999981356135613;1.024999976158142;
2016-12-23 05:30:00;1.0;0.9999946643405024;0.9999591202143993;0.9999922355965142;0.9999863304957445;0.999987331148138;1.0;0.999964284649066;0.9999468904524539;0.9999967509514462;0.9999772792040094;1.0;0.9999983364651561;1.0;0.9999496897912995;0.9999512386498041;0.9999519145688448;1.0;1.0;0.9999569459886417;0.9999854840663664;0.9999999999999999;0.9999517014290348;0.9999995981573995;1.0001593252360426;0.9999698309139127;1.0;0.9999924642630874;0.9997816508224826;0.9998539433199065;1.0;0.9999095334507825;0.9999670582752231;0.9997418274455044;0.9997089765208846;0.9999036572575968;0.9999999999999999;0.999977254660645;1.000137467989213;0.9999722425691445;0.9999765623721125;0.9999518747717889;0.9999987182395725;1.024999976158142;
2016-12-23 05:45:00;1.0;0.9999917743100634;0.9999596251402132;0.9999925006915579;0.9999864861118707;0.9999879034929532;1.0;0.9999641833080584;0.9999483283080434;0.999996509863644;0.9999774177134895;1.0;0.9999982828600016;1.0;0.9999470046198251;0.999949393329746;0.9999502184360106;0.9999999999999999;1.0;0.9999581446969272;0.9999863790113448;0.9999999999999999;0.9999499766001496;0.9999995602092002;1.0001621570409418;0.9999709018060635;1.0;0.9999927014410687;0.9997050313255427;0.9998108808881278;1.0;0.999904442284608;0.9999670252968027;0.9997287464181535;0.9996967653652145;0.9998972696993368;1.0;0.9999766208221236;1.0001398097708956;0.9999721571121848;0.9999776798312849;0.9999530457317779;0.9999984883112819;1.024999976158142;
2016-12-23 06:00:00;1.0;0.9999914840886416;0.9999527205789596;0.9999910710804008;0.9999842473635161;0.9999856556656436;1.0;0.9999574863819835;0.9999394291405231;0.9999960016917049;0.9999734698226683;1.0;0.9999980564562057;1.0;0.9999374345200567;0.999939902641622;0.9999408575718074;0.9999999999999999;1.0;0.9999507833570409;0.9999838106634065;1.0;0.9999405752691486;0.9999994671947486;1.000169674980401;0.9999655900953028;1.0;0.9999913745135333;0.9996418917680899;0.9997766166349105;1.0;0.9998917102776783;0.9999616951175249;0.9997094001760084;0.999680581489318;0.9998721780995491;1.0;0.9999780486113318;1.000146258970301;0.9999676795817524;0.9999735439967905;0.9999448596176757;0.9999983452891156;1.024999976158142;
2016-12-23 06:15:00;1.0;0.9999874373030244;0.9999229448306931;0.9999844332852009;0.9999751844491281;0.9999763587245516;1.0;0.9999201387810804;0.9999038320761982;0.9999935157892578;0.9999550080461288;1.0;0.9999972793425913;1.0;0.9998750918465458;0.9998787336504397;0.9998808857451391;1.0;1.0;0.9999201579491966;0.9999736789860509;1.0;0.9998802844166903;0.9999986977192423;1.0001774385981694;0.9999427047866386;1.0;0.9999857721132759;0.9996572375054608;0.9997823694640845;0.9999999999999999;0.9998974461018418;0.9999395409934545;0.999737767140179;0.9997042868059475;0.9998700901488152;1.0;0.9999778275900723;1.0001524373100297;0.9999490310829615;0.9999564273608781;0.9999107022291325;0.9999976389153984;1.024999976158142;
2016-12-23 06:30:00;1.0;0.9999739244456757;0.9998870982585113;0.9999775720144457;0.9999638351301389;0.9999664573995416;1.0;0.9998808201530403;0.9998618030517201;0.9999895962157495;0.9999336448774868;1.0;0.9999951843713184;1.0;0.9998061472568474;0.999813707544516;0.999817313494818;1.0;1.0;0.9998843494505293;0.9999616375794073;1.0;0.9998163166399582;0.9999979267488922;1.0001905612251143;0.9999163933802363;0.9999999999999999;0.9999793971501937;0.9996465238402451;0.9997721975520958;0.9999999999999999;0.9998917214849014;0.9999106996830841;0.9997160311333264;0.9996767068921302;0.9998677242747558;1.0;0.9999782084239731;1.0001629920085797;0.9999245787553128;0.9999364521527618;0.9998706973262514;0.9999955548080596;1.024999976158142;
2016-12-23 06:45:00;1.0;0.9999410542888453;0.9999017200587677;0.9999840672194708;0.9999677761756158;0.999976577784486;1.0;0.9999011357526714;0.9998870686967248;0.999987604553556;0.9999428480362329;1.0;0.9999922654234448;1.0;0.9998156877687442;0.9998328137360942;0.999837131066468;1.0;0.9999999999999999;0.9999055265186255;0.9999699760754774;1.0;0.9998359760797219;0.9999981162233684;1.0001908399009043;0.999932863573032;1.0;0.9999842055868378;0.9996175190458092;0.9997358816188986;1.0;0.9998744436038097;0.9999155445179814;0.9996599922532932;0.999591192841273;0.9998539595214588;1.0;0.9999783559783892;1.0001624570519103;0.9999279745042652;0.9999495587892561;0.9998934632587663;0.9999916701339867;1.024999976158142;
2016-12-23 07:00:00;1.0;0.9999484252850193;0.999896846702699;0.9999824473486999;0.9999664890046199;0.9999739889805916;0.9999999999999999;0.999895037637168;0.9998796038558302;0.9999879401397731;0.9999400000039447;1.0;0.9999921264011797;1.0;0.9998109901711365;0.9998259817942726;0.9998301542893032;1.0;1.0;0.9998986342952874;0.999965810909215;1.0;0.9998290021530787;0.9999980367417566;1.000195441935524;0.9999266038208823;0.9999999999999999;0.9999829085403013;0.9995801537352563;0.9997177856564858;1.0;0.9998742113845204;0.9999134186937925;0.9996723093407395;0.9996086041518039;0.9998448862439291;0.9999999999999999;0.9999787687952686;1.000166615206005;0.9999263495812784;0.9999438269153709;0.9998864084717958;0.9999921036550666;1.024999976158142;
2016-12-23 07:15:00;1.0;0.9999831029140133;0.9999261952226799;0.9999859970563831;0.9999758368929044;0.9999782276668345;1.0;0.9999285069494839;0.9999078171563658;0.999993362950248;0.9999577518819124;0.9999999999999999;0.999996480803427;1.0;0.999887896022464;0.9998928009131716;0.9998947500223887;1.0;1.0;0.999923921957721;0.9999744518588776;1.0;0.9998941887415921;0.9999989157158801;1.000186142207242;0.9999457288200344;0.9999999999999999;0.9999867174679575;0.9994923222578843;0.999663665377227;1.0;0.9998680651624191;0.9999405477933432;0.999636965074185;0.9995671033037684;0.9998504121039563;1.0;0.9999743865340214;1.0001599876766485;0.9999497809465382;0.9999582634454304;0.999914933792513;0.9999968996398385;1.024999976158142;
2016-12-23 07:30:00;1.0;0.9999844049382225;0.9999155016245572;0.9999841569993849;0.9999743444189825;0.9999765566900641;1.0;0.9999026797016719;0.9998992783052678;0.9999930939067624;0.9999503123969985;1.0;0.9999904103075885;1.0;0.999836784998155;0.9998413176007023;0.9998441976408684;1.0;1.0;0.9999094742149666;0.9999565014571762;1.0;0.9998431705712428;0.9999980332163988;1.0001961941447088;0.9999249389190892;1.0;0.9999857214081992;0.9994944044297552;0.9996682102120704;1.0;0.9998601934339592;0.9999362064083532;0.9996379177968185;0.999574498696418;0.9998263165176096;0.9999999999999999;0.9999608989180085;1.0001684458531617;0.9999462804776076;0.9999361173958463;0.9999025604705085;0.9999936614714936;1.024999976158142;
2016-12-23 07:45:00;1.0;0.9999854905160998;0.9999155281296773;0.9999838681445312;0.9999727771294974;0.9999749071761876;1.0;0.9999159312921286;0.9998943434249798;0.9999929502589086;0.9999516438882471;1.0;0.9999947052991918;1.0;0.9998693591650591;0.9998735834605464;0.9998757172319256;1.0;1.0;0.9999111675936954;0.9999663844008448;1.0;0.9998750343603786;0.9999986734143655;1.0001978465158974;0.9999339338562936;1.0;0.9999848465518608;0.9994705119020861;0.9996524352942673;1.0;0.999818620249999;0.999933403556073;0.999495014343368;0.9994300614163849;0.9997987112160954;0.9999999999999999;0.9999611202331968;1.0001701101457925;0.9999438613366238;0.9999472950631618;0.9999018126631112;0.9999960890212349;1.024999976158142;
2016-12-23 08:00:00;1.0;0.9999849827935066;0.9999022283288035;0.9999801332884393;0.9999697303626499;0.9999708503430756;1.0;0.9998878047014629;0.9998813656645836;0.9999920008232417;0.999941702570575;1.0;0.9999938957691651;1.0;0.9998163449289079;0.9998207088310076;0.9998239990872907;1.0;1.0;0.999897411117643;0.9999599603172795;1.0;0.9998229929569524;0.9999978443697926;1.0002072125939199;0.9999209367613009;0.9999999999999999;0.9999824259704111;0.999467138022713;0.9996400249830056;1.0;0.999807163751381;0.9999257257017585;0.9994601447754231;0.9993807626946791;0.9997883196718315;1.0;0.9999599454866547;1.0001777553280335;0.9999374578675191;0.9999370682266748;0.9998870905624833;0.9999956103509924;1.024999976158142;
2016-12-23 08:15:00;1.0;0.9999859211042889;0.999918611677083;0.9999836868283184;0.9999739217743455;0.9999753282170595;1.0;0.9999144665183163;0.9998990181165524;0.9999931087877527;0.9999523964173256;0.9999999999999999;0.9999965652620161;0.9999999999999999;0.9998646107024187;0.9998686979549419;0.9998710644107202;1.0;1.0;0.9999155891902384;0.9999712029977594;0.9999999999999999;0.9998703888936754;0.9999985608416778;1.0002028404484762;0.9999386556643345;1.0;0.9999851175102801;0.9994650519272181;0.999638443788641;1.0;0.9998119379936987;0.9999362647351469;0.9995065979287266;0.9994270480865376;0.9997711952771853;1.0;0.9999555630916014;1.0001743141550077;0.9999462607699314;0.9999528824947592;0.9999058615321574;0.9999971393884927;1.024999976158142;
2016-12-23 08:30:00;1.0;0.9999848374880721;0.999888159518179;0.9999768251547494;0.9999639625400001;0.999964800012043;1.0;0.999884649194532;0.9998596020333881;0.9999906382499467;0.9999346059908234;1.0;0.9999970145988789;1.0;0.9998222423126922;0.9998266442612519;0.9998296387155481;1.0;0.9999999999999999;0.9998838931970407;0.9999629320840487;1.0;0.9998288231336329;0.9999981520135514;1.0002247589736113;0.9999174597110354;1.0;0.9999788199028156;0.9993813491922419;0.9995230704628727;1.0;0.9997412717746563;0.9999126749133888;0.999262871634618;0.9990852169918706;0.9997250643930389;1.0;0.9999599454866546;1.0001929700288739;0.9999264338917494;0.9999378698115902;0.9998699166533149;0.999997310468314;1.024999976158142;
2016-12-23 08:45:00;1.0;0.9999868594503093;0.9998871263490248;0.9999762248744022;0.9999640465871872;0.999964308590541;1.0;0.9998792353454354;0.999859055451435;0.9999907836507238;0.9999334012628011;1.0;0.9999967832904988;1.0;0.9998121913634569;0.9998160015446561;0.9998191873756683;1.0;1.0;0.9998823900575629;0.9999613076239351;1.0;0.9998183065518955;0.9999979595762822;1.0002245264474674;0.9999150962991519;1.0;0.9999785965210621;0.9993625615433772;0.9995263697298646;0.9999999999999999;0.9997613545819041;0.9999130126417369;0.9993242616077798;0.9991672257582075;0.9997436542456238;1.0;0.9999581240509973;1.0001927313712282;0.9999267748682992;0.9999356657972428;0.9998686077757551;0.9999973242638375;1.024999976158142;
2016-12-23 09:00:00;0.9999999999999999;0.9999868594503091;0.9999046236181872;0.999980121898414;0.9999701622336021;0.9999707035425505;0.9999999999999999;0.999892581550338;0.9998830981542641;0.9999921749256141;0.9999431291167323;1.0;0.9999957960151146;1.0;0.9998271979125503;0.999831008150938;0.9998340724291334;0.9999999999999999;1.0;0.9999004937331027;0.9999644413618646;1.0;0.9998331866073752;0.9999980137327044;1.0002189402274304;0.9999256514694354;1.0;0.9999823784363668;0.9993860158466324;0.9995329916866941;1.0;0.9997522389600498;0.9999272480968766;0.999275100047689;0.9991071364915665;0.9997495007749109;1.0;0.9999616928411951;1.0001879795513944;0.9999387452492531;0.9999423989922663;0.9998895922911041;0.9999967831643712;1.024999976158142;
2016-12-23 09:15:00;1.0;0.9999891024491501;0.9998943271717838;0.999978214773645;0.9999669636006233;0.9999673622740137;1.0;0.9998836651635431;0.9998693450519806;0.9999916960942534;0.9999377273747669;1.0;0.9999942087874706;1.0;0.9998165528314265;0.9998197238877937;0.9998227805087913;1.0;1.0;0.9998880999429313;0.9999570059071481;1.0;0.9998218296856798;0.9999979221825765;1.000220611169563;0.9999148575749008;1.0;0.9999804555495214;0.9994211646690804;0.9995622027602783;1.0;0.9997584159303627;0.9999198602338031;0.9993046914597732;0.9991503703544243;0.9997480069769202;1.0;0.9999583382379507;1.0001894912824216;0.9999326056125037;0.9999323237905413;0.9998767183700039;0.9999960660172986;1.024999976158142;
2016-12-23 09:30:00;1.0;0.9999859954901158;0.9998945882560364;0.9999795648649198;0.9999659426816311;0.9999678621989659;0.9999999999999999;0.999897697144747;0.9998667691291151;0.9999914211670426;0.9999400620618281;1.0;0.9999936966207544;1.0;0.9998456614589373;0.9998497361205682;0.9998520830908957;1.0;1.0;0.9998882193483645;0.999957490775376;1.0;0.9998513077711615;0.9999984714544173;1.0002208597350069;0.9999170272206456;1.0;0.9999806495741372;0.9994348346777785;0.9995739042052308;1.0;0.9997601886207603;0.999917307905049;0.9993170369794464;0.9991691257470402;0.9997451399691082;1.0;0.99994540238087;1.0001899416034747;0.9999303674634648;0.9999335898880757;0.9998765858934728;0.999995569378008;1.024999976158142;
2016-12-23 09:45:00;1.0;0.9999870067402344;0.999916847633121;0.9999839219067436;0.9999729973214835;0.9999748043677603;1.0;0.9999191658518184;0.9998950887713788;0.9999930982514373;0.9999525860009875;0.9999999999999999;0.9999955538783384;1.0;0.9998769740919197;0.9998807529250694;0.9998827005958119;1.0;1.0;0.9999126186790865;0.9999683319433857;0.9999999999999999;0.99988209135278;0.9999987910831308;1.0002146642232028;0.9999361631225233;1.0;0.999984820699403;0.9994208462846741;0.9995408124199979;1.0;0.9997416141229633;0.9999342654739475;0.9992355546816928;0.999049851754415;0.9997446414685824;1.0;0.9999574071890711;1.000184739241903;0.9999445997956716;0.9999496855175118;0.9999030369666007;0.9999966583353073;1.024999976158142;
2016-12-23 10:00:00;1.0;0.9999928587838997;0.9999166388031636;0.9999844637871367;0.9999738056460735;0.9999753763417116;1.0;0.999916185551187;0.9998954471004826;0.9999939016256849;0.9999529462111167;1.0;0.9999913162822069;1.0;0.9998725866075251;0.9998746635114737;0.9998764385223529;1.0;1.0;0.9999087103969299;0.9999568743956;1.0;0.9998756951922189;0.9999986298399585;1.0002193753080748;0.9999264955977711;0.9999999999999999;0.9999853155192323;0.999402901687348;0.9995044449836381;1.0;0.9997219998105027;0.9999364259185948;0.9991522904006414;0.998927647465019;0.9997423273654389;1.0;0.9999563919531258;1.0001890599088745;0.9999465956283651;0.9999370453204831;0.9999015584793257;0.9999947421319955;1.024999976158142;
2016-12-23 10:15:00;1.0;0.9999894618532054;0.9999327872798485;0.9999868444239578;0.9999790154631445;0.9999802920280382;1.0;0.9999256946143333;0.9999178060230607;0.9999946179550543;0.999960537075393;1.0;0.9999950325799559;1.0;0.9998797781831851;0.9998828379998139;0.9998849162773854;1.0;1.0;0.999928989573043;0.9999710317539929;1.0;0.9998842445589587;0.9999986241435594;1.0002107394727169;0.9999448960421273;1.0;0.9999881631588449;0.9993939851506174;0.9995100504718233;1.0;0.9997176603187843;0.9999485023403176;0.9991468570044718;0.998938525138768;0.9997329303959239;1.0;0.9999714760244972;1.0001813543616505;0.9999566339485513;0.9999553400699047;0.9999221338598763;0.9999965445129724;1.024999976158142;
2016-12-23 10:30:00;0.9999999999999999;0.9999901117197698;0.9999238957493716;0.9999860392375721;0.999975569311513;0.9999776241965954;1.0;0.9999270854405629;0.9999039142500963;0.9999940886100948;0.9999573544710181;0.9999999999999999;0.9999931013001506;1.0;0.9998900230624057;0.999892891964522;0.999894458808491;1.0;1.0;0.9999178894306232;0.9999641658171708;1.0;0.9998938447327818;0.9999989010738622;1.0002135055617036;0.999936268165787;1.0;0.9999865828875341;0.9994246940201061;0.9995498412269928;1.0;0.9997231486116954;0.9999404974553936;0.999191383655833;0.9990164307324509;0.9997191200553537;1.0;0.9999736242536205;1.0001839904299847;0.9999499244628025;0.9999465862571929;0.9999105649511993;0.9999955319117204;1.024999976158142;
2016-12-23 10:45:00;0.9999999999999999;0.9999920636417754;0.9999524214402874;0.9999906063077144;0.9999850220334483;0.999985927304701;1.0;0.9999479229646236;0.9999416464426663;0.999996122420635;0.999972032964432;1.0;0.9999970522748318;0.9999999999999999;0.9999160263114847;0.9999183322695971;0.9999198036766809;1.0;1.0;0.9999501649164501;0.9999809512249301;1.0;0.9999193507890904;0.9999990552256252;1.0002009222321373;0.9999622160508088;0.9999999999999999;0.9999915478979055;0.9994206081009493;0.999539148864837;1.0;0.9997358564484378;0.9999632754484563;0.9992019764810065;0.9990126110322287;0.9997497955234883;0.9999999999999999;0.9999728303117983;1.0001731098315834;0.9999690553911126;0.9999699898183962;0.9999449759362716;0.9999978321142706;1.024999976158142;
2016-12-23 11:00:00;1.0;0.9999958217158839;0.9999260514756513;0.9999854039469803;0.9999775979398419;0.9999780243589697;1.0;0.9999155267093248;0.9999094416069304;0.9999948540390875;0.9999567214040606;1.0;0.9999923269928629;1.0;0.9998656452943407;0.9998668633164347;0.9998689515961111;1.0;1.0;0.999918980007009;0.9999607585163355;1.0;0.9998681528562368;0.9999983777630432;1.0002195839459154;0.9999328347082457;0.9999999999999999;0.9999869874670793;0.9993828279998113;0.9995098508003248;1.0;0.9996808996196104;0.99994562726031;0.9990134437769477;0.9988161631059976;0.9997132861910218;0.9999999999999999;0.9999634088378964;1.0001891540950572;0.9999543955319151;0.9999425938445091;0.9999129908196818;0.9999955021479834;1.024999976158142;
2016-12-23 11:15:00;1.0;0.9999931472733702;0.9999200185460808;0.9999846844361948;0.9999734757465025;0.9999749402551731;1.0;0.9999296235063468;0.999895617129789;0.9999939712763636;0.9999556405795326;1.0;0.9999960466494566;1.0;0.9999024572941788;0.999904448326532;0.9999056403725618;1.0;1.0;0.9999145165802794;0.9999689162387329;1.0;0.999905217858056;0.999999190942271;1.000221235759797;0.9999385452361153;1.0;0.9999851678860912;0.9992455426016512;0.9994229695475433;1.0;0.9996721204764589;0.9999364040877229;0.9990061135795755;0.998798275756543;0.9996919881922275;1.0;0.9999709350674149;1.0001908221363909;0.9999464993130267;0.9999511143552211;0.9999051879794565;0.9999973563530014;1.024999976158142;
2016-12-23 11:30:00;0.9999999999999999;0.99999444848841;0.9999466169072664;0.9999897564026899;0.9999832179773919;0.9999841508787092;1.0;0.9999440246923602;0.999933443844312;0.9999960456872939;0.9999693078715316;1.0;0.9999954959994919;1.0;0.9999130975700445;0.9999147132999969;0.9999160475901969;1.0;1.0;0.9999424985884986;0.9999750030337938;1.0;0.9999155628644647;0.9999990453570812;1.000208154538614;0.9999548299364392;1.0;0.9999905878746925;0.9993648811301559;0.9995163126966129;1.0;0.9996726317684911;0.9999592083151252;0.9989802883274966;0.9988075850232295;0.9997106532718458;1.0;0.99997032034155;1.0001794890176192;0.9999657060805316;0.9999624468861524;0.9999373749083831;0.99999714523804;1.024999976158142;
2016-12-23 11:45:00;1.0;0.9999942320481698;0.9999281839037762;0.9999859477629234;0.9999769428728937;0.9999778264564951;1.0;0.9999292849272922;0.9999086115427293;0.9999946617783501;0.9999591812225274;1.0;0.9999954504358198;1.0;0.9998952135093103;0.9998968928056345;0.9998983769799771;0.9999999999999999;1.0;0.9999228942340499;0.9999693418605842;1.0;0.999897852962257;0.9999989462281536;1.0002060577738654;0.9999418606702812;1.0;0.9999868551070978;0.9994154253617444;0.9995524305523913;1.0;0.9997127674760987;0.9999444717606002;0.9991026329640917;0.9989373343647043;0.9997476056568659;1.0;0.9999770336395639;1.0001776088525005;0.9999533222185352;0.9999528082372918;0.9999152485483997;0.999997105246359;1.024999976158142;
2016-12-23 12:00:00;1.0;0.999990400204341;0.9999441369847362;0.999989157023992;0.999983169602915;0.9999842833893743;0.9999999999999999;0.9999328973030986;0.9999337709266466;0.9999955440143049;0.9999666127492423;0.9999999999999999;0.9999943552294386;1.0;0.9998867503194024;0.99988953327999;0.9998915830230409;0.9999999999999999;1.0;0.9999405281660013;0.9999724967819441;1.0;0.9998908891623665;0.9999986010761799;1.0002040112738904;0.999951036395233;1.0;0.999990507879117;0.9994273183346581;0.9995542374853197;1.0;0.9997082995740731;0.9999582543484052;0.9991158805835629;0.9989439470533247;0.9997253585501199;0.9999999999999999;0.9999857157885298;1.0001755749986798;0.9999648586085591;0.9999589878721378;0.9999356902023568;0.9999962413655098;1.024999976158142;
2016-12-23 12:15:00;1.0;0.9999879424752766;0.9999315569819704;0.9999864181464765;0.9999785204464923;0.9999797737724013;1.0;0.9999244699464309;0.9999164596860187;0.9999942896746052;0.9999596318053168;1.0;0.9999957791406943;1.0;0.9998772918092854;0.9998807840214464;0.9998829681084483;1.0;1.0;0.9999284545142423;0.9999726802590646;1.0;0.9998823016526578;0.9999986127151619;1.0002140578696819;0.9999456459197292;1.0;0.9999877830170907;0.9993745342629662;0.999483428729384;1.0;0.9996624937793036;0.9999472191425621;0.9989621269772377;0.9987315968839638;0.9996925306676254;1.0;0.9999833339035068;1.0001841392615611;0.9999555164135298;0.9999568914748077;0.9999210175558635;0.9999968523816969;1.024999976158142;
2016-12-23 12:30:00;1.0;0.9999947372361654;0.9999333869068173;0.999986202783042;0.9999785591429766;0.9999788183464741;1.0;0.999931317263274;0.9999153126219857;0.999995001500964;0.999961251337039;1.0;0.9999979716454696;0.9999999999999999;0.9998968973333856;0.9998984270291295;0.9999000312190301;0.9999999999999999;1.0;0.9999298652810965;0.9999763669936125;1.0;0.999899566731384;0.9999989329865093;1.0002020889722625;0.9999494817792155;0.9999999999999999;0.9999875061397331;0.9994199815127239;0.9995378602456769;1.0;0.9997041955978119;0.9999485282112831;0.9990738086867149;0.9988828923359006;0.9997415272567867;1.0;0.9999849218250384;1.0001740933501693;0.9999567169840488;0.9999612600809418;0.9999217669738151;0.9999985227127097;1.024999976158142;
2016-12-23 12:45:00;1.0;0.9999918477848653;0.9999265726602069;0.9999849376730457;0.9999763313907367;0.9999769192329144;1.0;0.9999246930720684;0.9999072188910924;0.9999941976690585;0.9999572981226957;1.0;0.9999976512864857;1.0;0.9998855078325065;0.9998878806469376;0.9998897265552811;0.9999999999999999;1.0;0.9999231494646966;0.9999743745492637;1.0;0.999889199917161;0.999998820788373;1.0002079170698694;0.9999448152704723;1.0;0.9999862627996001;0.999421603863452;0.999542303001249;0.9999999999999999;0.9996857200315873;0.9999428732259222;0.9990173626817578;0.9988329110121791;0.9997245032362855;1.0;0.9999833339035069;1.0001789907620906;0.999951912524708;0.9999578247033234;0.99991417284719;0.9999981458754273;1.024999976158142;
2016-12-23 13:00:00;0.9999999999999999;0.9999911235559252;0.9999387208390378;0.9999882021224404;0.9999806957891203;0.9999819599175802;1.0;0.9999350969239668;0.9999242590881889;0.9999951604565114;0.999964515055818;1.0;0.9999952755818787;1.0;0.9998972159764634;0.9998997922694236;0.9999014806945195;1.0;1.0;0.9999348465127124;0.9999729821907095;1.0;0.9999009101783719;0.9999988685961159;1.00020857975242;0.9999495326957563;1.0;0.9999891836978835;0.9993987159733089;0.999510515759166;1.0;0.9996604961691311;0.9999527858514519;0.9989276861749764;0.9987162110604743;0.999709771895704;1.0;0.9999853029627557;1.0001796628194732;0.9999602516067512;0.9999587315910134;0.9999286582067372;0.9999967953194311;1.024999976158142;
2016-12-23 13:15:00;1.0;0.9999880871214634;0.9999249026282642;0.9999854587668686;0.9999758479569444;0.9999774679283431;0.9999999999999999;0.9999244962900963;0.9999060182740476;0.9999938199267826;0.9999568595303707;1.0;0.9999955745917527;0.9999999999999999;0.9998829942933037;0.9998864451934977;0.9998883485920272;1.0;0.9999999999999999;0.9999209877137725;0.9999703950250275;1.0;0.9998877459351716;0.9999987993366113;1.0002158889702157;0.9999413288154302;1.0;0.9999864350814567;0.9993649247299581;0.9994781098740219;1.0;0.999642055633194;0.9999410667310736;0.9988572912689451;0.998627311106484;0.9997023169510377;0.9999999999999999;0.9999849218250385;1.0001858379841015;0.9999503400167881;0.9999533797847527;0.9999125938733755;0.9999967502798983;1.024999976158142;
2016-12-23 13:30:00;1.0;0.999984042100749;0.9999281839273099;0.9999860757428197;0.9999773642912457;0.9999792704190746;0.9999999999999999;0.9999216394450292;0.9999129170220872;0.9999936805024204;0.9999577401316276;1.0;0.9999953071709484;1.0;0.9998708076369275;0.9998754388272577;0.9998778151657748;1.0;1.0;0.999925508890176;0.9999717683475701;1.0;0.9998770977442732;0.9999985530527209;1.0002113160170976;0.99994361491341;1.0;0.9999873450849336;0.9993694136981803;0.9994908007921623;1.0;0.9996694282708395;0.9999439428161805;0.9989268104501304;0.9987097645858762;0.9997370100738988;0.9999999999999999;0.9999845090018253;1.000181630852198;0.9999526891050317;0.9999553653067597;0.9999176594523355;0.999996321767828;1.024999976158142;
2016-12-23 13:45:00;1.0;0.9999875828367069;0.9999231577436002;0.9999814272836233;0.9999796634844814;0.9999776800873105;1.0;0.9998690427357824;0.9999185725743691;0.9999937218029675;0.9999473678229601;1.0;0.9999951903164782;1.0;0.99975848856305;0.99976209185991;0.9997672737768047;1.0;0.9999999999999999;0.9999213586890843;0.999966757178566;1.0;0.999765819321781;0.9999964940636672;1.0002175109183973;0.9999319789119371;1.0;0.9999864819612595;0.9993522146815695;0.9994889520914405;1.0;0.9996728750300818;0.9999487044916939;0.9989656651828761;0.9987614313550198;0.9997210764019179;1.0;0.9999849218250384;1.0001859358128846;0.9999568924330028;0.9999467675652;0.9999144289288031;0.9999965031397989;1.024999976158142;
2016-12-23 14:00:00;0.9999999999999999;0.9999888831511589;0.9998997187087689;0.9999739526833091;0.9999751370664607;0.9999702933709902;1.0;0.9998096433790257;0.9998979174138417;0.9999922198388325;0.9999282837058345;1.0;0.9999939236973062;0.9999999999999999;0.9996443264651852;0.9996475508837148;0.999655274548786;0.9999999999999999;1.0;0.9998971204710122;0.999954604283747;1.0;0.9996531174193914;0.999994634609811;1.0002294990724767;0.9999072247163171;1.0;0.999982112249606;0.9993763370203006;0.9994702043733884;0.9999999999999999;0.9996548701049288;0.9999372213905343;0.9989473729190358;0.9986957100783709;0.9996796785421238;1.0;0.9999837150401052;1.000195327326984;0.9999473976890768;0.9999273556809019;0.9998888147902367;0.9999958994254178;1.024999976158142;
2016-12-23 14:15:00;1.0;0.9999812950821966;0.9999125418988226;0.9999829626060617;0.9999726197460818;0.9999747630235134;0.9999999999999999;0.9999031034304017;0.9998942806908793;0.9999923616524894;0.9999483777304743;0.9999999999999999;0.9999939126419087;0.9999999999999999;0.9998396417953292;0.999845064763612;0.9998480095916519;0.9999999999999999;1.0;0.9999089438130302;0.9999644829869231;0.9999999999999999;0.9998471063008955;0.9999981723023402;1.0002128427827037;0.999930226158343;0.9999999999999999;0.9999845889675625;0.9993482618625263;0.9994717083675114;1.0;0.9997089066055688;0.9999321773738269;0.9990792114655977;0.9988498229981371;0.9997518765554789;1.0;0.9999837150401051;1.0001826996236087;0.9999427832168595;0.9999443249276038;0.9998996704359434;0.9999953684163152;1.024999976158142;
2016-12-23 14:30:00;1.0;0.9999731299204445;0.99991485622527;0.999985004920417;0.9999724802358619;0.9999768037340107;1.0;0.9999160372769034;0.9998964860511756;0.9999917583842187;0.9999514227925373;1.0;0.9999928431208619;1.0;0.9998608144644124;0.9998686074482884;0.999871193911475;1.0;1.0;0.9999122050833824;0.999965744724141;1.0;0.9998703757026253;0.9999985842636471;1.0002170315434462;0.9999340154376365;1.0;0.9999854972679103;0.9993169811136681;0.9994379198631597;0.9999999999999999;0.9996770774664449;0.9999309258779074;0.9989631119920346;0.9987115312309458;0.9997353079544063;0.9999999999999999;0.9999845090018255;1.0001863472738068;0.9999415451844571;0.9999468455700015;0.999903070848345;0.9999942161697308;1.024999976158142;
2016-12-23 14:45:00;1.0;0.9999868620569803;0.9998966101513748;0.9999781384045857;0.9999683641203955;0.9999685568976924;1.0;0.9998757408515644;0.9998751576850474;0.9999917678610405;0.9999373050461516;0.9999999999999999;0.9999946651497783;1.0;0.9997954465119375;0.9997992663765963;0.9998029913390098;1.0;1.0;0.9998917602548136;0.9999590408459003;1.0;0.9998018938115419;0.9999975216782653;1.0002181948052165;0.9999166783084161;1.0;0.9999811584970913;0.9993575043251883;0.9994796507753977;1.0;0.9996789014588162;0.9999226681004726;0.998981502937815;0.9987580976110575;0.9997283774959037;1.0;0.9999837150401052;1.0001870981577763;0.9999349404732387;0.9999346140783634;0.9998805991525301;0.999996163624892;1.024999976158142;
2016-12-23 15:00:00;1.0;0.999988306179758;0.9999185805706261;0.9999802948268598;0.9999784862181741;0.9999762154952889;1.0;0.9998614481305826;0.9999133872724051;0.999993495342374;0.9999443419835596;1.0;0.9999947248264891;1.0;0.9997454942681087;0.9997488908531158;0.9997543029878114;1.0;1.0;0.9999162174568281;0.9999639400726291;1.0;0.9997527696473165;0.9999963026793991;1.0002225589648164;0.9999272055153273;1.0;0.9999856426010215;0.9992640049642334;0.999433709743827;1.0;0.9996655038090735;0.9999459038221175;0.9989411256286209;0.9987307996486094;0.9997156430886249;1.0;0.9999841278636901;1.000190231765068;0.9999545705492403;0.9999426671250073;0.9999090318427301;0.9999962974350661;1.024999976158142;
2016-12-23 15:15:00;1.0;0.999988161535828;0.9999213294088877;0.999981664203851;0.9999811515559056;0.9999792952923235;1.0;0.9998511987897861;0.9999220403285367;0.9999940715925352;0.999945013118241;1.0;0.9999887089736335;1.0;0.9997172714003769;0.999720709214317;0.9997267203083164;1.0;0.9999999999999999;0.9999162422625566;0.9999508299170086;1.0;0.999724813859635;0.9999956872292086;1.0002188114759711;0.9999170499689879;1.0;0.9999873997029871;0.9993742302127447;0.9994936517681243;1.0;0.999681385802088;0.9999512402934172;0.998979830054632;0.9987627450485753;0.9997369678040848;1.0;0.999963486168153;1.000186865727635;0.9999591562858959;0.9999285783063314;0.9999127412750447;0.999992990577038;1.024999976158142;
2016-12-23 15:30:00;1.0;0.9999859202602946;0.9999091661371333;0.9999790014151398;0.999975259675674;0.9999736966083671;0.9999999999999999;0.9998559627138053;0.9999010418822144;0.999992612817392;0.9999396926264951;1.0;0.9999932232650958;0.9999999999999999;0.9997387259754503;0.9997428094568954;0.9997482413270492;0.9999999999999999;1.0;0.999905790417607;0.9999585145036853;1.0;0.9997466573647772;0.9999962917142184;1.000221253383409;0.9999189734125488;1.0;0.9999840423815975;0.9994027419589557;0.9995106618987087;1.0;0.999686109466047;0.9999379135170557;0.9990102975937425;0.9987950174646615;0.999730697014463;1.0;0.9999384629888285;1.0001890721834705;0.9999478231504909;0.9999351655959984;0.9998978888893159;0.9999953104957324;1.024999976158142;
2016-12-23 15:45:00;1.0;0.9999826674240311;0.9999156582088573;0.999983757886599;0.9999732953050452;0.9999754739008775;1.0;0.9999104397184843;0.9998968772493794;0.9999926780766535;0.9999508330986161;0.9999999999999999;0.9999942336185457;0.9999999999999999;0.9998546758231012;0.9998596979898531;0.9998622762883348;1.0;1.0;0.999911911669651;0.9999659061200582;1.0;0.9998614731189005;0.9999984086916648;1.000213053011953;0.9999331932306045;1.0;0.9999850475154461;0.9994015111261263;0.9995140491478826;1.0;0.9997139785306448;0.9999340881814114;0.9991110036207399;0.9989007003529464;0.9997458662829068;1.0;0.999938081881181;1.0001830448722768;0.9999443994785239;0.9999466282401636;0.9999028443011357;0.999995640120075;1.024999976158142;
2016-12-23 16:00:00;1.0;0.9999833196060446;0.999931371532066;0.9999855112116253;0.9999804558590681;0.9999811777724512;1.0;0.9999007604390432;0.9999239710533733;0.9999939907547284;0.9999559993288099;1.0;0.9999940895943988;1.0;0.9998198782849905;0.9998247191767007;0.9998284818811756;1.0;1.0;0.999929375386352;0.9999692212828906;1.0;0.9998273675606131;0.9999975579781157;1.0002111698771887;0.9999407101451266;1.0;0.9999884375572264;0.9993914695509665;0.9994911098382114;0.9999999999999999;0.999701375048011;0.9999504482650319;0.9990745257368927;0.998839085413861;0.9997328965927077;1.0;0.9999400504795427;1.000180969967972;0.9999582159114722;0.999952243815345;0.9999231884180295;0.9999956044021995;1.024999976158142;
2016-12-23 16:15:00;1.0;0.9999800682658514;0.9998981605889425;0.9999760814880672;0.9999725891710026;0.9999708873227263;1.0;0.9998322149640415;0.9998914333552323;0.9999912722878179;0.9999311589810285;1.0;0.9999931270150626;0.9999999999999999;0.9996902615233961;0.9996960464203164;0.9997027093051934;1.0;1.0;0.9998960215293381;0.9999560807219945;1.0;0.9997008297616872;0.9999955653394096;1.0002161586119347;0.9999107835243785;1.0;0.9999821847064803;0.999420084235406;0.9995274133827972;1.0;0.9997312839223259;0.9999305440595186;0.9991575312784906;0.9989489688656503;0.999765777512062;1.0;0.9999853029627558;1.0001840753369826;0.9999415518393572;0.9999299432627413;0.9998867905744403;0.9999948511779719;1.024999976158142;
2016-12-23 16:30:00;0.9999999999999999;0.9999813668693827;0.9999247111761701;0.9999867731323044;0.9999752691564641;0.9999786942757991;1.0;0.9999315148925252;0.9999057155153639;0.9999932148433857;0.9999580413719642;1.0;0.999993929220224;1.0;0.9998936532524209;0.9998990542509838;0.999900779320342;1.0;1.0;0.9999210836309981;0.9999690046192581;1.0;0.9999001887397385;0.9999990301094113;1.0002063409215565;0.9999413797416598;0.9999999999999999;0.9999869066817496;0.999412100486474;0.9995231455201592;1.0;0.9997219827792861;0.9999388236537766;0.9991410243669987;0.9989335760354554;0.9997491189557782;1.0;0.999988097384914;1.0001775656272924;0.9999483170207738;0.9999523510221641;0.9999129498933005;0.9999953828981891;1.024999976158142;
2016-12-23 16:45:00;1.0;0.9999789811859947;0.9999226335014818;0.9999871743876417;0.9999746425263766;0.9999789460036222;1.0;0.999931416641637;0.9999035492788749;0.9999929519614271;0.999957487193843;1.0;0.9999918283328914;1.0;0.999892635719882;0.9998987236760464;0.9999004254166932;1.0;1.0;0.9999181399263681;0.9999644519425479;1.0;0.999899773305289;0.9999990334460075;1.000206023668017;0.9999372192243309;1.0;0.9999869577213361;0.9994120345532813;0.9995372648663617;1.0;0.9997409160088016;0.9999368654586133;0.9992009583472778;0.9990142542540041;0.9997652230302149;1.0;0.9999845090018252;1.000177299273344;0.9999466441708446;0.9999471976452957;0.9999105981791456;0.999994067377279;1.024999976158142;
2016-12-23 17:00:00;0.9999999999999999;0.9999783330823739;0.9999439687239542;0.9999917148905595;0.9999820628871517;0.9999865687743582;1.0;0.9999474012762796;0.9999330151009606;0.9999944744191607;0.9999691373382005;1.0;0.9999912584747728;1.0;0.9999099855758121;0.9999162710883366;0.9999178899683572;1.0;0.9999999999999999;0.999940735164657;0.9999698311576584;0.9999999999999999;0.9999172409398372;0.9999990879984421;1.0002027181831838;0.9999512676739363;1.0;0.9999914032991483;0.9993821905427379;0.9995058471269068;1.0;0.9997326751469638;0.9999540937294666;0.9991427958737644;0.998934386764029;0.9997800137790142;1.0;0.9999652950543138;1.0001744790349472;0.9999611113905963;0.9999570686751907;0.9999364031058442;0.9999937079106748;1.024999976158142;
2016-12-23 17:15:00;0.9999999999999999;0.9999871496657214;0.9999187066217884;0.9999859645958167;0.9999733495348434;0.9999765447839284;0.9999999999999999;0.999929714984387;0.9998960310098276;0.9999934740960733;0.9999557460150023;0.9999999999999999;0.9999918469029305;1.0;0.999897744020183;0.9999014750962822;0.9999027734945407;0.9999999999999999;1.0;0.9999120206211561;0.9999609250051621;1.0;0.9999021931467463;0.9999991247382136;1.0002058650694081;0.999932259375361;1.0;0.9999858366579663;0.9993907979635377;0.9995233439887714;1.0;0.9997585988027489;0.9999349229650217;0.9992412507875199;0.999051092735993;0.9997909055502008;1.0;0.9999769825611592;1.0001774590756514;0.9999451778179133;0.999942481940127;0.999904281959053;0.9999946404694033;1.024999976158142;
2016-12-23 17:30:00;1.0;0.9999828153065423;0.9998681249584463;0.9999777848187315;0.9999571177594283;0.9999622516053478;1.0;0.9998880518362389;0.9998309287798771;0.9999897441035117;0.9999291047143721;1.0;0.9999837625040923;1.0;0.9998396497208785;0.9998446435492373;0.9998464198446503;1.0;1.0;0.9998545282769522;0.9999286999500193;0.9999999999999999;0.999845438474587;0.9999986225241302;1.000218231126371;0.9998838414709408;1.0;0.9999771749349128;0.9994214335239074;0.9995507676780164;0.9999999999999999;0.9997691177304746;0.9998953926020229;0.9992897625647322;0.9991140213505743;0.9997894466216587;0.9999999999999999;0.9999892724926027;1.0001880067842832;0.9999119873323912;0.9998981320098813;0.999843711641735;0.9999899080350922;1.024999976158142;
2016-12-23 17:45:00;1.0;0.9999845504938755;0.9999016801778288;0.9999858744472125;0.9999714091120987;0.9999768405174349;1.0;0.9998957895653328;0.9998839809587482;0.9999928220573623;0.9999464365661802;1.0;0.9999737756893643;1.0;0.9998254814874155;0.9998299759439992;0.9998323496840819;1.0;1.0;0.9998849073241668;0.9999151746626793;1.0;0.9998308430237464;0.9999978305220981;1.0002254603869962;0.9998868434316005;1.0;0.9999856169024952;0.9994156811772392;0.9995388825086398;1.0;0.999749837541462;0.9999276934661425;0.9992412057691105;0.9990537145320326;0.9997646550126306;1.0;0.9999793644182158;1.0001942398812491;0.9999393256070961;0.9998891626563301;0.9998842653426836;0.9999845537983824;1.024999976158142;
2016-12-23 18:00:00;1.0;0.9999760241506315;0.9998968754228187;0.9999851333112316;0.9999691851863287;0.9999757310426827;1.0;0.9998943779575001;0.9998782203879432;0.9999915531178518;0.9999436510730348;1.0;0.9999755155983944;1.0;0.9998212246057344;0.9998281937826777;0.9998308615558016;0.9999999999999999;0.9999999999999999;0.9998826704308613;0.9999202629017463;1.0;0.9998293770819048;0.9999978839921746;1.0002252481278742;0.9998893859985077;1.0;0.9999847016743478;0.9993894060179772;0.9994969620763422;1.0;0.99973587129547;0.9999216012014105;0.9991593165530575;0.9989310007164286;0.9997783126249594;1.0;0.9999860969268064;1.000193763028738;0.9999340032038206;0.9998940611967756;0.999880029439505;0.9999849162436792;1.024999976158142;
2016-12-23 18:15:00;1.0;0.9999674979514823;0.9998960130371409;0.9999856203944646;0.9999681352469455;0.9999761690523115;1.0;0.9998992177048862;0.9998771166384363;0.999990614649276;0.999943662407987;1.0;0.9999765511553244;1.0;0.9998274749799515;0.9998369189560161;0.9998396477653212;1.0;1.0;0.999884095406058;0.9999251370971856;1.0;0.9998382194347853;0.9999980778477762;1.000220610094342;0.9998939365650992;1.0;0.9999846963725487;0.9994998027807472;0.9995684766895627;1.0;0.9997270973944121;0.9999182597619956;0.9991275577491388;0.998911812218946;0.9997735765682383;1.0;0.9999916544037751;1.0001895656675162;0.9999309916436249;0.9998996266716672;0.9998802498020354;0.9999848925837114;1.024999976158142;
2016-12-23 18:30:00;0.9999999999999999;0.9999476211541156;0.9998690728041417;0.9999809934788922;0.9999568812124405;0.999967763588144;1.0;0.9998921289063528;0.9998400310959266;0.9999863079741605;0.9999298262172759;1.0;0.999980838033349;1.0;0.9998222896761007;0.9998374745643906;0.9998404911304627;1.0;1.0;0.9998618181519435;0.9999330735052308;0.9999999999999999;0.999839224510453;0.9999984871144607;1.0002232440313492;0.9998903111494003;1.0;0.9999790480855298;0.9995066040904519;0.9995694829544544;1.0;0.9997358936590285;0.99989002131016;0.9991587377635704;0.9989382234500441;0.9997787708073392;1.0;0.999990479290912;1.000191286191605;0.9999067722284422;0.999904104418812;0.9998508559017958;0.9999858709769271;1.024999976158142;
2016-12-23 18:45:00;0.9999999999999999;0.9999479839861728;0.9999096070430045;0.9999875662886333;0.9999711275370247;0.9999806936502595;1.0;0.9999119504992611;0.9998968750968119;0.9999893029370976;0.9999494177300512;0.9999999999999999;0.9999850089551363;1.0;0.9998351550979548;0.9998502417496089;0.9998537657100313;1.0;1.0;0.9999079216791216;0.9999542409487056;1.0;0.9998525203703755;0.9999982622941593;1.0002063322504366;0.9999243764804369;1.0;0.9999868180910654;0.9995244400777427;0.9995919010026658;1.0;0.9997549128110659;0.9999236670852271;0.9992133615922821;0.9990099090065832;0.9997986200969282;1.0;0.9999916544037751;1.0001764308331895;0.9999350205391178;0.9999341775187055;0.9999007244976891;0.9999881804921276;1.024999976158142;
2016-12-23 19:00:00;1.0;0.9999500852243142;0.9998860981781519;0.9999825121612559;0.9999627424165355;0.9999718821448661;1.0;0.9998974170610433;0.9998633512077142;0.9999876132112075;0.9999370092406528;1.0;0.9999859646314637;0.9999999999999999;0.9998238669712487;0.999838368735668;0.9998417594268885;1.0;1.0;0.9998827483307434;0.9999487126517115;1.0;0.999840575223909;0.9999983418569337;1.0002149355767525;0.999909380013801;1.0;0.9999816561527854;0.9995247519333682;0.9995796538240606;0.9999999999999999;0.9997456420306103;0.9999044453979465;0.9991906026946124;0.9989692436195244;0.9997863637358009;1.0;0.9999892724926027;1.0001839200856777;0.9999188946063268;0.9999237969343097;0.9998718867720991;0.9999888439005776;1.024999976158142;
2016-12-23 19:15:00;1.0;0.9999742178103331;0.999905728618331;0.9999843266029669;0.9999700980097092;0.9999751118820152;1.0;0.9999080690573482;0.9998855213550595;0.9999914254325454;0.9999472547790518;0.9999999999999999;0.9999877905705608;0.9999999999999999;0.9998489446959455;0.9998564389624983;0.9998589838616876;1.0;1.0;0.9998993391279228;0.9999512608807574;1.0;0.9998579872246485;0.9999984220993439;1.0002055806564376;0.9999183783020628;1.0;0.9999844581790616;0.999540237808607;0.9996044132266769;1.0;0.999764095850473;0.9999249374949534;0.9992502090616681;0.9990519933837287;0.9998012059781762;0.9999999999999999;0.9999908604325448;1.0001765602612973;0.9999365995613451;0.9999294508813984;0.9998915423591065;0.9999915184533676;1.024999976158142;
2016-12-23 19:30:00;1.0;0.9999777567393973;0.9999109831440245;0.9999841409140476;0.9999724237258049;0.9999760316085705;1.0;0.9999035909585671;0.9998936670638356;0.999992107333607;0.9999485356588026;1.0;0.9999895448078976;1.0;0.9998376533745584;0.9998441136092439;0.9998470235813334;1.0;1.0;0.9999055057611383;0.9999553775085154;1.0;0.9998459834802187;0.999998140031965;1.0002000251856134;0.9999228711098311;1.0;0.9999851520875234;0.9995632499680445;0.9996138751500673;1.0;0.9997784292192805;0.9999308443813892;0.9992841944727172;0.9990793356872555;0.9998210703072606;0.9999999999999999;0.9999900664615023;1.0001716439285997;0.9999416370518969;0.9999344112886733;0.9998979631065171;0.9999927268881781;1.024999976158142;
2016-12-23 19:45:00;1.0;0.9999610632521212;0.999890505950768;0.9999800487912286;0.9999667068182712;0.9999717418004035;1.0;0.9998697486343283;0.9998747522948045;0.9999890058963296;0.9999343674291553;1.0;0.999988032353782;1.0;0.9997661951985043;0.9997774894173239;0.9997822899960499;1.0;1.0;0.9998874422163504;0.9999500087374654;1.0;0.9997807764040086;0.9999971556160038;1.000208798390569;0.9999084121753394;1.0;0.9999819825145628;0.9996246588510148;0.9996259583877966;0.9999999999999999;0.9997382668954787;0.9999147097591443;0.9991453531381737;0.9989069459931715;0.9997949272392984;1.0;0.9999908604325449;1.0001782077908616;0.9999278034839787;0.9999243767247721;0.9998775454782609;0.9999907431711694;1.024999976158142;
2016-12-23 20:00:00;1.0;0.9999735679483398;0.9999014338994727;0.999982210399836;0.9999696448686418;0.9999735516327395;1.0;0.9998905303898604;0.999883436714285;0.9999909871398709;0.9999424611132568;1.0;0.9999887393769569;1.0;0.9998128642222506;0.9998205491510109;0.9998240247098114;0.9999999999999999;0.9999999999999999;0.9998960708825727;0.9999516534072789;1.0;0.9998228270161276;0.9999978165026299;1.0001995337341056;0.9999152162785995;1.0;0.9999835007737359;0.9996635773128402;0.9996750998968706;1.0;0.99978335876748;0.9999235723085467;0.9992993192001107;0.9991001361920715;0.9998256179338519;1.0;0.9999908604325449;1.0001709265767547;0.999935464992493;0.999928435229339;0.9998875885951106;0.9999919928644599;1.024999976158142;
2016-12-23 20:15:00;1.0;0.9999769625007103;0.9999254995501734;0.9999877152069383;0.9999769582153956;0.999981221318491;1.0;0.9999206684848834;0.9999120981347113;0.9999931331032031;0.9999574470784488;1.0;0.9999891592877254;1.0;0.9998632847046062;0.9998699773016544;0.9998724710072621;1.0;1.0;0.9999206957337623;0.9999594115731357;1.0;0.9998715265966808;0.9999984385137406;1.0001924526574084;0.999933418038589;1.0;0.9999881914542746;0.9996411918535707;0.9996503974663711;1.0;0.9997720773208325;0.9999414610219415;0.9992372651514047;0.9990199846123194;0.9998339166187331;1.0;0.999990479290912;1.0001652619997632;0.9999505279263394;0.9999418243164087;0.9999151338075043;0.9999924601194999;1.024999976158142;
2016-12-23 20:30:00;1.0;0.9999815149609879;0.9999007792442818;0.9999822015112103;0.9999683671660126;0.9999718055343889;0.9999999999999999;0.9999030896349518;0.9998768925106638;0.9999916802947416;0.9999441324742295;1.0;0.9999899607855539;1.0;0.9998478963121409;0.9998532687381149;0.9998556479289928;1.0;1.0;0.9998936750347701;0.9999523781706062;1.0;0.9998547441523813;0.9999984351921803;1.0001946257751786;0.9999163308051406;1.0;0.9999827986076599;0.9996465411758259;0.9996630989299033;1.0;0.9997992026698287;0.9999220268581691;0.9993188037114333;0.9991150011455927;0.999859880095538;1.0;0.999990479290912;1.0001672316096828;0.9999342837923294;0.9999294438083693;0.9998845040321579;0.9999932146989149;1.024999976158142;
2016-12-23 20:45:00;1.0;0.9999836098129679;0.9999265068537215;0.9999875101010488;0.9999770076152948;0.9999803480314823;1.0;0.9999252724421203;0.9999107180796006;0.9999938014008629;0.9999585804680289;1.0;0.9999901577947636;1.0;0.9998778950580435;0.9998826568017442;0.9998846513984679;1.0;0.9999999999999999;0.9999206343084622;0.9999601133480568;1.0;0.9998838449565757;0.9999986656540724;1.0001910795573543;0.9999343820729373;1.0;0.9999879216028716;0.9996151557208808;0.9996498026734328;1.0;0.9997875988820776;0.9999426322942035;0.9992955132723831;0.9990994906880528;0.9998409090967557;1.0;0.9999900664615025;1.0001643683439811;0.9999516278430489;0.999942749903143;0.9999149305996061;0.9999934685702574;1.024999976158142;
2016-12-23 21:00:00;1.0;0.99998433230763;0.9999133770663633;0.999985006086134;0.9999717478732723;0.9999752501538964;1.0;0.9999232346890861;0.9998902724787323;0.9999928005366882;0.9999525024131575;1.0;0.9999912362232122;1.0;0.9998853346775712;0.9998898865056163;0.9998914688489677;0.9999999999999999;1.0;0.9999067351451376;0.9999586592932777;1.0;0.9998908046177617;0.9999989726542562;1.0001940485877303;0.9999279539359321;1.0;0.9999849447758256;0.9996275572523325;0.9996449444768559;1.0;0.9997798422642972;0.9999306868317629;0.999260589391922;0.9990465553132186;0.9998413579585177;1.0;0.9999904792909119;1.0001670823193705;0.9999415737124012;0.9999389898431357;0.999898508127417;0.9999941097931278;1.024999976158142;
2016-12-23 21:15:00;1.0;0.9999825251047754;0.9999146634141003;0.9999856040348023;0.9999717024130859;0.9999757495648183;1.0;0.9999288624211177;0.9998909618135846;0.9999927163716886;0.9999538102630192;1.0;0.999991716797649;1.0;0.9998959700401936;0.9999010435799058;0.9999024256906203;0.9999999999999999;1.0;0.9999086104823106;0.9999609044125358;1.0;0.9999018375155988;0.9999991709035375;1.0001882351852833;0.9999309186948573;1.0;0.9999852040425836;0.9996405469319808;0.9996743516905743;1.0;0.9998066717285384;0.9999304951499626;0.9993433680826351;0.999161595523079;0.9998656054783627;1.0;0.999990479290912;1.0001620965412605;0.9999413577241449;0.9999419112504966;0.9999000938782588;0.9999942485259243;1.024999976158142;
2016-12-23 21:30:00;1.0;0.9999882344264107;0.9999235016209799;0.9999869967509131;0.9999758555568601;0.9999788401129391;1.0;0.9999266008062883;0.9999048179539197;0.999994050512307;0.9999577202441279;1.0;0.9999896170699928;0.9999999999999999;0.9998863849267413;0.9998898042417027;0.9998913889810673;0.9999999999999999;1.0;0.999915885664261;0.9999567336687066;0.9999999999999999;0.9998906493659023;0.9999988241046992;1.0001899930052827;0.9999304355307718;1.0;0.999987185902317;0.9996518465915605;0.9996760036819614;0.9999999999999999;0.9997944402208546;0.9999405600143692;0.9993128860041203;0.9991245434076156;0.9998496410468825;0.9999999999999999;0.9999908604325449;1.0001636764541262;0.9999499801805327;0.9999385682010795;0.9999101605027687;0.9999934928755244;1.024999976158142;
2016-12-23 21:45:00;1.0;0.9999837544955754;0.9999115619347936;0.9999850591023115;0.9999709886933914;0.9999749398712651;1.0;0.9999241876494256;0.999887382875462;0.9999926875798226;0.9999520082933594;1.0;0.9999905406082258;1.0;0.9998883532503531;0.9998930737003746;0.9998945334487671;0.9999999999999999;1.0;0.9999044396502027;0.9999568698801402;1.0;0.9998938774948845;0.9999990490852317;1.0001919155700845;0.9999260375026333;1.0;0.9999847628380468;0.9996370929592199;0.9996666894447929;1.0;0.9997966073754054;0.9999288093732339;0.9993243817176098;0.9991347647848335;0.9998483485214203;1.0;0.9999896853204289;1.00016529118398;0.9999399872227156;0.9999368483318426;0.9998961984729119;0.9999936882196462;1.024999976158142;
2016-12-23 22:00:00;1.0;0.9999820919361557;0.9999139850657691;0.9999854873863818;0.9999718597271782;0.9999758956136949;1.0;0.9999248615156953;0.9998913421886833;0.9999926690677701;0.999953049755617;1.0;0.9999908008620756;1.0;0.9998867799129902;0.999891980682183;0.9998935748942799;1.0;0.9999999999999999;0.9999076060967882;0.9999586151888451;0.9999999999999999;0.9998929005627781;0.9999990027482718;1.0001909636070434;0.9999284885283547;0.9999999999999999;0.9999852565225231;0.9996450620189807;0.9996728892258938;1.0;0.9997951476745567;0.9999306370663252;0.9993154495917489;0.9991281562233935;0.9998500081878576;1.0;0.9999912732606052;1.0001643809991936;0.9999414878922861;0.9999391789902426;0.9998995298372009;0.9999937162013651;1.024999976158142;
2016-12-23 22:15:00;1.0;0.9999833913978752;0.9999204905392809;0.9999867691909283;0.9999736772290665;0.9999776245430939;1.0;0.999933833004306;0.9998985855463158;0.9999932308152057;0.999957075588867;1.0;0.9999917875199658;0.9999999999999999;0.9999029215844664;0.9999077406150491;0.999909022743775;1.0;1.0;0.9999146386119012;0.9999625586470555;1.0;0.9999084592535112;0.9999992231892345;1.00018785757498;0.9999348975433334;1.0;0.9999863402203061;0.9996328929236622;0.9996557716778808;1.0;0.999786202291669;0.9999352600188891;0.99926513063322;0.9990622579066157;0.999857319976939;0.9999999999999999;0.9999896853204289;1.0001618269820796;0.9999453761442594;0.9999448107932802;0.9999069191381588;0.999994348099724;1.024999976158142;
2016-12-23 22:30:00;1.0;0.9999857764608191;0.9999426167312362;0.999990449591978;0.9999814529148822;0.9999844845429464;1.0;0.9999467845755536;0.9999288613611644;0.9999950050288335;0.9999682491279379;1.0;0.9999933832674136;0.9999999999999999;0.999915820267524;0.9999199490624133;0.9999212790035873;0.9999999999999999;1.0;0.9999387747229372;0.9999719391402954;1.0;0.9999207522373689;0.9999991855931566;1.0001832037335932;0.9999518191096453;1.0;0.9999904665000204;0.9996464587085874;0.9996528479932852;0.9999999999999999;0.9997761696470068;0.9999538600466332;0.9992476113473281;0.9990291792505869;0.9998391491854708;1.0;0.999990860432545;1.0001578021476787;0.9999610428610877;0.9999588894514788;0.9999335534954401;0.9999953875518282;1.024999976158142;
2016-12-23 22:45:00;1.0;0.999984837488072;0.9999465555614183;0.9999914461952466;0.9999828790713168;0.999986137420947;1.0;0.9999496162027854;0.9999346604720646;0.9999952221599028;0.9999704434586385;1.0;0.9999928135955989;0.9999999999999999;0.9999179708442107;0.9999223732142373;0.9999237203777208;1.0;0.9999999999999999;0.9999428723345767;0.9999721242557212;1.0;0.9999231721126616;0.9999991760149008;1.0001817656457384;0.9999538244710828;1.0;0.999991392724912;0.9996513919347396;0.9996632351044201;0.9999999999999999;0.999788206692658;0.999957015781875;0.9992911716801818;0.999083920528839;0.999845683438849;1.0;0.9999900664615025;1.0001565463161264;0.9999636817331256;0.9999598594841664;0.999938440236008;0.9999950099661898;1.024999976158142;
2016-12-23 23:00:00;1.0;0.9999857773023936;0.9999325191979012;0.999988617663996;0.9999780624250824;0.9999812663912212;1.0;0.9999392603713635;0.9999152540222098;0.9999943169749876;0.9999629349646136;1.0;0.9999925910769054;1.0;0.9999070108525584;0.9999111428683907;0.9999125000708683;1.0;1.0;0.9999275446267525;0.9999671213093391;1.0;0.9999119373583304;0.9999991410056386;1.000180353142601;0.9999434432164933;1.0;0.9999885733219951;0.9996711899829734;0.9996905592300104;0.9999999999999999;0.9998131532158762;0.9999458421701182;0.9993655169243875;0.9991814658550418;0.9998699929005171;1.0;0.9999920672329303;1.0001553374826309;0.9999543155750871;0.999951790257971;0.9999213087597786;0.9999949525998905;1.024999976158142;
2016-12-23 23:15:00;0.9999999999999999;0.9999860657885674;0.9999478157614877;0.9999915309865454;0.9999828792236248;0.9999859572472184;1.0;0.9999541641078834;0.9999347594257834;0.9999953636125721;0.9999714852289587;1.0;0.9999941334378906;1.0;0.9999286271301802;0.9999326732991514;0.9999337741622151;1.0;1.0;0.9999445366480549;0.9999752515232688;1.0;0.9999333324326458;0.9999993645816584;1.0001741122766536;0.9999571307181288;1.0;0.9999913491850576;0.9996843364800914;0.9997098439852484;0.9999999999999999;0.9998251733339398;0.999957388129696;0.9994156276455157;0.9992493363848859;0.9998720413110983;1.0;0.9999888913511111;1.0001500216138175;0.9999639949353487;0.9999635869895843;0.9999395845441537;0.9999958183819375;1.024999976158142;
2016-12-23 23:30:00;1.0;0.9999883070584329;0.9999460251873362;0.9999909440330099;0.9999820209723975;0.9999847391321849;1.0;0.9999550954503685;0.9999309978037331;0.999995393141261;0.9999707613417725;1.0;0.9999950137201976;1.0;0.9999341720997488;0.9999375725717149;0.999938469656315;0.9999999999999999;1.0;0.999942519749738;0.9999760986688094;1.0;0.9999381035218209;0.9999994838575414;1.0001739844610293;0.9999570480356769;1.0;0.9999907172613643;0.9996970307861474;0.9997236628586051;1.0;0.9998312815207623;0.9999558106163345;0.9994512615614652;0.999295077317703;0.9998661792119906;1.0;0.9999912732606052;1.0001500121791882;0.9999626989652721;0.999964192201214;0.9999369288168277;0.9999964550417461;1.024999976158142;
2016-12-23 23:45:00;0.9999999999999999;0.9999833204882754;0.9999444708400891;0.9999906847801011;0.9999823481281436;0.9999854613523577;0.9999999999999999;0.9999442336942329;0.9999329735067497;0.9999948999802014;0.9999685614414062;1.0;0.9999934622133801;1.0;0.9999068130379826;0.9999116575962674;0.9999133227374207;1.0;1.0;0.9999415381465068;0.9999732456307914;1.0;0.9999127227830071;0.9999990127594252;1.0001780807210963;0.9999534378320801;1.0;0.9999909532739438;0.999677367502696;0.9997034493723678;1.0;0.9998142568471206;0.9999555577032986;0.9993868956570218;0.9992174461324435;0.9998588184929479;1.0;0.9999900664615023;1.0001531961779022;0.9999624270644867;0.9999605455615307;0.999936528239742;0.9999952598448016;1.024999976158142;
2016-12-24 00:00:00;1.0;0.9999875845565881;0.9999667594323214;0.9999954673487933;0.9999899719334803;0.9999928657379836;1.0;0.999964521571506;0.9999618270001767;0.9999969778352527;0.9999814818623942;0.9999999999999999;0.999992466065466;1.0;0.9999362576352564;0.9999398680761064;0.9999410124046737;1.0;1.0;0.9999635877359289;0.9999765923440929;1.0;0.9999404925360291;0.9999992431417568;1.0001710212782795;0.9999663783358265;1.0;0.9999954262149635;0.999668238991174;0.9996872336438885;0.9999999999999999;0.9998175865840295;0.9999739264649756;0.9993781937049057;0.999191428533302;0.9998746824463145;1.0;0.9999908604325449;1.000147391322365;0.9999779521110355;0.9999684256489768;0.9999622911047413;0.9999950086445669;1.024999976158142;
2016-12-24 00:15:00;1.0;0.9999900396708081;0.9999662882288992;0.9999954158763932;0.9999905356820608;0.9999931244252276;1.0;0.9999588759093746;0.9999626089286376;0.9999973274907166;0.9999808274313131;1.0;0.9999904212346202;1.0;0.9999247112490459;0.999927602589012;0.9999289157658006;1.0;1.0;0.9999615604886044;0.9999709011444834;0.9999999999999999;0.9999282679371707;0.9999989971057125;1.0001768696777564;0.9999610288547881;1.0;0.9999956505704788;0.9996446741209607;0.9996551786008304;1.0;0.9997934616551831;0.9999752434118903;0.9992989038853863;0.9990849087620242;0.9998561983300804;1.0;0.999989685320429;1.0001524642001691;0.999979148811605;0.9999619187652354;0.9999614736402702;0.9999940597193273;1.024999976158142;
2016-12-24 00:30:00;1.0;0.9999895338623915;0.9999694725085293;0.9999959002163498;0.9999913889095243;0.9999939235081259;1.0;0.999962635259643;0.9999664420022837;0.9999974373860584;0.9999825646116002;1.0;0.9999914624656846;1.0;0.9999306122776179;0.9999336499229965;0.9999349107746729;1.0;1.0;0.9999656113595081;0.999974387615288;0.9999999999999999;0.9999343164489849;0.9999990813656836;1.0001706410070301;0.999965372066786;1.0;0.9999961052905431;0.9996841758285739;0.9997053039176026;1.0;0.999826826808635;0.9999773113714776;0.9994275308496943;0.9992545995783516;0.9998689359781079;0.9999999999999999;0.999990479290912;1.0001470697385155;0.9999808595287994;0.999966347100386;0.9999653956749468;0.9999945954546781;1.024999976158142;
2016-12-24 00:45:00;0.9999999999999999;0.9999893900619431;0.9999677192328336;0.9999951476274827;0.999990366313051;0.9999926465560834;1.0;0.9999635378912843;0.9999629991000313;0.9999971570534311;0.999981587760801;1.0;0.9999934484175635;0.9999999999999999;0.9999348997979484;0.9999379820470102;0.9999391685752586;1.0;1.0;0.9999648301347339;0.9999784369098541;1.0;0.9999386666158749;0.9999992029402169;1.0001719072541753;0.9999679366512173;1.0;0.9999953579592359;0.9996731373168489;0.9997024836554339;1.0;0.9998182841342199;0.9999751543279465;0.9993999718296405;0.9992325610941016;0.9998620141715137;0.9999999999999999;0.9999896853204288;1.0001481528366465;0.9999790135018939;0.9999704615509577;0.9999633199535396;0.9999956732079035;1.024999976158142;
2016-12-24 01:00:00;1.0;0.9999911979092473;0.9999781274097063;0.9999965047726295;0.9999932590504373;0.9999948300391732;1.0;0.9999755937846415;0.9999748658679135;0.9999978476290781;0.9999873093050765;1.0;0.9999967925774269;1.0;0.9999559894320075;0.9999585533727039;0.9999594358632894;1.0;1.0;0.9999772503421323;0.9999886592546688;0.9999999999999999;0.9999591271607923;0.9999994857442001;1.0001637189282235;0.9999809542490405;1.0;0.9999967040104906;0.9996812272968476;0.9996906759883257;1.0;0.9998220444719083;0.9999825891884092;0.9993742031960396;0.9991809577733084;0.9998907761843664;1.0;0.9999912732606053;1.0001411566046137;0.9999852458273616;0.9999835604522204;0.9999755259824241;0.9999976297055144;1.024999976158142;
2016-12-24 01:15:00;1.0;0.9999914120411518;0.9999851449856785;0.9999974511902958;0.9999957284159672;0.9999968659631523;1.0;0.9999787766621656;0.9999847133491645;0.9999982993947949;0.9999905725507408;1.0;0.9999978865128925;0.9999999999999999;0.9999578414278644;0.9999603319387113;0.9999613223850049;1.0;1.0;0.999985383949513;0.9999930168478502;0.9999999999999999;0.9999610250512181;0.9999994401638568;1.0001610399557248;0.9999873047158706;0.9999999999999999;0.9999978987827577;0.9996771898516332;0.9997028986470424;0.9999999999999999;0.9998226139516847;0.9999884578994751;0.9993822684083346;0.9992111604984677;0.9998870072269361;0.9999999999999999;0.9999892724926028;1.0001387779365971;0.9999901750691732;0.9999894767788233;0.9999841886967272;0.9999982468168741;1.024999976158142;
2016-12-24 01:30:00;0.9999999999999999;0.9999900396708081;0.999986203720692;0.9999980074313168;0.9999958638569575;0.9999974372062356;1.0;0.9999824748797244;0.9999857514277533;0.9999982405404081;0.999991609749924;1.0;0.9999976625164035;1.0;0.9999642439460179;0.999967135400295;0.9999680009365571;1.0;0.9999999999999999;0.9999865821223859;0.9999933777752492;1.0;0.9999677328960753;0.9999995519315215;1.0001586401736164;0.9999884701747681;1.0;0.9999981814912566;0.9997253332282264;0.9997575334072045;1.0;0.999852306129186;0.999988636030176;0.9995250368225559;0.9993952146346292;0.9998791478301082;1.0;0.9999908604325449;1.000136732127006;0.999990291078917;0.999990231376863;0.9999854965234056;0.9999980283140303;1.024999976158142;
2016-12-24 01:45:00;1.0;0.9999904002043413;0.9999825572353046;0.9999970539601163;0.999995042719901;0.99999636060906;1.0;0.9999749544310846;0.9999820612175052;0.999998070201698;0.9999889793541299;1.0;0.9999972126855373;1.0;0.9999504175160752;0.999953200653866;0.9999543435892057;1.0;1.0;0.9999825528553019;0.9999909581537098;1.0;0.9999539865112302;0.9999993349734554;1.0001587961240652;0.999984397319498;1.0;0.9999975709692325;0.9997240252202482;0.9997619507765109;1.0;0.9998536681203618;0.9999866132826261;0.9995268918969569;0.9994048474550626;0.999881975501202;1.0;0.9999900664615023;1.0001367738396736;0.9999886172491772;0.9999867222345142;0.9999813281404082;0.9999978076516339;1.024999976158142;
2016-12-24 02:00:00;1.0;0.9999915592919127;0.9999856080220384;0.9999978186274511;0.9999956110246615;0.9999969940614322;1.0;0.999982803666655;0.9999843615481163;0.9999983378544833;0.9999914261825655;1.0;0.9999977880190543;1.0;0.9999665860103715;0.9999690449568789;0.9999698053376864;1.0;1.0;0.9999856387438223;0.9999930612302652;1.0;0.9999695629028252;0.9999995954532233;1.000156711766468;0.9999879360212991;0.9999999999999999;0.9999979759106467;0.9997325780478031;0.9997699246309152;1.0;0.9998563059645922;0.999988270781149;0.9995274058161558;0.9994098422320066;0.9998895310270458;1.0;0.9999892724926028;1.0001351295224015;0.9999900113643171;0.99998977234018;0.999984457127331;0.9999982003914633;1.024999976158142;
2016-12-24 02:15:00;1.0;0.9999888823027987;0.9999819296985953;0.9999973732789379;0.9999944679116757;0.9999963498279585;1.0;0.9999787867958961;0.999980399810868;0.999997880712865;0.9999893195288264;1.0;0.9999970253894251;1.0;0.9999584903602424;0.9999617125353;0.9999626602449831;1.0;1.0;0.9999819430034752;0.9999910055978299;1.0;0.9999623523417431;0.9999995010158256;1.000153463316071;0.9999847057424044;1.0;0.9999975146900107;0.9997439787150008;0.9998045210874121;0.9999999999999999;0.9998919445974601;0.9999851432486782;0.9996604630573224;0.9995849670771493;0.9999060987473656;1.0;0.9999912732606056;1.0001322164109665;0.9999873420931614;0.9999868854498731;0.9999805270466569;0.9999976001425;1.024999976158142;
2016-12-24 02:30:00;1.0;0.9999857020842418;0.999983166119562;0.9999979159217084;0.9999948550288156;0.9999972758500685;1.0;0.9999799073604017;0.9999828271521404;0.9999976703747577;0.9999900051421141;0.9999999999999999;0.9999966999560098;1.0;0.9999576394274977;0.9999617809005973;0.9999628396102254;1.0;1.0;0.9999838023750509;0.9999916145277197;1.0;0.9999625039216589;0.9999994874395703;1.0001543032975473;0.9999859815651557;1.0;0.9999979422614845;0.9997534521614461;0.9998148787545951;1.0;0.9998915466195032;0.9999856084953571;0.9996736624503562;0.9996059427796007;0.9998959394643038;1.0;0.9999904792909119;1.0001328511647793;0.9999876704201629;0.9999878726287875;0.9999825602374529;0.9999972022731276;1.024999976158142;
2016-12-24 02:45:00;1.0;0.9999914129285526;0.9999833924474957;0.9999967341961298;0.9999956196795724;0.9999963992583851;1.0;0.9999715284578561;0.9999839590714241;0.9999982017324829;0.9999887149631499;0.9999999999999999;0.9999977220312211;1.0;0.9999428623650951;0.9999453560839325;0.9999467078917367;0.9999999999999999;1.0;0.9999836776027566;0.9999918673084596;1.0;0.999946312013018;0.9999991815210743;1.0001538025439491;0.9999849802324207;1.0;0.999997626542635;0.9997503163208582;0.9998273839793221;1.0;0.9999095125380086;0.9999880563801977;0.9997424020008805;0.9996961534976344;0.9999031747978017;1.0;0.9999900664615025;1.000132379996497;0.9999898548591687;0.9999876475233278;0.9999824855812053;0.999998155885611;1.024999976158142;
2016-12-24 03:00:00;0.9999999999999999;0.9999907630584429;0.9999864429572883;0.9999981748854077;0.9999958852496864;0.9999974967316299;1.0;0.9999839525797447;0.9999856239782833;0.9999983425671182;0.9999920116431357;1.0;0.9999974140651627;1.0;0.9999677704556688;0.9999704551974863;0.9999712054733642;1.0;1.0;0.9999864711538928;0.9999927373901757;1.0;0.9999709550584576;0.9999996081600857;1.0001505953420604;0.9999881775024754;0.9999999999999999;0.9999982409348337;0.9997489024141368;0.9998286012146267;1.0;0.9999169507566612;0.9999887817152727;0.9997472156501109;0.9997035746655782;0.9999222310918552;0.9999999999999999;0.9999904792909119;1.0001298375325003;0.9999904279602141;0.9999896279519874;0.999985539059435;0.9999979414520075;1.024999976158142;
2016-12-24 03:15:00;1.0;0.9999906904232816;0.9999868444213917;0.9999982943555878;0.9999961085314557;0.9999977452023191;1.0;0.9999835931389365;0.9999864354036839;0.9999983851050588;0.9999921778761137;1.0;0.9999971348591529;1.0;0.9999664510021868;0.9999691547478936;0.9999699393473797;1.0;0.9999999999999999;0.9999867795972855;0.999992217603325;1.0;0.9999696701368477;0.9999995771342642;1.0001514310231543;0.999987897666727;1.0;0.9999983830361379;0.999748227192678;0.9998271113599938;1.0;0.9999106995490946;0.9999892523745767;0.999737296619773;0.9996922325977271;0.9999101955629813;1.0;0.9999912732606054;1.0001305510283618;0.9999908271993236;0.999989121469862;0.9999860576810846;0.9999977839595281;1.024999976158142;
2016-12-24 03:30:00;1.0;0.9999888816666744;0.9999855465301346;0.9999979880263908;0.9999955840539527;0.9999973731832548;1.0;0.9999823398444947;0.9999849933104802;0.9999980895533455;0.9999912964416057;1.0;0.9999976143536249;1.0;0.9999637009743441;0.999966919846672;0.9999678138129797;1.0;1.0;0.9999860983552841;0.999993431997943;1.0;0.9999675411997802;0.9999995577513986;1.0001516578934213;0.9999883281836344;1.0;0.9999981083566629;0.9997615915512129;0.9998403222774216;0.9999999999999999;0.9999153118192343;0.9999878338869805;0.9997632401454972;0.9997268225840642;0.9999064308983039;1.0;0.9999880973849139;1.0001306641126428;0.999989593725926;0.9999902141831015;0.9999848798510439;0.9999979237170179;1.024999976158142;
2016-12-24 03:45:00;1.0;0.9999909797540526;0.9999866380009457;0.9999976244907042;0.9999962600088108;0.9999973232461;1.0;0.9999791617925802;0.9999869920552964;0.999998334127741;0.9999911820248105;1.0;0.9999982333165285;1.0;0.9999572693802953;0.999959890419986;0.9999609458139626;1.0;0.9999999999999999;0.99998731229203;0.9999943324452311;1.0;0.9999606463376697;0.9999994156884237;1.000152226839026;0.9999889560178615;1.0;0.9999981472746051;0.9997679514744267;0.9998397346798826;1.0;0.9999095618246522;0.9999896639180252;0.9997475074867345;0.9997048107947059;0.9998998432966556;1.0;0.9999912732606052;1.0001311156476278;0.9999911765201966;0.9999911531598693;0.9999861573877772;0.9999984057076089;1.024999976158142;
2016-12-24 04:00:00;0.9999999999999999;0.999990546579514;0.9999869546398267;0.9999980765992484;0.9999960821726894;0.9999975435139522;1.0;0.9999833121549111;0.9999865330211765;0.9999983243277777;0.9999920241348912;1.0;0.9999979158566666;1.0;0.9999659477376522;0.9999686960862059;0.9999695264085303;1.0;1.0;0.9999874009353447;0.9999940296414568;1.0;0.9999692747153073;0.9999995735781422;1.000148651754957;0.9999893145002008;1.0;0.9999982603652103;0.9997678535185334;0.9998361591113807;0.9999999999999999;0.9999206013819429;0.9999892431534247;0.9997537677562397;0.9997051062794805;0.9999287396297364;1.0;0.9999896853204288;1.0001281113951253;0.9999908076129332;0.9999910726181516;0.9999863134390842;0.9999982013124272;1.024999976158142;
2016-12-24 04:15:00;1.0;0.9999877266341864;0.9999837705431587;0.9999979593686831;0.9999951849347941;0.9999973279564529;0.9999999999999999;0.999979877776527;0.9999834371186425;0.9999979288502124;0.9999903539340865;1.0;0.9999964068740541;1.0;0.9999583112181135;0.9999618706436458;0.9999628636644959;1.0;1.0;0.9999838338319668;0.9999905101837141;1.0;0.9999625261249496;0.9999994753073683;1.0001534940582646;0.999985214394196;1.0;0.99999803847845;0.9997637968162616;0.9998347156459099;1.0;0.9999052778228006;0.9999866023480515;0.9997265121843839;0.9996797852452424;0.9999012485992665;0.9999999999999999;0.9999916544037751;1.0001322170080824;0.9999885518445942;0.9999867221370465;0.9999829323563214;0.9999971806396264;1.024999976158142;
2016-12-24 04:30:00;1.0;0.9999885211814826;0.9999840178365806;0.9999977318593455;0.9999954641899886;0.9999972793371416;1.0;0.9999775275916181;0.9999842252120272;0.9999980207542554;0.9999900710078715;1.0;0.9999966066338832;0.9999999999999999;0.9999534283112106;0.9999567554153015;0.9999578698305559;1.0;1.0;0.9999841324010015;0.9999906764507676;1.0;0.9999575053182294;0.9999993787422534;1.0001531223424664;0.9999851338954234;0.9999999999999999;0.9999980388252651;0.9997671221430096;0.9998322518900223;0.9999999999999999;0.9998987999454807;0.9999873237586069;0.9997004100865151;0.9996471822128029;0.9998995449505048;1.0;0.9999888913511111;1.0001318576484262;0.9999891789491359;0.9999868140904119;0.9999832795152865;0.9999973455973672;1.024999976158142;
2016-12-24 04:45:00;1.0;0.999990908581121;0.9999883378176759;0.9999985731710206;0.999996431854312;0.9999980467901556;1.0;0.9999865457501728;0.9999878450030348;0.9999984686120726;0.9999931892955137;1.0;0.999997595976282;1.0;0.9999721866000587;0.9999748332644891;0.9999755032064546;1.0;1.0;0.9999885159351165;0.9999937199517811;1.0;0.9999752794950129;0.999999667216169;1.00015209803852;0.9999899207531304;1.0;0.9999985628575023;0.9997632209370112;0.999831659765169;1.0;0.9999051355251283;0.9999901237582153;0.9997251247181115;0.9996742777516469;0.999901769893207;0.9999999999999999;0.9999912732606053;1.0001311672508117;0.9999915527671485;0.999991089837493;0.9999877340305278;0.9999980502926632;1.024999976158142;
2016-12-24 05:00:00;1.0;0.9999917743100635;0.9999879727255724;0.9999983399202306;0.999996441568984;0.9999978270361624;1.0;0.9999847646983323;0.9999875535989873;0.9999985365374833;0.9999927722745175;1.0;0.9999976093750027;1.0;0.9999690906091281;0.9999714793718087;0.9999722038085778;1.0;1.0;0.9999879915016782;0.9999932993245266;1.0;0.9999719630903441;0.9999996085774853;1.0001490949569172;0.9999892089318908;1.0;0.9999984667235507;0.9997727699264712;0.9998378849930022;1.0;0.9999070934307827;0.9999902292143638;0.9997087639236788;0.999658711705309;0.9999187517017211;0.9999999999999999;0.9999900664615025;1.0001285634034665;0.9999916637980694;0.9999904794068969;0.99998723826609;0.9999981192258668;1.024999976158142;
2016-12-24 05:15:00;1.0;0.9999856276761209;0.9999833899306747;0.9999975026098974;0.9999950269103752;0.9999970701579645;1.0;0.99997740106412;0.9999836114380355;0.9999976264842578;0.9999895101108346;1.0;0.999997682001712;1.0;0.9999521630844413;0.9999563170432778;0.9999575599392383;1.0;1.0;0.9999847294600104;0.9999937711356601;1.0;0.9999572132083996;0.9999993906815065;1.000152753494201;0.9999874620971612;0.9999999999999999;0.9999978240171064;0.9997606702800929;0.9998330063466723;0.9999999999999999;0.999906054065012;0.9999860401505252;0.9997298620717315;0.9996832856077953;0.9999013128926263;1.0;0.9999884785248685;1.0001314171963154;0.9999880280300162;0.9999901105947899;0.9999831149100953;0.9999977374901334;1.024999976158142;
2016-12-24 05:30:00;1.0;0.9999893892173543;0.9999858092120812;0.9999977442750093;0.9999957646206193;0.9999972480611101;1.0;0.9999808403195753;0.9999855914536427;0.9999981228188114;0.9999910796555505;1.0;0.9999981305061669;1.0;0.9999606360182152;0.9999637150897287;0.9999647011245588;1.0;1.0;0.9999866379244657;0.9999944411035512;1.0;0.9999644219214662;0.9999994981061165;1.0001521454132896;0.9999890108405679;1.0;0.9999980509798847;0.9997793811970582;0.9998497574972229;1.0;0.9999077126990401;0.9999883366000182;0.9997413475784542;0.9997040921521717;0.9998984863370652;1.0;0.9999884785248686;1.0001310474990202;0.9999900240374575;0.9999912569779966;0.9999852750307101;0.9999982399815399;1.024999976158142;
2016-12-24 05:45:00;1.0;0.9999866421251716;0.9999837034079604;0.9999979778281031;0.9999950341168774;0.9999973280555322;1.0;0.9999805736318149;0.9999832715508998;0.9999977981159566;0.9999903552532688;0.9999999999999999;0.9999967321731494;0.9999999999999999;0.9999593476252188;0.9999632187212957;0.9999642200379444;0.9999999999999999;1.0;0.9999841642846097;0.9999915802153281;0.9999999999999999;0.9999638965360116;0.9999995070806331;1.0001526024054952;0.9999861664010373;0.9999999999999999;0.9999980047478623;0.9997663196937849;0.9998366159610439;1.0;0.999901450133365;0.9999861571497337;0.9997058592516238;0.9996598382696763;0.9999037958468804;1.0;0.9999888913511112;1.000131418228486;0.999988149789251;0.9999879226118469;0.9999830202967631;0.9999972844889796;1.024999976158142;
2016-12-24 06:00:00;0.9999999999999999;0.999987872166023;0.999985745183358;0.9999983737742567;0.9999957519438374;0.9999979014409179;1.0;0.9999825367949481;0.9999857425572038;0.9999980614801302;0.9999915789003937;1.0;0.9999966062095585;1.0;0.9999628244499614;0.9999663458016116;0.9999672577639512;1.0;1.0;0.9999859712867155;0.9999915625320157;1.0;0.999966947761366;0.9999995367415871;1.000153848788749;0.9999870525815916;1.0;0.9999983754139061;0.9997712159986083;0.9998405897203291;1.0;0.9998986372659454;0.9999879937839692;0.9997169659530574;0.9996729974130648;0.9998877842916565;1.0;0.9999904792909121;1.0001325544627664;0.9999897179585123;0.9999882753488203;0.9999852216114532;0.9999972989821897;1.024999976158142;
2016-12-24 06:15:00;0.9999999999999999;0.9999868611782391;0.999955613897449;0.9999926172323825;0.9999854736653779;0.9999880764339878;1.0;0.9999592901065208;0.999945084456634;0.9999959163788218;0.9999753421958126;1.0;0.9999955730727138;1.0;0.999934767719574;0.9999385848704923;0.9999396915973542;1.0;1.0;0.9999535289579807;0.9999805359032891;1.0;0.9999392979556503;0.9999993894940186;1.0001626675481716;0.9999646785435581;1.0;0.9999926240323629;0.9997865004821238;0.9998604805593337;1.0;0.9999063671278581;0.9999636943141628;0.9997697931374385;0.999743056736344;0.9998751121347067;1.0;0.9999908604325448;1.0001401080158427;0.9999692942091996;0.9999706978562313;0.9999490173030494;0.9999966620385875;1.024999976158142;
2016-12-24 06:30:00;1.0;0.9999891733656523;0.9999488239295821;0.9999906973788799;0.9999831837664808;0.9999851265858727;1.0;0.9999525708773842;0.9999354811992396;0.9999955950327689;0.9999712654969093;1.0;0.9999966091201619;1.0;0.999927389792364;0.9999305356906791;0.9999316956776241;1.0;1.0;0.9999464196099631;0.999980031886414;1.0;0.9999313171472702;0.9999993314162885;1.0001649643824138;0.9999608284269078;0.9999999999999999;0.9999909826129643;0.9997745170700428;0.9998411513463221;1.0;0.9998972419599067;0.9999587088515748;0.9997295309245042;0.9996838819945414;0.9998750790638431;1.0;0.9999916544037751;1.0001420917862949;0.999965144943017;0.9999687243904458;0.9999406069436463;0.9999973901347776;1.024999976158142;
2016-12-24 06:45:00;1.0;0.9999903290424949;0.999951884399112;0.9999910329771424;0.9999837275614637;0.9999853845927551;1.0;0.9999589828654265;0.9999378931880434;0.9999957975996016;0.9999732703407557;0.9999999999999999;0.9999983668767719;1.0;0.9999408543076672;0.9999436630027706;0.999944551170452;1.0;1.0;0.9999502508950554;0.9999846987705165;1.0;0.9999443019945214;0.9999995529838103;1.000164517261646;0.999966197315594;1.0;0.9999911755418301;0.999755713007534;0.9998163695728316;1.0;0.999886338531837;0.9999604065001437;0.9996802182505128;0.9996131558392123;0.9998758255280659;1.0;0.999990479290912;1.000141798571379;0.9999665628553775;0.9999744650318004;0.999943940556042;0.9999984340717475;1.024999976158142;
2016-12-24 07:00:00;1.0;0.9999870752910316;0.9999545462398017;0.9999921548961339;0.9999843956857573;0.9999868912112576;1.0;0.9999639098681052;0.9999415063979571;0.9999957247902288;0.9999752097600758;1.0;0.9999977977947079;1.0;0.9999472699201579;0.9999510136864151;0.9999518380533516;0.9999999999999999;1.0;0.9999533820969966;0.999985354332161;1.0;0.9999515971645712;0.999999655076082;1.0001634133717914;0.9999684710704432;1.0;0.9999919587217361;0.9997571751955393;0.9998163889346531;1.0;0.9998758460775334;0.9999615451083823;0.9996482630756186;0.9995802891801889;0.9998660631002773;1.0;0.9999892724926028;1.0001408258251305;0.9999674532138042;0.9999759011868883;0.9999474839914785;0.9999978989102718;1.024999976158142;
2016-12-24 07:15:00;1.0;0.9999867882874209;0.9999528581466661;0.9999917153704666;0.9999840801996723;0.9999864808937498;1.0;0.9999598140325917;0.9999401420595632;0.9999955887463631;0.9999738987014439;1.0;0.9999974798135749;1.0;0.9999390773708329;0.9999429136197729;0.9999439226244478;1.0;1.0;0.9999515942887641;0.9999840982040019;1.0;0.9999436240667444;0.9999995227050261;1.000165575941044;0.9999664410423456;1.0;0.9999916998875963;0.9997581928553743;0.9998183733629935;1.0;0.9998735931695187;0.9999606757844453;0.9996465962209544;0.9995809147480703;0.9998604377311762;1.0;0.9999896853204289;1.0001426236560813;0.9999667268178263;0.9999741140118746;0.9999456824591534;0.9999977025279108;1.024999976158142;
2016-12-24 07:30:00;0.9999999999999999;0.9999513120229967;0.9999395722430747;0.999992722622604;0.9999790258978088;0.9999878982748004;1.0;0.9999535672118862;0.9999298767651684;0.9999913747683798;0.9999673237201523;1.0;0.999992816627663;0.9999999999999999;0.999909615018538;0.9999237552040013;0.999926018160884;1.0;1.0;0.9999428208508055;0.999980600101207;1.0;0.9999253686738492;0.9999993300016388;1.000171899882018;0.9999604250089486;0.9999999999999999;0.9999912656987756;0.9997511779370556;0.9998128021156524;1.0;0.9998739366124486;0.9999438188840326;0.9996398380677274;0.9995715942870235;0.9998660362383062;1.0;0.9999896853204291;1.000147075200071;0.9999518731487491;0.9999689841521031;0.999935534212473;0.999992685900196;1.024999976158142;
2016-12-24 07:45:00;0.9999999999999999;0.9999280524382311;0.9999173531569329;0.9999902609749393;0.9999712260128693;0.999984025646636;1.0;0.9999363621723897;0.9999053274160385;0.9999875772329957;0.9999551022137116;1.0;0.9999903326314417;1.0;0.9998722625812865;0.9998931785185312;0.9998965237358791;1.0;1.0;0.9999231239269712;0.9999754012821649;1.0;0.9998955988557644;0.9999990418889483;1.0001824555082381;0.9999476789730561;1.0;0.9999881541597443;0.9997556836395126;0.9998134672509652;1.0;0.9998416921565613;0.9999222370568916;0.9995291230700091;0.999458909507533;0.99984451490187;1.0;0.9999900664615023;1.0001554136149058;0.9999332882985472;0.9999597848094087;0.9999128721954494;0.9999897060214655;1.024999976158142;
2016-12-24 08:00:00;1.0;0.999971543496471;0.9999403228510386;0.9999904616495345;0.9999800423885069;0.9999849343173745;1.0;0.9999462465622752;0.9999279814980361;0.9999933311123267;0.999966522346792;1.0;0.9999951690276694;1.0;0.9999074672687214;0.9999157349424506;0.9999176540234518;1.0;1.0;0.9999406183928499;0.9999796267406869;0.9999999999999999;0.99991709837571;0.9999991696464929;1.0001739647081167;0.9999578090854845;0.9999999999999999;0.9999902567887428;0.9997472237361775;0.9998135732130864;1.0;0.9998470188183785;0.9999489017848106;0.9995640000664653;0.9995013656563871;0.9998368263293553;0.9999999999999999;0.9999884785248686;1.0001493002610942;0.9999565566605845;0.9999671667037816;0.9999334750209588;0.999995377700382;1.024999976158142;
2016-12-24 08:15:00;0.9999999999999999;0.9999864271663856;0.9999510609681209;0.9999913859165006;0.9999836842179842;0.9999861125762549;1.0;0.9999564615969179;0.9999384633650251;0.9999954572066346;0.9999727078093034;1.0;0.9999969120534558;1.0;0.9999325261588186;0.9999364673256443;0.9999376078426988;1.0;1.0;0.9999495205809721;0.999982309518004;1.0;0.9999372562323599;0.999999420785472;1.0001697350814822;0.9999640411049552;0.9999999999999999;0.9999914648846403;0.9997349330286327;0.9998030782690263;1.0;0.9998554268177746;0.9999596026026291;0.9995962743816649;0.9995279893166041;0.9998400867566843;0.9999999999999999;0.9999896853204289;1.0001461735357242;0.9999658294025444;0.999971770760888;0.9999436759341589;0.9999973663179661;1.024999976158142;
2016-12-24 08:30:00;1.0;0.9999854870917801;0.999902482483529;0.999981424856605;0.9999669091429368;0.9999694614367152;1.0;0.9999188226643146;0.9998722808445006;0.9999918746538273;0.9999461049859284;1.0;0.999997308087569;1.0;0.9998881591135516;0.9998923704814112;0.9998938577114195;0.9999999999999999;1.0;0.9998981979823266;0.9999688448382297;1.0;0.9998934354704585;0.9999992137836192;1.0001804371332041;0.9999311804588429;1.0;0.9999817080761696;0.9997308708246383;0.9997904578922813;1.0;0.9998453809092686;0.9999202059125084;0.9995624000303589;0.9994787846913318;0.9998329768462486;1.0;0.9999892724926029;1.0001552576433308;0.9999327103852202;0.9999480108676634;0.9998853823687874;0.9999975187923362;1.024999976158142;
2016-12-24 08:45:00;1.0;0.9999865741366933;0.9998761352191019;0.9999748924699334;0.9999592819560832;0.9999605023131406;0.9999999999999999;0.9998827483581857;0.9998407989627255;0.9999899866601977;0.999929323716303;1.0;0.9999967657921772;1.0;0.9998292179971572;0.9998331272513806;0.9998356704205172;1.0;1.0;0.9998702045760233;0.999958537405124;0.9999999999999999;0.999834953718971;0.999998428677075;1.0001928818891972;0.9999091767742733;1.0;0.999976391582673;0.9997137449556097;0.9997719628264298;1.0;0.9998337749330342;0.9999020567760221;0.9995243818669151;0.9994279561035928;0.9998240019852263;0.9999999999999999;0.999989685320429;1.0001656064972537;0.9999175337682702;0.9999311268923193;0.9998545677365519;0.9999972936539036;1.024999976158142;
2016-12-24 09:00:00;1.0;0.9999669192894771;0.9998667004098982;0.9999744525888579;0.9999568503741821;0.9999609225995865;1.0;0.9998669046304198;0.9998357536198478;0.999987425147742;0.9999230224938127;1.0;0.9999929929453635;1.0;0.9997859610551081;0.9997955699836868;0.9997994496832275;1.0;1.0;0.999862863472691;0.999952697021542;1.0;0.9997983304855008;0.9999978307773623;1.000201846559707;0.999900633114022;0.9999999999999999;0.9999758180280256;0.999728245785435;0.9997581047616058;0.9999999999999999;0.9998110033117624;0.9998932068296511;0.9994363457873046;0.9993068585750643;0.9998154974317613;1.0;0.9999884785248686;1.0001725432551403;0.9999097601490872;0.9999231819290746;0.999847139795406;0.9999938644833587;1.024999976158142;
2016-12-24 09:15:00;1.0;0.9999652593342031;0.9998841108186356;0.999980241241231;0.999965572492895;0.9999711806500093;1.0;0.9998639783990286;0.9998673463375121;0.9999892451238397;0.9999321418781871;1.0;0.9999809986146362;1.0;0.9997582063707567;0.9997683050490876;0.9997728684552057;0.9999999999999999;0.9999999999999999;0.9998756128745995;0.9999309823601836;1.0;0.9997711418396713;0.9999969922129582;1.0002170478116035;0.9998903087830371;1.0;0.9999816701487891;0.9996069848743151;0.9995852844626504;1.0;0.9997136924870735;0.9999118382654341;0.9990366467009238;0.9987521164632711;0.999794959476713;1.0;0.9999888913511111;1.000185622481423;0.999925565096583;0.999902531915243;0.9998685722986578;0.9999871737585595;1.024999976158142;
2016-12-24 09:30:00;1.0;0.9999836841417831;0.9998744857273959;0.9999771239011327;0.9999633547890866;0.9999660980367246;1.0;0.9998502617741809;0.9998523607550055;0.9999904645762697;0.9999266316568741;0.9999999999999999;0.9999794098552074;1.0;0.9997473786714343;0.9997521272946236;0.9997563037658964;1.0;1.0;0.9998604101503534;0.9999186278412615;1.0;0.9997545448595413;0.9999967761554811;1.0002156508932643;0.9998743623586935;0.9999999999999999;0.9999793062880811;0.9996583037258288;0.9996581423321198;1.0;0.9997486277953754;0.999908739150023;0.9991945183692762;0.9989756886243649;0.9997926490544383;1.0;0.999989685320429;1.0001849057980525;0.9999233809572584;0.9998866165756042;0.9998539060338152;0.9999875809679216;1.024999976158142;
2016-12-24 09:45:00;1.0;0.9999849836267328;0.9998535714884341;0.9999757443724722;0.9999554319699592;0.9999602983216945;0.9999999999999999;0.999855362435052;0.9998199877912534;0.9999891046751052;0.9999197737470038;1.0;0.9999727336217976;1.0;0.9997741956769238;0.9997785626525209;0.9997814045929949;0.9999999999999999;1.0;0.9998329484168836;0.9998976683859433;1.0;0.999779738084909;0.9999974559559953;1.0002200492374869;0.9998504306951398;1.0;0.9999757118224896;0.9997173461062471;0.9997374264908503;0.9999999999999999;0.9997867381793674;0.9998900714664278;0.9993422259920763;0.9991914514326644;0.9998066270802308;1.0;0.9999900664615023;1.0001893308444576;0.9999077554879462;0.9998608924064631;0.9998264681308371;0.9999840130469809;1.024999976158142;
2016-12-24 10:00:00;1.0;0.9999621519132119;0.9998660195469622;0.9999791071500249;0.9999571954208181;0.9999654047572102;1.0;0.9998795022606556;0.9998360584256656;0.9999875302189054;0.999927148337897;1.0;0.9999792983357685;1.0;0.9998055180490218;0.999816517361046;0.9998195236216898;1.0;1.0;0.9998547331686518;0.9999237953504668;1.0;0.9998181459828109;0.9999981031506696;1.0002118934858613;0.9998795997902197;1.0;0.9999780909028029;0.9997081669647004;0.9997265474055128;1.0;0.999789105361239;0.9998922484887254;0.9993476786320312;0.9991880944761458;0.9998099987561007;1.0;0.9999900664615025;1.0001817321637525;0.999908989070645;0.9998926739513814;0.9998451417181998;0.9999860268684744;1.024999976158142;
2016-12-24 10:15:00;0.9999999999999999;0.9999167105271214;0.9998784220321517;0.9999856164875649;0.9999601802832245;0.9999762579978659;1.0;0.9998954795689341;0.9998613486645931;0.999984196486256;0.9999342872105071;1.0;0.9999771606760784;0.9999999999999999;0.9997988947715588;0.9998231079198646;0.999827546151206;0.9999999999999999;1.0;0.9998770835204963;0.9999370329939286;1.0;0.9998259045002247;0.9999981054567331;1.0002060035004106;0.9998994724377979;1.0;0.9999829622949622;0.9996878768319241;0.99970613682436;1.0;0.9997979243450279;0.9998932419967195;0.999333160164713;0.9991591067009821;0.9998462709481712;0.9999999999999999;0.9999892724926028;1.0001753540081066;0.9999088856895926;0.9999108852991694;0.9998677925378932;0.9999816987061879;1.024999976158142;
2016-12-24 10:30:00;1.0;0.9999669944387571;0.9998513829770835;0.9999767561877043;0.9999522045415131;0.9999604544241623;1.0;0.9998728219280201;0.999814449224153;0.9999870452747472;0.9999204398534385;1.0;0.9999768683511088;1.0;0.9998049966358836;0.9998145964978787;0.9998171575320263;1.0;1.0;0.9998363977985387;0.9999126586430519;1.0;0.9998157858868642;0.9999982188372059;1.0002131794078892;0.9998643378308948;1.0;0.9999753181370895;0.9996973465748824;0.9997177504768937;1.0;0.9998007034186247;0.9998810121913262;0.9993578261744077;0.9991935211002502;0.9998378944337767;0.9999999999999999;0.9999884785248685;1.0001831330695725;0.999899669247863;0.9998779568206407;0.9998261131692057;0.9999850293152414;1.024999976158142;
2016-12-24 10:45:00;1.0;0.9999562999332249;0.9998820058677276;0.999983586723171;0.9999628854758025;0.9999726657436608;1.0;0.9998916126991119;0.9998597591324632;0.9999883796452702;0.9999362460560748;1.0;0.9999764824380547;1.0;0.9998142085227059;0.9998269098214507;0.9998300155408055;1.0;1.0;0.9998715620801676;0.9999241991196874;1.0;0.9998285327016028;0.9999980770902613;1.000205961778327;0.999887763384827;1.0;0.9999821885326847;0.9997028950740106;0.9997234645001946;0.9999999999999999;0.9998048741422979;0.9999045409382652;0.9993660233273302;0.9992053141834013;0.999844833232431;1.0;0.9999896853204289;1.0001765322996614;0.9999192272771793;0.9998963617518973;0.9998652333297348;0.9999840769557065;1.024999976158142;
2016-12-24 11:00:00;0.9999999999999999;0.999907966522321;0.9998675530525816;0.9999867376866703;0.9999594982847076;0.9999783958699726;1.0;0.9998721875922999;0.999856957690609;0.9999830760820524;0.9999286081641188;1.0;0.9999616245655262;1.0;0.9997421932803754;0.9997689334162576;0.9997743812655777;0.9999999999999999;0.9999999999999999;0.9998591210032753;0.9999007842141178;1.0;0.9997719473891028;0.9999970833063896;1.0002184312064815;0.9998652324243719;1.0;0.9999835397837337;0.9997018006044182;0.9997196580989983;0.9999999999999999;0.9998077896469942;0.9998885355539768;0.9993389967760729;0.999172718265938;0.9998719013737248;0.9999999999999999;0.9999900664615023;1.0001857806141292;0.9999049822585474;0.9998693633741651;0.9998561296911505;0.9999725793515811;1.024999976158142;
2016-12-24 11:15:00;1.0;0.9999172845638384;0.9998465307127676;0.9999813658806304;0.9999528748876222;0.9999699753124571;1.0;0.9998498822647787;0.9998276796103513;0.9999825193703286;0.999916321866137;1.0;0.9999620617306803;1.0;0.9997162447244907;0.9997402709313343;0.9997458192643104;1.0;0.9999999999999999;0.9998350610494148;0.9998923400326716;1.0;0.9997433383934121;0.9999968081570303;1.0002251909144317;0.9998477060733683;1.0;0.9999789610016889;0.9996965672136991;0.9997188093551839;0.9999999999999999;0.9997778578521184;0.9998741317608623;0.9992738359602109;0.9991126459621766;0.9998264224135536;1.0;0.9999892724926028;1.0001917364850492;0.9998930880858157;0.999855744335001;0.9998295638949843;0.9999734671657157;1.024999976158142;
2016-12-24 11:30:00;1.0;0.9998982139042322;0.9998552752884262;0.9999830883018699;0.9999529577214651;0.9999723464723076;1.0;0.999873497887168;0.9998366945155959;0.999980816032281;0.9999215805316589;1.0;0.9999714479770799;1.0;0.9997532344391526;0.9997828089563775;0.9997883111322486;1.0;1.0;0.9998535263722993;0.9999225106448102;0.9999999999999999;0.9997862613477638;0.9999976066441123;1.0002197887554003;0.9998782252783909;0.9999999999999999;0.9999798488034132;0.999629800017226;0.9996588050592233;1.0;0.9997898036530007;0.9998731931506154;0.9993173937688319;0.9991226585250571;0.9998326688461253;1.0;0.9999896853204289;1.0001866080018051;0.9998917422321782;0.9998911373180062;0.9998431746134436;0.9999772865984449;1.024999976158142;
2016-12-24 11:45:00;1.0;0.9998795730396901;0.999847807458579;0.9999831857178842;0.9999491271047579;0.9999716848914103;1.0;0.9998789114632237;0.9998277000817555;0.9999782002158238;0.9999186943764112;1.0;0.9999719323265024;1.0;0.9997588929250707;0.9997938715362804;0.9997995657772211;1.0;1.0;0.9998496331950635;0.9999273078761043;1.0;0.9997975586042731;0.9999979281241675;1.0002226680237771;0.9998808167035691;1.0;0.9999787111212678;0.9996379389724879;0.999681419076534;1.0;0.9997993166490335;0.9998620588825885;0.9993606077429615;0.9991930059009418;0.9998318595425266;1.0;0.9999912732606053;1.000188669139953;0.999881968277065;0.9998958227800668;0.9998368848237862;0.9999762610362299;1.024999976158142;
2016-12-24 12:00:00;1.0;0.9998864371490539;0.9997886958722547;0.9999711654109334;0.9999304088814354;0.9999516025940663;0.9999999999999999;0.9998288418371362;0.999749553497771;0.9999740582120414;0.9998867656638123;0.9999999999999999;0.9999659668236841;0.9999999999999999;0.9996966560284368;0.9997296447730508;0.9997355950991564;1.0;1.0;0.999781487328802;0.9998930643253627;1.0;0.9997332769446662;0.9999973869623949;1.0002408418104523;0.9998254830408612;1.0;0.9999665714106528;0.9996459427108073;0.9996671401263345;1.0;0.9997978062051908;0.9998182069725912;0.9993290686256525;0.9991323241850216;0.9998486932766375;1.0;0.999989685320429;1.0002043629553061;0.9998453695950608;0.9998470783281123;0.9997644365136635;0.9999734661862959;1.024999976158142;
2016-12-24 12:15:00;1.0;0.9998735075962729;0.999778068082455;0.9999685922616404;0.9999249530284008;0.9999475608134545;0.9999999999999999;0.9998271981251604;0.9997337721552229;0.9999718982805135;0.9998804225683676;1.0;0.9999731232683043;0.9999999999999999;0.9996964480103246;0.9997331995716084;0.9997395163343142;0.9999999999999999;1.0;0.9997771250596442;0.9999103510496669;1.0;0.9997374175939349;0.9999976764366415;1.0002354886559084;0.9998356832233967;1.0;0.9999640103933578;0.9996988985628847;0.9997067122085902;1.0;0.9997874996184766;0.9998046414714761;0.9993236948713468;0.9991419594057723;0.999821474072345;1.0;0.9999908604325449;1.000199270546875;0.9998335974032282;0.999864340643631;0.9997541170636476;0.9999764897760509;1.024999976158142;
2016-12-24 12:30:00;1.0;0.9999708827674737;0.99980775734061;0.9999674286689032;0.9999377181389744;0.9999449633287365;1.0;0.9998374799728923;0.9997553524451326;0.9999839702007034;0.9998965947878847;1.0;0.9999756109638649;1.0;0.9997637876490993;0.9997722026653928;0.999774949080326;1.0;1.0;0.999788168852075;0.9998950438085885;1.0;0.9997734677032512;0.9999979504684968;1.0002279310819413;0.9998298135582111;1.0;0.9999661225988176;0.9996834965667029;0.9996829295870798;1.0;0.9997796710546859;0.9998473483213838;0.9992967882441136;0.9990925729033711;0.9998162737750825;1.0;0.9999920672329304;1.0001958416812795;0.9998714991533137;0.9998503684299713;0.9997729207329131;0.9999846231875185;1.024999976158142;
2016-12-24 12:45:00;1.0;0.9999926423448863;0.9998061549782439;0.9999667186980606;0.9999391791890786;0.9999435485495821;1.0;0.999828278011549;0.9997526805006783;0.9999860926769176;0.9998961343074084;1.0;0.9999690304476195;1.0;0.9997560726781501;0.9997582129266901;0.9997603934875339;1.0;1.0;0.9997778995718872;0.999872739326785;1.0;0.9997587305067904;0.9999976150589135;1.0002336621929906;0.9998093516697965;1.0;0.9999658058536386;0.9996925826848141;0.9997003575806255;0.9999999999999999;0.9997830415503489;0.9998527011550516;0.9993008328794013;0.9991148032755176;0.9998235830806602;1.0;0.9999924483761709;1.000201471538019;0.9998765493220407;0.9998250710099131;0.9997670778320064;0.9999825153074899;1.024999976158142;
2016-12-24 13:00:00;0.9999999999999999;0.9999907630584428;0.9997902431855473;0.9999630075244277;0.9999323079774572;0.9999368639017825;1.0;0.9998243068794881;0.9997275301567792;0.9999846739338832;0.9998878284357605;1.0;0.9999739858670442;0.9999999999999999;0.999761637207574;0.9997643213959593;0.9997662790069581;0.9999999999999999;1.0;0.9997639398056966;0.9998801170387533;1.0;0.9997648618414321;0.9999979808260739;1.0002330755015096;0.9998088011704169;0.9999999999999999;0.9999620019366104;0.9996646388202534;0.9996700590862789;1.0;0.9997602680938151;0.999837054725451;0.9992083509818861;0.9990012643066754;0.9998181081924189;0.9999999999999999;0.9999916544037752;1.0002009491987869;0.9998632833441964;0.9998304105228312;0.9997480663272248;0.9999851014406905;1.024999976158142;
2016-12-24 13:15:00;0.9999999999999999;0.9999515278430863;0.9998171632469258;0.99997211449835;0.9999414602286267;0.9999528429933308;1.0;0.9998414201032244;0.9997744959332993;0.9999832630169326;0.9999019055194235;1.0;0.9999696110545304;1.0;0.9997488603093245;0.9997629313143015;0.9997665101389334;1.0;1.0;0.9997994903484466;0.9998904666533623;1.0;0.9997646735380993;0.9999976272197494;1.0002281535265396;0.9998317439543484;1.0;0.9999701353133393;0.9996646698628814;0.9996864151658184;1.0;0.9997522584898764;0.9998529095601336;0.999153240616849;0.9989709682536764;0.9998315232404186;1.0;0.9999916544037752;1.0001955048599207;0.9998758463308753;0.999847720084539;0.9997875387227502;0.9999799834483519;1.024999976158142;
2016-12-24 13:30:00;1.0;0.999780604702004;0.9997350572310642;0.9999706800974559;0.9999122933922067;0.9999515216185945;0.9999999999999999;0.9997873034516429;0.9997050354674043;0.9999597934482725;0.9998580392512325;1.0;0.9999480257328868;0.9999999999999999;0.9995659120784709;0.9996295904146444;0.9996400589647428;1.0;1.0;0.9997383630776666;0.9998682617084383;0.9999999999999999;0.9996363482653962;0.9999961187951247;1.0002623524188827;0.9997882151300582;1.0;0.9999621282238026;0.999665918927335;0.9996680259196348;1.0;0.9997846641687198;0.99975991995305;0.9992739924981082;0.9990617980790498;0.9998467245524849;0.9999999999999999;0.9999900664615023;1.0002195216383096;0.9997944391378938;0.9998129337305969;0.9997180205902895;0.9999562978089395;1.024999976158142;
2016-12-24 13:45:00;1.0;0.9997946621784015;0.9997845281766512;0.9999792214074061;0.999928839246232;0.9999661738809427;1.0;0.9998206579669304;0.9997678112462239;0.9999656915054331;0.9998839780328763;1.0;0.9999532867556755;1.0;0.9996133595094505;0.9996728434116686;0.9996827238063287;1.0;1.0;0.9997913182321613;0.9998913114425874;1.0;0.9996792979574533;0.9999963703952769;1.000239865791968;0.999828113698964;1.0;0.9999719876302765;0.9996601278748549;0.9996734392821173;1.0;0.9998012406049277;0.9998012330234873;0.9993254710673863;0.9991256706982544;0.9998614562812291;1.0;0.9999916544037752;1.0002006520812983;0.9998293759004638;0.9998468471500496;0.9997754675265813;0.9999601851657519;1.024999976158142;
2016-12-24 14:00:00;1.0;0.9998896220388906;0.9998405606133244;0.9999808444514291;0.9999469311408186;0.999967680149171;1.0;0.9998730006878866;0.9998159536804597;0.9999784602996106;0.9999148357741594;1.0;0.9999721370592151;1.0;0.999758388963968;0.9997904834406224;0.9997958313752486;1.0;0.9999999999999999;0.9998396734727056;0.9999223926572528;1.0;0.9997938809766664;0.9999979411964056;1.0002249836167723;0.9998728368446431;1.0;0.9999765941787323;0.9996383682445198;0.9996757536905412;1.0;0.9998053037840516;0.9998581964728248;0.9993592531453324;0.999182096611189;0.9998507246485075;0.9999999999999999;0.9999908604325449;1.0001909466026104;0.9998789308637417;0.999888808209309;0.9998264051693115;0.999977062248443;1.024999976158142;
2016-12-24 14:15:00;1.0;0.9999010300430827;0.9998730000048107;0.9999880457572777;0.9999607324585738;0.9999806162581968;1.0;0.9998790854520043;0.9998645252689652;0.9999827807613335;0.9999315029051953;1.0;0.999963566428813;1.0;0.9997493566465653;0.9997781071040264;0.9997836937207576;1.0;1.0;0.9998675697990197;0.99990905808565;1.0;0.9997813228156972;0.9999972146278687;1.0002249513495582;0.9998749690817031;0.9999999999999999;0.9999846867546148;0.9996101567141492;0.9996337857219455;1.0;0.9997739349376557;0.999890798372429;0.9992546706241227;0.999039382395693;0.9998276548732551;1.0;0.9999900664615025;1.000191232341213;0.9999067074176812;0.9998796376586815;0.9998639164563927;0.9999731635024363;1.024999976158142;
2016-12-24 14:30:00;0.9999999999999999;0.9999485682644724;0.9999036219797313;0.9999885841279784;0.9999699445655433;0.9999810595560269;1.0;0.9999095913838376;0.9998902470611336;0.9999892734890421;0.9999480313655352;1.0;0.9999768343501907;1.0;0.9998315275028163;0.9998464715962146;0.9998496997659667;0.9999999999999999;1.0;0.9998965881148819;0.9999340625609865;1.0;0.9998482291678998;0.9999981866338008;1.0002002755803279;0.9999061452316874;1.0;0.9999869169388722;0.9996751369078437;0.9996900499699795;1.0;0.9998063807842807;0.9999201581181129;0.9993458454784586;0.9991578752875034;0.9998630185528264;1.0;0.999990479290912;1.0001714512624968;0.9999321770540732;0.999911405076935;0.9998925976410828;0.9999837341852096;1.024999976158142;
2016-12-24 14:45:00;1.0;0.9998674408752135;0.9998596964897699;0.999986322909883;0.9999536823632781;0.9999779591232308;1.0;0.9998807278268933;0.9998487417422671;0.9999780316871971;0.9999240217399368;1.0;0.9999704963539223;1.0;0.9997439953609325;0.9997825173062316;0.999789066089377;1.0;1.0;0.9998646768978542;0.9999311954795246;1.0;0.9997868360830913;0.9999975694075729;1.0002172425726867;0.9998894538836951;1.0;0.9999820032933188;0.9996848502888885;0.9996907450343236;0.9999999999999999;0.9997915615342814;0.9998708506178118;0.9992917009466498;0.9990968650259467;0.9998553428609263;0.9999999999999999;0.9999920672329301;1.0001834692114224;0.9998891355878983;0.9999023296616485;0.9998538340508073;0.9999746274018311;1.024999976158142;
2016-12-24 15:00:00;0.9999999999999999;0.9998544296070815;0.9998406915051979;0.9999828556715242;0.9999459844887579;0.9999719889045872;1.0;0.9998730178453933;0.9998231002696426;0.9999751415088372;0.9999138664281997;0.9999999999999999;0.9999734912766184;1.0;0.999734940734888;0.9997772018132987;0.9997840696845188;1.0;1.0;0.9998488070576496;0.9999362493508964;1.0;0.9997819185238889;0.9999977522171583;1.0002190985230286;0.9998861236699628;1.0;0.9999780487686885;0.9996867499578791;0.9996885360997939;1.0;0.9997886208339705;0.9998515713401562;0.9992927254356284;0.9990933072606881;0.9998458599249702;1.0;0.999989685320429;1.000184658144524;0.9998726186859921;0.9999047652781105;0.9998330895545818;0.9999753757473971;1.024999976158142;
2016-12-24 15:15:00;1.0;0.9998035475248034;0.9997988555961135;0.9999792274091064;0.9999304364125382;0.999965333870665;1.0;0.9998505159834661;0.9997759434919717;0.9999671575643273;0.999892255921281;1.0;0.9999684789067248;1.0;0.9996820274434648;0.9997389393006498;0.9997475361490551;1.0;1.0;0.9998125648390467;0.9999279656115722;1.0;0.9997449592376677;0.9999975702826794;1.0002263381679988;0.9998646794645099;0.9999999999999999;0.9999722166722512;0.9996898444354997;0.9996938935436288;1.0;0.9997942021307241;0.999808179519929;0.999314942726595;0.9991208679762904;0.9998475131933051;1.0;0.9999908604325449;1.000189410496669;0.9998351568231275;0.9998896342504814;0.9997909381069139;0.999969127910796;1.024999976158142;
2016-12-24 15:30:00;1.0;0.999868745381935;0.9998820851603414;0.9999894195782056;0.9999590225418777;0.9999824626010124;1.0;0.9999121936207782;0.9998724487645824;0.9999794141304869;0.9999367795169876;1.0;0.9999800642410404;0.9999999999999999;0.9998014788141947;0.9998396440093605;0.9998453523068463;1.0;0.9999999999999999;0.9998932082092963;0.9999597122470049;1.0;0.999843682654519;0.9999984500038828;1.0002037212215866;0.9999234064178143;0.9999999999999999;0.9999849037812852;0.9997038859177062;0.9997067439991011;1.0;0.9998034534671506;0.9998848641446535;0.9993283853644197;0.9991407610197709;0.9998660877009715;1.0;0.999992448376171;1.000171993210103;0.9999007765477781;0.9999378963392024;0.999880316265407;0.999979957359301;1.024999976158142;
2016-12-24 15:45:00;1.0;0.9999213291566162;0.9998975504842494;0.9999874450955932;0.9999652697690646;0.9999795060562199;1.0;0.9999163423155778;0.999882434921627;0.9999856520761254;0.9999442312531164;1.0;0.9999857203191904;1.0;0.9998370238059726;0.9998598726127059;0.9998638099679689;1.0;1.0;0.999901082792092;0.9999608444465136;1.0;0.9998625910665354;0.9999986311007305;1.0001975714154594;0.9999271364538763;1.0;0.9999851688595361;0.999691833241458;0.9996877455030009;1.0;0.9997875412156082;0.9999068209285741;0.99929064143381;0.9990855449036202;0.9998440328019121;0.9999999999999999;0.9999892724926027;1.000168206290646;0.9999202684215326;0.9999402978650955;0.9998902194287785;0.9999867162814217;1.024999976158142;
2016-12-24 16:00:00;1.0;0.9999344082977082;0.9998422235517274;0.9999754597288423;0.9999463291867293;0.999958635391758;1.0;0.999877837976394;0.999803434396394;0.9999827037822797;0.9999149877444824;1.0;0.9999854615683231;1.0;0.999805366018475;0.9998244258840308;0.9998278977967562;1.0;0.9999999999999999;0.9998386602149604;0.9999395577877608;1.0;0.9998267368199483;0.9999986389872332;1.0002089213864287;0.9998844297980103;1.0;0.9999732377672316;0.9996986584779533;0.999709309908674;1.0;0.9998007880346457;0.9998641441244936;0.9993486390173754;0.9991702398021631;0.9998443883355811;1.0;0.9999912732606054;1.000178378853109;0.9998846852476596;0.9999065596450628;0.9998209315127913;0.9999874793344312;1.024999976158142;
2016-12-24 16:15:00;1.0;0.9999498671229453;0.9997908403391551;0.999963962248998;0.999928849047161;0.9999387084511674;1.0;0.9998414457134033;0.9997295020303282;0.9999802328645964;0.9998877409516127;1.0;0.9999854234437163;1.0;0.9997768445677323;0.9997914027326342;0.999794345744401;0.9999999999999999;1.0;0.9997800200314452;0.9999191292039314;1.0;0.999793257230632;0.9999986407005708;1.0002167443917045;0.9998439201776841;1.0;0.9999619196553835;0.9997256075900799;0.9997462200163577;1.0;0.9998177593094844;0.9998251912580155;0.9994202185841828;0.9992742688557189;0.9998466924505467;1.0;0.9999904792909122;1.0001855568688496;0.9998522819722181;0.9998743776838432;0.9997560429731647;0.9999885336642791;1.024999976158142;
2016-12-24 16:30:00;1.0;0.9999729901450574;0.9998894849994675;0.9999825285265896;0.9999638815911829;0.9999703142803648;1.0;0.999907159165823;0.9998612007195649;0.9999902048373001;0.9999406653714831;1.0;0.999985263240983;0.9999999999999999;0.9998586068104056;0.9998664606943833;0.999868405365887;1.0;1.0;0.9998803330327755;0.9999415584613333;0.9999999999999999;0.9998674748923658;0.9999987891044897;1.0001895833701369;0.999904629173692;1.0;0.9999815605176744;0.9997483716040623;0.9997855638376109;1.0;0.999847598815558;0.9999101897022702;0.9995078914817608;0.999400664668163;0.999876605405669;1.0;0.9999900664615025;1.0001629706884836;0.9999241860803175;0.9999164379118328;0.9998711795614582;0.9999900474835587;1.024999976158142;
2016-12-24 16:45:00;1.0;0.9999726290325113;0.9999148770618462;0.9999870483226702;0.999972568850694;0.9999785475289411;1.0;0.9999235793904967;0.9998961054156066;0.9999919798848362;0.9999536440559451;1.0;0.9999873196273188;1.0;0.9998749941653228;0.9998829531151282;0.9998849913418953;1.0;0.9999999999999999;0.9999088356358078;0.9999538650225889;1.0;0.9998841136089641;0.9999988002349234;1.0001842651053563;0.9999256577003831;1.0;0.9999864409605121;0.9997439019596762;0.9997840807983798;1.0;0.9998518188264761;0.9999306593250546;0.999539246096025;0.999433993450893;0.9998680354383264;1.0;0.9999888913511112;1.000158310980448;0.9999413563759504;0.9999344279237021;0.999902205123654;0.9999911494277915;1.024999976158142;
2016-12-24 17:00:00;0.9999999999999999;0.9999591875009494;0.9999102346181288;0.9999870496165527;0.9999701678936207;0.9999783254724666;1.0;0.9999251718545856;0.9998910426977268;0.9999902543354195;0.999951457340307;1.0;0.999988153750361;1.0;0.9998736125757068;0.9998854650044475;0.9998878124978985;1.0;0.9999999999999999;0.9999072633014567;0.9999586412385317;1.0;0.9998869393800781;0.9999989290291685;1.0001842474530862;0.9999286615796409;1.0;0.9999858535209174;0.9997646786528313;0.9998078831751563;1.0;0.9998549071825595;0.9999234783342621;0.99956998246538;0.9994830690113176;0.999856414420816;1.0;0.9999900664615025;1.0001579260297258;0.999935021705491;0.9999392693677106;0.999898783669018;0.9999906766374446;1.024999976158142;
2016-12-24 17:15:00;1.0;0.9998958917635772;0.9998420477865888;0.9999791014206013;0.9999466589861817;0.9999655248566438;1.0;0.9998725647783205;0.9998146132591076;0.9999792199381312;0.9999143405242524;1.0;0.9999791733148469;1.0;0.9997642326541057;0.9997944362290982;0.9997997231598749;1.0;0.9999999999999999;0.9998439823985579;0.9999368277332533;1.0;0.9997980196295096;0.9999980676187409;1.0002029247636037;0.9998843011671901;0.9999999999999999;0.9999758640569618;0.9997721876397467;0.9998242877905867;1.0;0.9998683944698017;0.9998591443158088;0.9996164160733835;0.999547664264253;0.9998653311441399;1.0;0.999989685320429;1.0001719239836597;0.9998797770336715;0.9999044503368009;0.9998276270823918;0.999981370741217;1.024999976158142;
2016-12-24 17:30:00;1.0;0.999842801706864;0.9998254801599239;0.9999813631963577;0.9999407618945024;0.999969123622346;0.9999999999999999;0.9998636107313658;0.9998052175004889;0.9999729409289626;0.9999062036886261;1.0;0.9999703548306293;1.0;0.999716913537149;0.999762561504461;0.9997698199713743;1.0;1.0;0.9998333617154912;0.9999281918261078;1.0;0.9997675005132776;0.99999764922644;1.000209531548918;0.9998738180463848;1.0;0.9999758655846207;0.9997876755640411;0.9998346745492792;1.0;0.9998841642693995;0.9998375088071406;0.9996418539507796;0.999574718973194;0.9998953534979723;1.0;0.9999904792909119;1.0001760544707095;0.9998605971300948;0.9998935940635987;0.9998165220916035;0.9999728471859413;1.024999976158142;
2016-12-24 17:45:00;1.0;0.9998492269728642;0.9998121415188023;0.9999795011457955;0.9999376572008348;0.9999656868579845;0.9999999999999999;0.9998485601035336;0.9997890967443113;0.9999727169339457;0.9998995480912429;1.0;0.9999633931454455;0.9999999999999999;0.9996952462754735;0.9997390099418569;0.9997462207418212;1.0;1.0;0.9998137410499449;0.9999062026916845;0.9999999999999999;0.9997436330748267;0.999997295698323;1.0002229876987203;0.9998495220175547;0.9999999999999999;0.9999738258831069;0.9997751476218477;0.9998284350093857;1.0;0.9998636462812521;0.9998302070975237;0.9996066587691431;0.9995418935079654;0.9998577107824332;1.0;0.9999904792909119;1.0001879022146678;0.9998546990030669;0.9998669463886678;0.9997990779250456;0.9999694813965464;1.024999976158142;
2016-12-24 18:00:00;0.9999999999999999;0.9999266027293525;0.9998614156046433;0.9999820619968547;0.9999547644374807;0.9999696920256602;1.0;0.9998834328967555;0.9998364808770698;0.9999839691177986;0.9999257609305918;1.0;0.9999751338729771;1.0;0.9997919139721435;0.9998132285613197;0.99981724014525;1.0;0.9999999999999999;0.9998553726740891;0.9999242108570786;1.0;0.9998155938382907;0.9999981004484019;1.0002029678012823;0.9998810357207769;1.0;0.9999793796179005;0.9997656097613971;0.9998191689543962;1.0;0.9998480117004115;0.9998816504972571;0.9995422649220012;0.9994718249955901;0.9998545396642824;1.0;0.9999924483761709;1.0001730830628683;0.9998993786348999;0.9998935919071585;0.9998452522358375;0.9999812801479948;1.024999976158142;
2016-12-24 18:15:00;1.0;0.9999840438196895;0.9999421601186593;0.99999136190968;0.9999816780227421;0.9999856328683914;1.0;0.9999462676722549;0.9999295228788145;0.9999950010037848;0.9999685509368983;1.0;0.9999900892098902;1.0;0.9999123845009893;0.9999170223872014;0.9999183669222892;0.9999999999999999;1.0;0.9999368017710606;0.9999649502392893;1.0;0.9999177227914218;0.9999991074647813;1.000170938611001;0.9999463101317924;1.0;0.9999910588539784;0.9997531782063793;0.9998146408466334;1.0;0.9998680835902738;0.9999538191247364;0.999593209178452;0.9995257627632274;0.9998801416655761;1.0;0.9999920672329304;1.0001472202319448;0.9999610122968138;0.9999513421461542;0.9999330607037774;0.9999934606063228;1.024999976158142;
2016-12-24 18:30:00;1.0;0.9999866461923427;0.9999101444604757;0.9999880403430468;0.9999761007102241;0.9999814377823701;1.0;0.9998886830488926;0.9999001018098211;0.9999940309454991;0.999949959505907;1.0;0.9999684160364939;1.0;0.9998013976225474;0.9998052844316679;0.9998082160517315;0.9999999999999999;1.0;0.9998909514677047;0.9999045315597337;0.9999999999999999;0.9998063620321046;0.9999972112407287;1.0001959798049695;0.9998809799940866;1.0;0.9999883658036339;0.9997698176568515;0.9998245557478422;1.0;0.9998714016726971;0.9999381189178911;0.9996266035577257;0.9995600990383757;0.9998674024144422;1.0;0.9999900664615023;1.0001686572246238;0.9999482275178666;0.9998787180752282;0.9998945868910085;0.9999817612892365;1.024999976158142;
2016-12-24 18:45:00;1.0;0.9999905474585818;0.999922748511151;0.9999885478385055;0.9999773649050517;0.9999812287841044;1.0;0.999918100686919;0.9999077202258889;0.9999947434884947;0.9999577638330008;1.0;0.9999807770391473;1.0;0.9998655089416963;0.9998682602596188;0.9998700318454937;1.0;1.0;0.9999097869048633;0.9999357105572151;1.0;0.999868911638578;0.9999983447016106;1.0001844324990175;0.9999128262661425;1.0;0.9999885866252352;0.9997613702765962;0.9998199643830851;0.9999999999999999;0.9998685612806855;0.9999433101057045;0.9996276598405548;0.9995617095418308;0.9998581809379421;1.0;0.9999920672329302;1.0001589937009558;0.9999524669546169;0.9999154221454462;0.999908655001431;0.9999888075344624;1.024999976158142;
2016-12-24 19:00:00;1.0;0.9999819440370338;0.9999506262891915;0.9999930372779599;0.9999842624356505;0.9999884259651214;0.9999999999999999;0.9999544943711229;0.9999407317960035;0.9999953484313799;0.9999731791834232;1.0;0.9999912049214975;1.0;0.9999228934099662;0.9999281226336911;0.9999294264123043;1.0;1.0;0.9999468700505615;0.9999707040715444;1.0;0.9999288416488022;0.999999221326179;1.0001693382200179;0.9999550034825919;1.0;0.999992637029975;0.9997508986576594;0.9998122783847867;1.0;0.9998702433373681;0.9999597550981726;0.9996280439283198;0.9995593665046311;0.9998629802567317;1.0;0.9999912732606053;1.00014579908467;0.9999659391936064;0.9999592790240408;0.9999436037012295;0.9999939308805624;1.024999976158142;
2016-12-24 19:15:00;1.0;0.9999789126511034;0.9999435056491391;0.999992095613978;0.9999823287166983;0.999987105223083;1.0;0.999945342650433;0.9999333051464849;0.9999946443782032;0.9999690521420381;1.0;0.9999890080096123;1.0;0.9999051279141434;0.9999112512764315;0.9999129012090159;1.0;1.0;0.9999388856684697;0.9999644022081196;0.9999999999999999;0.9999121596003494;0.999998978373773;1.00017215106649;0.9999466433690208;1.0;0.9999917265719804;0.999747045442765;0.9998090047825193;1.0;0.9998754920325827;0.9999545227142598;0.999632747452258;0.9995620169696494;0.9998754973264882;1.0;0.9999912732606052;1.000148080292167;0.9999615150835066;0.9999510648914387;0.9999356737645425;0.9999925132541748;1.024999976158142;
2016-12-24 19:30:00;1.0;0.9999662677417913;0.9999391956290398;0.9999916347180337;0.9999799573651698;0.9999864198078574;1.0;0.9999461968797144;0.9999284147810256;0.9999929289004256;0.9999666268144444;1.0;0.999991346646338;1.0;0.9999029856136025;0.9999127801114396;0.9999147975685813;1.0;1.0;0.9999383991931394;0.9999723616503059;1.0;0.9999140976806548;0.9999990983972467;1.0001744408660218;0.9999521045951975;0.9999999999999999;0.9999909031790305;0.9997377072408926;0.9998060997426997;1.0;0.9998705624841763;0.9999476466088765;0.9996316844599906;0.9995650598149555;0.9998614591802686;1.0;0.9999908604325449;1.0001496535083072;0.9999554365142544;0.9999593244210582;0.9999327080122672;0.9999929181636713;1.024999976158142;
2016-12-24 19:45:00;1.0;0.9998837414022607;0.9998756646903615;0.9999873946508638;0.9999582633139406;0.9999795843968959;1.0;0.9998962927913178;0.9998637798763894;0.9999808786786055;0.9999325312575945;1.0;0.9999770324325898;1.0;0.999780592727611;0.9998142690090241;0.9998199322815301;1.0;1.0;0.9998815467317685;0.9999459857860356;1.0;0.9998181014494264;0.999998016554736;1.0001948873091904;0.9999077145726477;1.0;0.9999838464799843;0.9997426106001354;0.9998097975752485;1.0;0.9998689257170711;0.9998845523161246;0.9996222272173232;0.9995570264977965;0.9998629680318565;1.0;0.9999912732606053;1.0001647097759927;0.9999009012057722;0.9999210538129328;0.9998702281371643;0.9999793680141601;1.024999976158142;
2016-12-24 20:00:00;1.0;0.9999826714975881;0.9999175548184481;0.9999861210566757;0.9999733885288636;0.9999772293289321;1.0;0.9999249573055624;0.9998969889283166;0.9999929966712646;0.9999546805518625;1.0;0.9999902816161187;1.0;0.9998841103602608;0.9998891490001991;0.9998908471586299;1.0;1.0;0.9999110935806916;0.9999582275336462;0.9999999999999999;0.9998901249839902;0.9999988988369399;1.0001790646201543;0.9999295126337271;0.9999999999999999;0.9999860390624763;0.9997379172120802;0.9998048851363512;1.0;0.9998838173516416;0.9999341828252902;0.9996513430735234;0.9995821097474058;0.9998878921660758;1.0;0.9999896853204289;1.0001540653424317;0.9999444911739727;0.9999393106768953;0.9999038753801631;0.999993470333398;1.024999976158142;
2016-12-24 20:15:00;1.0;0.9999834660057841;0.9999261916062882;0.999987954110688;0.999976402335267;0.9999802363487056;1.0;0.9999315484083271;0.9999086311249743;0.9999937549126866;0.9999594669778794;1.0;0.9999899624750334;1.0;0.9998921466579055;0.9998969530591983;0.9998985607875828;1.0;1.0;0.9999199404684194;0.9999599039269547;0.9999999999999999;0.9998978469200213;0.9999989329022244;1.0001752991898953;0.9999347693240068;1.0;0.9999878478309466;0.9997547174871787;0.9998163029369953;0.9999999999999999;0.9998871462208376;0.9999413166963761;0.9996609250649132;0.9995944182621753;0.999891377383262;1.0;0.9999908604325449;1.00015087076351;0.9999505047905655;0.9999427527720577;0.9999141017811602;0.9999933508768163;1.024999976158142;
2016-12-24 20:30:00;0.9999999999999999;0.9999161298498965;0.9998554773526099;0.9999801911108077;0.9999509031277368;0.9999665477415044;1.0;0.9998884292215302;0.9998263448235851;0.9999820088006129;0.9999224556166834;1.0;0.9999821803508732;1.0;0.9998039665352542;0.9998283353017389;0.9998324170169538;0.9999999999999999;0.9999999999999999;0.999855117036428;0.9999417261377611;0.9999999999999999;0.9998310524535395;0.9999985358250484;1.000198392387376;0.9998935184306438;1.0;0.9999771940694142;0.9997787940997801;0.999831135084518;1.0;0.9998799111564934;0.9998721580549509;0.9996427521835234;0.9995782993090411;0.9998820181536002;1.0;0.9999912732606052;1.0001687785643765;0.9998910753240031;0.9999119621182219;0.9998399555974519;0.9999844127316617;1.024999976158142;
2016-12-24 20:45:00;1.0;0.9999402542079383;0.9998954623396316;0.9999864336656021;0.9999652492825765;0.9999771262476379;1.0;0.9999139894088247;0.9998761715569523;0.999987564826169;0.9999438327071639;1.0;0.9999835832187154;1.0;0.9998457231392598;0.99986305904929;0.9998661914017166;1.0;1.0;0.9998932505219574;0.9999496536680808;1.0;0.9998650249682437;0.9999986741709557;1.000185687855656;0.9999161656387309;1.0;0.9999844497299745;0.9997523046947134;0.9998126793476697;0.9999999999999999;0.9998809206382886;0.9999090145531555;0.9996443575670358;0.9995746902121243;0.9998839551469676;1.0;0.9999904792909121;1.0001586132796183;0.9999225341221011;0.9999273240003457;0.9998840777616441;0.9999868618366212;1.024999976158142;
2016-12-24 21:00:00;1.0;0.9999622153667557;0.9999267319744299;0.9999900062147387;0.9999766817404733;0.9999841398592847;1.0;0.9999292652003248;0.9999153116929687;0.999991924065876;0.9999593843897652;0.9999999999999999;0.9999870734728148;1.0;0.9998706753537948;0.9998816205297848;0.9998842257920056;0.9999999999999999;1.0;0.9999238904239337;0.999959959256947;1.0;0.9998832346380419;0.9999986384063643;1.000174219614562;0.9999362440517201;1.0;0.9999894093651817;0.9997582078282077;0.9998188466607357;1.0;0.9998881238246203;0.9999388479162569;0.999661233144719;0.9995954755686806;0.9998940933405658;1.0;0.9999920672329303;1.0001492387603577;0.9999480344339569;0.9999434039713069;0.9999185861407557;0.999990301305916;1.024999976158142;
2016-12-24 21:15:00;1.0;0.9999710393947953;0.9999150804364331;0.9999870819732111;0.9999730339995184;0.9999791011372968;1.0;0.9999194434192834;0.9998980482469813;0.9999918845614567;0.9999531738658775;1.0;0.9999865940524588;0.9999999999999999;0.9998640564281494;0.9998724765267633;0.9998748232167505;1.0;0.9999999999999999;0.9999091904796578;0.999952622385517;1.0;0.9998738462303068;0.9999985973977638;1.0001816604284948;0.9999244439522403;1.0;0.9999867011381783;0.999759124669216;0.9998175410155521;1.0;0.9998780486234259;0.9999313702926694;0.9996340530564091;0.9995659294608977;0.999882337369565;0.9999999999999999;0.9999892724926027;1.0001559214474003;0.9999419409775923;0.999932984448912;0.9999029874352755;0.9999906416205732;1.024999976158142;
2016-12-24 21:30:00;1.0;0.9999739276268764;0.9999415567067884;0.9999926520732159;0.9999816863916231;0.9999877038050181;1.0;0.9999452788958592;0.9999318513710849;0.9999941148660039;0.9999684847991456;1.0;0.9999869562086872;1.0;0.999902277862966;0.9999098519587303;0.9999115954977468;0.9999999999999999;0.9999999999999999;0.9999367243224814;0.9999608380689697;1.0;0.9999107746945974;0.9999989633385556;1.000175178705333;0.9999434707526162;1.0;0.9999918832423975;0.9997518277845812;0.9998128666629762;1.0;0.9998713215044911;0.9999521840856355;0.9996063775219413;0.9995375817998374;0.9998809533179218;1.0;0.9999912732606052;1.0001506135708103;0.9999594679468219;0.9999470564312262;0.9999339713278642;0.9999910422310435;1.024999976158142;
2016-12-24 21:45:00;1.0;0.9999683634059067;0.9999111658028366;0.9999873806795085;0.99997166169482;0.999978865550738;1.0;0.9999200109922584;0.9998929890725603;0.9999914670577331;0.9999520264932938;0.9999999999999999;0.9999839993071271;0.9999999999999999;0.9998656772811242;0.9998748638235406;0.9998770746532407;1.0;1.0;0.9999039778208373;0.9999466069898588;1.0;0.9998760479783031;0.9999986689097731;1.000182097411888;0.9999185281927937;1.0;0.9999864430862475;0.999752266873085;0.9998125540398062;1.0;0.9998822473051115;0.99992761661188;0.9996281383195379;0.9995579178015734;0.9998989342268274;1.0;0.9999892724926028;1.0001563519385088;0.9999387553304722;0.9999259947415329;0.9998982885260249;0.9999890365204724;1.024999976158142;
2016-12-24 22:00:00;1.0;0.9999741426055269;0.999929063477301;0.9999899956514667;0.9999778429226736;0.9999836790337372;1.0;0.99993143912687;0.999916156213724;0.9999932762273148;0.9999611582344847;0.9999999999999999;0.9999861417707095;0.9999999999999999;0.9998813656440082;0.9998888694083011;0.9998909124819938;1.0;1.0;0.9999230610560206;0.9999549652058447;1.0;0.9998899841593943;0.9999987197502698;1.0001765037268588;0.9999326700388891;0.9999999999999999;0.9999895163404426;0.9997563848027485;0.9998181255866603;1.0;0.9998731481212921;0.999943032575543;0.999595647848761;0.9995304488628833;0.999893693707082;1.0;0.9999912732606053;1.0001516535694914;0.9999518060450728;0.9999381576956451;0.99991911585361;0.9999906126499125;1.024999976158142;
2016-12-24 22:15:00;0.9999999999999999;0.9999723396793431;0.9999310800123541;0.9999894732376664;0.9999779270194841;0.9999832788734764;1.0;0.9999338854749258;0.9999180036723033;0.9999930029690299;0.9999615917268041;0.9999999999999999;0.999990244528776;0.9999999999999999;0.9998857080120003;0.999893749733391;0.9998958971038723;0.9999999999999999;0.9999999999999999;0.9999279661803487;0.9999653288412902;1.0;0.999895099589787;0.9999988282028466;1.0001748542981932;0.9999418460635962;0.9999999999999999;0.999989252894402;0.999762202583683;0.9998184335085359;1.0;0.9998747181184017;0.9999434337799136;0.9996201451456543;0.9995507190525534;0.9998817874205128;0.9999999999999999;0.9999892724926029;1.0001500797373581;0.9999520518540476;0.9999497754330137;0.999922163426746;0.9999927327407899;1.024999976158142;
2016-12-24 22:30:00;1.0;0.9999833196060446;0.9999457533108721;0.9999914835266241;0.9999825727707402;0.9999861539790422;1.0;0.9999492750848697;0.9999338558351127;0.9999950455966045;0.9999700731823588;1.0;0.9999925509840519;1.0;0.9999167374293246;0.9999215787900037;0.9999229719865015;1.0;0.9999999999999999;0.99994220366457;0.999971768955149;0.9999999999999999;0.9999224082942804;0.999999172572525;1.0001686169934143;0.99995332228787;0.9999999999999999;0.9999913580447395;0.9997488932970003;0.9998137547588769;1.0;0.9998789671648208;0.9999560805843649;0.9996360672511313;0.9995709407655725;0.9998837233901448;1.0;0.9999908604325449;1.0001451361163218;0.9999628670962359;0.9999593856692716;0.9999377052337765;0.9999947612062062;1.024999976158142;
2016-12-24 22:45:00;1.0;0.9999857790101296;0.9999641637836586;0.9999949451196454;0.9999887986613237;0.9999919019421531;1.0;0.9999644180184156;0.9999580061313033;0.9999965457593751;0.9999801705461789;1.0;0.999993278973813;1.0;0.9999373210814964;0.9999414597264993;0.9999426012664981;0.9999999999999999;1.0;0.9999616348482288;0.999978245780252;1.0;0.9999421190858737;0.999999315152914;1.0001618175284417;0.9999667788923321;1.0;0.999994798378795;0.9997599891607164;0.9998202402664101;1.0;0.9998880365607946;0.9999710731295027;0.9996559423217416;0.9995906196111443;0.9998974131753678;1.0;0.9999912732606053;1.0001393848130822;0.9999755014688066;0.9999698395118153;0.9999594336127565;0.9999953280489211;1.024999976158142;
2016-12-24 23:00:00;1.0;0.9999837536157309;0.9999600499392168;0.9999945249889056;0.999987881368503;0.9999914567639817;0.9999999999999999;0.9999574465369754;0.9999543429574824;0.9999961975709019;0.9999776567465591;1.0;0.9999912930426067;1.0;0.9999228170206127;0.9999275343874321;0.9999289689344316;1.0;1.0;0.9999567336970258;0.9999730119330049;1.0;0.9999283468911776;0.9999990912530355;1.0001655489579788;0.99996056914171;1.0;0.999994465643413;0.9997534474772637;0.9998134315350219;1.0;0.9998780848261248;0.9999683759469599;0.9996323302191349;0.9995627834911258;0.9998836125687826;1.0;0.9999900664615025;1.0001425004319513;0.9999732284513714;0.9999633232724288;0.9999549459419639;0.9999941014304088;1.024999976158142;
2016-12-24 23:15:00;1.0;0.9999803601672044;0.9999507556439949;0.9999928721602961;0.9999839985769409;0.999988193781358;1.0;0.9999560796066547;0.9999405449245259;0.9999950863658719;0.9999731833429525;1.0;0.9999925847631664;1.0;0.9999257991061736;0.9999315124378915;0.9999328290574001;1.0;1.0;0.9999481241013238;0.999974385096774;0.9999999999999999;0.9999322981704024;0.9999992978179667;1.0001674597694443;0.9999581716799061;1.0;0.9999924409519321;0.9997562620888698;0.999815947346365;1.0;0.9998832785119716;0.9999590984134576;0.9996500025684908;0.9995817580938731;0.9998871998527493;1.0;0.9999904792909121;1.0001441135006095;0.9999653315751814;0.9999633655976433;0.9999440791552329;0.9999945714697822;1.024999976158142;
2016-12-24 23:30:00;1.0;0.9999828144297018;0.999934218550091;0.9999885605114937;0.999978522099316;0.9999817012127701;0.9999999999999999;0.9999387786364776;0.999918254562236;0.9999940476440314;0.9999631953849416;1.0;0.9999942640329338;0.9999999999999999;0.9999031674174842;0.9999081583171004;0.9999097766877042;0.9999999999999999;1.0;0.9999310855522776;0.9999722013952319;1.0;0.9999092200710133;0.9999990839459496;1.0001706553564789;0.9999481694464517;1.0;0.9999887347987095;0.9997629478745446;0.9998234748949618;1.0;0.999880458377911;0.9999466649036384;0.9996419753216835;0.9995794558163862;0.9998841837093333;1.0;0.999989685320429;1.0001467643669486;0.9999549296235637;0.999957575527558;0.9999241674263317;0.9999956643461082;1.024999976158142;
2016-12-24 23:45:00;1.0;0.9999836807247651;0.9999544646614987;0.9999926852430459;0.9999855994771509;0.999988677085325;1.0;0.9999535176775146;0.9999459351752844;0.9999956320160893;0.9999741730330769;1.0;0.9999939571081246;1.0;0.9999197980835408;0.9999245345173611;0.9999260409621902;1.0;1.0;0.9999523178469241;0.9999773267383841;0.9999999999999999;0.9999254983033119;0.9999991311535249;1.0001610213638277;0.9999613650305;1.0;0.99999285667905;0.9997611946784738;0.9998195773814605;1.0;0.9998946196498298;0.9999633026571425;0.9996587945470298;0.9995910595214272;0.9999152521445244;1.0;0.9999916544037752;1.0001385032629433;0.9999689318001544;0.9999669055384931;0.9999484265164501;0.9999955569093889;1.024999976158142;
2016-12-25 00:00:00;1.0;0.9999888857524747;0.9999719165262866;0.9999960422083594;0.9999919078047874;0.999994252028019;0.9999999999999999;0.9999658432658165;0.9999691499735848;0.999997422657556;0.9999837607185361;1.0;0.9999931917097604;1.0;0.9999360599245646;0.999939295032878;0.9999405302497161;1.0;1.0;0.9999693124086512;0.9999792383766759;1.0;0.9999400085101413;0.9999991725921965;1.0001620743424389;0.9999704336091083;1.0;0.9999962756620008;0.9997493017617972;0.9998087735540784;1.0;0.9998815395739752;0.9999786465957274;0.9996460904031184;0.9995729912188028;0.999884633911136;1.0;0.9999892724926028;1.0001396254287143;0.999981942277564;0.9999721007192255;0.9999685189461224;0.9999954960167525;1.024999976158142;
2016-12-25 00:15:00;1.0;0.9999856317763478;0.9999432046606495;0.9999904629250428;0.9999813614595424;0.9999843630612858;0.9999999999999999;0.9999493730630332;0.9999288747191607;0.9999949736487692;0.9999687245113686;1.0;0.9999943645753231;1.0;0.9999215113231692;0.9999256814865247;0.9999269072078435;1.0;0.9999999999999999;0.9999399071974373;0.9999744306158352;1.0;0.9999264436194979;0.9999992955539492;1.0001661124246841;0.9999542597562171;1.0;0.9999903998473066;0.9997663665667464;0.9998247855849939;1.0;0.9998931962213964;0.9999537781786703;0.9996836412380757;0.9996198598498393;0.9998941116441633;1.0;0.999990860432545;1.0001430402779068;0.9999609532181283;0.9999617822269603;0.9999342160110517;0.9999959154750371;1.024999976158142;
2016-12-25 00:30:00;1.0;0.9999872222997448;0.9999657543116551;0.9999950647277681;0.999989492247635;0.9999922688259147;1.0;0.9999641014528139;0.9999602623746073;0.9999968093705657;0.9999808230301599;1.0;0.9999933235937217;1.0;0.9999362965081579;0.9999400087214839;0.9999411714741937;0.9999999999999999;1.0;0.9999630793575335;0.9999783054757356;1.0;0.9999406796405927;0.9999992677426847;1.0001613512703722;0.9999673016672954;1.0;0.9999950653232578;0.9997598603677497;0.9998177295794433;1.0;0.9998913912353401;0.999972860152126;0.9996723209405273;0.9996034008863688;0.9998963862964536;1.0;0.9999900664615023;1.0001389982021585;0.9999770367584064;0.9999701026124288;0.9999611911442234;0.9999954543465354;1.024999976158142;
2016-12-25 00:45:00;1.0;0.9999825971135774;0.999977195598562;0.9999978689274601;0.9999936825912079;0.999997233957242;1.0;0.9999705604203611;0.9999778377297103;0.9999972483834648;0.9999868125555197;1.0;0.9999920209720368;1.0;0.9999373983880288;0.9999424498107006;0.9999438570513669;1.0;0.9999999999999999;0.9999756848428716;0.9999801278522426;1.0;0.9999432732253014;0.9999991619182185;1.0001566800060468;0.9999740609046757;0.9999999999999999;0.9999977945468396;0.9997642702938083;0.9998226025308119;1.0;0.9998987406442842;0.9999818794452743;0.9996821534073281;0.9996164111558988;0.9999117543314953;1.0;0.9999916544037752;1.000134808029555;0.9999845408152682;0.9999742744468829;0.9999758841249203;0.9999944206065002;1.024999976158142;
2016-12-25 01:00:00;1.0;0.999972121295685;0.9999667964176764;0.9999964292996449;0.9999904621478273;0.9999955291083906;1.0;0.9999574562005086;0.9999676494119194;0.9999955662088631;0.9999803623095311;1.0;0.9999906109472209;1.0;0.9999087381048505;0.9999168371772023;0.9999190280002422;1.0;1.0;0.9999664547750016;0.999976832341164;1.0;0.9999182335501232;0.9999988147609045;1.0001642610427108;0.9999668808719993;1.0;0.9999964306852543;0.9997503915540772;0.9998120763764419;1.0;0.999890263012686;0.9999727154220395;0.9996728672793473;0.9996036492063269;0.9998926296092356;0.9999999999999999;0.9999888913511111;1.000140902283268;0.9999766537922913;0.9999688129440214;0.9999655295578692;0.9999929199129386;1.024999976158142;
2016-12-25 01:15:00;1.0;0.9999759463508376;0.9999719378069319;0.9999971804659232;0.9999916944289641;0.9999962316724496;1.0;0.9999666482022131;0.999971989903737;0.9999962202514712;0.9999837916754877;1.0;0.9999921717910086;1.0;0.9999285307024842;0.9999355001253069;0.9999372148092075;1.0;1.0;0.9999717009434037;0.9999809091612216;1.0;0.9999365839910273;0.9999991085857506;1.0001611159087016;0.9999727044060311;1.0;0.9999969896907932;0.9997334966590469;0.9998038958105238;1.0;0.9998914507060834;0.9999763779182449;0.999677003171128;0.9996099127342865;0.9998933819644071;0.9999999999999999;0.9999904792909119;1.0001384073907233;0.999979779624943;0.9999743006495803;0.9999707649675772;0.9999940451751116;1.024999976158142;
2016-12-25 01:30:00;1.0;0.9999789149274837;0.9999743897781844;0.9999976254857743;0.9999925313124125;0.9999967306983468;1.0;0.9999698216227602;0.9999744473578763;0.9999966751867466;0.9999854221344655;1.0;0.9999920108634023;0.9999999999999999;0.9999355282268054;0.9999416616121818;0.9999431589086952;1.0;1.0;0.9999734957991145;0.99998044609225;1.0;0.9999425664490551;0.9999991864758235;1.0001598025400615;0.9999734156632673;1.0;0.9999973721322609;0.9997301526234089;0.999794866611749;1.0;0.9998902482293622;0.9999787316085372;0.9996513117696669;0.999573045078827;0.9999072108697479;0.9999999999999999;0.9999904792909121;1.0001374092068143;0.9999818147038019;0.9999742488679344;0.9999730878491758;0.9999941566753165;1.024999976158142;
2016-12-25 01:45:00;1.0;0.9999806486578718;0.9999741829069124;0.9999974187334869;0.9999927414372738;0.999996601602246;1.0;0.999967210378758;0.9999745457140415;0.9999968629148405;0.9999850396625658;1.0;0.9999915974820207;1.0;0.9999308256135261;0.9999364530375869;0.9999380151084705;1.0;1.0;0.9999727384272703;0.999978840765508;0.9999999999999999;0.9999373840216084;0.9999990857805988;1.000158378094999;0.9999716961307891;1.0;0.999997353375178;0.9997260658067697;0.9997931369918631;0.9999999999999999;0.9998978852589873;0.9999793529541151;0.9996566057250926;0.9995787730817042;0.9999265576695637;0.9999999999999999;0.9999912732606052;1.0001361894603695;0.999982384603128;0.9999723229858677;0.9999726581615528;0.999994050921806;1.024999976158142;
2016-12-25 02:00:00;1.0;0.9999887410688826;0.9999816620352315;0.9999983548249428;0.9999949488848132;0.9999975951418865;1.0;0.9999775260053332;0.9999814128804329;0.9999980876678861;0.9999897507164227;1.0;0.9999930347478182;0.9999999999999999;0.9999540093980154;0.9999572859105669;0.9999582172276985;1.0;1.0;0.9999794558972184;0.9999820380927842;0.9999999999999999;0.9999577681775675;0.9999993833981422;1.0001583470365127;0.9999775499497314;0.9999999999999999;0.9999982130473328;0.9997516968642142;0.9998095373999207;1.0;0.9998913295954054;0.9999858233563677;0.9996707642948583;0.9995964821598603;0.9998972667528662;0.9999999999999999;0.9999892724926027;1.0001365220090856;0.9999879597044741;0.9999771571054104;0.9999799784141916;0.9999954000913029;1.024999976158142;
2016-12-25 02:15:00;1.0;0.9999930754804387;0.9999831861916917;0.9999976300198404;0.9999957069381914;0.9999970658216188;1.0;0.9999743608020378;0.9999832820996569;0.9999985332796463;0.9999896765526322;1.0;0.9999947296359651;1.0;0.9999492931850557;0.9999513065749103;0.9999523419543659;0.9999999999999999;1.0;0.9999812261540273;0.999984760169832;1.0;0.9999519109908981;0.9999992639122361;1.0001568314241978;0.9999795983743297;1.0;0.9999980610563598;0.9997501002121082;0.9998107306452179;1.0;0.9998852355505069;0.9999882391619976;0.999649410417554;0.9995783971754185;0.9998934707387214;1.0;0.999990860432545;1.0001352112439912;0.9999900710646511;0.9999800592991955;0.9999814673144648;0.9999966306684315;1.024999976158142;
2016-12-25 02:30:00;1.0;0.9999930025866857;0.9999822015036139;0.9999972937187173;0.9999956343489095;0.9999968550708059;1.0;0.9999705807574183;0.9999828173981994;0.9999984815864883;0.9999887099224637;1.0;0.9999944919732803;1.0;0.9999414420322801;0.9999434744880534;0.9999446942526315;1.0;0.9999999999999999;0.9999801844933704;0.9999838285069216;1.0;0.999944207615072;0.9999991292192192;1.0001559181695248;0.9999781091202639;1.0;0.9999979360402603;0.9997659070893593;0.9998267024182;1.0;0.9998963190905733;0.9999879701974332;0.9996936660656254;0.999633109537778;0.9998966721439345;1.0;0.9999912732606054;1.0001343528602256;0.999989854509284;0.9999787390268494;0.9999804859739758;0.9999964958416442;1.024999976158142;
2016-12-25 02:45:00;0.9999999999999999;0.9999917725709528;0.9999849041211087;0.999997760130739;0.9999956924004673;0.999997081765115;1.0;0.999979701801849;0.9999842731245674;0.9999983884236938;0.9999908298487349;1.0;0.999996808505273;1.0;0.9999599317699426;0.9999623140087838;0.9999631988863364;1.0;0.9999999999999999;0.9999843721984122;0.9999904725451043;1.0;0.9999628876286509;0.9999994695762426;1.0001488494619934;0.9999853223645583;1.0;0.9999980354988757;0.9997749673792043;0.9998480963424562;0.9999999999999999;0.9999236315460319;0.9999883357067799;0.9997728867150245;0.9997362596740155;0.9999248362148476;0.9999999999999999;0.9999900664615023;1.000128304633114;0.999990090471828;0.999986738250011;0.9999836589624705;0.9999976819034089;1.024999976158142;
2016-12-25 03:00:00;1.0;0.9999863527933593;0.9999843660267967;0.9999981415936128;0.9999950049330524;0.9999973849696706;1.0;0.9999834226160093;0.9999834721044872;0.9999977755121228;0.9999909761986822;1.0;0.9999972627398541;1.0;0.9999652535397335;0.9999692073408198;0.9999700886522247;1.0;1.0;0.9999851419409991;0.9999931542252303;0.9999999999999999;0.9999698164644478;0.9999996148788313;1.000150972916937;0.9999879534757644;1.0;0.9999980292096926;0.9997819348504721;0.999853943778822;1.0;0.9999134028307826;0.9999861553308458;0.999755962996097;0.9997226796921886;0.9999056366140026;0.9999999999999999;0.9999896853204288;1.0001300405154532;0.9999881299878288;0.9999898488901389;0.9999837509362445;0.9999975555075808;1.024999976158142;
2016-12-25 03:15:00;1.0;0.9999901828765684;0.9999854371154092;0.9999978270992448;0.9999955694070397;0.9999971196757425;1.0;0.9999820730335948;0.9999845696984083;0.9999981998122294;0.9999912044350165;1.0;0.9999977793861575;1.0;0.9999641514924502;0.9999669950231617;0.9999678492240179;0.9999999999999999;1.0;0.9999857841605305;0.9999933693054456;0.9999999999999999;0.999967587708438;0.999999559865537;1.0001514040216135;0.9999881182176082;1.0;0.9999980053312068;0.9997747911915981;0.999847403353165;0.9999999999999999;0.999910835656316;0.9999879797762284;0.9997532117707847;0.9997162565624544;0.9998997909572053;1.0;0.9999900664615026;1.0001304788969092;0.9999897418103528;0.9999900793597162;0.9999845385447227;0.9999981038096312;1.024999976158142;
2016-12-25 03:30:00;1.0;0.9999927852617398;0.9999857499387939;0.9999976105671481;0.999996064680823;0.9999970815754945;1.0;0.9999788621849156;0.9999854912723387;0.9999985126637598;0.9999909679844542;1.0;0.999997352036876;0.9999999999999999;0.9999582242553428;0.9999603170990538;0.9999612569404579;1.0;1.0;0.9999854183846576;0.9999915645699035;1.0;0.999960947561004;0.999999424083108;1.0001500532041334;0.9999863244335304;1.0;0.9999980690179907;0.9997698761983289;0.9998424337691159;0.9999999999999999;0.9999165140093416;0.9999893591553235;0.9997544008800026;0.9997137737020171;0.9999160230446367;1.0;0.9999916544037752;1.0001293296104803;0.9999909684313842;0.9999879770790983;0.9999846505709791;0.9999980488877824;1.024999976158142;
2016-12-25 03:45:00;1.0;0.9999931463869598;0.999988702906918;0.999998034451395;0.9999967881600242;0.9999976581659;1.0;0.9999832890035765;0.9999885957062175;0.999998676370165;0.9999927252163184;1.0;0.9999984197360016;1.0;0.9999664318138328;0.9999684197281784;0.9999692218332277;1.0;0.9999999999999999;0.9999890006905723;0.9999948180832584;1.0;0.9999689854007131;0.9999995482006867;1.0001490461401985;0.9999904053126986;0.9999999999999999;0.9999984168631539;0.9997718186164225;0.9998416895104257;1.0;0.9999133453742894;0.9999912563154431;0.9997432517709505;0.9996998978251664;0.9999140933394768;1.0;0.9999900664615023;1.0001284978588991;0.9999925511714133;0.9999921193554516;0.9999880789299861;0.9999986590822482;1.024999976158142;
2016-12-25 04:00:00;1.0;0.9999948098723098;0.9999912022895664;0.9999985860702053;0.9999972954977625;0.9999980816492329;0.9999999999999999;0.9999893649417844;0.9999904211326076;0.9999989663578203;0.9999946878397771;0.9999999999999999;0.9999989062842324;1.0;0.9999793881676613;0.999980898981885;0.9999813780931066;1.0;0.9999999999999999;0.9999913849545222;0.9999963384839177;1.0;0.999981235703052;0.9999997514944351;1.0001498892585674;0.9999930606817892;1.0;0.9999987172076943;0.9997702710594909;0.9998418673622615;0.9999999999999999;0.9999073669855207;0.9999928012853653;0.9997336057023665;0.999692126961022;0.9999027014167097;1.0;0.9999912732606053;1.000129372516318;0.9999938662799138;0.9999943644913506;0.9999905350589049;0.9999990396679542;1.024999976158142;
2016-12-25 04:15:00;1.0;0.9999888823027987;0.9999847874006887;0.999997752999978;0.9999954884903466;0.9999971909225533;1.0;0.9999799161846947;0.9999844921496924;0.9999980507167657;0.9999906244855831;1.0;0.9999974581618606;1.0;0.9999587956932501;0.9999620178692913;0.9999630234408546;1.0;0.9999999999999999;0.9999852806084818;0.9999927779877894;1.0;0.999962716546493;0.9999994753298861;1.0001511225664947;0.9999872799768591;1.0;0.9999980019506585;0.999778859747677;0.9998462362654346;0.9999999999999999;0.9999061788075069;0.9999875540450016;0.9997272394626167;0.9996849808368996;0.9999034630440752;1.0;0.9999892724926027;1.0001301606106134;0.9999893648978764;0.9999892871678767;0.9999840835424801;0.9999978373468553;1.024999976158142;
2016-12-25 04:30:00;1.0;0.9999914849371221;0.9999868621251667;0.999998097690128;0.9999964798857295;0.999997823148258;1.0;0.9999798782512048;0.9999874054078521;0.9999984980939192;0.999991690279765;1.0;0.9999967424839288;0.9999999999999999;0.9999584206552246;0.9999608920854451;0.9999618575542698;1.0;1.0;0.9999865479376916;0.9999909405638995;1.0;0.999961524466398;0.9999994183847214;1.0001487482877758;0.9999864681790456;1.0;0.999998453190614;0.9997711941993884;0.9998408045093958;0.9999999999999999;0.999919088418569;0.9999901064005059;0.9997502648629334;0.9997058324169383;0.9999265730126606;1.0;0.9999908604325448;1.0001281814455343;0.9999915755906077;0.9999875661709244;0.9999861642822614;0.9999976243858911;1.024999976158142;
2016-12-25 04:45:00;1.0;0.9999919181094983;0.9999879276792102;0.9999983778704042;0.9999966731452634;0.9999980477955043;0.9999999999999999;0.9999827718633355;0.9999881742223408;0.999998597603115;0.999992568008838;1.0;0.9999969101404589;1.0;0.9999644188368307;0.9999667629961941;0.9999675834728783;1.0;1.0;0.9999875903939816;0.9999915931093094;0.9999999999999999;0.9999672919376611;0.9999995133044672;1.0001513665212172;0.9999876471016226;1.0;0.9999985976708842;0.9997785355827858;0.9998478091554475;1.0;0.9999069971538677;0.999990675769644;0.9997300760045601;0.9996904696426034;0.9999039908677074;1.0;0.9999896853204289;1.0001305060318493;0.9999920559270709;0.999988545322216;0.99998723837844;0.999997746687184;1.024999976158142;
2016-12-25 05:00:00;1.0;0.9999922792334428;0.9999868457760154;0.9999977338628258;0.9999960609770806;0.9999970943297252;1.0;0.999982586231805;0.999986028933431;0.9999984539480193;0.9999917864146977;1.0;0.9999985150091794;1.0;0.9999658634395846;0.9999681026558517;0.9999689109641406;1.0;1.0;0.9999872504701957;0.9999947738740169;1.0;0.9999686798808447;0.9999995662832909;1.0001510403949827;0.9999896464376596;0.9999999999999999;0.9999980606280771;0.9997795371282122;0.9998531082280111;1.0;0.9999087255518792;0.9999894660007738;0.9997437026282608;0.9997113193911168;0.9998999144746084;1.0;0.9999912732606053;1.0001302033286585;0.9999910261055142;0.9999917708787233;0.9999859585631722;0.9999986512875357;1.024999976158142;
2016-12-25 05:15:00;0.9999999999999999;0.9999914849371219;0.9999859897231461;0.999997520267185;0.9999960216726463;0.9999970670732472;0.9999999999999999;0.9999790347538592;0.9999858900944977;0.9999983493341114;0.9999909245905585;1.0;0.9999981420777178;1.0;0.9999578601371198;0.999960331565955;0.9999613437614479;1.0;1.0;0.9999864302306612;0.9999938004881127;1.0;0.9999610499481449;0.9999994322241462;1.0001508179723237;0.9999882543582551;1.0;0.999998018367105;0.9997746933142698;0.9998468689240354;1.0;0.999912263344471;0.9999891699071345;0.9997497857869228;0.9997120367354255;0.999906418427343;1.0;0.9999884785248687;1.0001299253279228;0.9999907726026273;0.9999904612436646;0.999985243739481;0.999998391436845;1.024999976158142;
2016-12-25 05:30:00;1.0;0.9999912673540753;0.9999874245820631;0.9999982304255086;0.9999961173520295;0.9999975759702845;1.0;0.999985289379339;0.9999865445155137;0.9999984270418236;0.9999925508035863;1.0;0.999997965986444;0.9999999999999999;0.9999705646907139;0.9999730965803257;0.9999737959378532;1.0;1.0;0.9999876844509327;0.9999941265644678;1.0;0.9999735766353768;0.9999996509838642;1.0001494689943924;0.9999897326077094;1.0;0.9999983067655063;0.9997756920649615;0.9998485209231203;1.0;0.9999086590747363;0.9999894612232704;0.9997292593849764;0.9996930544023674;0.9999095301896475;1.0;0.9999892724926027;1.0001288815840808;0.9999910017473792;0.999991319643238;0.9999866283939052;0.9999982805149408;1.024999976158142;
2016-12-25 05:45:00;1.0;0.9999939435556733;0.9999891634614793;0.9999984627023158;0.9999970154234584;0.9999980692865533;1.0;0.9999846961743417;0.9999890652950247;0.9999988523414673;0.9999933705231187;1.0;0.9999973140402858;1.0;0.9999692770298467;0.999971042390321;0.9999717208908354;1.0;1.0;0.999988632121094;0.9999922934817996;1.0;0.99997147259316;0.9999995801835522;1.0001504949458853;0.9999887312576212;1.0;0.9999986787802915;0.9997851691935168;0.9998622109628696;1.0;0.9999119987118816;0.9999918030638244;0.99975124498995;0.9997277629509305;0.9999046307342159;0.9999999999999999;0.9999892724926027;1.0001298347103291;0.9999930366101247;0.9999895247454614;0.9999883235509152;0.9999981062470069;1.024999976158142;
2016-12-25 06:00:00;1.0;0.9999945931749571;0.9999666535797239;0.9999935811041787;0.9999892676633665;0.9999900647754939;1.0;0.9999662256412504;0.9999582962443051;0.9999973038175021;0.9999808163550467;1.0;0.9999980644704579;1.0;0.9999474835388282;0.9999490579783407;0.9999499206231179;1.0;0.9999999999999999;0.9999649972930335;0.9999869896080206;1.0;0.9999496500180279;0.9999994600109195;1.0001561351028707;0.9999740734685002;1.0;0.9999940539427161;0.9997827477463552;0.9998566395973535;1.0;0.999913844091785;0.9999738090158852;0.9997578756872144;0.9997279941349675;0.9999056591582983;1.0;0.9999904792909121;1.0001346391002133;0.9999779259609101;0.9999794555129146;0.9999612207152777;0.9999985631147263;1.024999976158142;
2016-12-25 06:15:00;1.0;0.9999888816666742;0.9999553673315426;0.9999919108048592;0.9999849716824161;0.9999869028066161;1.0;0.9999611902273485;0.9999431427887487;0.9999959432908535;0.9999751297290771;0.9999999999999999;0.9999979911295638;1.0;0.9999417511056264;0.9999449699072978;0.9999459182289835;1.0;1.0;0.9999540943417614;0.9999853240059642;1.0;0.9999456455058148;0.9999995313744029;1.000157444683132;0.9999683431599636;1.0;0.9999920191263582;0.9997739826849464;0.9998524765073133;1.0;0.99992594037775;0.9999630817114289;0.9997931918524425;0.9997642231222896;0.9999179697472516;0.9999999999999999;0.9999900664615023;1.0001356415026927;0.999968787438808;0.9999758256698617;0.9999483976667068;0.9999981301812575;1.024999976158142;
2016-12-25 06:30:00;0.9999999999999999;0.9999809277873719;0.9999384430197868;0.9999897409193564;0.999978941911142;0.9999827269530646;1.0;0.9999515255743858;0.9999213366230996;0.9999940831761247;0.9999666343090214;1.0;0.9999960020195452;0.9999999999999999;0.9999279674970808;0.999933473134711;0.9999346094548234;1.0;1.0;0.9999366018556054;0.9999783322932357;1.0;0.9999342470276333;0.9999995203348149;1.0001648686736733;0.9999560083983817;1.0;0.9999893073991999;0.9997644502783201;0.9998469288669504;1.0;0.9999058772064533;0.999947798097379;0.9997405307329705;0.9997119534564268;0.9998935255350919;0.9999999999999999;0.9999916544037751;1.000141889186827;0.9999557995303732;0.9999654466289095;0.9999290488281937;0.9999964938811772;1.024999976158142;
2016-12-25 06:45:00;1.0;0.9999817999904252;0.9999532912527601;0.9999924912906989;0.999984403620139;0.9999878254604545;0.9999999999999999;0.9999590015614573;0.9999424871732955;0.9999952474550257;0.9999741454533985;1.0;0.9999958531332387;0.9999999999999999;0.9999327471953944;0.9999380211352983;0.999939271687562;1.0;1.0;0.9999523171753872;0.9999820614243848;1.0;0.9999388713866142;0.9999994168743382;1.0001653376669706;0.9999652904670311;1.0;0.9999923152381309;0.9997617879099782;0.9998468610668416;1.0;0.9998584365457995;0.9999605897458456;0.9995573978389928;0.9995318676435312;0.9998755709261122;1.0;0.9999908604325449;1.000142269388801;0.9999665750472647;0.9999721017228936;0.999947057297882;0.9999964676046323;1.024999976158142;
2016-12-25 07:00:00;1.0;0.999992570292645;0.9999577393408979;0.9999923071977502;0.9999860223915646;0.9999874989332692;1.0;0.9999621196590349;0.9999459943162268;0.999996521040478;0.9999764997196382;1.0;0.9999972887309694;1.0;0.9999440473330998;0.9999462103230424;0.9999470276204383;1.0;1.0;0.9999554074003475;0.99998332929514;1.0;0.9999467483096705;0.9999995141776925;1.0001651052103464;0.9999675566241539;1.0;0.9999924901873424;0.9997553456743392;0.9998397148499932;1.0;0.9998507549415725;0.9999659252067984;0.9995272724420494;0.9994965285121725;0.9998729725653106;1.0;0.9999912732606053;1.0001423951726314;0.9999712628375488;0.9999739961346258;0.9999505900517324;0.999997997356096;1.024999976158142;
2016-12-25 07:15:00;1.0;0.9999946651855094;0.9999509052359143;0.9999905928660247;0.9999836962806293;0.9999847075391158;1.0;0.9999563246477138;0.999936250294983;0.999996201948247;0.9999726403606575;1.0;0.9999978261694181;0.9999999999999999;0.9999384385156775;0.999939990613678;0.9999408015043303;1.0;1.0;0.9999479718891419;0.9999818075528507;1.0;0.9999405351556199;0.9999994864649364;1.0001692391145443;0.9999630144301774;1.0;0.9999909304494928;0.999745377307143;0.9998368749694259;1.0;0.9998310654160634;0.9999607988269651;0.9994453957938949;0.999419358526876;0.9998695104860444;1.0;0.999990860432545;1.0001459976761589;0.9999669942722313;0.999970967355488;0.9999420540932682;0.9999984377895407;1.024999976158142;
2016-12-25 07:30:00;1.0;0.9999917005246567;0.9999583321325465;0.9999924343806135;0.999986764539491;0.9999882416618648;1.0;0.9999574115963721;0.9999486965077431;0.9999965570965238;0.9999762063048233;1.0;0.9999961316879559;1.0;0.9999318236609901;0.9999342281712791;0.9999353619044911;1.0;1.0;0.9999557881114348;0.9999809484634008;1.0;0.9999349624495755;0.999999274561424;1.0001626842434599;0.9999654992481335;1.0;0.9999928842186351;0.9997564241980658;0.9998381873570467;1.0;0.9998901774261881;0.9999673255629774;0.9996744067735003;0.9996396413493598;0.9998913316792927;1.0;0.9999900664615022;1.0001401848755789;0.9999724491962454;0.9999713475747061;0.9999517262464154;0.999997305578052;1.024999976158142;
2016-12-25 07:45:00;0.9999999999999999;0.9999890269485093;0.9999650297444702;0.9999941885487976;0.9999887551673929;0.9999908361149084;1.0;0.9999658576062784;0.999957546829513;0.9999967574202179;0.9999803114314876;1.0;0.9999961187640343;1.0;0.9999433680575939;0.9999465488496547;0.999947560681005;1.0;1.0;0.9999633962940951;0.9999838790566509;1.0;0.9999472026205245;0.9999994225849965;1.0001635919827967;0.9999713932695975;0.9999999999999999;0.9999943043711218;0.9997448850666184;0.9998155016444524;1.0;0.9998665154097511;0.9999717100940785;0.9995929085781012;0.9995341548732382;0.9998756787770835;1.0;0.9999912732606053;1.0001409728080868;0.9999760685477657;0.9999759991612944;0.9999600529730757;0.9999971130706676;1.024999976158142;
2016-12-25 08:00:00;0.9999999999999999;0.999957740883708;0.9999339360153157;0.9999909131198315;0.9999773223433693;0.9999850067012862;1.0;0.999947324373883;0.9999212103403506;0.9999915771908291;0.9999640199177849;1.0;0.9999932656234145;1.0;0.9999049411302121;0.9999172073358881;0.9999193515015886;1.0;1.0;0.999935654304106;0.9999778600825537;1.0;0.9999187232538457;0.9999992755373938;1.0001735723136544;0.9999550501396989;1.0;0.9999897939270503;0.999747978570356;0.9998157950974466;1.0;0.9998523579264934;0.9999406751356378;0.9995294764071033;0.9994686292633124;0.999876274112799;1.0;0.9999892724926029;1.0001486686097414;0.9999493657092664;0.9999646916602741;0.9999277312183558;0.999993379477747;1.024999976158142;
2016-12-25 08:15:00;1.0;0.9999269624099317;0.9998888971619591;0.9999848068096264;0.9999609950331502;0.9999741643512434;0.9999999999999999;0.9999205637905735;0.9998653669162189;0.9999852708866305;0.999940498482034;1.0;0.9999903288393199;1.0;0.9998597919477182;0.9998809964642174;0.999884192847909;1.0;1.0;0.9998927163006051;0.999967232191337;1.0;0.9998833099998403;0.9999991694484821;1.000190444790454;0.9999288091483108;1.0;0.999982258476601;0.9997323134879946;0.9998046092442784;0.9999999999999999;0.9998381848354998;0.9998982548339465;0.9994785567943726;0.9994148357266811;0.9998683700832028;1.0;0.999989685320429;1.0001623400537403;0.999913105429427;0.999945809776869;0.9998783720597991;0.9999896347051925;1.024999976158142;
2016-12-25 08:30:00;1.0;0.9999825962681503;0.9999118926559111;0.9999837215503774;0.9999705241570955;0.9999735139775059;1.0;0.9999237245524194;0.999887039228735;0.9999922753161697;0.9999510809231762;1.0;0.9999956937107161;1.0;0.9998884867409018;0.999893534659559;0.9998951987533409;1.0;1.0;0.9999080525848477;0.9999687451547504;1.0;0.9998946836197053;0.9999991040082751;1.0001806327510294;0.9999353657465886;1.0;0.9999839119349304;0.9997375794487277;0.9998099206234392;0.9999999999999999;0.9998428251539605;0.9999280960716167;0.9994970699933808;0.9994367485245088;0.99986972230744;0.9999999999999999;0.9999896853204289;1.0001553342632228;0.9999393027094622;0.9999496703486234;0.9998972889937905;0.9999964340501514;1.024999976158142;
2016-12-25 08:45:00;1.0;0.9999823086286086;0.9999206683306706;0.9999857883249145;0.9999731396489908;0.9999764494838119;1.0;0.9999349081172294;0.9998977666115154;0.9999928725547667;0.9999565142911566;1.0;0.9999959411400974;1.0;0.9999062527785364;0.9999113899781032;0.999912754124445;1.0;1.0;0.999917437715543;0.9999722625671237;0.9999999999999999;0.9999123261104279;0.9999993293610779;1.0001776625310412;0.9999426510278798;1.0;0.9999856353390957;0.9997384706352915;0.9998038940189635;1.0;0.9998389803079418;0.9999343074970182;0.9994724668330581;0.9994020623589077;0.9998748797695943;1.0;0.9999892724926028;1.0001528783347085;0.9999444998500464;0.9999553376046767;0.9999076183640128;0.999996548385857;1.024999976158142;
2016-12-25 09:00:00;1.0;0.9999756613363154;0.9999306421493105;0.9999883555645179;0.9999763710500938;0.9999807795083975;0.9999999999999999;0.9999434909957828;0.9999125776775235;0.9999929529189993;0.9999619747175355;0.9999999999999999;0.9999957630491761;1.0;0.9999125425681538;0.9999196108178546;0.9999211418815979;1.0;1.0;0.9999294772805637;0.99997695266263;0.9999999999999999;0.9999206910337713;0.999999364380595;1.0001796230779798;0.9999514561813488;1.0;0.9999879467420976;0.999725453547796;0.9997955514438536;1.0;0.9998035130825992;0.9999410135913387;0.9993405428049693;0.9992697132442118;0.9998580948177316;1.0;0.9999900664615025;1.000154402401231;0.9999499949139365;0.9999625187120149;0.9999207726650339;0.9999959895580435;1.024999976158142;
2016-12-25 09:15:00;1.0;0.9999536242676664;0.9998938939918799;0.9999831847449772;0.9999631034377049;0.999971569627906;1.0;0.9999213583997493;0.9998663064296688;0.9999881580300759;0.9999428019896436;1.0;0.9999934474725074;1.0;0.9998772434699692;0.9998907119429402;0.999892987175585;1.0;0.9999999999999999;0.9998937988388034;0.9999675581165197;1.0;0.9998923485337682;0.999999287467857;1.0001882303585932;0.999929269719757;1.0;0.9999817233953447;0.9997306331464874;0.9998035719600986;1.0;0.9998177241924852;0.9999069311792018;0.9993927169051879;0.999329193599872;0.9998652862071007;1.0;0.999989685320429;1.0001611961461798;0.9999209180167808;0.9999462467232015;0.9998799550167704;0.999993191785331;1.024999976158142;
2016-12-25 09:30:00;1.0;0.9999125183585258;0.9998768828501359;0.9999834601516598;0.9999569427866405;0.9999723611247238;1.0;0.9999091862267675;0.9998531426949913;0.9999830020114588;0.9999335315182747;1.0;0.9999888148274345;1.0;0.9998334403435717;0.9998588628690481;0.9998628503225865;1.0;1.0;0.9998824897965969;0.9999645021744376;1.0;0.9998617672376783;0.9999989080129079;1.0001959718158615;0.9999218683390093;1.0;0.999980652578112;0.9997339661387924;0.9997719004598062;0.9999999999999999;0.9998078233337215;0.9998866484890649;0.999341174676947;0.9992265484796781;0.9998705706824571;1.0;0.9999900664615023;1.0001665745772539;0.9999030783714502;0.9999408760493221;0.9998666148683653;0.9999877971910667;1.024999976158142;
2016-12-25 09:45:00;0.9999999999999999;0.999884630611974;0.999858997232109;0.999982618346043;0.9999500748807933;0.9999704473750683;1.0;0.9999023259939015;0.9998339105741939;0.999978935897054;0.9999246901962756;0.9999999999999999;0.9999860012952891;1.0;0.9998123253948175;0.9998458394970644;0.9998506588295211;1.0;1.0;0.9998679306399691;0.9999614181538362;1.0;0.9998493704718266;0.999998890871644;1.0002087203315801;0.9999137324469083;1.0;0.9999784445574376;0.9996773054757042;0.9996979829411429;0.9999999999999999;0.9997651681451569;0.9998667527978944;0.9991647134945177;0.9989878389802681;0.9998624443690668;0.9999999999999999;0.9999876845582998;1.0001768205143737;0.9998858033696395;0.999935178987629;0.999849509642557;0.9999843222592442;1.024999976158142;
2016-12-25 10:00:00;1.0;0.9999215447802596;0.9998623882320021;0.9999794291567832;0.9999521528504222;0.9999657940258093;0.9999999999999999;0.9998962019149735;0.9998316265240621;0.999982743263494;0.9999253067523283;1.0;0.9999900835280988;1.0;0.999823150719505;0.999845932356054;0.9998497565963993;1.0;1.0;0.9998657169967129;0.999960079922654;1.0;0.9998487255482258;0.9999988500466779;1.0002168579339605;0.9999108911395889;1.0;0.9999771027006393;0.9996203489851309;0.9996084437124142;1.0;0.9996716668995204;0.9998766887921574;0.9988383225037332;0.9985787567851551;0.9998037291954718;1.0;0.9999896853204289;1.0001848299909901;0.9998948908688695;0.9999329949630361;0.9998477292751976;0.9999891233366559;1.024999976158142;
2016-12-25 10:15:00;0.9999999999999999;0.9998977041874735;0.9998495874347864;0.9999791145429566;0.9999475333158205;0.9999652795122914;1.0;0.9998881231634266;0.9998198133225235;0.9999795053410094;0.9999185735399013;1.0;0.9999870693780821;1.0;0.9997977284157468;0.9998274342399501;0.999832189408791;1.0;1.0;0.9998557617328324;0.9999566841236687;1.0;0.9998309043857468;0.9999986625929277;1.0002119612389209;0.9999040807863407;1.0;0.99997587564279;0.9997021748695846;0.999722147335688;1.0;0.999733631332782;0.9998624594550912;0.9990748067558834;0.9989144255106428;0.9998289283680061;0.9999999999999999;0.9999900664615022;1.0001798507844148;0.9998824749552937;0.9999276123138844;0.9998363474196015;0.9999858172567135;1.024999976158142;
2016-12-25 10:30:00;0.9999999999999999;0.9998878834426884;0.9998326861620345;0.9999769804327858;0.9999416237054506;0.9999613208706103;0.9999999999999999;0.9998781138788929;0.9997988809340274;0.9999772932904661;0.9999099841709782;1.0;0.9999847590774917;1.0;0.9997813327082214;0.9998139109022913;0.9998189683046811;1.0;0.9999999999999999;0.9998385368988791;0.9999494268789145;1.0;0.9998175607566864;0.9999986074410233;1.0002239810095868;0.9998915466546032;0.9999999999999999;0.9999731099036051;0.999661214696901;0.9996743317405182;1.0;0.99967141148302;0.9998471184419977;0.9988254003117043;0.9986298149217183;0.9998116698675615;0.9999999999999999;0.999989685320429;1.00018997669006;0.9998694044268781;0.9999169488669971;0.9998174398296517;0.9999838646100204;1.024999976158142;
2016-12-25 10:45:00;1.0;0.9998207380314635;0.9997629925893324;0.999969392203039;0.9999162856482907;0.9999478473860659;1.0;0.9998365142020961;0.9997172868944497;0.9999657544819947;0.9998735693672848;1.0;0.999977355243949;1.0;0.9996964212421134;0.9997483404932761;0.9997557971774237;0.9999999999999999;1.0;0.9997748528200755;0.9999323209954077;1.0;0.9997537687532264;0.9999982578595068;1.0002348310139633;0.9998516759231092;1.0;0.999962655536069;0.9996698996244149;0.9996831235960546;1.0;0.9996774828531191;0.9997784417094822;0.9988461765291397;0.9986561132108145;0.9998157483287874;1.0;0.9999892724926029;1.0001973286799641;0.9998103908659955;0.9998875357679259;0.9997443811545225;0.9999751857020395;1.024999976158142;
2016-12-25 11:00:00;1.0;0.9999627280232578;0.9998608545084484;0.9999760556648496;0.9999523934968365;0.9999594664695883;1.0;0.9998941620234642;0.9998205506429184;0.9999865721977285;0.9999250031522302;0.9999999999999999;0.999991630665066;0.9999999999999999;0.9998489531840812;0.9998597778659875;0.9998619376917819;1.0;1.0;0.9998554194866477;0.9999504841263539;1.0;0.9998612259504954;0.9999990911442698;1.000218206898257;0.9998998177979908;1.0;0.9999748025055042;0.999660151900952;0.9996731833985419;0.9999999999999999;0.9996345745327386;0.9998827622307467;0.9987038711024303;0.9985092665337068;0.9997837843580598;1.0;0.9999896853204289;1.0001873255901608;0.9999008329298034;0.9999211733040205;0.9998385041959401;0.9999928274220065;1.024999976158142;
2016-12-25 11:15:00;1.0;0.9999781901655542;0.9999047185428233;0.9999836395535789;0.9999683852615726;0.9999728685855516;1.0;0.9999189700043205;0.9998790013395568;0.9999915366909903;0.999947911833424;1.0;0.9999917609786139;1.0;0.9998790009613545;0.9998853341126713;0.9998870979584105;1.0;1.0;0.9998991316996605;0.9999591811996459;0.9999999999999999;0.9998864309185563;0.999999006392348;1.0002069696000238;0.9999250188008112;1.0;0.9999833447648045;0.9996465204145861;0.9996515702996409;1.0;0.999627872323757;0.9999221091637428;0.9986771468007665;0.9984617407809949;0.9997818268825688;1.0;0.9999896853204289;1.0001780689652007;0.9999342281179399;0.9999381706163957;0.9998890852476363;0.999993971729528;1.024999976158142;
2016-12-25 11:30:00;0.9999999999999999;0.9999486394708105;0.9998640165504434;0.9999777479391323;0.9999526268699765;0.9999620499644208;1.0;0.9999020297659214;0.9998261656763596;0.9999853868772876;0.9999270981878303;1.0;0.9999925111332658;1.0;0.9998547369305478;0.9998696557840165;0.99987209123677;1.0;1.0;0.9998623539560116;0.9999579504442261;1.0;0.9998713971567594;0.9999992614074733;1.0002071057968926;0.9999086195380452;0.9999999999999999;0.9999758641574031;0.9996985249963111;0.9997152985098384;1.0;0.9996945851479633;0.9998816851048099;0.9988986134305671;0.9987315676870461;0.9998314205229267;1.0;0.9999888913511111;1.0001773612300064;0.9998996095551157;0.999930449951481;0.9998445872642504;0.9999923320828678;1.024999976158142;
2016-12-25 11:45:00;1.0;0.9998638176382455;0.9997992276061418;0.999972792484445;0.9999295134027784;0.9999535828685635;1.0;0.999860202482358;0.9997575924108815;0.999972390356644;0.9998929329367484;1.0;0.9999814543087658;1.0;0.9997507200302971;0.9997902429245888;0.9997959982813303;1.0;1.0;0.9998060899948391;0.999939262275016;0.9999999999999999;0.9997943860896878;0.9999985734062226;1.0002306760825448;0.9998704672782983;1.0;0.9999675400956891;0.9996997025409384;0.9997088749838073;1.0;0.9996804770381904;0.9998153819040271;0.9988690048578251;0.9986923218503029;0.9998092723502392;1.0;0.9999888913511112;1.0001950874459664;0.9998422707441166;0.9999005522930128;0.999780781050812;0.9999803941167558;1.024999976158142;
2016-12-25 12:00:00;1.0;0.9998835485019769;0.9998270795735331;0.9999770292953479;0.9999404222479543;0.9999614021300455;1.0;0.99987012550026;0.9997942358734001;0.9999767240287969;0.999907054088822;1.0;0.9999803987916411;1.0;0.9997631121309378;0.9997969460245998;0.9998023459412707;0.9999999999999999;1.0;0.9998312197744335;0.9999391700794537;1.0;0.9998007082972592;0.9999983238795983;1.000225590743897;0.9998809360497222;0.9999999999999999;0.9999729750262106;0.9997083150380803;0.9997213089318729;1.0;0.9996650289257583;0.9998432007073765;0.9988183545082556;0.9986536706634049;0.9997973458900486;1.0;0.9999900664615025;1.0001912346235127;0.9998660866731716;0.9999048220804748;0.9998113846570434;0.9999811747268881;1.024999976158142;
2016-12-25 12:15:00;1.0;0.9999107826989552;0.99986975966292;0.9999830989255558;0.9999556367082624;0.9999718986673372;1.0;0.9998975050617553;0.9998469494720686;0.9999825913105568;0.9999296213373446;1.0;0.9999834254626079;1.0;0.9998094471097667;0.9998353650513467;0.999839724114526;1.0;1.0;0.9998724346111341;0.9999505001382032;1.0;0.9998383553784465;0.9999985088498897;1.0002236517380942;0.9999071726093169;1.0;0.9999802449751999;0.9996733602410269;0.9996840915775459;1.0;0.9995860396531853;0.999882664422678;0.9985243869054805;0.9983368215069314;0.9997601516357218;0.9999999999999999;0.9999896853204289;1.0001904349883926;0.9998997785154417;0.9999242345951523;0.9998583503371197;0.9999847248888954;1.024999976158142;
2016-12-25 12:30:00;1.0;0.9999479904859345;0.9998685325201149;0.9999795959760462;0.9999555256600974;0.9999656416855534;0.9999999999999999;0.9998958516854839;0.9998361774245151;0.9999860933973644;0.9999290497488271;1.0;0.9999871596801323;1.0;0.9998342884778112;0.9998494012130821;0.9998522930052138;1.0;1.0;0.9998646957876254;0.9999472952153164;1.0;0.9998512888311993;0.9999987798181909;1.0002133068829433;0.9999015748794923;1.0;0.9999779730016523;0.9996811378018801;0.9996914841639856;1.0;0.9996205873305674;0.9998876315334261;0.9986102894494991;0.9984245356803984;0.999805265147817;1.0;0.9999896853204289;1.000182645836145;0.9999046815859773;0.9999194967067578;0.9998503686312546;0.9999893527386433;1.024999976158142;
2016-12-25 12:45:00;1.0;0.999989317167612;0.9999141775100827;0.9999838349556687;0.9999712823197584;0.9999733724142339;1.0;0.9999269525758246;0.9998881459921987;0.9999931141426065;0.9999526780175958;1.0;0.9999959341545016;1.0;0.9998986255336527;0.9999017267519839;0.9999030061026607;1.0;1.0;0.9999090137502832;0.9999680595738014;1.0;0.9999025716923688;0.9999992226926274;1.0002084436208882;0.9999356049417674;1.0;0.9999840805895546;0.9996265393870082;0.9996437008967638;1.0;0.9995613319882942;0.9999307998044419;0.998419946622025;0.9982127061599713;0.9997569723179945;1.0;0.9999892724926027;1.0001796559020764;0.9999417073415611;0.9999492476858393;0.9998987191654684;0.9999970308279251;1.024999976158142;
2016-12-25 13:00:00;1.0;0.9999900396708081;0.9999497061341925;0.9999913520829619;0.9999835861783857;0.9999858239678109;1.0;0.9999545106648512;0.9999365207664788;0.9999958485160984;0.999972263396829;1.0;0.9999950475454549;0.9999999999999999;0.9999309632373455;0.9999338545953895;0.999934861001493;1.0;1.0;0.9999462019172942;0.9999766142887438;1.0;0.9999344611866675;0.9999993666768316;1.0001992603389684;0.9999586738460764;0.9999999999999999;0.9999914185648018;0.9995981391427837;0.9996242664321421;1.0;0.9995642279104457;0.9999596307068386;0.998427202463591;0.9982149350510914;0.9997607019434319;0.9999999999999999;0.999990860432545;1.000171860711849;0.9999659536612315;0.9999652545659293;0.9999412848457697;0.9999965950363185;1.024999976158142;
2016-12-25 13:15:00;1.0;0.9999907624326314;0.9999243182640672;0.999986627025923;0.9999745418115622;0.9999771558071371;1.0;0.9999397861833933;0.9999005407650624;0.999994133299507;0.9999593169557139;1.0;0.9999944823101306;1.0;0.999919469051904;0.9999221503438294;0.9999229714314771;1.0;0.9999999999999999;0.999918444830142;0.999967706592733;1.0;0.9999225955230878;0.9999994605620933;1.0002058267634009;0.9999404971379346;1.0;0.9999863792252375;0.9996086044107206;0.9996175262483409;1.0;0.9995472774948068;0.9999385821352832;0.9983626603224632;0.9981317902374932;0.9997537144005466;1.0;0.9999900664615025;1.0001776324371519;0.9999482806099346;0.999951010774288;0.9999101792119649;0.9999963354293235;1.024999976158142;
2016-12-25 13:30:00;1.0;0.9999745013890745;0.9999229231653595;0.999989417039134;0.9999763481028187;0.999982589687786;1.0;0.9999241623223936;0.9999092528743896;0.999993049536778;0.9999580334417884;1.0;0.9999828472856733;0.9999999999999999;0.9998689371348989;0.999876326037245;0.9998784691155578;1.0;1.0;0.9999146316461971;0.9999455263715064;1.0;0.9998773931207363;0.999998530773668;1.000211680682871;0.9999222207501998;1.0;0.9999888542554273;0.9996233615972476;0.9996399518239945;1.0;0.9995720347338795;0.999939184429648;0.998435812667827;0.9982243054842853;0.9997781596162014;1.0;0.9999912732606054;1.0001821070684993;0.9999486283886472;0.9999267103535475;0.9999115541850053;0.9999888342553768;1.024999976158142;
2016-12-25 13:45:00;1.0;0.9999401112359726;0.9998714509768859;0.999981098022811;0.9999579216491306;0.9999692060113815;1.0;0.9998869141115176;0.99984639694432;0.9999856917080201;0.9999295708459842;1.0;0.9999822787245062;1.0;0.9998039204039026;0.9998213034334045;0.9998250831878576;0.9999999999999999;0.9999999999999999;0.9998672586948263;0.9999390290110444;1.0;0.9998237040164198;0.9999981797320374;1.0002251333131997;0.9998958130789009;1.0;0.9999796585417988;0.9996408284021326;0.9996517980219242;1.0;0.999586407433933;0.9998914733400338;0.9985096233089563;0.9983010041212433;0.9997712283922555;1.0;0.9999916544037751;1.0001924681693555;0.9999078349916863;0.9999108763449149;0.9998557287182858;0.9999861351514789;1.024999976158142;
2016-12-25 14:00:00;1.0;0.9999203093017062;0.9998480775655855;0.9999790934046074;0.9999492354264777;0.9999646518687741;1.0;0.999878609373287;0.9998174284770341;0.9999820837840414;0.9999185576378491;1.0;0.9999784402682407;0.9999999999999999;0.9997893587660032;0.9998124664800493;0.9998165729022546;1.0;1.0;0.999844235179302;0.9999296275337709;1.0;0.999815047928126;0.9999982897828342;1.0002273961695074;0.9998799809322263;1.0;0.9999761747150384;0.9996867032150928;0.9996873022011572;1.0;0.9996138917874996;0.9998683276029223;0.9986146825266454;0.9984188104323698;0.9997822894872901;0.9999999999999999;0.999990860432545;1.000193996752718;0.999888004826927;0.9998972307921004;0.9998302332919726;0.9999826638774013;1.024999976158142;
2016-12-25 14:15:00;1.0;0.9999828161379598;0.9998892997756795;0.9999812626272355;0.9999634665997548;0.9999679961027688;1.0;0.9999097631142569;0.9998574115743479;0.9999909650062577;0.9999406782304506;1.0;0.9999881732526642;1.0;0.9998727038300342;0.9998777010814237;0.9998791268311963;1.0;0.9999999999999999;0.9998794009503833;0.9999450979436387;1.0;0.9998783968025161;0.9999990152120056;1.0002113455995956;0.9999068801441016;1.0;0.9999805503473103;0.9996636641171716;0.9996629120216092;1.0;0.9996258941036994;0.9999108633882109;0.998643006244492;0.9984291349726174;0.9997989895906514;0.9999999999999999;0.9999916544037754;1.0001821154433745;0.9999249136303275;0.9999200412048372;0.9998691990236689;0.9999923244483484;1.024999976158142;
2016-12-25 14:30:00;1.0;0.9999570927380979;0.999905635530437;0.9999861976423186;0.9999688407149574;0.9999772076588561;1.0;0.9999190955661721;0.9998861533062782;0.9999897216239533;0.9999486019199336;1.0;0.9999875624666975;1.0;0.9998620145412096;0.9998744776672506;0.9998770835435983;1.0;0.9999999999999999;0.9999026072410291;0.9999564058493612;0.9999999999999999;0.9998761310190966;0.9999987778267607;1.0002094497803982;0.999924660292104;0.9999999999999999;0.9999851002635056;0.9996551998541405;0.9996556337467465;1.0;0.9996072065026732;0.9999199789748077;0.9985785286169948;0.9983617670806871;0.9997867341153511;0.9999999999999999;0.9999912732606051;1.000179595663081;0.9999320517903295;0.9999359311660226;0.9998937679962328;0.9999902064860542;1.024999976158142;
2016-12-25 14:45:00;1.0;0.9999318674709005;0.9998690774941345;0.9999826532683089;0.9999570345822348;0.9999707775171309;1.0;0.9998901671434488;0.999844638082145;0.9999849847529254;0.9999296894013153;0.9999999999999999;0.9999780188934246;1.0;0.9998058035055738;0.9998255492605224;0.9998292908893808;1.0;1.0;0.9998639454143524;0.999931473788527;0.9999999999999999;0.9998277978074273;0.9999982580993737;1.0002217397768876;0.9998899773706872;0.9999999999999999;0.9999802854084456;0.9996791918300154;0.9996852095170122;1.0;0.9996100393009719;0.9998880036277794;0.9986012761724331;0.9984089226767219;0.9997798424168299;0.9999999999999999;0.9999892724926028;1.0001894884399176;0.9999047895863178;0.9999027679387922;0.9998536458144829;0.9999832362051951;1.024999976158142;
2016-12-25 15:00:00;1.0;0.9999494238608524;0.9999021492822069;0.9999870077515276;0.9999684284671825;0.9999786771220794;1.0;0.9999116539700641;0.9998854650620378;0.9999890767817502;0.9999467069051776;1.0;0.9999826240417333;0.9999999999999999;0.99984083557345;0.999855482854543;0.9998586046249788;1.0;1.0;0.9998980117061296;0.9999464569777192;1.0;0.9998573689999062;0.999998430411632;1.0002108940590524;0.9999153923215124;1.0;0.9999856941513191;0.9996662911413191;0.9996707755363794;1.0;0.9996059346619497;0.9999174107251121;0.998588102553517;0.9983850779611857;0.9997764565246807;1.0;0.9999904792909118;1.0001806069009154;0.9999298112924518;0.9999245900336359;0.9998908701847407;0.999986978293252;1.024999976158142;
2016-12-25 15:15:00;1.0;0.9999865718507244;0.9999201110399427;0.9999866103444036;0.9999743471456861;0.9999777984462925;0.9999999999999999;0.999927507842201;0.9998995391273834;0.9999936341647495;0.9999563561623187;1.0;0.9999897905021095;1.0;0.9998902429356243;0.9998941425921491;0.9998956104443556;1.0;0.9999999999999999;0.9999126058946347;0.9999567576212834;1.0;0.9998949136981714;0.9999989505085648;1.0002027043159702;0.9999293722428153;1.0;0.9999865269745559;0.9996398415980468;0.9996381595639827;1.0;0.9996122759641611;0.999936902607258;0.9985837147109441;0.9983530463170402;0.9997983393294063;1.0;0.9999920672329302;1.000174685728279;0.9999468622449537;0.9999381469153937;0.9999061453802889;0.9999934732013457;1.024999976158142;
2016-12-25 15:30:00;0.9999999999999999;0.999983608089192;0.9998905893776017;0.999980688500799;0.9999631229333383;0.9999670643021906;0.9999999999999999;0.999914257441583;0.9998568863701583;0.9999909642578421;0.999941223953335;1.0;0.9999921556118253;1.0;0.9998841737666212;0.9998889290375086;0.9998901854329283;1.0;1.0;0.9998827489079125;0.9999543579472587;1.0;0.999889641163709;0.999999246759124;1.000208140912784;0.9999149883637073;1.0;0.9999801044081604;0.9996552175334629;0.9996564398432867;1.0;0.9996333713655077;0.9999106551998633;0.9986935549603675;0.9984773220303308;0.9997871022985529;1.0;0.9999888913511112;1.0001793574752247;0.9999246984875938;0.999930379264877;0.9998706731877463;0.999994565046929;1.024999976158142;
2016-12-25 15:45:00;0.9999999999999999;0.9999743607512128;0.9999242617186807;0.9999881834357153;0.9999745472246667;0.9999799491764726;1.0;0.9999391876940936;0.9999049177435486;0.9999925858072725;0.9999592457291888;1.0;0.9999920866682993;1.0;0.9999056997007548;0.9999131465553001;0.9999146531832185;1.0;1.0;0.9999208324779038;0.9999672407347714;1.0;0.9999140791054454;0.9999992893089225;1.0001961869000533;0.9999411420434688;1.0;0.9999873928715575;0.9996699297151775;0.9996812001565993;1.0;0.9996608050997918;0.999936199132825;0.9987990567361024;0.99860647041914;0.9997977049387335;1.0;0.9999920672329303;1.000168783380994;0.9999459672048453;0.9999509235129848;0.9999129785130951;0.9999938844770472;1.024999976158142;
2016-12-25 16:00:00;1.0;0.9999510218610791;0.9998976345433209;0.9999850620788566;0.9999655029104455;0.9999749130347102;1.0;0.9999179387629813;0.999875107017958;0.9999884457922757;0.9999447585672812;1.0;0.9999881858019628;1.0;0.999862205467676;0.9998764244077987;0.9998790521816308;1.0;1.0;0.9998956149094718;0.9999574057067667;1.0;0.9998781408285266;0.9999989265835781;1.000205098037322;0.9999226383514218;1.0;0.9999835213329544;0.9996705724559605;0.9996797845324434;1.0;0.9996834924736778;0.9999115347248925;0.9988870571467138;0.9986911452870371;0.9998060042168464;1.0;0.9999900664615022;1.0001756983489662;0.9999248121323475;0.999935842976536;0.9998849496686573;0.999990128941853;1.024999976158142;
2016-12-25 16:15:00;1.0;0.9999591171233273;0.9999048807365327;0.9999859606414321;0.9999687276209628;0.9999767973412657;0.9999999999999999;0.9999179258136288;0.9998849676517088;0.9999898603620313;0.9999482138498904;1.0;0.999987154809631;1.0;0.9998611908351742;0.9998730719609614;0.9998756240405439;1.0;0.9999999999999999;0.9999011230620787;0.9999546359425792;1.0;0.999874662334785;0.9999987544612701;1.0002016380620264;0.9999227265415525;1.0;0.9999849080213045;0.999659937915525;0.9996608673805298;1.0;0.9996943919581731;0.9999199160991408;0.9988982793239217;0.9986816570663299;0.9998309902391678;1.0;0.9999908604325448;1.0001728971605064;0.9999320475487505;0.9999337899944272;0.999892502809754;0.9999901223151968;1.024999976158142;
2016-12-25 16:30:00;1.0;0.9999575987711655;0.9998722981947991;0.9999791973228255;0.999957477418751;0.9999655284409202;0.9999999999999999;0.9998933911137563;0.9998408650190267;0.9999871782580544;0.9999303960403849;1.0;0.9999874935267102;1.0;0.9998322139470518;0.9998445303531904;0.999847323383298;1.0;1.0;0.9998668548200776;0.9999458776634771;1.0;0.9998463183231441;0.9999986329214725;1.0002085073086924;0.9999009237014389;0.9999999999999999;0.9999781583217479;0.9996824132055981;0.999692515783661;1.0;0.9997236543615318;0.9998933785645068;0.9990438359023461;0.9988557693951283;0.9998199963541862;1.0;0.9999892724926029;1.0001786800999282;0.9999097192699363;0.9999181571617797;0.9998535568842348;0.9999902038593067;1.024999976158142;
2016-12-25 16:45:00;1.0;0.9999375825986814;0.999889849851283;0.9999876822256573;0.9999663531610052;0.9999798367052756;1.0;0.9998923052178924;0.9998774569991197;0.9999874990250832;0.9999404172346373;1.0;0.9999702411337792;1.0;0.9997935495569639;0.9998116672047652;0.9998157051196789;1.0;1.0;0.999880911982594;0.9999181287468752;1.0;0.9998138293044264;0.9999976580883848;1.0002159860516815;0.9998874397942275;1.0;0.9999857107070302;0.9996815690782969;0.9996845256776982;1.0;0.9997007338529209;0.9999094748572804;0.9989570505127042;0.9987582335429908;0.9998101739837526;1.0;0.9999900664615025;1.000184637776336;0.9999230739440103;0.9998916452574556;0.9998779626243638;0.9999793623049178;1.024999976158142;
2016-12-25 17:00:00;1.0;0.9999122299133462;0.9997878753748874;0.9999740288851765;0.9999374637784826;0.9999569488585538;1.0;0.9997920262022286;0.9997611063721418;0.9999773751185023;0.9998865937700809;1.0;0.9999360824733374;1.0;0.999618022644686;0.9996435255935118;0.9996499317613774;0.9999999999999999;1.0;0.9997587947626971;0.9998162602044925;0.9999999999999999;0.9996463021920716;0.999995450065608;1.0002721207133727;0.9997597713360383;1.0;0.9999697644557115;0.9996904960296252;0.9996718406874386;1.0;0.9996743249535885;0.9998341128572802;0.9988565314819841;0.9986318490310088;0.999799220725145;1.0;0.9999912732606053;1.0002320793950579;0.9998597347465072;0.9997619334301902;0.9997589166449075;0.9999588734262147;1.024999976158142;
2016-12-25 17:15:00;1.0;0.9999522494660052;0.9998404448342079;0.9999766443740614;0.9999500201864372;0.9999610192525211;1.0;0.9998539212238502;0.9998078188183304;0.9999850433801319;0.9999139279424206;1.0;0.9999688034296516;1.0;0.9997576145285624;0.9997714724745419;0.999775187935393;1.0;1.0;0.9998239072865378;0.9998952477956403;1.0;0.9997732839096927;0.9999974877426504;1.0002286032752732;0.9998455981649327;1.0;0.9999749245493426;0.9996966171252831;0.9997035782067398;1.0;0.9996997031023939;0.9998728823411491;0.9989397765033927;0.998756624858608;0.9998187737078907;1.0;0.9999908604325448;1.0001958780030114;0.9998926626845388;0.9998570540294077;0.9998157472415568;0.9999795917498093;1.024999976158142;
2016-12-25 17:30:00;1.0;0.9999480577468832;0.9998095383873836;0.9999742538052143;0.9999429526350019;0.9999568710506214;0.9999999999999999;0.999813866719196;0.9997760140349353;0.9999832889341702;0.9998977653379496;0.9999999999999999;0.999950418566689;1.0;0.999681935150374;0.9996970036601591;0.999701667086697;0.9999999999999999;1.0;0.9997819592325191;0.9998451354084903;0.9999999999999999;0.999698864160711;0.9999963089038011;1.000241157982045;0.9997909893350262;0.9999999999999999;0.9999720687810765;0.9996834989500254;0.9996781443862037;0.9999999999999999;0.9997017792045716;0.9998534737075642;0.9989628842725792;0.998752882113932;0.9998093527144999;1.0;0.9999920672329302;1.00020657881649;0.9998765412914891;0.9997966783372976;0.9997789676651007;0.9999692252399678;1.024999976158142;
2016-12-25 17:45:00;1.0;0.9999591097115721;0.9997811627673497;0.9999642318716652;0.9999303716313824;0.9999399057735331;1.0;0.999809433388587;0.9997270036735209;0.9999808091400518;0.9998822558928365;1.0;0.9999659283977617;1.0;0.9997096457220982;0.9997214957044703;0.9997251854702903;1.0;1.0;0.9997571151667818;0.9998681058965031;1.0;0.9997231553103931;0.9999972461037226;1.0002514106099327;0.999796323709003;1.0;0.9999622721552092;0.9996349498875199;0.9996309445830636;0.9999999999999999;0.9996693377022776;0.999827319457619;0.9988379300283717;0.99859966044995;0.9997969057633221;1.0;0.9999920672329304;1.0002156569639047;0.9998545731592253;0.9998161826291361;0.9997429165563796;0.9999784955160402;1.024999976158142;
2016-12-25 18:00:00;1.0;0.9999659066374205;0.9998527984116524;0.9999783412843256;0.9999547910514557;0.9999636938745504;1.0;0.9998616824815729;0.9998224600958316;0.9999872958369851;0.9999208111798061;0.9999999999999999;0.9999682583196605;1.0;0.9997738761279292;0.9997837742875098;0.9997869273589566;1.0;1.0;0.9998336466523825;0.999893468650132;1.0;0.9997850932126732;0.9999975405953643;1.0002318096253948;0.9998488031346424;1.0;0.999976941619642;0.9996495156994448;0.9996508038790477;0.9999999999999999;0.9996719059313528;0.9998857585115083;0.9988254517855419;0.9986038452881854;0.9998130207599286;0.9999999999999999;0.9999912732606054;1.0001991239806678;0.9999037735660892;0.9998570436251923;0.9998281919468989;0.9999802388649178;1.024999976158142;
2016-12-25 18:15:00;0.9999999999999999;0.9999695198722078;0.9998426373640638;0.9999751249558598;0.9999499014935588;0.9999578350532559;1.0;0.9998625643083885;0.9998037612065906;0.9999866673139379;0.9999156315259449;1.0;0.9999742399281798;0.9999999999999999;0.9997896750895332;0.9997985269962727;0.9998011910197326;1.0;1.0;0.9998250729866276;0.99990312306334;0.9999999999999999;0.9997996866016245;0.9999979982423256;1.0002275104082896;0.9998522838802422;1.0;0.9999737530240511;0.9996575935205868;0.9996611589812922;1.0;0.9996908157221086;0.9998755791128408;0.9989157787441192;0.9987026865810259;0.9998084398025916;1.0;0.999990479290912;1.000195559449479;0.9998952014160335;0.9998657667626303;0.9998151621775809;0.9999837673972628;1.024999976158142;
2016-12-25 18:30:00;1.0;0.9999474070549155;0.9998269660107507;0.9999729166700678;0.9999431873245463;0.9999543265007595;1.0;0.9998559845140076;0.9997847133715744;0.9999832623785964;0.9999068712840626;1.0;0.9999773193749489;0.9999999999999999;0.9997742290877386;0.9997894866660361;0.999792922196812;1.0;1.0;0.9998150624010217;0.9999122881133755;1.0;0.9997914205353212;0.9999980836523925;1.0002247572076184;0.9998542518416771;1.0;0.999971021265028;0.9996655170827886;0.9996586857618107;0.9999999999999999;0.9997039189335051;0.99985740005183;0.998973497977766;0.9987495101086226;0.9998085667970424;1.0;0.9999920672329303;1.0001924421056878;0.9998794193830728;0.9998734956065768;0.999800208251446;0.9999839249221985;1.024999976158142;
2016-12-25 18:45:00;1.0;0.999957238226672;0.999866448416453;0.999978723873927;0.9999559125314725;0.999964505303334;0.9999999999999999;0.9998877931039386;0.9998340351749403;0.9999868693425025;0.9999275642000486;1.0;0.9999845648633643;0.9999999999999999;0.9998229304025692;0.9998353549599064;0.9998382012848606;1.0;1.0;0.999859055128737;0.999937612997286;1.0;0.9998370768507513;0.9999985069752475;1.000212667021624;0.9998917195777196;1.0;0.9999775092784962;0.9996520902597074;0.9996564458182094;1.0;0.9997219414981299;0.9998893291849335;0.9990391644468681;0.9988227955377802;0.9998180276300743;1.0;0.9999908604325449;1.0001822989407407;0.9999063489626093;0.9999081145207255;0.9998464192349454;0.9999885729212916;1.024999976158142;
2016-12-25 19:00:00;1.0;0.9999142500397246;0.9998813567957838;0.9999855713353244;0.9999605787396296;0.9999764603970029;1.0;0.9998995134433459;0.9998645419549917;0.9999839787962367;0.9999354768922221;1.0;0.9999805728632853;1.0;0.9998053826910902;0.9998302921930966;0.9998347836926361;0.9999999999999999;1.0;0.9998826611439704;0.9999463316073923;1.0;0.9998332627280887;0.999998238817462;1.0002139765123852;0.9999083766039415;1.0;0.9999830301034103;0.9996402068310052;0.9996453027358295;1.0;0.9996871314124224;0.9998942591051411;0.9988897206304973;0.9986675155814072;0.9998150637982746;0.9999999999999999;0.9999916544037752;1.000182131563321;0.9999096434556347;0.9999215855902138;0.9998719238505634;0.9999834026124811;1.024999976158142;
2016-12-25 19:15:00;1.0;0.9999691587628208;0.9998629089932146;0.9999776244908563;0.9999545592520328;0.9999618360249698;1.0;0.9998887797446071;0.9998252962788969;0.9999879308141196;0.9999265162515155;1.0;0.999984652548291;0.9999999999999999;0.9998366201438975;0.9998455774000286;0.9998477049904538;0.9999999999999999;1.0;0.9998524406187447;0.9999334369621782;1.0;0.9998467204132193;0.9999987301719504;1.0002110286113837;0.9998865085036044;1.0;0.9999764529038784;0.9996400704117712;0.9996530590976158;1.0;0.9997080301775487;0.9998878073059642;0.9989835488830249;0.998772868960104;0.9998140633268213;1.0;0.9999908604325448;1.0001813817440262;0.9999053083132403;0.9999028075202248;0.9998396831454684;0.9999894492414872;1.024999976158142;
2016-12-25 19:30:00;1.0;0.999972699354671;0.9999003781329069;0.9999846443873568;0.9999675083356632;0.9999739245031088;1.0;0.9999156349622262;0.999875836183239;0.9999909768514786;0.9999465042953573;1.0;0.9999859121563199;1.0;0.9998687177370668;0.9998766478052712;0.9998785450590448;1.0;0.9999999999999999;0.9998923954752432;0.9999464406692459;1.0;0.9998776515303076;0.9999988498905461;1.0002008475062443;0.9999135083401673;1.0;0.9999837019646871;0.9996443715118376;0.9996610088982445;1.0;0.9997473458536725;0.9999187292442699;0.9991330472826224;0.9989295083488586;0.9998304743908414;1.0;0.9999916544037751;1.0001727283115265;0.9999313458785294;0.9999237942201135;0.9998843853047147;0.9999903849589834;1.024999976158142;
2016-12-25 19:45:00;1.0;0.9999774682547748;0.9998681012777363;0.9999778236434311;0.999956760885104;0.9999624887490353;1.0;0.9998890607644446;0.9998314634380366;0.9999891293909855;0.9999288879259493;1.0;0.9999850634362939;1.0;0.9998388164006611;0.9998453625709798;0.999847335037443;1.0;1.0;0.9998564460969346;0.9999332504158918;1.0;0.9998463722334865;0.9999986564429008;1.0002091565747653;0.9998878202444661;1.0;0.9999771353688968;0.999629794480824;0.9996365676219519;1.0;0.9997176357702658;0.9998940172816839;0.9990116391627568;0.9987843924521786;0.9998237848273213;1.0;0.9999896853204288;1.000179963307096;0.9999107020078397;0.999903211153779;0.9998447013084945;0.999990250312257;1.024999976158142;
2016-12-25 20:00:00;1.0;0.9999680028687081;0.9998733337703617;0.9999790442851355;0.9999583148712128;0.9999649980866095;0.9999999999999999;0.9998929596265035;0.999840703837208;0.9999883598241712;0.9999312627626874;0.9999999999999999;0.9999861423352123;0.9999999999999999;0.9998369692031562;0.999846263747842;0.9998486493519111;0.9999999999999999;1.0;0.9998648136893409;0.9999399633339536;1.0;0.9998476578454829;0.9999986263283306;1.0002127772451044;0.9998959860676598;1.0;0.9999781943511262;0.9996395079209528;0.9996418193991011;1.0;0.9997091988450986;0.9998965316094667;0.9989898854149961;0.9987627463184452;0.99981328824445;1.0;0.999990860432545;1.0001827378743056;0.999912604237934;0.9999116519982469;0.9998528644641309;0.9999901851293946;1.024999976158142;
2016-12-25 20:15:00;1.0;0.9999659066374206;0.9999075766646914;0.9999861136116736;0.9999695738387524;0.9999767286474472;0.9999999999999999;0.9999215459780789;0.9998864952453907;0.9999907669571267;0.9999500014566471;0.9999999999999999;0.9999877075610822;1.0;0.99987213049884;0.999882029631178;0.9998841897041321;0.9999999999999999;1.0;0.9999026771106971;0.9999547276890948;1.0;0.9998833215030541;0.9999988860975569;1.0001993777286309;0.9999237808907845;1.0;0.9999851523504792;0.9996341162591873;0.9996399229426745;1.0;0.9997298643099577;0.999922882599877;0.9990655833663316;0.9988394152844597;0.9998238528873457;0.9999999999999999;0.9999916544037752;1.0001712117282853;0.9999346708393319;0.9999342995305158;0.9998944191855886;0.9999908986629992;1.024999976158142;
2016-12-25 20:30:00;1.0;0.9999479136511802;0.9998804013208111;0.9999819360269301;0.9999601439373892;0.9999700876612823;1.0;0.999899937847042;0.9998540892771215;0.9999870103215427;0.9999349076330252;0.9999999999999999;0.9999862016929568;1.0;0.999833055611147;0.9998481710725521;0.9998512749326652;1.0;1.0;0.9998770066636479;0.9999484504198329;1.0;0.9998501811944881;0.9999986013923632;1.0002065385563637;0.9999074306891514;0.9999999999999999;0.9999805629708078;0.9996358050176243;0.9996320732331164;1.0;0.999728685548199;0.9998982565013577;0.9990635737314366;0.9988241397625316;0.9998216833987164;1.0;0.9999904792909118;1.0001767309496343;0.9999136306161808;0.999922799481479;0.9998649382587455;0.9999888273495768;1.024999976158142;
2016-12-25 20:45:00;0.9999999999999999;0.9999170694927716;0.9998833005913703;0.9999854976594351;0.9999603164775743;0.9999757191936723;1.0;0.9999083620503723;0.9998637348322776;0.9999842491493193;0.9999371877366379;1.0;0.9999837255388586;0.9999999999999999;0.9998271006201217;0.9998511996699515;0.9998551861529424;1.0;1.0;0.9998855916008665;0.9999534534221978;0.9999999999999999;0.9998538988157066;0.9999986322667659;1.0002049424508188;0.9999153938422163;1.0;0.9999827512784002;0.9996533341900866;0.9996555623498362;1.0;0.999759647787554;0.9998945012327799;0.9991705421582413;0.9989504148493681;0.9998419025771016;1.0;0.9999912732606052;1.0001745128993205;0.9999098468404666;0.9999298646669582;0.9998734837012357;0.9999853242224316;1.024999976158142;
2016-12-25 21:00:00;1.0;0.9999394639430874;0.9998673109797978;0.9999800985275306;0.999954702576391;0.9999662443530576;1.0;0.999898495379409;0.9998356012565128;0.9999850868690087;0.9999287653648766;1.0;0.9999869882708778;1.0;0.9998352378152161;0.9998528220793594;0.9998558706496813;1.0;1.0;0.9998650903853381;0.9999491824582221;1.0;0.9998548537255355;0.9999988673107896;1.000206500665344;0.9999033820344512;1.0;0.9999779823743471;0.9996604267875321;0.999659413949454;1.0;0.9997619462888722;0.9998846499479288;0.9991906883248106;0.9989705429512017;0.9998351455075195;1.0;0.9999892724926028;1.0001765445605741;0.9999019925238688;0.9999216681545787;0.9998502054658039;0.9999886687354534;1.024999976158142;
2016-12-25 21:15:00;1.0;0.9999245793375591;0.9999070410152111;0.9999893290625345;0.9999689520424494;0.9999827973746898;1.0;0.9999206734264054;0.9998956893975299;0.9999867876252586;0.9999492337707477;1.0;0.9999846261717126;1.0;0.9998406233413536;0.9998625241940222;0.999866417232783;1.0;1.0;0.9999099485622805;0.9999601707290073;0.9999999999999999;0.9998651566079055;0.9999985494813683;1.0002002806618533;0.9999305065732472;1.0;0.9999872349932669;0.9996579456519387;0.9996619443881092;0.9999999999999999;0.9997361870770272;0.9999157055900023;0.9990914952330495;0.9988780706953427;0.9998252339515213;1.0;0.9999912732606052;1.0001706547158715;0.9999278205252804;0.9999411895157316;0.999901157418322;0.999986343085498;1.024999976158142;
2016-12-25 21:30:00;0.9999999999999999;0.9999201749812924;0.9998951550944538;0.9999868347195752;0.9999650904616458;0.9999792339668608;1.0;0.9999078514992663;0.999881520419017;0.9999854216020556;0.9999420352675504;1.0;0.9999847130240289;0.9999999999999999;0.9998185776553906;0.9998417698318565;0.9998461497861231;1.0;0.9999999999999999;0.9998985009438761;0.9999579036412549;1.0;0.9998447853274177;0.9999983166936915;1.0002054734633834;0.9999231254293602;1.0;0.9999849498875671;0.9996672865586101;0.9996693238646257;1.0;0.9997197631735778;0.999905998808539;0.9990254600850074;0.9988156841086819;0.999820823440212;1.0;0.9999892724926027;1.0001748639966963;0.9999195825884633;0.9999364237263069;0.9998879415818617;0.9999860820533911;1.024999976158142;
2016-12-25 21:45:00;1.0;0.9999774674188611;0.9999028058010008;0.9999838183807843;0.9999678884536559;0.999972867524159;1.0;0.999918112439536;0.9998768797102683;0.9999914231657953;0.9999472859216819;1.0;0.9999899816332252;0.9999999999999999;0.9998773899027805;0.9998839330685785;0.999885663243458;1.0;1.0;0.9998961982664909;0.9999548380673469;1.0;0.9998849424429557;0.999998990083333;1.0002003927514609;0.999920885230956;1.0;0.9999833013187941;0.9996456480512758;0.9996492170674349;0.9999999999999999;0.999718398743211;0.9999206828521452;0.9990224348910393;0.9988010991135075;0.9998188095035996;1.0;0.9999900664615025;1.0001724131418468;0.9999330346286323;0.9999331870422608;0.9998867206819096;0.9999929465899674;1.024999976158142;
2016-12-25 22:00:00;1.0;0.9999767399731897;0.9999550688251106;0.9999939787959886;0.9999854959631124;0.9999902283833522;1.0;0.9999584049283002;0.9999474605934792;0.9999950827550634;0.9999753419174381;0.9999999999999999;0.9999923556764517;1.0;0.9999248849329684;0.9999316187893111;0.9999331143815169;1.0;1.0;0.9999534496735395;0.9999762240245671;1.0;0.9999325432017657;0.9999992486741996;1.0001837905487636;0.9999617324025806;1.0;0.9999935192300909;0.999644070307188;0.9996482976152474;1.0;0.9997292188079843;0.9999620936763276;0.999064410020951;0.9988425111696606;0.9998227426088347;0.9999999999999999;0.9999912732606051;1.000158113752683;0.9999677811476197;0.9999662239434881;0.9999499690731954;0.9999942022143148;1.024999976158142;
2016-12-25 22:15:00;1.0;0.9999804279084046;0.9999592244992528;0.9999944071303427;0.9999871128196227;0.9999911119413916;1.0;0.9999599575039366;0.9999527508521784;0.9999957170702791;0.9999773829843919;1.0;0.9999926133302423;1.0;0.9999274960410266;0.9999331707908827;0.9999345911962377;1.0;1.0;0.9999572474444507;0.9999768568981844;0.9999999999999999;0.9999340341986147;0.9999992241381376;1.0001814670258813;0.9999637176293448;1.0;0.9999941548630173;0.9996503401337247;0.999660937292962;1.0;0.9997372634583149;0.9999663517708187;0.9990881198410267;0.998879424301367;0.9998307250053654;1.0;0.9999920672329304;1.0001561918481359;0.9999714348067616;0.9999675238274122;0.9999544437828166;0.9999945964005313;1.024999976158142;
2016-12-25 22:30:00;1.0;0.999983466005784;0.9999650872368167;0.9999949865546198;0.999989525122349;0.9999926678824068;1.0;0.9999598737250798;0.9999612614423371;0.9999964104261767;0.9999798433476952;1.0;0.9999929908140541;1.0;0.9999245443059213;0.9999293508629468;0.9999308948099472;1.0;1.0;0.9999632120138665;0.9999783487339533;0.9999999999999999;0.9999303081262867;0.9999990786038652;1.0001785449305554;0.9999668845391066;1.0;0.9999951620168354;0.9996524792808675;0.999660429230574;1.0;0.9997682818045872;0.9999723297258895;0.9992141461007614;0.9990021315737138;0.9998382112613752;1.0;0.9999908604325449;1.0001536598136709;0.9999765264963215;0.9999699597173267;0.9999613187225715;0.9999950106002954;1.024999976158142;
2016-12-25 22:45:00;1.0;0.9999821662686791;0.9999608653568715;0.9999942779151572;0.9999880456168919;0.9999914544544849;1.0;0.9999568144488189;0.9999557488318294;0.9999959993080508;0.9999775772785104;1.0;0.9999928180997416;0.9999999999999999;0.999920232773759;0.9999254212151399;0.9999270303287451;1.0;1.0;0.9999589107508584;0.9999771071005578;1.0;0.9999264258706063;0.9999990583771673;1.000178675689086;0.9999640856735564;1.0;0.9999944133314784;0.9996655508177974;0.9996767927735444;1.0;0.9997713935254116;0.9999686775978626;0.999227857504358;0.9990293487104387;0.9998382470284185;1.0;0.9999900664615023;1.000153727870194;0.9999734328557759;0.9999678652344672;0.9999564451412913;0.9999948246988776;1.024999976158142;
2016-12-25 23:00:00;1.0;0.9999732786349413;0.9999584296380485;0.999995275350805;0.9999869985464054;0.999992505223605;1.0;0.9999588750196505;0.9999539027405309;0.9999950919162736;0.9999771196855451;1.0;0.999990391751852;1.0;0.9999197567131516;0.9999275251410058;0.9999292379682735;1.0;1.0;0.999956812755811;0.99997381713083;1.0;0.9999285534001264;0.9999991155360143;1.000181834926326;0.9999614450214929;0.9999999999999999;0.9999947132021867;0.9996500896087019;0.9996505633582294;0.9999999999999999;0.9997565875618389;0.9999649034563948;0.9991685579909826;0.9989440001407265;0.9998340992733235;1.0;0.9999900664615026;1.0001563135768545;0.999970096651688;0.9999642931596736;0.9999546603604508;0.9999928787829617;1.024999976158142;
2016-12-25 23:15:00;0.9999999999999999;0.9999724826642473;0.9999547215398428;0.99999448756279;0.9999859027704838;0.9999914409102098;1.0;0.9999538923338627;0.9999496416358836;0.9999947746504797;0.9999747868114771;1.0;0.9999901631883432;1.0;0.9999110038545473;0.9999189979295195;0.9999208881920565;1.0;1.0;0.9999530028987705;0.9999723306824586;1.0;0.9999201529003203;0.9999990015497979;1.000174410876795;0.9999584101235013;1.0;0.9999940663382363;0.9996794126075348;0.9996977736820029;1.0;0.9998091980168525;0.999962164364853;0.9993397843251398;0.9991593933030435;0.9998755885733345;1.0;0.9999908604325448;1.000149812908365;0.9999677878654578;0.9999619172724211;0.9999504686621324;0.9999926995781877;1.024999976158142;
2016-12-25 23:30:00;1.0;0.9999753676558859;0.9999622845627829;0.999995538874495;0.9999881003250226;0.9999930205072767;0.9999999999999999;0.9999625638389654;0.999958038013962;0.9999954935565641;0.9999790820599386;1.0;0.999992015842404;1.0;0.9999270505769777;0.99993418535932;0.9999357748418709;1.0;1.0;0.999961318285388;0.9999779952265215;1.0;0.999935172641483;0.9999992043207455;1.000175278290888;0.9999663869488667;1.0;0.9999951049398521;0.9996676298912588;0.9996746600315446;0.9999999999999999;0.9997911666229906;0.9999679419445145;0.9993009418074272;0.9990968007461224;0.9998479252382488;1.0;0.9999900664615023;1.0001506982584958;0.9999726741020663;0.999969487205232;0.999958986623339;0.999993920245546;1.024999976158142;
2016-12-25 23:45:00;0.9999999999999999;0.9999794184076504;0.9999664533177393;0.9999955826288381;0.9999900543990179;0.9999938423383236;1.0;0.999959790249621;0.9999643983288887;0.9999961546474633;0.9999804089350726;1.0;0.9999924982041078;1.0;0.9999201956919226;0.9999261728712374;0.9999279384143109;1.0;1.0;0.9999653657541379;0.9999788333128535;1.0;0.9999272929409048;0.9999990031068517;1.0001729917958637;0.9999680524635003;1.0;0.9999957139795198;0.9996864811138182;0.9997102663860008;1.0;0.999804810863943;0.9999729637481446;0.9993534407701427;0.9991866946857444;0.9998531989843908;1.0;0.999990479290912;1.0001487106768248;0.9999769847738146;0.9999708104334774;0.9999637432343451;0.9999944610272037;1.024999976158142;
2016-12-26 00:00:00;0.9999999999999999;0.9999828135878198;0.9999672228189743;0.9999954266375546;0.9999898430017992;0.9999931161146747;0.9999999999999999;0.9999649349480141;0.9999631084201381;0.9999964401103447;0.9999813451479223;1.0;0.9999940047982196;1.0;0.9999341898543593;0.9999391776514426;0.9999405529238009;1.0;1.0;0.99996606841251;0.9999815917043855;1.0;0.9999400490450674;0.9999992458212599;1.0001704921660748;0.9999707902738655;1.0;0.9999954138061673;0.9996909181899137;0.9997138991543417;1.0;0.9998124513896024;0.999973168729965;0.999374858562282;0.9992094121149157;0.9998615621166655;1.0;0.9999900664615025;1.0001467319111312;0.9999771974604369;0.9999740245783018;0.9999638465462249;0.9999955230303619;1.024999976158142;
2016-12-26 00:15:00;1.0;0.9999896794320798;0.9999747792579361;0.9999964363489676;0.9999922477642214;0.9999944477728295;1.0;0.9999734953322362;0.9999709400209683;0.9999975730610995;0.9999858533672148;1.0;0.9999950373430747;0.9999999999999999;0.9999522916323561;0.9999552912426429;0.9999561891236655;1.0;1.0;0.9999730040869251;0.9999842191647497;1.0;0.9999558181490223;0.9999994511922604;1.0001672524873273;0.9999761263232468;1.0;0.9999964239226724;0.9996903956167249;0.9997154246952643;0.9999999999999999;0.9998216109976688;0.9999798556203826;0.9993975267930809;0.9992344124260393;0.9998736389743385;1.0;0.9999916544037752;1.0001442148372528;0.9999829382948788;0.9999782116120336;0.9999715869633024;0.999996563785563;1.024999976158142;
2016-12-26 00:30:00;1.0;0.9999828144297017;0.9999725087287257;0.999996862710545;0.9999914820765482;0.9999950635586865;1.0;0.9999721185384643;0.9999696265154413;0.9999968355815192;0.9999848120760588;1.0;0.9999934610901184;1.0;0.9999456821100493;0.9999506732218726;0.999951819954728;1.0;1.0;0.9999712549463099;0.9999821081294298;1.0;0.9999513547762799;0.9999993870657939;1.0001670773924556;0.9999739585014745;0.9999999999999999;0.9999965441639314;0.999701348732733;0.9997352945963134;1.0;0.9998373844550581;0.9999770155302958;0.9994680544614747;0.9993255476955372;0.9998730835126126;1.0;0.999989685320429;1.0001438785127856;0.9999804277474237;0.9999757243907562;0.9999699525486686;0.9999952242740896;1.024999976158142;
2016-12-26 00:45:00;1.0;0.9999886675592534;0.9999753452394744;0.9999965240263915;0.9999932919358437;0.9999954459353793;1.0;0.9999657073899928;0.9999745960176626;0.9999976454073023;0.9999851592495614;1.0;0.9999933206930205;0.9999999999999999;0.9999327531362369;0.9999360453394954;0.9999374390949051;1.0;1.0;0.9999732017823378;0.9999804828516805;1.0;0.9999368822327098;0.9999990706262286;1.0001665933432107;0.9999727003141429;0.9999999999999999;0.9999969653370546;0.9997058900736205;0.9997359194721016;1.0;0.9998337962923014;0.999981812982783;0.9994527931575724;0.9993073510014107;0.9998726826305236;1.0;0.9999896853204289;1.0001434653230146;0.9999846041665846;0.9999739794491396;0.9999728948548775;0.9999955530729637;1.024999976158142;
2016-12-26 01:00:00;1.0;0.9999912699634728;0.9999744176338418;0.9999958930389418;0.9999928484333745;0.999994416051886;1.0;0.9999654488231032;0.9999723392481185;0.9999977639064273;0.9999845762192824;1.0;0.999994468574732;0.9999999999999999;0.999935252345185;0.9999377938938;0.9999390802649625;0.9999999999999999;1.0;0.9999722537903688;0.9999820108313299;0.9999999999999999;0.9999385826756866;0.9999991237239633;1.0001640653303678;0.9999733258388294;1.0;0.999996459250536;0.9997023210534793;0.9997345361010979;1.0;0.9998414512513675;0.9999812401008523;0.9994605031859983;0.9993154497110607;0.9998903939225325;1.0;0.9999904792909119;1.000141343885859;0.9999841613975906;0.9999753896971993;0.9999713639304462;0.9999963614169703;1.024999976158142;
2016-12-26 01:15:00;1.0;0.9999886675592535;0.9999808079248477;0.999997885553105;0.9999944384765175;0.999996889511076;1.0;0.9999775667475624;0.9999797288956083;0.9999979468334493;0.999989155902773;1.0;0.9999943128001086;1.0;0.9999553464536314;0.9999586387312769;0.9999595637813241;1.0;1.0000000000000002;0.99997926243487;0.9999846756959424;1.0;0.999959163327762;0.9999994318808827;1.0001621156047042;0.9999792746191531;1.0;0.9999978091322399;0.9997164578506009;0.9997637896912376;1.0;0.9998532998465604;0.9999847639395494;0.9995279585436585;0.9994152908244954;0.9998801449182431;1.0;0.9999908604325449;1.0001397576630844;0.9999870515782375;0.9999798623711827;0.9999790165838083;0.9999960967795497;1.024999976158142;
2016-12-26 01:30:00;1.0;0.9999900381891939;0.999982279068046;0.9999979390018193;0.9999949349068689;0.9999970589496558;1.0;0.9999783569193211;0.9999813763019297;0.9999981643716097;0.9999898401362683;1.0;0.9999948274863923;1.0;0.9999570723839158;0.999959957241043;0.9999608460484535;1.0;0.9999999999999999;0.9999808093200923;0.9999858156153487;1.0;0.9999604681271212;0.9999994416171955;1.000158301415369;0.9999807056930615;1.0;0.9999979610885943;0.9997253774475724;0.9997871175665713;0.9999999999999999;0.9998689467215222;0.999986148615576;0.9995883232745593;0.9995031044434035;0.9998860905657747;1.0;0.9999900664615025;1.0001364866013147;0.9999882394070401;0.9999813170562332;0.9999805981030672;0.9999964761708589;1.024999976158142;
2016-12-26 01:45:00;1.0;0.9999888823027987;0.9999835614320961;0.999998072392648;0.9999951189299722;0.9999972799906492;1.0;0.9999807315417979;0.9999827531532233;0.9999980646378412;0.9999905331779116;1.0;0.9999958604446375;0.9999999999999999;0.9999609898696357;0.9999642120527472;0.9999650831985659;1.0;1.0;0.9999829818519304;0.999988921363616;1.0;0.9999647522404671;0.9999995154738087;1.0001548255107096;0.999983920598865;1.0;0.999998050339938;0.999754717614638;0.9998250715477541;0.9999999999999999;0.9998931295230052;0.9999865645581649;0.9996832416259221;0.9996299064091644;0.9998941777343521;1.0;0.9999900664615023;1.0001334471883427;0.9999885483998533;0.9999849886186578;0.9999823470569199;0.9999969617413;1.024999976158142;
2016-12-26 02:00:00;1.0;0.9999931472733703;0.9999855624312629;0.9999979133958212;0.9999962579262096;0.9999974789477359;1.0;0.999977894767421;0.9999857758568685;0.9999986312986349;0.9999910291223316;1.0;0.9999958435532411;1.0;0.9999557900062377;0.9999577811447883;0.9999587225426378;1.0;1.0;0.9999843062562823;0.9999879990251814;1.0;0.9999583561448663;0.9999993646164977;1.0001536584745605;0.9999833737094034;1.0;0.9999983068475053;0.999748920103255;0.9998269475166777;0.9999999999999999;0.9998985798028192;0.999989689041677;0.9996829605836455;0.9996371188330917;0.9999107311303537;1.0;0.9999916544037752;1.0001324829815041;0.9999912728899804;0.9999840668362819;0.9999842906725188;0.9999972464418971;1.024999976158142;
2016-12-26 02:15:00;0.9999999999999999;0.9999908350683088;0.9999854854784167;0.9999979633909358;0.999996060373516;0.9999975790207717;1.0;0.9999786437401018;0.9999858336709448;0.9999983636373909;0.9999909738134765;1.0;0.9999963150596846;1.0;0.9999561572148506;0.9999588195980015;0.9999598221595186;1.0;1.0;0.9999849986125167;0.9999897665843046;1.0;0.9999594665348975;0.9999993926779149;1.0001535266002775;0.9999849488327616;1.0;0.999998287175305;0.9997710794778557;0.9998373145664117;1.0;0.9999015705197657;0.9999889918852408;0.9997115638060436;0.9996625590891967;0.999900282925913;1.0;0.9999896853204289;1.000132296248426;0.9999906311260394;0.9999860514215221;0.9999846046923443;0.9999973445543489;1.024999976158142;
2016-12-26 02:30:00;1.0;0.9999937988698858;0.9999861585487603;0.999997733108751;0.9999961132401336;0.9999970758271458;1.0;0.9999805933775728;0.999985452716419;0.9999986335128067;0.9999914446547662;1.0;0.999997344954541;1.0;0.999962479540696;0.9999642862357465;0.9999650958409306;1.0;0.9999999999999999;0.9999855604855051;0.9999914405576636;1.0;0.9999648156495481;0.9999994928897098;1.0001522517317534;0.9999865034607764;1.0;0.9999980982491489;0.9997754130332884;0.9998442359751935;1.0;0.9999061576121125;0.9999896358948419;0.9997284015128092;0.9996861096567591;0.9999026155397265;1.0;0.999989685320429;1.0001313001364618;0.9999912173103171;0.9999879567341846;0.9999848577818419;0.9999981133336047;1.024999976158142;
2016-12-26 02:45:00;1.0;0.9999906183729526;0.999984454790294;0.9999980580984965;0.9999955984607989;0.9999974049358832;1.0;0.9999798793090888;0.9999840462705678;0.9999983002869373;0.999990830238979;1.0;0.9999957877283443;1.0;0.9999594536408524;0.9999621797068362;0.9999630635535822;1.0;0.9999999999999999;0.999983561547605;0.99998844520034;1.0;0.999962719906742;0.9999994638136839;1.0001511740546738;0.9999836833274808;1.0;0.999998178278435;0.9997734230888946;0.9998431231562807;1.0;0.9999131058164217;0.9999878721638343;0.9997320894308394;0.999689362899516;0.9999209579091829;1.0;0.9999900664615026;1.000130315438852;0.9999896870073502;0.9999845298888294;0.9999832127960369;0.9999970403415533;1.024999976158142;
2016-12-26 03:00:00;1.0;0.9999890998451787;0.9999826592399924;0.9999977942482411;0.9999949570960966;0.9999969992688533;1.0;0.999978428597747;0.9999819436561241;0.9999980296805163;0.9999898143476708;1.0;0.9999957399513438;1.0;0.9999566434101543;0.9999598051623114;0.9999607664439588;1.0;1.0;0.9999819747443806;0.9999882624606424;1.0;0.9999604071614203;0.9999994431419914;1.0001518457549672;0.9999828054456205;1.0;0.9999978914836167;0.9997822844223025;0.999852699975575;1.0;0.999913249752768;0.9999861666700036;0.9997381487902969;0.9997024062880716;0.9999172705268341;1.0;0.9999896853204289;1.000130841100129;0.999988223935717;0.999984026391222;0.999981326568946;0.9999969101469531;1.024999976158142;
2016-12-26 03:15:00;1.0;0.9999950992047154;0.9999857670520839;0.9999978630261313;0.9999960177937717;0.9999970217812079;1.0;0.9999813300140308;0.9999845571778668;0.9999987826659645;0.9999915709222177;1.0;0.9999965598209123;1.0;0.99996503832886;0.9999664664396368;0.9999671426704078;1.0;1.0;0.9999843463114804;0.9999892273132055;1.0;0.9999668627352909;0.9999995283937736;1.0001526976936812;0.9999846307520845;1.0;0.9999981089268554;0.9997718181914512;0.9998410734855799;1.0;0.9999116411427301;0.9999895244899571;0.9997480334449128;0.9997039578452226;0.9999057401783764;1.0;0.999989685320429;1.0001317759466355;0.9999911577448053;0.9999855112314218;0.9999840073453624;0.9999977734448228;1.024999976158142;
2016-12-26 03:30:00;1.0;0.9999955332231159;0.9999879521172254;0.9999979228931294;0.99999699581309;0.9999976040049369;1.0;0.9999797317541956;0.999988247158839;0.9999989527302398;0.9999921643405014;1.0;0.9999970026212024;0.9999999999999999;0.9999600426060972;0.9999613466819312;0.9999621996118615;1.0;1.0;0.9999869695037741;0.9999905838473244;1.0;0.9999618889087457;0.999999408858862;1.0001534078844876;0.9999863080455049;1.0;0.9999984599527185;0.9997731433708003;0.999837939830271;0.9999999999999999;0.9998934971092921;0.9999918448936934;0.9996814623966249;0.9996317404091163;0.9998964965533504;1.0;0.9999884785248685;1.0001323186879103;0.9999931190371836;0.9999872296918965;0.999986834769588;0.9999980457796772;1.024999976158142;
2016-12-26 03:45:00;0.9999999999999999;0.9999903290424946;0.999986244520147;0.9999981688080775;0.9999959187214331;0.9999975841709574;1.0;0.9999828508316564;0.9999857802950124;0.9999983050701915;0.9999917920269854;1.0;0.9999971412516158;1.0;0.9999650312034699;0.9999678399664826;0.9999686606865065;0.9999999999999999;1.0;0.9999862439034669;0.9999921559447807;0.9999999999999999;0.9999683839097482;0.9999995593694733;1.0001501354313382;0.9999875628110597;0.9999999999999999;0.9999982756944676;0.9997712693732281;0.9998418539589582;1.0;0.9999115416171434;0.9999887557566899;0.9997252868488641;0.999682515952462;0.9999208873173422;1.0;0.9999900664615023;1.0001294099819562;0.9999904030514382;0.999988934446154;0.9999854242927532;0.9999977623819578;1.024999976158142;
2016-12-26 04:00:00;0.9999999999999999;0.9999897511832285;0.999986661915263;0.999998591745078;0.9999961728016217;0.9999981497468978;0.9999999999999999;0.9999832627283908;0.9999867300722916;0.9999983437507318;0.99999222207446;1.0;0.9999960768872356;1.0;0.9999647478368652;0.9999677252317116;0.9999685389604834;0.9999999999999999;1.0;0.999986207203837;0.999990081282178;0.9999999999999999;0.9999682272847332;0.9999995430992956;1.0001512640936643;0.9999862046373011;1.0;0.9999985812341536;0.9997718999511199;0.9998376282302875;1.0;0.9999049328331991;0.9999891706117134;0.9997078744155574;0.9996583319391867;0.9999128702424501;1.0;0.999989685320429;1.0001304000326179;0.9999907519039191;0.9999868083311437;0.9999859367670514;0.9999971388332677;1.024999976158142;
2016-12-26 04:15:00;1.0;0.9999901125643254;0.9999840804714847;0.9999977225998207;0.9999952272206819;0.9999969072042931;0.9999999999999999;0.99998051759886;0.9999830615469663;0.9999981416181133;0.9999905230147035;1.0;0.9999970717417673;0.9999999999999999;0.9999614280827065;0.9999643004468941;0.9999651808165143;1.0;1.0;0.9999839782635334;0.9999913882861269;1.0;0.9999648870717625;0.9999995216564317;1.0001534392840907;0.9999859208029716;1.0;0.9999978766750557;0.9997707461012695;0.9998367592075075;1.0;0.9998934779290711;0.9999870889930037;0.9996795563464697;0.9996301350749108;0.9998977431687014;1.0;0.9999888913511112;1.0001322421827512;0.9999890005105673;0.9999876769990903;0.9999828954119194;0.9999977090914725;1.024999976158142;
2016-12-26 04:30:00;1.0;0.9999944493268162;0.9999806986081834;0.9999964501993428;0.999994895583489;0.999995575961014;1.0;0.9999699193443655;0.9999798778212392;0.9999984053481564;0.999987676446777;0.9999999999999999;0.9999962451691242;1.0;0.9999429751471516;0.9999445941829592;0.9999457708141546;1.0;0.9999999999999999;0.99997924088566;0.9999868742241143;1.0;0.9999453537439833;0.9999991846029312;1.00015469851025;0.9999797263952653;0.9999999999999999;0.9999972467989471;0.9997716427753696;0.9998392670133905;0.9999999999999999;0.9999018551581872;0.9999866188571092;0.9997116501931681;0.9996651188983097;0.9999010774551272;1.0;0.9999884785248687;1.000133305577756;0.9999887259290285;0.9999817070957975;0.9999785249065603;0.9999975554317803;1.024999976158142;
2016-12-26 04:45:00;1.0;0.9999945213797556;0.9999868895070397;0.9999978140786283;0.9999965396029732;0.9999973520673885;1.0;0.9999796099914134;0.9999867836454857;0.9999987794878427;0.9999916731404561;1.0;0.999997047459071;1.0;0.999960006060414;0.999961602784245;0.9999624634775772;1.0;1.0;0.9999860641369992;0.9999907069106184;1.0;0.999962156426971;0.9999994306456588;1.000150667873396;0.9999860618937686;1.0;0.9999982826340998;0.9997680579559793;0.9998369764468495;0.9999999999999999;0.9999024804903746;0.9999906639152651;0.9996927967266536;0.9996455474968445;0.9999157577456249;1.0;0.9999900664615023;1.0001299285704388;0.999992103700966;0.9999872209076945;0.9999856895264381;0.9999980004332484;1.024999976158142;
2016-12-26 05:00:00;1.0;0.9999939435556731;0.9999895012298071;0.9999986440161336;0.9999970275749864;0.999998185358657;1.0;0.9999863662569646;0.9999891676489133;0.9999988743912035;0.9999937877123641;1.0;0.9999972483444135;1.0;0.9999727360325225;0.9999745013991033;0.9999750918252162;1.0;1.0;0.9999888955296783;0.9999923157391897;1.0;0.9999748636703651;0.9999996393051352;1.000151310514116;0.9999890512160878;1.0;0.9999987449153125;0.9997747439668512;0.9998432433709671;0.9999999999999999;0.9999057299933676;0.9999918559894502;0.9997292149609798;0.9996859646712788;0.9999007638159082;1.0;0.9999904792909118;1.0001305760241779;0.999993078148419;0.9999896722326749;0.9999886256286064;0.9999980702940983;1.024999976158142;
2016-12-26 05:15:00;1.0;0.9999937268168021;0.9999827441510968;0.9999972803033447;0.9999945538274639;0.999995780556826;0.9999999999999999;0.9999823366331522;0.9999795696017449;0.9999983612945833;0.9999902297800769;1.0;0.9999975938422342;1.0;0.9999693924000894;0.9999712214472307;0.999971796219922;1.0;0.9999999999999999;0.9999819028536092;0.9999911908004396;1.0;0.9999715856072059;0.9999996671820942;1.0001540837631977;0.9999852055807383;1.0;0.9999973446310877;0.999770497839373;0.9998427042283045;1.0;0.9998961881061332;0.9999861000892402;0.9996925635045196;0.9996523570216942;0.9998970355300224;1.0;0.9999888913511111;1.0001329714874765;0.9999882302898522;0.9999872315475208;0.9999804669140068;0.9999982444090273;1.024999976158142;
2016-12-26 05:30:00;1.0;0.9999909814704542;0.9999841749577514;0.9999973368066505;0.999995524316214;0.9999967510643564;1.0;0.9999770420526175;0.9999838894250836;0.9999982116562806;0.9999899613931235;1.0;0.9999974308431071;1.0;0.9999542218490938;0.9999568493842791;0.9999579146838155;1.0;1.0;0.9999842439090916;0.9999918128104215;0.9999999999999999;0.9999575833806222;0.9999993832939953;1.000154584494299;0.999985851812394;1.0;0.9999978119322094;0.999769203576469;0.9998427488197341;1.0;0.9998973104162031;0.9999878555946183;0.9996968456031624;0.9996578227670091;0.999897500884599;1.0;0.9999884785248686;1.0001331673004328;0.9999896667263162;0.999987965988295;0.9999831393276181;0.9999979643517787;1.024999976158142;
2016-12-26 05:45:00;0.9999999999999999;0.9999958952268256;0.9999884634660344;0.9999981269688041;0.9999968674804876;0.999997564540986;0.9999999999999999;0.9999834092219879;0.9999878753573211;0.9999989896654167;0.9999929025004908;1.0;0.9999973833462504;1.0;0.9999683364294233;0.9999695388155537;0.9999701847598911;1.0;0.9999999999999999;0.9999875114004815;0.9999916346022285;1.0;0.9999699396399293;0.9999995589554844;1.000150007517367;0.9999876818655192;1.0;0.9999984498652424;0.9997718885961053;0.9998430457183224;1.0;0.9999102307620604;0.9999917018357702;0.9997159526418575;0.9996744415221194;0.9999232983752263;1.0;0.9999888913511111;1.0001294585061238;0.9999929928223454;0.9999885893061669;0.9999871832583512;0.9999982786991677;1.024999976158142;
2016-12-26 06:00:00;1.0;0.9999912690844381;0.9999787848567582;0.9999965195628847;0.999993584557053;0.9999950371866816;1.0;0.9999748079030275;0.9999760815713814;0.9999979006487465;0.9999874428945279;1.0;0.9999968654705768;1.0;0.9999537317376288;0.9999562700871941;0.9999572249511223;0.9999999999999999;1.0;0.9999780276976395;0.9999889326440901;1.0;0.9999569000141101;0.9999994337955437;1.0001561162843566;0.9999813197240617;1.0;0.9999968271191072;0.9997820404882836;0.9998553976274382;1.0;0.9998987664120694;0.9999833378437151;0.9997175104885153;0.9996867137083408;0.9998878133068337;1.0;0.9999892724926028;1.000134552100027;0.999985879601485;0.9999839175738302;0.9999764038644459;0.9999976758231877;1.024999976158142;
2016-12-26 06:15:00;1.0;0.9999885955489538;0.9999506585569796;0.9999912759067419;0.9999838160728981;0.9999859853906545;1.0;0.9999544346574637;0.9999380703943996;0.9999957033194882;0.9999724171601592;1.0;0.9999961367704399;0.9999999999999999;0.9999294483776704;0.9999327628971832;0.9999338989800536;1.0;0.9999999999999999;0.9999482163808642;0.9999797444589318;1.0;0.9999335115809757;0.9999993473287707;1.0001636138772176;0.9999615461910718;1.0;0.9999914661062665;0.9997946062564588;0.999863932902856;1.0;0.9999032877486146;0.9999600730287067;0.9997556335361171;0.9997272035060822;0.9998755013558388;1.0;0.9999888913511112;1.0001409334623976;0.9999662837840501;0.9999688022933785;0.9999428490534114;0.9999970910015891;1.024999976158142;
2016-12-26 06:30:00;1.0;0.9999871522538771;0.9999354984240747;0.9999882884574386;0.999977993410854;0.999980463770458;1.0;0.9999482710035804;0.9999159793187941;0.9999943543999729;0.9999647582909664;1.0;0.999997378221915;0.9999999999999999;0.9999278843105612;0.9999316252492091;0.9999326100176112;1.0;1.0;0.999932878443236;0.9999786104398936;1.0;0.999932312669815;0.999999529889834;1.0001678566286287;0.9999543228616437;1.0;0.9999881787185432;0.9997784732119925;0.9998456072120184;1.0;0.9998882169752656;0.999946498019595;0.9996773739890567;0.9996349339984807;0.9998834079390455;1.0;0.999989685320429;1.0001446091092128;0.9999548183852559;0.9999649558496182;0.9999245725625693;0.9999976695398387;1.024999976158142;
2016-12-26 06:45:00;1.0;0.999956875449837;0.9999273262532526;0.9999896893883122;0.9999749555833176;0.9999828545556337;1.0;0.9999431013189695;0.9999121133989914;0.9999910223931143;0.9999605370095556;1.0;0.999993257942213;0.9999999999999999;0.9999003840649865;0.9999129080180932;0.9999150765131595;1.0;1.0;0.9999287737515719;0.9999761733179234;0.9999999999999999;0.9999144453045866;0.9999992793917223;1.0001741299304885;0.9999508407633214;1.0;0.9999885102128029;0.999771183102974;0.9998245777481484;0.9999999999999999;0.9998654642902447;0.9999350290202355;0.9996069258334892;0.9995394338441946;0.99986298346111;0.9999999999999999;0.9999900664615023;1.0001491247034366;0.9999446023244989;0.9999616759105339;0.9999198699390277;0.9999933136558283;1.024999976158142;
2016-12-26 07:00:00;0.9999999999999999;0.9999258052304251;0.9999189229948195;0.9999905999999752;0.9999721342041892;0.9999851058444031;1.0;0.9999332846926736;0.9999092554006734;0.9999875326067281;0.9999553572754648;1.0;0.9999896673515356;1.0;0.9998622275769536;0.9998837628471058;0.9998874319432932;1.0;1.0;0.9999251000806335;0.999974866123736;1.0;0.9998864082726597;0.999998842950745;1.0001829221253595;0.9999476887628381;1.0;0.9999887099101997;0.9997705309142112;0.9998280844807059;1.0;0.9998199591871996;0.9999239231475059;0.9994271442151033;0.9993665707261048;0.9998486027278137;1.0;0.9999900664615025;1.0001556665384823;0.9999346797048032;0.999959383751337;0.9999154022635367;0.99998919328194;1.024999976158142;
2016-12-26 07:15:00;0.9999999999999999;0.9999517443087774;0.9999283890190774;0.9999900367659399;0.9999755326125518;0.9999839935978209;0.9999999999999999;0.9999403419554594;0.9999157135497677;0.9999906122526182;0.9999604738709925;1.0;0.9999930150824093;1.0;0.999889595618572;0.9999036049968335;0.9999061958267239;1.0;1.0;0.9999311095887894;0.9999773390577149;1.0;0.9999054678764555;0.9999990963452816;1.00018331368263;0.9999522048161682;1.0;0.9999889958330755;0.9997666109680938;0.9998196741325507;1.0;0.9997669981835623;0.999935610687019;0.9992291412094807;0.9991606108805511;0.9998242302840663;1.0;0.9999888913511112;1.000156818810585;0.9999449967905215;0.999963120937244;0.9999223260594955;0.9999928257098736;1.024999976158142;
2016-12-26 07:30:00;0.9999999999999999;0.9999792737670021;0.9999518551168114;0.9999922374312147;0.9999835722247957;0.999987304028039;1.0;0.9999601457575786;0.9999402803573515;0.9999948106830191;0.9999734814570361;0.9999999999999999;0.9999967915027081;1.0;0.9999351806695016;0.9999411992721452;0.9999424539515624;1.0;0.9999999999999999;0.9999518274554656;0.9999845886138569;1.0;0.9999420971433183;0.9999995063086741;1.0001732412775837;0.9999669879084349;1.0;0.9999919176983967;0.9997404963525849;0.9998046634918766;1.0;0.999777007468091;0.9999584604027041;0.9992494776442472;0.9991799575521751;0.9998403565653289;1.0;0.9999892724926028;1.0001490410794882;0.9999647146579868;0.9999747098278303;0.9999457192015729;0.99999680403613;1.024999976158142;
2016-12-26 07:45:00;1.0;0.9999833913978755;0.9999598986575665;0.9999935770806246;0.9999862288149933;0.9999893291475592;1.0;0.9999679507671891;0.9999497815635339;0.9999957537902971;0.9999781077429745;1.0;0.9999973540699723;1.0;0.9999490971432501;0.999953916396376;0.9999548635831143;0.9999999999999999;1.0;0.9999596931599095;0.9999870830486587;1.0;0.9999545897622393;0.9999996421330319;1.0001712879758808;0.9999725254946167;1.0;0.9999932447465134;0.9997400923988584;0.9998085816465052;1.0;0.9997940367149996;0.999965312495947;0.9993344086671713;0.9992712791489934;0.999833837333162;1.0;0.9999896853204291;1.0001475333872296;0.9999705461982261;0.999978883969862;0.9999545827556041;0.999997398737837;1.024999976158142;
2016-12-26 08:00:00;1.0;0.9999803550123723;0.9999449272272082;0.9999907986337926;0.9999811980019804;0.9999848060815052;1.0;0.9999551084025016;0.9999305438932787;0.9999944282984501;0.9999697962947917;1.0;0.9999967026944218;1.0;0.9999304103259814;0.9999361041743136;0.9999373313747781;1.0;1.0;0.9999441243204085;0.9999819809946872;0.9999999999999999;0.9999369739485997;0.9999994955779354;1.0001754112483805;0.9999617191679013;1.0;0.9999904948361453;0.9997407515440537;0.999812362987703;0.9999999999999999;0.9997971269200038;0.9999530432829835;0.9993443123733048;0.9992862753957461;0.9998363843356665;1.0;0.999989685320429;1.0001509482579303;0.9999601871846308;0.9999705613394386;0.9999371396991035;0.9999968328345781;1.024999976158142;
2016-12-26 08:15:00;1.0;0.9999792754730162;0.9999494718556682;0.9999918138293068;0.9999831628685473;0.999986893425153;1.0;0.9999548226770438;0.9999382352440018;0.999994715889501;0.9999718345451343;0.9999999999999999;0.999995702904979;1.0;0.9999246775223591;0.9999307025661415;0.999932157513738;0.9999999999999999;0.9999999999999999;0.9999488154117064;0.9999813059212805;1.0;0.9999317097054934;0.9999993298005764;1.0001717642147263;0.9999629784659829;0.9999999999999999;0.9999916721316167;0.9997468453082551;0.9998089526392729;0.9999999999999999;0.9998202865048396;0.9999573089161709;0.9994220700091228;0.9993527774374793;0.9998530215665081;1.0;0.9999892724926028;1.0001477046963942;0.9999637694101039;0.9999705732277006;0.9999430092784111;0.9999962057381387;1.024999976158142;
2016-12-26 08:30:00;1.0;0.9999649700280162;0.9999364251388014;0.9999903754764042;0.9999789684279974;0.9999850227252363;1.0;0.9999408425872697;0.9999251972589852;0.9999925034639238;0.9999641913924279;0.9999999999999999;0.9999934551698334;1.0;0.9998932475292241;0.9999034302467098;0.9999057604481476;0.9999999999999999;1.0;0.9999371093978137;0.9999765080492835;0.9999999999999999;0.9999050629973909;0.9999989825052849;1.0001766645269496;0.9999537937495256;1.0;0.9999900676752612;0.9997518631038632;0.999801008408391;1.0;0.999809891788028;0.9999453018095058;0.999384124785378;0.9992985919516123;0.9998475937734463;1.0;0.999989685320429;1.0001513925754806;0.999953421692766;0.9999631545412138;0.9999300175353163;0.9999939808429427;1.024999976158142;
2016-12-26 08:45:00;1.0;0.9999728431608357;0.9999506330512914;0.9999929706960106;0.9999829200038894;0.9999880948436353;1.0;0.9999624568468569;0.9999394818921654;0.9999941572320228;0.9999734251139359;1.0;0.9999954653296365;1.0;0.999936411331101;0.9999442973443224;0.9999456096690644;1.0;1.0;0.9999511168988611;0.9999833482682552;1.0;0.9999452151511647;0.9999995735385587;1.0001788876245974;0.9999662468539195;1.0;0.9999921500779475;0.9997424761971647;0.9997939140310564;1.0;0.9997524746922983;0.999956030266778;0.999177424036814;0.9990910962666671;0.9998158068631526;1.0;0.9999900664615023;1.0001538166329456;0.9999625468109236;0.999973468397919;0.9999450881833084;0.9999956311246347;1.024999976158142;
2016-12-26 09:00:00;1.0;0.9999720445917666;0.99995069789445;0.99999272606359;0.9999831218694707;0.9999881486020656;1.0;0.9999593830644253;0.9999404446940624;0.9999940873365092;0.9999728837708206;1.0;0.9999958251326185;1.0;0.999929059141398;0.9999371610583367;0.9999386999573076;1.0;1.0;0.9999517006160744;0.9999842731020541;1.0;0.9999382634882475;0.9999994445559891;1.0001732867232376;0.9999667166600624;1.0;0.999992165474943;0.9997411689926486;0.9997870317117864;1.0;0.9997957630486819;0.999956368676563;0.9993310738812717;0.9992340375630562;0.99984127432872;1.0;0.9999900664615022;1.0001488638560867;0.9999628201397938;0.9999743597860365;0.9999455537974882;0.9999957768021136;1.024999976158142;
2016-12-26 09:15:00;0.9999999999999999;0.9999768887357899;0.9998850869706437;0.9999793726264656;0.9999601499336939;0.9999648536033156;1.0;0.9999148819960725;0.9998482121493246;0.99998980083188;0.9999381329911828;1.0;0.9999960665820385;1.0;0.9998874460504172;0.999894154644218;0.9998955192329888;0.9999999999999999;0.9999999999999999;0.9998805249585092;0.999963826404447;1.0;0.9998951172043753;0.9999994609146153;1.0001856538432488;0.9999208121009633;1.0;0.9999786936250326;0.9997438844778235;0.9997909867816526;1.0;0.9997893023484762;0.9999033169599637;0.9992843806872129;0.9991906595049341;0.9998535458123761;0.9999999999999999;0.9999876845582996;1.0001596848232088;0.9999183345609596;0.9999399327892461;0.9998652457109688;0.999996241827964;1.024999976158142;
2016-12-26 09:30:00;1.0;0.9999779734308357;0.9998537377637823;0.9999730035956289;0.9999493841066277;0.9999538488152052;1.0;0.9998933503401184;0.9998051488252808;0.999987409472938;0.9999215170635377;1.0;0.9999954862641607;1.0;0.9998654619427436;0.999871858688722;0.9998732093743217;0.9999999999999999;1.0;0.999846325511523;0.9999525910219997;1.0;0.9998727854355538;0.9999994259224919;1.0002000425477118;0.9998976385033598;1.0;0.9999721176305884;0.9997602966795762;0.9998044827185188;1.0;0.9997744045598924;0.9998782000561555;0.9992550857329837;0.9991687536652447;0.999828831592238;1.0;0.999989685320429;1.000172125750006;0.9998972583287296;0.9999218608233366;0.9998271075475336;0.9999959981534162;1.024999976158142;
2016-12-26 09:45:00;1.0;0.9999703152300863;0.9998857209110549;0.9999797666340373;0.9999609105303007;0.9999662458854757;1.0;0.9999101338914869;0.999852641902122;0.999989109227878;0.9999377156212963;0.9999999999999999;0.9999946816345452;1.0;0.9998708189319283;0.9998794425300319;0.9998813782981657;1.0;1.0;0.9998821183315826;0.9999625271539613;1.0;0.9998808054829166;0.9999991705413349;1.0002035757514565;0.999919900739582;1.0;0.9999791597305066;0.9996722389929318;0.9996847375945865;0.9999999999999999;0.9997188741053139;0.9999039832922785;0.9990397991025679;0.9988496488195472;0.9998084959599737;1.0;0.9999900664615025;1.0001748595203026;0.999918786782464;0.9999385727997718;0.9998675050028566;0.9999950253458882;1.024999976158142;
2016-12-26 10:00:00;1.0;0.9999831740768915;0.999863721643766;0.9999743169140216;0.9999531117872106;0.9999565141365834;1.0;0.9998968520971505;0.9998183748063139;0.9999887212375866;0.9999263046101436;1.0;0.9999962758709923;1.0;0.9998690387722001;0.9998739179879451;0.9998752476856663;1.0;1.0;0.9998564274951873;0.9999557066907904;1.0;0.9998748372157653;0.9999993430550358;1.0002047952177293;0.9999039443510285;1.0;0.9999739333191603;0.9996727378132677;0.999679393943502;1.0;0.9997074166121263;0.9998876208314689;0.9989845122816966;0.9987858540973227;0.9998116430132812;1.0;0.9999892724926027;1.0001763373926111;0.9999052816082094;0.9999268242501043;0.9998385127247182;0.9999967934360524;1.024999976158142;
2016-12-26 10:15:00;1.0;0.9999810040018806;0.9998843403507391;0.9999786490196795;0.9999597334164665;0.9999634794247682;1.0;0.9999165497659562;0.9998457373443767;0.9999899252461392;0.9999379208144193;1.0;0.9999972847366548;1.0;0.9998951026349199;0.9999006020798676;0.9999016928492286;1.0;0.9999999999999999;0.9998793242511078;0.9999649884316295;1.0;0.9999013890145996;0.9999995953208959;1.0002014894351203;0.9999212263563104;0.9999999999999999;0.9999779449122115;0.9997004214282253;0.9997229075353895;0.9999999999999999;0.9996696036910484;0.9999030632006898;0.9988156403145793;0.9986595830876107;0.9998128556882114;1.0;0.999989685320429;1.000173527014467;0.9999181859586211;0.9999409785871486;0.9998635433613877;0.9999971982143507;1.024999976158142;
2016-12-26 10:30:00;0.9999999999999999;0.999985125973126;0.9999205878136087;0.9999856769165367;0.9999723151293889;0.9999754118244096;0.9999999999999999;0.9999426870313141;0.999894425517131;0.999993044276879;0.9999574506553125;0.9999999999999999;0.9999976991439024;1.0;0.9999266517109334;0.9999309681833065;0.999931778931918;1.0;1.0;0.9999173760229992;0.9999756760757098;0.9999999999999999;0.9999315458116449;0.9999997083322248;1.0001938235175483;0.9999458985848584;1.0;0.999985152021135;0.9997097444144035;0.9997424342990653;1.0;0.9996532480646014;0.9999330947514833;0.9987744279024338;0.9986409717942647;0.9997918498793115;1.0;0.9999920672329304;1.0001670925195778;0.9999434982745156;0.9999592552054187;0.9999065886729144;0.9999977079319724;1.024999976158142;
2016-12-26 10:45:00;1.0;0.999985778178958;0.9999209646800958;0.9999851655609334;0.999973186708227;0.9999756302811464;1.0;0.9999342857333614;0.9998972187698769;0.9999931560056536;0.9999563395330471;1.0;0.9999974833789331;1.0;0.9999076721646314;0.9999118074288574;0.9999131067583902;1.0;1.0;0.9999178788998726;0.999974732173603;0.9999999999999999;0.9999127381029518;0.9999993450928252;1.0001986923025317;0.999944378665119;1.0;0.9999852919406477;0.9996789646992877;0.9997041094101136;1.0;0.9996279024074718;0.9999350078376287;0.9986847042109438;0.998520988378463;0.9997768041246411;0.9999999999999999;0.9999916544037751;1.0001711258884012;0.9999451434602153;0.9999579140718319;0.9999075274279313;0.9999976329003025;1.024999976158142;
2016-12-26 11:00:00;1.0;0.9999409074096223;0.9998824444083716;0.9999816683287511;0.9999597292150536;0.9999699130506472;0.9999999999999999;0.9999062348436758;0.9998559302489763;0.9999860879953887;0.9999356381426068;1.0;0.9999912978780192;0.9999999999999999;0.9998428667936807;0.9998600247257067;0.9998632495749666;1.0;0.9999999999999999;0.9998835399192657;0.9999627514241017;1.0;0.9998623394809105;0.9999988526445687;1.000206328464284;0.9999203789409112;0.9999999999999999;0.9999802173372311;0.9997152128030661;0.9997397797617381;1.0;0.9996818180345316;0.9998969978911112;0.9988756412187955;0.9987322728039104;0.9998087659769118;1.0;0.9999884785248685;1.000176282286275;0.9999123521276766;0.9999389403201122;0.9998687913039684;0.9999911322961482;1.024999976158142;
2016-12-26 11:15:00;1.0;0.9998826695867506;0.9998461351636998;0.999980341526391;0.9999466628786409;0.9999672926242816;1.0;0.9998845746158176;0.999819848797806;0.9999779345846456;0.9999169707086262;0.9999999999999999;0.9999828053260542;1.0;0.9997803248806386;0.9998143617177475;0.9998197401142294;1.0;1.0;0.9998531018153541;0.9999505080816863;0.9999999999999999;0.9998181986654547;0.999998436781522;1.0002208803193187;0.9998985775183418;0.9999999999999999;0.999976445721731;0.9996856736346158;0.9996996044650066;1.0;0.9996809103057551;0.9998580021640848;0.998883323185681;0.9987048093763405;0.9998008157074924;1.0;0.9999916544037754;1.0001871307779193;0.9998784752899356;0.9999206763081442;0.9998346568275354;0.999982445538463;1.024999976158142;
2016-12-26 11:30:00;1.0;0.9999021847370948;0.999885009837316;0.9999872141924757;0.9999609733092218;0.999978862406494;1.0;0.9999083894133606;0.9998702500287254;0.9999829831198412;0.999937960412069;1.0;0.9999815716242096;1.0;0.9998144549139356;0.999842866786202;0.9998475104417607;1.0;1.0;0.9998896739560613;0.9999535936029742;1.0;0.9998460350768464;0.9999984516230885;1.000212202362579;0.9999171519776011;1.0;0.9999840329622046;0.9997120227580691;0.9997321155608162;1.0;0.9996705274558347;0.999893850091107;0.9988398427747995;0.9986881116398666;0.9997992287985275;1.0;0.9999900664615023;1.000180314976593;0.9999090205252268;0.9999306945961068;0.9998781921922861;0.999983113301832;1.024999976158142;
2016-12-26 11:45:00;1.0;0.9999664124186182;0.9999104564052711;0.9999866181961221;0.9999702980404088;0.9999773486972585;1.0;0.9999262975348867;0.9998895043120352;0.9999909402485658;0.9999518457495499;1.0;0.9999884156030533;1.0;0.9998810660017423;0.9998908189417177;0.9998928053169244;1.0;0.9999999999999999;0.9999059250683331;0.9999571303242405;1.0;0.9998920056438882;0.9999990189433795;1.0002024567008225;0.9999271872657858;0.9999999999999999;0.9999855166757444;0.9996882928287677;0.9997183134353875;1.0;0.9996770565086159;0.9999247751404757;0.998868027853217;0.9987158583509177;0.9997996866726775;1.0;0.9999896853204289;1.0001739372842493;0.9999362556003608;0.999937517170218;0.9998976779559757;0.9999913214531552;1.024999976158142;
2016-12-26 12:00:00;0.9999999999999999;0.9999927149780583;0.9999098072075486;0.9999833059433201;0.999970018479436;0.9999719812679805;1.0;0.9999250774761206;0.9998817433156438;0.9999931643359135;0.999950961573699;0.9999999999999999;0.9999939489427669;1.0;0.9998994628214838;0.9999015843710158;0.9999026159629333;1.0;1.0;0.9999023422925402;0.9999612627264489;1.0;0.9999021589307129;0.9999992495690282;1.0002047304661983;0.9999282039379596;1.0;0.9999833179378363;0.9996421955512838;0.9996428901451283;1.0;0.9996202589059514;0.9999281079369975;0.9986193298331205;0.9983938053734155;0.999798119411954;1.0;0.9999912732606053;1.0001766281585946;0.9999395359502659;0.9999410570332868;0.9998925759896107;0.9999961768450294;1.024999976158142;
2016-12-26 12:15:00;1.0;0.9999878004137553;0.9998959948712277;0.9999804646199765;0.9999645632471299;0.9999671040759404;1.0;0.9999184921535254;0.999862274940737;0.9999915548058523;0.9999435355337997;0.9999999999999999;0.9999961957884358;1.0;0.9998938645783771;0.9998974079385485;0.9998985372416246;1.0;1.0;0.9998898738822242;0.9999637651397064;1.0;0.9998981568993185;0.9999993719665261;1.0002039912898002;0.9999245057236673;1.0;0.9999803171854539;0.9996496531065626;0.9996689134421489;0.9999999999999999;0.9996486320312645;0.9999150010486959;0.9987436439241869;0.998550801367058;0.9997988959782469;1.0;0.9999908604325449;1.0001758200769344;0.9999283859588572;0.9999414162969639;0.9998767421063196;0.9999970686065646;1.024999976158142;
2016-12-26 12:30:00;0.9999999999999999;0.9999716889979972;0.9999062711862314;0.9999840041412322;0.9999680434613465;0.9999732794452826;0.9999999999999999;0.9999258165759978;0.9998804637723653;0.9999907897414778;0.9999490071097479;1.0;0.9999943473556423;1.0;0.9998897282305842;0.9998979576728352;0.9998997119504842;1.0;1.0;0.9999035376411164;0.9999675921573873;1.0;0.9998991679477686;0.9999992550417767;1.0002064133137596;0.9999332602368576;1.0;0.9999833504469958;0.9996394902061267;0.9996532038163894;1.0;0.9996212733083185;0.9999208521782722;0.9986365281469639;0.9984296214622577;0.9997895770226984;0.9999999999999999;0.9999900664615023;1.0001774289087497;0.9999329892250999;0.9999479263056115;0.9998919765441212;0.9999949364035536;1.024999976158142;
2016-12-26 12:45:00;1.0;0.999939177101873;0.9998837534332847;0.9999827430753534;0.9999600702957658;0.9999710992801482;0.9999999999999999;0.9999106650082966;0.9998575752988513;0.9999861043825591;0.9999371579801782;1.0;0.9999896229879002;1.0;0.9998498005373344;0.9998674774990196;0.999870528645694;1.0;1.0;0.9998842441517493;0.9999601165463419;1.0;0.9998696088970198;0.9999989590872018;1.00022053693091;0.9999194354371194;1.0;0.9999808442821546;0.999638045619051;0.9996477266113427;1.0;0.9995667344802426;0.9998974639137663;0.9984385616360235;0.9982271595096961;0.9997605150050207;1.0;0.9999900664615025;1.0001886431838491;0.9999127183293768;0.9999365620186133;0.9998703160731136;0.9999900903822053;1.024999976158142;
2016-12-26 13:00:00;1.0;0.9999618631653407;0.9999152023696267;0.9999878135124113;0.9999714624363067;0.9999792151343206;1.0;0.9999329346264063;0.9998958737794355;0.9999907850350311;0.9999546032023521;1.0;0.9999894774714176;1.0;0.9998893567768868;0.9999004430196788;0.9999024413218514;1.0;1.0;0.9999125372821175;0.999962452372337;1.0;0.9999016956687541;0.9999991552623047;1.0002115789827584;0.9999341448564626;1.0;0.9999864750068072;0.9996324090646266;0.9996454919307293;0.9999999999999999;0.9995640704192069;0.99992708434065;0.9984223235929903;0.9982121958796014;0.9997634978257286;1.0;0.9999912732606053;1.000181729925091;0.999938078882168;0.999944415874111;0.9999041117166789;0.9999915850473001;1.024999976158142;
2016-12-26 13:15:00;1.0;0.999965765115326;0.9999058476500833;0.9999867463928536;0.9999702717289704;0.999977970058231;1.0;0.9999133232131134;0.9998876730587739;0.9999908618975835;0.9999490089122396;1.0;0.9999820029891081;1.0;0.9998522695441994;0.9998622228962436;0.9998646941409818;1.0;0.9999999999999999;0.9998978634988057;0.9999411557497841;1.0;0.9998635383271812;0.9999984815826849;1.0002192927037645;0.9999117125121917;1.0;0.9999857610212324;0.9996510904688299;0.9996656270401622;0.9999999999999999;0.9995689600916337;0.9999237509153179;0.9984569484484798;0.9982613185267326;0.9997547040433377;1.0;0.999989685320429;1.0001884071569047;0.9999354839184069;0.9999190627994159;0.9998923998829267;0.9999877589427741;1.024999976158142;
2016-12-26 13:30:00;1.0;0.9999245113682829;0.9998799637293614;0.999987170699261;0.9999630756517347;0.999978950983892;1.0;0.9998848674442037;0.9998677033165713;0.9999855441783392;0.9999352427000415;1.0;0.9999673772456186;1.0;0.9997745921531827;0.9997965301644459;0.9998011232994621;0.9999999999999999;0.9999999999999999;0.9998717436489525;0.9999126283757767;1.0;0.9997990530089721;0.9999974824986729;1.0002331707460759;0.9998794659098921;1.0;0.9999846492724989;0.9996720450065961;0.9996711622157692;1.0;0.9995641204889507;0.9998997748220861;0.9984375370957949;0.9982321373061459;0.9997533599643108;1.0;0.9999908604325449;1.0001990948535993;0.9999146870471715;0.999884202799739;0.9998682494540749;0.9999768794445881;1.024999976158142;
2016-12-26 13:45:00;0.9999999999999999;0.9999646829372193;0.9998946310358882;0.9999839915647627;0.9999661350468427;0.9999735748902573;1.0;0.9999053509929292;0.9998720360778668;0.9999897672671936;0.9999425937101866;1.0;0.9999839117227103;1.0;0.9998437340743489;0.9998540088000757;0.9998565998441342;1.0;1.0;0.9998872203461515;0.9999423433928136;1.0;0.9998554876198144;0.9999984859321727;1.00021418759495;0.9999075440625962;1.0;0.9999831244574209;0.9996676413246541;0.999672449757486;1.0;0.9996250209247128;0.9999141152494474;0.9986472726852058;0.9984444503119319;0.999793433892262;1.0;0.9999908604325449;1.000183876569486;0.9999273420348769;0.9999182321234362;0.9998792211255542;0.9999887282846682;1.024999976158142;
2016-12-26 14:00:00;1.0;0.9999844049382225;0.9999059989207221;0.9999875319093435;0.999972706776397;0.9999788354976762;1.0;0.999903507712277;0.9998890630295545;0.9999932604876351;0.9999497676697251;1.0;0.999972298808643;1.0;0.9998385800966951;0.99984311270738;0.9998451679491682;1.0;1.0;0.9998885102205252;0.9999134133333032;1.0;0.9998436893951175;0.9999980068179001;1.0002249128826357;0.9998879824521617;1.0;0.9999868082773306;0.999655391755697;0.9996495908430116;1.0;0.9995667498228406;0.9999306686161028;0.9984500049040784;0.9982262679705499;0.9997527785983281;1.0;0.9999900664615023;1.0001939260051114;0.9999418281891846;0.9998883146242347;0.9998890474725868;0.9999837350186566;1.024999976158142;
2016-12-26 14:15:00;1.0;0.9999816561977517;0.9999215001017655;0.9999876522541681;0.9999745778288178;0.9999791414610004;0.9999999999999999;0.9999317430019536;0.9999018776138529;0.9999932889163168;0.9999576673694812;1.0;0.999988884063959;1.0;0.9998948612766567;0.9999001796054159;0.9999016382741894;1.0;0.9999999999999999;0.9999145645621972;0.9999567825846352;1.0;0.9999009301838376;0.9999990421516908;1.000202937373895;0.9999306995640129;1.0;0.9999871341394073;0.9996602086891637;0.9996710863454685;1.0;0.9996328202908539;0.9999367811192427;0.9987016949794841;0.9985036215759726;0.9997799569651372;0.9999999999999999;0.9999900664615023;1.0001748240762918;0.9999466613196901;0.9999387125051498;0.999908416698472;0.9999926374592119;1.024999976158142;
2016-12-26 14:30:00;1.0;0.9999853441709025;0.9998376898843424;0.999969305276886;0.999944457386143;0.9999478114135859;1.0;0.999877134506682;0.9997829371246403;0.9999870552663194;0.9999125325079469;1.0;0.9999943754844325;1.0;0.9998469745878243;0.9998512336146456;0.9998525724171047;1.0;1.0;0.9998270293725573;0.9999428716492205;1.0;0.999852081573497;0.9999992232731982;1.0002195148012332;0.9998817764579323;1.0;0.9999688275647883;0.9996658253432216;0.9996674581795114;1.0;0.9996045233327555;0.9998674021848426;0.9985848986672545;0.9983775824002106;0.9997744347676537;1.0;0.9999908604325449;1.000189115251223;0.999888365214903;0.9999079643462944;0.9998066133374449;0.9999959000049312;1.024999976158142;
2016-12-26 14:45:00;1.0;0.9999888848769515;0.9998398583589647;0.9999693921478604;0.9999450564611209;0.9999478827275422;0.9999999999999999;0.9998793369237403;0.9997845109622232;0.9999876116840215;0.9999137234969918;1.0;0.9999953681947258;1.0;0.999853137383778;0.9998563689778868;0.9998575270243557;1.0;1.0;0.999829104173071;0.9999448145933991;1.0;0.999857104747629;0.9999992990954519;1.0002137110721865;0.9998841642039608;1.0;0.9999690675317918;0.9996689411610711;0.9996803661655749;1.0;0.9996109430773942;0.9998693886490639;0.9985884166694299;0.9983968613258963;0.9997911721957444;1.0;0.9999904792909121;1.000184219930309;0.999890093832366;0.9999104180712045;0.9998086013328261;0.9999966895227627;1.024999976158142;
2016-12-26 15:00:00;1.0;0.9999864271663854;0.9999198975844497;0.9999852847669085;0.9999727599041431;0.9999754158095919;0.9999999999999999;0.9999357205973859;0.9998952502857854;0.9999931822589341;0.9999562821123367;1.0;0.9999966403629871;1.0;0.9999119018854788;0.9999158429710155;0.9999169663238459;1.0;1.0;0.9999160030965274;0.9999724147375451;0.9999999999999999;0.9999166092364054;0.9999994233678496;1.000198497528812;0.9999422787972566;1.0;0.9999851792026521;0.9996599879613761;0.9996712292742778;1.0;0.9996344478894502;0.9999340564976317;0.9987035692447479;0.9985057990009696;0.999783569956789;1.0;0.9999900664615025;1.0001710526688432;0.9999443626451929;0.9999552968498411;0.9999058910178026;0.999997217268354;1.024999976158142;
2016-12-26 15:15:00;1.0;0.9999869329719168;0.9999219404263294;0.999985550023694;0.999973336324527;0.9999758349708406;1.0;0.9999380678626961;0.9998975676590454;0.9999933366346487;0.9999574128906443;1.0;0.9999972682794914;1.0;0.9999161000119334;0.9999198948280033;0.9999209520311377;0.9999999999999999;1.0;0.9999183916524884;0.9999743102420723;1.0;0.9999206328490005;0.999999479017392;1.000195803256516;0.9999447371986582;0.9999999999999999;0.999985444364862;0.9996677415567058;0.9996838031425236;1.0;0.9996558774403751;0.9999355559071849;0.9987847504427431;0.9985984720365599;0.9997926908971616;1.0;0.999990479290912;1.0001687456799206;0.999945622882619;0.9999577439853934;0.999908256227904;0.9999975963938091;1.024999976158142;
2016-12-26 15:30:00;0.9999999999999999;0.9999875116679995;0.9999327713578552;0.9999875566226848;0.9999771558694258;0.9999794325516502;1.0;0.9999447838512499;0.9999125264352927;0.9999941843860771;0.9999630220540378;1.0;0.9999975616692555;0.9999999999999999;0.9999226507933635;0.9999262802661495;0.999927352389897;0.9999999999999999;1.0;0.9999300494586013;0.9999780116634339;1.0;0.9999270378820567;0.9999994644802744;1.0001933968390022;0.9999524202262094;0.9999999999999999;0.9999875868217084;0.9996618393502308;0.9996723942210921;1.0;0.9996382850962047;0.9999445738431274;0.998705606142969;0.9985073512471574;0.9997936259880004;1.0;0.999990479290912;1.0001666672032632;0.9999532113372013;0.9999637177358195;0.9999213337967949;0.9999977966423524;1.024999976158142;
2016-12-26 15:45:00;1.0;0.9999844008843771;0.9999168721510503;0.9999851778490909;0.999971034754354;0.9999743933204135;1.0;0.9999407776464189;0.9998894733576329;0.9999927210824049;0.9999556705581025;0.9999999999999999;0.9999970680658288;1.0;0.9999247057453567;0.9999292224105774;0.9999300144963815;1.0;0.9999999999999999;0.9999131666692992;0.9999733696095704;1.0;0.9999297657673273;0.9999997162520471;1.0001914495801028;0.9999425276797104;1.0;0.9999845138112453;0.999664602898572;0.9996762896075722;1.0;0.9997051055948296;0.9999299604558443;0.9989639749700722;0.9987669879756258;0.9998185675114342;1.0;0.9999884785248686;1.0001650433904523;0.9999408559654028;0.9999561199426695;0.9999021238161644;0.9999973143137393;1.024999976158142;
2016-12-26 16:00:00;1.0;0.9999846175730778;0.9998787821494127;0.9999774695296773;0.9999579046448143;0.9999613779930011;1.0;0.999911667934738;0.999837276089639;0.9999900510279501;0.999934971021545;1.0;0.9999969587964468;1.0;0.9998912782678333;0.9998957311125204;0.9998967220441641;1.0;1.0;0.9998724382917086;0.999961621640371;1.0;0.999896417494011;0.9999995689359904;1.000198368227733;0.9999158228181266;1.0;0.999976928918346;0.9996649390534991;0.999672813214818;1.0;0.9996984850689289;0.9998991949518848;0.998959916328199;0.9987581073917362;0.9998015107010682;1.0;0.9999916544037751;1.0001709444357252;0.9999150181934238;0.999936203808365;0.9998561820022241;0.9999972696360686;1.024999976158142;
2016-12-26 16:15:00;1.0;0.9999909077030241;0.9998576523097351;0.9999725001576303;0.9999515608250623;0.9999537702323011;1.0;0.9998874460014582;0.9998095625541988;0.9999891972626931;0.9999225405113265;1.0;0.9999958234895303;1.0;0.9998581663702925;0.999860809487207;0.9998621139266675;1.0;1.0;0.9998481389228396;0.9999504386055673;1.0;0.999861662731417;0.9999991642809997;1.000203760585098;0.9998960993567612;1.0;0.9999726590686636;0.9996719341835146;0.9996801448781861;0.9999999999999999;0.9996962848701623;0.9998848388966749;0.9989544523383916;0.9987579874721363;0.9997986520626718;1.0;0.9999892724926028;1.0001756007478728;0.9999031232625858;0.9999196055050772;0.9998300685205388;0.9999970796306372;1.024999976158142;
2016-12-26 16:30:00;1.0;0.9999917757726132;0.9998898334352665;0.999979040903275;0.9999625830745493;0.9999646930989071;0.9999999999999999;0.9999125224370791;0.9998530990931033;0.999991640127723;0.999940137659173;1.0;0.9999959986730081;1.0;0.9998883562854234;0.9998907514327584;0.9998918114173553;0.9999999999999999;1.0;0.9998823527151317;0.9999603406298632;1.0;0.9998914258813041;0.9999993205385224;1.0001947103415296;0.9999186704461808;1.0;0.9999791166614663;0.9996534111474534;0.9996608415082882;1.0;0.9997139537409581;0.9999108211776779;0.9989983958014538;0.9987873538029064;0.9998217060777119;0.9999999999999999;0.9999892724926027;1.0001678980113564;0.9999249639096233;0.9999364189204258;0.9998686483750906;0.9999972348623709;1.024999976158142;
2016-12-26 16:45:00;1.0;0.9999907624326316;0.9998936057068799;0.9999799307484537;0.9999635306975733;0.9999658063061905;1.0;0.9999194084565847;0.9998574886473647;0.999991683653467;0.9999426888733574;1.0;0.9999964922806241;1.0;0.9999001719877338;0.9999028532279141;0.9999037092653329;0.9999999999999999;1.0;0.999886695491557;0.9999629530116628;1.0;0.9999033979712977;0.9999995029389189;1.0001987585926277;0.9999228749822735;0.9999999999999999;0.9999796817372011;0.9996659203818753;0.9996805284040616;0.9999999999999999;0.9997037017394211;0.9999130578847945;0.9989845509148915;0.9987936070396197;0.9998004426726131;0.9999999999999999;0.9999912732606053;1.00017144836665;0.9999268047992808;0.999940129308735;0.9998731434698797;0.9999974370371797;1.024999976158142;
2016-12-26 17:00:00;1.0;0.9999922792334427;0.9999247008250194;0.9999859884296434;0.9999741000026323;0.999976021202887;1.0;0.999943563545694;0.9998991960188259;0.9999940655438451;0.9999595484506187;0.9999999999999999;0.999997433423444;1.0;0.9999299806696673;0.9999322198055824;0.9999328319882479;1.0;0.9999999999999999;0.9999200425714763;0.999974041568193;0.9999999999999999;0.9999326115429185;0.9999996692197565;1.0001912311705656;0.9999458074814135;1.0;0.9999857508376826;0.9996768202212467;0.9996864073848462;1.0;0.9996973610625945;0.9999381351223807;0.9989624608808418;0.9987711011164476;0.9997964236916084;1.0;0.9999896853204289;1.0001650572005611;0.9999478903075398;0.9999579860236334;0.9999103672674957;0.9999980585035225;1.024999976158142;
2016-12-26 17:15:00;1.0;0.9999909780206001;0.9999186231649752;0.999984627740147;0.999972224264555;0.9999741577472369;1.0;0.9999357893755622;0.99989198313994;0.9999935197375325;0.9999557218377688;1.0;0.9999974126095507;1.0;0.999916660747324;0.9999192751784745;0.9999201633734494;1.0;1.0;0.9999139870247251;0.9999724372621004;1.0;0.9999198765931787;0.9999995058244647;1.0001964886200305;0.9999415173273987;0.9999999999999999;0.9999846215946202;0.999661140767506;0.999673581732906;1.0;0.9996588244819966;0.999933497185583;0.9988195835317126;0.9986238936011116;0.9997779017658385;1.0;0.9999880973849139;1.0001694728678425;0.9999439760750676;0.9999549987738781;0.9999035020110284;0.9999979574597921;1.024999976158142;
2016-12-26 17:30:00;0.9999999999999999;0.999990401051281;0.9999116816793884;0.999983232919041;0.9999699879285643;0.99997197369567;1.0;0.999929001155331;0.9998831358435885;0.9999929778447406;0.9999517548722886;1.0;0.9999970751552629;1.0;0.9999066230097876;0.9999094092824483;0.9999104435931272;1.0;1.0;0.9999065895256791;0.9999696905525153;1.0;0.9999101093812018;0.9999994058668724;1.0002067675626412;0.9999360603977878;1.0;0.9999833156070967;0.9996345735674805;0.9996253783977156;0.9999999999999999;0.9995541523718529;0.999928112131708;0.9984001583801798;0.9981577989022538;0.9997487317842628;1.0;0.9999892724926028;1.0001782995564807;0.9999394479395205;0.9999506695137778;0.9998953273591233;0.9999977314644329;1.024999976158142;
2016-12-26 17:45:00;1.0;0.9999903307602961;0.9998855423206894;0.999978453569562;0.9999608665238121;0.9999633804739249;1.0;0.9999120292278093;0.9998468404231111;0.9999911740331853;0.9999382115422126;1.0;0.9999959364327927;1.0;0.9998898248607602;0.9998926399157192;0.9998936179365489;1.0;0.9999999999999999;0.9998779556902553;0.9999594530884496;1.0;0.9998932568494542;0.9999994090710635;1.0002049349875235;0.999916383365632;1.0;0.9999782914348662;0.9996588740057663;0.999664887754354;1.0;0.9996229677691827;0.9999066623855142;0.9986765918087301;0.9984708255480639;0.9997674575634656;1.0;0.9999900664615025;1.0001767480322719;0.9999214338150614;0.9999348030213197;0.9998635460767553;0.9999971005231263;1.024999976158142;
2016-12-26 18:00:00;1.0;0.99999350865616;0.9999204401817654;0.9999851502456598;0.9999732450274694;0.9999750149429073;1.0;0.9999351878745225;0.9998948184195174;0.9999940163890763;0.9999567480529831;1.0;0.9999958603485137;1.0;0.9999148302131956;0.9999167162541344;0.999917571597019;1.0;0.9999999999999999;0.9999145339080393;0.9999686779345683;1.0;0.9999172264318951;0.9999994175425805;1.0001984652399185;0.9999390791118112;1.0;0.9999852111798366;0.9996590931892887;0.9996594536041216;1.0;0.9996314841209919;0.9999360113900178;0.9987174955918681;0.9985030993199093;0.9997652296313321;1.0;0.9999912732606052;1.000171269480143;0.9999461647885246;0.999951156676909;0.9999052392473506;0.9999972807034183;1.024999976158142;
2016-12-26 18:15:00;1.0;0.9999932210464545;0.999922199181698;0.9999849884159608;0.9999738685417343;0.9999752052487737;1.0;0.9999345523171341;0.999897585173051;0.9999939899728296;0.9999571313235703;1.0;0.9999971625886864;0.9999999999999999;0.9999122195846075;0.999914194801084;0.9999152032887593;1.0;1.0;0.9999173108215096;0.9999720935531707;1.0;0.9999148678020224;0.9999993605795221;1.0002028033383799;0.9999423200922681;1.0;0.9999852903540005;0.9996244469676676;0.9996160604537622;1.0;0.9996071195447629;0.9999375267953275;0.9986210582705228;0.9983717331273743;0.9997576222876785;1.0;0.9999912732606054;1.0001749287769435;0.9999474201150061;0.9999550709990147;0.9999076718421821;0.999997973092978;1.024999976158142;
2016-12-26 18:30:00;0.9999999999999999;0.9999906912646548;0.9998813470908569;0.9999771043284785;0.9999592252931053;0.9999612873112519;1.0;0.9999092989423072;0.9998406192257111;0.9999907411126352;0.999935699550536;1.0;0.9999975490177286;1.0;0.9998881033471294;0.9998908101382137;0.9998918058009123;1.0;1.0;0.9998742880583497;0.9999616446391909;1.0;0.9998914977487549;0.9999994425097628;1.0002089034638102;0.999916123119666;1.0;0.999977046929141;0.9996301808515737;0.9996271996981823;0.9999999999999999;0.9995876821645467;0.9999030420853208;0.9985109754129508;0.9982733511910135;0.9997739651354726;1.0;0.9999924483761709;1.000180143337857;0.9999183788676814;0.9999363437884313;0.9998585329869624;0.999998010156675;1.024999976158142;
2016-12-26 18:45:00;0.9999999999999999;0.999989317167612;0.9998728373127655;0.9999753788955975;0.9999566332955736;0.999958732437172;1.0;0.9998998458897925;0.9998304442064502;0.9999899613312307;0.9999306920855442;1.0;0.999996815596515;1.0;0.9998725828792236;0.9998756840167827;0.9998769505198419;1.0;1.0;0.9998652053991793;0.999957629763567;1.0;0.9998765516132896;0.9999992620010149;1.0002180365439912;0.9999088147226711;0.9999999999999999;0.9999754469286126;0.9996212331248115;0.9996158569261593;1.0;0.9995671875110639;0.999896648070326;0.9984812309509603;0.998236638101498;0.9997329120886475;1.0;0.9999916544037754;1.0001879176117323;0.9999129956011383;0.9999302904290219;0.9998486900966918;0.9999975140008606;1.024999976158142;
2016-12-26 19:00:00;1.0;0.9999932193231936;0.9998922762087918;0.9999787822423366;0.9999639042914912;0.9999651630427627;1.0;0.9999078931825061;0.999857765828417;0.9999919031647211;0.9999403466563083;1.0;0.9999966974871966;1.0;0.9998771295494916;0.9998790981939443;0.9998804880762213;1.0;1.0;0.9998852902916756;0.9999618769569647;1.0;0.9998800377226814;0.9999990798442749;1.0002109636706777;0.9999201888707875;1.0;0.9999794264589069;0.9996398487720753;0.9996470358050279;1.0;0.9995613176849457;0.9999140433683571;0.9984481751267553;0.9982347625313721;0.9997377620004919;1.0;0.9999900664615025;1.0001818390981978;0.9999277090650515;0.9999382056215462;0.9998718415154156;0.9999977197730564;1.024999976158142;
2016-12-26 19:15:00;1.0;0.9999877274809603;0.9998520790109596;0.9999714527063247;0.9999496712475112;0.9999522347614288;1.0;0.9998821834944323;0.9998029640342898;0.9999884446250276;0.9999192603391373;1.0;0.9999958190852685;1.0;0.9998487474350723;0.9998523097269598;0.9998538430896499;1.0;1.0;0.9998429660869885;0.9999496401977458;0.9999999999999999;0.999853345670654;0.9999990777961155;1.0002135853612397;0.9998929911396269;1.0;0.999971625593316;0.9996289698367626;0.9996219763613199;0.9999999999999999;0.9996152203723249;0.9998799698519278;0.9986367603480354;0.9983919958673501;0.9997712260616968;1.0;0.9999916544037754;1.0001839485951847;0.9998989700994625;0.9999177143757212;0.9998240165520107;0.9999968576896703;1.024999976158142;
2016-12-26 19:30:00;1.0;0.9999816588077346;0.99991854640199;0.9999852080230448;0.9999722497249675;0.9999755475836706;0.9999999999999999;0.9999336666561309;0.999894632550788;0.9999926243263076;0.9999552465773675;0.9999999999999999;0.9999967917184149;1.0;0.9999051756761157;0.9999105038078517;0.9999119031125723;1.0;1.0;0.9999158056877493;0.9999737595846714;1.0;0.9999114997985514;0.999999348379856;1.0002065932249191;0.9999429215798756;1.0;0.999985103483818;0.9995965628566731;0.9996101001793241;1.0;0.999581552742797;0.9999322287680453;0.9985296469792899;0.9982970775453138;0.9997430715988188;1.0;0.9999920672329303;1.0001778623436866;0.9999427290582688;0.9999565784484652;0.999905225474022;0.9999969690613064;1.024999976158142;
2016-12-26 19:45:00;1.0;0.9999729892802538;0.9999273343641797;0.9999878406148178;0.9999755526525183;0.9999803068778015;1.0;0.9999375497344603;0.9999097729545031;0.9999925083594232;0.9999597235094735;1.0;0.9999949350901223;1.0;0.9998996786985328;0.9999075296579529;0.9999093813238867;1.0;1.0;0.9999262449733469;0.9999747656009096;1.0;0.9999088286874869;0.9999991757822028;1.000203341412569;0.9999480581066261;0.9999999999999999;0.9999875722575602;0.9996201053813686;0.999630485369159;1.0;0.999600890160975;0.9999385828901971;0.9985951859587402;0.9983720756818114;0.9997565565408232;1.0;0.9999920672329302;1.0001747596782102;0.9999479161061072;0.9999594642528491;0.9999174580349094;0.9999953489631793;1.024999976158142;
2016-12-26 20:00:00;1.0;0.9999681475450499;0.9999264995646615;0.999988175797474;0.9999754516314332;0.9999810617348012;1.0;0.9999350633252535;0.9999104530784412;0.9999920558471895;0.9999590865398775;1.0;0.9999937342822085;1.0;0.999890901084261;0.9999001547868505;0.9999023019750293;0.9999999999999999;1.0;0.9999258674792565;0.9999732322684703;1.0;0.9999016488722328;0.9999990425312473;1.000201414934664;0.9999466241333728;0.9999999999999999;0.9999878447051387;0.9996022389100702;0.9996262560353455;1.0;0.9996277635983195;0.9999375477934509;0.9986818003811128;0.9984664103165155;0.9997782801145065;1.0;0.9999920672329302;1.0001729164725686;0.999946966034897;0.9999577133156371;0.9999173719903055;0.9999943558270138;1.024999976158142;
2016-12-26 20:15:00;1.0;0.9999658314476275;0.9999401148841013;0.9999907571750093;0.9999808456542338;0.9999864160948372;1.0;0.9999371855220655;0.9999319492498073;0.9999929013176564;0.999965287847937;1.0;0.9999929171912829;1.0;0.9998822578898235;0.9998921663682183;0.9998948134296761;1.0;1.0;0.9999407953100391;0.9999758422438249;1.0;0.9998940112993477;0.9999987183978896;1.0001917116153867;0.9999542269442311;0.9999999999999999;0.9999909053371968;0.9996224197088228;0.9996320945978024;0.9999999999999999;0.9996849726756992;0.999949621523812;0.9988903043159629;0.9986636528357884;0.9998082124250197;1.0;0.9999916544037754;1.000164308186714;0.9999570941505961;0.999962830665915;0.9999347097502013;0.9999937516263059;1.024999976158142;
2016-12-26 20:30:00;1.0;0.9999838262889817;0.9999000463728482;0.9999766798819116;0.999971911738664;0.999970207495475;1.0;0.9998481788392523;0.9998887824153125;0.9999916163959222;0.9999341928752983;1.0;0.9999951365287639;1.0;0.9997282158396648;0.9997329132741581;0.9997385781026709;1.0;1.0;0.9998976923554761;0.9999606364202903;0.9999999999999999;0.9997370129093869;0.9999962431038475;1.0002084844562655;0.9999164491433088;1.0;0.9999819285118375;0.9996610593399354;0.9996607262897025;1.0;0.9996492391644924;0.9999299718531619;0.9987703505569028;0.9985553002547166;0.9997825572899042;0.9999999999999999;0.9999904792909119;1.0001778575702729;0.9999410863718519;0.9999357205838212;0.9998875097961251;0.9999962123554947;1.024999976158142;
2016-12-26 20:45:00;1.0;0.9999862089992332;0.999935917687067;0.9999882047090949;0.9999787073165874;0.999981051393989;1.0;0.9999423262242418;0.9999186190788254;0.999994364179928;0.9999641117095139;1.0;0.999996632385242;1.0;0.9999131533670087;0.9999171515516448;0.9999185315042525;1.0;1.0;0.9999333737414857;0.9999770674302512;0.9999999999999999;0.9999181091060675;0.999999248259981;1.0001888635796723;0.9999527235718287;1.0;0.9999884904211275;0.9996493916607928;0.9996519925241247;0.9999999999999999;0.9997005589075459;0.9999478374250979;0.9989576482856092;0.9987374512371038;0.999809259787407;0.9999999999999999;0.9999912732606053;1.0001626220737982;0.9999559510626946;0.9999631310133185;0.9999256245312484;0.9999971993884017;1.024999976158142;
2016-12-26 21:00:00;1.0;0.9999849804404095;0.9999461573103389;0.9999903711155806;0.999982089391917;0.9999846465908617;1.0;0.9999510394652426;0.9999324897249742;0.999994982751061;0.9999697449927681;1.0;0.9999969164325104;1.0;0.9999234573441453;0.9999278118909602;0.9999291403296875;1.0;1.0;0.9999446997140286;0.9999812146648832;1.0;0.999928746407223;0.9999993231810952;1.0001837507867852;0.9999608540308358;1.0;0.999990567117231;0.9996520998566713;0.9996548183282179;1.0;0.999708572328361;0.9999556423455148;0.998979293595996;0.9987605275917676;0.9998185733692225;1.0;0.9999896853204288;1.0001581970261544;0.9999624774621042;0.9999696257691087;0.9999381460678958;0.9999972699442436;1.024999976158142;
2016-12-26 21:15:00;1.0;0.9999865718507245;0.9999333467013556;0.9999880247677972;0.9999774611451331;0.999980102132324;0.9999999999999999;0.9999451647214671;0.9999137759593281;0.9999942065554014;0.9999635045076739;0.9999999999999999;0.999996511198655;1.0;0.9999219301782213;0.9999258299583288;0.9999269184612173;1.0;1.0;0.9999302759636155;0.9999761247039177;1.0;0.999926564951167;0.9999994408180314;1.0001880838087478;0.9999512902352676;1.0;0.999987945546334;0.9996659454706284;0.999677856136637;1.0;0.9997134274529876;0.9999450570342056;0.9990099303177543;0.9988143533212577;0.9998123674650823;1.0;0.999990479290912;1.0001620701772662;0.9999536110181027;0.9999618269528188;0.999922112073558;0.9999971564605709;1.024999976158142;
2016-12-26 21:30:00;0.9999999999999999;0.9999802121056691;0.999936936271117;0.999989245590651;0.9999789440026868;0.999982559887191;1.0;0.9999447596689465;0.9999211549145854;0.9999939242952238;0.9999650234058532;1.0;0.9999954006214656;1.0;0.999913109708436;0.999918851293062;0.9999203552356485;1.0;0.9999999999999999;0.999935072216665;0.9999765203105926;0.9999999999999999;0.9999198798351377;0.9999992638297418;1.0001930574237674;0.9999533652037075;1.0;0.9999891649670144;0.9996629511373849;0.9996688693472302;1.0;0.9996509331904351;0.9999475185293829;0.9987711654732149;0.9985668013718706;0.9997871112132143;1.0;0.9999908604325449;1.000166122560999;0.9999555689580011;0.9999629852275188;0.999927731787792;0.9999961079135867;1.024999976158142;
2016-12-26 21:45:00;1.0;0.9999852689201489;0.9999394229770145;0.9999895626588475;0.9999808979782421;0.9999837098192726;1.0;0.9999382434889784;0.9999263889422033;0.9999947748803841;0.9999656470206266;1.0;0.9999928067395896;1.0;0.9998986401643989;0.9999029086701028;0.9999046301494611;1.0;0.9999999999999999;0.9999354121043542;0.9999695812283195;1.0;0.9999039839036437;0.9999989041131706;1.0001921491505048;0.9999479061038377;1.0;0.9999899908270047;0.9996571449476016;0.9996645670963502;1.0;0.999669078716794;0.9999523035472753;0.9988304320827145;0.9986235268220572;0.9998012234051988;1.0;0.9999908604325448;1.0001653871174623;0.9999597482562207;0.9999554888764213;0.9999301778990295;0.9999950381534243;1.024999976158142;
2016-12-26 22:00:00;1.0;0.9999820902095087;0.9999327921919663;0.9999888281028252;0.9999778245135812;0.9999815530577056;1.0;0.9999414847461756;0.999915681674536;0.9999939212956712;0.9999631746387362;0.9999999999999999;0.9999933369406909;1.0;0.9999096026719879;0.9999147970572242;0.9999162047907035;1.0;0.9999999999999999;0.9999290313469043;0.9999700782493532;1.0;0.9999156710019443;0.9999992166482359;1.0001860779706522;0.9999463164233684;1.0;0.9999886180134493;0.9996575669171832;0.9996631558625486;0.9999999999999999;0.9997259101842288;0.9999449267251923;0.9990132475037704;0.9988010473137903;0.9998474518689168;1.0;0.9999908604325449;1.000160192234034;0.9999534562148378;0.9999552072758566;0.9999222307203546;0.9999951076137636;1.024999976158142;
2016-12-26 22:15:00;1.0;0.9999846216733759;0.9999591239627006;0.9999946929659623;0.9999873445104116;0.999991148167462;1.0;0.9999605934415312;0.9999520219645414;0.9999962283920737;0.9999778860188163;1.0;0.9999907335210284;1.0;0.9999310618816198;0.9999355312273239;0.9999366904922208;1.0;0.9999999999999999;0.9999550628045629;0.9999713965951987;1.0;0.9999361151400016;0.9999992448372843;1.0001830681943333;0.9999592373471441;0.9999999999999999;0.9999943051005937;0.9996533492537182;0.9996624975653913;1.0;0.9997429092231331;0.9999672607800958;0.9991150540550939;0.9989061444561473;0.9998294069524358;1.0;0.9999896853204289;1.0001577861361939;0.9999723056173175;0.9999615517815912;0.9999533529171285;0.9999938539430135;1.024999976158142;
2016-12-26 22:30:00;0.9999999999999999;0.9999823813009427;0.9999628332705339;0.999995294303391;0.9999888435998191;0.999992710207838;0.9999999999999999;0.9999597693267192;0.9999584832744738;0.999996279620252;0.9999792416858421;1.0;0.9999908972085005;1.0;0.9999245729998765;0.9999296912756409;0.9999311493919883;1.0;1.0;0.9999597840620995;0.9999734047141247;1.0;0.9999305123354332;0.9999990940339462;1.000178657466234;0.9999622696922827;1.0;0.9999951459458378;0.9996735632988093;0.9996885852483762;1.0;0.999769670579378;0.9999704109124649;0.9992167422112365;0.9990291528242782;0.9998406275296822;1.0;0.9999900664615022;1.0001538127664458;0.9999749138653587;0.9999643205847771;0.9999585077111717;0.9999937887085216;1.024999976158142;
2016-12-26 22:45:00;1.0;0.9999812950821964;0.9999419134694806;0.9999911888110791;0.9999817718007484;0.9999858608707488;0.9999999999999999;0.9999427798330793;0.9999306027564174;0.9999947046482007;0.9999677967033122;1.0;0.9999902815317162;1.0;0.9999029250905078;0.9999083484020288;0.9999100123153897;1.0;1.0;0.9999374220750817;0.9999660046029664;1.0;0.9999093041907726;0.9999989544156243;1.0001857383358375;0.9999468430853594;1.0;0.9999910956464403;0.9996608579225256;0.9996695760778884;0.9999999999999999;0.999760759221123;0.9999536310026056;0.9991828682245008;0.9989777186977807;0.9998369047046581;1.0;0.9999908604325449;1.0001598450376372;0.9999608044619828;0.9999523528592881;0.9999335115297977;0.9999933783594931;1.024999976158142;
2016-12-26 23:00:00;1.0;0.9999844017393242;0.9999523371594786;0.9999926057409163;0.9999849334917945;0.999988227765755;1.0;0.999952928390788;0.9999428676660604;0.9999956323152899;0.9999734146314642;0.9999999999999999;0.9999928051522907;1.0;0.9999202927533786;0.999924812654783;0.9999262105834421;1.0;1.0;0.9999491697427403;0.9999739358196698;1.0;0.999925650587057;0.9999991509384047;1.000176036109481;0.9999578242249937;1.0;0.9999926199241596;0.9996846715628146;0.9997003540927233;1.0;0.9997910015955243;0.9999617430250065;0.9992922625902703;0.9991121641011146;0.9998533069469302;1.0;0.9999888913511112;1.000151567189021;0.9999676485978304;0.9999628838713304;0.9999455538238461;0.9999949772798048;1.024999976158142;
2016-12-26 23:15:00;1.0;0.9999846190641598;0.9999561211468494;0.9999935295992067;0.9999862943743371;0.9999896721138317;1.0;0.9999560934324909;0.9999480834714575;0.9999959487130087;0.9999756239835117;1.0;0.9999922362585153;0.9999999999999999;0.9999241235239782;0.999928583090691;0.9999299228163371;1.0;1.0;0.9999528152356759;0.9999737491476779;1.0;0.9999293560996183;0.999999167335597;1.0001781770274247;0.9999594385487957;1.0;0.9999934625341584;0.9996675864889122;0.9996838037885099;1.0;0.9997855178132566;0.999964905928941;0.9992788693518218;0.9990888407889705;0.9998459813919836;1.0;0.9999908604325449;1.0001534563005194;0.9999703161818024;0.9999634107297493;0.9999500101921869;0.9999946798746976;1.024999976158142;
2016-12-26 23:30:00;0.9999999999999999;0.999988016850989;0.9999648590199173;0.9999946050589513;0.9999889324100074;0.9999914483389265;1.0;0.9999649076269054;0.9999581419935122;0.9999967474103496;0.9999803641904682;1.0;0.9999945205127978;1.0;0.9999399536960754;0.9999434336214691;0.9999445042149855;1.0;1.0;0.9999625663172803;0.9999805473507842;1.0;0.9999440766686775;0.9999993525482812;1.000173474350378;0.9999687207883058;0.9999999999999999;0.9999946202064762;0.9996918104788607;0.9997131328254433;1.0;0.9997945056128965;0.9999718059313606;0.9993126706531941;0.9991459453920178;0.99984998794932;1.0;0.999989685320429;1.0001495098223632;0.999976149608382;0.9999723780803469;0.9999599606221489;0.9999961657495419;1.024999976158142;
2016-12-26 23:45:00;1.0;0.9999825242203977;0.9999642804183742;0.9999956006061471;0.999989054003675;0.9999929486647264;0.9999999999999999;0.9999636514636053;0.9999595469533876;0.9999963492885491;0.9999803582173644;0.9999999999999999;0.9999914854888093;1.0;0.9999324884723038;0.9999375589517606;0.9999388486059501;1.0;1.0;0.9999615103454386;0.9999752228576102;1.0;0.9999382755985012;0.9999992271439822;1.0001719712562491;0.999964623385739;0.9999999999999999;0.9999952902694256;0.999684291897643;0.9997125221351225;1.0;0.9998213952107871;0.9999710472147169;0.999391250564332;0.9992289306690517;0.9998772494803608;1.0;0.9999912732606053;1.000148087538849;0.9999754372981541;0.9999666655330371;0.9999600748781862;0.9999941225290172;1.024999976158142;
2016-12-27 00:00:00;1.0;0.99998794332779;0.9999770728301429;0.999997032745906;0.9999934072181446;0.9999958215847606;1.0;0.9999717038724639;0.999975658619279;0.9999976372267183;0.9999866798813425;0.9999999999999999;0.9999940539193515;1.0;0.9999446725297163;0.9999481682333982;0.9999493182661303;1.0;0.9999999999999999;0.9999754295512668;0.9999830683354363;1.0;0.9999488535067917;0.9999992814175358;1.0001690816221769;0.9999760348223883;1.0;0.9999971618272795;0.9996948863910547;0.9997169555695399;1.0;0.9998088424617794;0.9999821660783063;0.9993651898066523;0.9992011844137694;0.9998573233705565;1.0;0.9999892724926028;1.0001456865820744;0.9999848654209622;0.9999773069749075;0.9999748367758874;0.9999959062774078;1.024999976158142;
2016-12-27 00:15:00;1.0;0.9999934374864807;0.9999802371428388;0.9999970235759734;0.9999945453435033;0.999995884147842;1.0;0.9999735842279053;0.9999787232695512;0.9999983318554605;0.9999882592900392;1.0;0.9999950307915926;1.0;0.9999504283078471;0.9999523400007662;0.999953293864776;1.0;1.0;0.9999781195253588;0.999984512204719;1.0;0.9999528934601546;0.9999993223199717;1.0001701910677137;0.9999781791269102;1.0;0.9999973834053115;0.9996825135115928;0.9997155772953065;1.0;0.9998011055416366;0.9999856353033372;0.9993320328082539;0.9991769891938442;0.9998566701165844;0.9999999999999999;0.9999814896863914;1.000146797964056;0.9999878824264173;0.999979283949536;0.9999777686220376;0.9999968199289611;1.024999976158142;
2016-12-27 00:30:00;1.0;0.9999958217158839;0.9999835520927391;0.9999975852545012;0.9999952529981951;0.9999963325283894;1.0;0.9999806068877916;0.9999812428095455;0.9999987299969406;0.9999906397993903;0.9999999999999999;0.9999960294685101;1.0;0.9999655686812431;0.9999667868250625;0.9999673734263149;0.9999999999999999;1.0;0.9999814752301692;0.9999872167563226;1.0;0.9999670941662928;0.9999995565566174;1.000168164011084;0.9999821094245454;0.9999999999999999;0.9999977312263085;0.9996960733051877;0.9997413976967687;1.0;0.9997903153936398;0.9999877979226655;0.999287301560067;0.9991599938917379;0.9998546832640482;1.0;0.9999777728995521;1.0001452104082913;0.9999897258575938;0.9999829489575106;0.9999810894665923;0.9999975329272524;1.024999976158142;
2016-12-27 00:45:00;1.0;0.9999950983620948;0.9999848931167942;0.9999978664893742;0.999995994655238;0.9999971093988708;1.0;0.9999788258298721;0.9999841339322382;0.9999988001944019;0.9999910135445247;1.0;0.9999954679464151;1.0;0.999959658793529;0.999961083639435;0.9999618497818563;1.0;1.0;0.999982862277249;0.9999864375273689;0.9999999999999999;0.99996150679099;0.9999994291503316;1.000166568978571;0.9999818808817109;1.0;0.9999981588081033;0.9996951369465706;0.9997420825900809;1.0;0.9997976140691119;0.9999893208639832;0.9993158283014749;0.9991901513023093;0.9998571923995185;0.9999999999999999;0.9999779204550598;1.0001437583574038;0.9999910048876924;0.9999822711307935;0.9999829890369976;0.9999971757977871;1.024999976158142;
2016-12-27 01:00:00;1.0;0.9999927861484852;0.9999877425691286;0.9999985904211155;0.9999963605521098;0.9999978881900109;1.0;0.9999862288249038;0.9999868155475927;0.9999986703256132;0.999993098280786;1.0;0.9999967179908791;1.0;0.999972914721115;0.9999750108410136;0.9999755746084749;1.0;1.0;0.999986933276945;0.9999910167732615;0.9999999999999999;0.9999753384182014;0.9999996673525773;1.0001641883649726;0.9999874439095342;1.0;0.9999985327859557;0.9996971054353255;0.9997518076223086;1.0;0.9998142500279509;0.9999901196220947;0.9993789281582844;0.999265918005394;0.9998642520233076;0.9999999999999999;0.9999780802688555;1.0001417149510696;0.9999915987971629;0.9999880255140963;0.9999865832729087;0.9999977005878762;1.024999976158142;
2016-12-27 01:15:00;1.0;0.9999911252786865;0.9999811407437889;0.9999964532984287;0.9999952267243354;0.9999961273213466;1.0;0.9999669008165198;0.9999820655998515;0.9999981018890962;0.9999872673955315;1.0;0.9999964396298705;1.0;0.9999335530479275;0.9999361359375851;0.9999376586498004;0.9999999999999999;1.0;0.9999807385200559;0.9999882967057836;1.0;0.9999371732612378;0.9999990265642483;1.000158166602982;0.9999808974344242;1.0;0.999997453549331;0.9997587473836037;0.9998211516418394;1.0;0.9998816557735408;0.9999869062113492;0.9996352842616075;0.9995728212104672;0.9998923779712439;1.0;0.9999767456746946;1.0001361074145456;0.999988904829316;0.9999832647570936;0.9999799256025435;0.9999974317522388;1.024999976158142;
2016-12-27 01:30:00;1.0;0.9999939435556731;0.999985336301535;0.9999981933760699;0.999995972260509;0.9999974110192288;1.0;0.999981208063364;0.9999844730997413;0.9999987128586683;0.9999915692575093;0.9999999999999999;0.9999953725218877;1.0;0.9999638186193429;0.999965583970181;0.9999662728276225;1.0;1.0;0.9999834658115817;0.9999868047568988;1.0;0.999965950797196;0.9999995081943994;1.0001526694966387;0.9999826667394244;1.0;0.9999982923853022;0.9997594566481933;0.9998235431828847;0.9999999999999999;0.9999060117337049;0.9999891534633817;0.9996990521378709;0.999638746366036;0.9999221348353502;1.0;0.9999781857192422;1.0001317504794847;0.9999908353143311;0.9999828727512609;0.999983584948024;0.9999970421956748;1.024999976158142;
2016-12-27 01:45:00;1.0;0.99999278526174;0.9999839187313283;0.9999976858341781;0.9999958437402965;0.9999971697165116;1.0;0.9999754202409321;0.9999840597117348;0.999998524628969;0.999990054838674;0.9999999999999999;0.9999952651050704;1.0;0.9999511202152365;0.9999532130440794;0.9999542375861021;1.0;1.0;0.9999823551299887;0.9999862799581545;1.0;0.9999538300991221;0.999999297509265;1.0001506903970354;0.9999811892300574;1.0;0.9999981154790104;0.9997738550813129;0.9998377020784296;0.9999999999999999;0.9999093196073028;0.9999885900584895;0.9996988361682521;0.999647419436647;0.999932222892954;1.0;0.9999773917673769;1.0001298900399729;0.9999903522761554;0.9999818649626215;0.999982406444935;0.9999969050971543;1.024999976158142;
2016-12-27 02:00:00;1.0;0.9999933631226859;0.9999863378465851;0.9999983257051033;0.9999959893429275;0.9999974756787207;1.0;0.999984361424853;0.9999850390520655;0.9999986651141162;0.9999922922301955;1.0;0.9999963592570006;1.0;0.9999701389853767;0.9999720632206249;0.9999726490008859;1.0;0.9999999999999999;0.9999851206310418;0.999989575922525;1.0;0.9999723916677473;0.9999996263018276;1.0001525713559367;0.9999855603123833;1.0;0.9999983171738271;0.9997691340329977;0.9998364986197824;1.0;0.999904495107358;0.9999892671395889;0.9997227549540855;0.9996742593985871;0.9999014900179274;1.0;0.9999775393227162;1.0001316764307138;0.9999909021711009;0.9999861612923627;0.9999848062601443;0.999997545047361;1.024999976158142;
2016-12-27 02:15:00;1.0;0.9999909780206002;0.9999844783848368;0.9999973510168231;0.999995619259059;0.9999968140749578;0.9999999999999999;0.999977116692354;0.999984281790297;0.9999982361620089;0.9999900738326588;1.0;0.9999975779289773;1.0;0.9999542211564634;0.9999568356858212;0.9999579104642534;1.0;1.0;0.9999846434982858;0.9999922007389433;1.0;0.9999575819406895;0.9999993803234632;1.0001533333395587;0.999986273769302;1.0;0.999997854722278;0.9997700887595935;0.9998368042169214;1.0;0.9998964629985475;0.9999880878859718;0.9996915892672116;0.9996428556719603;0.9998985574369221;1.0;0.9999792870387794;1.0001320782781493;0.9999898623347773;0.9999884363153824;0.9999835205450008;0.9999980480430298;1.024999976158142;
2016-12-27 02:30:00;0.9999999999999999;0.99999119645013;0.999985496128478;0.9999975153741657;0.9999959010573966;0.9999970447049709;1.0;0.9999784575514553;0.9999854210516329;0.9999983066812878;0.9999906804226416;1.0;0.9999978188952721;1.0;0.9999566350631586;0.9999591924271338;0.9999602244910902;1.0;1.0;0.9999857967035822;0.9999930094815673;1.0;0.9999599149296573;0.9999994148621788;1.0001529831110851;0.9999874173526418;1.0;0.9999979944796119;0.9997671000198268;0.9998331730077892;1.0;0.9999010237196807;0.9999888142716447;0.9997101635121166;0.999658431443502;0.9998996231547588;0.9999999999999999;0.9999779204550598;1.000131791595015;0.9999904717947183;0.9999895191046764;0.9999846892527544;0.9999981937866776;1.024999976158142;
2016-12-27 02:45:00;1.0;0.9999948818824712;0.9999880487744902;0.9999975952720332;0.9999968644214076;0.9999972787398348;1.0;0.9999795647555333;0.9999882112177033;0.9999988141510044;0.9999919189468294;1.0;0.999998352286079;1.0;0.9999597376270505;0.9999612260840497;0.9999621498963427;1.0;1.0;0.9999880026301216;0.9999938098540064;1.0;0.9999618729817691;0.9999994211595481;1.0001488722769587;0.9999888687080244;1.0;0.9999982550530279;0.999776010460547;0.9998477636367371;1.0;0.9999146634173987;0.9999915847130378;0.9997336238283018;0.9996957529252345;0.9999246234863001;1.0;0.9999769789522027;1.0001283312688825;0.9999928717350283;0.9999907229782696;0.9999871951789743;0.999998741362853;1.024999976158142;
2016-12-27 03:00:00;1.0;0.9999909062309262;0.9999867287672937;0.9999980574698955;0.9999957602623936;0.9999972476609501;0.9999999999999999;0.9999855419464816;0.9999853583070768;0.9999983163545816;0.9999922118404981;1.0;0.9999983518495683;1.0;0.9999716404390594;0.9999742772786604;0.9999749575997361;1.0;1.0;0.999987216679135;0.9999949292226896;1.0;0.9999747587675614;0.9999996847494351;1.0001510039128663;0.9999901360671006;1.0;0.9999981049695074;0.9997772053490436;0.9998492582958441;1.0;0.9999095963660616;0.9999886328249875;0.9997421550273926;0.9997059778013123;0.9999036191455682;1.0;0.9999796681704697;1.0001302024293866;0.9999902917527882;0.9999920909304159;0.9999858346120982;0.9999984668836995;1.024999976158142;
2016-12-27 03:15:00;1.0;0.9999915558368533;0.9999853110854509;0.9999973392854327;0.9999958600170964;0.9999968569788232;1.0;0.9999776767980796;0.9999851719218196;0.999998318601472;0.999990439023996;1.0;0.9999980810021589;1.0;0.9999554054970217;0.9999578514105445;0.9999589123647454;1.0;1.0;0.9999856868776755;0.9999934051797025;1.0;0.9999586034747449;0.9999993943851644;1.0001521064607986;0.9999875411177684;1.0;0.9999979002108274;0.9997666560276918;0.9998394816297517;1.0;0.9999090763899132;0.9999887764813153;0.9997389534883141;0.9996970511553173;0.9999042389321399;1.0;0.9999764383062483;1.0001310233298895;0.9999904470544441;0.9999898665618372;0.9999844629420521;0.9999983640497259;1.024999976158142;
2016-12-27 03:30:00;1.0;0.9999916296236563;0.9999861315316656;0.9999981831533546;0.9999957461556408;0.9999973362605026;1.0;0.9999846671807555;0.9999848132352739;0.999998418078668;0.9999920537254844;1.0;0.999997195951344;1.0;0.9999701655687876;0.999972595681026;0.9999732478845772;1.0;1.0;0.9999857718381967;0.9999919373809639;1.0;0.9999730111123124;0.9999996485207554;1.0001520355270428;0.9999874557703503;1.0;0.9999981764197449;0.9997760650273539;0.9998411593447177;1.0;0.9999046941238885;0.9999885699132801;0.9997127782326444;0.9996652274238954;0.9999088630378553;1.0;0.9999761850040637;1.0001311410768394;0.9999902683208673;0.9999887248151509;0.9999849165785138;0.9999978827616653;1.024999976158142;
2016-12-27 03:45:00;1.0;0.9999928579407177;0.9999872670132707;0.9999977873295812;0.9999965069030703;0.999997414124835;1.0;0.9999802699321759;0.9999873546455167;0.9999985882652596;0.9999917438549715;1.0;0.9999978605210473;1.0;0.9999603908039518;0.9999624646331644;0.9999633895568039;1.0;1.0;0.9999873014234257;0.9999931509493927;1.0;0.9999631023569899;0.9999994513529381;1.000149204356326;0.9999882744862858;1.0;0.9999982640500161;0.9997726438500059;0.9998415229569667;1.0;0.999918799919806;0.9999904633406358;0.9997520514872279;0.9997075716793891;0.9999245111621943;1.0;0.9999779204550601;1.0001285932442814;0.9999918902462654;0.9999899792794478;0.9999864898814589;0.9999983320793163;1.024999976158142;
2016-12-27 04:00:00;1.0;0.9999934351293196;0.9999883481971535;0.9999978459419923;0.9999968853918055;0.9999976031062362;1.0;0.9999807187373737;0.9999887301735643;0.9999987008694861;0.9999922135356952;1.0;0.9999981940889687;0.9999999999999999;0.9999610227293915;0.9999629246198111;0.9999638493794641;1.0;1.0;0.9999885237054703;0.9999940201491053;1.0;0.999963572106113;0.9999994466748183;1.0001520048809247;0.9999893564662315;1.0;0.9999983939234556;0.9997709642921602;0.9998363088838647;1.0;0.9999027197433993;0.9999914477498336;0.9997153856571154;0.9996650488871466;0.9999011677873286;1.0;0.999977772899552;1.0001310175073752;0.9999927270808858;0.9999910824277399;0.9999877436054108;0.9999985559368442;1.024999976158142;
2016-12-27 04:15:00;1.0;0.999993653342905;0.9999895758528363;0.9999982021325904;0.9999971004054209;0.999997909033216;1.0;0.9999840341816545;0.9999896747751391;0.9999987879307296;0.999993238163665;0.9999999999999999;0.9999983615087935;1.0;0.9999676944442665;0.9999695392380469;0.9999703093551249;0.9999999999999999;1.0;0.9999897789390094;0.9999948063350184;1.0;0.9999700770344991;0.9999995577933557;1.00015184107764;0.9999907753591565;1.0;0.999998578345551;0.9997705572647074;0.9998373988482487;1.0;0.9998996865389458;0.9999920494391407;0.9997038557235232;0.9996555865724356;0.9998999015110727;1.0;0.9999772319535377;1.0001309375231333;0.9999932280007836;0.9999922631988822;0.9999890284914398;0.9999986613212762;1.024999976158142;
2016-12-27 04:30:00;1.0;0.9999923538530409;0.9999888275702403;0.9999983611099461;0.9999967110198325;0.9999979178740881;1.0;0.9999853174121053;0.9999885297710779;0.9999986244356439;0.9999931611769768;1.0;0.9999979977149549;1.0;0.9999701659984651;0.9999723926450098;0.9999731034176484;1.0;1.0;0.9999890000003019;0.9999942519539926;1.0;0.9999728782124521;0.9999996179726964;1.0001500328863746;0.9999902887509452;0.9999999999999999;0.9999985381258139;0.9997696343835958;0.999839771639824;1.0;0.9999140356207464;0.9999909711746656;0.9997447760302027;0.9997004163541126;0.9999151440356582;1.0;0.999985427821392;1.0001293819852757;0.999992294184638;0.9999916437455929;0.9999882060769772;0.9999983707512587;1.024999976158142;
2016-12-27 04:45:00;1.0;0.9999910509178463;0.9999901083635047;0.9999988249036199;0.9999968905133397;0.9999984186990206;1.0;0.9999889280618403;0.9999898018679967;0.9999985676471148;0.999994206579574;0.9999999999999999;0.9999981876023195;1.0;0.9999764419311964;0.9999790374361438;0.9999796418594424;0.9999999999999999;1.0;0.9999906570542895;0.9999955609690776;1.0;0.9999794558906617;0.9999997287147637;1.0001490937547906;0.9999922562364454;0.9999999999999999;0.999998785696509;0.9997734204232936;0.9998430843086364;1.0;0.9999117291455011;0.9999913008095429;0.9997358398652791;0.9996932188185503;0.9999142794643421;1.0;0.999989685320429;1.000128585665182;0.9999925357296822;0.9999934449532819;0.9999898129043153;0.9999983867536445;1.024999976158142;
2016-12-27 05:00:00;1.0;0.9999922074425776;0.9999867828425156;0.9999977154488827;0.9999964497517565;0.9999974271324662;1.0;0.9999787431035745;0.9999872096788285;0.9999985092204587;0.9999913244369785;1.0;0.999997617158373;1.0;0.9999567922984416;0.9999590537586506;0.9999600732743051;0.9999999999999999;1.0;0.9999868458055856;0.99999260844677;1.0;0.9999597555129548;0.9999993914053275;1.0001525914279137;0.9999875504010279;1.0;0.9999982489430217;0.999771336505939;0.9998427202585299;1.0;0.9999068847392777;0.9999901936656691;0.9997379618036655;0.9996969594957118;0.9998983027976079;1.0;0.9999892724926028;1.0001314785392081;0.9999916563892793;0.9999892701058555;0.9999860886435249;0.9999981538804581;1.024999976158142;
2016-12-27 05:15:00;1.0;0.9999931463869598;0.9999865649409154;0.9999977982224725;0.999996456515924;0.9999974363744835;1.0;0.9999787272496499;0.9999868246732031;0.999998627539143;0.9999913698309126;1.0;0.9999969975068078;1.0;0.9999573284218848;0.9999593163181331;0.9999602736220721;1.0;1.0;0.9999860319843763;0.9999908804517011;0.9999999999999999;0.9999599453609767;0.9999993922156036;1.00015335284819;0.9999860680747819;1.0;0.9999982852493267;0.9997581314243437;0.9998363746661706;1.0;0.9999069807812108;0.9999902731440702;0.9997348669583581;0.9996956030740849;0.9999006962490902;0.9999999999999999;0.9999892724926027;1.0001321899848379;0.9999917498185004;0.9999873537614752;0.9999855889474167;0.9999978796200988;1.024999976158142;
2016-12-27 05:30:00;0.9999999999999999;0.9999945931749573;0.9999887892044206;0.9999982615860965;0.9999969786907338;0.9999978557998415;1.0;0.9999833825431559;0.9999886829582008;0.9999988897589939;0.9999930091903304;0.9999999999999999;0.9999973513905802;1.0;0.9999670931387735;0.9999686676091617;0.9999693827516011;1.0;1.0;0.9999881487991445;0.9999920309789646;1.0;0.9999691238489854;0.9999995391895146;1.0001520978142715;0.9999881965819469;1.0;0.9999985761679159;0.9997450138250267;0.999826323390371;1.0;0.9999036933258039;0.9999917832975442;0.9997018421573858;0.9996583534962619;0.9999132549588376;1.0;0.9999892724926027;1.0001312169517786;0.9999930360031744;0.9999891028691811;0.9999878296203791;0.9999981722747073;1.024999976158142;
2016-12-27 05:45:00;0.9999999999999999;0.9999911996097673;0.999982233138077;0.9999972846301382;0.9999942017016505;0.9999957860608181;1.0;0.9999828524189145;0.9999790657706973;0.9999980447228948;0.999989961930085;1.0;0.9999979992189623;0.9999999999999999;0.9999694056975561;0.9999719761774857;0.9999726174311401;1.0;1.0;0.9999821451731243;0.9999927604835909;1.0;0.9999724147998752;0.9999996951350055;1.0001536053040931;0.9999864550820096;1.0;0.9999972623287772;0.9997565986812488;0.9998344297108173;1.0;0.9999073627167784;0.999985005000408;0.9997281297235461;0.9996871278188362;0.9999064225458479;1.0;0.9999892724926028;1.0001324802512443;0.9999872497324067;0.9999889322987306;0.999980289102934;0.9999982894521744;1.024999976158142;
2016-12-27 06:00:00;1.0;0.9999901860760765;0.9999849058338043;0.9999974712928975;0.9999955099503106;0.9999968382120696;1.0;0.9999796414501367;0.9999843282410404;0.9999981342452913;0.9999905212088822;1.0;0.9999981566364329;1.0;0.9999592370468966;0.9999620936436755;0.9999630828441103;1.0;0.9999999999999999;0.9999855357897602;0.99999397215749;0.9999999999999999;0.999962800769801;0.9999994783612622;1.0001587918544614;0.999988126241;1.0;0.9999978384232008;0.9996688059563321;0.9997849896767765;1.0;0.9998957026043915;0.9999878352926637;0.9997169908488286;0.9996772930995337;0.9998789794689895;1.0;0.9999892724926029;1.0001368071500716;0.999989619421556;0.9999905379146387;0.999984083732308;0.9999983073775939;1.024999976158142;
2016-12-27 06:15:00;1.0;0.999991775152341;0.999951452960594;0.9999912851508158;0.9999832065204389;0.9999850627205521;1.0;0.9999639069330983;0.9999355988884033;0.9999959174481906;0.9999739408946313;1.0;0.9999981657169505;1.0;0.9999532668148213;0.9999556587968734;0.9999561674956894;1.0;1.0;0.9999491163954263;0.9999839258858448;1.0;0.9999560025052534;0.9999997782013698;1.000168019712396;0.9999658632524486;1.0;0.9999910420240852;0.9996763228639562;0.9997872141924528;1.0;0.9998916773798077;0.9999594666478923;0.9997152857584504;0.9996727853932795;0.9998680666742689;1.0;0.9999892724926028;1.00014500638625;0.9999657920319643;0.9999737438875065;0.999942764208071;0.9999984232670802;1.024999976158142;
2016-12-27 06:30:00;1.0;0.9999917031405743;0.9999433867188772;0.999989464062789;0.9999811247321464;0.9999827549956681;1.0;0.9999507102832128;0.9999267776159;0.9999954179720725;0.999968642268507;1.0;0.9999970712801286;1.0;0.9999297413014361;0.9999321555543718;0.9999331100666252;1.0;1.0;0.9999402078898206;0.9999787686110012;1.0;0.9999327911387089;0.9999994304805745;1.000168066935034;0.9999574064336382;0.9999999999999999;0.9999896842813986;0.9996670171110108;0.9997813576498382;1.0;0.9999041763589924;0.9999543138470969;0.9997305342505651;0.9996863842719819;0.9998951846359504;1.0;0.9999888913511111;1.0001448891933593;0.999961493301303;0.9999663540656428;0.9999334679235807;0.9999978180537309;1.024999976158142;
2016-12-27 06:45:00;1.0;0.9999924238797343;0.9999565433108959;0.9999921604993414;0.9999857653184622;0.999987303270984;1.0;0.9999602138870325;0.9999448463388267;0.9999964551781569;0.9999758000477846;1.0;0.999996646692424;1.0;0.9999404065712882;0.999942604396424;0.9999434796546057;1.0;1.0;0.9999538591783713;0.9999816087115153;0.9999999999999999;0.99994316394748;0.9999994453674567;1.0001786281115959;0.9999655745549649;1.0;0.9999923637963806;0.9996538945197356;0.9997558981131306;1.0;0.999866874746445;0.9999652274834011;0.999634536809719;0.9995660095519687;0.9998489540268843;1.0;0.9999888913511112;1.000154077086327;0.9999706836470736;0.9999718786088625;0.9999491920823974;0.9999976338990078;1.024999976158142;
2016-12-27 07:00:00;1.0;0.9999904019350893;0.9999584652881924;0.9999922887537427;0.9999866373485304;0.9999881304769804;0.9999999999999999;0.9999577821404514;0.9999488145838408;0.9999963776890818;0.9999761022027103;1.0;0.9999971147382968;0.9999999999999999;0.9999320686441918;0.9999348582333158;0.9999360542674788;1.0;1.0;0.9999568042254745;0.9999836511838799;1.0;0.9999356809725178;0.9999992899537574;1.0001804710234694;0.9999677709441865;1.0;0.9999927818384278;0.9995560604011237;0.9996978941526483;1.0;0.9998630614294132;0.9999669622177513;0.9996348364890897;0.9995631170612999;0.9998371832178664;1.0;0.9999873037170537;1.000155501870879;0.9999721036245343;0.9999743269009644;0.9999521956740487;0.9999977505051212;1.024999976158142;
2016-12-27 07:15:00;1.0;0.9999933639693184;0.9999591921600206;0.9999926559392989;0.9999859643074553;0.9999874816572267;1.0;0.9999688463916888;0.9999460322783869;0.9999966239362584;0.9999780067504757;1.0;0.9999982588411046;1.0;0.9999590310792194;0.9999609585500542;0.999961418329857;1.0;1.0;0.9999571152314475;0.999986047605873;0.9999999999999999;0.9999612646943934;0.9999997667068466;1.0001898570015908;0.9999708677730575;1.0;0.9999925114926748;0.9995010595988597;0.9996680189231449;1.0;0.9998163838503848;0.9999661231254683;0.9994694028558526;0.9994028641487784;0.9998098562304097;1.0;0.9999892724926027;1.0001639375029887;0.9999714188026173;0.9999774152574193;0.9999518774442909;0.9999985813866425;1.024999976158142;
2016-12-27 07:30:00;1.0;0.999985128308853;0.999953402671188;0.99999214773806;0.9999839423967168;0.999986815557983;1.0;0.9999636809690249;0.9999402723037164;0.9999954509966581;0.9999746838965822;0.9999999999999999;0.9999975047515384;1.0;0.9999462288463578;0.9999505552275773;0.9999514282384541;0.9999999999999999;1.0;0.999952469744049;0.9999851358583535;0.9999999999999999;0.9999511745613161;0.9999996436933193;1.0001931808279336;0.9999679763947408;1.0;0.9999918408998931;0.999479644324293;0.999654109720882;1.0;0.9997895311319497;0.9999602156332237;0.9993330438037065;0.9992643420052478;0.9998218561869403;1.0;0.9999892724926028;1.0001665216532778;0.9999662952958716;0.9999755315218039;0.9999464110546752;0.9999975938959639;1.024999976158142;
2016-12-27 07:45:00;1.0;0.9999057990867709;0.99990504868673;0.9999898393102802;0.9999665024868793;0.9999831465601625;1.0;0.9999306858433298;0.9998929985378215;0.9999845144105609;0.9999488139209113;1.0;0.9999881980747092;1.0;0.9998535132638924;0.9998808862860132;0.9998849887783872;1.0;0.9999999999999999;0.999913869637943;0.9999741612734435;1.0;0.9998838868356663;0.9999989249509681;1.000218385965296;0.9999428979356296;0.9999999999999999;0.9999868076146601;0.9994687232759406;0.9996441847978035;1.0;0.9998275148039059;0.9999081452411092;0.9995247404472902;0.999451964812558;0.999806328146848;1.0;0.9999892724926028;1.0001858385651825;0.9999210016225912;0.9999568694272234;0.9999017253380801;0.9999869794143625;1.024999976158142;
2016-12-27 08:00:00;1.0;0.9999578143754555;0.9998582686965102;0.9999752137359581;0.999951029201364;0.9999585635077223;0.9999999999999999;0.9998911506292311;0.9998171907112765;0.9999859740497472;0.9999228533614269;0.9999999999999999;0.9999942282234221;1.0;0.9998424125264364;0.9998546622072798;0.9998571568122993;1.0;1.0;0.9998555069070743;0.9999575379431969;0.9999999999999999;0.9998564796176562;0.9999990237146898;1.0002218073334896;0.9999044406752916;0.9999999999999999;0.9999742691141921;0.9994688601842316;0.9996479020908231;1.0;0.9998373434603678;0.999879195000774;0.9995767538040116;0.9995095785511263;0.9998005802039479;1.0;0.9999892724926027;1.0001901954701884;0.9998977032684242;0.9999284102230808;0.9998365615929914;0.9999938981718165;1.024999976158142;
2016-12-27 08:15:00;1.0;0.9999806486578721;0.9999228993444305;0.9999866561100463;0.9999736004273089;0.9999774602300198;1.0;0.9999401964886799;0.9999002189410392;0.9999928842775575;0.999958288340969;1.0;0.9999956057247097;1.0;0.9999150842044264;0.9999207115398975;0.9999219160816544;1.0;1.0;0.9999199580123148;0.999973232568866;1.0;0.9999215293833774;0.999999432307593;1.0002119119339166;0.9999449351267466;1.0;0.999986178141572;0.9994468077091501;0.9996381706422105;1.0;0.999824290614612;0.9999352265817765;0.9995324596760309;0.9994705458587727;0.9997916244918881;1.0;0.9999888913511114;1.0001825424272859;0.9999452298173801;0.9999570155180796;0.9999103465061021;0.9999962343809138;1.024999976158142;
2016-12-27 08:30:00;1.0;0.9999861401315144;0.9999080388422039;0.9999833538477552;0.9999685843882403;0.9999717616338546;0.9999999999999999;0.9999285733664068;0.9998786284834175;0.9999924369003645;0.9999503116709879;1.0;0.9999955272737278;1.0;0.9999052315140391;0.9999092650860036;0.999910329091382;0.9999999999999999;1.0;0.9999028280640941;0.9999670279656996;1.0;0.9999099546356409;0.9999993923987851;1.0002257819578246;0.9999328947629881;1.0;0.999983077712036;0.9993498466436128;0.9994876947386894;1.0;0.9997377883018802;0.9999241676064385;0.9992066689068304;0.9990059288633025;0.9997538428471184;1.0;0.9999888913511112;1.0001946900606151;0.9999360564593601;0.9999473528070091;0.9998914381399877;0.9999965699534389;1.024999976158142;
2016-12-27 08:45:00;1.0;0.9999893917757084;0.9999280151827309;0.9999866698198223;0.999975468588294;0.9999776356550186;1.0;0.9999428583588826;0.9999052799491346;0.9999940299850733;0.9999608040284607;1.0;0.9999970655616733;1.0;0.9999234566381167;0.9999265453554135;0.9999274549318858;1.0;1.0;0.9999242808478028;0.9999753414010571;0.9999999999999999;0.9999271626396897;0.999999478739063;1.000229620538095;0.999948200349878;0.9999999999999999;0.9999865902313726;0.9993493869524613;0.9995021615262047;1.0;0.9997037216059089;0.999940867766167;0.9991456381716576;0.998970910339305;0.9996936533908292;1.0;0.9999892724926027;1.0001980986511514;0.9999501361160406;0.9999599567679434;0.9999151147697647;0.9999976404989687;1.024999976158142;
2016-12-27 09:00:00;0.9999999999999999;0.9999795598840364;0.9999247050444171;0.999986746867384;0.9999739956774406;0.9999777802510453;1.0;0.9999418441950952;0.9999024329046965;0.999992850360881;0.9999590379680068;1.0;0.9999969692924777;1.0;0.999917197112179;0.9999231198497686;0.9999243708286479;1.0;1.0;0.9999229008297286;0.9999771727482561;1.0;0.9999240261615925;0.9999994691480624;1.0002243510750848;0.999948924759831;1.0;0.9999863512032163;0.9993792055448821;0.9995338395705072;1.0;0.9997191328194642;0.9999361620841312;0.9991587222079176;0.9990036720581199;0.9997306020091918;1.0;0.9999892724926028;1.0001932414739985;0.9999459777335968;0.9999616365881487;0.9999128014385746;0.9999969111966532;1.024999976158142;
2016-12-27 09:15:00;1.0;0.9999811527511223;0.9999231645052057;0.999986114065875;0.9999737662223964;0.9999770882458905;1.0;0.9999375260024137;0.9999008864476097;0.9999928852436092;0.9999577387659789;1.0;0.9999968857869639;1.0;0.9999097749751581;0.9999152494909707;0.9999166320440583;1.0;1.0;0.9999210155512811;0.9999760219712669;1.0;0.9999162465597233;0.9999993242584811;1.000229840334165;0.9999468755074599;1.0;0.9999859887555145;0.9993685636479395;0.9995210624861094;1.0;0.9996910782663654;0.9999357561967223;0.9990312787778592;0.9988679543026805;0.9997332599185903;1.0;0.9999892724926029;1.0001979629989863;0.9999456771617692;0.9999599214489654;0.9999108861501675;0.9999969679351598;1.024999976158142;
2016-12-27 09:30:00;1.0;0.9999797763146131;0.9999227919120168;0.9999861473141599;0.9999737811088856;0.9999773046853574;1.0;0.9999356927941837;0.9999011863590767;0.9999927669171388;0.9999573544612946;1.0;0.9999964635063893;1.0;0.9999048480138247;0.9999107070826284;0.9999122302516869;1.0;1.0;0.999920728299888;0.9999752246690107;1.0;0.9999117971660904;0.9999992530591417;1.0002268038238058;0.9999460209430107;1.0;0.9999860716218025;0.9993564761012056;0.9995213419991226;1.0;0.9997214089652001;0.9999355376969372;0.9991686439758087;0.9990147781221553;0.9997307595774814;0.9999999999999999;0.9999888913511112;1.0001952683704498;0.9999454755896963;0.999958966314312;0.999910747985988;0.9999966475652723;1.024999976158142;
2016-12-27 09:45:00;1.0;0.9999832475973871;0.9999233298659159;0.999985298341717;0.9999754089055888;0.9999776022765268;1.0;0.9999210120566746;0.9999055912216326;0.9999932255243408;0.9999555434947192;1.0;0.9999952823424648;1.0;0.9998730221302481;0.999877885605061;0.9998801413378855;1.0;1.0;0.9999204765039129;0.9999710457558943;1.0;0.9998794638886226;0.9999986149966799;1.0002337808700343;0.99994118998812;1.0;0.9999863374910838;0.999326553187456;0.9994730880136461;1.0;0.9997044646734287;0.9999393432792717;0.9991355486990009;0.9989368464903571;0.999702762278114;1.0;0.999988891351111;1.0002010920407671;0.9999487981420793;0.999953814097234;0.9999117500874429;0.9999962377864223;1.024999976158142;
2016-12-27 10:00:00;1.0;0.9999878738827219;0.9999191354980846;0.9999849573004038;0.9999735405584399;0.9999757738712275;1.0;0.999925637436844;0.9998969726163991;0.9999934186874198;0.999954786963584;1.0;0.9999943129748957;1.0;0.9998898282994093;0.999893355897244;0.9998949470985248;1.0;0.9999999999999999;0.9999140707110988;0.9999667041284183;1.0;0.9998943883865371;0.9999989272797383;1.0002305140454375;0.9999364103595368;1.0;0.9999854244169708;0.999397490179778;0.9995267020083218;1.0;0.999743600394652;0.99993564640074;0.9992646840916026;0.9990834212184928;0.9997326087957591;1.0;0.9999888913511112;1.000198624876882;0.9999457784566488;0.9999485605628678;0.999905212861478;0.9999960206558562;1.024999976158142;
2016-12-27 10:15:00;1.0;0.9999891724819222;0.9999455976853411;0.9999906750350127;0.9999828177610548;0.9999851698291339;1.0;0.9999458809758377;0.9999330652728321;0.9999955797820625;0.9999694775935036;0.9999999999999999;0.9999929948207956;1.0;0.999913545713827;0.9999166883230878;0.9999180441757606;0.9999999999999999;0.9999999999999999;0.9999412183355354;0.9999713634294763;1.0;0.9999174921220327;0.9999990179655158;1.0002133200214338;0.9999521872898338;1.0;0.9999909880133354;0.9994336865945223;0.9995717144696248;0.9999999999999999;0.9997883594961652;0.999957414224515;0.9993576085346543;0.9992079537600551;0.9998028917996602;1.0;0.9999888913511114;1.0001839022072525;0.9999641096293472;0.99995860730371;0.9999367332341156;0.9999953903640189;1.024999976158142;
2016-12-27 10:30:00;1.0;0.9999891007322332;0.9999520354660485;0.9999916216681685;0.9999856821880474;0.9999876412426468;0.9999999999999999;0.9999435573931081;0.9999439741414891;0.9999960759783673;0.9999719214124572;1.0;0.9999924767325322;1.0;0.99990254293821;0.9999057077641867;0.9999074561154352;1.0;1.0;0.9999481168554863;0.999971870087921;1.0;0.9999067853006584;0.9999987239288181;1.000216526976236;0.9999547878207944;1.0;0.9999924222311802;0.9994152976873837;0.9995374436455626;0.9999999999999999;0.9997647667586624;0.9999639013005523;0.9992749581748016;0.9990910463380852;0.9997885290246473;1.0;0.9999888913511112;1.0001865295897507;0.9999695831095691;0.9999600662106717;0.999944980566162;0.9999951001483584;1.024999976158142;
2016-12-27 10:45:00;1.0;0.9999880903626017;0.9999555255169823;0.9999921871384422;0.999986106198305;0.9999881388012478;1.0;0.9999523776072523;0.9999467697897708;0.999996054131767;0.9999743458863333;1.0;0.9999946798201682;0.9999999999999999;0.9999197765046149;0.9999232405994614;0.9999246945586067;1.0;1.0;0.9999531030042053;0.9999784946102627;1.0;0.9999241852412865;0.9999990196436852;1.000223189514283;0.9999622370946265;1.0;0.999992680513752;0.9993743764495148;0.9994876497023331;1.0;0.9997313379420644;0.9999651288133934;0.9991635896609855;0.9989430021315148;0.9997644164284176;1.0;0.999990479290912;1.0001923471072443;0.9999705489999706;0.9999681445372138;0.9999491282683218;0.9999962332889033;1.024999976158142;
2016-12-27 11:00:00;1.0;0.9999927852617398;0.9999427858356493;0.9999902086457397;0.9999813829192813;0.9999835322158309;1.0;0.9999500572983905;0.9999266916411701;0.9999956862382363;0.9999689642705502;1.0;0.9999933759177498;1.0;0.9999280220094037;0.9999301147899037;0.9999309596514635;0.9999999999999999;0.9999999999999999;0.9999373137362607;0.9999704708568824;1.0;0.9999305371017786;0.999999308865973;1.0002184819636377;0.9999506145281735;1.0;0.9999901504171428;0.9994267358991762;0.999550230779226;1.0;0.9997608767477025;0.9999547044558955;0.9992966220635606;0.9991228895149781;0.9997622363291;1.0;0.9999888913511112;1.000188622574907;0.9999618869192004;0.9999572838711224;0.9999322613864892;0.9999958520611401;1.024999976158142;
2016-12-27 11:15:00;1.0;0.9999937971444948;0.9998814364735655;0.9999791770371508;0.9999626229149959;0.9999653875959613;1.0;0.9998903866909818;0.9998491219623921;0.9999916919709477;0.9999353519702967;1.0;0.9999835307835601;1.0;0.9998411738474398;0.999842973821068;0.9998446814056728;1.0;1.0;0.999866477933842;0.9999289341673699;1.0;0.9998436744984314;0.9999983464550245;1.0002376586281516;0.999888537217849;1.0;0.9999793164902764;0.9994388116105074;0.9995645899724603;0.9999999999999999;0.9997724330491993;0.9999095670729554;0.9993064789980985;0.9991423020835442;0.9997898294385805;1.0;0.999990479290912;1.000205025828084;0.9999241427540857;0.9999002541338131;0.9998582934777263;0.999990524088942;1.024999976158142;
2016-12-27 11:30:00;1.0;0.9999918452121158;0.9998822057194997;0.9999773310155857;0.9999607043210356;0.9999624090601511;1.0;0.9999012040567566;0.9998450082927736;0.9999909765162879;0.9999353715604836;1.0;0.9999941812474159;0.9999999999999999;0.9998683601259861;0.9998707231408202;0.9998721262585113;1.0;1.0;0.9998734459342117;0.9999539642126425;0.9999999999999999;0.9998715934691986;0.9999989690815522;1.0002318033776199;0.9999094933399475;1.0;0.9999776270704043;0.999440261101919;0.9995708964973015;1.0;0.9997772848613456;0.9999061433258667;0.9993470697819997;0.9991916060865065;0.9997769730637016;1.0;0.9999900664615025;1.0001998588445182;0.9999210696720313;0.9999278045726769;0.9998597278153911;0.9999962298809605;1.024999976158142;
2016-12-27 11:45:00;1.0;0.9999566604403173;0.999904267083556;0.9999844248916743;0.9999681737358481;0.9999754421890208;1.0;0.9999132815326496;0.9998844026249787;0.9999893594406319;0.9999462619081918;1.0;0.9999917365939848;1.0;0.9998517138482713;0.9998643073651985;0.9998673233071057;1.0;1.0;0.9999040450380199;0.999965957209735;0.9999999999999999;0.9998664308506807;0.9999985733368496;1.0002365186683333;0.9999309579178582;1.0;0.9999841029270137;0.9994202245996681;0.9995460188962273;1.0;0.9997226758829864;0.9999187081699551;0.9991680133501252;0.9989968641553125;0.9997355303121404;1.0;0.9999900664615023;1.0002027602984576;0.9999309336683319;0.9999457368067862;0.9998929116252576;0.99999244027777;1.024999976158142;
2016-12-27 12:00:00;1.0;0.9999585401820966;0.9999332366200008;0.9999908053783322;0.9999782266964641;0.9999857083139223;1.0;0.9999368793417187;0.9999234391750095;0.999991796535969;0.9999626087093941;0.9999999999999999;0.9999903030621037;1.0;0.9998812212153086;0.9998932744348681;0.999895925153744;1.0;1.0;0.9999335710843492;0.9999708397903125;1.0;0.9998950631956032;0.9999987587601357;1.000231415204365;0.9999482034802327;1.0;0.9999902147162301;0.9993657856580881;0.9994656639325944;1.0;0.9996792220505007;0.9999423862977873;0.9990098101887357;0.9987653271644542;0.9997121902039862;1.0;0.9999900664615023;1.0001985655519454;0.9999508783351385;0.9999565630052669;0.9999272262849979;0.9999917905599;1.024999976158142;
2016-12-27 12:15:00;0.9999999999999999;0.9999752990887341;0.9999393453897172;0.9999905621256042;0.9999803055076023;0.999984968545717;0.9999999999999999;0.999943157102241;0.999927212959447;0.9999937735886139;0.999966191576699;1.0;0.9999924465851381;0.9999999999999999;0.9999027710572037;0.9999099410067114;0.99991178737352;1.0;0.9999999999999999;0.9999372959829588;0.9999722296371439;1.0;0.9999111398853384;0.9999990134124688;1.0002173645202732;0.9999511214544197;1.0;0.9999903757338372;0.9993965670865137;0.9995216159936097;1.0;0.9997046894075606;0.9999496976249693;0.9990482349661541;0.9988567556832915;0.9997614484217145;1.0;0.999989685320429;1.0001869794800637;0.9999573409957776;0.9999588210177811;0.9999315532616778;0.9999941385583242;1.024999976158142;
2016-12-27 12:30:00;1.0;0.9999945204986437;0.9999387366983206;0.9999881954571865;0.9999805269307424;0.999981479139079;1.0;0.9999380756594927;0.9999227362766953;0.9999954865439599;0.9999650783918778;1.0;0.9999952169330815;1.0;0.9999063139247228;0.9999079073171788;0.9999092726635405;0.9999999999999999;1.0;0.9999339689848507;0.9999721792494025;1.0;0.9999087729042001;0.9999989933090002;1.0002167259242503;0.9999490082795298;1.0;0.9999890200058393;0.9993773152198904;0.9994868621152331;1.0;0.9996917167823459;0.9999529066344757;0.998978643328051;0.9987514486614488;0.9997697496666602;1.0;0.9999900664615023;1.0001868949976989;0.9999604145386084;0.999957908666546;0.9999278409217346;0.9999969899861517;1.024999976158142;
2016-12-27 12:45:00;0.9999999999999999;0.9999867156520907;0.9999549717876868;0.9999918984331845;0.9999859975062837;0.9999880273889141;1.0;0.9999496966782621;0.9999467354118929;0.9999958832247585;0.9999735775820744;0.9999999999999999;0.9999953531269433;1.0;0.9999134711360392;0.9999173262930434;0.9999189858936883;0.9999999999999999;1.0;0.9999531850939329;0.9999796749332456;1.0;0.9999184460431619;0.9999989799206653;1.000217395870681;0.9999627585972399;1.0;0.9999925858802332;0.9993668708246018;0.999482682034292;1.0;0.9996465214537801;0.9999646907045824;0.9988569094374242;0.9986356717944317;0.9997170545877652;0.9999999999999999;0.9999908604325449;1.000187223961508;0.9999701539577811;0.9999692523249847;0.9999489034148935;0.9999965259421435;1.024999976158142;
2016-12-27 13:00:00;1.0;0.9999837527735453;0.9999512204606367;0.9999915362446853;0.9999843269918917;0.9999870140530414;1.0;0.9999507030690526;0.9999412186205655;0.9999952907327905;0.9999720481391071;1.0;0.9999954659673275;0.9999999999999999;0.9999169190035009;0.9999216330852784;0.9999232104169803;0.9999999999999999;0.9999999999999999;0.9999497787065706;0.9999798660237126;0.9999999999999999;0.9999227076591037;0.999999108640142;1.0002194042048151;0.9999617750421926;1.0;0.9999918843483726;0.9993757025260788;0.9994871679273731;1.0;0.999663102839747;0.9999604905422028;0.9989725892404804;0.9987507583369668;0.9996884156991049;1.0;0.9999892724926029;1.0001889390459873;0.9999665520971027;0.9999689879722607;0.9999446663818194;0.9999963824378283;1.024999976158142;
2016-12-27 13:15:00;0.9999999999999999;0.9999875819481082;0.9998955859952254;0.9999800082999775;0.9999651350569841;0.9999673060468793;1.0;0.9999099864527715;0.9998640647449647;0.9999915760047399;0.9999421344104376;1.0;0.9999955191999611;1.0;0.9998745997561124;0.9998782002268058;0.9998798171938619;1.0;1.0;0.9998894850743846;0.9999619905757202;1.0;0.9998792898397579;0.9999990004809753;1.000235938351092;0.999922103322062;1.0;0.9999804316777354;0.9993543389553249;0.9994490731174827;1.0;0.9996332627374618;0.999916068352559;0.9988976045596897;0.998638825687854;0.9996499102835816;1.0;0.9999888913511112;1.0002032721675007;0.999929307911399;0.9999390805110799;0.9998768132696944;0.9999966800272656;1.024999976158142;
2016-12-27 13:30:00;1.0;0.9999842561976725;0.9999274397750268;0.9999874940543158;0.9999754407111494;0.9999788571810615;0.9999999999999999;0.9999421183709352;0.9999061794827009;0.9999936563708046;0.9999607608433237;1.0;0.9999949215262143;1.0;0.9999178166173486;0.9999223745965057;0.9999234697823253;1.0;1.0;0.9999235534193858;0.9999716580276244;1.0;0.9999230670349126;0.9999994266095584;1.0002167123268877;0.999945418940154;1.0;0.9999871351085775;0.9993913289034407;0.9995068862113258;1.0;0.999678830545749;0.999939898623673;0.9989862681500133;0.9987775217425916;0.9997256712823976;1.0;0.999989685320429;1.0001868191767644;0.9999492456103919;0.9999560272117057;0.9999151762246907;0.9999961243697267;1.024999976158142;
2016-12-27 13:45:00;1.0;0.999988235877619;0.9999010109945821;0.9999818102262074;0.9999665906928668;0.9999693243850194;1.0;0.999920845503195;0.9998697626779804;0.9999920817592313;0.9999463420661459;1.0;0.9999946067826357;1.0;0.9998945778747979;0.9998980037966206;0.999899140814731;1.0;0.9999999999999999;0.9998943076307731;0.9999616735192528;1.0;0.9998987003308172;0.9999992952152084;1.0002213750774989;0.9999250451159575;1.0;0.9999816389878425;0.9994044195753307;0.9995117212371236;0.9999999999999999;0.9997070159329731;0.9999196149081372;0.999095845923206;0.9988814130039556;0.9997356559142886;1.0;0.9999900664615022;1.00019089542365;0.999932293005979;0.9999400623034468;0.9998826800898302;0.9999962222691491;1.024999976158142;
2016-12-27 14:00:00;1.0;0.9999790572915949;0.9999310247486958;0.9999888705694993;0.9999766961779756;0.9999811131085881;1.0;0.999945171397815;0.9999124730568125;0.9999934458361327;0.9999628493614091;1.0;0.9999937653841401;1.0;0.9999175224933742;0.999923604598547;0.9999248611689265;1.0;1.0;0.9999279122313415;0.9999717390691912;1.0;0.9999243956977634;0.9999993989536549;1.0002168038922858;0.9999475240813477;0.9999999999999999;0.999988255874;0.9993644332957884;0.9994718005596624;0.9999999999999999;0.9996883808219356;0.9999420474412793;0.999002136204332;0.9987625973545345;0.999743386702442;1.0;0.999989685320429;1.0001867666341844;0.999950954373288;0.9999569617804771;0.9999203450018487;0.9999951265441138;1.024999976158142;
2016-12-27 14:15:00;1.0;0.9999195283835044;0.999913171244224;0.9999903233832285;0.9999707829439632;0.9999849370503894;1.0;0.9999248059467226;0.9999048629588476;0.9999865928916205;0.999951996481419;1.0;0.9999864622972384;0.9999999999999999;0.9998420209479805;0.9998654176246696;0.9998695735713489;1.0;1.0;0.9999188039972189;0.9999678035089076;1.0;0.9998683358809562;0.9999985311441233;1.0002268463616912;0.9999395297971871;1.0;0.9999883137727167;0.9993874483848266;0.999503356364565;1.0;0.9996840478295834;0.9999195109543603;0.9989778451578578;0.9987661812031882;0.999746891563918;1.0;0.9999904792909121;1.0001934087442454;0.9999308881507543;0.999950681545171;0.9999096944565437;0.9999869866572182;1.024999976158142;
2016-12-27 14:30:00;1.0;0.9999661264803045;0.9999215169670288;0.9999878850872567;0.9999740444909652;0.9999803737581797;1.0;0.9999306946106773;0.9999049123081653;0.9999916129075511;0.9999566894815746;0.9999999999999999;0.9999912717232252;0.9999999999999999;0.9998827550624882;0.9998926037051611;0.9998948475135198;0.9999999999999999;1.0;0.9999196602993804;0.9999669293788687;1.0;0.999894089739385;0.9999989299167602;1.000224495814592;0.9999395157318255;1.0;0.9999873390945073;0.9993377061391178;0.9994520800051662;1.0;0.999680147518431;0.9999337269921248;0.9989849061812799;0.9987400258071998;0.9997305375866314;1.0;0.9999900664615023;1.0001928505553663;0.999943743900707;0.9999500168402344;0.9999115850308582;0.9999928595836558;1.024999976158142;
2016-12-27 14:45:00;1.0;0.9999160449005587;0.9999057093190243;0.9999895122004026;0.9999673802550897;0.9999826203241912;1.0;0.9999272236502149;0.9998929208122189;0.9999857729044311;0.9999490787940258;1.0;0.9999869332557056;1.0;0.9998518571728863;0.9998761972444119;0.9998800513069102;1.0;0.9999999999999999;0.9999115357205381;0.9999679886952799;1.0;0.9998789205851102;0.9999988392436991;1.0002274647613478;0.9999373454506852;1.0;0.9999869022944412;0.9993655177550738;0.9994838409611009;1.0;0.9996635314811094;0.999911333438825;0.9989321636518488;0.9987116301992544;0.9997164555284368;1.0;0.9999896853204289;1.000194003793526;0.9999239247188054;0.999949917337024;0.9999007477900965;0.9999870203090263;1.024999976158142;
2016-12-27 15:00:00;1.0;0.9999324590615015;0.9998980853929149;0.9999867233133237;0.9999651116197597;0.9999776358872752;1.0;0.9999216515014926;0.9998790931795521;0.9999866436652577;0.9999452340218052;1.0;0.9999873763075854;1.0;0.9998569313085476;0.9998765649100189;0.9998797706396199;1.0;1.0;0.9998998290925849;0.9999615858339728;1.0;0.9998787569689809;0.9999989288500446;1.0002302148121274;0.9999276956717766;1.0;0.9999844497748476;0.9993808480335844;0.9994854994369493;1.0;0.9996809200494411;0.999908178467656;0.9990174456546067;0.9987848211321166;0.9997105171272135;0.9999999999999999;0.999990860432545;1.000196890727862;0.9999216054977934;0.999941089249576;0.9998886248624513;0.9999883893925237;1.024999976158142;
2016-12-27 15:15:00;1.0;0.9999628692821538;0.9999390389637176;0.9999920452925732;0.9999799222791808;0.9999870622302562;1.0;0.9999462143931052;0.9999291164862665;0.9999926335314437;0.9999666383293344;1.0;0.9999905131212885;0.9999999999999999;0.9999004686820211;0.9999112395696435;0.9999133751101181;1.0;1.0;0.999938530590562;0.9999714833450462;1.0;0.9999126279612827;0.9999990664042543;1.000209093445903;0.9999515973729269;1.0;0.9999911572066456;0.9993718258032102;0.999470246975304;1.0;0.9997031621115192;0.9999470431611076;0.9990721122593228;0.9988209826907495;0.9997396091269668;1.0;0.9999888913511112;1.0001795378085714;0.9999548693755604;0.999958452603383;0.9999330588050641;0.999992227833209;1.024999976158142;
2016-12-27 15:30:00;1.0;0.9999838991780866;0.9999324457373753;0.9999885137665332;0.9999772634130257;0.999980696271784;1.0;0.9999449544278401;0.9999134190180754;0.9999939844051413;0.9999633432265971;1.0;0.9999947966520163;1.0;0.9999196079094155;0.9999242871622238;0.9999254289827504;1.0;1.0;0.9999289324641701;0.9999728684758024;1.0;0.999925009786867;0.9999994084504675;1.000208317512359;0.9999485901151639;1.0;0.9999881934392174;0.9993766043037869;0.9994693496678909;1.0;0.999678574633369;0.9999440746889613;0.9989676975211258;0.9987114574290997;0.9997366649104459;1.0;0.9999900664615025;1.0001795360455379;0.9999527499769519;0.9999582536253329;0.9999213443092453;0.9999960304986261;1.024999976158142;
2016-12-27 15:45:00;1.0;0.9999892477063362;0.9999147501468204;0.9999846075169028;0.9999717061613388;0.999974259702157;0.9999999999999999;0.9999284323017237;0.9998893789746294;0.9999932238874655;0.9999535621389223;1.0;0.9999936400173312;1.0;0.9999003409577712;0.999903474268914;0.9999046448682647;1.0;1.0;0.999908273499697;0.9999631364152742;1.0;0.9999041548356541;0.999999223044476;1.0002158544922843;0.9999321489500639;0.9999999999999999;0.999984547106632;0.9994069054104299;0.999514748136729;1.0;0.9996733246735234;0.999931566184736;0.9989635513967033;0.9987505687016263;0.9997238406758893;1.0;0.9999908604325449;1.0001861454619025;0.9999423738096022;0.9999441038613418;0.9998991743474995;0.9999957657665278;1.024999976158142;
2016-12-27 16:00:00;1.0;0.9999834634458329;0.9999154558734262;0.9999855328857389;0.9999723128169311;0.9999760139512092;1.0;0.9999260862108669;0.9998928768693778;0.999992871362445;0.9999537781020674;1.0;0.9999914235217221;1.0;0.9998895361364124;0.9998943327647799;0.9998958672489575;1.0;0.9999999999999999;0.999909208985848;0.9999600352325687;0.9999999999999999;0.9998952255893472;0.999999030807253;1.000216063842091;0.9999301794816418;1.0;0.9999853757056766;0.9993776313483604;0.9994731363983658;1.0;0.9996923601791203;0.9999319468096579;0.9990440468438583;0.9987929379115544;0.9997262860725314;0.9999999999999999;0.9999900664615022;1.0001861288504437;0.999942609244462;0.9999409498021822;0.99990109272076;0.999994153766447;1.024999976158142;
2016-12-27 16:15:00;1.0;0.9999853432919511;0.9998991311664058;0.999982936721261;0.9999666286003261;0.9999707174497031;1.0;0.9999185036525092;0.9998695253803755;0.999991921314263;0.9999460851106172;1.0;0.9999893290400859;1.0;0.9998865014567615;0.9998907574065574;0.9998919668534709;1.0;1.0;0.999889928116775;0.9999500082353091;0.9999999999999999;0.999891324395413;0.9999991447481656;1.0002196111454753;0.9999152207914329;1.0;0.9999822818623157;0.9993911608442541;0.9994920176943896;1.0;0.9997101720201841;0.9999187566648613;0.9991104843016868;0.9988754696430773;0.9997345713209532;1.0;0.9999904792909121;1.0001893842762029;0.9999315801487942;0.9999271947727513;0.9998805712388444;0.9999931349888764;1.024999976158142;
2016-12-27 16:30:00;0.9999999999999999;0.999974933643809;0.9998933223729753;0.9999821880562443;0.9999643237756993;0.999969936004724;1.0;0.9999126522469922;0.9998636326846727;0.9999905941662909;0.9999423207110215;1.0;0.9999902595777227;1.0;0.9998716137489606;0.9998788721534639;0.9998806536401794;1.0;0.9999999999999999;0.9998867696569438;0.9999535538755125;1.0;0.9998799397561537;0.9999990213393686;1.0002087710102057;0.9999159245106498;1.0;0.9999815754042068;0.9994287840715992;0.9995373785956936;1.0;0.9997390105355402;0.9999120670401549;0.9992049685400172;0.9990038727634916;0.9997567360542953;1.0;0.9999900664615025;1.0001795992316473;0.9999257388279614;0.9999301649216759;0.9998756285791144;0.9999929278509246;1.024999976158142;
2016-12-27 16:45:00;1.0;0.9999797068912497;0.9999083877294016;0.9999851140696546;0.9999694809099413;0.9999744993633228;1.0;0.9999260473795498;0.9998827358419082;0.999992138005414;0.9999509405627026;1.0;0.9999901896350544;1.0;0.999892357058218;0.9998982481379518;0.9998996302874553;1.0;1.0;0.9999016153345347;0.9999565765219562;0.9999999999999999;0.9998989974332968;0.9999991870047835;1.000212668312407;0.999925105012963;1.0;0.9999844048373897;0.9993954674029614;0.9994827014553834;1.0;0.999705910248931;0.999924805600723;0.9990905281190119;0.9988376541222602;0.9997353337137395;0.9999999999999999;0.9999892724926027;1.0001832148961247;0.9999365335544534;0.9999362465354145;0.9998927733635284;0.9999932161265696;1.024999976158142;
2016-12-27 17:00:00;1.0;0.9999696653754382;0.9998978043620432;0.999982887080782;0.9999665872217243;0.9999722925917363;1.0;0.9999078951142589;0.9998736427425626;0.9999902623312421;0.9999434260084605;0.9999999999999999;0.9999895756876199;1.0;0.9998528753165267;0.9998616896992465;0.9998641605801136;1.0;0.9999999999999999;0.9998927183548779;0.999954503485433;1.0;0.9998632664163275;0.9999986409296149;1.0002192092566355;0.999918138354896;1.0;0.9999826509002849;0.999423586081209;0.9995096452460509;1.0;0.9997122795976827;0.9999164255865761;0.999125658830816;0.9988890710381496;0.9997305979113333;1.0;0.9999896853204288;1.0001882627143364;0.9999293175958192;0.9999317919681266;0.9998825667651574;0.9999921813344194;1.024999976158142;
2016-12-27 17:15:00;1.0;0.999959621480109;0.9998970641203689;0.9999844821269771;0.9999652993357402;0.9999735245505406;1.0;0.9999193464906928;0.9998718747008201;0.9999892494182396;0.9999448890311633;1.0;0.9999884704269852;1.0;0.9998719417576205;0.9998836701503793;0.9998858292209762;0.9999999999999999;1.0;0.9998931014691633;0.9999553592041158;1.0;0.999885014343454;0.9999990602688243;1.0002204255931486;0.999920407025955;1.0;0.9999830175392268;0.9993826999322075;0.9994795705326855;1.0;0.9997076396957153;0.999912246726566;0.9990942130066871;0.9988474052614118;0.999737938353298;1.0;0.999989685320429;1.0001892858095427;0.9999255804382311;0.9999333773487933;0.9998825762982153;0.9999908796597844;1.024999976158142;
2016-12-27 17:30:00;0.9999999999999999;0.9999660518844926;0.9998942432736034;0.9999832784459088;0.9999646247196031;0.9999716793660939;0.9999999999999999;0.9999148593535202;0.9998672129281962;0.9999896658947517;0.9999430903728562;0.9999999999999999;0.9999887098226582;1.0;0.9998687310450431;0.9998785921342735;0.9998806374742369;0.9999999999999999;0.9999999999999999;0.9998888334417164;0.9999529766795552;1.0;0.9998798348843816;0.9999989959005013;1.0002221817515007;0.9999165686520343;1.0;0.9999821555188463;0.9993729284187872;0.9994779467266135;0.9999999999999999;0.9997029425600175;0.9999114775209305;0.9990964043496563;0.9988562445612107;0.9997223833047417;1.0;0.9999908604325449;1.0001909537931528;0.9999250712311656;0.9999299920991503;0.9998781818001056;0.9999914569508466;1.024999976158142;
2016-12-27 17:45:00;1.0;0.9999598321697295;0.9998970060694139;0.9999844715581532;0.9999651243705868;0.9999733684199448;1.0;0.9999205388805104;0.9998712632802293;0.9999892813294491;0.9999450073335155;0.9999999999999999;0.9999888079402697;1.0;0.9998750808367142;0.9998867228313206;0.9998888006332017;1.0;0.9999999999999999;0.9998931182271747;0.9999560832846334;1.0;0.999888017644346;0.9999991225728839;1.0002202933453115;0.9999210672108976;1.0;0.999982957104783;0.9993553576093498;0.9994603704509376;1.0;0.99970919010225;0.9999119375135573;0.9990979348431028;0.998845958101655;0.9997400836636754;1.0;0.9999888913511114;1.0001892056634107;0.9999253194849332;0.9999341962074061;0.9998823851145288;0.9999910854586295;1.024999976158142;
2016-12-27 18:00:00;0.9999999999999999;0.9999616384453038;0.9998840963774174;0.9999797159147145;0.9999627184799558;0.9999687340687263;1.0;0.9998851528411636;0.9998600759893372;0.9999884617282023;0.9999338545363982;1.0;0.9999894346690866;1.0;0.9998074660454048;0.9998185823789733;0.9998222048207338;1.0;1.0;0.9998803767090239;0.9999518717905236;0.9999999999999999;0.9998210418658119;0.9999980185378287;1.000221638911217;0.999908978096035;1.0;0.9999802493927294;0.999388824863216;0.9994879583889595;0.9999999999999999;0.9997222375679987;0.9999060348350481;0.9991392203092422;0.9988990362591177;0.9997511390273155;1.0;0.9999896853204289;1.000189765107573;0.999920457889886;0.9999260137894825;0.9998683790077363;0.9999915543580101;1.024999976158142;
2016-12-27 18:15:00;1.0;0.9999687973966592;0.99988298130262;0.9999796972755548;0.9999613338099612;0.9999669585524057;1.0;0.9998976276178738;0.9998532706404547;0.9999889615170503;0.9999353372211945;1.0;0.9999903197276405;1.0;0.9998418268340512;0.9998508891445671;0.9998534374870001;1.0;1.0;0.9998774666398451;0.9999519058897345;1.0;0.9998525540009773;0.9999986310858032;1.0002122297399223;0.9999093828709742;1.0;0.9999794407585263;0.999500527783325;0.9995730633192497;1.0;0.9997561228430477;0.9999040923549858;0.9992239401687297;0.9990127613646237;0.9997950503494413;1.0;0.9999916544037752;1.0001821483789897;0.9999189279450272;0.9999262058040965;0.9998648714920566;0.9999925301316074;1.024999976158142;
2016-12-27 18:30:00;1.0;0.999974362488099;0.9999213256775232;0.9999873416430537;0.9999750535336094;0.9999799803808896;1.0;0.9999229832859564;0.9999055915116299;0.9999924944651365;0.9999559617743178;1.0;0.9999891703803415;1.0;0.9998701801937224;0.9998776332768797;0.9998799349560086;1.0;1.0;0.9999166157360997;0.999959173057683;1.0;0.9998790505762073;0.9999986334756206;1.0002080949825243;0.9999320276892932;1.0;0.9999873362175208;0.9995040185103004;0.9995560916074911;0.9999999999999999;0.9997316260954664;0.9999367774270427;0.9991537894512298;0.9989155165861708;0.9997693444654114;1.0;0.9999920672329302;1.0001788154396396;0.9999465242200138;0.9999410648614101;0.999910208576361;0.9999922846018069;1.024999976158142;
2016-12-27 18:45:00;1.0;0.999979131662887;0.9999315368688187;0.9999887215691822;0.9999788174684714;0.9999827322055167;1.0;0.9999271330125152;0.9999191031973053;0.9999937413991454;0.9999609234760269;1.0;0.9999900222994987;0.9999999999999999;0.9998746687404216;0.9998807380716409;0.9998830134165771;1.0;0.9999999999999999;0.9999270526476323;0.9999626176914673;0.9999999999999999;0.9998821479889595;0.9999985708932526;1.0002008331007899;0.9999387476992971;1.0;0.9999891667360765;0.9995219203288946;0.9995791538507656;0.9999999999999999;0.9997436068173386;0.9999462263811171;0.9991958366414565;0.9989763803271121;0.9997767043118;0.9999999999999999;0.9999916544037751;1.0001726220044471;0.9999545605760406;0.9999464457862614;0.9999219487094393;0.9999930820190448;1.024999976158142;
2016-12-27 19:00:00;0.9999999999999999;0.9999612861782722;0.9999157626678203;0.9999879260413541;0.9999745824864963;0.9999819362312339;1.0;0.9999069610276152;0.9999056285844391;0.9999911854829652;0.9999519644143895;1.0;0.9999828164561645;1.0;0.9998268191814;0.9998380765890367;0.9998415362166235;1.0;1.0;0.9999105636404539;0.9999467611702747;1.0;0.999840174714011;0.9999979244774182;1.000208705890703;0.9999195095364118;1.0;0.9999879726962316;0.99953377852116;0.9995817336870085;1.0;0.999745099740966;0.9999330514313676;0.9991816011523339;0.9989552731828164;0.9997908102332334;0.9999999999999999;0.9999920672329303;1.000178778401413;0.9999432297269313;0.9999265220652943;0.9999062179084177;0.9999878934211869;1.024999976158142;
2016-12-27 19:15:00;1.0;0.999974068237151;0.9999151711067883;0.9999879548778116;0.999974840318451;0.999981058123546;1.0;0.9999080577432305;0.9999022397048112;0.9999926417550671;0.9999527398735758;1.0;0.9999799289514183;1.0;0.9998375101942741;0.9998450261328412;0.9998477779369066;1.0;1.0;0.9999052217500208;0.9999363552466476;1.0;0.9998464408589914;0.9999980178525253;1.0002074024555996;0.9999104980699088;1.0;0.9999879183342711;0.9995213818282433;0.999575353604687;1.0;0.9997535006627702;0.9999350667910291;0.9992055457282232;0.9989798273400616;0.9997997269484128;1.0;0.9999920672329302;1.000178208949512;0.9999452227667095;0.9999149423032263;0.9999027755288721;0.9999872045623346;1.024999976158142;
2016-12-27 19:30:00;1.0;0.9999785521126991;0.9998998325840079;0.9999836282980923;0.9999713758625135;0.9999758587208507;1.0;0.9998779458063289;0.9998858859398659;0.9999919852720034;0.9999418989411615;1.0;0.9999782484004175;1.0;0.9997846571338626;0.9997908880178688;0.9997946075613766;1.0;1.0;0.9998876273475398;0.9999257524799745;0.9999999999999999;0.9997929434856886;0.9999971841289175;1.0002105158565275;0.9998929057741063;1.0;0.9999849322781785;0.9995862614005484;0.9996243829692323;0.9999999999999999;0.9997647996231245;0.9999269494644792;0.9992448432712923;0.9990367443541125;0.9998069580586739;1.0;0.999990479290912;1.0001806095611028;0.9999385636103205;0.9998996585237491;0.9998846577306256;0.9999865903663809;1.024999976158142;
2016-12-27 19:45:00;1.0;0.9999809345957416;0.9999077652813079;0.9999839494299435;0.9999707182714993;0.9999744668333231;0.9999999999999999;0.9999099824698482;0.9998863221552422;0.9999921625641309;0.9999482995517095;1.0;0.999989278929967;1.0;0.9998568939920496;0.9998624253088454;0.9998646802446343;1.0;1.0;0.999900791219473;0.9999531993803015;0.9999999999999999;0.9998637854933164;0.9999985134127376;1.0002031556315667;0.999920398922123;1.0;0.9999843313224202;0.9996215582901165;0.9996299245899652;1.0;0.9997416373060418;0.9999274311548274;0.9991709628604697;0.998941417060599;0.9997876610025418;1.0;0.9999916544037754;1.0001746662252906;0.9999388162958371;0.9999317450914;0.9998928512025314;0.9999928030964976;1.024999976158142;
2016-12-27 20:00:00;0.9999999999999999;0.9999800691440965;0.9999099187195913;0.9999844692944326;0.9999709029678564;0.9999748793724599;1.0;0.9999165921220978;0.9998878214358821;0.9999921502176278;0.9999500200361712;1.0;0.9999904452410624;1.0;0.9998699094480237;0.9998756986302735;0.9998777072642905;1.0;1.0;0.9999037504061394;0.9999569374545877;1.0;0.9998769218379391;0.9999987465658228;1.0001979536736654;0.9999248710562965;1.0;0.9999845521157943;0.9996251478797138;0.9996423006506652;1.0;0.999769521705451;0.9999279794485857;0.9992402620317308;0.9990248848529732;0.9998242004810044;0.9999999999999999;0.9999866889724504;1.0001702280508538;0.999939230967306;0.9999364152979662;0.9998953523998542;0.9999933807117022;1.024999976158142;
2016-12-27 20:15:00;1.0;0.999982382134747;0.9999124758256173;0.9999853548470053;0.9999723290584059;0.9999763052665278;1.0;0.9999159904634473;0.9998921162967661;0.9999927321931076;0.9999515205559019;1.0;0.9999880254604212;1.0;0.9998669310011724;0.9998720522396104;0.9998740474204855;0.9999999999999999;1.0;0.9999046572199555;0.9999514840439432;1.0;0.9998731676921754;0.9999986216336479;1.0001967920809098;0.9999214218322291;1.0;0.9999854610890131;0.999643630512514;0.9996608613353568;1.0;0.9997715956734461;0.9999313188734994;0.9992420454614029;0.999038770866885;0.9998292503659059;1.0;0.9999789796683626;1.0001693162610032;0.9999421201316089;0.9999308797700507;0.9998979853706641;0.9999922140677598;1.024999976158142;
2016-12-27 20:30:00;0.9999999999999999;0.9999755843405266;0.9999065096963453;0.9999812328253935;0.999975121888493;0.9999767107050423;1.0;0.9998529953581665;0.9999017820741024;0.999991929874447;0.9999393688356917;1.0;0.9999853784199237;0.9999999999999999;0.9997237985417955;0.9997308682153192;0.9997366334841398;1.0;1.0;0.9999008613250553;0.9999433117683096;1.0;0.9997347177623288;0.9999960490901132;1.0001989329007552;0.9999066356473387;1.0;0.9999854339828028;0.9996636978685148;0.9996754837816104;1.0;0.9997777416870934;0.9999354235390704;0.999258868623251;0.9990601279025167;0.999836266463001;0.9999999999999999;0.9999783332749328;1.000169609993774;0.9999456151147732;0.9999185939030242;0.9998959673573646;0.9999902977106849;1.024999976158142;
2016-12-27 20:45:00;1.0;0.9999810074870543;0.9999212140504854;0.9999837322405146;0.999978916993895;0.9999797482680826;1.0;0.999876183637161;0.9999165996511153;0.9999932702764176;0.9999487038986195;0.9999999999999999;0.9999889648003456;1.0;0.9997690233245745;0.9997745350768467;0.999779352036176;1.0;1.0;0.999916846374193;0.9999546459887456;0.9999999999999999;0.9997777892367307;0.9999967033355401;1.0001962993714228;0.9999230825021612;1.0;0.9999874195642412;0.9996684903827321;0.9996761079807153;0.9999999999999999;0.9997648995728206;0.999945649665416;0.9992007466679623;0.9989989891964626;0.9998372034917125;1.0;0.9999787144058812;1.000167735830201;0.9999542422194307;0.9999339468542936;0.9999121525207175;0.9999926354658728;1.024999976158142;
2016-12-27 21:00:00;1.0;0.9999739946992299;0.9999113106342276;0.9999844540654969;0.9999727405081031;0.9999768909585932;1.0;0.9999010933262066;0.9998957768896071;0.9999918387764732;0.999948335796104;1.0;0.999988875792284;1.0;0.9998289271242068;0.9998364587598932;0.9998396728805838;1.0;1.0;0.9999064468161768;0.9999550035314011;1.0;0.9998385449804957;0.9999979951325252;1.0001943697407436;0.9999227137809633;1.0;0.9999855391036787;0.9996579299755165;0.9996743521136828;1.0;0.9997801441709123;0.9999309775825269;0.9992642912698712;0.9990687395895966;0.9998397897582763;0.9999999999999999;0.9999788742200575;1.000166585251735;0.9999416873304812;0.9999340638962348;0.9998991660426534;0.9999921043521974;1.024999976158142;
2016-12-27 21:15:00;1.0;0.999981873777251;0.9999124153921116;0.9999815623627186;0.9999764135665891;0.9999767945083086;0.9999999999999999;0.999863516014423;0.999906060355787;0.9999927622367847;0.9999430540000688;0.9999999999999999;0.9999886806870136;1.0;0.999748330093596;0.9997535872268889;0.9997587657111894;1.0;1.0;0.9999073522805698;0.9999508209886487;1.0;0.9997570963964383;0.9999964205677446;1.0001964503011975;0.9999153750893398;1.0;0.9999857220565642;0.9996771376490019;0.9996880814722919;0.9999999999999999;0.9997800637449874;0.999939739200587;0.9992702015599011;0.9990789913215565;0.9998355544796235;0.9999999999999999;0.999978333274933;1.0001677415213774;0.9999493142360845;0.9999278761751543;0.99990178710803;0.9999925405283592;1.024999976158142;
2016-12-27 21:30:00;1.0;0.9999828161379598;0.9999133314099566;0.9999798796908635;0.9999780627336275;0.9999766274038006;1.0;0.9998454667642679;0.9999117939678035;0.9999928162587999;0.9999402547161469;1.0;0.999990431273833;0.9999999999999999;0.9997080865575276;0.9997130829861787;0.9997193853644467;1.0;1.0;0.9999099386497885;0.9999538880196277;1.0;0.9997174886854118;0.9999956652220602;1.000200260354872;0.9999161031399166;1.0;0.9999856369462989;0.9996761904896985;0.9996943618220949;0.9999999999999999;0.9997474720038033;0.9999434865963517;0.9991403195903552;0.9989604267006877;0.9998260059203247;1.0;0.9999771265073591;1.0001705705821078;0.9999525090899859;0.9999304919218583;0.9999042198023285;0.9999935621862306;1.024999976158142;
2016-12-27 21:45:00;0.9999999999999999;0.9999865726902138;0.9999199476670597;0.9999806898459327;0.9999800801190931;0.9999779096800407;0.9999999999999999;0.9998519743091964;0.9999191242203355;0.9999936144040881;0.9999438892032901;0.9999999999999999;0.9999920848573071;1.0;0.9997205763870146;0.9997244786387066;0.9997305300769127;0.9999999999999999;1.0;0.9999170058923282;0.9999585230344176;0.9999999999999999;0.9997287431826251;0.9999958111585913;1.0001913794693214;0.9999226665479393;0.9999999999999999;0.9999865605723232;0.9996769199647306;0.9996936633906571;1.0;0.9997708949818844;0.9999489111106858;0.9991849540974076;0.9990015623525148;0.9998658614441833;1.0;0.9999772319535376;1.0001630309417116;0.9999571200870155;0.99993670449559;0.9999115198387977;0.999994729849701;1.024999976158142;
2016-12-27 22:00:00;1.0;0.9999849836267327;0.999929238913971;0.9999869252473177;0.999979982308992;0.9999819650523566;1.0;0.9999051753951619;0.9999206223193275;0.9999942827907496;0.9999569104176396;1.0;0.9999883910693969;1.0;0.9998302944261092;0.9998346616467436;0.9998378772961659;1.0;1.0;0.9999231691140538;0.9999555888819792;1.0;0.9998366880000448;0.9999977167119954;1.0001913390193629;0.9999297032161426;1.0;0.9999888933073482;0.999660846325747;0.9996762119311171;0.9999999999999999;0.9997777718636337;0.9999491096344443;0.9992519538601305;0.9990566885825989;0.9998410571994792;1.0;0.9999792870387791;1.0001641662965437;0.999957177370962;0.9999374050684089;0.999919407967138;0.9999925944558684;1.024999976158142;
2016-12-27 22:15:00;1.0;0.9999821631039024;0.999938230591726;0.999988331503631;0.9999834379228527;0.9999853115893017;1.0;0.9999056647935606;0.999935009795545;0.999994669244282;0.9999605947824123;1.0;0.9999890837519031;1.0;0.9998221702542298;0.9998273451057047;0.9998310282282492;1.0;0.9999999999999999;0.9999340800563925;0.9999604082343978;1.0;0.999829755579354;0.9999974761262449;1.0001871332500138;0.9999371163919925;1.0;0.9999907828200316;0.9996715483635437;0.9996824753695726;1.0;0.9997781070352045;0.9999567690812586;0.9992559503452781;0.9990609265716524;0.9998393521221907;1.0;0.99997792045506;1.0001602884501157;0.999963563057274;0.9999441147789108;0.9999312654648916;0.9999927811650708;1.024999976158142;
2016-12-27 22:30:00;1.0;0.9999829599476752;0.9999263023213775;0.9999819450069514;0.9999834915258408;0.9999814552488695;1.0;0.9998442234073304;0.9999325883178467;0.9999938777960292;0.9999456591600954;1.0;0.9999898251869337;1.0;0.9996941358103567;0.9996990875881686;0.9997059678107854;1.0;1.0;0.9999238672804746;0.9999559241592814;1.0;0.9997039003253335;0.9999952335044516;1.000191412693838;0.9999224940626308;1.0;0.999988490422179;0.9996917215108848;0.9997160199295019;0.9999999999999999;0.9998044792869493;0.9999559127828175;0.9993586769367585;0.9991964375127452;0.9998486865159992;1.0;0.9999796681704698;1.0001627110019782;0.9999629886614169;0.9999346762085491;0.9999205632964165;0.9999932406617261;1.024999976158142;
2016-12-27 22:45:00;0.9999999999999999;0.9999849827935068;0.9999535825194894;0.999993083277222;0.9999864147456565;0.9999896646354794;1.0;0.9999457232582731;0.9999474925779096;0.9999959607039255;0.9999733820106652;1.0;0.9999897604190773;1.0;0.9999019721704182;0.9999063364462553;0.9999081277242778;1.0;1.0;0.9999489664596294;0.9999669660892825;1.0;0.9999073533668393;0.9999987612839591;1.000177430072193;0.9999521045607929;1.0;0.9999934479444433;0.9996889227592549;0.9997088096871892;1.0;0.9998073356976184;0.9999647976448307;0.9993485602907662;0.9991772269844305;0.9998640987618204;1.0;0.99997792045506;1.0001526844651734;0.9999702835067302;0.9999552614450152;0.9999472830135396;0.9999933457417136;1.024999976158142;
2016-12-27 23:00:00;1.0;0.9999853441709022;0.9999519542525208;0.999992761220244;0.9999852104735796;0.9999885448667976;1.0;0.9999502815337045;0.9999432000313913;0.9999957975233419;0.9999731669515509;1.0;0.9999911680019573;1.0;0.9999145427407496;0.9999188020553894;0.9999202685831108;1.0;1.0;0.9999477079954834;0.9999697900578871;0.9999999999999999;0.9999196275003803;0.9999990283593588;1.000176813502952;0.9999541329389386;1.0;0.9999928255030921;0.9996872126472408;0.9997118403717;1.0;0.9998095974316696;0.999962291919542;0.999372575754856;0.9992076222456209;0.9998545995130366;1.0;0.9999786406445985;1.0001522597573653;0.9999681541593053;0.9999582287548914;0.9999449553223111;0.9999941422757738;1.024999976158142;
2016-12-27 23:15:00;1.0;0.9999839000104082;0.9999413580163323;0.999990761344611;0.9999810734725343;0.9999847214983275;0.9999999999999999;0.9999469724220216;0.9999276577460058;0.999994786996692;0.9999679645836662;1.0;0.9999919573965234;1.0;0.9999153520141041;0.9999200345049979;0.999921353110924;1.0;1.0;0.9999370022129518;0.9999689891581474;1.0;0.9999207846377012;0.9999991912228295;1.000181422363525;0.999949198041853;0.9999999999999999;0.9999905174034313;0.999689450819286;0.9997081541889338;1.0;0.9998064172794076;0.9999526047160529;0.9993608692954982;0.9991885039169346;0.999853014630277;1.0;0.9999768191385613;1.0001562584603465;0.9999599624590532;0.9999555785591537;0.9999321889248663;0.9999944738464264;1.024999976158142;
2016-12-27 23:30:00;1.0;0.9999836816060248;0.9999402999820804;0.999990803471438;0.9999809082344964;0.999984759878762;1.0;0.9999452568255203;0.9999267676094349;0.9999947626510512;0.9999674524558326;1.0;0.9999908360068418;1.0;0.9999117496990718;0.9999164893404168;0.9999178515466931;1.0;1.0;0.9999353138394342;0.9999662035820891;1.0;0.9999172316446395;0.9999991280977164;1.0001785636243856;0.9999464724257189;0.9999999999999999;0.9999905269347693;0.9997006365785991;0.9997263395191786;1.0;0.9998268952360246;0.9999520542383261;0.9994195351633686;0.9992641159448382;0.999874554374326;1.0;0.9999855015857796;1.000153786158697;0.9999595122144056;0.9999523466103766;0.9999309198886388;0.9999938455993285;1.024999976158142;
2016-12-27 23:45:00;1.0;0.9999854879758198;0.9999464126509783;0.9999919299870109;0.9999834040994158;0.9999869205813169;1.0;0.9999467538819257;0.9999357909084038;0.9999954328105983;0.9999704623495744;0.9999999999999999;0.9999900520075914;0.9999999999999999;0.9999108547525606;0.999915069461531;0.9999164941733917;0.9999999999999999;1.0;0.9999410957442487;0.999965606636303;1.0;0.999915822390626;0.9999990146571904;1.000179509538342;0.9999483753857514;1.0;0.9999918459523929;0.9997084037127403;0.9997328742150411;1.0;0.999820607019868;0.9999579862363851;0.9994180962610185;0.9992664387821539;0.9998566876750561;1.0;0.9999892724926027;1.0001546267977626;0.9999645511507854;0.9999526839794258;0.9999381141914365;0.9999935412720589;1.024999976158142;
2016-12-28 00:00:00;1.0;0.9999856326595609;0.9999667752918597;0.9999956484940734;0.9999902805123706;0.9999934498492402;1.0;0.9999617786438879;0.9999632999772701;0.9999968413919218;0.9999811823772937;1.0;0.9999915220958698;0.9999999999999999;0.9999282833742514;0.9999324568115004;0.9999338287878481;1.0;1.0;0.9999636319508795;0.9999749401696955;1.0;0.9999332237264729;0.9999990976664532;1.0001729185434562;0.9999649461761015;1.0;0.9999956892520061;0.9996893372182633;0.9997157212166357;1.0;0.9998213380124209;0.9999742433515577;0.9994233216052539;0.9992621074941186;0.9998553197124436;1.0;0.9999904792909118;1.0001489269153836;0.9999781961373926;0.9999665879796593;0.9999627856289163;0.9999943568752349;1.024999976158142;
2016-12-28 00:15:00;1.0;0.9999878004137553;0.9999611493781657;0.9999936276501659;0.9999881133497281;0.999990407276279;1.0;0.9999569541727797;0.9999546154126918;0.9999964969263746;0.9999776159144164;1.0;0.9999940822915202;1.0;0.9999247812859284;0.9999283247556604;0.9999297225500079;1.0;1.0;0.999958631065824;0.9999783030741038;1.0;0.9999291959816566;0.9999991143774939;1.0001707232748938;0.9999647422755065;0.9999999999999999;0.9999939997773867;0.9997049671580103;0.9997361382563;1.0;0.9998348298664234;0.999969703185837;0.9994604241093664;0.9993161476514704;0.9998705987358094;1.0;0.999990479290912;1.0001470059214177;0.9999743970738801;0.9999690360349021;0.9999558572835889;0.9999959104559712;1.024999976158142;
2016-12-28 00:30:00;1.0;0.9999922091677843;0.9999831184166996;0.9999978110089994;0.9999955190011116;0.9999971377992997;1.0;0.9999761958414963;0.9999828849178494;0.9999984345613618;0.9999899325329404;1.0;0.9999946772398794;1.0;0.9999528823612679;0.9999551503155006;0.9999561084991792;1.0;1.0;0.9999812496364909;0.9999849877633398;1.0;0.999955698894921;0.9999993379457942;1.0001617090579142;0.999980003778201;1.0;0.9999980700861797;0.999711077541916;0.9997475830125834;1.0;0.9998492456561253;0.9999877250715029;0.9994916664190646;0.9993587440778516;0.999892620246879;1.0;0.9999908604325449;1.0001394469519658;0.9999896160985052;0.9999803953886495;0.9999814060246098;0.9999965411234476;1.024999976158142;
2016-12-28 00:45:00;1.0;0.9999939418318425;0.9999685905937652;0.9999950698749681;0.9999904323227408;0.9999921009863206;0.9999999999999999;0.9999672873866743;0.9999621978312726;0.9999976190796609;0.9999825288422004;1.0;0.9999941218866069;1.0;0.9999460842935665;0.9999478431100407;0.9999486596443937;1.0;1.0;0.9999649571640201;0.9999789632268786;1.0;0.9999482590318625;0.9999993761481188;1.000167461743517;0.9999687587472894;1.0;0.9999951985757232;0.9997141540037149;0.9997505035224838;0.9999999999999999;0.9998468416684163;0.9999760394184738;0.9995067368456682;0.9993761041635151;0.9998751887370626;1.0;0.999990860432545;1.0001445188664122;0.9999798357006237;0.999971197225615;0.9999633695925763;0.9999963583576847;1.024999976158142;
2016-12-28 01:00:00;1.0;0.999992857052747;0.9999741371521986;0.99999589259734;0.9999921326320661;0.9999936745137519;0.9999999999999999;0.9999718351095204;0.9999695851849187;0.9999978138126575;0.9999853016213432;0.9999999999999999;0.9999955083096268;1.0;0.9999514988784471;0.9999535694439933;0.9999544148479126;0.9999999999999999;1.0;0.9999719013258623;0.9999840557685346;1.0;0.9999540618574556;0.9999994267468897;1.0001640028338334;0.9999753568702572;1.0;0.9999960822872522;0.9997081689160373;0.9997623715785608;1.0;0.9998607435498865;0.9999800264938945;0.9995562669319458;0.9994484807146153;0.9998832515777963;1.0;0.9999900664615023;1.0001414702312776;0.9999831456563852;0.9999777692626817;0.9999703496759266;0.9999970437686421;1.024999976158142;
2016-12-28 01:15:00;0.9999999999999999;0.9999935812920324;0.9999778360598285;0.9999960817199646;0.9999934428207368;0.9999944466944132;1.0;0.9999724539227643;0.9999747477843014;0.9999980663600593;0.9999867336370808;1.0;0.999996825485117;1.0;0.9999508046212221;0.999952671723037;0.9999536294698013;1.0;1.0;0.9999765287252858;0.9999877859755817;1.0;0.9999532931408046;0.9999993760514723;1.0001601717883921;0.9999796660988393;1.0;0.9999965604648915;0.9997091519539483;0.9997642240512935;0.9999999999999999;0.9998665647600354;0.9999832716880793;0.9995618873585437;0.9994556155670313;0.999896886977675;1.0;0.9999900664615022;1.000138099181845;0.9999858763767974;0.9999823680696038;0.9999749467619692;0.9999978142151942;1.024999976158142;
2016-12-28 01:30:00;1.0;0.9999927852617398;0.9999701443858123;0.9999949858677848;0.9999903776023084;0.9999919244904931;1.0;0.9999716159402849;0.9999630431474711;0.9999974623088157;0.9999833725933689;1.0;0.9999966548365201;1.0;0.9999548619451591;0.9999569547818332;0.999957679599396;1.0;1.0;0.999968200012022;0.9999855633803721;1.0;0.99995739978497;0.9999995529697895;1.0001567454623492;0.9999749976636484;1.0;0.9999950751035703;0.9997251610565798;0.9997877077900215;1.0;0.9998911866840446;0.9999760856649051;0.9996361360474724;0.9995510329246264;0.9999203615599664;1.0;0.9999908604325449;1.000135218560055;0.9999798120974644;0.9999787614205603;0.9999654410003486;0.999997666746084;1.024999976158142;
2016-12-28 01:45:00;1.0;0.9999913402504913;0.9999806617338775;0.9999972132770827;0.9999938891377642;0.9999956367068524;1.0;0.9999805540614557;0.9999774593205548;0.9999980387411072;0.9999891597371952;1.0;0.9999968142460417;0.9999999999999999;0.9999651686937905;0.9999676814875038;0.9999683621456122;1.0;1.0;0.9999797895931255;0.9999895403187615;1.0;0.9999681052172403;0.9999996227808398;1.0001545580725653;0.9999831110303775;1.0;0.9999971819877005;0.9997628705908882;0.9998296287936429;1.0;0.9998972240941192;0.9999841484000642;0.9996958845179661;0.9996423536326713;0.9998978873354751;1.0;0.999989685320429;1.0001333147996312;0.9999865521646321;0.9999851190795173;0.9999783370279508;0.9999976538633127;1.024999976158142;
2016-12-28 02:00:00;1.0;0.9999945925489497;0.9999786452057146;0.9999961647551764;0.999993961732526;0.999994768934535;1.0;0.9999710136786578;0.9999762991532885;0.9999982600061651;0.9999869525275714;1.0;0.9999963873130353;1.0;0.9999473701042593;0.9999489412232629;0.9999499651203276;1.0;1.0;0.9999769881121314;0.9999866435363906;1.0;0.9999495917477295;0.9999992906964152;1.0001554697594939;0.999978868906671;1.0;0.9999967826107888;0.9997718962485851;0.9998359373228681;1.0;0.9999050244314746;0.9999845276149412;0.9997259347919328;0.9996740962164989;0.9999008854476725;0.9999999999999999;0.9999900664615023;1.0001340322547918;0.9999869636817784;0.9999811781317693;0.9999758447241255;0.999997644764392;1.024999976158142;
2016-12-28 02:15:00;1.0;0.9999930017403547;0.9999691624257091;0.9999946251249394;0.9999905091702365;0.9999918375769831;0.9999999999999999;0.9999660844052402;0.9999631244586137;0.9999974675841481;0.999982212283706;1.0;0.9999959964225562;1.0;0.9999430558181315;0.9999450850202501;0.9999460782759793;1.0;1.0;0.9999669281631834;0.9999835128798923;1.0;0.9999457046928956;0.9999993381105392;1.0001567261972197;0.9999724392755192;1.0;0.9999950286588156;0.9997688898872826;0.9998373152267807;1.0;0.9999074729618586;0.999976252203538;0.999729289612028;0.9996820363921715;0.9999059591769273;1.0;0.999989685320429;1.0001351127697031;0.9999799768273826;0.9999761574519531;0.9999645016039351;0.9999973211279849;1.024999976158142;
2016-12-28 02:30:00;1.0;0.9999945925489497;0.9999803393685653;0.9999966020937036;0.9999940737657466;0.9999950249697775;1.0;0.9999768834138772;0.9999771441868435;0.9999983206072285;0.9999884462649629;1.0;0.9999972135724199;0.9999999999999999;0.9999595629625894;0.9999611341007505;0.9999618922937289;1.0;1.0;0.9999790688073438;0.999989195385637;1.0;0.9999616172427837;0.9999995053606241;1.0001503361458872;0.9999821127023695;0.9999999999999999;0.9999969378434599;0.9997800627447011;0.9998514359569103;1.0;0.9999193739236694;0.9999849716038808;0.9997544698725299;0.9997185455826348;0.9999245733574508;0.9999999999999999;0.9999916544037751;1.0001296810922182;0.9999873150611153;0.9999844469653327;0.999977628552032;0.999998097566297;1.024999976158142;
2016-12-28 02:45:00;1.0;0.9999934374864806;0.9999682669507611;0.9999945685405642;0.9999897087815283;0.9999911682253253;1.0;0.9999705561483685;0.9999602396067041;0.9999973830650536;0.9999824103709153;1.0;0.9999967358821128;1.0;0.9999545284154086;0.9999564401161662;0.9999571276733342;1.0;1.0;0.9999660860250454;0.9999849961347728;0.9999999999999999;0.9999568578758257;0.9999995669891307;1.0001565961780203;0.9999736906900493;1.0;0.9999946547905816;0.9997752206427929;0.9998443003223372;0.9999999999999999;0.999912387719561;0.9999746219885209;0.9997554249468346;0.9997133410677815;0.9999029540655943;1.0;0.9999888913511112;1.0001351133023593;0.9999785929132041;0.999977794548041;0.9999630439485869;0.99999775445745;1.024999976158142;
2016-12-28 03:00:00;1.0;0.9999935821721113;0.9999698205073618;0.9999946469592152;0.9999907592879237;0.9999919328264665;1.0;0.9999662594451437;0.9999639677721716;0.9999975520439737;0.9999824944318181;1.0;0.9999961733350567;1.0;0.9999433401650946;0.9999452104986816;0.9999462008007385;1.0;1.0;0.9999676187428497;0.9999839181407123;0.9999999999999999;0.9999458322916525;0.9999993325505364;1.0001575608796744;0.9999729809385743;1.0;0.9999950999998021;0.9997774411928976;0.9998420734957381;1.0;0.9999007045884425;0.9999769227962036;0.999710359191887;0.9996631373634651;0.9998985006604998;1.0;0.9999912732606053;1.000135841502966;0.9999805499732077;0.9999766877491199;0.9999652342412962;0.9999974560110072;1.024999976158142;
2016-12-28 03:15:00;1.0;0.9999913394013387;0.999971305071726;0.999995086351413;0.9999912365445067;0.9999927529691012;1.0;0.9999671548841957;0.9999664904978298;0.9999974550189159;0.9999832153941359;1.0;0.9999961447766264;1.0;0.9999425606646959;0.9999450701448236;0.9999461606341237;0.9999999999999999;0.9999999999999999;0.999969700416802;0.9999849693264925;0.9999999999999999;0.9999457741622244;0.9999993131042756;1.0001542305760056;0.9999746028532577;1.0;0.9999955100250197;0.9997683009543006;0.9998353430135937;0.9999999999999999;0.9999091812760457;0.9999777325060916;0.9997226907668537;0.9996727408941697;0.9999155692470664;1.0;0.9999896853204289;1.0001328840294768;0.9999811869326252;0.9999781510054032;0.9999674432002661;0.9999972877171883;1.024999976158142;
2016-12-28 03:30:00;1.0;0.9999928564580975;0.9999696817073553;0.9999947159331922;0.999990082550428;0.9999914948734083;0.9999999999999999;0.9999718808739396;0.9999620552928797;0.9999973851085718;0.9999830764924412;1.0;0.9999974019752097;1.0;0.9999562362876854;0.999958303531774;0.9999590067612127;0.9999999999999999;1.0;0.9999680933535525;0.9999870905145491;1.0;0.9999587594767521;0.999999590044049;1.000155556853846;0.999976020316701;1.0;0.9999948281055753;0.9997746896614775;0.9998371140172578;1.0;0.9999025675440569;0.9999754972487396;0.9997057509546782;0.9996531805499284;0.9999072212416724;1.0;0.9999896853204289;1.0001341856494008;0.9999793087544931;0.9999803359516718;0.9999648881624694;0.9999980823584348;1.024999976158142;
2016-12-28 03:45:00;1.0;0.9999930746361593;0.9999718655739265;0.9999951774321024;0.9999905244380624;0.999991974092658;1.0;0.9999765123437339;0.9999640185727772;0.9999975127734413;0.9999846173490304;1.0;0.9999980347503081;1.0;0.9999652580161743;0.9999672681809466;0.9999677875430043;1.0;1.0;0.9999706097169525;0.9999892334089224;1.0;0.9999676097554995;0.9999997352471431;1.0001562803238966;0.9999789839279426;1.0;0.9999951173183218;0.9997643863163485;0.9998305163576172;1.0;0.9998952890160573;0.9999766844083375;0.9996924584506631;0.9996390501883498;0.9998944007095428;0.9999999999999999;0.9999900664615022;1.0001348747176004;0.9999802951143842;0.9999831782007877;0.9999673269223458;0.9999984427816396;1.024999976158142;
2016-12-28 04:00:00;1.0;0.9999927852617398;0.9999723201128521;0.9999949380082619;0.9999909762319865;0.9999921388862293;1.0;0.9999727851162226;0.9999657530840341;0.9999975100501656;0.9999841687040948;1.0;0.9999982671250028;1.0;0.9999563448873147;0.9999584377270923;0.9999592169593777;0.9999999999999999;1.0;0.9999714684035995;0.9999897903137337;1.0;0.9999589822427181;0.9999995676156799;1.000155838718337;0.9999792106677458;1.0;0.9999952028148756;0.9997722440716375;0.9998369635470167;1.0;0.9998982197148109;0.9999776402090081;0.9997012984993026;0.9996508567623494;0.9998972037578191;1.0;0.9999884785248686;1.000134380910617;0.9999810999207507;0.9999836926428254;0.9999682373130502;0.9999985503684349;1.024999976158142;
2016-12-28 04:15:00;1.0;0.9999926406152914;0.9999555555448233;0.9999914450850774;0.9999853726448309;0.9999864898095959;0.9999999999999999;0.9999578884434301;0.9999434701758914;0.9999963281308207;0.9999747523716985;1.0;0.9999981356647588;1.0;0.9999367780989644;0.9999389122317703;0.9999399096937213;1.0;1.0;0.9999536557816775;0.9999844221471716;1.0;0.9999396148138152;0.9999994142822517;1.0001565886827515;0.9999671146000076;1.0;0.9999919078543739;0.9997713254656907;0.9998344135742249;1.0;0.9999134352219855;0.9999644479406214;0.9997246538468848;0.9996704331932807;0.9999270090403388;1.0;0.9999896853204289;1.0001349436579205;0.9999700201097133;0.9999746366729495;0.9999481927744213;0.9999984684547221;1.024999976158142;
2016-12-28 04:30:00;1.0;0.9999856258927112;0.9999709855486931;0.9999955485413132;0.9999907831935609;0.9999933276305307;1.0;0.9999695259030899;0.9999665367704313;0.9999968731821378;0.9999833221178461;1.0;0.9999961745311452;0.9999999999999999;0.9999443134411581;0.9999484608692464;0.9999496374617821;0.9999999999999999;1.0;0.9999705743156342;0.9999867717083846;0.9999999999999999;0.9999492524159488;0.9999993883618604;1.0001548670200218;0.999976516805901;1.0;0.9999956568812864;0.9997674551629261;0.9998394886559079;0.9999999999999999;0.9999062485032179;0.9999759904426633;0.9997302305693578;0.9996876238722787;0.9999016489154311;1.0;0.9999892724926028;1.000133303354187;0.9999795994529409;0.9999803025602774;0.9999679091992404;0.9999969128586197;1.024999976158142;
2016-12-28 04:45:00;1.0;0.9999919898587587;0.9999654625893141;0.9999939857666651;0.9999882836312657;0.9999899530788005;1.0;0.999971748692637;0.9999554501228809;0.9999969690970072;0.9999811511739531;1.0;0.9999979610748703;1.0;0.9999591703441013;0.9999614922385965;0.9999620820522669;1.0;1.0;0.999963988878507;0.999987493121835;1.0;0.9999618877828289;0.9999997095063264;1.0001562186315347;0.9999747750201288;1.0;0.9999939092530828;0.9997762986798197;0.9998435835216627;1.0;0.9999071810243799;0.9999712916108;0.999735003214482;0.999690972844672;0.9999012006492957;1.0;0.999989685320429;1.000134777222829;0.9999757428950472;0.999980122504457;0.9999597887726375;0.9999983279467762;1.024999976158142;
2016-12-28 05:00:00;1.0;0.9999915575738938;0.999980491333847;0.999996692026347;0.9999936931843195;0.9999950448737394;1.0;0.9999798299638037;0.9999769393738834;0.9999979493258534;0.9999886875972183;1.0;0.9999983715747116;1.0;0.9999644976872247;0.9999669501249406;0.9999676932057594;1.0;0.9999999999999999;0.9999804806400174;0.9999928769947943;1.0;0.9999674764785198;0.9999996265742708;1.0001539075506753;0.9999855340354998;1.0;0.9999968495244783;0.9997640261091308;0.9998354452651615;1.0;0.999901411821671;0.9999838631308197;0.9997210632708573;0.9996754147275384;0.9998933443630283;1.0;0.999989685320429;1.000132700919948;0.9999862994100709;0.9999886382427249;0.999978266258709;0.9999985217621449;1.024999976158142;
2016-12-28 05:15:00;1.0;0.9999930025866856;0.9999730711116511;0.9999948448739453;0.9999914680405997;0.9999923709263999;1.0;0.999970436386734;0.9999675215242193;0.9999975805386438;0.9999841008094411;1.0;0.9999983590460677;0.9999999999999999;0.9999505757300657;0.9999526082044038;0.9999535523179477;1.0;1.0;0.9999723990747305;0.9999900201099384;0.9999999999999999;0.9999532779091691;0.999999450078093;1.0001539165983773;0.9999794098387478;0.9999999999999999;0.9999953424607438;0.9997716570765368;0.9998377521255667;1.0;0.9999077671546865;0.9999787669847775;0.9997135444898994;0.9996643443880503;0.9999175403460687;1.0;0.9999896853204289;1.000132655322403;0.9999820570533008;0.9999839494731111;0.9999693209403319;0.9999986151391251;1.024999976158142;
2016-12-28 05:30:00;1.0;0.9999927140978179;0.9999691749117231;0.9999943433233991;0.99999000957541;0.9999912173474332;1.0;0.9999693487064215;0.9999618030737477;0.9999973155966009;0.9999823610989619;0.9999999999999999;0.9999979179657361;1.0;0.9999510388291172;0.9999531572421712;0.9999540114067256;0.9999999999999999;1.0;0.9999679773433833;0.9999880529541046;1.0;0.9999537450698683;0.9999995056840494;1.0001557958734126;0.9999763159178107;1.0;0.9999946682196941;0.9997759165828753;0.999846313428795;0.9999999999999999;0.999905368381508;0.9999753031612177;0.99972628253277;0.9996867934796637;0.9999016986873911;1.0;0.9999888913511114;1.0001343196900714;0.9999791421317428;0.9999811851700494;0.9999645054258678;0.9999983528742489;1.024999976158142;
2016-12-28 05:45:00;0.9999999999999999;0.9999900405536785;0.9999731032579238;0.9999956777440548;0.9999914428306268;0.9999933041952426;1.0;0.999972773075985;0.9999680314210926;0.9999973926983996;0.9999847430546308;1.0;0.9999966174813036;1.0;0.9999530238189335;0.9999559184864178;0.9999568115282894;1.0;1.0;0.9999720212901103;0.999987141756205;1.0;0.9999564982343563;0.9999994985533566;1.0001571526976711;0.9999776511489287;1.0;0.9999957781144284;0.9997681116442331;0.9998427482062762;1.0;0.9999070690553282;0.9999781949799662;0.9997355939543145;0.9996974223072496;0.9999004750244375;1.0;0.9999892724926028;1.0001354574047918;0.9999815296538747;0.999981051396801;0.9999695935090844;0.9999974547662436;1.024999976158142;
2016-12-28 06:00:00;1.0;0.9999929316754105;0.9999742306055135;0.9999957641026722;0.99999204398515;0.9999934818409574;1.0;0.9999723913736374;0.9999693876630836;0.9999977887332947;0.9999853080183095;1.0;0.9999961882088872;1.0;0.9999530077635986;0.9999550657530117;0.9999558946024073;1.0;1.0;0.9999723575185017;0.9999855927875095;1.0;0.9999555705769048;0.9999994611211984;1.0001603995978083;0.9999766454257524;1.0;0.9999959788287073;0.9996676176654509;0.9997874530435389;1.0;0.9999058569824671;0.9999799064604494;0.9997367893234755;0.9997013448453609;0.9998959884666724;1.0;0.9999888913511111;1.0001383485290343;0.9999830360190715;0.9999794669817106;0.9999704743858143;0.999997419339452;1.024999976158142;
2016-12-28 06:15:00;1.0;0.9999904027741092;0.9999331468057338;0.9999877618813623;0.9999771694091356;0.9999792987142994;0.9999999999999999;0.9999477945214621;0.9999117576204227;0.9999945262934793;0.9999637986588691;0.9999999999999999;0.999997181478491;1.0;0.9999309750791477;0.9999337679224589;0.9999345422232027;1.0;1.0;0.9999294441275025;0.9999765210374538;1.0;0.999934278625988;0.999999592378643;1.0001723111463576;0.9999515395564431;0.9999999999999999;0.999987613925702;0.9996586291291591;0.9997815502564972;0.9999999999999999;0.9999017568746776;0.9999450018650128;0.9997408180664079;0.9997045794955455;0.9998809450654097;1.0;0.9999884785248685;1.000148604143982;0.9999536284466238;0.9999622311076758;0.9999210287236433;0.9999977881215152;1.024999976158142;
2016-12-28 06:30:00;1.0;0.9999906183729523;0.9999444054070206;0.9999895449391307;0.9999812467392785;0.9999829045889571;1.0;0.9999525981168668;0.999927866897964;0.9999953185257316;0.9999691696200939;1.0;0.9999980392399971;1.0;0.9999328298915039;0.999935555884907;0.9999365053318084;1.0;1.0;0.9999420524650374;0.9999816060878262;0.9999999999999999;0.9999362273724746;0.9999994929677235;1.0001717757109367;0.9999602631773022;1.0;0.9999897379623874;0.999645764171993;0.9997659384772816;1.0;0.9998899654636203;0.9999545860933;0.9997041343191801;0.9996558178934087;0.999870518645952;1.0;0.9999892724926028;1.0001480628417396;0.9999616846248629;0.9999696764662557;0.9999348934238628;0.9999982741433314;1.024999976158142;
2016-12-28 06:45:00;1.0;0.9999885211814826;0.9999419603601533;0.9999890187889598;0.9999806941315665;0.9999824978270767;1.0;0.9999469913425099;0.9999260432909699;0.9999949768755247;0.9999672692749811;1.0;0.9999976949973733;1.0;0.99992065721619;0.9999239842112431;0.9999252519731159;1.0;1.0;0.9999398891773704;0.9999805785989493;0.9999999999999999;0.9999248880716919;0.9999993083817162;1.0001738371593782;0.9999580887789407;1.0;0.9999894314782813;0.9996424410991541;0.9997465062672285;0.9999999999999999;0.9998731640180285;0.9999529020690663;0.9996532126054817;0.9995787788313567;0.9998546957439893;1.0;0.9999880973849139;1.000149691706884;0.9999602410617242;0.9999680002441687;0.999932562261405;0.9999979419557209;1.024999976158142;
2016-12-28 07:00:00;1.0;0.9999896056534143;0.9999525643594855;0.9999914336996675;0.9999840574106298;0.9999859886004868;1.0;0.9999592744839318;0.9999392177930276;0.999995835256448;0.9999737450244336;1.0;0.9999975480314858;1.0;0.9999400964500587;0.9999431118601385;0.9999440218430568;0.9999999999999999;1.0;0.9999506789295641;0.9999832940169361;1.0;0.9999437399678099;0.9999995277065906;1.0001755206938887;0.9999654550144735;1.0;0.9999915048052521;0.9995177928834869;0.999681146305415;0.9999999999999999;0.999877615553081;0.9999609949825292;0.99966739529205;0.9996014118295485;0.999858356209701;0.9999999999999999;0.9999892724926028;1.0001513110993168;0.9999670532777337;0.9999730978956549;0.9999448359621479;0.9999979358336683;1.024999976158142;
2016-12-28 07:15:00;1.0;0.9999398244393732;0.9998903268215665;0.9999839419272196;0.9999616793611358;0.999972715547191;1.0;0.9999202054771753;0.9998644354781266;0.999986658876308;0.9999411351876334;1.0;0.9999915688913114;1.0;0.9998672932289361;0.9998847697981981;0.9998875191523819;1.0;1.0;0.9998920591870374;0.9999665693719313;1.0;0.9998867453398166;0.9999992185251332;1.0002030081435915;0.9999279743714196;1.0;0.999981914778156;0.9995000209329787;0.9996654683554961;1.0;0.9998189587902196;0.9999016313778977;0.9994774187260466;0.9994059639017744;0.9998115727377338;0.9999999999999999;0.9999892724926028;1.0001735908230198;0.9999161978531509;0.999944965614861;0.9998779275703822;0.9999912044517998;1.024999976158142;
2016-12-28 07:30:00;1.0;0.9999467549332548;0.9999274933235386;0.9999906270413851;0.9999744293155475;0.9999841338934822;1.0;0.9999474658327406;0.999913286654111;0.9999900532300051;0.9999610418975464;1.0;0.9999933735534677;1.0;0.9999032357846189;0.9999186764462967;0.9999210207557234;0.9999999999999999;1.0;0.9999311783247911;0.9999797415129249;1.0;0.9999203887654861;0.9999993967158639;1.0001948348175094;0.9999548262518356;1.0;0.9999889319624996;0.9994655721487555;0.999645990134021;1.0;0.9997843772832216;0.9999325856360002;0.9993314492658198;0.9992613083336183;0.9998069612596779;1.0;0.9999892724926027;1.0001667919371429;0.9999423289029055;0.9999660182179794;0.9999216244608915;0.999992680159472;1.024999976158142;
2016-12-28 07:45:00;1.0;0.9999824507344138;0.9999298012628784;0.9999873019888194;0.9999765088339626;0.9999795159853068;1.0;0.9999381522680257;0.999910992765624;0.9999935752245063;0.999960826786019;1.0;0.9999963687129244;0.9999999999999999;0.9999062036399194;0.9999112897358648;0.9999128275618273;0.9999999999999999;1.0;0.99992755218167;0.9999758065928764;1.0;0.999912370105827;0.9999992172399969;1.0001918420602227;0.9999492333100561;1.0;0.9999874656370805;0.9994523672477654;0.9996413680566416;0.9999999999999999;0.9998301626928248;0.9999421820128691;0.999526097538834;0.9994592544817614;0.9998121234855191;1.0;0.999988891351111;1.0001650758690448;0.999951124000537;0.9999607357206888;0.9999188848287495;0.9999967946987629;1.024999976158142;
2016-12-28 08:00:00;0.9999999999999999;0.9999880897420179;0.9999431416358743;0.9999896553703997;0.9999810039241532;0.9999831731879454;1.0;0.9999502905839153;0.9999273441131902;0.9999950457204373;0.9999684192449884;1.0;0.9999969133442804;0.9999999999999999;0.9999264420148034;0.9999299028118486;0.999931023382387;1.0;1.0;0.9999407056285151;0.9999794337455918;1.0;0.9999306706798821;0.9999993938963213;1.0001881058831301;0.9999580285997418;1.0;0.9999897992263286;0.9994565143966389;0.999642381181148;1.0;0.999846448316254;0.9999535430792322;0.999598036632065;0.9995287013210895;0.9998121180176606;1.0;0.9999884785248685;1.0001620971838103;0.9999607728487163;0.9999671128473303;0.9999338381134716;0.9999974810364262;1.024999976158142;
2016-12-28 08:15:00;0.9999999999999999;0.9999865726902138;0.999880456433578;0.9999775688313269;0.9999587965720095;0.9999616802988568;0.9999999999999999;0.9999117746866927;0.9998400594223347;0.9999901790035451;0.9999357915259627;1.0;0.9999964229357862;1.0;0.9998909424053445;0.9998948453220335;0.9998958161948894;1.0;1.0;0.9998734712107615;0.9999601052058339;1.0;0.9998954900668567;0.9999995174194622;1.0002093071134346;0.9999150459442694;0.9999999999999999;0.9999770347158949;0.9994605944715698;0.9996396321595371;1.0;0.9998283531200004;0.9999014531767548;0.999551305768377;0.9994757402857115;0.9997897401316344;1.0;0.9999884785248686;1.0001804388127986;0.9999169631810833;0.9999347363440506;0.9998579222339115;0.9999971063932653;1.024999976158142;
2016-12-28 08:30:00;1.0;0.9999884499806408;0.999921390505572;0.9999856372482214;0.9999730900952299;0.9999756120008443;1.0;0.9999396279288905;0.9998961025551146;0.9999934764464358;0.9999575691363167;0.9999999999999999;0.999996682442963;1.0;0.9999208937084412;0.9999242462992632;0.9999251098057783;1.0;0.9999999999999999;0.9999170352297082;0.999972487366836;1.0;0.999924813186138;0.9999995561913166;1.0002116505694918;0.9999431771656193;0.9999999999999999;0.9999853624062105;0.9993622974534976;0.9995003842583434;1.0;0.9997353886452277;0.999935161465827;0.9991958160245855;0.9989987467978728;0.9997525420320051;1.0;0.9999759833821509;1.0001825662389203;0.9999453250580502;0.9999557230185747;0.9999071249608061;0.9999973800015852;1.024999976158142;
2016-12-28 08:45:00;0.9999999999999999;0.9999873646234715;0.9999160380582325;0.9999845319162234;0.9999723057332138;0.9999747589527733;1.0;0.9999255917510883;0.9998923168796763;0.9999931280985926;0.9999534805340567;1.0;0.999994403341306;1.0;0.9998919470224068;0.999895607905435;0.9998970941320539;1.0;1.0;0.9999106859427945;0.9999656574376684;1.0;0.9998965587199603;0.9999990690245061;1.0002081064319142;0.9999344316558325;1.0;0.9999847983962014;0.9994144557202466;0.9995612327736124;1.0;0.9997576454651724;0.9999327298511256;0.9992588910869553;0.999106673212891;0.9997762661420307;1.0;0.9999755702672696;1.0001792763313577;0.9999433142210558;0.9999469511475216;0.9999013909422023;0.999996057378191;1.024999976158142;
2016-12-28 09:00:00;1.0;0.9999822340045271;0.9999188860480399;0.9999852307579641;0.9999730618629702;0.9999761609339252;1.0;0.9999277104101825;0.9998970372519437;0.9999928147672216;0.9999547561079659;0.9999999999999999;0.9999952437078179;1.0;0.999891182927877;0.9998963326286803;0.9998980425626158;1.0;0.9999999999999999;0.9999154047498493;0.9999699689096223;1.0;0.9998975008682965;0.9999990636629025;1.0002058394356965;0.9999394501706704;0.9999999999999999;0.9999854713976668;0.9994266270893534;0.9995588564733048;0.9999999999999999;0.9997513562059415;0.9999339174726875;0.9992417907087929;0.9990756451911813;0.999769010554717;1.0;0.9999759833821511;1.0001771279487008;0.9999441953857149;0.9999522819672841;0.9999058323833806;0.9999961625608107;1.024999976158142;
2016-12-28 09:15:00;1.0;0.9999844058121649;0.999901277296952;0.999982959325099;0.9999676675709123;0.9999714945862885;0.9999999999999999;0.9999150421221824;0.9998738020851337;0.999991993485017;0.9999463314369169;0.9999999999999999;0.9999898799239847;1.0;0.999876481747564;0.9998810177763141;0.9998825732071658;1.0;1.0;0.999892992657481;0.9999520257906658;0.9999999999999999;0.9998818664258821;0.9999989425985908;1.0002163389521381;0.9999173230318567;1.0;0.9999827279266899;0.9994252444828841;0.9995547526673599;1.0;0.9997374310652537;0.9999210117743816;0.9992135163381308;0.9990435423251623;0.9997465484674335;0.9999999999999999;0.9999764383062482;1.000186394371766;0.9999334611984264;0.9999295849528413;0.9998837369741409;0.9999933693676206;1.024999976158142;
2016-12-28 09:30:00;1.0;0.9999819506946189;0.9999059781968928;0.9999835834059669;0.9999693189306574;0.999973095235333;1.0;0.9999160425901374;0.999881214039361;0.9999920201585497;0.9999482086679398;1.0;0.9999909836844068;1.0;0.999873520107561;0.9998787751481552;0.9998805911324041;1.0;1.0;0.9998993292814029;0.9999565252389778;1.0;0.99987986784847;0.9999988541975446;1.000219258710979;0.9999228681210891;1.0;0.9999835816124785;0.9994124276989539;0.9995434725091139;1.0;0.9997091540717127;0.9999246182019214;0.9991133903565025;0.9989391943749332;0.9997298449613314;1.0;0.999974543047552;1.0001887549400499;0.9999364324523272;0.9999352765735301;0.9998901359333676;0.999993802556244;1.024999976158142;
2016-12-28 09:45:00;1.0;0.9999836098129679;0.9999086197329516;0.9999841146556678;0.9999707779988056;0.9999743162320662;1.0;0.9999136416175715;0.9998859771055373;0.9999924923593464;0.9999492582616611;1.0;0.9999895777016824;1.0;0.9998664433449209;0.999871205034085;0.9998731666299217;1.0;1.0;0.9999011354447086;0.9999534881818388;1.0;0.9998723478193037;0.9999986656679266;1.0002135991024856;0.9999211714792172;1.0;0.999984356626652;0.9994567062616466;0.9995927487960962;1.0;0.9997534272245361;0.9999280181399613;0.9993183733502413;0.9991786443023103;0.999723342898236;1.0;0.999975877635789;1.0001838601582855;0.9999393526090923;0.9999322849810917;0.9998931976131761;0.9999931497826186;1.024999976158142;
2016-12-28 10:00:00;1.0;0.9999822366186131;0.9998887449741417;0.9999796596727264;0.9999622725952413;0.9999658470529903;1.0;0.999911610168896;0.9998544126388424;0.9999905507640281;0.9999395495315565;1.0;0.9999945378693257;1.0;0.9998798322116477;0.9998849916015411;0.9998864452753161;1.0;1.0;0.9998825312742519;0.9999594928617428;1.0;0.9998859435675137;0.9999992203297478;1.0002158445843554;0.9999180683142358;1.0;0.9999793573993826;0.9994289215447144;0.9995530953939115;1.0;0.999752715706043;0.9999087042761499;0.9992773801983323;0.9991012849475281;0.9997490501325285;1.0;0.9999769789522027;1.0001858757342321;0.9999230042545408;0.9999355287878146;0.9998689933720911;0.999995773297326;1.024999976158142;
2016-12-28 10:15:00;1.0;0.9999773956269357;0.9999159554527384;0.9999857372369304;0.9999721610615704;0.9999765693570692;1.0;0.999927218899371;0.9998944017156751;0.999992228890711;0.9999538044266234;1.0;0.9999925945315561;1.0;0.999887968156983;0.9998945336544242;0.9998963074590125;1.0;1.0;0.9999118028104248;0.9999646819832262;1.0;0.9998956719605615;0.9999990445425009;1.0002111711620052;0.999934498986032;0.9999999999999999;0.9999854962520578;0.9994173213942843;0.9995485685403225;1.0;0.9997283747530112;0.99993093842777;0.9991460173764933;0.9989731517005328;0.999765170719075;1.0;0.9999768191385615;1.0001816760022524;0.9999416186453559;0.9999462457294583;0.9999028609746616;0.9999943721815142;1.024999976158142;
2016-12-28 10:30:00;0.9999999999999999;0.9999749385955456;0.9999321360671461;0.9999890996624651;0.9999767807331108;0.999981636418535;1.0;0.9999469681625789;0.9999143373559813;0.9999930428372449;0.9999632895610034;1.0;0.9999949199661647;1.0;0.9999182752107498;0.9999255535339068;0.9999269487437332;0.9999999999999999;0.9999999999999999;0.9999306649008326;0.9999758868680566;0.9999999999999999;0.9999265053611943;0.9999994430986908;1.0002099486610263;0.9999516217151944;1.0;0.9999884242162214;0.9993920985291987;0.9995316588437917;0.9999999999999999;0.9996974386861557;0.9999418422036519;0.9990244445790976;0.9988496071692257;0.9997550732054052;1.0;0.9999773917673769;1.0001806897958485;0.9999506803616163;0.9999617842466292;0.9999224720541022;0.9999954759593859;1.024999976158142;
2016-12-28 10:45:00;1.0;0.9999783354202171;0.9999201348464062;0.9999862164660037;0.9999728651953694;0.9999770384366418;0.9999999999999999;0.9999354042721489;0.9998977400436612;0.9999925212412248;0.9999564096357999;1.0;0.9999952326082153;1.0;0.9999047920242587;0.9999110873279348;0.9999125538469332;1.0;1.0;0.9999173602917237;0.999971824023746;1.0;0.9999120899009439;0.9999993259379288;1.0002072984448191;0.9999424544178572;1.0;0.9999858634766279;0.9994239038853284;0.9995449771051503;0.9999999999999999;0.9997082662325051;0.9999330876871919;0.9990557464222627;0.9988720668723067;0.9997661125490546;1.0;0.9999775393227162;1.000178419884995;0.999943399023419;0.999954927578722;0.9999075819896268;0.9999958826337728;1.024999976158142;
2016-12-28 11:00:00;1.0;0.9999760953350757;0.9999284968325729;0.9999882716869815;0.9999753061987611;0.9999800113538745;1.0;0.9999463815866945;0.9999083923740127;0.9999928486072404;0.9999615740368539;0.9999999999999999;0.9999955322231725;0.9999999999999999;0.9999210907715017;0.999928035058901;0.999929282737333;0.9999999999999999;0.9999999999999999;0.9999267664266619;0.9999758662689429;1.0;0.9999288945794488;0.9999995431560595;1.0002114980023418;0.9999500750965028;1.0;0.9999875142191734;0.9994081920905415;0.9995483857536448;1.0;0.9996453697071152;0.9999386506829059;0.9987986508656159;0.9986364746676814;0.9997520990106039;1.0;0.9999773917673769;1.0001820958405978;0.999948009685134;0.999961129521002;0.9999177688026502;0.9999958921515517;1.024999976158142;
2016-12-28 11:15:00;1.0;0.9999834617022985;0.999919830249112;0.9999856730469112;0.9999726326013024;0.9999759186340944;1.0;0.9999368635523727;0.9998955861621842;0.9999929257356551;0.9999564518233193;0.9999999999999999;0.9999961622589095;1.0;0.9999123195283771;0.9999171097650947;0.9999182760947963;1.0;1.0;0.9999162910667238;0.9999722767346303;1.0;0.9999179023441891;0.9999994442002224;1.000226022523685;0.9999424728026591;1.0;0.999985376875569;0.9993789579585698;0.9994986855017213;1.0;0.9995258626577359;0.9999333532147017;0.9983851038619852;0.998180282275206;0.9996748341798399;1.0;0.9999837661072323;1.0001948031378254;0.9999437138112686;0.9999552758018071;0.9999062233706053;0.9999967519173567;1.024999976158142;
2016-12-28 11:30:00;1.0;0.9999910523883216;0.9999327689007536;0.9999870846105275;0.9999773861220728;0.9999789050074559;1.0;0.99994239252195;0.9999123325521991;0.9999945165595988;0.9999626676697932;1.0;0.9999978605945301;1.0;0.9999198248004505;0.9999224267355241;0.9999234979381911;1.0;1.0;0.9999295030189492;0.9999775132291839;0.9999999999999999;0.9999231807710371;0.9999993896517427;1.0002083542717004;0.9999515358639953;1.0;0.999987398603942;0.9994277335278;0.9995626818013512;1.0;0.9996338627832689;0.9999455541334606;0.998750816191856;0.9985930048886045;0.999749934877475;1.0;0.9999831707557373;1.0001796593277548;0.9999541109587858;0.9999629751038928;0.9999208763564451;0.9999982054003965;1.024999976158142;
2016-12-28 11:45:00;0.9999999999999999;0.9999267490282865;0.9999060449417002;0.999988012386517;0.9999673693285437;0.9999802925050902;1.0;0.9999275741227661;0.9998903834783787;0.9999865801836502;0.9999489167980412;1.0;0.9999901389535427;1.0;0.9998609580477896;0.9998822392766444;0.9998857090039756;1.0;1.0;0.9999112460324463;0.999971902068197;0.9999999999999999;0.9998847506385288;0.9999989755487211;1.0002198290766011;0.9999397762701011;1.0;0.9999858816674612;0.9993948722105609;0.9995307476199672;0.9999999999999999;0.9996761812996958;0.9999130139005573;0.9989342672491259;0.9987559114307911;0.9997523850923713;1.0;0.9999829688261397;1.0001876657460211;0.9999255162254724;0.9999538726024155;0.9998994839332745;0.9999895114858973;1.024999976158142;
2016-12-28 12:00:00;1.0;0.9999401880279566;0.9999230203989026;0.9999903445111437;0.9999729617483796;0.9999837561363664;1.0;0.9999435697076067;0.9999091638275607;0.9999890742927126;0.9999585737215727;1.0;0.9999922459955329;0.9999999999999999;0.999893041050193;0.9999104228877371;0.999913084944964;1.0;1.0;0.9999273269530761;0.9999778550415671;1.0;0.9999123572802631;0.9999992932380259;1.0002138009226242;0.9999516743096951;1.0;0.999988434235829;0.9994262854673361;0.9995390680722551;1.0;0.9996630860034114;0.9999281570697378;0.9988790112271715;0.9986863649208626;0.9997506809734655;0.9999999999999999;0.9999853731252859;1.0001829730277894;0.9999384832776423;0.9999632888199537;0.9999174140193646;0.9999915976667546;1.024999976158142;
2016-12-28 12:15:00;1.0;0.999968797396659;0.9998857794569803;0.999979696724739;0.9999606900981959;0.9999660991982625;1.0;0.9999117969926823;0.9998525045563448;0.9999888545467627;0.9999377917906388;1.0;0.9999955555220349;1.0;0.9998738105165789;0.9998828731169866;0.9998847983912074;1.0;1.0;0.9998829546262799;0.9999649860489446;1.0;0.9998842665738616;0.9999992410481813;1.0002278487298382;0.9999220712906655;0.9999999999999999;0.9999789949457991;0.9994315832801677;0.999543323375223;1.0;0.9995956860662605;0.9999033961063309;0.9986092651087952;0.9984211916394673;0.9997317260142258;1.0;0.9999888913511111;1.0001958152613004;0.9999182468266711;0.9999413250817367;0.9998678196723848;0.9999953987674087;1.024999976158142;
2016-12-28 12:30:00;1.0;0.9999879450575285;0.9999091740875945;0.9999823950970628;0.9999693005330078;0.9999712014368628;1.0;0.9999234659484576;0.9998811334306228;0.9999924754784874;0.9999496250999169;1.0;0.9999977574907787;0.9999999999999999;0.9998947905549842;0.999898292586285;0.9998996807378838;0.9999999999999999;1.0;0.9999050316989928;0.9999710260546075;1.0;0.9998992908806034;0.9999992383653875;1.0002232164795941;0.9999356960885594;1.0;0.9999827547388589;0.9993839121060717;0.9995029607400121;1.0;0.9995860798156548;0.9999261741703536;0.9986238753835868;0.9984177166153719;0.9996930505311766;1.0;0.9999900664615025;1.0001923294389055;0.9999377691806252;0.9999515240180205;0.9998930796717703;0.9999979339691331;1.024999976158142;
2016-12-28 12:45:00;1.0;0.9999883790698949;0.9999314539726183;0.9999869422543777;0.99997720520037;0.9999790492315451;1.0;0.9999382105600745;0.9999121178307294;0.9999942103794366;0.9999615089230919;1.0;0.999997229698651;1.0;0.9999093661741947;0.9999127442350245;0.9999141135280506;1.0;0.9999999999999999;0.9999284938516914;0.9999763795348016;1.0;0.9999137074699872;0.9999992240472682;1.0002203133320655;0.9999499026582288;1.0;0.999987390553245;0.9993755222044978;0.9994753929641927;1.0;0.9995687018699695;0.9999446465704666;0.99857030754909;0.9983312031107836;0.9996774773710904;1.0;0.9999880973849139;1.0001898521372155;0.9999533090050138;0.9999614449028204;0.9999199547435457;0.9999976743506767;1.024999976158142;
2016-12-28 13:00:00;1.0;0.9999896056534145;0.9999390532128254;0.9999887989169124;0.9999795738873166;0.9999815855731803;0.9999999999999999;0.9999479387154268;0.9999212399889051;0.9999949048428597;0.9999663638646865;1.0;0.999996842935796;1.0;0.9999256196599489;0.9999286350263725;0.9999296645589616;1.0;1.0;0.9999359176067647;0.999977614958901;1.0;0.9999293264421707;0.999999418640257;1.0002079116988871;0.9999547054783824;1.0;0.999988922266059;0.9994106744406792;0.9995200749168218;1.0;0.9996412670592215;0.9999504013440637;0.9987896982143047;0.9985822643416773;0.999745799059916;1.0;0.9999908604325448;1.00017928988499;0.9999581644182767;0.9999643640238381;0.9999285699461745;0.9999975489893702;1.024999976158142;
2016-12-28 13:15:00;1.0;0.99998946269447;0.9999354291120419;0.9999869657036675;0.999979522498665;0.9999804807227977;1.0;0.999930138441849;0.9999203818257991;0.9999946328522101;0.9999619700117446;1.0;0.99999700071079;1.0;0.9998883758467787;0.9998914389469455;0.9998934031843197;1.0;0.9999999999999999;0.9999328279471666;0.9999762515647674;0.9999999999999999;0.9998928320121442;0.9999987713513981;1.0002132389938652;0.9999503813675686;1.0;0.9999882550910165;0.99935387968898;0.9994458738164455;1.0;0.999618396042182;0.9999499451237664;0.9986777016883022;0.998407660554155;0.999753156721949;1.0;0.9999900664615025;1.0001835203344496;0.9999578152008389;0.999961544977367;0.9999253226073133;0.9999976241442837;1.024999976158142;
2016-12-28 13:30:00;1.0;0.999984981329462;0.9999443154937514;0.9999895476678852;0.9999818188289176;0.9999839585863511;1.0;0.9999446559313734;0.9999312506662315;0.9999948323605585;0.9999678831463903;1.0;0.9999972554014681;0.9999999999999999;0.9999107152012228;0.9999150729376688;0.9999167192798175;1.0;1.0;0.9999431524550297;0.999981210933972;1.0;0.9999162566042031;0.9999991091283094;1.0002070215092582;0.9999594656860076;1.0;0.9999901605504108;0.9993948883021463;0.9994912368603257;1.0;0.9996315333166942;0.9999549327511565;0.9987506661336087;0.9985135105525288;0.9997430909186048;1.0;0.999990860432545;1.0001781902473879;0.9999618899883181;0.9999690477313674;0.9999363159403065;0.9999974544686832;1.024999976158142;
2016-12-28 13:45:00;1.0;0.9999859948740285;0.9999480245689154;0.9999894024307031;0.9999839638621753;0.9999851354059646;0.9999999999999999;0.9999367120452846;0.9999389885243817;0.999995186118891;0.9999681585111234;1.0;0.9999975241947048;1.0;0.9998903804693516;0.9998944519924451;0.9998966905248331;0.9999999999999999;0.9999999999999999;0.9999474933044499;0.9999821380873197;1.0;0.9998960820457218;0.9999986785390386;1.0002111808509342;0.9999606754848198;1.0;0.9999908702908521;0.9994039404253605;0.9995037624460504;1.0;0.9996251336730799;0.9999598775024018;0.9988069202382934;0.9985832089972037;0.9996859573911281;0.9999999999999999;0.9999896853204289;1.0001815648753725;0.9999660893651736;0.9999702475907737;0.9999413994031914;0.9999976701976903;1.024999976158142;
2016-12-28 14:00:00;1.0;0.9999863551568043;0.9999246014150587;0.999981696784823;0.9999794945225475;0.9999777178248123;1.0;0.9998754036590254;0.99991891588407;0.9999936037617844;0.9999486308609838;1.0;0.9999969309774702;1.0;0.9997715601463767;0.9997755230023372;0.9997804724078629;1.0;1.0;0.9999239661864068;0.9999717054878824;1.0;0.9997791463116618;0.9999967433169915;1.0002190141774112;0.9999371185734378;1.0;0.999986484555164;0.9994201906572543;0.9995219724453243;1.0;0.9995995217531644;0.9999484407250173;0.9986414724488726;0.9984305363679461;0.9997212569723317;1.0;0.9999908604325448;1.0001872754875178;0.9999566102465816;0.9999526270712944;0.9999161670365735;0.9999973709088229;1.024999976158142;
2016-12-28 14:15:00;1.0;0.9999520361485351;0.999890259094105;0.9999786353179138;0.9999672282621366;0.9999719169861805;1.0;0.9998550554173126;0.9998795391222203;0.9999878830798533;0.9999311011440231;1.0;0.9999912438073573;1.0;0.9997282560040764;0.9997421902118014;0.9997483259966132;1.0;1.0;0.9998917734594662;0.9999592192221831;0.9999999999999999;0.9997466243186329;0.9999965373703077;1.0002322290044237;0.9999144871396904;1.0;0.9999817596441956;0.9993934411467337;0.9994933981488928;0.9999999999999999;0.9995983796260363;0.9999147578297047;0.9986307865658655;0.9983998850557966;0.999725056575222;1.0;0.9999884785248686;1.0001977287186603;0.9999276536645594;0.99993383867056;0.9998802345497597;0.9999918719862757;1.024999976158142;
2016-12-28 14:30:00;1.0;0.9999799261685601;0.999921474811908;0.9999860590994036;0.9999748994568788;0.9999783112766338;1.0;0.9999215749747893;0.9999040054201176;0.9999929259864425;0.9999553156236202;1.0;0.9999925614295619;0.9999999999999999;0.9998722708623194;0.9998781079045646;0.9998803342189839;1.0;1.0;0.99991751289758;0.9999650874971113;1.0;0.9998795712750884;0.9999986677799504;1.000219440359142;0.9999361642243118;1.0;0.9999866157862342;0.999411602135044;0.9995126871574999;1.0;0.999599209524109;0.9999374587476874;0.9986672767339078;0.9984503178325601;0.9997028423975759;1.0;0.9999892724926027;1.0001886968572136;0.9999471752129805;0.9999472417897709;0.9999097461493822;0.9999945287743534;1.024999976158142;
2016-12-28 14:45:00;1.0;0.9999792714089213;0.999944195974868;0.9999905171089751;0.9999817600480342;0.9999852377677404;1.0;0.9999463507945945;0.9999323836592359;0.9999943583494114;0.9999683287797039;1.0;0.9999953066268203;1.0;0.9999098526256602;0.9999158612535897;0.9999176013135752;1.0;1.0;0.9999431457725682;0.9999786081356836;1.0;0.9999170657664067;0.9999991136553852;1.0002098219332933;0.9999579690008519;0.9999999999999999;0.9999906912940014;0.9994134687688436;0.999511856600338;1.0;0.9996242334235448;0.9999538948884394;0.9987719953527335;0.9985510769156959;0.9997067842351139;1.0;0.999989685320429;1.0001805147000702;0.9999609184986782;0.9999664641629096;0.999936929012617;0.9999959924001275;1.024999976158142;
2016-12-28 15:00:00;0.9999999999999999;0.9999778296270297;0.9999227488504308;0.9999855779236398;0.9999751009015618;0.9999781469037544;1.0;0.9999208047088171;0.9999059676139498;0.9999926506355187;0.9999551764891846;1.0;0.9999952849360577;1.0;0.9998692053711492;0.9998756467291041;0.9998781198894183;0.9999999999999999;1.0;0.999920999934385;0.9999721114872705;1.0;0.999877401608251;0.9999986356776219;1.000221036373984;0.9999421422560792;1.0;0.9999864641420657;0.9994203972684843;0.9995258488042462;1.0;0.9995683876563762;0.999937901867987;0.998577732592144;0.9983751775222272;0.9996713202961178;1.0;0.9999888913511114;1.0001898935242581;0.9999474754488782;0.9999550122934017;0.9999120154419702;0.9999958772186905;1.024999976158142;
2016-12-28 15:15:00;1.0;0.9999529015569423;0.9998798746425606;0.9999797432488028;0.9999592961498339;0.999967155256245;0.9999999999999999;0.999899609235175;0.9998506856122906;0.9999870440083167;0.9999335381444252;1.0;0.9999926140758252;1.0;0.9998389587935936;0.999852636767291;0.9998556710275487;1.0;0.9999999999999999;0.9998789850040924;0.9999611082071479;1.0;0.9998548102864466;0.999998744569291;1.0002309278095023;0.9999166202697026;1.0;0.999979038871555;0.9993851765591442;0.9994747367346183;1.0;0.9995979765381282;0.9998975783917567;0.998645430539959;0.9983936906152575;0.9997139007939968;1.0;0.999989685320429;1.0001978199685526;0.999913085534763;0.9999361451072705;0.9998639315794656;0.9999926849075018;1.024999976158142;
2016-12-28 15:30:00;1.0;0.9999578872546445;0.9998785366447687;0.9999797813453144;0.9999582305310032;0.9999660307114919;0.9999999999999999;0.9999066245285201;0.9998453742448605;0.9999875225974244;0.9999341981805074;1.0;0.999992720850543;1.0;0.9998595509437233;0.9998717817553391;0.999874124849787;1.0;1.0;0.999876141622348;0.9999598826042438;1.0;0.9998734252962774;0.999999113877292;1.000221396912245;0.9999156179591063;1.0;0.9999786213051185;0.9994224270828344;0.9995266310023383;1.0;0.9996637344711518;0.9998959184956553;0.9989089228415551;0.9987004318592465;0.9997321369440577;1.0;0.9999916544037752;1.0001899399664642;0.9999117728333035;0.9999348070955915;0.9998608262956679;0.9999930890942198;1.024999976158142;
2016-12-28 15:45:00;1.0;0.9999885237540952;0.9998829907671567;0.9999781541095893;0.9999598617990797;0.9999626010131532;1.0;0.9999128908892171;0.9998434742907454;0.9999906297884453;0.9999372475259972;1.0;0.999995610184205;1.0;0.9998923418928932;0.999895678552541;0.9998965813605317;1.0;0.9999999999999999;0.9998752904286199;0.999958436255557;1.0;0.9998962347750989;0.9999994942297692;1.0002229507542724;0.9999147243609006;1.0;0.9999776507145612;0.9994228066669167;0.9995252236564292;1.0;0.9996239692552764;0.9999041019752375;0.9987277290366773;0.9985176872555752;0.9997358339097842;1.0;0.9999884785248685;1.0001923206802787;0.9999192411055735;0.9999333440775242;0.9998606019576532;0.9999967970576977;1.024999976158142;
2016-12-28 16:00:00;0.9999999999999999;0.9999833939929913;0.9998525272013817;0.9999730346232095;0.9999518115933558;0.9999554072108335;1.0;0.9998720202970715;0.9998102937129036;0.9999881553860346;0.999919233697029;1.0;0.999987341894174;1.0;0.9998181899473385;0.9998230183180334;0.9998252015789074;1.0;1.0;0.9998398982669529;0.9999312943697872;1.0;0.9998242447088406;0.9999984434981114;1.0002393120103523;0.9998779667038051;1.0;0.9999730119842855;0.9994312033176225;0.9995216808781343;1.0;0.9996153909611782;0.9998832900141505;0.9987393663318747;0.9985183189136195;0.9997023747293798;1.0;0.999990479290912;1.0002059889415629;0.9999018002589015;0.999897656164225;0.999825457676414;0.9999919092121319;1.024999976158142;
2016-12-28 16:15:00;1.0;0.9999790581687922;0.9998790402600736;0.9999822377829766;0.9999653935590369;0.9999717873786323;1.0;0.9998653314402779;0.9998596870508532;0.9999908735069785;0.9999330296585244;1.0;0.9999675216054855;1.0;0.9997690582473293;0.9997751426944566;0.9997785385273453;1.0;1.0;0.9998589504153351;0.9998952736514879;1.0;0.9997765630502574;0.999997034780394;1.0002429434001787;0.9998598814209204;1.0;0.9999823131835059;0.9994248296437984;0.9995201482816449;1.0;0.9996319476711676;0.9999119315807679;0.9987807168832226;0.9985617551449182;0.9997238953778925;1.0;0.9999896853204289;1.0002089523554498;0.9999260823974758;0.9998630031962797;0.9998584394116796;0.999980745838973;1.024999976158142;
2016-12-28 16:30:00;1.0;0.9999455330062254;0.9999079251606399;0.9999877657120725;0.9999700663007848;0.9999803631888096;1.0;0.9999163135386847;0.9998936564802074;0.9999888962728225;0.9999493465211254;1.0;0.9999849452544161;0.9999999999999999;0.9998446321402567;0.9998604542831823;0.9998637568350416;1.0;1.0;0.9999064268389155;0.9999545864553389;1.0;0.9998625760359898;0.9999984763747473;1.000223741005841;0.9999246226459928;1.0;0.9999865226325458;0.9994127546410345;0.9995076456317246;1.0;0.9996497505595077;0.9999209691650749;0.9988749682413282;0.9986471374611177;0.999713301629281;1.0;0.9999892724926029;1.0001915333464364;0.9999326871112468;0.9999345392125727;0.9998987595228549;0.999987969772979;1.024999976158142;
2016-12-28 16:45:00;1.0;0.9999456064612392;0.9998678996701237;0.999982636252443;0.999960074162842;0.9999719886092281;1.0;0.9998672371098835;0.9998490543844014;0.9999865987050619;0.9999277982672431;1.0;0.99996744281884;1.0;0.9997594374131448;0.9997752424535735;0.9997795130568321;1.0;0.9999999999999999;0.9998543352023854;0.9999022988248092;1.0;0.9997774438724716;0.9999972103522298;1.0002458303197115;0.9998634819494125;1.0;0.999981191854262;0.9994479447627734;0.9995414450815455;1.0;0.9996385282343737;0.9998952958599363;0.9988329914464302;0.9986259354154031;0.999708066289221;1.0;0.9999900664615023;1.0002105083121378;0.999911386449064;0.9998697818354847;0.9998504575244405;0.9999783805033378;1.024999976158142;
2016-12-28 17:00:00;1.0;0.9999444500631183;0.9998205338700662;0.9999718527036046;0.9999419645439557;0.9999534309135879;1.0;0.9998421281867177;0.9997796918653012;0.9999826266196037;0.9999023649115456;1.0;0.9999746631240716;1.0;0.9997450343860286;0.9997611731196484;0.999765255322613;1.0;1.0;0.9998077655947046;0.9999049474073928;0.9999999999999999;0.9997635031229337;0.999997611888043;1.0002473565742107;0.9998448516741176;0.9999999999999999;0.9999703420086067;0.9994517486980731;0.9995388662578368;0.9999999999999999;0.999659055023715;0.9998536604671411;0.998946439713303;0.9987323223340379;0.9996927632681859;0.9999999999999999;0.999990479290912;1.00021172718215;0.9998762712825149;0.9998640690638092;0.999793443835657;0.9999822580437331;1.024999976158142;
2016-12-28 17:15:00;0.9999999999999999;0.9999628006439183;0.9998271177962754;0.9999703065472697;0.9999429468589632;0.9999506423373262;1.0;0.9998535137712357;0.999780451675589;0.999984613828584;0.9999057885377488;0.9999999999999999;0.999983521343088;1.0;0.9997820402154636;0.9997928451700763;0.9997959068893307;1.0;0.9999999999999999;0.9998153910120965;0.9999215478310586;1.0;0.9997946669845647;0.9999981892039647;1.0002413963783243;0.9998602527730545;1.0;0.9999695495766149;0.9993983324448189;0.9995059267902403;1.0;0.9996312416852894;0.9998594401057819;0.998806813480966;0.998589940927417;0.9997040794394726;0.9999999999999999;0.9999900664615023;1.000207158961827;0.9998813821096049;0.9998829699357138;0.9997982445022716;0.9999883876366603;1.024999976158142;
2016-12-28 17:30:00;1.0;0.9999609952126092;0.9998975924010645;0.9999844063486905;0.9999670873670722;0.9999748632690003;1.0;0.9999044178662595;0.999877061539791;0.9999897317095634;0.9999434132349895;0.9999999999999999;0.9999852211022259;1.0;0.9998373580579987;0.9998486917473123;0.9998516341121819;0.9999999999999999;1.0;0.9998921585944246;0.9999472804990218;1.0;0.9998504941954296;0.9999983718543212;1.0002253376894334;0.9999127420014553;0.9999999999999999;0.9999838728683342;0.9993648043652064;0.9994692917425857;1.0;0.9996362843335933;0.9999159395271974;0.9988069816330847;0.9985627708204415;0.9997189459027023;1.0;0.9999896853204289;1.0001933168236317;0.9999287913937502;0.9999241113750205;0.9998837681629712;0.9999891931141793;1.024999976158142;
2016-12-28 17:45:00;1.0;0.9999541260155103;0.999883553439988;0.9999846354118049;0.9999659764814902;0.9999761223013545;1.0;0.9998721922307152;0.9998699052223824;0.9999886982773396;0.9999352308938543;1.0;0.9999686964281017;1.0;0.9997641220007555;0.9997774263591905;0.9997816788930678;1.0;1.0;0.9998700965270869;0.9999070385209942;1.0;0.9997796257327584;0.9999970629803262;1.000240272612743;0.9998731546131369;1.0;0.9999840254844259;0.9993803278090742;0.9994840488500288;1.0;0.9996696364621576;0.9999102503321905;0.9989465960927049;0.9987100782340388;0.9997241741883236;1.0;0.9999884785248686;1.0002058617141862;0.9999241295811683;0.9998773622873453;0.9998682999428778;0.9999796653295715;1.024999976158142;
2016-12-28 18:00:00;1.0;0.9999483501743354;0.999880701930898;0.9999840598068078;0.9999634534269779;0.9999743993593323;1.0;0.9998813786467339;0.9998631375054564;0.9999876549791197;0.9999345410175137;1.0;0.999972949608562;1.0;0.9997851044149683;0.9998001048955684;0.9998040356355528;0.9999999999999999;1.0;0.9998703669717576;0.9999179154976017;1.0;0.999802243743829;0.9999975691645363;1.0002377452656888;0.9998818413603462;1.0;0.9999828572147593;0.9993671149856281;0.9994849068189418;1.0;0.999665869856646;0.9999042647084335;0.9988954551915601;0.9986713040575224;0.9997475814970259;1.0;0.9999888913511111;1.0002036252172344;0.9999188981628735;0.9998891642133416;0.9998654881021836;0.9999815913113487;1.024999976158142;
2016-12-28 18:15:00;1.0;0.9998472556705982;0.9998284705239578;0.9999816984207242;0.9999426240015179;0.9999702760710206;0.9999999999999999;0.9998580645439493;0.9998105785678032;0.9999738799294626;0.9999070653440516;1.0;0.9999686866509524;1.0;0.9997046797458283;0.9997489284911012;0.9997563861817718;0.9999999999999999;1.0;0.9998348566557062;0.9999237099545482;1.0;0.9997539351858785;0.9999973415687629;1.0002498992061488;0.9998706678368824;1.0;0.9999767739557951;0.999468378144823;0.9995374502600541;1.0;0.9995989665052747;0.9998421730534145;0.9986476302051209;0.9984179514489278;0.9997152846915018;1.0;0.9999924483761709;1.0002110415196166;0.9998646543305059;0.9998889074728907;0.9998196223033264;0.999972267474978;1.024999976158142;
2016-12-28 18:30:00;1.0;0.9998941484134274;0.9998479017916211;0.9999813361058778;0.9999492902059663;0.9999691086364066;1.0;0.9998743092198554;0.9998245731345674;0.9999797946126815;0.9999178098272595;0.9999999999999999;0.9999752425973101;1.0;0.9997605016671952;0.9997911718245824;0.9997965664030812;1.0;1.0;0.9998484842319959;0.9999302725703633;0.9999999999999999;0.9997946978442902;0.9999978975470097;1.0002372383781024;0.9998818128409496;1.0;0.9999779244778968;0.9994316964653701;0.9995043644998206;0.9999999999999999;0.9996373541788788;0.9998646421614508;0.9987562580129544;0.9985053855450831;0.9997564537074215;1.0;0.9999920672329303;1.0002016270047052;0.9998844166319069;0.999898477173139;0.9998348268458838;0.9999791048856879;1.024999976158142;
2016-12-28 18:45:00;1.0;0.9999628735608953;0.9998829710373713;0.9999813437937629;0.9999621996767482;0.9999697237585222;1.0;0.9998924813496405;0.9998570083226145;0.999988889126582;0.9999354223332658;0.9999999999999999;0.999984936968769;1.0;0.9998239062285056;0.9998346925454659;0.9998376762963075;0.9999999999999999;1.0;0.9998759929062089;0.9999415688087192;1.0;0.9998365078172671;0.9999982877343431;1.000221380958126;0.9999013508791907;1.0;0.999980928695471;0.9994658706070577;0.9995321313019357;1.0;0.9996430418774328;0.9999046841143194;0.9987993733178632;0.9985612019846479;0.9997443535802337;1.0;0.9999920672329302;1.0001899089588986;0.9999193809211145;0.999915099540138;0.9998658417458405;0.9999891681404673;1.024999976158142;
2016-12-28 19:00:00;1.0;0.999963446477039;0.9998672211765766;0.9999779772689766;0.9999566741251987;0.9999638425650741;1.0;0.9998831894277731;0.9998350594258815;0.9999875006196514;0.9999272164672123;1.0;0.9999850392069266;1.0;0.9998164163333104;0.9998270143881992;0.9998299103531082;0.9999999999999999;0.9999999999999999;0.9998589130787495;0.9999367572692748;1.0;0.9998287655640342;0.9999983377817232;1.00023288715051;0.9998904223806271;1.0;0.9999773217119485;0.9994836304541141;0.9995283635940002;1.0;0.9995987431632142;0.9998918684014916;0.9986217214121468;0.998363956849904;0.9997321457883518;1.0;0.9999920672329303;1.0001998696748162;0.9999086206693987;0.9999069302228207;0.9998466051369608;0.9999892691546661;1.024999976158142;
2016-12-28 19:15:00;1.0;0.9999388149126721;0.9998515988095811;0.9999770158402383;0.9999517591974862;0.9999629372883672;0.9999999999999999;0.99986649660553;0.9998216942144451;0.9999840276037237;0.9999181376472737;0.9999999999999999;0.9999807469755344;0.9999999999999999;0.9997726960961636;0.9997904734479524;0.9997947154164926;1.0;0.9999999999999999;0.9998456823011405;0.9999295989331765;1.0;0.9997931670649003;0.9999978381323187;1.0002357600487062;0.9998787617260311;1.0;0.9999758033016108;0.9995269986658077;0.9995520054595984;1.0;0.9996219096102816;0.9998765563656012;0.9987045594963024;0.9984435519539149;0.9997453279011956;1.0;0.9999920672329303;1.0002014518728404;0.999895309733398;0.9998967064162791;0.9998323436611649;0.9999852015645548;1.024999976158142;
2016-12-28 19:30:00;1.0;0.9998893284393401;0.9998463178792072;0.9999805952180997;0.9999487189132321;0.9999685201750652;1.0;0.9998714726462328;0.9998239487911749;0.9999788395868185;0.999916233078295;1.0;0.9999767333249189;1.0;0.9997522297295105;0.9997843870501453;0.9997901552428307;1.0;1.0;0.9998488396114725;0.99993439688713;0.9999999999999999;0.999788266112344;0.9999978067737104;1.000235522190832;0.9998843080881124;1.0;0.9999772594055607;0.9996075097955823;0.9996168605627677;1.0;0.9996300402111886;0.999862734987815;0.9987275996668646;0.9984941162140465;0.9997540403754697;1.0;0.9999912732606052;1.0001998485139227;0.9998826957851809;0.9999026160252621;0.9998341431122054;0.9999795663743004;1.024999976158142;
2016-12-28 19:45:00;1.0;0.9998563854176011;0.9998350109759285;0.9999811477049128;0.9999439169120679;0.9999692546495597;1.0;0.999869102537316;0.9998146263174463;0.9999747382977323;0.9999105930435241;1.0;0.9999749104123365;1.0;0.9997326718206162;0.9997743894967888;0.9997812215781607;1.0;1.0;0.9998430763045434;0.9999370425753749;1.0;0.9997791240878985;0.9999977804767372;1.000231566574209;0.9998839636237102;1.0;0.9999764630476978;0.9996647430162918;0.9996598371344607;1.0;0.9996903168217506;0.9998471140328032;0.9989579471051118;0.998737569196916;0.9997783772953253;1.0;0.999990479290912;1.0001954527188965;0.9998688958646326;0.9999044705459146;0.9998260091367956;0.9999762833078368;1.024999976158142;
2016-12-28 20:00:00;1.0;0.9998960457082033;0.9998702486499668;0.9999834849890905;0.9999564941917913;0.9999742678782105;1.0;0.9998867385776377;0.9998540512606896;0.9999811760476935;0.9999279034747666;1.0;0.9999826984765736;1.0;0.9997741255561966;0.999804327299802;0.9998099697906432;1.0;1.0;0.9998764438266591;0.9999530014319276;1.0;0.9998083042399828;0.9999979349449027;1.0002176335698891;0.9999091462313545;1.0;0.9999810789656323;0.9996766262338568;0.9996726210542954;1.0;0.9996802111426902;0.999882425999226;0.998905066509217;0.9986937574141747;0.9997839721853555;1.0;0.999990479290912;1.0001844747885298;0.9998993096741321;0.999926934057889;0.9998623933946844;0.9999833032279583;1.024999976158142;
2016-12-28 20:15:00;1.0;0.9999301399864595;0.9998799175026637;0.9999824536728404;0.9999595834483708;0.9999717661561375;1.0;0.9998980852117717;0.9998573936250273;0.9999851068825856;0.9999337500917999;1.0;0.9999874383958948;1.0;0.9998174924247243;0.9998377670366054;0.9998417518918938;1.0;1.0;0.9998813966041141;0.999956394604889;1.0;0.9998405484403602;0.9999984454167199;1.0002063047236238;0.9999143904004024;1.0;0.9999809159150531;0.9996820337773601;0.9996923692301312;1.0;0.9997143366600041;0.999894716786017;0.9990109415274603;0.9988232711034689;0.9998143636385426;1.0;0.9999920672329303;1.0001758486965888;0.9999102764813123;0.9999316667263122;0.9998678397125734;0.9999882726567333;1.024999976158142;
2016-12-28 20:30:00;1.0;0.9999194509515176;0.9998808478018484;0.9999839945418212;0.9999596844708579;0.999974015982469;1.0;0.9999016032039161;0.9998607094849445;0.9999842081695296;0.9999347829662021;1.0;0.9999856121901186;1.0;0.9998164015657954;0.9998397971190469;0.9998440285990606;1.0;1.0;0.9998837119208869;0.999955969701193;1.0;0.9998427378671015;0.999998465832009;1.000212401649462;0.999915521623589;1.0;0.9999818472646125;0.999683744091069;0.9996879016284291;1.0;0.9996590063108918;0.9998934236536533;0.9988080007485124;0.9986142162777367;0.9997862883952028;1.0;0.9999900664615023;1.0001808748063512;0.999908981729511;0.9999318162375588;0.9998705888822265;0.999986526295474;1.024999976158142;
2016-12-28 20:45:00;1.0;0.9999381645430717;0.9998832959442085;0.9999828306927795;0.9999611978102432;0.9999722732509851;1.0;0.9998990616952318;0.9998610556130983;0.9999861836409759;0.9999357319123825;1.0;0.9999863061547901;1.0;0.9998218174786961;0.999839783303596;0.9998434818439558;1.0;1.0;0.9998825571479489;0.9999523741279246;1.0;0.9998422786935934;0.9999984205779651;1.000208062625528;0.9999121179800539;1.0;0.9999814643852244;0.9996891760697397;0.999697234253742;0.9999999999999999;0.999706939596384;0.9998993872675898;0.9989908120763844;0.9988048542099902;0.9998058867078868;1.0;0.9999916544037752;1.0001776388821209;0.9999143831934757;0.9999276943923284;0.9998704688270387;0.9999882036197437;1.024999976158142;
2016-12-28 21:00:00;1.0;0.9999700985399701;0.9999123665404659;0.9999858386907086;0.9999712487884421;0.9999769750272484;1.0;0.9999218449924161;0.9998923501171694;0.999991358808975;0.9999516612621168;1.0;0.999990464948068;1.0;0.9998728458646796;0.9998815331485665;0.9998837510006777;1.0;0.9999999999999999;0.9999085481599912;0.9999609179878668;0.9999999999999999;0.9998829523538779;0.9999988391237575;1.0001950903129238;0.9999301391162476;1.0;0.9999854530212454;0.9996743712183488;0.9996825799093276;1.0;0.9997337004443757;0.9999275658946988;0.9990743975802563;0.9988777614762611;0.9998293483287581;1.0;0.9999900664615025;1.0001675019049772;0.9999386667199042;0.9999415985043011;0.9998998915746398;0.999992699310945;1.024999976158142;
2016-12-28 21:15:00;0.9999999999999999;0.9999847645964182;0.9999005983345398;0.9999822735821822;0.9999685146469733;0.9999716985009056;1.0;0.9999028071560222;0.9998762449482642;0.9999920645631679;0.9999443205312705;1.0;0.9999888082457888;1.0;0.9998491967335442;0.9998536178807174;0.9998558398945716;1.0;1.0;0.9998920579513105;0.9999487657875632;1.0;0.9998549211464135;0.9999984329327114;1.0002015733196934;0.9999132211581048;1.0;0.9999828443367278;0.999662570798749;0.9996694427344172;1.0;0.9997167417054846;0.9999226797979092;0.9990222890926441;0.9988168717309078;0.9998139169802288;1.0;0.999990479290912;1.000173383679206;0.9999349145054452;0.9999254290888018;0.9998835893048672;0.9999928102566972;1.024999976158142;
2016-12-28 21:30:00;1.0;0.9999813677194057;0.9999312995631459;0.999988128999304;0.9999790542459286;0.9999822698174432;0.9999999999999999;0.9999228022610633;0.9999192816653364;0.999993941722348;0.9999601125750935;1.0;0.9999904763869764;1.0;0.9998668788392923;0.9998722829496851;0.9998747201239858;1.0;0.9999999999999999;0.9999267090353099;0.9999626862581816;1.0;0.9998738207505877;0.9999984190532182;1.0001974736022705;0.9999381016200456;1.0;0.9999889822515863;0.999612007214966;0.9996320767654456;0.9999999999999999;0.9996929143671472;0.9999470363648033;0.9989359363783894;0.9987188134302395;0.9998011205609065;1.0;0.9999892724926027;1.0001696840174576;0.9999552939073769;0.9999462310229913;0.999921571493589;0.9999934897304004;1.024999976158142;
2016-12-28 21:45:00;1.0;0.9999860666693937;0.9999309817704737;0.9999876589750564;0.9999778286667106;0.9999804255136514;1.0;0.999933143918009;0.9999142135181476;0.9999941618113966;0.9999611406562173;1.0;0.9999935342700881;1.0;0.9998950758571956;0.9998991251361413;0.9999007973552467;1.0;1.0;0.9999265949125242;0.9999684673148141;1.0;0.9999001873692709;0.9999989443369123;1.00019251127013;0.9999432150391651;0.9999999999999999;0.9999880797320144;0.9996431560791338;0.9996561832980031;1.0;0.9997221839809157;0.9999453195110999;0.9990469350888224;0.9988381870146472;0.9998135098258063;1.0;0.9999908604325448;1.0001657139596811;0.9999538838301365;0.9999527056847645;0.9999198388832227;0.9999954892525286;1.024999976158142;
2016-12-28 22:00:00;1.0;0.9999874415774693;0.9999254602283439;0.999986496356947;0.9999759291551414;0.9999783410920933;1.0;0.9999296742035326;0.999906298768193;0.9999938673252841;0.9999582943282408;1.0;0.9999934562246405;1.0;0.9998927731825221;0.9998964313143696;0.9998980313580924;1.0;1.0;0.9999203089784242;0.9999661973378303;1.0;0.999897431659384;0.999998960424626;1.0001933523569708;0.9999388772379684;0.9999999999999999;0.9999868853237708;0.9996366236628081;0.9996364456658191;1.0;0.9997096194422312;0.9999410592204978;0.9989616674650127;0.9987279760350861;0.9998336353110271;0.9999999999999999;0.9999908604325449;1.0001664903633825;0.999950331050224;0.9999492018480716;0.9999128831739391;0.999995539856276;1.024999976158142;
2016-12-28 22:15:00;1.0;0.9999847654785824;0.9999523578967459;0.9999915122054562;0.9999855379354343;0.9999878084577847;1.0;0.999943518699578;0.9999450379144201;0.999995578895974;0.9999716620862338;1.0;0.9999942794253616;1.0;0.9998998542084376;0.9999042788247798;0.9999062624025902;1.0;1.0;0.9999503687007094;0.999976705856447;1.0;0.9999056050531863;0.9999987817742542;1.0001805111455608;0.9999589452096681;1.0;0.9999923808758968;0.9996740043804738;0.9996910011189896;0.9999999999999999;0.9997557861608222;0.9999631506818255;0.999168250398744;0.9989842801864819;0.9998318953809813;1.0;0.999990479290912;1.0001551832355267;0.9999688440982373;0.9999654366138577;0.9999463162945174;0.9999958079895841;1.024999976158142;
2016-12-28 22:30:00;1.0;0.9999833213237794;0.9999408909997612;0.9999897216111878;0.9999812070785743;0.9999841545559963;1.0;0.9999394144752094;0.9999284322360634;0.9999946564203233;0.9999662063567799;1.0;0.9999939198563823;1.0;0.999899169253384;0.9999040170323229;0.9999058365390022;1.0;1.0;0.9999380767950541;0.9999731280618789;1.0;0.9999052138383553;0.99999892067566;1.0001802274725025;0.9999514877791049;1.0;0.9999902132310217;0.9996811438698084;0.9997000416310124;1.0;0.9997695221887986;0.9999528775521476;0.99922195123464;0.9990451446803816;0.9998366275768861;1.0;0.999990479290912;1.0001549844905147;0.9999601761302467;0.9999596511456879;0.9999323983179887;0.9999955098613149;1.024999976158142;
2016-12-28 22:45:00;1.0;0.9999832467136786;0.9999297073370454;0.9999870929582929;0.9999777433331035;0.9999803165305778;1.0;0.999926521738834;0.99991452001522;0.9999937934431173;0.9999594199548708;1.0;0.9999938694399645;0.9999999999999999;0.9998793958215728;0.9998842560820577;0.9998864016788968;1.0;1.0;0.9999263239656926;0.9999694226109582;1.0;0.9998856937864898;0.9999986885537256;1.0001855878697847;0.9999429593776261;0.9999999999999999;0.9999879241553246;0.9996689987877734;0.9996985245460767;1.0;0.9997788762919283;0.9999446639868496;0.9992578423242259;0.9990890132274283;0.9998403008446066;1.0;0.999990479290912;1.0001594836634229;0.9999532860000087;0.9999533234411131;0.9999192491814121;0.9999954792488627;1.024999976158142;
2016-12-28 23:00:00;1.0;0.9999755825700742;0.9999508347414298;0.9999931425055142;0.9999835745984428;0.9999885188119023;1.0;0.9999588799390244;0.999940618266206;0.9999945989717276;0.9999733863554096;0.9999999999999999;0.9999934750259669;1.0;0.9999292552502788;0.9999363198774407;0.9999376892540092;1.0;1.0;0.9999496896501608;0.9999779639589059;0.9999999999999999;0.9999371959444444;0.9999994001886496;1.0001747048784153;0.999961593456417;1.0;0.9999924933828841;0.9996752102174963;0.9997134086703415;1.0;0.9997967788304615;0.9999576383494189;0.9993008135360497;0.9991482747097924;0.9998648068467941;1.0;0.9999892724926029;1.0001502634662065;0.9999639915554585;0.9999674793248132;0.9999449071869401;0.9999947366361155;1.024999976158142;
2016-12-28 23:15:00;1.0;0.9999789811859947;0.9999511199257153;0.9999925206321044;0.9999842693742024;0.9999882430541037;0.9999999999999999;0.999952554786599;0.999942058002022;0.999994955859244;0.999972579868605;1.0;0.9999935284984895;1.0;0.999917061627019;0.9999231497319032;0.9999247679358121;1.0;0.9999999999999999;0.9999495209272445;0.9999768466588325;1.0;0.9999241994407313;0.9999991494119592;1.0001781696750183;0.9999599384133486;1.0;0.9999924418923211;0.9996694169599424;0.9996988406279854;1.0;0.999781645211986;0.999959571993997;0.9992674281393084;0.9990986894473141;0.999842108245552;1.0;0.9999908604325449;1.0001532191179499;0.9999657017340009;0.9999659528000044;0.9999451011064008;0.9999949991918894;1.024999976158142;
2016-12-28 23:30:00;0.9999999999999999;0.9999862807478723;0.9999678833689344;0.9999954397331311;0.9999900930721087;0.9999929341381278;0.9999999999999999;0.9999662336726729;0.9999630680771867;0.9999968419226853;0.9999819337477727;1.0;0.9999938804910783;1.0;0.9999389214837662;0.9999428975193064;0.9999440696701296;0.9999999999999999;0.9999999999999999;0.9999658573143001;0.9999804906730265;1.0;0.9999435994258125;0.999999300956134;1.0001735670562895;0.9999700906271441;1.0;0.9999954290012507;0.9996664918155278;0.9996922360402001;0.9999999999999999;0.999792693580668;0.9999742112693157;0.9993082344851894;0.99913177175081;0.9998475566826551;1.0;0.9999888913511111;1.0001495332233705;0.9999781455196948;0.9999729052107804;0.9999639351297511;0.9999956965533547;1.024999976158142;
2016-12-28 23:45:00;1.0;0.9999890998451787;0.9999474363782589;0.9999910373332919;0.9999830158241787;0.9999854194391747;1.0;0.999951173439792;0.9999342977953747;0.9999956280215554;0.9999709016336535;1.0;0.9999942610222178;1.0;0.9999243521463608;0.9999275137964164;0.9999286514110014;0.9999999999999999;1.0;0.9999436138677565;0.9999743778872374;0.9999999999999999;0.9999281928213353;0.999999271588242;1.0001760999232308;0.9999557833311034;1.0;0.999991134961251;0.9996891433830395;0.9997106004161638;1.0;0.9998019141147503;0.9999580619347909;0.9993293346288701;0.9991605103064527;0.9998608477373827;1.0;0.9999904792909119;1.0001517759556773;0.9999646295082185;0.999962369177157;0.9999387693521374;0.9999960995623056;1.024999976158142;
2016-12-29 00:00:00;1.0;0.9999914120411517;0.9999741992271939;0.999996120947045;0.9999929161032743;0.9999946689799651;1.0;0.9999651258229882;0.9999723221380201;0.9999978332484449;0.9999846357151234;1.0;0.9999934087336635;1.0;0.9999343719539275;0.9999368624063211;0.9999381280203581;1.0;1.0;0.9999713785295774;0.9999795199694342;1.0;0.9999375962510337;0.9999990985421292;1.000167487549643;0.9999712722298145;0.9999999999999999;0.9999966087022573;0.9996977108301877;0.9997284326008502;1.0;0.9998294900897318;0.999981309492877;0.9994357857124566;0.9992860886605821;0.9998713037959941;1.0;0.999990479290912;1.000144335283366;0.9999842366661248;0.9999726611373426;0.9999709900549545;0.999995792758265;1.024999976158142;
2016-12-29 00:15:00;1.0;0.9999927132538402;0.9999749197833235;0.9999961603702944;0.9999931039692745;0.9999946554045229;1.0;0.9999663582976663;0.9999727666702386;0.9999979952181701;0.9999851122497915;1.0;0.9999936839651246;1.0;0.9999375553835161;0.9999396705110246;0.9999408423064715;1.0;1.0;0.9999719737854097;0.9999799859364834;0.9999999999999999;0.9999403394986733;0.9999991425507567;1.0001703267972795;0.9999719479392176;1.0;0.9999966472042091;0.999676589269843;0.9996960527224028;1.0;0.9997999145509847;0.9999819592521612;0.9993255558982205;0.9991457382801826;0.9998574472288327;1.0;0.999989685320429;1.0001468443115966;0.9999848045352319;0.9999732927836483;0.9999715961621338;0.9999960332729572;1.024999976158142;
2016-12-29 00:30:00;1.0;0.9999914840886415;0.999976076951137;0.9999965379144695;0.9999930461239956;0.9999948935001147;1.0;0.9999713972849639;0.9999732824561399;0.9999978962908869;0.999986221619501;1.0;0.9999944718728337;1.0;0.9999474665213232;0.9999499346676503;0.9999509201819141;1.0;1.0;0.9999737653715118;0.9999826497231237;0.9999999999999999;0.9999504987833084;0.9999993280189462;1.000166754039159;0.9999750635836083;1.0;0.9999967476644422;0.9996960561411279;0.9997177892491347;1.0;0.9998279029606842;0.9999818350559686;0.9994347158120062;0.9992704732806882;0.9998672860134558;0.9999999999999999;0.9999908604325449;1.0001437915306535;0.9999846546736905;0.9999765902737878;0.9999729852686411;0.9999963807671962;1.024999976158142;
2016-12-29 00:45:00;1.0;0.9999904731008064;0.9999835313181171;0.9999980662992226;0.9999950808700047;0.999997090935867;1.0;0.9999816368368611;0.9999821497615279;0.9999982208157592;0.99999072892194;1.0;0.9999957370804854;1.0;0.999964111761719;0.9999668758552006;0.999967620628;0.9999999999999999;1.0;0.9999824749744167;0.9999882141044898;1.0;0.9999673112841396;0.9999995633225971;1.0001598800961071;0.9999833518839252;1.0;0.9999979921604514;0.999714111106415;0.9997418475836399;1.0;0.9998421873646034;0.9999866928219135;0.9994597173939663;0.9993155189850269;0.9998931442942204;0.9999999999999999;0.9999892724926027;1.0001378986966631;0.9999886875789954;0.9999842170901666;0.9999819419712632;0.9999970034759235;1.024999976158142;
2016-12-29 01:00:00;1.0;0.9999904019350893;0.9999838759601032;0.9999977481346998;0.9999955778391384;0.9999972208445226;1.0;0.9999770359644725;0.9999839417543336;0.999998231631454;0.9999901023106699;1.0;0.999995904128656;0.9999999999999999;0.999953408504691;0.9999561981533487;0.9999572417223362;1.0;1.0;0.9999831691548505;0.9999884944600768;1.0;0.9999568623125774;0.9999993595400541;1.0001627482718072;0.9999832084711758;1.0;0.9999980610383491;0.9997074974625765;0.9997478168423143;1.0;0.9998448405527854;0.9999877557467426;0.9994976502449179;0.9993687144537295;0.9998753550418477;0.9999999999999999;0.9999900664615023;1.000140255831415;0.9999895893551977;0.9999843690469594;0.9999827393056344;0.9999970889328823;1.024999976158142;
2016-12-29 01:15:00;1.0;0.9999939418318426;0.9999858558032337;0.9999977013533156;0.9999962664452522;0.9999972018801225;0.9999999999999999;0.9999782360810606;0.9999857599815315;0.9999986756792036;0.9999910723016592;1.0;0.9999966592241878;1.0;0.9999572199133292;0.9999589787493899;0.999959895518911;1.0;0.9999999999999999;0.9999848987568144;0.9999896846072606;0.9999999999999999;0.9999595621197802;0.99999939005279;1.000159931258268;0.9999847649180653;0.9999999999999999;0.9999981737914966;0.9997226432275221;0.999762494194424;1.0;0.9998466027345344;0.9999898983354003;0.9995049399428785;0.9993850869231773;0.9998756740067765;1.0;0.9999912732606053;1.0001379153905448;0.9999914552355839;0.9999859103030402;0.9999845579765094;0.999997748957995;1.024999976158142;
2016-12-29 01:30:00;1.0;0.9999932193231937;0.9999857888414628;0.999998127332255;0.9999960569574075;0.9999974451188236;1.0;0.9999812743205018;0.9999851543215432;0.9999986339521992;0.9999916310302879;1.0;0.9999960157820166;1.0;0.999963373553368;0.9999653423676256;0.9999660901508266;1.0;0.9999999999999999;0.9999844935154679;0.9999885817227792;1.0;0.999965779372567;0.9999995044299151;1.0001591581629892;0.9999842633742879;1.0;0.9999982897371817;0.9997248468034464;0.9997713591212428;1.0;0.9998635712745501;0.9999893171989271;0.9995685252411981;0.9994599913120623;0.9998834233658924;1.0;0.9999896853204291;1.0001373137812473;0.9999909515228055;0.9999848723074315;0.9999843347313918;0.9999973461308909;1.024999976158142;
2016-12-29 01:45:00;0.9999999999999999;0.9999952438912268;0.9999890977497287;0.9999987095440456;0.9999971224218809;0.9999982453324434;1.0;0.9999850429074816;0.9999888671304066;0.9999990474921961;0.9999936399945204;0.9999999999999999;0.999996192458306;0.9999999999999999;0.9999705368053192;0.9999719235770103;0.999972497523914;1.0;1.0;0.9999875980706882;0.9999894036160233;1.0;0.9999722297634376;0.9999995851908835;1.0001487211513191;0.9999864199303112;1.0;0.9999988223487865;0.9997745699731185;0.9998360575390565;1.0;0.9999109591258156;0.9999921180696356;0.9997137415255813;0.9996591620547207;0.9999269784967642;1.0;0.999990860432545;1.0001283866441137;0.999993340944909;0.9999863863690427;0.9999878810747179;0.9999975819907159;1.024999976158142;
2016-12-29 02:00:00;1.0;0.9999913394013389;0.9999813844845312;0.9999971448457151;0.9999951279903103;0.9999965611382342;0.9999999999999999;0.9999712653884317;0.9999815186287181;0.99999822507891;0.9999883124820577;0.9999999999999999;0.999995157312208;1.0;0.9999428400354581;0.9999453495162869;0.9999465800343948;1.0;1.0;0.9999800187761131;0.9999856079783098;1.0;0.9999461215189942;0.99999918341882;1.0001545011725672;0.9999793660310641;1.0;0.9999977164237526;0.9997686470143295;0.9998345362777369;1.0;0.9999005589938281;0.9999866643936874;0.9997132757043805;0.999662248124927;0.9998960844299054;0.9999999999999999;0.9999900664615023;1.0001330817461835;0.9999887121315364;0.9999806062317537;0.9999797644714511;0.9999967465347835;1.024999976158142;
2016-12-29 02:15:00;1.0;0.9999880880140252;0.999982408814915;0.9999978950749843;0.9999949180803013;0.9999971735303139;1.0;0.9999779547864328;0.9999820000099341;0.9999979400715192;0.9999896844534041;1.0;0.9999953630920004;0.9999999999999999;0.9999549302534152;0.9999583846464932;0.9999593986600739;1.0;1.0;0.9999817363657176;0.999987622231247;1.0;0.999959016073508;0.9999994182547313;1.0001538303728816;0.9999822419694483;1.0;0.999997959106857;0.9997712530209986;0.9998382097575172;1.0;0.9999088749145995;0.9999859019175927;0.9997405900296109;0.9996927231348063;0.9999024901069934;1.0;0.9999888913511111;1.0001325269586712;0.9999879855487614;0.9999833147870525;0.9999811965161177;0.9999966336832413;1.024999976158142;
2016-12-29 02:30:00;1.0;0.9999902563651208;0.9999757550278878;0.9999964393781342;0.9999932917182852;0.9999951833650018;0.9999999999999999;0.9999672547964491;0.9999743040631667;0.9999978004781477;0.9999855059243058;1.0;0.9999939084005943;1.0;0.9999372668917139;0.9999400945954129;0.9999413566153985;1.0;1.0;0.9999735497167169;0.9999814870558335;0.9999999999999999;0.9999408486758787;0.9999991447196115;1.0001566390551129;0.9999736897284136;1.0;0.9999968739171545;0.999771949107295;0.9998422478141457;1.0;0.9999040408814699;0.9999821045209045;0.9997222075493405;0.9996799465013022;0.9999004717299013;1.0;0.9999896853204289;1.0001349242136743;0.9999848724761182;0.9999751476775197;0.9999730552366368;0.9999959860572732;1.024999976158142;
2016-12-29 02:45:00;1.0;0.9999934357616928;0.9999719821149933;0.9999954428917048;0.9999912699399093;0.9999927910440735;1.0;0.9999712298578703;0.9999660892487036;0.9999977231803792;0.9999842652327033;1.0;0.9999957919635711;1.0;0.999952491864554;0.9999543970585744;0.9999551729177679;1.0;1.0;0.9999695821758092;0.9999839103125007;0.9999999999999999;0.9999548458520745;0.9999994732211791;1.0001508150220297;0.9999743354508447;1.0;0.9999956029656834;0.9997877481414053;0.9998567093622576;1.0;0.9999277187833614;0.9999781257752689;0.9997819398090375;0.9997472599116327;0.9999309628898465;0.9999999999999999;0.9999896853204289;1.0001300970524896;0.9999815554149963;0.9999772421608035;0.999967591625328;0.9999972386858599;1.024999976158142;
2016-12-29 03:00:00;1.0;0.9999940873617793;0.9999843396940777;0.9999973713816956;0.999995751664328;0.9999966596925358;1.0;0.9999769288775979;0.9999836836894274;0.9999985844218373;0.9999902265679145;1.0;0.9999967008296303;1.0;0.9999556736869234;0.9999573944311266;0.9999583230934799;1.0;1.0;0.9999832820650904;0.9999892662432477;1.0;0.9999579876496026;0.9999993811908028;1.0001544503041628;0.9999837261131089;1.0;0.999997865674052;0.9997596360502722;0.9998330988471009;0.9999999999999999;0.9999006418022255;0.9999887145940678;0.9997129807822255;0.999667558444069;0.9998965372424757;1.0;0.999989685320429;1.000133172757646;0.9999904629745723;0.9999851683484554;0.9999827173583131;0.9999977808155073;1.024999976158142;
2016-12-29 03:15:00;0.9999999999999999;0.9999928579407176;0.9999858004412653;0.9999980630886939;0.9999958960846075;0.9999972893612495;1.0;0.9999823454933907;0.9999848086405603;0.9999985606545239;0.9999916861460484;1.0;0.9999966083790645;0.9999999999999999;0.9999657918067965;0.9999678656472101;0.9999685782824855;1.0;1.0;0.9999848838468466;0.9999900548822321;0.9999999999999999;0.9999682996304378;0.9999995576040058;1.0001535081539368;0.9999855471127607;0.9999999999999999;0.9999981898861613;0.9997512432022216;0.9998297094108977;0.9999999999999999;0.9999090464723269;0.9999889766219077;0.999741251066916;0.9996977606914403;0.9999025599126021;1.0;0.9999896853204289;1.0001324233584103;0.9999906479686379;0.9999865169556817;0.9999843892761237;0.9999976458336979;1.024999976158142;
2016-12-29 03:30:00;1.0;0.9999909788694511;0.9999788408327016;0.9999971321493176;0.9999935874548411;0.9999955556200393;1.0;0.9999772454499866;0.9999759650197877;0.9999979674925096;0.9999881297103863;1.0;0.9999953646501925;1.0;0.999958361195744;0.9999609789927772;0.9999617675372164;1.0;1.0;0.9999771856828197;0.9999857796422468;1.0;0.9999614313307058;0.9999995070967346;1.0001556370203546;0.9999791866463783;1.0;0.9999971151554007;0.9997527964595633;0.9998271028794486;1.0;0.9999082729050804;0.9999832104559957;0.9997335123909165;0.9996846122874955;0.9999054793792248;1.0;0.9999900664615023;1.0001342278742187;0.999985778589999;0.9999806588310317;0.9999762234400545;0.9999968343415282;1.024999976158142;
2016-12-29 03:45:00;1.0;0.9999924985382012;0.9999843737014238;0.9999975864301247;0.9999960637495504;0.9999972485551325;1.0;0.9999744408179105;0.9999850381071351;0.9999984977475372;0.9999899980808756;1.0;0.9999956571638187;1.0;0.9999484474225117;0.9999506326747161;0.9999517579190391;1.0;1.0;0.9999831987111041;0.9999873205530142;1.0;0.9999513402861139;0.9999992449363725;1.0001531311994252;0.9999820747681425;0.9999999999999999;0.9999981480480408;0.9997449233603118;0.9998215033009621;1.0;0.9999106687383762;0.9999890747525453;0.9997199528081966;0.9996690167789013;0.999921894074037;1.0;0.999989685320429;1.0001319469808616;0.9999907515377092;0.9999830167355687;0.9999831471249564;0.9999970978785283;1.024999976158142;
2016-12-29 04:00:00;1.0;0.9999932928007536;0.9999818788935074;0.9999973754296513;0.9999947756895428;0.9999961958180258;1.0;0.9999778222324105;0.9999799767332058;0.9999983875448273;0.9999894819255992;1.0;0.99999576780594;1.0;0.9999588303972088;0.9999607834526235;0.9999615720199346;1.0;1.0;0.9999801928679704;0.9999868174806028;1.0;0.9999612415008748;0.9999994662499386;1.0001543695003412;0.9999810467516115;0.9999999999999999;0.9999975673397294;0.9997763246631992;0.9998431598771451;1.0;0.9999063140494894;0.9999862906739311;0.9997320996854465;0.9996874563461973;0.9999005790040405;1.0;0.9999888913511111;1.0001331626338383;0.999988414050734;0.9999822119356436;0.9999796230619923;0.9999972139806407;1.024999976158142;
2016-12-29 04:15:00;1.0;0.9999922065934942;0.9999822468588053;0.999997584959856;0.999994748451665;0.9999964000861278;1.0;0.9999795605436649;0.999980291036182;0.9999982976465094;0.9999898689868482;1.0;0.9999958700454539;1.0;0.9999617687889556;0.9999640270036028;0.9999647731003277;1.0;0.9999999999999999;0.999980827507213;0.9999875451381558;1.0;0.9999644613694052;0.9999995244006102;1.0001546047427035;0.9999820048212489;1.0;0.9999976500718458;0.9997674583136928;0.9998340657946249;1.0;0.9999032813954132;0.9999861315161317;0.9997214048105313;0.9996706331761586;0.9998987337101493;1.0;0.9999896853204289;1.0001333628127211;0.9999882534902902;0.9999831557359078;0.9999801645410139;0.9999971971614202;1.024999976158142;
2016-12-29 04:30:00;1.0;0.9999918452121159;0.9999821598434558;0.9999976334914341;0.9999944203266378;0.9999962101623959;1.0;0.999982225391253;0.9999793401896332;0.9999982189704663;0.999990144820478;1.0;0.9999964104552183;0.9999999999999999;0.9999678510956375;0.9999702143456012;0.9999708244072527;1.0;0.9999999999999999;0.9999810093826161;0.9999889677529092;1.0;0.9999705687358521;0.999999646593547;1.0001521929694732;0.9999833766162384;1.0;0.9999975316201097;0.9997717690412838;0.9998412731628674;1.0;0.9999094525296338;0.99998542547617;0.9997339819215122;0.9996901324408403;0.9999086972613701;0.9999999999999999;0.9999900664615022;1.0001313137325494;0.9999876397882881;0.9999847942814002;0.9999799766716796;0.9999974682888306;1.024999976158142;
2016-12-29 04:45:00;1.0;0.9999883053360734;0.9999540645276971;0.9999919531195218;0.9999849797291779;0.9999872166166305;1.0;0.9999564548154015;0.9999427146011544;0.9999959668478721;0.9999741420842934;1.0;0.999996298240261;1.0;0.9999310055689462;0.9999343995273614;0.9999355672842449;1.0;1.0;0.9999520135820336;0.9999812187325325;0.9999999999999999;0.9999351787571215;0.9999993363373849;1.0001531912165653;0.9999642268178688;1.0;0.9999922084655527;0.9997761176671874;0.9998464353151745;1.0;0.9999243217407255;0.9999627380484355;0.9997695367858257;0.9997293577012235;0.9999291955662547;0.9999999999999999;0.9999896853204289;1.0001318998061939;0.9999685201881292;0.9999710256502179;0.9999470555969554;0.9999971605548335;1.024999976158142;
2016-12-29 05:00:00;0.9999999999999999;0.9999906912646546;0.9999841995112339;0.9999975963705406;0.9999957765247223;0.999997204436797;1.0;0.9999756950780646;0.9999846476598394;0.9999982687130755;0.9999899769172605;1.0;0.9999962571851406;1.0;0.9999504619543175;0.999953168914212;0.9999543013441893;1.0;1.0;0.9999837143075144;0.9999892120846255;0.9999999999999999;0.9999539109350081;0.999999304539907;1.000153891563565;0.9999837336273022;1.0;0.9999980649606889;0.9997715023619629;0.9998424835791706;1.0;0.9999061991994869;0.9999882607684945;0.9997384232121889;0.9996969417035076;0.9998959226310244;1.0;0.999989685320429;1.000132559984379;0.9999900192551351;0.9999851307954549;0.999983215306411;0.9999973021735146;1.024999976158142;
2016-12-29 05:15:00;1.0;0.9999929308349165;0.9999856603011904;0.9999977532489671;0.9999959279746689;0.9999970728180488;1.0;0.9999804581992836;0.9999849512368456;0.999998524583665;0.9999912271597775;1.0;0.9999971514949955;1.0;0.9999619237982814;0.9999639785485172;0.999964808266551;1.0;1.0;0.9999851090967146;0.9999911296235403;0.9999999999999999;0.9999645192427474;0.9999994920521929;1.0001528542895033;0.9999861173884012;1.0;0.9999980662855256;0.9997786278352649;0.9998473580488703;0.9999999999999999;0.9999075898595188;0.9999890775045548;0.9997406384202064;0.9997003853461196;0.9998985988044186;1.0;0.9999896853204289;1.0001318024536665;0.9999907319885281;0.9999875623497063;0.9999843813359441;0.9999979480572065;1.024999976158142;
2016-12-29 05:30:00;1.0;0.99999018372769;0.9999777918219726;0.9999968882401885;0.9999931214117375;0.9999951635286215;1.0;0.9999768291472295;0.9999744626361452;0.9999977940272496;0.9999875312648565;0.9999999999999999;0.9999957727668803;1.0;0.9999579528312902;0.9999607996008192;0.999961613085248;0.9999999999999999;1.0;0.999976467629212;0.9999866451565869;1.0;0.9999612885797137;0.9999995229781581;1.0001544373815903;0.9999794693332857;1.0;0.9999968646342876;0.9997732525158284;0.9998443403089438;1.0;0.9999089302964582;0.9999820643463918;0.9997323031493193;0.9996919306036741;0.9999082879944365;1.0;0.9999888913511112;1.000133159657289;0.9999847936169841;0.9999814271928633;0.999975108171078;0.999997003277549;1.024999976158142;
2016-12-29 05:45:00;1.0;0.9999881606505044;0.9999794948134746;0.999996817384164;0.9999940540646799;0.9999958946013776;1.0;0.9999725358659128;0.9999786159882176;0.9999976884911005;0.9999874241579475;1.0;0.9999963049910423;0.9999999999999999;0.999945620121165;0.9999490554751789;0.9999502947806802;1.0;1.0;0.9999792976547812;0.9999887080408704;1.0;0.9999498887287012;0.9999992908016831;1.0001553117284552;0.9999813924639457;0.9999999999999999;0.9999972194654198;0.9997863258837207;0.9998565512216161;1.0;0.9999026719824033;0.9999839161773265;0.9997255094277846;0.9996926898812712;0.9998941204511521;0.9999999999999999;0.9999884785248686;1.000133702971522;0.9999863152445367;0.9999837786539947;0.9999779772209743;0.9999971543807358;1.024999976158142;
2016-12-29 06:00:00;1.0;0.9999901125643255;0.9999790605428759;0.9999968930368169;0.9999931182064997;0.9999950202500639;1.0;0.9999807940192249;0.9999749882798369;0.9999977588339923;0.9999883781958208;1.0;0.9999974322403168;1.0;0.9999664929247958;0.9999693653035321;0.9999700330924359;0.9999999999999999;0.9999999999999999;0.9999786673400411;0.9999908878615821;1.0;0.9999698070455822;0.9999996819294535;1.0001595259882432;0.9999836547011867;1.0;0.9999967824210748;0.9996887633443794;0.9998010977591695;1.0;0.9998958014556392;0.9999822805346458;0.9997203600806759;0.9996879001224451;0.99987699241527;1.0;0.9999896853204291;1.0001375835972999;0.9999849454113227;0.9999863592584615;0.9999765817605019;0.9999979066018369;1.024999976158142;
2016-12-29 06:15:00;1.0;0.9999883053360735;0.9999396412607836;0.9999890062020449;0.9999799992042133;0.9999821788645945;1.0;0.9999461167724568;0.9999230707712211;0.9999948645956189;0.9999664027005345;1.0;0.9999962698699346;1.0;0.9999198490505384;0.9999232429710861;0.9999244485393358;1.0;0.9999999999999999;0.9999366113995766;0.9999767990672442;1.0;0.999924049319903;0.9999993083411058;1.0001729835146083;0.9999541978296269;1.0;0.9999892239978581;0.9996707849497518;0.9997904382123199;1.0;0.9998942103896367;0.9999511167918608;0.9997386940109894;0.999705993839999;0.999859756895045;1.0;0.999989685320429;1.0001489991484722;0.9999587515460067;0.9999635390783261;0.9999296309309341;0.9999971449475782;1.024999976158142;
2016-12-29 06:30:00;0.9999999999999999;0.9999903284142966;0.9999404252808641;0.999988864452123;0.9999799520510714;0.9999817542057433;1.0;0.9999490999941827;0.9999226808079275;0.9999950551867357;0.9999670123771296;1.0;0.9999975748408177;0.9999999999999999;0.9999279139472628;0.9999307192859748;0.9999317189932049;1.0;1.0;0.9999376269287765;0.999979451142733;1.0;0.9999314122460412;0.9999994478994896;1.0001697131434564;0.9999567330893436;1.0;0.9999890648768024;0.9996766178584376;0.9997912473650105;1.0;0.9998940579851292;0.9999514539593057;0.9997166660230111;0.9996798293544131;0.999874257192015;1.0;0.9999896853204289;1.0001462627916122;0.9999590552919102;0.9999665900140183;0.9999301405305773;0.9999980006798115;1.024999976158142;
2016-12-29 06:45:00;1.0;0.9999917022599509;0.9999546976186915;0.999991924242121;0.9999847342631993;0.9999865115824026;0.9999999999999999;0.9999626402160706;0.9999412990149713;0.9999961999077369;0.9999752707872297;0.9999999999999999;0.9999972927520239;1.0;0.9999472136376603;0.9999496246869729;0.9999503245389293;1.0;1.0;0.9999522482658123;0.999982801473541;1.0;0.9999500788959692;0.9999996159621576;1.0001713250370021;0.9999660976147489;1.0;0.9999918774909645;0.9996415373713484;0.9997484501241725;0.9999999999999999;0.9998741048937514;0.9999628642781045;0.9996530785401505;0.9995823019686819;0.9998576064419268;1.0;0.9999896853204289;1.0001478052337154;0.9999686654748949;0.9999729934310092;0.9999468817056689;0.9999979402504786;1.024999976158142;
2016-12-29 07:00:00;1.0;0.9999921354341527;0.9999601006288071;0.9999928686874759;0.9999865523865635;0.9999881677531878;1.0;0.999966646267489;0.9999484657722686;0.9999966072300954;0.9999781196119832;1.0;0.9999977481422675;1.0;0.999952191714169;0.9999544754912306;0.9999551443081;1.0;1.0;0.9999581699916796;0.9999853171556001;1.0;0.9999549215365492;0.999999643598495;1.0001753269612825;0.9999704997701027;1.0;0.9999928657700238;0.9995619261237082;0.999706616004932;0.9999999999999999;0.9998565027176706;0.9999672196951086;0.9996160566614678;0.999551680697037;0.9998299547283572;1.0;0.9999896853204289;1.0001512785481346;0.9999723288584017;0.999976711882607;0.9999533567179113;0.9999982202326348;1.024999976158142;
2016-12-29 07:15:00;1.0;0.9999878704290924;0.9999495575179256;0.99999137453411;0.9999829239319887;0.9999854953132674;0.9999999999999999;0.9999592259576378;0.9999351174987621;0.9999955180398931;0.9999726160064386;1.0;0.9999965256492601;1.0;0.999940907393576;0.9999444221663408;0.9999452641260457;1.0;1.0;0.9999471890261351;0.9999807314062591;1.0;0.9999449690933288;0.9999995814517725;1.000184493013824;0.9999624437171795;1.0;0.9999911585675151;0.9994574989578601;0.9996446169177986;1.0;0.9998233655184238;0.9999580576610837;0.999482189301348;0.9994152153039894;0.9998214180243385;1.0;0.9999892724926029;1.000159087822337;0.9999645567621527;0.9999699196531384;0.999941282591141;0.9999972562282606;1.024999976158142;
2016-12-29 07:30:00;1.0;0.9999839709310305;0.9999545580135386;0.9999923614953776;0.9999852877163863;0.9999880992738653;0.9999999999999999;0.9999555949876165;0.9999450817499109;0.9999955467043119;0.999974234322526;1.0;0.9999955841763687;1.0;0.9999253018659268;0.9999299588931051;0.9999313695834621;1.0;1.0;0.999953209431443;0.999980993057944;1.0;0.9999309101008456;0.9999992438002084;1.0001897189044104;0.9999644278498029;1.0;0.999992529177961;0.9993849494614998;0.9996014467107709;1.0;0.9998289149511925;0.9999628218411531;0.9995199319781731;0.9994512173315916;0.9998125434672287;1.0;0.9999892724926028;1.0001633337890208;0.9999685081362992;0.9999709378659288;0.9999484870961879;0.9999964672792453;1.024999976158142;
2016-12-29 07:45:00;1.0;0.9999246527426855;0.9999195693421151;0.9999908088824279;0.9999721139910264;0.9999852839724228;1.0;0.9999359032352221;0.9999097336565668;0.999987411188937;0.9999559247613733;1.0;0.9999901467467677;1.0;0.9998669592260505;0.9998888449117834;0.999892445959052;1.0;1.0;0.9999262514503092;0.9999765801183327;1.0;0.9998914621980507;0.9999989349456668;1.0001996561045627;0.9999496132304125;1.0;0.9999887672014706;0.9994233288194313;0.999626417769588;1.0;0.9998438506838749;0.9999238176564491;0.9995941499070489;0.9995296555684366;0.9998069384966602;1.0;0.9999892724926027;1.0001701382346826;0.9999345541838542;0.9999614735114398;0.9999162939338649;0.9999893720776691;1.024999976158142;
2016-12-29 08:00:00;1.0;0.9999634521737634;0.9999391344275018;0.9999911792145145;0.9999791548162107;0.9999856444745472;1.0;0.9999501673232254;0.9999270188951017;0.9999924375737669;0.9999665548513575;0.9999999999999999;0.9999946228825773;1.0;0.9999114854928279;0.9999221074011847;0.9999240782171452;1.0;1.0;0.9999407122671072;0.9999807068920368;0.9999999999999999;0.9999235217527651;0.9999993082099232;1.0001915313165166;0.9999591542734029;1.0;0.9999903743278986;0.9994350121177276;0.9996317983809258;1.0;0.9998442508547375;0.9999458247533727;0.9995991684474633;0.999532696290696;0.9998047596929993;1.0;0.999989685320429;1.0001643447880144;0.9999537957241018;0.9999685380513049;0.9999331445000582;0.9999945156374207;1.024999976158142;
2016-12-29 08:15:00;1.0;0.9999830320002924;0.9999355896687906;0.9999887488810896;0.9999779671657194;0.999981212965064;1.0;0.9999486953930382;0.9999169954716983;0.999994006544519;0.9999648686863019;1.0;0.9999968178654833;0.9999999999999999;0.9999257031065832;0.9999306336925099;0.9999317594399519;1.0;0.9999999999999999;0.9999336019239565;0.9999786921865232;1.0;0.9999314223489104;0.9999995048893554;1.0001935626876564;0.9999547537177635;1.0;0.9999884837465387;0.9994410026103778;0.9996345053242739;0.9999999999999999;0.9998375288670673;0.9999458495010576;0.999588203616754;0.9995216570006342;0.999792223940613;1.0;0.9999900664615023;1.0001667284815876;0.9999541946574617;0.9999651974241955;0.9999253646252635;0.9999970770008237;1.024999976158142;
2016-12-29 08:30:00;1.0;0.999983536081728;0.9998737401609069;0.999976621398738;0.9999564549632864;0.9999601407654941;0.9999999999999999;0.9999055501201624;0.9998315024868497;0.9999896348042348;0.9999320232142846;1.0;0.9999959221351958;0.9999999999999999;0.9998804831648116;0.999885260744005;0.9998864423025154;1.0;1.0;0.999866838785627;0.9999580905947869;1.0;0.99988605659899;0.9999994192038533;1.0002151519339635;0.9999105915612978;0.9999999999999999;0.9999761539199646;0.999393025626861;0.9995521431056863;0.9999999999999999;0.9997852172003123;0.9998954954981758;0.9993920998241519;0.9992453466917566;0.9997688286363388;1.0;0.9999888913511111;1.0001853840868729;0.9999119056412518;0.9999313759351369;0.9998503947248923;0.9999966213389626;1.024999976158142;
2016-12-29 08:45:00;1.0;0.9999820184611702;0.9998824561319886;0.9999785170616318;0.9999594493363756;0.9999633563573923;1.0;0.9999121907175561;0.9998438134154942;0.9999901116429677;0.9999367520700351;1.0;0.9999958012865385;0.9999999999999999;0.9998870123098769;0.9998922288288152;0.9998934251357451;1.0;1.0;0.9998764111993528;0.9999608800112979;1.0;0.9998930370598085;0.9999994417472194;1.0002263891522372;0.9999168789017084;0.9999999999999999;0.9999779778115248;0.9993433125159472;0.9994821731932986;1.0;0.9996941917179684;0.9999023063580321;0.999096953379207;0.9988929846291245;0.9996965833966461;1.0;0.9999892724926028;1.0001950781720335;0.9999175969615498;0.999936083396023;0.9998611637742515;0.9999964506469313;1.024999976158142;
2016-12-29 09:00:00;1.0;0.999985703824993;0.9999219115290422;0.9999853671318911;0.9999738334079264;0.9999762695262377;1.0;0.9999318299935295;0.9998994829838116;0.9999933050000318;0.9999564904974412;0.9999999999999999;0.9999967521023461;1.0;0.9999010095478552;0.9999051572877187;0.9999066268967435;1.0;0.9999999999999999;0.9999186317487091;0.9999733351114667;1.0;0.9999061887708716;0.9999991976292794;1.0002080746370428;0.9999434211905861;1.0;0.9999856805525227;0.9993696688738355;0.9995177939321445;1.0;0.9997551076072163;0.9999363703233414;0.999267674565663;0.9990896628925732;0.9997628621952793;0.9999999999999999;0.9999896853204288;1.000179189139735;0.9999463047756388;0.9999564652607864;0.9999088380428777;0.9999972274780705;1.024999976158142;
2016-12-29 09:15:00;1.0;0.9999856302966522;0.9999190010356428;0.9999850423496874;0.9999722516714037;0.999974989120489;1.0;0.9999359721018306;0.999893680440778;0.9999930276301576;0.9999557956944831;1.0;0.9999973508023995;1.0;0.9999130523336284;0.9999172158850411;0.9999183353473489;1.0;1.0;0.9999156115500509;0.9999740787629021;1.0;0.9999180090377695;0.9999994637547659;1.0002056652355782;0.9999433193919374;0.9999999999999999;0.9999849274187818;0.9994015771149699;0.999555390019805;1.0;0.9997767967375146;0.9999328588465245;0.9993579778443745;0.9992084760820302;0.9997666183777358;1.0;0.9999888913511112;1.0001772292554107;0.9999433296444866;0.9999569830664291;0.9999049410974921;0.9999975518863365;1.024999976158142;
2016-12-29 09:30:00;1.0;0.9999870770301625;0.9999286198118627;0.9999871343668425;0.9999757369376867;0.9999784132654156;0.9999999999999999;0.9999428988198976;0.999906842045895;0.9999939226108686;0.999961157733038;1.0;0.9999964725636272;1.0;0.9999211580561166;0.999924908226047;0.9999259194790086;1.0;0.9999999999999999;0.9999250470031134;0.999974551029252;1.0;0.99992558284269;0.999999476819673;1.0002093179492377;0.9999479947363906;1.0;0.9999869791440472;0.9993731490436608;0.9994990469759756;1.0;0.999725401068235;0.9999411092223951;0.9991712136643995;0.9989631437264507;0.9997393021553236;1.0;0.9999900664615025;1.0001804747090255;0.9999503023491947;0.9999592767019146;0.9999162258164305;0.9999971698413708;1.024999976158142;
2016-12-29 09:45:00;1.0;0.9999878721660231;0.9998747831465395;0.999976688090197;0.999956659305889;0.9999598404221729;1.0;0.999908943180693;0.999831202635152;0.9999901293109579;0.9999330613595645;1.0;0.9999961995741703;1.0;0.9998903955529035;0.9998939166494966;0.9998947564056184;1.0;0.9999999999999999;0.9998669842469803;0.9999577990061734;1.0;0.9998944506771426;0.9999995698542156;1.0002160973768501;0.9999108340637874;1.0;0.9999761378216893;0.9993759603798327;0.9995040260575444;1.0;0.9997354860842141;0.9998966248051293;0.9991794542096301;0.9989752934326764;0.9997638375558475;1.0;0.999989685320429;1.0001864082267473;0.9999129341494947;0.9999312567796892;0.9998506886559593;0.9999970746770431;1.024999976158142;
2016-12-29 10:00:00;1.0;0.9999893171676121;0.9999224229009257;0.9999853587381706;0.9999737689008075;0.9999757787592713;0.9999999999999999;0.9999357854505253;0.9998984132719039;0.9999936362455505;0.9999573314598719;1.0;0.9999971618160051;1.0;0.9999121545930528;0.9999152558533451;0.9999163646865704;1.0;1.0;0.9999184133208001;0.9999734139371668;1.0;0.9999160192583607;0.9999993798381857;1.0002044210303576;0.9999438315961706;1.0;0.9999855027324687;0.9994092684639723;0.9995508243865585;1.0;0.9997589797241149;0.9999368108475604;0.9992769536949643;0.9991134722055384;0.999767996813758;0.9999999999999999;0.9999900664615025;1.0001762230956883;0.9999467352608683;0.9999566940246404;0.9999085774652231;0.9999977028885777;1.024999976158142;
2016-12-29 10:15:00;1.0;0.9999939426752927;0.9999315803429065;0.9999860000610207;0.9999779741557401;0.9999783981597659;1.0;0.9999302823536995;0.9999131730766231;0.9999947755038909;0.9999603932208703;1.0;0.9999974971782679;0.9999999999999999;0.9998953103781526;0.9998970723623348;0.9998986904647701;0.9999999999999999;0.9999999999999999;0.9999278345045702;0.9999749811899656;1.0;0.9998982083605145;0.9999989272592488;1.0002039330278971;0.9999476528056225;1.0;0.9999872032319028;0.9994090327582067;0.9995511768298683;1.0;0.999726177984246;0.9999470261172212;0.999151179463878;0.9989895167516836;0.9997549930761336;1.0;0.9999888913511112;1.0001756769005163;0.9999554414779165;0.9999594589626133;0.9999196748630452;0.9999982068499679;1.024999976158142;
2016-12-29 10:30:00;0.9999999999999999;0.9999943046818122;0.9999140528026483;0.9999824316142885;0.9999718947507678;0.9999722621418855;1.0;0.9999180606795067;0.9998889998986901;0.9999934748198603;0.9999510299119584;0.9999999999999999;0.9999974496229744;1.0;0.9998826711195732;0.99988433138934;0.9998859639247124;1.0;1.0;0.9999089786650212;0.9999694810322528;1.0;0.9998854750156183;0.9999989039068975;1.0002130009346855;0.9999353474424201;1.0;0.9999835787556443;0.9993904689264123;0.9995154012113964;1.0;0.9996962097920654;0.9999328471536533;0.9990258464371746;0.9988269881545697;0.9997501837217762;1.0;0.999989685320429;1.0001835097371878;0.9999435347355039;0.9999502137647583;0.9998984213011043;0.9999982051142035;1.024999976158142;
2016-12-29 10:45:00;1.0;0.9999932919599582;0.9998457155292062;0.9999642779712227;0.999953410483385;0.9999497196935233;0.9999999999999999;0.9998040683353908;0.9998127869606334;0.9999884378349737;0.9999040649471475;1.0;0.9999968940745904;1.0;0.9996817098572673;0.9996836591150204;0.9996894210816664;0.9999999999999999;1.0;0.9998386842587986;0.9999451859117008;1.0;0.9996878580640487;0.9999960036431927;1.000225884910212;0.9998784091128439;1.0;0.9999702086709791;0.9994194880821405;0.999549587278785;1.0;0.9997070625986222;0.9998879492903604;0.9990304368103945;0.9988568256813808;0.9997795140837948;0.9999999999999999;0.9999892724926028;1.0001929644242118;0.9999059692600283;0.9999083190649207;0.999820671594765;0.9999978313709331;1.024999976158142;
2016-12-29 11:00:00;1.0;0.9999911956046699;0.999855330189949;0.9999678311685474;0.9999547798015757;0.9999529268659543;1.0;0.9998333615267813;0.9998201014160196;0.9999889788853167;0.9999126667654482;0.9999999999999999;0.9999975609223092;1.0;0.9997387952690205;0.9997413488196631;0.9997458358077169;1.0;0.9999999999999999;0.9998488532141886;0.9999512319459388;0.9999999999999999;0.9997446320333854;0.9999969804103958;1.0002190554089783;0.9998900592247493;1.0;0.9999721150234063;0.9994270456377367;0.9995650098593837;0.9999999999999999;0.9997214588121585;0.9998914548875065;0.9990840947828703;0.9989270686264713;0.9997863456075441;0.9999999999999999;0.9999892724926027;1.000187537345707;0.9999088033395163;0.9999177022975008;0.9998310929127193;0.999998052406037;1.024999976158142;
2016-12-29 11:15:00;1.0;0.9999884491339;0.999890682492204;0.9999759738131173;0.999966347628989;0.9999655108177734;1.0;0.9998688368835171;0.9998670835598538;0.9999912436757628;0.999933338420816;1.0;0.999996773449208;1.0;0.999786806632625;0.9997901555174051;0.9997940382567179;1.0;0.9999999999999999;0.9998863514294134;0.9999612640336588;1.0;0.9997929713161613;0.9999974453080965;1.0002224808763271;0.9999152315513751;1.0;0.9999793613895971;0.9994143327143017;0.9995518994257175;1.0;0.9996871181194106;0.9999183305496163;0.9990352198878685;0.9988728104898048;0.9997167972457717;1.0;0.9999888913511112;1.0001907211968255;0.9999313088943868;0.9999356887027255;0.9998735145027552;0.999997430883295;1.024999976158142;
2016-12-29 11:30:00;1.0;0.9999912682423026;0.9999221776089162;0.9999852188076955;0.9999748765634808;0.9999764538083854;1.0;0.9999253365084935;0.999901110172332;0.9999939975437644;0.9999561264668604;1.0;0.9999944677957764;1.0;0.9998889094230078;0.9998914443509197;0.9998930276382888;0.9999999999999999;1.0;0.9999165845381818;0.999966275814729;0.9999999999999999;0.9998924541468951;0.9999989123496104;1.0002061776431932;0.9999369808404343;1.0;0.9999859453287341;0.9994239842057571;0.9995601765622466;0.9999999999999999;0.9997066332192854;0.9999391565284826;0.9990256910670064;0.9988640458576673;0.9997814262884628;1.0;0.9999904792909119;1.0001776394710833;0.9999488062752789;0.9999484751162526;0.9999084268863287;0.999996361965039;1.024999976158142;
2016-12-29 11:45:00;1.0;0.9999922074425774;0.9998711977463139;0.9999666022693945;0.9999682604938054;0.9999613209183372;1.0;0.9997579630082759;0.9998674053038678;0.9999905254158129;0.9999086949399135;1.0;0.9999905320358963;0.9999999999999999;0.9995522989926185;0.9995545595380426;0.999564027320326;1.0;1.0;0.9998652601966838;0.9999360347286117;1.0;0.9995612863689488;0.9999932145929538;1.0002347402718896;0.9998762118499731;1.0;0.9999767959979452;0.9994119113273824;0.9995469635547827;1.0;0.999662174285779;0.9999205227558278;0.9988475150247477;0.9986785328275608;0.9997691673044038;0.9999999999999999;0.9999896853204289;1.0001992530733457;0.9999335594215194;0.9999005102562181;0.9998557182270688;0.9999942702596818;1.024999976158142;
2016-12-29 12:00:00;1.0;0.9999921362767319;0.9999231386491211;0.9999846721268104;0.9999785815824691;0.9999789673184217;1.0;0.9998931709163923;0.9999126257544256;0.999994555646848;0.9999525698968449;1.0;0.9999886168187712;1.0;0.999813407424997;0.9998156941419643;0.9998190820555417;1.0;1.0;0.9999154473590305;0.99995179889811;1.0;0.9998178286732136;0.9999974352448355;1.0002194145773855;0.9999226902375683;1.0;0.9999873865536182;0.9993896661539141;0.9995161126272109;1.0;0.9996230925663413;0.999946626351147;0.998702476855438;0.9985079785059024;0.9997504912108384;1.0;0.9999908604325449;1.0001885017514196;0.9999552564530725;0.9999316399847322;0.9999112750997723;0.9999932145296858;1.024999976158142;
2016-12-29 12:15:00;0.9999999999999999;0.999989317167612;0.999936954271391;0.9999892125970327;0.9999806397510762;0.9999830870730747;1.0;0.9999335572368386;0.9999235231717691;0.9999951164978345;0.9999643711181491;1.0;0.9999905798167603;1.0;0.9998919366121314;0.9998950378097168;0.999896720414308;1.0;1.0;0.9999306826652449;0.9999625124185719;1.0;0.9998959868626157;0.9999987610454782;1.0002083496990408;0.9999407213122478;1.0;0.9999897390014497;0.9993960573080791;0.9995307565943977;1.0;0.9996874644900728;0.9999519385377986;0.998958216127474;0.9987774292902055;0.9997698224713302;1.0;0.9999884785248687;1.0001795246758232;0.9999595589375334;0.9999471847746687;0.9999264778464532;0.9999940959510945;1.024999976158142;
2016-12-29 12:30:00;1.0;0.9999891742454378;0.9999078576705559;0.9999814304971918;0.9999711127526139;0.9999720052558461;1.0;0.9998997443435761;0.999886068105676;0.9999927608274175;0.9999459999276731;1.0;0.9999943004392247;1.0;0.9998416192547438;0.9998447681284917;0.9998473987883219;1.0;1.0;0.9999023298659612;0.9999615530234701;1.0;0.9998465593023302;0.9999982250318991;1.0002186880297048;0.9999252848670064;1.0;0.9999832394480808;0.9993619796222885;0.9994843414034463;1.0;0.9996397835988207;0.999929725885954;0.9987599716503379;0.9985403272382192;0.9997614422496981;1.0;0.9999904792909119;1.0001880080666021;0.99994087968484;0.9999400719204007;0.9998925927028733;0.9999961234218149;1.024999976158142;
2016-12-29 12:45:00;1.0;0.9999841850491102;0.9998875524245019;0.9999733230114691;0.9999688698904237;0.9999662596042027;1.0;0.9998246414622383;0.9998757257005783;0.9999907655505899;0.9999253384082581;0.9999999999999999;0.999994241977437;1.0;0.9996854150609019;0.9996899975572129;0.999696538015299;1.0;1.0;0.9998843630229752;0.9999541118074105;1.0;0.9996947143838141;0.9999955874467166;1.0002298525871085;0.9999040912407825;1.0;0.9999795747334618;0.9993612420357307;0.999471067600478;1.0;0.9996261262974814;0.9999224921895125;0.9987030241981983;0.9984644555118487;0.9997591573227704;1.0;0.9999888913511114;1.0001960072208937;0.9999348589928276;0.9999256839129501;0.9998733164497735;0.9999957490937169;1.024999976158142;
2016-12-29 13:00:00;1.0;0.9999857755750001;0.9999042816662638;0.9999807695788051;0.9999700745675345;0.9999713180479313;1.0;0.9998942043634444;0.999882755286523;0.999992177448414;0.9999435598443629;0.9999999999999999;0.9999940274790374;1.0;0.9998296465798875;0.99983377177396;0.9998367300691321;1.0;1.0;0.9998992677501358;0.9999607588543009;1.0;0.9998358099242902;0.9999980620099563;1.0002207021592482;0.9999229357608217;0.9999999999999999;0.9999827084157554;0.9993839451669582;0.9994900377356274;1.0;0.999617450756863;0.9999267560943389;0.9986771820666845;0.9984478859051257;0.9997506860165764;1.0;0.9999904792909121;1.0001895631850612;0.999938326595226;0.9999384987866471;0.9998890902654095;0.9999957409324552;1.024999976158142;
2016-12-29 13:15:00;1.0;0.999987079369296;0.999908325455344;0.9999830393914989;0.9999693741800454;0.9999720488833187;0.9999999999999999;0.9999215899462445;0.9998809631575708;0.999992594614767;0.9999494831871572;1.0;0.9999949817083679;1.0;0.999889521380868;0.9998932812561083;0.9998947203909877;1.0;1.0;0.9999028036468371;0.999964886704669;1.0;0.9998942193816349;0.9999991305992642;1.00021392201192;0.9999305364054496;1.0;0.999983262036347;0.9993857918849272;0.9994971302386474;1.0;0.9996261306056654;0.9999259066344888;0.9987066969491859;0.9984859125832481;0.9997566423663584;1.0;0.9999900664615025;1.0001843123308272;0.9999375648086551;0.9999447587860745;0.9998920640536111;0.9999963511380677;1.024999976158142;
2016-12-29 13:30:00;1.0;0.9999884499806406;0.9998980595695739;0.9999816883247634;0.9999669430895078;0.9999698356452685;1.0;0.9999083600648645;0.9998695834601099;0.9999921653443087;0.9999439564932935;1.0;0.9999901797203785;1.0;0.9998670611009792;0.9998704135113081;0.9998720720653504;1.0;1.0;0.9998889668672758;0.9999502909530616;1.0;0.9998713334554894;0.9999987851975075;1.0002277374302129;0.999913772971737;1.0;0.9999819032889872;0.9993896612064044;0.9994997223558438;1.0;0.9996002029857054;0.9999197840150409;0.9986897878064979;0.9984731217445986;0.9996906727386845;1.0;0.9999900664615025;1.0001962780495988;0.9999325219767002;0.9999268089579043;0.9998794335482631;0.9999938167055278;1.024999976158142;
2016-12-29 13:45:00;1.0;0.9999821631039022;0.9998600585584997;0.9999762737222949;0.9999564333847148;0.9999613616460167;1.0;0.9998640878844598;0.9998263387826315;0.9999893306816104;0.9999228482234398;1.0;0.9999784764011364;1.0;0.9997894563467525;0.9997946310289075;0.9997974362932641;0.9999999999999999;1.0;0.9998437772040303;0.9999138348702641;1.0;0.9997960007672458;0.9999977377350813;1.000238384235545;0.9998667271776552;1.0;0.9999765161536744;0.9993978686084858;0.9994995497889393;1.0;0.999624921857307;0.9998927619613035;0.9987253254923629;0.9984987420461368;0.9997404908005316;0.9999999999999999;0.9999892724926027;1.0002051051598342;0.9999098759259668;0.99987983300685;0.9998349497947233;0.9999869667888366;1.024999976158142;
2016-12-29 14:00:00;1.0;0.9999853458755842;0.9998956357642261;0.999984281266274;0.9999696436021521;0.9999746482639253;0.9999999999999999;0.9998874592413926;0.9998765928691957;0.9999924412196955;0.9999425443338451;0.9999999999999999;0.9999739113863105;0.9999999999999999;0.9998123376989629;0.9998166030820527;0.9998192046269861;0.9999999999999999;1.0;0.9998785098303387;0.9999132138453621;0.9999999999999999;0.99981764176155;0.9999976548090651;1.000230977417381;0.9998820712388611;1.0;0.9999843454190918;0.9993984768413863;0.9995018066211303;1.0;0.9996745934196414;0.9999235925615745;0.9988919501531631;0.9986649729305527;0.9997761267979477;1.0;0.9999892724926029;1.0001989289239976;0.9999359048628533;0.9998857146771142;0.9998771188016541;0.9999846821273478;1.024999976158142;
2016-12-29 14:15:00;1.0;0.9999789861128356;0.999888719375947;0.9999836869816093;0.9999663286158718;0.9999728002763866;0.9999999999999999;0.9998905453221637;0.9998659316778925;0.9999913227381922;0.9999398126655026;1.0;0.9999747167224136;1.0;0.9998211865309913;0.9998272936324122;0.9998297174128284;1.0;1.0;0.9998727264369796;0.9999152604454409;0.9999999999999999;0.9998282546602006;0.999997956759712;1.000227724172456;0.9998818061713586;1.0;0.9999830971090201;0.9993969881021116;0.9995099567343471;1.0;0.9996974949195361;0.9999152605904149;0.9989905948754276;0.9987763959199791;0.9997777967786594;0.9999999999999999;0.9999908604325448;1.0001960651997481;0.9999287422278745;0.9998871510423992;0.9998694186987622;0.9999846837796285;1.024999976158142;
2016-12-29 14:30:00;0.9999999999999999;0.9999763786037696;0.9998853170840594;0.9999860398249466;0.9999676518174816;0.9999763931765823;1.0;0.9998773473946866;0.9998683754153105;0.9999915671965709;0.9999387460801292;0.9999999999999999;0.9999611350483575;0.9999999999999999;0.9997864400799289;0.9997932780060347;0.9997961691706462;1.0;1.0;0.9998622826607219;0.999884068095751;1.0;0.9997940996501008;0.9999972361151633;1.000240297961061;0.9998551275007028;1.0;0.9999849598406431;0.9993848987126188;0.9994775226945705;1.0;0.9996512554152742;0.9999163955017506;0.9988413440985167;0.9985913827682412;0.9997405991592487;1.0;0.9999880973849139;1.0002069542021805;0.9999298365722061;0.9998525956465784;0.9998654122508642;0.9999770650752072;1.024999976158142;
2016-12-29 14:45:00;0.9999999999999999;0.999986573564693;0.9999156454547444;0.999984626422126;0.9999723276905452;0.99997497136305;1.0;0.9999242885224203;0.9998924240292762;0.9999930520795547;0.9999532270465615;1.0;0.9999936842770016;1.0;0.9998884209476047;0.9998923271005838;0.9998938961697728;1.0;1.0;0.999910081493033;0.9999641200031407;1.0;0.9998933162042498;0.9999990105126156;1.0002159790195337;0.999933009009552;1.0;0.9999848825232796;0.9993875509438216;0.9994989825188042;1.0;0.9996543795605228;0.9999325750815206;0.9988677691093977;0.9986480119488005;0.9997320110046755;0.9999999999999999;0.9999916544037751;1.0001860522890755;0.9999431779991379;0.9999452015879449;0.9999010834134803;0.9999956054962917;1.024999976158142;
2016-12-29 15:00:00;1.0;0.9999770334168201;0.9999172611722832;0.9999862378896668;0.9999729486369779;0.9999775319479735;1.0;0.9999259123323615;0.999897210334445;0.9999923747850544;0.999954400064754;1.0;0.9999912402270072;1.0;0.999883075252091;0.9998897424732901;0.9998916318636639;1.0;1.0;0.9999125902907935;0.9999620515920452;1.0;0.9998909181708514;0.9999989295644337;1.0002169091595445;0.9999328502817741;1.0;0.9999860381000544;0.9993835441516539;0.9994943933440509;1.0;0.9996270621171625;0.9999325450200975;0.9987244007291166;0.998501323023543;0.9997473406409344;1.0;0.999989685320429;1.0001866139053828;0.999942983877858;0.9999435763832558;0.9999045470531551;0.9999936065286591;1.024999976158142;
2016-12-29 15:15:00;0.9999999999999999;0.9999782619156591;0.9999176214058421;0.9999861753066578;0.9999723105424858;0.9999767857951735;1.0;0.9999329683027811;0.9998950853957466;0.9999924003920966;0.9999553281899318;1.0;0.9999932104107612;1.0;0.9999004398574787;0.9999067508933007;0.9999082218522186;1.0;1.0;0.999913535967737;0.9999664920577274;1.0;0.9999076826103394;0.9999992587075507;1.0002197184365134;0.9999370874586159;1.0;0.9999856654811382;0.99938697966365;0.9994985495384564;1.0;0.9995872089764549;0.9999315613649211;0.9985772559992158;0.9983599272461582;0.9997278745685011;0.9999999999999999;0.9999888913511111;1.0001891938156318;0.9999421413717824;0.9999486795375886;0.9999044377377495;0.9999947713868281;1.024999976158142;
2016-12-29 15:30:00;1.0;0.9999803593380093;0.9999196544356859;0.9999866829857518;0.999973130279575;0.9999774948582322;1.0;0.9999343703659368;0.9998975287962144;0.9999928355527501;0.999956602220136;1.0;0.9999925042730659;1.0;0.9999030496127052;0.999908759556742;0.9999101222756904;1.0;1.0;0.999914827990135;0.999964938591555;1.0;0.9999095766841757;0.999999262668394;1.0002138276278798;0.9999366908727668;1.0;0.999986172637522;0.999386123654682;0.999497410147159;1.0;0.999644317456502;0.9999336730552837;0.9988047452639763;0.9985837720848703;0.9997446024798812;1.0;0.9999904792909119;1.0001841935081461;0.9999439679627616;0.9999473433716451;0.9999064514021014;0.9999945279573363;1.024999976158142;
2016-12-29 15:45:00;0.9999999999999999;0.9999769599012117;0.9998971161829837;0.9999865306348868;0.9999705787613795;0.9999779533353974;1.0;0.9998882972152094;0.9998816928126972;0.9999921242430907;0.9999440512413027;1.0;0.9999689590449214;1.0;0.9998051271764351;0.9998118096368156;0.9998146630848167;1.0;1.0;0.9998791935416558;0.9999050998813694;1.0;0.9998128872193647;0.9999975118683782;1.0002260331723138;0.9998770729019704;1.0;0.9999860207508547;0.9994132538505875;0.9995222742728923;1.0;0.9997004260534735;0.9999241880886469;0.9989978010555499;0.9987876718920369;0.9997816472128219;1.0;0.9999892724926028;1.0001945128481395;0.9999362927785242;0.9998775424790641;0.9998800269950318;0.9999813908670621;1.024999976158142;
2016-12-29 16:00:00;0.9999999999999999;0.9999824507344138;0.9999177850271348;0.9999861934717426;0.999972789488526;0.9999767903929899;1.0;0.9999309689805279;0.9998953142448677;0.9999929249090055;0.9999554510702944;1.0;0.9999918070361893;1.0;0.9998981019809768;0.9999031880357124;0.9999045733010158;1.0;1.0;0.9999120118749099;0.9999620419258225;1.0;0.9999039878408227;0.9999991734884651;1.000217494522836;0.9999332147310218;1.0;0.9999858080332152;0.9993957957084334;0.9995062407588667;0.9999999999999999;0.9996525060731393;0.9999330433500229;0.9989115401304549;0.9986968320183832;0.9996968138129164;1.0;0.9999880973849138;1.0001874039299246;0.9999434966601196;0.9999437196599442;0.9999038883121896;0.9999942948581292;1.024999976158142;
2016-12-29 16:15:00;0.9999999999999999;0.9999828838559627;0.9999542018449932;0.9999929271688041;0.9999859292221092;0.9999892493760261;1.0;0.9999504711214493;0.9999469759098232;0.999995633446682;0.9999738691689537;1.0;0.9999922913237501;1.0;0.9999118699942151;0.9999168288522121;0.9999185038435624;1.0;0.9999999999999999;0.9999513819502803;0.999973634017882;1.0;0.9999178601568705;0.9999989744030635;1.000204253471416;0.9999581336898765;1.0;0.9999931476153141;0.99940310879762;0.9995124632464498;0.9999999999999999;0.9996721902501233;0.9999637438254291;0.9989460330967473;0.9987325004681604;0.9997323029801816;1.0;0.9999900664615026;1.0001758461493802;0.9999693139021488;0.9999627820924519;0.999948315922241;0.999994590656538;1.024999976158142;
2016-12-29 16:30:00;1.0;0.9999863576966609;0.9999325424418696;0.9999884955068452;0.9999780707585971;0.9999810920446568;1.0;0.9999392907885458;0.9999151730660084;0.9999943251990525;0.9999629130991832;1.0;0.9999928213688012;1.0;0.9999075120024452;0.9999114851590843;0.9999128245718372;1.0;1.0;0.9999275709292872;0.9999674584861648;1.0;0.9999122727626989;0.9999991477071073;1.0002087824497854;0.999943661989328;1.0;0.9999884714124465;0.9993925228663872;0.9995172591789454;1.0;0.9996812930231832;0.9999459612496482;0.9989576096243719;0.9987595885998991;0.9997516535769442;1.0;0.9999904792909119;1.0001799377617084;0.9999544235379988;0.9999521334463962;0.9999212590399607;0.999995116581693;1.024999976158142;
2016-12-29 16:45:00;0.9999999999999999;0.9999745774825411;0.9999237380312537;0.9999878534337728;0.9999749048683058;0.9999800124996321;1.0;0.9999332580189881;0.9999058667602868;0.9999926093885372;0.9999582197003934;0.9999999999999999;0.999991423487234;1.0;0.9998925954532578;0.9998999785283671;0.9999017963966701;1.0;1.0;0.9999200742614914;0.9999652681492341;1.0;0.9999011175192999;0.9999990450254921;1.0002155001885353;0.9999387725626484;1.0;0.9999874239384487;0.999380156911586;0.9994999729732497;1.0;0.9996356696556511;0.9999368820236463;0.99879239155441;0.99858115077642;0.9997270616624904;1.0;0.999989685320429;1.0001853825153777;0.9999465672514382;0.9999484581396827;0.9999126436417488;0.99999353598137;1.024999976158142;
2016-12-29 17:00:00;0.9999999999999999;0.9999803593380091;0.9999345449960457;0.9999899353611739;0.9999786320304033;0.9999830974838094;0.9999999999999999;0.9999433134932475;0.9999189143072089;0.9999939966898798;0.9999645801581966;1.0;0.9999910927807053;1.0;0.9999100289405162;0.999915738924408;0.9999171344964887;0.9999999999999999;1.0;0.9999299972093619;0.9999661540115815;1.0;0.9999165288198029;0.9999991916395811;1.0002164490509124;0.9999442608080584;1.0;0.9999894409322861;0.9993395461140865;0.999475980779312;0.9999999999999999;0.9996309972297146;0.9999463673036079;0.9988006486303256;0.9985897094996671;0.9997075513609299;0.9999999999999999;0.9999896853204289;1.0001864784139158;0.9999546555005152;0.9999513964141861;0.999924448625631;0.9999937543695055;1.024999976158142;
2016-12-29 17:15:00;1.0;0.9999826697468345;0.9999435783218097;0.9999911827149067;0.999981634479805;0.9999854175980273;1.0;0.9999496640821873;0.9999304528651283;0.9999948025274189;0.9999691762811689;1.0;0.999992656944922;1.0;0.9999190467203196;0.999924079043999;0.9999253918307012;1.0;0.9999999999999999;0.9999400120430544;0.9999716514620459;0.9999999999999999;0.9999248552852058;0.9999992474580078;1.000213536636828;0.9999524810351479;1.0;0.9999908996546958;0.9993017984141424;0.9994495225044577;0.9999999999999999;0.9996452227292958;0.9999538524814819;0.9988624092351779;0.9986438024126444;0.9997082371094341;1.0;0.9999900664615026;1.0001840055740352;0.99996097492014;0.9999589453197242;0.9999350701563773;0.9999947735903124;1.024999976158142;
2016-12-29 17:30:00;1.0;0.9999826689042808;0.999917043371823;0.9999858240530449;0.9999735611237066;0.999977198074047;1.0;0.9999206162590831;0.9998974183255165;0.9999929943931471;0.999953830904726;0.9999999999999999;0.9999899929128665;1.0;0.9998746325982457;0.9998796614412467;0.9998815916013405;1.0;1.0;0.9999105476441174;0.9999572501207126;1.0;0.9998807993089208;0.9999987250332594;1.000223956131139;0.9999281029162955;1.0;0.9999860219578895;0.9992557701546566;0.9994219205881436;1.0;0.9996525401380909;0.9999344740656058;0.9989036951560901;0.9986831344667693;0.9997020331699425;1.0;0.9999896853204289;1.0001928121240626;0.9999447505442671;0.999937990720734;0.9999035100047687;0.9999933143959424;1.024999976158142;
2016-12-29 17:45:00;1.0;0.999976746637036;0.999908330223403;0.9999851961320694;0.9999695434561762;0.9999748976630045;0.9999999999999999;0.9999245124996267;0.9998837699794614;0.9999918281165782;0.9999506184697966;1.0;0.9999900756676439;1.0;0.9998867927290828;0.9998935524115515;0.9998951509619101;1.0;1.0;0.9999022439004758;0.9999571306226845;1.0;0.9998944703462361;0.999999102360919;1.0002197750502935;0.9999255429632352;1.0;0.9999845214030213;0.999318628636467;0.9994521142885472;1.0;0.9996602050492648;0.9999245175677721;0.9989362020296989;0.998706245180883;0.9997030275108949;1.0;0.9999892724926028;1.0001892259280358;0.9999362346001616;0.9999368448725842;0.999893354754012;0.9999929463182793;1.024999976158142;
2016-12-29 18:00:00;1.0;0.9999716171985842;0.9999169664049754;0.9999870966080079;0.9999728959059504;0.9999787521376075;0.9999999999999999;0.999926429418033;0.9998982289056174;0.9999919453245423;0.9999545798948615;1.0;0.9999893756637688;1.0;0.9998799104513817;0.9998881620762724;0.9998902001887606;1.0;1.0;0.9999124373204903;0.9999594850578649;1.0;0.9998894017549035;0.9999988929243663;1.0002168288225417;0.9999311921940953;1.0;0.9999865647345725;0.9993710066313547;0.999486003791271;1.0;0.9996776712707504;0.9999315328875831;0.9990000399793788;0.9987746352361577;0.9997120138413715;1.0;0.999989685320429;1.0001864285788635;0.9999420411628256;0.9999409578270883;0.9999049848848865;0.9999922063544414;1.024999976158142;
2016-12-29 18:15:00;1.0;0.9999705308326255;0.9998876968626343;0.9999813447185218;0.9999622845528304;0.999968411241574;1.0;0.9999105354987827;0.999856888518975;0.9999895164799414;0.9999395097221051;1.0;0.999989897564249;0.9999999999999999;0.9998680748108856;0.9998766315335108;0.9998785090903984;1.0;1.0;0.9998814486624814;0.9999522841404674;1.0;0.9998777750935224;0.999999047358864;1.0002271530651778;0.9999127392237989;1.0;0.9999803748170281;0.9994213125943643;0.9995124697817649;1.0;0.9996304238086098;0.9999067128669196;0.9988007266565455;0.998573227173529;0.9997056482186385;1.0;0.9999924483761709;1.000195368530303;0.9999211458913627;0.9999278812300502;0.9998695262923833;0.9999924194795071;1.024999976158142;
2016-12-29 18:30:00;1.0;0.9999732786349413;0.9999045623861562;0.9999839351937033;0.999969474001135;0.9999744969909062;1.0;0.9999080236887088;0.9998836032748936;0.9999911967683544;0.9999465481664281;1.0;0.9999888204249575;1.0;0.9998496476189517;0.9998574155021248;0.9998599782990552;1.0;1.0;0.9998988720630503;0.9999535514754981;1.0;0.9998590185200064;0.9999984678566118;1.0002275529216107;0.9999197715590717;1.0;0.9999840804725443;0.9994445421163594;0.9995203979919386;1.0;0.9995668769544226;0.9999234776652262;0.9985655762687307;0.9983328452922023;0.9996748239062792;1.0;0.9999920672329302;1.000195526778291;0.9999353387424266;0.9999317534388512;0.9998903321859884;0.9999920175062682;1.024999976158142;
2016-12-29 18:45:00;1.0;0.9999708218418968;0.9999181916391795;0.9999880590974871;0.9999744212939194;0.9999807251935489;1.0;0.9999203620231474;0.9999031837649333;0.9999921754563522;0.9999549318467821;1.0;0.9999849774470712;1.0;0.9998626377868827;0.9998711182941538;0.9998735089152495;1.0;1.0;0.9999116858562245;0.9999499385944736;1.0;0.9998724623778378;0.9999985173333819;1.0002226436180948;0.9999236627747915;1.0;0.99998762585011;0.999462696181067;0.9995362109333349;1.0;0.9996207097131413;0.9999343969175507;0.9987867546955291;0.9985600070777183;0.9996861024847853;0.9999999999999999;0.9999908604325449;1.0001913835144698;0.9999445025312279;0.9999306374894967;0.9999067436922703;0.9999897410770747;1.024999976158142;
2016-12-29 19:00:00;0.9999999999999999;0.9999676365990495;0.9998953009704826;0.9999828847215131;0.9999648441091219;0.9999713806059837;0.9999999999999999;0.9999140181746945;0.9998679546737143;0.9999899414506992;0.9999431189083249;1.0;0.9999906173654597;1.0;0.9998680731202888;0.9998774533824635;0.9998795557233704;1.0;0.9999999999999999;0.9998907845695715;0.9999571279217213;1.0;0.9998788017347027;0.9999989803430112;1.0002215866798905;0.9999200596816409;1.0;0.9999821399539299;0.9994709575960173;0.999531923965413;1.0;0.9995927002648483;0.9999123655260079;0.9986593266080952;0.9984195691735326;0.9996885960557523;1.0;0.9999916544037752;1.0001904222746654;0.9999258335788573;0.9999345687094562;0.999879406920412;0.9999926173138117;1.024999976158142;
2016-12-29 19:15:00;1.0;0.9999699506924882;0.9999093119645525;0.9999870153842081;0.999971873919869;0.9999787980289814;0.9999999999999999;0.9999118057980582;0.9998925421766006;0.9999916251355961;0.9999503853561731;1.0;0.9999818304408233;1.0;0.9998488594693941;0.999857574805736;0.999860086822682;1.0;1.0;0.9999006630772035;0.9999403874042955;1.0;0.9998588972059143;0.999998346785966;1.0002337894873086;0.9999120281402916;1.0;0.9999864344774607;0.9994501539969475;0.9995161436719192;1.0;0.9995093144364681;0.9999279545494862;0.998332811974151;0.9980911587256134;0.9996602643302077;1.0;0.999990860432545;1.0002010167659088;0.99993911695167;0.9999186172182366;0.9998960593235263;0.9999879601931002;1.024999976158142;
2016-12-29 19:30:00;1.0;0.9999699512783624;0.9998811682851558;0.9999787811874989;0.9999643483760257;0.9999688915212547;1.0;0.999861623685585;0.9998616173568418;0.9999894427049789;0.9999302325265657;1.0;0.9999833012621612;1.0;0.9997597602781733;0.9997684781693528;0.9997729076442625;1.0;0.9999999999999999;0.9998727121340575;0.9999338459618562;0.9999999999999999;0.999771280680472;0.999997053278603;1.00023284545317;0.9998908637642995;1.0;0.9999805563743808;0.9995404255886581;0.9995832622730053;1.0;0.9995651128923221;0.9999098296682872;0.9985589389519256;0.9983375111941192;0.9996740750906321;1.0;0.999990479290912;1.0001993907016788;0.9999239483949043;0.9999049219752366;0.9998643364968126;0.9999887655613785;1.024999976158142;
2016-12-29 19:45:00;1.0;0.9999810809575587;0.9998709471931615;0.9999716025866009;0.9999655746760424;0.9999641258391161;1.0;0.9997969394434375;0.9998605704043773;0.9999896380907689;0.9999156661607445;1.0;0.9999843011029672;1.0;0.9996301247651579;0.9996356200076306;0.9996430781095693;1.0;1.0;0.9998622688799153;0.9999270798612991;1.0;0.9996406679715666;0.9999946874415235;1.0002308420290027;0.9998740472271859;1.0;0.9999779955580819;0.9996510713218973;0.9996573768147302;1.0;0.9996244857758454;0.9999129875325595;0.9987638212955333;0.998554998784675;0.9997128875550223;1.0;0.9999900664615023;1.0001965947407516;0.9999269709178644;0.999892853330265;0.9998541573794509;0.999990083124172;1.024999976158142;
2016-12-29 20:00:00;1.0;0.9999799970920226;0.9998899515886296;0.9999803978546875;0.9999668640445508;0.9999703746381341;1.0;0.9998766650142717;0.9998690925810491;0.9999910254822018;0.9999364528914578;1.0;0.999983792326768;1.0;0.9997934548208104;0.9997992658959729;0.9998027295057484;0.9999999999999999;0.9999999999999999;0.9998796868329805;0.9999349179463803;1.0;0.9998013282040118;0.9999975031155565;1.000213920064931;0.9998959453842289;1.0;0.9999817802004132;0.9996615687147595;0.9996745785858853;1.0;0.9996767854392961;0.9999172633393794;0.9989037536494808;0.9987087651231821;0.9997745882945845;1.0;0.9999912732606052;1.000183562945743;0.9999303740578077;0.9999078350635915;0.9998725338573492;0.9999897291115614;1.024999976158142;
2016-12-29 20:15:00;1.0;0.9999825268162157;0.999877186473133;0.9999784381119927;0.9999621061393235;0.9999658631775238;1.0;0.9998749215938395;0.9998495221675504;0.9999902718502491;0.9999310595956635;0.9999999999999999;0.9999824151413058;1.0;0.9998012972046433;0.9998063767670834;0.9998092997523136;0.9999999999999999;1.0;0.9998643055917764;0.9999274566740727;1.0;0.9998079765555751;0.9999977775258784;1.000219728308321;0.9998848643061026;0.9999999999999999;0.9999791283489635;0.999654130491575;0.999655269011524;1.0;0.999654416551287;0.9999064629100394;0.9987852611217821;0.9985675391975282;0.9997879162842144;0.9999999999999999;0.9999900664615025;1.0001888485340755;0.9999213498213769;0.9998976160992686;0.9998560276367979;0.9999891490172267;1.024999976158142;
2016-12-29 20:30:00;1.0;0.9999844752685878;0.999851122084612;0.9999731599192017;0.9999528948559859;0.9999566623034126;1.0;0.999856999508189;0.9998125530765994;0.9999886933604314;0.9999172015219694;1.0;0.9999827328518024;1.0;0.9997844745638191;0.9997889780917385;0.9997918428683332;1.0;1.0;0.9998361795795689;0.999919936073598;0.9999999999999999;0.9997905383072758;0.9999977842972623;1.0002171565903584;0.9998671369638338;0.9999999999999999;0.9999738914235111;0.9996583546596627;0.9996694475877613;1.0;0.9996866992352066;0.9998852002608885;0.9989105500376082;0.9987097804140647;0.9997996902781127;1.0;0.9999908604325449;1.0001866752432653;0.9999035209636545;0.9998846044476735;0.9998241328615218;0.9999894607389977;1.024999976158142;
2016-12-29 20:45:00;0.9999999999999999;0.9999837536157312;0.9998965202628105;0.9999809995929524;0.9999671454665675;0.9999700323342018;1.0;0.9998975810848332;0.9998712741893;0.9999915550094048;0.9999415124586407;1.0;0.9999899560607943;1.0;0.9998405752974394;0.9998452922762645;0.9998477354693297;1.0;1.0;0.9998886889830105;0.9999502659200855;1.0;0.9998468061632904;0.9999983389004293;1.0002085076195435;0.999912312569361;0.9999999999999999;0.9999818091423586;0.999661101179355;0.9996785239660522;1.0;0.9996546476507188;0.9999194095386441;0.9987868845004059;0.9985986104657035;0.999787561599613;1.0;0.999989685320429;1.000179249111717;0.9999321375361715;0.9999261849126854;0.9998791196038868;0.9999933685958929;1.024999976158142;
2016-12-29 21:00:00;1.0;0.9999839000104082;0.9999068454134248;0.9999830774747764;0.9999706670157448;0.9999735511689493;1.0;0.9999053150072628;0.9998852408891525;0.9999923544550707;0.9999470834171651;1.0;0.9999901723089515;1.0;0.9998495528943273;0.9998542350770913;0.9998566271303162;1.0;1.0;0.999899815330704;0.9999538674835224;1.0;0.9998557183551119;0.9999983794931845;1.000202651459073;0.9999198800606176;1.0;0.9999839094400259;0.9996371882261206;0.9996596198772524;1.0;0.9996729782963839;0.9999277001516033;0.9988259448152781;0.9986283087866453;0.9998159116658055;1.0;0.9999900664615025;1.0001742111893817;0.9999391023601847;0.9999320349181173;0.9998915571977994;0.999993495449846;1.024999976158142;
2016-12-29 21:15:00;1.0;0.99998317668249;0.9998918746966441;0.9999800191508967;0.9999654191000811;0.9999683238977364;1.0;0.9998951928918142;0.9998647506389851;0.9999910899110734;0.999939063128835;1.0;0.9999903722679907;1.0;0.999838821849283;0.9998437106653856;0.9998461473048486;1.0;1.0;0.9998840466121983;0.9999499532606982;1.0;0.9998452372433524;0.9999983711518554;1.0002027846391521;0.9999100575490243;1.0;0.999980763437215;0.9996566713106492;0.99968076976314;0.9999999999999999;0.9997312860423536;0.9999153551500817;0.9990709185314667;0.9988871470417661;0.999824487823586;1.0;0.9999904792909121;1.0001742765123574;0.9999287109999295;0.9999250191601299;0.9998735919593877;0.9999935556759226;1.024999976158142;
2016-12-29 21:30:00;0.9999999999999999;0.99998512743558;0.9999275015015486;0.9999871451424363;0.9999768712505593;0.9999796922471933;1.0;0.9999286153686288;0.9999103938853606;0.9999938895028413;0.9999591054688584;1.0;0.9999926003075522;1.0;0.9998867320162107;0.9998910548937832;0.9998928779800678;1.0;1.0;0.9999226453441767;0.9999655334744714;1.0;0.9998921989095041;0.9999988298044616;1.0001965324796553;0.9999392094098346;1.0;0.9999876180719998;0.9996076629346964;0.9996436367241228;1.0;0.9996947246628832;0.9999428158936259;0.9989392207272942;0.998743165310942;0.9998042996009137;1.0;0.999989685320429;1.0001691337628444;0.9999517773698716;0.9999488375828265;0.9999158725360171;0.9999949119953103;1.024999976158142;
2016-12-29 21:45:00;1.0;0.9999785486651342;0.9999005707952527;0.9999820206854151;0.9999677032315529;0.9999714145567793;1.0;0.999906207581955;0.9998757792049063;0.9999912685989999;0.9999440932080923;0.9999999999999999;0.9999920199323697;0.9999999999999999;0.9998540399598493;0.999860258271284;0.9998626104920945;1.0;1.0;0.9998951808876537;0.9999579722931633;1.0;0.9998618005853465;0.9999985927739665;1.0002007453580974;0.999921117532779;1.0;0.9999824975556908;0.999630880609679;0.9996598307905353;1.0;0.9997184534090922;0.9999203752257156;0.9990269408344064;0.9988343856720068;0.9998158876263683;1.0;0.9999912732606052;1.000172450781025;0.9999328019888338;0.999935641889644;0.9998847224011683;0.9999941411654936;1.024999976158142;
2016-12-29 22:00:00;1.0;0.9999827435105255;0.9999237913889478;0.9999864703611946;0.99997570395478;0.9999788094526965;1.0;0.9999241243365797;0.9999063391900076;0.9999933981475665;0.9999567946141911;1.0;0.9999923938263303;1.0;0.9998779629737339;0.9998829792564325;0.9998850207623775;1.0;1.0;0.9999192004965496;0.9999646122347503;1.0;0.9998842877064027;0.9999987236707002;1.000189624064443;0.9999367618218957;1.0;0.9999870145421813;0.9996752059958882;0.9996938734866044;1.0;0.9997356457268232;0.9999397065338577;0.9990762340708532;0.9988957569233712;0.9998339309900185;0.9999999999999999;0.9999896853204288;1.0001630315684733;0.9999491230894002;0.9999471285742042;0.999911948203444;0.9999946331959734;1.024999976158142;
2016-12-29 22:15:00;0.9999999999999999;0.9999838262889819;0.9999249784764275;0.999986360747471;0.9999769909638169;0.9999795586506622;1.0;0.9999163250549961;0.9999104378306122;0.9999936649972323;0.9999563232866046;1.0;0.9999911793765517;1.0;0.9998595482744335;0.9998642463260201;0.9998667305744845;0.9999999999999999;1.0;0.9999198801016167;0.9999615190888592;0.9999999999999999;0.9998658352654867;0.9999983492748149;1.0001935692046902;0.9999339196254105;1.0;0.999987468818389;0.9996654312401069;0.9996852193660083;0.9999999999999999;0.9997284985785461;0.9999425550163574;0.9990676200985147;0.9988832313529994;0.999818399204052;1.0;0.9999904792909118;1.0001663112238572;0.9999515755913151;0.9999436204940407;0.999913692292538;0.9999940435744353;1.024999976158142;
2016-12-29 22:30:00;1.0;0.999981152128994;0.999938217924447;0.9999895604184905;0.9999810583906255;0.9999843792408232;1.0;0.9999313565040834;0.9999276370862804;0.9999943804013903;0.999964221611056;1.0;0.9999913453484468;1.0;0.9998805790910239;0.9998860501267318;0.9998882817915693;0.9999999999999999;1.0;0.999934502161517;0.9999669328486323;1.0;0.9998874678119483;0.9999985957774886;1.0001830251070853;0.9999449532990136;1.0;0.9999902288402113;0.9996933065330064;0.9997237558796337;1.0;0.9997798677470113;0.9999518589067277;0.9992629211287345;0.9991113932313404;0.999839845950188;1.0;0.9999900664615023;1.000157250112618;0.9999593219085663;0.9999522725006208;0.9999297908804036;0.999993949977342;1.024999976158142;
2016-12-29 22:45:00;1.0;0.9999832467136786;0.9999424088289628;0.9999899995737902;0.9999824020394131;0.9999851955027095;0.9999999999999999;0.999934751540277;0.9999325915800071;0.999994824146978;0.9999663734453772;1.0;0.9999924282866017;0.9999999999999999;0.999886622754573;0.9998914830501867;0.9998936144535548;1.0;1.0;0.9999390982981498;0.9999699743709526;1.0;0.9998928574478206;0.9999986510764325;1.0001792539285068;0.9999491175105065;1.0;0.9999907855451922;0.9996924704720938;0.9997217689352099;1.0;0.9997981429854729;0.9999553960370351;0.9993144429882824;0.9991598809860088;0.9998596653532036;1.0;0.9999892724926028;1.0001540439314;0.999962323546616;0.9999562919263826;0.999934533222142;0.9999946893640438;1.024999976158142;
2016-12-29 23:00:00;1.0;0.9999818760778324;0.9999224969452585;0.9999861785397488;0.9999758288242004;0.9999788814254482;1.0;0.9999177675612646;0.9999065927173045;0.999993267095837;0.9999554412077754;1.0;0.9999912405746201;1.0;0.9998635673478892;0.999868834921869;0.9998712182958442;0.9999999999999999;1.0;0.9999175777739594;0.9999616281487896;1.0;0.9998703588526628;0.9999984687674219;1.0001871504137736;0.9999333370604744;1.0;0.9999869974443965;0.9996679145687023;0.9997038650447346;1.0;0.9998089712232645;0.9999396577451968;0.9993626525926734;0.999202166572534;0.999859427411635;1.0;0.9999892724926028;1.000160762093145;0.9999490910937582;0.9999434625024053;0.999910832478752;0.9999939411040814;1.024999976158142;
2016-12-29 23:15:00;1.0;0.9999815861358584;0.9999422079368788;0.9999903042859437;0.9999824417504612;0.999985647777988;1.0;0.9999344063854003;0.999933010930691;0.9999946866849181;0.9999663746665116;1.0;0.9999914327540741;1.0;0.9998844023030953;0.9998897493412697;0.9998919437608915;0.9999999999999999;1.0;0.9999387084065663;0.9999681920362552;1.0;0.9998911408581589;0.9999986125853403;1.0001823826980543;0.999947730540624;1.0;0.9999909755550231;0.9996781888487166;0.9997058154793548;0.9999999999999999;0.9998044312197776;0.9999551638294789;0.9993501864885384;0.9991839618166195;0.9998542921678066;0.9999999999999999;0.9999896853204289;1.0001567137250822;0.9999621061762825;0.9999543706831554;0.9999345332406123;0.9999940274818249;1.024999976158142;
2016-12-29 23:30:00;1.0;0.9999831037951162;0.9999317426309791;0.9999873145734032;0.999978600061281;0.9999810024955479;1.0;0.9999258970773572;0.9999178934619061;0.9999939125781687;0.9999601444350916;1.0;0.9999940407450975;0.9999999999999999;0.9998762124032463;0.9998811204822976;0.9998833970142179;1.0;1.0;0.9999287241296699;0.99997036759626;0.9999999999999999;0.9998826625419238;0.9999986060337067;1.00018309079428;0.9999444091091011;0.9999999999999999;0.9999883169663524;0.999688460980602;0.9997177342959158;1.0;0.9998044682053508;0.9999466206867289;0.9993509257696013;0.9991938552040607;0.9998538900076981;1.0;0.9999912732606054;1.0001572661635674;0.9999549298423696;0.9999546368023124;0.9999219026007466;0.9999955616338061;1.024999976158142;
2016-12-29 23:45:00;1.0;0.9999809337085894;0.9999407538832406;0.9999899781015406;0.9999814192159311;0.9999847436857947;1.0;0.9999375466281463;0.9999296669144212;0.9999944368994502;0.9999659907993846;1.0;0.9999927797267121;1.0;0.9998928993781826;0.9998984276490451;0.9999004309001734;1.0;1.0;0.9999378980932369;0.9999711325502059;1.0;0.999899728743797;0.9999988063239027;1.0001778449925023;0.9999498292945965;1.0;0.99999043904524;0.9996915614365584;0.9997177216519441;1.0;0.9998203224853981;0.9999529192815904;0.9993946726859753;0.9992341509379102;0.9998717173646965;0.9999999999999999;0.9999896853204289;1.000152828306752;0.9999601799910404;0.9999574591050687;0.9999327052225369;0.9999947224345831;1.024999976158142;
2016-12-30 00:00:00;1.0;0.9999713293039716;0.9999650786753582;0.9999963192085946;0.9999889333079235;0.9999944017188049;1.0;0.9999653018540927;0.9999626310966605;0.9999952324806328;0.9999805558242217;1.0;0.9999921923452111;1.0;0.9999280414406296;0.9999363827220278;0.9999381039398249;1.0;1.0;0.9999653389809059;0.9999804967930617;1.0;0.9999374910569188;0.9999992150926909;1.0001720200252484;0.999969943851404;1.0;0.9999957480130696;0.999699568531709;0.9997357552704935;1.0;0.9998350538547308;0.9999693932483209;0.9994647746387256;0.9993247105097229;0.9998683302119388;1.0;0.9999892724926027;1.0001477525697202;0.999973801784362;0.9999728448906543;0.9999630966359057;0.999993728707067;1.024999976158142;
2016-12-30 00:15:00;1.0;0.9999628006439182;0.9999553832120293;0.9999948982248289;0.999985914309485;0.9999926275210234;1.0;0.9999533504389593;0.9999527244727285;0.9999938014227158;0.9999745885789432;1.0;0.9999910032856668;1.0;0.9999028673447227;0.9999136736051517;0.9999160569967458;1.0;1.0;0.9999564888241989;0.9999773029867702;1.0;0.9999152646715761;0.9999989123462613;1.000173719946506;0.9999631017784111;1.0;0.9999944232262655;0.9997020879555475;0.999737500426969;1.0;0.9998349587658621;0.9999609897261286;0.9994582424231166;0.9993185661381219;0.9998724857014881;0.9999999999999999;0.999988891351111;1.000148837742214;0.9999665922115936;0.9999676064502329;0.9999531965381783;0.9999924882719061;1.024999976158142;
2016-12-30 00:30:00;1.0;0.9999515278430862;0.9999287302097404;0.9999903630297503;0.9999763570937634;0.9999849413194116;1.0;0.9999351881952031;0.9999182730224139;0.9999907615636313;0.999960219743174;0.9999999999999999;0.9999907573803754;1.0;0.9998765119252223;0.999890584726837;0.9998934583629928;1.0;0.9999999999999999;0.9999304545330049;0.9999722224077283;1.0;0.999892576150344;0.9999988282094544;1.0001793517200712;0.9999478477991933;1.0;0.9999895258460906;0.9997079788534183;0.9997347366176532;0.9999999999999999;0.9998290432166869;0.9999371622573194;0.9994225993259164;0.9992734611634304;0.9998789218702814;0.9999999999999999;0.9999896853204289;1.0001533186670688;0.999946337422688;0.99995745927892;0.9999229739011111;0.9999915732398339;1.024999976158142;
2016-12-30 00:45:00;0.9999999999999999;0.9999622906109311;0.9999569363829759;0.9999954159586657;0.9999859949657756;0.9999929900339195;1.0;0.9999590459895332;0.999953545746322;0.9999938366564859;0.999976045267485;1.0;0.999991558364017;1.0;0.9999143861283101;0.9999253225329301;0.9999274567419558;0.9999999999999999;1.0;0.9999583741805282;0.999979360332318;1.0;0.999926750330047;0.9999991184429073;1.0001672239853998;0.9999659296512564;1.0;0.9999946317722679;0.9997078195423659;0.9997416751705002;1.0;0.9998539935108472;0.9999612747334857;0.999491481441057;0.9993520709280104;0.9999070120673765;1.0;0.9999892724926029;1.000143301612247;0.9999668039214878;0.999970327652638;0.9999548694207296;0.9999927614188793;1.024999976158142;
2016-12-30 01:00:00;0.9999999999999999;0.9999531894717104;0.9999456244643307;0.9999941196452738;0.9999818743509786;0.9999905874879377;1.0;0.9999526918015655;0.9999397989492604;0.9999921617434353;0.9999702406385359;0.9999999999999999;0.9999904333147766;1.0;0.9999027835099416;0.9999163730876306;0.9999187987019437;1.0;1.0;0.9999476956662434;0.9999763022406449;1.0;0.9999180127802333;0.999999091926554;1.0001741145586494;0.999959192073413;1.0;0.9999928929453905;0.9997212542037377;0.9997547814455126;0.9999999999999999;0.9998476659696051;0.9999503704928755;0.9995040852613891;0.9993737397796686;0.99987946796183;1.0;0.9999896853204291;1.0001490066182483;0.9999574602940993;0.9999652308872685;0.9999426674414993;0.9999915111541213;1.024999976158142;
2016-12-30 01:15:00;1.0;0.9999742906888432;0.9999541324965999;0.9999939917945609;0.9999850360801901;0.999990179089632;1.0;0.9999588630012208;0.9999464463739235;0.9999947383901462;0.9999749395192108;1.0;0.99999242323385;1.0;0.9999249559001334;0.9999324316559924;0.99993397376097;1.0;1.0;0.9999530319462764;0.9999768966108556;1.0;0.999933403356953;0.9999992781556645;1.0001710863366076;0.9999621113767103;1.0;0.999993392498545;0.9997119818464726;0.9997568460905961;1.0;0.9998512426856105;0.9999607229511506;0.9995207933086118;0.9994016123350673;0.9998788571039012;1.0;0.999987217370298;1.000147061223794;0.9999665717282125;0.9999668902106166;0.9999492367562466;0.9999940619393977;1.024999976158142;
2016-12-30 01:30:00;1.0;0.9999575979088609;0.9999554602272762;0.9999949242263222;0.9999861761641281;0.9999933692053723;0.9999999999999999;0.999948948584008;0.9999551183721341;0.9999933120938812;0.9999738048102457;1.0;0.9999910519738854;0.9999999999999999;0.9998892945550926;0.9999016084172372;0.9999044817912873;1.0;1.0;0.9999579930483502;0.9999788132722521;1.0;0.9999035863300751;0.9999986960929157;1.000168780220663;0.9999641979107589;1.0;0.9999946843397675;0.9997220550058384;0.999778434083613;1.0;0.999868562725512;0.9999608333348222;0.999582348745869;0.9994869255478026;0.9998890359723671;1.0;0.9999768191385613;1.0001442839846324;0.9999663638361668;0.9999692010829854;0.9999545604870409;0.9999921548450924;1.024999976158142;
2016-12-30 01:45:00;1.0;0.9999553533944933;0.999936019248889;0.9999918604298998;0.9999788157482017;0.9999870486662785;1.0;0.9999428305449142;0.9999269005091292;0.9999916995256165;0.9999646726412844;1.0;0.999990407170886;0.9999999999999999;0.9998901582993144;0.9999031048437069;0.9999056392830266;0.9999999999999999;1.0;0.999937037044827;0.9999725636591569;1.0;0.9999048157350906;0.9999989619107361;1.0001688780372098;0.9999514429106793;1.0;0.9999908992471858;0.9997610315479487;0.9998350201809945;1.0;0.9999015859911534;0.9999434363320202;0.9996909762736382;0.9996470229905112;0.9999143447885034;1.0;0.9999768191385615;1.0001444695937083;0.9999516879122253;0.9999592047650325;0.9999308638248711;0.9999916503184847;1.024999976158142;
2016-12-30 02:00:00;0.9999999999999999;0.9999588941405929;0.9999524335418088;0.9999948398624021;0.9999841409859207;0.9999917858544608;1.0;0.9999582458589957;0.9999473793961082;0.9999931608234925;0.9999738973076474;1.0;0.9999917281419318;1.0;0.9999141262854819;0.9999260455444051;0.9999281945514469;1.0;1.0;0.9999543486349951;0.9999795287993558;0.9999999999999999;0.9999275040137909;0.9999991927927655;1.0001656382532036;0.9999644868178431;1.0;0.9999938119132467;0.9997501027559199;0.9998252956786817;1.0;0.9998954819986499;0.9999565654790571;0.9996860092115682;0.9996370809441901;0.9998994054298863;0.9999999999999999;0.99997761308553;1.0001418613807567;0.9999627683590427;0.9999698566765282;0.9999498946142242;0.9999926197616449;1.024999976158142;
2016-12-30 02:15:00;1.0;0.9999643853672;0.9999595741339149;0.9999955386749502;0.9999869453549063;0.999993385831697;1.0;0.9999600759909258;0.9999568012589014;0.9999941778937419;0.9999772269360265;1.0;0.99999228744323;0.9999999999999999;0.9999162318267316;0.9999265573857687;0.9999286634374293;1.0;1.0;0.9999611612835566;0.9999810996942335;1.0;0.9999279825751366;0.9999991108741451;1.0001633435561277;0.9999682336446706;1.0;0.9999949311537628;0.9997732495858074;0.9998399812697392;0.9999999999999999;0.9998997847851213;0.999963826744165;0.99970546740298;0.9996588307077879;0.9998991027645423;1.0;0.9999769789522028;1.0001399775128448;0.999968985472025;0.9999725908141971;0.9999577975826571;0.999993306929191;1.024999976158142;
2016-12-30 02:30:00;1.0;0.9999713996444022;0.9999442416590353;0.9999921414910415;0.9999814296245457;0.9999870119005507;1.0;0.9999526127818175;0.9999331509091409;0.9999937040959126;0.9999696354280697;1.0;0.9999927359403438;0.9999999999999999;0.9999173490265479;0.9999256613851207;0.9999273098765142;0.9999999999999999;1.0;0.9999432838425795;0.9999755559023921;1.0;0.9999267351265391;0.999999281768149;1.0001654228894759;0.9999568270191157;1.0;0.9999914331997747;0.9997826243243227;0.9998506150489231;1.0;0.9999113139966769;0.9999519606522412;0.999727400389621;0.9996883458637141;0.9999188003732927;0.9999999999999999;0.9999773917673769;1.0001420613785759;0.9999591432399318;0.9999636869180835;0.9999377844132132;0.999994033524637;1.024999976158142;
2016-12-30 02:45:00;1.0;0.9999677112287639;0.999968035793405;0.9999969972904732;0.9999896952672399;0.9999956100755036;1.0;0.999968539506597;0.99996695126427;0.9999950518334861;0.9999820882598687;1.0;0.9999929681927523;0.9999999999999999;0.999930742851576;0.9999401111220173;0.9999419259756283;1.0;1.0;0.9999697177317668;0.9999842431832903;1.0;0.9999413315500605;0.999999258658579;1.0001598538840764;0.9999745521535511;1.0;0.9999963412737467;0.9997734802564154;0.9998436826740593;1.0;0.9999088875229204;0.9999708095369957;0.9997274989536608;0.9996859564675092;0.9999114509883588;1.0;0.9999769789522028;1.0001371180286127;0.9999749069561442;0.9999775770795267;0.9999673066553788;0.9999939086648725;1.024999976158142;
2016-12-30 03:00:00;0.9999999999999999;0.999966625662971;0.999956773568082;0.9999946219364723;0.999986151748728;0.9999920760214731;1.0;0.9999559467917585;0.9999529560314954;0.9999941888431917;0.9999753963948339;1.0;0.9999925629373494;1.0;0.9999109507190449;0.9999206272738533;0.9999227781144209;0.9999999999999999;1.0;0.9999579007901493;0.9999801068943951;1.0;0.9999220869857981;0.9999990368831059;1.000162459087901;0.9999658132397076;1.0;0.9999942453493122;0.9997875982565793;0.9998550486958667;1.0;0.9999116024129244;0.9999622474679896;0.9997504304853198;0.9997141331503954;0.9999040311915045;1.0;0.9999773917673769;1.0001392281970367;0.999967706673167;0.9999708408654;0.9999541734436106;0.9999936128650816;1.024999976158142;
2016-12-30 03:15:00;1.0;0.99996041429589;0.9999378764045646;0.9999913438883162;0.9999794758307575;0.9999865091616787;1.0;0.9999425799892396;0.9999283076154313;0.999992239969774;0.9999652101228897;1.0;0.9999921653732939;1.0;0.9998922627752699;0.9999037526111452;0.9999062011751658;1.0;0.9999999999999999;0.999938935174401;0.9999754673350543;1.0;0.9999054440270456;0.9999989620551367;1.0001664225605071;0.9999540311936376;1.0;0.9999907748321425;0.9997834816941257;0.999854109165375;1.0;0.9999196065953166;0.9999457790975271;0.9997777792029153;0.9997434588890235;0.999909470834127;1.0;0.9999769789522027;1.000142433902517;0.9999537436908726;0.9999624657303393;0.999932443639568;0.9999929619093016;1.024999976158142;
2016-12-30 03:30:00;1.0;0.9999758754597151;0.9999727011676932;0.9999974071677943;0.9999916911519315;0.9999963302208077;0.9999999999999999;0.9999699167358707;0.9999722215284821;0.999996231526637;0.9999845463890477;1.0;0.9999925968697219;1.0;0.9999353909289284;0.999942385907502;0.9999439486685968;1.0;0.9999999999999999;0.9999726649206025;0.9999822303002177;0.9999999999999999;0.9999433727229168;0.9999992304711439;1.000156076833526;0.9999743670907831;1.0;0.9999970456613342;0.9997721986489266;0.9998395560876266;1.0;0.9999113352098481;0.9999764609425187;0.99971908088972;0.9996720841467894;0.9999245149014441;0.9999999999999999;0.9999768191385614;1.0001340991000556;0.9999798353910704;0.9999759859170173;0.9999715473265223;0.9999942719729309;1.024999976158142;
2016-12-30 03:45:00;1.0;0.9999807933381107;0.9999617023531235;0.9999948091447934;0.9999874716191518;0.9999914211485565;1.0;0.9999661505066335;0.999954570993143;0.9999958254346554;0.9999791550349646;1.0;0.999993970341444;1.0;0.9999401804620758;0.9999457665932742;0.9999469331848319;0.9999999999999999;1.0;0.9999604147219694;0.9999807221760201;1.0;0.9999464897503227;0.9999994381779169;1.0001605562539733;0.9999682795770537;1.0;0.9999943505914665;0.9997786716934165;0.9998443377912861;0.9999999999999999;0.9999063506659801;0.9999674652779017;0.9997169547029183;0.9996719667426647;0.999910998416171;1.0;0.999976671583196;1.0001381848260402;0.9999723489034708;0.9999723284297273;0.9999571859116481;0.9999953611797686;1.024999976158142;
2016-12-30 04:00:00;0.9999999999999999;0.9999615029103296;0.9999392252726106;0.9999923026046948;0.9999802011646031;0.9999876220285889;1.0;0.9999447138218936;0.9999303515496355;0.9999925602890254;0.9999666119872335;1.0;0.9999896453905445;1.0;0.9998955230409887;0.9999067175396172;0.9999089940964839;1.0;1.0;0.9999386316127093;0.9999699503753272;1.0;0.9999081847487927;0.9999989750815712;1.0001693360810873;0.9999504272353297;1.0;0.9999914292523454;0.999780082480847;0.9998447751841267;1.0;0.99990878238861;0.9999473842623421;0.9997366080092706;0.9996912151344783;0.9999049534468326;1.0;0.9999768191385612;1.0001450856220273;0.9999551401338065;0.9999568152944303;0.999933594395902;0.9999916512913164;1.024999976158142;
2016-12-30 04:15:00;1.0;0.999967495381205;0.9999665692922509;0.9999963744273344;0.999989563806355;0.999995186213083;1.0;0.9999626749668223;0.9999662724896774;0.9999949345316336;0.9999805255864589;1.0;0.9999930080921665;1.0;0.9999185817758102;0.9999280168607831;0.9999301356656053;1.0;1.0;0.9999684338395144;0.9999837448299137;0.9999999999999999;0.9999294657407419;0.9999990521903143;1.0001608788481282;0.9999730019252556;0.9999999999999999;0.9999960857981112;0.9997751235945532;0.9998395074204361;0.9999999999999999;0.9999080293749341;0.9999703719447101;0.9997355874548093;0.9996864781733905;0.999903382514089;1.0;0.9999773917673768;1.0001378795600973;0.9999745464401043;0.9999765609778735;0.999965923656027;0.9999939145658958;1.024999976158142;
2016-12-30 04:30:00;0.9999999999999999;0.9999659031942963;0.999939676024455;0.9999911408073971;0.9999801786053976;0.9999861942188483;1.0;0.9999434351885872;0.9999295831365801;0.9999928600213775;0.9999661160771433;0.9999999999999999;0.9999928127736277;1.0;0.9998967720447426;0.9999066584149611;0.9999089065246354;1.0;1.0;0.9999399667518591;0.9999757559847714;1.0;0.999908202498813;0.9999989935730563;1.000165472109689;0.9999546469561746;0.9999999999999999;0.9999907744497643;0.9997733904279916;0.9998411954819643;1.0;0.9999157430314234;0.9999482040159654;0.9997430798172597;0.9996976115006411;0.9999214392208673;1.0;0.999977391767377;1.0001417729817688;0.9999558887104507;0.9999629356713002;0.9999336879807031;0.9999936996630303;1.024999976158142;
2016-12-30 04:45:00;1.0;0.9999694455330684;0.9999668040210721;0.9999968240975379;0.999989125975311;0.9999949631627759;1.0;0.9999699005046685;0.9999642753844717;0.9999951389934725;0.9999818408215199;1.0;0.9999929071217483;1.0;0.9999360485450074;0.9999449142507792;0.9999465215258193;0.9999999999999999;1.0;0.9999678682512537;0.999983313732956;0.9999999999999999;0.9999459711447886;0.9999993621636729;1.0001601951264276;0.9999733962879176;1.0;0.9999960264239038;0.9997713109854574;0.9998386350908323;1.0;0.9999091271686812;0.9999697479038231;0.9997385118369407;0.9996913051070433;0.9999046829507552;1.0;0.9999824311988421;1.0001375264969765;0.9999740456319508;0.9999763984962787;0.9999653318213618;0.9999939952441458;1.024999976158142;
2016-12-30 05:00:00;0.9999999999999999;0.9999654674432001;0.9999490278352354;0.9999935585776589;0.9999833541366544;0.9999898403137544;1.0;0.9999526418532855;0.9999421345960482;0.9999935841522;0.9999717438643626;1.0;0.9999916506748975;1.0;0.9999088858792535;0.9999188898913518;0.9999209534456512;1.0;1.0;0.9999492709263585;0.9999761965240218;1.0;0.9999202557282816;0.9999990944516391;1.0001639443967765;0.9999595709880954;1.0;0.9999929024254897;0.9997810375428583;0.9998488087768791;1.0;0.9999088673912004;0.9999555112265174;0.9997442721103954;0.9997041386998241;0.9998999685013578;0.9999999999999999;0.9999896853204291;1.000140544256042;0.9999620284175578;0.99996530932971;0.9999447825109579;0.9999930347363071;1.024999976158142;
2016-12-30 05:15:00;1.0;0.9999648202508722;0.999947123793208;0.999993286526296;0.9999828322897379;0.9999894645612021;1.0;0.9999501579197251;0.9999400836686895;0.9999934179712462;0.999970618862195;1.0;0.999991138957759;1.0;0.9999041729828126;0.9999143776413166;0.9999165321889273;1.0;1.0;0.9999471506922379;0.9999746399013945;0.9999999999999999;0.999915795195217;0.9999990286061518;1.000164851965308;0.9999574244455608;1.0;0.99999265850694;0.999770779437153;0.9998453854010096;1.0;0.999912615046351;0.9999541217351914;0.9997554519005809;0.9997189148127259;0.9999036281023993;1.0;0.9999892724926028;1.0001412901758415;0.9999608559506614;0.9999632487832425;0.9999426482888017;0.9999927063356449;1.024999976158142;
2016-12-30 05:30:00;1.0;0.9999711840707037;0.9999654097922607;0.9999962158022593;0.9999887231830832;0.9999941181763109;1.0;0.9999676901681169;0.9999622167952593;0.9999951712956645;0.9999808442654787;1.0;0.9999934021631383;1.0;0.9999335999197498;0.9999419792588973;0.9999436027682879;0.9999999999999999;1.0;0.9999663273445046;0.9999834254547144;1.0;0.9999430597278679;0.999999326902026;1.0001607718183796;0.9999726003285119;1.0;0.9999955890582793;0.999759037099066;0.9998358150984211;0.9999999999999999;0.9999108166393689;0.9999690535908385;0.9997349426472493;0.9996938653129552;0.9999121700853408;1.0;0.9999884785248686;1.0001380373963678;0.99997349358606;0.999976155751276;0.9999634688752124;0.9999943826494209;1.024999976158142;
2016-12-30 05:45:00;1.0;0.9999751561590836;0.9999427405504868;0.9999910758286448;0.9999819164185106;0.9999864063159379;1.0;0.999940724789565;0.9999332812646884;0.9999940714230646;0.9999673411812459;0.9999999999999999;0.9999920874733023;1.0;0.9998940980942194;0.9999013158174386;0.9999034407475433;1.0;1.0;0.9999408941726982;0.9999720474443582;0.9999999999999999;0.9999027052058881;0.9999988382762928;1.0001668054069677;0.9999520457351071;1.0;0.9999912250517528;0.9997648830010263;0.9998406605141897;1.0;0.9999065629085843;0.9999532876110322;0.9997324424663675;0.9996939279665389;0.9999011002501567;1.0;0.9999892724926027;1.0001431487866432;0.9999603729026872;0.9999590671551395;0.9999359855318559;0.9999939394845172;1.024999976158142;
2016-12-30 06:00:00;0.9999999999999999;0.9999704582049758;0.9999589865633305;0.999995105179686;0.9999865629730064;0.9999922085485137;1.0;0.9999625213749425;0.9999537329781073;0.9999947068290531;0.9999773995754179;1.0;0.9999928798265675;0.9999999999999999;0.9999266928571038;0.9999352690874685;0.9999369595845414;1.0;1.0;0.9999593488981339;0.9999805324588028;0.9999999999999999;0.9999363829352299;0.9999992793114062;1.0001639040295405;0.9999674287919507;0.9999999999999999;0.9999944645654933;0.9997629363873293;0.9998402277540299;1.0;0.9998963441144635;0.9999638414982921;0.9997231474201539;0.9996861017890338;0.9998767280276162;1.0;0.9999892724926028;1.000140718813708;0.9999691085089676;0.9999718357803816;0.9999558227580372;0.9999940493363983;1.024999976158142;
2016-12-30 06:15:00;1.0;0.9999498645689091;0.9999235224066815;0.9999892773899113;0.9999742202130396;0.9999830082716564;1.0;0.9999333523449716;0.9999106361299284;0.9999901678972702;0.9999574995032111;0.9999999999999999;0.9999917929579839;1.0;0.9998761090940965;0.9998906589515064;0.9998935250822971;1.0;1.0;0.9999257904546563;0.9999735797024921;1.0;0.9998926893092462;0.9999989076380439;1.0001728231864524;0.9999468346199799;1.0;0.9999883519941313;0.9997890211827087;0.9998592099418531;1.0;0.9999046639440782;0.9999320942036487;0.9997613461674804;0.9997305480369266;0.9998757435751782;1.0;0.9999892724926029;1.0001476265505929;0.9999420275219797;0.9999580621414764;0.9999169321128251;0.9999920266643515;1.024999976158142;
2016-12-30 06:30:00;1.0;0.99996626544451;0.9999329976047376;0.9999898229558088;0.9999773402539529;0.999983441994312;1.0;0.999943518720605;0.9999187163269759;0.9999923384091663;0.9999631084244851;1.0;0.9999938898605294;1.0;0.9999033350619511;0.9999131197281612;0.9999151020908879;1.0;1.0;0.9999331638663287;0.9999762653178736;0.9999999999999999;0.9999145042391929;0.9999992068615452;1.0001707887770006;0.999952477831109;1.0;0.9999891847301176;0.9997865875698111;0.9998545606846987;1.0;0.9998999291887799;0.9999418263009449;0.9997442706999052;0.9997086618866615;0.999873160050524;1.0;0.9999892724926027;1.0001464600859375;0.9999505113114271;0.9999624233355195;0.9999252984175616;0.9999943141434605;1.024999976158142;
2016-12-30 06:45:00;1.0;0.9999476914405209;0.9999104764764837;0.9999864055365423;0.9999698503006923;0.9999786183873038;1.0;0.9999210064197317;0.999893954082502;0.9999889374294266;0.9999498747938835;1.0;0.9999922273161925;1.0;0.9998579340190148;0.9998730906120453;0.9998762736465004;1.0;1.0;0.9999127118461946;0.9999710841671006;1.0;0.9998753808809595;0.9999987480414577;1.0001812250132833;0.9999387278566538;1.0;0.9999856733223339;0.9997637895272669;0.9998197479566909;0.9999999999999999;0.9998745240903324;0.9999215757623778;0.9996618748393299;0.9995937493478048;0.9998529049509118;1.0;0.9999888913511112;1.0001547138475242;0.999933148255482;0.9999528239441542;0.9999018153418788;0.9999921197591359;1.024999976158142;
2016-12-30 07:00:00;1.0;0.9999609225957821;0.9999358115295653;0.9999902723026861;0.9999790083697679;0.9999854162945436;0.9999999999999999;0.9999366670382771;0.9999263417245654;0.999992058241795;0.9999631976903126;1.0;0.9999932508472799;1.0;0.9998814180179669;0.999892771211191;0.9998954969558959;0.9999999999999999;1.0;0.9999374369912647;0.999976914465254;1.0;0.9998947067957904;0.999998790757526;1.0001816412707327;0.9999536913526831;1.0;0.9999901426259645;0.9996590797429268;0.9997649867536976;1.0;0.9998409817049521;0.9999447657550486;0.9995502892172672;0.9994905020346249;0.9998280435894193;0.9999999999999999;0.9999892724926028;1.0001554725538546;0.9999528997964717;0.9999634180205329;0.9999302750461866;0.9999935891642736;1.024999976158142;
2016-12-30 07:15:00;1.0;0.9999651856020418;0.9999031721888184;0.9999791274623777;0.9999725644849389;0.9999742086139389;1.0;0.9998529284470696;0.9998967359904621;0.9999901527540717;0.9999361737877578;1.0;0.9999935484258246;1.0;0.9997228003676996;0.999732914517742;0.9997391793926232;1.0;1.0;0.9999043471161846;0.9999638742996501;1.0;0.9997374771820798;0.9999962174676246;1.000204053629398;0.999921969825055;1.0;0.9999836599987109;0.9995344749024988;0.9996894405355207;1.0;0.9998276860542955;0.9999289685326588;0.9995208434990444;0.999456518260631;0.9998084866371509;1.0;0.9999884785248685;1.0001735107388756;0.9999398671034295;0.9999404500707482;0.999894382298694;0.9999940463202387;1.024999976158142;
2016-12-30 07:30:00;1.0;0.9999707483527341;0.9999205542740894;0.9999841110509273;0.999976145096254;0.9999787965257563;0.9999999999999999;0.9998955616706575;0.9999109617285877;0.9999918968170272;0.9999502149251219;1.0;0.9999946924287331;1.0;0.9998088804397173;0.999817376248683;0.9998215655485426;1.0;1.0;0.999920983961805;0.999971293223006;1.0;0.9998204146898996;0.9999975807533459;1.0001978306902213;0.9999385017787112;1.0;0.9999866002579887;0.999501978912448;0.9996689414490805;1.0;0.9998315438549207;0.9999388513114407;0.9995422814950606;0.9994749136485922;0.9998054826436864;1.0;0.9999892724926028;1.0001690358131947;0.9999481942803897;0.9999528900663994;0.9999122925954008;0.9999950601955865;1.024999976158142;
2016-12-30 07:45:00;1.0;0.9999740013748173;0.999874733851793;0.9999765934819315;0.999957894781716;0.9999620863791708;0.9999999999999999;0.9998920618786166;0.9998391698591237;0.9999887538143839;0.9999302293611104;1.0;0.9999950283349633;1.0;0.9998420363416165;0.9998495941486127;0.9998520200759823;1.0;1.0;0.9998702040732563;0.9999585881925651;1.0;0.9998513206597001;0.9999987445063294;1.000208299367076;0.9999105400532188;1.0;0.9999768964092739;0.9994936912663656;0.9996640788443576;1.0;0.9998318620468721;0.9998972140688033;0.9995541646166184;0.9994871106614825;0.9997984525759545;0.9999999999999999;0.9999892724926027;1.000178808802656;0.9999131984246061;0.9999317290000758;0.9998543070581765;0.9999954680322284;1.024999976158142;
2016-12-30 08:00:00;1.0;0.999970171419093;0.9998943825312394;0.9999801266071404;0.9999656485204359;0.9999696669317226;1.0;0.9998944148427351;0.9998703622835321;0.9999898753975667;0.9999389532655525;1.0;0.9999944947319289;1.0;0.9998279041934183;0.9998365720088884;0.999839798357152;1.0;1.0;0.999892292052184;0.9999639720150504;1.0;0.9998388899095491;0.9999982573503364;1.0002056633364387;0.9999227392997511;0.9999999999999999;0.9999812110810024;0.9994911788979959;0.9996637266464652;1.0;0.999839414391638;0.9999145659925793;0.9995874432831215;0.9995220052647587;0.9997985626154611;0.9999999999999999;0.9999892724926028;1.0001761695215945;0.9999277340650811;0.9999408405149571;0.9998795253940689;0.9999949095718745;1.024999976158142;
2016-12-30 08:15:00;1.0;0.9999739293184707;0.9999353051299528;0.9999886928033264;0.9999791524995981;0.9999830491889957;1.0;0.9999334322588334;0.9999232612882392;0.9999931839364511;0.9999624611870053;1.0;0.9999948613925013;0.9999999999999999;0.9998842200461718;0.9998918005104371;0.9998941818782912;1.0;1.0;0.9999349479649539;0.9999763480335593;1.0;0.9998934885901921;0.9999987686621286;1.0002018887258215;0.9999518135009985;1.0;0.9999891967506039;0.9994882850201856;0.9996634067772121;1.0;0.9998247133549957;0.9999469100262683;0.9995825765877239;0.9995209297779794;0.9997580307456304;1.0;0.9999892724926029;1.0001733106180675;0.9999549581787102;0.999962212849648;0.9999276206180098;0.999995370061056;1.024999976158142;
2016-12-30 08:30:00;1.0;0.9999792763013071;0.9999257449748619;0.9999857149066755;0.9999765030959602;0.9999789513001618;1.0;0.9999187403043506;0.9999109359786822;0.9999929777879255;0.999956099460683;1.0;0.9999954525273866;1.0;0.9998630505341318;0.9998690784642217;0.9998717419578279;1.0;1.0;0.9999241753163473;0.999972853818828;1.0;0.9998709772931879;0.999998460808984;1.0002072760599152;0.9999435296055864;1.0;0.999986968215849;0.9994657675087187;0.9996229102743216;1.0;0.9998120625042152;0.9999413020116003;0.9995000958590174;0.9993969442128541;0.9997761884674582;0.9999999999999999;0.9999888913511111;1.0001779346209818;0.9999503698941369;0.9999561473859624;0.9999156978695012;0.9999960637091941;1.024999976158142;
2016-12-30 08:45:00;0.9999999999999999;0.9999751569868591;0.9999092040175345;0.9999830131084497;0.9999700549036429;0.9999735640466508;1.0;0.9999137827137285;0.9998870530508928;0.9999913304782883;0.9999481415074466;1.0;0.9999958473353457;1.0;0.9998631761556211;0.9998703969138429;0.9998728756771992;1.0;1.0;0.9999073874296512;0.9999703358382054;1.0;0.9998721892215939;0.9999987007237031;1.0002217764618662;0.9999350188304308;1.0;0.9999836724724421;0.9993698717536336;0.9994922716513355;1.0;0.9997180809048493;0.9999258628847995;0.9991247864506718;0.9989108674797498;0.9997492736082138;1.0;0.9999892724926029;1.0001904666188457;0.9999372898323011;0.9999507234677505;0.9998960123323002;0.9999959949557684;1.024999976158142;
2016-12-30 09:00:00;1.0;0.999971687302099;0.9999364214832149;0.9999894358092795;0.9999788441624965;0.9999834912599875;1.0;0.9999413458938823;0.9999231628438721;0.9999930260329238;0.9999640550235864;1.0;0.9999953393999406;1.0;0.9998998833049102;0.9999081063254933;0.9999101613527549;1.0;1.0;0.9999366336248695;0.9999787940016972;1.0;0.9999095784506963;0.9999990646186103;1.0002087917664155;0.9999551355068875;0.9999999999999999;0.9999894004053768;0.9994014235732758;0.9995446174453491;1.0;0.9997696712247472;0.999946102646809;0.9993266522660528;0.9991624386021465;0.9997668752307922;1.0;0.9999884785248686;1.0001793658905613;0.9999542096701093;0.9999654313062335;0.9999289039467192;0.9999954774967563;1.024999976158142;
2016-12-30 09:15:00;1.0;0.9999760224500434;0.9999311103688507;0.999987794678297;0.999978289303758;0.9999819076040941;1.0;0.9999253466406915;0.9999186294599207;0.9999932318133866;0.9999597261640856;1.0;0.9999934539547184;1.0;0.9998703759455094;0.9998773389606037;0.9998799127829172;1.0;1.0;0.9999293799645361;0.9999711122398605;1.0;0.9998791098157038;0.9999985380796323;1.0002149034986563;0.9999451783095673;1.0;0.9999886176195781;0.9993629032157996;0.9995170507743424;0.9999999999999999;0.9997348126493073;0.9999449004122019;0.9992632971395369;0.9990930586590513;0.9997053446237466;1.0;0.9999892724926029;1.000184555706961;0.9999533457513858;0.9999555149577473;0.9999224000408294;0.9999947470877575;1.024999976158142;
2016-12-30 09:30:00;0.9999999999999999;0.9999806461131577;0.9999044201170673;0.9999828602841385;0.9999684818564459;0.9999721296635001;1.0;0.999915004025103;0.9998787308875579;0.9999917092555219;0.9999470057948088;0.9999999999999999;0.9999928995200269;0.9999999999999999;0.999872523147651;0.9998781404821414;0.9998800497755709;1.0;0.9999999999999999;0.9998990745938406;0.9999608003355528;1.0;0.9998793782198242;0.9999988794202626;1.0002143226434648;0.9999255765418008;1.0;0.9999830112782325;0.9993866269589964;0.999543135039812;0.9999999999999999;0.9997679514966431;0.9999226945957599;0.9993225918494344;0.9991678779646993;0.999764097421948;0.9999999999999999;0.9999888913511112;1.0001843939926731;0.9999347668578384;0.9999396205764735;0.999888631820197;0.9999947648269846;1.024999976158142;
2016-12-30 09:45:00;1.0;0.9999765994140352;0.9999083436604058;0.9999828778173062;0.9999706914826513;0.9999739424261961;1.0;0.9999056356398047;0.9998882341617666;0.9999915568597819;0.9999469793715726;1.0;0.9999934434820593;1.0;0.9998454332963997;0.9998522242801964;0.9998550407616252;1.0;1.0;0.9999050396488155;0.999963844942866;1.0;0.9998541726077081;0.9999983574810575;1.0002134803053684;0.9999287007091215;0.9999999999999999;0.9999839142123081;0.9993823042537704;0.9995318273044744;1.0;0.9997692499833177;0.9999271312995888;0.9993055940972286;0.9991368935014374;0.9997794558591206;1.0;0.9999892724926027;1.0001832262736083;0.9999384354612283;0.9999432111370496;0.9998950330159122;0.999994782958818;1.024999976158142;
2016-12-30 10:00:00;1.0;0.9999768895747929;0.9999363012638779;0.9999886230694924;0.9999808082361602;0.9999840293476426;1.0;0.9999222422546071;0.9999277740953945;0.9999937643765804;0.9999616869348624;1.0;0.9999923082283346;1.0;0.9998590607698968;0.9998657724300276;0.9998686788807754;1.0;1.0;0.9999343395423985;0.9999694891167537;0.9999999999999999;0.9998677446443412;0.999998254699313;1.000207386972692;0.9999455205043493;1.0;0.9999898725866524;0.9993550760414514;0.9994929990747842;1.0;0.9997479064430764;0.9999506491322447;0.9992291447925077;0.9990256474096686;0.9997672366057376;1.0;0.999989272492603;1.0001779631179177;0.9999582246287366;0.9999544331915817;0.9999288939005091;0.9999941805359033;1.024999976158142;
2016-12-30 10:15:00;0.9999999999999999;0.9999825979939331;0.999934966173274;0.9999902261943041;0.9999808984028559;0.9999850068175641;1.0;0.9999262782112714;0.9999251282052976;0.9999946369996626;0.9999631675570434;1.0;0.9999854974322813;1.0;0.9998702825153531;0.9998753368445618;0.9998775518005938;1.0;1.0;0.9999274437644506;0.9999523287148613;1.0;0.9998765225700638;0.9999983770142045;1.0002106599717202;0.9999317836432997;1.0;0.9999906020132908;0.9993414314828436;0.9994737052881899;0.9999999999999999;0.9997228843419458;0.9999510170529703;0.9991126433983211;0.9988919029288226;0.9997711856787064;1.0;0.9999888913511112;1.0001812931080034;0.999958722086579;0.9999358111417115;0.9999253047274662;0.9999908439173272;1.024999976158142;
2016-12-30 10:30:00;1.0;0.999983753615731;0.9999166177672014;0.9999857314449467;0.9999761782614692;0.9999793002058066;1.0;0.9998958749414912;0.9999048428603219;0.9999935062660495;0.9999509582616192;0.9999999999999999;0.9999836031476534;1.0;0.9998170084175579;0.9998217252852006;0.999824937050652;1.0;0.9999999999999999;0.9999072144298254;0.9999414503639007;1.0;0.9998235785493489;0.9999975870711928;1.000219182703869;0.9999130400843369;1.0;0.9999872397666507;0.9993601739564133;0.9995092341972179;1.0;0.999720730222465;0.9999395546023034;0.9991651089895851;0.9989832075044166;0.9997291738237694;0.9999999999999999;0.9999880973849139;1.0001883145213246;0.9999491826000135;0.9999198466062604;0.9999040015476482;0.9999898862160035;1.024999976158142;
2016-12-30 10:45:00;1.0;0.9999811552805503;0.9999101124255346;0.9999845007591888;0.9999728198227782;0.9999764132783356;0.9999999999999999;0.9999005067612152;0.9998933382225814;0.9999925604279839;0.9999483963067145;0.9999999999999999;0.9999861368879598;1.0;0.999832231801136;0.9998377156547256;0.9998405576803887;1.0;1.0;0.999901927472489;0.9999463497296406;1.0;0.9998393971120347;0.9999979946287701;1.0002254674489874;0.9999149926062344;1.0;0.9999854524236339;0.9993463487178087;0.9994949057878456;1.0;0.9996737093381699;0.9999318116304486;0.9989856402275784;0.9987966442202426;0.9997101498776498;1.0;0.9999888913511112;1.0001937989908938;0.9999425668098789;0.9999243446515375;0.9998961832648477;0.9999910917950985;1.024999976158142;
2016-12-30 11:00:00;1.0;0.9999841893736121;0.9999344620199282;0.9999896859834222;0.9999818417669184;0.999985248623891;1.0;0.9999151208794476;0.9999274803071679;0.9999948219689289;0.9999615317739596;1.0;0.9999838050926089;1.0;0.9998457919068692;0.99985039138874;0.9998531535653096;1.0;1.0;0.9999260294649543;0.9999474781905617;1.0;0.9998519161110684;0.9999978987200208;1.0002163777556214;0.9999265227709289;1.0;0.9999907487604074;0.9993753184922164;0.9994995604064276;0.9999999999999999;0.9996825223609512;0.9999530178470035;0.9989433005200073;0.998733691986406;0.9997651477202584;1.0;0.9999888913511111;1.0001860763872201;0.9999604844491167;0.9999299628841634;0.9999250417424465;0.999990024953915;1.024999976158142;
2016-12-30 11:15:00;0.9999999999999999;0.9999812982658817;0.9999482758323993;0.9999913156612001;0.9999846778434688;0.9999877000189314;0.9999999999999999;0.9999367568223643;0.9999419127816347;0.9999950745887334;0.9999692489007792;1.0;0.9999917140325632;1.0;0.9998844725734846;0.9998899088653012;0.9998922272790992;1.0;1.0;0.9999455114304602;0.999970655052031;1.0;0.9998914043418503;0.9999985404638058;1.0002006155154854;0.9999522139464525;1.0;0.9999921632003673;0.9993958270621367;0.999538083663836;1.0;0.9997201502634958;0.9999603399237265;0.999052105669322;0.9988800634794474;0.9998039282275989;1.0;0.9999888913511112;1.0001724253719146;0.9999664507967049;0.9999580827978665;0.9999420903567825;0.9999941599072047;1.024999976158142;
2016-12-30 11:30:00;1.0;0.9999721212956848;0.9999271140463867;0.9999868692696672;0.9999775747820454;0.9999813507347045;1.0;0.9999144957025526;0.9999164233611515;0.9999925823182625;0.9999563792308797;0.9999999999999999;0.9999926694597199;1.0;0.9998461503172573;0.9998542488826596;0.9998574635344368;0.9999999999999999;1.0;0.9999258905894028;0.9999689074214697;1.0;0.9998564823275761;0.999998163116335;1.0002025528066532;0.9999410553053872;1.0;0.9999881247598786;0.9994168036030686;0.9995533057755522;1.0;0.9997474134975095;0.9999424705140322;0.99917309849393;0.999005185533592;0.9998035628859149;0.9999999999999999;0.9999892724926027;1.0001735656038995;0.9999512521492941;0.9999521460542902;0.999918792706499;0.9999940477529563;1.024999976158142;
2016-12-30 11:45:00;0.9999999999999999;0.9999841164893595;0.9999345512356148;0.9999870623150316;0.9999802374250749;0.999981807476986;1.0;0.9999188951529655;0.999923746096057;0.999994234050221;0.9999601398748728;1.0;0.9999946139653102;0.9999999999999999;0.99985895443;0.9998635730519481;0.9998663532020263;1.0;1.0;0.9999322149080969;0.9999718272841791;0.9999999999999999;0.9998655068463919;0.9999982465748909;1.0001988589163795;0.9999458100406331;1.0;0.9999888442142781;0.9994244260692393;0.9995426409260163;1.0;0.9997459373071381;0.9999504363351777;0.9991732546385307;0.9989827117868201;0.999799050739356;0.9999999999999999;0.9999888913511112;1.000170714493539;0.999958174176662;0.999956318116232;0.9999258019586732;0.9999959447011569;1.024999976158142;
2016-12-30 12:00:00;1.0;0.9999698117293195;0.9999307474351622;0.999989697969869;0.9999792891840222;0.9999848927300631;1.0;0.9999205444816069;0.9999226480257771;0.9999929696409733;0.999959999799608;0.9999999999999999;0.9999863694349141;1.0;0.9998523584463643;0.9998611379889359;0.999864097153067;0.9999999999999999;0.9999999999999999;0.9999265325175132;0.9999567766139245;1.0;0.9998629601251319;0.9999981887331433;1.0002080869129253;0.9999338596975257;0.9999999999999999;0.9999900691288788;0.9994523691841614;0.9995458205387304;0.9999999999999999;0.9997028167068621;0.9999456068969825;0.9990100750240716;0.9988016825980788;0.9997805539054231;1.0;0.999988097384914;1.000178532349702;0.9999539061115417;0.9999400187435125;0.9999228405704849;0.9999904322845798;1.024999976158142;
2016-12-30 12:15:00;1.0;0.9999768904476366;0.9999396908600592;0.99999050640955;0.9999827704809159;0.9999868302433974;1.0;0.9999224781583929;0.9999343187425415;0.9999943032622524;0.9999640892902499;1.0;0.9999873543676893;1.0;0.9998545424093408;0.9998612572853005;0.9998641770414444;1.0;1.0;0.9999351962807453;0.999959336960266;0.9999999999999999;0.9998630578868624;0.9999980826294534;1.000202289862876;0.9999389879664046;1.0;0.9999914744486751;0.9994722219635988;0.9995759664132269;1.0;0.9997125607412592;0.9999546834938746;0.99903530253103;0.9988545768496767;0.9997926012754356;1.0;0.9999876845582998;1.0001736434472521;0.9999616801081594;0.9999440709023943;0.9999327309254195;0.99999146523132;1.024999976158142;
2016-12-30 12:30:00;1.0;0.9999698826721749;0.9999422230852013;0.9999906537020495;0.999982145547777;0.9999868019434593;1.0;0.9999334440876175;0.9999355384444889;0.9999934608909744;0.9999657401930067;1.0;0.999992543594689;1.0;0.9998745705141362;0.9998833247408485;0.9998861048175034;1.0;1.0;0.9999421334226971;0.9999741988585086;1.0;0.999885239250715;0.9999985163417674;1.0002050810967746;0.9999530786234647;1.0;0.9999912522251885;0.9994557295833282;0.9995564803823853;1.0;0.9996520170792749;0.9999530299752954;0.9988136389785656;0.9986204376500273;0.9997616052815813;1.0;0.9999876845583;1.0001758930160083;0.9999600587212712;0.9999611145534365;0.9999368748373333;0.9999938223694327;1.024999976158142;
2016-12-30 12:45:00;1.0;0.9999794201529775;0.9999218542715966;0.9999859149764442;0.9999749847819234;0.9999782721685586;1.0;0.9999211629721659;0.9999046296253408;0.9999928598100204;0.9999552613888086;1.0;0.9999933040788134;1.0;0.9998709949514893;0.9998769783291489;0.9998792826135199;1.0;1.0;0.9999184920729224;0.9999669821557152;1.0;0.9998785288161239;0.9999986504388939;1.0002063912265078;0.9999377647842966;1.0;0.9999865797699565;0.9994566878913431;0.9995546672728794;1.0;0.9996987413692944;0.9999376538791632;0.9990137753962584;0.9988154118532727;0.999765804536628;0.9999999999999999;0.9999892724926029;1.0001773563491454;0.9999473214406531;0.9999493324946612;0.9999104077529758;0.9999949009837482;1.024999976158142;
2016-12-30 13:00:00;0.9999999999999999;0.9999772526881303;0.9999237955876149;0.9999865696942061;0.999974980827428;0.999978778828985;1.0;0.9999288508435903;0.999905808982486;0.9999927006345064;0.9999570395200039;0.9999999999999999;0.9999943918959088;1.0;0.9998856965289872;0.9998923098477173;0.9998943480146618;0.9999999999999999;1.0;0.999921426555144;0.9999709224040173;0.9999999999999999;0.9998937107912773;0.9999989239096709;1.000204849202005;0.9999425094343124;0.9999999999999999;0.9999868070982119;0.9994457475331875;0.9995455615566203;1.0;0.9996821876588536;0.9999376090483757;0.9989101606097547;0.9987070260482571;0.9997864094570535;0.9999999999999999;0.999989685320429;1.0001760697238753;0.9999472092287323;0.9999542672300554;0.9999127979045063;0.9999953468550944;1.024999976158142;
2016-12-30 13:15:00;1.0;0.999975229609484;0.9999146450092121;0.9999846528997061;0.9999723744419777;0.9999762280155275;0.9999999999999999;0.9999161652571739;0.9998955920673823;0.999991869531554;0.9999512743000509;1.0;0.9999934681903239;1.0;0.9998629234099534;0.9998701251619198;0.9998726241009668;1.0;1.0;0.9999118468157987;0.999966435687162;1.0;0.999871843079602;0.999998617720096;1.0002080256084602;0.999934323268743;1.0;0.9999852120312863;0.9994535403841495;0.9995649495648232;1.0;0.99969527856854;0.9999310165893731;0.9989774437190728;0.9987969509288772;0.9997800258020634;1.0;0.999990479290912;1.0001786113944306;0.9999416550373261;0.9999474938652677;0.9999024802815767;0.9999947000433481;1.024999976158142;
2016-12-30 13:30:00;1.0;0.9999644623091621;0.999929803367045;0.999989006555804;0.9999775540958051;0.9999834909303165;1.0;0.9999280328092028;0.9999189342044943;0.9999920713754162;0.9999596946866256;0.9999999999999999;0.9999915318998236;1.0;0.9998686844049048;0.9998790067199452;0.9998818188185223;1.0;0.9999999999999999;0.9999293855904512;0.9999699951225197;1.0;0.9998809293676896;0.999998590138261;1.0002090410766515;0.9999448844626945;1.0;0.9999891151840543;0.9994259444069363;0.9995308728412228;1.0;0.9996474581752903;0.999941557497422;0.9987880268197747;0.9985818341636681;0.9997652552447168;1.0;0.9999896853204289;1.0001792288720424;0.9999503097310163;0.9999545523387157;0.9999225272127982;0.9999928935540152;1.024999976158142;
2016-12-30 13:45:00;1.0;0.999968364234459;0.9999358796174647;0.9999898549573775;0.9999796579933764;0.9999849062811943;1.0;0.9999326102084559;0.9999262334902117;0.9999928728231317;0.9999629795593872;1.0;0.9999921034128527;0.9999999999999999;0.9998768442210163;0.9998860341242245;0.9998886618332112;0.9999999999999999;1.0;0.9999352906653445;0.9999719285124413;1.0;0.9998878250443872;0.9999986463679608;1.0002028623502337;0.9999489219762716;1.0;0.9999900893014868;0.9994297791014186;0.9995250179961809;0.9999999999999999;0.9996836104168528;0.9999470525035016;0.9989217740510982;0.9987013791371662;0.9997827836782615;1.0;0.9999900664615025;1.0001740161220602;0.9999550003888839;0.9999576817005984;0.9999291809671239;0.9999934772479744;1.024999976158142;
2016-12-30 14:00:00;1.0;0.9999710385332788;0.9999400568126028;0.9999901654064077;0.9999814908040673;0.9999859970108316;1.0;0.999931156565149;0.9999325177589432;0.9999934465529062;0.9999645330618745;1.0;0.9999923447914552;1.0;0.9998719657594138;0.9998803826774781;0.9998831577928851;1.0;1.0;0.9999394649534975;0.9999727275123488;1.0;0.9998822814994874;0.9999984872185294;1.0002059443289846;0.9999508003005183;1.0;0.9999908277782706;0.9994250813155904;0.9995133238410262;1.0;0.9996636162937441;0.9999516121596701;0.9988954753544406;0.9986634833447674;0.9997407896921806;1.0;0.9999888913511112;1.0001766660174978;0.9999588960522418;0.9999590618455105;0.999934075602729;0.9999937941682436;1.024999976158142;
2016-12-30 14:15:00;1.0;0.9999664853021867;0.99993409210824;0.9999897991270439;0.9999788904787544;0.9999846014613144;1.0;0.9999329106100001;0.9999237783448904;0.999992581889032;0.9999622770820271;1.0;0.9999918652033329;1.0;0.9998776521285664;0.9998873859554346;0.999889997622335;1.0;1.0;0.9999336111791162;0.9999715087357314;1.0;0.9998891636546686;0.9999986950257632;1.0002058323763259;0.9999480826512254;1.0;0.9999898528425588;0.9994195695134113;0.9995167505728887;0.9999999999999999;0.99966936127906;0.9999450213385356;0.9988780981719236;0.9986552835773155;0.9997697836305592;1.0;0.999989685320429;1.0001765645775629;0.9999532537320774;0.9999570178613094;0.999927229948056;0.999993216791919;1.024999976158142;
2016-12-30 14:30:00;1.0;0.9999602679022682;0.999924406093014;0.999988454014985;0.9999750290845686;0.999981906191196;1.0;0.9999303051831676;0.9999106126965956;0.9999912208380936;0.9999575737363671;1.0;0.9999920578508571;1.0;0.9998757611104642;0.9998872855965386;0.9998899320698593;1.0;1.0;0.9999246215794496;0.9999710772876244;1.0;0.9998891207451268;0.9999988220710947;1.000207479023076;0.9999441821011641;0.9999999999999999;0.9999880462079002;0.9994023286165101;0.9995180635080338;0.9999999999999999;0.9996947522841999;0.9999352954299172;0.998980188863996;0.9987735975455095;0.9997766095181675;0.9999999999999999;0.9999892724926028;1.0001778603827656;0.999944939792028;0.9999550763843704;0.9999163747718928;0.9999928947036314;1.024999976158142;
2016-12-30 14:45:00;1.0;0.9999536911801922;0.9999346856490411;0.9999914109524062;0.9999782112344965;0.9999864723153812;1.0;0.9999418053549133;0.9999252152930732;0.9999913655380939;0.999963722231585;1.0;0.9999913598641275;1.0;0.9998882283680215;0.9999016551403855;0.9999042898702416;1.0;1.0;0.9999365495857222;0.9999747929028837;1.0;0.9999034820552818;0.9999989618074954;1.0001997457315701;0.9999526514223086;1.0;0.999990500817831;0.9994263064407917;0.9995336330641403;1.0;0.9997369325229223;0.9999419007115422;0.9991337446403792;0.9989277811225944;0.9997987775112294;1.0;0.9999900664615023;1.000171081139376;0.9999503519607388;0.9999613827061639;0.9999296453110521;0.9999920578456625;1.024999976158142;
2016-12-30 15:00:00;1.0;0.9999707492204533;0.9999452593482279;0.9999912928558329;0.9999830689608525;0.9999876645802959;1.0;0.9999372995215539;0.999939061396962;0.9999937513279318;0.999967649469364;1.0;0.9999926699233379;1.0;0.9998813940332582;0.999889893705075;0.9998925290102345;1.0;1.0;0.9999451671012292;0.9999751835993245;1.0;0.9998917015026569;0.9999986060270345;1.0001995948768063;0.9999553544451352;1.0;0.9999917865799904;0.999412112386302;0.999517445849902;0.9999999999999999;0.9997274151867929;0.9999553613258668;0.9991175115304263;0.998900109761695;0.9997812823533531;1.0;0.999989685320429;1.0001712204828583;0.9999620290222412;0.9999627993130165;0.9999402654957511;0.9999939526853437;1.024999976158142;
2016-12-30 15:15:00;1.0;0.999967713556638;0.9999386054996797;0.9999902891356384;0.9999809175691484;0.9999860747013949;1.0;0.9999311032871364;0.9999311752771725;0.9999930278173639;0.9999639405013325;1.0;0.9999917649665442;0.9999999999999999;0.9998705239609869;0.9998799014911608;0.9998827502656458;1.0;1.0;0.9999383052756298;0.999972019144179;1.0;0.9998818469848063;0.9999984953812681;1.0002004715385286;0.9999499141879082;1.0;0.9999907440049374;0.9994454795958926;0.9995519206546416;0.9999999999999999;0.9997261774445768;0.9999498064244391;0.9991239267808982;0.998929886216447;0.9997732119331417;1.0;0.9999924483761709;1.000171856516648;0.9999573138621679;0.9999581619543947;0.999932812695923;0.999993247011308;1.024999976158142;
2016-12-30 15:30:00;1.0;0.9999768913158995;0.9999403746547058;0.9999903453263568;0.99998080591444;0.9999849512807695;1.0;0.9999416137398114;0.9999287421371513;0.9999939683142689;0.9999663058027601;1.0;0.9999931777164047;1.0;0.9998997519155811;0.9999064703418425;0.9999083981793817;1.0;1.0;0.9999384846259951;0.9999733434207804;1.0;0.9999077461361451;0.9999989708964238;1.0001985469165093;0.9999521046659205;0.9999999999999999;0.9999904217490353;0.9994129026837667;0.9995198450599623;1.0;0.9997293942779709;0.9999510849490678;0.9991147953134566;0.9988997905263826;0.9997889989330746;1.0;0.9999912732606053;1.0001706866526594;0.9999585374206499;0.9999600669254453;0.9999327245028091;0.9999946564587232;1.024999976158142;
2016-12-30 15:45:00;1.0;0.9999622228511532;0.9999158662302233;0.9999864686067951;0.9999716906019003;0.9999782228686039;1.0;0.9999275832136543;0.9998972611424567;0.9999906648273171;0.999953318263319;1.0;0.9999933508030225;1.0;0.9998786684444383;0.9998896430503005;0.9998920583207874;1.0;1.0;0.9999156483189886;0.9999709422440758;1.0;0.9998913460177157;0.999998981714789;1.000207190801659;0.9999403757288775;0.9999999999999999;0.999985939086542;0.999422603821257;0.9995259954441276;1.0;0.999725973531464;0.9999279377231862;0.9991254039501363;0.9989121779807928;0.9997716103799428;1.0;0.9999916544037751;1.000177703863761;0.9999387722038305;0.9999533980090638;0.9999055832003224;0.9999937347188463;1.024999976158142;
2016-12-30 16:00:00;1.0;0.9999692273309482;0.9999115730374067;0.999985023804994;0.999971122629844;0.9999764159466549;1.0;0.9999165278620419;0.9998922315850804;0.9999911885483193;0.9999501896732604;1.0;0.9999920015720709;0.9999999999999999;0.9998616619039227;0.9998705840528842;0.9998731553693055;1.0;1.0;0.999908988334723;0.9999641841692867;1.0;0.9998723255665132;0.9999986624979557;1.0002088308844133;0.9999318810864619;1.0;0.9999851361036468;0.9994104042780196;0.9995089337743448;1.0;0.9997133028663406;0.9999272182466226;0.9990809622415798;0.9988530399729081;0.9997637990444981;0.9999999999999999;0.9999916544037751;1.0001792099169093;0.9999383517569899;0.999944784911173;0.9998995403570027;0.9999934854597817;1.024999976158142;
2016-12-30 16:15:00;1.0;0.9999669861740975;0.9999417423208036;0.9999913613145235;0.9999812952908663;0.9999869882682447;1.0;0.9999410311499903;0.9999333737655216;0.9999931633438444;0.9999667237537129;0.9999999999999999;0.9999923103254792;1.0;0.9998901156984704;0.9998996837819071;0.9999021020079759;1.0;1.0;0.9999417968205311;0.999974736946385;1.0;0.9999013315684316;0.999998830476409;1.000200510412503;0.9999543177352038;1.0;0.9999912763226231;0.9994150103237222;0.9995166138514866;1.0;0.9997082755187521;0.9999508208458529;0.9990529886450275;0.9988323780044644;0.9997676561594124;1.0;0.9999920672329304;1.0001720404533163;0.9999581268438952;0.9999620333569701;0.9999362199212042;0.9999935004891773;1.024999976158142;
2016-12-30 16:30:00;0.9999999999999999;0.9999761679615213;0.9999170580982015;0.9999860681112895;0.9999731757868683;0.9999777083991104;1.0;0.9999221006565405;0.999898133525664;0.9999923061618994;0.9999537285634083;1.0;0.999991024025412;1.0;0.9998739240700895;0.9998808490249818;0.9998829920935977;1.0;1.0;0.9999126150555115;0.9999616233093728;0.9999999999999999;0.9998822089196439;0.9999987652102195;1.000207338511158;0.9999321041177426;1.0;0.9999861158464807;0.999436655686829;0.999538529767921;0.9999999999999999;0.9997104623175866;0.9999328559236335;0.9990671284667532;0.9988609393307105;0.9997646217746179;1.0;0.9999916544037752;1.0001782240050845;0.9999432392706729;0.999942945078281;0.9999047083805632;0.9999934267199474;1.024999976158142;
2016-12-30 16:45:00;0.9999999999999999;0.9999308646350515;0.9999035667473766;0.9999874502652297;0.9999684576821077;0.9999806553089071;1.0;0.9999097994574997;0.9998916058124662;0.9999871253364555;0.9999460384259115;1.0;0.999985376576158;1.0;0.9998236494782878;0.9998437241176449;0.9998478782318216;1.0;1.0;0.9999055742544272;0.9999585353256808;1.0;0.9998465531628552;0.9999982398841901;1.0002149767648827;0.9999263299963865;1.0;0.9999861959157662;0.9994309737744145;0.9995333999020078;1.0;0.9997116660617994;0.9999152596242179;0.9990864985390276;0.9988778924133737;0.9997551360536256;1.0;0.9999908604325448;1.000183354541807;0.9999275896742097;0.9999382267267033;0.9998964684434526;0.9999871906069729;1.024999976158142;
2016-12-30 17:00:00;1.0;0.9999680757476077;0.9999203722937683;0.999987108567805;0.9999742122117372;0.9999798156001337;1.0;0.999923645676924;0.9999046700412046;0.9999917204088762;0.9999551468475728;1.0;0.9999912178391697;1.0;0.9998690795632167;0.9998783553269317;0.999880890640182;1.0;1.0;0.9999181818488375;0.9999654480111277;0.9999999999999999;0.9998800462402193;0.9999986889115154;1.0002098068714786;0.9999370381869096;1.0;0.9999870622100461;0.9994112959592969;0.9995258099567669;1.0;0.9997030595061498;0.9999342292662033;0.9990548962863718;0.9988523611959905;0.9997507932769523;1.0;0.999990479290912;1.000180062343255;0.9999442244420631;0.9999478731282866;0.9999102787638353;0.999992971471029;1.024999976158142;
2016-12-30 17:15:00;1.0;0.9999411271449913;0.9999123109219841;0.9999882491009594;0.9999710251199362;0.9999815056105161;0.9999999999999999;0.9999209289022399;0.9998995027053806;0.9999886241259512;0.9999512867545123;0.9999999999999999;0.9999878566764108;1.0;0.9998495794468348;0.9998666869174969;0.999870142159039;1.0;0.9999999999999999;0.9999137587177758;0.999963799392984;1.0;0.999869046255413;0.9999985715307877;1.0002160034678251;0.99993422358857;1.0;0.9999870740581676;0.9993946408759103;0.9995082455492673;1.0;0.9996852809121799;0.9999229697416343;0.9989913285223904;0.9987774241941922;0.9997406188308181;1.0;0.9999884785248686;1.0001846536656966;0.9999342366520391;0.9999454658804077;0.9999050092334498;0.9999892587202575;1.024999976158142;
2016-12-30 17:30:00;1.0;0.9999380142957683;0.9999024266299807;0.9999865021908245;0.9999675562091249;0.9999785845078646;1.0;0.9999134586217566;0.9998866376970285;0.9999876473896508;0.9999458968418209;1.0;0.9999876535319849;1.0;0.999838911331794;0.999856895951491;0.9998605244352311;0.9999999999999999;1.0;0.9999038032413056;0.9999613041821734;1.0;0.9998593886816426;0.9999985164711429;1.0002152122398;0.9999279500431791;1.0;0.9999852719024216;0.999383341770637;0.9995105415769112;1.0;0.9997040130609908;0.999914424297881;0.9990567718295851;0.9988554665778289;0.9997523624633493;1.0;0.9999916544037752;1.00018385167554;0.9999269976120742;0.999940987043887;0.9998936282473491;0.9999889378549;1.024999976158142;
2016-12-30 17:45:00;1.0;0.9999432127421878;0.9999152233099621;0.9999887507034878;0.9999718204064085;0.9999821003835326;1.0;0.9999249399013944;0.9999022478418568;0.999989095199921;0.9999531261624303;1.0;0.9999883909691195;1.0;0.9998580423830531;0.9998745033215777;0.9998777475123495;1.0;1.0;0.9999165940896263;0.9999653358238233;1.0;0.9998767163294334;0.9999986851567129;1.0002153686774848;0.9999368358132911;1.0;0.9999875501617659;0.9993746941140033;0.9995014316121655;1.0;0.9996610173316715;0.9999252156731262;0.9988866227208223;0.9986810355100965;0.9997390146450806;1.0;0.999989685320429;1.0001842240987442;0.9999361589518396;0.9999477072340898;0.9999080126487107;0.9999897060422422;1.024999976158142;
2016-12-30 18:00:00;0.9999999999999999;0.9999428548616204;0.9999010570818778;0.9999851919643996;0.9999683687397688;0.9999778821444755;0.9999999999999999;0.9998992118864118;0.9998875682820765;0.9999880549740944;0.9999433129616718;1.0;0.9999868078390209;1.0;0.9998107928379176;0.9998273710054091;0.9998315764733594;1.0;1.0;0.9999012989833346;0.9999569378605861;0.9999999999999999;0.9998302427382584;0.9999979654893101;1.000218500913309;0.9999221862774628;1.0;0.9999849861787389;0.9994083205072056;0.9995180833955591;0.9999999999999999;0.9996735372943819;0.9999165780289127;0.9989211972311354;0.9987101991354708;0.9997529639015388;1.0;0.9999908604325449;1.0001865597393513;0.9999289530044846;0.9999353054877239;0.999891968481037;0.9999888102217724;1.024999976158142;
2016-12-30 18:15:00;1.0;0.9999452428554761;0.9999082762011988;0.9999864963110973;0.9999702486473008;0.9999794889178624;1.0;0.9999104438672343;0.9998949515149966;0.9999887137363213;0.99994791513969;1.0;0.9999883959033133;1.0;0.9998323991773564;0.9998483005483163;0.9998520571704308;1.0;1.0;0.999909122055736;0.9999622156807806;1.0;0.9998508872909838;0.9999982796847372;1.0002178128634274;0.9999300594422779;1.0;0.9999860295567865;0.9994041672628589;0.9995016505779876;0.9999999999999999;0.9996566118231527;0.9999215819939028;0.9988494555007863;0.9986177350005299;0.9997509482328429;0.9999999999999999;0.9999900664615023;1.000186157823792;0.9999331702960153;0.9999425440538786;0.9998999575357939;0.9999898422842487;1.024999976158142;
2016-12-30 18:30:00;1.0;0.9998986498540308;0.9998669664639008;0.9999837687489157;0.9999569527261111;0.9999749294681641;1.0;0.9998758802408142;0.9998531544223701;0.999981465235963;0.9999260675693115;1.0;0.9999760587748369;1.0;0.9997510676382422;0.9997805279456751;0.9997864410887632;1.0;1.0;0.9998688505318762;0.9999359417049246;1.0;0.999784453065741;0.9999974633441242;1.0002312554707484;0.9998933152009704;1.0;0.9999814209657555;0.9994650734474523;0.9995665112705218;1.0;0.9997007001995686;0.9998829526024702;0.999018184368021;0.9988301506013109;0.999768610019786;1.0;0.999989685320429;1.0001963002035663;0.9998999089426363;0.9999075133377364;0.9998580296049725;0.9999798412283668;1.024999976158142;
2016-12-30 18:45:00;1.0;0.9999249505068474;0.9998836863045099;0.9999847671380614;0.9999658510759974;0.9999789101181785;0.9999999999999999;0.9998617898107498;0.9998784435685604;0.9999856009949697;0.9999322436593728;1.0;0.9999723371003528;1.0;0.9997216964678791;0.9997435322043297;0.9997497554253286;1.0;1.0;0.9998796197336034;0.9999235777472832;1.0;0.9997474473831887;0.9999964958863563;1.0002340479880227;0.9998868983560125;1.0;0.9999846576485608;0.9994601072277597;0.9995217566211071;1.0;0.9996790611842314;0.9999062743099102;0.9989396548367324;0.9986891842246391;0.9997570584017131;1.0;0.9999908604325449;1.000199124355909;0.9999201615290154;0.9998955406134675;0.9998749314834844;0.9999796226930949;1.024999976158142;
2016-12-30 19:00:00;1.0;0.9998539843328831;0.999835253591635;0.9999794109704553;0.9999473706662998;0.9999710330689627;0.9999999999999999;0.9998299762013559;0.9998265492218646;0.9999748393340558;0.9999049926427249;1.0;0.999972129502923;1.0;0.9996415145638511;0.9996838500620191;0.9996930622473547;1.0;0.9999999999999999;0.9998440014831559;0.9999299963020908;1.0;0.9996902616256556;0.9999960653327247;1.000240023137733;0.9998747048460628;1.0;0.9999774276719393;0.9995040834299457;0.9995615416695198;1.0;0.9996719982633515;0.9998537912011066;0.998889164232404;0.9986602089510803;0.9997700676510913;1.0;0.9999892724926027;1.000201846806699;0.9998745964735457;0.9998953240477267;0.9998292443499637;0.9999746109602531;1.024999976158142;
2016-12-30 19:15:00;0.9999999999999999;0.9999096827595844;0.9998658827723897;0.9999796866155587;0.9999580432045452;0.9999717262851394;0.9999999999999999;0.9998498772591438;0.9998542850487292;0.999982382506026;0.9999207198351445;1.0;0.9999817633973759;1.0;0.9997037795829795;0.9997299444328431;0.9997370052816721;1.0;1.0;0.9998695042222927;0.9999439844050309;0.9999999999999999;0.999734886742235;0.9999965747390842;1.0002338012992293;0.9998956906291967;1.0;0.9999800640561483;0.9994872396743533;0.9995544229001301;0.9999999999999999;0.9996142463766935;0.9998870323917647;0.9986903450721055;0.9984685738296184;0.9997320308953802;1.0;0.9999892724926027;1.0001981545694512;0.9999035681853737;0.9999145637144805;0.9998568827082069;0.9999837549645887;1.024999976158142;
2016-12-30 19:30:00;1.0;0.9999092612062452;0.9998755188330722;0.9999819723890011;0.9999617083176364;0.9999756373781755;0.9999999999999999;0.9998552331825751;0.9998685024873162;0.9999831181306168;0.9999259277288827;1.0;0.9999802397637562;0.9999999999999999;0.9997066503901371;0.9997329882289735;0.999740107876675;1.0;1.0;0.9998791192331187;0.9999435762646477;1.0;0.9997379209330997;0.9999964989105598;1.000238816178535;0.9998996656378618;1.0;0.9999823263365587;0.999465537366997;0.9995288871060435;1.0;0.9995660854845901;0.9998953505608448;0.9985018451306055;0.9982626178168762;0.9997156628948739;1.0;0.9999883187091716;1.000202493790723;0.9999105668600162;0.9999159030476901;0.9998686126595515;0.9999828785218862;1.024999976158142;
2016-12-30 19:45:00;0.9999999999999999;0.9999048562401847;0.9998856118752558;0.9999844713314552;0.9999646295128974;0.9999794593327554;1.0;0.9998672324310807;0.9998817981503132;0.9999834364389889;0.9999318799245218;1.0;0.9999809817356098;1.0;0.9997225668419505;0.9997501935103751;0.9997572020170856;1.0;0.9999999999999999;0.9998911672585352;0.9999498590656978;1.0;0.9997550883249705;0.9999967085090343;1.0002224238692259;0.9999099880169939;1.0;0.9999844686622327;0.9995387985756783;0.9996026332441702;0.9999999999999999;0.9996650883734344;0.9999017975908815;0.998859494244935;0.9986630620154757;0.9997695840716184;1.0;0.9999773917673768;1.0001882809838063;0.9999158694414362;0.9999249167012171;0.9998813306482085;0.999982977379974;1.024999976158142;
2016-12-30 20:00:00;1.0;0.9999258069018736;0.999897261067461;0.9999856670774381;0.9999682172443132;0.9999801736367129;1.0;0.99988392872914;0.9998905486687895;0.9999862987051574;0.9999396244965589;0.9999999999999999;0.9999827671286697;1.0;0.9997658003776367;0.9997873400772312;0.9997929551054194;0.9999999999999999;1.0;0.999899419855631;0.9999513661272881;1.0;0.9997911803623726;0.9999972466534895;1.000210524112643;0.9999159581738919;1.0;0.9999856693506767;0.9995957071840957;0.9996227646824168;1.0;0.9997035719994866;0.9999133026099178;0.998966641478951;0.9987487463902184;0.9998121712460416;1.0;0.9999772863207742;1.000178875763582;0.9999259278554508;0.9999285276103363;0.9998910929454373;0.9999854102134479;1.024999976158142;
2016-12-30 20:15:00;0.9999999999999999;0.9998988634121251;0.9998842769182293;0.9999849254901583;0.9999636720009016;0.9999797200352913;1.0;0.9998712753547423;0.9998799982173042;0.9999827028026226;0.9999318214181113;1.0;0.9999808499467745;1.0;0.9997285456074794;0.9997579285582041;0.9997648986078713;1.0;1.0;0.9998908503736393;0.999951196787443;1.0;0.9997628140304519;0.9999968728606758;1.0002166173452631;0.9999113340337275;1.0;0.9999843912081816;0.9996363826803142;0.9996594705639383;1.0;0.9996893528270059;0.9998988584164389;0.998925607477504;0.9987289671532117;0.9997974410578404;1.0;0.999977539322716;1.000183165701472;0.9999132632761414;0.9999264814500085;0.9998804730658425;0.9999824856365044;1.024999976158142;
2016-12-30 20:30:00;1.0;0.9998654910127129;0.9998615489544641;0.9999842921886949;0.9999547470214512;0.9999772223865291;0.9999999999999999;0.9998675394376099;0.9998541484349927;0.999977695511111;0.9999216086098643;1.0;0.9999762180600527;1.0;0.9997138146124955;0.9997529048168734;0.9997605281373334;1.0;1.0;0.9998710518793618;0.999944496582432;1.0;0.9997582398095509;0.9999970525615325;1.000223085519351;0.9998992080012006;1.0;0.9999815571806192;0.9996654455204049;0.9996796133813627;0.9999999999999999;0.9997172512843127;0.9998733697583738;0.9990211743564422;0.9988288125013465;0.9998162204304212;1.0;0.9999769789522027;1.0001879675905487;0.9998911789678072;0.9999164029577766;0.999857939066827;0.9999776277106232;1.024999976158142;
2016-12-30 20:45:00;1.0;0.9998596372844454;0.9998642015287524;0.9999844584695248;0.9999564409838256;0.9999790973674944;1.0;0.9998579846972582;0.9998620568626723;0.9999773966468091;0.9999211093848454;1.0;0.9999761511267587;1.0;0.9996860082359967;0.9997267859245335;0.9997353329945928;1.0;1.0;0.999875722533422;0.9999464822620302;1.0;0.9997328286720214;0.9999965395371452;1.0002175584519217;0.9999011869749816;1.0;0.9999824848440023;0.9996730029204012;0.9996870647445216;0.9999999999999999;0.9997445820373422;0.9998763264169156;0.9991054803084757;0.9989164141784262;0.9998408785553121;1.0;0.999976438306248;1.0001827292333358;0.999893572506909;0.9999187204695663;0.9998630131650005;0.9999771876899571;1.024999976158142;
2016-12-30 21:00:00;1.0;0.9999206075835673;0.999882449882061;0.9999810206570092;0.9999648517175035;0.9999756770239313;1.0;0.999848966736373;0.9998777625298726;0.9999845878055752;0.9999275500502115;1.0;0.9999835000723527;1.0;0.9996959062267615;0.9997189649689934;0.9997263272110697;1.0;0.9999999999999999;0.9998862624396759;0.9999490472556609;1.0;0.999724152522695;0.9999961734089136;1.0002100134371807;0.9999051220346766;1.0;0.9999827722379503;0.9996654105771218;0.9996745714970314;1.0;0.9997301453854551;0.9999042821862458;0.9990515268603873;0.9988504144697155;0.9998342029250818;1.0;0.9999775393227162;1.000177619658879;0.9999182944927658;0.999922285033636;0.9998759689104365;0.9999854487089476;1.024999976158142;
2016-12-30 21:15:00;1.0;0.9999315177540217;0.9998914493438354;0.9999820072830321;0.9999680189910826;0.9999771212709136;0.9999999999999999;0.9998563571468857;0.9998872836897637;0.9999863026732834;0.9999326126711345;1.0;0.9999843951407955;1.0;0.9997129584694295;0.9997328529866943;0.9997396863941584;1.0;1.0;0.9998938357459446;0.9999505057834032;1.0;0.9997376366625588;0.9999963112314705;1.0002088876477653;0.9999097356822755;0.9999999999999999;0.9999840262115133;0.9996543693438699;0.9996804513167816;1.0;0.9997482671884417;0.999913231801664;0.9991415667161462;0.9989591878881641;0.9998274911080485;1.0;0.9999769789522027;1.0001770317729992;0.999926027315688;0.9999252964963903;0.9998848443791597;0.9999866952156334;1.024999976158142;
2016-12-30 21:30:00;1.0;0.9999494314220448;0.9999124111072877;0.9999854383249691;0.9999740407284924;0.9999810265534039;1.0;0.9998861531440638;0.9999072015099982;0.9999895794349468;0.999946078014225;1.0;0.9999875620017599;1.0;0.9997765777509149;0.9997912534231718;0.9997964349711008;1.0;1.0;0.9999132690001494;0.999959179830458;1.0;0.9997948527892057;0.9999971503802324;1.0002018781978175;0.9999264527553268;1.0;0.9999870856858689;0.9996461119450598;0.9996571056103318;0.9999999999999999;0.9997154153023744;0.9999303233084337;0.9990166842591822;0.9988070742993844;0.9998137762821675;1.0;0.9999771265073593;1.0001719018365358;0.9999406844196811;0.9999387610576926;0.99990604469669;0.999989677833243;1.024999976158142;
2016-12-30 21:45:00;1.0;0.9999682137886786;0.9999249035418954;0.9999872351993063;0.9999779822861471;0.9999826351367435;0.9999999999999999;0.9999037020169049;0.9999177664005124;0.9999923428731052;0.9999544648018907;1.0;0.9999882901809308;1.0;0.999819071897488;0.9998282797732246;0.9998321191951031;0.9999999999999999;1.0;0.9999222921799064;0.9999592379039969;1.0;0.9998308326006374;0.9999976698639985;1.0001903039467137;0.9999318590422864;0.9999999999999999;0.9999887220683189;0.9996830725898318;0.9997059318706696;0.9999999999999999;0.9997550351624298;0.9999422672264503;0.9991477125471202;0.9989783315705775;0.9998435664174815;1.0;0.9999788742200577;1.00016273987454;0.9999510801690609;0.9999410445860328;0.9999171125424109;0.999991383121896;1.024999976158142;
2016-12-30 22:00:00;1.0;0.9999645317774473;0.9999117898404156;0.9999842693150157;0.9999739847007785;0.9999786880049751;0.9999999999999999;0.9998862534536662;0.9999026650709567;0.9999910377741885;0.9999460702342126;1.0;0.9999883166899503;1.0;0.9997881707160786;0.9997984601146601;0.9998029781692565;0.9999999999999999;1.0;0.999909504445957;0.9999561291570255;1.0;0.9998015334847706;0.9999972862241499;1.0001944680035553;0.9999228638797466;1.0;0.999986276781097;0.9996671295271586;0.9996787768156163;1.0;0.9997572170871717;0.9999322585374703;0.9991735940883886;0.9989771612421151;0.9998325799574322;1.0;0.9999773917673768;1.0001660052912438;0.9999426132269031;0.999934980107224;0.9999025255638965;0.999991139207789;1.024999976158142;
2016-12-30 22:15:00;1.0;0.9999651080904989;0.9999331690382611;0.9999877055704102;0.9999813597618512;0.9999852565200305;0.9999999999999999;0.9998989967546487;0.9999320833707198;0.9999925267954182;0.9999566902506635;0.9999999999999999;0.9999906731788903;1.0;0.9998002990530049;0.9998104134076294;0.9998150562128691;1.0;1.0;0.9999336778346539;0.9999675091331364;1.0;0.9998136634668288;0.9999972579871674;1.0001871536865385;0.9999411227339386;1.0;0.9999901696708334;0.9996810914592231;0.9996997240914381;0.9999999999999999;0.9997743252165716;0.9999497720809979;0.9992387857750136;0.9990615725849237;0.9998396279143248;1.0;0.9999765981197067;1.0001596025625432;0.99995732028868;0.9999511204220196;0.9999286335311495;0.999992472562664;1.024999976158142;
2016-12-30 22:30:00;1.0;0.9999583898382254;0.9999045335910411;0.9999778969866797;0.9999766809405127;0.9999771741358306;1.0;0.9998128676273824;0.9999122217272063;0.9999898019380228;0.9999308790324736;1.0;0.9999898441710935;1.0;0.9996246777505999;0.9996367463779405;0.9996456833484421;1.0;1.0;0.9999070034036089;0.9999561850440597;1.0;0.9996431870491671;0.9999943711721887;1.000201398994082;0.9999127131221672;1.0;0.9999850636977283;0.9996791491520975;0.99969189966856;1.0;0.9997735910293599;0.9999364293423038;0.9992378611219882;0.9990506099115906;0.9998380634105601;1.0;0.9999768191385615;1.0001700952545522;0.999946150024666;0.9999308168520478;0.9998999100931258;0.9999915509098407;1.024999976158142;
2016-12-30 22:45:00;1.0;0.9999468951955941;0.9999180165478747;0.9999838740352097;0.9999788453430851;0.9999834874135103;1.0;0.9998522644720977;0.9999253835128854;0.9999898218302516;0.9999428716604771;1.0;0.9999885005550692;0.9999999999999999;0.9996939932469112;0.9997093731011822;0.9997169387874923;1.0;1.0;0.9999219968602756;0.9999620455894215;1.0;0.9997147897804545;0.9999955695486482;1.0001904125504997;0.9999274117225806;1.0;0.9999884662261717;0.9996843418531225;0.9997006472304252;1.0;0.9997807095379548;0.9999405211993919;0.9992452244051064;0.9990659416791979;0.9998543538124713;1.0;0.9999825910135844;1.0001609907813342;0.9999492896564051;0.9999413246157833;0.9999160307936059;0.999990023739996;1.024999976158142;
2016-12-30 23:00:00;1.0;0.9999652559589607;0.9999312897861558;0.99998711422222;0.9999811825912316;0.9999847999460724;1.0;0.9998929031675863;0.9999309846806653;0.9999924014434729;0.9999550318157414;1.0;0.9999900897264211;1.0;0.9997878931673537;0.9997979791353707;0.9998028966496338;0.9999999999999999;1.0;0.9999315137482442;0.9999653789768063;1.0;0.9998014118139534;0.9999970427404754;1.000193578458249;0.9999380888039228;1.0;0.9999898733972573;0.9996383622985249;0.9996541382146462;1.0;0.9997510239137862;0.999949212420627;0.9991513465732068;0.9989425766825432;0.999829078594278;1.0;0.9999896853204291;1.0001650594004337;0.9999568707844017;0.9999482571315118;0.9999266408076447;0.9999921595236599;1.024999976158142;
2016-12-30 23:15:00;1.0;0.9999658329162796;0.9999418946844243;0.9999910525706938;0.9999821874328467;0.9999875970886623;1.0;0.9999317725171118;0.9999365886739529;0.999993126578749;0.9999654523251631;1.0;0.9999914281236046;1.0;0.9998678238797953;0.9998777387917352;0.9998807517663848;1.0;1.0;0.9999421307703596;0.999972769604319;1.0;0.999879801444707;0.9999984110208853;1.0001883596039132;0.9999519484539431;1.0;0.999991580652248;0.9996322013308663;0.9996484346480895;1.0;0.9997460023971405;0.9999524545726256;0.9991359507029581;0.9989240694848633;0.9998244682361551;1.0;0.9999912732606052;1.000161291059767;0.9999595102354836;0.9999595674721831;0.9999372208466804;0.9999929341014;1.024999976158142;
2016-12-30 23:30:00;1.0;0.9999517443087776;0.9999289771589893;0.9999866068950093;0.9999816667760876;0.9999863534787405;1.0;0.9998738095499216;0.9999358018544727;0.9999909894806532;0.9999509395511834;1.0;0.9999887742099797;0.9999999999999999;0.9997367266406412;0.9997507338770668;0.9997572554918983;1.0;1.0;0.9999321766135925;0.9999650690727964;1.0;0.9997553652766868;0.9999961908796426;1.0001939202437489;0.9999358530354142;1.0;0.9999902854942622;0.9996386956572124;0.9996503322162459;1.0;0.9997624356024365;0.9999480631778203;0.9991776382714139;0.9989620046156233;0.9998454088601332;0.9999999999999999;0.9999896853204291;1.000164509461794;0.9999556863995785;0.9999470982644534;0.9999274727470898;0.9999905017410169;1.024999976158142;
2016-12-30 23:45:00;1.0;0.9999652576570772;0.9999413734012124;0.9999876373193818;0.9999856688877956;0.9999879072114125;1.0;0.9998852942971078;0.9999484149230955;0.9999930737327309;0.9999577566301764;1.0;0.9999918574011357;1.0;0.9997628856278534;0.9997729778477519;0.9997788005335729;0.9999999999999999;1.0;0.9999439426748374;0.9999717001445355;1.0;0.9997771486232124;0.9999964660858736;1.0001869962442882;0.9999460159390023;1.0;0.9999917092453429;0.9996578042458424;0.9996745503113666;1.0;0.9997756897429951;0.999959559038409;0.9992364467000932;0.9990408253582976;0.9998452500934129;1.0;0.999989685320429;1.000158978952572;0.9999655816250909;0.9999563075517163;0.9999400358332873;0.9999931267411286;1.024999976158142;
2016-12-31 00:00:00;1.0;0.9999836106877236;0.9999389144325607;0.9999892724050062;0.9999809093608102;0.9999836789031439;1.0;0.9999350309186954;0.9999268542119158;0.999994528793772;0.9999648252124339;1.0;0.9999930486039578;1.0;0.9998906920037695;0.9998954570545332;0.9998974312928018;1.0;1.0;0.9999355243699336;0.999970317613052;1.0;0.9998967359019872;0.9999987743591086;1.0001826217845313;0.9999480417535455;0.9999999999999999;0.999989894772993;0.9996893886525885;0.999708737381683;0.9999999999999999;0.9997874136413276;0.9999520749919756;0.999289707414216;0.9991184927716094;0.9998442677849041;1.0;0.9999892724926028;1.0001570097323604;0.9999595244861099;0.9999561028319811;0.999930108452868;0.9999950522262334;1.024999976158142;
