;('LV4.101 Bus 1', 'L1');('LV4.101 Bus 10', 'L1');('LV4.101 Bus 11', 'L1');('LV4.101 Bus 12', 'L1');('LV4.101 Bus 13', 'L1');('LV4.101 Bus 14', 'L1');('LV4.101 Bus 15', 'L1');('LV4.101 Bus 16', 'L1');('LV4.101 Bus 17', 'L1');('LV4.101 Bus 18', 'L1');('LV4.101 Bus 19', 'L1');('LV4.101 Bus 2', 'L1');('LV4.101 Bus 20', 'L1');('LV4.101 Bus 21', 'L1');('LV4.101 Bus 22', 'L1');('LV4.101 Bus 23', 'L1');('LV4.101 Bus 24', 'L1');('LV4.101 Bus 25', 'L1');('LV4.101 Bus 26', 'L1');('LV4.101 Bus 28', 'L1');('LV4.101 Bus 29', 'L1');('LV4.101 Bus 3', 'L1');('LV4.101 Bus 30', 'L1');('LV4.101 Bus 31', 'L1');('LV4.101 Bus 32', 'L1');('LV4.101 Bus 33', 'L1');('LV4.101 Bus 34', 'L1');('LV4.101 Bus 35', 'L1');('LV4.101 Bus 36', 'L1');('LV4.101 Bus 37', 'L1');('LV4.101 Bus 38', 'L1');('LV4.101 Bus 39', 'L1');('LV4.101 Bus 4', 'L1');('LV4.101 Bus 40', 'L1');('LV4.101 Bus 41', 'L1');('LV4.101 Bus 42', 'L1');('LV4.101 Bus 43', 'L1');('LV4.101 Bus 44', 'L1');('LV4.101 Bus 5', 'L1');('LV4.101 Bus 6', 'L1');('LV4.101 Bus 7', 'L1');('LV4.101 Bus 8', 'L1');('LV4.101 Bus 9', 'L1');('MV1.101 Bus 52', 'L1');('metainfo', 'in the first', 'few indices')
2016-04-01 00:00:00;0.9999854892183838;0.9998045815168033;1.0;0.9999930622511218;0.9999781743911887;1.0;1.0;0.999932070596152;0.999934093313289;1.00007314285534;0.9999349963775399;0.999989659841795;1.0;1.0;0.9998890030648018;0.9998993223429417;0.9999013912151791;1.0;1.0001076717054789;0.9999851911877048;0.9999864423031276;0.9998401143935691;0.999900719818498;0.999999659708683;1.0001850984480614;0.9999999999999999;0.9998647345582083;1.0000195923356772;0.9998710117898258;0.9998348754956317;0.9999999999999999;0.9998117081936869;0.9999487580108553;0.999372811326385;0.999235243830303;0.9998607056156272;1.0;0.9999924483761711;1.0001733225005793;0.9999556741146495;0.9999922092742235;1.0;0.9999928619534967;1.024999976158142;simulation#4768
2016-04-01 00:15:00;0.9999838113899138;0.9998531743145248;1.0;0.9999921152027968;0.9999873451670501;0.9999999999999999;0.9999999999999999;0.9999486444487006;0.9999658289647682;1.0000704185164264;0.9999537303870436;0.9999891226316477;1.0;1.0;0.9998980727967495;0.9999088980104403;0.999911290809416;0.9999999999999999;1.0001040315729959;0.9999923354046405;0.9999842177036673;0.9998904422078315;0.9999105001996709;0.9999995150252419;1.0001810272351246;1.0;0.9999056533179789;1.000018922497193;0.9998079269793088;0.99977830800692;1.0;0.9997993088486223;0.9999676847386377;0.9993250333362633;0.9991562708868617;0.9998559501133896;0.9999999999999999;0.9999924483761707;1.0001691973002238;0.9999718156305368;0.9999908158704229;1.0;0.999992498341434;1.024999976158142;comment data format: active and reactive powers in Watts
2016-04-01 00:30:00;0.9999786918061686;0.9998480215943278;1.0;0.9999896356418059;0.9999884971499557;1.0;0.9999999999999999;0.9999382379586517;0.9999684867286542;1.0000686395526275;0.9999475714697788;0.9999901522652124;1.0;1.0;0.9998781299401795;0.9998874313734154;0.9998900497770842;1.0;1.0001007318238628;0.9999929202573609;0.9999744171126204;0.9998800132030485;0.9998890297089778;0.9999993704785393;1.0001824070741974;1.0;0.9998937285856104;1.0000184185196284;0.9998534213160734;0.9998066408099419;1.0;0.9998056949446466;0.9999709186493709;0.9993526385885974;0.9991874100161797;0.9998563539143198;0.9999999999999999;0.9999912732606052;1.0001700144183279;0.9999746590554437;0.9999842825018007;0.9999999999999999;0.9999933275783955;1.024999976158142;step time in minutes: 15
2016-04-01 00:45:00;0.9999796725823936;0.9998657110602159;1.0;0.9999903474765848;0.9999899051737344;1.0;1.0;0.9999425553476978;0.9999706961875081;1.0000692512356715;0.9999504830852309;0.9999910964039552;0.9999999999999999;1.0;0.9998918808437767;0.9998980645488152;0.9999001153002308;1.0;1.0000996880282425;0.9999934239789958;0.9999726754641028;0.9998870135722543;0.9998991871040924;0.9999995255526505;1.0001800740740616;0.9999999999999999;0.9998986727656626;1.0000185979112088;0.9998397006916367;0.9998034090828146;1.0;0.9998152817532779;0.9999755380439848;0.9993857755166852;0.9992272961943985;0.9998626149593662;1.0;0.9999920672329303;1.000168275829454;0.9999787726452434;0.9999828044810626;1.0;0.9999944989205221;1.024999976158142;start time of simulation: 2016-04-01 00:00:00+00:00
2016-04-01 01:00:00;0.9999903478871119;0.9999197357146186;1.0;0.999995303669494;0.9999928018851983;1.0;0.9999999999999999;0.9999663160631831;0.9999785883132761;1.000070121252888;0.9999711154802853;0.9999919487227799;1.0;1.0;0.9999393599278116;0.9999431515117411;0.9999443040781494;1.0;1.0000993655113026;0.9999952101677386;0.9999879748321537;0.9999328024915374;0.999943839406296;0.9999997106054322;1.000166428616171;1.0;0.9999410001917374;1.0000188724985992;0.9998885620491246;0.999848184521903;1.0;0.9998372147944414;0.9999828905777047;0.9994710443469562;0.9993380383219193;0.9998705077524772;1.0;0.9999916544037752;1.0001568000394476;0.9999851816590867;0.9999925507424046;1.0;0.9999954554853726;1.024999976158142;end time of simulation: 2016-04-15 00:00:00+00:00
2016-04-01 01:15:00;0.9999760642399254;0.9998651629420973;0.9999999999999999;0.9999892851938498;0.9999913542089479;1.0;0.9999999999999999;0.9999470830231676;0.9999751739002913;1.000064023768216;0.9999495880548546;0.9999920633502764;1.0;1.0;0.99989904648263;0.9999046895497633;0.9999064553312027;1.0;1.0000921206368858;0.9999944291960373;0.9999654022042619;0.9998845857589475;0.9999054727256516;0.9999997939807028;1.0001733973042801;1.0;0.9998946273625466;1.0000171934810191;0.9999062510285774;0.9998712208372327;1.0;0.9998534430730998;0.9999788565339163;0.9995302973205322;0.9994167769719519;0.9998789566895818;1.0;0.999990479290912;1.0001616880282556;0.9999816370757135;0.9999779281322623;1.0;0.9999950650851359;1.024999976158142;"[""terminal(s) with malfunction: ['LV4.101 Bus 23']"", 'type of malfunction: EVSE without P(U) control']"
2016-04-01 01:30:00;0.9999787208174319;0.9998777473685257;1.0;0.999989845482769;0.9999925828199259;1.0;0.9999999999999999;0.999946979849063;0.9999802976847223;1.0000653041113754;0.9999555739492092;0.9999909612717759;1.0;0.9999999999999999;0.9998926034254741;0.9998993310596979;0.9999015522207493;0.9999999999999999;1.0000945142947872;0.9999955782956188;0.9999716695474804;0.9999009289683494;0.9999005670827347;0.9999994703537549;1.0001730243304698;1.0;0.9999099183907441;1.0000175469849362;0.9998774653590377;0.9998596117328679;0.9999999999999999;0.999856154906631;0.9999808506705351;0.9995443133655252;0.9994379683130409;0.9998775717841848;1.0;0.9999916544037754;1.0001613956525497;0.9999832819280701;0.99998220546895;1.0;0.9999943079423965;1.024999976158142;terminals with PVs: ['LV4.101 Bus 11', 'LV4.101 Bus 8', 'LV4.101 Bus 25', 'LV4.101 Bus 33', 'LV4.101 Bus 38', 'LV4.101 Bus 21', 'LV4.101 Bus 43', 'LV4.101 Bus 14', 'LV4.101 Bus 20', 'LV4.101 Bus 15']
2016-04-01 01:45:00;0.9999887603618189;0.9999230131613003;1.0;0.9999941652460358;0.9999943958728641;1.0;1.0;0.9999622950873168;0.9999845926532597;1.0000667708028033;0.9999720839993412;0.9999927014608426;1.0;1.0;0.9999252011358021;0.9999296704553108;0.999931297272422;1.0;1.0000951235546436;0.9999965541951603;0.9999864830204145;0.9999383905404743;0.9999306934307695;0.9999994592730971;1.0001612817238723;1.0;0.9999450618152741;1.000017972457658;0.9999087588475247;0.9998908066372473;1.0;0.9998688924670431;0.9999858643367687;0.9995896608907133;0.9995034669882537;0.9998849854898392;1.0;0.999992448376171;1.0001515635459517;0.9999876855281106;0.999991696214434;1.0;0.9999956338405624;1.024999976158142;terminals with EVSE: ['LV4.101 Bus 11', 'LV4.101 Bus 29', 'LV4.101 Bus 16', 'LV4.101 Bus 4', 'LV4.101 Bus 36', 'LV4.101 Bus 6', 'LV4.101 Bus 23', 'LV4.101 Bus 9', 'LV4.101 Bus 19', 'LV4.101 Bus 44']
2016-04-01 02:00:00;0.9999892114772516;0.9999280603484583;1.0;0.9999947894752791;0.99999515614444;1.0;0.9999999999999999;0.9999717030509341;0.9999876382065369;1.000064406581411;0.9999759077800415;0.9999914191589675;0.9999999999999999;1.0;0.9999410409823813;0.9999460478205061;0.9999473939563178;1.0;1.0000921573042543;0.9999972376481274;0.9999872320018218;0.9999453184523239;0.9999468758224938;0.9999996937266693;1.0001564517245491;1.0;0.9999513070224411;1.0000173401608512;0.9999249093777858;0.9999313483599246;1.0;0.9999007950703083;0.999987160792505;0.9997137399686294;0.9996748950336034;0.9998964502640629;1.0;0.9999908604325449;1.0001470625494022;0.9999887650714598;0.9999921843754442;1.0;0.999994925919703;1.024999976158142;
2016-04-01 02:15:00;0.9999920855302676;0.9999394677971177;1.0;0.9999961672758677;0.9999954619313841;1.0;1.0;0.9999779553503023;0.9999883039893066;1.0000653698506399;0.9999806305474742;0.9999923026115588;1.0;1.0;0.9999542508892405;0.9999587965283095;0.9999598812871979;1.0;1.000093212354229;0.999997387252453;0.9999914947919816;0.9999551365102125;0.9999594967442718;0.9999997703487127;1.0001546336170757;1.0;0.9999607219865524;1.0000176013935225;0.999929453219613;0.9999306355096732;1.0;0.9998981780884186;0.9999880525781008;0.9996979853344383;0.9996541210027267;0.9998992980596287;1.0;0.9999920672329302;1.0001457247885666;0.9999895510941524;0.9999949136590573;1.0;0.9999954353746979;1.024999976158142;
2016-04-01 02:30:00;0.9999939019171094;0.9999422594636217;1.0;0.9999967947848168;0.9999951247418187;1.0;1.0;0.9999779147812425;0.9999873616061972;1.000065671657682;0.9999822195359898;0.9999920651274129;1.0;1.0;0.9999542704529039;0.9999590706490024;0.9999602290538284;0.9999999999999999;1.000093778486229;0.9999971775675532;0.9999950170053817;0.9999587944925878;0.9999598869209169;0.9999996849567365;1.0001530114730655;1.0;0.9999647773205161;1.0000176837412205;0.9999557250421046;0.9999454407480077;1.0;0.9998993056354963;0.999987210470623;0.9997086764620566;0.9996647365074008;0.999895412289987;1.0;0.999992448376171;1.0001443238913375;0.9999888180714269;0.9999972663185532;1.0;0.9999952672468168;1.024999976158142;
2016-04-01 02:45:00;0.9999945713323775;0.9999478083472202;0.9999999999999999;0.9999969672106823;0.9999955692452617;1.0;1.0;0.9999776689406623;0.9999885159534352;1.000066874246678;0.9999836201783291;0.9999918864733279;1.0;1.0;0.9999537876808311;0.9999581586876083;0.9999593346347153;1.0;1.0000951890551228;0.9999974351011647;0.9999958818815917;0.9999628232914077;0.9999589998109912;0.9999996214565907;1.000154290729589;1.0;0.9999682570481242;1.0000180075332104;0.9999257900991977;0.9999260151427336;1.0;0.9999033986320542;0.9999883776788795;0.9997197044172099;0.9996719724363984;0.9999002159537651;1.0;0.9999912732606053;1.0001456301624503;0.9999898373216008;0.9999978049378309;1.0;0.9999952889925828;1.024999976158142;
2016-04-01 03:00:00;0.9999942433273479;0.9999464346120557;1.0;0.999996259381017;0.9999956201437435;1.0;1.0;0.9999693521428624;0.9999887939902975;1.0000661278958114;0.9999819967691946;0.9999922284600204;0.9999999999999999;1.0;0.9999362839915504;0.9999407658645774;0.9999423905522125;0.9999999999999999;1.0000942215329687;0.9999974980885008;0.9999961268487879;0.9999618867067745;0.9999419485005026;0.99999930994636;1.000152604929744;1.0;0.9999672978000441;1.0000178065489593;0.9999364426259838;0.9999361340286587;1.0;0.9999145727672454;0.999988419123624;0.9997649123754561;0.999723262628625;0.9999030382334768;1.0;0.9999916544037752;1.0001438544351808;0.9999898675218896;0.9999980460452087;1.0;0.9999954170684964;1.024999976158142;
2016-04-01 03:15:00;0.9999947417235645;0.9999488485244746;1.0;0.9999973355217388;0.9999956256701744;1.0;1.0;0.9999822909953299;0.9999887160341108;1.0000669259090067;0.9999846929581816;0.9999916473544919;1.0;1.0;0.9999631284758065;0.9999674995234143;0.9999684476626894;1.0;1.0000952597894364;0.9999974794585322;0.9999958082825948;0.9999638634842808;0.9999681686503009;0.9999997834155764;1.0001544780846008;1.0;0.9999692417999009;1.000018021713839;0.9999113546521873;0.9999200962024781;1.0;0.9999040581444858;0.9999884991025303;0.9997234561804169;0.9996791394217152;0.9998996512012344;1.0;0.999990479290912;1.0001458930421214;0.9999899406022034;0.9999977223953728;1.0;0.9999951809161678;1.024999976158142;
2016-04-01 03:30:00;0.9999932163332673;0.9999385835790676;1.0;0.9999964070443779;0.9999947136550162;0.9999999999999999;0.9999999999999999;0.9999739457353881;0.9999855860225927;1.0000664464421374;0.9999797426349429;0.9999926220805018;1.0;1.0;0.999948415407439;0.999952776565461;0.999953985218694;1.0;1.0000945924379079;0.9999967804561807;0.999993540900244;0.9999536007103706;0.9999536031310233;0.9999996344478598;1.0001551006734564;0.9999999999999999;0.9999599227564575;1.0000178917277696;0.9999203035068501;0.9999174951464637;1.0;0.9998956780424249;0.9999865852513682;0.999692183316144;0.9996362987896532;0.9998957377234775;1.0;0.999990479290912;1.0001462582071656;0.9999883075755363;0.9999962698226205;1.0;0.9999956238170383;1.024999976158142;
2016-04-01 03:45:00;0.9999949793823997;0.999952131936531;1.0;0.9999969055096474;0.9999957233857456;1.0;0.9999999999999999;0.9999735126707914;0.9999880703882718;1.000067721218103;0.9999831115388247;0.9999928289465418;1.0;1.0;0.9999480113236375;0.9999512274642148;0.9999524490270427;1.0;1.0000956745271388;0.9999973367714219;0.999995744040691;0.9999631731487267;0.9999520930824564;0.9999994907124019;1.000154402214682;1.0;0.9999682213332742;1.00001823633035;0.99991912279009;0.9999099681682291;1.0;0.9998947368647558;0.9999893181011658;0.9996886007306195;0.9996223316792525;0.999895345634684;0.9999999999999999;0.9999912732606052;1.000145840083333;0.9999907029078788;0.9999976331384862;1.0;0.9999959907567627;1.024999976158142;
2016-04-01 04:00:00;0.9999956313149565;0.9999617758655833;0.9999999999999999;0.999997155323739;0.9999968811241802;1.0;1.0;0.9999762890467786;0.9999917174684343;1.0000676918926985;0.9999863790265635;0.9999929707161201;1.0;1.0;0.9999517543589795;0.9999545885947555;0.9999557692609856;1.0;1.0000954053008078;0.9999981522372821;0.9999965164492155;0.9999715174576647;0.9999554339495029;0.9999994732494577;1.0001531617137263;1.0;0.9999752968390203;1.0000182291798445;0.9999238461580892;0.9999126527546017;0.9999999999999999;0.999897131989601;0.9999919494148894;0.9997004080002871;0.9996341545344846;0.9998945055513554;0.9999999999999999;0.999992448376171;1.0001447613654313;0.9999929707780061;0.9999981058318669;1.0;0.9999961460382526;1.024999976158142;
2016-04-01 04:15:00;0.999996028959435;0.9999634460553257;1.0;0.9999974274324251;0.9999969829685112;1.0;1.0;0.9999786467095764;0.9999921191980857;1.0000662837377932;0.999987435096734;0.9999933919686669;1.0;1.0;0.999956167618081;0.9999590524725982;0.9999601476313339;1.0;1.0000934846819711;0.9999982426015646;0.9999971154351887;0.9999734076012234;0.9999598440379387;0.9999995283756706;1.0001497558575687;1.0;0.9999770991310722;1.0000178503494066;0.9999527414917588;0.9999460600867912;1.0;0.9999091371904489;0.9999921317810933;0.9997415274292494;0.9997009736601208;0.9999026112095512;1.0;0.9999912732606052;1.0001415820450645;0.9999931243368195;0.9999984910818897;1.0;0.9999963243504114;1.024999976158142;
2016-04-01 04:30:00;0.9999972738574241;0.9999720252201828;0.9999999999999999;0.9999981808096271;0.9999973696905916;1.0;1.0;0.9999828694985797;0.9999924728415875;1.0000684938229838;0.9999897554122954;0.9999928428244037;1.0;1.0;0.9999669404545691;0.9999686803003358;0.9999694465636807;1.0;1.000095864645515;0.9999983220929266;0.9999978517762244;0.9999780106194992;0.9999692301883744;0.9999996475597214;1.0001522269305978;1.0;0.999981073215043;1.0000184457028305;0.999898736936652;0.9999138019324345;1.0;0.9999026343682008;0.9999935591941043;0.9997205047826739;0.999677539136676;0.9998973792670787;1.0;0.999989685320429;1.000144228188314;0.9999944046763293;0.9999988375669592;1.0;0.9999963495901318;1.024999976158142;
2016-04-01 04:45:00;0.9999965423741124;0.9999697862532752;1.0;0.9999978248139844;0.9999972440129447;1.0;1.0;0.9999804283494879;0.9999917477947088;1.00006764366841;0.9999880672236591;0.9999929231222109;1.0;0.9999999999999999;0.9999632581583181;0.9999646449199151;0.9999654313253548;1.0;1.000094479206865;0.9999981593601922;0.9999963186940946;0.9999745422409685;0.9999651819372719;0.9999996254617257;1.00015099258544;1.0;0.9999776656707869;1.0000182163536526;0.9999376712366631;0.9999358058807921;1.0;0.9999076035204213;0.9999934883424767;0.9997344663059127;0.9996913051048848;0.9999028088251307;1.0;0.9999920672329303;1.000142997919561;0.9999943627214625;0.9999978032932348;1.0;0.9999964702000235;1.024999976158142;
2016-04-01 05:00:00;0.999995773322349;0.9999646621547971;1.0;0.9999977264843137;0.9999971981160592;1.0;1.0;0.9999844470243445;0.999992694446578;1.0000668057712163;0.9999884225665318;0.9999929801072708;0.9999999999999999;1.0;0.999968033999874;0.9999707345044316;0.9999715116255689;0.9999999999999999;1.0000940979341053;0.9999983710532196;0.9999959982793687;0.9999739723753478;0.9999712675817528;0.9999997530759551;1.0001514763967694;0.9999999999999999;0.9999774015388574;1.0000179909630755;0.9999332104523084;0.9999310837113675;0.9999999999999999;0.9999059334167644;0.9999926819832842;0.9997369809965369;0.9996905823930042;0.9998960788345392;0.9999999999999999;0.9999908604325449;1.000143298827844;0.9999936041077514;0.9999976916381941;1.0;0.9999961822296043;1.024999976158142;
2016-04-01 05:15:00;0.9999960071793244;0.9999654450259318;1.0;0.9999975656515329;0.9999971792651965;1.0;1.0;0.9999806711108098;0.9999924691013259;1.0000671663197003;0.9999879365026489;0.9999929261030288;0.9999999999999999;1.0;0.9999608450587651;0.9999633545847798;0.9999643011995192;1.0;1.000094483584872;0.9999983210678393;0.9999965316270975;0.9999741054003303;0.9999640224784464;0.999999609310768;1.0001515341981715;1.0;0.9999775172486236;1.000018088144583;0.9999218202560344;0.9999299906877598;1.0;0.9999089145806984;0.9999927431920763;0.9997437749059533;0.9997054690890884;0.9999004194428984;1.0;0.9999900664615025;1.0001433400852429;0.9999936668877683;0.9999980542793404;1.0;0.9999962034231552;1.024999976158142;
2016-04-01 05:30:00;0.9999970513494575;0.9999748753206191;1.0;0.9999980000805326;0.9999977864566713;1.0;0.9999999999999999;0.9999815768268788;0.9999934634774905;1.0000682655313622;0.9999898214752458;0.9999923402506076;1.0;1.0;0.999964669637826;0.9999658845232143;0.9999666688777364;1.0;1.0000952371219525;0.9999985432625268;0.9999970682810937;0.9999790543594701;0.9999664315276955;0.9999996009043443;1.00015149634348;0.9999999999999999;0.9999815856351948;1.000018384215357;0.999910560000882;0.9999224190099713;0.9999999999999999;0.9999088369906518;0.999994716386473;0.9997441035470812;0.9997039842504901;0.9998999662634318;1.0;0.9999904792909118;1.0001435403883265;0.9999954209439614;0.999998284715386;1.0;0.9999962478001135;1.024999976158142;
2016-04-01 05:45:00;0.9999953910060896;0.9999535162819487;1.0;0.9999969960768477;0.9999958562147169;1.0;1.0;0.9999735646761265;0.9999887393383686;1.0000678643373413;0.9999839550541013;0.9999905841003016;1.0;1.0;0.9999470997754663;0.9999505541414935;0.9999518486101318;0.9999999999999999;1.0000960130325618;0.9999974867406934;0.9999967798518745;0.9999654278561008;0.9999514933717287;0.9999994427399973;1.0001542912422803;1.0;0.9999703945709987;1.0000182752304803;0.9998941702056694;0.9999143956993228;0.9999999999999999;0.9999148476564751;0.9999894656429912;0.9997739935479685;0.9997358063353027;0.9998976974916679;1.0;0.9999912732606052;1.0001457380093046;0.9999908165193684;0.999998345614574;1.0;0.9999949192434108;1.024999976158142;
2016-04-01 06:00:00;0.9999968028982418;0.9999710538475487;1.0;0.9999979777420587;0.9999974782070407;1.0;1.0;0.9999825956519135;0.9999929330275374;1.000071907182589;0.9999894247275125;0.9999911725418029;1.0;1.0;0.9999658300367591;0.9999676748271;0.9999684699572225;1.0;1.0001006529645982;0.9999984245867869;0.9999971541472296;0.9999774003612115;0.9999682352487753;0.9999996474581354;1.000160291050975;1.0;0.9999803712962901;1.000019364806222;0.9998333283503832;0.9998763848633709;1.0;0.999871464863617;0.9999937307057852;0.9996499626132314;0.9996074345332732;0.9998517492042334;1.0;0.9999904792909119;1.0001518385968575;0.9999945454583425;0.9999983894039447;0.9999999999999999;0.9999955695963838;1.024999976158142;
2016-04-01 06:15:00;0.999993653274787;0.999942937543655;1.0;0.9999964665718336;0.9999953770866004;1.0;1.0;0.9999748548764692;0.9999881845302395;1.0000738026464564;0.9999818871423517;0.9999904860829436;1.0;1.0;0.9999474729025999;0.9999522252180327;0.9999535575748172;0.9999999999999999;1.000105005287732;0.9999973621253879;0.9999948184348707;0.9999593296353871;0.9999531680936774;0.9999995631333473;1.0001706293900896;1.0;0.9999650433002656;1.0000198741689548;0.999775147817703;0.9998302268609546;1.0;0.9998087030629936;0.9999877606603557;0.9994146340945501;0.9993536574317976;0.9998232948794441;1.0;0.9999912732606052;1.0001610149752052;0.999989291123509;0.9999971565030693;1.0;0.9999945649797392;1.024999976158142;
2016-04-01 06:30:00;0.99999481619758;0.9999557668320092;1.0;0.9999973313434511;0.9999966213634961;1.0;1.0;0.9999837512021155;0.9999918136024537;1.000072531889292;0.9999867764650272;0.9999908578481445;1.0;0.9999999999999999;0.9999645359488333;0.9999685474201379;0.999969485087172;1.0;1.0001028044383025;0.9999981731635534;0.9999956252606591;0.9999695542261137;0.999969203134083;0.9999997626660961;1.0001661574476037;0.9999999999999999;0.9999738296743419;1.0000195326677792;0.9998177344405759;0.9998565960429004;1.0;0.9998328843879047;0.9999907735294981;0.9995047527380007;0.9994465420238332;0.999834690577666;1.0;0.9999750012595575;1.000157040264884;0.9999919031730923;0.9999975716641937;1.0;0.999994909946385;1.024999976158142;
2016-04-01 06:45:00;0.9999952222061497;0.9999601078553516;0.9999999999999999;0.9999968921873986;0.9999968995036346;1.0;1.0;0.9999748487619521;0.9999919709320004;1.0000772892921375;0.9999858016484808;0.9999568595694674;1.0;1.0;0.9999481461484959;0.9999512029289777;0.9999524859849327;1.0;1.0001088244867795;0.999998209237862;0.9999961427445708;0.9999706465788732;0.9999521203204709;0.9999994204862682;1.0001745072775068;0.9999999999999999;0.9999744539649997;1.0000208138808715;0.9997764764569296;0.9998164907047916;1.0;0.9998378524359376;0.9999918643121508;0.9995305304731449;0.9994481932824236;0.9998324971367791;1.0;0.999970989445157;1.0001649855662387;0.9999928866912636;0.9999978937979739;1.0;0.9999797714112268;1.024999976158142;
2016-04-01 07:00:00;0.9999952677676657;0.9999601566207106;1.0;0.9999972218564115;0.999996891723184;1.0;1.0;0.9999794968285345;0.9999920307238198;1.0000806541410017;0.9999866493186056;0.999951802812622;1.0;1.0;0.9999574197991082;0.9999605782970207;0.999961637596337;1.0;1.0001135433179373;0.9999982225852142;0.9999959378419969;0.9999710573102448;0.9999613248417558;0.9999995890591641;1.0001821284509227;1.0;0.9999748936965794;1.0000217200608355;0.9996824255180854;0.9997604655837709;1.0;0.999823506727165;0.9999917916029812;0.9994982505404739;0.9994135958931448;0.9998116312966111;1.0;0.9999554699102778;1.0001722997818634;0.999992819362349;0.9999977292153894;1.0;0.9999774615586636;1.024999976158142;
2016-04-01 07:15:00;0.9999838145234003;0.999809467734503;1.0;0.9999924607216556;0.9999821873404339;1.0;1.0;0.9999501387222349;0.9999534454898517;1.0000781261519152;0.9999471349822034;0.9999423518431716;1.0;1.0;0.9998972556669719;0.9999143151060575;0.9999170902980828;1.0;1.0001184121855509;0.9999895586657523;0.9999898682189322;0.9998683454251946;0.9999163393368543;0.9999996964454819;1.0002031589898461;0.9999999999999999;0.9998901283398829;1.0000209939805524;0.9996697713880216;0.9997596068221405;1.0;0.9998215563807604;0.9999535153355358;0.9994998076169301;0.9994270951469147;0.9998055428912364;1.0;0.9998590761057314;1.0001897336535188;0.9999593804589311;0.9999950763288754;1.0;0.9999698701216025;1.024999976158142;
2016-04-01 07:30:00;0.99998863681935;0.9998739369822961;1.0;0.9999936859956778;0.9999880880131614;0.9999999999999999;1.0;0.9999484429977482;0.9999674142561549;1.000087176523058;0.9999601408848194;0.999917824137011;1.0;1.0;0.9998986582034627;0.999908360731234;0.9999108394488464;0.9999999999999999;1.000126525039614;0.9999926988869239;0.9999919256352033;0.9999073016677157;0.999910148816219;0.9999992129539608;1.0002095101831583;1.0;0.9999215202217293;1.0000234512656352;0.9995943794756452;0.9997254428032308;1.0;0.9998458118321377;0.9999698464453634;0.9995907810110409;0.9995333144920427;0.9998173591648778;1.0;0.9998165574927409;1.0001968349923005;0.9999737221743977;0.9999958189758992;1.0;0.9999605410277864;1.024999976158142;
2016-04-01 07:45:00;0.9999906272202266;0.9999060640713621;0.9999999999999999;0.9999941299188634;0.9999915914890326;0.9999999999999999;1.0;0.9999498640741379;0.9999771100118616;1.0000892938880124;0.9999680279741279;0.9999149781173903;1.0;1.0;0.9999000015802778;0.9999069648016824;0.9999094003460979;1.0;1.000127802105502;0.9999948758991442;0.9999931307890537;0.9999300399438478;0.999908722238494;0.9999989813000831;1.000208805604676;1.0;0.9999401077253189;1.000024032198049;0.9996111625297602;0.9997317766969696;1.0;0.99982599513448;0.9999786551819486;0.999520221792711;0.9994588488688864;0.999806109957917;1.0;0.9998076478896767;1.0001965595564044;0.999981393398268;0.9999963916112949;0.9999999999999999;0.9999599088805957;1.024999976158142;
2016-04-01 08:00:00;0.9999927512858934;0.9999206028599681;1.0;0.9999951743938754;0.999992416171709;0.9999999999999999;1.0;0.999954494544081;0.9999786140174111;1.0000902320174179;0.9999720677945525;0.9999136312794685;1.0;1.0;0.9999115385950036;0.9999169559538356;0.9999190586107717;1.0;1.0001281645237083;0.9999952178460773;0.9999950642866763;0.9999392305772099;0.9999184858524297;0.9999990490380251;1.0002069312859314;1.0;0.9999481347554681;1.0000242919266304;0.999616308959806;0.9997325623071658;1.0;0.9998187209462736;0.999981209216197;0.9994947539391321;0.9994304612483552;0.9998016855470723;0.9999999999999999;0.9998098467050713;1.0001951910684068;0.9999836584405007;0.9999974942456351;1.0;0.9999596692730899;1.024999976158142;
2016-04-01 08:15:00;0.9999921580756795;0.9999084105535514;0.9999999999999999;0.9999956677181279;0.9999913174438275;1.0;0.9999999999999999;0.9999645530254622;0.9999765548887162;1.0000886754176468;0.9999718970298395;0.9998915629046226;1.0;1.0;0.9999294902222008;0.9999369144174044;0.9999386893128195;1.0;1.0001271915735583;0.9999947595553998;0.9999950757043065;0.9999340539162022;0.9999382113187747;0.9999994495851869;1.000206707049011;1.0;0.9999444996153573;1.00002387576919;0.9996488434264905;0.9997517776270857;0.9999999999999999;0.9998306831748587;0.999977816615233;0.9995525614872665;0.9994898080124667;0.9997988421251975;1.0;0.9998097412065269;1.000194887049653;0.9999806547544063;0.9999976036281186;1.0;0.9999492156394776;1.024999976158142;
2016-04-01 08:30:00;0.999994705932134;0.9999454381875894;0.9999999999999999;0.9999969553158211;0.9999949797910919;0.9999999999999999;1.0;0.9999748176537263;0.9999861515914029;1.0000947974542744;0.9999819300339807;0.9998764773211924;1.0;1.0;0.9999506111666473;0.9999545589085888;0.9999557380266939;1.0;1.0001335955307493;0.9999969066551808;0.9999957868906322;0.9999590087493471;0.9999553982911621;0.999999543017636;1.0002140092490042;0.9999999999999999;0.9999649743425444;1.0000255278567869;0.9996230332634976;0.999687858748048;0.9999999999999999;0.9997877726554213;0.9999873702523515;0.9993936971528614;0.9992594205387886;0.9997786671122546;1.0;0.9998138661094869;1.0002024920708965;0.9999889995440894;0.9999977122490845;0.9999999999999999;0.9999432274059923;1.024999976158142;
2016-04-01 08:45:00;0.9999901964236236;0.9998946431405717;1.0;0.9999949019948532;0.9999903875128022;1.0;1.0;0.9999625962402079;0.9999744857497661;1.0000934464327946;0.9999682663202675;0.9998785023361207;1.0;1.0;0.9999243162447334;0.9999330774141455;0.9999349997387008;1.0;1.0001346134352023;0.9999942862463356;0.9999929699179346;0.9999247565303734;0.9999344588140802;0.9999994856507222;1.0002207487448664;1.0;0.9999364102820157;1.0000251520994399;0.9996082164421716;0.9996768091249306;1.0;0.9997836246564548;0.99997517092176;0.9993893868048782;0.9992513352161615;0.9997690342759173;1.0;0.999832223664644;1.000207917531536;0.9999783204058773;0.999996343858658;1.0;0.9999429931220518;1.024999976158142;
2016-04-01 09:00:00;0.9999845113593365;0.999781900881438;1.0;0.9999920165608681;0.9999760937329752;0.9999999999999999;1.0;0.9999216342180544;0.9999298235172558;1.0000945045469158;0.9999298974723465;0.9998773865718895;0.9999999999999999;1.0;0.9998635569393546;0.9998772988439278;0.999880224114346;1.0;1.000139275701091;0.9999842323555052;0.9999888823459387;0.9998292076706027;0.9998794019056612;0.9999992742031084;1.000234635560084;0.9999999999999999;0.9998566354387086;1.0000253464876618;0.9995694074306234;0.9996539085050334;1.0;0.999788611644315;0.9999425518418452;0.9994108798587108;0.9992713579946705;0.9997691284444683;0.9999999999999999;0.9998582853281414;1.0002198849072501;0.9999501907093901;0.9999942135529115;1.0;0.9999412992231436;1.024999976158142;
2016-04-01 09:15:00;0.9999885696876676;0.9998406318196615;1.0;0.9999940129586917;0.9999828661638052;1.0;1.0;0.9999425217496425;0.9999504290014825;1.0000944969440912;0.9999495004357242;0.9998920756991584;1.0;0.9999999999999999;0.9998972082409229;0.9999079126731253;0.9999102140695089;1.0;1.0001373184460016;0.9999888785715834;0.9999924118340267;0.9998774644382808;0.9999095841229982;0.9999994040986743;1.0002267704086119;1.0;0.9998972951399028;1.0000253984553493;0.9995569743268613;0.9996500685639699;1.0;0.9997800513960237;0.9999583765082879;0.9993994554163922;0.9992648828006304;0.9997509786378712;1.0;0.9998603819153637;1.0002132232905705;0.9999638701608409;0.9999961948149176;1.0;0.9999486639195264;1.024999976158142;
2016-04-01 09:30:00;0.9999824753472113;0.9998091452078417;0.9999999999999999;0.9999911774359775;0.9999831182718665;1.0;1.0;0.9999415716369918;0.9999573220356625;1.0000908288627237;0.9999464994760356;0.9998872191261157;1.0;1.0;0.9998749571639383;0.9998928853432797;0.9998963307948576;1.0;1.0001365159724942;0.9999904238620967;0.9999893077597838;0.9998709048261668;0.9998954086751328;0.9999992812635174;1.0002322975042217;1.0;0.9998918707371289;1.0000244149830286;0.9995637679199036;0.9996237390392978;1.0;0.9997400617391556;0.9999550044940713;0.9992640862189569;0.9990865705282186;0.9997235534687557;0.9999999999999999;0.9998338394466568;1.0002170712527036;0.9999606051094545;0.9999948795823651;1.0;0.9999447436632852;1.024999976158142;
2016-04-01 09:45:00;0.9999824620362787;0.9998253133869875;1.0;0.9999907110165389;0.9999852906809926;1.0;1.0;0.9999379740354585;0.9999634000865867;1.0000957316269214;0.999949329456131;0.9998690511283865;1.0;1.0;0.9998663759197756;0.9998827140668664;0.999886338437661;1.0;1.0001423605975999;0.9999917840292988;0.999988304193829;0.9998815048677369;0.9998853446880983;0.9999990145520516;1.0002411337317683;1.0;0.9998998998760006;1.0000257356624749;0.9995246082529223;0.9995822963334545;1.0;0.9997337688243759;0.9999604201870488;0.9992208664389192;0.9990177467716599;0.9997352707509292;1.0;0.999746588039003;1.0002255273333467;0.9999653148521045;0.9999941266930048;1.0;0.9999369117298724;1.024999976158142;
2016-04-01 10:00:00;0.9999657864570379;0.9996627698624136;1.0;0.9999841196406511;0.9999730345769895;1.0;1.0;0.9999226964902718;0.999938264437107;1.000084035303641;0.9999144312638653;0.9998547740805126;1.0;1.0;0.9998120314780565;0.9998484244904827;0.9998542557832985;1.0;1.0001383723055706;0.9999860767737907;0.9999789317322078;0.9997880089609831;0.9998526880692752;0.9999993549415325;1.0002551475221966;1.0;0.9998229534204859;1.000022473659065;0.9995169535141903;0.9995760175334524;1.0;0.9997367276939879;0.9999239457218793;0.999239154246173;0.9990334727474093;0.9997318576436512;0.9999999999999999;0.9997521430803818;1.0002351635105335;0.9999330866875417;0.999989855792476;1.0;0.9999256689816902;1.024999976158142;
2016-04-01 10:15:00;0.9999927776357035;0.9999189437847368;0.9999999999999999;0.9999955063155478;0.9999920374798579;1.0;1.0;0.9999578881284055;0.9999771792250138;1.0001005501442561;0.9999718174523212;0.9998688837347912;1.0;1.0;0.9999200236378754;0.9999252468320906;0.9999270897523258;1.0;1.0001423336980886;0.9999948945762867;0.9999945318336261;0.9999369224678852;0.9999265718520279;0.9999991996052147;1.0002293411069794;0.9999999999999999;0.9999461917250394;1.0000270708101373;0.9995280849506626;0.9996020435753921;1.0;0.9997256110064557;0.9999805264481975;0.99917842662125;0.9990010013123849;0.999739046902367;1.0;0.9998188105760097;1.0002166074842618;0.9999830848100517;0.9999970883755811;1.0;0.9999394905549727;1.024999976158142;
2016-04-01 10:30:00;0.9999901862352494;0.9999206153602387;1.0;0.9999946977930119;0.9999932509535024;1.0;1.0;0.9999602535750425;0.9999805661213029;1.0001017489132387;0.9999711015012098;0.9998800100211711;0.9999999999999999;0.9999999999999999;0.9999243112615464;0.9999286375479367;0.9999302531001226;1.0;1.0001434647223544;0.9999956509547518;0.9999888817950979;0.9999354860919549;0.9999296914164779;0.999999374978566;1.0002348230147753;1.0;0.9999433176445294;1.0000273922734408;0.9994910301654029;0.9995763273792674;1.0;0.9996769530180568;0.9999835488143154;0.9990056742046894;0.9988237988777361;0.9997102626195447;1.0;0.9998369027590461;1.0002216905955346;0.9999857145829942;0.9999932611855269;1.0;0.9999447336601889;1.024999976158142;
2016-04-01 10:45:00;0.9999566794525323;0.9997222236019776;1.0;0.9999802437481949;0.9999826560605642;0.9999999999999999;0.9999999999999999;0.9999133169837517;0.9999593183005464;1.0000824467329932;0.9999136307978164;0.9998759140758279;1.0;0.9999999999999999;0.99980722377325;0.9998294610966907;0.9998341313202512;1.0;1.000127796976964;0.999990812084472;0.9999496693994894;0.9997987844037945;0.9998322719618583;0.9999993898412592;1.000251832888552;1.0;0.9998210269231549;1.0000220353027056;0.9995003166421556;0.9995872444217873;0.9999999999999999;0.9997345544780402;0.9999517017934048;0.9992196241153489;0.9990420998114944;0.9997370612264196;1.0;0.9998616201875277;1.0002323665178035;0.9999575538773233;0.9999693119501409;1.0;0.9999386045689006;1.024999976158142;
2016-04-01 11:00:00;0.999978888817436;0.9998284348365961;0.9999999999999999;0.9999893213509852;0.9999869653120204;1.0;1.0;0.9999362857100232;0.9999675634927195;1.0000929074827403;0.9999471253025201;0.999871923001438;1.0;1.0;0.999863838136144;0.9998783051419174;0.9998817616813672;1.0;1.000137331740378;0.9999927228369302;0.999980219617929;0.9998782748970848;0.9998806618879118;0.9999990949930166;1.000238174564193;1.0;0.9998945799113557;1.0000249779350765;0.9994897674861958;0.9995675334345906;1.0;0.9997127447990811;0.999964918050862;0.9991360743087248;0.9989390838940073;0.9997285617502832;1.0;0.9998727011606778;1.000222531487344;0.9999692590003385;0.9999886298713692;1.0;0.9999386566321457;1.024999976158142;
2016-04-01 11:15:00;0.9999906473409675;0.9999301404095936;1.0;0.9999924298280287;0.9999947410814269;0.9999999999999999;1.0;0.9999287103107073;0.9999853433898601;1.000100724235793;0.9999691170953228;0.9998823084956499;0.9999999999999999;1.0;0.9998567663390808;0.9998607137105288;0.9998641164266454;1.0;1.0001418310143864;0.9999967211809688;0.9999923253613459;0.9999437107637406;0.9998631638692663;0.9999980220771513;1.0002292284105943;1.0;0.9999499266425397;1.0000271129229945;0.9995091633727321;0.9995950220948898;1.0;0.9997112822964531;0.9999868736463412;0.9991190193212366;0.998945902097417;0.9997353925071073;1.0;0.9998823545259401;1.0002159065086578;0.999988574889787;0.9999957842474344;1.0;0.9999458629267659;1.024999976158142;
2016-04-01 11:30:00;0.9999731600826772;0.9997770062046444;0.9999999999999999;0.9999814166758466;0.999983588071771;1.0;1.0;0.9998503215344632;0.9999605273323594;1.0000989004713765;0.9999226093201589;0.9998664092284482;1.0;0.9999999999999999;0.9996815175970011;0.9997013728920504;0.999709640612147;0.9999999999999999;1.0001490587866346;0.9999911246317065;0.9999825030716274;0.9998454099804313;0.9997074146527634;0.9999961197192159;1.0002581621534465;0.9999999999999999;0.9998662548922781;1.000026507195354;0.9994955397597135;0.9995752304110576;0.9999999999999999;0.9996608840550749;0.9999549432787664;0.9989658945105157;0.9987800745945092;0.9996893627159664;1.0;0.9998578276108117;1.000239132985905;0.9999604503050268;0.9999913122493717;1.0;0.9999348768455529;1.024999976158142;
2016-04-01 11:45:00;0.9999759104973756;0.9998018065475781;1.0;0.9999825057880265;0.9999852758576243;1.0;0.9999999999999999;0.9998521093540536;0.999963570944618;1.0001008386737145;0.99992767709206;0.9998768392528479;1.0;1.0;0.9996896432811109;0.9997062612762965;0.999714173329615;0.9999999999999999;1.0001497604517608;0.9999918162084169;0.9999841182509691;0.9998590105719272;0.9997120416282866;0.9999960703533187;1.0002558768705234;1.0;0.9998774718954878;1.0000270515022966;0.9994624850220466;0.9995440214749056;0.9999999999999999;0.9996790292318177;0.999960222827921;0.9990499958827073;0.9988455331358302;0.9996868189985593;1.0;0.999816298345752;1.0002375668753232;0.9999651330542613;0.9999920690665192;1.0;0.9999403642960418;1.024999976158142;
2016-04-01 12:00:00;0.9999892581970101;0.9999095469064464;0.9999999999999999;0.9999906752319522;0.9999927785805381;1.0;1.0;0.9999080968773888;0.9999802384992524;1.0001041835837612;0.9999612966525527;0.9998819943646106;1.0;0.9999999999999999;0.9998142531073059;0.9998201311394734;0.9998246532506279;1.0;1.000147783864371;0.9999955780021166;0.9999932726231523;0.9999297639569386;0.9998234494778978;0.9999973883878468;1.0002389360434705;1.0;0.9999383818820267;1.0000280380019808;0.9995009056799049;0.9995708025592327;1.0;0.9996693010242893;0.9999817199891673;0.9989797026896923;0.9987814379484522;0.9997050847608739;1.0;0.9998201419634418;1.0002245450033047;0.9999840700642868;0.9999967308899986;0.9999999999999999;0.9999452598076509;1.024999976158142;
2016-04-01 12:15:00;0.9999931543749311;0.99993025024974;1.0;0.9999956217865758;0.99999390528588;1.0;1.0;0.9999630461200654;0.9999839790049938;1.0001011915478055;0.9999769906868669;0.999885490753444;1.0;1.0;0.9999244042837944;0.9999301269264632;0.9999320426782969;1.0;1.000143508111833;0.9999964183150338;0.9999957000774563;0.9999499645237746;0.9999315290494516;0.9999991832810303;1.0002305899856017;0.9999999999999999;0.9999573955306753;1.0000272473052805;0.9995224409512244;0.9995879319969416;1.0;0.9996685743152386;0.9999841660761566;0.9989904030137625;0.9987989182270012;0.9996955233319519;1.0;0.9998363681567033;1.0002177795030684;0.9999861674662999;0.999997906876749;1.0;0.9999468773841652;1.024999976158142;
2016-04-01 12:30:00;0.9999824898376971;0.9998742183943788;0.9999999999999999;0.9999839826472983;0.9999912715104798;1.0;1.0;0.9998439427568929;0.999976680955073;1.0001098609834815;0.9999408972477772;0.999878790835454;0.9999999999999999;1.0;0.9996814941875265;0.999689276519251;0.9996970443785528;1.0;1.0001569323489043;0.9999947697332526;0.9999883277075349;0.9999010105968928;0.9996949611070775;0.9999953197491749;1.0002581220552877;1.0;0.9999115588089215;1.0000295078192334;0.999477697061356;0.999545196524979;1.0;0.9996120533449597;0.9999775356331438;0.9987796356341742;0.9985673378326377;0.9996699405025007;1.0;0.9998137923400219;1.0002409911360102;0.9999803942503396;0.9999941380944797;1.0;0.9999433568247067;1.024999976158142;
2016-04-01 12:45:00;0.9999636823558142;0.9996576122369868;0.9999999999999999;0.9999756157695253;0.9999710770159789;1.0;1.0;0.9997959574963472;0.999924658812432;1.0001032259933504;0.9998832411293685;0.9998647026813642;1.0;1.0;0.9995797540776484;0.999607879757796;0.9996185350679373;1.0;1.0001606124087492;0.9999829867948724;0.999976914157126;0.999754388868963;0.9996156828175026;0.99999522773155;1.0002869494251192;0.9999999999999999;0.9997897570459827;1.0000274317844695;0.9995007041837066;0.999543942617194;1.0;0.9995653524855023;0.9999242886846029;0.998596769771644;0.9983657870901349;0.9996544446446921;1.0;0.9998098944271498;1.0002641353334627;0.9999338217155864;0.9999886828662303;1.0;0.9999321293798686;1.024999976158142;
2016-04-01 13:00:00;0.9999684326669844;0.9996307908526006;0.9999999999999999;0.9999842421040928;0.9999642405003254;1.0;0.9999999999999999;0.9998835577651998;0.9999030899318577;1.0000927452131179;0.9998911835937541;0.9998763124698329;1.0;1.0;0.9997711059910727;0.999801352231693;0.9998071242204196;1.0;1.0001471845604768;0.9999781138552097;0.9999789996752549;0.9997348613892619;0.9998055415941846;0.9999988583453662;1.0002658196621703;0.9999999999999999;0.9997777169649182;1.000024669725273;0.999528863433965;0.9995707838185248;1.0;0.9996668370113423;0.9999088342996745;0.9989592172375266;0.9987359534497603;0.9997114154110373;0.9999999999999999;0.9998155077294253;1.000245886440339;0.999920506142083;0.9999894558380632;0.9999999999999999;0.999936871604334;1.024999976158142;
2016-04-01 13:15:00;0.9999776791096493;0.9997695656598442;1.0;0.999988991378752;0.9999804275009101;0.9999999999999999;1.0;0.9999334799661952;0.999952022846302;1.0000981385420173;0.9999369282646032;0.999857073305575;1.0;1.0;0.9998526160636129;0.9998752204515957;0.9998794036197428;1.0;1.0001494888575844;0.9999892141655554;0.9999859094636473;0.9998473559263239;0.9998782719831782;0.9999992009141223;1.0002581472925647;0.9999999999999999;0.9998719992790882;1.0000263550324193;0.9994742114800441;0.9995222319329659;1.0;0.9995815229278954;0.9999468587678658;0.9986357526870387;0.998392744047953;0.9996760162263699;1.0;0.9998278176601741;1.0002406478041923;0.9999533959020163;0.9999931217092908;1.0;0.9999300014555237;1.024999976158142;
2016-04-01 13:30:00;0.9999780482852797;0.9997471653305456;1.0;0.999989452904678;0.9999766475604563;1.0;0.9999999999999999;0.999930307737407;0.9999395759154982;1.0000919232971257;0.9999298430777749;0.9998622024549336;1.0;1.0;0.9998542560749291;0.9998774267401049;0.9998814121811368;1.0;1.0001412884826297;0.9999864123231655;0.9999867673162867;0.9998269044792807;0.9998803494962123;0.9999993794305244;1.0002452426590596;0.9999999999999999;0.9998555690745164;1.0000246555389698;0.9995422359377794;0.9995858621726821;0.9999999999999999;0.9996582396650233;0.9999386349347585;0.9989009418868554;0.998686525783229;0.9997242315272067;1.0;0.9999223003904599;1.0002284083356867;0.9999463410416227;0.9999937053451478;1.0;0.9999321845066138;1.024999976158142;
2016-04-01 13:45:00;0.9999779130797907;0.9997223987828072;1.0;0.9999890039518314;0.9999721122678799;1.0;1.0;0.9999120723375227;0.9999229314734499;1.0000922206344747;0.999917293602974;0.9998598093898085;1.0;1.0;0.999832228847136;0.9998540408641253;0.9998581577193081;1.0;1.0001410202392362;0.999982659805233;0.9999857939609883;0.9997974391039242;0.9998570399723757;0.999999177009487;1.0002449445433894;0.9999999999999999;0.9998305279024062;1.0000246885271893;0.9995375265090973;0.9995869609179855;1.0;0.9996987999598043;0.9999298638196221;0.9990526000316594;0.9988408730997937;0.9997423172130011;1.0;0.9999690434138024;1.0002281273538365;0.9999389215394802;0.9999929922133355;1.0;0.9999314272283296;1.024999976158142;
2016-04-01 14:00:00;0.9999859892097092;0.9998191509339847;1.0;0.9999928102731763;0.9999811945371837;1.0;1.0;0.9999358167913869;0.9999461451878012;1.0000902922112678;0.9999429628511497;0.999926554369246;1.0;1.0;0.999883180597534;0.9998955700571188;0.999898213704222;1.0;1.0001325032952277;0.9999879219532797;0.9999897739132959;0.9998619159846804;0.9998974650009368;0.9999993715387312;1.0002222724804488;1.0;0.9998838207363803;1.0000242633724183;0.9995136917830547;0.999574814706254;1.0;0.9996880123403552;0.9999539529233206;0.999011854206665;0.998798997504129;0.9997361982631598;0.9999999999999999;0.9999698373520335;1.000208476778706;0.9999600034586973;0.9999946412732628;1.0;0.9999638451964458;1.024999976158142;
2016-04-01 14:15:00;0.9999920739250217;0.9999049932652155;1.0;0.9999958751654612;0.9999905725229957;0.9999999999999999;1.0;0.9999654505307494;0.9999735927761454;1.000088969060924;0.9999702649846145;0.999954811147633;0.9999999999999999;1.0;0.9999346846174298;0.999941600243862;0.9999431382784505;1.0;1.0001273104958635;0.999994090842682;0.9999941571286041;0.9999288261992741;0.9999427012837361;0.999999610891951;1.0002073126013504;0.9999999999999999;0.9999399445170217;1.000023949506865;0.9995137724242962;0.999581942204528;1.0;0.9997024709919096;0.9999765451394599;0.9990600993589851;0.9988557206475609;0.9997462348914006;0.9999999999999999;0.9999710121228927;1.000195555248923;0.9999795938398168;0.9999969243909012;1.0;0.9999779240177891;1.024999976158142;
2016-04-01 14:30:00;0.9999873352633504;0.9998833453000034;1.0;0.9999887876333964;0.9999893798980163;1.0;1.0;0.9998817155272448;0.9999683613420048;1.0000939115049747;0.9999479129028521;0.9999796453955696;1.0;1.0;0.9997698222905553;0.9997753753858737;0.999780712780132;1.0;1.0001334511649462;0.9999929136609294;0.9999910349150858;0.999902480629457;0.9997792670719835;0.9999968505861019;1.0002181339440375;1.0;0.9999145636380878;1.0000252415538362;0.9995471914055544;0.9996012823924038;1.0;0.9996325087973108;0.9999747738650181;0.9987966182794725;0.9985942857198905;0.9997150564264232;0.9999999999999999;0.9999722188804645;1.0002043165511074;0.9999781545304304;0.9999953657445583;1.0;0.9999894737491974;1.024999976158142;
2016-04-01 14:45:00;0.9999875347564652;0.9998968959278114;1.0;0.9999883661615989;0.9999917457060898;1.0;1.0;0.9998810562330654;0.9999768256760924;1.0000897277449383;0.9999528687786271;0.9999814158832466;1.0;1.0;0.9997610906318862;0.9997671081866834;0.999772871634159;1.0;1.0001279089778419;0.9999948121361834;0.9999924244734614;0.9999176204533916;0.9997713450649962;0.9999965684037038;1.0002086334074076;1.0;0.9999273376908877;1.0000241240290135;0.9995054797015238;0.999596121046991;1.0;0.9997260590632747;0.9999794767584521;0.9991479591769682;0.998969968830233;0.9997568493303144;1.0;0.9999714252359011;1.0001951465084118;0.9999821471084726;0.9999963806631844;1.0;0.9999901630232101;1.024999976158142;
2016-04-01 15:00:00;0.9999911153250519;0.9998925116445472;0.9999999999999999;0.9999941810219098;0.9999891055571004;0.9999999999999999;0.9999999999999999;0.9999422435690122;0.9999685685865133;1.000085712339478;0.9999624609227109;0.9999803707102938;1.0;1.0;0.9998908628093063;0.9998977781326635;0.9999003055196748;1.0;1.0001228280013725;0.9999929653775255;0.9999941180038537;0.9999163442811037;0.9998996212112503;0.9999989141618584;1.0002002777024497;1.0;0.9999289783181542;1.0000230628737632;0.9995547174449028;0.9996110878515355;1.0;0.9997423359147009;0.9999734681628237;0.9992109269354382;0.9990121651641902;0.9997629029252334;1.0;0.9999722188804646;1.0001884667845093;0.9999769661832074;0.999997056122506;1.0;0.999989476408064;1.024999976158142;
2016-04-01 15:15:00;0.999992207131368;0.9999296539276457;0.9999999999999999;0.9999955115212552;0.9999941328127259;1.0;1.0;0.9999660035450316;0.9999844847350006;1.000084514058857;0.9999766704792755;0.999979042973126;1.0;1.0;0.9999307728228984;0.9999361837815314;0.9999378824668389;0.9999999999999999;1.00012023430816;0.9999965320135427;0.9999934192267151;0.999948283520564;0.9999373827201206;0.9999993810511519;1.0001958213727473;1.0;0.9999554126978184;1.0000227556907284;0.9995361055705668;0.9996012215991834;1.0;0.999739996528636;0.9999848072337926;0.9991993510258773;0.9990018804986811;0.9997637589777267;1.0;0.9999730128233563;1.000184688639208;0.9999867322017463;0.9999963460742384;1.0;0.99998923562387;1.024999976158142;
2016-04-01 15:30:00;0.9999907697087357;0.9998632086161968;1.0;0.9999944721527214;0.9999844122304837;0.9999999999999999;0.9999999999999999;0.9999370253279852;0.9999526782344761;1.0000889842251905;0.9999521457608096;0.9999825507627982;1.0;1.0;0.9998919021289384;0.9998989474849207;0.9999011607129896;1.0;1.0001274866135141;0.9999893953116621;0.9999931681169608;0.9998875506609567;0.999900541272906;0.999999163933188;1.000208477861706;1.0;0.9999050917458742;1.0000239242144429;0.9995112101030307;0.9995825926799092;1.0;0.9996984519011213;0.9999635741912153;0.9990404998513924;0.9988379260678409;0.9997470106680738;0.9999999999999999;0.9999741878982762;1.0001963085149475;0.999968507009912;0.9999963965436055;1.0;0.9999904306947712;1.024999976158142;
2016-04-01 15:45:00;0.999992913744419;0.99988126144255;1.0;0.9999960042229334;0.999985865047402;0.9999999999999999;1.0;0.9999505710667256;0.99995660638025;1.0000894379551923;0.9999590632720331;0.999981849724356;1.0;0.9999999999999999;0.9999192547093071;0.9999250757622747;0.9999266279367199;1.0;1.0001273608529657;0.9999902792653841;0.9999948563975993;0.9999013375695895;0.9999261935618733;0.9999994955361199;1.000206261240431;1.0;0.9999171286886013;1.0000240566576444;0.9995644230827092;0.999596184793491;1.0;0.9996855455983614;0.9999672795496795;0.9989979684199344;0.9987702937208642;0.9997372445784121;1.0;0.9999738067674131;1.0001946931821284;0.9999717371579048;0.9999973092850759;1.0;0.9999904062661938;1.024999976158142;
2016-04-01 16:00:00;0.9999940124096455;0.9998787247693636;1.0;0.9999966584869125;0.9999846006111526;0.9999999999999999;1.0;0.9999507200917038;0.9999516630324881;1.000091271569657;0.9999575744032332;0.9999830832839992;1.0;1.0;0.9999248226481564;0.9999299060965205;0.9999311990284977;1.0;1.0001294821441016;0.9999891655043094;0.9999958075674832;0.9998961953097043;0.9999308412927117;0.9999995987794007;1.0002084573825145;1.0;0.9999131464269323;1.0000245427739967;0.999554012834559;0.9995929522320594;1.0;0.999675920935507;0.9999650378875443;0.9989561772688386;0.9987328556376337;0.9997366970280648;1.0;0.9999757757929598;1.000197011815644;0.9999698604931992;0.9999978413925927;1.0;0.9999911399701052;1.024999976158142;
2016-04-01 16:15:00;0.9999929190535989;0.999869287137248;0.9999999999999999;0.9999961516827646;0.9999839145784569;1.0;1.0;0.9999485277701037;0.999950183662295;1.0000898254426598;0.9999551596227495;0.999981165841248;0.9999999999999999;0.9999999999999999;0.9999193108823388;0.9999254218291537;0.9999268848722219;1.0;1.0001281093623549;0.999988828895744;0.9999950051868992;0.9998902978485462;0.9999264782270754;0.9999995810380004;1.000207592280342;1.0;0.9999081603735553;1.0000241460148365;0.9995578754509652;0.9996041656678553;1.0;0.9996953321704092;0.9999630503387782;0.999041685583772;0.9988312662252851;0.9997368459081005;1.0;0.9999765697430273;1.0001959577603736;0.999968107447401;0.999997420305687;1.0;0.999990027939121;1.024999976158142;
2016-04-01 16:30:00;0.9999859984526388;0.9998639460522023;1.0;0.9999927194308348;0.9999869416491516;1.0;1.0;0.9999412978440471;0.9999616222713293;1.0000863920697296;0.9999524970541009;0.999978638544029;1.0;1.0;0.9998933093136968;0.9999007337377437;0.9999029336717599;1.0;1.0001241475759761;0.9999913899788452;0.9999850711528304;0.9998895104243628;0.9999021844174659;0.9999993318728212;1.0002096646239238;0.9999999999999999;0.9999044888062579;1.000023217114485;0.9995029014846737;0.9995571209953059;1.0;0.9997163960242803;0.9999686746366429;0.9991089490559316;0.9988741076388175;0.9997542991993628;1.0;0.9999768227509735;1.0001969352951703;0.9999728423817801;0.9999910901541269;1.0;0.9999885719329027;1.024999976158142;
2016-04-01 16:45:00;0.9999901129779751;0.9998465274999362;0.9999999999999999;0.9999940935526297;0.9999821362708387;1.0;1.0;0.9999301974809084;0.9999453797978413;1.0000862247034363;0.9999461904326022;0.9999823120363591;1.0;1.0;0.9998822003068648;0.9998898215939537;0.99989218081112;1.0;1.0001240580431714;0.9999877498864906;0.9999927676345919;0.9998728172869308;0.9998915229913414;0.9999991173753436;1.0002038852466544;1.0;0.9998928227429128;1.0000231623407663;0.9995786137028361;0.9996172518416242;1.0;0.999742675474149;0.9999585027526237;0.9992032023046105;0.9989924815657467;0.9997690500569757;1.0;0.999975394662933;1.0001917797341024;0.9999641434229518;0.9999962041364874;1.0;0.9999901852356314;1.024999976158142;
2016-04-01 17:00:00;0.9999934754516162;0.9999254513526374;1.0;0.9999961017485931;0.9999926085947458;1.0;1.0;0.9999639916321541;0.9999788150346527;1.0000878205923496;0.9999745620051103;0.9999839202978933;0.9999999999999999;1.0;0.9999320786955969;0.9999369298805895;0.9999384866780031;1.0;1.0001244877075295;0.9999952613667519;0.999994989165268;0.9999421281919175;0.9999380455034929;0.9999994078161709;1.000200948678481;1.0;0.9999507303263967;1.0000236432500227;0.9995239188964264;0.9995741522080629;0.9999999999999999;0.9996840242040577;0.999981924482954;0.9989957623741639;0.9987695991419623;0.9997340736291417;1.0;0.9999762623808411;1.0001897701945996;0.9999842986710034;0.9999973168891511;1.0;0.9999915737590606;1.024999976158142;
2016-04-01 17:15:00;0.9999933449667944;0.999895743027572;1.0;0.9999962665642609;0.9999878980759083;1.0;1.0;0.9999565327130222;0.9999632028154729;1.0000868224157724;0.9999643181335883;0.9999854316119515;1.0;1.0;0.9999273607017014;0.999932778146255;0.999934221105471;1.0;1.0001234810470871;0.9999917586904504;0.999995085895181;0.999914370281695;0.9999338147993155;0.9999995355508275;1.0001997532574405;1.0;0.9999279676053625;1.000023359595626;0.9995774280693589;0.9996278338495925;1.0;0.99970038423319;0.9999717597865605;0.99903453856019;0.9988418651810907;0.9997566936095188;0.9999999999999999;0.9999765697430272;1.000188607412847;0.9999755850769761;0.9999974108112291;1.0;0.9999921216046366;1.024999976158142;
2016-04-01 17:30:00;0.9999914711892325;0.9998937256995978;0.9999999999999999;0.9999948150737226;0.9999892348169926;1.0;1.0;0.9999504388200365;0.9999693700602331;1.000084281377847;0.9999646824543461;0.9999891361915656;1.0;1.0;0.9999062095802306;0.9999135350870322;0.9999157374076514;1.0;1.0001210779894598;0.9999931451686459;0.9999945238619423;0.999919005574968;0.9999151434986091;0.9999991782446096;1.000197516711552;1.0;0.9999315943930887;1.0000226818673514;0.9995762480727138;0.9996173024074296;1.0;0.9997032967427602;0.9999735190982633;0.9990404802855544;0.998832604735421;0.9997613578799383;1.0;0.9999761886104859;1.0001859491300504;0.9999769876190419;0.9999973023490532;1.0;0.9999933402853163;1.024999976158142;
2016-04-01 17:45:00;0.9999927598358543;0.9999191975068022;1.0;0.9999953792921676;0.9999919666005793;1.0;1.0;0.9999554154468344;0.9999765847673758;1.0000864722490643;0.9999710084319472;0.99999118031806;1.0;1.0;0.9999162975064019;0.9999210942631477;0.9999229806629977;1.0;1.0001225967580811;0.99999476210048;0.9999942351166331;0.9999357329982144;0.9999224442428191;0.9999991815569389;1.0001985070553543;1.0;0.9999449968049133;1.0000232771280708;0.9995095950390138;0.9995791328753868;1.0;0.9997026033750326;0.9999806044956153;0.999036048211735;0.9988282792646013;0.9997622641334385;0.9999999999999999;0.9999765697430273;1.000187279998749;0.9999831746814097;0.9999968674878587;1.0;0.9999948681102558;1.024999976158142;
2016-04-01 18:00:00;0.9999908681792812;0.9999081791858739;1.0;0.999994693777129;0.9999907599008334;1.0;1.0;0.9999505335829175;0.9999717503778822;1.0000865360328939;0.9999652157510066;0.9999931438516507;1.0;1.0;0.9999118251626133;0.9999157629907932;0.9999175256232458;1.0;1.0001222045938738;0.9999936743028175;0.9999900532179363;0.9999217518009966;0.999916945148543;0.9999992566000658;1.0002005678251376;1.0;0.9999321015380452;1.0000232833410647;0.9995876466534824;0.9996232514079929;1.0;0.9996783745060078;0.9999785431575269;0.9989410784171175;0.9987329842804542;0.9997540857742697;1.0;0.9999765697430274;1.0001891378042478;0.9999814592681754;0.9999940300058957;0.9999999999999999;0.9999959607071183;1.024999976158142;
2016-04-01 18:15:00;0.9999919061689947;0.9999093823328024;1.0;0.9999956053162635;0.9999905951916886;0.9999999999999999;1.0;0.999959007964243;0.9999716373191668;1.0000864710913397;0.9999677780225006;0.9999928984954443;1.0;1.0;0.9999280290641077;0.9999325299935302;0.9999339694735251;1.0;1.000122424113302;0.9999936557331728;0.9999917725659639;0.9999249067878927;0.9999335016692428;0.9999995086790456;1.000199965417157;1.0;0.9999355290604302;1.0000232750105775;0.9996841910740136;0.9996914869601633;1.0;0.9996196478684326;0.9999778838782697;0.9987229591620352;0.9985367504447098;0.9997261477243392;0.9999999999999999;0.9999773636942598;1.0001887325529835;0.9999808675978878;0.9999951534929725;0.9999999999999999;0.9999957153502208;1.024999976158142;
2016-04-01 18:30:00;0.999994819452582;0.999946467683233;1.0;0.9999964831804636;0.9999951476189797;1.0;0.9999999999999999;0.9999678937608936;0.9999867050270023;1.0000914088177042;0.99998122161803;0.9999931018115998;1.0;1.0;0.9999360295885313;0.99993995176257;0.9999415138213033;1.0;1.000128889476663;0.999997030898003;0.9999965952758036;0.9999599673428338;0.9999410917812439;0.9999992970251814;1.0002059950257725;1.0;0.9999657558326284;1.0000246151034633;0.9996192302931334;0.9996144025217254;0.9999999999999999;0.999530282900141;0.9999877327755388;0.9983767873621581;0.9981342253449388;0.9996933674306965;1.0;0.9999761886104859;1.0001947662851218;0.9999893109348003;0.9999983024600864;1.0;0.9999959454671333;1.024999976158142;
2016-04-01 18:45:00;0.9999954446430142;0.9999396864361478;1.0;0.9999970202774744;0.9999932963003489;1.0;1.0;0.9999664937900253;0.9999794105503393;1.0000901334124348;0.9999774813621143;0.9999938538748269;1.0;1.0;0.9999411497680976;0.9999438947911711;0.9999451065116667;0.9999999999999999;1.0001264327267783;0.9999953974944449;0.9999961979636598;0.999949140217961;0.999944758205394;0.9999994460669491;1.0002017603987532;1.0;0.9999566274048477;1.0000242687627596;0.9996460250058179;0.9996394250138233;0.9999999999999999;0.9995820764750349;0.9999844949340099;0.9985777020343735;0.9983472466979336;0.9997121508920188;1.0;0.999978951299144;1.0001909783830212;0.9999866074122442;0.9999978978422973;1.0;0.9999965665049133;1.024999976158142;
2016-04-01 19:00:00;0.9999962625729404;0.9999646764690089;1.0;0.9999977032880415;0.9999969003976725;1.0;0.9999999999999999;0.9999807253279246;0.9999914678278194;1.000084894596861;0.9999876612053775;0.9999944750566815;1.0;1.0;0.999961837488528;0.9999642866626237;0.9999651936227791;1.0;1.0001189933650898;0.9999980968644315;0.9999968752201961;0.9999731195139174;0.9999649302674278;0.9999996248823613;1.0001894901867736;0.9999999999999999;0.9999768090957581;1.0000228619890323;0.9996875971789373;0.9996701335574962;1.0;0.9996412983450449;0.9999921945278136;0.9987940534781584;0.9985710934829316;0.9997427149496215;1.0;0.9999805392078106;1.0001794940816948;0.9999932010787435;0.9999982702894766;1.0;0.9999969179299502;1.024999976158142;
2016-04-01 19:15:00;0.9999949756357304;0.9999541071171849;1.0;0.9999969064365287;0.9999954231294734;1.0;1.0;0.99997016855118;0.9999854797712541;1.0000880259327483;0.9999809658615848;0.9999946475662179;1.0;1.0;0.9999471284851308;0.9999484548717491;0.9999494741126919;1.0;1.000122667979329;0.9999967560583114;0.9999939071672753;0.9999586457190208;0.9999491261362216;0.9999994933305217;1.0001967208720315;1.0;0.9999636464234586;1.0000237031777301;0.999608586016452;0.9996046909541848;1.0;0.999632454461435;0.9999897117850933;0.9987608243106985;0.9985077976369374;0.9997387635127999;1.0;0.9999813331648693;1.0001862873518625;0.9999911395086356;0.9999962491743234;1.0;0.9999972640247635;1.024999976158142;
2016-04-01 19:30:00;0.9999846865809848;0.9999052675226016;1.0;0.9999923958426749;0.9999937383948094;1.0;1.0;0.999955905371956;0.9999830473583994;1.000083472064009;0.9999654624542588;0.9999926834690859;1.0;0.9999999999999999;0.9999116247873224;0.9999169339472189;0.9999188070664681;1.0;1.0001187606725526;0.999996203978655;0.9999804106022848;0.9999235346885201;0.9999180456646585;0.9999994537449978;1.0002032623108106;1.0;0.9999310479668511;1.0000224640937503;0.9996654946334035;0.999654731098168;0.9999999999999999;0.9996034540008096;0.9999840351301024;0.9986655804614497;0.9984401956985632;0.9997164910747949;1.0;0.9999892724926027;1.0001909720951796;0.9999860780609141;0.9999878005182097;1.0;0.9999954251255045;1.024999976158142;
2016-04-01 19:45:00;0.9999755861767204;0.999861221824083;1.0;0.9999888179144173;0.9999914518530858;1.0;0.9999999999999999;0.9999451259619112;0.9999767657129881;1.0000798442773897;0.9999497053966684;0.9999924315242054;1.0;1.0;0.9998907040317234;0.9998978423018817;0.9998999722922228;1.0;1.0001149183944136;0.9999947796785081;0.9999663777747826;0.9998857726759562;0.9998989248721046;0.9999996527001354;1.000209160847908;1.0;0.9998960037746556;1.0000214514534438;0.9996825179204529;0.9996478976470146;1.0;0.9996122206406552;0.9999782639850046;0.9986786807278609;0.9984272021728197;0.9997337921466999;1.0;0.9999920672329303;1.0001954618760445;0.9999810499053705;0.9999787420673473;1.0;0.9999948743924819;1.024999976158142;
2016-04-01 20:00:00;0.99998305879366;0.9999003301783438;1.0;0.9999921906705428;0.9999939559876561;1.0;1.0;0.9999624839776313;0.9999845380784181;1.000079158826286;0.9999655697048863;0.9999926623170247;1.0;0.9999999999999999;0.9999222003125023;0.9999283972134989;0.9999300514373393;1.0;1.0001133249147502;0.9999965332115015;0.9999779056745618;0.9999216300192945;0.9999293084759568;0.9999997275213967;1.0001972820124945;1.0;0.9999290888642085;1.0000212990233868;0.9997045094275939;0.9996782954743931;1.0;0.9996286217666251;0.999984019621612;0.9987069729379909;0.9984811448722607;0.9997637118583231;1.0;0.999991654403775;1.0001851250807114;0.9999860163898823;0.9999861833710981;0.9999999999999999;0.9999952035728145;1.024999976158142;
2016-04-01 20:15:00;0.9999868116829741;0.9999040857096594;0.9999999999999999;0.9999935964959724;0.999992288118031;1.0;1.0;0.9999588588946527;0.9999776909138776;1.0000812538114885;0.9999653526828052;0.9999934463142572;1.0;1.0;0.9999227365158763;0.9999275463107377;0.9999290709523733;1.0;1.000115406734917;0.999995000942267;0.9999832046230746;0.9999206175204336;0.9999284405789002;0.9999996132765487;1.0001956865369694;1.0;0.9999295431379513;1.000021861474508;0.9996926954154062;0.9996588131719171;0.9999999999999999;0.9996378985886207;0.9999812771964354;0.9987193130806369;0.9984733295352258;0.9997831213287098;1.0;0.999992448376171;1.0001841071097444;0.9999837475443029;0.99998954798725;1.0;0.9999958891850127;1.024999976158142;
2016-04-01 20:30:00;0.9999853991366441;0.9999011606868853;1.0;0.999992852020854;0.9999928551712391;1.0;1.0;0.9999575552915372;0.9999804173402476;1.000077666037172;0.9999650603809642;0.9999921387236496;1.0;0.9999999999999999;0.999916013171628;0.9999217737910153;0.9999235560920542;1.0;1.0001109892440796;0.9999956163491595;0.9999818747113126;0.9999210196888662;0.9999228448849999;0.99999953547588;1.0001903287593183;1.0;0.9999295429785896;1.000020900771343;0.9997081848584098;0.9996699376515733;1.0;0.9996831059826949;0.9999819405053114;0.998892674242752;0.998648742953664;0.9998009885405602;1.0;0.9999908604325451;1.00017873487544;0.9999842649960756;0.9999887860574445;1.0;0.999995071101719;1.024999976158142;
2016-04-01 20:45:00;0.9999857756077912;0.9998894549835512;1.0;0.9999928606810577;0.999991274025255;1.0;0.9999999999999999;0.999954484203525;0.9999763717119229;1.0000788111488144;0.999962780113587;0.9999913786487673;1.0;1.0;0.9999093206813701;0.9999167038799764;0.999918749642797;0.9999999999999999;1.0001135593791086;0.9999947057735473;0.999984300675145;0.9999148753369268;0.9999180238367112;0.9999994543654931;1.0001935833118172;0.9999999999999999;0.9999253490771116;1.0000212010458618;0.999738976310914;0.9996877089304635;1.0;0.9996549453264235;0.999977761599531;0.998784154825296;0.9985413602555605;0.9997902328563235;1.0;0.9999908604325449;1.000181677836247;0.9999806078524829;0.9999905468756336;1.0;0.9999943400540706;1.024999976158142;
2016-04-01 21:00:00;0.9999860141647988;0.9998613238218084;0.9999999999999999;0.9999934874739262;0.9999867116586748;1.0;0.9999999999999999;0.9999530250534108;0.99996160822775;1.0000788739988415;0.9999545271871088;0.999991192042625;0.9999999999999999;1.0;0.9999154041775369;0.9999237643584153;0.9999254904246585;1.0;1.0001142960556084;0.9999913836607961;0.9999850754399051;0.9998900639736997;0.9999248655254193;0.9999997522214102;1.0001949606253762;1.0;0.9999054533668731;1.000021191596569;0.9997527423954006;0.9997092336608847;1.0;0.9996828327594471;0.9999676933918037;0.9988965749668601;0.9986736200147425;0.9997975183647061;1.0;0.9999912732606052;1.0001830241789171;0.9999719536089856;0.9999910887505832;0.9999999999999999;0.9999940224040579;1.024999976158142;
2016-04-01 21:15:00;0.9999827178696025;0.9998329787561306;1.0;0.9999919005402225;0.9999842253789462;1.0;1.0;0.9999423239825556;0.9999545241465856;1.0000750637403675;0.9999449690689189;0.9999908506072299;1.0;1.0;0.9998953264079878;0.9999053656123477;0.9999075112689182;1.0;1.0001100517148052;0.999989793540969;0.9999813302882218;0.9998675752505417;0.9999067304204402;0.9999996634288049;1.000192228171443;1.0;0.9998858721707521;1.0000201523203192;0.9998147357033303;0.9997507459949968;1.0;0.9997001225865316;0.9999615718990883;0.998954633506714;0.9987403059861277;0.9998099377827732;1.0;0.9999912732606054;1.000179856964879;0.9999666361741699;0.9999888212410918;1.0;0.999993467055841;1.024999976158142;
2016-04-01 21:30:00;0.9999759172493943;0.9998326062071031;1.0;0.9999888382136908;0.9999869795051305;1.0;1.0;0.9999349923033921;0.9999625533772926;1.0000713935966512;0.9999404290145387;0.999991226772021;1.0;1.0;0.9998777439154642;0.9998862022133743;0.9998885422565199;1.0;1.0001040426861763;0.9999915979212185;0.9999684020162022;0.9998617082846509;0.9998874852605946;0.9999995897399184;1.0001915921483968;1.0;0.9998768139693461;1.0000191603955513;0.999852310059465;0.9997840447397648;1.0;0.9997153235144108;0.9999681712157001;0.9990157555002123;0.9988190838114479;0.999814022877719;1.0;0.9999920672329302;1.0001786179372303;0.9999723602064617;0.9999802092853209;1.0;0.9999940145926262;1.024999976158142;
2016-04-01 21:45:00;0.9999717093562958;0.999815842566468;1.0;0.9999870377126474;0.9999867156035173;1.0;1.0;0.9999308339899894;0.9999628729139254;1.0000711344229511;0.9999351404636815;0.9999908058409877;1.0;1.0;0.9998662462809732;0.999876097508799;0.9998787135991621;1.0;1.0001045972977642;0.999991647279807;0.9999626511762028;0.9998497878646979;0.9998775021956173;0.999999605519344;1.000197807202114;1.0;0.9998654594204562;1.000019057798648;0.9998186530147704;0.999760759039803;1.0;0.9997064769839688;0.9999668837703121;0.9989750996558441;0.9987724610788355;0.9998151071993792;1.0;0.9999908604325449;1.0001839196085893;0.9999711836303826;0.9999765808770676;1.0;0.9999934916467882;1.024999976158142;
2016-04-01 22:00:00;0.9999741261055882;0.9998320385059937;1.0;0.9999880410585058;0.9999884919908486;1.0;1.0;0.9999387980216864;0.9999695275775762;1.0000700152241675;0.9999430124644658;0.9999903077291072;0.9999999999999999;0.9999999999999999;0.9998759579674962;0.9998865251451173;0.9998891685069159;0.9999999999999999;1.0001033963243045;0.9999931516471824;0.999967440127815;0.9998684402508387;0.9998880333866252;0.9999995759877721;1.00019263087388;1.0;0.9998824067982599;1.0000187852779192;0.9998221377654057;0.9997672599177061;0.9999999999999999;0.9997168697452342;0.999970215955974;0.9990115147478885;0.9988153531078094;0.9998215445315887;1.0;0.9999916544037754;1.0001791986289705;0.99997399235276;0.9999797866051068;1.0;0.9999930955471503;1.024999976158142;
2016-04-01 22:15:00;0.9999757462084967;0.9998381092568144;1.0;0.9999887567312947;0.9999883387549525;1.0;1.0;0.9999394855201311;0.9999681303977169;1.000071269564711;0.999944184586557;0.9999912638778454;1.0;1.0;0.9998805717616323;0.9998900989135123;0.9998925615441211;1.0;1.0001045098814456;0.999992838748698;0.9999691615458762;0.9998708963822386;0.9998914938092927;0.9999995859810802;1.000192416166407;1.0;0.9998848171300511;1.000019125251045;0.9998139673138783;0.999763414671642;0.9999999999999999;0.9997214959428916;0.999970459317871;0.9990303289476319;0.9988353326697234;0.9998226381346417;1.0;0.9999916544037752;1.0001792788656287;0.9999742552894366;0.9999808129067494;1.0;0.9999937761006084;1.024999976158142;
2016-04-01 22:30:00;0.9999660379233347;0.9997884319980058;1.0;0.9999844804716617;0.9999864509127624;1.0;1.0;0.9999260776696723;0.9999654866157652;1.0000629536653007;0.9999293544433832;0.9999883426250717;1.0;1.0;0.9998457748248373;0.9998598336194354;0.9998632021856784;1.0;1.000095722205398;0.999992244961408;0.9999571845081799;0.9998369773167489;0.9998617376824215;0.999999534076536;1.0001905082836478;1.0;0.999853745636273;1.0000168718302993;0.9998500615944738;0.9997855515378151;0.9999999999999999;0.9997354842407866;0.9999640454330837;0.9990816837643786;0.9988886393769693;0.9998297314816357;0.9999999999999999;0.9999908604325448;1.0001759330946252;0.9999685368003586;0.9999734237980321;1.0;0.9999913733781347;1.024999976158142;
2016-04-01 22:45:00;0.9999818681401114;0.9998506612212035;1.0;0.9999916165593805;0.9999874689673358;1.0;0.9999999999999999;0.9999497003173424;0.9999653822821133;1.000074366806687;0.9999514010682169;0.9999898382074265;1.0;0.9999999999999999;0.9999028546452879;0.9999126431492971;0.9999147383887264;1.0;1.0001089137330854;0.9999922271655307;0.9999795201516363;0.9998843136008457;0.9999139374931043;0.999999705146966;1.0001916159463518;0.9999999999999999;0.9998991896419863;1.000019974147513;0.9997940203768798;0.9997302858004069;1.0;0.9997059962572235;0.9999685080540274;0.9989720416217958;0.9987444004180464;0.9998157420920342;1.0;0.9999904792909121;1.000179226616062;0.9999725733840319;0.9999875992035911;0.9999999999999999;0.9999930693650434;1.024999976158142;
2016-04-01 23:00:00;0.9999825476218216;0.9998560862505099;1.0;0.9999920548918129;0.9999878451005271;1.0;1.0;0.9999527089426183;0.9999661547440215;1.000073601258544;0.9999530536503181;0.999990956871847;1.0;1.0;0.9999096510478676;0.9999188412526046;0.9999207457772229;1.0;1.0001074692858045;0.9999924097834867;0.999979892146171;0.9998877184639383;0.9999199940463998;0.9999997817333797;1.0001886723196536;1.0;0.999902087228006;1.0000197788792837;0.999809662395103;0.9997368526619911;0.9999999999999999;0.9997117447966677;0.9999696047350629;0.9989907900126577;0.9987593572143272;0.9998202431554596;1.0;0.999990860432545;1.0001765953646133;0.9999735439594243;0.9999877636456524;1.0;0.9999937178756801;1.024999976158142;
2016-04-01 23:15:00;0.9999854284379284;0.9998828319794901;1.0;0.9999928630547709;0.9999903018680594;0.9999999999999999;1.0;0.9999538456509784;0.9999730173799192;1.0000738049278357;0.9999604098860726;0.9999911528013844;1.0;1.0;0.9999105392322909;0.999917916446421;0.99991985778389;1.0;1.0001066368046894;0.9999939545268335;0.9999835261086438;0.9999081761726764;0.9999191452499114;0.9999995390561721;1.0001834030575123;1.0;0.9999196406912321;1.0000198484930134;0.9998262214562044;0.9997612073001417;0.9999999999999999;0.9997309136844161;0.9999757271754348;0.9990643023171097;0.998855060900674;0.9998278243561586;1.0;0.9999912732606053;1.0001719844040275;0.9999788706169781;0.9999900207803114;1.0;0.9999942394084772;1.024999976158142;
2016-04-01 23:30:00;0.9999844390361842;0.9998854605970443;1.0;0.999992447716577;0.9999915420987885;0.9999999999999999;1.0;0.999956858650202;0.9999780392793157;1.0000710865590416;0.9999626451303328;0.9999910689831966;0.9999999999999999;0.9999999999999999;0.9999110492000509;0.9999193456736125;0.9999214143825385;1.0;1.000103411488224;0.9999950777679738;0.999982714553132;0.9999139847620528;0.9999206622473978;0.99999954360173;1.000179527505623;1.0;0.9999243492154009;1.0000191191443912;0.9998297634891061;0.9997819875561169;1.0;0.9997640199069372;0.9999778340340966;0.9991895765929649;0.9990080268251019;0.9998420635228575;1.0;0.9999916544037751;1.000168103834874;0.9999806205458025;0.9999895775028722;1.0;0.9999939819898856;1.024999976158142;
2016-04-01 23:45:00;0.9999856074873422;0.9998881348294644;1.0;0.9999931269940537;0.9999917137822976;0.9999999999999999;1.0;0.9999626456219473;0.999979352877013;1.0000696205555766;0.9999656887472024;0.999991006167493;1.0;1.0;0.999920047684463;0.999929205896381;0.999931192924709;0.9999999999999999;1.000101871816662;0.999995376927792;0.9999853037698228;0.9999196985935893;0.9999305094095897;0.9999996377023633;1.000175705591576;0.9999999999999999;0.9999300600523411;1.0000187321546405;0.9998533869416669;0.9998079285676391;0.9999999999999999;0.9997738876842898;0.9999777194378665;0.9992301827530471;0.999067454821818;0.9998440846119508;1.0;0.9999912732606052;1.0001645556367147;0.9999804780079885;0.9999913314815325;1.0;0.9999937478193128;1.024999976158142;
2016-04-02 00:00:00;0.9999835306416911;0.9998812794094324;1.0;0.9999924948694262;0.999991075404184;0.9999999999999999;1.0;0.9999600080015499;0.9999760122224295;1.0000708250447898;0.9999609205362072;0.999991163354105;1.0;1.0;0.9999202071358647;0.9999279722453195;0.999929687964263;1.0;1.0001027465505612;0.9999946210195697;0.9999801290404967;0.9999079989242714;0.9999289774919637;0.9999997863854928;1.000180167555696;0.9999999999999999;0.9999187499372235;1.000019043798487;0.9998466693125606;0.9997912875192229;1.0;0.9997686574018559;0.9999771425745688;0.9992078469755119;0.9990258456885358;0.9998435795822697;1.0;0.9999920672329302;1.000168758396291;0.9999800582440996;0.9999877786444813;0.9999999999999999;0.999994151558899;1.024999976158142;
2016-04-02 00:15:00;0.9999866648008032;0.9999008649362671;0.9999999999999999;0.9999939531137049;0.9999924598486618;1.0;0.9999999999999999;0.9999679792033137;0.9999799516003234;1.0000713895109403;0.9999680630439359;0.9999922030721027;1.0;1.0;0.9999354722464743;0.9999422959310653;0.9999437211658554;1.0;1.0001029382529507;0.9999955085307719;0.9999843845561192;0.9999243332164532;0.9999431478534639;0.9999998424434415;1.0001766439351063;1.0;0.9999334663946348;1.0000192074747825;0.9998443093801489;0.9997905193381034;0.9999999999999999;0.9997660166170341;0.9999805488277563;0.9991998784575413;0.9990187193741;0.9998410571759149;0.9999999999999999;0.9999916544037751;1.0001658712330976;0.9999830182667718;0.9999904607184915;1.0;0.9999948463403093;1.024999976158142;
2016-04-02 00:30:00;0.99998598005951;0.9998907741799197;1.0;0.9999932108334865;0.9999915270437251;0.9999999999999999;1.0;0.9999599230942504;0.9999776573722897;1.000071584885419;0.9999646797295986;0.9999917862108133;1.0;1.0;0.999918428262941;0.9999263207141377;0.9999282135317978;1.0;1.0001038584241653;0.9999949931688356;0.9999848183042698;0.9999179273484076;0.9999275378139685;0.9999995981474934;1.0001784112451981;1.0;0.9999282340199787;1.000019254491895;0.9998461063884417;0.9997901786848331;1.0;0.9997684508567787;0.9999780194144303;0.9992064223918999;0.9990231187651061;0.9998439135371306;1.0;0.9999912732606051;1.0001672722488564;0.9999808005911857;0.9999909026444006;1.0;0.9999944026618721;1.024999976158142;
2016-04-02 00:45:00;0.9999840381048465;0.9998869250544997;1.0;0.9999923002075591;0.9999922159187642;1.0;1.0;0.999959126327213;0.9999808576946474;1.0000687891858708;0.9999641323766406;0.9999906127862422;0.9999999999999999;1.0;0.9999122809230777;0.9999211877625718;0.9999233184269282;0.9999999999999999;1.0001005795693318;0.9999957126148922;0.9999825809435778;0.9999176216715681;0.9999225519311499;0.999999555242265;1.0001755720400676;0.9999999999999999;0.999927413166894;1.0000185053829846;0.9998790637919549;0.9998177468984539;1.0;0.9997727896831128;0.9999789058528562;0.9992229396124849;0.999052949979922;0.9998457207391652;1.0;0.9999900664615025;1.0001642445079943;0.9999815048936782;0.9999895426312921;1.0;0.9999936300347638;1.024999976158142;
2016-04-02 01:00:00;0.9999838783920244;0.9999007875129768;1.0;0.9999923093252058;0.9999940928591051;0.9999999999999999;1.0;0.9999622693499931;0.9999860079885263;1.0000667205217344;0.9999673081717578;0.9999911000832761;1.0;0.9999999999999999;0.9999180752160658;0.9999254612370965;0.9999273888771943;1.0;1.0000967877799893;0.9999968697821686;0.9999807116375722;0.9999262851413221;0.9999266320584695;0.9999995943820986;1.0001700298373295;1.0;0.9999338440105631;1.0000179576635773;0.9998565247132002;0.9998165820925441;1.0;0.9998098864312777;0.9999836511987082;0.9993627879675376;0.9992097913967284;0.99986204154731;1.0;0.9999908604325449;1.00015912408818;0.9999856402199606;0.9999881684652467;0.9999999999999999;0.9999942134903315;1.024999976158142;
2016-04-02 01:15:00;0.9999883794811467;0.9999309749936578;1.0;0.999994809128932;0.9999956977463978;1.0;0.9999999999999999;0.9999759459650042;0.9999887222801124;1.0000701796489695;0.9999762183791089;0.9999930786513975;1.0;1.0;0.9999509176831617;0.9999550052884908;0.9999560025571591;1.0;1.0000996073503625;0.9999974784258583;0.999984466142498;0.9999450531157775;0.9999555191981456;0.9999999022498688;1.0001696282002785;1.0;0.9999503016818369;1.0000188937298444;0.9998483496748224;0.999793589695548;0.9999999999999999;0.9997988546195263;0.9999887927415895;0.9993253797097547;0.9991447378402142;0.9998543416562117;1.0;0.9999920672329303;1.000159678716104;0.9999902077688047;0.9999902354483825;1.0;0.9999958955066816;1.024999976158142;
2016-04-02 01:30:00;0.9999875818670123;0.999937139428714;0.9999999999999999;0.9999941175412898;0.9999967385751475;1.0;1.0;0.9999705215333415;0.9999912435608788;1.000068104781531;0.9999757729453934;0.9999930782304894;1.0;1.0;0.9999405419157035;0.9999433886356656;0.9999445496628047;0.9999999999999999;1.000095997732775;0.9999980428792882;0.9999823301063209;0.9999469551803213;0.9999439816877692;0.9999997104884097;1.0001647800163496;1.0;0.9999508864461983;1.0000183352755632;0.9998941129154237;0.9998504494444805;1.0;0.9998253418763392;0.9999916386331981;0.9994215556287314;0.9992872974054714;0.9998684911750009;1.0;0.9999912732606052;1.0001550203784464;0.9999927052580705;0.9999887605905493;1.0;0.9999961916437036;1.024999976158142;
2016-04-02 01:45:00;0.9999896923886348;0.9999485510213826;1.0;0.999995012555442;0.999997240867978;1.0;1.0;0.9999731490016919;0.9999921219071314;1.0000689062041541;0.9999791438147647;0.9999938777038505;0.9999999999999999;1.0;0.9999473097591072;0.9999491610188177;0.9999501503914949;1.0;1.0000965112797007;0.9999982401000695;0.9999849634202429;0.9999548956737443;0.9999496632133369;0.9999997022539563;1.0001629690102705;1.0;0.9999581089040733;1.0000185531480716;0.9998927286772542;0.9998447205342011;1.0;0.9998292779278021;0.9999932318899689;0.9994383694569017;0.9992965767100332;0.9998688763864872;1.0;0.9999916544037751;1.0001536240108237;0.9999941187255138;0.9999903943472457;1.0;0.9999967907187217;1.024999976158142;
2016-04-02 02:00:00;0.9999878315421457;0.9999321456713092;1.0;0.999993598412248;0.999996225002745;1.0;1.0;0.9999623367947366;0.9999904207085332;1.0000689864411842;0.9999742856410527;0.9999924557611511;1.0;1.0;0.9999220028532335;0.9999259630599328;0.9999276948578945;1.0;1.0000978876547546;0.9999978578188051;0.9999846119529272;0.9999457906573227;0.9999270297867167;0.9999993670946672;1.0001666753416312;1.0;0.9999504698848458;1.0000185696647468;0.9998612806800635;0.9998277240604636;1.0;0.9998315265230182;0.9999899657975184;0.9994469306924703;0.9993064260477941;0.9998698124123234;1.0;0.9999908604325448;1.0001566035822225;0.9999912165444248;0.9999904380611306;1.0;0.9999956443703517;1.024999976158142;
2016-04-02 02:15:00;0.9999884949365023;0.9999464279399772;1.0;0.999994606299107;0.9999975816219231;1.0;1.0;0.9999742491096371;0.9999935481545718;1.000066625079093;0.9999787432952911;0.9999936427897459;0.9999999999999999;1.0;0.9999478869219016;0.9999500434173658;0.9999510284501694;1.0;1.0000935325123916;0.9999985593576859;0.9999830860961387;0.9999538590302482;0.9999505128756369;0.9999997618346916;1.0001599177493776;1.0;0.9999567831057579;1.0000179394415443;0.9999056064882146;0.9998690865429849;1.0;0.9998527068453977;0.9999937773575578;0.9995268692400956;0.999410656212509;0.9998790701380837;1.0;0.9999908604325449;1.0001505843016967;0.9999945688338874;0.9999891817862113;1.0;0.9999966116495929;1.024999976158142;
2016-04-02 02:30:00;0.9999889212422591;0.9999463572066719;0.9999999999999999;0.9999946954747857;0.9999972534542482;1.0;1.0;0.9999722497775482;0.9999921509458394;1.0000668771467331;0.9999781020060609;0.9999940153788064;1.0;0.9999999999999999;0.9999455309775827;0.9999473567236253;0.999948360929281;1.0;1.000093688808269;0.9999982461711675;0.9999836103191558;0.999952630931115;0.9999478472948585;0.9999997106666824;1.0001595633439775;1.0;0.9999558302851005;1.000018006001103;0.9999163680677979;0.9998880666972441;1.0;0.9998618493325454;0.9999932719502499;0.9995701279671583;0.9994734215966623;0.9998771073762035;1.0;0.9999912732606052;1.0001503043367808;0.9999941542986115;0.9999895044364214;1.0;0.9999968590369379;1.024999976158142;
2016-04-02 02:45:00;0.9999896754778358;0.9999501405506801;1.0;0.9999951741399327;0.9999973097721645;1.0;1.0;0.9999749203243932;0.999991884026436;1.0000657348160127;0.9999792398487594;0.9999937248973424;1.0;1.0;0.9999523306892298;0.999953612415839;0.9999544154755425;1.0;1.0000917853477962;0.9999981865515059;0.9999841772792633;0.999954535075036;0.9999539578244141;0.9999997954390226;1.0001558636594383;1.0;0.9999575684425887;1.000017698019984;0.9999326081686172;0.9999231470968517;1.0;0.9998958067929085;0.9999936815469034;0.9996883523454158;0.9996304315702442;0.9998987271452315;0.9999999999999999;0.9999912732606053;1.000146952063029;0.9999945334068563;0.9999898011219955;1.0;0.9999968576649372;1.024999976158142;
2016-04-02 03:00:00;0.9999892943601738;0.9999404043855794;1.0;0.9999943516324227;0.9999965303437771;1.0;1.0;0.999965393310432;0.9999906214838861;1.0000654961220012;0.9999765542128219;0.9999931604443598;1.0;1.0;0.9999302100562435;0.9999331585078731;0.9999346436788348;1.0;1.0000924471623818;0.9999979042523222;0.9999859595770527;0.9999505823857989;0.9999340560071375;0.9999994340236451;1.0001565488793072;1.0;0.9999547521997277;1.0000176325577652;0.9999245005902909;0.9999275223012936;1.0;0.9999009383272717;0.999991147730486;0.9997109535302332;0.9996666094665287;0.9998987714500578;1.0;0.999990860432545;1.0001472552250492;0.9999922805276873;0.9999912068775682;1.0;0.9999962045007508;1.024999976158142;
2016-04-02 03:15:00;0.999990763637785;0.9999448719821901;1.0;0.9999953021551681;0.9999965420318988;1.0;1.0;0.9999723226069348;0.9999907692427323;1.0000660930191405;0.999979521068492;0.999992657397823;1.0;1.0;0.9999439797709069;0.9999470652936677;0.9999482701034167;1.0;1.000093351291961;0.9999979373735539;0.9999881971871779;0.9999554805683584;0.9999477909435663;0.9999996082873753;1.0001563906395552;1.0;0.9999596593854093;1.0000177946652768;0.9999240106119472;0.999929199129608;1.0;0.9998994321402875;0.9999911035472511;0.9997039902935115;0.9996626437374133;0.9998989817568039;1.0;0.9999916544037752;1.0001473247068378;0.9999922348051552;0.9999926484963509;1.0;0.9999959444101677;1.024999976158142;
2016-04-02 03:30:00;0.999993041411173;0.9999589655372222;0.9999999999999999;0.9999962224886103;0.9999972806126718;1.0;1.0;0.9999744856342601;0.9999920993914184;1.0000670696448628;0.9999832258167828;0.9999937217636673;1.0;1.0;0.9999503471935884;0.9999520075757289;0.9999530250031163;1.0;1.0000938513935398;0.9999982364796024;0.9999907537214979;0.9999646606541414;0.99995262636663;0.999999574151398;1.0001543480564792;1.0;0.9999677973611101;1.000018060072509;0.9999297813758582;0.9999326533340807;1.0;0.9999020202121499;0.9999934171252918;0.999715067807766;0.9996739912900936;0.999899222745443;1.0;0.9999908604325449;1.0001457569306516;0.9999942872951508;0.9999941947497429;1.0;0.999996765821767;1.024999976158142;
2016-04-02 03:45:00;0.9999910748242237;0.9999489182819339;1.0;0.9999957573968441;0.9999970196372062;1.0;1.0;0.9999784421968994;0.9999923602002843;1.0000651002522294;0.9999817826877974;0.9999930997551195;1.0;1.0;0.9999554298030292;0.9999584610219824;0.9999594100351507;1.0;1.0000919363764984;0.9999982951648423;0.9999882683992775;0.9999593857345376;0.9999589956584071;0.9999997833333002;1.000154100243462;1.0;0.9999630641341166;1.000017530328318;0.999905577145855;0.9999201517249411;1.0;0.9999038384739461;0.9999921260975468;0.9997207541009818;0.9996814602237634;0.9999008195856044;1.0;0.9999908604325449;1.0001452579537184;0.9999931120928465;0.9999926535324193;1.0;0.9999961573227788;1.024999976158142;
2016-04-02 04:00:00;0.9999912386302635;0.9999498742141419;1.0;0.999995198680914;0.9999970377252301;1.0;1.0;0.9999691505008825;0.9999921069291787;1.0000653876260353;0.9999802784181477;0.9999935270884348;1.0;1.0;0.9999373429534731;0.999939998784472;0.9999413740910136;1.0;1.0000921144591155;0.999998238271291;0.9999889592465132;0.9999590405055692;0.9999408623589612;0.999999438092419;1.0001535742656766;0.9999999999999999;0.999962626508656;1.0000176066757867;0.9999233603456982;0.9999272444952532;1.0;0.999910217906393;0.9999923669984733;0.9997456363599109;0.99970175582808;0.999903062314846;1.0;0.9999912732606052;1.0001446717758702;0.9999933378082178;0.999993145498801;0.9999999999999999;0.9999964401022845;1.024999976158142;
2016-04-02 04:15:00;0.9999931789007592;0.9999555875068035;1.0;0.9999968267000187;0.9999969516737529;1.0;1.0;0.9999831950330278;0.9999918492425225;1.000065239771517;0.9999847176810674;0.9999930047622975;1.0;1.0;0.9999661942187403;0.9999688947183297;0.9999696073381099;1.0;1.000091931405881;0.9999981814529193;0.9999913221919843;0.9999648976428643;0.9999693010840286;0.9999998728229137;1.0001516155196444;1.0;0.99996858067039;1.0000175686121202;0.9999273118164314;0.9999274410498314;1.0;0.9999075873036523;0.9999921644012154;0.9997364863846506;0.9996895501891878;0.9999013817561357;0.9999999999999999;0.9999912732606052;1.000143193623277;0.9999931621722814;0.9999946024643505;1.0;0.9999961933732485;1.024999976158142;
2016-04-02 04:30:00;0.999992000948052;0.9999493194914465;1.0;0.999995812722092;0.9999967491814232;1.0;1.0;0.9999746336494546;0.9999916673035278;1.0000653596730722;0.9999818607975864;0.9999928227766771;1.0;1.0;0.9999475153463524;0.9999508266803829;0.9999520251783685;1.0;1.0000924631267296;0.9999981400362014;0.99999053849376;0.999960724377478;0.9999515885082553;0.9999995948623356;1.000153360765847;1.0;0.9999647344986066;1.0000175997422887;0.9999257264958409;0.9999262443109378;1.0;0.9999051899856645;0.9999914131436483;0.9997258971717822;0.9996785102005336;0.9999013833427278;1.0;0.999990860432545;1.0001445538755305;0.9999924875802595;0.9999942108314819;1.0;0.9999959652345602;1.024999976158142;
2016-04-02 04:45:00;0.9999917263761333;0.9999522568922221;1.0;0.9999958500654631;0.9999971212912835;1.0;1.0;0.9999763721854841;0.9999923619139379;1.0000654787000829;0.9999821976521299;0.9999924341727263;0.9999999999999999;1.0;0.9999520352901072;0.9999546563160785;0.9999556773774467;1.0;1.0000922182081453;0.9999982951121228;0.9999892102586931;0.9999612767888767;0.9999552583508788;0.9999996803000202;1.0001535579259073;1.0;0.9999647670907186;1.0000176318196312;0.9999201312924668;0.9999226497183646;1.0;0.9999032817309342;0.9999925652143263;0.9997186443983763;0.999670644680824;0.9999005854740456;1.0;0.9999908604325449;1.0001448119185286;0.9999935083959778;0.9999932555169962;1.0;0.9999959544486549;1.024999976158142;
2016-04-02 05:00:00;0.99999303363499;0.9999597517793103;1.0;0.9999961863931066;0.9999973944331764;1.0;1.0;0.9999741872112002;0.9999924162321088;1.0000670565580878;0.9999833297467489;0.9999933839157067;1.0;1.0;0.9999496811093511;0.999951252231986;0.9999522838379907;1.0;1.0000937799449372;0.9999983076768821;0.999990692993724;0.9999651590419597;0.9999518800782097;0.9999995559780722;1.000154222356468;1.0;0.9999681629061258;1.0000180566874584;0.9999282083263197;0.9999200677231067;1.0;0.9998988470717409;0.9999937008601886;0.9997067061508546;0.9996479152156634;0.9998953815278361;0.9999999999999999;0.999990479290912;1.0001456377720768;0.9999945347864199;0.9999941504653496;1.0;0.9999966344371534;1.024999976158142;
2016-04-02 05:15:00;0.9999946839658043;0.9999685556433433;1.0;0.9999973427566455;0.9999978684318565;1.0;1.0;0.9999835744973905;0.9999937419917717;1.0000674072169056;0.999987552705332;0.9999931720616733;1.0;0.9999999999999999;0.9999686391647276;0.9999698573122872;0.9999704583447523;0.9999999999999999;1.000094052142303;0.9999986044717747;0.9999926042233284;0.9999727338135337;0.9999701918397632;0.9999998002677807;1.0001530357145778;0.9999999999999999;0.9999751776875913;1.0000181525174452;0.9999067018734297;0.9999075158799271;0.9999999999999999;0.9999058172089451;0.999994886474823;0.999731373364362;0.9996719514725066;0.9998995473957348;1.0;0.9999912732606053;1.0001448233368555;0.999995566003449;0.9999953143558363;1.0;0.999996622982921;1.024999976158142;
2016-04-02 05:30:00;0.9999950407283201;0.9999671923945533;1.0;0.9999974952232215;0.9999975908668113;0.9999999999999999;1.0;0.9999839688430016;0.9999931102464021;1.0000670689413176;0.9999876906023959;0.9999927433140398;1.0;1.0;0.9999691115646911;0.9999707083030616;0.9999713347269525;1.0;1.0000938084634965;0.9999984633015869;0.999993579629545;0.9999726708650718;0.9999710807786235;0.9999997996184314;1.0001521565757956;1.0;0.9999754756851273;1.000018061423441;0.9999302298392096;0.9999211073726796;1.0;0.9998974098260275;0.9999941024266901;0.9996944647833631;0.9996354796285104;0.999899393095306;1.0;0.999990479290912;1.000143989949431;0.9999948759165531;0.999995991088639;1.0;0.9999963387890096;1.024999976158142;
2016-04-02 05:45:00;0.9999957462749428;0.999960981597479;0.9999999999999999;0.9999977922027438;0.9999967573530936;1.0;1.0;0.9999851759173723;0.9999916090132017;1.0000671397305712;0.9999879256072901;0.999992568038492;0.9999999999999999;1.0;0.9999692715975635;0.9999724812272853;0.9999732539034609;1.0;1.000094862912787;0.9999981280827701;0.9999963530255698;0.9999720243597792;0.9999730201568701;0.9999997957916846;1.000152732024998;1.0;0.9999760054576609;1.0000180806987895;0.9999202753813987;0.9999213844878261;1.0;0.9998948757082827;0.9999914869490055;0.9996936798224192;0.9996437619436446;0.9998923045860677;0.9999999999999999;0.9999912732606053;1.000144458686934;0.9999925558393284;0.9999979629777185;0.9999999999999999;0.999995874402866;1.024999976158142;
2016-04-02 06:00:00;0.9999931549691563;0.9999540351314956;1.0;0.999995351054998;0.9999971402058295;0.9999999999999999;0.9999999999999999;0.999963762680019;0.9999932020964054;1.000066964180333;0.9999823066708118;0.9999917180351261;1.0;1.0;0.9999235178016802;0.9999270645993681;0.999928965867584;1.0;1.0000948247075006;0.9999984829243662;0.9999939087243395;0.9999662337245241;0.9999284114671744;0.9999990682381233;1.0001545806999335;1.0;0.9999698837024316;1.0000180317236764;0.999937172069116;0.9999395249672552;0.9999999999999999;0.9998964116578435;0.999992109452903;0.9997110071850338;0.9996741569602448;0.999885139450862;1.0;0.9999916544037751;1.0001456068681556;0.9999930692109036;0.9999965563093834;1.0;0.9999954096637153;1.024999976158142;
2016-04-02 06:15:00;0.9999956057701752;0.9999678593671836;1.0;0.9999975637460082;0.999997631183011;1.0;1.0;0.9999830967926417;0.9999937019105827;1.0000690487106674;0.999988559275636;0.9999925974251573;0.9999999999999999;1.0;0.9999657112608522;0.9999678454554093;0.9999686404224938;1.0;1.0000968670809165;0.9999985962292147;0.9999952744862177;0.9999752185695161;0.999968376109614;0.999999703197788;1.0001559778022244;1.0;0.9999780895636713;1.0000185950419387;0.9998336018833897;0.9998806625095192;1.0;0.9999003466411502;0.9999938940555972;0.9997299196459933;0.9996928737639226;0.9998841021791929;1.0;0.9999912732606052;1.0001475975805898;0.9999946696666331;0.9999971739598754;1.0;0.9999961445018147;1.024999976158142;
2016-04-02 06:30:00;0.9999953711306102;0.9999643137543279;1.0;0.9999975841924472;0.9999973022895824;1.0;1.0;0.9999844122104012;0.9999929584216566;1.0000684702873353;0.9999880912396368;0.9999923095246023;1.0;1.0;0.999967999834592;0.9999705920609181;0.9999713499644338;1.0;1.0000963380223455;0.9999984303329503;0.9999951703975071;0.9999732634479966;0.9999710961483491;0.9999997698739236;1.0001555264467445;1.0;0.9999765638607914;1.000018439278668;0.9998431393226553;0.999886592049144;1.0;0.9999024494997627;0.9999929552955875;0.999733991178128;0.9996976944400557;0.9998876564194861;1.0;0.9999896853204288;1.000147125171008;0.9999938437706235;0.9999971353428724;1.0;0.9999959049980124;1.024999976158142;
2016-04-02 06:45:00;0.999995498979343;0.9999591368063767;1.0;0.9999977651797052;0.9999966555499753;1.0;1.0;0.9999860377100735;0.9999914717451994;1.00007101711972;0.9999877031937182;0.9999918849084264;0.9999999999999999;1.0;0.9999706336393278;0.9999740880866538;0.9999748374226677;1.0;1.0001003758715048;0.999998097698839;0.9999960711924157;0.9999710484474809;0.999974606376875;0.9999998392163287;1.0001617022298481;0.9999999999999999;0.9999751866897093;1.000019125048306;0.9998079980378299;0.9998646183411211;1.0;0.9998565769869479;0.9999911397697695;0.9995653135841678;0.9995267891308891;0.9998645797948329;1.0;0.9999904792909121;1.000152960550985;0.9999922464900339;0.9999977930272712;0.9999999999999999;0.9999955071804425;1.024999976158142;
2016-04-02 07:00:00;0.9999951953746686;0.9999423746450824;1.0;0.9999969413095816;0.9999939701426135;1.0;1.0;0.9999685494186639;0.9999819628667738;1.000076639773382;0.9999790101089331;0.9999920051630886;1.0;1.0;0.9999427694027594;0.9999458261668046;0.999947063106873;1.0;1.0001079313894745;0.9999959706252797;0.9999960335747438;0.9999529131817111;0.9999467074173667;0.9999994602711706;1.0001732077924919;1.0;0.9999597583993658;1.0000206366317201;0.9997015862261349;0.9997844593121985;1.0;0.999824949986477;0.9999857312459041;0.9994772412579548;0.999410058578396;0.9998294965281633;1.0;0.9999912732606053;1.0001637598765776;0.9999876477345881;0.9999978155200412;1.0;0.9999956564809663;1.024999976158142;
2016-04-02 07:15:00;0.9999943907414138;0.9998953901752765;1.0;0.9999966389381014;0.999987125017345;1.0;1.0;0.9999540668935626;0.9999599848490969;1.0000766189048171;0.9999632156767567;0.9999889981960379;1.0;1.0;0.9999261149455283;0.9999308448327279;0.999932235295006;1.0;1.0001089453413223;0.9999910439247877;0.9999962846861431;0.9999117094876933;0.9999318576124469;0.9999994918557104;1.0001757437024479;1.0;0.9999259790626263;1.000020612158104;0.9997037075475272;0.9997904574357283;1.0;0.999866611686543;0.9999704989930484;0.9996294026459828;0.9995684884030637;0.9998511463859636;1.0;0.9999912732606052;1.00016592566843;0.9999745465070837;0.9999981388144703;1.0;0.9999938978187836;1.024999976158142;
2016-04-02 07:30:00;0.9999965265375445;0.9999373794766372;1.0;0.9999977743843137;0.999991952957979;1.0;1.0;0.9999672532765678;0.9999738542109664;1.0000774461070432;0.9999756694554559;0.9999858834804115;1.0;1.0;0.9999492802872165;0.9999508802517563;0.9999517167549572;1.0;1.0001081944101522;0.9999941540146876;0.9999965781178347;0.999942856947572;0.9999514613981325;0.9999996051692926;1.000172346096616;1.0;0.999951509275731;1.0000208495411589;0.9996995434375654;0.9997895047347202;1.0;0.9998646380322259;0.9999823003585787;0.9996229452910141;0.9995643237277366;0.999849637200447;1.0;0.9999916544037751;1.0001632833111487;0.999984793754901;0.9999980022374461;1.0;0.9999932375117965;1.024999976158142;
2016-04-02 07:45:00;0.9999958597732441;0.9999240130244895;1.0;0.9999979472989188;0.9999900214009247;0.9999999999999999;1.0;0.9999683529646104;0.9999672822520687;1.0000781323661898;0.9999713421977213;0.9999867143661921;1.0;1.0;0.9999564090108023;0.9999580535794913;0.9999585696863038;1.0;1.0001091809862417;0.9999926820022906;0.999994933572321;0.9999296342248006;0.9999583675174395;0.9999998596805008;1.000175204269974;1.0;0.9999402923250639;1.0000210304836923;0.999719324496865;0.9997956501494115;1.0;0.9998497558883115;0.9999782292116552;0.9995911674044933;0.999525355670582;0.9998265719024569;1.0;0.9999916544037751;1.000166025859811;0.9999813140888582;0.9999968748482626;1.0;0.9999936024068482;1.024999976158142;
2016-04-02 08:00:00;0.9999938656934756;0.9999111627533166;1.0;0.9999965822591297;0.9999896460011065;1.0;1.0;0.9999603892006889;0.9999677974693907;1.0000776010985333;0.9999681007744924;0.9999865878909495;1.0;1.0;0.9999352394129191;0.9999390217244489;0.9999402128435656;1.0;1.0001097273736368;0.9999927930003113;0.9999942518555788;0.9999241541965044;0.999939844494867;0.9999995829947664;1.0001778767536913;1.0;0.9999356193502149;1.000020882520539;0.9997563140682092;0.9998097232800193;1.0;0.9998261445147646;0.9999762960210465;0.99950635107882;0.9994305357179781;0.9998133582779445;1.0;0.9999908604325448;1.000168029066953;0.9999795479517533;0.999996695298797;1.0;0.9999930347162918;1.024999976158142;
2016-04-02 08:15:00;0.999992055675065;0.9999019674061791;1.0;0.9999960258041257;0.9999898154359661;1.0;1.0;0.9999649121986592;0.9999704132529214;1.0000771512495423;0.9999683196491439;0.9999848002811642;1.0;1.0;0.9999374861238638;0.9999436923754135;0.9999450345034001;1.0;1.0001105430571584;0.9999933769729865;0.9999932529391493;0.9999233424794701;0.9999446270981146;0.9999997052044935;1.0001814324038207;0.9999999999999999;0.9999351071522989;1.0000207612919505;0.9997170824242175;0.9997826716018243;1.0;0.9998091875737414;0.9999753443030998;0.9994402896222075;0.9993578568547475;0.999807371608948;0.9999999999999999;0.9999904792909121;1.000171028832272;0.9999786056187512;0.9999962456648924;1.0;0.9999916478932924;1.024999976158142;
2016-04-02 08:30:00;0.9999911254985827;0.9998817093728363;0.9999999999999999;0.999995295383099;0.9999874397908485;1.0;1.0;0.9999552284993395;0.9999635191453276;1.0000788136822052;0.9999617807249204;0.99998466532248;1.0;1.0;0.9999197364034574;0.9999274058234675;0.9999291781539524;1.0;1.0001137319880253;0.9999918309936797;0.9999935141805124;0.9999081430212404;0.9999286775248639;0.9999995264324049;1.000187126088461;0.9999999999999999;0.9999226538259884;1.0000212018774033;0.9996530529650353;0.999684311163832;1.0;0.9997931056675835;0.9999695784585079;0.9993676835973109;0.9991915889919403;0.9998084465735243;0.9999999999999999;0.9999908604325449;1.0001761272981082;0.9999736026382353;0.9999965991719935;1.0;0.9999912374420503;1.024999976158142;
2016-04-02 08:45:00;0.9999926399491174;0.9999026242432367;1.0;0.9999961424596556;0.9999893248822435;1.0;1.0;0.9999611192445583;0.9999678960180604;1.0000769807130767;0.9999668946200583;0.9999824252917783;1.0;0.9999999999999999;0.9999336442742527;0.999938861036475;0.9999401839318863;1.0;1.0001097127398988;0.999992817784308;0.9999934457662345;0.9999206043544107;0.9999397780383423;0.9999996299536129;1.0001793476219192;1.0;0.9999326815549241;1.0000207179628036;0.9997108668802019;0.9997531090955148;1.0;0.9998225332178714;0.9999748409709598;0.999470046612021;0.9993474189711496;0.9998272034807494;1.0;0.9999908604325448;1.0001691761631373;0.9999782297594259;0.9999962929345712;0.9999999999999999;0.9999908107453033;1.024999976158142;
2016-04-02 09:00:00;0.9999948070581568;0.9999176566854118;1.0;0.9999969813854592;0.999989915979017;1.0;1.0;0.9999607327145574;0.9999678410247509;1.0000803651760828;0.9999691895587858;0.9999830189413361;0.9999999999999999;1.0;0.9999381929431737;0.999940893367143;0.9999419426921274;1.0;1.0001129112207707;0.9999928018484626;0.9999948119200951;0.9999269664683161;0.999941612154324;0.9999995796008765;1.0001817516767488;1.0;0.9999379562047767;1.0000216270679043;0.9997151012802474;0.999746705074406;0.9999999999999999;0.9998087673882581;0.999977446368824;0.9994250372552983;0.9992894839527074;0.9998164905350523;1.0;0.9999924483761711;1.000171922589524;0.9999805880318083;0.9999969577823826;1.0;0.9999916799956768;1.024999976158142;
2016-04-02 09:15:00;0.9999941365404243;0.9999070663475473;1.0;0.999996846653367;0.9999883599796656;1.0;1.0;0.99995793452955;0.9999622817476653;1.0000810859446754;0.9999647843860641;0.9999883352561438;0.9999999999999999;1.0;0.9999372834697344;0.9999396944951037;0.9999406151443014;1.0;1.0001137580947803;0.9999915532799039;0.9999932192048301;0.9999153633853037;0.9999402890097546;0.9999996673238382;1.0001841309345159;1.0;0.9999279079280895;1.000021813382247;0.9996965040221605;0.9997269843390949;1.0;0.9998031186821401;0.999974346278256;0.9994018690809288;0.9992524751392311;0.9998152445130879;1.0;0.9999916544037752;1.0001741716833425;0.999977955022952;0.9999958717683979;1.0;0.9999941519677424;1.024999976158142;
2016-04-02 09:30:00;0.999993661496747;0.9998245577649589;1.0;0.9999964236121774;0.9999753050112362;1.0;1.0;0.9999251491271818;0.9999188258907691;1.0000859776026723;0.9999342976404022;0.9999866637171619;1.0;1.0;0.9998998243631021;0.9999036092959186;0.9999048136166314;1.0;1.0001215295186814;0.9999817835034654;0.999994175689305;0.999837625038447;0.9999044459872544;0.9999995714363132;1.000196750416887;1.0;0.9998639590697609;1.0000230606953457;0.999641992134969;0.999685551649821;1.0;0.9997967911054655;0.9999462588260789;0.9993745017471516;0.9992096675952263;0.999814860549824;1.0;0.9999916544037752;1.0001859137662301;0.9999538897304161;0.9999966679018765;1.0;0.9999930683290695;1.024999976158142;
2016-04-02 09:45:00;0.9999958132958855;0.9998597820161089;1.0;0.9999975712631705;0.9999795750463483;1.0;1.0;0.9999391285305892;0.9999320727544542;1.0000859651907514;0.9999464853529056;0.9999840995198223;1.0;1.0;0.9999218075632602;0.9999240053475162;0.9999248174198908;0.9999999999999999;1.000120472728617;0.9999847746181203;0.9999959411561732;0.9998673571314562;0.9999245649421126;0.9999996807658397;1.000192611963866;1.0;0.9998889562055971;1.0000230945213044;0.999662852127524;0.9996977509393771;1.0;0.9997911621985665;0.9999560547301212;0.9993562568988654;0.9991921304330654;0.9998103983299136;0.9999999999999999;0.9999912732606052;1.0001824327853217;0.9999623427676521;0.9999976392015824;0.9999999999999999;0.9999922884217537;1.024999976158142;
2016-04-02 10:00:00;0.9999932296232581;0.9998531966695936;1.0;0.9999962709552572;0.9999805307190431;0.9999999999999999;0.9999999999999999;0.9999384540955667;0.999937269007071;1.000085667980751;0.9999464348262658;0.9999766709020365;1.0;1.0;0.9999118808997749;0.9999163371555115;0.9999176131826912;1.0;1.0001214391265305;0.9999859231194131;0.9999939983255276;0.9998685764353681;0.999917227455974;0.9999995805311158;1.0001970424257125;1.0;0.999889640380116;1.0000230004367299;0.9996391810477672;0.9996891015782423;0.9999999999999999;0.9997952293122203;0.9999568542208994;0.9993767053803924;0.9992202764384729;0.9998087972105472;1.0;0.999992448376171;1.0001860972736292;0.9999629029681928;0.9999966082352234;1.0;0.9999883914769412;1.024999976158142;
2016-04-02 10:15:00;0.9999947669528432;0.9999003154311858;1.0;0.9999969812398682;0.9999866949240841;1.0;1.0;0.999951896427183;0.9999560038193501;1.0000839161225261;0.9999609253933822;0.9999910846658854;1.0;1.0;0.9999311212748601;0.9999328197246155;0.9999337402090744;0.9999999999999999;1.0001172757143353;0.999990142726521;0.9999937895706086;0.9999061557679948;0.9999334197023972;0.9999995954989258;1.0001887800203575;1.0;0.9999202903257891;1.0000225671282426;0.999649327941494;0.999701339145339;1.0;0.9997802259367394;0.9999712463384225;0.999318893952453;0.9991720012812138;0.9998029124204068;1.0;0.9999912732606052;1.0001786993108752;0.9999753446446122;0.9999961947604668;1.0;0.9999955648097504;1.024999976158142;
2016-04-02 10:30:00;0.9999905169464806;0.9999137221586689;0.9999999999999999;0.9999953765250517;0.9999912952931922;1.0;0.9999999999999999;0.9999612507635696;0.9999724179161245;1.0000816797992167;0.9999669102008851;0.9999874081048082;1.0;1.0;0.9999362450211666;0.999938802332995;0.9999398130572045;1.0;1.000114652708738;0.9999938251637418;0.9999870844881652;0.9999225250264845;0.9999393617233815;0.9999997133386238;1.0001902043744566;1.0;0.9999320481596998;1.0000219787736901;0.9996597650778182;0.9996883688585725;1.0;0.9997485696703539;0.9999804063044689;0.9991965127634882;0.9990220043441763;0.9997911239356826;0.9999999999999999;0.9999904792909119;1.0001795579495358;0.9999831246946586;0.999991851565391;1.0;0.9999936979770243;1.024999976158142;
2016-04-02 10:45:00;0.9999875241572785;0.9997818958518027;1.0;0.9999940056835898;0.9999708148101292;1.0;1.0;0.9999081815505041;0.999902726928581;1.0000920127614246;0.9999154437526772;0.9999826296020914;1.0;0.9999999999999999;0.9998790525967196;0.9998819948963785;0.9998831384404354;1.0;1.0001295455269086;0.9999781477085893;0.9999827860298178;0.999791996167367;0.9998825931146353;0.9999997149710758;1.0002176356866872;1.0;0.9998227802833823;1.0000246251014127;0.9995907083830675;0.9996167193498271;1.0;0.999704671955786;0.9999372921483771;0.9990507280877435;0.9988297759304102;0.9997585834600592;1.0;0.9999912732606053;1.0002052082508388;0.9999462767604119;0.9999891042278841;1.0;0.9999914462134161;1.024999976158142;
2016-04-02 11:00:00;0.9999913059112965;0.9998437916309425;1.0;0.9999955205321372;0.9999797562082704;1.0;1.0;0.9999343434103969;0.9999342657109846;1.00008981972371;0.9999418584066075;0.9999751441421478;1.0;1.0;0.9999065580400988;0.9999106263714647;0.999911876861149;1.0;1.0001269621754068;0.9999852511215376;0.9999902672908746;0.9998577956020231;0.9999114326428221;0.9999996245217693;1.0002082270205055;1.0;0.9998795688727611;1.0000241164171435;0.9996244310056669;0.9996511888416767;1.0;0.9996931513464491;0.999955433164515;0.9990031283304128;0.9988055935018126;0.9997564395821308;1.0;0.9999916544037751;1.0001965818765333;0.9999617107932816;0.9999941170605527;1.0;0.9999877940446297;1.024999976158142;
2016-04-02 11:15:00;0.9999891894872425;0.9998810481553335;1.0;0.9999943450408255;0.9999876011230818;1.0;1.0;0.9999483157034508;0.9999623554185846;1.0000828290842512;0.9999576415042836;0.9999796204842772;1.0;1.0;0.9999108616441739;0.9999164726919817;0.9999181855704284;1.0;1.0001180963048995;0.9999915656027599;0.9999883925732226;0.9999004018467018;0.9999176010936373;0.9999994649182602;1.0001965442572678;1.0;0.9999143485523481;1.0000222732026114;0.9996597848577059;0.9996730515817559;0.9999999999999999;0.9997231772669894;0.9999710237847437;0.9990998889109789;0.9989030727146786;0.9997806522288152;1.0;0.9999916544037752;1.000185041108756;0.9999749471774932;0.9999930584853445;0.9999999999999999;0.9999894488376605;1.024999976158142;
2016-04-02 11:30:00;0.9999890775218394;0.9998891495240193;1.0;0.9999942267793519;0.9999884491453193;0.9999999999999999;1.0;0.9999469058453043;0.9999639252010344;1.0000858020232972;0.9999581399388117;0.9999877042370263;1.0;1.0;0.9999102241864902;0.9999142321940522;0.9999158350245634;1.0;1.0001212731243976;0.9999919105575437;0.9999867465931755;0.9999029368737088;0.9999152405957735;0.9999994295801155;1.0002017473726643;0.9999999999999999;0.9999156959931726;1.0000230692131673;0.9996170519777786;0.9996319086401604;1.0;0.9996941706397846;0.9999736759217476;0.9989894817975763;0.9987683234434314;0.9997685742887138;0.9999999999999999;0.9999916544037752;1.0001901166817124;0.9999772964764432;0.9999918362095269;1.0;0.9999934853546971;1.024999976158142;
2016-04-02 11:45:00;0.9999820897397704;0.9998252705412347;1.0;0.999991798900259;0.9999842681233241;1.0;0.9999999999999999;0.9999482475340508;0.9999572153278392;1.0000797900530043;0.9999468986427072;0.9999836010372619;1.0;0.9999999999999999;0.9998989518694272;0.9999120611509629;0.9999144279460161;0.9999999999999999;1.0001183879802733;0.9999903999897145;0.9999830170602484;0.999870413060794;0.999913639122011;0.9999997524666174;1.0002058406757228;1.0;0.9998892493429281;1.000021436218015;0.9995847961421817;0.9995929103986749;1.0;0.9996817697130292;0.9999600053928891;0.9989386156518028;0.9986865040155116;0.9997659131321638;1.0;0.9999916544037752;1.0001924884925841;0.9999651345057224;0.9999901983861595;1.0;0.9999894572243941;1.024999976158142;
2016-04-02 12:00:00;0.9999786138798927;0.9998116751028059;1.0;0.9999902527962619;0.999983623098671;1.0;0.9999999999999999;0.9999410384187375;0.9999548680243754;1.000078156920834;0.9999404173842924;0.9999892260238631;0.9999999999999999;1.0;0.9998864572598568;0.9998993851828386;0.9999018845514976;1.0;1.0001160976434644;0.9999898565847757;0.9999770539862977;0.9998561646900277;0.999900963015307;0.9999997352355356;1.0002067906226368;1.0;0.9998756318175243;1.0000209671155649;0.9996256815735136;0.999658072816072;1.0;0.999692510591012;0.9999587592501741;0.9989797768815856;0.9987904981051909;0.9997701023772239;1.0;0.9999916544037751;1.0001929990444869;0.9999640784805143;0.9999862831515273;1.0;0.9999920428682946;1.024999976158142;
2016-04-02 12:15:00;0.9999783528462407;0.9997959809087975;1.0;0.9999901826824608;0.9999819546615857;1.0;1.0;0.9999408372673604;0.9999512161779981;1.000078481698197;0.9999381373332913;0.9999880292184321;1.0;1.0;0.999883598430611;0.9998989822084006;0.9999017099080293;1.0;1.0001180214000267;0.9999890337018156;0.9999789555846814;0.999848922146295;0.9999007793689488;0.9999997604023879;1.0002099365909456;1.0;0.9998705904751453;1.0000210484534198;0.999622026005497;0.9996311237059766;0.9999999999999999;0.9996778079342682;0.9999539429401465;0.9989263153072558;0.9987000006392407;0.9997623491304878;1.0;0.9999908604325449;1.0001957339312864;0.999959833125905;0.9999877612891662;1.0;0.9999909154162201;1.024999976158142;
2016-04-02 12:30:00;0.9999797555770156;0.9998290171963423;0.9999999999999999;0.9999898748540765;0.9999857748782631;1.0;1.0;0.9999341084882961;0.9999615376010835;1.0000804634973741;0.9999443212265745;0.9999900348110276;0.9999999999999999;1.0;0.9998689005925994;0.999881014083905;0.9998840452752814;1.0;1.0001187787344417;0.9999913585005363;0.9999792415563851;0.9998706891612141;0.9998830215275966;0.9999992528901093;1.0002086868608249;1.0;0.9998877699678331;1.0000215997718542;0.9996149704369578;0.9996450886715438;1.0;0.999657028785004;0.9999637064270711;0.9988459390283686;0.9986475061072099;0.9997546062045423;1.0;0.9999908604325448;1.0001948190574441;0.9999683477388032;0.9999877422316624;1.0;0.9999926028761412;1.024999976158142;
2016-04-02 12:45:00;0.9999779404611945;0.9997952823294424;1.0;0.9999896601483008;0.9999808527245607;1.0;1.0;0.9999280050462587;0.9999445598132369;1.0000820918283244;0.9999317087426993;0.9999897224807159;0.9999999999999999;1.0;0.9998696780951745;0.9998815881568516;0.9998842112489662;0.9999999999999999;1.0001210494753998;0.9999875226734576;0.9999753806646793;0.9998362288599955;0.999883226795799;0.9999995822807467;1.0002153352308836;1.0;0.9998583665892968;1.0000219863165403;0.9995430782474984;0.9996024349318456;1.0;0.9996663352592697;0.9999535142316046;0.9988743490331442;0.9986731585378397;0.9997631809551979;1.0;0.9999916544037754;1.0002010644744457;0.9999596510679145;0.9999851331560743;1.0;0.9999925102971274;1.024999976158142;
2016-04-02 13:00:00;0.9999825849151364;0.9998358574738904;1.0;0.9999920074419171;0.9999834372864084;1.0;1.0;0.9999374016092841;0.999948668090161;1.0000843586831285;0.9999405692401522;0.9999923997327277;1.0;1.0;0.9998976800143385;0.9999039306079085;0.9999055516990631;1.0;1.0001207199487394;0.9999884708248106;0.9999772734443202;0.9998573749178076;0.9999048110075717;0.9999997611966416;1.0002096618304488;1.0;0.9998757523789689;1.0000226371152172;0.9995818128859617;0.9996171509437384;1.0;0.9996683272137143;0.9999619663928916;0.9988921777120502;0.998679691842651;0.9997570624169184;0.9999999999999999;0.9999908604325448;1.0001968228971891;0.9999671746997345;0.9999857827470674;1.0;0.9999950720309548;1.024999976158142;
2016-04-02 13:15:00;0.999978071706381;0.9998091146263118;0.9999999999999999;0.9999899264373785;0.9999803819869901;0.9999999999999999;0.9999999999999999;0.9999182035823234;0.999936143194333;1.000083256202343;0.9999249995622808;0.9999930349992907;0.9999999999999999;1.0;0.9998730374047418;0.9998768222361613;0.9998784487053739;1.0;1.0001178049581878;0.9999856612482091;0.9999674349625233;0.9998221816979649;0.9998775276623223;0.9999996941470829;1.0002110772982729;1.0;0.9998432348729577;1.0000223114712836;0.9996666703402612;0.9996708029037398;1.0;0.9996549263197289;0.9999568737287899;0.998847640163685;0.9986432328071455;0.9997471273739044;1.0;0.9999916544037752;1.000197864983002;0.9999629587688679;0.9999791219668452;0.9999999999999999;0.9999959480117069;1.024999976158142;
2016-04-02 13:30:00;0.9999764033341417;0.9998157968401772;1.0;0.9999888591613759;0.9999820116702903;1.0;1.0;0.9999140213841453;0.9999410574860942;1.0000839599943756;0.9999252385764144;0.9999932934081124;1.0;1.0;0.9998626409952099;0.9998655990057606;0.9998674426911841;1.0;1.0001183867222745;0.9999867355496034;0.9999642943566558;0.9998259709930805;0.999866411378932;0.9999995131049846;1.0002140124095564;1.0;0.9998451853659994;1.0000224645579634;0.9996918258369979;0.9996895312439287;0.9999999999999999;0.9996680709129071;0.9999607550641321;0.9988970613993957;0.998698904732005;0.9997529880399136;1.0;0.9999916544037751;1.0002004538344829;0.99996631503756;0.9999770320138687;1.0;0.9999962622669222;1.024999976158142;
2016-04-02 13:45:00;0.9999773989461748;0.9998103645363285;1.0;0.999989386999552;0.9999813600111329;0.9999999999999999;1.0;0.9999182736677505;0.9999406352180348;1.0000824046921322;0.9999268960231784;0.9999926866843171;1.0;1.0;0.9998670927544953;0.9998722009884439;0.9998741612317781;0.9999999999999999;1.0001174828706147;0.9999866451217029;0.9999679325164489;0.9998279828160093;0.9998731748886056;0.9999995644202863;1.000211173368507;1.0;0.9998482951052727;1.0000220556471098;0.999700143312941;0.9996899733362343;1.0;0.999689097070647;0.9999582297523404;0.9989971718396766;0.9987918793087831;0.9997480392966943;1.0;0.9999916544037752;1.0001976829012222;0.9999640434762174;0.9999796076452732;0.9999999999999999;0.9999954745089924;1.024999976158142;
2016-04-02 14:00:00;0.9999783064968036;0.9998131829149133;1.0;0.999989743872797;0.9999812981829375;1.0;1.0;0.9999185058979935;0.9999402141006632;1.000083877604825;0.9999277400321079;0.9999931929340984;1.0;1.0;0.9998683712115376;0.9998732379210955;0.9998751682645237;0.9999999999999999;1.0001193575218084;0.9999865535054835;0.9999692637241049;0.9998299316291511;0.9998742102025635;0.9999995433036787;1.0002128781841646;1.0;0.9998502571310643;1.0000224605675034;0.9996570510225617;0.9996594384905972;1.0;0.9996705970255162;0.9999582346465112;0.9989064190874517;0.998692700123375;0.9997542098750267;0.9999999999999999;0.9999920672329303;1.0001994271580874;0.9999640601486427;0.999980464182484;0.9999999999999999;0.9999957610073226;1.024999976158142;
2016-04-02 14:15:00;0.9999806988484053;0.9998586470875916;1.0;0.9999911790755213;0.9999875967059906;1.0;1.0;0.9999417436941829;0.9999614159344022;1.000081292056467;0.9999462293792366;0.9999931580228073;1.0;1.0;0.9999007297515982;0.9999052403057219;0.9999067796708309;0.9999999999999999;1.000115386412512;0.9999913387810782;0.9999723491337915;0.9998741681437517;0.9999059642222394;0.9999997448382126;1.0002038268362103;1.0;0.999887895964951;1.0000218321210628;0.9996676669938632;0.999685591005233;1.0;0.9996854846567546;0.9999716099652965;0.9989655732902708;0.9987818657351631;0.9997586755483722;1.0;0.999990479290912;1.0001912365822636;0.9999755058673623;0.9999823874245248;0.9999999999999999;0.9999958303230608;1.024999976158142;
2016-04-02 14:30:00;0.9999628395686821;0.9998147728080361;1.0;0.9999831814219029;0.9999892059660782;0.9999999999999999;1.0;0.9999166445823691;0.9999672152658755;1.0000739843074336;0.9999248551885294;0.9999926599359326;1.0;1.0;0.9998446840003933;0.9998495630972907;0.9998520152513164;1.0;1.0001056628664964;0.9999926129202326;0.9999428491392338;0.9998315958975901;0.9998504824106179;0.9999995931034327;1.0002113404186976;1.0;0.9998437144645639;1.000019798117357;0.9996905245355485;0.9996667400295629;0.9999999999999999;0.9996925779551852;0.9999747662613871;0.9989857947253328;0.9987531249578697;0.9997661874250596;1.0;0.9999912732606053;1.000196274568681;0.9999781833683155;0.9999631375195217;0.9999999999999999;0.9999955171175839;1.024999976158142;
2016-04-02 14:45:00;0.9999794961049839;0.9998266888140436;1.0;0.9999904311652121;0.999983158521534;1.0;1.0;0.9999278123644871;0.9999470274132297;1.0000817253709373;0.9999344958465773;0.9999923888841159;1.0;1.0;0.999881063619462;0.9998864998927445;0.9998883257571753;1.0;1.0001166512092785;0.9999880951476454;0.9999715744916867;0.9998453876566431;0.9998874342417313;0.9999996318975707;1.0002071867801483;1.0;0.9998638894817706;1.0000219055173973;0.9996573139428847;0.9996615953979553;1.0;0.9997105502644182;0.9999618187441073;0.9990559990299367;0.998843990402038;0.9997724329652489;1.0;0.999990479290912;1.0001941372695835;0.9999670921788393;0.9999820033426875;1.0;0.9999952615830504;1.024999976158142;
2016-04-02 15:00:00;0.9999768542701276;0.9997930696797366;1.0;0.9999895186630972;0.9999783903506494;1.0;1.0;0.9999148851698945;0.9999298337383694;1.0000836697060447;0.9999196598646901;0.9999930206963324;0.9999999999999999;1.0;0.9998698992120876;0.9998742410220272;0.9998758463565541;1.0;1.0001188668111203;0.9999842075066712;0.9999658846999114;0.9998080120059093;0.9998749116430133;0.999999776743111;1.0002146061148502;1.0;0.9998312396772598;1.0000223630829728;0.9996581290167837;0.9996627688963925;1.0;0.9997068110504541;0.9999524215703359;0.9990507771535084;0.9988401916698417;0.9997647646489591;1.0;0.9999920672329303;1.0002010272158866;0.9999591229400622;0.9999781541997861;1.0;0.9999958085219388;1.024999976158142;
2016-04-02 15:15:00;0.999968269298393;0.9997074592551307;1.0;0.9999851956780013;0.9999732417976782;1.0;1.0;0.9999027443459714;0.9999243968529417;1.0000729151610293;0.9999055595907953;0.9999865665612224;1.0;1.0;0.9998184804360748;0.9998373975429413;0.9998412724674289;1.0;1.0001128433346562;0.9999829377963041;0.9999663484113657;0.9997725296167502;0.9998398752489338;0.9999994523822302;1.0002144053339848;1.0;0.9998038844352332;1.000019388090532;0.9997545467341036;0.9997162133838017;1.0;0.9997353953053174;0.999933791245555;0.9991525789816436;0.9989383647380182;0.9997813629895955;1.0;0.9999912732606053;1.0001982973235672;0.9999424294178709;0.99997994172577;1.0;0.9999894101981717;1.024999976158142;
2016-04-02 15:30:00;0.9999707057623625;0.9996883710811197;1.0;0.9999864788862459;0.9999679063499045;1.0;1.0;0.9998935992441151;0.9999040098301925;1.0000763326824507;0.9998952971248279;0.9999878366033977;1.0;1.0;0.9998204608353707;0.9998367786336793;0.9998400860435072;1.0;1.0001161673612826;0.9999783402456717;0.9999677916349782;0.999744559567382;0.9998388415675658;0.9999995981992266;1.0002171901263324;0.9999999999999999;0.9997809420459817;1.0000202560623737;0.9997411418097124;0.9997196435893523;1.0;0.9997360736145424;0.9999240067883117;0.9991617553297044;0.998964342229916;0.9997771483621135;1.0;0.9999916544037752;1.0002014924264604;0.9999342110530564;0.9999806183500073;0.9999999999999999;0.9999906050465728;1.024999976158142;
2016-04-02 15:45:00;0.9999754738709483;0.999711367012668;0.9999999999999999;0.9999884454254839;0.9999704508091333;1.0;1.0;0.999908535021039;0.9999150719640808;1.0000730052924836;0.99990946871067;0.9999863808162317;1.0;0.9999999999999999;0.9998366100521167;0.999855775522864;0.9998593064616482;1.0;1.0001130385766144;0.9999808591115619;0.9999785991408436;0.9997773053734829;0.9998582011832485;0.999999525607002;1.000205511723909;0.9999999999999999;0.9998116079638064;1.0000194409884227;0.999838870407896;0.9997797366930965;1.0;0.999749032311881;0.9999278150502104;0.9991995153405625;0.999008007063046;0.9997903706404231;1.0;0.9999912732606054;1.0001906573773722;0.9999373113923111;0.999987973901266;1.0;0.9999892670092619;1.024999976158142;
2016-04-02 16:00:00;0.9999690665674349;0.9996887488012438;1.0;0.9999861122262836;0.9999724787333816;0.9999999999999999;1.0;0.9999213264007634;0.999928556142024;1.00006555070506;0.9999121444433212;0.9999827091314021;1.0;1.0;0.9998362290688027;0.999863270929773;0.9998675566400023;1.0;1.0001073275754422;0.9999838917262835;0.9999747743699071;0.9997817723428766;0.9998662473496096;0.999999750315855;1.0002042799690543;1.0;0.999815483614051;1.000017458553165;0.9998524396399471;0.9997805076723648;1.0;0.9997425183852838;0.9999278182954238;0.9991751270248754;0.9989731689189251;0.9997873955882686;1.0;0.9999924483761709;1.0001881285283272;0.9999368938635153;0.9999861683511204;0.9999999999999999;0.9999857263560762;1.024999976158142;
2016-04-02 16:15:00;0.9999822830018096;0.9997400657196882;1.0;0.999991932994961;0.9999707949445473;1.0;1.0;0.9999221636269618;0.9999135939345776;1.0000756985950445;0.9999184723755825;0.9999878532431837;1.0;1.0;0.9998722486337069;0.9998882142320455;0.9998907581221429;1.0;1.0001147536165056;0.999980548449726;0.999986315390148;0.9997950280160073;0.999890006422139;0.999999820634164;1.0002002018131244;1.0;0.9998283727544367;1.0000202081879725;0.9998241197898352;0.9997832443087756;1.0;0.9997660076502606;0.9999302617841472;0.9992691444160321;0.9990953275182932;0.999793985690461;1.0;0.999990479290912;1.0001868140513472;0.9999395723889593;0.9999926492662117;1.0;0.999990696883792;1.024999976158142;
2016-04-02 16:30:00;0.9999763561184577;0.9997034277326744;1.0;0.9999889474637791;0.999970003395884;1.0;1.0;0.999915901563018;0.9999167691017585;1.0000712174981636;0.999912797533099;0.9999849630260692;1.0;1.0;0.9998422486627674;0.9998652727756666;0.9998690843923156;1.0;1.0001128195961415;0.999981242437056;0.9999836666598085;0.9997826577295931;0.9998680177804607;0.9999995884654679;1.0002037275510829;0.9999999999999999;0.9998181729627211;1.0000189725924973;0.9998485390630201;0.999782372311367;1.0;0.9997519924694688;0.9999248023838609;0.9992095238682918;0.9990135350995658;0.9997924478737548;1.0;0.9999916544037752;1.0001887191699583;0.9999345317400248;0.9999916469782644;1.0;0.9999877046613208;1.024999976158142;
2016-04-02 16:45:00;0.9999844541984827;0.999787842902647;1.0;0.9999924160221321;0.9999771650636607;0.9999999999999999;1.0;0.9999310468447721;0.9999338419379444;1.0000760015371115;0.9999337473991518;0.9999887437589116;1.0;0.9999999999999999;0.999879013155398;0.9998931691835914;0.9998958117923558;1.0;1.000113958147957;0.9999851184310948;0.9999886898469813;0.9998365187970238;0.9998950602392035;0.9999995551539406;1.0001957231260827;1.0;0.9998629168168238;1.0000203436961128;0.9998609821249529;0.9997948177030661;1.0;0.9997488813285498;0.9999445880080775;0.9991955601378334;0.9990076767454171;0.9997925928424566;0.9999999999999999;0.999990479290912;1.0001828918999116;0.9999519057511831;0.9999940765840201;0.9999999999999999;0.9999915315725946;1.024999976158142;
2016-04-02 17:00:00;0.9999862611547636;0.9998432396865238;1.0;0.9999935766325992;0.9999852914293916;1.0;1.0;0.9999568213433847;0.9999609515212483;1.0000736780757307;0.9999552786329031;0.9999892137573001;1.0;1.0;0.9999130023081592;0.9999263951557621;0.9999286516797111;1.0;1.000110068560439;0.9999912406767205;0.9999903799233341;0.9998893195610602;0.9999280150512381;0.9999997393379889;1.0001874755475892;1.0;0.9999071515807098;1.000019800179425;0.9998167769745304;0.9997601336038747;1.0;0.9997428752351085;0.999962005823556;0.9991682356365446;0.9989660086198396;0.9997931221896477;1.0;0.9999928612064206;1.0001754463862185;0.9999668270052776;0.9999950505472854;1.0;0.9999919263747995;1.024999976158142;
2016-04-02 17:15:00;0.9999821390717757;0.9997998091124799;1.0;0.9999918959020189;0.9999811036902595;1.0;1.0;0.9999466428578366;0.9999491663614457;1.000071451471995;0.9999422681837882;0.9999876661888039;0.9999999999999999;1.0;0.9998947772211988;0.9999111724140177;0.999913811188686;0.9999999999999999;1.0001088386966197;0.9999885867505934;0.999986227076663;0.9998562948653231;0.9999130303539403;0.9999997992904833;1.0001906851745497;1.0;0.9998790535695087;1.0000191736119604;0.9998704263156475;0.9998059259965614;1.0;0.9997267793045339;0.999951612449255;0.999104888847514;0.9989262326698156;0.9997878888820163;1.0;0.9999912732606052;1.0001777655269315;0.9999577891589048;0.999992612035687;1.0;0.99999050982888;1.024999976158142;
2016-04-02 17:30:00;0.9999886664308465;0.9998733525569624;1.0;0.9999947011804073;0.9999875078660709;1.0;1.0;0.9999597918468547;0.9999644908676811;1.0000775883600495;0.999960284569741;0.9999909052771994;0.9999999999999999;1.0;0.9999265969779243;0.9999351476228977;0.9999367551235636;1.0;1.0001125648381972;0.9999920450738192;0.9999896250976938;0.999902820321348;0.999936236276822;0.9999997831322606;1.000188820900068;1.0;0.9999174307072081;1.000020869326559;0.9998161148451361;0.9997482297610192;1.0;0.9996903672666887;0.9999692474939817;0.9989677868383372;0.9987495524595591;0.9997717765409909;1.0;0.999992448376171;1.0001774863868635;0.9999732726223317;0.9999940798358912;1.0;0.9999938473287954;1.024999976158142;
2016-04-02 17:45:00;0.9999884868417122;0.9998589023936694;0.9999999999999999;0.9999940870648484;0.9999853863848612;1.0;1.0;0.9999474335698768;0.9999576020049207;1.0000772472697639;0.999954142886098;0.999991040443721;1.0;1.0;0.9999055652121326;0.99991453241727;0.999916583540388;0.9999999999999999;1.0001123802694925;0.9999904950465139;0.9999904155878898;0.9998898157058558;0.9999159706248819;0.999999492951483;1.0001882364210304;1.0;0.999906710013646;1.0000207624176725;0.9998513574467947;0.9997901585313326;1.0;0.9997052606678501;0.9999645835557283;0.9990230612779989;0.9988374284023392;0.9997789045388096;0.9999999999999999;0.9999916544037751;1.000176743470925;0.9999692659266307;0.999994704666055;1.0;0.9999938088957658;1.024999976158142;
2016-04-02 18:00:00;0.9999911301499436;0.9998823719202246;1.0;0.99999500145702;0.9999870238730257;0.9999999999999999;0.9999999999999999;0.999947884983476;0.9999608051905834;1.0000795821455641;0.9999590069781121;0.9999920703135822;1.0;0.9999999999999999;0.9999100509466836;0.9999161618369069;0.9999179858802728;1.0;1.0001139100207284;0.9999912129847397;0.9999924062063636;0.9999033829064794;0.9999174445835998;0.9999993693238834;1.000187322205198;1.0;0.9999180225805336;1.0000213943554273;0.9998516189931473;0.9997859775690968;1.0;0.9997149447592546;0.9999695604860637;0.9990597237195576;0.9988672237330103;0.9997830427308947;0.9999999999999999;0.9999924483761709;1.0001763906565058;0.9999736686129076;0.9999957606519521;1.0;0.9999949565230336;1.024999976158142;
2016-04-02 18:15:00;0.9999919737067585;0.9999042948905584;1.0;0.999996093145085;0.9999901397756272;0.9999999999999999;1.0;0.9999666713326856;0.999971313289025;1.000077405129463;0.9999690365472208;0.9999923992829931;0.9999999999999999;1.0;0.9999409440539939;0.9999469055221147;0.9999481498950495;1.0;1.0001107476553497;0.9999935777698891;0.9999927494527157;0.9999248011792838;0.9999477569113405;0.9999997619605353;1.0001819804848529;1.0;0.9999361789927405;1.0000208302593552;0.9998321155284533;0.9997653855633098;1.0;0.9997158461653334;0.999976158463885;0.9990580405750416;0.9988509128619614;0.9997868488258046;1.0;0.9999908604325449;1.000171588132233;0.9999793137301157;0.9999958801974647;1.0;0.9999951409386323;1.024999976158142;
2016-04-02 18:30:00;0.9999932100995497;0.9998930831069167;1.0;0.9999967539725725;0.9999872930278282;1.0;1.0;0.999962107787748;0.9999607491524629;1.000082744105891;0.9999636730770601;0.9999925818329786;0.9999999999999999;1.0;0.9999417013413547;0.9999466385855732;0.9999476224297275;1.0;1.0001175681452592;0.9999912027066797;0.9999937377760516;0.9999100481362447;0.9999473056711059;0.9999998384315569;1.0001913277527454;0.9999999999999999;0.9999241844257257;1.0000222541417025;0.9997881570912756;0.9997032403980566;1.0;0.9996677274451683;0.9999707590422625;0.9988583423562132;0.9985962961538472;0.9997781798077997;1.0;0.9999920672329303;1.0001807396731885;0.9999747547831027;0.9999964164159497;0.9999999999999999;0.9999954680439064;1.024999976158142;
2016-04-02 18:45:00;0.9999906208543305;0.9998883936508248;1.0;0.9999955638861195;0.9999885151444361;1.0;1.0;0.999963255920115;0.9999666870224307;1.0000822125389481;0.9999643352707884;0.9999920000013329;1.0;1.0;0.9999351755202213;0.9999422314290577;0.9999435921404537;1.0;1.0001180805800363;0.9999925336155355;0.9999914747268769;0.9999126558727687;0.9999431564302876;0.999999795511502;1.0001951203441093;1.0;0.9999259312398353;1.0000221144810668;0.9997607382286684;0.9996967169683562;1.0;0.9996438087422427;0.9999721739550762;0.9987754849043877;0.9985284471785338;0.999762733315183;1.0;0.9999912732606052;1.0001838435791355;0.999975850659578;0.99999514478074;1.0;0.9999946990986504;1.024999976158142;
2016-04-02 19:00:00;0.9999901087659748;0.9999116299067891;1.0;0.9999944286473247;0.999992485633248;0.9999999999999999;1.0;0.9999575768264403;0.9999795664428429;1.0000782525834067;0.9999700643695458;0.9999926416852021;0.9999999999999999;1.0;0.9999155148732027;0.9999217590757845;0.9999237571425789;1.0;1.000112077360878;0.999995427779324;0.9999908990337892;0.9999331507032159;0.9999231459237505;0.9999992864760153;1.0001855199193614;1.0;0.9999421548010018;1.000021062874925;0.9998209487484259;0.9997503743879714;1.0;0.9996709556202338;0.9999809112461036;0.998875684637596;0.9986566910739906;0.9997760792041932;1.0;0.999992448376171;1.0001745331487273;0.9999833593996875;0.9999947960350224;0.9999999999999999;0.9999951829409396;1.024999976158142;
2016-04-02 19:15:00;0.9999797369290976;0.9997993168717839;1.0;0.9999902137153006;0.999983532298772;1.0;1.0;0.9999447036851734;0.9999604676033362;1.000070742744165;0.9999456731365619;0.99998665304566;1.0;1.0;0.9998747450441338;0.9998947309344834;0.9998983308564048;1.0;1.0001099427412652;0.9999911292538368;0.9999863817054526;0.9998682329779728;0.9998973339654719;0.9999994363780705;1.000194380325614;0.9999999999999999;0.9998891760469992;1.0000190001702023;0.9997982774431347;0.999729750968812;0.9999999999999999;0.9996753784256686;0.9999547552724423;0.9988829955742942;0.9986521583315056;0.9997843822971785;0.9999999999999999;0.9999908604325449;1.0001805353234987;0.9999602832903098;0.9999931317419917;1.0;0.9999891942861787;1.024999976158142;
2016-04-02 19:30:00;0.9999747590930299;0.9997362008046909;1.0;0.999988693860221;0.9999772032461666;1.0;1.0;0.9999399085904471;0.9999435244387086;1.0000676766696805;0.9999299728666224;0.9999838848465105;0.9999999999999999;0.9999999999999999;0.9998659102500113;0.9998915305234677;0.9998953999023458;1.0;1.0001092031643843;0.9999872935402664;0.9999827506812105;0.9998243925664746;0.9998943144471835;0.9999997980018499;1.0001998714772078;1.0;0.9998529550441257;1.0000181144076903;0.9998433567233271;0.9997804571826397;0.9999999999999999;0.9996865422273267;0.9999384771958343;0.9989258163337122;0.9987326378372609;0.9997887893245354;1.0;0.999992448376171;1.0001847748562789;0.999946075616962;0.9999912275197161;1.0;0.9999865974495546;1.024999976158142;
2016-04-02 19:45:00;0.9999845181358453;0.9998233033721484;1.0;0.9999928796949044;0.9999836157875984;0.9999999999999999;1.0;0.9999543589495958;0.9999571558889073;1.0000750866805341;0.9999508061579978;0.9999883269809609;1.0;1.0;0.9999059188129902;0.9999216369089984;0.9999241594391008;1.0;1.0001134048427405;0.9999903903538491;0.9999896147500792;0.9998774023795963;0.9999234585739744;0.9999997696346431;1.0001947170897454;1.0;0.9998974146846548;1.0000201771771617;0.999824798377392;0.9997542523007971;0.9999999999999999;0.999655445338763;0.9999572369168225;0.9988142320330404;0.9985983179316575;0.9997713043317635;1.0;0.9999920672329302;1.0001819323685404;0.9999626301622193;0.999994766640136;1.0;0.999990970238922;1.024999976158142;
2016-04-02 20:00:00;0.9999893989396156;0.999888459126165;1.0;0.9999948658392466;0.9999898254648186;1.0;1.0;0.9999649573591053;0.9999728047165485;1.000078672240232;0.999966767252464;0.9999906888363362;1.0;1.0;0.9999298405045698;0.9999388878657685;0.9999406369021554;0.9999999999999999;1.0001143368777936;0.9999939105111249;0.9999915154239711;0.9999195857793993;0.9999401168286027;0.9999996969179586;1.0001904273229114;1.0;0.999931879128666;1.0000211702467139;0.999740060652944;0.9997087504669115;1.0;0.999675031901897;0.9999738346518094;0.9988697992341082;0.9986576434708888;0.9997923268780282;1.0;0.9999920672329304;1.0001790174687495;0.9999771643514037;0.9999953816502122;1.0;0.9999936308872953;1.024999976158142;
2016-04-02 20:15:00;0.9999846822206315;0.9998164543433088;1.0;0.9999925636423586;0.999981718817333;1.0;1.0;0.9999413482555519;0.9999488451682365;1.0000743896539974;0.9999439586023983;0.9999891209427723;1.0;1.0;0.9998902211106845;0.999903705078782;0.9999062732317894;1.0;1.0001111511612126;0.9999885251326123;0.999988228360029;0.9998629752127075;0.9999055242800674;0.9999995613237918;1.0001908820203775;1.0;0.9998845439190368;1.000019975129907;0.9998207420812785;0.9997548320803713;0.9999999999999999;0.9997076023705145;0.9999544611916685;0.9989839523616116;0.998770575792648;0.99981247786704;1.0;0.9999916544037754;1.0001784236703906;0.9999603791380842;0.9999936930512479;1.0;0.9999918625894234;1.024999976158142;
2016-04-02 20:30:00;0.9999820734526669;0.9997940898862618;1.0;0.9999913512668059;0.9999800493302105;1.0;1.0;0.9999356126504475;0.9999450221337343;1.0000713697700465;0.9999379676347111;0.9999875434773484;0.9999999999999999;1.0;0.9998765110745808;0.9998922918675712;0.9998952602461235;1.0;1.000108352079021;0.9999876691137586;0.9999861417861283;0.9998484816590351;0.9998943913655074;0.9999995136632096;1.0001895397235203;1.0;0.9998722044593193;1.0000191551618185;0.9998619111138697;0.9997876669461762;1.0;0.9997121574600494;0.9999497187311532;0.9990035093165639;0.9988041768482443;0.9998128597880473;1.0;0.9999904792909121;1.0001766140744344;0.9999562066234841;0.9999925591728752;1.0;0.9999906010280187;1.024999976158142;
2016-04-02 20:45:00;0.9999876361123106;0.9998428792011719;1.0;0.9999941124743542;0.9999835585571909;1.0;1.0;0.9999495334301678;0.9999525274872676;1.0000766588996985;0.9999507374022545;0.9999901974289587;1.0;1.0;0.9999106404700104;0.9999210491537225;0.9999229842477474;1.0;1.0001124317914016;0.9999893575570031;0.9999898972860058;0.999878701031887;0.9999224011922625;0.9999997097577421;1.0001896625901263;1.0;0.9998977494835163;1.0000206000380218;0.9998139316431154;0.9997526427216912;1.0;0.999702152322817;0.9999599753200993;0.9989708849157163;0.9987602658462252;0.9998050033047277;1.0;0.9999920672329303;1.0001779530901571;0.9999652531172573;0.9999944571666542;1.0;0.9999930836330047;1.024999976158142;
2016-04-02 21:00:00;0.9999897563447617;0.9998594405689076;1.0;0.9999950810229039;0.9999844421086743;1.0;1.0;0.9999520198505891;0.9999535291656095;1.0000768639276856;0.9999540565121087;0.9999917012498337;1.0;1.0;0.9999200931593647;0.9999280683013312;0.9999296302625913;1.0;1.0001112680620552;0.999989581133895;0.9999910711686971;0.9998868821760185;0.9999291444376159;0.9999997404098928;1.0001854541056776;1.0;0.9999045519232047;1.000020656367993;0.9998486230620297;0.9997844603511047;1.0;0.9997245049118149;0.999963142629546;0.999046725292241;0.9988536404695804;0.999820537416037;1.0;0.9999920672329303;1.0001744291764563;0.999968087781713;0.99999498466823;0.9999999999999999;0.9999943445167141;1.024999976158142;
2016-04-02 21:15:00;0.9999917987863768;0.9998891044984579;1.0;0.9999956028422927;0.9999878165538737;1.0;1.0;0.9999553410711353;0.9999635900013575;1.000078448307768;0.9999625788637382;0.9999914062470767;1.0;1.0;0.9999230711317582;0.9999292615335323;0.9999308363572953;1.0;1.000112371661902;0.9999918383605353;0.999993222798311;0.9999104057967028;0.9999303712129393;0.9999995396975494;1.0001843562215273;1.0;0.9999242450107524;1.0000210947771513;0.9998552338420015;0.9997811861227592;1.0;0.9997186148201609;0.9999711791125993;0.9990305489706592;0.9988270584938301;0.99981387781261;1.0;0.9999916544037752;1.0001737072924013;0.9999750468297811;0.9999962644369439;1.0;0.9999946374097601;1.024999976158142;
2016-04-02 21:30:00;0.9999897139313181;0.9998743229634957;1.0;0.9999951797139307;0.9999871171194615;1.0;1.0;0.9999607746787836;0.9999631301590671;1.000075485230436;0.9999609214937112;0.9999911990206636;1.0;1.0;0.9999296780558816;0.9999382004767653;0.9999397412266764;1.0;1.0001096492653936;0.999991736136686;0.9999913557077124;0.9999036429726544;0.9999392681784216;0.9999997999764418;1.000182992606274;0.9999999999999999;0.999918648536709;1.0000202982147188;0.9998157502441797;0.9997718160373463;0.9999999999999999;0.9997374437092833;0.9999684531531486;0.999092837050033;0.9989086689951068;0.9998280352910864;1.0;0.9999920672329302;1.0001720622753674;0.9999725944432115;0.9999952080533465;1.0;0.9999939868411916;1.024999976158142;
2016-04-02 21:45:00;0.9999879053415084;0.9998482537829526;1.0;0.9999938166759726;0.9999840405562275;1.0;0.9999999999999999;0.9999438352276119;0.9999533978992856;1.000074838580814;0.9999505731190186;0.999990924494888;1.0;1.0;0.9999002967145724;0.999909763717266;0.9999118992008832;1.0;1.0001093675534956;0.9999895488533354;0.9999899570024371;0.9998808240076866;0.9999112612040854;0.9999994850494536;1.0001842481132854;0.9999999999999999;0.9998991945020718;1.000020104391614;0.9998655658970258;0.9997947750775853;0.9999999999999999;0.9997419481289003;0.9999614976286019;0.9991112088570335;0.9989187126164367;0.9998290747627997;0.9999999999999999;0.9999908604325449;1.0001728265215832;0.9999666029655109;0.999994455585646;1.0;0.9999936371170283;1.024999976158142;
2016-04-02 22:00:00;0.9999843156712123;0.9998105299893366;1.0;0.9999926739988062;0.9999810045251897;1.0;1.0;0.9999436234923369;0.9999467422462133;1.000071487621022;0.9999427846778911;0.9999888466241443;1.0;1.0;0.999895543720765;0.9999094639262602;0.9999118868214988;1.0;1.0001074009177489;0.9999880533326181;0.9999877035914059;0.9998584910294445;0.9999111684363237;0.9999997095074985;1.0001857389219195;1.0;0.9998808683967532;1.000019190542856;0.9998573163659829;0.9997892203735682;1.0;0.999742901828136;0.9999527302204002;0.9991074124712914;0.9989135253715032;0.9998345099317366;1.0;0.9999924483761709;1.0001735051726246;0.9999588772854225;0.999993360243078;1.0;0.9999916344381141;1.024999976158142;
2016-04-02 22:15:00;0.9999889820744826;0.9998617051762535;1.0;0.9999944747044842;0.9999852778782983;1.0;1.0;0.9999492101279885;0.9999564966439077;1.0000767984335173;0.9999543688010558;0.9999913319053431;1.0;1.0;0.9999118753883801;0.999919971164793;0.9999217786172357;1.0;1.000111251271195;0.9999902452774071;0.9999902050135998;0.9998895814167696;0.9999212177296507;0.9999995900768188;1.0001861288274254;1.0;0.9999064143756001;1.0000206380141967;0.9998159176110007;0.9997572952762677;1.0;0.9997319349665372;0.9999648291868942;0.9990675815164047;0.998861392286861;0.99982867233665;0.9999999999999999;0.9999916544037752;1.0001749129447783;0.9999695218150287;0.9999944624943822;1.0;0.9999941487557068;1.024999976158142;
2016-04-02 22:30:00;0.999990694626344;0.9998843399978655;1.0;0.9999953979810584;0.9999878788252148;0.9999999999999999;1.0;0.9999590387933671;0.9999645868553884;1.0000754207498532;0.999962503715221;0.9999909401541657;0.9999999999999999;1.0;0.9999278821289223;0.9999350299197307;0.9999365493160263;1.0;1.0001087268810342;0.9999920683680845;0.9999919235106584;0.999908966617886;0.9999360818818293;0.9999996854238221;1.000180215483558;1.0;0.999922921831517;1.0000202873171278;0.9998393121613814;0.9997751852863659;1.0;0.9997436105575709;0.9999707818892309;0.9991138486162651;0.9989143298751283;0.9998322826131433;1.0;0.999990479290912;1.0001696180165547;0.9999746580213291;0.9999954717146863;1.0;0.9999941981154603;1.024999976158142;
2016-04-02 22:45:00;0.999990127508401;0.9998586339826969;1.0;0.9999951845134664;0.9999842219502612;1.0;1.0;0.9999513177790567;0.9999529168367621;1.0000751770727057;0.9999539532857119;0.9999911469330365;1.0;1.0;0.9999187961228225;0.9999269137826404;0.9999285239148467;1.0;1.0001089997408878;0.9999894497139639;0.99999189374548;0.9998866599705465;0.9999280404691778;0.9999997068760909;1.0001813354344138;1.0;0.9999046013708278;1.000020208381648;0.9998186085559838;0.9997708402386116;1.0;0.9997650047159254;0.9999625968573438;0.9991933273346311;0.9990046371278716;0.9998424751609547;1.0;0.9999920672329304;1.0001705292907441;0.9999676150658602;0.9999955444434669;1.0;0.9999940599399528;1.024999976158142;
2016-04-02 23:00:00;0.999991109627295;0.9998684081925773;1.0;0.9999956125430026;0.999985182606768;1.0;1.0;0.9999542303401852;0.9999557072037999;1.0000747906038938;0.9999571138385441;0.9999913951162533;0.9999999999999999;1.0;0.9999238091400331;0.9999313573176282;0.9999328727836126;0.9999999999999999;1.0001081006633024;0.9999900830602347;0.9999929814730872;0.9998944845092694;0.9999324267888713;0.9999997062604;1.0001787192914953;1.0;0.9999113154742232;1.000020114181539;0.9998219484970619;0.9997767010950851;0.9999999999999999;0.9997687960183295;0.9999649061326592;0.999205283252281;0.999022428043906;0.9998457354195459;1.0;0.9999920672329302;1.0001682079826926;0.9999696193975308;0.9999961985297685;1.0;0.9999943081238927;1.024999976158142;
2016-04-02 23:15:00;0.9999925272384378;0.9999121455897972;1.0;0.9999958026353758;0.9999908964433829;1.0;1.0;0.9999602430592118;0.9999730355418752;1.000077705127268;0.999969511482577;0.9999930322523849;1.0;1.0;0.9999286290801042;0.9999335499319403;0.9999350615101937;1.0;1.0001105427599486;0.9999939661776545;0.999993324617331;0.9999291149944359;0.9999346045070562;0.9999994705159724;1.0001805319950468;1.0;0.9999395136942908;1.000020912179549;0.999823712907798;0.9997697186614929;1.0;0.9997299523649472;0.9999782970462776;0.9990607001773906;0.998866880658129;0.9998274248341649;1.0;0.9999908604325449;1.000170253248319;0.9999811969587938;0.999996219713111;1.0;0.9999956755227836;1.024999976158142;
2016-04-02 23:30:00;0.9999950482436728;0.9999426727413314;1.0;0.9999971171460443;0.9999943094232893;1.0;1.0;0.9999736814964468;0.9999837396124968;1.0000732805905743;0.9999807368447811;0.9999929424055761;1.0;1.0;0.99995041048202;0.9999542054283025;0.999955344018416;1.0;1.0001037191131128;0.999996367075093;0.9999962062403883;0.9999557391910576;0.9999550204117139;0.9999995917614596;1.0001669965063749;1.0;0.9999623744020045;1.0000197318352124;0.9998759798846338;0.9998181269580719;1.0;0.9997930795590954;0.9999860473523765;0.9992982494561528;0.9991311063426827;0.9998554502686792;1.0;0.999992448376171;1.000157815116193;0.9999878778788115;0.9999979691053272;1.0;0.9999959038155102;1.024999976158142;
2016-04-02 23:45:00;0.9999925506766071;0.9999165622457384;1.0;0.9999963549693013;0.9999918738835774;1.0;1.0;0.9999716205407342;0.9999771266347374;1.0000736214184813;0.9999737736570522;0.9999921994750783;1.0;1.0;0.9999469939353146;0.9999528086487938;0.9999540115571474;0.9999999999999999;1.0001054018345847;0.9999948845340461;0.999993549483864;0.9999366408319412;0.9999536407517774;0.9999997659270006;1.000172914457147;1.0;0.9999462032609298;1.0000198188431975;0.9998518626685412;0.9998092299912997;1.0;0.9997666618442107;0.9999798589004242;0.99920028546626;0.9990411867833918;0.9998427465797248;1.0;0.9999916544037751;1.000163045182089;0.9999824838446909;0.9999963865264135;0.9999999999999999;0.9999950856849026;1.024999976158142;
2016-04-03 00:00:00;0.9999930494099802;0.9999160156582052;1.0;0.9999967714368553;0.9999914910143773;1.0;1.0;0.9999742240005468;0.9999757643713462;1.0000729800086405;0.9999740106978482;0.9999918112216045;1.0;1.0;0.999953470950922;0.9999592252845918;0.9999602515437869;0.9999999999999999;1.0001044771795056;0.9999945800397241;0.9999940904648023;0.999935876697603;0.9999599336267124;0.9999998767143369;1.0001710446966758;1.0;0.9999458223127766;1.0000196463786029;0.9998493676565262;0.9997924888046981;0.9999999999999999;0.9997884075766648;0.9999790899796165;0.9992792733996514;0.999096360059688;0.9998543373340399;0.9999999999999999;0.9999912732606052;1.0001613719460098;0.9999818302341054;0.9999967113604731;1.0;0.9999949246308741;1.024999976158142;
2016-04-03 00:15:00;0.9999951836752565;0.9999365420221396;1.0;0.9999972596876463;0.9999931471720599;1.0;1.0;0.9999719683974121;0.9999796005331518;1.0000736153074383;0.9999782359900915;0.999993297707984;1.0;1.0;0.9999504689547557;0.9999540538616457;0.9999551010092705;1.0;1.0001040629688416;0.9999954399479914;0.9999961358125321;0.9999488856620969;0.9999547980073421;0.9999996390899526;1.0001674668537188;1.0;0.9999566884580091;1.0000198200250439;0.9998441386050119;0.9998001130910775;1.0;0.9998204817460842;0.9999837300772548;0.9994043274544046;0.9992368965645534;0.9998656254535521;1.0;0.9999912732606053;1.000158316389129;0.9999859092343949;0.9999978940726463;1.0;0.999996114563885;1.024999976158142;
2016-04-03 00:30:00;0.9999965358923089;0.9999352767721392;1.0;0.9999973128295011;0.9999914552073774;1.0;1.0;0.9999586472875968;0.9999716731447635;1.0000777039429045;0.9999729638116337;0.9999944205601666;1.0;1.0;0.999934534459174;0.9999355426038142;0.9999366596664084;1.0;1.0001082149211142;0.999993663376265;0.9999966035732941;0.9999387323314407;0.9999363311950789;0.9999993514884549;1.0001719767697568;1.0;0.9999477932050167;1.0000209135625;0.9998316061922556;0.9997828923242127;1.0;0.9998061489261714;0.9999815797894727;0.9993485797476861;0.9991660434159887;0.9998604837129299;1.0;0.9999912732606056;1.0001628838667826;0.9999842094373623;0.9999980190406402;1.0;0.9999972374192307;1.024999976158142;
2016-04-03 00:45:00;0.9999955694200835;0.9999602389046559;1.0;0.999997289766867;0.9999960554281906;0.9999999999999999;1.0;0.9999739766759608;0.9999874311243669;1.0000730372546294;0.9999833771603094;0.9999893588992698;1.0;1.0;0.9999539973874522;0.9999550659052375;0.9999559433126481;1.0;1.000101761179936;0.9999971932963586;0.9999945045846723;0.999963911866917;0.9999556389600729;0.9999995624574028;1.0001635023956736;0.9999999999999999;0.999968211439147;1.0000196675153583;0.9998856914975601;0.9998346616817182;1.0;0.9998268307894421;0.9999911730799294;0.9994285370837083;0.9992776578352613;0.9998682613530945;0.9999999999999999;0.999990860432545;1.000154798912038;0.9999924017336539;0.9999965996590888;0.9999999999999999;0.9999949352434215;1.024999976158142;
2016-04-03 01:00:00;0.9999938934059255;0.9999500967223596;1.0;0.9999970925113126;0.9999953489231888;1.0;1.0;0.9999782823369768;0.9999855210133662;1.0000715366317947;0.9999810720927919;0.9999894108618773;1.0;1.0;0.9999630409467157;0.9999647171112692;0.9999653250219797;1.0;1.0001000475564836;0.9999967652231385;0.9999916046527708;0.9999558653023177;0.9999650432830298;0.9999998512198249;1.000163439832816;1.0;0.9999610129212703;1.0000192620408304;0.9999023248373966;0.9998488966197528;1.0;0.9998268194074164;0.9999893642195458;0.9994278557654682;0.9992841991911353;0.9998686780058351;1.0;0.9999916544037754;1.0001546115692617;0.9999908244117418;0.9999946934686249;1.0;0.9999948136222443;1.024999976158142;
2016-04-03 01:15:00;0.9999948155724687;0.9999337302107703;1.0;0.9999974097400459;0.9999931043371357;1.0;1.0;0.999976970396796;0.9999801397639719;1.0000711727753604;0.9999789727379;0.9999924738441281;1.0;1.0;0.999958611998279;0.9999630145472379;0.999963927478714;1.0;1.0001011674838236;0.999995559764405;0.9999959253242023;0.9999488919477717;0.9999636596518475;0.9999998087303283;1.0001636531094205;1.0;0.9999568980736584;1.0000191618425767;0.9998698204518766;0.999838305677281;1.0;0.9998412065812063;0.9999832008839324;0.9994831310114228;0.9993511396363969;0.9998742730807262;1.0;0.9999920672329303;1.0001546362342686;0.9999854133941607;0.9999977961680402;1.0;0.9999955469438851;1.024999976158142;
2016-04-03 01:30:00;0.9999939467101906;0.9999389028935473;1.0;0.999996904946934;0.9999945629456819;1.0;1.0;0.9999780744375977;0.9999855177870095;1.0000687900494896;0.9999812467715528;0.9999926817863138;1.0;1.0;0.9999558150092067;0.9999607011512236;0.9999617964806;1.0;1.0000981493805217;0.9999967643167039;0.9999950685831311;0.999955726343331;0.9999614716829853;0.9999997355043614;1.0001598578312891;1.0;0.9999623093601983;1.0000185225759497;0.9999043218182939;0.9998677793328489;1.0;0.999851731625459;0.9999859911027706;0.9995291937273536;0.9994121394756568;0.9998745615002554;1.0;0.999989685320429;1.0001508548202136;0.9999877714568383;0.9999972980340008;1.0;0.999995525440653;1.024999976158142;
2016-04-03 01:45:00;0.999993797039787;0.9999501521903686;1.0;0.9999961379185639;0.9999963086679104;1.0;1.0;0.9999708145793917;0.9999908168678816;1.0000681991655518;0.999982873311587;0.9999926869038236;1.0;1.0;0.9999386118747181;0.9999427026755493;0.9999442515230048;0.9999999999999999;1.0000968568329884;0.9999979497361403;0.9999949014613989;0.999964229700852;0.9999438053488258;0.9999993488009131;1.0001573973759792;1.0;0.9999688480588387;1.0000183644636689;0.9999216872477514;0.9998789301819286;1.0;0.9998621247727179;0.9999900752253653;0.999562693299763;0.9994474342144275;0.9998829995938484;1.0;0.9999916544037752;1.000148418363093;0.9999913025392863;0.9999971970285867;1.0;0.9999957176700534;1.024999976158142;
2016-04-03 02:00:00;0.9999930164524656;0.9999442774698365;1.0;0.9999963143192817;0.9999959804833544;1.0;0.9999999999999999;0.9999775263250966;0.9999904454492715;1.0000675134445818;0.9999828725971364;0.9999928808126131;1.0;1.0;0.999950806270782;0.9999557843295307;0.9999570707198853;1.0;1.0000964316763867;0.999997867369216;0.9999938025785079;0.9999614655936959;0.9999566773237957;0.9999996299543954;1.0001581550017788;1.0;0.9999666028964324;1.0000181805732808;0.999885951857995;0.9998620771270723;1.0;0.9998582414960709;0.9999889037374365;0.9995454529737053;0.9994354093127132;0.9998830573245747;1.0;0.9999908604325449;1.0001490815693106;0.9999902553150373;0.9999965001792132;0.9999999999999999;0.9999955934400602;1.024999976158142;
2016-04-03 02:15:00;0.9999952616989415;0.999961116697897;1.0;0.9999974827339251;0.9999969861828895;1.0;1.0;0.9999834359923503;0.9999923090042331;1.0000687461717;0.999987488822302;0.9999935027437704;1.0;0.9999999999999999;0.9999654046074302;0.9999685190410615;0.999969375814724;1.0;1.0000970315715954;0.99999828363614;0.9999955625946475;0.9999717958072122;0.9999691072857396;0.9999997407388641;1.0001566367193384;0.9999999999999999;0.9999755177326888;1.0000185129400412;0.999913371880711;0.99987676039306;1.0;0.999858220332499;0.9999920231312841;0.9995490801081103;0.9994377491663048;0.9998805300116177;1.0;0.9999892724926028;1.0001481076451242;0.999993018153789;0.999997448966963;1.0;0.9999963196002492;1.024999976158142;
2016-04-03 02:30:00;0.999992088600487;0.9999302333520512;1.0;0.9999960754313438;0.9999946313492012;1.0;1.0;0.999977633392434;0.9999872267587221;1.0000654427930262;0.9999800885560088;0.9999919109334116;1.0;1.0;0.9999499488202186;0.9999566039098151;0.9999579766716098;1.0;1.000094568520789;0.9999971444193085;0.9999936669067119;0.9999531242698626;0.999957570231075;0.9999997198165143;1.0001564329247314;1.0;0.9999599747365938;1.0000176197860666;0.9999284207770182;0.9999054971068975;0.9999999999999999;0.9998845709990898;0.9999851854879297;0.999644368300486;0.9995633724712976;0.9998948805712711;1.0;0.9999916544037754;1.000147213790916;0.9999869882565352;0.9999965512899679;1.0;0.9999947545855585;1.024999976158142;
2016-04-03 02:45:00;0.999994693247938;0.9999547742063588;0.9999999999999999;0.9999970042430232;0.9999964292257569;1.0;1.0;0.9999786527173262;0.9999908403217825;1.0000667690209697;0.9999851925095863;0.9999926502379073;0.9999999999999999;1.0;0.9999556244392466;0.9999592507109807;0.999960356698345;1.0;1.000094599075557;0.9999979556204464;0.9999953814869258;0.999967262753241;0.9999600260855472;0.9999996124457348;1.0001532769904125;1.0;0.9999716670134189;1.0000179800708697;0.9999429986353624;0.9999261025492743;0.9999999999999999;0.9998889834361605;0.9999905754503098;0.9996654814126653;0.9996032164010892;0.9998937829507125;1.0;0.9999900664615022;1.0001447471173266;0.9999917549734654;0.999997406935343;1.0;0.9999958120475633;1.024999976158142;
2016-04-03 03:00:00;0.9999827982126376;0.9998341328111237;1.0;0.9999918380000312;0.9999870342490698;1.0;0.9999999999999999;0.999958798190301;0.9999706422679383;1.000058239817648;0.9999572986189926;0.9999870186165435;1.0;1.0;0.999900350309198;0.9999182316087049;0.9999212786780401;0.9999999999999999;1.0000913378239988;0.999993416078451;0.9999891238155996;0.9998956733649275;0.9999204514101148;0.9999995984139551;1.000161922860274;1.0;0.9999125609663255;1.0000156504795714;0.9999603235110008;0.999949526989737;1.0;0.9999097365358394;0.9999632326390986;0.9997413426224506;0.9996995294478896;0.9999045384161637;0.9999999999999999;0.9999908604325448;1.0001502677882415;0.9999676359768097;0.9999946877895234;1.0;0.9999898622547786;1.024999976158142;
2016-04-03 03:15:00;0.999989338505525;0.9999000792819566;0.9999999999999999;0.9999945612101927;0.9999921470643173;1.0;1.0;0.9999677970278993;0.9999815626697329;1.0000630226284677;0.9999722102027797;0.9999901204475704;1.0;1.0;0.9999269758704408;0.9999370126557248;0.9999390834396438;1.0;1.000093243696874;0.9999958730014654;0.9999926964222348;0.999934601255999;0.9999385085356582;0.9999995408174248;1.0001571966760783;1.0;0.9999446783689184;1.0000169609873168;0.9999521954023582;0.9999498623353505;1.0;0.9999067236940623;0.999978165511087;0.9997329593803365;0.9996986852039004;0.9999011855458909;0.9999999999999999;0.999991654403775;1.000147236983453;0.9999808106581912;0.9999962830472634;1.0;0.9999931376946063;1.024999976158142;
2016-04-03 03:30:00;0.9999948890714965;0.9999578653883774;1.0;0.9999973071008428;0.9999965347395119;1.0;1.0;0.9999810707533932;0.9999904786019311;1.0000653080428477;0.999985573880076;0.9999931142647762;1.0;1.0;0.9999626721520405;0.9999654362415429;0.9999662826673756;1.0;1.0000920636949016;0.9999978753374829;0.9999946072582454;0.9999673919769175;0.9999659983800493;0.9999997323220279;1.0001493829728254;1.0;0.9999715200285759;1.0000175870097654;0.9999732110331752;0.9999596588486626;0.9999999999999999;0.999915425630498;0.9999912581745282;0.9997642227544141;0.9997266654696894;0.9999060717816516;0.9999999999999999;0.9999904792909119;1.0001411948277956;0.9999923845569021;0.999996790471145;0.9999999999999999;0.9999962276781027;1.024999976158142;
2016-04-03 03:45:00;0.9999858538562425;0.9998708868982691;1.0;0.9999931428687088;0.9999902572773783;1.0;1.0;0.9999645042587828;0.9999780887716683;1.000060062983211;0.9999657070278196;0.9999883466935096;1.0;1.0;0.9999154238502991;0.9999290065998104;0.9999315127990926;1.0;1.000091255958044;0.9999950969614624;0.999990115460718;0.999917773147992;0.9999308084926025;0.9999995859929487;1.000158257244212;1.0;0.9999305124735576;1.000016161634509;0.9999349447805715;0.9999346459925572;1.0;0.9999010849641213;0.999972279321133;0.9997071953674194;0.9996646648526097;0.999901767839231;0.9999999999999999;0.9999912732606053;1.0001475382097924;0.9999755957404883;0.9999949217585471;0.9999999999999999;0.9999914891373268;1.024999976158142;
2016-04-03 04:00:00;0.9999785823138059;0.9998024261712539;1.0;0.9999902071298193;0.9999850882390129;1.0;1.0;0.999956296376894;0.9999671830592622;1.0000554763107412;0.9999502512850774;0.9999846697888193;1.0;1.0;0.9998898754941589;0.9999115804925071;0.9999150361786805;0.9999999999999999;1.000089827241168;0.9999926302863286;0.9999854764395878;0.9998771119653451;0.9999140709788509;0.9999997045716302;1.000164802120112;1.0;0.9998967489210193;1.0000148891189167;0.9999815692340448;0.999958691669522;1.0;0.999907434598807;0.9999571001792708;0.9997369060671034;0.9996908222302499;0.9999006415712134;1.0;0.999990479290912;1.0001522060831722;0.9999621929205186;0.9999926445822971;1.0;0.9999878874184187;1.024999976158142;
2016-04-03 04:15:00;0.9999940180386186;0.9999438515938478;1.0;0.9999966608205677;0.9999954125501815;0.9999999999999999;1.0;0.9999764139007349;0.9999885206786047;1.0000653781455326;0.9999828056963851;0.9999924969008895;1.0;1.0;0.9999498484553176;0.9999548684198613;0.9999561851763326;1.0;1.0000935024911815;0.9999974363241966;0.9999956543077357;0.9999611067988101;0.9999558154830406;0.9999995839295666;1.0001522250446742;1.0;0.9999668278202534;1.0000176047451614;0.9999577643078953;0.9999439298349656;1.0;0.9999013290601437;0.9999876983114058;0.9997087459783116;0.9996607161981828;0.99990144930408;1.0;0.999989685320429;1.0001435264728693;0.9999892225707513;0.9999977265785734;0.9999999999999999;0.9999954099117384;1.024999976158142;
2016-04-03 04:30:00;0.9999963150897238;0.9999670666100697;1.0;0.9999975813654698;0.9999972412501968;1.0;1.0;0.9999793301877622;0.999992522202789;1.0000670792230812;0.99998810397945;0.9999938466772591;1.0;1.0;0.9999584312068458;0.9999607563446669;0.9999617594454071;0.9999999999999999;1.0000942537324684;0.9999983329014104;0.9999970203339503;0.9999750756628556;0.9999614736071959;0.999999545211198;1.0001506848966992;1.0;0.9999783845906546;1.0000180646463073;0.9999281332155506;0.9999267110237114;1.0;0.9999063858699139;0.9999929732970209;0.9997285950809707;0.9996798291390476;0.999903140796697;1.0;0.9999908604325449;1.0001425577282057;0.9999938731606893;0.9999983705462954;0.9999999999999999;0.9999966635347067;1.024999976158142;
2016-04-03 04:45:00;0.9999965775578803;0.9999754570771645;1.0;0.9999977874888669;0.9999980868302929;1.0;1.0;0.9999813890236517;0.9999944189370479;1.0000672194093578;0.9999897862904518;0.9999939994206144;1.0;1.0;0.9999637491228073;0.9999648845710883;0.9999656846254666;1.0;1.0000937418827622;0.9999987564219331;0.999996197093876;0.9999793459074056;0.999965428104293;0.9999995963737156;1.0001497712671066;0.9999999999999999;0.9999815472142335;1.0000181024104193;0.9999682069956444;0.999947346499897;1.0;0.9998989410615451;0.9999953891920986;0.9997052009325335;0.9996534245182865;0.9998966809644588;1.0;0.9999912732606053;1.000141852105671;0.9999959997438582;0.999997705658019;1.0;0.9999970166793543;1.024999976158142;
2016-04-03 05:00:00;0.9999953845981219;0.9999643382770023;0.9999999999999999;0.9999972807078652;0.9999973818589513;1.0;1.0;0.9999803729399613;0.9999933607706116;1.0000669770997461;0.9999876782602484;0.9999938023179133;0.9999999999999999;1.0;0.9999591038406713;0.9999618456677057;0.999962851436489;1.0;1.0000943599994343;0.9999985197080599;0.9999957203854817;0.999973793178856;0.9999625458861617;0.9999996002452177;1.0001520900271155;0.9999999999999999;0.9999770415800674;1.000018036984644;0.9999229589771206;0.9999191282840283;1.0;0.9999013973338645;0.9999930457757908;0.9997126933165473;0.9996569441679831;0.9998989643046339;1.0;0.9999912732606053;1.0001437745228319;0.9999939124697365;0.9999975475985906;1.0;0.9999965439773992;1.024999976158142;
2016-04-03 05:15:00;0.9999953106197504;0.9999714311561917;1.0;0.9999973200329447;0.9999981165714056;1.0;1.0;0.9999810689026357;0.9999947110645817;1.0000676063574978;0.999988432381335;0.9999934088203873;0.9999999999999999;1.0;0.9999624365206264;0.9999637976962097;0.9999646109539243;1.0;1.0000944114443495;0.999998821792114;0.9999941649983485;0.999976115985259;0.9999643186343762;0.999999639093647;1.0001524777169941;0.9999999999999999;0.9999783320386729;1.0000182066451695;0.9999189373661765;0.9999139328405701;1.0;0.9998896822570668;0.9999953271927822;0.99966999118398;0.9996099434772105;0.9998928163006681;1.0;0.9999900664615023;1.0001442836922991;0.9999959350803701;0.999996388438126;1.0;0.9999966958352022;1.024999976158142;
2016-04-03 05:30:00;0.9999969321128871;0.9999705873684614;1.0;0.9999983198990945;0.999997226413236;1.0;1.0;0.9999859663282811;0.9999918785545628;1.0000681669155003;0.9999895235926325;0.9999936146366886;1.0;1.0;0.9999740206577091;0.9999756364861054;0.9999761874782139;1.0;1.0000953385756806;0.9999981890278873;0.9999967990939362;0.9999761387475853;0.9999760064276345;0.9999998049632063;1.0001521469162042;1.0;0.9999793249566347;1.0000183576068813;0.9999110319522748;0.9999104549499083;1.0;0.9998975488154505;0.9999933267503983;0.999695594517916;0.9996369686942206;0.9998990350596862;1.0;0.9999912732606056;1.000144189494365;0.9999942126416961;0.9999981008194598;1.0;0.9999967280515728;1.024999976158142;
2016-04-03 05:45:00;0.9999946508852502;0.9999504392859953;1.0;0.999996728777251;0.9999959404218406;1.0;1.0;0.9999744773930261;0.9999896103754132;1.0000665996214142;0.9999837592206242;0.9999925126315109;1.0;1.0;0.9999468894127997;0.9999510340977908;0.9999523871648957;1.0;1.0000946732311744;0.999997680683543;0.9999961298267798;0.9999647358452117;0.9999520108274201;0.9999994712604987;1.0001531264099364;1.0;0.9999697516899226;1.0000179340578714;0.9999462478344586;0.9999339650067786;1.0;0.9998957148056161;0.9999892718151915;0.9996923104639536;0.9996391250572456;0.9998957547771797;1.0;0.9999920672329302;1.0001444928572543;0.9999906138431934;0.9999979795057982;1.0;0.9999956260429642;1.024999976158142;
2016-04-03 06:00:00;0.999993438680164;0.9999447217227878;0.9999999999999999;0.9999961554485544;0.9999957452624282;1.0;1.0;0.9999720520914328;0.9999892875357556;1.0000654328251792;0.9999817745358974;0.9999922455814132;1.0;1.0;0.9999413193638776;0.999945874194353;0.9999473568415304;1.0;1.00009330029574;0.9999976091126414;0.9999945285516708;0.9999604657627377;0.9999469238831805;0.9999994427673821;1.0001524277319638;1.0;0.9999657660367233;1.000017620151437;0.999939648816267;0.9999369639719009;1.0;0.999907081660513;0.99998863621963;0.9997417335196727;0.9996987223041484;0.9998963000593888;1.0;0.9999892724926028;1.0001436441109193;0.9999900498075317;0.9999969766551016;1.0;0.9999954073897896;1.024999976158142;
2016-04-03 06:15:00;0.9999939286453721;0.999951208762216;1.0;0.9999969934137377;0.9999962759612464;1.0;1.0;0.9999821683653878;0.9999905622185713;1.000065726319482;0.9999847479343554;0.9999927361334833;1.0;1.0;0.9999624510488747;0.9999663733265496;0.9999673002222764;1.0;1.0000933309372735;0.9999978932290987;0.9999939768742082;0.9999647084858231;0.9999669928499335;0.9999997873319053;1.0001525577157913;1.0;0.9999693274724432;1.0000176993105117;0.9999506089245439;0.9999432027770062;1.0;0.9998977900525716;0.9999900959930188;0.9997051431376087;0.9996622533000027;0.9998932651247181;1.0;0.9999908604325448;1.0001440210716477;0.9999913294894593;0.9999964783546282;1.0;0.9999957801885826;1.024999976158142;
2016-04-03 06:30:00;0.9999962618817398;0.9999709661419948;1.0;0.9999980161899997;0.9999977207513979;0.9999999999999999;1.0;0.9999863971094146;0.9999938118875171;1.0000666081754361;0.999989932224016;0.9999943449946598;1.0;0.9999999999999999;0.9999728494740706;0.9999747579641051;0.9999753765551427;1.0;1.0000933539974086;0.9999986210027593;0.999995961374156;0.999977529388874;0.999975166343712;0.9999997965409005;1.000149860601911;1.0;0.9999802595418691;1.0000179379072;0.9999707783786069;0.9999571138057782;1.0;0.9998979875113744;0.9999942033307778;0.9997089688698957;0.9996698704103583;0.9998912524361572;0.9999999999999999;0.9999912732606053;1.0001419084999592;0.9999949458892434;0.9999975811615913;1.0;0.9999969882685281;1.024999976158142;
2016-04-03 06:45:00;0.9999959204607173;0.9999661611747988;1.0;0.9999976592151375;0.9999973507137521;1.0;0.9999999999999999;0.9999829473540349;0.999993107849079;1.0000670335113706;0.9999885691809897;0.9999933254168392;1.0;1.0;0.9999649098738479;0.9999674798396333;0.9999683370841487;1.0;1.0000943355175402;0.9999984637678052;0.9999962816745191;0.9999750391389877;0.999968076807403;0.9999996812148964;1.0001515450345742;1.0;0.9999782864828168;1.000018052395582;0.9999352516649612;0.9999369214140995;1.0;0.9998994659216015;0.9999930688844496;0.9997133730343788;0.9996741545980476;0.9998927048081196;1.0;0.999989685320429;1.0001433635738937;0.9999939419603371;0.9999978794443031;1.0;0.9999963694737323;1.024999976158142;
2016-04-03 07:00:00;0.9999955992210413;0.999953903222975;1.0;0.9999970142517228;0.9999955038946768;1.0;1.0;0.9999706436503883;0.9999867565025966;1.0000686652080597;0.9999825471537626;0.9999935865888415;1.0;1.0;0.9999445924362733;0.9999471117440948;0.9999483535437016;1.0;1.0000965716922856;0.9999970418308701;0.9999963207118582;0.9999625611401306;0.9999479978631243;0.9999994046008034;1.0001549291201457;1.0;0.9999677111156899;1.0000184891695945;0.9999606862169165;0.9999514797644574;1.0;0.9998803497959343;0.9999892386135021;0.9996394188911792;0.9996006378889638;0.9998855713701766;1.0;0.9999916544037752;1.0001464411869065;0.9999906715841645;0.9999979629931216;1.0;0.9999964996028646;1.024999976158142;
2016-04-03 07:15:00;0.9999950467330967;0.9999184805514838;1.0;0.9999968115496156;0.9999902083791746;1.0;1.0;0.9999589962005292;0.9999694697448646;1.0000709102864722;0.9999701611733278;0.9999904713225592;1.0;0.9999999999999999;0.9999317736978585;0.9999352378342677;0.9999365607716738;0.9999999999999999;1.0001002788579678;0.999993166346105;0.9999962942014115;0.9999303893598448;0.9999361916027834;0.9999994297440136;1.0001613946417047;1.0;0.9999412182481666;1.0000190793875068;0.9999729456029718;0.9999619808876152;1.0;0.999866579818532;0.9999776499329742;0.9995790552146856;0.9995458502713058;0.999885274118574;1.0;0.9999916544037752;1.0001524438826992;0.9999807208135955;0.9999980356463148;1.0;0.9999948659247291;1.024999976158142;
2016-04-03 07:30:00;0.9999947252382018;0.9999290887318019;1.0;0.9999973779226334;0.999992168063371;1.0;1.0;0.9999737250238714;0.9999764000088583;1.0000679025839039;0.9999761491960633;0.9999904583907748;1.0;1.0;0.9999561741520291;0.9999599179516234;0.9999607598358436;1.0;1.0000962540647658;0.9999947228758947;0.9999951280314221;0.9999420126913008;0.9999604924295985;0.9999998132521373;1.0001561767106701;1.0;0.9999508683218756;1.0000182792185794;0.9999627183275563;0.9999537565223989;0.9999999999999999;0.9998866539135208;0.9999815933729845;0.99965293871829;0.9996157450062656;0.9998953252734422;1.0;0.999990479290912;1.000147577284255;0.9999840756669124;0.9999972113653348;1.0;0.9999947933137238;1.024999976158142;
2016-04-03 07:45:00;0.9999949032347591;0.9999249050637123;1.0;0.9999974039817661;0.9999910928508412;1.0;1.0;0.9999694748088644;0.9999720112085454;1.00007015470351;0.9999731302207705;0.9999904641420572;0.9999999999999999;1.0;0.9999525669980031;0.9999554584185155;0.9999562392486722;1.0;1.0000988777126647;0.9999937384675415;0.9999946773686647;0.9999348647441354;0.9999559744650948;0.9999997873125421;1.0001600923702187;1.0;0.9999446669044121;1.0000188814285291;0.9999245250923302;0.9999264189742655;0.9999999999999999;0.9998820190382357;0.9999798048525697;0.9996471188989788;0.9996013985877344;0.9998853546764052;1.0;0.9999912732606053;1.0001513917354152;0.9999825928997218;0.9999968415628858;1.0;0.9999949994650823;1.024999976158142;
2016-04-03 08:00:00;0.9999946054436792;0.9999195376132393;1.0;0.9999970495900526;0.9999907406017773;1.0;1.0;0.9999664883088314;0.9999716930066869;1.0000697275870662;0.999972139914892;0.9999896355434575;1.0;0.9999999999999999;0.9999444225110967;0.9999483762298182;0.9999494473652023;1.0;1.000098917415581;0.9999936683599192;0.9999954798257582;0.9999331839080269;0.9999491301031928;0.999999662884329;1.0001602036222548;1.0;0.9999435574886257;1.0000187662120732;0.9999357403552438;0.99991749250593;1.0;0.9998720517114758;0.9999784891460076;0.9995986285897661;0.9995297749663662;0.9998883936954635;1.0;0.999990479290912;1.0001513116387137;0.9999814130771273;0.999997494716807;1.0;0.9999943712630759;1.024999976158142;
2016-04-03 08:15:00;0.9999944751196476;0.9999227080729616;1.0;0.9999967379005293;0.999991111291764;1.0;0.9999999999999999;0.9999625034507578;0.9999723725238985;1.00007023587546;0.9999717037641543;0.9999902599963105;1.0;1.0;0.9999372500443603;0.9999404976714382;0.999941692413904;1.0;1.0000992063090615;0.9999938187301517;0.9999948901841751;0.9999338959720837;0.9999413300924291;0.9999995230058827;1.0001606322080738;1.0;0.9999437482271917;1.000018901598651;0.9999459986298345;0.9999195200477283;1.0;0.9998673643914484;0.9999796517767554;0.9995820269914573;0.9995074646727294;0.9998856000472229;0.9999999999999999;0.9999904792909119;1.0001517161975626;0.999982443092066;0.9999970735356436;1.0;0.9999948221186776;1.024999976158142;
2016-04-03 08:30:00;0.9999893615426096;0.9998687375299822;1.0;0.9999946912318339;0.9999871334717122;1.0;1.0;0.9999583784158977;0.9999649293379855;1.0000696957705975;0.9999611756267559;0.9999871582775918;1.0;1.0;0.9999189998894578;0.9999295990317322;0.9999316255435601;1.0;1.0001028527076457;0.9999921445939766;0.9999931693704363;0.9999052875908708;0.9999310743090861;0.9999996120430006;1.000172266480062;1.0;0.9999206869859806;1.0000187442045392;0.9998827364221299;0.9998640608757783;0.9999999999999999;0.9998010271101647;0.9999673587771962;0.9993278737699202;0.9992246561120599;0.9998591792432767;1.0;0.9999908604325449;1.0001615452585597;0.9999715500980874;0.9999966350679357;0.9999999999999999;0.9999916645402533;1.024999976158142;
2016-04-03 08:45:00;0.9999775185480498;0.999753192097354;1.0;0.9999897546053987;0.999978093851372;0.9999999999999999;1.0;0.999941650642793;0.9999451205229468;1.000063815218779;0.9999342866959101;0.9999815414278317;1.0;1.0;0.9998718649034399;0.9998957550826137;0.9998994403377527;1.0;1.000102815039095;0.9999876544988127;0.9999859023566179;0.9998353866621857;0.9998984422822794;0.999999725543641;1.0001864263636602;1.0;0.9998626911324685;1.0000170804174313;0.9998725033440741;0.9998144200018013;1.0;0.9997969064178988;0.9999412815024826;0.9993097376102364;0.9991399283951516;0.9998591387100692;0.9999999999999999;0.9999912732606052;1.0001724261675542;0.9999485626646516;0.9999931412535087;1.0;0.9999859515091881;1.024999976158142;
2016-04-03 09:00:00;0.9999875154389138;0.9998525133104746;0.9999999999999999;0.9999939533203955;0.9999856482524406;1.0;1.0;0.9999542917639024;0.9999606083497017;1.000068809994429;0.9999559340284616;0.9999865539336369;0.9999999999999999;1.0;0.9999120420307721;0.9999235348509093;0.9999256763724043;0.9999999999999999;1.0001021802769277;0.9999911727069926;0.9999908482152534;0.9998921717267519;0.9999250636412936;0.9999996462142134;1.0001735692402915;1.0;0.9999092867353049;1.0000184966870749;0.9998909314983586;0.9998475538891345;1.0;0.9998128441923516;0.9999637642954047;0.9993771352439433;0.9992415020992746;0.9998611739251018;1.0;0.9999912732606053;1.000162503483361;0.9999684322269236;0.9999951935298647;1.0;0.9999911779477094;1.024999976158142;
2016-04-03 09:15:00;0.9999929011760056;0.9998547469598497;1.0;0.9999962194712663;0.9999807905025134;1.0;1.0;0.9999391888379057;0.9999377848882579;1.0000757463872114;0.9999464639999741;0.9999903907024038;1.0;1.0;0.9999139298713232;0.9999179503972039;0.9999191303391263;1.0;1.0001074444576634;0.9999860403494794;0.9999929010797136;0.9998686081861556;0.9999187473163479;0.9999996305257006;1.0001757672310267;1.0;0.9998893142200612;1.0000203284110478;0.9999062504868561;0.9998682593498236;1.0;0.9998351927202289;0.9999576326873502;0.9994584374333437;0.999340651105352;0.9998730162742987;1.0;0.9999900664615025;1.000165878974902;0.9999635912490901;0.9999958369193754;1.0;0.9999946965954493;1.024999976158142;
2016-04-03 09:30:00;0.9999926597507899;0.9998620654347894;1.0;0.9999963587020946;0.999982085115493;1.0;0.9999999999999999;0.9999454103808024;0.9999421925702155;1.0000755550665286;0.9999497374733926;0.9999903417667355;1.0;1.0;0.9999234104391602;0.9999274217454853;0.9999284301923943;1.0;1.0001071587646535;0.9999870286661912;0.9999921718816757;0.9998758515369386;0.9999280774324633;0.9999997626070825;1.000175852421196;1.0;0.9998952083030413;1.0000202827595484;0.9998945699365511;0.9998630163649694;1.0;0.9998272062366219;0.9999603534489905;0.9994292737555015;0.9993136795211095;0.9998688470055664;1.0;0.999991654403775;1.0001659912834078;0.9999659152512868;0.9999953281996355;1.0;0.9999946766891793;1.024999976158142;
2016-04-03 09:45:00;0.9999930491828735;0.9998696183270366;1.0;0.9999962050042442;0.9999832850248597;1.0;1.0;0.9999445362387057;0.9999464915685787;1.00007673006444;0.9999524615056103;0.9999904621358812;1.0;1.0;0.9999178207206944;0.9999220800492974;0.999923345438481;0.9999999999999999;1.0001089043216276;0.999988000978447;0.9999934422560252;0.9998842724600514;0.9999229505856095;0.9999995818881217;1.000177693978499;1.0;0.9999024329990603;1.0000206102367906;0.9999140241909187;0.9998740861892673;1.0;0.9997912797363648;0.9999627272517867;0.9992945165780107;0.9991797008720459;0.9998525958674013;1.0;0.9999908604325449;1.0001676958155052;0.9999679305737166;0.9999962211182136;1.0;0.9999946718560802;1.024999976158142;
2016-04-03 10:00:00;0.9999914172538771;0.9998472750027977;1.0;0.999995441132528;0.9999809585669768;1.0;1.0;0.9999382037942929;0.9999399636888696;1.0000760516123015;0.999945877850096;0.9999897289455717;1.0;1.0;0.9999062366500705;0.9999121784043022;0.999913719019091;1.0;1.000109001059399;0.9999865312673096;0.9999924069938007;0.9998677853048518;0.9999132495528342;0.9999995526938401;1.0001797431534907;0.9999999999999999;0.999888690456481;1.0000204130777983;0.9998988033417533;0.9998695368303011;1.0;0.9997913237869279;0.9999569441216195;0.9992897424224882;0.9991810998766785;0.9998559691240242;1.0;0.9999900664615023;1.0001692832432627;0.999962901233898;0.999995712910701;0.9999999999999999;0.9999939386626842;1.024999976158142;
2016-04-03 10:15:00;0.9999861580468064;0.9998447413205059;1.0;0.9999933544082056;0.9999852623229628;1.0;1.0;0.999952443620545;0.9999599433504293;1.0000709350581032;0.9999537691151751;0.9999869156318352;1.0;1.0;0.9999071308709013;0.9999194161840984;0.9999216957794997;1.0;1.0001056174380842;0.9999910164044077;0.9999893484759254;0.9998870685388963;0.9999210290260058;0.9999996415009754;1.0001806022793616;1.0;0.9999047277582166;1.0000190598908987;0.9998855204995795;0.9998605011905598;1.0;0.9997543612820481;0.9999625366842952;0.9991528791297787;0.9990427703440139;0.9998380275724433;1.0;0.9999912732606053;1.0001689613490596;0.9999673402062266;0.9999942900781901;1.0;0.9999911521531156;1.024999976158142;
2016-04-03 10:30:00;0.9999824268323966;0.9998099906856566;1.0;0.999991923853756;0.9999824104520372;0.9999999999999999;1.0;0.9999479705990139;0.9999530766905688;1.0000705783270627;0.9999450782959273;0.9999851433656612;1.0;1.0;0.9998959315978286;0.9999116783746617;0.999914308662502;1.0;1.0001072564609428;0.9999894581224573;0.9999862131164283;0.99986415933773;0.9999135255421101;0.9999997477147836;1.0001878559483455;1.0;0.9998854274367169;1.0000189345953057;0.9998845946853946;0.999840977743703;1.0;0.9997339605609676;0.9999547080596917;0.9990734637729463;0.9989349493985725;0.9998307702739551;1.0;0.9999912732606052;1.0001751420698852;0.9999604667748527;0.9999925507213216;1.0;0.999989524433447;1.024999976158142;
2016-04-03 10:45:00;0.9999812296910722;0.9998017905357329;1.0;0.9999914088685987;0.9999826323466843;1.0;0.9999999999999999;0.9999507860226936;0.9999562451797565;1.0000714617981312;0.9999460533525683;0.999983782817864;1.0;1.0;0.9998932341787163;0.9999118692290386;0.9999148516476751;1.0;1.00011016058599;0.9999901739821538;0.9999869545106645;0.9998659301553344;0.9999140108683622;0.9999997437651086;1.0001935492262344;1.0;0.9998875277968962;1.000019184919127;0.9998438334896207;0.9997753995864489;0.9999999999999999;0.9996778598597413;0.9999536126864759;0.9988638952220699;0.9986625813003424;0.9998048314866717;1.0;0.999990860432545;1.0001801575702942;0.9999593775184923;0.9999933135251531;1.0;0.9999882197091172;1.024999976158142;
2016-04-03 11:00:00;0.9999795974499893;0.9997906804259001;0.9999999999999999;0.9999902900470138;0.9999821418634107;1.0;1.0;0.999943631007742;0.9999558739528462;1.0000698955109013;0.9999428975904159;0.9999835054764346;0.9999999999999999;1.0;0.9998755109352759;0.9998957334089542;0.999899249833838;0.9999999999999999;1.000108960471369;0.9999900868349036;0.9999862470834495;0.9998602342624139;0.999898274250676;0.9999995173801838;1.0001932229215955;0.9999999999999999;0.999882633434313;1.000018753805238;0.9998020372553759;0.9997606388597935;1.0;0.99971112785512;0.9999517309208904;0.9989871119294774;0.9987986248605734;0.9998209142290264;1.0;0.9999912732606052;1.0001794153958465;0.9999576852215697;0.999993053469498;1.0;0.9999877151673477;1.024999976158142;
2016-04-03 11:15:00;0.9999840325982386;0.9998329952992712;0.9999999999999999;0.999992193883728;0.9999852790848309;1.0;1.0;0.9999498844230268;0.9999622609633386;1.0000748502815182;0.9999523584461669;0.9999858335332166;1.0;1.0;0.9998944550263015;0.999909457147566;0.9999122785450577;1.0;1.0001126621178154;0.9999915310046767;0.999988681344318;0.9998846391665688;0.9999114828896531;0.9999995077445257;1.000193787443148;0.9999999999999999;0.9999027986985387;1.0000201102199482;0.9998392068807623;0.9997896650387904;1.0;0.9996589491961984;0.9999611124076059;0.998803040957291;0.9986281226405626;0.9997894304518224;1.0;0.9999908604325449;1.0001809546020644;0.9999659779300301;0.9999941448880426;1.0;0.9999900142045355;1.024999976158142;
2016-04-03 11:30:00;0.9999842716950608;0.999822635487868;0.9999999999999999;0.9999927708809753;0.99998356940688;1.0;1.0;0.9999536195601678;0.9999568486368524;1.0000734126936317;0.9999501924112335;0.999985656580988;0.9999999999999999;1.0;0.999905074467459;0.9999205950933457;0.9999231059598055;1.0;1.0001109796068366;0.9999903194387358;0.999989013070706;0.9998760863530751;0.999922396881942;0.9999997688417248;1.0001912789853447;1.0;0.999896117206785;1.0000197227014895;0.9998178416268316;0.9997668375157658;1.0;0.9996840609889829;0.9999572471083875;0.9988880500938877;0.9986960812185474;0.9998070035963432;1.0;0.9999916544037751;1.0001786503348624;0.9999626492408834;0.9999943546215695;1.0;0.9999898104355248;1.024999976158142;
2016-04-03 11:45:00;0.999992616295641;0.9998975337545029;1.0;0.9999963320773815;0.9999879254247565;1.0;0.9999999999999999;0.9999584250375338;0.999961802434074;1.000083645699683;0.9999628795263575;0.9999908767006126;1.0;1.0;0.9999361195378756;0.999939742481818;0.999940741875713;1.0;1.0001180196934611;0.9999914466147138;0.999991639900117;0.9999100224309655;0.9999403772041141;0.9999997444748315;1.0001927314350116;1.0;0.999923249219775;1.000022503204547;0.999692827675851;0.9996753943581126;0.9999999999999999;0.9996680853655924;0.9999727771726813;0.9988242136379659;0.9986024214577802;0.9998024311205201;1.0;0.9999908604325449;1.0001821021838115;0.9999765507742936;0.9999949350725451;1.0;0.9999950112247902;1.024999976158142;
2016-04-03 12:00:00;0.9999931610819905;0.9999414253071618;1.0;0.9999967452034821;0.9999948945364353;1.0;1.0;0.999978333612342;0.9999855137158381;1.0000805646032205;0.9999803074013321;0.9999906083064859;1.0;1.0;0.9999592746116296;0.999962795950779;0.9999636458510096;1.0;1.0001136409142728;0.9999967628989804;0.9999921905049652;0.9999535525778322;0.9999633254194488;0.999999833852255;1.0001853502592217;1.0;0.9999595295149829;1.0000216935270219;0.9997620987194756;0.9997202500737488;1.0;0.9996506313035259;0.9999874205112957;0.9987682174264292;0.9985550595449936;0.9997881248041863;1.0;0.9999908604325451;1.0001751946437685;0.9999890653317383;0.9999952597621108;1.0;0.9999949142004685;1.024999976158142;
2016-04-03 12:15:00;0.9999936483490562;0.9999199995747823;1.0;0.9999964272671649;0.9999913134018248;1.0;1.0;0.999963526017625;0.9999736714458964;1.000083713787204;0.9999716795143022;0.9999905842097666;1.0;0.9999999999999999;0.9999368406594329;0.9999408199317407;0.9999420869728438;1.0;1.0001182936414603;0.9999941099363666;0.99999413661488;0.9999337170278342;0.9999416985547617;0.9999995475777269;1.0001914233896634;1.0;0.9999435004495075;1.0000225337517852;0.9997575928004087;0.9997007676648735;1.0;0.9996213666851343;0.9999796779318592;0.9986478859850451;0.9984099065003313;0.9997820822902668;1.0;0.999990479290912;1.0001808638008907;0.9999824267498436;0.9999966441730381;1.0;0.9999947939304795;1.024999976158142;
2016-04-03 12:30:00;0.9999930127151738;0.9999088308089389;1.0;0.9999961208988887;0.9999898939993922;0.9999999999999999;1.0;0.9999592235024886;0.9999691248010268;1.0000822780377507;0.9999676622580821;0.9999904289346595;1.0;1.0;0.9999307160685464;0.999935051640122;0.9999364021984155;1.0;1.0001165295258654;0.9999930896491707;0.9999934537278539;0.999923776591292;0.9999359842013625;0.9999995313916235;1.0001894166461212;1.0;0.9999351021972165;1.000022142462758;0.9997785012516913;0.9997213707888808;1.0;0.9996397108169761;0.9999765160493412;0.9987182070803192;0.9984925601218136;0.9997893243295006;1.0;0.9999912732606053;1.00017884175094;0.9999797064976289;0.9999962372873084;1.0;0.9999946386547186;1.024999976158142;
2016-04-03 12:45:00;0.9999944767500394;0.9999293253192242;1.0;0.9999969598803762;0.9999921104648951;1.0;1.0;0.9999677147520336;0.9999755834256666;1.000082664885186;0.9999743870231761;0.9999908287435106;1.0;1.0;0.9999459977138533;0.9999490131417287;0.9999500217324587;1.0;1.0001162596855915;0.9999945401961161;0.999994384139049;0.9999397190392286;0.9999496955662961;0.9999996428634695;1.0001874639794635;1.0;0.999948487390291;1.0000222549079905;0.9998015609237092;0.9997264057513393;1.0;0.9996247853534275;0.9999818638980474;0.99867023007602;0.9984327546030323;0.9997771448057865;1.0;0.9999912732606052;1.0001773207083169;0.9999843458054304;0.9999966914739419;1.0;0.9999951346384424;1.024999976158142;
2016-04-03 13:00:00;0.9999956156953517;0.9999058237005646;0.9999999999999999;0.9999978010906945;0.999987203892082;1.0;1.0;0.9999610494009287;0.9999578726505746;1.0000847034789362;0.999964487716809;0.9999914557048062;1.0;0.9999999999999999;0.999948089970308;0.9999499570670543;0.999950526464691;1.0;1.0001184451956542;0.9999905656814082;0.9999948234050989;0.9999122418452382;0.9999503114633007;0.9999998430776098;1.0001899465467694;1.0;0.9999258770195601;1.0000227868129161;0.9997989855213688;0.9997438493868606;0.9999999999999999;0.9996486373860705;0.9999722171247372;0.9987515274601231;0.9985419481253394;0.9997934707263356;0.9999999999999999;0.999990860432545;1.0001799904778743;0.999976165487034;0.9999968298625893;1.0;0.9999956922453209;1.024999976158142;
2016-04-03 13:15:00;0.9999938570791117;0.9998670123134665;1.0;0.9999964656964182;0.9999820149868103;1.0;1.0;0.99993945774889;0.9999410312472475;1.000087710395005;0.9999493856340747;0.9999907387102985;1.0;0.9999999999999999;0.9999143462614415;0.9999172533214596;0.9999184113211645;1.0;1.0001233117243369;0.9999867756074636;0.999993628673422;0.9998770448956057;0.999918038035768;0.9999995366185053;1.0001991978268903;1.0;0.9998962654627794;1.0000235638930273;0.999787157278747;0.9997158893632796;1.0;0.999618839074538;0.999960792376675;0.998639501281755;0.9983987197302041;0.9997801874826682;1.0;0.9999912732606053;1.0001883562386533;0.999966350398179;0.9999962229775585;1.0;0.9999951198025985;1.024999976158142;
2016-04-03 13:30:00;0.999994916246119;0.9999196591626723;1.0;0.9999972523910095;0.9999900817878401;1.0;1.0;0.9999641721326598;0.9999681838368316;1.0000832492268077;0.9999700770465276;0.9999911230264468;1.0;1.0;0.999945491349188;0.9999479437402905;0.9999487946372759;1.0;1.000116750812861;0.9999928809087549;0.999994476547443;0.9999281009817765;0.9999485062739087;0.9999997024551475;1.0001878533815123;1.0;0.9999388631600953;1.0000224060785718;0.9997985775987578;0.9997402526657096;1.0;0.9996426915691935;0.9999779223398744;0.9987282943157124;0.9985137510637554;0.9997914087677084;1.0;0.9999916544037752;1.0001778143337026;0.9999810085182058;0.9999966858688938;1.0;0.9999954021065233;1.024999976158142;
2016-04-03 13:45:00;0.9999943874162854;0.9999332518559384;1.0;0.9999967250450463;0.9999927758188069;1.0;1.0;0.9999662545363832;0.9999777589199446;1.0000819830391674;0.9999752905829705;0.999990718086959;0.9999999999999999;1.0;0.9999416272307065;0.9999445251228615;0.9999456700883672;1.0;1.0001152491914762;0.9999950253965549;0.9999943613469996;0.9999432098986273;0.9999453088227197;0.9999995352722093;1.0001858177167198;1.0;0.9999512637848157;1.0000220701783924;0.9997864537745262;0.9997349804989201;1.0;0.9996525896215889;0.9999833264089939;0.9987640799514976;0.998551729839943;0.9997967976583899;1.0;0.999990479290912;1.000175711684239;0.9999856005640734;0.9999966896923813;0.9999999999999999;0.9999951126902134;1.024999976158142;
2016-04-03 14:00:00;0.9999956070557419;0.9999453430342542;1.0;0.9999975323971816;0.9999938958389101;1.0;1.0;0.9999736717529698;0.9999809537860753;1.0000825987481339;0.9999797223225008;0.9999915741966353;1.0;1.0;0.9999559902966233;0.9999581342307039;0.9999589458601247;1.0;1.000115644471823;0.9999957421209549;0.9999953463121559;0.9999526995038516;0.9999586793162027;0.9999996888860021;1.0001852380570782;1.0;0.9999594456913741;1.000022239616219;0.9998128167980628;0.9997462418411495;1.0;0.9996315084380694;0.9999860775909082;0.9986934641888982;0.9984760825768394;0.9997815383174682;1.0;0.9999908604325449;1.0001754306733552;0.999987990947775;0.9999972277502522;1.0;0.9999956796941335;1.024999976158142;
2016-04-03 14:15:00;0.9999944601753179;0.9999370446383564;1.0;0.9999970762453771;0.9999930868673826;1.0;1.0;0.9999705890543854;0.9999781824643429;1.0000841733981727;0.9999762889006338;0.9999912249723504;1.0;0.9999999999999999;0.9999517963943384;0.9999539338161857;0.9999547590387678;0.9999999999999999;1.0001178240232653;0.9999951221948026;0.999993348042172;0.9999444027672848;0.9999544556204878;0.9999997101977005;1.0001901405351576;0.9999999999999999;0.9999519869667475;1.0000226623596666;0.9997915182325253;0.9997103651231741;1.0;0.999601124716273;0.9999843816204084;0.9985765664596672;0.9983242458850705;0.9997698046783552;1.0;0.9999904792909119;1.0001799774894506;0.9999865433090586;0.9999959132252167;1.0;0.9999955234049227;1.024999976158142;
2016-04-03 14:30:00;0.999994357276274;0.9999402229207405;1.0;0.9999968871241208;0.9999937526246034;1.0;1.0;0.9999702021186611;0.9999806226303493;1.000080061031512;0.9999774867166548;0.9999909951765652;1.0;0.9999999999999999;0.9999487949875977;0.9999511136015303;0.9999520723685136;1.0;1.00011223550095;0.9999956683387908;0.9999935224919876;0.9999482334992738;0.9999517396471365;0.9999996299337063;1.0001813789528062;1.0;0.9999551704492811;1.0000215558472283;0.9998298961727443;0.9997552210608917;1.0;0.9996614414656475;0.999985679015794;0.9988086657807226;0.9985890747131633;0.9997930579278895;1.0;0.999990860432545;1.0001715808237541;0.9999876417477336;0.9999960634739056;1.0;0.9999953762699887;1.024999976158142;
2016-04-03 14:45:00;0.999994186317769;0.999928196023629;0.9999999999999999;0.9999969641508727;0.9999920575114783;1.0;1.0;0.9999690972525181;0.9999754305755068;1.0000783679827085;0.999974188556217;0.9999902631783929;1.0;1.0;0.9999489322257067;0.9999519699267386;0.9999528923984177;1.0;1.0001103301356513;0.9999945037548232;0.9999937582144943;0.9999386615192604;0.9999525775949822;0.9999997147098382;1.0001787178006458;0.9999999999999999;0.9999474924448538;1.000021095389046;0.9998264129830331;0.9997592940041312;1.0;0.9997126092028426;0.9999817461051492;0.9989961965285208;0.9987843202587463;0.9998191755319811;0.9999999999999999;0.9999912732606052;1.0001689924254917;0.999984243294092;0.9999962686075177;1.0;0.9999948736982218;1.024999976158142;
2016-04-03 15:00:00;0.999994177898595;0.9999227198198603;1.0;0.9999969310603131;0.9999914486292661;0.9999999999999999;1.0;0.9999684245232492;0.9999740769773412;1.0000781036773247;0.9999733522208741;0.999990345316838;1.0;1.0;0.9999466824816304;0.9999506046974546;0.9999516426984071;0.9999999999999999;1.0001104884987733;0.9999942015110519;0.9999946390406095;0.9999362191588559;0.999951319325011;0.9999996985136539;1.0001788573055006;1.0;0.9999458462274263;1.0000210244454202;0.9998446927037657;0.9997654940268886;1.0;0.9997042621686918;0.9999799919889469;0.9989605220458054;0.9987424225511203;0.9998183723899428;1.0;0.9999908604325449;1.000169032527489;0.9999826980554075;0.9999969329759413;1.0;0.9999946995913147;1.024999976158142;
2016-04-03 15:15:00;0.9999950248581213;0.9999305798773273;1.0;0.9999970085983854;0.999991960998946;1.0;0.9999999999999999;0.999965061020265;0.9999748151236898;1.0000811563963101;0.9999741557906265;0.9999910799972346;1.0;0.9999999999999999;0.9999416966197908;0.9999444258832321;0.9999455237071737;1.0;1.0001140017416095;0.9999943696149585;0.9999952675760481;0.9999399600614365;0.9999451881515635;0.9999995398583559;1.000183088347345;0.9999999999999999;0.9999488186358696;1.0000218486485846;0.9998106944457451;0.9997449848472665;1.0;0.9996664231584056;0.99998170212457;0.9988206070081314;0.9986020013266191;0.9997998967979852;1.0;0.9999920672329303;1.0001732032001094;0.9999842233205124;0.9999972647760532;1.0;0.9999953165361576;1.024999976158142;
2016-04-03 15:30:00;0.9999941543446219;0.9999051232790557;1.0;0.9999967949925154;0.9999881406541353;1.0;1.0;0.9999569387148176;0.9999617678206717;1.0000816890838653;0.9999643546444623;0.9999907022285172;1.0;0.9999999999999999;0.9999349953397184;0.9999376957550522;0.9999386929703119;1.0;1.000114760241961;0.9999914403333325;0.999993601136494;0.9999144329452672;0.9999383556144792;0.9999996344173248;1.0001855834571645;0.9999999999999999;0.9999272591240257;1.0000219774895776;0.999825904445284;0.9997437689881915;1.0;0.9996809786077673;0.9999737253461034;0.9988787727536664;0.9986447949432715;0.9998040584212007;1.0;0.999990479290912;1.0001755149248688;0.9999774099351619;0.9999961542252247;1.0;0.9999951526773385;1.024999976158142;
2016-04-03 15:45:00;0.9999934450038491;0.9998732692092618;0.9999999999999999;0.9999962454964711;0.9999832774368643;1.0;0.9999999999999999;0.9999412700544155;0.9999453537692482;1.0000844140398042;0.9999516513279648;0.9999908662242613;1.0;0.9999999999999999;0.9999147639641038;0.9999176932885175;0.9999189053309654;1.0;1.000118742496124;0.9999877499608074;0.9999929813426301;0.9998833736355259;0.9999185073115261;0.9999995100301351;1.0001925260093625;1.0;0.9999012868474463;1.000022683447023;0.999832381830371;0.9997487310702982;1.0;0.9996548626093477;0.9999634211160862;0.9987785116135907;0.9985471643624735;0.9997938087102818;1.0;0.9999912732606052;1.0001819537022132;0.999968595176944;0.9999958053041245;1.0;0.9999951721193545;1.024999976158142;
2016-04-03 16:00:00;0.9999951499369419;0.9999210934799853;1.0;0.9999975639257007;0.9999900820163302;1.0;1.0;0.9999670983567882;0.9999679388943005;1.0000814515460243;0.9999706826536185;0.9999909378498703;1.0;1.0;0.999952292348692;0.9999544520989484;0.99995510667651;1.0;1.0001140847953747;0.9999928269123272;0.9999943267777384;0.9999285234964231;0.9999548630541241;0.9999998177951785;1.0001836296638784;1.0;0.9999392282848681;1.0000219232210505;0.9998108208054923;0.9997416864108213;1.0;0.9996761378884975;0.999978080620901;0.9988573198562434;0.9986333469999547;0.9998041120043458;1.0;0.9999908604325448;1.0001738972664767;0.9999811593426041;0.9999965356051831;1.0;0.9999953882997404;1.024999976158142;
2016-04-03 16:15:00;0.9999815498016875;0.9998031959498335;1.0;0.999991587784713;0.9999821720628268;1.0;1.0;0.9999486713062654;0.9999534138413053;1.0000714040301493;0.9999444437776069;0.9999872163306762;1.0;1.0;0.9998941958819059;0.9999113329645735;0.9999141116723507;1.0;1.000109213523419;0.9999895350223625;0.9999860104436913;0.999862131109299;0.9999132970626848;0.999999769242232;1.0001918894149648;1.0;0.9998839097516034;1.0000191612860607;0.9998261587712173;0.9997474911593416;1.0;0.9997016185117489;0.9999534603612308;0.9989543751687545;0.9987251269390104;0.9998145947809575;1.0;0.9999916544037754;1.0001787626644703;0.99995932674469;0.9999925493233068;1.0;0.9999901293261427;1.024999976158142;
2016-04-03 16:30:00;0.9999909866346401;0.9998756778507976;1.0;0.9999950185362507;0.9999859519710105;1.0;1.0;0.9999460165317948;0.9999570530949622;1.0000798951486387;0.9999563639341924;0.9999905148517648;0.9999999999999999;1.0;0.9999092945421235;0.9999152874053869;0.9999170462941003;1.0;1.0001142735450972;0.99999037385943;0.9999919521558517;0.9998963307744904;0.9999165131075656;0.9999994127153098;1.0001881523535943;1.0;0.9999120654982886;1.000021478312363;0.9998202529821155;0.9997491428048357;1.0;0.9996888872813329;0.9999673741757332;0.9989069966202189;0.9986857534414665;0.9998085970691274;1.0;0.9999912732606053;1.0001771947916671;0.9999718080377031;0.9999954439267937;0.9999999999999999;0.9999942816736973;1.024999976158142;
2016-04-03 16:45:00;0.9999910454219527;0.9998312391392544;1.0;0.9999949734587599;0.9999782403332417;1.0;1.0;0.9999262085003813;0.9999301751544395;1.0000833255685107;0.9999380091258661;0.9999880960465053;1.0;1.0;0.9998902620809441;0.9998956157172638;0.9998973199276375;1.0;1.000118811589775;0.9999843164917023;0.9999916568185994;0.9998496487431494;0.999896795312213;0.9999993949801242;1.0001954087928682;1.0;0.9998732441991607;1.0000223387806926;0.9998351614266697;0.9997560710976703;1.0;0.9996958254945039;0.9999515766776387;0.9989290919902053;0.9987052532344161;0.9998144230323228;1.0;0.9999916544037751;1.0001841187551728;0.999958346393858;0.9999952073101718;1.0;0.9999933410612623;1.024999976158142;
2016-04-03 17:00:00;0.9999932879929476;0.9999216948464489;1.0;0.999996716700792;0.9999917113173071;1.0;0.9999999999999999;0.999970332749512;0.9999750316903203;1.000077368657265;0.9999731980597393;0.9999893434587841;1.0;1.0;0.9999497720652053;0.9999537644709466;0.9999547150610718;0.9999999999999999;1.000109515867542;0.9999944133504489;0.9999929892736344;0.9999354091470378;0.999954386528406;0.9999997915965761;1.0001786359001954;1.0;0.9999447747265859;1.000020825263294;0.9998368055880777;0.9997655402901909;1.0;0.9997189963974831;0.9999805085860487;0.9990196457321108;0.9988081540803679;0.9998224214572206;1.0;0.999992448376171;1.0001687542805955;0.9999831349884316;0.9999958399932707;1.0;0.9999942300140654;1.024999976158142;
2016-04-03 17:15:00;0.9999919165515617;0.9998999104531939;1.0;0.9999959319913679;0.9999894940301484;1.0;1.0;0.9999630715307428;0.99996914763679;1.0000768076039797;0.9999671119646726;0.9999920659733652;1.0;1.0;0.9999350684300292;0.9999410772094847;0.9999424339992046;1.0;1.0001099440500296;0.9999930963826159;0.999992862075716;0.9999206373991978;0.9999420148970332;0.9999996862224938;1.0001806517428662;0.9999999999999999;0.9999326982798268;1.0000206709025987;0.9998408835875362;0.9997542150371398;1.0;0.9997024868030954;0.9999747703920425;0.9989576883590496;0.9987258291780199;0.9998149579762463;1.0;0.9999920672329303;1.0001702833911148;0.9999781268963449;0.9999959738645319;0.9999999999999999;0.9999949789829589;1.024999976158142;
2016-04-03 17:30:00;0.9999935059197581;0.9998694810740637;1.0;0.9999968048210167;0.9999830725244144;1.0;1.0;0.9999508438828744;0.9999459822470046;1.000081304690758;0.9999537697139199;0.99999262905826;1.0;1.0;0.999930602351179;0.9999351162863138;0.9999360880128066;1.0;1.0001153875567799;0.9999878830752736;0.9999939794423569;0.9998850014226233;0.9999357771226217;0.9999998047696957;1.0001876074838356;1.0;0.999903431592848;1.0000218423778533;0.9998123425175997;0.9997436497837373;1.0;0.9997214187273019;0.9999621486576892;0.9990259637729029;0.9988022955159388;0.9998253783146975;1.0;0.9999920672329303;1.0001772445205164;0.9999674222079302;0.9999965465206595;0.9999999999999999;0.9999955904672663;1.024999976158142;
2016-04-03 17:45:00;0.9999923419598629;0.9998590948477174;1.0;0.9999958117247326;0.9999821174392667;1.0;0.9999999999999999;0.9999406038487973;0.999943090607405;1.0000821240718005;0.9999490971909342;0.9999925777988824;1.0;0.9999999999999999;0.999910897786532;0.9999158441345823;0.9999172635947841;1.0;1.0001168154927154;0.9999872299624558;0.9999930466140557;0.999876134506287;0.9999168287712663;0.9999995378345694;1.0001908335261038;0.9999999999999999;0.9998956436441426;1.0000220494699086;0.999823963849868;0.9997266187697949;0.9999999999999999;0.9997133269527162;0.9999599145012215;0.9990126472921661;0.9987534381423913;0.9998101360436882;1.0;0.9999916544037751;1.0001800271538128;0.9999654907694059;0.9999960395048436;1.0;0.9999954640097988;1.024999976158142;
2016-04-03 18:00:00;0.9999912290546246;0.9998957962587423;1.0;0.9999953422181374;0.9999889142427899;1.0;1.0;0.99995548528436;0.9999665434325061;1.0000790383390472;0.9999635647749632;0.9999923563277633;1.0;0.9999999999999999;0.9999230861642647;0.9999283474735932;0.9999298668534965;0.9999999999999999;1.0001126087612777;0.9999925090800598;0.9999913455536928;0.999913920077708;0.9999293775107454;0.9999995274500088;1.0001854865131332;1.0;0.9999264355109773;1.0000212643157291;0.999814189340543;0.9997395848480485;1.0;0.9996875871508928;0.9999739644931572;0.9989008137704516;0.9986703619449294;0.9998088980867667;1.0;0.9999908604325449;1.0001748114121298;0.9999774776209239;0.9999949464563005;1.0;0.9999952887064709;1.024999976158142;
2016-04-03 18:15:00;0.9999917363516546;0.9999017198233844;1.0;0.9999958745427403;0.9999894979833309;1.0;1.0;0.9999615332544778;0.9999682252171606;1.0000795392246797;0.9999660693804672;0.9999929251295179;1.0;1.0;0.9999350310230706;0.9999399073046609;0.9999411354024126;1.0;1.0001130614440557;0.999992887473187;0.9999914393513466;0.9999185452261297;0.9999407176948282;0.9999996985524005;1.000185886477358;1.0;0.9999303870860348;1.0000214036469726;0.9997894483528033;0.9997182481674523;1.0;0.9996774909137632;0.9999753929251329;0.9988673488835893;0.9986262455413336;0.9998013309964371;1.0;0.9999928612064207;1.0001753568999885;0.9999787185447094;0.9999949322156617;1.0;0.9999956377570852;1.024999976158142;
2016-04-03 18:30:00;0.9999863890830333;0.9998605858057857;1.0;0.9999936847986132;0.9999873226251729;1.0;0.9999999999999999;0.9999589177377861;0.9999658399488557;1.0000741737623287;0.9999583779906648;0.9999898818176007;1.0;1.0;0.9999187811031315;0.9999297208013344;0.9999316919785698;1.0;1.0001092501296054;0.9999923492273184;0.9999881093907839;0.9998982904753665;0.9999310719390525;0.9999997622284347;1.0001862568362623;1.0;0.9999135489177092;1.0000199517048005;0.9998349445263612;0.9997602602686707;1.0;0.9996813097592896;0.9999675654858899;0.9988929709556221;0.998676249789558;0.9997953910940837;1.0;0.9999916544037751;1.0001745590133253;0.9999717092221105;0.9999933204722349;1.0;0.9999928141890521;1.024999976158142;
2016-04-03 18:45:00;0.9999900514464426;0.9998799742548868;1.0;0.9999949419595596;0.9999875705972681;1.0;1.0;0.9999550875279899;0.9999637047712949;1.0000773206731717;0.9999605889421942;0.9999916578196717;0.9999999999999999;1.0;0.999920029553086;0.9999273774995757;0.9999290758199808;1.0;1.0001114767675323;0.9999918720231417;0.9999912442460515;0.9999053258230232;0.9999285536152581;0.9999995870148493;1.000185120278863;1.0;0.9999196431721317;1.0000207987005638;0.9998446727497441;0.9997696952765701;1.0;0.9996822786568133;0.9999700236257609;0.9988818456778878;0.9986707837434936;0.9998058480586255;1.0;0.999993242349732;1.0001741551704317;0.9999740002750351;0.9999950680623015;1.0;0.9999944746709534;1.024999976158142;
2016-04-03 19:00:00;0.9999930913481516;0.9999260835200066;0.9999999999999999;0.9999963931586198;0.9999928589220974;1.0;1.0;0.9999705772092377;0.9999796511812102;1.0000792935505791;0.999975647189483;0.9999929146971869;1.0;1.0;0.9999450402271113;0.9999498594606849;0.9999510843692342;1.0;1.0001126627625956;0.9999954490633535;0.9999937414735816;0.9999426911703118;0.9999507047689162;0.9999996590205178;1.0001834655687625;1.0;0.9999510332859456;1.0000213469580124;0.999817391961839;0.9997423027937183;1.0;0.9996604121546899;0.9999824612431162;0.9988123772526867;0.9985841021195021;0.9997874357885923;1.0;0.9999912732606052;1.0001731961616749;0.999984759474368;0.9999964387758226;1.0;0.9999956466769108;1.024999976158142;
2016-04-03 19:15:00;0.9999942575875054;0.99993242984924;1.0;0.9999966393746311;0.9999928027682186;0.9999999999999999;1.0;0.9999661097173825;0.9999780860455897;1.000080635601292;0.9999753274502696;0.9999935211003148;1.0;1.0;0.999940443564189;0.999943637352763;0.999944841514364;0.9999999999999999;1.000113556679;0.9999950999151949;0.9999944612704137;0.9999433988332201;0.9999444688741828;0.9999995185126286;1.0001832815055058;1.0;0.9999514763554174;1.0000217083106093;0.9998149591094687;0.9997340769110846;1.0;0.9996676147626955;0.9999832197005417;0.9988374552347752;0.9985985905590593;0.9997920071082782;1.0;0.9999928612064206;1.0001732492521556;0.9999854941241129;0.999996786388854;1.0;0.9999963089273164;1.024999976158142;
2016-04-03 19:30:00;0.9999933864251349;0.99991518874537;1.0;0.9999967347537447;0.9999904925673173;1.0;0.9999999999999999;0.9999667095622558;0.9999705998842573;1.000080534701024;0.9999701433975496;0.999992770856551;1.0;1.0;0.9999463591724811;0.9999500234995425;0.9999509534941518;1.0;1.0001137066280477;0.9999934226815258;0.9999928712674168;0.9999278223192843;0.999950626188407;0.9999997789028942;1.0001850558187049;1.0;0.999938393984391;1.0000216769818588;0.9998142721589572;0.9997224509936391;1.0;0.9996608745611956;0.9999781267015394;0.9988035769950695;0.9985477881689806;0.9997948090124325;1.0;0.9999920672329303;1.0001748999524216;0.9999811187633408;0.9999957349228316;1.0;0.9999958574686382;1.024999976158142;
2016-04-03 19:45:00;0.9999918926806574;0.999922644840075;1.0;0.9999958142034212;0.9999928181074635;0.9999999999999999;1.0;0.9999675467934396;0.9999793334937586;1.0000823290606686;0.9999735588983961;0.9999927262060332;1.0;0.9999999999999999;0.9999395518955199;0.9999441578205219;0.999945452465089;1.0;1.0001167399535849;0.9999953780266726;0.9999915745702308;0.9999385306020425;0.9999450179052544;0.9999996246507459;1.000191305242955;1.0;0.9999468744924974;1.0000221639857716;0.9997785968442117;0.999701814961375;1.0;0.9996009812881662;0.9999824880453815;0.9985816912581921;0.9983277116502112;0.9997658827094551;1.0;0.9999920672329303;1.0001805303779019;0.9999847940945628;0.9999950078336965;1.0;0.9999956124173778;1.024999976158142;
2016-04-03 20:00:00;0.9999919352998631;0.9999035047225845;0.9999999999999999;0.9999960588863566;0.9999896742269968;1.0;1.0;0.9999637183835808;0.9999688244970393;1.0000813416104468;0.9999670250013333;0.9999925198857472;1.0;1.0;0.9999390316207546;0.9999439176807617;0.99994506338562;1.0;1.0001155626918046;0.9999930212356462;0.999991666268936;0.9999203275768126;0.9999446701304547;0.9999997528782135;1.0001896382313467;1.0;0.9999319815427379;1.0000218890953267;0.9998129776454969;0.9997161716152307;1.0;0.9996307441581815;0.999975758675271;0.998689040928815;0.9984257985388734;0.9997822281911878;1.0;0.9999920672329303;1.0001789691752565;0.9999790301996679;0.9999950695357058;1.0;0.9999954522649344;1.024999976158142;
2016-04-03 20:15:00;0.9999856774310775;0.9998564223226545;1.0;0.9999932670427939;0.999986943887099;1.0;1.0;0.9999554453067299;0.9999644893414101;1.0000777168167503;0.9999562440434974;0.9999898606271475;1.0;0.9999999999999999;0.9999128761466848;0.9999237428533293;0.9999258074310748;1.0;1.0001141450826636;0.9999920377684455;0.9999869959472316;0.9998938349610058;0.9999251454261796;0.999999705630896;1.0001947567832858;1.0;0.9999094694166829;1.000020893633493;0.9998052212565434;0.9997160442202874;1.0;0.9996380088651016;0.9999668206714988;0.998717773079865;0.9984609712175028;0.9997845154562334;0.9999999999999999;0.9999916544037752;1.0001825430807076;0.9999710755783454;0.9999925961000016;1.0;0.9999928220279551;1.024999976158142;
2016-04-03 20:30:00;0.999990818433941;0.9999118512957741;0.9999999999999999;0.9999952784179732;0.9999916090691312;1.0;1.0;0.9999622606597486;0.9999753455426394;1.000081874729629;0.9999691800320599;0.9999924502074602;0.9999999999999999;1.0;0.9999314684787763;0.999936223974589;0.9999376261818737;1.0;1.000116220167058;0.9999944792624148;0.9999900053064199;0.9999282420303318;0.9999371399259556;0.9999995876606375;1.0001917933218003;1.0;0.9999378741512683;1.0000220338710792;0.9998010753598995;0.9997380917524994;0.9999999999999999;0.9996156531811793;0.9999798855379528;0.9986387520329635;0.998419868903874;0.9997711472397125;1.0;0.9999932423497317;1.0001808430489723;0.9999825616520929;0.9999940040264007;1.0;0.9999954519434808;1.024999976158142;
2016-04-03 20:45:00;0.9999864255477368;0.9998912270995335;1.0;0.9999935569439629;0.9999903541142142;1.0;1.0;0.9999555903413346;0.9999711334566659;1.0000794027869095;0.9999606196675368;0.9999927403914124;1.0;1.0;0.9999208661108645;0.9999257298183949;0.999927174545215;1.0;1.0001128934615564;0.9999935313376114;0.999982459849254;0.9999079779605562;0.9999265525082046;0.9999996851419317;1.0001924002474099;1.0;0.9999189226590958;1.000021356286795;0.9998215238241385;0.9997498906994515;1.0;0.9996396355221582;0.9999771942634972;0.9987327507749431;0.9985132319796083;0.9997792260380703;1.0;0.9999920672329303;1.000180957847901;0.999980257495908;0.999989051547767;1.0;0.9999955572457436;1.024999976158142;
2016-04-03 21:00:00;0.999984711468806;0.9998746080757778;1.0;0.9999925481619504;0.9999889195675118;1.0;1.0;0.9999477832308805;0.9999673455860645;1.0000795484899774;0.9999552409251679;0.9999920493222841;1.0;1.0;0.9999049168715685;0.9999111164184042;0.9999129612685868;1.0;1.0001139094643323;0.9999926813368306;0.9999811902908166;0.9998959842907917;0.9999122269526712;0.9999995385741556;1.0001957884984134;1.0;0.9999086738448866;1.0000213875485389;0.9998083441173978;0.9997439512904998;1.0;0.9996376861746337;0.9999734651178838;0.9987415342108327;0.9985247203076101;0.9997674083562015;0.9999999999999999;0.9999928612064207;1.0001837999868757;0.9999770013868315;0.9999883818863116;0.9999999999999999;0.999994925854561;1.024999976158142;
2016-04-03 21:15:00;0.9999841999384781;0.9998551460398666;1.0;0.9999925601439382;0.9999867406889335;0.9999999999999999;1.0;0.9999487793788715;0.9999620094235768;1.0000757974102779;0.9999519615718591;0.9999910963767275;1.0;1.0;0.9999055630502175;0.999914320807437;0.9999162746956769;1.0;1.0001102445732328;0.9999914841992106;0.9999825264332983;0.9998852590941864;0.9999155524333755;0.9999996674041074;1.000190695196738;0.9999999999999999;0.9999006838865517;1.0000203736819309;0.9998069481132602;0.9997486911636173;1.0;0.9996856650175614;0.9999675265252735;0.9989009190130494;0.9986907351294546;0.9998030627859132;1.0;0.9999920672329303;1.0001787022289927;0.9999717917479396;0.9999894785848273;0.9999999999999999;0.999993884196969;1.024999976158142;
2016-04-03 21:30:00;0.9999840570961958;0.9998276317428773;1.0;0.9999927475817328;0.9999825588755191;1.0;0.9999999999999999;0.9999440882598093;0.9999487112631243;1.0000771203286023;0.9999435830200908;0.9999903782986117;1.0;0.9999999999999999;0.9999035521333318;0.9999134646637658;0.9999153347082043;1.0;1.0001128559408787;0.9999884820260856;0.9999831832754882;0.9998617172808384;0.9999146538122904;0.9999998168660735;1.000195235872841;1.0;0.9998817050455722;1.0000206941656422;0.9998508534290595;0.9997835655018555;0.9999999999999999;0.9996793370582251;0.9999581580892156;0.9988814531595359;0.9986864689863488;0.999797317934898;1.0;0.9999916544037752;1.0001829323299312;0.9999637257495286;0.9999899919626886;1.0;0.9999932838555186;1.024999976158142;
2016-04-03 21:45:00;0.99998452599998;0.9998392955206564;1.0;0.9999926757661903;0.9999849869812263;1.0;1.0;0.9999493085323529;0.9999586466940427;1.000073590784079;0.9999506745094056;0.9999895051990737;1.0;1.0;0.9999025741446104;0.9999144590102278;0.9999167343922314;0.9999999999999999;1.0001090818974652;0.9999907203683679;0.9999861770162237;0.9998801726469755;0.9999160135335972;0.9999996581856839;1.0001881907647645;1.0;0.9998980246960688;1.0000197658325198;0.999859604164049;0.9997773481296541;1.0;0.9997162104029427;0.9999621789012516;0.9990195287205791;0.9988064144251827;0.9998141359383864;1.0;0.9999920672329303;1.0001760404688356;0.9999670554741956;0.9999921723653211;1.0;0.9999924182012077;1.024999976158142;
2016-04-03 22:00:00;0.9999825241020668;0.9998385856589527;1.0;0.9999912561300707;0.9999851782075134;0.9999999999999999;0.9999999999999999;0.9999358847721823;0.999957502408792;1.0000738081808835;0.9999454109074403;0.9999898673738642;0.9999999999999999;1.0;0.999880556084406;0.9998902774408241;0.9998928161978653;0.9999999999999999;1.0001081410394133;0.9999904576121721;0.9999813884090839;0.9998720217734904;0.9998919361954287;0.999999356166941;1.00018899731926;1.0;0.9998892606589596;1.0000198086970757;0.9998220931899551;0.9997583592413227;1.0;0.9997491376667348;0.999963745542895;0.9991360947906027;0.9989258028617046;0.999833752534007;1.0;0.9999916544037751;1.000176662581967;0.9999685089613204;0.999988897049355;1.0;0.9999930985315755;1.024999976158142;
2016-04-03 22:15:00;0.9999807922124526;0.999799643723329;1.0;0.9999908761286622;0.9999802572596083;1.0;1.0;0.9999298950642768;0.9999424769236925;1.0000718860825621;0.9999339452783981;0.9999894826404369;1.0;0.9999999999999999;0.9998750922348278;0.9998869474345982;0.9998894911433422;1.0;1.0001067841387314;0.9999870882893847;0.9999800970440597;0.9998405266390605;0.9998886031912613;0.9999995616423413;1.0001892660504372;1.0;0.9998632835589923;1.000019276170737;0.9998586013752438;0.999778415132544;1.0;0.9997455372724801;0.9999522747588351;0.9991211653969883;0.9989098105882322;0.99983309203567;1.0;0.9999928612064207;1.0001765988012266;0.9999585985680252;0.9999882172458623;0.9999999999999999;0.9999924150107176;1.024999976158142;
2016-04-03 22:30:00;0.9999828343319881;0.9998373753661834;1.0;0.9999922376220953;0.9999852825908502;1.0;0.9999999999999999;0.9999508373125304;0.9999591639363377;1.0000703395424733;0.9999492176241931;0.9999897645318712;1.0;1.0;0.9999066404356975;0.9999179302447314;0.999919993077992;1.0;1.0001042221530025;0.9999908377743391;0.9999823615690705;0.9998762312729416;0.9999192576405356;0.9999998168780131;1.0001830951514696;1.0;0.9998936651473894;1.0000188919546777;0.9998526359495682;0.9997856411149175;1.0;0.9997706829588971;0.9999631145586797;0.9992167929086385;0.9990210251563002;0.9998435844659286;1.0;0.9999908604325449;1.0001711295432119;0.9999678869671728;0.9999895823310259;1.0;0.9999926775347605;1.024999976158142;
2016-04-03 22:45:00;0.9999829808514521;0.9998074946321425;0.9999999999999999;0.999992065502867;0.9999799064139777;1.0;1.0;0.999933833320059;0.9999400459723209;1.000072964246318;0.9999357820213072;0.9999901186313855;1.0;1.0;0.9998880395507684;0.9998984355016097;0.9999005508331344;1.0;1.0001074400049947;0.9999865334065252;0.9999821229816813;0.9998432409153348;0.9998997953709337;0.9999997015811182;1.0001879529065583;1.0;0.9998660661241855;1.0000195558607285;0.999855081797152;0.9997912439959477;1.0;0.9997782116102614;0.9999523405598172;0.9992519316118137;0.9990624621145953;0.999842300324589;1.0;0.9999920672329304;1.0001757794938115;0.9999587307901383;0.9999893770828215;1.0;0.9999930510035314;1.024999976158142;
2016-04-03 23:00:00;0.9999840695942981;0.9998708352174686;1.0;0.9999926272619086;0.9999895081075144;0.9999999999999999;1.0;0.9999573085425401;0.999971689097393;1.0000696123555253;0.9999586789830897;0.9999905003654459;1.0;1.0;0.9999152948948882;0.9999242909422897;0.9999261889167304;1.0;1.0001017953304405;0.9999936550076136;0.9999823573405051;0.9999018189213754;0.9999254785599709;0.9999997309006924;1.0001777427456777;1.0;0.9999144362572735;1.0000187182591898;0.9998601090770142;0.9997916597088183;1.0;0.999780728868086;0.9999731953514074;0.9992531380935108;0.9990597905924881;0.9998490359975843;1.0;0.9999916544037752;1.0001663727672305;0.9999766211308093;0.9999893738967146;1.0;0.9999935579251574;1.024999976158142;
2016-04-03 23:15:00;0.9999872500670486;0.9998835267520655;1.0;0.999993292285284;0.999989669923476;0.9999999999999999;1.0;0.9999502650999268;0.999971143757499;1.000072288743217;0.9999608588119134;0.999991197935762;0.9999999999999999;1.0;0.9999039219162111;0.9999116075448743;0.9999137790146375;0.9999999999999999;1.0001047253289732;0.9999935327334023;0.9999873617408819;0.9999099564236893;0.9999130755937371;0.9999993444012152;1.0001777049722547;1.0;0.999922149544923;1.0000194384429402;0.9998572253926875;0.9997872431800263;1.0;0.9997814462242332;0.9999742463011827;0.999257088025832;0.9990595198350146;0.9998484973048807;1.0;0.9999920672329303;1.000166655444105;0.9999775880649624;0.9999926091995941;1.0;0.9999941861406592;1.024999976158142;
2016-04-03 23:30:00;0.9999864381126938;0.9998791910330446;1.0;0.9999934875263355;0.9999896567251785;1.0;0.9999999999999999;0.9999583924785234;0.9999719898053803;1.0000712907420044;0.9999617769189568;0.9999907824985109;1.0;1.0;0.9999177306775017;0.9999264819607625;0.9999283874803999;1.0;1.000103963954435;0.9999937235899773;0.9999863365463824;0.9999093062356444;0.9999277401247141;0.9999996423408982;1.0001779636548151;1.0;0.9999217203382033;1.000019174014894;0.9998312339018036;0.999768256845358;0.9999999999999999;0.9997802572726584;0.9999736424865795;0.9992552826404685;0.9990514237847443;0.9998461595731714;1.0;0.9999916544037751;1.0001668338574323;0.9999770156763901;0.999991975471554;1.0;0.9999937439020486;1.024999976158142;
2016-04-03 23:45:00;0.9999840629956479;0.9998379302242704;1.0;0.9999926096623988;0.9999854485602822;1.0;1.0;0.9999530601093356;0.99996121704076;1.0000685342670121;0.9999521458905681;0.999989586809576;0.9999999999999999;1.0;0.9999058194832122;0.9999188804331579;0.999921211349748;1.0;1.0001027224314745;0.9999913121540752;0.9999863195970318;0.9998830079420277;0.9999204852406758;0.9999997239092163;1.0001787762105359;1.0;0.9999006251988668;1.0000184248666397;0.9998434804152033;0.9997706272602191;1.0;0.9997776114404118;0.9999624894174037;0.9992425192330525;0.9990317121925539;0.999846896337384;1.0;0.9999904792909119;1.0001669601270995;0.9999672610275797;0.9999923599054508;1.0;0.9999921742254582;1.024999976158142;
2016-04-04 00:00:00;0.9999866731842864;0.9998875815450349;1.0;0.9999926576218221;0.9999903831302486;1.0;1.0;0.999944306646056;0.999972828395461;1.0000714836172182;0.9999601063305497;0.9999915847979547;1.0;1.0;0.9998922985143468;0.9998990963193507;0.9999014893918551;0.9999999999999999;1.0001030761523297;0.9999939145665759;0.9999859836786035;0.9999109783329337;0.9999007015036679;0.9999991306233534;1.0001755595201374;0.9999999999999999;0.9999222582684797;1.0000192245552946;0.9998752123427448;0.9998051869733438;0.9999999999999999;0.999798008755402;0.9999762083509355;0.9993219495407218;0.9991358714667076;0.9998541502506642;1.0;0.9999916544037751;1.0001645509926724;0.999979312775717;0.9999916669758855;1.0;0.9999945730040083;1.024999976158142;
2016-04-04 00:15:00;0.9999865325626531;0.9998852244643737;1.0;0.999992879615834;0.9999900173310301;1.0;1.0;0.9999470739193372;0.9999715006146945;1.0000700805399856;0.9999596149062049;0.9999914469686713;1.0;1.0;0.9998991706695829;0.9999058727650775;0.9999080524522629;1.0;1.000101070972547;0.9999936193171709;0.9999853026046025;0.9999083350805626;0.9999073055088494;0.9999992854538079;1.000172904279708;1.0;0.9999199791846631;1.00001884865338;0.9998723634833275;0.9998243217383154;1.0;0.9998213479200654;0.9999754863529401;0.9994151258454986;0.9992601444851394;0.9998608828695243;1.0;0.9999912732606054;1.0001620815942662;0.999978702135127;0.9999911744477002;1.0;0.999994533576672;1.024999976158142;
2016-04-04 00:30:00;0.9999876387643021;0.9999001736993276;1.0;0.9999939794172005;0.9999915520389392;1.0;1.0;0.9999599053070631;0.9999759291807301;1.000069392786265;0.9999654996839916;0.9999920534198085;0.9999999999999999;1.0;0.9999242149952202;0.9999299376368059;0.9999315088804698;1.0;1.0000995205040777;0.999994611367968;0.9999854533836974;0.9999198873803835;0.9999309099703341;0.9999996262402414;1.0001697838852628;0.9999999999999999;0.9999297515609781;1.0000186697135505;0.9998954902068309;0.9998396936932659;1.0;0.9998200216714714;0.9999792333183027;0.9994031790969895;0.9992514961645685;0.9998650142702942;1.0;0.9999920672329303;1.0001594702709928;0.999981954397453;0.9999911034318105;1.0;0.9999950416272623;1.024999976158142;
2016-04-04 00:45:00;0.9999888328446348;0.9999249575849535;0.9999999999999999;0.9999946970846579;0.9999941235110543;1.0;1.0;0.9999668002652162;0.9999824112004019;1.0000707363441996;0.9999715890828202;0.9999933599691904;1.0;1.0;0.9999393082335286;0.9999422664708929;0.999943355317831;0.9999999999999999;1.0000997268184353;0.9999960631161754;0.9999845379738794;0.9999351328486792;0.9999428435882257;0.99999973643124;1.0001690633763705;1.0;0.9999417987718413;1.0000190365485686;0.9998865519593453;0.999835919742828;1.0;0.9998246444546797;0.9999861118231315;0.9994320224649283;0.9992823428550612;0.9998592778447531;1.0;0.9999920672329302;1.0001592290404575;0.9999879770496357;0.9999902126155481;1.0;0.9999962923508411;1.024999976158142;
2016-04-04 01:00:00;0.9999886326283135;0.9999174428102079;1.0;0.9999947043539087;0.9999936222684689;1.0;1.0;0.9999694782709033;0.9999823520819391;1.0000669665334752;0.9999718652001921;0.9999923971656512;1.0;1.0;0.9999406814765414;0.9999456153827142;0.9999468463899063;1.0;1.0000956804688768;0.9999960487175963;0.9999859993837538;0.9999344088236338;0.9999463364997276;0.9999997876020076;1.0001628868551096;1.0;0.9999419765034351;1.0000180211788487;0.999918663304293;0.9998852095127644;1.0;0.9998628496429455;0.9999840028006629;0.9995648395254988;0.9994616839390508;0.9998837208174307;0.9999999999999999;0.9999908604325449;1.0001531616893655;0.9999860693894326;0.9999913509371653;1.0;0.9999953853741324;1.024999976158142;
2016-04-04 01:15:00;0.9999888392778916;0.9999253793539533;1.0;0.9999944578959448;0.9999946393710591;0.9999999999999999;1.0;0.9999663937886273;0.9999852028549644;1.0000675007043323;0.9999731538003656;0.9999926686615925;1.0;1.0;0.999933751743067;0.999937940964226;0.999939337735965;1.0;1.0000959735094004;0.9999966892497321;0.999986033716222;0.9999398193446934;0.9999387817907376;0.999999602315859;1.0001628280348114;1.0;0.9999461905951854;1.0000181668473442;0.9999136794548771;0.9998872882243827;1.0;0.9998675122096143;0.9999865249906268;0.9995850373646552;0.9994892965773631;0.9998839893389797;1.0;0.9999916544037751;1.0001531248745423;0.9999882647889651;0.999991338962637;1.0;0.9999956859163174;1.024999976158142;
2016-04-04 01:30:00;0.9999888077181601;0.9999183644456616;1.0;0.9999941930712593;0.9999940106081738;1.0;1.0;0.9999632108107975;0.9999842541326015;1.0000663204029085;0.9999721134021331;0.9999920937343604;1.0;1.0;0.9999248657197115;0.9999304958529455;0.9999322356644794;1.0;1.0000951875242863;0.9999964791997363;0.9999876805799202;0.9999377914954025;0.9999316307887282;0.9999994631462084;1.000161218907425;1.0;0.9999450932583871;1.0000178515826488;0.9999366217083268;0.9998952590352824;1.0;0.9998593824145763;0.9999844264182293;0.9995528853678525;0.9994495807526739;0.9998814354635369;1.0;0.9999908604325449;1.000151398314262;0.9999863960395724;0.9999925881410597;1.0;0.9999950819419346;1.024999976158142;
2016-04-04 01:45:00;0.9999910848381871;0.9999330863200963;1.0;0.9999953945509548;0.9999951577066108;1.0;1.0;0.9999718665547033;0.9999878452909724;1.0000657640190507;0.9999782532175362;0.9999923985380705;1.0;1.0;0.9999406612799361;0.9999459069211618;0.999947357943498;0.9999999999999999;1.0000941777600902;0.9999972834724598;0.9999908970352133;0.9999511373073671;0.9999468765789372;0.9999995831202795;1.000156990532865;1.0;0.9999571696668659;1.0000177060025595;0.9999294167229946;0.999912596183969;1.0;0.9998834036767502;0.9999870424032757;0.9996436323360833;0.9995725695961952;0.9998918769880955;1.0;0.9999912732606054;1.0001477142118693;0.9999886502866787;0.9999946326681621;1.0;0.9999953115486327;1.024999976158142;
2016-04-04 02:00:00;0.9999929663792599;0.9999425804434838;1.0;0.9999966870862782;0.9999954259028158;1.0;1.0;0.9999807309406156;0.9999879366854074;1.000065054055553;0.9999819001007444;0.9999926148405389;0.9999999999999999;1.0;0.999960806691906;0.9999650629579772;0.9999659795846674;1.0;1.0000926023021937;0.9999973052420628;0.9999925381698163;0.9999572365247609;0.9999656526690819;0.9999998474974664;1.0001527331675757;1.0;0.9999628014700284;1.0000175167586896;0.9999676199143325;0.9999509578233257;0.9999999999999999;0.9998998173834173;0.9999881349545466;0.9997066850522098;0.9996608563182708;0.9998983052345417;1.0;0.9999924483761709;1.0001440726436002;0.999989636667609;0.9999955522201524;1.0;0.9999956456065501;1.024999976158142;
2016-04-04 02:15:00;0.9999923851708482;0.9999465239009491;1.0;0.9999962588755239;0.9999961817422214;1.0;0.9999999999999999;0.999978283962829;0.9999900058687609;1.0000651715242277;0.9999819770364944;0.9999933229324603;1.0;1.0;0.9999555250510047;0.9999591736500263;0.9999601836428783;1.0;1.0000924042154489;0.9999977680933764;0.9999911782984126;0.9999590843521095;0.9999598065040753;0.9999997496419034;1.0001530533811378;1.0;0.9999637454907893;1.0000175484768568;0.999967290825947;0.9999490904093966;1.0;0.9998988267691629;0.9999900425488641;0.9997029187172111;0.9996545576974165;0.9998978912660839;1.0;0.999990860432545;1.0001443315456762;0.9999912988930573;0.9999946225966397;1.0;0.9999961107589095;1.024999976158142;
2016-04-04 02:30:00;0.9999919623191216;0.9999529695724467;0.9999999999999999;0.9999958040844608;0.999997134234855;1.0;1.0;0.9999745941436805;0.9999923906615332;1.0000655020856395;0.9999821874612057;0.9999937274682908;1.0;1.0;0.9999484067367248;0.9999510054140638;0.999952125825057;1.0;1.0000922379679382;0.9999983014144409;0.9999897720030743;0.9999619174267306;0.9999516912050849;0.9999995994163682;1.0001531438187574;1.0;0.9999653916814283;1.0000176378865497;0.9999576649921037;0.999942930973263;1.0;0.9998940680015408;0.999992604838776;0.9996835750126205;0.9996341508953337;0.9998967461615146;1.0;0.9999920672329303;1.0001444131189479;0.9999935433711833;0.9999936385878097;1.0;0.9999965443254025;1.024999976158142;
2016-04-04 02:45:00;0.9999929888321544;0.99996009742049;1.0;0.9999960673549433;0.9999975927374906;1.0;1.0;0.9999736064786116;0.9999933578216905;1.0000677761259646;0.9999837292014437;0.9999928158321952;0.9999999999999999;0.9999999999999999;0.9999471218556921;0.9999490047122321;0.9999501461007615;1.0;1.000094960001647;0.9999985183004375;0.9999910405997112;0.9999665894341329;0.9999497227180095;0.9999995009338963;1.0001559841395455;1.0;0.9999694501654135;1.000018250894423;0.9999212113903065;0.9999051772277985;1.0;0.9998767259585797;0.9999939477486574;0.9996169995204218;0.9995418192508047;0.9998899288928825;1.0;0.9999920672329303;1.0001472573973589;0.9999947290857404;0.9999944205073426;1.0;0.9999963032297486;1.024999976158142;
2016-04-04 03:00:00;0.9999913116295092;0.999944823302579;1.0;0.9999957721979646;0.9999963155947964;1.0;1.0;0.9999762113152693;0.9999901691220123;1.000066177157171;0.9999804508850372;0.9999929888289368;0.9999999999999999;1.0;0.999951963612928;0.9999552493775267;0.9999562794224857;1.0;1.0000935812268457;0.9999978046546918;0.9999890292257514;0.9999561569786181;0.9999558593206337;0.9999997360402838;1.000156250931771;0.9999999999999999;0.9999606146250987;1.0000178192816918;0.9999248062992206;0.9999078532307536;1.0;0.999880482258385;0.9999905177914822;0.9996319039476786;0.9995576666895637;0.9998910769851846;1.0;0.9999912732606052;1.0001472865626158;0.9999917242836894;0.9999931874309876;1.0;0.9999960463962569;1.024999976158142;
2016-04-04 03:15:00;0.9999934017270949;0.9999593633770874;1.0;0.9999967973639867;0.9999971958974916;1.0;1.0;0.9999810878856064;0.9999919688583798;1.0000669685064636;0.9999846464455578;0.9999932009175093;0.9999999999999999;1.0;0.9999636046068204;0.9999654428910804;0.9999661507424403;1.0;1.0000938138246926;0.9999982080682027;0.999991018979555;0.9999657115529984;0.9999658351058719;0.9999998041552716;1.0001542316890155;1.0;0.9999689776411844;1.0000180339376925;0.9999290314371613;0.9999210583919624;1.0;0.9998890619425088;0.9999931408850725;0.9996722797226132;0.9996143880943273;0.9998893909960613;0.9999999999999999;0.9999916544037754;1.0001457624334023;0.9999940422402037;0.9999943361725343;1.0;0.9999964879316406;1.024999976158142;
2016-04-04 03:30:00;0.9999927425778706;0.9999598568162119;1.0;0.9999963204353265;0.9999975244451446;1.0;1.0;0.9999777623653286;0.9999928590095027;1.000065690964913;0.9999838489554771;0.9999934722290842;0.9999999999999999;1.0;0.999956692364666;0.999958263498317;0.9999591141608429;1.0;1.0000918864595705;0.9999984072025501;0.9999898752243941;0.9999652640794294;0.9999587420799844;0.9999996979099199;1.0001518871230854;1.0;0.9999681325923279;1.000017689969183;0.9999505888194022;0.9999433787069942;1.0;0.9999038130840111;0.9999939724620409;0.9997188191390768;0.9996760767230557;0.9999020657181263;1.0;0.999990479290912;1.000143442510387;0.9999947668785014;0.999993586476156;1.0;0.9999966743529937;1.024999976158142;
2016-04-04 03:45:00;0.9999911795686791;0.9999463621799407;1.0;0.9999954760958542;0.9999966385436962;1.0;0.9999999999999999;0.999973258399213;0.9999912180914551;1.000064391981184;0.9999804147909317;0.9999927760090124;1.0;1.0;0.9999452425406283;0.9999484679297825;0.9999496774111017;1.0;1.0000910740335678;0.9999980392180006;0.9999890399741461;0.9999574785560773;0.999949212176013;0.9999996045275217;1.0001522727549115;1.0;0.999961587331589;1.000017338497876;0.9999777202456179;0.9999592062294422;0.9999999999999999;0.9999020355533803;0.9999912264656747;0.9997138958461045;0.99967188886386;0.9999000676350238;1.0;0.9999912732606052;1.0001434394418793;0.9999923328653089;0.9999932169521641;1.0;0.9999959646192342;1.024999976158142;
2016-04-04 04:00:00;0.9999923849878578;0.9999510537100287;1.0;0.9999957873269361;0.9999967820929335;1.0;0.9999999999999999;0.9999720750507576;0.9999915556395946;1.000065668087525;0.9999818020350859;0.9999925424463456;1.0;1.0;0.9999429273155972;0.9999459617414863;0.999947262818116;1.0;1.0000927250655387;0.9999981152186621;0.999991156890222;0.9999615202925155;0.9999468090625924;0.9999994899800504;1.0001531136476836;0.9999999999999999;0.9999654469538521;1.000017683066149;0.9999431310723967;0.9999338199409709;0.9999999999999999;0.9998983499493866;0.9999916314245293;0.9997004905714676;0.9996497173620595;0.9998981110917972;1.0;0.9999920672329304;1.0001443456870591;0.9999926887976449;0.9999946123656085;1.0;0.999995904656243;1.024999976158142;
2016-04-04 04:15:00;0.999992465889615;0.9999519803364697;1.0;0.999995860901079;0.9999970302885408;1.0;1.0;0.9999739577291468;0.9999927543107081;1.0000648994383396;0.9999829154733686;0.9999926501574091;1.0;1.0;0.9999449878270338;0.9999484454425908;0.9999497584522119;0.9999999999999999;1.000091912160938;0.999998382819757;0.9999916582613974;0.9999638910465427;0.999949312617744;0.9999995113132616;1.0001517477193074;1.0;0.9999676398405588;1.000017476011196;0.9999651951739693;0.9999475940495427;1.0;0.9999026433047035;0.9999919245178077;0.9997137449312764;0.9996648599109771;0.9999019979238354;1.0;0.9999912732606052;1.000143022028179;0.9999929163687417;0.9999949743187074;1.0;0.9999958522786861;1.024999976158142;
2016-04-04 04:30:00;0.9999922614685335;0.9999533976800905;1.0;0.9999961436648093;0.999997134139065;1.0;1.0;0.9999784493762961;0.9999926347381046;1.000065709435208;0.9999833276119333;0.999993022039065;1.0;0.9999999999999999;0.9999554942846404;0.9999583889592764;0.9999593720457609;1.0;1.0000927003937123;0.9999983556991175;0.9999903100628841;0.9999633567614655;0.9999589823269278;0.9999997152907344;1.000153682129081;1.0;0.9999668863685522;1.0000176938013576;0.9999458003453393;0.9999332558757171;1.0;0.9998964409155675;0.999992445521877;0.9996901439732896;0.9996362399344924;0.9998994118364032;1.0;0.9999920672329303;1.0001449753660212;0.9999933914222937;0.9999939902376741;0.9999999999999999;0.9999961548044579;1.024999976158142;
2016-04-04 04:45:00;0.9999929899246247;0.9999623655979865;1.0;0.9999965332399161;0.9999978355262436;1.0;1.0;0.9999805679256011;0.9999939916427864;1.0000655690445666;0.999985242055908;0.9999936469746836;1.0;0.9999999999999999;0.999961410231818;0.999963064054501;0.9999638322826241;1.0;1.0000917663006497;0.9999986604309281;0.9999902444212614;0.9999680622010012;0.9999634874565766;0.9999997561933485;1.0001514885586924;1.0;0.9999706246834703;1.000017657302232;0.999966320054463;0.9999458191031544;1.0;0.9998920910523115;0.9999945787002121;0.9996742125190525;0.9996217468087036;0.9998971778890936;0.9999999999999999;0.9999916544037751;1.0001431057332775;0.9999952803882464;0.9999938225866053;1.0;0.9999967335894747;1.024999976158142;
2016-04-04 05:00:00;0.9999938122514828;0.9999652576364967;1.0;0.9999969288255264;0.9999978770168744;1.0;1.0;0.9999822887505807;0.9999940647570492;1.000066489131282;0.9999865257319813;0.999993472229084;0.9999999999999999;1.0;0.9999650334967746;0.999966604643531;0.9999673044014553;1.0;1.0000929902378854;0.999998676873876;0.9999915109253211;0.9999706649289191;0.9999669972293899;0.9999997788988565;1.0001524075369896;1.0;0.9999731683290422;1.0000179053867984;0.9999337044826169;0.9999300414181225;1.0;0.9998990815109425;0.9999947111702546;0.9997063596821406;0.9996579847241883;0.9998963188041446;1.0;0.999990860432545;1.0001440874949172;0.9999953978216561;0.9999946378805323;1.0;0.9999966743529936;1.024999976158142;
2016-04-04 05:15:00;0.9999943018852492;0.9999628754316802;1.0;0.999996882276625;0.9999975032583015;0.9999999999999999;1.0;0.9999794076067388;0.9999933695328643;1.0000664275019915;0.9999862427670886;0.9999924400562914;1.0;1.0;0.999958169986287;0.9999604314496116;0.9999613760549828;1.0;1.0000933153130567;0.9999985212995435;0.999993331485743;0.9999706677605297;0.9999610426466865;0.9999996376653324;1.0001519596485602;1.0;0.999973694795827;1.0000178885128044;0.9999748696344872;0.9999580313723834;1.0;0.9998983985888912;0.9999935578996295;0.9997081340802636;0.9996669518094651;0.9998930876862596;1.0;0.9999813104701354;1.0001435919783581;0.9999943756779295;0.9999959275910081;1.0;0.9999960429779907;1.024999976158142;
2016-04-04 05:30:00;0.9999938617311896;0.9999411289219681;1.0;0.9999968374629686;0.999994955132381;1.0;1.0;0.9999783674442214;0.9999868069928752;1.0000671671809795;0.9999819322841792;0.9999920009783712;1.0;1.0;0.9999555785278884;0.9999604043156548;0.9999615200982868;0.9999999999999999;1.0000958674737959;0.99999705213433;0.9999949043178541;0.9999577351007778;0.9999611869102708;0.9999997185917757;1.0001563878455102;1.0;0.9999638988973;1.0000180852688958;0.9999419078331477;0.9999399202660181;1.0;0.9998960933469041;0.9999868463435957;0.9997107285926178;0.9996705354838633;0.9998844096458845;1.0;0.9999763134562263;1.0001475421007109;0.9999885050136421;0.999997186736146;1.0;0.9999952321429764;1.024999976158142;
2016-04-04 05:45:00;0.999988462923558;0.9998856384596717;1.0;0.9999940381767407;0.9999903558390675;1.0;1.0;0.999960837257564;0.9999758308252755;1.000064372612849;0.9999667825372401;0.9999889554955292;0.9999999999999999;1.0;0.9999160871734958;0.9999265786028053;0.9999288332158;1.0;1.0000954020281072;0.9999945872934107;0.9999918448596726;0.9999217511593977;0.9999282014988452;0.9999994629522565;1.0001615102069896;0.9999999999999999;0.9999337777105185;1.000017317281109;0.9999503022980041;0.9999419858834808;0.9999999999999999;0.9999003946175928;0.9999741688388148;0.9997287043828296;0.9996844041836237;0.999885109244146;1.0;0.9999779751443201;1.0001511651945492;0.9999773724918876;0.9999957877995851;1.0;0.9999925025592681;1.024999976158142;
2016-04-04 06:00:00;0.9999880664538988;0.9998881409482485;1.0;0.9999944149174035;0.9999912262141663;1.0;0.9999999999999999;0.9999715326913968;0.9999795814076002;1.0000656097645526;0.9999702742657472;0.9999885926585619;1.0;1.0;0.9999332004606664;0.999944636932093;0.9999465981686559;1.0;1.0000976564312711;0.9999954297711249;0.9999914007375454;0.9999275048450762;0.9999460378849775;0.9999997614877446;1.0001659641109075;1.0;0.9999388062127473;1.0000176574982433;0.9998933146748666;0.9999023182630807;0.9999999999999999;0.9998520687571101;0.9999754776466186;0.999540599317724;0.9994858179615878;0.9998678797046531;1.0;0.9999774144729057;1.000155393296324;0.9999784406719644;0.9999955195158;1.0;0.9999921129209671;1.024999976158142;
2016-04-04 06:15:00;0.999990636129879;0.9999094189402788;1.0;0.9999955934214635;0.999992896222973;1.0;1.0;0.9999777807890968;0.9999838210240152;1.0000685219316097;0.9999766073524152;0.9999895416506555;0.9999999999999999;1.0;0.9999464812768266;0.999956152174972;0.9999577812011098;0.9999999999999999;1.0001006261881868;0.999996381129661;0.99999395433555;0.999942715302027;0.9999573351068357;0.9999997992849262;1.0001675672688037;1.0;0.9999519496338494;1.0000184470826219;0.9998269744139344;0.9998603212434408;1.0;0.9998385257380219;0.9999799266743237;0.9994878567990505;0.9994267700041889;0.9998630678007261;1.0;0.9999779751443201;1.000157389632593;0.9999823352456538;0.9999970131137849;1.0;0.9999929635140458;1.024999976158142;
2016-04-04 06:30:00;0.9999903147972489;0.9999154089062534;1.0;0.9999954797199542;0.9999936033507241;1.0;1.0;0.9999774649752674;0.9999851296963026;1.000068730296998;0.9999768679684725;0.9999801802845681;0.9999999999999999;1.0;0.9999476566284197;0.9999560040678817;0.999957490859324;1.0;1.0001001260616724;0.9999966750631815;0.9999920888164142;0.9999441539932814;0.999957040590487;0.9999998113449143;1.0001673483925733;1.0;0.9999523993401471;1.0000185044047516;0.9997982432003537;0.9998380967322813;1.0;0.9998606955454383;0.9999821176549002;0.9995704664081538;0.9995001748118706;0.9998735455668536;1.0;0.999976281793129;1.0001572794912532;0.9999842778097086;0.9999956622161188;1.0;0.9999890484380833;1.024999976158142;
2016-04-04 06:45:00;0.9999889865586261;0.9999161336561502;1.0;0.9999939218414761;0.9999941417920344;0.9999999999999999;1.0;0.999961248907378;0.9999861284454669;1.000074385133073;0.9999731857246668;0.9999472324091819;1.0;1.0;0.9999157999346319;0.999923145094692;0.9999253173966844;1.0;1.0001073670246097;0.9999968975016817;0.9999900748325505;0.9999414091829634;0.9999246558715609;0.9999992629544692;1.0001794405844897;1.0;0.9999488997955545;1.0000200249364648;0.99981601176089;0.9998432221382398;1.0;0.9998307323454956;0.9999837862573012;0.9994693149243363;0.9993935469717851;0.9998528639864265;1.0;0.9999554925766436;1.0001685160264042;0.9999857564566706;0.9999943675882492;1.0;0.9999743959746804;1.024999976158142;
2016-04-04 07:00:00;0.9999921854998746;0.9999242551237243;1.0;0.9999957130051725;0.999993306465091;1.0;1.0;0.9999672523933479;0.9999818331023178;1.0000793127724883;0.9999753284598052;0.999939927420867;0.9999999999999999;1.0;0.9999349041552996;0.9999405153380231;0.9999420786605517;1.0;1.0001131530184177;0.9999959394288729;0.9999933190490696;0.9999436096514064;0.9999416122415008;0.999999487931676;1.000184998842604;1.0;0.9999516384654694;1.0000213545261285;0.9997688950860177;0.999817044303824;1.0;0.9998047143932193;0.9999829643891572;0.9994151966297268;0.9993418610266858;0.9998116833373707;1.0;0.9999782631000156;1.0001744157842574;0.999985147964315;0.9999962728694731;1.0;0.9999715083850516;1.024999976158142;
2016-04-04 07:15:00;0.9999889391204789;0.9998515063334936;1.0;0.9999926789685061;0.9999834128116861;1.0;1.0;0.9999176371684247;0.9999491938230014;1.0000908020681207;0.9999449198124855;0.9998965342178737;1.0;1.0;0.9998549486004895;0.9998619272674399;0.9998649454636067;1.0;1.000130024334172;0.9999886041783898;0.9999912697293273;0.999875554400287;0.9998640936664295;0.9999985909911917;1.0002138621508017;1.0;0.9998941063282968;1.0000243916436244;0.9996635573641047;0.9997568745021622;1.0;0.9998351170845912;0.9999615223973758;0.9995214373165158;0.999451569505399;0.9998325245158852;1.0;0.999820649745456;1.000200999766777;0.9999667570952788;0.9999952700353556;0.9999999999999999;0.9999515688873171;1.024999976158142;
2016-04-04 07:30:00;0.999990531224687;0.99989766560457;1.0;0.9999937770688516;0.9999894105275428;1.0;0.9999999999999999;0.9999362058326451;0.999967487650185;1.0000935945612288;0.999960049687936;0.9998765591595529;0.9999999999999999;1.0;0.9998847671882413;0.9998891183103032;0.999891518415911;1.0;1.0001322247938718;0.9999927206677792;0.9999908337482563;0.9999126847044142;0.9998907947449927;0.9999987947540657;1.0002157867255217;1.0;0.9999245159177831;1.0000251833026435;0.9996539079960473;0.999748112962838;1.0;0.9997940153925721;0.9999754920248928;0.9993705072443543;0.9992988678274143;0.9998125396085504;1.0;0.9998022696820685;1.000203372228709;0.9999788313095215;0.9999946781031748;0.9999999999999999;0.9999431681208347;1.024999976158142;
2016-04-04 07:45:00;0.9999906795093231;0.9998929873389023;1.0;0.9999938808948508;0.9999891010821391;0.9999999999999999;1.0;0.999938720078852;0.9999678021273487;1.0000914334316051;0.9999608859423592;0.9998896830146344;1.0;1.0;0.9998862213809647;0.9998922108607383;0.9998947393663156;1.0;1.0001302134205416;0.9999927889374074;0.9999926309161998;0.9999136415078395;0.9998940243684447;0.9999988222995793;1.000212351109791;1.0;0.9999261107961445;1.0000245982830305;0.9996704826354671;0.999764528993514;0.9999999999999999;0.9998471910640423;0.9999739649540494;0.9995799007817165;0.9995173405135004;0.9998300324083297;0.9999999999999999;0.9997368249134759;1.0001999685675331;0.9999774389310335;0.9999960079994337;1.0;0.9999487084695396;1.024999976158142;
2016-04-04 08:00:00;0.9999882677165491;0.9998641378672034;1.0;0.9999927113078455;0.9999864137582105;1.0;0.9999999999999999;0.9999310838014059;0.9999609381212848;1.000092484069419;0.99995310198147;0.9998784684850365;0.9999999999999999;1.0;0.9998699292530483;0.9998786991967842;0.9998816915487359;1.0;1.0001333715149106;0.9999912403897125;0.9999914327640894;0.9998943254909584;0.9998808595480355;0.9999987489062706;1.000220011272481;1.0;0.9999101105452034;1.0000248615139846;0.9996457868996269;0.9997479703211389;1.0;0.9998467006939579;0.9999668460273244;0.9996050623841597;0.9995398932713411;0.9998118820921122;1.0;0.9997390855708362;1.0002066842646737;0.9999712084726206;0.9999955088878324;0.9999999999999999;0.9999429756707461;1.024999976158142;
2016-04-04 08:15:00;0.9999900741801764;0.9998843708361558;1.0;0.9999934834446831;0.9999882450247863;1.0;0.9999999999999999;0.9999348972087142;0.9999655491333794;1.0000912668131052;0.9999583351424565;0.9999044438664709;1.0;1.0;0.9998784080178665;0.9998851992256288;0.9998879384829147;1.0;1.0001304704936864;0.9999922803227063;0.9999925624227642;0.9999077692638674;0.9998871749474078;0.9999987573078055;1.000213318029565;0.9999999999999999;0.9999212797674055;1.0000245489099755;0.9996715384765027;0.9997628207100658;1.0;0.9998365161076156;0.9999717446656137;0.9995796895590453;0.9995142073957233;0.9997981522165761;1.0;0.9997257943928262;1.0002007125286256;0.9999754989185604;0.9999960559694931;1.0;0.99995518864175;1.024999976158142;
2016-04-04 08:30:00;0.9999909629656575;0.9998992683081963;1.0;0.9999940292323722;0.9999900121594325;1.0;1.0;0.9999415269437092;0.9999709046263006;1.000093259248879;0.9999634434229936;0.9998837199489701;1.0;1.0;0.9998896211801271;0.9998956074238984;0.9998981151054575;1.0;1.0001327154846151;0.9999934880971991;0.9999930604594999;0.9999199234575519;0.999897411806892;0.9999988298625144;1.0002158871382103;0.9999999999999999;0.9999314457108597;1.0000250987848829;0.999665960617146;0.999759101273312;1.0;0.9998377962902217;0.9999758688413057;0.9995873259682676;0.9995227263947871;0.9997976644804989;1.0;0.9997096678210791;1.000203374982373;0.999979066201509;0.9999962833269798;0.9999999999999999;0.99994601401948;1.024999976158142;
2016-04-04 08:45:00;0.9999821824164665;0.999794017246027;1.0;0.9999852096828585;0.9999782765582539;1.0;1.0;0.9998342913497491;0.9999334124958908;1.0001087334891503;0.9999146519058654;0.9998661366138835;1.0;1.0;0.9996915284841535;0.9997006340137163;0.999707484094057;1.0;1.00015643682851;0.9999850279156456;0.999987629047932;0.9998253581843033;0.9997056329778897;0.9999960892940812;1.0002594473400346;0.9999999999999999;0.9998496325598786;1.000029101841055;0.9995237505047635;0.9995860294534995;1.0;0.9997367972884129;0.9999496214451378;0.9992388124496502;0.9990431876379268;0.999732675167592;1.0;0.9997173501164337;1.0002423325538325;0.9999564770946344;0.9999936591391614;1.0;0.9999373212968873;1.024999976158142;
2016-04-04 09:00:00;0.9999796098034598;0.9997639409148449;1.0;0.9999864886315262;0.9999759473260081;1.0;0.9999999999999999;0.9998663231943307;0.9999296338467473;1.0000984546793548;0.9999151192404125;0.9998683415402514;1.0;1.0;0.9997496277383138;0.9997637275818999;0.9997694059803348;1.0;1.000145159407229;0.9999841634373072;0.9999852009235848;0.9998124742997516;0.9997678393657712;0.9999974045521179;1.0002469586443872;1.0;0.9998401242790868;1.0000263369489415;0.9996176941634667;0.9996885538028311;1.0;0.9997874411970993;0.9999420572240855;0.999429199607051;0.9993026814478144;0.9997543764935668;1.0;0.9997624275842234;1.000230224915171;0.9999497480740995;0.9999922584784986;0.9999999999999999;0.9999371251658907;1.024999976158142;
2016-04-04 09:15:00;0.9999736407221954;0.9997233054994292;1.0;0.9999827357685787;0.9999742610812489;1.0;1.0;0.9998458527890957;0.9999289842773144;1.0000910668168406;0.9999048844564488;0.9998856836408456;1.0;1.0;0.9996953065970667;0.9997155445009454;0.9997229534680427;1.0;1.0001387182504469;0.9999839936584012;0.9999825374002117;0.9997929274924485;0.9997209511236029;0.9999967758507906;1.0002429673839166;1.0;0.999823496213676;1.0000242951202536;0.9996165091830214;0.9996875148364814;1.0;0.999797575432498;0.9999352216188039;0.9994338432790809;0.999303130937479;0.9997801094687097;1.0;0.9998201565865326;1.0002248787324384;0.99994358060914;0.9999912527676219;1.0;0.9999434971754059;1.024999976158142;
2016-04-04 09:30:00;0.9999721644336423;0.9997429649320881;1.0;0.9999853935489916;0.9999768560533869;1.0;1.0;0.9998923961748379;0.9999351426934454;1.0000910893956154;0.9999141205107253;0.9998806731322685;1.0;1.0;0.9997930833470866;0.999810081674071;0.9998147533912477;1.0;1.0001366841273893;0.9999853915777124;0.9999727815076399;0.9998014659200739;0.9998132489677214;0.9999985720438715;1.0002450343911324;1.0;0.9998287198926664;1.0000243520148364;0.9995681164324683;0.9996397388727749;1.0;0.9997735952799208;0.9999423916945817;0.9993359792242408;0.9991770566445842;0.999775222694757;1.0;0.9997810174469508;1.000227765407692;0.9999498795760989;0.9999841436606774;1.0;0.9999420067549255;1.024999976158142;
2016-04-04 09:45:00;0.9999671126980054;0.9996910171437912;0.9999999999999999;0.9999800348727719;0.9999737783982355;1.0;1.0;0.9998447686039496;0.9999316015497524;1.0000907949211153;0.999898938872142;0.9998724819090477;1.0;0.9999999999999999;0.9996804907071859;0.9997058424233286;0.9997139193204161;1.0;1.0001414923695586;0.9999845632600349;0.9999763297940748;0.999778263535313;0.999711680375446;0.9999968367993007;1.000255433794483;0.9999999999999999;0.9998103137317302;1.0000241796351215;0.999595414578974;0.9996549406748281;1.0;0.9997706550470336;0.9999314499737493;0.9993495857225049;0.9991914684242845;0.9997577417573396;1.0;0.9997426713900412;1.0002355220895338;0.9999400861418689;0.9999876665510626;1.0;0.9999363088401151;1.024999976158142;
2016-04-04 10:00:00;0.9999733974430716;0.9997837833766968;1.0;0.9999824902898291;0.9999838545192461;1.0;1.0;0.9998624802827866;0.9999598522473594;1.0000965188422595;0.9999244138470336;0.9998833721476458;0.9999999999999999;1.0;0.9997110387911474;0.9997289797864006;0.9997363129843967;0.9999999999999999;1.0001446140106303;0.9999909718555121;0.9999798586379344;0.9998456149059013;0.9997342639706869;0.9999966678846041;1.000252073965207;1.0;0.9998658202487881;1.0000258698466333;0.9995596871530452;0.9996301781724733;1.0;0.9997124494018439;0.9999565337282451;0.9991975031771198;0.9990377341484324;0.9996872462981936;0.9999999999999999;0.9997338890969774;1.0002337703633613;0.9999619109189334;0.9999892772874165;0.9999999999999999;0.9999430012362799;1.024999976158142;
2016-04-04 10:15:00;0.9999796539358259;0.9998239424633656;1.0;0.9999890275045782;0.9999856958524939;1.0;1.0;0.999924747468726;0.9999627688946857;1.000094338903521;0.9999433899289107;0.9998861552667474;1.0;1.0;0.9998449583245064;0.9998588653276866;0.9998626921045337;1.0;1.0001390263243761;0.9999916402970153;0.9999817754458886;0.9998718298377465;0.9998615233382485;0.9999987685386316;1.0002393416656024;1.0;0.9998893446464819;1.000025346868044;0.9995255890873364;0.9996050292279149;1.0;0.9997444444156808;0.9999625703120482;0.9992740818770312;0.9991030787603137;0.9997306038533144;0.9999999999999999;0.9997422826914164;1.0002236326368645;0.9999672821951676;0.9999896742776412;1.0;0.9999452230531097;1.024999976158142;
2016-04-04 10:30:00;0.9999741207689071;0.9997603856567276;1.0;0.9999876502642108;0.9999804324901032;1.0;1.0;0.9999308030145503;0.9999516541639911;1.000088454392413;0.9999322324338876;0.9998893039560413;0.9999999999999999;1.0;0.9998484745741651;0.9998706307387228;0.9998747420020069;0.9999999999999999;1.0001358960558906;0.9999891166181841;0.9999792457391883;0.9998365829099918;0.9998735149743921;0.9999993350522293;1.0002418684113064;1.0;0.9998611223671681;1.000023717157797;0.9995241471359388;0.9996069417367283;0.9999999999999999;0.9997506203486018;0.9999471126473145;0.9992725020653619;0.9991039267680225;0.999749612979936;0.9999999999999999;0.999751236705649;1.000224831768788;0.99995363613947;0.9999886907785435;1.0;0.9999446761141613;1.024999976158142;
2016-04-04 10:45:00;0.9999867329697898;0.9999028769965159;1.0;0.9999923791332627;0.9999921425049012;1.0;1.0;0.999941020187037;0.9999769158251811;1.0000971415832682;0.9999618664477233;0.9999002515268597;1.0;1.0;0.999887352129695;0.9998918501227669;0.9998942294726816;1.0;1.0001372184393036;0.9999948300396223;0.9999842214344602;0.9999183244143162;0.9998934008363946;0.9999989324510108;1.0002286398904778;1.0;0.9999273336535665;1.000026140335215;0.9995414886136117;0.9995970093289911;1.0;0.9997416141117321;0.999981134880723;0.9992393736362871;0.9990408179616561;0.9997451284555181;1.0;0.9997467051420672;1.0002152215319802;0.9999836434036963;0.9999903302227992;1.0;0.9999538413970643;1.024999976158142;
2016-04-04 11:00:00;0.999987954758335;0.9998988322512677;1.0;0.9999927745617787;0.9999903697274977;1.0;1.0;0.999934535634376;0.9999695920680148;1.000100720082136;0.9999579792015701;0.9999020314248647;1.0;1.0;0.9998827119770527;0.999885698877077;0.9998879673126937;1.0;1.000141295717045;0.999993189195587;0.9999850128304907;0.999909077549462;0.9998871702976144;0.9999988646247794;1.0002335074082767;1.0;0.999919630466107;1.0000270966742502;0.9995067618468644;0.9995672975601119;1.0;0.9997206238051379;0.9999782337179886;0.9991782401554464;0.9989664169489084;0.9997238945544443;1.0;0.9997438384392519;1.000220099551833;0.9999812462808532;0.9999907179679876;1.0;0.9999550067393905;1.024999976158142;
2016-04-04 11:15:00;0.9999827777129106;0.9998937719935473;0.9999999999999999;0.9999922280413813;0.99999210433901;1.0;1.0;0.999956275617989;0.9999760225164839;1.000101655598862;0.9999592412982656;0.9998785790815423;1.0;1.0;0.9999214626579332;0.9999250284545177;0.999926290600834;1.0;1.0001429330153306;0.9999946225398134;0.9999747152438326;0.9999060424776861;0.9999255759430061;0.9999997723267472;1.0002442950635344;1.0;0.9999149167383249;1.0000273484134377;0.9995016855812279;0.9995560792059504;1.0;0.9997050073296283;0.9999815557974969;0.9991845217284213;0.9989651934289919;0.9996744704022881;1.0;0.9997271794208201;1.000230111537373;0.999984052640292;0.9999838200207812;1.0;0.9999442684880901;1.024999976158142;
2016-04-04 11:30:00;0.9999913641670078;0.9999234862606432;1.0;0.9999955095668118;0.9999928677984761;1.0;1.0;0.9999642814947645;0.9999786213131576;1.0001008247664638;0.9999719724944531;0.9998812176917459;1.0;1.0;0.9999356090475023;0.9999391716488631;0.9999404363869867;1.0;1.0001417243663429;0.9999952189673564;0.9999897591244779;0.9999357579912714;0.9999399723111895;0.9999995425652186;1.000230975949124;1.0;0.9999438429787691;1.0000271461972927;0.9994988776435669;0.9995531697654628;1.0;0.9997258773954382;0.999983153000813;0.9991913053264198;0.9989664169004693;0.9997314978298651;1.0;0.9997307661663062;1.0002183029138454;0.9999854179606538;0.9999937288614553;1.0;0.9999454618726826;1.024999976158142;
2016-04-04 11:45:00;0.9999888094950176;0.9998973124257943;1.0;0.9999942836371741;0.9999901426467731;1.0;1.0;0.999953844263019;0.9999702055268674;1.0001015616015831;0.999962564945068;0.9998750617012623;0.9999999999999999;1.0;0.9999183521687963;0.9999229900826881;0.9999245486434103;1.0;1.0001434147008756;0.9999933280970444;0.9999866512854504;0.9999132672221809;0.9999239666041795;0.9999994740862443;1.000236666679216;1.0;0.999924380417332;1.0000273325482025;0.9995122777902916;0.9995697058781453;1.0;0.9997286583172368;0.9999768695950225;0.9992114064606054;0.9990008317124058;0.9997266907335846;0.9999999999999999;0.9997112081306945;1.0002233000032261;0.9999799927891642;0.9999918105223142;1.0;0.9999424227204056;1.024999976158142;
2016-04-04 12:00:00;0.9999911848986152;0.9999299932269031;1.0;0.9999949999997718;0.9999939739211049;1.0;1.0;0.9999599770060797;0.9999821299052937;1.0001022575505174;0.9999730312576898;0.9998775460268664;1.0;0.9999999999999999;0.999924868170308;0.9999280934937435;0.9999296564177689;0.9999999999999999;1.000143507493043;0.9999960031208978;0.9999896577044035;0.9999411094210667;0.999929113841733;0.9999993023954207;1.0002335842230492;1.0;0.9999479875175811;1.0000275322489105;0.9995124212794653;0.9995523464422325;0.9999999999999999;0.9997109612812681;0.9999856544028042;0.999136209482465;0.9988998641354803;0.9997246563762666;1.0;0.9997158948031295;1.0002207013333582;0.9999875721891072;0.9999936815278224;0.9999999999999999;0.9999438828778588;1.024999976158142;
2016-04-04 12:15:00;0.9999900500528979;0.9999249503990663;1.0;0.9999944128642532;0.9999934550030367;1.0;1.0;0.9999546924878585;0.9999797440116384;1.0001009031078414;0.9999694524359264;0.9998701697526966;1.0;1.0;0.9999174158930992;0.9999199095484766;0.9999215086009096;1.0;1.0001412084917936;0.9999954675411604;0.9999871488284147;0.99993353689979;0.9999209106643951;0.9999992452330105;1.0002314232843899;1.0;0.9999408099108761;1.0000271636372513;0.9995055959812067;0.9995551902729242;1.0;0.9997212831047785;0.9999849626732121;0.9991594062054963;0.9989304644300943;0.9997387582037727;1.0;0.9998082026400412;1.0002185676316422;0.9999870202585046;0.9999919814409897;1.0;0.999940723698852;1.024999976158142;
2016-04-04 12:30:00;0.9999927559604082;0.9999226691723376;1.0;0.9999956078023272;0.9999916601321293;1.0;1.0;0.9999543542300608;0.9999734214341145;1.0001044148748286;0.9999689271381048;0.9998755617921151;1.0;1.0;0.9999218772373527;0.9999241418639989;0.9999255910082995;1.0;1.000145941059001;0.999994051360792;0.9999915031940806;0.9999304603026139;0.9999251019666561;0.9999992681045928;1.0002354382894896;1.0;0.9999395499398392;1.0000281068417285;0.9994583190097802;0.9995286331958918;1.0;0.9996769723409572;0.9999813295830845;0.9989904422654159;0.9987641466061146;0.9997203650099645;0.9999999999999999;0.999830195020177;1.0002227129146015;0.9999839288348562;0.9999948046780343;0.9999999999999999;0.9999432155173746;1.024999976158142;
2016-04-04 12:45:00;0.9999890656690971;0.9999193337512173;1.0;0.9999940272376403;0.99999336764169;1.0;0.9999999999999999;0.9999551792378178;0.9999803535995654;1.0001005062793809;0.9999687991824397;0.9998852923154562;0.9999999999999999;0.9999999999999999;0.9999156668083056;0.999919254922769;0.9999209759066596;1.0;1.0001413132120138;0.999995602283942;0.9999864972914477;0.9999316765966844;0.999920343325503;0.9999992749360422;1.0002327856935402;1.0;0.9999392474621877;1.0000270550322563;0.999514220235341;0.999557185880949;1.0;0.999706184687937;0.9999841899923574;0.9991172930017932;0.9988849321054859;0.9997222822507209;1.0;0.9997637109899972;1.000219656804004;0.9999863017672435;0.9999916512175058;1.0;0.9999472974104094;1.024999976158142;
2016-04-04 13:00:00;0.9999851172975239;0.9998770735950819;1.0;0.999992560094836;0.9999896966826332;1.0;0.9999999999999999;0.9999501058756307;0.9999713528278458;1.000096778892065;0.9999584459227795;0.9998836368411206;1.0;1.0;0.9999032295793814;0.99991104522027;0.9999131715521877;1.0;1.0001386936322803;0.9999935803725735;0.9999836337083741;0.9999040130945717;0.9999124176958236;0.9999994058515945;1.0002335513397729;0.9999999999999999;0.9999162107908892;1.0000260390236169;0.9994942143808822;0.9995625288583824;1.0;0.9997384658980585;0.9999742241400239;0.9992145970848344;0.9990060728924981;0.9997528465635928;0.9999999999999999;0.9997493462301352;1.0002195915907834;0.9999775632060405;0.999990156200949;1.0;0.9999455396054889;1.024999976158142;
2016-04-04 13:15:00;0.9999863386772756;0.999872196314468;0.9999999999999999;0.9999926092000924;0.9999874506237013;1.0;1.0;0.9999361388215398;0.9999615525369537;1.0000971613083762;0.9999519219900249;0.9998934874665382;1.0;1.0;0.999887243924839;0.9998925371337624;0.9998947023504581;1.0;1.0001377645807512;0.9999913821564729;0.9999838779871427;0.9998903891688962;0.9998939278604908;0.9999991550005486;1.0002303746347252;0.9999999999999999;0.9999044152555462;1.0000261278793816;0.9995432106988671;0.999595243977258;1.0;0.9997440243928275;0.9999708815074209;0.9992339776939831;0.999030376572391;0.9997558084655547;1.0;0.9997751513277046;1.0002168335591934;0.9999748423390121;0.999990136316602;1.0;0.9999505942546073;1.024999976158142;
2016-04-04 13:30:00;0.9999887954128456;0.9998693664528444;1.0;0.9999934027170575;0.9999853284737393;1.0;0.9999999999999999;0.9999288986061199;0.9999531689904708;1.0001015771012756;0.9999487290049659;0.9998953395655756;1.0;1.0;0.9998816049967069;0.9998855046195428;0.9998876218389121;1.0;1.0001430819683161;0.999989497497324;0.9999870544700553;0.9998827930282472;0.9998869047654854;0.9999990166877913;1.0002354503359367;0.9999999999999999;0.9998987646849947;1.0000273053632927;0.9995040049468352;0.9995737743957479;0.9999999999999999;0.9997375847099667;0.999967195646745;0.9992210355115093;0.9990201924617745;0.9997454367527312;0.9999999999999999;0.9997687289663736;1.0002220049554378;0.9999717672515339;0.9999921199608638;1.0;0.9999517641760305;1.024999976158142;
2016-04-04 13:45:00;0.9999874396757222;0.9998448886935785;1.0;0.999991020351131;0.9999823185535078;1.0;1.0;0.99989538893451;0.9999434936191074;1.0001040984487966;0.9999362248638293;0.9998856618759498;1.0;0.9999999999999999;0.9998186846120762;0.9998232965565479;0.9998268598626312;0.9999999999999999;1.0001471278883898;0.9999873091154721;0.9999877386438897;0.9998607717469791;0.9998257997812096;0.9999980356154426;1.0002418341879369;1.0;0.9998800036679536;1.0000279356279658;0.9995601864121094;0.9996048570297156;0.9999999999999999;0.9997410378151736;0.9999605135901304;0.9992283690838951;0.9990259214300992;0.9997511669517397;1.0;0.999759225361907;1.0002274314103763;0.9999660205006291;0.9999928590288595;1.0;0.9999472198496587;1.024999976158142;
2016-04-04 14:00:00;0.9999857889154287;0.9998486058548627;1.0;0.9999915983605123;0.9999840756583906;1.0;1.0;0.9999170837253074;0.9999505233613045;1.0001025515778599;0.9999418679396379;0.9998857400887438;1.0;0.9999999999999999;0.9998553648122842;0.999861201254486;0.9998640099148193;1.0;1.0001456144261522;0.9999888983077945;0.9999844737504126;0.9998687548521946;0.9998630900202017;0.9999987340336314;1.000242552698429;0.9999999999999999;0.9998864081611741;1.0000275551060958;0.9994483316132706;0.9995418214045074;1.0;0.9997279811555893;0.9999635265754915;0.9992096841244973;0.9990111649258991;0.9997249825728942;1.0;0.9997517533254467;1.0002281264511461;0.9999685298374011;0.9999906802304684;1.0;0.9999469628208877;1.024999976158142;
2016-04-04 14:15:00;0.9999872735950582;0.999829207994607;1.0;0.9999939734121489;0.9999808362596709;1.0;1.0;0.9999401957172142;0.9999416941201539;1.0000993310772315;0.9999425045588084;0.9998979137882181;1.0;1.0;0.9999037056226617;0.9999122207435835;0.9999139463240283;1.0;1.0001427404051224;0.9999869164749203;0.9999874772818786;0.9998586059522736;0.9999133646425271;0.9999996970735895;1.0002376462547173;1.0;0.9998801341923307;1.0000266886778286;0.9995067286192094;0.9995920591625916;0.9999999999999999;0.9997321072875718;0.9999552964155755;0.9992282378426021;0.9990539327218425;0.9997244726490824;0.9999999999999999;0.999743129580715;1.0002237518297703;0.9999613569192661;0.9999926927224658;0.9999999999999999;0.9999518254918982;1.024999976158142;
2016-04-04 14:30:00;0.9999881717144126;0.99986114889691;1.0;0.9999936879401823;0.9999857004315675;1.0;0.9999999999999999;0.9999429616824285;0.9999580927313828;1.0001004124940738;0.9999533174484311;0.9998942206633589;1.0;0.9999999999999999;0.9998974724031662;0.9999057557532186;0.9999079459615784;1.0;1.0001440353425401;0.9999906040806045;0.999989545836729;0.9998896757528316;0.999907279290017;0.9999993162369447;1.0002377988994173;1.0;0.999906105357064;1.0000270050100837;0.9995466955891366;0.9995934492347723;1.0;0.9996789915014188;0.999965610138081;0.9990024170574956;0.9987978303675482;0.9997188084371288;1.0;0.999742643253976;1.0002238783489619;0.9999701792558061;0.9999940998738239;0.9999999999999999;0.9999502115907964;1.024999976158142;
2016-04-04 14:45:00;0.9999780056724177;0.9998094464331106;1.0;0.9999893599156221;0.9999842971585309;0.9999999999999999;1.0;0.9999351380573357;0.9999587208974187;1.0000937051335856;0.9999409141309906;0.9999082361832721;1.0;1.0;0.9998675457272067;0.9998823179099557;0.9998855171318088;1.0;1.000138658196826;0.9999907321578649;0.9999785423703743;0.9998603715460873;0.999884456517613;0.9999993543661013;1.0002418123002494;1.0;0.9998795082855455;1.0000251769431099;0.9995274449684951;0.9995949816436766;1.0;0.9996582832690778;0.999959167244583;0.9989760371476241;0.9987909808112138;0.9996741138709406;1.0;0.9997648118623674;1.0002259525964308;0.9999643299985604;0.999987511262997;1.0;0.9999549966455871;1.024999976158142;
2016-04-04 15:00:00;0.9999740120050691;0.999827545842091;1.0;0.9999880954087836;0.9999874055343088;1.0;1.0;0.999935617010705;0.9999647834644912;1.0000927419167347;0.9999395269957879;0.9999244717865616;0.9999999999999999;1.0;0.9998756930382786;0.9998849933760227;0.9998874340413063;0.9999999999999999;1.0001340829151237;0.9999920919904046;0.9999658883976708;0.9998596922027174;0.9998863156953653;0.9999996114776039;1.0002407973262717;1.0;0.9998745580462836;1.0000249147087368;0.9995491187672721;0.9995874015393322;1.0;0.9996487093290713;0.9999686141382154;0.998947690280176;0.9987319755705807;0.9996644455096683;1.0;0.9997482173006963;1.0002251719969621;0.9999726928606668;0.9999786380562266;0.9999999999999999;0.9999636416299564;1.024999976158142;
2016-04-04 15:15:00;0.9999765652138731;0.9998098222544631;1.0;0.9999885214952866;0.9999815557340022;1.0;1.0;0.9999098486012605;0.9999409365683303;1.0000961518199187;0.9999247581648822;0.9999391449029071;1.0;1.0;0.9998505156937484;0.9998551946232307;0.9998575126200537;1.0;1.000136288442924;0.9999867052175101;0.9999667517713039;0.9998259202735501;0.9998564150417796;0.9999992757091483;1.0002411451882274;0.9999999999999999;0.999845939149538;1.0000257478762287;0.9995097742617375;0.999560320400797;0.9999999999999999;0.9996961562691956;0.9999588740907811;0.9990456137883453;0.9988175552709928;0.9997389062715162;1.0;0.9997634827363954;1.0002260329483483;0.9999646162953191;0.999978855211529;1.0;0.9999713772261658;1.024999976158142;
2016-04-04 15:30:00;0.9999794474927882;0.9998195245730033;1.0;0.9999904479840782;0.9999819283800129;0.9999999999999999;0.9999999999999999;0.9999255464197934;0.9999427847024354;1.0000952824269396;0.9999317252707435;0.999942396558089;1.0;1.0;0.9998797546373684;0.99988513048098;0.999886907772233;1.0;1.0001354359044152;0.999987128318841;0.9999714460990666;0.9998380057474281;0.9998860270808388;0.999999648114514;1.00023667401851;1.0;0.9998577712949661;1.0000255369894373;0.99952417861419;0.9995803747772088;0.9999999999999999;0.9997085085470825;0.9999592803248248;0.9990890523737398;0.9988784142604934;0.9997465808047067;1.0;0.9997401818384931;1.000222194191125;0.9999649261253293;0.9999819092992919;1.0;0.9999726805053822;1.024999976158142;
2016-04-04 15:45:00;0.9999819715480527;0.9998303858826667;0.9999999999999999;0.9999916062909951;0.9999822574815457;1.0;1.0;0.9999295592870979;0.9999432565480475;1.0000974549725232;0.9999354683008956;0.999941153714844;1.0;1.0;0.9998891933563605;0.9998937897915197;0.9998953528796767;1.0;1.0001379094397593;0.9999872486782102;0.9999748361392721;0.9998461949487705;0.999894576527864;0.9999996794864857;1.00023733324082;1.0;0.9998654728758221;1.0000261489210596;0.9995443849077249;0.999599110825666;1.0;0.9996556709111367;0.9999603879722493;0.9988921134287247;0.9986947230528384;0.9997219443774262;1.0;0.9997536439033269;1.0002232077453543;0.9999659143867197;0.999984047431228;0.9999999999999999;0.9999723049139612;1.024999976158142;
2016-04-04 16:00:00;0.9999773817349881;0.9998073838028417;0.9999999999999999;0.9999892089511374;0.9999809087268726;1.0;1.0;0.9999150876313228;0.9999392137597275;1.0000967719544875;0.9999256247835752;0.9999438996644963;1.0;1.0;0.9998612813884257;0.9998665489503623;0.999868647103236;1.0;1.0001374847833082;0.9999863187543605;0.9999682999845559;0.9998255045624677;0.9998676339470014;0.9999994623126011;1.0002422294335902;1.0;0.9998463051479437;1.0000259188503389;0.999423898162108;0.9995168216981697;0.9999999999999999;0.9996915195429594;0.9999572011742499;0.9990244042421245;0.9988053058426218;0.9997392739362234;1.0;0.999763707521494;1.0002271757973373;0.9999631559373433;0.9999798833623212;1.0;0.9999733857178087;1.024999976158142;
2016-04-04 16:15:00;0.999977697919862;0.9998332322823748;1.0;0.9999888374532927;0.9999856107964271;1.0;1.0;0.9999205790431033;0.9999562932985968;1.0000934988326238;0.999936490053437;0.9999441500818648;1.0;1.0;0.999857029842223;0.9998635380361662;0.9998661752064399;0.9999999999999999;1.00013351727803;0.9999901829860138;0.9999705105115946;0.9998556152465669;0.9998650689237769;0.9999991612002151;1.0002347053093215;1.0;0.9998717820385545;1.0000251030652707;0.9994549931938791;0.9995241985626544;1.0;0.9996909886502745;0.9999663760921292;0.9990333830273014;0.9987984813109393;0.9997316512488483;1.0;0.9997597977554943;1.000219855327567;0.9999709281771698;0.999981509615318;1.0;0.9999732026011313;1.024999976158142;
2016-04-04 16:30:00;0.9999798076681894;0.9998537464017231;0.9999999999999999;0.9999884517915976;0.9999872122447264;1.0;1.0;0.9999051337337294;0.9999594886941393;1.0000904854166441;0.9999380558059019;0.9999422900699905;1.0;1.0;0.9998285520181251;0.9998323562626641;0.9998355998002455;1.0;1.0001277561069364;0.9999909063849035;0.9999730558635898;0.9998668091458393;0.9998343666438488;0.9999984485214819;1.0002220880017252;1.0;0.9998807879431898;1.0000242865961078;0.999563295006122;0.9996201558897932;1.0;0.9997296920854429;0.999971179777345;0.9991610534003873;0.9989717848711533;0.99975971474309;1.0;0.9999222299323078;1.0002080449909312;0.9999751769128389;0.9999830684765286;1.0;0.9999730076561958;1.024999976158142;
2016-04-04 16:45:00;0.9999799147272999;0.9998305899395449;1.0;0.9999895378787502;0.9999831976637958;0.9999999999999999;1.0;0.9999109328505834;0.9999458551247694;1.000092435440404;0.9999314680209841;0.9999348595424594;0.9999999999999999;1.0;0.9998504818713428;0.9998543912087066;0.9998568464088327;1.0;1.0001305768934816;0.9999878399603069;0.9999721253117452;0.9998440137086011;0.9998557967495855;0.9999990259736576;1.000227480254968;1.0;0.9998621667623574;1.0000247890385223;0.9995888708579288;0.9996345136545197;1.0;0.9996951196052484;0.9999627125495291;0.9990738445604895;0.9988857307421376;0.9997152642963794;1.0;0.99997339395366;1.0002133977825405;0.9999679387117487;0.9999823443200668;1.0;0.9999696241214695;1.024999976158142;
2016-04-04 17:00:00;0.9999805725178023;0.999866712554151;1.0;0.9999908688734038;0.9999890633107921;1.0;1.0;0.9999415560775367;0.9999664950588112;1.0000880764220779;0.9999489212334405;0.9999332428961584;0.9999999999999999;1.0;0.999896344562274;0.999900937772613;0.9999026833858023;1.0;1.0001248113047647;0.999992479391663;0.9999725154098502;0.9998825230311416;0.9999018191887976;0.9999995855115275;1.0002184075508753;1.0;0.9998947475947078;1.0000236658419726;0.999547770975392;0.9996070411938576;1.0;0.9997097651382042;0.9999746356190536;0.9990674026129883;0.9988716084943919;0.9997633084822347;0.9999999999999999;0.9999726000082539;1.0002050338193011;0.9999780861766336;0.999982532704015;1.0;0.999968730155972;1.024999976158142;
2016-04-04 17:15:00;0.9999866821743358;0.999903713634895;1.0;0.9999933423149173;0.9999922048686475;0.9999999999999999;1.0;0.9999551626791288;0.9999770960016706;1.0000852946022931;0.9999641991028042;0.9999587663369172;0.9999999999999999;0.9999999999999999;0.9999163630857664;0.9999208035364052;0.9999224403232976;1.0;1.0001207834349015;0.99999487003577;0.9999828708685392;0.9999190204350988;0.9999217736918569;0.999999498010598;1.0002040955588607;1.0;0.9999279632781425;1.000022949145813;0.9996032061508544;0.999638932359099;1.0;0.999705891497784;0.9999812917836151;0.9990413729998769;0.9988440117128179;0.9997688970323234;1.0;0.999975394662933;1.000192083621295;0.9999837810512991;0.999989314407603;1.0;0.9999803027545422;1.024999976158142;
2016-04-04 17:30:00;0.9999847783209102;0.9998925236469086;1.0;0.9999917859164968;0.9999913572079794;1.0;1.0;0.9999397633456836;0.999974198113989;1.0000845326764645;0.9999578251180542;0.9999748538442127;1.0;0.9999999999999999;0.9998870069805125;0.9998914505460409;0.9998937120889274;1.0;1.000119748432126;0.9999942193604499;0.9999805547139349;0.9999078293909661;0.9998928511512966;0.9999990987628512;1.0002041665811718;0.9999999999999999;0.9999176484909784;1.0000227373590795;0.9995795287720365;0.9996234232742348;1.0;0.9997080561159257;0.9999795153022977;0.9990847463808511;0.9988840227453817;0.9997456896580041;1.0;0.9999768227509735;1.0001917757611198;0.9999822633441786;0.9999878908805071;1.0;0.9999875732032675;1.024999976158142;
2016-04-04 17:45:00;0.9999856312596973;0.9998941782435413;1.0;0.9999924097854164;0.9999915153831829;0.9999999999999999;1.0;0.9999464420262406;0.9999755474454289;1.000082670959999;0.9999607090464688;0.9999750892994225;0.9999999999999999;1.0;0.9998976326787642;0.9999030369553764;0.9999051740262759;1.0;1.0001177327844375;0.9999945221916628;0.9999826152694846;0.9999128088995666;0.9999043845823451;0.9999992388550298;1.0002000923818921;1.0;0.99992265368035;1.0000222390319957;0.9995751323851897;0.9996118580191736;1.0;0.9997521480227054;0.999979329229975;0.999247015809608;0.9990309805282649;0.9997677113322426;1.0;0.9999805392078106;1.0001879586733042;0.9999820530893504;0.9999893001172442;1.0;0.9999874501999615;1.024999976158142;
2016-04-04 18:00:00;0.9999812040684662;0.9998561262088006;1.0;0.9999903529053169;0.9999879269444838;1.0;1.0;0.9999317061768946;0.9999646388604918;1.0000802286167934;0.9999470472913823;0.9999749042918644;1.0;1.0;0.9998722853293625;0.9998793245413641;0.9998819008534356;1.0;1.0001153748479699;0.9999920735916734;0.9999769013348463;0.9998803919410559;0.9998809177512371;0.9999991619202213;1.0002017912464702;1.0;0.9998942640326074;1.0000215613829415;0.9996115708414538;0.9996266947987328;1.0;0.9997494570040202;0.9999709269030909;0.9992204679278592;0.998994940964063;0.9997776265632441;1.0;0.9999797452538721;1.0001888876724527;0.9999747892654091;0.9999857378995173;1.0;0.9999869760844246;1.024999976158142;
2016-04-04 18:15:00;0.9999820413313202;0.9998688611625038;1.0;0.9999909088460911;0.9999894310069314;0.9999999999999999;1.0;0.999938520385508;0.9999693088661136;1.000078289670476;0.9999517441731802;0.9999774012383924;1.0;1.0;0.9998839378280154;0.9998904043632802;0.9998927452481589;0.9999999999999999;1.0001123391290003;0.9999931205238273;0.999977521451971;0.9998911780903789;0.9998918269207452;0.9999992684958285;1.0001962548697196;0.9999999999999999;0.9999033862975815;1.0000210433732606;0.9996814658388683;0.9996794176957579;1.0;0.9997565045359738;0.9999743844448203;0.9992234253603548;0.9990163941083884;0.9997966797765013;1.0;0.9999813331648694;1.0001838104111662;0.9999777733604278;0.9999860592267118;1.0;0.9999882414402035;1.024999976158142;
2016-04-04 18:30:00;0.9999785104308397;0.9998511347246801;1.0;0.999989145360733;0.9999886345950599;1.0;1.0;0.9999301579549593;0.9999676577811598;1.000077769913854;0.9999454661579612;0.9999781654167993;1.0;1.0;0.999865484564612;0.9998732237399284;0.9998759955214408;1.0;1.0001124482462775;0.9999927353721623;0.9999731066737565;0.9998777825156575;0.9998749051625113;0.9999991429017857;1.0002006638141645;1.0;0.999891058469181;1.0000208762222722;0.9996848209941289;0.9996832890905438;0.9999999999999999;0.9997587883119051;0.999972043248281;0.9992338474281329;0.9990297506564262;0.9997964460456321;1.0;0.9999797452538722;1.000187424197587;0.9999757036998767;0.9999833225388799;0.9999999999999999;0.9999882828616495;1.024999976158142;
2016-04-04 18:45:00;0.9999849364790463;0.9998927040013028;1.0;0.9999907879899925;0.9999914634084548;1.0;1.0;0.9999251741325256;0.999974669444496;1.0000795235808366;0.9999558774888815;0.9999813923503043;1.0;0.9999999999999999;0.9998564423501473;0.999861013126555;0.9998640787665901;1.0;1.0001129110678373;0.9999943231578329;0.9999822672253358;0.9999084431417284;0.9998630464985395;0.999998515627792;1.0001922561430192;1.0;0.9999181774938903;1.0000213804508467;0.9997075611554527;0.9996828984218349;1.0;0.9997596738311499;0.9999796711579059;0.9992101080004647;0.9989850956543468;0.9998151798549884;1.0;0.9999809520309267;1.0001802054576334;0.9999823894161807;0.999989153033329;1.0;0.9999904980573774;1.024999976158142;
2016-04-04 19:00:00;0.9999881062926741;0.9998889148090062;0.9999999999999999;0.9999924489128971;0.9999901916435329;0.9999999999999999;1.0;0.9999349911634043;0.9999726893712366;1.000080155882222;0.99996016746251;0.9999798046069053;1.0;0.9999999999999999;0.9998719586547214;0.9998793639152216;0.9998823819558957;1.0;1.0001154469389097;0.9999938828379457;0.9999900272224528;0.9999144071963809;0.9998815096820264;0.9999986763300516;1.0001921427732519;1.0;0.999926007203198;1.0000215588366124;0.9996930582988032;0.999672120109276;0.9999999999999999;0.9997570990985714;0.9999754835604182;0.9992301944031855;0.9990019125443946;0.9997938247131154;1.0;0.9999793644182156;1.0001802454701572;0.9999786608018969;0.9999944747345516;1.0;0.9999891035071237;1.024999976158142;
2016-04-04 19:15:00;0.9999793418681678;0.9998535219847947;1.0;0.999982896548507;0.9999894689914088;1.0;1.0;0.9998393175051247;0.9999707751003526;1.0000839541626187;0.9999331137098559;0.9999803733289429;0.9999999999999999;1.0;0.9996760039909038;0.9996840560238353;0.9996917663104745;1.0;1.0001212998316373;0.9999934416926171;0.9999829404496806;0.9998813311664662;0.9996896095735376;0.999995513984756;1.0002069419839001;1.0;0.9998938156992351;1.0000225036392498;0.9996871717048128;0.9996915902697938;1.0;0.9997540795494035;0.9999736107119487;0.9992582278579626;0.9990651827928513;0.999765701307411;1.0;0.9999920672329303;1.0001919600572644;0.9999770276870633;0.9999906027045147;1.0;0.9999892057124643;1.024999976158142;
2016-04-04 19:30:00;0.9999849520280045;0.9998613518445311;1.0;0.999985513131967;0.9999869748833292;1.0;1.0;0.9998403612791512;0.9999599009387804;1.0000849254628381;0.9999335683086377;0.9999814788976271;1.0;1.0;0.9996921787496704;0.9996974040854116;0.9997044485475821;1.0;1.0001210221604486;0.9999909949109468;0.9999895276991079;0.9998793289157468;0.9997025519114764;0.9999956311196446;1.000199959905792;1.0;0.9998938503851323;1.0000227454739783;0.9997535259285255;0.9997382905893465;1.0;0.9997837866249443;0.999969932762531;0.9993097609835881;0.9991281753822805;0.9998197333764826;1.0;0.999990479290912;1.0001862389288523;0.999974034083643;0.9999946275617458;1.0;0.9999903806477038;1.024999976158142;
2016-04-04 19:45:00;0.9999839876552071;0.9998849348761706;0.9999999999999999;0.9999894894897473;0.9999908796562755;1.0;1.0;0.9999105533915456;0.9999730858837091;1.0000781383609376;0.9999514990995564;0.9999820431853771;0.9999999999999999;0.9999999999999999;0.9998266446510514;0.9998317053379113;0.9998355126788121;0.9999999999999999;1.000111323245601;0.999993964558389;0.9999822376900668;0.999902333733748;0.9998342988699679;0.9999980296828502;1.0001900904118606;0.9999999999999999;0.9999127669851328;1.000020993186984;0.9997273220621232;0.9997077486941864;1.0;0.999781949070494;0.9999781912730417;0.9992713360985054;0.9990657618090545;0.9998403432818916;0.9999999999999999;0.9999920672329302;1.0001777874395583;0.9999810982937193;0.9999892961824431;0.9999999999999999;0.9999906751859297;1.024999976158142;
2016-04-04 20:00:00;0.9999653916651503;0.9998094701980548;1.0;0.9999830074171384;0.9999881570531106;1.0;1.0;0.9999034299300783;0.9999659913608263;1.0000704748917644;0.9999250349506414;0.999981180620628;1.0;1.0;0.9998124477279513;0.9998201484103025;0.9998237565351856;1.0;1.0001024677678372;0.9999923416256394;0.9999514517596222;0.9998359713893962;0.9998220975039299;0.9999988871859496;1.0002014912238582;1.0;0.9998497258525604;1.0000188587012013;0.9997233733076636;0.9996899083513667;1.0;0.9997680828769366;0.9999710620393808;0.9992199977072292;0.9989911893175946;0.9998336218529746;1.0;0.9999912732606053;1.0001866334888754;0.9999748673057056;0.9999692084183474;1.0;0.9999896547714647;1.024999976158142;
2016-04-04 20:15:00;0.9999754332513224;0.9998126046377191;1.0;0.9999870663464586;0.9999833820192752;1.0;0.9999999999999999;0.9999011077272806;0.9999487610140442;1.0000757868472347;0.999926414411654;0.9999819353040637;0.9999999999999999;1.0;0.9998226998848276;0.9998292742002224;0.9998325747067999;1.0;1.0001091837259197;0.9999884766755427;0.9999677890521173;0.9998352804776612;0.9998312595588814;0.9999987475976491;1.0001991106038384;1.0;0.9998537813482336;1.0000202775465286;0.999718213310381;0.9997014306439231;1.0;0.9997882535751849;0.9999616712589116;0.9992777289156374;0.999070101946876;0.9998549101705739;1.0;0.9999924483761709;1.0001855165618763;0.9999669056027813;0.9999798319888674;1.0;0.9999902649081569;1.024999976158142;
2016-04-04 20:30:00;0.9999706952702998;0.9997663013639608;1.0;0.9999839936664784;0.9999788120653711;1.0;0.9999999999999999;0.9998724061750262;0.9999350378730619;1.0000746671306069;0.9999086503385588;0.9999811045642077;1.0;1.0;0.9997695037995965;0.9997783392042331;0.999782789188477;0.9999999999999999;1.0001091858817253;0.9999853712040307;0.999963324060886;0.9997967793671543;0.999781130528122;0.9999981990649393;1.0002042373580293;1.0;0.9998204475754001;1.0000198979554287;0.9997647111328741;0.9997214311302691;1.0;0.9997776560445315;0.9999508790877585;0.9992353398527296;0.999017957028631;0.9998519074226613;1.0;0.9999912732606053;1.0001893773663273;0.9999575660898898;0.9999772620251132;1.0;0.9999893492868381;1.024999976158142;
2016-04-04 20:45:00;0.9999761047667143;0.9998490058769772;1.0;0.9999876955918019;0.9999898395063119;1.0;1.0;0.9999251294549798;0.9999725940364532;1.000072401038672;0.9999447073032312;0.9999813799555852;1.0;1.0;0.9998494315533644;0.9998581599755557;0.9998614339798335;1.0;1.000105615961969;0.9999938404552277;0.9999704847099039;0.9998790483798765;0.9998601804439935;0.9999989162493208;1.0001925849685183;1.0;0.9998912626036618;1.000019425636563;0.9997401420199806;0.9997166999541398;1.0;0.9997785535467993;0.9999740328235303;0.999245214878964;0.9990419061007857;0.9998478785780783;1.0;0.9999912732606053;1.000179279906482;0.9999773504476682;0.9999817496404183;1.0;0.9999894994784478;1.024999976158142;
2016-04-04 21:00:00;0.9999725807189553;0.9997591059686436;1.0;0.9999838330420271;0.999979795138983;1.0;1.0;0.9998755480958259;0.9999456692963822;1.000071014223493;0.9999176843227334;0.9999774592160137;0.9999999999999999;1.0;0.9997492579970046;0.9997668597519205;0.9997729049432199;1.0;1.0001091942183862;0.9999877808362364;0.9999761189923327;0.9998197037085383;0.9997711146331865;0.9999976469594617;1.0001997783607073;1.0;0.9998440287727378;1.000018967154074;0.999784999834531;0.9997362808786966;1.0;0.9997796702398429;0.9999482127110927;0.9992446083690378;0.9990321947630441;0.9998516533741088;1.0;0.999991654403775;1.0001843078150636;0.9999548213498176;0.9999865937655976;1.0;0.9999856077522105;1.024999976158142;
2016-04-04 21:15:00;0.999978393926024;0.9998371296443883;0.9999999999999999;0.9999844655567984;0.9999879957717639;0.9999999999999999;0.9999999999999999;0.9998670551281452;0.9999682860041185;1.0000738786558079;0.9999354047814015;0.9999803741963573;1.0;1.0;0.9997283508970193;0.9997394668532474;0.9997460530530187;1.0;1.000109154556682;0.9999928780415218;0.99998188125686;0.9998754086256181;0.9997441791570981;0.9999966013418158;1.000190840576484;1.0;0.9998899983777301;1.000019796307248;0.9998276739394397;0.9997699056614;1.0;0.9997937923718896;0.9999688845510575;0.9992951325882922;0.9990965043606452;0.9998597133997592;1.0;0.9999908604325449;1.0001766852798413;0.999972825617695;0.9999899636832501;0.9999999999999999;0.999988474359275;1.024999976158142;
2016-04-04 21:30:00;0.9999747332735157;0.9997936808308254;1.0;0.9999839867489075;0.9999838851964934;1.0;0.9999999999999999;0.9998738865856199;0.9999578017058799;1.000071027888963;0.9999265400028878;0.9999785753784083;1.0;1.0;0.9997414195573406;0.9997567750566432;0.9997631039978208;1.0;1.000107789811474;0.9999905163276033;0.9999784774441809;0.9998466284684959;0.9997612659427091;0.9999972117053849;1.00019414512987;1.0;0.999866305929822;1.0000190039623227;0.9998310339431801;0.9997562929775059;0.9999999999999999;0.9997770501403057;0.9999579881590183;0.9992297405664142;0.9990078525601217;0.9998538939121653;0.9999999999999999;0.9999924483761706;1.0001792489769308;0.999963291772365;0.9999880115319971;1.0;0.9999866487268672;1.024999976158142;
2016-04-04 21:45:00;0.9999754197723054;0.9997995019906727;0.9999999999999999;0.999982414796197;0.9999842009902483;1.0;1.0;0.999846680188201;0.9999575816185096;1.0000739779328085;0.9999226189043495;0.9999786797006832;1.0;0.9999999999999999;0.9996890345973503;0.9997028274358807;0.9997103641197644;0.9999999999999999;1.000110992029204;0.9999904689939738;0.9999804332310279;0.9998471063996729;0.9997082472167893;0.9999961871323925;1.000196653983484;1.0;0.9998661610949618;1.0000197816202658;0.999828831418934;0.9997563397314063;1.0;0.9997765074522771;0.9999594867402354;0.9992294497994938;0.9990096605182499;0.9998524742176316;1.0;0.999990860432545;1.000181432731751;0.999964655931562;0.9999893686457347;0.9999999999999999;0.9999870689560013;1.024999976158142;
2016-04-04 22:00:00;0.9999780535940161;0.9998235863834523;1.0;0.9999861248713828;0.9999851936726237;1.0;1.0;0.9998835993119223;0.9999574605374026;1.0000731377619845;0.9999315895459773;0.9999809196466454;1.0;1.0;0.9997736001352824;0.9997832312692363;0.9997883194072201;1.0;1.000107266208082;0.9999904465394821;0.9999776814946731;0.999856734360357;0.999786740628693;0.9999975993494546;1.0001903219585193;1.0;0.9998739323848198;1.0000195896908592;0.9998521268527572;0.9997753896125824;1.0;0.9997849527050436;0.9999638131055516;0.9992567049194607;0.9990453718950633;0.9998592891793606;0.9999999999999999;0.9999924483761709;1.0001766967108263;0.9999685731494086;0.9999868501694384;1.0;0.9999890756592242;1.024999976158142;
2016-04-04 22:15:00;0.9999791058629813;0.9998359401119615;1.0;0.9999898274808805;0.9999864014071458;1.0;1.0;0.999934211195063;0.9999615423184965;1.0000692344787814;0.999943389238358;0.9999808158457826;1.0;0.9999999999999999;0.9998745272990794;0.9998840827282844;0.9998867058845028;1.0;1.0001016834494423;0.9999913727810235;0.9999753290435801;0.9998688752452883;0.9998857019971259;0.9999993739782543;1.0001832684028493;0.9999999999999999;0.999884819537522;1.000018587007671;0.9998172713948755;0.9997569766908578;1.0;0.9997978361695988;0.9999663828851956;0.9992946622464367;0.9990851917576998;0.9998721898232801;1.0;0.9999912732606054;1.0001708674362353;0.999970772500989;0.9999849108345029;1.0;0.9999890470545103;1.024999976158142;
2016-04-04 22:30:00;0.9999777682301166;0.9998258908438901;1.0;0.9999879980461918;0.9999857131914245;1.0;1.0;0.9999135287048383;0.999959691122902;1.0000687623400517;0.9999374300538331;0.9999807469422264;1.0;0.9999999999999999;0.9998323015418212;0.9998424418006322;0.9998461120071226;1.0;1.0001014320104271;0.9999909495429097;0.9999752003892194;0.999860849043918;0.9998448486449183;0.9999986904464967;1.000183357378413;1.0;0.9998776235331929;1.0000184395666833;0.9998763735945698;0.9998075521720403;1.0;0.9998039412286104;0.999964629669531;0.9993262249478908;0.9991424204907835;0.999869053135477;0.9999999999999999;0.9999920672329304;1.0001704567920007;0.9999692430977694;0.9999850336150404;1.0;0.9999888761374442;1.024999976158142;
2016-04-04 22:45:00;0.9999825623236904;0.9998490916754357;0.9999999999999999;0.9999908633657388;0.9999866729614968;1.0;1.0;0.9999324041143447;0.9999618916082416;1.0000715096112252;0.9999473065355552;0.999981222589164;1.0;1.0;0.9998719393993509;0.9998807952927704;0.9998835523274059;1.0;1.0001044373845762;0.9999914445148799;0.9999811039561065;0.9998795673057855;0.9998826069910958;0.9999991285465751;1.0001828481449244;1.0;0.9998950940814407;1.000019192747447;0.9998519092840387;0.9997907929955315;1.0;0.9998034129914233;0.9999673402768403;0.9993191957283692;0.9991310467839564;0.9998722559018441;1.0;0.9999908604325449;1.0001708080911427;0.9999716260683897;0.9999886749406921;1.0;0.999989397955984;1.024999976158142;
2016-04-04 23:00:00;0.9999811577665055;0.9998278885437565;1.0;0.9999904432334263;0.9999848386737434;1.0;1.0;0.9999329407735037;0.9999581260188596;1.0000685491444417;0.9999437675069436;0.9999807225612866;1.0;0.9999999999999999;0.9998694952198732;0.9998813699378565;0.9998843531856997;1.0;1.0001021347387515;0.9999906027904206;0.9999814210073705;0.9998687677311263;0.9998833759841343;0.9999992300752917;1.000180929267284;1.0;0.9998867700982824;1.0000183938464775;0.9998651167922156;0.9998096051748518;1.0;0.9998128321759552;0.9999618634883966;0.9993552380966803;0.9991840262403843;0.9998760255563869;1.0;0.9999912732606053;1.0001685769317978;0.9999667878073364;0.9999891500985936;0.9999999999999999;0.9999884509756846;1.024999976158142;
2016-04-04 23:15:00;0.9999813658384572;0.9998256545525821;1.0;0.9999902018608262;0.999984868877688;1.0;1.0;0.9999304729258681;0.999959378911994;1.000067463166058;0.9999443517027915;0.9999797650042767;1.0;0.9999999999999999;0.9998606209528915;0.9998738537467985;0.9998772202125162;1.0;1.0001014321237516;0.99999088319398;0.9999834912319134;0.9998712310299577;0.9998761907161234;0.9999990469209689;1.0001790748265138;1.0;0.999889473109847;1.000018103389363;0.9998848589545618;0.999818808264456;1.0;0.9998212718643328;0.999961199054133;0.9993869621257948;0.9992125541839554;0.9998798035684402;0.9999999999999999;0.9999920672329303;1.0001666332650416;0.9999661472543935;0.9999906792038178;1.0;0.999987693809505;1.024999976158142;
2016-04-04 23:30:00;0.9999850105137359;0.9998760999014864;0.9999999999999999;0.9999916362927087;0.9999899755777563;1.0;1.0;0.9999392411424045;0.9999730004295336;1.0000694795781575;0.9999574715192939;0.9999818907384167;1.0;1.0;0.9998779263313066;0.9998865718257848;0.9998894458671022;1.0;1.000101405584068;0.9999939525038543;0.9999853265679017;0.999905931716016;0.999888538846177;0.9999989621195464;1.0001745743694535;1.0;0.9999180045407691;1.0000186820313157;0.9998554631869665;0.9998009482609803;1.0;0.9998162648491274;0.9999743559555205;0.9993662078652195;0.999190110631242;0.9998788787769041;1.0;0.9999912732606052;1.0001631839605098;0.9999776322333623;0.9999914529675685;1.0;0.9999897502040557;1.024999976158142;
2016-04-04 23:45:00;0.9999901903814888;0.9999108178264088;1.0;0.9999940152941719;0.9999923269717046;1.0;1.0;0.9999508579331856;0.9999789556822873;1.0000715289510813;0.9999686921238005;0.9999837046714491;1.0;1.0;0.9999023619168449;0.9999085233489408;0.9999108406248003;0.9999999999999999;1.0001027322659075;0.9999952902056228;0.999991514055973;0.9999320492539279;0.9999101596666702;0.9999990403377773;1.0001704124201738;0.9999999999999999;0.9999412018642091;1.000019247573049;0.9998659195072803;0.9998030326916543;1.0;0.9998155051320161;0.9999806246755603;0.9993671068893174;0.9991851381027361;0.9998759782232061;1.0;0.9999920672329302;1.0001600730373856;0.9999831188882576;0.999995246236087;0.9999999999999999;0.9999911633535419;1.024999976158142;
2016-04-05 00:00:00;0.9999880507385991;0.9998940387634004;1.0;0.999993753181863;0.9999906179143937;1.0;1.0;0.9999536336411267;0.9999733653834122;1.0000713649872657;0.9999634991413112;0.9999836301149013;0.9999999999999999;1.0;0.9999117373102221;0.9999181914457675;0.9999201180146556;0.9999999999999999;1.0001027010180168;0.9999940344784451;0.9999873695921918;0.9999162816228317;0.9999194678086982;0.9999994054515363;1.0001737497844243;1.0;0.9999272634093684;1.0000191950370663;0.9998468170790987;0.9998005447797416;1.0;0.9998219120787106;0.9999768893283634;0.9993898228033535;0.9992205816398435;0.999879792111529;1.0;0.9999916544037754;1.0001631272196032;0.9999799122834873;0.9999924822238615;1.0;0.9999910597669411;1.024999976158142;
2016-04-05 00:15:00;0.9999823292416389;0.9998521102430178;1.0;0.9999906548336434;0.9999878842902635;0.9999999999999999;0.9999999999999999;0.9999357530576595;0.9999674418659543;1.0000687556372945;0.9999508037196844;0.9999816621080139;1.0;1.0;0.9998710217554934;0.9998815796281498;0.9998846108831261;1.0;1.0001015968759543;0.9999926947406258;0.9999824574323029;0.999888437542805;0.999883629985969;0.9999990639521198;1.0001783586548605;1.0;0.9999030343884163;1.0000184654212543;0.9998782019481374;0.9998280082046521;1.0;0.99982880727372;0.999968958705522;0.9994348488315573;0.9992804044438132;0.999869919832371;1.0;0.9999920672329303;1.000166331428974;0.9999729179785817;0.9999897392108822;1.0;0.9999891901309205;1.024999976158142;
2016-04-05 00:30:00;0.9999851703372373;0.9998813612821064;0.9999999999999999;0.9999926699849687;0.9999903567672388;0.9999999999999999;1.0;0.9999530362294183;0.999973602329111;1.0000688391026882;0.9999603105286842;0.9999826993619669;1.0;1.0;0.9999075047652908;0.9999153367060699;0.9999173987673002;1.0;1.000100025956587;0.9999940860155805;0.9999836193111863;0.9999082966507493;0.9999166609606379;0.9999994919436456;1.0001732516392088;1.0;0.9999198018390043;1.0000185132562105;0.999860186682039;0.9998203933746906;1.0;0.9998314740080779;0.9999756007449067;0.9994443649610772;0.999293783903479;0.9998714526700458;1.0;0.999992448376171;1.0001622385320668;0.9999787379022449;0.9999901417796206;1.0;0.9999903100378481;1.024999976158142;
2016-04-05 00:45:00;0.9999865814168204;0.9998817901086733;0.9999999999999999;0.9999935269709228;0.9999901944659737;1.0;1.0;0.9999603306599198;0.9999742572551521;1.0000681931523383;0.9999635837318371;0.9999827999244869;1.0;1.0;0.9999188616338656;0.9999281411066959;0.9999301138605656;1.0;1.0000999810710098;0.9999942335030797;0.999987110934513;0.9999137107420829;0.9999294657997347;0.9999996280730764;1.000171484362005;1.0;0.9999256643038968;1.0000183428415708;0.9998793769873231;0.9998288842190711;1.0;0.9998291365477491;0.9999744819978338;0.9994354669074563;0.9992812811708682;0.9998704767265759;1.0;0.9999908604325449;1.0001606297482808;0.999977704893726;0.9999925354133464;1.0;0.9999900098195382;1.024999976158142;
2016-04-05 01:00:00;0.9999901189139444;0.999910510292933;1.0;0.9999950896589981;0.9999922194064188;1.0;1.0;0.9999663978148282;0.9999786333816423;1.0000682821527784;0.9999709852909401;0.9999841337082139;1.0;1.0;0.9999343629341075;0.9999405817450885;0.9999420817246331;1.0;1.000098256972356;0.9999952204809075;0.9999900795212943;0.9999319601682536;0.9999415811531698;0.9999996460698396;1.0001646103633668;0.9999999999999999;0.9999412356442596;1.000018378259374;0.9999112434669153;0.999860736519601;1.0;0.9998454963426194;0.9999803633478744;0.9994970647134919;0.9993634869956054;0.9998777230866092;1.0;0.9999912732606054;1.0001547871536312;0.9999828933054097;0.9999941785102032;1.0;0.9999913436128819;1.024999976158142;
2016-04-05 01:15:00;0.9999903762156572;0.9999040379608548;1.0;0.9999951117771777;0.9999912087313191;1.0;0.9999999999999999;0.9999639531835209;0.9999756616076046;1.0000689149601878;0.9999692518880914;0.9999840470662436;1.0;1.0;0.9999302878460685;0.9999371081735735;0.9999387243498207;1.0;1.0000994990125898;0.9999945543219798;0.9999912188632947;0.9999275069264261;0.9999382177152041;0.9999995986456741;1.000166091601845;1.0;0.9999379337098613;1.0000185454332582;0.999887284406239;0.9998591036450628;1.0;0.9998555120558014;0.9999779238161235;0.9995351541037322;0.9994195946092965;0.9998819035715164;1.0;0.9999920672329303;1.0001561449229293;0.999980777219742;0.9999949916451162;1.0;0.9999911607980511;1.024999976158142;
2016-04-05 01:30:00;0.9999897354526639;0.9999077798884003;1.0;0.9999946912573898;0.9999924443111907;1.0;1.0;0.9999651169041219;0.999980594170894;1.0000663709133943;0.999971549075933;0.9999841837261537;1.0;0.9999999999999999;0.9999272190654271;0.9999348792867916;0.9999367178327435;0.9999999999999999;1.0000964709009343;0.9999956572574752;0.9999911170588158;0.9999341390130393;0.9999361591844483;0.9999995183329509;1.000161941007453;1.0;0.9999434508654498;1.0000178619715931;0.9999409281478914;0.9999081920570919;1.0;0.9998721540537578;0.9999800635153561;0.9995990687247961;0.9995116125744736;0.9998884280751358;0.9999999999999999;0.9999912732606053;1.0001520131964083;0.99998255945104;0.9999950233812902;1.0;0.999991021983004;1.024999976158142;
2016-04-05 01:45:00;0.9999906233399634;0.9999335092461642;1.0;0.9999955137689747;0.9999952212705072;0.9999999999999999;1.0;0.9999750442571552;0.9999875466665186;1.0000659139752277;0.9999780343174098;0.9999851379207692;0.9999999999999999;0.9999999999999999;0.9999487119739741;0.9999533435251405;0.999954509818222;0.9999999999999999;1.0000940182725928;0.9999972178256259;0.9999891222346808;0.9999494663390043;0.9999540659277191;0.9999997568934533;1.0001577098985996;1.0;0.9999553144266351;1.0000177473397935;0.9999450601034022;0.9999257925780729;1.0;0.9998813672260967;0.9999875007363881;0.9996449285193799;0.9995806234957164;0.9998849097728567;1.0;0.9999920672329303;1.0001484777708778;0.9999890753327803;0.9999933731725513;1.0;0.9999921765671332;1.024999976158142;
2016-04-05 02:00:00;0.9999915506244836;0.9999526249123272;1.0;0.9999955510494638;0.9999971577544906;0.9999999999999999;1.0;0.999972362609414;0.9999921296755168;1.000065287166261;0.9999811725669671;0.9999863547228849;0.9999999999999999;1.0;0.999944880163531;0.9999470747417929;0.9999482272262236;1.0;1.0000916986915078;0.9999982441136078;0.9999887698282002;0.9999602015804616;0.9999477652743617;0.9999995569407569;1.0001527823917875;1.0;0.999963573315933;1.0000175807269687;0.9999565413228882;0.9999452345969412;0.9999999999999999;0.9998990515055689;0.999992865990031;0.9996976742998173;0.9996527318663001;0.9999021653375664;1.0;0.9999916544037754;1.0001440466799942;0.9999937888048279;0.9999929540940835;1.0;0.9999933085030451;1.024999976158142;
2016-04-05 02:15:00;0.999990042168034;0.9999423515995282;1.0;0.9999947217340569;0.9999964347718349;1.0;1.0;0.9999667959781395;0.9999902047699614;1.0000649791033014;0.9999774308112118;0.9999863357290213;1.0;1.0;0.9999335936637933;0.9999364371076096;0.9999378472372821;0.9999999999999999;1.000091660057981;0.9999978133650032;0.999987057849462;0.9999521682533895;0.9999372968324842;0.999999458488193;1.0001543751329234;0.9999999999999999;0.9999564166933886;1.0000174967119422;0.9999425130425575;0.9999375970683582;1.0;0.9999011621267503;0.999991003383848;0.9997094001900066;0.999664936392254;0.9999005304887733;1.0;0.9999916544037751;1.000145295098177;0.999992163008082;0.9999919214309669;1.0;0.999993144955247;1.024999976158142;
2016-04-05 02:30:00;0.9999938505440199;0.9999630498920223;1.0;0.9999961285623569;0.9999977257058829;1.0;1.0;0.9999708729095131;0.9999938995988011;1.00006677575916;0.9999845943950588;0.9999868353154984;1.0;1.0;0.9999408482263445;0.9999428360898305;0.9999441886119927;1.0;1.0000936368284457;0.999998639666292;0.999992987953851;0.9999699032987914;0.9999437457066975;0.9999993302958515;1.0001524992710056;1.0;0.999972646416139;1.0000179816918415;0.9999698714716128;0.9999523207267139;1.0;0.9999026526279763;0.999994169617759;0.9997156802068461;0.9996700319093247;0.999900734103178;0.9999999999999999;0.9999924483761709;1.0001439577736118;0.9999949130045809;0.9999957430910511;1.0;0.9999935750842043;1.024999976158142;
2016-04-05 02:45:00;0.9999900732124771;0.9999403552021506;1.0;0.9999951536430688;0.9999963591531288;0.9999999999999999;0.9999999999999999;0.9999739856464873;0.9999907215684815;1.0000642414465057;0.9999789768640042;0.9999854309900535;1.0;1.0;0.9999460087374522;0.9999497748378763;0.9999509656994058;1.0;1.000091188243066;0.9999979276414334;0.9999874962229856;0.9999533513514526;0.9999504828023125;0.9999996888729703;1.0001539583159005;0.9999999999999999;0.9999578579209464;1.0000172972607455;0.999954368736027;0.9999401431789658;0.9999999999999999;0.9999103730569666;0.9999903497968222;0.9997432194668512;0.9996923548275195;0.9999052091301992;1.0;0.9999904792909121;1.0001449034322776;0.9999915551722468;0.999992239611452;1.0;0.9999925157023086;1.024999976158142;
2016-04-05 03:00:00;0.999993856617396;0.9999551721184253;1.0;0.9999967617222641;0.9999965465289502;1.0;0.9999999999999999;0.9999779152932713;0.9999903812428939;1.0000662389463917;0.999983803493061;0.9999860223118106;1.0;1.0;0.9999566575473338;0.9999592595782516;0.9999602038720984;1.0;1.0000932579315274;0.9999978528821722;0.9999928203320914;0.9999641194090579;0.9999598643185824;0.9999996768543199;1.0001524680101874;1.0;0.9999682014330954;1.0000178371261814;0.9999510922373992;0.9999425792761121;1.0;0.9999084026028828;0.9999913731053027;0.9997381809068313;0.9996938356354051;0.9999027115551606;1.0;0.9999916544037752;1.0001440101771717;0.9999924909828803;0.9999956182768613;1.0;0.9999930609643997;1.024999976158142;
2016-04-05 03:15:00;0.9999934232189641;0.9999591693311081;1.0;0.9999967202013484;0.9999972262423936;1.0;1.0;0.9999802774717729;0.9999922452189567;1.0000658083756502;0.9999847191875362;0.999986260797081;1.0;1.0;0.9999612700750686;0.999963324823961;0.9999641182923642;1.0;1.0000923369328178;0.9999982696184508;0.9999913729743634;0.9999662382575243;0.9999637885238131;0.9999997564415071;1.0001517941695943;1.0;0.9999695095412287;1.0000177212256212;0.9999766186250676;0.9999610839849525;0.9999999999999999;0.9999078071417132;0.9999930889936018;0.999734071971453;0.9996958862836255;0.999903719701714;0.9999999999999999;0.999990479290912;1.0001434052308782;0.9999939861981824;0.9999945983773462;1.0;0.9999932994513488;1.024999976158142;
2016-04-05 03:30:00;0.9999931006732362;0.9999558480597156;1.0;0.9999960300023744;0.9999968985761053;1.0;1.0;0.9999710899921922;0.9999911214311242;1.0000655887976917;0.9999821774533657;0.9999861251866183;0.9999999999999999;1.0;0.9999432744227087;0.9999453258892043;0.9999465445508731;1.0;1.000092033600216;0.9999980184502241;0.9999915019428528;0.9999629178485449;0.9999461106256401;0.9999994539138771;1.0001511768803715;1.0;0.9999665284671838;1.0000176611519789;0.9999662128273309;0.9999556280893945;1.0;0.9999125847047502;0.999992401672769;0.9997350492165985;0.9996972980665106;0.9999173832456584;1.0;0.9999900664615025;1.0001426600695549;0.9999933996604923;0.9999947482711445;1.0;0.9999932389332091;1.024999976158142;
2016-04-05 03:45:00;0.9999924561337278;0.9999445681859562;1.0;0.9999960720024772;0.9999959684326409;1.0;1.0;0.9999752252468104;0.9999895566908211;1.0000642859066897;0.9999812880510672;0.999985239012528;1.0;1.0;0.9999488942022311;0.9999528670214132;0.9999540707403064;1.0;1.000091369524457;0.9999976684517518;0.9999918788163413;0.9999582877205784;0.9999536591117012;0.9999996294252201;1.0001510870210444;1.0;0.9999632394244872;1.000017310341525;0.9999392528156051;0.9999362893664995;1.0;0.9999175358389901;0.9999894172505605;0.9997512762531007;0.9997072451665928;0.999921220288174;1.0;0.9999920672329303;1.0001423897557289;0.9999907479904809;0.9999951404639201;1.0;0.9999923795688691;1.024999976158142;
2016-04-05 04:00:00;0.9999928027224265;0.9999490153053954;1.0;0.9999965796741951;0.9999964202278946;1.0;0.9999999999999999;0.9999816632973114;0.9999909252623488;1.0000647299762782;0.9999835400877527;0.9999850406633435;1.0;0.9999999999999999;0.9999614997063989;0.9999652658651667;0.9999661672795128;0.9999999999999999;1.0000918583816398;0.999997974890139;0.9999918224915539;0.9999620115672526;0.9999658290069408;0.9999998257310886;1.0001517852424289;1.0;0.9999664531874463;1.0000174311509975;0.9999415906318099;0.9999214149999641;0.9999999999999999;0.9998967661629905;0.999990475640793;0.9996738703711353;0.9996054602111659;0.9999114616815789;1.0;0.9999916544037751;1.0001431923428883;0.9999916629774406;0.9999950421949688;1.0;0.9999923392831171;1.024999976158142;
2016-04-05 04:15:00;0.9999945353282665;0.9999613861041029;1.0;0.9999972010211199;0.9999973195484628;1.0;1.0;0.9999833236028719;0.9999932746404392;1.0000660319375139;0.9999871594486172;0.9999863091802549;1.0;0.9999999999999999;0.999964921110125;0.9999678255743363;0.9999686652528419;0.9999999999999999;1.0000931507774238;0.9999984987230374;0.9999940882319835;0.9999713427236765;0.9999683746754707;0.9999997577472584;1.000151572466992;1.0;0.9999746790323836;1.0000177813859674;0.9999582450095791;0.9999313987182714;1.0;0.999895399289708;0.9999928347910112;0.9996699916114082;0.9996024366421178;0.9999099848472349;0.9999999999999999;0.9999916544037751;1.0001432349341888;0.9999937225938548;0.9999964558620282;1.0;0.9999931184063001;1.024999976158142;
2016-04-05 04:30:00;0.9999938982823604;0.9999622271295268;0.9999999999999999;0.9999962918140646;0.9999976405905964;1.0;0.9999999999999999;0.9999731653454019;0.9999938601051916;1.000066766073774;0.999985044901646;0.9999883521410735;1.0;1.0;0.9999449519400913;0.9999472422039164;0.9999485195694572;1.0;1.0000938024479071;0.9999986303375271;0.9999931874471584;0.9999700897393786;0.9999481008296868;0.9999994088051907;1.0001528037430314;0.9999999999999999;0.9999729767811983;1.000017979236777;0.9999157041575306;0.999905483612958;1.0;0.9998922249607891;0.999993834282772;0.999651545866816;0.9995811897922694;0.9999129955693948;1.0;0.9999912732606053;1.0001442559349643;0.9999946096423484;0.9999958870297618;1.0;0.9999941884433269;1.024999976158142;
2016-04-05 04:45:00;0.9999931898164978;0.9999616948349147;1.0;0.9999959834874038;0.9999976168272178;1.0;1.0;0.9999708400254335;0.9999930555201935;1.0000652903931477;0.9999833264807505;0.9999939248916099;1.0;0.9999999999999999;0.9999426314022742;0.9999440594810505;0.9999452742318894;1.0;1.0000912506307489;0.9999984503486392;0.999991152606631;0.9999665954664902;0.9999448314533992;0.9999994076862785;1.0001498192576752;1.0;0.9999693397014304;1.0000175807864369;0.9999620587647113;0.9999463093066572;0.9999999999999999;0.9999141721166652;0.999994245724307;0.9997392872350649;0.9996908660768028;0.9999192440021256;1.0;0.9999900664615023;1.0001414192816613;0.9999950075627982;0.9999944701161262;1.0;0.9999969131046559;1.024999976158142;
2016-04-05 05:00:00;0.9999931642614657;0.9999528536323626;0.9999999999999999;0.9999966329846058;0.999996544985904;1.0;0.9999999999999999;0.9999795978687408;0.999990515973931;1.000064890666171;0.999983350878841;0.9999933765877445;0.9999999999999999;1.0;0.9999596836355671;0.9999624510486944;0.9999633107002961;0.9999999999999999;1.0000914904211242;0.999997882646949;0.9999915966101224;0.9999623795866134;0.9999629727728107;0.9999997704600407;1.0001507517414363;1.0;0.9999664963572583;1.0000174736271106;0.9999485874893586;0.9999398632290801;1.0;0.9999068733298527;0.9999912798351503;0.9997184188609037;0.9996718872509994;0.9999114975184326;1.0;0.9999916544037751;1.0001423219617056;0.9999924025923608;0.9999948108652749;1.0;0.9999963454468012;1.024999976158142;
2016-04-05 05:15:00;0.9999930148984933;0.9999558343660466;1.0;0.9999964913922686;0.9999969794075292;0.9999999999999999;1.0;0.9999787241530879;0.999991647267744;1.0000647350069292;0.9999836627410599;0.9999935242969009;1.0;1.0;0.9999579285983321;0.999960275999539;0.9999611560208332;0.9999999999999999;1.0000910246296983;0.9999981359671217;0.9999910278870799;0.999963915118882;0.9999608008157899;0.9999997277103132;1.0001501759956886;1.0;0.9999674995447084;1.0000174321208501;0.9999594008955259;0.9999514040745255;1.0;0.9999083013988544;0.9999924143122503;0.9997331932606134;0.9996949183472266;0.9999057338808707;1.0;0.9999908604325449;1.00014178125825;0.999993394282913;0.9999944081934659;1.0;0.99999651250875;1.024999976158142;
2016-04-05 05:30:00;0.9999927260676563;0.9999521348729317;1.0;0.9999962578956798;0.9999966524351882;0.9999999999999999;1.0;0.9999765229922589;0.9999908652167909;1.0000652679608146;0.999982538285352;0.9999934338060394;1.0;1.0;0.9999531667305604;0.9999559150439861;0.9999569289281938;1.0;1.0000920021682493;0.9999979605906412;0.9999910625437078;0.9999615879302924;0.9999565434742335;0.9999996681012898;1.0001519171139166;1.0;0.9999655882895451;1.0000175749912736;0.9999387466632293;0.9999397403055346;1.0;0.9999085619700574;0.9999915155912001;0.9997426293467582;0.9997044292244215;0.9999000890536658;1.0;0.9999900664615023;1.000143343311958;0.9999926049294855;0.9999944827025989;1.0;0.9999963758650745;1.024999976158142;
2016-04-05 05:45:00;0.9999944644269907;0.9999579437981516;1.0;0.9999972077983822;0.9999968131478455;1.0;1.0;0.9999826329467473;0.9999915891641701;1.0000680125798942;0.9999859718572975;0.9999932079283012;1.0;1.0;0.9999646611915778;0.9999676130014649;0.9999684309019692;1.0;1.0000959196951733;0.9999981232543572;0.9999939650784667;0.9999681211267323;0.999968144120314;0.9999997782666462;1.0001560096885351;1.0;0.9999719979461839;1.0000183152581459;0.9998780312476003;0.9999046116001603;1.0;0.9998737065558548;0.9999917402971193;0.9996011209752347;0.9995622216675784;0.9998916306129199;1.0;0.9999912732606053;1.0001474532738088;0.9999927863125253;0.9999963767879454;1.0;0.9999962251846529;1.024999976158142;
2016-04-05 06:00:00;0.9999927564572841;0.9999573598902562;1.0;0.999996333400017;0.999997449986755;1.0;1.0;0.9999792333673452;0.9999934867761578;1.0000686336747717;0.999984520918095;0.9999933017377015;1.0;1.0;0.9999570166211671;0.9999596409060859;0.9999605941156846;1.0;1.0000965855372301;0.9999985469762055;0.9999909128983974;0.9999663789523066;0.9999602206437591;0.9999997017994215;1.0001590960720477;1.0;0.999969528019831;1.0000184824402112;0.9998090352688543;0.9998647444713623;1.0;0.9998748971908433;0.9999932536840427;0.9996086419302648;0.9995686337566014;0.99989007765097;1.0;0.9999912732606054;1.0001502039132357;0.9999940960646154;0.999994367472395;1.0;0.9999963457945226;1.024999976158142;
2016-04-05 06:15:00;0.9999934801513879;0.9999608820923273;1.0;0.9999965583654782;0.9999976589348859;1.0;0.9999999999999999;0.9999793997078449;0.9999941118000168;1.0000692443941153;0.9999857212941339;0.9999933978190001;1.0;1.0;0.9999570860451346;0.9999596020638455;0.9999605810920281;1.0;1.000097367636859;0.9999986865255027;0.999992147041653;0.9999695406925537;0.9999602206887932;0.9999996544644704;1.0001593422689499;1.0;0.9999724535540656;1.0000186466066536;0.9998040349230437;0.9998579612782371;1.0;0.999871801265204;0.9999937476932708;0.9995936823939457;0.999547635699168;0.9998909511031048;0.9999999999999999;0.9999900664615023;1.0001505071214691;0.9999945240613999;0.9999951701145903;1.0;0.9999964150759247;1.024999976158142;
2016-04-05 06:30:00;0.9999919411284522;0.9999514004118711;1.0;0.9999958867646809;0.999997025774878;1.0;1.0;0.9999763104961623;0.9999924075562696;1.000069061335872;0.9999824815020053;0.9999882677876029;1.0;1.0;0.9999509363348715;0.999953999626689;0.9999550989126398;1.0;1.0000974413413126;0.9999983048637392;0.9999900745268414;0.9999619373163231;0.999954677688262;0.9999996495598733;1.0001613329778862;1.0;0.9999656127266672;1.0000185964159591;0.9998187036077087;0.9998716324900566;0.9999999999999999;0.9998760170108342;0.9999921294887576;0.9996119292157135;0.9995742132602145;0.9998912650371623;1.0;0.9999786439347618;1.0001521784746232;0.9999931122452805;0.9999938708112966;1.0;0.9999939657143235;1.024999976158142;
2016-04-05 06:45:00;0.9999923861911337;0.9999543029325401;0.9999999999999999;0.999996041691635;0.9999972303639106;1.0;1.0;0.9999766089029682;0.9999929441985759;1.0000730170415735;0.9999833486149105;0.9999492400750987;0.9999999999999999;1.0;0.999951516889873;0.9999543924710941;0.9999554852475199;1.0;1.0001028057662387;0.999998424946665;0.9999906951144676;0.999964189132714;0.9999550744247828;0.9999996218581112;1.000169135321842;1.0;0.9999676134069656;1.0000196619796544;0.9998220042831558;0.9998640239077718;0.9999999999999999;0.9998815584258671;0.9999926571494412;0.9996414428939404;0.9995903438438578;0.9998882052237439;1.0;0.9999698884443617;1.0001596598769842;0.9999935732355483;0.9999942591436232;1.0;0.999976370814699;1.024999976158142;
2016-04-05 07:00:00;0.9999925793098564;0.9999401434813819;1.0;0.9999963241653917;0.9999949496525153;0.9999999999999999;1.0;0.9999750193626853;0.9999856137055425;1.0000784212758531;0.9999791449114582;0.9999366442093701;1.0;1.0;0.999952634456943;0.9999560539984584;0.9999570435443945;1.0;1.000110615580741;0.9999967846617049;0.9999913148626063;0.9999519084891467;0.9999566728650126;0.9999997294970085;1.0001812119978581;1.0;0.9999578062740297;1.0000211154240304;0.9997367369296741;0.9998021919754903;1.0;0.9998428886122428;0.9999875913949821;0.9995341705907832;0.999464797692619;0.9998453291585411;1.0;0.9999577462133382;1.0001711645964788;0.9999892166381725;0.9999946963537011;1.0;0.9999705478598796;1.024999976158142;
2016-04-05 07:15:00;0.9999870981400214;0.9998609184419817;1.0;0.9999939433453815;0.999986521387541;1.0;1.0;0.9999554413067813;0.9999619233017304;1.0000850374176047;0.9999563967425577;0.9999095000925783;1.0;1.0;0.9999175736857573;0.9999271077716791;0.999928933679549;1.0;1.0001234796892513;0.9999914643413385;0.999988035108461;0.9998937048939139;0.9999283404442396;0.9999997181923074;1.0002076802299122;1.0;0.9999095141417915;1.0000228687315644;0.9996636167554597;0.999747805543987;1.0;0.9998329405452885;0.9999666565360054;0.9995046215540175;0.9994208355270415;0.9998374039891093;1.0;0.9997516795313109;1.000195142649576;0.9999710062311989;0.9999931441693608;1.0;0.9999568190538259;1.024999976158142;
2016-04-05 07:30:00;0.9999639885719473;0.9996605666923364;1.0;0.9999830664970113;0.9999724264279956;1.0;1.0;0.9999098371601223;0.9999333245909796;1.0000705416175855;0.9999072738332241;0.9999068444755402;1.0;1.0;0.9997966874925943;0.9998296474331937;0.9998353926544459;0.9999999999999999;1.0001177233933465;0.9999849679612179;0.9999729146624686;0.9997740342264119;0.9998337248111319;0.9999992442163178;1.0002254219340545;0.9999999999999999;0.9998089487839591;1.0000188132482266;0.9996463010378126;0.9997382584025234;0.9999999999999999;0.9998463607630946;0.9999245121143245;0.9995451395169002;0.9994614698694035;0.9998500732680218;1.0;0.9997330907030252;1.0002069324944372;0.9999337547865739;0.9999856229311728;1.0;0.9999500235535107;1.024999976158142;
2016-04-05 07:45:00;0.9999831121896694;0.9998348222308492;0.9999999999999999;0.9999918774516048;0.9999852413326639;1.0;1.0;0.9999465051305086;0.9999602577776662;1.000083106966734;0.9999495655702176;0.9999169943597089;1.0;0.9999999999999999;0.9998937824733235;0.9999065582231219;0.9999091184549698;1.0;1.0001227932182233;0.9999910760649222;0.9999848819471258;0.9998787312200832;0.9999083107911119;0.9999995337251998;1.0002110985650101;1.0;0.9998964878060591;1.0000223259275662;0.9996490585569744;0.9997413341229824;1.0;0.9998488259535215;0.9999622375284744;0.9995713173172832;0.9994898178098671;0.9998396277674969;0.9999999999999999;0.9997524464893089;1.0001975532940226;0.999967057152551;0.9999914341575283;1.0;0.9999594320342942;1.024999976158142;
2016-04-05 08:00:00;0.9999886468851165;0.9998848241029735;1.0;0.9999947089466371;0.999988961096006;1.0;1.0;0.9999615177045407;0.999968298617011;1.0000864520540957;0.9999626368408845;0.999915381078528;1.0;1.0;0.9999302063267527;0.999937369971009;0.9999388234512885;1.0;1.0001240006585341;0.9999928996888009;0.999988217741496;0.9999095245086046;0.9999383102894998;0.9999997693990387;1.000206832122815;1.0;0.9999223619347346;1.0000232610934017;0.9996427243043757;0.9997461988913895;1.0;0.9998498601399138;0.9999730359111797;0.9995897680527833;0.9995221433196587;0.9998306587457773;1.0;0.9997204769054748;1.0001947607757835;0.9999765830177321;0.9999930208872856;1.0;0.9999600431633465;1.024999976158142;
2016-04-05 08:15:00;0.9999881207810746;0.9998846422997886;1.0;0.9999937916020032;0.9999884949916112;1.0;1.0;0.9999466996650852;0.9999648750050639;1.0000882617632283;0.9999575877690904;0.9999054380069501;1.0;1.0;0.9999070448119876;0.9999120232291802;0.9999137803190942;1.0;1.0001252415067223;0.9999921271872009;0.9999860749770995;0.9999017518547525;0.9999131424534474;0.9999993894168817;1.0002089955460731;1.0;0.9999146430423288;1.0000237367420628;0.9996726663546219;0.9997686351439922;1.0;0.9998577678231475;0.9999732459025312;0.9996133295561005;0.9995535248312016;0.9998384381103688;1.0;0.9997337051955604;1.000196813256962;0.9999768778553872;0.9999914966021218;1.0;0.9999560709349754;1.024999976158142;
2016-04-05 08:30:00;0.9999901373319716;0.99990819076683;1.0;0.9999938915427764;0.9999913813733328;1.0;1.0;0.9999449160700682;0.9999744065562683;1.0000942022667627;0.9999650157754986;0.9999030614352883;1.0;1.0;0.9998969034277247;0.9999015031447187;0.9999037290132741;1.0;1.0001332037445965;0.9999942702952854;0.9999900455762055;0.9999240001916135;0.9999030368593351;0.999998961604625;1.0002180782328398;1.0;0.9999338225536467;1.0000253508572923;0.9996067217811027;0.9996684132084029;1.0;0.9997948953145086;0.9999794874870714;0.9993880646792738;0.9992372638296013;0.9998034882315207;1.0;0.9997069837477389;1.000205548479065;0.9999822306772194;0.999994148973613;1.0;0.9999550872078727;1.024999976158142;
2016-04-05 08:45:00;0.9999894211795203;0.9998927532061624;1.0;0.9999944445659268;0.9999899084827693;0.9999999999999999;1.0;0.9999562355772348;0.9999714516122444;1.000095572530857;0.999964488747693;0.9998892464093158;0.9999999999999999;1.0;0.9999171588166321;0.9999242336786741;0.9999260966201539;1.0;1.000136570230106;0.9999936053246167;0.9999901781040731;0.9999170884090429;0.9999255135211309;0.999999427582617;1.0002248470052564;1.0;0.9999289193271528;1.000025719447391;0.9995748565157693;0.9996692542841784;1.0;0.9997897726466208;0.9999750748393651;0.9994415678998794;0.9993226890302345;0.9997527589009069;1.0;0.9997083921585044;1.0002118645275884;0.9999783285174004;0.9999943709179238;1.0;0.9999482519995467;1.024999976158142;
2016-04-05 09:00:00;0.9999900035596822;0.9998816367340604;1.0;0.999994715637224;0.9999881866511154;1.0;1.0;0.9999550142047561;0.9999665976731086;1.0000957454821424;0.9999622609206429;0.99988323391092;1.0;1.0;0.9999156581078436;0.9999239704523598;0.9999259215848556;1.0;1.000137554640442;0.9999925169288392;0.9999923568585317;0.9999102345223337;0.9999253609454736;0.9999994355675476;1.0002255586121729;1.0;0.9999240870054464;1.000025762043877;0.9996097455401783;0.9996821387068513;1.0;0.9997856563271016;0.999970800859496;0.9994057331921079;0.9992759795528013;0.9997648296345579;1.0;0.9997064205625479;1.0002124888094086;0.9999746118113418;0.9999959125409728;1.0;0.9999452388782272;1.024999976158142;
2016-04-05 09:15:00;0.9999908218012317;0.9998936051765156;1.0;0.9999949355205083;0.9999888136560702;1.0;1.0;0.9999514916083689;0.9999662939381663;1.0000950096080066;0.9999623141677769;0.9998660465564403;1.0;1.0;0.9999147989553013;0.9999201908211446;0.9999219139576089;1.0;1.0001347879702234;0.9999924550285866;0.9999910608057403;0.9999121614724815;0.9999213697641539;0.9999993494478875;1.0002203342156584;1.0;0.9999247991911446;1.0000255693099764;0.9996065961444964;0.9996814336641888;1.0;0.9998013691000855;0.999973680301918;0.9994171209972733;0.9992865000276563;0.9998034167903505;0.9999999999999999;0.9997802954182006;1.0002078630919338;0.9999772283493622;0.9999948014254306;1.0;0.9999381679114249;1.024999976158142;
2016-04-05 09:30:00;0.9999889610913253;0.9998923924759696;1.0;0.9999930601198719;0.9999897643819916;1.0;1.0;0.9999361761768598;0.9999698111098065;1.0000971327097676;0.99995960642641;0.9998744274686215;1.0;1.0;0.9998801560467239;0.9998858496088959;0.9998884775123087;1.0;1.0001379180495311;0.9999932409844786;0.9999895154305035;0.9999120357355404;0.9998876833207361;0.9999987657230959;1.0002264871244664;1.0;0.9999237563029596;1.0000261369198578;0.9995725883724202;0.9996560835004296;1.0;0.9997966717741288;0.9999755068831985;0.9994233620204599;0.9992861632692995;0.9997859301554555;1.0;0.9997046506792051;1.0002132424701529;0.9999787726923628;0.9999939477647977;0.9999999999999999;0.9999418838630285;1.024999976158142;
2016-04-05 09:45:00;0.9999923775010746;0.999919151214285;1.0;0.9999955388691458;0.9999919455463988;1.0;1.0;0.9999587656423166;0.9999760988885852;1.0000987595457145;0.9999708082597218;0.9998834037922492;1.0;1.0;0.999924635958894;0.9999289269138537;0.9999305306747189;1.0;1.0001393068483826;0.9999946519763449;0.9999926995208823;0.9999339533621431;0.999930036011281;0.9999993224571253;1.00022543990228;1.0;0.9999431451580829;1.0000265865029252;0.9995530021490657;0.9996125337057675;1.0;0.9997563436603832;0.9999808347263908;0.9992798523329756;0.9990948734209739;0.9997622090453918;1.0;0.9997207801704343;1.000212985423769;0.999983398079494;0.999995773775235;1.0;0.9999462760074838;1.024999976158142;
2016-04-05 10:00:00;0.9999900771804661;0.9999004067131796;1.0;0.9999942132510691;0.9999907523711752;1.0;1.0;0.9999510200972153;0.9999739098387509;1.0001011769042953;0.9999657517042619;0.9998974445698006;1.0;1.0;0.9999056495388262;0.9999122151523673;0.9999143914385077;1.0;1.000144013278447;0.9999941594128526;0.999991417957908;0.9999230093459183;0.99991374723331;0.9999991475781762;1.0002351342537676;0.9999999999999999;0.999933869411245;1.0000272339642704;0.9995390740415618;0.999581727348061;0.9999999999999999;0.9996907305726491;0.9999771124325819;0.9991190759082574;0.9989046516135841;0.9996753734882926;0.9999999999999999;0.9997165022287843;1.000221662769262;0.9999800967857252;0.9999951962293655;1.0;0.9999520789583377;1.024999976158142;
2016-04-05 10:15:00;0.999991180312111;0.9999032350707281;1.0;0.9999953729589304;0.999990411166501;1.0;1.0;0.9999607763115574;0.9999722647687074;1.0001000739402337;0.9999676905799346;0.9998847677186371;0.9999999999999999;1.0;0.9999280524902524;0.9999340552265519;0.9999356195348985;1.0;1.0001421456908484;0.9999937926726439;0.9999919021441694;0.999923886009953;0.9999351325609732;0.9999995156183197;1.0002315656712368;1.0;0.9999349864203176;1.000026939208088;0.9994602617909265;0.9995463127381086;1.0;0.9997217500089325;0.9999766994730905;0.9991562800116826;0.9989534739490208;0.9997422419083432;1.0;0.999743095696241;1.0002185954971363;0.9999797743391127;0.9999953749361868;1.0;0.9999464836954117;1.024999976158142;
2016-04-05 10:30:00;0.9999881600245168;0.9998928366783253;1.0;0.9999940449552976;0.9999901142593771;1.0;0.9999999999999999;0.9999550798654923;0.9999711062324393;1.0000989141981056;0.9999625708037253;0.9998893354187509;1.0;0.9999999999999999;0.9999177813325666;0.999923589872595;0.999925264964006;0.9999999999999999;1.000140443394067;0.9999935277132658;0.9999866303425045;0.9999128386795013;0.9999246613268195;0.9999995049865743;1.0002327565982783;1.0;0.9999242169459206;1.0000266198146104;0.9994696279158055;0.9995377413838528;1.0;0.9996949393265984;0.9999761859691958;0.9990424661681255;0.9988183601207061;0.9997386880225987;1.0;0.9997807611354991;1.0002194065406877;0.9999793454692025;0.9999919087857716;1.0;0.9999485945801273;1.024999976158142;
2016-04-05 10:45:00;0.9999790968548904;0.9998575389050919;1.0;0.9999900245140599;0.9999894418858717;1.0;0.9999999999999999;0.9999419210698665;0.9999705471233491;1.0000951936855647;0.9999496538317655;0.9998849493620435;1.0;1.0;0.999887099596588;0.999894984723314;0.9998972924968283;1.0;1.0001365862418174;0.9999933923689642;0.9999734365559482;0.9998847704602274;0.9998963233636493;0.999999440216898;1.0002380592819278;1.0;0.9998972483531239;1.0000255946214727;0.9995360958684233;0.9995873188348807;1.0;0.9996914384668274;0.9999736443506992;0.9990163667611186;0.9988101019048236;0.9997463441040044;1.0;0.9997355730600406;1.0002232131247273;0.9999770650916678;0.9999834729715545;1.0;0.9999461162254075;1.024999976158142;
2016-04-05 11:00:00;0.9999885398206675;0.9999027508072721;1.0;0.999994314672087;0.9999913832139399;1.0;1.0;0.9999594847375988;0.9999749816201705;1.0001034789921766;0.9999659055668931;0.9998838986905435;1.0;1.0;0.9999250355500736;0.9999302968696592;0.9999318200989262;1.0;1.0001464342995627;0.9999943959487883;0.9999866135882197;0.9999208747522936;0.9999312499196632;0.9999995587013144;1.0002418093948275;0.9999999999999999;0.9999308307405437;1.0000278507130023;0.9994988626083521;0.999564876641622;1.0;0.9996508061985259;0.9999791348153976;0.9989684223911712;0.9987658186686353;0.9996580692930264;0.9999999999999999;0.9997644536619504;1.0002281361844447;0.9999818939976937;0.9999918251573064;0.9999999999999999;0.9999462679634119;1.024999976158142;
2016-04-05 11:15:00;0.999981441347534;0.9998795303392587;1.0;0.999991106427105;0.9999906425779697;1.0;1.0;0.9999438169401096;0.9999714805063722;1.0000993647845196;0.9999530871401254;0.9998736625997552;1.0;1.0;0.9998981327991167;0.999902264778261;0.9999040428980416;1.0;1.0001401109829056;0.9999936077106953;0.9999736692340971;0.9998937515257252;0.9999031858407876;0.9999994694076118;1.0002409937487005;1.0;0.9999042416982774;1.0000267266944718;0.999530110870114;0.999601686356847;0.9999999999999999;0.9996782327276909;0.9999781807928236;0.9990311481444907;0.9988539131957324;0.999697089251493;1.0;0.999803898837245;1.0002266453198394;0.9999811406789645;0.9999832585588103;1.0;0.9999419110861726;1.024999976158142;
2016-04-05 11:30:00;0.9999881912934525;0.999883481789368;1.0;0.9999935740503461;0.9999883158908203;0.9999999999999999;1.0;0.9999426368020314;0.9999641810069487;1.0000999003382183;0.9999565824077623;0.9998736147964787;1.0;0.9999999999999999;0.9998991061629738;0.9999040747041802;0.9999060231923317;0.9999999999999999;1.0001413042454739;0.999991990089602;0.9999864531468163;0.9999005936080669;0.9999053421902866;0.999999226207449;1.0002336773226708;1.0;0.9999136413910426;1.0000268879020726;0.9995232900047646;0.9996013204777954;1.0;0.999710675975143;0.9999728368255235;0.9991375657634215;0.9989637717530031;0.9997219022293568;1.0;0.999796712126853;1.0002202573360253;0.9999765343420536;0.9999917653206113;1.0;0.9999416897043746;1.024999976158142;
2016-04-05 11:45:00;0.9999893625962235;0.9999151977744358;1.0;0.9999940039278841;0.9999927334726063;1.0;1.0;0.999952747698877;0.9999786495071882;1.000101263599548;0.9999677874957399;0.9998727874226594;1.0;1.0;0.9999108103356983;0.9999149423672314;0.9999168182307918;1.0;1.0001426906860296;0.9999952195148998;0.9999877210151504;0.9999294194681968;0.999916171253384;0.9999991848304288;1.000234350067725;0.9999999999999999;0.9999377567996904;1.0000272567124904;0.9994942624678733;0.9995842782625928;1.0;0.9997238269345045;0.9999825720306879;0.9991769658012689;0.9990027893225266;0.9997348361211174;0.9999999999999999;0.9997866259254593;1.0002210916877332;0.9999848902606643;0.9999925252231504;1.0;0.9999415155189736;1.024999976158142;
2016-04-05 12:00:00;0.9999839308440417;0.999848904331546;1.0;0.9999919269321812;0.9999861074053811;0.9999999999999999;1.0;0.9999403746691127;0.9999603780069504;1.000099418702876;0.9999493253391231;0.9998805352408165;1.0;1.0;0.9998883401117837;0.9998976889785082;0.9999000971553293;0.9999999999999999;1.0001433083493203;0.9999911117317826;0.9999833007743855;0.9998811166418237;0.9998992786644079;0.9999993433999997;1.0002420322033063;1.0;0.9998973316623047;1.0000267311723834;0.9995187054255664;0.9995732396247545;1.0;0.9996846245840058;0.9999658869990745;0.9990203084878593;0.9988099492273771;0.9997238331359682;1.0;0.9997710542748458;1.0002273485368844;0.9999703589074305;0.9999901058990707;1.0;0.9999437715511313;1.024999976158142;
2016-04-05 12:15:00;0.9999886636891772;0.9998871089928099;1.0;0.9999937788564567;0.9999888891517879;0.9999999999999999;1.0;0.9999457167535134;0.9999667158478271;1.0001016986122966;0.9999590875046308;0.9998997232223505;1.0;0.9999999999999999;0.9999023335799109;0.9999079064923126;0.9999098922026051;1.0;1.0001441796071493;0.9999925437574778;0.9999878711335352;0.9999063172808635;0.9999092301975592;0.9999992482677061;1.000237536426014;1.0;0.9999189173158025;1.0000273619231126;0.9994925131294241;0.999543742178456;0.9999999999999999;0.9996688882958279;0.9999737403716566;0.9989543994670236;0.998721324954222;0.999720616742388;1.0;0.9997910035284205;1.000223919324381;0.999977269911332;0.9999927525584421;0.9999999999999999;0.9999533459339734;1.024999976158142;
2016-04-05 12:30:00;0.9999834438899927;0.9998161495399476;1.0;0.9999909743599867;0.9999807865341898;1.0;1.0;0.9999160847239881;0.9999418671331294;1.0001003862153282;0.9999343232451586;0.9998924450425017;1.0;1.0;0.9998532790771835;0.9998622398150205;0.999865154700651;1.0;1.0001445402948141;0.9999869437479537;0.99998310229247;0.9998469854886363;0.9998642067678778;0.9999989572060869;1.0002440440136222;1.0;0.9998686305438721;1.000026946138351;0.9995278824009013;0.9995818333723447;1.0;0.9996750556628138;0.9999549566120038;0.9989804024805032;0.9987731988559372;0.9997212661812198;1.0;0.9998134594637206;1.0002290577342143;0.9999610421556219;0.9999900380401884;1.0;0.9999492471734652;1.024999976158142;
2016-04-05 12:45:00;0.9999750364404939;0.9997976333577526;1.0;0.99997887605602;0.9999828776661431;1.0;0.9999999999999999;0.9997884970753907;0.9999493998435515;1.0001069585486484;0.9999079175437845;0.9998759197502015;0.9999999999999999;1.0;0.9995851171329219;0.9995945333171788;0.999604144350689;1.0;1.000154198756623;0.9999886138779077;0.9999797781780547;0.9998300589663677;0.9996014731069623;0.9999943027052483;1.0002618187827619;0.9999999999999999;0.999849629459697;1.0000286111545689;0.9995182783473012;0.9995833978634672;1.0;0.9996758436089034;0.9999590894912662;0.9989743009457809;0.9987802449240304;0.9997287936701632;1.0;0.9997656559710282;1.0002430355577456;0.9999645480535683;0.9999889387587957;0.9999999999999999;0.9999416686699718;1.024999976158142;
2016-04-05 13:00:00;0.9999721065216954;0.9998304594188099;1.0;0.9999830798857714;0.9999899713626444;1.0;1.0;0.9998824378639171;0.9999753819626451;1.000098674208008;0.9999347574363426;0.9998683248393799;1.0;1.0;0.9997538940559577;0.9997654334758905;0.9997713069366392;1.0;1.0001437152634487;0.9999944608459008;0.999970001052838;0.9998701823726535;0.9997694146185137;0.999997273712569;1.0002539992983999;1.0;0.9998827982715527;1.0000264811122732;0.9995095622569168;0.9995737442947025;1.0;0.99968160587351;0.9999727907604365;0.998993435240154;0.9987924600494127;0.999733228369228;1.0;0.9997648941974577;1.0002363480330205;0.9999761397958381;0.9999820564417039;1.0;0.9999377291632707;1.024999976158142;
2016-04-05 13:15:00;0.9999538998614612;0.9997624731625675;1.0;0.9999779245178535;0.9999867553378917;1.0;1.0;0.9998862070280921;0.9999632762530847;1.0000900396636228;0.9999076865362275;0.9998919115720885;1.0;1.0;0.9997742572643429;0.9997844415184282;0.9997887908434573;1.0;1.000131253876475;0.9999916965274669;0.999934689760968;0.9997975729162523;0.999786685067898;0.9999987916659322;1.0002610512043655;1.0;0.9998132480172525;1.0000240429171352;0.999531952591898;0.9995595597223269;1.0;0.9996702614242753;0.999966773723819;0.998960764901412;0.9987175714800565;0.9997207433344248;1.0;0.999768375563634;1.0002417178255254;0.9999710723960192;0.9999584795166804;1.0;0.9999487136727463;1.024999976158142;
2016-04-05 13:30:00;0.9999870696722526;0.9998857715369779;1.0;0.9999929240840704;0.9999900756786118;1.0;1.0;0.9999464006820705;0.9999722625132694;1.000102028647413;0.9999605814626288;0.9998764292014939;1.0;0.9999999999999999;0.9998958465698401;0.9999032008393441;0.9999055602547273;1.0;1.0001456859468263;0.9999937854858598;0.9999870880348215;0.9999111215108757;0.9999048029060597;0.9999991394169694;1.0002415496457542;0.9999999999999999;0.9999228381437604;1.0000274537980887;0.9995149290871911;0.9995667160673528;1.0;0.9996664172082614;0.9999752667137569;0.9989703602426685;0.9987551332685718;0.9997035467850438;1.0;0.9997602575647687;1.0002273548869547;0.9999784784174974;0.9999924307508931;1.0;0.9999423920413134;1.024999976158142;
2016-04-05 13:45:00;0.9999896113889769;0.9998784105754269;1.0;0.9999941105943548;0.9999870567958056;0.9999999999999999;1.0;0.9999421028773191;0.9999607133198122;1.0001060237498285;0.9999562437240057;0.999884292849144;1.0;1.0;0.9998987742098281;0.9999046560727286;0.9999066883448847;1.0;1.0001503773801559;0.9999911915370652;0.9999899046815158;0.9998986264308614;0.9999060515864154;0.9999992013984306;1.0002459205012042;0.9999999999999999;0.9999131808565492;1.0000285168914012;0.9995461208350825;0.9995770081314691;1.0;0.9996309366675424;0.9999697476037187;0.9988194322651963;0.9985945634261891;0.9996998697515107;1.0;0.9997398579307047;1.0002319507348134;0.9999738413021029;0.9999941260446331;1.0;0.9999462978821183;1.024999976158142;
2016-04-05 14:00:00;0.9999868856371011;0.9998252546214772;1.0;0.9999923580572022;0.9999799534160008;0.9999999999999999;1.0;0.9999149546134809;0.9999374310433791;1.0001024136162289;0.9999355327429891;0.9998942407151497;1.0;1.0;0.9998583081811033;0.999865334716896;0.9998679871272567;1.0;1.0001462290823169;0.9999859398090156;0.999987230738545;0.9998494450035499;0.9998671619938163;0.9999989099813493;1.0002424573751714;0.9999999999999999;0.9998715909379302;1.0000274805408789;0.9995431527180592;0.9996000650572395;1.0;0.9997159593848715;0.9999542615722773;0.9991299318555233;0.9989358901248222;0.9997427037044224;0.9999999999999999;0.9997728208537664;1.0002280848800917;0.9999605505975121;0.9999925663367342;1.0;0.9999505207256797;1.024999976158142;
2016-04-05 14:15:00;0.9999848326810082;0.9998472654916828;1.0;0.9999925651767397;0.9999840923067688;1.0;1.0;0.9999352883824829;0.9999503945240211;1.0000966720846955;0.9999437202998382;0.999907890528246;1.0;1.0;0.9998932644302625;0.9998988976420043;0.9999006858180415;1.0;1.0001373562125777;0.999988866824718;0.9999809710970233;0.9998666903095766;0.9998999604922922;0.9999995046070383;1.0002323288286983;0.9999999999999999;0.9998842760583578;1.000025970126801;0.9995547399069807;0.9996188090130361;1.0;0.9997389371273011;0.9999636670070067;0.9992171788447658;0.9990390119195893;0.9997517424516016;0.9999999999999999;0.9997789904856307;1.0002186164259452;0.9999686609894319;0.9999881924985189;1.0;0.9999570230096733;1.024999976158142;
2016-04-05 14:30:00;0.9999624115091438;0.9998204792466642;0.9999999999999999;0.9999828639260921;0.9999904693843124;0.9999999999999999;1.0;0.9999178459186915;0.9999718149215318;1.0000904414614038;0.9999272373614346;0.9999105020918481;1.0;1.0;0.9998429664869981;0.9998481926108986;0.9998507894339858;1.0;1.0001286581781008;0.9999936378661082;0.999942645529049;0.9998384555830084;0.9998492190762851;0.9999994881310053;1.0002476129689093;1.0;0.9998493250872055;1.0000242286281915;0.999571232502417;0.9996169042773752;1.0;0.9996924810362936;0.999977229301329;0.9990280456105045;0.998835507167739;0.9997412924634427;1.0;0.9997486289196373;1.0002306758777058;0.9999802681443702;0.9999630483395688;1.0;0.9999583005610403;1.024999976158142;
2016-04-05 14:45:00;0.9999766886322883;0.9998662482671368;1.0;0.9999890419498371;0.999991329640771;1.0;0.9999999999999999;0.9999409944390658;0.999975267622924;1.000091401352882;0.9999493941989385;0.9999237342013451;1.0;1.0;0.9998860800126199;0.99989191713548;0.999894056267656;1.0;1.0001301499237816;0.9999944424353627;0.9999673088295542;0.9998863198165799;0.9998930139603555;0.9999994945251244;1.0002314036114301;1.0;0.9998964288938132;1.0000245625687865;0.9995417968528161;0.999615984126407;1.0;0.9997493521583992;0.9999787109706926;0.9992651197660368;0.9990938788140349;0.9997504662290059;1.0;0.9997396786494449;1.0002168167912309;0.999981500912705;0.9999792563303196;0.9999999999999999;0.9999641353399461;1.024999976158142;
2016-04-05 15:00:00;0.9999704071096104;0.9998348437378681;1.0;0.9999861748313936;0.9999893784679627;0.9999999999999999;1.0;0.9999259139453535;0.9999690443818267;1.0000883238904859;0.9999361806662334;0.9999234244489756;1.0;0.9999999999999999;0.9998588736643553;0.9998652546089551;0.9998677953474093;1.0;1.0001262873209176;0.9999930389065894;0.99995741386094;0.9998567936608971;0.9998664920546045;0.9999994121447029;1.0002332563553427;1.0;0.9998690214629722;1.0000237054856762;0.9995599646565706;0.9996230869230184;0.9999999999999999;0.9997489236836791;0.9999743244031721;0.9992548719628588;0.9990776113490436;0.9997557770063691;0.9999999999999999;0.9997667372139337;1.0002177849167548;0.9999777255399857;0.9999728518110949;1.0;0.9999638654407513;1.024999976158142;
2016-04-05 15:15:00;0.9999649520273829;0.9998306861179298;1.0;0.9999839522855938;0.9999919592626227;1.0;1.0;0.9999288088052899;0.9999793741912716;1.0000844842317984;0.9999363245476217;0.9999440723797496;1.0;1.0;0.9998534078859715;0.999861595687453;0.999864431566063;1.0;1.0001220680874017;0.9999953455295576;0.9999497568176073;0.9998588484675444;0.9998629375656068;0.9999994911016101;1.000233624688289;1.0;0.9998687483653187;1.00002266243497;0.999537768770134;0.9996091686713917;1.0;0.9997421219583646;0.9999787576353438;0.9992336546189771;0.9990541375355807;0.9997493904209255;1.0;0.9997584396200783;1.0002173805544141;0.9999814154400843;0.9999679893909444;0.9999999999999999;0.9999727663417424;1.024999976158142;
2016-04-05 15:30:00;0.9999874882547954;0.999891506211781;1.0;0.9999936572834549;0.999990040859586;1.0;1.0;0.9999517926096075;0.9999703828380975;1.000094084764515;0.9999608116887032;0.9999412733122992;1.0;1.0;0.9999128055883932;0.9999180478374918;0.9999197588396401;0.9999999999999999;1.0001334357028315;0.9999933638455903;0.9999850692626161;0.9999095573254403;0.9999191166501551;0.9999994771807131;1.0002226645175456;0.9999999999999999;0.9999209019325489;1.0000253138212964;0.999527166639641;0.9995954609564909;1.0;0.9997324925156754;0.9999763371838469;0.9992046630452464;0.9990145315130777;0.9997404655977787;0.9999999999999999;0.9997384441033909;1.0002097591693835;0.999979504851978;0.9999908434568213;1.0;0.9999722047696438;1.024999976158142;
2016-04-05 15:45:00;0.9999894081446913;0.9999194279248093;1.0;0.9999948186697681;0.9999937216578495;1.0;1.0;0.9999683067454376;0.9999830176906127;1.0000909240456135;0.9999729787072632;0.9999412316089786;0.9999999999999999;1.0;0.999936878652926;0.9999422167170202;0.9999436232800538;0.9999999999999999;1.0001290812588286;0.9999961980352144;0.9999879811615419;0.9999377654476758;0.9999431050403811;0.9999996556498634;1.0002137454184443;1.0;0.9999453020094544;1.0000244759884753;0.9995554036798047;0.9996203938201954;1.0;0.9997581102396377;0.9999839921128884;0.9992625287700758;0.9990832013283095;0.9997775867197995;1.0;0.9997360696570922;1.0002015519134169;0.9999860388375139;0.9999927112084329;1.0;0.999972163065033;1.024999976158142;
2016-04-05 16:00:00;0.999988757796011;0.9998963578208026;1.0;0.9999945513534636;0.9999904653283522;1.0;0.9999999999999999;0.9999607212996263;0.9999724995044103;1.0000903535290506;0.9999649954861406;0.9999447361171585;1.0;0.9999999999999999;0.9999277245257795;0.9999337844286903;0.9999352774892136;1.0;1.0001287337069857;0.9999938433806108;0.9999875749231195;0.9999172270079012;0.9999347361967779;0.9999996663933425;1.0002139661004037;1.0;0.9999282834726304;1.0000243169700354;0.9995717159600983;0.9996198885129735;1.0;0.9997284730495863;0.9999767783394441;0.9991580758641841;0.9989637170839859;0.9997591462519776;1.0;0.999794488491401;1.0002016234229196;0.9999798390681972;0.9999925174870911;0.9999999999999999;0.9999735746458922;1.024999976158142;
2016-04-05 16:15:00;0.9999892660091666;0.9999055846862933;0.9999999999999999;0.9999950690288543;0.9999916302298862;1.0;0.9999999999999999;0.999968119286951;0.9999762506861949;1.000090556305053;0.9999689163169199;0.9999449937876441;0.9999999999999999;0.9999999999999999;0.9999406443928398;0.9999464274813773;0.9999476522744994;1.0;1.0001288353324742;0.9999946857427514;0.9999877881867133;0.9999255157790967;0.9999471794695126;0.9999998286084905;1.0002137913138582;1.0;0.9999353136991117;1.000024377074973;0.9995442824734228;0.9996006932845127;1.0;0.9996981361657601;0.9999793648988176;0.999024505783181;0.9988252412928162;0.999758540895486;0.9999999999999999;0.9998163251869704;1.000201608243398;0.9999820635840064;0.9999925939307083;1.0;0.9999737572328804;1.024999976158142;
2016-04-05 16:30:00;0.9999875566895222;0.9998974177853206;1.0;0.9999939747922736;0.9999911972039205;1.0;0.9999999999999999;0.9999596520247935;0.9999748745832856;1.0000868019484734;0.999964758171369;0.9999449397463667;0.9999999999999999;0.9999999999999999;0.9999241036819402;0.999930010698433;0.999931580252724;1.0;1.0001237188047267;0.9999943772640923;0.9999854459590899;0.9999177826969463;0.9999309833105371;0.9999996323023864;1.0002076011899126;1.0;0.9999280537245079;1.0000233631980087;0.9995317058122747;0.9995854481384853;1.0;0.9997299155493085;0.9999783900042505;0.9991533816401987;0.9989383714894889;0.9997654747998361;1.0;0.9999260902234249;1.0001954387609198;0.9999812243754882;0.999991119174435;0.9999999999999999;0.9999737031900483;1.024999976158142;
2016-04-05 16:45:00;0.9999877277287224;0.9998930610130212;1.0;0.9999936411186692;0.9999907110233411;0.9999999999999999;1.0;0.9999542103386937;0.9999739513561672;1.0000870697648023;0.9999636172805489;0.9999428291284558;1.0;0.9999999999999999;0.9999117282941327;0.9999185327364665;0.9999204911478158;0.9999999999999999;1.0001246402310604;0.999994166008093;0.9999871276864947;0.9999164562349836;0.9999198308438543;0.9999994100402143;1.0002083646106992;1.0;0.9999273948121562;1.000023428747229;0.9995546673855746;0.999587529036106;1.0;0.9997224855534009;0.9999768948021114;0.9991360704292451;0.998903691190941;0.9997546681280394;1.0;0.999972600008254;1.000196002220223;0.9999798983579905;0.9999923513186297;1.0;0.999972534892919;1.024999976158142;
2016-04-05 17:00:00;0.9999665732927072;0.9997194921155743;1.0;0.9999847130184;0.9999791553776038;1.0;1.0;0.9999288594997955;0.9999517298339516;1.0000722520945016;0.9999233697357907;0.9999369990767139;1.0;1.0;0.9998334740530218;0.9998609188357704;0.9998656314818244;1.0;1.0001166223615972;0.9999891344921932;0.9999711610924913;0.9998140444083038;0.9998641529243182;0.9999995314687748;1.0002211911943506;1.0;0.9998409439562169;1.000019346024308;0.9995500824220164;0.9995949673036638;1.0;0.9997275982173686;0.9999415719403102;0.9991461290774872;0.9989285737868421;0.9997630855953199;1.0;0.9999738067674131;1.0002038835019835;0.9999486228526864;0.9999838684706588;1.0;0.9999649702012589;1.024999976158142;
2016-04-05 17:15:00;0.9999821635196298;0.9998520390428375;1.0;0.9999920267411618;0.9999880162556283;0.9999999999999999;1.0;0.9999572498848205;0.9999683811726457;1.0000794036447367;0.999954686572295;0.9999736476742059;1.0;1.0;0.9999132092704052;0.9999243430411469;0.9999263650577377;0.9999999999999999;1.000116635395185;0.9999929084425055;0.9999809435800904;0.999890392084204;0.9999256140293306;0.9999998524180872;1.0002033443820455;1.0;0.9999049689491214;1.000021349054385;0.9995576631906665;0.9995994577036226;1.0;0.9997285968818702;0.9999689200609311;0.9991490240421927;0.9989299259780505;0.9997636277338623;1.0;0.9999760288006809;1.0001903635817337;0.9999728548495949;0.9999886252472757;1.0;0.9999854303470481;1.024999976158142;
2016-04-05 17:30:00;0.9999861267160408;0.9998903076210881;0.9999999999999999;0.9999932943136768;0.999991272946201;1.0;1.0;0.9999592317496915;0.9999765084295497;1.0000819392948956;0.9999640505127458;0.999979430256985;0.9999999999999999;1.0;0.9999185972108227;0.9999261458451345;0.9999279863222246;1.0;1.0001179775235909;0.9999947375601662;0.9999847046798789;0.9999163066404738;0.9999273195334976;0.9999996070256135;1.0002002762821418;1.0;0.9999268151845137;1.0000220474047157;0.9995825701864994;0.9996269493811257;1.0;0.9997106070587917;0.9999776696727303;0.9990820195657852;0.998883617751109;0.9997551703083025;1.0;0.999969036514785;1.0001881343654995;0.9999805205870528;0.9999907934871192;1.0;0.9999889001448201;1.024999976158142;
2016-04-05 17:45:00;0.9999823161288806;0.9998485226991749;1.0;0.9999915189451489;0.9999874583268689;1.0;0.9999999999999999;0.9999482926400308;0.9999666272870854;1.000081798723645;0.9999524482906732;0.9999771249440412;1.0;1.0;0.9998957024536878;0.9999070400521364;0.9999095013297127;1.0;1.0001200994164372;0.9999925114191646;0.9999821283023299;0.9998875222444921;0.9999086618789319;0.9999995411948338;1.0002080157674431;1.0;0.9999027048071834;1.000021984329532;0.999549695058019;0.999589043038278;1.0;0.9996975216374256;0.999967644235968;0.9990105728873704;0.9987833739709074;0.9997643908389463;1.0;0.9999801580724724;1.0001946709460496;0.999971753794228;0.9999894878330655;1.0;0.999986953272897;1.024999976158142;
2016-04-05 18:00:00;0.999959475717312;0.9996243903927239;1.0;0.9999814251919266;0.9999703145565707;1.0;0.9999999999999999;0.9999105677194999;0.999930487551379;1.0000649756094324;0.9999009107118609;0.9999701641530121;1.0;1.0;0.999789364776059;0.9998275664771392;0.9998337767275748;1.0;1.0001132421357108;0.9999843062815313;0.999970038957619;0.9997559125686997;0.99983197985329;0.9999994477161677;1.0002241581162612;0.9999999999999999;0.9997940209251476;1.0000172720376792;0.9996123804929109;0.999637622216498;1.0;0.9996795608030596;0.9999172629793817;0.9989423911144234;0.9987345694513704;0.9997567495377935;1.0;0.999979745253872;1.0002047678836332;0.9999272825019415;0.9999842081324467;0.9999999999999999;0.9999773905835935;1.024999976158142;
2016-04-05 18:15:00;0.999965452627839;0.9996662393917194;1.0;0.9999844930754352;0.9999729654106253;1.0;1.0;0.9999266225605601;0.999936238770778;1.000069864585948;0.999913514955546;0.9999683081350288;1.0;1.0;0.9998261276992612;0.9998603934616285;0.9998656191693922;1.0;1.0001175458686842;0.9999856157041644;0.9999756911623026;0.9997841081211514;0.9998641356896097;0.9999997079412719;1.0002239419721621;1.0;0.9998187032512911;1.0000186367248673;0.9996627035896452;0.9996555170540439;0.9999999999999999;0.9996282638326783;0.9999249480657736;0.9987395529395194;0.9985170725796424;0.999740714872586;1.0;0.99997736369426;1.000205738969164;0.9999340562276083;0.9999874680282151;1.0;0.9999774920853369;1.024999976158142;
2016-04-05 18:30:00;0.9999719280068584;0.9997281770549811;1.0;0.9999873675879463;0.9999773734127329;1.0;1.0;0.9999353406258243;0.9999443973944566;1.000072341632875;0.9999265060282564;0.9999756694425477;0.9999999999999999;1.0;0.999855194869889;0.999881180929033;0.9998852699565508;0.9999999999999999;1.000115902429617;0.999987484138378;0.9999784435486083;0.9998175939372763;0.9998840603807296;0.9999997404907521;1.000213811033924;0.9999999999999999;0.9998460407041604;1.0000193621963935;0.9996413384020462;0.9996447934248295;1.0;0.9996704436391787;0.999938635870363;0.9988888410005479;0.9986665360939164;0.9997656943322699;1.0;0.9999805392078105;1.0001976629891376;0.9999461915778403;0.9999884562636772;0.9999999999999999;0.999982796861317;1.024999976158142;
2016-04-05 18:45:00;0.9999867171289785;0.9998859163651231;1.0;0.9999936119346;0.9999903728458722;1.0;1.0;0.9999592205605602;0.9999736841952278;1.00008119952176;0.9999630887456699;0.999984402309009;0.9999999999999999;1.0;0.9999200334074824;0.9999278774486243;0.9999296797579224;1.0;1.0001171186039324;0.9999941102357047;0.9999859062263649;0.9999130040171074;0.9999290444925539;0.9999996412704707;1.0001981968617755;1.0;0.9999245100757752;1.0000218518317465;0.9996199732633189;0.9996294581049942;1.0;0.9996618450357402;0.9999756145957072;0.9988561153012779;0.9986290681456229;0.9997620615127851;1.0;0.9999908604325451;1.0001862089755584;0.9999787508919945;0.9999916028304338;0.9999999999999999;0.9999910768650581;1.024999976158142;
2016-04-05 19:00:00;0.999988427993832;0.9998950999838956;0.9999999999999999;0.9999943875584427;0.9999899435987935;1.0;1.0;0.9999568271183403;0.9999695903635489;1.0000838262754912;0.9999622854147238;0.9999848475223393;1.0;0.9999999999999999;0.9999248252205697;0.9999295333417303;0.9999309088847401;0.9999999999999999;1.0001189184541694;0.9999931869758691;0.9999857466690243;0.9999112697265146;0.9999303584288044;0.9999996665121554;1.0001992152401589;0.9999999999999999;0.9999226034494998;1.0000225503154507;0.9996819950742835;0.9996817682177594;0.9999999999999999;0.9996520409750891;0.9999764228711042;0.998814140004247;0.9986129863360488;0.9997612046606712;0.9999999999999999;0.9999912732606052;1.0001876731688402;0.9999796063824244;0.9999911964198737;0.9999999999999999;0.9999920270020652;1.024999976158142;
2016-04-05 19:15:00;0.9999889800101597;0.9999089108190479;1.0;0.9999946719066602;0.9999918558175503;1.0;1.0;0.9999623245942597;0.9999758409158682;1.000083231419179;0.9999673661852567;0.9999874384533487;1.0;1.0;0.9999320858224758;0.9999364567343896;0.9999377488879674;1.0;1.000117869888804;0.9999945908060976;0.9999862772291369;0.9999239251791603;0.9999372254040904;0.9999996888565034;1.0001969237940274;1.0;0.9999332123160622;1.0000223994514585;0.9996540697829144;0.999642135741636;1.0;0.9996595783528774;0.9999806071629098;0.9988529488533743;0.9986155882132688;0.9997574145788809;1.0;0.9999920672329303;1.0001856008407994;0.9999831988998966;0.9999915050916437;1.0;0.999993278584378;1.024999976158142;
2016-04-05 19:30:00;0.9999876007022991;0.9998805492180078;1.0;0.9999937962540392;0.9999884583479725;1.0;0.9999999999999999;0.9999506684999626;0.9999656852429418;1.000083590001507;0.9999580910315795;0.9999869538882923;1.0;1.0;0.999912224003242;0.9999183120786719;0.999920036473394;0.9999999999999999;1.0001194227070285;0.9999923123427843;0.9999859805825962;0.9999015659630462;0.9999194114811926;0.9999995391107875;1.0002007059609301;1.0;0.9999147184082828;1.0000224818244747;0.999619557703159;0.9996245338998822;1.0;0.9996655971801138;0.9999725590853985;0.9988605485985996;0.9986261185102407;0.9997703039817968;1.0;0.9999904792909119;1.0001888121967286;0.9999762335132939;0.9999915070100118;1.0;0.9999926494621753;1.024999976158142;
2016-04-05 19:45:00;0.9999878169164816;0.9999050453846853;1.0;0.9999940322056671;0.9999920486753459;1.0;1.0;0.9999600809129985;0.9999770784609208;1.0000794991254347;0.9999663534419034;0.9999878979241721;1.0;1.0;0.9999251486646795;0.9999302000254687;0.9999317118654482;1.0;1.0001131081942884;0.9999948678639091;0.9999851306583316;0.9999224469214599;0.9999311184880088;0.9999996124334853;1.0001907706851627;1.0;0.9999316725132367;1.0000213936244193;0.9997236053877124;0.9996969721972916;0.9999999999999999;0.9996827189214184;0.9999806407448631;0.9989245443977458;0.998708726054186;0.9997781597743928;1.0;0.9999916544037752;1.0001795210552242;0.9999831917114446;0.9999908349868732;1.0;0.9999933237466208;1.024999976158142;
2016-04-05 20:00:00;0.999984663966829;0.9998783335790654;1.0;0.9999925385659559;0.999989553682301;1.0;1.0;0.9999493267059156;0.9999695019235089;1.0000797348284958;0.9999566733061467;0.9999886047052291;1.0;1.0;0.9999065136523531;0.9999126942024177;0.999914533568714;0.9999999999999999;1.0001141526590103;0.9999931628955371;0.9999810773393563;0.9998996372446843;0.9999137984359785;0.9999995441067117;1.0001962375012405;1.0;0.9999116675990694;1.0000214389839546;0.999740448179758;0.9997048527747564;0.9999999999999999;0.9996589703353955;0.9999748069556087;0.9988259772833158;0.9986081298517651;0.9997738654366545;1.0;0.9999912732606053;1.0001842268782568;0.9999781480908552;0.9999883035142175;1.0;0.9999933735023303;1.024999976158142;
2016-04-05 20:15:00;0.9999862851181088;0.999892878484817;1.0;0.9999935622263955;0.9999907981343992;1.0;1.0;0.9999576823257906;0.9999728536038677;1.0000802552999644;0.9999617451859959;0.9999887594514403;1.0;1.0;0.9999233553289322;0.9999284540194137;0.9999298829694011;1.0;1.000114199339683;0.999993920128879;0.9999823575031561;0.9999105005737281;0.9999292641054319;0.9999997191832122;1.0001946473752008;0.9999999999999999;0.9999210376324196;1.0000215909185766;0.9996654786092679;0.9996511066571051;0.9999999999999999;0.9996684818251292;0.999977988795936;0.998842699505823;0.9986077199457277;0.9997910131897021;1.0;0.9999920672329301;1.000183074319178;0.9999809247979571;0.9999889958048739;1.0;0.9999937018333172;1.024999976158142;
2016-04-05 20:30:00;0.9999882008949604;0.9998904194418962;1.0;0.9999940411439365;0.9999894170448392;0.9999999999999999;1.0;0.99995201382118;0.9999680200006504;1.0000805522474228;0.9999603015792282;0.9999889561618097;1.0;1.0;0.9999155990208953;0.9999205611417787;0.9999221581294742;1.0;1.000114546973352;0.9999928347624188;0.999985922354293;0.9999075331108943;0.9999215566408292;0.9999995314731726;1.0001924401363298;1.0;0.9999194726710919;1.0000216644707358;0.9997370713581273;0.9997128314146065;1.0;0.9996785165795995;0.9999751774509699;0.9988907876113087;0.9986870893003725;0.9997884424717832;1.0;0.9999916544037752;1.0001811185020133;0.9999785296973714;0.9999913615349366;1.0;0.9999938233473885;1.024999976158142;
2016-04-05 20:45:00;0.999988331136603;0.9998943719555253;1.0;0.9999941477286227;0.9999901777554578;1.0;0.9999999999999999;0.9999554370280526;0.9999710414804195;1.0000780271290424;0.9999627508978339;0.9999887901101446;1.0;0.9999999999999999;0.9999192813477809;0.9999247460929446;0.9999263558423398;1.0;1.0001113341110905;0.9999935137558412;0.9999865532125202;0.9999132199217126;0.9999257648641896;0.9999995568281862;1.0001872276610724;1.0;0.9999244701582771;1.0000209901951744;0.9997762178833657;0.9997297685964623;1.0;0.9996933218610807;0.9999765006536213;0.9989444370741478;0.9987318675386211;0.9997963973264633;1.0;0.9999920672329303;1.0001761398345546;0.999979633075376;0.9999918194035252;1.0;0.999993628265478;1.024999976158142;
2016-04-05 21:00:00;0.9999831996465355;0.9998488059110117;1.0;0.9999919874314932;0.9999866248690644;1.0;1.0;0.9999466592208965;0.9999625887519804;1.0000763731610447;0.999950731933812;0.9999864149313946;1.0;1.0;0.9998984612929909;0.9999083346057904;0.9999105469722235;1.0;1.0001117120049763;0.9999916126663314;0.9999820917212066;0.9998829019835591;0.9999097596430339;0.999999589902276;1.0001940294339091;1.0;0.9998986890000167;1.000020525235599;0.999708601870214;0.9996732220897351;1.0;0.9996974436278482;0.9999666754435186;0.998962446469851;0.9987226529020652;0.999796532036743;0.9999999999999999;0.9999924483761709;1.0001816226303857;0.9999710060552627;0.9999893130059416;1.0;0.9999915018555634;1.024999976158142;
2016-04-05 21:15:00;0.9999723066202463;0.9998333566408006;1.0;0.9999861454270936;0.9999890316780143;1.0;0.9999999999999999;0.9999184823300356;0.9999695954684272;1.0000714159737987;0.9999374445019975;0.9999874968153778;1.0;1.0;0.9998387964956026;0.9998472283800841;0.9998505511120791;1.0;1.0001040850999265;0.9999931709505501;0.9999636381880351;0.9998624653848729;0.9998491693205707;0.9999989642046826;1.0001951337120731;1.0;0.9998754680553444;1.0000191565848076;0.9998195616423714;0.9997568450241758;1.0;0.9997105798118147;0.9999724877363141;0.9990169657106778;0.9988076145383404;0.9997989144168214;1.0;0.9999908604325449;1.0001813346615773;0.9999760480868518;0.9999772302487935;1.0;0.9999923349644539;1.024999976158142;
2016-04-05 21:30:00;0.9999747081856158;0.9997984064045325;1.0;0.9999852305381869;0.9999832462362543;1.0;1.0;0.9998853892630228;0.9999525538072057;1.0000758692395453;0.9999253762699297;0.9999858406592792;0.9999999999999999;0.9999999999999999;0.999776791932745;0.999788474624111;0.9997934654807918;1.0;1.0001123733745854;0.9999893234266477;0.9999733867460262;0.9998386346228659;0.9997918547182952;0.9999979111148688;1.0002030629237524;1.0;0.9998582581626214;1.000020285096203;0.9998568974940595;0.9997812975844547;1.0;0.9996925207763839;0.9999586407682066;0.9989423213133878;0.9987382089894287;0.9997954543356484;1.0;0.9999916544037752;1.0001883519904713;0.999964043559692;0.9999841762743338;1.0;0.9999908098427107;1.024999976158142;
2016-04-05 21:45:00;0.9999818291720048;0.9998526487588026;0.9999999999999999;0.9999885811635244;0.9999871684526371;1.0;0.9999999999999999;0.9999014564382569;0.9999618957311651;1.000078140636936;0.9999412320497066;0.9999880920323714;1.0;1.0;0.9998127305793812;0.9998195626815325;0.9998236094996996;1.0;1.0001124438164302;0.9999914486055962;0.9999803149192428;0.999876191111221;0.9998223160789921;0.9999980495083471;1.0001945393992266;1.0;0.9998908176049329;1.000020969012076;0.9997876882087136;0.999735149579654;1.0;0.9997157922498846;0.9999694616155737;0.999006314753691;0.998791196727582;0.9998218122291912;1.0;0.9999904792909121;1.0001816027269297;0.9999735470869597;0.9999882046653392;1.0;0.999992986029787;1.024999976158142;
2016-04-05 22:00:00;0.9999724353157731;0.9998246028705976;1.0;0.9999849630758186;0.999987318339765;1.0;1.0;0.9998959928549689;0.9999630851536844;1.000073969012494;0.9999302773761046;0.9999876990270483;1.0;1.0;0.9997992063082132;0.9998068590451615;0.9998110057030455;0.9999999999999999;1.0001072735400842;0.9999916954722229;0.9999647072753782;0.9998509615062277;0.9998094324321775;0.9999982966075673;1.0001990118831217;1.0;0.9998655793126483;1.0000198013002541;0.9998049573813281;0.999751421078581;1.0;0.9997228840483982;0.9999693281012961;0.9990255227730613;0.9988198963284313;0.999830041857023;1.0;0.9999920672329303;1.000184809331431;0.9999733893220267;0.9999780043625993;1.0;0.9999926123742808;1.024999976158142;
2016-04-05 22:15:00;0.9999819760155051;0.9998551513938394;1.0;0.9999904228691391;0.9999873260623691;1.0;1.0;0.9999273506173962;0.9999624011692413;1.0000739711886846;0.9999459235459878;0.9999885289077686;1.0;1.0;0.9998655948628654;0.9998723761625316;0.9998750867397475;1.0;1.0001065891537058;0.999991566395724;0.9999783016127389;0.9998785515040345;0.9998740927315446;0.9999990226165959;1.0001869063625277;1.0;0.9998930110451275;1.0000198648080507;0.9998319323251345;0.9997687351390792;1.0;0.9997331115314263;0.9999698170194319;0.9990666892839276;0.9988636926298631;0.9998327501171782;1.0;0.9999912732606054;1.0001747703764035;0.9999738536773775;0.9999866665841606;1.0;0.9999931957072543;1.024999976158142;
2016-04-05 22:30:00;0.9999840746844164;0.9998725840800099;1.0;0.9999899423140653;0.9999887392855863;1.0;1.0;0.9999114965827709;0.9999657656538817;1.0000779499843013;0.9999475975876053;0.9999890424384189;1.0;1.0;0.9998340918832667;0.9998391460295322;0.9998426344034856;0.9999999999999999;1.0001110821341095;0.9999923226437252;0.9999818940933812;0.9998899841715808;0.999841494660951;0.9999982621087942;1.000190077299811;1.0;0.9999026341889767;1.0000209334793024;0.9998006470838917;0.9997480662383376;1.0;0.9997250916695473;0.9999737069774821;0.9990279739959161;0.9988208219519259;0.9998349956123054;1.0;0.9999912732606054;1.0001778713970566;0.9999772688092051;0.9999890168242231;1.0;0.9999938402670536;1.024999976158142;
2016-04-05 22:45:00;0.9999819178041712;0.9998543353993901;1.0;0.9999890697079126;0.9999869054999335;1.0;1.0;0.9999057205536299;0.9999599216852272;1.0000769587462732;0.9999408971054604;0.999988855866704;1.0;1.0;0.9998256423775583;0.999831205606527;0.999834773217117;1.0;1.0001100730093904;0.9999910043372341;0.9999786951542614;0.9998734678421509;0.999833564525745;0.9999982994017694;1.0001913588114488;1.0;0.9998881115739983;1.00002064385997;0.9998190294246063;0.9997593704470551;1.0;0.9997376737244813;0.9999695942355777;0.9990764374181149;0.9988702326973332;0.9998398295447353;1.0;0.9999924483761709;1.0001788027760619;0.9999737281247411;0.9999869663169979;1.0;0.9999936343426293;1.024999976158142;
2016-04-05 23:00:00;0.9999833641468705;0.9998690248520896;1.0;0.9999903154052997;0.9999883355087524;1.0;1.0;0.999918906059554;0.9999641616611454;1.0000747536058385;0.9999470631059313;0.9999895831579529;1.0;1.0;0.9998511287160813;0.9998559028354546;0.9998588764669818;1.0;1.0001065025590699;0.999991960686313;0.9999795924363479;0.9998854875145177;0.9998578251006438;0.9999986370782202;1.0001845791413215;1.0;0.999898506460921;1.0000200679151967;0.9998655933540214;0.9997976793323051;1.0;0.9997615552741095;0.9999730107288843;0.999160288013022;0.9989714232372494;0.9998545474091676;1.0;0.9999908604325449;1.0001727362534116;0.9999766891257431;0.9999873983219353;1.0;0.9999941515603463;1.024999976158142;
2016-04-05 23:15:00;0.9999855785615338;0.9998726736330851;1.0;0.9999894177185545;0.999988099383262;1.0;1.0;0.9998950754391213;0.9999634445244368;1.0000764402152391;0.9999452727941284;0.999990241330187;1.0;1.0;0.9998023913671957;0.9998072925817446;0.9998115866675044;1.0;1.0001089043958358;0.9999918084847897;0.9999857318043565;0.9998895696965651;0.9998103090135322;0.9999976166178065;1.000183601779066;1.0;0.9999028538207335;1.000020525864657;0.999839251631562;0.9997793240518081;1.0;0.9997796296431627;0.9999724427828613;0.9992283933188779;0.9990340179349835;0.9998625130744251;0.9999999999999999;0.9999924483761709;1.0001716289459448;0.999976198105569;0.9999916608960948;1.0;0.999994418628484;1.024999976158142;
2016-04-05 23:30:00;0.9999843381496507;0.9998786649376282;1.0;0.9999899547040793;0.9999901813504672;1.0;1.0;0.9999159105917468;0.9999720074751991;1.0000733120466785;0.9999522277860656;0.9999897727901763;1.0;0.9999999999999999;0.999835115694848;0.9998417379342205;0.9998454687616225;1.0;1.0001055472398344;0.9999937257999383;0.9999839552134661;0.9999014852123067;0.9998443121102746;0.9999982014784555;1.00018076023262;1.0;0.9999129479344835;1.0000197009149756;0.9998352196057562;0.9997730909710487;1.0;0.999781153649294;0.9999758813886184;0.9992377706636041;0.9990374004359652;0.999860723122738;1.0;0.9999900664615025;1.000168872558975;0.9999790426251424;0.9999905285155509;1.0;0.999993795854568;1.024999976158142;
2016-04-05 23:45:00;0.9999837976112411;0.9998785924542911;1.0;0.9999889452755685;0.9999903746534783;1.0;1.0;0.9999039172242863;0.9999722781629719;1.000073151098254;0.9999497089927188;0.9999899618041544;1.0;0.9999999999999999;0.9998113155839157;0.9998174634539483;0.9998217407784706;1.0;1.0001050614439557;0.9999937876698993;0.9999835328443997;0.9998998266859738;0.9998204376676955;0.9999977752344086;1.0001799949368326;1.0;0.9999110037062556;1.0000196507119499;0.9998487146198961;0.9997952650084933;1.0;0.9997931444720156;0.999976535467165;0.9992800323039885;0.9991013893423488;0.9998679888182186;1.0;0.9999916544037752;1.0001679525242602;0.9999796275094031;0.999990301170794;1.0;0.9999939945465085;1.024999976158142;
2016-04-06 00:00:00;0.9999782831998716;0.9998572110216475;1.0;0.9999822166512439;0.9999899969117169;1.0;1.0;0.9998332662339454;0.9999710754927829;1.0000759643180963;0.9999310450231332;0.9999900122770911;1.0;0.9999999999999999;0.9996671915535718;0.9996734565262274;0.9996811900518872;1.0;1.0001092123642072;0.99999350502188;0.9999796976878873;0.9998788026470102;0.9996789621285392;0.9999953941753525;1.0001894627689623;1.0;0.9998903854708192;1.0000203394479266;0.9998692657966822;0.9998004809846686;1.0;0.9997923191798123;0.9999756852302368;0.9992727244601689;0.999084350678915;0.9998704868640672;1.0;0.9999916544037751;1.000175324451878;0.9999788943226066;0.9999883351783704;0.9999999999999999;0.9999939891741668;1.024999976158142;
2016-04-06 00:15:00;0.9999867843461907;0.9999050721590854;1.0;0.9999914966314939;0.9999927483329821;1.0;1.0;0.9999303811423026;0.999979410988926;1.0000719577110084;0.9999616005392011;0.9999906904482485;1.0;1.0;0.999862580050632;0.9998675804980073;0.9998706845830639;0.9999999999999999;1.0001026749020925;0.9999953878886213;0.9999859093553483;0.9999222538161693;0.9998697064516248;0.9999984658743026;1.0001737717859114;1.0;0.9999307350281816;1.0000193492441938;0.9998648050993634;0.9998065836710738;1.0;0.9998160042409965;0.9999821348733002;0.9993679476863605;0.9991922567476205;0.9998768740656133;1.0;0.9999912732606052;1.0001627639876145;0.999984470508355;0.9999915942851927;0.9999999999999999;0.9999945979913077;1.024999976158142;
2016-04-06 00:30:00;0.9999665910103811;0.9997279308159083;1.0;0.9999769642373473;0.9999798935702366;1.0;1.0;0.9998140758476766;0.9999506539739613;1.0000663757526989;0.999903650860637;0.9999828390345554;1.0;1.0;0.9996078595077477;0.9996309918597274;0.9996410263525705;1.0;1.0001062739124709;0.9999888863718912;0.999976632131998;0.9998076764968807;0.9996382850186374;0.9999952986435869;1.0001984542977742;1.0;0.9998329862151669;1.0000176374314558;0.9998524466738901;0.9997991253464006;1.0;0.9998164866655311;0.9999454342455155;0.999364024440165;0.999187660468629;0.999880990346733;1.0;0.9999924483761709;1.0001808361173388;0.9999521529612206;0.9999879870950098;1.0;0.9999867175176795;1.024999976158142;
2016-04-06 00:45:00;0.9999494682253984;0.9995268653153209;1.0;0.9999747070498289;0.9999634312434224;1.0;1.0;0.9998619873710771;0.9999168791156511;1.0000423758230643;0.999873792801128;0.9999720821454342;1.0;1.0;0.9996752406527677;0.9997252152060355;0.9997348206901193;1.0;1.0000891086027033;0.9999812680463835;0.9999674485364092;0.9996994338390274;0.9997322082374357;0.9999981278676163;1.000195972486529;1.0;0.999747004540984;1.000011122588296;0.9999061663366869;0.9998358418533201;1.0;0.999827239371266;0.9998964439555095;0.9994055406554702;0.9992384130131904;0.9998850569526045;1.0;0.999990860432545;1.0001751299865465;0.99990887708168;0.9999839349534193;1.0;0.9999754442865391;1.024999976158142;
2016-04-06 01:00:00;0.9999717688291995;0.9997326719706057;1.0;0.9999868039972365;0.9999785414070119;1.0;1.0;0.9999317924139978;0.9999490443012949;1.000057281765276;0.9999283758910256;0.9999833490518115;1.0;1.0;0.999842715313202;0.9998694994784632;0.9998740577960105;1.0;1.0000955108665588;0.9999885358617879;0.9999795222814685;0.9998248339518385;0.9998727532049869;0.99999946460307;1.0001816245451671;1.0;0.9998522221710818;1.000015312654474;0.9998839930224607;0.9998415901879927;0.9999999999999999;0.9998387042366874;0.9999406491631522;0.9994540163468383;0.9993145383391702;0.9998865120035807;1.0;0.9999916544037751;1.000166832436596;0.9999478692413781;0.9999892975831051;1.0;0.9999860771709493;1.024999976158142;
2016-04-06 01:15:00;0.9999804406224138;0.9998228274289431;1.0;0.9999910175106655;0.9999861926057737;0.9999999999999999;1.0;0.9999554374516433;0.9999673952349908;1.000059424353686;0.9999520419839544;0.9999874674585609;1.0;0.9999999999999999;0.9998969963808209;0.9999143962863521;0.9999173374018508;1.0;1.0000926920415782;0.9999926917117311;0.9999844100027643;0.9998828604794479;0.999916454637958;0.9999997053980749;1.0001672688761993;1.0;0.9999005495728256;1.0000159689976291;0.9999025514629429;0.9998608702725238;1.0;0.9998495975138236;0.9999617139756786;0.9994894706886285;0.9993630533801395;0.9998951327067535;1.0;0.9999924483761709;1.0001551855806556;0.9999663663864634;0.9999915307952048;1.0;0.9999901800713233;1.024999976158142;
2016-04-06 01:30:00;0.9999872043336483;0.9998896490018201;1.0;0.9999939083764435;0.9999911166276788;1.0;1.0;0.9999645628778;0.9999771628232836;1.0000646135182638;0.9999665658166395;0.9999912201908894;1.0;1.0;0.999926012300176;0.9999349698560589;0.9999368053716756;1.0;1.0000948167403685;0.9999948883294107;0.9999877026710599;0.9999205656040732;0.9999361988638608;0.9999996885018487;1.0001627642297812;1.0;0.999931518606984;1.0000173850913074;0.9999097611658568;0.9998671136299416;1.0;0.9998561548054085;0.999976577076176;0.9995177071422162;0.9993945222633456;0.9998956299397099;0.9999999999999999;0.9999900664615025;1.0001524599039686;0.9999795129664725;0.9999928755362463;1.0;0.9999938924859644;1.024999976158142;
2016-04-06 01:45:00;0.9999897909629355;0.9999241611291906;1.0;0.9999946694719086;0.9999943765011257;0.9999999999999999;1.0;0.9999659707091045;0.9999853082213527;1.000065622181694;0.9999743428112394;0.999992824130924;1.0;1.0;0.9999302166727622;0.9999356151265779;0.9999372524248675;1.0;1.0000940872740458;0.999996712512927;0.9999890660260461;0.9999427162905145;0.9999366951259748;0.9999994929756806;1.0001583311805367;1.0;0.9999495879579554;1.0000176621901262;0.9999201347572193;0.9998962317543024;1.0;0.9998849407701093;0.9999853303973122;0.9996261186534396;0.9995378968691965;0.9999083831323076;0.9999999999999999;0.9999916544037752;1.0001487926315225;0.9999871788695474;0.9999934685012616;1.0;0.9999954674007724;1.024999976158142;
2016-04-06 02:00:00;0.9999914213311971;0.9999421610367386;0.9999999999999999;0.9999950782511492;0.9999960603981752;1.0;1.0;0.9999659021699269;0.9999897242966157;1.0000647653288963;0.999978655444196;0.9999936057523177;1.0;1.0;0.9999300659621118;0.9999338640887228;0.9999354953894262;1.0;1.0000919388147063;0.9999977036563763;0.9999906310683012;0.9999552266412866;0.999934955354162;0.9999993298776956;1.0001527536479944;1.0;0.9999600452722038;1.0000174361383463;0.9999446782409124;0.9999349269380479;1.0;0.9999091102853418;0.9999897135539864;0.9997169813120501;0.9996661904820269;0.9999192078480633;1.0;0.9999912732606054;1.0001437563451414;0.9999910091227387;0.999994375989485;1.0;0.9999962028561398;1.024999976158142;
2016-04-06 02:15:00;0.9999936934029976;0.9999618540570839;1.0;0.9999967382587803;0.9999974696173425;1.0;1.0;0.9999794420479903;0.999992869747388;1.0000652611014869;0.9999852318866745;0.9999943406208002;1.0;1.0;0.9999596255940629;0.9999614225360144;0.9999622548545576;1.0;1.000091424747134;0.9999984096330327;0.9999917005976163;0.9999680576050828;0.9999619192819016;0.9999997025431561;1.0001499466307138;1.0;0.9999710318796392;1.0000175744035043;0.9999395839884377;0.9999290972564816;0.9999999999999999;0.999905345545886;0.999993736804773;0.9997049797800701;0.9996497686292835;0.9999160544436146;1.0;0.9999916544037752;1.0001416807692383;0.9999945534193899;0.9999948015968229;1.0;0.999997012924214;1.024999976158142;
2016-04-06 02:30:00;0.999994186992804;0.9999601698936904;1.0;0.9999970747910503;0.9999971581347425;1.0;1.0;0.9999821522649001;0.9999923636135839;1.0000648890570925;0.999985996162208;0.999994287243353;1.0;1.0;0.9999641235469631;0.9999665917344044;0.9999673817851981;1.0;1.0000913073664357;0.9999982967361306;0.9999930384203718;0.9999686855383779;0.9999670834241173;0.9999997705659881;1.0001491950953545;1.0;0.9999721114106566;1.0000174744248014;0.9999576782272392;0.9999397978993149;1.0;0.9998961079591137;0.9999927220882633;0.9996671285135201;0.9996126690614086;0.9999140423019428;1.0;0.9999920672329302;1.0001409828068586;0.9999936509320586;0.9999957266584953;1.0;0.9999968285032723;1.024999976158142;
2016-04-06 02:45:00;0.9999936799093475;0.9999543159200025;0.9999999999999999;0.9999968948899135;0.9999966392582476;1.0;1.0;0.9999815826697414;0.9999910980362835;1.0000646225075573;0.9999846147312096;0.9999941490146256;1.0;1.0;0.9999626388851167;0.9999657147176229;0.999966557840793;1.0;1.0000912998385152;0.9999980135811175;0.9999927205458053;0.9999649272199378;0.9999662447744796;0.99999979191858;1.0001498060951615;1.0;0.9999690084714691;1.0000174022743338;0.9999366499706763;0.9999304461931925;1.0;0.9999056740266459;0.9999913078354435;0.9997052378329916;0.9996545673992289;0.9999168666851219;1.0;0.9999908604325449;1.000141458325339;0.9999924104837571;0.9999955717202952;1.0;0.9999966209166565;1.024999976158142;
2016-04-06 03:00:00;0.9999915363741411;0.9999489010946939;1.0;0.9999952798998262;0.9999968737748833;1.0;1.0;0.9999691254442479;0.9999919006812206;1.000064516221806;0.999980522182342;0.9999935195603381;0.9999999999999999;1.0;0.9999365523046869;0.999939628056952;0.9999410702393362;0.9999999999999999;1.000091157070702;0.9999981921145182;0.9999899303379159;0.9999595123371681;0.9999405609098319;0.9999994122208139;1.0001516039446476;0.9999999999999999;0.999963350782095;1.0000173720577576;0.9999393887156903;0.9999303535240448;0.9999999999999999;0.9999074419473153;0.9999917993880975;0.9997112493064458;0.9996580911035565;0.9999180930679917;1.0;0.9999920672329302;1.0001427796875242;0.999992830286365;0.9999938293228882;1.0;0.9999963364168641;1.024999976158142;
2016-04-06 03:15:00;0.999992219481388;0.9999527956315913;1.0;0.9999957663457503;0.9999970322662035;1.0;1.0;0.9999727543517781;0.9999921296680383;1.0000649751331576;0.999982029227408;0.9999934546568455;1.0;1.0;0.9999446018151896;0.9999473022564666;0.9999485338808612;1.0;1.0000915690128984;0.9999982433000909;0.99999049030495;0.9999621057416583;0.9999480842048389;0.9999995178091748;1.0001516104283596;1.0;0.9999657072805724;1.0000174959076953;0.9999394159965307;0.9999302307167917;1.0;0.9999058523407509;0.9999923354067557;0.9997050683636931;0.9996517155406033;0.9999175218306939;1.0;0.9999908604325447;1.0001429398868869;0.9999933079401474;0.9999941372677329;1.0;0.9999963967159418;1.024999976158142;
2016-04-06 03:30:00;0.9999931703337184;0.9999574859159023;1.0;0.9999966908050034;0.9999971486498418;1.0;1.0;0.9999811577614475;0.9999921767516923;1.000065577820585;0.9999845261652524;0.9999940047442021;1.0;0.9999999999999999;0.9999626717112856;0.9999649490105358;0.9999657170003127;1.0;1.0000921487534604;0.9999982544864688;0.9999910598277246;0.9999653519482744;0.9999653898512232;0.9999998003186277;1.0001518733636148;1.0;0.9999687532825086;1.0000176594895185;0.9998997721667924;0.9999097615278932;1.0;0.999906712825351;0.9999928056593428;0.9997099523436666;0.9996595967642248;0.9999167858170542;1.0;0.999989685320429;1.000143449533979;0.9999937324183896;0.9999944063623508;1.0;0.9999967464042429;1.024999976158142;
2016-04-06 03:45:00;0.9999922528757964;0.9999480928044052;1.0;0.9999961567330955;0.9999963485868735;1.0;1.0;0.9999771407215395;0.9999901774768433;1.000064554900816;0.9999817142356268;0.9999934317944773;1.0;1.0;0.9999540874773402;0.9999572524664622;0.9999582519722471;1.0;1.0000912620720723;0.9999978067789528;0.9999905365422341;0.9999589916252106;0.9999578639593361;0.9999997244697495;1.0001514238019384;1.0;0.9999633891569322;1.0000173829735914;0.9999359186523276;0.9999306633586537;1.0;0.9999043543717581;0.9999906540483486;0.9997012122826057;0.9996515312891585;0.9999156402804072;0.9999999999999999;0.9999912732606051;1.0001428046590461;0.9999918468568895;0.9999941658870728;1.0;0.999996275450949;1.024999976158142;
2016-04-06 04:00:00;0.9999925291824595;0.9999452912754185;1.0;0.9999962498034406;0.999995922086954;0.9999999999999999;1.0;0.9999769006810095;0.9999891367522827;1.0000644203322526;0.999981412338722;0.9999936640844218;1.0;0.9999999999999999;0.9999533034131423;0.9999569677656508;0.9999580256930722;1.0;1.000091372312281;0.9999975745497964;0.9999915227138418;0.9999579252296675;0.9999576428393943;0.9999997102339575;1.000151167256216;1.0;0.9999628623169914;1.0000173466598274;0.9999495117528393;0.9999364910106794;0.9999999999999999;0.999900845749769;0.9999894890431481;0.9996874836825871;0.9996350008773089;0.999914433655226;1.0;0.999990860432545;1.0001425371810118;0.9999908254455049;0.9999948630317833;0.9999999999999999;0.9999962611883951;1.024999976158142;
2016-04-06 04:15:00;0.9999928849588133;0.9999453135417156;1.0;0.999996022985549;0.9999959538882047;1.0;1.0;0.9999727227731261;0.9999896486241617;1.0000646797665216;0.9999814496197427;0.9999930034536421;1.0;0.9999999999999999;0.9999433059494508;0.9999474538647662;0.9999488338277274;1.0;1.0000920196348269;0.9999976887487791;0.9999930659102765;0.9999596091392876;0.9999483992832068;0.9999995016169536;1.0001512979742855;1.0;0.9999646060644692;1.0000174161131556;0.9999411774210771;0.9999302356360714;1.0;0.9999059799548908;0.9999892957116798;0.9997042183385061;0.9996493528639006;0.999918484246216;1.0;0.9999916544037752;1.0001425693369612;0.9999906343991188;0.999995964144724;1.0;0.999995847108896;1.024999976158142;
2016-04-06 04:30:00;0.9999929511699797;0.999953416140282;1.0;0.9999962524430372;0.9999968476200063;1.0;1.0;0.9999762061963454;0.9999917205661366;1.0000646624550273;0.999983230789314;0.9999933354154229;1.0;1.0;0.9999513761647397;0.9999543502625848;0.9999554548038355;1.0;1.0000912974917413;0.9999981522071534;0.9999917896292119;0.9999636654282544;0.9999550601179592;0.9999996117184469;1.0001504133168175;1.0;0.9999675081860362;1.000017412064922;0.9999418385821441;0.9999306420357231;1.0;0.999914191768928;0.99999179905298;0.9997397353780492;0.9996848679542079;0.9999189972753141;1.0;0.9999912732606053;1.0001418920856116;0.9999928354843146;0.999994990712244;0.9999999999999999;0.9999962774741684;1.024999976158142;
2016-04-06 04:45:00;0.9999940883629936;0.9999643130103589;1.0;0.9999970394230258;0.9999977184315917;1.0;0.9999999999999999;0.9999827274524942;0.9999938369626546;1.0000649531647636;0.9999867896496363;0.9999942522217132;1.0;1.0;0.9999653034701904;0.9999672467039759;0.9999679805137438;1.0;1.000091084523853;0.9999986260889839;0.9999923521090235;0.999971022333883;0.9999676811416531;0.9999997744034088;1.0001490436159084;1.0;0.9999737647749191;1.0000174917355373;0.9999458447804049;0.999935872743261;1.0;0.9999110995960309;0.9999941763058308;0.999724554551806;0.9996741982368483;0.9999200366339892;1.0;0.9999908604325448;1.0001408789848505;0.9999949213843521;0.9999952235595414;1.0;0.9999969380367701;1.024999976158142;
2016-04-06 05:00:00;0.9999941778091586;0.9999679494082263;1.0;0.9999968009617876;0.9999980955169347;1.0;1.0;0.9999788892845696;0.9999946177143515;1.0000653584589014;0.9999867017223603;0.9999942014312752;1.0;1.0;0.9999581103670427;0.9999594525294547;0.9999603303462473;0.9999999999999999;1.0000912888915663;0.9999988005495153;0.9999922610066454;0.999972561585935;0.9999599896808582;0.9999996221963486;1.0001490242079847;1.0;0.9999747928038093;1.0000176009428954;0.9999579455997867;0.9999406618095827;1.0;0.999904778844166;0.9999952921464044;0.9997083655084351;0.9996549678588648;0.9999120448655819;1.0;0.9999920672329303;1.000140867269671;0.9999959063060875;0.9999951408260254;1.0;0.999997058617331;1.024999976158142;
2016-04-06 05:15:00;0.9999937516919328;0.9999658092249372;1.0;0.9999962609081182;0.9999981018902181;1.0;1.0;0.9999736394571771;0.9999949256335862;1.000067262260315;0.9999855306456591;0.9999942299664346;1.0;1.0;0.9999464165962457;0.999948095978564;0.9999492926033391;1.0;1.0000941259611318;0.9999988688019431;0.9999923042078779;0.9999715770128248;0.9999488752171763;0.9999994265709846;1.0001535933247325;1.0;0.9999738681715443;1.0000181132124895;0.9998996534839701;0.9999086646782958;1.0;0.9999007978977927;0.9999951270626791;0.9997080107512085;0.9996563207701675;0.999900336223857;0.9999999999999999;0.9999808238844294;1.000145056661005;0.9999957468466413;0.9999952451158939;0.9999999999999999;0.9999969909793046;1.024999976158142;
2016-04-06 05:30:00;0.9999948099833214;0.999953122812105;1.0;0.9999975290918168;0.9999961948554972;1.0;1.0;0.9999856844149775;0.9999904056728948;1.0000650780502165;0.9999862632369629;0.9999929618275931;1.0;1.0;0.9999694441442968;0.9999735094857688;0.999974301585129;1.0;1.00009251687176;0.9999978588140056;0.999995420657106;0.9999671291979934;0.9999740528507117;0.9999998728967697;1.000150315397756;0.9999999999999999;0.9999718614022988;1.000017525243893;0.9999593943994791;0.9999419924227871;1.0;0.9999036780916829;0.9999898469978626;0.9997104006043236;0.9996579165959252;0.9999073808895467;1.0;0.999976726273286;1.000142005067626;0.999991109447576;0.9999974174929017;1.0;0.9999958480396179;1.024999976158142;
2016-04-06 05:45:00;0.9999952369572096;0.9999576995814742;1.0;0.9999968062537886;0.9999966411949309;1.0;1.0;0.9999735058638832;0.9999914416380093;1.0000661859373208;0.9999853216998097;0.9999935825586813;1.0;1.0;0.9999448978937615;0.9999483778363619;0.9999497740578619;1.0;1.0000937039883009;0.9999980905556869;0.9999966934222019;0.9999696823671845;0.99994939206901;0.9999993748228811;1.00015075607064;1.0;0.9999738383287835;1.0000178234355228;0.999952830039358;0.9999403761491098;0.9999999999999999;0.9999091089050328;0.9999910981602503;0.9997369377837281;0.9996876144254905;0.9999056411467621;1.0;0.999977667777614;1.000142327608995;0.9999922092902204;0.9999983063583463;1.0;0.9999962683719397;1.024999976158142;
2016-04-06 06:00:00;0.9999958101772252;0.9999629347275868;1.0;0.9999975111304816;0.9999969542791018;1.0;1.0;0.9999807075964883;0.9999919497338408;1.0000707433234537;0.9999874304436377;0.9999936903588115;1.0;1.0;0.9999606995753407;0.9999635050060341;0.9999644663078149;1.0;1.0000996119253505;0.9999982045825606;0.9999964478558176;0.9999726060483475;0.9999641844783262;0.9999996261732359;1.000159785008614;1.0;0.999976308677114;1.0000190512618496;0.9998541424840435;0.9998877604203968;1.0;0.9998399288589767;0.9999921153812587;0.9994849655394886;0.9994417372714417;0.9998691843181965;1.0;0.9999773410053115;1.0001511473164308;0.9999931144507022;0.9999980246308172;1.0;0.9999964781862848;1.024999976158142;
2016-04-06 06:15:00;0.9999957344548533;0.9999646294951691;1.0;0.999997320213296;0.9999972363022764;0.9999999999999999;1.0;0.9999788569186518;0.9999927899735129;1.0000702153504981;0.9999875116665821;0.9999936261291826;1.0;1.0;0.9999565731369827;0.9999592355212407;0.9999603009995038;1.0;1.0000987966679882;0.9999983921654404;0.9999963756381334;0.9999737941866856;0.9999599910296979;0.9999995393149014;1.0001584643435315;1.0;0.9999771741330327;1.0000189088761657;0.9998611793913876;0.9998910129745457;1.0;0.9998592087120226;0.9999927838195078;0.999552847694353;0.9995081180952832;0.999880934120839;1.0;0.999979309741814;1.000149860996439;0.9999936929517427;0.9999979824583426;1.0;0.9999964833135945;1.024999976158142;
2016-04-06 06:30:00;0.9999959341878669;0.9999663786254394;1.0;0.999998029367332;0.9999972140163483;0.9999999999999999;1.0;0.9999873678131975;0.9999923423025228;1.0000700303604508;0.999988877522751;0.9999883225419406;1.0;1.0;0.999975299696979;0.9999775198518125;0.9999780666036084;1.0;1.0000982771581213;0.9999982925599422;0.999995517694714;0.9999740262973705;0.9999778689413471;0.9999998810839529;1.0001580836673685;1.0;0.9999773434718766;1.0000188593878596;0.9998393630663532;0.9998765252576932;0.9999999999999999;0.9998645325842904;0.9999929730924977;0.9995699370329808;0.9995219253447071;0.9998853123171716;1.0;0.9999817653943911;1.0001497006714217;0.9999938785528784;0.999997301967723;0.9999999999999999;0.9999941918231677;1.024999976158142;
2016-04-06 06:45:00;0.9999941583418623;0.9999544188059707;1.0;0.9999970145060283;0.9999966433863451;1.0;1.0;0.9999820047146004;0.9999916621139008;1.0000737275455678;0.9999855974747579;0.9999346251104907;1.0;1.0;0.9999616852931242;0.9999654166078175;0.999966373357525;1.0;1.0001042946559604;0.9999981390240875;0.9999942777536441;0.9999672687196411;0.9999660622150545;0.9999997325372658;1.0001693188052017;1.0;0.9999714720191483;1.000019854252823;0.9998268584322584;0.9998648575748438;0.9999999999999999;0.9998786156634055;0.999990968373001;0.9996250180863517;0.9995711598768916;0.9998906381643493;1.0;0.9999801580724723;1.000159994843351;0.9999920848466908;0.999996665040506;1.0;0.9999695607956195;1.024999976158142;
2016-04-06 07:00:00;0.9999953508385158;0.9999630646693827;1.0;0.9999972187724312;0.9999972596137985;1.0;1.0;0.9999796640259786;0.9999931159076391;1.0000776903187187;0.9999873984094524;0.9999344843065269;0.9999999999999999;1.0;0.9999573794656004;0.9999603344993633;0.9999613985300012;1.0;1.0001093191356718;0.9999984648851746;0.999995929009074;0.9999732411630756;0.9999610832470037;0.9999995622603151;1.000175408027061;0.9999999999999999;0.999976654402846;1.0000209219414256;0.9997638639291759;0.9998147845942711;1.0;0.9998447282373725;0.9999926751195785;0.9995235626354931;0.9994493029392449;0.9998579709466203;1.0;0.9999776904700537;1.0001659260045743;0.9999935844482761;0.9999977098352892;1.0;0.9999696825146107;1.024999976158142;
2016-04-06 07:15:00;0.9999905898498916;0.9999056628692167;0.9999999999999999;0.9999946657015474;0.9999906219528991;1.0;1.0;0.9999517128519166;0.9999716618197427;1.000085928227074;0.9999651001077063;0.9999095776821324;1.0;1.0;0.9999132437849463;0.9999176749645106;0.9999194361071876;0.9999999999999999;1.0001216420010877;0.9999936583030639;0.9999899340822963;0.9999208944746809;0.9999188569979373;0.9999992810963555;1.0002000572367635;1.0;0.9999314678784488;1.0000231248910931;0.9997135263204276;0.99977647426974;1.0;0.9998302263864213;0.9999779834434263;0.9995015482952488;0.9994166679448936;0.9998307513863902;1.0;0.9998563358472413;1.000188597611946;0.9999809555496273;0.9999939895759259;1.0;0.9999580726312736;1.024999976158142;
2016-04-06 07:30:00;0.9999889073565728;0.9999072683041255;1.0;0.999994932727007;0.9999911041039635;1.0;1.0;0.9999625000368525;0.9999720425715866;1.000085869614615;0.9999650545717637;0.999915277549217;1.0;1.0;0.9999384385235301;0.9999413299031894;0.9999422500379888;1.0;1.0001206507984433;0.9999937404411521;0.9999843681539134;0.999917227808879;0.9999417780507663;0.9999998291430728;1.0002018193656088;1.0;0.9999270129743499;1.0000231072653851;0.9996576253834659;0.9997512527831431;1.0;0.9998363293779655;0.9999798241576506;0.9995038929034651;0.9994293199998877;0.9998475781708498;1.0;0.999823444502961;1.000190456351613;0.9999826097847699;0.9999900747765974;0.9999999999999999;0.9999610166188384;1.024999976158142;
2016-04-06 07:45:00;0.9999881176504474;0.9999111482873567;1.0;0.9999925680245484;0.9999924726178643;1.0;1.0;0.9999362876666893;0.9999770374224355;1.0000889218198166;0.999962680231197;0.9998962837454315;0.9999999999999999;1.0;0.9998801031779423;0.9998833794483278;0.9998858817859652;1.0;1.0001251241447335;0.999994856921865;0.9999858923534231;0.9999224063448523;0.9998850427309224;0.9999987080640953;1.0002077464358345;1.0;0.9999308450786929;1.0000239227759402;0.9996908451170127;0.9997727441067784;1.0;0.999845329773123;0.9999824869115665;0.9995565719965064;0.9994870892435528;0.9998395518513717;0.9999999999999999;0.9997908471145677;1.0001955181387476;0.9999848632222825;0.999991357223232;1.0;0.9999523398214788;1.024999976158142;
2016-04-06 08:00:00;0.9999920523800655;0.9999026061759119;1.0;0.9999957864334947;0.9999894364345511;1.0;1.0;0.9999583133443389;0.9999678272752244;1.0000897269331694;0.9999656880926256;0.9999121519432808;1.0;0.9999999999999999;0.9999291222799697;0.9999337950740165;0.9999351590904634;1.0;1.0001270382389185;0.9999928006042138;0.9999920509118079;0.9999187074093394;0.9999347162870379;0.9999995529375172;1.000207071575724;1.0;0.9999305651307406;1.0000241500192204;0.9996783674510722;0.999763047626542;1.0;0.9998101980744154;0.9999753703082002;0.9994323524221993;0.9993605861717975;0.9998186444641455;1.0;0.9997649620103196;1.000195520606729;0.999978710577661;0.9999953405244163;1.0;0.9999591784837308;1.024999976158142;
2016-04-06 08:15:00;0.9999796606999315;0.9997955437575456;1.0;0.9999897309146063;0.9999824773355998;0.9999999999999999;0.9999999999999999;0.9999337240192503;0.9999556805575871;1.0000820981384517;0.9999410791027691;0.9998775565230482;1.0;1.0;0.9998587346154071;0.9998773402639437;0.9998811299100178;1.0;1.0001248731441619;0.9999900516723554;0.9999854920663863;0.999859612887926;0.9998800627371914;0.9999991479120035;1.000217492280818;1.0;0.9998813631096669;1.0000220481644673;0.9996791396982584;0.9997626894611864;0.9999999999999999;0.9998460379920263;0.9999532933182004;0.9995582251461348;0.9994845171181557;0.9998409325169318;0.9999999999999999;0.9997899828346459;1.0002025459307542;0.9999591076403792;0.9999924742164795;1.0;0.9999402144839052;1.024999976158142;
2016-04-06 08:30:00;0.9999767751291951;0.9997398444764513;1.0;0.9999892790507106;0.9999761713898268;1.0;0.9999999999999999;0.9999334577126557;0.999938340884274;1.0000839297329824;0.9999282045872152;0.9998723432208858;1.0;1.0;0.9998607471330184;0.9998843694113966;0.9998881635452137;1.0;1.0001305192789511;0.999986129309273;0.999984600138211;0.9998211747816028;0.9998871157066682;0.9999995950563971;1.0002304492996672;1.0;0.9998504266287531;1.0000224913520153;0.9996052312936705;0.999678430475076;1.0;0.9998032641189151;0.9999373934464317;0.9993967282533733;0.9992611787903687;0.9998223711148458;1.0;0.999811053090202;1.000214224881357;0.9999452564229337;0.9999922841818211;1.0;0.99993666013285;1.024999976158142;
2016-04-06 08:45:00;0.9999717467128163;0.9996981750949876;0.9999999999999999;0.9999870626064986;0.9999738408735144;1.0;1.0;0.9999295671860037;0.9999357902460458;1.00008328561016;0.9999207427971395;0.9998759655910612;1.0;0.9999999999999999;0.9998410805351619;0.9998712048829219;0.9998758822250897;1.0;1.0001335816746377;0.9999855304307959;0.9999824977735781;0.9998018187942926;0.9998746219578897;0.9999995780610343;1.0002410661840686;1.0;0.9998347227006843;1.0000222831226289;0.9996019672246987;0.9996697675115689;1.0;0.9997658160319683;0.9999290157539855;0.9993219296384044;0.9991794103737649;0.9997614670267854;0.9999999999999999;0.9997921237993217;1.000223115214931;0.9999377518988087;0.9999915421438907;0.9999999999999999;0.9999367444366851;1.024999976158142;
2016-04-06 09:00:00;0.9999862489743783;0.9998372036419865;1.0;0.9999936983205787;0.9999845312760306;1.0;1.0;0.9999577077686256;0.9999589344317807;1.0000950828871673;0.9999542579573356;0.9998736050122987;0.9999999999999999;1.0;0.9999149082144632;0.9999289782973826;0.9999312125811696;1.0;1.0001400842602743;0.9999907897369008;0.999990859378605;0.9998856710870982;0.9999305938315052;0.9999997625443576;1.00023432284854;1.0;0.9999044314049083;1.0000255719804758;0.9995589684214236;0.999627138054689;1.0;0.9997405645686773;0.9999600453592254;0.9992647443828515;0.9990982219522689;0.9997253825914758;1.0;0.9997881394796905;1.000219990162381;0.9999651166932915;0.9999954141397859;1.0;0.9999395118304315;1.024999976158142;
2016-04-06 09:15:00;0.9999896767200904;0.9998916742511876;1.0;0.9999928895252759;0.9999894068344453;1.0;1.0;0.9999299463497694;0.9999688147783509;1.0000951415208108;0.9999588927507302;0.9999025148273429;0.9999999999999999;1.0;0.9998675568923183;0.9998735179229181;0.9998765001904306;1.0;1.000135343294844;0.9999930121390308;0.9999915971353978;0.9999121802810856;0.9998756545128098;0.9999985225765042;1.0002210863417291;0.9999999999999999;0.999924319844672;1.0000255922516128;0.9995525428969632;0.9996329036705076;0.9999999999999999;0.9997727887725257;0.9999746261704663;0.9993157966830188;0.9991578961079427;0.9997856382408007;0.9999999999999999;0.9998110725361475;1.0002080456362372;0.9999780044798686;0.9999953962249157;1.0;0.9999545149510477;1.024999976158142;
2016-04-06 09:30:00;0.9999914755731886;0.9999114288181339;1.0;0.9999955152246561;0.9999913812536377;1.0;0.9999999999999999;0.9999627641722946;0.9999749954231234;1.0000964322356252;0.9999698875271277;0.9998896934388197;1.0;0.9999999999999999;0.9999315865476857;0.9999368799913502;0.9999383479550641;1.0;1.0001366845905622;0.9999944021907085;0.9999916974475312;0.9999296223864043;0.9999378770692473;0.9999995270637341;1.0002227635773402;1.0;0.9999395827650039;1.0000259578784119;0.9995499882406148;0.9996229448137276;1.0;0.9997558448855025;0.9999791192221563;0.9992628947642775;0.9990948304647133;0.9997716110895665;1.0;0.9997719342666359;1.0002103238281659;0.9999818783208213;0.9999951705993494;0.9999999999999999;0.9999488794242912;1.024999976158142;
2016-04-06 09:45:00;0.9999886410372107;0.9998975838726758;0.9999999999999999;0.9999936650257258;0.999991118628439;1.0;1.0;0.9999514372961406;0.9999755071367548;1.0000958188319522;0.9999651071582286;0.9998906657530022;0.9999999999999999;1.0;0.9999044431538828;0.9999114352496596;0.999913658212835;0.9999999999999999;1.0001368546397997;0.9999945151895158;0.9999893100278117;0.9999216298929711;0.9999129695020736;0.9999991816397527;1.000225843526798;0.9999999999999999;0.9999321857919651;1.0000257886416504;0.9995699456646298;0.999607145253413;1.0;0.9997284141299979;0.9999776495775743;0.9991569495116251;0.9989485710341298;0.9997613684060936;0.9999999999999999;0.9997707053746832;1.0002126365813546;0.999980532796152;0.9999938444559385;1.0;0.9999489132002588;1.024999976158142;
2016-04-06 10:00:00;0.9999674927515955;0.9996716937022117;1.0;0.9999850630371488;0.9999719900765727;1.0;1.0;0.9999177865772345;0.99993029255011;1.0000826544093133;0.9999105638860492;0.9998983814220309;1.0;1.0;0.99981921265564;0.9998502566501019;0.9998553194483084;1.0;1.0001332518223949;0.9999843127010452;0.9999763623141624;0.9997788234423239;0.9998538655763131;0.9999995001095915;1.0002456846768402;0.9999999999999999;0.9998138645846422;1.0000221121068362;0.9995339945071212;0.9995882471871766;1.0;0.9997067850837508;0.9999246088268261;0.999132380506174;0.9989280205829257;0.9997130155437118;1.0;0.9997750813791946;1.0002269172290474;0.9999339426159778;0.999987628272303;0.9999999999999999;0.9999466561990868;1.024999976158142;
2016-04-06 10:15:00;0.9999823774181488;0.999840059181361;0.9999999999999999;0.9999915203661287;0.9999866713740118;1.0;1.0;0.9999488494148261;0.999965522665263;1.0000926339054788;0.9999520316538089;0.9999104976324895;1.0;1.0;0.9998937109291959;0.9999069250803304;0.9999095954444467;1.0;1.0001362053760978;0.9999922634846855;0.9999840818855434;0.9998855634426661;0.9999087487247659;0.9999995036092274;1.0002328141038757;1.0;0.9999019343353539;1.0000249055155352;0.9995514949761066;0.9996080132157079;1.0;0.9996932227818306;0.9999649857911505;0.999089006202048;0.9988995870436871;0.9997017496645411;0.9999999999999999;0.999778659338394;1.0002180910280225;0.9999693827063043;0.9999909531735504;1.0;0.9999563909356363;1.024999976158142;
2016-04-06 10:30:00;0.9999870156125139;0.999870886912834;1.0;0.9999933145359907;0.9999878349971665;1.0;0.9999999999999999;0.9999477907926413;0.9999651918626445;1.0000956654149824;0.9999567415975598;0.9999045692252362;1.0;0.9999999999999999;0.9999025217062923;0.9999105788195833;0.9999127044279583;0.9999999999999999;1.0001372947682823;0.9999922044486605;0.999987171314296;0.9998986957179549;0.9999120116679105;0.9999993848059162;1.0002288621635844;1.0;0.9999128722863302;1.000025739339087;0.9995332559089529;0.999579659318804;1.0;0.9996791859750618;0.9999701882349766;0.9989652111215028;0.9987479956340308;0.9997434011587206;1.0;0.999784061699207;1.000215302160141;0.9999741038678236;0.999992505173951;1.0;0.9999549429972652;1.024999976158142;
2016-04-06 10:45:00;0.9999822210148482;0.9998294495320768;1.0;0.9999913040396752;0.999985396837672;1.0;1.0;0.9999448934224193;0.9999621066676755;1.0000941684031615;0.9999492868048996;0.9998960310590755;0.9999999999999999;1.0;0.9998857804411317;0.9999001171562022;0.999903026721718;1.0;1.0001389872519928;0.9999915011884795;0.999985083887238;0.999878857109848;0.999902144190591;0.9999994133884621;1.0002370581033602;1.0;0.999896768930335;1.0000253219153823;0.999501475449566;0.9995504792512797;1.0;0.9996761624687005;0.9999617060288193;0.998955931384761;0.9987243148748652;0.9997413992892026;1.0;0.9997264338464578;1.0002219743012721;0.9999665219940232;0.9999917366980694;1.0;0.9999495842204594;1.024999976158142;
2016-04-06 11:00:00;0.9999727333080275;0.9997479243442853;1.0;0.9999869855872315;0.9999790975939046;1.0;0.9999999999999999;0.9999249394757996;0.9999472359818733;1.0000880883328935;0.9999271778728199;0.999894536002573;1.0;0.9999999999999999;0.9998394791197693;0.9998617971100113;0.9998660224732265;1.0;1.0001355197935442;0.9999881193450931;0.9999771531678114;0.9998246997329402;0.9998647338791672;0.999999305315983;1.0002430014462742;1.0;0.9998506563784576;1.0000236055468108;0.9995079952009805;0.9995793356711702;1.0;0.9997159407592477;0.9999442285814375;0.9990983850908068;0.9989022398450483;0.9997635926580686;1.0;0.9997382155616481;1.0002257209774665;0.9999511639387035;0.9999873477033658;1.0;0.9999470022004693;1.024999976158142;
2016-04-06 11:15:00;0.9999797753085836;0.9998826378499243;0.9999999999999999;0.9999903034109324;0.9999921247731809;1.0;0.9999999999999999;0.99994434609662;0.9999768844408938;1.0000951995985896;0.9999543409090761;0.9999003043344382;1.0;1.0;0.9998943738822075;0.9998989034882273;0.9999008507108568;1.0;1.0001345915338227;0.9999948137861434;0.9999713395083526;0.9998982321609491;0.9998999143750492;0.9999994400036109;1.0002344220569037;1.0;0.9999072648887715;1.0000256007594086;0.9994448189918095;0.9995427957029532;0.9999999999999999;0.9997072326916877;0.9999810723808841;0.9990616222990244;0.9988647051606488;0.9997619959051284;1.0;0.9997791773090294;1.000220146644046;0.9999835890676264;0.9999817741472717;1.0;0.9999538577246931;1.024999976158142;
2016-04-06 11:30:00;0.9999802029076966;0.9998864148535724;1.0;0.9999909547719731;0.9999925544854092;0.9999999999999999;1.0;0.9999529643529171;0.9999785166776857;1.0000966081996387;0.9999571964575868;0.999891655529657;1.0;0.9999999999999999;0.999910420855127;0.9999151414093291;0.9999167433339639;1.0;1.0001366439747783;0.9999951788116261;0.9999716717324136;0.9999026587766398;0.999915899917559;0.9999996903210552;1.000237514082507;1.0;0.9999112844160399;1.0000259840772538;0.9994226621323845;0.9995236447148539;1.0;0.9996942553086321;0.9999818729778298;0.999015158754128;0.9988102995803425;0.9997550744562934;1.0;0.9997641657477309;1.0002232236847453;0.9999842622707245;0.9999819531039558;0.9999999999999999;0.9999499030345718;1.024999976158142;
2016-04-06 11:45:00;0.9999750295261323;0.9998785083812525;1.0;0.999988431417607;0.9999935354269207;1.0;0.9999999999999999;0.9999423096780797;0.9999811088395811;1.000092222391843;0.9999508444430781;0.9998981218432823;1.0;1.0;0.9998887286293044;0.9998925293460893;0.9998944531612854;1.0;1.0001300421060861;0.9999957586732245;0.999962354510275;0.9998916501146354;0.999893367560499;0.9999995312830086;1.0002336093940756;1.0;0.9998990879206602;1.000024796781023;0.9995403844599042;0.9996082666618759;1.0;0.999708817628531;0.9999844128926141;0.9990793197263904;0.9988990371445597;0.9997551840261509;1.0;0.9997549345278856;1.0002189583954748;0.9999864821375646;0.9999757987334078;1.0;0.9999530453518765;1.024999976158142;
2016-04-06 12:00:00;0.9999778909504129;0.9998987500268537;1.0;0.9999898371492729;0.9999946982969684;1.0;1.0;0.9999485176755921;0.9999832203263774;1.0000987840954483;0.9999563121591131;0.9998646719867693;0.9999999999999999;0.9999999999999999;0.9999045172515192;0.9999060916233802;0.9999075481849329;1.0;1.0001377825025035;0.999996232828947;0.9999648251926878;0.9999041563336866;0.9999066067042398;0.999999601282313;1.0002423910461806;1.0;0.9999099551398357;1.0000265726374944;0.9995480852540727;0.9996006007460595;1.0;0.9996731459737969;0.9999880593559259;0.9989543760246492;0.9987605049649043;0.9997344099897147;1.0;0.9997504451616879;1.000227888562405;0.999989714397029;0.9999771878945715;1.0;0.9999384582513366;1.024999976158142;
2016-04-06 12:15:00;0.9999820510592243;0.999904597404155;1.0;0.9999905900679239;0.9999939027664119;1.0;0.9999999999999999;0.999938178624602;0.9999808797112376;1.0000992110091722;0.999958092530658;0.9998728222655202;0.9999999999999999;0.9999999999999999;0.9998839332743288;0.999885962356469;0.99988809551333;1.0;1.0001386282107618;0.9999957145272993;0.9999736007945169;0.9999115950451194;0.999887134269433;0.999999038399375;1.0002373092543944;1.0;0.9999183089940421;1.0000266935749083;0.9995137074261349;0.9995571378815402;1.0;0.9996700670228944;0.9999861438439022;0.99892865756971;0.998696626988602;0.9997416263394073;1.0;0.999828047248834;1.0002232392725594;0.9999880546545716;0.9999831027610485;1.0;0.9999420334884918;1.024999976158142;
2016-04-06 12:30:00;0.9999756748925379;0.9998831292198387;1.0;0.9999885749736048;0.9999934990508369;1.0;1.0;0.9999391958256482;0.999979768489827;1.0000984405140818;0.9999502814551059;0.9998755411957035;1.0;1.0;0.9998863596409746;0.9998887226983473;0.9998905717224381;1.0;1.000137801544428;0.9999954586338115;0.9999622288838259;0.9998912831211597;0.9998894935374663;0.9999994421378181;1.0002449161157267;1.0;0.9998984719294821;1.0000264700127075;0.9995102261294587;0.9995624626003895;1.0;0.9996311976735434;0.9999851107785807;0.9987904134127411;0.9985716332686593;0.9997190103260449;1.0;0.9998366305359336;1.000229895237569;0.9999871551000198;0.9999755935231667;0.9999999999999999;0.9999431826098923;1.024999976158142;
2016-04-06 12:45:00;0.9999766949244578;0.9998760837594494;1.0;0.9999887751790469;0.9999923041235657;1.0;0.9999999999999999;0.9999362861800316;0.999976834324649;1.0000979528278613;0.9999493888042488;0.9998696709943734;1.0;1.0;0.9998796823197323;0.999883413328435;0.9998855451851577;0.9999999999999999;1.0001379406751902;0.9999948002113449;0.9999655843385269;0.9998889326664754;0.9998844618340549;0.9999993080673202;1.0002434346182296;1.0;0.9998976264026614;1.0000263378989205;0.9995388622167588;0.9995811198899984;1.0;0.9996563386450714;0.999981878332426;0.9988812969388682;0.9986653267485518;0.999733100275411;1.0;0.9997791490719686;1.0002284149458567;0.999984320054211;0.9999779570470217;1.0;0.9999402026860488;1.024999976158142;
2016-04-06 13:00:00;0.9999839152593758;0.999911276427771;1.0;0.9999919980213664;0.9999941031857232;1.0;1.0;0.9999504388131537;0.9999817826946623;1.0001004836141507;0.9999628158675156;0.9998865118187178;1.0;0.9999999999999999;0.9999078061072673;0.9999100962860142;0.9999117316884153;1.0;1.000140531965569;0.9999959169870803;0.9999762689753421;0.9999191386370021;0.999910941259938;0.9999993793099098;1.0002384664831048;1.0;0.9999256936840726;1.000027041181693;0.9994768227667362;0.9995463646133694;1.0;0.9996650800665553;0.9999864299790477;0.9989455174545419;0.9987308830206643;0.9997155705262565;1.0;0.999761913360007;1.000224658100286;0.9999882842476235;0.9999848046161939;1.0;0.9999481585514837;1.024999976158142;
2016-04-06 13:15:00;0.9999782948936716;0.9998927353578491;1.0;0.999989363844108;0.9999938555205651;1.0;1.0;0.9999390118208343;0.9999810398679242;1.000098181125471;0.999953999571512;0.9998832961455352;0.9999999999999999;1.0;0.9998848673187597;0.9998872749725137;0.9998892853059007;1.0;1.000137459437141;0.9999957434760399;0.9999671301487928;0.99990103316245;0.9998882493655653;0.9999992619224912;1.000240675370274;1.0;0.9999078690090825;1.0000264039753555;0.999544223847362;0.9995806442390103;1.0;0.9996598308936134;0.9999858431488797;0.9989115129567009;0.9986896679713795;0.9997229411372832;1.0;0.9997552855379546;1.0002260719591465;0.9999877771184107;0.9999788531151278;0.9999999999999999;0.9999466770624554;1.024999976158142;
2016-04-06 13:30:00;0.9999810846681589;0.9999008733831742;1.0;0.9999904071654784;0.999993823032561;1.0;1.0;0.9999405325093278;0.9999808827322239;1.000099709992678;0.9999574092689526;0.9998860408357315;1.0;0.9999999999999999;0.9998881305677648;0.999890484382765;0.9998925061831088;1.0;1.0001395323629954;0.9999957090577553;0.9999720073284301;0.9999089522310259;0.9998915485363735;0.9999991771625377;1.0002401874275964;1.0;0.9999158096536128;1.000026820229367;0.9995235259890647;0.9995583385697963;0.9999999999999999;0.9996620906991517;0.9999858104988735;0.9989225270459572;0.9986848521115057;0.9997221559051805;1.0;0.9997604316001857;1.0002258876604995;0.9999877513422473;0.999982061483793;1.0;0.9999479304685482;1.024999976158142;
2016-04-06 13:45:00;0.9999752914803348;0.9998815700025385;1.0;0.9999879142112059;0.9999933527502197;1.0;1.0;0.9999306998836166;0.999979008944328;1.0000992606834564;0.9999480212954658;0.9998793744985424;1.0;1.0;0.9998702382759562;0.9998722770896635;0.9998744781523086;1.0;1.0001387541077582;0.9999952848653334;0.9999618729429078;0.9998885649152203;0.9998733050922549;0.9999991745655696;1.0002463919661666;1.0;0.9998958453636969;1.0000266876034325;0.9995085440585271;0.9995487998526493;0.9999999999999999;0.9996437690583989;0.9999849924504391;0.9988360996642089;0.9985990298087338;0.9997263998466944;0.9999999999999999;0.9997321991019971;1.000231180495806;0.9999870696198985;0.9999753999439172;1.0;0.9999449926127131;1.024999976158142;
2016-04-06 14:00:00;0.999975349606;0.9998446408011095;1.0;0.9999884894176705;0.9999894374928989;1.0;1.0;0.9999392366622606;0.9999713763306282;1.000093441394844;0.9999454700309532;0.9999014308875129;1.0;1.0;0.9998789275798069;0.9998878438836515;0.9998903345689863;1.0;1.0001347986293545;0.9999935709413956;0.9999679861236205;0.9998753335751943;0.9998892361677322;0.9999994952211455;1.0002400251158632;1.0;0.9998880006629338;1.0000251131710396;0.999561074385175;0.9995960580808547;1.0;0.9996435563736336;0.9999730888628029;0.9988497293704884;0.9986362842404738;0.999715680456704;1.0;0.9997430470199605;1.000224585949253;0.9999765342401222;0.9999800002802558;1.0;0.999953319279408;1.024999976158142;
2016-04-06 14:15:00;0.9999661860618263;0.9997101497788802;1.0;0.999984289877561;0.9999775335118276;1.0;1.0;0.9999208704244894;0.9999458112458285;1.000084067380131;0.9999184970382243;0.9999001295082478;1.0;1.0;0.9998224323793542;0.9998494646343012;0.9998543043818835;1.0;1.0001328845901072;0.9999877718883952;0.9999705404898462;0.9998031003861045;0.9998527839086713;0.9999993877622183;1.0002471129917576;0.9999999999999999;0.9998315695198987;1.0000224735148573;0.9995808323600703;0.9996230062103935;1.0;0.9996811567015952;0.9999384143263258;0.9989740036814746;0.9987811195036628;0.9997434864477568;0.9999999999999999;0.9997508805251317;1.000228453569235;0.9999459450503182;0.9999834574478765;1.0;0.9999484043697008;1.024999976158142;
2016-04-06 14:30:00;0.9999811464675654;0.9998639222866464;1.0;0.9999909031543464;0.9999882332453447;1.0;0.9999999999999999;0.9999369952506639;0.9999634376791935;1.0000953224715827;0.9999471153934991;0.9999049851112116;1.0;1.0;0.9998898439696111;0.9998941701068751;0.9998960223752084;0.9999999999999999;1.000134700157222;0.9999917898071283;0.9999735133526475;0.9998787921752282;0.9998951470042435;0.9999994572524514;1.0002329336773028;1.0;0.9998918241931387;1.0000256114597954;0.9995799139549144;0.9996196029796625;1.0;0.9997035114542641;0.9999730457087921;0.9990727874268093;0.998874387445489;0.9997433223946364;1.0;0.9997768385433684;1.0002188950623534;0.999976741689155;0.9999831873615497;1.0;0.9999560219374232;1.024999976158142;
2016-04-06 14:45:00;0.9999806652973097;0.9998412724383989;1.0;0.9999898556996301;0.9999841268831319;1.0;0.9999999999999999;0.9999116834117623;0.9999477906049887;1.0000954409907825;0.9999334338891488;0.9999189070711066;1.0;1.0;0.9998538023896386;0.9998561908769146;0.9998584793426613;0.9999999999999999;1.0001337824456333;0.99998827817604;0.999971894263919;0.9998494968903439;0.9998574576474184;0.9999990112039949;1.0002315308929433;0.9999999999999999;0.9998664111638127;1.000025617735493;0.9995273535152993;0.9995739087888835;1.0;0.9997122005167041;0.9999654848530933;0.999072931407378;0.998848370410105;0.9997683072279754;1.0;0.9998250026121308;1.0002174970371478;0.999970387230346;0.9999820538167943;1.0;0.9999627771275411;1.024999976158142;
2016-04-06 15:00:00;0.9999838730024794;0.9998770725379431;1.0;0.9999915451675564;0.9999886130899788;1.0;1.0;0.9999317600718625;0.9999634135443565;1.0000952532857532;0.9999493049515242;0.9999289051105428;0.9999999999999999;1.0;0.999882334903981;0.9998850927725125;0.9998870879413371;1.0;1.0001336353539518;0.9999917951158896;0.9999772391463441;0.9998865223059584;0.9998862290571013;0.9999991728957541;1.0002273407333302;1.0;0.9998988548261599;1.0000256075804337;0.9995597153406978;0.9995999076256938;1.0;0.9996836378152308;0.9999746853193068;0.9990055512175291;0.9987939428793213;0.9997285458641048;1.0;0.9998156543800706;1.0002139161803476;0.999978226355932;0.9999855478134126;1.0;0.9999672078507835;1.024999976158142;
2016-04-06 15:15:00;0.9999819611528322;0.9998930884559171;1.0;0.9999905692159039;0.9999925932064623;1.0;1.0;0.9999377210036476;0.9999778576280085;1.0000889980860361;0.999956301149036;0.9999457382709673;1.0;1.0;0.9998816365302573;0.9998853963758484;0.9998876930276853;1.0;1.0001255380635639;0.9999950331409676;0.9999751175463448;0.9999060078721835;0.9998867283459044;0.999999090088876;1.0002168575545987;1.0;0.9999144137071936;1.0000239350406652;0.9995537016094395;0.9995999295211245;1.0;0.999718262266685;0.9999824803942778;0.99910582275089;0.9988957823354501;0.9997635358306903;0.9999999999999999;0.999831813586501;1.0002036042560531;0.9999848314190516;0.9999842668802356;1.0;0.9999745768286034;1.024999976158142;
2016-04-06 15:30:00;0.9999836822682772;0.9998922903550285;1.0;0.9999919333558223;0.9999919851919936;1.0;1.0;0.9999495147490629;0.9999768630706058;1.0000891518431163;0.9999597312220121;0.9999485998823382;1.0;1.0;0.9999037619759603;0.9999088230531542;0.9999107242101309;1.0;1.0001265064274298;0.9999948125409444;0.9999785309633845;0.9999096893405977;0.9999099235357795;0.9999994322173311;1.0002166533607184;1.0;0.9999189753964376;1.0000239825566737;0.9995173006787923;0.9995837288282408;0.9999999999999999;0.9997229082323629;0.9999805055144786;0.9991188476201079;0.9989160379647936;0.99976866668962;1.0;0.9998233167216919;1.000203615858422;0.9999830751308395;0.99998655078286;1.0;0.9999755594876711;1.024999976158142;
2016-04-06 15:45:00;0.9999846083189243;0.9999016187985778;1.0;0.9999923173087116;0.9999925612954411;1.0;1.0;0.9999497560822591;0.9999775136650727;1.0000917133059148;0.9999611140116297;0.9999495526905311;1.0;1.0;0.9999070768107089;0.9999105566216868;0.9999122707660231;1.0;1.0001291033816893;0.9999949617100191;0.9999785781153904;0.9999136009122555;0.9999115073357379;0.9999994231431788;1.000219657129824;1.0;0.9999219882647623;1.0000246764313647;0.9995557678638581;0.999610293183025;1.0;0.9996833485129943;0.9999825592356537;0.999000484485889;0.9988071165446467;0.9997307455700959;0.9999999999999999;0.9998157036519035;1.0002067268019008;0.9999849145018501;0.9999864318812783;0.9999999999999999;0.999976367773203;1.024999976158142;
2016-04-06 16:00:00;0.9999867591062981;0.999910155486773;1.0;0.9999929178615904;0.9999928087041946;1.0;1.0;0.9999481878192475;0.9999780026528259;1.0000923005530313;0.9999636184351199;0.9999506612952442;1.0;0.9999999999999999;0.9999042767561003;0.999907343150599;0.9999091778506229;0.9999999999999999;1.0001296671729292;0.9999950729735577;0.9999822301691648;0.9999206910785071;0.9999084424404624;0.9999992442505963;1.000217525050886;1.0;0.9999287365987934;1.0000248362120279;0.999526395428764;0.9995960391921526;0.9999999999999999;0.9997046597548627;0.9999832995629889;0.9990640013206424;0.998873014577863;0.9997512119216423;1.0;0.9998263060440691;1.0002049017444326;0.9999855690843049;0.9999888204538303;0.9999999999999999;0.9999769675663007;1.024999976158142;
2016-04-06 16:15:00;0.9999895368808857;0.9999149633649488;1.0;0.999993737682109;0.9999924438500657;1.0;1.0;0.999946509037885;0.9999771441408609;1.0000922563826986;0.9999660715339891;0.9999516447089022;1.0;1.0;0.999900416584928;0.9999039377168099;0.9999059998637968;1.0;1.0001298650294121;0.9999948836792979;0.9999878462072964;0.9999270903146893;0.9999053044482539;0.9999990369978577;1.0002138540430023;1.0;0.9999356082595907;1.0000248284160476;0.9995697723529579;0.999627206634498;1.0;0.9996807246940701;0.9999822902415435;0.9989559453474057;0.9987742767601926;0.9997525504322592;0.9999999999999999;0.9998577220529073;1.0002015899056065;0.9999846827678219;0.999992588719322;1.0;0.999977303450887;1.024999976158142;
2016-04-06 16:30:00;0.99998719287343;0.9999097574159748;1.0;0.9999936443867945;0.9999928342415959;1.0;1.0;0.999958066886024;0.9999789630392358;1.0000894732991623;0.9999663216372542;0.9999565380521571;1.0;1.0;0.9999216012102806;0.999925707702235;0.999927232571087;1.0;1.0001263503004874;0.9999952916956514;0.9999832937120754;0.9999239078701839;0.9999265990340859;0.9999995400780615;1.0002121926778733;1.0;0.999932132650417;1.000024082119257;0.9995739105860186;0.9996300317001561;1.0;0.999645149714312;0.9999827891798415;0.9988215109675354;0.998640434486075;0.9997366340600212;1.0;0.9999134117236738;1.0001999005641147;0.9999850781138039;0.9999895553843708;0.9999999999999999;0.9999793753727853;1.024999976158142;
2016-04-06 16:45:00;0.9999890934736398;0.9999060252239163;0.9999999999999999;0.9999941793348112;0.9999914013825737;1.0;1.0;0.9999535512942577;0.9999742837270551;1.0000868047183356;0.9999651137968935;0.9999690914958952;1.0;1.0;0.9999152826760859;0.9999196339309396;0.9999213274747922;0.9999999999999999;1.0001228035051046;0.9999942446817542;0.9999871146681645;0.9999210444493273;0.9999207174814128;0.9999993881701721;1.000203927041864;1.0;0.9999308090827207;1.0000233624406862;0.9995451888035394;0.9996058503359406;1.0;0.9996829795386059;0.9999796577808497;0.9989519075479123;0.9987554461286853;0.9997608839696251;1.0;0.9999511126325346;1.0001921591142966;0.9999823901050897;0.9999921166740972;1.0;0.9999849908176708;1.024999976158142;
2016-04-06 17:00:00;0.9999919413659415;0.9999300860764502;1.0;0.9999953637196712;0.9999936671667599;1.0;0.9999999999999999;0.9999611311902824;0.9999812202164492;1.0000886284963881;0.9999735897683044;0.9999666072775781;1.0;1.0;0.9999275341751975;0.9999309281218303;0.9999324505991437;1.0;1.0001247410351808;0.9999958001273989;0.9999910599038422;0.999941780059514;0.9999319427182838;0.9999993620335241;1.0002033691907126;0.9999999999999999;0.9999490077313045;1.0000238609559344;0.999502400225066;0.9995819794894121;1.0;0.9996803988839353;0.9999849208986673;0.9989551797098988;0.99876006733273;0.9997509362473005;1.0;0.9999609183203616;1.0001920268984734;0.9999869366877939;0.9999946117617485;1.0;0.9999840966286622;1.024999976158142;
2016-04-06 17:15:00;0.9999862303055066;0.999909205197719;1.0;0.9999920486022734;0.9999931596410808;1.0;0.9999999999999999;0.9999397369932538;0.9999796185737265;1.0000889241571813;0.9999625342400723;0.9999790571216672;0.9999999999999999;0.9999999999999999;0.9998846779424301;0.9998882403623319;0.9998906299279214;0.9999999999999999;1.0001252853053948;0.9999954365085687;0.9999825941056815;0.9999214767530805;0.9998897650886551;0.9999988976003584;1.0002106545669445;1.0;0.9999292576609935;1.0000239276813117;0.9995513700182175;0.9995984930317384;1.0;0.9996196234085419;0.9999837634147585;0.9987333250733602;0.9985226283640366;0.9997191743181194;1.0;0.999973806767413;1.000198116678316;0.9999859393526374;0.9999891853524916;1.0;0.9999896834323918;1.024999976158142;
2016-04-06 17:30:00;0.9999843031512429;0.999899486502945;1.0;0.99999143508028;0.9999928633295762;0.9999999999999999;1.0;0.999941039942099;0.9999795897783099;1.0000858472331116;0.9999605657579274;0.9999881767281915;1.0;1.0;0.9998849541265135;0.9998896936408459;0.9998921151395531;1.0;1.0001217350622171;0.9999954269201368;0.9999802050961116;0.9999158035229689;0.9998912098901073;0.9999990191324755;1.0002076868322356;0.9999999999999999;0.9999241175214691;1.0000230948424071;0.9995478951212792;0.9996012438402297;0.9999999999999999;0.9996494169859013;0.9999825105864942;0.9988537174528325;0.9986485464255794;0.9997266167560345;1.0;0.999972853015074;1.0001950128574002;0.9999848060174208;0.9999877060636109;1.0;0.999993524185505;1.024999976158142;
2016-04-06 17:45:00;0.9999912727372124;0.9999226436426865;1.0;0.9999951261394158;0.9999930704572919;1.0;1.0;0.9999608968440604;0.9999799879996686;1.0000841537598055;0.9999721353032764;0.9999843824784065;1.0;1.0;0.9999259455591901;0.9999303131976248;0.9999319206995099;0.9999999999999999;1.000119133721363;0.9999955219969786;0.9999908157397177;0.9999376590798191;0.9999313937894585;0.9999993937753557;1.000195442990145;1.0;0.9999456879769522;1.0000226521889621;0.9995855318236816;0.9996259512493046;1.0;0.9997087795464508;0.9999831501842078;0.9990477203464831;0.9988443210772568;0.9997728224322053;0.9999999999999999;0.9999757757929599;1.000184326737829;0.999985371678639;0.9999945378854688;1.0;0.9999918981199589;1.024999976158142;
2016-04-06 18:00:00;0.9999890607805599;0.9998986940100683;1.0;0.9999940958552853;0.9999899644341216;1.0;1.0;0.9999481828156669;0.9999688270318281;1.0000842714997806;0.9999610838510528;0.9999887609797068;1.0;1.0;0.9999098052186355;0.9999134949952783;0.9999151661408179;1.0;1.0001189350306983;0.9999930161533264;0.9999865312341489;0.9999113985339546;0.9999145483897502;0.9999993572264887;1.0001979786687871;1.0;0.9999225236926752;1.0000226685054017;0.9995981939779452;0.9996395389879376;0.9999999999999999;0.9997018151796809;0.9999770139741053;0.9990191280475689;0.998825230423575;0.999771285563263;1.0;0.9999746007165453;1.0001865380408028;0.9999801658132914;0.9999916798318853;1.0;0.9999940389790107;1.024999976158142;
2016-04-06 18:15:00;0.9999907644363573;0.9999367778397366;1.0;0.9999949049540773;0.9999952829668423;0.9999999999999999;1.0;0.9999637557187218;0.9999865774614135;1.0000846657957214;0.9999757232103077;0.9999880508148229;1.0;1.0;0.9999292992349373;0.9999325119940549;0.9999340261946806;1.0;1.0001191449944784;0.9999969984933129;0.999988820344828;0.9999478194982426;0.9999334812743998;0.9999993908606551;1.0001962148640646;0.9999999999999999;0.9999533295474654;1.000022794672133;0.9995959473706694;0.9996336277058484;1.0;0.9996596700226659;0.9999884014721108;0.9988484470844131;0.9986489228295797;0.9997608008608873;1.0;0.9999793644182157;1.0001851169427747;0.9999899195079864;0.9999931181714024;1.0;0.9999938319344974;1.024999976158142;
2016-04-06 18:30:00;0.9999885524966645;0.9998976691517931;1.0;0.9999934802504784;0.9999902828180228;1.0;1.0;0.9999434237094279;0.9999704133130518;1.0000853357705162;0.9999606648573314;0.9999879643992412;1.0;0.9999999999999999;0.9998975377500339;0.9999018448403875;0.999903896287066;1.0;1.000120778340736;0.9999933714304228;0.9999867556595952;0.9999124666625218;0.9999031910099261;0.9999991393432011;1.0002010538575998;1.0;0.9999233714993384;1.0000229540578833;0.9996388121533302;0.999635607577419;1.0;0.9996717293397712;0.9999773468900114;0.9989123774564026;0.9986784167768866;0.9997535724482857;1.0;0.9999809520309267;1.0001892587368848;0.9999804174001001;0.9999919319494094;1.0;0.9999935315031274;1.024999976158142;
2016-04-06 18:45:00;0.9999853805867077;0.9998723218167138;0.9999999999999999;0.9999926654118272;0.9999886735731258;1.0;0.9999999999999999;0.9999473220842381;0.999967534436573;1.0000800241011496;0.9999560455391835;0.9999892464956168;0.9999999999999999;1.0;0.9999012139859716;0.9999086314730125;0.9999107122364007;1.0;1.0001152677835095;0.9999927291493083;0.9999837005442984;0.9998979660335979;0.9999099684307577;0.9999994414049559;1.0001967142473653;1.0;0.9999111569840898;1.0000215241195398;0.9996573227018553;0.9996520807294916;0.9999999999999999;0.9996939018276452;0.9999722862519712;0.9990014190192985;0.9987752990403631;0.9997595161256433;1.0;0.9999797452538721;1.0001846048897944;0.9999759304502633;0.9999901641349388;0.9999999999999999;0.9999933681654924;1.024999976158142;
2016-04-06 19:00:00;0.9999899764333849;0.9999029180970836;1.0;0.999994942204417;0.9999906310201552;1.0;1.0;0.9999596244852292;0.9999722714127284;1.0000817376202635;0.9999660778223526;0.9999906549369413;1.0;1.0;0.9999276441513563;0.9999327499412639;0.9999341963193573;1.0;1.0001162499670966;0.9999937897801506;0.9999888915285662;0.9999204610722008;0.9999336828764063;0.9999996035473783;1.0001929202128215;0.9999999999999999;0.9999311600895621;1.0000219926759377;0.9997245704608075;0.9997116134887756;1.0;0.999672489004159;0.9999776479367641;0.9989001173774391;0.998706284487863;0.9997641019906996;0.9999999999999999;0.999980952030927;1.0001817923240675;0.9999806316834914;0.9999933054289768;0.9999999999999999;0.9999945568598604;1.024999976158142;
2016-04-06 19:15:00;0.9999887691190327;0.9999000066864593;1.0;0.9999942547281266;0.9999901684401474;0.9999999999999999;1.0;0.9999519241863969;0.9999692380486384;1.0000834564943168;0.999961609606672;0.999993217775228;1.0;1.0;0.9999178632315048;0.9999212288080339;0.999922661655243;1.0;1.0001176133346494;0.9999931085321142;0.9999853682522487;0.9999115522205566;0.9999220820667201;0.9999995136736685;1.0001966032211072;1.0;0.9999223941137185;1.0000224494750083;0.9996767612425248;0.9996549404941372;1.0;0.9996700239376127;0.9999776170107549;0.9988797543774989;0.9986413827586735;0.9997705189142646;1.0;0.9999797452538721;1.0001852918782874;0.9999806981053627;0.9999908544687782;1.0;0.9999961307881767;1.024999976158142;
2016-04-06 19:30:00;0.9999812661051831;0.9998633963918201;1.0;0.9999910664850399;0.9999901025448905;0.9999999999999999;0.9999999999999999;0.999951477632632;0.9999747513624944;1.0000787071878272;0.9999562796412915;0.9999907156291852;1.0;1.0;0.9998984900168545;0.9999087267052893;0.9999111211703715;1.0;1.0001151341664574;0.9999943372019032;0.9999792416505141;0.99989864202616;0.9999102424746577;0.9999995381982233;1.0002016595011245;1.0;0.9999108787936453;1.000021163609871;0.9996888800413812;0.9996511841111373;0.9999999999999999;0.999634529326246;0.9999737713549248;0.9987565409796967;0.9985033067211777;0.9997477454346458;1.0;0.9999809520309269;1.0001886199049423;0.9999770468703666;0.9999874926586206;1.0;0.9999933588934602;1.024999976158142;
2016-04-06 19:45:00;0.9999561225755903;0.9995773862926673;1.0;0.999979906863561;0.9999653368096085;1.0;1.0;0.9998994427187405;0.9999167965748457;1.0000645117772877;0.9998879529283253;0.9999766998600018;1.0;1.0;0.9997684185182398;0.9998106343344015;0.9998173933699975;1.0;1.000115231756349;0.9999811820687738;0.9999685007178024;0.9997226191640501;0.9998154641434838;0.999999434937948;1.0002314922682995;0.9999999999999999;0.9997666252737772;1.000017055448641;0.9997174852008074;0.9996821701281815;1.0;0.9996165655499819;0.9999046758587935;0.9987126552220832;0.9984829170332846;0.9997237615222585;0.9999999999999999;0.9999785704640461;1.0002109161181225;0.9999163153999251;0.9999836074598136;1.0;0.999979385627916;1.024999976158142;
2016-04-06 20:00:00;0.9999694457766878;0.9997203201883712;1.0;0.9999855393926829;0.9999776795659409;1.0;1.0;0.9999229015209194;0.9999462042313825;1.0000704933223017;0.9999226673961421;0.9999832689310955;1.0;1.0;0.9998264199024458;0.999853330901465;0.9998581803653345;1.0;1.000113912109843;0.999987889643231;0.999976060156962;0.9998129141222467;0.9998567468167279;0.9999993249662525;1.0002130441393629;1.0;0.9998412160635104;1.0000188576809477;0.9997426906093647;0.9997142871346523;1.0;0.9996259830247365;0.9999387748287396;0.9987302794907541;0.9985264328329758;0.9997399481430085;1.0;0.9999904792909121;1.0001963964308442;0.9999462613110324;0.9999870761372442;1.0;0.9999860105617022;1.024999976158142;
2016-04-06 20:15:00;0.9999732855726244;0.9997516749814012;1.0;0.9999874099933708;0.9999792774782913;1.0;0.9999999999999999;0.999927923059214;0.9999474009711325;1.0000722009132221;0.9999283269752584;0.9999857307772151;1.0;1.0;0.99984656573606;0.9998683524764479;0.9998723697847011;0.9999999999999999;1.0001131899183435;0.9999881673082477;0.9999773165378474;0.9998266462710462;0.9998711318082283;0.9999994404655546;1.0002076922019256;1.0;0.9998523145454828;1.0000193338470613;0.999770636582299;0.999722402436557;1.0;0.9996439018281235;0.9999448846270067;0.9987955840113562;0.9985789255786653;0.9997493026424233;1.0;0.9999912732606054;1.000192279242195;0.9999517537360127;0.9999873800471096;1.0;0.9999883472124301;1.024999976158142;
2016-04-06 20:30:00;0.9999672472823757;0.9997432710367499;1.0;0.9999847389100023;0.9999804954552056;0.9999999999999999;0.9999999999999999;0.9999199704216412;0.999950705699046;1.000072066343253;0.9999218980713537;0.9999861338671884;0.9999999999999999;0.9999999999999999;0.9998301689963421;0.9998509181719325;0.9998550948654168;1.0;1.000112463252775;0.9999888961510798;0.9999661857187333;0.999814704230189;0.9998536249747686;0.9999994090265094;1.0002144178818286;1.0;0.9998389112735553;1.0000192692832024;0.9997489000807387;0.9997030535518868;1.0;0.99961606667764;0.9999479888642382;0.9986873128527367;0.998461113465817;0.9997393574850747;0.9999999999999999;0.9999920672329302;1.0001980794251801;0.9999544610435803;0.9999799974239557;1.0;0.9999887771193525;1.024999976158142;
2016-04-06 20:45:00;0.9999643184254121;0.9997759768591652;1.0;0.999983985612692;0.9999846371284439;1.0;0.9999999999999999;0.9999217208207449;0.9999582138687643;1.0000724337249238;0.9999227178746081;0.9999897490340169;1.0;0.9999999999999999;0.999845048909423;0.9998578490377148;0.9998609291169179;0.9999999999999999;1.000108259246903;0.9999905826165162;0.9999528762207972;0.9998200318033869;0.9998594592244112;0.9999996896219849;1.0002129321717115;1.0;0.9998384079891585;1.0000193655142389;0.9997376784164025;0.999707318205678;1.0;0.9996450941262113;0.9999609396291064;0.9987828232530116;0.9985716765785551;0.9997615317595819;1.0;0.9999912732606052;1.0001972186463284;0.9999659485328558;0.9999704509396481;0.9999999999999999;0.9999923096502589;1.024999976158142;
2016-04-06 21:00:00;0.999975424996286;0.9998395445733873;1.0;0.9999882300777074;0.9999884989394273;1.0;1.0;0.9999327607852599;0.9999679814494413;1.0000773739748492;0.9999425546698179;0.9999914968887749;1.0;1.0;0.9998687015909477;0.999877379089391;0.9998800499462798;1.0;1.0001124765895835;0.9999928034883679;0.9999682821138088;0.9998694447116014;0.9998789102838017;0.99999937475576;1.0002049884253568;1.0;0.9998830431945085;1.000020761977888;0.9997497335143107;0.9997070424635786;1.0;0.9996385044738647;0.9999712505357492;0.9987448788018763;0.9985228867849424;0.9997675463390815;1.0;0.9999912732606053;1.000191196488104;0.9999749767103814;0.9999802017429045;1.0;0.9999940843095989;1.024999976158142;
2016-04-06 21:15:00;0.9999732375442087;0.9998352330178002;0.9999999999999999;0.9999873904265061;0.9999895607739909;0.9999999999999999;1.0;0.9999364613935745;0.99997333661346;1.0000724920559867;0.9999437594634767;0.9999905139906787;1.0;0.9999999999999999;0.9998679282135161;0.9998786829162158;0.9998815839250516;0.9999999999999999;1.0001069236336555;0.9999940066551782;0.9999664296959475;0.9998722852367061;0.9998803684008913;0.9999994269589021;1.0001989504951971;1.0;0.9998851813432774;1.0000194573446872;0.9997661656675906;0.9997229363779837;1.0;0.9996847546495937;0.9999723526493992;0.9989263063524861;0.9987127473531455;0.9997830569180928;1.0;0.9999912732606053;1.0001850391652156;0.9999758075910411;0.9999791747635887;1.0;0.9999931439661698;1.024999976158142;
2016-04-06 21:30:00;0.9999726022651271;0.9998198773351253;1.0;0.9999866659219299;0.9999879075806356;1.0;1.0;0.9999276140727907;0.9999690733605026;1.0000708763568384;0.9999392515129766;0.9999895008455849;1.0;1.0;0.9998494844743536;0.9998619028555271;0.9998653299748496;0.9999999999999999;1.0001057145682086;0.9999930461810334;0.9999675416843363;0.9998626349127413;0.9998640132070994;0.9999991826458843;1.0001973102444162;1.0;0.9998775616718169;1.0000190075217772;0.9998270394591373;0.9997625265929495;0.9999999999999999;0.9996946987287628;0.9999679975010658;0.9989635792076847;0.9987569607799422;0.9997875595091823;1.0;0.9999916544037751;1.0001831395868426;0.9999719981230788;0.9999801218921275;1.0;0.9999922886613787;1.024999976158142;
2016-04-06 21:45:00;0.9999762826476634;0.9998283446344471;1.0;0.9999887176648546;0.9999876884936955;1.0;1.0;0.9999399440393636;0.9999689041101483;1.000070725429052;0.999945482321118;0.9999893819295108;0.9999999999999999;1.0;0.9998733006538624;0.9998864193522058;0.9998894377915556;1.0;1.0001058786976162;0.9999930126647357;0.9999738795988832;0.9998734847594717;0.9998883330724084;0.9999994356704315;1.0001932119688286;1.0;0.9998887713836446;1.0000189826244468;0.9998496604600685;0.9997644895655643;1.0;0.9996977490556038;0.9999671657215166;0.9989593009427598;0.9987357782490948;0.9997996249153366;0.9999999999999999;0.9999900664615023;1.000179691536778;0.999971249831938;0.9999842820296001;1.0;0.9999920677314869;1.024999976158142;
2016-04-06 22:00:00;0.9999799245808897;0.9998484875918306;1.0;0.9999898162024946;0.9999879480267687;1.0;1.0;0.9999332630926542;0.999966454560681;1.0000746503726567;0.9999470090812135;0.9999914454471471;1.0;1.0;0.9998698151047255;0.9998789255168675;0.9998817456661542;1.0;1.0001089253951139;0.9999924669418789;0.9999767519384373;0.9998798294153335;0.9998807130622671;0.9999991772460305;1.000193243435943;0.9999999999999999;0.9998940798780958;1.0000200427823032;0.9998254875151236;0.9997637041583822;0.9999999999999999;0.9996929315211579;0.9999698720960563;0.9989394428543207;0.9987357651999159;0.9997986437605322;0.9999999999999999;0.9999912732606051;1.0001804069189288;0.9999737752767975;0.999985837429768;1.0;0.9999939576703665;1.024999976158142;
2016-04-06 22:15:00;0.9999775830420712;0.9998552722418154;1.0;0.9999887094884047;0.9999897443392516;1.0;1.0;0.9999304409901381;0.9999712482846342;1.00007223024767;0.9999463864475896;0.9999917870967564;1.0;1.0;0.9998639138170854;0.9998714011186216;0.999874218805375;1.0;1.000104591719701;0.999993548972539;0.9999712929963356;0.99988113064754;0.9998730843833777;0.9999991195335167;1.000189500370893;1.0;0.9998932183632094;1.0000193982165002;0.9998375475168264;0.9997712954222407;1.0;0.9997213360404656;0.9999744926060841;0.9990536277276268;0.9988503303286766;0.9998063029361016;1.0;0.999990479290912;1.0001767250450673;0.9999778108524746;0.9999821162020017;1.0;0.9999944997212366;1.024999976158142;
2016-04-06 22:30:00;0.9999838966435205;0.9998820088697229;1.0;0.9999914319765795;0.9999905731095566;1.0;1.0;0.9999395564253064;0.9999728960502097;1.0000747339695637;0.9999561226548495;0.99999234378958;1.0;0.9999999999999999;0.9998841289127598;0.9998902173819321;0.9998926515306765;1.0;1.0001071956755516;0.999993921450036;0.9999806410533502;0.9999029480580383;0.9998917601466403;0.9999991186748513;1.0001856312364459;1.0;0.9999138960432983;1.0000200849144036;0.9998699184403556;0.9997982161461512;1.0;0.999720430970267;0.9999769949509019;0.9990441265978108;0.9988536223706169;0.9998100314023332;0.9999999999999999;0.9999924483761707;1.0001738807983942;0.9999800215421318;0.9999881044156577;1.0;0.9999950854450672;1.024999976158142;
2016-04-06 22:45:00;0.9999774213541058;0.9998510912781837;1.0;0.9999887575889925;0.9999889993465361;1.0;1.0;0.9999296950378888;0.9999684687260382;1.0000710450749308;0.9999445590546321;0.9999915321570126;1.0;1.0;0.9998650112327139;0.9998722445048209;0.9998749545519706;1.0;1.0001028145744038;0.999992923127893;0.9999706446200782;0.9998760055321915;0.9998738346715343;0.9999991866870811;1.000187106533914;1.0;0.9998888012273024;1.0000190736252084;0.99983317958743;0.9997813742194698;1.0;0.9997501410026648;0.9999730721533471;0.9991298087663679;0.9989446013397908;0.9998409829384431;1.0;0.9999908604325448;1.0001744768888856;0.9999766106305558;0.9999816514685733;1.0;0.9999944451650512;1.024999976158142;
2016-04-06 23:00:00;0.9999843503714759;0.9998751960962908;1.0;0.9999922146258455;0.9999898865453768;1.0;1.0;0.9999499974892884;0.9999723475441161;1.0000705422567016;0.9999581529186373;0.9999916839442478;1.0;0.9999999999999999;0.9999013632016804;0.9999096117448051;0.9999118167713111;1.0;1.0001026516672988;0.9999938019834304;0.9999827703125784;0.9999035769829457;0.9999110319214706;0.9999994387415908;1.0001782898227023;1.0;0.9999156516648009;1.000018964353874;0.9998407094894027;0.9997834167389748;1.0;0.9997776827323244;0.9999743911513234;0.9992248079779665;0.9990354047469951;0.999859096856059;1.0;0.9999920672329304;1.0001668738342573;0.9999776824246084;0.9999896367661298;0.9999999999999999;0.999994271365556;1.024999976158142;
2016-04-06 23:15:00;0.9999842990391371;0.9998853507561922;1.0;0.9999920973617932;0.9999911131627379;1.0;1.0;0.9999492517583781;0.9999752814963959;1.00007069763599;0.9999595510917051;0.9999925560892504;1.0;1.0;0.999900846277577;0.999907577223901;0.9999097035397154;0.9999999999999999;1.0001019540321026;0.9999944606850732;0.9999813178791581;0.9999085316904767;0.9999089040445263;0.9999993851156032;1.0001773031205121;1.0;0.9999190482648167;1.0000190106169917;0.9998362793763337;0.9997858161117276;1.0;0.9997830285476486;0.9999777763798929;0.9992447234152353;0.9990627154113788;0.9998616068080732;1.0;0.9999908604325449;1.0001660570365916;0.9999806552502107;0.9999885507464235;1.0;0.9999950279873439;1.024999976158142;
2016-04-06 23:30:00;0.9999877686983661;0.9998991883192492;1.0;0.9999926374324888;0.9999912527496738;1.0;1.0;0.9999385869368773;0.9999744131491879;1.0000725044595196;0.9999612622823908;0.9999931824963965;0.9999999999999999;1.0;0.9998828986410297;0.9998880232077242;0.9998905674284467;1.0;1.0001035061534147;0.9999942671685439;0.9999868314115962;0.999916803847467;0.9998897454989882;0.9999988612836991;1.0001745271700533;1.0;0.9999268629585737;1.0000194960446407;0.9998808882303175;0.9998149618389378;0.9999999999999999;0.9997920627305467;0.9999789387991782;0.9992761408142883;0.9990996557859593;0.9998673798841895;0.9999999999999999;0.9999912732606053;1.0001637389507463;0.9999817334177279;0.9999921223160951;1.0;0.9999956947239795;1.024999976158142;
2016-04-06 23:45:00;0.9999869588524696;0.9998719795719064;1.0;0.9999939360249108;0.9999884529118857;1.0;1.0;0.9999606289221559;0.9999685511765806;1.0000687584416825;0.9999608327419969;0.9999908801837162;0.9999999999999999;1.0;0.9999231442405583;0.999932713142832;0.9999345147930592;1.0;1.0001009460480412;0.9999929543102632;0.9999877434609648;0.9999049124747518;0.9999339221291523;0.9999997660835667;1.0001727472636548;0.9999999999999999;0.999918728713768;1.0000184909276923;0.9998658165488368;0.9998055334753129;1.0;0.9997995814416767;0.9999706773697827;0.999305118109828;0.9991271609283612;0.9998702592129814;1.0;0.9999908604325449;1.0001618978797513;0.9999744397217321;0.9999929468798615;0.9999999999999999;0.9999935928057362;1.024999976158142;
2016-04-07 00:00:00;0.9999862595061019;0.9998751013474723;0.9999999999999999;0.9999934273084969;0.9999894871926229;1.0;1.0;0.9999597507992534;0.9999724564980913;1.0000688583407362;0.999962122427194;0.9999910001662855;1.0;1.0;0.9999174937288546;0.9999275048321455;0.9999295364748668;0.9999999999999999;1.0001013431939907;0.9999938282659069;0.9999872349835109;0.9999095512651475;0.9999288804460379;0.9999996513839593;1.0001739988007847;1.0;0.9999223813000567;1.0000185192649713;0.999858392783291;0.9998008494557653;1.0;0.9997915025541122;0.999972607106004;0.9992746316190289;0.9990961704563859;0.9998667257628415;1.0;0.999990479290912;1.000162923418129;0.9999760642048797;0.9999926804410048;0.9999999999999999;0.9999935414178515;1.024999976158142;
2016-04-07 00:15:00;0.9999895071269919;0.9998993508665809;1.0;0.9999953041364504;0.9999909361780197;0.9999999999999999;1.0;0.9999707335668905;0.9999750776404515;1.0000688940345062;0.9999690376762441;0.9999919550196136;1.0;1.0;0.9999438627658417;0.9999510776018592;0.9999523424818103;1.0;1.0000997075360563;0.9999944205262506;0.9999894339981527;0.9999241936973091;0.9999518964052916;0.9999999114031536;1.0001680562876913;1.0;0.9999349869981327;1.0000185382820914;0.9998928588557612;0.999825887788677;0.9999999999999999;0.99980843469574;0.9999771454510329;0.9993373162426442;0.9991667840716074;0.9998749560969402;1.0;0.9999920672329304;1.0001580062390405;0.9999800905674642;0.9999937921424319;1.0;0.9999946408285004;1.024999976158142;
2016-04-07 00:30:00;0.9999892973304155;0.9999135267106292;0.9999999999999999;0.9999943663151468;0.9999928894315447;1.0;1.0;0.9999605066909092;0.9999802789819328;1.0000706287357932;0.999969988094072;0.9999929853988802;1.0;1.0;0.9999226903089998;0.999928145814912;0.9999298708333237;1.0;1.0001010647310375;0.9999955858346192;0.999988405441521;0.9999322998005328;0.999929281236057;0.9999994450173578;1.0001697640360656;1.0;0.9999407270050276;1.0000190059248542;0.9998592529331453;0.9998086304732822;1.0;0.9998084124251838;0.9999821834697252;0.9993412681435244;0.9991735358005917;0.9998721967778773;1.0;0.999990479290912;1.000159588850054;0.9999844879933897;0.9999930527570636;1.0;0.9999955266554911;1.024999976158142;
2016-04-07 00:45:00;0.9999900395697824;0.9999192123223619;1.0;0.9999946943419945;0.9999935191639169;1.0;1.0;0.9999632698032757;0.9999825288377653;1.000068002503331;0.9999725838975433;0.9999925685084333;0.9999999999999999;1.0;0.9999263751569613;0.9999319482033581;0.9999336584030556;1.0;1.0000974805900387;0.9999960931815057;0.9999897546286871;0.9999384212271354;0.9999330955865354;0.9999994471137048;1.000163189452286;1.0;0.9999462210598353;1.000018305297293;0.9998978567957184;0.9998515966512168;0.9999999999999999;0.9998301203601301;0.999983433168642;0.9994188102015057;0.9992826450633133;0.9998846780792567;1.0;0.9999916544037751;1.000153409645893;0.9999855500120785;0.9999939479043232;1.0;0.9999953101645365;1.024999976158142;
2016-04-07 01:00:00;0.9999889527923387;0.9999087363872204;0.9999999999999999;0.9999946901349952;0.9999929021182233;1.0;1.0;0.9999695673107434;0.9999819744756621;1.0000647829734077;0.9999721079570455;0.9999917101032941;1.0;1.0;0.9999358093550368;0.999943240097247;0.9999448347197203;0.9999999999999999;1.0000941245203867;0.9999959695167688;0.9999891384838251;0.9999343779984967;0.9999443022867823;0.9999997015914998;1.0001596160401027;1.0;0.9999431793314486;1.0000174385684033;0.9999293677186939;0.9998864763822298;1.0;0.9998495112128932;0.9999811352528652;0.9994936604027169;0.9993830796596553;0.9998920206149031;1.0;0.999990860432545;1.0001498139756375;0.9999834885993347;0.9999936659564033;1.0;0.9999944785571927;1.024999976158142;
2016-04-07 01:15:00;0.999989740625391;0.9999166379850363;1.0;0.9999954113215764;0.9999937764069565;1.0;1.0;0.9999783755619559;0.9999850026236459;1.0000650014508916;0.9999762587499105;0.9999919948157291;1.0;1.0;0.9999514497018764;0.999958944736745;0.9999602313038334;1.0;1.0000944623979835;0.999996645280465;0.9999900706297518;0.9999424186901307;0.999959791666856;0.9999999114197788;1.0001595269541252;1.0;0.9999503149634225;1.0000174984459305;0.9999172492301818;0.9998754584479761;1.0;0.9998514506055234;0.9999829413384409;0.9994997965173511;0.9993828627705352;0.999893669628434;1.0;0.9999916544037752;1.0001498942260365;0.9999850266054212;0.9999942344215517;1.0;0.9999945919153673;1.024999976158142;
2016-04-07 01:30:00;0.9999901719150912;0.999929602789596;1.0;0.9999949344559559;0.9999951117833777;1.0;1.0;0.9999699218767205;0.9999879007668856;1.0000666073353328;0.9999769290623461;0.9999928788884679;1.0;1.0;0.9999361145944076;0.9999416212703903;0.9999431799640982;0.9999999999999999;1.0000955079438307;0.9999972939502924;0.9999896874718729;0.9999485182922888;0.9999426532107772;0.9999995473650819;1.0001601475162456;1.0;0.9999546436394636;1.0000179303053591;0.9999001639495739;0.9998613880216537;1.0;0.9998555493390083;0.9999868096540084;0.9995136894772332;0.9993900425357797;0.9998965422118601;1.0;0.9999904792909119;1.0001505757416345;0.9999884369729422;0.9999938729830989;1.0;0.9999954663128681;1.024999976158142;
2016-04-07 01:45:00;0.999990772276698;0.9999383675102014;1.0;0.999995545154518;0.9999959473137353;1.0;1.0;0.999976554843276;0.999990022333695;1.000065015664491;0.9999798674528618;0.9999932141623438;1.0;1.0;0.9999499954247688;0.9999546112209166;0.9999557934745328;1.0;1.0000927680031704;0.999997769723606;0.9999894034897997;0.9999542511697146;0.999955350109547;0.9999997398447694;1.0001555497813464;1.0;0.9999593453361788;1.0000175044135642;0.9999300785079911;0.9999057478018404;1.0;0.9998827497867168;0.9999890366827298;0.9996262261309955;0.9995439703008071;0.9999017153074681;0.9999999999999999;0.999990479290912;1.0001464319748798;0.9999903872041593;0.9999935579950869;1.0;0.9999958306171388;1.024999976158142;
2016-04-07 02:00:00;0.9999871227339983;0.9999054445782667;0.9999999999999999;0.9999935260481876;0.9999935414524401;1.0;0.9999999999999999;0.9999642669466448;0.9999848129509429;1.0000608477208277;0.9999707986221708;0.9999914136280599;1.0;1.0;0.99992119289626;0.99992941609209;0.9999314411134452;1.0;1.0000891587861411;0.9999966012529852;0.9999872660708274;0.9999337554006043;0.9999307750140641;0.9999994960260291;1.000153753832543;1.0;0.9999420390108312;1.0000163743917576;0.9999844854438364;0.999959859218246;1.0;0.999908557654275;0.9999820550243006;0.9997174383111191;0.9996703664971863;0.9999172307313045;1.0;0.9999916544037752;1.000143872346405;0.9999842308543075;0.999992561527105;1.0;0.9999941552809968;1.024999976158142;
2016-04-07 02:15:00;0.9999910196252936;0.9999258256132726;1.0;0.999995963673011;0.9999943111821683;1.0;1.0;0.9999799507615218;0.9999859209421618;1.0000628674675733;0.9999784594812117;0.9999925261385927;1.0;1.0;0.9999562714991824;0.9999626688261246;0.999963793376765;1.0;1.0000908517526255;0.9999968522098107;0.9999911721272625;0.9999478510337739;0.9999634055716196;0.9999999115583331;1.0001523746568262;1.0;0.9999549863538089;1.0000169255297642;0.9999430467961532;0.999935136319043;1.0;0.9999048885121213;0.9999846509848134;0.9997031033209716;0.9996540990188478;0.999915956296856;1.0;0.9999904792909121;1.0001433364626189;0.999986545822601;0.9999948505265399;1.0;0.9999950942101044;1.024999976158142;
2016-04-07 02:30:00;0.9999914793729728;0.9999313832405861;1.0;0.9999954937091654;0.9999948019125198;1.0;1.0;0.9999710557320661;0.9999869097805667;1.0000633308264284;0.999978054184431;0.9999929313527158;1.0;1.0;0.9999389797470832;0.9999445593668833;0.9999460822207075;1.0;1.000091008078441;0.9999970744697076;0.9999919790358976;0.9999505906564523;0.9999456032425785;0.9999995443144098;1.000151436413717;1.0;0.9999570574531408;1.0000170504338808;0.9999548041383028;0.9999420195951;1.0;0.9999081835946979;0.99998611703605;0.9997171037872983;0.9996684135540761;0.9999163302321753;1.0;0.9999920672329302;1.000142425241429;0.9999878420722573;0.9999953826232811;0.9999999999999999;0.9999954726091894;1.024999976158142;
2016-04-07 02:45:00;0.9999922132071476;0.999932802387938;0.9999999999999999;0.9999961685715228;0.9999947918180689;1.0;1.0;0.9999778494325686;0.9999872422157763;1.0000625817030693;0.9999802230436137;0.9999925567340922;1.0;1.0;0.9999517237426655;0.9999577359418691;0.9999590083049716;1.0;1.0000902217051497;0.9999971500655774;0.9999931999180685;0.9999535293833658;0.9999586150516724;0.9999997406518092;1.0001495874122335;1.0;0.9999600947494263;1.0000168508229699;0.9999711083819895;0.9999502470654764;1.0;0.999906749353189;0.999985859910855;0.9997067657465589;0.9996565771168933;0.9999190614617698;1.0;0.9999912732606053;1.0001407857250826;0.9999875997502035;0.999996180560862;1.0;0.9999952000032337;1.024999976158142;
2016-04-07 03:00:00;0.9999926520173589;0.9999380807139518;0.9999999999999999;0.9999961250861658;0.9999953815581217;1.0;1.0;0.9999761545018254;0.9999890094795872;1.0000632681346477;0.999981437403725;0.9999925075937814;0.9999999999999999;1.0;0.999947525368346;0.9999532383216255;0.9999546377822701;1.0;1.0000909919710834;0.9999975461658709;0.9999939377649846;0.9999577975100252;0.9999542231482642;0.999999612429332;1.0001500234199558;1.0;0.9999636960975207;1.0000170366421164;0.9999637769586985;0.9999489933745737;1.0;0.9999050764939398;0.999987252959505;0.9997155763795111;0.9996698529372644;0.9999080228994185;1.0;0.9999908604325448;1.000141226474602;0.9999888060825846;0.9999966632734403;1.0;0.9999952492497177;1.024999976158142;
2016-04-07 03:15:00;0.9999938247445925;0.9999507945295734;1.0;0.9999967241247075;0.9999962444897027;1.0;1.0;0.9999784874532032;0.9999903245995657;1.0000638821986585;0.9999838538554691;0.9999930693559661;1.0;1.0;0.9999554030639152;0.9999591659433739;0.9999602491963424;1.0;1.0000906822823252;0.9999978411946677;0.9999939194691287;0.9999637916692928;0.9999599007186883;0.999999663662385;1.0001483447240689;1.0;0.9999684170439643;1.0000172030325007;0.9999541435180715;0.999945492182562;1.0;0.9999077659296256;0.9999901083651284;0.9997157984169588;0.9996729527772663;0.9999159683743076;0.9999999999999999;0.9999912732606052;1.0001399666961226;0.9999913495857014;0.999996452574007;1.0;0.9999959688570392;1.024999976158142;
2016-04-07 03:30:00;0.9999945337011695;0.9999579014310224;1.0;0.999996983278002;0.9999967627760166;0.9999999999999999;1.0;0.9999787825751173;0.9999913298661182;1.0000644984649518;0.9999852709067698;0.999993936117222;1.0;1.0;0.9999571759332996;0.9999600227006167;0.999961019099153;1.0;1.0000909919576337;0.9999980655701669;0.9999942926985306;0.9999677173864372;0.9999606927024256;0.999999638433524;1.000147975069119;1.0;0.9999716265452678;1.000017368986194;0.9999560923819747;0.9999481128447925;1.0;0.9999175194422009;0.9999916916116851;0.9997515437931765;0.9997109449621808;0.9999209666762877;1.0;0.999989685320429;1.0001397707972728;0.9999927503161496;0.9999966144261472;0.9999999999999999;0.9999965793900094;1.024999976158142;
2016-04-07 03:45:00;0.9999953546124509;0.999956530364807;1.0;0.9999974680922106;0.9999964783163251;1.0;1.0;0.9999827186664269;0.9999912503308731;1.000064153670279;0.9999868687414394;0.9999934187757539;1.0;0.9999999999999999;0.9999630213385361;0.9999669337840096;0.9999679105228666;1.0;1.0000911458002728;0.9999980481847374;0.9999965601015994;0.9999700324805579;0.9999676337636042;0.9999997103481177;1.0001471979223318;1.0;0.9999744444919035;1.0000172765427995;0.9999770740745271;0.9999557870432106;1.0;0.9999067298468497;0.9999905202994884;0.99971257024347;0.9996656936098974;0.9999150473473656;1.0;0.9999908604325448;1.0001390481859398;0.9999916930979504;0.9999981851450497;1.0;0.9999960910767044;1.024999976158142;
2016-04-07 04:00:00;0.999996489879737;0.9999651768250378;1.0;0.9999980517801883;0.9999970423323614;1.0;0.9999999999999999;0.9999858094201797;0.99999244201634;1.0000649892859932;0.9999893508966938;0.9999938543242037;0.9999999999999999;1.0;0.9999702843129693;0.999973318821876;0.9999740919037773;1.0;1.0000917808072072;0.9999983148898027;0.9999975197241936;0.9999756435553527;0.9999738764182805;0.9999997622211042;1.000146934994468;1.0;0.9999792996028801;1.0000175019323676;0.9999537176049018;0.999941159933929;0.9999999999999999;0.999908304159777;0.999992175225888;0.9997180818193463;0.9996690321772795;0.9999160302992403;1.0;0.9999912732606052;1.0001390280904408;0.9999931534912878;0.9999987174965779;1.0;0.9999964975967751;1.024999976158142;
2016-04-07 04:15:00;0.9999949096456716;0.9999612552897701;0.9999999999999999;0.9999972554016215;0.9999972209380485;1.0;1.0;0.9999824244633765;0.999993142917571;1.0000648076654992;0.9999873578118001;0.9999933163521544;1.0;1.0;0.9999626515434102;0.9999657910500149;0.9999667223223326;0.9999999999999999;1.0000915923894247;0.9999984709176584;0.9999950786325998;0.9999720833522636;0.9999664271164123;0.999999698676785;1.0001485188144144;1.0;0.999975575483124;1.0000174527492844;0.9999401613942631;0.9999313597394748;1.0;0.9999039767280139;0.9999924939430038;0.9997022380615952;0.99965001312337;0.9999138049287185;1.0;0.999990479290912;1.0001403255665469;0.9999934199408211;0.9999971431219548;1.0;0.9999962293653902;1.024999976158142;
2016-04-07 04:30:00;0.9999936118617052;0.9999475994153975;1.0;0.9999961974001021;0.9999958567000907;1.0;1.0;0.9999709601021936;0.9999889842142884;1.0000645596688815;0.9999816045577632;0.9999932270639201;1.0;0.9999999999999999;0.9999410128857645;0.999944759873263;0.9999461753893445;1.0;1.0000916141409089;0.9999975408207343;0.999994081315399;0.9999605227218912;0.9999457465416502;0.9999994252643436;1.0001496321983205;1.0;0.9999655448953144;1.0000173842650368;0.9999612604657164;0.9999473013918497;1.0;0.9999097761472641;0.9999893076758815;0.9997245374795425;0.9996783344590887;0.999916061734968;1.0;0.9999916544037752;1.0001410731508897;0.9999906661134659;0.9999966094016458;1.0;0.9999960439196222;1.024999976158142;
2016-04-07 04:45:00;0.9999951512633163;0.9999612540953052;1.0;0.9999973260511709;0.9999968848348384;1.0;0.9999999999999999;0.9999805827780756;0.99999145095095;1.0000655289115283;0.9999863382731219;0.9999940137334905;0.9999999999999999;0.9999999999999999;0.9999615140149797;0.9999640045349737;0.9999648822120603;1.0;1.0000922066356344;0.9999980928006671;0.9999949015277952;0.9999698417951559;0.9999645934730765;0.9999996805548698;1.000149197247728;1.0;0.9999735562823147;1.0000176467012434;0.9999279239096095;0.9999252483119632;1.0;0.9999153634407846;0.9999921399874818;0.9997437138849361;0.9996926401466091;0.9999198121012219;1.0;0.9999908604325449;1.00014105314867;0.9999931522312949;0.9999969704869306;1.0;0.9999966995479068;1.024999976158142;
2016-04-07 05:00:00;0.9999948912038755;0.9999568263424572;1.0;0.9999973239647502;0.9999964357562234;0.9999999999999999;1.0;0.9999813953570786;0.9999903286071121;1.0000649207210264;0.9999855595783275;0.9999939212736121;1.0;1.0;0.9999629576029496;0.9999659507428914;0.9999668090663766;1.0;1.0000916623344065;0.99999784241766;0.9999948114409724;0.999967148302087;0.9999665268111692;0.9999997408016635;1.000148739585476;1.0;0.9999714224644798;1.0000174830925186;0.999939573329453;0.9999338707518981;1.0;0.9999086401094822;0.9999909250096006;0.9997226811189024;0.9996747399333543;0.9999139108116168;1.0;0.9999904792909121;1.000140564987377;0.9999920880819783;0.9999969460902973;1.0;0.9999965377302574;1.024999976158142;
2016-04-07 05:15:00;0.999997018459698;0.9999748568322339;1.0;0.9999984202637368;0.9999979709056981;1.0;1.0;0.9999891608202093;0.999994633352238;1.0000680246534006;0.9999917330624779;0.9999941006554938;1.0;1.0;0.9999779701215199;0.9999798340167491;0.9999803610748587;1.0;1.000095288678403;0.9999988048292243;0.9999971067589124;0.9999812762631521;0.9999801926533007;0.9999998393378144;1.0001520033594984;1.0;0.9999837407928943;1.0000183193477301;0.9999159208603229;0.9999233812245745;1.0;0.9998948610552411;0.9999947510404487;0.9997042477348211;0.9996612381320225;0.9998850916363581;1.0;0.9999814580255796;1.000144051908387;0.9999954161411695;0.9999983180350205;0.9999999999999999;0.999996888484111;1.024999976158142;
2016-04-07 05:30:00;0.9999970712063952;0.9999756221333573;1.0;0.99999783094979;0.9999979762635584;1.0;1.0;0.9999797469370766;0.9999942426404069;1.0000686631112496;0.9999899993160127;0.9999940299587885;0.9999999999999999;0.9999999999999999;0.9999599580732733;0.9999613383276515;0.999962273200801;0.9999999999999999;1.000095885652693;0.9999987178441021;0.9999974799042111;0.999980379876902;0.9999620060521376;0.9999995031539056;1.000152291509313;1.0;0.9999827437051109;1.0000184913029007;0.9999202617089452;0.9999261040583234;1.0;0.999896837743523;0.9999950196093133;0.9997127005315299;0.9996701251307522;0.9998853032193421;0.9999999999999999;0.9999756670638416;1.000144243331827;0.9999956718086844;0.9999985904874867;1.0;0.9999969720195774;1.024999976158142;
2016-04-07 05:45:00;0.9999938453604238;0.9999505080521451;1.0;0.9999961050026789;0.9999963295961122;1.0;1.0;0.9999700254259112;0.999990813712842;1.0000672108167012;0.9999827766484953;0.9999931175519303;1.0;0.9999999999999999;0.9999371797349232;0.9999411780156298;0.999942756378507;1.0;1.0000954324250468;0.9999979497808719;0.9999949582016932;0.9999642985605534;0.9999423030879964;0.9999993190495693;1.000155069743527;0.9999999999999999;0.9999688806404609;1.0000180987130254;0.9999337812745355;0.9999342075031733;1.0;0.9998993553320595;0.9999901639358131;0.9997249725387799;0.9996830707917703;0.9998845154910989;1.0;0.9999771071062764;1.0001462058907478;0.9999913839177633;0.9999972311115815;1.0;0.999995934407324;1.024999976158142;
2016-04-07 06:00:00;0.9999929965859338;0.9999481742286314;1.0;0.999996545440437;0.999996434398408;1.0;1.0;0.9999813069003781;0.9999915573452134;1.0000694150246139;0.9999840822273944;0.9999927085749433;1.0;1.0;0.9999588373774819;0.9999632905230321;0.9999643428355107;0.9999999999999999;1.0000987519536821;0.9999981161089209;0.9999929630365317;0.9999635560949579;0.9999639904613751;0.9999997614135797;1.0001621003770116;1.0;0.9999681212073852;1.000018693017975;0.999845253542522;0.999882781419108;1.0;0.9998488551529364;0.9999901361556787;0.9995308421488637;0.9994879151446296;0.9998648431067874;0.9999999999999999;0.9999785157908041;1.0001529366009916;0.9999913361836428;0.9999958705336364;1.0;0.999995640954684;1.024999976158142;
2016-04-07 06:15:00;0.9999943598451173;0.9999553176544266;1.0;0.9999972204924455;0.9999966924077112;1.0;1.0;0.9999841136635227;0.9999918393316135;1.0000689477915776;0.9999862777766146;0.9999934675976421;1.0;1.0;0.9999658303801858;0.9999695742159326;0.9999704375727614;1.0;1.0000976826792147;0.9999981799039832;0.9999944816243177;0.9999682419529312;0.9999701532413401;0.9999998094604167;1.0001588625379536;0.9999999999999999;0.9999723987879078;1.0000185677592057;0.9998233498207209;0.9998717977560962;1.0;0.9998551372818991;0.9999910579657404;0.9995350013997596;0.9994937373608697;0.9998808216930789;1.0;0.999979617108942;1.000150093479561;0.9999921615610252;0.9999967862748489;1.0;0.9999961534105916;1.024999976158142;
2016-04-07 06:30:00;0.9999960011226983;0.9999667745432425;1.0;0.9999977577521515;0.9999974634220032;1.0;1.0;0.9999845052200975;0.9999936540019096;1.0000713865499047;0.9999892570734523;0.999989002783588;1.0;1.0;0.9999672873797792;0.999970051482039;0.9999708792873033;1.0;1.0001004775015743;0.9999985856290503;0.9999965284760342;0.99997630121666;0.9999706318006376;0.9999997159776987;1.000161069094739;1.0;0.9999794673422496;1.0000192246396302;0.9997763220973509;0.9998424955489542;1.0;0.9998524708187118;0.9999932037115785;0.9995348156897501;0.9994897607947069;0.9998729300948328;1.0;0.9999912732606053;1.000152429941325;0.9999940463081751;0.9999980529282456;1.0;0.9999943693763411;1.024999976158142;
2016-04-07 06:45:00;0.9999944751593474;0.9999595587083232;1.0;0.999996602218595;0.9999971505645178;0.9999999999999999;0.9999999999999999;0.999974730242783;0.9999927779983796;1.0000736131861399;0.9999853776785325;0.9999731844455092;1.0;1.0;0.9999474540887371;0.999950450439218;0.9999517323725367;1.0;1.0001036993928663;0.9999983892485266;0.9999947752744514;0.9999698798492014;0.9999513436952423;0.9999994406936155;1.0001674975195678;1.0;0.9999734143496865;1.0000198238019329;0.9998029424510667;0.9998471485032053;0.9999999999999999;0.9998376180357792;0.9999924241574282;0.9995008695618768;0.9994409376733931;0.9998515798018445;0.9999999999999999;0.9999805392078106;1.0001582466220709;0.9999933679149073;0.9999969886118671;1.0;0.9999871643393952;1.024999976158142;
2016-04-07 07:00:00;0.9999921377103904;0.9999324505999533;1.0;0.9999957138420672;0.9999944815515444;1.0;1.0;0.9999695569292448;0.9999853601156824;1.0000752431918976;0.9999776491681978;0.9999732799363853;1.0;1.0;0.9999382146837044;0.9999432438464897;0.9999447308479492;0.9999999999999999;1.0001071710354854;0.9999967286600646;0.999992640704772;0.9999497808253193;0.9999442686041786;0.9999995072119681;1.000175796325998;1.0;0.999956477020481;1.0000202595150833;0.9996880965302892;0.9997726830495997;1.0;0.9998419792123774;0.9999857412703521;0.9995356222165477;0.9994621885227192;0.9998410709312484;1.0;0.9999829210805279;1.000165716080183;0.9999875507039451;0.9999957731197551;1.0;0.9999867220381872;1.024999976158142;
2016-04-07 07:15:00;0.9999792351228192;0.999770199734184;1.0;0.9999907382200107;0.9999786733877233;1.0;1.0;0.9999430535959892;0.9999436617300003;1.0000753857365408;0.9999354689831605;0.99994034131693;0.9999999999999999;1.0;0.9998844890522213;0.9999042662154102;0.9999072804184908;0.9999999999999999;1.000116357155038;0.9999873354539872;0.9999845131838468;0.9998382361979867;0.9999064002422327;0.9999998465336432;1.000205953220298;1.0;0.9998641456999642;1.000020209448394;0.9996701233036442;0.9997629619438007;1.0;0.9998313326405992;0.9999447073006547;0.9995163718974509;0.9994468945828913;0.9998231569602352;1.0;0.9998854266811801;1.000191655773466;0.9999517091511663;0.9999918071600631;0.9999999999999999;0.9999683123080406;1.024999976158142;
2016-04-07 07:30:00;0.9999691981856265;0.9997211691682563;1.0;0.9999862608785354;0.9999776424921456;1.0;1.0;0.9999337373406767;0.9999456247327876;1.0000693270305903;0.999923844511732;0.9999465241766613;1.0;0.9999999999999999;0.9998503320128397;0.9998766774915386;0.9998808470433671;1.0;1.0001119885125456;0.9999877476953626;0.9999740984592447;0.9998118128684219;0.9998795477717294;0.9999997738912131;1.0002112875340339;1.0;0.9998400502398352;1.0000185330454152;0.9996369750118109;0.9997468996186516;1.0;0.9998377232602608;0.9999390100037677;0.9995297800597396;0.9994643762987302;0.9998331507847108;1.0;0.9998567963993977;1.0001949317214365;0.9999464911996363;0.9999856388681835;1.0;0.9999695380002309;1.024999976158142;
2016-04-07 07:45:00;0.9999872150028557;0.9999099439899793;0.9999999999999999;0.999993852347146;0.9999933726227964;1.0;1.0;0.999964551385199;0.9999821698439222;1.000082909224123;0.9999693536630962;0.9999274621591161;1.0;0.9999999999999999;0.9999290000265183;0.9999347547098701;0.9999363048065104;1.0;1.0001182352868712;0.9999960087874191;0.9999846820531713;0.9999297270713527;0.9999356984672676;0.9999996378421471;1.0001995344918972;0.9999999999999999;0.9999377051028727;1.0000223163945332;0.9996509046873777;0.9997539161876042;0.9999999999999999;0.9998298748913546;0.9999830333589707;0.9995130252684749;0.9994482522986453;0.9998217531243555;0.9999999999999999;0.9998352468732052;1.0001877447069043;0.9999851980689765;0.9999905974516454;1.0;0.9999658400383095;1.024999976158142;
2016-04-07 08:00:00;0.9999916217021628;0.999926677698774;1.0;0.999995401827612;0.9999937440992677;1.0;0.9999999999999999;0.9999656468805769;0.9999827612541491;1.0000857413799533;0.9999749304255067;0.9999332317321584;1.0;1.0;0.9999323875182301;0.9999373213834788;0.9999388814173907;1.0;1.0001216581862558;0.999996144127585;0.9999917942980217;0.999943643868892;0.999938386326538;0.9999994487037888;1.000198988601649;0.9999999999999999;0.999951083571084;1.000023083321365;0.9996184138278018;0.9997345760116825;1.0;0.9998374737092023;0.9999842553385078;0.9995658321380944;0.9995001865043852;0.999808761183348;1.0;0.999820525263456;1.0001877141593267;0.9999862855533407;0.9999952194666882;0.9999999999999999;0.9999686437969493;1.024999976158142;
2016-04-07 08:15:00;0.9999922159269344;0.9999225169563519;0.9999999999999999;0.9999945059564207;0.9999932037639696;1.0;1.0;0.9999500312162656;0.9999816795416047;1.0000866538957125;0.9999724384860594;0.9999178508448907;1.0;1.0;0.9998991883130622;0.999905034831797;0.999907527872656;1.0;1.000123467310463;0.9999959036398429;0.9999951063630234;0.9999426650686105;0.9999068610808751;0.9999988107285758;1.0001997970227494;0.9999999999999999;0.9999508452541092;1.0000233275961357;0.999634095779536;0.9997451329716076;0.9999999999999999;0.9998406357968704;0.9999826263818333;0.9995747579578158;0.9995114042231085;0.9998122185704069;1.0;0.9998545432387488;1.0001882051681852;0.999984846166719;0.9999976169628179;0.9999999999999999;0.9999614739595725;1.024999976158142;
2016-04-07 08:30:00;0.9999916129776018;0.9999277414792799;1.0;0.9999949451549254;0.9999944025223887;1.0;1.0;0.9999624258365638;0.99998603813613;1.0000906139145513;0.9999762915031579;0.9999091977947769;1.0;1.0;0.9999206987540592;0.9999268570537878;0.9999288885019015;1.0;1.0001291210403123;0.9999968797885784;0.9999935137616142;0.9999489741514612;0.9999283120191906;0.9999991883531439;1.0002100432513146;1.0;0.999955973220853;1.0000243991063154;0.9995620989444047;0.9996546502379338;1.0;0.9997789426335918;0.9999849674466215;0.9993628825399202;0.9992286575281314;0.999771662285182;1.0;0.9998441284165526;1.0001980151340333;0.9999868294015879;0.9999965184789333;0.9999999999999999;0.9999574885036334;1.024999976158142;
2016-04-07 08:45:00;0.9999934893123005;0.9999158611726163;1.0;0.9999962830018532;0.9999909595608734;1.0;1.0;0.9999623720039361;0.9999730782175479;1.0000953375363972;0.9999710053397353;0.9999077454895706;1.0;1.0;0.9999333726716032;0.9999380868309512;0.99993949434901;1.0;1.000134819419074;0.9999939764364334;0.9999946744463458;0.9999321072960025;0.9999390845772876;0.9999994824878696;1.000217246104839;1.0;0.9999424000454082;1.00002566521298;0.999513744970152;0.9996186349658136;1.0;0.9997667595158395;0.9999785426752903;0.9993342067166056;0.9991889601880277;0.9997548927834147;1.0;0.9998326005305486;1.000205330200243;0.9999814175567941;0.9999970764902738;1.0;0.9999571769657343;1.024999976158142;
2016-04-07 09:00:00;0.9999904004274832;0.9998785575590706;1.0;0.999994652996414;0.9999875667369632;1.0;1.0;0.9999506154579308;0.9999645127079569;1.0000942513992797;0.9999607055304675;0.9998976003409439;1.0;1.0;0.9999081760348251;0.9999164904940432;0.9999186082108754;1.0;1.0001354735213042;0.999992056253629;0.999993306755585;0.9999073098403501;0.9999180216124278;0.9999993153366159;1.0002215413879159;1.0;0.999921829214093;1.0000253645774355;0.9995035479650847;0.9996064657104221;1.0;0.9997657336980675;0.9999694879424946;0.9993469253112336;0.9991928371350316;0.9997434420906147;1.0;0.9998459494367693;1.0002086615349162;0.9999734920344924;0.9999965636450854;1.0;0.9999517317582418;1.024999976158142;
2016-04-07 09:15:00;0.9999939469922638;0.9999119074447922;1.0;0.9999966065179898;0.9999901003148794;1.0;1.0;0.9999628345258151;0.9999701981431007;1.000092832680442;0.9999699640967237;0.9998999270906566;1.0;1.0;0.999936288801069;0.9999410791526153;0.9999423844270684;1.0;1.000131392421784;0.9999933351158969;0.9999953663316309;0.9999284445590885;0.9999420121689876;0.9999995475506676;1.0002114322935458;1.0;0.9999396416931476;1.000024992187824;0.9995479164356564;0.999649497504367;0.9999999999999999;0.9997951238320745;0.9999766935996711;0.9994293768977621;0.9992991886749835;0.9997750549534833;0.9999999999999999;0.9998669708874464;1.0001998701818289;0.9999798352012507;0.9999975215622339;1.0;0.9999536250055417;1.024999976158142;
2016-04-07 09:30:00;0.9999947292719314;0.9999413025520077;1.0;0.9999972110205392;0.9999944407869064;1.0;1.0;0.9999778945062605;0.9999847695996477;1.0000956876477687;0.9999816898513315;0.9999061228158372;1.0;1.0;0.9999568206425425;0.9999613124429662;0.9999623604416342;0.9999999999999999;1.0001351518661086;0.9999965968696725;0.9999960552315666;0.9999567522631163;0.9999620615133021;0.9999996942774355;1.0002166022389531;1.0;0.9999633842634861;1.0000257671729573;0.9994933078980414;0.9995730433268916;1.0;0.999742805237414;0.9999859500499986;0.99923664357719;0.9990411558657473;0.9997493767158848;1.0;0.9998376280623142;1.0002049639083102;0.9999877571491476;0.9999979103120735;0.9999999999999999;0.9999564966661342;1.024999976158142;
2016-04-07 09:45:00;0.9999943653015001;0.9999249856321423;1.0;0.9999971299393309;0.9999920053831327;1.0;1.0;0.9999729688096182;0.9999766932430645;1.0000966750488525;0.9999758589038167;0.9999038854551582;1.0;1.0;0.9999521945392887;0.9999569789646152;0.9999580121945332;1.0;1.0001366993649266;0.9999947886612252;0.9999956397405682;0.9999414468665726;0.9999577122083029;0.9999997364573879;1.0002195232324826;1.0;0.9999506605249557;1.0000260304526356;0.9994734955162754;0.9995397863084862;1.0;0.9997323757217387;0.9999806924627577;0.9991642096595414;0.9989356839647223;0.9997672611957624;1.0;0.9998219265511595;1.0002076921089815;0.9999832505172414;0.9999976580460896;1.0;0.9999554155370863;1.024999976158142;
2016-04-07 10:00:00;0.9999935934535117;0.9999426330595145;1.0;0.9999963766611967;0.999995492561259;0.9999999999999999;0.9999999999999999;0.9999747827560413;0.999988938261516;1.0000935047046258;0.9999822731437467;0.9999204643713172;1.0;1.0;0.9999458650891061;0.9999510470841134;0.9999524722501443;1.0;1.0001325375103158;0.9999975295394026;0.9999952141054527;0.9999604675304518;0.9999520692254286;0.9999995104461973;1.0002135464426933;1.0;0.9999661420100517;1.0000251799569724;0.9995143669723491;0.9995887024259387;1.0;0.9997369096931601;0.9999877784881964;0.9992188389791666;0.9990286159663947;0.9997436881106894;1.0;0.9998065134055936;1.0002017883191088;0.9999892824081639;0.9999974671587972;1.0;0.9999628139556807;1.024999976158142;
2016-04-07 10:15:00;0.9999922245770569;0.9999382114872235;1.0;0.9999959557988181;0.9999950373153861;1.0;1.0;0.9999724952082583;0.9999864462078188;1.0000946806052593;0.9999788273894475;0.9999148906208168;1.0;1.0;0.9999455113155115;0.999949564056292;0.999950795908554;1.0;1.0001335017263788;0.9999969692562884;0.9999915956400783;0.9999521433169362;0.9999503733373248;0.9999996013054976;1.000217089534901;1.0;0.999958073016911;1.0000254942136189;0.9994824951086937;0.9995744058301357;1.0;0.999737734170798;0.9999874384687879;0.9992132072742809;0.9990288417245844;0.9997498537527055;1.0;0.9998271204706813;1.000205153847543;0.9999890515595655;0.999994965582097;1.0;0.999960564388473;1.024999976158142;
2016-04-07 10:30:00;0.9999892087167588;0.9999195709535819;1.0;0.9999947408806505;0.9999934717055707;1.0;1.0;0.9999658780329741;0.9999812184725;1.0000967427802245;0.9999712472636632;0.9998949117764826;1.0;0.9999999999999999;0.9999356796190552;0.9999398753512646;0.9999411651233425;1.0;1.000136458337535;0.9999957960500272;0.9999865240967661;0.9999340091354867;0.9999406445067663;0.9999996383907406;1.0002256242395773;1.0;0.9999415903257822;1.00002604324633;0.9994924409972995;0.9995745404097242;1.0;0.9997069961223585;0.9999840810358059;0.9990815993933428;0.9988910740203346;0.999747564788672;0.9999999999999999;0.9998210325914751;1.0002129451798627;0.9999861761902267;0.9999916476333957;1.0;0.9999515001573566;1.024999976158142;
2016-04-07 10:45:00;0.9999922282276361;0.9999438998245147;1.0;0.9999959187521404;0.9999959367486737;1.0;1.0;0.9999739292026713;0.999989383912465;1.000097707508133;0.9999807303932792;0.9999025619374718;1.0;1.0;0.9999465394364088;0.9999504393124948;0.9999516845340297;0.9999999999999999;1.0001375966745336;0.9999976287483404;0.9999914911485269;0.9999573274007763;0.99995125576755;0.9999995726762337;1.000223448802495;0.9999999999999999;0.999962293531588;1.0000263112933123;0.9994788660590982;0.9995407601787722;0.9999999999999999;0.999669906257783;0.9999893963918723;0.9989362238341584;0.9987076751658872;0.9997349622714206;0.9999999999999999;0.9998349589873706;1.00021121113536;0.9999907332399898;0.9999948877348651;1.0;0.9999550285565028;1.024999976158142;
2016-04-07 11:00:00;0.9999938987350502;0.9999303884364111;1.0;0.9999966233537283;0.9999932890153633;1.0;0.9999999999999999;0.9999714249945979;0.9999813511251149;1.0000944231154778;0.9999777165250383;0.9999099470576552;0.9999999999999999;1.0;0.9999448286483658;0.9999499372794602;0.9999512555580153;0.9999999999999999;1.000133767854535;0.999995833305471;0.9999955259858883;0.9999480088311075;0.9999508841784747;0.9999995701260219;1.0002151985257468;1.0;0.9999559579157039;1.000025426351998;0.9995393711739629;0.999613352057709;0.9999999999999999;0.9997051648755079;0.9999831981439568;0.9990733936272228;0.9988994159719775;0.9997472140581288;1.0;0.9998335313152663;1.0002034269285291;0.9999853745769246;0.9999976509679561;1.0;0.9999580778500053;1.024999976158142;
2016-04-07 11:15:00;0.9999949089541404;0.9999412958580332;1.0;0.9999971424154753;0.9999942297807526;1.0;1.0;0.9999749102647709;0.9999836923373864;1.0000950461083045;0.9999807688168052;0.9999142190909146;1.0;0.9999999999999999;0.9999523883292427;0.9999564568470788;0.9999575649707513;1.0;1.0001340122221791;0.9999963568349336;0.999996128782268;0.9999553011947735;0.9999572494831517;0.999999618037314;1.0002144917640783;1.0;0.9999620700856784;1.0000255945092487;0.9995191016558843;0.9995909827234849;1.0;0.9997229599644994;0.9999857323275845;0.9991278769109937;0.9989370864241848;0.999763665695766;1.0;0.9997927460887361;1.0002029839000781;0.9999875943005057;0.9999979351631164;1.0;0.9999602571115999;1.024999976158142;
2016-04-07 11:30:00;0.9999973552678171;0.9999585645649727;1.0;0.9999985709139766;0.9999950995384179;0.9999999999999999;1.0;0.9999827575629193;0.9999848238268654;1.00009686610807;0.9999854746584464;0.9999075273087448;1.0;0.9999999999999999;0.9999721989524292;0.9999740725980101;0.9999745814681141;1.0;1.000135227275617;0.9999966111419096;0.9999976914113541;0.9999649813334305;0.9999744277098073;0.9999998205129642;1.000213891258461;1.0;0.9999704200369642;1.000026085462726;0.999531699901148;0.9995920739458868;1.0;0.9997224045814957;0.9999887377482888;0.9991290404432384;0.9989293070050256;0.9997613597003361;1.0;0.9998027981957526;1.0002029751403332;0.999990278518228;0.9999987018826532;1.0;0.999957756683937;1.024999976158142;
2016-04-07 11:45:00;0.9999952538460327;0.9999553037197445;1.0;0.9999970056249542;0.9999958648807874;0.9999999999999999;1.0;0.9999729478584699;0.9999879273284139;1.0000967767936562;0.9999832073149374;0.9999048986953865;0.9999999999999999;1.0;0.9999485617759593;0.9999510206781445;0.9999521646749445;1.0;1.0001354515404561;0.999997304567903;0.9999954988698484;0.9999637441218064;0.9999518192405875;0.9999994559400595;1.0002161780831644;1.0;0.999968502409711;1.000026061250967;0.9995139233713733;0.9995870779090978;1.0;0.9997044835666785;0.9999900233499576;0.9990592097014214;0.9988678648824578;0.9997548961460785;1.0;0.9998288113970176;1.000204717479696;0.9999913456279049;0.9999974023595871;1.0;0.9999564288295318;1.024999976158142;
2016-04-07 12:00:00;0.9999954841383566;0.9999527034543194;1.0;0.9999974045755995;0.9999953253036984;1.0;1.0;0.9999764299162589;0.9999861669021473;1.0000973066358618;0.9999830156289276;0.9999039477788529;1.0;1.0;0.9999568870579887;0.9999594221582383;0.9999603378056896;1.0;1.000136231376794;0.9999969099546917;0.9999955988316855;0.9999614348752756;0.9999600517600983;0.9999996209178085;1.0002173950914568;1.0;0.9999667774675203;1.0000262034968839;0.9995162720449771;0.9995934611462798;1.0;0.999705048982783;0.9999888558140732;0.9990620906898388;0.9988789526304869;0.9997549061828434;1.0;0.9997960223493771;1.0002059602543132;0.9999903437969256;0.99999743957331;1.0;0.999955980846738;1.024999976158142;
2016-04-07 12:15:00;0.9999954782837456;0.9999543932633254;1.0;0.9999971346926213;0.9999959275492719;1.0;0.9999999999999999;0.999975257412746;0.9999889534989626;1.0000972910448103;0.999984469718354;0.9999006615686598;0.9999999999999999;1.0;0.999950493368094;0.9999539129022876;0.9999551247310599;1.0;1.000136732938453;0.999997533929019;0.9999967714282243;0.9999661584387491;0.9999547898221668;0.9999994716768003;1.000217824908965;1.0;0.9999710424199882;1.0000261999537872;0.9994971063097159;0.9995714642288507;1.0;0.9997035366228614;0.9999896386274978;0.9990765467768701;0.9988769740406244;0.999740489743876;1.0;0.9998378525581947;1.0002062240040757;0.9999909654934317;0.9999983247540133;1.0;0.9999542843306044;1.024999976158142;
2016-04-07 12:30:00;0.9999972951418308;0.9999610022978954;1.0;0.9999986529859668;0.9999956659704398;1.0;1.0;0.9999861791060738;0.9999871007313702;1.0000976661104677;0.9999872559969212;0.9999034025427114;0.9999999999999999;1.0;0.9999766973368426;0.9999789588420681;0.9999794286459645;1.0;1.0001365647911329;0.9999971201450905;0.9999978306239653;0.9999687946121484;0.9999792894559003;0.9999998777349574;1.0002161268389043;1.0;0.9999737309228955;1.0000263009898833;0.9995199449035249;0.9995756358467871;1.0;0.9996821477297634;0.9999897151732358;0.9989733130625166;0.9987601195512879;0.9997462341947208;1.0;0.9998443619571429;1.0002050818554333;0.999991092673535;0.9999988174914106;1.0;0.9999557997547605;1.024999976158142;
2016-04-07 12:45:00;0.9999959904333113;0.9999653840974427;0.9999999999999999;0.9999977278091222;0.9999971631930825;0.9999999999999999;1.0;0.9999830939959585;0.9999924382221513;1.00009805297391;0.9999883021135245;0.9999039477788532;1.0;1.0;0.9999657991378218;0.9999683342606653;0.9999691559159127;0.9999999999999999;1.0001372629418064;0.9999983135707389;0.9999963210398222;0.9999741156291242;0.9999689051050697;0.999999677382673;1.0002184848983313;1.0;0.9999775489975745;1.000026405163811;0.9995159353518008;0.9995756598852322;0.9999999999999999;0.9996514579527633;0.9999927002240906;0.998855074156746;0.9986471175355042;0.9997346751238425;1.0;0.9998327059449436;1.000207074171372;0.9999936282176434;0.9999978983952587;1.0;0.9999559808467382;1.024999976158142;
2016-04-07 13:00:00;0.9999866260385416;0.9998616518864119;1.0;0.9999933423307724;0.9999877429892312;0.9999999999999999;0.9999999999999999;0.9999553785486309;0.9999681121368165;1.0000963350622507;0.9999594483375314;0.999895365686615;1.0;1.0;0.9999076960767019;0.9999196380922413;0.99992203543921;0.9999999999999999;1.0001405250784894;0.9999928532071816;0.9999900399175129;0.9999027480092652;0.9999213478297977;0.9999994869097601;1.0002341849586043;1.0;0.9999177596655583;1.0000259207311897;0.9995127050660125;0.9995678892702704;1.0;0.9996358844355155;0.9999679170603379;0.9988055247158082;0.9985909788640082;0.9997222302016382;0.9999999999999999;0.9997854681985175;1.0002199949171575;0.99997195451463;0.9999947352145507;1.0;0.9999498554173661;1.024999976158142;
2016-04-07 13:15:00;0.9999850218673717;0.9998689215306314;1.0;0.9999922057089811;0.9999900787968127;1.0;0.9999999999999999;0.9999534994979166;0.9999768005919258;1.000095885833165;0.9999622723189763;0.9998935327768352;1.0;1.0;0.99989549914096;0.999908306410985;0.9999111933102262;1.0;1.000140403084398;0.9999948015837888;0.9999886838972764;0.9999129788643775;0.9999103655035282;0.9999992373870593;1.0002354895161387;1.0;0.9999257290241196;1.0000258050233874;0.9995078946763217;0.999552971223582;1.0;0.9996435825753802;0.9999723392160706;0.9988487884961483;0.9986167874394705;0.9997164382042423;0.9999999999999999;0.9997471177697551;1.0002208782117474;0.9999756861370491;0.9999939810850986;1.0;0.9999488203069594;1.024999976158142;
2016-04-07 13:30:00;0.9999952017852746;0.9999349321135107;1.0;0.9999977476735104;0.9999932335460221;0.9999999999999999;1.0;0.9999809425215601;0.9999809478567675;1.0000984807709847;0.999980581165635;0.9999038563200409;1.0;1.0;0.9999651875691158;0.9999700389147366;0.9999708557141403;0.9999999999999999;1.0001392342757647;0.9999957406692187;0.9999968041799918;0.9999516091109116;0.9999706294882243;0.9999998770357261;1.000222673138527;0.9999999999999999;0.9999595625308508;1.000026518519167;0.9994566579848152;0.9995429241138125;1.0;0.9996861342485633;0.9999832320248218;0.9990103232168557;0.998803848284708;0.9997333598757723;0.9999999999999999;0.9998116370974038;1.000210831652779;0.9999854157343734;0.9999983945009219;1.0;0.9999553864004674;1.024999976158142;
2016-04-07 13:45:00;0.999995781125948;0.9999460024183167;1.0;0.9999974903460427;0.9999944010297046;1.0;0.9999999999999999;0.9999753898061543;0.9999838382742254;1.0000985602700967;0.9999819434946587;0.999896722465309;0.9999999999999999;1.0;0.9999543272002944;0.9999578773535932;0.9999589222769333;1.0;1.0001385685455175;0.9999963900432677;0.9999971403479331;0.99995820003876;0.9999586361898161;0.9999995938712012;1.0002205156983386;1.0;0.9999646873483153;1.0000265413910634;0.9995005272800696;0.9995598310404362;1.0;0.9996863132740202;0.9999863715900009;0.9989950227495702;0.998775972448156;0.9997445038261134;0.9999999999999999;0.9997973795643541;1.000208855420859;0.9999881678645046;0.9999985518379078;0.9999999999999999;0.999952472735482;1.024999976158142;
2016-04-07 14:00:00;0.9999956974486033;0.9999418392606816;0.9999999999999999;0.9999978464839842;0.9999936682201565;1.0;1.0;0.9999789516936981;0.9999812229537985;1.0000960742656197;0.9999809058479268;0.9999307365506087;1.0;1.0;0.9999639546060266;0.9999673519332418;0.9999680867857142;1.0;1.0001350384187717;0.9999958035632541;0.9999963732578373;0.9999535325375413;0.9999678644888588;0.9999998259218278;1.0002155275306615;1.0;0.9999607581913758;1.000025870922282;0.9994879865587778;0.9995628149639804;1.0;0.9996795745992503;0.9999849224010663;0.9989605219941166;0.9987547447155352;0.9997467091744932;1.0;0.9998145079976425;1.0002042017839508;0.9999869377148494;0.9999979870365815;0.9999999999999999;0.9999678829848472;1.024999976158142;
2016-04-07 14:15:00;0.9999916837769535;0.9999258712610544;1.0;0.9999948696949004;0.9999940563834437;1.0;1.0;0.9999600151437136;0.9999848002792554;1.0000922783313564;0.9999752543334389;0.9999343112398531;1.0;0.9999999999999999;0.9999168256306488;0.9999229137340961;0.9999250170805674;1.0;1.0001313829127265;0.999996603566904;0.9999936962729924;0.9999468889587283;0.9999244251312505;0.9999991409150262;1.0002133827927553;1.0;0.9999542366557479;1.0000248476245415;0.999488891002323;0.999564312536021;0.9999999999999999;0.9997052054632585;0.999984276878466;0.9990665374194864;0.9988606966861413;0.9997513657671624;1.0;0.9998276366600872;1.0002011837463027;0.9999862437428685;0.9999966432385191;1.0;0.999968856061859;1.024999976158142;
2016-04-07 14:30:00;0.9999898567314862;0.9998822839560653;1.0;0.9999950265186108;0.9999888947935275;1.0;0.9999999999999999;0.9999640760367992;0.9999703817104356;1.0000924447456319;0.9999657870665912;0.999933287863062;1.0;1.0;0.9999279590142673;0.9999378967863988;0.9999397499726468;1.0;1.0001339261016897;0.9999933683293166;0.9999932038433886;0.9999165199730952;0.9999392378583448;0.999999663843699;1.000220260160684;1.0;0.999929958489516;1.0000248816747894;0.9994990364666272;0.9995734171199077;1.0;0.999680484544553;0.9999714042566179;0.998961446808471;0.9987621087493557;0.9997488217084747;0.9999999999999999;0.999799623527713;1.0002073623484993;0.9999750410052922;0.9999965774559284;1.0;0.9999674741996977;1.024999976158142;
2016-04-07 14:45:00;0.9999886733853791;0.9998856372359997;1.0;0.9999945820653248;0.999990238816941;0.9999999999999999;1.0;0.9999673888154049;0.9999754730875068;1.0000904648473843;0.9999678791879906;0.999934079510276;1.0;1.0;0.9999296667881955;0.9999402089486489;0.9999421239750298;1.0;1.0001315324250861;0.9999945109122027;0.9999916846979978;0.9999219697679025;0.9999415744442417;0.9999996976069807;1.000218024097202;1.0;0.9999341305812453;1.0000243526985193;0.9994708053657875;0.9995550399926668;1.0;0.9997055779862071;0.9999738878359439;0.9990537232358797;0.9988500391669053;0.999761332798305;1.0;0.9997919259263031;1.0002050619816074;0.9999771309264481;0.9999956317191315;1.0;0.9999676876827639;1.024999976158142;
2016-04-07 15:00:00;0.9999931892845624;0.999921519479314;1.0;0.9999968432533538;0.9999925166807315;1.0;1.0;0.9999778910425774;0.9999797497336961;1.0000925360233077;0.9999771225046787;0.9999390684257669;1.0;0.9999999999999999;0.9999566964025273;0.9999630523858841;0.999964130641867;1.0;1.0001318981528324;0.9999954729786708;0.9999948902006804;0.9999434001291374;0.9999638166693269;0.9999998711519175;1.00021359065884;1.0;0.9999523861406371;1.0000249170449782;0.9994420622768568;0.9995409235352745;1.0;0.9997225627562402;0.9999809141636204;0.9991311385187179;0.9989301938526721;0.9997595461400738;1.0;0.9998041360607117;1.0002018152942258;0.9999833562825069;0.9999972903572155;1.0;0.9999709422976715;1.024999976158142;
2016-04-07 15:15:00;0.9999949136553351;0.9999333990024025;1.0;0.9999966773657082;0.9999929397800976;1.0;0.9999999999999999;0.9999649648496125;0.9999792215839345;1.000093849444662;0.9999765762980632;0.9999463044341339;1.0;1.0;0.9999355375024096;0.9999395232724039;0.999940971263051;0.9999999999999999;1.000132312787524;0.9999953551919513;0.9999966401335754;0.9999471149130925;0.9999405792111199;0.9999993751387574;1.00021136437536;0.9999999999999999;0.9999552074929029;1.0000252698775989;0.9994586672557364;0.9995571372012041;0.9999999999999999;0.9997236861774258;0.999983079343711;0.9991407464227524;0.9989489795090634;0.9997560868008305;1.0;0.9998310641441552;1.000199913634724;0.9999853320475236;0.9999983202126325;1.0;0.9999747788212348;1.024999976158142;
2016-04-07 15:30:00;0.9999918219890466;0.9999117332589983;1.0;0.9999958093594238;0.9999919153808298;0.9999999999999999;1.0;0.9999693999753081;0.9999784464411984;1.0000958289638557;0.9999734346352743;0.999945004736481;1.0;0.9999999999999999;0.9999383867107176;0.99994564609911;0.9999472011261759;0.9999999999999999;1.0001369985594042;0.9999951800997308;0.9999939960743526;0.9999367201978396;0.9999467590209409;0.9999996292957797;1.000222743026234;1.0;0.9999465020051763;1.000025801955726;0.9994119240493106;0.9995263763902691;1.0;0.9996960849202179;0.9999791680631417;0.9991231840374255;0.998930554702501;0.9996862648466794;1.0;0.9997793722626532;1.000210187418887;0.9999818165406834;0.9999968461668429;1.0;0.9999734096266972;1.024999976158142;
2016-04-07 15:45:00;0.9999874801518518;0.9998767119670946;1.0;0.9999937743935932;0.9999895304631834;1.0;1.0;0.9999606079458521;0.9999735019447551;1.0000915663347234;0.9999643210471806;0.9999430746902292;1.0;1.0;0.999916155666871;0.99992723887309;0.9999294691601887;1.0;1.0001334005370948;0.9999940629773569;0.9999905638918242;0.9999148461111299;0.999928826112867;0.999999542138705;1.0002221296296014;1.0;0.9999278394545401;1.0000246412746543;0.9994836250503039;0.9995710567803061;1.0;0.9996793079775241;0.9999721234206395;0.998964623728971;0.9987754534913543;0.9997431242585175;0.9999999999999999;0.999782966368228;1.0002087163083786;0.99997559341961;0.9999949865136478;1.0;0.9999716240761416;1.024999976158142;
2016-04-07 16:00:00;0.9999902144690981;0.9998921409184328;1.0;0.9999955942709783;0.9999904546939126;0.9999999999999999;1.0;0.9999749685259383;0.9999761031660502;1.000088904003012;0.9999713071890535;0.9999390206216138;0.9999999999999999;1.0;0.9999449928548478;0.9999554051553197;0.9999569861548253;1.0;1.0001292968769928;0.999994648500206;0.9999937554728495;0.9999279636945709;0.9999565539731606;0.9999998916909189;1.0002129510271636;0.9999999999999999;0.9999398717967272;1.000023931399096;0.9994858543563263;0.999565304510226;0.9999999999999999;0.9997290327609222;0.9999744222029945;0.9991470234573719;0.9989435011467871;0.9997678374525547;1.0;0.9998332434240547;1.0002004938485523;0.9999775926839459;0.9999969324070284;0.9999999999999999;0.999969952009275;1.024999976158142;
2016-04-07 16:15:00;0.9999882291087966;0.999876863205157;0.9999999999999999;0.9999939265442457;0.9999891340664483;1.0;1.0;0.9999579737560916;0.9999719765730027;1.0000911424224386;0.9999638767589196;0.9999394736732655;1.0;1.0;0.9999123243536856;0.9999231975604639;0.9999255055364461;1.0;1.0001326919156937;0.9999937209732678;0.9999918453406289;0.9999142749222134;0.9999248633353601;0.9999994479242694;1.000219920920477;1.0;0.9999276407203762;1.0000245260527305;0.9994917442686956;0.9995742704604146;1.0;0.9996823329494529;0.9999714083729582;0.9989733852949341;0.998780709682093;0.9997458552564208;1.0;0.9998219316871055;1.0002066794934086;0.9999749935942072;0.9999958272376112;1.0;0.9999700466290514;1.024999976158142;
2016-04-07 16:30:00;0.9999826651308359;0.9998290256775003;1.0;0.9999921426828707;0.9999862991710012;1.0;1.0;0.9999625380881487;0.999968395979627;1.000082912881793;0.9999565416279365;0.9999354856767565;1.0;0.9999999999999999;0.9999090329771333;0.9999272424263773;0.999930054240194;1.0;1.000125685154222;0.9999929089166328;0.9999887827756943;0.9998916463866572;0.9999292824831592;0.9999997856522985;1.0002159803584958;1.0;0.9999093516368586;1.000022297505904;0.9995064060398114;0.9995762109725383;1.0;0.999706225989166;0.9999615220146659;0.999054448528338;0.9988486544671534;0.9997617254489407;1.0;0.9999193300668346;1.0002017412985633;0.9999661564968066;0.9999944530345442;1.0;0.9999664921498154;1.024999976158142;
2016-04-07 16:45:00;0.9999850483466612;0.999847753832161;1.0;0.999992544240857;0.9999871998824447;1.0;1.0;0.9999543542566334;0.9999687110143181;1.0000837967751242;0.999957954279693;0.9999391801401241;1.0;1.0;0.999898961873734;0.9999138498013265;0.999916699007504;1.0;1.0001249310747098;0.9999929833539898;0.9999903701665033;0.9998989620167081;0.9999159231139046;0.9999994432693122;1.0002114694380104;1.0;0.9999151002132345;1.0000225380851604;0.9994466611317159;0.999550474181195;1.0;0.9997496799044244;0.999965197214592;0.9992215687904344;0.9990260118708698;0.9997781159813584;0.9999999999999999;0.9999674555369265;1.0001978938933878;0.999969473297172;0.9999952499580309;0.9999999999999999;0.9999689551511628;1.024999976158142;
2016-04-07 17:00:00;0.9999891155499816;0.9998951743683411;0.9999999999999999;0.9999947573249262;0.9999914061405404;0.9999999999999999;1.0;0.9999699180112451;0.9999790278117392;1.0000826253872652;0.99997086583826;0.9999658212941583;0.9999999999999999;1.0;0.9999332354161233;0.9999432755122519;0.9999451334445775;1.0;1.000120382312273;0.9999953050527287;0.9999919661000105;0.9999296953197676;0.999944599676164;0.9999996983015312;1.0002001066248138;1.0;0.9999405376043858;1.0000222411260054;0.9994552632060566;0.9995618443017211;1.0;0.9997522902420215;0.9999766118609812;0.9992194461073804;0.9990318145398862;0.999786936716832;1.0;0.9999726000082538;1.0001881066464657;0.9999794834005529;0.9999957700621201;1.0;0.999982154219946;1.024999976158142;
2016-04-07 17:15:00;0.9999904501454622;0.9999166679967788;1.0;0.999994911458766;0.9999937764505756;1.0;0.9999999999999999;0.9999688955425712;0.9999856324223698;1.0000841844087651;0.9999759025136442;0.999979917916244;1.0;1.0;0.9999299009821897;0.9999381465138796;0.9999400894086279;0.9999999999999999;1.0001214605109063;0.9999967873104176;0.999992992630316;0.9999450509280621;0.9999395395312868;0.9999994671847574;1.0001998388561466;1.0;0.9999530948630182;1.0000226666949934;0.9994974719350952;0.999569000560564;0.9999999999999999;0.9996804132505233;0.9999825354951726;0.9989467231860698;0.9987352885643034;0.9997564657086515;1.0;0.9999718060640134;1.0001880796869858;0.9999846400944375;0.9999963188719053;0.9999999999999999;0.999988954149332;1.024999976158142;
2016-04-07 17:30:00;0.9999936686433488;0.9999275415632023;1.0;0.9999969063289745;0.9999929636933039;0.9999999999999999;1.0;0.9999762921205475;0.9999804869912999;1.0000857880816425;0.999977795989544;0.999981559361763;0.9999999999999999;1.0;0.9999548991169389;0.999960297704011;0.9999613627240289;1.0;1.0001219939510357;0.9999956353091128;0.9999949580824156;0.9999460967872555;0.9999610472905134;0.9999998031084388;1.000197486205017;1.0;0.9999544365374504;1.0000230975081106;0.9994991330934856;0.9995735985689418;0.9999999999999999;0.9996992279782259;0.9999823752580507;0.9990112010160009;0.9988042612073129;0.9997690481121723;1.0;0.9999741878982763;1.0001866045338412;0.9999846542171547;0.9999972609866794;1.0;0.9999903759636517;1.024999976158142;
2016-04-07 17:45:00;0.9999951423714559;0.9999510820704369;1.0;0.9999972998211807;0.9999956185327572;1.0;1.0;0.99997896471319;0.9999881755816046;1.0000873775848556;0.9999842744444839;0.9999791082917546;0.9999999999999999;1.0;0.9999579752239649;0.9999617353566117;0.9999627623598784;1.0;1.000123210160632;0.9999973597123845;0.9999961509606808;0.9999640022360271;0.999962465406366;0.9999996675823947;1.0001974316080864;1.0;0.999969268325585;1.000023530175472;0.9994692684193295;0.9995577253411042;1.0;0.9996889231586898;0.9999888087260687;0.99897701094541;0.998772863900428;0.9997614334706881;1.0;0.9999738067674131;1.0001868191828633;0.9999902383188176;0.9999979131290078;1.0;0.9999896594067668;1.024999976158142;
2016-04-07 18:00:00;0.9999950423931976;0.9999467980134816;1.0;0.9999974096435783;0.9999951752393869;1.0;1.0;0.9999809695975888;0.9999872389540774;1.0000856133967215;0.9999839761049252;0.9999813079559298;1.0;1.0;0.9999613360203461;0.9999657864945826;0.9999667721932745;1.0;1.0001211779049815;0.9999971500394215;0.9999964644512948;0.9999621031303367;0.9999664952274461;0.999999752028706;1.000194474294913;0.9999999999999999;0.9999679631914383;1.0000230548447153;0.9995132063616184;0.9995996594089446;1.0;0.9996935917826301;0.9999875080774473;0.9989927822925101;0.9988133530069025;0.9997646296130545;1.0;0.9999801580724723;1.0001839616816475;0.999989090512693;0.9999981656237015;1.0;0.9999904887556668;1.024999976158142;
2016-04-07 18:15:00;0.9999939572384133;0.9999358191365965;0.9999999999999999;0.9999961567348042;0.999993860959601;1.0;1.0;0.9999644519799858;0.9999824667387257;1.0000873989571577;0.9999772527143869;0.9999762134485831;0.9999999999999999;1.0;0.9999317845205726;0.9999359008783922;0.9999374804086051;1.0;1.000123459082728;0.9999960816041824;0.999995270916578;0.9999499676209003;0.9999370332577511;0.9999993212028795;1.0001986461927104;1.0;0.9999571242997161;1.000023533033759;0.9995963162650575;0.999634686304018;1.0;0.9996391654713744;0.9999849359974695;0.9987719623961611;0.9985751774344551;0.9997514268058509;1.0;0.9999797452538721;1.0001876700517593;0.9999869112774392;0.9999974486119031;0.9999999999999999;0.999988265904237;1.024999976158142;
2016-04-07 18:30:00;0.9999896512821621;0.9999119314731978;1.0;0.9999927484532402;0.9999930581833784;1.0;0.9999999999999999;0.9999377115985398;0.9999819105324436;1.0000851059370193;0.9999676518478942;0.9999816843581921;1.0;1.0;0.9998719930597898;0.9998787145582099;0.9998818906151544;0.9999999999999999;1.0001218575735984;0.9999959507476999;0.9999924120995431;0.9999350378334447;0.9998810137541521;0.9999984713469918;1.0001998112184134;1.0;0.9999435323268456;1.0000229056154166;0.9996020711769941;0.9996365371610598;1.0;0.9996629044335408;0.9999818596000374;0.9988629375462718;0.9986627341733642;0.9997607167306599;1.0;0.9999805392078104;1.000187705189106;0.9999841431282667;0.9999960153796845;1.0;0.9999901164140086;1.024999976158142;
2016-04-07 18:45:00;0.9999913631485132;0.9999104127353234;1.0;0.9999952511012532;0.9999916451956867;0.9999999999999999;1.0;0.99996159258554;0.999976745833744;1.0000845047675178;0.999970591133329;0.9999815698112907;1.0;1.0;0.9999256850673163;0.9999319995085467;0.9999337410775121;1.0;1.0001207747912204;0.9999947966067015;0.9999927543486654;0.9999321484680237;0.9999332257595824;0.9999994411256392;1.0001977670909306;1.0;0.9999420326663;1.0000227467328497;0.999576842577314;0.9996222715526261;0.9999999999999999;0.9996702901502301;0.9999791155277878;0.9988867875361213;0.9986863429903856;0.999766600329766;1.0;0.999990479290912;1.0001863808144555;0.9999818215178454;0.9999959856925071;1.0;0.9999901619375434;1.024999976158142;
2016-04-07 19:00:00;0.999991489789869;0.9999281441696886;1.0;0.999995306263383;0.9999945409683;0.9999999999999999;1.0;0.9999687614799695;0.9999866635847205;1.0000825973906597;0.9999775882975724;0.9999833911845343;0.9999999999999999;1.0;0.9999328067888661;0.9999391626203743;0.9999409112809621;0.9999999999999999;1.0001181384736701;0.9999970196737877;0.9999929858208539;0.9999500249644759;0.9999403976430218;0.9999994380987287;1.0001934714764942;1.0;0.9999569109929112;1.0000222406056256;0.9995855132186352;0.9996130973288844;1.0;0.9996677950647556;0.9999851514514893;0.998856736195647;0.9986344354750206;0.9997794914526652;1.0;0.9999912732606053;1.0001823059673307;0.9999869759608855;0.9999961394641728;0.9999999999999999;0.9999909752846884;1.024999976158142;
2016-04-07 19:15:00;0.9999927425708953;0.9999366041959072;1.0;0.999995281433719;0.9999949209262632;0.9999999999999999;0.9999999999999999;0.9999615018842163;0.9999868097812226;1.0000854746785666;0.9999778521093802;0.9999844087970378;1.0;1.0;0.9999206924711942;0.9999256643772267;0.9999276404472517;1.0;1.000121303927246;0.9999970523427613;0.9999944680273135;0.9999537160858668;0.9999270861461008;0.9999991285758704;1.0001963891381085;1.0;0.9999599427283357;1.0000230143745128;0.9995605746601116;0.9995986503568973;1.0;0.9996645131993671;0.9999866944958291;0.9988531644847464;0.9986310151278875;0.9997720790671951;0.9999999999999999;0.9999900664615023;1.0001852276878518;0.999988367690354;0.9999970466931765;1.0;0.999991765706578;1.024999976158142;
2016-04-07 19:30:00;0.9999941530866507;0.9999391664343986;1.0;0.999995238559205;0.9999939980103796;1.0;1.0;0.9999489433373914;0.9999818572152274;1.0000907278156288;0.999974472222259;0.9999854533873223;1.0;0.9999999999999999;0.9999031960294283;0.9999060046187548;0.999908185034488;1.0;1.000127303575444;0.999995943884807;0.9999955758184829;0.9999488368971075;0.9999075847445091;0.9999987730722695;1.0002035305071808;1.0;0.9999556069156458;1.0000244251989034;0.9996080884556383;0.9996262752366092;1.0;0.9995843607365301;0.9999859285764529;0.9985468439976711;0.9983283979532117;0.9997397693318957;1.0;0.9999920672329301;1.000192240341954;0.9999878288172128;0.999997644315256;1.0;0.9999927544593299;1.024999976158142;
2016-04-07 19:45:00;0.9999952085811278;0.9999524984583458;1.0;0.9999962989957528;0.9999953093687899;0.9999999999999999;0.9999999999999999;0.9999608674329769;0.9999855485726007;1.0000852961489448;0.999979739809311;0.9999880453587872;1.0;1.0;0.9999268437628919;0.9999287075628247;0.9999303031622316;1.0;1.0001192101657195;0.9999967714943353;0.9999956965431008;0.9999589177457323;0.999929844588021;0.9999991043573421;1.0001902591535257;1.0;0.9999641459580071;1.0000229671163212;0.9996521640371875;0.9996659296167383;1.0;0.999661390066961;0.999989182470653;0.998827395815197;0.9986271829589751;0.9997801818602269;0.9999999999999999;0.9999900664615022;1.000179955968537;0.9999906588886208;0.9999975581647474;0.9999999999999999;0.9999941516194741;1.024999976158142;
2016-04-07 20:00:00;0.999994235623346;0.9999543806988949;0.9999999999999999;0.9999957919719878;0.9999964184405785;0.9999999999999999;0.9999999999999999;0.9999621121281212;0.9999900796446484;1.000083558597269;0.9999814433483971;0.9999872902416097;0.9999999999999999;1.0;0.9999241015675859;0.9999268590493732;0.9999286548353082;1.0;1.0001173287036058;0.9999977863144281;0.9999950087633793;0.9999639089985523;0.9999281401977604;0.9999990544752408;1.000188373550246;1.0;0.9999681598115646;1.0000225014589856;0.9996601928448956;0.9996634624080836;1.0;0.9996562821451371;0.9999910153213271;0.9988050643574707;0.9985942409666326;0.9997800323828382;0.9999999999999999;0.9999920672329303;1.0001779498656496;0.9999921778504075;0.9999972042081853;1.0;0.9999935968973593;1.024999976158142;
2016-04-07 20:15:00;0.9999938446117155;0.9999269923998382;1.0;0.9999953978932375;0.9999923119222199;1.0;1.0;0.9999493635364514;0.9999766124794538;1.0000895507441137;0.9999712134971178;0.9999873716994108;1.0;1.0;0.9999067636570004;0.9999101732947742;0.9999122123972052;1.0;1.0001260338482374;0.9999947692292317;0.9999952821387388;0.9999387598710021;0.999911646576054;0.9999989346255411;1.0002021683613018;1.0;0.9999474016151413;1.0000241069117357;0.9996354622911636;0.9995986847955238;0.9999999999999999;0.9995671305107923;0.999982075662106;0.9984531012111099;0.9981687542492589;0.9997517070147502;0.9999999999999999;0.9999908604325449;1.0001909180639954;0.9999845053415902;0.9999974759358549;1.0;0.9999934779559844;1.024999976158142;
2016-04-07 20:30:00;0.9999930918871133;0.9999104352784861;1.0;0.9999946433660942;0.9999902652242391;1.0;0.9999999999999999;0.9999384108349335;0.9999703386410141;1.0000847926334668;0.9999650068387232;0.9999869078719655;0.9999999999999999;1.0;0.9998872193040552;0.9998914910058042;0.9998939670574013;1.0;1.000119979781635;0.9999933620302041;0.9999953859333112;0.9999251643652243;0.9998932997896571;0.9999987007192015;1.0001931837759912;0.9999999999999999;0.9999360930944783;1.0000228174422874;0.9997088541240863;0.9996839897653977;1.0;0.9996507067833599;0.9999773268456359;0.9987750077900348;0.9985529173527963;0.9997836997090497;0.9999999999999999;0.9999920672329303;1.0001821043939418;0.9999804026480126;0.9999976801847139;1.0;0.9999930624190588;1.024999976158142;
2016-04-07 20:45:00;0.9999940988835637;0.9998876806530622;1.0;0.9999954298770016;0.9999855396737961;0.9999999999999999;0.9999999999999999;0.9999321016571854;0.9999532216244064;1.0000869916436586;0.9999553430195747;0.9999877375773356;1.0;1.0;0.9998896451356238;0.9998927397498507;0.9998947721593924;1.0;1.0001223867830586;0.999989519235368;0.9999955748605459;0.9998983638793109;0.9998942129290047;0.9999989028442299;1.0001962289040334;1.0;0.9999139675085387;1.000023386653421;0.9997549139049767;0.9997157726825711;1.0;0.9996566950490998;0.9999680686517078;0.9988059182668747;0.998592087247171;0.9997806737496913;0.9999999999999999;0.9999912732606052;1.000185292560176;0.9999725565650879;0.999997651388917;1.0;0.9999937185457556;1.024999976158142;
2016-04-07 21:00:00;0.9999926975755336;0.9998676277951287;1.0;0.9999954422266917;0.9999834839864066;1.0;0.9999999999999999;0.9999369365666162;0.9999478969695161;1.0000850436398905;0.9999516430651758;0.9999865390298562;1.0;1.0;0.9998993704183171;0.9999044885650781;0.9999063162842672;0.9999999999999999;1.000120927152017;0.9999883126798613;0.9999944375860631;0.9998852444723428;0.9999058030240482;0.9999992466698259;1.0001961962474675;1.0;0.9999033683055973;1.0000228480459339;0.9997961216944146;0.9997393581041762;1.0;0.9996639032201021;0.9999626842147699;0.9988326333664157;0.9986186464027155;0.9997841691563062;0.9999999999999999;0.9999900664615023;1.0001850432905899;0.9999678475315957;0.9999970280563651;1.0;0.9999926935746797;1.024999976158142;
2016-04-07 21:15:00;0.9999913666709737;0.9998725321405951;1.0;0.9999948190278012;0.9999855269010571;1.0;0.9999999999999999;0.9999414842477484;0.9999562187852593;1.0000815400172425;0.9999556039562547;0.9999858252609001;1.0;1.0;0.9998990657170526;0.999905790149337;0.9999078772619819;1.0;1.0001169992904382;0.9999901846801852;0.9999937630963299;0.9998957145038188;0.9999072973134552;0.9999992141701927;1.0001915080722454;1.0;0.9999120348114197;1.0000219161375405;0.9997629655375068;0.999716524849398;1.0;0.9997104338342195;0.9999660915282269;0.9990012121887145;0.9987797447983162;0.9998092200998037;1.0;0.999991654403775;1.0001802750057376;0.9999706731205429;0.9999967445580796;1.0;0.9999919873532285;1.024999976158142;
2016-04-07 21:30:00;0.9999895780611333;0.9998797985024603;1.0;0.999993666220752;0.9999880925378388;1.0;1.0;0.9999410993425102;0.9999659603279691;1.0000794400588868;0.9999590086779244;0.9999853249105611;1.0;1.0;0.9998884600723587;0.9998963642161782;0.9998989413336093;1.0;1.0001147448167567;0.9999923784105678;0.9999922939848734;0.9999071033023097;0.9998982206448802;0.9999989971316862;1.0001896861514128;1.0;0.9999209934036737;1.0000213683506505;0.9997775535567113;0.999720500312975;0.9999999999999999;0.9996865864316282;0.9999708135870654;0.9989135004496046;0.9986860949282085;0.9997972562783102;0.9999999999999999;0.9999904792909119;1.0001781549875421;0.9999746458286954;0.9999959392223164;1.0;0.9999914794479119;1.024999976158142;
2016-04-07 21:45:00;0.9999898583360917;0.9999039539625079;1.0;0.9999931413207888;0.9999918186329046;1.0;1.0;0.9999401632188787;0.9999781528581301;1.0000770881687044;0.9999661332867659;0.9999859455852751;1.0;1.0;0.9998786250774471;0.999885912370356;0.9998889124231753;1.0;1.000111088408958;0.9999951134843603;0.9999929339479435;0.9999290888271561;0.9998880918233467;0.999998637696037;1.000182987566909;1.0;0.9999389853983507;1.0000207479178573;0.9998333941601841;0.9997624255010998;0.9999999999999999;0.9996890668508117;0.9999789465227362;0.998916119949948;0.9987037040584203;0.9998029101730834;1.0;0.9999904792909122;1.0001717343378609;0.9999816262722556;0.9999963749587452;0.9999999999999999;0.99999190727932;1.024999976158142;
2016-04-07 22:00:00;0.9999917451402429;0.9999130570201726;0.9999999999999999;0.9999943842185968;0.9999920602754429;1.0;1.0;0.9999485431257239;0.9999782809982432;1.0000778991375787;0.9999697525899737;0.9999866200193984;1.0;1.0;0.9998974209816772;0.999903878269667;0.9999063943894188;1.0;1.0001117162636735;0.9999951421120667;0.9999948056887464;0.9999352994184113;0.9999057207756906;0.9999988741888642;1.00018209078595;1.0;0.9999447814613731;1.0000209672123963;0.9998348117007749;0.9997503387555081;1.0;0.9996941222951393;0.9999799041407068;0.9989247770615104;0.9986925190572958;0.9998122033830663;0.9999999999999999;0.9999916544037751;1.0001712640682439;0.9999824880328061;0.9999974688117517;1.0;0.999992410363518;1.024999976158142;
2016-04-07 22:15:00;0.9999913252767964;0.9999049492144777;1.0;0.9999943160483635;0.99999084830778;0.9999999999999999;1.0;0.9999463478091296;0.9999739802380063;1.0000768787797156;0.9999664124207909;0.9999871592505645;1.0;0.9999999999999999;0.999896664479469;0.9999029020628086;0.9999053231388282;1.0;1.0001101897321705;0.999994176036022;0.9999937552538906;0.9999264716061539;0.9999046546398822;0.9999989383618674;1.0001804036021955;1.0;0.9999371795622767;1.0000206861869747;0.9998503290554509;0.9997808324006343;1.0;0.9997229226066419;0.99997748804963;0.9990391643269649;0.9988390592543751;0.9998208954028626;1.0;0.9999920672329304;1.0001696556138338;0.9999804354262007;0.9999967464383063;1.0;0.9999927065531434;1.024999976158142;
2016-04-07 22:30:00;0.9999893236135995;0.999903333472971;1.0;0.9999934281583517;0.9999915165374346;1.0;0.9999999999999999;0.9999445782677441;0.999976155548744;1.0000742981455353;0.9999650545436234;0.9999875761376823;1.0;1.0;0.999891712907045;0.9998978329415099;0.9999003348729955;1.0;1.0001065549816808;0.9999946613804608;0.9999902731026834;0.9999244201081122;0.9998995872234546;0.9999989245902752;1.000177277439181;0.9999999999999999;0.9999344059517821;1.000019988387797;0.9998768523058569;0.999796903207736;1.0;0.9997519671534962;0.9999789518658694;0.9991452819671224;0.998945859757519;0.9998359545496875;1.0;0.9999908604325449;1.0001664643098407;0.999981691900424;0.999994458248534;1.0;0.9999929230427338;1.024999976158142;
2016-04-07 22:45:00;0.999977467152005;0.9998715938792406;1.0;0.9999882611392416;0.9999922403765447;1.0;1.0;0.9999292876597798;0.9999790320010328;1.0000704931764757;0.9999505026819422;0.9999875917616471;1.0;1.0;0.9998574876787926;0.9998641199019757;0.9998671572686558;0.9999999999999999;1.0001016577871749;0.9999952952518951;0.999970732101034;0.9998944117038979;0.9998659526449364;0.9999988966898683;1.0001847225237517;1.0;0.9999037291984325;1.0000189389989114;0.9998384831875468;0.9997744544559686;1.0;0.9997658254084211;0.9999801848349479;0.9991954661568213;0.9989949231895879;0.9998434632204326;1.0;0.9999912732606053;1.0001721637589274;0.9999827183314024;0.9999817157110704;1.0;0.9999928077284584;1.024999976158142;
2016-04-07 23:00:00;0.9999622807903861;0.9997927240119394;1.0;0.9999819602709268;0.9999872300661539;1.0;0.9999999999999999;0.9999028869915279;0.9999637693602054;1.0000664723840125;0.9999202067097012;0.9999871502877764;1.0;1.0;0.9998106334482362;0.9998194887986671;0.9998230992986032;1.0;1.0000976867174494;0.9999918355005174;0.9999469825430299;0.99982319792419;0.9998213727027294;0.9999990565816134;1.0001983438382687;1.0;0.9998381229861922;1.000017752673262;0.9998371811326058;0.9997792761526068;1.0;0.9997657498120908;0.9999684890361737;0.9992030010502921;0.9990109798425066;0.9998380972935234;1.0;0.9999912732606053;1.000183228543262;0.9999726087256969;0.9999663508512878;1.0;0.9999920771438982;1.024999976158142;
2016-04-07 23:15:00;0.9999626060143173;0.9997983550182886;1.0;0.9999814020990242;0.9999886124556249;1.0;1.0;0.999898731649091;0.999969781614068;1.0000657394761374;0.9999233601188646;0.9999863286260652;1.0;0.9999999999999999;0.9997943414355764;0.9998047265839849;0.9998090147130897;0.9999999999999999;1.0000975646828123;0.9999931831597911;0.9999498647349953;0.9998341032495736;0.9998071760243937;0.9999986704463834;1.0001968723742016;1.0;0.9998478977190938;1.0000175614105553;0.9998083134243739;0.9997717895703542;1.0;0.9997865899818511;0.9999705647256926;0.9992708544711252;0.9990919291978815;0.9998545521411158;1.0;0.9999900664615023;1.0001815630560773;0.999974299520574;0.9999684660522143;1.0;0.9999913403527206;1.024999976158142;
2016-04-07 23:30:00;0.9999841547342367;0.9998844048356437;1.0;0.9999915654321625;0.9999908258001611;1.0;1.0;0.9999406458081137;0.9999737055023974;1.000073702694374;0.9999570641114519;0.9999886967666466;0.9999999999999999;1.0;0.9998858765248272;0.9998919013348142;0.9998943086366386;1.0;1.000105720829358;0.999994103489426;0.9999809880283441;0.9999051273964378;0.9998934289217836;0.9999991299950827;1.0001830218561722;1.0;0.9999158008629395;1.0000198105184035;0.9998024345119945;0.9997572720404293;1.0;0.9997760714768416;0.99997755742709;0.9992349791207792;0.9990392689523199;0.999847346288861;1.0;0.9999912732606052;1.0001714391293532;0.9999805055251788;0.9999883197192285;1.0;0.9999934522761245;1.024999976158142;
2016-04-07 23:45:00;0.9999863608456164;0.9998518226698934;1.0;0.9999933235188765;0.9999842749462808;1.0;0.9999999999999999;0.9999402911988126;0.9999515342779087;1.000073789863489;0.9999470221210391;0.9999882298634987;1.0;1.0;0.9999013104238087;0.9999075676192248;0.9999092866605822;1.0;1.0001060645768773;0.9999891203807707;0.9999840456794328;0.9998733390135458;0.9999086341867085;0.9999995855956505;1.0001816568597057;1.0;0.9998908509525303;1.0000198015673971;0.9998796900038316;0.9998174391342037;1.0;0.9997980654527633;0.9999637224938288;0.9993181533132336;0.9991465717966267;0.9998568506984891;1.0;0.9999920672329304;1.000170525812571;0.9999686739572928;0.9999902558142332;1.0;0.9999931857702667;1.024999976158142;
2016-04-08 00:00:00;0.9999854892183836;0.9998045815168041;1.0;0.9999930622511218;0.9999781743911893;1.0;1.0;0.9999320705961647;0.9999340933132898;1.0000731462070713;0.9999349963775402;0.9999864596323621;1.0;0.9999999999999999;0.9998890030648271;0.9998993223429672;0.9999013912152043;0.9999999999999999;1.0001076763414505;0.9999851911877048;0.9999864423031273;0.9998401143935699;0.9999007198185235;0.9999996594223567;1.0001851056682571;1.0;0.9998647345582088;1.0000195932399487;0.9998590129296705;0.9998085402851167;1.0;0.9998105204786063;0.9999487580108563;0.999362591969156;0.9991952152191043;0.9998640504252597;1.0;0.9999912732606053;1.000173329372169;0.9999556741146504;0.9999922092742233;0.9999999999999999;0.9999914155303572;1.024999976158142;
2016-04-08 00:15:00;0.9999838113899134;0.9998531743145239;1.0;0.9999921152027966;0.9999873451670502;1.0;1.0;0.9999486444486935;0.9999658289647684;1.0000678278968116;0.9999537303870432;0.9999867667402029;1.0;1.0;0.999898072796735;0.9999088980104258;0.9999112908094018;1.0;1.0001004470064634;0.9999923354046407;0.999984217703667;0.9998904422078306;0.9999105001996565;0.999999514807518;1.0001754403291985;1.0;0.999905653317978;1.000018224060208;0.9998908253726178;0.9998312461931316;1.0;0.9998126741843709;0.9999676847386382;0.9993771244899695;0.9992166667266791;0.9998606183832864;1.0;0.9999920672329303;1.0001638806824498;0.9999718156305372;0.9999908158704227;1.0;0.9999914335314649;1.024999976158142;
2016-04-08 00:30:00;0.9999786918061689;0.999848021594327;1.0;0.9999896356418061;0.9999884971499552;1.0;1.0;0.9999382379586559;0.9999684867286536;1.0000670641280498;0.9999475714697783;0.9999872934809144;1.0;1.0;0.9998781299401881;0.9998874313734237;0.9998900497770926;1.0;1.0000985523268047;0.9999929202573608;0.9999744171126207;0.9998800132030475;0.9998890297089861;0.9999993701509079;1.0001790112811675;1.0;0.9998937285856095;1.0000179936446372;0.9999022745591468;0.9998348454074958;1.0;0.9998184919879074;0.9999709186493697;0.9993904310262324;0.9992254022731464;0.9998690544470571;1.0;0.9999904792909121;1.0001667827571559;0.9999746590554427;0.9999842825018009;1.0;0.9999920354717825;1.024999976158142;
2016-04-08 00:45:00;0.9999796725823941;0.9998657110602154;0.9999999999999999;0.9999903474765849;0.9999899051737343;1.0;1.0;0.999942555347695;0.9999706961875078;1.0000670466861696;0.9999504830852306;0.9999890708678645;1.0;1.0;0.9998918808437713;0.9998980645488097;0.9999001153002253;1.0;1.0000966378826655;0.9999934239789957;0.9999726754641032;0.9998870135722537;0.9998991871040867;0.9999995253178209;1.0001753207959247;0.9999999999999999;0.999898672765662;1.0000180034770956;0.9999003677382469;0.9998492730233502;1.0;0.9998334810484354;0.9999755380439843;0.9994496241531545;0.9993079276458599;0.9998738175655519;1.0;0.9999900664615025;1.0001637524182718;0.999978772645243;0.9999828044810629;1.0;0.9999935834224698;1.024999976158142;
2016-04-08 01:00:00;0.9999903478871118;0.9999197357146183;1.0;0.9999953036694941;0.9999928018851978;1.0;1.0;0.999966316063182;0.9999785883132751;1.000068399534734;0.9999711154802853;0.9999901976152489;1.0;1.0;0.9999393599278092;0.9999431515117387;0.9999443040781468;1.0;1.0000969824940902;0.9999952101677384;0.9999879748321536;0.9999328024915374;0.9999438394062937;0.9999997104847327;1.000162712142357;1.0;0.9999410001917374;1.00001840858892;0.9999341336104637;0.999880876181766;1.0;0.9998445812753389;0.9999828905777036;0.9994949147078075;0.9993719580859658;0.999876353721926;1.0;0.9999912732606052;1.0001532636587507;0.9999851816590856;0.9999925507424046;0.9999999999999999;0.9999946640226073;1.024999976158142;
2016-04-08 01:15:00;0.9999760642399251;0.9998651629420974;1.0;0.9999892851938499;0.9999913542089475;0.9999999999999999;1.0;0.9999470830231535;0.9999751739002911;1.0000633648798796;0.9999495880548548;0.9999890780281799;0.9999999999999999;1.0;0.9998990464826015;0.9999046895497348;0.9999064553311745;1.0;1.0000912089965828;0.9999944291960372;0.9999654022042616;0.9998845857589477;0.9999054727256229;0.9999997936161473;1.0001719765461405;1.0;0.9998946273625469;1.0000170158272599;0.9999188629638199;0.9998778886451011;1.0;0.9998571696168519;0.999978856533916;0.9995390105321821;0.9994245284086559;0.9998841900223281;1.0;0.9999908604325449;1.000160335987195;0.9999816370757131;0.9999779281322619;0.9999999999999999;0.9999937157848678;1.024999976158142;
2016-04-08 01:30:00;0.9999787208174321;0.999877747368525;1.0;0.9999898454827693;0.9999925828199256;1.0;1.0;0.9999469798490526;0.9999802976847217;1.0000639230545414;0.9999555739492089;0.9999899907995417;1.0;1.0;0.9998926034254534;0.9998993310596772;0.9999015522207284;1.0;1.0000926033401678;0.9999955782956187;0.9999716695474806;0.9999009289683486;0.9999005670827138;0.9999994702611461;1.0001700458146665;1.0;0.9999099183907432;1.0000171746589033;0.9999308307827679;0.9998798786297469;1.0;0.9998508669582212;0.9999808506705344;0.9995156325825006;0.9993939014399303;0.9998811448178574;1.0;0.9999912732606052;1.0001585612446797;0.9999832819280694;0.9999822054689502;1.0;0.9999938693104043;1.024999976158142;
2016-04-08 01:45:00;0.9999887603618192;0.9999230131613017;1.0;0.9999941652460358;0.9999943958728643;0.9999999999999999;1.0;0.9999622950873119;0.9999845926532602;1.0000650389626757;0.9999720839993418;0.9999934927861216;0.9999999999999999;1.0;0.9999252011357928;0.9999296704553013;0.9999312972724127;0.9999999999999999;1.00009272645569;0.9999965541951604;0.9999864830204146;0.9999383905404756;0.9999306934307601;0.9999994593341611;1.0001575430558867;1.0;0.9999450618152754;1.0000175058475178;0.9999583874113898;0.999923566674986;1.0;0.9998752859397533;0.9999858643367696;0.9996102011135864;0.9995307933546327;0.9998901722995867;1.0;0.9999916544037751;1.0001480060776706;0.9999876855281113;0.9999916962144341;1.0;0.9999959915026261;1.024999976158142;
2016-04-08 02:00:00;0.9999892114772515;0.9999280603484586;0.9999999999999999;0.999994789475279;0.9999951561444393;1.0;1.0;0.9999717030509334;0.9999876382065359;1.0000626393913703;0.9999759077800415;0.9999929948089528;1.0;1.0;0.9999410409823797;0.9999460478205044;0.9999473939563162;1.0;1.0000897110736282;0.9999972376481272;0.9999872320018216;0.9999453184523244;0.9999468758224919;0.9999996938307109;1.0001526357885533;1.0;0.9999513070224413;1.0000168641005265;0.999971424416703;0.9999565192270726;1.0;0.9999049038012723;0.9999871607925038;0.9997209417198608;0.9996801183354951;0.9999038512431291;1.0;0.9999900664615023;1.000143431640044;0.9999887650714585;0.9999921843754441;0.9999999999999999;0.9999956380792523;1.024999976158142;
2016-04-08 02:15:00;0.9999920855302681;0.9999394677971186;1.0;0.9999961672758678;0.9999954619313842;1.0;1.0;0.9999779553503023;0.9999883039893072;1.0000628264139686;0.9999806305474747;0.9999931958104397;1.0;1.0;0.9999542508892404;0.9999587965283094;0.9999598812871978;1.0;1.0000896914464108;0.9999973872524532;0.999991494791982;0.9999551365102134;0.9999594967442715;0.9999997704019298;1.0001491407840073;1.0;0.9999607219865533;1.0000169162803303;0.9999947670770281;0.9999745966678258;1.0;0.9999208083667417;0.9999880525781014;0.999781072255809;0.9997475152568076;0.9999107417828881;1.0;0.9999912732606052;1.0001404983525486;0.999989551094153;0.9999949136590578;1.0;0.9999958390812705;1.024999976158142;
2016-04-08 02:30:00;0.9999939019171092;0.9999422594636214;1.0;0.9999967947848166;0.9999951247418186;1.0;1.0;0.9999779147812442;0.9999873616061974;1.0000643875360007;0.9999822195359895;0.9999929830100415;1.0;1.0;0.9999542704529072;0.9999590706490056;0.9999602290538318;1.0;1.0000920008022298;0.9999971775675535;0.9999950170053817;0.9999587944925877;0.9999598869209202;0.9999996850090984;1.0001502379898444;1.0;0.9999647773205159;1.000017337865861;0.999965962426314;0.9999549778270089;0.9999999999999999;0.9999129361526631;0.9999872104706232;0.9997550497748255;0.9997165180088852;0.9999047810444763;1.0;0.9999920672329302;1.0001416849440024;0.9999888180714271;0.9999972663185531;1.0;0.9999956821100121;1.024999976158142;
2016-04-08 02:45:00;0.9999945713323776;0.9999478083472204;0.9999999999999999;0.9999969672106824;0.9999955692452617;1.0;1.0;0.999977668940653;0.9999885159534353;1.0000650914196316;0.9999836201783291;0.9999928532583869;1.0;1.0;0.9999537876808127;0.99995815868759;0.9999593346346968;1.0;1.0000927209920658;0.9999974351011646;0.999995881881592;0.9999628232914078;0.9999589998109729;0.999999621511078;1.0001504401774446;0.9999999999999999;0.9999682570481242;1.0000175273307794;0.9999872527015793;0.9999615827195494;1.0;0.9998973308042274;0.9999883776788793;0.9996940783425804;0.9996474116339578;0.9998993646850636;1.0;0.9999900664615022;1.000141966387142;0.9999898373216007;0.9999978049378311;1.0;0.9999957259586557;1.024999976158142;
2016-04-08 03:00:00;0.9999942433273481;0.999946434612056;1.0;0.999996259381017;0.9999956201437435;1.0;0.9999999999999999;0.9999693521428769;0.999988793990297;1.0000648290724101;0.9999819967691947;0.9999927802573879;1.0;1.0;0.9999362839915793;0.9999407658646063;0.9999423905522412;1.0;1.0000924235016113;0.9999974980885008;0.9999961268487884;0.9999618867067747;0.9999419485005313;0.9999993099670533;1.0001497997150914;1.0;0.9999672978000442;1.0000174567117286;0.999985684845946;0.9999674154001945;1.0;0.9999054339105282;0.9999884191236238;0.9997212521172116;0.9996846994903992;0.9999052365080857;1.0;0.999990479290912;1.0001411852945752;0.9999898675218895;0.999998046045209;1.0;0.9999956664688886;1.024999976158142;
2016-04-08 03:15:00;0.9999947417235643;0.9999488485244734;1.0;0.9999973355217388;0.9999956256701744;1.0;1.0;0.9999822909953279;0.9999887160341105;1.000064752235045;0.9999846929581812;0.9999931453488488;1.0;0.9999999999999999;0.9999631284758029;0.9999674995234107;0.9999684476626854;1.0;1.0000922506252057;0.9999974794585321;0.9999958082825945;0.9999638634842799;0.9999681686502969;0.9999997834844705;1.0001497832292654;1.0;0.9999692417999;1.0000174362486327;0.9999713303446226;0.9999603136157016;1.0;0.9999151878363206;0.9999884991025302;0.9997649526596255;0.9997298975103629;0.9999048108271688;1.0;0.9999912732606052;1.0001414259311627;0.9999899406022031;0.9999977223953723;1.0;0.9999958579770134;1.024999976158142;
2016-04-08 03:30:00;0.9999932163332675;0.999938583579068;1.0;0.9999964070443779;0.9999947136550165;1.0;1.0;0.9999739457353921;0.9999855860225932;1.0000635992628286;0.999979742634943;0.9999934134049088;1.0;1.0;0.9999484154074468;0.9999527765654689;0.9999539852187019;1.0;1.000090651012129;0.9999967804561809;0.9999935409002443;0.9999536007103712;0.9999536031310313;0.9999996344930591;1.0001489516627817;1.0;0.9999599227564578;1.0000171248136211;0.9999979825469344;0.999976214461541;1.0;0.9999145034265654;0.9999865852513689;0.9997559929432072;0.9997221666590652;0.9999088571645052;0.9999999999999999;0.999990479290912;1.0001404074376683;0.9999883075755367;0.9999962698226206;1.0;0.9999959814786992;1.024999976158142;
2016-04-08 03:45:00;0.9999949793823997;0.9999521319365318;1.0;0.9999969055096474;0.9999957233857453;1.0;1.0;0.9999735126707945;0.9999880703882711;1.0000657635483274;0.999983111538825;0.9999939123622841;1.0;1.0;0.9999480113236441;0.9999512274642213;0.9999524490270492;1.0;1.00009296434587;0.9999973367714218;0.9999957440406908;0.9999631731487277;0.9999520930824629;0.999999490760899;1.0001501736803116;1.0;0.9999682213332752;1.0000177090618994;0.9999677694948904;0.9999571924781998;0.9999999999999999;0.9999054858568558;0.9999893181011652;0.9997254740690842;0.9996888014824178;0.9999025118100142;1.0;0.9999912732606051;1.0001418166916192;0.9999907029078783;0.9999976331384861;1.0;0.9999964804373557;1.024999976158142;
2016-04-08 04:00:00;0.9999956313149564;0.9999617758655828;1.0;0.999997155323739;0.9999968811241804;0.9999999999999999;1.0;0.9999762890467737;0.9999917174684344;1.0000655399780132;0.9999863790265632;0.9999938396968436;1.0;0.9999999999999999;0.9999517543589699;0.9999545885947457;0.9999557692609761;1.0;1.0000924260962842;0.9999981522372822;0.9999965164492155;0.9999715174576641;0.9999554339494932;0.999999473293965;1.0001485130813204;1.0;0.9999752968390199;1.0000176496357536;0.9999852062588978;0.9999656193485683;1.0;0.9999031423595368;0.9999919494148901;0.9997161825735426;0.9996773375436065;0.9999017899546132;1.0;0.9999908604325447;1.0001403383022913;0.9999929707780069;0.9999981058318667;1.0;0.9999965387991266;1.024999976158142;
2016-04-08 04:15:00;0.9999960289594354;0.9999634460553258;1.0;0.9999974274324253;0.9999969829685109;1.0;1.0;0.9999786467095731;0.9999921191980846;1.0000651967970935;0.999987435096734;0.9999940567352716;1.0;0.9999999999999999;0.9999561676180749;0.999959052472592;0.9999601476313278;1.0;1.0000919798293035;0.9999982426015641;0.9999971154351891;0.9999734076012236;0.9999598440379325;0.9999995284031765;1.0001474075983066;1.0;0.9999770991310724;1.0000175576352883;0.9999588434578546;0.9999533072971393;0.9999999999999999;0.9999217575778448;0.9999921317810919;0.9997821202580199;0.9997470645068032;0.9999128847089507;1.0;0.9999912732606053;1.0001393477514533;0.9999931243368184;0.99999849108189;1.0;0.9999966248107139;1.024999976158142;
2016-04-08 04:30:00;0.9999972738574243;0.9999720252201818;1.0;0.9999981808096272;0.9999973696905918;0.9999999999999999;1.0;0.9999828694985766;0.9999924728415877;1.0000667981131324;0.9999897554122951;0.9999945556937517;1.0;1.0;0.9999669404545628;0.9999686803003295;0.9999694465636743;0.9999999999999999;1.0000935168760234;0.9999983220929266;0.9999978517762246;0.9999780106194984;0.9999692301883679;0.9999996476179283;1.0001485630701412;1.0;0.9999810732150423;1.0000179890790895;0.9999480734291679;0.9999417404327675;1.0;0.9999052495714446;0.9999935591941044;0.9997269005867169;0.9996837091597723;0.9999008289909348;1.0;0.9999908604325448;1.0001407421755526;0.9999944046763297;0.9999988375669592;1.0;0.9999971237704754;1.024999976158142;
2016-04-08 04:45:00;0.999996542374112;0.9999697862532749;1.0;0.9999978248139842;0.9999972440129442;1.0;1.0;0.9999804283494849;0.999991747794708;1.0000667316778586;0.9999880672236591;0.9999937144468277;1.0;1.0;0.9999632581583126;0.9999646449199096;0.9999654313253492;1.0;1.0000932165910381;0.9999981593601919;0.9999963186940944;0.9999745422409683;0.9999651819372662;0.9999996254997164;1.0001490223964067;1.0;0.9999776656707868;1.0000179707466796;0.9999617064350437;0.9999494810422512;1.0;0.999907870666202;0.9999934883424757;0.9997307627548879;0.9996875711610851;0.9999060895951707;1.0;0.999990860432545;1.0001411233379804;0.9999943627214614;0.999997803293235;0.9999999999999999;0.9999968278620229;1.024999976158142;
2016-04-08 05:00:00;0.9999957733223488;0.9999646621547971;1.0;0.9999977264843135;0.9999971981160598;1.0;1.0;0.9999844470243356;0.999992694446579;1.0000657253674372;0.9999884225665319;0.9999929517620718;1.0;1.0;0.9999680339998556;0.9999707345044132;0.9999715116255508;1.0;1.0000926021238579;0.9999983710532198;0.9999959982793685;0.9999739723753479;0.9999712675817344;0.9999997530821789;1.0001491422240227;1.0;0.9999774015388575;1.0000177000124828;0.9999509902817667;0.9999473054450003;1.0;0.999911593838455;0.9999926819832855;0.999750578116538;0.999713305616029;0.999903798060263;1.0;0.9999896853204289;1.0001410779396427;0.9999936041077525;0.999997691638194;1.0;0.9999961694183201;1.024999976158142;
2016-04-08 05:15:00;0.999996007179324;0.9999654450259322;1.0;0.9999975656515327;0.9999971792651967;1.0;1.0;0.9999806711108166;0.9999924691013262;1.0000662679959837;0.9999879365026492;0.9999934006525194;0.9999999999999999;1.0;0.999960845058779;0.9999633545847937;0.9999643011995328;1.0;1.0000932398484508;0.9999983210678397;0.9999965316270971;0.9999741054003307;0.9999640224784603;0.9999996093350351;1.0001495933337727;1.0;0.999977517248624;1.0000178462331153;0.9999665688953616;0.9999568301608953;1.0;0.9999058930830232;0.9999927431920768;0.9997480827490578;0.9997120697718322;0.9998883686250896;1.0;0.9999812050178772;1.0001414934230688;0.9999936668877689;0.9999980542793404;1.0;0.9999964179094529;1.024999976158142;
2016-04-08 05:30:00;0.9999970513494577;0.9999748753206175;1.0;0.9999980000805327;0.9999977864566713;0.9999999999999999;0.9999999999999999;0.9999815768268877;0.9999934634774904;1.0000685329005086;0.999989821475245;0.9999942285809585;1.0;1.0;0.9999646696378444;0.9999658845232324;0.9999666688777544;0.9999999999999999;1.000095607303031;0.9999985432625269;0.9999970682810942;0.9999790543594683;0.9999664315277137;0.9999996009705233;1.0001520740353966;0.9999999999999999;0.999981585635193;1.0000184562132837;0.999909488297982;0.9999231193828397;1.0;0.999900890796377;0.9999947163864729;0.9997222247186422;0.9996841592886552;0.9998909387367356;0.9999999999999999;0.9999789707112458;1.000144090038694;0.9999954209439614;0.9999982847153864;0.9999999999999999;0.9999971012851783;1.024999976158142;
2016-04-08 05:45:00;0.99999539100609;0.999953516281949;0.9999999999999999;0.9999969960768478;0.9999958562147169;1.0;1.0;0.9999735646761179;0.9999887393383682;1.0000671911776295;0.9999839550541012;0.999991681102166;1.0;1.0;0.9999470997754486;0.9999505541414757;0.9999518486101142;1.0;1.0000950810985214;0.9999974867406933;0.9999967798518751;0.9999654278561009;0.9999514933717111;0.9999994427825789;1.0001528371418442;1.0;0.9999703945709989;1.0000180939312662;0.9999454309296787;0.999941856818335;1.0;0.9999012133844318;0.999989465642991;0.999729831021211;0.9996893528787242;0.9998867369021507;1.0;0.9999788231571999;1.0001443544608957;0.9999908165193682;0.9999983456145745;1.0;0.9999954150645529;1.024999976158142;
2016-04-08 06:00:00;0.9999968028982416;0.9999710538475471;1.0;0.9999979777420587;0.999997478207041;1.0;0.9999999999999999;0.9999825956519095;0.9999929330275382;1.0000694968929584;0.9999894247275118;0.9999934129557165;1.0;0.9999999999999999;0.9999658300367513;0.9999676748270923;0.9999684699572147;1.0;1.000097315863286;0.9999984245867871;0.9999971541472292;0.9999774003612101;0.9999682352487674;0.9999996475560287;1.000155083363246;1.0;0.9999803712962887;1.000018715748487;0.9998866520416826;0.9999109197557706;1.0;0.9998871297988216;0.9999937307057861;0.9996829008046942;0.999646260332344;0.9998763442895021;1.0;0.9999793835288868;1.0001468836831815;0.9999945454583433;0.9999983894039444;0.9999999999999999;0.9999965822156517;1.024999976158142;
2016-04-08 06:15:00;0.9999936532747866;0.9999429375436548;1.0;0.9999964665718333;0.9999953770866005;1.0;1.0;0.9999748548764692;0.9999881845302397;1.000071574266455;0.9999818871423517;0.9999916919844113;1.0;1.0;0.9999474729026001;0.9999522252180328;0.9999535575748175;1.0;1.000101920294309;0.9999973621253879;0.9999948184348704;0.9999593296353867;0.9999531680936777;0.9999995632002806;1.0001658159150306;1.0;0.9999650433002651;1.0000192740027611;0.9997985564917476;0.999859171997234;0.9999999999999999;0.9998377227172033;0.9999877606603558;0.9995044655403171;0.9994662134860005;0.9998492935354735;1.0;0.99997779592415;1.0001564350396592;0.9999892911235091;0.9999971565030692;1.0;0.999995110021071;1.024999976158142;
2016-04-08 06:30:00;0.9999948161975797;0.9999557668320087;1.0;0.9999973313434509;0.9999966213634963;0.9999999999999999;1.0;0.9999837512021134;0.9999918136024544;1.0000713732785325;0.999986776465027;0.9999864938690429;1.0;1.0;0.9999645359488288;0.9999685474201335;0.9999694850871677;1.0;1.0001012003790564;0.9999981731635535;0.9999956252606587;0.9999695542261132;0.9999692031340788;0.9999997623734913;1.00016365445022;1.0;0.9999738296743416;1.0000192206461047;0.9998125951358809;0.9998690426354916;1.0;0.9998495574665932;0.9999907735294987;0.99956355508308;0.9995280278491646;0.9998446841704206;1.0;0.9999777218390045;1.000154658733458;0.999991903173093;0.9999975716641935;0.9999999999999999;0.9999929375217924;1.024999976158142;
2016-04-08 06:45:00;0.9999952222061496;0.9999601078553522;1.0;0.9999968921873986;0.9999968995036347;1.0;1.0;0.9999748487619586;0.999991970932001;1.0000721329457996;0.9999858016484813;0.9999707842321425;1.0;1.0;0.999948146148509;0.9999512029289906;0.9999524859849458;1.0;1.0001016856374465;0.9999982092378622;0.9999961427445709;0.9999706465788738;0.9999521203204838;0.9999994229291163;1.0001633675081758;1.0;0.9999744539650003;1.0000194252606933;0.999861819167578;0.9998925743796205;1.0;0.9998742019157472;0.9999918643121516;0.9996527137897936;0.9996104838844201;0.9998582700177399;0.9999999999999999;0.9999705031622449;1.000154386418804;0.9999928866912642;0.9999978937979739;1.0;0.9999860650620063;1.024999976158142;
2016-04-08 07:00:00;0.9999952677676659;0.9999601566207107;1.0;0.9999972218564117;0.9999968917231838;1.0;1.0;0.9999794968285411;0.9999920307238198;1.0000758798423448;0.9999866493186057;0.9999694211074448;0.9999999999999999;0.9999999999999999;0.9999574197991218;0.9999605782970343;0.9999616375963508;0.9999999999999999;1.0001069333059944;0.9999982225852142;0.999995937841997;0.9999710573102449;0.9999613248417695;0.999999592963833;1.0001718136027213;1.0;0.9999748936965795;1.000020434363297;0.9997540092397059;0.9998191946423878;1.0;0.9998557944172417;0.9999917916029812;0.9996079128527843;0.9995483926230598;0.9998335909389522;1.0;0.9999553133490716;1.000162485557859;0.999992819362349;0.9999977292153894;1.0;0.9999854246744068;1.024999976158142;
2016-04-08 07:15:00;0.9999838145234002;0.999809467734502;0.9999999999999999;0.9999924607216556;0.9999821873404336;1.0;1.0;0.9999501387222339;0.9999534454898513;1.0000731368751157;0.999947134982203;0.999959291774072;0.9999999999999999;1.0;0.99989725566697;0.9999143151060557;0.999917090298081;1.0;1.000111508855177;0.9999895586657522;0.999989868218932;0.9998683454251939;0.9999163393368523;0.9999997014546348;1.0001924000417168;1.0;0.9998901283398822;1.0000196487769;0.9997343003171834;0.9998066522174048;1.0;0.9998504461600747;0.9999535153355353;0.9995859422870962;0.9995261086583821;0.9998330726367979;1.0;0.9998528593207541;1.0001794951459018;0.9999593804589307;0.9999950763288754;1.0;0.9999775266066404;1.024999976158142;
2016-04-08 07:30:00;0.9999886368193501;0.999873936982295;1.0;0.9999936859956778;0.9999880880131609;1.0;1.0;0.9999484429977505;0.9999674142561541;1.000080278352393;0.999960140884819;0.9999598247087081;1.0;0.9999999999999999;0.9998986582034673;0.9999083607312385;0.9999108394488511;1.0;1.000116978978574;0.9999926988869235;0.9999919256352033;0.9999073016677148;0.9999101488162235;0.999999227339855;1.0001946277772338;1.0;0.9999215202217284;1.0000215919723043;0.9996883759564251;0.9997809088034892;1.0;0.9998420936204456;0.9999698464453624;0.9995797812187706;0.9995216859190854;0.9998124133211389;1.0;0.9998438981584091;1.0001826730870544;0.9999737221743966;0.9999958189758991;1.0;0.9999795244245453;1.024999976158142;
2016-04-08 07:45:00;0.9999906272202269;0.9999060640713623;1.0;0.9999941299188635;0.9999915914890326;0.9999999999999999;1.0;0.9999498640741363;0.9999771100118618;1.0000851317979207;0.999968027974128;0.9999316769941103;1.0;1.0;0.9999000015802743;0.9999069648016791;0.9999094003460948;0.9999999999999999;1.0001220416682457;0.9999948758991443;0.9999931307890539;0.9999300399438481;0.9999087222384909;0.9999989880693062;1.0001998227555304;1.0;0.9999401077253192;1.0000229106352445;0.9996790513281364;0.9997747739777118;1.0;0.9998489700299128;0.9999786551819487;0.999618755910645;0.9995614075729506;0.9998074643102869;1.0;0.9998009840938823;1.0001880118844828;0.999981393398268;0.999996391611295;1.0;0.9999674564356514;1.024999976158142;
2016-04-08 08:00:00;0.9999927512858936;0.9999206028599682;1.0;0.9999951743938755;0.9999924161717085;1.0;1.0;0.999954494544074;0.9999786140174102;1.0000869786745712;0.9999720677945524;0.9999257629042856;0.9999999999999999;1.0;0.9999115385949896;0.9999169559538216;0.9999190586107578;1.0;1.0001236613257911;0.999995217846077;0.9999950642866764;0.99993923057721;0.9999184858524157;0.9999990543952938;1.0001999074370655;1.0;0.9999481347554682;1.0000234154275747;0.9996664222206333;0.9997646749426186;0.9999999999999999;0.9998338595991123;0.9999812092161957;0.9995762865794074;0.9995152695637938;0.999791057456669;1.0;0.999826746488069;1.0001885076903434;0.9999836584404996;0.9999974942456352;0.9999999999999999;0.9999651525406209;1.024999976158142;
2016-04-08 08:15:00;0.9999921580756795;0.9999084105535516;1.0;0.9999956677181281;0.9999913174438275;1.0;1.0;0.9999645530254575;0.9999765548887161;1.0000835609773895;0.9999718970298396;0.9999249485163313;1.0;1.0;0.9999294902221914;0.9999369144173947;0.9999386893128102;1.0;1.0001201118344256;0.9999947595553997;0.9999950757043065;0.9999340539162026;0.9999382113187651;0.9999994648113775;1.0001956629519717;1.0;0.9999444996153576;1.0000224980234649;0.9996710428488385;0.9997656009061363;1.0;0.9998383105366809;0.9999778166152331;0.9995682321823044;0.9995037841125669;0.9998096657385582;1.0;0.9998399071051927;1.000184378494811;0.9999806547544065;0.9999976036281185;0.9999999999999999;0.9999643052519249;1.024999976158142;
2016-04-08 08:30:00;0.9999947059321341;0.9999454381875881;0.9999999999999999;0.9999969553158212;0.9999949797910915;1.0;0.9999999999999999;0.9999748176537435;0.9999861515914028;1.0000921328709838;0.9999819300339802;0.9999144089037955;1.0;1.0;0.9999506111666822;0.9999545589086236;0.9999557380267284;1.0;1.0001299065956994;0.9999969066551809;0.9999957868906324;0.9999590087493457;0.9999553982911971;0.9999995629497249;1.0002082532767558;1.0;0.9999649743425432;1.000024810231556;0.9996099019233278;0.9996807876444961;1.0;0.9997783192785143;0.9999873702523511;0.9994001607382617;0.9992650006029224;0.9997448918983157;1.0;0.9998169308155682;1.0001970153882853;0.9999889995440888;0.9999977122490848;1.0;0.9999603717398892;1.024999976158142;
2016-04-08 08:45:00;0.9999901964236237;0.9998946431405724;1.0;0.9999949019948533;0.999990387512802;1.0;0.9999999999999999;0.9999625962401967;0.9999744857497657;1.000091151462743;0.9999682663202677;0.9999105081336835;1.0;1.0;0.9999243162447106;0.9999330774141227;0.9999349997386784;1.0;1.0001314370496774;0.9999942862463355;0.9999929699179346;0.9999247565303738;0.9999344588140574;0.9999995046795961;1.0002157952134003;1.0;0.9999364102820161;1.0000245337051035;0.9995882863406272;0.9996575318101532;1.0;0.9997671754201105;0.9999751709217594;0.9993693498107193;0.9992180006337844;0.9997322542571773;1.0;0.9998542618590367;1.0002032040084885;0.9999783204058768;0.999996343858658;1.0;0.9999574591776423;1.024999976158142;
2016-04-08 09:00:00;0.999984511359336;0.9997819008814383;0.9999999999999999;0.9999920165608678;0.999976093732975;1.0;1.0;0.9999216342180588;0.9999298235172552;1.000089081275178;0.9999298974723465;0.9999136960485537;1.0;1.0;0.9998635569393637;0.9998772988439371;0.9998802241143548;1.0;1.0001317744576048;0.9999842323555052;0.9999888823459383;0.999829207670603;0.9998794019056703;0.9999992956556629;1.0002229529426123;0.9999999999999999;0.999856635438709;1.0000238833304438;0.9996207453361611;0.9996926548398283;1.0;0.9997919649205147;0.9999425518418443;0.9993966630708288;0.9992678435628783;0.9997876224393051;1.0;0.9998282738886625;1.0002087663513035;0.9999501907093892;0.9999942135529111;1.0;0.9999577104229752;1.024999976158142;
2016-04-08 09:15:00;0.9999885696876675;0.9998406318196614;1.0;0.9999940129586917;0.999982866163805;1.0;1.0;0.9999425217496455;0.9999504290014823;1.0000894703878098;0.9999495004357243;0.999912118684279;1.0;1.0;0.9998972082409294;0.9999079126731317;0.9999102140695153;1.0;1.0001303637577819;0.9999888785715833;0.9999924118340264;0.9998774644382804;0.9999095841230047;0.9999994150613623;1.0002159321840998;1.0;0.9998972951399024;1.0000240431322227;0.9995986058381559;0.9996683040969266;1.0;0.9997853188437713;0.9999583765082877;0.9993573701122309;0.9992103243685618;0.9997940521735383;1.0;0.9998716223024802;1.0002029092347586;0.9999638701608409;0.9999961948149177;1.0;0.9999577229751254;1.024999976158142;
2016-04-08 09:30:00;0.9999824753472113;0.9998091452078424;1.0;0.9999911774359775;0.9999831182718666;1.0;0.9999999999999999;0.9999415716369905;0.9999573220356627;1.0000880726347636;0.999946499476036;0.9998998427925894;1.0;1.0;0.9998749571639355;0.999892885343277;0.9998963307948548;1.0;1.000132702356378;0.9999904238620967;0.9999893077597837;0.9998709048261676;0.9998954086751302;0.9999992891937771;1.0002263539409526;1.0;0.9998918707371296;1.0000236718571893;0.9995539215599062;0.999609814525626;1.0;0.9997544592867089;0.9999550044940715;0.9992606097371555;0.999067664458796;0.9997682595929616;1.0;0.9997963051119682;1.000211415194182;0.9999606051094546;0.9999948795823652;1.0;0.9999504493325101;1.024999976158142;
2016-04-08 09:45:00;0.9999824620362788;0.9998253133869869;1.0;0.999990711016539;0.9999852906809926;1.0;1.0;0.9999379740354479;0.9999634000865866;1.000092297794086;0.9999493294561306;0.9998964425953456;0.9999999999999999;1.0;0.9998663759197539;0.9998827140668448;0.9998863384376396;1.0;1.0001376094307364;0.9999917840292986;0.9999883041938292;0.9998815048677362;0.9998853446880769;0.9999990331329288;1.0002337290287588;1.0;0.9998998998759997;1.0000248098444784;0.9994795434917386;0.9995755133225487;1.0;0.9997421789558383;0.9999604201870487;0.9992497353920298;0.99907183260933;0.9997392307443351;1.0;0.9997902369844258;1.0002184808069805;0.9999653148521043;0.9999941266930049;1.0;0.9999492921835313;1.024999976158142;
2016-04-08 10:00:00;0.9999657864570382;0.9996627698624134;1.0;0.9999841196406514;0.9999730345769894;1.0;1.0;0.9999226964902728;0.9999382644371068;1.0000796430756491;0.9999144312638653;0.9998909029835559;1.0;0.9999999999999999;0.9998120314780589;0.999848424490485;0.9998542557833007;1.0;1.0001322985870797;0.9999860767737905;0.999978931732208;0.9997880089609831;0.9998526880692776;0.9999993831673097;1.00024569284508;1.0;0.9998229534204858;1.000021288128351;0.9994970789253033;0.9995757507831771;1.0;0.9997312712098982;0.9999239457218789;0.999195368265039;0.9990021991451665;0.9997431743693542;0.9999999999999999;0.9998002153185394;1.0002261647347759;0.9999330866875413;0.9999898557924762;0.9999999999999999;0.999941998529383;1.024999976158142;
2016-04-08 10:15:00;0.9999927776357036;0.9999189437847366;1.0;0.999995506315548;0.9999920374798582;1.0;1.0;0.9999578881284098;0.999977179225014;1.0000963463410442;0.9999718174523211;0.9999006147777485;0.9999999999999999;1.0;0.999920023637884;0.9999252468320994;0.9999270897523345;1.0;1.0001365148358707;0.9999948945762869;0.9999945318336264;0.9999369224678852;0.9999265718520366;0.9999992199198545;1.0002202649488543;0.9999999999999999;0.9999461917250394;1.000025938264355;0.9995291709653699;0.9995925689875168;1.0;0.9997292031376042;0.9999805264481977;0.9991624540142354;0.9989659957146586;0.9997592626257051;1.0;0.9997967561598968;1.0002079713058718;0.9999830848100522;0.9999970883755814;1.0;0.999953832460292;1.024999976158142;
2016-04-08 10:30:00;0.9999901862352494;0.9999206153602396;1.0;0.9999946977930118;0.9999932509535029;0.9999999999999999;0.9999999999999999;0.999960253575034;0.9999805661213038;1.000094975808521;0.9999711015012102;0.9999077772661564;1.0;1.0;0.999924311261529;0.9999286375479196;0.999930253100106;1.0;1.0001340897119924;0.9999956509547521;0.999988881795098;0.9999354860919555;0.9999296914164608;0.9999993909347767;1.0002202008338965;1.0;0.9999433176445299;1.0000255674415124;0.9995590997048631;0.999616079041322;1.0;0.9997052348757856;0.9999835488143165;0.9990755513223702;0.9988887675852737;0.9997461094098051;0.9999999999999999;0.9998216192734893;1.000207777136453;0.9999857145829955;0.9999932611855269;1.0;0.9999572839367629;1.024999976158142;
2016-04-08 10:45:00;0.9999566794525325;0.9997222236019766;1.0;0.999980243748195;0.9999826560605644;1.0;1.0;0.9999133169837602;0.9999593183005466;1.0000777028226766;0.9999136307978158;0.9999128945409202;1.0;1.0;0.9998072237732669;0.9998294610967076;0.9998341313202678;1.0;1.0001212372143564;0.9999908120844719;0.9999496693994896;0.9997987844037936;0.9998322719618751;0.999999416424139;1.0002416222629265;0.9999999999999999;0.999821026923154;1.0000207547543214;0.9995715811773637;0.9996091133464514;1.0;0.9997026241725026;0.9999517017934052;0.9990750248040629;0.9988655834037024;0.9997380387041299;0.9999999999999999;0.9998628739181463;1.0002226481380567;0.9999575538773237;0.9999693119501409;1.0;0.9999553189947816;1.024999976158142;
2016-04-08 11:00:00;0.9999788888174362;0.9998284348365961;0.9999999999999999;0.9999893213509853;0.999986965312021;0.9999999999999999;1.0;0.9999362857100299;0.9999675634927203;1.0000875124663278;0.9999471253025201;0.9999118816973809;1.0;1.0;0.9998638381361572;0.9998783051419308;0.9998817616813804;1.0;1.0001298668628023;0.9999927228369302;0.9999802196179293;0.9998782748970848;0.9998806618879249;0.9999991202605814;1.000226539947809;1.0;0.9998945799113556;1.0000235234016293;0.9995582568398891;0.9996216457892775;0.9999999999999999;0.9997015913815185;0.9999649180508632;0.9990736885742758;0.9988953355396955;0.9997359989835418;1.0;0.999865476458252;1.000211459728511;0.99996925900034;0.9999886298713693;1.0;0.9999567172110397;1.024999976158142;
2016-04-08 11:15:00;0.9999906473409672;0.9999301404095945;1.0;0.9999924298280286;0.999994741081427;0.9999999999999999;1.0;0.9999287103107218;0.9999853433898604;1.0000972552937157;0.9999691170953232;0.9999213924529906;1.0;1.0;0.9998567663391099;0.9998607137105578;0.999864116426674;1.0;1.0001370297276877;0.9999967211809689;0.9999923253613454;0.9999437107637414;0.9998631638692955;0.9999980430238975;1.0002217406523342;0.9999999999999999;0.9999499266425405;1.0000261782139113;0.9995536789280965;0.9996170766671016;0.9999999999999999;0.9996604334317422;0.9999868736463419;0.9989031882347214;0.9987231153000995;0.9997282167508268;1.0;0.9998692238061493;1.0002087815790324;0.9999885748897878;0.9999957842474338;1.0;0.9999635281750969;1.024999976158142;
2016-04-08 11:30:00;0.9999731600826771;0.9997770062046448;1.0;0.9999814166758465;0.9999835880717713;1.0;1.0;0.9998503215344593;0.99996052733236;1.0000897054885491;0.9999226093201592;0.9999140686803044;1.0;1.0;0.9996815175969924;0.999701372892042;0.9997096406121389;0.9999999999999999;1.0001363421983767;0.9999911246317066;0.9999825030716275;0.9998454099804318;0.9997074146527549;0.9999961500564778;1.000238361849514;1.0;0.9998662548922786;1.0000240258818875;0.9995792605326655;0.9996223696415674;1.0;0.9996846188840444;0.9999549432787673;0.9989928511525478;0.9987974891845528;0.9997398789810841;0.9999999999999999;0.9998461270528474;1.0002202881018554;0.9999604503050274;0.999991312249372;1.0;0.9999564179937915;1.024999976158142;
2016-04-08 11:45:00;0.9999759104973756;0.9998018065475778;1.0;0.9999825057880264;0.9999852758576245;1.0;1.0;0.9998521093540639;0.9999635709446185;1.0000923875874155;0.9999276770920597;0.9999148149754802;0.9999999999999999;1.0;0.9996896432811315;0.9997062612763171;0.9997141733296354;1.0;1.0001380714496617;0.9999918162084174;0.9999841182509691;0.9998590105719267;0.9997120416283072;0.9999960932728703;1.0002376727377758;1.0;0.9998774718954875;1.0000247713919574;0.9995519923154993;0.9996011080619924;1.0;0.9996845323754989;0.9999602228279215;0.9989925215723577;0.9987889527121662;0.9997398518630011;1.0;0.9998598236638132;1.0002202416311234;0.9999651330542617;0.9999920690665192;1.0;0.9999575285981646;1.024999976158142;
2016-04-08 12:00:00;0.9999892581970103;0.9999095469064468;0.9999999999999999;0.9999906752319523;0.9999927785805377;1.0;1.0;0.9999080968773837;0.9999802384992518;1.0000956926452913;0.9999612966525532;0.9999233254470732;1.0;1.0;0.9998142531072957;0.9998201311394631;0.9998246532506176;1.0;1.0001360327878899;0.9999955780021164;0.9999932726231524;0.9999297639569393;0.9998234494778875;0.9999974103566038;1.0002206132167524;1.0;0.9999383818820274;1.0000257497234095;0.9995730540526738;0.9996209424387499;1.0;0.9996967829806371;0.9999817199891664;0.9990602717771667;0.998867740766867;0.9997305481264491;0.9999999999999999;0.9998623330788994;1.0002071096097083;0.9999840700642857;0.9999967308899986;0.9999999999999999;0.9999639407062875;1.024999976158142;
2016-04-08 12:15:00;0.999993154374931;0.9999302502497418;1.0;0.9999956217865756;0.9999939052858796;0.9999999999999999;1.0;0.9999630461200634;0.9999839790049934;1.0000958086471217;0.9999769906868679;0.9999326242729564;1.0;1.0;0.9999244042837905;0.9999301269264593;0.9999320426782929;1.0;1.0001360565384303;0.9999964183150338;0.9999957000774562;0.9999499645237765;0.9999315290494477;0.9999992064406714;1.0002189652060658;0.9999999999999999;0.9999573955306771;1.0000257973254851;0.9995416028834126;0.9995820768690632;1.0;0.9996515439784477;0.9999841660761558;0.9988778585745308;0.9986561958893719;0.9997189576222549;0.9999999999999999;0.9998080212099679;1.0002067185033858;0.999986167466299;0.9999979068767489;1.0;0.9999681808653992;1.024999976158142;
2016-04-08 12:30:00;0.9999824898376969;0.9998742183943791;1.0;0.9999839826472983;0.99999127151048;0.9999999999999999;1.0;0.9998439427568908;0.9999766809550735;1.0001073590388994;0.9999408972477773;0.9999312165682493;1.0;0.9999999999999999;0.9996814941875221;0.9996892765192464;0.9996970443785482;0.9999999999999999;1.0001534712869558;0.9999947697332526;0.9999883277075348;0.999901010596893;0.9996949611070729;0.9999953478669926;1.0002527301798647;1.0;0.9999115588089218;1.0000288329922136;0.9994798098183916;0.9995330740581228;1.0;0.9995350544962847;0.9999775356331444;0.998462771571882;0.9982291723196484;0.9996523371485865;1.0;0.9997761920895448;1.0002358597973937;0.9999803942503401;0.9999941380944798;0.9999999999999999;0.9999670522963582;1.024999976158142;
2016-04-08 12:45:00;0.9999636823558143;0.9996576122369873;0.9999999999999999;0.9999756157695254;0.9999710770159791;1.0;1.0;0.9997959574963575;0.9999246588124325;1.0000910752770622;0.9998832411293689;0.9999272047361126;1.0;1.0;0.9995797540776697;0.9996078797578172;0.9996185350679583;0.9999999999999999;1.0001438215126652;0.9999829867948727;0.999976914157126;0.9997543888689635;0.9996156828175238;0.9999952677384467;1.0002608479847888;1.0;0.9997897570459833;1.0000241478821217;0.9995509624355592;0.9995806403953644;0.9999999999999999;0.9996418367770858;0.9999242886846037;0.9988103638423933;0.9985782966192278;0.9997355428210751;0.9999999999999999;0.9997737882790371;1.0002392878651167;0.9999338217155871;0.9999886828662305;0.9999999999999999;0.999960379041752;1.024999976158142;
2016-04-08 13:00:00;0.9999684326669844;0.9996307908526011;1.0;0.9999842421040929;0.9999642405003253;1.0;1.0;0.9998835577652009;0.9999030899318578;1.000085749699963;0.9998911835937544;0.9999283927168113;1.0;1.0;0.9997711059910753;0.9998013522316954;0.9998071242204222;1.0;1.0001375157790835;0.9999781138552097;0.9999789996752549;0.9997348613892625;0.9998055415941871;0.9999988899230371;1.000250783946144;1.0;0.9997777169649188;1.0000227797448062;0.9995785590559094;0.9996146272089045;1.0;0.9996353728576102;0.9999088342996749;0.9987945443648085;0.9985889989108868;0.9997264773772407;0.9999999999999999;0.9998361597872893;1.000231573773651;0.9999205061420833;0.9999894558380632;1.0;0.9999604107938206;1.024999976158142;
2016-04-08 13:15:00;0.999977679109649;0.9997695656598448;1.0;0.999988991378752;0.9999804275009101;1.0;0.9999999999999999;0.999933479966185;0.9999520228463017;1.000082897070191;0.999936928264603;0.9999403007863592;1.0;1.0;0.9998526160635918;0.9998752204515747;0.9998794036197222;1.0;1.0001284044446495;0.9999892141655553;0.9999859094636468;0.9998473559263243;0.9998782719831574;0.999999250455382;1.0002253005839705;1.0;0.9998719992790885;1.0000222441081001;0.9995753387372796;0.9996133229875089;1.0;0.9996509609117294;0.9999468587678657;0.9988439181546529;0.9986364147989091;0.9997389966167516;0.9999999999999999;0.9999091612599317;1.000209388225659;0.999953395902016;0.9999931217092906;1.0;0.999967618620078;1.024999976158142;
2016-04-08 13:30:00;0.9999780482852797;0.999747165330545;1.0;0.9999894529046779;0.9999766475604565;0.9999999999999999;0.9999999999999999;0.9999303077374049;0.9999395759154989;1.0000831827337018;0.9999298430777747;0.999938999037873;1.0;1.0;0.9998542560749243;0.9998774267401003;0.9998814121811324;1.0;1.000129198718366;0.9999864123231654;0.9999867673162869;0.9998269044792802;0.999880349496208;0.9999994243287141;1.0002264133690812;1.0;0.999855569074516;1.0000222974583948;0.9995772682849542;0.9996045731980928;1.0;0.9996443734794197;0.9999386349347594;0.9988140171620178;0.9985908748728054;0.9997392604355438;1.0;0.9999496824790085;1.0002104882249323;0.9999463410416236;0.9999937053451479;0.9999999999999999;0.9999668950264622;1.024999976158142;
2016-04-08 13:45:00;0.9999779130797909;0.999722398782807;1.0;0.9999890039518317;0.99997211226788;1.0;1.0;0.9999120723375249;0.99992293147345;1.0000860797301179;0.9999172936029739;0.9999381351253537;1.0;1.0;0.9998322288471401;0.9998540408641298;0.9998581577193126;1.0;1.0001325280486295;0.9999826598052332;0.9999857939609886;0.9997974391039239;0.9998570399723804;0.9999992236685038;1.0002317239291851;1.0;0.9998305279024059;1.0000230311432061;0.9995450042349677;0.99959846636158;1.0;0.9996601965338375;0.9999298638196225;0.998878474320167;0.9986738659050971;0.9997429367978393;1.0;0.9999537995844275;1.0002155443782574;0.9999389215394805;0.9999929922133358;1.0;0.9999668289169735;1.024999976158142;
2016-04-08 14:00:00;0.9999859892097094;0.9998191509339873;1.0;0.9999928102731765;0.9999811945371835;1.0;1.0;0.9999358167913797;0.9999461451878008;1.0000845265864333;0.9999429628511508;0.9999469889295804;1.0;1.0;0.999883180597519;0.9998955700571039;0.9998982137042075;1.0;1.0001245261785223;0.9999879219532797;0.999989773913296;0.9998619159846831;0.9998974650009219;0.9999993789107999;1.0002098412156177;0.9999999999999999;0.9998838207363826;1.0000227087112494;0.999580024862297;0.9996222862374885;1.0;0.9997042511812838;0.99995395292332;0.9990303158228776;0.9988276689493636;0.9997714804928637;1.0;0.99998571578853;1.0001966466933958;0.9999600034586967;0.9999946412732628;1.0;0.9999730812005795;1.024999976158142;
2016-04-08 14:15:00;0.9999920739250212;0.9999049932652155;1.0;0.9999958751654608;0.9999905725229964;1.0;1.0;0.9999654505307369;0.9999735927761461;1.0000847203583443;0.9999702649846146;0.9999715295750289;1.0;1.0;0.9999346846174051;0.999941600243837;0.9999431382784257;1.0;1.0001214297560168;0.9999940908426823;0.9999941571286037;0.9999288261992743;0.9999427012837111;0.999999614459407;1.0001981407777982;1.0;0.9999399445170217;1.0000228047619446;0.9995574366324174;0.9996066037411703;1.0;0.9997066956914132;0.9999765451394611;0.9990544414453804;0.9988467717455204;0.9997621374735607;1.0;0.9999873037170536;1.000186827933306;0.999979593839818;0.9999969243909009;1.0;0.9999854804013022;1.024999976158142;
2016-04-08 14:30:00;0.9999873352633506;0.9998833453000039;1.0;0.9999887876333964;0.9999893798980158;0.9999999999999999;1.0;0.9998817155272417;0.9999683613420042;1.0000880338601046;0.9999479129028521;0.9999836017487306;1.0;1.0;0.9997698222905489;0.9997753753858674;0.9997807127801258;1.0;1.0001253189503407;0.9999929136609294;0.9999910349150858;0.9999024806294575;0.9997792670719773;0.9999968510703204;1.0002054606463133;1.0;0.9999145636380885;1.0000236567408192;0.9995568573057869;0.9996117346444406;1.0;0.9997190994307501;0.9999747738650173;0.9990949676721023;0.9988946286361149;0.9997716503899283;1.0;0.9999876845582996;1.000192256186305;0.9999781545304296;0.9999953657445582;1.0;0.9999912619372645;1.024999976158142;
2016-04-08 14:45:00;0.9999875347564651;0.9998968959278123;1.0;0.9999883661615988;0.9999917457060904;1.0;1.0;0.9998810562330629;0.9999768256760934;1.0000880832652659;0.9999528687786273;0.9999835258519205;0.9999999999999999;1.0;0.9997610906318812;0.999767108186678;0.999772871634154;1.0;1.0001256335276987;0.9999948121361837;0.9999924244734614;0.9999176204533923;0.999771345064991;0.9999965686468613;1.0002050867857024;1.0;0.9999273376908883;1.0000236806859328;0.9995904685666676;0.9996211090111001;1.0;0.999683070936266;0.9999794767584532;0.9989362192947955;0.9987218512209225;0.9997714278464439;0.9999999999999999;0.9999837150401052;1.0001917714867739;0.9999821471084739;0.9999963806631844;1.0;0.999991116684357;1.024999976158142;
2016-04-08 15:00:00;0.9999911153250517;0.9998925116445463;1.0;0.9999941810219098;0.9999891055571007;1.0;1.0;0.9999422435690177;0.999968568586514;1.0000830263304183;0.9999624609227106;0.9999824808657968;1.0;1.0;0.999890862809318;0.999897778132675;0.9999003055196862;1.0;1.0001191107104341;0.9999929653775258;0.9999941180038535;0.9999163442811029;0.999899621211262;0.9999989144119992;1.0001944815985528;0.9999999999999999;0.9999289783181535;1.0000223389927074;0.9995854833872467;0.9996356427680637;1.0;0.9997389610091939;0.9999734681628245;0.9991667957690908;0.9989769722640284;0.9997824333293444;0.9999999999999999;0.9999833339035067;1.000182951392166;0.9999769661832081;0.9999970561225057;0.9999999999999999;0.9999904301534341;1.024999976158142;
2016-04-08 15:15:00;0.999992207131368;0.9999296539276445;1.0;0.9999955115212551;0.9999941328127259;1.0;0.9999999999999999;0.9999660035450211;0.9999844847350003;1.000080853719648;0.9999766704792753;0.9999807626068211;1.0;1.0;0.9999307728228771;0.9999361837815101;0.9999378824668175;1.0;1.0001151673778965;0.9999965320135423;0.9999934192267153;0.999948283520563;0.9999373827200989;0.9999993812741935;1.0001879170315364;1.0;0.9999554126978176;1.0000217696794746;0.9995787976445223;0.9996288651553729;1.0;0.9997593760418637;0.9999848072337925;0.9992256598561852;0.9990306114571299;0.9998037111853211;1.0;0.9999884785248685;1.0001771676047035;0.999986732201746;0.9999963460742386;0.9999999999999999;0.9999900128621707;1.024999976158142;
2016-04-08 15:30:00;0.9999907697087358;0.9998632086161972;1.0;0.9999944721527214;0.9999844122304838;1.0;1.0;0.999937025327969;0.9999526782344762;1.0000857172339828;0.9999521457608098;0.9999796494931109;1.0;1.0;0.9998919021289052;0.9998989474848874;0.9999011607129568;1.0;1.0001229660838793;0.9999893953116622;0.9999931681169609;0.9998875506609569;0.9999005412728729;0.9999991635909891;1.0002014318485473;1.0;0.9999050917458744;1.0000230434570543;0.999585675133268;0.9996302524829527;1.0;0.9997304138043742;0.9999635741912152;0.9991647005543951;0.9989676876043195;0.9997583423530267;1.0;0.9999860969268065;1.0001896034233688;0.9999685070099119;0.9999963965436056;1.0;0.9999891193830223;1.024999976158142;
2016-04-08 15:45:00;0.9999929137444189;0.9998812614425507;1.0;0.9999960042229336;0.9999858650474024;1.0;1.0;0.9999505710667181;0.9999566063802507;1.0000868019524962;0.9999590632720333;0.9999825638182674;1.0;1.0;0.9999192547092924;0.9999250757622601;0.9999266279367052;0.9999999999999999;1.000123713098056;0.9999902792653842;0.9999948563975988;0.9999013375695902;0.9999261935618586;0.9999994956378607;1.0002005745948828;1.0;0.9999171286886018;1.0000233461315187;0.9995180196000046;0.9995994762718695;0.9999999999999999;0.9997435946977137;0.9999672795496806;0.9992063705584405;0.9990208958776552;0.9997695111065354;1.0;0.999986509752209;1.000189281811505;0.9999717371579058;0.9999973092850754;1.0;0.9999907290222747;1.024999976158142;
2016-04-08 16:00:00;0.9999940124096458;0.9998787247693629;1.0;0.999996658486913;0.9999846006111525;0.9999999999999999;1.0;0.9999507200917163;0.9999516630324875;1.0000846755490596;0.9999575744032327;0.9999806495538126;0.9999999999999999;0.9999999999999999;0.9999248226481815;0.9999299060965454;0.9999311990285222;1.0;1.0001203550853273;0.999989165504309;0.9999958075674835;0.9998961953097034;0.9999308412927365;0.9999995984919606;1.0001942309153178;1.0;0.9999131464269313;1.0000227646028192;0.9996023131301459;0.9996520452982143;1.0;0.9997638923636893;0.9999650378875438;0.9992371186117971;0.9990565372851404;0.9998094663529999;0.9999999999999999;0.9999853029627556;1.0001834737377804;0.9999698604931985;0.999997841392593;1.0;0.9999900399754467;1.024999976158142;
2016-04-08 16:15:00;0.9999929190535993;0.9998692871372481;1.0;0.9999961516827648;0.9999839145784565;1.0;1.0;0.999948527770108;0.9999501836622949;1.0000841517865087;0.9999551596227497;0.9999835287008935;1.0;1.0;0.999919310882347;0.999925421829162;0.99992688487223;1.0;1.0001202590449318;0.9999888288957441;0.9999950051868998;0.9998902978485463;0.9999264782270837;0.9999995812665516;1.0001953572904558;1.0;0.9999081603735553;1.000022616331245;0.9995987055841629;0.9996504783915586;1.0;0.9997694137628036;0.9999630503387776;0.9992691309167998;0.9990892788982616;0.9998042695935077;1.0;0.999979745253872;1.0001843146169036;0.9999681074474004;0.9999974203056873;1.0;0.9999910959002558;1.024999976158142;
2016-04-08 16:30:00;0.9999859984526386;0.9998639460522017;1.0;0.9999927194308347;0.9999869416491509;0.9999999999999999;1.0;0.9999412978440319;0.9999616222713285;1.0000823364537754;0.9999524970541007;0.9999794255639065;0.9999999999999999;0.9999999999999999;0.9998933093136666;0.9999007337377134;0.9999029336717298;1.0;1.0001185362293652;0.999991389978845;0.9999850711528302;0.9998895104243621;0.9999021844174355;0.9999993318922692;1.0002009196880641;1.0;0.9999044888062575;1.0000221236045896;0.9995487072224111;0.9996114750740126;1.0;0.9997573439767643;0.9999686746366417;0.9992134533851127;0.9990182707393183;0.9998059114319086;1.0;0.9999825399435115;1.0001886133100966;0.9999728423817789;0.9999910901541269;1.0;0.9999889276474843;1.024999976158142;
2016-04-08 16:45:00;0.9999901129779755;0.9998465274999369;1.0;0.9999940935526298;0.9999821362708389;1.0;1.0;0.9999301974809145;0.9999453797978411;1.0000821610289774;0.9999461904326025;0.9999834509563409;0.9999999999999999;1.0;0.9998822003068778;0.9998898215939667;0.9998921808111325;0.9999999999999999;1.000118435910255;0.9999877498864906;0.9999927676345923;0.9998728172869312;0.9998915229913542;0.9999991174308696;1.0001951246342178;1.0;0.999892822742913;1.0000220665215174;0.9996211774794871;0.9996618550005006;0.9999999999999999;0.9997664084489917;0.9999585027526239;0.9992382404302932;0.9990556965890353;0.9998161835752468;1.0;0.9999884785248686;1.00018344269017;0.9999641434229523;0.9999962041364877;0.9999999999999999;0.9999907000021865;1.024999976158142;
2016-04-08 17:00:00;0.9999934754516158;0.9999254513526386;1.0;0.9999961017485929;0.9999926085947455;0.9999999999999999;1.0;0.9999639916321617;0.9999788150346515;1.0000816956716168;0.9999745620051108;0.9999855867612913;1.0;1.0;0.9999320786956123;0.9999369298806049;0.9999384866780184;1.0;1.000116009649948;0.9999952613667514;0.9999949891652676;0.9999421281919186;0.9999380455035084;0.9999994079144391;1.0001877247489845;1.0;0.9999507303263976;1.0000219931395298;0.9995704399111782;0.999620015605949;1.0;0.9997614594264936;0.9999819244829528;0.9992207436310272;0.9990189541626576;0.9998132147074932;1.0;0.999989685320429;1.0001771873131085;0.9999842986710022;0.9999973168891507;1.0;0.9999923269638659;1.024999976158142;
2016-04-08 17:15:00;0.9999933449667944;0.9998957430275731;1.0;0.999996266564261;0.999987898075908;1.0;1.0;0.9999565327130293;0.999963202815472;1.0000830485232;0.9999643181335889;0.9999847352052729;1.0;0.9999999999999999;0.9999273607017156;0.999932778146269;0.9999342211054848;1.0;1.0001182582972399;0.9999917586904502;0.9999950858951809;0.9999143702816963;0.9999338147993296;0.9999995354542455;1.0001916101732846;1.0;0.9999279676053636;1.0000223424904493;0.9995519373640287;0.9996225582489738;1.0;0.9997695260263245;0.9999717597865597;0.9992440455286193;0.9990620405496552;0.9998216402361542;1.0;0.9999777765129977;1.0001808586546042;0.9999755850769755;0.9999974108112292;1.0;0.9999918068435049;1.024999976158142;
2016-04-08 17:30:00;0.9999914711892328;0.9998937256995973;0.9999999999999999;0.9999948150737226;0.9999892348169925;0.9999999999999999;1.0;0.9999504388200495;0.9999693700602329;1.0000828918005091;0.9999646824543459;0.9999829155791359;1.0;1.0;0.9999062095802568;0.9999135350870584;0.9999157374076775;1.0;1.0001191547814245;0.9999931451686458;0.9999945238619427;0.9999190055749676;0.9999151434986353;0.9999991778111399;1.000194517645854;1.0;0.9999315943930883;1.0000223074148222;0.9995117583225605;0.9995697689273833;0.9999999999999999;0.9997309315181905;0.9999735190982633;0.9990945001744744;0.9988683757253862;0.9998074052534021;1.0;0.9999857157885298;1.0001830953569388;0.9999769876190419;0.9999973023490535;1.0;0.999990528705018;1.024999976158142;
2016-04-08 17:45:00;0.9999927598358545;0.9999191975068015;1.0;0.9999953792921679;0.999991966600579;1.0;1.0;0.9999554154468278;0.9999765847673754;1.00008446632819;0.9999710084319469;0.9999853647358946;0.9999999999999999;1.0;0.9999162975063882;0.999921094263134;0.9999229806629841;1.0;1.0001198203143693;0.9999947621004796;0.9999942351166332;0.9999357329982138;0.9999224442428056;0.9999991811980614;1.000194176814704;0.9999999999999999;0.9999449968049128;1.0000227366641985;0.9995473596428353;0.9995857094615272;1.0;0.9997102482885822;0.9999806044956149;0.9990122559867355;0.9987800527365177;0.999801207324165;1.0;0.9999900664615025;1.0001831596205175;0.9999831746814094;0.9999968674878588;1.0;0.9999922395932727;1.024999976158142;
2016-04-08 18:00:00;0.9999908681792811;0.9999081791858739;0.9999999999999999;0.999994693777129;0.9999907599008334;1.0;1.0;0.999950533582912;0.9999717503778819;1.000082208333431;0.9999652157510065;0.999990816260516;1.0;1.0;0.9999118251626022;0.9999157629907819;0.9999175256232345;1.0;1.0001162153842684;0.9999936743028177;0.9999900532179362;0.9999217518009966;0.9999169451485318;0.9999992564551687;1.0001912295540374;1.0;0.9999321015380451;1.0000221169919379;0.9996288235943648;0.9996547226516853;1.0;0.9997200709696151;0.9999785431575268;0.9990388907123344;0.9988397765497611;0.9998125291435608;0.9999999999999999;0.9999904792909119;1.0001802517544054;0.9999814592681754;0.9999940300058956;1.0;0.9999949086862155;1.024999976158142;
2016-04-08 18:15:00;0.9999919061689948;0.9999093823328018;1.0;0.9999956053162634;0.9999905951916884;0.9999999999999999;0.9999999999999999;0.9999590079642359;0.9999716373191669;1.000081877709122;0.9999677780225004;0.9999930003987442;0.9999999999999999;1.0;0.9999280290640936;0.9999325299935162;0.999933969473511;1.0;1.000116066485047;0.9999936557331729;0.9999917725659642;0.9999249067878923;0.9999335016692287;0.9999995086790455;1.0001900503971533;1.0;0.9999355290604297;1.0000220373279198;0.9996905223373918;0.9996976910127475;1.0;0.999677957468043;0.9999778838782696;0.9988840151585384;0.9986978515455179;0.9997913648717326;0.9999999999999999;0.9999900664615023;1.0001792979829927;0.9999808675978878;0.9999951534929727;1.0;0.9999957614082193;1.024999976158142;
2016-04-08 18:30:00;0.9999948194525822;0.9999464676832339;1.0;0.9999964831804637;0.9999951476189801;1.0;1.0;0.9999678937608806;0.9999867050270035;1.0000822314059743;0.9999812216180305;0.9999933055891255;1.0;1.0;0.9999360295885051;0.9999399517625439;0.9999415138212769;0.9999999999999999;1.000116184290705;0.9999970308980031;0.9999965952758042;0.9999599673428347;0.9999410917812175;0.9999992970251813;1.0001861716821554;1.0;0.9999657558326291;1.000022143324605;0.9996656897243494;0.9996722231707547;1.0;0.9996787254914308;0.99998773277554;0.9988846011929777;0.998681307608848;0.9997932722304502;1.0;0.9999908604325449;1.000175904679957;0.9999893109348016;0.9999983024600868;1.0;0.9999960375699173;1.024999976158142;
2016-04-08 18:45:00;0.9999954446430142;0.9999396864361472;1.0;0.9999970202774745;0.9999932963003488;0.9999999999999999;0.9999999999999999;0.9999664937900287;0.9999794105503392;1.0000814356349692;0.9999774813621142;0.9999937655907324;0.9999999999999999;1.0;0.9999411497681043;0.999943894791178;0.9999451065116735;1.0;1.000114392665407;0.9999953974944448;0.9999961979636598;0.9999491402179604;0.9999447582054007;0.9999994460608328;1.0001829783124498;1.0;0.9999566274048475;1.0000219257521479;0.9997103449896957;0.9997093367032789;1.0;0.999706385139366;0.9999844949340093;0.99898508663789;0.9987983504112613;0.9998079904036254;1.0;0.9999912732606053;1.0001731070663211;0.9999866074122435;0.9999978978422973;1.0;0.9999965266023201;1.024999976158142;
2016-04-08 19:00:00;0.9999962625729407;0.999964676469009;0.9999999999999999;0.9999977032880417;0.9999969003976723;1.0;1.0;0.9999807253279118;0.9999914678278188;1.0000816240380144;0.9999876612053777;0.9999940847218539;1.0;1.0;0.9999618374885023;0.999964286662598;0.9999651936227538;1.0;1.000114465207779;0.9999980968644312;0.9999968752201963;0.9999731195139177;0.9999649302674022;0.9999996248661474;1.0001824238200303;1.0;0.9999768090957585;1.0000219812694022;0.9997161965357594;0.9997050543445335;1.0;0.9996717676891986;0.9999921945278126;0.9988637306863233;0.9986666853974637;0.9997865896036754;1.0;0.999990479290912;1.0001727707056502;0.9999932010787428;0.9999982702894767;1.0;0.9999967415069101;1.024999976158142;
2016-04-08 19:15:00;0.9999949756357301;0.9999541071171852;1.0;0.9999969064365286;0.9999954231294734;1.0;1.0;0.9999701685511984;0.999985479771254;1.000084222780909;0.9999809658615849;0.9999947494406276;1.0;1.0;0.9999471284851678;0.999948454871786;0.9999494741127282;1.0;1.0001174030757;0.9999967560583115;0.9999939071672749;0.999958645719021;0.9999491261362582;0.9999994933305218;1.0001885067930376;1.0;0.9999636464234589;1.000022678803439;0.999707523897125;0.9996954838229659;0.9999999999999999;0.9996397357587335;0.999989711785093;0.99873497230496;0.9985319955707611;0.9997779714893432;0.9999999999999999;0.9999908604325449;1.0001784717124462;0.9999911395086352;0.9999962491743231;1.0;0.9999973100696737;1.024999976158142;
2016-04-08 19:30:00;0.9999846865809847;0.9999052675226014;1.0;0.9999923958426749;0.9999937383948094;1.0;0.9999999999999999;0.9999559053719546;0.9999830473583992;1.000080807748113;0.9999654624542589;0.999992750030191;1.0;1.0;0.9999116247873194;0.9999169339472161;0.9999188070664654;1.0;1.0001150731994644;0.9999962039786547;0.9999804106022845;0.9999235346885201;0.9999180456646557;0.9999994537314593;1.0001975120244393;1.0;0.9999310479668511;1.000021746136222;0.9996977486696137;0.9996552387398265;1.0;0.9996128863707917;0.9999840351301023;0.9986316320817916;0.998376902529592;0.9997676204842675;1.0;0.9999900664615023;1.0001855003837161;0.999986078060914;0.9999878005182095;1.0;0.9999954552093285;1.024999976158142;
2016-04-08 19:45:00;0.9999755861767202;0.9998612218240835;0.9999999999999999;0.9999888179144172;0.9999914518530858;0.9999999999999999;1.0;0.9999451259619166;0.9999767657129881;1.000075505502838;0.9999497053966686;0.9999923538681457;0.9999999999999999;0.9999999999999999;0.9998907040317349;0.999897842301893;0.9998999722922338;1.0;1.0001089153725797;0.999994779678508;0.9999663777747823;0.9998857726759566;0.9998989248721157;0.9999996526812186;1.0001998057869883;0.9999999999999999;0.9998960037746558;1.0000202815594936;0.9996970951924111;0.9996835213792696;0.9999999999999999;0.9996729354193908;0.9999782639850043;0.9988496301174002;0.9986361486275653;0.9997996461008309;1.0;0.9999912732606054;1.0001865592314712;0.9999810499053703;0.999978742067347;0.9999999999999999;0.9999948392935154;1.024999976158142;
2016-04-08 20:00:00;0.9999830587936603;0.9999003301783449;1.0;0.9999921906705431;0.9999939559876555;1.0;1.0;0.9999624839776295;0.999984538078417;1.0000789866167414;0.9999655697048868;0.9999921347678457;1.0;1.0;0.9999222003124988;0.9999283972134951;0.9999300514373357;1.0;1.000113086582153;0.9999965332115015;0.9999779056745618;0.9999216300192955;0.9999293084759531;0.9999997274618683;1.000196910384221;1.0;0.9999290888642095;1.0000212526143912;0.9997123980769889;0.9996858852554986;0.9999999999999999;0.9996307644980587;0.9999840196216108;0.9987198564741228;0.9984984820609685;0.9997613080882397;1.0;0.9999908604325449;1.0001847714521177;0.999986016389881;0.9999861833710982;1.0;0.999994965131947;1.024999976158142;
2016-04-08 20:15:00;0.9999868116829744;0.9999040857096603;1.0;0.9999935964959725;0.9999922881180306;1.0;1.0;0.9999588588946506;0.9999776909138771;1.000081135723248;0.9999653526828056;0.9999930559799343;1.0;1.0;0.9999227365158724;0.9999275463107339;0.9999290709523694;1.0;1.000115243307516;0.9999950009422668;0.9999832046230751;0.9999206175204345;0.9999284405788964;0.9999996132407281;1.0001954317169093;1.0;0.9999295431379522;1.0000218296496428;0.9997552443503376;0.9997051551181033;1.0;0.9996147673234268;0.999981277196435;0.998641756789706;0.9984125411967962;0.9997663600377833;1.0;0.9999916544037754;1.0001838646305725;0.9999837475443025;0.9999895479872505;1.0;0.9999957127622571;1.024999976158142;
2016-04-08 20:30:00;0.999985399136644;0.999901160686885;1.0;0.9999928520208538;0.9999928551712394;1.0;0.9999999999999999;0.9999575552915275;0.9999804173402481;1.0000787245354636;0.999965060380964;0.9999927435207215;1.0;0.9999999999999999;0.9999160131716085;0.9999217737909956;0.9999235560920348;1.0;1.000112454240679;0.9999956163491596;0.9999818747113124;0.9999210196888658;0.9999228448849805;0.9999995355127869;1.000192613331732;1.0;0.9999295429785893;1.0000211860029808;0.9997224847098701;0.9996864552659689;1.0;0.999640635874719;0.9999819405053122;0.9987346576100055;0.9985045833619023;0.9997808448227987;1.0;0.9999908604325449;1.0001809087651303;0.9999842649960763;0.9999887860574442;1.0;0.9999953444566534;1.024999976158142;
2016-04-08 20:45:00;0.9999857756077912;0.9998894549835514;1.0;0.9999928606810579;0.9999912740252552;0.9999999999999999;1.0;0.9999544842035287;0.9999763717119234;1.0000784726868739;0.9999627801135872;0.9999919345130196;1.0;0.9999999999999999;0.9999093206813776;0.9999167038799841;0.9999187496428046;1.0;1.000113090981194;0.9999947057735475;0.999984300675145;0.9999148753369272;0.9999180238367189;0.9999994544053771;1.000192853020598;1.0;0.999925349077112;1.0000211098246585;0.9997402115203435;0.9997030094216689;1.0;0.9996580319203989;0.9999777615995317;0.9988085320719431;0.9985876776942981;0.9997828403687898;1.0;0.9999912732606051;1.0001809829071073;0.9999806078524833;0.9999905468756336;1.0;0.9999945912923632;1.024999976158142;
2016-04-08 21:00:00;0.9999860141647987;0.9998613238218085;1.0;0.9999934874739262;0.9999867116586747;1.0;1.0;0.999953025053399;0.9999616082277497;1.0000781408131136;0.9999545271871089;0.9999911567001114;1.0;1.0;0.9999154041775132;0.9999237643583915;0.9999254904246346;1.0;1.0001132816220915;0.9999913836607962;0.9999850754399051;0.9998900639736997;0.9999248655253953;0.99999975220675;1.0001933797072573;1.0;0.999905453366873;1.0000209939084235;0.9997671097507526;0.9997238896746147;0.9999999999999999;0.9996899896947127;0.9999676933918034;0.9989305442854933;0.9987170149677622;0.9997958319274288;0.9999999999999999;0.9999916544037752;1.0001815197198658;0.9999719536089852;0.9999910887505832;0.9999999999999999;0.9999940064297308;1.024999976158142;
2016-04-08 21:15:00;0.999982717869603;0.9998329787561328;1.0;0.9999919005402228;0.9999842253789463;1.0;1.0;0.9999423239825582;0.9999545241465859;1.0000748167973557;0.9999449690689197;0.9999905868328076;1.0;1.0;0.9998953264079936;0.9999053656123534;0.9999075112689236;1.0;1.0001097100744358;0.9999897935409691;0.9999813302882223;0.9998675752505435;0.9999067304204459;0.9999996633997568;1.0001916958387618;1.0;0.9998858721707539;1.000020085726249;0.9998337803435033;0.9997731602157078;1.0;0.9996951975715969;0.9999615718990886;0.9989530638037658;0.9987564044568306;0.9997961635503212;0.9999999999999999;0.9999904792909118;1.0001793503667211;0.9999666361741704;0.9999888212410922;1.0;0.9999933478356189;1.024999976158142;
2016-04-08 21:30:00;0.9999759172493935;0.9998326062071035;1.0;0.9999888382136904;0.9999869795051306;1.0;1.0;0.9999349923033991;0.9999625533772926;1.0000732752609935;0.9999404290145391;0.999991011929741;1.0;1.0;0.9998777439154786;0.9998862022133884;0.9998885422565339;1.0;1.000106645869749;0.9999915979212185;0.9999684020162017;0.9998617082846513;0.9998874852606086;0.9999995896990441;1.0001956481506846;0.9999999999999999;0.9998768139693465;1.0000196678513518;0.9998480239473824;0.9997690161525303;1.0;0.9996705417903301;0.9999681712157001;0.9988528107831203;0.998638143211477;0.9997903004590987;1.0;0.9999920672329303;1.0001824778890165;0.9999723602064617;0.9999802092853205;0.9999999999999999;0.999993917488489;1.024999976158142;
2016-04-08 21:45:00;0.9999717093562958;0.999815842566469;1.0;0.9999870377126475;0.9999867156035167;1.0;0.9999999999999999;0.9999308339899919;0.9999628729139247;1.0000693322778165;0.9999351404636817;0.9999907704990715;0.9999999999999999;1.0;0.9998662462809782;0.9998760975088042;0.9998787135991675;1.0;1.0001021045812624;0.9999916472798068;0.9999626511762028;0.9998497878646989;0.9998775021956225;0.9999996054963718;1.0001939247333878;1.0;0.9998654594204569;1.000018571617976;0.9998647065143466;0.9997818584073999;0.9999999999999999;0.999725135421527;0.9999668837703111;0.9990523935339111;0.9988412925621285;0.9998185222783138;1.0;0.9999912732606053;1.0001802246210472;0.9999711836303815;0.9999765808770676;1.0;0.9999934756728541;1.024999976158142;
2016-04-08 22:00:00;0.999974126105588;0.999832038505996;1.0;0.9999880410585057;0.9999884919908483;1.0;1.0;0.9999387980216901;0.9999695275775758;1.000068872891425;0.9999430124644667;0.9999904585347721;0.9999999999999999;1.0;0.9998759579675038;0.9998865251451248;0.9998891685069234;1.0;1.0001018160101516;0.9999931516471824;0.9999674401278148;0.9998684402508409;0.9998880333866327;0.9999995759877718;1.0001901687270542;1.0;0.9998824067982621;1.0000184771916472;0.9998574295209242;0.9997890414832894;1.0;0.9997293577107977;0.9999702159559732;0.9990715828786164;0.9988776110391879;0.9998181413343586;1.0;0.9999912732606054;1.000176855476395;0.9999739923527591;0.9999797866051068;0.9999999999999999;0.999993163707711;1.024999976158142;
2016-04-08 22:15:00;0.999975746208497;0.9998381092568136;0.9999999999999999;0.999988756731295;0.9999883387549523;1.0;1.0;0.9999394855201457;0.9999681303977167;1.0000706568977462;0.9999441845865565;0.9999907852325445;0.9999999999999999;0.9999999999999999;0.9998805717616615;0.9998900989135417;0.9998925615441502;0.9999999999999999;1.0001036623003234;0.9999928387486979;0.9999691615458763;0.9998708963822378;0.9998914938093221;0.9999995859011461;1.000191095590631;1.0;0.9998848171300504;1.0000189600198912;0.9998611041264558;0.9997848484112206;1.0;0.9997082607213194;0.9999704593178709;0.9989841307452395;0.9987810422572874;0.9998142540703382;1.0;0.9999924483761709;1.000178022116979;0.9999742552894366;0.9999808129067497;0.9999999999999999;0.9999935597632934;1.024999976158142;
2016-04-08 22:30:00;0.9999660379233347;0.999788431998004;0.9999999999999999;0.9999844804716616;0.9999864509127626;1.0;1.0;0.9999260776696947;0.9999654866157662;1.0000635939353233;0.9999293544433825;0.9999888878293948;1.0;1.0;0.9998457748248821;0.9998598336194802;0.9998632021857229;1.0;1.000096607905905;0.9999922449614081;0.9999571845081799;0.9998369773167474;0.9998617376824663;0.9999995341438859;1.000191888067991;1.0;0.9998537456362717;1.0000170445322598;0.999847182544478;0.9997697386163555;1.0;0.9997133607096637;0.9999640454330845;0.9989824821242945;0.9987681622644707;0.999830691875756;1.0;0.9999912732606051;1.0001772462119358;0.9999685368003595;0.999973423798032;1.0;0.9999916197981171;1.024999976158142;
2016-04-08 22:45:00;0.9999818681401115;0.9998506612212028;1.0;0.9999916165593804;0.9999874689673359;0.9999999999999999;1.0;0.9999497003173398;0.9999653822821137;1.0000717457542077;0.9999514010682166;0.9999903057863504;1.0;1.0;0.9999028546452826;0.9999126431492917;0.9999147383887211;1.0;1.0001052873598808;0.9999922271655309;0.9999795201516365;0.9998843136008451;0.999913937493099;0.9999997051800388;1.0001859648354263;1.0;0.9998991896419858;1.0000192673957737;0.9998248655524705;0.9997625275307453;1.0;0.9997435654115585;0.999968508054028;0.9990971966078944;0.9988905059918819;0.9998433909355052;1.0;0.9999920672329303;1.0001738487738847;0.9999725733840324;0.9999875992035915;1.0;0.9999932806999373;1.024999976158142;
2016-04-08 23:00:00;0.999982547621822;0.9998560862505097;1.0;0.9999920548918133;0.9999878451005267;0.9999999999999999;0.9999999999999999;0.9999527089426221;0.9999661547440213;1.0000718315520338;0.9999530536503178;0.9999913225202892;1.0;1.0;0.9999096510478754;0.9999188412526122;0.9999207457772306;1.0;1.000105020600594;0.9999924097834866;0.9999798921461714;0.9998877184639382;0.9999199940464076;0.9999997817647563;1.0001848558195392;1.0;0.999902087228006;1.0000193017602474;0.999832880947962;0.999754960137028;1.0;0.9997343262917358;0.9999696047350625;0.9990589818122894;0.9988340423815124;0.9998416344197646;1.0;0.9999916544037752;1.000172963497474;0.9999735439594237;0.9999877636456527;1.0;0.9999938831405603;1.024999976158142;
2016-04-08 23:15:00;0.9999854284379286;0.9998828319794911;1.0;0.999992863054771;0.9999903018680593;0.9999999999999999;0.9999999999999999;0.9999538456509753;0.9999730173799193;1.0000721989334584;0.9999604098860732;0.9999916733522073;1.0;1.0;0.9999105392322851;0.9999179164464151;0.9999198577838841;1.0;1.0001044143725255;0.9999939545268335;0.999983526108644;0.9999081761726775;0.9999191452499057;0.9999995390846159;1.0001799383504546;0.9999999999999999;0.9999196406912331;1.0000194156124276;0.9998501849622746;0.9997841903350402;1.0;0.9997488601561972;0.9999757271754349;0.9991152607964924;0.9989194683677972;0.9998470206586118;0.9999999999999999;0.999990479290912;1.000168687419513;0.9999788706169781;0.9999900207803117;1.0;0.9999944746855259;1.024999976158142;
2016-04-08 23:30:00;0.9999844390361841;0.9998854605970455;1.0;0.9999924477165768;0.9999915420987885;1.0;1.0;0.9999568586502043;0.9999780392793157;1.0000708938093932;0.9999626451303334;0.9999913463470438;1.0;1.0;0.9999110492000552;0.999919345673617;0.999921414382543;1.0;1.0001031447470266;0.9999950777679737;0.9999827145531321;0.9999139847620541;0.9999206622474024;0.9999995436153879;1.0001791116395944;1.0;0.9999243492154016;1.0000190671932137;0.9998456325093094;0.9997738678959841;1.0;0.999754663495087;0.9999778340340966;0.9991324443633615;0.9989247860399847;0.999852776222138;1.0;0.9999916544037754;1.0001677081036726;0.9999806205458025;0.9999895775028725;1.0;0.999994107351952;1.024999976158142;
2016-04-08 23:45:00;0.9999856074873423;0.9998881348294661;1.0;0.9999931269940538;0.9999917137822977;1.0;0.9999999999999999;0.9999626456219441;0.9999793528770132;1.0000697269263925;0.9999656887472029;0.9999907953646852;1.0;0.9999999999999999;0.9999200476844565;0.9999292058963746;0.9999311929247026;0.9999999999999999;1.0001020190332794;0.999995376927792;0.9999853037698229;0.999919698593591;0.9999305094095833;0.9999996376758316;1.0001759351519257;1.0;0.9999300600523424;1.0000187608197761;0.9998668139680236;0.9997821998558011;1.0;0.9997525744267596;0.9999777194378665;0.9991297616369078;0.998916459634162;0.9998483163511362;1.0;0.9999920672329302;1.000164774077283;0.9999804780079885;0.9999913314815324;1.0;0.999993652541009;1.024999976158142;
2016-04-09 00:00:00;0.9999853028899096;0.9998936496493174;1.0;0.9999931058388547;0.9999923498148762;1.0;1.0;0.9999635686967027;0.9999805139605447;1.0000695534225246;0.9999661162805531;0.9999913956533223;1.0;1.0;0.99992364798273;0.9999315975674156;0.9999333893256656;1.0;1.0001010599502675;0.9999956363179132;0.9999834755664387;0.999921021016128;0.999932716443801;0.9999996979588719;1.0001750484821479;1.0;0.999930486680045;1.0000187147122026;0.9998503223380559;0.9997796701296869;1.0;0.9997688695866908;0.9999797065228766;0.999187325067309;0.9989841201518878;0.9998581215213046;1.0;0.9999916544037752;1.0001640387345971;0.9999822393723444;0.9999900072250271;1.0;0.9999942125038656;1.024999976158142;
2016-04-09 00:15:00;0.9999828718681153;0.9998848416668058;1.0;0.999992146639162;0.9999919955746268;1.0;1.0;0.9999602820012998;0.9999791497572235;1.000069331644825;0.9999620053291565;0.9999917652540383;1.0;1.0;0.9999184057043078;0.9999261773807409;0.9999279719252971;1.0;1.0001006690910939;0.9999953259783803;0.9999790807630532;0.9999115598464485;0.9999272240886152;0.9999997488606148;1.0001776679488263;1.0;0.9999213521693722;1.0000186468779637;0.9998683760176562;0.9997960975481088;0.9999999999999999;0.9997565366069003;0.9999790652985627;0.999142512460234;0.9989489304288881;0.9998515545448431;1.0;0.9999916544037751;1.0001662959189064;0.9999817004167044;0.9999871022109367;1.0;0.9999944220329323;1.024999976158142;
2016-04-09 00:30:00;0.9999811614859898;0.9998649253237395;0.9999999999999999;0.9999906033269221;0.9999906460008077;0.9999999999999999;1.0;0.9999474373884202;0.9999770810092246;1.0000684273756586;0.9999568404430745;0.9999906196982464;1.0;1.0;0.9998872465962595;0.9998980493543997;0.9999008211919641;1.0;1.0001012457546927;0.9999948588905343;0.9999801260603853;0.9999021216064433;0.9998998663764187;0.9999993081707947;1.0001796735905166;1.0;0.9999139045399176;1.0000183924657273;0.9998744498562279;0.9997992137756101;1.0;0.9997531206979589;0.999974604387493;0.9991270333707345;0.9989329170759284;0.9998518072020636;1.0;0.9999916544037751;1.0001675381029052;0.9999777282236669;0.9999881748434372;1.0;0.9999931803167179;1.024999976158142;
2016-04-09 00:45:00;0.9999781463835014;0.9998191064154288;1.0;0.9999899026290078;0.9999861409510938;1.0;1.0;0.9999484632191115;0.9999660017989369;1.0000653044454504;0.9999475549966781;0.9999880484805369;1.0;1.0;0.9998868349758749;0.9999028204106583;0.9999057798421755;1.0;1.0001000646759168;0.999992361917285;0.9999793504374296;0.9998740683868469;0.9999048000980498;0.9999996444208232;1.000181832323941;1.0;0.9998915065170546;1.0000175266224205;0.9998632939369188;0.9997983674078528;1.0;0.9997800120350822;0.999962387956599;0.9992275975528216;0.9990412947472743;0.9998641925829506;1.0;0.9999920672329302;1.0001688817784407;0.9999670147553793;0.9999880985221576;1.0;0.9999907804469662;1.024999976158142;
2016-04-09 01:00:00;0.9999854064341345;0.9998762235704683;1.0;0.999993117649164;0.9999898254253416;1.0;1.0;0.9999591610887835;0.9999729888865648;1.000069094176662;0.9999613181509999;0.9999911900654107;1.0;1.0;0.9999175170957234;0.9999267775509402;0.9999287165344196;1.0;1.0001012385335413;0.9999939436302717;0.9999849973230596;0.9999080714154732;0.9999280415740088;0.999999684917036;1.0001750837796948;1.0;0.9999204055291363;1.0000185774437969;0.9998993486591744;0.9998344474020096;1.0;0.9997756754881473;0.9999737239647067;0.9992179932290868;0.9990555235535465;0.9998576995812929;1.0;0.9999912732606052;1.0001639434101224;0.9999770576848981;0.9999911351442806;1.0;0.9999938065149098;1.024999976158142;
2016-04-09 01:15:00;0.9999841803657639;0.9998732259562649;0.9999999999999999;0.9999927621071408;0.9999897544744208;1.0;1.0;0.9999589268284081;0.9999723122172826;1.0000665794164274;0.9999594286868384;0.9999912868109982;1.0;1.0;0.9999186535326837;0.9999274015655636;0.9999292061429691;0.9999999999999999;1.0000974448125268;0.9999937962155334;0.9999821937501568;0.999903341806188;0.9999285145361326;0.9999997782009581;1.0001709291718712;1.0;0.9999156501773385;1.0000179030942573;0.9998890677276996;0.9998288879513281;0.9999999999999999;0.9998136253684672;0.9999738422473078;0.9993593828813793;0.9991965921705545;0.9998755362540748;1.0;0.9999908604325449;1.0001599451640009;0.9999771873173571;0.9999892307469699;0.9999999999999999;0.9999939726180906;1.024999976158142;
2016-04-09 01:30:00;0.9999848644013599;0.9998729285670578;0.9999999999999999;0.9999928298566536;0.9999902141736685;1.0;1.0;0.9999610612789075;0.9999758664968754;1.0000645363717;0.99996265511029;0.9999903140611676;1.0;1.0;0.9999153459944751;0.9999264477770832;0.9999286463073491;1.0;1.0000959969251084;0.9999945942677857;0.9999859068392816;0.9999112132296658;0.9999279328687952;0.9999996513242161;1.0001673142079708;1.0;0.9999235118971748;1.0000173588808468;0.9998997863186272;0.9998430235560245;1.0;0.9998267178995713;0.9999735338885285;0.9994062364878943;0.9992554550759581;0.9998830023749482;1.0;0.9999916544037752;1.0001563065535584;0.999976798666359;0.9999919127854582;1.0;0.9999929708362059;1.024999976158142;
2016-04-09 01:45:00;0.9999886979242565;0.9999161647642494;1.0;0.9999938313701532;0.999993951039527;1.0;1.0;0.9999592312997477;0.9999845721428864;1.0000654734999508;0.9999715332012549;0.9999921101063942;1.0;1.0;0.9999151349457854;0.9999213883952971;0.9999234359637488;1.0;1.0000943805750278;0.9999965516601944;0.9999884806656583;0.999937760893035;0.9999227715607772;0.9999992896365403;1.0001597031398652;1.0;0.9999452469350533;1.0000176251304718;0.9999240935637251;0.9998802213608404;1.0;0.9998531651138365;0.9999839623424626;0.9995140635139877;0.9993985373432274;0.9998891179045882;1.0;0.9999904792909119;1.000149815806673;0.9999859668299715;0.9999932113838486;1.0;0.9999949404704256;1.024999976158142;
2016-04-09 02:00:00;0.9999926801795795;0.9999466819043455;1.0;0.9999958981895191;0.999996102187992;1.0;1.0;0.9999714369544423;0.9999897027019704;1.0000671219507182;0.9999810119202686;0.9999935285123822;0.9999999999999999;1.0;0.999941792354368;0.9999453963118857;0.9999467569367027;1.0;1.000095077776351;0.9999977006235874;0.9999922351029139;0.9999590985597587;0.999946309862078;0.9999994815739628;1.0001563450271438;1.0;0.9999638370030376;1.0000180738822588;0.9999152460400993;0.9998748458535199;1.0;0.9998622235305291;0.9999899008920244;0.9995404487883812;0.9994242315241514;0.9998983953606894;0.9999999999999999;0.9999916544037751;1.0001473935051888;0.9999911801711049;0.9999953728031096;1.0;0.9999962143254952;1.024999976158142;
2016-04-09 02:15:00;0.9999947097567952;0.9999658135125984;1.0;0.9999973135057475;0.99999764547835;0.9999999999999999;0.9999999999999999;0.9999835426673654;0.9999935802398399;1.000067750324096;0.9999875101726194;0.9999941204542537;1.0;1.0;0.9999671923335622;0.9999691230658206;0.9999698258164136;1.0;1.0000949505652932;0.9999985679580211;0.9999933903870679;0.9999724484769397;0.9999695516925495;0.9999997782875988;1.0001542890013628;1.0;0.9999752633359639;1.0000182447098689;0.9999317857226462;0.9998892516241598;1.0;0.99986424403973;0.9999940377129433;0.9995550148693279;0.9994464519203103;0.9998945555607693;0.9999999999999999;0.9999912732606054;1.0001459413705078;0.9999948026794468;0.99999590294824;1.0;0.9999968814668213;1.024999976158142;
2016-04-09 02:30:00;0.9999945100360988;0.9999649501646948;1.0;0.9999971899663904;0.999997572992231;1.0;1.0;0.9999823610614499;0.9999932414613154;1.0000666218308492;0.9999868816896696;0.9999936264594528;1.0;0.9999999999999999;0.9999652529688129;0.999967075505204;0.9999678039084727;1.0;1.00009332370806;0.9999984925622135;0.999992991409096;0.9999712248889683;0.999967515951131;0.9999997575530037;1.0001519779186951;1.0;0.9999740945545921;1.0000179409019037;0.9999324409649835;0.9999080995475609;1.0;0.9998858437549735;0.9999939414608353;0.9996360535440907;0.9995553425685464;0.9999043327687612;1.0;0.9999912732606054;1.0001437224836687;0.9999947266064798;0.9999956355447969;1.0;0.9999966840287225;1.024999976158142;
2016-04-09 02:45:00;0.9999928239036361;0.999961008688984;1.0;0.9999960757655023;0.9999976154652618;1.0;1.0;0.9999736955472388;0.9999929466700125;1.0000647957221778;0.9999833038682505;0.9999947131007851;1.0;1.0;0.9999488648513903;0.9999501624098254;0.9999511910362988;1.0;1.0000904856929884;0.9999984265844496;0.9999900927589784;0.9999654770365715;0.999950776468037;0.9999995444614964;1.000149339375418;1.0;0.9999682007897354;1.0000174485209579;0.9999697976820854;0.9999423606447835;1.0;0.9998997512272948;0.9999943120351896;0.9996824638234163;0.9996215016926867;0.999914559544443;0.9999999999999999;0.9999912732606053;1.0001409919335624;0.9999950713366329;0.9999937373184421;1.0;0.9999973005299312;1.024999976158142;
2016-04-09 03:00:00;0.9999934516339369;0.9999623233808932;1.0;0.999996625568193;0.9999975145676827;0.9999999999999999;1.0;0.9999784633134633;0.9999926600345173;1.0000647679662666;0.9999846583933495;0.9999941931486888;1.0;1.0;0.9999587168776838;0.9999600780482036;0.9999608798592354;1.0;1.0000904843906429;0.9999983623256194;0.999990877983427;0.9999670081672913;0.9999605355550005;0.9999996979878452;1.0001488154921485;0.9999999999999999;0.9999698507738516;1.0000174412533482;0.9999549436116344;0.9999468607556738;1.0;0.9999173997542851;0.9999940693018955;0.9997519447826753;0.9997104459391237;0.9999203344484804;0.9999999999999999;0.999990479290912;1.0001406184898618;0.9999948602256281;0.9999942241122467;0.9999999999999999;0.9999970503347207;1.024999976158142;
2016-04-09 03:15:00;0.9999939716624678;0.9999629132431624;1.0;0.9999965843231716;0.9999974702668424;1.0;1.0;0.9999756747133737;0.9999927194233131;1.0000657387516212;0.999984842950158;0.9999939449729408;1.0;1.0;0.999952391429028;0.9999540072224742;0.9999550138664655;1.0;1.000091981842156;0.9999983749839169;0.9999923393107448;0.999968464579683;0.9999546441644369;0.9999995528236182;1.0001502145023577;1.0;0.9999714006666685;1.000017701843806;0.9999564569512703;0.9999514627884587;1.0;0.9999102463816683;0.9999938405559049;0.9997213126561144;0.9996855402038475;0.9999196797870815;1.0;0.9999904792909119;1.0001419220266798;0.9999946510677892;0.9999952332572061;1.0;0.9999968773563069;1.024999976158142;
2016-04-09 03:30:00;0.9999946212267773;0.9999622916959021;1.0;0.9999971683645927;0.9999972890757693;1.0;1.0;0.9999817048532761;0.9999927802267959;1.0000649601260472;0.999986667106746;0.9999939558205903;1.0;1.0;0.9999629637043932;0.9999653937991299;0.9999662332569706;1.0;1.0000913835866232;0.9999983894993367;0.9999938555808093;0.9999706618266744;0.9999659359767487;0.9999997193732141;1.0001486726771636;1.0;0.9999739440340805;1.0000174934157098;0.9999539214705513;0.9999503737735006;1.0;0.9999138929896215;0.9999930199973652;0.9997400664651268;0.9997048031270789;0.9999178714011668;1.0;0.9999912732606053;1.0001405164133321;0.9999939070113603;0.9999962690565586;1.0;0.9999966878031584;1.024999976158142;
2016-04-09 03:45:00;0.9999924368318014;0.9999472006308147;1.0;0.9999957455523885;0.9999963446236793;1.0;1.0;0.9999711301240626;0.99999059610413;1.0000643631603583;0.9999811821713858;0.999993444965072;0.9999999999999999;1.0;0.9999403200903809;0.9999440034777309;0.9999454164577072;1.0;1.000091304817761;0.9999979009160298;0.9999919553636092;0.9999599075045907;0.9999449520744444;0.9999994549956627;1.000150712051458;1.0;0.9999644105052282;1.0000173311633065;0.9999506738715207;0.999944627594942;1.0;0.9999097619607746;0.9999903619515921;0.9997249623411186;0.9996838102663046;0.9999157296581651;1.0;0.9999912732606052;1.0001419886475864;0.9999915702719844;0.9999952027328216;1.0;0.9999961575940494;1.024999976158142;
2016-04-09 04:00:00;0.999992595562497;0.9999536469211456;0.9999999999999999;0.9999964667201351;0.9999969946140682;1.0;1.0;0.9999811611308772;0.9999921561740586;1.0000632193454444;0.9999838826412982;0.9999936543295922;1.0;0.9999999999999999;0.9999614174994367;0.9999643056138534;0.9999651412952217;1.0;1.000089246485766;0.999998249682221;0.9999906473263567;0.9999636074768113;0.9999647942016741;0.9999998132222789;1.000148038036919;1.0;0.999967283871668;1.0000170241390658;0.9999763943396589;0.9999578478580793;0.9999999999999999;0.9999115621815657;0.9999921540147129;0.9997282552954785;0.9996850497038372;0.9999189029993908;1.0;0.9999920672329303;1.0001396833584355;0.9999931431695711;0.9999941916515416;0.9999999999999999;0.999996442156965;1.024999976158142;
2016-04-09 04:15:00;0.9999931822063541;0.9999566975464845;1.0;0.9999964714338974;0.9999971159507076;1.0;0.9999999999999999;0.9999782259879131;0.9999922757460267;1.0000641533741272;0.9999841375409971;0.9999939943020404;0.9999999999999999;1.0;0.9999560355394219;0.9999585706375126;0.9999595337982551;1.0;1.000090330804443;0.9999982761978823;0.9999916080837372;0.9999654290023164;0.9999591686590087;0.999999677223673;1.0001487705052832;1.0;0.9999689105149348;1.0000172754617576;0.9999631323147034;0.9999495993495113;1.0;0.9999148582229835;0.999992600647591;0.9997428872296692;0.9996985581744139;0.9999188554967966;1.0;0.9999900664615023;1.0001404237810503;0.9999935432175091;0.9999948165353227;1.0;0.9999966801164044;1.024999976158142;
2016-04-09 04:30:00;0.9999925874583276;0.9999552333928349;1.0;0.9999960665560472;0.9999972524463369;1.0;1.0;0.999975884402066;0.9999929158493405;1.0000637963764987;0.9999834332446926;0.99999296067585;1.0;1.0;0.9999503222351017;0.9999530672833553;0.9999541852530957;1.0;1.0000899621530572;0.9999984191140608;0.9999909841960053;0.9999646873216348;0.9999537723241132;0.9999995955082414;1.0001487806464164;0.9999999999999999;0.9999680670280808;1.0000171789613101;0.9999759891463558;0.99995786279823;1.0;0.999913913709652;0.999992772755011;0.9997355048109866;0.9996926583267212;0.9999210460581675;1.0;0.9999912732606053;1.0001403145935608;0.9999936790934253;0.9999944459092202;1.0;0.9999961627981215;1.024999976158142;
2016-04-09 04:45:00;0.9999940069443387;0.9999644403118129;1.0;0.9999961281606569;0.9999979086447234;1.0;1.0;0.9999706309032852;0.9999945790889109;1.0000651146776762;0.9999851278688815;0.9999941575256829;0.9999999999999999;1.0;0.9999397082891766;0.9999417564916613;0.9999431617932427;1.0;1.0000913715345525;0.9999987918044512;0.9999933937380155;0.9999715110104221;0.9999427129647246;0.9999992931449039;1.0001486829345183;0.9999999999999999;0.9999740784769208;1.0000175348598508;0.9999548278532254;0.9999434569262542;1.0;0.9999143811722435;0.9999945201804923;0.9997402143322479;0.9996936817078795;0.9999192397698426;1.0;0.9999912732606054;1.0001403237570101;0.9999952092342528;0.9999960244280065;1.0;0.9999968701565932;1.024999976158142;
2016-04-09 05:00:00;0.9999941792560412;0.9999667418909601;1.0;0.9999969575363361;0.9999980056981564;1.0;0.9999999999999999;0.9999814457486678;0.999994629698449;1.0000646183058244;0.9999871467171624;0.9999940868050314;1.0;1.0;0.9999625579800506;0.9999642754904734;0.9999650756585448;1.0;1.0000904863553695;0.999998803239105;0.9999924350672129;0.9999726552509755;0.9999647598154286;0.9999997077291933;1.0001478846476268;1.0;0.9999750549277161;1.0000174017993813;0.9999721836876179;0.9999545450350645;0.9999999999999999;0.9999060562903586;0.9999949028078855;0.9997168846290746;0.9996723758397215;0.9999100846631238;0.9999999999999999;0.9999908604325449;1.0001397820545186;0.9999955535667381;0.9999952733936804;1.0;0.9999969171746576;1.024999976158142;
2016-04-09 05:15:00;0.9999932368449352;0.9999638689024676;1.0;0.9999966345758587;0.9999978183586923;1.0;1.0;0.9999801632815912;0.9999935919369953;1.000064726833404;0.9999852300332027;0.9999943193681929;1.0;1.0;0.9999617657690304;0.9999630061611642;0.9999637280562924;1.0;1.0000903554083493;0.9999985705086294;0.9999902702717091;0.9999681188045612;0.9999633927289475;0.9999997536802245;1.0001490038287875;1.0;0.9999706195426613;1.0000174303132006;0.9999515697309217;0.9999440582187488;1.0;0.9999164276178594;0.9999947716789839;0.9997508438935703;0.9997080272503246;0.999918159820108;0.9999999999999999;0.9999908604325449;1.0001408080264018;0.999995466480725;0.9999938019657568;1.0;0.999997136226972;1.024999976158142;
2016-04-09 05:30:00;0.9999931240870281;0.9999566315268695;1.0;0.9999966172718323;0.9999970007239489;1.0;1.0;0.9999798314926134;0.9999916038617402;1.0000645715398286;0.9999839406294797;0.9999939290395907;1.0;1.0;0.9999605511024515;0.9999627522171085;0.9999635547878872;1.0;1.0000907116308924;0.9999981258565144;0.9999909751952839;0.9999642064895473;0.9999632171519639;0.9999997711457771;1.0001496420468527;1.0;0.9999677429117626;1.000017388030172;0.9999686863263099;0.999952157966739;1.0;0.9999027377685381;0.9999925407482401;0.999698860773254;0.9996537538249112;0.9999123797547337;0.9999999999999999;0.9999900664615022;1.0001413169543742;0.9999935096932612;0.999994350461543;1.0;0.9999967303792285;1.024999976158142;
2016-04-09 05:45:00;0.9999931468412186;0.9999596157248368;0.9999999999999999;0.9999958193886437;0.9999975841933529;1.0;1.0;0.9999697983782607;0.9999936467188952;1.0000678047979281;0.9999834981547042;0.9999933779061682;1.0;1.0;0.9999382664745797;0.9999405377165611;0.9999419519570207;1.0;1.000095230448158;0.9999985825515114;0.9999920751374243;0.9999674056851888;0.9999414803724693;0.9999993273931849;1.0001558354538822;1.0;0.9999703450024946;1.000018258541664;0.999969581632165;0.9999565013906624;1.0;0.9998446228304227;0.999993725638135;0.9994787832364963;0.9994402033763194;0.9998874653165611;1.0;0.9999916544037751;1.0001470268269343;0.99999451795896;0.9999951757192223;0.9999999999999999;0.999996464520129;1.024999976158142;
2016-04-09 06:00:00;0.9999962636036005;0.9999675590739033;0.9999999999999999;0.9999974197926786;0.9999974594226871;0.9999999999999999;1.0;0.9999782436290082;0.999993538688888;1.000068512921007;0.9999884797276681;0.9999936315777409;1.0;1.0;0.9999547645351323;0.9999574144115548;0.9999585577166813;1.0;1.0000964317648273;0.9999985593666627;0.9999974204201826;0.999976649447234;0.9999582457653262;0.9999994687609416;1.0001539674017548;1.0;0.9999797922009059;1.0000184506003553;0.9999186387130224;0.9999275203682316;1.0;0.9998689465280656;0.9999932623559072;0.9995906914531381;0.999551672760677;0.9998844037912272;1.0;0.9999908604325449;1.0001456138145395;0.9999941017735492;0.9999986821163406;1.0;0.9999964887621684;1.024999976158142;
2016-04-09 06:15:00;0.9999972225423337;0.9999759004817567;1.0;0.9999983207021289;0.9999980652255887;1.0;1.0;0.999987015858884;0.9999949561678545;1.0000681802736295;0.9999917923580105;0.9999942040057951;0.9999999999999999;1.0;0.9999733246026429;0.9999751851692439;0.9999758436440318;1.0;1.0000955021820601;0.9999988770790705;0.9999976807619325;0.999982320550914;0.9999756520609939;0.9999997363351284;1.0001518835757477;1.0;0.9999846888832381;1.0000183612596276;0.9999355367787379;0.9999397190996262;1.0;0.9998683619087257;0.9999949494884026;0.9995899853932967;0.9995549974265897;0.9998831353406868;1.0;0.9999912732606053;1.0001439195177366;0.9999955859460232;0.99999871720229;1.0;0.9999969359890413;1.024999976158142;
2016-04-09 06:30:00;0.9999951905198162;0.9999587226057123;1.0;0.9999976546848144;0.999996756973996;1.0;0.9999999999999999;0.9999862651787073;0.9999918685027295;1.0000682111776176;0.9999876119163695;0.9999931649695257;1.0;1.0;0.9999706737275685;0.9999741918500775;0.999974942021158;1.0;1.0000965289120316;0.9999981863368694;0.9999955811858219;0.9999708509322517;0.9999747029133155;0.9999998515426457;1.0001561101243106;1.0;0.9999748948067405;1.000018369392978;0.9999051628605915;0.9999192042124602;1.0;0.9998593052034971;0.9999913169857912;0.9995742158183955;0.9995344485483925;0.9998666370917063;1.0;0.9999920672329303;1.0001476044800377;0.9999923945772685;0.9999974748136321;0.9999999999999999;0.9999960705345294;1.024999976158142;
2016-04-09 06:45:00;0.9999954330601333;0.9999594486774275;1.0;0.9999972384516179;0.9999966719361579;1.0;1.0;0.9999783366318672;0.9999912295829639;1.0000691894806486;0.9999862020030575;0.999993596724626;1.0;1.0;0.9999557630166425;0.9999588644121875;0.9999599520696469;0.9999999999999999;1.000097637372439;0.9999980432279544;0.9999962317383115;0.999970131190732;0.9999596369121656;0.999999565889231;1.0001570435773484;0.9999999999999999;0.999974182005676;1.000018632409207;0.9999091501427266;0.9999131072825264;1.0;0.9998552456959447;0.9999913652231812;0.9995592564352926;0.9995068581701121;0.9998646159330736;0.9999999999999999;0.9999900664615025;1.000148444352845;0.9999924577938173;0.9999979239600916;1.0;0.9999963651837477;1.024999976158142;
2016-04-09 07:00:00;0.9999952576356548;0.9999604396266807;1.0;0.9999973108488409;0.9999969937763361;0.9999999999999999;0.9999999999999999;0.9999813456245632;0.9999925380263455;1.0000695689919397;0.9999872482825299;0.9999934532900893;1.0;1.0;0.9999604287767481;0.9999637782430927;0.9999647878190975;0.9999999999999999;1.000098309036058;0.9999983359457493;0.9999959904291184;0.999971990169243;0.9999644896439932;0.9999996468518526;1.000158441495844;1.0;0.999975756688979;1.0000187349585166;0.9998596546199067;0.9998710407414951;0.9999999999999999;0.9998453154281466;0.9999919035865541;0.9995028271727324;0.9994292314575209;0.9998731698393727;1.0;0.9999900664615023;1.0001497638001537;0.9999929046660745;0.9999977714482378;1.0;0.9999962411169016;1.024999976158142;
2016-04-09 07:15:00;0.999994568287635;0.9998906601974256;1.0;0.9999965810232302;0.999986136107076;1.0;1.0;0.9999494889565321;0.9999563075571124;1.000074425611318;0.9999605587664382;0.9999897679668502;1.0;1.0;0.9999203160444909;0.9999246673212481;0.9999261097176826;1.0;1.000105704824374;0.9999902151080348;0.9999964017355307;0.9999056791920441;0.9999257191366223;0.9999994206841012;1.0001703903400327;1.0;0.9999209077664118;1.000020013634242;0.9998125451059172;0.9998508813615837;0.9999999999999999;0.9998597714161571;0.9999686390892886;0.9995636269832826;0.9994999451427218;0.9998752596190972;0.9999999999999999;0.9999912732606051;1.000160854780754;0.9999729769955855;0.9999981972851949;1.0;0.9999943361501223;1.024999976158142;
2016-04-09 07:30:00;0.9999962306606924;0.9999104405477532;0.9999999999999999;0.99999810508479;0.9999881585688025;1.0;1.0;0.9999667300823633;0.9999623086817907;1.0000745727163474;0.9999687040607533;0.9999912521169112;1.0;1.0;0.999953345944339;0.99995663171348;0.9999573032599441;1.0;1.000105235091981;0.9999915673771671;0.9999971676984613;0.9999217738340881;0.9999571103893776;0.9999998599895439;1.00016841543675;1.0;0.99993469241242;1.000020068547249;0.9997927636100574;0.9998394305798577;1.0;0.9998521468395506;0.9999734427165877;0.9995537283676224;0.9994899720264451;0.9998590797590792;0.9999999999999999;0.9999916544037751;1.00015944779899;0.9999771380086897;0.9999984962503166;1.0;0.999995261439786;1.024999976158142;
2016-04-09 07:45:00;0.9999948929545303;0.9999238570437813;0.9999999999999999;0.999996841411869;0.9999907379686972;1.0;1.0;0.9999595093721468;0.9999701902697542;1.000074925887735;0.9999704033807246;0.9999939201549934;1.0;1.0;0.9999350553253795;0.9999372117931709;0.999938335650608;1.0;1.0001050534643086;0.9999933297955603;0.9999946390720647;0.9999312879663168;0.9999379800443154;0.9999994817119896;1.0001692518019198;0.9999999999999999;0.9999413185578946;1.0000201640230653;0.999752448445379;0.9998202569268045;1.0;0.9998635865879189;0.9999794594260454;0.9995936257375987;0.9995353206006113;0.9998663024737857;1.0;0.9999912732606053;1.000160052288277;0.9999823368356504;0.9999968148816467;1.0;0.9999967370126479;1.024999976158142;
2016-04-09 08:00:00;0.9999951532614165;0.9999425407714692;1.0;0.9999973398660522;0.9999940633614685;1.0;1.0;0.9999750941553807;0.9999825049402284;1.0000726910452122;0.999980339953808;0.9999936588699498;1.0;0.9999999999999999;0.9999552900595121;0.9999585949172269;0.9999595445997036;1.0;1.000102613560475;0.9999960903521801;0.9999956927724212;0.9999539473169902;0.9999592565864666;0.9999996896259677;1.0001653669737667;0.9999999999999999;0.9999607513550448;1.0000195724545995;0.9997351221300068;0.999794365905875;1.0;0.9998584836894797;0.9999857975044373;0.9995561365054398;0.9994733489730767;0.9998764741772316;1.0;0.9999904792909118;1.0001563627404797;0.9999876904350234;0.9999975650096831;1.0;0.999996344683413;1.024999976158142;
2016-04-09 08:15:00;0.9999922652717865;0.9999137398508792;1.0;0.9999959771895914;0.9999918380585089;1.0;1.0;0.9999686643044765;0.9999777101975812;1.0000736079259853;0.9999733714230954;0.9999922696818916;1.0;1.0;0.9999386948581989;0.9999453657073355;0.9999468601583013;1.0;1.0001058958822464;0.9999950126285203;0.9999942137470911;0.9999367041420913;0.999946433225295;0.9999996266349686;1.000173705295564;1.0;0.9999464607647277;1.000019813566844;0.9996736273279303;0.9997423788521234;1.0;0.9998390812865011;0.9999793308621544;0.9995048802139883;0.9993969520069692;0.999853048885775;1.0;0.9999912732606051;1.0001636269351164;0.9999819859820313;0.9999969352471343;0.9999999999999999;0.9999949129502745;1.024999976158142;
2016-04-09 08:30:00;0.999986226138579;0.9998507173606387;1.0;0.9999934704828295;0.999986932370423;1.0;1.0;0.9999607752529092;0.999967425395803;1.0000712414193882;0.9999595912642512;0.9999886708374085;0.9999999999999999;0.9999999999999999;0.9999140138674673;0.9999284500086113;0.9999308937870052;1.0;1.0001072786174359;0.9999926984856138;0.9999914128745697;0.999900411320265;0.999930233497619;0.9999996843109586;1.000182913562496;0.9999999999999999;0.9999167450549424;1.0000191573043253;0.999661929269112;0.9997008356676036;1.0;0.9998062667030037;0.9999648750650668;0.9993762526565788;0.999216065347457;0.9998419652670867;0.9999999999999999;0.9999916544037751;1.0001709881459875;0.9999692229822336;0.999995836776723;1.0;0.9999914318349297;1.024999976158142;
2016-04-09 08:45:00;0.9999744831918065;0.9996879282164074;1.0;0.9999880269037072;0.9999693313780021;1.0;1.0;0.9999140133343989;0.9999168604275239;1.0000663167829047;0.9999105049909898;0.9999839912295203;1.0;1.0;0.9998322585043455;0.9998581580369318;0.9998624264084087;1.0;1.0001077456242722;0.9999812647095575;0.9999834088795782;0.9997770530567093;0.999861259590442;0.9999995247033533;1.000197801902626;0.9999999999999999;0.9998138128868655;1.0000176515830597;0.9997158120755727;0.9997540474225509;1.0;0.9998302939553573;0.9999218416469229;0.9994513860478704;0.9993246894942045;0.9998630362626699;0.9999999999999999;0.9999908604325449;1.0001825702083085;0.9999318497088324;0.999991767930899;0.9999999999999999;0.999986578630924;1.024999976158142;
2016-04-09 09:00:00;0.999993733506657;0.9998772157996111;1.0;0.9999966982991161;0.9999838516112014;0.9999999999999999;1.0;0.9999481837612545;0.9999475668808979;1.0000800711352524;0.9999544077907705;0.9999937450417307;1.0;1.0;0.9999266512719571;0.999929879846564;0.9999308679429141;0.9999999999999999;1.0001128988998849;0.9999882454073469;0.9999933509679991;0.9998883305218482;0.9999305338493388;0.9999996895598446;1.0001833299886531;1.0;0.9999057059609715;1.0000215170343676;0.9996675636304632;0.9997232895127264;1.0;0.9998223275534002;0.9999644669317389;0.9994393115886195;0.9993080025558623;0.9998473163125573;1.0;0.999991654403775;1.0001732813830886;0.9999694719479393;0.9999960365252075;1.0;0.9999964018258845;1.024999976158142;
2016-04-09 09:15:00;0.9999912350855575;0.9998654091216309;0.9999999999999999;0.999995711344027;0.9999837315756034;1.0;1.0;0.9999481118686394;0.9999486455912939;1.000079005368136;0.9999521970925805;0.9999927591149513;1.0;1.0;0.9999218537220562;0.9999269083119566;0.9999281174954721;1.0;1.0001124876444898;0.9999884956340994;0.9999907470215195;0.9998828090883407;0.9999276957425659;0.9999997353887096;1.0001857397117384;1.0;0.9999006463110068;1.0000212374963788;0.9996351868605187;0.9996820483149771;1.0;0.9998027013261044;0.9999632170388619;0.9993626016238912;0.999197173740662;0.9998405459171513;1.0;0.9999908604325449;1.0001751466013415;0.9999683088235627;0.9999944949178171;1.0;0.9999955201237603;1.024999976158142;
2016-04-09 09:30:00;0.9999874273070904;0.9998997903008441;1.0;0.9999943331843891;0.9999914190220516;0.9999999999999999;1.0;0.9999652858359224;0.9999752083963788;1.0000758683408613;0.9999657341609434;0.9999878921025562;0.9999999999999999;1.0;0.9999365267450034;0.9999419219744288;0.9999431286351124;1.0;1.00010829870361;0.9999944458169504;0.9999842397405984;0.9999183458387036;0.999942598825492;0.9999998719451868;1.0001842354256338;1.0;0.9999282850779748;1.0000204107944004;0.9996444648472141;0.9996843649020042;1.0;0.9997943167169333;0.9999791398571563;0.9993411345599837;0.9991716370700542;0.9998299956218659;1.0;0.9999920672329304;1.000173327158623;0.9999818908475873;0.9999902249418586;1.0;0.9999932390092973;1.024999976158142;
2016-04-09 09:45:00;0.9999869138762938;0.9999035808014524;1.0;0.9999934402803008;0.9999926142940598;1.0;1.0;0.9999587747250334;0.9999798760318348;1.0000752873897798;0.999966759946366;0.9999874004534672;1.0;1.0;0.9999181289750272;0.9999242399146189;0.9999260474792616;0.9999999999999999;1.0001079094047942;0.9999954938158763;0.9999848739347548;0.9999245922333793;0.9999253823636627;0.9999995007079245;1.0001835167040023;1.0;0.9999334247584654;1.0000202582873323;0.9996396821489648;0.9996865192049252;1.0;0.9997979157620313;0.9999812530674854;0.9993560156124356;0.9991938714570394;0.9998306816890352;1.0;0.9999916544037752;1.0001723701101783;0.9999836583431757;0.9999907899050816;1.0;0.9999928458483434;1.024999976158142;
2016-04-09 10:00:00;0.9999806750711865;0.9998439425459644;1.0;0.9999908319479602;0.9999871644504831;1.0;1.0;0.9999438582299408;0.9999647144775786;1.0000733741864507;0.9999486321567761;0.9999901812130716;1.0;1.0;0.9998903788896254;0.9999006312539529;0.9999030308508605;1.0;1.0001077814781045;0.9999920904381682;0.9999782408375129;0.9998792609883796;0.9999021350289572;0.9999995512076308;1.000190974029238;1.0;0.9998945420876525;1.0000197193089888;0.9995924635906908;0.9996452847168035;1.0;0.9997847845225116;0.9999676017139453;0.9992956961946364;0.9991120505309808;0.9998322301656279;0.9999999999999999;0.9999920672329303;1.0001783878689467;0.9999717770289541;0.9999868413799565;1.0;0.9999931135854011;1.024999976158142;
2016-04-09 10:15:00;0.9999833562181782;0.9998779647068202;1.0;0.9999920139787997;0.9999915539964335;1.0;1.0;0.9999585211273788;0.9999797683222429;1.0000739477847607;0.999962655011512;0.9999906648922605;0.9999999999999999;1.0;0.9999089366372372;0.9999192332834886;0.999921534314089;1.0;1.0001085299206396;0.9999954716311719;0.9999827491837421;0.9999135059773427;0.9999207371174591;0.9999995574435305;1.000188654352663;0.9999999999999999;0.9999242612715356;1.0000199005835584;0.9995863956697989;0.9996133877342332;1.0;0.9997352157447033;0.9999767658157155;0.9990964651848554;0.9988708189896456;0.9998188362791489;1.0;0.9999912732606052;1.0001764910121376;0.9999796033910574;0.9999897901263647;1.0;0.9999933216682309;1.024999976158142;
2016-04-09 10:30:00;0.9999824314075971;0.9998699166895012;1.0;0.9999922327908083;0.9999901060309543;0.9999999999999999;1.0;0.9999606778153636;0.9999736420154078;1.000076205641179;0.9999584197577781;0.9999908277409616;1.0;1.0;0.9999210343147085;0.9999299156484135;0.9999316315648269;1.0;1.0001108497566629;0.9999940921528375;0.9999790799263129;0.9999005416315255;0.9999309107349399;0.9999999017600226;1.0001942766702037;1.0;0.999912521027817;1.0000204957507788;0.9996159385118282;0.9996312661116515;1.0;0.9996985673793309;0.9999745043442477;0.9989575105035137;0.9987345309134601;0.9998032795637376;0.9999999999999999;0.9999912732606053;1.000182005056482;0.9999777459751457;0.9999871750927395;1.0;0.9999937332991743;1.024999976158142;
2016-04-09 10:45:00;0.9999943406839167;0.9999434851783984;1.0;0.9999970049121701;0.9999945015217273;1.0;1.0;0.9999747275192885;0.9999837204476109;1.0000828643810904;0.9999800254306921;0.9999938559681744;0.9999999999999999;0.9999999999999999;0.9999543508544906;0.9999573249611832;0.9999582595720202;1.0;1.0001165014989946;0.999996361671161;0.9999939727497338;0.9999537343645809;0.9999579443686043;0.9999996979938268;1.0001881188119082;0.9999999999999999;0.9999600165540835;1.0000223123817484;0.9995544648035519;0.9995956206810098;1.0;0.9997105093625474;0.999986894017444;0.9990098425483107;0.9987859522283544;0.9998035566742804;1.0;0.9999912732606054;1.0001779563654194;0.9999886446096006;0.9999964044275579;1.0;0.9999965127526227;1.024999976158142;
2016-04-09 11:00:00;0.9999927477645146;0.9999293941739726;1.0;0.999996123267299;0.9999932098582626;1.0;1.0;0.9999675144009669;0.9999798996600877;1.0000827942984805;0.9999748401485824;0.9999934082329995;0.9999999999999999;1.0;0.999940972951943;0.9999446595981053;0.9999458734926795;1.0;1.000116834817918;0.9999955056735158;0.9999922053443236;0.9999420999721644;0.9999454637064806;0.9999995916918958;1.0001903951615514;1.0;0.9999498576181812;1.0000222906849505;0.9996140740316738;0.9996424325757808;1.0;0.9996890752447641;0.9999838039957906;0.9989612224847365;0.9987578882597582;0.9997723155584539;0.9999999999999999;0.9999908604325449;1.000179834537999;0.9999859672335895;0.9999953398991398;1.0;0.9999961402140719;1.024999976158142;
2016-04-09 11:15:00;0.999992352384302;0.9999379892540213;0.9999999999999999;0.9999954804856807;0.999994930060827;1.0;1.0;0.9999645498893912;0.9999858936682432;1.0000814414327495;0.9999773181731995;0.9999928769373528;1.0;1.0;0.9999300638364212;0.9999338967187907;0.9999354962446618;1.0;1.0001150428549137;0.9999968480505457;0.9999922462620316;0.9999512009087538;0.9999349915265783;0.999999330588926;1.000187602354111;1.0;0.9999572013260241;1.0000219286145504;0.9996318121680913;0.9996601342759024;1.0;0.9997058973089298;0.9999873242611689;0.9990456733883969;0.9988534348576721;0.9997654185948264;1.0;0.9999916544037752;1.000177015408;0.999988966850544;0.9999954381342605;0.9999999999999999;0.9999958651472675;1.024999976158142;
2016-04-09 11:30:00;0.9999863473712757;0.9999001560131798;0.9999999999999999;0.9999938036542549;0.9999916187246026;0.9999999999999999;1.0;0.9999615931912507;0.9999748949132751;1.0000815568566324;0.9999636345614749;0.9999928696342292;1.0;1.0;0.9999317705271185;0.9999359662429256;0.999937135821984;0.9999999999999999;1.0001154712573042;0.9999943734783135;0.9999813300343359;0.9999145939147459;0.9999365589329936;0.9999998385543774;1.0001968732735085;1.0;0.9999240971042248;1.0000219393274776;0.9995900922758184;0.9996407149782137;1.0;0.9997095129477079;0.9999802035187534;0.999056585049112;0.9988711993228595;0.9997688637258283;1.0;0.9999912732606054;1.0001853322949483;0.999982863494893;0.9999882102168298;1.0;0.9999957751983749;1.024999976158142;
2016-04-09 11:45:00;0.9999680538203214;0.9998166030391057;1.0;0.9999857168371205;0.9999863186699053;1.0;1.0;0.9999195106853441;0.9999560483521871;1.0000798538615208;0.9999250622043122;0.9999937769276236;1.0;1.0;0.999862098967066;0.9998654230252785;0.9998672791193121;0.9999999999999999;1.0001129298504465;0.9999900964521122;0.999949909782203;0.9998280029919004;0.9998660051029277;0.9999997627256006;1.0002166075231067;1.0;0.9998428056521329;1.0000213548120551;0.9996043510724302;0.9996195945351397;0.9999999999999999;0.9996853843681965;0.9999695679329365;0.9989593234772575;0.9987301437326415;0.9997625432203063;1.0;0.9999912732606052;1.0002020612339437;0.9999738244716146;0.9999675805557675;1.0;0.9999963933838912;1.024999976158142;
2016-04-09 12:00:00;0.9999908398605507;0.9998707898170138;1.0;0.9999955443211257;0.9999841470283256;1.0;1.0;0.9999460556231613;0.9999484959845879;1.0000903869706756;0.9999512649257657;0.9999935991987278;1.0;1.0;0.9999219148700904;0.9999250416696625;0.9999260518329972;1.0;1.0001271480065148;0.9999884436093228;0.999988252363593;0.9998815422860757;0.99992562664059;0.9999997450309468;1.0002093882646805;1.0;0.9998985903582294;1.0000242845930412;0.9995856734969801;0.9996025573714731;0.9999999999999999;0.9996310097692997;0.9999651433633577;0.9987587458698126;0.9985222645717706;0.9997357251694394;1.0;0.9999912732606052;1.0001977820892414;0.99997005457963;0.999992674303963;1.0;0.9999963602098563;1.024999976158142;
2016-04-09 12:15:00;0.9999895779388162;0.9999093045610575;1.0;0.9999942354936339;0.9999914182233632;1.0;1.0;0.9999507960582631;0.9999735874935429;1.0000813091954746;0.999964817758224;0.9999935472166475;1.0;1.0;0.9999119522627886;0.9999154320907336;0.9999171339737472;1.0;1.0001146765262332;0.9999940913533549;0.9999872767987263;0.9999212867668358;0.9999165187755371;0.9999993071739325;1.0001905736099879;1.0;0.9999308525438347;1.000021883102138;0.9996383905657513;0.9996638681391689;1.0;0.9997126554683518;0.9999801575120418;0.9990624435881593;0.9988698122803952;0.9997742838742045;1.0;0.999992448376171;1.0001795561152667;0.9999828642036097;0.9999921559433141;1.0;0.9999962523979418;1.024999976158142;
2016-04-09 12:30:00;0.9999908545324383;0.9999227659671542;1.0;0.9999945829192999;0.9999925353430011;1.0;1.0;0.9999504668734303;0.9999761643281462;1.000085601909688;0.999967643523773;0.9999939647294762;1.0;0.9999999999999999;0.9999124355651359;0.9999144331204499;0.9999160777564164;1.0;1.000119743266629;0.9999946675580638;0.9999882576864038;0.9999296164922031;0.9999154838352365;0.9999991963296169;1.0001968179683012;1.0;0.9999377356585629;1.0000230381448862;0.9996244677086923;0.9996346332965764;1.0;0.9996652733954221;0.9999832990324684;0.9988831410932818;0.9986599528368185;0.999753977938414;1.0;0.999990860432545;1.0001857340733937;0.9999856263713354;0.9999926797493291;1.0;0.999996795098757;1.024999976158142;
2016-04-09 12:45:00;0.9999899391179917;0.9999280902078863;1.0;0.9999947273060692;0.9999939009081723;1.0;1.0;0.9999604986508006;0.9999810466010887;1.000082401653472;0.9999710279893472;0.9999938062851845;1.0;1.0;0.9999288533597994;0.999931102253271;0.999932406986694;1.0;1.0001154557581595;0.9999957589547062;0.999986279961727;0.999935807913407;0.9999318659990077;0.9999994916119554;1.000191818191205;0.9999999999999999;0.9999425622164435;1.0000221784080836;0.9996153581629257;0.99965344974053;1.0;0.9997100651940948;0.999986025413987;0.9990558276500576;0.9988674195919847;0.9997709872043289;0.9999999999999999;0.9999916544037751;1.000180971145284;0.9999879414738546;0.9999913393093932;1.0;0.9999966634701111;1.024999976158142;
2016-04-09 13:00:00;0.9999908997646472;0.9999019928550854;1.0;0.9999948722418063;0.9999893422651843;1.0;1.0;0.9999481254527985;0.9999660563674588;1.0000836463140794;0.9999615876786919;0.9999938823004062;1.0;1.0;0.9999133575156768;0.9999162710747285;0.9999177969773763;1.0;1.0001176241652854;0.9999923938995781;0.9999889361121869;0.999912024052892;0.9999172509122801;0.9999993511589413;1.0001937008132515;1.0;0.9999236455698214;1.0000224944510099;0.9996768422506966;0.999671067321473;0.9999999999999999;0.999698291709997;0.9999761305770802;0.998987372609412;0.9987722950880153;0.9997821786095116;1.0;0.9999900664615023;1.0001827367140204;0.9999794524744865;0.999993179833431;0.9999999999999999;0.9999965390849246;1.024999976158142;
2016-04-09 13:15:00;0.9999858440976931;0.9999076158513878;0.9999999999999999;0.9999919820056795;0.9999928434547507;1.0;1.0;0.9999388590759615;0.9999779451617613;1.000080451736327;0.9999609579644796;0.9999938487607114;1.0;0.9999999999999999;0.9998855953385212;0.9998884642279332;0.9998907210281537;1.0;1.0001131497468938;0.9999950636057573;0.9999811431640321;0.9999175033158678;0.9998898604738009;0.9999989544155411;1.0001924062326124;0.9999999999999999;0.9999254723398091;1.0000216438225407;0.999704457034278;0.9997000504614237;1.0;0.999700631651144;0.9999834675635442;0.9990081013649222;0.998813187095546;0.9997751140490296;0.9999999999999999;0.9999916544037751;1.0001807973006347;0.9999857246421232;0.9999881544370464;0.9999999999999999;0.9999965345746846;1.024999976158142;
2016-04-09 13:30:00;0.9999689142757232;0.9998661771240138;1.0;0.9999853982929058;0.9999938308689998;1.0;1.0;0.999925990437486;0.9999804597932379;1.0000760581448833;0.9999407100791948;0.9999938437759422;1.0;1.0;0.9998600695225712;0.9998619173749447;0.9998641524833848;1.0;1.0001065955328154;0.9999956042310285;0.9999506100076098;0.9998725221310611;0.9998627811960341;0.9999993575216474;1.0002047776051033;0.9999999999999999;0.9998792565399897;1.000020409839498;0.9997124376229869;0.9996963948385245;1.0;0.9996874139520187;0.9999860824107543;0.9989646918142122;0.9987579395258571;0.9997649746547954;1.0;0.9999916544037751;1.0001909281655756;0.9999880124182506;0.9999679689188409;1.0;0.9999967761590118;1.024999976158142;
2016-04-09 13:45:00;0.9999617953869142;0.9998289832729012;1.0;0.9999824450468564;0.9999914224044044;1.0;1.0;0.9999134599176878;0.9999730698276021;1.0000764077044035;0.9999263794344605;0.9999935904345538;0.9999999999999999;1.0;0.9998380310518084;0.9998408873023366;0.9998433861447905;1.0;1.0001078088410922;0.9999939296700332;0.9999394574054687;0.999838795614777;0.9998417709892511;0.9999994344280325;1.0002159557116952;1.0;0.9998482114628765;1.0000204544366957;0.9996733468466434;0.9996549822576993;0.9999999999999999;0.9996570512827039;0.9999804920882301;0.9988537608990127;0.9986193829007146;0.9997492629121064;1.0;0.9999924483761709;1.0002006799710412;0.9999831831639499;0.9999607498988565;1.0;0.9999964208027752;1.024999976158142;
2016-04-09 14:00:00;0.9999869312408454;0.9999119466577985;1.0;0.9999936820493205;0.9999931342753737;1.0;1.0;0.9999597597417932;0.9999795485572553;1.0000799708839552;0.9999666205651232;0.9999932241206497;0.9999999999999999;1.0;0.9999257454159247;0.9999293302341788;0.9999307012299258;1.0;1.0001128912071493;0.9999954214855067;0.9999821646160162;0.9999242899941404;0.9999300834228798;0.9999996300708693;1.0001917650806436;0.9999999999999999;0.9999320999087699;1.0000215205868996;0.9997047159231703;0.9996856316942332;1.0;0.9996939516357155;0.9999836981627969;0.9989989640601799;0.9987823840805201;0.9997612945932244;1.0;0.9999916544037751;1.0001805153906451;0.9999858824102715;0.9999887418393201;0.9999999999999999;0.999996081303913;1.024999976158142;
2016-04-09 14:15:00;0.9999877494617473;0.999919423478723;0.9999999999999999;0.9999938416200714;0.9999936384379207;1.0;0.9999999999999999;0.9999578763015408;0.9999804047375705;1.0000782918178834;0.9999677014149925;0.9999932615259843;1.0;1.0;0.9999234398868889;0.9999259781595593;0.9999273550775395;1.0;1.0001099451958642;0.9999956128064166;0.9999827746992411;0.9999281537670015;0.999926739478399;0.9999995239460668;1.0001860320677634;1.0;0.999935241981149;1.0000210685859623;0.999742780641564;0.9997218386879515;1.0;0.999731797984779;0.9999853225794699;0.9991308012449783;0.9989348584388819;0.9997852812892551;0.9999999999999999;0.9999916544037751;1.000175209189178;0.9999873252413917;0.9999890664560747;1.0;0.9999963481395859;1.024999976158142;
2016-04-09 14:30:00;0.9999911816641295;0.9999284005350487;1.0;0.9999954446734038;0.9999930628165671;1.0;1.0;0.9999616928542594;0.9999775537857961;1.0000842440560045;0.9999706360442363;0.999994458677934;1.0;1.0;0.9999355761068528;0.999937045509368;0.9999380881080884;1.0;1.000117543326285;0.99999497600125;0.9999874142747862;0.9999334456402389;0.9999376271084159;0.9999995922707676;1.0001937349957166;0.9999999999999999;0.9999409284788492;1.0000226746099408;0.9997342132812601;0.9997146051936464;1.0;0.9996333528583828;0.9999846978055241;0.9987470872264951;0.9985507440443528;0.9997506315757464;1.0;0.9999916544037751;1.0001830497030808;0.9999868480685701;0.9999919899493199;1.0;0.9999971444935455;1.024999976158142;
2016-04-09 14:45:00;0.9999857804875522;0.9999230133085044;0.9999999999999999;0.9999932159436449;0.999995138547612;1.0;1.0;0.9999615730307909;0.9999853943617287;1.0000781155856637;0.9999688558474916;0.9999941124684317;0.9999999999999999;1.0;0.9999276389734276;0.999930024391864;0.9999312980055782;1.0;1.0001095931595259;0.9999967329221385;0.9999789861789868;0.9999312393204784;0.9999306436248038;0.9999996431602811;1.0001881908541013;0.9999999999999999;0.9999367411860295;1.0000210276084704;0.9997564377647116;0.9997289290057421;1.0;0.9996715180522053;0.9999885381199837;0.9988936055691447;0.9986982795812074;0.9997655694925294;1.0;0.9999920672329304;1.0001771142871714;0.999990081215515;0.9999865462574036;0.9999999999999999;0.9999967692535616;1.024999976158142;
2016-04-09 15:00:00;0.9999661935790869;0.9998491236275503;1.0;0.999984877371931;0.9999927331308379;1.0;1.0;0.999930922371406;0.9999778996887188;1.000072745761528;0.9999369923737076;0.9999936023713999;1.0;1.0;0.9998692895177951;0.9998725304231546;0.9998745162243607;0.9999999999999999;1.0001028785585049;0.9999950210617251;0.9999465769883111;0.9998603124433367;0.9998731494573909;0.9999997205085976;1.000203016913388;1.0;0.9998684648267134;1.000019501204735;0.9997739109099169;0.99971866663275;1.0;0.9996957434270356;0.9999830355129328;0.9989874642958018;0.9987607963476243;0.9997744937931092;1.0;0.9999912732606052;1.000188955820696;0.999985334762198;0.9999653830301913;1.0;0.9999963343530025;1.024999976158142;
2016-04-09 15:15:00;0.9999704606187422;0.9998629189963394;0.9999999999999999;0.9999859729330636;0.999993285073374;1.0;1.0;0.9999285106482143;0.9999803978750449;1.0000737135622935;0.9999429447613915;0.9999933552194744;0.9999999999999999;1.0;0.9998606654685035;0.9998646667747462;0.9998671436884309;1.0;1.000104599326717;0.9999955941471151;0.9999554199114652;0.9998767077067087;0.9998658057124671;0.99999930414168;1.0001993353589393;1.0;0.9998844286269222;1.0000197889764673;0.9997702284096264;0.9997216396083276;1.0;0.9996962695629575;0.9999837774793771;0.998990159681915;0.9987711270377112;0.9997742259445723;0.9999999999999999;0.9999916544037751;1.0001856990411189;0.9999859288948613;0.9999713358166566;1.0;0.9999960410321219;1.024999976158142;
2016-04-09 15:30:00;0.9999809627184536;0.9999022801914237;1.0;0.9999912239075219;0.9999943170534618;1.0;1.0;0.9999550744734409;0.9999832455143556;1.0000769655733908;0.9999610102816219;0.9999935840151811;1.0;1.0;0.999914471489262;0.9999176331080762;0.999919098381655;1.0;1.0001084973465109;0.9999962445092822;0.9999714801996442;0.999913179399887;0.9999182758834307;0.9999996931534583;1.000192670529745;0.9999999999999999;0.9999196845160795;1.0000207043845177;0.9998019042154522;0.9997345659302106;1.0;0.9996526974739215;0.9999864033483116;0.9988177597846823;0.9985920737635616;0.999760644894014;0.9999999999999999;0.999990860432545;1.000180782647701;0.9999882155771981;0.9999816928857288;1.0;0.9999963450262676;1.024999976158142;
2016-04-09 15:45:00;0.9999915336529791;0.9999245354296767;0.9999999999999999;0.9999956889619399;0.9999926414601829;1.0;0.9999999999999999;0.9999642426950335;0.9999771053120465;1.000078382672118;0.9999712570355306;0.9999931232633681;1.0;1.0;0.9999385927476175;0.999941255084003;0.9999423380653811;1.0;1.0001101324599817;0.9999948776827842;0.9999890497012559;0.9999336997537306;0.9999419020095353;0.9999996421176686;1.000181688903481;1.0;0.9999418487485966;1.0000210976134847;0.9998192566228787;0.9997644427027708;1.0;0.9997198295759402;0.999983169124789;0.9990785939911413;0.9988812084571644;0.9997848318344738;1.0;0.9999920672329303;1.0001715332916545;0.9999854791035755;0.9999931657436142;0.9999999999999999;0.9999962560290783;1.024999976158142;
2016-04-09 16:00:00;0.999993682748954;0.9999401462572086;1.0;0.9999970373565371;0.9999938696980558;1.0;1.0;0.9999752330164096;0.9999806512431932;1.0000783707075485;0.9999775482748746;0.9999938271782787;1.0;0.9999999999999999;0.999960033981811;0.9999619201080134;0.9999625279566623;0.9999999999999999;1.0001096417201343;0.9999956735389048;0.9999914187239178;0.9999466372546527;0.9999622447285402;0.9999998728224733;1.0001786978087595;1.0;0.9999533624576916;1.0000210994081677;0.9998361935736495;0.9997620899577715;1.0;0.9997180677672397;0.9999861579354327;0.9990686432597735;0.9988528858384648;0.999786289173506;1.0;0.999991654403775;1.0001690931391376;0.9999880737943724;0.9999945876072641;1.0;0.9999967595612996;1.024999976158142;
2016-04-09 16:15:00;0.9999806617895487;0.9998893248524762;1.0;0.999990836912051;0.9999921928243652;1.0;1.0;0.9999453299462582;0.9999756444142018;1.0000741579575223;0.9999547157983688;0.9999937194920999;1.0;1.0;0.9999011207954253;0.9999038592070578;0.9999054763478075;0.9999999999999999;1.0001044015300644;0.9999945370963698;0.9999709102239988;0.9998987798964053;0.9999046043615919;0.9999995570579453;1.0001865187122114;1.0;0.9999074089882781;1.0000199322541121;0.999863859903935;0.9997938696049989;0.9999999999999999;0.9997241226941738;0.9999821845843909;0.9991035501271118;0.9989120325614843;0.9997807099681022;1.0;0.9999920672329303;1.0001748707942566;0.9999846341752774;0.9999813096998927;1.0;0.9999965073196544;1.024999976158142;
2016-04-09 16:30:00;0.999964716268181;0.9998296446286412;1.0;0.9999838171116396;0.9999899565923229;0.9999999999999999;1.0;0.999915004271612;0.999967690192597;1.0000727642631726;0.9999268772897258;0.9999937874070898;1.0;1.0;0.999846100168872;0.9998485044730241;0.9998507649472583;1.0;1.0001024724527006;0.9999927312222275;0.9999438199652347;0.9998379427589944;0.9998492793769317;0.9999994942520336;1.0002040250022177;1.0;0.9998487976817262;1.0000194819879176;0.9998475775574229;0.9997723972987753;1.0;0.9996681938095033;0.999977661671535;0.9988727670156905;0.9986641639776186;0.9997697113386599;1.0;0.9999920672329303;1.0001897247690166;0.9999807902489203;0.9999635523392992;1.0;0.9999966177758686;1.024999976158142;
2016-04-09 16:45:00;0.9999375757550494;0.9997759328127174;1.0;0.9999721064399615;0.99999464375647;1.0;1.0;0.999890198363338;0.9999847393312578;1.0000663966538024;0.9999015004504851;0.9999932453061677;1.0;1.0;0.9997806735092241;0.9997843214702542;0.9997876847646108;1.0;1.0000947602513879;0.9999965008071539;0.9998991796925752;0.9997884911210623;0.999785189384466;0.9999995153627911;1.0002270474760904;1.0;0.9997947045077498;1.0000176299307117;0.9998724257660451;0.9997819884640701;1.0;0.9995783755992028;0.999986799151027;0.998536553540468;0.9983241153368162;0.9997287406089012;1.0;0.9999908604325449;1.0002084288606616;0.9999885285030703;0.9999344396776981;1.0;0.9999960756734123;1.024999976158142;
2016-04-09 17:00:00;0.9999786452104007;0.9998777986744571;1.0;0.9999905585086123;0.9999911197756977;0.9999999999999999;1.0;0.9999481673217075;0.9999718251111217;1.00007642159912;0.9999507152638291;0.9999938459367654;1.0;1.0;0.9999102813597338;0.9999128419255366;0.999914066891308;1.0;1.00010745306961;0.9999936757737897;0.9999666062390705;0.9998866006026566;0.9999132206739231;0.9999998846377297;1.0001944730974224;1.0;0.9998963013476586;1.0000205329412093;0.9998325849212857;0.9997636638289555;1.0;0.9996610801764698;0.9999800384021454;0.9988429115462866;0.9986341810968744;0.9997686508219407;1.0;0.9999912732606052;1.0001823629312854;0.9999828096137976;0.999978407151052;1.0;0.9999966069485752;1.024999976158142;
2016-04-09 17:15:00;0.9999809739630839;0.9998891412904224;1.0;0.9999910851976637;0.9999920178652302;0.9999999999999999;1.0;0.9999471984514903;0.9999751335617801;1.0000752106049238;0.9999551320808783;0.9999933527291516;1.0;1.0;0.9999050843209969;0.9999079375171406;0.9999094671487309;1.0;1.0001059348854697;0.9999944204731921;0.9999714222839925;0.9998989551007403;0.999908626320734;0.9999996210178369;1.0001886402769906;1.0;0.9999077809716674;1.0000202128154285;0.9998659285151064;0.999793784187304;1.0;0.9996918354158375;0.9999817591450815;0.9989399968873691;0.9987469827936938;0.999794967370768;1.0;0.9999908604325448;1.000176935615174;0.9999842642382261;0.9999816402571019;1.0;0.9999963141403008;1.024999976158142;
2016-04-09 17:30:00;0.9999659079891035;0.9998648241117539;0.9999999999999999;0.9999848904838573;0.999995136904783;1.0;1.0;0.9999367598936901;0.9999852581729961;1.0000684364818802;0.9999417584173758;0.9999940390003872;1.0;1.0;0.9998778346846402;0.9998800737037852;0.9998818698880887;1.0;1.0000962968803764;0.9999966734707019;0.9999449361697756;0.9998725438942523;0.9998805152402835;0.999999792509234;1.0001933627373465;1.0;0.9998780028523228;1.0000183486814491;0.9998628999052095;0.9997999763670116;1.0;0.9997257024968113;0.9999886039990633;0.9990546747275383;0.9988727042410778;0.9998186673101296;1.0;0.9999924483761709;1.0001798649427116;0.9999901455666523;0.9999641862507085;0.9999999999999999;0.9999967709831826;1.024999976158142;
2016-04-09 17:45:00;0.9999452473605525;0.9997751841177389;1.0;0.9999750042387866;0.9999909237544982;0.9999999999999999;1.0;0.9998869087669358;0.9999723796520422;1.000067380962929;0.999902804698381;0.9999931249844308;0.9999999999999999;1.0;0.9997821447847082;0.9997861903609446;0.9997896118291806;1.0;1.0000963496334814;0.9999937291594369;0.9999130931250093;0.9997891153906607;0.9997873380957254;0.9999992927053803;1.0002192746475496;1.0;0.9997992718414114;1.000017898720454;0.999823970429569;0.9997485653448781;1.0;0.9996538390438807;0.9999788044934664;0.998791565038691;0.9985674843621695;0.9997818089825604;1.0;0.9999908604325448;1.0002017546466513;0.9999816771552994;0.9999436467876756;0.9999999999999999;0.999995926321816;1.024999976158142;
2016-04-09 18:00:00;0.9999326045109974;0.999698258466318;1.0;0.9999702134153428;0.9999848644992846;1.0;1.0;0.9998688976902296;0.9999537423968322;1.0000591492789497;0.999875288235891;0.9999919906418071;1.0;1.0;0.9997543695592578;0.9997608960991582;0.9997644730426316;1.0;1.0000868868084256;0.9999894811196284;0.9998935328279355;0.9997207110557704;0.9997618584106224;0.9999996986701953;1.0002217608469706;1.0;0.9997375962276541;1.000015507547756;0.9998649693427198;0.9997764016068834;0.9999999999999999;0.9997180736874756;0.9999647694974843;0.99902836614868;0.9988090107020186;0.9998136402546273;1.0;0.9999920672329304;1.0002025351824655;0.9999695552398847;0.9999310206423577;1.0;0.9999948210055004;1.024999976158142;
2016-04-09 18:15:00;0.999974170031301;0.9998611159424033;1.0;0.999988115562186;0.9999912423739894;1.0;1.0;0.999937395968828;0.9999738185444097;1.0000733824661505;0.9999450067359443;0.9999932029354991;1.0;1.0;0.9998827514148381;0.9998872238024562;0.99988920059571;1.0;1.0001044087633189;0.9999941198525316;0.9999615069332546;0.9998764915355802;0.9998880932470475;0.9999996034480452;1.0001947675305134;0.9999999999999999;0.9998864223412932;1.0000197040465244;0.9998143372474327;0.9997554821725885;1.0;0.9996767745229261;0.9999792568764725;0.9988641748516288;0.9986579248534393;0.99980127214173;1.0;0.9999912732606054;1.00018184332647;0.9999820409182559;0.9999753093123274;1.0;0.9999958597182127;1.024999976158142;
2016-04-09 18:30:00;0.9999374692735953;0.9997584149043308;1.0;0.9999726968818514;0.9999912976473645;1.0;0.9999999999999999;0.9998906119075536;0.9999725573754242;1.0000626873754639;0.9998947300356693;0.9999937138247907;1.0;1.0;0.999792584906188;0.9997953360234466;0.9997980952854177;1.0;1.00008926876338;0.9999937436061321;0.9998974968823787;0.9997678652514858;0.9997957203224185;0.9999998870345096;1.0002196593160366;1.0;0.9997773612567167;1.000016563426692;0.9998317424114862;0.9997634947438494;1.0;0.9996987177212986;0.9999802737902375;0.9989467860053579;0.9987370154722492;0.9998109712540714;1.0;0.9999924483761709;1.000201576064901;0.9999830017760954;0.999933180071706;1.0;0.9999965016523296;1.024999976158142;
2016-04-09 18:45:00;0.9999714406089666;0.9998565612682047;1.0;0.9999869256106362;0.9999915490488958;0.9999999999999999;1.0;0.9999330996797027;0.9999742025259516;1.0000750319431637;0.9999413406555292;0.9999929964518071;1.0;0.9999999999999999;0.9998754418140485;0.9998791124584606;0.9998811077410298;1.0;1.0001062676205277;0.9999941981756303;0.9999561496466797;0.9998691926317927;0.9998799013150707;0.9999996014171468;1.0002013193597843;1.0;0.9998786512853618;1.0000201290009323;0.999833513748428;0.9997587336776225;1.0;0.9996331788578985;0.9999803285836176;0.9986869579876878;0.9984702340131503;0.9997908815801808;1.0;0.9999920672329302;1.0001878371467594;0.9999829992512557;0.9999717206715892;1.0;0.9999959578619012;1.024999976158142;
2016-04-09 19:00:00;0.9999834784379337;0.999898506987696;0.9999999999999999;0.9999917716553586;0.9999925877818739;1.0;0.9999999999999999;0.9999473125207415;0.9999775530410425;1.0000792701850718;0.9999594183472317;0.9999937912550798;0.9999999999999999;1.0;0.9999022154167161;0.9999056282834856;0.9999074189493552;0.9999999999999999;1.0001118652355987;0.9999949664608081;0.99997668704702;0.9999102732319377;0.9999066040148442;0.9999994030044108;1.000194229267954;1.0;0.9999186216701234;1.0000213145956205;0.9997773528304893;0.9996982592868721;1.0;0.9996516309966733;0.999982649324351;0.9987556321311447;0.998495226303999;0.9997995863328567;0.9999999999999999;0.9999900664615023;1.0001823919857142;0.9999849950920188;0.9999851869043888;1.0;0.9999963786818407;1.024999976158142;
2016-04-09 19:15:00;0.9999729916435793;0.9998727112132161;1.0;0.9999876263984264;0.9999938474131409;1.0;1.0;0.9999424580919202;0.9999828660677814;1.0000717285555931;0.9999495495369635;0.9999933051386463;0.9999999999999999;1.0;0.9998859870889079;0.9998906275987437;0.9998926572131192;1.0;1.0001021924006805;0.9999961514780744;0.9999596210527282;0.9998887425643443;0.9998915046971866;0.999999609601677;1.0001928087317216;1.0;0.9998960139194187;1.0000192684813018;0.9997965543195071;0.9997303154273931;1.0;0.9996918452922687;0.9999846095867101;0.9989038475042058;0.9986741710165329;0.9998195454076675;1.0;0.9999912732606054;1.000179838922147;0.9999866058182266;0.9999740783716419;1.0;0.9999958657639941;1.024999976158142;
2016-04-09 19:30:00;0.9999851640733437;0.9999036982261273;1.0;0.9999933753448101;0.9999929526142932;1.0;1.0;0.9999648758573085;0.9999798268557903;1.000075117877924;0.9999656021454978;0.9999930385298272;1.0;1.0;0.9999338564275799;0.9999385036602861;0.9999397079503978;1.0;1.0001068112155902;0.9999954813298922;0.9999796401186289;0.9999197283222397;0.9999390963673945;0.9999998805915725;1.000184895591595;1.0;0.9999279375701368;1.000020210319464;0.9998209656852933;0.9997607078188097;1.0;0.9996860813327798;0.9999827452598766;0.9988888319040689;0.9986843409712559;0.999812452661062;1.0;0.9999908604325451;1.0001737809855757;0.9999850116565839;0.9999871342509877;1.0;0.9999957437097454;1.024999976158142;
2016-04-09 19:45:00;0.9999617371069788;0.9998417977647285;1.0;0.9999829243701945;0.9999939618761977;0.9999999999999999;1.0;0.9999283656342404;0.9999827686775755;1.0000681624241539;0.9999342838918678;0.9999935531050173;1.0;1.0;0.9998587531400273;0.9998628245343351;0.9998650817985394;1.0;1.0000970710824013;0.999996106242323;0.9999398792559924;0.999855800871173;0.999863540437;0.9999997056051977;1.000199618903313;1.0;0.9998628246529279;1.0000182503404453;0.9998336058299201;0.9997751642131654;1.0;0.9996987812884685;0.9999851584062752;0.998935631836737;0.9987418700837966;0.9998187591413958;0.9999999999999999;0.9999920672329303;1.0001851304478888;0.9999871039849901;0.9999610758386174;1.0;0.9999961137310002;1.024999976158142;
2016-04-09 20:00:00;0.9999710874835537;0.9998505200162431;1.0;0.9999870045218394;0.9999914588601908;0.9999999999999999;1.0;0.9999387300641016;0.9999757333953748;1.0000714570905933;0.9999427793900347;0.9999923581539332;1.0;1.0;0.9998812116022093;0.9998870737770019;0.9998891418668879;1.0;1.0001025929028662;0.9999945447600165;0.9999573683069455;0.9998707401938719;0.9998879513201239;0.9999997246406436;1.000195992322834;1.0;0.9998807229604519;1.0000191759604153;0.9998524374434158;0.9997722966508603;0.9999999999999999;0.9996531262164109;0.9999789563155028;0.9987500192187636;0.9985366065525833;0.9998078804974272;1.0;0.9999916544037752;1.0001825763298382;0.9999817104778643;0.9999727023109715;1.0;0.9999951459776923;1.024999976158142;
2016-04-09 20:15:00;0.9999671015502191;0.9998382183899409;1.0;0.999984745191341;0.9999924840605501;0.9999999999999999;1.0;0.9999321172927519;0.9999818208065784;1.0000691592379827;0.9999406808296432;0.999991370779588;1.0;1.0;0.9998566060062248;0.9998655727722935;0.9998685217388034;1.0;1.0001012648547087;0.999995906529911;0.9999542751896984;0.999869131062626;0.9998670787813074;0.9999994259342193;1.0001981605896;1.0;0.9998786463367908;1.0000185535447759;0.999816823970885;0.99973359395681;1.0;0.9996625279059246;0.9999794271639383;0.9987910502805528;0.9985496065050793;0.999808214788257;1.0;0.9999904792909119;1.0001837766035093;0.9999819472921807;0.9999710370315807;1.0;0.9999939582000861;1.024999976158142;
2016-04-09 20:30:00;0.9999617042006351;0.999801263607678;1.0;0.9999826568512685;0.9999884099253157;1.0;0.9999999999999999;0.9999164783388739;0.9999667011388533;1.0000667814349917;0.9999233724439445;0.999991672263023;1.0;1.0;0.9998390799714065;0.9998466280054229;0.999849422966819;1.0;1.000097299581189;0.9999924974606604;0.9999435668727028;0.9998272603117526;0.9998478332845966;0.999999574925919;1.0001995105562054;0.9999999999999999;0.9998407068293569;1.000017849439361;0.9998343753949933;0.9997627230216012;0.9999999999999999;0.9997229868400394;0.9999716545698645;0.999028555396805;0.9988144679703281;0.9998282548773233;1.0;0.9999920672329302;1.0001846188366716;0.9999753836769308;0.9999638638326925;1.0;0.9999944332688311;1.024999976158142;
2016-04-09 20:45:00;0.9999794948743186;0.9998452236051781;1.0;0.9999906875520114;0.9999883181294482;1.0;1.0;0.9999518708507966;0.9999696332500309;1.0000702251103606;0.9999514390842411;0.9999897715658347;0.9999999999999999;1.0;0.9999006604347035;0.9999120867712246;0.9999143803294193;1.0;1.000104119852222;0.9999931901754954;0.9999769327134905;0.9998845883381646;0.9999134957053137;0.9999997515240064;1.0001870544577018;1.0;0.9998988977339164;1.0000188705486508;0.9998558083719175;0.9997839642898692;1.0;0.999697089862057;0.9999693825403663;0.9989328083082242;0.9987331169749658;0.9998156024004279;0.9999999999999999;0.9999916544037752;1.0001744921450229;0.999973235783738;0.9999860435499752;1.0;0.9999926480915594;1.024999976158142;
2016-04-09 21:00:00;0.9999857244102622;0.9998618884731162;1.0;0.9999933457198341;0.9999871774380661;1.0;1.0;0.999953993246201;0.9999636338446736;1.000073306636114;0.9999554416830397;0.9999913306048407;1.0;0.9999999999999999;0.9999147354035526;0.9999236166813107;0.9999254334597292;1.0;1.0001068488278697;0.9999918519936494;0.9999850618184521;0.999892513169245;0.9999247882757649;0.9999997356868303;1.0001835439493345;1.0;0.9999075282384847;1.0000197103549773;0.9998269354494547;0.9997623948151613;1.0;0.9997150722705648;0.9999683716650598;0.9989965237153255;0.9987885682191008;0.9998262774771343;1.0;0.999990479290912;1.0001720867367216;0.9999725075123258;0.9999911344590792;1.0;0.9999939605824796;1.024999976158142;
2016-04-09 21:15:00;0.9999865310617062;0.9998683145127424;0.9999999999999999;0.9999933211399986;0.9999880052297997;0.9999999999999999;1.0;0.999952375377749;0.999966778135003;1.0000738518531231;0.9999579393217939;0.9999908975732232;1.0;1.0;0.9999081950146167;0.9999174646361805;0.9999195708874792;1.0;1.000107832266119;0.9999925558156801;0.999987264972037;0.9999002372766942;0.9999188924535769;0.9999995309196521;1.000183646697487;1.0;0.999914463592648;1.0000198581663169;0.9998455563955148;0.9997759221891516;1.0;0.9997093949360413;0.99996989991318;0.9989747120540088;0.9987713721774935;0.9998240704689629;1.0;0.9999908604325449;1.0001721524953846;0.999973791716049;0.9999926574878325;1.0;0.9999936721042838;1.024999976158142;
2016-04-09 21:30:00;0.9999849753582273;0.9998680426239376;1.0;0.9999930203639059;0.9999885368563382;1.0;0.9999999999999999;0.9999562188923009;0.9999682707035611;1.0000757180422641;0.9999576361790008;0.9999909647047526;1.0;1.0;0.9999158528342422;0.9999247347029885;0.9999265796990378;1.0;1.0001101959190564;0.9999928850132043;0.999983800988828;0.9998985900207319;0.9999259063581394;0.9999997354190053;1.000189737827254;1.0;0.9999121866807419;1.0000203569105282;0.9998518153997114;0.9997754909411921;1.0;0.9996522087094689;0.9999712289871228;0.9987596209676817;0.9985518038574076;0.9997986142318966;1.0;0.9999912732606053;1.0001778944764947;0.9999749467247108;0.9999903075644241;1.0;0.999993795065542;1.024999976158142;
2016-04-09 21:45:00;0.9999837475317526;0.9998540437848984;1.0;0.9999920686226352;0.99998729029913;0.9999999999999999;1.0;0.99994713020771;0.999965021708078;1.000073988009508;0.999952872582891;0.9999908093196931;1.0;1.0;0.9998971472630246;0.9999072245842323;0.9999095538432493;1.0;1.0001085298661776;0.9999921569328011;0.9999834073540401;0.9998887865594972;0.9999087605979989;0.9999995047699043;1.0001881931849355;1.0;0.9999039154201493;1.0000198835872722;0.9998209905319296;0.9997532720657619;1.0;0.9996960155307091;0.9999679649717005;0.9989217375768917;0.9987056389836978;0.9998199093343334;1.0;0.9999912732606053;1.0001760754502007;0.9999720959476136;0.99999021348761;1.0;0.9999934392959609;1.024999976158142;
2016-04-09 22:00:00;0.9999834754003518;0.9998428447447736;1.0;0.9999923079934827;0.9999859255364566;1.0;1.0;0.9999502313741917;0.999961339926961;1.0000712462285861;0.999951018178676;0.9999903006355711;1.0;1.0;0.9999038205684262;0.9999150652509332;0.9999172577209867;1.0;1.0001054329969654;0.9999913308469033;0.9999836471283674;0.9998816348500887;0.999916510316971;0.9999997016875685;1.000183955010173;1.0;0.9998984073927691;1.0000191425689344;0.9998450702107475;0.9997744641632216;1.0;0.9997334241985436;0.9999644759999359;0.9990605321130188;0.9988548093776599;0.9998378770221458;1.0;0.9999912732606052;1.000171979000485;0.9999690535641124;0.9999904396474604;0.9999999999999999;0.999992930610501;1.024999976158142;
2016-04-09 22:15:00;0.9999856343245611;0.9998666391552238;1.0;0.9999928652386835;0.9999880452750308;1.0;1.0;0.9999496325016142;0.9999666024101843;1.000072633198563;0.999956341952668;0.9999913249045708;1.0;1.0;0.9999035322509111;0.9999124265097438;0.9999145799772088;1.0;1.0001059294431898;0.9999925148297948;0.9999854666773778;0.9998972608140635;0.999913857448391;0.9999994933484747;1.0001817915535975;1.0;0.9999113725831359;1.0000195273125447;0.9998351117612813;0.9997707640562089;1.0;0.9997397600894166;0.999970187688082;0.9990816751801045;0.99887873105427;0.9998425256601504;1.0;0.9999916544037751;1.0001703082833144;0.9999740573162623;0.9999914534972303;0.9999999999999999;0.9999939548821946;1.024999976158142;
2016-04-09 22:30:00;0.9999820433176477;0.9998356267096616;1.0;0.9999918130711952;0.9999850626275507;1.0;1.0;0.999946424373236;0.9999575480882356;1.0000725125059522;0.9999465707123637;0.9999907888422997;0.9999999999999999;1.0;0.9999010304363308;0.9999112764067859;0.9999133253616113;1.0;1.0001066105933067;0.9999904782206344;0.999980108675754;0.9998709465782392;0.9999125488858215;0.9999997709612821;1.0001878467367407;1.0;0.9998884133701651;1.0000194770444333;0.9998154708904989;0.9997537178850663;1.0;0.999719720825372;0.9999632078435976;0.9990084342733982;0.9987972565023138;0.9998321572718883;1.0;0.999990860432545;1.000175645760188;0.9999680234349224;0.9999880154952118;1.0;0.9999933897731477;1.024999976158142;
2016-04-09 22:45:00;0.9999822771926181;0.9998132056423327;1.0;0.9999916613950637;0.9999815215523962;1.0;1.0;0.9999355227001973;0.9999459850722692;1.000074302498286;0.9999384783018112;0.9999903082730791;1.0;1.0;0.9998856165694385;0.9998966097525296;0.9998989210779812;1.0;1.000109504470986;0.9999879102179288;0.9999815165864927;0.9998511275520571;0.9998981064490353;0.999999628388895;1.0001917070443536;1.0;0.9998723744155394;1.0000199697798207;0.9998179483626524;0.999737112115587;1.0;0.9996619064241155;0.9999553460641905;0.9987865272744395;0.9985495413116598;0.999809446935602;0.9999999999999999;0.9999908604325448;1.0001792203159103;0.9999612739722136;0.9999890356063311;1.0;0.9999929940775433;1.024999976158142;
2016-04-09 23:00:00;0.9999811589810951;0.9998339730706035;1.0;0.9999911369670577;0.9999851299489598;1.0;1.0;0.9999407846620109;0.9999575228344524;1.000072988175198;0.9999446161605506;0.9999903170564085;1.0;1.0;0.9998901697112356;0.99990011035396;0.9999023748242191;0.9999999999999999;1.0001071134406867;0.9999904676477488;0.9999786847024394;0.999868206556517;0.9999015194675045;0.9999996108316238;1.0001895227194846;1.0;0.9998855419143874;1.0000195959858185;0.9998263547739267;0.9997617419708297;1.0;0.9997134034976768;0.9999635195832841;0.9989824603637041;0.9987741458862597;0.9998308486530612;1.0;0.999991654403775;1.0001771018950176;0.9999683051713835;0.9999870936897748;1.0;0.9999932494291363;1.024999976158142;
2016-04-09 23:15:00;0.9999846273011223;0.9998735223135469;1.0;0.9999924174487452;0.9999896462139065;1.0;0.9999999999999999;0.9999516551429402;0.9999719608560682;1.000070826023089;0.9999585512967789;0.9999913300475772;1.0;1.0;0.9999039334200204;0.9999127036620099;0.9999148950200729;1.0;1.0001033451657206;0.9999937164613903;0.9999836425104149;0.9999037102206343;0.9999141311574918;0.9999994841134822;1.0001790401371504;1.0;0.9999161347935588;1.0000190439687062;0.9998729882878153;0.9997955776766269;1.0;0.9997507210522527;0.9999736044316464;0.9991326830456921;0.9989345076311632;0.9998407602302786;1.0;0.9999904792909119;1.0001675883731405;0.9999769828636828;0.9999902453277595;1.0;0.9999939868253148;1.024999976158142;
2016-04-09 23:30:00;0.9999895125198164;0.9999187996886036;1.0;0.9999952053380095;0.9999931699832231;1.0;1.0;0.9999704812194885;0.9999802451946099;1.0000719016757302;0.9999718271460092;0.9999931028285135;1.0;1.0;0.999945709916314;0.9999499758683943;0.9999510107216131;1.0;1.0001021163043868;0.9999955774634857;0.9999866983307293;0.9999334528378288;0.9999505574514083;0.9999998550404714;1.0001719961244424;1.0;0.9999413582373617;1.00001935036511;0.9998591680433858;0.999788525589711;1.0;0.9997853286209025;0.9999834162106048;0.999261728424159;0.9990640367484742;0.9998569500878106;1.0;0.9999912732606054;1.0001620178356023;0.9999856039207757;0.9999917309622514;1.0;0.9999958638382715;1.024999976158142;
2016-04-09 23:45:00;0.9999843547563351;0.9998585860546013;1.0;0.9999928022146546;0.9999881786670337;0.9999999999999999;1.0;0.9999588524766921;0.9999692351125783;1.0000677680025567;0.9999579511682797;0.9999899342190748;1.0;1.0;0.9999150408112419;0.9999265211599858;0.9999286248453247;1.0;1.0001007246517262;0.9999931035656668;0.9999851983422937;0.9998981703294241;0.9999279264577929;0.9999997606766308;1.0001755337092286;1.0;0.9999126536089391;1.0000182182594657;0.9998644865705482;0.9997927127970171;1.0;0.9997933334103882;0.9999690712939419;0.9992849571948853;0.999088847591123;0.9998652064692688;1.0;0.9999920672329303;1.0001640722210077;0.9999729659014761;0.9999914639092723;0.9999999999999999;0.9999927087474625;1.024999976158142;
2016-04-10 00:00:00;0.9999871003385746;0.9998854327117241;0.9999999999999999;0.9999939901455646;0.9999902379890044;1.0;1.0;0.9999633926998776;0.9999736943980931;1.000069785650956;0.9999643055206039;0.9999917151988121;1.0;0.9999999999999999;0.9999274013018744;0.9999358121813876;0.9999374948128555;1.0;1.0001016706931485;0.9999941069031265;0.9999868584358254;0.9999143933949711;0.9999369093781182;0.9999997609405956;1.000173797776293;1.0;0.9999261418569734;1.0000187714149056;0.999870051056654;0.9997955029301032;1.0;0.999792477013613;0.9999750408766488;0.9992879438895564;0.9990913994455104;0.9998606081914265;1.0;0.9999904792909121;1.0001630244421138;0.9999782286655365;0.9999922559245639;1.0;0.9999942467746938;1.024999976158142;
2016-04-10 00:15:00;0.9999868152795425;0.9998876693099324;1.0;0.9999932734354396;0.9999905548293627;1.0;1.0;0.9999542478283875;0.9999741618371557;1.0000707005096856;0.9999627204780509;0.9999915635839282;1.0;1.0;0.9999098274098697;0.9999175130839246;0.99991957312131;1.0;1.0001025197926725;0.9999942103557141;0.9999864066574949;0.9999140990910552;0.9999188813790202;0.9999994356564144;1.000174982255211;1.0;0.9999253728797621;1.0000190132879636;0.9998462208745246;0.999779976403757;1.0;0.9998039142838744;0.9999760968980257;0.999324356795595;0.999124556649245;0.9998702033864104;1.0;0.9999916544037752;1.0001640548747357;0.9999791691896321;0.9999919629378743;1.0;0.9999943514054723;1.024999976158142;
2016-04-10 00:30:00;0.9999882611526205;0.9998981391783368;1.0;0.9999944387271961;0.9999910681214007;0.9999999999999999;1.0;0.9999632526381145;0.9999747561079295;1.0000701554563947;0.9999661444533351;0.9999923556124987;1.0;1.0;0.9999307452729463;0.9999370407400215;0.9999385015375554;1.0;1.0001009190504613;0.9999943471551079;0.9999868350914742;0.9999198020206643;0.999937957339495;0.9999997318781594;1.000171305967258;1.0;0.9999302777927839;1.0000188741101168;0.9998822260241845;0.9998105006179416;1.0;0.9998035858136118;0.9999779170964117;0.9993303205416734;0.9991457805057404;0.9998651512355904;1.0;0.9999916544037751;1.0001609745904831;0.9999807987500635;0.9999920424863916;1.0;0.9999950414224617;1.024999976158142;
2016-04-10 00:45:00;0.9999756180838137;0.9997794225230671;1.0;0.999988917580875;0.9999819240554421;1.0;1.0;0.9999412367508259;0.9999544548162281;1.000062581026014;0.9999370551135628;0.9999866913654446;1.0;1.0;0.9998735039796213;0.9998929181996611;0.9998962385563743;0.9999999999999999;1.0000983949119449;0.999989764800933;0.9999783056232437;0.9998462332223694;0.9998951742331396;0.999999708819776;1.0001823092666842;1.0;0.9998687014100658;1.0000167683920373;0.9998834365554257;0.9998082239958515;0.9999999999999999;0.9998078875045833;0.9999517006373372;0.9993449706480878;0.9991558761359466;0.9998681102203274;1.0;0.9999912732606053;1.000168736109874;0.9999577035215399;0.9999877319025406;1.0;0.999989348130858;1.024999976158142;
2016-04-10 01:00:00;0.9999845414514507;0.9998545671911663;1.0;0.999993111548878;0.9999874206078172;1.0;1.0;0.999960871184644;0.9999667720900492;1.000066801404349;0.9999571573696575;0.9999899410113854;1.0;1.0;0.9999206968529349;0.999932339881163;0.9999342777456134;0.9999999999999999;1.00009949938072;0.9999925470782045;0.9999854077194815;0.9998946530046195;0.9999336257429366;0.9999998888610552;1.000173625815502;1.0;0.9999099450788795;1.0000179518319117;0.9998721833832622;0.9998162185956713;0.9999999999999999;0.9998223913525258;0.999967403273504;0.9993959612842234;0.9992284455291891;0.9998770022490885;1.0;0.999990479290912;1.0001623093408638;0.999971531419942;0.9999915897852922;1.0;0.9999926729829851;1.024999976158142;
2016-04-10 01:15:00;0.999991052873593;0.9999105711088943;1.0;0.9999951402630349;0.9999915819088021;1.0;0.9999999999999999;0.999960292489604;0.9999759393117359;1.0000697883376484;0.9999695263577775;0.9999917157138534;1.0;1.0;0.9999251557218883;0.9999307576030522;0.9999324195159806;0.9999999999999999;1.0000999898863587;0.9999946142841495;0.9999915143436011;0.9999298501745171;0.9999318988186706;0.9999994554579532;1.0001658559981237;1.0;0.9999396638467523;1.0000187788499477;0.999911614741548;0.9998461458937921;0.9999999999999999;0.9998329756430044;0.9999793691145328;0.9994367141864152;0.9992804707090112;0.9998810896622339;1.0;0.9999900664615025;1.0001560539225935;0.9999820758452534;0.9999951014178284;0.9999999999999999;0.9999949178321382;1.024999976158142;
2016-04-10 01:30:00;0.9999911391084397;0.999932884547136;1.0;0.9999951904210548;0.9999949337910369;0.9999999999999999;1.0;0.999967313961148;0.9999865927106307;1.0000685233867763;0.9999767962732506;0.99998850445844;1.0;1.0;0.9999335265868947;0.999938177074855;0.999939732910267;1.0;1.000097648813125;0.9999970029636368;0.9999906953376485;0.9999489142632577;0.9999392181862176;0.9999994584672499;1.0001621764343809;1.0;0.9999550697712897;1.0000184476447342;0.9999006406285885;0.9998590158039365;1.0;0.9998545296801377;0.999986892767908;0.9995285143370125;0.9994012092090875;0.9998834348612078;1.0;0.9999920672329304;1.0001526603479056;0.9999885544196885;0.9999944700533879;0.9999999999999999;0.9999936936299857;1.024999976158142;
2016-04-10 01:45:00;0.9999931216926207;0.9999290198047363;1.0;0.9999965068714093;0.9999927582714239;1.0;1.0;0.9999694034520977;0.9999779038418828;1.0000703568792868;0.9999744134090179;0.9999895043633897;0.9999999999999999;0.9999999999999999;0.9999475041563736;0.999950643615421;0.9999516175463111;1.0;1.0000992981675876;0.9999950583814935;0.9999920412258986;0.9999398475181686;0.9999512614973842;0.9999997145242374;1.0001628578557804;1.0;0.9999479696904554;1.0000189384271598;0.9999218067106934;0.9998730019353789;1.0;0.999856807340346;0.9999831535681122;0.9995523984283142;0.9994282676945835;0.9998740604096962;0.9999999999999999;0.9999904792909121;1.0001537742918074;0.9999854407851333;0.9999951518245429;1.0;0.9999945064284295;1.024999976158142;
2016-04-10 02:00:00;0.9999942292123215;0.9999605065742725;1.0;0.9999971762769893;0.999996981312198;1.0;1.0;0.9999821225276692;0.9999912549025596;1.0000701199562998;0.999985373361528;0.9999944663347493;1.0;1.0;0.9999661846400273;0.9999680485132889;0.9999687104215256;0.9999999999999999;1.0000981934039972;0.9999980478721939;0.9999924266192806;0.9999669259130678;0.9999684297327344;0.9999998171280309;1.0001600491725398;1.0;0.9999704173068792;1.0000188821429157;0.9999166982421792;0.9998608447042487;1.0;0.9998369643599972;0.9999926800799422;0.9994731620281929;0.9993351069654696;0.999868309321442;0.9999999999999999;0.9999912732606052;1.0001513900195418;0.9999936469414904;0.9999952539034211;1.0;0.9999970537632569;1.024999976158142;
2016-04-10 02:15:00;0.9999912542367153;0.9999495266223314;1.0;0.9999958079942732;0.9999967355910437;1.0;1.0;0.9999764096140795;0.9999906555163816;1.0000677834501082;0.9999806452548169;0.9999943877085766;1.0;1.0;0.9999543949844284;0.999956551493928;0.9999574202804055;1.0;1.0000951366290651;0.9999979130951857;0.9999877634831773;0.9999569577356302;0.9999570118420565;0.9999997697006607;1.00015894219828;1.0;0.9999607584895743;1.000018251260384;0.9999124569146406;0.9998806641014587;1.0;0.9998658824761036;0.9999920051758917;0.99958252776636;0.999477860669517;0.9998807946652781;1.0;0.9999916544037751;1.0001499616070035;0.9999930551462867;0.9999922397836922;1.0;0.9999969483366967;1.024999976158142;
2016-04-10 02:30:00;0.9999921149696087;0.9999510865862523;1.0;0.9999957682639277;0.9999968927396713;1.0;1.0;0.9999733509939305;0.9999918923443756;1.0000664251652207;0.9999818910193454;0.9999940217286011;0.9999999999999999;1.0;0.9999453719177732;0.9999483682620149;0.9999495998908711;1.0;1.0000937522091584;0.9999981902899334;0.9999905430834237;0.999961407639685;0.9999491527843111;0.9999995436962151;1.0001551761604919;1.0;0.9999652070766364;1.0000178863759412;0.9999533423107715;0.9999146716476682;1.0;0.9998778205351289;0.999991882001018;0.9996312608423079;0.9995429404692872;0.9998835140295964;1.0;0.999990479290912;1.000146302275785;0.9999929050814477;0.999994192172922;1.0;0.9999965823557838;1.024999976158142;
2016-04-10 02:45:00;0.9999968844591322;0.9999739681029419;1.0;0.9999978241551627;0.9999977757105962;1.0;1.0;0.9999800825908356;0.9999935453941221;1.0000678347012002;0.9999894347640078;0.9999947328755746;1.0;0.9999999999999999;0.9999612241373856;0.9999625885568316;0.9999634701539414;1.0;1.000094729666439;0.9999985614991249;0.9999970583851335;0.999978652059635;0.9999632092785345;0.999999543920749;1.000150797563496;1.0;0.999981220006674;1.0000182680926177;0.9999531654450656;0.9999286914164247;0.9999999999999999;0.9998977668763964;0.9999946125016941;0.999703816774399;0.9996366940568121;0.9998940952275397;1.0;0.9999908604325448;1.0001428196071667;0.9999953243304108;0.9999983044835391;1.0;0.9999972935045784;1.024999976158142;
2016-04-10 03:00:00;0.9999977429452666;0.9999777981719167;1.0;0.9999986457763463;0.9999978538416708;1.0;1.0;0.9999876158543559;0.9999936044978017;1.0000674621137147;0.9999917028081727;0.999994666920062;1.0;1.0;0.9999771435846122;0.9999782567200092;0.9999787423632083;1.0;1.0000940643025151;0.9999985748499701;0.9999977172216028;0.9999816150006035;0.9999785897703098;0.9999997920504412;1.0001491584522417;1.0;0.9999840541777345;1.0000181678921058;0.9999663757570852;0.9999487823761858;1.0;0.9999022009332765;0.9999949126259321;0.9997225353216952;0.9996745189944064;0.9998946867812333;1.0;0.999990860432545;1.0001414781860178;0.9999955939626949;0.9999986564605545;1.0;0.9999973237066649;1.024999976158142;
2016-04-10 03:15:00;0.9999968868275477;0.9999742349577915;1.0;0.9999982301226239;0.999997861943654;0.9999999999999999;1.0;0.9999864514276393;0.9999940498076758;1.0000664926743703;0.9999907862151607;0.9999936296735706;1.0;1.0;0.9999733862621062;0.9999749987691172;0.9999756034982427;1.0;1.0000930183569139;0.9999986744358859;0.9999968035441263;0.999979786983928;0.9999754090731687;0.9999997660909489;1.00014851323827;1.0;0.999982315367982;1.000017906852827;0.9999823617731401;0.9999591835179149;1.0;0.9999034554340107;0.999994657989838;0.999728787527981;0.999682823871021;0.9998942067176844;1.0;0.9999908604325449;1.000140711803643;0.9999953501269586;0.9999981122537768;1.0;0.9999967356406764;1.024999976158142;
2016-04-10 03:30:00;0.9999957453387219;0.9999605096378296;1.0;0.9999977053027282;0.9999964878584168;1.0;1.0;0.9999824136807072;0.9999901826115141;1.0000666450048472;0.9999866158831012;0.9999934636931955;0.9999999999999999;1.0;0.9999659776910679;0.9999685764140704;0.999969349573831;1.0;1.0000938164216113;0.9999978091396384;0.9999958661453939;0.9999694575595841;0.9999691037794353;0.9999997485476876;1.0001510710197024;1.0;0.9999736027987527;1.0000179471219945;0.9999603679153882;0.9999501221992217;0.9999999999999999;0.999906912392966;0.9999912519246261;0.9997392282479286;0.9996983594637168;0.9998974900653429;1.0;0.9999912732606053;1.0001429181179595;0.9999923876827846;0.9999975970171616;1.0;0.9999964251046732;1.024999976158142;
2016-04-10 03:45:00;0.9999941973564369;0.9999539176164296;1.0;0.9999967448520112;0.9999965917135344;1.0;0.9999999999999999;0.9999779034716587;0.999991536976067;1.0000648688200262;0.9999849022969584;0.9999934453000059;0.9999999999999999;1.0;0.9999532249181766;0.9999570198751405;0.9999581970766922;1.0;1.0000920684276362;0.999998111206384;0.9999947580409627;0.9999669842130947;0.9999578393658655;0.9999995872128344;1.0001498911499216;0.9999999999999999;0.9999712525505474;1.0000174683278362;0.9999944045939108;0.9999694151103149;1.0;0.9999102709853198;0.9999908256517046;0.9997550834393615;0.9997142448969427;0.9998967951298913;1.0;0.9999908604325449;1.0001414449009929;0.9999919595711778;0.9999970212720569;1.0;0.9999961311128956;1.024999976158142;
2016-04-10 04:00:00;0.99999660779399;0.9999653732514002;1.0;0.9999977447772688;0.9999968625942199;1.0;1.0;0.9999796031747199;0.9999913587478432;1.0000660834913662;0.9999878223844463;0.999993758273713;1.0;1.0;0.9999595615320458;0.9999620329650862;0.9999630106408396;1.0;1.0000929624841735;0.999998072507683;0.9999976153134158;0.9999738880919338;0.999962742232829;0.9999995659446579;1.0001483147105141;1.0;0.9999776215422357;1.0000177962990464;0.9999498060430375;0.9999358087434181;1.0;0.9999111695251576;0.9999921050429988;0.9997313492454298;0.999677562789292;0.9999156184018634;1.0;0.9999920672329303;1.0001403295714602;0.999993123235415;0.9999987712204109;0.9999999999999999;0.999996588642409;1.024999976158142;
2016-04-10 04:15:00;0.9999967055934365;0.9999677269782158;1.0;0.9999980421093217;0.9999972187269062;1.0;1.0;0.9999844797884635;0.9999926763797741;1.0000655437157127;0.9999894986575407;0.9999938307859054;1.0;1.0;0.99996830072275;0.9999708962065664;0.9999716909727209;1.0;1.0000922879609153;0.9999983673789216;0.9999975860895203;0.9999766758516397;0.9999714684999601;0.9999997058510001;1.0001473885033816;0.9999999999999999;0.9999800631984156;1.0000176512339851;0.999973415221235;0.9999499652567333;1.0;0.9999025955317755;0.9999927813270242;0.9997055651107337;0.9996530839831383;0.9999073834367469;1.0;0.9999904792909121;1.00013950320628;0.9999936946371036;0.9999987325342894;0.9999999999999999;0.9999965917976732;1.024999976158142;
2016-04-10 04:30:00;0.9999966771242847;0.9999706593241279;1.0;0.999998022842771;0.999997429975695;1.0;1.0;0.9999836006155015;0.9999926748996664;1.0000655509201972;0.999989287088504;0.9999944441718441;1.0;0.9999999999999999;0.9999683105513937;0.9999700470793964;0.9999707599116018;1.0;1.0000917882100862;0.9999983672921204;0.9999967121388608;0.9999766453444173;0.9999705377098991;0.9999997019767575;1.000146728907036;0.9999999999999999;0.9999796450403621;1.000017653199829;0.9999649693589074;0.9999440938817842;1.0;0.9999109049173371;0.9999936843130055;0.9997335171441406;0.9996793127566805;0.9999133424375829;1.0;0.9999916544037754;1.0001389532167362;0.9999945121108942;0.9999980779360768;1.0;0.9999970741576719;1.024999976158142;
2016-04-10 04:45:00;0.9999965180755307;0.9999716612680183;0.9999999999999999;0.9999978316417165;0.9999977618609623;0.9999999999999999;1.0;0.9999827254570829;0.9999940078535112;1.0000661352710558;0.999989738912311;0.9999937367585022;1.0;1.0;0.9999650277714202;0.9999669998462264;0.9999678363933582;1.0;1.0000927371021948;0.9999986647048266;0.9999968217450652;0.9999784409551744;0.9999675866085684;0.9999996345931113;1.0001482619353463;1.0;0.999981141633378;1.0000178105301014;0.9999402266635675;0.9999317384322349;1.0;0.9999121321068726;0.9999942567698871;0.9997369625404955;0.99968522908511;0.9999146913495242;1.0;0.9999912732606053;1.0001403446561699;0.9999949879277141;0.999998187187829;1.0;0.9999966981707888;1.024999976158142;
2016-04-10 05:00:00;0.999996021154555;0.9999686836553476;1.0;0.9999976469795047;0.9999976093236175;0.9999999999999999;0.9999999999999999;0.9999825061004488;0.9999937311457594;1.0000654032541998;0.9999889748765811;0.99999402788407;1.0;1.0;0.9999641832619235;0.9999664479843844;0.9999673102170491;0.9999999999999999;1.0000918975341173;0.9999986027628975;0.9999962252672676;0.9999764751441568;0.9999670459465116;0.9999996507634222;1.0001475817797343;1.0;0.9999793907526762;1.000017613304216;0.9999665219621796;0.9999502259418825;1.0;0.9999134832192655;0.9999937790898058;0.9997498323325321;0.999703614364666;0.9999099906165179;1.0;0.9999896853204288;1.00013962129564;0.9999945643492024;0.9999978214082023;1.0;0.9999967598668352;1.024999976158142;
2016-04-10 05:15:00;0.99999728770551;0.9999784028909638;1.0;0.9999982634707881;0.9999981486278801;1.0;1.0;0.9999847882191206;0.9999944862538053;1.0000671754285204;0.9999912065495833;0.9999944668932877;1.0;0.9999999999999999;0.9999709979027734;0.9999719647372015;0.9999725922524504;1.0;1.0000935805830253;0.9999987719026352;0.999997030094802;0.9999817139143073;0.999972391727451;0.9999996896767267;1.0001488085716603;1.0;0.999983817591376;1.0000180906981904;0.9999292385202323;0.9999247147668736;1.0;0.9999072274947708;0.9999956074763426;0.9997213781618478;0.9996684921816604;0.9999105501652689;1.0;0.9999912732606053;1.0001410679648841;0.9999961954718576;0.9999982146510581;1.0;0.9999972682344321;1.024999976158142;
2016-04-10 05:30:00;0.99999674985401;0.9999684441195293;1.0;0.9999977214384951;0.9999972151566567;1.0;1.0;0.9999790547085061;0.9999923304185853;1.0000656020129435;0.9999884525037123;0.9999941928145932;1.0;1.0;0.9999582616739969;0.9999604627836144;0.9999614712201021;1.0;1.000092134923117;0.9999982900529947;0.9999976969850608;0.999976019171691;0.9999611947252189;0.9999995193245799;1.0001467852308823;0.9999999999999999;0.9999793312383544;1.0000176668520142;0.9999739954551478;0.9999586012097174;1.0;0.9999145647120133;0.9999929872359716;0.9997506226643379;0.9997106534135051;0.9999127023351104;0.9999999999999999;0.9999912732606053;1.0001388971495317;0.9999938914617287;0.999998808959532;0.9999999999999999;0.9999968495999367;1.024999976158142;
2016-04-10 05:45:00;0.9999945237644402;0.9999437127650463;1.0;0.9999969778462757;0.9999948771882391;1.0;1.0;0.9999761724947605;0.9999860394310367;1.0000645635939098;0.9999818785793841;0.9999931168115472;1.0;1.0;0.9999528632561394;0.9999570971491327;0.9999582372629132;1.0;1.0000919080189525;0.9999968825847878;0.9999956281536888;0.9999582968149678;0.9999579063852356;0.9999996384077222;1.0001492705871733;0.9999999999999999;0.9999644257305009;1.000017385472641;0.9999691505836853;0.999951470170923;0.9999999999999999;0.9999145159139201;0.9999869957212308;0.9997525252256774;0.9997059168283638;0.999911260862395;1.0;0.9999908604325449;1.0001408690222304;0.9999886650822067;0.9999976233988608;1.0;0.9999958778213437;1.024999976158142;
2016-04-10 06:00:00;0.9999953690471078;0.9999622429391387;1.0;0.9999974989547241;0.99999691111093;0.9999999999999999;1.0;0.9999820220234444;0.999991505393598;1.0000652961014516;0.9999868803201187;0.9999938917004977;1.0;1.0;0.9999644927660778;0.9999669484495903;0.9999677561265181;1.0;1.0000918632419118;0.9999981049324826;0.9999951403035218;0.9999706842363866;0.99996748869356;0.9999997239627242;1.0001484657981903;1.0;0.9999743603655202;1.0000175841543841;0.9999686779385183;0.999949388413402;1.0;0.9999084394828194;0.99999221607308;0.9997332406420866;0.999683950644497;0.9999061181180854;1.0;0.999990860432545;1.0001404022841773;0.9999932187821057;0.9999971146244356;1.0;0.9999966527124338;1.024999976158142;
2016-04-10 06:15:00;0.9999953458487105;0.9999603508195322;1.0;0.9999974583084962;0.9999969678316726;1.0;1.0;0.9999831844544568;0.999992577717844;1.0000646428230793;0.9999876964366741;0.9999932601497936;1.0;0.9999999999999999;0.9999638563887907;0.9999673586619876;0.999968299208959;0.9999999999999999;1.0000915797124852;0.999998344327423;0.9999961548102247;0.9999724054293527;0.9999680220829535;0.999999707090901;1.0001479212514053;1.0;0.9999762271293385;1.0000174082530136;0.9999881698674219;0.9999634675505537;1.0;0.9999053350392918;0.9999917716078246;0.9997216709768668;0.9996770422204545;0.9999046599812041;1.0;0.9999908604325448;1.0001397736444981;0.9999927831482119;0.999997881243373;0.9999999999999999;0.99999611733316;1.024999976158142;
2016-04-10 06:30:00;0.9999962326803791;0.9999640431997191;1.0;0.9999978923399239;0.9999969370803243;0.9999999999999999;1.0;0.9999843034387317;0.9999919575387405;1.0000664061922582;0.9999885160023908;0.9999932356799898;1.0;0.9999999999999999;0.999967875361128;0.9999707634941962;0.9999715659108732;1.0;1.0000936561244946;0.9999982065261567;0.9999970011638143;0.9999740038589423;0.999971333474693;0.9999997356003811;1.0001501551079823;0.9999999999999999;0.9999777395458804;1.0000178833321567;0.9999398435399885;0.9999337993689346;1.0;0.9999010904235345;0.999992032848778;0.9997052810945519;0.9996571763350122;0.9999030531313554;1.0;0.9999916544037752;1.000142066820356;0.9999930398003773;0.999998369308518;1.0;0.9999962529364252;1.024999976158142;
2016-04-10 06:45:00;0.9999962156151811;0.9999705866992524;1.0;0.9999973944932965;0.9999976977340826;1.0;1.0;0.9999774917697061;0.9999936100526488;1.0000665170021192;0.9999882714861023;0.9999942972259481;1.0;1.0;0.999955044005364;0.9999568028375974;0.9999578552806264;1.0;1.0000931397828003;0.9999985759147105;0.9999964785856589;0.9999766447259196;0.9999575445495656;0.9999994661276653;1.0001489818893137;1.0;0.9999793713921237;1.000017913077896;0.9999655821557591;0.9999529453106915;1.0;0.9999078792878103;0.9999942345859004;0.9997357645377293;0.9996945673612033;0.9999027155321071;1.0;0.9999896853204289;1.000140949194301;0.9999949807383809;0.999997979805759;1.0;0.9999970024092713;1.024999976158142;
2016-04-10 07:00:00;0.9999967828625307;0.9999679423618855;1.0;0.9999981320203256;0.9999972245079262;1.0;1.0;0.9999854772761894;0.9999927493535985;1.0000666131898088;0.9999898200377276;0.9999944296310371;0.9999999999999999;1.0;0.9999701433193853;0.9999728089856511;0.9999735675482132;1.0;1.0000938102149628;0.9999983835413015;0.999997715971525;0.9999771062023554;0.9999733567441874;0.9999997369815493;1.0001497151117826;1.0;0.9999804970158479;1.0000179392619142;0.9999118012673978;0.9999191934982927;1.0;0.9999079111238356;0.9999927583914252;0.9997239744241745;0.9996776821166015;0.9999108362136826;1.0;0.9999908604325448;1.000141731283238;0.9999936709302585;0.9999988177358761;1.0;0.9999968457040057;1.024999976158142;
2016-04-10 07:15:00;0.9999951984129417;0.9999298406774456;1.0;0.9999976051937166;0.9999922188140818;1.0;1.0;0.9999756407912322;0.9999770112269847;1.00006826765123;0.9999774219538925;0.999990895298135;1.0;0.9999999999999999;0.9999584883968237;0.9999627702382615;0.9999636324309642;1.0;1.0000970782997975;0.9999948589847439;0.9999964259976685;0.9999445677426774;0.9999633851424502;0.9999998262119696;1.0001568292459455;1.0;0.9999534664929149;1.0000183777780012;0.999960688328597;0.9999477731530704;1.0;0.9998678915695579;0.9999814144136493;0.9995724684167214;0.9995280412455622;0.9998936522633574;1.0;0.999991654403775;1.000148203831783;0.999983893472787;0.9999981104188885;1.0;0.9999948623013366;1.024999976158142;
2016-04-10 07:30:00;0.9999953437965589;0.9999227970403968;0.9999999999999999;0.9999975712502092;0.999990545565004;1.0;1.0;0.9999685359120853;0.9999701948036425;1.00006896784735;0.9999724673490022;0.999991321237888;1.0;1.0;0.9999518535400745;0.9999548118145529;0.999955600316914;1.0;1.0000972781095427;0.999993330971828;0.9999955237246164;0.9999329722821371;0.9999553482290634;0.9999997757141833;1.0001570149122352;1.0;0.9999433526197647;1.0000185603128762;0.9999906705461555;0.9999678223957916;1.0;0.9998699744017778;0.9999786246204381;0.9995780640649026;0.9995382215016434;0.9998961043285801;1.0;0.9999908604325449;1.0001484998451706;0.9999815809271828;0.9999974042782991;1.0;0.999995370888606;1.024999976158142;
2016-04-10 07:45:00;0.9999946531449014;0.9999255528527391;1.0;0.9999960371950993;0.9999914676532662;1.0;1.0;0.9999518679326771;0.999973310163082;1.0000707867014718;0.9999706873003966;0.9999909749964956;1.0;0.9999999999999999;0.999915420145309;0.9999183337103708;0.999920075646342;1.0;1.0000997691466735;0.9999940292455913;0.9999958224714132;0.999935584286904;0.9999195899878817;0.999999095576878;1.0001605231291084;1.0;0.9999450021091068;1.0000190506145024;0.9999338491218058;0.9999251257188078;1.0;0.9998600336725922;0.9999805786726101;0.99953731119694;0.9994816470121404;0.9998939602290934;1.0;0.999990860432545;1.0001514925817667;0.99998325260907;0.9999977466177578;1.0;0.9999952250463968;1.024999976158142;
2016-04-10 08:00:00;0.9999939869646964;0.9999182826570474;1.0;0.9999964446772147;0.9999907258157865;0.9999999999999999;1.0;0.9999600497254301;0.999971293663386;1.0000703564735827;0.9999701365728819;0.9999907019272158;1.0;1.0;0.9999324138133182;0.9999359540645839;0.9999372618277046;1.0;1.0000995447069896;0.9999935784886573;0.9999944441798648;0.9999304822788928;0.99993686571749;0.9999994770532764;1.000161656478527;1.0;0.9999407883895657;1.0000189348994406;0.9999664819841384;0.9999341148911328;1.0;0.9998285509266118;0.9999786835966812;0.9994253823620821;0.9993557161469365;0.9998754928383762;1.0;0.9999916544037752;1.0001525915283516;0.9999816009031536;0.9999968208417847;1.0;0.9999949519759564;1.024999976158142;
2016-04-10 08:15:00;0.9999953854929233;0.9999325793150002;1.0;0.9999975942856572;0.9999925840984116;1.0;1.0;0.9999753979675954;0.9999782028002117;1.0000699743208783;0.9999782656903432;0.9999902638957694;1.0;1.0;0.9999571543901737;0.9999613850559038;0.9999623053143866;1.0;1.0000994019056535;0.9999951296739578;0.9999967965927469;0.9999471640892978;0.999962049097496;0.9999997743767127;1.000160122416723;1.0;0.9999556711737854;1.0000188407470805;0.9999090870902365;0.9998927041908625;1.0;0.9998327487838987;0.9999821942935041;0.9994374498727633;0.9993542541644075;0.9998798991236085;1.0;0.9999912732606053;1.0001513433894484;0.9999845640914351;0.9999983583288858;0.9999999999999999;0.9999945891403725;1.024999976158142;
2016-04-10 08:30:00;0.9999951386742867;0.9999319533236386;0.9999999999999999;0.9999975810970358;0.9999925473477093;1.0;1.0;0.9999761097371743;0.9999779705617553;1.000073832325622;0.999977964539844;0.9999904551576336;0.9999999999999999;1.0;0.9999590597911749;0.9999631664369647;0.9999640133157279;1.0;1.0001046690079445;0.9999950777267488;0.9999961421380286;0.9999461040919582;0.999963763716291;0.9999998255470607;1.0001687589478627;1.0;0.9999546235180247;1.0000198799424986;0.9998069532856901;0.9997815717568772;1.0;0.9997996031717957;0.9999821840236266;0.9993118618802457;0.9991484746061345;0.9998657440091572;0.9999999999999999;0.9999908604325449;1.0001595665410328;0.9999845619565947;0.999997906910845;0.9999999999999999;0.9999947052053256;1.024999976158142;
2016-04-10 08:45:00;0.9999926954383503;0.9999130337245192;1.0;0.999996252419357;0.9999913784324589;1.0;0.9999999999999999;0.9999689663070582;0.9999758150705546;1.000070959039677;0.9999728016951072;0.9999895055665664;1.0;1.0;0.9999415263508741;0.9999478120616666;0.9999491801625432;1.0;1.0001020001951637;0.9999945905226534;0.9999944588560116;0.9999346992272787;0.9999487864464377;0.9999996757623182;1.000167214444061;0.9999999999999999;0.9999448587898742;1.000019100135234;0.9998533265392578;0.9998354805606064;1.0;0.9998180295551932;0.9999785692421437;0.9993834118836182;0.9992615466076786;0.9998724291811601;1.0;0.9999900664615025;1.000157554894902;0.9999813568735226;0.9999970478072575;1.0;0.9999937556102226;1.024999976158142;
2016-04-10 09:00:00;0.9999874923252959;0.9998758018246657;1.0;0.9999939617747156;0.9999896774753665;1.0;1.0;0.9999647772153296;0.9999747347048498;1.0000720181927583;0.9999657042064629;0.9999869035815386;1.0;1.0;0.9999219506664291;0.9999338923569767;0.999936078186936;1.0;1.0001068399060375;0.9999943432169199;0.9999911802549674;0.9999169763087377;0.9999354616509226;0.999999650078235;1.0001807731634098;0.9999999999999999;0.9999299947092919;1.0000193789961156;0.999835663706111;0.9998103594033991;1.0;0.9997082127579243;0.999971959243199;0.9989627122629486;0.9988204253094651;0.9998287006992232;1.0;0.9999912732606051;1.0001693249975452;0.9999754086331235;0.9999954491496905;1.0;0.9999912288116075;1.024999976158142;
2016-04-10 09:15:00;0.9999914739333249;0.999899531414072;1.0;0.9999955524568336;0.9999901208680326;0.9999999999999999;1.0;0.9999633018022501;0.9999724522666132;1.0000739675432766;0.9999686074899737;0.999989192973518;1.0;1.0;0.9999301189409423;0.9999375246321897;0.9999391822854609;1.0;1.0001068450538735;0.9999938337680758;0.9999936981890752;0.9999250240721193;0.9999387110515107;0.9999995823893961;1.000176051682998;0.9999999999999999;0.9999367002619374;1.0000199047676388;0.9998759113623458;0.9998345642911902;1.0;0.9997313690123819;0.9999753378375167;0.9990530834561383;0.9989121194944932;0.9998367812212197;1.0;0.9999908604325449;1.0001656804974404;0.9999785360488067;0.9999966793907437;1.0;0.9999933468427447;1.024999976158142;
2016-04-10 09:30:00;0.9999934179977011;0.9999316139423693;1.0;0.9999966160118638;0.9999939150472837;0.9999999999999999;1.0;0.9999761024364366;0.999984041221587;1.0000720517282258;0.9999795141391403;0.9999896417555142;1.0;1.0;0.9999510294723346;0.9999568001173316;0.9999580537757973;1.0;1.0001031924610932;0.9999964329811556;0.9999951079879108;0.9999514712056116;0.999957695730014;0.9999997023287823;1.0001682494835782;1.0;0.9999588950340574;1.0000194000175404;0.9998780465319447;0.999840861436341;0.9999999999999999;0.9997736456158931;0.9999841598851494;0.9992182260391957;0.9990841120937723;0.9998514626357812;1.0;0.999990479290912;1.0001586821746462;0.9999861597292061;0.9999974154344781;1.0;0.9999939401812812;1.024999976158142;
2016-04-10 09:45:00;0.9999928532414158;0.999909085277532;1.0;0.9999961899192098;0.9999904168837026;1.0;1.0;0.9999638902985183;0.9999719077953415;1.0000735626018735;0.9999698847146844;0.9999898761642585;1.0;0.9999999999999999;0.9999355980411858;0.9999411455551633;0.9999425301854407;0.9999999999999999;1.0001051684463864;0.9999937173190281;0.9999941741793434;0.9999282228337515;0.9999421228859713;0.9999996045680078;1.000171900754603;1.0;0.999939235392482;1.0000198005885892;0.9998711323656261;0.9998236314161439;1.0;0.9997650499793179;0.9999769481123326;0.9991934048044739;0.999039315075755;0.9998425172555793;1.0;0.9999912732606051;1.000162073294064;0.9999800122263625;0.9999968062007739;1.0;0.9999940993933358;1.024999976158142;
2016-04-10 10:00:00;0.9999925812892881;0.9998724636216337;1.0;0.9999961384675543;0.9999845507683494;0.9999999999999999;1.0;0.9999510468865764;0.9999521820968655;1.0000770606153053;0.9999562822081268;0.9999900333867661;1.0;0.9999999999999999;0.9999233748313887;0.9999292883463539;0.9999306524754733;1.0;1.0001103018865118;0.9999892849340654;0.9999940556188144;0.9998928262988939;0.99993025260314;0.9999996511501493;1.0001803813480805;0.9999999999999999;0.999909989645883;1.000020714925133;0.9998703089976678;0.9998166681376373;1.0;0.9997527631779942;0.9999644783574304;0.9991574857427848;0.9989939177966864;0.9998300471579058;1.0;0.999989685320429;1.0001700796108572;0.9999693392611237;0.9999967603827637;1.0;0.9999940830322684;1.024999976158142;
2016-04-10 10:15:00;0.9999915279931755;0.999873887874529;1.0;0.9999956289437014;0.9999847234943392;1.0;0.9999999999999999;0.9999468736005702;0.9999513710460591;1.0000802938034727;0.9999538612536041;0.9999906839255897;1.0;1.0;0.9999190821879577;0.9999233001888466;0.9999245616024186;1.0;1.0001138070669169;0.9999890935457733;0.9999907187332276;0.9998883974419112;0.9999241213808454;0.9999996251365911;1.000187363085533;1.0;0.9999050578679537;1.000021572376725;0.9998724541287735;0.9998240524545425;1.0;0.9997024922848627;0.9999657613050238;0.9989678119138634;0.9988148786084532;0.9998080634948091;1.0;0.9999916544037751;1.0001767502758834;0.9999705244852432;0.9999944195116285;1.0;0.9999947819713141;1.024999976158142;
2016-04-10 10:30:00;0.9999837145913077;0.9998382661364316;1.0;0.99999217942124;0.9999843912539246;1.0;1.0;0.9999411088340416;0.9999545408695925;1.0000767567000732;0.9999459243978739;0.9999882612924407;1.0;1.0;0.9998942104305446;0.9999035849364128;0.9999057338631875;1.0;1.0001120127993985;0.99998979320317;0.9999825747774292;0.9998705492709224;0.9999049690180857;0.9999995823133793;1.0001939581323718;1.0;0.9998885464363135;1.0000206039696184;0.9998533566540919;0.9997859209012042;1.0;0.9996705072645367;0.9999622839895678;0.9988492337404058;0.9986556974709301;0.9997926361760731;1.0;0.9999920672329303;1.0001816406906954;0.9999672790426951;0.999989590918841;0.9999999999999999;0.9999924554852457;1.024999976158142;
2016-04-10 10:45:00;0.9999735576189944;0.9997216535237199;1.0;0.9999880448162335;0.9999757570576612;1.0;0.9999999999999999;0.9999345168556564;0.9999395175496708;1.0000671620304287;0.9999254745588901;0.9999800956496965;1.0;1.0;0.9998555766711933;0.9998823003041531;0.9998864205859166;0.9999999999999999;1.0001091845597057;0.9999863873137282;0.9999819658586921;0.9998136747065218;0.9998852673519895;0.999999729008929;1.0002011781372773;0.9999999999999999;0.999843954522693;1.0000179612008224;0.9998493864614286;0.9997844820598131;0.9999999999999999;0.9996754323148249;0.9999348539071488;0.9988634849321281;0.9986712005832703;0.9997977645057213;1.0;0.999990479290912;1.0001857430595522;0.9999429215670934;0.9999908395874922;1.0;0.9999846212482706;1.024999976158142;
2016-04-10 11:00:00;0.9999798828117681;0.9998240903654119;1.0;0.9999907578503314;0.9999860240984526;0.9999999999999999;1.0;0.9999515544456862;0.9999652997623703;1.0000699557630395;0.9999495669903911;0.9999853092625806;1.0;0.9999999999999999;0.9998944493886432;0.9999100492790159;0.9999128289246023;1.0;1.000106242077683;0.9999922127685044;0.9999817767037165;0.9998778314518856;0.9999119314522151;0.9999997002542651;1.0001893579184844;1.0;0.9998953324026688;1.000018791244531;0.999841298903999;0.9997939385952764;1.0;0.9997010037878151;0.9999623396098835;0.9989681752998721;0.9987965094046001;0.9998033366932311;1.0;0.9999908604325449;1.0001763017110887;0.9999669955973449;0.9999896333718149;0.9999999999999999;0.9999896344857536;1.024999976158142;
2016-04-10 11:15:00;0.99997401926658;0.9998198726174827;1.0;0.9999882083059229;0.9999873787314428;1.0;1.0;0.9999429682174413;0.9999679690350647;1.0000698525922815;0.9999428685154936;0.9999863252082059;1.0;1.0;0.9998799756321867;0.9998932440208504;0.9998960073656143;1.0;1.000104787818825;0.999992796775598;0.9999696307023909;0.9998655174863275;0.9998948966636891;0.9999996946714258;1.0001948959530167;0.9999999999999999;0.999881150366884;1.000018736638116;0.9998271220487804;0.9997719160981506;1.0;0.9997089714850314;0.9999664366141834;0.9990035574708879;0.9988106032838205;0.9998032130571984;1.0;0.9999911134435682;1.0001811270318295;0.9999706188468905;0.9999814566878905;1.0;0.9999906504357732;1.024999976158142;
2016-04-10 11:30:00;0.9999470205982173;0.9996491780064795;0.9999999999999999;0.9999767853444302;0.9999775884866471;1.0;1.0;0.99990915776649;0.9999483271837704;1.0000579534957368;0.9998962069229244;0.9999794207751935;1.0;1.0;0.99979120891123;0.9998210358972647;0.9998262818149138;1.0;1.000098677920445;0.9999882944729077;0.9999399403444376;0.999751805902459;0.9998241696245966;0.9999998592204319;1.000219132230295;1.0;0.9997807388792186;1.0000153323676335;0.9998211815947818;0.9997533555024243;1.0;0.9996588607897193;0.9999370014256356;0.9988034117157151;0.9985888328585434;0.9997888412233141;1.0;0.9999893779461487;1.0001995470043366;0.9999445903455184;0.9999635986219801;1.0;0.9999835746038273;1.024999976158142;
2016-04-10 11:45:00;0.99998469065015;0.9998750347801146;1.0;0.9999927233901352;0.9999893614695848;1.0;1.0;0.9999532140289882;0.99996984547893;1.0000804930461547;0.9999576215396364;0.9999892542596661;1.0;1.0;0.9999116792016118;0.9999190656757428;0.9999208945042766;1.0;1.0001159259992736;0.9999932368630743;0.9999820875556036;0.9999004539359871;0.9999201867336149;0.9999996406205621;1.0001990428781797;1.0;0.9999129106398745;1.0000216403372781;0.9997887922083324;0.9996987212293649;1.0;0.9996068096552346;0.9999737591538427;0.9986114349651185;0.9983436151005577;0.9997630990768561;0.9999999999999999;0.9999916544037752;1.0001868192045718;0.9999771880781337;0.9999890591394253;1.0;0.9999933790996645;1.024999976158142;
2016-04-10 12:00:00;0.9999898284353284;0.9998582838992902;1.0;0.9999946969668508;0.9999834528555662;0.9999999999999999;1.0;0.9999406367062743;0.9999482228987805;1.000084660168238;0.9999491711791069;0.9999895188979115;1.0;1.0;0.9999056870963791;0.9999113367056353;0.9999129546841904;1.0;1.0001207264671448;0.9999883818217282;0.9999894846287096;0.9998777048805285;0.999912414718464;0.9999995181313459;1.0001999923407676;1.0;0.9998959553739147;1.0000227391685361;0.9998364985558849;0.9997694197663732;1.0;0.9996029668800145;0.9999623318802966;0.9985993846813229;0.9983976790996356;0.9997597678486588;1.0;0.9999912732606052;1.0001883943016157;0.9999675182003464;0.9999937772643067;1.0;0.9999939134958958;1.024999976158142;
2016-04-10 12:15:00;0.9999830185489356;0.999821870192463;1.0;0.9999918923113643;0.9999820322823424;1.0;0.9999999999999999;0.9999349855484775;0.999946607480795;1.0000791001687355;0.999939648567756;0.9999877774846264;1.0;1.0;0.999887335695602;0.9998968596651361;0.9998990299787844;1.0;1.000115390611481;0.9999880063184029;0.9999815558501394;0.9998546576543814;0.9998982451292403;0.9999995946184856;1.0002001595910748;1.0;0.9998751266735274;1.0000212182873922;0.9998536369195145;0.9997786380519933;1.0;0.9996273964674834;0.9999572656751685;0.9986957779889808;0.9984923170896786;0.9997675475436704;1.0;0.9999924483761709;1.000187446184677;0.9999629839780995;0.9999889428672306;1.0;0.9999922011044027;1.024999976158142;
2016-04-10 12:30:00;0.9999880797369639;0.9998455478988849;1.0;0.9999945262976931;0.9999825792965104;1.0;1.0;0.9999460910190714;0.9999462727465082;1.000081718814171;0.9999469292853957;0.9999894302567357;1.0;1.0;0.9999158436835289;0.9999227047578887;0.9999240780830319;0.9999999999999999;1.000117371782686;0.9999879451180521;0.9999869736870355;0.9998692379789464;0.9999235649468651;0.9999998381326931;1.0001974377760274;1.0;0.9998886425294377;1.0000219468513967;0.9998444410303351;0.9997654404768764;0.9999999999999999;0.9996214046195951;0.9999598415768064;0.9986716231080566;0.9984562797335361;0.9997659982688032;0.9999999999999999;0.9999912732606053;1.0001857850488873;0.9999653272678536;0.9999921778211891;1.0;0.999993584126948;1.024999976158142;
2016-04-10 12:45:00;0.9999898846598757;0.9998578873578293;1.0;0.9999952254278959;0.9999840876660753;1.0;1.0;0.9999522407459859;0.9999521559506377;1.0000818247369687;0.9999533589048802;0.9999889142223359;1.0;1.0;0.9999220324577919;0.9999297873370928;0.9999312584354363;1.0;1.0001179852111657;0.9999892800086286;0.9999909523453403;0.9998846867219102;0.9999307915570826;0.9999997870674852;1.0001958446423664;1.0;0.9999026987766897;1.000021999522583;0.9998248219950719;0.9997377996765574;1.0;0.9996029554149631;0.999962506879546;0.9986038658051368;0.998364111130602;0.9997566624940136;0.9999999999999999;0.9999912732606052;1.0001843757550435;0.9999675581010824;0.9999948738509529;0.9999999999999999;0.9999931374473507;1.024999976158142;
2016-04-10 13:00:00;0.9999775169208455;0.9997557983169864;1.0;0.9999894940231845;0.9999780832146355;1.0;0.9999999999999999;0.9999356012734997;0.9999438117016157;1.0000729308373517;0.9999323895430186;0.9999825019646436;1.0;0.9999999999999999;0.9998636676992793;0.9998860237848259;0.9998897490105882;1.0;1.000114496192279;0.9999873719617446;0.9999847122335144;0.9998327972505302;0.9998887108024512;0.9999995801062925;1.0002044840524935;1.0;0.9998598267471209;1.0000195457522696;0.9998552575271324;0.9997773044137259;0.9999999999999999;0.9995932310090448;0.9999420729875528;0.9985586760332154;0.9983527423517334;0.9997581971772385;0.9999999999999999;0.9999912732606053;1.0001897055731797;0.9999493223539393;0.999992245066744;1.0;0.9999867519785337;1.024999976158142;
2016-04-10 13:15:00;0.9999634029908598;0.9996487446788309;1.0;0.9999833699452892;0.9999718347505204;1.0;0.9999999999999999;0.9999207703318422;0.9999342171868232;1.000064581169609;0.9999091198530571;0.9999760423996518;1.0;1.0;0.999811083870599;0.9998475339352295;0.999853236577835;0.9999999999999999;1.0001115799954066;0.9999851549917977;0.9999746504300949;0.9997742000169305;0.9998516311498081;0.9999995816300512;1.0002168787595287;0.9999999999999999;0.9998103973271099;1.0000171942524134;0.999847097497288;0.9997521639628084;1.0;0.9995794980316887;0.9999213983183035;0.9985072463813405;0.9982707634941618;0.9997519463345618;1.0;0.9999912732606052;1.000198515603224;0.9999309078215253;0.9999870263318179;1.0;0.9999804659675159;1.024999976158142;
2016-04-10 13:30:00;0.9999642874991274;0.9997450848571867;0.9999999999999999;0.9999839252112545;0.9999822049547725;1.0;1.0;0.9999263639749094;0.9999565241626286;1.0000698387537614;0.9999228306328781;0.9999826558199884;1.0;1.0;0.9998390510946423;0.9998597781181553;0.9998637225847866;0.9999999999999999;1.0001093517257211;0.9999902018337605;0.9999605616446898;0.9998164461348257;0.9998622157756681;0.9999996604872975;1.0002137797860244;1.0;0.9998388745902533;1.0000186743503865;0.9998258883171282;0.9997366083019583;0.9999999999999999;0.9995798550476644;0.9999515772594865;0.998523751689779;0.9982822944695009;0.9997418119427687;1.0;0.9999920672329302;1.0001972532807601;0.9999575278114213;0.9999762515257291;1.0;0.9999872104595283;1.024999976158142;
2016-04-10 13:45:00;0.9999695580481647;0.9998325600036793;0.9999999999999999;0.9999862052695465;0.9999888998420068;1.0;1.0;0.999927569997941;0.999966300461858;1.0000764104581068;0.9999338904628772;0.9999898615126644;0.9999999999999999;1.0;0.9998672422918519;0.9998722743548133;0.9998743963852335;1.0;1.0001090656424716;0.9999924127385261;0.9999542299415841;0.9998498876553599;0.9998731365498316;0.9999996609946457;1.0002081612328917;1.0;0.999862356405739;1.000020469298186;0.9998619367769723;0.9997694477035024;0.9999999999999999;0.9995912540506747;0.9999740502542298;0.9985589683974568;0.9983354518034198;0.9997520739920933;0.9999999999999999;0.999990479290912;1.0001940124048663;0.999977562870897;0.9999705860387055;1.0;0.9999942157850347;1.024999976158142;
2016-04-10 14:00:00;0.999982168298365;0.9998485832844897;1.0;0.9999919446148896;0.999984556661328;1.0;1.0;0.9999360791956131;0.9999495316566294;1.0000845839245032;0.99994018591652;0.9999910679050275;1.0;1.0;0.999901852903109;0.9999045532289386;0.9999057350001798;1.0;1.0001189239914061;0.9999886667421779;0.999972975914282;0.9998578924242825;0.9999050093744821;0.9999998252024831;1.0002078676837638;1.0;0.9998744266587953;1.0000226976867514;0.9998213285901455;0.9997323178311366;1.0;0.9995613423318364;0.9999662199446478;0.9984415698379223;0.99819802148417;0.9997421043655967;1.0;0.9999924483761709;1.0001954377373763;0.9999709980180719;0.9999826126127049;1.0;0.9999953179553236;1.024999976158142;
2016-04-10 14:15:00;0.9999590163814871;0.9998026596729599;1.0;0.9999814856735441;0.9999890653577088;1.0;1.0;0.9999108218234232;0.9999668621552598;1.0000714950232525;0.9999194094522678;0.9999899605876885;1.0;1.0;0.9998328024140722;0.9998378407954582;0.9998404669485739;1.0;1.0001024243984313;0.9999925158370556;0.9999366466553903;0.9998199850559826;0.9998387895474647;0.9999995773189426;1.0002113042134735;0.9999999999999999;0.9998322695026455;1.000019085511724;0.9998730849012314;0.9997859963549971;1.0;0.9996182691178375;0.999974389726957;0.9986536705816347;0.9984445486065726;0.9997687470824342;0.9999999999999999;0.9999912732606053;1.000195764954493;0.9999778523443505;0.9999590978783708;1.0;0.9999942590148257;1.024999976158142;
2016-04-10 14:30:00;0.9999730927305467;0.9998682652154434;0.9999999999999999;0.9999875082578964;0.9999933118701821;1.0;0.9999999999999999;0.9999403214460205;0.9999817375541283;1.000073832335333;0.9999487945173747;0.9999898547284916;1.0;0.9999999999999999;0.9998806947842054;0.9998861789036034;0.9998884065982732;1.0;1.0001056355890008;0.9999958903544051;0.9999608353127628;0.9998871078074714;0.9998872312313881;0.9999995243099755;1.0001978405407865;1.0;0.9998950888301423;1.0000198241904381;0.9998517681749015;0.9997730560276684;0.9999999999999999;0.9996355397977941;0.9999830501460845;0.9987155147725716;0.9985046856251665;0.9997785499482424;0.9999999999999999;0.9999924483761709;1.000184515491988;0.9999852264714671;0.9999749784334058;0.9999999999999999;0.9999941047736316;1.024999976158142;
2016-04-10 14:45:00;0.9999806241419829;0.999887483289966;1.0;0.9999909981447993;0.9999927323918815;1.0;1.0;0.9999528163406358;0.9999796024842506;1.0000743433320025;0.9999582927323938;0.9999894378824582;1.0;0.9999999999999999;0.999908093601745;0.9999133804164013;0.9999151297705041;0.9999999999999999;1.0001061611726478;0.9999954232710045;0.9999730945658062;0.9999056781247903;0.9999142771484916;0.9999996530566998;1.0001892334210005;0.9999999999999999;0.999914231863041;1.0000199859333783;0.9998653748778442;0.9997852815489844;0.9999999999999999;0.9996717067230472;0.9999819432390958;0.9988603087194177;0.9986553034206274;0.9997887037469538;1.0;0.9999908604325449;1.0001772440740406;0.9999842917596924;0.9999829601311896;1.0;0.9999939635233125;1.024999976158142;
2016-04-10 15:00:00;0.9999706034276759;0.9998618411131757;1.0;0.99998696100112;0.9999935081474066;0.9999999999999999;1.0;0.9999450883448431;0.9999825932910906;1.0000725981554213;0.9999471617724197;0.9999895229186485;1.0;1.0;0.9998894542425373;0.9998951511025027;0.9998970997477563;1.0;1.0001040612369292;0.9999960812380687;0.9999561781625111;0.999881482882307;0.9998959170510618;0.9999998139031697;1.0001990936028402;1.0;0.9998893070187009;1.0000194882068942;0.9998583531433101;0.9997791305030743;0.9999999999999999;0.9996301250566594;0.9999833362206754;0.9987032335869277;0.9984962573921417;0.9997706650012865;1.0;0.999990860432545;1.0001855261986412;0.9999854606700715;0.9999718786388299;0.9999999999999999;0.9999939040056217;1.024999976158142;
2016-04-10 15:15:00;0.999979464757852;0.9998733819854267;1.0;0.9999905628563265;0.9999907909999237;0.9999999999999999;1.0;0.99994678332739;0.9999725831281296;1.0000764846311703;0.9999519530857264;0.9999899530070208;1.0;0.9999999999999999;0.9999020271603396;0.9999068494438047;0.9999085405036131;0.9999999999999999;1.0001088770514632;0.9999938479905622;0.9999706184783469;0.9998899879186129;0.9999076588541586;0.9999996919325467;1.0001950846474503;1.0;0.9999004644643887;1.0000205522714187;0.9998672369064855;0.9997823991847985;1.0;0.9996221169026038;0.9999781262647488;0.9986762077297464;0.9984666470704608;0.9997649895665272;1.0;0.999990860432545;1.0001827388405344;0.999981056235533;0.9999812893835708;1.0;0.9999943072797896;1.024999976158142;
2016-04-10 15:30:00;0.9999843022484363;0.9998143487329403;1.0;0.9999923473240282;0.9999778652213089;1.0;1.0;0.9999165221732559;0.9999268508958047;1.0000861845170652;0.9999266837694885;0.9999907372913094;1.0;1.0;0.9998782813221015;0.9998811915337599;0.9998826664393646;0.9999999999999999;1.00012142002716;0.9999835559193209;0.9999775613008469;0.9998243799375334;0.9998819492558798;0.999999559791472;1.0002087521848495;0.9999999999999999;0.9998478859710928;1.0000230702284012;0.9998291405994086;0.9997351150325793;0.9999999999999999;0.9996117787157176;0.9999520953097562;0.9986386312153822;0.9983908316574915;0.9997595096563833;1.0;0.9999924483761709;1.0001963477912135;0.9999589208655216;0.9999857082605464;0.9999999999999999;0.9999951183836028;1.024999976158142;
2016-04-10 15:45:00;0.9999828264780722;0.9998677520582641;1.0;0.9999914542343493;0.9999886057598156;1.0;1.0;0.9999398314016446;0.9999659839064414;1.0000755072753422;0.9999510051530585;0.9999894437752433;1.0;1.0;0.9998903608349132;0.9998962393145274;0.999898330985424;0.9999999999999999;1.000108142994473;0.99999237485229;0.9999780295566386;0.9998879682637116;0.9998974805601721;0.9999993847524876;1.000188958344684;1.0;0.9999009079409655;1.000020292394844;0.999863842435165;0.9997811011191104;1.0;0.9996740729974698;0.9999729814209641;0.9988658471990182;0.998655617974722;0.9997920244504037;0.9999999999999999;0.9999912732606053;1.0001770583462561;0.9999766052740546;0.9999863189130569;1.0;0.9999938248618699;1.024999976158142;
2016-04-10 16:00:00;0.9999892822418297;0.9998971077723703;1.0;0.9999943310022537;0.9999898565076464;1.0;1.0;0.9999514568862887;0.9999691415240635;1.0000795316412876;0.9999621074468698;0.9999896645372098;1.0;1.0;0.9999144619709415;0.9999189949256249;0.9999206408357755;1.0;1.0001128675255184;0.9999930896979696;0.9999875473294884;0.9999127014727219;0.9999200514101628;0.9999994331895952;1.0001882923170695;1.0;0.9999240917333871;1.0000213942616405;0.9998311111808368;0.9997449365979251;1.0;0.9996569660612854;0.9999763275386634;0.9988079944244895;0.9985717741893705;0.9997799885386287;1.0;0.999992448376171;1.0001772954007975;0.9999795352987141;0.9999924067666445;1.0;0.999994246008838;1.024999976158142;
2016-04-10 16:15:00;0.9999873028185441;0.9999049256594763;1.0;0.9999934598223924;0.9999927718672625;0.9999999999999999;1.0;0.9999580984228994;0.999980706708941;1.0000775923924152;0.9999675868361344;0.9999916106757729;1.0;0.9999999999999999;0.9999154075632886;0.9999218557241273;0.9999237935824539;1.0;1.0001112994487744;0.99999567875967;0.999986042153471;0.999927092721716;0.9999231179633431;0.9999994195755071;1.0001881096184344;1.0;0.9999358314847098;1.000020879581036;0.9998522864963937;0.9997686326453257;1.0;0.9996294416755565;0.9999814075393271;0.9986933310788226;0.9984755015370052;0.9997753285682419;1.0;0.999990860432545;1.000176719414189;0.9999837714869273;0.9999916090701307;1.0;0.9999946682388792;1.024999976158142;
2016-04-10 16:30:00;0.9999557345857973;0.999641693014529;1.0;0.9999791580522123;0.9999736273342363;1.0;1.0;0.9998979235686858;0.9999382501255514;1.0000586019618931;0.9998988090044906;0.9999803489138515;1.0;1.0;0.9997666856271413;0.9998006502324738;0.999807044288002;1.0;1.0001019844108054;0.9999860422330779;0.9999604036930531;0.9997585488687736;0.9998050138272915;0.9999990940666943;1.0002113112126487;1.0;0.9997923931234821;1.0000155263839003;0.999862401845368;0.9997802606682284;1.0;0.9996802480254026;0.999926487396662;0.9988931833012784;0.9986828286646214;0.9997919546077401;0.9999999999999999;0.9999920672329302;1.00019236961039;0.999935387558473;0.9999775716236087;1.0;0.9999830056624145;1.024999976158142;
2016-04-10 16:45:00;0.9999693553386156;0.9997210027274039;1.0;0.9999856623463123;0.9999777639558058;1.0;1.0;0.9999250390011272;0.9999463402078468;1.0000648832653827;0.9999229637582185;0.9999830558936645;1.0;0.9999999999999999;0.9998311325384145;0.9998578462135895;0.9998625563251826;0.9999999999999999;1.000106037509751;0.9999879190851563;0.9999755192807429;0.9998129485823506;0.9998611472723927;0.9999994142976286;1.0002010834261652;1.0;0.9998411318249009;1.0000173430393164;0.999850021755551;0.9997584632623555;1.0;0.9996768420859944;0.9999390571908761;0.9988773114640614;0.9986446500687777;0.9997925340941266;1.0;0.9999912732606054;1.0001850577129563;0.9999465130806527;0.99998668250532;1.0;0.9999859614292955;1.024999976158142;
2016-04-10 17:00:00;0.9999740213108889;0.9997746714783018;1.0;0.9999878122525665;0.9999820320403076;1.0;1.0;0.9999336126443117;0.9999550084555494;1.00006943435169;0.9999342765125362;0.9999866027400749;1.0;1.0;0.9998570824110047;0.9998766996723377;0.999880408780172;1.0;1.0001080311342758;0.9999898822670978;0.9999763247223908;0.9998422056035606;0.9998792159396006;0.9999994825720269;1.0001989745836346;1.0;0.9998646076500806;1.0000186038783803;0.9998202900141366;0.9997445275997365;1.0;0.9996747363931804;0.9999518188629178;0.998870061716841;0.9986421488739433;0.9997911431876265;1.0;0.9999912732606054;1.0001842993164665;0.9999577933162859;0.9999865049683978;1.0;0.999989259505253;1.024999976158142;
2016-04-10 17:15:00;0.9999793397962233;0.9998146035173623;1.0;0.9999898402005509;0.9999847607160388;1.0;1.0;0.9999380630328636;0.999960984421668;1.0000705403475343;0.9999443146541981;0.9999854646219694;0.9999999999999999;0.9999999999999999;0.9998700101260937;0.9998856227217292;0.9998889284918705;0.9999999999999999;1.0001071034558993;0.9999912392910953;0.9999817355703267;0.9998683409933712;0.9998878999078297;0.9999993288971268;1.0001907711945217;0.9999999999999999;0.9998871458002766;1.000018932533744;0.9998372642724402;0.9997604110206688;1.0;0.9997148693101394;0.9999596915942761;0.999026585982294;0.9988070224973689;0.9998052326839596;1.0;0.9999916544037752;1.0001774240688592;0.9999647323006582;0.9999896941497861;1.0;0.9999897015795242;1.024999976158142;
2016-04-10 17:30:00;0.9999838261309927;0.9998621025029131;1.0;0.999991905672589;0.9999888430481424;1.0;1.0;0.9999491872810532;0.9999709394754746;1.0000738686181712;0.9999567466387151;0.9999852061504838;0.9999999999999999;1.0;0.9998953104274448;0.9999061421173796;0.9999086987776782;0.9999999999999999;1.0001087934674242;0.9999934837675413;0.9999844968108886;0.9998993690444672;0.9999078715358887;0.999999393434522;1.0001881926488514;0.9999999999999999;0.9999130228659672;1.0000198588217337;0.9998183394076791;0.9997434702017972;1.0;0.9996977526652836;0.9999708170538478;0.9989526952596585;0.9987241933312008;0.9998040933761788;1.0;0.9999920672329304;1.0001759714639185;0.9999744911111417;0.9999910249000437;1.0;0.9999907266262801;1.024999976158142;
2016-04-10 17:45:00;0.999988524896576;0.9999152939127713;0.9999999999999999;0.9999937119191259;0.9999927195294953;1.0;1.0;0.9999506638854679;0.9999775252589997;1.0000765474015643;0.999965789914327;0.9999910237236261;1.0;1.0;0.9999101020561278;0.9999129585125421;0.9999146815367838;1.0;1.0001077329852446;0.9999949675208424;0.9999849809051393;0.9999251071017016;0.9999140186653204;0.9999992704768471;1.0001811201893585;0.9999999999999999;0.9999332062852531;1.0000205937509927;0.9998621122199569;0.9997816757521898;1.0;0.9997185994800918;0.9999832272262763;0.9990348717965819;0.9988258453026436;0.9998107990619773;0.9999999999999999;0.9999916544037751;1.0001704841225412;0.9999855183771237;0.9999905981464292;1.0;0.999995260704735;1.024999976158142;
2016-04-10 18:00:00;0.9999824129041259;0.9998641941612237;1.0;0.9999911842138752;0.9999891518117147;0.9999999999999999;1.0;0.9999431001067677;0.9999701204086471;1.000072964184186;0.9999535117270373;0.9999910979341834;1.0;0.9999999999999999;0.999888267161249;0.9998968430620416;0.999899300411333;1.0;1.0001062197790063;0.999993299378691;0.9999800545829285;0.9998937328169247;0.9998984093745329;0.9999993336257388;1.0001861232311824;1.0;0.9999066370817641;1.0000196087232092;0.9998514804630859;0.9997719744908092;0.9999999999999999;0.9997107364645422;0.9999726743202833;0.9990089632921763;0.998794551642214;0.9998047761797525;0.9999999999999999;0.9999924483761707;1.0001740346691912;0.9999761985530692;0.999987912161138;1.0;0.9999939282953502;1.024999976158142;
2016-04-10 18:15:00;0.999962419484222;0.9996883935372393;0.9999999999999999;0.9999828689920859;0.9999764708022215;1.0;1.0;0.999918337448048;0.9999438004246667;1.0000615252484746;0.9999125248129094;0.9999824895094872;1.0;0.9999999999999999;0.9998148358906827;0.9998437688069747;0.9998488040028009;1.0;1.000102817975088;0.9999873303240862;0.9999657215176737;0.9997880718586202;0.9998471657729193;0.9999995311670334;1.000205046664696;1.0;0.9998180326894283;1.0000163962731867;0.999866946431852;0.9997746079740055;1.0;0.9996761046146831;0.9999351446213068;0.9988830593663781;0.9986603496712044;0.9997864221472382;1.0;0.9999916544037751;1.0001878689052717;0.9999430530025964;0.9999804579460071;1.0;0.9999851752929513;1.024999976158142;
2016-04-10 18:30:00;0.9999789402036953;0.9998399406568786;1.0;0.9999895914499144;0.9999875213857129;0.9999999999999999;1.0;0.999935648936577;0.9999662140244082;1.0000746333101944;0.9999461101990126;0.9999903623611948;1.0;1.0;0.9998718526673602;0.9998824067222448;0.9998852692562372;1.0;1.000109730632057;0.999992420148049;0.9999762110476877;0.9998763458900202;0.999884225948761;0.9999992829168223;1.00019574249052;1.0;0.9998913290259451;1.0000200483228359;0.9998571547373769;0.9997810459999359;0.9999999999999999;0.9996284440942975;0.9999681895057548;0.998714217964708;0.9985112929279834;0.9997581293016927;1.0;0.9999920672329302;1.000182589136207;0.99997226248341;0.9999855992236127;1.0;0.9999931233633863;1.024999976158142;
2016-04-10 18:45:00;0.9999810586820564;0.9998297226906346;1.0;0.999990228090859;0.9999833901682931;1.0;1.0;0.9999197611672792;0.9999488269509514;1.0000795251897687;0.9999360503688383;0.999991943463529;1.0;1.0;0.9998606056056579;0.9998672410962163;0.9998697898597538;1.0;1.0001143267174062;0.9999884971890806;0.9999764680680799;0.9998525386932271;0.9998688072271228;0.9999991500762545;1.0002006002475994;1.0;0.9998710357734987;1.000021310066763;0.9998614196101248;0.9997722726189765;1.0;0.9996468657776157;0.999961664349827;0.9987618781697702;0.9985411290620592;0.9997810211487645;1.0;0.9999912732606053;1.000187727877081;0.999966895521038;0.999985429685123;1.0;0.9999947738270888;1.024999976158142;
2016-04-10 19:00:00;0.9999817654955757;0.999853196691615;1.0;0.9999907565259563;0.9999868141688398;1.0;1.0;0.9999312726976552;0.9999601556561697;1.0000789465825293;0.9999451359485084;0.9999926688257609;0.9999999999999999;0.9999999999999999;0.9998765159267577;0.9998827381302688;0.9998850714309017;1.0;1.0001131813336304;0.9999910542425487;0.9999769204409555;0.9998745667196994;0.9998841452186513;0.9999992621652526;1.0001980314851464;0.9999999999999999;0.9998894267666334;1.0000211914128745;0.9998392639050431;0.9997578611388673;1.0;0.9996400941037393;0.9999690515104716;0.9987361212273433;0.998512907300732;0.9997781968696631;1.0;0.9999920672329304;1.0001854709483877;0.9999732287771994;0.9999856515232904;0.9999999999999999;0.9999952004040565;1.024999976158142;
2016-04-10 19:15:00;0.9999823133368975;0.9998113721882639;1.0;0.999991230215884;0.9999799222663796;1.0;1.0;0.9999211963715748;0.9999376537836223;1.0000804299693924;0.9999314741123897;0.9999917667161599;1.0;1.0;0.9998701716792961;0.9998776247623898;0.9998798528926193;0.9999999999999999;1.000116106287182;0.9999859853671084;0.9999788666525445;0.999837005521392;0.9998789968671875;0.9999994098981406;1.0002022265199484;1.0;0.9998592488789331;1.000021537705243;0.9998655789702001;0.9997776372973979;1.0;0.9996463599384938;0.9999539575398925;0.9987691478232235;0.9985530516640277;0.9997745615585144;0.9999999999999999;0.9999904792909121;1.000189429588381;0.9999602690513889;0.9999870255904866;1.0;0.9999944986927475;1.024999976158142;
2016-04-10 19:30:00;0.9999835639542903;0.9998145640286673;1.0;0.9999916897596818;0.9999801711366424;1.0;1.0;0.9999237184311136;0.9999393105731808;1.0000789497882066;0.9999343050977783;0.9999916676521985;0.9999999999999999;1.0;0.999872085685187;0.9998804835873731;0.9998828268497622;1.0;1.0001145998594128;0.9999863552111579;0.9999819910068188;0.9998434483113736;0.999882000393068;0.999999364172466;1.000198063201741;1.0;0.9998656251723338;1.0000211458589086;0.9998654601873526;0.9997888501984739;0.9999999999999999;0.9996741348683973;0.9999539791608311;0.9988690840959754;0.9986692107689273;0.9997899870547208;1.0;0.9999928612064205;1.0001855029014366;0.9999602359403793;0.9999891748751863;0.9999999999999999;0.9999942282733534;1.024999976158142;
2016-04-10 19:45:00;0.9999792617472486;0.9998174204917519;1.0;0.9999892571766879;0.9999829097017489;1.0;1.0;0.9999158553960356;0.9999487914337664;1.0000779697625661;0.9999333819885007;0.9999909172345585;1.0;1.0;0.9998485900331809;0.9998571530929454;0.9998601214097352;1.0;1.0001133099219295;0.9999884912356992;0.9999755153015601;0.9998468834502173;0.9998590304269439;0.9999990399105275;1.0002008725444753;1.0;0.9998662499640255;1.000020894086265;0.9998562282767531;0.9997720249352033;1.0;0.9996476735501603;0.9999596172516063;0.9987803701270745;0.9985639126723287;0.9997708884263986;1.0;0.9999912732606052;1.0001875629435;0.9999650443228439;0.9999850178172691;0.9999999999999999;0.9999938496090462;1.024999976158142;
2016-04-10 20:00:00;0.9999790117685577;0.9998456359400352;1.0;0.9999880761204223;0.9999879674479526;1.0;1.0;0.9999120940436289;0.999966234142133;1.0000759456859576;0.9999422991791379;0.9999910923481629;1.0;1.0;0.9998272907913043;0.9998360571038512;0.9998398890623063;1.0;1.0001105262343388;0.9999924202085974;0.999976521558259;0.9998758238348648;0.999838597667965;0.9999984369273321;1.0001955921502756;1.0;0.9998899906221203;1.0000203876000242;0.9998724763234356;0.9997952354140316;1.0;0.9996408265052125;0.999970092632752;0.9987284968692378;0.998533080952611;0.9997855880254787;1.0;0.9999920672329303;1.0001822725566478;0.9999739827727514;0.9999858182032119;1.0;0.9999938801683933;1.024999976158142;
2016-04-10 20:15:00;0.9999810391497835;0.9998219024183536;0.9999999999999999;0.9999899142796287;0.999983369582421;1.0;1.0;0.9999199853127112;0.9999516933791319;1.0000774809680986;0.9999377853554846;0.9999905815041331;0.9999999999999999;1.0;0.9998513744168543;0.9998615469552821;0.9998647114917486;0.9999999999999999;1.000113523941162;0.9999891554685946;0.9999801870139342;0.9998569299284988;0.999863658385785;0.9999989733539176;1.0001985760350696;1.0;0.9998761289220433;1.0000207865927913;0.9998572790216759;0.9997766953544126;1.0;0.9996294244141825;0.9999597047515997;0.9986717035850413;0.9984615373535991;0.9997899664061455;1.0;0.9999916544037752;1.000185407473687;0.9999650344618054;0.9999882394010126;1.0;0.9999933134774828;1.024999976158142;
2016-04-10 20:30:00;0.9999809494476398;0.9998469444784325;1.0;0.9999901054192143;0.9999873271143214;1.0;1.0;0.9999314289283969;0.9999645910437224;1.0000749070472712;0.9999468087442794;0.9999913627928003;1.0;1.0;0.9998667684973597;0.9998761807566616;0.9998791103571983;1.0;1.0001094500904635;0.9999920532128319;0.9999789674112507;0.9998793731357453;0.9998780891480277;0.9999990925627898;1.0001925600640815;1.0;0.9998943315962271;1.0000201154425188;0.9998494564434823;0.9997571891756171;1.0;0.9996623787724974;0.9999684032896016;0.9987961921968407;0.9985620474134205;0.9998042409840013;1.0;0.9999924483761709;1.0001798087204035;0.9999725053187123;0.9999873344759536;1.0;0.9999938482157069;1.024999976158142;
2016-04-10 20:45:00;0.9999757819379119;0.9997885294849505;1.0;0.9999881692054484;0.9999827011186098;1.0;1.0;0.9999282128719819;0.9999551951758331;1.000070314560695;0.9999353557977022;0.9999874803797925;1.0;1.0;0.9998510858741987;0.999868196112797;0.9998718893109544;1.0;1.0001077235778193;0.9999899372952592;0.9999773460646761;0.9998474701450589;0.9998707006549259;0.9999992575460779;1.0001960436867636;1.0;0.9998686972584934;1.000018855180811;0.9998585723892063;0.9997835330709675;0.9999999999999999;0.9996618906051767;0.9999545607879881;0.9988061928957191;0.9986043980889036;0.9997959914805227;1.0;0.9999920672329302;1.000181864648566;0.9999602707830606;0.9999869798171974;1.0;0.9999902549013718;1.024999976158142;
2016-04-10 21:00:00;0.9999723142615222;0.9997319546100137;1.0;0.9999864873680921;0.9999756678226294;0.9999999999999999;1.0;0.9999079890510034;0.9999331466813692;1.0000717823843728;0.9999158770784404;0.9999864720517866;0.9999999999999999;1.0;0.9998213132302748;0.9998407932760958;0.9998449490044444;0.9999999999999999;1.0001114289623059;0.9999849406241127;0.9999741805954833;0.9997989776944883;0.9998436125477341;0.9999991836461363;1.0002062494850936;1.0;0.9998279351952254;1.0000191512000265;0.999863506977854;0.9997774715188357;1.0;0.9996552854297506;0.9999385670489827;0.9987749485375312;0.9985598081799042;0.9997974039379447;1.0;0.9999904792909121;1.0001908658633751;0.9999464798983568;0.999985171692712;1.0;0.999989233043237;1.024999976158142;
2016-04-10 21:15:00;0.9999749931859683;0.9997804725720109;0.9999999999999999;0.9999863495010656;0.9999800227889144;1.0;1.0;0.999892768950478;0.9999416673564058;1.0000791910643057;0.9999208504975722;0.9999900453375213;1.0;1.0;0.9997998118062524;0.9998116410986628;0.999815876318044;1.0;1.000117120002634;0.9999868650989396;0.9999728634466211;0.9998212059910815;0.9998144479689813;0.9999984698275536;1.000211184009559;1.0;0.9998441948218385;1.0000211561412942;0.9998654613657799;0.999788853518312;0.9999999999999999;0.9996187044831174;0.9999518111913754;0.9986714520301212;0.9984735904148893;0.9997580180678779;1.0;0.9999916544037752;1.0001963074879492;0.9999582015106588;0.9999837269811768;1.0;0.9999926753117799;1.024999976158142;
2016-04-10 21:30:00;0.9999820196110702;0.9998291487867844;1.0;0.999990537893047;0.9999837915670904;1.0;1.0;0.9999242909557838;0.9999524735793042;1.0000749274332676;0.9999400208722944;0.9999911267326931;0.9999999999999999;1.0;0.9998613680006002;0.9998707166151378;0.9998736001505544;1.0;1.000109521002479;0.9999893243742595;0.9999808192214379;0.9998613604605937;0.9998726229555838;0.9999990861420757;1.0001914174956827;1.0;0.9998799754478092;1.000020090809138;0.9998845595025097;0.9998093092104967;1.0;0.9996974215641057;0.9999610396679721;0.9989309982138713;0.9987447201603888;0.9998178163602315;1.0;0.9999916544037752;1.0001788224751165;0.9999662177206947;0.999988550382027;1.0;0.9999937567097956;1.024999976158142;
2016-04-10 21:45:00;0.99998279473284;0.9998264967963928;1.0;0.9999912554989304;0.9999826771309422;1.0;1.0;0.9999273159454465;0.9999480926472264;1.000076716257632;0.9999389318770737;0.9999915526923118;1.0;1.0;0.9998723110758954;0.9998809727715234;0.999883463420625;1.0;1.0001116052641845;0.9999883373556768;0.9999810170216276;0.9998563227877176;0.9998825839285672;0.9999992999832814;1.0001941547229933;1.0;0.9998759579156594;1.000020566524834;0.9998542094255021;0.9997802982339139;1.0;0.9996904099263206;0.9999590793810461;0.99890666461053;0.9987028434058879;0.9998133057178404;0.9999999999999999;0.9999920672329302;1.0001816619318733;0.999964579391407;0.9999885695478489;0.9999999999999999;0.9999941133131722;1.024999976158142;
2016-04-10 22:00:00;0.9999789826276546;0.9997863764667289;1.0;0.9999900054745887;0.9999793938905038;1.0;1.0;0.9999266869379398;0.9999408362759005;1.0000726351316784;0.9999305980349142;0.9999891715766607;0.9999999999999999;1.0;0.999866566352979;0.9998799743355445;0.999882788213162;1.0;1.000108859178502;0.9999866905886338;0.9999787242930414;0.9998325271839885;0.9998818219256087;0.9999995242472456;1.00019476524239;0.9999999999999999;0.9998564743202925;1.0000194348430191;0.9998833538178761;0.9997990985391062;1.0;0.9997031836074265;0.9999496492704367;0.9989419422495011;0.9987410190700882;0.9998276807496608;0.9999999999999999;0.9999924483761709;1.0001814353585192;0.9999562701002295;0.9999874826081613;0.9999999999999999;0.9999919035461582;1.024999976158142;
2016-04-10 22:15:00;0.9999742504718363;0.9998236612274962;1.0;0.9999869494579039;0.9999879532983403;1.0;1.0;0.9999245567688924;0.9999696489708078;1.0000701907848306;0.999940979476006;0.9999888385266019;1.0;0.9999999999999999;0.9998416528782494;0.9998545737173673;0.9998583175187986;1.0;1.0001050354796719;0.9999931808708931;0.9999713288915316;0.9998681530323132;0.9998569879705632;0.9999989446355518;1.0001936115941155;1.0;0.9998831317238247;1.0000188335844051;0.9998556546596339;0.9997813056354787;1.0;0.9996775302741511;0.9999678229399349;0.99884443909551;0.9986413039128736;0.9998169696867437;1.0;0.9999912732606053;1.0001796660665985;0.9999718222896188;0.9999827047285849;1.0;0.9999918692811678;1.024999976158142;
2016-04-10 22:30:00;0.9999662308818725;0.999678905295577;1.0;0.9999831103615148;0.9999718196375571;0.9999999999999999;1.0;0.9998877556809113;0.9999248283206064;1.0000632073463729;0.9999011613254911;0.9999840876349155;1.0;1.0;0.9997739993548295;0.9997992642562362;0.9998047969215389;1.0;1.0001031435453775;0.9999830490628127;0.9999704697786376;0.9997658629792471;0.9998030942023117;0.9999987794531107;1.0001999643895538;1.0;0.9997999182340261;1.000016785503958;0.999896183866824;0.9998152625106485;0.9999999999999999;0.9997556890346274;0.9999273870160726;0.9991448164040456;0.9989563581659503;0.9998474262276476;1.0;0.9999920672329303;1.0001834559591114;0.999936621064919;0.9999833993700018;1.0;0.999986773422672;1.024999976158142;
2016-04-10 22:45:00;0.9999648784511612;0.9996631111202143;1.0;0.9999826575506544;0.9999711946652202;1.0;1.0;0.9998919847586832;0.9999260446205187;1.0000598853112133;0.9999011908215265;0.9999826111602953;1.0;1.0;0.9997732420095499;0.999802540348089;0.9998084435489564;1.0;1.0001009459331738;0.9999833200067301;0.9999719305015443;0.9997639354116307;0.9998066981827541;0.9999988507222509;1.0001980153781447;1.0;0.999799407350322;1.0000158884536177;0.9998897090442292;0.9998214176785865;0.9999999999999999;0.9997861148426251;0.9999239026466784;0.9992574903889763;0.9990833749819197;0.999862195179863;0.9999999999999999;0.9999916544037751;1.0001810883376556;0.9999334296610412;0.9999847248636634;1.0;0.9999851427131291;1.024999976158142;
2016-04-10 23:00:00;0.99996362053819;0.9996691151777365;1.0;0.9999829020643287;0.9999734713137992;0.9999999999999999;1.0;0.9999101422537207;0.9999356910357552;1.0000580900458524;0.9999083264819575;0.9999814540545698;1.0;0.9999999999999999;0.999798553967374;0.9998300960890096;0.9998356931845946;1.0;1.000099750547082;0.9999854809928356;0.9999709781351711;0.9997775926732982;0.9998340219509386;0.9999992787863003;1.0001982483788625;1.0;0.9998111331905828;1.0000154207482626;0.9998943774270058;0.9998173441315215;1.0;0.9997765542205316;0.9999274738915385;0.9992238015450132;0.9990396233206045;0.999856387724527;0.9999999999999999;0.9999908604325449;1.0001811390114184;0.9999363590146733;0.9999842189019073;1.0;0.9999840840062334;1.024999976158142;
2016-04-10 23:15:00;0.9999730134753142;0.9997587102163827;1.0;0.9999863495645909;0.9999797521443502;1.0;1.0;0.9999115962538131;0.9999468205697244;1.0000651451840161;0.9999249528536751;0.9999868020720073;1.0;1.0;0.9998190832411283;0.9998382423967487;0.9998426935822962;0.9999999999999999;1.0001019433051126;0.9999880276058295;0.9999755040488387;0.9998245758962792;0.9998413010486861;0.9999989285998754;1.0001899819596907;1.0;0.9998492367597226;1.0000174041807826;0.9998685986832883;0.9998057218723503;1.0;0.9997968717406605;0.9999473000239937;0.9992953250419816;0.999115359712874;0.9998687806420445;1.0;0.9999920672329302;1.000175419008323;0.9999539563696027;0.9999860569448998;1.0;0.999989458837715;1.024999976158142;
2016-04-10 23:30:00;0.9999596115132763;0.9996315934647791;1.0;0.9999810818516032;0.9999716811830175;1.0;1.0;0.9999088306801204;0.9999355720074157;1.000051819286794;0.9999036517848829;0.9999780430785914;1.0;1.0;0.9997808894292669;0.9998195965941887;0.9998261651760378;1.0;1.0000953153144287;0.99998545665509;0.999971224521759;0.9997648495471047;0.9998243006194165;0.9999992242814604;1.0001955925466033;1.0;0.9998016383777291;1.0000137339844872;0.999900256458915;0.9998211488376948;1.0;0.9997978841196433;0.9999198519494498;0.9993034538398291;0.9991195924550588;0.9998662904171796;1.0;0.9999920672329303;1.0001774610446035;0.9999294672647466;0.9999850771276386;1.0;0.9999808308624427;1.024999976158142;
2016-04-10 23:45:00;0.9999771327919207;0.999794634254101;1.0;0.9999884908155673;0.9999825927272782;1.0;1.0;0.9999240790276107;0.9999535980096641;1.0000664782864876;0.9999352088906694;0.9999884014588785;1.0;0.9999999999999999;0.9998469795351538;0.9998625814404652;0.999866258309577;1.0;1.0001015373867812;0.9999895776348374;0.9999785062982643;0.9998484507146151;0.9998650838280866;0.9999991160767916;1.0001846061247277;1.0;0.9998695177604763;1.0000178142952538;0.9998512643795028;0.9997938331802744;1.0;0.9997997094021547;0.9999551474956915;0.9993096844515152;0.9991266318343318;0.9998675404421041;0.9999999999999999;0.9999912732606052;1.0001712128413187;0.9999608522972057;0.999987627287261;1.0;0.9999910314288137;1.024999976158142;
2016-04-11 00:00:00;0.9999866731842864;0.9998875815450345;1.0;0.999992657621822;0.9999903831302487;1.0;1.0;0.9999443066460507;0.9999728283954606;1.000071163373626;0.9999601063305497;0.9999921365944162;1.0;1.0;0.9998922985143363;0.99989909631934;0.9999014893918445;1.0;1.0001026329827394;0.9999939145665758;0.9999859836786035;0.9999109783329333;0.9999007015036571;0.999999130659609;1.0001748686126137;1.0;0.9999222582684796;1.000019138238418;0.9998526090906565;0.9997990708638598;1.0;0.9997977824498439;0.9999762083509353;0.999301979448278;0.9991257601492294;0.9998669928724012;1.0;0.9999912732606053;1.0001638935340036;0.9999793127757168;0.9999916669758857;1.0;0.9999948224037908;1.024999976158142;
2016-04-11 00:15:00;0.999986532562653;0.9998852244643721;1.0;0.9999928796158339;0.9999900173310302;1.0;1.0;0.9999470739193403;0.9999715006146942;1.0000692110794873;0.9999596149062043;0.9999922312944792;1.0;1.0;0.9998991706695896;0.9999058727650841;0.9999080524522693;1.0;1.0000998677434303;0.9999936193171708;0.9999853026046026;0.999908335080561;0.9999073055088562;0.999999285502451;1.0001710283490346;1.0;0.9999199791846617;1.0000186143120724;0.9998753089597109;0.9998183857589239;1.0;0.999820926427387;0.9999754863529398;0.9993910946375754;0.9992241782888563;0.9998759046622271;1.0;0.9999924483761709;1.0001602964929013;0.9999787021351266;0.9999911744477001;1.0;0.9999948880746112;1.024999976158142;
2016-04-11 00:30:00;0.9999876387643021;0.9999001736993265;1.0;0.9999939794172004;0.9999915520389395;0.9999999999999999;1.0;0.9999599053070605;0.9999759291807305;1.000069361101912;0.9999654996839912;0.9999922925102301;1.0;1.0;0.9999242149952152;0.9999299376368007;0.9999315088804647;1.0;1.0000994766536728;0.9999946113679677;0.9999854533836976;0.9999198873803824;0.9999309099703289;0.9999996262526095;1.0001697155093185;1.0;0.9999297515609771;1.0000186611749697;0.9998632914285621;0.9998165667343027;1.0;0.9998233025088146;0.9999792333183033;0.9993984331083974;0.9992390803081348;0.9998780578039173;1.0;0.999990479290912;1.0001594052069167;0.9999819543974536;0.9999911034318106;1.0;0.9999951496908316;1.024999976158142;
2016-04-11 00:45:00;0.9999888328446348;0.9999249575849534;1.0;0.9999946970846578;0.9999941235110543;1.0;1.0;0.999966800265221;0.999982411200402;1.0000684901801256;0.9999715890828204;0.9999934442146615;1.0;1.0;0.9999393082335383;0.9999422664709026;0.9999433553178402;1.0;1.0000966179911563;0.9999960631161755;0.9999845379738795;0.9999351328486795;0.9999428435882352;0.9999997364429332;1.0001642151791208;1.0;0.9999417987718416;1.0000184313035398;0.9999251360662501;0.9998679536284557;1.0;0.999839238688848;0.9999861118231315;0.9994701972515627;0.9993353756137846;0.999877112121836;0.9999999999999999;0.9999908604325449;1.0001546157470578;0.9999879770496356;0.9999902126155483;1.0;0.9999963304280786;1.024999976158142;
2016-04-11 01:00:00;0.9999886326283136;0.9999174428102078;1.0;0.9999947043539088;0.999993622268469;1.0;1.0;0.9999694782708994;0.9999823520819395;1.000066672222167;0.9999718652001919;0.999993050836861;1.0;1.0;0.999940681476533;0.999945615382706;0.9999468463898983;1.0;1.0000952731247637;0.9999960487175966;0.9999859993837538;0.9999344088236335;0.9999463364997196;0.9999997876360419;1.0001622516068305;1.0;0.999941976503435;1.0000179418742845;0.9999165754346415;0.9998774180113147;1.0;0.9998580730335613;0.9999840028006634;0.9995315411394251;0.9994181685693609;0.9998919813680568;1.0;0.9999908604325449;1.0001525572198815;0.9999860693894331;0.9999913509371653;1.0;0.999995680819024;1.024999976158142;
2016-04-11 01:15:00;0.9999888392778921;0.9999253793539518;1.0;0.999994457895945;0.9999946393710594;1.0;1.0;0.9999663937886305;0.9999852028549652;1.0000663877288676;0.9999731538003647;0.9999932734592084;1.0;1.0;0.999933751743074;0.9999379409642329;0.999939337735972;1.0;1.0000944330505115;0.9999966892497321;0.9999860337162222;0.9999398193446919;0.9999387817907446;0.9999996023492426;1.0001604255950656;1.0;0.9999461905951837;1.0000178669599074;0.999936414781415;0.9998926890950582;1.0;0.9998648587139672;0.9999865249906276;0.9995562616271799;0.9994489098582084;0.9998955572198235;1.0;0.9999908604325449;1.0001508388511238;0.999988264788966;0.9999913389626371;0.9999999999999999;0.9999959592716364;1.024999976158142;
2016-04-11 01:30:00;0.9999888077181599;0.9999183644456627;1.0;0.9999941930712593;0.9999940106081739;1.0;1.0;0.9999632108107968;0.9999842541326023;1.0000657534653306;0.9999721134021337;0.9999926985024769;1.0;0.9999999999999999;0.9999248657197094;0.9999304958529436;0.9999322356644776;1.0;1.0000944027993215;0.9999964791997368;0.9999876805799199;0.9999377914954038;0.9999316307887263;0.999999463177726;1.000159994978607;1.0;0.9999450932583882;1.0000176988347855;0.9999281895794047;0.999889096706641;1.0;0.9998584115123524;0.9999844264182302;0.9995378481949041;0.9994322391253159;0.9998886988145887;1.0;0.9999912732606053;1.0001502337077193;0.9999863960395733;0.9999925881410595;1.0;0.99999535528385;1.024999976158142;
2016-04-11 01:45:00;0.9999910848381874;0.9999330863200995;1.0;0.999995394550955;0.999995157706611;1.0;0.9999999999999999;0.9999718665546962;0.9999878452909726;1.0000646283301542;0.9999782532175375;0.9999928660898008;1.0;0.9999999999999999;0.9999406612799218;0.9999459069211474;0.9999473579434837;1.0;1.0000926056738733;0.99999728347246;0.9999908970352134;0.9999511373073702;0.9999468765789228;0.9999995831388857;1.0001545381742007;1.0;0.9999571696668685;1.0000174000653752;0.9999561534029563;0.9999251325847882;1.0;0.9998822928426693;0.9999870424032758;0.9996229563445267;0.9995477283577879;0.9999025735670877;1.0;0.9999916544037752;1.000145380765844;0.9999886502866788;0.9999946326681621;1.0;0.9999955228716193;1.024999976158142;
2016-04-11 02:00:00;0.99999296637926;0.9999425804434865;1.0;0.9999966870862784;0.9999954259028159;0.9999999999999999;1.0;0.9999807309406281;0.9999879366854075;1.0000638383696985;0.9999819001007455;0.9999930051736855;1.0;1.0;0.999960806691931;0.9999650629580021;0.9999659795846918;1.0;1.000090919391488;0.9999973052420627;0.9999925381698164;0.9999572365247635;0.9999656526691066;0.9999998475229959;1.000150107653735;0.9999999999999999;0.999962801470031;1.0000171893041327;0.9999739902612915;0.9999534839777333;1.0;0.9999064131947571;0.9999881349545469;0.9997124992761797;0.999664798185363;0.9999141467915083;1.0;0.9999912732606053;1.0001415744733149;0.9999896366676092;0.9999955522201525;0.9999999999999999;0.9999958220287627;1.024999976158142;
2016-04-11 02:15:00;0.9999923851708484;0.9999465239009486;0.9999999999999999;0.999996258875524;0.9999961817422215;1.0;1.0;0.9999782839628167;0.9999900058687609;1.0000640642674334;0.9999819770364943;0.9999932453061675;0.9999999999999999;1.0;0.9999555250509804;0.999959173650002;0.9999601836428544;1.0;1.0000908714034622;0.9999977680933764;0.9999911782984126;0.9999590843521093;0.9999598065040513;0.9999997496331787;1.0001506620290508;1.0;0.999963745490789;1.0000172502297457;0.9999719786524721;0.999954211768754;1.0;0.9999069702753784;0.9999900425488645;0.9997190295912602;0.9996741751164254;0.9999113745896829;0.9999999999999999;0.9999912732606052;1.000142056180388;0.9999912988930576;0.9999946225966396;1.0;0.999996075673412;1.024999976158142;
2016-04-11 02:30:00;0.9999919623191218;0.9999529695724447;1.0;0.9999958040844606;0.9999971342348545;1.0;1.0;0.9999745941436847;0.9999923906615327;1.000063957357655;0.9999821874612049;0.9999931510150831;1.0;1.0;0.9999484067367329;0.999951005414072;0.999952125825065;1.0;1.0000900995281137;0.9999983014144409;0.9999897720030746;0.9999619174267288;0.9999516912050929;0.9999995993831077;1.0001498075317887;1.0;0.9999653916814268;1.0000172218119938;0.9999850803582802;0.9999609625850034;0.9999999999999999;0.9999055266863223;0.9999926048387751;0.9997122103935631;0.9996663673017215;0.9999116798073237;1.0;0.9999912732606053;1.0001412386631654;0.9999935433711824;0.99999363858781;1.0;0.9999962837808801;1.024999976158142;
2016-04-11 02:45:00;0.9999929888321542;0.9999600974204897;1.0;0.9999960673549431;0.9999975927374908;1.0;1.0;0.9999736064786064;0.9999933578216911;1.0000653546871587;0.9999837292014437;0.9999937756214239;1.0;1.0;0.9999471218556816;0.9999490047122216;0.9999501461007511;1.0;1.000091607814931;0.9999985183004376;0.9999910405997111;0.9999665894341329;0.9999497227179991;0.9999995009736219;1.0001507539961585;1.0;0.9999694501654134;1.0000175987042932;0.9999718540994593;0.9999529385678956;1.0;0.9998966257431928;0.999993947748658;0.9996805289500312;0.9996339380208686;0.9999064772542592;1.0;0.999990860432545;1.0001422809782756;0.9999947290857412;0.9999944205073424;0.9999999999999999;0.9999967370338255;1.024999976158142;
2016-04-11 03:00:00;0.9999913116295094;0.9999448233025787;1.0;0.9999957721979648;0.9999963155947965;1.0;1.0;0.9999762113152583;0.9999901691220128;1.0000634548830147;0.9999804508850371;0.9999931642904867;1.0;1.0;0.9999519636129057;0.9999552493775045;0.999956279422464;1.0;1.0000898126989004;0.9999978046546918;0.9999890292257516;0.9999561569786178;0.9999558593206117;0.9999997360487308;1.0001503715995537;1.0;0.9999606146250982;1.0000170860161097;0.9999826175686758;0.9999617239130412;1.0;0.9999025431052074;0.9999905177914826;0.999700004920983;0.9996574441673629;0.9999110175791358;1.0;0.9999904792909119;1.0001416923978794;0.99999172428369;0.999993187430988;1.0;0.999996125701078;1.024999976158142;
2016-04-11 03:15:00;0.9999934017270952;0.9999593633770881;1.0;0.9999967973639867;0.9999971958974917;1.0;1.0;0.9999810878856125;0.9999919688583804;1.0000641816977096;0.9999846464455581;0.9999938833712033;1.0;1.0;0.9999636046068328;0.9999654428910925;0.9999661507424522;1.0;1.0000899557314131;0.999998208068203;0.9999910189795551;0.9999657115529994;0.999965835105884;0.9999998041855839;1.0001482119066627;1.0;0.9999689776411851;1.0000172833742091;0.9999850583782895;0.9999707742613541;1.0;0.9999114962941158;0.9999931408850733;0.9997356359951896;0.9997046436914583;0.9999136807988636;1.0;0.9999908604325449;1.0001400347223615;0.9999940422402044;0.9999943361725343;1.0;0.9999967963860908;1.024999976158142;
2016-04-11 03:30:00;0.9999927425778706;0.9999598568162114;1.0;0.9999963204353266;0.9999975244451444;1.0;0.9999999999999999;0.999977762365322;0.9999928590095022;1.0000641946121551;0.9999838489554769;0.9999940133692211;1.0;1.0;0.9999566923646528;0.9999582634983036;0.9999591141608296;1.0;1.0000898148858643;0.99999840720255;0.9999898752243942;0.9999652640794288;0.9999587420799709;0.9999996979330011;1.000148654830693;1.0;0.9999681325923272;1.0000172869625379;0.9999768436444368;0.9999628075516894;1.0;0.9999100693569939;0.9999939724620407;0.9997301060624846;0.999694093732816;0.999913155892969;1.0;0.9999912732606053;1.0001403670465907;0.9999947668785011;0.999993586476156;1.0;0.9999969189366901;1.024999976158142;
2016-04-11 03:45:00;0.9999911795686788;0.9999463621799419;1.0;0.999995476095854;0.9999966385436965;0.9999999999999999;1.0;0.9999732583992215;0.9999912180914557;1.000063658271704;0.9999804147909324;0.9999932924935624;1.0;0.9999999999999999;0.9999452425406453;0.9999484679297997;0.9999496774111188;1.0;1.0000900583379504;0.9999980392180007;0.9999890399741458;0.9999574785560786;0.9999492121760303;0.9999996045455677;1.000150688159258;1.0;0.9999615873315901;1.000017140867268;0.9999785757169801;0.9999566094872596;1.0;0.9999014303129853;0.9999912264656755;0.9996977143898247;0.9996508831077058;0.9999092268406853;1.0;0.9999912732606052;1.0001419317038214;0.9999923328653095;0.9999932169521638;1.0;0.9999961980589368;1.024999976158142;
2016-04-11 04:00:00;0.9999923849878575;0.999951053710029;0.9999999999999999;0.9999957873269358;0.9999967820929335;1.0;1.0;0.9999720750507503;0.9999915556395949;1.0000643531200006;0.9999818020350862;0.9999929364403437;0.9999999999999999;0.9999999999999999;0.9999429273155823;0.9999459617414717;0.9999472628181015;1.0;1.000090904662015;0.9999981152186619;0.9999911568902217;0.999961520292516;0.9999468090625779;0.9999994899883616;1.0001502734428476;1.0;0.9999654469538525;1.0000173288893301;0.9999651139355331;0.9999507735624291;1.0;0.9999047499636076;0.9999916314245296;0.9997109621588572;0.9996668130446145;0.9999101916460283;1.0;0.9999916544037754;1.000141643264043;0.9999926887976454;0.999994612365608;1.0;0.9999960827328659;1.024999976158142;
2016-04-11 04:15:00;0.9999924658896147;0.9999519803364719;1.0;0.9999958609010787;0.999997030288541;1.0;1.0;0.9999739577291414;0.9999927543107087;1.000064195794769;0.9999829154733694;0.999993279581273;1.0;1.0;0.9999449878270229;0.9999484454425798;0.9999497584522011;1.0;1.0000909380591376;0.9999983828197572;0.999991658261397;0.9999638910465447;0.999949312617733;0.9999995113466605;1.000150227932157;1.0;0.9999676398405608;1.0000172864891912;0.9999581269343406;0.9999446640689867;0.9999999999999999;0.999906757008915;0.9999919245178085;0.9997145601562965;0.9996671149480932;0.9999137778371405;1.0;0.9999916544037752;1.0001415759659127;0.9999929163687424;0.9999949743187073;1.0;0.9999961367646948;1.024999976158142;
2016-04-11 04:30:00;0.9999922614685332;0.9999533976800905;1.0;0.9999961436648092;0.9999971341390653;0.9999999999999999;1.0;0.9999784493762865;0.9999926347381055;1.0000647293225609;0.9999833276119334;0.9999931592555424;1.0;1.0;0.9999554942846208;0.9999583889592568;0.9999593720457416;1.0;1.000091343571341;0.999998355699118;0.9999903100628839;0.9999633567614655;0.9999589823269084;0.9999997153002383;1.0001515652718778;1.0;0.9999668863685521;1.0000174298090287;0.9999490411763032;0.999942994291289;0.9999999999999999;0.9999076095953048;0.9999924455218778;0.9997231742600216;0.9996810024299373;0.9999104757335308;1.0;0.9999908604325449;1.0001429611906785;0.9999933914222946;0.999993990237674;0.9999999999999999;0.9999962168233838;1.024999976158142;
2016-04-11 04:45:00;0.9999929899246248;0.9999623655979871;1.0;0.9999965332399163;0.9999978355262437;1.0;1.0;0.9999805679256223;0.9999939916427865;1.0000646071138621;0.9999852420559083;0.9999940656244699;1.0;1.0;0.9999614102318612;0.9999630640545443;0.9999638322826666;1.0;1.000090434577628;0.9999986604309279;0.9999902444212616;0.9999680622010015;0.9999634874566196;0.9999997562086913;1.0001494106263316;0.9999999999999999;0.9999706246834706;1.0000173982334726;0.9999603847441151;0.9999466504394271;0.9999999999999999;0.9999050736763656;0.9999945787002125;0.9997083948435609;0.9996620281104817;0.9999129127742894;1.0;0.9999916544037752;1.0001411286250794;0.9999952803882466;0.9999938225866053;1.0;0.9999969228101375;1.024999976158142;
2016-04-11 05:00:00;0.9999938122514831;0.9999652576364954;0.9999999999999999;0.9999969288255265;0.9999978770168743;1.0;1.0;0.9999822887505705;0.9999940647570493;1.0000652424721816;0.9999865257319809;0.9999941505859362;1.0;1.0;0.9999650334967539;0.9999666046435105;0.999967304401435;1.0;1.0000912642932933;0.999998676873876;0.9999915109253211;0.999970664928918;0.9999669972293695;0.9999997789290912;1.000149714379984;1.0;0.9999731683290414;1.0000175696478435;0.9999490714080316;0.9999446131526967;0.9999999999999999;0.9999078981876437;0.9999947111702548;0.9997254036402246;0.9996856750098639;0.9999098276442034;0.9999999999999999;0.999990479290912;1.0001415250272243;0.9999953978216563;0.9999946378805321;1.0;0.999996980955743;1.024999976158142;
2016-04-11 05:15:00;0.999994301885249;0.9999628754316819;1.0;0.9999968822766249;0.9999975032583012;1.0;1.0;0.9999794076067464;0.9999933695328638;1.0000649396588177;0.9999862427670895;0.9999931714121111;1.0;1.0;0.9999581699863018;0.9999604314496264;0.9999613760549978;1.0;1.0000912554989538;0.9999985212995436;0.999993331485743;0.9999706677605316;0.9999610426467016;0.9999996376957039;1.0001487456515514;1.0;0.9999736947958286;1.0000174878055483;0.9999898463253327;0.9999685065657977;1.0;0.9999079151002916;0.9999935578996287;0.9997280740669113;0.9996896490454764;0.99990807906942;1.0;0.9999812050178774;1.000140533929064;0.9999943756779288;0.9999959275910081;1.0;0.9999963735350572;1.024999976158142;
2016-04-11 05:30:00;0.9999938617311894;0.999941128921968;1.0;0.9999968374629686;0.9999949551323802;1.0;1.0;0.9999783674442224;0.9999868069928741;1.0000654680948275;0.999981932284179;0.9999917902040122;1.0;1.0;0.999955578527891;0.9999604043156575;0.9999615200982892;1.0;1.0000935154171278;0.9999970521343297;0.9999949043178539;0.9999577351007777;0.9999611869102731;0.9999997185749686;1.000152718525986;1.0;0.9999638988972999;1.0000176275920432;0.9999684321222013;0.9999548407487899;1.0;0.9999034036384313;0.9999868463435945;0.9997169883098544;0.9996763157311447;0.9999020710450987;1.0;0.9999785157908042;1.0001440507355548;0.9999885050136408;0.9999971867361459;1.0;0.9999951368774069;1.024999976158142;
2016-04-11 05:45:00;0.9999884629235581;0.9998856384596723;1.0;0.9999940381767409;0.9999903558390671;1.0;0.9999999999999999;0.9999608372575594;0.999975830825275;1.0000628515828562;0.9999667825372403;0.9999878584983075;1.0;1.0;0.9999160871734862;0.9999265786027959;0.9999288332157905;1.0;1.0000932969828074;0.9999945872934106;0.9999918448596726;0.9999217511593982;0.9999282014988357;0.9999994628782749;1.000158227905663;1.0;0.9999337777105187;1.0000169073705074;0.9999817769963404;0.9999623247760353;1.0;0.9999016241241748;0.9999741688388144;0.9997169669502667;0.9996762497187415;0.9998967377472738;1.0;0.9999787687952689;1.0001480418652893;0.9999773724918871;0.9999957877995853;0.9999999999999999;0.999992006741286;1.024999976158142;
2016-04-11 06:00:00;0.9999880664538988;0.999888140948249;0.9999999999999999;0.9999944149174036;0.9999912262141668;1.0;1.0;0.9999715326914003;0.9999795814076007;1.00006353297658;0.9999702742657476;0.9999881251095473;1.0;1.0;0.9999332004606726;0.9999446369320992;0.9999465981686624;1.0;1.0000947819767159;0.9999954297711251;0.9999914007375456;0.9999275048450768;0.9999460378849837;0.9999997614619639;1.000161481283091;0.9999999999999999;0.9999388062127479;1.0000170979100453;0.9998788747216452;0.9999045923078208;0.9999999999999999;0.9998952305445223;0.9999754776466193;0.9997059247773433;0.9996661969210637;0.9998850319704398;1.0;0.9999785157908041;1.000151127690986;0.9999784406719653;0.9999955195158001;1.0;0.9999919015995864;1.024999976158142;
2016-04-11 06:15:00;0.9999906361298788;0.9999094189402792;1.0;0.9999955934214633;0.999992896222973;1.0;1.0;0.9999777807891036;0.9999838210240152;1.0000643881320135;0.9999766073524152;0.9999902553162993;1.0;0.9999999999999999;0.9999464812768402;0.9999561521749856;0.9999577812011229;1.0;1.0000949041474625;0.9999963811296607;0.9999939543355498;0.9999427153020274;0.9999573351068491;0.9999997993388969;1.0001586419205781;1.0;0.9999519496338496;1.0000173334217668;0.9999084334540909;0.9999206134291676;1.0;0.9998912924209287;0.9999799266743237;0.9996919255142328;0.999651134153769;0.9998827168029654;1.0;0.9999789286078816;1.0001488969805294;0.9999823352456538;0.9999970131137847;0.9999999999999999;0.9999932860751591;1.024999976158142;
2016-04-11 06:30:00;0.9999903147972491;0.9999154089062524;1.0;0.9999954797199543;0.9999936033507241;1.0;1.0;0.9999774649752667;0.9999851296963027;1.000066470978184;0.9999768679684721;0.999983883308488;0.9999999999999999;1.0;0.999947656628418;0.9999560040678801;0.9999574908593227;1.0;1.0000969986056591;0.9999966750631815;0.9999920888164142;0.9999441539932806;0.9999570405904854;0.9999998117080167;1.0001624698322862;1.0;0.9999523993401466;1.000017895768649;0.9998798745681089;0.9999043750355935;1.0;0.9998733266333378;0.9999821176549003;0.9996250523893849;0.9995846536330638;0.9998742872336656;1.0;0.9999749591605362;1.000152637478819;0.9999842778097086;0.9999956622161188;1.0;0.9999907221227171;1.024999976158142;
2016-04-11 06:45:00;0.9999889865586261;0.9999161336561505;0.9999999999999999;0.9999939218414762;0.9999941417920344;1.0;1.0;0.9999612489073749;0.9999861284454669;1.0000696298628595;0.999973185724667;0.9999768812347453;1.0;1.0;0.9999157999346263;0.9999231450946864;0.9999253173966787;1.0;1.0001007848808483;0.9999968975016815;0.9999900748325505;0.999941409182964;0.999924655871555;0.9999992696854962;1.0001691740239471;1.0;0.999948899795555;1.0000187437991928;0.9998990589936886;0.9999041624000921;0.9999999999999999;0.9998248550405189;0.9999837862573012;0.9994415857838336;0.9993854032532942;0.9998535736974363;1.0;0.9999686816941242;1.0001587471344702;0.9999857564566706;0.9999943675882491;1.0;0.9999877966277798;1.024999976158142;
2016-04-11 07:00:00;0.9999921854998741;0.9999242551237219;1.0;0.9999957130051722;0.9999933064650908;0.9999999999999999;1.0;0.999967252393347;0.9999818331023178;1.0000746620896146;0.9999753284598041;0.999965377557481;1.0;1.0;0.9999349041552976;0.9999405153380211;0.9999420786605494;1.0;1.0001067152637095;0.9999959394288728;0.9999933190490693;0.999943609651404;0.9999416122414987;0.9999994947380033;1.0001749562996023;1.0;0.9999516384654674;1.0000201017047898;0.9997965137082362;0.9998356891750316;0.9999999999999999;0.999835215684459;0.9999829643891573;0.9995012610390758;0.9994301969455407;0.9998442992977133;1.0;0.999957279059604;1.0001648602018505;0.9999851479643151;0.9999962728694728;1.0;0.9999830113314454;1.024999976158142;
2016-04-11 07:15:00;0.9999889391204788;0.999851506333496;1.0;0.9999926789685062;0.9999834128116858;1.0;1.0;0.9999176371684263;0.9999491938230013;1.0000841853357605;0.9999449198124865;0.9999475003843906;1.0;1.0;0.9998549486004921;0.9998619272674424;0.9998649454636093;0.9999999999999999;1.0001208702766502;0.9999886041783898;0.9999912697293273;0.9998755544002892;0.9998640936664321;0.9999986107096505;1.000199598802486;1.0;0.9998941063282988;1.000022607269642;0.9997212978978356;0.999793307482941;1.0;0.9998475314695249;0.9999615223973755;0.9995409586060825;0.999472858107625;0.9998552473543026;1.0;0.9997985214043711;1.0001874259315946;0.9999667570952787;0.9999952700353557;0.9999999999999999;0.9999746045112101;1.024999976158142;
2016-04-11 07:30:00;0.9999905312246873;0.9998976656045695;1.0;0.9999937770688517;0.9999894105275423;1.0;1.0;0.9999362058326613;0.9999674876501846;1.0000845475484144;0.9999600496879356;0.9999407208359554;1.0;1.0;0.9998847671882738;0.9998891183103357;0.999891518415943;1.0;1.00011970458495;0.9999927206677791;0.9999908337482567;0.9999126847044137;0.999890794745025;0.9999988233198384;1.0001962659173937;1.0;0.9999245159177826;1.0000227449940102;0.9997165478821394;0.999793543747092;1.0;0.9998283388148973;0.9999754920248921;0.9994803278363928;0.9994177292064399;0.9998390337636219;1.0;0.9998126114112998;1.0001847966971273;0.9999788313095208;0.999994678103175;1.0;0.9999721678725556;1.024999976158142;
2016-04-11 07:45:00;0.9999906795093226;0.9998929873389031;1.0;0.9999938808948505;0.9999891010821392;1.0;0.9999999999999999;0.999938720078843;0.9999678021273486;1.000085233312878;0.9999608859423595;0.9999292786164166;1.0;1.0;0.9998862213809468;0.9998922108607206;0.9998947393662978;0.9999999999999999;1.0001216332954168;0.9999927889374073;0.9999926309161992;0.9999136415078401;0.9998940243684268;0.9999988423498226;1.0001989742934343;1.0;0.9999261107961451;1.0000229271616723;0.9997068309815376;0.9997847304497223;1.0;0.9998327831117233;0.9999739649540494;0.9995012081467183;0.9994339487284231;0.9998383608070943;1.0;0.9998061580915728;1.0001872394044484;0.9999774389310335;0.9999960079994332;1.0;0.9999666049633463;1.024999976158142;
2016-04-11 08:00:00;0.9999882677165487;0.9998641378672017;1.0;0.999992711307845;0.9999864137582105;1.0;1.0;0.9999310838014003;0.9999609381212851;1.0000842916301464;0.9999531019814694;0.9999366931166025;1.0;1.0;0.9998699292530364;0.9998786991967722;0.9998816915487241;1.0;1.0001220362368486;0.9999912403897128;0.9999914327640891;0.9998943254909565;0.9998808595480235;0.9999987789471059;1.0002023452683027;0.9999999999999999;0.9999101105452018;1.0000226526811917;0.9996901436152289;0.9997786485644988;1.0;0.9998448799426586;0.9999668460273247;0.9995464951076436;0.9994842070295923;0.9998438975978101;0.9999999999999999;0.9997695173463291;1.0001898727796572;0.9999712084726209;0.9999955088878324;1.0;0.9999692921103479;1.024999976158142;
2016-04-11 08:15:00;0.9999900741801763;0.9998843708361554;1.0;0.9999934834446831;0.9999882450247859;1.0;1.0;0.9999348972087145;0.9999655491333788;1.0000887870488568;0.9999583351424561;0.9999196973655088;1.0;1.0;0.9998784080178673;0.9998851992256296;0.9998879384829152;1.0;1.000127038964928;0.9999922803227062;0.999992562422764;0.9999077692638669;0.9998871749474083;0.9999987643205684;1.0002079685408478;1.0;0.9999212797674049;1.0000238804901131;0.9996881487009259;0.9997766346211641;0.9999999999999999;0.9998030115534904;0.9999717446656127;0.9994127794949689;0.9993520424749712;0.9998098003447301;1.0;0.999765604049843;1.000195621986436;0.9999754989185594;0.9999960559694927;1.0;0.9999620829193718;1.024999976158142;
2016-04-11 08:30:00;0.9999909629656571;0.999899268308196;0.9999999999999999;0.9999940292323721;0.9999900121594327;1.0;0.9999999999999999;0.9999415269437248;0.9999709046263008;1.000093173085239;0.9999634434229931;0.9998889775019951;1.0;1.0;0.9998896211801592;0.9998956074239304;0.9998981151054894;1.0;1.000132596232973;0.9999934880971989;0.9999930604594994;0.9999199234575513;0.9998974118069242;0.999998833741895;1.000215701178989;1.0;0.999931445710859;1.0000250755658784;0.9996541929534134;0.9997471160083077;1.0;0.9997722543859939;0.9999758688413062;0.9992963329709174;0.99922360217746;0.9997975859116063;1.0;0.9997698273313451;1.000203198031762;0.9999790662015094;0.9999962833269794;0.9999999999999999;0.999948390372322;1.024999976158142;
2016-04-11 08:45:00;0.9999821824164669;0.9997940172460271;1.0;0.9999852096828585;0.9999782765582533;0.9999999999999999;1.0;0.9998342913497545;0.9999334124958905;1.0001057054973288;0.9999146519058656;0.9998822706307262;1.0;1.0;0.9996915284841644;0.9997006340137272;0.9997074840940676;1.0;1.0001522500346165;0.9999850279156455;0.9999876290479323;0.9998253581843035;0.9997056329779007;0.9999961017971957;1.000252931104372;1.0;0.9998496325598788;1.0000282843980375;0.9995753801518525;0.9996344068213575;0.9999999999999999;0.999680850381041;0.999949621445137;0.9989887249171471;0.998819159170871;0.9997328410523592;1.0;0.9998411049565333;1.0002361303798308;0.9999564770946335;0.9999936591391617;1.0;0.9999446136519813;1.024999976158142;
2016-04-11 09:00:00;0.9999796098034599;0.9997639409148457;1.0;0.9999864886315263;0.9999759473260079;1.0;1.0;0.999866323194339;0.9999296338467468;1.0000971640988925;0.9999151192404131;0.9999004900803855;1.0;0.9999999999999999;0.9997496277383306;0.9997637275819169;0.9997694059803518;1.0;1.0001433748933146;0.999984163437307;0.999985200923585;0.9998124742997523;0.9997678393657882;0.9999974256883967;1.0002441811760374;1.0;0.9998401242790875;1.0000259885522294;0.9995060885741444;0.9996147250163532;1.0;0.9997279392966876;0.9999420572240851;0.9991488069683628;0.999005594213292;0.9997643634397104;1.0;0.999855545770079;1.0002275813222412;0.9999497480740994;0.9999922584784989;0.9999999999999999;0.9999516557114021;1.024999976158142;
2016-04-11 09:15:00;0.9999736407221951;0.9997233054994267;1.0;0.9999827357685787;0.9999742610812489;1.0;1.0;0.9998458527890957;0.999928984277314;1.0000876500919986;0.9999048844564479;0.9999200943783887;1.0;1.0;0.999695306597067;0.9997155445009457;0.9997229534680427;1.0;1.000133994764365;0.999983993658401;0.9999825374002115;0.9997929274924461;0.999720951123603;0.9999967957776444;1.0002356184840966;1.0;0.9998234962136741;1.0000233724315748;0.9996048216299301;0.9996804324828121;1.0;0.9997686498583211;0.9999352216188037;0.9992891884196679;0.9991554381136264;0.9997902199768004;1.0;0.9998694010068632;1.0002178836885554;0.9999435806091398;0.9999912527676219;1.0;0.9999590501521983;1.024999976158142;
2016-04-11 09:30:00;0.9999721644336427;0.9997429649320894;0.9999999999999999;0.9999853935489919;0.9999768560533868;1.0;1.0;0.9998923961748439;0.9999351426934452;1.000088902924578;0.9999141205107256;0.9999125402748181;1.0;1.0;0.9997930833470986;0.999810081674083;0.9998147533912592;1.0;1.000133660854696;0.9999853915777123;0.9999727815076404;0.9998014659200751;0.9998132489677332;0.9999985914520647;1.0002403289036554;1.0;0.9998287198926674;1.0000237617652996;0.9995767399482942;0.9996525052076687;1.0;0.9997348178975579;0.9999423916945812;0.9991823677434727;0.9990340892972531;0.9997620812075648;1.0;0.9997992652972785;1.0002232867208567;0.9999498795760982;0.9999841436606778;1.0;0.999956410051918;1.024999976158142;
2016-04-11 09:45:00;0.9999671126980053;0.9996910171437898;1.0;0.9999800348727717;0.9999737783982354;1.0;1.0;0.999844768603948;0.999931601549752;1.0000924177656954;0.9998989388721414;0.9998908706403278;1.0;0.9999999999999999;0.9996804907071828;0.9997058424233254;0.999713919320413;0.9999999999999999;1.0001437356025584;0.9999845632600348;0.9999763297940749;0.9997782635353115;0.9997116803754429;0.9999968468885749;1.0002589229567962;1.0;0.9998103137317291;1.0000246179922263;0.9995419715004439;0.9995909037186116;1.0;0.9996822147748878;0.999931449973749;0.9989873338988047;0.9987801262091089;0.9997375378388895;1.0;0.9997928707636874;1.0002388433623943;0.9999400861418685;0.999987666551063;0.9999999999999999;0.999944620061555;1.024999976158142;
2016-04-11 10:00:00;0.9999733974430717;0.999783783376695;1.0;0.9999824902898291;0.9999838545192463;1.0;1.0;0.9998624802827846;0.9999598522473595;1.0000931373818316;0.9999244138470328;0.9999107753177048;1.0;1.0;0.9997110387911432;0.9997289797863965;0.9997363129843927;1.0;1.0001399373636453;0.9999909718555122;0.9999798586379344;0.9998456149058994;0.9997342639706828;0.9999966825913315;1.0002447918297481;0.9999999999999999;0.9998658202487865;1.0000249573845021;0.9995697627397189;0.9996235512588791;1.0;0.9996945472987736;0.9999565337282452;0.9991062646855775;0.9989244461475473;0.9996939371651091;1.0;0.9997834948610295;1.0002268396573266;0.9999619109189336;0.9999892772874166;1.0;0.9999553868563841;1.024999976158142;
2016-04-11 10:15:00;0.9999796539358256;0.9998239424633669;1.0;0.9999890275045782;0.9999856958524939;0.9999999999999999;1.0;0.9999247474687232;0.9999627688946859;1.000090121122567;0.9999433899289112;0.9999111136401083;0.9999999999999999;1.0;0.9998449583245009;0.999858865327681;0.9998626921045282;1.0;1.0001331910234201;0.9999916402970154;0.9999817754458883;0.9998718298377477;0.999861523338243;0.9999987830585181;1.0002302490354986;0.9999999999999999;0.9998893446464829;1.0000242094752816;0.9995599856518567;0.9996175775246536;0.9999999999999999;0.9997057488161584;0.9999625703120484;0.9990727027693767;0.9988870857467717;0.9997494163734483;1.0;0.9998307836605169;1.0002149796116895;0.9999672821951677;0.9999896742776408;1.0;0.9999565037514235;1.024999976158142;
2016-04-11 10:30:00;0.9999741207689075;0.9997603856567291;1.0;0.999987650264211;0.9999804324901029;1.0;1.0;0.9999308030145425;0.9999516541639899;1.0000866624524118;0.9999322324338881;0.9998968192050741;0.9999999999999999;1.0;0.9998484745741498;0.9998706307387075;0.9998747420019913;0.9999999999999999;1.000133417518334;0.999989116618184;0.9999792457391887;0.999836582909993;0.9998735149743766;0.999999340369877;1.0002380083160052;0.9999999999999999;0.9998611223671691;1.0000232337055661;0.9995589149792785;0.9996094880838827;1.0;0.9997140137717857;0.9999471126473133;0.999092413294747;0.9988960438746664;0.9997612239414259;1.0;0.999786109305767;1.000221158041849;0.9999536361394689;0.9999886907785439;1.0;0.999948072879239;1.024999976158142;
2016-04-11 10:45:00;0.99998673296979;0.9999028769965147;0.9999999999999999;0.9999923791332627;0.9999921425049011;1.0;1.0;0.99994102018704;0.9999769158251811;1.0000964239727066;0.9999618664477227;0.9999011873947845;1.0;1.0;0.9998873521297015;0.9998918501227735;0.9998942294726878;1.0;1.0001362253052934;0.9999948300396224;0.9999842214344603;0.9999183244143149;0.9998934008364009;0.9999989332700294;1.0002270913636873;1.0;0.9999273336535653;1.0000259469394621;0.9995457515803081;0.9995977148556335;1.0;0.9997001996261305;0.9999811348807229;0.9990386720241318;0.9988367414991257;0.9997563815115;1.0;0.9997898243318033;1.0002137480017121;0.9999836434036962;0.9999903302227993;1.0;0.9999542644067124;1.024999976158142;
2016-04-11 11:00:00;0.9999879547583348;0.9998988322512664;1.0;0.9999927745617787;0.9999903697274981;1.0;1.0;0.999934535634363;0.9999695920680155;1.0001010201527498;0.9999579792015697;0.9999148274634934;1.0;1.0;0.9998827119770262;0.9998856988770505;0.9998879673126673;1.0;1.0001417109678465;0.9999931891955871;0.9999850128304905;0.9999090775494609;0.9998871702975878;0.9999988713938105;1.0002341547831126;1.0;0.999919630466106;1.0000271775544032;0.9995501818011429;0.9996090576529939;1.0;0.9996404573739748;0.9999782337179892;0.9988759823224596;0.9986911532781216;0.9996879574607591;1.0;0.9998136826377216;1.0002207155864853;0.999981246280854;0.9999907179679872;1.0;0.9999607903188267;1.024999976158142;
2016-04-11 11:15:00;0.999982777712911;0.9998937719935456;0.9999999999999999;0.9999922280413817;0.9999921043390105;1.0;1.0;0.9999562756179806;0.9999760225164848;1.0000960130482446;0.9999592412982647;0.999915109770417;0.9999999999999999;1.0;0.9999214626579157;0.9999250284545003;0.9999262906008167;1.0;1.0001351246135226;0.9999946225398135;0.9999747152438329;0.9999060424776847;0.9999255759429887;0.9999997949772854;1.0002321217622605;1.0;0.9999149167383236;1.0000258275322085;0.999542936719112;0.9995863691725466;1.0;0.9996426016127147;0.9999815557974984;0.9988433963533676;0.9986287338143752;0.9997159996812305;1.0;0.9998459667135223;1.0002185275538593;0.9999840526402936;0.9999838200207815;1.0;0.9999607797110626;1.024999976158142;
2016-04-11 11:30:00;0.9999913641670076;0.9999234862606438;1.0;0.9999955095668116;0.9999928677984763;0.9999999999999999;1.0;0.9999642814947559;0.999978621313158;1.0000979050738839;0.9999719724944535;0.9998973042995988;1.0;1.0;0.9999356090474847;0.9999391716488455;0.9999404363869694;1.0;1.0001376828249242;0.9999952189673567;0.9999897591244775;0.9999357579912721;0.9999399723111718;0.9999995523369933;1.0002246715713556;1.0;0.9999438429787696;1.000026359652794;0.9995447982356823;0.9996008347520101;0.9999999999999999;0.9996758086468243;0.9999831530008133;0.9989540416425471;0.9987591964593724;0.9997409139665278;1.0;0.999799447785008;1.0002123042063038;0.9999854179606539;0.9999937288614551;1.0;0.9999527327380704;1.024999976158142;
2016-04-11 11:45:00;0.9999888094950171;0.9998973124257943;1.0;0.9999942836371741;0.9999901426467734;1.0;1.0;0.9999538442630205;0.9999702055268682;1.0001013367900917;0.9999625649450679;0.9998720395889736;0.9999999999999999;1.0;0.9999183521687988;0.9999229900826907;0.9999245486434126;0.9999999999999999;1.000143103564814;0.9999933280970444;0.9999866512854497;0.9999132672221809;0.9999239666041818;0.9999994705689824;1.0002361815178868;0.9999999999999999;0.999924380417332;1.0000272719649186;0.9995648091702283;0.9996128887777462;0.9999999999999999;0.9996520668337978;0.9999768695950233;0.9988691982277903;0.9986786658882272;0.9997284351338119;1.0;0.9997776831335929;1.0002228383421172;0.9999799927891649;0.9999918105223139;1.0;0.999941056710011;1.024999976158142;
2016-04-11 12:00:00;0.9999911848986153;0.999929993226904;1.0;0.9999949999997718;0.9999939739211055;1.0;1.0;0.9999599770060792;0.9999821299052944;1.000098110784106;0.9999730312576901;0.9999028558200365;1.0;1.0;0.9999248681703066;0.9999280934937419;0.9999296564177673;1.0;1.0001377673792806;0.999996003120898;0.9999896577044035;0.9999411094210676;0.9999291138417316;0.99999931751356;1.0002246302104771;1.0;0.9999479875175817;1.0000264151443643;0.9995468178385788;0.9995938634331385;0.9999999999999999;0.9996572316248696;0.9999856544028055;0.9988843873035416;0.9986774292650996;0.999732315334038;1.0;0.9998150466944807;1.0002121814655032;0.9999875721891086;0.9999936815278224;0.9999999999999999;0.999955322454488;1.024999976158142;
2016-04-11 12:15:00;0.9999900500528981;0.999924950399067;0.9999999999999999;0.9999944128642534;0.999993455003037;1.0;1.0;0.9999546924878647;0.999979744011639;1.0000984902678862;0.9999694524359268;0.9999027922573059;1.0;1.0;0.999917415893112;0.9999199095484893;0.999921508600922;0.9999999999999999;1.0001378687854439;0.9999954675411606;0.999987148828415;0.9999335368997908;0.9999209106644077;0.9999992650471161;1.0002262144147724;1.0;0.9999408099108767;1.0000265135501385;0.9995238849452491;0.9995658396765134;1.0;0.9996469742337488;0.9999849626732134;0.9988332563792134;0.9986032986565434;0.9997358770272496;1.0;0.9998662258427469;1.0002136112236453;0.9999870202585057;0.9999919814409897;1.0;0.9999554684755032;1.024999976158142;
2016-04-11 12:30:00;0.999992755960408;0.9999226691723364;1.0;0.9999956078023272;0.9999916601321293;0.9999999999999999;1.0;0.999954354230061;0.9999734214341144;1.0001014902233847;0.9999689271381044;0.9999136096024036;1.0;0.9999999999999999;0.9999218772373528;0.9999241418639989;0.9999255910082995;1.0;1.0001418930829982;0.9999940513607921;0.9999915031940805;0.9999304603026128;0.9999251019666561;0.9999992890329582;1.0002291252573512;1.0;0.9999395499398382;1.000027318803542;0.9995439804701644;0.9995830129891828;1.0;0.9996118650690153;0.9999813295830842;0.9987485378179576;0.9985292577922097;0.9996882777339356;0.9999999999999999;0.999869813743211;1.0002167057927944;0.9999839288348558;0.999994804678034;1.0;0.9999604124055339;1.024999976158142;
2016-04-11 12:45:00;0.999989065669097;0.9999193337512186;1.0;0.9999940272376403;0.9999933676416898;1.0;1.0;0.999955179237804;0.9999803535995648;1.000100038346102;0.9999687991824403;0.9998856104019151;1.0;0.9999999999999999;0.9999156668082778;0.9999192549227413;0.999920975906632;1.0;1.000140665543286;0.9999956022839418;0.9999864972914478;0.9999316765966856;0.999920343325475;0.9999992761180958;1.000231775594043;0.9999999999999999;0.9999392474621887;1.0000269289518822;0.9995668623179073;0.9995931137773443;1.0;0.9996253077985768;0.9999841899923567;0.998787701223341;0.9985645368449966;0.9997026909205576;0.9999999999999999;0.9998505560096056;1.000218695654222;0.9999863017672429;0.9999916512175059;1.0;0.9999474412274573;1.024999976158142;
2016-04-11 13:00:00;0.9999851172975242;0.9998770735950813;1.0;0.9999925600948361;0.9999896966826335;0.9999999999999999;1.0;0.9999501058756315;0.9999713528278464;1.0000946603255114;0.9999584459227792;0.9999025161606031;0.9999999999999999;1.0;0.9999032295793825;0.9999110452202711;0.9999131715521892;1.0;1.0001357617531625;0.9999935803725738;0.9999836337083741;0.9999040130945712;0.9999124176958248;0.9999994176706019;1.0002289801808195;0.9999999999999999;0.9999162107908887;1.0000254680304184;0.99958169834255;0.9996123520961764;1.0;0.9996654562770385;0.9999742241400247;0.9989291802232035;0.9987199254167609;0.9997268447478752;1.0;0.9997653175223477;1.0002152417759154;0.9999775632060415;0.9999901562009488;1.0;0.9999540727285277;1.024999976158142;
2016-04-11 13:15:00;0.9999863386772754;0.9998721963144686;1.0;0.9999926092000923;0.9999874506237016;1.0;1.0;0.99993613882155;0.9999615525369544;1.0001000299739904;0.999951921990025;0.999890844581249;1.0;1.0;0.9998872439248598;0.9998925371337833;0.9998947023504787;1.0;1.0001417340234984;0.999991382156473;0.9999838779871424;0.9998903891688966;0.9998939278605117;0.9999991541947707;1.0002365619167464;1.0;0.9999044152555469;1.000026901218678;0.9995451661042758;0.9995789098130363;1.0;0.9996616356657881;0.9999708815074215;0.9989308467414552;0.9987041445198775;0.9997145678110981;1.0;0.9997896927560069;1.0002227214436559;0.9999748423390128;0.9999901363166016;1.0;0.9999493997565552;1.024999976158142;
2016-04-11 13:30:00;0.9999887954128458;0.9998693664528441;1.0;0.9999934027170576;0.9999853284737392;1.0;1.0;0.9999288986061216;0.9999531689904707;1.000100702816939;0.9999487290049658;0.9998985948748963;1.0;0.9999999999999999;0.9998816049967102;0.9998855046195462;0.9998876218389157;1.0;1.0001418723105902;0.9999894974973239;0.9999870544700554;0.999882793028247;0.9998869047654889;0.999999019977119;1.000233565151425;1.0;0.9998987646849945;1.000027069631286;0.9995841873959587;0.9995993986678665;1.0;0.9996680482734528;0.999967195646745;0.9989277058736225;0.9986963016591718;0.9997354936992936;1.0;0.9997931464279283;1.0002202109498022;0.9999717672515339;0.9999921199608638;1.0;0.9999532355838066;1.024999976158142;
2016-04-11 13:45:00;0.9999874396757225;0.9998448886935797;1.0;0.999991020351131;0.9999823185535076;1.0;1.0;0.9998953889344984;0.9999434936191073;1.0001010503405965;0.9999362248638298;0.9999204487635545;1.0;1.0;0.9998186846120531;0.9998232965565249;0.9998268598626081;1.0;1.0001429117760428;0.999987309115472;0.9999877386438898;0.9998607717469802;0.9998257997811865;0.9999980544595071;1.0002352675523816;1.0;0.9998800036679547;1.0000271133113472;0.9995882860439719;0.9996203495693852;0.9999999999999999;0.9996809234716322;0.9999605135901302;0.9989905863694355;0.9987854792483087;0.9997307657824053;0.9999999999999999;0.9998150149527764;1.0002211818716704;0.9999660205006289;0.9999928590288597;1.0;0.9999629428917395;1.024999976158142;
2016-04-11 14:00:00;0.9999857889154284;0.9998486058548633;1.0;0.9999915983605123;0.9999840756583905;0.9999999999999999;1.0;0.9999170837253102;0.9999505233613044;1.0000955743276367;0.9999418679396382;0.9999385035031423;1.0;0.9999999999999999;0.9998553648122896;0.9998612012544913;0.9998640099148249;0.9999999999999999;1.0001359616093426;0.9999888983077946;0.9999844737504123;0.9998687548521952;0.9998630900202071;0.9999987601532714;1.00022751206187;1.0;0.9998864081611747;1.0000256735052298;0.9995948415358277;0.9996123270567924;1.0;0.9996617081749065;0.9999635265754911;0.998915384373266;0.9986918939768433;0.9997237525982109;1.0;0.9998295352363339;1.0002138129246503;0.9999685298374009;0.9999906802304683;1.0;0.9999708108962065;1.024999976158142;
2016-04-11 14:15:00;0.9999872735950585;0.9998292079946035;1.0;0.9999939734121489;0.9999808362596705;1.0;0.9999999999999999;0.9999401957172207;0.9999416941201529;1.0000939997585012;0.9999425045588071;0.9999381274543926;1.0;1.0;0.9999037056226752;0.9999122207435968;0.9999139463240414;1.0;1.0001353645739923;0.9999869164749201;0.9999874772818791;0.9998586059522704;0.9999133646425405;0.999999715717317;1.0002261532282195;1.0;0.9998801341923278;1.000025250983303;0.9995981968458177;0.9996322178602906;1.0;0.999684567202119;0.9999552964155748;0.9990135541892609;0.9988170971651069;0.9997258708207872;1.0;0.9997803974515688;1.000212814445582;0.9999613569192652;0.9999926927224662;1.0;0.999970001296303;1.024999976158142;
2016-04-11 14:30:00;0.9999881717144121;0.99986114889691;0.9999999999999999;0.9999936879401821;0.9999857004315678;1.0;1.0;0.9999429616824365;0.999958092731383;1.0000916205449182;0.9999533174484312;0.9999378381145165;1.0;0.9999999999999999;0.9998974724031817;0.9999057557532344;0.9999079459615939;1.0;1.0001318696821822;0.9999906040806044;0.9999895458367287;0.9998896757528316;0.9999072792900329;0.999999337036595;1.0002188359540456;1.0;0.9999061053570643;1.0000246348642763;0.9996004697714798;0.9996347301753387;0.9999999999999999;0.999723082761471;0.9999656101380814;0.9991396106521531;0.9989429174675266;0.9997556312939476;1.0;0.9997725407206033;1.0002058330082686;0.9999701792558064;0.9999940998738237;1.0;0.99996992584888;1.024999976158142;
2016-04-11 14:45:00;0.9999780056724177;0.9998094464331105;0.9999999999999999;0.9999893599156221;0.9999842971585309;1.0;0.9999999999999999;0.9999351380573379;0.9999587208974184;1.0000853423346232;0.9999409141309907;0.999935010421704;1.0;1.0;0.9998675457272116;0.9998823179099605;0.9998855171318135;1.0;1.0001270882010773;0.999990732157865;0.9999785423703744;0.9998603715460874;0.9998844565176178;0.9999993672438064;1.000223783563678;1.0;0.9998795082855455;1.0000229217952126;0.9995929861954461;0.9996292832389686;1.0;0.9997109428498938;0.999959167244583;0.9990879135835247;0.998889855562341;0.9997543047772686;1.0;0.9997846761995599;1.000208795529016;0.9999643299985603;0.9999875112629971;1.0;0.9999670980653274;1.024999976158142;
2016-04-11 15:00:00;0.9999740120050691;0.999827545842091;0.9999999999999999;0.9999880954087836;0.9999874055343089;1.0;1.0;0.9999356170106978;0.9999647834644915;1.000088212997067;0.9999395269957878;0.9999404226820762;1.0;1.0;0.9998756930382634;0.9998849933760073;0.9998874340412918;1.0;1.0001278171823227;0.9999920919904046;0.9999658883976708;0.9998596922027175;0.9998863156953506;0.999999618678992;1.0002310339379128;1.0;0.9998745580462837;1.0000236933990754;0.9995890621869573;0.999619588367147;1.0;0.9996435224812884;0.9999686141382158;0.9988675268294225;0.9986615154462017;0.9997018470597725;1.0;0.9998290745171147;1.0002158806396337;0.9999726928606673;0.9999786380562264;0.9999999999999999;0.9999708511166953;1.024999976158142;
2016-04-11 15:15:00;0.9999765652138732;0.9998098222544617;1.0;0.9999885214952866;0.9999815557340025;1.0;1.0;0.9999098486012568;0.9999409365683308;1.0000932618570675;0.9999247581648817;0.9999429639449688;1.0;1.0;0.9998505156937404;0.9998551946232228;0.9998575126200456;1.0;1.0001322919062245;0.9999867052175104;0.999966751771304;0.9998259202735487;0.9998564150417717;0.9999992772792725;1.0002349231344645;0.9999999999999999;0.9998459391495365;1.0000249679175326;0.9995799691670826;0.9996155893429666;1.0;0.999701430844018;0.9999588740907819;0.9990884014656842;0.99888111721247;0.9997252106967819;1.0;0.9998448657132248;1.0002201110094178;0.99996461629532;0.9999788552115291;1.0;0.9999731033589022;1.024999976158142;
2016-04-11 15:30:00;0.9999794474927882;0.9998195245730032;1.0;0.9999904479840782;0.9999819283800122;1.0;1.0;0.9999255464198012;0.999942784702434;1.000093136370754;0.9999317252707435;0.9999459623388766;1.0;0.9999999999999999;0.9998797546373845;0.9998851304809963;0.9998869077722489;1.0;1.0001324678137924;0.9999871283188407;0.9999714460990666;0.999838005747428;0.9998860270808547;0.9999996494980521;1.0002320521795633;1.0;0.999857771294966;1.0000249579128129;0.999533371423889;0.9995813705201925;0.9999999999999999;0.9997048732373404;0.9999592803248231;0.9990769567907527;0.9988576380741363;0.9997431165395357;1.0;0.9998348320258839;1.0002177954013165;0.9999649261253276;0.9999819092992919;1.0;0.9999742921683719;1.024999976158142;
2016-04-11 15:45:00;0.9999819715480526;0.9998303858826656;0.9999999999999999;0.999991606290995;0.9999822574815459;1.0;1.0;0.9999295592871079;0.9999432565480484;1.0000920460157834;0.9999354683008953;0.9999431371702828;1.0;0.9999999999999999;0.9998891933563809;0.99989378979154;0.999895352879697;1.0;1.0001304276772587;0.9999872486782105;0.9999748361392717;0.9998461949487696;0.9998945765278845;0.9999996802401393;1.0002256798123044;0.9999999999999999;0.9998654728758212;1.0000246897522493;0.9995927559928252;0.9996118038828589;1.0;0.9997171059582158;0.99996038797225;0.999111872100687;0.9988862418621016;0.9997560890405351;1.0;0.9998358050378416;1.0002121171017908;0.9999659143867202;0.9999840474312278;1.0;0.9999732013972006;1.024999976158142;
2016-04-11 16:00:00;0.9999773817349882;0.9998073838028402;0.9999999999999999;0.9999892089511373;0.999980908726873;1.0;1.0;0.9999150876313121;0.999939213759728;1.000091211982526;0.9999256247835745;0.9999437624589959;1.0;1.0;0.9998612813884041;0.999866548950341;0.9998686471032148;1.0;1.0001297957669617;0.9999863187543607;0.9999682999845559;0.999825504562466;0.9998676339469802;0.999999462258175;1.0002302583720213;1.0;0.9998463051479423;1.0000244183383575;0.9995947180845447;0.9996299083455794;1.0;0.9997277595542595;0.9999572011742505;0.9991507423351396;0.998950531606689;0.9997616336497441;0.9999999999999999;0.9998187337538291;1.000215782188851;0.9999631559373439;0.9999798833623211;0.9999999999999999;0.9999733237036132;1.024999976158142;
2016-04-11 16:15:00;0.9999776979198617;0.9998332322823751;1.0;0.9999888374532926;0.9999856107964271;1.0;1.0;0.9999205790430992;0.9999562932985968;1.0000874127874237;0.9999364900534371;0.9999458591369202;1.0;1.0;0.9998570298422147;0.9998635380361578;0.9998661752064315;1.0;1.000125098126232;0.9999901829860138;0.9999705105115942;0.9998556152465672;0.9998650689237683;0.9999991618371994;1.0002215891556683;1.0;0.9998717820385549;1.0000234615439973;0.9996209251049778;0.9996479434616443;1.0;0.9997214275959564;0.9999663760921295;0.9991364619623408;0.9989407603221956;0.9997523103629123;1.0;0.9997943818687687;1.0002073729512033;0.9999709281771699;0.9999815096153177;1.0;0.9999739750602219;1.024999976158142;
2016-04-11 16:30:00;0.9999798076681893;0.9998537464017225;1.0;0.9999884517915976;0.9999872122447266;1.0;1.0;0.9999051337337299;0.9999594886941401;1.0000889563347368;0.9999380558059018;0.9999469108567107;1.0;0.9999999999999999;0.9998285520181258;0.999832356262665;0.9998355998002464;1.0;1.0001256409078165;0.9999909063849037;0.9999730558635898;0.9998668091458387;0.9998343666438496;0.9999984502485522;1.000218792955113;0.9999999999999999;0.9998807879431892;1.0000238741519218;0.9996010713496716;0.9996442164514033;1.0;0.9997277258533596;0.9999711797773457;0.99916775490449;0.9989814216163901;0.9997490675930671;1.0;0.999934973374745;1.0002049091340357;0.9999751769128397;0.9999830684765287;1.0;0.9999750961620075;1.024999976158142;
2016-04-11 16:45:00;0.9999799147272995;0.9998305899395433;1.0;0.9999895378787501;0.9999831976637961;1.0;1.0;0.9999109328505905;0.9999458551247699;1.000085648727188;0.9999314680209834;0.9999626900940901;1.0;1.0;0.9998504818713568;0.9998543912087204;0.999856846408847;1.0;1.000121189864289;0.9999878399603073;0.9999721253117451;0.9998440137085997;0.9998557967495997;0.9999990359939369;1.0002128607643843;1.0;0.999862166762356;1.000022958022438;0.99962787786672;0.9996525768547095;1.0;0.9997389077198433;0.9999627125495295;0.9991823571971733;0.9989828888119848;0.9997720898227483;1.0;0.9999710121228927;1.0001994841174597;0.999967938711749;0.999982344320067;1.0;0.9999822029853643;1.024999976158142;
2016-04-11 17:00:00;0.9999805725178026;0.99986671255415;0.9999999999999999;0.9999908688734038;0.9999890633107921;0.9999999999999999;0.9999999999999999;0.9999415560775203;0.999966495058811;1.0000812936389742;0.99994892123344;0.9999844106800984;1.0;1.0;0.9998963445622414;0.9999009377725802;0.9999026833857699;0.9999999999999999;1.0001154269768013;0.999992479391663;0.9999725154098504;0.9998825230311407;0.999901819188765;0.9999996009422203;1.000203783583436;1.0;0.999894747594707;1.0000218368934353;0.999554313972518;0.9996143902997726;1.0;0.9997429014208674;0.9999746356190532;0.9991970789889744;0.9990024146514677;0.9997737465719708;1.0;0.9999710121228926;1.000191117013459;0.9999780861766333;0.9999825327040152;1.0;0.9999918569647498;1.024999976158142;
2016-04-11 17:15:00;0.9999866821743358;0.9999037136348967;1.0;0.9999933423149173;0.9999922048686474;1.0;1.0;0.9999551626791224;0.9999770960016704;1.000080805461972;0.999964199102805;0.9999888346629151;0.9999999999999999;1.0;0.9999163630857539;0.9999208035363928;0.9999224403232849;1.0;1.0001145707869767;0.99999487003577;0.999982870868539;0.9999190204351003;0.9999217736918442;0.9999995038763779;1.0001944088529604;1.0;0.9999279632781439;1.0000217392926003;0.9996193505333079;0.9996533354306744;1.0;0.9997313466048782;0.9999812917836148;0.9991447331957777;0.9989525341562103;0.9997745662007147;1.0;0.9999718060640131;1.0001828660127756;0.9999837810512989;0.9999893144076027;1.0;0.999993893015103;1.024999976158142;
2016-04-11 17:30:00;0.9999847783209102;0.9998925236469092;1.0;0.9999917859164967;0.9999913572079794;1.0;1.0;0.999939763345683;0.9999741981139885;1.0000809188641424;0.9999578251180545;0.9999901521150023;0.9999999999999999;1.0;0.9998870069805113;0.9998914505460399;0.9998937120889264;1.0;1.0001147475140826;0.9999942193604496;0.9999805547139353;0.9999078293909669;0.9998928511512956;0.999999101085635;1.0001963702364367;1.0;0.9999176484909792;1.0000217632878896;0.9996100523190238;0.9996384330494564;1.0;0.999726864203824;0.9999795153022972;0.9991204766373976;0.9989137395711907;0.9997775754014918;0.9999999999999999;0.999971425235901;1.000184356838132;0.9999822633441782;0.9999878908805073;1.0;0.9999944877001944;1.024999976158142;
2016-04-11 17:45:00;0.9999856312596974;0.9998941782435414;1.0;0.9999924097854165;0.9999915153831832;1.0;0.9999999999999999;0.9999464420262472;0.9999755474454293;1.0000807385533055;0.9999607090464689;0.9999897334734495;0.9999999999999999;1.0;0.9998976326787774;0.9999030369553895;0.999905174026289;1.0;1.0001150585678293;0.9999945221916628;0.9999826152694848;0.9999128088995669;0.9999043845823583;0.9999992410290415;1.000195923062625;0.9999999999999999;0.9999226536803506;1.0000217181998199;0.9995947978497397;0.9996319074014864;0.9999999999999999;0.9997296066057838;0.9999793292299758;0.9991297771524008;0.9989263029576645;0.9997794732796781;1.0;0.9999746007165454;1.0001839912248212;0.9999820530893513;0.9999893001172444;1.0;0.9999940690568263;1.024999976158142;
2016-04-11 18:00:00;0.9999812040684661;0.9998561262088;1.0;0.9999903529053167;0.9999879269444835;1.0;1.0;0.9999317061768922;0.9999646388604916;1.0000800977540028;0.999947047291382;0.9999886199304222;1.0;1.0;0.9998722853293573;0.9998793245413589;0.9998819008534305;0.9999999999999999;1.0001151937802268;0.9999920735916734;0.9999769013348461;0.9998803919410553;0.999880917751232;0.999999164174322;1.0002015090421743;1.0;0.9998942640326068;1.0000215261008187;0.9996263204882373;0.999650778764921;1.0;0.9997005581929698;0.9999709269030904;0.999029485118003;0.9988283524600723;0.999760447256815;1.0;0.9999785704640464;1.0001886191198308;0.9999747892654086;0.9999857378995173;1.0;0.9999931752605317;1.024999976158142;
2016-04-11 18:15:00;0.9999820413313202;0.9998688611625032;0.9999999999999999;0.9999909088460911;0.9999894310069315;0.9999999999999999;1.0;0.9999385203855125;0.9999693088661136;1.0000789420469745;0.9999517441731799;0.9999901953968897;1.0;1.0;0.9998839378280244;0.9998904043632891;0.9998927452481675;1.0;1.0001132418168728;0.9999931205238274;0.999977521451971;0.9998911780903781;0.9998918269207541;0.999999270543959;1.0001976618490591;1.0;0.9999033862975806;1.0000212192505658;0.9996719777335713;0.9996715315903697;1.0;0.9997047703430919;0.9999743844448205;0.9990229334129879;0.9988130717744793;0.9997775126018925;1.0;0.999978951299144;1.000185149316753;0.9999777733604278;0.999986059226712;1.0;0.9999940241265763;1.024999976158142;
2016-04-11 18:30:00;0.9999785104308399;0.9998511347246795;1.0;0.9999891453607331;0.9999886345950604;1.0;1.0;0.9999301579549492;0.9999676577811608;1.0000798663203558;0.9999454661579608;0.9999884282405898;1.0;1.0;0.9998654845645919;0.9998732237399082;0.9998759955214205;1.0;1.0001153484872434;0.9999927353721625;0.9999731066737566;0.9998777825156568;0.9998749051624909;0.9999991448538015;1.000205182579534;0.9999999999999999;0.9998910584691805;1.0000214416009663;0.999653724791393;0.9996547852472916;1.0;0.9996895250429858;0.9999720432482825;0.998968760721433;0.9987499860234728;0.9997685959953968;0.9999999999999999;0.9999777765129976;1.0001917245527279;0.9999757036998781;0.9999833225388801;1.0;0.9999929214400889;1.024999976158142;
2016-04-11 18:45:00;0.9999849364790465;0.999892704001303;1.0;0.9999907879899926;0.9999914634084555;1.0;1.0;0.9999251741325287;0.9999746694444971;1.0000822872561999;0.9999558774888815;0.9999896298801864;1.0;1.0;0.9998564423501536;0.9998610131265612;0.9998640787665963;1.0;1.000116735281067;0.9999943231578332;0.999982267225336;0.9999084431417286;0.9998630464985458;0.9999985168588769;1.0001982171985366;1.0;0.9999181774938902;1.0000221254696147;0.9996756234055599;0.9996724123484793;1.0;0.9996878850631173;0.9999796711579072;0.9989634956534629;0.9987523162987462;0.9997672168600271;1.0;0.9999785704640464;1.000185878043245;0.999982389416182;0.9999891530333292;1.0;0.9999942212486131;1.024999976158142;
2016-04-11 19:00:00;0.9999881062926742;0.9998889148090073;1.0;0.9999924489128972;0.9999901916435332;0.9999999999999999;1.0;0.9999349911634091;0.9999726893712373;1.0000834369196048;0.9999601674625105;0.9999864465429928;0.9999999999999999;1.0;0.9998719586547307;0.9998793639152308;0.9998823819559048;1.0;1.0001199873792428;0.9999938828379458;0.9999900272224528;0.999914407196382;0.9998815096820358;0.9999986769102017;1.0001992212755106;1.0;0.9999260072031991;1.0000224432021454;0.9996964121959513;0.9996840874773271;1.0;0.9996409244620482;0.9999754835604189;0.998776490935056;0.9985663832822904;0.999753370475251;1.0;0.9999865097522093;1.0001869812927595;0.9999786608018978;0.9999944747345516;1.0;0.999992105516197;1.024999976158142;
2016-04-11 19:15:00;0.9999793418681678;0.9998535219847937;1.0;0.9999828965485069;0.999989468991409;1.0;1.0;0.9998393175051266;0.9999707751003528;1.0000829617724716;0.9999331137098555;0.9999899404333156;1.0;1.0;0.9996760039909075;0.999684056023839;0.9996917663104784;1.0;1.0001199272149688;0.9999934416926172;0.9999829404496807;0.9998813311664649;0.9996896095735414;0.9999955148015133;1.0002048042622593;1.0;0.999893815699234;1.000022235894038;0.9997257066445644;0.9997109206289643;0.9999999999999999;0.9997058818916941;0.9999736107119491;0.9990275591631558;0.998830409389719;0.9997776098220293;0.9999999999999999;0.999990860432545;1.000189925549362;0.9999770276870636;0.9999906027045147;1.0;0.9999935298344265;1.024999976158142;
2016-04-11 19:30:00;0.9999849520280041;0.9998613518445283;1.0;0.9999855131319668;0.999986974883329;1.0;1.0;0.999840361279148;0.9999599009387802;1.0000855690218005;0.9999335683086364;0.9999926352530877;1.0;1.0;0.9996921787496639;0.9996974040854052;0.9997044485475756;0.9999999999999999;1.00012191220916;0.9999909949109467;0.9999895276991078;0.999879328915744;0.9997025519114696;0.9999956318709906;1.0002013457983057;1.0;0.9998938503851298;1.0000229191354741;0.9997730525766034;0.9997389880137272;1.0;0.9997250034657614;0.9999699327625305;0.9990888929403494;0.998892421100754;0.9997932916325198;1.0;0.9999908604325449;1.0001875579433481;0.9999740340836426;0.9999946275617458;1.0;0.9999954230776197;1.024999976158142;
2016-04-11 19:45:00;0.9999839876552068;0.9998849348761707;1.0;0.9999894894897472;0.9999908796562755;1.0;1.0;0.9999105533915387;0.9999730858837089;1.0000791277632615;0.9999514990995565;0.9999925277869051;1.0;1.0;0.9998266446510379;0.9998317053378977;0.9998355126787981;1.0;1.0001126921664292;0.9999939645583888;0.9999822376900664;0.9999023337337484;0.999834298869954;0.9999980305471962;1.0001922237535106;1.0;0.9999127669851331;1.00002125996309;0.9997847761421761;0.9997345276188544;1.0;0.9997130900607994;0.9999781912730416;0.9990537372816353;0.9988406938138776;0.9997814388154804;1.0;0.9999908604325448;1.000179817605011;0.9999810982937193;0.9999892961824429;1.0;0.999995413997677;1.024999976158142;
2016-04-11 20:00:00;0.9999653916651501;0.9998094701980554;0.9999999999999999;0.9999830074171383;0.9999881570531108;1.0;1.0;0.9999034299300722;0.9999659913608265;1.000072155659567;0.9999250349506417;0.9999916939321363;0.9999999999999999;1.0;0.999812447727939;0.99982014841029;0.9998237565351732;0.9999999999999999;1.000104792355885;0.9999923416256394;0.9999514517596221;0.9998359713893968;0.9998220975039173;0.9999988887427282;1.000205111126729;1.0;0.9998497258525609;1.0000193122241754;0.9997859708272301;0.9997343723137296;0.9999999999999999;0.9996969429288664;0.999971062039381;0.9990257923530786;0.9988125906214337;0.9997520474183433;1.0;0.9999908604325449;1.0001900786775941;0.9999748673057058;0.9999692084183475;1.0;0.9999944065563636;1.024999976158142;
2016-04-11 20:15:00;0.9999754332513224;0.999812604637719;1.0;0.9999870663464586;0.9999833820192753;1.0;1.0;0.9999011077272875;0.9999487610140443;1.0000760039723342;0.999926414411654;0.9999921848568167;0.9999999999999999;0.9999999999999999;0.9998226998848412;0.9998292742002363;0.9998325747068135;0.9999999999999999;1.0001094840055957;0.9999884766755426;0.9999677890521174;0.9998352804776612;0.9998312595588953;0.9999987487700087;1.0001995781527238;1.0;0.9998537813482336;1.0000203361393787;0.9997911404989193;0.999745859563245;1.0;0.9997294899933742;0.9999616712589118;0.9990867152331653;0.9988846998494434;0.9998082437468816;1.0;0.9999908604325449;1.0001859615515092;0.9999669056027816;0.9999798319888678;0.9999999999999999;0.9999948974823759;1.024999976158142;
2016-04-11 20:30:00;0.9999706952702997;0.9997663013639629;1.0;0.9999839936664784;0.9999788120653715;1.0;1.0;0.9998724061750184;0.9999350378730623;1.0000768195722298;0.9999086503385597;0.9999911109463689;0.9999999999999999;1.0;0.9997695037995813;0.9997783392042179;0.9997827891884615;1.0;1.0001121617746924;0.9999853712040309;0.999963324060886;0.9997967793671564;0.9997811305281066;0.9999982003135797;1.000208868165169;1.0;0.9998204475754017;1.0000204791382994;0.9998033521883238;0.9997502765265917;1.0;0.9997011726890394;0.999950879087759;0.9989761583673004;0.998771109483246;0.9997984035465367;1.0;0.9999916544037752;1.0001937850937284;0.9999575660898904;0.9999772620251133;0.9999999999999999;0.9999938719506272;1.024999976158142;
2016-04-11 20:45:00;0.9999761047667144;0.9998490058769766;1.0;0.9999876955918019;0.999989839506312;1.0;1.0;0.9999251294549809;0.9999725940364532;1.0000753096272703;0.9999447073032307;0.9999914746234445;1.0;1.0;0.9998494315533663;0.9998581599755578;0.9998614339798355;1.0;1.0001096396811768;0.9999938404552277;0.9999704847099044;0.999879048379876;0.9998601804439955;0.999998917508264;1.0001988537969804;0.9999999999999999;0.9998912626036613;1.000020210097499;0.9998115037503388;0.9997720244637461;1.0;0.9996642244611269;0.9999740328235304;0.9988373840223701;0.9986593569947749;0.9997818334284923;1.0;0.9999896853204289;1.0001852457867744;0.9999773504476683;0.9999817496404186;1.0;0.9999940620442114;1.024999976158142;
2016-04-11 21:00:00;0.9999725807189557;0.9997591059686428;0.9999999999999999;0.9999838330420272;0.999979795138983;1.0;1.0;0.9998755480958347;0.9999456692963824;1.0000728591735935;0.999917684322733;0.999987216494036;1.0;1.0;0.999749257997023;0.9997668597519389;0.9997729049432378;1.0;1.0001117454694404;0.9999877808362365;0.9999761189923333;0.9998197037085375;0.9997711146332047;0.999997648193791;1.0002037498336565;1.0;0.999844028772737;1.0000194651327667;0.999881373199901;0.9998020608163599;1.0;0.9996785649127284;0.9999482127110928;0.9988917955877419;0.9986983372310124;0.9997878909330898;1.0;0.9999908604325449;1.0001880877794027;0.9999548213498176;0.9999865937655981;1.0;0.9999900178148695;1.024999976158142;
2016-04-11 21:15:00;0.9999783939260243;0.9998371296443885;0.9999999999999999;0.9999844655567985;0.9999879957717638;1.0;0.9999999999999999;0.9998670551281338;0.9999682860041185;1.0000769245571794;0.9999354047814015;0.9999898530185527;1.0;1.0;0.9997283508969961;0.9997394668532243;0.9997460530529959;1.0;1.0001133675993223;0.9999928780415219;0.9999818812568602;0.9998754086256184;0.9997441791570751;0.9999966022565909;1.000197402354364;1.0;0.9998899983777304;1.0000206180378999;0.9998739647132732;0.9997877436351867;1.0;0.9996790505991111;0.9999688845510574;0.9988655732972014;0.9986564151037771;0.9998071613345171;0.9999999999999999;0.9999904792909121;1.0001829301982352;0.9999728256176947;0.9999899636832501;1.0;0.9999927585739334;1.024999976158142;
2016-04-11 21:30:00;0.9999747332735156;0.9997936808308237;1.0;0.9999839867489074;0.9999838851964933;0.9999999999999999;1.0;0.999873886585601;0.9999578017058799;1.0000710197828764;0.999926540002887;0.9999878297855189;1.0;1.0;0.9997414195573027;0.999756775056605;0.9997631039977828;1.0;1.0001077786005934;0.9999905163276033;0.9999784774441808;0.9998466284684943;0.9997612659426708;0.9999972127285313;1.0001941276731725;1.0;0.9998663059298204;1.0000190017749395;0.9998791284442239;0.9997892509089924;0.9999999999999999;0.9997316828763648;0.999957988159018;0.9990588013117896;0.9988460406529382;0.9998338144819718;1.0;0.9999900664615025;1.0001792323626615;0.9999632917723649;0.9999880115319972;0.9999999999999999;0.9999908315076702;1.024999976158142;
2016-04-11 21:45:00;0.999975419772305;0.9997995019906737;1.0;0.9999824147961965;0.9999842009902483;1.0;1.0;0.999846680188207;0.99995758161851;1.00007316733383;0.99992261890435;0.9999888232619468;1.0;1.0;0.9996890345973626;0.999702827435893;0.9997103641197762;1.0;1.000109871037286;0.999990468993974;0.9999804332310273;0.9998471063996739;0.9997082472168014;0.999996188185582;1.0001949087231892;1.0;0.9998661610949628;1.000019562853893;0.9998838908527081;0.9997987361696599;1.0;0.9997436535308422;0.9999594867402357;0.9990985747110966;0.9988958219456436;0.9998427265911176;1.0;0.9999904792909119;1.0001797716617524;0.9999646559315623;0.9999893686457343;1.0;0.9999916536166753;1.024999976158142;
2016-04-11 22:00:00;0.999978053594016;0.9998235863834523;1.0;0.9999861248713826;0.9999851936726237;0.9999999999999999;1.0;0.9998835993119133;0.9999574605374029;1.0000732037987758;0.9999315895459775;0.9999907152214075;1.0;1.0;0.9997736001352642;0.999783231269218;0.9997883194072021;1.0;1.0001073575455781;0.999990446539482;0.999977681494673;0.9998567343603572;0.9997867406286748;0.9999976003883103;1.0001904642045958;1.0;0.99987393238482;1.000019607507709;0.9998903458553506;0.9998060577320277;1.0;0.9997486470547793;0.9999638131055517;0.9991158238625675;0.9989185034982688;0.9998459979197528;1.0;0.9999892724926028;1.0001768320896187;0.9999685731494088;0.9999868501694384;1.0;0.9999935030405867;1.024999976158142;
2016-04-11 22:15:00;0.9999791058629812;0.9998359401119635;0.9999999999999999;0.9999898274808804;0.9999864014071451;0.9999999999999999;1.0;0.9999342111950574;0.9999615423184954;1.0000695353481297;0.9999433892383589;0.9999907486360772;0.9999999999999999;1.0;0.9998745272990688;0.9998840827282737;0.9998867058844919;1.0;1.0001020997059686;0.9999913727810232;0.9999753290435802;0.9998688752452902;0.999885701997115;0.9999993749693449;1.0001839170387397;0.9999999999999999;0.9998848195375236;1.0000186681404721;0.9998716955781978;0.9997945259355984;1.0;0.9997477470242392;0.999966382885194;0.9991148613959128;0.9989161938357732;0.9998439467621631;1.0;0.9999908604325448;1.0001714847098642;0.9999707725009875;0.999984910834503;1.0;0.9999935364553494;1.024999976158142;
2016-04-11 22:30:00;0.9999777682301167;0.9998258908438916;1.0;0.9999879980461919;0.999985713191424;1.0;1.0;0.9999135287048155;0.9999596911229006;1.0000679592172776;0.9999374300538337;0.9999902651525292;1.0;1.0;0.9998323015417749;0.9998424418005861;0.999846112007077;1.0;1.0001003210193993;0.9999909495429092;0.9999752003892195;0.9998608490439195;0.9998448486448722;0.999998691445713;1.0001816266117491;1.0;0.9998776235331942;1.00001822294394;0.9998993930138829;0.9998247112971003;1.0;0.9997932355529175;0.9999646296695296;0.9992834563357601;0.999105831521064;0.9998659333780815;1.0;0.9999908604325449;1.0001688096526613;0.999969243097768;0.9999850336150404;1.0;0.9999931781568769;1.024999976158142;
2016-04-11 22:45:00;0.9999825623236901;0.999849091675436;1.0;0.9999908633657386;0.999986672961497;1.0;1.0;0.9999324041143505;0.9999618916082422;1.0000703288223032;0.9999473065355552;0.9999910005093812;1.0;1.0;0.9998719393993627;0.9998807952927821;0.9998835523274174;1.0;1.0001028038252986;0.9999914445148801;0.9999811039561062;0.9998795673057859;0.9998826069911075;0.9999991295266841;1.0001803029124632;0.9999999999999999;0.9998950940814408;1.0000188743067793;0.9999051428307406;0.999827142004375;0.9999999999999999;0.999787359374092;0.9999673402768412;0.9992649101462998;0.9990861193100178;0.9998608938231621;0.9999999999999999;0.9999892724926028;1.0001683858863224;0.9999716260683904;0.999988674940692;1.0;0.9999938173588113;1.024999976158142;
2016-04-11 23:00:00;0.9999811577665056;0.9998278885437558;1.0;0.9999904432334266;0.9999848386737433;1.0;1.0;0.999932940773525;0.9999581260188591;1.0000691892551583;0.9999437675069431;0.9999897868116476;1.0;1.0;0.9998694952199163;0.9998813699378994;0.9998843531857422;0.9999999999999999;1.000103020291328;0.9999906027904205;0.9999814210073704;0.9998687677311254;0.9998833759841774;0.9999992310153633;1.000182309013179;1.0;0.9998867700982816;1.0000185664774448;0.999885168948067;0.9998038792172639;1.0;0.9997721971803474;0.9999618634883963;0.9991986450900048;0.9990019845318285;0.9998604159571962;1.0;0.9999896853204288;1.0001698899885139;0.999966787807336;0.9999891500985933;1.0;0.9999925478122499;1.024999976158142;
2016-04-11 23:15:00;0.9999813658384574;0.9998256545525815;1.0;0.9999902018608264;0.9999848688776886;1.0;1.0;0.9999304729258685;0.9999593789119946;1.0000681156015325;0.9999443517027912;0.9999894586912603;1.0;1.0;0.9998606209528921;0.999873853746799;0.9998772202125173;1.0;1.0001023347373912;0.9999908831939802;0.9999834912319138;0.9998712310299573;0.9998761907161242;0.9999990478832312;1.0001804811903519;0.9999999999999999;0.9998894731098465;1.000018279340582;0.9998930366472562;0.9998089273984254;1.0;0.9997820449080754;0.999961199054134;0.999238895803886;0.9990429012740365;0.9998626157557411;1.0;0.9999900664615023;1.000167971647828;0.9999661472543945;0.999990679203818;1.0;0.9999920751362293;1.024999976158142;
2016-04-11 23:30:00;0.9999850105137361;0.9998760999014853;1.0;0.9999916362927086;0.9999899755777564;1.0;1.0;0.9999392411423988;0.9999730004295341;1.0000679966755628;0.9999574715192935;0.9999910675675631;1.0;1.0;0.9998779263312947;0.9998865718257729;0.9998894458670905;1.0;1.0000993535244411;0.9999939525038546;0.9999853265679021;0.9999059317160149;0.9998885388461654;0.9999989628416115;1.000171375345248;1.0;0.999918004540768;1.000018282314227;0.9998996888184337;0.9998273389778906;1.0;0.9998180216454585;0.999974355955521;0.9993769840873491;0.9992026530193324;0.9998767863214111;1.0;0.9999900664615025;1.0001601397908917;0.9999776322333628;0.9999914529675686;1.0;0.9999938979286436;1.024999976158142;
2016-04-11 23:45:00;0.9999901903814888;0.9999108178264101;1.0;0.9999940152941719;0.999992326971704;1.0;1.0;0.9999508579331892;0.9999789556822869;1.0000700544987822;0.9999686921238012;0.9999919993641259;1.0;1.0;0.9999023619168518;0.9999085233489475;0.9999108406248073;1.0;1.0001006916049708;0.9999952902056228;0.9999915140559728;0.9999320492539292;0.9999101596666771;0.9999990408816125;1.0001672302538251;1.0;0.9999412018642104;1.000018850244079;0.9999074742091493;0.9998362573095897;0.9999999999999999;0.999819504425816;0.9999806246755596;0.9993794385371934;0.9992118780793459;0.9998795721870538;1.0;0.999990860432545;1.0001570450257986;0.9999831188882568;0.9999952462360873;1.0;0.9999949123735254;1.024999976158142;
2016-04-12 00:00:00;0.9999885315551842;0.9999015705288549;1.0;0.999994278266069;0.9999917096238377;1.0;1.0;0.9999619100258678;0.9999773744339474;1.0000687574239022;0.9999677359804612;0.9999918253026522;1.0;1.0;0.9999249587310653;0.9999317535118448;0.9999334656009731;1.0;1.0000992729793974;0.9999949342009857;0.9999881112497282;0.9999249685184463;0.9999328831660109;0.9999995784254578;1.0001680446057375;0.9999999999999999;0.99993488128282;1.0000185002511688;0.9999034233908604;0.999831423386955;1.0;0.9998142771219005;0.9999789930739403;0.999361989019009;0.9991907174496735;0.9998757365541383;1.0;0.9999900664615023;1.0001577936569623;0.9999816910042316;0.9999929615696183;1.0;0.9999946824819187;1.024999976158142;
2016-04-12 00:15:00;0.9999897309918492;0.9999046889321619;1.0;0.9999951549374733;0.9999916348421805;1.0;1.0;0.9999686982748507;0.999977186907931;1.0000673185512536;0.9999701255526335;0.9999921824729696;1.0;1.0;0.9999388205845268;0.9999456915616208;0.9999470987999005;1.0;1.0000973136577804;0.9999948949823718;0.9999897715132038;0.9999283777693078;0.9999466206796299;0.9999997748570768;1.0001637975065505;1.0;0.999938387058104;1.0000181172788758;0.999914771406799;0.9998439182402055;0.9999999999999999;0.9998308671049119;0.9999787922371645;0.9994230369377494;0.9992606870092999;0.9998840552740941;1.0;0.9999892724926028;1.000153959926571;0.9999815158515021;0.9999940131329521;1.0;0.999994825741122;1.024999976158142;
2016-04-12 00:30:00;0.9999871753050636;0.9998985564838485;1.0;0.9999933569985047;0.999992214294029;1.0;1.0;0.9999574511914474;0.9999797866387039;1.0000662051093432;0.9999668060943543;0.9999915399978602;1.0;1.0;0.9999122711035555;0.9999198893644209;0.9999219951600338;1.0;1.0000962183095177;0.9999954776609679;0.9999870075815318;0.9999248484956555;0.9999213008469862;0.9999993912459851;1.000164560555401;1.0;0.9999344012791916;1.0000178165397395;0.9998972416691924;0.9998456456378726;0.9999999999999999;0.9998390538281898;0.9999795954700185;0.9994565942624262;0.9993118559732782;0.999885817923691;1.0;0.9999908604325448;1.0001541771744418;0.9999821630415862;0.9999923585762186;1.0;0.99999435684881;1.024999976158142;
2016-04-12 00:45:00;0.9999890397279868;0.9999107897488785;1.0;0.999994235406366;0.9999925672647311;1.0;1.0;0.9999590077274052;0.99997915977763;1.0000676132090545;0.9999688074057939;0.9999923084577709;1.0;1.0;0.9999204421983307;0.9999258944459049;0.9999276468137469;1.0;1.0000968802410357;0.9999953389312619;0.9999879804021637;0.9999295636650849;0.9999270431563169;0.9999994327161884;1.0001635261446709;1.0;0.9999383187760137;1.000018196671118;0.9999035127430211;0.9998586001682618;0.9999999999999999;0.9998463216763558;0.9999815014285095;0.9994848567920404;0.999354288085567;0.9998884296487767;1.0;0.999990479290912;1.0001536229387369;0.999983906824756;0.9999927775988118;1.0;0.9999952214680706;1.024999976158142;
2016-04-12 01:00:00;0.999991818928847;0.9999223558534357;1.0;0.9999961094145956;0.9999928668292479;1.0;1.0;0.9999726986516357;0.9999797491707959;1.0000682571052801;0.9999746068771442;0.9999921701187378;1.0;1.0;0.9999491027491978;0.9999540334505072;0.9999551206003208;0.9999999999999999;1.000097451209603;0.9999954718412353;0.999991360763654;0.9999393228235727;0.9999547360703922;0.9999998039688862;1.0001616187186284;1.0;0.9999476669547473;1.0000183740523132;0.9999012275681264;0.9998544878102568;0.9999999999999999;0.9998487550625427;0.9999824123947365;0.9994898473219805;0.9993549647327636;0.9998923548592384;1.0;0.9999896853204291;1.0001523155282557;0.9999847124986545;0.9999948565311535;0.9999999999999999;0.9999952835291247;1.024999976158142;
2016-04-12 01:15:00;0.9999911100501336;0.999923181715804;1.0;0.999995597057578;0.9999935850478975;1.0;0.9999999999999999;0.9999713562480351;0.9999827623451294;1.0000663464888124;0.9999753315476563;0.999992424205104;1.0;0.9999999999999999;0.9999427362915284;0.9999483256950434;0.9999496649482079;0.9999999999999999;1.0000951972175975;0.9999961439409467;0.9999910482196329;0.9999423864444302;0.9999492167311882;0.999999690013191;1.0001587087727764;1.0;0.9999501149162175;1.000017859461828;0.9999270555314543;0.9998881592251745;1.0;0.9998688040398325;0.9999835716429736;0.9995676810280888;0.9994614199499985;0.9998996479697746;1.0;0.999990479290912;1.000149360900542;0.999985666200545;0.9999947443231956;0.9999999999999999;0.9999952410585445;1.024999976158142;
2016-04-12 01:30:00;0.9999913443548855;0.9999399360266792;1.0;0.9999952189590816;0.9999955951790818;1.0;1.0;0.9999666230840849;0.9999878480761364;1.0000654691654973;0.999977615783867;0.9999935894267417;0.9999999999999999;1.0;0.9999336601170745;0.999937124260019;0.9999385959679232;1.0;1.0000927124777261;0.999997284913986;0.9999899606003518;0.9999518450905699;0.9999380825329228;0.9999994251501714;1.0001542578171447;1.0;0.9999570780262469;1.0000176266238219;0.9999641582670046;0.9999248367892353;0.9999999999999999;0.9998806265542839;0.9999889170556961;0.9996110819831897;0.9995284794824651;0.9999056510859161;1.0;0.9999908604325451;1.0001452508806887;0.9999903469056144;0.9999938853724103;1.0;0.9999962752400183;1.024999976158142;
2016-04-12 01:45:00;0.9999941539341916;0.9999638788789236;0.9999999999999999;0.99999665509222;0.9999974742329392;0.9999999999999999;0.9999999999999999;0.9999755754016976;0.9999925735438779;1.0000659966899654;0.9999849546693035;0.9999945543171264;1.0;0.9999999999999999;0.9999526857349705;0.999954113828106;0.9999550996984473;1.0;1.0000922263870253;0.9999983428340841;0.999992474483143;0.9999687795212029;0.9999547364320467;0.9999995483532416;1.0001503656602047;1.0;0.9999716739912928;1.0000177717598784;0.9999789480487219;0.9999461144606774;1.0;0.9998921921028044;0.9999939496039079;0.999657883306699;0.999594805808727;0.9999085643952005;1.0;0.9999900664615026;1.000142103145468;0.9999947543011045;0.9999953070969237;0.9999999999999999;0.999997197591548;1.024999976158142;
2016-04-12 02:00:00;0.9999931738113185;0.9999593856995505;1.0;0.9999965767880129;0.999997230656812;1.0;1.0;0.9999786652262214;0.9999918554388327;1.0000640128969491;0.9999839177948211;0.999994313871719;1.0;1.0;0.9999592926778729;0.9999608605704282;0.999961642328885;0.9999999999999999;1.0000895612854908;0.9999981829959512;0.9999905189294694;0.9999647938484468;0.9999612981343634;0.9999997368459447;1.0001477868028035;1.0;0.9999679684532524;1.0000172380392713;0.9999870522385943;0.9999626505892488;1.0;0.9999085525376009;0.9999933580846716;0.9997208776918146;0.99967585901178;0.999914875875795;1.0;0.9999908604325448;1.0001396042811148;0.999994242380112;0.9999939980957703;1.0;0.9999970555326073;1.024999976158142;
2016-04-12 02:15:00;0.9999924375966504;0.9999559626357697;1.0;0.9999962280218071;0.9999972777244619;1.0;1.0;0.9999783262871897;0.999992630546668;1.0000633640461245;0.999983475578658;0.9999932813726936;1.0;1.0;0.9999564910446177;0.9999587905938404;0.9999596992638915;0.9999999999999999;1.0000890972845713;0.9999983560681884;0.9999900161325599;0.9999639004433302;0.999959319665708;0.9999997192860461;1.000147889003932;0.9999999999999999;0.999967169423566;1.0000170632411898;0.9999850525518627;0.9999591878904447;0.9999999999999999;0.9999082760543343;0.9999930622379374;0.9997148078273278;0.9996662375096326;0.9999181827659797;0.9999999999999999;0.9999908604325449;1.0001395432796099;0.9999939506247498;0.9999937434899059;1.0;0.9999964141388991;1.024999976158142;
2016-04-12 02:30:00;0.9999938637144814;0.9999642791965789;0.9999999999999999;0.9999965097246791;0.9999977639313581;1.0;0.9999999999999999;0.9999758527870621;0.9999937494489287;1.0000646677413798;0.9999853527071584;0.9999943279475043;1.0;1.0;0.9999518814742515;0.9999535386130702;0.999954577140819;1.0;1.0000905204789932;0.9999986062738405;0.9999922257743957;0.9999699752237854;0.9999541978821173;0.999999536699322;1.0001480286506925;1.0;0.9999726117267337;1.0000174145778815;0.9999842472821422;0.9999555096997823;0.9999999999999999;0.9999042205947782;0.9999944292249202;0.9997032676384137;0.9996498420464898;0.9999138368992257;1.0;0.9999900664615025;1.0001398210712684;0.9999951522393161;0.9999951681367135;1.0;0.9999970405788771;1.024999976158142;
2016-04-12 02:45:00;0.9999938623958269;0.9999636089985674;1.0;0.9999960302264724;0.9999977715065362;1.0;1.0;0.9999692185256621;0.999993936241383;1.0000647821475448;0.9999843690447124;0.9999939294409307;1.0;1.0;0.9999377342102803;0.9999395789487885;0.9999409980784577;1.0;1.000090791011224;0.9999986478097961;0.9999929958393982;0.9999699554649801;0.9999405377722083;0.9999992737236822;1.0001479468977854;1.0;0.9999726224055397;1.0000174450972832;0.9999869172951117;0.9999574061603574;1.0;0.999908462684686;0.9999943451541545;0.9997163723124152;0.9996635007184965;0.9999176784294919;1.0;0.9999900664615023;1.000139619094692;0.9999950702547615;0.9999957481012552;1.0;0.999996815655748;1.024999976158142;
2016-04-12 03:00:00;0.9999935719294314;0.9999653822074156;1.0;0.9999965252466824;0.999998053466498;1.0;1.0;0.999978016253808;0.9999946699542115;1.0000638009747316;0.9999858798467787;0.9999936858373513;1.0;1.0;0.9999558351717414;0.9999573998023743;0.9999583350542153;1.0;1.0000892640846033;0.9999988124227718;0.9999914633180327;0.9999707912402701;0.9999579683429188;0.9999996138089684;1.0001465845052826;0.9999999999999999;0.9999731153872935;1.000017181690123;0.999981719217965;0.9999569863913891;1.0;0.9999138309279157;0.9999950829761753;0.9997385079046134;0.9996894263798185;0.9999187521725835;1.0;0.9999900664615025;1.0001384556199482;0.9999957159242274;0.99999464475405;1.0;0.9999967724522626;1.024999976158142;
2016-04-12 03:15:00;0.9999939714947332;0.9999568696540639;1.0;0.9999970357688337;0.9999966454298673;1.0;1.0;0.9999810628331285;0.9999904380803587;1.0000640527521028;0.9999844458139724;0.9999932831167836;0.9999999999999999;1.0;0.999963802153499;0.9999660571279448;0.999966792347624;1.0;1.0000900240487292;0.9999978662031483;0.9999924005874059;0.9999646636789582;0.9999664957279875;0.9999998003306538;1.0001475411444956;1.0;0.9999685827196624;1.0000172487928694;0.9999911747183627;0.9999677177124814;1.0;0.9999096939705779;0.9999917628827807;0.999727175093403;0.9996863068019175;0.9999140226068834;1.0;0.9999900664615023;1.0001394179648004;0.9999928430319134;0.9999952824866278;1.0;0.9999964255761132;1.024999976158142;
2016-04-12 03:30:00;0.9999932461334301;0.9999602429093463;1.0;0.9999964284777769;0.9999973934938282;1.0;1.0;0.9999767956793385;0.9999925265694194;1.000063718704052;0.999984088100448;0.999993578602401;1.0;1.0;0.9999546880692249;0.9999563865590101;0.9999573125573997;1.0;1.0000892324204227;0.9999983323615622;0.999990990059868;0.9999660835961869;0.9999569412989527;0.9999996383690425;1.000146976784057;0.9999999999999999;0.9999691158321161;1.0000171584893747;0.9999979582597242;0.9999763136301114;1.0;0.9999197885598498;0.9999936346391914;0.9997603282236216;0.9997266075126712;0.9999218176511887;1.0;0.9999884785248687;1.0001387900279155;0.9999944708486059;0.9999943434606392;0.9999999999999999;0.999996692017173;1.024999976158142;
2016-04-12 03:45:00;0.9999935167122431;0.9999523586157041;1.0;0.9999965813268399;0.9999966009530148;1.0;1.0;0.9999786257111646;0.9999914500767701;1.0000639380736966;0.9999841803648241;0.9999930563234782;1.0;1.0;0.9999551030992488;0.9999587582007464;0.99995984761329;1.0;1.000090700276987;0.9999980904839127;0.9999933099404867;0.9999649174265796;0.999959486660585;0.999999658997165;1.0001487773179591;1.0;0.999969146484603;1.0000172164055587;0.999988326913842;0.9999663968470056;1.0;0.999915221848114;0.9999909244709206;0.9997448872924747;0.9997044085403731;0.9999185878272202;1.0;0.9999908604325449;1.0001403513413833;0.9999920508832337;0.9999960423408608;1.0;0.9999959887042387;1.024999976158142;
2016-04-12 04:00:00;0.9999960875678875;0.9999665459132637;1.0;0.9999973204135574;0.9999974081992574;1.0;1.0;0.9999776127350061;0.9999934154522265;1.000064780624715;0.9999880881768318;0.9999935048233617;1.0;1.0;0.9999534462068898;0.9999561531748633;0.9999573265947569;1.0;1.0000912984216168;0.9999985319302797;0.9999972055616068;0.9999758544238441;0.9999570038226827;0.9999994558034122;1.0001461538388765;1.0;0.9999790644705572;1.0000174454551447;0.9999836371140853;0.9999603571440434;1.0;0.9999176511377942;0.9999931220376804;0.9997509530905442;0.9997053031824178;0.9999217671035782;1.0;0.999990860432545;1.0001381491150891;0.9999939791698371;0.9999985490026522;1.0;0.9999964178371467;1.024999976158142;
2016-04-12 04:15:00;0.9999973873182325;0.9999739894713072;1.0;0.9999983371096854;0.9999976470155418;1.0;1.0;0.9999853683645371;0.999993472372936;1.0000655894875001;0.9999908742988995;0.9999939474529947;1.0;1.0;0.9999711745431932;0.9999729780080532;0.9999736649932379;1.0;1.0000918811583772;0.9999985454831531;0.9999979736390038;0.9999801913597134;0.9999734708557048;0.9999997065253119;1.0001459712100327;0.9999999999999999;0.9999829779514933;1.000017663648419;0.9999832496541239;0.9999558443090643;0.9999999999999999;0.9999045126753202;0.9999941055659878;0.9997066065117425;0.9996545598773838;0.9999124442303302;1.0;0.9999896853204291;1.000138306024664;0.9999948679923895;0.9999989102152788;1.0;0.9999968336678642;1.024999976158142;
2016-04-12 04:30:00;0.9999974531283298;0.999978480207762;1.0;0.9999980496083268;0.9999982273883998;1.0;0.9999999999999999;0.9999815723927714;0.9999950382351136;1.000065751194057;0.9999911924403102;0.9999941189883171;1.0;1.0;0.9999632786398891;0.9999645762170281;0.9999654472257982;0.9999999999999999;1.0000918048751246;0.9999988953590887;0.9999979825104686;0.9999829486334215;0.999965203956461;0.9999995329619095;1.0001455002324495;1.0;0.9999850385322174;1.000017707201359;0.9999764259863977;0.9999511377630019;0.9999999999999999;0.9999083240431558;0.9999955937754439;0.999718402973899;0.9996650379852947;0.9999158741670917;1.0;0.999990479290912;1.0001378437969979;0.9999961661652477;0.9999989054188596;1.0;0.9999970320038911;1.024999976158142;
2016-04-12 04:45:00;0.9999968453144623;0.9999770815061849;1.0;0.9999981035954723;0.9999982702018042;1.0;1.0;0.9999854349339775;0.9999952201017189;1.0000653865637188;0.9999912352538072;0.9999936971507452;1.0;1.0;0.999970991512149;0.9999723369375245;0.9999729971058852;1.0;1.0000913285082411;0.9999989356240295;0.99999660783029;0.9999816928441213;0.999972783808485;0.9999997064785306;1.0001458467446058;1.0;0.9999837441711371;1.0000176089764907;0.9999805400520744;0.9999568559924544;1.0;0.9999126566321581;0.9999956598786666;0.9997334279706964;0.9996851715089813;0.9999186807623596;1.0;0.9999892724926029;1.0001381717698232;0.9999962197726581;0.999997971145307;1.0;0.9999968299182529;1.024999976158142;
2016-04-12 05:00:00;0.9999956548422985;0.999964036246817;1.0;0.999997568338587;0.9999972120740935;1.0;1.0;0.9999829197633399;0.9999928473808057;1.0000642747904984;0.9999881166512394;0.9999936304865995;1.0;1.0;0.9999645323700602;0.9999673536490864;0.9999682294805946;1.0;1.0000906652984198;0.9999984053693991;0.9999960454553397;0.9999737813675319;0.9999679622783884;0.9999996941831177;1.0001461500419007;0.9999999999999999;0.9999772224882946;1.000017309438717;0.9999865734835323;0.9999593572686208;1.0;0.999915190764516;0.9999926444850473;0.9997545851143239;0.9997049792979614;0.9999118897355433;1.0;0.9999888913511112;1.000138182538537;0.9999935658464928;0.9999977467604296;1.0;0.999996447343438;1.024999976158142;
2016-04-12 05:15:00;0.9999952194446673;0.9999628025121984;1.0;0.9999969090020909;0.9999971759966046;1.0;1.0;0.9999750093774586;0.9999924916677133;1.0000651393396018;0.9999861088651935;0.9999930438880688;0.9999999999999999;1.0;0.999949142612634;0.9999516967005495;0.9999529164969577;1.0;1.0000917042939055;0.999998325896982;0.9999956269179895;0.9999716066575424;0.9999525546799133;0.9999994350500188;1.0001478683109657;1.0;0.9999750283169815;1.0000175420712456;0.9999756723894873;0.9999556874031732;1.0;0.9999126476166846;0.9999927126344385;0.9997404405930186;0.9996946713577347;0.9999138954202001;1.0;0.9999805586185534;1.000139691156911;0.9999936383611113;0.9999975048812773;0.9999999999999999;0.9999962460106065;1.024999976158142;
2016-04-12 05:30:00;0.9999959891303531;0.999968539641157;1.0;0.9999974106513381;0.999997557355975;0.9999999999999999;0.9999999999999999;0.99997879099117;0.9999933739052064;1.0000653441078953;0.9999881130082736;0.9999936532404138;0.9999999999999999;1.0;0.9999572733045599;0.9999593247997751;0.9999603351798628;1.0;1.0000916888447624;0.9999985233654253;0.9999962366805577;0.9999756095197172;0.999960032715224;0.9999995283707585;1.0001470902986291;1.0;0.9999785381119681;1.0000175974843872;0.9999871878728128;0.9999649096939219;1.0;0.9999113460663337;0.9999937819183311;0.999739332226065;0.9996977140987198;0.9999107423827496;1.0;0.9999781767583625;1.0001391215626898;0.9999945785853267;0.9999978358492647;1.0;0.999996641452648;1.024999976158142;
2016-04-12 05:45:00;0.9999955120327108;0.9999544106277543;0.9999999999999999;0.9999974588062451;0.9999960719267224;1.0;0.9999999999999999;0.9999809375872407;0.999989916689185;1.0000654407971847;0.9999860164743352;0.9999924949623265;1.0;1.0;0.9999602227302609;0.9999642053528002;0.9999652414484603;1.0;1.0000929702104362;0.9999977497108128;0.9999969922636762;0.9999681277085954;0.9999649576820258;0.999999668215826;1.0001497537280968;0.9999999999999999;0.9999729713523594;1.0000176228928666;0.9999816769606695;0.9999608894661391;1.0;0.99990256265514;0.9999896351456685;0.9997168382991016;0.9996739926148422;0.9998996456824291;1.0;0.9999765891571677;1.0001414739976604;0.9999909327802305;0.9999984855260077;0.9999999999999999;0.9999956567714914;1.024999976158142;
2016-04-12 06:00:00;0.9999945476260136;0.999950361384414;1.0;0.9999970365903497;0.9999960275317004;1.0;0.9999999999999999;0.9999799101398846;0.9999901153360774;1.000068450245212;0.9999848377899253;0.9999928720911925;0.9999999999999999;1.0;0.9999571298745316;0.9999615226579822;0.9999626438190243;1.0;1.0000973799662969;0.9999977941584663;0.9999957589022381;0.9999655259587911;0.9999623207158954;0.9999996643409782;1.0001578118262515;1.0;0.9999705003308107;1.0000184333813316;0.9999169170067397;0.9999184545989769;1.0;0.9998434076534721;0.9999893180629166;0.9994967627825222;0.9994460304596797;0.9998716141017069;1.0;0.9999781767583626;1.0001489938845096;0.9999906404359855;0.9999977177006609;1.0;0.99999572927345;1.024999976158142;
2016-04-12 06:15:00;0.9999889627994641;0.9998987273340771;1.0;0.9999948369626471;0.9999921061218852;1.0;0.9999999999999999;0.999973417139981;0.9999814418365499;1.0000644486298247;0.999972567705465;0.9999905827978715;1.0;1.0;0.9999385568283462;0.999948605727503;0.9999503669059886;1.0;1.0000952107875007;0.999995850840232;0.9999915189368205;0.9999334013635299;0.99994984933352;0.9999997793079828;1.0001611680318152;1.0;0.9999435346931472;1.0000173501438145;0.999878195332968;0.9998996988412507;1.0;0.9998647797680309;0.9999780561711274;0.9995804221679389;0.9995341811579478;0.9998788858534392;1.0;0.9999854084179101;1.0001510724754807;0.9999807189053896;0.9999954585117826;1.0;0.9999933438006715;1.024999976158142;
2016-04-12 06:30:00;0.9999872205732461;0.9998929758996888;0.9999999999999999;0.9999932606756199;0.9999921459966212;1.0;1.0;0.9999594730057242;0.9999817401623671;1.0000645700019446;0.9999684581106795;0.9999835805086593;1.0;0.9999999999999999;0.9999093591913865;0.9999196117503285;0.9999220762632773;1.0;1.000095515052743;0.9999959143859364;0.9999897809390956;0.9999282960741559;0.9999213555309716;0.9999993263576675;1.0001630155707046;1.0;0.9999384198162075;1.0000173773351473;0.9998782313906909;0.9999034826755546;1.0;0.9998781620406942;0.9999780367814239;0.9996225215673407;0.9995818081824587;0.9998904890211251;1.0;0.9999884785248686;1.000152433474211;0.9999806905060792;0.999994441874604;1.0;0.9999901302129702;1.024999976158142;
2016-04-12 06:45:00;0.9999920328379631;0.9999239273640883;1.0;0.9999958524019664;0.9999934810373066;1.0;1.0;0.9999713089396515;0.9999829084060553;1.0000708239633929;0.9999764823650172;0.9999614822141196;1.0;1.0;0.9999412078965441;0.9999473984106004;0.9999488698314352;0.9999999999999999;1.000101749856663;0.999996178026217;0.9999933730643217;0.9999452294041874;0.9999484311173507;0.9999996072100121;1.0001675603462563;1.0;0.9999531835545302;1.000019066415886;0.9998682634931269;0.9998861835933129;0.9999999999999999;0.9998710801217062;0.9999830248569044;0.9996045655750408;0.9995469505824481;0.9998816416432758;1.0;0.9999801580724723;1.0001577949470304;0.999985167741504;0.9999963392566472;1.0;0.999981112381576;1.024999976158142;
2016-04-12 07:00:00;0.9999936208393924;0.999939164805323;0.9999999999999999;0.9999961797010973;0.9999945057593541;0.9999999999999999;1.0;0.9999677515716967;0.9999845394144885;1.0000751056669557;0.9999785755192487;0.9999691287295928;1.0;1.0;0.9999373732537709;0.999941324264564;0.9999427711320666;1.0;1.00010634594268;0.9999965436162864;0.9999943343656665;0.9999527346682009;0.9999423403790706;0.9999994124931872;1.0001725727825066;0.9999999999999999;0.9999591932388969;1.0000202206509348;0.9997747418543091;0.9998232129893704;0.9999999999999999;0.9998537910855161;0.9999863802147411;0.9995665549912207;0.9994945727034902;0.9998555412546497;0.9999999999999999;0.9999821271211384;1.0001628762076578;0.999988153073932;0.999996798157965;1.0;0.999985103247527;1.024999976158142;
2016-04-12 07:15:00;0.9999906689254542;0.9998772003746308;1.0;0.9999936960905776;0.9999864532412926;1.0;1.0;0.9999297428821088;0.9999586944867271;1.000081510134432;0.9999542458167674;0.9999665643973373;1.0;1.0;0.9998748406292212;0.9998807538571566;0.999883400396846;1.0;1.0001164828611988;0.9999907406085243;0.9999927982221857;0.9998975631483562;0.9998826593090868;0.9999987589632293;1.0001908552080823;1.0;0.9999127603814267;1.0000219061032278;0.9997416764225857;0.9998043637840758;1.0;0.9998399311760789;0.9999684678236851;0.9995065897294458;0.9994365893925028;0.9998553532606735;1.0;0.9998484270575508;1.0001794703434632;0.9999727463778478;0.999996135054481;0.9999999999999999;0.9999834755406733;1.024999976158142;
2016-04-12 07:30:00;0.9999926993536918;0.9998955046372665;1.0;0.9999954648554291;0.9999880007686391;1.0;1.0;0.9999473531657036;0.9999629633545584;1.000084168843491;0.999961860756115;0.9999543650418821;1.0;1.0;0.9999102654779687;0.9999149605221431;0.9999167425220352;1.0;1.000119394757124;0.9999917033144773;0.9999939402443887;0.9999116778001426;0.9999162278530022;0.9999992435652338;1.0001937739602953;0.9999999999999999;0.9999250365896207;1.000022638994188;0.9996891759931082;0.9997694198564778;1.0;0.9998332879899368;0.9999723629451691;0.9994904023289948;0.9994139305939523;0.9998467350927571;1.0;0.9998264902934437;1.0001827964405146;0.9999761389603857;0.9999966541434272;1.0;0.9999782526553167;1.024999976158142;
2016-04-12 07:45:00;0.9999874839370824;0.9998674326170599;1.0;0.9999906956290644;0.9999868823048742;1.0;1.0;0.9999041625762156;0.999960885409769;1.0000865162877084;0.9999475874413954;0.9999336080913331;1.0;1.0;0.9998189520469862;0.9998257330303109;0.9998298058397376;0.9999999999999999;1.0001239603035437;0.9999912311857102;0.9999902395220951;0.9998908330146788;0.9998286712069471;0.9999978558217657;1.0002049035427658;1.0;0.9999057560743395;1.0000232428423999;0.9997174619294016;0.999788720255882;1.0;0.9998321774045789;0.9999688895706099;0.9994832462036808;0.9994131415189434;0.9998489831909095;1.0;0.9997714363535282;1.0001920325519462;0.9999730614675021;0.9999947390852039;1.0;0.9999683726268341;1.024999976158142;
2016-04-12 08:00:00;0.999988384599006;0.9998696175381563;1.0;0.9999937372696277;0.9999871920306168;1.0;1.0;0.9999471777207467;0.9999636761351908;1.0000859524262868;0.999957457619251;0.9999330631343641;1.0;0.9999999999999999;0.9999007215982793;0.9999095777466233;0.9999118480299536;1.0;1.0001243612139963;0.9999918534699928;0.9999905051946054;0.9999000937941392;0.9999111811524761;0.9999993109141022;1.0002067511820447;0.9999999999999999;0.9999150909964014;1.000023109107531;0.9996861007299238;0.9997715194263609;1.0;0.9998235878578093;0.999968433883537;0.9995024167279231;0.9994350374541383;0.9998106128532984;1.0;0.9997494744106842;1.0001942927324476;0.9999725596204573;0.9999947905544948;0.9999999999999999;0.9999676308695491;1.024999976158142;
2016-04-12 08:15:00;0.9999931956905044;0.9999125143822997;0.9999999999999999;0.9999954929579763;0.9999901147593531;1.0;0.9999999999999999;0.9999483228031157;0.9999689533820145;1.0000892829677928;0.9999659558745697;0.9999356726850471;1.0;0.9999999999999999;0.9999107362694867;0.9999139903016764;0.9999157516150704;1.0;1.0001255874728365;0.9999930528941895;0.9999935851500121;0.9999237004064775;0.9999152261666584;0.9999991313915468;1.0002027184075613;0.9999999999999999;0.9999345767972566;1.0000240285523874;0.9996823205455634;0.9997695347004302;0.9999999999999999;0.9998182982363335;0.9999775573351443;0.999475684529168;0.9994089363953176;0.9998130220154682;1.0;0.9997394462081738;1.0001914648929997;0.9999806542269115;0.9999963040534168;1.0;0.9999701481993024;1.024999976158142;
2016-04-12 08:30:00;0.9999925777174062;0.9999146177433629;1.0;0.9999954055552545;0.9999911291735967;1.0;1.0;0.9999540573891583;0.9999733582273891;1.0000900646329205;0.999968725376927;0.999914679029157;1.0;0.9999999999999999;0.9999168784982366;0.9999212395187141;0.999923005304041;0.9999999999999999;1.0001273197772882;0.9999940381700761;0.9999933826267255;0.9999296345147459;0.9999224823338183;0.9999992200363421;1.0002062627542732;1.0;0.9999396803225734;1.0000242415761698;0.9996801794549567;0.9997531579941602;1.0;0.9998015992546456;0.9999790883621197;0.9994051799897086;0.9993164681867054;0.9998111231323487;1.0;0.9997858581177735;1.0001947037763799;0.9999819024916712;0.999996256382658;0.9999999999999999;0.9999603951143972;1.024999976158142;
2016-04-12 08:45:00;0.9999913441836832;0.9998734688379017;1.0;0.999995274267111;0.9999858672965249;1.0;1.0;0.9999496498449363;0.9999578531603445;1.0000937171887772;0.9999578318722563;0.9999217792995543;1.0;1.0;0.9999133450447815;0.9999206418418186;0.9999224475288429;1.0;1.0001341551615297;0.9999905599828398;0.9999936825377547;0.9998986781898479;0.9999219394171702;0.9999994487761972;1.000218641328166;1.0;0.9999147579514683;1.0000252112579926;0.9996080425691285;0.9996616573694882;1.0;0.9997438175896135;0.9999664828878111;0.9992448701373168;0.999083094492312;0.9997467940558279;1.0;0.9998216176114836;1.0002061472236905;0.9999709786739248;0.9999966878717672;1.0;0.999962903219212;1.024999976158142;
2016-04-12 09:00:00;0.9999893543728801;0.9998292697399995;1.0;0.9999930538944455;0.999979474220029;1.0;0.9999999999999999;0.9999118813431871;0.999935750125346;1.0000954934806072;0.9999368114503718;0.9999258807554366;1.0;1.0;0.9998533014821543;0.9998602638811529;0.9998630968377945;1.0;1.0001365826815252;0.9999855776411739;0.9999917773138576;0.9998533216226471;0.999862301690789;0.9999987201037117;1.0002238686832718;0.9999999999999999;0.9998759648302457;1.0000256274176076;0.999641605855279;0.9996961826485642;0.9999999999999999;0.9997656472531925;0.9999532831496251;0.9993248184271022;0.9991849659466691;0.9997578073483867;0.9999999999999999;0.9998175018199008;1.0002105983805216;0.99995971973814;0.9999955832094072;1.0;0.9999648367546772;1.024999976158142;
2016-04-12 09:15:00;0.9999914540780511;0.9998783088314867;1.0;0.9999952501951976;0.9999861151809248;1.0;1.0;0.9999473511714788;0.9999575053788111;1.000094585337004;0.9999573717077196;0.999914431379077;0.9999999999999999;1.0;0.9999119437958003;0.9999178094074782;0.9999195142997946;1.0;1.0001345254435343;0.99999047528039;0.9999925870940123;0.9998985287230703;0.9999190042178367;0.9999994087549255;1.0002191801916542;1.0;0.999914070387858;1.000025438414738;0.9996145077661788;0.999663913672734;1.0;0.9997447692291105;0.9999677838261452;0.999230334700178;0.9990658112200121;0.9997593781273196;1.0;0.9998384451773168;1.0002067906981162;0.9999721648390848;0.9999958415819831;1.0;0.9999599238761057;1.024999976158142;
2016-04-12 09:30:00;0.9999920047952876;0.9998549482678966;1.0;0.9999953819427487;0.9999814904108779;1.0;1.0;0.9999338859217413;0.9999406126202601;1.0000989512867278;0.9999461848488294;0.9999249613356644;1.0;1.0;0.9998998337979391;0.9999043791896365;0.9999059852634656;1.0;1.0001398678272653;0.9999866732414612;0.999992445863552;0.999870615656599;0.999905491278264;0.9999993667185071;1.0002269484140702;1.0;0.9998906965844435;1.0000265833179807;0.9995375279643782;0.9996262537031908;1.0;0.9997491789178403;0.9999588149991155;0.9992476398692185;0.9990941543579608;0.9997613404537316;0.9999999999999999;0.9997643822219898;1.0002143328002875;0.9999645732287853;0.999995641294122;1.0;0.9999649984748226;1.024999976158142;
2016-04-12 09:45:00;0.999992734108177;0.9998659277231894;1.0;0.9999964142563832;0.9999830470435971;1.0;1.0;0.9999493975856582;0.9999462595102653;1.0001003531487707;0.9999527678230286;0.9999245160404405;0.9999999999999999;1.0;0.9999264672285784;0.9999314294033956;0.9999325246003966;1.0;1.0001419902613449;0.9999879543433102;0.9999931546430458;0.9998830409729985;0.999932171369334;0.9999997534243568;1.0002299196359123;1.0;0.999901583856003;1.0000269854472048;0.9994783621414723;0.9995588166806706;1.0;0.9997231189303185;0.9999618404713968;0.9991487894628649;0.9989468812137206;0.9997506602568536;0.9999999999999999;0.9997411064356263;1.0002173720080885;0.9999671368532043;0.9999960548769684;1.0;0.9999646977098626;1.024999976158142;
2016-04-12 10:00:00;0.9999936017309681;0.9999271571241581;0.9999999999999999;0.9999963632493191;0.9999925503567145;0.9999999999999999;1.0;0.9999659211820282;0.9999779751704367;1.0000957452565773;0.9999744973600098;0.9999231845965452;1.0;1.0;0.9999383309841533;0.9999424027024998;0.9999437165208621;1.0;1.0001349984566703;0.9999950720048384;0.9999941979881929;0.999941161426088;0.9999433178443842;0.9999995060831498;1.0002174824060563;0.9999999999999999;0.9999496782362558;1.0000257766447922;0.9996138628061357;0.9996551708286627;1.0;0.9997322156571462;0.9999822243081167;0.9992200345186343;0.9990455219912775;0.9997296307940492;1.0;0.9997653457399039;1.0002056362067138;0.999984596128287;0.9999966975854745;1.0;0.9999643085739989;1.024999976158142;
2016-04-12 10:15:00;0.9999929692912324;0.9999220590594142;1.0;0.9999956549109098;0.9999921882847886;1.0;0.9999999999999999;0.9999584290560992;0.9999770589746834;1.0000958225139396;0.9999720239906168;0.9999288217471123;1.0;1.0;0.9999228774408876;0.9999273277439583;0.9999290303219716;0.9999999999999999;1.0001353383470353;0.9999948648632776;0.999994034035108;0.9999373637976163;0.9999285343832419;0.9999992699321084;1.0002183435490803;1.0;0.9999463306121137;1.0000257944352617;0.9995914768012104;0.9996348439465784;1.0;0.9996996857955087;0.9999812650184396;0.9990754820195256;0.9988894221310052;0.9997296764531798;1.0;0.999794949202819;1.0002062518431485;0.9999837560867488;0.9999966799896578;1.0;0.9999667660355414;1.024999976158142;
2016-04-12 10:30:00;0.999991458118585;0.999926992958423;1.0;0.9999952702869391;0.9999932302837219;1.0;1.0;0.9999604505641385;0.9999793739144996;1.0000961446275798;0.9999718630627848;0.9999249787453377;1.0;1.0;0.9999284190298441;0.9999313995623382;0.9999328097164034;0.9999999999999999;1.0001349024814192;0.9999953867184677;0.9999896986284618;0.9999372402515196;0.9999323047318978;0.9999994124104461;1.0002199877139577;1.0;0.9999448359298894;1.0000258847536858;0.9995784098083905;0.9996065633545075;1.0;0.9996812370471001;0.9999842293356921;0.9989953271161217;0.998778809089519;0.99972895564057;0.9999999999999999;0.9997859632459525;1.0002078519560111;0.9999863679579731;0.9999936688097397;1.0;0.9999653800680005;1.024999976158142;
2016-04-12 10:45:00;0.9999878322398519;0.999918741279229;0.9999999999999999;0.9999941363199664;0.9999937856678157;0.9999999999999999;1.0;0.9999634171723113;0.9999817153392138;1.0000959729173597;0.9999694920496884;0.9999155221979606;0.9999999999999999;1.0;0.9999317869438943;0.9999352858475227;0.9999365673212749;0.9999999999999999;1.0001349766656864;0.9999959076894033;0.999983518087895;0.9999307962295053;0.9999359942251501;0.9999996425151073;1.0002251015526198;1.0;0.9999379210582677;1.000025836709019;0.9995643900144214;0.9996021821674232;1.0;0.999661381501385;0.9999851131394489;0.9989173591847775;0.9987081791199115;0.9997226567928809;1.0;0.9997909266939327;1.0002123625309125;0.9999870951101775;0.999989617201767;1.0;0.9999609821001973;1.024999976158142;
2016-04-12 11:00:00;0.9999948700583191;0.999929155637519;1.0;0.9999970411047835;0.9999918118119997;1.0;1.0;0.9999659787349213;0.9999743558762862;1.0000995233119974;0.9999738416756588;0.999918880540943;1.0;1.0;0.9999438843694158;0.9999466484069851;0.9999476795496927;0.9999999999999999;1.0001394495218303;0.9999942649553254;0.9999949201214666;0.9999386819525417;0.9999473552971038;0.9999995766844848;1.0002230740820437;1.0;0.9999477125458472;1.0000267953618895;0.9995909671386821;0.9996262396057694;1.0;0.9996668735005796;0.9999813755217735;0.9989576618972089;0.9987620814757846;0.9997119880229576;1.0;0.9997782035060461;1.0002112520960358;0.9999839418520241;0.9999970300174786;1.0;0.999962675507075;1.024999976158142;
2016-04-12 11:15:00;0.9999945727047295;0.9999340507786083;1.0;0.9999968445537891;0.9999928979214375;1.0;1.0;0.999967738340371;0.99997838390757;1.0001034729522886;0.9999761187454708;0.9999139656241447;1.0;1.0;0.9999436572593693;0.9999468064544728;0.9999479415419966;0.9999999999999999;1.0001451425800292;0.9999951659354323;0.9999948686576055;0.9999448759364109;0.9999475927546647;0.9999995359382532;1.0002322247386255;1.0;0.9999528510805918;1.0000278604599435;0.9995501620498933;0.999591458676454;1.0;0.9996251002119831;0.9999834455740652;0.9988474247929813;0.9986395894129085;0.9996626241505214;1.0;0.9997521877512394;1.0002198740405437;0.9999856890964034;0.9999970409137268;1.0;0.9999603620738187;1.024999976158142;
2016-04-12 11:30:00;0.9999951132669299;0.9999405356388442;1.0;0.9999967388808007;0.9999935584664414;1.0;0.9999999999999999;0.9999644400226658;0.999980171175134;1.000101072459614;0.999977209752923;0.9999120397540784;1.0;1.0;0.9999366491782353;0.9999392544031335;0.9999405693044344;1.0;1.0001414918174776;0.9999955685881695;0.9999956676712234;0.9999494819212185;0.9999401852771264;0.9999993480924637;1.0002255526266777;1.0;0.9999566608111589;1.0000272157754195;0.9995880293265211;0.9996293037534054;1.0;0.9996590240051342;0.9999851158767792;0.9989507455399308;0.9987644192512409;0.9996938429027292;1.0;0.9997537329501899;1.0002135625455026;0.9999871457379671;0.9999975527384587;1.0;0.9999596215123179;1.024999976158142;
2016-04-12 11:45:00;0.9999958733298693;0.9999425366561628;1.0;0.999997500163326;0.9999933209272283;1.0;1.0;0.9999704898586969;0.9999789759201849;1.0000970254067816;0.9999783475046453;0.9999186372150961;1.0;1.0;0.9999510149766023;0.9999531268874314;0.9999540357493962;0.9999999999999999;1.0001355980606341;0.9999952995120005;0.9999959516983732;0.9999498239254548;0.9999537548115309;0.9999995903955435;1.000215885506533;0.9999999999999999;0.9999571683014574;1.0000261249896938;0.9995930441415368;0.9996442720325528;1.0;0.9997060616069309;0.9999848890718435;0.9990951662054691;0.9989220225337416;0.9997355560494839;0.9999999999999999;0.9998020863444246;1.0002045914145803;0.9999869776703945;0.999997637996751;1.0;0.9999627212621521;1.024999976158142;
2016-04-12 12:00:00;0.9999948285326701;0.999943132489334;1.0;0.9999968348500844;0.9999938939375647;1.0;1.0;0.9999670158618679;0.9999807721628959;1.0000983677831567;0.9999776066405378;0.9999224002018345;1.0;1.0;0.9999428772933406;0.9999448270603386;0.9999459222187577;1.0;1.0001373571837093;0.9999957035395081;0.9999942769345915;0.9999498401929019;0.9999455654522167;0.9999994723647654;1.0002197571080633;1.0;0.9999565467869924;1.0000264877632632;0.9995681900821939;0.9996058952447913;0.9999999999999999;0.999663892985589;0.9999861684826894;0.9989349474731122;0.9987272886264315;0.999717946105414;1.0;0.9998058752257546;1.0002081278961852;0.9999880802564033;0.999996551185512;1.0;0.9999644607755929;1.024999976158142;
2016-04-12 12:15:00;0.9999941843932666;0.9999411775995938;1.0;0.9999967565777899;0.9999942607657761;1.0;1.0;0.9999716088371527;0.999983044971125;1.0001003531121102;0.9999789711746561;0.9999267498548262;0.9999999999999999;1.0;0.9999481017612017;0.9999512542283725;0.9999523465886542;1.0;1.0001408221143409;0.9999962085532949;0.9999941089146108;0.9999520020016162;0.9999519956075428;0.9999995840325616;1.0002260581167821;1.0;0.9999585647113499;1.0000270214402611;0.9995483292070436;0.9996005414087714;1.0;0.9996541043074221;0.9999863005255194;0.9989692803076741;0.9987740900439515;0.9996662024799022;0.9999999999999999;0.9997635827601847;1.0002139809994717;0.9999881272209772;0.9999965335623264;1.0;0.9999661395300401;1.024999976158142;
2016-04-12 12:30:00;0.9999904190970994;0.9998930834237769;0.9999999999999999;0.9999948679613622;0.9999897469599537;1.0;1.0;0.9999584623759421;0.9999716513395094;1.0000999210727513;0.9999662225813906;0.999903423264823;1.0;1.0;0.9999196613884032;0.9999276370449685;0.999929561158184;1.0;1.0001431296801722;0.9999936445568902;0.9999927671369284;0.9999204483528158;0.9999290120309829;0.9999994324048488;1.0002337170606768;0.9999999999999999;0.999932615292634;1.000026888932009;0.9995688825564568;0.999600848442297;1.0;0.9996284569407207;0.9999742651263143;0.9987997910458297;0.9985875529874013;0.9997043797959061;1.0;0.9997768659806825;1.0002203259311506;0.999977586918995;0.999996153577564;1.0;0.9999544445006479;1.024999976158142;
2016-04-12 12:45:00;0.9999937108151273;0.9999263561417163;1.0;0.999996965050166;0.9999925881618976;1.0;0.9999999999999999;0.9999752513637269;0.9999787668180146;1.0001019279778716;0.9999766402635075;0.9999008166051476;1.0;0.9999999999999999;0.9999551273442553;0.9999600069801001;0.9999609879791461;0.9999999999999999;1.0001440246228663;0.9999952538982385;0.9999944706255646;0.9999431811087947;0.9999606818491474;0.999999798190006;1.0002318963185033;1.0;0.9999518125204736;1.0000274464835563;0.9995347668173679;0.9995598863604336;1.0;0.999612339132263;0.9999818558241121;0.9987377282154404;0.9984953984815694;0.9996987761608103;1.0;0.9997183546462576;1.0002194093582113;0.9999842399256169;0.9999968860059854;1.0;0.999954005746678;1.024999976158142;
2016-04-12 13:00:00;0.9999932561301377;0.9999237470961002;1.0;0.9999957649060289;0.9999922836840816;1.0;1.0;0.9999585647302771;0.9999772083476158;1.0001041060701745;0.9999724148639099;0.9998955556226388;1.0;1.0;0.9999234368822185;0.9999276799112722;0.9999293623221952;1.0;1.0001466699773198;0.9999949039476196;0.9999943223991188;0.999938406125548;0.999928874698543;0.9999992450984352;1.0002356462851936;1.0;0.9999472378148896;1.0000280303299498;0.999501346736567;0.999540764945873;1.0;0.9996113944912893;0.9999815620216335;0.9987399037516651;0.9984981885223435;0.9996944958610127;1.0;0.9997299676251312;1.00022276596674;0.9999840228242813;0.9999968511673436;1.0;0.9999517798700406;1.024999976158142;
2016-04-12 13:15:00;0.9999911943125465;0.9999052446208069;1.0;0.9999953123309344;0.9999898871299683;1.0;1.0;0.9999549498292314;0.9999683337817505;1.0001034422215678;0.999964376934176;0.9999020984447742;1.0;1.0;0.9999244859342677;0.9999279244607742;0.9999292683152898;1.0;1.000145296542848;0.9999929125588863;0.9999895290085355;0.9999170821033583;0.9999287805399297;0.99999949053061;1.000236670574842;0.9999999999999999;0.9999282319023066;1.0000278427732265;0.9994917886774861;0.999552910912216;1.0;0.9996343463501886;0.9999769796548964;0.9988450966780773;0.9986287476908621;0.9996916318251143;0.9999999999999999;0.9997368597523852;1.0002236847377735;0.9999801510643687;0.9999935826915195;1.0;0.9999549292177181;1.024999976158142;
2016-04-12 13:30:00;0.9999860431880863;0.9999124742697241;0.9999999999999999;0.9999932784362013;0.9999941723086498;1.0;1.0;0.9999627669554368;0.9999843227743306;1.000098486908046;0.9999688300759448;0.9999218456384191;1.0;1.0;0.9999252709677597;0.9999303093268401;0.9999318825150663;1.0;1.0001393687148652;0.9999964921440183;0.9999820749280619;0.9999298794235654;0.9999312218739335;0.9999995964594655;1.000233991945745;0.9999999999999999;0.9999369038995952;1.0000265145524077;0.9994695638246466;0.9995180043526583;1.0;0.9995955402273083;0.999985084749199;0.9986876313106497;0.998437469212608;0.9996812645580442;1.0;0.9997942264415126;1.0002204562942298;0.9999869897865981;0.9999888275243569;1.0;0.9999634725486877;1.024999976158142;
2016-04-12 13:45:00;0.9999931897859484;0.9999139090516816;1.0;0.999996658312828;0.9999909079889343;1.0;1.0;0.9999698098932043;0.9999733346346849;1.0001019865144576;0.9999720492043829;0.9999050073957743;1.0;0.9999999999999999;0.9999473385965385;0.9999525745238669;0.9999536693669994;1.0;1.0001443283446214;0.9999940346981058;0.9999940484229303;0.9999319622978092;0.9999533304067593;0.9999997574212951;1.000232916814297;1.0;0.9999424084630383;1.0000274579621857;0.9994912378398351;0.9995256646290218;1.0;0.9996146341367994;0.999978150340975;0.9987532933216735;0.9984956174424439;0.9996943572374837;1.0;0.9997517023715826;1.0002202700072762;0.9999810549946914;0.999996654227892;1.0;0.9999558148171651;1.024999976158142;
2016-04-12 14:00:00;0.9999939414457958;0.9999288620665021;1.0;0.9999966581418082;0.9999928116394567;1.0;0.9999999999999999;0.9999698262601739;0.9999792454531948;1.0000977854058382;0.9999762664818306;0.9999123105712562;1.0;1.0;0.9999443960674839;0.999948922579865;0.9999501604561196;1.0;1.000138085483638;0.9999953587252797;0.9999950257950023;0.9999444577232615;0.9999497973211658;0.9999995818187025;1.0002219653247715;1.0;0.9999527924836403;1.0000263288140756;0.9995680045457277;0.9996013524519229;1.0;0.9996569071330704;0.9999825208488751;0.9989113657118827;0.9986974288251648;0.9997131606943048;1.0;0.9997717277447445;1.0002099289779085;0.9999848259173573;0.9999972649273335;1.0;0.9999592851208063;1.024999976158142;
2016-04-12 14:15:00;0.9999933335051042;0.999932967284193;1.0;0.9999962421121934;0.9999937642903264;1.0;1.0;0.9999688585504132;0.9999823909623734;1.0000971851676914;0.9999771966174366;0.999912628343126;1.0;1.0;0.9999403167600288;0.9999447192284386;0.9999460839758283;1.0;1.0001371781388495;0.9999960632881496;0.999994056161731;0.9999481290096262;0.9999456720197787;0.9999994962923721;1.000221176124659;0.9999999999999999;0.9999554492717246;1.0000261682423213;0.9995717273711637;0.999607406758862;1.0;0.9996648263259785;0.9999845810298627;0.9989591232332397;0.998751122663467;0.9997045520536275;1.0;0.9997699772933453;1.0002090890644622;0.9999865925474625;0.9999966369983566;1.0;0.9999594583641545;1.024999976158142;
2016-04-12 14:30:00;0.9999913945412992;0.9999089560973625;0.9999999999999999;0.9999948514876855;0.9999907647544878;1.0;1.0;0.9999507532053652;0.9999720951893741;1.0001010921338649;0.9999661107020108;0.9999096151288873;1.0;1.0;0.9999111268634902;0.9999154720985417;0.9999173161092622;1.0;1.0001425794950212;0.9999937535276218;0.9999914185245437;0.9999238992795988;0.9999167406702899;0.9999991935249556;1.0002315282739076;1.0;0.9999343159244843;1.0000272106088839;0.9995729721857881;0.9996090775599248;1.0;0.9996156542778584;0.9999783350706749;0.9987776313193385;0.9985745765715482;0.9996808126486021;1.0;0.9997639954604082;1.0002186055377509;0.9999812596555657;0.9999949734853516;1.0;0.9999581100798445;1.024999976158142;
2016-04-12 14:45:00;0.9999909545382998;0.9999280838897135;1.0;0.9999956469798706;0.9999943111694475;1.0;1.0;0.9999738223392347;0.9999848175661582;1.0000935877645287;0.9999766660994011;0.999931188985629;0.9999999999999999;1.0;0.9999473411077;0.9999524116624716;0.9999536163833909;1.0;1.0001325934942749;0.9999966053808441;0.9999901318135846;0.999945558717912;0.9999531826871798;0.9999997391740634;1.0002174221344442;1.0;0.9999524411418464;1.000025199558508;0.9995725267910722;0.999612931553899;1.0;0.9996567148284864;0.999985363772267;0.9989345966561268;0.9987328708343349;0.9996960921496556;0.9999999999999999;0.9998235216645411;1.000205285459487;0.9999872257750475;0.9999940765196519;1.0;0.9999676878954532;1.024999976158142;
2016-04-12 15:00:00;0.9999915440195485;0.9999109162841652;1.0;0.9999953816178054;0.9999912786223889;0.9999999999999999;1.0;0.9999602336216686;0.9999746239639903;1.0000936103175524;0.9999693249811917;0.9999404709058868;1.0;1.0;0.9999267183116143;0.9999319862182922;0.9999335713661197;1.0;1.0001327651232643;0.9999943194871802;0.9999919912038223;0.9999290389202398;0.9999330757908536;0.9999994615733216;1.000216411208845;0.9999999999999999;0.9999391020523155;1.0000251969761043;0.9995931564206447;0.9996308255661516;1.0;0.9996743657053886;0.9999789150032139;0.9989705556565134;0.9987762193333213;0.9997243422016125;1.0;0.9998008344133026;1.0002042521826258;0.9999817056380803;0.9999953782884258;1.0;0.9999718359859482;1.024999976158142;
2016-04-12 15:15:00;0.9999918981913897;0.9999190249024139;1.0;0.9999957580633977;0.9999918156301849;1.0;1.0;0.999962694454887;0.9999749380408909;1.00009573990933;0.9999702476913583;0.9999467940524146;1.0;1.0;0.9999353102508034;0.9999387776575677;0.9999399942105645;1.0;1.0001346399522866;0.9999943924539184;0.999990565344287;0.9999309328852444;0.999939555146747;0.9999995857971848;1.0002192978916784;1.0;0.9999400837414355;1.000025772381949;0.9995834407158914;0.9996234274330861;1.0;0.999652407606171;0.9999810038779431;0.998946709388286;0.9987515095260696;0.9996748994303063;1.0;0.9998066462933118;1.0002072607668562;0.9999835868599872;0.9999942431893132;1.0;0.9999751239054736;1.024999976158142;
2016-04-12 15:30:00;0.9999853965877542;0.9999036398225151;1.0;0.9999926176503177;0.9999927429195321;0.9999999999999999;1.0;0.9999515691174471;0.9999786529083823;1.0000928193062903;0.9999629987314065;0.9999474250543892;1.0;0.9999999999999999;0.9999084979628258;0.9999126234822306;0.9999144114525641;1.0;1.0001309984628233;0.999995222254665;0.9999805778972966;0.9999178630791642;0.9999136663033003;0.9999993985088058;1.00022149641295;1.0;0.9999261798375696;1.000024981507115;0.9995700057310072;0.9995984551495831;1.0;0.9996490248735035;0.9999825795557022;0.9989046099529679;0.9986830834095131;0.9996932664605549;1.0;0.999793125090945;1.0002084948004244;0.9999848990483007;0.9999878029605945;1.0;0.9999752519225147;1.024999976158142;
2016-04-12 15:45:00;0.9999635270686464;0.9998233052759982;1.0;0.9999835840407549;0.9999901846910627;1.0;1.0;0.9999212147153947;0.9999703336112018;1.0000853679076336;0.999928176194356;0.9999470752406459;1.0;1.0;0.9998521744810633;0.9998568120880039;0.9998591326705946;1.0;1.0001212525587877;0.999993315812818;0.9999436443357567;0.9998392588914946;0.9998576436339632;0.9999996349283999;1.0002348944262154;1.0;0.9998503043799453;1.0000228743461548;0.999590461112277;0.9996212293560871;0.9999999999999999;0.9996805078033448;0.9999769423798546;0.9990047417765402;0.998797897834419;0.9997194047940338;1.0;0.9997925616535376;1.0002188130460694;0.9999800556570044;0.9999636162273349;1.0;0.9999749714545423;1.024999976158142;
2016-04-12 16:00:00;0.9999816545391685;0.9998917699083828;0.9999999999999999;0.9999911005458546;0.9999929605827111;1.0;0.9999999999999999;0.9999498946565734;0.9999803447248218;1.0000905794539214;0.9999594220808322;0.9999482557873455;1.0;1.0;0.9999015839824883;0.9999068294187162;0.9999087918388236;0.9999999999999999;1.0001286030417467;0.9999955904786789;0.9999752238319478;0.9999098201498016;0.9999079211162778;0.9999994547815846;1.0002225764781691;1.0;0.9999181284309554;1.000024363020756;0.99959212474678;0.9996118836217422;1.0;0.9996644324948655;0.9999824426493283;0.9989523876814401;0.9987305056105127;0.9997067484920812;0.9999999999999999;0.9998020058661136;1.0002090142189561;0.9999847206927504;0.9999843899252057;1.0;0.9999753599346404;1.024999976158142;
2016-04-12 16:15:00;0.9999684550648633;0.9998330708896257;0.9999999999999999;0.9999854384470824;0.9999904385085033;1.0;0.9999999999999999;0.9999286225625639;0.9999735711977623;1.0000826928550772;0.9999369128858334;0.9999484890022137;1.0;1.0;0.9998588207706275;0.9998662667031485;0.9998689178832025;0.9999999999999999;1.0001191137816678;0.9999940564726777;0.9999549927978086;0.9998587840944991;0.9998675522382421;0.9999994780441911;1.000224559461577;1.0;0.9998701310544937;1.0000221922120593;0.999618594451864;0.999650353209287;1.0;0.99971235691806;0.9999759591102588;0.9991195096599446;0.9989303100921517;0.9997367256825477;1.0;0.9997975851692862;1.0002092144695527;0.9999790664573861;0.9999713479748055;1.0;0.9999749397643073;1.024999976158142;
2016-04-12 16:30:00;0.9999854584144288;0.9998808178072586;0.9999999999999999;0.9999928825458584;0.9999894209311427;1.0;0.9999999999999999;0.9999495198304558;0.9999686566232011;1.0000843756352373;0.9999571441903531;0.9999674277444613;1.0;1.0;0.9999083948913452;0.9999141429521264;0.999915908052568;1.0;1.000120305454071;0.9999929790925257;0.9999819941345256;0.999900602015067;0.9999152037207295;0.9999995396098854;1.0002048521108426;1.0;0.9999126723126508;1.0000226947731308;0.9996195022976275;0.9996465852030431;0.9999999999999999;0.9997166057492622;0.9999747542159957;0.9991263037661001;0.9989266934379528;0.9997435065623662;0.9999999999999999;0.9999193869071191;1.0001925558766669;0.9999781272465675;0.9999888611461405;1.0;0.9999839052471923;1.024999976158142;
2016-04-12 16:45:00;0.9999920571143263;0.9999177046305788;1.0;0.9999961754865142;0.9999925163254993;1.0;1.0;0.9999738550332663;0.9999798626339499;1.0000860170792818;0.9999751761691307;0.9999672397323875;1.0;1.0;0.9999481428954093;0.9999546130906787;0.9999558797263602;1.0;1.0001229452975147;0.9999954969494784;0.9999933015409987;0.9999400217550668;0.9999554929199461;0.9999997801741727;1.0002008693688762;1.0;0.9999490406746028;1.0000231596966527;0.9995952533701475;0.9996229984716528;1.0;0.9996937098403558;0.9999808518992674;0.9990856567687738;0.9988725925124594;0.9997024104324741;0.9999999999999999;0.9999606915749972;1.0001895351781425;0.9999832969579227;0.9999962830229955;0.9999999999999999;0.999983647876773;1.024999976158142;
2016-04-12 17:00:00;0.9999937669460222;0.9999251198869716;1.0;0.9999964439992941;0.9999922735559335;0.9999999999999999;1.0;0.9999661972457717;0.9999773707275844;1.000086180014245;0.9999744081562628;0.9999744335917196;1.0;1.0;0.9999384476687873;0.9999429361288736;0.9999442813477988;1.0;1.0001220014223418;0.9999949386888424;0.9999948670468823;0.9999405701836237;0.9999438885972133;0.9999995255986109;1.0001969610814447;1.0;0.9999494525285143;1.0000232012491703;0.9996150191982864;0.9996398723714512;1.0;0.9997032971727728;0.9999814153675392;0.9990861695931457;0.9988798597484495;0.9997305281922437;1.0;0.9999650737323074;1.0001860906091096;0.9999838835412624;0.9999971746564237;1.0;0.9999873725907941;1.024999976158142;
2016-04-12 17:15:00;0.9999916840952456;0.999925171358696;0.9999999999999999;0.9999951300775506;0.999993330721051;1.0;1.0;0.9999596056379468;0.9999809047281412;1.0000831482141754;0.9999729076538642;0.9999867426919191;1.0;1.0;0.9999225086160167;0.9999269077488623;0.9999286374084597;0.9999999999999999;1.0001177492608697;0.9999957306205601;0.9999917461426081;0.9999403338089744;0.9999280956872896;0.999999297062638;1.0001925556321614;1.0;0.9999481026664228;1.0000223854758248;0.9996229063040473;0.9996472446056538;1.0;0.9997065438504741;0.9999836715985742;0.9990727484196466;0.998869494599201;0.9997491252314101;1.0;0.9999714252359013;1.00018158605976;0.9999858163124876;0.9999951734925986;1.0;0.9999929573624005;1.024999976158142;
2016-04-12 17:30:00;0.9999916240155419;0.9999224986542932;1.0;0.9999951189743441;0.9999931654917085;1.0;1.0;0.9999603920134347;0.9999809557537214;1.0000817294277895;0.9999730202561143;0.9999869514052313;1.0;1.0;0.9999225390815228;0.9999276698621582;0.9999294660308423;1.0;1.0001162210897032;0.9999957413586393;0.9999923383061958;0.9999401906961906;0.999928922180281;0.9999993054840094;1.0001901968515654;1.0;0.9999482745171713;1.0000220026551176;0.9996462682782541;0.9996717685111065;1.0;0.9997169449174688;0.9999829317885682;0.9991146450748521;0.9989277678269247;0.9997518244132417;1.0;0.9999738067674131;1.0001792671353078;0.999985145240659;0.9999956281038487;1.0;0.999992876968488;1.024999976158142;
2016-04-12 17:45:00;0.99999280742309;0.9999227463619962;1.0;0.9999963792378775;0.9999919974427238;1.0;1.0;0.9999677927776468;0.9999756340233281;1.000082346433434;0.9999725271402558;0.9999835493272016;1.0;1.0;0.9999450610443555;0.9999486045859537;0.9999496261123574;1.0;1.0001161355931365;0.9999945502792577;0.9999918916270085;0.9999349451545985;0.99994925852296;0.9999997184394951;1.0001894780131504;1.0;0.9999439294784584;1.0000221678613495;0.9996343205188436;0.999667340962923;1.0;0.9997341072906997;0.9999813434225578;0.9991368288035227;0.998952970064037;0.9997883207738264;1.0;0.9999670427260653;1.0001790329392308;0.9999838728964788;0.9999950942352895;1.0;0.9999917183750513;1.024999976158142;
2016-04-12 18:00:00;0.9999910227471555;0.9999222759102163;1.0;0.9999953102833647;0.9999930192599555;1.0;0.9999999999999999;0.9999641273783125;0.999979563782002;1.0000822417923103;0.999972113388106;0.9999866161444123;1.0;1.0;0.99993346633811;0.9999375506149814;0.9999389235479063;0.9999999999999999;1.0001163054154234;0.9999954320308951;0.9999897423383048;0.9999363547538133;0.9999384353277406;0.9999995521908087;1.0001916473459969;0.9999999999999999;0.9999443798442244;1.0000221420911029;0.9996686428163881;0.9996822158005679;1.0;0.9996811920624132;0.9999831825398208;0.998942801900037;0.9987533493863443;0.9997613327718831;1.0;0.999974981846013;1.0001807824075046;0.9999854162355977;0.9999937742099411;1.0;0.9999929753685165;1.024999976158142;
2016-04-12 18:15:00;0.999976587795497;0.9998705096871907;0.9999999999999999;0.9999887414803742;0.9999914824580002;0.9999999999999999;1.0;0.9999346128239464;0.9999741566859436;1.0000795472921504;0.9999474759867897;0.9999854873812885;1.0;0.9999999999999999;0.9998778952242616;0.9998817948326293;0.9998839360372352;1.0;1.000112578394391;0.999994202010541;0.9999655518537007;0.9998839362779454;0.9998828510918021;0.9999993714294118;1.0002040422305265;0.9999999999999999;0.9998935094131791;1.0000213740099826;0.9997015901577353;0.999680058633439;1.0;0.9996588598665881;0.999980062662054;0.9988565164324977;0.9986355347838486;0.9997528554987242;1.0;0.9999908604325449;1.0001909020665565;0.9999827606766237;0.9999779518760327;1.0;0.9999925092434165;1.024999976158142;
2016-04-12 18:30:00;0.9999804945757863;0.9998964729314176;1.0;0.9999903553132122;0.9999935340582407;1.0;1.0;0.9999425958220485;0.9999802903232313;1.0000799761401298;0.9999567445593602;0.9999873627762766;1.0;0.9999999999999999;0.9998917248497526;0.9998945812536686;0.9998965266336427;0.9999999999999999;1.0001125081150533;0.9999955819831923;0.999971227299176;0.9999062859356385;0.9998955780179152;0.999999328727203;1.0001989388733712;1.0;0.999913530251644;1.0000215065319633;0.9997198873054126;0.9996981153741187;1.0;0.9996657527855772;0.9999849233169472;0.9988847014889457;0.9986748074580929;0.9997543464666389;1.0;0.9999920672329303;1.0001865698825259;0.9999869682385059;0.9999815750653944;1.0;0.9999936060349255;1.024999976158142;
2016-04-12 18:45:00;0.9999677068788384;0.9998519526291906;1.0;0.9999848270017582;0.999992880589389;0.9999999999999999;0.9999999999999999;0.9999248775819506;0.9999793031767615;1.0000750932947362;0.9999386240702408;0.9999884651777813;1.0;1.0;0.9998534820810724;0.9998578113191868;0.9998603823359832;1.0;1.0001067644863055;0.9999953355791895;0.9999510532572392;0.9998668215107673;0.9998589514307483;0.9999993321225508;1.0002063046148477;0.9999999999999999;0.9998750250145197;1.0000201380613982;0.9997228936075007;0.9997007921592863;1.0;0.9996799071467309;0.9999827681709864;0.9989344612708312;0.9987254252635099;0.9997629710567768;1.0;0.9999904792909121;1.0001919930718695;0.9999850471326998;0.9999685088793704;1.0;0.9999937525123396;1.024999976158142;
2016-04-12 19:00:00;0.9999894960300028;0.9999113677175043;1.0;0.9999934602465775;0.9999917428635063;1.0;1.0;0.9999404892955853;0.9999744102961432;1.0000828158106174;0.9999634703797948;0.9999908123384348;1.0;0.9999999999999999;0.9998910231435403;0.9998941308409756;0.9998963424468935;0.9999999999999999;1.0001165686319693;0.9999942688494575;0.9999877044915391;0.9999220479962592;0.9998956053892021;0.999998903370525;1.000192956193498;1.0;0.9999312140470397;1.0000222789843909;0.9997021539679396;0.9996945641101824;1.0;0.9996953432572494;0.9999810523708507;0.9989825737362334;0.9987813724969081;0.9997765817972438;0.9999999999999999;0.9999908604325449;1.00018168066974;0.9999836464849978;0.9999924928502693;1.0;0.999995105148188;1.024999976158142;
2016-04-12 19:15:00;0.9999904676413826;0.9999249128793565;1.0;0.9999931999732072;0.9999936737494809;1.0;1.0;0.9999371019356318;0.9999811835846931;1.0000822246223846;0.9999678876019147;0.9999920994119121;0.9999999999999999;0.9999999999999999;0.9998784218471424;0.9998817552030036;0.9998844670401686;0.9999999999999999;1.0001158621501387;0.9999957905173774;0.9999903872028837;0.9999363892341239;0.9998836505637951;0.9999985271418022;1.0001898884231382;1.0;0.999943594091129;1.0000221280191774;0.9997014552090183;0.9996885471691094;1.0;0.999701692322003;0.9999849651368614;0.9989942138763482;0.9987840103621011;0.9997877008723045;1.0;0.9999900664615026;1.00017869927379;0.9999869779863411;0.9999943504484867;1.0;0.9999956329751856;1.024999976158142;
2016-04-12 19:30:00;0.9999839214266681;0.9998833657778144;0.9999999999999999;0.9999866199458272;0.9999906385359743;1.0;1.0;0.9998680374274542;0.9999714833381428;1.000084127592017;0.9999434451869249;0.9999934234842811;1.0;1.0;0.9997425538367775;0.9997466884181324;0.9997525181495693;1.0;1.0001191440174346;0.9999936031633924;0.9999847505491929;0.999897586142345;0.9997508357066461;0.9999964745379734;1.0001997824105104;1.0;0.999908089441485;1.0000225771782683;0.9997599129855567;0.9997266318480817;1.0;0.9997023530077356;0.9999781807279221;0.9990034895011606;0.9988003664956863;0.9997833695490934;1.0;0.9999920672329303;1.0001864371034765;0.9999811393497146;0.9999911959314692;1.0;0.9999960399396237;1.024999976158142;
2016-04-12 19:45:00;0.9999838426755481;0.9998490751330479;1.0;0.9999907452205504;0.9999867048786482;1.0;0.9999999999999999;0.9999271611081608;0.9999634557687589;1.0000777516046953;0.9999488992380041;0.999990418424478;1.0;0.9999999999999999;0.9998561748249586;0.9998668026530744;0.9998702022998134;1.0;1.0001141004771517;0.9999918021460045;0.9999857974733991;0.9998856171115644;0.9998691858815597;0.9999987578154053;1.0001953805591821;1.0;0.9999014422813938;1.0000208855777708;0.99977488555802;0.9997348812169617;1.0;0.9996820638869522;0.9999664499284195;0.9989152841363711;0.9987121205641694;0.9997824249839945;0.9999999999999999;0.999990479290912;1.0001825614161337;0.9999707714460407;0.9999920012338868;1.0;0.9999931310452455;1.024999976158142;
2016-04-12 20:00:00;0.9999827585651698;0.9998797732010666;1.0;0.9999913782265566;0.9999908050361648;0.9999999999999999;1.0;0.9999451010710777;0.999973926484428;1.000078013884423;0.9999563307039366;0.9999922245761024;1.0;1.0;0.9998942094321553;0.9999005715222213;0.9999027513786848;1.0;1.0001118992286193;0.9999941482363218;0.9999784440078714;0.9999016512345478;0.9999018884951717;0.9999993595166138;1.000194825844903;1.0;0.9999124143608971;1.0000209678677132;0.9997733871119567;0.9997264175357866;0.9999999999999999;0.9996600591104856;0.9999773376757651;0.9988169210505164;0.9986026396904013;0.9997832188120587;1.0;0.9999916544037752;1.000182575393264;0.9999802990112598;0.9999866376093643;0.9999999999999999;0.9999949662312626;1.024999976158142;
2016-04-12 20:15:00;0.9999890011039877;0.9998946415196032;1.0;0.9999934349246188;0.999989833093871;1.0;0.9999999999999999;0.9999407486879451;0.999969510022604;1.000080700591592;0.9999602625191809;0.9999929167007743;1.0;1.0;0.9998911126189065;0.9998961768905476;0.9998984635036728;1.0;1.0001148238046158;0.9999931678414993;0.9999885514284058;0.9999120397204343;0.9998977346446727;0.9999990096465462;1.000190901119638;1.0;0.9999235570660091;1.0000217009733559;0.9997773514919938;0.999717207660884;1.0;0.9996714510417003;0.999975999395897;0.9988479553465762;0.9986156570890994;0.9997962989014093;1.0;0.9999908604325449;1.0001795186206597;0.9999792256663563;0.9999932108274827;1.0;0.999995589000383;1.024999976158142;
2016-04-12 20:30:00;0.99997943483644;0.9998759215250156;0.9999999999999999;0.9999812300509443;0.999992582846441;1.0;1.0;0.9998193828247265;0.9999795955321983;1.0000845143948927;0.9999348745956463;0.999992484221276;1.0;1.0;0.9996330420522598;0.99963892834789;0.9996476912441404;1.0;1.000120803911459;0.9999954174740544;0.99998308590719;0.9998962133692684;0.9996452597123693;0.9999945762541788;1.000204601134165;0.9999999999999999;0.9999050446621454;1.0000226489869979;0.9998287797217078;0.9997607703262444;1.0;0.9996462224685185;0.9999813041043775;0.9987478709812226;0.9985379000344804;0.9997886110346024;1.0;0.9999916544037754;1.0001895654293032;0.9999837143113366;0.9999906953082919;1.0;0.9999951968476471;1.024999976158142;
2016-04-12 20:45:00;0.999982835988903;0.9998764759640463;1.0;0.9999895268341805;0.9999904489138437;1.0;1.0;0.9999172717947638;0.999972708286546;1.0000782071443903;0.9999510921004632;0.9999928160723065;1.0;1.0;0.9998379687924733;0.9998443365237166;0.9998479286104727;0.9999999999999999;1.00011218176044;0.9999938812427989;0.9999808936536737;0.9998984299761764;0.9998467537575902;0.9999983232793647;1.0001932915445075;1.0;0.9999095657166042;1.000021016010734;0.9998736847478692;0.9997837017035321;1.0;0.9996379256276731;0.9999765759360013;0.9987222354131629;0.9985083611515659;0.9997811371773637;1.0;0.999990860432545;1.00018070108464;0.9999796498142194;0.9999884705464607;1.0;0.9999952321413764;1.024999976158142;
2016-04-12 21:00:00;0.99997963936957;0.999885258502972;1.0;0.9999842203902446;0.9999935182847003;1.0;1.0;0.9998622588538844;0.9999822464518996;1.000077657994199;0.9999436733587864;0.9999928689237643;1.0;1.0;0.9997203939630989;0.9997256319467381;0.9997321652147445;1.0;1.0001108142431596;0.9999960164575336;0.9999791969464102;0.9999033103444531;0.9997302203939166;0.9999961647174577;1.0001914983703444;1.0;0.9999110443819518;1.0000208448440493;0.999888157366609;0.999801357765859;1.0;0.9996989147317487;0.9999836114626661;0.9989526705418916;0.9987513693131388;0.9998075760527807;1.0;0.9999904792909119;1.0001778607547596;0.9999857200065632;0.9999877318994825;1.0;0.9999955257055904;1.024999976158142;
2016-04-12 21:15:00;0.9999806528278284;0.9998685466400166;1.0;0.999985456130157;0.9999899802428189;1.0;0.9999999999999999;0.9998661290071277;0.9999698011680352;1.000078422022792;0.9999384503398062;0.9999930044234256;1.0;1.0;0.9997386123838958;0.9997434180471615;0.9997492603393703;1.0;1.0001116690325604;0.9999932208304225;0.9999795652290618;0.9998850787341248;0.9997474927636231;0.9999966110966092;1.0001924868777479;1.0;0.9998963950852212;1.0000210311460234;0.9998892411291801;0.999805327408914;1.0;0.9997160560663669;0.9999764430098331;0.9990235069981896;0.998826967023963;0.9998108862837435;0.9999999999999999;0.9999908604325448;1.0001791205323092;0.9999796187068171;0.9999878369328281;1.0;0.9999956902351311;1.024999976158142;
2016-04-12 21:30:00;0.9999845796813093;0.9998818851528127;0.9999999999999999;0.9999912445472625;0.9999900937259288;1.0;1.0;0.9999314631469133;0.9999707666625761;1.0000743929783087;0.9999542992821807;0.9999917387996277;1.0;0.9999999999999999;0.999870377935605;0.9998758614943232;0.9998785746153303;1.0;1.0001063581068892;0.9999934476377664;0.9999818030547406;0.9999008057755299;0.9998776289049343;0.9999988532793543;1.0001830148291875;1.0;0.9999121443886605;1.0000199953208717;0.9998907952117106;0.9998109283803637;1.0;0.9997245105968546;0.9999763108180681;0.9990527191863661;0.9988631232202543;0.9998164172721797;1.0;0.9999908604325449;1.0001714198719562;0.9999794702784018;0.9999888650668768;1.0;0.9999949564519728;1.024999976158142;
2016-04-12 21:45:00;0.9999867707172305;0.9998902219539146;1.0;0.9999918366586329;0.9999901206464016;1.0;1.0;0.9999284134579247;0.9999701003500473;1.0000767300873417;0.9999559331391022;0.9999932768680916;1.0;1.0;0.9998664225199144;0.9998710155928008;0.9998738148340782;1.0;1.000109058828417;0.9999933013159202;0.9999850859211379;0.9999060328026499;0.9998728970829691;0.999998659155639;1.000184159780176;1.0;0.99991716396259;1.0000206274279366;0.9998736950136563;0.9997926116164061;1.0;0.9997094170394497;0.9999768489936751;0.9989942993490476;0.9987919742200371;0.9998107973783275;1.0;0.9999916544037751;1.000172760061145;0.999979977386687;0.9999909756737623;1.0;0.9999958642935213;1.024999976158142;
2016-04-12 22:00:00;0.9999857893647257;0.9998828824950928;1.0;0.9999915959550826;0.9999896817004955;1.0;1.0;0.9999300037946237;0.9999693929226476;1.0000749194238345;0.999954720789256;0.9999931177510396;1.0;1.0;0.9998681747575314;0.9998737382231587;0.9998765354664827;1.0;1.0001071407469975;0.999993141779352;0.9999841468576504;0.9999020154841091;0.99987560845043;0.9999987606202362;1.0001825463304457;0.9999999999999999;0.9999137790906977;1.000020135076296;0.9999040346583902;0.9998230307478714;1.0;0.9997212554295789;0.9999754026033488;0.9990331325499652;0.9988503868700814;0.9998199353287589;1.0;0.9999912732606054;1.000171058690409;0.99997869059465;0.9999904270901024;1.0;0.9999955606209926;1.024999976158142;
2016-04-12 22:15:00;0.9999825689934143;0.9998654372200297;1.0;0.9999901276291591;0.99998865234252;1.0;1.0;0.9999228769294901;0.9999665414461923;1.0000745870137024;0.9999482177091114;0.9999923321469351;0.9999999999999999;1.0;0.9998541487944683;0.9998604976231497;0.9998635555614626;1.0;1.0001071761498626;0.9999924990364454;0.999979557378447;0.9998873183612275;0.9998624920202949;0.9999987189175519;1.000186581897238;1.0;0.9999003056820803;1.0000200343866283;0.9998767274616746;0.9997992475851317;1.0;0.9997172324274881;0.9999728194682326;0.9990152888039442;0.9988201894446025;0.9998200016253364;1.0;0.9999908604325449;1.0001744440371043;0.9999764425793959;0.9999875066347808;1.0;0.9999950179568351;1.024999976158142;
2016-04-12 22:30:00;0.9999754439693745;0.9998071546973253;0.9999999999999999;0.9999871943521805;0.9999840927902336;0.9999999999999999;1.0;0.9999114999950077;0.9999552400245103;1.00007149795643;0.9999320658097526;0.9999901803932462;0.9999999999999999;1.0;0.9998287648986913;0.9998402290079894;0.9998439509378212;1.0;1.0001061065139492;0.9999899334235415;0.9999723675676279;0.9998465857428815;0.9998426372274055;0.9999988111907485;1.0001938770683434;1.0;0.9998652765634488;1.0000191388862505;0.9998997438433208;0.999816207774111;1.0;0.999719221493096;0.999960528888108;0.9990272641069627;0.998838017995241;0.9998178278342074;0.9999999999999999;0.9999920672329304;1.0001801009193008;0.9999656684534565;0.9999832811398408;0.9999999999999999;0.9999928236561064;1.024999976158142;
2016-04-12 22:45:00;0.9999812452687271;0.9998325823081401;1.0;0.9999896687163269;0.9999836745198801;1.0;1.0;0.9999103978230617;0.9999492726244049;1.0000744524009877;0.9999348793930533;0.9999924791072191;1.0;0.9999999999999999;0.9998423402499382;0.999848351791475;0.9998513201469732;1.0;1.0001069057166854;0.9999886096429496;0.9999769371514954;0.9998533072261667;0.9998502355859044;0.9999987940337113;1.0001881669537227;1.0;0.9998713925135502;1.0000199542704034;0.9999062030365867;0.9998278201566523;1.0;0.9997436649038146;0.9999625834245681;0.9991223096370957;0.998944563241796;0.999826604889974;1.0;0.9999900664615023;1.0001758407347237;0.999967715680958;0.9999857516204358;0.9999999999999999;0.9999951649175136;1.024999976158142;
2016-04-12 23:00:00;0.9999897423273217;0.9998324833578894;1.0;0.9999941867039849;0.9999787928842843;1.0;1.0;0.999921255927323;0.999931297522246;1.000079871871682;0.9999362920114754;0.9999933489263116;1.0;0.9999999999999999;0.9998812689400609;0.9998856967316919;0.9998875160366373;1.0;1.0001135195444093;0.999984562527765;0.9999888421277962;0.9998477147227315;0.9998869100327978;0.9999992746925489;1.0001887600140744;1.0;0.9998705613523339;1.0000213941849743;0.9999017683151877;0.9998198540003985;0.9999999999999999;0.9997495326869987;0.9999532330628128;0.9991368804898036;0.9989507448628269;0.9998343238588144;0.9999999999999999;0.9999916544037751;1.000177677388542;0.9999598105283223;0.9999933019410651;1.0;0.999995936351928;1.024999976158142;
2016-04-12 23:15:00;0.999987813721506;0.9998938170719059;1.0;0.9999932128356862;0.9999900806193118;0.9999999999999999;1.0;0.9999429515437348;0.9999698941688656;1.0000730159670517;0.9999594128806503;0.9999933985564023;0.9999999999999999;1.0;0.9998965566876025;0.9999010639771321;0.999903122851975;1.0;1.0001038479234612;0.9999932568927664;0.9999856266839257;0.9999093395531271;0.9999023983395212;0.9999991670906792;1.000175619825057;1.0;0.9999204971672963;1.0000196336131948;0.9999071630250222;0.9998316055003499;1.0;0.9997705865715618;0.9999768110707206;0.9992203744701251;0.9990470142902615;0.9998407796894804;1.0;0.999990860432545;1.0001649672603306;0.9999799496325491;0.9999912084970853;1.0;0.9999959398140633;1.024999976158142;
2016-04-12 23:30:00;0.9999843786188622;0.9998823853553878;1.0;0.9999921738872716;0.9999900685444795;1.0;0.9999999999999999;0.9999451583612352;0.9999704082145958;1.0000706228523055;0.9999561222887446;0.999992547361585;1.0;0.9999999999999999;0.9998993284372056;0.9999045227690686;0.9999064582246582;1.0;1.0001009331625643;0.9999933747634782;0.9999799065905859;0.9999002933601542;0.9999056728151844;0.9999994078392298;1.0001757992333344;0.9999999999999999;0.9999115886673812;1.0000189923755565;0.9998974179995206;0.9998156447122654;1.0;0.9997689045568324;0.9999764033895443;0.9992100884457399;0.9990209273981446;0.9998427335200476;0.9999999999999999;0.9999916544037751;1.0001647933558897;0.9999795662766496;0.9999874732226423;1.0;0.999995391015542;1.024999976158142;
2016-04-12 23:45:00;0.9999868881622777;0.9998899477075613;1.0;0.9999935231535575;0.9999898700047828;1.0;1.0;0.9999515178535437;0.9999693460251646;1.000071740968329;0.9999594847378308;0.9999928096206625;1.0;0.9999999999999999;0.9999141895006698;0.9999188943132501;0.9999204788898491;1.0;1.0001022022441557;0.9999931295742628;0.9999833809941319;0.999906118192738;0.9999198368564886;0.9999995576441416;1.0001749152336648;1.0;0.9999175319212895;1.000019289102836;0.9999065541277027;0.9998308158517235;1.0;0.9997803857070046;0.9999762723617451;0.9992597325984512;0.9990855416918051;0.9998434478699244;1.0;0.9999920672329303;1.0001643344137081;0.9999794776937131;0.9999896727097969;1.0;0.9999956264751886;1.024999976158142;
2016-04-13 00:00:00;0.999975172229229;0.999837138121727;1.0;0.9999887881839145;0.9999882288141871;1.0;1.0;0.9999412075476246;0.999967219864224;1.00006385336341;0.9999432112133295;0.9999914461877419;1.0;1.0;0.9998862206499735;0.9998950956755679;0.9998973147149843;1.0;1.0000938010966443;0.9999926450265773;0.9999671483215282;0.9998676860031348;0.99989627113743;0.9999997306976077;1.0001765918701073;0.9999999999999999;0.999881603300683;1.0000171483594869;0.9999140904070096;0.9998393843499692;1.0;0.9997906275462668;0.9999705853204863;0.9992931864446013;0.999125339560274;0.9998514732041358;1.0;0.9999912732606052;1.0001643042274975;0.9999743974043225;0.9999794207730497;1.0;0.9999940142564803;1.024999976158142;
2016-04-13 00:15:00;0.9999882517558885;0.9998720017645777;1.0;0.9999943734202273;0.9999875325538128;1.0;1.0;0.9999573339344241;0.9999646764676224;1.000069589110753;0.9999595430202649;0.9999913377665678;1.0;1.0;0.9999211320785487;0.999929819781965;0.9999315675745079;1.0;1.000101584179222;0.9999920850851741;0.9999892425209694;0.9999019002912829;0.9999310081916374;0.9999997020883434;1.0001720819652926;1.0;0.999916502905012;1.0000187105014018;0.9999066945466366;0.9998343764523238;1.0;0.9998086946787879;0.9999692271917949;0.9993618935866722;0.9991925097939175;0.9998590131206867;1.0;0.9999924483761709;1.000161463709143;0.9999732477056722;0.9999938599017472;1.0;0.9999940100619572;1.024999976158142;
2016-04-13 00:30:00;0.9999876626511289;0.999857462115488;1.0;0.9999935871711604;0.9999859368572086;1.0;1.0;0.9999470988817915;0.9999604097515898;1.000069565262395;0.9999548235422198;0.999990817187293;1.0;1.0;0.9999003277650527;0.9999104437111317;0.9999127565677408;1.0;1.0001024222775263;0.999991126951675;0.9999902981761664;0.9998922727629872;0.9999120832194097;0.9999994118179224;1.0001734933503947;0.9999999999999999;0.9999088009960257;1.0000186955231825;0.9999137299812374;0.9998402480423756;1.0;0.9998093816880395;0.9999651145400122;0.9993694017534847;0.9992028787339879;0.9998559661309457;1.0;0.9999908604325448;1.0001624810621936;0.9999696586007911;0.9999947538431252;1.0;0.9999934336358164;1.024999976158142;
2016-04-13 00:45:00;0.9999874874589795;0.9998652661851702;1.0;0.9999935509287037;0.9999875664590276;1.0;1.0;0.9999522116329647;0.9999665582732165;1.0000670832889536;0.9999589600468081;0.9999903684332437;1.0;1.0;0.9999047485227816;0.9999155482234476;0.9999179168533675;1.0;1.0000993623036438;0.9999925085553363;0.9999905899739042;0.9999024633506883;0.999917238301248;0.9999994293882557;1.0001688575011312;1.0;0.9999174417356841;1.0000180380754191;0.9999233863411296;0.9998557643238549;0.9999999999999999;0.9998257660937093;0.9999681574979472;0.9994238794907031;0.9992722685476206;0.9998681379073395;1.0;0.9999912732606052;1.00015800031937;0.9999722216238162;0.99999500612592;1.0;0.9999930675261575;1.024999976158142;
2016-04-13 01:00:00;0.9999904306557128;0.999895744774204;1.0;0.9999954387140787;0.9999902151368182;1.0;1.0;0.999967905706001;0.9999733968750333;1.0000663605023818;0.9999687588220145;0.9999914018127507;1.0;1.0;0.9999372619875395;0.9999454313951806;0.9999469577979637;1.0;1.000096765328687;0.9999940454556692;0.9999922505403426;0.9999238360833715;0.9999464999080856;0.9999997663503875;1.0001619140168396;1.0;0.9999355531811176;1.0000178565771274;0.9999519185050448;0.9999018179947391;1.0;0.9998513937007931;0.9999751230953757;0.9995266226832289;0.9994200678049319;0.9998752419402195;1.0;0.9999916544037751;1.000152114627557;0.9999783119326777;0.9999957638079423;1.0;0.9999941628178121;1.024999976158142;
2016-04-13 01:15:00;0.9999925345380845;0.9999247953496204;1.0;0.9999963824844756;0.9999935394778081;0.9999999999999999;1.0;0.9999774798209069;0.9999836008208093;1.0000665842236671;0.9999785148704364;0.9999924086841522;1.0;0.9999999999999999;0.9999520875132284;0.9999588666434027;0.9999601475152405;1.0;1.0000962238418503;0.9999963335660799;0.9999944059388669;0.9999481201271282;0.9999597774840401;0.9999997833783315;1.0001585451200432;1.0;0.9999561277060328;1.000017926617927;0.9999330036346948;0.9998917965035761;1.0;0.9998552889851321;0.999982831799268;0.9995420515581516;0.9994365309786415;0.999876448010536;1.0;0.999990860432545;1.0001492868112443;0.999984971202129;0.9999970356334932;1.0;0.9999949499392976;1.024999976158142;
2016-04-13 01:30:00;0.9999932999152039;0.9999320859266172;1.0;0.999996564805377;0.999994109836308;1.0;1.0;0.9999766832512439;0.9999848678296781;1.0000676890686817;0.9999799638257282;0.9999927635135649;1.0;0.9999999999999999;0.999951197578415;0.9999571624298261;0.999958440641757;1.0;1.000097269551986;0.9999966170560861;0.9999950973296848;0.999952592177185;0.9999580775367962;0.9999997024262723;1.0001591415690736;1.0;0.9999598496390258;1.0000182244695952;0.999924384793743;0.9998812036706477;1.0;0.9998500745170686;0.9999844664624157;0.9995192670697166;0.9994051186614697;0.9998762773180283;1.0;0.9999920672329301;1.0001499839635506;0.999986410789856;0.9999974270429477;1.0;0.999995304769612;1.024999976158142;
2016-04-13 01:45:00;0.9999930646258408;0.9999295555513468;1.0;0.9999961237935194;0.9999940143191173;1.0;1.0;0.9999719283418149;0.9999849538475316;1.0000656875507552;0.999978977104845;0.9999921802320804;1.0;1.0;0.9999403107854853;0.9999467749292034;0.9999483700706702;1.0;1.000094792978205;0.9999966376768379;0.9999955962614853;0.9999517968646318;0.9999479393331975;0.9999995152379445;1.0001551734895675;1.0;0.9999592490268002;1.0000176861554757;0.9999578439525462;0.9999256022254335;1.0;0.9998744208914082;0.9999839926678049;0.9996142098480776;0.9995384282488972;0.9998848485352121;1.0;0.9999916544037752;1.0001460598989969;0.9999859800649155;0.9999978439743552;1.0;0.9999949218871191;1.024999976158142;
2016-04-13 02:00:00;0.9999916143832779;0.9999261974022906;0.9999999999999999;0.9999954592394308;0.9999942611145535;1.0;1.0;0.9999702701877609;0.9999860268112409;1.0000637329113142;0.9999776593456475;0.9999921111223244;0.9999999999999999;1.0;0.9999355638275101;0.9999423080928799;0.9999440162300343;1.0;1.0000922577601539;0.9999968760780542;0.9999934554596619;0.9999493761478169;0.9999435232385103;0.9999994937449679;1.0001530002550223;1.0;0.9999566225144585;1.0000171580534036;0.9999863072566458;0.9999588063874061;1.0;0.9998966717060049;0.9999843617718039;0.9996977619422392;0.9996477381715158;0.9998948754323349;1.0;0.9999916544037751;1.000143795616928;0.999986279936794;0.9999964733946131;1.0;0.9999948237476836;1.024999976158142;
2016-04-13 02:15:00;0.999990816312209;0.9999157906307627;1.0;0.999995223329514;0.9999932887690093;0.9999999999999999;1.0;0.9999699054917197;0.999983634506626;1.0000630498660978;0.9999753627812359;0.9999917524613311;1.0;1.0;0.9999342918215306;0.9999421495593325;0.9999439216798948;1.0;1.0000919791620477;0.9999963392649253;0.9999930539689541;0.9999427981238389;0.999943413151598;0.9999995539144693;1.0001535871396163;1.0;0.999951266813443;1.000016971738443;0.9999948790075891;0.9999625112769036;1.0;0.999896184524157;0.9999817273083108;0.9996969954253099;0.9996452335517959;0.9998939279492265;1.0;0.9999924483761711;1.0001441816483652;0.9999839699083208;0.9999963034354827;1.0;0.9999943957283468;1.024999976158142;
2016-04-13 02:30:00;0.9999929987975515;0.9999310612892452;1.0;0.9999965823441328;0.9999941391458179;1.0;1.0;0.999978742819953;0.9999851446072214;1.000064167696266;0.9999801298347426;0.9999923049214974;1.0;1.0;0.9999547778087512;0.9999609559055784;0.9999621569745311;1.0;1.0000925218593595;0.9999966784441551;0.9999946118382184;0.9999522891654554;0.9999618064173196;0.9999997833508929;1.0001522451147675;1.0;0.9999595558402873;1.0000172757607515;0.9999933695117186;0.999964186714686;1.0;0.9998959195217196;0.9999844147854597;0.9996953799871875;0.9996474542192348;0.9998942348369;1.0;0.9999908604325449;1.0001434008955057;0.999986355013847;0.9999971120300076;1.0;0.9999950465768779;1.024999976158142;
2016-04-13 02:45:00;0.99999493397739;0.9999468742629792;1.0;0.9999970362169907;0.9999952705272727;1.0;1.0;0.9999763353447698;0.9999875492247332;1.0000650641610265;0.9999832557147977;0.9999931940519232;1.0;1.0;0.9999516470092334;0.999956075112521;0.999957306872517;1.0;1.0000927173543017;0.9999972192824199;0.9999966606818812;0.9999621073704427;0.9999569716666534;0.999999573621632;1.0001498738485477;1.0;0.9999678661156244;1.0000175199093733;1.0000019277313021;0.9999726131802177;0.9999999999999999;0.9998993933542818;0.9999877202063006;0.9997079800769278;0.9996654636323677;0.9998961034121214;1.0;0.9999908604325448;1.000141443107464;0.9999892728321567;0.9999983325444709;1.0;0.9999958663522728;1.024999976158142;
2016-04-13 03:00:00;0.9999965738385111;0.9999591478676116;0.9999999999999999;0.9999981564183055;0.9999959821418317;1.0;0.9999999999999999;0.9999843633001783;0.9999888204646168;1.0000655202127573;0.9999871682671823;0.9999932545451378;0.9999999999999999;1.0;0.9999700211347882;0.9999730686491464;0.9999737870491774;1.0;1.0000925250842663;0.9999975047654964;0.9999975945169814;0.9999696110904952;0.9999735868037164;0.9999998004004748;1.0001480500340938;0.9999999999999999;0.9999743616391794;1.0000176443536546;0.9999985361698958;0.9999732145058959;1.0;0.9999042984508051;0.9999899532962411;0.9997283511028572;0.9996896254053755;0.9998969846179602;1.0;0.9999916544037752;1.0001401129616567;0.9999912541722634;0.9999987612033764;1.0;0.9999962234038323;1.024999976158142;
2016-04-13 03:15:00;0.9999959330817934;0.9999712267358815;1.0;0.9999977254526359;0.999997809730718;1.0;1.0;0.9999834434545299;0.9999937876716335;1.0000655089454746;0.9999890221112888;0.999994099637388;1.0;1.0;0.9999676700800527;0.9999691808765722;0.9999698811483194;1.0;1.0000915968917878;0.9999986151060084;0.9999952015512906;0.9999764167411713;0.9999696352841604;0.9999997148803778;1.0001474254393474;1.0;0.9999789792051916;1.0000176416198903;1.0000057235852902;0.9999803215523339;1.0;0.9999046193777692;0.9999946061697962;0.9997271525126393;0.9996930429933062;0.99989877132573;1.0;0.999990479290912;1.000139560652231;0.9999953109193145;0.9999970631887158;1.0;0.9999969723412372;1.024999976158142;
2016-04-13 03:30:00;0.9999950969062875;0.9999594564896083;1.0;0.9999968011813962;0.9999968033569028;1.0;1.0;0.9999736588731437;0.9999915235925129;1.000065275819256;0.9999852131570072;0.9999937789777049;0.9999999999999999;1.0;0.9999463508748412;0.9999492677871222;0.9999505703609987;1.0;1.000092110191998;0.999998108660347;0.9999958414097085;0.9999694874225112;0.9999501938716981;0.9999994052682776;1.0001485626335573;1.0;0.9999733648467922;1.0000175782192664;0.9999983348110717;0.9999734818899593;1.0;0.9999038738153926;0.9999917424185744;0.9997271068812925;0.9996889661119291;0.9998965524870548;1.0;0.9999920672329304;1.0001402914060087;0.999992789491647;0.9999976872872379;1.0;0.9999964916075883;1.024999976158142;
2016-04-13 03:45:00;0.9999954135258141;0.9999605940370392;0.9999999999999999;0.9999971065404593;0.999996968949281;0.9999999999999999;1.0;0.9999776123685327;0.9999924563426329;1.0000650208542425;0.9999867726281523;0.9999936626750119;1.0;1.0;0.9999528224778634;0.999956175175738;0.9999573827891147;1.0;1.000092014782575;0.9999983174439426;0.9999965933721351;0.999972143734658;0.9999570453339481;0.9999994978901647;1.0001481416764562;1.0;0.9999759360378518;1.0000175099135689;0.9999960893119536;0.9999656521205929;1.0;0.9999037333008037;0.999991852401086;0.9997254813747165;0.9996773897564415;0.9998972388331488;1.0;0.9999916544037754;1.0001399209475705;0.999992860433036;0.9999982003278509;1.0;0.9999963349766141;1.024999976158142;
2016-04-13 04:00:00;0.9999969296418593;0.9999721865583531;1.0;0.9999983029057132;0.9999976493648399;1.0;1.0;0.9999874437516726;0.9999937068786269;1.0000656664209684;0.9999908277101186;0.9999941463768575;1.0;1.0;0.9999746982024501;0.9999767720613351;0.9999773821989897;1.0;1.000092148088689;0.9999985979252245;0.9999972570510682;0.9999793284699982;0.9999771969865994;0.9999997959161198;1.0001471080710094;1.0;0.9999821656394295;1.0000176843682642;0.9999885563769555;0.9999614348857441;1.0;0.9998967936599736;0.9999939634793725;0.9996993224502028;0.9996513518403412;0.9998941801413168;0.9999999999999999;0.9999908604325449;1.000139347259842;0.9999947323594346;0.999998447224397;1.0;0.9999968590077376;1.024999976158142;
2016-04-13 04:15:00;0.9999970692831844;0.9999752137924981;1.0;0.999998170853816;0.9999978786771166;1.0;1.0;0.9999844442619276;0.9999939320859796;1.0000657519012037;0.9999905949787532;0.9999938830401779;1.0;1.0;0.9999697946598484;0.9999711971924388;0.9999718781334704;1.0;1.0000918681263902;0.9999986482477964;0.9999970792156297;0.9999800433247031;0.9999716679703188;0.999999690351062;1.0001463652942095;1.0;0.9999825141124243;1.0000177073849734;0.9999932441857794;0.9999647614219209;1.0;0.9999010052117481;0.9999948061765428;0.9997166722462086;0.9996697061570807;0.9998950290251468;1.0;0.9999920672329304;1.0001386780848953;0.9999954879185277;0.9999982899681951;1.0;0.9999969002985668;1.024999976158142;
2016-04-13 04:30:00;0.999996574295652;0.9999691121835671;1.0;0.9999983054699315;0.9999972319458491;1.0;1.0;0.9999878310078706;0.999992103436644;1.0000651271066427;0.9999895459604731;0.9999945030941377;1.0;1.0;0.9999771638439845;0.999979024417729;0.9999795095181219;1.0;1.000091274852875;0.9999982397271624;0.9999962547955416;0.9999755322091419;0.9999793374137959;0.9999998814514697;1.0001463762677265;1.0;0.9999787623350956;1.0000175391206734;0.9999910406885503;0.9999662504977644;1.0;0.9999042413998545;0.9999932022969952;0.9997244730941403;0.9996815965337021;0.9998994539097256;1.0;0.9999912732606052;1.0001386668745256;0.9999940938241936;0.9999977516662821;1.0;0.9999970711707264;1.024999976158142;
2016-04-13 04:45:00;0.999995498210078;0.9999607269159652;0.9999999999999999;0.999996754619264;0.9999966515967861;1.0;1.0;0.9999699389122603;0.9999905242099655;1.000065812910729;0.99998446154837;0.9999938899463977;1.0;1.0;0.9999406482500323;0.9999429956106735;0.9999443867625771;1.0;1.0000925161471872;0.9999978859356404;0.9999962405038467;0.9999688077083377;0.999943991174798;0.9999992847635768;1.0001485235332155;1.0;0.9999727312801201;1.0000177227504536;0.9999941723707085;0.9999647741027468;1.0;0.9999081122869616;0.9999917268245182;0.999742387869631;0.9996945960880949;0.9998989001509441;1.0;0.9999900664615023;1.000140304368101;0.9999928072147926;0.9999979202355428;1.0;0.9999966777744275;1.024999976158142;
2016-04-13 05:00:00;0.9999961674958413;0.9999701258778344;1.0;0.9999974940455151;0.9999976069860805;1.0;1.0;0.9999787732784187;0.9999932508257818;1.0000660056557134;0.9999882384166672;0.999994698850899;0.9999999999999999;1.0;0.9999580745568539;0.9999597762982242;0.9999607376774993;1.0;1.0000923977981846;0.9999984953731336;0.9999961938469603;0.9999759657416062;0.9999604445501689;0.999999532271496;1.0001480118214894;1.0;0.9999787733936132;1.0000177754306072;0.9999949699796313;0.9999699619933734;0.9999999999999999;0.9999039502279018;0.9999940788129346;0.9997337985208989;0.9996932450652878;0.9998922282017855;1.0;0.999990860432545;1.000140053183472;0.9999948502606899;0.9999977734820292;0.9999999999999999;0.999997197570417;1.024999976158142;
2016-04-13 05:15:00;0.9999977395033504;0.9999764917732323;0.9999999999999999;0.9999985123290547;0.9999977866148138;1.0;1.0;0.9999861300625014;0.9999937084528436;1.000066347583182;0.9999915309464084;0.999994201540903;0.9999999999999999;1.0;0.9999731745254302;0.9999746853302662;0.9999753111386932;1.0;1.0000927571243512;0.9999985981206372;0.9999982594518494;0.9999816818058488;0.9999751352352511;0.9999997195044965;1.0001469434825827;1.0;0.999984268374126;1.0000178677866585;0.9999936177821622;0.9999661930533812;1.0;0.9999051276836163;0.9999945577750325;0.999732684751003;0.999687590051253;0.9998965524251768;1.0;0.9999812050178774;1.0001393033055312;0.9999952695971722;0.9999990667935937;0.9999999999999999;0.9999970183993501;1.024999976158142;
2016-04-13 05:30:00;0.9999974364416437;0.9999760843598295;0.9999999999999999;0.9999986087380117;0.9999978949496116;1.0;1.0;0.9999893953838661;0.9999941947070762;1.0000660619771657;0.9999920052748774;0.9999936999749012;0.9999999999999999;1.0;0.9999792048000669;0.9999808586521803;0.9999813422531298;1.0;1.0000924467991559;0.9999987071620484;0.9999976023275376;0.9999817810409973;0.9999811917026282;0.9999998438861545;1.0001470661349379;1.0;0.9999842823656855;1.0000177907845869;0.9999892253680869;0.9999652503912815;1.0;0.9998991693292432;0.9999947033374297;0.9997122233265971;0.9996695422496318;0.9998925721068572;0.9999999999999999;0.9999781349565524;1.0001394224250995;0.9999953868584347;0.9999986222397158;1.0;0.9999967575443955;1.024999976158142;
2016-04-13 05:45:00;0.9999928000261691;0.9999439783561008;1.0;0.9999960828137233;0.9999959637778463;0.9999999999999999;1.0;0.9999748393413118;0.9999901911712109;1.0000647885724092;0.9999820550425134;0.999992923371239;1.0;1.0;0.9999459505361579;0.9999507093463657;0.9999520861304837;1.0;1.0000925301165824;0.9999978103096081;0.9999933930953748;0.9999603687333016;0.9999516618808857;0.9999995541410992;1.0001522251978994;1.0;0.9999654721774313;1.0000174463900342;0.99994291798051;0.9999382905789062;1.0;0.9999057444777093;0.9999889886728369;0.9997406863238021;0.9996968201184742;0.9998929643193358;1.0;0.9999789286078814;1.0001434060377183;0.9999903393343192;0.9999962276343968;1.0;0.999995665028315;1.024999976158142;
2016-04-13 06:00:00;0.9999942391701291;0.9999495196598833;1.0;0.9999967462459955;0.9999960975959599;1.0;0.9999999999999999;0.9999776285864928;0.9999904755699087;1.000066898302182;0.9999843313460185;0.9999929306209964;0.9999999999999999;1.0;0.9999518549809082;0.9999564038542126;0.9999576691273764;1.0;1.000095325705663;0.9999978741023111;0.9999955818500021;0.9999651876458914;0.9999573080281385;0.9999995781180038;1.0001548271103455;1.0;0.9999701130767105;1.0000180148175801;0.9999269058329895;0.9999316931007678;0.9999999999999999;0.9998858071107044;0.9999893829895405;0.9996772456200188;0.999637443755044;0.9998762114605609;1.0;0.9999778693928602;1.000146069737182;0.9999906872477053;0.999997634952956;1.0;0.9999957184463517;1.024999976158142;
2016-04-13 06:15:00;0.9999937932284505;0.9999404915064765;1.0;0.9999963815623749;0.9999951571464433;1.0;0.9999999999999999;0.9999736745776941;0.999988090047978;1.000070655217081;0.9999818704903775;0.9999928079004169;1.0;1.0;0.9999434486283001;0.9999489966901932;0.999950509923846;0.9999999999999999;1.0001011243963704;0.9999973391513031;0.9999960118175123;0.9999595518911606;0.9999501007195708;0.9999994841465835;1.000164161632852;1.0;0.9999656391691091;1.0000190249713086;0.9998837420142478;0.9999065234640013;1.0;0.9998270716136943;0.9999868822773332;0.9994605714624665;0.9994207782243114;0.9998471424803778;1.0;0.9999833533108801;1.0001547680671308;0.9999884968796593;0.9999980349364124;1.0;0.999995424354149;1.024999976158142;
2016-04-13 06:30:00;0.9999909026738352;0.9999128976244885;1.0;0.9999957122247836;0.9999932232021096;1.0;1.0;0.9999784011800017;0.9999846183000319;1.000066253118403;0.9999774459889341;0.9999793808744579;1.0;1.0;0.9999479505921947;0.9999572363318812;0.9999588159494148;1.0;1.000097251381636;0.999996561236678;0.9999940233309599;0.9999448952749062;0.9999583806956003;0.9999997996261848;1.0001620011268026;1.0;0.9999537190165927;1.0000178379480726;0.9998909244994731;0.9999115215624819;0.9999999999999999;0.9998618386070162;0.9999808142138203;0.99957420996906;0.9995351614275638;0.9998743252080418;1.0;0.999990479290912;1.000152161515807;0.9999831145748709;0.9999970202022318;0.9999999999999999;0.9999884630478468;1.024999976158142;
2016-04-13 06:45:00;0.9999896421934219;0.9999079918565735;1.0;0.9999949243235761;0.9999930551820404;0.9999999999999999;1.0;0.9999727587751955;0.9999840623585007;1.000066364577967;0.9999747484732457;0.9999756328337673;1.0;1.0;0.9999367788026067;0.9999460932811095;0.9999479034700137;1.0;1.000097431640325;0.9999964349638374;0.9999922168178319;0.999940059689015;0.9999473807455964;0.9999996653056027;1.0001636449155415;1.0;0.9999490584097702;1.0000178647501234;0.9999017215849884;0.9999104212056886;0.9999999999999999;0.9998754673376088;0.9999804496403314;0.999629883408406;0.9995798630342494;0.9998774673956723;1.0;0.9999805392078106;1.0001535281450942;0.999982801225496;0.9999958700459536;1.0;0.9999867621222569;1.024999976158142;
2016-04-13 07:00:00;0.9999938907068255;0.9999524598635768;0.9999999999999999;0.9999966819141747;0.9999965895286109;1.0;1.0;0.9999789203221948;0.9999917902548539;1.0000724585362832;0.9999848958990837;0.9999761767137453;0.9999999999999999;1.0;0.9999544417481895;0.9999585614577339;0.9999597315381263;1.0;1.0001027692390538;0.9999981673139822;0.9999944683232131;0.9999666077549312;0.9999593727979292;0.9999996235634326;1.000167017644741;1.0;0.9999709340293425;1.0000195121583593;0.9998390868910737;0.999863417446318;1.0;0.9998454995146424;0.9999906486460204;0.999549806260478;0.9994832927366096;0.9998419491404081;0.9999999999999999;0.999983715040105;1.0001576904698462;0.9999917906930067;0.9999968536455331;0.9999999999999999;0.9999882485216661;1.024999976158142;
2016-04-13 07:15:00;0.9999908666571757;0.9998812636916682;1.0;0.9999943650279449;0.9999870455309823;1.0;1.0;0.9999401934057913;0.9999609248143309;1.00008016418727;0.9999574993719941;0.9999731712537595;1.0;1.0;0.9998940404136731;0.9999002148764548;0.9999024450461412;1.0;1.000114758619826;0.9999912415541866;0.9999926602546122;0.9999024913323672;0.9999018070831788;0.9999990794086878;1.0001884532867877;1.0;0.9999171180660005;1.0000215495148117;0.9997379407367089;0.9998078011640922;0.9999999999999999;0.9998458340159219;0.9999695689592628;0.9995609770580994;0.9994989276411371;0.9998358164905372;1.0;0.9998946448873929;1.00017731434159;0.9999736728471382;0.9999959982718805;1.0;0.9999863993409609;1.024999976158142;
2016-04-13 07:30:00;0.9999933504051807;0.999914239784653;0.9999999999999999;0.9999948836941286;0.999990651623112;1.0;1.0;0.999941210035548;0.9999714166830781;1.0000815822343485;0.9999663742054347;0.9999674377176262;0.9999999999999999;1.0;0.9998927602713329;0.999896742625184;0.9998990797205684;1.0;1.0001153672798553;0.9999936023401484;0.9999953877779042;0.9999279563144424;0.9998984453296119;0.999998769237663;1.0001858333274385;1.0;0.9999384272187244;1.0000219514420123;0.9997287715697353;0.9997976422653331;1.0;0.9998405451860696;0.9999782945057993;0.9995345469630786;0.999465352200553;0.9998380333545064;1.0;0.9998871709443418;1.0001751937966386;0.9999812443158386;0.9999976370377819;1.0;0.9999843314222303;1.024999976158142;
2016-04-13 07:45:00;0.999990853015475;0.9999032865598021;1.0;0.999992859610893;0.9999907054047424;0.9999999999999999;1.0;0.9999264260216387;0.9999729191720865;1.000082366589382;0.9999619601450361;0.9999612101397429;0.9999999999999999;0.9999999999999999;0.9998579878355182;0.9998635605007609;0.9998668670534733;1.0;1.000117407277793;0.9999939388643257;0.9999938546844174;0.9999224951586344;0.9998659748950297;0.9999982470684654;1.0001910890994696;1.0;0.9999332140986373;1.0000221589529317;0.9997179987153293;0.9997929238689236;1.0;0.9998372334684443;0.9999775436100188;0.9995419582912883;0.9994759243550468;0.9998233608486987;1.0;0.9998547541168475;1.0001795534346725;0.9999805188522857;0.9999969000353706;1.0;0.9999811368484786;1.024999976158142;
2016-04-13 08:00:00;0.9999727657762545;0.9997397883643908;0.9999999999999999;0.9999863884046635;0.9999792006990413;0.9999999999999999;1.0;0.9999221796870112;0.999951012431788;1.0000704021295925;0.9999290543073707;0.9999460121889374;1.0;1.0;0.9998222421912227;0.9998486728597683;0.9998537910424927;0.9999999999999999;1.0001134628039992;0.9999889739923473;0.999981916485218;0.9998307222148001;0.9998523844843945;0.9999989912946896;1.0002075288162935;1.0;0.999857363791696;1.0000188476259266;0.9997397386834759;0.9998077371679583;1.0;0.9998150677484284;0.9999422274354318;0.9994680648831807;0.9994066951619146;0.9998072279512188;1.0;0.9998508136983182;1.000191438485424;0.9999492353340473;0.9999909347894452;0.9999999999999999;0.99996928606985;1.024999976158142;
2016-04-13 08:15:00;0.9999893724453397;0.9999050732525152;1.0;0.9999939744342915;0.9999921557474611;1.0;1.0;0.9999553887955219;0.9999793440714749;1.0000818459955878;0.9999687243930101;0.9999362332422236;1.0;1.0;0.9999089287622097;0.9999162477897958;0.999918483566851;1.0;1.0001176893281576;0.9999953795623575;0.9999908558450247;0.9999303551776515;0.9999178192027774;0.9999991987398179;1.0001949588607837;1.0;0.9999399159596635;1.0000220309231171;0.999714217365145;0.9997938917714889;1.0;0.9998204568428365;0.9999796336606738;0.9994912585837407;0.9994318650740305;0.9998080867501178;1.0;0.999843097838891;1.000183299596644;0.999982211732729;0.9999948886375997;0.9999999999999999;0.9999694308071025;1.024999976158142;
2016-04-13 08:30:00;0.9999908298792796;0.9999111824778216;1.0;0.9999934122777765;0.9999918771602677;0.9999999999999999;1.0;0.9999369022562041;0.9999767146254817;1.0000860585900175;0.9999658315145865;0.9999373644908133;1.0;1.0;0.9998771498106171;0.9998824777930133;0.9998853415456732;1.0;1.0001223566324147;0.9999947889565785;0.999992876434478;0.9999295223774433;0.999884541845941;0.9999985476044023;1.0001994045371696;1.0;0.9999389760097606;1.0000231594871032;0.9997039497732405;0.9997858219548147;1.0;0.9998203034421974;0.9999801321860883;0.9995156468086749;0.9994536447984175;0.9997912611829468;1.0;0.9998331696542667;1.0001876151820095;0.9999827426809066;0.999996167435596;1.0;0.9999704175434793;1.024999976158142;
2016-04-13 08:45:00;0.9999851790931081;0.9999077222937935;1.0;0.9999842749924442;0.9999944599744293;1.0;0.9999999999999999;0.9998377571133794;0.9999846528058479;1.0000985765523311;0.9999473155913795;0.9999364242347645;0.9999999999999999;1.0;0.9996701482554557;0.9996744125303534;0.9996823805105919;0.9999999999999999;1.0001391683111356;0.9999965618369641;0.9999905100336398;0.9999224530857357;0.9996802600912026;0.9999948688205665;1.0002263721932614;0.9999999999999999;0.9999290282688631;1.0000264877510314;0.9995887882412833;0.9996220458538125;1.0;0.9997094153149598;0.9999861033208699;0.999103082748759;0.9988975985649146;0.9997391745940406;1.0;0.9998449505086119;1.0002112368043867;0.9999879013311548;0.9999953315996822;1.0;0.9999702463905629;1.024999976158142;
2016-04-13 09:00:00;0.9999886781935708;0.9999186875514467;1.0;0.9999910386502588;0.999994109503833;1.0;1.0;0.9999175433342914;0.9999837743452832;1.000093542001194;0.9999641333038914;0.9999311709471039;1.0;0.9999999999999999;0.9998335840260131;0.9998382438719364;0.9998422023078578;1.0;1.000132324900111;0.9999963692135901;0.9999903447933329;0.9999347146976815;0.9998410823886346;0.9999977494534538;1.0002163030251334;0.9999999999999999;0.9999417202030837;1.0000251733046097;0.9996381319076375;0.9996986628234518;1.0;0.9997167352355525;0.9999851640873809;0.9991583027098921;0.9990265908532823;0.9997239462935786;0.9999999999999999;0.9998346569405419;1.0002031989898343;0.9999870769356074;0.9999946212106837;0.9999999999999999;0.9999677776982234;1.024999976158142;
2016-04-13 09:15:00;0.9999932886332195;0.999929615153551;1.0;0.9999954260664787;0.9999929414338329;1.0;1.0;0.9999536985319343;0.9999786330101904;1.0000917777843665;0.9999724663396771;0.9999323716032452;1.0;1.0;0.9999143630761299;0.9999176552188408;0.999919506384647;1.0;1.0001290376457879;0.9999952242705146;0.9999938851801027;0.9999409469250822;0.9999189628980204;0.9999990675476507;1.0002078435626884;1.0;0.9999488976591664;1.000024710313085;0.9996051111476199;0.9996563477993482;1.0;0.9997336443960559;0.9999834484938659;0.9991804322221639;0.9990111237339759;0.9997591471296489;1.0;0.9998516074442084;1.0001963278973367;0.9999856854575933;0.9999965144776306;1.0;0.9999686470814622;1.024999976158142;
2016-04-13 09:30:00;0.9999833311970641;0.9998388260269963;1.0;0.9999917895420553;0.9999865888550815;1.0;1.0;0.9999502051918789;0.9999666480108674;1.0000871396144884;0.9999540901543285;0.9999203038807124;0.9999999999999999;1.0;0.9998919790908027;0.9999068984999624;0.9999098277423126;1.0;1.0001295805250427;0.9999925223367289;0.9999875047378826;0.9998901809158194;0.9999089840824106;0.9999994272790201;1.0002208888938846;1.0;0.9999069596261759;1.0000234372098094;0.9995774044453994;0.9996117914033604;1.0;0.9997094471889908;0.9999638923346577;0.9990925016960293;0.9988816485825733;0.9997466412944771;1.0;0.999834929149437;1.0002066608298867;0.9999683580341391;0.9999933775536974;0.9999999999999999;0.9999604159225881;1.024999976158142;
2016-04-13 09:45:00;0.9999817052573786;0.9997996310070387;1.0;0.9999907297845868;0.9999817065008846;1.0;1.0;0.9999347291221763;0.9999519746661539;1.000087116781748;0.9999414101864281;0.9999180883494196;1.0;1.0;0.9998663211658826;0.9998836127694901;0.9998870944697814;1.0;1.0001310503662055;0.9999892188188585;0.9999875580845469;0.9998592243565093;0.999886130807873;0.9999992396522326;1.0002247937733701;0.9999999999999999;0.999881533754988;1.000023396119362;0.9996058267725552;0.999640971596769;1.0;0.9997162290278119;0.9999523886529775;0.9991159266340712;0.9989241784172564;0.9997510599646398;0.9999999999999999;0.9998353418539326;1.0002098700340187;0.9999584047929434;0.9999936874897074;1.0;0.999958847940015;1.024999976158142;
2016-04-13 10:00:00;0.9999893802197605;0.9998464723675895;1.0;0.9999943413288488;0.999982946264008;1.0;1.0;0.9999412782086222;0.9999494090454958;1.0000983032353008;0.999949512279451;0.9999017286865898;1.0;1.0;0.9998987361233179;0.9999078653004075;0.9999099906903082;1.0;1.000141639764668;0.9999886547890321;0.999992276988147;0.99987796451612;0.9999093921937211;0.9999993976350934;1.000232594051658;1.0;0.9998974234801266;1.0000264282332088;0.9995910192291334;0.9996231808212176;1.0;0.999678052371628;0.9999593863985817;0.9990459284671604;0.9988451346224306;0.9996853237838467;1.0;0.9998343689695819;1.0002190041809764;0.9999648177809204;0.9999959574002483;0.9999999999999999;0.9999534030979174;1.024999976158142;
2016-04-13 10:15:00;0.9999686376692671;0.9995865823033389;1.0;0.9999849316341305;0.9999548115849823;1.0;1.0;0.9998652337159465;0.9998669572512809;1.0000926952749136;0.9998683641517491;0.9999013349738788;1.0;1.0;0.9997705971583158;0.9997961453374287;0.9998008662044663;1.0;1.000144841435217;0.9999698837421164;0.9999744506779119;0.9996744684217688;0.9997994515429688;0.9999992660404902;1.0002638114453422;0.9999999999999999;0.9997261563440027;1.0000244608834767;0.9996236138288412;0.9996547594316358;0.9999999999999999;0.9996641927115464;0.9998916072629764;0.9989388975488757;0.9987562887746853;0.999715826653272;1.0;0.999836929287693;1.0002444786601232;0.9999060407168595;0.9999859821296514;1.0;0.9999493033503798;1.024999976158142;
2016-04-13 10:30:00;0.9999745204390875;0.9997271179698859;1.0;0.9999881825178555;0.9999700741744566;1.0;1.0;0.9998948516712263;0.9999054764801845;1.000097123110957;0.9999003896538128;0.9999127608959685;0.9999999999999999;1.0;0.9998369274848325;0.9998461170211649;0.9998485016689133;1.0;1.000140640367978;0.9999786781606954;0.9999672571986833;0.999758746103175;0.999847432761764;0.9999996009933305;1.000251109435122;0.9999999999999999;0.9997915141595348;1.0000258840551146;0.9995932685668034;0.9996236148928604;1.0;0.999650165256077;0.999932394502934;0.9988618892694466;0.9986580326320027;0.9997257120832712;1.0;0.9998510665885106;1.0002349118824854;0.9999417556793586;0.9999795762221649;1.0;0.9999583748906175;1.024999976158142;
2016-04-13 10:45:00;0.9999884962701687;0.9998984542890598;1.0;0.9999940597327218;0.9999905287030737;0.9999999999999999;1.0;0.9999532747506322;0.9999716282597524;1.0000962979852146;0.999962914543791;0.9999193369282747;1.0;1.0;0.9999159287029296;0.9999206716218011;0.999922316045896;0.9999999999999999;1.0001361976509597;0.9999936439865865;0.9999863316338236;0.9999147704552195;0.9999217083296702;0.999999450277461;1.000225705126931;1.0;0.9999255106034147;1.0000259121487722;0.9995768871249223;0.9995981992232554;1.0;0.9996439922630274;0.9999776287380013;0.9988498652413613;0.9986221152841546;0.9997154097173601;1.0;0.9998464095503254;1.0002128050873522;0.9999806346731892;0.9999916259637048;1.0;0.9999624091896023;1.024999976158142;
2016-04-13 11:00:00;0.9999845208133196;0.9998841078927356;0.9999999999999999;0.999991947856792;0.9999901601729125;1.0;1.0;0.9999410002525556;0.9999703972083676;1.00009779537653;0.9999555979069549;0.9999024416809849;1.0;1.0;0.9998917178798615;0.9998964987699255;0.9998985942602098;1.0;1.000138324613709;0.9999933628053046;0.9999801327371007;0.9999005693328603;0.999897770308544;0.9999992240960157;1.0002337350087707;1.0;0.9999116957853357;1.0000263035946744;0.9995676284761462;0.9996213194507496;1.0;0.9996487541623253;0.9999768310030497;0.9989110676888553;0.9987286141756228;0.99968890555404;1.0;0.9998447907368003;1.0002199078428755;0.9999799517575282;0.9999876129008216;1.0;0.9999547637546816;1.024999976158142;
2016-04-13 11:15:00;0.9999927409119223;0.9999246780887175;1.0;0.999995713576692;0.9999925928184719;1.0;1.0;0.9999606875390603;0.9999780781805411;1.0000980104441797;0.9999726621979789;0.9999189884537846;1.0;1.0;0.999927646183754;0.9999316635081684;0.9999332141329418;1.0;1.0001381017280666;0.9999950964266389;0.999993023461398;0.9999385411341891;0.9999327361189854;0.9999993507133069;1.000223144285172;1.0;0.9999470078685997;1.0000263868707657;0.9995398562456237;0.9995911507373799;0.9999999999999999;0.9996484116653606;0.9999823351145397;0.9989004286108358;0.9986950226793129;0.9996945278738358;1.0;0.9998530578799043;1.0002108717419054;0.9999846946564352;0.9999959557207662;1.0;0.9999624249823249;1.024999976158142;
2016-04-13 11:30:00;0.9999921313098323;0.9999349760966735;0.9999999999999999;0.9999958761974278;0.9999943513916972;1.0;1.0;0.9999692188094284;0.9999835675937585;1.000094321489979;0.9999764794628824;0.9999170167543621;1.0;1.0;0.99994230620208;0.9999457159610523;0.9999469135994946;0.9999999999999999;1.0001326223185703;0.9999963273981534;0.9999908591513834;0.9999467436617923;0.9999464832715319;0.9999995807840375;1.000215854676465;1.0;0.9999532648700635;1.000025397729796;0.9995984228801783;0.9996487452236503;1.0;0.9996653199623828;0.9999863397802142;0.9989209326817627;0.9987500371137251;0.9997311032025195;1.0;0.9998441567727717;1.0002040222862614;0.9999881485769682;0.9999944280955673;1.0;0.9999616789122396;1.024999976158142;
2016-04-13 11:45:00;0.999992280074394;0.9999326790907382;1.0;0.9999953330396809;0.9999942752709114;1.0;1.0;0.9999619682107588;0.999984108558119;1.0000973673507352;0.999975830140568;0.9999083231034416;0.9999999999999999;1.0;0.9999249426406495;0.9999293260229718;0.9999310725595457;1.0;1.0001374179865838;0.9999964485129937;0.9999928035948031;0.9999477681405579;0.9999305440151722;0.9999992438576584;1.0002224274894753;1.0;0.9999545492577324;1.0000262177617727;0.9995642517458916;0.9996162148800077;1.0;0.9996496170292928;0.999985656987976;0.9988922775943535;0.9987041368273262;0.9997039482790713;1.0;0.9998451714606679;1.0002100647677508;0.9999875132212205;0.999995870138045;1.0;0.9999575170464925;1.024999976158142;
2016-04-13 12:00:00;0.9999909395568085;0.999913253256328;1.0;0.9999953907653236;0.9999920269977537;1.0;1.0;0.9999651979674119;0.9999773189077132;1.000095289431251;0.9999709333002748;0.9999077561262097;0.9999999999999999;1.0;0.9999345101471949;0.9999399428931249;0.9999413716146628;1.0;1.0001351702234729;0.9999949285646649;0.9999907737309881;0.9999320321952918;0.9999408951395194;0.9999995930543736;1.0002211758570732;1.0;0.9999413577794913;1.0000256555522946;0.9995915070458083;0.9996278673167334;1.0;0.9996669322037997;0.9999803765451928;0.9989516976556156;0.9987565524964643;0.9997155458142342;1.0;0.9998316526071126;1.0002087647850115;0.9999829475406485;0.9999945613724812;0.9999999999999999;0.9999570101906821;1.024999976158142;
2016-04-13 12:15:00;0.9999899979767936;0.9999001549182357;1.0;0.999995193851919;0.9999891930261692;1.0;1.0;0.9999557219827365;0.9999650287883238;1.0000994325006098;0.9999612118821533;0.9999082644257493;1.0;1.0;0.9999310126839083;0.9999333252546645;0.9999342937464463;1.0;1.0001391025032822;0.9999921653597079;0.9999859415264789;0.9999080890878819;0.9999338330008171;0.9999997146773083;1.000229082761536;1.0;0.9999197403953256;1.000026753127034;0.9996048729692324;0.9996390935999532;1.0;0.9996401385113703;0.9999761396047351;0.9988418379167106;0.9986535119046522;0.9997099481874312;1.0;0.9998260966282427;1.0002165250827062;0.9999794925600246;0.9999910764529213;1.0;0.9999579850133228;1.024999976158142;
2016-04-13 12:30:00;0.9999928811700057;0.9999074899838423;1.0;0.999996698474989;0.9999893717443783;1.0;1.0;0.9999656732367493;0.9999666250391082;1.0000995671018595;0.9999671258115068;0.999906036209658;1.0;1.0;0.9999476595290173;0.9999511394812285;0.999951928602797;1.0;1.0001399555222807;0.9999925278491026;0.9999916281938669;0.9999194721678762;0.9999516150220258;0.9999998560227586;1.000226851513579;1.0;0.9999311717832374;1.0000267991500238;0.9995884351179072;0.9996144825714214;1.0;0.9996391678557864;0.9999758856980601;0.9988363468927656;0.9986250858522507;0.999710772197461;0.9999999999999999;0.999827354019598;1.0002146707711488;0.9999792133771193;0.9999948825165924;0.9999999999999999;0.9999566991438178;1.024999976158142;
2016-04-13 12:45:00;0.9999913568384288;0.9998709827434452;1.0;0.9999951641781458;0.9999848968818739;1.0;1.0;0.9999433680675502;0.9999532042706554;1.0001034879518014;0.999954166976834;0.9999157451997391;1.0;1.0;0.9999072919266196;0.9999130144713531;0.9999147430827808;1.0;1.0001467578731966;0.9999895150586245;0.9999923349362156;0.9998906958489826;0.9999142221535766;0.9999993847944997;1.0002383257395286;1.0;0.9999074638419396;1.000027838950211;0.9995795078719336;0.9996016892063653;1.0;0.9995499136668966;0.9999653040232661;0.9985063767891939;0.998288404377729;0.9996674745779163;0.9999999999999999;0.9998151188114232;1.0002250044936054;0.9999700550111951;0.9999956708287431;1.0;0.9999605518446747;1.024999976158142;
2016-04-13 13:00:00;0.999991290174038;0.9998893351005675;1.0;0.9999952110154473;0.9999880329326936;1.0;0.9999999999999999;0.9999520472313566;0.9999640230982133;1.0001014595026803;0.9999616365352507;0.9999048812988333;1.0;1.0;0.9999167012562378;0.9999225413009978;0.9999242342093441;1.0;1.0001439871470599;0.9999919448690451;0.9999922078215008;0.9999094840233312;0.9999237198737587;0.9999994158863729;1.0002341197180096;1.0;0.9999230301644179;1.0000273048631165;0.9995593655235818;0.9995903101940823;1.0;0.9995931072443406;0.9999718048155178;0.9986765530801084;0.9984570330081413;0.9996814615856796;1.0;0.9998237981753684;1.0002210047533664;0.999975602237528;0.9999955872524635;1.0;0.9999556135211481;1.024999976158142;
2016-04-13 13:15:00;0.9999928132117235;0.9999115343832655;1.0;0.9999959229293598;0.9999909683423419;1.0;1.0;0.9999620745646076;0.9999740524877849;1.0000989268707194;0.9999707894776539;0.9999142257697101;1.0;1.0;0.999929572066281;0.999935441026837;0.9999370467313397;1.0;1.0001404680096773;0.9999941971273345;0.9999947240867605;0.9999317540611629;0.9999365953817246;0.9999994465075852;1.0002267287094344;1.0;0.9999422520558702;1.0000266341660096;0.9995671857390707;0.9996039723556426;0.9999999999999999;0.9996144770291586;0.9999779309937232;0.9987538466753826;0.9985463896796865;0.9996927458693909;1.0;0.9998193435750121;1.000214152346136;0.999980834478717;0.9999972268558642;0.9999999999999999;0.9999598301566571;1.024999976158142;
2016-04-13 13:30:00;0.9999943415224585;0.9999381890768531;1.0;0.9999968794318637;0.9999937442198944;1.0;1.0;0.9999716339013731;0.9999814259614777;1.0000972881500725;0.9999782493372806;0.9999111920749565;1.0;1.0;0.999948949568572;0.999952289738284;0.999953354903938;1.0;1.0001366884118674;0.999995848191663;0.9999944870536206;0.9999496641269255;0.9999530182713586;0.9999996071647644;1.0002194411563368;1.0;0.9999567945593472;1.000026196679458;0.9995873985135038;0.9996243365473794;0.9999999999999999;0.9996660126854501;0.9999851123116122;0.9989452841130747;0.9987482533113246;0.999717113389211;0.9999999999999999;0.999820390152375;1.0002076969019038;0.9999871029779956;0.9999967935031804;1.0;0.9999590628793698;1.024999976158142;
2016-04-13 13:45:00;0.9999895752691823;0.9998713367803269;0.9999999999999999;0.9999943104050575;0.9999863530415556;0.9999999999999999;1.0;0.9999452808469361;0.9999594415844619;1.0000972699954311;0.9999560277688302;0.999914823246298;1.0;1.0;0.9999033815052073;0.9999106150548943;0.9999126322477814;1.0;1.000139045594149;0.999990911807062;0.9999908717505769;0.9998962515388112;0.9999120240649619;0.9999993350996758;1.000228330280397;1.0;0.999911801883415;1.0000261648051225;0.9995994549896234;0.9996230066993603;1.0;0.9996584688996241;0.9999675400746771;0.9989083477796709;0.9986995119889852;0.9997197992500556;1.0;0.9997793301743635;1.000215131438354;0.9999718842726759;0.9999948665054601;1.0;0.9999597742891401;1.024999976158142;
2016-04-13 14:00:00;0.9999925430005108;0.9998669809645444;1.0;0.9999959618400084;0.9999831222083023;1.0;0.9999999999999999;0.9999429905072624;0.9999459581002508;1.0001013865443935;0.9999513133754898;0.9999132015374871;1.0;1.0;0.9999149668417407;0.9999192642573629;0.9999205771271249;0.9999999999999999;1.0001430314681785;0.999987885347507;0.9999926438130562;0.9998817806067467;0.9999201568997825;0.9999995455998796;1.0002314796903815;1.0;0.9999001142576244;1.0000272619625572;0.9996068122376521;0.999627338226896;1.0;0.9996271782693749;0.9999623589893639;0.9987792380092129;0.9985714613578613;0.999713452512396;0.9999999999999999;0.9998179862928541;1.000218817008424;0.9999676148654515;0.9999957028958771;1.0;0.9999597424983041;1.024999976158142;
2016-04-13 14:15:00;0.99998975225306;0.9998971623250305;1.0;0.999994606716453;0.9999902806045351;0.9999999999999999;1.0;0.9999567886862161;0.9999721268094579;1.0000952027869745;0.9999652358848484;0.9999177074284147;1.0;1.0;0.9999192688155774;0.9999256208083409;0.9999273861522188;1.0;1.0001356142472095;0.9999937632935597;0.999990001113529;0.9999191211640291;0.9999268190327542;0.9999994504807002;1.000223027067193;1.0;0.9999304379117566;1.0000256253244162;0.9995665343991098;0.9996035345002856;1.0;0.99965854155631;0.9999762250599025;0.9988945050161973;0.998683727162696;0.9997289167193002;1.0;0.9998162707521276;1.0002102440497058;0.9999793520981103;0.999994177755518;0.9999999999999999;0.9999612884484906;1.024999976158142;
2016-04-13 14:30:00;0.9999894574742314;0.999912757611044;1.0;0.999994269865767;0.9999927515900648;0.9999999999999999;1.0;0.9999581496362565;0.999979922770252;1.000094983160236;0.999969597906797;0.9999222540911634;1.0;1.0;0.9999177922364013;0.9999233940763127;0.9999252568187184;1.0;1.0001348535152863;0.9999955082691655;0.9999890166054554;0.9999320367188244;0.9999246439072366;0.9999993348393189;1.0002220569178064;1.0;0.9999406324180727;1.0000255706727943;0.9995812260397876;0.9996188115061615;1.0;0.9996637700631208;0.9999818124824842;0.9989521708722314;0.9987523560534741;0.9997056306466717;1.0;0.9998123216706462;1.0002093164749912;0.9999841637789735;0.9999934882483587;1.0;0.9999635225781385;1.024999976158142;
2016-04-13 14:45:00;0.9999931743333049;0.9999104779755252;1.0;0.9999963383195982;0.9999903097711128;1.0;1.0;0.999963616447407;0.9999711351510865;1.0000988369959196;0.9999697573775268;0.9999231584678002;1.0;1.0;0.9999366827518018;0.9999417341708583;0.9999430425927706;0.9999999999999999;1.0001398669700745;0.9999935409554107;0.9999942355377567;0.9999278796068446;0.9999426525361478;0.9999995949922879;1.000225682094621;1.0;0.999938908551817;1.0000266066740722;0.9995353642252455;0.9995901082913159;0.9999999999999999;0.9996465845378348;0.9999769995052348;0.998900842948975;0.9986985503951342;0.9996888827957292;1.0;0.9998337261641674;1.0002133319961624;0.9999800814708022;0.9999967986725932;1.0;0.9999640628099079;1.024999976158142;
2016-04-13 15:00:00;0.9999926682110993;0.9999325301294326;0.9999999999999999;0.9999964618163933;0.999993936179114;0.9999999999999999;0.9999999999999999;0.9999754312610799;0.9999829055281406;1.0000937822730203;0.9999778067539915;0.9999286149115397;1.0;0.9999999999999999;0.9999536124487692;0.99995793228321;0.9999589357079616;0.9999999999999999;1.0001324162927523;0.9999961784425078;0.9999922209590546;0.9999474024915503;0.9999585826485268;0.9999997807413957;1.0002151162975272;1.0;0.9999545264449128;1.0000252523298758;0.9995540185048827;0.9996102607389935;1.0;0.9996875094751471;0.9999849845493337;0.9990004983858145;0.9988089531521622;0.9997434737157934;1.0;0.9998047715961511;1.0002033699437403;0.9999869417565467;0.9999953649658309;1.0;0.9999667037407602;1.024999976158142;
2016-04-13 15:15:00;0.9999906987602538;0.9999223167909078;0.9999999999999999;0.9999957286658174;0.9999933588449548;1.0;1.0;0.9999735026229639;0.9999813150289567;1.0000897733528948;0.9999743093817278;0.9999427944737558;1.0;0.9999999999999999;0.999949949682735;0.99995472759385;0.9999557657045963;1.0;1.0001271433298156;0.9999958214308439;0.9999891823607262;0.9999387797012537;0.9999553560460839;0.9999998494853056;1.0002094705830498;1.0;0.9999465907039601;1.0000241705986246;0.9995808135012431;0.9996200672879704;0.9999999999999999;0.9997244771041885;0.9999835260601171;0.9991364852362499;0.9989339365121109;0.9997616502431864;1.0;0.9997699529615242;1.0001977618437325;0.9999856717800157;0.9999934039302195;1.0;0.9999730032378141;1.024999976158142;
2016-04-13 15:30:00;0.999985903911041;0.9998893394660362;1.0;0.9999930011512933;0.9999910816870444;1.0;0.9999999999999999;0.999954937721141;0.9999754280099595;1.0000876328862338;0.9999624174436397;0.9999447114381779;1.0;1.0;0.9999116821863426;0.9999187183437488;0.9999206591759658;1.0;1.0001255540663072;0.9999944979003985;0.9999840673446465;0.9999136065924648;0.9999199535518775;0.9999994897329354;1.000212221734873;1.0;0.9999242174966961;1.000023581510518;0.9996066219729695;0.9996441080379713;1.0;0.9997232993409353;0.999977539431348;0.9991375656279088;0.9989486911502979;0.999757263323474;1.0;0.9997850849105819;1.0001994824022022;0.999980437493644;0.9999903529596655;1.0;0.9999733303306766;1.024999976158142;
2016-04-13 15:45:00;0.9999843886281331;0.9998980793431573;0.9999999999999999;0.999992363011792;0.9999930734327913;1.0;1.0;0.9999570456660738;0.9999817814019224;1.0000880075595648;0.9999646554672226;0.9999449399091245;1.0;0.9999999999999999;0.999912394180813;0.999918905993884;0.9999208387044706;1.0;1.0001257671904493;0.9999959162914078;0.9999809708782506;0.9999204629357886;0.999920079563597;0.9999994975511312;1.000214577625972;1.0;0.9999288959098623;1.0000236804812457;0.9995836278015122;0.9996342147889932;1.0;0.9997292668838695;0.9999820004659368;0.9991519573512273;0.9989682015223456;0.9997654913908507;1.0;0.9997536149467784;1.0002016078501774;0.9999842750177474;0.9999882685213717;0.9999999999999999;0.9999735588081622;1.024999976158142;
2016-04-13 16:00:00;0.9999804694418081;0.9998458811040001;1.0;0.9999910567141241;0.9999890510288282;1.0;1.0;0.9999589963141501;0.9999748893909115;1.0000828228934913;0.9999568858391418;0.999938204290869;1.0;1.0;0.9999043706630322;0.9999190770439246;0.9999217147429202;1.0;1.0001234801171774;0.9999943657622754;0.9999818181045921;0.9998965147608514;0.9999208468538241;0.9999997079584083;1.0002155680815654;1.0;0.9999107027092606;1.0000222737023836;0.9996195170702247;0.9996541357517962;0.9999999999999999;0.9997262564535251;0.9999691627739583;0.9991506372289528;0.9989658935773664;0.9997573733095378;0.9999999999999999;0.9997666968862693;1.0002014110976882;0.9999728713729635;0.999989567051047;1.0;0.9999685574661128;1.024999976158142;
2016-04-13 16:15:00;0.9999696916551613;0.9997165026791882;1.0;0.9999864645152384;0.9999774537575744;1.0;1.0;0.99993674636739;0.9999468458932541;1.0000756938893136;0.999925545980318;0.9999346706792346;1.0;0.9999999999999999;0.9998508781425948;0.999879430295803;0.9998838307316028;1.0;1.0001220379899225;0.9999880383548034;0.9999770416750122;0.9998148846305593;0.9998825356338426;0.9999997567028839;1.0002259681115822;0.9999999999999999;0.999843764699789;1.0000202750490157;0.999622742352399;0.9996546126724798;1.0;0.9997240573384941;0.9999374117998753;0.9991470603692107;0.9989601435726865;0.9997530947411308;1.0;0.99978042070764;1.0002087579182621;0.9999450101868272;0.9999877743623795;1.0;0.9999636534669963;1.024999976158142;
2016-04-13 16:30:00;0.9999853420938031;0.9998882542448204;1.0;0.9999928650151678;0.9999914171105665;0.9999999999999999;1.0;0.9999575183575136;0.9999772290110603;1.000082131204966;0.999963282976477;0.9999617764072222;1.0;1.0;0.9999139900806018;0.9999218123087408;0.9999237801491583;1.0;1.0001183952691366;0.9999949013378878;0.9999837333883776;0.9999151923259992;0.9999230676617228;0.9999995514170702;1.0002017511792254;1.0;0.999925604795789;1.000022103059366;0.9996193205318926;0.9996559336537122;1.0;0.9997295396925516;0.9999778251067913;0.9991579076041309;0.9989726227723419;0.9997610298736099;0.9999999999999999;0.9999051206751726;1.0001894098463384;0.9999806387020002;0.999990204329703;1.0;0.9999808556277411;1.024999976158142;
2016-04-13 16:45:00;0.99998706786414;0.9999017629939219;1.0;0.999993508682074;0.999992742165496;1.0;1.0;0.9999614472599236;0.9999815605194385;1.0000814226155723;0.9999683953820726;0.9999626660689006;1.0;1.0;0.9999191958850223;0.9999267923729656;0.9999287483152732;1.0;1.0001172749332334;0.9999958713685397;0.9999865681940306;0.9999279052784729;0.9999280839379396;0.9999994963090175;1.0001977604121532;1.0;0.9999368962489479;1.0000219142869113;0.9996228225997373;0.9996539330193696;1.0;0.9997313166536547;0.9999807214425988;0.999157703802937;0.9989648704544797;0.9997660575041178;0.9999999999999999;0.9999718060640131;1.000185800073717;0.9999831248068937;0.9999920427973771;1.0;0.9999813116546484;1.024999976158142;
2016-04-13 17:00:00;0.9999837557115813;0.9998689148713034;1.0;0.9999914671638521;0.9999898294449403;1.0;0.9999999999999999;0.9999445560429601;0.9999737296087761;1.000081224720714;0.9999574441863679;0.9999606313459866;1.0;0.9999999999999999;0.9998851784096596;0.9998953132072355;0.9998981097276067;1.0;1.0001185560320485;0.999994109864956;0.9999841997747916;0.9999037985331315;0.9998972126524653;0.9999991634659725;1.00020316764992;1.0;0.9999162973049202;1.00002184294013;0.999616212026821;0.9996435417527207;0.9999999999999999;0.9997276911321522;0.9999732552999292;0.9991401526627904;0.9989374389868957;0.9997671229502731;1.0;0.9999706312933845;1.0001901897684542;0.9999766114241023;0.9999908092099055;0.9999999999999999;0.9999797857411588;1.024999976158142;
2016-04-13 17:15:00;0.9999851063755059;0.9998817717459756;1.0;0.9999928478235279;0.9999908671338801;1.0;1.0;0.9999588711045243;0.9999764018475601;1.0000787549767285;0.9999628353750213;0.9999773152104582;1.0;1.0;0.9999147215344822;0.9999238068445881;0.9999258508016786;1.0;1.0001144834828035;0.9999947125168279;0.9999844705172861;0.9999130436830105;0.9999251393355434;0.9999996027941641;1.0001959507600453;1.0;0.9999242667620389;1.000021188927039;0.9996112757096787;0.9996476102834327;0.9999999999999999;0.9997390186247597;0.9999759947028115;0.9991812282960805;0.9989878225213069;0.9997729578683834;1.0;0.9999716462563094;1.0001837573386883;0.9999790074221371;0.9999907912989587;1.0;0.9999875772002408;1.024999976158142;
2016-04-13 17:30:00;0.9999817667239551;0.9998822914717775;1.0;0.9999870389077482;0.9999924987034267;1.0;0.9999999999999999;0.9998932652849721;0.9999805675220349;1.0000859207092172;0.9999503960659041;0.9999854339660023;0.9999999999999999;1.0;0.9997806278740293;0.9997880292006613;0.9997932809086174;1.0;1.000123486344001;0.9999956422848739;0.9999825592188395;0.9999077845239095;0.9997917261585155;0.9999972069195616;1.000210153661402;1.0;0.9999169918572887;1.0000230891168294;0.999585085943026;0.9996219877979475;1.0;0.9996613383466035;0.9999803127445809;0.998876126380935;0.9986691836902697;0.9997471462721608;1.0;0.9999716462563094;1.0001960742151028;0.999982786512239;0.9999899108730198;1.0;0.9999916486283502;1.024999976158142;
2016-04-13 17:45:00;0.9999832657842221;0.999884939776045;1.0;0.9999875983110076;0.9999918040476871;1.0;1.0;0.9998908382517381;0.9999772104179593;1.000082474484335;0.9999497942909317;0.9999840962797449;1.0;1.0;0.9997805918770237;0.9997868259810803;0.9997919636498322;1.0;1.0001180354643486;0.9999948903324203;0.999984089206537;0.9999063847824992;0.9997904556296935;0.9999971607828916;1.0001998089423865;1.0;0.9999160814074025;1.0000221563298028;0.9996504667448994;0.9996758761697486;1.0;0.9997516758407182;0.9999794881720686;0.9992103456166102;0.9990248701979668;0.9997910403651806;1.0;0.9999746007165455;1.0001864855701688;0.9999821443534226;0.9999908104295641;1.0;0.9999913228110087;1.024999976158142;
2016-04-13 18:00:00;0.9999793550736937;0.9998641215194006;1.0;0.9999827994920348;0.9999910199407211;1.0;1.0;0.9998400496509526;0.9999755159600987;1.000082122905308;0.9999359890051944;0.9999872704761081;1.0;0.9999999999999999;0.9996752432437611;0.99968266604862;0.9996904205082826;1.0;1.0001182961822828;0.9999945111362488;0.9999824365544794;0.9998896858960474;0.9996882389555798;0.9999954512381335;1.0002019776529034;1.0;0.9999004229642235;1.0000220459686722;0.9996681489020818;0.9996759947389166;1.0;0.9997373820089703;0.9999771976065627;0.9991545409753886;0.9989541594685444;0.9997860222981093;1.0;0.9999746007165454;1.0001873037734403;0.99998012529044;0.9999902234497444;1.0;0.9999924733744779;1.024999976158142;
2016-04-13 18:15:00;0.9999817659097279;0.9998837272080457;1.0;0.9999829891277769;0.9999923106441997;1.0;1.0;0.999831036602558;0.9999778208368032;1.0000885603036729;0.9999385017755285;0.9999855977255099;0.9999999999999999;1.0;0.9996603038945865;0.9996651984154468;0.9996732266842007;0.9999999999999999;1.0001257374467791;0.9999950240238122;0.999985137540055;0.9999005474098074;0.9996710058923696;0.9999949871509202;1.0002100066576873;1.0;0.9999094591936599;1.000023768627903;0.9997115052363771;0.9997047052356427;1.0;0.9996537286166093;0.9999812717797636;0.9988222368014905;0.9986305310199365;0.9997608652489777;0.9999999999999999;0.9999757757929598;1.0001952534122605;0.9999837392907466;0.9999918502971369;1.0;0.9999923212487554;1.024999976158142;
2016-04-13 18:30:00;0.9999804189207294;0.9998474226744402;1.0;0.9999887252940751;0.9999884579588193;0.9999999999999999;1.0;0.9999197714692947;0.9999700929464981;1.0000791088696506;0.9999474668884726;0.9999880436518737;1.0;1.0;0.9998345219481186;0.9998459094454869;0.9998499251902361;1.0;1.0001164300753613;0.9999932903788132;0.9999813748795926;0.9998866419978852;0.9998486854804021;0.9999984561088144;1.0002027407366272;1.0;0.9999008061717957;1.0000212512762667;0.9997143541128574;0.999689914738381;1.0;0.9996711229535218;0.9999697058376203;0.9988940289164252;0.9986766006914228;0.9997642121463762;1.0;0.9999738067674131;1.0001889927337448;0.9999735128215074;0.9999892439959486;1.0;0.9999918762080452;1.024999976158142;
2016-04-13 18:45:00;0.9999802266478764;0.9998693324912098;1.0;0.9999894646943102;0.9999905731068324;1.0;1.0;0.9999298821783079;0.9999735189460149;1.000077614932214;0.999950658019108;0.9999893733518963;1.0;1.0;0.9998623414702282;0.9998691771679284;0.9998721124029999;1.0;1.0001116568930024;0.9999940574863442;0.9999756244331299;0.9998928743949552;0.999871016669722;0.999998908629647;1.0001968558538203;1.0;0.9999039663242841;1.0000208499374363;0.9997541644309477;0.9997341971547123;1.0;0.9997083214677648;0.9999765856030105;0.9990240194716854;0.9988377715176107;0.999787467443938;1.0;0.9999746007165455;1.000183991128203;0.9999796327263272;0.9999849341221525;1.0;0.9999935643789483;1.024999976158142;
2016-04-13 19:00:00;0.9999842972647305;0.9998799503211383;1.0;0.9999909303397893;0.9999905834403482;1.0;1.0;0.9999323106270075;0.999974083555056;1.0000797727945876;0.9999561208526464;0.9999908666227787;0.9999999999999999;0.9999999999999999;0.9998654172260344;0.9998728860316499;0.9998759614849235;0.9999999999999999;1.0001149734090284;0.9999941902617536;0.9999834792354824;0.9999056588988884;0.9998749658471675;0.9999987462352219;1.0001963964485607;1.0;0.9999168642319709;1.000021448514273;0.9997214956643273;0.9997155392670753;1.0;0.9996823550122994;0.9999762705157724;0.9989331428034013;0.9987476463046341;0.9997712264182125;1.0;0.9999873037170538;1.000183890111858;0.9999793293953743;0.9999901769876365;1.0;0.9999940881066035;1.024999976158142;
2016-04-13 19:15:00;0.9999828368751386;0.9998725784694031;1.0;0.9999898832946178;0.9999903386194928;1.0;1.0;0.9999244878809644;0.9999737593100562;1.0000793273417572;0.9999529771243002;0.9999917328955842;1.0;1.0;0.9998483118632325;0.9998564071250039;0.9998599171295764;1.0;1.0001147280530829;0.999994120194156;0.9999821130673757;0.9999004550130679;0.9998587941565243;0.9999985157242192;1.0001973734003515;1.0;0.9999120313604836;1.0000213288025535;0.9997302528675908;0.9997091027312387;1.0;0.9996630247574958;0.9999754137441635;0.9988547739305814;0.9986523574580234;0.999766452103615;0.9999999999999999;0.9999888913511111;1.0001845065036896;0.9999785649820851;0.999989395455675;1.0;0.9999943299945422;1.024999976158142;
2016-04-13 19:30:00;0.999985394231192;0.9998791404858061;0.9999999999999999;0.9999910735591151;0.9999895218400113;1.0;1.0;0.9999248331972193;0.9999693997116477;1.0000821320585427;0.9999534243739306;0.9999920288306811;0.9999999999999999;0.9999999999999999;0.9998562290463856;0.999862434793602;0.9998655814101414;0.9999999999999999;1.0001174989578305;0.999993143000119;0.999984527778355;0.9999005150711227;0.9998645778107855;0.9999985663813201;1.0001987470891027;1.0;0.9999125776812677;1.0000220806350562;0.9997361732996959;0.9997118593793165;1.0;0.999655883568536;0.999974723990836;0.9988345999022975;0.9986316029204003;0.9997587553517344;1.0;0.9999888913511112;1.0001862946027693;0.9999780763448908;0.999990784341845;1.0;0.9999949150400129;1.024999976158142;
2016-04-13 19:45:00;0.9999856898602804;0.9998949097252354;0.9999999999999999;0.9999917582263358;0.9999916645235458;0.9999999999999999;1.0;0.9999372222061176;0.9999760641737477;1.000080771474911;0.9999595827821779;0.9999929530641996;1.0;1.0;0.9998783079921807;0.9998837251709747;0.9998863669341946;1.0;1.0001151227358875;0.9999946357713504;0.9999835633839127;0.9999135369638349;0.9998854678066088;0.9999988702423953;1.000195268544246;1.0;0.999923225280245;1.0000217232976887;0.9997630873967677;0.9997302931626045;1.0;0.9996547063480967;0.9999796422995615;0.9988198291518651;0.9986212202569886;0.9997652401191852;1.0;0.9999888913511111;1.000183222087989;0.9999823188274883;0.9999900082715962;1.0;0.9999955211368078;1.024999976158142;
2016-04-13 20:00:00;0.9999819257382377;0.9998815000411673;1.0;0.9999905169845679;0.9999920205337609;1.0;1.0;0.999941558712176;0.9999792031843598;1.0000799244965324;0.9999578368712595;0.9999912641349508;1.0;0.9999999999999999;0.9998800763344671;0.9998878031227819;0.999890535406452;1.0;1.000115339786356;0.9999953338435648;0.9999789546860911;0.9999080743268465;0.9998895511352031;0.9999990807669284;1.0002005960304865;1.0;0.9999178345931936;1.0000214881370064;0.9997365523681027;0.9996972450921421;0.9999999999999999;0.9996317572277371;0.9999791418826155;0.9987225617435643;0.9984975505977597;0.9997624851167187;0.9999999999999999;0.9999892724926027;1.0001877324392177;0.9999817681344678;0.9999871610408749;1.0;0.9999942061876024;1.024999976158142;
2016-04-13 20:15:00;0.999976830678638;0.9998422794939321;1.0;0.9999882673377954;0.9999887893874413;1.0;1.0;0.999928984059259;0.9999700699531497;1.0000746989532427;0.9999447658736738;0.999990640157514;1.0;0.9999999999999999;0.9998565208202603;0.9998665183044761;0.9998697112347598;0.9999999999999999;1.0001095098179604;0.9999932812991194;0.9999726050869499;0.9998767316858829;0.999868521454821;0.9999990558729698;1.0001977631725747;1.0;0.9998902849857357;1.000020059383074;0.999745017770697;0.999702920443778;1.0;0.9996825126388754;0.9999711456113033;0.9989023327310997;0.9986765631881387;0.999792588649165;1.0;0.9999888913511112;1.000184235017219;0.9999748171240652;0.999983232948234;1.0;0.9999933818083304;1.024999976158142;
2016-04-13 20:30:00;0.999982451204327;0.999874413439651;1.0;0.9999896416773558;0.999990882802007;1.0;1.0;0.9999243842951772;0.9999757706710226;1.0000779408605176;0.9999537127453137;0.9999913899426568;1.0;1.0;0.9998462335885573;0.9998545105198955;0.9998581124212284;1.0;1.0001129284637431;0.9999945653410092;0.9999817401104033;0.9999028646777836;0.9998569613042918;0.999998476029974;1.0001949928467113;1.0;0.9999139078809846;1.0000209509888767;0.9997565994072671;0.9997257826993903;1.0;0.9996650649562423;0.999976464885851;0.9988261387117181;0.9986253278719001;0.9997919772216801;0.9999999999999999;0.999990479290912;1.0001821612147985;0.9999794518433498;0.9999891748505297;1.0;0.9999941315955289;1.024999976158142;
2016-04-13 20:45:00;0.9999801101133844;0.9998555656581349;1.0;0.9999893529488697;0.9999891170104674;1.0;1.0;0.999928454708046;0.9999704622019716;1.0000770149276539;0.999948668658176;0.9999910728695883;1.0;0.9999999999999999;0.9998568839621416;0.9998660100887942;0.9998692392940038;1.0;1.0001121733062088;0.9999933724940838;0.9999777151020814;0.9998869814404828;0.9998681204396991;0.9999988736862295;1.0001974437681607;1.0;0.9999000270432177;1.0000206929091957;0.9997700128987771;0.9997186298414079;0.9999999999999999;0.9996518731392293;0.9999723089691834;0.9987846741065737;0.9985619082420031;0.9997805885626174;1.0;0.999988097384914;1.000184311014268;0.9999758565260518;0.9999865398452165;0.9999999999999999;0.999993785492131;1.024999976158142;
2016-04-13 21:00:00;0.9999766141481055;0.9998608420798983;1.0;0.9999876045281323;0.9999913028702001;0.9999999999999999;1.0;0.999923515434838;0.9999768416303427;1.0000741126143318;0.9999473683187685;0.9999919050802044;1.0;1.0;0.9998448250797455;0.9998526467668136;0.9998560475372293;0.9999999999999999;1.0001074146013986;0.9999947973730532;0.9999708239117673;0.9998877794225635;0.9998547617607678;0.9999987428936964;1.0001944546925499;1.0;0.9998983066724252;1.0000198988800668;0.9998476846764051;0.9997784420025118;0.9999999999999999;0.9996783470361882;0.999977584928559;0.9988896280040072;0.9986894777713399;0.9997887087490923;1.0;0.9999896853204289;1.000181141512176;0.9999804332952709;0.9999819235311944;0.9999999999999999;0.9999944731501214;1.024999976158142;
2016-04-13 21:15:00;0.9999820023750139;0.9998487349956793;1.0;0.9999907679220864;0.99998725513012;1.0;0.9999999999999999;0.9999364760026099;0.9999647490613306;1.0000733642372726;0.9999489402101609;0.9999907403113545;0.9999999999999999;1.0;0.9998759597812034;0.9998858491907671;0.9998886312364542;1.0;1.0001075833365332;0.9999920916825118;0.9999809488376538;0.99988282691907;0.9998876830875507;0.9999992053861052;1.000188443059668;1.0;0.9998979568726221;1.0000197051646538;0.9998716143739987;0.9997879380076758;1.0;0.9997051755351659;0.9999679948446292;0.9989863570515756;0.9987791050572301;0.9998034969067019;1.0;0.9999888913511111;1.0001760111736315;0.9999721311203141;0.9999886545285466;1.0;0.9999934529329949;1.024999976158142;
2016-04-13 21:30:00;0.999980134700947;0.9998491991259855;1.0;0.9999894701644192;0.9999881927266667;1.0;0.9999999999999999;0.9999286775616096;0.9999677229084535;1.0000727124603426;0.9999472151192015;0.9999910279278771;1.0;1.0;0.9998583278665063;0.9998679598166691;0.9998711519497493;1.0;1.0001065495192965;0.9999927546757321;0.9999781395337304;0.9998823479520508;0.9998700529243089;0.9999989356576445;1.0001887753085101;1.0;0.9998964459835018;1.0000195221171075;0.9998723075430146;0.9997933237743913;1.0;0.9997189706072129;0.9999701007090332;0.9990374203399421;0.9988373431950889;0.9998101897091879;0.9999999999999999;0.9999892724926027;1.0001760311339873;0.9999739431709072;0.9999868507033788;1.0;0.9999936443769518;1.024999976158142;
2016-04-13 21:45:00;0.9999748227754324;0.9998363924906423;1.0;0.9999861468199304;0.9999885082100273;1.0;1.0;0.9999061657461914;0.9999681657091237;1.000073039261474;0.9999376230506783;0.9999914080084077;0.9999999999999999;1.0;0.9998135718017256;0.9998224527619488;0.9998265276419754;0.9999999999999999;1.0001066496193765;0.9999928431299343;0.9999697091277684;0.99986693892048;0.9998250631505471;0.9999983746054016;1.0001949087413475;1.0;0.9998805573344856;1.0000195758555754;0.9998728165720557;0.9997896017880711;1.0;0.999707242946525;0.9999711635350111;0.9989880644679119;0.9987821924214011;0.9998085340789201;1.0;0.999989685320429;1.0001810998297234;0.999974891185924;0.9999813821409002;0.9999999999999999;0.9999939954290019;1.024999976158142;
2016-04-13 22:00:00;0.9999775972946924;0.99981811277681;1.0;0.9999873898595665;0.9999844174402974;1.0;1.0;0.999902187893062;0.999954933405447;1.0000734854319375;0.9999326583105093;0.9999912336223777;0.9999999999999999;0.9999999999999999;0.9998133873646916;0.9998231521455225;0.9998271776066996;0.9999999999999999;1.0001077927470616;0.9999898819982866;0.9999752278888799;0.9998517697098156;0.999825824177955;0.9999984018150652;1.0001930923200322;1.0;0.999869806200366;1.0000196952934266;0.9998818033068843;0.9998009203104758;1.0;0.9997047870994491;0.9999621121552723;0.9989546354652137;0.9987580063376724;0.9998238942428455;1.0;0.9999888913511111;1.000179606030413;0.9999671134718638;0.9999850807777949;0.9999999999999999;0.999993705517202;1.024999976158142;
2016-04-13 22:15:00;0.9999763007253485;0.9997996509986562;1.0;0.9999869889576136;0.9999839073770043;0.9999999999999999;1.0;0.9999094113493678;0.9999579260185225;1.0000685321174425;0.9999342407308711;0.9999881450985909;1.0;1.0;0.9998140521396351;0.9998294593433414;0.999834003302826;1.0;1.0001042735239987;0.999990551589955;0.9999782991038948;0.9998528188452069;0.9998326072089984;0.9999984863608252;1.0001888310580171;1.0;0.9998724881049086;1.0000183649291634;0.9998852373355251;0.9998098915297844;1.0;0.9997419445819072;0.999958001110374;0.9990894779508924;0.9989025553742744;0.9998437845738583;0.9999999999999999;0.9999900664615023;1.000174901463926;0.9999633008818285;0.9999876108222567;1.0;0.9999909619399778;1.024999976158142;
2016-04-13 22:30:00;0.9999782606613459;0.9998282344242413;1.0;0.9999887365878156;0.9999864290156376;1.0;1.0;0.999926206954981;0.9999636680467457;1.0000691776171198;0.9999424260527854;0.9999902156679713;1.0;1.0;0.9998513686086666;0.9998633572889379;0.9998668058232132;1.0;1.000103081491248;0.9999918434179713;0.9999771726498511;0.999869549844074;0.9998656417433069;0.9999989788352314;1.0001856410878436;1.0;0.9998859336541633;1.0000185598028415;0.9998750599692472;0.9997975903404696;1.0;0.9997524510529476;0.9999651294406422;0.9991300463681325;0.9989329931250349;0.9998477495714543;1.0;0.9999888913511112;1.0001726249631027;0.9999695718056922;0.9999864320477583;0.9999999999999999;0.9999927143762871;1.024999976158142;
2016-04-13 22:45:00;0.999971568437053;0.9997882833274743;1.0;0.9999859644073484;0.9999838537999279;1.0;0.9999999999999999;0.9999159434530343;0.9999569643541363;1.0000662206069153;0.9999294365471991;0.9999890315431766;1.0;1.0;0.9998302058122011;0.999844733179542;0.9998485943749582;1.0;1.0001006063816182;0.9999903218932454;0.9999682029852603;0.9998382609754016;0.9998471955103427;0.9999990503569732;1.000190326313973;1.0;0.9998577821736276;1.00001772199596;0.999879897180623;0.9998039814020733;0.9999999999999999;0.9997583840757593;0.9999583711703393;0.9991523693214209;0.9989607337999504;0.9998503885791381;1.0;0.9999892724926027;1.000176101665658;0.9999636626252336;0.9999807946342996;1.0;0.9999915727897397;1.024999976158142;
2016-04-13 23:00:00;0.9999747964566792;0.9998086887293506;1.0;0.999986814374759;0.9999847938443984;1.0;1.0;0.9999109459764529;0.9999578679298566;1.0000684447333574;0.9999327207043881;0.9999900514501979;1.0;1.0;0.9998250254770563;0.9998367854112381;0.9998406524994503;0.9999999999999999;1.0001020126472127;0.9999905302801921;0.9999716494386659;0.9998491306811333;0.9998392915012023;0.9999987509723481;1.0001881002023005;0.9999999999999999;0.9998671463654226;1.0000183323699638;0.9998913067538849;0.9998050156592297;0.9999999999999999;0.9997582145677618;0.9999618330971144;0.9991514437337996;0.9989514833572849;0.999850503772781;1.0;0.9999888913511111;1.0001744922564142;0.9999667673997633;0.9999828495876598;1.0;0.9999926947127175;1.024999976158142;
2016-04-13 23:15:00;0.999981822113923;0.9998533744393312;1.0;0.9999907405679963;0.999987580902463;1.0;1.0;0.9999357178144596;0.9999646303155538;1.0000705548603281;0.9999485582093336;0.9999913941209183;0.9999999999999999;1.0;0.9998775503854167;0.9998859961830356;0.9998885941969021;1.0;1.0001028619010268;0.9999920605009749;0.9999792004608538;0.9998824028330994;0.9998876536008737;0.9999992362171166;1.0001815680711352;1.0;0.9998968979857327;1.0000189395282773;0.9998957287941116;0.9998151602004978;1.0;0.9997712441564538;0.9999694594175406;0.9991946465474666;0.9990059977364326;0.99986027394409;1.0;0.9999884785248686;1.0001695924092795;0.9999734585601731;0.9999873618338588;1.0;0.9999940932166006;1.024999976158142;
2016-04-13 23:30:00;0.9999799802573328;0.9998405593295329;1.0;0.9999901673446671;0.9999871780685342;0.9999999999999999;1.0;0.9999385087685349;0.999965210302214;1.0000666091273673;0.9999471981878374;0.9999902085287873;1.0;1.0;0.9998780018237331;0.9998887561374261;0.9998915012379398;0.9999999999999999;1.000098751772531;0.9999921961854861;0.999978022620736;0.9998776896040604;0.9998905184280887;0.9999993541018231;1.0001774562212977;1.0;0.9998930701016873;1.000017882929245;0.9999115348787899;0.9998310397612972;1.0;0.9997942220354591;0.9999673567868399;0.9992877748516608;0.9991091747606003;0.9998659490075433;1.0;0.9999900664615023;1.000165307483796;0.9999715412281703;0.9999867834178068;1.0;0.9999930060238964;1.024999976158142;
2016-04-13 23:45:00;0.9999851294114612;0.9998943796180639;0.9999999999999999;0.9999926282898716;0.9999919557866809;1.0;1.0;0.9999539756626928;0.9999775949403391;1.000069260907362;0.9999625978915573;0.9999924800781675;1.0;1.0;0.999910165557069;0.9999162318576992;0.9999181308578551;1.0;1.000099565474435;0.9999949789438017;0.9999818713993647;0.9999152470563786;0.9999173925005614;0.9999994802206882;1.0001727827507791;0.9999999999999999;0.9999247555003277;1.0000186255282058;0.9998931980483051;0.9998214218907359;1.0;0.9997994012820616;0.9999798984603107;0.9993007416807458;0.9991232474987584;0.9998726989637952;1.0;0.9999892724926027;1.000161948484892;0.9999825034729334;0.9999888219586582;1.0;0.9999951523766094;1.024999976158142;
2016-04-14 00:00:00;0.9999847101032983;0.9998885892736435;1.0;0.9999925522760248;0.9999914410238557;1.0;1.0;0.9999545786955895;0.9999764348189256;1.0000675259831167;0.9999615572194565;0.9999921738133972;1.0;0.9999999999999999;0.9999108091695648;0.9999175782707561;0.9999194902492405;1.0;1.0000975707069755;0.9999947211833896;0.9999817014714459;0.9999119157970129;0.9999187506449457;0.999999536118606;1.0001701943215957;1.0;0.9999221016403184;1.0000181618827835;0.9999028295243108;0.9998283928607746;1.0;0.9998082665355597;0.9999784403391281;0.9993359426400249;0.9991606470154777;0.9998753948228115;1.0;0.9999884785248687;1.0001593995246203;0.999981220663962;0.9999887711887634;1.0;0.9999948461110205;1.024999976158142;
2016-04-14 00:15:00;0.9999828360242596;0.9998884294650836;1.0;0.9999921513485208;0.9999919987105483;1.0;1.0;0.9999579439297631;0.9999776411609875;1.0000665059768519;0.9999606160643049;0.9999927257306791;1.0;1.0;0.999918636815405;0.9999245758869197;0.9999261638895824;1.0;1.0000956809713777;0.9999949873167984;0.9999772241246028;0.9999088636393838;0.9999254250223184;0.9999997612515023;1.0001701607198372;0.9999999999999999;0.9999183050531028;1.0000178815005814;0.9999094311972246;0.999837308645379;1.0;0.9998227073847766;0.9999800581426738;0.999395268986028;0.9992275890040566;0.9998784164368956;1.0;0.9999900664615025;1.00015932697668;0.9999826464439859;0.99998570769209;1.0;0.9999952938027035;1.024999976158142;
2016-04-14 00:30:00;0.9999794319263562;0.999835369648108;1.0;0.9999902055533019;0.9999872273499419;0.9999999999999999;1.0;0.9999445085371154;0.9999670638321004;1.0000629196722879;0.9999487324291907;0.999989480172155;0.9999999999999999;1.0;0.9998846524567119;0.999897433579382;0.9999002125359125;1.0;1.000094821471168;0.9999926121523551;0.9999787011096882;0.9998794323175036;0.9998992456537602;0.9999995018813603;1.0001720191665555;1.0;0.999895147495554;1.0000168987790574;0.9999144599111848;0.9998480213326072;1.0;0.9998290980153405;0.9999663748088657;0.9994134637909866;0.9992576000390402;0.9998852503322052;1.0;0.9999888913511112;1.0001599479705487;0.9999705934032546;0.9999873942452225;1.0;0.9999921927903773;1.024999976158142;
2016-04-14 00:45:00;0.9999839570989079;0.9998804996034882;1.0;0.9999919672285911;0.9999910390488632;0.9999999999999999;1.0;0.9999512048546298;0.9999764248527083;1.0000652311850806;0.9999602124757757;0.9999912829600329;1.0;0.9999999999999999;0.9999004358875595;0.9999088465402534;0.9999111489354046;1.0;1.0000953856193815;0.999994715959907;0.999982348842542;0.9999094601438527;0.9999103329973785;0.9999993946343753;1.0001673616160212;1.0;0.9999203743973348;1.000017537381992;0.9999307239265609;0.9998692557794403;1.0;0.9998431468721055;0.9999767147824665;0.9994717904025123;0.9993340031126046;0.9998877796193377;1.0;0.9999888913511111;1.0001563997643899;0.9999796589128043;0.9999893804027663;0.9999999999999999;0.9999940514127491;1.024999976158142;
2016-04-14 01:00:00;0.9999865333306858;0.9999086828790867;0.9999999999999999;0.9999932925180409;0.999993478204045;1.0;1.0;0.9999598208370033;0.9999824066971711;1.0000652814544413;0.9999679102241545;0.9999926060770518;1.0;1.0;0.9999194462027434;0.9999250545567863;0.999926813159492;1.0;1.0000937598968156;0.9999960604554345;0.9999837161921358;0.999927960207825;0.9999261374969505;0.9999995095175715;1.0001620043999804;1.0;0.9999357992580566;1.00001756303805;0.99993715765278;0.9998881110386215;1.0;0.9998644935299263;0.999983332577891;0.9995495746403519;0.9994346290510905;0.9998990134388562;0.9999999999999999;0.999988891351111;1.0001519099472698;0.9999854615295676;0.9999899803186492;1.0;0.9999953187037532;1.024999976158142;
2016-04-14 01:15:00;0.9999893191546262;0.9999313558707823;1.0;0.9999950359827462;0.9999951860961706;1.0;1.0;0.9999729619625923;0.9999866613217027;1.0000653954892833;0.999975632909742;0.9999935589561747;1.0;1.0;0.9999471136769045;0.9999508259303888;0.9999518821636201;0.9999999999999999;1.000092762123403;0.9999970179148572;0.9999859171438495;0.9999441328571838;0.9999514062994218;0.9999998045881114;1.0001575991232525;1.0;0.9999498395727814;1.000017604984339;0.9999424572622971;0.9998898280181788;1.0;0.9998607767429435;0.9999879256533991;0.9995361488224163;0.999419271916188;0.9998969738640283;1.0;0.9999884785248687;1.0001483343833049;0.9999894868989087;0.999991174928366;0.9999999999999999;0.9999962022279655;1.024999976158142;
2016-04-14 01:30:00;0.9999883583494797;0.9999517848062212;1.0;0.9999945569967219;0.9999981338315311;1.0;1.0;0.9999738302071532;0.9999944546431162;1.0000646819445373;0.9999790000844206;0.9999948842579899;1.0;1.0;0.9999488323872733;0.9999498182073437;0.9999506809712357;1.0;1.000090145001424;0.9999987626432459;0.99998170090241;0.9999551683741055;0.9999501656542183;0.9999997665075018;1.0001549121790079;1.0;0.9999572919852197;1.0000174171527845;0.9999457342844922;0.9998952220793738;1.0;0.9998599339581713;0.9999955658577679;0.9995362547960136;0.9994247723284708;0.9998943640951127;1.0;0.9999892724926028;1.000145923246564;0.9999961588946064;0.9999881665887859;1.0;0.9999974523355576;1.024999976158142;
2016-04-14 01:45:00;0.9999906378420221;0.9999577354383994;1.0;0.9999952712823867;0.9999980944299957;1.0;0.9999999999999999;0.9999735053799452;0.9999944785214321;1.0000651783052048;0.999981597626729;0.9999942451787283;0.9999999999999999;1.0;0.999947658761329;0.9999488355373294;0.9999498301495402;1.0;1.000090949750609;0.9999987671638676;0.9999860980055166;0.9999617688814817;0.999949355975671;0.9999996206357715;1.0001530256237472;1.0;0.9999639691174189;1.0000175492819532;0.9999765425750007;0.9999339178178451;1.0;0.9998838912059811;0.9999953815334841;0.9996242228329242;0.9995447693134077;0.9999065215241475;1.0;0.9999888913511114;1.0001442975538657;0.9999959910952819;0.9999910865338909;1.0;0.9999971178829955;1.024999976158142;
2016-04-14 02:00:00;0.9999880962730326;0.9999506043152344;1.0;0.9999939436589593;0.9999981894250346;1.0;1.0;0.9999667185462722;0.9999948011655421;1.0000625984466633;0.999977710131972;0.9999944368097369;1.0;1.0;0.9999335862364491;0.9999347597502605;0.9999360244709273;1.0;1.000087378224979;0.9999988392906165;0.9999820590226868;0.9999546386118339;0.9999354156083774;0.9999994923574896;1.0001504287200693;1.0;0.9999567408001376;1.0000168537343268;0.9999836475555064;0.9999587877462045;1.0;0.9999150579036108;0.9999955801793937;0.9997424195286214;0.999694402246301;0.9999197765636388;0.9999999999999999;0.9999892724926028;1.0001414968913915;0.9999961612155419;0.9999884747701456;0.9999999999999999;0.9999972052711845;1.024999976158142;
2016-04-14 02:15:00;0.9999924053857864;0.999956597370513;1.0;0.9999960828938429;0.999997505031449;1.0;1.0;0.9999772825220381;0.9999936168002184;1.0000639234899096;0.9999838255962786;0.9999939646053495;0.9999999999999999;1.0;0.9999530789806315;0.9999556265772329;0.9999566616908543;0.9999999999999999;1.0000900196080185;0.9999985762659743;0.9999903652211806;0.9999654032067469;0.9999562575398959;0.9999996473860703;1.0001492276226696;1.0;0.9999684861467645;1.0000172136704684;0.9999663880485453;0.9999501433477427;1.0;0.9999095512137168;0.9999934029784667;0.9997237911117047;0.9996775129252755;0.9999158962232175;1.0;0.9999888913511112;1.0001407590214053;0.9999942286353068;0.9999940072678346;0.9999999999999999;0.9999966637079697;1.024999976158142;
2016-04-14 02:30:00;0.9999936181262613;0.9999558719538142;0.9999999999999999;0.999997024309598;0.9999968828779513;1.0;1.0;0.9999841549947355;0.9999918449847911;1.0000637271231225;0.9999853730677588;0.9999936034700487;1.0;0.9999999999999999;0.9999675958665076;0.9999705601919406;0.9999712778608104;0.9999999999999999;1.0000899932244198;0.9999981806733007;0.9999923142095689;0.9999661236505699;0.999970988537208;0.9999998774337978;1.0001480181513054;1.0;0.9999699356109412;1.0000171614181759;0.9999691232766093;0.9999494741131852;1.0;0.9999084912625513;0.9999918766808843;0.9997178135213675;0.9996681786505383;0.9999167815390161;1.0;0.9999888913511112;1.0001397953829905;0.9999929025185114;0.9999952753480025;1.0;0.9999964009746553;1.024999976158142;
2016-04-14 02:45:00;0.9999930247769788;0.9999610726898306;0.9999999999999999;0.9999963501799682;0.9999976227220481;1.0;1.0;0.9999771946681543;0.9999932670471587;1.0000645212537536;0.999984327552316;0.9999942749762974;1.0;1.0;0.9999550308026118;0.9999566879466496;0.9999576067343472;0.9999999999999999;1.0000903176725142;0.9999984983940754;0.9999905508533995;0.9999667686987719;0.9999572295288682;0.9999996474593328;1.000148975393967;0.9999999999999999;0.9999695516243735;1.0000173751134398;0.9999613925383461;0.999942094021559;1.0;0.9999062929487655;0.999994133583367;0.9997112599522656;0.999657084627318;0.9999146296406775;1.0;0.999988097384914;1.000140674838444;0.999994899695576;0.999994048962956;1.0;0.9999970166370792;1.024999976158142;
2016-04-14 03:00:00;0.9999930832579218;0.9999640149558976;1.0;0.9999962047146798;0.9999978674506522;0.9999999999999999;1.0;0.999974430019841;0.9999935219706888;1.0000642704899791;0.9999840544888922;0.9999944753044157;1.0;1.0;0.9999506270918088;0.9999515906610895;0.9999525633293533;1.0;1.0000895585432499;0.9999985557967559;0.9999901855858827;0.9999673268151323;0.9999521621875698;0.9999995535614338;1.0001476098102635;0.9999999999999999;0.9999697216403641;1.0000173077494203;0.9999823546533392;0.9999569547162233;0.9999999999999999;0.9999064925491735;0.9999950176665677;0.9997089759226825;0.99965934149063;0.999916786778779;1.0;0.9999892724926026;1.0001394112176478;0.9999956921867604;0.9999937650224899;1.0;0.9999972728114612;1.024999976158142;
2016-04-14 03:15:00;0.9999941793901616;0.9999605003161259;1.0;0.9999966045753012;0.999997027004684;1.0;1.0;0.9999741019165215;0.9999913179043458;1.0000649947940525;0.9999840299989822;0.999994230664495;0.9999999999999999;1.0;0.9999498922920356;0.9999516511152077;0.9999527172145353;1.0;1.0000910358631263;0.9999980625781727;0.9999929152956559;0.9999665582816878;0.9999523431619307;0.999999514648626;1.000148389612999;1.0;0.9999699799606718;1.0000175018109545;0.9999871906376973;0.9999645807043015;1.0;0.9999135110228187;0.999992829887099;0.9997388639752229;0.9996966163304567;0.9999175463771928;1.0;0.9999876845582998;1.000140179495619;0.9999937808574545;0.9999956322652088;1.0;0.9999969723251552;1.024999976158142;
2016-04-14 03:30:00;0.9999932559012056;0.9999573979487939;1.0;0.9999966878585969;0.9999970789384935;1.0;1.0;0.99998053236682;0.9999919193462183;1.0000634585686217;0.9999843982823237;0.9999941353657741;0.9999999999999999;1.0;0.9999615977746716;0.9999638657486716;0.9999646586522511;1.0;1.0000892111463895;0.999998196319216;0.9999912481327318;0.9999651885097994;0.9999643282793832;0.999999778883896;1.0001471498663006;1.0;0.9999686524878222;1.0000170880529085;1.000000350911713;0.9999753835022092;1.0;0.9999213516773615;0.9999926678989858;0.9997695433097427;0.9997323452592547;0.9999202354562324;1.0;0.9999892724926028;1.0001389559909004;0.9999936148137999;0.9999945319047671;1.0;0.9999968076686396;1.024999976158142;
2016-04-14 03:45:00;0.9999955552256006;0.9999566245573303;1.0;0.9999974480471161;0.9999962258730489;1.0;1.0;0.9999800740523167;0.9999899487431385;1.0000643758178804;0.999985916639025;0.9999938348501102;1.0;1.0;0.9999596660304787;0.9999630600861731;0.9999640571651885;1.0;1.0000911462326607;0.9999977571778064;0.9999965301422246;0.9999683188507563;0.99996377151383;0.999999652082981;1.000146887523749;1.0;0.9999728885191413;1.0000173361988811;0.9999906274172145;0.9999660250748419;1.0;0.9999072383508176;0.9999902724489554;0.9997145100884506;0.9996715447000906;0.9999152586909928;1.0;0.999989685320429;1.0001388013524406;0.9999915088728158;0.9999981287558404;0.9999999999999999;0.9999964029249829;1.024999976158142;
2016-04-14 04:00:00;0.9999965632139489;0.9999668272180251;1.0;0.9999976647314995;0.9999971247741448;1.0;1.0;0.9999792559055654;0.9999922320815213;1.0000652849345715;0.9999882162212596;0.9999937437276432;1.0;1.0;0.9999582299261665;0.9999606790914264;0.9999617029053185;0.9999999999999999;1.000091843035769;0.9999982681210305;0.9999975911649985;0.9999752702810932;0.9999614223677706;0.9999995322786263;1.0001465657408866;1.0;0.9999787262601054;1.000017581488957;0.9999852229241766;0.9999575326949344;0.9999999999999999;0.9999033134103945;0.9999926632776142;0.9997004387483808;0.9996492615371745;0.9999130376769386;0.9999999999999999;0.9999884785248686;1.0001386491381552;0.9999936016328621;0.9999987605345882;1.0;0.9999965873850021;1.024999976158142;
2016-04-14 04:15:00;0.999996922035758;0.999968583294386;1.0;0.999998114149226;0.9999971222204003;1.0;1.0;0.9999836428396092;0.9999920102329507;1.0000649927060734;0.9999892215730053;0.9999938002343184;1.0;0.9999999999999999;0.9999679139624437;0.9999701118480394;0.9999708749554007;1.0;1.000091289061179;0.999998218742126;0.9999975941209059;0.9999761592340312;0.9999706579039304;0.9999996942195339;1.000145576415647;1.0;0.999979567876655;1.0000175028893676;0.9999835971630049;0.999958311086241;1.0;0.999910936243483;0.9999927920806683;0.9997265009708479;0.9996778408212575;0.9999182201656194;1.0;0.9999888913511112;1.0001378362151465;0.9999937252396015;0.9999987015321653;1.0;0.9999966729373074;1.024999976158142;
2016-04-14 04:30:00;0.9999960659585297;0.9999709713174126;1.0;0.9999976690600978;0.9999977841586302;1.0;1.0;0.9999822040545481;0.9999938677274005;1.0000649627337672;0.9999890371108777;0.9999941997733024;0.9999999999999999;1.0;0.9999646087824878;0.999966326296433;0.999967130481676;1.0;1.0000909624847458;0.9999986337398707;0.9999957654727388;0.9999768847024388;0.9999668694392536;0.9999996521054185;1.0001461265355047;1.0;0.9999795122580714;1.000017494841868;0.9999881389379754;0.999957260471441;1.0;0.9998995768007287;0.9999944368125648;0.9996863161423599;0.9996322481933603;0.999911410417268;0.9999999999999999;0.9999892724926027;1.0001382946090973;0.999995155817573;0.9999974671868596;1.0;0.9999969682340938;1.024999976158142;
2016-04-14 04:45:00;0.9999951301322261;0.999961743388234;1.0;0.9999969860648154;0.9999971667452977;1.0;0.9999999999999999;0.9999771050762968;0.9999927959737877;1.0000642094824668;0.9999865370009258;0.999993260928501;1.0;1.0;0.9999523794653716;0.9999553312390042;0.999956508224804;1.0;1.0000906529341258;0.9999983937068642;0.9999957191196676;0.9999719207554862;0.999956161207178;0.999999498534064;1.0001464179809145;0.9999999999999999;0.9999754305657882;1.0000172916391414;0.9999854223733065;0.9999592220653676;1.0;0.9999128015720598;0.9999924801470397;0.9997312840637852;0.9996824287280539;0.9999205797604417;1.0;0.9999873037170538;1.0001382887027788;0.9999934183817013;0.9999975894764583;1.0;0.9999962491395632;1.024999976158142;
2016-04-14 05:00:00;0.9999964418780564;0.9999693092111797;1.0;0.9999980782135736;0.9999975259718211;0.9999999999999999;1.0;0.9999866876987175;0.9999935714904485;1.0000649888287452;0.999990078003633;0.9999940226866515;0.9999999999999999;1.0;0.9999725569108527;0.9999749712671635;0.9999756469911841;1.0;1.00009141223673;0.9999985669892257;0.9999967781883358;0.9999776058848046;0.9999754394860004;0.9999997881233297;1.0001465307659718;1.0;0.9999806361987943;1.0000175017996449;0.9999859291293279;0.9999587050237283;1.0;0.9999060041721035;0.9999935260560978;0.9997163155093903;0.9996663213533787;0.9999103178242645;1.0;0.9999884785248686;1.000138708371006;0.9999943399393778;0.9999981671415595;1.0;0.9999967217894284;1.024999976158142;
2016-04-14 05:15:00;0.9999813913007053;0.9998222848745165;0.9999999999999999;0.9999911385921028;0.9999864605428861;0.9999999999999999;1.0;0.9999565131762327;0.99997023226599;1.000054839663402;0.9999550058814096;0.9999862275734983;1.0;1.0;0.9998921535914764;0.9999118499643954;0.9999152156885532;1.0;1.0000876880036653;0.9999933314545454;0.9999885924846239;0.9998902679467108;0.9999143108742952;0.9999995441841226;1.0001577048827117;1.0;0.9999081280588751;1.0000147416038971;0.9999951678498126;0.9999676157751176;1.0;0.9999041191321942;0.9999610328107928;0.9997057664131113;0.9996614225794912;0.999911852426421;1.0;0.9999790761622716;1.0001459083560236;0.9999656626655137;0.9999945226116878;1.0;0.9999890712094838;1.024999976158142;
2016-04-14 05:30:00;0.9999735713395688;0.9997413371106035;0.9999999999999999;0.9999882719667789;0.9999801605429351;0.9999999999999999;1.0;0.9999518268003624;0.9999570620070197;1.0000490360339822;0.9999381601053452;0.9999812425483914;1.0;1.0;0.9998715598619241;0.9999012505238638;0.9999055541119419;1.0;1.0000856727077678;0.9999903627365371;0.9999844501174294;0.9998437763521926;0.9999044113336295;0.9999998280839827;1.0001641240424497;1.0;0.9998700954811512;1.0000131454052048;0.999987370238918;0.9999644871680929;0.9999999999999999;0.9999085010777593;0.9999424527401917;0.999726436461813;0.999684069537236;0.9999109734648157;0.9999999999999999;0.9999750329277692;1.0001502869928864;0.9999492578735665;0.9999927128003492;1.0;0.9999844311218372;1.024999976158142;
2016-04-14 05:45:00;0.9999898929912145;0.9999015957913677;1.0;0.9999949297280363;0.9999920460907638;1.0;0.9999999999999999;0.9999699856738076;0.9999810552024921;1.0000622134872625;0.9999729169353677;0.9999910218823843;0.9999999999999999;1.0;0.9999322187951625;0.9999420679250429;0.9999439991632268;1.0;1.0000920118145746;0.999995760150058;0.9999932968395273;0.9999354671251077;0.9999434679250016;0.9999996121104826;1.0001547255242775;1.0;0.9999456100985655;1.000016743193518;0.9999926441250466;0.999964346233716;1.0;0.9999029387485376;0.99997805343916;0.9997104856787566;0.9996634141921892;0.9999050926068209;1.0;0.9999758268753413;1.0001449930949495;0.9999807251926153;0.9999966417303888;1.0;0.999993589950033;1.024999976158142;
2016-04-14 06:00:00;0.9999925086610608;0.9999336110407138;1.0;0.9999960980675259;0.9999948160923404;1.0;1.0;0.9999756893937888;0.9999874022263943;1.0000676594196272;0.9999803280513362;0.9999925625499785;1.0;1.0;0.9999469640833406;0.9999530751991564;0.9999544917099986;1.0;1.0000973157064266;0.9999971837488354;0.9999940480876192;0.9999546231036797;0.9999540773128803;0.9999996330281389;1.0001600822393018;1.0;0.9999611761536237;1.0000182163711995;0.9999125045246646;0.99992144802705;1.0;0.9998522430701898;0.9999858656349634;0.999516562574247;0.999473920389249;0.9998846893699127;1.0;0.9999761342399762;1.000150749292557;0.9999875982563475;0.9999967681829213;0.9999999999999999;0.9999951790030688;1.024999976158142;
2016-04-14 06:15:00;0.9999942903807388;0.9999512742883335;1.0;0.9999968771247826;0.9999962618193652;1.0;1.0;0.9999792315161787;0.9999907956013433;1.0000681824461937;0.9999848020639253;0.9999929848041826;0.9999999999999999;0.9999999999999999;0.9999555483840226;0.9999597947938271;0.999960945286154;1.0;1.000096923227423;0.9999979458290454;0.9999952402949597;0.999965932824108;0.9999606052333944;0.9999996377439458;1.0001573940856119;0.9999999999999999;0.9999706366372857;1.0000183609442217;0.9998862311019994;0.9999050696222892;1.0;0.9998630655926268;0.9999898886573876;0.9995615278427151;0.999516516338403;0.9998866173833587;1.0;0.9999758268753411;1.0001485711569926;0.9999911354903054;0.9999973694834092;1.0;0.9999958151706899;1.024999976158142;
2016-04-14 06:30:00;0.9999953993584403;0.9999542745859726;0.9999999999999999;0.9999975507081167;0.9999960287770676;1.0;1.0;0.9999823981095036;0.9999896104323199;1.0000707933924515;0.999985940173161;0.999973838311004;1.0;0.9999999999999999;0.9999638575853691;0.9999676492621893;0.9999685651904027;1.0;1.000100267027707;0.9999976814018549;0.9999964422919038;0.9999673418142394;0.9999683009828406;0.999999743600591;1.000161446121373;1.0;0.9999721941231444;1.0000190645082834;0.9998224298287288;0.9998671838527394;1.0;0.9998674871832353;0.9999896463830553;0.9995752866747956;0.9995279819800569;0.9998906676398358;1.0;0.9999746517969849;1.0001526359445052;0.999990952744937;0.9999980897512438;1.0;0.9999872699663035;1.024999976158142;
2016-04-14 06:45:00;0.9999950935065464;0.9999631508856949;1.0;0.9999973483291842;0.9999972127314177;1.0;1.0;0.9999819760170772;0.999992572462574;1.000073396208911;0.9999871662138258;0.9999497101135415;1.0;0.9999999999999999;0.9999635123729058;0.9999660126467611;0.9999668586366862;0.9999999999999999;1.000103104312469;0.9999983431281665;0.9999947547430361;0.9999717359948759;0.9999665754359426;0.9999996994976734;1.0001663213833636;1.0;0.9999751069147212;1.000019765473862;0.9998695494999473;0.9998900778724349;1.0;0.9998679229415404;0.999992825111421;0.9995857018366244;0.9995334219216587;0.9998852314124395;1.0;0.999952262872282;1.0001573495234968;0.9999937364346602;0.9999968698813565;1.0;0.9999766729016162;1.024999976158142;
2016-04-14 07:00:00;0.9999922874816443;0.9999363754025601;1.0;0.9999951326539711;0.9999954178798596;1.0;1.0;0.9999641183126069;0.9999893174033285;1.0000784470471804;0.9999792505249894;0.9999214285209541;1.0;0.9999999999999999;0.9999221320407646;0.9999280776376385;0.9999301371154168;1.0;1.0001121531404493;0.9999976121324858;0.9999945813236292;0.9999568088604358;0.9999295700151837;0.999999138524338;1.0001826431235536;1.0;0.9999627043678481;1.0000211214520203;0.9997871917225418;0.9998283588025427;1.0;0.9998465931102402;0.9999872152579994;0.999547978217198;0.9994749780775144;0.9998472429316403;1.0;0.9999594621822067;1.0001720147625637;0.9999887598894953;0.9999972079526994;1.0;0.9999630674097371;1.024999976158142;
2016-04-14 07:15:00;0.9999880155664157;0.9998797606018399;1.0;0.9999919214549091;0.9999891119819654;1.0;0.9999999999999999;0.9999269067846086;0.9999699053273204;1.000086440369942;0.9999572159258296;0.9999093768652553;1.0;1.0;0.9998552054588511;0.9998636891502664;0.9998671815242959;0.9999999999999999;1.0001248110587313;0.9999932541621427;0.999991537706689;0.9999089352424696;0.9998662236538137;0.9999983895074126;1.0002062914000074;1.0;0.9999218620803005;1.0000232427813267;0.9996519891888141;0.9997530739477524;1.0;0.9998419720550878;0.9999726500712949;0.9995359434666591;0.9994688014890324;0.9998426269004635;0.9999999999999999;0.9998282828634645;1.0001934816606424;0.9999761817134777;0.9999956302758485;1.0;0.9999570140620565;1.024999976158142;
2016-04-14 07:30:00;0.9999908379382147;0.9998907754586922;1.0;0.9999937617916177;0.99998823994868;0.9999999999999999;1.0;0.9999324199802699;0.9999638367240983;1.0000903695161165;0.9999577662779139;0.9999034029926195;1.0;0.9999999999999999;0.9998788896049756;0.9998836545994944;0.999886188914591;1.0;1.0001280369163332;0.9999918953485123;0.9999919628646159;0.9999071632494383;0.9998854540220873;0.9999987302214363;1.0002087190047142;1.0;0.999920284529159;1.0000243031811888;0.9996419667995387;0.9997495005098247;1.0;0.9998546666814818;0.9999728299411741;0.9995738787911723;0.999510959600846;0.9998555422784281;1.0;0.9997445322116361;1.0001966024825535;0.9999765335915276;0.9999954774847692;1.0;0.9999552020715761;1.024999976158142;
2016-04-14 07:45:00;0.9999928078140365;0.9999301655091177;1.0;0.9999943893149628;0.9999932583293228;1.0;0.9999999999999999;0.999941386202382;0.9999794610625975;1.0000912397089539;0.9999703223529062;0.9998892951100569;1.0;0.9999999999999999;0.9998891780034136;0.9998921519162663;0.9998946109834977;1.0;1.0001281093433096;0.9999954085432975;0.9999937823068867;0.9999404145587766;0.999893911980363;0.999998592136747;1.0002061994328268;1.0;0.9999479808963637;1.0000245634194285;0.9996378123027118;0.9997420519536429;1.0;0.9998467222126294;0.9999842858032847;0.9995741344083017;0.9995047728613806;0.9998319294837988;0.9999999999999999;0.9997690579254029;1.000194556864487;0.9999864173636162;0.9999965181426252;0.9999999999999999;0.9999492533029717;1.024999976158142;
2016-04-14 08:00:00;0.99999502951201;0.9999489599351614;1.0;0.9999958000954485;0.999994833069723;1.0;0.9999999999999999;0.9999533864156985;0.9999838757725539;1.0000925490120107;0.9999773597134911;0.9998938331714464;1.0;1.0;0.9999128163356056;0.9999146452792635;0.9999165579741174;1.0;1.0001292332562057;0.9999963976501615;0.9999958794896971;0.9999552328375267;0.999916023126408;0.9999988424328821;1.0002057016709998;1.0;0.9999609396443101;1.0000249195078592;0.9996570176992868;0.999752063536354;1.0;0.9998401953140996;0.9999882017505793;0.999554745291163;0.9994846802448341;0.9998258537901645;1.0;0.9997350877802659;1.0001945393135732;0.9999898233206671;0.9999977262968863;0.9999999999999999;0.9999515778250868;1.024999976158142;
2016-04-14 08:15:00;0.9999942275650219;0.9999420731963083;1.0;0.999995842260149;0.9999941652981272;1.0;1.0;0.9999566800039204;0.9999819030779612;1.0000939585769684;0.9999758584657689;0.9998778019924115;0.9999999999999999;1.0;0.9999203573699798;0.9999225425607972;0.9999242312027566;1.0;1.0001313998180443;0.9999959544736957;0.9999943912328767;0.9999495742798407;0.9999237299093122;0.9999990460687157;1.0002104567190366;1.0;0.9999560467936132;1.0000252977243338;0.9996407805149937;0.9997434970233766;0.9999999999999999;0.9998285265297469;0.9999866164845258;0.9995331981241001;0.999465307182861;0.9998056599967464;1.0;0.9997862593866526;1.0001990270475554;0.9999884494817156;0.9999967399139065;1.0;0.9999442469378124;1.024999976158142;
2016-04-14 08:30:00;0.9999947341964686;0.9999476632797719;1.0;0.9999965658301233;0.9999950082959355;1.0;1.0;0.9999676468695116;0.9999853246858043;1.000093473452541;0.9999802345644375;0.9998894394948367;1.0;1.0;0.9999388852436567;0.9999417194429566;0.9999430783675171;0.9999999999999999;1.0001311065849996;0.9999967206906685;0.9999952541567372;0.9999574047343689;0.9999426777142675;0.999999329828416;1.0002098048065455;1.0;0.9999631285210621;1.000025169536351;0.9996230503995484;0.9997240144943469;0.9999999999999999;0.9998028185887898;0.999988030826114;0.9994350804319974;0.9993534390836328;0.9997949290320663;1.0;0.9997956811413394;1.0001985120277306;0.9999896231194327;0.9999973037877444;0.9999999999999999;0.9999493519171373;1.024999976158142;
2016-04-14 08:45:00;0.9999949095386825;0.9999480008478747;0.9999999999999999;0.9999962720142386;0.9999948977765454;1.0;1.0;0.9999617170608185;0.9999846316009666;1.0001033767893062;0.9999790397606948;0.9998687726140049;1.0;1.0;0.9999280406057166;0.9999304929540208;0.9999320854967138;1.0;1.0001445903778048;0.9999965658347862;0.9999956373949267;0.9999564429062534;0.9999316302967752;0.9999991137750556;1.000230287077169;0.9999999999999999;0.9999622100855702;1.0000278367406659;0.9995068965264431;0.9995796737402111;1.0;0.9997189326223619;0.9999880035231977;0.9991743599233485;0.998982580604169;0.9997218829399781;1.0;0.999810943278933;1.0002179746971072;0.9999896203953975;0.9999975613466608;1.0;0.9999401020192464;1.024999976158142;
2016-04-14 09:00:00;0.9999929495714134;0.9999291703861544;1.0;0.999995542015756;0.9999930523523589;1.0;1.0;0.9999574435816591;0.9999791407182723;1.0000978344781626;0.9999729688585581;0.9998654518190473;0.9999999999999999;1.0;0.999921456275432;0.9999248724646534;0.9999265510159384;0.9999999999999999;1.0001375006685822;0.9999953342171745;0.9999931148539343;0.9999409361461346;0.9999260387279161;0.9999991754810227;1.0002217339766062;1.0;0.9999488063974246;1.0000263398097398;0.9995208149973357;0.9996259238932407;1.0;0.9997979978730933;0.9999836237335172;0.9994014643956017;0.9992620801354197;0.9998039969498413;0.9999999999999999;0.9997984786236159;1.0002095530487503;0.9999858271707877;0.9999959901941324;1.0;0.9999383709056138;1.024999976158142;
2016-04-14 09:15:00;0.9999936873798722;0.9998726743420581;1.0;0.9999958255124788;0.9999832859239947;1.0;1.0;0.9999347770509919;0.9999458003573107;1.0001017707761062;0.9999511425980608;0.9998906332227476;1.0;1.0;0.999900017990551;0.9999034531878971;0.9999051047001871;1.0;1.0001430557643527;0.9999878515652006;0.9999945242806183;0.9998845123242547;0.9999046258438672;0.9999991883357127;1.0002295248610613;1.0;0.9999025124950474;1.0000273642222346;0.9994987493703014;0.9995952483572659;1.0;0.9997613472449262;0.9999631663163053;0.9992819706720176;0.999115776758523;0.9997747227546858;1.0;0.9998039602784324;1.0002170249004307;0.9999683505824266;0.9999969283246831;1.0;0.9999497479174264;1.024999976158142;
2016-04-14 09:30:00;0.9999937856050688;0.9998141871239931;0.9999999999999999;0.999995788800385;0.9999733010724785;1.0;1.0;0.9999104694994502;0.9999115097356861;1.0001077285446933;0.9999279918711929;0.9998869949464356;1.0;0.9999999999999999;0.9998765226067763;0.9998797129334523;0.9998813316337819;1.0;1.000151418180426;0.9999801037694062;0.9999947673013428;0.9998251556446309;0.9998808698897715;0.9999991757281326;1.000242770391446;1.0;0.9998534546766826;1.0000288706651355;0.9995213507228037;0.9995815907327017;1.0;0.9997451835729143;0.9999424020845852;0.9992164927773727;0.9990108240522022;0.999770866065874;1.0;0.9998060023442815;1.000229596136345;0.9999506240337289;0.9999970905732689;0.9999999999999999;0.9999481619349359;1.024999976158142;
2016-04-14 09:45:00;0.9999925068816298;0.9998414203342456;1.0;0.9999948764809076;0.9999784466660964;1.0;1.0;0.9999148896595655;0.9999288096064884;1.00010989806049;0.9999369388616713;0.9998683342152999;1.0;0.9999999999999999;0.9998733323760415;0.9998761854815823;0.999878115170514;1.0;1.000154111449118;0.9999840069594301;0.9999926202142357;0.9998512336761873;0.9998775349351671;0.9999989503963479;1.0002480988309352;0.9999999999999999;0.9998741415782817;1.0000294968265715;0.9995200477587638;0.9995729736153756;1.0;0.9997191345467521;0.9999533604153275;0.9991854139274516;0.998972280871005;0.9997151154846797;1.0;0.9998161416801921;1.000234498910822;0.9999600029829399;0.9999956888384831;1.0;0.9999398081299234;1.024999976158142;
2016-04-14 10:00:00;0.9999919220428427;0.9998312334169757;1.0;0.9999944943862197;0.9999771312315244;1.0;0.9999999999999999;0.9999094624054784;0.9999245234068503;1.000106387348996;0.9999329553632791;0.9998715523908903;1.0;1.0;0.9998649140248693;0.9998680151386433;0.9998700842013442;1.0;1.0001494311552692;0.9999830417878289;0.9999920460317907;0.9998419145605635;0.9998694618520262;0.9999988842825784;1.0002414353856937;1.0;0.9998662337609105;1.000028539008747;0.9995561361183839;0.9996031700060648;1.0;0.999738739482842;0.999950469730096;0.9991969246668626;0.9989945750844873;0.9997652519636328;1.0;0.9998229009573478;1.0002280345670935;0.9999575207292989;0.9999953552717773;1.0;0.9999412034653605;1.024999976158142;
2016-04-14 10:15:00;0.9999880234745175;0.9999216299619151;1.0;0.9999884989432923;0.9999945288930029;1.0;1.0;0.9998827345336425;0.9999836372194147;1.0001039907301283;0.9999574302230388;0.9998674786541749;0.9999999999999999;1.0;0.999766301950642;0.999769068828581;0.9997745354350944;1.0;1.0001457096254471;0.9999963358626085;0.9999901892449137;0.9999311556187166;0.9997730246108597;0.999996477022169;1.0002360052845345;1.0;0.9999373668918484;1.0000279713160525;0.9995300152852863;0.9996031303030606;0.9999999999999999;0.9997301996457957;0.9999870629676854;0.9991659249670232;0.9989871101408828;0.9997608032778611;1.0;0.9998304284496187;1.0002215442452287;0.9999887999295525;0.9999946128984505;1.0;0.9999394419578065;1.024999976158142;
2016-04-14 10:30:00;0.999985381399845;0.9998625731304261;1.0;0.9999878968522097;0.9999859469966759;1.0;1.0;0.9998662597732785;0.999954349847316;1.000106074257503;0.9999350612708384;0.999872359475349;1.0;1.0;0.9997544957495282;0.9997573261812799;0.9997624744636825;1.0;1.0001487536785842;0.9999897666001567;0.9999851924626305;0.9998723146366642;0.9997609625930305;0.9999967873210713;1.000244847634027;0.9999999999999999;0.9998874232521244;1.0000284878498509;0.9995497239522482;0.9996018664822883;1.0;0.9996978757910127;0.9999690499714069;0.9990501625538861;0.998854040793471;0.9997427577362522;1.0;0.9998012218868493;1.0002297538570086;0.9999734106759108;0.9999912886428837;1.0;0.9999416328237707;1.024999976158142;
2016-04-14 10:45:00;0.9999894021376593;0.9999303977089821;1.0;0.9999917844520185;0.9999954375532736;0.9999999999999999;1.0;0.9999270895726043;0.999987745289094;1.0001024250852917;0.9999687427617604;0.9998850950625422;1.0;1.0;0.9998515912068365;0.9998555668951273;0.9998591016809222;0.9999999999999999;1.0001441973027767;0.9999972603586189;0.9999903640057866;0.9999441161944258;0.999858083144157;0.9999979626580991;1.0002343899865411;1.0;0.9999496181122676;1.0000275728102108;0.9995513555018245;0.9996030029096719;1.0;0.9996606359060347;0.9999883062221511;0.9989643245102645;0.9987707184438842;0.9996895091085526;1.0;0.9998155756833764;1.0002206538345655;0.9999897984741914;0.9999945135172987;1.0;0.9999471156545988;1.024999976158142;
2016-04-14 11:00:00;0.999982531375293;0.9999068828703712;1.0;0.9999829637942598;0.9999953672011972;1.0;1.0;0.9998325800127861;0.9999871032102003;1.000107283481673;0.9999447942559195;0.9998795281273702;1.0;1.0;0.9996593918236748;0.9996628930305151;0.9996710100553493;1.0;1.000150777627215;0.9999971079785;0.9999854858036673;0.9999189368356307;0.9996687635787269;0.9999947456954956;1.000247764775426;1.0;0.9999244152454051;1.000028829996029;0.9995671354451524;0.9996251584363742;0.9999999999999999;0.9996454767097316;0.9999884175072923;0.9988939550682204;0.9987211161216694;0.9996919542413133;1.0;0.9998186222160796;1.0002313342512776;0.9999899183838705;0.9999919891686517;1.0;0.9999447126374863;1.024999976158142;
2016-04-14 11:15:00;0.9999872184536852;0.9999316231844365;1.0;0.9999917921936117;0.9999961846495256;1.0;1.0;0.999937478615336;0.9999892304959145;1.0000989674098903;0.9999687240251445;0.999876185399224;1.0;1.0;0.9998745781627227;0.9998772784148945;0.9998800545039677;0.9999999999999999;1.000138657284136;0.9999975905149627;0.9999842551368525;0.9999409330973765;0.9998791146829898;0.9999984759481462;1.0002296411714833;1.0;0.9999454112084714;1.00002664028522;0.9995594329535441;0.9996162763725921;1.0;0.9997161695035894;0.999990558822127;0.9991203864196411;0.9989363359181697;0.9997497445160023;1.0;0.9998016254151667;1.000216225274035;0.999991790540187;0.9999902698297933;1.0;0.9999433932441731;1.024999976158142;
2016-04-14 11:30:00;0.9999920461846168;0.9999393265248735;1.0;0.9999953543884275;0.9999950582951592;1.0;1.0;0.9999634675936256;0.9999857206665274;1.0000982942071739;0.9999766425420926;0.9998830793892437;1.0;1.0;0.9999295452379103;0.9999326432952282;0.9999341724277861;1.0;1.000137939552116;0.9999968085076665;0.9999910097431287;0.9999500096692163;0.9999336597838403;0.999999295699455;1.000223805236873;1.0;0.9999557362515693;1.0000264669377235;0.999543022792094;0.9996036977374866;1.0;0.9997248856709547;0.9999879889859037;0.9991443753346566;0.9989549011606814;0.9997594567615405;1.0;0.9997859288327791;1.0002114995439908;0.999989573828782;0.9999945548007988;1.0;0.9999464142523735;1.024999976158142;
2016-04-14 11:45:00;0.9999931548630453;0.999945960868954;0.9999999999999999;0.9999960612499441;0.9999961091310614;1.0;1.0;0.9999731386082771;0.9999906245776906;1.0000967291408813;0.999982417013042;0.9998954936690353;1.0;1.0;0.9999423075633813;0.9999469836763736;0.9999484662080544;1.0;1.0001367021680618;0.9999979062728435;0.9999941339680355;0.999962061959018;0.9999480273650592;0.9999994281571856;1.0002205346300497;0.9999999999999999;0.999967000801531;1.0000260480706065;0.999550865714774;0.999611715323754;0.9999999999999999;0.9997071357022198;0.9999893409968177;0.9990817184955036;0.9988977362127552;0.9997485603214133;1.0;0.9997780980578381;1.0002084089543317;0.9999906442399236;0.9999967243452423;1.0;0.9999516484562264;1.024999976158142;
2016-04-14 12:00:00;0.9999924467126193;0.9999381583514287;1.0;0.9999947354492785;0.9999952133127569;1.0;0.9999999999999999;0.9999550971365878;0.9999874314034267;1.0000985959768132;0.9999767889744555;0.9998974101982597;1.0;1.0;0.999908076547411;0.9999125903808589;0.999914844476773;0.9999999999999999;1.0001391998825258;0.9999971899901654;0.9999940394669337;0.9999536797660228;0.99991421063585;0.9999988701365287;1.0002243100535273;1.0;0.9999595160032662;1.000026547413026;0.9995505099305568;0.9996053563090129;1.0;0.9997044512365285;0.999987558075321;0.9990803562862353;0.9988874763693496;0.9997415320133766;1.0;0.999772648123245;1.0002117127668189;0.9999891291941941;0.9999967724560573;1.0;0.9999525534044211;1.024999976158142;
2016-04-14 12:15:00;0.9999928227049623;0.9999347197135151;1.0;0.9999958544170598;0.9999946828224985;1.0;1.0;0.9999694040035655;0.9999864007137023;1.0001036524231572;0.999979021183606;0.9998840644123774;0.9999999999999999;1.0;0.9999362112959481;0.9999416571266618;0.9999432781181681;0.9999999999999999;1.000146746113488;0.9999969612878475;0.9999943998576726;0.9999534958046093;0.9999428142638068;0.9999993874017913;1.0002364788633487;1.0;0.9999600665515351;1.0000279117537694;0.9995096776923871;0.9995594550390793;1.0;0.999608899095265;0.9999859384856404;0.998775358163438;0.9985559942000156;0.9996631569938381;1.0;0.9998005757139748;1.0002234554901288;0.9999876968809424;0.999996981185994;1.0;0.9999462988285599;1.024999976158142;
2016-04-14 12:30:00;0.9999937030893418;0.9999431256457106;1.0;0.9999965779022528;0.9999953066758643;1.0;1.0;0.9999758324998922;0.999987794154819;1.0001003871204177;0.9999818741228521;0.9998721790836547;1.0;1.0;0.9999501770920863;0.9999547449651272;0.999955985950959;1.0;1.0001417019308405;0.9999972738143954;0.999994616392087;0.9999588661645924;0.9999556149067388;0.999999568152418;1.0002279328867378;0.9999999999999999;0.9999646178564003;1.0000270332842351;0.9995329109100738;0.9995875331479923;1.0;0.9996693587380056;0.9999877175802194;0.9989509930491022;0.9987491689874429;0.9997246907109464;1.0;0.9998036224112375;1.0002155813500215;0.9999892635039348;0.9999969964604095;1.0;0.9999411365323775;1.024999976158142;
2016-04-14 12:45:00;0.9999926557465194;0.9999466957949965;1.0;0.9999958142114812;0.9999962753188371;1.0;1.0;0.9999715012276654;0.999990683962258;1.0001004046593462;0.9999815734294237;0.9998761238099056;0.9999999999999999;1.0;0.9999402086686566;0.9999442771369373;0.9999457387344323;1.0;1.0001414307702823;0.9999979194058763;0.9999927356670504;0.9999607012073692;0.9999452778973814;0.9999993985348743;1.0002285748178064;1.0;0.999965349784094;1.00002703772118;0.9995371118538121;0.9995989322637723;1.0;0.9996482507891102;0.9999900162258432;0.9988483967437218;0.9986606397757781;0.9997309404044461;1.0;0.9997960440526;1.0002160555503947;0.999991253476407;0.9999957547812732;0.9999999999999999;0.9999430387270136;1.024999976158142;
2016-04-14 13:00:00;0.9999834695480558;0.9999083200251075;1.0;0.9999915094031648;0.9999944903720354;1.0;1.0;0.9999491613115085;0.999984636210487;1.0001001590139582;0.999963777829975;0.9998848162686005;0.9999999999999999;1.0;0.9998991273017991;0.9999032592850533;0.9999053239102769;0.9999999999999999;1.0001411696250553;0.9999965579854364;0.9999776533547152;0.9999225416210471;0.9999044609218138;0.9999992139306549;1.0002395392138552;1.0;0.9999290492354352;1.0000269562018476;0.9995328308118129;0.9995788947494696;1.0;0.9996091243147964;0.9999862427645687;0.9987065420526479;0.9984940647445822;0.9997098976623224;1.0;0.9997948694788763;1.000225386727631;0.999988026787118;0.9999859231173118;1.0;0.9999469523553863;1.024999976158142;
2016-04-14 13:15:00;0.9999929906507868;0.999933158791813;1.0;0.9999960571466395;0.9999943287709012;1.0;1.0;0.9999707193470208;0.9999852052483829;1.0001025168434539;0.9999787628183338;0.9998722039444545;0.9999999999999999;1.0;0.9999397466861039;0.9999452180455586;0.9999467361697802;1.0;1.0001451898402431;0.999996693856799;0.999994551223165;0.9999520057582297;0.9999463007548764;0.9999994512014896;1.0002339679823866;0.9999999999999999;0.999958944401605;1.0000276056543316;0.999533961649575;0.9995919102701518;1.0;0.9996211855911905;0.9999851835207273;0.9987534629662682;0.998560470887225;0.9997148025279234;1.0;0.9997734352380079;1.000221111273908;0.999987050613019;0.9999970668916229;1.0;0.9999409320006624;1.024999976158142;
2016-04-14 13:30:00;0.9999940282265927;0.999938528196904;0.9999999999999999;0.9999969349454816;0.9999944715008303;1.0;1.0;0.9999778404105761;0.9999852008697572;1.0000998913133812;0.9999811050868187;0.9998838980968672;1.0;1.0;0.9999555820140854;0.9999604583958948;0.9999615558845304;0.9999999999999999;1.000141198341832;0.9999966945251525;0.9999952016517817;0.9999553542190257;0.9999612325583057;0.9999996956250717;1.0002269194816293;1.0;0.9999620342252387;1.000026899809303;0.9995262244407555;0.9995672006582382;1.0;0.9996587187953944;0.9999857995917287;0.9988935343817696;0.9986667820740207;0.9997316996174329;1.0;0.999768273338587;1.0002146715772577;0.9999876090960335;0.9999973839284673;1.0;0.9999463596710703;1.024999976158142;
2016-04-14 13:45:00;0.9999935712920626;0.9999399050559721;1.0;0.9999967071930995;0.9999947370100906;1.0;1.0;0.9999766019928081;0.9999856543626862;1.000099534709304;0.9999806239296156;0.9998799670771515;1.0;1.0;0.9999538592193303;0.9999581981366985;0.999959280390085;1.0;1.0001403862253642;0.9999967953626328;0.9999939420274757;0.9999548504163348;0.9999589364728456;0.9999996768820886;1.000226250926897;1.0;0.9999611472712587;1.0000268035883406;0.9995363782166161;0.9995864947389363;0.9999999999999999;0.9996716580957301;0.9999866484017226;0.9989612353518734;0.9987543058933046;0.9997244714279737;1.0;0.9997832749026582;1.0002140305048297;0.9999883624030446;0.9999965125104037;0.9999999999999999;0.9999447113016295;1.024999976158142;
2016-04-14 14:00:00;0.999987223017508;0.999905337257348;1.0;0.9999939476267588;0.9999923528614515;1.0;0.9999999999999999;0.9999623114151764;0.9999780498857087;1.0000973790936767;0.9999665847352116;0.9998900000523842;1.0;1.0;0.9999291228350943;0.9999341106069027;0.9999355110892876;1.0;1.0001378147346254;0.9999950868039158;0.9999838478952257;0.9999225223379651;0.9999349231271792;0.99999967037244;1.0002302521468256;1.0;0.999931413860624;1.0000262124806003;0.9995420071938623;0.9995914101162495;1.0;0.9996781850695661;0.9999813045816623;0.9990030926905326;0.9987978938931973;0.9997153521902493;0.9999999999999999;0.9997731358695525;1.0002170668205452;0.9999837631183498;0.9999899629664374;1.0;0.9999490910393902;1.024999976158142;
2016-04-14 14:15:00;0.9999880575906571;0.9999119670320958;1.0;0.9999938920011615;0.9999931031784492;1.0;1.0;0.9999594279774954;0.9999806627659497;1.0000957518014648;0.9999685810971709;0.9998900974544184;1.0;1.0;0.9999210596718465;0.9999261142577329;0.9999278044840816;1.0;1.0001355903749938;0.9999956747427151;0.9999858248213562;0.9999293678090208;0.9999271778555734;0.9999994413468855;1.0002252589600131;0.9999999999999999;0.9999374918884073;1.0000257785888667;0.9995627476494894;0.9996115652640893;1.0;0.999687946580485;0.9999828401099302;0.9990047952462809;0.9988106305183257;0.9997431730422491;1.0;0.9997770950906374;1.000212312554228;0.999985071249537;0.9999913202115323;1.0;0.9999491190953553;1.024999976158142;
2016-04-14 14:30:00;0.999991873685364;0.9999380188027657;1.0;0.9999958484687534;0.9999951456359628;0.9999999999999999;1.0;0.9999727740890144;0.9999867152546448;1.0000953440000449;0.9999785919846381;0.999903781132967;1.0;1.0;0.9999461121345161;0.9999500500977241;0.999951248307326;1.0;1.0001343498115163;0.9999970315218977;0.9999908286176576;0.999951591822927;0.9999508205110702;0.9999996199489875;1.0002189155754322;1.0;0.9999573874872889;1.0000256737384068;0.9995616376156841;0.9996149244282904;0.9999999999999999;0.9996887010795331;0.9999877177720763;0.9990106028261496;0.9988211094437573;0.9997409046524944;1.0;0.9997990704518905;1.0002068732246283;0.999989297527305;0.9999944470384372;1.0;0.9999555705570695;1.024999976158142;
2016-04-14 14:45:00;0.9999902561690388;0.9999209275435131;0.9999999999999999;0.9999952910365226;0.9999936657837303;1.0;1.0;0.9999713117888044;0.999983096220702;1.0000910635965645;0.9999745015172554;0.9999257651464495;0.9999999999999999;1.0;0.9999422475419741;0.9999479098714705;0.9999492429747845;0.9999999999999999;1.0001294531543972;0.9999962200274151;0.99998959021496;0.9999404241106139;0.9999487719830217;0.9999997069431693;1.000213296161767;1.0;0.9999480842252507;1.000024518636754;0.9995530169413236;0.9996150873437062;1.0;0.9997077299651149;0.9999836921691242;0.9990846197464888;0.9988999497674848;0.9997467991680192;1.0;0.9998342649427612;1.0002012133035145;0.9999857664705504;0.9999937853709173;1.0;0.9999650951008945;1.024999976158142;
2016-04-14 15:00:00;0.9999857687628252;0.9998744424729439;1.0;0.9999927074318226;0.9999901568013323;0.9999999999999999;1.0;0.9999553221473919;0.9999759091248919;1.0000872741000644;0.9999628343747161;0.9999318547661288;0.9999999999999999;1.0;0.9999028398141909;0.9999142503416762;0.9999168305365984;1.0;1.0001276478006929;0.9999946049284544;0.999988369371034;0.9999137346042135;0.9999160651020219;0.9999993551084034;1.0002149595378855;1.0;0.9999261412617713;1.0000234870721336;0.9996006504024261;0.9996420386898927;1.0;0.999701697975068;0.9999732499693749;0.9990692616169914;0.9988837844334704;0.9997390347183931;0.9999999999999999;0.9998279755895595;1.0002016011793435;0.9999765393822623;0.999993619788736;1.0;0.99996647469471;1.024999976158142;
2016-04-14 15:15:00;0.9999813158637935;0.9998259308865499;1.0;0.9999902334340164;0.9999861998040058;1.0;1.0;0.9999397659488648;0.9999670987029438;1.0000849742758178;0.9999504294936769;0.9999400835398312;0.9999999999999999;0.9999999999999999;0.9998657917518028;0.9998828424149048;0.9998865730994253;1.0;1.0001278953886523;0.9999926128305673;0.9999870251025205;0.9998845789061093;0.9998855354954644;0.9999990615889939;1.0002199995414396;1.0;0.9999021678372917;1.0000228367420148;0.9995753825916028;0.9996301007428281;1.0;0.999724981945914;0.9999619383121897;0.9991918668995059;0.9990093786515358;0.9997254050784619;0.9999999999999999;0.9998311922437988;1.0002052233074836;0.9999665737993093;0.9999933519485095;0.9999999999999999;0.999968846843824;1.024999976158142;
2016-04-14 15:30:00;0.9999931526166046;0.9999472502227774;1.0;0.9999958971696205;0.9999959718611746;0.9999999999999999;1.0;0.99996889453122;0.9999892465796296;1.0000896442854292;0.9999808857560095;0.9999473954850316;1.0;0.9999999999999999;0.9999369471161885;0.9999405353070147;0.9999420270537083;1.0;1.0001262493330185;0.9999975980765358;0.9999932758707136;0.999959593412841;0.9999415648488502;0.9999993613738757;1.000204163583556;1.0;0.9999644637925537;1.0000241395364442;0.9995627341362117;0.9996128910086443;1.0;0.9997338819589633;0.9999896413354875;0.999180991458265;0.9989820020765615;0.9997592321599246;1.0;0.9998373978162939;1.0001929013281712;0.9999909586650911;0.999996080379454;1.0;0.9999753669003945;1.024999976158142;
2016-04-14 15:45:00;0.9999877832598129;0.9998743530400582;1.0;0.9999908585404305;0.999987702172983;1.0;1.0;0.9999062754123063;0.9999632454297053;1.0000950869705285;0.9999496098700855;0.9999463669883365;1.0;1.0;0.9998225927610955;0.9998288554625937;0.9998328405456877;1.0;1.0001354949442813;0.9999917623758874;0.9999901907154916;0.9998959459218386;0.9998317235018551;0.9999978770756985;1.0002225540240963;1.0;0.999909914659491;1.0000255598138714;0.9995497949903563;0.9995997033636582;1.0;0.9996856705826528;0.9999708862234254;0.9990122511857199;0.9988068722347528;0.9997293197613628;0.9999999999999999;0.999847582211557;1.0002089237017375;0.999974794668992;0.9999946538708794;1.0;0.9999742631824744;1.024999976158142;
2016-04-14 16:00:00;0.9999857996383985;0.9998724832932182;1.0;0.9999868967626735;0.9999886414252993;0.9999999999999999;1.0;0.9998609931872742;0.9999662831936585;1.0000953760841205;0.9999415334159434;0.9999473694151383;1.0;1.0;0.9997278392252675;0.9997339071746834;0.9997402676184248;1.0;1.000135838960993;0.9999924435692421;0.9999904606086827;0.9998934272332748;0.9997385606867362;0.9999961718124674;1.0002226249200838;1.0;0.9999063833785627;1.0000256156270122;0.9995799188584603;0.9996269905014775;1.0;0.9997024562890815;0.9999729500706793;0.9990551056074352;0.9988634467933117;0.9997503752493642;1.0;0.9998577790452005;1.0002080839058203;0.9999765690829706;0.9999951898254651;1.0;0.9999747626375656;1.024999976158142;
2016-04-14 16:15:00;0.9999914303387518;0.9998480654797107;1.0;0.999992633930809;0.9999801227930162;1.0;1.0;0.9998911763860757;0.9999341102534834;1.0001004170445438;0.9999347329846585;0.9999580847370407;0.9999999999999999;1.0;0.9998216986217471;0.9998240712847536;0.9998273255749288;1.0;1.0001407208682949;0.9999852078513376;0.999992486184709;0.9998562165226916;0.999826408495978;0.9999980121994468;1.0002269179160976;1.0;0.9998772866261639;1.0000269372706545;0.9995715885443461;0.9996277941076883;1.0;0.9996944663943522;0.9999571207119902;0.9990587750226616;0.9988764447886261;0.9997239713652033;1.0;0.9998481967643144;1.0002138660778057;0.9999632420941363;0.999995769783103;0.9999999999999999;0.9999804884429864;1.024999976158142;
2016-04-14 16:30:00;0.9999910200836086;0.999878192219071;1.0;0.9999942650252377;0.9999858626167571;1.0;1.0;0.9999324601778931;0.9999552910038401;1.000091607059091;0.9999530596697942;0.9999715028168584;1.0;1.0;0.9998864264410046;0.9998906916384762;0.9998928401102527;1.0;1.0001294702767973;0.9999899834269825;0.9999912805543874;0.9998929225759715;0.9998921872042844;0.9999989890916599;1.0002112435374673;0.9999999999999999;0.9999084125279858;1.0000246299841562;0.9995390041218477;0.9996039862693983;1.0;0.9997375129957784;0.9999681058891075;0.9991941017257691;0.9990006794430596;0.9997606032943739;1.0;0.9998518036138736;1.000199162547547;0.9999725269114539;0.9999949290245954;1.0;0.9999861012078763;1.024999976158142;
2016-04-14 16:45:00;0.9999895452372883;0.9998769329281727;0.9999999999999999;0.9999944277159029;0.9999863095557003;0.9999999999999999;1.0;0.999943028969823;0.9999568945743786;1.0000911316879018;0.9999540434982911;0.9999668415399523;0.9999999999999999;1.0;0.9999067758559571;0.999911133575235;0.9999127478395871;1.0;1.0001288704143236;0.999990337924765;0.9999878913389398;0.9998919499759429;0.9999121723182702;0.999999427550698;1.0002129862472104;1.0;0.9999069906373661;1.0000245004447879;0.9994652414748045;0.9995624343119089;0.9999999999999999;0.9997395555816085;0.9999689970073691;0.9991913955345698;0.998998753048579;0.9997684650621202;1.0;0.9998782633266394;1.0002008260259931;0.9999732823976573;0.9999926204039556;0.9999999999999999;0.9999839723295069;1.024999976158142;
2016-04-14 17:00:00;0.9999895817011402;0.999869788659678;0.9999999999999999;0.9999937415931883;0.9999855784414555;0.9999999999999999;0.9999999999999999;0.9999330929817137;0.9999554476214246;1.000089939303719;0.99995171669332;0.9999558850215126;0.9999999999999999;1.0;0.9998848625117105;0.9998904674134411;0.999892731917073;0.9999999999999999;1.0001279886601815;0.9999900060322621;0.9999900453190571;0.9998890660654473;0.9998920387353469;0.9999990423167077;1.0002107635736344;1.0;0.9999051068693652;1.0000241688647287;0.9995413087911277;0.9996126505662832;1.0;0.9997498027110047;0.9999668054180371;0.9992182268060621;0.9990346399172141;0.9997809059036511;1.0;0.9999083162240135;1.0001984342225902;0.9999713422244836;0.9999942399721319;1.0;0.9999787223272263;1.024999976158142;
2016-04-14 17:15:00;0.9999807920085851;0.999872134260682;1.0;0.9999902884846779;0.9999905006882418;0.9999999999999999;0.9999999999999999;0.9999379098553742;0.9999727860060029;1.0000834690274831;0.999952200804318;0.9999728743231453;1.0;1.0;0.9998805968979032;0.9998868473846828;0.9998892703441329;1.0;1.0001193907776986;0.9999938941641241;0.9999752951170156;0.9998936524853113;0.9998882933943555;0.999999223284136;1.0002087845316954;1.0;0.9999047075174275;1.0000224350161118;0.9994985155920865;0.9995671214473242;1.0;0.9997166387077236;0.999976752195331;0.9990897904097225;0.998873505199312;0.9997680665042886;1.0;0.9999550060050252;1.0001955965404041;0.9999798059088361;0.999984594299427;0.9999999999999999;0.9999862469593794;1.024999976158142;
2016-04-14 17:30:00;0.9999580053365601;0.9997949943798355;1.0;0.9999813535135798;0.9999888786815243;0.9999999999999999;1.0;0.999915786360428;0.9999677108608893;1.0000730044930106;0.9999195749820985;0.9999726332309883;1.0;1.0;0.9998386381363717;0.9998454415892166;0.9998480627352374;1.0;1.0001055493614244;0.9999927071228855;0.9999362698133565;0.9998184651146531;0.9998463910333288;0.9999997380753308;1.0002175763117171;1.0;0.9998312922949949;1.0000194960720818;0.9996254277631692;0.999657384483178;1.0;0.9997520505876372;0.999973040814741;0.9992199291760678;0.9990291685853832;0.99978594006776;1.0;0.9999391537295879;1.0002015215925966;0.9999766066623059;0.9999589791747675;1.0;0.9999860058639983;1.024999976158142;
2016-04-14 17:45:00;0.9999699537564758;0.9998379927184244;1.0;0.9999864930540552;0.9999900144415509;1.0;1.0;0.9999338748919742;0.9999710691454743;1.0000781886047283;0.9999380905544382;0.9999706653654592;1.0;1.0;0.999874129192039;0.9998803160447222;0.9998824699814175;1.0;1.0001121388329823;0.9999934917984507;0.9999558170434916;0.9998592938020476;0.9998812352888226;0.9999997117549189;1.0002122990252775;1.0;0.9998708320361844;1.0000209761451953;0.9995536768448074;0.9995987141118304;1.0;0.9997245885272542;0.9999757630792406;0.999108082364129;0.9988912699429229;0.9997794361612058;0.9999999999999999;0.9999698373520334;1.0001979266365426;0.9999789644943211;0.9999717255047892;1.0;0.9999852637442513;1.024999976158142;
2016-04-14 18:00:00;0.9999746636228188;0.9998745956032405;1.0;0.9999888224093801;0.999993711349475;1.0;1.0;0.9999532655195095;0.9999835187436268;1.0000766102558707;0.9999537470688645;0.9999747117293718;0.9999999999999999;0.9999999999999999;0.999904799471447;0.9999107798048754;0.9999125298534833;1.0;1.0001097315526668;0.9999962947433131;0.9999631754507748;0.9998951741632454;0.9999115153825683;0.9999998670060197;1.0002027506966233;1.0;0.9999028405770993;1.0000205885845013;0.9996042193168391;0.9996474177150132;1.0;0.9997237120449571;0.9999836156840128;0.9991041097913126;0.9989166666250676;0.9997793748319104;1.0;0.9999805392078105;1.0001894643536946;0.9999856836367532;0.9999764790863731;1.0;0.9999871419817353;1.024999976158142;
2016-04-14 18:15:00;0.9999883269616334;0.9999293827738432;1.0;0.9999928338965195;0.9999959302684942;1.0;1.0;0.9999496035985576;0.9999901671089194;1.0000830878727345;0.9999726530718108;0.9999720347807075;1.0;1.0;0.9998941374299862;0.9998989977621278;0.9999015369757033;1.0;1.0001179421356117;0.9999978018302207;0.9999875280641566;0.9999461351577514;0.9999007250671545;0.999998826909341;1.0001962283715842;1.0;0.9999512954403443;1.0000223683238258;0.9996929412470477;0.9996965670957793;0.9999999999999999;0.9996583755233743;0.9999888636202383;0.9988587361705307;0.9986710969164928;0.9997501332919965;1.0;0.9999849218250385;1.0001844764096497;0.9999902270407358;0.9999925567389445;1.0;0.9999861995209028;1.024999976158142;
2016-04-14 18:30:00;0.9999906252808446;0.9999318668551855;1.0;0.9999943714107278;0.9999947942538866;1.0;1.0;0.9999564117130837;0.9999853882951188;1.0000820061364781;0.9999736752351556;0.9999771123930165;1.0;1.0;0.9999138916665747;0.9999176798972255;0.9999196138251912;1.0;1.0001158026782233;0.9999967347179374;0.9999897194128031;0.999944934638369;0.9999189829526951;0.9999991286280462;1.0001906240791179;1.0;0.9999510659211258;1.0000220790388084;0.9996934195812043;0.9996867511302012;0.9999999999999999;0.9996915958027461;0.9999870600604222;0.9989799495540023;0.9987754565493723;0.9997673477725659;1.0;0.9999817459866365;1.00017962289766;0.9999887440466669;0.9999938226782987;1.0;0.9999887505539135;1.024999976158142;
2016-04-14 18:45:00;0.999991489729361;0.9999429713307825;1.0;0.999995365753196;0.9999956520319294;1.0;1.0;0.9999665929917926;0.9999871067181224;1.0000819138591182;0.9999772867183271;0.9999776151712951;1.0;1.0;0.9999365121893934;0.9999388562833366;0.9999401423601265;1.0;1.0001148109013949;0.9999971203505268;0.9999890149870432;0.9999510528256985;0.9999396522684203;0.99999946945618;1.0001887479555052;1.0;0.9999560126419181;1.000022056783816;0.9997010812379998;0.9996815605389245;1.0;0.9996833638867946;0.9999896333230852;0.9989373569234389;0.9987182916342241;0.9997715321842684;1.0;0.9999904792909119;1.0001782106712327;0.9999910193784568;0.9999931481023505;1.0;0.9999893226939606;1.024999976158142;
2016-04-14 19:00:00;0.9999905116716633;0.9999468654156174;1.0;0.9999944501825468;0.9999969506399582;0.9999999999999999;0.9999999999999999;0.9999617070456834;0.9999918448242557;1.0000809367125554;0.9999780761936884;0.9999779130943797;1.0;0.9999999999999999;0.9999221865099579;0.9999248933933084;0.9999266274279542;0.9999999999999999;1.0001136748247454;0.9999981785976271;0.9999883137090266;0.9999561737429956;0.9999260155865253;0.999999198191778;1.0001876960400156;1.0;0.9999598544099637;1.0000217931364743;0.9997040317458203;0.999689158271532;1.0;0.999699079526876;0.9999921603691093;0.9989985807445897;0.9987879005970751;0.9997770430344471;1.0;0.9999920672329303;1.0001769562348641;0.9999931581363485;0.9999927794754794;1.0;0.9999893707102346;1.024999976158142;
2016-04-14 19:15:00;0.9999935193559877;0.99995752211682;1.0;0.9999954192006382;0.9999970410803103;1.0;1.0;0.9999606566122908;0.9999915909286583;1.0000805260218155;0.9999812248615951;0.9999772955358802;1.0;1.0;0.9999215280327493;0.9999235636934329;0.9999253582969826;1.0;1.0001127037711675;0.9999981235442912;0.9999931710489866;0.999964518398656;0.9999248085195414;0.9999990185614859;1.000182082653157;1.0;0.9999679753642271;1.0000216840926484;0.9997125356454027;0.9997124910649395;1.0;0.9997293665701762;0.9999927104577085;0.9990955160855788;0.9989115898512755;0.9998020270448488;1.0;0.9999904792909119;1.0001719398746;0.999993664032853;0.9999959381893831;1.0;0.9999892518839838;1.024999976158142;
2016-04-14 19:30:00;0.9999897533749543;0.999923640500416;1.0;0.9999937758951724;0.9999940935385165;0.9999999999999999;1.0;0.9999512653033561;0.9999835375435799;1.0000797740129885;0.9999708055398342;0.9999765085027896;1.0;1.0;0.9999033635199025;0.9999078104900377;0.999910008395596;1.0;1.0001131149268785;0.9999963185279324;0.9999891581581611;0.9999389461384435;0.9999093064007631;0.9999990096398608;1.0001872737153268;1.0;0.9999459256965876;1.0000214736386224;0.9997485613191468;0.999725988189238;1.0;0.9996990323610714;0.9999852408830785;0.9989740448717884;0.9987801390854423;0.99979353761807;0.9999999999999999;0.9999920672329303;1.000176224129792;0.9999871545000459;0.9999935429203226;1.0;0.9999883202883582;1.024999976158142;
2016-04-14 19:45:00;0.999987889010325;0.9999209252822265;1.0;0.9999926426810604;0.9999945210331733;1.0;1.0;0.9999445976039071;0.9999848117137058;1.0000770270709733;0.9999682463565555;0.999977154920812;1.0;1.0;0.999889291983142;0.9998935066012236;0.9998959950471202;1.0;1.0001091878048158;0.9999966012083978;0.9999861778828666;0.9999354363694579;0.9998951691926011;0.9999988293617522;1.0001832325842406;1.0;0.9999419308831475;1.000020728779928;0.9997845197679799;0.9997531025683918;0.9999999999999999;0.9997359246514497;0.9999862631386246;0.9990933625145357;0.9989080896520518;0.9998231624990498;1.0;0.999990479290912;1.0001721195105961;0.9999880398104601;0.9999916081894529;1.0;0.9999886679310055;1.024999976158142;
2016-04-14 20:00:00;0.9999711165455208;0.9998692492894345;1.0;0.999983379444075;0.9999947349432996;0.9999999999999999;1.0;0.9998937337245589;0.9999864138981452;1.000075242249732;0.9999414408606575;0.9999770086756157;1.0;1.0;0.999782080255676;0.9997873474003581;0.9997920764321043;1.0;1.0001075225296305;0.9999969385059697;0.9999613074988576;0.9998873711703261;0.9997902828316804;0.9999977231399678;1.0002001613123337;1.0;0.9998938362533129;1.0000201813388367;0.99978409211168;0.9997405262090878;1.0;0.9997107179481438;0.9999861401995134;0.9989950894385149;0.9987917733677522;0.9998142962893343;0.9999999999999999;0.9999916544037751;1.0001857789327868;0.9999878785431521;0.9999756637109982;0.9999999999999999;0.999988350330925;1.024999976158142;
2016-04-14 20:15:00;0.9999749898866036;0.9998872342703301;0.9999999999999999;0.9999868351207347;0.9999952676300825;1.0;1.0;0.9999241477143004;0.9999872659733756;1.0000737797317116;0.9999513397770978;0.9999773880209285;1.0;1.0;0.9998461627803413;0.9998502689624842;0.999853414225994;1.0;1.000104705055237;0.9999971388725338;0.9999645141076084;0.9999013844057977;0.9998520611290937;0.9999986975604481;1.0001925571278591;1.0;0.9999070771139782;1.0000198253234833;0.9997778437391724;0.9997273469034168;1.0;0.9997192583811747;0.9999878771043902;0.999011224337586;0.9987928548948071;0.9998289582678794;1.0;0.9999904792909121;1.0001795059147844;0.999989424877219;0.9999774324469455;1.0;0.9999887991415668;1.024999976158142;
2016-04-14 20:30:00;0.9999845149244744;0.9999080620481374;1.0;0.9999887470591222;0.9999943909313181;1.0;1.0;0.9999049626753579;0.9999845986978225;1.000080256560072;0.9999576846239331;0.9999792214257521;1.0;1.0;0.9998076622782827;0.9998121534086878;0.9998166174224898;0.9999999999999999;1.0001138750760412;0.9999965492136058;0.9999837361265763;0.9999235112456596;0.9998152598704102;0.999997491112547;1.0001924143605692;1.0;0.9999301930999231;1.0000215793893514;0.9997694080559637;0.9997278143136044;1.0;0.9996880649861764;0.9999858447107646;0.9988883857929337;0.998678772165867;0.9998187905570066;1.0;0.9999924483761709;1.0001799046405664;0.9999876671837754;0.9999903371947358;1.0;0.9999895358221313;1.024999976158142;
2016-04-14 20:45:00;0.9999870908217912;0.9999178098958627;1.0;0.9999914070202018;0.9999945680139907;1.0;0.9999999999999999;0.999931247007245;0.9999851900771906;1.0000781433431338;0.9999653500648171;0.9999815326237466;1.0;1.0;0.9998611072511423;0.9998655795419481;0.9998687871279679;0.9999999999999999;1.0001109060063376;0.9999966832926467;0.9999861773367958;0.9999331863608638;0.9998677837162817;0.9999983413822541;1.0001860268572145;1.0;0.9999396815189617;1.0000210221818553;0.9997636312241472;0.999726026857005;1.0;0.9997260396372663;0.9999862281932125;0.999040482711451;0.9988320809875825;0.9998293806404673;1.0;0.9999912732606052;1.0001744636849215;0.9999879954571985;0.9999917433587212;1.0;0.9999905849906896;1.024999976158142;
2016-04-14 21:00:00;0.999985721660659;0.9999178488282647;1.0;0.9999920137660666;0.9999953892052488;1.0;1.0;0.999949394926033;0.999988641665792;1.0000764672323192;0.9999687626545577;0.9999819517796688;1.0;0.9999999999999999;0.999894154742623;0.9998994001398775;0.9999018509225903;1.0;1.0001090227107354;0.9999974563721986;0.9999831186721581;0.9999358995404651;0.9999009897490836;0.9999989968306637;1.000185930427451;1.0;0.999941692834953;1.0000205786227068;0.999764405464215;0.9997334391388607;1.0;0.9997072422737168;0.9999875289373631;0.9989672045174832;0.9987700331692698;0.999822772404884;1.0;0.9999920672329303;1.0001744165449098;0.9999890655454771;0.9999896662590781;0.9999999999999999;0.9999905898412175;1.024999976158142;
2016-04-14 21:15:00;0.9999835591876155;0.9999098521561772;0.9999999999999999;0.9999912411560606;0.9999950068517137;1.0;1.0;0.9999470543477185;0.9999870482033216;1.00007564931458;0.999964936949358;0.9999818378007881;1.0;0.9999999999999999;0.9998913489650518;0.9998962506156873;0.9998986316976929;1.0;1.0001076880671012;0.9999971000884039;0.9999789160947985;0.9999267488479081;0.9998977153805327;0.9999990841287526;1.0001867907517334;1.0;0.9999328736631712;1.0000203575807298;0.9997415160113452;0.9997187179782062;1.0;0.9997192343566023;0.9999869074095435;0.9990196515515377;0.9988198787868918;0.999823157406472;1.0;0.9999916544037754;1.0001750654615997;0.9999885537559264;0.9999868617930563;0.9999999999999999;0.9999906204152615;1.024999976158142;
2016-04-14 21:30:00;0.9999868923436418;0.9999168045051572;1.0;0.9999921116329694;0.9999940570806061;1.0;1.0;0.9999393653138033;0.9999825285100733;1.0000779320285313;0.9999648897697114;0.999982819940211;1.0;1.0;0.9998820973971368;0.9998854721085607;0.9998879865713242;1.0;1.000109953668864;0.9999960886581558;0.9999838035700985;0.9999284254431634;0.9998871093026507;0.9999987755030276;1.000185693497072;1.0;0.9999352399714201;1.0000209682299475;0.9997964083824769;0.9997491173233778;1.0;0.9997271355104719;0.9999857447472877;0.9990606186311624;0.9988594462019345;0.9998190839971819;0.9999999999999999;0.9999920672329303;1.0001744074352588;0.9999876417268123;0.999989985183982;1.0;0.9999914289799324;1.024999976158142;
2016-04-14 21:45:00;0.9999836865630569;0.9998918171702899;1.0;0.9999907251921623;0.9999922292788732;1.0;0.9999999999999999;0.9999335028515852;0.9999781439873396;1.000074884224152;0.9999578212028523;0.999981797925848;1.0;0.9999999999999999;0.9998687837103882;0.9998743820181951;0.9998772469030045;1.0;1.0001070832932513;0.9999951023545742;0.9999805406680257;0.9999110967103455;0.9998762423956412;0.9999987751625895;1.0001850955029985;1.0;0.9999202356405801;1.0000201364082655;0.999877004502178;0.9997922227457031;0.9999999999999999;0.9997174421099024;0.999980721187635;0.9990206723653887;0.9988152417078975;0.9998171338640967;1.0;0.9999912732606053;1.0001732649610224;0.9999832315251134;0.9999880654958713;1.0;0.9999904359860675;1.024999976158142;
2016-04-14 22:00:00;0.9999852757494152;0.9999124572159578;1.0;0.9999915274798525;0.9999945337849712;1.0;0.9999999999999999;0.9999415227550144;0.9999851921078283;1.0000744020936352;0.9999649581023624;0.999982152673362;1.0;1.0;0.9998819499092211;0.9998865653912687;0.9998891886153402;0.9999999999999999;1.0001057995662013;0.9999966840647957;0.9999821180147445;0.9999283404638951;0.999888263853824;0.9999988362372824;1.0001812430142092;1.0;0.9999348987256915;1.0000200188391843;0.9998755196697388;0.9997959321697545;1.0;0.9997316596091104;0.9999860761897579;0.9990716539413392;0.9988728307778124;0.9998251668163992;1.0;0.9999908604325449;1.000169901468543;0.9999878583489357;0.9999889878055629;1.0;0.9999908310641912;1.024999976158142;
2016-04-14 22:15:00;0.9999839879695723;0.9999047116800758;1.0;0.9999911249145382;0.9999939881837595;1.0;1.0;0.9999410746843745;0.9999836228653946;1.0000742234371889;0.9999625058432284;0.999982364523848;1.0;1.0;0.9998815070452132;0.9998864754989686;0.9998890673716492;1.0;1.0001057715576864;0.9999963316122562;0.999980093164595;0.9999218238620989;0.9998881188400001;0.9999989209162399;1.0001829768202701;1.0;0.999929016218672;1.0000199669995065;0.9998639653764306;0.9997870629728595;1.0;0.9997267168843339;0.9999847409154787;0.9990516113040059;0.9988493942427769;0.9998239431058202;1.0;0.9999904792909119;1.0001714065277754;0.9999866992095768;0.9999876756767778;1.0;0.9999908425172491;1.024999976158142;
2016-04-14 22:30:00;0.9999837261557237;0.9998961941984187;1.0;0.99999113336951;0.999992310291306;1.0;1.0;0.9999368539481552;0.9999769763142379;1.0000736108860613;0.9999576966922423;0.9999827841748196;1.0;1.0;0.9998801609395649;0.9998840447972243;0.999886439646337;1.0;1.0001042926648414;0.9999948434315443;0.9999784548850162;0.9999095476289724;0.9998855068380234;0.99999898908729;1.0001812304540538;1.0;0.9999182650892611;1.0000197972605713;0.9998766816348705;0.9998002628581594;0.9999999999999999;0.9997472146142076;0.9999818125104782;0.9991282977534635;0.9989346323152755;0.9998333431485197;1.0;0.9999924483761711;1.00016984700939;0.9999842555783537;0.9999864906176794;1.0;0.9999912912170917;1.024999976158142;
2016-04-14 22:45:00;0.9999832987425537;0.9998996227054577;0.9999999999999999;0.9999910183334387;0.9999931801908628;1.0;1.0;0.9999397806599247;0.9999801953806746;1.0000734682672805;0.9999595310501792;0.9999824691177588;1.0;0.9999999999999999;0.9998831320740225;0.9998873118262562;0.999889701389651;1.0;1.0001042680335295;0.9999955635234002;0.9999779278539068;0.9999139871009401;0.99988876277117;0.9999990264941837;1.0001817782744147;1.0;0.9999218591688638;1.0000197599306058;0.9998853265259896;0.9998024461404259;1.0;0.9997429660597159;0.9999834760667615;0.9991183439977004;0.9989206946965544;0.9998273709862381;0.9999999999999999;0.9999916544037754;1.0001703078253241;0.999985660599552;0.9999861639996567;1.0;0.99999107815446;1.024999976158142;
2016-04-14 23:00:00;0.9999855708881341;0.9999105146780778;0.9999999999999999;0.9999920306466172;0.999994096165334;1.0;1.0;0.9999466172006425;0.9999838530720052;1.000072806445499;0.9999653612932312;0.9999826501871332;1.0;1.0;0.9998930148543246;0.99989781149938;0.9999001569226269;1.0;1.0001037018430148;0.9999963842511727;0.9999823374252661;0.9999270500259037;0.9998993062566152;0.9999990435034417;1.0001779779182722;1.0;0.9999341006350762;1.000019587574617;0.9998896853918859;0.9998146901394991;0.9999999999999999;0.9997661346765566;0.9999850589827515;0.9992045705614944;0.9990211921533791;0.9998383034047835;1.0;0.9999916544037752;1.0001668911580612;0.9999869801854178;0.9999891004022408;1.0;0.9999910126757724;1.024999976158142;
2016-04-14 23:15:00;0.9999858286874366;0.9999070276972767;1.0;0.9999922817631677;0.9999936905504867;0.9999999999999999;1.0;0.9999493757888924;0.9999832586954446;1.0000718689441668;0.9999658220786197;0.9999821895483282;1.0;1.0;0.9998971180803083;0.9999028595731092;0.9999051881259925;0.9999999999999999;1.000102961206859;0.9999962513393641;0.999983517194945;0.9999268141434136;0.9999043676822067;0.9999991200254947;1.000176522810825;1.0;0.9999344687336058;1.0000193363612027;0.9998950930545973;0.9998214344435137;1.0;0.9997681707144904;0.9999837027349189;0.9992085925584809;0.9990306665164623;0.9998416715941613;1.0;0.9999920672329303;1.0001654769495159;0.9999857709652208;0.9999899495712489;1.0;0.9999905788330922;1.024999976158142;
2016-04-14 23:30:00;0.9999878964675768;0.9999153554550765;1.0;0.999993890763017;0.9999939181362266;1.0;1.0;0.9999628877864059;0.9999838788786032;1.0000716185871872;0.9999707899902985;0.9999825012126136;1.0;1.0;0.9999247069836735;0.9999302576939021;0.9999319535263363;1.0;1.0001024844112316;0.9999963921025128;0.9999859541143424;0.999934492282345;0.9999313303474151;0.9999995134096985;1.0001738774795186;1.0;0.999941875784051;1.0000192750911674;0.9998809486399748;0.9998151524773754;1.0;0.9997854801065179;0.9999842816227672;0.9992731922767724;0.9990976348148259;0.9998497347005512;1.0;0.9999912732606054;1.0001633682847482;0.9999862757386146;0.9999914379268384;1.0;0.9999907652978198;1.024999976158142;
2016-04-14 23:45:00;0.9999851647011584;0.999894441633643;1.0;0.9999927433132811;0.9999925027152297;1.0;1.0;0.9999589861673434;0.9999808074986349;1.000069562465614;0.9999653246211253;0.9999813997956086;0.9999999999999999;1.0;0.9999146248351135;0.9999222909590679;0.9999242857528129;1.0;1.000100906106325;0.9999957027114151;0.9999833385175505;0.9999208764645064;0.9999235578783978;0.999999530582993;1.000174715992576;1.0;0.9999301348558454;1.0000187164617635;0.9998687669201578;0.9998059314853454;1.0;0.9997973049842319;0.9999801751947553;0.9993181567734111;0.9991389250391698;0.9998546696771056;0.9999999999999999;0.9999912732606053;1.0001636661972084;0.9999826553905434;0.9999899252817929;1.0;0.9999897622737912;1.024999976158142;
2016-04-15 00:00:00;0.999985839378865;0.9999020294885582;1.0;0.9999932947024436;0.9999928780073021;1.0;1.0;0.9999622790091648;0.9999807730418261;1.0000695051680066;0.999966552323348;0.999982214013431;1.0;1.0;0.9999247234233042;0.9999308115748381;0.9999324254765014;1.0;1.0000998756063797;0.9999956983944286;0.9999826192001826;0.999923046685096;0.9999317707901327;0.9999996721498902;1.0001726334458003;1.0;0.9999316137634827;1.0000187064552677;0.9998797931063178;0.9998143955584872;1.0;0.9997931428006753;0.9999818082606917;0.9993041921288317;0.9991284232628227;0.9998516737762602;1.0;0.9999908604325448;1.0001619731920703;0.9999841350601731;0.9999892756842041;0.9999999999999999;0.9999905071415672;1.024999976158142;
